# EGG_ProjY_E2519.0(3.0)_B2557.5(1.5)_B2572.0(1.0)_B2482.0(2.0)
# X axis : Energy (keV) [Y axis]
# Y axis : Counts/1 keV
# N Bins : 12000
# X Min : 0
# X Max : 12000
# X value at the center of the bins
0.5 0
1.5 0
2.5 0
3.5 0
4.5 0
5.5 28.6667
6.5 24
7.5 12.3333
8.5 16.6667
9.5 13
10.5 25.6667
11.5 56.3333
12.5 29.3333
13.5 39
14.5 48.6667
15.5 98
16.5 99
17.5 185
18.5 184.333
19.5 216.333
20.5 335.333
21.5 404
22.5 389.333
23.5 472.667
24.5 534.667
25.5 607.333
26.5 766.333
27.5 733.333
28.5 892
29.5 951.333
30.5 1102.33
31.5 1072.67
32.5 1167.33
33.5 1215
34.5 1394.67
35.5 1265.33
36.5 1285.33
37.5 1442.67
38.5 1405.67
39.5 1429.33
40.5 1597
41.5 1499.33
42.5 1745.67
43.5 1707
44.5 1590.33
45.5 1453
46.5 1470
47.5 1513.67
48.5 1529
49.5 1631.67
50.5 1530
51.5 1546
52.5 1624.67
53.5 1638.67
54.5 1631.67
55.5 1607
56.5 1715
57.5 1907
58.5 2510.33
59.5 2554
60.5 2112.67
61.5 1651.67
62.5 1652.67
63.5 1773
64.5 1804
65.5 1844.33
66.5 1964.33
67.5 2234.67
68.5 1959.33
69.5 1810.33
70.5 1859.67
71.5 1870.33
72.5 1837.67
73.5 2053
74.5 3065.67
75.5 3367
76.5 3601.67
77.5 4284
78.5 2775
79.5 1866
80.5 1953.33
81.5 1833
82.5 1680.33
83.5 1735.67
84.5 1991
85.5 1909
86.5 2453.67
87.5 2641
88.5 2204.67
89.5 2175.67
90.5 2149.67
91.5 2000
92.5 1770
93.5 1789
94.5 1600.67
95.5 1785.67
96.5 1686.33
97.5 1953.33
98.5 1880.33
99.5 1754
100.5 1907
101.5 1929.67
102.5 1962.33
103.5 1677.67
104.5 1773.67
105.5 1762.33
106.5 1844.67
107.5 1895.33
108.5 1835
109.5 1960
110.5 1860
111.5 1848.67
112.5 1918
113.5 1892
114.5 2031.67
115.5 1986.67
116.5 1980.67
117.5 1846.67
118.5 2022
119.5 2085.33
120.5 2027.67
121.5 2070.33
122.5 2093.33
123.5 2186
124.5 2155
125.5 2035.67
126.5 2235
127.5 2195
128.5 2167
129.5 2170.33
130.5 2313.67
131.5 2033.33
132.5 2206
133.5 2246.67
134.5 2265
135.5 2243.67
136.5 2298.33
137.5 2179
138.5 2325
139.5 2311
140.5 2446.67
141.5 2192
142.5 2460
143.5 2237.33
144.5 2411
145.5 2468.67
146.5 2271
147.5 2384.33
148.5 2324
149.5 2113.33
150.5 2057.33
151.5 2196.33
152.5 2212.67
153.5 2374.33
154.5 2165.33
155.5 2315
156.5 2349.33
157.5 2335.67
158.5 2364.67
159.5 2295.67
160.5 2253
161.5 2350
162.5 2323.67
163.5 2225
164.5 2197
165.5 2188.67
166.5 2350
167.5 2505
168.5 2471
169.5 2400
170.5 2406.67
171.5 2365
172.5 2363.33
173.5 2310.33
174.5 2196.67
175.5 2332
176.5 2256.33
177.5 2292.33
178.5 2292
179.5 2500.67
180.5 2421
181.5 2463.67
182.5 2467
183.5 2364
184.5 2504.67
185.5 2392
186.5 2490.33
187.5 2277.33
188.5 2324.33
189.5 2387.33
190.5 2456.67
191.5 2506.33
192.5 2430.33
193.5 2425.67
194.5 2456.33
195.5 2381
196.5 2523.33
197.5 2397.67
198.5 2664
199.5 2874
200.5 3024.67
201.5 3029
202.5 3023
203.5 2993
204.5 2914
205.5 2921.33
206.5 2629.33
207.5 2649.67
208.5 2582.33
209.5 2890.67
210.5 2835.67
211.5 2875.33
212.5 2928.33
213.5 2829.67
214.5 2755.33
215.5 2813
216.5 2833.33
217.5 2647
218.5 2606.33
219.5 2627.67
220.5 2646.67
221.5 2667
222.5 2803.67
223.5 2565.33
224.5 2742
225.5 2719
226.5 2826.67
227.5 2898.67
228.5 2724
229.5 2691.33
230.5 2612
231.5 2810.33
232.5 2670.33
233.5 2849
234.5 2696.67
235.5 2724
236.5 2633.33
237.5 2400
238.5 2252.33
239.5 2085.67
240.5 1970.33
241.5 1887.33
242.5 2230.67
243.5 2278
244.5 2547.67
245.5 2603.33
246.5 2498.33
247.5 2551.33
248.5 2448
249.5 2258.33
250.5 2335
251.5 2246.33
252.5 2386.33
253.5 2503.33
254.5 2405.33
255.5 2248.33
256.5 2477.67
257.5 2482.67
258.5 2255.67
259.5 2498.33
260.5 2427.67
261.5 2450
262.5 2300.33
263.5 2459.67
264.5 2317.67
265.5 2229
266.5 2364
267.5 2422.67
268.5 2220.33
269.5 2312.33
270.5 2249.33
271.5 2135
272.5 2081
273.5 2075
274.5 2070.33
275.5 2116.33
276.5 2177
277.5 2072.67
278.5 2419.33
279.5 2285.33
280.5 2063.67
281.5 2241
282.5 2026.67
283.5 2219.67
284.5 2101
285.5 2026.67
286.5 1976.33
287.5 1961
288.5 2064.33
289.5 1811.67
290.5 2010.33
291.5 2134.33
292.5 2210.67
293.5 2217.33
294.5 2218.67
295.5 2206.67
296.5 2320.67
297.5 2099.33
298.5 2195.67
299.5 2188.33
300.5 2090.33
301.5 2137
302.5 2069.67
303.5 2023
304.5 2060.33
305.5 1879.67
306.5 1932.33
307.5 1966.33
308.5 2107
309.5 1955.33
310.5 1998.67
311.5 1998.67
312.5 2009.67
313.5 2072.33
314.5 2062.33
315.5 2111.33
316.5 2068.67
317.5 1849.67
318.5 1916.67
319.5 2004
320.5 2037.67
321.5 1968.67
322.5 2141.67
323.5 2273.67
324.5 2272.33
325.5 2373
326.5 2455.33
327.5 2449.67
328.5 2390.33
329.5 2201.33
330.5 2256.33
331.5 2181.33
332.5 1995
333.5 2013
334.5 1802.33
335.5 1871.33
336.5 1911.67
337.5 1954.67
338.5 1920
339.5 1920.33
340.5 1815
341.5 1865.67
342.5 1923.33
343.5 1921.33
344.5 1786
345.5 1868.33
346.5 1940.33
347.5 1930.67
348.5 1787.67
349.5 1754.33
350.5 1761.33
351.5 1854.67
352.5 1710.33
353.5 1697
354.5 1680.33
355.5 1664.67
356.5 1768.33
357.5 1628
358.5 1609
359.5 1493.33
360.5 1478.33
361.5 1317.33
362.5 1362.33
363.5 1225
364.5 1223
365.5 1468.67
366.5 1512.67
367.5 1577.67
368.5 1591.67
369.5 1641
370.5 1553.67
371.5 1550.67
372.5 1503.67
373.5 1333.33
374.5 1343.67
375.5 1390
376.5 1457.33
377.5 1413.67
378.5 1576.67
379.5 1452.67
380.5 1462.33
381.5 1531
382.5 1485.67
383.5 1519
384.5 1550
385.5 1388.67
386.5 1215
387.5 1187.33
388.5 1037
389.5 1172.33
390.5 1330.67
391.5 1355.67
392.5 1519
393.5 1505.33
394.5 1641.33
395.5 1622.33
396.5 1572.33
397.5 1494
398.5 1534
399.5 1552
400.5 1657.67
401.5 1708
402.5 1564.33
403.5 1742.33
404.5 1853
405.5 1439.67
406.5 1469
407.5 1391.67
408.5 1621.67
409.5 1485.67
410.5 1478.33
411.5 1376
412.5 1513.33
413.5 1595.67
414.5 1595.67
415.5 1478.67
416.5 1532
417.5 1507.67
418.5 1607.67
419.5 1605
420.5 1602.67
421.5 1762.67
422.5 1741.33
423.5 1621.67
424.5 1942.67
425.5 2076
426.5 2136.33
427.5 2422.67
428.5 2264.33
429.5 2130.33
430.5 1883
431.5 1693.67
432.5 1495.33
433.5 1425
434.5 1417.33
435.5 1414
436.5 1455.33
437.5 1518.67
438.5 1460.67
439.5 1368.33
440.5 1383.67
441.5 1472
442.5 1303
443.5 1425
444.5 1358.67
445.5 1396
446.5 1223.67
447.5 1306.33
448.5 1346.33
449.5 1494
450.5 1272.67
451.5 1346
452.5 1550
453.5 1372
454.5 1292.67
455.5 1424.33
456.5 1311
457.5 1391
458.5 1389
459.5 1391.33
460.5 1270.33
461.5 1289.67
462.5 1022.33
463.5 899
464.5 789
465.5 924.667
466.5 1090
467.5 1171.67
468.5 1302
469.5 1309.67
470.5 1326.33
471.5 1416.33
472.5 1686.67
473.5 1757
474.5 1880.67
475.5 1572.33
476.5 1567
477.5 1481
478.5 1452
479.5 1345.67
480.5 1462
481.5 1497
482.5 1537.33
483.5 1642.67
484.5 1534
485.5 1528
486.5 1605.67
487.5 1520.33
488.5 1452.67
489.5 1587
490.5 1479.67
491.5 1407.67
492.5 1312.67
493.5 1376.33
494.5 1286.33
495.5 1371.67
496.5 1444
497.5 1386.33
498.5 1272.33
499.5 1329
500.5 1318.67
501.5 1318
502.5 1399.33
503.5 1405.33
504.5 1437.67
505.5 1475.67
506.5 1881
507.5 2460.67
508.5 4835.33
509.5 8382.33
510.5 11311.3
511.5 10968.7
512.5 7441.67
513.5 4115
514.5 2116.33
515.5 1630.67
516.5 1502.33
517.5 1566
518.5 2128
519.5 2410
520.5 1900.67
521.5 1372.67
522.5 1120
523.5 1109.33
524.5 1159
525.5 1089
526.5 1110
527.5 1231.67
528.5 1114.67
529.5 1271
530.5 1191
531.5 1226
532.5 1260.67
533.5 1222
534.5 1150.67
535.5 1214.67
536.5 1196
537.5 1132.67
538.5 1192.67
539.5 1223.67
540.5 1224
541.5 1193.33
542.5 1132.67
543.5 1105.33
544.5 1123.67
545.5 1177
546.5 1038.33
547.5 1147.67
548.5 1096
549.5 1107.67
550.5 1071.67
551.5 996
552.5 1068.67
553.5 994
554.5 987.667
555.5 909.333
556.5 798
557.5 893.333
558.5 1009.33
559.5 1012.67
560.5 1091.33
561.5 1113.67
562.5 1124
563.5 1087
564.5 1076.33
565.5 1064.67
566.5 1056.67
567.5 1054.33
568.5 903.333
569.5 1076.33
570.5 1198.33
571.5 1047.67
572.5 1070.67
573.5 1223.33
574.5 1167
575.5 1162.67
576.5 1013.67
577.5 1132.67
578.5 985
579.5 1091.33
580.5 1119
581.5 1078.33
582.5 1222.33
583.5 1282.33
584.5 1198.67
585.5 1133.67
586.5 1091
587.5 1111.33
588.5 992.333
589.5 1055.33
590.5 1026
591.5 1060
592.5 1015
593.5 1107.67
594.5 1130.33
595.5 1053
596.5 999.667
597.5 1106.33
598.5 1161.33
599.5 1076.67
600.5 1071.67
601.5 1047.33
602.5 1126
603.5 1126.67
604.5 1118
605.5 1145.67
606.5 982.667
607.5 984.667
608.5 1019.33
609.5 1048.67
610.5 1016.67
611.5 953.667
612.5 1076.67
613.5 1028.67
614.5 970
615.5 1044.33
616.5 1049.33
617.5 969.667
618.5 1099.33
619.5 1091.67
620.5 1045
621.5 942.333
622.5 1013.67
623.5 994.667
624.5 981
625.5 1042.33
626.5 1063
627.5 1008.33
628.5 1191.67
629.5 1148.33
630.5 1119.33
631.5 1020.33
632.5 1034
633.5 1127.67
634.5 1065
635.5 1006.67
636.5 1058
637.5 1032.33
638.5 1122.67
639.5 1137.33
640.5 1080.33
641.5 1140.67
642.5 933.333
643.5 1027.67
644.5 990.667
645.5 1071.33
646.5 1071
647.5 1061
648.5 1053
649.5 1303.67
650.5 2022
651.5 2307
652.5 1643
653.5 1296.67
654.5 1137.67
655.5 1437
656.5 1250.67
657.5 1109.33
658.5 1059.33
659.5 1033
660.5 1130
661.5 945.667
662.5 995.667
663.5 1011
664.5 1059.33
665.5 1097.33
666.5 1050
667.5 1093.67
668.5 1093.33
669.5 1091
670.5 1037.33
671.5 998
672.5 1048.67
673.5 1013.67
674.5 981.333
675.5 1105
676.5 1113
677.5 1108.33
678.5 1151.67
679.5 1264.33
680.5 1945
681.5 4226
682.5 5265
683.5 3013
684.5 1489.67
685.5 1122.67
686.5 1173.33
687.5 1146
688.5 1084.33
689.5 1006.67
690.5 886
691.5 973.667
692.5 934
693.5 887.333
694.5 966
695.5 994
696.5 1091.67
697.5 1120.67
698.5 971.667
699.5 1031.33
700.5 984
701.5 1004
702.5 969
703.5 1093
704.5 1002.33
705.5 1017
706.5 917.667
707.5 1019.33
708.5 1100
709.5 972
710.5 1046
711.5 1087.67
712.5 917.333
713.5 971
714.5 971.667
715.5 868.667
716.5 959
717.5 923.333
718.5 1013.67
719.5 1007.33
720.5 1231
721.5 1966.67
722.5 3015.33
723.5 2337.33
724.5 1473.33
725.5 1202
726.5 1140.33
727.5 1062.33
728.5 1064.33
729.5 1034.33
730.5 974.667
731.5 1100.33
732.5 1204.67
733.5 1161.33
734.5 1050.67
735.5 1094
736.5 1080.67
737.5 1245.33
738.5 1195
739.5 1038.67
740.5 967
741.5 1003.33
742.5 1051
743.5 1079.33
744.5 1016.33
745.5 934.333
746.5 1100.67
747.5 1026
748.5 1019.67
749.5 1028.67
750.5 972.667
751.5 964
752.5 1046
753.5 1039.67
754.5 989.333
755.5 990.333
756.5 955
757.5 1001.33
758.5 1071
759.5 1060.33
760.5 1127.33
761.5 1057.33
762.5 993.667
763.5 1077.33
764.5 991.333
765.5 981.333
766.5 1054.33
767.5 1089
768.5 1086
769.5 977
770.5 995.667
771.5 984.667
772.5 995.333
773.5 985.333
774.5 953
775.5 1032.33
776.5 1030
777.5 998.667
778.5 1117
779.5 1066.33
780.5 1003.33
781.5 1113.67
782.5 1056
783.5 1060.67
784.5 963.667
785.5 1055.33
786.5 1000.67
787.5 1021
788.5 1082.33
789.5 995
790.5 1030.67
791.5 1040
792.5 1033.67
793.5 1054.67
794.5 1010.67
795.5 1011.67
796.5 945
797.5 993.333
798.5 957.667
799.5 978.333
800.5 995.667
801.5 1156
802.5 1095.67
803.5 1046.67
804.5 1020.33
805.5 998.667
806.5 1007
807.5 1049.67
808.5 1044.67
809.5 998.667
810.5 1092.67
811.5 1084
812.5 982.333
813.5 1030.33
814.5 1092.33
815.5 923
816.5 980.333
817.5 1025.33
818.5 1039.67
819.5 940.333
820.5 969
821.5 1107
822.5 1056
823.5 926.333
824.5 990.667
825.5 1056
826.5 992.333
827.5 1060.67
828.5 1058.33
829.5 1006.67
830.5 1119.33
831.5 1133.33
832.5 1074.33
833.5 1085.67
834.5 990
835.5 1025
836.5 1065.67
837.5 1045.67
838.5 1117.33
839.5 1029.33
840.5 1006
841.5 972
842.5 1134
843.5 1089.67
844.5 1138
845.5 1301.67
846.5 1372.67
847.5 1195
848.5 1094.67
849.5 1003.33
850.5 1122
851.5 1044.67
852.5 989
853.5 1077.67
854.5 1032.67
855.5 1013.33
856.5 1063.67
857.5 1069.33
858.5 1085.67
859.5 1102.67
860.5 1124
861.5 1109.33
862.5 1079.67
863.5 1159.67
864.5 1182.67
865.5 1139
866.5 1141
867.5 1085.33
868.5 1297.67
869.5 1174.33
870.5 1227.33
871.5 1137
872.5 1114.67
873.5 1233.67
874.5 2103.33
875.5 4194.33
876.5 5560.33
877.5 3927.33
878.5 1782
879.5 1190.67
880.5 1175.67
881.5 1130.33
882.5 1206.33
883.5 1124.67
884.5 1270.33
885.5 1171
886.5 1139
887.5 1173.67
888.5 1114.67
889.5 1162.33
890.5 1155.33
891.5 1177.33
892.5 1139.67
893.5 1210.67
894.5 1129.33
895.5 1279
896.5 1283
897.5 1260.67
898.5 1284.67
899.5 1249.33
900.5 1270.33
901.5 1159
902.5 1224.33
903.5 1342
904.5 1291.33
905.5 1254.33
906.5 1225
907.5 1243
908.5 1265.33
909.5 1255
910.5 1194.33
911.5 1440.67
912.5 1349.33
913.5 1247
914.5 1306.33
915.5 1259.67
916.5 1299.33
917.5 1269.67
918.5 1367.33
919.5 1484
920.5 1381
921.5 1407.33
922.5 1361
923.5 1295
924.5 1435
925.5 1387.33
926.5 1412.67
927.5 1461
928.5 1395.33
929.5 1467
930.5 1448.67
931.5 1437.33
932.5 1453.67
933.5 1482
934.5 1531.67
935.5 1426.33
936.5 1498.33
937.5 1577.67
938.5 1419.33
939.5 1586.67
940.5 1494.33
941.5 1473.33
942.5 1610.33
943.5 1481
944.5 1377.33
945.5 1330.33
946.5 1352.33
947.5 1278.33
948.5 1283.67
949.5 1299.33
950.5 1256.33
951.5 1129.33
952.5 1199.67
953.5 1045.67
954.5 1070.33
955.5 1086.33
956.5 1091.33
957.5 1087.33
958.5 1016.67
959.5 989.333
960.5 1081.67
961.5 999.333
962.5 985.333
963.5 991.333
964.5 982
965.5 976
966.5 921.667
967.5 926.333
968.5 958.667
969.5 1095.67
970.5 1019.33
971.5 1237.67
972.5 1589
973.5 2839.67
974.5 3623.33
975.5 2876
976.5 1611
977.5 1142
978.5 1047
979.5 920.333
980.5 972
981.5 949.333
982.5 975
983.5 1077
984.5 1035.33
985.5 977.333
986.5 1006.67
987.5 965
988.5 961
989.5 997.667
990.5 931
991.5 963.333
992.5 885.667
993.5 918
994.5 1006.33
995.5 846.333
996.5 858.333
997.5 994.333
998.5 968
999.5 934
1000.5 881
1001.5 1165.67
1002.5 1037.67
1003.5 1056.33
1004.5 915
1005.5 810.333
1006.5 896.333
1007.5 848
1008.5 903.667
1009.5 823.333
1010.5 844.667
1011.5 815.667
1012.5 803
1013.5 784
1014.5 924.667
1015.5 873
1016.5 881.667
1017.5 863.333
1018.5 774.333
1019.5 855.333
1020.5 933.333
1021.5 917
1022.5 1165.67
1023.5 1852.33
1024.5 2716
1025.5 2339.33
1026.5 1268.33
1027.5 853.333
1028.5 757.667
1029.5 733.667
1030.5 738.667
1031.5 724
1032.5 728
1033.5 742
1034.5 747.667
1035.5 693.667
1036.5 728.333
1037.5 766.333
1038.5 785.667
1039.5 674.333
1040.5 770
1041.5 721
1042.5 697.333
1043.5 727
1044.5 676.667
1045.5 687.667
1046.5 701.333
1047.5 695.333
1048.5 634.333
1049.5 669.333
1050.5 702
1051.5 669.667
1052.5 660.333
1053.5 708
1054.5 875.667
1055.5 1279.33
1056.5 1906.33
1057.5 1843.33
1058.5 995.667
1059.5 732
1060.5 631
1061.5 668
1062.5 600
1063.5 578.667
1064.5 601.667
1065.5 662.333
1066.5 570.667
1067.5 625
1068.5 668
1069.5 616
1070.5 654.667
1071.5 624.667
1072.5 848.667
1073.5 1023
1074.5 936
1075.5 935
1076.5 686.333
1077.5 703.333
1078.5 658
1079.5 622
1080.5 609.333
1081.5 634
1082.5 563
1083.5 540.667
1084.5 641.333
1085.5 678.333
1086.5 533.333
1087.5 531
1088.5 594
1089.5 600
1090.5 709
1091.5 659.333
1092.5 711.667
1093.5 613.667
1094.5 647.333
1095.5 588
1096.5 618.333
1097.5 646.333
1098.5 606
1099.5 637.333
1100.5 590
1101.5 614
1102.5 592.667
1103.5 597.333
1104.5 565.333
1105.5 561.667
1106.5 642.667
1107.5 466.667
1108.5 533.667
1109.5 540.667
1110.5 548
1111.5 599
1112.5 602.333
1113.5 623.333
1114.5 606.667
1115.5 562
1116.5 502.333
1117.5 560.333
1118.5 630
1119.5 579
1120.5 560.333
1121.5 605.667
1122.5 567.667
1123.5 1065.67
1124.5 2302.67
1125.5 4928
1126.5 5684.67
1127.5 2831.33
1128.5 1166
1129.5 799
1130.5 510.333
1131.5 519.333
1132.5 536.667
1133.5 509.667
1134.5 538.667
1135.5 578.333
1136.5 540
1137.5 507.667
1138.5 535.667
1139.5 539
1140.5 619
1141.5 653
1142.5 638.667
1143.5 596
1144.5 624.333
1145.5 588.333
1146.5 616
1147.5 636.667
1148.5 687.333
1149.5 635.333
1150.5 658.333
1151.5 647.667
1152.5 1031
1153.5 2559.67
1154.5 10000.7
1155.5 35653
1156.5 78486.7
1157.5 80429
1158.5 33268
1159.5 7352.67
1160.5 1666.33
1161.5 719
1162.5 471.333
1163.5 462.333
1164.5 379.667
1165.5 411
1166.5 419.667
1167.5 444
1168.5 414.333
1169.5 362.667
1170.5 354.333
1171.5 336.333
1172.5 338
1173.5 410.333
1174.5 297
1175.5 378.667
1176.5 333
1177.5 356
1178.5 380.667
1179.5 439.667
1180.5 440.667
1181.5 403.667
1182.5 414.667
1183.5 390
1184.5 377.333
1185.5 408.667
1186.5 355.333
1187.5 348.667
1188.5 406.667
1189.5 447
1190.5 482
1191.5 393.333
1192.5 385.667
1193.5 398.333
1194.5 344.333
1195.5 348.667
1196.5 318
1197.5 385.333
1198.5 355.667
1199.5 352.667
1200.5 351.333
1201.5 313.667
1202.5 327
1203.5 353.667
1204.5 346.667
1205.5 323.333
1206.5 357
1207.5 335.333
1208.5 380
1209.5 345
1210.5 317
1211.5 365.667
1212.5 415.667
1213.5 403
1214.5 468.333
1215.5 449
1216.5 333.333
1217.5 367
1218.5 351.333
1219.5 343
1220.5 344.333
1221.5 429.667
1222.5 510.667
1223.5 432.333
1224.5 373.667
1225.5 480.667
1226.5 598.667
1227.5 1079.67
1228.5 1936.67
1229.5 2407.33
1230.5 1521
1231.5 682.333
1232.5 383.667
1233.5 376
1234.5 322.667
1235.5 387
1236.5 332.333
1237.5 371.667
1238.5 382
1239.5 309
1240.5 311
1241.5 319.667
1242.5 321.667
1243.5 343.333
1244.5 359
1245.5 336.667
1246.5 357.667
1247.5 363
1248.5 341.667
1249.5 279.667
1250.5 361.667
1251.5 299.333
1252.5 295.667
1253.5 395.667
1254.5 310.667
1255.5 349.333
1256.5 369.667
1257.5 337.333
1258.5 311
1259.5 401
1260.5 364.333
1261.5 334
1262.5 297.333
1263.5 295
1264.5 342.333
1265.5 294
1266.5 394.667
1267.5 377.333
1268.5 336
1269.5 323.667
1270.5 334.667
1271.5 349
1272.5 373.333
1273.5 322.667
1274.5 348.667
1275.5 349.667
1276.5 364.333
1277.5 434
1278.5 402.333
1279.5 386
1280.5 343.333
1281.5 368.667
1282.5 375.667
1283.5 355
1284.5 375.333
1285.5 301.333
1286.5 384.333
1287.5 313.667
1288.5 359.667
1289.5 332.333
1290.5 340
1291.5 419.667
1292.5 340.667
1293.5 395
1294.5 447.667
1295.5 412.333
1296.5 352.333
1297.5 377.667
1298.5 349.333
1299.5 337.667
1300.5 465.333
1301.5 615
1302.5 672
1303.5 603.667
1304.5 383.333
1305.5 392
1306.5 319
1307.5 359.333
1308.5 335.667
1309.5 312.333
1310.5 343.333
1311.5 360.333
1312.5 334.333
1313.5 327.667
1314.5 356.667
1315.5 340.333
1316.5 330.667
1317.5 299.667
1318.5 335.667
1319.5 360.333
1320.5 405
1321.5 350
1322.5 371.667
1323.5 321.667
1324.5 343.667
1325.5 356
1326.5 322.333
1327.5 410
1328.5 407.667
1329.5 398.333
1330.5 402
1331.5 387.667
1332.5 346.667
1333.5 366.667
1334.5 392.333
1335.5 403.333
1336.5 377
1337.5 310.667
1338.5 336.667
1339.5 336.333
1340.5 342
1341.5 357.667
1342.5 353
1343.5 331.333
1344.5 431.667
1345.5 427.667
1346.5 416.333
1347.5 393
1348.5 378.667
1349.5 404
1350.5 372
1351.5 372
1352.5 389
1353.5 403.667
1354.5 339.333
1355.5 359
1356.5 366
1357.5 383.667
1358.5 297.333
1359.5 350.333
1360.5 426
1361.5 356
1362.5 354.333
1363.5 314.667
1364.5 328.333
1365.5 384
1366.5 372
1367.5 381.667
1368.5 380.667
1369.5 387.667
1370.5 495.667
1371.5 605.667
1372.5 604
1373.5 502
1374.5 441.667
1375.5 448.667
1376.5 460.333
1377.5 392.667
1378.5 397.667
1379.5 381.333
1380.5 381
1381.5 532.667
1382.5 455.667
1383.5 439.333
1384.5 380.333
1385.5 430.333
1386.5 474.333
1387.5 565.667
1388.5 578.667
1389.5 495.333
1390.5 392.333
1391.5 409
1392.5 388.333
1393.5 455.333
1394.5 365.667
1395.5 414
1396.5 422.333
1397.5 403
1398.5 400.333
1399.5 414
1400.5 399.667
1401.5 382.333
1402.5 376.667
1403.5 340.333
1404.5 380.667
1405.5 360
1406.5 347
1407.5 363
1408.5 291
1409.5 351.333
1410.5 392
1411.5 346
1412.5 404.667
1413.5 460
1414.5 695.667
1415.5 896
1416.5 757.667
1417.5 487
1418.5 632
1419.5 1029.33
1420.5 1315.67
1421.5 930.333
1422.5 535
1423.5 370.667
1424.5 338.667
1425.5 340.667
1426.5 360.667
1427.5 446.333
1428.5 493.667
1429.5 400
1430.5 339.333
1431.5 323
1432.5 308
1433.5 310
1434.5 278.667
1435.5 372.667
1436.5 335.333
1437.5 395
1438.5 381.333
1439.5 409.667
1440.5 333
1441.5 332.333
1442.5 313
1443.5 352.667
1444.5 352.333
1445.5 291.667
1446.5 335
1447.5 329.667
1448.5 364.333
1449.5 334.667
1450.5 344
1451.5 378.333
1452.5 329
1453.5 308.667
1454.5 329
1455.5 302
1456.5 328.333
1457.5 344.667
1458.5 278.333
1459.5 356
1460.5 295.333
1461.5 307.333
1462.5 273.333
1463.5 335
1464.5 340
1465.5 337.667
1466.5 293
1467.5 375
1468.5 340.333
1469.5 348.667
1470.5 312
1471.5 293
1472.5 286.333
1473.5 281.333
1474.5 356.667
1475.5 296
1476.5 331.333
1477.5 276.667
1478.5 285
1479.5 319.667
1480.5 351.333
1481.5 329.667
1482.5 298
1483.5 334
1484.5 415.667
1485.5 323.333
1486.5 371
1487.5 299.667
1488.5 261.667
1489.5 340.333
1490.5 349.333
1491.5 314.667
1492.5 336
1493.5 282
1494.5 412.333
1495.5 338.333
1496.5 369.333
1497.5 477.667
1498.5 799
1499.5 946.667
1500.5 774
1501.5 386.333
1502.5 392.667
1503.5 309.667
1504.5 309.667
1505.5 310.333
1506.5 319.667
1507.5 362
1508.5 366.667
1509.5 357
1510.5 318.667
1511.5 299.667
1512.5 325.333
1513.5 347.333
1514.5 248.333
1515.5 279
1516.5 306.333
1517.5 368.667
1518.5 341
1519.5 378.667
1520.5 326.667
1521.5 244.667
1522.5 304
1523.5 269.333
1524.5 314
1525.5 292
1526.5 320.667
1527.5 314
1528.5 310.333
1529.5 232.667
1530.5 324.333
1531.5 319.667
1532.5 312.333
1533.5 285
1534.5 278
1535.5 305.667
1536.5 294.667
1537.5 335
1538.5 306
1539.5 331
1540.5 285.667
1541.5 279.333
1542.5 389.667
1543.5 452.333
1544.5 537.667
1545.5 512.667
1546.5 312.333
1547.5 339.667
1548.5 367.333
1549.5 346.667
1550.5 310.333
1551.5 282.667
1552.5 301.333
1553.5 311
1554.5 286.667
1555.5 299.333
1556.5 273.667
1557.5 277
1558.5 300.333
1559.5 252
1560.5 309
1561.5 328
1562.5 307
1563.5 270
1564.5 333
1565.5 348
1566.5 331.333
1567.5 254
1568.5 327.667
1569.5 312.667
1570.5 376.333
1571.5 331.667
1572.5 333
1573.5 340.667
1574.5 332.333
1575.5 340.333
1576.5 325.333
1577.5 327.333
1578.5 302
1579.5 334.667
1580.5 318.667
1581.5 349.667
1582.5 251.667
1583.5 291
1584.5 305.667
1585.5 395.667
1586.5 391
1587.5 544
1588.5 546.667
1589.5 473
1590.5 417
1591.5 330.667
1592.5 302.667
1593.5 275.667
1594.5 283.667
1595.5 288
1596.5 268
1597.5 308.667
1598.5 346.333
1599.5 311
1600.5 285.667
1601.5 296.667
1602.5 325
1603.5 301.333
1604.5 356
1605.5 330.667
1606.5 306.333
1607.5 272
1608.5 229.667
1609.5 334.667
1610.5 302.667
1611.5 302.667
1612.5 298.667
1613.5 316
1614.5 292.333
1615.5 258.333
1616.5 307
1617.5 406
1618.5 565
1619.5 1001.33
1620.5 1462.67
1621.5 1722
1622.5 3173
1623.5 6951
1624.5 9761
1625.5 6698.33
1626.5 2568
1627.5 786.667
1628.5 484
1629.5 420
1630.5 346.333
1631.5 318.667
1632.5 334.333
1633.5 387.333
1634.5 356.667
1635.5 289.333
1636.5 340.667
1637.5 269.333
1638.5 331.333
1639.5 315
1640.5 340.667
1641.5 331
1642.5 284.333
1643.5 266.667
1644.5 261
1645.5 254.667
1646.5 326.333
1647.5 326
1648.5 312.667
1649.5 272
1650.5 284.333
1651.5 237.333
1652.5 227
1653.5 236
1654.5 246.667
1655.5 255.667
1656.5 224.333
1657.5 308.667
1658.5 227
1659.5 238.333
1660.5 301.667
1661.5 301
1662.5 299.333
1663.5 240
1664.5 296
1665.5 263.667
1666.5 286.333
1667.5 309.333
1668.5 290
1669.5 322.333
1670.5 328
1671.5 406
1672.5 450.667
1673.5 334
1674.5 248
1675.5 270.667
1676.5 228.333
1677.5 277
1678.5 248.333
1679.5 251
1680.5 323.667
1681.5 263.667
1682.5 237
1683.5 257
1684.5 244
1685.5 330.667
1686.5 300.667
1687.5 299.667
1688.5 317.333
1689.5 298.667
1690.5 309
1691.5 263
1692.5 226.667
1693.5 302.667
1694.5 280.333
1695.5 295
1696.5 340
1697.5 471
1698.5 560.333
1699.5 412.333
1700.5 368.667
1701.5 278.667
1702.5 302
1703.5 301
1704.5 271.667
1705.5 314.667
1706.5 302.333
1707.5 305
1708.5 272.667
1709.5 290.667
1710.5 305.333
1711.5 247
1712.5 250.333
1713.5 290
1714.5 250.333
1715.5 258.333
1716.5 280.667
1717.5 278
1718.5 248.667
1719.5 266.667
1720.5 275.667
1721.5 244.667
1722.5 256.333
1723.5 242.333
1724.5 270.333
1725.5 326
1726.5 345.667
1727.5 362.333
1728.5 278.667
1729.5 288.333
1730.5 352
1731.5 406.667
1732.5 413.667
1733.5 308
1734.5 266.333
1735.5 282
1736.5 291
1737.5 258.667
1738.5 333.667
1739.5 296
1740.5 329.667
1741.5 266.333
1742.5 320
1743.5 273.333
1744.5 267.667
1745.5 310
1746.5 307.333
1747.5 315.667
1748.5 308
1749.5 247.667
1750.5 246.333
1751.5 263
1752.5 275.333
1753.5 266.667
1754.5 283.667
1755.5 236.333
1756.5 277
1757.5 281
1758.5 269
1759.5 292.667
1760.5 305.667
1761.5 288
1762.5 267
1763.5 290
1764.5 220
1765.5 259
1766.5 223.333
1767.5 288
1768.5 265
1769.5 332
1770.5 293.667
1771.5 281.667
1772.5 294.333
1773.5 255.333
1774.5 264
1775.5 287.667
1776.5 301
1777.5 296.333
1778.5 304.667
1779.5 329.333
1780.5 320
1781.5 318.333
1782.5 332
1783.5 329.333
1784.5 278.667
1785.5 282
1786.5 307.667
1787.5 277.667
1788.5 234.667
1789.5 298
1790.5 338.333
1791.5 308.667
1792.5 245
1793.5 309.333
1794.5 405.333
1795.5 373.667
1796.5 294.667
1797.5 275
1798.5 277
1799.5 258
1800.5 295.667
1801.5 279.667
1802.5 284
1803.5 405.333
1804.5 350.333
1805.5 318.333
1806.5 328.333
1807.5 308.333
1808.5 259.667
1809.5 292.667
1810.5 281.667
1811.5 334.333
1812.5 303
1813.5 316.667
1814.5 322
1815.5 321.333
1816.5 281.333
1817.5 323
1818.5 333
1819.5 380.333
1820.5 343.667
1821.5 363
1822.5 427.333
1823.5 614.667
1824.5 1073.67
1825.5 1571.33
1826.5 1575.67
1827.5 849
1828.5 485
1829.5 323
1830.5 293
1831.5 275
1832.5 294
1833.5 244.333
1834.5 266.333
1835.5 284.667
1836.5 291
1837.5 290.333
1838.5 334.333
1839.5 345
1840.5 281.333
1841.5 297.333
1842.5 306
1843.5 321.667
1844.5 288.333
1845.5 303.333
1846.5 329
1847.5 326.333
1848.5 286
1849.5 327
1850.5 393
1851.5 399.667
1852.5 440.667
1853.5 374
1854.5 373.333
1855.5 358
1856.5 307.667
1857.5 282.333
1858.5 329.667
1859.5 358.333
1860.5 334.333
1861.5 296
1862.5 341.333
1863.5 288.333
1864.5 315.333
1865.5 322
1866.5 343.333
1867.5 312.333
1868.5 393.333
1869.5 420
1870.5 550
1871.5 831.333
1872.5 919.667
1873.5 673
1874.5 403.667
1875.5 329.667
1876.5 269.333
1877.5 272.333
1878.5 309.333
1879.5 298.667
1880.5 368.333
1881.5 315
1882.5 420
1883.5 344
1884.5 333.667
1885.5 358.333
1886.5 402.667
1887.5 299
1888.5 239.667
1889.5 282.333
1890.5 265.667
1891.5 199
1892.5 269.333
1893.5 303.333
1894.5 236.333
1895.5 277.667
1896.5 307.333
1897.5 280.667
1898.5 283.667
1899.5 264.667
1900.5 269.667
1901.5 260
1902.5 269.333
1903.5 329.667
1904.5 260.667
1905.5 283.667
1906.5 234.667
1907.5 245.667
1908.5 273
1909.5 246
1910.5 328
1911.5 305.333
1912.5 342.333
1913.5 281.333
1914.5 318
1915.5 425
1916.5 445.333
1917.5 406.333
1918.5 332
1919.5 277.667
1920.5 332.667
1921.5 350
1922.5 314
1923.5 301.333
1924.5 285.333
1925.5 292.667
1926.5 308.333
1927.5 293
1928.5 285.667
1929.5 294.333
1930.5 256.333
1931.5 274
1932.5 301
1933.5 259.333
1934.5 249.667
1935.5 262.333
1936.5 255.667
1937.5 302.333
1938.5 260.333
1939.5 285.333
1940.5 224
1941.5 279
1942.5 297.667
1943.5 228
1944.5 277
1945.5 268.667
1946.5 264.667
1947.5 314.333
1948.5 312
1949.5 277.333
1950.5 279
1951.5 306.333
1952.5 343.333
1953.5 247.333
1954.5 295
1955.5 320.333
1956.5 327.667
1957.5 243.333
1958.5 247
1959.5 272.667
1960.5 242.333
1961.5 270.667
1962.5 215.333
1963.5 269
1964.5 201
1965.5 269.667
1966.5 217
1967.5 259.333
1968.5 211.667
1969.5 252
1970.5 307.333
1971.5 236.333
1972.5 246
1973.5 283.333
1974.5 389
1975.5 550
1976.5 554.333
1977.5 449.333
1978.5 360.333
1979.5 332.333
1980.5 316.667
1981.5 252.667
1982.5 266.667
1983.5 234.333
1984.5 231.667
1985.5 224.667
1986.5 270.667
1987.5 215.333
1988.5 283
1989.5 257.667
1990.5 224.333
1991.5 220.333
1992.5 245
1993.5 270
1994.5 247.333
1995.5 260
1996.5 245.667
1997.5 223.667
1998.5 250
1999.5 237.667
2000.5 207.667
2001.5 254
2002.5 254
2003.5 230.667
2004.5 264.333
2005.5 244
2006.5 269.667
2007.5 232
2008.5 248.667
2009.5 240.333
2010.5 231
2011.5 206.667
2012.5 221
2013.5 199.333
2014.5 241.667
2015.5 251.667
2016.5 234
2017.5 261
2018.5 250.667
2019.5 232
2020.5 251.667
2021.5 188.667
2022.5 281
2023.5 239.333
2024.5 261.333
2025.5 230
2026.5 243
2027.5 230.333
2028.5 232.667
2029.5 286.667
2030.5 223.333
2031.5 244
2032.5 227.667
2033.5 215.667
2034.5 221
2035.5 206.667
2036.5 307.667
2037.5 335.333
2038.5 344.333
2039.5 292.333
2040.5 224.333
2041.5 218.667
2042.5 228.667
2043.5 184.667
2044.5 209.667
2045.5 198.667
2046.5 203
2047.5 205.333
2048.5 222.333
2049.5 243.667
2050.5 247.333
2051.5 239.667
2052.5 227.667
2053.5 217.333
2054.5 203.667
2055.5 196.667
2056.5 202
2057.5 257.333
2058.5 258.667
2059.5 177
2060.5 180.333
2061.5 230.333
2062.5 232.333
2063.5 189
2064.5 177
2065.5 220
2066.5 234.333
2067.5 233.333
2068.5 227.667
2069.5 220.667
2070.5 207
2071.5 198.333
2072.5 237.667
2073.5 206.333
2074.5 174
2075.5 202
2076.5 210
2077.5 252.333
2078.5 204.667
2079.5 257.333
2080.5 185
2081.5 210.333
2082.5 225.667
2083.5 199
2084.5 189
2085.5 175.333
2086.5 193.333
2087.5 140.333
2088.5 218
2089.5 238.667
2090.5 180
2091.5 220.667
2092.5 225
2093.5 263
2094.5 311.667
2095.5 845.667
2096.5 2135.67
2097.5 4909.67
2098.5 8401.33
2099.5 8243.33
2100.5 4345.67
2101.5 1447.33
2102.5 476
2103.5 285.333
2104.5 236.667
2105.5 220
2106.5 200.333
2107.5 203
2108.5 212
2109.5 187.667
2110.5 182.667
2111.5 199.333
2112.5 201
2113.5 176.333
2114.5 203.667
2115.5 245
2116.5 246.333
2117.5 187.667
2118.5 223.333
2119.5 222
2120.5 157.667
2121.5 194
2122.5 199
2123.5 164.667
2124.5 165.667
2125.5 153.667
2126.5 151
2127.5 199.667
2128.5 182.333
2129.5 201.333
2130.5 164.667
2131.5 167.667
2132.5 173.333
2133.5 182.667
2134.5 195
2135.5 153.333
2136.5 184.333
2137.5 170.667
2138.5 165
2139.5 176
2140.5 171.667
2141.5 165.333
2142.5 145.667
2143.5 146.333
2144.5 204.333
2145.5 190.667
2146.5 291.333
2147.5 511.667
2148.5 1241.67
2149.5 2515.67
2150.5 3503
2151.5 2713
2152.5 1267.67
2153.5 378.333
2154.5 220
2155.5 170.333
2156.5 197.667
2157.5 138.667
2158.5 174.333
2159.5 139.333
2160.5 180.667
2161.5 220
2162.5 159
2163.5 137.333
2164.5 153
2165.5 158.667
2166.5 148.333
2167.5 170.667
2168.5 168.333
2169.5 188.333
2170.5 162.667
2171.5 151
2172.5 127.667
2173.5 140
2174.5 130.333
2175.5 157.667
2176.5 176.667
2177.5 201.333
2178.5 204
2179.5 230.333
2180.5 213.667
2181.5 177
2182.5 214
2183.5 174.333
2184.5 181.333
2185.5 168.667
2186.5 197.667
2187.5 162.333
2188.5 186.667
2189.5 230.333
2190.5 198
2191.5 170.667
2192.5 238.333
2193.5 201.667
2194.5 207
2195.5 238.667
2196.5 262.333
2197.5 226.333
2198.5 214.667
2199.5 176.333
2200.5 186.333
2201.5 192.667
2202.5 159
2203.5 130
2204.5 173.333
2205.5 184
2206.5 202
2207.5 154
2208.5 175
2209.5 161
2210.5 174.333
2211.5 253.667
2212.5 410.333
2213.5 679.667
2214.5 793.333
2215.5 702
2216.5 546.333
2217.5 525.667
2218.5 435.667
2219.5 289.667
2220.5 249.667
2221.5 376.333
2222.5 309
2223.5 335.667
2224.5 271
2225.5 211.333
2226.5 137.667
2227.5 189
2228.5 191.667
2229.5 134.667
2230.5 206
2231.5 166
2232.5 156.667
2233.5 132.667
2234.5 154.667
2235.5 153.667
2236.5 179
2237.5 179.667
2238.5 155.667
2239.5 195.333
2240.5 147.667
2241.5 160
2242.5 139.667
2243.5 164.667
2244.5 169.667
2245.5 172.667
2246.5 194
2247.5 194.333
2248.5 237.667
2249.5 252.667
2250.5 275.333
2251.5 240.333
2252.5 272
2253.5 208
2254.5 192.333
2255.5 302.667
2256.5 588.333
2257.5 1132.67
2258.5 1629.33
2259.5 1527.33
2260.5 900.667
2261.5 449.333
2262.5 252
2263.5 230.667
2264.5 196.333
2265.5 163.333
2266.5 229.667
2267.5 199
2268.5 168
2269.5 159.667
2270.5 179
2271.5 172.333
2272.5 195
2273.5 155.333
2274.5 175
2275.5 143
2276.5 156
2277.5 197.333
2278.5 144.667
2279.5 166.333
2280.5 153
2281.5 159.667
2282.5 191.667
2283.5 183.333
2284.5 141
2285.5 156.667
2286.5 121
2287.5 142
2288.5 129.667
2289.5 164.667
2290.5 135.667
2291.5 168
2292.5 174.667
2293.5 182.333
2294.5 141.667
2295.5 172.667
2296.5 146
2297.5 168
2298.5 168
2299.5 96.3333
2300.5 171.333
2301.5 207.667
2302.5 132.667
2303.5 161.667
2304.5 162
2305.5 146.333
2306.5 161
2307.5 136.333
2308.5 157.333
2309.5 124.667
2310.5 174.333
2311.5 180.667
2312.5 176.333
2313.5 213
2314.5 177.667
2315.5 172.333
2316.5 170.667
2317.5 159.333
2318.5 182.333
2319.5 162.333
2320.5 205
2321.5 163.667
2322.5 173.333
2323.5 156
2324.5 161
2325.5 125.333
2326.5 119.667
2327.5 167.667
2328.5 123
2329.5 152
2330.5 176
2331.5 175.667
2332.5 200.333
2333.5 278.667
2334.5 219.333
2335.5 221
2336.5 180.333
2337.5 186
2338.5 187
2339.5 128
2340.5 122
2341.5 148
2342.5 129.667
2343.5 120
2344.5 172.667
2345.5 160.333
2346.5 209
2347.5 186.667
2348.5 154.333
2349.5 191.667
2350.5 166.333
2351.5 159.333
2352.5 156.333
2353.5 139.333
2354.5 160
2355.5 144.667
2356.5 115.667
2357.5 129.333
2358.5 151
2359.5 147.333
2360.5 132
2361.5 175
2362.5 162.667
2363.5 165.667
2364.5 183
2365.5 159.667
2366.5 142.333
2367.5 136
2368.5 114
2369.5 125.333
2370.5 159
2371.5 125
2372.5 128.667
2373.5 185
2374.5 132
2375.5 161
2376.5 100
2377.5 133.667
2378.5 152
2379.5 149.667
2380.5 138
2381.5 159.333
2382.5 130.667
2383.5 169.667
2384.5 145.333
2385.5 156.333
2386.5 164.667
2387.5 139.333
2388.5 156.667
2389.5 168.333
2390.5 142.333
2391.5 142.333
2392.5 163.333
2393.5 153
2394.5 139
2395.5 155.667
2396.5 167.333
2397.5 198
2398.5 161.333
2399.5 108.667
2400.5 123.333
2401.5 154
2402.5 128.667
2403.5 133.667
2404.5 179.333
2405.5 164
2406.5 155.333
2407.5 127.333
2408.5 119.333
2409.5 142.667
2410.5 130.667
2411.5 136
2412.5 152
2413.5 176.333
2414.5 118.667
2415.5 166.333
2416.5 170
2417.5 134.333
2418.5 106.333
2419.5 122
2420.5 128.333
2421.5 137.333
2422.5 157
2423.5 150.667
2424.5 124.333
2425.5 173
2426.5 149.333
2427.5 158.667
2428.5 167.667
2429.5 136
2430.5 150
2431.5 148
2432.5 140
2433.5 140
2434.5 144.667
2435.5 149.667
2436.5 171.333
2437.5 114.667
2438.5 172.667
2439.5 137.333
2440.5 148.333
2441.5 170.333
2442.5 173.333
2443.5 188.667
2444.5 206.667
2445.5 248.667
2446.5 261.667
2447.5 399.667
2448.5 299.333
2449.5 263.333
2450.5 182
2451.5 156
2452.5 137
2453.5 182.333
2454.5 161.667
2455.5 150
2456.5 119.667
2457.5 144.667
2458.5 128
2459.5 140.333
2460.5 154.333
2461.5 144
2462.5 166.667
2463.5 135.333
2464.5 137.333
2465.5 148
2466.5 139
2467.5 175
2468.5 216.333
2469.5 230
2470.5 196
2471.5 146.667
2472.5 152.333
2473.5 183.333
2474.5 175
2475.5 168.333
2476.5 176.667
2477.5 166.333
2478.5 161.333
2479.5 119
2480.5 131
2481.5 142
2482.5 130.333
2483.5 141.667
2484.5 126.667
2485.5 159.333
2486.5 191.667
2487.5 168.667
2488.5 162
2489.5 219.667
2490.5 268.667
2491.5 272
2492.5 251.333
2493.5 149
2494.5 137
2495.5 131.333
2496.5 153
2497.5 155
2498.5 106.333
2499.5 127
2500.5 177
2501.5 158
2502.5 148.333
2503.5 158.333
2504.5 149
2505.5 145.333
2506.5 140
2507.5 180.667
2508.5 157.333
2509.5 152
2510.5 130.333
2511.5 162.667
2512.5 156
2513.5 155.667
2514.5 204.667
2515.5 145
2516.5 168
2517.5 167
2518.5 224.333
2519.5 143.667
2520.5 162.333
2521.5 178.667
2522.5 99
2523.5 169.333
2524.5 168
2525.5 144.667
2526.5 193.667
2527.5 146.333
2528.5 169
2529.5 115.667
2530.5 140.333
2531.5 149.667
2532.5 219.667
2533.5 217.333
2534.5 264
2535.5 307.333
2536.5 199
2537.5 160
2538.5 105.667
2539.5 142.333
2540.5 194.333
2541.5 191.667
2542.5 199.667
2543.5 155.333
2544.5 167.667
2545.5 190
2546.5 239
2547.5 337.333
2548.5 493
2549.5 556
2550.5 396
2551.5 270.667
2552.5 196.667
2553.5 178.333
2554.5 153
2555.5 145.667
2556.5 158
2557.5 111.333
2558.5 152.667
2559.5 129.333
2560.5 137.333
2561.5 136.333
2562.5 157
2563.5 132.667
2564.5 156.667
2565.5 145
2566.5 145.667
2567.5 136.667
2568.5 147
2569.5 126.333
2570.5 126.667
2571.5 145.333
2572.5 189.667
2573.5 208.667
2574.5 268
2575.5 328
2576.5 269.333
2577.5 252.667
2578.5 181
2579.5 180.333
2580.5 215
2581.5 232.667
2582.5 213
2583.5 183.333
2584.5 180
2585.5 119
2586.5 171.667
2587.5 141
2588.5 152.333
2589.5 128.333
2590.5 132.667
2591.5 109
2592.5 147.333
2593.5 155.333
2594.5 128.333
2595.5 125.333
2596.5 152.333
2597.5 123.333
2598.5 184.667
2599.5 181
2600.5 150.333
2601.5 200
2602.5 190
2603.5 213.333
2604.5 197
2605.5 209.667
2606.5 193.333
2607.5 195.667
2608.5 161
2609.5 189
2610.5 170.667
2611.5 180
2612.5 162
2613.5 136.667
2614.5 167.667
2615.5 157.333
2616.5 139
2617.5 168.333
2618.5 159
2619.5 111
2620.5 111.667
2621.5 148.667
2622.5 148.667
2623.5 131.333
2624.5 131.333
2625.5 119.667
2626.5 176.333
2627.5 107.333
2628.5 161.333
2629.5 120.667
2630.5 121.667
2631.5 117.333
2632.5 112.333
2633.5 135.667
2634.5 121.667
2635.5 142.333
2636.5 178
2637.5 161.333
2638.5 158.667
2639.5 133
2640.5 134
2641.5 104
2642.5 125
2643.5 115.667
2644.5 146.333
2645.5 130.333
2646.5 138.667
2647.5 157.667
2648.5 153
2649.5 159
2650.5 116.667
2651.5 131.667
2652.5 175.667
2653.5 209.667
2654.5 175.667
2655.5 187.667
2656.5 256.333
2657.5 187.333
2658.5 152.667
2659.5 151.333
2660.5 132.667
2661.5 137
2662.5 106.667
2663.5 168
2664.5 141.667
2665.5 159.667
2666.5 165.667
2667.5 168.667
2668.5 165.667
2669.5 147.667
2670.5 152
2671.5 122.333
2672.5 139
2673.5 150
2674.5 130.667
2675.5 152.333
2676.5 190.333
2677.5 195.667
2678.5 162.333
2679.5 151.333
2680.5 154
2681.5 156.667
2682.5 124.333
2683.5 127
2684.5 110.667
2685.5 114
2686.5 128
2687.5 121.333
2688.5 158
2689.5 174.333
2690.5 183
2691.5 184.333
2692.5 194.333
2693.5 136.333
2694.5 131.333
2695.5 127
2696.5 120.667
2697.5 144.667
2698.5 119
2699.5 140.667
2700.5 146
2701.5 147.667
2702.5 129.667
2703.5 164.333
2704.5 144.667
2705.5 145.667
2706.5 196
2707.5 189.333
2708.5 232.667
2709.5 182.333
2710.5 134
2711.5 156
2712.5 147.667
2713.5 124.333
2714.5 150
2715.5 128
2716.5 138.667
2717.5 147.667
2718.5 155
2719.5 137
2720.5 160
2721.5 145
2722.5 144.667
2723.5 187.667
2724.5 152
2725.5 131.667
2726.5 118.333
2727.5 133
2728.5 135.333
2729.5 149.667
2730.5 149.667
2731.5 140
2732.5 117
2733.5 138
2734.5 147.333
2735.5 135
2736.5 128.333
2737.5 119
2738.5 143
2739.5 112.333
2740.5 117
2741.5 125.667
2742.5 147.667
2743.5 168.333
2744.5 132
2745.5 133
2746.5 135.333
2747.5 128
2748.5 188.333
2749.5 149.333
2750.5 150.667
2751.5 135.667
2752.5 153.667
2753.5 119.667
2754.5 153
2755.5 183.667
2756.5 162.333
2757.5 184.667
2758.5 220.667
2759.5 200.667
2760.5 129
2761.5 128.333
2762.5 152.333
2763.5 151
2764.5 229.333
2765.5 200.667
2766.5 112.667
2767.5 173.333
2768.5 179.333
2769.5 182.333
2770.5 176
2771.5 158
2772.5 120.667
2773.5 162.667
2774.5 166.333
2775.5 157
2776.5 157.333
2777.5 147.333
2778.5 142.667
2779.5 143.667
2780.5 164.333
2781.5 166.333
2782.5 160.667
2783.5 142.667
2784.5 155.333
2785.5 182.667
2786.5 155
2787.5 149.333
2788.5 147.667
2789.5 156.667
2790.5 130
2791.5 89
2792.5 118
2793.5 118
2794.5 142
2795.5 142
2796.5 112.667
2797.5 121.667
2798.5 128
2799.5 125.333
2800.5 134.667
2801.5 150.667
2802.5 130.333
2803.5 149.333
2804.5 173
2805.5 114.333
2806.5 167.667
2807.5 179.333
2808.5 190.667
2809.5 142.333
2810.5 143
2811.5 169
2812.5 203.667
2813.5 260
2814.5 332
2815.5 400.333
2816.5 335
2817.5 205.333
2818.5 151.667
2819.5 125.333
2820.5 116
2821.5 146.333
2822.5 120
2823.5 129
2824.5 140.667
2825.5 167
2826.5 225.667
2827.5 312
2828.5 300.333
2829.5 239.667
2830.5 174.667
2831.5 129.667
2832.5 146
2833.5 102.667
2834.5 142.333
2835.5 141
2836.5 116.667
2837.5 131.333
2838.5 140.667
2839.5 148.333
2840.5 150.667
2841.5 132
2842.5 122.667
2843.5 164
2844.5 226
2845.5 214.667
2846.5 263
2847.5 324.333
2848.5 326.333
2849.5 248
2850.5 198
2851.5 159.667
2852.5 126.333
2853.5 138
2854.5 144.333
2855.5 142.333
2856.5 126.667
2857.5 165.333
2858.5 164.667
2859.5 118.333
2860.5 139
2861.5 140
2862.5 137.667
2863.5 124.333
2864.5 106.667
2865.5 122.667
2866.5 170
2867.5 164
2868.5 164.333
2869.5 166
2870.5 160.333
2871.5 144.667
2872.5 129.333
2873.5 89.3333
2874.5 146.333
2875.5 59.3333
2876.5 99.3333
2877.5 120.333
2878.5 93.6667
2879.5 147.333
2880.5 130.333
2881.5 124.333
2882.5 128
2883.5 152.333
2884.5 137.333
2885.5 91.3333
2886.5 141
2887.5 132
2888.5 123.667
2889.5 146
2890.5 158
2891.5 204.333
2892.5 214
2893.5 234
2894.5 222.333
2895.5 179.667
2896.5 278.333
2897.5 239.667
2898.5 253.667
2899.5 230.667
2900.5 172.333
2901.5 176
2902.5 205.667
2903.5 183
2904.5 156.667
2905.5 150.333
2906.5 88.3333
2907.5 145.333
2908.5 112
2909.5 124.333
2910.5 121
2911.5 189.333
2912.5 123
2913.5 127
2914.5 119.667
2915.5 141.333
2916.5 121.333
2917.5 127.667
2918.5 106.333
2919.5 123
2920.5 142.667
2921.5 108.333
2922.5 84.3333
2923.5 136
2924.5 138.333
2925.5 129.667
2926.5 145.667
2927.5 136.667
2928.5 140.667
2929.5 144.333
2930.5 155.333
2931.5 133
2932.5 104.333
2933.5 100.667
2934.5 120.333
2935.5 143
2936.5 147.667
2937.5 121.333
2938.5 113.667
2939.5 160.333
2940.5 85.3333
2941.5 75.3333
2942.5 123.333
2943.5 125.333
2944.5 136.333
2945.5 137
2946.5 175.333
2947.5 105.667
2948.5 150
2949.5 164.667
2950.5 117.333
2951.5 140.667
2952.5 129
2953.5 154.333
2954.5 223.333
2955.5 200
2956.5 211.667
2957.5 218.667
2958.5 144
2959.5 111.333
2960.5 135.667
2961.5 117.333
2962.5 111.333
2963.5 119.667
2964.5 117
2965.5 122
2966.5 161.333
2967.5 110.333
2968.5 196.333
2969.5 166
2970.5 139.333
2971.5 157.667
2972.5 153
2973.5 119
2974.5 115
2975.5 115.667
2976.5 101.667
2977.5 102
2978.5 111.333
2979.5 142.333
2980.5 135.333
2981.5 127.667
2982.5 87.3333
2983.5 126.667
2984.5 139.333
2985.5 121
2986.5 77
2987.5 107.667
2988.5 115
2989.5 120
2990.5 121.667
2991.5 129.333
2992.5 133.667
2993.5 157.333
2994.5 222.667
2995.5 277.667
2996.5 267.333
2997.5 259.667
2998.5 183
2999.5 148
3000.5 127.333
3001.5 114
3002.5 140.667
3003.5 87
3004.5 155.333
3005.5 159
3006.5 166
3007.5 159.667
3008.5 141
3009.5 182.333
3010.5 196.333
3011.5 170
3012.5 157.333
3013.5 190
3014.5 158.333
3015.5 164
3016.5 150.333
3017.5 103
3018.5 107
3019.5 160.333
3020.5 160.667
3021.5 163.667
3022.5 234
3023.5 393
3024.5 493
3025.5 565.333
3026.5 451.667
3027.5 242.667
3028.5 138.333
3029.5 119.333
3030.5 161
3031.5 150
3032.5 145.333
3033.5 135.333
3034.5 136.333
3035.5 160.667
3036.5 210.333
3037.5 218.667
3038.5 288.667
3039.5 239.667
3040.5 162.667
3041.5 163
3042.5 150.333
3043.5 112.667
3044.5 176.667
3045.5 146
3046.5 134.667
3047.5 149
3048.5 111.333
3049.5 172.667
3050.5 233.333
3051.5 313.667
3052.5 301.667
3053.5 174
3054.5 200.333
3055.5 136
3056.5 144.667
3057.5 119.333
3058.5 167.333
3059.5 194.667
3060.5 186.333
3061.5 152
3062.5 185.333
3063.5 166.333
3064.5 207.333
3065.5 209.333
3066.5 159.667
3067.5 136.333
3068.5 91.3333
3069.5 126.667
3070.5 146.667
3071.5 256
3072.5 197.333
3073.5 164.667
3074.5 151.333
3075.5 97.3333
3076.5 104.333
3077.5 104
3078.5 98.6667
3079.5 89
3080.5 80.6667
3081.5 95
3082.5 123
3083.5 132
3084.5 112
3085.5 86.3333
3086.5 128.667
3087.5 103
3088.5 118.333
3089.5 102
3090.5 100.667
3091.5 110.667
3092.5 100.667
3093.5 84
3094.5 123.333
3095.5 108.333
3096.5 115.667
3097.5 147
3098.5 180.667
3099.5 147.333
3100.5 159.333
3101.5 112.667
3102.5 126
3103.5 102.667
3104.5 159.667
3105.5 180
3106.5 195.667
3107.5 227.667
3108.5 192
3109.5 166.667
3110.5 166.667
3111.5 109
3112.5 138.333
3113.5 127.667
3114.5 120
3115.5 129.333
3116.5 142.333
3117.5 82
3118.5 131.333
3119.5 98.6667
3120.5 128.333
3121.5 118.667
3122.5 157.667
3123.5 112.333
3124.5 122.333
3125.5 108
3126.5 98.6667
3127.5 141
3128.5 119
3129.5 119
3130.5 109.667
3131.5 126.333
3132.5 132.667
3133.5 134
3134.5 164
3135.5 162
3136.5 152.667
3137.5 142.333
3138.5 117.333
3139.5 142.667
3140.5 135
3141.5 129.667
3142.5 137.667
3143.5 119
3144.5 132.333
3145.5 103.333
3146.5 124.667
3147.5 160.667
3148.5 136.667
3149.5 136
3150.5 147.333
3151.5 129
3152.5 127.667
3153.5 102.333
3154.5 131
3155.5 121.333
3156.5 112
3157.5 112
3158.5 135.333
3159.5 104.333
3160.5 137
3161.5 102
3162.5 103
3163.5 116
3164.5 113
3165.5 132.667
3166.5 84.6667
3167.5 113.333
3168.5 78
3169.5 125.333
3170.5 113.667
3171.5 123
3172.5 169.333
3173.5 130.667
3174.5 186.333
3175.5 150.333
3176.5 105
3177.5 124.333
3178.5 124
3179.5 100.667
3180.5 93.3333
3181.5 113.667
3182.5 143.667
3183.5 131.667
3184.5 157.333
3185.5 158.667
3186.5 120.667
3187.5 130.667
3188.5 134
3189.5 125
3190.5 113.333
3191.5 127.333
3192.5 108.667
3193.5 122
3194.5 91.3333
3195.5 108
3196.5 128
3197.5 142.333
3198.5 114.333
3199.5 122
3200.5 108.333
3201.5 126
3202.5 136.333
3203.5 143
3204.5 173
3205.5 193.333
3206.5 184
3207.5 175
3208.5 168.333
3209.5 140
3210.5 156
3211.5 141.333
3212.5 109.333
3213.5 132
3214.5 111.333
3215.5 109.667
3216.5 131.667
3217.5 115.667
3218.5 124.667
3219.5 127.333
3220.5 133
3221.5 164.667
3222.5 151
3223.5 160
3224.5 164
3225.5 111.667
3226.5 116.333
3227.5 101
3228.5 95.3333
3229.5 126.667
3230.5 154.667
3231.5 170
3232.5 209.333
3233.5 205.333
3234.5 149.667
3235.5 133.333
3236.5 119
3237.5 123
3238.5 136.333
3239.5 129.667
3240.5 127.667
3241.5 165
3242.5 138.333
3243.5 124
3244.5 108
3245.5 98.3333
3246.5 147.333
3247.5 140.667
3248.5 123.667
3249.5 100.333
3250.5 134.333
3251.5 133
3252.5 161.333
3253.5 144
3254.5 134.667
3255.5 176.333
3256.5 138.333
3257.5 138.667
3258.5 119.333
3259.5 145.333
3260.5 112.667
3261.5 103
3262.5 116.333
3263.5 107
3264.5 115
3265.5 123
3266.5 113
3267.5 131.333
3268.5 88
3269.5 95.6667
3270.5 93.6667
3271.5 89.6667
3272.5 117
3273.5 103.333
3274.5 117.667
3275.5 107
3276.5 102.333
3277.5 101
3278.5 79.3333
3279.5 115.667
3280.5 95.3333
3281.5 101
3282.5 123
3283.5 108
3284.5 104
3285.5 122.333
3286.5 91.3333
3287.5 120.333
3288.5 145.333
3289.5 86.6667
3290.5 104.333
3291.5 117.667
3292.5 128
3293.5 128.333
3294.5 124
3295.5 175.333
3296.5 165
3297.5 160.667
3298.5 125
3299.5 105
3300.5 93.3333
3301.5 98.6667
3302.5 97
3303.5 125.667
3304.5 114
3305.5 102
3306.5 109
3307.5 98.6667
3308.5 99
3309.5 69.3333
3310.5 102.667
3311.5 182.667
3312.5 191
3313.5 199
3314.5 145.333
3315.5 134.667
3316.5 108.333
3317.5 85.6667
3318.5 125.667
3319.5 126.667
3320.5 135
3321.5 161
3322.5 146
3323.5 121.667
3324.5 130
3325.5 134
3326.5 109.333
3327.5 106.667
3328.5 126
3329.5 145.333
3330.5 137.333
3331.5 109.667
3332.5 131.333
3333.5 109.667
3334.5 113.333
3335.5 142.333
3336.5 127.667
3337.5 94
3338.5 151.667
3339.5 111
3340.5 117.667
3341.5 100.667
3342.5 100.667
3343.5 131
3344.5 129
3345.5 92.6667
3346.5 97.6667
3347.5 109.667
3348.5 113
3349.5 110.333
3350.5 116
3351.5 128
3352.5 141.333
3353.5 188.667
3354.5 234.667
3355.5 172.667
3356.5 180.667
3357.5 136.667
3358.5 79
3359.5 109
3360.5 94.3333
3361.5 110.667
3362.5 100.333
3363.5 149.333
3364.5 158
3365.5 189.333
3366.5 331.667
3367.5 342
3368.5 250.667
3369.5 178.333
3370.5 142.667
3371.5 109.667
3372.5 107.333
3373.5 111.667
3374.5 89
3375.5 118.667
3376.5 102
3377.5 144
3378.5 143.667
3379.5 149.667
3380.5 177
3381.5 175
3382.5 157.333
3383.5 148.667
3384.5 160
3385.5 95.3333
3386.5 120
3387.5 123
3388.5 133
3389.5 135.667
3390.5 160
3391.5 142.333
3392.5 137.333
3393.5 142.667
3394.5 141.333
3395.5 128.333
3396.5 127.333
3397.5 98
3398.5 135
3399.5 80.6667
3400.5 101
3401.5 124.333
3402.5 114.667
3403.5 113.333
3404.5 104.667
3405.5 76.6667
3406.5 98.3333
3407.5 138.667
3408.5 112.333
3409.5 110.333
3410.5 103.667
3411.5 108.667
3412.5 121.333
3413.5 89.3333
3414.5 94
3415.5 127
3416.5 164
3417.5 284.667
3418.5 327.667
3419.5 367
3420.5 324.667
3421.5 187
3422.5 138.333
3423.5 106
3424.5 130.333
3425.5 124
3426.5 150.333
3427.5 154
3428.5 127
3429.5 133
3430.5 119.333
3431.5 123.667
3432.5 85
3433.5 111.333
3434.5 107.667
3435.5 128.333
3436.5 130
3437.5 112.333
3438.5 85.6667
3439.5 106
3440.5 113
3441.5 99.3333
3442.5 106.333
3443.5 113.333
3444.5 130.333
3445.5 107.667
3446.5 129
3447.5 99.6667
3448.5 119.333
3449.5 103.333
3450.5 135.333
3451.5 106.333
3452.5 72
3453.5 91.3333
3454.5 104.333
3455.5 127.667
3456.5 105
3457.5 120
3458.5 85
3459.5 149.333
3460.5 141.667
3461.5 152.667
3462.5 60
3463.5 114
3464.5 121.333
3465.5 128.667
3466.5 134.333
3467.5 121.667
3468.5 113.667
3469.5 106
3470.5 92.3333
3471.5 79
3472.5 80
3473.5 117
3474.5 94.6667
3475.5 112
3476.5 108.333
3477.5 123.667
3478.5 133.667
3479.5 149.333
3480.5 152.333
3481.5 143.667
3482.5 154.667
3483.5 167
3484.5 108
3485.5 107.333
3486.5 83.6667
3487.5 73.3333
3488.5 84.3333
3489.5 75.6667
3490.5 78.3333
3491.5 96.3333
3492.5 115.333
3493.5 96
3494.5 141.333
3495.5 131
3496.5 131.667
3497.5 140.333
3498.5 105.333
3499.5 101
3500.5 95
3501.5 95.3333
3502.5 96
3503.5 91.6667
3504.5 142.667
3505.5 195.333
3506.5 246.667
3507.5 391
3508.5 356.333
3509.5 254.667
3510.5 183.667
3511.5 146.667
3512.5 159
3513.5 143.333
3514.5 129.333
3515.5 121.333
3516.5 143
3517.5 179
3518.5 124.667
3519.5 142
3520.5 135.333
3521.5 169.667
3522.5 119.333
3523.5 141.667
3524.5 162.333
3525.5 156
3526.5 124.333
3527.5 117
3528.5 136
3529.5 119.667
3530.5 162.667
3531.5 143.667
3532.5 196
3533.5 197.667
3534.5 170.667
3535.5 119.667
3536.5 126
3537.5 107
3538.5 125
3539.5 99.6667
3540.5 95.6667
3541.5 95.3333
3542.5 104.667
3543.5 122.667
3544.5 200.333
3545.5 252.333
3546.5 242.667
3547.5 193
3548.5 141.667
3549.5 136.333
3550.5 124.667
3551.5 85
3552.5 89
3553.5 93
3554.5 103.667
3555.5 82.3333
3556.5 91.6667
3557.5 73.6667
3558.5 96.3333
3559.5 97.6667
3560.5 102
3561.5 84.3333
3562.5 114.333
3563.5 114
3564.5 114
3565.5 138.667
3566.5 122.333
3567.5 115.333
3568.5 121.667
3569.5 130.333
3570.5 123.333
3571.5 110.333
3572.5 90
3573.5 98
3574.5 129
3575.5 115
3576.5 121.333
3577.5 109.333
3578.5 99.6667
3579.5 172.667
3580.5 131.333
3581.5 159
3582.5 137
3583.5 153
3584.5 119.667
3585.5 83.3333
3586.5 89.3333
3587.5 93.6667
3588.5 91.6667
3589.5 106.667
3590.5 120.667
3591.5 96.6667
3592.5 90.6667
3593.5 99.6667
3594.5 99.3333
3595.5 85
3596.5 94.6667
3597.5 120.333
3598.5 68
3599.5 95.3333
3600.5 69
3601.5 81.6667
3602.5 94
3603.5 114.333
3604.5 101
3605.5 118.333
3606.5 95.3333
3607.5 90.6667
3608.5 116
3609.5 147.667
3610.5 103.667
3611.5 106
3612.5 141
3613.5 105.667
3614.5 79
3615.5 92.6667
3616.5 91
3617.5 102.333
3618.5 133.667
3619.5 128
3620.5 127
3621.5 168.667
3622.5 145
3623.5 143.333
3624.5 126.333
3625.5 76
3626.5 75.6667
3627.5 71
3628.5 91
3629.5 105.333
3630.5 78.3333
3631.5 86.6667
3632.5 108.333
3633.5 94
3634.5 100.667
3635.5 64.6667
3636.5 113
3637.5 95.6667
3638.5 96.3333
3639.5 72
3640.5 91
3641.5 95
3642.5 114.333
3643.5 141
3644.5 205
3645.5 241.333
3646.5 235.333
3647.5 183
3648.5 222.667
3649.5 231
3650.5 177.667
3651.5 119.667
3652.5 99
3653.5 100.667
3654.5 87
3655.5 111.667
3656.5 112.667
3657.5 92.6667
3658.5 69.6667
3659.5 85
3660.5 113.333
3661.5 94.3333
3662.5 69
3663.5 82.3333
3664.5 66.6667
3665.5 87.3333
3666.5 96.6667
3667.5 90.3333
3668.5 102.667
3669.5 98
3670.5 95.3333
3671.5 126.667
3672.5 143.667
3673.5 130
3674.5 113
3675.5 84
3676.5 66.6667
3677.5 89
3678.5 66.6667
3679.5 86.3333
3680.5 99.6667
3681.5 124
3682.5 113
3683.5 106
3684.5 114.667
3685.5 150.667
3686.5 145.333
3687.5 89
3688.5 72
3689.5 92.3333
3690.5 83.6667
3691.5 83
3692.5 121.333
3693.5 93.3333
3694.5 83
3695.5 96
3696.5 87.6667
3697.5 99.3333
3698.5 110.333
3699.5 94.6667
3700.5 101.333
3701.5 87.3333
3702.5 88
3703.5 95
3704.5 110.667
3705.5 90
3706.5 76
3707.5 86
3708.5 106.667
3709.5 88.6667
3710.5 92.3333
3711.5 99.3333
3712.5 87.6667
3713.5 82
3714.5 108.667
3715.5 74.6667
3716.5 115
3717.5 103.667
3718.5 117.667
3719.5 142.333
3720.5 197.667
3721.5 197
3722.5 212
3723.5 209.667
3724.5 176.667
3725.5 146.667
3726.5 128
3727.5 110.333
3728.5 150.333
3729.5 150
3730.5 174
3731.5 171
3732.5 200.667
3733.5 156
3734.5 124.667
3735.5 137.333
3736.5 95
3737.5 112.667
3738.5 107.333
3739.5 134.667
3740.5 102.667
3741.5 82
3742.5 115
3743.5 79.3333
3744.5 63
3745.5 94.6667
3746.5 85.3333
3747.5 99.6667
3748.5 123
3749.5 104
3750.5 104.333
3751.5 91.3333
3752.5 80.6667
3753.5 77.3333
3754.5 92.3333
3755.5 98
3756.5 103.667
3757.5 94.3333
3758.5 102.667
3759.5 93.6667
3760.5 107.333
3761.5 128.667
3762.5 102.667
3763.5 86
3764.5 88.3333
3765.5 104.667
3766.5 112
3767.5 131.333
3768.5 111.667
3769.5 132.333
3770.5 129
3771.5 81
3772.5 85
3773.5 90
3774.5 85
3775.5 84.3333
3776.5 78.3333
3777.5 76
3778.5 94
3779.5 99
3780.5 75
3781.5 93.6667
3782.5 78.3333
3783.5 69
3784.5 81.6667
3785.5 111.333
3786.5 115.333
3787.5 105
3788.5 67.6667
3789.5 89
3790.5 73
3791.5 98.3333
3792.5 100
3793.5 90.6667
3794.5 97
3795.5 88
3796.5 69
3797.5 66.6667
3798.5 77.3333
3799.5 96.3333
3800.5 92.6667
3801.5 96.3333
3802.5 82.3333
3803.5 79.3333
3804.5 141.333
3805.5 140.333
3806.5 219.667
3807.5 250
3808.5 282
3809.5 273
3810.5 197.667
3811.5 101.667
3812.5 102
3813.5 84
3814.5 98.6667
3815.5 105
3816.5 85.6667
3817.5 89.6667
3818.5 49.3333
3819.5 102.333
3820.5 95.3333
3821.5 70.6667
3822.5 92.3333
3823.5 94.3333
3824.5 89.3333
3825.5 93.6667
3826.5 80.6667
3827.5 101
3828.5 128
3829.5 101.667
3830.5 110.667
3831.5 103.333
3832.5 119.333
3833.5 104.667
3834.5 94.6667
3835.5 122.667
3836.5 110.333
3837.5 77.3333
3838.5 105.333
3839.5 68.3333
3840.5 83.3333
3841.5 96
3842.5 91.6667
3843.5 101.667
3844.5 122.333
3845.5 117
3846.5 85.3333
3847.5 101.333
3848.5 109.333
3849.5 107.667
3850.5 84.6667
3851.5 95.3333
3852.5 82.3333
3853.5 56.3333
3854.5 87.6667
3855.5 76.3333
3856.5 100.667
3857.5 90
3858.5 99
3859.5 93.6667
3860.5 98.6667
3861.5 113.333
3862.5 105
3863.5 101.667
3864.5 106
3865.5 77.3333
3866.5 73.6667
3867.5 91.3333
3868.5 55.6667
3869.5 86
3870.5 74.6667
3871.5 104.333
3872.5 88
3873.5 123.667
3874.5 138.667
3875.5 120.667
3876.5 128.333
3877.5 129
3878.5 138.333
3879.5 98
3880.5 88.3333
3881.5 92
3882.5 112.667
3883.5 114.333
3884.5 105.667
3885.5 90
3886.5 91.3333
3887.5 56.6667
3888.5 79.6667
3889.5 100.667
3890.5 85.3333
3891.5 112
3892.5 93
3893.5 95.6667
3894.5 65.3333
3895.5 107
3896.5 104.667
3897.5 86.3333
3898.5 92.3333
3899.5 147
3900.5 137
3901.5 181.667
3902.5 233
3903.5 217.667
3904.5 246.667
3905.5 184.667
3906.5 168
3907.5 232.667
3908.5 188.667
3909.5 167.667
3910.5 148
3911.5 85.6667
3912.5 97.3333
3913.5 87.6667
3914.5 104
3915.5 94
3916.5 63.3333
3917.5 83.6667
3918.5 96
3919.5 127.667
3920.5 77.3333
3921.5 105
3922.5 90
3923.5 91.6667
3924.5 69
3925.5 89.6667
3926.5 74
3927.5 87.3333
3928.5 65
3929.5 73.3333
3930.5 82
3931.5 67.6667
3932.5 81.6667
3933.5 66.6667
3934.5 68
3935.5 75
3936.5 92.6667
3937.5 79.6667
3938.5 87.3333
3939.5 75.6667
3940.5 86
3941.5 93.3333
3942.5 110.667
3943.5 150.333
3944.5 189.667
3945.5 204.333
3946.5 210.333
3947.5 210.667
3948.5 193.333
3949.5 119
3950.5 102.333
3951.5 110.667
3952.5 121.667
3953.5 117.333
3954.5 181.333
3955.5 165.333
3956.5 201.333
3957.5 144
3958.5 140
3959.5 110.333
3960.5 106.667
3961.5 88.6667
3962.5 90
3963.5 97
3964.5 99
3965.5 57
3966.5 96.3333
3967.5 106.333
3968.5 101
3969.5 117.667
3970.5 118.667
3971.5 118.333
3972.5 121.667
3973.5 90
3974.5 107.333
3975.5 85.3333
3976.5 94.6667
3977.5 83.3333
3978.5 96
3979.5 98
3980.5 75.6667
3981.5 76
3982.5 63.6667
3983.5 93.3333
3984.5 87.3333
3985.5 95
3986.5 126
3987.5 117
3988.5 119.667
3989.5 106.667
3990.5 81.3333
3991.5 86
3992.5 90
3993.5 100
3994.5 67.3333
3995.5 90.3333
3996.5 70
3997.5 92.3333
3998.5 90.3333
3999.5 83.3333
4000.5 81.3333
4001.5 70.6667
4002.5 94.6667
4003.5 62.6667
4004.5 91.3333
4005.5 73
4006.5 57.6667
4007.5 68.6667
4008.5 66.6667
4009.5 52
4010.5 108.667
4011.5 54.6667
4012.5 51.3333
4013.5 74.3333
4014.5 62.6667
4015.5 87
4016.5 76.6667
4017.5 73.6667
4018.5 36
4019.5 59.6667
4020.5 72.6667
4021.5 77.6667
4022.5 107
4023.5 112.333
4024.5 115.333
4025.5 153.333
4026.5 164.333
4027.5 146
4028.5 128.667
4029.5 86.3333
4030.5 146
4031.5 165.333
4032.5 221.667
4033.5 308
4034.5 391.667
4035.5 337.333
4036.5 242.667
4037.5 173.667
4038.5 123.333
4039.5 110
4040.5 104.333
4041.5 107.667
4042.5 99
4043.5 101
4044.5 99.6667
4045.5 86.3333
4046.5 93
4047.5 95
4048.5 81
4049.5 122.667
4050.5 69.6667
4051.5 106.667
4052.5 73
4053.5 72.6667
4054.5 64.6667
4055.5 66
4056.5 83.3333
4057.5 66
4058.5 65.6667
4059.5 85
4060.5 50
4061.5 69.6667
4062.5 74
4063.5 71
4064.5 70.6667
4065.5 86.3333
4066.5 71.6667
4067.5 110
4068.5 84
4069.5 96
4070.5 113.333
4071.5 113.667
4072.5 108
4073.5 96.6667
4074.5 93.6667
4075.5 107.667
4076.5 81.3333
4077.5 107.333
4078.5 123.667
4079.5 152
4080.5 232
4081.5 223.333
4082.5 270
4083.5 234.667
4084.5 179
4085.5 209
4086.5 206.333
4087.5 222.667
4088.5 192.333
4089.5 170.667
4090.5 114
4091.5 98
4092.5 97.3333
4093.5 97
4094.5 95.3333
4095.5 91
4096.5 88.3333
4097.5 87
4098.5 59
4099.5 90
4100.5 73.3333
4101.5 85.6667
4102.5 74.3333
4103.5 73.6667
4104.5 51
4105.5 74.6667
4106.5 66.6667
4107.5 72.6667
4108.5 85.6667
4109.5 65.3333
4110.5 51
4111.5 106.667
4112.5 76.6667
4113.5 103.333
4114.5 95
4115.5 92.3333
4116.5 77.3333
4117.5 92
4118.5 66.6667
4119.5 94.6667
4120.5 105.667
4121.5 95.3333
4122.5 73
4123.5 65.3333
4124.5 78.6667
4125.5 50.6667
4126.5 81.3333
4127.5 76
4128.5 94.6667
4129.5 90.6667
4130.5 92.3333
4131.5 87.3333
4132.5 77.3333
4133.5 68.3333
4134.5 90
4135.5 67.6667
4136.5 86
4137.5 68.3333
4138.5 94.6667
4139.5 110.333
4140.5 107.333
4141.5 101
4142.5 93.3333
4143.5 84.3333
4144.5 57
4145.5 70.6667
4146.5 36.6667
4147.5 77
4148.5 48.3333
4149.5 78.3333
4150.5 47.6667
4151.5 60.3333
4152.5 66.3333
4153.5 71.3333
4154.5 63.3333
4155.5 63.3333
4156.5 80.6667
4157.5 68
4158.5 101.667
4159.5 63
4160.5 87
4161.5 73.3333
4162.5 55
4163.5 103.333
4164.5 35.3333
4165.5 100.667
4166.5 89.6667
4167.5 88
4168.5 73.3333
4169.5 76.6667
4170.5 88
4171.5 114
4172.5 112
4173.5 106.667
4174.5 93.6667
4175.5 78.6667
4176.5 77.3333
4177.5 57.3333
4178.5 77
4179.5 81
4180.5 81
4181.5 77.3333
4182.5 104
4183.5 48
4184.5 65.6667
4185.5 79
4186.5 82
4187.5 93.6667
4188.5 91.3333
4189.5 56.6667
4190.5 78.3333
4191.5 81.6667
4192.5 59.3333
4193.5 71
4194.5 69.3333
4195.5 85.3333
4196.5 71
4197.5 87.6667
4198.5 89
4199.5 96
4200.5 138
4201.5 126
4202.5 97.6667
4203.5 95.3333
4204.5 108.667
4205.5 88.3333
4206.5 135
4207.5 132
4208.5 150
4209.5 166.333
4210.5 163.667
4211.5 99
4212.5 87
4213.5 89.3333
4214.5 71.6667
4215.5 81
4216.5 94.3333
4217.5 39.6667
4218.5 89
4219.5 100
4220.5 120.333
4221.5 114
4222.5 112.667
4223.5 99.6667
4224.5 73.6667
4225.5 89.6667
4226.5 77.6667
4227.5 78.6667
4228.5 77.6667
4229.5 82
4230.5 101.333
4231.5 95.6667
4232.5 62.6667
4233.5 70.6667
4234.5 106.333
4235.5 67
4236.5 99.3333
4237.5 88.6667
4238.5 85.3333
4239.5 53.3333
4240.5 81.6667
4241.5 77.3333
4242.5 53.3333
4243.5 68
4244.5 76
4245.5 71
4246.5 71.3333
4247.5 91.3333
4248.5 82.3333
4249.5 61.3333
4250.5 72.3333
4251.5 82.6667
4252.5 67.6667
4253.5 77.6667
4254.5 74
4255.5 83.3333
4256.5 69.3333
4257.5 83.6667
4258.5 109.333
4259.5 54.6667
4260.5 88.3333
4261.5 97.6667
4262.5 102.333
4263.5 106
4264.5 95
4265.5 108.333
4266.5 86.6667
4267.5 75.3333
4268.5 76
4269.5 61.6667
4270.5 77.3333
4271.5 89.3333
4272.5 90.3333
4273.5 78
4274.5 76.6667
4275.5 73
4276.5 109
4277.5 93.6667
4278.5 113.333
4279.5 154.667
4280.5 182
4281.5 171
4282.5 183.667
4283.5 149.667
4284.5 117
4285.5 111
4286.5 73.6667
4287.5 70
4288.5 98
4289.5 59.6667
4290.5 107
4291.5 82.3333
4292.5 73
4293.5 96.3333
4294.5 65
4295.5 86.6667
4296.5 86.6667
4297.5 122
4298.5 50.6667
4299.5 70
4300.5 61
4301.5 76.3333
4302.5 81
4303.5 88.3333
4304.5 74.3333
4305.5 74.3333
4306.5 97.6667
4307.5 64
4308.5 93
4309.5 95.3333
4310.5 61.6667
4311.5 70.3333
4312.5 100
4313.5 80.3333
4314.5 79.6667
4315.5 82
4316.5 105
4317.5 110
4318.5 109
4319.5 106.333
4320.5 103.333
4321.5 80.6667
4322.5 71.3333
4323.5 82
4324.5 82.3333
4325.5 77.6667
4326.5 75
4327.5 77.6667
4328.5 98.6667
4329.5 120.667
4330.5 153.667
4331.5 239
4332.5 300
4333.5 321.333
4334.5 249
4335.5 155.333
4336.5 105.333
4337.5 83.6667
4338.5 86.3333
4339.5 100.333
4340.5 100
4341.5 72
4342.5 75.3333
4343.5 84
4344.5 73
4345.5 99
4346.5 89.6667
4347.5 68.6667
4348.5 88.6667
4349.5 92.3333
4350.5 78
4351.5 89.6667
4352.5 67.6667
4353.5 83.3333
4354.5 100.667
4355.5 90.3333
4356.5 110.667
4357.5 83.6667
4358.5 114.667
4359.5 77
4360.5 82.6667
4361.5 84.3333
4362.5 84
4363.5 77.3333
4364.5 86
4365.5 77
4366.5 110
4367.5 96
4368.5 87
4369.5 82.6667
4370.5 92.6667
4371.5 58
4372.5 62
4373.5 60.3333
4374.5 67.3333
4375.5 78.3333
4376.5 67
4377.5 66
4378.5 103
4379.5 75.6667
4380.5 106.333
4381.5 119
4382.5 134.667
4383.5 140.667
4384.5 129
4385.5 104
4386.5 102.333
4387.5 106.333
4388.5 124.333
4389.5 129.333
4390.5 142.667
4391.5 140.667
4392.5 139.667
4393.5 152
4394.5 134.333
4395.5 99.3333
4396.5 106.667
4397.5 112.333
4398.5 83
4399.5 86.6667
4400.5 79.3333
4401.5 98.6667
4402.5 76.6667
4403.5 110.667
4404.5 86.3333
4405.5 94.6667
4406.5 113.333
4407.5 97.3333
4408.5 107.667
4409.5 90.3333
4410.5 98
4411.5 94
4412.5 82.6667
4413.5 114
4414.5 87.6667
4415.5 106
4416.5 97
4417.5 96
4418.5 117
4419.5 86.3333
4420.5 92
4421.5 76.3333
4422.5 59.3333
4423.5 97.3333
4424.5 65.3333
4425.5 73
4426.5 78.6667
4427.5 98
4428.5 107
4429.5 83
4430.5 90.6667
4431.5 94
4432.5 63
4433.5 85.6667
4434.5 70
4435.5 82.3333
4436.5 72.6667
4437.5 79.6667
4438.5 80
4439.5 73
4440.5 83.3333
4441.5 72.3333
4442.5 70.3333
4443.5 89.3333
4444.5 90
4445.5 90
4446.5 95.3333
4447.5 76.3333
4448.5 84
4449.5 78
4450.5 89
4451.5 86
4452.5 109.667
4453.5 108.333
4454.5 149.667
4455.5 221.333
4456.5 242
4457.5 290.333
4458.5 310.333
4459.5 225
4460.5 186.333
4461.5 197.667
4462.5 96.3333
4463.5 123.667
4464.5 101
4465.5 88.3333
4466.5 87.6667
4467.5 71.6667
4468.5 74.6667
4469.5 82.6667
4470.5 69.6667
4471.5 55
4472.5 77.6667
4473.5 80
4474.5 97.6667
4475.5 94
4476.5 83.3333
4477.5 91
4478.5 79.6667
4479.5 89.6667
4480.5 84
4481.5 80
4482.5 81
4483.5 90.6667
4484.5 90.3333
4485.5 88.6667
4486.5 100.333
4487.5 92
4488.5 73.6667
4489.5 79.3333
4490.5 87.6667
4491.5 76.3333
4492.5 93.6667
4493.5 101
4494.5 110.667
4495.5 105
4496.5 159.667
4497.5 123.333
4498.5 136
4499.5 139.667
4500.5 103
4501.5 78.3333
4502.5 84.6667
4503.5 100
4504.5 95.6667
4505.5 103
4506.5 87.6667
4507.5 83.6667
4508.5 101.667
4509.5 106.333
4510.5 81.6667
4511.5 71
4512.5 90.6667
4513.5 71.3333
4514.5 76.3333
4515.5 74
4516.5 82.6667
4517.5 83
4518.5 77
4519.5 93
4520.5 81
4521.5 71.3333
4522.5 88.3333
4523.5 74.3333
4524.5 79.3333
4525.5 112.333
4526.5 103.333
4527.5 88
4528.5 73
4529.5 96.6667
4530.5 66
4531.5 90.6667
4532.5 81.3333
4533.5 73.3333
4534.5 83.6667
4535.5 86.6667
4536.5 90.3333
4537.5 123.333
4538.5 73.3333
4539.5 76
4540.5 107
4541.5 75.3333
4542.5 95
4543.5 84
4544.5 87
4545.5 70.3333
4546.5 110
4547.5 85
4548.5 113.333
4549.5 148
4550.5 171.333
4551.5 201.667
4552.5 198.667
4553.5 209.667
4554.5 193
4555.5 163.333
4556.5 217.667
4557.5 212.333
4558.5 173.667
4559.5 141.333
4560.5 123.333
4561.5 95.6667
4562.5 109
4563.5 102.667
4564.5 105.333
4565.5 121.667
4566.5 96.3333
4567.5 88.6667
4568.5 90.6667
4569.5 85.3333
4570.5 96.6667
4571.5 102.333
4572.5 87
4573.5 93
4574.5 87.6667
4575.5 71
4576.5 73.6667
4577.5 69
4578.5 110.667
4579.5 92
4580.5 97.6667
4581.5 89.6667
4582.5 91
4583.5 89.6667
4584.5 109.333
4585.5 106.333
4586.5 115
4587.5 105
4588.5 84.6667
4589.5 103.667
4590.5 71.6667
4591.5 94
4592.5 86.6667
4593.5 76.3333
4594.5 99
4595.5 106
4596.5 74.6667
4597.5 79.3333
4598.5 100
4599.5 80
4600.5 127.333
4601.5 121.333
4602.5 111.667
4603.5 125.333
4604.5 127
4605.5 160
4606.5 167
4607.5 141
4608.5 125
4609.5 106.667
4610.5 94
4611.5 111.667
4612.5 88.6667
4613.5 84.3333
4614.5 81.6667
4615.5 86.3333
4616.5 96.6667
4617.5 95.3333
4618.5 119
4619.5 78.6667
4620.5 78.3333
4621.5 112.667
4622.5 144.333
4623.5 115.333
4624.5 143
4625.5 122
4626.5 174.667
4627.5 153.667
4628.5 111
4629.5 102
4630.5 106.333
4631.5 95.3333
4632.5 80.6667
4633.5 95.6667
4634.5 102.667
4635.5 124.333
4636.5 116
4637.5 155
4638.5 159
4639.5 124
4640.5 139
4641.5 129
4642.5 108.333
4643.5 94.6667
4644.5 96
4645.5 112.333
4646.5 84
4647.5 99.6667
4648.5 118.667
4649.5 63.6667
4650.5 88.6667
4651.5 104.333
4652.5 99
4653.5 86.3333
4654.5 94
4655.5 66.3333
4656.5 109
4657.5 106.333
4658.5 97
4659.5 95
4660.5 104
4661.5 97.6667
4662.5 81
4663.5 65.3333
4664.5 88
4665.5 76.3333
4666.5 107.333
4667.5 89.6667
4668.5 76.6667
4669.5 82.6667
4670.5 102.667
4671.5 84
4672.5 84.6667
4673.5 71
4674.5 83.6667
4675.5 67.3333
4676.5 103.667
4677.5 105.667
4678.5 88.6667
4679.5 102.333
4680.5 133
4681.5 157.667
4682.5 183
4683.5 204
4684.5 198
4685.5 196.667
4686.5 154.333
4687.5 116.333
4688.5 115.667
4689.5 113.667
4690.5 85
4691.5 123.667
4692.5 113.333
4693.5 122
4694.5 124
4695.5 85
4696.5 123.333
4697.5 124.333
4698.5 93.3333
4699.5 90.6667
4700.5 78
4701.5 86
4702.5 73
4703.5 79
4704.5 103
4705.5 82.3333
4706.5 71.3333
4707.5 99.3333
4708.5 86.6667
4709.5 82
4710.5 117
4711.5 100.667
4712.5 63.3333
4713.5 83.3333
4714.5 75
4715.5 93.6667
4716.5 92.3333
4717.5 89.6667
4718.5 79
4719.5 94.6667
4720.5 92
4721.5 98.3333
4722.5 97.3333
4723.5 97
4724.5 101.333
4725.5 110.667
4726.5 80
4727.5 109.333
4728.5 136.333
4729.5 140.333
4730.5 115.667
4731.5 105
4732.5 79.3333
4733.5 80
4734.5 94.6667
4735.5 66.3333
4736.5 92
4737.5 77.6667
4738.5 95
4739.5 71
4740.5 83.3333
4741.5 77
4742.5 88.3333
4743.5 108.333
4744.5 108.333
4745.5 101.333
4746.5 96.6667
4747.5 102.333
4748.5 68
4749.5 89.3333
4750.5 64.3333
4751.5 91.6667
4752.5 94
4753.5 81.3333
4754.5 66
4755.5 85.3333
4756.5 83.6667
4757.5 61.6667
4758.5 86.3333
4759.5 63.3333
4760.5 79.3333
4761.5 95
4762.5 81.3333
4763.5 85.6667
4764.5 91.3333
4765.5 87
4766.5 71.6667
4767.5 81.3333
4768.5 83.3333
4769.5 73.6667
4770.5 96.6667
4771.5 78
4772.5 95.3333
4773.5 81.3333
4774.5 89.6667
4775.5 81.6667
4776.5 58.6667
4777.5 59.6667
4778.5 93
4779.5 76
4780.5 70.3333
4781.5 82.6667
4782.5 84
4783.5 88
4784.5 82.6667
4785.5 101
4786.5 109
4787.5 151
4788.5 171.667
4789.5 222.333
4790.5 272
4791.5 340.333
4792.5 338.667
4793.5 270.333
4794.5 231.667
4795.5 154.333
4796.5 105.667
4797.5 97.6667
4798.5 87.3333
4799.5 114.667
4800.5 85
4801.5 87.6667
4802.5 110
4803.5 107.667
4804.5 134.333
4805.5 162
4806.5 255
4807.5 247
4808.5 212.333
4809.5 162.333
4810.5 132.333
4811.5 91.6667
4812.5 138
4813.5 101.667
4814.5 98.3333
4815.5 70
4816.5 88.6667
4817.5 85.6667
4818.5 109
4819.5 73
4820.5 87
4821.5 92
4822.5 59.6667
4823.5 82
4824.5 96.6667
4825.5 81.6667
4826.5 77
4827.5 69
4828.5 71.6667
4829.5 84.6667
4830.5 112.333
4831.5 73.3333
4832.5 83.3333
4833.5 91
4834.5 83.3333
4835.5 107.333
4836.5 132.333
4837.5 140.667
4838.5 185.667
4839.5 268.333
4840.5 380.667
4841.5 542.667
4842.5 641
4843.5 757.667
4844.5 748
4845.5 597.333
4846.5 389.667
4847.5 209
4848.5 183.667
4849.5 129
4850.5 111
4851.5 120.333
4852.5 109.667
4853.5 91.6667
4854.5 118
4855.5 111
4856.5 110.333
4857.5 98.6667
4858.5 80
4859.5 86.3333
4860.5 87.6667
4861.5 105.333
4862.5 101
4863.5 93
4864.5 91
4865.5 87.3333
4866.5 86.3333
4867.5 93.6667
4868.5 97
4869.5 105
4870.5 110
4871.5 102
4872.5 96.6667
4873.5 122
4874.5 107.333
4875.5 122
4876.5 87.6667
4877.5 127.667
4878.5 145
4879.5 152
4880.5 104
4881.5 114
4882.5 114.333
4883.5 93.3333
4884.5 100.667
4885.5 121
4886.5 96.6667
4887.5 104
4888.5 125.667
4889.5 106.333
4890.5 127
4891.5 103.333
4892.5 86
4893.5 96.3333
4894.5 91
4895.5 95
4896.5 90.3333
4897.5 85
4898.5 90.6667
4899.5 104.667
4900.5 118.667
4901.5 121
4902.5 183.333
4903.5 206.667
4904.5 252
4905.5 203.333
4906.5 209
4907.5 145.667
4908.5 134.333
4909.5 81.3333
4910.5 101.667
4911.5 78
4912.5 106
4913.5 89.3333
4914.5 97
4915.5 108
4916.5 144
4917.5 148.333
4918.5 169.667
4919.5 170
4920.5 152
4921.5 131.667
4922.5 125.333
4923.5 103
4924.5 89
4925.5 110.667
4926.5 100.667
4927.5 111.667
4928.5 105
4929.5 94
4930.5 103
4931.5 91.3333
4932.5 93.6667
4933.5 112.667
4934.5 79.6667
4935.5 108.667
4936.5 88
4937.5 81.6667
4938.5 81.3333
4939.5 95.6667
4940.5 121
4941.5 96
4942.5 71.6667
4943.5 89
4944.5 96.3333
4945.5 93.6667
4946.5 102.333
4947.5 97
4948.5 96.6667
4949.5 101.667
4950.5 96
4951.5 84.3333
4952.5 84.6667
4953.5 80.6667
4954.5 118
4955.5 108.333
4956.5 100.333
4957.5 98.6667
4958.5 104
4959.5 103.667
4960.5 105.333
4961.5 107.667
4962.5 114.667
4963.5 116.333
4964.5 145
4965.5 108.667
4966.5 107.333
4967.5 102.667
4968.5 113.333
4969.5 94.6667
4970.5 104.333
4971.5 98.6667
4972.5 114.333
4973.5 94
4974.5 94
4975.5 88.3333
4976.5 93.3333
4977.5 118.667
4978.5 92
4979.5 109.667
4980.5 98.6667
4981.5 107
4982.5 89
4983.5 106.333
4984.5 96.3333
4985.5 104.667
4986.5 119.667
4987.5 110.333
4988.5 107
4989.5 100.333
4990.5 84.3333
4991.5 99.3333
4992.5 110
4993.5 92.3333
4994.5 91.3333
4995.5 77.3333
4996.5 70.3333
4997.5 85
4998.5 105.667
4999.5 110
5000.5 81.6667
5001.5 91.3333
5002.5 98
5003.5 99.6667
5004.5 130
5005.5 168.667
5006.5 193.333
5007.5 153.333
5008.5 153.333
5009.5 106.667
5010.5 132
5011.5 127
5012.5 99.3333
5013.5 119.333
5014.5 112.333
5015.5 111.667
5016.5 102.667
5017.5 112.333
5018.5 128
5019.5 100
5020.5 75
5021.5 93.6667
5022.5 121.667
5023.5 105
5024.5 100
5025.5 112
5026.5 136.667
5027.5 105.667
5028.5 102.333
5029.5 111.667
5030.5 99
5031.5 109
5032.5 97.3333
5033.5 129
5034.5 104.667
5035.5 126
5036.5 102.333
5037.5 104.333
5038.5 115.333
5039.5 118
5040.5 108
5041.5 94.3333
5042.5 100.333
5043.5 126.333
5044.5 82
5045.5 95
5046.5 115.333
5047.5 91.6667
5048.5 86
5049.5 99.3333
5050.5 106.667
5051.5 89
5052.5 98.6667
5053.5 83.3333
5054.5 106.667
5055.5 94.3333
5056.5 113
5057.5 147.667
5058.5 106
5059.5 104.333
5060.5 86
5061.5 105
5062.5 110.333
5063.5 119.333
5064.5 116.333
5065.5 114
5066.5 98
5067.5 89.6667
5068.5 113.667
5069.5 129.667
5070.5 132.333
5071.5 122.667
5072.5 104.333
5073.5 116.333
5074.5 119.333
5075.5 99.3333
5076.5 111
5077.5 82.6667
5078.5 93.3333
5079.5 105.667
5080.5 81.3333
5081.5 101.333
5082.5 95.3333
5083.5 70
5084.5 111.333
5085.5 95
5086.5 89.6667
5087.5 90.3333
5088.5 86.6667
5089.5 124
5090.5 103.667
5091.5 104.333
5092.5 110.667
5093.5 90.6667
5094.5 113.333
5095.5 129.667
5096.5 103.667
5097.5 95.6667
5098.5 102
5099.5 94.6667
5100.5 133.333
5101.5 93
5102.5 130.667
5103.5 132.667
5104.5 108.667
5105.5 118.667
5106.5 94.6667
5107.5 117.667
5108.5 110
5109.5 101.333
5110.5 128.333
5111.5 95.3333
5112.5 100
5113.5 130.667
5114.5 112
5115.5 155.667
5116.5 135.333
5117.5 125
5118.5 127.333
5119.5 103
5120.5 114
5121.5 118.667
5122.5 113
5123.5 108
5124.5 91
5125.5 96.3333
5126.5 111.667
5127.5 112
5128.5 97.3333
5129.5 84.3333
5130.5 87.6667
5131.5 82.6667
5132.5 106.667
5133.5 85.6667
5134.5 101.667
5135.5 104.333
5136.5 96.3333
5137.5 118.333
5138.5 92.3333
5139.5 104.667
5140.5 100
5141.5 88.6667
5142.5 83.3333
5143.5 104.333
5144.5 106.333
5145.5 92
5146.5 72.6667
5147.5 106.667
5148.5 88.6667
5149.5 69
5150.5 97.3333
5151.5 83.3333
5152.5 85
5153.5 111
5154.5 76
5155.5 110.667
5156.5 102.667
5157.5 85.6667
5158.5 76.3333
5159.5 96.6667
5160.5 105
5161.5 73.6667
5162.5 90.6667
5163.5 76
5164.5 83.6667
5165.5 82.6667
5166.5 101
5167.5 73.3333
5168.5 86
5169.5 89.3333
5170.5 79.3333
5171.5 118.667
5172.5 82
5173.5 94
5174.5 71.6667
5175.5 90.3333
5176.5 73.6667
5177.5 76.6667
5178.5 80.3333
5179.5 76.6667
5180.5 97.6667
5181.5 76
5182.5 78.6667
5183.5 72
5184.5 106.667
5185.5 83.6667
5186.5 98.6667
5187.5 102.667
5188.5 114.333
5189.5 125.333
5190.5 163.667
5191.5 209.667
5192.5 303
5193.5 356.333
5194.5 449
5195.5 425
5196.5 421.667
5197.5 293.667
5198.5 185.667
5199.5 125.333
5200.5 101.667
5201.5 99.3333
5202.5 118.667
5203.5 104.333
5204.5 104.667
5205.5 89.3333
5206.5 84.3333
5207.5 79
5208.5 60.6667
5209.5 86.6667
5210.5 84.6667
5211.5 71.3333
5212.5 74.3333
5213.5 82
5214.5 73.3333
5215.5 59
5216.5 75.3333
5217.5 74.6667
5218.5 77
5219.5 73.3333
5220.5 84.3333
5221.5 74.6667
5222.5 78
5223.5 92.3333
5224.5 89.3333
5225.5 81.6667
5226.5 87.3333
5227.5 72.6667
5228.5 105.333
5229.5 79.3333
5230.5 65
5231.5 81.3333
5232.5 79.6667
5233.5 73
5234.5 70.6667
5235.5 101
5236.5 131
5237.5 147
5238.5 172.333
5239.5 171
5240.5 160.667
5241.5 167.667
5242.5 103
5243.5 108
5244.5 91.6667
5245.5 79
5246.5 67.6667
5247.5 82.3333
5248.5 64
5249.5 80.6667
5250.5 67
5251.5 55.3333
5252.5 88.3333
5253.5 60.3333
5254.5 73.6667
5255.5 54.3333
5256.5 75.6667
5257.5 65
5258.5 63
5259.5 69.3333
5260.5 54.3333
5261.5 62
5262.5 60.6667
5263.5 53.6667
5264.5 29
5265.5 50.3333
5266.5 44.6667
5267.5 65
5268.5 41
5269.5 45.3333
5270.5 70
5271.5 45.6667
5272.5 37.6667
5273.5 61.6667
5274.5 66.6667
5275.5 51.3333
5276.5 68.3333
5277.5 49.6667
5278.5 59.3333
5279.5 73.3333
5280.5 70
5281.5 67.6667
5282.5 44.3333
5283.5 38.6667
5284.5 37.3333
5285.5 51
5286.5 56
5287.5 70
5288.5 28.6667
5289.5 52
5290.5 58.6667
5291.5 49.6667
5292.5 74.6667
5293.5 57.6667
5294.5 58
5295.5 69.6667
5296.5 79.6667
5297.5 122.333
5298.5 175
5299.5 220.333
5300.5 363.667
5301.5 499
5302.5 675.667
5303.5 830
5304.5 768.333
5305.5 631.333
5306.5 396
5307.5 210
5308.5 124
5309.5 88
5310.5 85
5311.5 95
5312.5 104.667
5313.5 155.333
5314.5 178.667
5315.5 285.667
5316.5 346.333
5317.5 377.667
5318.5 462.667
5319.5 465.333
5320.5 362
5321.5 257.333
5322.5 178.333
5323.5 138.333
5324.5 104.333
5325.5 68.3333
5326.5 71
5327.5 56.6667
5328.5 54
5329.5 74.3333
5330.5 77.3333
5331.5 63.6667
5332.5 60.3333
5333.5 74.3333
5334.5 61.3333
5335.5 70.6667
5336.5 57.6667
5337.5 59
5338.5 76
5339.5 71.3333
5340.5 71
5341.5 64.6667
5342.5 70.3333
5343.5 73.6667
5344.5 69.6667
5345.5 70.3333
5346.5 65.6667
5347.5 121
5348.5 158.667
5349.5 256.667
5350.5 471.667
5351.5 755
5352.5 1166.67
5353.5 1498.67
5354.5 2008.33
5355.5 2092
5356.5 1706.33
5357.5 1100.67
5358.5 586
5359.5 250.667
5360.5 154.667
5361.5 94.3333
5362.5 53.3333
5363.5 64.6667
5364.5 64.3333
5365.5 53
5366.5 51.6667
5367.5 46.6667
5368.5 49.3333
5369.5 53.3333
5370.5 37
5371.5 31.6667
5372.5 44
5373.5 34.3333
5374.5 52.6667
5375.5 32.6667
5376.5 41.3333
5377.5 46.3333
5378.5 46.3333
5379.5 38.3333
5380.5 42
5381.5 27.3333
5382.5 63.6667
5383.5 36.3333
5384.5 43.6667
5385.5 41
5386.5 15
5387.5 49
5388.5 60.3333
5389.5 50.6667
5390.5 52
5391.5 56.6667
5392.5 66
5393.5 46
5394.5 53.6667
5395.5 73.3333
5396.5 101
5397.5 102.333
5398.5 96.3333
5399.5 59
5400.5 46.6667
5401.5 44.6667
5402.5 42.3333
5403.5 38
5404.5 50.3333
5405.5 43.6667
5406.5 54.3333
5407.5 45.3333
5408.5 50
5409.5 44.3333
5410.5 23.6667
5411.5 47.3333
5412.5 45.6667
5413.5 60
5414.5 35.3333
5415.5 48
5416.5 42.6667
5417.5 40
5418.5 51.6667
5419.5 50.3333
5420.5 50.3333
5421.5 31.3333
5422.5 41.3333
5423.5 35.6667
5424.5 41
5425.5 36
5426.5 44.3333
5427.5 41
5428.5 42
5429.5 37
5430.5 32.3333
5431.5 35
5432.5 37.6667
5433.5 53.6667
5434.5 49
5435.5 45
5436.5 37.3333
5437.5 36.3333
5438.5 52
5439.5 50.3333
5440.5 53.3333
5441.5 37
5442.5 39.3333
5443.5 49.6667
5444.5 61
5445.5 32
5446.5 43
5447.5 25
5448.5 39.6667
5449.5 34.3333
5450.5 27
5451.5 54.6667
5452.5 44
5453.5 58
5454.5 41
5455.5 70.6667
5456.5 63.6667
5457.5 84
5458.5 70.3333
5459.5 70.3333
5460.5 55
5461.5 41
5462.5 52
5463.5 48.6667
5464.5 56.6667
5465.5 39
5466.5 45.3333
5467.5 53.3333
5468.5 42
5469.5 33.6667
5470.5 62.3333
5471.5 63
5472.5 51
5473.5 43.6667
5474.5 55.6667
5475.5 55.6667
5476.5 71.6667
5477.5 82
5478.5 64.6667
5479.5 51
5480.5 60
5481.5 45.6667
5482.5 48
5483.5 46.6667
5484.5 32.3333
5485.5 44.6667
5486.5 43.6667
5487.5 42.6667
5488.5 42.6667
5489.5 55.3333
5490.5 49.3333
5491.5 52.3333
5492.5 30.6667
5493.5 58.3333
5494.5 47
5495.5 67.3333
5496.5 49
5497.5 63
5498.5 26
5499.5 41.3333
5500.5 43.3333
5501.5 33.6667
5502.5 60.6667
5503.5 70.3333
5504.5 59.3333
5505.5 54.6667
5506.5 39.6667
5507.5 37.3333
5508.5 54
5509.5 44
5510.5 55.3333
5511.5 41.6667
5512.5 61.6667
5513.5 52
5514.5 46.3333
5515.5 57
5516.5 49.6667
5517.5 37.3333
5518.5 43.3333
5519.5 73.3333
5520.5 74.6667
5521.5 82.6667
5522.5 94.3333
5523.5 96
5524.5 102.333
5525.5 82
5526.5 82.6667
5527.5 65.3333
5528.5 53.3333
5529.5 55.3333
5530.5 51
5531.5 63
5532.5 46
5533.5 47
5534.5 81
5535.5 77.3333
5536.5 107.667
5537.5 81.6667
5538.5 81.3333
5539.5 54.6667
5540.5 66.3333
5541.5 48
5542.5 35.3333
5543.5 40.3333
5544.5 43.6667
5545.5 56.3333
5546.5 35.6667
5547.5 30.6667
5548.5 34
5549.5 58.6667
5550.5 37.6667
5551.5 52
5552.5 52.3333
5553.5 60
5554.5 42.3333
5555.5 59
5556.5 59
5557.5 59.6667
5558.5 61.6667
5559.5 43
5560.5 56.6667
5561.5 50.3333
5562.5 57.3333
5563.5 62.6667
5564.5 29.3333
5565.5 64.6667
5566.5 41
5567.5 62
5568.5 54
5569.5 52
5570.5 53.3333
5571.5 66.3333
5572.5 68.3333
5573.5 59.6667
5574.5 48
5575.5 47.3333
5576.5 81.6667
5577.5 64.3333
5578.5 104.333
5579.5 83
5580.5 145.667
5581.5 111.667
5582.5 125
5583.5 79.3333
5584.5 72.6667
5585.5 66.6667
5586.5 72
5587.5 49.3333
5588.5 49.3333
5589.5 51
5590.5 48.3333
5591.5 54.6667
5592.5 43.3333
5593.5 45.6667
5594.5 58
5595.5 44.3333
5596.5 47.6667
5597.5 27.6667
5598.5 37
5599.5 53.6667
5600.5 48.3333
5601.5 32
5602.5 41
5603.5 44.3333
5604.5 39
5605.5 46.3333
5606.5 46
5607.5 55.3333
5608.5 56.6667
5609.5 40.6667
5610.5 43.6667
5611.5 42
5612.5 39
5613.5 47.3333
5614.5 35.3333
5615.5 17
5616.5 13.3333
5617.5 55
5618.5 40.3333
5619.5 45
5620.5 51
5621.5 46.3333
5622.5 55.3333
5623.5 77
5624.5 58.3333
5625.5 85.6667
5626.5 99.6667
5627.5 117
5628.5 127.333
5629.5 124.667
5630.5 101.667
5631.5 69
5632.5 48.3333
5633.5 42
5634.5 56
5635.5 32
5636.5 62.3333
5637.5 49.3333
5638.5 35
5639.5 55.3333
5640.5 45.6667
5641.5 45
5642.5 47.3333
5643.5 35.6667
5644.5 44.3333
5645.5 46.3333
5646.5 53.3333
5647.5 32.3333
5648.5 50
5649.5 54.6667
5650.5 39.3333
5651.5 57
5652.5 51.3333
5653.5 40
5654.5 24
5655.5 25.3333
5656.5 38
5657.5 48.6667
5658.5 53.3333
5659.5 33.6667
5660.5 60.6667
5661.5 24.6667
5662.5 46
5663.5 28.3333
5664.5 33.3333
5665.5 41.6667
5666.5 38
5667.5 53
5668.5 30.3333
5669.5 53.6667
5670.5 33.6667
5671.5 49.3333
5672.5 32.3333
5673.5 44.6667
5674.5 25.3333
5675.5 49
5676.5 46
5677.5 43
5678.5 26.3333
5679.5 32.3333
5680.5 45
5681.5 33
5682.5 24
5683.5 40.6667
5684.5 50.3333
5685.5 18
5686.5 43
5687.5 48
5688.5 32.3333
5689.5 39.3333
5690.5 46.6667
5691.5 35
5692.5 43.6667
5693.5 27
5694.5 30.6667
5695.5 29.6667
5696.5 36.3333
5697.5 39.6667
5698.5 34.3333
5699.5 37.6667
5700.5 35.3333
5701.5 35.6667
5702.5 39.3333
5703.5 32.6667
5704.5 42.6667
5705.5 36.6667
5706.5 35
5707.5 31
5708.5 30
5709.5 60.6667
5710.5 57.6667
5711.5 87
5712.5 96.3333
5713.5 106.333
5714.5 78
5715.5 82
5716.5 72.3333
5717.5 57.3333
5718.5 46.3333
5719.5 43
5720.5 57
5721.5 46
5722.5 66
5723.5 43.6667
5724.5 53
5725.5 29.3333
5726.5 27.3333
5727.5 38
5728.5 38.6667
5729.5 34.3333
5730.5 38.6667
5731.5 49.3333
5732.5 36.6667
5733.5 38.6667
5734.5 35.6667
5735.5 38.6667
5736.5 37
5737.5 44
5738.5 20.3333
5739.5 29.3333
5740.5 35
5741.5 36
5742.5 28.3333
5743.5 23.3333
5744.5 17.6667
5745.5 27
5746.5 34
5747.5 36.6667
5748.5 46.3333
5749.5 33.6667
5750.5 45.6667
5751.5 53.6667
5752.5 37
5753.5 42.6667
5754.5 37
5755.5 51
5756.5 52
5757.5 33.6667
5758.5 19.3333
5759.5 40.3333
5760.5 33.6667
5761.5 11
5762.5 18.6667
5763.5 36.6667
5764.5 21.3333
5765.5 37.3333
5766.5 33
5767.5 35.3333
5768.5 42.6667
5769.5 36
5770.5 35
5771.5 14.6667
5772.5 14.3333
5773.5 29
5774.5 31.6667
5775.5 27.6667
5776.5 36.3333
5777.5 27
5778.5 44
5779.5 33.6667
5780.5 37.6667
5781.5 27
5782.5 44.6667
5783.5 37.3333
5784.5 18.3333
5785.5 30.3333
5786.5 23
5787.5 25.6667
5788.5 34
5789.5 25
5790.5 33.6667
5791.5 25.3333
5792.5 30.3333
5793.5 25
5794.5 17.6667
5795.5 24.3333
5796.5 28.6667
5797.5 22
5798.5 34.3333
5799.5 23.6667
5800.5 23
5801.5 26
5802.5 26.3333
5803.5 27.6667
5804.5 36.3333
5805.5 31.6667
5806.5 38.3333
5807.5 29.6667
5808.5 30
5809.5 31.6667
5810.5 31
5811.5 36.6667
5812.5 54
5813.5 64
5814.5 60.3333
5815.5 96.6667
5816.5 93.6667
5817.5 91.6667
5818.5 112.667
5819.5 82.3333
5820.5 57.3333
5821.5 88.3333
5822.5 90.3333
5823.5 144.667
5824.5 230
5825.5 318
5826.5 489.667
5827.5 690.333
5828.5 916
5829.5 1092.67
5830.5 1045
5831.5 855
5832.5 581.333
5833.5 362
5834.5 260.333
5835.5 161
5836.5 108.667
5837.5 63.3333
5838.5 40.3333
5839.5 31
5840.5 16
5841.5 47
5842.5 45
5843.5 38.6667
5844.5 38
5845.5 33
5846.5 12
5847.5 25
5848.5 19
5849.5 22.6667
5850.5 18
5851.5 17.3333
5852.5 21
5853.5 23
5854.5 23.3333
5855.5 31.6667
5856.5 29
5857.5 25.6667
5858.5 13.6667
5859.5 24
5860.5 24
5861.5 21.3333
5862.5 22
5863.5 12
5864.5 17.6667
5865.5 23.3333
5866.5 7.66667
5867.5 14.3333
5868.5 20.6667
5869.5 14.3333
5870.5 11.6667
5871.5 16.6667
5872.5 15.6667
5873.5 17
5874.5 16
5875.5 28
5876.5 20.6667
5877.5 23.3333
5878.5 23.6667
5879.5 29.3333
5880.5 35.6667
5881.5 17
5882.5 15.6667
5883.5 15.6667
5884.5 17.6667
5885.5 14
5886.5 23.6667
5887.5 23
5888.5 14.3333
5889.5 22.3333
5890.5 34
5891.5 21.6667
5892.5 23.3333
5893.5 14.3333
5894.5 24.3333
5895.5 27.3333
5896.5 15.3333
5897.5 19.6667
5898.5 26.6667
5899.5 39
5900.5 35
5901.5 7.99999
5902.5 4
5903.5 25.3333
5904.5 26.3333
5905.5 29.3333
5906.5 27.3333
5907.5 36.6667
5908.5 19
5909.5 51.6667
5910.5 42
5911.5 31.6667
5912.5 23.3333
5913.5 18
5914.5 32
5915.5 23
5916.5 19.6667
5917.5 20.6667
5918.5 20.3333
5919.5 23.6667
5920.5 16
5921.5 27.6667
5922.5 18.6667
5923.5 14.3333
5924.5 22
5925.5 26.3333
5926.5 27
5927.5 17.6667
5928.5 11.3333
5929.5 5.66667
5930.5 9
5931.5 15
5932.5 35.6667
5933.5 13
5934.5 16.6667
5935.5 20.3333
5936.5 24
5937.5 23.3333
5938.5 11
5939.5 26
5940.5 14
5941.5 11.6667
5942.5 19
5943.5 17
5944.5 27
5945.5 19.6667
5946.5 19
5947.5 21.3333
5948.5 22.6667
5949.5 32.6667
5950.5 16.3333
5951.5 22.3333
5952.5 16
5953.5 5.33333
5954.5 14.3333
5955.5 26.3333
5956.5 19.3333
5957.5 20.3333
5958.5 7.66667
5959.5 20.6667
5960.5 32
5961.5 10.6667
5962.5 22.6667
5963.5 37.6667
5964.5 55
5965.5 66
5966.5 100
5967.5 121.667
5968.5 109
5969.5 84.3333
5970.5 80.6667
5971.5 65
5972.5 31.6667
5973.5 36.3333
5974.5 23.6667
5975.5 29.3333
5976.5 34.3333
5977.5 19.6667
5978.5 9.66667
5979.5 19.6667
5980.5 11.3333
5981.5 20
5982.5 20.3333
5983.5 23
5984.5 19.6667
5985.5 10.3333
5986.5 9
5987.5 22.3333
5988.5 22.3333
5989.5 24.3333
5990.5 16.6667
5991.5 17.6667
5992.5 23.6667
5993.5 15.6667
5994.5 24.6667
5995.5 21.6667
5996.5 25
5997.5 2
5998.5 18.6667
5999.5 12.6667
6000.5 7.66666
6001.5 11.6667
6002.5 29.6667
6003.5 16.6667
6004.5 10
6005.5 40.3333
6006.5 10.3333
6007.5 14
6008.5 21.6667
6009.5 10.6667
6010.5 31.3333
6011.5 8.33333
6012.5 17.6667
6013.5 17.6667
6014.5 16.6667
6015.5 26.3333
6016.5 16
6017.5 22.6667
6018.5 31.3333
6019.5 23.3333
6020.5 20
6021.5 18.3333
6022.5 19
6023.5 10.3333
6024.5 24
6025.5 15.6667
6026.5 36
6027.5 22.3333
6028.5 25.6667
6029.5 34.6667
6030.5 81.3333
6031.5 89
6032.5 127
6033.5 119.333
6034.5 129.333
6035.5 104.333
6036.5 95.3333
6037.5 68.3333
6038.5 77
6039.5 69.6667
6040.5 43
6041.5 39.3333
6042.5 39.6667
6043.5 18.6667
6044.5 12
6045.5 11.6667
6046.5 38.3333
6047.5 13.3333
6048.5 20
6049.5 19
6050.5 18.3333
6051.5 13.3333
6052.5 16
6053.5 19.3333
6054.5 17
6055.5 40
6056.5 18.3333
6057.5 33
6058.5 22.6667
6059.5 16
6060.5 15.6667
6061.5 15.6667
6062.5 34.3333
6063.5 27.6667
6064.5 33.3333
6065.5 31.3333
6066.5 37
6067.5 29.3333
6068.5 31.3333
6069.5 20
6070.5 17.3333
6071.5 25.6667
6072.5 13.3333
6073.5 22.3333
6074.5 23
6075.5 24.6667
6076.5 22
6077.5 32.3333
6078.5 20
6079.5 14
6080.5 25
6081.5 16.6667
6082.5 27.6667
6083.5 26
6084.5 22.3333
6085.5 14.6667
6086.5 21.6667
6087.5 10.6667
6088.5 36.6667
6089.5 28.3333
6090.5 16.3333
6091.5 12.6667
6092.5 14.3333
6093.5 13.3333
6094.5 16.3333
6095.5 6.66667
6096.5 16.3333
6097.5 19.3333
6098.5 22.6667
6099.5 25
6100.5 17.6667
6101.5 35.3333
6102.5 14
6103.5 13.3333
6104.5 25
6105.5 26.6667
6106.5 33.3333
6107.5 18.3333
6108.5 25.3333
6109.5 12
6110.5 22.6667
6111.5 16
6112.5 16
6113.5 18.6667
6114.5 18.6667
6115.5 16.3333
6116.5 20.3333
6117.5 10.6667
6118.5 8.33333
6119.5 14
6120.5 12
6121.5 3.66666
6122.5 14.6667
6123.5 -2.66667
6124.5 -47.6667
6125.5 4.99999
6126.5 2.33333
6127.5 26.6667
6128.5 2
6129.5 -1.33333
6130.5 14
6131.5 20
6132.5 9.33333
6133.5 11
6134.5 22.3333
6135.5 16.3333
6136.5 19.6667
6137.5 28.3333
6138.5 17.6667
6139.5 19
6140.5 21
6141.5 29.3333
6142.5 28.6667
6143.5 25.3333
6144.5 19
6145.5 19
6146.5 24
6147.5 27.6667
6148.5 14.6667
6149.5 15.3333
6150.5 21
6151.5 21.3333
6152.5 37
6153.5 29.3333
6154.5 29
6155.5 21.3333
6156.5 23
6157.5 12.6667
6158.5 7.33333
6159.5 17.6667
6160.5 18
6161.5 11.3333
6162.5 16
6163.5 20
6164.5 15.3333
6165.5 23
6166.5 16.3333
6167.5 6.33333
6168.5 15.6667
6169.5 15.6667
6170.5 13.6667
6171.5 23.6667
6172.5 16
6173.5 10.6667
6174.5 20.3333
6175.5 13
6176.5 12
6177.5 11.6667
6178.5 23.3333
6179.5 21
6180.5 12.3333
6181.5 15
6182.5 9.33333
6183.5 12.3333
6184.5 18.6667
6185.5 16.6667
6186.5 17.6667
6187.5 18.3333
6188.5 9.33333
6189.5 30.3333
6190.5 19
6191.5 17
6192.5 14.6667
6193.5 11.6667
6194.5 19
6195.5 9
6196.5 5.33333
6197.5 28
6198.5 10.3333
6199.5 16.3333
6200.5 9.66667
6201.5 14
6202.5 8.33333
6203.5 15.3333
6204.5 21
6205.5 24.6667
6206.5 15.3333
6207.5 5.66667
6208.5 32.6667
6209.5 19
6210.5 21.3333
6211.5 21.6667
6212.5 6.66667
6213.5 16
6214.5 22.3333
6215.5 25
6216.5 21.3333
6217.5 27
6218.5 32.3333
6219.5 43.6667
6220.5 63.3333
6221.5 64.6667
6222.5 101.333
6223.5 125.333
6224.5 155.667
6225.5 145.667
6226.5 119.667
6227.5 88
6228.5 56.3333
6229.5 36.3333
6230.5 21
6231.5 19.3333
6232.5 19
6233.5 10.6667
6234.5 12.6667
6235.5 15.6667
6236.5 15
6237.5 17.6667
6238.5 8
6239.5 22
6240.5 14.3333
6241.5 23
6242.5 16.3333
6243.5 14
6244.5 13.6667
6245.5 10
6246.5 26.6667
6247.5 15
6248.5 14
6249.5 17.6667
6250.5 23.6667
6251.5 23.3333
6252.5 16.6667
6253.5 15.3333
6254.5 18
6255.5 19
6256.5 38.3333
6257.5 49
6258.5 36.3333
6259.5 67.3333
6260.5 64
6261.5 55.6667
6262.5 48
6263.5 30.3333
6264.5 26
6265.5 16
6266.5 22.3333
6267.5 3.66667
6268.5 17.3333
6269.5 7.66667
6270.5 12
6271.5 21
6272.5 7.33333
6273.5 10.3333
6274.5 5.33333
6275.5 5.66667
6276.5 13
6277.5 14.6667
6278.5 14
6279.5 18.3333
6280.5 16
6281.5 11.6667
6282.5 9
6283.5 29.3333
6284.5 19.3333
6285.5 11
6286.5 15.6667
6287.5 20
6288.5 15
6289.5 12.3333
6290.5 6
6291.5 17.3333
6292.5 9.33333
6293.5 19.6667
6294.5 10.6667
6295.5 18
6296.5 8.66667
6297.5 14
6298.5 7.66667
6299.5 19.6667
6300.5 15.3333
6301.5 12.6667
6302.5 6.33333
6303.5 21
6304.5 9.33333
6305.5 -1.66667
6306.5 10.3333
6307.5 12.6667
6308.5 17.3333
6309.5 5
6310.5 22.3333
6311.5 10.6667
6312.5 15.3333
6313.5 8
6314.5 12.3333
6315.5 12
6316.5 13.6667
6317.5 13.6667
6318.5 11.3333
6319.5 17
6320.5 28.3333
6321.5 33
6322.5 40.6667
6323.5 76.3333
6324.5 92
6325.5 114
6326.5 144.667
6327.5 174
6328.5 186.667
6329.5 149.333
6330.5 75.3333
6331.5 60
6332.5 23.3333
6333.5 22
6334.5 18
6335.5 10.6667
6336.5 17.6667
6337.5 20
6338.5 16.3333
6339.5 10.6667
6340.5 9
6341.5 9.66667
6342.5 10.6667
6343.5 10
6344.5 20.3333
6345.5 6.66667
6346.5 14
6347.5 6.33333
6348.5 9.33333
6349.5 5.66667
6350.5 11.3333
6351.5 7.33333
6352.5 12.6667
6353.5 22
6354.5 16
6355.5 8.33333
6356.5 2.66667
6357.5 16.3333
6358.5 9
6359.5 16.3333
6360.5 13.6667
6361.5 18.6667
6362.5 6
6363.5 21.3333
6364.5 5.33333
6365.5 9.66667
6366.5 4.66667
6367.5 7.33333
6368.5 11
6369.5 5.33333
6370.5 10
6371.5 6.33333
6372.5 11.6667
6373.5 19.3333
6374.5 7.33333
6375.5 6
6376.5 9
6377.5 12.3333
6378.5 7.66667
6379.5 6.66667
6380.5 7.33333
6381.5 5
6382.5 11.3333
6383.5 11
6384.5 9
6385.5 6
6386.5 9
6387.5 4
6388.5 3
6389.5 9.33333
6390.5 7.66667
6391.5 6.33333
6392.5 12
6393.5 7
6394.5 5.33333
6395.5 8.66667
6396.5 9.66667
6397.5 13.3333
6398.5 8
6399.5 14.6667
6400.5 11.3333
6401.5 7.66667
6402.5 11.3333
6403.5 5.66667
6404.5 4.66667
6405.5 18
6406.5 -0.333334
6407.5 8.33333
6408.5 2.33333
6409.5 4
6410.5 9
6411.5 8
6412.5 13.3333
6413.5 11.6667
6414.5 9
6415.5 16.3333
6416.5 11.6667
6417.5 12.6667
6418.5 21
6419.5 23.6667
6420.5 14
6421.5 12
6422.5 27
6423.5 17.6667
6424.5 38.3333
6425.5 18
6426.5 24.3333
6427.5 23
6428.5 12.3333
6429.5 31.6667
6430.5 36.3333
6431.5 42
6432.5 56.3333
6433.5 30.3333
6434.5 26.6667
6435.5 12.3333
6436.5 15
6437.5 10
6438.5 11.3333
6439.5 18.3333
6440.5 11.6667
6441.5 13
6442.5 11.3333
6443.5 14.6667
6444.5 7
6445.5 12
6446.5 16
6447.5 7
6448.5 5.66667
6449.5 7.66667
6450.5 18.3333
6451.5 12.3333
6452.5 16.6667
6453.5 11
6454.5 14
6455.5 15.6667
6456.5 5
6457.5 14
6458.5 19
6459.5 10.3333
6460.5 7.66667
6461.5 16.3333
6462.5 12
6463.5 10
6464.5 11
6465.5 10.6667
6466.5 12.6667
6467.5 6.33333
6468.5 9.66667
6469.5 16.6667
6470.5 4
6471.5 14.6667
6472.5 20.6667
6473.5 35
6474.5 64.3333
6475.5 77
6476.5 121
6477.5 150
6478.5 184.667
6479.5 229.333
6480.5 191.333
6481.5 166.333
6482.5 107
6483.5 68
6484.5 34
6485.5 17.6667
6486.5 15
6487.5 14
6488.5 12.6667
6489.5 5
6490.5 11.6667
6491.5 9.66667
6492.5 16.6667
6493.5 9.66667
6494.5 12.3333
6495.5 4.33333
6496.5 11.3333
6497.5 3.33333
6498.5 7.33333
6499.5 14
6500.5 17.3333
6501.5 4
6502.5 10.3333
6503.5 17.6667
6504.5 13.6667
6505.5 11.6667
6506.5 5.66667
6507.5 12
6508.5 10.6667
6509.5 13.3333
6510.5 16
6511.5 12
6512.5 13.3333
6513.5 10
6514.5 13
6515.5 5
6516.5 8
6517.5 2
6518.5 10.6667
6519.5 6.33333
6520.5 8.66667
6521.5 12.6667
6522.5 12
6523.5 6
6524.5 8.33333
6525.5 6.66667
6526.5 11.3333
6527.5 9
6528.5 12
6529.5 5
6530.5 13.6667
6531.5 7.33333
6532.5 8
6533.5 7
6534.5 21
6535.5 4.33333
6536.5 4.66667
6537.5 17.6667
6538.5 7
6539.5 13.3333
6540.5 17.3333
6541.5 3.33333
6542.5 16.6667
6543.5 19.3333
6544.5 2.33333
6545.5 8
6546.5 2.33333
6547.5 10.3333
6548.5 14
6549.5 11
6550.5 11
6551.5 10.3333
6552.5 14.3333
6553.5 6
6554.5 12.3333
6555.5 10.3333
6556.5 9.66667
6557.5 14.3333
6558.5 11
6559.5 8
6560.5 4.66667
6561.5 5.66667
6562.5 3.66667
6563.5 10.6667
6564.5 13.6667
6565.5 14
6566.5 3.66667
6567.5 12
6568.5 5.66667
6569.5 2.33333
6570.5 19.3333
6571.5 6.33333
6572.5 10.3333
6573.5 21
6574.5 16
6575.5 10.3333
6576.5 28.3333
6577.5 23
6578.5 36.6667
6579.5 45
6580.5 18.3333
6581.5 20.6667
6582.5 6.33333
6583.5 7
6584.5 2.66667
6585.5 7
6586.5 9
6587.5 6
6588.5 15.3333
6589.5 13.3333
6590.5 5
6591.5 14.3333
6592.5 12
6593.5 5.33333
6594.5 5.33333
6595.5 13
6596.5 13
6597.5 7.66667
6598.5 8.66667
6599.5 18.3333
6600.5 18
6601.5 12
6602.5 10.3333
6603.5 10
6604.5 6
6605.5 12
6606.5 2
6607.5 8.33333
6608.5 3
6609.5 13
6610.5 8.33333
6611.5 7.33333
6612.5 16
6613.5 11
6614.5 4.33333
6615.5 17
6616.5 5.66667
6617.5 14.6667
6618.5 6.66667
6619.5 6
6620.5 5.33333
6621.5 1.66667
6622.5 7.66667
6623.5 10
6624.5 20.6667
6625.5 3
6626.5 4.33333
6627.5 8
6628.5 13.3333
6629.5 8.33333
6630.5 6.66667
6631.5 9
6632.5 7
6633.5 5.33333
6634.5 12.3333
6635.5 16
6636.5 12.6667
6637.5 11.3333
6638.5 3.66667
6639.5 4.33333
6640.5 11
6641.5 6.66667
6642.5 11.3333
6643.5 6
6644.5 8.66667
6645.5 12.3333
6646.5 2.66667
6647.5 9.33333
6648.5 17
6649.5 10.3333
6650.5 21.6667
6651.5 13.3333
6652.5 16.3333
6653.5 21
6654.5 10
6655.5 10.6667
6656.5 5.66667
6657.5 9.33333
6658.5 11.6667
6659.5 7
6660.5 10.6667
6661.5 6
6662.5 9.33333
6663.5 7.33333
6664.5 5.33333
6665.5 7.66667
6666.5 11.3333
6667.5 8
6668.5 5
6669.5 9.66667
6670.5 14
6671.5 2.33333
6672.5 10.3333
6673.5 10
6674.5 12.6667
6675.5 9.66667
6676.5 2.33333
6677.5 18.3333
6678.5 0.666667
6679.5 8.33333
6680.5 4
6681.5 3
6682.5 16.6667
6683.5 11.6667
6684.5 8.33333
6685.5 2.33333
6686.5 3
6687.5 13
6688.5 16
6689.5 8
6690.5 5.33333
6691.5 3.66667
6692.5 12.6667
6693.5 3.33333
6694.5 12.6667
6695.5 11
6696.5 8.66667
6697.5 6.33333
6698.5 8.33333
6699.5 8.33333
6700.5 12.3333
6701.5 1
6702.5 5.33333
6703.5 10.3333
6704.5 9.66667
6705.5 7.66667
6706.5 7.66667
6707.5 9.33333
6708.5 4.66667
6709.5 12.3333
6710.5 12.6667
6711.5 3
6712.5 15.6667
6713.5 10
6714.5 0.333333
6715.5 3.66667
6716.5 7.33333
6717.5 9
6718.5 5
6719.5 6.33333
6720.5 4.66667
6721.5 10
6722.5 11
6723.5 9
6724.5 10
6725.5 10.3333
6726.5 21
6727.5 13
6728.5 18.6667
6729.5 23
6730.5 20.6667
6731.5 28.3333
6732.5 21.3333
6733.5 14
6734.5 10.3333
6735.5 8.33333
6736.5 7
6737.5 9.66667
6738.5 9
6739.5 4
6740.5 4.33333
6741.5 9
6742.5 9
6743.5 6.66667
6744.5 4.66667
6745.5 13
6746.5 12
6747.5 12.6667
6748.5 4
6749.5 10.6667
6750.5 2.33333
6751.5 13
6752.5 3
6753.5 8.33333
6754.5 12
6755.5 7
6756.5 5
6757.5 14
6758.5 12
6759.5 7.66667
6760.5 5
6761.5 16
6762.5 12.6667
6763.5 7
6764.5 20
6765.5 15.3333
6766.5 27.6667
6767.5 26
6768.5 55
6769.5 74.6667
6770.5 81.6667
6771.5 98.3333
6772.5 98.3333
6773.5 95
6774.5 65
6775.5 35
6776.5 26
6777.5 12.3333
6778.5 15.6667
6779.5 20.6667
6780.5 11.3333
6781.5 7.66667
6782.5 8
6783.5 6.33333
6784.5 7
6785.5 9.66667
6786.5 16.6667
6787.5 9.66667
6788.5 3
6789.5 7.66667
6790.5 13
6791.5 5.33333
6792.5 5
6793.5 6.66667
6794.5 3
6795.5 11.6667
6796.5 5.33333
6797.5 7
6798.5 6.33333
6799.5 5.33333
6800.5 4
6801.5 5.33333
6802.5 5.33333
6803.5 12
6804.5 -0.666667
6805.5 6
6806.5 12.6667
6807.5 12
6808.5 2.33333
6809.5 9.33333
6810.5 6.33333
6811.5 -4
6812.5 6.33333
6813.5 3
6814.5 9.33333
6815.5 4
6816.5 1.66667
6817.5 10.6667
6818.5 3
6819.5 1
6820.5 4.33333
6821.5 9.66667
6822.5 -1.66667
6823.5 3
6824.5 13
6825.5 8
6826.5 7
6827.5 4
6828.5 6.33333
6829.5 4
6830.5 5
6831.5 7.33333
6832.5 5
6833.5 6
6834.5 4.66667
6835.5 -1.33333
6836.5 9.66667
6837.5 5.66667
6838.5 2.66667
6839.5 0.666667
6840.5 -2.66667
6841.5 0.666666
6842.5 -3.66667
6843.5 8
6844.5 11
6845.5 8
6846.5 7
6847.5 9.66667
6848.5 1.66667
6849.5 2.66667
6850.5 9
6851.5 6.33333
6852.5 6.33333
6853.5 6.66667
6854.5 0.333333
6855.5 7.33333
6856.5 3.33333
6857.5 9
6858.5 3
6859.5 6.66667
6860.5 8.33333
6861.5 4
6862.5 5.33333
6863.5 2.33333
6864.5 11
6865.5 2.33333
6866.5 2.33333
6867.5 3.66667
6868.5 7.33333
6869.5 7.33333
6870.5 9.66667
6871.5 5
6872.5 10
6873.5 -1
6874.5 5.33333
6875.5 5
6876.5 6.66667
6877.5 2.66667
6878.5 6.66667
6879.5 1
6880.5 4.33333
6881.5 5.33333
6882.5 1
6883.5 1.66667
6884.5 5
6885.5 0.666667
6886.5 1.66667
6887.5 2
6888.5 3.33333
6889.5 3.33333
6890.5 3
6891.5 3
6892.5 4.33333
6893.5 5.66667
6894.5 5.33333
6895.5 6
6896.5 2
6897.5 0.666667
6898.5 2
6899.5 3.66667
6900.5 13
6901.5 -0.666667
6902.5 9.33333
6903.5 6
6904.5 4.33333
6905.5 2.66667
6906.5 -1.33333
6907.5 1.33333
6908.5 4.66667
6909.5 2
6910.5 3.66667
6911.5 3.66667
6912.5 5.66667
6913.5 7.33333
6914.5 4.66667
6915.5 2.66667
6916.5 4.66667
6917.5 4.66667
6918.5 10.6667
6919.5 3.33333
6920.5 -4.33333
6921.5 -2
6922.5 7
6923.5 -1
6924.5 1.33333
6925.5 2.66667
6926.5 3.66667
6927.5 10.3333
6928.5 8
6929.5 12.6667
6930.5 -3.33333
6931.5 11.6667
6932.5 9.66667
6933.5 31.3333
6934.5 25.3333
6935.5 40
6936.5 39.6667
6937.5 46
6938.5 68
6939.5 50
6940.5 84
6941.5 93.3333
6942.5 105.333
6943.5 123
6944.5 116.667
6945.5 71.3333
6946.5 50.6667
6947.5 30
6948.5 24.6667
6949.5 12.3333
6950.5 10.3333
6951.5 8.66667
6952.5 7.33333
6953.5 4.66667
6954.5 6
6955.5 3.33333
6956.5 4.33333
6957.5 2.66667
6958.5 6.66667
6959.5 7.33333
6960.5 9.66667
6961.5 3.33333
6962.5 13.6667
6963.5 3
6964.5 5
6965.5 8
6966.5 4.33333
6967.5 3.66667
6968.5 11.6667
6969.5 6.66667
6970.5 6
6971.5 2.66667
6972.5 6
6973.5 5
6974.5 11
6975.5 8.66667
6976.5 -2.66667
6977.5 4.33333
6978.5 -4.66667
6979.5 -2.33333
6980.5 -1.66667
6981.5 6
6982.5 4.66667
6983.5 8.33333
6984.5 10.6667
6985.5 10
6986.5 5.33333
6987.5 6.33333
6988.5 8
6989.5 8
6990.5 3.66667
6991.5 5.66667
6992.5 7.33333
6993.5 4.33333
6994.5 3.33333
6995.5 7
6996.5 3
6997.5 4.66667
6998.5 2
6999.5 6.66667
7000.5 1.66667
7001.5 6
7002.5 11
7003.5 2.66667
7004.5 8.66667
7005.5 6
7006.5 4
7007.5 3.33333
7008.5 4.66667
7009.5 7.33333
7010.5 8
7011.5 4.66667
7012.5 4.66667
7013.5 3
7014.5 2.33333
7015.5 5
7016.5 3.33333
7017.5 12.6667
7018.5 11
7019.5 6
7020.5 11.3333
7021.5 8.66667
7022.5 1.33333
7023.5 5.33333
7024.5 9.33333
7025.5 6.33333
7026.5 7.33333
7027.5 11
7028.5 9
7029.5 5.66667
7030.5 4
7031.5 0.666667
7032.5 3.66667
7033.5 4.33333
7034.5 7.66667
7035.5 3
7036.5 6.33333
7037.5 4.33333
7038.5 4.66667
7039.5 7.66667
7040.5 4.33333
7041.5 4
7042.5 5
7043.5 2.33333
7044.5 7
7045.5 -0.666667
7046.5 6
7047.5 6.66667
7048.5 7.66667
7049.5 7.33333
7050.5 5
7051.5 3
7052.5 5.66667
7053.5 13.6667
7054.5 9.33333
7055.5 8
7056.5 0.666667
7057.5 4.33333
7058.5 4
7059.5 6
7060.5 5.66667
7061.5 8.33333
7062.5 6.33333
7063.5 5.66667
7064.5 9
7065.5 2.66667
7066.5 7.33333
7067.5 2.66667
7068.5 6.66667
7069.5 8
7070.5 11.3333
7071.5 9.33333
7072.5 5
7073.5 5.33333
7074.5 8.66667
7075.5 4.33333
7076.5 4
7077.5 5.33333
7078.5 8
7079.5 8.33333
7080.5 4.33333
7081.5 3.33333
7082.5 15
7083.5 2.33333
7084.5 10.6667
7085.5 1.66667
7086.5 2.66667
7087.5 8
7088.5 9
7089.5 9
7090.5 4.66667
7091.5 7.33333
7092.5 2.33333
7093.5 1.66667
7094.5 7
7095.5 5.66667
7096.5 7.66667
7097.5 8.33333
7098.5 9
7099.5 4.66667
7100.5 1
7101.5 2.66667
7102.5 5
7103.5 4
7104.5 7
7105.5 8.33333
7106.5 1.33333
7107.5 4
7108.5 4.66667
7109.5 7.33333
7110.5 7
7111.5 7.66667
7112.5 9.33333
7113.5 8
7114.5 9
7115.5 8.66667
7116.5 3.66667
7117.5 0.333333
7118.5 9.33333
7119.5 3.66667
7120.5 3.33333
7121.5 5.66667
7122.5 5
7123.5 3.66667
7124.5 14
7125.5 2
7126.5 7.66667
7127.5 4
7128.5 6
7129.5 7.66667
7130.5 3.33333
7131.5 3
7132.5 7.66667
7133.5 7.66667
7134.5 7.33333
7135.5 5
7136.5 5.66667
7137.5 5
7138.5 4.66667
7139.5 11
7140.5 2.66667
7141.5 6.66667
7142.5 3.66667
7143.5 2
7144.5 6
7145.5 3.33333
7146.5 6.66667
7147.5 5.33333
7148.5 3.33333
7149.5 5.33333
7150.5 5.66667
7151.5 2
7152.5 3.66667
7153.5 9.33333
7154.5 8
7155.5 7.33333
7156.5 5.33333
7157.5 3.66667
7158.5 5.33333
7159.5 3.33333
7160.5 8.33333
7161.5 4.33333
7162.5 7
7163.5 6.66667
7164.5 9
7165.5 14.3333
7166.5 6.33333
7167.5 8.66667
7168.5 4.33333
7169.5 8
7170.5 5
7171.5 4
7172.5 3
7173.5 8
7174.5 4.66667
7175.5 10.6667
7176.5 4
7177.5 2.66667
7178.5 13
7179.5 5.33333
7180.5 4.66667
7181.5 3.33333
7182.5 7.33333
7183.5 5.66667
7184.5 6.33333
7185.5 8.66667
7186.5 4.66667
7187.5 7.33333
7188.5 10.6667
7189.5 6.33333
7190.5 3.33333
7191.5 8.66667
7192.5 10.6667
7193.5 8.33333
7194.5 6.66667
7195.5 6
7196.5 8.33333
7197.5 7.33333
7198.5 7.66667
7199.5 12.6667
7200.5 9.66667
7201.5 2.33333
7202.5 4.66667
7203.5 7.33333
7204.5 14.3333
7205.5 5
7206.5 10.6667
7207.5 4.33333
7208.5 9.33333
7209.5 9.33333
7210.5 12
7211.5 6.33333
7212.5 13
7213.5 5.66667
7214.5 2
7215.5 4
7216.5 7
7217.5 6.33333
7218.5 7.33333
7219.5 6.33333
7220.5 6.66667
7221.5 7.66667
7222.5 4
7223.5 2.66667
7224.5 13.3333
7225.5 5.33333
7226.5 0.666667
7227.5 6.33333
7228.5 5
7229.5 6
7230.5 4.33333
7231.5 7
7232.5 -0.333333
7233.5 7.33333
7234.5 7.33333
7235.5 3.33333
7236.5 9
7237.5 3
7238.5 1
7239.5 6.33333
7240.5 8.66667
7241.5 5
7242.5 2.33333
7243.5 2
7244.5 7.33333
7245.5 7.66667
7246.5 6.66667
7247.5 6.66667
7248.5 4
7249.5 6.33333
7250.5 6.66667
7251.5 6.33333
7252.5 11.3333
7253.5 9.33333
7254.5 7.33333
7255.5 4.66667
7256.5 9.33333
7257.5 2.33333
7258.5 8.33333
7259.5 13.6667
7260.5 9.33333
7261.5 6.66667
7262.5 6.33333
7263.5 11.3333
7264.5 8.33333
7265.5 0.666667
7266.5 6.33333
7267.5 4.66667
7268.5 5.33333
7269.5 15.3333
7270.5 10
7271.5 5.66667
7272.5 4
7273.5 4.66667
7274.5 6
7275.5 6
7276.5 0.333333
7277.5 14.3333
7278.5 4.33333
7279.5 9.66667
7280.5 13
7281.5 3.33333
7282.5 10
7283.5 7
7284.5 4
7285.5 4.33333
7286.5 9.33333
7287.5 8
7288.5 8.33333
7289.5 8
7290.5 2.66667
7291.5 6.33333
7292.5 6.66667
7293.5 6.33333
7294.5 9
7295.5 8.66667
7296.5 8.33333
7297.5 4.33333
7298.5 5
7299.5 7.33333
7300.5 7.66667
7301.5 9.33333
7302.5 2.33333
7303.5 7.66667
7304.5 3.33333
7305.5 4.33333
7306.5 1
7307.5 0.333333
7308.5 4.33333
7309.5 7.66667
7310.5 8.33333
7311.5 3.66667
7312.5 8.33333
7313.5 8.66667
7314.5 7.33333
7315.5 8.33333
7316.5 2
7317.5 -1.33333
7318.5 4.33333
7319.5 -0.333333
7320.5 4.66667
7321.5 5.66667
7322.5 10.3333
7323.5 5.66667
7324.5 3.33333
7325.5 4.33333
7326.5 6
7327.5 3
7328.5 4
7329.5 5
7330.5 7.33333
7331.5 7
7332.5 3.66667
7333.5 7.33333
7334.5 5.33333
7335.5 9.33333
7336.5 3.33333
7337.5 -0.333333
7338.5 1.66667
7339.5 6
7340.5 4
7341.5 1.33333
7342.5 4
7343.5 2.66667
7344.5 3.33333
7345.5 3.33333
7346.5 2.33333
7347.5 1.66667
7348.5 4
7349.5 0.333333
7350.5 3.66667
7351.5 2.66667
7352.5 -2.38419e-07
7353.5 8
7354.5 3.66667
7355.5 3
7356.5 2.66667
7357.5 1
7358.5 3.66667
7359.5 -1.33333
7360.5 -0.333333
7361.5 2
7362.5 2
7363.5 1
7364.5 5.33333
7365.5 -0.333333
7366.5 3.66667
7367.5 7
7368.5 2.33333
7369.5 0.333333
7370.5 3.66667
7371.5 2.66667
7372.5 1
7373.5 4.66667
7374.5 1.33333
7375.5 0.333333
7376.5 1.33333
7377.5 0
7378.5 0.666667
7379.5 1.66667
7380.5 5.66667
7381.5 2.33333
7382.5 5.33333
7383.5 5
7384.5 2.33333
7385.5 3
7386.5 3.66667
7387.5 5
7388.5 3.33333
7389.5 1.33333
7390.5 1.33333
7391.5 -2.66667
7392.5 0
7393.5 1
7394.5 1.66667
7395.5 4.33333
7396.5 3
7397.5 1.66667
7398.5 1.33333
7399.5 0
7400.5 1.66667
7401.5 4.33333
7402.5 2
7403.5 3.33333
7404.5 3
7405.5 2.33333
7406.5 4.33333
7407.5 2.33333
7408.5 2.33333
7409.5 2.33333
7410.5 -5.96046e-08
7411.5 2.33333
7412.5 3.33333
7413.5 -1.66667
7414.5 1.33333
7415.5 2.33333
7416.5 -0.333334
7417.5 -2
7418.5 -4.33333
7419.5 -5.96046e-08
7420.5 -1.19209e-07
7421.5 -0.333333
7422.5 4.33333
7423.5 1
7424.5 1.33333
7425.5 6.33333
7426.5 1
7427.5 1.66667
7428.5 3.33333
7429.5 1.66667
7430.5 2.33333
7431.5 6
7432.5 3
7433.5 3
7434.5 4.66667
7435.5 2.33333
7436.5 -1.33333
7437.5 3.66667
7438.5 3.33333
7439.5 -5.96046e-08
7440.5 5.33333
7441.5 3
7442.5 4
7443.5 10.3333
7444.5 11
7445.5 17
7446.5 20
7447.5 29.3333
7448.5 66.3333
7449.5 66
7450.5 106.333
7451.5 136
7452.5 186.333
7453.5 187.333
7454.5 212.667
7455.5 182.333
7456.5 128.333
7457.5 80.3333
7458.5 45
7459.5 33.3333
7460.5 10.6667
7461.5 10.3333
7462.5 5.66667
7463.5 3
7464.5 11.6667
7465.5 9.33333
7466.5 2
7467.5 4
7468.5 1
7469.5 2.33333
7470.5 -0.333333
7471.5 -0.666667
7472.5 1
7473.5 -0.666667
7474.5 4
7475.5 -1.33333
7476.5 0.333333
7477.5 2
7478.5 1
7479.5 1
7480.5 -1.66667
7481.5 1.66667
7482.5 -1
7483.5 -2.66667
7484.5 2.33333
7485.5 1.33333
7486.5 1
7487.5 1
7488.5 -5.96046e-08
7489.5 -0.333333
7490.5 0
7491.5 2
7492.5 -0.333333
7493.5 0.333333
7494.5 1.33333
7495.5 -0.333333
7496.5 -5.96046e-08
7497.5 0
7498.5 -0.666667
7499.5 -0.666667
7500.5 1.66667
7501.5 1.33333
7502.5 -0.666667
7503.5 1
7504.5 2.66667
7505.5 -2
7506.5 1
7507.5 3.33333
7508.5 1
7509.5 -0.666667
7510.5 0.333333
7511.5 0
7512.5 -0.333333
7513.5 0.666667
7514.5 0.333333
7515.5 -0.666667
7516.5 -0.333333
7517.5 2
7518.5 -1
7519.5 1
7520.5 1.33333
7521.5 2.33333
7522.5 -1.33333
7523.5 2
7524.5 0.333333
7525.5 0.333333
7526.5 1
7527.5 0
7528.5 0
7529.5 1.66667
7530.5 1.33333
7531.5 1.66667
7532.5 -1
7533.5 1
7534.5 0
7535.5 -0.666667
7536.5 0.333333
7537.5 1
7538.5 -1.33333
7539.5 0
7540.5 0
7541.5 1
7542.5 4
7543.5 1
7544.5 2
7545.5 1.33333
7546.5 0
7547.5 -0.666667
7548.5 1
7549.5 3
7550.5 0.333333
7551.5 1
7552.5 -0.666667
7553.5 1
7554.5 1
7555.5 -0.666667
7556.5 1
7557.5 2.33333
7558.5 0.333333
7559.5 1
7560.5 0.333333
7561.5 -0.333333
7562.5 -5.96046e-08
7563.5 -0.666667
7564.5 2.33333
7565.5 2
7566.5 0
7567.5 2
7568.5 -0.666667
7569.5 -1
7570.5 -2
7571.5 2
7572.5 2
7573.5 3
7574.5 -0.333333
7575.5 2.66667
7576.5 -1
7577.5 2
7578.5 2.33333
7579.5 4
7580.5 -1.33333
7581.5 1.33333
7582.5 1.33333
7583.5 0
7584.5 1
7585.5 2.33333
7586.5 3.33333
7587.5 0
7588.5 0
7589.5 1
7590.5 2
7591.5 2.33333
7592.5 1
7593.5 3
7594.5 2
7595.5 2
7596.5 -0.666667
7597.5 2
7598.5 2
7599.5 2
7600.5 1
7601.5 -0.666667
7602.5 -0.666667
7603.5 0.666667
7604.5 -0.333333
7605.5 -1
7606.5 1
7607.5 0
7608.5 0
7609.5 1
7610.5 0.333333
7611.5 1
7612.5 -1.33333
7613.5 2.33333
7614.5 0.333333
7615.5 0.333333
7616.5 1
7617.5 -0.666667
7618.5 1.33333
7619.5 0.333333
7620.5 0
7621.5 1
7622.5 -0.333333
7623.5 2
7624.5 0.333333
7625.5 4
7626.5 2
7627.5 0
7628.5 1
7629.5 0.666667
7630.5 -1
7631.5 2.33333
7632.5 0.333333
7633.5 0.333333
7634.5 1.66667
7635.5 0
7636.5 -1.33333
7637.5 1.33333
7638.5 0.333333
7639.5 1.33333
7640.5 1
7641.5 5
7642.5 1
7643.5 -0.333333
7644.5 2
7645.5 0.333333
7646.5 3.66667
7647.5 1
7648.5 0.333333
7649.5 1
7650.5 0.333333
7651.5 1
7652.5 5
7653.5 0
7654.5 1.33333
7655.5 0
7656.5 0
7657.5 1.66667
7658.5 2
7659.5 2
7660.5 2
7661.5 0.333333
7662.5 0
7663.5 -0.666667
7664.5 0
7665.5 1
7666.5 0.333333
7667.5 2
7668.5 0.333333
7669.5 2
7670.5 0
7671.5 3
7672.5 -0.666667
7673.5 2
7674.5 1
7675.5 2
7676.5 1
7677.5 -0.666667
7678.5 1
7679.5 0
7680.5 2.33333
7681.5 4
7682.5 -1.33333
7683.5 -0.666667
7684.5 -0.666667
7685.5 2
7686.5 2
7687.5 0
7688.5 0.666667
7689.5 1
7690.5 0
7691.5 1.33333
7692.5 -0.333333
7693.5 1
7694.5 1
7695.5 -1
7696.5 -0.666667
7697.5 1.33333
7698.5 1
7699.5 0
7700.5 0.333333
7701.5 -0.666667
7702.5 -2
7703.5 0
7704.5 1
7705.5 1
7706.5 0.333333
7707.5 0
7708.5 -2
7709.5 0.333333
7710.5 0
7711.5 0.333333
7712.5 1
7713.5 -1.33333
7714.5 0
7715.5 0
7716.5 1
7717.5 0
7718.5 2
7719.5 0.333333
7720.5 0
7721.5 4
7722.5 1.33333
7723.5 0.666667
7724.5 -2.66667
7725.5 3.66667
7726.5 2
7727.5 0.333333
7728.5 -1.33333
7729.5 0
7730.5 -0.666667
7731.5 0.333333
7732.5 0.333333
7733.5 2
7734.5 0
7735.5 1
7736.5 -1.33333
7737.5 1.33333
7738.5 2
7739.5 1
7740.5 1
7741.5 1
7742.5 -0.666667
7743.5 1
7744.5 2
7745.5 1
7746.5 0
7747.5 3
7748.5 0
7749.5 -0.666667
7750.5 1
7751.5 1
7752.5 -0.666667
7753.5 1
7754.5 2.33333
7755.5 0
7756.5 1.33333
7757.5 1
7758.5 0
7759.5 1
7760.5 -0.333333
7761.5 0
7762.5 0
7763.5 2
7764.5 2
7765.5 0
7766.5 1.33333
7767.5 0.666667
7768.5 -0.666667
7769.5 1.33333
7770.5 7
7771.5 0.666667
7772.5 10
7773.5 -1
7774.5 3
7775.5 2
7776.5 1
7777.5 3.33333
7778.5 -0.333333
7779.5 -0.666667
7780.5 0.333333
7781.5 3
7782.5 3
7783.5 -0.666667
7784.5 0.333333
7785.5 -1.33333
7786.5 1
7787.5 -0.666667
7788.5 2.33333
7789.5 -0.333333
7790.5 1
7791.5 -0.666667
7792.5 4
7793.5 5.33333
7794.5 2.33333
7795.5 8
7796.5 8.66667
7797.5 5.33333
7798.5 6.33333
7799.5 7.33333
7800.5 7.33333
7801.5 5
7802.5 9
7803.5 1.66667
7804.5 5
7805.5 1.33333
7806.5 1.33333
7807.5 0.333333
7808.5 2
7809.5 1
7810.5 1
7811.5 1.33333
7812.5 0
7813.5 3
7814.5 1
7815.5 0.333333
7816.5 1
7817.5 1
7818.5 2
7819.5 1.33333
7820.5 6
7821.5 1.33333
7822.5 1.33333
7823.5 2.66667
7824.5 0.666667
7825.5 -0.666667
7826.5 -1.19209e-07
7827.5 1
7828.5 3.66667
7829.5 0.666667
7830.5 1.66667
7831.5 0.666667
7832.5 -1.66667
7833.5 -0.333333
7834.5 1.33333
7835.5 0
7836.5 0
7837.5 -0.333333
7838.5 3
7839.5 0.333333
7840.5 2
7841.5 -0.666667
7842.5 -0.666667
7843.5 1.33333
7844.5 0
7845.5 1
7846.5 0
7847.5 0
7848.5 2.33333
7849.5 2
7850.5 -0.666667
7851.5 1
7852.5 0
7853.5 1
7854.5 0
7855.5 0
7856.5 0
7857.5 1
7858.5 1
7859.5 1.33333
7860.5 -0.666667
7861.5 1.33333
7862.5 2
7863.5 0
7864.5 1
7865.5 0
7866.5 -0.666667
7867.5 -0.666667
7868.5 1
7869.5 2
7870.5 0.333333
7871.5 2
7872.5 1
7873.5 0.333333
7874.5 0
7875.5 1.33333
7876.5 1
7877.5 0
7878.5 1
7879.5 1
7880.5 0
7881.5 1
7882.5 0
7883.5 3
7884.5 -1.33333
7885.5 1
7886.5 0.333333
7887.5 -0.666667
7888.5 1
7889.5 0
7890.5 0
7891.5 2
7892.5 1
7893.5 0
7894.5 1
7895.5 -1
7896.5 1
7897.5 0.333333
7898.5 2.33333
7899.5 0
7900.5 0.333333
7901.5 2
7902.5 1
7903.5 0
7904.5 0
7905.5 1
7906.5 1.33333
7907.5 -0.666667
7908.5 1
7909.5 1
7910.5 0
7911.5 1
7912.5 2
7913.5 1
7914.5 1
7915.5 3
7916.5 2.33333
7917.5 0
7918.5 1
7919.5 0.666667
7920.5 2
7921.5 0.333333
7922.5 1
7923.5 1
7924.5 1
7925.5 1
7926.5 0
7927.5 4
7928.5 0
7929.5 0
7930.5 0
7931.5 1.33333
7932.5 1
7933.5 2
7934.5 2
7935.5 1
7936.5 -0.666667
7937.5 3
7938.5 0
7939.5 2.33333
7940.5 2
7941.5 0
7942.5 2
7943.5 0.333333
7944.5 -0.333333
7945.5 1
7946.5 -0.666667
7947.5 3
7948.5 -1.33333
7949.5 -0.333333
7950.5 -1.33333
7951.5 2
7952.5 1
7953.5 0
7954.5 0
7955.5 0
7956.5 0
7957.5 3
7958.5 0.333333
7959.5 2
7960.5 1
7961.5 -2
7962.5 1
7963.5 1
7964.5 1
7965.5 1
7966.5 1
7967.5 -0.666667
7968.5 1
7969.5 0
7970.5 1
7971.5 -0.666667
7972.5 2
7973.5 0
7974.5 2.66667
7975.5 0
7976.5 1
7977.5 2
7978.5 1
7979.5 -0.666667
7980.5 2.33333
7981.5 2.33333
7982.5 1
7983.5 -0.666667
7984.5 0
7985.5 0.333333
7986.5 1
7987.5 0.333333
7988.5 1
7989.5 2
7990.5 0.333333
7991.5 1
7992.5 3.33333
7993.5 0
7994.5 1.33333
7995.5 0
7996.5 1
7997.5 0.333333
7998.5 1
7999.5 2
8000.5 0
8001.5 1.33333
8002.5 1
8003.5 3
8004.5 0
8005.5 0
8006.5 0
8007.5 1
8008.5 2
8009.5 2.33333
8010.5 0
8011.5 -1.33333
8012.5 -0.666667
8013.5 0
8014.5 2
8015.5 1.33333
8016.5 1.33333
8017.5 1.33333
8018.5 0
8019.5 0.333333
8020.5 2
8021.5 2
8022.5 0
8023.5 3
8024.5 0.333333
8025.5 0
8026.5 0.333333
8027.5 1.33333
8028.5 0
8029.5 0
8030.5 0
8031.5 0
8032.5 1.33333
8033.5 0
8034.5 -0.666667
8035.5 1
8036.5 1
8037.5 -0.666667
8038.5 2
8039.5 2
8040.5 2
8041.5 0
8042.5 2
8043.5 1
8044.5 0.333333
8045.5 1
8046.5 0
8047.5 0
8048.5 1
8049.5 0
8050.5 1
8051.5 0
8052.5 3.33333
8053.5 0
8054.5 0
8055.5 0
8056.5 0.333333
8057.5 0
8058.5 0.333333
8059.5 0
8060.5 0
8061.5 1
8062.5 0
8063.5 0
8064.5 1
8065.5 2.33333
8066.5 1
8067.5 1
8068.5 0.333333
8069.5 1.33333
8070.5 0
8071.5 0
8072.5 1
8073.5 1
8074.5 0
8075.5 0
8076.5 0
8077.5 1
8078.5 0
8079.5 1
8080.5 0.333333
8081.5 0
8082.5 2
8083.5 -0.666667
8084.5 0.333333
8085.5 0.333333
8086.5 -0.333333
8087.5 -0.666667
8088.5 3
8089.5 1
8090.5 2
8091.5 0
8092.5 2
8093.5 0
8094.5 -0.666667
8095.5 2.33333
8096.5 1.33333
8097.5 -1.33333
8098.5 0
8099.5 0
8100.5 1
8101.5 0
8102.5 0
8103.5 -0.666667
8104.5 1
8105.5 2
8106.5 3
8107.5 0
8108.5 1
8109.5 0
8110.5 0
8111.5 0.333333
8112.5 -0.666667
8113.5 0
8114.5 2
8115.5 1.33333
8116.5 0
8117.5 1
8118.5 1
8119.5 0.333333
8120.5 1.33333
8121.5 1
8122.5 1
8123.5 0
8124.5 0
8125.5 1
8126.5 3
8127.5 -1.33333
8128.5 0
8129.5 0
8130.5 1
8131.5 1
8132.5 1
8133.5 -0.666667
8134.5 2
8135.5 0
8136.5 0
8137.5 -2
8138.5 0
8139.5 2
8140.5 2
8141.5 0
8142.5 0
8143.5 0.333333
8144.5 1
8145.5 2
8146.5 0
8147.5 1
8148.5 0
8149.5 0
8150.5 1
8151.5 0.333333
8152.5 0
8153.5 0.333333
8154.5 2
8155.5 2
8156.5 -0.666667
8157.5 1
8158.5 0
8159.5 3
8160.5 1
8161.5 0
8162.5 1
8163.5 0
8164.5 0
8165.5 0
8166.5 -0.666667
8167.5 2
8168.5 1
8169.5 0
8170.5 0.333333
8171.5 0
8172.5 1
8173.5 0
8174.5 0
8175.5 0
8176.5 -0.666667
8177.5 0.333333
8178.5 -0.666667
8179.5 1
8180.5 0
8181.5 0
8182.5 1
8183.5 -0.333333
8184.5 0.333333
8185.5 0
8186.5 0
8187.5 2
8188.5 0
8189.5 2
8190.5 0
8191.5 1
8192.5 0
8193.5 1
8194.5 0
8195.5 1
8196.5 0
8197.5 0
8198.5 0
8199.5 2
8200.5 0
8201.5 -1.33333
8202.5 0
8203.5 -0.666667
8204.5 1.33333
8205.5 1
8206.5 0
8207.5 1
8208.5 0
8209.5 -0.666667
8210.5 0
8211.5 -0.666667
8212.5 0
8213.5 0
8214.5 -0.666667
8215.5 0
8216.5 0.333333
8217.5 2
8218.5 -0.666667
8219.5 0
8220.5 0
8221.5 3
8222.5 1
8223.5 -0.666667
8224.5 0
8225.5 1
8226.5 0.333333
8227.5 1
8228.5 0
8229.5 1
8230.5 -0.666667
8231.5 1
8232.5 0
8233.5 0
8234.5 -0.666667
8235.5 2
8236.5 0
8237.5 0
8238.5 -0.333333
8239.5 -0.666667
8240.5 0
8241.5 0
8242.5 -0.666667
8243.5 0
8244.5 -0.666667
8245.5 0.333333
8246.5 2
8247.5 0
8248.5 1
8249.5 1
8250.5 2.33333
8251.5 0
8252.5 1
8253.5 -0.666667
8254.5 0.333333
8255.5 0
8256.5 1
8257.5 1
8258.5 0
8259.5 1
8260.5 2
8261.5 0
8262.5 -0.666667
8263.5 -0.666667
8264.5 1
8265.5 0
8266.5 0
8267.5 0
8268.5 1
8269.5 0
8270.5 -0.666667
8271.5 0
8272.5 0
8273.5 0
8274.5 0
8275.5 0
8276.5 1
8277.5 0.333333
8278.5 1.33333
8279.5 0
8280.5 0
8281.5 1
8282.5 1
8283.5 1
8284.5 -0.666667
8285.5 1
8286.5 0
8287.5 1
8288.5 0
8289.5 0
8290.5 1.33333
8291.5 -0.666667
8292.5 0
8293.5 0
8294.5 0
8295.5 1
8296.5 2
8297.5 1
8298.5 -0.666667
8299.5 -0.666667
8300.5 -0.666667
8301.5 1
8302.5 0
8303.5 0
8304.5 5.33333
8305.5 5
8306.5 5
8307.5 10
8308.5 4.66667
8309.5 11.3333
8310.5 11
8311.5 19.3333
8312.5 8
8313.5 13
8314.5 7
8315.5 2
8316.5 1.33333
8317.5 0
8318.5 0
8319.5 4
8320.5 1
8321.5 1
8322.5 1.33333
8323.5 0
8324.5 -1.33333
8325.5 -0.666667
8326.5 0
8327.5 1
8328.5 2
8329.5 1
8330.5 -0.333333
8331.5 0
8332.5 0
8333.5 0
8334.5 1.33333
8335.5 1
8336.5 0
8337.5 1
8338.5 0
8339.5 -0.666667
8340.5 -0.666667
8341.5 0
8342.5 0
8343.5 1
8344.5 2
8345.5 1
8346.5 1
8347.5 -0.333333
8348.5 0
8349.5 0
8350.5 -0.666667
8351.5 0
8352.5 0
8353.5 0
8354.5 1
8355.5 0
8356.5 0
8357.5 0
8358.5 0
8359.5 0.333333
8360.5 0
8361.5 0
8362.5 0
8363.5 0
8364.5 1
8365.5 -0.666667
8366.5 0
8367.5 0
8368.5 0
8369.5 0
8370.5 0
8371.5 0
8372.5 0
8373.5 -0.666667
8374.5 1
8375.5 0
8376.5 1
8377.5 0
8378.5 1
8379.5 0
8380.5 0.333333
8381.5 -0.666667
8382.5 0
8383.5 -0.666667
8384.5 0
8385.5 0
8386.5 0
8387.5 -0.666667
8388.5 2
8389.5 0
8390.5 0
8391.5 0
8392.5 0
8393.5 0
8394.5 0
8395.5 0
8396.5 0
8397.5 -0.666667
8398.5 1
8399.5 0
8400.5 0
8401.5 0
8402.5 -0.666667
8403.5 0
8404.5 0
8405.5 1
8406.5 0
8407.5 2
8408.5 1
8409.5 0
8410.5 -0.333333
8411.5 0
8412.5 0
8413.5 0
8414.5 0
8415.5 0
8416.5 0
8417.5 -0.666667
8418.5 0
8419.5 2
8420.5 1
8421.5 0
8422.5 0
8423.5 1
8424.5 1
8425.5 0
8426.5 0
8427.5 0
8428.5 0
8429.5 0
8430.5 0
8431.5 -0.666667
8432.5 0
8433.5 1
8434.5 0
8435.5 0
8436.5 1
8437.5 0
8438.5 0
8439.5 1
8440.5 -0.666667
8441.5 0
8442.5 1
8443.5 0
8444.5 0
8445.5 0
8446.5 -0.666667
8447.5 0
8448.5 0
8449.5 0
8450.5 0
8451.5 1
8452.5 0
8453.5 0.333333
8454.5 -0.666667
8455.5 -0.666667
8456.5 -1.33333
8457.5 0
8458.5 0
8459.5 -0.666667
8460.5 0
8461.5 0
8462.5 0
8463.5 1
8464.5 0
8465.5 0
8466.5 1
8467.5 0
8468.5 -0.666667
8469.5 -0.666667
8470.5 1
8471.5 -0.666667
8472.5 1.33333
8473.5 -0.333333
8474.5 0
8475.5 0
8476.5 2
8477.5 0
8478.5 -0.666667
8479.5 -0.666667
8480.5 0
8481.5 0.333333
8482.5 1
8483.5 0
8484.5 1
8485.5 0
8486.5 0
8487.5 1
8488.5 -0.666667
8489.5 0
8490.5 -0.666667
8491.5 0
8492.5 1
8493.5 0.333333
8494.5 0
8495.5 0
8496.5 -0.666667
8497.5 0
8498.5 0
8499.5 0
8500.5 1
8501.5 0
8502.5 0
8503.5 0
8504.5 0
8505.5 -0.666667
8506.5 0
8507.5 0
8508.5 -1.33333
8509.5 0
8510.5 0
8511.5 0
8512.5 0
8513.5 0.333333
8514.5 0
8515.5 1
8516.5 1
8517.5 0
8518.5 1
8519.5 0
8520.5 0
8521.5 -0.666667
8522.5 0
8523.5 0
8524.5 0
8525.5 0
8526.5 -0.666667
8527.5 0
8528.5 0
8529.5 0
8530.5 0
8531.5 0
8532.5 0
8533.5 0
8534.5 0
8535.5 1
8536.5 0
8537.5 0
8538.5 1
8539.5 -1.33333
8540.5 1
8541.5 0
8542.5 0
8543.5 0
8544.5 1
8545.5 1
8546.5 0
8547.5 0
8548.5 0
8549.5 0
8550.5 1
8551.5 0
8552.5 0
8553.5 0
8554.5 0
8555.5 0
8556.5 0
8557.5 0
8558.5 -1.33333
8559.5 0
8560.5 -0.666667
8561.5 -0.666667
8562.5 -0.666667
8563.5 0
8564.5 0
8565.5 0
8566.5 -0.666667
8567.5 0
8568.5 0
8569.5 0
8570.5 0
8571.5 0
8572.5 0
8573.5 1
8574.5 0
8575.5 0.666667
8576.5 0
8577.5 0
8578.5 0
8579.5 0
8580.5 -0.666667
8581.5 0
8582.5 0
8583.5 -0.666667
8584.5 0
8585.5 0
8586.5 2
8587.5 0
8588.5 0
8589.5 -0.666667
8590.5 1.33333
8591.5 1
8592.5 0
8593.5 0
8594.5 0
8595.5 0
8596.5 -0.666667
8597.5 0
8598.5 0
8599.5 1
8600.5 -1.33333
8601.5 0
8602.5 0
8603.5 0
8604.5 0
8605.5 -0.666667
8606.5 1
8607.5 0
8608.5 1
8609.5 -0.666667
8610.5 0
8611.5 0
8612.5 1
8613.5 2
8614.5 0
8615.5 0
8616.5 -0.666667
8617.5 0
8618.5 0
8619.5 1
8620.5 0
8621.5 0
8622.5 0
8623.5 0
8624.5 -0.666667
8625.5 0
8626.5 0
8627.5 0
8628.5 0
8629.5 0
8630.5 0
8631.5 0
8632.5 -0.666667
8633.5 0
8634.5 -0.666667
8635.5 -0.666667
8636.5 0
8637.5 0
8638.5 -0.666667
8639.5 0
8640.5 0
8641.5 0
8642.5 -0.666667
8643.5 0
8644.5 0
8645.5 0
8646.5 0.333333
8647.5 0
8648.5 0
8649.5 0
8650.5 0
8651.5 0
8652.5 0
8653.5 0
8654.5 0
8655.5 0
8656.5 0
8657.5 0
8658.5 1
8659.5 -0.666667
8660.5 0
8661.5 -0.666667
8662.5 0
8663.5 0
8664.5 0
8665.5 0
8666.5 0
8667.5 0
8668.5 1
8669.5 1
8670.5 0.333333
8671.5 -0.666667
8672.5 0
8673.5 0
8674.5 1
8675.5 0
8676.5 0
8677.5 0
8678.5 0
8679.5 0
8680.5 -0.666667
8681.5 0
8682.5 0
8683.5 0
8684.5 0
8685.5 0
8686.5 0
8687.5 0
8688.5 0
8689.5 0
8690.5 0
8691.5 0
8692.5 -0.666667
8693.5 0
8694.5 0
8695.5 0
8696.5 0
8697.5 1
8698.5 0
8699.5 0
8700.5 1
8701.5 0
8702.5 0
8703.5 0.333333
8704.5 0
8705.5 0
8706.5 0
8707.5 0
8708.5 0.333333
8709.5 1
8710.5 0
8711.5 0
8712.5 0
8713.5 -0.666667
8714.5 0
8715.5 2
8716.5 -0.666667
8717.5 0
8718.5 1
8719.5 0
8720.5 0
8721.5 0
8722.5 1
8723.5 -0.666667
8724.5 0
8725.5 1
8726.5 0
8727.5 1
8728.5 0
8729.5 0
8730.5 1
8731.5 1
8732.5 0
8733.5 0
8734.5 1
8735.5 0
8736.5 1
8737.5 0
8738.5 0
8739.5 0
8740.5 -0.666667
8741.5 1
8742.5 0
8743.5 0
8744.5 1
8745.5 -0.666667
8746.5 0
8747.5 0
8748.5 1
8749.5 -0.666667
8750.5 0
8751.5 -0.666667
8752.5 0
8753.5 0
8754.5 0
8755.5 0
8756.5 1
8757.5 0
8758.5 0
8759.5 1
8760.5 0
8761.5 0
8762.5 0
8763.5 0
8764.5 -0.666667
8765.5 -0.666667
8766.5 0
8767.5 0
8768.5 0
8769.5 0
8770.5 0
8771.5 -0.666667
8772.5 0
8773.5 0
8774.5 0
8775.5 0
8776.5 0
8777.5 0
8778.5 0
8779.5 0
8780.5 0
8781.5 0
8782.5 0
8783.5 0
8784.5 0
8785.5 0
8786.5 -0.666667
8787.5 -1.33333
8788.5 0
8789.5 0
8790.5 0
8791.5 0
8792.5 -0.666667
8793.5 0
8794.5 1
8795.5 -0.666667
8796.5 -0.666667
8797.5 0
8798.5 0.333333
8799.5 0
8800.5 1
8801.5 0
8802.5 0
8803.5 0
8804.5 0
8805.5 2
8806.5 0
8807.5 0.333333
8808.5 -0.666667
8809.5 0
8810.5 0
8811.5 0
8812.5 1
8813.5 0
8814.5 0
8815.5 0
8816.5 0
8817.5 1
8818.5 -0.666667
8819.5 0
8820.5 0
8821.5 0
8822.5 0
8823.5 0
8824.5 0
8825.5 -0.666667
8826.5 0
8827.5 0
8828.5 1
8829.5 0
8830.5 1
8831.5 0
8832.5 0
8833.5 0
8834.5 0
8835.5 0
8836.5 0
8837.5 0
8838.5 0
8839.5 0
8840.5 -0.666667
8841.5 1
8842.5 2
8843.5 0
8844.5 -0.666667
8845.5 -0.666667
8846.5 1
8847.5 0
8848.5 2
8849.5 -0.333333
8850.5 1
8851.5 -0.666667
8852.5 -0.666667
8853.5 1
8854.5 0
8855.5 0
8856.5 0
8857.5 -0.666667
8858.5 0
8859.5 1
8860.5 0
8861.5 1
8862.5 0
8863.5 0
8864.5 -0.666667
8865.5 0
8866.5 0
8867.5 -0.666667
8868.5 0
8869.5 0
8870.5 0
8871.5 0
8872.5 0
8873.5 0
8874.5 1
8875.5 0
8876.5 0
8877.5 -0.666667
8878.5 0
8879.5 0
8880.5 0.333333
8881.5 0
8882.5 -0.666667
8883.5 -0.666667
8884.5 1
8885.5 0
8886.5 0
8887.5 0
8888.5 0.333333
8889.5 0
8890.5 1
8891.5 0
8892.5 0
8893.5 0.333333
8894.5 1
8895.5 1
8896.5 0
8897.5 0
8898.5 0
8899.5 -0.666667
8900.5 0
8901.5 0
8902.5 0
8903.5 -0.666667
8904.5 0
8905.5 0
8906.5 0
8907.5 0
8908.5 1
8909.5 0
8910.5 0
8911.5 1
8912.5 0
8913.5 0
8914.5 0
8915.5 0
8916.5 0
8917.5 0
8918.5 0
8919.5 0
8920.5 0
8921.5 1
8922.5 0
8923.5 0
8924.5 1
8925.5 0
8926.5 0
8927.5 0
8928.5 0
8929.5 0
8930.5 0
8931.5 0
8932.5 0
8933.5 0
8934.5 0
8935.5 0
8936.5 0
8937.5 0
8938.5 0
8939.5 -0.666667
8940.5 0
8941.5 -0.666667
8942.5 1
8943.5 0
8944.5 1
8945.5 0
8946.5 0
8947.5 0
8948.5 1
8949.5 0
8950.5 -0.666667
8951.5 0
8952.5 -0.666667
8953.5 0
8954.5 0
8955.5 0
8956.5 0
8957.5 0
8958.5 0
8959.5 0
8960.5 0
8961.5 0
8962.5 0.333333
8963.5 0
8964.5 0
8965.5 0.333333
8966.5 2
8967.5 0
8968.5 0
8969.5 0
8970.5 1
8971.5 0
8972.5 -0.666667
8973.5 0
8974.5 0
8975.5 0
8976.5 0
8977.5 0
8978.5 0
8979.5 0
8980.5 0
8981.5 -0.666667
8982.5 0
8983.5 0
8984.5 0
8985.5 0
8986.5 0
8987.5 0
8988.5 1
8989.5 0
8990.5 0
8991.5 -0.666667
8992.5 1
8993.5 0
8994.5 0
8995.5 2
8996.5 0
8997.5 -0.666667
8998.5 -0.666667
8999.5 1
9000.5 0
9001.5 0
9002.5 1
9003.5 0
9004.5 1
9005.5 0
9006.5 0
9007.5 0
9008.5 0
9009.5 -0.666667
9010.5 0
9011.5 0
9012.5 0
9013.5 0
9014.5 0
9015.5 0
9016.5 -0.666667
9017.5 0
9018.5 0
9019.5 0
9020.5 0
9021.5 0
9022.5 0
9023.5 0
9024.5 0
9025.5 0
9026.5 1
9027.5 0
9028.5 0
9029.5 1
9030.5 0
9031.5 0
9032.5 0
9033.5 0
9034.5 0
9035.5 0
9036.5 0
9037.5 0
9038.5 1
9039.5 0
9040.5 0
9041.5 1
9042.5 0
9043.5 0
9044.5 0
9045.5 0
9046.5 2
9047.5 0
9048.5 0
9049.5 0
9050.5 0
9051.5 0
9052.5 0
9053.5 0
9054.5 0
9055.5 1
9056.5 0
9057.5 0
9058.5 0
9059.5 0
9060.5 1
9061.5 2
9062.5 0
9063.5 0
9064.5 0
9065.5 0
9066.5 0
9067.5 0
9068.5 0.666667
9069.5 0
9070.5 0
9071.5 0
9072.5 0
9073.5 -0.666667
9074.5 0
9075.5 0
9076.5 -0.666667
9077.5 0
9078.5 0
9079.5 0
9080.5 0
9081.5 0
9082.5 0
9083.5 0
9084.5 0
9085.5 -0.666667
9086.5 0
9087.5 0
9088.5 0
9089.5 -0.666667
9090.5 0
9091.5 0
9092.5 -0.666667
9093.5 0
9094.5 -0.666667
9095.5 0
9096.5 0
9097.5 0
9098.5 0.333333
9099.5 0
9100.5 0
9101.5 0
9102.5 0
9103.5 0
9104.5 -0.666667
9105.5 0
9106.5 0
9107.5 0
9108.5 -0.666667
9109.5 0
9110.5 0
9111.5 0
9112.5 0.333333
9113.5 0
9114.5 0
9115.5 -0.666667
9116.5 0
9117.5 0
9118.5 -0.666667
9119.5 0
9120.5 -0.666667
9121.5 0
9122.5 0
9123.5 0
9124.5 0
9125.5 1
9126.5 0
9127.5 0.333333
9128.5 0
9129.5 0
9130.5 0
9131.5 0.333333
9132.5 -0.666667
9133.5 0
9134.5 0
9135.5 -0.666667
9136.5 0
9137.5 0
9138.5 0
9139.5 0
9140.5 1
9141.5 0
9142.5 0
9143.5 0
9144.5 0
9145.5 0
9146.5 0.333333
9147.5 0
9148.5 0
9149.5 0
9150.5 0
9151.5 0
9152.5 0
9153.5 0
9154.5 1
9155.5 0
9156.5 0
9157.5 0
9158.5 0
9159.5 0
9160.5 0
9161.5 0
9162.5 0
9163.5 0
9164.5 0
9165.5 1
9166.5 0
9167.5 0
9168.5 0
9169.5 0
9170.5 0
9171.5 0
9172.5 0
9173.5 0
9174.5 0
9175.5 -0.666667
9176.5 0
9177.5 -0.666667
9178.5 1
9179.5 0
9180.5 -0.666667
9181.5 1
9182.5 0
9183.5 0
9184.5 -0.666667
9185.5 0
9186.5 0
9187.5 0
9188.5 0
9189.5 0
9190.5 0
9191.5 0
9192.5 0
9193.5 0
9194.5 0
9195.5 0
9196.5 0
9197.5 0
9198.5 0
9199.5 0
9200.5 0
9201.5 0
9202.5 0
9203.5 0
9204.5 0
9205.5 0
9206.5 0
9207.5 -0.666667
9208.5 0
9209.5 -0.666667
9210.5 1
9211.5 0
9212.5 0
9213.5 0
9214.5 0
9215.5 1
9216.5 1
9217.5 0
9218.5 0
9219.5 0
9220.5 0
9221.5 0
9222.5 0
9223.5 1
9224.5 1
9225.5 -0.666667
9226.5 -1.33333
9227.5 0
9228.5 -0.666667
9229.5 0
9230.5 0
9231.5 0
9232.5 0
9233.5 0
9234.5 0
9235.5 0
9236.5 0
9237.5 0
9238.5 -0.666667
9239.5 0
9240.5 0
9241.5 0
9242.5 0
9243.5 0
9244.5 0
9245.5 0
9246.5 0
9247.5 0
9248.5 0
9249.5 0
9250.5 0
9251.5 0
9252.5 0
9253.5 0
9254.5 0
9255.5 -0.666667
9256.5 0
9257.5 0
9258.5 2
9259.5 0
9260.5 0
9261.5 0
9262.5 0
9263.5 -1.33333
9264.5 0
9265.5 0
9266.5 0
9267.5 0
9268.5 -0.666667
9269.5 1
9270.5 -0.666667
9271.5 0
9272.5 0
9273.5 0
9274.5 1
9275.5 0
9276.5 0
9277.5 0
9278.5 0
9279.5 1
9280.5 0
9281.5 0
9282.5 0
9283.5 0
9284.5 0
9285.5 0
9286.5 0
9287.5 0
9288.5 0
9289.5 0
9290.5 0
9291.5 0
9292.5 0
9293.5 -0.666667
9294.5 1
9295.5 -0.666667
9296.5 0
9297.5 -0.666667
9298.5 0
9299.5 0
9300.5 -0.666667
9301.5 0
9302.5 0
9303.5 1
9304.5 0
9305.5 0
9306.5 0
9307.5 0
9308.5 0
9309.5 0
9310.5 0
9311.5 0
9312.5 1
9313.5 0
9314.5 0
9315.5 -0.666667
9316.5 0
9317.5 1
9318.5 0
9319.5 0
9320.5 0
9321.5 -0.333333
9322.5 1
9323.5 0
9324.5 0
9325.5 0
9326.5 0
9327.5 0
9328.5 1
9329.5 1
9330.5 0
9331.5 0
9332.5 0.333333
9333.5 0
9334.5 -0.666667
9335.5 0
9336.5 -0.666667
9337.5 0
9338.5 0
9339.5 0
9340.5 0
9341.5 0
9342.5 0
9343.5 0
9344.5 0
9345.5 0
9346.5 -0.666667
9347.5 0
9348.5 0
9349.5 0
9350.5 1
9351.5 0
9352.5 0
9353.5 0
9354.5 -0.333333
9355.5 0
9356.5 -0.666667
9357.5 0
9358.5 0
9359.5 0
9360.5 0
9361.5 0
9362.5 0
9363.5 -0.666667
9364.5 0
9365.5 -0.666667
9366.5 0
9367.5 1
9368.5 0
9369.5 0
9370.5 0
9371.5 -0.666667
9372.5 0
9373.5 0
9374.5 1
9375.5 0
9376.5 0
9377.5 0
9378.5 -0.666667
9379.5 1
9380.5 0
9381.5 0
9382.5 0
9383.5 0
9384.5 0
9385.5 0
9386.5 1
9387.5 -0.666667
9388.5 0
9389.5 0
9390.5 0
9391.5 0
9392.5 -0.666667
9393.5 0
9394.5 0
9395.5 0
9396.5 0
9397.5 0
9398.5 0
9399.5 0
9400.5 0
9401.5 0
9402.5 0
9403.5 1
9404.5 0
9405.5 0
9406.5 0
9407.5 0
9408.5 0
9409.5 0
9410.5 0
9411.5 0
9412.5 -0.666667
9413.5 0
9414.5 0
9415.5 0
9416.5 0
9417.5 0
9418.5 0
9419.5 0
9420.5 0
9421.5 0
9422.5 0
9423.5 1
9424.5 0
9425.5 0
9426.5 0
9427.5 0
9428.5 0
9429.5 0
9430.5 0
9431.5 1
9432.5 0
9433.5 0
9434.5 0
9435.5 0
9436.5 0
9437.5 0
9438.5 0
9439.5 -0.666667
9440.5 0
9441.5 0
9442.5 0
9443.5 -1.33333
9444.5 1
9445.5 0
9446.5 0
9447.5 0
9448.5 0
9449.5 0
9450.5 1
9451.5 0
9452.5 -0.666667
9453.5 0
9454.5 2
9455.5 1
9456.5 0
9457.5 0
9458.5 0
9459.5 -0.666667
9460.5 -0.666667
9461.5 -0.666667
9462.5 0
9463.5 0
9464.5 0
9465.5 0
9466.5 0
9467.5 0
9468.5 0
9469.5 0
9470.5 0
9471.5 0
9472.5 -0.666667
9473.5 0
9474.5 0
9475.5 0
9476.5 0
9477.5 0
9478.5 -0.666667
9479.5 0
9480.5 0
9481.5 0
9482.5 0
9483.5 0
9484.5 0
9485.5 0
9486.5 0
9487.5 0
9488.5 0
9489.5 0
9490.5 0
9491.5 0
9492.5 0
9493.5 0
9494.5 -0.666667
9495.5 0
9496.5 0
9497.5 0
9498.5 1
9499.5 0
9500.5 0
9501.5 0
9502.5 0
9503.5 0
9504.5 1
9505.5 0
9506.5 1
9507.5 1
9508.5 0
9509.5 0
9510.5 0
9511.5 0
9512.5 0
9513.5 0
9514.5 0
9515.5 0
9516.5 -0.666667
9517.5 1
9518.5 0
9519.5 0
9520.5 0
9521.5 0
9522.5 0
9523.5 0
9524.5 0
9525.5 0
9526.5 0
9527.5 0
9528.5 0
9529.5 0
9530.5 0
9531.5 0
9532.5 0
9533.5 0
9534.5 0
9535.5 0
9536.5 0
9537.5 0
9538.5 1
9539.5 0
9540.5 0
9541.5 0
9542.5 0
9543.5 0
9544.5 0
9545.5 0
9546.5 0
9547.5 0
9548.5 0
9549.5 0
9550.5 0
9551.5 0
9552.5 0
9553.5 0
9554.5 0
9555.5 0
9556.5 0
9557.5 0
9558.5 0.333333
9559.5 0
9560.5 0
9561.5 0
9562.5 0
9563.5 0
9564.5 0
9565.5 0
9566.5 0
9567.5 0
9568.5 0
9569.5 0
9570.5 -0.666667
9571.5 0
9572.5 -0.666667
9573.5 0
9574.5 0
9575.5 0
9576.5 0
9577.5 0
9578.5 1
9579.5 0
9580.5 0
9581.5 0
9582.5 0
9583.5 -0.666667
9584.5 0
9585.5 0
9586.5 0
9587.5 0
9588.5 0
9589.5 0
9590.5 0
9591.5 0
9592.5 0
9593.5 0
9594.5 0
9595.5 0
9596.5 0
9597.5 0
9598.5 1
9599.5 -0.666667
9600.5 0
9601.5 0
9602.5 0
9603.5 0
9604.5 0
9605.5 0
9606.5 0
9607.5 0
9608.5 0
9609.5 0
9610.5 0
9611.5 0
9612.5 0
9613.5 0
9614.5 0
9615.5 0
9616.5 0
9617.5 0
9618.5 1
9619.5 0
9620.5 0
9621.5 0
9622.5 0
9623.5 0
9624.5 0
9625.5 0
9626.5 0
9627.5 0
9628.5 0
9629.5 0
9630.5 0
9631.5 0
9632.5 0
9633.5 0
9634.5 0
9635.5 0
9636.5 0
9637.5 0
9638.5 0
9639.5 0
9640.5 0
9641.5 -0.666667
9642.5 0
9643.5 1
9644.5 0
9645.5 0
9646.5 0
9647.5 0
9648.5 0
9649.5 0
9650.5 1
9651.5 0
9652.5 0
9653.5 0
9654.5 0
9655.5 0
9656.5 0
9657.5 0
9658.5 0
9659.5 0
9660.5 0
9661.5 1
9662.5 0
9663.5 0
9664.5 0
9665.5 0
9666.5 0
9667.5 0
9668.5 0
9669.5 0
9670.5 0
9671.5 0
9672.5 0
9673.5 0
9674.5 1
9675.5 -0.666667
9676.5 0
9677.5 0
9678.5 0
9679.5 0
9680.5 0
9681.5 0
9682.5 0
9683.5 0
9684.5 0
9685.5 0
9686.5 1
9687.5 1
9688.5 0
9689.5 0
9690.5 0
9691.5 0
9692.5 0
9693.5 0
9694.5 0
9695.5 0
9696.5 0
9697.5 0
9698.5 0
9699.5 0
9700.5 0
9701.5 0
9702.5 0
9703.5 0
9704.5 0
9705.5 0
9706.5 0
9707.5 0
9708.5 0
9709.5 0
9710.5 0
9711.5 0
9712.5 1
9713.5 0
9714.5 0
9715.5 0
9716.5 -0.666667
9717.5 0
9718.5 0
9719.5 0
9720.5 0
9721.5 -0.666667
9722.5 0
9723.5 0
9724.5 0
9725.5 0
9726.5 0
9727.5 0
9728.5 0
9729.5 0
9730.5 0
9731.5 0
9732.5 0
9733.5 0
9734.5 0
9735.5 0
9736.5 0
9737.5 0
9738.5 -0.666667
9739.5 0
9740.5 0
9741.5 0
9742.5 0
9743.5 0
9744.5 0
9745.5 1
9746.5 0
9747.5 0
9748.5 -0.666667
9749.5 0
9750.5 0
9751.5 0
9752.5 0
9753.5 0
9754.5 0
9755.5 0
9756.5 0
9757.5 0
9758.5 0
9759.5 -0.666667
9760.5 0
9761.5 0
9762.5 0
9763.5 -0.666667
9764.5 0
9765.5 0
9766.5 0
9767.5 0
9768.5 0
9769.5 0
9770.5 0
9771.5 0
9772.5 0
9773.5 0
9774.5 0
9775.5 0
9776.5 0
9777.5 0
9778.5 0
9779.5 0
9780.5 0
9781.5 0
9782.5 0
9783.5 0
9784.5 0
9785.5 0
9786.5 0
9787.5 0
9788.5 0
9789.5 0
9790.5 0
9791.5 0
9792.5 0
9793.5 0
9794.5 0
9795.5 0
9796.5 0
9797.5 0
9798.5 0
9799.5 0
9800.5 0
9801.5 0
9802.5 -0.666667
9803.5 0
9804.5 0
9805.5 0
9806.5 -0.666667
9807.5 0
9808.5 0
9809.5 0
9810.5 0
9811.5 0
9812.5 -0.666667
9813.5 0
9814.5 0
9815.5 0
9816.5 0
9817.5 0
9818.5 0
9819.5 0
9820.5 0
9821.5 0
9822.5 0
9823.5 0
9824.5 0
9825.5 0
9826.5 0
9827.5 1
9828.5 0
9829.5 0
9830.5 0
9831.5 0
9832.5 -0.666667
9833.5 0
9834.5 0
9835.5 0
9836.5 0
9837.5 0
9838.5 0
9839.5 0
9840.5 0
9841.5 0
9842.5 0
9843.5 0
9844.5 0
9845.5 0
9846.5 0
9847.5 0
9848.5 0
9849.5 0
9850.5 -0.666667
9851.5 0
9852.5 0
9853.5 0
9854.5 0
9855.5 0
9856.5 0
9857.5 0
9858.5 0
9859.5 0
9860.5 0
9861.5 0
9862.5 0
9863.5 0
9864.5 0
9865.5 0
9866.5 0
9867.5 1
9868.5 0
9869.5 0
9870.5 0
9871.5 0
9872.5 0
9873.5 0
9874.5 0
9875.5 0
9876.5 0
9877.5 0
9878.5 0
9879.5 0
9880.5 0
9881.5 0
9882.5 0
9883.5 0
9884.5 0
9885.5 0
9886.5 0
9887.5 0
9888.5 0
9889.5 0
9890.5 0
9891.5 0
9892.5 0
9893.5 0
9894.5 0
9895.5 0
9896.5 0
9897.5 0
9898.5 0
9899.5 0
9900.5 0
9901.5 0
9902.5 0
9903.5 0
9904.5 0
9905.5 0
9906.5 0
9907.5 0
9908.5 0
9909.5 0
9910.5 0
9911.5 0
9912.5 0
9913.5 0
9914.5 0
9915.5 1
9916.5 0
9917.5 0
9918.5 0
9919.5 0
9920.5 0
9921.5 0
9922.5 1
9923.5 0
9924.5 0
9925.5 0
9926.5 0
9927.5 0
9928.5 0
9929.5 0
9930.5 0
9931.5 0
9932.5 0
9933.5 0
9934.5 0
9935.5 0
9936.5 0
9937.5 0
9938.5 0
9939.5 0
9940.5 -0.666667
9941.5 0
9942.5 0
9943.5 1
9944.5 0
9945.5 0
9946.5 0
9947.5 0
9948.5 0
9949.5 0
9950.5 0
9951.5 0
9952.5 0
9953.5 0
9954.5 0
9955.5 0
9956.5 0
9957.5 0
9958.5 1
9959.5 0
9960.5 0
9961.5 0
9962.5 0
9963.5 0
9964.5 0
9965.5 0
9966.5 1
9967.5 0
9968.5 0
9969.5 0
9970.5 0
9971.5 0
9972.5 0
9973.5 0
9974.5 0
9975.5 0
9976.5 -0.666667
9977.5 0
9978.5 0
9979.5 0
9980.5 0
9981.5 0
9982.5 0
9983.5 0
9984.5 0
9985.5 0
9986.5 0
9987.5 0
9988.5 0
9989.5 0
9990.5 0
9991.5 0
9992.5 0
9993.5 0
9994.5 0
9995.5 0
9996.5 0
9997.5 0
9998.5 0
9999.5 0
10000.5 0
10001.5 0
10002.5 0
10003.5 0
10004.5 1
10005.5 0
10006.5 0
10007.5 0
10008.5 0
10009.5 0
10010.5 0
10011.5 0
10012.5 0
10013.5 0
10014.5 0
10015.5 0
10016.5 0
10017.5 0
10018.5 0
10019.5 0
10020.5 0
10021.5 0
10022.5 0
10023.5 0
10024.5 0
10025.5 0
10026.5 0
10027.5 1
10028.5 0
10029.5 0
10030.5 0
10031.5 0
10032.5 -0.666667
10033.5 0
10034.5 0
10035.5 0
10036.5 0
10037.5 0
10038.5 0
10039.5 0
10040.5 0
10041.5 0
10042.5 0
10043.5 0
10044.5 0
10045.5 0
10046.5 0
10047.5 0
10048.5 0
10049.5 0
10050.5 -0.666667
10051.5 0
10052.5 0
10053.5 0
10054.5 0
10055.5 0
10056.5 0
10057.5 0
10058.5 0
10059.5 0
10060.5 0
10061.5 0
10062.5 0
10063.5 0
10064.5 0
10065.5 0
10066.5 0
10067.5 0
10068.5 0
10069.5 0
10070.5 0
10071.5 0
10072.5 0
10073.5 0
10074.5 0
10075.5 0
10076.5 0
10077.5 1
10078.5 0
10079.5 1
10080.5 0
10081.5 0
10082.5 0
10083.5 0
10084.5 0
10085.5 0
10086.5 0
10087.5 0
10088.5 0
10089.5 0
10090.5 0
10091.5 0
10092.5 0
10093.5 -0.666667
10094.5 0
10095.5 0
10096.5 0
10097.5 0
10098.5 0
10099.5 0
10100.5 0
10101.5 0
10102.5 0
10103.5 0
10104.5 0
10105.5 0
10106.5 0
10107.5 1
10108.5 0
10109.5 0
10110.5 0
10111.5 0
10112.5 0
10113.5 -0.666667
10114.5 0
10115.5 0
10116.5 0
10117.5 0
10118.5 0
10119.5 0
10120.5 -0.666667
10121.5 0
10122.5 0
10123.5 0
10124.5 0
10125.5 0
10126.5 0
10127.5 0
10128.5 0
10129.5 0
10130.5 0
10131.5 0
10132.5 0
10133.5 0
10134.5 0
10135.5 0
10136.5 0
10137.5 0
10138.5 -0.666667
10139.5 0
10140.5 0
10141.5 0
10142.5 0
10143.5 0
10144.5 0
10145.5 0
10146.5 0.333333
10147.5 0
10148.5 0
10149.5 0
10150.5 0
10151.5 0
10152.5 0
10153.5 0
10154.5 0
10155.5 0
10156.5 0
10157.5 0
10158.5 0
10159.5 0
10160.5 0
10161.5 0
10162.5 0
10163.5 0
10164.5 0
10165.5 0
10166.5 0
10167.5 0
10168.5 0
10169.5 0
10170.5 0
10171.5 0
10172.5 0
10173.5 1
10174.5 -0.666667
10175.5 0
10176.5 0
10177.5 0
10178.5 0
10179.5 0
10180.5 0
10181.5 0
10182.5 1
10183.5 0
10184.5 0
10185.5 0
10186.5 0
10187.5 0
10188.5 -0.666667
10189.5 0
10190.5 0
10191.5 -0.666667
10192.5 0
10193.5 0
10194.5 0
10195.5 0
10196.5 0
10197.5 0
10198.5 0
10199.5 0
10200.5 0
10201.5 0
10202.5 0
10203.5 0
10204.5 0
10205.5 0
10206.5 0
10207.5 0
10208.5 0
10209.5 0
10210.5 0
10211.5 0
10212.5 0
10213.5 0
10214.5 0
10215.5 0
10216.5 0
10217.5 0
10218.5 0
10219.5 0
10220.5 0
10221.5 -0.666667
10222.5 0
10223.5 0
10224.5 0
10225.5 0
10226.5 0
10227.5 0
10228.5 0
10229.5 0
10230.5 0
10231.5 0
10232.5 0
10233.5 0
10234.5 0
10235.5 0
10236.5 0
10237.5 0
10238.5 0
10239.5 0
10240.5 0
10241.5 0
10242.5 0
10243.5 0
10244.5 0
10245.5 0
10246.5 0
10247.5 0
10248.5 0
10249.5 0
10250.5 0
10251.5 0
10252.5 0
10253.5 0
10254.5 0
10255.5 0
10256.5 0
10257.5 0
10258.5 0
10259.5 1
10260.5 0
10261.5 0
10262.5 0
10263.5 0
10264.5 0
10265.5 0
10266.5 0
10267.5 0
10268.5 0
10269.5 0
10270.5 0
10271.5 0
10272.5 0
10273.5 0
10274.5 0
10275.5 0
10276.5 0
10277.5 -0.666667
10278.5 0
10279.5 0
10280.5 1
10281.5 0
10282.5 0
10283.5 0
10284.5 0
10285.5 0
10286.5 0
10287.5 0
10288.5 0
10289.5 0
10290.5 0
10291.5 0
10292.5 0
10293.5 0
10294.5 0
10295.5 0
10296.5 0
10297.5 0
10298.5 0
10299.5 0
10300.5 0
10301.5 0
10302.5 0
10303.5 0
10304.5 0
10305.5 0
10306.5 0
10307.5 0
10308.5 0
10309.5 0
10310.5 0
10311.5 0
10312.5 0
10313.5 0
10314.5 0
10315.5 0
10316.5 0
10317.5 0
10318.5 0
10319.5 0
10320.5 0
10321.5 0
10322.5 -0.666667
10323.5 0
10324.5 0
10325.5 -0.666667
10326.5 0
10327.5 0
10328.5 0
10329.5 0
10330.5 0
10331.5 0
10332.5 0
10333.5 0
10334.5 0
10335.5 1
10336.5 0
10337.5 0
10338.5 0
10339.5 0
10340.5 0
10341.5 0
10342.5 0
10343.5 0
10344.5 0
10345.5 0
10346.5 0.333333
10347.5 0
10348.5 0
10349.5 0
10350.5 0
10351.5 0
10352.5 0
10353.5 0
10354.5 0
10355.5 0
10356.5 0
10357.5 0
10358.5 0
10359.5 0
10360.5 0
10361.5 0
10362.5 0
10363.5 0
10364.5 0
10365.5 0
10366.5 0
10367.5 0
10368.5 0
10369.5 0
10370.5 1
10371.5 0
10372.5 0
10373.5 0
10374.5 0
10375.5 0
10376.5 1
10377.5 0
10378.5 0
10379.5 0
10380.5 0
10381.5 0
10382.5 0
10383.5 0
10384.5 0
10385.5 0
10386.5 0
10387.5 0
10388.5 0
10389.5 0
10390.5 0
10391.5 0
10392.5 0
10393.5 0
10394.5 0
10395.5 0
10396.5 0
10397.5 0
10398.5 0
10399.5 0
10400.5 0
10401.5 0
10402.5 0
10403.5 0
10404.5 0
10405.5 0
10406.5 0
10407.5 0
10408.5 0
10409.5 0
10410.5 0
10411.5 0
10412.5 0
10413.5 -0.666667
10414.5 0
10415.5 0
10416.5 0
10417.5 0
10418.5 0
10419.5 0
10420.5 0
10421.5 0
10422.5 0
10423.5 0
10424.5 0
10425.5 0
10426.5 0
10427.5 0
10428.5 0
10429.5 0
10430.5 0
10431.5 0
10432.5 0
10433.5 0
10434.5 0
10435.5 0
10436.5 0
10437.5 0
10438.5 0
10439.5 0
10440.5 0
10441.5 0
10442.5 0
10443.5 0
10444.5 0
10445.5 0
10446.5 0
10447.5 0
10448.5 0
10449.5 0
10450.5 0
10451.5 0
10452.5 0
10453.5 0
10454.5 0
10455.5 0
10456.5 0
10457.5 0
10458.5 0
10459.5 0
10460.5 0
10461.5 0
10462.5 0
10463.5 0
10464.5 0
10465.5 0
10466.5 0
10467.5 0
10468.5 0
10469.5 0
10470.5 0
10471.5 0
10472.5 0
10473.5 0
10474.5 0
10475.5 0
10476.5 0
10477.5 0
10478.5 0
10479.5 0
10480.5 0
10481.5 0
10482.5 0
10483.5 0
10484.5 0
10485.5 0
10486.5 0
10487.5 0
10488.5 0
10489.5 0
10490.5 0
10491.5 0
10492.5 0
10493.5 0
10494.5 0
10495.5 0
10496.5 0
10497.5 0
10498.5 0
10499.5 0
10500.5 0
10501.5 0
10502.5 0
10503.5 0
10504.5 0
10505.5 0
10506.5 0
10507.5 0
10508.5 0
10509.5 0
10510.5 0
10511.5 0
10512.5 0
10513.5 0
10514.5 0
10515.5 0
10516.5 0
10517.5 0
10518.5 0
10519.5 -0.666667
10520.5 0
10521.5 -0.666667
10522.5 0
10523.5 0
10524.5 0
10525.5 0
10526.5 0
10527.5 0
10528.5 0
10529.5 0
10530.5 0
10531.5 0
10532.5 0
10533.5 0
10534.5 0
10535.5 0
10536.5 0
10537.5 0
10538.5 0
10539.5 0
10540.5 0
10541.5 0
10542.5 0
10543.5 0
10544.5 0
10545.5 0
10546.5 0
10547.5 0
10548.5 0
10549.5 0
10550.5 0
10551.5 0
10552.5 0
10553.5 0
10554.5 0
10555.5 0
10556.5 0
10557.5 0
10558.5 0
10559.5 0
10560.5 0
10561.5 0
10562.5 0
10563.5 0
10564.5 0
10565.5 0
10566.5 0
10567.5 0
10568.5 0
10569.5 0
10570.5 0
10571.5 0
10572.5 0
10573.5 0
10574.5 0
10575.5 0
10576.5 0
10577.5 0
10578.5 0
10579.5 0
10580.5 0
10581.5 0
10582.5 0
10583.5 0
10584.5 0
10585.5 0
10586.5 0
10587.5 0
10588.5 0
10589.5 0
10590.5 0
10591.5 0
10592.5 0
10593.5 0
10594.5 0
10595.5 0
10596.5 0
10597.5 0
10598.5 0
10599.5 0
10600.5 0
10601.5 0
10602.5 0
10603.5 0
10604.5 0
10605.5 0
10606.5 0
10607.5 0
10608.5 0
10609.5 0
10610.5 0
10611.5 0
10612.5 0
10613.5 0
10614.5 0
10615.5 0
10616.5 0
10617.5 0
10618.5 0
10619.5 0
10620.5 0
10621.5 0
10622.5 0
10623.5 0
10624.5 0
10625.5 0
10626.5 0
10627.5 0
10628.5 0
10629.5 0
10630.5 0
10631.5 0
10632.5 0
10633.5 0
10634.5 0
10635.5 0
10636.5 0
10637.5 0
10638.5 0
10639.5 0
10640.5 0
10641.5 0
10642.5 0
10643.5 0
10644.5 0
10645.5 0
10646.5 0
10647.5 0
10648.5 0
10649.5 0
10650.5 0
10651.5 0
10652.5 0
10653.5 0
10654.5 0
10655.5 0
10656.5 0
10657.5 0
10658.5 0
10659.5 0
10660.5 0
10661.5 0
10662.5 0
10663.5 0
10664.5 0
10665.5 0
10666.5 0
10667.5 0
10668.5 0
10669.5 0
10670.5 0
10671.5 0
10672.5 0
10673.5 0
10674.5 0
10675.5 0
10676.5 0
10677.5 0
10678.5 0
10679.5 0
10680.5 0
10681.5 0
10682.5 0
10683.5 0
10684.5 0
10685.5 0
10686.5 0
10687.5 0
10688.5 0
10689.5 0
10690.5 0
10691.5 0
10692.5 0
10693.5 0
10694.5 0
10695.5 0
10696.5 0
10697.5 0
10698.5 0
10699.5 0
10700.5 0
10701.5 0
10702.5 0
10703.5 0
10704.5 0
10705.5 0
10706.5 0
10707.5 0
10708.5 0
10709.5 0
10710.5 0
10711.5 0
10712.5 -0.666667
10713.5 0
10714.5 0
10715.5 0
10716.5 0
10717.5 0
10718.5 0
10719.5 0
10720.5 0
10721.5 0
10722.5 0
10723.5 0
10724.5 0
10725.5 0
10726.5 0
10727.5 0
10728.5 0
10729.5 0
10730.5 0
10731.5 0
10732.5 0
10733.5 0
10734.5 0
10735.5 0
10736.5 0
10737.5 0
10738.5 0
10739.5 0
10740.5 0
10741.5 0
10742.5 0
10743.5 0
10744.5 0
10745.5 0
10746.5 0
10747.5 0
10748.5 0
10749.5 0
10750.5 0
10751.5 0
10752.5 0
10753.5 0
10754.5 0
10755.5 0
10756.5 0
10757.5 0
10758.5 0
10759.5 0
10760.5 0
10761.5 0
10762.5 0
10763.5 0
10764.5 0
10765.5 0
10766.5 0
10767.5 0
10768.5 0
10769.5 0
10770.5 0
10771.5 0
10772.5 0
10773.5 0
10774.5 0
10775.5 0
10776.5 0
10777.5 0
10778.5 0
10779.5 0
10780.5 0
10781.5 0
10782.5 0
10783.5 0
10784.5 0
10785.5 0
10786.5 0
10787.5 0
10788.5 0
10789.5 0
10790.5 0
10791.5 0
10792.5 0
10793.5 0
10794.5 0
10795.5 0
10796.5 0
10797.5 0
10798.5 0
10799.5 0
10800.5 0
10801.5 0
10802.5 0
10803.5 0
10804.5 0
10805.5 -0.666667
10806.5 0
10807.5 0
10808.5 0
10809.5 0
10810.5 0
10811.5 0
10812.5 0
10813.5 0
10814.5 0
10815.5 0
10816.5 0
10817.5 0
10818.5 0
10819.5 0
10820.5 0
10821.5 0
10822.5 0
10823.5 0
10824.5 0
10825.5 0
10826.5 0
10827.5 0
10828.5 0
10829.5 0
10830.5 0
10831.5 0
10832.5 0
10833.5 0
10834.5 0
10835.5 0
10836.5 0
10837.5 0
10838.5 0
10839.5 0
10840.5 0
10841.5 0
10842.5 0
10843.5 0
10844.5 0
10845.5 0
10846.5 0
10847.5 0
10848.5 0
10849.5 0
10850.5 0
10851.5 0
10852.5 0
10853.5 0
10854.5 0
10855.5 0
10856.5 0
10857.5 0
10858.5 0
10859.5 0
10860.5 0
10861.5 0
10862.5 0
10863.5 0
10864.5 0
10865.5 1
10866.5 0
10867.5 0
10868.5 0
10869.5 0
10870.5 0
10871.5 0
10872.5 0
10873.5 0
10874.5 0
10875.5 0
10876.5 0
10877.5 0
10878.5 0
10879.5 0
10880.5 0
10881.5 0
10882.5 0
10883.5 0
10884.5 0
10885.5 0
10886.5 0
10887.5 0
10888.5 0
10889.5 0
10890.5 0
10891.5 0
10892.5 0
10893.5 0
10894.5 0
10895.5 0
10896.5 0
10897.5 0
10898.5 0
10899.5 0
10900.5 0
10901.5 0
10902.5 0
10903.5 0
10904.5 0
10905.5 0
10906.5 0
10907.5 0
10908.5 0
10909.5 0
10910.5 0
10911.5 0
10912.5 0
10913.5 0
10914.5 0
10915.5 0
10916.5 0
10917.5 0
10918.5 0
10919.5 0
10920.5 0
10921.5 0
10922.5 0
10923.5 0
10924.5 0
10925.5 0
10926.5 0
10927.5 0
10928.5 0
10929.5 0
10930.5 0
10931.5 0
10932.5 0
10933.5 0
10934.5 0
10935.5 0
10936.5 0
10937.5 0
10938.5 0
10939.5 0
10940.5 0
10941.5 0
10942.5 0
10943.5 0
10944.5 0
10945.5 0
10946.5 0
10947.5 0
10948.5 0
10949.5 0
10950.5 0
10951.5 0
10952.5 0
10953.5 0
10954.5 0
10955.5 0
10956.5 0
10957.5 0
10958.5 0
10959.5 0
10960.5 1
10961.5 0
10962.5 0
10963.5 0
10964.5 0
10965.5 0
10966.5 0
10967.5 0
10968.5 0
10969.5 0
10970.5 0
10971.5 0
10972.5 0
10973.5 0
10974.5 0
10975.5 0
10976.5 0
10977.5 0
10978.5 0
10979.5 0
10980.5 0
10981.5 0
10982.5 0
10983.5 0
10984.5 0
10985.5 0
10986.5 0
10987.5 0
10988.5 0
10989.5 0
10990.5 0
10991.5 0
10992.5 0
10993.5 0
10994.5 0
10995.5 0
10996.5 0
10997.5 0
10998.5 0
10999.5 0
11000.5 0
11001.5 0
11002.5 0
11003.5 0
11004.5 0
11005.5 0
11006.5 0
11007.5 0
11008.5 0
11009.5 0
11010.5 0
11011.5 0
11012.5 0
11013.5 0
11014.5 0
11015.5 0
11016.5 -0.666667
11017.5 0
11018.5 0
11019.5 0
11020.5 0
11021.5 0
11022.5 0
11023.5 0
11024.5 0
11025.5 0
11026.5 0
11027.5 0
11028.5 0
11029.5 0
11030.5 0
11031.5 0
11032.5 0
11033.5 0
11034.5 0
11035.5 0
11036.5 0
11037.5 1
11038.5 0
11039.5 0
11040.5 0
11041.5 0
11042.5 0
11043.5 0
11044.5 0
11045.5 0
11046.5 0
11047.5 0
11048.5 0
11049.5 0
11050.5 0
11051.5 0
11052.5 0
11053.5 0
11054.5 0
11055.5 0
11056.5 0
11057.5 0
11058.5 0
11059.5 0
11060.5 0
11061.5 0
11062.5 0
11063.5 0
11064.5 0
11065.5 0
11066.5 0
11067.5 0
11068.5 0
11069.5 0
11070.5 0
11071.5 0
11072.5 0
11073.5 0
11074.5 0
11075.5 0
11076.5 0
11077.5 0
11078.5 0
11079.5 0
11080.5 0
11081.5 0
11082.5 0
11083.5 0
11084.5 0
11085.5 0
11086.5 0
11087.5 0
11088.5 0
11089.5 0
11090.5 0
11091.5 0
11092.5 0
11093.5 0
11094.5 0
11095.5 0
11096.5 0
11097.5 0
11098.5 0
11099.5 0
11100.5 0
11101.5 0
11102.5 0
11103.5 0
11104.5 0
11105.5 0
11106.5 0
11107.5 0
11108.5 0
11109.5 0
11110.5 0
11111.5 0
11112.5 0
11113.5 1
11114.5 0
11115.5 0
11116.5 0
11117.5 -0.666667
11118.5 0
11119.5 0
11120.5 0
11121.5 0
11122.5 0
11123.5 0
11124.5 0
11125.5 0
11126.5 0
11127.5 0
11128.5 0
11129.5 0
11130.5 0
11131.5 0
11132.5 0
11133.5 0
11134.5 0
11135.5 0
11136.5 0
11137.5 0
11138.5 0
11139.5 0
11140.5 0
11141.5 0
11142.5 0
11143.5 0
11144.5 0
11145.5 0
11146.5 0
11147.5 0
11148.5 0
11149.5 0
11150.5 0
11151.5 -0.666667
11152.5 0
11153.5 0
11154.5 0
11155.5 0
11156.5 0
11157.5 0
11158.5 0
11159.5 0
11160.5 0
11161.5 0
11162.5 0
11163.5 0
11164.5 0
11165.5 0
11166.5 0
11167.5 0
11168.5 0
11169.5 0
11170.5 0
11171.5 0
11172.5 0
11173.5 0
11174.5 0
11175.5 0
11176.5 0
11177.5 0
11178.5 0
11179.5 0
11180.5 0
11181.5 0
11182.5 0
11183.5 0
11184.5 0
11185.5 0
11186.5 0
11187.5 0
11188.5 0
11189.5 0
11190.5 0
11191.5 0
11192.5 0
11193.5 0
11194.5 0
11195.5 0
11196.5 0
11197.5 0
11198.5 0
11199.5 0
11200.5 0
11201.5 0
11202.5 0
11203.5 0
11204.5 0
11205.5 0
11206.5 0
11207.5 0
11208.5 0
11209.5 0
11210.5 0
11211.5 0
11212.5 0
11213.5 0
11214.5 0
11215.5 0
11216.5 0
11217.5 0
11218.5 0
11219.5 0
11220.5 0
11221.5 0
11222.5 0
11223.5 -0.666667
11224.5 0
11225.5 0
11226.5 0
11227.5 0
11228.5 0
11229.5 0
11230.5 0
11231.5 0
11232.5 0
11233.5 0
11234.5 0
11235.5 0
11236.5 0
11237.5 0
11238.5 0
11239.5 0
11240.5 0
11241.5 0
11242.5 0
11243.5 0
11244.5 0
11245.5 0
11246.5 0
11247.5 0
11248.5 0
11249.5 0
11250.5 0
11251.5 0
11252.5 0
11253.5 0
11254.5 0
11255.5 0
11256.5 0
11257.5 0
11258.5 0
11259.5 0
11260.5 0
11261.5 0
11262.5 0
11263.5 0
11264.5 0
11265.5 0
11266.5 0
11267.5 0
11268.5 0
11269.5 0
11270.5 0
11271.5 0
11272.5 0
11273.5 0
11274.5 0
11275.5 0
11276.5 0
11277.5 0
11278.5 0
11279.5 0
11280.5 -0.666667
11281.5 0
11282.5 0
11283.5 0
11284.5 0
11285.5 0
11286.5 0
11287.5 0
11288.5 0
11289.5 0
11290.5 0
11291.5 0
11292.5 0
11293.5 0
11294.5 0
11295.5 0
11296.5 0
11297.5 0
11298.5 0
11299.5 0
11300.5 0
11301.5 0
11302.5 0
11303.5 0
11304.5 0
11305.5 0
11306.5 0
11307.5 0
11308.5 0
11309.5 0
11310.5 0
11311.5 0
11312.5 0
11313.5 0
11314.5 0
11315.5 0
11316.5 0
11317.5 0
11318.5 0
11319.5 0
11320.5 0
11321.5 0
11322.5 0
11323.5 0
11324.5 0
11325.5 0
11326.5 0
11327.5 0
11328.5 0
11329.5 0
11330.5 0
11331.5 0
11332.5 0
11333.5 0
11334.5 0
11335.5 0
11336.5 0
11337.5 0
11338.5 0
11339.5 0
11340.5 0
11341.5 0
11342.5 0
11343.5 0
11344.5 0
11345.5 0
11346.5 0
11347.5 0
11348.5 0
11349.5 0
11350.5 0
11351.5 0
11352.5 0
11353.5 0
11354.5 0
11355.5 0
11356.5 0
11357.5 0
11358.5 0
11359.5 0
11360.5 0
11361.5 0
11362.5 0
11363.5 0
11364.5 0
11365.5 0
11366.5 0
11367.5 0
11368.5 0
11369.5 0
11370.5 0
11371.5 0
11372.5 0
11373.5 0
11374.5 0
11375.5 0
11376.5 0
11377.5 0
11378.5 0
11379.5 0
11380.5 0
11381.5 0
11382.5 0
11383.5 0
11384.5 0
11385.5 0
11386.5 0
11387.5 0
11388.5 0
11389.5 0
11390.5 0
11391.5 0
11392.5 0
11393.5 0
11394.5 0
11395.5 0
11396.5 0
11397.5 0
11398.5 0
11399.5 0
11400.5 0
11401.5 0
11402.5 0
11403.5 0
11404.5 0
11405.5 0
11406.5 0
11407.5 0
11408.5 0
11409.5 0
11410.5 -0.666667
11411.5 0
11412.5 0
11413.5 0
11414.5 0
11415.5 0
11416.5 0
11417.5 0
11418.5 0
11419.5 0
11420.5 0
11421.5 0
11422.5 0
11423.5 0
11424.5 0
11425.5 0
11426.5 0
11427.5 0
11428.5 0
11429.5 0
11430.5 0
11431.5 0
11432.5 0
11433.5 0
11434.5 0
11435.5 0
11436.5 0
11437.5 0
11438.5 0
11439.5 0
11440.5 0
11441.5 0
11442.5 0
11443.5 0
11444.5 0
11445.5 0
11446.5 0
11447.5 0
11448.5 0
11449.5 0
11450.5 0
11451.5 0
11452.5 0
11453.5 0
11454.5 0
11455.5 0
11456.5 0
11457.5 0
11458.5 0
11459.5 0
11460.5 0
11461.5 0
11462.5 0
11463.5 0
11464.5 0
11465.5 0
11466.5 0
11467.5 0
11468.5 0
11469.5 0
11470.5 0
11471.5 0
11472.5 0
11473.5 0
11474.5 0
11475.5 0
11476.5 -0.666667
11477.5 0
11478.5 0
11479.5 0
11480.5 0
11481.5 0
11482.5 0
11483.5 0
11484.5 0
11485.5 0
11486.5 0
11487.5 0
11488.5 0
11489.5 0
11490.5 0
11491.5 0
11492.5 0
11493.5 0
11494.5 0
11495.5 0
11496.5 0
11497.5 0
11498.5 1
11499.5 0
11500.5 0
11501.5 0
11502.5 -0.666667
11503.5 0
11504.5 0
11505.5 0
11506.5 0
11507.5 0
11508.5 0
11509.5 0
11510.5 0
11511.5 0
11512.5 0
11513.5 0
11514.5 0
11515.5 0
11516.5 0
11517.5 0
11518.5 0
11519.5 0
11520.5 0
11521.5 0
11522.5 0
11523.5 0
11524.5 0
11525.5 0
11526.5 0
11527.5 0
11528.5 0
11529.5 0
11530.5 0
11531.5 0
11532.5 0
11533.5 0
11534.5 0
11535.5 -0.666667
11536.5 0
11537.5 0
11538.5 0
11539.5 1
11540.5 0
11541.5 0
11542.5 0
11543.5 0
11544.5 0
11545.5 0
11546.5 0
11547.5 0
11548.5 0
11549.5 0
11550.5 0
11551.5 0
11552.5 0
11553.5 -0.666667
11554.5 0
11555.5 0
11556.5 0
11557.5 0
11558.5 0
11559.5 0
11560.5 0
11561.5 0
11562.5 0
11563.5 0
11564.5 0
11565.5 0
11566.5 0
11567.5 0
11568.5 0
11569.5 0
11570.5 0
11571.5 0
11572.5 0
11573.5 0
11574.5 0
11575.5 0
11576.5 0
11577.5 0
11578.5 0
11579.5 0
11580.5 0
11581.5 0
11582.5 0
11583.5 0
11584.5 0
11585.5 0
11586.5 0
11587.5 0
11588.5 0
11589.5 0
11590.5 0
11591.5 0
11592.5 0
11593.5 0
11594.5 0
11595.5 -0.666667
11596.5 0
11597.5 0
11598.5 0
11599.5 0
11600.5 0
11601.5 0
11602.5 0
11603.5 0
11604.5 0
11605.5 0
11606.5 0
11607.5 0
11608.5 0
11609.5 0
11610.5 0
11611.5 0
11612.5 0
11613.5 0
11614.5 0
11615.5 0
11616.5 0
11617.5 0
11618.5 0
11619.5 0
11620.5 0
11621.5 0
11622.5 0
11623.5 0
11624.5 0
11625.5 0
11626.5 0
11627.5 0
11628.5 0
11629.5 0
11630.5 0
11631.5 0
11632.5 0
11633.5 0
11634.5 0
11635.5 0
11636.5 0
11637.5 0
11638.5 0
11639.5 0
11640.5 0
11641.5 0
11642.5 0
11643.5 0
11644.5 0
11645.5 0
11646.5 0
11647.5 0
11648.5 0
11649.5 0
11650.5 0
11651.5 0
11652.5 0
11653.5 0
11654.5 0
11655.5 0
11656.5 0
11657.5 0
11658.5 0
11659.5 0
11660.5 0
11661.5 0
11662.5 0
11663.5 0
11664.5 0
11665.5 0
11666.5 0
11667.5 0
11668.5 0
11669.5 0
11670.5 0
11671.5 0
11672.5 0
11673.5 0
11674.5 0
11675.5 0
11676.5 0
11677.5 0
11678.5 0
11679.5 0
11680.5 0
11681.5 0
11682.5 0
11683.5 0
11684.5 0
11685.5 0
11686.5 0
11687.5 0
11688.5 0
11689.5 0
11690.5 0
11691.5 0
11692.5 0
11693.5 0
11694.5 0
11695.5 0
11696.5 0
11697.5 0
11698.5 0
11699.5 0
11700.5 0
11701.5 0
11702.5 0
11703.5 0
11704.5 0
11705.5 0
11706.5 0
11707.5 0
11708.5 0
11709.5 0
11710.5 0
11711.5 0
11712.5 0
11713.5 0
11714.5 0
11715.5 0
11716.5 0
11717.5 0
11718.5 0
11719.5 0
11720.5 0
11721.5 0
11722.5 0
11723.5 0
11724.5 0
11725.5 0
11726.5 0
11727.5 0
11728.5 0
11729.5 0
11730.5 0
11731.5 0
11732.5 0
11733.5 0
11734.5 0
11735.5 0
11736.5 0
11737.5 0
11738.5 0
11739.5 0
11740.5 0
11741.5 0
11742.5 0
11743.5 0
11744.5 0
11745.5 0
11746.5 0
11747.5 0
11748.5 0
11749.5 0
11750.5 0
11751.5 0
11752.5 0
11753.5 0
11754.5 0
11755.5 0
11756.5 0
11757.5 0
11758.5 0
11759.5 0
11760.5 0
11761.5 1
11762.5 0
11763.5 0
11764.5 0
11765.5 0
11766.5 1
11767.5 0
11768.5 0
11769.5 0
11770.5 0
11771.5 0
11772.5 0
11773.5 0
11774.5 0
11775.5 0
11776.5 0
11777.5 0
11778.5 0
11779.5 0
11780.5 0
11781.5 0
11782.5 0
11783.5 0
11784.5 0
11785.5 0
11786.5 0
11787.5 0
11788.5 0
11789.5 0
11790.5 0
11791.5 0
11792.5 0
11793.5 0
11794.5 0
11795.5 0
11796.5 0
11797.5 0
11798.5 0
11799.5 0
11800.5 0
11801.5 0
11802.5 0
11803.5 0
11804.5 0
11805.5 0
11806.5 0
11807.5 0
11808.5 0
11809.5 0
11810.5 0
11811.5 0
11812.5 0
11813.5 0
11814.5 0
11815.5 0
11816.5 0
11817.5 0
11818.5 0
11819.5 0
11820.5 0
11821.5 0
11822.5 0
11823.5 0
11824.5 0
11825.5 0
11826.5 0
11827.5 0
11828.5 0
11829.5 0
11830.5 0
11831.5 0
11832.5 0
11833.5 0
11834.5 0
11835.5 0
11836.5 0
11837.5 0
11838.5 0
11839.5 0
11840.5 0
11841.5 0
11842.5 0
11843.5 0
11844.5 0
11845.5 0
11846.5 0
11847.5 0
11848.5 0
11849.5 0
11850.5 0
11851.5 0
11852.5 0
11853.5 0
11854.5 0
11855.5 0
11856.5 0
11857.5 0
11858.5 0
11859.5 -0.666667
11860.5 0
11861.5 0
11862.5 0
11863.5 0
11864.5 0
11865.5 0
11866.5 0
11867.5 0
11868.5 0
11869.5 0
11870.5 0
11871.5 0
11872.5 0
11873.5 0
11874.5 0
11875.5 0
11876.5 0
11877.5 0
11878.5 0
11879.5 0
11880.5 0
11881.5 0
11882.5 0
11883.5 0
11884.5 0
11885.5 0
11886.5 0
11887.5 0
11888.5 0
11889.5 0
11890.5 0
11891.5 0
11892.5 0
11893.5 0
11894.5 0
11895.5 0
11896.5 0
11897.5 0
11898.5 0
11899.5 0
11900.5 0
11901.5 0
11902.5 0
11903.5 0
11904.5 0
11905.5 0
11906.5 0
11907.5 0
11908.5 0
11909.5 0
11910.5 0
11911.5 0
11912.5 0
11913.5 0
11914.5 0
11915.5 0
11916.5 0
11917.5 0
11918.5 0
11919.5 0
11920.5 0
11921.5 0
11922.5 0
11923.5 0
11924.5 0
11925.5 0
11926.5 0
11927.5 0
11928.5 0
11929.5 0
11930.5 0
11931.5 0
11932.5 0
11933.5 0
11934.5 0
11935.5 0
11936.5 0
11937.5 0
11938.5 0
11939.5 0
11940.5 0
11941.5 0
11942.5 0
11943.5 0
11944.5 0
11945.5 0
11946.5 0
11947.5 0
11948.5 0
11949.5 0
11950.5 0
11951.5 0
11952.5 0
11953.5 0
11954.5 0
11955.5 0
11956.5 0
11957.5 0
11958.5 0
11959.5 0
11960.5 0
11961.5 0
11962.5 0
11963.5 0
11964.5 0
11965.5 0
11966.5 0
11967.5 0
11968.5 0
11969.5 0
11970.5 0
11971.5 0
11972.5 0
11973.5 0
11974.5 0
11975.5 0
11976.5 0
11977.5 0
11978.5 0
11979.5 0
11980.5 0
11981.5 0
11982.5 0
11983.5 0
11984.5 -0.666667
11985.5 0
11986.5 0
11987.5 0
11988.5 0
11989.5 0
11990.5 0
11991.5 0
11992.5 0
11993.5 0
11994.5 0
11995.5 0
11996.5 0
11997.5 0
11998.5 0
11999.5 0
