# EGG_ProjY_E3426.5(4.5)_B3405.5(3.5)_B3474.5(3.5)
# X axis : Energy (keV) [Y axis]
# Y axis : Counts/1 keV
# N Bins : 12000
# X Min : 0
# X Max : 12000
# X value at the center of the bins
0.5 0
1.5 0
2.5 0
3.5 0
4.5 0
5.5 41
6.5 55.1429
7.5 48.4286
8.5 35.7857
9.5 15.2143
10.5 18.8571
11.5 53.5714
12.5 29.7857
13.5 32.5
14.5 29.0714
15.5 71.5
16.5 105.286
17.5 138.5
18.5 113.143
19.5 244.714
20.5 277.929
21.5 262.857
22.5 344.214
23.5 333.571
24.5 416.571
25.5 443.571
26.5 610.643
27.5 551.714
28.5 676.357
29.5 587.357
30.5 815.571
31.5 785.857
32.5 987.071
33.5 870.714
34.5 960.214
35.5 1004.43
36.5 989.643
37.5 850.357
38.5 1023.29
39.5 883.929
40.5 1054.43
41.5 1155.21
42.5 1019.5
43.5 1044.79
44.5 1230
45.5 1105.71
46.5 1243.07
47.5 1088.79
48.5 1096
49.5 1115.64
50.5 1176.21
51.5 1222.36
52.5 1265.79
53.5 1121
54.5 1339.57
55.5 1280.5
56.5 1283.57
57.5 1436.21
58.5 1736.57
59.5 1941.5
60.5 1498.5
61.5 1240
62.5 1114.93
63.5 1344.21
64.5 1182
65.5 1345.64
66.5 1488.07
67.5 1580.93
68.5 1392.93
69.5 1392.14
70.5 1235.14
71.5 1227.29
72.5 1217
73.5 1701.43
74.5 2248.43
75.5 2567.29
76.5 2731.43
77.5 3019.21
78.5 2026.5
79.5 1308.21
80.5 1179.64
81.5 1209
82.5 1299.86
83.5 1267.79
84.5 1201.29
85.5 1499.43
86.5 1819.36
87.5 2035.29
88.5 1635.93
89.5 1481.57
90.5 1401.5
91.5 1285.71
92.5 1307.71
93.5 1118.5
94.5 1273.36
95.5 1298.64
96.5 1342.93
97.5 1282.93
98.5 1157
99.5 1343.79
100.5 1247.64
101.5 1432.43
102.5 1305.14
103.5 1379.93
104.5 1228.64
105.5 1341.93
106.5 1356.14
107.5 1379.14
108.5 1371.86
109.5 1389.79
110.5 1349.5
111.5 1310.86
112.5 1351.21
113.5 1358.86
114.5 1364.43
115.5 1380.21
116.5 1455.36
117.5 1467.07
118.5 1445.86
119.5 1586.71
120.5 1382
121.5 1433
122.5 1310.86
123.5 1440
124.5 1378.86
125.5 1596.79
126.5 1402.5
127.5 1487.71
128.5 1323.57
129.5 1446.5
130.5 1786.86
131.5 1533.86
132.5 1648.43
133.5 1686.5
134.5 1635.43
135.5 1578.86
136.5 1684.14
137.5 1543.43
138.5 1651.36
139.5 1796.5
140.5 1577.07
141.5 1686.36
142.5 1728.64
143.5 1644.29
144.5 1592.21
145.5 1512
146.5 1607
147.5 1517
148.5 1677.21
149.5 1482.5
150.5 1774.86
151.5 1780.71
152.5 1841
153.5 1658.07
154.5 1657.29
155.5 1865.14
156.5 1735.36
157.5 1770.5
158.5 1862.93
159.5 1817.43
160.5 2053.57
161.5 2024.71
162.5 1700.36
163.5 1692
164.5 1716.07
165.5 1607.21
166.5 1863.5
167.5 1656.57
168.5 1496.21
169.5 1781.14
170.5 1520.43
171.5 1651.43
172.5 1580.29
173.5 1676.86
174.5 1867.07
175.5 1494.14
176.5 1709
177.5 1538.86
178.5 1534.71
179.5 1702.36
180.5 1681.5
181.5 1559.71
182.5 1832.64
183.5 1662.21
184.5 1675.79
185.5 1773.36
186.5 1652.21
187.5 1943.86
188.5 1734.79
189.5 1817.5
190.5 1760.21
191.5 1957.79
192.5 1825.93
193.5 2044.36
194.5 1900.5
195.5 1931.57
196.5 1793.21
197.5 1806.79
198.5 2051.86
199.5 1916.64
200.5 1865.07
201.5 1810.5
202.5 1841.57
203.5 1763.71
204.5 1765.21
205.5 1906.57
206.5 1664.29
207.5 1706.86
208.5 1758.5
209.5 1780.07
210.5 2034.86
211.5 1989.21
212.5 1792.07
213.5 1850.64
214.5 1986.43
215.5 2075.93
216.5 1768
217.5 1952.21
218.5 2014.79
219.5 2023.93
220.5 1840.79
221.5 2034.79
222.5 2053.5
223.5 2058.57
224.5 1981.57
225.5 1921
226.5 2043.29
227.5 1951.29
228.5 1798.21
229.5 1808.86
230.5 2001.36
231.5 2032.14
232.5 1924.57
233.5 1919
234.5 1843.93
235.5 1779.86
236.5 1879.57
237.5 1835.93
238.5 1829.43
239.5 1723
240.5 1655
241.5 1676.36
242.5 1794.57
243.5 1765.07
244.5 1959.57
245.5 1912.79
246.5 1873.64
247.5 1808
248.5 1805.93
249.5 1752.93
250.5 1979
251.5 1713.64
252.5 1802.07
253.5 1945
254.5 2014.5
255.5 1843
256.5 1979.21
257.5 1959.79
258.5 1802.36
259.5 1696.21
260.5 1807.93
261.5 1751.79
262.5 1809.64
263.5 1690.21
264.5 1573.57
265.5 1539.86
266.5 1522.07
267.5 1654.71
268.5 1657.64
269.5 1509.21
270.5 1614.79
271.5 1521.36
272.5 1541.79
273.5 1521.71
274.5 1521.07
275.5 1550
276.5 1492
277.5 1649.79
278.5 1424.71
279.5 1602.29
280.5 1528.79
281.5 1564.14
282.5 1543.43
283.5 1608.64
284.5 1559.36
285.5 1560.36
286.5 1550.57
287.5 1504.86
288.5 1536.21
289.5 1522.86
290.5 1449.36
291.5 1427.5
292.5 1352.57
293.5 1515.29
294.5 1507.29
295.5 1563.29
296.5 1525.57
297.5 1395.71
298.5 1580.29
299.5 1535.07
300.5 1339.57
301.5 1522.14
302.5 1418.36
303.5 1315.86
304.5 1353.07
305.5 1367.71
306.5 1385.57
307.5 1414.79
308.5 1443.71
309.5 1495.64
310.5 1365.07
311.5 1490.64
312.5 1455.29
313.5 1320.07
314.5 1411.43
315.5 1509.36
316.5 1558.71
317.5 1524.36
318.5 1635.5
319.5 1726.29
320.5 1564.21
321.5 1657.43
322.5 1666.64
323.5 1703.57
324.5 1463.57
325.5 1728.5
326.5 1552.57
327.5 1545.71
328.5 1424.93
329.5 1335
330.5 1439.79
331.5 1382.93
332.5 1263.14
333.5 1265.36
334.5 1208.21
335.5 1265.36
336.5 1260.64
337.5 1228.57
338.5 1146.71
339.5 1208.57
340.5 1181.36
341.5 993.571
342.5 1065.43
343.5 1045.29
344.5 1154.07
345.5 1178
346.5 1132.07
347.5 1225.36
348.5 1213.64
349.5 1122.71
350.5 1135
351.5 1157.43
352.5 1251.07
353.5 1179.79
354.5 1241.07
355.5 1281.86
356.5 1336.29
357.5 1350.86
358.5 1143.43
359.5 1156.64
360.5 1315.57
361.5 1232.21
362.5 1124.36
363.5 1234.71
364.5 1260.93
365.5 1166.36
366.5 1151.36
367.5 1173.79
368.5 1241.5
369.5 1219
370.5 1173.93
371.5 1094.43
372.5 1288.64
373.5 1167.29
374.5 1081.64
375.5 1098.36
376.5 1144.93
377.5 1180.29
378.5 1233
379.5 1320.71
380.5 1284.64
381.5 1188.36
382.5 1106.5
383.5 1126.5
384.5 1112.14
385.5 1142.14
386.5 1168.93
387.5 1103.29
388.5 959.214
389.5 1035.64
390.5 1053.07
391.5 1104.07
392.5 1006.29
393.5 1107.93
394.5 1109.86
395.5 1035.64
396.5 1050.64
397.5 1022.57
398.5 1058.86
399.5 1073.79
400.5 1042.36
401.5 1002.93
402.5 1181.29
403.5 1419.43
404.5 1493.64
405.5 1215.43
406.5 1096.21
407.5 1032.43
408.5 1103.79
409.5 1110.57
410.5 1112.71
411.5 1103.93
412.5 1087.43
413.5 1125.57
414.5 1037.86
415.5 1017.29
416.5 951.929
417.5 1014.43
418.5 1018.79
419.5 1031.43
420.5 1155.29
421.5 1231.5
422.5 977.5
423.5 1019.86
424.5 1066
425.5 1052.5
426.5 1023.21
427.5 1035.64
428.5 996.786
429.5 958
430.5 1091.57
431.5 1106.21
432.5 1245
433.5 1199.86
434.5 1147.93
435.5 1184.36
436.5 1146.36
437.5 1195.93
438.5 1315.93
439.5 1048.21
440.5 1123.36
441.5 1075.21
442.5 1167.14
443.5 1143.71
444.5 1101
445.5 1109.14
446.5 1060.07
447.5 1062.36
448.5 1004.36
449.5 1156.79
450.5 1009
451.5 1022.5
452.5 908.429
453.5 952.643
454.5 898.143
455.5 866.071
456.5 958.714
457.5 903.357
458.5 840.5
459.5 933.571
460.5 967.5
461.5 1074.5
462.5 899.929
463.5 930.357
464.5 882.786
465.5 932.143
466.5 1060.14
467.5 884.286
468.5 914.571
469.5 935.286
470.5 974.571
471.5 1029.93
472.5 1153
473.5 1026.86
474.5 1195.29
475.5 1233.14
476.5 1228
477.5 1254.07
478.5 1268.64
479.5 1109.21
480.5 1009.64
481.5 1094.64
482.5 1173.57
483.5 924.429
484.5 941.429
485.5 922.071
486.5 927
487.5 894.786
488.5 805.786
489.5 828.286
490.5 865.286
491.5 825.143
492.5 889.214
493.5 762.071
494.5 780.857
495.5 818.286
496.5 720.071
497.5 799.714
498.5 821.357
499.5 780.286
500.5 881.071
501.5 812.429
502.5 963
503.5 1023.86
504.5 1011.07
505.5 1144.14
506.5 1286.43
507.5 1992.86
508.5 3180.36
509.5 6099.5
510.5 8596.43
511.5 8384.71
512.5 5617.79
513.5 2950.93
514.5 1578
515.5 1081.71
516.5 1125.93
517.5 1162.43
518.5 988.071
519.5 825.071
520.5 805.5
521.5 841.929
522.5 764.5
523.5 750.429
524.5 805.643
525.5 842.214
526.5 841.214
527.5 773.714
528.5 831.786
529.5 909.429
530.5 835
531.5 942.643
532.5 877.143
533.5 959.786
534.5 881.357
535.5 731.429
536.5 928.857
537.5 872.143
538.5 814.357
539.5 1012.79
540.5 855.714
541.5 906.786
542.5 783.571
543.5 985.5
544.5 1053.21
545.5 987
546.5 1030.43
547.5 955.429
548.5 879.5
549.5 787.571
550.5 836.714
551.5 721
552.5 829.5
553.5 691.643
554.5 702.286
555.5 632.643
556.5 733.5
557.5 735.786
558.5 643.286
559.5 744.214
560.5 687.143
561.5 672.5
562.5 700.071
563.5 750.5
564.5 690.929
565.5 712.5
566.5 738.429
567.5 701.5
568.5 700.786
569.5 791.929
570.5 844.786
571.5 730.214
572.5 760.643
573.5 774.214
574.5 743.214
575.5 732.357
576.5 738.286
577.5 696.714
578.5 752.143
579.5 861.286
580.5 766.714
581.5 808
582.5 750.214
583.5 970.214
584.5 731.857
585.5 698.357
586.5 712.286
587.5 739.357
588.5 738.429
589.5 824.929
590.5 794.571
591.5 773.714
592.5 658.786
593.5 803.286
594.5 821.714
595.5 828.071
596.5 846.643
597.5 716.929
598.5 811.643
599.5 819.429
600.5 753.143
601.5 811.857
602.5 770.5
603.5 786.5
604.5 784.571
605.5 801.143
606.5 788.714
607.5 755
608.5 879.214
609.5 803.357
610.5 844.5
611.5 829.286
612.5 816.643
613.5 754.429
614.5 728.214
615.5 715.143
616.5 736.286
617.5 685.786
618.5 769.5
619.5 737.857
620.5 763.286
621.5 788.286
622.5 742.143
623.5 771.571
624.5 690.357
625.5 733.214
626.5 651.643
627.5 1077.36
628.5 1335.71
629.5 1121.43
630.5 763
631.5 741.714
632.5 769
633.5 737.429
634.5 719.571
635.5 886
636.5 1061.5
637.5 1344.79
638.5 1042.93
639.5 845.429
640.5 753.357
641.5 765.5
642.5 838.5
643.5 857.429
644.5 1364.36
645.5 2058.79
646.5 1732.43
647.5 1146.64
648.5 853.786
649.5 937.429
650.5 1053.93
651.5 1074.79
652.5 789.786
653.5 834.143
654.5 795.357
655.5 633
656.5 788.857
657.5 775.143
658.5 670.5
659.5 743.714
660.5 722.5
661.5 832.143
662.5 693
663.5 741.5
664.5 709.5
665.5 705.5
666.5 700.286
667.5 660.857
668.5 746.143
669.5 739.286
670.5 803.071
671.5 689
672.5 670.286
673.5 768.571
674.5 772.714
675.5 690.429
676.5 733.357
677.5 729.857
678.5 725.286
679.5 737.786
680.5 786.357
681.5 753.571
682.5 729.214
683.5 673.143
684.5 699.429
685.5 714.143
686.5 691.857
687.5 750.786
688.5 782.929
689.5 747.857
690.5 753.714
691.5 717.786
692.5 751.143
693.5 660.786
694.5 808.571
695.5 698.786
696.5 659.714
697.5 792.5
698.5 757.929
699.5 740
700.5 690.357
701.5 733.214
702.5 877.571
703.5 1107.86
704.5 1295.36
705.5 1024.57
706.5 762.214
707.5 747.071
708.5 776.429
709.5 735.071
710.5 690.286
711.5 729.214
712.5 686.357
713.5 758.929
714.5 731.714
715.5 742.857
716.5 754.214
717.5 816.429
718.5 733.143
719.5 721.357
720.5 750.286
721.5 706.429
722.5 681.571
723.5 777.714
724.5 742.286
725.5 745.857
726.5 723.286
727.5 784
728.5 707.929
729.5 707.643
730.5 752
731.5 659.5
732.5 755.214
733.5 654.429
734.5 733
735.5 652.714
736.5 736.143
737.5 674.857
738.5 683.357
739.5 593.214
740.5 665.857
741.5 691.929
742.5 609
743.5 813.071
744.5 741.714
745.5 719.786
746.5 769.857
747.5 676.429
748.5 750.643
749.5 806
750.5 674.143
751.5 747.786
752.5 762
753.5 725.714
754.5 703.643
755.5 769.571
756.5 834
757.5 806.286
758.5 831.786
759.5 1177.14
760.5 2010.86
761.5 2091.36
762.5 1388.86
763.5 835.214
764.5 809.857
765.5 705.357
766.5 697.929
767.5 719.714
768.5 698.286
769.5 803.214
770.5 728
771.5 710.143
772.5 799.643
773.5 685.786
774.5 802
775.5 750.5
776.5 780.857
777.5 756.143
778.5 774.929
779.5 843.357
780.5 827.929
781.5 822.571
782.5 813
783.5 754.429
784.5 832.071
785.5 936.214
786.5 754.357
787.5 828.286
788.5 845.786
789.5 736.5
790.5 774.071
791.5 829.357
792.5 780.071
793.5 753.786
794.5 840.857
795.5 737.714
796.5 674.357
797.5 742.857
798.5 703.5
799.5 749.286
800.5 633.786
801.5 736.786
802.5 845.071
803.5 936.714
804.5 919.857
805.5 815
806.5 719.786
807.5 796.571
808.5 766.286
809.5 689
810.5 747.357
811.5 733.786
812.5 775.5
813.5 833.357
814.5 732.929
815.5 744.571
816.5 834.286
817.5 747.714
818.5 690.857
819.5 776.429
820.5 725
821.5 823.5
822.5 819.786
823.5 866.286
824.5 777.357
825.5 818.929
826.5 803.357
827.5 877.214
828.5 713
829.5 807.143
830.5 823.143
831.5 774.357
832.5 842.429
833.5 814
834.5 820.429
835.5 771.143
836.5 768.214
837.5 761.786
838.5 816.071
839.5 756.429
840.5 791.286
841.5 783.643
842.5 886.5
843.5 687.571
844.5 779.714
845.5 864.5
846.5 813.714
847.5 829.429
848.5 797.214
849.5 816.429
850.5 732.286
851.5 787
852.5 866.929
853.5 790.429
854.5 796
855.5 865.071
856.5 846.357
857.5 789.357
858.5 851.286
859.5 788.357
860.5 810.429
861.5 789.643
862.5 873.786
863.5 797
864.5 817.5
865.5 896.071
866.5 905.643
867.5 1042.14
868.5 1166.57
869.5 1062.93
870.5 1078.86
871.5 997.357
872.5 891.429
873.5 948.786
874.5 960.429
875.5 957
876.5 914.286
877.5 1179.43
878.5 1248.21
879.5 941
880.5 846.214
881.5 939.643
882.5 825.571
883.5 857.214
884.5 912.786
885.5 827.857
886.5 890.357
887.5 870.714
888.5 876.857
889.5 881.071
890.5 870.214
891.5 913.286
892.5 1000.07
893.5 959.929
894.5 874.5
895.5 975.214
896.5 851.714
897.5 936.357
898.5 901.214
899.5 947.214
900.5 870.429
901.5 889.214
902.5 936.857
903.5 1019.29
904.5 973.071
905.5 946.429
906.5 1057.14
907.5 932.714
908.5 940.214
909.5 1061.79
910.5 988.643
911.5 948.857
912.5 902.643
913.5 1007.5
914.5 1060.79
915.5 966.929
916.5 1060
917.5 1030.5
918.5 1109.5
919.5 1053.14
920.5 1123.29
921.5 1139.21
922.5 1014.43
923.5 1132
924.5 1129.86
925.5 1076.57
926.5 1102.29
927.5 1199.93
928.5 1043.14
929.5 1214.79
930.5 1194.07
931.5 1230.86
932.5 1138.57
933.5 1180.07
934.5 1264.86
935.5 1226.07
936.5 1271.64
937.5 1253.93
938.5 1348.57
939.5 1246.21
940.5 1126.57
941.5 1260.21
942.5 1300.5
943.5 1240.93
944.5 1190.43
945.5 1166.64
946.5 1105.79
947.5 1040
948.5 1060.07
949.5 988.071
950.5 989.5
951.5 923.714
952.5 971.857
953.5 902.929
954.5 906.429
955.5 907.857
956.5 885.929
957.5 805.429
958.5 911.143
959.5 836.286
960.5 764.357
961.5 783.5
962.5 868
963.5 898.214
964.5 773.286
965.5 842.143
966.5 873.714
967.5 815.214
968.5 782.214
969.5 772.786
970.5 803.357
971.5 761.429
972.5 764.286
973.5 756.143
974.5 761.929
975.5 691.714
976.5 770.143
977.5 804.5
978.5 842.286
979.5 754.571
980.5 786
981.5 698.286
982.5 642.071
983.5 707.929
984.5 601.643
985.5 663.214
986.5 702.286
987.5 755.071
988.5 762.857
989.5 765.571
990.5 724.357
991.5 714
992.5 704.857
993.5 701.643
994.5 812.786
995.5 676.286
996.5 649.5
997.5 683.786
998.5 709.214
999.5 778
1000.5 1023.71
1001.5 1325.29
1002.5 1267.29
1003.5 950.857
1004.5 754.929
1005.5 687.357
1006.5 672.786
1007.5 664.929
1008.5 621.357
1009.5 548.571
1010.5 667.643
1011.5 645.071
1012.5 592.571
1013.5 631.071
1014.5 655.143
1015.5 612.214
1016.5 556.357
1017.5 568.571
1018.5 604.214
1019.5 594.643
1020.5 664.357
1021.5 578.429
1022.5 646.214
1023.5 656.857
1024.5 826.786
1025.5 777.357
1026.5 614.429
1027.5 655.357
1028.5 599.429
1029.5 547.857
1030.5 520.214
1031.5 599.5
1032.5 546.929
1033.5 563.071
1034.5 551.143
1035.5 618.357
1036.5 518.786
1037.5 603.786
1038.5 533.571
1039.5 547.214
1040.5 528.143
1041.5 480
1042.5 549.714
1043.5 479.5
1044.5 484.786
1045.5 434.286
1046.5 400.286
1047.5 499.643
1048.5 508.857
1049.5 435.714
1050.5 454.5
1051.5 506.857
1052.5 468.214
1053.5 462.214
1054.5 473
1055.5 480.286
1056.5 424.357
1057.5 474.357
1058.5 421.786
1059.5 398.286
1060.5 472.214
1061.5 383.786
1062.5 463.143
1063.5 455.714
1064.5 454.857
1065.5 519.786
1066.5 466.5
1067.5 456.571
1068.5 404.214
1069.5 370.714
1070.5 533.143
1071.5 607.286
1072.5 942.643
1073.5 2056
1074.5 2387.86
1075.5 1389.07
1076.5 681.143
1077.5 465.714
1078.5 428.786
1079.5 383.286
1080.5 347.286
1081.5 383.786
1082.5 421.071
1083.5 393.857
1084.5 396.429
1085.5 352.571
1086.5 398.429
1087.5 416.429
1088.5 381.286
1089.5 415.143
1090.5 426.714
1091.5 354.286
1092.5 398.071
1093.5 405.714
1094.5 409.571
1095.5 410.429
1096.5 431.214
1097.5 335.357
1098.5 388.929
1099.5 396.071
1100.5 407.071
1101.5 364.929
1102.5 356.857
1103.5 416.714
1104.5 393.143
1105.5 368.286
1106.5 413.429
1107.5 395.571
1108.5 415
1109.5 348.857
1110.5 437.714
1111.5 375.214
1112.5 396.143
1113.5 393.714
1114.5 393.929
1115.5 376.929
1116.5 356.571
1117.5 401.5
1118.5 398.786
1119.5 431.929
1120.5 348.429
1121.5 434.429
1122.5 453.357
1123.5 905.071
1124.5 1823.43
1125.5 3894.14
1126.5 3904.14
1127.5 2572.21
1128.5 757
1129.5 418.071
1130.5 385.786
1131.5 336.214
1132.5 366.357
1133.5 392.357
1134.5 381.429
1135.5 356.5
1136.5 369.571
1137.5 330.643
1138.5 353.214
1139.5 347.357
1140.5 336.214
1141.5 385.071
1142.5 327.786
1143.5 376.357
1144.5 390.214
1145.5 402.214
1146.5 392.429
1147.5 429.929
1148.5 448.714
1149.5 432.286
1150.5 485.429
1151.5 489.357
1152.5 717.786
1153.5 2240.86
1154.5 9326.86
1155.5 32419.9
1156.5 71292.1
1157.5 72863.9
1158.5 30232.8
1159.5 6487.93
1160.5 1420.43
1161.5 508.643
1162.5 329.143
1163.5 323.5
1164.5 359.714
1165.5 271.357
1166.5 224.286
1167.5 219.643
1168.5 218.071
1169.5 165.286
1170.5 176.929
1171.5 204.143
1172.5 166.429
1173.5 174.286
1174.5 166.714
1175.5 178.786
1176.5 210.071
1177.5 191.214
1178.5 186.429
1179.5 161.714
1180.5 185.786
1181.5 188.286
1182.5 200.286
1183.5 160.643
1184.5 270.143
1185.5 170.143
1186.5 211.071
1187.5 257.929
1188.5 329.643
1189.5 876
1190.5 1815.29
1191.5 1892.5
1192.5 1016.43
1193.5 359.071
1194.5 204.5
1195.5 200.071
1196.5 171.857
1197.5 141.5
1198.5 163.929
1199.5 186.5
1200.5 165.071
1201.5 218.357
1202.5 205.5
1203.5 224.571
1204.5 191.5
1205.5 163.357
1206.5 233.143
1207.5 247.5
1208.5 173.643
1209.5 186.714
1210.5 175.929
1211.5 186.643
1212.5 160.143
1213.5 205.643
1214.5 170
1215.5 175.786
1216.5 181.857
1217.5 138.786
1218.5 179.571
1219.5 172.357
1220.5 161.357
1221.5 193.786
1222.5 183.071
1223.5 178.5
1224.5 183.214
1225.5 192
1226.5 152.143
1227.5 142.929
1228.5 107
1229.5 152.5
1230.5 155.714
1231.5 173.357
1232.5 144.357
1233.5 183.357
1234.5 173.5
1235.5 152.714
1236.5 164.429
1237.5 195.5
1238.5 153
1239.5 137.071
1240.5 224.071
1241.5 273.714
1242.5 363.286
1243.5 328.643
1244.5 205.571
1245.5 185
1246.5 150.5
1247.5 161.429
1248.5 162.857
1249.5 173.357
1250.5 191.786
1251.5 165.214
1252.5 155.571
1253.5 146.857
1254.5 175.071
1255.5 180.071
1256.5 188.071
1257.5 167
1258.5 201.929
1259.5 189.143
1260.5 253.786
1261.5 279
1262.5 310.071
1263.5 244.143
1264.5 191.714
1265.5 244.786
1266.5 270.286
1267.5 298
1268.5 197.214
1269.5 112.071
1270.5 155
1271.5 158
1272.5 147.5
1273.5 124.643
1274.5 174.429
1275.5 170.929
1276.5 138.214
1277.5 147.571
1278.5 164.857
1279.5 183.143
1280.5 118.357
1281.5 137.714
1282.5 155.643
1283.5 149.643
1284.5 169.714
1285.5 183.929
1286.5 143.143
1287.5 141.929
1288.5 144.429
1289.5 154.357
1290.5 182.786
1291.5 184.357
1292.5 232.643
1293.5 125.857
1294.5 161.5
1295.5 189
1296.5 163.857
1297.5 130.5
1298.5 188.929
1299.5 206.071
1300.5 195.429
1301.5 187.357
1302.5 177.357
1303.5 145.786
1304.5 176.786
1305.5 156.643
1306.5 143.5
1307.5 176.643
1308.5 175.857
1309.5 223.214
1310.5 187.643
1311.5 194.286
1312.5 193.786
1313.5 149.429
1314.5 220.357
1315.5 170.5
1316.5 180.929
1317.5 163.071
1318.5 179.286
1319.5 190.571
1320.5 197.286
1321.5 288.214
1322.5 223.071
1323.5 206.714
1324.5 175.357
1325.5 155.714
1326.5 186.857
1327.5 133.714
1328.5 202.357
1329.5 167.286
1330.5 162.857
1331.5 185.643
1332.5 178
1333.5 131.429
1334.5 165.857
1335.5 134.857
1336.5 175.786
1337.5 166.357
1338.5 119.286
1339.5 138.714
1340.5 169.214
1341.5 137.429
1342.5 179.786
1343.5 94.5
1344.5 185.286
1345.5 188.143
1346.5 173.286
1347.5 162.143
1348.5 150.214
1349.5 135.714
1350.5 217.071
1351.5 161.357
1352.5 148.071
1353.5 215.429
1354.5 150.786
1355.5 153.5
1356.5 182.857
1357.5 156.286
1358.5 157.286
1359.5 175.429
1360.5 143.286
1361.5 161.429
1362.5 169.571
1363.5 171.929
1364.5 189.214
1365.5 124.929
1366.5 155.643
1367.5 185
1368.5 148
1369.5 180.5
1370.5 173.714
1371.5 173.571
1372.5 164.357
1373.5 168.357
1374.5 216.429
1375.5 187.357
1376.5 207.357
1377.5 143.857
1378.5 146.643
1379.5 183.571
1380.5 169.286
1381.5 145.571
1382.5 101.429
1383.5 180.857
1384.5 251.571
1385.5 255.429
1386.5 211.643
1387.5 206.071
1388.5 184.857
1389.5 184.143
1390.5 193.214
1391.5 190.786
1392.5 144.429
1393.5 151.143
1394.5 175.786
1395.5 116.714
1396.5 180.857
1397.5 166.643
1398.5 180.429
1399.5 141.143
1400.5 165.643
1401.5 133.357
1402.5 150.143
1403.5 138.857
1404.5 164.857
1405.5 162.286
1406.5 130.643
1407.5 175.286
1408.5 118.786
1409.5 205.429
1410.5 182.857
1411.5 238.643
1412.5 187.571
1413.5 165.643
1414.5 186.143
1415.5 176.571
1416.5 142.786
1417.5 151.143
1418.5 175.286
1419.5 191.571
1420.5 195.714
1421.5 159.429
1422.5 182.857
1423.5 131
1424.5 156.5
1425.5 127
1426.5 175.286
1427.5 234.643
1428.5 286
1429.5 276.643
1430.5 195.357
1431.5 137.357
1432.5 224.143
1433.5 133.5
1434.5 148.143
1435.5 159.929
1436.5 130.143
1437.5 142.357
1438.5 144.857
1439.5 148.857
1440.5 193.357
1441.5 170.357
1442.5 197.071
1443.5 184.714
1444.5 141.286
1445.5 193
1446.5 167.214
1447.5 178.357
1448.5 199.5
1449.5 128.786
1450.5 180.429
1451.5 196.929
1452.5 192.643
1453.5 303.786
1454.5 441.286
1455.5 462.429
1456.5 279.357
1457.5 163.071
1458.5 226.214
1459.5 162.571
1460.5 169
1461.5 168.429
1462.5 164.357
1463.5 157.5
1464.5 158.071
1465.5 151.286
1466.5 113.214
1467.5 171
1468.5 150.786
1469.5 152.143
1470.5 105.786
1471.5 132
1472.5 165.071
1473.5 134.643
1474.5 163.571
1475.5 169.071
1476.5 135
1477.5 156.286
1478.5 153.643
1479.5 167.429
1480.5 169
1481.5 167.929
1482.5 179.571
1483.5 172.714
1484.5 151.143
1485.5 163.571
1486.5 174
1487.5 189.786
1488.5 189.214
1489.5 181.429
1490.5 184.929
1491.5 150.071
1492.5 181.429
1493.5 152.714
1494.5 136.714
1495.5 186.357
1496.5 166
1497.5 235.214
1498.5 392.571
1499.5 663.929
1500.5 392.429
1501.5 224.571
1502.5 153.571
1503.5 189
1504.5 142
1505.5 180.929
1506.5 160
1507.5 171
1508.5 120.143
1509.5 161.143
1510.5 179.929
1511.5 168.429
1512.5 133.929
1513.5 158.857
1514.5 180.143
1515.5 153.929
1516.5 145.571
1517.5 140.5
1518.5 181
1519.5 179.786
1520.5 146.071
1521.5 174
1522.5 163.143
1523.5 169
1524.5 145.643
1525.5 136.643
1526.5 145
1527.5 179
1528.5 177
1529.5 163.929
1530.5 145.929
1531.5 165.071
1532.5 150.357
1533.5 141.786
1534.5 123.643
1535.5 158.5
1536.5 144.071
1537.5 128.857
1538.5 183.214
1539.5 232.071
1540.5 160.5
1541.5 168.214
1542.5 161.143
1543.5 200.214
1544.5 156.714
1545.5 205.143
1546.5 191.286
1547.5 156.643
1548.5 176.786
1549.5 161.071
1550.5 207.071
1551.5 188.714
1552.5 145.714
1553.5 142.214
1554.5 164
1555.5 173.786
1556.5 163.143
1557.5 120.643
1558.5 133.571
1559.5 158.5
1560.5 179.857
1561.5 221.714
1562.5 240.786
1563.5 222.071
1564.5 189.429
1565.5 195.714
1566.5 146.5
1567.5 166.286
1568.5 138.214
1569.5 218.143
1570.5 247.357
1571.5 429.357
1572.5 455.429
1573.5 281.214
1574.5 203.714
1575.5 240.643
1576.5 236.714
1577.5 257.357
1578.5 261.286
1579.5 238.857
1580.5 175.143
1581.5 149.357
1582.5 212.357
1583.5 168.429
1584.5 119.5
1585.5 147.5
1586.5 166.286
1587.5 150.857
1588.5 244
1589.5 175.429
1590.5 184.286
1591.5 185
1592.5 162.714
1593.5 138.143
1594.5 156.357
1595.5 154.143
1596.5 156.929
1597.5 186.643
1598.5 157
1599.5 150
1600.5 201.286
1601.5 156.357
1602.5 210.643
1603.5 155.214
1604.5 175.429
1605.5 183.786
1606.5 171.143
1607.5 181.5
1608.5 178.571
1609.5 230.429
1610.5 178.786
1611.5 128.214
1612.5 160.429
1613.5 184.643
1614.5 165.929
1615.5 137.429
1616.5 154.286
1617.5 199.571
1618.5 173.929
1619.5 169.214
1620.5 142.929
1621.5 153.643
1622.5 198.357
1623.5 204.571
1624.5 196.286
1625.5 195.857
1626.5 351.357
1627.5 303
1628.5 211.786
1629.5 191.571
1630.5 167.214
1631.5 215.357
1632.5 271.357
1633.5 294.571
1634.5 247.143
1635.5 223.357
1636.5 172.143
1637.5 120.643
1638.5 268.429
1639.5 318.429
1640.5 324.286
1641.5 363.786
1642.5 239.5
1643.5 187.857
1644.5 150.786
1645.5 187.143
1646.5 167.357
1647.5 157.429
1648.5 200.357
1649.5 105.143
1650.5 169.071
1651.5 185.857
1652.5 212.429
1653.5 170.643
1654.5 169.357
1655.5 160.214
1656.5 151
1657.5 185.357
1658.5 212.357
1659.5 216.214
1660.5 179.143
1661.5 152.071
1662.5 144.429
1663.5 156.214
1664.5 176.643
1665.5 157.286
1666.5 145.643
1667.5 188.429
1668.5 182.071
1669.5 152.786
1670.5 195.714
1671.5 161.357
1672.5 143.143
1673.5 172.071
1674.5 141.429
1675.5 166.929
1676.5 158.929
1677.5 169.5
1678.5 174
1679.5 165.571
1680.5 154.286
1681.5 149.571
1682.5 127.571
1683.5 178.786
1684.5 142.143
1685.5 143.286
1686.5 134
1687.5 200.357
1688.5 181.643
1689.5 159.357
1690.5 172.286
1691.5 175.929
1692.5 157.143
1693.5 184.714
1694.5 118.714
1695.5 166.857
1696.5 152.571
1697.5 169.286
1698.5 157.643
1699.5 132.929
1700.5 155.5
1701.5 149.929
1702.5 120.286
1703.5 189.643
1704.5 131
1705.5 145.214
1706.5 154.786
1707.5 180.786
1708.5 137.429
1709.5 157.286
1710.5 169.214
1711.5 160.714
1712.5 135.571
1713.5 202
1714.5 164.214
1715.5 137.357
1716.5 209.286
1717.5 178.357
1718.5 180.071
1719.5 162.5
1720.5 181.857
1721.5 187.071
1722.5 133.714
1723.5 129.286
1724.5 133
1725.5 187.714
1726.5 189.071
1727.5 185.286
1728.5 192.286
1729.5 265.286
1730.5 274.929
1731.5 308
1732.5 190.643
1733.5 163.786
1734.5 197.071
1735.5 178.143
1736.5 187.714
1737.5 185.571
1738.5 246.571
1739.5 208.143
1740.5 201.214
1741.5 136.714
1742.5 156.857
1743.5 163.643
1744.5 127.429
1745.5 156.429
1746.5 148.786
1747.5 123.857
1748.5 155.5
1749.5 115.071
1750.5 156.714
1751.5 126.929
1752.5 187.071
1753.5 148.357
1754.5 146.357
1755.5 190.357
1756.5 114.286
1757.5 147
1758.5 122.071
1759.5 137.429
1760.5 201.286
1761.5 161
1762.5 146.071
1763.5 170.929
1764.5 169.929
1765.5 177.357
1766.5 163.214
1767.5 205.286
1768.5 159.429
1769.5 178.286
1770.5 192.143
1771.5 148.357
1772.5 185.857
1773.5 155.786
1774.5 159.571
1775.5 173.571
1776.5 175.214
1777.5 184.643
1778.5 136.357
1779.5 172.643
1780.5 174.429
1781.5 171
1782.5 153.071
1783.5 160.429
1784.5 132.786
1785.5 141.714
1786.5 114.786
1787.5 181.357
1788.5 167.143
1789.5 127.786
1790.5 114.357
1791.5 162.571
1792.5 185.714
1793.5 149.857
1794.5 137.5
1795.5 193.786
1796.5 283.857
1797.5 276.5
1798.5 316.643
1799.5 229.357
1800.5 201.071
1801.5 151.5
1802.5 179.857
1803.5 157
1804.5 158
1805.5 160
1806.5 157.714
1807.5 171.786
1808.5 116.643
1809.5 177.5
1810.5 158.286
1811.5 157.571
1812.5 170.571
1813.5 167.143
1814.5 188
1815.5 177.571
1816.5 165.214
1817.5 273.429
1818.5 294.857
1819.5 343.214
1820.5 258.714
1821.5 226.786
1822.5 245.143
1823.5 220
1824.5 160.857
1825.5 206.714
1826.5 185.571
1827.5 225.286
1828.5 218.857
1829.5 190.643
1830.5 168.357
1831.5 224.071
1832.5 167.214
1833.5 160.143
1834.5 197.571
1835.5 181.929
1836.5 161.286
1837.5 197.5
1838.5 211.786
1839.5 208.929
1840.5 188.929
1841.5 173.5
1842.5 142.071
1843.5 153.357
1844.5 162.143
1845.5 180.857
1846.5 171.429
1847.5 192.429
1848.5 161.643
1849.5 212.929
1850.5 158.071
1851.5 193.143
1852.5 178.429
1853.5 194.714
1854.5 158.857
1855.5 118.571
1856.5 183.714
1857.5 175.714
1858.5 184.214
1859.5 195.286
1860.5 181.143
1861.5 165.929
1862.5 177.714
1863.5 176.429
1864.5 157.5
1865.5 133
1866.5 146.5
1867.5 152.143
1868.5 201.643
1869.5 168.286
1870.5 212.143
1871.5 152.429
1872.5 205.929
1873.5 126.857
1874.5 159.786
1875.5 154.5
1876.5 178.643
1877.5 158
1878.5 157.071
1879.5 145.286
1880.5 154.857
1881.5 138.286
1882.5 146.214
1883.5 194.714
1884.5 268.571
1885.5 530.571
1886.5 775.929
1887.5 728.929
1888.5 545.786
1889.5 275.714
1890.5 159.643
1891.5 161.571
1892.5 161.214
1893.5 120.714
1894.5 121.214
1895.5 161.286
1896.5 134.357
1897.5 187.429
1898.5 137.143
1899.5 160.286
1900.5 165.786
1901.5 159.357
1902.5 143.429
1903.5 133.643
1904.5 155.5
1905.5 163.286
1906.5 147.571
1907.5 127.429
1908.5 136.071
1909.5 152.643
1910.5 194.429
1911.5 130.643
1912.5 241.786
1913.5 135.714
1914.5 158.429
1915.5 196.357
1916.5 174.429
1917.5 185.643
1918.5 206.214
1919.5 207
1920.5 237.286
1921.5 194.929
1922.5 157.643
1923.5 150
1924.5 136.929
1925.5 137.143
1926.5 190.571
1927.5 306.5
1928.5 411.429
1929.5 440.429
1930.5 316.5
1931.5 203.357
1932.5 148.071
1933.5 151.929
1934.5 82.2143
1935.5 122.786
1936.5 156
1937.5 154.5
1938.5 121.071
1939.5 174.857
1940.5 157.071
1941.5 202.571
1942.5 195.5
1943.5 178.643
1944.5 169
1945.5 240.786
1946.5 411.286
1947.5 443.786
1948.5 346.643
1949.5 285.714
1950.5 286.929
1951.5 220.143
1952.5 172.214
1953.5 160.357
1954.5 152.286
1955.5 156.214
1956.5 160.714
1957.5 162.5
1958.5 199.571
1959.5 202.214
1960.5 239
1961.5 171.857
1962.5 125.929
1963.5 155.786
1964.5 143.429
1965.5 173.571
1966.5 169.929
1967.5 149.929
1968.5 139.143
1969.5 124.786
1970.5 146.286
1971.5 145.071
1972.5 160.214
1973.5 151
1974.5 154.286
1975.5 128.5
1976.5 135.5
1977.5 160.286
1978.5 99.1429
1979.5 145.429
1980.5 130.857
1981.5 136.929
1982.5 149.571
1983.5 148.071
1984.5 128.571
1985.5 125.786
1986.5 182.571
1987.5 116.5
1988.5 164
1989.5 120.071
1990.5 123.643
1991.5 159.214
1992.5 133.571
1993.5 211.857
1994.5 214.286
1995.5 146.5
1996.5 134.357
1997.5 162
1998.5 132.143
1999.5 106.214
2000.5 130.714
2001.5 133.643
2002.5 120.357
2003.5 137.429
2004.5 175.143
2005.5 154.571
2006.5 154.357
2007.5 140.571
2008.5 114.857
2009.5 109.071
2010.5 125.857
2011.5 146.857
2012.5 97.2857
2013.5 148.929
2014.5 160.357
2015.5 117.5
2016.5 124.714
2017.5 93.5714
2018.5 129.643
2019.5 132.214
2020.5 133.929
2021.5 106.071
2022.5 108.357
2023.5 103.571
2024.5 129.786
2025.5 106
2026.5 115.786
2027.5 111.857
2028.5 117.929
2029.5 147.5
2030.5 145.5
2031.5 130.571
2032.5 136.071
2033.5 123.071
2034.5 95.6429
2035.5 95.8571
2036.5 107.929
2037.5 141.143
2038.5 150.643
2039.5 143.071
2040.5 160.214
2041.5 150.214
2042.5 132
2043.5 110.429
2044.5 124
2045.5 130.286
2046.5 98.7143
2047.5 139.714
2048.5 147.786
2049.5 156.071
2050.5 136.357
2051.5 143.214
2052.5 127.786
2053.5 131.786
2054.5 116.429
2055.5 129.286
2056.5 139.214
2057.5 119.857
2058.5 176.643
2059.5 120.286
2060.5 120.143
2061.5 73.2143
2062.5 110.5
2063.5 109.143
2064.5 106.214
2065.5 105
2066.5 123.071
2067.5 129.714
2068.5 117.929
2069.5 72.9286
2070.5 142.357
2071.5 127.071
2072.5 119.571
2073.5 121.429
2074.5 148.071
2075.5 186.929
2076.5 107.5
2077.5 108.286
2078.5 109.071
2079.5 116.071
2080.5 138.714
2081.5 83.2857
2082.5 139.429
2083.5 190.786
2084.5 274.5
2085.5 664.357
2086.5 1696.93
2087.5 3365.43
2088.5 4164.14
2089.5 2962.36
2090.5 1204.71
2091.5 439.643
2092.5 236.286
2093.5 165.5
2094.5 137.714
2095.5 130.571
2096.5 103.214
2097.5 91.7857
2098.5 121.429
2099.5 113.857
2100.5 84.7857
2101.5 127.357
2102.5 121.214
2103.5 110.357
2104.5 103.071
2105.5 124.571
2106.5 68.8571
2107.5 115.571
2108.5 127.571
2109.5 130.571
2110.5 103.714
2111.5 120.214
2112.5 118.857
2113.5 98.0714
2114.5 146.071
2115.5 108.071
2116.5 127.429
2117.5 102.071
2118.5 109.429
2119.5 106.214
2120.5 120.286
2121.5 71.2857
2122.5 133.929
2123.5 103
2124.5 100.786
2125.5 95
2126.5 109.5
2127.5 109.071
2128.5 78.2857
2129.5 93.2143
2130.5 92.6429
2131.5 104.357
2132.5 87.4286
2133.5 93.5
2134.5 122.143
2135.5 95.2857
2136.5 84.8571
2137.5 88.8571
2138.5 107.857
2139.5 114
2140.5 104.286
2141.5 115.643
2142.5 130.786
2143.5 55.0714
2144.5 140.571
2145.5 99.5714
2146.5 136.857
2147.5 92.5714
2148.5 182.929
2149.5 326.643
2150.5 328.929
2151.5 278.5
2152.5 221.929
2153.5 165.643
2154.5 162.714
2155.5 194.857
2156.5 199.714
2157.5 126.571
2158.5 161.214
2159.5 148.143
2160.5 298.929
2161.5 400.929
2162.5 796.643
2163.5 1149.29
2164.5 952.429
2165.5 490.143
2166.5 233.5
2167.5 133.714
2168.5 141.786
2169.5 172
2170.5 143.286
2171.5 101.5
2172.5 112.714
2173.5 94.9286
2174.5 82.7857
2175.5 63.9286
2176.5 99.2143
2177.5 82.7143
2178.5 102.786
2179.5 105.929
2180.5 136.429
2181.5 64.0714
2182.5 106.714
2183.5 92.3571
2184.5 92.2857
2185.5 94.6429
2186.5 138.286
2187.5 101.643
2188.5 76.3571
2189.5 132
2190.5 135.357
2191.5 146.071
2192.5 119.214
2193.5 149
2194.5 98.5
2195.5 78.9286
2196.5 103.071
2197.5 103.571
2198.5 176.071
2199.5 236.357
2200.5 158.857
2201.5 129.5
2202.5 128.071
2203.5 87.6429
2204.5 66.3571
2205.5 92.4286
2206.5 53.7143
2207.5 121
2208.5 93.8571
2209.5 92.5714
2210.5 86.2857
2211.5 62.4286
2212.5 112
2213.5 72.8571
2214.5 104.071
2215.5 133.143
2216.5 110.071
2217.5 110.143
2218.5 93.1429
2219.5 134.071
2220.5 178.143
2221.5 215
2222.5 309.214
2223.5 248.429
2224.5 211.857
2225.5 123.429
2226.5 105.714
2227.5 152
2228.5 130.857
2229.5 149.143
2230.5 89.7857
2231.5 111.714
2232.5 125.357
2233.5 126.643
2234.5 111.571
2235.5 85.3571
2236.5 77.3571
2237.5 90.0714
2238.5 102.571
2239.5 100.286
2240.5 139
2241.5 97.9286
2242.5 115
2243.5 111
2244.5 117.071
2245.5 112
2246.5 110
2247.5 78
2248.5 91.5
2249.5 122.571
2250.5 104.857
2251.5 119.429
2252.5 99.3571
2253.5 159
2254.5 171.214
2255.5 138.929
2256.5 82.0714
2257.5 124.214
2258.5 88.3571
2259.5 106.571
2260.5 103.286
2261.5 96.2143
2262.5 99.2143
2263.5 97.9286
2264.5 109.286
2265.5 107.5
2266.5 140.643
2267.5 115.786
2268.5 76.7857
2269.5 78.5714
2270.5 86.9286
2271.5 71.5
2272.5 104
2273.5 109.429
2274.5 111.429
2275.5 80.7143
2276.5 97.6429
2277.5 90.5714
2278.5 130.571
2279.5 166.857
2280.5 308.357
2281.5 313
2282.5 203.571
2283.5 143.643
2284.5 165.929
2285.5 141.429
2286.5 252.643
2287.5 383.429
2288.5 354.857
2289.5 267.571
2290.5 158.786
2291.5 80.7143
2292.5 97.0714
2293.5 92
2294.5 88.3571
2295.5 84.9286
2296.5 103
2297.5 125.143
2298.5 111.929
2299.5 80.5714
2300.5 102.071
2301.5 101.357
2302.5 101.286
2303.5 96.2857
2304.5 82.1429
2305.5 131.357
2306.5 177.643
2307.5 137.429
2308.5 120.071
2309.5 91.5
2310.5 126.571
2311.5 90.5
2312.5 103.5
2313.5 87.8571
2314.5 68.9286
2315.5 99.7143
2316.5 102.929
2317.5 70.7143
2318.5 71.3571
2319.5 99.0714
2320.5 99.1429
2321.5 112.643
2322.5 96.2857
2323.5 89.9286
2324.5 103.214
2325.5 115.714
2326.5 98.3571
2327.5 70.8571
2328.5 126.357
2329.5 123.929
2330.5 113.429
2331.5 126.857
2332.5 154.786
2333.5 117.357
2334.5 117.071
2335.5 135.5
2336.5 185.5
2337.5 213.357
2338.5 163.357
2339.5 193.429
2340.5 123.5
2341.5 77.2857
2342.5 94.9286
2343.5 123.214
2344.5 129.714
2345.5 121
2346.5 103
2347.5 104.571
2348.5 75.4286
2349.5 94.3571
2350.5 93.8571
2351.5 91.7143
2352.5 91
2353.5 93.4286
2354.5 105.143
2355.5 88.9286
2356.5 89.3571
2357.5 85.3571
2358.5 73.5
2359.5 76.6429
2360.5 70.7143
2361.5 86.8571
2362.5 54.7857
2363.5 90.6429
2364.5 82
2365.5 97.2857
2366.5 80.7857
2367.5 98.2143
2368.5 130.714
2369.5 118.643
2370.5 124
2371.5 111.5
2372.5 77.2857
2373.5 94.7857
2374.5 87.1429
2375.5 100.643
2376.5 123.857
2377.5 122.857
2378.5 102.286
2379.5 105.571
2380.5 97.6429
2381.5 91.6429
2382.5 111
2383.5 80.4286
2384.5 68.2143
2385.5 114.929
2386.5 91.5714
2387.5 157.429
2388.5 92
2389.5 87.2857
2390.5 59.2857
2391.5 90.9286
2392.5 71.6429
2393.5 75.1429
2394.5 96
2395.5 82.9286
2396.5 107.071
2397.5 116
2398.5 108.857
2399.5 84.3571
2400.5 92.0714
2401.5 105.643
2402.5 104.286
2403.5 98.0714
2404.5 127.143
2405.5 118.643
2406.5 85
2407.5 84.3571
2408.5 102
2409.5 120.357
2410.5 128.571
2411.5 169.5
2412.5 189.714
2413.5 129.429
2414.5 171.786
2415.5 111.714
2416.5 106.286
2417.5 78.5
2418.5 105
2419.5 91.2143
2420.5 92.7857
2421.5 62.2143
2422.5 88.0714
2423.5 100.071
2424.5 99.5714
2425.5 85.5714
2426.5 48.6429
2427.5 67.8571
2428.5 93
2429.5 125.357
2430.5 80.2857
2431.5 75.1429
2432.5 91.2143
2433.5 79
2434.5 91.6429
2435.5 65.5
2436.5 83.1429
2437.5 83.0714
2438.5 69.3571
2439.5 78.2857
2440.5 88.7143
2441.5 90.0714
2442.5 108.214
2443.5 105.643
2444.5 115.286
2445.5 102.571
2446.5 95.9286
2447.5 59.2857
2448.5 77.2143
2449.5 89.8571
2450.5 102.5
2451.5 94.5
2452.5 82.9286
2453.5 95.5
2454.5 92.2143
2455.5 64.7143
2456.5 73.2857
2457.5 102.929
2458.5 72.3571
2459.5 99.7143
2460.5 54.9286
2461.5 105.357
2462.5 73.4286
2463.5 57.6429
2464.5 62.5714
2465.5 63.4286
2466.5 101.571
2467.5 120
2468.5 96.6429
2469.5 124.643
2470.5 130.714
2471.5 157.357
2472.5 128.357
2473.5 115.071
2474.5 177.571
2475.5 176
2476.5 168.357
2477.5 159.429
2478.5 97
2479.5 102
2480.5 97.0714
2481.5 103.571
2482.5 124.286
2483.5 155.5
2484.5 145.071
2485.5 144.357
2486.5 120.5
2487.5 94.3571
2488.5 80.3571
2489.5 134.571
2490.5 94.6429
2491.5 68.2857
2492.5 58.7143
2493.5 94.3571
2494.5 84.7857
2495.5 86.7857
2496.5 88.5
2497.5 100.5
2498.5 91.3571
2499.5 114.571
2500.5 88.3571
2501.5 111.786
2502.5 54.5
2503.5 74.2143
2504.5 68
2505.5 59.8571
2506.5 107.786
2507.5 73.0714
2508.5 114.643
2509.5 77.8571
2510.5 110.714
2511.5 88.9286
2512.5 117.5
2513.5 101.5
2514.5 75.1429
2515.5 56.5
2516.5 113.714
2517.5 127.286
2518.5 187.571
2519.5 178.5
2520.5 139.929
2521.5 112.571
2522.5 109.286
2523.5 106.357
2524.5 99.7143
2525.5 111.357
2526.5 100.5
2527.5 110.643
2528.5 76
2529.5 101.429
2530.5 112.714
2531.5 101.571
2532.5 77.3571
2533.5 62.6429
2534.5 80.8571
2535.5 70.8571
2536.5 91.3571
2537.5 103.786
2538.5 99.1429
2539.5 73.5
2540.5 146.214
2541.5 140.5
2542.5 103.571
2543.5 86.4286
2544.5 107.286
2545.5 103.786
2546.5 110.571
2547.5 84.3571
2548.5 132.5
2549.5 123.857
2550.5 121.571
2551.5 100
2552.5 64.2857
2553.5 74.2857
2554.5 76.2143
2555.5 88.6429
2556.5 93.9286
2557.5 90.8571
2558.5 62.6429
2559.5 95.3571
2560.5 72.2143
2561.5 57
2562.5 80.3571
2563.5 107.5
2564.5 126.929
2565.5 106.929
2566.5 104
2567.5 122.643
2568.5 108.071
2569.5 128.429
2570.5 77.9286
2571.5 95.6429
2572.5 113.071
2573.5 103.857
2574.5 136.714
2575.5 166.214
2576.5 190.786
2577.5 109.714
2578.5 117.643
2579.5 139.5
2580.5 88.6429
2581.5 156.5
2582.5 129.286
2583.5 137.071
2584.5 130.071
2585.5 147.929
2586.5 231.071
2587.5 331.857
2588.5 261.571
2589.5 179.571
2590.5 72.5714
2591.5 73.2857
2592.5 93.9286
2593.5 83.2857
2594.5 86.6429
2595.5 69.1429
2596.5 107.643
2597.5 80.2857
2598.5 93.5714
2599.5 129.071
2600.5 125.714
2601.5 150.143
2602.5 114.929
2603.5 105.071
2604.5 77.4286
2605.5 91
2606.5 112.571
2607.5 155.857
2608.5 139.857
2609.5 135.071
2610.5 117.214
2611.5 105.929
2612.5 127.929
2613.5 94.9286
2614.5 140.714
2615.5 116.714
2616.5 104.286
2617.5 154.571
2618.5 126.571
2619.5 153.571
2620.5 128.643
2621.5 167.714
2622.5 76.4286
2623.5 91.6429
2624.5 105.643
2625.5 104
2626.5 96.8571
2627.5 95.5714
2628.5 107.714
2629.5 125.286
2630.5 92
2631.5 67.0714
2632.5 93.1429
2633.5 100.5
2634.5 98.5
2635.5 109.286
2636.5 98.7143
2637.5 75.2857
2638.5 52.4286
2639.5 75.7857
2640.5 84.9286
2641.5 86.1429
2642.5 129.786
2643.5 130.357
2644.5 70.7143
2645.5 91.2143
2646.5 87.1429
2647.5 89.4286
2648.5 95.8571
2649.5 57.2857
2650.5 105.357
2651.5 150.214
2652.5 210.357
2653.5 266.286
2654.5 249.571
2655.5 214.5
2656.5 145.929
2657.5 117.429
2658.5 117.214
2659.5 107.571
2660.5 85.7857
2661.5 72.7857
2662.5 70.4286
2663.5 69.6429
2664.5 111.929
2665.5 98.2857
2666.5 76.2143
2667.5 137.786
2668.5 141.571
2669.5 201.143
2670.5 245.429
2671.5 216.071
2672.5 155.571
2673.5 147.357
2674.5 147.286
2675.5 179.286
2676.5 191.857
2677.5 133.214
2678.5 130.714
2679.5 140.143
2680.5 147.143
2681.5 144.643
2682.5 155.214
2683.5 122.714
2684.5 102
2685.5 118.571
2686.5 91.5714
2687.5 110.714
2688.5 87.1429
2689.5 115.929
2690.5 95.6429
2691.5 68.4286
2692.5 84.2143
2693.5 112.214
2694.5 85.9286
2695.5 104.5
2696.5 108.786
2697.5 118.5
2698.5 92.6429
2699.5 117
2700.5 91
2701.5 84.5
2702.5 74.5
2703.5 77.5
2704.5 77.8571
2705.5 99.4286
2706.5 80
2707.5 86.4286
2708.5 89.2143
2709.5 86
2710.5 105.143
2711.5 79
2712.5 71.4286
2713.5 84.3571
2714.5 76.7857
2715.5 66.4286
2716.5 93.4286
2717.5 85.7143
2718.5 75.1429
2719.5 78.8571
2720.5 74.5714
2721.5 103.857
2722.5 116.429
2723.5 180.786
2724.5 141.071
2725.5 121.786
2726.5 112.929
2727.5 54.8571
2728.5 89.7857
2729.5 75.7857
2730.5 97.8571
2731.5 85.5714
2732.5 71.8571
2733.5 78.7143
2734.5 72.5714
2735.5 57.2857
2736.5 81.3571
2737.5 117.214
2738.5 84.8571
2739.5 55.5714
2740.5 71.2857
2741.5 74.0714
2742.5 63.7143
2743.5 85.5
2744.5 69.5714
2745.5 120.714
2746.5 96.5714
2747.5 94.6429
2748.5 82.5714
2749.5 82.1429
2750.5 107.929
2751.5 90.7143
2752.5 114.214
2753.5 59
2754.5 83.5714
2755.5 67.9286
2756.5 118
2757.5 106.5
2758.5 125.143
2759.5 109.143
2760.5 120.786
2761.5 71.3571
2762.5 99.7143
2763.5 80.2143
2764.5 91.0714
2765.5 58.7143
2766.5 131.571
2767.5 77.7143
2768.5 114.714
2769.5 66.5
2770.5 90.5
2771.5 61.3571
2772.5 92.7857
2773.5 111.643
2774.5 92.7143
2775.5 109.786
2776.5 101.929
2777.5 109.286
2778.5 80.5714
2779.5 103
2780.5 97.9286
2781.5 65.4286
2782.5 105.786
2783.5 99.6429
2784.5 116
2785.5 91.8571
2786.5 96.1429
2787.5 89.4286
2788.5 84.0714
2789.5 104.786
2790.5 118.857
2791.5 92.0714
2792.5 85.0714
2793.5 109.571
2794.5 123.071
2795.5 103.929
2796.5 91.5
2797.5 96.7857
2798.5 101.857
2799.5 90.2857
2800.5 113.571
2801.5 104.786
2802.5 88.5714
2803.5 75.5714
2804.5 86.1429
2805.5 66.7857
2806.5 69.2857
2807.5 119.143
2808.5 81.7857
2809.5 100.143
2810.5 112.929
2811.5 89.7143
2812.5 90.3571
2813.5 78.4286
2814.5 74.9286
2815.5 55
2816.5 73.8571
2817.5 54.5714
2818.5 77.3571
2819.5 95
2820.5 101.214
2821.5 126.429
2822.5 121.786
2823.5 147.214
2824.5 131.571
2825.5 106.929
2826.5 102.071
2827.5 96.6429
2828.5 106.643
2829.5 112.857
2830.5 138.643
2831.5 87.3571
2832.5 81.2857
2833.5 85.7143
2834.5 85.4286
2835.5 105.5
2836.5 73.2857
2837.5 92.5
2838.5 103
2839.5 78.4286
2840.5 72.1429
2841.5 110.286
2842.5 81.2857
2843.5 94.6429
2844.5 105.571
2845.5 111.214
2846.5 110.5
2847.5 92.9286
2848.5 125.143
2849.5 86.9286
2850.5 91.0714
2851.5 78.2857
2852.5 85
2853.5 103.643
2854.5 96.4286
2855.5 97
2856.5 94.3571
2857.5 51.7857
2858.5 94.5
2859.5 79
2860.5 90.1429
2861.5 88.2143
2862.5 68.7143
2863.5 99.5
2864.5 106.714
2865.5 112.286
2866.5 87.5714
2867.5 73
2868.5 66.0714
2869.5 80.2143
2870.5 98.1429
2871.5 60.4286
2872.5 85.8571
2873.5 97.4286
2874.5 93.5714
2875.5 53.7857
2876.5 96.2143
2877.5 92.8571
2878.5 95.9286
2879.5 98.6429
2880.5 69.1429
2881.5 72.6429
2882.5 93.9286
2883.5 67.0714
2884.5 86.2143
2885.5 79.6429
2886.5 72.2143
2887.5 94.3571
2888.5 86.6429
2889.5 77.7143
2890.5 129.857
2891.5 96.3571
2892.5 72.7143
2893.5 107.143
2894.5 102.714
2895.5 87.5
2896.5 99.3571
2897.5 128.071
2898.5 98.5714
2899.5 95.2857
2900.5 75.1429
2901.5 100.714
2902.5 63
2903.5 76.7857
2904.5 56.2857
2905.5 68.6429
2906.5 64.7857
2907.5 83.5
2908.5 40.6429
2909.5 76.9286
2910.5 77.7857
2911.5 87
2912.5 86.4286
2913.5 63.3571
2914.5 82.9286
2915.5 53.7857
2916.5 84.0714
2917.5 67.4286
2918.5 88.3571
2919.5 65.7857
2920.5 89.1429
2921.5 48.6429
2922.5 75.5714
2923.5 92.0714
2924.5 73.5
2925.5 107.714
2926.5 76.5
2927.5 103.571
2928.5 102
2929.5 85.1429
2930.5 103.643
2931.5 80.5714
2932.5 100.357
2933.5 100.643
2934.5 125.5
2935.5 153.857
2936.5 186.429
2937.5 149.571
2938.5 117.286
2939.5 46.2857
2940.5 73.7143
2941.5 58.0714
2942.5 44.3571
2943.5 51.3571
2944.5 48
2945.5 90.9286
2946.5 76.3571
2947.5 91.7143
2948.5 137.857
2949.5 126.357
2950.5 116.143
2951.5 99.5714
2952.5 135.643
2953.5 138.714
2954.5 132.214
2955.5 94.5
2956.5 82.8571
2957.5 74.3571
2958.5 68.0714
2959.5 97.5714
2960.5 89.7143
2961.5 72
2962.5 97.1429
2963.5 79.1429
2964.5 78.6429
2965.5 109
2966.5 99.5
2967.5 68.5
2968.5 95.9286
2969.5 90.7857
2970.5 93.7143
2971.5 117.857
2972.5 93.0714
2973.5 71.5714
2974.5 90.3571
2975.5 77
2976.5 72.3571
2977.5 65.5
2978.5 74
2979.5 66.7143
2980.5 97.4286
2981.5 128.143
2982.5 104.857
2983.5 111.286
2984.5 109.929
2985.5 83.4286
2986.5 82.9286
2987.5 72.0714
2988.5 85.8571
2989.5 102.357
2990.5 87.3571
2991.5 90.9286
2992.5 101.714
2993.5 122.143
2994.5 137.071
2995.5 149.857
2996.5 146.071
2997.5 122.857
2998.5 108.643
2999.5 108
3000.5 115.857
3001.5 98.9286
3002.5 87.7857
3003.5 91.5
3004.5 70.8571
3005.5 70.1429
3006.5 70.7143
3007.5 145.929
3008.5 89.6429
3009.5 109.643
3010.5 150.714
3011.5 121.214
3012.5 110.857
3013.5 116
3014.5 91.7143
3015.5 81.3571
3016.5 73.4286
3017.5 85.1429
3018.5 56.2143
3019.5 105.571
3020.5 101.286
3021.5 138.286
3022.5 107.357
3023.5 115.571
3024.5 85.2857
3025.5 98
3026.5 111
3027.5 104.429
3028.5 118.857
3029.5 110.143
3030.5 100.571
3031.5 96.8571
3032.5 110.571
3033.5 109.786
3034.5 130.571
3035.5 128.286
3036.5 199.071
3037.5 245.143
3038.5 260.857
3039.5 216
3040.5 131.5
3041.5 100.429
3042.5 103.929
3043.5 89.0714
3044.5 97.4286
3045.5 68.4286
3046.5 95.6429
3047.5 104.071
3048.5 115.286
3049.5 164.214
3050.5 215.357
3051.5 307.571
3052.5 343
3053.5 297.357
3054.5 145.857
3055.5 100.357
3056.5 111.786
3057.5 88.2143
3058.5 63.5714
3059.5 80.4286
3060.5 69.1429
3061.5 99.5
3062.5 114.714
3063.5 149.357
3064.5 126.429
3065.5 111
3066.5 109.286
3067.5 78.1429
3068.5 82.2857
3069.5 65
3070.5 84.0714
3071.5 76.7857
3072.5 50.6429
3073.5 85.2143
3074.5 74.6429
3075.5 94.4286
3076.5 87.1429
3077.5 86
3078.5 85.8571
3079.5 102.786
3080.5 79.1429
3081.5 98.6429
3082.5 98.2857
3083.5 83.5
3084.5 86.6429
3085.5 66.9286
3086.5 79.4286
3087.5 75.2857
3088.5 83.8571
3089.5 54.0714
3090.5 69.5
3091.5 79.7143
3092.5 78
3093.5 65.7143
3094.5 68.7857
3095.5 70.9286
3096.5 80
3097.5 92.7857
3098.5 96
3099.5 79.5
3100.5 67.2857
3101.5 80.4286
3102.5 91.2857
3103.5 97.2857
3104.5 116.214
3105.5 117.5
3106.5 159.5
3107.5 166.786
3108.5 160.357
3109.5 126.071
3110.5 89.5
3111.5 115.429
3112.5 88.6429
3113.5 77.2143
3114.5 102.929
3115.5 87.5714
3116.5 81.7143
3117.5 105.857
3118.5 90.4286
3119.5 110.714
3120.5 63.9286
3121.5 83.1429
3122.5 67.1429
3123.5 81.5714
3124.5 49
3125.5 60.6429
3126.5 77.7857
3127.5 92
3128.5 94.1429
3129.5 73.0714
3130.5 76.1429
3131.5 54.7143
3132.5 57.0714
3133.5 90.3571
3134.5 95.9286
3135.5 105.714
3136.5 134.143
3137.5 125.857
3138.5 128.857
3139.5 141.071
3140.5 126.143
3141.5 112.786
3142.5 97.7857
3143.5 78.4286
3144.5 78.3571
3145.5 85
3146.5 105.643
3147.5 95.3571
3148.5 91.9286
3149.5 103.857
3150.5 59.3571
3151.5 81.7143
3152.5 68.7143
3153.5 66.5
3154.5 95.8571
3155.5 76.8571
3156.5 88.5714
3157.5 91
3158.5 94
3159.5 96.5
3160.5 50.9286
3161.5 72
3162.5 65.5
3163.5 95.2857
3164.5 83.8571
3165.5 79
3166.5 61.2143
3167.5 63.2143
3168.5 67.2857
3169.5 92.2857
3170.5 65.2143
3171.5 80.8571
3172.5 85.5714
3173.5 106.429
3174.5 106.214
3175.5 87.2857
3176.5 108
3177.5 112.143
3178.5 80.1429
3179.5 79.2857
3180.5 87.0714
3181.5 67.7857
3182.5 110.143
3183.5 122.786
3184.5 96.6429
3185.5 103.786
3186.5 82.1429
3187.5 101.143
3188.5 108.5
3189.5 129.929
3190.5 137
3191.5 183.786
3192.5 148.357
3193.5 129.5
3194.5 108.714
3195.5 93.7143
3196.5 82.7857
3197.5 103.286
3198.5 114.071
3199.5 92
3200.5 120.143
3201.5 110.857
3202.5 116.286
3203.5 58.2143
3204.5 85.5
3205.5 122.714
3206.5 135.929
3207.5 133.714
3208.5 67
3209.5 65.2143
3210.5 61.5714
3211.5 63.7857
3212.5 120.5
3213.5 93.6429
3214.5 87.7857
3215.5 51.4286
3216.5 77.4286
3217.5 84.8571
3218.5 79.5714
3219.5 100.857
3220.5 89.2857
3221.5 77.0714
3222.5 124.071
3223.5 100.857
3224.5 114.357
3225.5 89
3226.5 60.2857
3227.5 71.3571
3228.5 81.4286
3229.5 68.2143
3230.5 68.5
3231.5 82.9286
3232.5 109.357
3233.5 64.4286
3234.5 114.929
3235.5 106.286
3236.5 104.643
3237.5 118.714
3238.5 118.643
3239.5 109.714
3240.5 129.357
3241.5 113.643
3242.5 123.357
3243.5 91.4286
3244.5 89.0714
3245.5 90.4286
3246.5 89.3571
3247.5 71.8571
3248.5 92.7143
3249.5 67.9286
3250.5 61.0714
3251.5 92.9286
3252.5 87
3253.5 85.9286
3254.5 100.429
3255.5 107.571
3256.5 119.071
3257.5 145.571
3258.5 167.357
3259.5 146.714
3260.5 134.786
3261.5 121.643
3262.5 81.0714
3263.5 92.7143
3264.5 125.571
3265.5 88.8571
3266.5 70.1429
3267.5 76.8571
3268.5 109.714
3269.5 80.4286
3270.5 89.8571
3271.5 69.0714
3272.5 88.2857
3273.5 65.1429
3274.5 73.7143
3275.5 86.1429
3276.5 91
3277.5 89.5
3278.5 86.8571
3279.5 86.8571
3280.5 94.7143
3281.5 75
3282.5 68.7857
3283.5 105
3284.5 73.5
3285.5 113.571
3286.5 158.214
3287.5 180.571
3288.5 155.571
3289.5 126.643
3290.5 129.071
3291.5 89.0714
3292.5 83.0714
3293.5 90.7857
3294.5 61.0714
3295.5 79.6429
3296.5 36.9286
3297.5 98.4286
3298.5 70.4286
3299.5 91.1429
3300.5 77.0714
3301.5 68.4286
3302.5 83.2143
3303.5 128.714
3304.5 104
3305.5 111.071
3306.5 97.3571
3307.5 84.7857
3308.5 119.571
3309.5 106.071
3310.5 100.286
3311.5 89.0714
3312.5 87.3571
3313.5 59.2143
3314.5 79.9286
3315.5 73.4286
3316.5 64.7143
3317.5 68.1429
3318.5 76.0714
3319.5 71.5714
3320.5 88.7143
3321.5 123.5
3322.5 111.714
3323.5 90.6429
3324.5 94
3325.5 84.2857
3326.5 66.8571
3327.5 90.5714
3328.5 73.5
3329.5 49.2857
3330.5 77.5
3331.5 56.8571
3332.5 47.2143
3333.5 75
3334.5 96.3571
3335.5 70.2143
3336.5 85.2143
3337.5 65.7857
3338.5 106.786
3339.5 110.214
3340.5 129.429
3341.5 88.5714
3342.5 105.143
3343.5 89.4286
3344.5 89.3571
3345.5 87.9286
3346.5 96.7857
3347.5 47.8571
3348.5 61.0714
3349.5 70.2143
3350.5 81.2857
3351.5 94.2143
3352.5 113.429
3353.5 147.643
3354.5 159.071
3355.5 146.143
3356.5 89.5714
3357.5 100.5
3358.5 120.643
3359.5 139.714
3360.5 119.571
3361.5 128.071
3362.5 130.571
3363.5 116.429
3364.5 78.3571
3365.5 70.9286
3366.5 67.1429
3367.5 74.7143
3368.5 65.1429
3369.5 66.5
3370.5 79
3371.5 76.8571
3372.5 80.8571
3373.5 61.6429
3374.5 75.7143
3375.5 78.7143
3376.5 57.2143
3377.5 67.3571
3378.5 91.7857
3379.5 73.2857
3380.5 101.429
3381.5 75.1429
3382.5 84.2857
3383.5 72.1429
3384.5 102.071
3385.5 89.6429
3386.5 94.5
3387.5 77
3388.5 71.1429
3389.5 55.3571
3390.5 79.5714
3391.5 92.8571
3392.5 86.9286
3393.5 60.0714
3394.5 73.3571
3395.5 87.1429
3396.5 60.5714
3397.5 74.6429
3398.5 87.5714
3399.5 63.8571
3400.5 69.1429
3401.5 48.2857
3402.5 88.1429
3403.5 69.0714
3404.5 77.2143
3405.5 76.7143
3406.5 79.9286
3407.5 67.0714
3408.5 64.5
3409.5 52.8571
3410.5 76.7143
3411.5 56.9286
3412.5 51.0714
3413.5 82.5
3414.5 70.7143
3415.5 88.9286
3416.5 98.0714
3417.5 79.3571
3418.5 65.9286
3419.5 83.0714
3420.5 82.2143
3421.5 38.3571
3422.5 62.5
3423.5 53
3424.5 76.5714
3425.5 56.6429
3426.5 53.4286
3427.5 102.286
3428.5 120.714
3429.5 75.5714
3430.5 45.2143
3431.5 90.4286
3432.5 114.286
3433.5 123.214
3434.5 178.571
3435.5 197.643
3436.5 183
3437.5 170.5
3438.5 155.071
3439.5 115.571
3440.5 130.286
3441.5 76.7857
3442.5 75.5
3443.5 67.6429
3444.5 52.2143
3445.5 90.7143
3446.5 102.5
3447.5 86.6429
3448.5 100.143
3449.5 83.2857
3450.5 98.7857
3451.5 88.6429
3452.5 74.8571
3453.5 46.6429
3454.5 43.9286
3455.5 66.7857
3456.5 67.7143
3457.5 64.7857
3458.5 46.1429
3459.5 67.7857
3460.5 60.0714
3461.5 68.4286
3462.5 62.5
3463.5 67.3571
3464.5 64.5
3465.5 73.2857
3466.5 112.786
3467.5 83.7143
3468.5 72.0714
3469.5 87
3470.5 70.4286
3471.5 78.2143
3472.5 63.8571
3473.5 112.786
3474.5 59.9286
3475.5 74.8571
3476.5 83.5714
3477.5 88.5714
3478.5 109.214
3479.5 110.143
3480.5 147
3481.5 110.071
3482.5 98.5
3483.5 93.7857
3484.5 81.5
3485.5 74
3486.5 81.2143
3487.5 86.1429
3488.5 96.3571
3489.5 87
3490.5 112.857
3491.5 165.429
3492.5 196
3493.5 259.929
3494.5 268.071
3495.5 202.786
3496.5 134.143
3497.5 102.714
3498.5 98.1429
3499.5 75.7857
3500.5 90.3571
3501.5 79
3502.5 68
3503.5 89.2857
3504.5 126.786
3505.5 169.786
3506.5 217.571
3507.5 279.286
3508.5 259.643
3509.5 241.143
3510.5 135.714
3511.5 117.786
3512.5 115.786
3513.5 125.429
3514.5 110.857
3515.5 107.643
3516.5 135.5
3517.5 140.5
3518.5 111.571
3519.5 97.5
3520.5 80.7143
3521.5 92.5
3522.5 93.4286
3523.5 63.2143
3524.5 51.5
3525.5 72.5
3526.5 77.4286
3527.5 92.2143
3528.5 71.4286
3529.5 113.357
3530.5 195.143
3531.5 287.929
3532.5 376
3533.5 325.071
3534.5 243.929
3535.5 131.714
3536.5 111.5
3537.5 97.8571
3538.5 83.7857
3539.5 83
3540.5 69.6429
3541.5 65.3571
3542.5 76.0714
3543.5 67.8571
3544.5 99.7857
3545.5 62.7857
3546.5 67.2143
3547.5 66.1429
3548.5 60.6429
3549.5 75.6429
3550.5 110.286
3551.5 76.8571
3552.5 68.5714
3553.5 84.7857
3554.5 71.7143
3555.5 63.3571
3556.5 64.7143
3557.5 55.6429
3558.5 58.9286
3559.5 60.7857
3560.5 74.3571
3561.5 70.2143
3562.5 84.8571
3563.5 81.5714
3564.5 82.2143
3565.5 81.0714
3566.5 62.2857
3567.5 66.9286
3568.5 57.2143
3569.5 50.7857
3570.5 73.0714
3571.5 72.5
3572.5 77.3571
3573.5 71.5
3574.5 84.6429
3575.5 84.3571
3576.5 95.4286
3577.5 101
3578.5 65.5
3579.5 81.2857
3580.5 79.2143
3581.5 82.7143
3582.5 47.3571
3583.5 56.5
3584.5 97.7143
3585.5 85.2857
3586.5 40.2857
3587.5 78.7857
3588.5 66.1429
3589.5 90.6429
3590.5 98.1429
3591.5 95.8571
3592.5 103.429
3593.5 99.4286
3594.5 112.143
3595.5 87.9286
3596.5 103.071
3597.5 97.0714
3598.5 82.6429
3599.5 94.2857
3600.5 71
3601.5 75.7857
3602.5 63.1429
3603.5 78.3571
3604.5 49.1429
3605.5 80.7857
3606.5 76.7143
3607.5 104.571
3608.5 122.357
3609.5 114.429
3610.5 106.714
3611.5 103.429
3612.5 66.2143
3613.5 65
3614.5 90.7143
3615.5 66.5714
3616.5 79.3571
3617.5 73.6429
3618.5 66.7857
3619.5 93.9286
3620.5 98.2143
3621.5 97.1429
3622.5 91.1429
3623.5 97.3571
3624.5 78.7143
3625.5 43.5714
3626.5 75.7143
3627.5 85.3571
3628.5 52.5714
3629.5 66.3571
3630.5 64.7143
3631.5 81.3571
3632.5 65.4286
3633.5 73.2143
3634.5 102.929
3635.5 108.5
3636.5 92.5
3637.5 86.7857
3638.5 87.5714
3639.5 77.8571
3640.5 80.1429
3641.5 68.4286
3642.5 96.4286
3643.5 66.4286
3644.5 75.8571
3645.5 75.2143
3646.5 91.5
3647.5 35.8571
3648.5 78.4286
3649.5 65.9286
3650.5 51.5714
3651.5 63.3571
3652.5 77.5
3653.5 86.9286
3654.5 101.857
3655.5 78.5714
3656.5 86.5714
3657.5 82.6429
3658.5 99.2857
3659.5 67.9286
3660.5 77.7143
3661.5 99.2143
3662.5 56.0714
3663.5 59
3664.5 57.6429
3665.5 87.7143
3666.5 96.3571
3667.5 83.4286
3668.5 84.6429
3669.5 76.2143
3670.5 76.0714
3671.5 55
3672.5 75.5
3673.5 87
3674.5 95.2857
3675.5 79.4286
3676.5 75.0714
3677.5 68.2143
3678.5 65.3571
3679.5 74.7143
3680.5 99.6429
3681.5 60.8571
3682.5 110.214
3683.5 84.6429
3684.5 71.8571
3685.5 77.7857
3686.5 83.7143
3687.5 72.3571
3688.5 84.5714
3689.5 73.1429
3690.5 95.4286
3691.5 103.286
3692.5 89.7857
3693.5 90.0714
3694.5 103.786
3695.5 118.357
3696.5 110.071
3697.5 70.4286
3698.5 93.2857
3699.5 68.5714
3700.5 81.2857
3701.5 85.9286
3702.5 68.3571
3703.5 80.3571
3704.5 63.3571
3705.5 98.9286
3706.5 73.1429
3707.5 81.3571
3708.5 59.2143
3709.5 76.8571
3710.5 48.6429
3711.5 86.7857
3712.5 80.2143
3713.5 83.0714
3714.5 54.8571
3715.5 67.1429
3716.5 83.6429
3717.5 91.4286
3718.5 85.2857
3719.5 112.357
3720.5 86.1429
3721.5 116.786
3722.5 103.286
3723.5 101.214
3724.5 86.0714
3725.5 97.8571
3726.5 110
3727.5 93.0714
3728.5 73.6429
3729.5 48.3571
3730.5 83.9286
3731.5 60.0714
3732.5 84.0714
3733.5 78.0714
3734.5 86.1429
3735.5 68.6429
3736.5 73.1429
3737.5 75.9286
3738.5 70.2143
3739.5 58
3740.5 100.214
3741.5 68.6429
3742.5 64.0714
3743.5 79.2857
3744.5 85.7143
3745.5 104.286
3746.5 82.5
3747.5 70.9286
3748.5 74.0714
3749.5 70.5
3750.5 63.1429
3751.5 83.2143
3752.5 78.5
3753.5 93.4286
3754.5 98.4286
3755.5 67.4286
3756.5 63.2143
3757.5 78.8571
3758.5 100.643
3759.5 74.2857
3760.5 87
3761.5 69.1429
3762.5 71.1429
3763.5 61
3764.5 59.5714
3765.5 89.8571
3766.5 66.7143
3767.5 91.4286
3768.5 60.6429
3769.5 71.0714
3770.5 47.4286
3771.5 69.7143
3772.5 78.5
3773.5 79.2143
3774.5 87.6429
3775.5 79.7143
3776.5 126.429
3777.5 146.214
3778.5 173.857
3779.5 191.071
3780.5 195.857
3781.5 154.214
3782.5 141.214
3783.5 100.5
3784.5 109.214
3785.5 122.429
3786.5 164.143
3787.5 175.214
3788.5 201.071
3789.5 170
3790.5 158.429
3791.5 103.786
3792.5 77.3571
3793.5 77.2857
3794.5 89.5714
3795.5 78.8571
3796.5 88.3571
3797.5 68.5
3798.5 79.7857
3799.5 66.0714
3800.5 60.7143
3801.5 68.2143
3802.5 71.7143
3803.5 78.8571
3804.5 57.3571
3805.5 79.2143
3806.5 77.8571
3807.5 85.9286
3808.5 78.8571
3809.5 97.9286
3810.5 71.1429
3811.5 79
3812.5 78.1429
3813.5 79
3814.5 59
3815.5 64.2857
3816.5 58.2857
3817.5 55.4286
3818.5 64.1429
3819.5 58.5
3820.5 68.2143
3821.5 65.7857
3822.5 82.7857
3823.5 78
3824.5 74.7143
3825.5 88
3826.5 61.3571
3827.5 86.6429
3828.5 57.0714
3829.5 57.5714
3830.5 71.3571
3831.5 75
3832.5 58.0714
3833.5 56.1429
3834.5 79.7857
3835.5 112.143
3836.5 81.7143
3837.5 93.7143
3838.5 76.8571
3839.5 76.2857
3840.5 50.0714
3841.5 76.2143
3842.5 62.5714
3843.5 61
3844.5 47.6429
3845.5 78.7857
3846.5 76.3571
3847.5 81.5
3848.5 47.4286
3849.5 59.7857
3850.5 69.3571
3851.5 61.2143
3852.5 49.5
3853.5 75.6429
3854.5 86.2857
3855.5 72.5714
3856.5 50.4286
3857.5 55.0714
3858.5 68.5714
3859.5 73.4286
3860.5 77.5714
3861.5 80.7857
3862.5 57.2143
3863.5 80.9286
3864.5 85.2143
3865.5 73.9286
3866.5 90.6429
3867.5 92.9286
3868.5 126.571
3869.5 149.929
3870.5 173.357
3871.5 182.786
3872.5 149.143
3873.5 137.286
3874.5 174.714
3875.5 130.429
3876.5 161.643
3877.5 132.214
3878.5 108.714
3879.5 74.9286
3880.5 88.8571
3881.5 95.7857
3882.5 76.0714
3883.5 105.214
3884.5 97.2143
3885.5 88.6429
3886.5 69.0714
3887.5 64.4286
3888.5 73.0714
3889.5 114.571
3890.5 121
3891.5 174.143
3892.5 171.857
3893.5 141.786
3894.5 109.643
3895.5 66.7857
3896.5 73.6429
3897.5 91.2857
3898.5 63.0714
3899.5 89.2857
3900.5 104.5
3901.5 69.5
3902.5 91.9286
3903.5 92.6429
3904.5 78.2143
3905.5 49.0714
3906.5 55.7857
3907.5 52.7857
3908.5 49.2857
3909.5 62.4286
3910.5 78.9286
3911.5 46.1429
3912.5 71.2857
3913.5 46.9286
3914.5 83
3915.5 64.7857
3916.5 74.9286
3917.5 70.8571
3918.5 59.2143
3919.5 78.5
3920.5 83.6429
3921.5 77.4286
3922.5 95.0714
3923.5 67.5714
3924.5 113.786
3925.5 106.571
3926.5 113.286
3927.5 105
3928.5 108.5
3929.5 67.9286
3930.5 71.6429
3931.5 55.9286
3932.5 36.7857
3933.5 90.7857
3934.5 77.0714
3935.5 64.2857
3936.5 61.6429
3937.5 62.5714
3938.5 87.2143
3939.5 97.7857
3940.5 103.357
3941.5 98.6429
3942.5 166.357
3943.5 218.357
3944.5 273.786
3945.5 359.214
3946.5 405
3947.5 307.214
3948.5 237.357
3949.5 147.357
3950.5 114.214
3951.5 90.8571
3952.5 85.7143
3953.5 83.7143
3954.5 88.6429
3955.5 101.071
3956.5 127
3957.5 158.929
3958.5 170.357
3959.5 169.5
3960.5 138.214
3961.5 106.5
3962.5 112.5
3963.5 85.5714
3964.5 80.9286
3965.5 70
3966.5 63.5714
3967.5 89.7143
3968.5 106.357
3969.5 75.2143
3970.5 126.786
3971.5 110.214
3972.5 115.571
3973.5 79.5714
3974.5 69.4286
3975.5 70.7143
3976.5 78.4286
3977.5 83.9286
3978.5 74.3571
3979.5 77.5
3980.5 88.0714
3981.5 67.8571
3982.5 80.5714
3983.5 87.1429
3984.5 75.5714
3985.5 77.5
3986.5 73.7857
3987.5 81.3571
3988.5 104.714
3989.5 121.143
3990.5 136.643
3991.5 119.071
3992.5 127.071
3993.5 68.5714
3994.5 92
3995.5 86.2143
3996.5 97.3571
3997.5 78.3571
3998.5 71.4286
3999.5 77.9286
4000.5 73.2143
4001.5 59.4286
4002.5 74.5714
4003.5 57
4004.5 81.9286
4005.5 50.8571
4006.5 55.7143
4007.5 67.4286
4008.5 42.5714
4009.5 62.2857
4010.5 55.3571
4011.5 52.6429
4012.5 71.3571
4013.5 78.7143
4014.5 56.7143
4015.5 66.3571
4016.5 91
4017.5 82.4286
4018.5 77.5714
4019.5 72.1429
4020.5 89.6429
4021.5 90.5714
4022.5 89.7143
4023.5 109.214
4024.5 114.5
4025.5 120.5
4026.5 111.929
4027.5 121.571
4028.5 88.2143
4029.5 87.5
4030.5 73
4031.5 102.857
4032.5 90.7857
4033.5 68
4034.5 91.2857
4035.5 84.7143
4036.5 102.357
4037.5 91.9286
4038.5 67.9286
4039.5 74.4286
4040.5 66.5
4041.5 77.2143
4042.5 60.7857
4043.5 59.2857
4044.5 66.3571
4045.5 78.0714
4046.5 89.5714
4047.5 87.3571
4048.5 81.3571
4049.5 80.6429
4050.5 73
4051.5 68.2857
4052.5 79
4053.5 62.3571
4054.5 76.0714
4055.5 75.8571
4056.5 71.3571
4057.5 81.7143
4058.5 57.1429
4059.5 79.5714
4060.5 67.2143
4061.5 108.429
4062.5 74.5
4063.5 103.857
4064.5 85.1429
4065.5 53.1429
4066.5 72.4286
4067.5 71.5
4068.5 100.286
4069.5 95.3571
4070.5 94.2857
4071.5 77.6429
4072.5 68.7143
4073.5 82.5714
4074.5 69.9286
4075.5 67.8571
4076.5 98.7857
4077.5 78.7857
4078.5 72.4286
4079.5 85.5714
4080.5 58.9286
4081.5 85.8571
4082.5 69
4083.5 79.5
4084.5 77.0714
4085.5 61.2857
4086.5 87.7857
4087.5 94.3571
4088.5 71.9286
4089.5 76.5714
4090.5 81.6429
4091.5 59.4286
4092.5 86.3571
4093.5 57.4286
4094.5 65.3571
4095.5 57.2857
4096.5 58.0714
4097.5 77.2857
4098.5 51.5714
4099.5 69.3571
4100.5 90.7857
4101.5 76.5
4102.5 55.4286
4103.5 63.2857
4104.5 68
4105.5 64.5714
4106.5 75.1429
4107.5 47.5
4108.5 68.2857
4109.5 66.2143
4110.5 56.0714
4111.5 69.5
4112.5 70.8571
4113.5 72.7143
4114.5 98.7143
4115.5 89.6429
4116.5 72
4117.5 61.5714
4118.5 67.9286
4119.5 58.0714
4120.5 50.5714
4121.5 88
4122.5 69.2857
4123.5 56.1429
4124.5 72.1429
4125.5 65.2143
4126.5 92.8571
4127.5 85.0714
4128.5 80.3571
4129.5 75.6429
4130.5 60.5714
4131.5 87.7857
4132.5 114.929
4133.5 86.2143
4134.5 118.357
4135.5 82.7143
4136.5 67.0714
4137.5 76.7857
4138.5 92.5714
4139.5 82.2143
4140.5 75.7857
4141.5 50.6429
4142.5 67
4143.5 74.2143
4144.5 107.357
4145.5 117.571
4146.5 177.071
4147.5 104.286
4148.5 165.714
4149.5 152.857
4150.5 165.357
4151.5 105.786
4152.5 96.9286
4153.5 80.5
4154.5 94.3571
4155.5 62.1429
4156.5 76.2143
4157.5 69.3571
4158.5 79.5714
4159.5 69.7143
4160.5 76.5
4161.5 70.2143
4162.5 78
4163.5 77.6429
4164.5 73.3571
4165.5 112.929
4166.5 174.214
4167.5 211.571
4168.5 186.571
4169.5 227.857
4170.5 120.786
4171.5 93.2143
4172.5 90
4173.5 90.5714
4174.5 70
4175.5 65.2143
4176.5 77.7857
4177.5 78.2143
4178.5 80.2143
4179.5 80.9286
4180.5 75.7143
4181.5 56.9286
4182.5 68.7143
4183.5 59.7143
4184.5 49.8571
4185.5 67.2143
4186.5 85.2143
4187.5 66.0714
4188.5 77.2143
4189.5 69.0714
4190.5 70.5
4191.5 63.9286
4192.5 75.1429
4193.5 66.2857
4194.5 81.7857
4195.5 81.1429
4196.5 83.5
4197.5 65
4198.5 71.9286
4199.5 87.5
4200.5 83.7857
4201.5 90.3571
4202.5 91.0714
4203.5 99.3571
4204.5 91.0714
4205.5 81.2143
4206.5 117.571
4207.5 113.929
4208.5 157
4209.5 155.357
4210.5 102.071
4211.5 97.0714
4212.5 111.071
4213.5 95.5
4214.5 69.2143
4215.5 66.3571
4216.5 93.6429
4217.5 96.2143
4218.5 86.2857
4219.5 56.7143
4220.5 78.4286
4221.5 51.7857
4222.5 68.0714
4223.5 75.4286
4224.5 62
4225.5 67.2857
4226.5 55.0714
4227.5 71.7857
4228.5 62.4286
4229.5 70.9286
4230.5 72.4286
4231.5 66.2857
4232.5 62.0714
4233.5 60.0714
4234.5 69.8571
4235.5 76.5714
4236.5 74.1429
4237.5 76.6429
4238.5 72.8571
4239.5 70.2143
4240.5 44.2857
4241.5 79.2857
4242.5 52.7143
4243.5 57.9286
4244.5 74.4286
4245.5 55.7143
4246.5 64.0714
4247.5 57.4286
4248.5 60.7857
4249.5 71.9286
4250.5 59.7143
4251.5 66.1429
4252.5 87.0714
4253.5 62.7143
4254.5 72.6429
4255.5 120.714
4256.5 152
4257.5 169.786
4258.5 172.643
4259.5 152.786
4260.5 118.214
4261.5 91.5
4262.5 78.8571
4263.5 114.714
4264.5 107.643
4265.5 139.929
4266.5 119.286
4267.5 96.3571
4268.5 76.7857
4269.5 69.4286
4270.5 65.5
4271.5 76.7857
4272.5 61.8571
4273.5 62
4274.5 65.7857
4275.5 44.7143
4276.5 59.7143
4277.5 67.5
4278.5 70.2143
4279.5 61.3571
4280.5 79
4281.5 67.6429
4282.5 88.5714
4283.5 85
4284.5 59.8571
4285.5 57.9286
4286.5 76.8571
4287.5 36.9286
4288.5 63.5714
4289.5 52.7857
4290.5 50.5714
4291.5 61.4286
4292.5 50.7143
4293.5 69.9286
4294.5 56.4286
4295.5 73
4296.5 80.3571
4297.5 62.6429
4298.5 60.2143
4299.5 75.2143
4300.5 81.0714
4301.5 35
4302.5 78.2143
4303.5 82.6429
4304.5 62.1429
4305.5 47.1429
4306.5 57.6429
4307.5 70.9286
4308.5 58
4309.5 75.6429
4310.5 67.5
4311.5 59.3571
4312.5 78.3571
4313.5 58.1429
4314.5 72.2143
4315.5 74.2857
4316.5 66.5
4317.5 68.6429
4318.5 66.1429
4319.5 57.8571
4320.5 55.8571
4321.5 41.8571
4322.5 55.9286
4323.5 42
4324.5 65.6429
4325.5 60.1429
4326.5 53.3571
4327.5 55.4286
4328.5 40
4329.5 72.8571
4330.5 69.7143
4331.5 69.9286
4332.5 86.3571
4333.5 71.0714
4334.5 87.2143
4335.5 53.5
4336.5 48.7143
4337.5 56.5714
4338.5 37.1429
4339.5 64
4340.5 64.2143
4341.5 57.8571
4342.5 61.7857
4343.5 59.7857
4344.5 78.3571
4345.5 93.7857
4346.5 131.643
4347.5 116.429
4348.5 123.071
4349.5 95.8571
4350.5 73.8571
4351.5 51.5714
4352.5 70.7857
4353.5 46.7857
4354.5 51.0714
4355.5 56.5
4356.5 51.7143
4357.5 45
4358.5 40.5
4359.5 50.8571
4360.5 42.9286
4361.5 43.8571
4362.5 72.4286
4363.5 39.5714
4364.5 55.7143
4365.5 46.7857
4366.5 52.9286
4367.5 54.9286
4368.5 58.8571
4369.5 59.7857
4370.5 62.8571
4371.5 46.2857
4372.5 68.9286
4373.5 78.6429
4374.5 64.5714
4375.5 66.8571
4376.5 97.6429
4377.5 103.714
4378.5 143.429
4379.5 224.143
4380.5 273.786
4381.5 355.214
4382.5 398.571
4383.5 326.429
4384.5 194
4385.5 93
4386.5 98.0714
4387.5 37.8571
4388.5 69.1429
4389.5 74
4390.5 76.2857
4391.5 87.2143
4392.5 114.071
4393.5 123.286
4394.5 123.357
4395.5 92.5
4396.5 87.1429
4397.5 91.2857
4398.5 53.3571
4399.5 51.7143
4400.5 59.2857
4401.5 51.1429
4402.5 45.8571
4403.5 56.0714
4404.5 41.3571
4405.5 67.8571
4406.5 62.3571
4407.5 59.1429
4408.5 56.1429
4409.5 72.5714
4410.5 66.4286
4411.5 53.4286
4412.5 43.0714
4413.5 55.2857
4414.5 53.9286
4415.5 47.7143
4416.5 47.1429
4417.5 43.9286
4418.5 40.6429
4419.5 47.5714
4420.5 56.6429
4421.5 37
4422.5 37.4286
4423.5 62.4286
4424.5 55.9286
4425.5 48.5714
4426.5 49.6429
4427.5 56.5
4428.5 55.2143
4429.5 54
4430.5 86.6429
4431.5 35.5
4432.5 56.5
4433.5 65.1429
4434.5 78
4435.5 21.6429
4436.5 43.4286
4437.5 50.5
4438.5 58.5
4439.5 53.0714
4440.5 35.3571
4441.5 68.2857
4442.5 43.5714
4443.5 38.5
4444.5 30.0714
4445.5 62.1429
4446.5 51.3571
4447.5 55.2143
4448.5 78.7143
4449.5 81
4450.5 100.643
4451.5 140.286
4452.5 210.357
4453.5 347.786
4454.5 600.5
4455.5 917.571
4456.5 1266.57
4457.5 1383.43
4458.5 1169.71
4459.5 669.643
4460.5 348.929
4461.5 161.786
4462.5 127.5
4463.5 75.1429
4464.5 71.2143
4465.5 60.6429
4466.5 54.5
4467.5 64.6429
4468.5 55
4469.5 44.7857
4470.5 45.7143
4471.5 38.5714
4472.5 70.8571
4473.5 77.4286
4474.5 47.9286
4475.5 45.9286
4476.5 39.8571
4477.5 44.7857
4478.5 32.0714
4479.5 29.6429
4480.5 41.9286
4481.5 46.5
4482.5 40.1429
4483.5 43.8571
4484.5 40.3571
4485.5 27.9286
4486.5 37.5
4487.5 58.7143
4488.5 44.5714
4489.5 40.2857
4490.5 52.4286
4491.5 46.2143
4492.5 48.7857
4493.5 54
4494.5 63.5714
4495.5 55.6429
4496.5 31.2143
4497.5 49.2143
4498.5 28.1429
4499.5 44.2857
4500.5 43.5714
4501.5 35.7857
4502.5 46.9286
4503.5 52.4286
4504.5 53.5
4505.5 46.3571
4506.5 54.4286
4507.5 53.9286
4508.5 50.5714
4509.5 54.2857
4510.5 47.9286
4511.5 32
4512.5 39.2857
4513.5 38.9286
4514.5 31.1429
4515.5 40.1429
4516.5 43.2143
4517.5 42.2857
4518.5 50.0714
4519.5 31.9286
4520.5 30
4521.5 33.7857
4522.5 52.3571
4523.5 62.5714
4524.5 31.4286
4525.5 54.1429
4526.5 45.7143
4527.5 58.5
4528.5 25.2143
4529.5 61.7857
4530.5 50.9286
4531.5 48.0714
4532.5 30
4533.5 63.0714
4534.5 53.7143
4535.5 63.4286
4536.5 41.6429
4537.5 54.7143
4538.5 66
4539.5 82.2857
4540.5 43.3571
4541.5 48.1429
4542.5 58.4286
4543.5 49.2143
4544.5 32.0714
4545.5 31.5
4546.5 48.7857
4547.5 52.2857
4548.5 35.4286
4549.5 38.4286
4550.5 52.3571
4551.5 60.3571
4552.5 61.2143
4553.5 46.1429
4554.5 45
4555.5 34.0714
4556.5 55.5
4557.5 34.9286
4558.5 29.5714
4559.5 52
4560.5 47.6429
4561.5 51
4562.5 34.2143
4563.5 49.6429
4564.5 49.2143
4565.5 61.5714
4566.5 55.3571
4567.5 37.3571
4568.5 51.5714
4569.5 32.3571
4570.5 36.5
4571.5 32.7143
4572.5 43
4573.5 60.2143
4574.5 42.5714
4575.5 29.9286
4576.5 68.9286
4577.5 54.9286
4578.5 61.3571
4579.5 49.5
4580.5 64.2143
4581.5 48.1429
4582.5 56.3571
4583.5 30.8571
4584.5 39.5
4585.5 40.8571
4586.5 51.2143
4587.5 48.5
4588.5 33.7857
4589.5 46.0714
4590.5 37.7143
4591.5 42.3571
4592.5 33.5
4593.5 33.8571
4594.5 50.2143
4595.5 73.1429
4596.5 85.2857
4597.5 115.714
4598.5 102.286
4599.5 113.786
4600.5 87.7857
4601.5 70.7857
4602.5 49.7857
4603.5 35.8571
4604.5 32.4286
4605.5 48.6429
4606.5 32.5714
4607.5 29.2857
4608.5 32.5714
4609.5 50.7143
4610.5 36.7143
4611.5 39.9286
4612.5 55.2143
4613.5 69.5714
4614.5 78
4615.5 88.2143
4616.5 94.5
4617.5 100.286
4618.5 83.1429
4619.5 61.4286
4620.5 47.8571
4621.5 57.2857
4622.5 66
4623.5 63.5
4624.5 52.9286
4625.5 64.2143
4626.5 65.5
4627.5 48.2143
4628.5 48.6429
4629.5 55.4286
4630.5 43.6429
4631.5 35.5714
4632.5 40.5
4633.5 27.1429
4634.5 42.2143
4635.5 62.0714
4636.5 41.7857
4637.5 50.2857
4638.5 55.6429
4639.5 43.4286
4640.5 53.4286
4641.5 34.0714
4642.5 49.8571
4643.5 30.3571
4644.5 37.7143
4645.5 41.8571
4646.5 45.3571
4647.5 41.2143
4648.5 48.5714
4649.5 47.5
4650.5 63.6429
4651.5 52.5714
4652.5 65.3571
4653.5 53.0714
4654.5 124.714
4655.5 142.286
4656.5 196.5
4657.5 246.214
4658.5 213.143
4659.5 161.286
4660.5 97.2143
4661.5 82.2143
4662.5 40.6429
4663.5 45.9286
4664.5 44
4665.5 33
4666.5 37.2857
4667.5 49.3571
4668.5 26.2857
4669.5 41.2857
4670.5 30.7857
4671.5 43.2857
4672.5 67.9286
4673.5 57.5
4674.5 30.8571
4675.5 55.5714
4676.5 38.3571
4677.5 47.2143
4678.5 54.7857
4679.5 44.9286
4680.5 52.3571
4681.5 28.5714
4682.5 42
4683.5 34.6429
4684.5 64.8571
4685.5 34.3571
4686.5 33.9286
4687.5 31.1429
4688.5 38.3571
4689.5 41.7143
4690.5 35.7143
4691.5 51.2857
4692.5 27.6429
4693.5 35.2143
4694.5 29.6429
4695.5 39.7143
4696.5 29.9286
4697.5 26.6429
4698.5 31
4699.5 57.9286
4700.5 44.9286
4701.5 37.7143
4702.5 57.1429
4703.5 35.3571
4704.5 52.3571
4705.5 51.7857
4706.5 46.0714
4707.5 52.7857
4708.5 44.8571
4709.5 34.6429
4710.5 51.6429
4711.5 31.9286
4712.5 34.2143
4713.5 56.8571
4714.5 58.2857
4715.5 50.6429
4716.5 68
4717.5 54.5
4718.5 34.9286
4719.5 41
4720.5 42.7857
4721.5 41.7143
4722.5 48.0714
4723.5 35.3571
4724.5 52.2143
4725.5 58.2857
4726.5 47.3571
4727.5 71.5714
4728.5 63.2143
4729.5 58.3571
4730.5 35
4731.5 49.5
4732.5 46.3571
4733.5 42.7143
4734.5 51.3571
4735.5 56.9286
4736.5 35
4737.5 40.5
4738.5 40.2857
4739.5 33.5714
4740.5 38.5
4741.5 37.7857
4742.5 38.7857
4743.5 42.6429
4744.5 56.5
4745.5 50.2857
4746.5 65.8571
4747.5 70.2143
4748.5 76.9286
4749.5 78.4286
4750.5 32.6429
4751.5 54.1429
4752.5 40.5
4753.5 33.5
4754.5 44.7857
4755.5 52.0714
4756.5 39.7143
4757.5 33.5714
4758.5 23.3571
4759.5 35.1429
4760.5 35.7857
4761.5 34.5
4762.5 37.7143
4763.5 30.2143
4764.5 32.7143
4765.5 40.3571
4766.5 33.5714
4767.5 33.9286
4768.5 28.3571
4769.5 31.2857
4770.5 32.4286
4771.5 42.6429
4772.5 41.8571
4773.5 32.0714
4774.5 36.7143
4775.5 37.8571
4776.5 43.7143
4777.5 35.7143
4778.5 49.9286
4779.5 48.2857
4780.5 54.3571
4781.5 30.3571
4782.5 34.5
4783.5 55.5714
4784.5 46.6429
4785.5 50.4286
4786.5 49.8571
4787.5 37
4788.5 30.4286
4789.5 39.0714
4790.5 49.1429
4791.5 37.7857
4792.5 42.8571
4793.5 44.8571
4794.5 39.7143
4795.5 39.6429
4796.5 39.2857
4797.5 37.3571
4798.5 46.6429
4799.5 52.6429
4800.5 46.5714
4801.5 38.5
4802.5 40.7143
4803.5 54.7143
4804.5 52.0714
4805.5 42.6429
4806.5 68.9286
4807.5 61.2143
4808.5 68
4809.5 54.4286
4810.5 57.9286
4811.5 64.0714
4812.5 42.9286
4813.5 72.0714
4814.5 69.5
4815.5 52.2857
4816.5 62.4286
4817.5 58.2143
4818.5 35.1429
4819.5 57.3571
4820.5 41.6429
4821.5 42
4822.5 45.2857
4823.5 29.1429
4824.5 46
4825.5 34.3571
4826.5 53.2857
4827.5 52.6429
4828.5 29.1429
4829.5 34.6429
4830.5 33.5
4831.5 39.2857
4832.5 42.9286
4833.5 43.1429
4834.5 57.7857
4835.5 45.3571
4836.5 51.8571
4837.5 50
4838.5 50.2143
4839.5 73.3571
4840.5 60.2143
4841.5 101.071
4842.5 110.071
4843.5 110.786
4844.5 100.357
4845.5 118.357
4846.5 59.3571
4847.5 59.6429
4848.5 35.1429
4849.5 51.5
4850.5 14.5
4851.5 44.2143
4852.5 50.2857
4853.5 42.0714
4854.5 40.2143
4855.5 45.1429
4856.5 28.0714
4857.5 42.2143
4858.5 30.2857
4859.5 32.2143
4860.5 42.1429
4861.5 50.5714
4862.5 37.8571
4863.5 24.7143
4864.5 35.7143
4865.5 30.5
4866.5 28.1429
4867.5 31.9286
4868.5 38.2143
4869.5 46.5
4870.5 31.5714
4871.5 34.2143
4872.5 27
4873.5 38.7143
4874.5 36.8571
4875.5 55.0714
4876.5 61.3571
4877.5 46.2143
4878.5 58.7857
4879.5 48
4880.5 62.5714
4881.5 34.5714
4882.5 46.7143
4883.5 33.9286
4884.5 49.8571
4885.5 66
4886.5 76.0714
4887.5 48
4888.5 63.7857
4889.5 50.3571
4890.5 21.3571
4891.5 42.8571
4892.5 50.0714
4893.5 24.2143
4894.5 43.1429
4895.5 45.2143
4896.5 37.1429
4897.5 54.6429
4898.5 38.7143
4899.5 47.2857
4900.5 49.5
4901.5 43.2857
4902.5 57.5714
4903.5 71.3571
4904.5 98.9286
4905.5 101.714
4906.5 77.7143
4907.5 61
4908.5 73.2857
4909.5 63.5714
4910.5 40.2143
4911.5 45.3571
4912.5 29.3571
4913.5 42
4914.5 46.1429
4915.5 46
4916.5 44.4286
4917.5 49.6429
4918.5 66.2143
4919.5 103.286
4920.5 72.7857
4921.5 30.7857
4922.5 37.0714
4923.5 18.8571
4924.5 13.5714
4925.5 41.9286
4926.5 43.9286
4927.5 37.2143
4928.5 36.9286
4929.5 41.8571
4930.5 37.4286
4931.5 39.2857
4932.5 43.9286
4933.5 41.3571
4934.5 27.7857
4935.5 51.6429
4936.5 41.0714
4937.5 46.0714
4938.5 46.1429
4939.5 43.7143
4940.5 31.1429
4941.5 31
4942.5 61.1429
4943.5 30.5714
4944.5 46.8571
4945.5 68.8571
4946.5 45.4286
4947.5 37.4286
4948.5 28.1429
4949.5 37.9286
4950.5 34.5
4951.5 40.7857
4952.5 39.5
4953.5 45.2857
4954.5 53.1429
4955.5 34.0714
4956.5 68.2857
4957.5 44.7143
4958.5 57.7857
4959.5 61.4286
4960.5 73.0714
4961.5 63
4962.5 59.4286
4963.5 38.5714
4964.5 54.6429
4965.5 37.3571
4966.5 39.4286
4967.5 34.4286
4968.5 49.8571
4969.5 52.4286
4970.5 60.7857
4971.5 53.8571
4972.5 75.3571
4973.5 61.3571
4974.5 83
4975.5 67.7857
4976.5 52
4977.5 54.2143
4978.5 45.6429
4979.5 52.0714
4980.5 59.5
4981.5 40.1429
4982.5 65.3571
4983.5 52
4984.5 80.2143
4985.5 34.5714
4986.5 51.8571
4987.5 21.0714
4988.5 32.5
4989.5 27.6429
4990.5 54.7143
4991.5 39.5
4992.5 43.7143
4993.5 33.6429
4994.5 41.3571
4995.5 33.0714
4996.5 34.4286
4997.5 31.0714
4998.5 36.4286
4999.5 43.9286
5000.5 33.1429
5001.5 38.3571
5002.5 35.7143
5003.5 43.7143
5004.5 44.3571
5005.5 49.4286
5006.5 27.8571
5007.5 31.3571
5008.5 35.4286
5009.5 23.5
5010.5 39.4286
5011.5 40.3571
5012.5 52.8571
5013.5 36.0714
5014.5 57.1429
5015.5 31.7857
5016.5 35.1429
5017.5 40.7143
5018.5 37.7143
5019.5 38.8571
5020.5 41.7143
5021.5 37.6429
5022.5 31.9286
5023.5 36.2857
5024.5 37
5025.5 41.5
5026.5 46.4286
5027.5 37.7857
5028.5 48.2857
5029.5 54.5714
5030.5 59.0714
5031.5 33.3571
5032.5 54.2143
5033.5 27
5034.5 51.5714
5035.5 59.8571
5036.5 47.6429
5037.5 43.7143
5038.5 51.7857
5039.5 63.9286
5040.5 46.7143
5041.5 53.6429
5042.5 58.5714
5043.5 60.4286
5044.5 85.5714
5045.5 79.7857
5046.5 92.6429
5047.5 88.9286
5048.5 78.5
5049.5 66.6429
5050.5 53
5051.5 48.9286
5052.5 44.2143
5053.5 33.2857
5054.5 39.9286
5055.5 45.6429
5056.5 53.7857
5057.5 24
5058.5 39.3571
5059.5 42.2143
5060.5 38.2857
5061.5 46.9286
5062.5 41.4286
5063.5 33.8571
5064.5 35
5065.5 29.2857
5066.5 40.6429
5067.5 54.7857
5068.5 40.9286
5069.5 42
5070.5 33.1429
5071.5 53.0714
5072.5 40.7857
5073.5 62.8571
5074.5 40.5714
5075.5 31.0714
5076.5 36.6429
5077.5 46.8571
5078.5 39.0714
5079.5 56.6429
5080.5 43.8571
5081.5 46.1429
5082.5 32.4286
5083.5 46.2143
5084.5 40.4286
5085.5 37.7143
5086.5 44.8571
5087.5 87.7143
5088.5 60.5
5089.5 68.6429
5090.5 62.2857
5091.5 89.7857
5092.5 66.9286
5093.5 39.8571
5094.5 34.4286
5095.5 55.7857
5096.5 44.8571
5097.5 40.5714
5098.5 41.2857
5099.5 45.2143
5100.5 43.0714
5101.5 49.7143
5102.5 35.8571
5103.5 47.7143
5104.5 41.0714
5105.5 40.4286
5106.5 36.5714
5107.5 55.5
5108.5 51.5
5109.5 40.1429
5110.5 41
5111.5 41.1429
5112.5 50.9286
5113.5 33.3571
5114.5 50.4286
5115.5 26.9286
5116.5 38
5117.5 39.5714
5118.5 29.6429
5119.5 59.7857
5120.5 41.6429
5121.5 39.4286
5122.5 57.9286
5123.5 36.6429
5124.5 38.8571
5125.5 30.7857
5126.5 40.4286
5127.5 34.5714
5128.5 69.7857
5129.5 35.6429
5130.5 36.0714
5131.5 40.7857
5132.5 49.7143
5133.5 50.9286
5134.5 44.2857
5135.5 47.4286
5136.5 57
5137.5 41.5
5138.5 45.5714
5139.5 43.5714
5140.5 29.3571
5141.5 45.6429
5142.5 58.6429
5143.5 25.1429
5144.5 54.2857
5145.5 61.6429
5146.5 61.8571
5147.5 65.8571
5148.5 68.5714
5149.5 86.2143
5150.5 97.1429
5151.5 87.9286
5152.5 61.2143
5153.5 72.7143
5154.5 49.7143
5155.5 31.7857
5156.5 41.8571
5157.5 46.5714
5158.5 52.3571
5159.5 56.2143
5160.5 58.8571
5161.5 45.9286
5162.5 56.1429
5163.5 39.0714
5164.5 60.8571
5165.5 45
5166.5 44.5714
5167.5 44.7857
5168.5 30.8571
5169.5 41.3571
5170.5 36.6429
5171.5 35.7857
5172.5 48.5
5173.5 31.2857
5174.5 49.7857
5175.5 34.2143
5176.5 48
5177.5 49.4286
5178.5 40.2857
5179.5 34.3571
5180.5 59.3571
5181.5 37.5714
5182.5 51.6429
5183.5 38.7857
5184.5 31.1429
5185.5 28.1429
5186.5 50.2143
5187.5 55.7857
5188.5 43.4286
5189.5 34.8571
5190.5 44.2857
5191.5 39.7857
5192.5 59.5714
5193.5 48.7857
5194.5 34.5
5195.5 56.4286
5196.5 30.2143
5197.5 48.2143
5198.5 27.5
5199.5 45.2857
5200.5 34.2857
5201.5 41.0714
5202.5 39.1429
5203.5 34.1429
5204.5 48
5205.5 34.7857
5206.5 47.9286
5207.5 37.7143
5208.5 44.4286
5209.5 48.5
5210.5 51
5211.5 63.2143
5212.5 52.1429
5213.5 37.2857
5214.5 47.2857
5215.5 28.2857
5216.5 43.0714
5217.5 46.4286
5218.5 49.4286
5219.5 41.4286
5220.5 48.6429
5221.5 49.1429
5222.5 49.2143
5223.5 58.3571
5224.5 45.8571
5225.5 42.8571
5226.5 43.4286
5227.5 38.0714
5228.5 60.1429
5229.5 54.5
5230.5 55
5231.5 30.7857
5232.5 42.2143
5233.5 38.2143
5234.5 42.7143
5235.5 39.9286
5236.5 45.6429
5237.5 33.7857
5238.5 41.6429
5239.5 59.1429
5240.5 55.2857
5241.5 51.6429
5242.5 42.9286
5243.5 36.1429
5244.5 45.2857
5245.5 25.7143
5246.5 33.2143
5247.5 32.5
5248.5 27.6429
5249.5 54.0714
5250.5 37.8571
5251.5 55.2143
5252.5 36.8571
5253.5 22.4286
5254.5 42.0714
5255.5 47.3571
5256.5 41.5714
5257.5 42.2857
5258.5 37.5
5259.5 36.7857
5260.5 56.9286
5261.5 26.0714
5262.5 46.3571
5263.5 38.4286
5264.5 56
5265.5 56.5
5266.5 47.4286
5267.5 34.2143
5268.5 50.2143
5269.5 62.6429
5270.5 41.2143
5271.5 34.7143
5272.5 43.7143
5273.5 54
5274.5 40.0714
5275.5 36.5714
5276.5 42.7857
5277.5 35.9286
5278.5 43
5279.5 38.7143
5280.5 51.3571
5281.5 45.5714
5282.5 45.6429
5283.5 47.7857
5284.5 48.5
5285.5 48.6429
5286.5 50.2857
5287.5 38.6429
5288.5 37.2857
5289.5 40.9286
5290.5 37
5291.5 38.4286
5292.5 61.0714
5293.5 33.9286
5294.5 50.6429
5295.5 42.9286
5296.5 42.9286
5297.5 51.6429
5298.5 28.6429
5299.5 47.7143
5300.5 55.4286
5301.5 49.7143
5302.5 64.3571
5303.5 80.5714
5304.5 77.7143
5305.5 60.7143
5306.5 50.0714
5307.5 29.9286
5308.5 46.2857
5309.5 32.1429
5310.5 49.2857
5311.5 43.8571
5312.5 34.2857
5313.5 38.5
5314.5 41.7143
5315.5 32.3571
5316.5 46.2857
5317.5 34.7143
5318.5 53.2143
5319.5 54.8571
5320.5 36.1429
5321.5 48.1429
5322.5 38.2857
5323.5 44.2143
5324.5 40.0714
5325.5 41.5714
5326.5 36.5
5327.5 40.2857
5328.5 67
5329.5 63.8571
5330.5 62.8571
5331.5 39.7143
5332.5 43
5333.5 53
5334.5 55.2143
5335.5 44.4286
5336.5 37.5
5337.5 49.1429
5338.5 33.9286
5339.5 48
5340.5 35.9286
5341.5 42.9286
5342.5 48.5
5343.5 48.8571
5344.5 43.3571
5345.5 43.7857
5346.5 58.8571
5347.5 52.6429
5348.5 54.1429
5349.5 62.5
5350.5 110.143
5351.5 135.143
5352.5 176.571
5353.5 221.929
5354.5 291.143
5355.5 280.929
5356.5 246.571
5357.5 161.571
5358.5 102.5
5359.5 72.8571
5360.5 50.5714
5361.5 42.8571
5362.5 44.2143
5363.5 50.5714
5364.5 58.7857
5365.5 49.7857
5366.5 43.2857
5367.5 42
5368.5 14.4286
5369.5 33.7143
5370.5 25.0714
5371.5 28
5372.5 42.9286
5373.5 42.7857
5374.5 28.9286
5375.5 37.5714
5376.5 50
5377.5 41.1429
5378.5 36.0714
5379.5 47.2143
5380.5 44.5
5381.5 43
5382.5 45.3571
5383.5 51.5
5384.5 64.2143
5385.5 51.3571
5386.5 57.0714
5387.5 68.0714
5388.5 60.7857
5389.5 81.5714
5390.5 91.0714
5391.5 88.7857
5392.5 59.2143
5393.5 58.7857
5394.5 91.8571
5395.5 63.5714
5396.5 88.0714
5397.5 91.4286
5398.5 78.1429
5399.5 72.1429
5400.5 48.4286
5401.5 54.5
5402.5 46.7857
5403.5 41.5714
5404.5 48.8571
5405.5 50.8571
5406.5 49.8571
5407.5 29.2143
5408.5 62.7143
5409.5 44.2143
5410.5 33.7857
5411.5 51.2143
5412.5 47.7143
5413.5 33.8571
5414.5 40.2857
5415.5 49
5416.5 46.9286
5417.5 77.8571
5418.5 76.7857
5419.5 59.7143
5420.5 56.6429
5421.5 56.2143
5422.5 51.3571
5423.5 46.5
5424.5 34.0714
5425.5 39.8571
5426.5 33.7143
5427.5 43.5
5428.5 42.2143
5429.5 34.1429
5430.5 38.2857
5431.5 29.5
5432.5 53.2857
5433.5 32.5714
5434.5 41.5
5435.5 23.9286
5436.5 43.5714
5437.5 36.7857
5438.5 44.9286
5439.5 27.5714
5440.5 51.6429
5441.5 42.5
5442.5 42.9286
5443.5 44.2143
5444.5 22.9286
5445.5 43
5446.5 43
5447.5 48.7143
5448.5 45.7143
5449.5 30.7143
5450.5 22.3571
5451.5 68.6429
5452.5 45
5453.5 56.2857
5454.5 56.1429
5455.5 41.1429
5456.5 43.5714
5457.5 33.6429
5458.5 47.6429
5459.5 58.7857
5460.5 52.0714
5461.5 36.4286
5462.5 46.0714
5463.5 33.2857
5464.5 56.5714
5465.5 53
5466.5 43.5714
5467.5 55.5
5468.5 68.5714
5469.5 75.7143
5470.5 95.9286
5471.5 121.786
5472.5 105.571
5473.5 87.1429
5474.5 89.7857
5475.5 51.4286
5476.5 43.8571
5477.5 48.3571
5478.5 50.7857
5479.5 41.7143
5480.5 40.3571
5481.5 49.7857
5482.5 45
5483.5 42.9286
5484.5 50.9286
5485.5 48.5714
5486.5 50.3571
5487.5 50.3571
5488.5 42.7857
5489.5 39.4286
5490.5 51.8571
5491.5 64.0714
5492.5 38.9286
5493.5 50.3571
5494.5 42.2143
5495.5 43.5
5496.5 39.8571
5497.5 43.1429
5498.5 46.2143
5499.5 43.7857
5500.5 36.5
5501.5 37.3571
5502.5 57.9286
5503.5 44.6429
5504.5 44.7857
5505.5 37.3571
5506.5 39.4286
5507.5 43.6429
5508.5 37.1429
5509.5 45.5714
5510.5 52
5511.5 53.0714
5512.5 36.5
5513.5 53
5514.5 58.8571
5515.5 61.4286
5516.5 68.6429
5517.5 76.7857
5518.5 112
5519.5 138.071
5520.5 215.071
5521.5 277.643
5522.5 450.857
5523.5 628.643
5524.5 669.214
5525.5 600.5
5526.5 378.714
5527.5 215.429
5528.5 122.5
5529.5 112.643
5530.5 69.7857
5531.5 74.4286
5532.5 68.9286
5533.5 55
5534.5 74.6429
5535.5 63.1429
5536.5 61
5537.5 50.7143
5538.5 74.9286
5539.5 74.2857
5540.5 67.5
5541.5 69.6429
5542.5 53.5
5543.5 62.7857
5544.5 52.5
5545.5 70.1429
5546.5 50.7143
5547.5 47.7143
5548.5 74.2143
5549.5 79.0714
5550.5 67.3571
5551.5 50.2857
5552.5 53
5553.5 62.7857
5554.5 58
5555.5 58.2143
5556.5 66.0714
5557.5 63.1429
5558.5 40.1429
5559.5 56.4286
5560.5 60.2143
5561.5 56.6429
5562.5 64.1429
5563.5 43.6429
5564.5 70.7143
5565.5 73.6429
5566.5 67.4286
5567.5 59.7857
5568.5 60.8571
5569.5 65.7143
5570.5 61.4286
5571.5 80.0714
5572.5 58.4286
5573.5 63.3571
5574.5 87
5575.5 61.4286
5576.5 47.6429
5577.5 68.2857
5578.5 51.7143
5579.5 61.3571
5580.5 78.8571
5581.5 54.9286
5582.5 61.2857
5583.5 56.5714
5584.5 73.7857
5585.5 67
5586.5 61.5714
5587.5 63.2143
5588.5 62.2857
5589.5 83.8571
5590.5 47.5714
5591.5 82.5
5592.5 70.7857
5593.5 71.7857
5594.5 88.2143
5595.5 81.8571
5596.5 73.2143
5597.5 80.5714
5598.5 56.0714
5599.5 67.0714
5600.5 58.3571
5601.5 51.5
5602.5 58.2143
5603.5 59.2857
5604.5 58.2857
5605.5 50.4286
5606.5 49.5
5607.5 85.3571
5608.5 67.4286
5609.5 59.7143
5610.5 59.0714
5611.5 71.3571
5612.5 68.5714
5613.5 84.0714
5614.5 63.0714
5615.5 69
5616.5 71.5714
5617.5 64.8571
5618.5 62.0714
5619.5 82.9286
5620.5 62.5714
5621.5 70
5622.5 71.4286
5623.5 59.4286
5624.5 49.1429
5625.5 59.5
5626.5 77.7857
5627.5 60
5628.5 56.2857
5629.5 67.5714
5630.5 62.5
5631.5 76.9286
5632.5 53.6429
5633.5 63.8571
5634.5 71.8571
5635.5 61.3571
5636.5 71.2857
5637.5 86.7857
5638.5 79.2857
5639.5 67.4286
5640.5 44.4286
5641.5 63.4286
5642.5 72.4286
5643.5 78.7143
5644.5 68.2857
5645.5 49.2143
5646.5 89.2143
5647.5 69
5648.5 75.8571
5649.5 73.7143
5650.5 70.4286
5651.5 68.7857
5652.5 51.6429
5653.5 60.6429
5654.5 63.5714
5655.5 68.7857
5656.5 64.5714
5657.5 94.8571
5658.5 60.1429
5659.5 64.8571
5660.5 69.6429
5661.5 72.9286
5662.5 76.4286
5663.5 58.4286
5664.5 62.7143
5665.5 80
5666.5 72.8571
5667.5 56.1429
5668.5 76.7143
5669.5 62.5714
5670.5 65.4286
5671.5 70.7143
5672.5 80.7857
5673.5 77.8571
5674.5 62.0714
5675.5 68.0714
5676.5 67.5714
5677.5 76.5714
5678.5 77.5714
5679.5 65.1429
5680.5 67
5681.5 72.4286
5682.5 75.1429
5683.5 69.7857
5684.5 92.2143
5685.5 58.9286
5686.5 84.1429
5687.5 84.5714
5688.5 70
5689.5 70.3571
5690.5 67.5714
5691.5 49.2857
5692.5 81.7857
5693.5 79.2857
5694.5 90.0714
5695.5 70.9286
5696.5 75.7143
5697.5 87.4286
5698.5 82.8571
5699.5 83.2857
5700.5 80.5714
5701.5 70.2143
5702.5 85.6429
5703.5 73.4286
5704.5 74.0714
5705.5 75.2857
5706.5 75.5714
5707.5 69.9286
5708.5 68.6429
5709.5 55.8571
5710.5 68.0714
5711.5 75.9286
5712.5 72.7857
5713.5 76.5
5714.5 83
5715.5 45.7143
5716.5 52.2857
5717.5 63.1429
5718.5 74.8571
5719.5 96.5714
5720.5 98.2857
5721.5 78.1429
5722.5 74.7857
5723.5 73.2143
5724.5 78.4286
5725.5 60.9286
5726.5 77.2857
5727.5 60.5714
5728.5 76.2143
5729.5 70.7143
5730.5 86.7143
5731.5 87.7857
5732.5 83.7143
5733.5 63.5
5734.5 86.5
5735.5 79
5736.5 81.8571
5737.5 66
5738.5 79.2143
5739.5 78.6429
5740.5 74.4286
5741.5 85.7143
5742.5 76.1429
5743.5 81.4286
5744.5 81.1429
5745.5 70.7143
5746.5 81.5
5747.5 63.1429
5748.5 77.4286
5749.5 64.4286
5750.5 87.5714
5751.5 79.9286
5752.5 74.5
5753.5 99
5754.5 73.9286
5755.5 63.9286
5756.5 56.5714
5757.5 85.7857
5758.5 81.8571
5759.5 71.0714
5760.5 44.3571
5761.5 61.4286
5762.5 85.8571
5763.5 63.7143
5764.5 75.0714
5765.5 77.7857
5766.5 62.2857
5767.5 67
5768.5 64.5714
5769.5 80.1429
5770.5 74.3571
5771.5 68.5
5772.5 99.4286
5773.5 70.5714
5774.5 70.7857
5775.5 75.7143
5776.5 92.2143
5777.5 87.2857
5778.5 74.6429
5779.5 78.0714
5780.5 83.3571
5781.5 73.3571
5782.5 80.9286
5783.5 70.6429
5784.5 60.4286
5785.5 78.3571
5786.5 76.0714
5787.5 81.8571
5788.5 81.1429
5789.5 74.8571
5790.5 62.7143
5791.5 79.6429
5792.5 90.3571
5793.5 59.0714
5794.5 91.1429
5795.5 71.8571
5796.5 68.1429
5797.5 88.1429
5798.5 61.0714
5799.5 77
5800.5 88.7857
5801.5 67.3571
5802.5 86.1429
5803.5 79.2143
5804.5 86
5805.5 80.6429
5806.5 94.1429
5807.5 89.2857
5808.5 88.2857
5809.5 82.2857
5810.5 82.3571
5811.5 78.0714
5812.5 82.5
5813.5 73.5
5814.5 91.5714
5815.5 86.0714
5816.5 64.7857
5817.5 78.9286
5818.5 95.7143
5819.5 83.5714
5820.5 84.5714
5821.5 86.0714
5822.5 84.0714
5823.5 63.1429
5824.5 90.6429
5825.5 66.0714
5826.5 119.071
5827.5 67.0714
5828.5 96.7857
5829.5 91.9286
5830.5 79.5714
5831.5 93.1429
5832.5 97.6429
5833.5 97.6429
5834.5 96.7143
5835.5 89.1429
5836.5 99.2143
5837.5 89.3571
5838.5 86.7857
5839.5 112.643
5840.5 109
5841.5 119.5
5842.5 118.143
5843.5 108.857
5844.5 125.286
5845.5 105.857
5846.5 91.7143
5847.5 108
5848.5 86.5
5849.5 79.7857
5850.5 99.8571
5851.5 105
5852.5 67.5714
5853.5 90.2143
5854.5 88.0714
5855.5 92.9286
5856.5 93.3571
5857.5 62.3571
5858.5 87.7143
5859.5 83.2143
5860.5 102.929
5861.5 68.3571
5862.5 84.7857
5863.5 88
5864.5 82.6429
5865.5 86.6429
5866.5 103.929
5867.5 69.6429
5868.5 80.0714
5869.5 86.4286
5870.5 88.4286
5871.5 74.1429
5872.5 72
5873.5 90.6429
5874.5 74.3571
5875.5 71
5876.5 86
5877.5 68.7857
5878.5 87.4286
5879.5 86.6429
5880.5 67.1429
5881.5 78.2857
5882.5 72.6429
5883.5 82.3571
5884.5 65.6429
5885.5 85.6429
5886.5 83.2857
5887.5 74.4286
5888.5 87.6429
5889.5 69.0714
5890.5 61.2143
5891.5 69.8571
5892.5 91.9286
5893.5 65.6429
5894.5 85.3571
5895.5 82.5714
5896.5 118.643
5897.5 112.143
5898.5 163
5899.5 156.143
5900.5 180.071
5901.5 162.429
5902.5 137.714
5903.5 122.929
5904.5 84.4286
5905.5 89.4286
5906.5 64.2143
5907.5 66.5
5908.5 89.7857
5909.5 106.071
5910.5 77.2857
5911.5 100
5912.5 59.1429
5913.5 94
5914.5 73.7857
5915.5 69.0714
5916.5 71.2857
5917.5 69.1429
5918.5 65.2857
5919.5 63.0714
5920.5 74.9286
5921.5 78.2857
5922.5 82.5714
5923.5 64.7857
5924.5 61.4286
5925.5 65.7143
5926.5 76.1429
5927.5 80
5928.5 78.5
5929.5 60
5930.5 81.0714
5931.5 67.2143
5932.5 76.4286
5933.5 62.3571
5934.5 71.7857
5935.5 62.9286
5936.5 74.3571
5937.5 61.0714
5938.5 71.7857
5939.5 60.2143
5940.5 70.1429
5941.5 75.7143
5942.5 69.2857
5943.5 63.2857
5944.5 80.5714
5945.5 51.3571
5946.5 86.6429
5947.5 59
5948.5 60
5949.5 63.2857
5950.5 55.7143
5951.5 63.2143
5952.5 61.5714
5953.5 55
5954.5 60.5
5955.5 65.6429
5956.5 71.2857
5957.5 68
5958.5 49.4286
5959.5 91.9286
5960.5 62.9286
5961.5 55
5962.5 62.0714
5963.5 68
5964.5 62.7857
5965.5 60.5
5966.5 52.7857
5967.5 63.0714
5968.5 78.4286
5969.5 73.7857
5970.5 76.1429
5971.5 51.2143
5972.5 69.4286
5973.5 54.4286
5974.5 73
5975.5 59.3571
5976.5 50.2857
5977.5 61.9286
5978.5 60.4286
5979.5 71.5714
5980.5 57.2143
5981.5 57.4286
5982.5 58.7857
5983.5 68.4286
5984.5 65.9286
5985.5 74.0714
5986.5 67.9286
5987.5 66.7143
5988.5 44
5989.5 63.6429
5990.5 57.2857
5991.5 52.4286
5992.5 55.8571
5993.5 62.1429
5994.5 65.5714
5995.5 76.7143
5996.5 66.1429
5997.5 97.2857
5998.5 73.9286
5999.5 93.7857
6000.5 76.1429
6001.5 50.2143
6002.5 46.9286
6003.5 57.7143
6004.5 86.6429
6005.5 68.2857
6006.5 56.6429
6007.5 48.7143
6008.5 69.2857
6009.5 48.2857
6010.5 58.6429
6011.5 54.7143
6012.5 72.5
6013.5 65.2143
6014.5 53.5
6015.5 69.2857
6016.5 48
6017.5 66
6018.5 61.3571
6019.5 69.8571
6020.5 66.5714
6021.5 70.2143
6022.5 86
6023.5 70.7143
6024.5 115.429
6025.5 102
6026.5 152.929
6027.5 206.857
6028.5 288.286
6029.5 476
6030.5 621.357
6031.5 826.714
6032.5 1139.07
6033.5 1495.57
6034.5 1729.07
6035.5 1843.79
6036.5 1535.29
6037.5 1110.57
6038.5 751.714
6039.5 419.786
6040.5 226.214
6041.5 156.071
6042.5 122.357
6043.5 100.643
6044.5 93.2857
6045.5 97.2143
6046.5 86.2143
6047.5 89.9286
6048.5 100.429
6049.5 65
6050.5 98.5
6051.5 82.5714
6052.5 86.6429
6053.5 82
6054.5 64.7143
6055.5 83.6429
6056.5 68.4286
6057.5 95.5714
6058.5 83.9286
6059.5 83.8571
6060.5 70.5714
6061.5 75.2143
6062.5 76.5714
6063.5 78.5
6064.5 105.143
6065.5 68.1429
6066.5 65.2143
6067.5 70.0714
6068.5 75.7857
6069.5 78.6429
6070.5 74.5714
6071.5 76.6429
6072.5 91.5714
6073.5 81.3571
6074.5 89.7143
6075.5 79.5
6076.5 84.5
6077.5 73.1429
6078.5 60.5714
6079.5 70.1429
6080.5 60.3571
6081.5 59.9286
6082.5 73.7143
6083.5 81.5714
6084.5 69.5714
6085.5 61.6429
6086.5 81.8571
6087.5 79.5714
6088.5 83.1429
6089.5 74.8571
6090.5 79.8571
6091.5 77.3571
6092.5 78.9286
6093.5 65.2143
6094.5 78.2143
6095.5 80.2857
6096.5 77.0714
6097.5 55.7143
6098.5 78.9286
6099.5 66.8571
6100.5 79.5714
6101.5 77.7143
6102.5 72
6103.5 80.2143
6104.5 75.9286
6105.5 94.0714
6106.5 89.9286
6107.5 73.0714
6108.5 84.6429
6109.5 81.1429
6110.5 103.643
6111.5 77.8571
6112.5 83.3571
6113.5 86.1429
6114.5 70.2857
6115.5 76.7143
6116.5 81
6117.5 88
6118.5 78.3571
6119.5 78.4286
6120.5 76.7143
6121.5 68.7857
6122.5 96.5
6123.5 70.2857
6124.5 90.9286
6125.5 73.7857
6126.5 56.7857
6127.5 75
6128.5 65.7857
6129.5 67.4286
6130.5 69.7857
6131.5 93.1429
6132.5 70.8571
6133.5 79.5
6134.5 77.5
6135.5 66.6429
6136.5 95.5
6137.5 83.9286
6138.5 86.7857
6139.5 89.4286
6140.5 82.5714
6141.5 77.9286
6142.5 64.9286
6143.5 77.7857
6144.5 80.7143
6145.5 68.9286
6146.5 90.2857
6147.5 72.7857
6148.5 75.1429
6149.5 82.9286
6150.5 61.2857
6151.5 81.9286
6152.5 72.8571
6153.5 76.5714
6154.5 88.7143
6155.5 71.8571
6156.5 77.5714
6157.5 80.8571
6158.5 72.4286
6159.5 67.5714
6160.5 75.7857
6161.5 69.6429
6162.5 66.3571
6163.5 87.2143
6164.5 79.6429
6165.5 66.3571
6166.5 89.1429
6167.5 74.5714
6168.5 75.8571
6169.5 80.5
6170.5 75.1429
6171.5 68.1429
6172.5 77.8571
6173.5 66.2143
6174.5 78.7857
6175.5 80.2143
6176.5 67.8571
6177.5 82.8571
6178.5 77.8571
6179.5 74.7857
6180.5 80.2143
6181.5 71.5714
6182.5 88.7857
6183.5 76.2143
6184.5 86.2143
6185.5 84.1429
6186.5 77.8571
6187.5 75
6188.5 87.8571
6189.5 67.2143
6190.5 89.6429
6191.5 85.1429
6192.5 69.5714
6193.5 81.9286
6194.5 79.5714
6195.5 86
6196.5 82.5714
6197.5 83.2143
6198.5 85
6199.5 83.5
6200.5 104.143
6201.5 87.5
6202.5 78.5
6203.5 87.0714
6204.5 88.5
6205.5 82.5714
6206.5 85.8571
6207.5 97.5714
6208.5 95.4286
6209.5 80.2857
6210.5 84.7857
6211.5 84.7857
6212.5 72.8571
6213.5 82.5714
6214.5 84.5
6215.5 71.5
6216.5 76.5
6217.5 98.9286
6218.5 97.4286
6219.5 101.714
6220.5 81.6429
6221.5 72.6429
6222.5 85.3571
6223.5 84.5
6224.5 90.3571
6225.5 80.9286
6226.5 89.6429
6227.5 72.5
6228.5 95.5
6229.5 82.7143
6230.5 85.7857
6231.5 81.3571
6232.5 74.5714
6233.5 75.8571
6234.5 87.7857
6235.5 97.5
6236.5 84.7857
6237.5 74.4286
6238.5 82.8571
6239.5 77.1429
6240.5 79.0714
6241.5 67.7857
6242.5 94.5
6243.5 77.9286
6244.5 78
6245.5 92.5714
6246.5 76.3571
6247.5 96.9286
6248.5 85.5
6249.5 82
6250.5 73.5
6251.5 85
6252.5 82.2857
6253.5 88.4286
6254.5 84.5714
6255.5 77.7857
6256.5 89.8571
6257.5 98.5
6258.5 97.7857
6259.5 96
6260.5 73.9286
6261.5 82.1429
6262.5 105.143
6263.5 82.1429
6264.5 81.4286
6265.5 86.4286
6266.5 89.7857
6267.5 84.2143
6268.5 88.7143
6269.5 101.786
6270.5 99.1429
6271.5 102.857
6272.5 104.929
6273.5 97.9286
6274.5 114.786
6275.5 101.786
6276.5 92.7857
6277.5 90.1429
6278.5 93.1429
6279.5 102.143
6280.5 88.4286
6281.5 107.429
6282.5 104.786
6283.5 84.7857
6284.5 103.357
6285.5 99.7857
6286.5 97.2143
6287.5 113.857
6288.5 94.1429
6289.5 102.143
6290.5 95.5
6291.5 85.7857
6292.5 96.2143
6293.5 99.1429
6294.5 96.8571
6295.5 100.214
6296.5 75.7143
6297.5 99.4286
6298.5 100.214
6299.5 105.214
6300.5 111.143
6301.5 93.1429
6302.5 79.0714
6303.5 82.4286
6304.5 92.0714
6305.5 85.1429
6306.5 84.8571
6307.5 77.7143
6308.5 84.0714
6309.5 87.7857
6310.5 76.7857
6311.5 73.1429
6312.5 73.0714
6313.5 76.1429
6314.5 83.6429
6315.5 85.4286
6316.5 76.1429
6317.5 77.5
6318.5 77.0714
6319.5 88.5
6320.5 80.9286
6321.5 66.2857
6322.5 69.1429
6323.5 87.7857
6324.5 64.7143
6325.5 69.0714
6326.5 79.7143
6327.5 94.4286
6328.5 78.7143
6329.5 84.0714
6330.5 72.8571
6331.5 80.7857
6332.5 96
6333.5 71.2143
6334.5 99.6429
6335.5 74.8571
6336.5 69.0714
6337.5 70.4286
6338.5 73.7857
6339.5 73.0714
6340.5 86.0714
6341.5 73.7143
6342.5 66.7857
6343.5 85.4286
6344.5 85.4286
6345.5 67.0714
6346.5 83.5714
6347.5 76.2143
6348.5 76.7857
6349.5 88.0714
6350.5 99.3571
6351.5 85.9286
6352.5 87.7857
6353.5 64.7857
6354.5 84.4286
6355.5 72.2857
6356.5 83.5714
6357.5 73.7143
6358.5 78.4286
6359.5 92.0714
6360.5 100.357
6361.5 88.5
6362.5 73.7143
6363.5 88.3571
6364.5 81.4286
6365.5 73.4286
6366.5 80.4286
6367.5 85.4286
6368.5 87.7143
6369.5 68.5
6370.5 65.1429
6371.5 81.7143
6372.5 78.7143
6373.5 73.4286
6374.5 65.7143
6375.5 76.7857
6376.5 62.4286
6377.5 62.4286
6378.5 80.3571
6379.5 62.7143
6380.5 88.7857
6381.5 46.0714
6382.5 83.1429
6383.5 79.4286
6384.5 72.1429
6385.5 70.7857
6386.5 49.7857
6387.5 73.7143
6388.5 83.0714
6389.5 85.2143
6390.5 58.1429
6391.5 72.8571
6392.5 54.7857
6393.5 55.5714
6394.5 51.2143
6395.5 74.7857
6396.5 76.7143
6397.5 77.7857
6398.5 69.0714
6399.5 65.1429
6400.5 59.7143
6401.5 79
6402.5 56.3571
6403.5 70.0714
6404.5 58.4286
6405.5 60.0714
6406.5 57.0714
6407.5 63.0714
6408.5 62.7143
6409.5 58.1429
6410.5 52.4286
6411.5 60.7143
6412.5 62.0714
6413.5 61.3571
6414.5 55.0714
6415.5 46.7143
6416.5 54.5
6417.5 58.5
6418.5 53.0714
6419.5 53.4286
6420.5 44.1429
6421.5 56.1429
6422.5 60.7857
6423.5 56.0714
6424.5 53.4286
6425.5 42.7857
6426.5 55.0714
6427.5 47.0714
6428.5 48.3571
6429.5 48.4286
6430.5 50.0714
6431.5 43.0714
6432.5 58.7857
6433.5 41.1429
6434.5 42.1429
6435.5 44.7857
6436.5 47.8571
6437.5 38.8571
6438.5 52.0714
6439.5 41.7857
6440.5 39
6441.5 41.6429
6442.5 31.3571
6443.5 32.6429
6444.5 48.1429
6445.5 40.1429
6446.5 38.7143
6447.5 36.0714
6448.5 29.4286
6449.5 48.0714
6450.5 35.4286
6451.5 30.7143
6452.5 38.7143
6453.5 43.0714
6454.5 38.7143
6455.5 22.4286
6456.5 33.7143
6457.5 28.4286
6458.5 27.7143
6459.5 26.0714
6460.5 33.1429
6461.5 37.3571
6462.5 33.4286
6463.5 27.0714
6464.5 28.3571
6465.5 35.0714
6466.5 31.7143
6467.5 36.7143
6468.5 30.4286
6469.5 17.7857
6470.5 33.0714
6471.5 32.4286
6472.5 22.7143
6473.5 21.5
6474.5 23.3571
6475.5 31.0714
6476.5 39.2857
6477.5 20.9286
6478.5 4.78571
6479.5 41.4286
6480.5 34.8571
6481.5 32.5714
6482.5 41.5714
6483.5 43.7143
6484.5 28.8571
6485.5 17.5
6486.5 18.1429
6487.5 21.5
6488.5 27.7857
6489.5 22.7857
6490.5 23.1429
6491.5 19.5
6492.5 25.8571
6493.5 28.5
6494.5 18.2143
6495.5 21.6429
6496.5 13.2857
6497.5 20.2857
6498.5 25.8571
6499.5 21.8571
6500.5 23.7143
6501.5 19.7143
6502.5 22.7143
6503.5 22.0714
6504.5 29.7143
6505.5 24.3571
6506.5 13.0714
6507.5 29.0714
6508.5 25.3571
6509.5 30.7143
6510.5 39
6511.5 27.3571
6512.5 26.0714
6513.5 32.7143
6514.5 38
6515.5 28.3571
6516.5 23
6517.5 26.4286
6518.5 22.3571
6519.5 28.0714
6520.5 36.3571
6521.5 32.0714
6522.5 28.3571
6523.5 29.3571
6524.5 32.3571
6525.5 21.3571
6526.5 29.0714
6527.5 31.3571
6528.5 36.3571
6529.5 21.0714
6530.5 35.0714
6531.5 31.7143
6532.5 28.4286
6533.5 33.0714
6534.5 54.7143
6535.5 70.3571
6536.5 86.7857
6537.5 142.357
6538.5 258.786
6539.5 434.786
6540.5 678.857
6541.5 1112.5
6542.5 1639.07
6543.5 2178.29
6544.5 2874.36
6545.5 3606.43
6546.5 3718.5
6547.5 3250.57
6548.5 2214.86
6549.5 1273.64
6550.5 655.429
6551.5 269.5
6552.5 178.429
6553.5 125.357
6554.5 92
6555.5 61.4286
6556.5 60.3571
6557.5 33.0714
6558.5 26.3571
6559.5 28.7857
6560.5 23.0714
6561.5 10.5
6562.5 7.71429
6563.5 1.85714
6564.5 -0.785714
6565.5 -0.571429
6566.5 -2.14286
6567.5 1.78571
6568.5 -1.85714
6569.5 -1.21429
6570.5 -5.42857
6571.5 -0.214286
6572.5 1.35714
6573.5 -0.642857
6574.5 1.71429
6575.5 0.428571
6576.5 4
6577.5 0.357143
6578.5 -2.57143
6579.5 1.07143
6580.5 -0.642857
6581.5 3.35714
6582.5 -0.928571
6583.5 1.71429
6584.5 -0.928571
6585.5 2.35714
6586.5 2
6587.5 1
6588.5 -0.571429
6589.5 1
6590.5 0.714286
6591.5 0.714286
6592.5 3
6593.5 0.0714286
6594.5 1.35714
6595.5 1.71429
6596.5 2.71429
6597.5 3
6598.5 2.71429
6599.5 4.07143
6600.5 0.0714286
6601.5 5
6602.5 2.78571
6603.5 1.35714
6604.5 1.71429
6605.5 1.35714
6606.5 1.07143
6607.5 1.71429
6608.5 1.07143
6609.5 3
6610.5 2.42857
6611.5 0.357143
6612.5 -0.285714
6613.5 0.714286
6614.5 0.0714286
6615.5 1.71429
6616.5 1.07143
6617.5 -1.57143
6618.5 0.714286
6619.5 -1.85714
6620.5 5
6621.5 1.35714
6622.5 0.0714286
6623.5 2.42857
6624.5 3.35714
6625.5 1.71429
6626.5 4
6627.5 2.07143
6628.5 2.07143
6629.5 2.35714
6630.5 2.35714
6631.5 1.71429
6632.5 -0.285714
6633.5 -1.28571
6634.5 0.357143
6635.5 1.07143
6636.5 2
6637.5 -1.92857
6638.5 2.35714
6639.5 3
6640.5 2
6641.5 1.71429
6642.5 4
6643.5 -3.21429
6644.5 0.0714286
6645.5 1.35714
6646.5 1.35714
6647.5 2.71429
6648.5 -0.214286
6649.5 -0.928571
6650.5 -2.57143
6651.5 5
6652.5 1.07143
6653.5 3.35714
6654.5 -3.14286
6655.5 -1.28571
6656.5 -1.57143
6657.5 1.71429
6658.5 0.714286
6659.5 -0.928571
6660.5 -3.5
6661.5 -0.928571
6662.5 -2.57143
6663.5 2
6664.5 0.357143
6665.5 2.35714
6666.5 -1.28571
6667.5 4
6668.5 3
6669.5 3
6670.5 0.0714286
6671.5 1
6672.5 2
6673.5 0.428571
6674.5 4.35714
6675.5 0.357143
6676.5 0.0714286
6677.5 4
6678.5 -0.571429
6679.5 0.714286
6680.5 0.714286
6681.5 0.428571
6682.5 2
6683.5 3.71429
6684.5 0.0714286
6685.5 -0.285714
6686.5 2
6687.5 0.0714286
6688.5 -1.57143
6689.5 -0.928571
6690.5 0.357143
6691.5 0.357143
6692.5 1.35714
6693.5 3
6694.5 0.142857
6695.5 2.35714
6696.5 1.07143
6697.5 0.0714286
6698.5 3.35714
6699.5 4
6700.5 -0.285714
6701.5 0.0714286
6702.5 1
6703.5 -0.642857
6704.5 -0.642857
6705.5 1
6706.5 0
6707.5 -0.285714
6708.5 3.42857
6709.5 0.0714286
6710.5 -0.571429
6711.5 2.35714
6712.5 1.35714
6713.5 1.71429
6714.5 0.714286
6715.5 1.35714
6716.5 -1.85714
6717.5 1.35714
6718.5 -0.928571
6719.5 1.71429
6720.5 2.07143
6721.5 -0.214286
6722.5 0.357143
6723.5 0.714286
6724.5 5
6725.5 0.0714286
6726.5 2.35714
6727.5 1.35714
6728.5 2.35714
6729.5 -1.92857
6730.5 1.71429
6731.5 2.35714
6732.5 6.71429
6733.5 -0.285714
6734.5 0.0714286
6735.5 -1.57143
6736.5 1.35714
6737.5 1
6738.5 -0.642857
6739.5 2.35714
6740.5 1.35714
6741.5 1.35714
6742.5 -1.92857
6743.5 1.35714
6744.5 -1.28571
6745.5 2.71429
6746.5 3.35714
6747.5 2.35714
6748.5 1.71429
6749.5 0.714286
6750.5 0.428571
6751.5 2.42857
6752.5 3.07143
6753.5 -0.285714
6754.5 5
6755.5 2.07143
6756.5 -1.28571
6757.5 4
6758.5 1.35714
6759.5 1.42857
6760.5 4
6761.5 -0.928571
6762.5 4.35714
6763.5 2.35714
6764.5 0.357143
6765.5 2.35714
6766.5 -0.571429
6767.5 0.714286
6768.5 0.357143
6769.5 1.07143
6770.5 2.78571
6771.5 5.71429
6772.5 5.07143
6773.5 0.428571
6774.5 3.71429
6775.5 5
6776.5 -0.928571
6777.5 5
6778.5 0.0714286
6779.5 1.71429
6780.5 2.07143
6781.5 1
6782.5 -0.214286
6783.5 2.07143
6784.5 3.35714
6785.5 0.785714
6786.5 -1.28571
6787.5 -0.642857
6788.5 1
6789.5 -0.928571
6790.5 0.357143
6791.5 2
6792.5 3.71429
6793.5 2
6794.5 1.35714
6795.5 0.714286
6796.5 1.35714
6797.5 0.714286
6798.5 -1.28571
6799.5 0.357143
6800.5 -1.92857
6801.5 2.35714
6802.5 0.357143
6803.5 0.357143
6804.5 0
6805.5 -0.285714
6806.5 0.357143
6807.5 2.35714
6808.5 1.35714
6809.5 -1.28571
6810.5 1
6811.5 -0.285714
6812.5 4
6813.5 -0.642857
6814.5 1.71429
6815.5 -0.642857
6816.5 -1.28571
6817.5 -0.642857
6818.5 1
6819.5 0.357143
6820.5 -1.92857
6821.5 1.35714
6822.5 3.35714
6823.5 0.357143
6824.5 -0.285714
6825.5 0.0714286
6826.5 -0.928571
6827.5 0
6828.5 2
6829.5 1
6830.5 1.35714
6831.5 -0.285714
6832.5 0
6833.5 2
6834.5 3
6835.5 0.357143
6836.5 1.35714
6837.5 0.714286
6838.5 -0.285714
6839.5 0.357143
6840.5 0.357143
6841.5 2.71429
6842.5 0.714286
6843.5 0.714286
6844.5 6
6845.5 -0.642857
6846.5 2.35714
6847.5 1.71429
6848.5 4.07143
6849.5 0.357143
6850.5 -0.285714
6851.5 0.357143
6852.5 -1.28571
6853.5 -0.928571
6854.5 1.35714
6855.5 -0.642857
6856.5 1.35714
6857.5 1.71429
6858.5 -1.92857
6859.5 0.357143
6860.5 1
6861.5 -1.28571
6862.5 2
6863.5 0
6864.5 -0.285714
6865.5 0.714286
6866.5 0.357143
6867.5 3
6868.5 -0.285714
6869.5 0.357143
6870.5 -0.642857
6871.5 0.714286
6872.5 1.71429
6873.5 2.35714
6874.5 1.35714
6875.5 3.35714
6876.5 0.357143
6877.5 1
6878.5 3
6879.5 1.71429
6880.5 0
6881.5 -0.928571
6882.5 -0.642857
6883.5 2
6884.5 -1.28571
6885.5 2.71429
6886.5 0.357143
6887.5 2.35714
6888.5 3
6889.5 0.357143
6890.5 2
6891.5 1.35714
6892.5 1.35714
6893.5 6
6894.5 1
6895.5 0.357143
6896.5 1
6897.5 0.714286
6898.5 -1.92857
6899.5 -0.642857
6900.5 0
6901.5 1
6902.5 0.714286
6903.5 1.07143
6904.5 0.428571
6905.5 3.71429
6906.5 0.428571
6907.5 2.71429
6908.5 1.71429
6909.5 3.35714
6910.5 0.714286
6911.5 -0.285714
6912.5 -0.928571
6913.5 0.357143
6914.5 -1.28571
6915.5 1.71429
6916.5 0.714286
6917.5 -1.28571
6918.5 2.35714
6919.5 -0.642857
6920.5 0.0714286
6921.5 0.714286
6922.5 -1.28571
6923.5 1
6924.5 0.357143
6925.5 2
6926.5 0
6927.5 0.357143
6928.5 -1.28571
6929.5 3.42857
6930.5 -1.92857
6931.5 -0.857143
6932.5 -1.92857
6933.5 3.71429
6934.5 2.35714
6935.5 0.785714
6936.5 -2.21429
6937.5 3.35714
6938.5 1.35714
6939.5 3.71429
6940.5 1.71429
6941.5 4
6942.5 -0.571429
6943.5 2
6944.5 -0.642857
6945.5 1
6946.5 -0.285714
6947.5 2
6948.5 2
6949.5 0.0714286
6950.5 -0.571429
6951.5 0.714286
6952.5 1.71429
6953.5 2
6954.5 1.35714
6955.5 1.71429
6956.5 2.35714
6957.5 1.42857
6958.5 0.357143
6959.5 -0.285714
6960.5 -1.28571
6961.5 2.35714
6962.5 -1.92857
6963.5 0.357143
6964.5 -1.28571
6965.5 0.357143
6966.5 0.357143
6967.5 -0.285714
6968.5 -0.571429
6969.5 -0.642857
6970.5 1.35714
6971.5 1.71429
6972.5 3
6973.5 0.714286
6974.5 1
6975.5 4
6976.5 0.714286
6977.5 3.71429
6978.5 0
6979.5 -0.571429
6980.5 1.35714
6981.5 2.35714
6982.5 2
6983.5 2.35714
6984.5 1
6985.5 1.07143
6986.5 3.35714
6987.5 1
6988.5 1
6989.5 -0.642857
6990.5 5
6991.5 1.35714
6992.5 0
6993.5 1.71429
6994.5 0.357143
6995.5 -0.642857
6996.5 0.357143
6997.5 1.71429
6998.5 -0.642857
6999.5 3
7000.5 -1.28571
7001.5 0.714286
7002.5 -0.642857
7003.5 1.35714
7004.5 -0.642857
7005.5 -0.285714
7006.5 1
7007.5 0.714286
7008.5 1.35714
7009.5 1
7010.5 -0.285714
7011.5 2.71429
7012.5 1
7013.5 1
7014.5 3
7015.5 0.357143
7016.5 -0.285714
7017.5 1
7018.5 0
7019.5 2.35714
7020.5 -0.928571
7021.5 3.35714
7022.5 3
7023.5 0
7024.5 0
7025.5 -1.28571
7026.5 1.35714
7027.5 2.35714
7028.5 0.357143
7029.5 1
7030.5 1.71429
7031.5 1.71429
7032.5 4
7033.5 3
7034.5 2
7035.5 1
7036.5 0
7037.5 -0.642857
7038.5 1
7039.5 1
7040.5 2
7041.5 1.35714
7042.5 -0.642857
7043.5 2
7044.5 -0.285714
7045.5 1.35714
7046.5 3.35714
7047.5 0.357143
7048.5 2
7049.5 0.357143
7050.5 0.357143
7051.5 -0.642857
7052.5 0.357143
7053.5 -1.57143
7054.5 0.714286
7055.5 2
7056.5 -1.28571
7057.5 0.357143
7058.5 1
7059.5 1
7060.5 2.35714
7061.5 -1.28571
7062.5 2
7063.5 -0.285714
7064.5 -1.57143
7065.5 3
7066.5 0.357143
7067.5 -0.285714
7068.5 1.35714
7069.5 1.35714
7070.5 -0.642857
7071.5 1.35714
7072.5 1
7073.5 0.357143
7074.5 0
7075.5 2
7076.5 2
7077.5 -1.57143
7078.5 2
7079.5 0.357143
7080.5 4
7081.5 -0.642857
7082.5 0.357143
7083.5 -0.285714
7084.5 0.714286
7085.5 1
7086.5 0.357143
7087.5 0.0714286
7088.5 1
7089.5 1
7090.5 0.714286
7091.5 2
7092.5 4
7093.5 -0.642857
7094.5 3
7095.5 0.357143
7096.5 -0.642857
7097.5 1
7098.5 -0.928571
7099.5 2
7100.5 0.357143
7101.5 1
7102.5 0
7103.5 2.35714
7104.5 1.07143
7105.5 1
7106.5 0.357143
7107.5 -0.642857
7108.5 5.35714
7109.5 -0.285714
7110.5 1.35714
7111.5 3
7112.5 4
7113.5 0
7114.5 3
7115.5 -0.285714
7116.5 -0.928571
7117.5 2.35714
7118.5 2
7119.5 1
7120.5 0.357143
7121.5 2
7122.5 3
7123.5 0.357143
7124.5 1.35714
7125.5 0
7126.5 0
7127.5 -0.642857
7128.5 -0.642857
7129.5 3.35714
7130.5 1
7131.5 1
7132.5 3
7133.5 -0.642857
7134.5 2
7135.5 0.357143
7136.5 1.35714
7137.5 0.357143
7138.5 1.71429
7139.5 2
7140.5 3
7141.5 1.35714
7142.5 0
7143.5 -0.642857
7144.5 0.714286
7145.5 1
7146.5 0
7147.5 1.35714
7148.5 -0.642857
7149.5 1.07143
7150.5 -0.928571
7151.5 1
7152.5 1.71429
7153.5 1
7154.5 0.0714286
7155.5 0.357143
7156.5 1
7157.5 0
7158.5 -0.642857
7159.5 -0.642857
7160.5 1
7161.5 1
7162.5 0.714286
7163.5 0.0714286
7164.5 -0.928571
7165.5 -2.21429
7166.5 -1.28571
7167.5 -1.92857
7168.5 -3.5
7169.5 -2.85714
7170.5 -4.5
7171.5 -1.57143
7172.5 -0.928571
7173.5 0.357143
7174.5 0
7175.5 -1.92857
7176.5 0.357143
7177.5 0.714286
7178.5 3
7179.5 0.0714286
7180.5 2.35714
7181.5 1
7182.5 1.35714
7183.5 3
7184.5 0.714286
7185.5 1.35714
7186.5 1.35714
7187.5 5
7188.5 1
7189.5 1
7190.5 9
7191.5 0.0714286
7192.5 3
7193.5 -1.92857
7194.5 2
7195.5 2.35714
7196.5 2.07143
7197.5 1
7198.5 3
7199.5 4
7200.5 -0.642857
7201.5 1.35714
7202.5 -0.642857
7203.5 1.07143
7204.5 2.35714
7205.5 -2.21429
7206.5 0.428571
7207.5 0.785714
7208.5 3.35714
7209.5 2.42857
7210.5 2.35714
7211.5 1
7212.5 -0.642857
7213.5 2.35714
7214.5 0
7215.5 0.357143
7216.5 -0.642857
7217.5 0.357143
7218.5 0.714286
7219.5 -0.642857
7220.5 3
7221.5 2.35714
7222.5 0.428571
7223.5 -1.92857
7224.5 1
7225.5 2
7226.5 0.714286
7227.5 0
7228.5 -0.642857
7229.5 0
7230.5 2.35714
7231.5 3
7232.5 -1.92857
7233.5 0
7234.5 -1.92857
7235.5 -0.642857
7236.5 -1.92857
7237.5 -0.571429
7238.5 -4.5
7239.5 -2.21429
7240.5 -1.92857
7241.5 -1.21429
7242.5 0.714286
7243.5 2
7244.5 -0.285714
7245.5 1.35714
7246.5 4.35714
7247.5 3
7248.5 3
7249.5 0
7250.5 2
7251.5 1
7252.5 1
7253.5 1.35714
7254.5 -1.28571
7255.5 -1.92857
7256.5 1.35714
7257.5 2.35714
7258.5 3.07143
7259.5 3
7260.5 4
7261.5 2.14286
7262.5 -0.214286
7263.5 1.35714
7264.5 7
7265.5 1.35714
7266.5 3
7267.5 0.357143
7268.5 -0.928571
7269.5 2.71429
7270.5 1.71429
7271.5 1.71429
7272.5 1.35714
7273.5 0.357143
7274.5 0.357143
7275.5 0
7276.5 1
7277.5 1.35714
7278.5 1
7279.5 2.35714
7280.5 0
7281.5 0
7282.5 2.35714
7283.5 -0.642857
7284.5 1.35714
7285.5 -1.28571
7286.5 3.35714
7287.5 3
7288.5 2
7289.5 1
7290.5 2
7291.5 1
7292.5 3
7293.5 1.35714
7294.5 -1.28571
7295.5 -0.285714
7296.5 0.357143
7297.5 -0.285714
7298.5 1
7299.5 0.357143
7300.5 0
7301.5 2
7302.5 3.35714
7303.5 2.35714
7304.5 1
7305.5 2.35714
7306.5 0.357143
7307.5 1.71429
7308.5 0
7309.5 0.357143
7310.5 -1.28571
7311.5 -0.642857
7312.5 2
7313.5 4.35714
7314.5 1.35714
7315.5 1.35714
7316.5 0.0714286
7317.5 -0.642857
7318.5 -0.928571
7319.5 0.357143
7320.5 -0.642857
7321.5 1
7322.5 1.35714
7323.5 0.714286
7324.5 -0.642857
7325.5 0.357143
7326.5 1.35714
7327.5 3
7328.5 0.714286
7329.5 1
7330.5 0
7331.5 2
7332.5 1
7333.5 -0.285714
7334.5 1
7335.5 -0.285714
7336.5 2.35714
7337.5 -1.57143
7338.5 -0.642857
7339.5 -0.285714
7340.5 0
7341.5 1
7342.5 2
7343.5 3
7344.5 0.714286
7345.5 1
7346.5 0.357143
7347.5 2.35714
7348.5 1.35714
7349.5 1
7350.5 0
7351.5 2
7352.5 1
7353.5 2.35714
7354.5 1.71429
7355.5 2
7356.5 2
7357.5 2.35714
7358.5 1
7359.5 -0.642857
7360.5 0
7361.5 2.35714
7362.5 0
7363.5 1
7364.5 -0.642857
7365.5 0.0714286
7366.5 0.357143
7367.5 0
7368.5 2
7369.5 -0.285714
7370.5 1.35714
7371.5 1
7372.5 -0.642857
7373.5 1
7374.5 -1.28571
7375.5 2
7376.5 1
7377.5 0
7378.5 0
7379.5 1.71429
7380.5 2
7381.5 1.35714
7382.5 2
7383.5 0.357143
7384.5 0
7385.5 1.07143
7386.5 1
7387.5 0
7388.5 5
7389.5 1.35714
7390.5 0.357143
7391.5 -0.642857
7392.5 0
7393.5 1.35714
7394.5 2
7395.5 1.07143
7396.5 0.357143
7397.5 1
7398.5 1
7399.5 1.35714
7400.5 -0.642857
7401.5 0.357143
7402.5 -0.285714
7403.5 1.35714
7404.5 0.357143
7405.5 -0.285714
7406.5 -0.642857
7407.5 -0.285714
7408.5 -0.928571
7409.5 -0.642857
7410.5 2.35714
7411.5 0.357143
7412.5 1
7413.5 2.71429
7414.5 1.35714
7415.5 4
7416.5 1.71429
7417.5 3.35714
7418.5 2.07143
7419.5 2.35714
7420.5 -0.285714
7421.5 -1.92857
7422.5 2.35714
7423.5 0
7424.5 1
7425.5 0.357143
7426.5 2
7427.5 -0.285714
7428.5 1
7429.5 0
7430.5 0
7431.5 1
7432.5 -0.642857
7433.5 3
7434.5 1.35714
7435.5 0
7436.5 -1.28571
7437.5 -1.28571
7438.5 0.357143
7439.5 0
7440.5 -0.642857
7441.5 2
7442.5 -0.642857
7443.5 1.71429
7444.5 0.357143
7445.5 2.71429
7446.5 1.35714
7447.5 1.35714
7448.5 0.357143
7449.5 -0.642857
7450.5 -0.285714
7451.5 3
7452.5 -0.642857
7453.5 0.357143
7454.5 2
7455.5 0.357143
7456.5 1.35714
7457.5 0
7458.5 0
7459.5 -0.642857
7460.5 0
7461.5 2
7462.5 1.35714
7463.5 3
7464.5 0.0714286
7465.5 1
7466.5 1.35714
7467.5 2.35714
7468.5 -0.571429
7469.5 -0.928571
7470.5 -1.92857
7471.5 1.35714
7472.5 1.71429
7473.5 0
7474.5 1.35714
7475.5 2
7476.5 1
7477.5 1.35714
7478.5 0.357143
7479.5 -0.285714
7480.5 1.35714
7481.5 0
7482.5 1
7483.5 1
7484.5 1
7485.5 0.0714286
7486.5 3
7487.5 1
7488.5 -1.28571
7489.5 2
7490.5 1
7491.5 0
7492.5 0.357143
7493.5 1
7494.5 4
7495.5 0.357143
7496.5 3
7497.5 2
7498.5 0
7499.5 0
7500.5 1
7501.5 0.357143
7502.5 0
7503.5 3
7504.5 -0.642857
7505.5 1
7506.5 -0.285714
7507.5 -0.642857
7508.5 0.357143
7509.5 1
7510.5 2
7511.5 1
7512.5 0
7513.5 1.35714
7514.5 1
7515.5 -0.642857
7516.5 0
7517.5 -1.92857
7518.5 0
7519.5 1
7520.5 1
7521.5 2
7522.5 1.35714
7523.5 0
7524.5 0
7525.5 -0.285714
7526.5 -0.642857
7527.5 -0.642857
7528.5 0
7529.5 1.35714
7530.5 -0.642857
7531.5 1.35714
7532.5 -0.642857
7533.5 2
7534.5 1
7535.5 2
7536.5 0
7537.5 3
7538.5 0
7539.5 0.357143
7540.5 1
7541.5 0
7542.5 0
7543.5 -0.642857
7544.5 1
7545.5 0
7546.5 1
7547.5 1
7548.5 2
7549.5 -0.642857
7550.5 -0.285714
7551.5 0
7552.5 -0.642857
7553.5 0
7554.5 0
7555.5 2
7556.5 -1.28571
7557.5 0
7558.5 0
7559.5 -0.642857
7560.5 1
7561.5 1
7562.5 2.35714
7563.5 -1.28571
7564.5 0.357143
7565.5 1
7566.5 0.357143
7567.5 0
7568.5 1
7569.5 1
7570.5 1
7571.5 -0.285714
7572.5 -0.642857
7573.5 1
7574.5 -0.642857
7575.5 1.35714
7576.5 1
7577.5 -0.642857
7578.5 -0.642857
7579.5 -0.642857
7580.5 1
7581.5 0
7582.5 -0.642857
7583.5 1
7584.5 0.357143
7585.5 0
7586.5 -0.642857
7587.5 0
7588.5 -0.642857
7589.5 -1.28571
7590.5 0.357143
7591.5 1
7592.5 0.357143
7593.5 1
7594.5 -3.21429
7595.5 0.357143
7596.5 2
7597.5 -0.642857
7598.5 -0.285714
7599.5 0.357143
7600.5 0
7601.5 0
7602.5 -0.642857
7603.5 0
7604.5 0.357143
7605.5 1
7606.5 1
7607.5 -0.642857
7608.5 1
7609.5 0
7610.5 0
7611.5 2
7612.5 -0.642857
7613.5 0
7614.5 0
7615.5 0.357143
7616.5 0.357143
7617.5 0
7618.5 0
7619.5 1
7620.5 0
7621.5 0.357143
7622.5 -0.285714
7623.5 0
7624.5 1
7625.5 1
7626.5 0
7627.5 1
7628.5 0
7629.5 0
7630.5 2.71429
7631.5 2.35714
7632.5 2
7633.5 2
7634.5 -0.285714
7635.5 0
7636.5 -1.92857
7637.5 -0.642857
7638.5 -0.642857
7639.5 0
7640.5 0
7641.5 -0.642857
7642.5 -0.285714
7643.5 0
7644.5 1
7645.5 0
7646.5 0
7647.5 3
7648.5 1
7649.5 1
7650.5 0
7651.5 2
7652.5 1
7653.5 0
7654.5 0
7655.5 0.357143
7656.5 -0.642857
7657.5 2
7658.5 2
7659.5 0
7660.5 -1.92857
7661.5 0
7662.5 0.357143
7663.5 0
7664.5 -0.642857
7665.5 1
7666.5 -0.642857
7667.5 0
7668.5 0
7669.5 0
7670.5 1
7671.5 0.357143
7672.5 -0.285714
7673.5 -0.642857
7674.5 -0.642857
7675.5 2
7676.5 1
7677.5 0
7678.5 0
7679.5 0
7680.5 0
7681.5 0
7682.5 -1.92857
7683.5 0
7684.5 1
7685.5 0.357143
7686.5 0.357143
7687.5 0
7688.5 0.357143
7689.5 1
7690.5 1
7691.5 1
7692.5 -0.642857
7693.5 1
7694.5 2.35714
7695.5 4
7696.5 2
7697.5 6
7698.5 6.35714
7699.5 6.71429
7700.5 6
7701.5 3
7702.5 6.35714
7703.5 4
7704.5 3
7705.5 3
7706.5 0
7707.5 2
7708.5 0
7709.5 0.357143
7710.5 0
7711.5 -0.642857
7712.5 -0.642857
7713.5 1
7714.5 0.357143
7715.5 1
7716.5 0
7717.5 -0.642857
7718.5 1
7719.5 1
7720.5 0.357143
7721.5 2.35714
7722.5 -1.28571
7723.5 -0.928571
7724.5 -0.285714
7725.5 0.714286
7726.5 0.357143
7727.5 2
7728.5 -0.285714
7729.5 -1.28571
7730.5 0
7731.5 -0.642857
7732.5 0
7733.5 -0.642857
7734.5 2
7735.5 0
7736.5 0
7737.5 1
7738.5 -0.642857
7739.5 -1.92857
7740.5 0
7741.5 0
7742.5 1
7743.5 0
7744.5 0.357143
7745.5 -0.642857
7746.5 0.357143
7747.5 -0.642857
7748.5 0
7749.5 1
7750.5 0
7751.5 0.357143
7752.5 1
7753.5 0
7754.5 0
7755.5 -0.642857
7756.5 -0.642857
7757.5 0
7758.5 1
7759.5 0
7760.5 0
7761.5 1
7762.5 0
7763.5 -0.642857
7764.5 -0.642857
7765.5 -0.285714
7766.5 0
7767.5 1.35714
7768.5 -0.642857
7769.5 3.07143
7770.5 1.35714
7771.5 3
7772.5 4.71429
7773.5 -0.214286
7774.5 4.71429
7775.5 0.357143
7776.5 2.35714
7777.5 0.357143
7778.5 0
7779.5 1
7780.5 0
7781.5 1
7782.5 0
7783.5 0
7784.5 0
7785.5 0
7786.5 1.35714
7787.5 -0.642857
7788.5 0
7789.5 2.35714
7790.5 -1.28571
7791.5 -0.642857
7792.5 -1.28571
7793.5 1
7794.5 -0.285714
7795.5 0
7796.5 0
7797.5 0
7798.5 -0.642857
7799.5 0.357143
7800.5 0.357143
7801.5 0
7802.5 0
7803.5 -0.642857
7804.5 1
7805.5 0
7806.5 0
7807.5 0
7808.5 -0.642857
7809.5 0.357143
7810.5 -0.642857
7811.5 -0.642857
7812.5 0
7813.5 -0.642857
7814.5 0
7815.5 0
7816.5 0
7817.5 -1.28571
7818.5 0
7819.5 0.357143
7820.5 0.357143
7821.5 -0.642857
7822.5 -0.642857
7823.5 -0.642857
7824.5 -0.928571
7825.5 1
7826.5 -0.642857
7827.5 -1.28571
7828.5 1
7829.5 2
7830.5 0
7831.5 1
7832.5 -0.642857
7833.5 0
7834.5 1
7835.5 0
7836.5 0
7837.5 -0.642857
7838.5 -0.642857
7839.5 1
7840.5 0
7841.5 -0.642857
7842.5 0
7843.5 1
7844.5 -0.642857
7845.5 0
7846.5 1
7847.5 0
7848.5 0
7849.5 0
7850.5 -0.642857
7851.5 -0.642857
7852.5 1
7853.5 -0.642857
7854.5 0
7855.5 -0.642857
7856.5 0
7857.5 -0.642857
7858.5 0
7859.5 1
7860.5 -0.642857
7861.5 0
7862.5 0.357143
7863.5 0
7864.5 0
7865.5 1
7866.5 0
7867.5 0
7868.5 0
7869.5 1
7870.5 2
7871.5 0
7872.5 1
7873.5 1
7874.5 1
7875.5 0
7876.5 0.357143
7877.5 0
7878.5 1
7879.5 0.357143
7880.5 -0.642857
7881.5 0
7882.5 0
7883.5 0
7884.5 1
7885.5 1
7886.5 0
7887.5 -0.642857
7888.5 0
7889.5 0
7890.5 -0.642857
7891.5 2
7892.5 0
7893.5 0
7894.5 0
7895.5 0
7896.5 0
7897.5 -0.642857
7898.5 0
7899.5 0
7900.5 0.357143
7901.5 0
7902.5 0
7903.5 -0.642857
7904.5 0
7905.5 0
7906.5 0
7907.5 0
7908.5 0
7909.5 0
7910.5 0
7911.5 0.357143
7912.5 0
7913.5 0
7914.5 0
7915.5 0.357143
7916.5 0
7917.5 -1.28571
7918.5 1
7919.5 -0.642857
7920.5 1
7921.5 1
7922.5 1
7923.5 0
7924.5 0
7925.5 0
7926.5 0
7927.5 0
7928.5 0
7929.5 -0.642857
7930.5 -0.642857
7931.5 -0.642857
7932.5 1
7933.5 1
7934.5 -1.28571
7935.5 1
7936.5 0.357143
7937.5 0
7938.5 0
7939.5 -0.642857
7940.5 0
7941.5 0
7942.5 0
7943.5 0
7944.5 0
7945.5 0
7946.5 0
7947.5 0
7948.5 0
7949.5 0
7950.5 0
7951.5 0
7952.5 0
7953.5 1
7954.5 -0.642857
7955.5 1
7956.5 -1.92857
7957.5 0.357143
7958.5 -0.642857
7959.5 -0.642857
7960.5 -0.285714
7961.5 1
7962.5 0
7963.5 1
7964.5 0
7965.5 1
7966.5 -0.642857
7967.5 -0.642857
7968.5 -0.642857
7969.5 0
7970.5 -1.28571
7971.5 0
7972.5 -0.642857
7973.5 0
7974.5 0
7975.5 -0.642857
7976.5 0
7977.5 0
7978.5 1
7979.5 -0.642857
7980.5 -0.642857
7981.5 0
7982.5 1
7983.5 1
7984.5 0
7985.5 1
7986.5 -0.642857
7987.5 -0.285714
7988.5 1
7989.5 1
7990.5 -0.642857
7991.5 0.714286
7992.5 0
7993.5 1
7994.5 0
7995.5 -0.642857
7996.5 0
7997.5 -0.642857
7998.5 1
7999.5 0.357143
8000.5 0
8001.5 -0.285714
8002.5 1
8003.5 -0.285714
8004.5 1
8005.5 0.357143
8006.5 1
8007.5 0
8008.5 0
8009.5 1
8010.5 2
8011.5 0
8012.5 -0.285714
8013.5 0
8014.5 1.35714
8015.5 0
8016.5 0
8017.5 0
8018.5 0
8019.5 2
8020.5 1
8021.5 0
8022.5 -0.642857
8023.5 0
8024.5 0
8025.5 0.357143
8026.5 -0.642857
8027.5 0
8028.5 1
8029.5 1
8030.5 0
8031.5 0
8032.5 0
8033.5 1
8034.5 2
8035.5 2
8036.5 -0.642857
8037.5 -0.642857
8038.5 -1.28571
8039.5 0
8040.5 -0.642857
8041.5 0
8042.5 0
8043.5 0
8044.5 1
8045.5 0
8046.5 0
8047.5 0
8048.5 0
8049.5 1
8050.5 0
8051.5 0
8052.5 -0.642857
8053.5 -0.642857
8054.5 1
8055.5 1.35714
8056.5 0
8057.5 1
8058.5 0.357143
8059.5 1
8060.5 0
8061.5 -0.642857
8062.5 1
8063.5 0
8064.5 0
8065.5 0.357143
8066.5 0
8067.5 1.35714
8068.5 0
8069.5 0
8070.5 1
8071.5 0
8072.5 0.357143
8073.5 0
8074.5 -0.642857
8075.5 0
8076.5 0
8077.5 0.357143
8078.5 1
8079.5 0
8080.5 0.357143
8081.5 -1.28571
8082.5 1.35714
8083.5 -1.28571
8084.5 0.357143
8085.5 2
8086.5 1
8087.5 -1.28571
8088.5 0.357143
8089.5 0.357143
8090.5 -1.28571
8091.5 1
8092.5 0
8093.5 0
8094.5 0
8095.5 1
8096.5 0
8097.5 0
8098.5 1
8099.5 0
8100.5 0
8101.5 0
8102.5 0
8103.5 0
8104.5 0
8105.5 -1.28571
8106.5 1
8107.5 -0.642857
8108.5 1
8109.5 -0.642857
8110.5 1
8111.5 1
8112.5 0
8113.5 1
8114.5 0
8115.5 0
8116.5 -0.642857
8117.5 0
8118.5 1
8119.5 0
8120.5 0
8121.5 0
8122.5 0
8123.5 0
8124.5 0
8125.5 -0.642857
8126.5 0
8127.5 0
8128.5 0
8129.5 -1.28571
8130.5 -0.642857
8131.5 0
8132.5 1
8133.5 0
8134.5 0
8135.5 0
8136.5 0
8137.5 0
8138.5 0
8139.5 1
8140.5 0
8141.5 0
8142.5 0
8143.5 0
8144.5 -0.642857
8145.5 0
8146.5 0
8147.5 0.357143
8148.5 -0.642857
8149.5 1
8150.5 -0.642857
8151.5 0
8152.5 1
8153.5 0
8154.5 1
8155.5 0
8156.5 0
8157.5 1
8158.5 -0.642857
8159.5 0
8160.5 0.357143
8161.5 0.357143
8162.5 0
8163.5 1
8164.5 0
8165.5 0
8166.5 2
8167.5 0
8168.5 0
8169.5 0
8170.5 -0.642857
8171.5 0
8172.5 0
8173.5 0.357143
8174.5 0
8175.5 0
8176.5 -0.642857
8177.5 0
8178.5 0
8179.5 -0.642857
8180.5 1
8181.5 0
8182.5 1
8183.5 0
8184.5 0
8185.5 0
8186.5 0
8187.5 0
8188.5 0
8189.5 0
8190.5 0
8191.5 1
8192.5 0
8193.5 1
8194.5 0
8195.5 0
8196.5 0
8197.5 -0.642857
8198.5 0
8199.5 0
8200.5 0
8201.5 0
8202.5 0
8203.5 -0.642857
8204.5 -0.642857
8205.5 -0.642857
8206.5 0
8207.5 0
8208.5 -0.642857
8209.5 1
8210.5 0
8211.5 -0.642857
8212.5 0
8213.5 0
8214.5 -0.642857
8215.5 0
8216.5 1
8217.5 1
8218.5 0
8219.5 2
8220.5 0
8221.5 -0.642857
8222.5 0
8223.5 0
8224.5 0
8225.5 2
8226.5 -0.642857
8227.5 1
8228.5 0
8229.5 1
8230.5 0
8231.5 1
8232.5 0
8233.5 0
8234.5 0
8235.5 0
8236.5 0
8237.5 0
8238.5 0
8239.5 -0.642857
8240.5 0
8241.5 1
8242.5 0
8243.5 0
8244.5 1
8245.5 0
8246.5 0
8247.5 2
8248.5 -0.642857
8249.5 0
8250.5 0
8251.5 0
8252.5 0
8253.5 -0.285714
8254.5 -1.28571
8255.5 0
8256.5 0
8257.5 -0.642857
8258.5 1
8259.5 1
8260.5 0
8261.5 0
8262.5 -0.642857
8263.5 0
8264.5 0
8265.5 0
8266.5 1
8267.5 0
8268.5 0.357143
8269.5 0
8270.5 -0.642857
8271.5 1
8272.5 0
8273.5 0.357143
8274.5 0
8275.5 0
8276.5 0
8277.5 0
8278.5 0
8279.5 0
8280.5 1.35714
8281.5 0.357143
8282.5 1
8283.5 1
8284.5 0
8285.5 1
8286.5 0
8287.5 1
8288.5 0
8289.5 0
8290.5 0
8291.5 -1.28571
8292.5 0
8293.5 1
8294.5 0
8295.5 -0.642857
8296.5 1
8297.5 -0.642857
8298.5 1
8299.5 -0.642857
8300.5 1
8301.5 0
8302.5 0
8303.5 0
8304.5 0
8305.5 0
8306.5 0
8307.5 0
8308.5 1
8309.5 -1.28571
8310.5 0
8311.5 0
8312.5 1
8313.5 1
8314.5 0
8315.5 0
8316.5 1
8317.5 0
8318.5 0
8319.5 0
8320.5 0
8321.5 0
8322.5 0
8323.5 0
8324.5 0
8325.5 0
8326.5 0
8327.5 1
8328.5 0
8329.5 1
8330.5 0
8331.5 0
8332.5 2
8333.5 0
8334.5 -0.642857
8335.5 2
8336.5 0
8337.5 0
8338.5 0.357143
8339.5 0
8340.5 0
8341.5 0
8342.5 1
8343.5 0
8344.5 0
8345.5 0
8346.5 3
8347.5 0
8348.5 -0.642857
8349.5 0
8350.5 1
8351.5 0
8352.5 0
8353.5 0
8354.5 0
8355.5 -0.642857
8356.5 1
8357.5 -0.642857
8358.5 -0.642857
8359.5 0
8360.5 0
8361.5 0
8362.5 0
8363.5 1
8364.5 0
8365.5 0
8366.5 0
8367.5 0
8368.5 0
8369.5 -0.642857
8370.5 1
8371.5 -0.642857
8372.5 0
8373.5 0
8374.5 1
8375.5 -1.28571
8376.5 -0.642857
8377.5 -0.642857
8378.5 1
8379.5 0
8380.5 -0.642857
8381.5 1
8382.5 0
8383.5 0
8384.5 0.357143
8385.5 1
8386.5 0
8387.5 0
8388.5 1
8389.5 0
8390.5 -0.642857
8391.5 1
8392.5 0
8393.5 0
8394.5 0
8395.5 -0.642857
8396.5 1
8397.5 0
8398.5 0
8399.5 0
8400.5 1
8401.5 0
8402.5 0
8403.5 0
8404.5 1
8405.5 0
8406.5 0
8407.5 0
8408.5 2
8409.5 0
8410.5 0
8411.5 0
8412.5 0
8413.5 -0.642857
8414.5 -0.642857
8415.5 0
8416.5 -0.642857
8417.5 0
8418.5 0
8419.5 0
8420.5 0
8421.5 1
8422.5 1
8423.5 1
8424.5 0
8425.5 0
8426.5 1
8427.5 0
8428.5 -0.642857
8429.5 1
8430.5 0
8431.5 0
8432.5 -0.642857
8433.5 1
8434.5 -0.642857
8435.5 -0.642857
8436.5 0
8437.5 0
8438.5 0
8439.5 0
8440.5 0
8441.5 0
8442.5 0
8443.5 -0.642857
8444.5 1
8445.5 0
8446.5 1
8447.5 1
8448.5 0
8449.5 0
8450.5 0
8451.5 0
8452.5 -1.28571
8453.5 0
8454.5 1
8455.5 -0.642857
8456.5 0
8457.5 0
8458.5 0
8459.5 -0.642857
8460.5 0
8461.5 1.35714
8462.5 1
8463.5 0
8464.5 0.357143
8465.5 1
8466.5 0
8467.5 0
8468.5 0
8469.5 0
8470.5 0
8471.5 -0.642857
8472.5 0.357143
8473.5 1
8474.5 0
8475.5 0
8476.5 -0.642857
8477.5 1
8478.5 -0.642857
8479.5 0
8480.5 0
8481.5 0
8482.5 -0.642857
8483.5 0
8484.5 0
8485.5 1
8486.5 -0.642857
8487.5 -0.642857
8488.5 0
8489.5 -0.642857
8490.5 0
8491.5 0
8492.5 0
8493.5 0
8494.5 1
8495.5 -0.642857
8496.5 0
8497.5 1
8498.5 0
8499.5 0
8500.5 -1.92857
8501.5 -0.642857
8502.5 0
8503.5 0
8504.5 -0.642857
8505.5 1
8506.5 0
8507.5 0
8508.5 0
8509.5 0
8510.5 0
8511.5 0
8512.5 0
8513.5 0
8514.5 0
8515.5 0
8516.5 1
8517.5 0
8518.5 1
8519.5 0
8520.5 -0.642857
8521.5 0
8522.5 -0.642857
8523.5 0
8524.5 0
8525.5 1
8526.5 1
8527.5 0
8528.5 -0.642857
8529.5 1
8530.5 0
8531.5 0.357143
8532.5 0.357143
8533.5 1
8534.5 0
8535.5 1
8536.5 0
8537.5 0
8538.5 0
8539.5 0.714286
8540.5 1
8541.5 0
8542.5 0
8543.5 0
8544.5 0
8545.5 0
8546.5 0.357143
8547.5 -0.642857
8548.5 1
8549.5 1
8550.5 0
8551.5 -0.642857
8552.5 1
8553.5 0
8554.5 0
8555.5 0
8556.5 -0.642857
8557.5 0
8558.5 -0.642857
8559.5 0
8560.5 0
8561.5 -0.285714
8562.5 0
8563.5 -0.928571
8564.5 0
8565.5 0
8566.5 0.357143
8567.5 0
8568.5 0
8569.5 -0.642857
8570.5 0
8571.5 0
8572.5 -0.642857
8573.5 1
8574.5 0
8575.5 0
8576.5 0
8577.5 -0.642857
8578.5 0
8579.5 0
8580.5 0
8581.5 0
8582.5 1
8583.5 0
8584.5 0
8585.5 0
8586.5 0
8587.5 0
8588.5 0
8589.5 -0.642857
8590.5 0
8591.5 0
8592.5 -0.642857
8593.5 0
8594.5 0
8595.5 0
8596.5 0
8597.5 0
8598.5 0
8599.5 1
8600.5 -0.642857
8601.5 0
8602.5 0
8603.5 2
8604.5 0
8605.5 0
8606.5 0
8607.5 0
8608.5 0
8609.5 -0.642857
8610.5 0
8611.5 1
8612.5 0
8613.5 0
8614.5 0
8615.5 0
8616.5 0
8617.5 -0.642857
8618.5 0
8619.5 0
8620.5 -0.642857
8621.5 -0.642857
8622.5 0
8623.5 1
8624.5 0
8625.5 0
8626.5 0
8627.5 1
8628.5 1
8629.5 -0.642857
8630.5 0
8631.5 0
8632.5 0
8633.5 0
8634.5 1
8635.5 0
8636.5 1
8637.5 0
8638.5 -0.642857
8639.5 1
8640.5 0
8641.5 1
8642.5 2
8643.5 -0.642857
8644.5 0
8645.5 0
8646.5 0
8647.5 2
8648.5 0
8649.5 0
8650.5 0
8651.5 -0.642857
8652.5 0
8653.5 0
8654.5 0
8655.5 1
8656.5 0
8657.5 0
8658.5 0
8659.5 0
8660.5 1
8661.5 0
8662.5 0
8663.5 0
8664.5 0
8665.5 1
8666.5 0
8667.5 0
8668.5 1
8669.5 0
8670.5 0
8671.5 0
8672.5 0
8673.5 0
8674.5 0
8675.5 0
8676.5 0
8677.5 -0.642857
8678.5 0
8679.5 0
8680.5 0
8681.5 0
8682.5 0
8683.5 0
8684.5 -0.642857
8685.5 0
8686.5 1
8687.5 0
8688.5 -0.642857
8689.5 0.357143
8690.5 0
8691.5 0
8692.5 0
8693.5 0
8694.5 0
8695.5 0
8696.5 0
8697.5 -0.642857
8698.5 1
8699.5 0
8700.5 0
8701.5 0
8702.5 0
8703.5 0
8704.5 0
8705.5 0
8706.5 1
8707.5 1
8708.5 2.35714
8709.5 -0.642857
8710.5 1
8711.5 1
8712.5 -0.642857
8713.5 0
8714.5 0
8715.5 0
8716.5 -0.642857
8717.5 -0.642857
8718.5 0
8719.5 0
8720.5 0
8721.5 0
8722.5 0.357143
8723.5 0
8724.5 0.357143
8725.5 0
8726.5 0
8727.5 1
8728.5 0
8729.5 0
8730.5 0
8731.5 0
8732.5 0.357143
8733.5 0
8734.5 0
8735.5 0
8736.5 0.357143
8737.5 1
8738.5 0
8739.5 1
8740.5 0
8741.5 0
8742.5 -0.642857
8743.5 0
8744.5 0
8745.5 0
8746.5 0
8747.5 -0.642857
8748.5 0
8749.5 0
8750.5 1
8751.5 0
8752.5 -0.642857
8753.5 0
8754.5 0
8755.5 0
8756.5 0
8757.5 0
8758.5 0
8759.5 0
8760.5 -1.28571
8761.5 -0.642857
8762.5 0
8763.5 -0.642857
8764.5 0
8765.5 1
8766.5 0
8767.5 -0.642857
8768.5 1
8769.5 0
8770.5 0
8771.5 0
8772.5 0
8773.5 1
8774.5 0
8775.5 0
8776.5 1
8777.5 0
8778.5 0
8779.5 0
8780.5 0
8781.5 0
8782.5 0
8783.5 1
8784.5 1
8785.5 0
8786.5 0
8787.5 -0.642857
8788.5 -0.642857
8789.5 0
8790.5 0
8791.5 0
8792.5 1
8793.5 1
8794.5 1
8795.5 1
8796.5 0
8797.5 0
8798.5 0.357143
8799.5 0
8800.5 -0.642857
8801.5 0
8802.5 0
8803.5 -0.642857
8804.5 0
8805.5 0
8806.5 0
8807.5 0
8808.5 0.357143
8809.5 0
8810.5 1
8811.5 0
8812.5 0
8813.5 1
8814.5 1
8815.5 1
8816.5 0
8817.5 0
8818.5 -0.642857
8819.5 0
8820.5 -0.642857
8821.5 -1.28571
8822.5 -0.642857
8823.5 0
8824.5 0
8825.5 0
8826.5 0
8827.5 0
8828.5 0
8829.5 0
8830.5 1
8831.5 1
8832.5 1
8833.5 0
8834.5 0
8835.5 0
8836.5 1
8837.5 1
8838.5 0
8839.5 1
8840.5 0
8841.5 0
8842.5 0
8843.5 0
8844.5 1
8845.5 -0.642857
8846.5 2
8847.5 -0.642857
8848.5 0.357143
8849.5 0
8850.5 2
8851.5 0
8852.5 -1.92857
8853.5 0.357143
8854.5 0
8855.5 0
8856.5 0
8857.5 2
8858.5 0
8859.5 0
8860.5 -0.642857
8861.5 0
8862.5 0
8863.5 0
8864.5 0
8865.5 0
8866.5 -0.642857
8867.5 0
8868.5 0
8869.5 0.357143
8870.5 0
8871.5 -0.642857
8872.5 0
8873.5 0
8874.5 0.357143
8875.5 0
8876.5 0
8877.5 1
8878.5 0
8879.5 -0.642857
8880.5 0
8881.5 0
8882.5 -0.642857
8883.5 0
8884.5 0
8885.5 0
8886.5 -0.642857
8887.5 0
8888.5 0
8889.5 0
8890.5 0
8891.5 0
8892.5 0
8893.5 0
8894.5 0
8895.5 0
8896.5 0
8897.5 0
8898.5 0
8899.5 0
8900.5 0
8901.5 0
8902.5 0
8903.5 0
8904.5 -0.285714
8905.5 0
8906.5 0
8907.5 0
8908.5 -0.642857
8909.5 0
8910.5 -0.642857
8911.5 -1.28571
8912.5 0
8913.5 0
8914.5 0
8915.5 1
8916.5 -0.642857
8917.5 0
8918.5 0
8919.5 0
8920.5 -1.28571
8921.5 -0.642857
8922.5 0
8923.5 0
8924.5 0
8925.5 0
8926.5 0
8927.5 0
8928.5 0
8929.5 0
8930.5 0
8931.5 1
8932.5 0
8933.5 -0.642857
8934.5 0.357143
8935.5 -0.642857
8936.5 0
8937.5 0
8938.5 0
8939.5 -0.642857
8940.5 0
8941.5 0
8942.5 1
8943.5 0
8944.5 0
8945.5 0
8946.5 -1.28571
8947.5 0
8948.5 0
8949.5 0
8950.5 0
8951.5 0
8952.5 -0.642857
8953.5 0
8954.5 0
8955.5 0
8956.5 0
8957.5 0
8958.5 0
8959.5 0
8960.5 0
8961.5 0
8962.5 0
8963.5 0
8964.5 1
8965.5 0.357143
8966.5 0
8967.5 0
8968.5 -0.642857
8969.5 0
8970.5 0
8971.5 0.357143
8972.5 0
8973.5 0
8974.5 0
8975.5 0
8976.5 1
8977.5 0
8978.5 0
8979.5 0
8980.5 0
8981.5 0
8982.5 0
8983.5 1
8984.5 -0.642857
8985.5 1
8986.5 0
8987.5 0
8988.5 -0.642857
8989.5 0
8990.5 0
8991.5 -0.642857
8992.5 0
8993.5 0
8994.5 1
8995.5 0
8996.5 0.357143
8997.5 -0.642857
8998.5 -0.642857
8999.5 0
9000.5 0
9001.5 0
9002.5 0
9003.5 1
9004.5 0
9005.5 0
9006.5 0
9007.5 0
9008.5 0
9009.5 -0.642857
9010.5 0
9011.5 0
9012.5 0
9013.5 1
9014.5 0
9015.5 0
9016.5 1
9017.5 1
9018.5 0
9019.5 -0.642857
9020.5 -0.642857
9021.5 0
9022.5 0
9023.5 0
9024.5 -0.642857
9025.5 0
9026.5 2
9027.5 0
9028.5 0
9029.5 0
9030.5 0
9031.5 0
9032.5 0
9033.5 0
9034.5 0
9035.5 1
9036.5 -0.642857
9037.5 0
9038.5 0
9039.5 0
9040.5 0
9041.5 0
9042.5 0
9043.5 0
9044.5 0
9045.5 0
9046.5 1
9047.5 0
9048.5 0
9049.5 1
9050.5 0
9051.5 1
9052.5 0
9053.5 0
9054.5 0
9055.5 0
9056.5 0
9057.5 0
9058.5 0
9059.5 0.357143
9060.5 -0.642857
9061.5 -0.642857
9062.5 0
9063.5 0
9064.5 0
9065.5 0
9066.5 0
9067.5 0
9068.5 0
9069.5 0
9070.5 0
9071.5 0
9072.5 0
9073.5 0
9074.5 0
9075.5 0
9076.5 0
9077.5 0
9078.5 -0.642857
9079.5 -0.642857
9080.5 0
9081.5 0
9082.5 -1.28571
9083.5 1
9084.5 0
9085.5 0
9086.5 0
9087.5 0
9088.5 0
9089.5 0
9090.5 0
9091.5 -0.642857
9092.5 0
9093.5 0
9094.5 2
9095.5 0
9096.5 0
9097.5 -0.642857
9098.5 0
9099.5 0
9100.5 0
9101.5 -0.642857
9102.5 1
9103.5 0
9104.5 0
9105.5 0
9106.5 0
9107.5 0
9108.5 0
9109.5 0
9110.5 0
9111.5 0
9112.5 0
9113.5 0
9114.5 0
9115.5 0
9116.5 0
9117.5 -0.642857
9118.5 0
9119.5 0
9120.5 0
9121.5 -0.642857
9122.5 0.357143
9123.5 0
9124.5 0
9125.5 0
9126.5 1
9127.5 0
9128.5 0
9129.5 1
9130.5 0
9131.5 1
9132.5 0
9133.5 0
9134.5 0
9135.5 1
9136.5 0
9137.5 0
9138.5 0
9139.5 1
9140.5 0
9141.5 0
9142.5 0
9143.5 0
9144.5 1
9145.5 0
9146.5 -0.642857
9147.5 0
9148.5 -0.642857
9149.5 0.357143
9150.5 0
9151.5 0
9152.5 -0.642857
9153.5 -0.642857
9154.5 1
9155.5 0
9156.5 0
9157.5 0
9158.5 0
9159.5 -0.642857
9160.5 0
9161.5 0
9162.5 0
9163.5 -0.642857
9164.5 1
9165.5 0
9166.5 0
9167.5 0
9168.5 0
9169.5 0
9170.5 0
9171.5 1
9172.5 0
9173.5 0
9174.5 0
9175.5 0
9176.5 0
9177.5 0
9178.5 0
9179.5 0
9180.5 1
9181.5 0
9182.5 0
9183.5 -1.28571
9184.5 1
9185.5 0
9186.5 0
9187.5 0
9188.5 0
9189.5 0
9190.5 -0.642857
9191.5 0
9192.5 0
9193.5 0
9194.5 0
9195.5 0
9196.5 0
9197.5 0
9198.5 0
9199.5 0
9200.5 0
9201.5 0
9202.5 1
9203.5 0
9204.5 0
9205.5 0
9206.5 0
9207.5 0
9208.5 0
9209.5 0
9210.5 0
9211.5 1
9212.5 1
9213.5 0
9214.5 -0.642857
9215.5 0
9216.5 1
9217.5 0
9218.5 0
9219.5 0
9220.5 0
9221.5 0
9222.5 0
9223.5 0
9224.5 0
9225.5 0
9226.5 0
9227.5 0
9228.5 0
9229.5 0
9230.5 1
9231.5 0
9232.5 -0.642857
9233.5 0
9234.5 0
9235.5 0
9236.5 0
9237.5 0
9238.5 0
9239.5 0
9240.5 0
9241.5 -0.642857
9242.5 1
9243.5 0
9244.5 1
9245.5 0
9246.5 0
9247.5 0
9248.5 0
9249.5 0
9250.5 0
9251.5 0
9252.5 0
9253.5 0
9254.5 1
9255.5 0
9256.5 0
9257.5 0
9258.5 0
9259.5 0
9260.5 0
9261.5 0
9262.5 0
9263.5 0
9264.5 0
9265.5 0
9266.5 0
9267.5 0
9268.5 0
9269.5 -0.642857
9270.5 -0.642857
9271.5 0
9272.5 0
9273.5 0
9274.5 0
9275.5 0
9276.5 0
9277.5 0
9278.5 1
9279.5 0
9280.5 1
9281.5 0
9282.5 0
9283.5 -0.642857
9284.5 0
9285.5 0
9286.5 0
9287.5 0
9288.5 0
9289.5 1
9290.5 0
9291.5 0
9292.5 0
9293.5 0
9294.5 1
9295.5 1
9296.5 0
9297.5 0
9298.5 0.357143
9299.5 -0.642857
9300.5 0
9301.5 0
9302.5 0
9303.5 0
9304.5 0
9305.5 1
9306.5 1
9307.5 0
9308.5 0
9309.5 0
9310.5 0
9311.5 -0.642857
9312.5 0
9313.5 0
9314.5 0
9315.5 0
9316.5 0
9317.5 0
9318.5 0
9319.5 0
9320.5 0
9321.5 0
9322.5 0
9323.5 -0.642857
9324.5 -0.642857
9325.5 0
9326.5 -1.28571
9327.5 0
9328.5 0
9329.5 1.35714
9330.5 0
9331.5 0
9332.5 2
9333.5 0
9334.5 -0.642857
9335.5 0
9336.5 1
9337.5 0
9338.5 0
9339.5 0
9340.5 0
9341.5 1
9342.5 -0.642857
9343.5 0
9344.5 0
9345.5 -0.642857
9346.5 1
9347.5 0
9348.5 0
9349.5 0
9350.5 0
9351.5 0
9352.5 -0.642857
9353.5 0
9354.5 0
9355.5 0
9356.5 0
9357.5 0
9358.5 0
9359.5 -0.642857
9360.5 0
9361.5 0
9362.5 0
9363.5 0
9364.5 0
9365.5 0
9366.5 0
9367.5 0
9368.5 0
9369.5 0
9370.5 0
9371.5 -1.28571
9372.5 0
9373.5 0
9374.5 0
9375.5 0
9376.5 0
9377.5 0
9378.5 0
9379.5 0
9380.5 0
9381.5 0
9382.5 0
9383.5 1
9384.5 -0.642857
9385.5 0.357143
9386.5 0
9387.5 0
9388.5 -0.642857
9389.5 0
9390.5 0
9391.5 0
9392.5 0
9393.5 0
9394.5 1
9395.5 0
9396.5 0
9397.5 1
9398.5 -0.642857
9399.5 0
9400.5 -0.642857
9401.5 0
9402.5 0
9403.5 0
9404.5 0
9405.5 0
9406.5 -1.28571
9407.5 0
9408.5 0
9409.5 0
9410.5 1
9411.5 0
9412.5 0
9413.5 0
9414.5 0
9415.5 0
9416.5 0
9417.5 0
9418.5 0
9419.5 0
9420.5 0
9421.5 0
9422.5 -0.642857
9423.5 1
9424.5 0
9425.5 -0.642857
9426.5 0
9427.5 0
9428.5 1
9429.5 0
9430.5 0
9431.5 0
9432.5 0.357143
9433.5 1
9434.5 0
9435.5 0
9436.5 1
9437.5 0
9438.5 0
9439.5 0
9440.5 0
9441.5 0
9442.5 0
9443.5 -0.642857
9444.5 -0.642857
9445.5 -0.642857
9446.5 0
9447.5 0
9448.5 0
9449.5 0
9450.5 0
9451.5 -0.642857
9452.5 -0.642857
9453.5 0
9454.5 0
9455.5 1
9456.5 0
9457.5 0
9458.5 -0.642857
9459.5 0
9460.5 0
9461.5 -0.642857
9462.5 0
9463.5 1
9464.5 1
9465.5 0
9466.5 0
9467.5 1
9468.5 0
9469.5 -0.642857
9470.5 0
9471.5 0
9472.5 0
9473.5 0
9474.5 0
9475.5 0
9476.5 0
9477.5 0
9478.5 0
9479.5 0
9480.5 0
9481.5 1
9482.5 -0.642857
9483.5 0
9484.5 0
9485.5 0
9486.5 0
9487.5 0
9488.5 0
9489.5 0
9490.5 -0.642857
9491.5 1
9492.5 0
9493.5 1
9494.5 0
9495.5 -1.28571
9496.5 -0.642857
9497.5 0
9498.5 1
9499.5 0
9500.5 0
9501.5 -0.642857
9502.5 1
9503.5 0
9504.5 0
9505.5 0
9506.5 0
9507.5 0
9508.5 0
9509.5 0
9510.5 1
9511.5 0
9512.5 -0.642857
9513.5 0
9514.5 0
9515.5 0
9516.5 0
9517.5 0
9518.5 0
9519.5 0
9520.5 0
9521.5 0
9522.5 -0.642857
9523.5 0
9524.5 0
9525.5 0
9526.5 0
9527.5 0
9528.5 -0.642857
9529.5 0
9530.5 0
9531.5 0
9532.5 0
9533.5 0
9534.5 0
9535.5 1
9536.5 0
9537.5 0
9538.5 0
9539.5 0
9540.5 -0.642857
9541.5 0
9542.5 1
9543.5 0
9544.5 0
9545.5 0
9546.5 -0.642857
9547.5 0
9548.5 0
9549.5 1
9550.5 0
9551.5 0
9552.5 1
9553.5 0
9554.5 0
9555.5 0
9556.5 0
9557.5 0
9558.5 0
9559.5 0
9560.5 0
9561.5 0
9562.5 0
9563.5 0
9564.5 0
9565.5 0
9566.5 0
9567.5 0
9568.5 0
9569.5 0
9570.5 0
9571.5 0
9572.5 0
9573.5 0
9574.5 0
9575.5 0
9576.5 0
9577.5 -0.642857
9578.5 0
9579.5 0
9580.5 -0.642857
9581.5 0
9582.5 0
9583.5 0
9584.5 0
9585.5 0
9586.5 0
9587.5 0
9588.5 0
9589.5 0
9590.5 -0.642857
9591.5 0
9592.5 0
9593.5 0
9594.5 0
9595.5 0
9596.5 0
9597.5 0
9598.5 0
9599.5 0
9600.5 0
9601.5 0
9602.5 1
9603.5 0
9604.5 0
9605.5 0
9606.5 0
9607.5 0
9608.5 0
9609.5 1
9610.5 1
9611.5 0
9612.5 0
9613.5 0
9614.5 0
9615.5 0
9616.5 0
9617.5 0
9618.5 0
9619.5 0
9620.5 0
9621.5 0
9622.5 0
9623.5 0
9624.5 0
9625.5 0
9626.5 0
9627.5 0
9628.5 0
9629.5 0
9630.5 0
9631.5 0
9632.5 0
9633.5 0
9634.5 0
9635.5 0
9636.5 0
9637.5 0
9638.5 0
9639.5 0
9640.5 0
9641.5 0
9642.5 0
9643.5 1
9644.5 0
9645.5 1
9646.5 0
9647.5 0
9648.5 0
9649.5 -0.642857
9650.5 0
9651.5 1
9652.5 0
9653.5 0
9654.5 0
9655.5 0
9656.5 0
9657.5 -0.642857
9658.5 -0.642857
9659.5 -0.642857
9660.5 0
9661.5 0
9662.5 0
9663.5 1
9664.5 0
9665.5 0
9666.5 0
9667.5 0
9668.5 0
9669.5 0
9670.5 0
9671.5 0
9672.5 0
9673.5 0
9674.5 0
9675.5 1
9676.5 1
9677.5 0
9678.5 0
9679.5 0
9680.5 -0.642857
9681.5 0
9682.5 0
9683.5 0
9684.5 0
9685.5 0
9686.5 0
9687.5 0
9688.5 0
9689.5 0
9690.5 0
9691.5 0
9692.5 0
9693.5 0
9694.5 0
9695.5 0
9696.5 0
9697.5 -0.642857
9698.5 0
9699.5 0
9700.5 0
9701.5 0
9702.5 0
9703.5 0
9704.5 0
9705.5 0
9706.5 0
9707.5 0
9708.5 0
9709.5 0
9710.5 0
9711.5 0
9712.5 0
9713.5 0
9714.5 -0.642857
9715.5 0
9716.5 -0.642857
9717.5 0
9718.5 -0.642857
9719.5 1
9720.5 0
9721.5 0
9722.5 0
9723.5 -0.642857
9724.5 -0.642857
9725.5 0
9726.5 0
9727.5 0
9728.5 0
9729.5 0
9730.5 0
9731.5 0
9732.5 0
9733.5 0
9734.5 0
9735.5 -0.642857
9736.5 0
9737.5 -0.642857
9738.5 0
9739.5 0
9740.5 0
9741.5 0
9742.5 0
9743.5 0
9744.5 0
9745.5 0
9746.5 0
9747.5 0
9748.5 0
9749.5 0
9750.5 0
9751.5 0
9752.5 0
9753.5 0
9754.5 0
9755.5 0
9756.5 0
9757.5 0
9758.5 0
9759.5 0
9760.5 0
9761.5 0
9762.5 0
9763.5 0
9764.5 0
9765.5 -0.642857
9766.5 0
9767.5 0
9768.5 0
9769.5 0
9770.5 0
9771.5 0
9772.5 0
9773.5 0
9774.5 0
9775.5 0
9776.5 0
9777.5 0
9778.5 -0.642857
9779.5 0
9780.5 0
9781.5 1
9782.5 0
9783.5 0
9784.5 1
9785.5 0
9786.5 0
9787.5 0
9788.5 0
9789.5 0
9790.5 -0.642857
9791.5 0
9792.5 0
9793.5 0
9794.5 0
9795.5 -0.642857
9796.5 0
9797.5 0
9798.5 0
9799.5 0
9800.5 -0.642857
9801.5 0
9802.5 0
9803.5 0
9804.5 0
9805.5 1
9806.5 0
9807.5 0
9808.5 0
9809.5 0
9810.5 0
9811.5 0
9812.5 0
9813.5 0
9814.5 0
9815.5 0
9816.5 0
9817.5 0
9818.5 -0.642857
9819.5 0
9820.5 0
9821.5 0
9822.5 0
9823.5 0
9824.5 0
9825.5 0
9826.5 0
9827.5 0
9828.5 0
9829.5 0
9830.5 0
9831.5 0
9832.5 0
9833.5 0
9834.5 0
9835.5 0
9836.5 0
9837.5 0
9838.5 0
9839.5 0
9840.5 0
9841.5 0
9842.5 0
9843.5 0
9844.5 0
9845.5 0
9846.5 0
9847.5 0
9848.5 0
9849.5 0
9850.5 0
9851.5 0
9852.5 0
9853.5 0
9854.5 0
9855.5 1
9856.5 -0.642857
9857.5 0
9858.5 1
9859.5 0
9860.5 0
9861.5 0
9862.5 0
9863.5 0
9864.5 0
9865.5 0
9866.5 0
9867.5 0
9868.5 0
9869.5 0
9870.5 0
9871.5 0
9872.5 0
9873.5 0
9874.5 -0.642857
9875.5 0
9876.5 0
9877.5 0
9878.5 0
9879.5 0
9880.5 0
9881.5 0
9882.5 0
9883.5 0
9884.5 0
9885.5 0
9886.5 0
9887.5 0
9888.5 0
9889.5 -1.28571
9890.5 0
9891.5 0
9892.5 0
9893.5 0
9894.5 0
9895.5 0
9896.5 0
9897.5 0
9898.5 0
9899.5 0
9900.5 0
9901.5 0
9902.5 -0.642857
9903.5 0
9904.5 1
9905.5 0
9906.5 0
9907.5 0
9908.5 0
9909.5 0
9910.5 0
9911.5 0
9912.5 0
9913.5 0
9914.5 0
9915.5 0
9916.5 0
9917.5 0
9918.5 0
9919.5 0
9920.5 0
9921.5 0
9922.5 0
9923.5 0
9924.5 0
9925.5 1
9926.5 0
9927.5 0
9928.5 0
9929.5 0
9930.5 0
9931.5 0
9932.5 0
9933.5 0
9934.5 -0.642857
9935.5 0
9936.5 0
9937.5 0
9938.5 0
9939.5 0
9940.5 0
9941.5 0
9942.5 1
9943.5 0
9944.5 0
9945.5 0
9946.5 1
9947.5 0
9948.5 0
9949.5 0
9950.5 0
9951.5 0
9952.5 0
9953.5 0
9954.5 0
9955.5 0
9956.5 0
9957.5 0
9958.5 0
9959.5 1
9960.5 0
9961.5 0
9962.5 0
9963.5 0
9964.5 -0.642857
9965.5 -0.642857
9966.5 0
9967.5 0
9968.5 0
9969.5 0
9970.5 0
9971.5 0
9972.5 0
9973.5 0
9974.5 0
9975.5 1
9976.5 0
9977.5 0
9978.5 1
9979.5 0
9980.5 0
9981.5 0
9982.5 0
9983.5 0
9984.5 0
9985.5 0
9986.5 0
9987.5 1
9988.5 0
9989.5 0
9990.5 0
9991.5 0
9992.5 0
9993.5 0
9994.5 0
9995.5 0
9996.5 0
9997.5 0
9998.5 0
9999.5 1
10000.5 0
10001.5 0
10002.5 0
10003.5 0
10004.5 0
10005.5 0
10006.5 0
10007.5 0
10008.5 0
10009.5 0
10010.5 0
10011.5 0
10012.5 0
10013.5 0
10014.5 0
10015.5 0
10016.5 0
10017.5 0
10018.5 0
10019.5 0
10020.5 0
10021.5 -0.642857
10022.5 0
10023.5 0
10024.5 0
10025.5 0
10026.5 0
10027.5 0
10028.5 0
10029.5 0
10030.5 0
10031.5 0
10032.5 0
10033.5 0
10034.5 0
10035.5 0
10036.5 0
10037.5 0
10038.5 0
10039.5 0
10040.5 0
10041.5 0
10042.5 0
10043.5 1
10044.5 0
10045.5 0
10046.5 0
10047.5 0
10048.5 0
10049.5 0
10050.5 0
10051.5 0
10052.5 0
10053.5 0
10054.5 0
10055.5 0
10056.5 0
10057.5 0
10058.5 0
10059.5 0
10060.5 0
10061.5 0
10062.5 0
10063.5 0
10064.5 0
10065.5 0
10066.5 0
10067.5 0
10068.5 0
10069.5 0
10070.5 0
10071.5 0
10072.5 0
10073.5 0
10074.5 0
10075.5 0
10076.5 0
10077.5 0
10078.5 0
10079.5 0
10080.5 0
10081.5 0
10082.5 0
10083.5 1
10084.5 0
10085.5 0
10086.5 0
10087.5 0
10088.5 0
10089.5 0
10090.5 0
10091.5 0
10092.5 0
10093.5 0
10094.5 0
10095.5 0
10096.5 0
10097.5 0
10098.5 0
10099.5 0
10100.5 0
10101.5 0
10102.5 0
10103.5 0
10104.5 0
10105.5 0
10106.5 0
10107.5 0
10108.5 0
10109.5 0
10110.5 0
10111.5 0
10112.5 0
10113.5 0
10114.5 0
10115.5 0
10116.5 0
10117.5 0
10118.5 0
10119.5 -0.642857
10120.5 0
10121.5 0
10122.5 0
10123.5 0
10124.5 0
10125.5 0
10126.5 0
10127.5 0
10128.5 0
10129.5 0
10130.5 0
10131.5 0
10132.5 0
10133.5 0
10134.5 0
10135.5 0
10136.5 0
10137.5 0
10138.5 0
10139.5 0
10140.5 0
10141.5 -0.642857
10142.5 0
10143.5 0
10144.5 0
10145.5 1
10146.5 0
10147.5 0
10148.5 0
10149.5 0
10150.5 0
10151.5 0
10152.5 0
10153.5 0
10154.5 0
10155.5 0
10156.5 0
10157.5 0
10158.5 0
10159.5 0
10160.5 0
10161.5 0
10162.5 0
10163.5 0
10164.5 0
10165.5 0
10166.5 0
10167.5 0
10168.5 0
10169.5 0
10170.5 0
10171.5 0
10172.5 0
10173.5 0
10174.5 0
10175.5 0
10176.5 0
10177.5 0
10178.5 0
10179.5 0
10180.5 0
10181.5 1
10182.5 0
10183.5 0
10184.5 0
10185.5 0
10186.5 0
10187.5 0
10188.5 0
10189.5 0
10190.5 0
10191.5 0
10192.5 0
10193.5 0
10194.5 0
10195.5 0
10196.5 0
10197.5 0
10198.5 0
10199.5 0
10200.5 0
10201.5 0
10202.5 0
10203.5 -0.642857
10204.5 0
10205.5 0
10206.5 0
10207.5 0
10208.5 0
10209.5 0
10210.5 1
10211.5 0
10212.5 0
10213.5 0
10214.5 0
10215.5 0
10216.5 0
10217.5 0
10218.5 0
10219.5 0
10220.5 0
10221.5 0
10222.5 0
10223.5 0
10224.5 0
10225.5 0
10226.5 0
10227.5 0
10228.5 0
10229.5 0
10230.5 1
10231.5 0
10232.5 0
10233.5 0
10234.5 0
10235.5 -0.642857
10236.5 0
10237.5 0
10238.5 0
10239.5 0
10240.5 0
10241.5 0
10242.5 0
10243.5 0
10244.5 0
10245.5 0
10246.5 0
10247.5 0
10248.5 0
10249.5 0
10250.5 0
10251.5 0
10252.5 0
10253.5 0
10254.5 0
10255.5 0
10256.5 0
10257.5 0
10258.5 0
10259.5 0
10260.5 0
10261.5 0
10262.5 0
10263.5 0
10264.5 0
10265.5 0
10266.5 0
10267.5 0
10268.5 0
10269.5 0
10270.5 0
10271.5 0
10272.5 0
10273.5 0
10274.5 0
10275.5 0
10276.5 0
10277.5 0
10278.5 0
10279.5 0
10280.5 0
10281.5 0
10282.5 0
10283.5 0
10284.5 0
10285.5 0
10286.5 0
10287.5 1
10288.5 0
10289.5 0
10290.5 0
10291.5 0
10292.5 0
10293.5 0
10294.5 0
10295.5 1
10296.5 0
10297.5 0
10298.5 0
10299.5 0
10300.5 0
10301.5 -0.642857
10302.5 0
10303.5 0
10304.5 0
10305.5 0
10306.5 0
10307.5 0
10308.5 0
10309.5 0
10310.5 0
10311.5 0
10312.5 0
10313.5 0
10314.5 0
10315.5 0
10316.5 0
10317.5 0
10318.5 0
10319.5 0
10320.5 0
10321.5 0
10322.5 0
10323.5 0
10324.5 0
10325.5 0
10326.5 0
10327.5 0
10328.5 0
10329.5 0
10330.5 0
10331.5 0
10332.5 0
10333.5 0
10334.5 0
10335.5 0
10336.5 0
10337.5 0
10338.5 0
10339.5 0
10340.5 0
10341.5 0
10342.5 0
10343.5 0
10344.5 -0.642857
10345.5 0
10346.5 0
10347.5 0
10348.5 0
10349.5 0
10350.5 0
10351.5 0
10352.5 0
10353.5 0
10354.5 0
10355.5 0
10356.5 0
10357.5 0
10358.5 0
10359.5 0
10360.5 0
10361.5 0
10362.5 0
10363.5 0
10364.5 0
10365.5 0
10366.5 -0.642857
10367.5 0
10368.5 0
10369.5 0
10370.5 0
10371.5 0
10372.5 0
10373.5 0
10374.5 0
10375.5 0
10376.5 0
10377.5 0
10378.5 0
10379.5 0
10380.5 0
10381.5 0
10382.5 0
10383.5 0
10384.5 0
10385.5 1
10386.5 0
10387.5 -0.642857
10388.5 0
10389.5 0
10390.5 0
10391.5 0
10392.5 0
10393.5 -0.642857
10394.5 0
10395.5 0
10396.5 -0.642857
10397.5 0
10398.5 0
10399.5 0
10400.5 0
10401.5 0
10402.5 0
10403.5 0
10404.5 0
10405.5 0
10406.5 0
10407.5 0
10408.5 0
10409.5 0
10410.5 0
10411.5 0
10412.5 0
10413.5 0
10414.5 0
10415.5 0
10416.5 0
10417.5 0
10418.5 0
10419.5 0
10420.5 0
10421.5 0
10422.5 0
10423.5 0
10424.5 0
10425.5 0
10426.5 0
10427.5 0
10428.5 0
10429.5 0
10430.5 0
10431.5 0
10432.5 0
10433.5 0
10434.5 0
10435.5 0
10436.5 0
10437.5 0
10438.5 0
10439.5 0
10440.5 0
10441.5 0
10442.5 0
10443.5 0
10444.5 0
10445.5 0
10446.5 0
10447.5 0
10448.5 0
10449.5 0
10450.5 0
10451.5 0
10452.5 0
10453.5 0
10454.5 0
10455.5 0
10456.5 0
10457.5 0
10458.5 0
10459.5 0
10460.5 0
10461.5 0
10462.5 0
10463.5 0
10464.5 0
10465.5 0
10466.5 0
10467.5 0
10468.5 0
10469.5 0
10470.5 0
10471.5 0
10472.5 0
10473.5 0
10474.5 0
10475.5 0
10476.5 0
10477.5 0
10478.5 0
10479.5 0
10480.5 0
10481.5 0
10482.5 0
10483.5 0
10484.5 0
10485.5 0
10486.5 0
10487.5 0
10488.5 0
10489.5 0
10490.5 0
10491.5 0
10492.5 0
10493.5 0
10494.5 0
10495.5 0
10496.5 0
10497.5 0
10498.5 0
10499.5 0
10500.5 0
10501.5 0
10502.5 0
10503.5 0
10504.5 0
10505.5 0
10506.5 0
10507.5 0
10508.5 0
10509.5 0
10510.5 0
10511.5 0
10512.5 0
10513.5 0
10514.5 0
10515.5 0
10516.5 0
10517.5 0
10518.5 0
10519.5 0
10520.5 0
10521.5 0
10522.5 0
10523.5 0
10524.5 0
10525.5 0
10526.5 0
10527.5 0
10528.5 0
10529.5 0
10530.5 0
10531.5 0
10532.5 0
10533.5 0
10534.5 0
10535.5 0
10536.5 0
10537.5 0
10538.5 0
10539.5 0
10540.5 0
10541.5 0
10542.5 0
10543.5 0
10544.5 0
10545.5 0
10546.5 0
10547.5 0
10548.5 0
10549.5 0
10550.5 0
10551.5 0
10552.5 0
10553.5 0
10554.5 0
10555.5 0
10556.5 0
10557.5 0
10558.5 0
10559.5 0
10560.5 0
10561.5 0
10562.5 0
10563.5 0
10564.5 0
10565.5 0
10566.5 0
10567.5 0
10568.5 0
10569.5 0
10570.5 0
10571.5 0
10572.5 0
10573.5 0
10574.5 0
10575.5 1
10576.5 0
10577.5 0
10578.5 0
10579.5 0
10580.5 0
10581.5 0
10582.5 0
10583.5 0
10584.5 0
10585.5 0
10586.5 0
10587.5 0
10588.5 0
10589.5 0
10590.5 0
10591.5 0
10592.5 0
10593.5 0
10594.5 0
10595.5 0
10596.5 0
10597.5 0
10598.5 0
10599.5 0
10600.5 0
10601.5 0
10602.5 0
10603.5 0
10604.5 0
10605.5 0
10606.5 0
10607.5 0
10608.5 0
10609.5 1
10610.5 0
10611.5 0
10612.5 0
10613.5 0
10614.5 0
10615.5 0
10616.5 0
10617.5 0
10618.5 0
10619.5 0
10620.5 0
10621.5 0
10622.5 0
10623.5 0
10624.5 0
10625.5 0
10626.5 0
10627.5 0
10628.5 0
10629.5 0
10630.5 0
10631.5 0
10632.5 0
10633.5 0
10634.5 0
10635.5 0
10636.5 0
10637.5 0
10638.5 0
10639.5 0
10640.5 0
10641.5 0
10642.5 0
10643.5 0
10644.5 0
10645.5 0
10646.5 0
10647.5 0
10648.5 0
10649.5 0
10650.5 0
10651.5 0
10652.5 0
10653.5 0
10654.5 0
10655.5 0
10656.5 0
10657.5 0
10658.5 0
10659.5 0
10660.5 0
10661.5 0
10662.5 0
10663.5 0
10664.5 0
10665.5 0
10666.5 0
10667.5 0
10668.5 0
10669.5 0
10670.5 0
10671.5 0
10672.5 0
10673.5 0
10674.5 0
10675.5 0
10676.5 0
10677.5 0
10678.5 0
10679.5 0
10680.5 0
10681.5 0
10682.5 0
10683.5 0
10684.5 0
10685.5 1
10686.5 0
10687.5 0
10688.5 0
10689.5 0
10690.5 0
10691.5 0
10692.5 0
10693.5 1
10694.5 0
10695.5 0
10696.5 0
10697.5 0
10698.5 0
10699.5 0
10700.5 0
10701.5 0
10702.5 0
10703.5 0
10704.5 0
10705.5 0
10706.5 0
10707.5 0
10708.5 0
10709.5 0
10710.5 0
10711.5 0
10712.5 0
10713.5 0
10714.5 0
10715.5 0
10716.5 0
10717.5 0
10718.5 0
10719.5 0
10720.5 0
10721.5 0
10722.5 0
10723.5 0
10724.5 0
10725.5 0
10726.5 0
10727.5 1
10728.5 0
10729.5 0
10730.5 0
10731.5 0
10732.5 0
10733.5 0
10734.5 0
10735.5 0
10736.5 0
10737.5 0
10738.5 0
10739.5 0
10740.5 0
10741.5 0
10742.5 0
10743.5 0
10744.5 0
10745.5 0
10746.5 0
10747.5 0
10748.5 0
10749.5 0
10750.5 0
10751.5 0
10752.5 0
10753.5 0
10754.5 0
10755.5 0
10756.5 0
10757.5 0
10758.5 0
10759.5 0
10760.5 0
10761.5 0
10762.5 -0.642857
10763.5 0
10764.5 0
10765.5 0
10766.5 0
10767.5 0
10768.5 0
10769.5 0
10770.5 0
10771.5 0
10772.5 0
10773.5 0
10774.5 0
10775.5 0
10776.5 0
10777.5 0
10778.5 0
10779.5 0
10780.5 0
10781.5 0
10782.5 0
10783.5 0
10784.5 0
10785.5 0
10786.5 0
10787.5 0
10788.5 0
10789.5 0
10790.5 0
10791.5 0
10792.5 0
10793.5 0
10794.5 0
10795.5 0
10796.5 0
10797.5 0
10798.5 0
10799.5 0
10800.5 0
10801.5 0
10802.5 0
10803.5 0
10804.5 0
10805.5 0
10806.5 0
10807.5 0
10808.5 0
10809.5 0
10810.5 0
10811.5 0
10812.5 0
10813.5 0
10814.5 0
10815.5 0
10816.5 0
10817.5 0
10818.5 0
10819.5 0
10820.5 0
10821.5 0
10822.5 0
10823.5 0
10824.5 0
10825.5 0
10826.5 0
10827.5 0
10828.5 0
10829.5 0
10830.5 0
10831.5 0
10832.5 0
10833.5 0
10834.5 0
10835.5 0
10836.5 0
10837.5 0
10838.5 0
10839.5 0
10840.5 0
10841.5 0
10842.5 0
10843.5 0
10844.5 0
10845.5 0
10846.5 0
10847.5 0
10848.5 0
10849.5 0
10850.5 0
10851.5 0
10852.5 0
10853.5 0
10854.5 0
10855.5 0
10856.5 0
10857.5 0
10858.5 1
10859.5 0
10860.5 0
10861.5 0
10862.5 0
10863.5 0
10864.5 0
10865.5 0
10866.5 0
10867.5 0
10868.5 0
10869.5 0
10870.5 0
10871.5 0
10872.5 0
10873.5 0
10874.5 0
10875.5 0
10876.5 0
10877.5 0
10878.5 1
10879.5 0
10880.5 0
10881.5 0
10882.5 0
10883.5 0
10884.5 0
10885.5 0
10886.5 0
10887.5 0
10888.5 0
10889.5 0
10890.5 0
10891.5 0
10892.5 0
10893.5 0
10894.5 0
10895.5 0
10896.5 0
10897.5 0
10898.5 0
10899.5 0
10900.5 0
10901.5 0
10902.5 0
10903.5 0
10904.5 0
10905.5 0
10906.5 0
10907.5 0
10908.5 0
10909.5 0
10910.5 0
10911.5 0
10912.5 0
10913.5 0
10914.5 0
10915.5 0
10916.5 0
10917.5 0
10918.5 0
10919.5 0
10920.5 0
10921.5 0
10922.5 0
10923.5 0
10924.5 0
10925.5 0
10926.5 0
10927.5 0
10928.5 0
10929.5 0
10930.5 0
10931.5 0
10932.5 0
10933.5 0
10934.5 0
10935.5 0
10936.5 0
10937.5 0
10938.5 0
10939.5 0
10940.5 0
10941.5 0
10942.5 0
10943.5 0
10944.5 0
10945.5 0
10946.5 0
10947.5 0
10948.5 0
10949.5 0
10950.5 0
10951.5 0
10952.5 0
10953.5 0
10954.5 0
10955.5 0
10956.5 0
10957.5 0
10958.5 0
10959.5 0
10960.5 0
10961.5 0
10962.5 0
10963.5 0
10964.5 -0.642857
10965.5 0
10966.5 0
10967.5 0
10968.5 0
10969.5 0
10970.5 0
10971.5 0
10972.5 0
10973.5 0
10974.5 0
10975.5 0
10976.5 0
10977.5 0
10978.5 0
10979.5 0
10980.5 0
10981.5 0
10982.5 0
10983.5 0
10984.5 0
10985.5 0
10986.5 0
10987.5 0
10988.5 0
10989.5 0
10990.5 0
10991.5 0
10992.5 0
10993.5 0
10994.5 0
10995.5 0
10996.5 0
10997.5 0
10998.5 0
10999.5 0
11000.5 0
11001.5 0
11002.5 0
11003.5 0
11004.5 0
11005.5 0
11006.5 0
11007.5 0
11008.5 0
11009.5 0
11010.5 0
11011.5 0
11012.5 0
11013.5 0
11014.5 0
11015.5 0
11016.5 0
11017.5 0
11018.5 0
11019.5 0
11020.5 0
11021.5 0
11022.5 0
11023.5 0
11024.5 0
11025.5 0
11026.5 0
11027.5 0
11028.5 0
11029.5 0
11030.5 0
11031.5 0
11032.5 0
11033.5 0
11034.5 0
11035.5 0
11036.5 0
11037.5 0
11038.5 0
11039.5 0
11040.5 0
11041.5 0
11042.5 0
11043.5 0
11044.5 0
11045.5 0
11046.5 0
11047.5 0
11048.5 0
11049.5 0
11050.5 1
11051.5 0
11052.5 0
11053.5 0
11054.5 0
11055.5 1
11056.5 0
11057.5 0
11058.5 0
11059.5 0
11060.5 0
11061.5 0
11062.5 0
11063.5 0
11064.5 0
11065.5 0
11066.5 0
11067.5 0
11068.5 0
11069.5 0
11070.5 0
11071.5 0
11072.5 0
11073.5 0
11074.5 0
11075.5 0
11076.5 0
11077.5 0
11078.5 0
11079.5 0
11080.5 0
11081.5 0
11082.5 0
11083.5 0
11084.5 0
11085.5 0
11086.5 0
11087.5 0
11088.5 0
11089.5 0
11090.5 0
11091.5 0
11092.5 0
11093.5 0
11094.5 0
11095.5 0
11096.5 0
11097.5 0
11098.5 0
11099.5 0
11100.5 0
11101.5 0
11102.5 0
11103.5 0
11104.5 0
11105.5 0
11106.5 0
11107.5 0
11108.5 0
11109.5 0
11110.5 0
11111.5 0
11112.5 0
11113.5 0
11114.5 0
11115.5 0
11116.5 0
11117.5 0
11118.5 0
11119.5 0
11120.5 0
11121.5 0
11122.5 0
11123.5 0
11124.5 0
11125.5 0
11126.5 0
11127.5 0
11128.5 0
11129.5 0
11130.5 0
11131.5 0
11132.5 0
11133.5 0
11134.5 0
11135.5 0
11136.5 0
11137.5 0
11138.5 0
11139.5 0
11140.5 -0.642857
11141.5 0
11142.5 0
11143.5 0
11144.5 0
11145.5 0
11146.5 0
11147.5 0
11148.5 0
11149.5 0
11150.5 0
11151.5 0
11152.5 0
11153.5 0
11154.5 0
11155.5 0
11156.5 0
11157.5 0
11158.5 0
11159.5 0
11160.5 0
11161.5 0
11162.5 0
11163.5 0
11164.5 0
11165.5 0
11166.5 1
11167.5 0
11168.5 0
11169.5 0
11170.5 0
11171.5 0
11172.5 0
11173.5 0
11174.5 0
11175.5 0
11176.5 0
11177.5 0
11178.5 0
11179.5 0
11180.5 0
11181.5 0
11182.5 0
11183.5 0
11184.5 0
11185.5 0
11186.5 0
11187.5 0
11188.5 0
11189.5 0
11190.5 0
11191.5 0
11192.5 0
11193.5 0
11194.5 0
11195.5 1
11196.5 0
11197.5 0
11198.5 0
11199.5 0
11200.5 0
11201.5 0
11202.5 0
11203.5 0
11204.5 0
11205.5 0
11206.5 0
11207.5 0
11208.5 0
11209.5 0
11210.5 0
11211.5 0
11212.5 0
11213.5 0
11214.5 0
11215.5 0
11216.5 0
11217.5 0
11218.5 0
11219.5 0
11220.5 0
11221.5 0
11222.5 0
11223.5 0
11224.5 0
11225.5 0
11226.5 0
11227.5 0
11228.5 0
11229.5 0
11230.5 0
11231.5 0
11232.5 0
11233.5 0
11234.5 0
11235.5 0
11236.5 0
11237.5 0
11238.5 0
11239.5 0
11240.5 0
11241.5 0
11242.5 0
11243.5 0
11244.5 0
11245.5 0
11246.5 0
11247.5 0
11248.5 0
11249.5 0
11250.5 0
11251.5 0
11252.5 0
11253.5 0
11254.5 0
11255.5 0
11256.5 0
11257.5 0
11258.5 0
11259.5 0
11260.5 0
11261.5 0
11262.5 0
11263.5 0
11264.5 0
11265.5 0
11266.5 0
11267.5 0
11268.5 0
11269.5 0
11270.5 0
11271.5 0
11272.5 0
11273.5 0
11274.5 0
11275.5 0
11276.5 0
11277.5 0
11278.5 0
11279.5 0
11280.5 0
11281.5 0
11282.5 0
11283.5 0
11284.5 0
11285.5 0
11286.5 0
11287.5 0
11288.5 0
11289.5 0
11290.5 0
11291.5 0
11292.5 0
11293.5 0
11294.5 0
11295.5 0
11296.5 0
11297.5 0
11298.5 0
11299.5 0
11300.5 0
11301.5 0
11302.5 0
11303.5 0
11304.5 0
11305.5 0
11306.5 0
11307.5 0
11308.5 0
11309.5 -0.642857
11310.5 0
11311.5 0
11312.5 0
11313.5 0
11314.5 0
11315.5 0
11316.5 0
11317.5 0
11318.5 0
11319.5 0
11320.5 0
11321.5 0
11322.5 0
11323.5 1
11324.5 0
11325.5 0
11326.5 0
11327.5 0
11328.5 0
11329.5 0
11330.5 0
11331.5 0
11332.5 0
11333.5 0
11334.5 0
11335.5 0
11336.5 0
11337.5 0
11338.5 0
11339.5 0
11340.5 0
11341.5 0
11342.5 0
11343.5 0
11344.5 0
11345.5 0
11346.5 0
11347.5 0
11348.5 0
11349.5 0
11350.5 0
11351.5 0
11352.5 0
11353.5 0
11354.5 0
11355.5 0
11356.5 0
11357.5 0
11358.5 0
11359.5 0
11360.5 0
11361.5 0
11362.5 0
11363.5 0
11364.5 0
11365.5 0
11366.5 0
11367.5 0
11368.5 0
11369.5 0
11370.5 0
11371.5 0
11372.5 0
11373.5 0
11374.5 0
11375.5 0
11376.5 0
11377.5 0
11378.5 0
11379.5 0
11380.5 0
11381.5 0
11382.5 0
11383.5 0
11384.5 0
11385.5 0
11386.5 0
11387.5 0
11388.5 0
11389.5 0
11390.5 0
11391.5 0
11392.5 0
11393.5 0
11394.5 0
11395.5 0
11396.5 0
11397.5 0
11398.5 0
11399.5 0
11400.5 0
11401.5 0
11402.5 0
11403.5 0
11404.5 0
11405.5 0
11406.5 0
11407.5 0
11408.5 0
11409.5 0
11410.5 0
11411.5 0
11412.5 0
11413.5 0
11414.5 0
11415.5 0
11416.5 0
11417.5 0
11418.5 0
11419.5 0
11420.5 0
11421.5 0
11422.5 0
11423.5 0
11424.5 0
11425.5 0
11426.5 0
11427.5 0
11428.5 0
11429.5 0
11430.5 0
11431.5 0
11432.5 0
11433.5 0
11434.5 0
11435.5 0
11436.5 0
11437.5 0
11438.5 0
11439.5 0
11440.5 0
11441.5 0
11442.5 0
11443.5 0
11444.5 0
11445.5 0
11446.5 0
11447.5 0
11448.5 0
11449.5 0
11450.5 0
11451.5 0
11452.5 0
11453.5 0
11454.5 0
11455.5 0
11456.5 0
11457.5 0
11458.5 0
11459.5 0
11460.5 0
11461.5 0
11462.5 0
11463.5 0
11464.5 0
11465.5 0
11466.5 0
11467.5 0
11468.5 0
11469.5 0
11470.5 0
11471.5 0
11472.5 0
11473.5 0
11474.5 0
11475.5 0
11476.5 0
11477.5 0
11478.5 0
11479.5 0
11480.5 0
11481.5 0
11482.5 0
11483.5 0
11484.5 0
11485.5 0
11486.5 0
11487.5 0
11488.5 0
11489.5 0
11490.5 0
11491.5 0
11492.5 0
11493.5 0
11494.5 0
11495.5 0
11496.5 0
11497.5 0
11498.5 0
11499.5 0
11500.5 0
11501.5 0
11502.5 0
11503.5 0
11504.5 0
11505.5 0
11506.5 0
11507.5 0
11508.5 0
11509.5 0
11510.5 0
11511.5 0
11512.5 0
11513.5 0
11514.5 0
11515.5 0
11516.5 0
11517.5 0
11518.5 0
11519.5 0
11520.5 0
11521.5 0
11522.5 0
11523.5 0
11524.5 0
11525.5 0
11526.5 0
11527.5 0
11528.5 0
11529.5 0
11530.5 0
11531.5 0
11532.5 0
11533.5 0
11534.5 0
11535.5 0
11536.5 0
11537.5 0
11538.5 0
11539.5 0
11540.5 0
11541.5 0
11542.5 -0.642857
11543.5 0
11544.5 0
11545.5 0
11546.5 0
11547.5 0
11548.5 0
11549.5 0
11550.5 0
11551.5 0
11552.5 0
11553.5 0
11554.5 0
11555.5 0
11556.5 0
11557.5 -0.642857
11558.5 0
11559.5 0
11560.5 0
11561.5 0
11562.5 0
11563.5 0
11564.5 0
11565.5 0
11566.5 0
11567.5 0
11568.5 0
11569.5 0
11570.5 0
11571.5 0
11572.5 0
11573.5 0
11574.5 0
11575.5 0
11576.5 0
11577.5 0
11578.5 0
11579.5 0
11580.5 0
11581.5 0
11582.5 0
11583.5 0
11584.5 0
11585.5 0
11586.5 0
11587.5 0
11588.5 0
11589.5 0
11590.5 0
11591.5 0
11592.5 0
11593.5 0
11594.5 0
11595.5 0
11596.5 0
11597.5 0
11598.5 0
11599.5 0
11600.5 0
11601.5 0
11602.5 0
11603.5 0
11604.5 0
11605.5 0
11606.5 0
11607.5 0
11608.5 0
11609.5 0
11610.5 0
11611.5 0
11612.5 0
11613.5 0
11614.5 0
11615.5 0
11616.5 0
11617.5 0
11618.5 0
11619.5 0
11620.5 0
11621.5 0
11622.5 0
11623.5 0
11624.5 0
11625.5 0
11626.5 0
11627.5 0
11628.5 0
11629.5 0
11630.5 0
11631.5 0
11632.5 0
11633.5 0
11634.5 0
11635.5 0
11636.5 0
11637.5 0
11638.5 0
11639.5 0
11640.5 0
11641.5 0
11642.5 0
11643.5 0
11644.5 0
11645.5 0
11646.5 0
11647.5 0
11648.5 0
11649.5 0
11650.5 0
11651.5 0
11652.5 0
11653.5 0
11654.5 0
11655.5 0
11656.5 0
11657.5 0
11658.5 0
11659.5 0
11660.5 0
11661.5 0
11662.5 0
11663.5 0
11664.5 0
11665.5 0
11666.5 0
11667.5 0
11668.5 0
11669.5 0
11670.5 0
11671.5 0
11672.5 0
11673.5 0
11674.5 0
11675.5 0
11676.5 0
11677.5 0
11678.5 0
11679.5 0
11680.5 0
11681.5 0
11682.5 0
11683.5 0
11684.5 0
11685.5 0
11686.5 0
11687.5 0
11688.5 0
11689.5 0
11690.5 0
11691.5 0
11692.5 0
11693.5 0
11694.5 0
11695.5 0
11696.5 0
11697.5 0
11698.5 0
11699.5 0
11700.5 0
11701.5 0
11702.5 0
11703.5 0
11704.5 0
11705.5 0
11706.5 0
11707.5 0
11708.5 0
11709.5 0
11710.5 0
11711.5 0
11712.5 0
11713.5 0
11714.5 0
11715.5 0
11716.5 0
11717.5 0
11718.5 0
11719.5 0
11720.5 0
11721.5 0
11722.5 0
11723.5 0
11724.5 0
11725.5 0
11726.5 0
11727.5 0
11728.5 0
11729.5 0
11730.5 0
11731.5 0
11732.5 0
11733.5 0
11734.5 0
11735.5 0
11736.5 0
11737.5 0
11738.5 0
11739.5 0
11740.5 0
11741.5 0
11742.5 0
11743.5 0
11744.5 0
11745.5 0
11746.5 0
11747.5 0
11748.5 0
11749.5 0
11750.5 0
11751.5 0
11752.5 0
11753.5 0
11754.5 0
11755.5 0
11756.5 0
11757.5 0
11758.5 0
11759.5 0
11760.5 0
11761.5 0
11762.5 0
11763.5 0
11764.5 0
11765.5 0
11766.5 0
11767.5 0
11768.5 0
11769.5 0
11770.5 0
11771.5 0
11772.5 0
11773.5 0
11774.5 0
11775.5 0
11776.5 0
11777.5 0
11778.5 0
11779.5 0
11780.5 0
11781.5 0
11782.5 0
11783.5 0
11784.5 0
11785.5 0
11786.5 0
11787.5 0
11788.5 0
11789.5 0
11790.5 0
11791.5 0
11792.5 0
11793.5 1
11794.5 0
11795.5 0
11796.5 0
11797.5 0
11798.5 0
11799.5 0
11800.5 0
11801.5 0
11802.5 0
11803.5 0
11804.5 0
11805.5 0
11806.5 0
11807.5 0
11808.5 0
11809.5 0
11810.5 0
11811.5 0
11812.5 0
11813.5 0
11814.5 0
11815.5 0
11816.5 0
11817.5 0
11818.5 0
11819.5 0
11820.5 0
11821.5 0
11822.5 0
11823.5 0
11824.5 0
11825.5 0
11826.5 0
11827.5 0
11828.5 0
11829.5 0
11830.5 0
11831.5 0
11832.5 0
11833.5 0
11834.5 0
11835.5 0
11836.5 0
11837.5 0
11838.5 0
11839.5 0
11840.5 0
11841.5 0
11842.5 0
11843.5 0
11844.5 0
11845.5 0
11846.5 0
11847.5 0
11848.5 0
11849.5 0
11850.5 0
11851.5 0
11852.5 0
11853.5 0
11854.5 0
11855.5 0
11856.5 0
11857.5 0
11858.5 0
11859.5 0
11860.5 0
11861.5 0
11862.5 0
11863.5 0
11864.5 0
11865.5 0
11866.5 0
11867.5 0
11868.5 0
11869.5 0
11870.5 0
11871.5 0
11872.5 0
11873.5 0
11874.5 0
11875.5 0
11876.5 0
11877.5 0
11878.5 0
11879.5 0
11880.5 0
11881.5 0
11882.5 0
11883.5 0
11884.5 0
11885.5 0
11886.5 0
11887.5 0
11888.5 0
11889.5 0
11890.5 0
11891.5 0
11892.5 0
11893.5 0
11894.5 0
11895.5 0
11896.5 0
11897.5 0
11898.5 0
11899.5 0
11900.5 0
11901.5 0
11902.5 0
11903.5 0
11904.5 0
11905.5 0
11906.5 0
11907.5 0
11908.5 0
11909.5 0
11910.5 0
11911.5 0
11912.5 0
11913.5 0
11914.5 0
11915.5 0
11916.5 0
11917.5 0
11918.5 0
11919.5 0
11920.5 0
11921.5 0
11922.5 0
11923.5 0
11924.5 0
11925.5 0
11926.5 0
11927.5 0
11928.5 0
11929.5 0
11930.5 0
11931.5 0
11932.5 0
11933.5 0
11934.5 0
11935.5 0
11936.5 0
11937.5 0
11938.5 0
11939.5 0
11940.5 0
11941.5 -0.642857
11942.5 0
11943.5 0
11944.5 0
11945.5 0
11946.5 0
11947.5 0
11948.5 0
11949.5 0
11950.5 0
11951.5 0
11952.5 0
11953.5 0
11954.5 0
11955.5 0
11956.5 0
11957.5 0
11958.5 0
11959.5 0
11960.5 0
11961.5 0
11962.5 0
11963.5 0
11964.5 0
11965.5 0
11966.5 0
11967.5 0
11968.5 0
11969.5 0
11970.5 0
11971.5 0
11972.5 0
11973.5 0
11974.5 0
11975.5 0
11976.5 0
11977.5 0
11978.5 0
11979.5 0
11980.5 0
11981.5 0
11982.5 0
11983.5 0
11984.5 0
11985.5 0
11986.5 0
11987.5 0
11988.5 0
11989.5 0
11990.5 0
11991.5 0
11992.5 0
11993.5 0
11994.5 0
11995.5 0
11996.5 0
11997.5 0
11998.5 0
11999.5 0
