# EGG_ProjY_E2214.5(2.5)_B2206.0(1.0)_B2237.0(1.0)
# X axis : Energy (keV) [Y axis]
# Y axis : Counts/1 keV
# N Bins : 12000
# X Min : 0
# X Max : 12000
# X value at the center of the bins
0.5 0
1.5 0
2.5 0
3.5 0
4.5 0
5.5 2.25
6.5 -11.25
7.5 -3.75
8.5 -6.25
9.5 -10
10.5 0.5
11.5 -18.25
12.5 -19.25
13.5 17.25
14.5 -2.5
15.5 13.75
16.5 2.25
17.5 50.25
18.5 20.25
19.5 40.5
20.5 36.75
21.5 67
22.5 -17.75
23.5 70.5
24.5 53.5
25.5 138.5
26.5 136.25
27.5 13
28.5 8
29.5 175.25
30.5 96.5
31.5 177.25
32.5 212
33.5 127.75
34.5 193
35.5 115.25
36.5 117.5
37.5 119.25
38.5 100.25
39.5 274.75
40.5 250
41.5 268.75
42.5 245.75
43.5 168.75
44.5 174.25
45.5 261.25
46.5 139.25
47.5 185
48.5 117.75
49.5 213
50.5 179.5
51.5 219.5
52.5 300.75
53.5 174.25
54.5 199.75
55.5 338.75
56.5 163.75
57.5 257.75
58.5 471.75
59.5 222.25
60.5 348.5
61.5 206.5
62.5 276.5
63.5 237.25
64.5 226.75
65.5 198.75
66.5 286.75
67.5 238.75
68.5 269.5
69.5 215.75
70.5 206.75
71.5 362
72.5 264.75
73.5 157.75
74.5 186
75.5 418.75
76.5 343.75
77.5 587.5
78.5 247.75
79.5 272.25
80.5 152.5
81.5 193
82.5 145.75
83.5 266
84.5 268.5
85.5 315.5
86.5 354.25
87.5 341
88.5 336.75
89.5 341.75
90.5 363.75
91.5 182.75
92.5 128.25
93.5 236.25
94.5 160.5
95.5 251.25
96.5 141.5
97.5 209.25
98.5 159.75
99.5 402.25
100.5 249.75
101.5 242
102.5 256.75
103.5 174.75
104.5 195
105.5 374.5
106.5 239.5
107.5 214.75
108.5 201.75
109.5 287.75
110.5 200.75
111.5 149
112.5 177.5
113.5 172.25
114.5 305.75
115.5 291.5
116.5 375.75
117.5 345
118.5 191.5
119.5 161
120.5 257.5
121.5 277.25
122.5 405
123.5 127
124.5 140.25
125.5 297.25
126.5 305
127.5 399.75
128.5 180.75
129.5 188
130.5 213.75
131.5 279.25
132.5 216
133.5 171.5
134.5 309.75
135.5 343.5
136.5 115
137.5 126
138.5 60.5
139.5 239
140.5 288.25
141.5 315.75
142.5 216.25
143.5 186.5
144.5 186.75
145.5 370.25
146.5 304.75
147.5 381.25
148.5 438
149.5 368.25
150.5 290.25
151.5 195.5
152.5 406.25
153.5 292.75
154.5 391
155.5 226.25
156.5 370
157.5 333.25
158.5 246.25
159.5 534.5
160.5 529.25
161.5 350.25
162.5 424.25
163.5 472.75
164.5 458.25
165.5 290.75
166.5 203.5
167.5 246
168.5 130
169.5 179.5
170.5 441.75
171.5 384.75
172.5 160.25
173.5 300.25
174.5 221.25
175.5 173.25
176.5 311
177.5 314
178.5 296
179.5 361.25
180.5 254.75
181.5 336.75
182.5 428.75
183.5 223.75
184.5 373.25
185.5 281.75
186.5 382.25
187.5 249.75
188.5 369
189.5 244.75
190.5 318
191.5 166.25
192.5 202.5
193.5 193
194.5 178.75
195.5 173.5
196.5 93.5
197.5 132
198.5 164.5
199.5 479.75
200.5 502
201.5 334.75
202.5 479.5
203.5 319.25
204.5 264.75
205.5 567.25
206.5 288
207.5 313.25
208.5 296
209.5 398.25
210.5 387.25
211.5 337.75
212.5 354.5
213.5 511.25
214.5 581.5
215.5 517
216.5 529.5
217.5 489.75
218.5 554.5
219.5 556.5
220.5 451.25
221.5 476.75
222.5 522.5
223.5 525.5
224.5 366.5
225.5 216.25
226.5 318
227.5 166.5
228.5 242.25
229.5 380.25
230.5 192
231.5 299
232.5 351.25
233.5 332.25
234.5 423.25
235.5 337.5
236.5 253.75
237.5 292.75
238.5 170.25
239.5 208.5
240.5 282.75
241.5 333.5
242.5 244
243.5 302.75
244.5 319.25
245.5 484.75
246.5 340.75
247.5 323.5
248.5 331.5
249.5 282.5
250.5 145.25
251.5 402
252.5 238
253.5 300.5
254.5 413.75
255.5 430.75
256.5 419.25
257.5 299.5
258.5 274.5
259.5 173.5
260.5 377.25
261.5 214
262.5 178
263.5 300.75
264.5 261
265.5 248.75
266.5 248.5
267.5 120.25
268.5 236.25
269.5 141.5
270.5 159.5
271.5 321.75
272.5 177.25
273.5 230.25
274.5 290
275.5 365.25
276.5 209.5
277.5 345
278.5 229.25
279.5 124.25
280.5 -15
281.5 -115.5
282.5 15.75
283.5 -84.75
284.5 276.25
285.5 259
286.5 276.75
287.5 104.25
288.5 253.25
289.5 138.5
290.5 178.25
291.5 138.75
292.5 285.5
293.5 150.25
294.5 218.75
295.5 256.5
296.5 232.25
297.5 254.5
298.5 273.25
299.5 484.75
300.5 458.25
301.5 636.25
302.5 671
303.5 813.75
304.5 719.25
305.5 608
306.5 445
307.5 463.25
308.5 332
309.5 238
310.5 39.75
311.5 -9.25
312.5 101.75
313.5 208.25
314.5 179
315.5 288.5
316.5 441.25
317.5 319.75
318.5 234.75
319.5 196.5
320.5 45
321.5 -4
322.5 270.5
323.5 128.25
324.5 352.5
325.5 241
326.5 307
327.5 274.75
328.5 231.25
329.5 322
330.5 266.5
331.5 417.75
332.5 249.25
333.5 328.5
334.5 306
335.5 418.25
336.5 162
337.5 212
338.5 154.75
339.5 177.5
340.5 159.25
341.5 208.25
342.5 122
343.5 98.25
344.5 114
345.5 94.5
346.5 195.5
347.5 254
348.5 131.25
349.5 236.75
350.5 159.5
351.5 83.25
352.5 126
353.5 170.5
354.5 242.75
355.5 306
356.5 119
357.5 171.5
358.5 159
359.5 216.5
360.5 317.5
361.5 258.25
362.5 245.25
363.5 272.75
364.5 342.75
365.5 198.75
366.5 348
367.5 726.25
368.5 1029.25
369.5 532.25
370.5 134.5
371.5 203.75
372.5 100.5
373.5 107
374.5 165.25
375.5 202
376.5 303.75
377.5 69.5
378.5 17.25
379.5 141.75
380.5 -72.75
381.5 -24.25
382.5 6.75
383.5 17.75
384.5 138.75
385.5 187
386.5 167.25
387.5 297.5
388.5 304
389.5 292.25
390.5 180.25
391.5 341.25
392.5 218.25
393.5 200.75
394.5 253
395.5 205.75
396.5 315.5
397.5 258.5
398.5 209.75
399.5 187
400.5 337.5
401.5 501.75
402.5 467.25
403.5 494
404.5 363
405.5 383.5
406.5 344
407.5 250.5
408.5 160.75
409.5 83.75
410.5 18.25
411.5 -183.5
412.5 -115.25
413.5 -13
414.5 -58.25
415.5 103.75
416.5 -44.75
417.5 -22
418.5 40
419.5 135.5
420.5 171.5
421.5 268.5
422.5 165.5
423.5 160
424.5 219
425.5 236
426.5 140.25
427.5 164.5
428.5 122
429.5 166.75
430.5 215
431.5 90.75
432.5 25
433.5 115.25
434.5 238
435.5 206.5
436.5 166.5
437.5 191
438.5 355
439.5 299.75
440.5 327.25
441.5 338.25
442.5 170.5
443.5 263.25
444.5 42
445.5 69.25
446.5 65.5
447.5 230.5
448.5 144.75
449.5 -17.5
450.5 102
451.5 -52
452.5 74.75
453.5 208.75
454.5 194.25
455.5 171.75
456.5 147.5
457.5 189.25
458.5 89
459.5 138
460.5 124.75
461.5 239.5
462.5 174.75
463.5 220.5
464.5 195.75
465.5 139
466.5 208.75
467.5 265.5
468.5 323.25
469.5 169.75
470.5 115.25
471.5 124.5
472.5 185.75
473.5 269.5
474.5 163.5
475.5 176.75
476.5 157
477.5 147.25
478.5 182
479.5 -14
480.5 -13
481.5 -83.75
482.5 -3.5
483.5 -110.75
484.5 -54
485.5 -92.25
486.5 44.25
487.5 91.5
488.5 153.5
489.5 107.5
490.5 120.5
491.5 98
492.5 77.5
493.5 182.75
494.5 131.75
495.5 105.25
496.5 184.75
497.5 130.5
498.5 64
499.5 143
500.5 194
501.5 133.25
502.5 265.25
503.5 354.75
504.5 394.5
505.5 469
506.5 580.5
507.5 736.25
508.5 1421.25
509.5 2028.25
510.5 2112.75
511.5 1713
512.5 676.5
513.5 350.75
514.5 34.75
515.5 96.25
516.5 170.25
517.5 -66.5
518.5 50.75
519.5 81
520.5 135.75
521.5 51.75
522.5 64.25
523.5 90.5
524.5 188.25
525.5 43.25
526.5 43.25
527.5 147
528.5 150.75
529.5 160.5
530.5 190.25
531.5 171
532.5 192.75
533.5 211.5
534.5 148.5
535.5 111.25
536.5 69.75
537.5 85.75
538.5 90
539.5 91.75
540.5 91.25
541.5 112.75
542.5 136.5
543.5 102.25
544.5 113
545.5 161.25
546.5 166.75
547.5 60.25
548.5 83.5
549.5 189.75
550.5 135
551.5 81
552.5 91.75
553.5 120.75
554.5 69
555.5 77
556.5 95.25
557.5 150
558.5 173.5
559.5 142.25
560.5 145.5
561.5 133
562.5 129
563.5 217.5
564.5 77.75
565.5 146.75
566.5 213.5
567.5 97.25
568.5 155
569.5 165
570.5 174
571.5 220.25
572.5 117.25
573.5 124.25
574.5 156.5
575.5 149.5
576.5 96.5
577.5 68.25
578.5 103
579.5 -6
580.5 134
581.5 106.5
582.5 139.5
583.5 240.25
584.5 168.25
585.5 153
586.5 49.75
587.5 103.25
588.5 114.75
589.5 120.5
590.5 214
591.5 81.5
592.5 194.25
593.5 168.5
594.5 165.25
595.5 192
596.5 206.25
597.5 144.25
598.5 171.5
599.5 50.75
600.5 267.25
601.5 121.5
602.5 77.25
603.5 105.5
604.5 117
605.5 150.75
606.5 29
607.5 107
608.5 39.5
609.5 60
610.5 99.75
611.5 57.25
612.5 147
613.5 151
614.5 38.25
615.5 124.25
616.5 113.25
617.5 116.25
618.5 105.5
619.5 118.5
620.5 105.75
621.5 100.75
622.5 53.5
623.5 149
624.5 168.75
625.5 112.75
626.5 172.25
627.5 160.75
628.5 228
629.5 241
630.5 189.75
631.5 261.25
632.5 163
633.5 232
634.5 166.5
635.5 99.25
636.5 -41.25
637.5 -181.75
638.5 -33.75
639.5 94
640.5 89.25
641.5 32
642.5 117
643.5 87.5
644.5 56.5
645.5 184
646.5 163.75
647.5 154.5
648.5 141.75
649.5 117
650.5 187
651.5 144
652.5 206.75
653.5 158.5
654.5 146.5
655.5 -13.75
656.5 78
657.5 169.25
658.5 78.5
659.5 94.25
660.5 154
661.5 135.75
662.5 38.5
663.5 91.25
664.5 116
665.5 144
666.5 104.25
667.5 46.5
668.5 179.5
669.5 102.5
670.5 139.5
671.5 88.25
672.5 89.5
673.5 92.25
674.5 132
675.5 149.25
676.5 174.75
677.5 87.5
678.5 98.5
679.5 138.75
680.5 167.25
681.5 120
682.5 60.25
683.5 133.5
684.5 55.75
685.5 50.5
686.5 107.5
687.5 48.25
688.5 71
689.5 143.75
690.5 -25.5
691.5 119.5
692.5 139
693.5 120.5
694.5 139
695.5 83.75
696.5 172
697.5 67.75
698.5 72.5
699.5 111.25
700.5 42.75
701.5 56.25
702.5 25.25
703.5 139.5
704.5 161.25
705.5 90.75
706.5 38.5
707.5 16.75
708.5 -59
709.5 -4.75
710.5 0.25
711.5 -4.75
712.5 74
713.5 133.5
714.5 79.75
715.5 144
716.5 137.75
717.5 114.5
718.5 169.5
719.5 138.5
720.5 113
721.5 158.75
722.5 126.75
723.5 143.5
724.5 134
725.5 104.5
726.5 103.5
727.5 253.5
728.5 255.25
729.5 262.25
730.5 273.75
731.5 297.25
732.5 256.25
733.5 276.75
734.5 234.25
735.5 114
736.5 56.5
737.5 78
738.5 67.5
739.5 98
740.5 59.5
741.5 45.75
742.5 60.5
743.5 135
744.5 87
745.5 186
746.5 128.25
747.5 49.5
748.5 125.25
749.5 163
750.5 49
751.5 73.5
752.5 165
753.5 111.5
754.5 129.25
755.5 146.5
756.5 135.75
757.5 76
758.5 98.25
759.5 185.25
760.5 389
761.5 171
762.5 324.5
763.5 95.25
764.5 176.25
765.5 172.25
766.5 56.75
767.5 50
768.5 47
769.5 110.5
770.5 150.25
771.5 23
772.5 82.5
773.5 190
774.5 106
775.5 15.25
776.5 109
777.5 63.25
778.5 116.5
779.5 179.5
780.5 91
781.5 142.75
782.5 78.5
783.5 135.5
784.5 72.75
785.5 154.25
786.5 190.25
787.5 123.5
788.5 106
789.5 111
790.5 209.25
791.5 175
792.5 140
793.5 102
794.5 37.25
795.5 140.75
796.5 205.5
797.5 128.25
798.5 22.75
799.5 140
800.5 111.5
801.5 92.75
802.5 77.5
803.5 66.5
804.5 23.25
805.5 156.75
806.5 16.5
807.5 161
808.5 118.5
809.5 102.25
810.5 126
811.5 93.25
812.5 172.25
813.5 140.75
814.5 133.25
815.5 78.5
816.5 102.5
817.5 233.75
818.5 126.75
819.5 183.5
820.5 223.25
821.5 193
822.5 198.5
823.5 167.25
824.5 146.25
825.5 84.75
826.5 188
827.5 140
828.5 163.5
829.5 168.75
830.5 168.75
831.5 13.25
832.5 118
833.5 74.5
834.5 128.75
835.5 164
836.5 180.25
837.5 208.25
838.5 233.25
839.5 190.75
840.5 241
841.5 193.5
842.5 245
843.5 177.75
844.5 135.75
845.5 74
846.5 115.25
847.5 208.5
848.5 196.25
849.5 70.75
850.5 165
851.5 94.5
852.5 165.25
853.5 120.5
854.5 150.5
855.5 38.5
856.5 196.5
857.5 167.5
858.5 101
859.5 159.5
860.5 195.75
861.5 152.25
862.5 80
863.5 189.25
864.5 173.25
865.5 354.75
866.5 226.5
867.5 250.5
868.5 210.75
869.5 214.25
870.5 207.75
871.5 100
872.5 231.5
873.5 217
874.5 104
875.5 104.75
876.5 134.75
877.5 -20.75
878.5 -66.5
879.5 -90.75
880.5 66
881.5 234.25
882.5 154
883.5 105.75
884.5 242.5
885.5 202.5
886.5 107.25
887.5 199
888.5 85
889.5 183.75
890.5 152
891.5 210.5
892.5 188
893.5 197
894.5 218.75
895.5 133.25
896.5 107.25
897.5 205.5
898.5 204.5
899.5 216
900.5 232
901.5 143.5
902.5 137.5
903.5 136.75
904.5 175.75
905.5 201.75
906.5 147.5
907.5 124.75
908.5 84.5
909.5 159.75
910.5 217.5
911.5 138.5
912.5 194.5
913.5 130.75
914.5 206
915.5 179.75
916.5 219.25
917.5 143
918.5 174.5
919.5 146.25
920.5 204.25
921.5 156.75
922.5 201.25
923.5 262.5
924.5 76.25
925.5 137.5
926.5 159
927.5 172
928.5 259
929.5 177
930.5 159.75
931.5 171
932.5 165.75
933.5 220.25
934.5 189.75
935.5 151
936.5 148.5
937.5 147.5
938.5 121.5
939.5 236.25
940.5 180.75
941.5 140.25
942.5 78.5
943.5 272.25
944.5 210.75
945.5 64
946.5 26.25
947.5 119.25
948.5 78.5
949.5 129.75
950.5 158.25
951.5 147.5
952.5 94
953.5 156.5
954.5 132.5
955.5 108.75
956.5 162.5
957.5 180.5
958.5 174.25
959.5 189
960.5 114
961.5 173.25
962.5 209.25
963.5 173
964.5 138.75
965.5 229.5
966.5 358.25
967.5 225.75
968.5 231.75
969.5 68.75
970.5 62
971.5 119.5
972.5 108.25
973.5 93.75
974.5 98.25
975.5 91
976.5 90.5
977.5 43.25
978.5 147.5
979.5 97.75
980.5 75.5
981.5 118
982.5 105.25
983.5 83.25
984.5 21.5
985.5 138
986.5 182.75
987.5 58.5
988.5 93.5
989.5 149.25
990.5 123.75
991.5 167.75
992.5 148
993.5 139
994.5 16.5
995.5 37.75
996.5 76.25
997.5 103.75
998.5 65.5
999.5 55
1000.5 149.75
1001.5 97.5
1002.5 120.5
1003.5 147.25
1004.5 112.75
1005.5 78.75
1006.5 90.75
1007.5 52.25
1008.5 53
1009.5 49
1010.5 121.75
1011.5 78.5
1012.5 72.75
1013.5 36
1014.5 8.5
1015.5 99.75
1016.5 116
1017.5 149.5
1018.5 231.25
1019.5 237.5
1020.5 197
1021.5 111.75
1022.5 86
1023.5 183.5
1024.5 106
1025.5 154.5
1026.5 100
1027.5 112
1028.5 64.5
1029.5 155.5
1030.5 58
1031.5 76.5
1032.5 20.5
1033.5 33.5
1034.5 141.5
1035.5 75
1036.5 99.5
1037.5 92
1038.5 105.75
1039.5 95.5
1040.5 142
1041.5 29.25
1042.5 82.5
1043.5 108.25
1044.5 42.5
1045.5 50.75
1046.5 84.5
1047.5 80.5
1048.5 111
1049.5 -14
1050.5 -47
1051.5 14.75
1052.5 32.75
1053.5 79
1054.5 75.25
1055.5 104.75
1056.5 48
1057.5 73.75
1058.5 54.5
1059.5 79.5
1060.5 106.25
1061.5 50.25
1062.5 29.75
1063.5 70.5
1064.5 100
1065.5 91.5
1066.5 127.5
1067.5 83.75
1068.5 55.75
1069.5 60.25
1070.5 100.25
1071.5 206.25
1072.5 763.75
1073.5 1898
1074.5 2178
1075.5 1178.75
1076.5 221
1077.5 91
1078.5 100.75
1079.5 105.25
1080.5 101.75
1081.5 56
1082.5 111.75
1083.5 48.5
1084.5 75.25
1085.5 63.25
1086.5 95.75
1087.5 60.5
1088.5 75.5
1089.5 -5
1090.5 92
1091.5 14.25
1092.5 18
1093.5 51.25
1094.5 48.25
1095.5 57.5
1096.5 81.25
1097.5 82.25
1098.5 74.75
1099.5 20.75
1100.5 73.25
1101.5 9
1102.5 73.5
1103.5 43
1104.5 77.5
1105.5 70.75
1106.5 50
1107.5 49.25
1108.5 73.25
1109.5 39
1110.5 29.25
1111.5 31.25
1112.5 53.75
1113.5 51.25
1114.5 103.25
1115.5 79
1116.5 23
1117.5 84.25
1118.5 49.5
1119.5 47.75
1120.5 34.75
1121.5 137.5
1122.5 108.75
1123.5 367.25
1124.5 1938.25
1125.5 4253.25
1126.5 4927.75
1127.5 2240.75
1128.5 354.25
1129.5 151.25
1130.5 60
1131.5 16
1132.5 30.25
1133.5 11
1134.5 29.25
1135.5 30.5
1136.5 68
1137.5 24.5
1138.5 32.75
1139.5 48.75
1140.5 103.5
1141.5 82.5
1142.5 1.75
1143.5 66.5
1144.5 78.75
1145.5 70.5
1146.5 38
1147.5 60.5
1148.5 56.25
1149.5 62.75
1150.5 87
1151.5 70.75
1152.5 123
1153.5 208.75
1154.5 865.25
1155.5 2733.25
1156.5 6307.75
1157.5 6456.5
1158.5 2662.5
1159.5 702.25
1160.5 108.25
1161.5 59.25
1162.5 59.75
1163.5 -23.5
1164.5 24.5
1165.5 -29.5
1166.5 26.5
1167.5 56.5
1168.5 47
1169.5 31.5
1170.5 -30.5
1171.5 55.25
1172.5 -10.25
1173.5 60.5
1174.5 47.5
1175.5 12.75
1176.5 49.75
1177.5 47.25
1178.5 56.5
1179.5 23.5
1180.5 -30.75
1181.5 60.5
1182.5 -17.75
1183.5 51.25
1184.5 58.5
1185.5 -26.75
1186.5 -4.25
1187.5 13.5
1188.5 28
1189.5 23.75
1190.5 4.75
1191.5 -32
1192.5 44.5
1193.5 40.25
1194.5 22
1195.5 -1.75
1196.5 27
1197.5 57.75
1198.5 8.5
1199.5 51.75
1200.5 84.25
1201.5 15.75
1202.5 26
1203.5 45.5
1204.5 82.5
1205.5 15.25
1206.5 46
1207.5 -6
1208.5 32.75
1209.5 40.75
1210.5 80
1211.5 47.25
1212.5 33.25
1213.5 24.25
1214.5 30.25
1215.5 23.75
1216.5 -12.25
1217.5 39.5
1218.5 54
1219.5 16
1220.5 -24.25
1221.5 68.25
1222.5 55.5
1223.5 -15.25
1224.5 16.5
1225.5 27
1226.5 21.5
1227.5 -2
1228.5 -1
1229.5 -13.25
1230.5 55.25
1231.5 75.75
1232.5 24
1233.5 31
1234.5 46.75
1235.5 13.25
1236.5 45
1237.5 63.5
1238.5 6.5
1239.5 54.75
1240.5 31.75
1241.5 39.75
1242.5 51.5
1243.5 -13.5
1244.5 -38.75
1245.5 4.75
1246.5 50
1247.5 33.5
1248.5 14
1249.5 16
1250.5 -7
1251.5 -0.5
1252.5 3.5
1253.5 12.75
1254.5 -7.75
1255.5 50.25
1256.5 44.25
1257.5 23.25
1258.5 47.25
1259.5 -33
1260.5 34
1261.5 -5.5
1262.5 13.75
1263.5 20.25
1264.5 27.5
1265.5 19.5
1266.5 14.25
1267.5 54.5
1268.5 44
1269.5 -9.5
1270.5 0.75
1271.5 46
1272.5 21.5
1273.5 16.5
1274.5 28.5
1275.5 23
1276.5 53.5
1277.5 85.75
1278.5 15.25
1279.5 1.75
1280.5 -11
1281.5 79.25
1282.5 64.25
1283.5 60.75
1284.5 8.5
1285.5 -5.25
1286.5 79.5
1287.5 15.5
1288.5 23.25
1289.5 30.5
1290.5 97.25
1291.5 8.25
1292.5 53.75
1293.5 30.5
1294.5 34.5
1295.5 37.5
1296.5 15.75
1297.5 4
1298.5 18
1299.5 30.5
1300.5 45.75
1301.5 66
1302.5 10.25
1303.5 39.75
1304.5 -18
1305.5 -17.5
1306.5 32.25
1307.5 25
1308.5 32
1309.5 14.25
1310.5 26
1311.5 30.5
1312.5 -12
1313.5 25.5
1314.5 35.25
1315.5 25.5
1316.5 38
1317.5 32.75
1318.5 22.25
1319.5 26.5
1320.5 10
1321.5 18.25
1322.5 38.75
1323.5 12.75
1324.5 10.5
1325.5 35.25
1326.5 20
1327.5 83.75
1328.5 13.25
1329.5 34.5
1330.5 29.5
1331.5 38.25
1332.5 60.25
1333.5 6.5
1334.5 30.25
1335.5 -21
1336.5 49.25
1337.5 59
1338.5 24.5
1339.5 74.5
1340.5 26
1341.5 27.5
1342.5 36.75
1343.5 15
1344.5 7.5
1345.5 -19.5
1346.5 36.5
1347.5 46.25
1348.5 56
1349.5 50
1350.5 41
1351.5 34.75
1352.5 17
1353.5 22
1354.5 30
1355.5 13.25
1356.5 35
1357.5 18.5
1358.5 26.75
1359.5 52.75
1360.5 6.5
1361.5 -3
1362.5 -9.5
1363.5 38.75
1364.5 6.25
1365.5 6.75
1366.5 42.75
1367.5 23.25
1368.5 11.5
1369.5 16.75
1370.5 27.5
1371.5 16.5
1372.5 -24
1373.5 41.5
1374.5 17.75
1375.5 31.5
1376.5 44.75
1377.5 32.5
1378.5 11
1379.5 5.75
1380.5 36.25
1381.5 22.5
1382.5 2.5
1383.5 30
1384.5 42.25
1385.5 9.5
1386.5 18.25
1387.5 -17.25
1388.5 114.75
1389.5 8
1390.5 31.75
1391.5 54.25
1392.5 -34.75
1393.5 30.75
1394.5 62.25
1395.5 -2
1396.5 -31.25
1397.5 87.5
1398.5 33.75
1399.5 55.25
1400.5 56.25
1401.5 -3.25
1402.5 36.75
1403.5 -33.25
1404.5 11
1405.5 28.25
1406.5 23.5
1407.5 6
1408.5 32.75
1409.5 26.25
1410.5 5.75
1411.5 21.75
1412.5 -1
1413.5 5
1414.5 38.75
1415.5 14
1416.5 37.25
1417.5 -27.25
1418.5 14.25
1419.5 21.75
1420.5 17.25
1421.5 1
1422.5 7.75
1423.5 30
1424.5 13
1425.5 41.5
1426.5 42.25
1427.5 -27.5
1428.5 23.5
1429.5 40.5
1430.5 61.25
1431.5 29.75
1432.5 59.25
1433.5 48.25
1434.5 -1.75
1435.5 36.75
1436.5 3.75
1437.5 4
1438.5 -34.75
1439.5 42.25
1440.5 32.5
1441.5 5.75
1442.5 9
1443.5 56.75
1444.5 -27.75
1445.5 -33
1446.5 3.25
1447.5 23.25
1448.5 29
1449.5 7.5
1450.5 41.25
1451.5 33
1452.5 21.75
1453.5 61.25
1454.5 18.5
1455.5 16
1456.5 16.25
1457.5 -9.25
1458.5 38.25
1459.5 -25.75
1460.5 4.75
1461.5 -1.5
1462.5 50
1463.5 49.5
1464.5 40.25
1465.5 46
1466.5 12.5
1467.5 19.5
1468.5 14.5
1469.5 27
1470.5 21.25
1471.5 38.5
1472.5 17
1473.5 -1.25
1474.5 9.25
1475.5 5.25
1476.5 22.75
1477.5 29.75
1478.5 -11.5
1479.5 24.5
1480.5 19.5
1481.5 -23.75
1482.5 43.5
1483.5 18.75
1484.5 -36
1485.5 -10.75
1486.5 56.75
1487.5 34
1488.5 15.25
1489.5 22.75
1490.5 11.25
1491.5 67.75
1492.5 33
1493.5 25
1494.5 51.75
1495.5 16
1496.5 63.5
1497.5 -47.75
1498.5 -60
1499.5 -98.75
1500.5 -36
1501.5 -34.25
1502.5 23
1503.5 6.5
1504.5 3
1505.5 41.5
1506.5 51.5
1507.5 31.5
1508.5 35.25
1509.5 23
1510.5 -5.25
1511.5 37.25
1512.5 20.75
1513.5 13.5
1514.5 40.5
1515.5 8.75
1516.5 29.5
1517.5 45
1518.5 28.25
1519.5 22
1520.5 2.5
1521.5 41.25
1522.5 84
1523.5 38
1524.5 43.5
1525.5 32.75
1526.5 20
1527.5 42
1528.5 24.75
1529.5 59.25
1530.5 50.5
1531.5 10
1532.5 58.25
1533.5 48.5
1534.5 60.5
1535.5 70
1536.5 14.25
1537.5 50.25
1538.5 77.5
1539.5 0
1540.5 12.5
1541.5 50
1542.5 53.75
1543.5 -13.5
1544.5 8.25
1545.5 58.5
1546.5 28
1547.5 49
1548.5 14
1549.5 19.75
1550.5 67.75
1551.5 -0.5
1552.5 36.5
1553.5 -10.5
1554.5 24.75
1555.5 39
1556.5 4
1557.5 22.75
1558.5 19.75
1559.5 41.75
1560.5 -0.25
1561.5 15.75
1562.5 23.25
1563.5 96.5
1564.5 42.75
1565.5 43.5
1566.5 61.75
1567.5 64.25
1568.5 25.5
1569.5 53
1570.5 13.25
1571.5 -8.25
1572.5 32.25
1573.5 81.25
1574.5 57.5
1575.5 37
1576.5 29
1577.5 -5.25
1578.5 9.5
1579.5 35.5
1580.5 32.75
1581.5 56.75
1582.5 51.75
1583.5 74
1584.5 -22.5
1585.5 51.75
1586.5 9.25
1587.5 29.5
1588.5 27.25
1589.5 43.75
1590.5 92.5
1591.5 15.5
1592.5 38.75
1593.5 43.25
1594.5 22.25
1595.5 2
1596.5 25
1597.5 17.25
1598.5 20
1599.5 13.75
1600.5 -15.75
1601.5 39.5
1602.5 3.75
1603.5 49
1604.5 92.5
1605.5 -9
1606.5 27.75
1607.5 28
1608.5 11.5
1609.5 54.25
1610.5 6.75
1611.5 37.25
1612.5 41
1613.5 17.5
1614.5 39.75
1615.5 22.75
1616.5 19.75
1617.5 29
1618.5 23.75
1619.5 54.25
1620.5 10.5
1621.5 73.25
1622.5 29.25
1623.5 7
1624.5 26.5
1625.5 -31.5
1626.5 17.25
1627.5 39.5
1628.5 38.25
1629.5 75
1630.5 0.5
1631.5 56.5
1632.5 42
1633.5 55.75
1634.5 29
1635.5 48.5
1636.5 -4
1637.5 54
1638.5 -13.5
1639.5 23.5
1640.5 16.5
1641.5 -4
1642.5 -25.5
1643.5 43.25
1644.5 -5
1645.5 7
1646.5 49
1647.5 -43.75
1648.5 -14.25
1649.5 34.5
1650.5 80.75
1651.5 49
1652.5 17.5
1653.5 38.75
1654.5 -6.25
1655.5 23.25
1656.5 24
1657.5 -11.5
1658.5 -32.5
1659.5 29.5
1660.5 44
1661.5 26.25
1662.5 40.75
1663.5 -10.75
1664.5 43.5
1665.5 9.25
1666.5 26.75
1667.5 8
1668.5 34.5
1669.5 18
1670.5 -40.5
1671.5 30.75
1672.5 55.75
1673.5 -1.5
1674.5 34.5
1675.5 40.75
1676.5 28.25
1677.5 35
1678.5 5
1679.5 23.75
1680.5 34.5
1681.5 29.25
1682.5 22.5
1683.5 59.25
1684.5 20.25
1685.5 48.75
1686.5 28.25
1687.5 27.75
1688.5 36.75
1689.5 67.75
1690.5 53.5
1691.5 76.25
1692.5 31.25
1693.5 48.5
1694.5 47.5
1695.5 25
1696.5 25
1697.5 10.25
1698.5 12.5
1699.5 2.75
1700.5 21.5
1701.5 23.5
1702.5 6.25
1703.5 0
1704.5 51.5
1705.5 19.5
1706.5 25.25
1707.5 45.5
1708.5 34.75
1709.5 2
1710.5 29.5
1711.5 37
1712.5 25.75
1713.5 65
1714.5 45.5
1715.5 -0.75
1716.5 26
1717.5 75.25
1718.5 39.5
1719.5 75.25
1720.5 16.25
1721.5 28
1722.5 -0.5
1723.5 25.25
1724.5 9.5
1725.5 -20.75
1726.5 -2.25
1727.5 47.5
1728.5 31.5
1729.5 34.25
1730.5 59
1731.5 57.25
1732.5 56.25
1733.5 9
1734.5 33
1735.5 9
1736.5 41
1737.5 13
1738.5 10.75
1739.5 42.25
1740.5 -9
1741.5 47.25
1742.5 17.25
1743.5 18
1744.5 38.25
1745.5 26.75
1746.5 34
1747.5 14.25
1748.5 -9.5
1749.5 -20
1750.5 47.25
1751.5 13.25
1752.5 49.75
1753.5 82.25
1754.5 51.25
1755.5 22.25
1756.5 -12.75
1757.5 4.25
1758.5 26.5
1759.5 31
1760.5 56.75
1761.5 28.75
1762.5 -10
1763.5 -11.25
1764.5 -3
1765.5 7.25
1766.5 36.25
1767.5 20.25
1768.5 46.75
1769.5 49.25
1770.5 43.75
1771.5 -5.25
1772.5 -9
1773.5 16.75
1774.5 42.5
1775.5 53.5
1776.5 45.75
1777.5 22
1778.5 3
1779.5 30.25
1780.5 0.75
1781.5 -1.75
1782.5 22.5
1783.5 -18
1784.5 19.25
1785.5 -13.25
1786.5 23.75
1787.5 -7.25
1788.5 34.75
1789.5 43.25
1790.5 33.75
1791.5 33.5
1792.5 30.25
1793.5 6.75
1794.5 12
1795.5 21
1796.5 40
1797.5 11.5
1798.5 19.5
1799.5 25.5
1800.5 6
1801.5 39.5
1802.5 14.75
1803.5 46.75
1804.5 23.25
1805.5 -25.75
1806.5 34.25
1807.5 14
1808.5 64.5
1809.5 30.5
1810.5 27.25
1811.5 24.75
1812.5 42.25
1813.5 38.75
1814.5 -9
1815.5 57.5
1816.5 42.5
1817.5 63
1818.5 44
1819.5 -2.75
1820.5 35.5
1821.5 42
1822.5 16.75
1823.5 36.25
1824.5 34.25
1825.5 -26
1826.5 -1.25
1827.5 -16.75
1828.5 -10.5
1829.5 6.75
1830.5 43.5
1831.5 21.75
1832.5 8
1833.5 42.25
1834.5 34.75
1835.5 47.75
1836.5 -31
1837.5 39.5
1838.5 32.25
1839.5 9
1840.5 39.5
1841.5 12.5
1842.5 19
1843.5 38.75
1844.5 -7
1845.5 -14.25
1846.5 32.75
1847.5 27.25
1848.5 -9.25
1849.5 13.75
1850.5 5.5
1851.5 51
1852.5 40.5
1853.5 43.75
1854.5 3.25
1855.5 1.5
1856.5 31.25
1857.5 42
1858.5 58
1859.5 49.75
1860.5 56.25
1861.5 43.75
1862.5 -16.5
1863.5 37.25
1864.5 -5.75
1865.5 18
1866.5 74.25
1867.5 51.75
1868.5 48.5
1869.5 74
1870.5 26.25
1871.5 39.75
1872.5 -26
1873.5 39.25
1874.5 44.25
1875.5 42
1876.5 18.5
1877.5 27.75
1878.5 24.5
1879.5 -13
1880.5 40
1881.5 20.5
1882.5 39
1883.5 19.25
1884.5 -5
1885.5 -12.25
1886.5 8.75
1887.5 183
1888.5 19
1889.5 50.75
1890.5 -34.25
1891.5 30
1892.5 49.25
1893.5 20
1894.5 14.25
1895.5 -11.25
1896.5 18.5
1897.5 -16.25
1898.5 9.25
1899.5 -19.25
1900.5 38
1901.5 4.75
1902.5 28.5
1903.5 33.25
1904.5 -4
1905.5 24.75
1906.5 48.25
1907.5 49.75
1908.5 53.75
1909.5 40.75
1910.5 16.5
1911.5 1
1912.5 33.5
1913.5 3.25
1914.5 -37.25
1915.5 15.5
1916.5 63.75
1917.5 33.25
1918.5 49
1919.5 31.75
1920.5 5
1921.5 44
1922.5 26
1923.5 -4.5
1924.5 91.75
1925.5 4.25
1926.5 7
1927.5 -8
1928.5 11.75
1929.5 42
1930.5 2.5
1931.5 43
1932.5 13.75
1933.5 54.25
1934.5 38.5
1935.5 30.25
1936.5 40.5
1937.5 10.75
1938.5 48.5
1939.5 46.75
1940.5 27.25
1941.5 -28.25
1942.5 66.5
1943.5 14.25
1944.5 14.25
1945.5 24.75
1946.5 26.75
1947.5 16.75
1948.5 30.25
1949.5 -4
1950.5 51.5
1951.5 -18.25
1952.5 8.5
1953.5 -6.5
1954.5 -16.75
1955.5 20.75
1956.5 19
1957.5 -13
1958.5 14.25
1959.5 11.25
1960.5 44.75
1961.5 55.5
1962.5 61
1963.5 43.25
1964.5 30.25
1965.5 13
1966.5 47.5
1967.5 38.5
1968.5 39.5
1969.5 26.25
1970.5 21.25
1971.5 55.5
1972.5 63.5
1973.5 37.25
1974.5 35.25
1975.5 21.25
1976.5 45.75
1977.5 48.5
1978.5 11.75
1979.5 25.25
1980.5 1.25
1981.5 -11
1982.5 54.5
1983.5 13
1984.5 36
1985.5 28
1986.5 -16
1987.5 24.25
1988.5 25.25
1989.5 19
1990.5 24.5
1991.5 22.75
1992.5 5.75
1993.5 10.25
1994.5 96
1995.5 55
1996.5 30.75
1997.5 -22.25
1998.5 17
1999.5 -6
2000.5 16.75
2001.5 30
2002.5 -6.25
2003.5 24.25
2004.5 -5
2005.5 46.25
2006.5 63.5
2007.5 42
2008.5 29
2009.5 41.5
2010.5 2.5
2011.5 45
2012.5 -41.5
2013.5 -14.25
2014.5 50
2015.5 20
2016.5 36.75
2017.5 54
2018.5 69
2019.5 42.5
2020.5 41.5
2021.5 -1.25
2022.5 3.5
2023.5 -7
2024.5 36.75
2025.5 -2.5
2026.5 2.5
2027.5 11.25
2028.5 20.75
2029.5 -7.5
2030.5 14.75
2031.5 28.5
2032.5 27.75
2033.5 22.75
2034.5 3.75
2035.5 22.75
2036.5 -8.5
2037.5 15
2038.5 47.5
2039.5 0.5
2040.5 42.25
2041.5 23.5
2042.5 20.5
2043.5 37.75
2044.5 50
2045.5 49.25
2046.5 44.25
2047.5 -5
2048.5 40
2049.5 32
2050.5 31.5
2051.5 24
2052.5 15
2053.5 43.25
2054.5 16.75
2055.5 18.5
2056.5 28.75
2057.5 1
2058.5 29.75
2059.5 47.5
2060.5 58
2061.5 19
2062.5 37
2063.5 14.5
2064.5 22
2065.5 25
2066.5 25.75
2067.5 26
2068.5 19.75
2069.5 15
2070.5 4
2071.5 37
2072.5 26.25
2073.5 17.75
2074.5 -26.75
2075.5 -14.25
2076.5 16.5
2077.5 13.75
2078.5 -6
2079.5 14.25
2080.5 19.25
2081.5 38.25
2082.5 3.25
2083.5 35.75
2084.5 57
2085.5 -13
2086.5 71.5
2087.5 28.5
2088.5 8.5
2089.5 53.75
2090.5 8.5
2091.5 31
2092.5 -23
2093.5 -9
2094.5 43.5
2095.5 -27
2096.5 9.75
2097.5 28.25
2098.5 -1.5
2099.5 23.75
2100.5 -12.75
2101.5 16.75
2102.5 1.25
2103.5 55.5
2104.5 35
2105.5 32.5
2106.5 41.25
2107.5 50.75
2108.5 28.25
2109.5 67.25
2110.5 40
2111.5 2.25
2112.5 33
2113.5 65.75
2114.5 70.75
2115.5 25
2116.5 27.5
2117.5 58.25
2118.5 -1.75
2119.5 1.5
2120.5 14.5
2121.5 40.75
2122.5 54.5
2123.5 45.75
2124.5 10.5
2125.5 20.75
2126.5 24.75
2127.5 24.25
2128.5 58.5
2129.5 13.75
2130.5 23.75
2131.5 20
2132.5 59.75
2133.5 9.75
2134.5 14.75
2135.5 28.25
2136.5 -3.25
2137.5 16
2138.5 21.25
2139.5 48.75
2140.5 24.5
2141.5 40
2142.5 106.5
2143.5 35.75
2144.5 7
2145.5 21.75
2146.5 33.25
2147.5 24
2148.5 -8.5
2149.5 120.75
2150.5 84
2151.5 107.75
2152.5 -28.5
2153.5 4.5
2154.5 22.5
2155.5 29.5
2156.5 32.5
2157.5 54.25
2158.5 32.75
2159.5 47.25
2160.5 19.25
2161.5 16.25
2162.5 86.5
2163.5 38
2164.5 11.75
2165.5 7
2166.5 28.75
2167.5 74.5
2168.5 14.75
2169.5 12.5
2170.5 50.5
2171.5 50.25
2172.5 2.75
2173.5 -2.25
2174.5 71
2175.5 26.75
2176.5 48
2177.5 7.25
2178.5 -10.25
2179.5 52.75
2180.5 14.5
2181.5 -29.5
2182.5 32.5
2183.5 14.25
2184.5 12.75
2185.5 28.25
2186.5 37.25
2187.5 30.75
2188.5 27.25
2189.5 23
2190.5 53.75
2191.5 22.25
2192.5 16.75
2193.5 44.25
2194.5 3.75
2195.5 35.5
2196.5 21.75
2197.5 66
2198.5 187
2199.5 202.75
2200.5 250
2201.5 147
2202.5 99.5
2203.5 32.25
2204.5 7.5
2205.5 -0.75
2206.5 21.75
2207.5 22.25
2208.5 34.5
2209.5 9.5
2210.5 -22.25
2211.5 22
2212.5 18
2213.5 33.25
2214.5 18.5
2215.5 21.75
2216.5 36.5
2217.5 4.5
2218.5 39
2219.5 25.25
2220.5 39.5
2221.5 32
2222.5 44.75
2223.5 95.5
2224.5 20
2225.5 13.5
2226.5 -1.75
2227.5 21
2228.5 -4.25
2229.5 14.5
2230.5 -21.5
2231.5 6.75
2232.5 42.75
2233.5 45.75
2234.5 14.75
2235.5 29
2236.5 16.5
2237.5 -1
2238.5 12.75
2239.5 37
2240.5 49.25
2241.5 45.5
2242.5 50.25
2243.5 32.5
2244.5 52.5
2245.5 29
2246.5 23.5
2247.5 52.75
2248.5 36.5
2249.5 17.75
2250.5 29.5
2251.5 -3.25
2252.5 1.25
2253.5 31
2254.5 24
2255.5 23.25
2256.5 19.25
2257.5 14.25
2258.5 35.75
2259.5 20.75
2260.5 4.25
2261.5 34.25
2262.5 27
2263.5 24.5
2264.5 17.25
2265.5 35
2266.5 39.75
2267.5 28
2268.5 -5.75
2269.5 46.25
2270.5 21.5
2271.5 48.5
2272.5 32.25
2273.5 10
2274.5 5.75
2275.5 8.5
2276.5 10.5
2277.5 36.75
2278.5 33.75
2279.5 52.5
2280.5 66.75
2281.5 41.5
2282.5 20.25
2283.5 12.25
2284.5 22.25
2285.5 33.75
2286.5 5.75
2287.5 18.75
2288.5 17.75
2289.5 69.5
2290.5 27.25
2291.5 22
2292.5 11.25
2293.5 -1
2294.5 30.25
2295.5 52.25
2296.5 14.25
2297.5 15.5
2298.5 20
2299.5 58.25
2300.5 18.5
2301.5 37.5
2302.5 41.75
2303.5 19
2304.5 33.75
2305.5 52.75
2306.5 28.5
2307.5 10.5
2308.5 11.5
2309.5 37.25
2310.5 11.5
2311.5 38
2312.5 34.5
2313.5 3.5
2314.5 -1
2315.5 -7.25
2316.5 -8.5
2317.5 49.75
2318.5 8.5
2319.5 13.5
2320.5 27.5
2321.5 23
2322.5 8.25
2323.5 3.5
2324.5 21.25
2325.5 -27
2326.5 10
2327.5 7.25
2328.5 36.25
2329.5 -9
2330.5 18.75
2331.5 45.25
2332.5 47.25
2333.5 32.25
2334.5 -3.75
2335.5 26.5
2336.5 17.75
2337.5 11.5
2338.5 31.5
2339.5 33.5
2340.5 28
2341.5 17.25
2342.5 24
2343.5 22
2344.5 28
2345.5 53.25
2346.5 24
2347.5 24.5
2348.5 35.5
2349.5 -3.25
2350.5 37.75
2351.5 22.5
2352.5 -25.5
2353.5 1.25
2354.5 36
2355.5 14.75
2356.5 21
2357.5 11.75
2358.5 60.75
2359.5 50.5
2360.5 -12.25
2361.5 12
2362.5 44.75
2363.5 59
2364.5 28.75
2365.5 40.25
2366.5 5.25
2367.5 1.5
2368.5 28.75
2369.5 50.5
2370.5 17
2371.5 23.75
2372.5 37.75
2373.5 8.25
2374.5 -5.75
2375.5 7.5
2376.5 4.25
2377.5 20.5
2378.5 -0.5
2379.5 15.5
2380.5 47.5
2381.5 9.25
2382.5 5.75
2383.5 17.5
2384.5 33.75
2385.5 -26
2386.5 28.5
2387.5 2.75
2388.5 7.25
2389.5 15.75
2390.5 -3.5
2391.5 22.5
2392.5 23.5
2393.5 33.25
2394.5 33.75
2395.5 -13
2396.5 0.5
2397.5 -12
2398.5 -5.75
2399.5 2
2400.5 22.25
2401.5 9
2402.5 27.75
2403.5 48.5
2404.5 32
2405.5 25.75
2406.5 12
2407.5 31.5
2408.5 42.75
2409.5 20.75
2410.5 1
2411.5 -3.25
2412.5 11
2413.5 0.25
2414.5 21.75
2415.5 33
2416.5 18.75
2417.5 -8.75
2418.5 25
2419.5 16.25
2420.5 22.5
2421.5 13.75
2422.5 11.75
2423.5 33
2424.5 34
2425.5 19
2426.5 -17
2427.5 7
2428.5 26.25
2429.5 -13.25
2430.5 34.5
2431.5 26.75
2432.5 1.5
2433.5 30
2434.5 8
2435.5 19.75
2436.5 24.25
2437.5 12.75
2438.5 8
2439.5 0.25
2440.5 14.75
2441.5 -3
2442.5 25.5
2443.5 22.5
2444.5 12.25
2445.5 -3.25
2446.5 -5
2447.5 31.25
2448.5 5
2449.5 19.5
2450.5 44.25
2451.5 15.25
2452.5 -3
2453.5 17.75
2454.5 21.75
2455.5 -2.25
2456.5 29.5
2457.5 6.25
2458.5 -13.75
2459.5 24
2460.5 21.25
2461.5 17.5
2462.5 43.25
2463.5 6.5
2464.5 34.75
2465.5 26.75
2466.5 11.75
2467.5 33
2468.5 36.5
2469.5 -9
2470.5 -20.25
2471.5 40
2472.5 43.5
2473.5 11.75
2474.5 13.25
2475.5 20
2476.5 35
2477.5 20.25
2478.5 49.25
2479.5 12.5
2480.5 15.5
2481.5 4.5
2482.5 11.25
2483.5 22.75
2484.5 18
2485.5 10.25
2486.5 5.75
2487.5 24
2488.5 7.5
2489.5 -2
2490.5 -8
2491.5 20.75
2492.5 26
2493.5 15.25
2494.5 53.5
2495.5 21.25
2496.5 32.25
2497.5 54.75
2498.5 3.75
2499.5 1.75
2500.5 -20.5
2501.5 18.25
2502.5 48.75
2503.5 18.25
2504.5 33
2505.5 36.5
2506.5 12.5
2507.5 22.5
2508.5 8.5
2509.5 10.5
2510.5 9
2511.5 32.25
2512.5 45
2513.5 51
2514.5 67
2515.5 127.75
2516.5 182.25
2517.5 338.75
2518.5 581.75
2519.5 634
2520.5 423.75
2521.5 150
2522.5 68.5
2523.5 26.25
2524.5 25.5
2525.5 10.5
2526.5 13.5
2527.5 10.75
2528.5 -23
2529.5 19
2530.5 12.5
2531.5 7
2532.5 16.75
2533.5 32.25
2534.5 31
2535.5 8.75
2536.5 12.75
2537.5 29.75
2538.5 -29.75
2539.5 15
2540.5 -24.75
2541.5 2
2542.5 -3.25
2543.5 18
2544.5 14.75
2545.5 3.75
2546.5 29.5
2547.5 -0.25
2548.5 10.75
2549.5 2.5
2550.5 19.25
2551.5 -10
2552.5 10.25
2553.5 32.25
2554.5 7.25
2555.5 8
2556.5 18.5
2557.5 39.5
2558.5 2.25
2559.5 -12.5
2560.5 -7.5
2561.5 -6
2562.5 28.75
2563.5 -10
2564.5 4.25
2565.5 14.75
2566.5 11.5
2567.5 18.25
2568.5 22.75
2569.5 13.25
2570.5 19.25
2571.5 37
2572.5 13.25
2573.5 24.75
2574.5 31
2575.5 12.75
2576.5 23
2577.5 25.25
2578.5 -7.25
2579.5 0.75
2580.5 -11.5
2581.5 -9.25
2582.5 14.75
2583.5 4.25
2584.5 12.25
2585.5 23
2586.5 3.75
2587.5 10.75
2588.5 10
2589.5 -13.5
2590.5 7.75
2591.5 20.75
2592.5 33.75
2593.5 44
2594.5 1
2595.5 -2.75
2596.5 12
2597.5 12.5
2598.5 13.25
2599.5 -1
2600.5 44
2601.5 28.5
2602.5 55.5
2603.5 7.5
2604.5 8.75
2605.5 43.75
2606.5 -4
2607.5 30.5
2608.5 42
2609.5 9.75
2610.5 -14.75
2611.5 6.25
2612.5 -3.75
2613.5 14
2614.5 2.75
2615.5 17.25
2616.5 -2.5
2617.5 14
2618.5 9.25
2619.5 -2.25
2620.5 56.5
2621.5 13
2622.5 3.25
2623.5 5.5
2624.5 22
2625.5 -2.75
2626.5 -12.75
2627.5 0.75
2628.5 -22.75
2629.5 9.75
2630.5 25
2631.5 8.75
2632.5 13.5
2633.5 11.25
2634.5 11
2635.5 26.5
2636.5 26.5
2637.5 2.75
2638.5 -5.5
2639.5 6.75
2640.5 -14
2641.5 -5
2642.5 -9.25
2643.5 -6
2644.5 23.75
2645.5 21.75
2646.5 21.75
2647.5 7.25
2648.5 -1.5
2649.5 31
2650.5 22.5
2651.5 27.75
2652.5 -9.5
2653.5 18
2654.5 33.25
2655.5 10.75
2656.5 2.5
2657.5 3.75
2658.5 4.25
2659.5 20.75
2660.5 2
2661.5 32
2662.5 -29
2663.5 -4.25
2664.5 1.5
2665.5 20
2666.5 16
2667.5 28.25
2668.5 15.25
2669.5 4
2670.5 23.5
2671.5 21.5
2672.5 24.75
2673.5 32
2674.5 39.75
2675.5 35
2676.5 38
2677.5 34.25
2678.5 23
2679.5 17.75
2680.5 15
2681.5 4.25
2682.5 32
2683.5 27
2684.5 19.25
2685.5 1.25
2686.5 -4.25
2687.5 23.75
2688.5 2.5
2689.5 -22
2690.5 11.25
2691.5 -11.25
2692.5 11
2693.5 -1
2694.5 13.25
2695.5 -4.25
2696.5 14
2697.5 15
2698.5 -0.25
2699.5 5
2700.5 19
2701.5 9
2702.5 24
2703.5 23
2704.5 28.5
2705.5 -11.75
2706.5 13.25
2707.5 11
2708.5 -12.75
2709.5 4.25
2710.5 13.75
2711.5 14.75
2712.5 27.75
2713.5 12.25
2714.5 48.5
2715.5 6
2716.5 12.5
2717.5 21.25
2718.5 43.25
2719.5 29
2720.5 10.75
2721.5 57
2722.5 20.25
2723.5 43
2724.5 24.5
2725.5 40.5
2726.5 35
2727.5 2.75
2728.5 11
2729.5 -10.5
2730.5 8.75
2731.5 -5.5
2732.5 19.25
2733.5 6
2734.5 11
2735.5 -14.25
2736.5 35.75
2737.5 -6.25
2738.5 1.25
2739.5 -0.75
2740.5 26.75
2741.5 25.25
2742.5 21
2743.5 23.25
2744.5 10.75
2745.5 8.5
2746.5 46
2747.5 -4.5
2748.5 15.5
2749.5 14.75
2750.5 10.5
2751.5 22.25
2752.5 -3.25
2753.5 -16.5
2754.5 -4
2755.5 21
2756.5 36.5
2757.5 13
2758.5 28.25
2759.5 36
2760.5 1.5
2761.5 21
2762.5 -6
2763.5 -7.5
2764.5 -1.25
2765.5 15
2766.5 -12.75
2767.5 -9.75
2768.5 6.25
2769.5 -24.5
2770.5 -15
2771.5 34
2772.5 -12.75
2773.5 -13.25
2774.5 30.75
2775.5 -0.25
2776.5 -7
2777.5 5.25
2778.5 0
2779.5 10.25
2780.5 -7.5
2781.5 3.75
2782.5 16
2783.5 7.25
2784.5 4.5
2785.5 11
2786.5 20.75
2787.5 4
2788.5 12
2789.5 -0.5
2790.5 10.5
2791.5 11.75
2792.5 12.5
2793.5 25.5
2794.5 5.5
2795.5 6.5
2796.5 -3
2797.5 24.25
2798.5 -22.25
2799.5 5.75
2800.5 12.75
2801.5 7.25
2802.5 31.5
2803.5 20.75
2804.5 16.25
2805.5 20
2806.5 5.25
2807.5 1.25
2808.5 -4.75
2809.5 -9.25
2810.5 14.5
2811.5 -0.75
2812.5 21.75
2813.5 27.5
2814.5 35.5
2815.5 23
2816.5 22
2817.5 6.75
2818.5 -1.25
2819.5 18
2820.5 25.5
2821.5 13.75
2822.5 15.5
2823.5 17.5
2824.5 21.5
2825.5 43
2826.5 1.75
2827.5 -10.75
2828.5 10.25
2829.5 15.75
2830.5 11.25
2831.5 51.25
2832.5 -1
2833.5 10
2834.5 23
2835.5 28.75
2836.5 17.25
2837.5 6.75
2838.5 25
2839.5 9
2840.5 8.75
2841.5 18.75
2842.5 -4
2843.5 24.25
2844.5 -8.25
2845.5 -29.5
2846.5 41
2847.5 28.25
2848.5 31.5
2849.5 19.75
2850.5 -2
2851.5 -13.25
2852.5 -10
2853.5 30.5
2854.5 36.5
2855.5 18
2856.5 17.25
2857.5 31.25
2858.5 -0.25
2859.5 -21.25
2860.5 3.5
2861.5 14.5
2862.5 -7
2863.5 0
2864.5 7.75
2865.5 -9.75
2866.5 12.75
2867.5 24.5
2868.5 8.5
2869.5 37.25
2870.5 9
2871.5 4.25
2872.5 27.25
2873.5 -11.75
2874.5 23.25
2875.5 11.75
2876.5 8.25
2877.5 44.5
2878.5 47.75
2879.5 -2
2880.5 26.75
2881.5 15.5
2882.5 -5.25
2883.5 16
2884.5 -26.25
2885.5 23.75
2886.5 40.75
2887.5 12.75
2888.5 31.25
2889.5 41.5
2890.5 2.25
2891.5 16.75
2892.5 19.25
2893.5 17.5
2894.5 3.5
2895.5 7.25
2896.5 33.25
2897.5 -12.75
2898.5 30
2899.5 12.75
2900.5 12
2901.5 34.25
2902.5 -3.75
2903.5 -5.75
2904.5 -23
2905.5 -22.5
2906.5 -5.5
2907.5 27.25
2908.5 19.5
2909.5 28.5
2910.5 13.5
2911.5 13
2912.5 19.5
2913.5 -8.5
2914.5 13.5
2915.5 -1
2916.5 2.25
2917.5 11
2918.5 16.25
2919.5 28.5
2920.5 20
2921.5 -4.5
2922.5 2.75
2923.5 13.75
2924.5 -8.25
2925.5 -9.5
2926.5 29.5
2927.5 -18.25
2928.5 20.5
2929.5 -2.75
2930.5 18.25
2931.5 0.5
2932.5 6.75
2933.5 1.25
2934.5 19.75
2935.5 31
2936.5 -18.25
2937.5 -28.75
2938.5 -39
2939.5 -42.5
2940.5 -4
2941.5 34
2942.5 8.75
2943.5 -2.25
2944.5 55.75
2945.5 6
2946.5 2.5
2947.5 -23
2948.5 13.5
2949.5 29.25
2950.5 6.5
2951.5 3.25
2952.5 30
2953.5 39
2954.5 18.75
2955.5 -12.5
2956.5 15.5
2957.5 53.25
2958.5 6.5
2959.5 26.25
2960.5 17
2961.5 -7.75
2962.5 3.25
2963.5 24.5
2964.5 7.5
2965.5 10
2966.5 20.75
2967.5 13.5
2968.5 5.25
2969.5 -13
2970.5 31.25
2971.5 -15.25
2972.5 36.25
2973.5 -10
2974.5 28.75
2975.5 8
2976.5 23.5
2977.5 29.75
2978.5 1.75
2979.5 -1.25
2980.5 19.75
2981.5 -8.5
2982.5 -9.75
2983.5 9
2984.5 14.25
2985.5 7.25
2986.5 55.25
2987.5 21
2988.5 0.75
2989.5 9.5
2990.5 8.75
2991.5 8.75
2992.5 -15.25
2993.5 18.5
2994.5 12.5
2995.5 -3.75
2996.5 -0.25
2997.5 28.5
2998.5 18.25
2999.5 10.75
3000.5 -25.5
3001.5 2
3002.5 4.5
3003.5 -17
3004.5 14.5
3005.5 13.75
3006.5 4.5
3007.5 9.5
3008.5 -10.25
3009.5 18.25
3010.5 -23.5
3011.5 30
3012.5 18.5
3013.5 28.25
3014.5 -4.5
3015.5 -6.5
3016.5 11
3017.5 5
3018.5 -12.25
3019.5 37.75
3020.5 29.25
3021.5 6
3022.5 -17.5
3023.5 7.25
3024.5 20.25
3025.5 24.5
3026.5 1.5
3027.5 -1.25
3028.5 28
3029.5 8.25
3030.5 31.5
3031.5 8
3032.5 -10.5
3033.5 -1.75
3034.5 20.5
3035.5 6.5
3036.5 -16.5
3037.5 10.75
3038.5 4
3039.5 36.5
3040.5 -16
3041.5 3.5
3042.5 20.25
3043.5 20
3044.5 6.75
3045.5 -3
3046.5 7
3047.5 6.75
3048.5 -4.75
3049.5 8.25
3050.5 14.5
3051.5 74.5
3052.5 2.25
3053.5 35.75
3054.5 25.25
3055.5 14.25
3056.5 -9.25
3057.5 29.25
3058.5 -6.5
3059.5 0
3060.5 17.75
3061.5 16.25
3062.5 -17
3063.5 5.5
3064.5 -8.25
3065.5 25.25
3066.5 12.25
3067.5 17.5
3068.5 6
3069.5 8.5
3070.5 20
3071.5 -5
3072.5 34.5
3073.5 38.5
3074.5 3.25
3075.5 4.5
3076.5 15.75
3077.5 -7.25
3078.5 -1.25
3079.5 24
3080.5 8.75
3081.5 -12.25
3082.5 26
3083.5 31.5
3084.5 -5
3085.5 9.25
3086.5 14.5
3087.5 -3.5
3088.5 -2
3089.5 1.75
3090.5 30
3091.5 24
3092.5 -5.75
3093.5 13.25
3094.5 4.25
3095.5 9
3096.5 3
3097.5 -1
3098.5 16
3099.5 -9.25
3100.5 13.75
3101.5 -3.5
3102.5 -20.5
3103.5 34.75
3104.5 31.5
3105.5 -7.5
3106.5 -10.5
3107.5 15.25
3108.5 -6.5
3109.5 5.75
3110.5 7.75
3111.5 13.5
3112.5 -1.5
3113.5 15.75
3114.5 22.25
3115.5 19.75
3116.5 28.5
3117.5 18.25
3118.5 16.75
3119.5 -10.75
3120.5 10
3121.5 -10.75
3122.5 23.25
3123.5 -2.75
3124.5 -5.75
3125.5 -5
3126.5 29
3127.5 7.75
3128.5 -6.25
3129.5 -1.25
3130.5 6.25
3131.5 12.5
3132.5 -17.25
3133.5 -1
3134.5 40
3135.5 2.5
3136.5 30
3137.5 32.25
3138.5 26.5
3139.5 51.25
3140.5 46
3141.5 38.25
3142.5 52.75
3143.5 5
3144.5 1.5
3145.5 3.75
3146.5 -1.75
3147.5 11.25
3148.5 -19.25
3149.5 -49.75
3150.5 -29.75
3151.5 -54.75
3152.5 -31.75
3153.5 20.75
3154.5 13.25
3155.5 12.5
3156.5 -20.5
3157.5 7.75
3158.5 -6.25
3159.5 -13.5
3160.5 22
3161.5 2.25
3162.5 -7.25
3163.5 13.75
3164.5 -2.75
3165.5 -10
3166.5 23.25
3167.5 35.5
3168.5 4
3169.5 25.75
3170.5 7.5
3171.5 32
3172.5 27.75
3173.5 26.5
3174.5 16.75
3175.5 13.5
3176.5 4.25
3177.5 -1
3178.5 21.25
3179.5 16.25
3180.5 42
3181.5 16
3182.5 27.5
3183.5 2.5
3184.5 8.5
3185.5 -5
3186.5 36.75
3187.5 28.5
3188.5 41
3189.5 2.75
3190.5 14
3191.5 25.5
3192.5 11.25
3193.5 25
3194.5 23.25
3195.5 26.25
3196.5 33.5
3197.5 27.5
3198.5 5.25
3199.5 4.75
3200.5 -12.25
3201.5 -52.25
3202.5 -28.75
3203.5 3.5
3204.5 -37.5
3205.5 0.75
3206.5 -4.5
3207.5 7
3208.5 20
3209.5 -9.25
3210.5 37
3211.5 6.5
3212.5 -31
3213.5 -11
3214.5 -4.25
3215.5 26
3216.5 10.25
3217.5 1.75
3218.5 9
3219.5 7.5
3220.5 24
3221.5 34
3222.5 29
3223.5 -11.25
3224.5 13.75
3225.5 -12.75
3226.5 -15.5
3227.5 11.75
3228.5 13.75
3229.5 -14.25
3230.5 7.5
3231.5 10.5
3232.5 20.5
3233.5 -0.5
3234.5 -3.5
3235.5 7.5
3236.5 8
3237.5 30.5
3238.5 21
3239.5 29.75
3240.5 -25
3241.5 9.5
3242.5 64.25
3243.5 22.5
3244.5 -2
3245.5 12.25
3246.5 5.25
3247.5 18
3248.5 -1
3249.5 -1.5
3250.5 12.25
3251.5 5.5
3252.5 4.25
3253.5 4.5
3254.5 -9.5
3255.5 26
3256.5 31
3257.5 44.5
3258.5 34.5
3259.5 57
3260.5 28.75
3261.5 29.5
3262.5 44.5
3263.5 34.75
3264.5 72.25
3265.5 36
3266.5 21.5
3267.5 17.5
3268.5 2
3269.5 9.75
3270.5 -18.25
3271.5 17.5
3272.5 -1.5
3273.5 17.75
3274.5 12.5
3275.5 -9.75
3276.5 15.5
3277.5 8
3278.5 1.75
3279.5 18.75
3280.5 -1.5
3281.5 7.25
3282.5 23.5
3283.5 -4
3284.5 -3.75
3285.5 10.5
3286.5 10.25
3287.5 -10
3288.5 13.75
3289.5 -12
3290.5 13
3291.5 1.75
3292.5 -1.75
3293.5 3.25
3294.5 4.25
3295.5 5
3296.5 0
3297.5 13
3298.5 24
3299.5 -12.5
3300.5 27.25
3301.5 28
3302.5 -3.5
3303.5 -6.5
3304.5 9.25
3305.5 22.25
3306.5 15.25
3307.5 6.5
3308.5 12.25
3309.5 16
3310.5 27.5
3311.5 17
3312.5 -5
3313.5 26
3314.5 30.25
3315.5 31.25
3316.5 8.25
3317.5 3.75
3318.5 4
3319.5 7.5
3320.5 17.75
3321.5 0.75
3322.5 6.75
3323.5 19.5
3324.5 42
3325.5 23.5
3326.5 14.75
3327.5 -5.25
3328.5 7.25
3329.5 -0.25
3330.5 11.75
3331.5 29.5
3332.5 -0.75
3333.5 0.5
3334.5 14.75
3335.5 15.25
3336.5 7.75
3337.5 -0.5
3338.5 38
3339.5 -2.75
3340.5 10
3341.5 23.25
3342.5 15
3343.5 23.25
3344.5 5
3345.5 14.75
3346.5 16
3347.5 14
3348.5 -2.25
3349.5 7.25
3350.5 5.5
3351.5 24.75
3352.5 -22.75
3353.5 43.5
3354.5 -1.25
3355.5 7
3356.5 17.25
3357.5 25.25
3358.5 15.25
3359.5 9.75
3360.5 5.25
3361.5 7
3362.5 14
3363.5 19
3364.5 41.5
3365.5 19.25
3366.5 104.75
3367.5 84.25
3368.5 81.5
3369.5 25.5
3370.5 31.5
3371.5 14.75
3372.5 8.5
3373.5 21.75
3374.5 21.5
3375.5 17
3376.5 16
3377.5 23
3378.5 0.25
3379.5 24
3380.5 13.25
3381.5 16.25
3382.5 41
3383.5 29.25
3384.5 13.25
3385.5 24
3386.5 -13.5
3387.5 12
3388.5 -12.5
3389.5 25
3390.5 -2
3391.5 26.25
3392.5 14.75
3393.5 -34.75
3394.5 24.5
3395.5 17.25
3396.5 -32.75
3397.5 28
3398.5 7
3399.5 -8.75
3400.5 -2.25
3401.5 14.5
3402.5 -1.5
3403.5 6.75
3404.5 4.75
3405.5 3.25
3406.5 -6
3407.5 6
3408.5 6.75
3409.5 17
3410.5 17
3411.5 -18.75
3412.5 11.75
3413.5 -18
3414.5 -5.25
3415.5 11
3416.5 8.75
3417.5 17.25
3418.5 28.75
3419.5 6.25
3420.5 11.25
3421.5 11.75
3422.5 -4.75
3423.5 4.75
3424.5 -11.5
3425.5 5.75
3426.5 47.75
3427.5 35
3428.5 33
3429.5 20.5
3430.5 23.5
3431.5 -13
3432.5 -7
3433.5 -1.25
3434.5 -15.75
3435.5 -6
3436.5 20.25
3437.5 -4.25
3438.5 0.25
3439.5 -43.25
3440.5 5
3441.5 -0.5
3442.5 1.5
3443.5 9
3444.5 35.25
3445.5 9.25
3446.5 14
3447.5 36.5
3448.5 -7.75
3449.5 3
3450.5 14
3451.5 -5.5
3452.5 15
3453.5 4.75
3454.5 -9
3455.5 18
3456.5 16.75
3457.5 18
3458.5 6
3459.5 3.75
3460.5 6.75
3461.5 18
3462.5 1
3463.5 6.75
3464.5 2.5
3465.5 15.25
3466.5 -11
3467.5 -1.25
3468.5 -1.25
3469.5 11.75
3470.5 1
3471.5 11.5
3472.5 26
3473.5 -6.75
3474.5 -19.75
3475.5 22.5
3476.5 -9.5
3477.5 -22.5
3478.5 -8.25
3479.5 3
3480.5 11.5
3481.5 16.75
3482.5 -6
3483.5 14
3484.5 11.25
3485.5 3.25
3486.5 19.25
3487.5 -8.5
3488.5 9
3489.5 29.5
3490.5 10
3491.5 14.75
3492.5 -0.5
3493.5 26
3494.5 -8.5
3495.5 4
3496.5 2.5
3497.5 4.75
3498.5 18.5
3499.5 24.25
3500.5 18.75
3501.5 10.75
3502.5 20.75
3503.5 11.5
3504.5 22.5
3505.5 39.25
3506.5 40
3507.5 33
3508.5 38
3509.5 29
3510.5 12
3511.5 30.5
3512.5 0.5
3513.5 9.25
3514.5 30.5
3515.5 8.75
3516.5 28.75
3517.5 8
3518.5 1
3519.5 12.75
3520.5 -16.5
3521.5 -2.5
3522.5 8.5
3523.5 17.75
3524.5 26.25
3525.5 15.5
3526.5 11.25
3527.5 6.75
3528.5 -7
3529.5 3.5
3530.5 1.25
3531.5 -2
3532.5 -1.25
3533.5 -0.25
3534.5 23.25
3535.5 1.25
3536.5 11
3537.5 -0.5
3538.5 2
3539.5 15.25
3540.5 -3.75
3541.5 3.75
3542.5 0.75
3543.5 7.25
3544.5 -3.25
3545.5 5.75
3546.5 6
3547.5 10.25
3548.5 -8
3549.5 5.25
3550.5 14.75
3551.5 -7
3552.5 4.25
3553.5 -7.25
3554.5 16
3555.5 -3
3556.5 14.25
3557.5 -3.75
3558.5 -2.5
3559.5 -7.5
3560.5 20.5
3561.5 11.25
3562.5 -0.25
3563.5 1
3564.5 18.5
3565.5 -0.75
3566.5 -32.25
3567.5 9.25
3568.5 -2.75
3569.5 30.75
3570.5 7.25
3571.5 6.5
3572.5 10.5
3573.5 -0.75
3574.5 17.25
3575.5 -15.25
3576.5 17.75
3577.5 -1.25
3578.5 17
3579.5 14.5
3580.5 14.25
3581.5 -3
3582.5 12.5
3583.5 33.5
3584.5 10
3585.5 -7
3586.5 22.5
3587.5 1.5
3588.5 4
3589.5 59
3590.5 -9
3591.5 -6
3592.5 -13.25
3593.5 3
3594.5 0.25
3595.5 24.75
3596.5 -8.75
3597.5 9
3598.5 15
3599.5 2.5
3600.5 -3.75
3601.5 0
3602.5 7.5
3603.5 13
3604.5 -9.5
3605.5 25.5
3606.5 -5.25
3607.5 -3.25
3608.5 -4
3609.5 5.25
3610.5 -22
3611.5 11
3612.5 5
3613.5 35
3614.5 9
3615.5 4.25
3616.5 4.75
3617.5 -0.25
3618.5 31.5
3619.5 15.75
3620.5 16.5
3621.5 -1
3622.5 15.5
3623.5 10
3624.5 6.25
3625.5 4.5
3626.5 9.25
3627.5 18.75
3628.5 -16.5
3629.5 2.5
3630.5 11.75
3631.5 16.5
3632.5 -9.5
3633.5 -4.5
3634.5 19.25
3635.5 4.25
3636.5 4.75
3637.5 25.5
3638.5 9.75
3639.5 4.75
3640.5 -6.5
3641.5 8.75
3642.5 -2.25
3643.5 9.75
3644.5 17.75
3645.5 1.75
3646.5 29
3647.5 -0.25
3648.5 38.5
3649.5 8.75
3650.5 17.25
3651.5 6.75
3652.5 -0.25
3653.5 27.25
3654.5 16.5
3655.5 12
3656.5 26
3657.5 -3
3658.5 14.5
3659.5 -2.5
3660.5 3.25
3661.5 -12.25
3662.5 14.75
3663.5 20.25
3664.5 7.5
3665.5 12.25
3666.5 11.25
3667.5 -15.5
3668.5 -2.75
3669.5 -7.25
3670.5 -3.75
3671.5 -42.25
3672.5 -14.75
3673.5 -18.25
3674.5 -37
3675.5 -1.25
3676.5 0
3677.5 -9
3678.5 10.5
3679.5 24.5
3680.5 2.25
3681.5 40.5
3682.5 21.75
3683.5 13.5
3684.5 22.25
3685.5 17.75
3686.5 9.75
3687.5 -15.5
3688.5 13.75
3689.5 -8.75
3690.5 11.75
3691.5 7.25
3692.5 7
3693.5 23.75
3694.5 13.75
3695.5 6.5
3696.5 7.25
3697.5 20.5
3698.5 -0.5
3699.5 -14.25
3700.5 8.25
3701.5 5
3702.5 -18
3703.5 7.75
3704.5 0.25
3705.5 4.75
3706.5 -0.25
3707.5 -0.75
3708.5 9.5
3709.5 12.75
3710.5 14.5
3711.5 12.75
3712.5 10
3713.5 3
3714.5 14.5
3715.5 4.25
3716.5 -11
3717.5 -3.75
3718.5 3.75
3719.5 -0.5
3720.5 6
3721.5 -11
3722.5 3.5
3723.5 -15.75
3724.5 14.5
3725.5 15.75
3726.5 -4.25
3727.5 8.5
3728.5 -1
3729.5 14.5
3730.5 8.5
3731.5 -30.25
3732.5 -9.5
3733.5 1.25
3734.5 -23.5
3735.5 -15.5
3736.5 -19.5
3737.5 15
3738.5 3.75
3739.5 13
3740.5 3
3741.5 8
3742.5 7
3743.5 3.25
3744.5 27.5
3745.5 6
3746.5 6
3747.5 12.25
3748.5 13.5
3749.5 28
3750.5 -1.75
3751.5 17.75
3752.5 19.5
3753.5 23
3754.5 21.75
3755.5 7.25
3756.5 29
3757.5 1.5
3758.5 11
3759.5 18
3760.5 9.5
3761.5 12.25
3762.5 13.75
3763.5 -2.5
3764.5 -6.25
3765.5 -9.5
3766.5 18.5
3767.5 2
3768.5 10.75
3769.5 -19.5
3770.5 10
3771.5 2
3772.5 0.25
3773.5 9
3774.5 -25.75
3775.5 -15.5
3776.5 1
3777.5 13
3778.5 10.5
3779.5 -15.75
3780.5 8.75
3781.5 19.5
3782.5 6
3783.5 11.25
3784.5 -1
3785.5 11.5
3786.5 0.5
3787.5 -6.75
3788.5 24.5
3789.5 -1.25
3790.5 14.25
3791.5 6
3792.5 21.25
3793.5 0.75
3794.5 -12.75
3795.5 -14.75
3796.5 -13.25
3797.5 0.5
3798.5 -0.5
3799.5 -7
3800.5 11.75
3801.5 22
3802.5 16.5
3803.5 4.5
3804.5 -1
3805.5 31
3806.5 15.75
3807.5 21.25
3808.5 -7.5
3809.5 -3.25
3810.5 -23.25
3811.5 18.5
3812.5 6.5
3813.5 3
3814.5 6.25
3815.5 -5.75
3816.5 31.5
3817.5 32.5
3818.5 11.25
3819.5 3
3820.5 -9.75
3821.5 -5.25
3822.5 -6
3823.5 7.5
3824.5 2.5
3825.5 12
3826.5 -10.5
3827.5 -13.5
3828.5 -4.75
3829.5 -18.75
3830.5 -8.5
3831.5 -9.5
3832.5 6
3833.5 -6
3834.5 22.75
3835.5 -16
3836.5 9
3837.5 12.25
3838.5 8.75
3839.5 -4.5
3840.5 8.25
3841.5 7.25
3842.5 -2.5
3843.5 -12.75
3844.5 -13.25
3845.5 27.5
3846.5 18
3847.5 15
3848.5 2.25
3849.5 -10
3850.5 -0.25
3851.5 4.25
3852.5 4.75
3853.5 26.75
3854.5 11.25
3855.5 0.75
3856.5 15
3857.5 -16.5
3858.5 18
3859.5 -16.5
3860.5 5.75
3861.5 0.75
3862.5 -23.5
3863.5 -11
3864.5 1.5
3865.5 -13.75
3866.5 15.25
3867.5 31.5
3868.5 28.75
3869.5 39
3870.5 4.25
3871.5 15.5
3872.5 14
3873.5 4.75
3874.5 12
3875.5 -4
3876.5 0
3877.5 15.25
3878.5 5
3879.5 1.5
3880.5 19.5
3881.5 16.75
3882.5 33.75
3883.5 3.75
3884.5 14
3885.5 35.25
3886.5 45
3887.5 29
3888.5 15.5
3889.5 22.25
3890.5 14
3891.5 32.75
3892.5 21.75
3893.5 18.5
3894.5 20.25
3895.5 -1.75
3896.5 7
3897.5 11
3898.5 10.5
3899.5 -2.25
3900.5 16.25
3901.5 4.25
3902.5 0.5
3903.5 3
3904.5 1.25
3905.5 1.75
3906.5 24.75
3907.5 -1.75
3908.5 17
3909.5 -10
3910.5 26.25
3911.5 16.5
3912.5 10
3913.5 -1
3914.5 9.25
3915.5 -9.75
3916.5 -10.25
3917.5 1.5
3918.5 0.75
3919.5 5
3920.5 4
3921.5 9
3922.5 15.75
3923.5 12.5
3924.5 16.5
3925.5 12.75
3926.5 29.75
3927.5 -6
3928.5 1.5
3929.5 13.75
3930.5 29.25
3931.5 20
3932.5 2.5
3933.5 18.5
3934.5 6
3935.5 13.25
3936.5 1.75
3937.5 -11
3938.5 18
3939.5 5.75
3940.5 17
3941.5 -14.75
3942.5 2.75
3943.5 7.75
3944.5 6.25
3945.5 12
3946.5 -6.75
3947.5 -2.25
3948.5 -12
3949.5 2.25
3950.5 -24.5
3951.5 -4.5
3952.5 -1
3953.5 14.25
3954.5 12
3955.5 -10
3956.5 7
3957.5 -29
3958.5 12.25
3959.5 20.75
3960.5 13.5
3961.5 15.25
3962.5 -8
3963.5 -5.75
3964.5 9.75
3965.5 7
3966.5 5
3967.5 -18.75
3968.5 -4.25
3969.5 -3.75
3970.5 9
3971.5 -1.25
3972.5 7
3973.5 8.75
3974.5 -14.25
3975.5 6.5
3976.5 0.5
3977.5 12
3978.5 0.5
3979.5 -9.25
3980.5 4.5
3981.5 17.25
3982.5 19.25
3983.5 5
3984.5 10
3985.5 12.75
3986.5 11.75
3987.5 -7.25
3988.5 -7.5
3989.5 -8.5
3990.5 16
3991.5 18.25
3992.5 3.75
3993.5 -0.75
3994.5 6.75
3995.5 16.25
3996.5 -10.5
3997.5 -10.25
3998.5 33.75
3999.5 -17.25
4000.5 -6.75
4001.5 8
4002.5 -0.75
4003.5 9
4004.5 21
4005.5 8.25
4006.5 29.75
4007.5 21.25
4008.5 23
4009.5 11.5
4010.5 -2.75
4011.5 -6.5
4012.5 19
4013.5 5
4014.5 -18
4015.5 -6.75
4016.5 6.5
4017.5 -3
4018.5 -2.25
4019.5 2
4020.5 4.75
4021.5 6
4022.5 1.25
4023.5 -0.5
4024.5 -19.75
4025.5 -6.25
4026.5 14.5
4027.5 11.75
4028.5 18.75
4029.5 -4.75
4030.5 4.75
4031.5 17.75
4032.5 35.5
4033.5 13.5
4034.5 6
4035.5 27
4036.5 -3
4037.5 10.5
4038.5 11.75
4039.5 13.25
4040.5 17.25
4041.5 3
4042.5 6.5
4043.5 23.25
4044.5 7.5
4045.5 -0.5
4046.5 8.25
4047.5 4.5
4048.5 2.75
4049.5 6.5
4050.5 1.75
4051.5 -11.25
4052.5 17.75
4053.5 -5.75
4054.5 5.75
4055.5 -3.5
4056.5 0
4057.5 2.25
4058.5 0.5
4059.5 18.25
4060.5 19.5
4061.5 1.25
4062.5 5
4063.5 3.75
4064.5 -13.5
4065.5 8.75
4066.5 -17.75
4067.5 4.25
4068.5 10.25
4069.5 -6.25
4070.5 14.5
4071.5 10.25
4072.5 2.25
4073.5 22.75
4074.5 -9.75
4075.5 -2
4076.5 17
4077.5 5
4078.5 -0.5
4079.5 -24
4080.5 -3
4081.5 -9
4082.5 -0.5
4083.5 -15.5
4084.5 -10
4085.5 15.5
4086.5 -2.75
4087.5 14.5
4088.5 2.5
4089.5 10.75
4090.5 -2.25
4091.5 21.75
4092.5 -22
4093.5 -6.25
4094.5 5.5
4095.5 -4.75
4096.5 1.5
4097.5 23.75
4098.5 0.25
4099.5 -11
4100.5 20
4101.5 15
4102.5 -4.75
4103.5 -2.75
4104.5 8
4105.5 -0.75
4106.5 12.25
4107.5 -5.75
4108.5 16.75
4109.5 2.25
4110.5 0.75
4111.5 12.5
4112.5 10.5
4113.5 -6
4114.5 24.25
4115.5 -6.5
4116.5 5
4117.5 5.75
4118.5 18.25
4119.5 23
4120.5 5.75
4121.5 3.75
4122.5 6.5
4123.5 -0.25
4124.5 0.75
4125.5 -8
4126.5 3.75
4127.5 -16.5
4128.5 -3.5
4129.5 2.5
4130.5 -2
4131.5 16.5
4132.5 5.5
4133.5 -16.5
4134.5 11.5
4135.5 -4
4136.5 2
4137.5 0.25
4138.5 -2.5
4139.5 11.75
4140.5 -1
4141.5 -0.25
4142.5 -5.5
4143.5 17.75
4144.5 16.75
4145.5 -1.25
4146.5 3.75
4147.5 2
4148.5 3.75
4149.5 -1.5
4150.5 12.25
4151.5 -4.5
4152.5 7.25
4153.5 -3.25
4154.5 5
4155.5 -2
4156.5 3
4157.5 2.25
4158.5 -10.5
4159.5 -8
4160.5 -2.25
4161.5 6.5
4162.5 4
4163.5 -17.75
4164.5 3.5
4165.5 -6.75
4166.5 24.25
4167.5 7
4168.5 27
4169.5 24.5
4170.5 -3.75
4171.5 0.75
4172.5 -7.25
4173.5 -16
4174.5 2.25
4175.5 17
4176.5 -13
4177.5 16.5
4178.5 16
4179.5 9.25
4180.5 -12.5
4181.5 10.25
4182.5 -2
4183.5 -1.25
4184.5 3.75
4185.5 12
4186.5 -8
4187.5 17.25
4188.5 -8.25
4189.5 -12
4190.5 -3.5
4191.5 -4.75
4192.5 0.75
4193.5 -2.25
4194.5 -9.75
4195.5 -2.25
4196.5 -2
4197.5 0
4198.5 10
4199.5 9
4200.5 -10.25
4201.5 15.25
4202.5 23.25
4203.5 30.5
4204.5 6.25
4205.5 19
4206.5 7.25
4207.5 8
4208.5 24
4209.5 9.75
4210.5 -5.5
4211.5 0.25
4212.5 19.25
4213.5 9.5
4214.5 15
4215.5 -4.5
4216.5 28
4217.5 12.5
4218.5 17.5
4219.5 4.5
4220.5 23.5
4221.5 16.5
4222.5 2
4223.5 14
4224.5 -1.25
4225.5 -2
4226.5 3.75
4227.5 0.5
4228.5 23
4229.5 15.25
4230.5 7.75
4231.5 19.5
4232.5 9.75
4233.5 7
4234.5 3.75
4235.5 6.5
4236.5 7.5
4237.5 19.5
4238.5 -6
4239.5 13.75
4240.5 4.75
4241.5 -0.75
4242.5 9.75
4243.5 17.75
4244.5 -8.75
4245.5 20.25
4246.5 -2
4247.5 9
4248.5 -22.75
4249.5 -6
4250.5 15.5
4251.5 8.5
4252.5 17.75
4253.5 -8.75
4254.5 22.25
4255.5 -1.25
4256.5 3
4257.5 17.25
4258.5 24.5
4259.5 2
4260.5 12.5
4261.5 11
4262.5 16.5
4263.5 3.75
4264.5 9.75
4265.5 8.5
4266.5 10.25
4267.5 4
4268.5 6.5
4269.5 -15
4270.5 -15.5
4271.5 -8.75
4272.5 6.75
4273.5 -6.25
4274.5 1.5
4275.5 10.75
4276.5 7.75
4277.5 2.75
4278.5 -0.75
4279.5 -1.25
4280.5 4.25
4281.5 9.5
4282.5 12.75
4283.5 2
4284.5 -16
4285.5 13.25
4286.5 8.25
4287.5 4.5
4288.5 2
4289.5 28
4290.5 21.75
4291.5 5.25
4292.5 10.5
4293.5 18
4294.5 4.75
4295.5 17
4296.5 -1.75
4297.5 -4
4298.5 -1
4299.5 11
4300.5 -3.75
4301.5 6.5
4302.5 -12
4303.5 3.5
4304.5 4
4305.5 6.5
4306.5 -15
4307.5 10.5
4308.5 17.5
4309.5 -9.75
4310.5 -5.25
4311.5 7.25
4312.5 13.75
4313.5 6.75
4314.5 -2
4315.5 6.25
4316.5 -4.5
4317.5 -8.75
4318.5 9.25
4319.5 -7.75
4320.5 -17.75
4321.5 -1
4322.5 6.25
4323.5 18.5
4324.5 -1
4325.5 6.5
4326.5 2.75
4327.5 10.5
4328.5 2.25
4329.5 14.25
4330.5 -10.25
4331.5 9.5
4332.5 1.5
4333.5 0
4334.5 -8
4335.5 2.25
4336.5 7.5
4337.5 -27.5
4338.5 -5.5
4339.5 -0.75
4340.5 16.5
4341.5 -9
4342.5 13.5
4343.5 2.5
4344.5 17.25
4345.5 -3.25
4346.5 14.75
4347.5 21.25
4348.5 17.25
4349.5 18.25
4350.5 11.75
4351.5 27.75
4352.5 9.75
4353.5 25.25
4354.5 -4.5
4355.5 16.25
4356.5 1.5
4357.5 -12.25
4358.5 12.75
4359.5 9.25
4360.5 -9.5
4361.5 21
4362.5 -8
4363.5 6
4364.5 -3.75
4365.5 8.75
4366.5 -16.25
4367.5 20.25
4368.5 4.25
4369.5 3.25
4370.5 13.5
4371.5 1.25
4372.5 15.75
4373.5 5
4374.5 1.5
4375.5 2
4376.5 7.75
4377.5 1
4378.5 -7.25
4379.5 -3.75
4380.5 16.75
4381.5 -8.5
4382.5 9.5
4383.5 10
4384.5 -3
4385.5 12.25
4386.5 14
4387.5 -7.5
4388.5 16.75
4389.5 35
4390.5 20
4391.5 26.5
4392.5 9.5
4393.5 32
4394.5 33.25
4395.5 10.5
4396.5 10.75
4397.5 16.25
4398.5 9.75
4399.5 18.5
4400.5 7
4401.5 20.75
4402.5 8.75
4403.5 -16.75
4404.5 -3
4405.5 -4.25
4406.5 0.25
4407.5 10.75
4408.5 20.25
4409.5 -33.25
4410.5 8
4411.5 0.25
4412.5 7.25
4413.5 3.75
4414.5 2.25
4415.5 -3
4416.5 10.75
4417.5 -5.5
4418.5 16.25
4419.5 15
4420.5 1.5
4421.5 3.25
4422.5 10
4423.5 1
4424.5 12.5
4425.5 3.5
4426.5 3.5
4427.5 9.75
4428.5 14.5
4429.5 23.25
4430.5 0.5
4431.5 12
4432.5 -3.25
4433.5 -5.5
4434.5 8.75
4435.5 -10
4436.5 -11.75
4437.5 10.5
4438.5 -8.75
4439.5 -2.5
4440.5 -4.25
4441.5 2.75
4442.5 -0.5
4443.5 13.5
4444.5 20
4445.5 -3.5
4446.5 2.5
4447.5 -1
4448.5 11.5
4449.5 22.25
4450.5 15.75
4451.5 20
4452.5 8
4453.5 2.75
4454.5 5.5
4455.5 32.25
4456.5 14.5
4457.5 -4.75
4458.5 -11.5
4459.5 -16
4460.5 -38.25
4461.5 -35.25
4462.5 -50.25
4463.5 -0.5
4464.5 -6
4465.5 7.25
4466.5 8.5
4467.5 5.5
4468.5 -5.75
4469.5 1
4470.5 2.25
4471.5 2.5
4472.5 16.75
4473.5 2
4474.5 28
4475.5 6
4476.5 12
4477.5 14
4478.5 7
4479.5 11
4480.5 11.25
4481.5 8.75
4482.5 6.5
4483.5 -3
4484.5 17.75
4485.5 17
4486.5 3.75
4487.5 -0.5
4488.5 -12.5
4489.5 -4
4490.5 18.75
4491.5 30
4492.5 12.75
4493.5 30.25
4494.5 10
4495.5 12.75
4496.5 6.5
4497.5 -8.25
4498.5 19.25
4499.5 -9.25
4500.5 29.5
4501.5 14.5
4502.5 19.25
4503.5 23.25
4504.5 13.5
4505.5 8.5
4506.5 12.75
4507.5 4.25
4508.5 -1.75
4509.5 7.5
4510.5 4.75
4511.5 -9.5
4512.5 0.25
4513.5 2
4514.5 17.25
4515.5 23.75
4516.5 3.25
4517.5 7.25
4518.5 31.75
4519.5 16.75
4520.5 3.5
4521.5 6.25
4522.5 9.5
4523.5 14.75
4524.5 4.75
4525.5 7.5
4526.5 -1
4527.5 9.25
4528.5 5.25
4529.5 17.75
4530.5 18.5
4531.5 24.5
4532.5 20.25
4533.5 7
4534.5 33
4535.5 35.5
4536.5 31
4537.5 10.5
4538.5 9.5
4539.5 1.25
4540.5 -1
4541.5 -4.25
4542.5 14
4543.5 20.75
4544.5 -8.75
4545.5 -1
4546.5 11.25
4547.5 13.75
4548.5 14.25
4549.5 15
4550.5 25.75
4551.5 8.75
4552.5 32.5
4553.5 12
4554.5 20
4555.5 31.25
4556.5 12.25
4557.5 17.75
4558.5 20.25
4559.5 -2.5
4560.5 -4.5
4561.5 -19.25
4562.5 -35
4563.5 -25.5
4564.5 -41.75
4565.5 -29.75
4566.5 -25.5
4567.5 -18.25
4568.5 7
4569.5 -3.5
4570.5 -8.75
4571.5 20
4572.5 -16.5
4573.5 13.75
4574.5 15
4575.5 15.5
4576.5 11.75
4577.5 19.25
4578.5 -12.5
4579.5 3.75
4580.5 3
4581.5 -10
4582.5 2.25
4583.5 10.75
4584.5 18.25
4585.5 26
4586.5 8.5
4587.5 15.25
4588.5 0.75
4589.5 7
4590.5 3
4591.5 -4.5
4592.5 9.25
4593.5 8.5
4594.5 -4.5
4595.5 14
4596.5 15
4597.5 7.25
4598.5 -2.75
4599.5 13
4600.5 -1
4601.5 24.75
4602.5 3
4603.5 -3.25
4604.5 -3
4605.5 -19
4606.5 -5.5
4607.5 9.25
4608.5 -7.25
4609.5 -2
4610.5 -1.75
4611.5 2
4612.5 23
4613.5 0.5
4614.5 -1
4615.5 10.5
4616.5 -7
4617.5 27.75
4618.5 10
4619.5 18.75
4620.5 21
4621.5 41.25
4622.5 12.5
4623.5 8.5
4624.5 -2.5
4625.5 -2
4626.5 -3.25
4627.5 19
4628.5 25.5
4629.5 16
4630.5 21.25
4631.5 -1.5
4632.5 14.5
4633.5 7.5
4634.5 18.75
4635.5 12.75
4636.5 0
4637.5 17.5
4638.5 -8.5
4639.5 16.5
4640.5 -11.25
4641.5 5.75
4642.5 0.75
4643.5 6.25
4644.5 5.75
4645.5 19.25
4646.5 -2
4647.5 13.75
4648.5 2.75
4649.5 -11.5
4650.5 17.75
4651.5 -8.5
4652.5 20.5
4653.5 11.5
4654.5 -8.5
4655.5 7.5
4656.5 14.25
4657.5 -3.25
4658.5 8.25
4659.5 2
4660.5 -12.75
4661.5 5
4662.5 0.25
4663.5 0.5
4664.5 -3
4665.5 15.75
4666.5 9.25
4667.5 -5.75
4668.5 2.75
4669.5 11.25
4670.5 -15.25
4671.5 4.5
4672.5 11
4673.5 7.5
4674.5 -0.25
4675.5 -18
4676.5 11
4677.5 16.5
4678.5 -16.25
4679.5 10.5
4680.5 -12.75
4681.5 1.5
4682.5 3
4683.5 5.25
4684.5 19
4685.5 0.5
4686.5 8.5
4687.5 5.75
4688.5 7.25
4689.5 -7
4690.5 20.5
4691.5 7.25
4692.5 -2.5
4693.5 -0.75
4694.5 14.25
4695.5 7.5
4696.5 -3.25
4697.5 1.25
4698.5 13.75
4699.5 1.5
4700.5 21.75
4701.5 0.25
4702.5 3.5
4703.5 -12.5
4704.5 16.25
4705.5 7.75
4706.5 5.75
4707.5 15
4708.5 3.75
4709.5 10.75
4710.5 -1.25
4711.5 22.25
4712.5 26.25
4713.5 0.5
4714.5 4
4715.5 2.5
4716.5 8.5
4717.5 7
4718.5 23.5
4719.5 11.75
4720.5 2.25
4721.5 5.5
4722.5 -9
4723.5 0.25
4724.5 28
4725.5 21
4726.5 40.25
4727.5 38.5
4728.5 79.75
4729.5 44.5
4730.5 56
4731.5 18.5
4732.5 8.5
4733.5 8
4734.5 12.5
4735.5 29.5
4736.5 25.25
4737.5 1.75
4738.5 12
4739.5 -0.25
4740.5 8.25
4741.5 4
4742.5 10.25
4743.5 3
4744.5 19
4745.5 16.5
4746.5 20.5
4747.5 10.75
4748.5 12.75
4749.5 24
4750.5 7
4751.5 3.25
4752.5 -8
4753.5 16.25
4754.5 7
4755.5 3
4756.5 -2.75
4757.5 7.75
4758.5 -3.5
4759.5 20.75
4760.5 13.5
4761.5 2.25
4762.5 16.25
4763.5 8.75
4764.5 -6.75
4765.5 4.25
4766.5 7.25
4767.5 13.75
4768.5 21.75
4769.5 -15.75
4770.5 11
4771.5 -9.75
4772.5 7.5
4773.5 0
4774.5 -3.5
4775.5 4
4776.5 1.75
4777.5 -1.5
4778.5 -2.5
4779.5 1.25
4780.5 23.5
4781.5 14.25
4782.5 3.75
4783.5 3.75
4784.5 6.75
4785.5 11.5
4786.5 9.75
4787.5 5.25
4788.5 21
4789.5 3.75
4790.5 18
4791.5 3.25
4792.5 -5.5
4793.5 6.75
4794.5 -2
4795.5 4.25
4796.5 10.25
4797.5 -4.5
4798.5 13.25
4799.5 8.5
4800.5 -2.25
4801.5 10.5
4802.5 -2
4803.5 12
4804.5 -7.25
4805.5 7
4806.5 6.25
4807.5 7.25
4808.5 6
4809.5 -0.25
4810.5 -15.75
4811.5 6.25
4812.5 5.5
4813.5 -5.5
4814.5 0
4815.5 6.75
4816.5 4.75
4817.5 7.25
4818.5 20.75
4819.5 4.25
4820.5 14.25
4821.5 8.75
4822.5 5.75
4823.5 5
4824.5 3
4825.5 -5
4826.5 0.5
4827.5 3
4828.5 6
4829.5 -1.75
4830.5 22.75
4831.5 9.25
4832.5 25.25
4833.5 7
4834.5 -1.25
4835.5 5
4836.5 18.25
4837.5 -0.5
4838.5 1.5
4839.5 24.5
4840.5 28
4841.5 -0.75
4842.5 3.5
4843.5 11.75
4844.5 18.5
4845.5 -6.5
4846.5 7.75
4847.5 1.75
4848.5 2.25
4849.5 -14.5
4850.5 2.75
4851.5 8.75
4852.5 11
4853.5 11
4854.5 20
4855.5 16
4856.5 4.75
4857.5 3.75
4858.5 6.5
4859.5 4.75
4860.5 13.75
4861.5 3.75
4862.5 15.75
4863.5 4.75
4864.5 7.75
4865.5 10
4866.5 5
4867.5 8.5
4868.5 23.75
4869.5 17.25
4870.5 2.5
4871.5 12.5
4872.5 22.25
4873.5 -2.5
4874.5 10
4875.5 -1.25
4876.5 3.5
4877.5 8.5
4878.5 43.75
4879.5 14
4880.5 -1.25
4881.5 -8.75
4882.5 -4.5
4883.5 15.75
4884.5 18
4885.5 5.25
4886.5 12.25
4887.5 -2.75
4888.5 -4.25
4889.5 8
4890.5 -1
4891.5 8.5
4892.5 10
4893.5 5.75
4894.5 -12.5
4895.5 11.5
4896.5 8.5
4897.5 -4
4898.5 8.75
4899.5 7.5
4900.5 30.75
4901.5 48
4902.5 52.25
4903.5 91.5
4904.5 63.5
4905.5 68
4906.5 52.75
4907.5 19.75
4908.5 15
4909.5 25
4910.5 15.5
4911.5 7
4912.5 8.75
4913.5 2
4914.5 -2
4915.5 20.5
4916.5 17.25
4917.5 -3.25
4918.5 20
4919.5 7.75
4920.5 4.5
4921.5 -10.25
4922.5 13.5
4923.5 1
4924.5 17.75
4925.5 6.75
4926.5 27.25
4927.5 7.25
4928.5 24.25
4929.5 29
4930.5 17.25
4931.5 -3.5
4932.5 33.75
4933.5 17.5
4934.5 7.25
4935.5 -17.5
4936.5 9
4937.5 17.25
4938.5 11.75
4939.5 7.75
4940.5 18
4941.5 7.25
4942.5 11.75
4943.5 3.25
4944.5 5.25
4945.5 -11.25
4946.5 0.25
4947.5 -6.25
4948.5 5.25
4949.5 10.75
4950.5 17.25
4951.5 15.25
4952.5 -5.75
4953.5 10
4954.5 -5.25
4955.5 6.5
4956.5 7
4957.5 -3.75
4958.5 11.5
4959.5 18.25
4960.5 4.5
4961.5 4
4962.5 12.5
4963.5 5.75
4964.5 -7.75
4965.5 6
4966.5 15.75
4967.5 22.5
4968.5 8.5
4969.5 12
4970.5 0.5
4971.5 3
4972.5 -16
4973.5 5.75
4974.5 -9.5
4975.5 6
4976.5 -5.5
4977.5 9
4978.5 17.25
4979.5 7.5
4980.5 17
4981.5 13
4982.5 4.75
4983.5 4.5
4984.5 -7.75
4985.5 19.5
4986.5 -1.25
4987.5 16
4988.5 11.75
4989.5 24.75
4990.5 2.25
4991.5 19.5
4992.5 11.25
4993.5 5
4994.5 1
4995.5 18.5
4996.5 13.75
4997.5 14
4998.5 8.25
4999.5 23.75
5000.5 1.5
5001.5 8.5
5002.5 -4.25
5003.5 -1.75
5004.5 9.5
5005.5 8
5006.5 16.75
5007.5 2.5
5008.5 1.5
5009.5 6.5
5010.5 8.75
5011.5 -12
5012.5 7.5
5013.5 5.5
5014.5 14.5
5015.5 5.25
5016.5 11.25
5017.5 3.25
5018.5 4.75
5019.5 27.25
5020.5 10
5021.5 1
5022.5 11.5
5023.5 10.25
5024.5 12.5
5025.5 -6.75
5026.5 -6.75
5027.5 -6.5
5028.5 -4
5029.5 35.75
5030.5 5.75
5031.5 9.5
5032.5 13.5
5033.5 32
5034.5 23.75
5035.5 15.75
5036.5 0.25
5037.5 -1.75
5038.5 10
5039.5 -19.75
5040.5 7.25
5041.5 27.25
5042.5 28.75
5043.5 27
5044.5 62
5045.5 86.75
5046.5 98.75
5047.5 71.5
5048.5 43.25
5049.5 9
5050.5 12.5
5051.5 1.75
5052.5 20.75
5053.5 7.25
5054.5 -5.75
5055.5 -2.25
5056.5 10.5
5057.5 8
5058.5 14.5
5059.5 0.75
5060.5 8
5061.5 -8.25
5062.5 8
5063.5 14
5064.5 8.25
5065.5 7
5066.5 -0.25
5067.5 5.75
5068.5 24.5
5069.5 13.5
5070.5 11.25
5071.5 -1.75
5072.5 1.75
5073.5 -1.25
5074.5 5
5075.5 4.5
5076.5 11
5077.5 -18.5
5078.5 6
5079.5 0.5
5080.5 -7.25
5081.5 -7
5082.5 29
5083.5 -8.25
5084.5 1.75
5085.5 0.5
5086.5 13.75
5087.5 0
5088.5 4.5
5089.5 -8.75
5090.5 -0.25
5091.5 19
5092.5 21
5093.5 10.25
5094.5 -9.75
5095.5 15
5096.5 -4.25
5097.5 20
5098.5 15.5
5099.5 24
5100.5 14.5
5101.5 37
5102.5 18.25
5103.5 52
5104.5 26
5105.5 9.25
5106.5 9.25
5107.5 -2.25
5108.5 10.5
5109.5 -1.5
5110.5 -0.75
5111.5 10
5112.5 -8.5
5113.5 -0.5
5114.5 11.75
5115.5 3.25
5116.5 1
5117.5 14.5
5118.5 5.75
5119.5 18
5120.5 9.75
5121.5 -4
5122.5 8.75
5123.5 1.25
5124.5 12.25
5125.5 6
5126.5 -7.25
5127.5 -7
5128.5 5.75
5129.5 2.5
5130.5 14.25
5131.5 8
5132.5 20.75
5133.5 2.75
5134.5 11.75
5135.5 -4.75
5136.5 13
5137.5 -1.25
5138.5 -1
5139.5 22
5140.5 16.5
5141.5 12.25
5142.5 -8.25
5143.5 1.75
5144.5 0.5
5145.5 9.5
5146.5 6
5147.5 8
5148.5 19.25
5149.5 21.25
5150.5 24.5
5151.5 -0.5
5152.5 11.75
5153.5 7.75
5154.5 12.75
5155.5 2.25
5156.5 -4
5157.5 -1.5
5158.5 11.5
5159.5 -2.25
5160.5 -8.75
5161.5 -19.5
5162.5 0.75
5163.5 -3
5164.5 -6.5
5165.5 2.5
5166.5 -2.25
5167.5 2.75
5168.5 -8
5169.5 13.25
5170.5 -10
5171.5 4.5
5172.5 -5.5
5173.5 12.25
5174.5 -1.25
5175.5 5.5
5176.5 5.25
5177.5 2.25
5178.5 20.75
5179.5 17.75
5180.5 4.5
5181.5 12.75
5182.5 -4
5183.5 9.75
5184.5 -3
5185.5 6.75
5186.5 23.25
5187.5 19.25
5188.5 10.5
5189.5 12.25
5190.5 15.5
5191.5 -3.75
5192.5 13.5
5193.5 -7
5194.5 14
5195.5 21.5
5196.5 -14.5
5197.5 0.5
5198.5 10
5199.5 19.5
5200.5 7.25
5201.5 16.5
5202.5 11.5
5203.5 19.75
5204.5 32
5205.5 18
5206.5 4.25
5207.5 -11.5
5208.5 -2.25
5209.5 6.75
5210.5 10
5211.5 -8
5212.5 -13.75
5213.5 -7.75
5214.5 -3.75
5215.5 -0.5
5216.5 -5.5
5217.5 1.75
5218.5 14.5
5219.5 6
5220.5 9.5
5221.5 20.75
5222.5 0.25
5223.5 4.5
5224.5 -0.25
5225.5 -2
5226.5 15.75
5227.5 1.5
5228.5 27.5
5229.5 20.25
5230.5 0.25
5231.5 23
5232.5 13.5
5233.5 32.25
5234.5 40.25
5235.5 57
5236.5 75.25
5237.5 136
5238.5 145.25
5239.5 182.5
5240.5 146.5
5241.5 109
5242.5 57.75
5243.5 8.75
5244.5 -3
5245.5 10
5246.5 -7.75
5247.5 16.25
5248.5 2.5
5249.5 9.75
5250.5 -9
5251.5 4.5
5252.5 5.5
5253.5 -1.25
5254.5 5.25
5255.5 7.5
5256.5 24.75
5257.5 8.5
5258.5 10.5
5259.5 18
5260.5 -1
5261.5 -2.75
5262.5 5.25
5263.5 34.5
5264.5 6.5
5265.5 1.5
5266.5 3.75
5267.5 6.75
5268.5 23.75
5269.5 9.75
5270.5 -11
5271.5 2.75
5272.5 21.25
5273.5 7
5274.5 17.5
5275.5 5.5
5276.5 -1
5277.5 -0.25
5278.5 -3
5279.5 18.25
5280.5 10.25
5281.5 1.75
5282.5 4.25
5283.5 11
5284.5 -0.75
5285.5 14.75
5286.5 14.5
5287.5 9.75
5288.5 -1.75
5289.5 4.5
5290.5 6.75
5291.5 5.75
5292.5 10
5293.5 0.25
5294.5 21.75
5295.5 11.25
5296.5 8.25
5297.5 -6.5
5298.5 -6
5299.5 13.5
5300.5 14.25
5301.5 6.75
5302.5 1.75
5303.5 9.25
5304.5 -2
5305.5 2
5306.5 11.75
5307.5 21.25
5308.5 8.75
5309.5 4.25
5310.5 8.25
5311.5 13.5
5312.5 23.75
5313.5 12.5
5314.5 -1
5315.5 10.25
5316.5 15.75
5317.5 -1
5318.5 6.25
5319.5 -0.5
5320.5 10.5
5321.5 8.75
5322.5 3.5
5323.5 7.5
5324.5 2
5325.5 7.75
5326.5 15
5327.5 6.25
5328.5 8.75
5329.5 4.25
5330.5 4.75
5331.5 13.75
5332.5 -4
5333.5 -3.25
5334.5 9
5335.5 7.5
5336.5 -9.75
5337.5 9
5338.5 -3.25
5339.5 10.25
5340.5 -1.25
5341.5 -0.5
5342.5 -3.75
5343.5 3.25
5344.5 -2
5345.5 11
5346.5 -10
5347.5 6
5348.5 14
5349.5 14.25
5350.5 10
5351.5 14
5352.5 11.25
5353.5 4.75
5354.5 25.25
5355.5 31.75
5356.5 12.75
5357.5 13.75
5358.5 8.25
5359.5 9
5360.5 2.25
5361.5 6.75
5362.5 16.75
5363.5 3.25
5364.5 4
5365.5 18.75
5366.5 5.5
5367.5 -2.5
5368.5 13
5369.5 25.25
5370.5 13
5371.5 13.5
5372.5 -12.75
5373.5 8.75
5374.5 9.75
5375.5 9.5
5376.5 18.5
5377.5 0.75
5378.5 9
5379.5 13.75
5380.5 7.5
5381.5 -10.75
5382.5 -5.25
5383.5 17
5384.5 16
5385.5 18.75
5386.5 3.25
5387.5 19.5
5388.5 -13.5
5389.5 4.25
5390.5 -1
5391.5 -3.5
5392.5 10.25
5393.5 12.25
5394.5 21.75
5395.5 -3.75
5396.5 -3.25
5397.5 31
5398.5 11.75
5399.5 22
5400.5 6.25
5401.5 17
5402.5 1.75
5403.5 -2.5
5404.5 -2.5
5405.5 4.5
5406.5 -5
5407.5 -14.75
5408.5 6.75
5409.5 3
5410.5 8
5411.5 6.75
5412.5 20.5
5413.5 12.75
5414.5 0.5
5415.5 9.75
5416.5 5
5417.5 -2.75
5418.5 -6.25
5419.5 13.75
5420.5 -0.5
5421.5 10.75
5422.5 -1.75
5423.5 16
5424.5 10.75
5425.5 5
5426.5 -2.75
5427.5 4.5
5428.5 -1.25
5429.5 -3.5
5430.5 10.75
5431.5 -9.25
5432.5 7
5433.5 2.25
5434.5 -2
5435.5 6.25
5436.5 2.75
5437.5 -13.25
5438.5 -0.75
5439.5 12
5440.5 -10.25
5441.5 -0.75
5442.5 4.75
5443.5 -9
5444.5 6.75
5445.5 -0.25
5446.5 -7.75
5447.5 14.75
5448.5 11
5449.5 0.75
5450.5 4
5451.5 -0.25
5452.5 2.5
5453.5 -2.25
5454.5 0
5455.5 7
5456.5 2.25
5457.5 -5
5458.5 3.75
5459.5 0
5460.5 -0.75
5461.5 3.25
5462.5 -16.75
5463.5 3.5
5464.5 9
5465.5 -6.25
5466.5 -10
5467.5 2.5
5468.5 4.5
5469.5 13
5470.5 7.5
5471.5 -5.75
5472.5 16.25
5473.5 4.75
5474.5 -13.5
5475.5 10.75
5476.5 1
5477.5 -2.25
5478.5 9.5
5479.5 -4.5
5480.5 15
5481.5 10
5482.5 -13.75
5483.5 8.25
5484.5 -5.5
5485.5 6.25
5486.5 -9
5487.5 2.75
5488.5 -26.5
5489.5 -13
5490.5 13.75
5491.5 4.5
5492.5 10.75
5493.5 14.75
5494.5 0.75
5495.5 5.25
5496.5 1.75
5497.5 0.75
5498.5 -1
5499.5 20
5500.5 -8
5501.5 9
5502.5 -2
5503.5 0.25
5504.5 0.75
5505.5 13.5
5506.5 3.5
5507.5 11
5508.5 6.75
5509.5 7.5
5510.5 -1.5
5511.5 12
5512.5 4
5513.5 5
5514.5 22
5515.5 4.25
5516.5 16.25
5517.5 4.75
5518.5 5.5
5519.5 4
5520.5 11.75
5521.5 3.5
5522.5 13.5
5523.5 11.25
5524.5 10.25
5525.5 7.25
5526.5 1.25
5527.5 15.25
5528.5 8.75
5529.5 -2.25
5530.5 9.25
5531.5 1
5532.5 4.5
5533.5 -7.75
5534.5 -11
5535.5 -10.25
5536.5 10.5
5537.5 -24
5538.5 6.5
5539.5 -7.75
5540.5 -6
5541.5 12.5
5542.5 -3
5543.5 2
5544.5 -9.25
5545.5 -8.5
5546.5 -9.75
5547.5 -1.25
5548.5 11.25
5549.5 5
5550.5 4.5
5551.5 12.25
5552.5 32
5553.5 60.25
5554.5 75
5555.5 122.25
5556.5 143
5557.5 164
5558.5 154
5559.5 137
5560.5 78.25
5561.5 29
5562.5 2.5
5563.5 12.25
5564.5 5.5
5565.5 -4
5566.5 -16.5
5567.5 -7.75
5568.5 -6.75
5569.5 -4.25
5570.5 10.75
5571.5 7.5
5572.5 -1
5573.5 11
5574.5 9.75
5575.5 0.75
5576.5 0
5577.5 18.75
5578.5 27.75
5579.5 -10.25
5580.5 -7.75
5581.5 4.75
5582.5 -4
5583.5 10.75
5584.5 13
5585.5 -3.75
5586.5 8.5
5587.5 -4.75
5588.5 0
5589.5 13.25
5590.5 1.25
5591.5 11.5
5592.5 -11.25
5593.5 0.5
5594.5 -5.25
5595.5 3.75
5596.5 -5.25
5597.5 1.25
5598.5 3.5
5599.5 3
5600.5 5
5601.5 3
5602.5 15
5603.5 9.25
5604.5 0.5
5605.5 -7.25
5606.5 17.25
5607.5 13.25
5608.5 27.5
5609.5 29.75
5610.5 27.25
5611.5 42.75
5612.5 68
5613.5 73.5
5614.5 66
5615.5 59
5616.5 68.75
5617.5 29.5
5618.5 23
5619.5 16.5
5620.5 2
5621.5 10.5
5622.5 11.25
5623.5 3
5624.5 5
5625.5 4
5626.5 14
5627.5 -0.75
5628.5 5.25
5629.5 -7.25
5630.5 16.75
5631.5 15.25
5632.5 10.75
5633.5 6.5
5634.5 9.75
5635.5 -13
5636.5 1.25
5637.5 -4
5638.5 -9.5
5639.5 -5.5
5640.5 9.25
5641.5 7.5
5642.5 -9.75
5643.5 2.25
5644.5 3
5645.5 2.5
5646.5 9.25
5647.5 -3.25
5648.5 -3.25
5649.5 8.5
5650.5 -3.75
5651.5 9
5652.5 -2.25
5653.5 8.25
5654.5 -5.75
5655.5 -1.75
5656.5 -6.75
5657.5 4.25
5658.5 8.75
5659.5 11.25
5660.5 -3.75
5661.5 12.5
5662.5 -1.75
5663.5 4.75
5664.5 -9.5
5665.5 9.75
5666.5 -7.75
5667.5 0.5
5668.5 -0.25
5669.5 7.75
5670.5 4.75
5671.5 -7
5672.5 -5
5673.5 21.75
5674.5 -2.75
5675.5 -2.75
5676.5 1.5
5677.5 -1.25
5678.5 -1.5
5679.5 -9
5680.5 5.25
5681.5 8.75
5682.5 1.5
5683.5 4
5684.5 5.25
5685.5 -7.25
5686.5 9.25
5687.5 8.5
5688.5 -0.5
5689.5 0.25
5690.5 -1.75
5691.5 -1.5
5692.5 -0.5
5693.5 5.25
5694.5 9
5695.5 4.5
5696.5 11
5697.5 -4.75
5698.5 -2.25
5699.5 9.75
5700.5 2.5
5701.5 -11.75
5702.5 -1
5703.5 1
5704.5 6
5705.5 5.75
5706.5 -1.5
5707.5 12.25
5708.5 3.75
5709.5 12.25
5710.5 8.25
5711.5 0.25
5712.5 -0.5
5713.5 5.5
5714.5 18.75
5715.5 8.75
5716.5 20.25
5717.5 14.5
5718.5 2.25
5719.5 12.25
5720.5 2
5721.5 13.5
5722.5 2.75
5723.5 4.25
5724.5 17
5725.5 19.25
5726.5 -2.25
5727.5 -11.25
5728.5 0.75
5729.5 0
5730.5 4
5731.5 -4.25
5732.5 5
5733.5 3.25
5734.5 -11.5
5735.5 -8
5736.5 13
5737.5 -1.25
5738.5 15.75
5739.5 17
5740.5 -6.75
5741.5 0.25
5742.5 -4.75
5743.5 10
5744.5 -3.25
5745.5 7.75
5746.5 2
5747.5 -11.75
5748.5 -5.25
5749.5 14.25
5750.5 -14
5751.5 0
5752.5 -2
5753.5 -25
5754.5 -13.5
5755.5 -19.25
5756.5 -48
5757.5 -31.5
5758.5 -5.25
5759.5 -0.25
5760.5 5
5761.5 -14.5
5762.5 -2.75
5763.5 -1.25
5764.5 10.75
5765.5 3.5
5766.5 6
5767.5 3.25
5768.5 3.25
5769.5 2.25
5770.5 0.25
5771.5 -2.75
5772.5 -8.75
5773.5 8
5774.5 0.75
5775.5 8
5776.5 7.75
5777.5 8
5778.5 1.75
5779.5 1.5
5780.5 -4.5
5781.5 3.5
5782.5 8.75
5783.5 10
5784.5 8.25
5785.5 10.5
5786.5 -7.25
5787.5 5.5
5788.5 8.25
5789.5 7.5
5790.5 0.75
5791.5 -1.25
5792.5 6.25
5793.5 8.75
5794.5 2.25
5795.5 11
5796.5 -5.75
5797.5 8.75
5798.5 6.25
5799.5 -4.25
5800.5 6.25
5801.5 -11.5
5802.5 10
5803.5 3.25
5804.5 17.25
5805.5 12.75
5806.5 10.5
5807.5 9
5808.5 6.5
5809.5 -2
5810.5 -1
5811.5 -1
5812.5 7.75
5813.5 15
5814.5 6.5
5815.5 16.25
5816.5 8.75
5817.5 2.75
5818.5 12.75
5819.5 4.75
5820.5 -3
5821.5 -5
5822.5 3.25
5823.5 8.75
5824.5 8
5825.5 6.5
5826.5 4
5827.5 2
5828.5 -9.25
5829.5 -6.5
5830.5 0.5
5831.5 7.75
5832.5 -1
5833.5 5.75
5834.5 1
5835.5 0.25
5836.5 -9.75
5837.5 -4
5838.5 -8.5
5839.5 2.5
5840.5 10
5841.5 9
5842.5 -7.25
5843.5 12.25
5844.5 10.25
5845.5 1.5
5846.5 5.75
5847.5 -2.25
5848.5 12
5849.5 4.5
5850.5 11.75
5851.5 -0.75
5852.5 4.25
5853.5 12.25
5854.5 1.5
5855.5 -2.5
5856.5 -4.5
5857.5 9.25
5858.5 -7
5859.5 -1.25
5860.5 15.5
5861.5 8
5862.5 9
5863.5 0.75
5864.5 9.25
5865.5 9.75
5866.5 5.25
5867.5 15.25
5868.5 -5.75
5869.5 -0.25
5870.5 9
5871.5 8.25
5872.5 10
5873.5 5.75
5874.5 -2.25
5875.5 0.25
5876.5 4.75
5877.5 -2
5878.5 13.25
5879.5 -2.5
5880.5 11.5
5881.5 -10.75
5882.5 1.75
5883.5 5.25
5884.5 8.75
5885.5 3
5886.5 10
5887.5 5.5
5888.5 7.75
5889.5 4.75
5890.5 11.75
5891.5 9.5
5892.5 -2.75
5893.5 -3
5894.5 -1
5895.5 11.75
5896.5 21.5
5897.5 27
5898.5 4
5899.5 -7.75
5900.5 22
5901.5 18.25
5902.5 -29.75
5903.5 17
5904.5 9.75
5905.5 1.25
5906.5 12.75
5907.5 12.75
5908.5 3.25
5909.5 11.75
5910.5 9.5
5911.5 9.5
5912.5 -5.5
5913.5 1.75
5914.5 1.5
5915.5 2.25
5916.5 4.5
5917.5 1.5
5918.5 5.5
5919.5 8.5
5920.5 6
5921.5 10.25
5922.5 2.5
5923.5 1.75
5924.5 11
5925.5 -13.5
5926.5 2.5
5927.5 9.5
5928.5 -1
5929.5 -2.25
5930.5 7.25
5931.5 6.75
5932.5 1.75
5933.5 2.5
5934.5 3.75
5935.5 3
5936.5 5.25
5937.5 0.25
5938.5 2.75
5939.5 4.5
5940.5 10.25
5941.5 0
5942.5 5.75
5943.5 4
5944.5 8.5
5945.5 2.25
5946.5 2.5
5947.5 5
5948.5 2.5
5949.5 10.75
5950.5 8
5951.5 0.5
5952.5 11
5953.5 4.25
5954.5 0
5955.5 -1.25
5956.5 7
5957.5 -10.5
5958.5 -0.75
5959.5 2.25
5960.5 1
5961.5 1.75
5962.5 11
5963.5 9.75
5964.5 3.25
5965.5 2.75
5966.5 0.25
5967.5 14.75
5968.5 -10.5
5969.5 7.5
5970.5 7.25
5971.5 -6.5
5972.5 5.75
5973.5 -0.25
5974.5 -4.5
5975.5 -2.5
5976.5 5
5977.5 0
5978.5 8.25
5979.5 12.5
5980.5 0.25
5981.5 6
5982.5 1.75
5983.5 3.25
5984.5 -8
5985.5 5
5986.5 -6.25
5987.5 -0.25
5988.5 7.5
5989.5 1.25
5990.5 0.25
5991.5 6.75
5992.5 4
5993.5 6.25
5994.5 -2
5995.5 -0.75
5996.5 4.75
5997.5 -0.25
5998.5 -5.75
5999.5 -3
6000.5 -29.25
6001.5 16.25
6002.5 21.75
6003.5 -13.5
6004.5 1.75
6005.5 0.25
6006.5 -10.5
6007.5 -7.25
6008.5 -2.75
6009.5 10.25
6010.5 -0.75
6011.5 -7.75
6012.5 4.75
6013.5 -0.5
6014.5 1.5
6015.5 -0.25
6016.5 11
6017.5 5.25
6018.5 -9.5
6019.5 -0.25
6020.5 -5.25
6021.5 4.75
6022.5 -2.25
6023.5 8.75
6024.5 6
6025.5 7.25
6026.5 2.5
6027.5 2
6028.5 0.75
6029.5 0
6030.5 -2.75
6031.5 -9.5
6032.5 3.25
6033.5 11.5
6034.5 6
6035.5 1.75
6036.5 9
6037.5 12.25
6038.5 10.25
6039.5 -9.75
6040.5 2.5
6041.5 0.5
6042.5 16
6043.5 10.25
6044.5 2.25
6045.5 5.75
6046.5 4
6047.5 5
6048.5 -2.25
6049.5 -2
6050.5 4
6051.5 0.25
6052.5 2.25
6053.5 -2
6054.5 4.5
6055.5 -2.25
6056.5 -0.5
6057.5 -4
6058.5 -1.75
6059.5 -3
6060.5 9.75
6061.5 -0.75
6062.5 4
6063.5 9.25
6064.5 3
6065.5 8
6066.5 -1.75
6067.5 0
6068.5 5.25
6069.5 1.5
6070.5 -1.5
6071.5 6.75
6072.5 2
6073.5 -4.5
6074.5 0.5
6075.5 -2
6076.5 6.5
6077.5 -9.5
6078.5 -0.75
6079.5 -0.25
6080.5 3.25
6081.5 4.5
6082.5 -3
6083.5 -3
6084.5 1
6085.5 2.5
6086.5 -4.25
6087.5 3.75
6088.5 8.25
6089.5 -10.5
6090.5 0.5
6091.5 4
6092.5 7.5
6093.5 -10.25
6094.5 3.75
6095.5 5
6096.5 0
6097.5 3.75
6098.5 -0.5
6099.5 -3.25
6100.5 0.75
6101.5 -7.25
6102.5 0.5
6103.5 -5.75
6104.5 -0.25
6105.5 1.75
6106.5 -5.75
6107.5 5.25
6108.5 -1.75
6109.5 8
6110.5 11.75
6111.5 -3.5
6112.5 -6
6113.5 3.25
6114.5 6.25
6115.5 -1.5
6116.5 15.75
6117.5 1.5
6118.5 37.75
6119.5 46.25
6120.5 82.25
6121.5 100
6122.5 172
6123.5 148
6124.5 210.25
6125.5 215
6126.5 157.75
6127.5 79
6128.5 25.25
6129.5 13.75
6130.5 9
6131.5 -3.5
6132.5 -1.75
6133.5 -5.25
6134.5 -6
6135.5 1.75
6136.5 -1.25
6137.5 5.25
6138.5 -6
6139.5 9.75
6140.5 2
6141.5 4.5
6142.5 -2.75
6143.5 5.5
6144.5 -1.25
6145.5 1
6146.5 1.75
6147.5 4
6148.5 -1.5
6149.5 2
6150.5 5.25
6151.5 6
6152.5 6
6153.5 1.5
6154.5 -2.5
6155.5 -1.5
6156.5 -2.25
6157.5 1.5
6158.5 -3.25
6159.5 -0.5
6160.5 4.5
6161.5 -6
6162.5 -2.5
6163.5 -2.5
6164.5 0.25
6165.5 -4.75
6166.5 2.25
6167.5 -1.75
6168.5 4.25
6169.5 -3.5
6170.5 3.75
6171.5 -3
6172.5 0
6173.5 -4.75
6174.5 -3.25
6175.5 0
6176.5 3.5
6177.5 4
6178.5 1
6179.5 1
6180.5 -3.25
6181.5 -2
6182.5 -2.25
6183.5 5.5
6184.5 3.25
6185.5 4.5
6186.5 5.75
6187.5 4.5
6188.5 3
6189.5 2.25
6190.5 -1.75
6191.5 9.75
6192.5 -2
6193.5 -1
6194.5 3.5
6195.5 5.75
6196.5 5.5
6197.5 -1.25
6198.5 -1.75
6199.5 -1.75
6200.5 -5.25
6201.5 -1.25
6202.5 -7
6203.5 -9
6204.5 2.5
6205.5 -2
6206.5 1.5
6207.5 7.25
6208.5 1.25
6209.5 -1.25
6210.5 0.25
6211.5 2.5
6212.5 2.5
6213.5 -0.5
6214.5 -1.75
6215.5 1.75
6216.5 -2.5
6217.5 0.25
6218.5 0.25
6219.5 -0.75
6220.5 -0.25
6221.5 7.5
6222.5 -0.25
6223.5 -6.75
6224.5 6.5
6225.5 -2.25
6226.5 -2.5
6227.5 -5.75
6228.5 7.5
6229.5 -3
6230.5 -1.5
6231.5 -4.5
6232.5 11.25
6233.5 -1.25
6234.5 6
6235.5 -2.25
6236.5 2.25
6237.5 -7.75
6238.5 5.25
6239.5 1.75
6240.5 -1
6241.5 -11.75
6242.5 1.75
6243.5 -4
6244.5 0.5
6245.5 5.5
6246.5 -6.25
6247.5 3.25
6248.5 5.25
6249.5 -3.25
6250.5 0
6251.5 0.5
6252.5 -2.5
6253.5 3.25
6254.5 -2.75
6255.5 3
6256.5 -1.5
6257.5 0.25
6258.5 -9.75
6259.5 -2.25
6260.5 -2.25
6261.5 -9.75
6262.5 2
6263.5 -5.5
6264.5 -3
6265.5 -1
6266.5 0.5
6267.5 12.75
6268.5 0.75
6269.5 0.25
6270.5 0.5
6271.5 -3.75
6272.5 7.25
6273.5 -1.25
6274.5 2
6275.5 -2
6276.5 3.75
6277.5 -1.75
6278.5 -6.5
6279.5 0.75
6280.5 2.5
6281.5 -8.25
6282.5 -1.75
6283.5 -2
6284.5 2.25
6285.5 -9.25
6286.5 -1.75
6287.5 -1.75
6288.5 -2.5
6289.5 2.75
6290.5 -3.25
6291.5 -1.25
6292.5 -1.25
6293.5 3.75
6294.5 -3.5
6295.5 -1.75
6296.5 4.5
6297.5 4.5
6298.5 6.75
6299.5 -1
6300.5 0.5
6301.5 5.25
6302.5 5
6303.5 2
6304.5 -3.75
6305.5 2.25
6306.5 3
6307.5 -7.5
6308.5 0.75
6309.5 2.25
6310.5 2.5
6311.5 -4.5
6312.5 -1.75
6313.5 4.5
6314.5 -1.25
6315.5 -1.75
6316.5 0.75
6317.5 1.75
6318.5 2
6319.5 6.25
6320.5 0.75
6321.5 5.5
6322.5 5
6323.5 3.25
6324.5 -2.5
6325.5 -2.5
6326.5 6.5
6327.5 -6.5
6328.5 -7
6329.5 13.75
6330.5 1.5
6331.5 -0.75
6332.5 5.5
6333.5 0.5
6334.5 6.25
6335.5 -9.25
6336.5 -9
6337.5 0.25
6338.5 -6.25
6339.5 -1
6340.5 -9.5
6341.5 -8.25
6342.5 -7.75
6343.5 -1.5
6344.5 -0.75
6345.5 -4.75
6346.5 -9
6347.5 2
6348.5 4
6349.5 0.75
6350.5 -5.5
6351.5 1.25
6352.5 -6.25
6353.5 4.5
6354.5 0.75
6355.5 5
6356.5 -5.5
6357.5 -0.75
6358.5 0.25
6359.5 9.25
6360.5 -0.25
6361.5 -3.75
6362.5 0
6363.5 3.25
6364.5 6.5
6365.5 -2
6366.5 -3.25
6367.5 0.75
6368.5 2.75
6369.5 -2
6370.5 0
6371.5 1
6372.5 4
6373.5 -1
6374.5 -1
6375.5 -1.25
6376.5 2.5
6377.5 5.5
6378.5 -1.25
6379.5 2.5
6380.5 -1.25
6381.5 3.25
6382.5 4.75
6383.5 1.5
6384.5 -0.75
6385.5 3
6386.5 -2
6387.5 -2.75
6388.5 -1
6389.5 8.75
6390.5 6.5
6391.5 -4
6392.5 -1.75
6393.5 1.5
6394.5 4
6395.5 0.25
6396.5 -3.5
6397.5 -2.25
6398.5 1
6399.5 -0.5
6400.5 -4.5
6401.5 4.75
6402.5 -5.75
6403.5 0.5
6404.5 -0.5
6405.5 5.5
6406.5 0.75
6407.5 2.25
6408.5 3.75
6409.5 -1.25
6410.5 -2.75
6411.5 4.75
6412.5 1.5
6413.5 -1.75
6414.5 1.5
6415.5 -2.5
6416.5 3
6417.5 11.75
6418.5 -4.5
6419.5 1.5
6420.5 -1.25
6421.5 7.25
6422.5 -9.5
6423.5 -5.25
6424.5 -2.75
6425.5 7.75
6426.5 5.75
6427.5 1.75
6428.5 7.5
6429.5 -1
6430.5 -5.75
6431.5 1.5
6432.5 2.75
6433.5 4.25
6434.5 1.25
6435.5 4.25
6436.5 4.5
6437.5 4
6438.5 3.25
6439.5 -7.5
6440.5 -11
6441.5 5
6442.5 -3.75
6443.5 0
6444.5 0.5
6445.5 0.75
6446.5 2.25
6447.5 -0.75
6448.5 -6
6449.5 1.5
6450.5 -5.5
6451.5 3.25
6452.5 5.75
6453.5 1.25
6454.5 -3
6455.5 -1.25
6456.5 -1.75
6457.5 -4.75
6458.5 0.5
6459.5 -2.25
6460.5 -4.75
6461.5 6.5
6462.5 -2.25
6463.5 3
6464.5 4.5
6465.5 -2.5
6466.5 -1.25
6467.5 4
6468.5 -3.25
6469.5 0.75
6470.5 -0.75
6471.5 -2.25
6472.5 0.75
6473.5 -5.75
6474.5 -3
6475.5 -2.25
6476.5 0.25
6477.5 6.75
6478.5 30.5
6479.5 5.25
6480.5 -3.75
6481.5 -3
6482.5 -0.5
6483.5 -5.5
6484.5 -7.5
6485.5 0.75
6486.5 0.75
6487.5 -5.25
6488.5 3.25
6489.5 2
6490.5 1.25
6491.5 3.75
6492.5 4.5
6493.5 -0.5
6494.5 1
6495.5 -1
6496.5 -4
6497.5 -0.75
6498.5 2.5
6499.5 -1.75
6500.5 2.75
6501.5 -3.5
6502.5 -0.5
6503.5 -1
6504.5 -1
6505.5 -5.25
6506.5 -0.25
6507.5 3
6508.5 4
6509.5 2
6510.5 0.75
6511.5 7
6512.5 0.75
6513.5 -1.5
6514.5 2.75
6515.5 2.75
6516.5 4.25
6517.5 0.5
6518.5 0.5
6519.5 5
6520.5 -3.75
6521.5 2.75
6522.5 1.75
6523.5 -2
6524.5 -6.5
6525.5 -0.25
6526.5 -0.5
6527.5 6
6528.5 2.25
6529.5 1.5
6530.5 -3.25
6531.5 -2.75
6532.5 3.25
6533.5 1.5
6534.5 0.75
6535.5 -5.5
6536.5 0.25
6537.5 0.5
6538.5 1.75
6539.5 -1
6540.5 10.75
6541.5 -8.25
6542.5 -0.75
6543.5 21
6544.5 8.25
6545.5 -2
6546.5 -1.5
6547.5 11.25
6548.5 -15.75
6549.5 -1.5
6550.5 1.5
6551.5 3.75
6552.5 1.25
6553.5 -5.75
6554.5 1.75
6555.5 1.5
6556.5 4
6557.5 1.5
6558.5 4.25
6559.5 0.25
6560.5 1.25
6561.5 -3
6562.5 -3.5
6563.5 -8.75
6564.5 -5.5
6565.5 0.5
6566.5 3.25
6567.5 -0.25
6568.5 3.75
6569.5 -5.75
6570.5 -2.25
6571.5 -1
6572.5 -4
6573.5 -6
6574.5 4.75
6575.5 -1
6576.5 -4
6577.5 -3
6578.5 -4.25
6579.5 5.5
6580.5 -0.75
6581.5 -4.25
6582.5 -3
6583.5 -2.5
6584.5 0.75
6585.5 2.5
6586.5 2.5
6587.5 0.25
6588.5 2.5
6589.5 -1
6590.5 2.25
6591.5 0.75
6592.5 -3
6593.5 3.5
6594.5 -0.75
6595.5 1.25
6596.5 1.5
6597.5 0.25
6598.5 -1.75
6599.5 0.5
6600.5 1.5
6601.5 -0.5
6602.5 0
6603.5 -5.25
6604.5 -2.25
6605.5 0
6606.5 -0.5
6607.5 -0.75
6608.5 -1
6609.5 1.75
6610.5 -0.75
6611.5 -5.25
6612.5 -2.25
6613.5 1.25
6614.5 0.25
6615.5 0.5
6616.5 -2.5
6617.5 1.5
6618.5 -0.5
6619.5 -1.5
6620.5 -1.75
6621.5 -1
6622.5 2.5
6623.5 6.5
6624.5 0
6625.5 3
6626.5 6.75
6627.5 6
6628.5 0.75
6629.5 11
6630.5 7.75
6631.5 10.75
6632.5 9.75
6633.5 10
6634.5 -3
6635.5 -8.5
6636.5 -6.75
6637.5 -4.75
6638.5 -2.5
6639.5 -11.5
6640.5 -6
6641.5 -17
6642.5 -10.75
6643.5 -11
6644.5 -1
6645.5 -4.25
6646.5 -7.75
6647.5 -0.25
6648.5 -0.5
6649.5 4.5
6650.5 1
6651.5 -4.5
6652.5 5
6653.5 -0.75
6654.5 0.25
6655.5 -0.75
6656.5 -0.5
6657.5 -0.75
6658.5 -2.5
6659.5 -3
6660.5 -0.5
6661.5 -3.25
6662.5 2.75
6663.5 -1.75
6664.5 -1
6665.5 0.75
6666.5 0.75
6667.5 1.75
6668.5 1.75
6669.5 3.75
6670.5 4
6671.5 1.25
6672.5 2.25
6673.5 2.5
6674.5 -3
6675.5 -3
6676.5 1.75
6677.5 -3.75
6678.5 0.25
6679.5 0.25
6680.5 0.25
6681.5 1.5
6682.5 -1.25
6683.5 -0.5
6684.5 -6.75
6685.5 3.5
6686.5 1.75
6687.5 1.5
6688.5 0
6689.5 1.5
6690.5 -2.75
6691.5 -1.25
6692.5 4
6693.5 4
6694.5 4
6695.5 -1.75
6696.5 0.25
6697.5 -2
6698.5 -2.25
6699.5 -3.75
6700.5 -1.75
6701.5 -6.75
6702.5 1.5
6703.5 2.5
6704.5 -2.25
6705.5 1.5
6706.5 -5.25
6707.5 2.25
6708.5 -8.25
6709.5 -0.5
6710.5 0.5
6711.5 -2.25
6712.5 -3.25
6713.5 -8.25
6714.5 -7
6715.5 -0.25
6716.5 -5
6717.5 -1
6718.5 -0.25
6719.5 5
6720.5 -4.25
6721.5 3.75
6722.5 1.25
6723.5 4.75
6724.5 2.5
6725.5 -2.25
6726.5 4.5
6727.5 -4
6728.5 -5.25
6729.5 -2
6730.5 -0.75
6731.5 2.25
6732.5 -3.75
6733.5 8.75
6734.5 -3.25
6735.5 1.25
6736.5 3.5
6737.5 2.75
6738.5 7
6739.5 -1.75
6740.5 1.5
6741.5 0.25
6742.5 1.75
6743.5 0.75
6744.5 6.75
6745.5 2.75
6746.5 0.5
6747.5 -8.25
6748.5 -4.25
6749.5 7
6750.5 -2.25
6751.5 -5.5
6752.5 1
6753.5 -5.25
6754.5 -2.25
6755.5 1
6756.5 5
6757.5 -1.75
6758.5 0.75
6759.5 2.5
6760.5 1
6761.5 -2.25
6762.5 -5.25
6763.5 -2
6764.5 0
6765.5 -2.25
6766.5 -6.75
6767.5 3.25
6768.5 5
6769.5 -8
6770.5 -2.75
6771.5 -8.25
6772.5 -6.25
6773.5 2.5
6774.5 -7.25
6775.5 -5.25
6776.5 8.25
6777.5 -8.25
6778.5 -2.75
6779.5 -1
6780.5 4.75
6781.5 2.25
6782.5 0.25
6783.5 0.25
6784.5 -0.25
6785.5 -3
6786.5 4.25
6787.5 -3
6788.5 1.75
6789.5 1.25
6790.5 -6.25
6791.5 -3
6792.5 -1.25
6793.5 0.5
6794.5 0.75
6795.5 -3.75
6796.5 -0.5
6797.5 2.5
6798.5 1.75
6799.5 0.75
6800.5 -4.5
6801.5 -0.25
6802.5 -2.75
6803.5 4
6804.5 -7.75
6805.5 1
6806.5 -4
6807.5 -0.75
6808.5 2
6809.5 -0.75
6810.5 -4
6811.5 0.5
6812.5 -1.75
6813.5 -2
6814.5 1.75
6815.5 0.5
6816.5 -5.25
6817.5 -0.75
6818.5 4
6819.5 0.75
6820.5 0.75
6821.5 -3.75
6822.5 -3.75
6823.5 -1.75
6824.5 -1.5
6825.5 2.75
6826.5 0.5
6827.5 -1.75
6828.5 -0.5
6829.5 0.5
6830.5 1
6831.5 -1.25
6832.5 1.5
6833.5 1.75
6834.5 -1.25
6835.5 -3.5
6836.5 -0.25
6837.5 -2
6838.5 2.5
6839.5 -0.25
6840.5 -1
6841.5 2
6842.5 4
6843.5 -4.75
6844.5 -3
6845.5 5.5
6846.5 1.25
6847.5 -0.75
6848.5 -2.5
6849.5 2
6850.5 5
6851.5 -1.25
6852.5 2.5
6853.5 0.5
6854.5 0.5
6855.5 -1.5
6856.5 -1.5
6857.5 -1.5
6858.5 4.25
6859.5 -0.25
6860.5 5
6861.5 2.25
6862.5 0.5
6863.5 -1.5
6864.5 0.25
6865.5 3
6866.5 -2.75
6867.5 -2.25
6868.5 1.5
6869.5 3.5
6870.5 2.75
6871.5 1.25
6872.5 -2.75
6873.5 0.5
6874.5 2.25
6875.5 -5
6876.5 0.5
6877.5 2.75
6878.5 0.75
6879.5 -0.5
6880.5 -2.5
6881.5 -1.25
6882.5 -4
6883.5 1.75
6884.5 -0.25
6885.5 0.5
6886.5 -0.25
6887.5 1
6888.5 -0.25
6889.5 -4
6890.5 0.75
6891.5 -3.25
6892.5 -4
6893.5 6
6894.5 1.75
6895.5 0.75
6896.5 -3.75
6897.5 1.5
6898.5 1.75
6899.5 1.75
6900.5 -1.75
6901.5 3.75
6902.5 0.25
6903.5 -0.25
6904.5 -3.75
6905.5 3.25
6906.5 -3.25
6907.5 1.5
6908.5 2.5
6909.5 3
6910.5 0
6911.5 1.25
6912.5 0.5
6913.5 1.5
6914.5 1.5
6915.5 -5.25
6916.5 -1.5
6917.5 1
6918.5 2.5
6919.5 -3.75
6920.5 -2.5
6921.5 2.75
6922.5 -0.75
6923.5 3.75
6924.5 -0.5
6925.5 -1.25
6926.5 -4.25
6927.5 -1.25
6928.5 1.25
6929.5 3
6930.5 3.25
6931.5 4.75
6932.5 7.25
6933.5 -4.25
6934.5 1.25
6935.5 -5.25
6936.5 5.75
6937.5 -5.75
6938.5 1
6939.5 -0.75
6940.5 2.5
6941.5 1.75
6942.5 -4.75
6943.5 0
6944.5 1.75
6945.5 4.75
6946.5 -3.25
6947.5 -4
6948.5 0.75
6949.5 2.75
6950.5 0.5
6951.5 -0.5
6952.5 0.75
6953.5 -2.5
6954.5 -0.5
6955.5 0
6956.5 2
6957.5 1.75
6958.5 -1.75
6959.5 1.5
6960.5 3.75
6961.5 -1.5
6962.5 -1.75
6963.5 -6.5
6964.5 -4
6965.5 3
6966.5 -2.5
6967.5 1.5
6968.5 -0.75
6969.5 -1.5
6970.5 2.75
6971.5 2
6972.5 1.75
6973.5 2.75
6974.5 -1.5
6975.5 -0.25
6976.5 0.25
6977.5 5.25
6978.5 -3.25
6979.5 -7.75
6980.5 -0.5
6981.5 1.5
6982.5 2.25
6983.5 1.75
6984.5 -0.5
6985.5 -1.75
6986.5 2
6987.5 -0.25
6988.5 1.75
6989.5 -3.75
6990.5 3.75
6991.5 3
6992.5 1.75
6993.5 3.5
6994.5 2.5
6995.5 2.75
6996.5 0.75
6997.5 5
6998.5 -0.25
6999.5 -2.75
7000.5 2.75
7001.5 3
7002.5 0
7003.5 -1.75
7004.5 -3
7005.5 -2.5
7006.5 2.75
7007.5 2.75
7008.5 -0.5
7009.5 0.75
7010.5 -0.25
7011.5 -0.25
7012.5 -2
7013.5 0
7014.5 0.5
7015.5 0.5
7016.5 -1.5
7017.5 3
7018.5 -2.75
7019.5 0.75
7020.5 3.5
7021.5 -2.75
7022.5 -3.75
7023.5 -2.25
7024.5 -0.25
7025.5 0
7026.5 0
7027.5 1.75
7028.5 -0.5
7029.5 -2.75
7030.5 -1.5
7031.5 -1.5
7032.5 -1.25
7033.5 1
7034.5 2.75
7035.5 0.5
7036.5 -2.75
7037.5 -3
7038.5 -1.25
7039.5 0.5
7040.5 1.5
7041.5 0.75
7042.5 0.75
7043.5 0.75
7044.5 -3
7045.5 -1.25
7046.5 0.25
7047.5 0.75
7048.5 -1.5
7049.5 3
7050.5 0
7051.5 4.75
7052.5 1
7053.5 -0.5
7054.5 1.25
7055.5 3.75
7056.5 -4
7057.5 0.25
7058.5 -1.5
7059.5 -0.25
7060.5 -0.5
7061.5 0.75
7062.5 1
7063.5 3
7064.5 1
7065.5 -0.75
7066.5 1.25
7067.5 0.5
7068.5 0.5
7069.5 0
7070.5 0.5
7071.5 -2.75
7072.5 0
7073.5 3.75
7074.5 4
7075.5 1.5
7076.5 -2.5
7077.5 0
7078.5 -1.75
7079.5 -5.25
7080.5 -1.75
7081.5 -0.75
7082.5 -0.75
7083.5 -0.5
7084.5 2
7085.5 -0.5
7086.5 3
7087.5 2
7088.5 1.25
7089.5 -3
7090.5 -8.5
7091.5 0.5
7092.5 2.25
7093.5 -1.75
7094.5 -3.75
7095.5 -3
7096.5 -3
7097.5 -0.25
7098.5 0.5
7099.5 1
7100.5 -0.25
7101.5 -0.5
7102.5 -1.75
7103.5 -1.5
7104.5 1
7105.5 -3.75
7106.5 3
7107.5 -4.25
7108.5 1.5
7109.5 1.75
7110.5 -1.25
7111.5 2
7112.5 -2.5
7113.5 2.75
7114.5 -0.25
7115.5 0.75
7116.5 4
7117.5 0
7118.5 0.75
7119.5 0.5
7120.5 0.75
7121.5 4.75
7122.5 4
7123.5 -0.5
7124.5 -0.5
7125.5 0.75
7126.5 -0.5
7127.5 -0.75
7128.5 -1.25
7129.5 0.75
7130.5 -0.75
7131.5 -0.25
7132.5 -1.25
7133.5 0.75
7134.5 -4
7135.5 1
7136.5 -0.75
7137.5 -1.75
7138.5 1
7139.5 -0.25
7140.5 -3.75
7141.5 4
7142.5 -2.75
7143.5 2
7144.5 -3.5
7145.5 1.75
7146.5 -0.5
7147.5 -1.5
7148.5 -1
7149.5 0.75
7150.5 0
7151.5 -1.25
7152.5 1.75
7153.5 -0.25
7154.5 -2.5
7155.5 0.75
7156.5 2.5
7157.5 0.5
7158.5 1.75
7159.5 1
7160.5 0.25
7161.5 -1.5
7162.5 -1.75
7163.5 -0.5
7164.5 2
7165.5 -0.75
7166.5 -1.25
7167.5 0.5
7168.5 2
7169.5 0
7170.5 -0.5
7171.5 -0.5
7172.5 -1.25
7173.5 2.75
7174.5 -1.25
7175.5 2.5
7176.5 -0.5
7177.5 0
7178.5 1
7179.5 -0.25
7180.5 -1.25
7181.5 -0.25
7182.5 1.75
7183.5 -0.75
7184.5 1.75
7185.5 -0.75
7186.5 2
7187.5 -3.75
7188.5 -1.75
7189.5 -1.25
7190.5 0.25
7191.5 -1.75
7192.5 3
7193.5 0
7194.5 1
7195.5 -2.5
7196.5 1
7197.5 2
7198.5 -1.5
7199.5 -1.75
7200.5 3.75
7201.5 1.75
7202.5 -2.25
7203.5 1.75
7204.5 -2.5
7205.5 -3
7206.5 -2
7207.5 -0.5
7208.5 -2
7209.5 2.75
7210.5 -1.5
7211.5 5
7212.5 -1.25
7213.5 -1.5
7214.5 -0.5
7215.5 3.75
7216.5 1.25
7217.5 0.75
7218.5 -2.5
7219.5 -2.75
7220.5 -1.75
7221.5 -0.25
7222.5 -5
7223.5 -3.25
7224.5 1.75
7225.5 -3.75
7226.5 2.75
7227.5 -0.75
7228.5 -1.5
7229.5 -0.5
7230.5 0.75
7231.5 -1.25
7232.5 -1.5
7233.5 -3.75
7234.5 1
7235.5 -2.5
7236.5 -0.25
7237.5 1
7238.5 0
7239.5 -0.25
7240.5 -1.5
7241.5 -0.25
7242.5 4
7243.5 1
7244.5 -0.5
7245.5 1
7246.5 1.75
7247.5 4.75
7248.5 0.75
7249.5 1
7250.5 -3
7251.5 -1.25
7252.5 0.5
7253.5 -6.25
7254.5 -3.75
7255.5 -1.25
7256.5 -1.25
7257.5 -0.5
7258.5 -1.25
7259.5 -4
7260.5 -4.25
7261.5 0.25
7262.5 2.25
7263.5 -1.75
7264.5 1.25
7265.5 -2.75
7266.5 -1.5
7267.5 -1.25
7268.5 -0.25
7269.5 3
7270.5 0.75
7271.5 -1.25
7272.5 -0.25
7273.5 -1.25
7274.5 2.75
7275.5 1
7276.5 5
7277.5 2
7278.5 0
7279.5 -1.75
7280.5 -0.25
7281.5 1
7282.5 5
7283.5 -1.25
7284.5 -1.25
7285.5 -0.25
7286.5 2
7287.5 -5
7288.5 0
7289.5 1.5
7290.5 -0.25
7291.5 -0.25
7292.5 -0.75
7293.5 -0.5
7294.5 -1.25
7295.5 3
7296.5 -1.75
7297.5 2
7298.5 0.75
7299.5 2
7300.5 2
7301.5 1
7302.5 0
7303.5 -1.5
7304.5 4
7305.5 2
7306.5 -1.5
7307.5 1
7308.5 0.75
7309.5 -1.5
7310.5 1.75
7311.5 0.75
7312.5 -3.75
7313.5 -0.5
7314.5 4
7315.5 -1
7316.5 -1.75
7317.5 0.75
7318.5 -3.75
7319.5 2
7320.5 1
7321.5 0.5
7322.5 3.75
7323.5 1
7324.5 -2.5
7325.5 3
7326.5 0.5
7327.5 -1.75
7328.5 0.75
7329.5 3
7330.5 -0.5
7331.5 1
7332.5 -2.75
7333.5 5
7334.5 1
7335.5 -3.75
7336.5 -1.75
7337.5 0
7338.5 -3.75
7339.5 -1.25
7340.5 1.75
7341.5 4
7342.5 0.75
7343.5 -1.75
7344.5 1.75
7345.5 -0.25
7346.5 -0.5
7347.5 -4.25
7348.5 0.25
7349.5 -2.75
7350.5 -1.25
7351.5 -2.25
7352.5 6
7353.5 -2.75
7354.5 7.25
7355.5 3.75
7356.5 -0.25
7357.5 -0.5
7358.5 0.75
7359.5 -2.75
7360.5 -3.75
7361.5 -0.25
7362.5 3
7363.5 -0.5
7364.5 0
7365.5 -1.25
7366.5 4
7367.5 -0.5
7368.5 -0.25
7369.5 -0.25
7370.5 0
7371.5 -1.25
7372.5 -1.25
7373.5 -0.25
7374.5 -1.25
7375.5 -3.75
7376.5 3
7377.5 -1.5
7378.5 1
7379.5 3
7380.5 -0.25
7381.5 1
7382.5 -1.25
7383.5 -1.5
7384.5 -0.25
7385.5 0.5
7386.5 -1.5
7387.5 1
7388.5 0.75
7389.5 1
7390.5 0
7391.5 1
7392.5 -1.75
7393.5 -0.25
7394.5 0
7395.5 2
7396.5 -2.75
7397.5 -1.25
7398.5 1.75
7399.5 -1.25
7400.5 0
7401.5 -1.25
7402.5 -2.5
7403.5 2
7404.5 -0.25
7405.5 0
7406.5 0
7407.5 0
7408.5 1
7409.5 -1.5
7410.5 -0.25
7411.5 -2.5
7412.5 -1.75
7413.5 1
7414.5 -1.25
7415.5 -1.75
7416.5 -1.75
7417.5 -0.5
7418.5 -5.25
7419.5 2.5
7420.5 -1.5
7421.5 -2.75
7422.5 -2.5
7423.5 -3.75
7424.5 2
7425.5 -1.25
7426.5 -0.5
7427.5 1
7428.5 2
7429.5 -2.5
7430.5 -0.5
7431.5 -0.75
7432.5 0.75
7433.5 2
7434.5 0
7435.5 -1.25
7436.5 -1.25
7437.5 0
7438.5 -0.25
7439.5 1
7440.5 0
7441.5 1
7442.5 -2.75
7443.5 0.75
7444.5 0
7445.5 -1.25
7446.5 -0.25
7447.5 0.75
7448.5 1.75
7449.5 0.75
7450.5 -1.75
7451.5 -2.75
7452.5 -4.25
7453.5 -1.75
7454.5 -1.5
7455.5 -2.25
7456.5 -3.25
7457.5 -3.75
7458.5 1.5
7459.5 0.75
7460.5 2
7461.5 1
7462.5 0
7463.5 1
7464.5 3
7465.5 2.75
7466.5 0
7467.5 2
7468.5 -0.25
7469.5 3
7470.5 4
7471.5 -5
7472.5 -2.5
7473.5 2
7474.5 -2.5
7475.5 -2.5
7476.5 1
7477.5 -2.5
7478.5 0.75
7479.5 -2.75
7480.5 -0.25
7481.5 -2.75
7482.5 -0.5
7483.5 1
7484.5 0.75
7485.5 -1.75
7486.5 -0.25
7487.5 -0.25
7488.5 -4
7489.5 -1.25
7490.5 1
7491.5 -0.5
7492.5 0.75
7493.5 2
7494.5 -0.5
7495.5 -1.5
7496.5 -2.5
7497.5 -0.5
7498.5 0
7499.5 -0.25
7500.5 2
7501.5 1
7502.5 0
7503.5 0
7504.5 -3.75
7505.5 -1.25
7506.5 3
7507.5 2
7508.5 -0.5
7509.5 2
7510.5 0
7511.5 0
7512.5 -1.25
7513.5 0
7514.5 -1.25
7515.5 -0.25
7516.5 1
7517.5 0
7518.5 2
7519.5 1
7520.5 1
7521.5 1
7522.5 -0.25
7523.5 -1.25
7524.5 -1.25
7525.5 2
7526.5 1
7527.5 -0.5
7528.5 -0.25
7529.5 -0.25
7530.5 1
7531.5 -2.5
7532.5 0
7533.5 0
7534.5 0
7535.5 2
7536.5 0
7537.5 -1.25
7538.5 0
7539.5 0.75
7540.5 0
7541.5 0
7542.5 -1.5
7543.5 0.75
7544.5 1
7545.5 1
7546.5 -1.25
7547.5 -1.25
7548.5 1
7549.5 2
7550.5 0.75
7551.5 2
7552.5 0.75
7553.5 -0.25
7554.5 0
7555.5 2
7556.5 2
7557.5 2
7558.5 0
7559.5 1
7560.5 0
7561.5 1
7562.5 2
7563.5 -1.25
7564.5 -1.25
7565.5 0
7566.5 0
7567.5 1
7568.5 -1.5
7569.5 -0.25
7570.5 -1.25
7571.5 0.75
7572.5 -5
7573.5 2
7574.5 -0.25
7575.5 3
7576.5 0.75
7577.5 2
7578.5 -0.25
7579.5 1
7580.5 1
7581.5 -1.25
7582.5 -1.25
7583.5 -1.25
7584.5 -1.25
7585.5 1
7586.5 0
7587.5 -1.25
7588.5 0
7589.5 2
7590.5 -0.25
7591.5 -0.25
7592.5 -1.25
7593.5 -1.25
7594.5 0
7595.5 1
7596.5 0
7597.5 0
7598.5 2
7599.5 0
7600.5 -0.25
7601.5 -3.75
7602.5 -0.25
7603.5 0
7604.5 0
7605.5 -1.25
7606.5 -1.25
7607.5 1
7608.5 0
7609.5 -2.5
7610.5 0
7611.5 -0.25
7612.5 1
7613.5 -1.25
7614.5 0
7615.5 -1.25
7616.5 0
7617.5 1
7618.5 1
7619.5 -2.5
7620.5 0
7621.5 1
7622.5 0
7623.5 -0.25
7624.5 2
7625.5 1
7626.5 -1.25
7627.5 -1.25
7628.5 1
7629.5 -0.25
7630.5 0.75
7631.5 3
7632.5 1
7633.5 -1.25
7634.5 1
7635.5 -5
7636.5 0.75
7637.5 0
7638.5 1
7639.5 0
7640.5 -1.25
7641.5 -1.5
7642.5 0
7643.5 -0.25
7644.5 -1.25
7645.5 -0.25
7646.5 -2.5
7647.5 0
7648.5 -1.25
7649.5 0
7650.5 -1.25
7651.5 -0.25
7652.5 0
7653.5 0
7654.5 0
7655.5 4
7656.5 -0.25
7657.5 -1.25
7658.5 1
7659.5 0
7660.5 1
7661.5 0
7662.5 0
7663.5 0
7664.5 -1.25
7665.5 -1.25
7666.5 0
7667.5 0
7668.5 0
7669.5 1
7670.5 -1.25
7671.5 0
7672.5 1
7673.5 -1.25
7674.5 2
7675.5 0
7676.5 1
7677.5 -1.5
7678.5 1
7679.5 0
7680.5 1
7681.5 0
7682.5 1
7683.5 1
7684.5 -2.5
7685.5 1
7686.5 -1.25
7687.5 1
7688.5 1
7689.5 0
7690.5 -0.25
7691.5 1
7692.5 0
7693.5 1
7694.5 -2.5
7695.5 -1.25
7696.5 1
7697.5 1
7698.5 1
7699.5 1
7700.5 0
7701.5 0
7702.5 1
7703.5 -0.5
7704.5 -1.25
7705.5 -1.25
7706.5 -1.25
7707.5 1
7708.5 -1.25
7709.5 0
7710.5 0
7711.5 -2.75
7712.5 0
7713.5 0
7714.5 -1.25
7715.5 0
7716.5 -1.25
7717.5 -2.5
7718.5 -0.25
7719.5 -1.5
7720.5 0
7721.5 1
7722.5 4
7723.5 0.5
7724.5 -0.5
7725.5 0
7726.5 2
7727.5 0
7728.5 1
7729.5 0
7730.5 -2.5
7731.5 -0.25
7732.5 -3.75
7733.5 -2.5
7734.5 1
7735.5 -1.25
7736.5 0
7737.5 -0.5
7738.5 0
7739.5 -1.25
7740.5 -2.5
7741.5 0
7742.5 1
7743.5 0
7744.5 1
7745.5 -1.25
7746.5 0
7747.5 -3.75
7748.5 1
7749.5 1
7750.5 1
7751.5 -1.25
7752.5 2
7753.5 0
7754.5 0
7755.5 0
7756.5 1
7757.5 1
7758.5 1
7759.5 1
7760.5 0
7761.5 1
7762.5 -2.5
7763.5 -1.25
7764.5 -2.75
7765.5 0
7766.5 -5.25
7767.5 -1.75
7768.5 0.75
7769.5 2
7770.5 -3
7771.5 -6.75
7772.5 -4
7773.5 -7
7774.5 0.25
7775.5 -1.75
7776.5 -1.25
7777.5 0
7778.5 -3.75
7779.5 -1.25
7780.5 0
7781.5 0
7782.5 0
7783.5 0
7784.5 0
7785.5 -1.25
7786.5 0.5
7787.5 -2.5
7788.5 0
7789.5 3
7790.5 -0.5
7791.5 1
7792.5 -0.5
7793.5 -2.5
7794.5 2
7795.5 1
7796.5 1
7797.5 0
7798.5 -0.25
7799.5 0
7800.5 -0.25
7801.5 -0.25
7802.5 1
7803.5 0
7804.5 0
7805.5 0
7806.5 1
7807.5 -1.5
7808.5 3
7809.5 1
7810.5 1
7811.5 1
7812.5 -0.25
7813.5 -1.25
7814.5 -1.25
7815.5 0
7816.5 0
7817.5 0
7818.5 0.75
7819.5 0.75
7820.5 -1.25
7821.5 0
7822.5 3
7823.5 0
7824.5 -2.75
7825.5 -1.5
7826.5 -2.5
7827.5 -4.25
7828.5 -1.75
7829.5 3.75
7830.5 -1.5
7831.5 -1.5
7832.5 2
7833.5 -4.25
7834.5 1
7835.5 0
7836.5 -0.25
7837.5 0
7838.5 0
7839.5 0
7840.5 1
7841.5 -1.25
7842.5 0
7843.5 0
7844.5 0
7845.5 0.75
7846.5 1
7847.5 0
7848.5 -1.25
7849.5 0
7850.5 0
7851.5 -1.25
7852.5 0
7853.5 0
7854.5 2
7855.5 1
7856.5 0
7857.5 0
7858.5 0
7859.5 0
7860.5 0
7861.5 0
7862.5 0
7863.5 0
7864.5 1
7865.5 0
7866.5 1
7867.5 0
7868.5 -0.25
7869.5 0
7870.5 0
7871.5 2
7872.5 1
7873.5 0
7874.5 0
7875.5 0
7876.5 1
7877.5 0
7878.5 0
7879.5 -1.25
7880.5 0
7881.5 0.75
7882.5 -1.25
7883.5 0
7884.5 0
7885.5 0
7886.5 0
7887.5 1
7888.5 0
7889.5 -0.25
7890.5 0
7891.5 -2.5
7892.5 0
7893.5 0
7894.5 -1.25
7895.5 0
7896.5 0
7897.5 0
7898.5 0
7899.5 0
7900.5 0
7901.5 1
7902.5 0
7903.5 0
7904.5 -0.25
7905.5 -1.25
7906.5 0
7907.5 0
7908.5 0
7909.5 0
7910.5 1
7911.5 0
7912.5 1
7913.5 -1.25
7914.5 1
7915.5 -1.25
7916.5 0
7917.5 -1.25
7918.5 -0.25
7919.5 -0.25
7920.5 0
7921.5 1
7922.5 2
7923.5 -1.25
7924.5 0
7925.5 1
7926.5 0
7927.5 0
7928.5 1
7929.5 0
7930.5 0
7931.5 0
7932.5 1
7933.5 1
7934.5 0
7935.5 0
7936.5 0
7937.5 0
7938.5 0
7939.5 -1.25
7940.5 0
7941.5 0
7942.5 -1.25
7943.5 -0.25
7944.5 1
7945.5 0
7946.5 -1.25
7947.5 -1.25
7948.5 0
7949.5 1
7950.5 0
7951.5 0
7952.5 0
7953.5 0
7954.5 0
7955.5 0
7956.5 -1.25
7957.5 -1.25
7958.5 0
7959.5 -0.25
7960.5 -0.25
7961.5 -1.25
7962.5 -2.5
7963.5 -1.25
7964.5 -1.25
7965.5 -1.25
7966.5 0
7967.5 0
7968.5 0
7969.5 0
7970.5 0
7971.5 1
7972.5 0
7973.5 2
7974.5 0
7975.5 0
7976.5 0
7977.5 1
7978.5 3
7979.5 -1.5
7980.5 0
7981.5 0
7982.5 0
7983.5 -0.25
7984.5 -0.25
7985.5 -1.25
7986.5 0
7987.5 1
7988.5 -1.25
7989.5 -2.5
7990.5 -1.25
7991.5 -1.5
7992.5 1
7993.5 -1.25
7994.5 -1.25
7995.5 1
7996.5 0
7997.5 1
7998.5 0
7999.5 0
8000.5 0
8001.5 -1.25
8002.5 1
8003.5 -1.25
8004.5 0
8005.5 1
8006.5 0
8007.5 0
8008.5 0
8009.5 1
8010.5 1
8011.5 1
8012.5 0
8013.5 0
8014.5 -1.25
8015.5 -1.25
8016.5 1
8017.5 0
8018.5 0
8019.5 1
8020.5 2
8021.5 0
8022.5 0
8023.5 0
8024.5 1
8025.5 0
8026.5 0
8027.5 0
8028.5 0
8029.5 0
8030.5 0
8031.5 0
8032.5 -1.25
8033.5 0
8034.5 1
8035.5 0
8036.5 0
8037.5 0
8038.5 0
8039.5 -1.25
8040.5 -1.25
8041.5 -2.5
8042.5 0
8043.5 0
8044.5 0
8045.5 0
8046.5 0
8047.5 0
8048.5 0
8049.5 0
8050.5 1
8051.5 0
8052.5 0
8053.5 -0.25
8054.5 1
8055.5 -1.25
8056.5 -1.25
8057.5 0
8058.5 2
8059.5 1
8060.5 1
8061.5 0
8062.5 1
8063.5 0
8064.5 0
8065.5 -1.25
8066.5 1
8067.5 0
8068.5 1
8069.5 0
8070.5 0
8071.5 -1.25
8072.5 0
8073.5 0
8074.5 1
8075.5 -1.25
8076.5 0
8077.5 1
8078.5 0
8079.5 0
8080.5 0
8081.5 0
8082.5 0
8083.5 0
8084.5 1
8085.5 -3.75
8086.5 1.75
8087.5 1
8088.5 -1.25
8089.5 0
8090.5 0
8091.5 0
8092.5 0
8093.5 0
8094.5 0
8095.5 0
8096.5 0
8097.5 0
8098.5 0
8099.5 0
8100.5 0
8101.5 1
8102.5 0
8103.5 0
8104.5 2
8105.5 0
8106.5 0
8107.5 0
8108.5 0
8109.5 0
8110.5 0
8111.5 0
8112.5 0
8113.5 0
8114.5 0
8115.5 0
8116.5 0
8117.5 0
8118.5 0
8119.5 -1.25
8120.5 0
8121.5 -1.25
8122.5 0
8123.5 0
8124.5 -2.5
8125.5 1
8126.5 1
8127.5 0
8128.5 0
8129.5 0
8130.5 0
8131.5 0
8132.5 0
8133.5 0
8134.5 0
8135.5 -0.25
8136.5 0
8137.5 -1.25
8138.5 0
8139.5 1
8140.5 2
8141.5 0
8142.5 0
8143.5 -1.25
8144.5 0
8145.5 0
8146.5 1
8147.5 0
8148.5 0
8149.5 0
8150.5 0
8151.5 0
8152.5 0
8153.5 1
8154.5 0
8155.5 0
8156.5 0
8157.5 -2.5
8158.5 0
8159.5 0
8160.5 0
8161.5 1
8162.5 0
8163.5 1
8164.5 1
8165.5 0
8166.5 0
8167.5 0
8168.5 0
8169.5 0
8170.5 0
8171.5 0
8172.5 0
8173.5 0
8174.5 0
8175.5 1
8176.5 1
8177.5 0
8178.5 0
8179.5 -1.25
8180.5 1
8181.5 1
8182.5 0
8183.5 0
8184.5 0
8185.5 1
8186.5 0
8187.5 0
8188.5 0
8189.5 0
8190.5 2
8191.5 0
8192.5 0
8193.5 1
8194.5 1
8195.5 0
8196.5 -1.25
8197.5 0
8198.5 0
8199.5 0
8200.5 0
8201.5 0
8202.5 0
8203.5 2
8204.5 0
8205.5 0
8206.5 1
8207.5 0
8208.5 0
8209.5 3
8210.5 0
8211.5 1
8212.5 0
8213.5 0
8214.5 0
8215.5 -1.25
8216.5 0
8217.5 -1.25
8218.5 1
8219.5 1
8220.5 0
8221.5 0
8222.5 0
8223.5 0
8224.5 0
8225.5 0
8226.5 0
8227.5 1
8228.5 0
8229.5 1
8230.5 -0.25
8231.5 0
8232.5 0
8233.5 0
8234.5 0
8235.5 -1.25
8236.5 0
8237.5 0
8238.5 0
8239.5 0
8240.5 0
8241.5 -1.25
8242.5 2
8243.5 -1.25
8244.5 0
8245.5 1
8246.5 0
8247.5 0
8248.5 0
8249.5 0
8250.5 0
8251.5 0
8252.5 0
8253.5 1
8254.5 0
8255.5 -1.25
8256.5 1
8257.5 1
8258.5 0
8259.5 0
8260.5 0
8261.5 0
8262.5 0
8263.5 0
8264.5 0
8265.5 1
8266.5 0
8267.5 0
8268.5 0
8269.5 0
8270.5 0
8271.5 0
8272.5 0
8273.5 0
8274.5 0
8275.5 1
8276.5 1
8277.5 0
8278.5 0
8279.5 0
8280.5 1
8281.5 0
8282.5 0
8283.5 0
8284.5 0
8285.5 -1.25
8286.5 -1.25
8287.5 0
8288.5 0
8289.5 0
8290.5 -1.25
8291.5 0
8292.5 0
8293.5 0
8294.5 0
8295.5 -0.25
8296.5 0
8297.5 0
8298.5 0
8299.5 0
8300.5 0
8301.5 0
8302.5 1
8303.5 -0.25
8304.5 -0.25
8305.5 0
8306.5 0
8307.5 0
8308.5 1
8309.5 0
8310.5 0
8311.5 0
8312.5 0
8313.5 1
8314.5 1
8315.5 0
8316.5 0
8317.5 0
8318.5 0
8319.5 0
8320.5 0
8321.5 0
8322.5 0
8323.5 0
8324.5 0
8325.5 1
8326.5 0
8327.5 -1.25
8328.5 1
8329.5 0
8330.5 0
8331.5 0
8332.5 1
8333.5 1
8334.5 0
8335.5 1
8336.5 0
8337.5 0
8338.5 0
8339.5 0
8340.5 -1.25
8341.5 0
8342.5 0
8343.5 0
8344.5 0
8345.5 0
8346.5 1
8347.5 0
8348.5 0
8349.5 0
8350.5 0
8351.5 0
8352.5 0
8353.5 1
8354.5 0
8355.5 0
8356.5 0
8357.5 0
8358.5 0
8359.5 0
8360.5 0
8361.5 0
8362.5 0
8363.5 0
8364.5 1
8365.5 0
8366.5 1
8367.5 -1.25
8368.5 1
8369.5 0
8370.5 0
8371.5 0
8372.5 0
8373.5 0
8374.5 0
8375.5 0
8376.5 0
8377.5 0
8378.5 0
8379.5 -1.25
8380.5 1
8381.5 -1.25
8382.5 0
8383.5 0
8384.5 0
8385.5 0
8386.5 0
8387.5 0
8388.5 0
8389.5 -1.25
8390.5 -1.25
8391.5 0
8392.5 0
8393.5 0
8394.5 -1.25
8395.5 0
8396.5 0
8397.5 0
8398.5 0
8399.5 -0.25
8400.5 1
8401.5 2
8402.5 -1.25
8403.5 1
8404.5 0
8405.5 1
8406.5 0
8407.5 1
8408.5 0
8409.5 1
8410.5 -1.25
8411.5 0
8412.5 1
8413.5 0
8414.5 -1.25
8415.5 0
8416.5 0
8417.5 0
8418.5 0
8419.5 0
8420.5 -1.25
8421.5 0
8422.5 -1.25
8423.5 0
8424.5 0
8425.5 -1.25
8426.5 0
8427.5 0
8428.5 1
8429.5 0
8430.5 0
8431.5 0
8432.5 0
8433.5 0
8434.5 0
8435.5 0
8436.5 0
8437.5 -1.25
8438.5 0
8439.5 0
8440.5 0
8441.5 0
8442.5 0
8443.5 0
8444.5 1
8445.5 0
8446.5 0
8447.5 0
8448.5 0
8449.5 0
8450.5 0
8451.5 1
8452.5 0
8453.5 0
8454.5 -1.25
8455.5 0
8456.5 1
8457.5 -1.25
8458.5 0
8459.5 0
8460.5 0
8461.5 0
8462.5 0
8463.5 0
8464.5 0
8465.5 0
8466.5 0
8467.5 0
8468.5 -1.25
8469.5 -0.25
8470.5 0
8471.5 -1.25
8472.5 0
8473.5 -0.25
8474.5 0.75
8475.5 -0.25
8476.5 -2.5
8477.5 0
8478.5 1
8479.5 0
8480.5 -1.25
8481.5 0
8482.5 -1.25
8483.5 0
8484.5 0
8485.5 1
8486.5 0
8487.5 0
8488.5 0
8489.5 0
8490.5 0
8491.5 -1.25
8492.5 0
8493.5 -1.25
8494.5 -1.25
8495.5 -1.25
8496.5 1
8497.5 0
8498.5 0
8499.5 1
8500.5 1
8501.5 -1.25
8502.5 0
8503.5 0
8504.5 2
8505.5 -1.25
8506.5 0
8507.5 1
8508.5 0
8509.5 0
8510.5 0
8511.5 0
8512.5 -0.25
8513.5 0
8514.5 1
8515.5 0
8516.5 0
8517.5 -0.25
8518.5 0
8519.5 0
8520.5 0
8521.5 0
8522.5 0
8523.5 0
8524.5 0
8525.5 0
8526.5 0
8527.5 0
8528.5 0
8529.5 0
8530.5 0
8531.5 0
8532.5 0
8533.5 1
8534.5 0
8535.5 1
8536.5 2
8537.5 -1.25
8538.5 0
8539.5 0
8540.5 0
8541.5 0
8542.5 0
8543.5 0
8544.5 0
8545.5 0
8546.5 0
8547.5 0
8548.5 1
8549.5 0
8550.5 0
8551.5 0
8552.5 -1.25
8553.5 0
8554.5 0
8555.5 0
8556.5 0
8557.5 0
8558.5 0
8559.5 0
8560.5 1
8561.5 0
8562.5 0
8563.5 1
8564.5 1
8565.5 0
8566.5 0
8567.5 0
8568.5 0
8569.5 0
8570.5 0
8571.5 1
8572.5 0
8573.5 -0.25
8574.5 0
8575.5 0
8576.5 0
8577.5 0
8578.5 0
8579.5 1
8580.5 0
8581.5 0
8582.5 0
8583.5 0
8584.5 0
8585.5 1
8586.5 0
8587.5 0
8588.5 0
8589.5 0
8590.5 0
8591.5 0
8592.5 -1.25
8593.5 -0.25
8594.5 0
8595.5 0
8596.5 0
8597.5 -1.25
8598.5 1
8599.5 1
8600.5 0
8601.5 0
8602.5 -1.25
8603.5 0
8604.5 0
8605.5 0
8606.5 0
8607.5 0
8608.5 0
8609.5 2
8610.5 1
8611.5 0
8612.5 -1.25
8613.5 0
8614.5 1
8615.5 0
8616.5 0
8617.5 0
8618.5 0
8619.5 -1.25
8620.5 0
8621.5 0
8622.5 0
8623.5 0
8624.5 0
8625.5 -1.25
8626.5 0
8627.5 -1.25
8628.5 0
8629.5 0
8630.5 0
8631.5 0
8632.5 1
8633.5 0
8634.5 0
8635.5 0
8636.5 0
8637.5 -1.25
8638.5 0
8639.5 0
8640.5 0
8641.5 0
8642.5 0
8643.5 0
8644.5 1
8645.5 1
8646.5 0
8647.5 0
8648.5 0
8649.5 1
8650.5 0
8651.5 0
8652.5 -1.25
8653.5 0
8654.5 0
8655.5 0
8656.5 1
8657.5 1
8658.5 0
8659.5 -1.25
8660.5 0
8661.5 0
8662.5 0
8663.5 0
8664.5 1
8665.5 1
8666.5 -1.25
8667.5 0
8668.5 0
8669.5 0
8670.5 1
8671.5 0
8672.5 1
8673.5 1
8674.5 0
8675.5 0
8676.5 1
8677.5 0
8678.5 -1.25
8679.5 1
8680.5 0
8681.5 1
8682.5 0
8683.5 -0.25
8684.5 1
8685.5 0
8686.5 0
8687.5 0
8688.5 1
8689.5 0
8690.5 0
8691.5 0
8692.5 0
8693.5 0
8694.5 0
8695.5 0
8696.5 -1.25
8697.5 0
8698.5 0
8699.5 1
8700.5 0
8701.5 0
8702.5 -1.25
8703.5 0
8704.5 0
8705.5 0
8706.5 0
8707.5 0
8708.5 1
8709.5 -1.25
8710.5 0
8711.5 0
8712.5 0
8713.5 0
8714.5 1
8715.5 1
8716.5 0
8717.5 0
8718.5 0
8719.5 -0.25
8720.5 0
8721.5 0
8722.5 -0.25
8723.5 -1.25
8724.5 0
8725.5 0
8726.5 -1.25
8727.5 0
8728.5 1
8729.5 0
8730.5 0
8731.5 1
8732.5 0
8733.5 0
8734.5 0
8735.5 1
8736.5 -1.25
8737.5 0
8738.5 0
8739.5 0
8740.5 0
8741.5 -1.25
8742.5 1
8743.5 0
8744.5 0
8745.5 0
8746.5 -1.25
8747.5 0
8748.5 0
8749.5 0
8750.5 0
8751.5 0
8752.5 0
8753.5 0
8754.5 -1.25
8755.5 0
8756.5 0
8757.5 -1.25
8758.5 0
8759.5 1
8760.5 0
8761.5 1
8762.5 0
8763.5 0
8764.5 0
8765.5 0
8766.5 -1.25
8767.5 0
8768.5 -1.25
8769.5 0
8770.5 0
8771.5 -0.25
8772.5 0
8773.5 0
8774.5 0
8775.5 0
8776.5 0
8777.5 0
8778.5 0
8779.5 0
8780.5 0
8781.5 0
8782.5 1
8783.5 0
8784.5 0
8785.5 0
8786.5 0
8787.5 0
8788.5 0
8789.5 0
8790.5 1
8791.5 1
8792.5 -1.25
8793.5 -0.25
8794.5 1
8795.5 -1.25
8796.5 0
8797.5 0
8798.5 0
8799.5 1
8800.5 0
8801.5 0
8802.5 -1.25
8803.5 0
8804.5 0
8805.5 0
8806.5 0
8807.5 0
8808.5 0
8809.5 0
8810.5 0
8811.5 0
8812.5 -1.25
8813.5 0
8814.5 -1.25
8815.5 0
8816.5 -1.25
8817.5 0
8818.5 0
8819.5 0
8820.5 1
8821.5 0
8822.5 0
8823.5 0
8824.5 -1.25
8825.5 0
8826.5 0
8827.5 0
8828.5 0
8829.5 0
8830.5 0
8831.5 0
8832.5 0
8833.5 0
8834.5 1
8835.5 0
8836.5 0
8837.5 0
8838.5 0
8839.5 -1.25
8840.5 0
8841.5 0
8842.5 0
8843.5 0
8844.5 0
8845.5 0
8846.5 -1.25
8847.5 -1.25
8848.5 -1.25
8849.5 -1.25
8850.5 0
8851.5 0
8852.5 0
8853.5 0
8854.5 0
8855.5 0
8856.5 0
8857.5 0
8858.5 0
8859.5 0
8860.5 0
8861.5 1
8862.5 0
8863.5 0
8864.5 0
8865.5 0
8866.5 0
8867.5 0
8868.5 0
8869.5 0
8870.5 0
8871.5 0
8872.5 0
8873.5 0
8874.5 0
8875.5 0
8876.5 0
8877.5 0
8878.5 0
8879.5 0
8880.5 0
8881.5 0
8882.5 0
8883.5 0
8884.5 0
8885.5 1
8886.5 0
8887.5 0
8888.5 0
8889.5 0
8890.5 -1.25
8891.5 0
8892.5 0
8893.5 0
8894.5 -1.25
8895.5 0
8896.5 0
8897.5 0
8898.5 0
8899.5 -1.25
8900.5 0
8901.5 0
8902.5 1
8903.5 0
8904.5 0
8905.5 0
8906.5 0
8907.5 0
8908.5 0
8909.5 0
8910.5 1
8911.5 1
8912.5 -1.25
8913.5 0
8914.5 -1.25
8915.5 0
8916.5 0
8917.5 -1.25
8918.5 0
8919.5 0
8920.5 0
8921.5 0
8922.5 1
8923.5 0
8924.5 0
8925.5 1
8926.5 0
8927.5 0
8928.5 0
8929.5 0
8930.5 0
8931.5 0
8932.5 0
8933.5 0
8934.5 0
8935.5 1
8936.5 0
8937.5 -0.25
8938.5 -1.25
8939.5 0
8940.5 0
8941.5 0
8942.5 0
8943.5 0
8944.5 0
8945.5 0
8946.5 0
8947.5 0
8948.5 0
8949.5 0
8950.5 0
8951.5 0
8952.5 0
8953.5 0
8954.5 1
8955.5 0
8956.5 1
8957.5 -1.25
8958.5 1
8959.5 0
8960.5 0
8961.5 0
8962.5 0
8963.5 0
8964.5 2
8965.5 0
8966.5 1
8967.5 0
8968.5 0
8969.5 0
8970.5 1
8971.5 0
8972.5 0
8973.5 0
8974.5 1
8975.5 -1.25
8976.5 0
8977.5 0
8978.5 0
8979.5 0
8980.5 0
8981.5 0
8982.5 0
8983.5 0
8984.5 0
8985.5 0
8986.5 1
8987.5 0
8988.5 0
8989.5 0
8990.5 0
8991.5 0
8992.5 0
8993.5 0
8994.5 0
8995.5 0
8996.5 1
8997.5 0
8998.5 0
8999.5 0
9000.5 0
9001.5 0
9002.5 0
9003.5 0
9004.5 0
9005.5 0
9006.5 0
9007.5 0
9008.5 0
9009.5 0
9010.5 0
9011.5 0
9012.5 0
9013.5 0
9014.5 0
9015.5 0
9016.5 0
9017.5 0
9018.5 0
9019.5 0
9020.5 0
9021.5 1
9022.5 0
9023.5 0
9024.5 0
9025.5 0
9026.5 0
9027.5 0
9028.5 0
9029.5 0
9030.5 0
9031.5 0
9032.5 1
9033.5 0
9034.5 1
9035.5 1
9036.5 0
9037.5 0
9038.5 0
9039.5 0
9040.5 0
9041.5 0
9042.5 0
9043.5 0
9044.5 0
9045.5 0
9046.5 0
9047.5 0
9048.5 0
9049.5 0
9050.5 0
9051.5 0
9052.5 0
9053.5 0
9054.5 0
9055.5 0
9056.5 -2.5
9057.5 1
9058.5 0
9059.5 0
9060.5 0
9061.5 0
9062.5 0
9063.5 -1.25
9064.5 0
9065.5 0
9066.5 0
9067.5 0
9068.5 0
9069.5 0
9070.5 0
9071.5 0
9072.5 1
9073.5 0
9074.5 0
9075.5 0
9076.5 0
9077.5 0
9078.5 0
9079.5 -1.25
9080.5 0
9081.5 0
9082.5 0
9083.5 0
9084.5 0
9085.5 0
9086.5 0
9087.5 0
9088.5 0
9089.5 -1.25
9090.5 -1.25
9091.5 0
9092.5 0
9093.5 0
9094.5 1
9095.5 -1.25
9096.5 0
9097.5 -1.25
9098.5 0
9099.5 0
9100.5 1
9101.5 -1.25
9102.5 0
9103.5 0
9104.5 0
9105.5 0
9106.5 0
9107.5 0
9108.5 0
9109.5 0
9110.5 0
9111.5 0
9112.5 1
9113.5 0
9114.5 0
9115.5 0
9116.5 -1.25
9117.5 0
9118.5 1
9119.5 0
9120.5 0
9121.5 0
9122.5 -1.25
9123.5 1
9124.5 0
9125.5 0
9126.5 0
9127.5 0
9128.5 0
9129.5 0
9130.5 0
9131.5 0
9132.5 1
9133.5 0
9134.5 0
9135.5 0
9136.5 0
9137.5 0
9138.5 0
9139.5 -1.5
9140.5 0
9141.5 0
9142.5 0
9143.5 1
9144.5 0
9145.5 0
9146.5 0
9147.5 0
9148.5 1
9149.5 0
9150.5 0
9151.5 0
9152.5 0
9153.5 0
9154.5 0
9155.5 0
9156.5 0
9157.5 0
9158.5 0
9159.5 0
9160.5 0
9161.5 0
9162.5 0
9163.5 0
9164.5 0
9165.5 0
9166.5 0
9167.5 0
9168.5 0
9169.5 -1.25
9170.5 0
9171.5 -1.25
9172.5 0
9173.5 0
9174.5 0
9175.5 1
9176.5 0
9177.5 -1.25
9178.5 0
9179.5 0
9180.5 0
9181.5 1
9182.5 0
9183.5 0
9184.5 0
9185.5 1
9186.5 0
9187.5 0
9188.5 0
9189.5 0
9190.5 0
9191.5 0
9192.5 0
9193.5 0
9194.5 0
9195.5 0
9196.5 0
9197.5 0
9198.5 -1.25
9199.5 0
9200.5 0
9201.5 0
9202.5 0
9203.5 -1.25
9204.5 1
9205.5 1
9206.5 0
9207.5 0
9208.5 0
9209.5 0
9210.5 0
9211.5 0
9212.5 0
9213.5 0
9214.5 0
9215.5 0
9216.5 0
9217.5 0
9218.5 1
9219.5 0
9220.5 0
9221.5 0
9222.5 0
9223.5 0
9224.5 0
9225.5 0
9226.5 0
9227.5 0
9228.5 1
9229.5 0
9230.5 -1.25
9231.5 0
9232.5 1
9233.5 0
9234.5 0
9235.5 0
9236.5 0
9237.5 0
9238.5 0
9239.5 0
9240.5 0
9241.5 0
9242.5 0
9243.5 2
9244.5 0
9245.5 0
9246.5 0
9247.5 0
9248.5 0
9249.5 0
9250.5 0
9251.5 0
9252.5 0
9253.5 0
9254.5 0
9255.5 0
9256.5 0
9257.5 0
9258.5 0
9259.5 0
9260.5 0
9261.5 0
9262.5 0
9263.5 0
9264.5 0
9265.5 0
9266.5 0
9267.5 2
9268.5 0
9269.5 0
9270.5 -1.25
9271.5 0
9272.5 0
9273.5 0
9274.5 0
9275.5 0
9276.5 1
9277.5 0
9278.5 0
9279.5 0
9280.5 0
9281.5 0
9282.5 0
9283.5 0
9284.5 0
9285.5 0
9286.5 0
9287.5 1
9288.5 0
9289.5 0
9290.5 1
9291.5 1
9292.5 1
9293.5 0
9294.5 -1.25
9295.5 0
9296.5 0
9297.5 0
9298.5 -1.25
9299.5 0
9300.5 -0.25
9301.5 0
9302.5 0
9303.5 0
9304.5 0
9305.5 1
9306.5 0
9307.5 0
9308.5 0
9309.5 0
9310.5 0
9311.5 0
9312.5 0
9313.5 0
9314.5 0
9315.5 0
9316.5 0
9317.5 0
9318.5 0
9319.5 1
9320.5 0
9321.5 1
9322.5 1
9323.5 0
9324.5 0
9325.5 1
9326.5 0
9327.5 0
9328.5 0
9329.5 0
9330.5 0
9331.5 0
9332.5 0
9333.5 0
9334.5 0
9335.5 0
9336.5 0
9337.5 0
9338.5 0
9339.5 0
9340.5 0
9341.5 0
9342.5 0
9343.5 0
9344.5 -1.25
9345.5 0
9346.5 0
9347.5 0
9348.5 0
9349.5 0
9350.5 0
9351.5 -1.25
9352.5 0
9353.5 0
9354.5 0
9355.5 1
9356.5 1
9357.5 0
9358.5 0
9359.5 0
9360.5 0
9361.5 0
9362.5 0
9363.5 0
9364.5 0
9365.5 0
9366.5 0
9367.5 0
9368.5 -1.25
9369.5 0
9370.5 0
9371.5 0
9372.5 0
9373.5 0
9374.5 0
9375.5 0
9376.5 0
9377.5 0
9378.5 0
9379.5 0
9380.5 0
9381.5 -1.25
9382.5 1
9383.5 1
9384.5 0
9385.5 0
9386.5 0
9387.5 0
9388.5 0
9389.5 0
9390.5 0
9391.5 0
9392.5 0
9393.5 0
9394.5 0
9395.5 1
9396.5 0
9397.5 -1.25
9398.5 0
9399.5 -1.25
9400.5 0
9401.5 0
9402.5 0
9403.5 0
9404.5 0
9405.5 0
9406.5 0
9407.5 0
9408.5 1
9409.5 0
9410.5 0
9411.5 0
9412.5 0
9413.5 0
9414.5 0
9415.5 0
9416.5 0
9417.5 0
9418.5 0
9419.5 0
9420.5 0
9421.5 0
9422.5 0
9423.5 1
9424.5 0
9425.5 0
9426.5 0
9427.5 0
9428.5 1
9429.5 0
9430.5 0
9431.5 0
9432.5 0
9433.5 0
9434.5 0
9435.5 0
9436.5 0
9437.5 0
9438.5 1
9439.5 -1.25
9440.5 0
9441.5 1
9442.5 0
9443.5 0
9444.5 0
9445.5 0
9446.5 1
9447.5 0
9448.5 0
9449.5 1
9450.5 0
9451.5 0
9452.5 0
9453.5 0
9454.5 0
9455.5 0
9456.5 0
9457.5 0
9458.5 0
9459.5 1
9460.5 1
9461.5 0
9462.5 0
9463.5 0
9464.5 -1.25
9465.5 0
9466.5 0
9467.5 0
9468.5 0
9469.5 0
9470.5 0
9471.5 0
9472.5 0
9473.5 0
9474.5 0
9475.5 0
9476.5 0
9477.5 0
9478.5 -1.25
9479.5 0
9480.5 0
9481.5 0
9482.5 0
9483.5 0
9484.5 -1.25
9485.5 0
9486.5 0
9487.5 0
9488.5 0
9489.5 0
9490.5 0
9491.5 0
9492.5 1
9493.5 0
9494.5 0
9495.5 0
9496.5 0
9497.5 0
9498.5 0
9499.5 1
9500.5 0
9501.5 0
9502.5 -1.25
9503.5 0
9504.5 0
9505.5 0
9506.5 0
9507.5 0
9508.5 0
9509.5 0
9510.5 0
9511.5 0
9512.5 0
9513.5 0
9514.5 0
9515.5 0
9516.5 1
9517.5 0
9518.5 0
9519.5 -1.25
9520.5 0
9521.5 0
9522.5 -1.25
9523.5 0
9524.5 0
9525.5 0
9526.5 0
9527.5 0
9528.5 0
9529.5 1
9530.5 -1.25
9531.5 0
9532.5 0
9533.5 0
9534.5 0
9535.5 -1.25
9536.5 1
9537.5 0
9538.5 0
9539.5 0
9540.5 0
9541.5 0
9542.5 0
9543.5 0
9544.5 0
9545.5 0
9546.5 0
9547.5 0
9548.5 0
9549.5 -1.25
9550.5 0
9551.5 -1.25
9552.5 0
9553.5 0
9554.5 0
9555.5 0
9556.5 0
9557.5 0
9558.5 0
9559.5 -1.25
9560.5 0
9561.5 0
9562.5 0
9563.5 0
9564.5 0
9565.5 0
9566.5 0
9567.5 0
9568.5 0
9569.5 -1.25
9570.5 0
9571.5 -1.25
9572.5 0
9573.5 0
9574.5 1
9575.5 0
9576.5 0
9577.5 0
9578.5 0
9579.5 0
9580.5 0
9581.5 0
9582.5 0
9583.5 0
9584.5 0
9585.5 0
9586.5 0
9587.5 0
9588.5 0
9589.5 0
9590.5 -1.25
9591.5 0
9592.5 0
9593.5 0
9594.5 0
9595.5 0
9596.5 0
9597.5 0
9598.5 0
9599.5 0
9600.5 0
9601.5 0
9602.5 0
9603.5 0
9604.5 0
9605.5 0
9606.5 0
9607.5 -1.25
9608.5 0
9609.5 0
9610.5 0
9611.5 0
9612.5 0
9613.5 0
9614.5 0
9615.5 0
9616.5 0
9617.5 0
9618.5 0
9619.5 0
9620.5 0
9621.5 0
9622.5 0
9623.5 0
9624.5 0
9625.5 0
9626.5 0
9627.5 0
9628.5 0
9629.5 -1.25
9630.5 -1.25
9631.5 1
9632.5 0
9633.5 0
9634.5 0
9635.5 0
9636.5 0
9637.5 0
9638.5 0
9639.5 0
9640.5 0
9641.5 0
9642.5 0
9643.5 0
9644.5 0
9645.5 0
9646.5 0
9647.5 2
9648.5 1
9649.5 0
9650.5 0
9651.5 0
9652.5 0
9653.5 0
9654.5 0
9655.5 0
9656.5 0
9657.5 0
9658.5 0
9659.5 0
9660.5 0
9661.5 0
9662.5 0
9663.5 0
9664.5 0
9665.5 1
9666.5 0
9667.5 0
9668.5 0
9669.5 0
9670.5 0
9671.5 0
9672.5 0
9673.5 0
9674.5 0
9675.5 0
9676.5 0
9677.5 0
9678.5 0
9679.5 1
9680.5 0
9681.5 0
9682.5 0
9683.5 0
9684.5 0
9685.5 0
9686.5 0
9687.5 -1.25
9688.5 0
9689.5 0
9690.5 0
9691.5 1
9692.5 0
9693.5 -1.25
9694.5 0
9695.5 0
9696.5 0
9697.5 -1.25
9698.5 0
9699.5 0
9700.5 0
9701.5 -1.25
9702.5 0
9703.5 0
9704.5 0
9705.5 0
9706.5 0
9707.5 0
9708.5 0
9709.5 0
9710.5 0
9711.5 0
9712.5 0
9713.5 0
9714.5 0
9715.5 0
9716.5 0
9717.5 0
9718.5 0
9719.5 0
9720.5 0
9721.5 0
9722.5 0
9723.5 0
9724.5 0
9725.5 0
9726.5 0
9727.5 0
9728.5 0
9729.5 0
9730.5 0
9731.5 0
9732.5 0
9733.5 0
9734.5 0
9735.5 0
9736.5 0
9737.5 0
9738.5 0
9739.5 0
9740.5 0
9741.5 0
9742.5 1
9743.5 0
9744.5 0
9745.5 0
9746.5 0
9747.5 0
9748.5 0
9749.5 0
9750.5 0
9751.5 1
9752.5 1
9753.5 0
9754.5 -1.25
9755.5 0
9756.5 0
9757.5 0
9758.5 0
9759.5 -1.25
9760.5 0
9761.5 0
9762.5 0
9763.5 0
9764.5 0
9765.5 0
9766.5 0
9767.5 0
9768.5 0
9769.5 0
9770.5 0
9771.5 0
9772.5 0
9773.5 -1.25
9774.5 0
9775.5 0
9776.5 0
9777.5 0
9778.5 1
9779.5 0
9780.5 0
9781.5 0
9782.5 0
9783.5 0
9784.5 0
9785.5 1
9786.5 0
9787.5 0
9788.5 0
9789.5 0
9790.5 0
9791.5 0
9792.5 0
9793.5 0
9794.5 0
9795.5 0
9796.5 0
9797.5 0
9798.5 0
9799.5 0
9800.5 0
9801.5 0
9802.5 0
9803.5 0
9804.5 0
9805.5 0
9806.5 0
9807.5 0
9808.5 0
9809.5 -1.25
9810.5 0
9811.5 0
9812.5 1
9813.5 0
9814.5 0
9815.5 0
9816.5 0
9817.5 0
9818.5 0
9819.5 1
9820.5 0
9821.5 0
9822.5 0
9823.5 0
9824.5 0
9825.5 0
9826.5 0
9827.5 0
9828.5 0
9829.5 0
9830.5 0
9831.5 0
9832.5 0
9833.5 0
9834.5 0
9835.5 0
9836.5 0
9837.5 0
9838.5 0
9839.5 0
9840.5 0
9841.5 0
9842.5 0
9843.5 0
9844.5 0
9845.5 0
9846.5 0
9847.5 0
9848.5 0
9849.5 0
9850.5 0
9851.5 0
9852.5 0
9853.5 0
9854.5 0
9855.5 0
9856.5 0
9857.5 0
9858.5 0
9859.5 0
9860.5 0
9861.5 0
9862.5 0
9863.5 0
9864.5 0
9865.5 0
9866.5 0
9867.5 0
9868.5 0
9869.5 0
9870.5 1
9871.5 0
9872.5 0
9873.5 0
9874.5 0
9875.5 -1.25
9876.5 0
9877.5 0
9878.5 0
9879.5 0
9880.5 0
9881.5 0
9882.5 1
9883.5 0
9884.5 0
9885.5 0
9886.5 0
9887.5 0
9888.5 0
9889.5 0
9890.5 0
9891.5 0
9892.5 0
9893.5 0
9894.5 0
9895.5 0
9896.5 0
9897.5 0
9898.5 0
9899.5 0
9900.5 0
9901.5 0
9902.5 0
9903.5 0
9904.5 0
9905.5 0
9906.5 0
9907.5 0
9908.5 0
9909.5 0
9910.5 0
9911.5 0
9912.5 0
9913.5 0
9914.5 0
9915.5 0
9916.5 0
9917.5 0
9918.5 0
9919.5 0
9920.5 0
9921.5 0
9922.5 0
9923.5 0
9924.5 0
9925.5 0
9926.5 -1.25
9927.5 0
9928.5 0
9929.5 0
9930.5 0
9931.5 0
9932.5 0
9933.5 0
9934.5 0
9935.5 0
9936.5 -1.25
9937.5 0
9938.5 0
9939.5 0
9940.5 0
9941.5 0
9942.5 0
9943.5 0
9944.5 0
9945.5 0
9946.5 0
9947.5 0
9948.5 0
9949.5 0
9950.5 0
9951.5 0
9952.5 0
9953.5 0
9954.5 0
9955.5 0
9956.5 0
9957.5 0
9958.5 0
9959.5 0
9960.5 0
9961.5 0
9962.5 0
9963.5 0
9964.5 0
9965.5 0
9966.5 0
9967.5 0
9968.5 0
9969.5 0
9970.5 0
9971.5 0
9972.5 0
9973.5 0
9974.5 0
9975.5 0
9976.5 0
9977.5 0
9978.5 0
9979.5 0
9980.5 0
9981.5 0
9982.5 0
9983.5 0
9984.5 0
9985.5 0
9986.5 0
9987.5 0
9988.5 0
9989.5 0
9990.5 0
9991.5 0
9992.5 0
9993.5 0
9994.5 0
9995.5 0
9996.5 0
9997.5 0
9998.5 0
9999.5 0
10000.5 0
10001.5 0
10002.5 0
10003.5 0
10004.5 0
10005.5 0
10006.5 0
10007.5 0
10008.5 0
10009.5 0
10010.5 0
10011.5 0
10012.5 0
10013.5 0
10014.5 0
10015.5 0
10016.5 0
10017.5 0
10018.5 0
10019.5 0
10020.5 0
10021.5 0
10022.5 0
10023.5 0
10024.5 0
10025.5 0
10026.5 0
10027.5 0
10028.5 0
10029.5 0
10030.5 0
10031.5 0
10032.5 0
10033.5 0
10034.5 1
10035.5 0
10036.5 0
10037.5 0
10038.5 0
10039.5 0
10040.5 0
10041.5 0
10042.5 0
10043.5 0
10044.5 0
10045.5 0
10046.5 0
10047.5 0
10048.5 0
10049.5 0
10050.5 0
10051.5 0
10052.5 0
10053.5 0
10054.5 0
10055.5 0
10056.5 0
10057.5 0
10058.5 0
10059.5 0
10060.5 0
10061.5 0
10062.5 0
10063.5 0
10064.5 0
10065.5 0
10066.5 0
10067.5 0
10068.5 0
10069.5 0
10070.5 0
10071.5 0
10072.5 0
10073.5 0
10074.5 0
10075.5 0
10076.5 -1.25
10077.5 0
10078.5 0
10079.5 0
10080.5 0
10081.5 0
10082.5 0
10083.5 0
10084.5 0
10085.5 0
10086.5 0
10087.5 1
10088.5 0
10089.5 0
10090.5 0
10091.5 0
10092.5 0
10093.5 0
10094.5 0
10095.5 0
10096.5 0
10097.5 0
10098.5 0
10099.5 0
10100.5 0
10101.5 0
10102.5 0
10103.5 0
10104.5 0
10105.5 0
10106.5 0
10107.5 0
10108.5 0
10109.5 0
10110.5 0
10111.5 1
10112.5 0
10113.5 0
10114.5 0
10115.5 0
10116.5 0
10117.5 0
10118.5 0
10119.5 0
10120.5 0
10121.5 0
10122.5 0
10123.5 0
10124.5 0
10125.5 0
10126.5 0
10127.5 0
10128.5 0
10129.5 0
10130.5 0
10131.5 0
10132.5 0
10133.5 0
10134.5 0
10135.5 0
10136.5 0
10137.5 0
10138.5 0
10139.5 0
10140.5 0
10141.5 0
10142.5 0
10143.5 0
10144.5 0
10145.5 0
10146.5 0
10147.5 0
10148.5 0
10149.5 0
10150.5 0
10151.5 0
10152.5 0
10153.5 0
10154.5 0
10155.5 0
10156.5 0
10157.5 0
10158.5 0
10159.5 0
10160.5 0
10161.5 0
10162.5 0
10163.5 0
10164.5 0
10165.5 0
10166.5 0
10167.5 0
10168.5 0
10169.5 1
10170.5 0
10171.5 0
10172.5 0
10173.5 0
10174.5 0
10175.5 0
10176.5 0
10177.5 0
10178.5 0
10179.5 0
10180.5 0
10181.5 0
10182.5 0
10183.5 0
10184.5 0
10185.5 0
10186.5 0
10187.5 0
10188.5 0
10189.5 0
10190.5 0
10191.5 0
10192.5 0
10193.5 0
10194.5 0
10195.5 0
10196.5 0
10197.5 0
10198.5 0
10199.5 0
10200.5 0
10201.5 0
10202.5 0
10203.5 0
10204.5 1
10205.5 0
10206.5 0
10207.5 0
10208.5 0
10209.5 0
10210.5 0
10211.5 0
10212.5 0
10213.5 0
10214.5 0
10215.5 0
10216.5 0
10217.5 0
10218.5 0
10219.5 0
10220.5 0
10221.5 0
10222.5 0
10223.5 0
10224.5 0
10225.5 0
10226.5 0
10227.5 0
10228.5 0
10229.5 0
10230.5 0
10231.5 0
10232.5 0
10233.5 0
10234.5 0
10235.5 0
10236.5 0
10237.5 0
10238.5 0
10239.5 0
10240.5 0
10241.5 0
10242.5 0
10243.5 0
10244.5 0
10245.5 0
10246.5 0
10247.5 0
10248.5 0
10249.5 0
10250.5 0
10251.5 0
10252.5 0
10253.5 0
10254.5 0
10255.5 0
10256.5 0
10257.5 0
10258.5 0
10259.5 0
10260.5 0
10261.5 0
10262.5 0
10263.5 0
10264.5 0
10265.5 0
10266.5 0
10267.5 0
10268.5 0
10269.5 0
10270.5 0
10271.5 0
10272.5 0
10273.5 0
10274.5 -1.25
10275.5 0
10276.5 0
10277.5 0
10278.5 0
10279.5 0
10280.5 0
10281.5 0
10282.5 0
10283.5 0
10284.5 0
10285.5 0
10286.5 0
10287.5 0
10288.5 0
10289.5 0
10290.5 0
10291.5 0
10292.5 0
10293.5 0
10294.5 0
10295.5 0
10296.5 0
10297.5 0
10298.5 0
10299.5 0
10300.5 0
10301.5 0
10302.5 0
10303.5 0
10304.5 0
10305.5 0
10306.5 0
10307.5 0
10308.5 0
10309.5 0
10310.5 0
10311.5 0
10312.5 0
10313.5 0
10314.5 0
10315.5 0
10316.5 0
10317.5 0
10318.5 0
10319.5 0
10320.5 0
10321.5 0
10322.5 0
10323.5 0
10324.5 0
10325.5 0
10326.5 0
10327.5 0
10328.5 0
10329.5 0
10330.5 0
10331.5 0
10332.5 0
10333.5 0
10334.5 -1.25
10335.5 0
10336.5 0
10337.5 0
10338.5 0
10339.5 0
10340.5 0
10341.5 0
10342.5 0
10343.5 0
10344.5 0
10345.5 0
10346.5 0
10347.5 1
10348.5 0
10349.5 0
10350.5 0
10351.5 -1.25
10352.5 0
10353.5 0
10354.5 0
10355.5 0
10356.5 0
10357.5 0
10358.5 0
10359.5 0
10360.5 0
10361.5 0
10362.5 0
10363.5 0
10364.5 0
10365.5 0
10366.5 0
10367.5 0
10368.5 0
10369.5 -1.25
10370.5 0
10371.5 0
10372.5 0
10373.5 0
10374.5 0
10375.5 0
10376.5 0
10377.5 0
10378.5 0
10379.5 0
10380.5 0
10381.5 0
10382.5 0
10383.5 0
10384.5 0
10385.5 0
10386.5 0
10387.5 0
10388.5 0
10389.5 0
10390.5 0
10391.5 0
10392.5 0
10393.5 0
10394.5 0
10395.5 0
10396.5 0
10397.5 0
10398.5 0
10399.5 0
10400.5 0
10401.5 0
10402.5 0
10403.5 0
10404.5 0
10405.5 0
10406.5 0
10407.5 0
10408.5 0
10409.5 0
10410.5 0
10411.5 0
10412.5 0
10413.5 0
10414.5 0
10415.5 0
10416.5 1
10417.5 0
10418.5 0
10419.5 0
10420.5 0
10421.5 0
10422.5 0
10423.5 0
10424.5 0
10425.5 0
10426.5 0
10427.5 0
10428.5 0
10429.5 0
10430.5 0
10431.5 0
10432.5 0
10433.5 0
10434.5 0
10435.5 0
10436.5 0
10437.5 0
10438.5 0
10439.5 0
10440.5 0
10441.5 0
10442.5 0
10443.5 0
10444.5 0
10445.5 0
10446.5 0
10447.5 0
10448.5 0
10449.5 0
10450.5 0
10451.5 0
10452.5 1
10453.5 0
10454.5 0
10455.5 0
10456.5 0
10457.5 0
10458.5 0
10459.5 0
10460.5 0
10461.5 0
10462.5 0
10463.5 0
10464.5 0
10465.5 0
10466.5 0
10467.5 -1.25
10468.5 0
10469.5 0
10470.5 0
10471.5 0
10472.5 0
10473.5 0
10474.5 0
10475.5 0
10476.5 0
10477.5 0
10478.5 0
10479.5 0
10480.5 0
10481.5 0
10482.5 0
10483.5 0
10484.5 0
10485.5 0
10486.5 0
10487.5 0
10488.5 0
10489.5 0
10490.5 0
10491.5 0
10492.5 0
10493.5 0
10494.5 0
10495.5 0
10496.5 0
10497.5 0
10498.5 0
10499.5 0
10500.5 0
10501.5 0
10502.5 0
10503.5 0
10504.5 0
10505.5 0
10506.5 0
10507.5 0
10508.5 0
10509.5 0
10510.5 0
10511.5 0
10512.5 0
10513.5 0
10514.5 0
10515.5 0
10516.5 0
10517.5 0
10518.5 0
10519.5 0
10520.5 0
10521.5 0
10522.5 0
10523.5 0
10524.5 0
10525.5 0
10526.5 0
10527.5 0
10528.5 0
10529.5 0
10530.5 0
10531.5 0
10532.5 0
10533.5 0
10534.5 0
10535.5 0
10536.5 0
10537.5 0
10538.5 0
10539.5 0
10540.5 0
10541.5 0
10542.5 0
10543.5 0
10544.5 0
10545.5 0
10546.5 0
10547.5 0
10548.5 0
10549.5 0
10550.5 0
10551.5 0
10552.5 0
10553.5 0
10554.5 0
10555.5 0
10556.5 0
10557.5 0
10558.5 0
10559.5 0
10560.5 0
10561.5 0
10562.5 0
10563.5 0
10564.5 0
10565.5 0
10566.5 0
10567.5 0
10568.5 0
10569.5 0
10570.5 0
10571.5 0
10572.5 0
10573.5 0
10574.5 0
10575.5 0
10576.5 0
10577.5 0
10578.5 0
10579.5 0
10580.5 0
10581.5 0
10582.5 0
10583.5 0
10584.5 0
10585.5 0
10586.5 0
10587.5 0
10588.5 0
10589.5 0
10590.5 0
10591.5 0
10592.5 0
10593.5 0
10594.5 0
10595.5 0
10596.5 0
10597.5 0
10598.5 0
10599.5 0
10600.5 0
10601.5 0
10602.5 0
10603.5 0
10604.5 1
10605.5 0
10606.5 0
10607.5 0
10608.5 0
10609.5 0
10610.5 0
10611.5 0
10612.5 0
10613.5 0
10614.5 0
10615.5 0
10616.5 0
10617.5 0
10618.5 0
10619.5 0
10620.5 0
10621.5 0
10622.5 0
10623.5 0
10624.5 0
10625.5 0
10626.5 0
10627.5 0
10628.5 0
10629.5 0
10630.5 0
10631.5 0
10632.5 0
10633.5 0
10634.5 0
10635.5 0
10636.5 0
10637.5 0
10638.5 0
10639.5 0
10640.5 0
10641.5 0
10642.5 0
10643.5 0
10644.5 0
10645.5 0
10646.5 0
10647.5 0
10648.5 0
10649.5 0
10650.5 0
10651.5 0
10652.5 0
10653.5 0
10654.5 0
10655.5 0
10656.5 0
10657.5 0
10658.5 0
10659.5 0
10660.5 0
10661.5 0
10662.5 0
10663.5 0
10664.5 0
10665.5 0
10666.5 0
10667.5 0
10668.5 0
10669.5 0
10670.5 0
10671.5 0
10672.5 0
10673.5 0
10674.5 0
10675.5 0
10676.5 0
10677.5 0
10678.5 0
10679.5 0
10680.5 0
10681.5 0
10682.5 0
10683.5 0
10684.5 0
10685.5 0
10686.5 0
10687.5 0
10688.5 0
10689.5 0
10690.5 0
10691.5 0
10692.5 0
10693.5 0
10694.5 0
10695.5 0
10696.5 0
10697.5 0
10698.5 0
10699.5 0
10700.5 0
10701.5 0
10702.5 0
10703.5 0
10704.5 0
10705.5 0
10706.5 0
10707.5 0
10708.5 0
10709.5 0
10710.5 0
10711.5 0
10712.5 0
10713.5 0
10714.5 0
10715.5 0
10716.5 0
10717.5 0
10718.5 0
10719.5 0
10720.5 0
10721.5 0
10722.5 0
10723.5 0
10724.5 0
10725.5 0
10726.5 0
10727.5 0
10728.5 0
10729.5 0
10730.5 0
10731.5 0
10732.5 0
10733.5 0
10734.5 0
10735.5 0
10736.5 0
10737.5 0
10738.5 0
10739.5 0
10740.5 0
10741.5 0
10742.5 0
10743.5 0
10744.5 0
10745.5 0
10746.5 0
10747.5 0
10748.5 0
10749.5 0
10750.5 0
10751.5 0
10752.5 0
10753.5 0
10754.5 0
10755.5 0
10756.5 0
10757.5 0
10758.5 0
10759.5 0
10760.5 0
10761.5 0
10762.5 0
10763.5 0
10764.5 0
10765.5 0
10766.5 0
10767.5 0
10768.5 0
10769.5 0
10770.5 0
10771.5 0
10772.5 0
10773.5 0
10774.5 0
10775.5 0
10776.5 0
10777.5 0
10778.5 0
10779.5 0
10780.5 0
10781.5 0
10782.5 0
10783.5 0
10784.5 0
10785.5 0
10786.5 0
10787.5 0
10788.5 0
10789.5 0
10790.5 0
10791.5 0
10792.5 0
10793.5 0
10794.5 0
10795.5 0
10796.5 0
10797.5 0
10798.5 0
10799.5 0
10800.5 0
10801.5 0
10802.5 0
10803.5 0
10804.5 0
10805.5 0
10806.5 0
10807.5 0
10808.5 0
10809.5 0
10810.5 0
10811.5 0
10812.5 0
10813.5 0
10814.5 0
10815.5 0
10816.5 0
10817.5 0
10818.5 0
10819.5 0
10820.5 0
10821.5 0
10822.5 0
10823.5 1
10824.5 0
10825.5 0
10826.5 0
10827.5 0
10828.5 0
10829.5 0
10830.5 0
10831.5 0
10832.5 0
10833.5 0
10834.5 0
10835.5 0
10836.5 0
10837.5 0
10838.5 0
10839.5 0
10840.5 0
10841.5 0
10842.5 0
10843.5 0
10844.5 0
10845.5 0
10846.5 0
10847.5 0
10848.5 0
10849.5 0
10850.5 0
10851.5 0
10852.5 0
10853.5 0
10854.5 0
10855.5 0
10856.5 0
10857.5 0
10858.5 0
10859.5 0
10860.5 0
10861.5 0
10862.5 0
10863.5 0
10864.5 0
10865.5 0
10866.5 0
10867.5 0
10868.5 0
10869.5 0
10870.5 0
10871.5 0
10872.5 0
10873.5 0
10874.5 0
10875.5 0
10876.5 0
10877.5 0
10878.5 0
10879.5 0
10880.5 0
10881.5 0
10882.5 0
10883.5 0
10884.5 0
10885.5 0
10886.5 0
10887.5 0
10888.5 0
10889.5 0
10890.5 0
10891.5 0
10892.5 0
10893.5 0
10894.5 0
10895.5 0
10896.5 0
10897.5 0
10898.5 0
10899.5 0
10900.5 0
10901.5 0
10902.5 0
10903.5 0
10904.5 0
10905.5 0
10906.5 0
10907.5 0
10908.5 0
10909.5 0
10910.5 0
10911.5 0
10912.5 0
10913.5 0
10914.5 0
10915.5 0
10916.5 -1.25
10917.5 0
10918.5 0
10919.5 0
10920.5 0
10921.5 0
10922.5 0
10923.5 0
10924.5 0
10925.5 0
10926.5 0
10927.5 0
10928.5 0
10929.5 0
10930.5 0
10931.5 0
10932.5 0
10933.5 0
10934.5 0
10935.5 0
10936.5 0
10937.5 0
10938.5 0
10939.5 1
10940.5 0
10941.5 0
10942.5 0
10943.5 0
10944.5 0
10945.5 0
10946.5 0
10947.5 0
10948.5 0
10949.5 0
10950.5 0
10951.5 0
10952.5 0
10953.5 0
10954.5 0
10955.5 0
10956.5 0
10957.5 0
10958.5 0
10959.5 0
10960.5 0
10961.5 0
10962.5 0
10963.5 0
10964.5 0
10965.5 0
10966.5 0
10967.5 0
10968.5 0
10969.5 0
10970.5 0
10971.5 0
10972.5 0
10973.5 0
10974.5 0
10975.5 0
10976.5 0
10977.5 0
10978.5 0
10979.5 0
10980.5 0
10981.5 0
10982.5 0
10983.5 0
10984.5 0
10985.5 0
10986.5 0
10987.5 0
10988.5 0
10989.5 0
10990.5 0
10991.5 0
10992.5 0
10993.5 0
10994.5 0
10995.5 0
10996.5 0
10997.5 0
10998.5 0
10999.5 0
11000.5 0
11001.5 0
11002.5 0
11003.5 0
11004.5 0
11005.5 0
11006.5 0
11007.5 0
11008.5 0
11009.5 0
11010.5 0
11011.5 0
11012.5 0
11013.5 0
11014.5 0
11015.5 0
11016.5 0
11017.5 0
11018.5 0
11019.5 0
11020.5 0
11021.5 0
11022.5 0
11023.5 0
11024.5 0
11025.5 0
11026.5 0
11027.5 0
11028.5 0
11029.5 0
11030.5 0
11031.5 0
11032.5 0
11033.5 0
11034.5 0
11035.5 0
11036.5 0
11037.5 0
11038.5 0
11039.5 0
11040.5 0
11041.5 0
11042.5 0
11043.5 0
11044.5 0
11045.5 0
11046.5 0
11047.5 0
11048.5 0
11049.5 0
11050.5 0
11051.5 0
11052.5 0
11053.5 0
11054.5 0
11055.5 0
11056.5 0
11057.5 0
11058.5 0
11059.5 0
11060.5 0
11061.5 0
11062.5 0
11063.5 0
11064.5 0
11065.5 0
11066.5 0
11067.5 0
11068.5 0
11069.5 0
11070.5 0
11071.5 0
11072.5 0
11073.5 0
11074.5 0
11075.5 0
11076.5 0
11077.5 0
11078.5 0
11079.5 0
11080.5 0
11081.5 0
11082.5 0
11083.5 0
11084.5 0
11085.5 0
11086.5 0
11087.5 0
11088.5 0
11089.5 0
11090.5 0
11091.5 0
11092.5 0
11093.5 0
11094.5 0
11095.5 0
11096.5 0
11097.5 0
11098.5 0
11099.5 0
11100.5 0
11101.5 0
11102.5 0
11103.5 0
11104.5 0
11105.5 0
11106.5 0
11107.5 0
11108.5 0
11109.5 0
11110.5 0
11111.5 0
11112.5 0
11113.5 0
11114.5 0
11115.5 0
11116.5 0
11117.5 0
11118.5 0
11119.5 0
11120.5 0
11121.5 0
11122.5 0
11123.5 0
11124.5 0
11125.5 0
11126.5 0
11127.5 0
11128.5 0
11129.5 0
11130.5 0
11131.5 0
11132.5 0
11133.5 0
11134.5 0
11135.5 0
11136.5 0
11137.5 0
11138.5 0
11139.5 0
11140.5 0
11141.5 0
11142.5 0
11143.5 0
11144.5 0
11145.5 0
11146.5 0
11147.5 0
11148.5 0
11149.5 0
11150.5 0
11151.5 0
11152.5 0
11153.5 0
11154.5 0
11155.5 0
11156.5 0
11157.5 0
11158.5 0
11159.5 0
11160.5 0
11161.5 0
11162.5 0
11163.5 0
11164.5 0
11165.5 0
11166.5 0
11167.5 0
11168.5 0
11169.5 0
11170.5 0
11171.5 0
11172.5 0
11173.5 0
11174.5 0
11175.5 0
11176.5 0
11177.5 0
11178.5 0
11179.5 0
11180.5 0
11181.5 0
11182.5 0
11183.5 0
11184.5 0
11185.5 0
11186.5 0
11187.5 0
11188.5 0
11189.5 0
11190.5 0
11191.5 0
11192.5 0
11193.5 0
11194.5 0
11195.5 0
11196.5 0
11197.5 0
11198.5 0
11199.5 0
11200.5 0
11201.5 0
11202.5 0
11203.5 0
11204.5 0
11205.5 0
11206.5 0
11207.5 0
11208.5 0
11209.5 0
11210.5 0
11211.5 0
11212.5 0
11213.5 -1.25
11214.5 0
11215.5 0
11216.5 0
11217.5 0
11218.5 0
11219.5 0
11220.5 0
11221.5 0
11222.5 0
11223.5 0
11224.5 0
11225.5 0
11226.5 0
11227.5 0
11228.5 0
11229.5 0
11230.5 0
11231.5 0
11232.5 0
11233.5 0
11234.5 0
11235.5 0
11236.5 0
11237.5 0
11238.5 0
11239.5 0
11240.5 0
11241.5 0
11242.5 1
11243.5 0
11244.5 0
11245.5 0
11246.5 0
11247.5 0
11248.5 0
11249.5 0
11250.5 0
11251.5 0
11252.5 0
11253.5 0
11254.5 0
11255.5 0
11256.5 0
11257.5 0
11258.5 0
11259.5 0
11260.5 0
11261.5 0
11262.5 0
11263.5 0
11264.5 0
11265.5 0
11266.5 0
11267.5 0
11268.5 0
11269.5 0
11270.5 0
11271.5 0
11272.5 0
11273.5 0
11274.5 0
11275.5 0
11276.5 0
11277.5 0
11278.5 0
11279.5 0
11280.5 0
11281.5 0
11282.5 0
11283.5 0
11284.5 -1.25
11285.5 0
11286.5 0
11287.5 0
11288.5 0
11289.5 0
11290.5 0
11291.5 0
11292.5 0
11293.5 0
11294.5 0
11295.5 0
11296.5 0
11297.5 0
11298.5 0
11299.5 0
11300.5 0
11301.5 0
11302.5 0
11303.5 0
11304.5 0
11305.5 0
11306.5 0
11307.5 0
11308.5 0
11309.5 0
11310.5 0
11311.5 0
11312.5 0
11313.5 0
11314.5 0
11315.5 0
11316.5 0
11317.5 0
11318.5 0
11319.5 0
11320.5 0
11321.5 0
11322.5 0
11323.5 0
11324.5 0
11325.5 0
11326.5 0
11327.5 0
11328.5 0
11329.5 0
11330.5 0
11331.5 0
11332.5 0
11333.5 0
11334.5 0
11335.5 0
11336.5 0
11337.5 0
11338.5 0
11339.5 0
11340.5 0
11341.5 0
11342.5 0
11343.5 0
11344.5 0
11345.5 0
11346.5 0
11347.5 0
11348.5 0
11349.5 0
11350.5 0
11351.5 0
11352.5 0
11353.5 0
11354.5 0
11355.5 0
11356.5 0
11357.5 0
11358.5 0
11359.5 0
11360.5 0
11361.5 0
11362.5 0
11363.5 0
11364.5 0
11365.5 0
11366.5 0
11367.5 0
11368.5 0
11369.5 0
11370.5 0
11371.5 0
11372.5 0
11373.5 0
11374.5 0
11375.5 0
11376.5 0
11377.5 0
11378.5 0
11379.5 0
11380.5 0
11381.5 0
11382.5 0
11383.5 0
11384.5 0
11385.5 0
11386.5 0
11387.5 0
11388.5 0
11389.5 0
11390.5 0
11391.5 0
11392.5 0
11393.5 0
11394.5 0
11395.5 0
11396.5 0
11397.5 0
11398.5 0
11399.5 0
11400.5 0
11401.5 0
11402.5 0
11403.5 0
11404.5 0
11405.5 0
11406.5 0
11407.5 0
11408.5 1
11409.5 0
11410.5 0
11411.5 0
11412.5 0
11413.5 0
11414.5 0
11415.5 0
11416.5 0
11417.5 0
11418.5 0
11419.5 0
11420.5 0
11421.5 0
11422.5 0
11423.5 0
11424.5 0
11425.5 0
11426.5 0
11427.5 0
11428.5 0
11429.5 0
11430.5 0
11431.5 0
11432.5 0
11433.5 0
11434.5 0
11435.5 0
11436.5 0
11437.5 0
11438.5 0
11439.5 0
11440.5 0
11441.5 0
11442.5 0
11443.5 0
11444.5 0
11445.5 0
11446.5 0
11447.5 0
11448.5 0
11449.5 0
11450.5 0
11451.5 0
11452.5 0
11453.5 0
11454.5 0
11455.5 0
11456.5 0
11457.5 0
11458.5 0
11459.5 0
11460.5 0
11461.5 0
11462.5 0
11463.5 0
11464.5 0
11465.5 0
11466.5 0
11467.5 0
11468.5 0
11469.5 0
11470.5 0
11471.5 0
11472.5 0
11473.5 0
11474.5 0
11475.5 0
11476.5 0
11477.5 0
11478.5 0
11479.5 0
11480.5 0
11481.5 0
11482.5 0
11483.5 0
11484.5 0
11485.5 0
11486.5 0
11487.5 0
11488.5 0
11489.5 0
11490.5 0
11491.5 0
11492.5 0
11493.5 0
11494.5 0
11495.5 0
11496.5 0
11497.5 0
11498.5 0
11499.5 0
11500.5 0
11501.5 0
11502.5 0
11503.5 0
11504.5 0
11505.5 0
11506.5 0
11507.5 0
11508.5 0
11509.5 0
11510.5 0
11511.5 0
11512.5 0
11513.5 0
11514.5 0
11515.5 0
11516.5 0
11517.5 0
11518.5 0
11519.5 0
11520.5 0
11521.5 0
11522.5 0
11523.5 0
11524.5 0
11525.5 0
11526.5 0
11527.5 0
11528.5 0
11529.5 0
11530.5 0
11531.5 0
11532.5 0
11533.5 0
11534.5 0
11535.5 0
11536.5 0
11537.5 0
11538.5 0
11539.5 0
11540.5 0
11541.5 0
11542.5 0
11543.5 0
11544.5 0
11545.5 0
11546.5 0
11547.5 0
11548.5 0
11549.5 0
11550.5 0
11551.5 0
11552.5 0
11553.5 0
11554.5 0
11555.5 0
11556.5 0
11557.5 0
11558.5 0
11559.5 0
11560.5 0
11561.5 0
11562.5 0
11563.5 0
11564.5 0
11565.5 0
11566.5 0
11567.5 0
11568.5 0
11569.5 0
11570.5 0
11571.5 0
11572.5 -1.25
11573.5 0
11574.5 0
11575.5 0
11576.5 0
11577.5 0
11578.5 0
11579.5 0
11580.5 0
11581.5 0
11582.5 0
11583.5 0
11584.5 0
11585.5 0
11586.5 0
11587.5 0
11588.5 0
11589.5 0
11590.5 0
11591.5 0
11592.5 0
11593.5 0
11594.5 0
11595.5 0
11596.5 0
11597.5 0
11598.5 0
11599.5 0
11600.5 0
11601.5 0
11602.5 0
11603.5 0
11604.5 0
11605.5 0
11606.5 0
11607.5 0
11608.5 0
11609.5 0
11610.5 0
11611.5 0
11612.5 0
11613.5 0
11614.5 0
11615.5 0
11616.5 0
11617.5 0
11618.5 0
11619.5 0
11620.5 0
11621.5 0
11622.5 0
11623.5 0
11624.5 0
11625.5 0
11626.5 0
11627.5 0
11628.5 0
11629.5 0
11630.5 0
11631.5 0
11632.5 0
11633.5 0
11634.5 0
11635.5 0
11636.5 0
11637.5 0
11638.5 0
11639.5 0
11640.5 0
11641.5 0
11642.5 0
11643.5 0
11644.5 0
11645.5 0
11646.5 0
11647.5 0
11648.5 0
11649.5 0
11650.5 0
11651.5 0
11652.5 0
11653.5 0
11654.5 0
11655.5 0
11656.5 0
11657.5 0
11658.5 0
11659.5 0
11660.5 0
11661.5 0
11662.5 0
11663.5 0
11664.5 0
11665.5 0
11666.5 0
11667.5 0
11668.5 0
11669.5 0
11670.5 0
11671.5 0
11672.5 0
11673.5 0
11674.5 0
11675.5 0
11676.5 0
11677.5 0
11678.5 0
11679.5 0
11680.5 0
11681.5 0
11682.5 0
11683.5 0
11684.5 0
11685.5 0
11686.5 0
11687.5 0
11688.5 0
11689.5 0
11690.5 0
11691.5 0
11692.5 0
11693.5 0
11694.5 0
11695.5 0
11696.5 0
11697.5 0
11698.5 0
11699.5 0
11700.5 0
11701.5 0
11702.5 0
11703.5 0
11704.5 0
11705.5 0
11706.5 0
11707.5 0
11708.5 0
11709.5 0
11710.5 0
11711.5 0
11712.5 0
11713.5 0
11714.5 0
11715.5 0
11716.5 0
11717.5 0
11718.5 0
11719.5 0
11720.5 0
11721.5 0
11722.5 0
11723.5 0
11724.5 0
11725.5 0
11726.5 0
11727.5 0
11728.5 0
11729.5 0
11730.5 0
11731.5 0
11732.5 0
11733.5 1
11734.5 0
11735.5 0
11736.5 0
11737.5 0
11738.5 0
11739.5 0
11740.5 0
11741.5 0
11742.5 0
11743.5 0
11744.5 0
11745.5 0
11746.5 0
11747.5 0
11748.5 0
11749.5 0
11750.5 0
11751.5 0
11752.5 0
11753.5 0
11754.5 0
11755.5 0
11756.5 0
11757.5 0
11758.5 0
11759.5 0
11760.5 0
11761.5 0
11762.5 0
11763.5 0
11764.5 0
11765.5 0
11766.5 0
11767.5 0
11768.5 0
11769.5 0
11770.5 0
11771.5 0
11772.5 0
11773.5 0
11774.5 0
11775.5 0
11776.5 0
11777.5 0
11778.5 0
11779.5 0
11780.5 0
11781.5 0
11782.5 0
11783.5 0
11784.5 0
11785.5 0
11786.5 0
11787.5 0
11788.5 0
11789.5 0
11790.5 0
11791.5 0
11792.5 0
11793.5 0
11794.5 0
11795.5 0
11796.5 0
11797.5 0
11798.5 0
11799.5 0
11800.5 0
11801.5 0
11802.5 0
11803.5 0
11804.5 0
11805.5 0
11806.5 0
11807.5 0
11808.5 0
11809.5 0
11810.5 0
11811.5 0
11812.5 0
11813.5 0
11814.5 0
11815.5 0
11816.5 0
11817.5 0
11818.5 0
11819.5 0
11820.5 0
11821.5 0
11822.5 0
11823.5 0
11824.5 0
11825.5 0
11826.5 0
11827.5 0
11828.5 0
11829.5 0
11830.5 0
11831.5 0
11832.5 1
11833.5 0
11834.5 0
11835.5 0
11836.5 0
11837.5 0
11838.5 0
11839.5 0
11840.5 0
11841.5 0
11842.5 0
11843.5 0
11844.5 0
11845.5 0
11846.5 0
11847.5 0
11848.5 0
11849.5 0
11850.5 0
11851.5 0
11852.5 0
11853.5 0
11854.5 0
11855.5 0
11856.5 0
11857.5 0
11858.5 0
11859.5 0
11860.5 0
11861.5 0
11862.5 0
11863.5 0
11864.5 0
11865.5 0
11866.5 0
11867.5 0
11868.5 0
11869.5 0
11870.5 0
11871.5 0
11872.5 0
11873.5 0
11874.5 0
11875.5 0
11876.5 0
11877.5 0
11878.5 0
11879.5 0
11880.5 0
11881.5 0
11882.5 0
11883.5 0
11884.5 0
11885.5 0
11886.5 0
11887.5 0
11888.5 0
11889.5 0
11890.5 0
11891.5 0
11892.5 0
11893.5 0
11894.5 0
11895.5 0
11896.5 0
11897.5 0
11898.5 0
11899.5 0
11900.5 0
11901.5 0
11902.5 0
11903.5 0
11904.5 0
11905.5 0
11906.5 0
11907.5 0
11908.5 0
11909.5 0
11910.5 0
11911.5 0
11912.5 0
11913.5 0
11914.5 0
11915.5 0
11916.5 0
11917.5 0
11918.5 0
11919.5 0
11920.5 0
11921.5 0
11922.5 0
11923.5 0
11924.5 0
11925.5 0
11926.5 0
11927.5 0
11928.5 0
11929.5 0
11930.5 0
11931.5 0
11932.5 0
11933.5 0
11934.5 0
11935.5 0
11936.5 0
11937.5 0
11938.5 0
11939.5 0
11940.5 0
11941.5 0
11942.5 0
11943.5 0
11944.5 0
11945.5 0
11946.5 0
11947.5 0
11948.5 0
11949.5 0
11950.5 0
11951.5 0
11952.5 0
11953.5 0
11954.5 0
11955.5 0
11956.5 0
11957.5 0
11958.5 0
11959.5 0
11960.5 0
11961.5 0
11962.5 0
11963.5 0
11964.5 0
11965.5 0
11966.5 0
11967.5 0
11968.5 0
11969.5 0
11970.5 0
11971.5 0
11972.5 0
11973.5 0
11974.5 0
11975.5 0
11976.5 0
11977.5 0
11978.5 0
11979.5 0
11980.5 0
11981.5 0
11982.5 0
11983.5 0
11984.5 0
11985.5 0
11986.5 0
11987.5 0
11988.5 0
11989.5 0
11990.5 0
11991.5 0
11992.5 0
11993.5 0
11994.5 0
11995.5 0
11996.5 0
11997.5 0
11998.5 0
11999.5 0
