# EGG_ProjY_E2403.0(3.0)_B2391.5(1.5)_B2422.0(1.0)
# X axis : Energy (keV) [Y axis]
# Y axis : Counts/1 keV
# N Bins : 12000
# X Min : 0
# X Max : 12000
# X value at the center of the bins
0.5 0
1.5 0
2.5 0
3.5 0
4.5 0
5.5 -4
6.5 -5.4
7.5 2
8.5 3.8
9.5 2.4
10.5 -2.4
11.5 -3
12.5 6.6
13.5 11.8
14.5 0.599994
15.5 6.59999
16.5 15
17.5 69.6
18.5 25.6
19.5 68.6
20.5 165.6
21.5 102
22.5 85.8
23.5 88.6
24.5 132.2
25.5 114.4
26.5 155.4
27.5 144.2
28.5 200.4
29.5 164.4
30.5 293
31.5 189.4
32.5 191.8
33.5 190.4
34.5 255.2
35.5 189.4
36.5 202.8
37.5 323.8
38.5 234.2
39.5 134.8
40.5 225
41.5 185.6
42.5 253.4
43.5 208.4
44.5 276.6
45.5 67.9999
46.5 288.4
47.5 282
48.5 400
49.5 312.6
50.5 320.8
51.5 233.6
52.5 217.4
53.5 250
54.5 349.2
55.5 230
56.5 242.4
57.5 428.2
58.5 387.8
59.5 521.2
60.5 552.8
61.5 399.2
62.5 412.6
63.5 260.6
64.5 244
65.5 322.4
66.5 361
67.5 439.6
68.5 225.8
69.5 352
70.5 199.8
71.5 311.8
72.5 413.6
73.5 311
74.5 296.6
75.5 575
76.5 463
77.5 659.6
78.5 446.8
79.5 267
80.5 224.8
81.5 251.4
82.5 353.4
83.5 287
84.5 351.4
85.5 270.8
86.5 390.2
87.5 398.6
88.5 428.2
89.5 226
90.5 387.2
91.5 277.8
92.5 329.6
93.5 395.8
94.5 214.4
95.5 211
96.5 323
97.5 125
98.5 321.4
99.5 222.4
100.5 219.4
101.5 345.8
102.5 230
103.5 404.4
104.5 177.8
105.5 251.4
106.5 337.6
107.5 389.2
108.5 295.4
109.5 277
110.5 316.6
111.5 418.8
112.5 380.2
113.5 440
114.5 591
115.5 325
116.5 427
117.5 481.8
118.5 404.6
119.5 406.2
120.5 343.6
121.5 452.2
122.5 364.8
123.5 313.6
124.5 504.6
125.5 345
126.5 333.6
127.5 285.4
128.5 514
129.5 353.6
130.5 371.6
131.5 324.6
132.5 368.6
133.5 337.8
134.5 393.6
135.5 332.8
136.5 387.8
137.5 266.2
138.5 247
139.5 298.8
140.5 249.2
141.5 320.4
142.5 351.4
143.5 360
144.5 386
145.5 406.6
146.5 407
147.5 554
148.5 582
149.5 350.4
150.5 427
151.5 331
152.5 497.8
153.5 288
154.5 138.6
155.5 288.2
156.5 403.8
157.5 432
158.5 409.2
159.5 414.8
160.5 345.4
161.5 480.8
162.5 331.2
163.5 466.6
164.5 486.4
165.5 411
166.5 567.8
167.5 383.8
168.5 407.4
169.5 483
170.5 506.4
171.5 553.2
172.5 941.8
173.5 2536
174.5 4216.6
175.5 2150.8
176.5 743
177.5 405
178.5 698
179.5 509
180.5 394.6
181.5 563.4
182.5 169.4
183.5 310.6
184.5 564.4
185.5 442.8
186.5 438.8
187.5 304.4
188.5 235.6
189.5 414.4
190.5 414
191.5 346.8
192.5 264.6
193.5 317.6
194.5 490.6
195.5 379
196.5 273.8
197.5 295.6
198.5 287.6
199.5 429.4
200.5 571.6
201.5 468.4
202.5 489.6
203.5 681.8
204.5 404.4
205.5 537.4
206.5 614.4
207.5 699.4
208.5 488.6
209.5 592
210.5 595.2
211.5 701.2
212.5 671.6
213.5 785.8
214.5 851.2
215.5 767.4
216.5 772
217.5 715.8
218.5 670.8
219.5 464.6
220.5 605.4
221.5 505.2
222.5 326
223.5 328.4
224.5 268.6
225.5 159.8
226.5 85.5999
227.5 102.8
228.5 80.9999
229.5 227
230.5 351.4
231.5 297.4
232.5 454.8
233.5 378.8
234.5 288.6
235.5 372.4
236.5 464.2
237.5 314.4
238.5 546.8
239.5 373.2
240.5 380.8
241.5 375
242.5 508.4
243.5 364
244.5 336.6
245.5 516.8
246.5 436.2
247.5 500
248.5 468
249.5 566.4
250.5 710.4
251.5 677.6
252.5 696.4
253.5 725
254.5 684.6
255.5 541.6
256.5 456.4
257.5 501
258.5 419
259.5 311.2
260.5 247.8
261.5 353
262.5 372.6
263.5 260.4
264.5 304.6
265.5 284.2
266.5 271.2
267.5 265.4
268.5 372
269.5 513.6
270.5 393.6
271.5 405.8
272.5 238.6
273.5 460.4
274.5 527.4
275.5 440.4
276.5 357.6
277.5 546.4
278.5 583.4
279.5 511.2
280.5 542.6
281.5 343.6
282.5 483.8
283.5 481.4
284.5 503
285.5 594.8
286.5 427.6
287.5 363
288.5 364.8
289.5 292.8
290.5 391.8
291.5 302.2
292.5 284.6
293.5 356.4
294.5 189.8
295.5 69.3999
296.5 216.2
297.5 110.6
298.5 -2.40011
299.5 60.7999
300.5 44.3999
301.5 19.7999
302.5 282
303.5 322.4
304.5 458.6
305.5 382.4
306.5 492
307.5 331.2
308.5 339.8
309.5 397.2
310.5 361.6
311.5 478.2
312.5 452.4
313.5 590.6
314.5 604.4
315.5 755.8
316.5 850.2
317.5 1099.6
318.5 1120
319.5 1231.8
320.5 823.2
321.5 896.8
322.5 573.2
323.5 479
324.5 508.6
325.5 440.2
326.5 250.2
327.5 235.6
328.5 192.6
329.5 -132.8
330.5 -186.8
331.5 -226
332.5 5.3999
333.5 157.6
334.5 338.8
335.5 297.8
336.5 282.4
337.5 323.6
338.5 251.6
339.5 183.2
340.5 316.2
341.5 205.4
342.5 316.2
343.5 228.8
344.5 316
345.5 402.6
346.5 446.2
347.5 284.4
348.5 435
349.5 449
350.5 275.6
351.5 313.2
352.5 324.2
353.5 381.2
354.5 239.6
355.5 239.2
356.5 191.4
357.5 236.4
358.5 99.9999
359.5 275
360.5 224.2
361.5 165
362.5 258.4
363.5 225.6
364.5 316.6
365.5 176.6
366.5 229.4
367.5 242.4
368.5 202
369.5 218
370.5 196.6
371.5 108.8
372.5 289.4
373.5 265.8
374.5 102.6
375.5 304.4
376.5 135.4
377.5 174.8
378.5 280.8
379.5 186.8
380.5 190.4
381.5 289
382.5 334
383.5 231.2
384.5 243.6
385.5 222.8
386.5 210.2
387.5 281
388.5 137.6
389.5 226.6
390.5 149.2
391.5 93.5999
392.5 144.8
393.5 155.8
394.5 66.3999
395.5 236.2
396.5 157.4
397.5 170.2
398.5 89.1999
399.5 185.4
400.5 125.4
401.5 212.4
402.5 348.2
403.5 392
404.5 520.8
405.5 229.2
406.5 352.2
407.5 213.2
408.5 267.4
409.5 237.2
410.5 356.4
411.5 334.4
412.5 302.6
413.5 322
414.5 269.6
415.5 153.6
416.5 142.4
417.5 172.4
418.5 173.6
419.5 42.7999
420.5 -30.8001
421.5 -25.8001
422.5 72.7999
423.5 -213.2
424.5 -44.6001
425.5 35.7999
426.5 107.8
427.5 84.7999
428.5 78.3999
429.5 202
430.5 199.8
431.5 112.6
432.5 152.4
433.5 155.8
434.5 208.6
435.5 178.2
436.5 238
437.5 220
438.5 182.4
439.5 190.8
440.5 372.8
441.5 527.6
442.5 611.6
443.5 466.4
444.5 526
445.5 411.8
446.5 406.4
447.5 210
448.5 150
449.5 192.8
450.5 86.3999
451.5 -18.0001
452.5 -21.8001
453.5 -106.2
454.5 -47.4001
455.5 -109.4
456.5 118.6
457.5 169.8
458.5 242
459.5 284.8
460.5 199.2
461.5 188.6
462.5 200.8
463.5 141
464.5 137
465.5 139.8
466.5 194
467.5 126.2
468.5 -3.00006
469.5 103.4
470.5 74.9999
471.5 49.7999
472.5 154.8
473.5 220.8
474.5 243.8
475.5 178
476.5 125.8
477.5 97.9999
478.5 174.6
479.5 117
480.5 176.2
481.5 174.6
482.5 182.2
483.5 187.6
484.5 178
485.5 255.8
486.5 135
487.5 246.6
488.5 251
489.5 202
490.5 58.9999
491.5 250.6
492.5 108.4
493.5 155.4
494.5 125
495.5 38.9999
496.5 124.8
497.5 190
498.5 162.2
499.5 67.7999
500.5 93.3999
501.5 89.7999
502.5 31.3999
503.5 112.4
504.5 225.8
505.5 329
506.5 554
507.5 1601.4
508.5 3888.6
509.5 6375.4
510.5 6362.4
511.5 4511.2
512.5 2643.6
513.5 934.6
514.5 451.6
515.5 248.6
516.5 129.2
517.5 198.8
518.5 139.8
519.5 236.4
520.5 20.3999
521.5 -8.00005
522.5 -175.8
523.5 -177.4
524.5 -125.2
525.5 -152.2
526.5 5.59995
527.5 -0.800049
528.5 85.4
529.5 11.8
530.5 141.8
531.5 72.8
532.5 75.8
533.5 207
534.5 49.6
535.5 101
536.5 98
537.5 53.8
538.5 192.8
539.5 369
540.5 335.6
541.5 525.4
542.5 576.8
543.5 481
544.5 436.2
545.5 347.6
546.5 239.4
547.5 181
548.5 150
549.5 102.4
550.5 -4.80005
551.5 -77.6
552.5 -78
553.5 -183.6
554.5 -162.6
555.5 -113.6
556.5 3.79995
557.5 16.6
558.5 24.6
559.5 178
560.5 118
561.5 28.4
562.5 30.6
563.5 103
564.5 102.6
565.5 89.6
566.5 104.6
567.5 40
568.5 104.2
569.5 103.2
570.5 125
571.5 18.2
572.5 16.6
573.5 160.6
574.5 112.2
575.5 128.6
576.5 93.6
577.5 137.8
578.5 27.6
579.5 182.4
580.5 36.2
581.5 6.19995
582.5 -29.0001
583.5 -75.8001
584.5 11.5999
585.5 56.1999
586.5 59.2
587.5 86.4
588.5 85
589.5 112.8
590.5 143.4
591.5 106
592.5 210
593.5 94.7999
594.5 124
595.5 26.3999
596.5 202.6
597.5 103.8
598.5 238
599.5 129.6
600.5 149.8
601.5 185.6
602.5 195.4
603.5 145.8
604.5 128.8
605.5 114.6
606.5 63.2
607.5 91.8
608.5 157.2
609.5 120.6
610.5 115.6
611.5 79.8
612.5 -75.8
613.5 -56.4
614.5 39
615.5 -64.2
616.5 36
617.5 14.4
618.5 45.8
619.5 84.2
620.5 111.8
621.5 50.4
622.5 17.4
623.5 54.8
624.5 97.8
625.5 126.2
626.5 118.2
627.5 110.2
628.5 119.4
629.5 111.2
630.5 238
631.5 259.4
632.5 186.4
633.5 189
634.5 288.4
635.5 223
636.5 283.4
637.5 365.6
638.5 219.2
639.5 167.2
640.5 74.8
641.5 4.39996
642.5 105.4
643.5 21.4
644.5 -13.2
645.5 22.2
646.5 132
647.5 141.8
648.5 158.2
649.5 188.4
650.5 212
651.5 200.6
652.5 165.8
653.5 140.6
654.5 158.4
655.5 111.6
656.5 -25.6001
657.5 73
658.5 184
659.5 191
660.5 83.6
661.5 89.2
662.5 158.2
663.5 59.4
664.5 101.2
665.5 149.6
666.5 45
667.5 81.4
668.5 56.4
669.5 70.6
670.5 106.4
671.5 88
672.5 56.6
673.5 115.8
674.5 105.4
675.5 102.4
676.5 77.8
677.5 78.6
678.5 74.8
679.5 80.8
680.5 54
681.5 123.4
682.5 121
683.5 59.6
684.5 132.8
685.5 139
686.5 178.2
687.5 63
688.5 133.6
689.5 69.2
690.5 58
691.5 28.6
692.5 55.8
693.5 80
694.5 35
695.5 89.8
696.5 99.8
697.5 165.2
698.5 109
699.5 86
700.5 65.2
701.5 93.8
702.5 126.8
703.5 204.2
704.5 94
705.5 137.4
706.5 96.6
707.5 137.6
708.5 96
709.5 94.6
710.5 148.8
711.5 136.2
712.5 165.8
713.5 101.6
714.5 82.2
715.5 68.2
716.5 130.6
717.5 95
718.5 72
719.5 58.6
720.5 42.4
721.5 78
722.5 162
723.5 21.2
724.5 70.2
725.5 48
726.5 207.6
727.5 222.2
728.5 141
729.5 63.4
730.5 106.8
731.5 10.8
732.5 31.2
733.5 85.4
734.5 72
735.5 90.6
736.5 85.8
737.5 20.8
738.5 58.8
739.5 173.6
740.5 89.6
741.5 88.2
742.5 87.2
743.5 95.6
744.5 131.6
745.5 185.4
746.5 86.6
747.5 100.8
748.5 93
749.5 116.2
750.5 157.8
751.5 157.8
752.5 102.8
753.5 59.8
754.5 113.4
755.5 153.2
756.5 123.6
757.5 50.4
758.5 48.2
759.5 187.4
760.5 391.8
761.5 499.8
762.5 305.6
763.5 107.4
764.5 37.6
765.5 111.8
766.5 104.6
767.5 35.4
768.5 109.8
769.5 220.2
770.5 -25.8
771.5 196.8
772.5 136.8
773.5 77.4
774.5 9.79997
775.5 37.4
776.5 63.8
777.5 63.2
778.5 71.8
779.5 72.6
780.5 144.4
781.5 68
782.5 101
783.5 108.2
784.5 129.8
785.5 143.2
786.5 120.4
787.5 31
788.5 97.4
789.5 20
790.5 43.8
791.5 98.2
792.5 -4.00004
793.5 77.6
794.5 159.6
795.5 65.2
796.5 211
797.5 84.8
798.5 158
799.5 234.4
800.5 70.6
801.5 69
802.5 157.8
803.5 128.8
804.5 98.4
805.5 149.4
806.5 271.2
807.5 140.4
808.5 102.6
809.5 48.4
810.5 105
811.5 102.8
812.5 98.6
813.5 39.8
814.5 97.6
815.5 158.8
816.5 98
817.5 46.4
818.5 109.8
819.5 12
820.5 99.6
821.5 85.4
822.5 74.8
823.5 87.4
824.5 26.4
825.5 57.4
826.5 180
827.5 74
828.5 125.4
829.5 57
830.5 50.8
831.5 82.2
832.5 142.6
833.5 122.6
834.5 108.2
835.5 17
836.5 102.4
837.5 107.6
838.5 118.6
839.5 43.6
840.5 115.8
841.5 155.4
842.5 112.6
843.5 47
844.5 53.2
845.5 15.8
846.5 153.6
847.5 80.2
848.5 70.2
849.5 141
850.5 58
851.5 84.8
852.5 92.2
853.5 85.4
854.5 44
855.5 132.6
856.5 73.2
857.5 106.8
858.5 134.4
859.5 128.2
860.5 122.8
861.5 162.4
862.5 47
863.5 132
864.5 129
865.5 60.6
866.5 115
867.5 201.2
868.5 122.8
869.5 216.2
870.5 172.4
871.5 70.4
872.5 59.6
873.5 33.8
874.5 45.4
875.5 64.8
876.5 165
877.5 160.6
878.5 196.8
879.5 127.6
880.5 88.2
881.5 110.4
882.5 179.6
883.5 80.8
884.5 48.4
885.5 97.4
886.5 136.8
887.5 58.8
888.5 126.4
889.5 41.4
890.5 158.2
891.5 81.8
892.5 103.6
893.5 171.6
894.5 55.6
895.5 66.2
896.5 42.2
897.5 145.4
898.5 93
899.5 53.6
900.5 150.2
901.5 128.4
902.5 177.2
903.5 25.8
904.5 123.6
905.5 119.4
906.5 84.2
907.5 91.4
908.5 72.2
909.5 130.8
910.5 165.4
911.5 191.6
912.5 2.59996
913.5 71.6
914.5 146.8
915.5 135.8
916.5 134.8
917.5 77.6
918.5 69.2
919.5 113.2
920.5 88.8
921.5 147
922.5 163
923.5 133
924.5 191.4
925.5 102
926.5 147.6
927.5 171.6
928.5 52.2
929.5 66.4
930.5 129
931.5 218.4
932.5 83
933.5 124.8
934.5 117
935.5 139.6
936.5 45
937.5 147.4
938.5 83.6
939.5 116.8
940.5 92.4
941.5 41.8
942.5 124.6
943.5 137.8
944.5 200.4
945.5 225.6
946.5 131.2
947.5 116.6
948.5 124.6
949.5 133
950.5 98
951.5 239.6
952.5 79.2
953.5 152
954.5 104.8
955.5 89.8
956.5 92.2
957.5 68.2
958.5 148.8
959.5 27.4
960.5 117.4
961.5 136.2
962.5 119.6
963.5 193.8
964.5 147.4
965.5 97.8
966.5 104.6
967.5 102.8
968.5 88.2
969.5 158.6
970.5 132
971.5 115.4
972.5 17
973.5 93.4
974.5 61.8
975.5 88.4
976.5 115.8
977.5 67.4
978.5 104.4
979.5 66.6
980.5 63.6
981.5 76.8
982.5 57
983.5 83
984.5 83.6
985.5 88.2
986.5 78.8
987.5 26.6
988.5 88.2
989.5 119.6
990.5 115.4
991.5 73.2
992.5 166
993.5 64.6
994.5 96.6
995.5 36.8
996.5 46.6
997.5 106.4
998.5 119.2
999.5 188.6
1000.5 127.2
1001.5 542.4
1002.5 256
1003.5 200.8
1004.5 118
1005.5 130.2
1006.5 7.59997
1007.5 100.6
1008.5 139
1009.5 55
1010.5 72.2
1011.5 47
1012.5 83.2
1013.5 127.6
1014.5 94.6
1015.5 47.2
1016.5 64.4
1017.5 78.2
1018.5 42.6
1019.5 84.4
1020.5 120
1021.5 110
1022.5 91
1023.5 154.6
1024.5 141.4
1025.5 180
1026.5 158
1027.5 114.4
1028.5 55.2
1029.5 108.8
1030.5 93
1031.5 122.4
1032.5 -30
1033.5 75
1034.5 90.2
1035.5 35.2
1036.5 68.4
1037.5 16.2
1038.5 64
1039.5 84.2
1040.5 63.4
1041.5 98.2
1042.5 79.2
1043.5 91.2
1044.5 77.4
1045.5 105.2
1046.5 90
1047.5 117
1048.5 -9.20002
1049.5 92
1050.5 89.2
1051.5 51.6
1052.5 31.4
1053.5 73.6
1054.5 38.4
1055.5 37.2
1056.5 4.59997
1057.5 22.8
1058.5 28.6
1059.5 58
1060.5 12.4
1061.5 97.2
1062.5 55
1063.5 68.2
1064.5 52.4
1065.5 152
1066.5 20.2
1067.5 44.8
1068.5 71.8
1069.5 70.4
1070.5 83.8
1071.5 -1.60003
1072.5 162.2
1073.5 256
1074.5 302.4
1075.5 205
1076.5 98.8
1077.5 78.6
1078.5 90.8
1079.5 101
1080.5 44.4
1081.5 26.2
1082.5 66
1083.5 50
1084.5 39.2
1085.5 20
1086.5 125.4
1087.5 87.8
1088.5 38.2
1089.5 5.59998
1090.5 87.4
1091.5 58.6
1092.5 -11.6
1093.5 2.39998
1094.5 48.6
1095.5 96.4
1096.5 15
1097.5 69.8
1098.5 61.6
1099.5 -17.4
1100.5 39.4
1101.5 102.6
1102.5 22.6
1103.5 79.8
1104.5 -12.2
1105.5 108.6
1106.5 53.4
1107.5 56.2
1108.5 68.4
1109.5 19
1110.5 77.2
1111.5 70
1112.5 44.4
1113.5 111.8
1114.5 43.2
1115.5 75.2
1116.5 0.59998
1117.5 61
1118.5 71.6
1119.5 42.4
1120.5 117.8
1121.5 18
1122.5 69.8
1123.5 347.2
1124.5 835
1125.5 1786.8
1126.5 2292.4
1127.5 1014.6
1128.5 294.8
1129.5 65.8
1130.5 35.2
1131.5 74.8
1132.5 90.2
1133.5 118
1134.5 45.4
1135.5 99.8
1136.5 57.4
1137.5 2.59998
1138.5 46.6
1139.5 47.6
1140.5 38
1141.5 29.8
1142.5 109.6
1143.5 60
1144.5 43.8
1145.5 0.999983
1146.5 56.2
1147.5 4.39998
1148.5 68.6
1149.5 24.2
1150.5 47.6
1151.5 66
1152.5 20.6
1153.5 199.2
1154.5 772.4
1155.5 2516.8
1156.5 5410.4
1157.5 5560.2
1158.5 1895.6
1159.5 550.6
1160.5 114
1161.5 59.2
1162.5 50.8
1163.5 -34.4
1164.5 -7.00002
1165.5 43.4
1166.5 32.4
1167.5 51
1168.5 41
1169.5 -2.20001
1170.5 -43.6
1171.5 80.6
1172.5 8.59999
1173.5 -32.8
1174.5 70
1175.5 29.4
1176.5 84.4
1177.5 37
1178.5 34.8
1179.5 20
1180.5 39.8
1181.5 31.6
1182.5 68.4
1183.5 8.19998
1184.5 33.4
1185.5 49.2
1186.5 0.799981
1187.5 87.8
1188.5 39.8
1189.5 24.4
1190.5 40.6
1191.5 110.2
1192.5 33.2
1193.5 72.6
1194.5 27.6
1195.5 14.2
1196.5 49.4
1197.5 8.39999
1198.5 5.19999
1199.5 4.79999
1200.5 21.8
1201.5 37.8
1202.5 -9.00001
1203.5 54
1204.5 29.4
1205.5 47.4
1206.5 21.8
1207.5 32.2
1208.5 92.4
1209.5 26.6
1210.5 25
1211.5 27.4
1212.5 43.4
1213.5 79.4
1214.5 29
1215.5 13.6
1216.5 11
1217.5 53.8
1218.5 57.2
1219.5 64.6
1220.5 -28.6
1221.5 40
1222.5 26.8
1223.5 51.4
1224.5 5.59999
1225.5 33.2
1226.5 16.8
1227.5 23.6
1228.5 -24.6
1229.5 12.2
1230.5 -5.40001
1231.5 47.2
1232.5 -12.2
1233.5 46.6
1234.5 78.6
1235.5 28.8
1236.5 19.6
1237.5 -8.00001
1238.5 37.6
1239.5 50.4
1240.5 30.4
1241.5 68.6
1242.5 6.59999
1243.5 31.8
1244.5 2.19999
1245.5 53.8
1246.5 35.4
1247.5 -11
1248.5 38.8
1249.5 7.59999
1250.5 23.2
1251.5 23
1252.5 17.2
1253.5 41.4
1254.5 -4.00001
1255.5 25.2
1256.5 21.8
1257.5 78.6
1258.5 228.8
1259.5 616.4
1260.5 918.8
1261.5 654
1262.5 214.6
1263.5 70.8
1264.5 15.8
1265.5 16.8
1266.5 58.4
1267.5 88.6
1268.5 34.2
1269.5 -0.400011
1270.5 -17
1271.5 43.6
1272.5 45.6
1273.5 -23.6
1274.5 4.79999
1275.5 88.6
1276.5 29.8
1277.5 18.4
1278.5 55.4
1279.5 31
1280.5 1.79999
1281.5 55.2
1282.5 30.8
1283.5 -19.2
1284.5 25
1285.5 16.4
1286.5 12.2
1287.5 9.79999
1288.5 8.59999
1289.5 24.8
1290.5 49.6
1291.5 26.8
1292.5 8.19999
1293.5 26.8
1294.5 29.4
1295.5 23.4
1296.5 22
1297.5 72
1298.5 36.8
1299.5 21
1300.5 59.4
1301.5 45
1302.5 22.8
1303.5 -12.6
1304.5 30.8
1305.5 3.19999
1306.5 24.6
1307.5 20
1308.5 61.8
1309.5 51.4
1310.5 24.8
1311.5 44.8
1312.5 6.59999
1313.5 76
1314.5 5.99999
1315.5 88.4
1316.5 48.6
1317.5 -15.4
1318.5 64.8
1319.5 41.6
1320.5 36.8
1321.5 28.2
1322.5 45.6
1323.5 4.59999
1324.5 7.79999
1325.5 -7.40001
1326.5 3.59999
1327.5 -6.40001
1328.5 16
1329.5 -10.2
1330.5 31.8
1331.5 9.59999
1332.5 7.99999
1333.5 -7.80001
1334.5 -0.80001
1335.5 33.8
1336.5 21.2
1337.5 27.8
1338.5 20
1339.5 29.8
1340.5 8.79999
1341.5 0.79999
1342.5 43.6
1343.5 1.39999
1344.5 51
1345.5 43.4
1346.5 57.4
1347.5 11.6
1348.5 -11
1349.5 1.39999
1350.5 21.6
1351.5 29.2
1352.5 75
1353.5 46.4
1354.5 18.6
1355.5 45.6
1356.5 9.59999
1357.5 4.79999
1358.5 38.6
1359.5 -0.80001
1360.5 13.6
1361.5 62.6
1362.5 16.6
1363.5 7.39999
1364.5 21
1365.5 45
1366.5 55.8
1367.5 15.2
1368.5 24.2
1369.5 15.4
1370.5 73.4
1371.5 -4.80001
1372.5 57.4
1373.5 -7.20001
1374.5 45.4
1375.5 -2.80001
1376.5 29.2
1377.5 -52.4
1378.5 -2.80001
1379.5 24.6
1380.5 8.19999
1381.5 -2.40001
1382.5 -7.80001
1383.5 11.8
1384.5 30.2
1385.5 2.79999
1386.5 -21.4
1387.5 45.8
1388.5 15.2
1389.5 61.2
1390.5 22
1391.5 12.4
1392.5 -17
1393.5 4.79999
1394.5 44.2
1395.5 14.8
1396.5 21.4
1397.5 37
1398.5 35
1399.5 -18.6
1400.5 -2.60001
1401.5 0.79999
1402.5 41
1403.5 23.2
1404.5 27.4
1405.5 22.6
1406.5 6.79999
1407.5 25.8
1408.5 13.6
1409.5 48.4
1410.5 11
1411.5 10.4
1412.5 12.4
1413.5 58.6
1414.5 55.8
1415.5 26.6
1416.5 1.39999
1417.5 18.4
1418.5 28.4
1419.5 55
1420.5 87.6
1421.5 61.4
1422.5 40.4
1423.5 57.4
1424.5 24.2
1425.5 15
1426.5 65.2
1427.5 91
1428.5 105
1429.5 82.6
1430.5 25
1431.5 57.4
1432.5 99.2
1433.5 284
1434.5 430
1435.5 350.8
1436.5 142.8
1437.5 -3.40001
1438.5 8.39999
1439.5 46
1440.5 38.6
1441.5 55.8
1442.5 13.4
1443.5 33.6
1444.5 34
1445.5 46.4
1446.5 -11.6
1447.5 35.6
1448.5 48
1449.5 34
1450.5 -19.8
1451.5 44.2
1452.5 87.2
1453.5 27.4
1454.5 55.8
1455.5 32
1456.5 58.2
1457.5 -0.600009
1458.5 35.6
1459.5 15.4
1460.5 14.4
1461.5 2.39999
1462.5 -2.60001
1463.5 28.8
1464.5 31
1465.5 21.6
1466.5 22.6
1467.5 63
1468.5 49.8
1469.5 40.6
1470.5 34.6
1471.5 -3.40001
1472.5 8.99999
1473.5 22.4
1474.5 29.8
1475.5 37.2
1476.5 22.6
1477.5 45.4
1478.5 55.4
1479.5 32.2
1480.5 -33.4
1481.5 35.8
1482.5 14.6
1483.5 29.6
1484.5 15.2
1485.5 19.8
1486.5 32.8
1487.5 31.6
1488.5 -25.2
1489.5 62.4
1490.5 47.2
1491.5 -5.40001
1492.5 14.6
1493.5 13.4
1494.5 12.2
1495.5 45
1496.5 46.2
1497.5 57.6
1498.5 67.9999
1499.5 37.9999
1500.5 67.3999
1501.5 35.4
1502.5 31.8
1503.5 19.4
1504.5 14.6
1505.5 36.6
1506.5 38.4
1507.5 43.2
1508.5 19
1509.5 63.2
1510.5 42.6
1511.5 70
1512.5 6.39999
1513.5 59.8
1514.5 20.6
1515.5 28.6
1516.5 46.6
1517.5 -14.2
1518.5 28
1519.5 5.59999
1520.5 45.4
1521.5 -25.4
1522.5 14.6
1523.5 30.2
1524.5 -23.8
1525.5 44
1526.5 -6.00001
1527.5 57.6
1528.5 8.79999
1529.5 40.2
1530.5 -8.40001
1531.5 33.6
1532.5 22
1533.5 -4.40001
1534.5 2.19999
1535.5 13.6
1536.5 31.8
1537.5 -32.4
1538.5 22.2
1539.5 45.6
1540.5 46.8
1541.5 8.59999
1542.5 17.2
1543.5 72.6
1544.5 -1.12057e-05
1545.5 32.2
1546.5 -9.40001
1547.5 66.4
1548.5 49.4
1549.5 26.6
1550.5 34.6
1551.5 2.99999
1552.5 62
1553.5 1.39999
1554.5 -13.2
1555.5 -16.6
1556.5 33.8
1557.5 42
1558.5 5.79999
1559.5 35.6
1560.5 35
1561.5 35
1562.5 33.4
1563.5 66.2
1564.5 38.8
1565.5 14.8
1566.5 16.4
1567.5 21.6
1568.5 66.2
1569.5 18.4
1570.5 5.79999
1571.5 41.2
1572.5 47.2
1573.5 26.2
1574.5 23
1575.5 75
1576.5 44.2
1577.5 18.6
1578.5 54.4
1579.5 49.4
1580.5 11
1581.5 -30
1582.5 -4.80001
1583.5 51
1584.5 29
1585.5 47.8
1586.5 8.99999
1587.5 42.2
1588.5 70
1589.5 25.8
1590.5 25.6
1591.5 45.8
1592.5 24.6
1593.5 54
1594.5 35.8
1595.5 20.4
1596.5 27.6
1597.5 -18
1598.5 25.2
1599.5 41.2
1600.5 22.4
1601.5 4.19999
1602.5 -1.40001
1603.5 3.79999
1604.5 18
1605.5 -4.20001
1606.5 -4.40001
1607.5 -4.00001
1608.5 -24.6
1609.5 -39.2
1610.5 0.599991
1611.5 53.2
1612.5 20.4
1613.5 -37.4
1614.5 18.8
1615.5 21.8
1616.5 55.8
1617.5 55.8
1618.5 -11.8
1619.5 15.8
1620.5 47.2
1621.5 51
1622.5 68.6
1623.5 30
1624.5 80
1625.5 20.8
1626.5 44
1627.5 34
1628.5 18.4
1629.5 30.2
1630.5 35.8
1631.5 2.59999
1632.5 35.6
1633.5 61.6
1634.5 26
1635.5 -1.00001
1636.5 -6.40001
1637.5 26
1638.5 10.2
1639.5 47.6
1640.5 13.8
1641.5 6.19999
1642.5 6.59999
1643.5 15
1644.5 -1.40001
1645.5 47.8
1646.5 81
1647.5 90.2
1648.5 76
1649.5 82.4
1650.5 12.2
1651.5 31
1652.5 48
1653.5 28
1654.5 -17
1655.5 48
1656.5 48.8
1657.5 40.2
1658.5 14
1659.5 47.6
1660.5 27.6
1661.5 -9.20001
1662.5 45.8
1663.5 -2.20001
1664.5 28.6
1665.5 54.2
1666.5 -5.20001
1667.5 17
1668.5 52.8
1669.5 -10.4
1670.5 70.8
1671.5 37
1672.5 35.6
1673.5 20.4
1674.5 43.6
1675.5 14.4
1676.5 40.4
1677.5 7.19999
1678.5 16
1679.5 49.2
1680.5 37.4
1681.5 49.2
1682.5 9.19999
1683.5 20.2
1684.5 10.2
1685.5 51.2
1686.5 32.2
1687.5 50.4
1688.5 26.8
1689.5 17.2
1690.5 24.2
1691.5 55
1692.5 4.19999
1693.5 -15.6
1694.5 6.99999
1695.5 1.59999
1696.5 34.8
1697.5 16.6
1698.5 3.79999
1699.5 21.4
1700.5 29
1701.5 50.2
1702.5 9.79999
1703.5 8.79999
1704.5 -11.8
1705.5 40.2
1706.5 18.8
1707.5 18.8
1708.5 61
1709.5 42.8
1710.5 15
1711.5 38.4
1712.5 9.79999
1713.5 11.4
1714.5 23
1715.5 37.6
1716.5 61
1717.5 33
1718.5 -3.40001
1719.5 27
1720.5 26
1721.5 7.39999
1722.5 -31.4
1723.5 81.6
1724.5 21.2
1725.5 -23.4
1726.5 84.8
1727.5 38.2
1728.5 -26
1729.5 27.6
1730.5 3.59999
1731.5 49.6
1732.5 11.8
1733.5 41.4
1734.5 12.8
1735.5 29.6
1736.5 52.4
1737.5 25.8
1738.5 -17.6
1739.5 46.2
1740.5 29
1741.5 43.4
1742.5 58
1743.5 41.4
1744.5 11.8
1745.5 0.399993
1746.5 34.2
1747.5 1.19999
1748.5 30.2
1749.5 37.6
1750.5 15.2
1751.5 1.59999
1752.5 -4.00001
1753.5 -6.00001
1754.5 0.599992
1755.5 -16.8
1756.5 35.4
1757.5 43.4
1758.5 57.4
1759.5 43.8
1760.5 32.8
1761.5 48.4
1762.5 36.4
1763.5 19.4
1764.5 3.39999
1765.5 7.59999
1766.5 39.4
1767.5 -5.40001
1768.5 50
1769.5 56.2
1770.5 -12.2
1771.5 39
1772.5 18
1773.5 -13.2
1774.5 33.8
1775.5 50.2
1776.5 -12.8
1777.5 -9.40001
1778.5 38
1779.5 6.19999
1780.5 36.8
1781.5 5.99999
1782.5 -21
1783.5 43.6
1784.5 15.8
1785.5 19.4
1786.5 62
1787.5 44.2
1788.5 51.2
1789.5 -7.00001
1790.5 -8.40001
1791.5 -28.4
1792.5 8.79999
1793.5 9.79999
1794.5 29.2
1795.5 22.8
1796.5 44.8
1797.5 9.19999
1798.5 18.2
1799.5 21.6
1800.5 30.8
1801.5 27.2
1802.5 30
1803.5 33.4
1804.5 30.2
1805.5 54
1806.5 41.4
1807.5 26.2
1808.5 52
1809.5 70.4
1810.5 33
1811.5 58.4
1812.5 15.4
1813.5 30.4
1814.5 31.8
1815.5 24.6
1816.5 -5.00001
1817.5 8.99999
1818.5 8.59999
1819.5 4.59999
1820.5 4.79999
1821.5 -10.2
1822.5 -10.4
1823.5 7.99999
1824.5 -42.4
1825.5 -10.6
1826.5 9.99999
1827.5 40.6
1828.5 35.8
1829.5 25.8
1830.5 39.4
1831.5 66
1832.5 48.6
1833.5 -3.80001
1834.5 2.19999
1835.5 -19.2
1836.5 -3.60001
1837.5 11.8
1838.5 49.2
1839.5 3.39999
1840.5 26.6
1841.5 8.59999
1842.5 52.8
1843.5 -4.20001
1844.5 42.2
1845.5 1.59999
1846.5 22.6
1847.5 18.4
1848.5 8.99999
1849.5 -3.00001
1850.5 35
1851.5 43
1852.5 14.8
1853.5 46.4
1854.5 22
1855.5 37.4
1856.5 43.2
1857.5 35.4
1858.5 48
1859.5 32.4
1860.5 47.6
1861.5 42.8
1862.5 36.6
1863.5 21.8
1864.5 26
1865.5 32.2
1866.5 0.399992
1867.5 31.6
1868.5 33.6
1869.5 -6.20001
1870.5 54
1871.5 40.2
1872.5 -47.6
1873.5 7.59998
1874.5 31
1875.5 -2.40001
1876.5 49
1877.5 20.2
1878.5 25.4
1879.5 4.99999
1880.5 40.2
1881.5 7.59999
1882.5 -11.6
1883.5 32.4
1884.5 82.8
1885.5 71
1886.5 157.4
1887.5 163.6
1888.5 104.8
1889.5 54.4
1890.5 7.39999
1891.5 -5.80001
1892.5 0.799993
1893.5 43.2
1894.5 41.4
1895.5 -0.600007
1896.5 30.4
1897.5 8.99999
1898.5 11.2
1899.5 33
1900.5 -4.00001
1901.5 45.6
1902.5 42.8
1903.5 -1.40001
1904.5 57.8
1905.5 34.4
1906.5 69.4
1907.5 42.8
1908.5 55.2
1909.5 11.8
1910.5 60.4
1911.5 27.6
1912.5 31.8
1913.5 34.8
1914.5 -1.00001
1915.5 11
1916.5 -22.2
1917.5 17.2
1918.5 60.2
1919.5 16
1920.5 41
1921.5 19.4
1922.5 35.2
1923.5 -9.00001
1924.5 8.99999
1925.5 12.4
1926.5 13.4
1927.5 34.6
1928.5 26.4
1929.5 22.2
1930.5 20.2
1931.5 40
1932.5 38.8
1933.5 32.6
1934.5 19.2
1935.5 36.4
1936.5 25
1937.5 -11.8
1938.5 42
1939.5 38.2
1940.5 26
1941.5 100
1942.5 88.6
1943.5 60.4
1944.5 53.8
1945.5 21.4
1946.5 45.6
1947.5 1.79999
1948.5 31
1949.5 16.6
1950.5 9.79999
1951.5 7.79999
1952.5 31
1953.5 24.8
1954.5 24.6
1955.5 14.6
1956.5 33.2
1957.5 58
1958.5 -1.40001
1959.5 30.8
1960.5 43
1961.5 55.4
1962.5 20.8
1963.5 -5.20001
1964.5 7.39999
1965.5 30.4
1966.5 18.6
1967.5 29
1968.5 3.59999
1969.5 26.4
1970.5 6.39999
1971.5 13.2
1972.5 8.99999
1973.5 2.19999
1974.5 7.99999
1975.5 36.6
1976.5 52.6
1977.5 42.8
1978.5 29.4
1979.5 26
1980.5 16.4
1981.5 -0.600009
1982.5 12.8
1983.5 -14.4
1984.5 30.6
1985.5 29.8
1986.5 43.4
1987.5 12.4
1988.5 7.39999
1989.5 18.6
1990.5 -8.60001
1991.5 27.6
1992.5 38.8
1993.5 -45.4
1994.5 57.2
1995.5 66.8
1996.5 14
1997.5 0.199991
1998.5 4.19999
1999.5 -3.00001
2000.5 5.59999
2001.5 11.8
2002.5 7.99999
2003.5 -27.2
2004.5 14.8
2005.5 9.59999
2006.5 36.2
2007.5 59.8
2008.5 105.8
2009.5 105.4
2010.5 90.4
2011.5 28.4
2012.5 13
2013.5 32
2014.5 22.4
2015.5 -0.400007
2016.5 5.99999
2017.5 24.6
2018.5 7.99999
2019.5 -13.8
2020.5 6.79999
2021.5 53
2022.5 27.6
2023.5 31.2
2024.5 31.4
2025.5 12.2
2026.5 22.2
2027.5 11
2028.5 29.6
2029.5 12.2
2030.5 -9.20001
2031.5 35.4
2032.5 20
2033.5 43.6
2034.5 10.4
2035.5 19.6
2036.5 -11
2037.5 13
2038.5 22.6
2039.5 19.2
2040.5 11
2041.5 32.6
2042.5 5.59999
2043.5 -4.40001
2044.5 20.8
2045.5 28
2046.5 12.2
2047.5 46
2048.5 9.39999
2049.5 21.2
2050.5 79.4
2051.5 42.8
2052.5 31.2
2053.5 19.6
2054.5 21.8
2055.5 85.4
2056.5 53.6
2057.5 17.8
2058.5 8.99999
2059.5 1.59999
2060.5 23.4
2061.5 -0.800006
2062.5 -5.00001
2063.5 14.8
2064.5 39.2
2065.5 9.19999
2066.5 -3.20001
2067.5 -6.00001
2068.5 -14
2069.5 13.8
2070.5 -18.8
2071.5 -13.2
2072.5 -29.2
2073.5 29.6
2074.5 -5.20001
2075.5 31.4
2076.5 28.6
2077.5 39.2
2078.5 18
2079.5 57.8
2080.5 -15.8
2081.5 3.99999
2082.5 9.39999
2083.5 27.6
2084.5 27.8
2085.5 13.6
2086.5 72
2087.5 128.8
2088.5 136.4
2089.5 51.6
2090.5 69
2091.5 27.6
2092.5 -30.2
2093.5 20.8
2094.5 8.99999
2095.5 36.8
2096.5 -10.8
2097.5 26.8
2098.5 4.19999
2099.5 60
2100.5 64.8
2101.5 19.2
2102.5 33
2103.5 7.59999
2104.5 -6.67572e-06
2105.5 -6.40001
2106.5 14.4
2107.5 10.6
2108.5 1.79999
2109.5 21
2110.5 8.59999
2111.5 3.19999
2112.5 -5.20001
2113.5 25.6
2114.5 24.8
2115.5 28
2116.5 8.99999
2117.5 -6.00001
2118.5 -47.8
2119.5 2.59999
2120.5 3.99999
2121.5 20.6
2122.5 -5.80001
2123.5 6.59999
2124.5 22
2125.5 30.6
2126.5 45.6
2127.5 1.99999
2128.5 43
2129.5 15.6
2130.5 2.39999
2131.5 14.4
2132.5 22.8
2133.5 -7.20001
2134.5 9.39999
2135.5 -29.8
2136.5 2.19999
2137.5 7.39999
2138.5 4.79999
2139.5 27.4
2140.5 12.8
2141.5 3.59999
2142.5 43
2143.5 60.4
2144.5 62.4
2145.5 45.6
2146.5 52
2147.5 109.6
2148.5 80.2
2149.5 140.6
2150.5 129.4
2151.5 88
2152.5 58.4
2153.5 15
2154.5 29.4
2155.5 49.2
2156.5 21.6
2157.5 25.8
2158.5 33
2159.5 20.8
2160.5 15.6
2161.5 40
2162.5 56.4
2163.5 39.6
2164.5 -8.60001
2165.5 18.4
2166.5 34.2
2167.5 -14.8
2168.5 -21.8
2169.5 -22.8
2170.5 20.6
2171.5 15.8
2172.5 37.2
2173.5 17.2
2174.5 6.79999
2175.5 16.8
2176.5 7.79999
2177.5 26.6
2178.5 4.79999
2179.5 0.199992
2180.5 -7.20001
2181.5 6.59999
2182.5 25.2
2183.5 20.8
2184.5 15.4
2185.5 13
2186.5 13
2187.5 23
2188.5 14
2189.5 36
2190.5 -1.40001
2191.5 46.8
2192.5 63.4
2193.5 -5.20001
2194.5 13.4
2195.5 16.6
2196.5 12.2
2197.5 48.2
2198.5 16.4
2199.5 76.4
2200.5 67.6
2201.5 34.4
2202.5 -3.00001
2203.5 41.6
2204.5 3.79999
2205.5 -9.20001
2206.5 9.19999
2207.5 -17.2
2208.5 2.79999
2209.5 27.4
2210.5 29.4
2211.5 31
2212.5 -12
2213.5 26.8
2214.5 22.6
2215.5 16.4
2216.5 11.6
2217.5 21.8
2218.5 -0.400006
2219.5 -0.400007
2220.5 20.4
2221.5 51
2222.5 31.8
2223.5 53
2224.5 37.6
2225.5 -10.4
2226.5 15.4
2227.5 36.6
2228.5 39.8
2229.5 59
2230.5 47.4
2231.5 45.4
2232.5 31.2
2233.5 13.6
2234.5 31.8
2235.5 11
2236.5 2.79999
2237.5 -17.4
2238.5 18.6
2239.5 19
2240.5 0.599994
2241.5 8.99999
2242.5 -20.6
2243.5 5.59999
2244.5 35.8
2245.5 20
2246.5 15.4
2247.5 52.6
2248.5 27.4
2249.5 26.8
2250.5 43.4
2251.5 30.8
2252.5 2.79999
2253.5 4.59999
2254.5 -18.2
2255.5 22.4
2256.5 -3.80001
2257.5 22.2
2258.5 12.4
2259.5 13.8
2260.5 26.8
2261.5 -25.2
2262.5 11.6
2263.5 23.4
2264.5 18.8
2265.5 16.2
2266.5 17
2267.5 19.2
2268.5 51.4
2269.5 22.8
2270.5 -8.00001
2271.5 59.6
2272.5 30.2
2273.5 -1.60001
2274.5 8.39999
2275.5 15.6
2276.5 13.4
2277.5 -4.80001
2278.5 46.6
2279.5 15
2280.5 78
2281.5 43.6
2282.5 16.4
2283.5 7.39999
2284.5 0.599993
2285.5 47.8
2286.5 -15
2287.5 34.4
2288.5 21.6
2289.5 6.99999
2290.5 12.8
2291.5 4.19999
2292.5 12.4
2293.5 2.59999
2294.5 35.6
2295.5 -4.20001
2296.5 54.2
2297.5 -12
2298.5 -5.80001
2299.5 38
2300.5 35.2
2301.5 -16.8
2302.5 23.4
2303.5 9.79999
2304.5 11
2305.5 1.59999
2306.5 13.4
2307.5 13
2308.5 25.4
2309.5 6.59999
2310.5 23.6
2311.5 -13.4
2312.5 42
2313.5 2.79999
2314.5 0.999994
2315.5 18.2
2316.5 -15.4
2317.5 26.4
2318.5 11.4
2319.5 19
2320.5 23
2321.5 -3.40001
2322.5 12.6
2323.5 23
2324.5 5.59999
2325.5 -3.40001
2326.5 -10.2
2327.5 33.8
2328.5 22
2329.5 39.8
2330.5 23
2331.5 7.59999
2332.5 36
2333.5 25.4
2334.5 23.8
2335.5 -18.6
2336.5 1.99999
2337.5 16.4
2338.5 18.6
2339.5 14.6
2340.5 48.4
2341.5 8.99999
2342.5 51.4
2343.5 40.6
2344.5 15
2345.5 1.19999
2346.5 33
2347.5 29.4
2348.5 8.19999
2349.5 20
2350.5 46.8
2351.5 27
2352.5 -2.20001
2353.5 6.99999
2354.5 -4.20001
2355.5 5.99999
2356.5 4.19999
2357.5 -22
2358.5 41.4
2359.5 21.6
2360.5 17.4
2361.5 19.6
2362.5 1.79999
2363.5 -1.40001
2364.5 2.79999
2365.5 27
2366.5 32
2367.5 -24.4
2368.5 3.79999
2369.5 13.2
2370.5 69.6
2371.5 6.19999
2372.5 25
2373.5 38.6
2374.5 25.2
2375.5 19.2
2376.5 -27.6
2377.5 6.79999
2378.5 37.8
2379.5 8.39999
2380.5 3.79999
2381.5 27
2382.5 11.6
2383.5 -1.00001
2384.5 -13
2385.5 16.2
2386.5 -3.20001
2387.5 24.8
2388.5 11.8
2389.5 11.6
2390.5 3.79999
2391.5 46.8
2392.5 23.6
2393.5 45
2394.5 23.4
2395.5 3.79999
2396.5 11.2
2397.5 12.4
2398.5 -0.200006
2399.5 -0.200006
2400.5 -25.4
2401.5 6.19999
2402.5 13.6
2403.5 -42.8
2404.5 28
2405.5 24.4
2406.5 22.4
2407.5 21.6
2408.5 15.8
2409.5 10.4
2410.5 4.59999
2411.5 19.6
2412.5 33.6
2413.5 22.8
2414.5 15.2
2415.5 2.99999
2416.5 3.79999
2417.5 39.4
2418.5 -31.8
2419.5 21.4
2420.5 14.2
2421.5 32
2422.5 47.2
2423.5 -12.2
2424.5 1.59999
2425.5 48.8
2426.5 -12.2
2427.5 31.2
2428.5 7.59999
2429.5 -15.8
2430.5 -17.6
2431.5 40
2432.5 11.6
2433.5 -17.2
2434.5 -22
2435.5 33.4
2436.5 10.6
2437.5 13.8
2438.5 11
2439.5 14.4
2440.5 -7.00001
2441.5 17.2
2442.5 20
2443.5 6.2
2444.5 44.2
2445.5 -26.8
2446.5 8.79999
2447.5 -6.40001
2448.5 10.6
2449.5 14.6
2450.5 0.999995
2451.5 21.4
2452.5 11.6
2453.5 33.4
2454.5 9.59999
2455.5 11.4
2456.5 -14.2
2457.5 -2.8
2458.5 21.6
2459.5 -6.60001
2460.5 1.79999
2461.5 13.6
2462.5 -1.00001
2463.5 19.6
2464.5 2.99999
2465.5 -6.00001
2466.5 16.8
2467.5 17
2468.5 9.39999
2469.5 -10.8
2470.5 4.19999
2471.5 20.4
2472.5 -5.96046e-06
2473.5 37.6
2474.5 33.2
2475.5 -8.40001
2476.5 1.19999
2477.5 -9.40001
2478.5 16.4
2479.5 -1.60001
2480.5 39.6
2481.5 14.8
2482.5 23.4
2483.5 23
2484.5 44
2485.5 -2.80001
2486.5 1.99999
2487.5 43.2
2488.5 -3.80001
2489.5 33.8
2490.5 4.19999
2491.5 24
2492.5 41.4
2493.5 -12.2
2494.5 37.8
2495.5 43.8
2496.5 38
2497.5 27.8
2498.5 19.4
2499.5 29.2
2500.5 26.6
2501.5 16.2
2502.5 -12.4
2503.5 23.8
2504.5 36
2505.5 3.19999
2506.5 25.8
2507.5 15.2
2508.5 14.6
2509.5 29.4
2510.5 6.79999
2511.5 14.4
2512.5 -5.00001
2513.5 31.6
2514.5 4.19999
2515.5 27.8
2516.5 17.6
2517.5 -4.40001
2518.5 -14.8
2519.5 66
2520.5 43.4
2521.5 17.6
2522.5 9.99999
2523.5 40.8
2524.5 -3.00001
2525.5 9.59999
2526.5 26.8
2527.5 25.4
2528.5 27.4
2529.5 16.8
2530.5 16.4
2531.5 -14
2532.5 -19.4
2533.5 15.4
2534.5 12.2
2535.5 14.4
2536.5 36.4
2537.5 9.4
2538.5 41.6
2539.5 -0.600006
2540.5 9.2
2541.5 21.2
2542.5 22.2
2543.5 32.4
2544.5 7.59999
2545.5 36.8
2546.5 21
2547.5 -16.2
2548.5 9.39999
2549.5 24
2550.5 36
2551.5 13
2552.5 15.6
2553.5 33.4
2554.5 38
2555.5 21
2556.5 35
2557.5 19.2
2558.5 1.6
2559.5 -10.6
2560.5 33
2561.5 14.2
2562.5 0.199995
2563.5 17.4
2564.5 35.4
2565.5 -9.60001
2566.5 -19.6
2567.5 11
2568.5 45.2
2569.5 15.4
2570.5 9
2571.5 25
2572.5 18.2
2573.5 32.6
2574.5 37.4
2575.5 53.8
2576.5 -3.40001
2577.5 32.2
2578.5 11.2
2579.5 22
2580.5 29.6
2581.5 2.19999
2582.5 12.6
2583.5 -28.2
2584.5 3.19999
2585.5 -9.20001
2586.5 27.2
2587.5 17.4
2588.5 17.2
2589.5 -0.200005
2590.5 9.2
2591.5 3.6
2592.5 7.99999
2593.5 1.2
2594.5 11
2595.5 13.6
2596.5 1.2
2597.5 0.199995
2598.5 31.6
2599.5 8.99999
2600.5 15.8
2601.5 -1.40001
2602.5 30.6
2603.5 19.8
2604.5 44.8
2605.5 34
2606.5 27.8
2607.5 16.8
2608.5 43.8
2609.5 12.8
2610.5 24
2611.5 -3.80001
2612.5 10.2
2613.5 11
2614.5 29
2615.5 30.6
2616.5 -5.20001
2617.5 34
2618.5 1.19999
2619.5 -4.20001
2620.5 61.4
2621.5 -4.00001
2622.5 25.8
2623.5 -5.80001
2624.5 18.8
2625.5 17.4
2626.5 13.6
2627.5 16.8
2628.5 -7.4
2629.5 38.4
2630.5 -6.00001
2631.5 38.2
2632.5 21.2
2633.5 50
2634.5 7.59999
2635.5 12.8
2636.5 41.2
2637.5 16.6
2638.5 21.8
2639.5 10
2640.5 24.8
2641.5 19.2
2642.5 27.6
2643.5 9.99999
2644.5 3
2645.5 10.8
2646.5 15.2
2647.5 4.4
2648.5 22.4
2649.5 -14
2650.5 8.2
2651.5 29.6
2652.5 38.6
2653.5 -28
2654.5 16.8
2655.5 0.79999
2656.5 52.8
2657.5 -31.8
2658.5 25.2
2659.5 26.2
2660.5 9.2
2661.5 18.4
2662.5 4.4
2663.5 2.99999
2664.5 31.6
2665.5 5.99999
2666.5 41.2
2667.5 32.8
2668.5 48
2669.5 -4.60001
2670.5 24.8
2671.5 6.19999
2672.5 28.2
2673.5 -19.2
2674.5 -6.4
2675.5 5.19999
2676.5 22.2
2677.5 16.8
2678.5 6.99999
2679.5 32.6
2680.5 -6.00001
2681.5 2.59999
2682.5 0.399995
2683.5 -23.8
2684.5 12
2685.5 7.2
2686.5 26.4
2687.5 -5.80001
2688.5 -0.200006
2689.5 -18
2690.5 20.6
2691.5 1.39999
2692.5 0.799995
2693.5 10.6
2694.5 -0.800005
2695.5 39.8
2696.5 3.8
2697.5 18.6
2698.5 -18.6
2699.5 -1.6
2700.5 23.6
2701.5 10.6
2702.5 27.8
2703.5 -3.2
2704.5 23
2705.5 33.2
2706.5 -6.8
2707.5 5.39999
2708.5 18.2
2709.5 22
2710.5 16.4
2711.5 -6.8
2712.5 3
2713.5 -27.2
2714.5 -8.80001
2715.5 17.2
2716.5 10.6
2717.5 33
2718.5 32.2
2719.5 37.8
2720.5 43.6
2721.5 73.4
2722.5 65.4
2723.5 57.8
2724.5 22
2725.5 48.4
2726.5 2.39999
2727.5 16.6
2728.5 0.999995
2729.5 33.8
2730.5 3.6
2731.5 7.19999
2732.5 4.39999
2733.5 8.4
2734.5 2.4
2735.5 19.8
2736.5 26.6
2737.5 14.2
2738.5 -11
2739.5 28.4
2740.5 -8.6
2741.5 -4.4
2742.5 17
2743.5 10.8
2744.5 15.6
2745.5 -4.60001
2746.5 20.4
2747.5 33.2
2748.5 32.2
2749.5 -28
2750.5 31.6
2751.5 44.8
2752.5 -7.60001
2753.5 7.79999
2754.5 40.8
2755.5 31.4
2756.5 -11
2757.5 36.4
2758.5 41.2
2759.5 9.39999
2760.5 19.4
2761.5 20.2
2762.5 31
2763.5 -19
2764.5 7.59999
2765.5 1.59999
2766.5 -11
2767.5 31
2768.5 10
2769.5 28.8
2770.5 15.6
2771.5 -7.2
2772.5 30.2
2773.5 -17.4
2774.5 7.19999
2775.5 42.8
2776.5 36.4
2777.5 1.6
2778.5 -4.6
2779.5 24.2
2780.5 4.99999
2781.5 16.2
2782.5 15.8
2783.5 32
2784.5 27.6
2785.5 13.4
2786.5 -0.200004
2787.5 5.4
2788.5 20.6
2789.5 28.2
2790.5 28.4
2791.5 28.6
2792.5 9.6
2793.5 28
2794.5 8.8
2795.5 13.4
2796.5 7.59999
2797.5 -11.6
2798.5 -2.40001
2799.5 19.8
2800.5 2.59999
2801.5 24.2
2802.5 24.6
2803.5 14.2
2804.5 10.8
2805.5 14.6
2806.5 22.8
2807.5 5.6
2808.5 17.2
2809.5 2.39999
2810.5 7.39999
2811.5 -11
2812.5 8.2
2813.5 16.8
2814.5 -33.6
2815.5 12.6
2816.5 -3.40001
2817.5 -15.6
2818.5 33.4
2819.5 -18.2
2820.5 27.2
2821.5 -6.8
2822.5 2.99999
2823.5 45
2824.5 29.8
2825.5 12.4
2826.5 34.4
2827.5 66
2828.5 -10.8
2829.5 68.8
2830.5 31.6
2831.5 22.4
2832.5 13.2
2833.5 28.8
2834.5 25
2835.5 -19
2836.5 -15.6
2837.5 6.2
2838.5 16.6
2839.5 4.4
2840.5 -19
2841.5 -7.4
2842.5 -36.2
2843.5 30.8
2844.5 38.4
2845.5 17.2
2846.5 -12.8
2847.5 55.6
2848.5 2.99999
2849.5 35.4
2850.5 10
2851.5 10.6
2852.5 -11
2853.5 25.6
2854.5 -8.4
2855.5 27.8
2856.5 2.59999
2857.5 18.4
2858.5 4.4
2859.5 27.4
2860.5 35
2861.5 21
2862.5 14.8
2863.5 26.6
2864.5 22.2
2865.5 34.6
2866.5 -0.400005
2867.5 -4.29153e-06
2868.5 23
2869.5 0.999996
2870.5 -12.6
2871.5 6.6
2872.5 -5
2873.5 31.4
2874.5 26.8
2875.5 13
2876.5 35.4
2877.5 11
2878.5 21.8
2879.5 25.6
2880.5 15.2
2881.5 23.8
2882.5 42.6
2883.5 -3.8
2884.5 11.8
2885.5 13
2886.5 -17.2
2887.5 17.4
2888.5 -19.8
2889.5 11.4
2890.5 26.2
2891.5 -7.4
2892.5 11.8
2893.5 -15.4
2894.5 24.2
2895.5 15.2
2896.5 12.8
2897.5 -6.2
2898.5 -3.2
2899.5 3.8
2900.5 -4.4
2901.5 22.8
2902.5 33
2903.5 5.8
2904.5 -2.4
2905.5 -4.2
2906.5 42.2
2907.5 7.8
2908.5 -6
2909.5 25.8
2910.5 18.2
2911.5 21.6
2912.5 20.8
2913.5 -12.4
2914.5 11.8
2915.5 -16.4
2916.5 35.6
2917.5 36.6
2918.5 -8.40001
2919.5 34.2
2920.5 10.8
2921.5 11.4
2922.5 11
2923.5 30.2
2924.5 3.2
2925.5 19.2
2926.5 0.599995
2927.5 32.6
2928.5 31.6
2929.5 28.6
2930.5 18.8
2931.5 -4.6
2932.5 40
2933.5 45.8
2934.5 34.8
2935.5 32
2936.5 34.6
2937.5 63.8
2938.5 47.8
2939.5 69.2
2940.5 10.8
2941.5 9
2942.5 32.2
2943.5 24.6
2944.5 -2.60001
2945.5 -6.80001
2946.5 11
2947.5 22
2948.5 35.4
2949.5 9.79999
2950.5 39.2
2951.5 52.6
2952.5 71.2
2953.5 10.8
2954.5 29.6
2955.5 27.2
2956.5 19.4
2957.5 33
2958.5 -1.2
2959.5 26.6
2960.5 8.8
2961.5 30.4
2962.5 18
2963.5 16.2
2964.5 -11.2
2965.5 25.8
2966.5 12.6
2967.5 -7
2968.5 -0.800004
2969.5 4.2
2970.5 21
2971.5 -29.2
2972.5 -3.8
2973.5 32
2974.5 -11.8
2975.5 33
2976.5 4.2
2977.5 29.4
2978.5 10.4
2979.5 7.6
2980.5 16
2981.5 8
2982.5 9.4
2983.5 1.8
2984.5 12.2
2985.5 4.6
2986.5 36.6
2987.5 24
2988.5 12.8
2989.5 8
2990.5 -0.600004
2991.5 1.4
2992.5 16.4
2993.5 -5.4
2994.5 45.8
2995.5 17.4
2996.5 0.799995
2997.5 21.2
2998.5 -3
2999.5 18.8
3000.5 6.2
3001.5 -1.00001
3002.5 -13
3003.5 -3.20001
3004.5 5.59999
3005.5 -0.200007
3006.5 40.2
3007.5 14.2
3008.5 24
3009.5 32.2
3010.5 28.6
3011.5 29.2
3012.5 16
3013.5 27.4
3014.5 15.8
3015.5 -8.80001
3016.5 -10.4
3017.5 6
3018.5 24.2
3019.5 14
3020.5 -6.2
3021.5 36
3022.5 -2
3023.5 20
3024.5 5.2
3025.5 11
3026.5 25.2
3027.5 14.8
3028.5 20.8
3029.5 13.4
3030.5 -7.8
3031.5 -1.80001
3032.5 1.99999
3033.5 9.4
3034.5 35.8
3035.5 17.2
3036.5 13.6
3037.5 66.4
3038.5 145.6
3039.5 77.2
3040.5 44.8
3041.5 -3.20001
3042.5 33.8
3043.5 13.4
3044.5 9.6
3045.5 25
3046.5 22.6
3047.5 25.4
3048.5 16.6
3049.5 46
3050.5 20.2
3051.5 37.8
3052.5 -2.20001
3053.5 19.6
3054.5 17.4
3055.5 2
3056.5 0.399996
3057.5 2.8
3058.5 5.4
3059.5 48
3060.5 11.6
3061.5 39.4
3062.5 10.4
3063.5 61.2
3064.5 86
3065.5 39
3066.5 75
3067.5 33.2
3068.5 16.6
3069.5 38.2
3070.5 32.6
3071.5 12.4
3072.5 61.2
3073.5 37.4
3074.5 30
3075.5 53.2
3076.5 8.2
3077.5 45.4
3078.5 2.6
3079.5 -3.6
3080.5 3.4
3081.5 10.6
3082.5 19.2
3083.5 40.8
3084.5 3.2
3085.5 7.6
3086.5 9.4
3087.5 45.6
3088.5 6.2
3089.5 43.8
3090.5 7.8
3091.5 16.2
3092.5 32.2
3093.5 -10.4
3094.5 15.4
3095.5 5.6
3096.5 -4.4
3097.5 22
3098.5 5.4
3099.5 14.8
3100.5 45.2
3101.5 39.8
3102.5 23.8
3103.5 -3.4
3104.5 18.6
3105.5 19.6
3106.5 36.6
3107.5 23
3108.5 2.4
3109.5 -16.6
3110.5 23.6
3111.5 12.8
3112.5 -17.4
3113.5 9.4
3114.5 27.2
3115.5 -19.2
3116.5 4.6
3117.5 -2.4
3118.5 38.2
3119.5 19.2
3120.5 4.4
3121.5 23
3122.5 -0.600003
3123.5 25.4
3124.5 7.4
3125.5 8.6
3126.5 12
3127.5 26.4
3128.5 11.4
3129.5 23.8
3130.5 35
3131.5 26.6
3132.5 11.2
3133.5 6.8
3134.5 13.2
3135.5 13.8
3136.5 36.2
3137.5 9.4
3138.5 35.4
3139.5 32.2
3140.5 22.2
3141.5 3.2
3142.5 -4.6
3143.5 43
3144.5 -6.6
3145.5 19.4
3146.5 3.8
3147.5 14.4
3148.5 -0.800004
3149.5 4.6
3150.5 21.4
3151.5 48
3152.5 8
3153.5 17.6
3154.5 7.4
3155.5 7
3156.5 -2.6
3157.5 20
3158.5 13.6
3159.5 -10.2
3160.5 22.2
3161.5 25
3162.5 16.4
3163.5 3.2
3164.5 -21.4
3165.5 0.599996
3166.5 10.4
3167.5 -21.2
3168.5 -4
3169.5 28
3170.5 18.2
3171.5 -8.4
3172.5 -2.8
3173.5 36
3174.5 52.8
3175.5 23.8
3176.5 2.19999
3177.5 11
3178.5 15.2
3179.5 23.4
3180.5 29.6
3181.5 -3.8
3182.5 -8.8
3183.5 15
3184.5 10.4
3185.5 21.2
3186.5 32.6
3187.5 27.2
3188.5 35.4
3189.5 30.2
3190.5 17.8
3191.5 10.2
3192.5 22.2
3193.5 7
3194.5 26
3195.5 34.2
3196.5 -8.8
3197.5 21.8
3198.5 -2
3199.5 5.6
3200.5 41.8
3201.5 6.19999
3202.5 14.4
3203.5 51.4
3204.5 23.8
3205.5 29.4
3206.5 31
3207.5 35.6
3208.5 20.2
3209.5 18
3210.5 38.6
3211.5 19.4
3212.5 34.6
3213.5 -0.400004
3214.5 -7
3215.5 10.8
3216.5 20
3217.5 2
3218.5 9.6
3219.5 3.2
3220.5 -9.6
3221.5 33.4
3222.5 -2.4
3223.5 21.6
3224.5 15.2
3225.5 8.6
3226.5 11.4
3227.5 1.8
3228.5 6.8
3229.5 9.2
3230.5 11
3231.5 -14.8
3232.5 0.999995
3233.5 3.59999
3234.5 -15
3235.5 -11.2
3236.5 25.6
3237.5 23
3238.5 27.8
3239.5 36.4
3240.5 23.4
3241.5 32.2
3242.5 27.4
3243.5 42
3244.5 37.8
3245.5 11
3246.5 1.6
3247.5 32
3248.5 4
3249.5 -5.2
3250.5 14.6
3251.5 5.6
3252.5 12.2
3253.5 0.599997
3254.5 -24.4
3255.5 17
3256.5 -19.6
3257.5 34.4
3258.5 12.8
3259.5 23.4
3260.5 17.6
3261.5 17.2
3262.5 0.799996
3263.5 6.6
3264.5 14.6
3265.5 16.6
3266.5 31.4
3267.5 32
3268.5 25.8
3269.5 -8.6
3270.5 3.4
3271.5 25.6
3272.5 23
3273.5 16.8
3274.5 -0.200003
3275.5 35.2
3276.5 20
3277.5 9.2
3278.5 15.2
3279.5 16.8
3280.5 20.8
3281.5 25.8
3282.5 2
3283.5 6.6
3284.5 16
3285.5 47.8
3286.5 13.8
3287.5 8
3288.5 18.4
3289.5 59.6
3290.5 82.4
3291.5 39.8
3292.5 35.2
3293.5 13.4
3294.5 30.6
3295.5 -15.8
3296.5 22.8
3297.5 34
3298.5 -15.8
3299.5 22
3300.5 14.4
3301.5 23.2
3302.5 18.2
3303.5 20.6
3304.5 14
3305.5 -22
3306.5 4.4
3307.5 10.8
3308.5 25.6
3309.5 7.2
3310.5 -2.2
3311.5 20.2
3312.5 11.8
3313.5 -3.6
3314.5 6.4
3315.5 9.8
3316.5 25.8
3317.5 -22.6
3318.5 6.6
3319.5 -1.2
3320.5 -13.6
3321.5 -4.80001
3322.5 9.4
3323.5 9
3324.5 5.4
3325.5 7.8
3326.5 24.8
3327.5 15.8
3328.5 5.6
3329.5 6.4
3330.5 31.4
3331.5 6
3332.5 42
3333.5 22.8
3334.5 1.2
3335.5 -2.6
3336.5 52
3337.5 80.4
3338.5 21
3339.5 11.8
3340.5 9.6
3341.5 18.6
3342.5 17
3343.5 40.4
3344.5 11.4
3345.5 11.6
3346.5 5.6
3347.5 -0.800003
3348.5 13.6
3349.5 28.6
3350.5 1.8
3351.5 20
3352.5 21.8
3353.5 22.8
3354.5 4.2
3355.5 -18.2
3356.5 -4.8
3357.5 4
3358.5 12.6
3359.5 31.6
3360.5 22.8
3361.5 11.2
3362.5 17.6
3363.5 17.2
3364.5 0.799996
3365.5 7.8
3366.5 -14
3367.5 25
3368.5 15.2
3369.5 23.4
3370.5 18
3371.5 1.8
3372.5 25.2
3373.5 -4.6
3374.5 6.6
3375.5 14
3376.5 -10.8
3377.5 12
3378.5 2.6
3379.5 2
3380.5 7.2
3381.5 31.6
3382.5 13.2
3383.5 21.8
3384.5 17.2
3385.5 28.4
3386.5 -5.6
3387.5 21.8
3388.5 23
3389.5 19.8
3390.5 33.8
3391.5 42.4
3392.5 33.8
3393.5 12.2
3394.5 19
3395.5 10
3396.5 16.8
3397.5 5.4
3398.5 -2
3399.5 0.599997
3400.5 3.8
3401.5 18.6
3402.5 -8.8
3403.5 15
3404.5 -5.2
3405.5 4.8
3406.5 -6
3407.5 -2.6
3408.5 2
3409.5 -10
3410.5 8
3411.5 9.2
3412.5 3.2
3413.5 26.2
3414.5 29.8
3415.5 16.6
3416.5 -4.6
3417.5 -6.4
3418.5 27.8
3419.5 29.8
3420.5 16.6
3421.5 25.8
3422.5 18.8
3423.5 28.8
3424.5 10.6
3425.5 45.8
3426.5 39.2
3427.5 28
3428.5 16
3429.5 22.2
3430.5 17.4
3431.5 9.6
3432.5 3
3433.5 27.4
3434.5 35.2
3435.5 34.4
3436.5 45.8
3437.5 39
3438.5 28.6
3439.5 25
3440.5 54.6
3441.5 40.2
3442.5 -16.2
3443.5 22
3444.5 -16
3445.5 30.4
3446.5 30.2
3447.5 16.2
3448.5 -13.2
3449.5 12.2
3450.5 21.4
3451.5 5
3452.5 -4
3453.5 6.4
3454.5 4
3455.5 -6.6
3456.5 13.6
3457.5 5.4
3458.5 6.6
3459.5 17.4
3460.5 -15.2
3461.5 -6.2
3462.5 10.4
3463.5 11.8
3464.5 21.4
3465.5 13.4
3466.5 20.8
3467.5 -10.4
3468.5 5.2
3469.5 0.799997
3470.5 30.6
3471.5 0.799998
3472.5 6.6
3473.5 4
3474.5 19.4
3475.5 16
3476.5 -3.2
3477.5 -2.6226e-06
3478.5 5.4
3479.5 8
3480.5 27.4
3481.5 26.2
3482.5 15.2
3483.5 -11.6
3484.5 -5.6
3485.5 -8.8
3486.5 -0.200005
3487.5 6.39999
3488.5 -4.80001
3489.5 16.6
3490.5 33.6
3491.5 3.4
3492.5 32.4
3493.5 27.2
3494.5 18.6
3495.5 18.2
3496.5 38
3497.5 18.6
3498.5 -14
3499.5 10.2
3500.5 -1.6
3501.5 17.8
3502.5 4
3503.5 14.8
3504.5 9.4
3505.5 28.4
3506.5 71.8
3507.5 61.4
3508.5 89.4
3509.5 48.6
3510.5 36.8
3511.5 15.6
3512.5 6
3513.5 -2.2
3514.5 5
3515.5 -10
3516.5 -9.8
3517.5 -23.6
3518.5 -1.6
3519.5 14.2
3520.5 7.2
3521.5 16
3522.5 -0.600003
3523.5 -3.8
3524.5 6.2
3525.5 -2.8
3526.5 -12.8
3527.5 11.8
3528.5 7.4
3529.5 21.8
3530.5 11
3531.5 16
3532.5 58
3533.5 -8
3534.5 1.4
3535.5 11.8
3536.5 8.6
3537.5 8.2
3538.5 14.4
3539.5 -6.8
3540.5 28.4
3541.5 14.6
3542.5 -10.6
3543.5 -13
3544.5 1.4
3545.5 11.2
3546.5 16
3547.5 8
3548.5 -27.8
3549.5 4.2
3550.5 12.2
3551.5 -7.2
3552.5 10.4
3553.5 5.8
3554.5 3
3555.5 5.2
3556.5 -0.400003
3557.5 8.6
3558.5 23.6
3559.5 -7.6
3560.5 3.2
3561.5 1.6
3562.5 0.599998
3563.5 6.4
3564.5 6.8
3565.5 -6.6
3566.5 7.8
3567.5 -22.2
3568.5 22.4
3569.5 22.8
3570.5 26.2
3571.5 -9.2
3572.5 47.2
3573.5 106
3574.5 210
3575.5 325.2
3576.5 426.6
3577.5 343.2
3578.5 169.8
3579.5 64.4
3580.5 28
3581.5 -2.4
3582.5 19
3583.5 -14.4
3584.5 6
3585.5 -6.2
3586.5 -8.4
3587.5 5.6
3588.5 19.6
3589.5 -12.4
3590.5 -11.4
3591.5 -17.6
3592.5 26
3593.5 23.2
3594.5 -2.6
3595.5 22
3596.5 0.199997
3597.5 21
3598.5 -0.600003
3599.5 15.6
3600.5 -12.2
3601.5 -0.400002
3602.5 -10.2
3603.5 -7.4
3604.5 7.2
3605.5 -18.6
3606.5 1.2
3607.5 -7.8
3608.5 -2.8
3609.5 -3
3610.5 -15.6
3611.5 3.4
3612.5 2.6
3613.5 -2
3614.5 4.6
3615.5 11
3616.5 8
3617.5 30
3618.5 18.6
3619.5 10.6
3620.5 -2.40001
3621.5 -1.00001
3622.5 -1.00001
3623.5 5.4
3624.5 -3.4
3625.5 24
3626.5 -3.2
3627.5 4.8
3628.5 -6.6
3629.5 21.8
3630.5 24.4
3631.5 14
3632.5 39
3633.5 -11.2
3634.5 6.4
3635.5 6.8
3636.5 20.4
3637.5 11
3638.5 -15.2
3639.5 10.2
3640.5 13.8
3641.5 -1.2
3642.5 15.4
3643.5 -7.6
3644.5 4.4
3645.5 14.8
3646.5 -1.8
3647.5 -8.8
3648.5 -0.200004
3649.5 9.4
3650.5 -16.4
3651.5 -2.6
3652.5 -20
3653.5 25.2
3654.5 -3
3655.5 4.4
3656.5 24
3657.5 -28.2
3658.5 12.6
3659.5 -1.4
3660.5 1.2
3661.5 -3.2
3662.5 -13
3663.5 13.6
3664.5 -7
3665.5 4.8
3666.5 18.8
3667.5 9.4
3668.5 8.8
3669.5 -9.6
3670.5 5.6
3671.5 -25.4
3672.5 -3.2
3673.5 1.4
3674.5 -16.6
3675.5 18
3676.5 -21.6
3677.5 24.2
3678.5 18
3679.5 13
3680.5 -7.8
3681.5 6.2
3682.5 -2
3683.5 11.6
3684.5 5
3685.5 -8
3686.5 -2.2
3687.5 -12.4
3688.5 12.2
3689.5 11
3690.5 13.8
3691.5 -3.4
3692.5 17.8
3693.5 -4.8
3694.5 4.8
3695.5 -6.2
3696.5 15
3697.5 11.4
3698.5 0.799997
3699.5 -8
3700.5 6
3701.5 4.2
3702.5 13.2
3703.5 5.2
3704.5 1.6
3705.5 32
3706.5 8.6
3707.5 12.2
3708.5 -0.400003
3709.5 13.8
3710.5 20.2
3711.5 9.2
3712.5 -5.6
3713.5 -7.6
3714.5 7.2
3715.5 13.4
3716.5 35.8
3717.5 57
3718.5 81.2
3719.5 101.2
3720.5 83.6
3721.5 33.4
3722.5 -13.8
3723.5 14.2
3724.5 -10.8
3725.5 -6.2
3726.5 11.4
3727.5 10.4
3728.5 -3.4
3729.5 16.6
3730.5 13.8
3731.5 -2.8
3732.5 0.599997
3733.5 -8.2
3734.5 18
3735.5 -10.6
3736.5 1.8
3737.5 18.6
3738.5 -8.6
3739.5 -10.2
3740.5 10.8
3741.5 -3.6
3742.5 10
3743.5 0.799997
3744.5 -3.8
3745.5 22.8
3746.5 24.6
3747.5 -0.800004
3748.5 17.2
3749.5 22
3750.5 43
3751.5 3.6
3752.5 -5.6
3753.5 3.8
3754.5 11.2
3755.5 15.4
3756.5 4.2
3757.5 2
3758.5 -10.4
3759.5 8.2
3760.5 18.8
3761.5 0.799998
3762.5 7
3763.5 -14.4
3764.5 -1
3765.5 4.4
3766.5 6.6
3767.5 4.4
3768.5 2.4
3769.5 -15.8
3770.5 10.8
3771.5 32.2
3772.5 8
3773.5 -5.4
3774.5 -0.400002
3775.5 19
3776.5 23.4
3777.5 18.2
3778.5 -13.4
3779.5 19.6
3780.5 3.2
3781.5 10
3782.5 -24
3783.5 9.8
3784.5 8
3785.5 1.6
3786.5 13.4
3787.5 18.2
3788.5 36
3789.5 -11.2
3790.5 18
3791.5 10.4
3792.5 -10.8
3793.5 25.6
3794.5 2.2
3795.5 2.8
3796.5 0.399998
3797.5 8
3798.5 15
3799.5 8.6
3800.5 -5.8
3801.5 -4.4
3802.5 -2.4
3803.5 -3.2
3804.5 -19
3805.5 9.6
3806.5 -14
3807.5 -15
3808.5 25.4
3809.5 0.199997
3810.5 -7.2
3811.5 26.2
3812.5 4.6
3813.5 17
3814.5 16.4
3815.5 -9.6
3816.5 16.6
3817.5 3.8
3818.5 11
3819.5 0.599998
3820.5 13.8
3821.5 5.8
3822.5 5.8
3823.5 25.6
3824.5 0.399997
3825.5 24.6
3826.5 -4
3827.5 8.2
3828.5 -23.8
3829.5 5.4
3830.5 13
3831.5 -1.4
3832.5 -0.400003
3833.5 -15.2
3834.5 20
3835.5 5.8
3836.5 -10.2
3837.5 12.6
3838.5 -21.4
3839.5 15.6
3840.5 10
3841.5 16
3842.5 16.6
3843.5 -12.2
3844.5 6.4
3845.5 4.6
3846.5 17.8
3847.5 14
3848.5 8.6
3849.5 10.8
3850.5 27
3851.5 7.4
3852.5 10
3853.5 9
3854.5 17.6
3855.5 9.2
3856.5 6.4
3857.5 3.2
3858.5 7.4
3859.5 9.2
3860.5 11.8
3861.5 14.4
3862.5 4.8
3863.5 11.2
3864.5 4.6
3865.5 -6.4
3866.5 12.8
3867.5 -7.4
3868.5 -13.2
3869.5 2.2
3870.5 0.199996
3871.5 11.6
3872.5 2.2
3873.5 9.8
3874.5 29.4
3875.5 19.4
3876.5 -7.4
3877.5 11.6
3878.5 -17
3879.5 1.8
3880.5 2.2
3881.5 10.6
3882.5 18
3883.5 3
3884.5 2
3885.5 -5
3886.5 4.2
3887.5 12.4
3888.5 -5.6
3889.5 -2.8
3890.5 2.8
3891.5 31.2
3892.5 9.8
3893.5 8.2
3894.5 2.4
3895.5 11
3896.5 6.4
3897.5 -26.4
3898.5 6
3899.5 11.2
3900.5 -10.8
3901.5 -3
3902.5 -0.600005
3903.5 -24.2
3904.5 -12.4
3905.5 -17.2
3906.5 0.399997
3907.5 -18.4
3908.5 -1.8
3909.5 10.8
3910.5 2.6
3911.5 -13
3912.5 3.2
3913.5 -1.8
3914.5 -2.6
3915.5 -13.2
3916.5 30.8
3917.5 8
3918.5 20.4
3919.5 30.6
3920.5 -5.2
3921.5 5.8
3922.5 14
3923.5 -10.4
3924.5 4.2
3925.5 14
3926.5 12.6
3927.5 -0.800002
3928.5 6.4
3929.5 12.4
3930.5 18.6
3931.5 6.8
3932.5 -3.8
3933.5 -14.6
3934.5 4.6
3935.5 16.2
3936.5 29.8
3937.5 9.4
3938.5 10.6
3939.5 -2
3940.5 20.4
3941.5 0.999998
3942.5 15.8
3943.5 16.8
3944.5 24.8
3945.5 3.4
3946.5 29
3947.5 35.2
3948.5 41.6
3949.5 -0.200003
3950.5 14.8
3951.5 22
3952.5 1.8
3953.5 0.199997
3954.5 19
3955.5 -2.4
3956.5 2.8
3957.5 -2.6
3958.5 -1
3959.5 9.2
3960.5 18.2
3961.5 -3.2
3962.5 12.8
3963.5 -1.4
3964.5 -15.2
3965.5 -7.6
3966.5 -3.2
3967.5 19
3968.5 -3.6
3969.5 17.8
3970.5 -13.6
3971.5 22.2
3972.5 20.2
3973.5 19.8
3974.5 11.4
3975.5 -19.4
3976.5 -5.2
3977.5 2.2
3978.5 5.2
3979.5 1.4
3980.5 38.8
3981.5 19
3982.5 -8.8
3983.5 12.6
3984.5 -4.6
3985.5 21.2
3986.5 17.4
3987.5 12.6
3988.5 34
3989.5 11.6
3990.5 14.6
3991.5 21.2
3992.5 -6.6
3993.5 6.4
3994.5 19.2
3995.5 -9
3996.5 2.6
3997.5 -2
3998.5 4.4
3999.5 -15.6
4000.5 18.8
4001.5 8.6
4002.5 -24.4
4003.5 13.4
4004.5 19.8
4005.5 23
4006.5 13.6
4007.5 8.6
4008.5 18.4
4009.5 -6
4010.5 12.2
4011.5 11.6
4012.5 13.4
4013.5 18.2
4014.5 -1.90735e-06
4015.5 19.8
4016.5 12.6
4017.5 4
4018.5 -15.2
4019.5 23.4
4020.5 2.2
4021.5 12.6
4022.5 1.6
4023.5 25.4
4024.5 -1.2
4025.5 21
4026.5 32
4027.5 3.2
4028.5 -9.6
4029.5 12.2
4030.5 -9.6
4031.5 12.8
4032.5 0.999997
4033.5 -25
4034.5 -1.6
4035.5 6.6
4036.5 12.2
4037.5 12.2
4038.5 -8
4039.5 0.599998
4040.5 0.799998
4041.5 -9.6
4042.5 3.8
4043.5 -13.4
4044.5 -11.4
4045.5 6.4
4046.5 -16.6
4047.5 9.6
4048.5 4
4049.5 12.8
4050.5 27.6
4051.5 -11.6
4052.5 11.4
4053.5 -1.2
4054.5 -4.8
4055.5 -8
4056.5 15.8
4057.5 -4.4
4058.5 10
4059.5 21.4
4060.5 27.2
4061.5 -10.8
4062.5 10.2
4063.5 15.2
4064.5 -0.600002
4065.5 1.8
4066.5 6.6
4067.5 -1.6
4068.5 20.6
4069.5 11.8
4070.5 -2.14577e-06
4071.5 -1.90735e-06
4072.5 26
4073.5 11.4
4074.5 7
4075.5 -10.8
4076.5 -1.4
4077.5 15.8
4078.5 9
4079.5 10
4080.5 3.8
4081.5 -0.400002
4082.5 -4.6
4083.5 9.8
4084.5 -1.4
4085.5 18
4086.5 14.4
4087.5 13.2
4088.5 -0.800002
4089.5 9.6
4090.5 10.8
4091.5 28
4092.5 -5.4
4093.5 -8.2
4094.5 -10.6
4095.5 -9.4
4096.5 1.6
4097.5 9.2
4098.5 -5.4
4099.5 16.2
4100.5 9.6
4101.5 -10.8
4102.5 -5.4
4103.5 6.2
4104.5 16.6
4105.5 -4.2
4106.5 5.4
4107.5 -8.4
4108.5 7.8
4109.5 6.8
4110.5 -7.6
4111.5 -12.6
4112.5 21.6
4113.5 -4.4
4114.5 -0.200002
4115.5 1.2
4116.5 -13
4117.5 12.4
4118.5 -3.2
4119.5 12.4
4120.5 -5.4
4121.5 5
4122.5 -5
4123.5 13.2
4124.5 9.6
4125.5 -12.2
4126.5 2.8
4127.5 3.4
4128.5 -7.6
4129.5 -2.4
4130.5 20.6
4131.5 -5.6
4132.5 17
4133.5 -2.38419e-06
4134.5 5.2
4135.5 10
4136.5 22.2
4137.5 18.6
4138.5 13
4139.5 -5.6
4140.5 -8.6
4141.5 20.6
4142.5 4.4
4143.5 4.6
4144.5 -5.8
4145.5 15.8
4146.5 5.4
4147.5 -14
4148.5 -4.6
4149.5 -0.200003
4150.5 19.2
4151.5 28.2
4152.5 -8
4153.5 1.6
4154.5 7
4155.5 9.2
4156.5 22.4
4157.5 2
4158.5 31.4
4159.5 1.4
4160.5 11.6
4161.5 4
4162.5 7.2
4163.5 -10.4
4164.5 -1.8
4165.5 -2.4
4166.5 -6.6
4167.5 33
4168.5 -4.8
4169.5 16.4
4170.5 9.2
4171.5 4.8
4172.5 4.6
4173.5 14.6
4174.5 2.2
4175.5 20.4
4176.5 -15.4
4177.5 7.6
4178.5 11
4179.5 6.6
4180.5 -2.4
4181.5 -15.6
4182.5 9
4183.5 5.2
4184.5 7
4185.5 4.4
4186.5 -17
4187.5 5.2
4188.5 9.4
4189.5 -3
4190.5 13
4191.5 5.2
4192.5 12.2
4193.5 -9.6
4194.5 11.6
4195.5 10
4196.5 15.4
4197.5 5.4
4198.5 0.199998
4199.5 -3
4200.5 9.2
4201.5 11.6
4202.5 14.2
4203.5 -14.2
4204.5 4.6
4205.5 7.6
4206.5 18
4207.5 32.4
4208.5 11.2
4209.5 30.8
4210.5 6.2
4211.5 22
4212.5 14
4213.5 -3.4
4214.5 0.799998
4215.5 15.4
4216.5 8.8
4217.5 9
4218.5 12.2
4219.5 3
4220.5 -15.2
4221.5 24
4222.5 7.4
4223.5 -7.6
4224.5 -2.8
4225.5 -5
4226.5 14.6
4227.5 -2
4228.5 0.799999
4229.5 -7.8
4230.5 1.2
4231.5 2.4
4232.5 -0.800002
4233.5 0.399998
4234.5 -21.2
4235.5 12.6
4236.5 20.4
4237.5 12.4
4238.5 1.6
4239.5 14
4240.5 14.6
4241.5 6.4
4242.5 14.8
4243.5 7
4244.5 -11.2
4245.5 12
4246.5 -7.8
4247.5 -6
4248.5 0.799998
4249.5 10.6
4250.5 9.2
4251.5 0.199998
4252.5 -8
4253.5 8.2
4254.5 18.4
4255.5 15.2
4256.5 3.4
4257.5 27.2
4258.5 3.2
4259.5 19
4260.5 1.8
4261.5 21.8
4262.5 12.8
4263.5 -9.4
4264.5 15
4265.5 -13.2
4266.5 28.6
4267.5 24.2
4268.5 30.8
4269.5 -10.6
4270.5 -2.6
4271.5 11.4
4272.5 26.2
4273.5 1.2
4274.5 -0.600002
4275.5 -2.6
4276.5 -2.6
4277.5 -4
4278.5 30.8
4279.5 3
4280.5 10.6
4281.5 -4.4
4282.5 5.2
4283.5 7
4284.5 14.8
4285.5 -2.4
4286.5 -16
4287.5 9.4
4288.5 16.6
4289.5 18.2
4290.5 6
4291.5 1.4
4292.5 17
4293.5 -2.6
4294.5 12.8
4295.5 13.4
4296.5 10.6
4297.5 11.8
4298.5 13.8
4299.5 0.199997
4300.5 6.6
4301.5 11
4302.5 5.2
4303.5 -1.6
4304.5 19.6
4305.5 0.799998
4306.5 12.2
4307.5 -8.2
4308.5 0.199998
4309.5 6.4
4310.5 -7
4311.5 18.8
4312.5 10.2
4313.5 17.2
4314.5 -3.4
4315.5 7.6
4316.5 16.2
4317.5 7.6
4318.5 5.2
4319.5 0.399998
4320.5 -0.600002
4321.5 4.4
4322.5 14.6
4323.5 -8.6
4324.5 -1.6
4325.5 12.6
4326.5 14.2
4327.5 18
4328.5 4.8
4329.5 2.2
4330.5 29
4331.5 4
4332.5 -3
4333.5 14
4334.5 8.6
4335.5 14.8
4336.5 0.199998
4337.5 -1.8
4338.5 0.799998
4339.5 5.8
4340.5 -0.600002
4341.5 14.4
4342.5 -3
4343.5 18.2
4344.5 -15.8
4345.5 -2.2
4346.5 7.6
4347.5 -5.6
4348.5 3.4
4349.5 19.2
4350.5 7
4351.5 8.4
4352.5 8.8
4353.5 3
4354.5 22.6
4355.5 8.4
4356.5 -7.4
4357.5 -4.6
4358.5 -14.8
4359.5 14
4360.5 4.2
4361.5 -8.2
4362.5 22.2
4363.5 15.4
4364.5 14.4
4365.5 15.8
4366.5 10
4367.5 8.4
4368.5 7
4369.5 7.6
4370.5 10.2
4371.5 5.8
4372.5 22.8
4373.5 5.4
4374.5 -7.6
4375.5 3.2
4376.5 16.2
4377.5 10.8
4378.5 -8
4379.5 5.6
4380.5 7.2
4381.5 17.8
4382.5 29
4383.5 16
4384.5 -8.2
4385.5 18.2
4386.5 -5.8
4387.5 10.8
4388.5 1.4
4389.5 -4.6
4390.5 2.6
4391.5 15.6
4392.5 15.8
4393.5 11.4
4394.5 12
4395.5 2.6
4396.5 29.8
4397.5 5.4
4398.5 10.6
4399.5 -3.4
4400.5 0.399999
4401.5 5.8
4402.5 -3.2
4403.5 -1.66893e-06
4404.5 -4.6
4405.5 13.8
4406.5 3
4407.5 -38
4408.5 2.2
4409.5 -1
4410.5 -13
4411.5 0.599998
4412.5 -14.4
4413.5 -4.4
4414.5 7.8
4415.5 -24
4416.5 -1.2
4417.5 9.8
4418.5 -6.8
4419.5 -11.4
4420.5 23.8
4421.5 -6.6
4422.5 14.4
4423.5 17.2
4424.5 -13.6
4425.5 -15.8
4426.5 -15.6
4427.5 -6.8
4428.5 -10.8
4429.5 19
4430.5 -2.2
4431.5 5.2
4432.5 -5.4
4433.5 3.4
4434.5 6.4
4435.5 28
4436.5 18.8
4437.5 3
4438.5 20.6
4439.5 9.6
4440.5 -0.400002
4441.5 -1.4
4442.5 -12.8
4443.5 4.6
4444.5 -0.200001
4445.5 3.8
4446.5 4.4
4447.5 4
4448.5 1.6
4449.5 -5.2
4450.5 14.6
4451.5 12.6
4452.5 15.2
4453.5 23.2
4454.5 34.6
4455.5 18
4456.5 54.2
4457.5 49
4458.5 65.4
4459.5 5.99999
4460.5 8.4
4461.5 -12.4
4462.5 26
4463.5 8.8
4464.5 8
4465.5 -10.6
4466.5 15.2
4467.5 14.6
4468.5 17.6
4469.5 20.8
4470.5 -0.200002
4471.5 3
4472.5 -0.600002
4473.5 14
4474.5 3.4
4475.5 -2
4476.5 9.4
4477.5 0.199999
4478.5 9.6
4479.5 1.6
4480.5 0.599999
4481.5 2.4
4482.5 2.4
4483.5 -7.4
4484.5 17.2
4485.5 10.6
4486.5 14.4
4487.5 11.4
4488.5 -2.2
4489.5 9
4490.5 -9
4491.5 12
4492.5 17.4
4493.5 24.8
4494.5 8.2
4495.5 -8.2
4496.5 16.4
4497.5 18.6
4498.5 4.8
4499.5 -4.8
4500.5 -2.4
4501.5 9.4
4502.5 6.6
4503.5 -5.8
4504.5 -11.2
4505.5 -14
4506.5 13.6
4507.5 -9.4
4508.5 5.2
4509.5 1.6
4510.5 -3.4
4511.5 9.6
4512.5 13.4
4513.5 -4.4
4514.5 -3.6
4515.5 1.6
4516.5 -5.4
4517.5 -1.4
4518.5 -14.6
4519.5 13.4
4520.5 -10.2
4521.5 -1
4522.5 9
4523.5 4.2
4524.5 -0.400002
4525.5 -2.4
4526.5 1.4
4527.5 0.599998
4528.5 32.2
4529.5 23
4530.5 41.6
4531.5 66
4532.5 21
4533.5 36.2
4534.5 2.6
4535.5 -7.4
4536.5 5.4
4537.5 -10.2
4538.5 15.8
4539.5 7.4
4540.5 -5.4
4541.5 7.6
4542.5 -3.8
4543.5 10.8
4544.5 8
4545.5 0.999999
4546.5 18.4
4547.5 -5
4548.5 3.4
4549.5 -7.4
4550.5 -6.6
4551.5 7.6
4552.5 17.6
4553.5 -10.6
4554.5 -11.8
4555.5 17.4
4556.5 18.6
4557.5 0.399997
4558.5 0.599998
4559.5 10.8
4560.5 -3.8
4561.5 10.4
4562.5 7.8
4563.5 -22.8
4564.5 1.2
4565.5 27.4
4566.5 27.8
4567.5 2
4568.5 5.4
4569.5 5
4570.5 -1.8
4571.5 18.6
4572.5 11.8
4573.5 2.4
4574.5 -8.6
4575.5 1.6
4576.5 -0.600002
4577.5 10.8
4578.5 -1.2
4579.5 -10.6
4580.5 -7.4
4581.5 -7.4
4582.5 -6.8
4583.5 -19.6
4584.5 7.2
4585.5 -7.6
4586.5 12.6
4587.5 -9.8
4588.5 -1.8
4589.5 -3
4590.5 4.4
4591.5 13.4
4592.5 -1.2
4593.5 17.4
4594.5 12.6
4595.5 5.4
4596.5 -8.2
4597.5 -4.4
4598.5 13.8
4599.5 -25
4600.5 -9.6
4601.5 10.8
4602.5 4.8
4603.5 -24.4
4604.5 8.4
4605.5 2.4
4606.5 1.8
4607.5 7.6
4608.5 8
4609.5 9.8
4610.5 4
4611.5 3.8
4612.5 9.8
4613.5 -0.800002
4614.5 2.4
4615.5 -0.600002
4616.5 -0.200002
4617.5 8.4
4618.5 -7.4
4619.5 9
4620.5 22.6
4621.5 -11.2
4622.5 17.2
4623.5 -19.6
4624.5 3.8
4625.5 3.6
4626.5 6.2
4627.5 4.6
4628.5 -2.8
4629.5 3.8
4630.5 21
4631.5 38.6
4632.5 13.8
4633.5 17.2
4634.5 20.4
4635.5 -3.8
4636.5 -11
4637.5 -6.8
4638.5 13.8
4639.5 3
4640.5 5.2
4641.5 5.4
4642.5 8.8
4643.5 -6
4644.5 -2.2
4645.5 8
4646.5 19.2
4647.5 12
4648.5 3.8
4649.5 -2
4650.5 -23.6
4651.5 15.8
4652.5 -7.4
4653.5 0.599998
4654.5 24.4
4655.5 6.4
4656.5 -8.8
4657.5 -9.6
4658.5 2.2
4659.5 11.6
4660.5 -14.4
4661.5 -4.2
4662.5 1.4
4663.5 15.4
4664.5 16.4
4665.5 7.2
4666.5 -3.6
4667.5 -4.2
4668.5 7.8
4669.5 -1
4670.5 14.8
4671.5 2.6
4672.5 9.6
4673.5 8.4
4674.5 -4
4675.5 3.8
4676.5 17.4
4677.5 -2.2
4678.5 8.2
4679.5 -12.6
4680.5 6
4681.5 -1.2
4682.5 5
4683.5 -9.6
4684.5 5.8
4685.5 -1
4686.5 -6.2
4687.5 -1.2
4688.5 -6
4689.5 -10.8
4690.5 1.4
4691.5 5.6
4692.5 9.2
4693.5 -8.8
4694.5 -2.8
4695.5 -5.8
4696.5 2.6
4697.5 24.2
4698.5 -14.8
4699.5 -6.4
4700.5 9.4
4701.5 20.2
4702.5 2.4
4703.5 -3.2
4704.5 -8.2
4705.5 6.2
4706.5 -16.6
4707.5 6.6
4708.5 2
4709.5 23.8
4710.5 -2.4
4711.5 0.599998
4712.5 17.6
4713.5 -6
4714.5 9.6
4715.5 -4
4716.5 -22.2
4717.5 9.4
4718.5 -0.400001
4719.5 14.6
4720.5 -6.4
4721.5 19.8
4722.5 2.8
4723.5 -10
4724.5 11.4
4725.5 13.8
4726.5 2.2
4727.5 -9.2
4728.5 -9.6
4729.5 -9
4730.5 12
4731.5 8.2
4732.5 -5.2
4733.5 -9.2
4734.5 12.2
4735.5 5.2
4736.5 8
4737.5 -1.8
4738.5 9.8
4739.5 4.6
4740.5 0.799999
4741.5 -3.4
4742.5 4.4
4743.5 -9
4744.5 -5
4745.5 4.8
4746.5 15.4
4747.5 -21.4
4748.5 11
4749.5 -5.6
4750.5 -1.4
4751.5 4.4
4752.5 5.6
4753.5 9.8
4754.5 1.4
4755.5 15
4756.5 -3.6
4757.5 13.4
4758.5 9.6
4759.5 9.6
4760.5 8.8
4761.5 12.2
4762.5 -1.4
4763.5 -0.400001
4764.5 1.6
4765.5 3.2
4766.5 1.2
4767.5 7
4768.5 -4.6
4769.5 -4.4
4770.5 4.2
4771.5 -7
4772.5 19.6
4773.5 11.4
4774.5 -12
4775.5 -5.2
4776.5 3.8
4777.5 10.6
4778.5 8.4
4779.5 10.2
4780.5 3.2
4781.5 -11.6
4782.5 0.199999
4783.5 -0.200001
4784.5 1.8
4785.5 2
4786.5 4
4787.5 6
4788.5 -1
4789.5 5.4
4790.5 -9.4
4791.5 2.8
4792.5 -3.4
4793.5 6.4
4794.5 0.799999
4795.5 18.8
4796.5 -3.2
4797.5 12.6
4798.5 3.4
4799.5 3.8
4800.5 5.2
4801.5 10.8
4802.5 8.2
4803.5 10.8
4804.5 3.6
4805.5 7.8
4806.5 1.4
4807.5 31.4
4808.5 13
4809.5 -13.2
4810.5 13
4811.5 28.2
4812.5 -13.4
4813.5 8.8
4814.5 2.4
4815.5 4.8
4816.5 -17.2
4817.5 2
4818.5 10.6
4819.5 4
4820.5 7.8
4821.5 1.2
4822.5 2
4823.5 1.8
4824.5 9.2
4825.5 3.6
4826.5 -8.2
4827.5 2.6
4828.5 12.8
4829.5 -8.2
4830.5 12.8
4831.5 -7.2
4832.5 19.4
4833.5 -4
4834.5 6.8
4835.5 -1.4
4836.5 -6.8
4837.5 -1.43051e-06
4838.5 4.8
4839.5 3.4
4840.5 12.4
4841.5 -2
4842.5 23.2
4843.5 5.8
4844.5 -10.4
4845.5 24.6
4846.5 20
4847.5 5.4
4848.5 -2.2
4849.5 -12.2
4850.5 -8.6
4851.5 13.6
4852.5 -12
4853.5 2.8
4854.5 -2.6
4855.5 7.4
4856.5 4
4857.5 -6.4
4858.5 -1.6
4859.5 3.2
4860.5 -10.2
4861.5 6.2
4862.5 -3.4
4863.5 -8.2
4864.5 -0.600001
4865.5 -6.4
4866.5 13
4867.5 -11.8
4868.5 1.8
4869.5 11.8
4870.5 3.4
4871.5 -16.6
4872.5 9
4873.5 -11.2
4874.5 1.8
4875.5 5.6
4876.5 0.199997
4877.5 23
4878.5 14.6
4879.5 5.8
4880.5 3.8
4881.5 -2.4
4882.5 15
4883.5 -7.4
4884.5 21.2
4885.5 -5.6
4886.5 8.8
4887.5 -10
4888.5 -4.8
4889.5 -1.4
4890.5 3.8
4891.5 3.8
4892.5 8.8
4893.5 -21.2
4894.5 4.4
4895.5 0.999999
4896.5 5.4
4897.5 24
4898.5 4.4
4899.5 13.4
4900.5 3.6
4901.5 7.8
4902.5 27.2
4903.5 14.6
4904.5 15.4
4905.5 23.8
4906.5 -0.800002
4907.5 -3.6
4908.5 28.2
4909.5 -8.4
4910.5 4
4911.5 13
4912.5 -15.8
4913.5 3.6
4914.5 4.4
4915.5 -11
4916.5 -5.8
4917.5 -6.6
4918.5 -2
4919.5 -16.8
4920.5 5.4
4921.5 7
4922.5 -13
4923.5 -1
4924.5 -7
4925.5 -13.4
4926.5 15.4
4927.5 3.2
4928.5 -12
4929.5 8.8
4930.5 -5.2
4931.5 -2
4932.5 10.6
4933.5 -17.8
4934.5 2
4935.5 -3.6
4936.5 5
4937.5 -8
4938.5 -10.4
4939.5 18
4940.5 -5.2
4941.5 -3.8
4942.5 4.4
4943.5 -10.4
4944.5 12.4
4945.5 -2.6
4946.5 -7.2
4947.5 6
4948.5 -10.6
4949.5 8.8
4950.5 0.199999
4951.5 -3
4952.5 15
4953.5 -5.4
4954.5 19
4955.5 9
4956.5 22.2
4957.5 -6.4
4958.5 2.4
4959.5 24.2
4960.5 0.399999
4961.5 5.6
4962.5 -6.8
4963.5 0.799999
4964.5 25.8
4965.5 -1.2
4966.5 7.8
4967.5 -3.4
4968.5 -14
4969.5 7.8
4970.5 5
4971.5 4.6
4972.5 -8.6
4973.5 0.999998
4974.5 12.2
4975.5 0.999998
4976.5 -5.6
4977.5 9.4
4978.5 -13.6
4979.5 -8.2
4980.5 1.2
4981.5 12.8
4982.5 -23.6
4983.5 -2
4984.5 4.4
4985.5 -4
4986.5 2.8
4987.5 -7.2
4988.5 -0.600002
4989.5 -5
4990.5 -8.4
4991.5 -1.6
4992.5 9
4993.5 1.8
4994.5 -1.8
4995.5 7.8
4996.5 -3.2
4997.5 4.2
4998.5 4.4
4999.5 2.8
5000.5 -20.8
5001.5 8.2
5002.5 15
5003.5 8.6
5004.5 20.6
5005.5 8.2
5006.5 14.8
5007.5 23
5008.5 26.6
5009.5 14.8
5010.5 -5
5011.5 27.6
5012.5 22.2
5013.5 13
5014.5 17
5015.5 0.999999
5016.5 -4.6
5017.5 16.2
5018.5 0.799999
5019.5 -7.4
5020.5 -19.4
5021.5 8.2
5022.5 9.8
5023.5 2
5024.5 -16.4
5025.5 8.8
5026.5 -2.8
5027.5 3
5028.5 -3.4
5029.5 9.6
5030.5 -6.6
5031.5 4.6
5032.5 14.2
5033.5 -10.8
5034.5 -0.400002
5035.5 5.6
5036.5 -6
5037.5 2.4
5038.5 2
5039.5 -1
5040.5 -10.4
5041.5 -5.4
5042.5 20.8
5043.5 -6.6
5044.5 -13
5045.5 10
5046.5 -2.8
5047.5 -4
5048.5 11.8
5049.5 -5.6
5050.5 -3
5051.5 14.2
5052.5 0.999999
5053.5 3.6
5054.5 6.6
5055.5 -5.4
5056.5 11.8
5057.5 -17.6
5058.5 9.2
5059.5 7
5060.5 4.8
5061.5 5.2
5062.5 -4.2
5063.5 10.6
5064.5 11
5065.5 -0.400002
5066.5 6.6
5067.5 15
5068.5 13.6
5069.5 3.4
5070.5 9.4
5071.5 -0.600002
5072.5 8
5073.5 0.599999
5074.5 2.4
5075.5 8.6
5076.5 9
5077.5 13
5078.5 12
5079.5 5
5080.5 12
5081.5 15.4
5082.5 7.8
5083.5 -0.400001
5084.5 9.4
5085.5 11
5086.5 -3
5087.5 4.6
5088.5 -0.800002
5089.5 13.2
5090.5 17.4
5091.5 -24.8
5092.5 4
5093.5 8
5094.5 -1
5095.5 -10.4
5096.5 -3.4
5097.5 1.6
5098.5 -3.8
5099.5 -2.2
5100.5 17
5101.5 12.4
5102.5 -0.600002
5103.5 2.2
5104.5 0.199998
5105.5 -3.2
5106.5 -2.2
5107.5 7.8
5108.5 -2.8
5109.5 -4.4
5110.5 12.4
5111.5 -11.6
5112.5 -4.2
5113.5 2.8
5114.5 2.4
5115.5 -9.6
5116.5 0.599999
5117.5 4
5118.5 2
5119.5 -16.8
5120.5 4.4
5121.5 -1
5122.5 -0.400001
5123.5 5.4
5124.5 -7
5125.5 5
5126.5 -4
5127.5 -2.8
5128.5 0.799999
5129.5 5
5130.5 13
5131.5 5.6
5132.5 7.2
5133.5 -3
5134.5 22.8
5135.5 22.4
5136.5 8.8
5137.5 8
5138.5 -6.6
5139.5 12.4
5140.5 3.2
5141.5 13.6
5142.5 -7.8
5143.5 -5.2
5144.5 9.8
5145.5 -3.2
5146.5 -6.4
5147.5 21.6
5148.5 -7.4
5149.5 -6
5150.5 9.6
5151.5 0.799999
5152.5 9.8
5153.5 14.6
5154.5 4.8
5155.5 -7.4
5156.5 -6.2
5157.5 15.4
5158.5 18.8
5159.5 11.8
5160.5 -7
5161.5 -8.6
5162.5 8.2
5163.5 5.2
5164.5 11.6
5165.5 3.6
5166.5 11.4
5167.5 -1.8
5168.5 -2
5169.5 -0.200001
5170.5 12
5171.5 9.4
5172.5 15
5173.5 12.2
5174.5 7
5175.5 2.8
5176.5 10
5177.5 -7
5178.5 22.4
5179.5 0.599999
5180.5 0.799999
5181.5 11.8
5182.5 1.2
5183.5 16.2
5184.5 -0.800001
5185.5 0.199999
5186.5 2.2
5187.5 16
5188.5 7.6
5189.5 4.2
5190.5 -11.6
5191.5 -1.4
5192.5 -0.400002
5193.5 -19.2
5194.5 6.8
5195.5 -2.2
5196.5 -13.8
5197.5 18.6
5198.5 -1.8
5199.5 -10
5200.5 -4.4
5201.5 -4.4
5202.5 -9
5203.5 10.8
5204.5 16.4
5205.5 1.4
5206.5 0.799999
5207.5 -13.6
5208.5 1.2
5209.5 4.4
5210.5 3.4
5211.5 2
5212.5 -11.6
5213.5 10.8
5214.5 9.4
5215.5 -7.2
5216.5 5.2
5217.5 3.6
5218.5 -13.8
5219.5 17.8
5220.5 15.2
5221.5 -0.800002
5222.5 -13
5223.5 3.6
5224.5 3.4
5225.5 4.6
5226.5 9.2
5227.5 -6
5228.5 14.8
5229.5 -5.2
5230.5 4.6
5231.5 8
5232.5 4.6
5233.5 -5.2
5234.5 -0.400001
5235.5 0.399999
5236.5 3.8
5237.5 4
5238.5 -0.800002
5239.5 -25.4
5240.5 -9.8
5241.5 -7
5242.5 1.2
5243.5 15.6
5244.5 -2.2
5245.5 4.2
5246.5 1.4
5247.5 -0.600001
5248.5 7.4
5249.5 -4.4
5250.5 3.8
5251.5 13.2
5252.5 8.2
5253.5 5.2
5254.5 0.199999
5255.5 3.8
5256.5 11.6
5257.5 16
5258.5 -7.4
5259.5 11.8
5260.5 4.2
5261.5 -2.4
5262.5 -4
5263.5 1.8
5264.5 21.6
5265.5 -11.8
5266.5 -0.600002
5267.5 -6.4
5268.5 6.8
5269.5 -4.6
5270.5 15.4
5271.5 8.6
5272.5 2.2
5273.5 4
5274.5 3.2
5275.5 16.8
5276.5 2.8
5277.5 -3
5278.5 10
5279.5 6.6
5280.5 6.4
5281.5 -17.6
5282.5 -15.6
5283.5 -9.4
5284.5 -3.4
5285.5 -3.2
5286.5 -10
5287.5 1.6
5288.5 -11.6
5289.5 -0.600001
5290.5 -11.2
5291.5 3
5292.5 9.2
5293.5 1.6
5294.5 1.6
5295.5 -12.2
5296.5 -14.6
5297.5 0.399999
5298.5 9.4
5299.5 -4.8
5300.5 -8.4
5301.5 -9.6
5302.5 -5.6
5303.5 -5.2
5304.5 6.4
5305.5 9.8
5306.5 3.2
5307.5 12
5308.5 -4
5309.5 5.2
5310.5 -0.600001
5311.5 1.8
5312.5 20.6
5313.5 -12.2
5314.5 4.4
5315.5 -2.2
5316.5 -1
5317.5 12.4
5318.5 7.8
5319.5 -1.4
5320.5 15
5321.5 -4.4
5322.5 2.8
5323.5 18
5324.5 15.2
5325.5 1.4
5326.5 2
5327.5 3.8
5328.5 -1
5329.5 -7.8
5330.5 8.2
5331.5 -5.8
5332.5 -1.6
5333.5 -11.6
5334.5 -8.4
5335.5 5.4
5336.5 3.4
5337.5 3.6
5338.5 10.2
5339.5 -2.6
5340.5 -3.8
5341.5 -7.8
5342.5 2.6
5343.5 -4.2
5344.5 0.799999
5345.5 -8.4
5346.5 3
5347.5 0.599998
5348.5 -5.6
5349.5 -14.8
5350.5 12.6
5351.5 -6
5352.5 0.399996
5353.5 6
5354.5 14.2
5355.5 6.59999
5356.5 -8.20001
5357.5 14.4
5358.5 -1.6
5359.5 -9.6
5360.5 8.6
5361.5 12.6
5362.5 -3.8
5363.5 -2.6
5364.5 8.2
5365.5 15.4
5366.5 15.4
5367.5 20.8
5368.5 25.4
5369.5 6
5370.5 -1.2
5371.5 -0.200001
5372.5 1.8
5373.5 8.6
5374.5 3.4
5375.5 4.6
5376.5 -5.2
5377.5 4.4
5378.5 14
5379.5 1.2
5380.5 -4.8
5381.5 9.2
5382.5 -10.8
5383.5 6.6
5384.5 11.4
5385.5 -23.8
5386.5 -5
5387.5 -9.8
5388.5 10.8
5389.5 10.4
5390.5 -1.2
5391.5 -12
5392.5 -13.8
5393.5 -16.4
5394.5 5.6
5395.5 -37.8
5396.5 -18.8
5397.5 -4.40001
5398.5 -16.2
5399.5 6.4
5400.5 9.6
5401.5 4.8
5402.5 -16.4
5403.5 -7.2
5404.5 -0.400001
5405.5 -16.2
5406.5 7.6
5407.5 7.6
5408.5 4.4
5409.5 -1.8
5410.5 -4
5411.5 10.4
5412.5 -5.6
5413.5 5.6
5414.5 3.8
5415.5 11
5416.5 17.6
5417.5 23.6
5418.5 22.4
5419.5 23.6
5420.5 26
5421.5 18.8
5422.5 10.4
5423.5 15.2
5424.5 10.6
5425.5 3.4
5426.5 1.4
5427.5 5.2
5428.5 -8.8
5429.5 -6.4
5430.5 7.4
5431.5 -14
5432.5 3.6
5433.5 -1.2
5434.5 6.4
5435.5 1.2
5436.5 -7
5437.5 -3.2
5438.5 -7.8
5439.5 6.4
5440.5 12.4
5441.5 11
5442.5 2.8
5443.5 -3.8
5444.5 -2.8
5445.5 -4.8
5446.5 -13.2
5447.5 -7
5448.5 8.6
5449.5 -7
5450.5 1.4
5451.5 13.2
5452.5 4.4
5453.5 4
5454.5 14
5455.5 1.4
5456.5 -10.4
5457.5 5.4
5458.5 3.4
5459.5 4.4
5460.5 2.2
5461.5 5.8
5462.5 -7
5463.5 9.4
5464.5 -10
5465.5 10.6
5466.5 6.6
5467.5 8.6
5468.5 -9.8
5469.5 -1.4
5470.5 9
5471.5 17
5472.5 13.6
5473.5 -10.8
5474.5 9.6
5475.5 0.399999
5476.5 14.8
5477.5 10.8
5478.5 17.6
5479.5 -1
5480.5 -4.2
5481.5 4.8
5482.5 6.8
5483.5 -6.6
5484.5 -4
5485.5 7.4
5486.5 6.6
5487.5 6.6
5488.5 17.4
5489.5 -7.4
5490.5 11.6
5491.5 22.2
5492.5 -6.6
5493.5 -6.6
5494.5 -0.200001
5495.5 9.8
5496.5 16.2
5497.5 -5
5498.5 -1.2
5499.5 -4.6
5500.5 -14.8
5501.5 0.999999
5502.5 -13.8
5503.5 3.6
5504.5 13
5505.5 -9.2
5506.5 7.4
5507.5 9
5508.5 9
5509.5 -3.4
5510.5 3.4
5511.5 5.2
5512.5 12.2
5513.5 4
5514.5 6.6
5515.5 -3
5516.5 -2.6
5517.5 2.2
5518.5 -0.400001
5519.5 7.8
5520.5 1.8
5521.5 10.2
5522.5 29.2
5523.5 30.6
5524.5 7.8
5525.5 32.2
5526.5 35
5527.5 11.4
5528.5 0.199999
5529.5 2
5530.5 7.4
5531.5 0.799999
5532.5 -4.4
5533.5 8.2
5534.5 5.2
5535.5 0.799998
5536.5 6.4
5537.5 2.4
5538.5 -9.8
5539.5 -4.8
5540.5 0.199999
5541.5 7.2
5542.5 -0.600001
5543.5 -0.600001
5544.5 2.4
5545.5 4.4
5546.5 -0.800001
5547.5 -4.6
5548.5 0.799999
5549.5 0.799999
5550.5 -2.2
5551.5 -2.8
5552.5 -1
5553.5 11.6
5554.5 1.6
5555.5 5
5556.5 0.999999
5557.5 9
5558.5 4.6
5559.5 10.4
5560.5 3.8
5561.5 8.2
5562.5 -9
5563.5 -13.6
5564.5 2.6
5565.5 4.4
5566.5 5.2
5567.5 8.8
5568.5 -6
5569.5 2
5570.5 -1.6
5571.5 7
5572.5 -1.8
5573.5 -8.2
5574.5 12
5575.5 -5
5576.5 9.6
5577.5 4
5578.5 -5
5579.5 -4.6
5580.5 -12.6
5581.5 6
5582.5 5.2
5583.5 -4.6
5584.5 11.2
5585.5 -15.2
5586.5 5
5587.5 3.4
5588.5 2.8
5589.5 3.8
5590.5 3.4
5591.5 -4.6
5592.5 -5.8
5593.5 1.8
5594.5 -0.800001
5595.5 1.8
5596.5 5.8
5597.5 15.4
5598.5 -7.2
5599.5 2.6
5600.5 0.199999
5601.5 9.4
5602.5 2.6
5603.5 0.999999
5604.5 -5
5605.5 2.6
5606.5 5.4
5607.5 -6.4
5608.5 -6.2
5609.5 8.2
5610.5 0.599998
5611.5 12.4
5612.5 15.4
5613.5 20
5614.5 14.6
5615.5 -14.8
5616.5 -12.2
5617.5 10.2
5618.5 1.8
5619.5 3
5620.5 -0.800001
5621.5 10.6
5622.5 -1
5623.5 -6.4
5624.5 -2.4
5625.5 13.2
5626.5 -5.2
5627.5 -4
5628.5 15.8
5629.5 8.6
5630.5 4.4
5631.5 8.2
5632.5 1.6
5633.5 -2.2
5634.5 4.6
5635.5 11.8
5636.5 0.799999
5637.5 11
5638.5 13.8
5639.5 5.2
5640.5 -4.6
5641.5 7.4
5642.5 -2.6
5643.5 0.599999
5644.5 0.199999
5645.5 -6.2
5646.5 -0.600001
5647.5 -1.4
5648.5 6.6
5649.5 0.199999
5650.5 5.4
5651.5 6.8
5652.5 11.6
5653.5 9.4
5654.5 1.4
5655.5 0.199999
5656.5 -1
5657.5 2.2
5658.5 -7.6
5659.5 0.399999
5660.5 -0.400001
5661.5 -2.2
5662.5 14.2
5663.5 6.4
5664.5 9.2
5665.5 -11
5666.5 -1.6
5667.5 -9.2
5668.5 12.8
5669.5 11.6
5670.5 15.6
5671.5 -4.2
5672.5 -14
5673.5 -2
5674.5 4.6
5675.5 7.8
5676.5 9
5677.5 -0.600001
5678.5 0.399999
5679.5 4.8
5680.5 -6
5681.5 4.6
5682.5 3.6
5683.5 -2.6
5684.5 -1.2
5685.5 1.2
5686.5 11
5687.5 10.2
5688.5 4.2
5689.5 -8.2
5690.5 8.6
5691.5 -5.4
5692.5 -5
5693.5 13
5694.5 6.8
5695.5 2.6
5696.5 6.6
5697.5 1.6
5698.5 -14.2
5699.5 -2
5700.5 -0.400001
5701.5 -7.15256e-07
5702.5 6.2
5703.5 8.2
5704.5 10.4
5705.5 10.6
5706.5 9.2
5707.5 -10
5708.5 14.4
5709.5 -12.8
5710.5 7
5711.5 -4.6
5712.5 5.8
5713.5 4.2
5714.5 15.6
5715.5 1.6
5716.5 -2.2
5717.5 5.4
5718.5 15.2
5719.5 8.2
5720.5 5.8
5721.5 -2
5722.5 -0.800001
5723.5 14.2
5724.5 -2.2
5725.5 11
5726.5 6
5727.5 -12
5728.5 -1.4
5729.5 -4.6
5730.5 -6.2
5731.5 -5.6
5732.5 -2
5733.5 5.6
5734.5 4.8
5735.5 2.8
5736.5 3.4
5737.5 3.6
5738.5 7.4
5739.5 6.6
5740.5 -6.2
5741.5 -3.2
5742.5 13.6
5743.5 -4.4
5744.5 -5
5745.5 2.8
5746.5 12.2
5747.5 -2.2
5748.5 12
5749.5 8.6
5750.5 11.2
5751.5 0.799999
5752.5 -15.6
5753.5 -0.600002
5754.5 23
5755.5 11.8
5756.5 20.8
5757.5 12.8
5758.5 8
5759.5 8.6
5760.5 -2.2
5761.5 -2.6
5762.5 4.2
5763.5 -7.15256e-07
5764.5 3
5765.5 5.6
5766.5 -4.2
5767.5 -0.200001
5768.5 7.6
5769.5 10.2
5770.5 10
5771.5 -8
5772.5 -2.2
5773.5 -7.2
5774.5 9.2
5775.5 -15.4
5776.5 2.4
5777.5 -1.2
5778.5 -1
5779.5 6.4
5780.5 1.8
5781.5 9.2
5782.5 9.4
5783.5 0.799999
5784.5 7.6
5785.5 -6.6
5786.5 3.2
5787.5 8.4
5788.5 -9
5789.5 -6.4
5790.5 8.6
5791.5 5.2
5792.5 3.8
5793.5 16.2
5794.5 3.8
5795.5 -7
5796.5 -2.4
5797.5 -1
5798.5 15.2
5799.5 -5.8
5800.5 11.6
5801.5 2.2
5802.5 5
5803.5 19
5804.5 11.2
5805.5 2
5806.5 -4.8
5807.5 13
5808.5 -7.15256e-07
5809.5 6.6
5810.5 9
5811.5 4.2
5812.5 -12.2
5813.5 0.399999
5814.5 -2.4
5815.5 4
5816.5 17
5817.5 3.2
5818.5 -6.8
5819.5 3.2
5820.5 -7
5821.5 -0.200001
5822.5 8.2
5823.5 9.2
5824.5 5.8
5825.5 0.399999
5826.5 -1.2
5827.5 -3.8
5828.5 7.6
5829.5 11.4
5830.5 2.8
5831.5 9.4
5832.5 8.8
5833.5 13.4
5834.5 6.6
5835.5 7.8
5836.5 -2.6
5837.5 -2
5838.5 16.2
5839.5 15
5840.5 0.999998
5841.5 21.4
5842.5 0.799998
5843.5 -6.6
5844.5 3.4
5845.5 8
5846.5 5.4
5847.5 -2.8
5848.5 -1.2
5849.5 13.6
5850.5 2.4
5851.5 6.2
5852.5 -2.2
5853.5 1.8
5854.5 5.4
5855.5 4.8
5856.5 -6
5857.5 -4.6
5858.5 1.8
5859.5 -7
5860.5 9.6
5861.5 -4
5862.5 4.2
5863.5 -2.4
5864.5 -10.6
5865.5 6
5866.5 6.8
5867.5 5.6
5868.5 -6.4
5869.5 4
5870.5 8.8
5871.5 15.8
5872.5 -2.2
5873.5 -4.76837e-07
5874.5 10.6
5875.5 5
5876.5 -1.2
5877.5 1.4
5878.5 7
5879.5 12
5880.5 -0.200001
5881.5 5.2
5882.5 4.2
5883.5 7.4
5884.5 3.8
5885.5 12.6
5886.5 3.4
5887.5 -1.6
5888.5 13.2
5889.5 9
5890.5 7.4
5891.5 11.6
5892.5 -12.2
5893.5 13.6
5894.5 -8.4
5895.5 16.8
5896.5 14
5897.5 -2.6
5898.5 16.8
5899.5 45.2
5900.5 -20.2
5901.5 -1.40001
5902.5 0.999995
5903.5 -11.8
5904.5 -2.6
5905.5 -6.6
5906.5 -3.8
5907.5 4.6
5908.5 -1.2
5909.5 -4.8
5910.5 -7
5911.5 -12
5912.5 7.8
5913.5 -2.6
5914.5 -1.2
5915.5 -2.6
5916.5 -5.4
5917.5 10.2
5918.5 8
5919.5 -5.4
5920.5 -7.2
5921.5 3
5922.5 3.8
5923.5 3.2
5924.5 2
5925.5 17.6
5926.5 5.6
5927.5 13.2
5928.5 18.8
5929.5 26.8
5930.5 19
5931.5 27.2
5932.5 25.4
5933.5 11.2
5934.5 11.6
5935.5 -6.6
5936.5 2.4
5937.5 9.6
5938.5 4.8
5939.5 7.2
5940.5 3.2
5941.5 13.4
5942.5 -0.600001
5943.5 -4.76837e-07
5944.5 -4.8
5945.5 3.4
5946.5 11.2
5947.5 0.199999
5948.5 2.4
5949.5 7.6
5950.5 -0.600001
5951.5 12.8
5952.5 -1.4
5953.5 5.2
5954.5 7.4
5955.5 6.2
5956.5 6.2
5957.5 2.6
5958.5 -7
5959.5 -1.4
5960.5 -10.6
5961.5 7.2
5962.5 -1
5963.5 -2.4
5964.5 -8
5965.5 11.4
5966.5 1.4
5967.5 1.8
5968.5 6
5969.5 -1.6
5970.5 -0.600001
5971.5 10.8
5972.5 3.8
5973.5 16.8
5974.5 3.2
5975.5 0.799999
5976.5 4.8
5977.5 6.8
5978.5 2
5979.5 6.2
5980.5 6
5981.5 -6.6
5982.5 -2.4
5983.5 2.2
5984.5 -4.8
5985.5 11.2
5986.5 7.2
5987.5 6
5988.5 -7.4
5989.5 -1.6
5990.5 12.8
5991.5 1.4
5992.5 2.8
5993.5 -2.8
5994.5 15.6
5995.5 -7
5996.5 -10.4
5997.5 1.8
5998.5 -19.2
5999.5 0.999996
6000.5 -19.6
6001.5 7.6
6002.5 11.8
6003.5 15.4
6004.5 -16.2
6005.5 13.4
6006.5 8.4
6007.5 -6.2
6008.5 0.799999
6009.5 0.599999
6010.5 -1.6
6011.5 -5.2
6012.5 11
6013.5 10.6
6014.5 4
6015.5 2.2
6016.5 -2.8
6017.5 -2.4
6018.5 0.399999
6019.5 4.2
6020.5 4.4
6021.5 -0.400001
6022.5 -6.6
6023.5 6
6024.5 3.4
6025.5 7.8
6026.5 3
6027.5 7.2
6028.5 0.799999
6029.5 12.2
6030.5 27.8
6031.5 22
6032.5 41.4
6033.5 60.8
6034.5 62.8
6035.5 80.2
6036.5 42.8
6037.5 41.2
6038.5 10.6
6039.5 10.2
6040.5 8
6041.5 13.6
6042.5 7.4
6043.5 -3
6044.5 9
6045.5 5.4
6046.5 8.6
6047.5 -3.2
6048.5 7.8
6049.5 8.4
6050.5 11.4
6051.5 9.2
6052.5 6.2
6053.5 4
6054.5 -2
6055.5 6.4
6056.5 7
6057.5 8.4
6058.5 3.8
6059.5 2.6
6060.5 -4.4
6061.5 7
6062.5 -3.4
6063.5 5.6
6064.5 -2.2
6065.5 -0.4
6066.5 6
6067.5 5.8
6068.5 5
6069.5 2.6
6070.5 5.2
6071.5 9.8
6072.5 -4
6073.5 -0.400001
6074.5 5.4
6075.5 2.2
6076.5 3.8
6077.5 10.2
6078.5 9.2
6079.5 12.2
6080.5 2.4
6081.5 4.8
6082.5 -0.4
6083.5 3.2
6084.5 4.6
6085.5 16
6086.5 4.8
6087.5 0.2
6088.5 2.2
6089.5 -1.8
6090.5 2.6
6091.5 8.6
6092.5 1
6093.5 9
6094.5 1.8
6095.5 -3.4
6096.5 8
6097.5 9.8
6098.5 0.999999
6099.5 -1.8
6100.5 6.6
6101.5 7.4
6102.5 8.2
6103.5 2.4
6104.5 -4.2
6105.5 -0.600001
6106.5 -2
6107.5 7.8
6108.5 8.6
6109.5 0.199999
6110.5 5.4
6111.5 6.8
6112.5 4
6113.5 7.6
6114.5 14.2
6115.5 -8
6116.5 9.2
6117.5 15
6118.5 -2.2
6119.5 13.4
6120.5 -5.6
6121.5 -3.2
6122.5 -37.2
6123.5 21.2
6124.5 -25.2
6125.5 7.79999
6126.5 -1.40001
6127.5 -1.6
6128.5 -9.8
6129.5 12.4
6130.5 4.8
6131.5 6.4
6132.5 12.6
6133.5 -4.76837e-07
6134.5 0.6
6135.5 10.6
6136.5 5.6
6137.5 -5.8
6138.5 4
6139.5 9
6140.5 -4
6141.5 -0.6
6142.5 7.4
6143.5 5.8
6144.5 -2.8
6145.5 -1.6
6146.5 -4.76837e-07
6147.5 -2
6148.5 2.6
6149.5 6.6
6150.5 5.6
6151.5 1.6
6152.5 3
6153.5 -4.2
6154.5 0.4
6155.5 -5.4
6156.5 2.8
6157.5 6.8
6158.5 14
6159.5 2.2
6160.5 -2.38419e-07
6161.5 8
6162.5 7.2
6163.5 2.4
6164.5 12.8
6165.5 6.6
6166.5 8.8
6167.5 4.6
6168.5 -8.8
6169.5 3.6
6170.5 -1
6171.5 -7
6172.5 3.4
6173.5 -5.4
6174.5 6
6175.5 8.8
6176.5 10.8
6177.5 -1
6178.5 7.2
6179.5 -8.4
6180.5 -1.8
6181.5 -8.4
6182.5 7.8
6183.5 -4.8
6184.5 6.6
6185.5 -1.4
6186.5 -2.8
6187.5 -3
6188.5 6
6189.5 -7
6190.5 13.8
6191.5 -4.4
6192.5 12.8
6193.5 3.4
6194.5 6
6195.5 -5.8
6196.5 -1.6
6197.5 0.4
6198.5 7.2
6199.5 5.8
6200.5 9.4
6201.5 -0.2
6202.5 3
6203.5 4.4
6204.5 6.8
6205.5 10.6
6206.5 4.6
6207.5 -3.8
6208.5 0.6
6209.5 2.8
6210.5 0.799999
6211.5 11
6212.5 7
6213.5 -1
6214.5 0.8
6215.5 7
6216.5 -1.8
6217.5 13.4
6218.5 -5.6
6219.5 3.6
6220.5 9.4
6221.5 5.4
6222.5 4.8
6223.5 2.2
6224.5 -10
6225.5 21
6226.5 9.4
6227.5 -3
6228.5 8.8
6229.5 3
6230.5 19.8
6231.5 8.8
6232.5 3.8
6233.5 2.8
6234.5 4.8
6235.5 -2.4
6236.5 3.4
6237.5 9.4
6238.5 3.6
6239.5 10.4
6240.5 5
6241.5 -4.8
6242.5 2.2
6243.5 7.6
6244.5 16.4
6245.5 6.2
6246.5 5.8
6247.5 5.4
6248.5 -6.2
6249.5 6
6250.5 4.6
6251.5 2.6
6252.5 7.2
6253.5 3.6
6254.5 10.4
6255.5 3.2
6256.5 2
6257.5 7.8
6258.5 8.4
6259.5 7.8
6260.5 -0.600001
6261.5 12.2
6262.5 1
6263.5 -5.6
6264.5 2.8
6265.5 5.2
6266.5 6.2
6267.5 3.4
6268.5 8
6269.5 7.4
6270.5 6.2
6271.5 7.4
6272.5 2.8
6273.5 13.8
6274.5 4.6
6275.5 6
6276.5 -0.8
6277.5 3.8
6278.5 12.6
6279.5 -1.8
6280.5 3.8
6281.5 15.8
6282.5 2.8
6283.5 -7
6284.5 -3.4
6285.5 7.4
6286.5 7
6287.5 8.2
6288.5 2.4
6289.5 12.2
6290.5 3
6291.5 -1.2
6292.5 6.8
6293.5 10.6
6294.5 4.4
6295.5 7.2
6296.5 -2.4
6297.5 -5.4
6298.5 0.4
6299.5 1.2
6300.5 4.4
6301.5 6
6302.5 -2.6
6303.5 10.6
6304.5 3
6305.5 -1.2
6306.5 3
6307.5 -0.8
6308.5 2.6
6309.5 4.6
6310.5 -2.38419e-07
6311.5 -5
6312.5 -2.4
6313.5 15.4
6314.5 5.4
6315.5 -1.2
6316.5 5
6317.5 3.4
6318.5 1.4
6319.5 9.2
6320.5 9.4
6321.5 -4.76837e-07
6322.5 4.8
6323.5 8.6
6324.5 -2.4
6325.5 1.4
6326.5 4.6
6327.5 4.4
6328.5 10
6329.5 4.8
6330.5 10
6331.5 4.8
6332.5 4.8
6333.5 5
6334.5 -5
6335.5 10.8
6336.5 4.8
6337.5 -8.8
6338.5 6.4
6339.5 7.4
6340.5 8.6
6341.5 0.8
6342.5 -0.8
6343.5 12.4
6344.5 7.2
6345.5 4.2
6346.5 3.2
6347.5 7.6
6348.5 6.6
6349.5 -2
6350.5 -0.400001
6351.5 6.2
6352.5 10.8
6353.5 -2.6
6354.5 11.8
6355.5 4.8
6356.5 4
6357.5 8.4
6358.5 2
6359.5 0.6
6360.5 2.8
6361.5 -2.2
6362.5 -0.6
6363.5 2.6
6364.5 6.2
6365.5 6.6
6366.5 8.6
6367.5 1.4
6368.5 5.4
6369.5 0.8
6370.5 2.4
6371.5 5.2
6372.5 -0.2
6373.5 1.4
6374.5 -3.8
6375.5 1.6
6376.5 1.2
6377.5 -1.4
6378.5 2.2
6379.5 6.2
6380.5 7.4
6381.5 -2.6
6382.5 7.2
6383.5 -3.6
6384.5 -5.2
6385.5 4.6
6386.5 -1
6387.5 0.8
6388.5 1
6389.5 3
6390.5 -0.2
6391.5 3
6392.5 2
6393.5 -2.6
6394.5 -0.8
6395.5 -0.4
6396.5 3.4
6397.5 8.2
6398.5 7
6399.5 -0.8
6400.5 0.4
6401.5 -7.6
6402.5 -2.2
6403.5 1.8
6404.5 -1.2
6405.5 9.6
6406.5 5
6407.5 -1
6408.5 3.4
6409.5 2.2
6410.5 1.6
6411.5 7.8
6412.5 -1.2
6413.5 3.8
6414.5 5.6
6415.5 -0.4
6416.5 -5.2
6417.5 -3.6
6418.5 1
6419.5 -3
6420.5 5.8
6421.5 -3.2
6422.5 3.4
6423.5 9
6424.5 -0.800001
6425.5 3.4
6426.5 8.8
6427.5 1.2
6428.5 2.6
6429.5 -1.4
6430.5 0.6
6431.5 -1.6
6432.5 4
6433.5 2.6
6434.5 11.4
6435.5 8.2
6436.5 0.6
6437.5 26.2
6438.5 31.8
6439.5 30.8
6440.5 45.6
6441.5 45.2
6442.5 66.6
6443.5 46.2
6444.5 41.4
6445.5 22.4
6446.5 2
6447.5 3.8
6448.5 -3.4
6449.5 1.6
6450.5 4.4
6451.5 1
6452.5 -3.6
6453.5 3.4
6454.5 -2.4
6455.5 -1.2
6456.5 -4.4
6457.5 -2.2
6458.5 -4.2
6459.5 3.2
6460.5 -0.2
6461.5 -2.38419e-07
6462.5 -0.2
6463.5 5.4
6464.5 1.2
6465.5 -3.4
6466.5 -7.4
6467.5 3
6468.5 1.6
6469.5 -2.38419e-07
6470.5 0.8
6471.5 5.4
6472.5 4.8
6473.5 2.4
6474.5 -9.2
6475.5 1.6
6476.5 7.4
6477.5 -5.4
6478.5 -3.4
6479.5 -11.8
6480.5 5.6
6481.5 -24.8
6482.5 -7.8
6483.5 -1.4
6484.5 7.2
6485.5 0.6
6486.5 2
6487.5 7
6488.5 2.2
6489.5 2.2
6490.5 -2
6491.5 0.2
6492.5 -1
6493.5 0.4
6494.5 1.8
6495.5 4.8
6496.5 -2.38419e-07
6497.5 -0.8
6498.5 -2
6499.5 -4.6
6500.5 -3
6501.5 1.4
6502.5 4.4
6503.5 2.4
6504.5 1.6
6505.5 -4.4
6506.5 -4.2
6507.5 -5.2
6508.5 -1.4
6509.5 -2.2
6510.5 0.4
6511.5 0.4
6512.5 -1.8
6513.5 8.8
6514.5 2.4
6515.5 -1.8
6516.5 -1.2
6517.5 2.4
6518.5 0.8
6519.5 -2.8
6520.5 2
6521.5 -3.8
6522.5 7.8
6523.5 -2
6524.5 0.2
6525.5 -2.38419e-07
6526.5 1.4
6527.5 -3.4
6528.5 2.4
6529.5 8
6530.5 0.2
6531.5 -1.8
6532.5 -2.38419e-07
6533.5 -4.2
6534.5 9.4
6535.5 -2.4
6536.5 -5
6537.5 8.6
6538.5 4.8
6539.5 19
6540.5 29
6541.5 30.8
6542.5 43
6543.5 69.8
6544.5 93.4
6545.5 106.4
6546.5 115.4
6547.5 103.2
6548.5 74.8
6549.5 37.6
6550.5 28.6
6551.5 9.6
6552.5 10.4
6553.5 1.4
6554.5 7.8
6555.5 2.4
6556.5 3.4
6557.5 -1.8
6558.5 4.2
6559.5 7.8
6560.5 0.8
6561.5 2.6
6562.5 -4.2
6563.5 0.2
6564.5 1.2
6565.5 -1.8
6566.5 -0.8
6567.5 0.4
6568.5 -1.6
6569.5 -3
6570.5 6.6
6571.5 -1.2
6572.5 2.4
6573.5 -0.8
6574.5 -0.6
6575.5 1.4
6576.5 1.4
6577.5 3.6
6578.5 -5.2
6579.5 1.8
6580.5 1.6
6581.5 -3.2
6582.5 5.8
6583.5 8
6584.5 0.6
6585.5 -0.6
6586.5 0.4
6587.5 -2.4
6588.5 4.4
6589.5 -0.8
6590.5 -3.2
6591.5 0.6
6592.5 0.4
6593.5 1.2
6594.5 -3
6595.5 -0.4
6596.5 -3.6
6597.5 3.6
6598.5 0.2
6599.5 1.4
6600.5 -2
6601.5 -1.2
6602.5 -4.2
6603.5 -1.6
6604.5 -1
6605.5 0.6
6606.5 -5.2
6607.5 2.2
6608.5 0.4
6609.5 -0.6
6610.5 4.6
6611.5 1.4
6612.5 2.6
6613.5 -2.8
6614.5 2.4
6615.5 3.8
6616.5 -1.8
6617.5 1.4
6618.5 -4.4
6619.5 -2.2
6620.5 4.6
6621.5 9.6
6622.5 2.4
6623.5 0.6
6624.5 0.8
6625.5 -5
6626.5 -2.2
6627.5 -2.8
6628.5 -0.6
6629.5 6
6630.5 -0.6
6631.5 -6.6
6632.5 -1.6
6633.5 5
6634.5 3.4
6635.5 1.6
6636.5 3.8
6637.5 0.8
6638.5 1.8
6639.5 -4.2
6640.5 4.6
6641.5 -3.2
6642.5 -3
6643.5 -2.38419e-07
6644.5 4.4
6645.5 -2.38419e-07
6646.5 0.2
6647.5 1.2
6648.5 3
6649.5 7
6650.5 5
6651.5 8.4
6652.5 1.8
6653.5 -1.6
6654.5 3.4
6655.5 -3.6
6656.5 -2
6657.5 -6.4
6658.5 -2.6
6659.5 0.6
6660.5 0.6
6661.5 -0.6
6662.5 -2.38419e-07
6663.5 -2.6
6664.5 1
6665.5 3.4
6666.5 1.4
6667.5 -3.8
6668.5 -0.6
6669.5 -3.8
6670.5 4
6671.5 -0.2
6672.5 1.4
6673.5 -4
6674.5 -3.8
6675.5 -0.8
6676.5 -2.2
6677.5 2.6
6678.5 3.6
6679.5 -3.6
6680.5 -2
6681.5 -1.8
6682.5 -3
6683.5 -0.6
6684.5 -6.4
6685.5 2
6686.5 7
6687.5 -0.4
6688.5 1.4
6689.5 1.2
6690.5 0.2
6691.5 -3
6692.5 -6.2
6693.5 1
6694.5 -3.2
6695.5 0.8
6696.5 1
6697.5 -0.8
6698.5 2.2
6699.5 2.8
6700.5 -1.6
6701.5 2.8
6702.5 2.8
6703.5 5.6
6704.5 0.6
6705.5 -4
6706.5 0.2
6707.5 4.8
6708.5 1.6
6709.5 0.2
6710.5 -3.8
6711.5 -8.6
6712.5 -0.8
6713.5 2.8
6714.5 1.8
6715.5 1.4
6716.5 -0.2
6717.5 3.2
6718.5 0.2
6719.5 0.4
6720.5 1
6721.5 2.8
6722.5 1.6
6723.5 -0.6
6724.5 0.2
6725.5 -3.8
6726.5 3.4
6727.5 -2.38419e-07
6728.5 1.2
6729.5 -1.6
6730.5 -3.8
6731.5 -2.2
6732.5 -0.4
6733.5 -1
6734.5 2.4
6735.5 0.4
6736.5 -2
6737.5 2.6
6738.5 0.4
6739.5 1.6
6740.5 -1.8
6741.5 -0.8
6742.5 0.4
6743.5 -5
6744.5 0.4
6745.5 -1.6
6746.5 -2.38419e-07
6747.5 -7.4
6748.5 3.8
6749.5 -0.2
6750.5 2.2
6751.5 5.2
6752.5 -3
6753.5 2.4
6754.5 -2.8
6755.5 1.6
6756.5 -1.6
6757.5 -0.4
6758.5 -5
6759.5 -2.8
6760.5 0.6
6761.5 1.8
6762.5 -0.2
6763.5 2.8
6764.5 -3.4
6765.5 0.6
6766.5 4.4
6767.5 1.4
6768.5 -1
6769.5 -2.6
6770.5 1.8
6771.5 -2
6772.5 -3.4
6773.5 2.8
6774.5 -3.8
6775.5 5.6
6776.5 2.6
6777.5 3.8
6778.5 -4
6779.5 0.6
6780.5 1.6
6781.5 4
6782.5 0.6
6783.5 3.4
6784.5 3.4
6785.5 -3
6786.5 -0.8
6787.5 -4.2
6788.5 2.8
6789.5 -3.6
6790.5 -1.4
6791.5 1.6
6792.5 -2.2
6793.5 6.8
6794.5 -2.8
6795.5 2.4
6796.5 0.4
6797.5 2.8
6798.5 3.4
6799.5 3.8
6800.5 -2
6801.5 -1.4
6802.5 3.8
6803.5 3.8
6804.5 -3.6
6805.5 -2.4
6806.5 5.8
6807.5 1.6
6808.5 -1.6
6809.5 4.8
6810.5 2.4
6811.5 0.4
6812.5 2.6
6813.5 -5.6
6814.5 1.8
6815.5 -2
6816.5 -1.4
6817.5 3
6818.5 -5
6819.5 -2.6
6820.5 -2.2
6821.5 0.4
6822.5 -0.4
6823.5 0.6
6824.5 -4
6825.5 1.6
6826.5 0.6
6827.5 1.8
6828.5 0.2
6829.5 3.6
6830.5 3
6831.5 -0.4
6832.5 -0.2
6833.5 4.6
6834.5 0.4
6835.5 3.8
6836.5 7.8
6837.5 -2.38419e-07
6838.5 3
6839.5 -0.4
6840.5 8.6
6841.5 -8.6
6842.5 -6
6843.5 -1.6
6844.5 0.199999
6845.5 -1
6846.5 -2.6
6847.5 6.8
6848.5 1.2
6849.5 2
6850.5 2.8
6851.5 1.8
6852.5 0.4
6853.5 -2.8
6854.5 1
6855.5 -2.6
6856.5 1.4
6857.5 4
6858.5 1.8
6859.5 2
6860.5 1
6861.5 -3.8
6862.5 -3.8
6863.5 2.6
6864.5 -0.4
6865.5 -0.6
6866.5 -3.2
6867.5 -0.6
6868.5 2
6869.5 -0.6
6870.5 -0.6
6871.5 0.8
6872.5 0.2
6873.5 2.6
6874.5 1.6
6875.5 -1.8
6876.5 -1.2
6877.5 -0.2
6878.5 0.6
6879.5 -1.8
6880.5 -1.6
6881.5 -1.4
6882.5 -5.2
6883.5 -0.6
6884.5 -1.6
6885.5 0.2
6886.5 -0.4
6887.5 -3.4
6888.5 -1.6
6889.5 -2.6
6890.5 0.8
6891.5 0.4
6892.5 -1.4
6893.5 -1.6
6894.5 2
6895.5 -0.6
6896.5 0.8
6897.5 -5.2
6898.5 8.6
6899.5 1.2
6900.5 -0.4
6901.5 -0.8
6902.5 1
6903.5 -2.38419e-07
6904.5 -1.4
6905.5 -2.8
6906.5 -6.6
6907.5 -3
6908.5 -2
6909.5 0.2
6910.5 -1.4
6911.5 2
6912.5 3
6913.5 -1.6
6914.5 -2.4
6915.5 1.8
6916.5 1.8
6917.5 0.6
6918.5 -1.4
6919.5 2.6
6920.5 -0.4
6921.5 -0.8
6922.5 4.8
6923.5 2.8
6924.5 -2.8
6925.5 -1.6
6926.5 -2.8
6927.5 4.4
6928.5 1.8
6929.5 4
6930.5 2.2
6931.5 -4.4
6932.5 -7.2
6933.5 -3
6934.5 3.6
6935.5 9
6936.5 9.8
6937.5 -9.2
6938.5 -4.6
6939.5 -1
6940.5 -2.38419e-07
6941.5 -2
6942.5 2.4
6943.5 2.6
6944.5 0.6
6945.5 1.6
6946.5 2.8
6947.5 0.8
6948.5 0
6949.5 0.6
6950.5 -0.4
6951.5 -3.8
6952.5 -0.6
6953.5 -0.2
6954.5 -2.4
6955.5 -4.8
6956.5 -2.6
6957.5 -4
6958.5 -2.6
6959.5 -0.2
6960.5 -0.6
6961.5 -1.6
6962.5 -0.2
6963.5 -2.6
6964.5 0.8
6965.5 3.8
6966.5 -1.8
6967.5 0.8
6968.5 -1.8
6969.5 -2.6
6970.5 1.2
6971.5 4
6972.5 -2
6973.5 -0.6
6974.5 -2.8
6975.5 -0.4
6976.5 0.2
6977.5 -1.8
6978.5 1.8
6979.5 -3.2
6980.5 1.6
6981.5 0.4
6982.5 2.8
6983.5 0.6
6984.5 -3.6
6985.5 -0.2
6986.5 0.8
6987.5 -3
6988.5 1
6989.5 0.6
6990.5 -2.8
6991.5 0.6
6992.5 -1.6
6993.5 -1.6
6994.5 -0.2
6995.5 -2.4
6996.5 1
6997.5 1.8
6998.5 3
6999.5 -2.8
7000.5 -1.6
7001.5 2
7002.5 -0.8
7003.5 -1.4
7004.5 -0.2
7005.5 -2.8
7006.5 3
7007.5 2
7008.5 0.6
7009.5 -1.4
7010.5 1
7011.5 -0.4
7012.5 4
7013.5 -1.6
7014.5 -0.4
7015.5 -2.4
7016.5 -3.6
7017.5 0.8
7018.5 2.8
7019.5 -1.2
7020.5 -0.4
7021.5 -1.8
7022.5 0.8
7023.5 3
7024.5 0.4
7025.5 1.8
7026.5 -1.4
7027.5 1.8
7028.5 0.8
7029.5 4.6
7030.5 1.8
7031.5 -2.4
7032.5 2.8
7033.5 3.8
7034.5 -1.6
7035.5 -2.8
7036.5 -1.2
7037.5 1.8
7038.5 -0.2
7039.5 -2.4
7040.5 -1.4
7041.5 -0.2
7042.5 1.8
7043.5 -4.8
7044.5 0.8
7045.5 1.8
7046.5 2
7047.5 0.4
7048.5 2.8
7049.5 0.6
7050.5 3.8
7051.5 3.6
7052.5 -1.6
7053.5 4.8
7054.5 1.6
7055.5 -2.6
7056.5 7.8
7057.5 6.6
7058.5 4.8
7059.5 4
7060.5 5
7061.5 3.6
7062.5 4.8
7063.5 2.8
7064.5 -2.6
7065.5 -1.2
7066.5 0.8
7067.5 2
7068.5 0.6
7069.5 -2.4
7070.5 0
7071.5 2
7072.5 1.8
7073.5 3.4
7074.5 -3.8
7075.5 -0.4
7076.5 -0.4
7077.5 1
7078.5 2.4
7079.5 -0.6
7080.5 0.2
7081.5 2.4
7082.5 1.6
7083.5 1.6
7084.5 -1.6
7085.5 -0.6
7086.5 2
7087.5 -2.8
7088.5 1.8
7089.5 0.8
7090.5 -0.2
7091.5 1.6
7092.5 -1.4
7093.5 -3.8
7094.5 3.6
7095.5 0.4
7096.5 4
7097.5 2.6
7098.5 1.8
7099.5 -0.2
7100.5 -0.4
7101.5 2.8
7102.5 0.6
7103.5 -1.4
7104.5 1.8
7105.5 3
7106.5 -1.4
7107.5 -2.8
7108.5 -1.4
7109.5 -1.6
7110.5 -2.6
7111.5 -0.4
7112.5 1
7113.5 -1.4
7114.5 2.8
7115.5 1.8
7116.5 -2.8
7117.5 2.8
7118.5 -1.6
7119.5 0.8
7120.5 0.8
7121.5 1.6
7122.5 0
7123.5 -1.6
7124.5 -4
7125.5 2.8
7126.5 -2.4
7127.5 -1.2
7128.5 0.6
7129.5 -3.8
7130.5 -0.4
7131.5 2.8
7132.5 0.8
7133.5 -0.6
7134.5 -1.2
7135.5 1.8
7136.5 2
7137.5 -1.6
7138.5 -2.4
7139.5 3
7140.5 0.4
7141.5 -0.6
7142.5 -4.8
7143.5 1.6
7144.5 -0.2
7145.5 0.8
7146.5 1.6
7147.5 -0.4
7148.5 3.8
7149.5 -4
7150.5 -1.8
7151.5 -2.4
7152.5 -0.2
7153.5 -1.4
7154.5 0.8
7155.5 2
7156.5 -2.6
7157.5 -1.4
7158.5 6
7159.5 0.8
7160.5 -0.4
7161.5 0.6
7162.5 -0.8
7163.5 5
7164.5 -2.8
7165.5 -0.4
7166.5 3.8
7167.5 -1.8
7168.5 -2.6
7169.5 -0.4
7170.5 -0.6
7171.5 3
7172.5 -1.2
7173.5 -1.4
7174.5 -0.2
7175.5 -1.6
7176.5 -3.6
7177.5 -0.4
7178.5 -0.6
7179.5 1
7180.5 1
7181.5 2.8
7182.5 3
7183.5 -1.2
7184.5 -1.4
7185.5 1.8
7186.5 -1.4
7187.5 -2.4
7188.5 0.8
7189.5 -0.2
7190.5 0.8
7191.5 2.6
7192.5 2
7193.5 2
7194.5 -2.4
7195.5 -0.4
7196.5 1.6
7197.5 -2.4
7198.5 0.8
7199.5 5
7200.5 2.8
7201.5 -2.8
7202.5 -0.4
7203.5 -0.6
7204.5 0.4
7205.5 2
7206.5 -1.2
7207.5 4
7208.5 3.8
7209.5 4
7210.5 5
7211.5 -2.4
7212.5 -1.4
7213.5 1.6
7214.5 1.4
7215.5 5
7216.5 1
7217.5 -0.2
7218.5 -0.2
7219.5 1.8
7220.5 2
7221.5 -1.8
7222.5 2.8
7223.5 -0.2
7224.5 2.8
7225.5 2.6
7226.5 0.6
7227.5 -2.4
7228.5 2
7229.5 -0.4
7230.5 0.8
7231.5 -1.4
7232.5 -0.2
7233.5 -0.2
7234.5 -1.4
7235.5 -1.2
7236.5 1
7237.5 1
7238.5 0
7239.5 -0.4
7240.5 2
7241.5 0.8
7242.5 2
7243.5 -1.2
7244.5 0
7245.5 -0.2
7246.5 -0.4
7247.5 2.8
7248.5 4
7249.5 0.6
7250.5 5
7251.5 -1.2
7252.5 -1.6
7253.5 -1.4
7254.5 -1.4
7255.5 0.8
7256.5 -0.2
7257.5 -1.4
7258.5 2
7259.5 -0.2
7260.5 0.6
7261.5 -0.6
7262.5 -0.2
7263.5 1.6
7264.5 0.8
7265.5 -2.4
7266.5 -2.4
7267.5 -0.2
7268.5 2
7269.5 -0.2
7270.5 -1.4
7271.5 -1.4
7272.5 -1.4
7273.5 -2.6
7274.5 3
7275.5 -1.6
7276.5 -0.6
7277.5 -1.4
7278.5 -1.4
7279.5 0.8
7280.5 -0.4
7281.5 0.8
7282.5 2
7283.5 0
7284.5 -0.2
7285.5 -2.4
7286.5 -1.2
7287.5 0.8
7288.5 -1.2
7289.5 2
7290.5 0.6
7291.5 -2.4
7292.5 -2.6
7293.5 1
7294.5 0
7295.5 3
7296.5 1
7297.5 2
7298.5 2
7299.5 1.8
7300.5 -0.2
7301.5 1
7302.5 1
7303.5 -3.6
7304.5 -1.2
7305.5 0.8
7306.5 0.8
7307.5 -1.2
7308.5 5.8
7309.5 2.8
7310.5 -0.8
7311.5 -0.2
7312.5 -0.8
7313.5 -1.2
7314.5 -2.4
7315.5 0.6
7316.5 -1.6
7317.5 -1.8
7318.5 -7.2
7319.5 -3.6
7320.5 1.6
7321.5 1.8
7322.5 4
7323.5 -1.2
7324.5 -2.4
7325.5 2.8
7326.5 2
7327.5 -3.6
7328.5 0
7329.5 0.8
7330.5 6
7331.5 -0.2
7332.5 1.8
7333.5 1.6
7334.5 0.6
7335.5 -1.2
7336.5 -2.6
7337.5 1.6
7338.5 0
7339.5 -1.4
7340.5 -0.4
7341.5 2
7342.5 -0.4
7343.5 -2.4
7344.5 -2.6
7345.5 -0.6
7346.5 0.2
7347.5 1.2
7348.5 -6.6
7349.5 0.8
7350.5 -4.6
7351.5 5.4
7352.5 12.4
7353.5 -4.2
7354.5 -2.6
7355.5 8.2
7356.5 6
7357.5 2.2
7358.5 2
7359.5 -1.6
7360.5 -0.6
7361.5 -2.4
7362.5 -1.4
7363.5 4.8
7364.5 2
7365.5 0.8
7366.5 -1.4
7367.5 -1.2
7368.5 1
7369.5 -1.2
7370.5 -0.6
7371.5 -0.2
7372.5 0.8
7373.5 -1.2
7374.5 -0.4
7375.5 0
7376.5 0.8
7377.5 3
7378.5 2
7379.5 -1.2
7380.5 1
7381.5 1
7382.5 1
7383.5 0.8
7384.5 -0.4
7385.5 -1.2
7386.5 0
7387.5 0
7388.5 1
7389.5 2
7390.5 0
7391.5 2
7392.5 -1.2
7393.5 -0.2
7394.5 1
7395.5 -0.2
7396.5 -0.2
7397.5 -3.6
7398.5 0.8
7399.5 -1.2
7400.5 2
7401.5 0.8
7402.5 1
7403.5 2
7404.5 0
7405.5 1
7406.5 1
7407.5 0
7408.5 -0.2
7409.5 0.8
7410.5 1
7411.5 1
7412.5 -0.6
7413.5 7
7414.5 -1.4
7415.5 3
7416.5 0.4
7417.5 1.4
7418.5 -2.6
7419.5 -0.2
7420.5 -0.2
7421.5 -0.2
7422.5 -1.2
7423.5 -1.2
7424.5 0
7425.5 -1.4
7426.5 1
7427.5 1
7428.5 1
7429.5 0.6
7430.5 1.8
7431.5 -1.2
7432.5 0
7433.5 -2.4
7434.5 0.6
7435.5 -1.4
7436.5 0
7437.5 0
7438.5 1
7439.5 2
7440.5 1
7441.5 -0.2
7442.5 0
7443.5 0.8
7444.5 0
7445.5 -0.2
7446.5 0.8
7447.5 0
7448.5 1
7449.5 0.4
7450.5 1
7451.5 0.8
7452.5 0.6
7453.5 0.4
7454.5 -1.8
7455.5 1.6
7456.5 1.8
7457.5 2
7458.5 1
7459.5 1
7460.5 0
7461.5 0
7462.5 1
7463.5 1
7464.5 -3.6
7465.5 -1.4
7466.5 -2.4
7467.5 -1.4
7468.5 0
7469.5 -1.4
7470.5 1
7471.5 0
7472.5 0.8
7473.5 -1.2
7474.5 0
7475.5 -1.4
7476.5 0
7477.5 -1.2
7478.5 1
7479.5 0.8
7480.5 0
7481.5 1
7482.5 1
7483.5 2
7484.5 0
7485.5 -1.2
7486.5 -1.2
7487.5 -0.2
7488.5 0.8
7489.5 1
7490.5 -0.2
7491.5 -1.2
7492.5 2
7493.5 0
7494.5 0
7495.5 -2.4
7496.5 1
7497.5 3
7498.5 1
7499.5 1
7500.5 1
7501.5 1
7502.5 -2.4
7503.5 -2.4
7504.5 0
7505.5 -0.4
7506.5 -1.4
7507.5 2
7508.5 1
7509.5 -0.2
7510.5 -0.4
7511.5 1
7512.5 -1.2
7513.5 0
7514.5 1
7515.5 1
7516.5 -1.4
7517.5 -0.2
7518.5 -0.2
7519.5 -1.2
7520.5 1
7521.5 1
7522.5 -1.2
7523.5 0
7524.5 1
7525.5 0
7526.5 1
7527.5 2
7528.5 -1.2
7529.5 -1.4
7530.5 0
7531.5 1
7532.5 -1.2
7533.5 1
7534.5 1
7535.5 0
7536.5 0
7537.5 0
7538.5 -3.8
7539.5 2
7540.5 0
7541.5 -2.4
7542.5 -2.8
7543.5 0.8
7544.5 -1.2
7545.5 0
7546.5 -1.4
7547.5 1
7548.5 0.8
7549.5 0
7550.5 -0.2
7551.5 -3.6
7552.5 0
7553.5 1
7554.5 1
7555.5 -0.2
7556.5 2
7557.5 1
7558.5 -0.2
7559.5 0
7560.5 1
7561.5 1
7562.5 1.8
7563.5 2
7564.5 4
7565.5 6.8
7566.5 1.8
7567.5 4
7568.5 6
7569.5 -0.4
7570.5 2
7571.5 6
7572.5 0.8
7573.5 -1.4
7574.5 -0.2
7575.5 -1.4
7576.5 3
7577.5 -0.2
7578.5 -1.2
7579.5 0
7580.5 -3.6
7581.5 1
7582.5 -1.2
7583.5 -1.4
7584.5 1
7585.5 -0.2
7586.5 -1.2
7587.5 0
7588.5 -1.2
7589.5 0
7590.5 1
7591.5 -1.4
7592.5 3
7593.5 -2.4
7594.5 1
7595.5 0
7596.5 0
7597.5 0.8
7598.5 1
7599.5 -0.2
7600.5 2
7601.5 -4.8
7602.5 2
7603.5 -6
7604.5 3
7605.5 0
7606.5 0
7607.5 0
7608.5 1
7609.5 -0.2
7610.5 -1.2
7611.5 -1.2
7612.5 0
7613.5 1
7614.5 -0.2
7615.5 1
7616.5 0.8
7617.5 -1.4
7618.5 1
7619.5 -0.2
7620.5 3
7621.5 -1.2
7622.5 0
7623.5 -1.4
7624.5 1
7625.5 0
7626.5 0
7627.5 -0.2
7628.5 -1.2
7629.5 -0.2
7630.5 -1.2
7631.5 0
7632.5 0
7633.5 1
7634.5 1
7635.5 -1.4
7636.5 1
7637.5 0
7638.5 0
7639.5 2
7640.5 1
7641.5 0
7642.5 0
7643.5 -1.2
7644.5 -0.4
7645.5 -0.2
7646.5 0
7647.5 2
7648.5 -1.2
7649.5 0
7650.5 1
7651.5 -1.2
7652.5 -1.2
7653.5 1
7654.5 -1.2
7655.5 0
7656.5 1
7657.5 -1.2
7658.5 1
7659.5 2
7660.5 -0.2
7661.5 1
7662.5 0
7663.5 0
7664.5 1
7665.5 1
7666.5 2
7667.5 -1.2
7668.5 -1.2
7669.5 0
7670.5 1
7671.5 1
7672.5 -1.2
7673.5 0
7674.5 1
7675.5 0.8
7676.5 0
7677.5 1
7678.5 1
7679.5 -1.2
7680.5 0
7681.5 0
7682.5 1
7683.5 0
7684.5 -0.2
7685.5 -0.2
7686.5 0
7687.5 0
7688.5 1
7689.5 -1.2
7690.5 0
7691.5 -0.2
7692.5 0
7693.5 -1.2
7694.5 0
7695.5 0
7696.5 0
7697.5 0.8
7698.5 2
7699.5 -2.4
7700.5 2
7701.5 -1.2
7702.5 1
7703.5 1
7704.5 1
7705.5 0
7706.5 -0.2
7707.5 2
7708.5 0
7709.5 0
7710.5 1
7711.5 0
7712.5 1
7713.5 -2.4
7714.5 1
7715.5 0
7716.5 -1.2
7717.5 -1.2
7718.5 -1.2
7719.5 0
7720.5 0
7721.5 1
7722.5 2
7723.5 0
7724.5 2
7725.5 -1.2
7726.5 1
7727.5 1
7728.5 0
7729.5 -1.2
7730.5 2.8
7731.5 1
7732.5 1
7733.5 1
7734.5 2
7735.5 0
7736.5 0
7737.5 1
7738.5 0
7739.5 -1.2
7740.5 -1.2
7741.5 -1.2
7742.5 -0.2
7743.5 0
7744.5 1
7745.5 -1.2
7746.5 -1.2
7747.5 0
7748.5 0
7749.5 -1.2
7750.5 3
7751.5 0
7752.5 0
7753.5 1
7754.5 0
7755.5 -0.2
7756.5 0
7757.5 1
7758.5 0
7759.5 1
7760.5 0
7761.5 -1.4
7762.5 0
7763.5 0
7764.5 0
7765.5 0
7766.5 -0.2
7767.5 -1.2
7768.5 -1.4
7769.5 -2.6
7770.5 -1.2
7771.5 -0.4
7772.5 -0.2
7773.5 -6
7774.5 3
7775.5 -1.4
7776.5 0
7777.5 1
7778.5 2
7779.5 0
7780.5 0
7781.5 -2.4
7782.5 -1.2
7783.5 0
7784.5 0.8
7785.5 2
7786.5 -1.2
7787.5 -1.2
7788.5 2
7789.5 1.8
7790.5 2
7791.5 1
7792.5 0
7793.5 -1.2
7794.5 0
7795.5 1
7796.5 0
7797.5 -1.2
7798.5 3
7799.5 0
7800.5 0.8
7801.5 -1.2
7802.5 0
7803.5 1
7804.5 -1.2
7805.5 0
7806.5 1
7807.5 1
7808.5 0
7809.5 0
7810.5 0
7811.5 0
7812.5 0
7813.5 0
7814.5 -1.2
7815.5 0
7816.5 0
7817.5 -2.4
7818.5 0
7819.5 1
7820.5 0
7821.5 -1.4
7822.5 -2.6
7823.5 -1.6
7824.5 -0.2
7825.5 0.6
7826.5 -3.8
7827.5 -4
7828.5 0.6
7829.5 8
7830.5 -3
7831.5 -2.6
7832.5 3
7833.5 -1.2
7834.5 0
7835.5 0
7836.5 3
7837.5 2
7838.5 -1.2
7839.5 1
7840.5 0
7841.5 0
7842.5 0
7843.5 0
7844.5 0
7845.5 0
7846.5 0
7847.5 1
7848.5 0
7849.5 0
7850.5 0
7851.5 0
7852.5 0
7853.5 0
7854.5 -0.2
7855.5 0
7856.5 2
7857.5 0
7858.5 0
7859.5 0
7860.5 0
7861.5 -0.2
7862.5 -1.2
7863.5 1
7864.5 1
7865.5 2
7866.5 0
7867.5 0
7868.5 0
7869.5 1
7870.5 0
7871.5 0
7872.5 0
7873.5 2
7874.5 0
7875.5 0
7876.5 0
7877.5 0
7878.5 -1.2
7879.5 0
7880.5 0
7881.5 0
7882.5 -1.2
7883.5 1
7884.5 0
7885.5 0
7886.5 -0.2
7887.5 1
7888.5 0
7889.5 1
7890.5 0
7891.5 1
7892.5 0
7893.5 -0.2
7894.5 0
7895.5 0
7896.5 0
7897.5 -0.2
7898.5 0
7899.5 -1.2
7900.5 0
7901.5 -1.2
7902.5 -1.2
7903.5 1
7904.5 0
7905.5 -1.2
7906.5 1
7907.5 1
7908.5 -1.2
7909.5 1
7910.5 0
7911.5 0
7912.5 -0.2
7913.5 1
7914.5 0
7915.5 -1.2
7916.5 2
7917.5 0.8
7918.5 0
7919.5 0
7920.5 1
7921.5 -1.2
7922.5 0
7923.5 0
7924.5 0
7925.5 1
7926.5 0
7927.5 0
7928.5 0
7929.5 0
7930.5 2
7931.5 -1.2
7932.5 -1.2
7933.5 -1.2
7934.5 0
7935.5 0
7936.5 0
7937.5 1
7938.5 1
7939.5 0
7940.5 0
7941.5 0
7942.5 0
7943.5 -1.2
7944.5 0
7945.5 -1.2
7946.5 1
7947.5 0
7948.5 -2.4
7949.5 1
7950.5 1
7951.5 1
7952.5 0
7953.5 0
7954.5 1
7955.5 0
7956.5 1
7957.5 0
7958.5 1
7959.5 0
7960.5 0.8
7961.5 1
7962.5 1
7963.5 0
7964.5 0
7965.5 0
7966.5 0
7967.5 0
7968.5 0
7969.5 0
7970.5 0
7971.5 0
7972.5 0
7973.5 -1.2
7974.5 0
7975.5 1
7976.5 2
7977.5 1
7978.5 0
7979.5 0
7980.5 0
7981.5 0
7982.5 -0.2
7983.5 0
7984.5 0
7985.5 0.8
7986.5 0
7987.5 0
7988.5 0
7989.5 0
7990.5 0
7991.5 0
7992.5 0
7993.5 0
7994.5 -1.4
7995.5 0
7996.5 0
7997.5 -1.2
7998.5 0
7999.5 -1.2
8000.5 -1.2
8001.5 0
8002.5 0
8003.5 -1.2
8004.5 -1.4
8005.5 -0.2
8006.5 1
8007.5 1
8008.5 0
8009.5 -0.2
8010.5 0
8011.5 1
8012.5 0
8013.5 0
8014.5 -1.2
8015.5 0
8016.5 1
8017.5 0
8018.5 0
8019.5 1
8020.5 -1.2
8021.5 1
8022.5 1
8023.5 0
8024.5 1
8025.5 0
8026.5 2
8027.5 1
8028.5 0
8029.5 0
8030.5 1
8031.5 -1.4
8032.5 1
8033.5 0
8034.5 0
8035.5 -1.2
8036.5 0
8037.5 0
8038.5 2
8039.5 0
8040.5 0
8041.5 0
8042.5 0
8043.5 1
8044.5 2
8045.5 -1.2
8046.5 0
8047.5 0
8048.5 0
8049.5 0
8050.5 1
8051.5 0
8052.5 0
8053.5 1
8054.5 -1.2
8055.5 0
8056.5 0
8057.5 -1.2
8058.5 0
8059.5 0
8060.5 0
8061.5 1
8062.5 0.8
8063.5 -1.2
8064.5 0
8065.5 0
8066.5 1
8067.5 1
8068.5 0
8069.5 0
8070.5 -1.2
8071.5 1
8072.5 -1.2
8073.5 1
8074.5 0
8075.5 1
8076.5 0
8077.5 0
8078.5 0
8079.5 0
8080.5 0
8081.5 0
8082.5 0
8083.5 0.8
8084.5 -0.2
8085.5 -0.4
8086.5 -2.4
8087.5 0
8088.5 -1.2
8089.5 0.8
8090.5 1
8091.5 1
8092.5 -1.2
8093.5 0
8094.5 0
8095.5 1
8096.5 -1.2
8097.5 -2.4
8098.5 0
8099.5 0
8100.5 0
8101.5 -1.2
8102.5 0
8103.5 0
8104.5 0
8105.5 -1.2
8106.5 0
8107.5 0
8108.5 -1.2
8109.5 0
8110.5 0
8111.5 1
8112.5 0
8113.5 3
8114.5 -1.2
8115.5 1
8116.5 0
8117.5 0
8118.5 0
8119.5 0
8120.5 0
8121.5 0
8122.5 0
8123.5 0
8124.5 2
8125.5 0
8126.5 1
8127.5 0
8128.5 0
8129.5 0
8130.5 2
8131.5 -1.2
8132.5 0
8133.5 2
8134.5 -1.2
8135.5 0
8136.5 0
8137.5 -2.4
8138.5 0
8139.5 0
8140.5 0
8141.5 0
8142.5 0
8143.5 0
8144.5 -1.2
8145.5 0
8146.5 0
8147.5 0
8148.5 0
8149.5 1
8150.5 0
8151.5 0
8152.5 1
8153.5 0
8154.5 2
8155.5 1
8156.5 0
8157.5 0
8158.5 0
8159.5 0
8160.5 -0.2
8161.5 -1.2
8162.5 0
8163.5 0
8164.5 0
8165.5 0
8166.5 -1.2
8167.5 0
8168.5 -2.4
8169.5 1
8170.5 0
8171.5 -1.2
8172.5 0
8173.5 0
8174.5 0
8175.5 -1.2
8176.5 1
8177.5 -1.2
8178.5 -0.2
8179.5 0
8180.5 0
8181.5 1
8182.5 0
8183.5 0
8184.5 0
8185.5 0
8186.5 0
8187.5 1
8188.5 1
8189.5 0
8190.5 0
8191.5 1
8192.5 0
8193.5 0
8194.5 0
8195.5 1
8196.5 0
8197.5 0
8198.5 -2.4
8199.5 0
8200.5 -1.2
8201.5 -1.2
8202.5 0
8203.5 0
8204.5 -1.2
8205.5 2
8206.5 -1.2
8207.5 0
8208.5 -1.2
8209.5 1
8210.5 1
8211.5 1
8212.5 0
8213.5 1
8214.5 -1.2
8215.5 0
8216.5 -1.2
8217.5 0
8218.5 1
8219.5 -1.2
8220.5 -1.2
8221.5 0
8222.5 0
8223.5 0
8224.5 1
8225.5 0
8226.5 0
8227.5 0
8228.5 0
8229.5 0
8230.5 1
8231.5 0
8232.5 0
8233.5 1
8234.5 0
8235.5 -1.2
8236.5 1
8237.5 0
8238.5 0
8239.5 0
8240.5 0
8241.5 0
8242.5 1
8243.5 0
8244.5 1
8245.5 0
8246.5 0
8247.5 1
8248.5 -1.2
8249.5 0
8250.5 -1.2
8251.5 -1.2
8252.5 0
8253.5 -0.2
8254.5 0
8255.5 0
8256.5 -1.2
8257.5 0
8258.5 0
8259.5 -0.2
8260.5 0
8261.5 -1.2
8262.5 -1.2
8263.5 0
8264.5 0
8265.5 0
8266.5 -1.2
8267.5 0
8268.5 0
8269.5 -1.2
8270.5 0
8271.5 0
8272.5 1
8273.5 0
8274.5 -2.4
8275.5 1
8276.5 0
8277.5 0
8278.5 1
8279.5 1
8280.5 -1.2
8281.5 0
8282.5 -1.2
8283.5 -1.2
8284.5 0
8285.5 -1.2
8286.5 -1.2
8287.5 0
8288.5 0
8289.5 0
8290.5 0
8291.5 0
8292.5 0
8293.5 -1.2
8294.5 0
8295.5 0
8296.5 0
8297.5 -1.2
8298.5 0
8299.5 1
8300.5 0
8301.5 -1.2
8302.5 0
8303.5 0
8304.5 0
8305.5 0
8306.5 0
8307.5 0
8308.5 1
8309.5 0
8310.5 1
8311.5 0
8312.5 0
8313.5 1
8314.5 0
8315.5 0
8316.5 1
8317.5 0
8318.5 1
8319.5 0
8320.5 0
8321.5 2
8322.5 0
8323.5 0
8324.5 0
8325.5 0
8326.5 2
8327.5 0
8328.5 0
8329.5 0
8330.5 -1.2
8331.5 0
8332.5 0
8333.5 0
8334.5 -1.2
8335.5 0
8336.5 0
8337.5 0
8338.5 0
8339.5 0
8340.5 -1.2
8341.5 1
8342.5 1
8343.5 0
8344.5 0
8345.5 0
8346.5 -1.2
8347.5 0
8348.5 -1.2
8349.5 1
8350.5 0
8351.5 0
8352.5 0
8353.5 1
8354.5 0
8355.5 0
8356.5 -1.2
8357.5 0
8358.5 -1.2
8359.5 0
8360.5 1
8361.5 0
8362.5 0
8363.5 1
8364.5 0
8365.5 0
8366.5 0
8367.5 0
8368.5 0
8369.5 0
8370.5 0
8371.5 -1.2
8372.5 0
8373.5 0
8374.5 0
8375.5 0
8376.5 0
8377.5 0
8378.5 0
8379.5 0
8380.5 0
8381.5 0
8382.5 0
8383.5 1
8384.5 0
8385.5 1
8386.5 -2.4
8387.5 2
8388.5 0
8389.5 0
8390.5 -0.2
8391.5 0
8392.5 0
8393.5 1
8394.5 1
8395.5 0
8396.5 0
8397.5 0
8398.5 -1.2
8399.5 0
8400.5 -1.2
8401.5 -0.2
8402.5 -1.2
8403.5 0
8404.5 0
8405.5 1
8406.5 0
8407.5 1
8408.5 0
8409.5 0
8410.5 0
8411.5 0
8412.5 0
8413.5 1
8414.5 0
8415.5 0
8416.5 0
8417.5 1
8418.5 0
8419.5 1
8420.5 0
8421.5 0
8422.5 0
8423.5 0
8424.5 1
8425.5 0
8426.5 1
8427.5 0
8428.5 1
8429.5 0
8430.5 0
8431.5 0
8432.5 0
8433.5 0
8434.5 0
8435.5 0
8436.5 0
8437.5 0.8
8438.5 0
8439.5 0
8440.5 0
8441.5 0
8442.5 0
8443.5 0
8444.5 0
8445.5 0
8446.5 0
8447.5 0
8448.5 1
8449.5 -1.2
8450.5 1
8451.5 0
8452.5 1
8453.5 0
8454.5 0
8455.5 0
8456.5 -0.2
8457.5 -1.2
8458.5 1
8459.5 0
8460.5 0
8461.5 -1.2
8462.5 0
8463.5 0
8464.5 -0.2
8465.5 0
8466.5 0
8467.5 0
8468.5 1
8469.5 0
8470.5 1
8471.5 0
8472.5 0
8473.5 0
8474.5 -0.2
8475.5 1
8476.5 0
8477.5 0
8478.5 -1.2
8479.5 0
8480.5 0
8481.5 0
8482.5 0
8483.5 0
8484.5 0
8485.5 0
8486.5 0
8487.5 0
8488.5 0
8489.5 1
8490.5 1
8491.5 0
8492.5 -1.2
8493.5 -1.2
8494.5 0
8495.5 1
8496.5 1
8497.5 0
8498.5 0
8499.5 0
8500.5 -1.2
8501.5 0
8502.5 0
8503.5 1
8504.5 0
8505.5 1
8506.5 0
8507.5 1
8508.5 -0.2
8509.5 0
8510.5 -0.2
8511.5 1
8512.5 0
8513.5 0
8514.5 2
8515.5 0
8516.5 -1.2
8517.5 -1.2
8518.5 0
8519.5 0
8520.5 -1.2
8521.5 0
8522.5 0
8523.5 1
8524.5 0
8525.5 0
8526.5 1
8527.5 0
8528.5 0
8529.5 0
8530.5 0
8531.5 0
8532.5 0
8533.5 -1.2
8534.5 0
8535.5 0
8536.5 0
8537.5 -0.2
8538.5 -0.2
8539.5 0
8540.5 1
8541.5 0
8542.5 0
8543.5 0
8544.5 0
8545.5 -1.2
8546.5 -1.2
8547.5 -1.2
8548.5 0
8549.5 -1.2
8550.5 0
8551.5 -0.2
8552.5 0
8553.5 0
8554.5 0
8555.5 0
8556.5 1
8557.5 -1.2
8558.5 0
8559.5 -1.2
8560.5 0
8561.5 0
8562.5 0
8563.5 0
8564.5 0
8565.5 0
8566.5 0
8567.5 0
8568.5 0
8569.5 0
8570.5 0
8571.5 0
8572.5 1
8573.5 0
8574.5 0
8575.5 1
8576.5 0
8577.5 0
8578.5 -1.2
8579.5 1
8580.5 0
8581.5 1
8582.5 0
8583.5 0
8584.5 0
8585.5 -0.2
8586.5 0
8587.5 0
8588.5 0
8589.5 0
8590.5 0
8591.5 -1.2
8592.5 -1.2
8593.5 0
8594.5 0
8595.5 0
8596.5 0
8597.5 1
8598.5 0
8599.5 -1.2
8600.5 0
8601.5 1
8602.5 -1.2
8603.5 0
8604.5 1
8605.5 0
8606.5 -1.2
8607.5 0
8608.5 0
8609.5 -0.2
8610.5 2
8611.5 0
8612.5 0
8613.5 0
8614.5 0
8615.5 0
8616.5 0
8617.5 0
8618.5 0
8619.5 0
8620.5 1
8621.5 0
8622.5 -1.2
8623.5 0
8624.5 0
8625.5 1
8626.5 -1.2
8627.5 0
8628.5 0
8629.5 0
8630.5 0
8631.5 0
8632.5 0
8633.5 2
8634.5 1
8635.5 0
8636.5 1
8637.5 0
8638.5 0
8639.5 0
8640.5 0
8641.5 0
8642.5 1
8643.5 0
8644.5 0
8645.5 0
8646.5 1
8647.5 0
8648.5 0
8649.5 0
8650.5 0
8651.5 0
8652.5 1
8653.5 0
8654.5 1
8655.5 0
8656.5 -1.2
8657.5 1
8658.5 0
8659.5 0
8660.5 0
8661.5 -1.2
8662.5 -2.4
8663.5 -1.2
8664.5 1
8665.5 0
8666.5 0
8667.5 0
8668.5 0
8669.5 0
8670.5 1
8671.5 -1.2
8672.5 0
8673.5 1
8674.5 1
8675.5 0
8676.5 0
8677.5 0
8678.5 0
8679.5 0
8680.5 0
8681.5 1
8682.5 0
8683.5 0
8684.5 1
8685.5 0
8686.5 0
8687.5 0
8688.5 0
8689.5 -1.2
8690.5 0
8691.5 0
8692.5 -2.4
8693.5 0
8694.5 -1.2
8695.5 1
8696.5 0
8697.5 0
8698.5 0
8699.5 0
8700.5 0
8701.5 0
8702.5 0
8703.5 0
8704.5 1
8705.5 0
8706.5 0
8707.5 0
8708.5 0
8709.5 0
8710.5 0
8711.5 -1.2
8712.5 0
8713.5 0
8714.5 0
8715.5 -1.2
8716.5 0
8717.5 0
8718.5 0
8719.5 0
8720.5 0
8721.5 0
8722.5 0
8723.5 0
8724.5 0
8725.5 2
8726.5 0
8727.5 0
8728.5 0
8729.5 1
8730.5 0
8731.5 0
8732.5 -1.2
8733.5 0
8734.5 0
8735.5 1
8736.5 -1.2
8737.5 0
8738.5 0
8739.5 0
8740.5 0
8741.5 0
8742.5 0
8743.5 0
8744.5 0
8745.5 -1.2
8746.5 0
8747.5 0
8748.5 -1.2
8749.5 -1.2
8750.5 0
8751.5 0
8752.5 0
8753.5 0
8754.5 1
8755.5 1
8756.5 -0.2
8757.5 1
8758.5 -0.2
8759.5 0
8760.5 -1.2
8761.5 0
8762.5 1
8763.5 0
8764.5 0
8765.5 0
8766.5 0
8767.5 0
8768.5 0
8769.5 0
8770.5 -1.2
8771.5 -1.2
8772.5 -1.2
8773.5 0
8774.5 0
8775.5 0
8776.5 1
8777.5 0
8778.5 1
8779.5 0
8780.5 0
8781.5 0
8782.5 0
8783.5 0
8784.5 0
8785.5 1
8786.5 0
8787.5 1
8788.5 0
8789.5 0
8790.5 0
8791.5 0
8792.5 0
8793.5 0
8794.5 0
8795.5 0
8796.5 0
8797.5 0
8798.5 0
8799.5 0
8800.5 1
8801.5 -1.2
8802.5 1
8803.5 0
8804.5 -1.2
8805.5 -1.2
8806.5 0
8807.5 1
8808.5 0
8809.5 2
8810.5 -1.2
8811.5 0
8812.5 0
8813.5 0
8814.5 0
8815.5 0
8816.5 0
8817.5 0
8818.5 0
8819.5 0
8820.5 -0.2
8821.5 0
8822.5 0
8823.5 0
8824.5 0
8825.5 0
8826.5 0
8827.5 0
8828.5 -1.2
8829.5 0
8830.5 0
8831.5 0
8832.5 1
8833.5 0
8834.5 0
8835.5 0
8836.5 0
8837.5 0
8838.5 0
8839.5 0
8840.5 0
8841.5 0
8842.5 0
8843.5 0
8844.5 1
8845.5 0
8846.5 -0.2
8847.5 0.8
8848.5 1
8849.5 0
8850.5 0
8851.5 0
8852.5 0
8853.5 0
8854.5 0
8855.5 1
8856.5 0
8857.5 0
8858.5 0
8859.5 0
8860.5 -1.2
8861.5 2
8862.5 0
8863.5 0
8864.5 0
8865.5 0
8866.5 0
8867.5 0
8868.5 -1.2
8869.5 0
8870.5 -1.2
8871.5 -1.2
8872.5 1
8873.5 0
8874.5 -2.4
8875.5 1
8876.5 0
8877.5 0
8878.5 1
8879.5 0
8880.5 0
8881.5 0
8882.5 0
8883.5 0
8884.5 0
8885.5 0
8886.5 0
8887.5 1
8888.5 0
8889.5 -1.2
8890.5 0
8891.5 0
8892.5 0
8893.5 0
8894.5 0
8895.5 1
8896.5 0
8897.5 -1.2
8898.5 0
8899.5 0
8900.5 0
8901.5 -1.2
8902.5 0
8903.5 0
8904.5 -1.2
8905.5 1
8906.5 0
8907.5 -1.2
8908.5 0
8909.5 1
8910.5 0
8911.5 0
8912.5 0
8913.5 0
8914.5 0
8915.5 0
8916.5 0
8917.5 0
8918.5 0
8919.5 0
8920.5 0
8921.5 0
8922.5 0
8923.5 0
8924.5 0
8925.5 0
8926.5 1
8927.5 0
8928.5 1
8929.5 -1.2
8930.5 0
8931.5 0
8932.5 -0.2
8933.5 0
8934.5 0
8935.5 1
8936.5 -1.2
8937.5 -1.2
8938.5 0
8939.5 1
8940.5 0
8941.5 0
8942.5 0
8943.5 0
8944.5 1
8945.5 -1.2
8946.5 0
8947.5 0
8948.5 0
8949.5 -1.2
8950.5 0
8951.5 0
8952.5 0
8953.5 1
8954.5 0
8955.5 -1.2
8956.5 1
8957.5 1
8958.5 0
8959.5 0
8960.5 0
8961.5 0
8962.5 0
8963.5 0
8964.5 0
8965.5 0
8966.5 -0.2
8967.5 0
8968.5 0
8969.5 0
8970.5 0
8971.5 0
8972.5 0
8973.5 0
8974.5 0
8975.5 -1.2
8976.5 1
8977.5 0
8978.5 0
8979.5 0
8980.5 0
8981.5 0
8982.5 0
8983.5 0
8984.5 0
8985.5 0
8986.5 0
8987.5 0
8988.5 -0.2
8989.5 0
8990.5 0
8991.5 0
8992.5 0
8993.5 0
8994.5 0
8995.5 0
8996.5 0
8997.5 0
8998.5 0
8999.5 0
9000.5 0
9001.5 -1.2
9002.5 0
9003.5 1
9004.5 0
9005.5 0
9006.5 1
9007.5 0
9008.5 0
9009.5 0
9010.5 0
9011.5 -0.2
9012.5 0
9013.5 0
9014.5 0
9015.5 0
9016.5 0
9017.5 0
9018.5 0
9019.5 1
9020.5 0
9021.5 0
9022.5 0
9023.5 1
9024.5 1
9025.5 0
9026.5 -1.2
9027.5 0
9028.5 0
9029.5 0
9030.5 0
9031.5 0
9032.5 0
9033.5 0
9034.5 0
9035.5 0
9036.5 0
9037.5 1
9038.5 0
9039.5 -0.2
9040.5 -1.2
9041.5 0
9042.5 0
9043.5 0
9044.5 0
9045.5 -1.2
9046.5 0
9047.5 -1.2
9048.5 0
9049.5 0
9050.5 0
9051.5 0
9052.5 0
9053.5 0
9054.5 -1.2
9055.5 0
9056.5 0
9057.5 0
9058.5 0
9059.5 0
9060.5 1
9061.5 0
9062.5 1
9063.5 0
9064.5 0
9065.5 0
9066.5 0
9067.5 1
9068.5 0
9069.5 0
9070.5 0
9071.5 -1.2
9072.5 0
9073.5 0
9074.5 0
9075.5 0
9076.5 0
9077.5 1
9078.5 0
9079.5 0
9080.5 0
9081.5 0
9082.5 0
9083.5 1
9084.5 0
9085.5 0
9086.5 0
9087.5 1
9088.5 0
9089.5 0
9090.5 0
9091.5 0
9092.5 0
9093.5 2
9094.5 0
9095.5 0
9096.5 0
9097.5 0
9098.5 0
9099.5 0
9100.5 0
9101.5 0
9102.5 0
9103.5 0
9104.5 0
9105.5 0
9106.5 0
9107.5 0
9108.5 0
9109.5 -1.2
9110.5 0
9111.5 0
9112.5 0
9113.5 0
9114.5 0
9115.5 0
9116.5 0
9117.5 1
9118.5 0
9119.5 0
9120.5 0
9121.5 -1.2
9122.5 1
9123.5 0
9124.5 0
9125.5 1
9126.5 0
9127.5 0
9128.5 0
9129.5 0
9130.5 1
9131.5 0
9132.5 0
9133.5 -1.2
9134.5 0
9135.5 0
9136.5 0
9137.5 0
9138.5 0
9139.5 0
9140.5 0
9141.5 0
9142.5 0
9143.5 2
9144.5 1
9145.5 1
9146.5 0
9147.5 0
9148.5 0
9149.5 0
9150.5 0
9151.5 0
9152.5 0
9153.5 0
9154.5 -1.2
9155.5 0
9156.5 1
9157.5 0
9158.5 0
9159.5 0
9160.5 1
9161.5 0
9162.5 0
9163.5 0
9164.5 0
9165.5 0
9166.5 0
9167.5 0
9168.5 0
9169.5 -1.2
9170.5 0
9171.5 0
9172.5 0
9173.5 0
9174.5 0
9175.5 0
9176.5 1
9177.5 -1.2
9178.5 0
9179.5 0
9180.5 1
9181.5 1
9182.5 0
9183.5 0
9184.5 0
9185.5 0
9186.5 0
9187.5 0
9188.5 0
9189.5 0
9190.5 0
9191.5 0
9192.5 0
9193.5 0
9194.5 1
9195.5 0
9196.5 0
9197.5 0
9198.5 0
9199.5 0
9200.5 1
9201.5 0
9202.5 0
9203.5 0
9204.5 -1.2
9205.5 -1.2
9206.5 0
9207.5 0
9208.5 0
9209.5 -2.4
9210.5 0
9211.5 -1.2
9212.5 0
9213.5 0
9214.5 0
9215.5 0
9216.5 0
9217.5 1
9218.5 0
9219.5 0
9220.5 0
9221.5 -1.2
9222.5 0
9223.5 0
9224.5 0
9225.5 0
9226.5 0
9227.5 0
9228.5 0
9229.5 0
9230.5 1
9231.5 0
9232.5 0
9233.5 -1.2
9234.5 0
9235.5 0
9236.5 0
9237.5 2
9238.5 0
9239.5 0
9240.5 0
9241.5 0
9242.5 0
9243.5 0
9244.5 -1.2
9245.5 1
9246.5 0
9247.5 0
9248.5 0
9249.5 0
9250.5 0
9251.5 0
9252.5 0
9253.5 0
9254.5 0
9255.5 0
9256.5 0
9257.5 -1.2
9258.5 -0.2
9259.5 1
9260.5 0
9261.5 0
9262.5 0
9263.5 0
9264.5 0
9265.5 0
9266.5 0
9267.5 -1.2
9268.5 0
9269.5 0
9270.5 1
9271.5 0
9272.5 -1.2
9273.5 0
9274.5 0
9275.5 0
9276.5 -1.2
9277.5 0
9278.5 0
9279.5 1
9280.5 0
9281.5 0
9282.5 0
9283.5 0
9284.5 -1.2
9285.5 0
9286.5 -1.2
9287.5 0
9288.5 0
9289.5 0
9290.5 0
9291.5 0
9292.5 1
9293.5 0
9294.5 0
9295.5 0
9296.5 0
9297.5 0
9298.5 0
9299.5 0
9300.5 0
9301.5 0
9302.5 0
9303.5 0
9304.5 0
9305.5 0
9306.5 0
9307.5 0
9308.5 -1.2
9309.5 0
9310.5 0
9311.5 0
9312.5 0
9313.5 0
9314.5 0
9315.5 0
9316.5 0
9317.5 0
9318.5 0
9319.5 -0.2
9320.5 0
9321.5 0
9322.5 0
9323.5 0
9324.5 0
9325.5 0
9326.5 0
9327.5 0
9328.5 0
9329.5 0
9330.5 0
9331.5 0
9332.5 0
9333.5 0
9334.5 0
9335.5 0
9336.5 0
9337.5 -1.2
9338.5 0
9339.5 0
9340.5 0
9341.5 0
9342.5 0
9343.5 0
9344.5 0
9345.5 0
9346.5 0
9347.5 0
9348.5 0
9349.5 0
9350.5 0
9351.5 0
9352.5 1
9353.5 0
9354.5 0
9355.5 0
9356.5 -1.2
9357.5 0.8
9358.5 0
9359.5 0
9360.5 0
9361.5 0
9362.5 0
9363.5 0
9364.5 0
9365.5 0
9366.5 0
9367.5 0
9368.5 0
9369.5 0
9370.5 0
9371.5 0
9372.5 0
9373.5 0
9374.5 0
9375.5 1
9376.5 1
9377.5 0
9378.5 1
9379.5 -1.2
9380.5 0
9381.5 0
9382.5 -1.2
9383.5 0
9384.5 0
9385.5 0
9386.5 0
9387.5 0
9388.5 0
9389.5 0
9390.5 0
9391.5 2
9392.5 0
9393.5 1
9394.5 0
9395.5 0
9396.5 0
9397.5 0
9398.5 0
9399.5 -1.2
9400.5 0
9401.5 -1.2
9402.5 0
9403.5 0
9404.5 0
9405.5 0
9406.5 0
9407.5 0
9408.5 1
9409.5 0
9410.5 0
9411.5 0
9412.5 0
9413.5 0
9414.5 0
9415.5 0
9416.5 0
9417.5 0
9418.5 0
9419.5 0
9420.5 0
9421.5 0
9422.5 1
9423.5 0
9424.5 0
9425.5 0
9426.5 0
9427.5 0
9428.5 0
9429.5 0
9430.5 0
9431.5 0
9432.5 0
9433.5 0
9434.5 0
9435.5 0
9436.5 0
9437.5 0
9438.5 0
9439.5 -1.2
9440.5 -1.2
9441.5 0
9442.5 0
9443.5 0
9444.5 0
9445.5 0
9446.5 1
9447.5 0
9448.5 0
9449.5 0
9450.5 0
9451.5 1
9452.5 0
9453.5 0
9454.5 0
9455.5 0
9456.5 0
9457.5 0
9458.5 0
9459.5 0
9460.5 -1.2
9461.5 0
9462.5 0
9463.5 0
9464.5 0
9465.5 0
9466.5 0
9467.5 1
9468.5 0
9469.5 0
9470.5 0
9471.5 -1.2
9472.5 -1.2
9473.5 0
9474.5 0
9475.5 0
9476.5 0
9477.5 0
9478.5 0
9479.5 0
9480.5 0
9481.5 0
9482.5 -0.2
9483.5 -1.2
9484.5 0
9485.5 0
9486.5 0
9487.5 0
9488.5 0
9489.5 0
9490.5 0
9491.5 0
9492.5 0
9493.5 0
9494.5 0
9495.5 0
9496.5 0
9497.5 0
9498.5 0
9499.5 0
9500.5 0
9501.5 0
9502.5 1
9503.5 1
9504.5 0
9505.5 0
9506.5 0
9507.5 0
9508.5 0
9509.5 0
9510.5 0
9511.5 0
9512.5 0
9513.5 -1.2
9514.5 0
9515.5 0
9516.5 0
9517.5 0
9518.5 0
9519.5 0
9520.5 0
9521.5 0
9522.5 0
9523.5 0
9524.5 0
9525.5 0
9526.5 0
9527.5 0
9528.5 0
9529.5 0
9530.5 0
9531.5 0
9532.5 0
9533.5 0
9534.5 0
9535.5 0
9536.5 0
9537.5 0
9538.5 -2.4
9539.5 0
9540.5 0
9541.5 0
9542.5 0
9543.5 0
9544.5 0
9545.5 0
9546.5 1
9547.5 0
9548.5 0
9549.5 0
9550.5 0
9551.5 0
9552.5 -1.2
9553.5 0
9554.5 0
9555.5 0
9556.5 0
9557.5 0
9558.5 0
9559.5 0
9560.5 0
9561.5 0
9562.5 0
9563.5 -1.2
9564.5 0
9565.5 0
9566.5 0
9567.5 0
9568.5 0
9569.5 0
9570.5 -1.2
9571.5 0
9572.5 0
9573.5 0
9574.5 0
9575.5 0
9576.5 0
9577.5 0
9578.5 0
9579.5 0
9580.5 1
9581.5 0
9582.5 -1.2
9583.5 0
9584.5 0
9585.5 0
9586.5 1
9587.5 0
9588.5 0
9589.5 -1.2
9590.5 0
9591.5 0
9592.5 0
9593.5 0
9594.5 0
9595.5 0
9596.5 0
9597.5 0
9598.5 0
9599.5 0
9600.5 0
9601.5 1
9602.5 0
9603.5 0
9604.5 -1.2
9605.5 0
9606.5 0
9607.5 0
9608.5 0
9609.5 0
9610.5 0
9611.5 0
9612.5 0
9613.5 0
9614.5 0
9615.5 0
9616.5 1
9617.5 0
9618.5 0
9619.5 0
9620.5 0
9621.5 0
9622.5 1
9623.5 -1.2
9624.5 1
9625.5 0
9626.5 0
9627.5 0
9628.5 0
9629.5 0
9630.5 0
9631.5 0
9632.5 0
9633.5 0
9634.5 0
9635.5 0
9636.5 0
9637.5 0
9638.5 0
9639.5 0
9640.5 1
9641.5 0
9642.5 0
9643.5 0
9644.5 0
9645.5 0
9646.5 0
9647.5 0
9648.5 0
9649.5 0
9650.5 0
9651.5 0
9652.5 1
9653.5 0
9654.5 -0.2
9655.5 0
9656.5 0
9657.5 0
9658.5 1
9659.5 0
9660.5 0
9661.5 0
9662.5 0
9663.5 0
9664.5 0
9665.5 0
9666.5 0
9667.5 0
9668.5 0
9669.5 0
9670.5 0
9671.5 -1.2
9672.5 0
9673.5 0
9674.5 0
9675.5 0.8
9676.5 0
9677.5 0
9678.5 0
9679.5 -1.2
9680.5 0
9681.5 0
9682.5 0
9683.5 0
9684.5 0
9685.5 1
9686.5 -1.2
9687.5 0
9688.5 0
9689.5 2
9690.5 0
9691.5 0
9692.5 0
9693.5 0
9694.5 0
9695.5 0
9696.5 0
9697.5 0
9698.5 0
9699.5 0
9700.5 0
9701.5 0
9702.5 0
9703.5 0
9704.5 0
9705.5 0
9706.5 0
9707.5 0
9708.5 0
9709.5 0
9710.5 0
9711.5 0
9712.5 0
9713.5 0
9714.5 0
9715.5 0
9716.5 0
9717.5 0
9718.5 0
9719.5 0
9720.5 0
9721.5 0
9722.5 0
9723.5 0
9724.5 1
9725.5 0
9726.5 0
9727.5 0
9728.5 0
9729.5 0
9730.5 0
9731.5 0
9732.5 0
9733.5 0
9734.5 0
9735.5 0
9736.5 0
9737.5 0
9738.5 0
9739.5 0
9740.5 0
9741.5 0
9742.5 0
9743.5 0
9744.5 0
9745.5 0
9746.5 0
9747.5 0
9748.5 0
9749.5 0
9750.5 0
9751.5 0
9752.5 0
9753.5 0
9754.5 0
9755.5 0
9756.5 0
9757.5 0
9758.5 0
9759.5 0
9760.5 0
9761.5 0
9762.5 0
9763.5 0
9764.5 0
9765.5 0
9766.5 0
9767.5 0
9768.5 0
9769.5 0
9770.5 0
9771.5 0
9772.5 0
9773.5 0
9774.5 0
9775.5 0
9776.5 0
9777.5 0
9778.5 0
9779.5 0
9780.5 0
9781.5 0
9782.5 0
9783.5 0
9784.5 0
9785.5 -1.2
9786.5 0
9787.5 0
9788.5 0
9789.5 0
9790.5 0
9791.5 0
9792.5 0
9793.5 0
9794.5 0
9795.5 0
9796.5 1
9797.5 0
9798.5 0
9799.5 0
9800.5 0
9801.5 0
9802.5 0
9803.5 0
9804.5 0
9805.5 0
9806.5 0
9807.5 0
9808.5 0
9809.5 0
9810.5 0
9811.5 0
9812.5 0
9813.5 0
9814.5 0
9815.5 0
9816.5 0
9817.5 0
9818.5 0
9819.5 0
9820.5 0
9821.5 0
9822.5 0
9823.5 0
9824.5 0
9825.5 0
9826.5 0
9827.5 0
9828.5 0
9829.5 0
9830.5 0
9831.5 0
9832.5 0
9833.5 0
9834.5 0
9835.5 0
9836.5 0
9837.5 1
9838.5 0
9839.5 0
9840.5 0
9841.5 0
9842.5 0
9843.5 0
9844.5 0
9845.5 -0.2
9846.5 0
9847.5 0
9848.5 0
9849.5 0
9850.5 0
9851.5 0
9852.5 0
9853.5 0
9854.5 0
9855.5 0
9856.5 0
9857.5 0
9858.5 0
9859.5 0
9860.5 0
9861.5 0
9862.5 0
9863.5 0
9864.5 0
9865.5 0
9866.5 0
9867.5 0
9868.5 0
9869.5 0
9870.5 0
9871.5 0
9872.5 0
9873.5 0
9874.5 0
9875.5 0
9876.5 0
9877.5 0
9878.5 0
9879.5 0
9880.5 0
9881.5 0
9882.5 0
9883.5 0
9884.5 0
9885.5 0
9886.5 0
9887.5 0
9888.5 0
9889.5 0
9890.5 0
9891.5 0
9892.5 0
9893.5 0
9894.5 0
9895.5 0
9896.5 0
9897.5 0
9898.5 0
9899.5 0
9900.5 0
9901.5 0
9902.5 0
9903.5 -1.2
9904.5 0
9905.5 0
9906.5 0
9907.5 0
9908.5 0
9909.5 1
9910.5 0
9911.5 0
9912.5 0
9913.5 0
9914.5 0
9915.5 0
9916.5 0
9917.5 0
9918.5 0
9919.5 0
9920.5 0
9921.5 0
9922.5 0
9923.5 0
9924.5 0
9925.5 0
9926.5 0
9927.5 0
9928.5 0
9929.5 0
9930.5 0
9931.5 0
9932.5 0
9933.5 0
9934.5 0
9935.5 0
9936.5 0
9937.5 0
9938.5 0
9939.5 0
9940.5 0
9941.5 0
9942.5 0
9943.5 0
9944.5 0
9945.5 0
9946.5 0
9947.5 0
9948.5 0
9949.5 0
9950.5 0
9951.5 0
9952.5 0
9953.5 0
9954.5 0
9955.5 0
9956.5 0
9957.5 0
9958.5 0
9959.5 0
9960.5 0
9961.5 0
9962.5 0
9963.5 0
9964.5 0
9965.5 0
9966.5 0
9967.5 0
9968.5 0
9969.5 0
9970.5 0
9971.5 0
9972.5 0
9973.5 0
9974.5 0
9975.5 0
9976.5 0
9977.5 0
9978.5 0
9979.5 0
9980.5 0
9981.5 0
9982.5 0
9983.5 0
9984.5 0
9985.5 0
9986.5 0
9987.5 0
9988.5 0
9989.5 0
9990.5 0
9991.5 0
9992.5 0
9993.5 0
9994.5 0
9995.5 0
9996.5 1
9997.5 1
9998.5 0
9999.5 0
10000.5 0
10001.5 0
10002.5 0
10003.5 0
10004.5 0
10005.5 0
10006.5 0
10007.5 0
10008.5 0
10009.5 0
10010.5 0
10011.5 0
10012.5 0
10013.5 0
10014.5 0
10015.5 0
10016.5 0
10017.5 0
10018.5 0
10019.5 0
10020.5 0
10021.5 -1.2
10022.5 0
10023.5 0
10024.5 0
10025.5 0
10026.5 0
10027.5 0
10028.5 0
10029.5 0
10030.5 0
10031.5 0
10032.5 0
10033.5 0
10034.5 0
10035.5 0
10036.5 0
10037.5 0
10038.5 0
10039.5 0
10040.5 0
10041.5 0
10042.5 0
10043.5 0
10044.5 0
10045.5 0
10046.5 0
10047.5 0
10048.5 0
10049.5 0
10050.5 0
10051.5 0
10052.5 0
10053.5 0
10054.5 0
10055.5 0
10056.5 0
10057.5 0
10058.5 0
10059.5 1
10060.5 0
10061.5 0
10062.5 0
10063.5 0
10064.5 0
10065.5 0
10066.5 0
10067.5 0
10068.5 0
10069.5 0
10070.5 0
10071.5 0
10072.5 0
10073.5 0
10074.5 0
10075.5 0
10076.5 0
10077.5 0
10078.5 0
10079.5 0
10080.5 0
10081.5 0
10082.5 0
10083.5 0
10084.5 0
10085.5 0
10086.5 0
10087.5 0
10088.5 0
10089.5 0
10090.5 0
10091.5 0
10092.5 0
10093.5 0
10094.5 0
10095.5 0
10096.5 0
10097.5 0
10098.5 0
10099.5 0
10100.5 0
10101.5 1
10102.5 0
10103.5 0
10104.5 0
10105.5 0
10106.5 0
10107.5 1
10108.5 0
10109.5 0
10110.5 0
10111.5 0
10112.5 0
10113.5 0
10114.5 0
10115.5 0
10116.5 0
10117.5 0
10118.5 0
10119.5 0
10120.5 0
10121.5 0
10122.5 0
10123.5 0
10124.5 0
10125.5 0
10126.5 0
10127.5 0
10128.5 0
10129.5 0
10130.5 0
10131.5 0
10132.5 0
10133.5 0
10134.5 0
10135.5 0
10136.5 0
10137.5 0
10138.5 0
10139.5 0
10140.5 0
10141.5 0
10142.5 0
10143.5 -1.2
10144.5 0
10145.5 0
10146.5 0
10147.5 0
10148.5 0
10149.5 1
10150.5 0
10151.5 0
10152.5 0
10153.5 0
10154.5 0
10155.5 0
10156.5 0
10157.5 0
10158.5 0
10159.5 0
10160.5 0
10161.5 0
10162.5 0
10163.5 0
10164.5 0
10165.5 0
10166.5 0
10167.5 0
10168.5 0
10169.5 0
10170.5 0
10171.5 0
10172.5 0
10173.5 0
10174.5 0
10175.5 0
10176.5 0
10177.5 0
10178.5 0
10179.5 0
10180.5 0
10181.5 0
10182.5 0
10183.5 0
10184.5 0
10185.5 0
10186.5 0
10187.5 0
10188.5 0
10189.5 0
10190.5 0
10191.5 0
10192.5 0
10193.5 0
10194.5 0
10195.5 0
10196.5 0
10197.5 0
10198.5 0
10199.5 0
10200.5 0
10201.5 0
10202.5 0
10203.5 0
10204.5 0
10205.5 0
10206.5 0
10207.5 0
10208.5 0
10209.5 0
10210.5 0
10211.5 0
10212.5 0
10213.5 0
10214.5 0
10215.5 0
10216.5 0
10217.5 0
10218.5 1
10219.5 0
10220.5 0
10221.5 0
10222.5 0
10223.5 0
10224.5 0
10225.5 0
10226.5 0
10227.5 0
10228.5 0
10229.5 0
10230.5 0
10231.5 0
10232.5 0
10233.5 0
10234.5 0
10235.5 -1.2
10236.5 0
10237.5 0
10238.5 0
10239.5 0
10240.5 0
10241.5 0
10242.5 0
10243.5 0
10244.5 0
10245.5 0
10246.5 0
10247.5 0
10248.5 1
10249.5 -1.2
10250.5 0
10251.5 0
10252.5 0
10253.5 0
10254.5 0
10255.5 0
10256.5 0
10257.5 0
10258.5 0
10259.5 0
10260.5 0
10261.5 0
10262.5 0
10263.5 0
10264.5 0
10265.5 0
10266.5 0
10267.5 0
10268.5 0
10269.5 0
10270.5 0
10271.5 0
10272.5 0
10273.5 0
10274.5 0
10275.5 0
10276.5 0
10277.5 0
10278.5 0
10279.5 0
10280.5 0
10281.5 0
10282.5 0
10283.5 0
10284.5 0
10285.5 0
10286.5 0
10287.5 0
10288.5 0
10289.5 0
10290.5 0
10291.5 0
10292.5 0
10293.5 0
10294.5 0
10295.5 -1.2
10296.5 0
10297.5 0
10298.5 0
10299.5 0
10300.5 0
10301.5 0
10302.5 0
10303.5 0
10304.5 0
10305.5 1
10306.5 0
10307.5 0
10308.5 0
10309.5 0
10310.5 0
10311.5 0
10312.5 0
10313.5 0
10314.5 0
10315.5 0
10316.5 0
10317.5 0
10318.5 0
10319.5 0
10320.5 0
10321.5 0
10322.5 0
10323.5 0
10324.5 0
10325.5 0
10326.5 0
10327.5 0
10328.5 0
10329.5 0
10330.5 0
10331.5 0
10332.5 0
10333.5 0
10334.5 0
10335.5 -1.2
10336.5 0
10337.5 0
10338.5 0
10339.5 0
10340.5 0
10341.5 0
10342.5 0
10343.5 0
10344.5 0
10345.5 0
10346.5 0
10347.5 0
10348.5 0
10349.5 0
10350.5 0
10351.5 0
10352.5 0
10353.5 0
10354.5 0
10355.5 0
10356.5 0
10357.5 0
10358.5 0
10359.5 0
10360.5 0
10361.5 0
10362.5 0
10363.5 0
10364.5 0
10365.5 0
10366.5 0
10367.5 0
10368.5 0
10369.5 1
10370.5 0
10371.5 0
10372.5 0
10373.5 0
10374.5 0
10375.5 0
10376.5 0
10377.5 0
10378.5 0
10379.5 0
10380.5 0
10381.5 0
10382.5 0
10383.5 0
10384.5 0
10385.5 0
10386.5 0
10387.5 0
10388.5 0
10389.5 1
10390.5 0
10391.5 0
10392.5 0
10393.5 0
10394.5 0
10395.5 0
10396.5 0
10397.5 0
10398.5 0
10399.5 0
10400.5 0
10401.5 0
10402.5 0
10403.5 0
10404.5 0
10405.5 0
10406.5 0
10407.5 0
10408.5 0
10409.5 0
10410.5 0
10411.5 0
10412.5 0
10413.5 0
10414.5 0
10415.5 0
10416.5 0
10417.5 0
10418.5 0
10419.5 0
10420.5 0
10421.5 0
10422.5 0
10423.5 0
10424.5 0
10425.5 0
10426.5 0
10427.5 0
10428.5 0
10429.5 0
10430.5 0
10431.5 0
10432.5 0
10433.5 0
10434.5 0
10435.5 0
10436.5 0
10437.5 0
10438.5 0
10439.5 0
10440.5 0
10441.5 0
10442.5 0
10443.5 0
10444.5 0
10445.5 0
10446.5 0
10447.5 0
10448.5 0
10449.5 0
10450.5 0
10451.5 0
10452.5 0
10453.5 0
10454.5 0
10455.5 0
10456.5 0
10457.5 0
10458.5 0
10459.5 0
10460.5 0
10461.5 0
10462.5 0
10463.5 0
10464.5 0
10465.5 0
10466.5 0
10467.5 0
10468.5 0
10469.5 0
10470.5 0
10471.5 0
10472.5 0
10473.5 0
10474.5 0
10475.5 0
10476.5 0
10477.5 0
10478.5 0
10479.5 0
10480.5 0
10481.5 0
10482.5 0
10483.5 0
10484.5 0
10485.5 0
10486.5 0
10487.5 0
10488.5 0
10489.5 0
10490.5 0
10491.5 0
10492.5 1
10493.5 0
10494.5 0
10495.5 0
10496.5 0
10497.5 0
10498.5 0
10499.5 0
10500.5 0
10501.5 0
10502.5 0
10503.5 0
10504.5 0
10505.5 0
10506.5 0
10507.5 0
10508.5 0
10509.5 1
10510.5 0
10511.5 0
10512.5 0
10513.5 0
10514.5 0
10515.5 0
10516.5 0
10517.5 0
10518.5 0
10519.5 0
10520.5 0
10521.5 0
10522.5 0
10523.5 0
10524.5 0
10525.5 0
10526.5 0
10527.5 0
10528.5 0
10529.5 0
10530.5 0
10531.5 0
10532.5 0
10533.5 0
10534.5 0
10535.5 0
10536.5 0
10537.5 0
10538.5 0
10539.5 0
10540.5 0
10541.5 0
10542.5 0
10543.5 0
10544.5 0
10545.5 0
10546.5 0
10547.5 0
10548.5 0
10549.5 0
10550.5 0
10551.5 0
10552.5 0
10553.5 0
10554.5 0
10555.5 0
10556.5 0
10557.5 0
10558.5 0
10559.5 0
10560.5 0
10561.5 0
10562.5 0
10563.5 0
10564.5 0
10565.5 0
10566.5 0
10567.5 0
10568.5 0
10569.5 0
10570.5 0
10571.5 0
10572.5 0
10573.5 0
10574.5 0
10575.5 0
10576.5 0
10577.5 0
10578.5 1
10579.5 0
10580.5 0
10581.5 0
10582.5 0
10583.5 0
10584.5 0
10585.5 0
10586.5 0
10587.5 0
10588.5 0
10589.5 0
10590.5 0
10591.5 0
10592.5 0
10593.5 0
10594.5 0
10595.5 0
10596.5 0
10597.5 0
10598.5 0
10599.5 0
10600.5 0
10601.5 0
10602.5 0
10603.5 0
10604.5 -1.2
10605.5 0
10606.5 0
10607.5 0
10608.5 0
10609.5 0
10610.5 0
10611.5 0
10612.5 0
10613.5 0
10614.5 0
10615.5 0
10616.5 0
10617.5 0
10618.5 0
10619.5 0
10620.5 0
10621.5 0
10622.5 0
10623.5 0
10624.5 0
10625.5 0
10626.5 0
10627.5 0
10628.5 -1.2
10629.5 0
10630.5 0
10631.5 0
10632.5 0
10633.5 0
10634.5 0
10635.5 0
10636.5 0
10637.5 0
10638.5 0
10639.5 0
10640.5 0
10641.5 0
10642.5 0
10643.5 0
10644.5 0
10645.5 0
10646.5 0
10647.5 0
10648.5 0
10649.5 0
10650.5 0
10651.5 0
10652.5 0
10653.5 0
10654.5 0
10655.5 0
10656.5 0
10657.5 0
10658.5 0
10659.5 0
10660.5 0
10661.5 -1.2
10662.5 0
10663.5 0
10664.5 0
10665.5 0
10666.5 0
10667.5 0
10668.5 0
10669.5 0
10670.5 0
10671.5 0
10672.5 0
10673.5 0
10674.5 0
10675.5 0
10676.5 0
10677.5 0
10678.5 0
10679.5 0
10680.5 1
10681.5 0
10682.5 0
10683.5 0
10684.5 0
10685.5 0
10686.5 0
10687.5 0
10688.5 0
10689.5 0
10690.5 0
10691.5 0
10692.5 0
10693.5 0
10694.5 0
10695.5 0
10696.5 0
10697.5 0
10698.5 0
10699.5 0
10700.5 0
10701.5 0
10702.5 0
10703.5 0
10704.5 0
10705.5 0
10706.5 0
10707.5 0
10708.5 0
10709.5 0
10710.5 0
10711.5 0
10712.5 0
10713.5 0
10714.5 0
10715.5 0
10716.5 0
10717.5 0
10718.5 0
10719.5 0
10720.5 0
10721.5 0
10722.5 0
10723.5 0
10724.5 0
10725.5 1
10726.5 0
10727.5 0
10728.5 0
10729.5 0
10730.5 0
10731.5 0
10732.5 0
10733.5 0
10734.5 0
10735.5 0
10736.5 0
10737.5 0
10738.5 0
10739.5 0
10740.5 0
10741.5 0
10742.5 0
10743.5 0
10744.5 0
10745.5 0
10746.5 0
10747.5 0
10748.5 0
10749.5 0
10750.5 0
10751.5 0
10752.5 1
10753.5 0
10754.5 0
10755.5 0
10756.5 0
10757.5 0
10758.5 0
10759.5 0
10760.5 0
10761.5 0
10762.5 0
10763.5 0
10764.5 0
10765.5 0
10766.5 0
10767.5 0
10768.5 0
10769.5 0
10770.5 0
10771.5 0
10772.5 0
10773.5 0
10774.5 0
10775.5 0
10776.5 0
10777.5 0
10778.5 0
10779.5 0
10780.5 0
10781.5 0
10782.5 0
10783.5 0
10784.5 0
10785.5 0
10786.5 0
10787.5 0
10788.5 0
10789.5 0
10790.5 0
10791.5 0
10792.5 0
10793.5 0
10794.5 0
10795.5 0
10796.5 0
10797.5 0
10798.5 0
10799.5 0
10800.5 0
10801.5 0
10802.5 0
10803.5 1
10804.5 0
10805.5 0
10806.5 0
10807.5 0
10808.5 0
10809.5 0
10810.5 0
10811.5 0
10812.5 0
10813.5 0
10814.5 0
10815.5 1
10816.5 0
10817.5 0
10818.5 0
10819.5 0
10820.5 0
10821.5 0
10822.5 0
10823.5 0
10824.5 0
10825.5 0
10826.5 0
10827.5 0
10828.5 0
10829.5 0
10830.5 0
10831.5 0
10832.5 0
10833.5 0
10834.5 0
10835.5 0
10836.5 0
10837.5 0
10838.5 0
10839.5 0
10840.5 0
10841.5 0
10842.5 0
10843.5 0
10844.5 0
10845.5 0
10846.5 0
10847.5 0
10848.5 0
10849.5 0
10850.5 0
10851.5 0
10852.5 0
10853.5 0
10854.5 0
10855.5 0
10856.5 0
10857.5 0
10858.5 0
10859.5 0
10860.5 0
10861.5 0
10862.5 0
10863.5 0
10864.5 0
10865.5 0
10866.5 0
10867.5 0
10868.5 0
10869.5 0
10870.5 0
10871.5 0
10872.5 0
10873.5 0
10874.5 0
10875.5 0
10876.5 0
10877.5 0
10878.5 0
10879.5 0
10880.5 0
10881.5 0
10882.5 0
10883.5 0
10884.5 0
10885.5 0
10886.5 0
10887.5 0
10888.5 0
10889.5 0
10890.5 0
10891.5 0
10892.5 0
10893.5 0
10894.5 0
10895.5 0
10896.5 0
10897.5 0
10898.5 0
10899.5 0
10900.5 0
10901.5 0
10902.5 0
10903.5 0
10904.5 0
10905.5 0
10906.5 0
10907.5 0
10908.5 0
10909.5 0
10910.5 0
10911.5 0
10912.5 0
10913.5 1
10914.5 0
10915.5 0
10916.5 0
10917.5 0
10918.5 0
10919.5 0
10920.5 0
10921.5 0
10922.5 0
10923.5 0
10924.5 0
10925.5 0
10926.5 0
10927.5 0
10928.5 0
10929.5 0
10930.5 0
10931.5 0
10932.5 0
10933.5 0
10934.5 0
10935.5 0
10936.5 0
10937.5 0
10938.5 0
10939.5 0
10940.5 1
10941.5 0
10942.5 0
10943.5 0
10944.5 0
10945.5 0
10946.5 0
10947.5 0
10948.5 0
10949.5 0
10950.5 0
10951.5 0
10952.5 0
10953.5 0
10954.5 0
10955.5 0
10956.5 0
10957.5 0
10958.5 0
10959.5 0
10960.5 0
10961.5 0
10962.5 0
10963.5 0
10964.5 0
10965.5 0
10966.5 0
10967.5 0
10968.5 0
10969.5 0
10970.5 0
10971.5 0
10972.5 0
10973.5 0
10974.5 0
10975.5 0
10976.5 0
10977.5 0
10978.5 0
10979.5 0
10980.5 0
10981.5 0
10982.5 0
10983.5 0
10984.5 0
10985.5 0
10986.5 0
10987.5 0
10988.5 0
10989.5 0
10990.5 0
10991.5 0
10992.5 0
10993.5 0
10994.5 0
10995.5 0
10996.5 0
10997.5 0
10998.5 0
10999.5 0
11000.5 0
11001.5 0
11002.5 0
11003.5 0
11004.5 0
11005.5 0
11006.5 0
11007.5 0
11008.5 0
11009.5 0
11010.5 0
11011.5 0
11012.5 0
11013.5 0
11014.5 0
11015.5 0
11016.5 0
11017.5 0
11018.5 0
11019.5 0
11020.5 0
11021.5 0
11022.5 0
11023.5 0
11024.5 0
11025.5 0
11026.5 0
11027.5 0
11028.5 0
11029.5 0
11030.5 0
11031.5 0
11032.5 0
11033.5 0
11034.5 0
11035.5 0
11036.5 0
11037.5 0
11038.5 0
11039.5 0
11040.5 0
11041.5 0
11042.5 0
11043.5 -1.2
11044.5 0
11045.5 0
11046.5 0
11047.5 0
11048.5 0
11049.5 0
11050.5 0
11051.5 0
11052.5 0
11053.5 0
11054.5 0
11055.5 0
11056.5 0
11057.5 0
11058.5 0
11059.5 0
11060.5 0
11061.5 0
11062.5 0
11063.5 0
11064.5 0
11065.5 0
11066.5 0
11067.5 0
11068.5 0
11069.5 0
11070.5 0
11071.5 0
11072.5 0
11073.5 0
11074.5 0
11075.5 0
11076.5 0
11077.5 0
11078.5 0
11079.5 0
11080.5 0
11081.5 0
11082.5 0
11083.5 0
11084.5 0
11085.5 0
11086.5 0
11087.5 0
11088.5 0
11089.5 0
11090.5 0
11091.5 0
11092.5 0
11093.5 0
11094.5 0
11095.5 0
11096.5 -1.2
11097.5 0
11098.5 0
11099.5 0
11100.5 0
11101.5 0
11102.5 0
11103.5 0
11104.5 0
11105.5 0
11106.5 0
11107.5 0
11108.5 0
11109.5 0
11110.5 0
11111.5 0
11112.5 0
11113.5 0
11114.5 0
11115.5 0
11116.5 0
11117.5 0
11118.5 0
11119.5 0
11120.5 0
11121.5 0
11122.5 0
11123.5 0
11124.5 0
11125.5 0
11126.5 0
11127.5 1
11128.5 0
11129.5 0
11130.5 0
11131.5 0
11132.5 0
11133.5 0
11134.5 0
11135.5 0
11136.5 0
11137.5 0
11138.5 0
11139.5 0
11140.5 0
11141.5 0
11142.5 0
11143.5 0
11144.5 0
11145.5 0
11146.5 0
11147.5 0
11148.5 0
11149.5 0
11150.5 0
11151.5 0
11152.5 0
11153.5 0
11154.5 0
11155.5 0
11156.5 0
11157.5 0
11158.5 0
11159.5 0
11160.5 0
11161.5 0
11162.5 0
11163.5 0
11164.5 0
11165.5 0
11166.5 0
11167.5 0
11168.5 0
11169.5 0
11170.5 0
11171.5 0
11172.5 0
11173.5 0
11174.5 0
11175.5 0
11176.5 0
11177.5 0
11178.5 0
11179.5 0
11180.5 0
11181.5 0
11182.5 0
11183.5 0
11184.5 0
11185.5 0
11186.5 0
11187.5 0
11188.5 0
11189.5 0
11190.5 0
11191.5 0
11192.5 0
11193.5 0
11194.5 0
11195.5 0
11196.5 0
11197.5 0
11198.5 0
11199.5 0
11200.5 0
11201.5 0
11202.5 0
11203.5 0
11204.5 0
11205.5 0
11206.5 0
11207.5 0
11208.5 0
11209.5 0
11210.5 0
11211.5 0
11212.5 0
11213.5 0
11214.5 0
11215.5 0
11216.5 0
11217.5 0
11218.5 0
11219.5 0
11220.5 0
11221.5 0
11222.5 0
11223.5 1
11224.5 0
11225.5 0
11226.5 0
11227.5 0
11228.5 0
11229.5 0
11230.5 0
11231.5 0
11232.5 0
11233.5 0
11234.5 0
11235.5 0
11236.5 0
11237.5 0
11238.5 0
11239.5 0
11240.5 0
11241.5 0
11242.5 0
11243.5 0
11244.5 0
11245.5 0
11246.5 0
11247.5 0
11248.5 0
11249.5 0
11250.5 0
11251.5 0
11252.5 0
11253.5 0
11254.5 0
11255.5 0
11256.5 0
11257.5 0
11258.5 0
11259.5 0
11260.5 0
11261.5 0
11262.5 0
11263.5 0
11264.5 0
11265.5 0
11266.5 0
11267.5 0
11268.5 0
11269.5 0
11270.5 0
11271.5 0
11272.5 0
11273.5 0
11274.5 0
11275.5 0
11276.5 0
11277.5 0
11278.5 0
11279.5 0
11280.5 0
11281.5 0
11282.5 0
11283.5 0
11284.5 0
11285.5 0
11286.5 0
11287.5 0
11288.5 0
11289.5 0
11290.5 0
11291.5 0
11292.5 0
11293.5 0
11294.5 0
11295.5 0
11296.5 0
11297.5 -1.2
11298.5 0
11299.5 0
11300.5 0
11301.5 0
11302.5 0
11303.5 0
11304.5 0
11305.5 0
11306.5 0
11307.5 0
11308.5 0
11309.5 0
11310.5 0
11311.5 0
11312.5 0
11313.5 0
11314.5 0
11315.5 0
11316.5 0
11317.5 0
11318.5 0
11319.5 0
11320.5 0
11321.5 -1.2
11322.5 0
11323.5 0
11324.5 0
11325.5 0
11326.5 0
11327.5 0
11328.5 0
11329.5 0
11330.5 0
11331.5 0
11332.5 0
11333.5 0
11334.5 0
11335.5 0
11336.5 0
11337.5 0
11338.5 0
11339.5 0
11340.5 0
11341.5 0
11342.5 0
11343.5 0
11344.5 0
11345.5 0
11346.5 0
11347.5 0
11348.5 0
11349.5 0
11350.5 0
11351.5 0
11352.5 0
11353.5 0
11354.5 0
11355.5 0
11356.5 0
11357.5 0
11358.5 0
11359.5 0
11360.5 0
11361.5 0
11362.5 0
11363.5 0
11364.5 0
11365.5 0
11366.5 0
11367.5 0
11368.5 0
11369.5 0
11370.5 0
11371.5 0
11372.5 0
11373.5 0
11374.5 0
11375.5 0
11376.5 0
11377.5 0
11378.5 0
11379.5 0
11380.5 0
11381.5 0
11382.5 0
11383.5 0
11384.5 0
11385.5 0
11386.5 0
11387.5 0
11388.5 0
11389.5 0
11390.5 0
11391.5 0
11392.5 0
11393.5 0
11394.5 0
11395.5 0
11396.5 0
11397.5 0
11398.5 0
11399.5 0
11400.5 0
11401.5 0
11402.5 0
11403.5 0
11404.5 0
11405.5 0
11406.5 0
11407.5 0
11408.5 0
11409.5 0
11410.5 0
11411.5 0
11412.5 0
11413.5 0
11414.5 0
11415.5 0
11416.5 0
11417.5 0
11418.5 0
11419.5 0
11420.5 0
11421.5 0
11422.5 0
11423.5 0
11424.5 0
11425.5 0
11426.5 0
11427.5 0
11428.5 0
11429.5 0
11430.5 0
11431.5 0
11432.5 0
11433.5 0
11434.5 1
11435.5 0
11436.5 0
11437.5 0
11438.5 0
11439.5 0
11440.5 0
11441.5 0
11442.5 0
11443.5 0
11444.5 1
11445.5 0
11446.5 0
11447.5 0
11448.5 0
11449.5 0
11450.5 0
11451.5 0
11452.5 0
11453.5 0
11454.5 0
11455.5 0
11456.5 0
11457.5 0
11458.5 0
11459.5 0
11460.5 0
11461.5 0
11462.5 0
11463.5 0
11464.5 0
11465.5 0
11466.5 0
11467.5 0
11468.5 0
11469.5 0
11470.5 0
11471.5 0
11472.5 0
11473.5 0
11474.5 0
11475.5 0
11476.5 0
11477.5 0
11478.5 0
11479.5 0
11480.5 0
11481.5 0
11482.5 0
11483.5 0
11484.5 0
11485.5 0
11486.5 0
11487.5 0
11488.5 0
11489.5 0
11490.5 0
11491.5 0
11492.5 0
11493.5 0
11494.5 0
11495.5 0
11496.5 0
11497.5 0
11498.5 0
11499.5 0
11500.5 0
11501.5 0
11502.5 0
11503.5 0
11504.5 0
11505.5 0
11506.5 0
11507.5 0
11508.5 0
11509.5 0
11510.5 0
11511.5 0
11512.5 0
11513.5 0
11514.5 0
11515.5 0
11516.5 0
11517.5 0
11518.5 0
11519.5 0
11520.5 0
11521.5 0
11522.5 0
11523.5 0
11524.5 0
11525.5 0
11526.5 0
11527.5 0
11528.5 0
11529.5 0
11530.5 0
11531.5 0
11532.5 0
11533.5 0
11534.5 0
11535.5 0
11536.5 0
11537.5 0
11538.5 0
11539.5 0
11540.5 0
11541.5 0
11542.5 0
11543.5 0
11544.5 0
11545.5 0
11546.5 0
11547.5 0
11548.5 0
11549.5 0
11550.5 0
11551.5 0
11552.5 0
11553.5 0
11554.5 0
11555.5 0
11556.5 0
11557.5 0
11558.5 0
11559.5 0
11560.5 0
11561.5 0
11562.5 0
11563.5 0
11564.5 0
11565.5 0
11566.5 0
11567.5 0
11568.5 0
11569.5 0
11570.5 0
11571.5 0
11572.5 0
11573.5 0
11574.5 0
11575.5 0
11576.5 0
11577.5 0
11578.5 0
11579.5 0
11580.5 0
11581.5 0
11582.5 0
11583.5 0
11584.5 0
11585.5 0
11586.5 0
11587.5 0
11588.5 0
11589.5 0
11590.5 0
11591.5 0
11592.5 0
11593.5 1
11594.5 0
11595.5 0
11596.5 0
11597.5 0
11598.5 0
11599.5 0
11600.5 0
11601.5 0
11602.5 0
11603.5 0
11604.5 0
11605.5 0
11606.5 0
11607.5 0
11608.5 0
11609.5 0
11610.5 0
11611.5 0
11612.5 0
11613.5 0
11614.5 0
11615.5 0
11616.5 0
11617.5 0
11618.5 0
11619.5 0
11620.5 0
11621.5 0
11622.5 0
11623.5 0
11624.5 0
11625.5 0
11626.5 0
11627.5 0
11628.5 0
11629.5 0
11630.5 0
11631.5 0
11632.5 0
11633.5 0
11634.5 0
11635.5 0
11636.5 0
11637.5 0
11638.5 0
11639.5 0
11640.5 0
11641.5 0
11642.5 0
11643.5 0
11644.5 0
11645.5 0
11646.5 0
11647.5 0
11648.5 0
11649.5 0
11650.5 0
11651.5 0
11652.5 0
11653.5 0
11654.5 0
11655.5 0
11656.5 0
11657.5 0
11658.5 0
11659.5 0
11660.5 0
11661.5 0
11662.5 0
11663.5 0
11664.5 0
11665.5 0
11666.5 0
11667.5 0
11668.5 0
11669.5 0
11670.5 0
11671.5 0
11672.5 0
11673.5 0
11674.5 -1.2
11675.5 0
11676.5 0
11677.5 0
11678.5 0
11679.5 0
11680.5 0
11681.5 0
11682.5 0
11683.5 0
11684.5 0
11685.5 0
11686.5 0
11687.5 0
11688.5 0
11689.5 0
11690.5 0
11691.5 0
11692.5 0
11693.5 0
11694.5 0
11695.5 0
11696.5 0
11697.5 0
11698.5 0
11699.5 0
11700.5 0
11701.5 0
11702.5 0
11703.5 0
11704.5 0
11705.5 0
11706.5 0
11707.5 0
11708.5 0
11709.5 0
11710.5 0
11711.5 0
11712.5 0
11713.5 0
11714.5 0
11715.5 0
11716.5 0
11717.5 0
11718.5 0
11719.5 0
11720.5 0
11721.5 0
11722.5 0
11723.5 0
11724.5 0
11725.5 0
11726.5 0
11727.5 0
11728.5 0
11729.5 0
11730.5 0
11731.5 0
11732.5 -1.2
11733.5 0
11734.5 0
11735.5 0
11736.5 0
11737.5 0
11738.5 0
11739.5 0
11740.5 0
11741.5 0
11742.5 0
11743.5 0
11744.5 0
11745.5 0
11746.5 0
11747.5 0
11748.5 0
11749.5 0
11750.5 0
11751.5 0
11752.5 0
11753.5 0
11754.5 0
11755.5 0
11756.5 0
11757.5 0
11758.5 0
11759.5 0
11760.5 0
11761.5 0
11762.5 0
11763.5 0
11764.5 0
11765.5 0
11766.5 0
11767.5 0
11768.5 0
11769.5 0
11770.5 0
11771.5 0
11772.5 0
11773.5 0
11774.5 0
11775.5 0
11776.5 0
11777.5 0
11778.5 0
11779.5 0
11780.5 0
11781.5 0
11782.5 0
11783.5 0
11784.5 0
11785.5 0
11786.5 0
11787.5 0
11788.5 0
11789.5 0
11790.5 0
11791.5 0
11792.5 0
11793.5 0
11794.5 0
11795.5 0
11796.5 0
11797.5 -1.2
11798.5 0
11799.5 0
11800.5 0
11801.5 0
11802.5 0
11803.5 0
11804.5 0
11805.5 0
11806.5 0
11807.5 0
11808.5 0
11809.5 0
11810.5 0
11811.5 0
11812.5 0
11813.5 0
11814.5 0
11815.5 0
11816.5 0
11817.5 0
11818.5 0
11819.5 0
11820.5 0
11821.5 0
11822.5 0
11823.5 0
11824.5 0
11825.5 0
11826.5 0
11827.5 0
11828.5 0
11829.5 0
11830.5 0
11831.5 0
11832.5 0
11833.5 0
11834.5 0
11835.5 0
11836.5 0
11837.5 0
11838.5 0
11839.5 0
11840.5 0
11841.5 0
11842.5 0
11843.5 0
11844.5 0
11845.5 0
11846.5 0
11847.5 0
11848.5 0
11849.5 0
11850.5 0
11851.5 0
11852.5 0
11853.5 0
11854.5 0
11855.5 1
11856.5 0
11857.5 0
11858.5 0
11859.5 0
11860.5 0
11861.5 0
11862.5 0
11863.5 0
11864.5 0
11865.5 0
11866.5 0
11867.5 0
11868.5 0
11869.5 0
11870.5 0
11871.5 -1.2
11872.5 0
11873.5 0
11874.5 0
11875.5 0
11876.5 0
11877.5 0
11878.5 0
11879.5 0
11880.5 0
11881.5 0
11882.5 0
11883.5 0
11884.5 0
11885.5 -1.2
11886.5 0
11887.5 0
11888.5 0
11889.5 0
11890.5 0
11891.5 0
11892.5 0
11893.5 0
11894.5 0
11895.5 0
11896.5 0
11897.5 0
11898.5 0
11899.5 0
11900.5 0
11901.5 0
11902.5 0
11903.5 0
11904.5 0
11905.5 0
11906.5 0
11907.5 0
11908.5 0
11909.5 0
11910.5 0
11911.5 0
11912.5 0
11913.5 0
11914.5 0
11915.5 0
11916.5 0
11917.5 0
11918.5 0
11919.5 0
11920.5 0
11921.5 0
11922.5 0
11923.5 0
11924.5 0
11925.5 0
11926.5 0
11927.5 0
11928.5 0
11929.5 0
11930.5 0
11931.5 0
11932.5 0
11933.5 0
11934.5 0
11935.5 0
11936.5 0
11937.5 0
11938.5 0
11939.5 0
11940.5 0
11941.5 0
11942.5 0
11943.5 0
11944.5 0
11945.5 0
11946.5 0
11947.5 0
11948.5 0
11949.5 0
11950.5 0
11951.5 0
11952.5 0
11953.5 0
11954.5 0
11955.5 0
11956.5 0
11957.5 0
11958.5 0
11959.5 0
11960.5 0
11961.5 0
11962.5 0
11963.5 0
11964.5 0
11965.5 0
11966.5 0
11967.5 0
11968.5 0
11969.5 0
11970.5 0
11971.5 0
11972.5 0
11973.5 1
11974.5 0
11975.5 0
11976.5 0
11977.5 0
11978.5 0
11979.5 0
11980.5 0
11981.5 0
11982.5 0
11983.5 0
11984.5 0
11985.5 0
11986.5 0
11987.5 0
11988.5 0
11989.5 0
11990.5 0
11991.5 0
11992.5 0
11993.5 0
11994.5 0
11995.5 0
11996.5 0
11997.5 0
11998.5 0
11999.5 0
