# EGG_ProjY_E3877.0(4.0)_B3886.0(2.0)_B3853.5(1.5)
# X axis : Energy (keV) [Y axis]
# Y axis : Counts/1 keV
# N Bins : 12000
# X Min : 0
# X Max : 12000
# X value at the center of the bins
0.5 0
1.5 0
2.5 0
3.5 0
4.5 0
5.5 -5.71429
6.5 1.71428
7.5 -3
8.5 4.57143
9.5 -5
10.5 -16
11.5 26.1429
12.5 20.5714
13.5 29
14.5 -13.5714
15.5 64.7143
16.5 25.2857
17.5 29.7143
18.5 43.7143
19.5 35.4286
20.5 80.4286
21.5 90.2857
22.5 109.143
23.5 115.714
24.5 162.857
25.5 169.714
26.5 146.429
27.5 137.714
28.5 140.714
29.5 182.571
30.5 154.429
31.5 152.429
32.5 308
33.5 319.286
34.5 196.143
35.5 263.571
36.5 308.571
37.5 297.143
38.5 349.286
39.5 195.714
40.5 312.714
41.5 118.428
42.5 327.571
43.5 310.143
44.5 403.143
45.5 311.857
46.5 354
47.5 375.429
48.5 358.571
49.5 387.429
50.5 351
51.5 404.714
52.5 358.286
53.5 373
54.5 344.857
55.5 342.857
56.5 370.286
57.5 364.143
58.5 341.143
59.5 452.428
60.5 391.143
61.5 391.714
62.5 300.143
63.5 460.714
64.5 159.571
65.5 430.286
66.5 294.428
67.5 407.286
68.5 452
69.5 403.286
70.5 314.571
71.5 367.286
72.5 359.428
73.5 388.286
74.5 701.571
75.5 722.286
76.5 768.857
77.5 739.571
78.5 595.286
79.5 412.428
80.5 403.571
81.5 477.857
82.5 316.143
83.5 361.286
84.5 342.714
85.5 466.571
86.5 493.571
87.5 668.857
88.5 519.286
89.5 473.286
90.5 510.857
91.5 396.286
92.5 476.714
93.5 436
94.5 333.571
95.5 344.571
96.5 395
97.5 346.571
98.5 297.571
99.5 368.286
100.5 500.714
101.5 433.286
102.5 480
103.5 328.857
104.5 289
105.5 435.714
106.5 289.857
107.5 436.857
108.5 406.857
109.5 408.857
110.5 350.571
111.5 479.571
112.5 342.428
113.5 409.428
114.5 451.571
115.5 397.428
116.5 286.286
117.5 424.428
118.5 427.286
119.5 282.714
120.5 287.286
121.5 391
122.5 407.857
123.5 307.714
124.5 428
125.5 349.857
126.5 577
127.5 401.143
128.5 494.857
129.5 560.143
130.5 414.286
131.5 437.714
132.5 406.286
133.5 427.857
134.5 418.428
135.5 440.714
136.5 588.286
137.5 438.857
138.5 429.286
139.5 442.286
140.5 453.571
141.5 469.143
142.5 510.143
143.5 384
144.5 398.571
145.5 433.286
146.5 484.857
147.5 518.286
148.5 586
149.5 544.714
150.5 447.428
151.5 415.857
152.5 514.428
153.5 468.857
154.5 608.143
155.5 448.571
156.5 483.857
157.5 637.571
158.5 620.571
159.5 634.571
160.5 508.428
161.5 346.143
162.5 371.428
163.5 630.857
164.5 503.714
165.5 540.714
166.5 560.857
167.5 394.428
168.5 515.143
169.5 577.143
170.5 408
171.5 543.428
172.5 725.714
173.5 524.857
174.5 581.714
175.5 468.714
176.5 623.857
177.5 536
178.5 610.857
179.5 414.286
180.5 577.714
181.5 628.571
182.5 649.571
183.5 469.286
184.5 515.286
185.5 527.857
186.5 399.714
187.5 408
188.5 473
189.5 545.286
190.5 584.143
191.5 534
192.5 709.714
193.5 603.143
194.5 568.143
195.5 530.857
196.5 574.143
197.5 391.714
198.5 510
199.5 483.428
200.5 463.143
201.5 765.286
202.5 587.428
203.5 484.714
204.5 637.428
205.5 474
206.5 612.571
207.5 546.714
208.5 584.428
209.5 648.857
210.5 665.286
211.5 604.857
212.5 460.428
213.5 622
214.5 607
215.5 499.571
216.5 592
217.5 547.428
218.5 584.714
219.5 285.428
220.5 454.571
221.5 772
222.5 485
223.5 656.143
224.5 469.143
225.5 616
226.5 654.714
227.5 422.857
228.5 543.286
229.5 570.714
230.5 796.428
231.5 563.571
232.5 616
233.5 603.286
234.5 705.286
235.5 624.143
236.5 705
237.5 676.143
238.5 655.857
239.5 492
240.5 533.286
241.5 378.428
242.5 452.143
243.5 578.714
244.5 589.714
245.5 459.857
246.5 565.286
247.5 471.143
248.5 534.714
249.5 527
250.5 624.286
251.5 570.143
252.5 374.857
253.5 600
254.5 419.857
255.5 483.857
256.5 572.571
257.5 643.857
258.5 600.857
259.5 519
260.5 524.714
261.5 495.857
262.5 606
263.5 630.143
264.5 528.571
265.5 500.714
266.5 559.428
267.5 622.428
268.5 497.714
269.5 559.571
270.5 594.428
271.5 527
272.5 381.857
273.5 379.286
274.5 549.571
275.5 392.714
276.5 560.857
277.5 495.714
278.5 451.143
279.5 436.143
280.5 341.714
281.5 409.857
282.5 294.714
283.5 322.571
284.5 271.428
285.5 305
286.5 441.143
287.5 470.714
288.5 558.428
289.5 573.571
290.5 605.143
291.5 464.857
292.5 635.857
293.5 656.571
294.5 618
295.5 504.714
296.5 472.714
297.5 447.143
298.5 500.857
299.5 464.714
300.5 535.143
301.5 388.143
302.5 364.571
303.5 539.857
304.5 508.143
305.5 500.571
306.5 314.143
307.5 472.143
308.5 461.286
309.5 469.571
310.5 571.143
311.5 437.428
312.5 406.143
313.5 310.857
314.5 322.286
315.5 278.857
316.5 361.428
317.5 315.143
318.5 232.714
319.5 241.143
320.5 287
321.5 179.428
322.5 182.428
323.5 371.428
324.5 411.571
325.5 412.857
326.5 549.714
327.5 535
328.5 532.571
329.5 506.714
330.5 537
331.5 514
332.5 636.714
333.5 597.428
334.5 551.428
335.5 562.429
336.5 592.428
337.5 562.286
338.5 651.857
339.5 541.571
340.5 410
341.5 543.857
342.5 632.571
343.5 433.571
344.5 369.143
345.5 454.714
346.5 376.429
347.5 386.571
348.5 479.571
349.5 412
350.5 238.857
351.5 251.571
352.5 264
353.5 327.429
354.5 149.714
355.5 157.429
356.5 277.286
357.5 319.857
358.5 270
359.5 236.143
360.5 240.714
361.5 199.857
362.5 286.857
363.5 345.286
364.5 262
365.5 360.429
366.5 419
367.5 321
368.5 436.857
369.5 398.714
370.5 280.714
371.5 448.429
372.5 295.286
373.5 300.286
374.5 229
375.5 326.143
376.5 391.571
377.5 320.714
378.5 288.429
379.5 343
380.5 368.429
381.5 311.286
382.5 421.857
383.5 372.143
384.5 398.429
385.5 542.714
386.5 485.143
387.5 436
388.5 380.857
389.5 410
390.5 234.571
391.5 336.143
392.5 380.714
393.5 295.857
394.5 212.571
395.5 397.857
396.5 262
397.5 270.857
398.5 350.857
399.5 363.286
400.5 359
401.5 339.857
402.5 522.571
403.5 1288.57
404.5 1310.14
405.5 741.143
406.5 281.286
407.5 230.714
408.5 285.429
409.5 249.571
410.5 234.429
411.5 248.857
412.5 217.429
413.5 301.429
414.5 205.571
415.5 306.429
416.5 248.286
417.5 306.857
418.5 367.143
419.5 355.143
420.5 397.286
421.5 403.143
422.5 358.143
423.5 362
424.5 361.143
425.5 320.286
426.5 336.571
427.5 347.286
428.5 313.429
429.5 251.857
430.5 138.143
431.5 314.714
432.5 228.857
433.5 342.714
434.5 302.143
435.5 269.571
436.5 330.429
437.5 288.857
438.5 366.143
439.5 282.857
440.5 442.429
441.5 405.571
442.5 219.571
443.5 301
444.5 293.143
445.5 330.714
446.5 212.571
447.5 156.429
448.5 241.714
449.5 230.857
450.5 327.857
451.5 263.571
452.5 211.286
453.5 229.429
454.5 328
455.5 281.857
456.5 275.143
457.5 218.571
458.5 379
459.5 315
460.5 332.286
461.5 258
462.5 167.143
463.5 364.143
464.5 340.714
465.5 244.714
466.5 233.143
467.5 253.143
468.5 336.857
469.5 261.429
470.5 275.571
471.5 323.429
472.5 282.429
473.5 238.143
474.5 313.286
475.5 285.714
476.5 354.571
477.5 268.429
478.5 309.857
479.5 368.143
480.5 362.857
481.5 347.714
482.5 308.571
483.5 395.143
484.5 325.714
485.5 272.143
486.5 222
487.5 186.143
488.5 289.714
489.5 301.571
490.5 241
491.5 227.286
492.5 241
493.5 177.571
494.5 286.286
495.5 178.857
496.5 311.857
497.5 293
498.5 328.143
499.5 461.143
500.5 259.714
501.5 242.714
502.5 350.429
503.5 282.429
504.5 323.571
505.5 394.714
506.5 493.714
507.5 955.571
508.5 1630.43
509.5 2433
510.5 2933.71
511.5 2768.86
512.5 1818.29
513.5 937.714
514.5 437.714
515.5 362.286
516.5 309.429
517.5 303.857
518.5 244.857
519.5 244
520.5 203.714
521.5 196.143
522.5 249.143
523.5 207
524.5 244.286
525.5 156.286
526.5 199.429
527.5 138.286
528.5 102.571
529.5 147.143
530.5 174.429
531.5 202.857
532.5 166.429
533.5 205.571
534.5 262.571
535.5 162.429
536.5 300.571
537.5 264.571
538.5 288
539.5 255.571
540.5 346.714
541.5 262.286
542.5 313.714
543.5 263.714
544.5 246.857
545.5 234.429
546.5 226
547.5 232.286
548.5 260.571
549.5 151.714
550.5 246.857
551.5 166.429
552.5 265.429
553.5 175.286
554.5 288.714
555.5 320.286
556.5 297.143
557.5 257.286
558.5 250.286
559.5 324.286
560.5 228.429
561.5 301.857
562.5 224.143
563.5 230.143
564.5 221.286
565.5 249.429
566.5 273
567.5 188.286
568.5 124.286
569.5 171.143
570.5 115
571.5 128.143
572.5 238
573.5 142
574.5 179.143
575.5 320.714
576.5 312.857
577.5 347
578.5 393.143
579.5 424.571
580.5 334.286
581.5 353.571
582.5 290.143
583.5 276.714
584.5 304.571
585.5 276.714
586.5 246.571
587.5 272.429
588.5 293.286
589.5 316.286
590.5 265.571
591.5 273.143
592.5 251.571
593.5 230.714
594.5 240.714
595.5 137
596.5 182.571
597.5 208.857
598.5 188.714
599.5 176.143
600.5 182.857
601.5 184
602.5 121.857
603.5 123
604.5 119.857
605.5 165.143
606.5 191.286
607.5 156.857
608.5 166.857
609.5 194.714
610.5 241.286
611.5 172.429
612.5 186.429
613.5 161.429
614.5 229.286
615.5 245.143
616.5 207.857
617.5 260
618.5 232.143
619.5 279.714
620.5 251.714
621.5 259.429
622.5 214.857
623.5 255.571
624.5 237.429
625.5 216.143
626.5 258.286
627.5 312.571
628.5 145.428
629.5 248.714
630.5 255.143
631.5 198.143
632.5 186.571
633.5 189.714
634.5 237.714
635.5 186.286
636.5 235.429
637.5 168.429
638.5 231.857
639.5 282.857
640.5 234.429
641.5 208
642.5 177.571
643.5 172.571
644.5 225.857
645.5 211.714
646.5 204.143
647.5 255.286
648.5 234.143
649.5 210.429
650.5 284.143
651.5 329.857
652.5 301.286
653.5 246.143
654.5 250.143
655.5 188.286
656.5 221
657.5 201.714
658.5 237.286
659.5 255.714
660.5 209.857
661.5 225.286
662.5 223.714
663.5 47.4285
664.5 137.286
665.5 166.714
666.5 147.286
667.5 147.571
668.5 159.571
669.5 218.714
670.5 180.571
671.5 176.571
672.5 228.571
673.5 227.857
674.5 157.143
675.5 209
676.5 255.143
677.5 260
678.5 147.571
679.5 215.143
680.5 213.429
681.5 331.571
682.5 241.143
683.5 238.143
684.5 218.429
685.5 282
686.5 277.857
687.5 242.143
688.5 154.857
689.5 170.429
690.5 182.286
691.5 263.286
692.5 147.857
693.5 188.286
694.5 157.143
695.5 217.571
696.5 267.571
697.5 171.429
698.5 207.286
699.5 219.286
700.5 257.429
701.5 195.143
702.5 213.143
703.5 242.429
704.5 220.714
705.5 124.857
706.5 276.429
707.5 158.714
708.5 192.714
709.5 252.286
710.5 161.286
711.5 150.286
712.5 202.286
713.5 189.286
714.5 194
715.5 164.429
716.5 216.857
717.5 153.571
718.5 189.571
719.5 163.714
720.5 165.857
721.5 117.714
722.5 283.857
723.5 185
724.5 205.286
725.5 252.714
726.5 119.571
727.5 211
728.5 233.857
729.5 167.714
730.5 205.857
731.5 223.571
732.5 189.714
733.5 166.857
734.5 194.571
735.5 170.857
736.5 208.143
737.5 179
738.5 272.714
739.5 200.286
740.5 226.571
741.5 185.429
742.5 241
743.5 276.714
744.5 144.857
745.5 254.286
746.5 276
747.5 218.429
748.5 244.429
749.5 275.714
750.5 179.857
751.5 240
752.5 174
753.5 155.571
754.5 218
755.5 221
756.5 205.286
757.5 290.143
758.5 450.571
759.5 1452
760.5 4094.57
761.5 4333.29
762.5 2010.71
763.5 530.286
764.5 201.286
765.5 189.286
766.5 153.857
767.5 141
768.5 176.143
769.5 231.429
770.5 194.857
771.5 263.286
772.5 212
773.5 246.286
774.5 216
775.5 205.286
776.5 265.714
777.5 169.571
778.5 224.286
779.5 224
780.5 223.571
781.5 170.714
782.5 212.714
783.5 266.143
784.5 219.429
785.5 188.714
786.5 182.857
787.5 173.143
788.5 128
789.5 141.571
790.5 180.286
791.5 209.571
792.5 184.286
793.5 186.429
794.5 109.571
795.5 175.714
796.5 214.286
797.5 181
798.5 224.857
799.5 111.714
800.5 242
801.5 160
802.5 209.143
803.5 232.857
804.5 211.857
805.5 237.143
806.5 124.143
807.5 165.429
808.5 175
809.5 220.714
810.5 245.571
811.5 231
812.5 226.857
813.5 245.143
814.5 274.286
815.5 177.143
816.5 221
817.5 177.857
818.5 220.714
819.5 207
820.5 240.857
821.5 153.143
822.5 126.286
823.5 152.857
824.5 190.571
825.5 252.429
826.5 241.714
827.5 175.857
828.5 175.571
829.5 289.286
830.5 244.429
831.5 145
832.5 209.429
833.5 164.571
834.5 181.143
835.5 177
836.5 229.286
837.5 249.571
838.5 173.571
839.5 182.429
840.5 180.286
841.5 174.429
842.5 160.857
843.5 262.857
844.5 223.571
845.5 214.143
846.5 218
847.5 260.714
848.5 197.429
849.5 94
850.5 229.857
851.5 255.429
852.5 254.714
853.5 268.143
854.5 226
855.5 222.143
856.5 212.286
857.5 203.857
858.5 271.714
859.5 195.857
860.5 241.429
861.5 270.714
862.5 199.571
863.5 231.857
864.5 286.286
865.5 286.143
866.5 200.429
867.5 166.571
868.5 291.571
869.5 283.286
870.5 254.714
871.5 244.714
872.5 325.571
873.5 252.857
874.5 271.143
875.5 266.714
876.5 277.286
877.5 168.286
878.5 252.714
879.5 266
880.5 250.143
881.5 268.857
882.5 248
883.5 235.143
884.5 236.429
885.5 255.429
886.5 262.143
887.5 239.714
888.5 319.286
889.5 277.286
890.5 235.857
891.5 231.571
892.5 212.857
893.5 289.429
894.5 208.857
895.5 314.429
896.5 235.286
897.5 275.286
898.5 277.143
899.5 213.571
900.5 247.571
901.5 254.429
902.5 259
903.5 315
904.5 286.143
905.5 278.143
906.5 263.571
907.5 341.714
908.5 226.714
909.5 302.286
910.5 257.286
911.5 292.714
912.5 225.714
913.5 232
914.5 245.857
915.5 238.857
916.5 328.429
917.5 336.857
918.5 285.714
919.5 221.857
920.5 285.286
921.5 219.571
922.5 258.571
923.5 334.571
924.5 309
925.5 283.571
926.5 289.571
927.5 218
928.5 288
929.5 251.429
930.5 361.286
931.5 296.143
932.5 335.714
933.5 328.429
934.5 235.714
935.5 266.286
936.5 261.857
937.5 178
938.5 343.143
939.5 292.571
940.5 297.286
941.5 313.857
942.5 275.857
943.5 237.286
944.5 259
945.5 274
946.5 285.714
947.5 245.571
948.5 199.286
949.5 270.571
950.5 213.857
951.5 221.714
952.5 217.286
953.5 225
954.5 236.857
955.5 187.857
956.5 227.429
957.5 184.143
958.5 230.143
959.5 223.571
960.5 226.571
961.5 215.143
962.5 265.429
963.5 261.714
964.5 182.429
965.5 188.143
966.5 220
967.5 153.571
968.5 162.714
969.5 167.571
970.5 206.429
971.5 174
972.5 169.286
973.5 241
974.5 205.143
975.5 227
976.5 231.286
977.5 155.571
978.5 178.286
979.5 176.286
980.5 179.286
981.5 153.857
982.5 197.429
983.5 197.714
984.5 199.857
985.5 177
986.5 184
987.5 160.143
988.5 139.429
989.5 148.857
990.5 162.429
991.5 220.286
992.5 129.571
993.5 155.571
994.5 182.571
995.5 135.857
996.5 210
997.5 180.143
998.5 128.143
999.5 150.286
1000.5 71.9999
1001.5 105.143
1002.5 316
1003.5 151.143
1004.5 81.4285
1005.5 142.429
1006.5 103.286
1007.5 192
1008.5 172.286
1009.5 171
1010.5 206.286
1011.5 116.571
1012.5 86.5714
1013.5 107.286
1014.5 167.429
1015.5 129
1016.5 144.571
1017.5 164.714
1018.5 153.143
1019.5 139.143
1020.5 127.429
1021.5 136.286
1022.5 207.714
1023.5 186
1024.5 352.571
1025.5 287.857
1026.5 194.571
1027.5 149.714
1028.5 142
1029.5 148.286
1030.5 164.286
1031.5 151.714
1032.5 76.7143
1033.5 128.857
1034.5 124.714
1035.5 131.143
1036.5 129.571
1037.5 156.714
1038.5 176.714
1039.5 125.714
1040.5 124.429
1041.5 162.429
1042.5 146.571
1043.5 131
1044.5 94.4286
1045.5 100.143
1046.5 106.143
1047.5 97
1048.5 77.2857
1049.5 156
1050.5 171.571
1051.5 110
1052.5 91.8571
1053.5 102.286
1054.5 89.7143
1055.5 88.2857
1056.5 167.857
1057.5 137.143
1058.5 41.2857
1059.5 70.5714
1060.5 106.143
1061.5 69.4286
1062.5 131.143
1063.5 124.857
1064.5 115.714
1065.5 158.286
1066.5 102.714
1067.5 86.8571
1068.5 158.857
1069.5 153
1070.5 109.857
1071.5 263.714
1072.5 343.571
1073.5 707.428
1074.5 833.857
1075.5 488.286
1076.5 261.857
1077.5 161.143
1078.5 159.429
1079.5 63.8571
1080.5 87.8571
1081.5 111.286
1082.5 117.286
1083.5 118.571
1084.5 78.4286
1085.5 83.2857
1086.5 97.2857
1087.5 132.429
1088.5 126.429
1089.5 45.5714
1090.5 120.857
1091.5 88.1428
1092.5 59
1093.5 54.5714
1094.5 61
1095.5 161.286
1096.5 47.5714
1097.5 147.429
1098.5 112.429
1099.5 88.8571
1100.5 51.5714
1101.5 101.571
1102.5 130.714
1103.5 105.429
1104.5 109.286
1105.5 89.1428
1106.5 152.571
1107.5 67.5714
1108.5 93.2857
1109.5 125
1110.5 142.857
1111.5 89.2857
1112.5 121.857
1113.5 109.571
1114.5 118.143
1115.5 61
1116.5 99.1428
1117.5 144
1118.5 105.714
1119.5 165.714
1120.5 115.286
1121.5 192
1122.5 258.571
1123.5 1030.86
1124.5 3126.29
1125.5 6854.86
1126.5 7868.57
1127.5 3592.86
1128.5 870.143
1129.5 155.143
1130.5 121.286
1131.5 87.4286
1132.5 57.2857
1133.5 63.7143
1134.5 78.8571
1135.5 106.143
1136.5 79
1137.5 136.286
1138.5 43
1139.5 108
1140.5 81.8571
1141.5 71.5714
1142.5 91.4286
1143.5 77.5714
1144.5 106.143
1145.5 94.7143
1146.5 144.714
1147.5 71.4286
1148.5 98.4286
1149.5 110
1150.5 34.4286
1151.5 117.571
1152.5 105.286
1153.5 443.143
1154.5 1602.29
1155.5 5487.57
1156.5 12432.1
1157.5 12679.3
1158.5 5334.29
1159.5 1064.14
1160.5 222.714
1161.5 135.857
1162.5 71
1163.5 57.5714
1164.5 72.1428
1165.5 73
1166.5 40
1167.5 6.71427
1168.5 55.2857
1169.5 72.7143
1170.5 75.1428
1171.5 49.4286
1172.5 51.4286
1173.5 74.2857
1174.5 58.8571
1175.5 46.5714
1176.5 79.5714
1177.5 36.8571
1178.5 52.7143
1179.5 58.2857
1180.5 13.1428
1181.5 111
1182.5 42.5714
1183.5 40.7143
1184.5 56.7143
1185.5 80.4286
1186.5 80.1428
1187.5 -11
1188.5 52.4286
1189.5 35.5714
1190.5 80.4286
1191.5 23.8571
1192.5 41.8571
1193.5 26.5714
1194.5 43.5714
1195.5 41.4286
1196.5 67.1428
1197.5 13.5714
1198.5 90.4286
1199.5 8.85713
1200.5 52.7143
1201.5 34.1428
1202.5 19.7143
1203.5 36.7143
1204.5 13.7143
1205.5 19.1428
1206.5 64.7143
1207.5 78.5714
1208.5 50.8571
1209.5 65.4286
1210.5 56.8571
1211.5 62.5714
1212.5 49.4286
1213.5 16.7143
1214.5 99.7143
1215.5 88.7143
1216.5 60.7143
1217.5 45.7143
1218.5 29.5714
1219.5 62.8571
1220.5 51.2857
1221.5 68.4286
1222.5 49.1428
1223.5 88.7143
1224.5 69.8571
1225.5 63.8571
1226.5 102.571
1227.5 68.8571
1228.5 81.7143
1229.5 64.7143
1230.5 47.2857
1231.5 37
1232.5 31
1233.5 16
1234.5 68.2857
1235.5 47.4286
1236.5 30
1237.5 63.8571
1238.5 37
1239.5 58.2857
1240.5 28.5714
1241.5 69.7143
1242.5 81.1428
1243.5 62.1428
1244.5 80.7143
1245.5 105.571
1246.5 51.2857
1247.5 40.4286
1248.5 37.1428
1249.5 51.1428
1250.5 80.5714
1251.5 65.8571
1252.5 31.1428
1253.5 68
1254.5 49.8571
1255.5 41.1428
1256.5 51.2857
1257.5 7.57142
1258.5 54.2857
1259.5 51
1260.5 7.14284
1261.5 63.1428
1262.5 54
1263.5 23.2857
1264.5 -0.714296
1265.5 56.4286
1266.5 -1.57144
1267.5 12.7143
1268.5 44.5714
1269.5 14.7143
1270.5 63.7143
1271.5 58.4286
1272.5 72.8571
1273.5 71.7143
1274.5 58
1275.5 60.2857
1276.5 46.8571
1277.5 2.2857
1278.5 47.1428
1279.5 43.2857
1280.5 62.7143
1281.5 64.2857
1282.5 118.429
1283.5 102.429
1284.5 92.8571
1285.5 70.5714
1286.5 59.5714
1287.5 74.5714
1288.5 75.8571
1289.5 83.2857
1290.5 54.1428
1291.5 48.4286
1292.5 51.5714
1293.5 47.2857
1294.5 45.7143
1295.5 41
1296.5 56.4286
1297.5 66.4286
1298.5 60.8571
1299.5 23.8571
1300.5 29.8571
1301.5 29.8571
1302.5 62.2857
1303.5 40.7143
1304.5 33.8571
1305.5 39.7143
1306.5 51
1307.5 41.1428
1308.5 12.5714
1309.5 -1.42859
1310.5 49
1311.5 43.1428
1312.5 7.42856
1313.5 59.4286
1314.5 52.1428
1315.5 42.2857
1316.5 87.7143
1317.5 31.8571
1318.5 53.1428
1319.5 50.7143
1320.5 41.1428
1321.5 68.5714
1322.5 77.5714
1323.5 46.8571
1324.5 72.8571
1325.5 22.5714
1326.5 28
1327.5 65
1328.5 34
1329.5 79.8571
1330.5 54.4286
1331.5 35.4286
1332.5 34.5714
1333.5 77.8571
1334.5 38.8571
1335.5 34.8571
1336.5 39.7143
1337.5 21
1338.5 74.5714
1339.5 74.7143
1340.5 42.8571
1341.5 39.1428
1342.5 21.5714
1343.5 55
1344.5 51.5714
1345.5 61.4286
1346.5 49.8571
1347.5 73.8571
1348.5 50.4286
1349.5 65
1350.5 27.1428
1351.5 68.2857
1352.5 48.2857
1353.5 63.2857
1354.5 53.2857
1355.5 25.2857
1356.5 47.2857
1357.5 38.1429
1358.5 64.5714
1359.5 15.1428
1360.5 63.2857
1361.5 85.8571
1362.5 34.2857
1363.5 90.4286
1364.5 50.4286
1365.5 64.2857
1366.5 37.7143
1367.5 36
1368.5 60.7143
1369.5 34.2857
1370.5 34.5714
1371.5 50.5714
1372.5 46.8571
1373.5 23.1428
1374.5 83.1428
1375.5 68
1376.5 97.2857
1377.5 82.7143
1378.5 96
1379.5 12
1380.5 22.2857
1381.5 28.4286
1382.5 68.8571
1383.5 50.2857
1384.5 75.8571
1385.5 54
1386.5 92.8571
1387.5 192.286
1388.5 255.714
1389.5 93
1390.5 88.7143
1391.5 82
1392.5 39.1429
1393.5 64.7143
1394.5 11.5714
1395.5 70.1429
1396.5 53.8571
1397.5 72.1429
1398.5 58.1429
1399.5 31.7143
1400.5 36.8571
1401.5 34.1428
1402.5 47.7143
1403.5 37.7143
1404.5 27
1405.5 75.7143
1406.5 49
1407.5 57
1408.5 40.2857
1409.5 33.2857
1410.5 41.5714
1411.5 19.2857
1412.5 47.1429
1413.5 45.5714
1414.5 60.2857
1415.5 32
1416.5 38.4286
1417.5 43.7143
1418.5 78.2857
1419.5 74.5714
1420.5 68.1428
1421.5 70.4286
1422.5 78.8571
1423.5 50
1424.5 44.2857
1425.5 76.8571
1426.5 121
1427.5 275.143
1428.5 372.857
1429.5 304.857
1430.5 124.143
1431.5 68.5714
1432.5 46.4286
1433.5 44
1434.5 43.1428
1435.5 83.1428
1436.5 40.5714
1437.5 58.4286
1438.5 40.2857
1439.5 64.7143
1440.5 35.7143
1441.5 32
1442.5 71
1443.5 42.5714
1444.5 29.7143
1445.5 74
1446.5 53
1447.5 86.8571
1448.5 40
1449.5 43.5714
1450.5 76.4286
1451.5 41.8571
1452.5 54.8571
1453.5 1.57142
1454.5 65.5714
1455.5 60.4286
1456.5 44.8571
1457.5 49.1429
1458.5 34
1459.5 43.2857
1460.5 58
1461.5 71.1429
1462.5 36.2857
1463.5 49.8571
1464.5 36.1428
1465.5 49.4286
1466.5 59.2857
1467.5 80
1468.5 27.7143
1469.5 62.4286
1470.5 55
1471.5 60.5714
1472.5 55.8571
1473.5 74.5714
1474.5 72.5714
1475.5 37.5714
1476.5 72
1477.5 93.7143
1478.5 81.4286
1479.5 126
1480.5 119.714
1481.5 72.4286
1482.5 61.4286
1483.5 51.1429
1484.5 72
1485.5 38.8571
1486.5 72.4286
1487.5 33.1429
1488.5 34.2857
1489.5 21.7143
1490.5 30.2857
1491.5 44.2857
1492.5 16.4286
1493.5 17.1429
1494.5 49.5714
1495.5 55.7143
1496.5 10.8571
1497.5 56.8571
1498.5 -2.42862
1499.5 -23.1429
1500.5 77.4285
1501.5 31.8571
1502.5 17.8571
1503.5 52.1429
1504.5 91
1505.5 28
1506.5 49
1507.5 52.4286
1508.5 71.5714
1509.5 51.2857
1510.5 34.5714
1511.5 91.8571
1512.5 71.7143
1513.5 84.7143
1514.5 69.8571
1515.5 87.1429
1516.5 80.7143
1517.5 78.7143
1518.5 139.286
1519.5 106.714
1520.5 104.857
1521.5 116
1522.5 87.4286
1523.5 60.7143
1524.5 41.4286
1525.5 73
1526.5 65.7143
1527.5 61.2857
1528.5 27.5714
1529.5 30.5714
1530.5 48.5714
1531.5 46
1532.5 52.2857
1533.5 42
1534.5 75.5714
1535.5 46.7143
1536.5 69.5714
1537.5 82.7143
1538.5 123.429
1539.5 142.286
1540.5 165.571
1541.5 73.5714
1542.5 42.7143
1543.5 74.2857
1544.5 49.5714
1545.5 48
1546.5 56.1428
1547.5 55.5714
1548.5 24.7143
1549.5 72.7143
1550.5 65.7143
1551.5 37.1429
1552.5 67
1553.5 42.2857
1554.5 65.4286
1555.5 67.7143
1556.5 87.2857
1557.5 43.8571
1558.5 21
1559.5 57.5714
1560.5 49.5714
1561.5 24.1429
1562.5 41.4286
1563.5 47.7143
1564.5 62.5714
1565.5 32.4286
1566.5 58.4286
1567.5 27.2857
1568.5 67.8571
1569.5 28.2857
1570.5 62.2857
1571.5 81.5714
1572.5 52.8571
1573.5 45.2857
1574.5 53.1429
1575.5 49
1576.5 62.4286
1577.5 45.7143
1578.5 58.5714
1579.5 73.8571
1580.5 56.8571
1581.5 48.5714
1582.5 34.5714
1583.5 20.8571
1584.5 62.1429
1585.5 45.2857
1586.5 34.8571
1587.5 47.4286
1588.5 64.5714
1589.5 81.1428
1590.5 82
1591.5 55.2857
1592.5 91.7143
1593.5 46.4286
1594.5 113.571
1595.5 78.7143
1596.5 68.7143
1597.5 107.286
1598.5 41.1429
1599.5 79.4286
1600.5 45.5714
1601.5 59.5714
1602.5 73.2857
1603.5 64.5714
1604.5 64.4286
1605.5 65.4286
1606.5 44.1429
1607.5 77.4286
1608.5 63.4286
1609.5 55.4286
1610.5 71.5714
1611.5 83.1429
1612.5 73.5714
1613.5 41
1614.5 61.8571
1615.5 64.1429
1616.5 56
1617.5 32.1429
1618.5 36.7143
1619.5 41.7143
1620.5 44.7143
1621.5 84.2857
1622.5 77.2857
1623.5 74.8571
1624.5 67.5714
1625.5 76.5714
1626.5 56.8571
1627.5 30.7143
1628.5 34.5714
1629.5 69.5714
1630.5 11
1631.5 72.5714
1632.5 38.1428
1633.5 83.5714
1634.5 94.1428
1635.5 24.4286
1636.5 80.5714
1637.5 93.8571
1638.5 89.2857
1639.5 97.5714
1640.5 68
1641.5 79.1428
1642.5 101.286
1643.5 98.2857
1644.5 64.1429
1645.5 77.5714
1646.5 151.143
1647.5 182.857
1648.5 226.571
1649.5 190.429
1650.5 110.571
1651.5 60.8571
1652.5 75.8571
1653.5 57.1429
1654.5 56.7143
1655.5 44.8571
1656.5 51.8571
1657.5 53.2857
1658.5 42.2857
1659.5 16.7143
1660.5 54.4286
1661.5 28.5714
1662.5 38.8571
1663.5 42.8571
1664.5 80
1665.5 16.5714
1666.5 56.5714
1667.5 52.4286
1668.5 37.5714
1669.5 41.2857
1670.5 75.8571
1671.5 56.2857
1672.5 43
1673.5 48.2857
1674.5 112.286
1675.5 64.7143
1676.5 62.5714
1677.5 51.2857
1678.5 37
1679.5 32
1680.5 44.8571
1681.5 58.1429
1682.5 54.2857
1683.5 59.8571
1684.5 60.8571
1685.5 63.4286
1686.5 64.1429
1687.5 97.7143
1688.5 56.4286
1689.5 52.8571
1690.5 27
1691.5 76.4286
1692.5 27.4286
1693.5 64.7143
1694.5 49.4286
1695.5 76.1429
1696.5 73.2857
1697.5 60.2857
1698.5 31.1429
1699.5 37.1429
1700.5 65.8571
1701.5 73.4286
1702.5 57.2857
1703.5 86
1704.5 50.1429
1705.5 110.286
1706.5 103.857
1707.5 45.5714
1708.5 45.1429
1709.5 62.5714
1710.5 45.8571
1711.5 23.5714
1712.5 47.7143
1713.5 47.2857
1714.5 93.5714
1715.5 56.1429
1716.5 45
1717.5 34.8571
1718.5 78.1428
1719.5 49.4286
1720.5 69
1721.5 57.2857
1722.5 70.2857
1723.5 25.8571
1724.5 -20.4286
1725.5 -9.7143
1726.5 31.7143
1727.5 36.8571
1728.5 67.5714
1729.5 36.4286
1730.5 58.1429
1731.5 52.5714
1732.5 68
1733.5 36.7143
1734.5 84.7143
1735.5 99.7143
1736.5 110
1737.5 83.2857
1738.5 46.5714
1739.5 25.2857
1740.5 10.5714
1741.5 27.4286
1742.5 45
1743.5 67
1744.5 46.2857
1745.5 40.4286
1746.5 47
1747.5 42.2857
1748.5 48
1749.5 57.4286
1750.5 35.8571
1751.5 31.7143
1752.5 58.1429
1753.5 61.2857
1754.5 48.7143
1755.5 34.4286
1756.5 16.1429
1757.5 37.7143
1758.5 30.2857
1759.5 23.4286
1760.5 60.5714
1761.5 21.4286
1762.5 35.5714
1763.5 49.5714
1764.5 43.1429
1765.5 52.7143
1766.5 23.4286
1767.5 51
1768.5 41.2857
1769.5 59
1770.5 48.4286
1771.5 113.857
1772.5 126.286
1773.5 134.429
1774.5 74.1428
1775.5 33.5714
1776.5 19
1777.5 -12.8572
1778.5 21.8571
1779.5 48.4286
1780.5 -7.00001
1781.5 15.7143
1782.5 59.4286
1783.5 56.1429
1784.5 52.5714
1785.5 43.5714
1786.5 37.8571
1787.5 39
1788.5 45.1429
1789.5 40.2857
1790.5 37.2857
1791.5 58.5714
1792.5 35.8571
1793.5 31
1794.5 84.1429
1795.5 100.143
1796.5 83.5714
1797.5 71.4286
1798.5 63.8571
1799.5 29
1800.5 49.4286
1801.5 68
1802.5 13.2857
1803.5 35.2857
1804.5 32.2857
1805.5 28.4286
1806.5 29.8571
1807.5 6.85713
1808.5 6.71427
1809.5 41.5714
1810.5 25
1811.5 45.4286
1812.5 48.7143
1813.5 37.8571
1814.5 61.4286
1815.5 37
1816.5 20.1429
1817.5 41.1429
1818.5 34.5714
1819.5 51.7143
1820.5 43.1429
1821.5 40.8571
1822.5 17.7143
1823.5 35.5714
1824.5 63.8571
1825.5 38.1429
1826.5 47.7143
1827.5 33.5714
1828.5 33.4286
1829.5 46
1830.5 33.5714
1831.5 41
1832.5 26.2857
1833.5 25.2857
1834.5 41.4286
1835.5 15.7143
1836.5 77.1429
1837.5 23.1429
1838.5 34.1429
1839.5 103.143
1840.5 79.1429
1841.5 39.1429
1842.5 49.4286
1843.5 12.2857
1844.5 22.8571
1845.5 29.8571
1846.5 73.8571
1847.5 50.2857
1848.5 30.1429
1849.5 7.28571
1850.5 32.8571
1851.5 23.7143
1852.5 42
1853.5 24.8571
1854.5 38.5714
1855.5 30.1429
1856.5 42.4286
1857.5 51.7143
1858.5 62.2857
1859.5 70.8571
1860.5 81.2857
1861.5 54.1429
1862.5 46.2857
1863.5 26.8571
1864.5 64
1865.5 103.571
1866.5 82.7143
1867.5 60.4286
1868.5 47.7143
1869.5 1.99999
1870.5 56.2857
1871.5 125.714
1872.5 167.429
1873.5 171.143
1874.5 86.1428
1875.5 45.4286
1876.5 60.2857
1877.5 64.7143
1878.5 35.4286
1879.5 31.4286
1880.5 43.5714
1881.5 41.1429
1882.5 64
1883.5 142.429
1884.5 351.571
1885.5 1027.43
1886.5 1867.29
1887.5 1964.29
1888.5 1023.43
1889.5 295.714
1890.5 121.571
1891.5 67.2857
1892.5 46.2857
1893.5 41.1429
1894.5 30.2857
1895.5 36.5714
1896.5 40.8571
1897.5 31.2857
1898.5 13
1899.5 -15.1429
1900.5 1.85713
1901.5 -14.7143
1902.5 37
1903.5 17.5714
1904.5 26.5714
1905.5 40
1906.5 27.1429
1907.5 32.7143
1908.5 21.5714
1909.5 52.2857
1910.5 56.4286
1911.5 51.7143
1912.5 103.286
1913.5 48.8571
1914.5 12.5714
1915.5 39.5714
1916.5 62.4286
1917.5 58.4286
1918.5 46.1429
1919.5 68.7143
1920.5 92.4286
1921.5 55.5714
1922.5 64.5714
1923.5 57.1429
1924.5 47
1925.5 24.8571
1926.5 58.1429
1927.5 27.4286
1928.5 43.2857
1929.5 12.2857
1930.5 19.4286
1931.5 9.28571
1932.5 26.5714
1933.5 31.4286
1934.5 33.2857
1935.5 33.8571
1936.5 44.4286
1937.5 23
1938.5 9.71428
1939.5 39.1429
1940.5 63.5714
1941.5 45.1428
1942.5 -20.2857
1943.5 50
1944.5 14.1428
1945.5 6.14285
1946.5 51.5714
1947.5 29.4286
1948.5 38
1949.5 39.4286
1950.5 15.2857
1951.5 57.4286
1952.5 62
1953.5 97.8571
1954.5 102.286
1955.5 53.7143
1956.5 25.5714
1957.5 58.8571
1958.5 27.5714
1959.5 69.7143
1960.5 20.1428
1961.5 24.5714
1962.5 14.1429
1963.5 34.5714
1964.5 50.5714
1965.5 42.2857
1966.5 30.8571
1967.5 51.8571
1968.5 50.7143
1969.5 28.4286
1970.5 48.5714
1971.5 53.5714
1972.5 -5.42858
1973.5 23.7143
1974.5 39.7143
1975.5 23
1976.5 23.2857
1977.5 38
1978.5 27.1429
1979.5 44
1980.5 49.7143
1981.5 25.5714
1982.5 22.4286
1983.5 62.2857
1984.5 35.8571
1985.5 4.71428
1986.5 6.42857
1987.5 22.5714
1988.5 23.7143
1989.5 24.8571
1990.5 10.5714
1991.5 2.42857
1992.5 30.4286
1993.5 4.71428
1994.5 39.8571
1995.5 6.85714
1996.5 36.5714
1997.5 31.1429
1998.5 -4.71429
1999.5 51.1429
2000.5 77
2001.5 53.7143
2002.5 79.4286
2003.5 20.5714
2004.5 30.1429
2005.5 15
2006.5 46.8571
2007.5 32.7143
2008.5 -4.28572
2009.5 50.7143
2010.5 9.28571
2011.5 -3.71429
2012.5 -8.14286
2013.5 5.42857
2014.5 4.85714
2015.5 21.7143
2016.5 21.1429
2017.5 25.7143
2018.5 32.1429
2019.5 28.7143
2020.5 71.2857
2021.5 72.4286
2022.5 138.857
2023.5 276.857
2024.5 356.143
2025.5 209.286
2026.5 85
2027.5 34.2857
2028.5 44.1429
2029.5 -16.8572
2030.5 45.2857
2031.5 35.8571
2032.5 27.8571
2033.5 31.5714
2034.5 10.5714
2035.5 46.4286
2036.5 42.2857
2037.5 40.1429
2038.5 19.7143
2039.5 41
2040.5 6.28571
2041.5 18
2042.5 26.4286
2043.5 11.7143
2044.5 33.5714
2045.5 23.5714
2046.5 37.4286
2047.5 36
2048.5 60.8571
2049.5 20.7143
2050.5 20.2857
2051.5 4.85714
2052.5 4.57142
2053.5 27.7143
2054.5 9.14285
2055.5 40.5714
2056.5 17.2857
2057.5 23.2857
2058.5 13.1429
2059.5 3.14285
2060.5 33
2061.5 18
2062.5 0.714282
2063.5 43.7143
2064.5 6.28571
2065.5 38.8571
2066.5 16.1429
2067.5 29.1429
2068.5 17.5714
2069.5 26.1429
2070.5 19.7143
2071.5 30.5714
2072.5 41.7143
2073.5 35.2857
2074.5 17.4286
2075.5 18.1429
2076.5 21.4286
2077.5 39.7143
2078.5 25.8571
2079.5 46.5714
2080.5 -12.7143
2081.5 26
2082.5 4.42857
2083.5 23.8571
2084.5 3.28571
2085.5 44.4286
2086.5 28.8571
2087.5 11.4286
2088.5 70.4286
2089.5 -8.71429
2090.5 18.8571
2091.5 43
2092.5 20.7143
2093.5 22.1429
2094.5 29.5714
2095.5 40.7143
2096.5 15.1429
2097.5 27.4286
2098.5 35.8571
2099.5 17.5714
2100.5 28.4286
2101.5 53.7143
2102.5 29.4286
2103.5 28.4286
2104.5 23.1429
2105.5 20.4286
2106.5 42.2857
2107.5 -9.28572
2108.5 15
2109.5 16
2110.5 33
2111.5 16.8571
2112.5 46.1429
2113.5 20.5714
2114.5 4.14285
2115.5 35.8571
2116.5 28
2117.5 26.7143
2118.5 -0.142862
2119.5 12.5714
2120.5 55.8571
2121.5 69.1429
2122.5 180.857
2123.5 401.429
2124.5 583.286
2125.5 447.286
2126.5 211.857
2127.5 86
2128.5 41
2129.5 32.5714
2130.5 5.28571
2131.5 10
2132.5 51.5714
2133.5 24
2134.5 48.5714
2135.5 24.8571
2136.5 17.7143
2137.5 3.85714
2138.5 22.7143
2139.5 13
2140.5 51.8571
2141.5 10.4286
2142.5 30.8571
2143.5 29.5714
2144.5 25.2857
2145.5 -4.85715
2146.5 25.7143
2147.5 89.7143
2148.5 111.286
2149.5 211.571
2150.5 300
2151.5 185.286
2152.5 157.857
2153.5 42.4286
2154.5 12
2155.5 33.1429
2156.5 50.2857
2157.5 79.4286
2158.5 59.1429
2159.5 27.4286
2160.5 25.8571
2161.5 62.1429
2162.5 87
2163.5 77.1429
2164.5 86.5714
2165.5 41.4286
2166.5 17.2857
2167.5 32.1429
2168.5 -6.85715
2169.5 27.4286
2170.5 0.857139
2171.5 26.4286
2172.5 15.5714
2173.5 32.7143
2174.5 30.7143
2175.5 -0.428576
2176.5 0.571424
2177.5 43.2857
2178.5 17.2857
2179.5 23.2857
2180.5 23.8571
2181.5 -0.428576
2182.5 1.42857
2183.5 14.4286
2184.5 8.57142
2185.5 49.1429
2186.5 26.8571
2187.5 23.7143
2188.5 22
2189.5 17.1429
2190.5 27.1429
2191.5 30.1429
2192.5 38.8571
2193.5 21
2194.5 43.8571
2195.5 22.8571
2196.5 4.85714
2197.5 19
2198.5 83.5714
2199.5 68.8571
2200.5 103.286
2201.5 97.5714
2202.5 44.2857
2203.5 18.4286
2204.5 21.5714
2205.5 13.2857
2206.5 26.1429
2207.5 34
2208.5 -15.8571
2209.5 37.7143
2210.5 33.5714
2211.5 26.7143
2212.5 19.5714
2213.5 22.2857
2214.5 10.1429
2215.5 -1.14286
2216.5 -51.5714
2217.5 -34
2218.5 -1.42858
2219.5 19
2220.5 25.2857
2221.5 41.8571
2222.5 20
2223.5 73
2224.5 47.8571
2225.5 77.8571
2226.5 57.2857
2227.5 82.4286
2228.5 109.571
2229.5 67.8571
2230.5 64.1429
2231.5 39.8571
2232.5 36.1429
2233.5 6
2234.5 41
2235.5 24.4286
2236.5 22.8571
2237.5 45.7143
2238.5 20.8571
2239.5 34.7143
2240.5 14.4286
2241.5 37.4286
2242.5 21.2857
2243.5 15.2857
2244.5 9.28571
2245.5 32.8571
2246.5 144
2247.5 234.571
2248.5 272.143
2249.5 305.714
2250.5 170.571
2251.5 59.2857
2252.5 38.4286
2253.5 0.857138
2254.5 37.1429
2255.5 9.28571
2256.5 12.2857
2257.5 6.14285
2258.5 7.71428
2259.5 7.14285
2260.5 -0.285718
2261.5 32.8571
2262.5 3.57142
2263.5 29.4286
2264.5 8.28571
2265.5 25.2857
2266.5 24.8571
2267.5 42.5714
2268.5 4
2269.5 45.5714
2270.5 37.8571
2271.5 9.85714
2272.5 21.1429
2273.5 3.85714
2274.5 21.5714
2275.5 17
2276.5 20.8571
2277.5 50.5714
2278.5 13.5714
2279.5 57.1429
2280.5 36.4286
2281.5 23.8571
2282.5 28.2857
2283.5 51.1429
2284.5 31.1429
2285.5 22.4286
2286.5 -5.28572
2287.5 33.2857
2288.5 19
2289.5 34.7143
2290.5 7
2291.5 23
2292.5 13.8571
2293.5 32.5714
2294.5 24
2295.5 -3.28572
2296.5 -2.71429
2297.5 -13.1429
2298.5 11.8571
2299.5 51.1429
2300.5 68
2301.5 92.5714
2302.5 54.5714
2303.5 26.8571
2304.5 22.5714
2305.5 36.2857
2306.5 -17
2307.5 4.57142
2308.5 -2.14286
2309.5 47.5714
2310.5 58.8571
2311.5 23.1429
2312.5 6.57142
2313.5 12.7143
2314.5 -1.14286
2315.5 9.57142
2316.5 23.2857
2317.5 59.8571
2318.5 5.42857
2319.5 28.7143
2320.5 -0.857147
2321.5 19.7143
2322.5 8
2323.5 10.1429
2324.5 1.42857
2325.5 7.14285
2326.5 9.42857
2327.5 15.1429
2328.5 12.8571
2329.5 10.8571
2330.5 -1.42858
2331.5 12.4286
2332.5 7.14285
2333.5 28.7143
2334.5 25.1429
2335.5 35.1429
2336.5 28.1429
2337.5 0.999995
2338.5 28
2339.5 19.5714
2340.5 0.285711
2341.5 41.5714
2342.5 43.8571
2343.5 45.4286
2344.5 37.8571
2345.5 14.1429
2346.5 48.8571
2347.5 41.8571
2348.5 41.7143
2349.5 61.2857
2350.5 48.5714
2351.5 44.8571
2352.5 45.8571
2353.5 34.7143
2354.5 31.7143
2355.5 0.857139
2356.5 30.7143
2357.5 19
2358.5 12.8571
2359.5 16.5714
2360.5 12.8571
2361.5 25.1429
2362.5 11.1429
2363.5 8
2364.5 44.5714
2365.5 -11.1429
2366.5 2.28571
2367.5 32.1429
2368.5 21.1429
2369.5 4.14285
2370.5 -7.57143
2371.5 34.2857
2372.5 47.7143
2373.5 16.4286
2374.5 24.4286
2375.5 15.5714
2376.5 35
2377.5 9
2378.5 9.85714
2379.5 35.8571
2380.5 37
2381.5 7
2382.5 17.5714
2383.5 -6.85715
2384.5 16.5714
2385.5 14.1429
2386.5 26
2387.5 10.1429
2388.5 29.2857
2389.5 18.7143
2390.5 41
2391.5 19
2392.5 31.2857
2393.5 27.7143
2394.5 -6.14286
2395.5 16.5714
2396.5 34.8571
2397.5 34.8571
2398.5 27.4286
2399.5 49.5714
2400.5 24
2401.5 36
2402.5 18.7143
2403.5 30.5714
2404.5 35
2405.5 24.7143
2406.5 5.85714
2407.5 24.1429
2408.5 17.1429
2409.5 24.4286
2410.5 24.1429
2411.5 33
2412.5 10.7143
2413.5 35.1429
2414.5 12.5714
2415.5 18.8571
2416.5 49.5714
2417.5 3.57142
2418.5 16.1429
2419.5 5.85714
2420.5 9.57143
2421.5 45.2857
2422.5 10.5714
2423.5 15.4286
2424.5 26.7143
2425.5 17
2426.5 40.2857
2427.5 13.4286
2428.5 56
2429.5 25.2857
2430.5 13.1429
2431.5 30.4286
2432.5 41.2857
2433.5 37.2857
2434.5 19.2857
2435.5 7.85714
2436.5 36
2437.5 42.1429
2438.5 1.57142
2439.5 24.2857
2440.5 21.5714
2441.5 43
2442.5 29.8571
2443.5 7
2444.5 25.8571
2445.5 36.1429
2446.5 40.7143
2447.5 28.8571
2448.5 24.1429
2449.5 24.4286
2450.5 50.8571
2451.5 45
2452.5 26.2857
2453.5 20
2454.5 27.4286
2455.5 36.8571
2456.5 38.2857
2457.5 -14.2857
2458.5 0.714282
2459.5 21.2857
2460.5 22.2857
2461.5 -0.285718
2462.5 15.2857
2463.5 11.8571
2464.5 18.8571
2465.5 16
2466.5 26.2857
2467.5 15.2857
2468.5 27.5714
2469.5 -1.14286
2470.5 6.42857
2471.5 37.1429
2472.5 39.7143
2473.5 41.5714
2474.5 45.7143
2475.5 27.1429
2476.5 43.2857
2477.5 23.1429
2478.5 11.8571
2479.5 2.28571
2480.5 32.7143
2481.5 19
2482.5 19.1429
2483.5 -5
2484.5 7.85714
2485.5 5
2486.5 8.28571
2487.5 50.8571
2488.5 31.7143
2489.5 -1.42857
2490.5 34.7143
2491.5 45.2857
2492.5 -9
2493.5 8.14285
2494.5 42
2495.5 18.7143
2496.5 25.2857
2497.5 41.2857
2498.5 17.7143
2499.5 30.4286
2500.5 11.7143
2501.5 -9.42858
2502.5 15.2857
2503.5 20
2504.5 1.14285
2505.5 0.428567
2506.5 27
2507.5 27.2857
2508.5 49.4286
2509.5 24
2510.5 25.7143
2511.5 23.5714
2512.5 7.71428
2513.5 33.5714
2514.5 27.1429
2515.5 8.14285
2516.5 33
2517.5 76.8571
2518.5 82.1428
2519.5 73.2857
2520.5 74.1428
2521.5 67.8571
2522.5 38.7143
2523.5 39.7143
2524.5 23.1429
2525.5 45.4286
2526.5 22.8571
2527.5 44
2528.5 46.4286
2529.5 22.5714
2530.5 29.8571
2531.5 26.8571
2532.5 8.71428
2533.5 33.5714
2534.5 13.4286
2535.5 9.42857
2536.5 23.8571
2537.5 10.1429
2538.5 11.5714
2539.5 19.1429
2540.5 22.1429
2541.5 3.42857
2542.5 14.1429
2543.5 48.7143
2544.5 26.1429
2545.5 24.8571
2546.5 29.5714
2547.5 34.8571
2548.5 45
2549.5 58.7143
2550.5 70.1429
2551.5 70.1429
2552.5 79.2857
2553.5 42.8571
2554.5 33.2857
2555.5 26.8571
2556.5 14.5714
2557.5 17.5714
2558.5 24.2857
2559.5 -4
2560.5 25.7143
2561.5 11.1429
2562.5 18.7143
2563.5 31.5714
2564.5 15.2857
2565.5 23.2857
2566.5 44.1429
2567.5 34.2857
2568.5 19
2569.5 37.1429
2570.5 24.2857
2571.5 14.5714
2572.5 3.71428
2573.5 30.1429
2574.5 18.1429
2575.5 -9.71429
2576.5 40.7143
2577.5 19.2857
2578.5 26.1429
2579.5 23.8571
2580.5 31.7143
2581.5 7.42857
2582.5 15.1429
2583.5 34.8571
2584.5 13.8571
2585.5 33.2857
2586.5 28.4286
2587.5 14.1429
2588.5 18.2857
2589.5 24.2857
2590.5 40.7143
2591.5 31.1429
2592.5 24.2857
2593.5 17.8571
2594.5 23.1429
2595.5 24.5714
2596.5 15.8571
2597.5 36.2857
2598.5 15.2857
2599.5 7.85714
2600.5 11.7143
2601.5 28.8571
2602.5 19.2857
2603.5 10.8571
2604.5 29.5714
2605.5 14.2857
2606.5 21.5714
2607.5 40.5714
2608.5 -1.71429
2609.5 17.5714
2610.5 51.2857
2611.5 11.8571
2612.5 4
2613.5 42.5714
2614.5 13.7143
2615.5 9.85714
2616.5 14.2857
2617.5 24.5714
2618.5 68
2619.5 38.5714
2620.5 32
2621.5 -7.57143
2622.5 24.5714
2623.5 -5.14286
2624.5 22.2857
2625.5 27.2857
2626.5 7.57143
2627.5 24.8571
2628.5 31.1429
2629.5 7
2630.5 5.42857
2631.5 11.2857
2632.5 4
2633.5 26.5714
2634.5 18.1429
2635.5 16.8571
2636.5 24.1429
2637.5 5.14285
2638.5 17.5714
2639.5 4.28571
2640.5 24.5714
2641.5 25.1429
2642.5 6.28571
2643.5 10.7143
2644.5 9.57143
2645.5 9.42857
2646.5 9.42857
2647.5 31.2857
2648.5 35.4286
2649.5 11
2650.5 12.4286
2651.5 20.5714
2652.5 11.8571
2653.5 31.5714
2654.5 16.8571
2655.5 -11.4286
2656.5 10.5714
2657.5 34.4286
2658.5 34.8571
2659.5 26.4286
2660.5 6.28571
2661.5 -11.8571
2662.5 33
2663.5 39.7143
2664.5 50.7143
2665.5 53.8571
2666.5 65.2857
2667.5 72
2668.5 117.571
2669.5 179.429
2670.5 215.143
2671.5 253.714
2672.5 137.714
2673.5 68
2674.5 0.714282
2675.5 38.4286
2676.5 11.7143
2677.5 9.71428
2678.5 0.428568
2679.5 20.8571
2680.5 -1.57143
2681.5 -9.42858
2682.5 26.7143
2683.5 18
2684.5 45.2857
2685.5 19.8571
2686.5 24.5714
2687.5 16
2688.5 15.8571
2689.5 29
2690.5 0.142853
2691.5 22.8571
2692.5 7.85714
2693.5 39.8571
2694.5 23.8571
2695.5 8.85714
2696.5 11.1429
2697.5 20
2698.5 9.14285
2699.5 16.2857
2700.5 16.7143
2701.5 27.8571
2702.5 10.2857
2703.5 27.2857
2704.5 1.28571
2705.5 32.7143
2706.5 33.2857
2707.5 29.4286
2708.5 6.85714
2709.5 27.2857
2710.5 21.8571
2711.5 34.4286
2712.5 30.2857
2713.5 24.1429
2714.5 -3.14286
2715.5 10.2857
2716.5 18.5714
2717.5 45
2718.5 27.4286
2719.5 34.8571
2720.5 88
2721.5 107.714
2722.5 153.857
2723.5 147.857
2724.5 103.143
2725.5 37.5714
2726.5 46
2727.5 9.85714
2728.5 16.4286
2729.5 64.2857
2730.5 54.4286
2731.5 8.42857
2732.5 16.7143
2733.5 14
2734.5 17
2735.5 27.4286
2736.5 19.7143
2737.5 26.7143
2738.5 18.5714
2739.5 28.8571
2740.5 18
2741.5 24
2742.5 12.7143
2743.5 31.2857
2744.5 19
2745.5 17
2746.5 27.8571
2747.5 21.2857
2748.5 32
2749.5 6.57142
2750.5 47.1429
2751.5 7.71428
2752.5 40.7143
2753.5 31.1429
2754.5 43
2755.5 -6.28572
2756.5 12.7143
2757.5 5.85714
2758.5 41.1429
2759.5 24.1429
2760.5 33.2857
2761.5 -10.8571
2762.5 30.4286
2763.5 -4.85715
2764.5 9
2765.5 33.4286
2766.5 28.2857
2767.5 25
2768.5 22.7143
2769.5 20.7143
2770.5 11.8571
2771.5 17.4286
2772.5 6
2773.5 24.7143
2774.5 24.1429
2775.5 17.8571
2776.5 38.1429
2777.5 14.2857
2778.5 -1
2779.5 5.71428
2780.5 21.7143
2781.5 46.5714
2782.5 16.1429
2783.5 12.2857
2784.5 18
2785.5 21.2857
2786.5 19
2787.5 30.1429
2788.5 16.4286
2789.5 7.57143
2790.5 47.4286
2791.5 26.2857
2792.5 13.2857
2793.5 37.8571
2794.5 -1.57143
2795.5 15.2857
2796.5 33
2797.5 17.1429
2798.5 -1.42857
2799.5 20.4286
2800.5 38.4286
2801.5 40
2802.5 33.5714
2803.5 6.71428
2804.5 11.8571
2805.5 8.85714
2806.5 20.2857
2807.5 6.28571
2808.5 28.4286
2809.5 2.71428
2810.5 5.42857
2811.5 4.85714
2812.5 24.8571
2813.5 28.7143
2814.5 34.8571
2815.5 40.5714
2816.5 20
2817.5 68.2857
2818.5 10.7143
2819.5 8
2820.5 14.1429
2821.5 43.4286
2822.5 23.1429
2823.5 18
2824.5 14.1429
2825.5 47.7143
2826.5 17.4286
2827.5 40.8571
2828.5 40.4286
2829.5 6.71428
2830.5 28.4286
2831.5 30.4286
2832.5 12.7143
2833.5 34.7143
2834.5 26.1429
2835.5 25.5714
2836.5 41.4286
2837.5 11.1429
2838.5 21
2839.5 15.1429
2840.5 7
2841.5 13.7143
2842.5 52.2857
2843.5 17.8571
2844.5 56.5714
2845.5 94
2846.5 115.857
2847.5 151.714
2848.5 118.143
2849.5 31.7143
2850.5 22.2857
2851.5 25
2852.5 35.7143
2853.5 44.8571
2854.5 42
2855.5 50.2857
2856.5 40.8571
2857.5 49.2857
2858.5 19.7143
2859.5 13.2857
2860.5 6.28571
2861.5 11.8571
2862.5 16.7143
2863.5 16.7143
2864.5 1.28571
2865.5 28.2857
2866.5 2.14285
2867.5 11.1429
2868.5 43.1429
2869.5 30.8571
2870.5 -1.28572
2871.5 20
2872.5 8.71428
2873.5 18
2874.5 -8
2875.5 14
2876.5 18.4286
2877.5 33.2857
2878.5 31.8571
2879.5 6.14285
2880.5 1.28571
2881.5 -3.57143
2882.5 11.1429
2883.5 13.5714
2884.5 21.2857
2885.5 11
2886.5 -8.42857
2887.5 19.2857
2888.5 26.7143
2889.5 37.5714
2890.5 25
2891.5 1.28571
2892.5 13
2893.5 22
2894.5 21.4286
2895.5 26.5714
2896.5 24.4286
2897.5 31
2898.5 25.4286
2899.5 1.71428
2900.5 18.4286
2901.5 12.4286
2902.5 4
2903.5 12.1429
2904.5 20.1429
2905.5 15.4286
2906.5 9.57143
2907.5 15.7143
2908.5 11.7143
2909.5 28.2857
2910.5 10.4286
2911.5 38.7143
2912.5 -0.285717
2913.5 16.2857
2914.5 29.1429
2915.5 11.4286
2916.5 19.2857
2917.5 35.5714
2918.5 21.2857
2919.5 8.14285
2920.5 -1
2921.5 0.142854
2922.5 0.285711
2923.5 -7.14286
2924.5 13.1429
2925.5 25.2857
2926.5 29
2927.5 5
2928.5 44
2929.5 20.1429
2930.5 15
2931.5 3.85714
2932.5 2
2933.5 31.8571
2934.5 5.28571
2935.5 19
2936.5 5.71428
2937.5 37.2857
2938.5 11.4286
2939.5 10.5714
2940.5 25
2941.5 24.7143
2942.5 -1.14286
2943.5 18.1429
2944.5 14.8571
2945.5 34.5714
2946.5 111.429
2947.5 92.2857
2948.5 77.7143
2949.5 31.4286
2950.5 46.5714
2951.5 8.71428
2952.5 5
2953.5 31
2954.5 2.57142
2955.5 -13.4286
2956.5 6.28571
2957.5 21
2958.5 34.2857
2959.5 26.4286
2960.5 20.7143
2961.5 11.4286
2962.5 7.57143
2963.5 16.5714
2964.5 15.8571
2965.5 12.2857
2966.5 35.7143
2967.5 6.85714
2968.5 19.5714
2969.5 27
2970.5 4.57143
2971.5 20.1429
2972.5 4.71428
2973.5 5.28571
2974.5 -0.14286
2975.5 -0.571431
2976.5 -1
2977.5 -15.8571
2978.5 24.8571
2979.5 2.57143
2980.5 7.85714
2981.5 4.14285
2982.5 20.5714
2983.5 4.42857
2984.5 -12.1429
2985.5 22
2986.5 -1.85715
2987.5 16.2857
2988.5 30
2989.5 23.2857
2990.5 6
2991.5 18
2992.5 -10.1429
2993.5 1.71428
2994.5 6.57143
2995.5 37.7143
2996.5 13
2997.5 12.1429
2998.5 36.2857
2999.5 31.1429
3000.5 31
3001.5 13.8571
3002.5 -8.71429
3003.5 -5.28572
3004.5 26
3005.5 -30.4286
3006.5 -18.2857
3007.5 29.7143
3008.5 15.1429
3009.5 -5.57143
3010.5 16
3011.5 11.7143
3012.5 7.57143
3013.5 21.2857
3014.5 7
3015.5 15.8571
3016.5 32.2857
3017.5 4.14285
3018.5 5.28571
3019.5 -1.42857
3020.5 7.42857
3021.5 31
3022.5 0.85714
3023.5 25.4286
3024.5 28.7143
3025.5 5.42857
3026.5 45.4286
3027.5 29.1429
3028.5 54
3029.5 26.7143
3030.5 34.4286
3031.5 63.8571
3032.5 59
3033.5 62
3034.5 80
3035.5 80.8571
3036.5 73.8571
3037.5 97
3038.5 101
3039.5 79.7143
3040.5 62
3041.5 39.5714
3042.5 17.8571
3043.5 26.2857
3044.5 23.8571
3045.5 13.2857
3046.5 10.2857
3047.5 -1
3048.5 21.8571
3049.5 20.7143
3050.5 30.7143
3051.5 4.14285
3052.5 7
3053.5 11.7143
3054.5 -7
3055.5 11.5714
3056.5 27.2857
3057.5 67.2857
3058.5 60.8571
3059.5 75.4286
3060.5 85.8571
3061.5 62.1429
3062.5 33.7143
3063.5 31.5714
3064.5 5.85714
3065.5 13.5714
3066.5 32.5714
3067.5 0.857139
3068.5 5.71428
3069.5 11.4286
3070.5 -0.571432
3071.5 1.28571
3072.5 9.85714
3073.5 -8.71429
3074.5 6.14285
3075.5 12.4286
3076.5 7.71428
3077.5 20.8571
3078.5 19
3079.5 21.8571
3080.5 12.1429
3081.5 6
3082.5 29.5714
3083.5 22.7143
3084.5 10.8571
3085.5 8.57143
3086.5 21.5714
3087.5 8.28571
3088.5 14.1429
3089.5 5.57143
3090.5 23.8571
3091.5 14.8571
3092.5 20.4286
3093.5 16.7143
3094.5 7.42857
3095.5 31
3096.5 14.4286
3097.5 21.7143
3098.5 38.7143
3099.5 21.7143
3100.5 7.14285
3101.5 34.2857
3102.5 10.2857
3103.5 11.1429
3104.5 22.8571
3105.5 11.5714
3106.5 -12.8571
3107.5 24.2857
3108.5 -16.7143
3109.5 13.4286
3110.5 18.7143
3111.5 0.571426
3112.5 8
3113.5 26.7143
3114.5 10.1429
3115.5 10.4286
3116.5 27.8571
3117.5 -7
3118.5 8
3119.5 39.5714
3120.5 10.7143
3121.5 -9.42857
3122.5 1.28571
3123.5 15.8571
3124.5 11.2857
3125.5 15.7143
3126.5 6.28571
3127.5 11.2857
3128.5 27.7143
3129.5 12.7143
3130.5 13.4286
3131.5 25.1429
3132.5 21.5714
3133.5 -20.8571
3134.5 7
3135.5 24
3136.5 5
3137.5 19.1429
3138.5 24.1429
3139.5 22.5714
3140.5 36.8571
3141.5 21
3142.5 12.7143
3143.5 14.4286
3144.5 9.28571
3145.5 0.285711
3146.5 -3.57143
3147.5 -8.71429
3148.5 14.4286
3149.5 28.8571
3150.5 2.42857
3151.5 13.1429
3152.5 4.28571
3153.5 -3.28572
3154.5 17.2857
3155.5 19.1429
3156.5 10.7143
3157.5 -10.2857
3158.5 31.2857
3159.5 26
3160.5 25.4286
3161.5 6.71428
3162.5 24.7143
3163.5 32.5714
3164.5 34.1429
3165.5 17.4286
3166.5 20.4286
3167.5 3.71428
3168.5 -0.428574
3169.5 -4.71429
3170.5 15.1429
3171.5 24.1429
3172.5 30.2857
3173.5 5.14285
3174.5 -0.571432
3175.5 22.8571
3176.5 16.2857
3177.5 27.5714
3178.5 14.5714
3179.5 14.1429
3180.5 5.71428
3181.5 38.7143
3182.5 20.5714
3183.5 44.7143
3184.5 41.4286
3185.5 78.1429
3186.5 131.143
3187.5 135.429
3188.5 87
3189.5 16.7143
3190.5 36.1429
3191.5 18.8571
3192.5 10.5714
3193.5 8.57143
3194.5 6.85714
3195.5 46.2857
3196.5 25.8571
3197.5 21.8571
3198.5 6.28571
3199.5 26.2857
3200.5 21.8571
3201.5 17
3202.5 26.2857
3203.5 28
3204.5 29.1429
3205.5 19.5714
3206.5 12.4286
3207.5 22.4286
3208.5 18.5714
3209.5 14.5714
3210.5 17.7143
3211.5 14.7143
3212.5 9
3213.5 21.5714
3214.5 -4.42857
3215.5 13.4286
3216.5 -9.14286
3217.5 3.57143
3218.5 22.4286
3219.5 8.71428
3220.5 15.5714
3221.5 28.8571
3222.5 4.71428
3223.5 25.2857
3224.5 12.8571
3225.5 28.1429
3226.5 31.4286
3227.5 13.7143
3228.5 21.2857
3229.5 23.5714
3230.5 4.42857
3231.5 11.7143
3232.5 -3
3233.5 -9.28572
3234.5 39.8571
3235.5 37.7143
3236.5 44.8571
3237.5 16.2857
3238.5 34.5714
3239.5 18.8571
3240.5 50.4286
3241.5 -4.57143
3242.5 38.7143
3243.5 27.4286
3244.5 42
3245.5 40.7143
3246.5 34.7143
3247.5 38.8571
3248.5 39.1429
3249.5 42.2857
3250.5 33
3251.5 23.2857
3252.5 11.1429
3253.5 29.7143
3254.5 16.7143
3255.5 23.1429
3256.5 2.42857
3257.5 31.5714
3258.5 33.5714
3259.5 28.5714
3260.5 13.5714
3261.5 31.5714
3262.5 12.4286
3263.5 28.4286
3264.5 11.7143
3265.5 7.57143
3266.5 37.4286
3267.5 11.4286
3268.5 5.85714
3269.5 2.57143
3270.5 23.8571
3271.5 20.4286
3272.5 11.2857
3273.5 13.8571
3274.5 8.14286
3275.5 18.5714
3276.5 28.1429
3277.5 22
3278.5 4.28571
3279.5 17.8571
3280.5 9.42857
3281.5 3.85714
3282.5 10.1429
3283.5 16
3284.5 14.1429
3285.5 15.5714
3286.5 25.8571
3287.5 27.2857
3288.5 12.4286
3289.5 31.2857
3290.5 27
3291.5 9.85714
3292.5 -3.28572
3293.5 6.57143
3294.5 12.1429
3295.5 -0.571431
3296.5 19.4286
3297.5 -9
3298.5 39
3299.5 17.2857
3300.5 4.57142
3301.5 42.7143
3302.5 19.7143
3303.5 35.4286
3304.5 9.57143
3305.5 9.57143
3306.5 16.7143
3307.5 14
3308.5 12.7143
3309.5 21
3310.5 3.57143
3311.5 5.28571
3312.5 11.7143
3313.5 -4.85715
3314.5 0.85714
3315.5 13.2857
3316.5 28
3317.5 -2.14286
3318.5 -0.142859
3319.5 -17.8571
3320.5 -37.2857
3321.5 -50
3322.5 -52.2857
3323.5 -23.7143
3324.5 -6
3325.5 16
3326.5 9.42857
3327.5 17.5714
3328.5 7
3329.5 28.5714
3330.5 33.2857
3331.5 18.8571
3332.5 23.1429
3333.5 14.7143
3334.5 20.2857
3335.5 26.1429
3336.5 41.7143
3337.5 51.1429
3338.5 49.4286
3339.5 46.1429
3340.5 36.2857
3341.5 54.8571
3342.5 24.4286
3343.5 28.8571
3344.5 22.1429
3345.5 15.5714
3346.5 25.2857
3347.5 22.4286
3348.5 12.8571
3349.5 24.4286
3350.5 4.85714
3351.5 12.4286
3352.5 9
3353.5 4.14285
3354.5 18.8571
3355.5 5.57143
3356.5 7.71428
3357.5 30.5714
3358.5 29
3359.5 24.2857
3360.5 1.28571
3361.5 18.4286
3362.5 13.7143
3363.5 27.8571
3364.5 4.85714
3365.5 19.2857
3366.5 18.5714
3367.5 22.8571
3368.5 16.2857
3369.5 -10.7143
3370.5 17.8571
3371.5 8.85714
3372.5 20.8571
3373.5 22.4286
3374.5 20.7143
3375.5 31.1429
3376.5 -1.14286
3377.5 29.2857
3378.5 22
3379.5 18.8571
3380.5 23
3381.5 33.5714
3382.5 25.4286
3383.5 33.2857
3384.5 42.5714
3385.5 27
3386.5 15.5714
3387.5 14.1429
3388.5 16.5714
3389.5 21.5714
3390.5 2
3391.5 15.8571
3392.5 19.4286
3393.5 18.7143
3394.5 7.42857
3395.5 12.8571
3396.5 19.4286
3397.5 12.5714
3398.5 8.85714
3399.5 15.4286
3400.5 14.4286
3401.5 43.8571
3402.5 32.2857
3403.5 17.7143
3404.5 14.5714
3405.5 3.42857
3406.5 25.4286
3407.5 24.1429
3408.5 11.2857
3409.5 16
3410.5 17.5714
3411.5 9.28571
3412.5 16.8571
3413.5 20.2857
3414.5 2.28571
3415.5 15.7143
3416.5 18.7143
3417.5 17.5714
3418.5 39.5714
3419.5 26.5714
3420.5 17.7143
3421.5 3.71428
3422.5 19.7143
3423.5 50.7143
3424.5 57
3425.5 59.2857
3426.5 82.4286
3427.5 107.571
3428.5 92.2857
3429.5 56
3430.5 55.4286
3431.5 17
3432.5 33.7143
3433.5 34.2857
3434.5 10.1429
3435.5 34.4286
3436.5 18.1429
3437.5 12.7143
3438.5 32.4286
3439.5 29.4286
3440.5 25.4286
3441.5 25.1429
3442.5 5.57143
3443.5 29.7143
3444.5 19.5714
3445.5 6.28571
3446.5 31.2857
3447.5 10.4286
3448.5 23.2857
3449.5 17.8571
3450.5 -4.42858
3451.5 44.8571
3452.5 17.4286
3453.5 17
3454.5 29.2857
3455.5 9.14285
3456.5 26.7143
3457.5 3.42857
3458.5 14.4286
3459.5 25.2857
3460.5 20.7143
3461.5 33.5714
3462.5 21.4286
3463.5 35.7143
3464.5 13
3465.5 3.57143
3466.5 19
3467.5 5.71428
3468.5 13
3469.5 17.7143
3470.5 6
3471.5 13.4286
3472.5 17.7143
3473.5 8.28571
3474.5 24.1429
3475.5 23.5714
3476.5 33.1429
3477.5 28.1429
3478.5 57.4286
3479.5 12
3480.5 23.7143
3481.5 14
3482.5 24.1429
3483.5 29.7143
3484.5 14.4286
3485.5 11.2857
3486.5 15.7143
3487.5 12
3488.5 9.85714
3489.5 19.2857
3490.5 9.57143
3491.5 17.7143
3492.5 3.57142
3493.5 28.2857
3494.5 24.8571
3495.5 31.1429
3496.5 -5.14286
3497.5 33.8571
3498.5 13.7143
3499.5 15.4286
3500.5 38.2857
3501.5 23.8571
3502.5 30
3503.5 20.8571
3504.5 7.57143
3505.5 33
3506.5 18.4286
3507.5 12
3508.5 35.5714
3509.5 32
3510.5 13.7143
3511.5 15.7143
3512.5 14
3513.5 16.4286
3514.5 18.7143
3515.5 34.1429
3516.5 28.1429
3517.5 20.2857
3518.5 34.2857
3519.5 35.2857
3520.5 4.71428
3521.5 26.8571
3522.5 17.5714
3523.5 17.5714
3524.5 7.42857
3525.5 23.1429
3526.5 20.7143
3527.5 2.28571
3528.5 15.5714
3529.5 17.7143
3530.5 15.1429
3531.5 -0.857147
3532.5 -0.571433
3533.5 5.57142
3534.5 27
3535.5 26.8571
3536.5 10
3537.5 50.5714
3538.5 45.1429
3539.5 67
3540.5 73.1429
3541.5 118.857
3542.5 177.143
3543.5 192.429
3544.5 194.429
3545.5 120
3546.5 90.1429
3547.5 16.2857
3548.5 18.5714
3549.5 16.5714
3550.5 21
3551.5 32.4286
3552.5 18
3553.5 10.2857
3554.5 21.2857
3555.5 26
3556.5 11.5714
3557.5 27.5714
3558.5 13.7143
3559.5 18.5714
3560.5 12.4286
3561.5 -2.14577e-06
3562.5 7.14285
3563.5 8.14286
3564.5 13.5714
3565.5 14.4286
3566.5 -4.42857
3567.5 7.85714
3568.5 11.4286
3569.5 0.571427
3570.5 9.85714
3571.5 25.1429
3572.5 19
3573.5 22.8571
3574.5 9.42857
3575.5 20.1429
3576.5 19
3577.5 15.2857
3578.5 -3.14286
3579.5 -0.428574
3580.5 -1.57143
3581.5 -31.1429
3582.5 -5.42858
3583.5 12
3584.5 8.14285
3585.5 12.2857
3586.5 33.1429
3587.5 13.7143
3588.5 16.5714
3589.5 20.1429
3590.5 10.7143
3591.5 30.7143
3592.5 25
3593.5 10.8571
3594.5 25.4286
3595.5 19
3596.5 24.4286
3597.5 31.2857
3598.5 29.1429
3599.5 2.57143
3600.5 6.14286
3601.5 16
3602.5 7.71428
3603.5 28.5714
3604.5 15.8571
3605.5 -0.857145
3606.5 15.5714
3607.5 24.1429
3608.5 3.71428
3609.5 17.7143
3610.5 26.7143
3611.5 7.85714
3612.5 25.2857
3613.5 5.28571
3614.5 26.2857
3615.5 14.7143
3616.5 39.4286
3617.5 12.4286
3618.5 20.4286
3619.5 17
3620.5 36.8571
3621.5 25.8571
3622.5 33.1429
3623.5 41.4286
3624.5 24.5714
3625.5 29.8571
3626.5 23.8571
3627.5 13
3628.5 21.2857
3629.5 23.1429
3630.5 7
3631.5 17.8571
3632.5 25.2857
3633.5 12.5714
3634.5 29
3635.5 22
3636.5 30
3637.5 0.285712
3638.5 20.7143
3639.5 33.7143
3640.5 28.1429
3641.5 25.8571
3642.5 -1.85714
3643.5 19
3644.5 22.8571
3645.5 7.57143
3646.5 22.7143
3647.5 12.7143
3648.5 34.1429
3649.5 11.7143
3650.5 15.7143
3651.5 19.8571
3652.5 19.5714
3653.5 8.85714
3654.5 7.42857
3655.5 1.71428
3656.5 21
3657.5 -3.71429
3658.5 8.14285
3659.5 -15
3660.5 -12.7143
3661.5 -52.4286
3662.5 -13.5714
3663.5 15.2857
3664.5 6.71428
3665.5 2.57143
3666.5 10.1429
3667.5 20.7143
3668.5 20.5714
3669.5 17.8571
3670.5 11.7143
3671.5 33.4286
3672.5 29.7143
3673.5 23.4286
3674.5 5.57143
3675.5 39.1429
3676.5 21.4286
3677.5 24.2857
3678.5 11.5714
3679.5 21.5714
3680.5 29.7143
3681.5 4.57143
3682.5 11.1429
3683.5 15.1429
3684.5 10.2857
3685.5 28
3686.5 19.1429
3687.5 17.2857
3688.5 20
3689.5 0.142855
3690.5 32.8571
3691.5 42.8571
3692.5 54.7143
3693.5 76.7143
3694.5 117.286
3695.5 168.286
3696.5 224.857
3697.5 282.571
3698.5 222.714
3699.5 172.857
3700.5 83.8571
3701.5 74.2857
3702.5 46
3703.5 37.5714
3704.5 30.5714
3705.5 52
3706.5 35.2857
3707.5 23.8571
3708.5 13.7143
3709.5 40
3710.5 2.71428
3711.5 11.4286
3712.5 17.4286
3713.5 25.2857
3714.5 17.1429
3715.5 25.1429
3716.5 6.85714
3717.5 5.42857
3718.5 43.7143
3719.5 12.8571
3720.5 14.8571
3721.5 15.7143
3722.5 21.7143
3723.5 9.71428
3724.5 32.8571
3725.5 25.1429
3726.5 9
3727.5 8
3728.5 15.1429
3729.5 30.7143
3730.5 23.5714
3731.5 30
3732.5 12.7143
3733.5 34.1429
3734.5 19.8571
3735.5 31.5714
3736.5 43.5714
3737.5 7.14286
3738.5 18.7143
3739.5 20.2857
3740.5 13.7143
3741.5 11.8571
3742.5 24
3743.5 11
3744.5 35.7143
3745.5 15.1429
3746.5 18.8571
3747.5 23.5714
3748.5 17.2857
3749.5 22.2857
3750.5 32.4286
3751.5 33
3752.5 14.7143
3753.5 23
3754.5 17
3755.5 21.8571
3756.5 12.1429
3757.5 9.57143
3758.5 20.7143
3759.5 14.4286
3760.5 15.7143
3761.5 4.57143
3762.5 29.2857
3763.5 15.7143
3764.5 20.8571
3765.5 15.8571
3766.5 22.2857
3767.5 10.2857
3768.5 23
3769.5 38.8571
3770.5 28.1429
3771.5 5.85714
3772.5 19
3773.5 16
3774.5 17.7143
3775.5 17
3776.5 32.7143
3777.5 20.4286
3778.5 12.2857
3779.5 20.4286
3780.5 15.8571
3781.5 19.7143
3782.5 22.8571
3783.5 24.1429
3784.5 16.4286
3785.5 42.7143
3786.5 16.4286
3787.5 9.42857
3788.5 22.5714
3789.5 14.1429
3790.5 29.4286
3791.5 33.4286
3792.5 19
3793.5 28
3794.5 18.1429
3795.5 26
3796.5 7.85714
3797.5 19.1429
3798.5 19.5714
3799.5 21.2857
3800.5 16
3801.5 22.4286
3802.5 22.1429
3803.5 1.57143
3804.5 14.1429
3805.5 21.5714
3806.5 36
3807.5 27
3808.5 22.7143
3809.5 11.5714
3810.5 30.8571
3811.5 10.7143
3812.5 24.8571
3813.5 4.57143
3814.5 27
3815.5 24.4286
3816.5 5.42857
3817.5 21.5714
3818.5 19.8571
3819.5 16.4286
3820.5 20.5714
3821.5 22.5714
3822.5 11
3823.5 14.7143
3824.5 35.7143
3825.5 4.71428
3826.5 17.1429
3827.5 30.1429
3828.5 26.2857
3829.5 23.1429
3830.5 22
3831.5 15.8571
3832.5 21
3833.5 9.14286
3834.5 11.2857
3835.5 20.8571
3836.5 26
3837.5 20.4286
3838.5 23.4286
3839.5 29
3840.5 6.71428
3841.5 31.1429
3842.5 38.4286
3843.5 35.7143
3844.5 21.4286
3845.5 57.2857
3846.5 106.857
3847.5 115.429
3848.5 165.429
3849.5 218.714
3850.5 193
3851.5 128.714
3852.5 41.7143
3853.5 32.4286
3854.5 27.5714
3855.5 23.7143
3856.5 33.7143
3857.5 18.2857
3858.5 15.5714
3859.5 14
3860.5 31.8571
3861.5 28
3862.5 36.1429
3863.5 14.8571
3864.5 23.2857
3865.5 23.5714
3866.5 15.1429
3867.5 23.1429
3868.5 27.7143
3869.5 29.8571
3870.5 12.1429
3871.5 18.1429
3872.5 15.5714
3873.5 20.7143
3874.5 2.57143
3875.5 12.1429
3876.5 26.5714
3877.5 17.7143
3878.5 31.2857
3879.5 -12.2857
3880.5 0.42857
3881.5 18.7143
3882.5 15.5714
3883.5 17.2857
3884.5 16.2857
3885.5 30.8571
3886.5 22.8571
3887.5 24.4286
3888.5 26
3889.5 38.8571
3890.5 28.1429
3891.5 54
3892.5 54.5714
3893.5 56.5714
3894.5 30
3895.5 42.4286
3896.5 52.1429
3897.5 56
3898.5 48.4286
3899.5 36.4286
3900.5 26.1429
3901.5 37.7143
3902.5 28.8571
3903.5 29.2857
3904.5 29.1429
3905.5 0.142855
3906.5 18.5714
3907.5 -0.714288
3908.5 25.4286
3909.5 3
3910.5 3.42857
3911.5 13.2857
3912.5 21.5714
3913.5 26.2857
3914.5 19.2857
3915.5 29.7143
3916.5 26
3917.5 16
3918.5 27.4286
3919.5 21.8571
3920.5 17.4286
3921.5 5.42857
3922.5 4.85714
3923.5 3.57143
3924.5 -16
3925.5 4.85714
3926.5 22
3927.5 40.5714
3928.5 26.1429
3929.5 33.1429
3930.5 22.5714
3931.5 27.5714
3932.5 18
3933.5 19.7143
3934.5 16.2857
3935.5 12.1429
3936.5 25.2857
3937.5 40.2857
3938.5 5
3939.5 32
3940.5 40.5714
3941.5 38.4286
3942.5 45.4286
3943.5 43.2857
3944.5 71
3945.5 48.2857
3946.5 101.857
3947.5 83.1429
3948.5 50.1429
3949.5 36
3950.5 48.1429
3951.5 59.4286
3952.5 38.2857
3953.5 38
3954.5 22.2857
3955.5 12.7143
3956.5 23.7143
3957.5 30.1429
3958.5 21.8571
3959.5 26.1429
3960.5 5.85714
3961.5 31.7143
3962.5 33.1429
3963.5 31.1429
3964.5 28.7143
3965.5 20.8571
3966.5 27.8571
3967.5 36.8571
3968.5 25.8571
3969.5 30.7143
3970.5 64.8571
3971.5 70.1429
3972.5 88.4286
3973.5 119.143
3974.5 99.8571
3975.5 35.5714
3976.5 58.2857
3977.5 30.5714
3978.5 29.4286
3979.5 16.2857
3980.5 13.4286
3981.5 31.7143
3982.5 31.2857
3983.5 42.7143
3984.5 28.8571
3985.5 19.4286
3986.5 23.5714
3987.5 14.8571
3988.5 24.8571
3989.5 8
3990.5 18.2857
3991.5 20
3992.5 19.8571
3993.5 16.7143
3994.5 4.71428
3995.5 9.28571
3996.5 19.1429
3997.5 21.7143
3998.5 19.5714
3999.5 23.4286
4000.5 14.8571
4001.5 16.5714
4002.5 32
4003.5 24.1429
4004.5 25.8571
4005.5 33.1429
4006.5 7.85714
4007.5 13.1429
4008.5 22
4009.5 19.1429
4010.5 20.5714
4011.5 21
4012.5 20.7143
4013.5 15.7143
4014.5 23.4286
4015.5 17.7143
4016.5 25.7143
4017.5 17.8571
4018.5 21.5714
4019.5 4.14286
4020.5 18.1429
4021.5 7.28571
4022.5 27.2857
4023.5 22.8571
4024.5 26.7143
4025.5 31.4286
4026.5 16.8571
4027.5 31.7143
4028.5 30.8571
4029.5 21.8571
4030.5 11.8571
4031.5 3
4032.5 32.1429
4033.5 17.4286
4034.5 16.4286
4035.5 21.1429
4036.5 8.57143
4037.5 9.57143
4038.5 23.4286
4039.5 25.4286
4040.5 28.2857
4041.5 15.8571
4042.5 25.2857
4043.5 14.2857
4044.5 5.85714
4045.5 28
4046.5 25.4286
4047.5 19.2857
4048.5 22.4286
4049.5 18.4286
4050.5 26.1429
4051.5 19.1429
4052.5 13.1429
4053.5 30.5714
4054.5 13.7143
4055.5 31
4056.5 31.5714
4057.5 23.2857
4058.5 26.1429
4059.5 20.7143
4060.5 13.8571
4061.5 12
4062.5 22.4286
4063.5 6.28571
4064.5 26
4065.5 24.4286
4066.5 22.2857
4067.5 11.8571
4068.5 17.8571
4069.5 -0.571429
4070.5 -7.42857
4071.5 33.7143
4072.5 20.1429
4073.5 0.285713
4074.5 5.14286
4075.5 4.14286
4076.5 -13.4286
4077.5 14.2857
4078.5 5.71428
4079.5 18.8571
4080.5 11.4286
4081.5 9.42857
4082.5 21.8571
4083.5 3.28571
4084.5 11.7143
4085.5 12.2857
4086.5 16.4286
4087.5 2.14286
4088.5 25
4089.5 16.5714
4090.5 22.8571
4091.5 21.4286
4092.5 19.2857
4093.5 25.4286
4094.5 12.8571
4095.5 6.71428
4096.5 12.1429
4097.5 14.4286
4098.5 5.71428
4099.5 0.714285
4100.5 21.1429
4101.5 21.7143
4102.5 19.1429
4103.5 13.8571
4104.5 4
4105.5 2.14286
4106.5 17.7143
4107.5 15.5714
4108.5 -11.1429
4109.5 9.71428
4110.5 16.4286
4111.5 3.14286
4112.5 5.71428
4113.5 3.57143
4114.5 11.1429
4115.5 0.285713
4116.5 19.4286
4117.5 16.5714
4118.5 12
4119.5 7.85714
4120.5 17.7143
4121.5 25.8571
4122.5 -3.57143
4123.5 10.4286
4124.5 15
4125.5 3.14286
4126.5 0.142855
4127.5 6
4128.5 18.1429
4129.5 -2.28572
4130.5 17.5714
4131.5 12.5714
4132.5 6.42857
4133.5 22.7143
4134.5 11.7143
4135.5 10.2857
4136.5 15
4137.5 6.28571
4138.5 0.285713
4139.5 8.71428
4140.5 13.2857
4141.5 17.4286
4142.5 24.8571
4143.5 15
4144.5 -3.85714
4145.5 16
4146.5 13.2857
4147.5 4.14286
4148.5 8.85714
4149.5 21.7143
4150.5 8.85714
4151.5 15.1429
4152.5 9.71428
4153.5 17.2857
4154.5 19.8571
4155.5 14.4286
4156.5 10.8571
4157.5 7.85714
4158.5 13.4286
4159.5 12.5714
4160.5 4.14286
4161.5 8.28571
4162.5 19.1429
4163.5 -0.571429
4164.5 7.71428
4165.5 -13.4286
4166.5 13.5714
4167.5 -2.42857
4168.5 -4.42857
4169.5 -8.42857
4170.5 10.5714
4171.5 1.42857
4172.5 19.5714
4173.5 17.2857
4174.5 9
4175.5 18.1429
4176.5 7.71428
4177.5 16.2857
4178.5 12.5714
4179.5 25.1429
4180.5 6.42857
4181.5 2.42857
4182.5 8.42857
4183.5 11.1429
4184.5 6
4185.5 18.7143
4186.5 8.85714
4187.5 24.4286
4188.5 3.57143
4189.5 17.8571
4190.5 18.4286
4191.5 13.2857
4192.5 1.28571
4193.5 20.1429
4194.5 16.8571
4195.5 12.4286
4196.5 16.2857
4197.5 8
4198.5 24.2857
4199.5 12.1429
4200.5 14.5714
4201.5 49.1429
4202.5 50.7143
4203.5 98.2857
4204.5 229.571
4205.5 378.714
4206.5 636.714
4207.5 959
4208.5 1096
4209.5 1099.14
4210.5 801.714
4211.5 456
4212.5 162.429
4213.5 72.5714
4214.5 39.7143
4215.5 17.7143
4216.5 13.2857
4217.5 13.5714
4218.5 4.28571
4219.5 -10
4220.5 10.8571
4221.5 -4.14286
4222.5 13.2857
4223.5 0.999999
4224.5 -0.285715
4225.5 0.428571
4226.5 5.57143
4227.5 8.14286
4228.5 10.2857
4229.5 -5.28572
4230.5 12.2857
4231.5 3.85714
4232.5 12.2857
4233.5 -5.57143
4234.5 4.28571
4235.5 18.1429
4236.5 12
4237.5 13.4286
4238.5 9.57143
4239.5 -11.7143
4240.5 12
4241.5 8.14286
4242.5 -6
4243.5 -1.28572
4244.5 -0.571429
4245.5 15.5714
4246.5 -14.4286
4247.5 3.28571
4248.5 29.8571
4249.5 8.14286
4250.5 9.57143
4251.5 5.42857
4252.5 -2.85714
4253.5 4.71428
4254.5 3.71428
4255.5 2.42857
4256.5 8.42857
4257.5 -0.714287
4258.5 12
4259.5 6.42857
4260.5 -0.57143
4261.5 2
4262.5 4.42857
4263.5 5.14286
4264.5 -1.71429
4265.5 18.7143
4266.5 -7.57143
4267.5 6.71428
4268.5 7.42857
4269.5 4.57143
4270.5 6.42857
4271.5 5.85714
4272.5 1.28571
4273.5 11.8571
4274.5 -6.85714
4275.5 -7
4276.5 3.71428
4277.5 7.28571
4278.5 13.4286
4279.5 10.8571
4280.5 10.8571
4281.5 23.4286
4282.5 12.4286
4283.5 10.2857
4284.5 6.14286
4285.5 11.5714
4286.5 17.4286
4287.5 1.42857
4288.5 10.4286
4289.5 2
4290.5 0.285713
4291.5 8.57143
4292.5 5
4293.5 3.42857
4294.5 9.71428
4295.5 5.14286
4296.5 2.85714
4297.5 10.5714
4298.5 8.85714
4299.5 -6.71429
4300.5 20.2857
4301.5 20
4302.5 -0.142859
4303.5 9.71428
4304.5 5
4305.5 5.71428
4306.5 6.57143
4307.5 7.42857
4308.5 -3.71429
4309.5 12.1429
4310.5 8.28571
4311.5 5.28571
4312.5 1.85714
4313.5 12.1429
4314.5 2.71428
4315.5 14.4286
4316.5 3.14286
4317.5 14.2857
4318.5 12.2857
4319.5 13.8571
4320.5 -11.2857
4321.5 7.85714
4322.5 -8.57143
4323.5 13.2857
4324.5 -5.85714
4325.5 6.28571
4326.5 6.85714
4327.5 -2.57143
4328.5 3.85714
4329.5 2
4330.5 0.999999
4331.5 0.42857
4332.5 3.57143
4333.5 12.1429
4334.5 12.4286
4335.5 6.71428
4336.5 -7.14286
4337.5 6.42857
4338.5 14.4286
4339.5 6.14286
4340.5 10.5714
4341.5 9.14286
4342.5 9.85714
4343.5 3.14286
4344.5 9.42857
4345.5 15.4286
4346.5 -0.142858
4347.5 -12.4286
4348.5 -0.142858
4349.5 4
4350.5 12.8571
4351.5 6.85714
4352.5 -3.85714
4353.5 -3.42857
4354.5 4.14286
4355.5 -5.57143
4356.5 5.42857
4357.5 -3.57143
4358.5 4.28571
4359.5 -2.85714
4360.5 0.857142
4361.5 8.14286
4362.5 8
4363.5 7.28571
4364.5 -5.57143
4365.5 7.85714
4366.5 -5
4367.5 6.71428
4368.5 8.85714
4369.5 -3.85714
4370.5 -2
4371.5 -3.28572
4372.5 9.57143
4373.5 7.85714
4374.5 -12.4286
4375.5 0.999999
4376.5 17.4286
4377.5 3.71428
4378.5 14.4286
4379.5 -5.14286
4380.5 0.999999
4381.5 0.857141
4382.5 -3.28572
4383.5 4.85714
4384.5 18.1429
4385.5 16.8571
4386.5 3.28571
4387.5 -8
4388.5 10.7143
4389.5 5.71428
4390.5 19.5714
4391.5 1.85714
4392.5 -1.43051e-06
4393.5 -2.14286
4394.5 5.28571
4395.5 -9.57143
4396.5 4.85714
4397.5 0.714285
4398.5 -0.142858
4399.5 6.28571
4400.5 2
4401.5 -4.14286
4402.5 3.14286
4403.5 -1.57143
4404.5 3.28571
4405.5 15.2857
4406.5 -2.14286
4407.5 0.285713
4408.5 5.71429
4409.5 13.1429
4410.5 -0.142858
4411.5 0.999999
4412.5 2.57143
4413.5 3.57143
4414.5 5.71428
4415.5 3
4416.5 8
4417.5 13.5714
4418.5 6.85714
4419.5 0.999999
4420.5 15.2857
4421.5 7.28571
4422.5 11.1429
4423.5 3.14286
4424.5 7.71429
4425.5 -3.57143
4426.5 6
4427.5 5.85714
4428.5 -5.85714
4429.5 10.2857
4430.5 -0.142858
4431.5 4.85714
4432.5 6.57143
4433.5 -2.42857
4434.5 18
4435.5 -1.42857
4436.5 -12.5714
4437.5 13.4286
4438.5 -3.28572
4439.5 0.428571
4440.5 -2.85714
4441.5 5.57143
4442.5 0.714285
4443.5 -19.5714
4444.5 4.28571
4445.5 4.14286
4446.5 5
4447.5 -1.14286
4448.5 4.14286
4449.5 8.42857
4450.5 2.14286
4451.5 22.5714
4452.5 52.1429
4453.5 49.1429
4454.5 76.7143
4455.5 142.714
4456.5 191.429
4457.5 229.714
4458.5 192.143
4459.5 154.571
4460.5 95.1429
4461.5 97.2857
4462.5 94.5714
4463.5 57.8571
4464.5 35.5714
4465.5 26.8571
4466.5 10.1429
4467.5 -2.14286
4468.5 5.28571
4469.5 1.71428
4470.5 4.42857
4471.5 -7.85714
4472.5 -1.57143
4473.5 -14.7143
4474.5 -2.57143
4475.5 -5.85714
4476.5 2.42857
4477.5 -5
4478.5 2.42857
4479.5 -0.428572
4480.5 2.42857
4481.5 4.57143
4482.5 3.28571
4483.5 -2.71429
4484.5 9.14286
4485.5 -1.28571
4486.5 -1.85714
4487.5 6
4488.5 -1.42857
4489.5 4.85714
4490.5 1.14286
4491.5 4
4492.5 4.14286
4493.5 -1.28572
4494.5 14
4495.5 5.57143
4496.5 5.85714
4497.5 4.14286
4498.5 13.5714
4499.5 14.7143
4500.5 2.14286
4501.5 3.42857
4502.5 0.857142
4503.5 7.42857
4504.5 7.42857
4505.5 -1
4506.5 -4.42857
4507.5 4.42857
4508.5 7.28571
4509.5 -7.42857
4510.5 6.71429
4511.5 -1.71429
4512.5 -3
4513.5 3.14286
4514.5 1.85714
4515.5 4.42857
4516.5 -5.85714
4517.5 2.14286
4518.5 -9.71429
4519.5 8
4520.5 1.28571
4521.5 5.42857
4522.5 3
4523.5 20
4524.5 -0.571429
4525.5 -3.28572
4526.5 -6.28572
4527.5 14.4286
4528.5 4.71428
4529.5 1.57143
4530.5 15.8571
4531.5 -2.85714
4532.5 5.71429
4533.5 10.1429
4534.5 10.2857
4535.5 9.28571
4536.5 7
4537.5 7.14286
4538.5 4.42857
4539.5 4.85714
4540.5 6.42857
4541.5 -5.42857
4542.5 -0.714286
4543.5 3.42857
4544.5 9.14286
4545.5 -0.571429
4546.5 5.28571
4547.5 8.57143
4548.5 5.71429
4549.5 6.85714
4550.5 4
4551.5 9.14286
4552.5 -0.285715
4553.5 13.5714
4554.5 -1
4555.5 6.28571
4556.5 22.7143
4557.5 12.1429
4558.5 19.7143
4559.5 -9
4560.5 12.8571
4561.5 15.4286
4562.5 4.28571
4563.5 -1.28572
4564.5 8
4565.5 -6.57143
4566.5 4.71428
4567.5 1.42857
4568.5 4.71429
4569.5 7.71429
4570.5 7.28571
4571.5 0.999999
4572.5 -1.28572
4573.5 11.2857
4574.5 9.14286
4575.5 -1
4576.5 5.85714
4577.5 -2.57143
4578.5 8.57143
4579.5 -9.57143
4580.5 -9.42857
4581.5 -1.28572
4582.5 -11.4286
4583.5 -11
4584.5 -4.14286
4585.5 -22.5714
4586.5 -26.5714
4587.5 -11.2857
4588.5 -11.4286
4589.5 -13.7143
4590.5 3.85714
4591.5 13
4592.5 -1.14286
4593.5 -7.15256e-07
4594.5 16.8571
4595.5 -1.28572
4596.5 6.71428
4597.5 1.14286
4598.5 12
4599.5 -2.57143
4600.5 5.57143
4601.5 0.142856
4602.5 7.28571
4603.5 14.8571
4604.5 -1.57143
4605.5 -2.28572
4606.5 -3.85714
4607.5 -1.57143
4608.5 13.8571
4609.5 8.57143
4610.5 -0.142858
4611.5 3.14286
4612.5 6
4613.5 -1.28572
4614.5 0.857142
4615.5 -10.4286
4616.5 3.42857
4617.5 9.57143
4618.5 8.28571
4619.5 10.5714
4620.5 -17.2857
4621.5 4.71428
4622.5 25.4286
4623.5 -4.42857
4624.5 -5.42857
4625.5 7.42857
4626.5 10.1429
4627.5 8.71428
4628.5 0.714285
4629.5 -12.4286
4630.5 7.71428
4631.5 -5
4632.5 -4.57143
4633.5 -14.1429
4634.5 -7.28572
4635.5 10.1429
4636.5 -8
4637.5 11.7143
4638.5 -15.2857
4639.5 7
4640.5 16.5714
4641.5 7
4642.5 -0.428572
4643.5 3.14286
4644.5 6.85714
4645.5 -2.57143
4646.5 8.28571
4647.5 0.714284
4648.5 0.285713
4649.5 -2.57143
4650.5 9.57143
4651.5 34.1429
4652.5 3.42857
4653.5 -9.57143
4654.5 4.85714
4655.5 -2.28572
4656.5 -3.28572
4657.5 0.714285
4658.5 -0.857144
4659.5 4.71429
4660.5 2.71429
4661.5 3.42857
4662.5 5.28571
4663.5 4.71429
4664.5 -9.71429
4665.5 6.14286
4666.5 1.42857
4667.5 7
4668.5 -1.28571
4669.5 -6
4670.5 -7
4671.5 9.42857
4672.5 16.1429
4673.5 2.42857
4674.5 4
4675.5 2.42857
4676.5 -3.57143
4677.5 8.85714
4678.5 1.85714
4679.5 0.42857
4680.5 1.28571
4681.5 -1.28572
4682.5 -7.15256e-07
4683.5 4.71429
4684.5 -10
4685.5 4.42857
4686.5 8.57143
4687.5 -3.14286
4688.5 6.14286
4689.5 2.85714
4690.5 4.57143
4691.5 4.85714
4692.5 8.71429
4693.5 -4.85714
4694.5 2.85714
4695.5 -1.42857
4696.5 1.85714
4697.5 12
4698.5 -4.14286
4699.5 -8.28572
4700.5 -0.857144
4701.5 1.57143
4702.5 -0.142858
4703.5 3.28571
4704.5 6.14286
4705.5 -0.428572
4706.5 -10
4707.5 0.571428
4708.5 6
4709.5 4.85714
4710.5 -3.28571
4711.5 2.85714
4712.5 8.71429
4713.5 7.42857
4714.5 6.71428
4715.5 11.8571
4716.5 4.85714
4717.5 7.57143
4718.5 13.7143
4719.5 1.71429
4720.5 6
4721.5 -2.14286
4722.5 4.28571
4723.5 7.42857
4724.5 12.5714
4725.5 -2.71429
4726.5 3.42857
4727.5 8.71429
4728.5 4.42857
4729.5 2.85714
4730.5 2.28571
4731.5 3.42857
4732.5 8.85714
4733.5 1.85714
4734.5 -2.14286
4735.5 3.71428
4736.5 3
4737.5 10.7143
4738.5 1.42857
4739.5 11.8571
4740.5 6.14286
4741.5 -1.57143
4742.5 1.85714
4743.5 -4.14286
4744.5 -7
4745.5 1.85714
4746.5 -6.57143
4747.5 0.142856
4748.5 3.85714
4749.5 -7.28572
4750.5 -3.85714
4751.5 -4.42857
4752.5 -6.14286
4753.5 -0.285715
4754.5 7
4755.5 5.71429
4756.5 13.5714
4757.5 3.14286
4758.5 14.4286
4759.5 -0.285715
4760.5 -0.142858
4761.5 -0.142858
4762.5 2.85714
4763.5 3.57143
4764.5 -14.5714
4765.5 4.14286
4766.5 2.28571
4767.5 0.142856
4768.5 -6.71429
4769.5 2.14286
4770.5 -1.85714
4771.5 -3.28571
4772.5 11.8571
4773.5 -2.14286
4774.5 4
4775.5 -3.71429
4776.5 -0.142858
4777.5 4.85714
4778.5 10.8571
4779.5 1.28571
4780.5 3.28571
4781.5 1.42857
4782.5 8.85714
4783.5 -0.285715
4784.5 -1.71429
4785.5 10.7143
4786.5 -7.42857
4787.5 1.71429
4788.5 -7
4789.5 4.85714
4790.5 -0.857144
4791.5 6.85714
4792.5 1.85714
4793.5 5.14286
4794.5 4.85714
4795.5 3.85714
4796.5 2
4797.5 10
4798.5 -2.42857
4799.5 4
4800.5 8.28571
4801.5 -2
4802.5 -0.285715
4803.5 0.714285
4804.5 -1.57143
4805.5 -1.57143
4806.5 -6.71429
4807.5 17.1429
4808.5 1.57143
4809.5 -5.57143
4810.5 11.2857
4811.5 11.5714
4812.5 14
4813.5 16.4286
4814.5 1.85714
4815.5 3.57143
4816.5 -3.28572
4817.5 -2.85714
4818.5 1.71428
4819.5 -3.57143
4820.5 0.999999
4821.5 12.5714
4822.5 -1
4823.5 2.71429
4824.5 8.14286
4825.5 1.42857
4826.5 1.85714
4827.5 6.57143
4828.5 4.85714
4829.5 -8.28572
4830.5 -2.85714
4831.5 3.14286
4832.5 4.71428
4833.5 2.42857
4834.5 -0.714287
4835.5 1.42857
4836.5 4.85714
4837.5 -1.14286
4838.5 -7.57143
4839.5 4.42857
4840.5 -2.57143
4841.5 2.85714
4842.5 3.28571
4843.5 -0.142858
4844.5 17.7143
4845.5 -5
4846.5 8
4847.5 -6.28572
4848.5 6.28571
4849.5 -2.85714
4850.5 7.42857
4851.5 10.8571
4852.5 -1.14286
4853.5 13
4854.5 2
4855.5 -0.714286
4856.5 5.28571
4857.5 4
4858.5 -0.142858
4859.5 8.85714
4860.5 9.85714
4861.5 3.85714
4862.5 -4.57143
4863.5 -6.85714
4864.5 3.85714
4865.5 11
4866.5 5.42857
4867.5 2.57143
4868.5 1
4869.5 10
4870.5 6.71429
4871.5 -8.28572
4872.5 -3.28572
4873.5 -8.71429
4874.5 8.71429
4875.5 4.14286
4876.5 6.57143
4877.5 3.14286
4878.5 -3.57143
4879.5 16.1429
4880.5 -6
4881.5 0.142856
4882.5 5.57143
4883.5 5.28571
4884.5 -9.71429
4885.5 4.42857
4886.5 5.28571
4887.5 4.42857
4888.5 10.1429
4889.5 7.42857
4890.5 7.42857
4891.5 15.4286
4892.5 4.71429
4893.5 0.857142
4894.5 -1.71429
4895.5 -3.85714
4896.5 -3.57628e-07
4897.5 3.14286
4898.5 0.571428
4899.5 5.42857
4900.5 0.428571
4901.5 -7
4902.5 4.28571
4903.5 13.2857
4904.5 5.14286
4905.5 2.85714
4906.5 -5.14286
4907.5 0.571428
4908.5 4.71429
4909.5 2.28571
4910.5 4.85714
4911.5 6.14286
4912.5 -0.142858
4913.5 -6.71429
4914.5 2.85714
4915.5 2.28571
4916.5 -2.71429
4917.5 -5.85714
4918.5 -0.714286
4919.5 0.571428
4920.5 4.85714
4921.5 6.85714
4922.5 5.28571
4923.5 2.28571
4924.5 9.57143
4925.5 3.85714
4926.5 -0.428572
4927.5 -7.28572
4928.5 4.57143
4929.5 9.14286
4930.5 -7.28571
4931.5 -5.71429
4932.5 4
4933.5 -6.71429
4934.5 5.85714
4935.5 4.85714
4936.5 3.42857
4937.5 3.42857
4938.5 4.85714
4939.5 -5
4940.5 -5.85714
4941.5 3.57143
4942.5 5.57143
4943.5 1.42857
4944.5 -8
4945.5 -1.71429
4946.5 1.42857
4947.5 -3.42857
4948.5 14.8571
4949.5 -1
4950.5 1.28571
4951.5 -2.57143
4952.5 5.71429
4953.5 -10.4286
4954.5 -13.2857
4955.5 -14
4956.5 -7
4957.5 -8.85714
4958.5 -5.57143
4959.5 6.71429
4960.5 6.57143
4961.5 -2.14286
4962.5 1.57143
4963.5 2.14286
4964.5 -2.85714
4965.5 8.14286
4966.5 12.8571
4967.5 8.28571
4968.5 17.1429
4969.5 8.42857
4970.5 32.2857
4971.5 26.8571
4972.5 40.8571
4973.5 55.1429
4974.5 54
4975.5 30.5714
4976.5 22.1429
4977.5 4.57143
4978.5 8.14286
4979.5 -6
4980.5 -3.28572
4981.5 0.428571
4982.5 -13
4983.5 -13.1429
4984.5 -8.85714
4985.5 -12.1429
4986.5 -6.71429
4987.5 -6.42857
4988.5 4.85714
4989.5 -12.8571
4990.5 -3.28572
4991.5 9.28571
4992.5 -5.28572
4993.5 -0.571429
4994.5 -3.71429
4995.5 -7.71429
4996.5 4.42857
4997.5 -5.57143
4998.5 4.85714
4999.5 2.42857
5000.5 4
5001.5 8
5002.5 -0.428572
5003.5 0.857142
5004.5 6.71429
5005.5 0.857142
5006.5 -7.15256e-07
5007.5 -4.28571
5008.5 2
5009.5 2.57143
5010.5 13.1429
5011.5 1.14286
5012.5 4.57143
5013.5 -2.14286
5014.5 -4.85714
5015.5 9.14286
5016.5 5
5017.5 8.85714
5018.5 0.142856
5019.5 -3.57143
5020.5 -2
5021.5 2.42857
5022.5 -2.14286
5023.5 -8.28572
5024.5 3.57143
5025.5 -0.857144
5026.5 -3.57143
5027.5 -2.28572
5028.5 -9.57143
5029.5 6.14286
5030.5 2.57143
5031.5 -1.42857
5032.5 0.142857
5033.5 -2.28571
5034.5 7.71429
5035.5 -3.57143
5036.5 4.28571
5037.5 -2.71429
5038.5 5
5039.5 2.28571
5040.5 -3.42857
5041.5 -5.42857
5042.5 0.285714
5043.5 9.28571
5044.5 6.71429
5045.5 -9
5046.5 12.1429
5047.5 5
5048.5 11.7143
5049.5 -1.42857
5050.5 6.71429
5051.5 3.57143
5052.5 -3.28571
5053.5 -4.71429
5054.5 5.28571
5055.5 -3.57143
5056.5 -2.71429
5057.5 4.85714
5058.5 -1.71429
5059.5 -2.71429
5060.5 -4
5061.5 -2
5062.5 0.714285
5063.5 -0.142858
5064.5 7.42857
5065.5 11.1429
5066.5 3.28571
5067.5 28.8571
5068.5 21.7143
5069.5 29.7143
5070.5 32.7143
5071.5 51.4286
5072.5 22.5714
5073.5 16.7143
5074.5 10.2857
5075.5 6.57143
5076.5 5.14286
5077.5 6.42857
5078.5 12.7143
5079.5 9.85714
5080.5 8.42857
5081.5 11.7143
5082.5 10.2857
5083.5 11.5714
5084.5 7.57143
5085.5 -2
5086.5 0.142857
5087.5 1.14286
5088.5 -1.85714
5089.5 2.42857
5090.5 -1.71429
5091.5 0.285714
5092.5 -2.71429
5093.5 7.42857
5094.5 12
5095.5 -2.14286
5096.5 16.2857
5097.5 6.57143
5098.5 -3.71429
5099.5 7
5100.5 11.8571
5101.5 2
5102.5 2.71428
5103.5 8.14286
5104.5 0.142856
5105.5 -2
5106.5 1.14286
5107.5 5.42857
5108.5 0.857142
5109.5 8.85714
5110.5 1.85714
5111.5 -7.15256e-07
5112.5 10.1429
5113.5 11.5714
5114.5 -5
5115.5 3
5116.5 8.85714
5117.5 7
5118.5 4.57143
5119.5 1.71428
5120.5 2.85714
5121.5 1.85714
5122.5 1.57143
5123.5 0.285714
5124.5 -1.71429
5125.5 6
5126.5 0.142856
5127.5 8.42857
5128.5 0.571428
5129.5 0.571428
5130.5 15.4286
5131.5 6.85714
5132.5 3
5133.5 1.57143
5134.5 3.57143
5135.5 -9.71429
5136.5 9.14286
5137.5 0.142856
5138.5 2.28571
5139.5 -0.714286
5140.5 1.71429
5141.5 -2.85714
5142.5 -1.71429
5143.5 4.28571
5144.5 2.57143
5145.5 -12.4286
5146.5 -4
5147.5 -1.85714
5148.5 -0.142858
5149.5 9.42857
5150.5 5.42857
5151.5 4.85714
5152.5 0.714285
5153.5 -5
5154.5 -4.57143
5155.5 19
5156.5 5.14286
5157.5 5.57143
5158.5 4.71428
5159.5 4.14286
5160.5 -6.28572
5161.5 -4.85714
5162.5 -6.85714
5163.5 10
5164.5 4.42857
5165.5 10.2857
5166.5 5.14286
5167.5 -4.28572
5168.5 17
5169.5 10.5714
5170.5 -5
5171.5 1
5172.5 1.28571
5173.5 -0.714286
5174.5 5.71429
5175.5 -2.71429
5176.5 3.42857
5177.5 -2
5178.5 1.85714
5179.5 10.8571
5180.5 -2.42857
5181.5 3
5182.5 -8
5183.5 -3.42857
5184.5 4.71429
5185.5 0.571428
5186.5 0.571428
5187.5 5.57143
5188.5 8.14286
5189.5 7.14286
5190.5 2.57143
5191.5 -3.57628e-07
5192.5 3.85714
5193.5 -0.285715
5194.5 5.71429
5195.5 1.42857
5196.5 8.14286
5197.5 -2.85714
5198.5 -8.14286
5199.5 -2.28572
5200.5 8.42857
5201.5 4.42857
5202.5 12
5203.5 -5.28572
5204.5 3
5205.5 5
5206.5 -8
5207.5 7.14286
5208.5 2.71429
5209.5 4.57143
5210.5 7.42857
5211.5 11.4286
5212.5 5.14286
5213.5 2
5214.5 -6.14286
5215.5 4.28571
5216.5 -1.14286
5217.5 -0.428572
5218.5 0.428571
5219.5 9.14286
5220.5 -7.28572
5221.5 0.571428
5222.5 1.28571
5223.5 -7.57143
5224.5 8.85714
5225.5 0.571428
5226.5 4.14286
5227.5 2.85714
5228.5 1.57143
5229.5 2.28571
5230.5 -0.285715
5231.5 -2.71429
5232.5 -1.42857
5233.5 -3.42857
5234.5 9
5235.5 9.42857
5236.5 3
5237.5 7.28571
5238.5 -0.428572
5239.5 10.4286
5240.5 6.14286
5241.5 5.57143
5242.5 -3
5243.5 -6
5244.5 11.4286
5245.5 13.7143
5246.5 9
5247.5 15.4286
5248.5 13.2857
5249.5 -0.571429
5250.5 6.57143
5251.5 -0.571429
5252.5 3.71429
5253.5 2.71429
5254.5 5.28571
5255.5 6.42857
5256.5 0.571428
5257.5 0.142856
5258.5 4.71429
5259.5 11.1429
5260.5 -3
5261.5 -2
5262.5 2.57143
5263.5 1.14286
5264.5 2.71429
5265.5 4.42857
5266.5 4.57143
5267.5 6
5268.5 4.14286
5269.5 5.14286
5270.5 5
5271.5 -1.85714
5272.5 5.14286
5273.5 0.571428
5274.5 -4.14286
5275.5 0.285714
5276.5 7.71429
5277.5 0.285714
5278.5 -1.57143
5279.5 9.14286
5280.5 0.428571
5281.5 -2.71429
5282.5 -0.428572
5283.5 9.14286
5284.5 -7.14286
5285.5 12.7143
5286.5 5.14286
5287.5 -2.28572
5288.5 2.42857
5289.5 2.85714
5290.5 6
5291.5 0.571428
5292.5 4.14286
5293.5 -6.42857
5294.5 -2.71429
5295.5 -3.42857
5296.5 -0.428572
5297.5 -7.71429
5298.5 -1.42857
5299.5 -5
5300.5 2.57143
5301.5 -1.57143
5302.5 1.57143
5303.5 0.571428
5304.5 1.42857
5305.5 7
5306.5 8
5307.5 4.57143
5308.5 7.14286
5309.5 5.57143
5310.5 4.57143
5311.5 2.85714
5312.5 0.857142
5313.5 -4.57143
5314.5 -2.85714
5315.5 4
5316.5 -5.57143
5317.5 2.71429
5318.5 -0.714286
5319.5 -2
5320.5 2.28571
5321.5 9.71429
5322.5 -8
5323.5 7.57143
5324.5 4.14286
5325.5 7.85714
5326.5 7.71429
5327.5 11.7143
5328.5 2.57143
5329.5 9.71429
5330.5 2.42857
5331.5 3.42857
5332.5 6.14286
5333.5 13.5714
5334.5 1.85714
5335.5 8.28571
5336.5 -6.71429
5337.5 5
5338.5 6
5339.5 7.42857
5340.5 0.285714
5341.5 0.428571
5342.5 -7.15256e-07
5343.5 -0.142858
5344.5 -2.42857
5345.5 -4.71429
5346.5 -14
5347.5 -5
5348.5 4.71428
5349.5 0.285713
5350.5 -6.28572
5351.5 0.42857
5352.5 -7.71429
5353.5 10.5714
5354.5 10.7143
5355.5 -9.42857
5356.5 8.14286
5357.5 -5.71429
5358.5 -5.28572
5359.5 8.71429
5360.5 -2.85714
5361.5 -0.285715
5362.5 7.14286
5363.5 4.42857
5364.5 1.57143
5365.5 1.57143
5366.5 6.14286
5367.5 3
5368.5 6
5369.5 7.28571
5370.5 1.57143
5371.5 -3.28571
5372.5 -3.28571
5373.5 4
5374.5 9
5375.5 7.57143
5376.5 -3.14286
5377.5 6.14286
5378.5 7
5379.5 -1.14286
5380.5 -2.57143
5381.5 6.14286
5382.5 1.14286
5383.5 7
5384.5 2.42857
5385.5 4.85714
5386.5 1.57143
5387.5 1.28571
5388.5 4.42857
5389.5 -0.857144
5390.5 9.28571
5391.5 0.999999
5392.5 12.4286
5393.5 6.85714
5394.5 14.4286
5395.5 1.71428
5396.5 21.2857
5397.5 -9.14286
5398.5 13.2857
5399.5 8.57143
5400.5 10.8571
5401.5 1.28571
5402.5 8
5403.5 3
5404.5 1.85714
5405.5 2.57143
5406.5 0.571428
5407.5 -3.57628e-07
5408.5 4.14286
5409.5 -0.428572
5410.5 3.71429
5411.5 -5.85714
5412.5 -3.28571
5413.5 -0.285715
5414.5 -6
5415.5 1.85714
5416.5 0.714285
5417.5 5.14286
5418.5 4.57143
5419.5 4.85714
5420.5 4
5421.5 -1.28571
5422.5 1.71429
5423.5 8.42857
5424.5 -4.42857
5425.5 -3.28571
5426.5 3.85714
5427.5 3
5428.5 6.14286
5429.5 5.85714
5430.5 5.57143
5431.5 1.85714
5432.5 -0.714286
5433.5 4
5434.5 2.14286
5435.5 -5.57143
5436.5 5.71429
5437.5 5.28571
5438.5 2.28571
5439.5 -3.28571
5440.5 2.57143
5441.5 -0.142858
5442.5 4
5443.5 -11
5444.5 -7
5445.5 -3.28571
5446.5 10.1429
5447.5 6.85714
5448.5 5.42857
5449.5 -4.42857
5450.5 1
5451.5 -2.28571
5452.5 0.571428
5453.5 5.71429
5454.5 7.71429
5455.5 1.42857
5456.5 5.57143
5457.5 10.1429
5458.5 -0.714287
5459.5 -4.28572
5460.5 -2.28571
5461.5 -1.71429
5462.5 1
5463.5 2.14286
5464.5 -3.14286
5465.5 9.57143
5466.5 -5.71429
5467.5 -0.857144
5468.5 7.14286
5469.5 4.14286
5470.5 -3.71429
5471.5 -6.57143
5472.5 -10.7143
5473.5 7
5474.5 9
5475.5 -3
5476.5 6.14286
5477.5 8.14286
5478.5 0.571428
5479.5 7.14286
5480.5 3.71429
5481.5 7.42857
5482.5 2.71429
5483.5 4.14286
5484.5 8.57143
5485.5 5.14286
5486.5 -2.28572
5487.5 12.2857
5488.5 10.4286
5489.5 -3.28572
5490.5 -3.42857
5491.5 -2.14286
5492.5 5.14286
5493.5 0.285714
5494.5 -3.57628e-07
5495.5 6.42857
5496.5 3.14286
5497.5 -3.57628e-07
5498.5 4.57143
5499.5 7.14286
5500.5 -1
5501.5 5.42857
5502.5 10.5714
5503.5 4.85714
5504.5 1
5505.5 -2.57143
5506.5 -0.571429
5507.5 -1.14286
5508.5 2.14286
5509.5 0.571428
5510.5 2.28571
5511.5 7.42857
5512.5 -1.85714
5513.5 3.28571
5514.5 -0.857143
5515.5 10.1429
5516.5 -8.71429
5517.5 1.71429
5518.5 4.28571
5519.5 3
5520.5 -0.857143
5521.5 -3.28571
5522.5 4.42857
5523.5 6.42857
5524.5 1.85714
5525.5 -2.14286
5526.5 -8.28572
5527.5 -3
5528.5 0.285714
5529.5 -8.28572
5530.5 3.85714
5531.5 4.14286
5532.5 -1
5533.5 3.85714
5534.5 1.71428
5535.5 -5
5536.5 8.57143
5537.5 2.71428
5538.5 10.5714
5539.5 -0.857144
5540.5 -0.857144
5541.5 2.85714
5542.5 -3.42857
5543.5 -0.571429
5544.5 2
5545.5 4.28571
5546.5 1.14286
5547.5 0.428571
5548.5 -0.142858
5549.5 7.71429
5550.5 -3
5551.5 -0.142858
5552.5 2.42857
5553.5 4.57143
5554.5 -3.42857
5555.5 -2.14286
5556.5 -2.42857
5557.5 2.28571
5558.5 -0.714286
5559.5 -0.142858
5560.5 1.28571
5561.5 2.14286
5562.5 6.42857
5563.5 -2.14286
5564.5 -1.71429
5565.5 -5.14286
5566.5 -5.42857
5567.5 -2.57143
5568.5 -1.85714
5569.5 -8.42857
5570.5 2
5571.5 -4.85714
5572.5 2.42857
5573.5 2.14286
5574.5 3
5575.5 16
5576.5 19.7143
5577.5 27.1429
5578.5 32.5714
5579.5 63.4286
5580.5 81.5714
5581.5 117.714
5582.5 75.2857
5583.5 76
5584.5 45
5585.5 18.2857
5586.5 10
5587.5 7.57143
5588.5 23.7143
5589.5 16.5714
5590.5 17
5591.5 23.8571
5592.5 24.8571
5593.5 24.2857
5594.5 11.7143
5595.5 13.1429
5596.5 10.2857
5597.5 -3.28571
5598.5 -1.28571
5599.5 -10
5600.5 -4.85714
5601.5 -0.571429
5602.5 -13.7143
5603.5 4.14286
5604.5 2
5605.5 -2.71429
5606.5 -1.28571
5607.5 8.71429
5608.5 -3.57628e-07
5609.5 3
5610.5 -7.42857
5611.5 -2.14286
5612.5 -10.1429
5613.5 11.4286
5614.5 0.571428
5615.5 -2.57143
5616.5 -1
5617.5 -7.57143
5618.5 0.285714
5619.5 -2.28571
5620.5 6.71429
5621.5 6.28571
5622.5 0.428571
5623.5 -3
5624.5 -7.57143
5625.5 0.285714
5626.5 3.28571
5627.5 2.71429
5628.5 7
5629.5 -4.42857
5630.5 8.71429
5631.5 1
5632.5 9
5633.5 1
5634.5 1.28571
5635.5 6.57143
5636.5 4.71429
5637.5 1.28571
5638.5 -4.28571
5639.5 -0.142858
5640.5 1.57143
5641.5 -2.14286
5642.5 0.857142
5643.5 1.42857
5644.5 3.28571
5645.5 -0.857143
5646.5 -3.57628e-07
5647.5 2.42857
5648.5 0.428571
5649.5 -3.57628e-07
5650.5 0.714285
5651.5 -0.714286
5652.5 6.57143
5653.5 -8.42857
5654.5 9.42857
5655.5 8.42857
5656.5 1.57143
5657.5 1.71429
5658.5 -3.57628e-07
5659.5 2.14286
5660.5 3.57143
5661.5 1
5662.5 -0.857143
5663.5 -2
5664.5 1.28571
5665.5 1.42857
5666.5 -0.285715
5667.5 -0.428572
5668.5 4.85714
5669.5 -0.285715
5670.5 -5.42857
5671.5 0.857142
5672.5 2.57143
5673.5 4.57143
5674.5 8.14286
5675.5 3
5676.5 -3.71429
5677.5 4
5678.5 -1.85714
5679.5 1.42857
5680.5 4.85714
5681.5 4.71429
5682.5 -3.57143
5683.5 3.42857
5684.5 1.28571
5685.5 3.85714
5686.5 -1.71429
5687.5 2.71428
5688.5 2.14286
5689.5 4.28571
5690.5 -4.57143
5691.5 9.57143
5692.5 7.28571
5693.5 3.14286
5694.5 6.71429
5695.5 -5.28571
5696.5 2
5697.5 -1.85714
5698.5 1.71429
5699.5 -0.857143
5700.5 6.57143
5701.5 -2
5702.5 2.42857
5703.5 -3.28571
5704.5 11.1429
5705.5 0.142856
5706.5 -9
5707.5 -4.85714
5708.5 9
5709.5 -4.71429
5710.5 -1.28571
5711.5 -0.285715
5712.5 1.14286
5713.5 -9
5714.5 0.428571
5715.5 1.42857
5716.5 -0.571429
5717.5 -8.57143
5718.5 3.71429
5719.5 2.28571
5720.5 0.714286
5721.5 -2.85714
5722.5 2.42857
5723.5 1.28571
5724.5 2.28571
5725.5 6.71429
5726.5 5.14286
5727.5 3.42857
5728.5 2.28571
5729.5 2.42857
5730.5 -5.42857
5731.5 -1.57143
5732.5 -0.571429
5733.5 -1.85714
5734.5 0.285714
5735.5 0.428571
5736.5 -0.857143
5737.5 0.428571
5738.5 0.714286
5739.5 1.42857
5740.5 -4
5741.5 4.42857
5742.5 -10.8571
5743.5 -2.71429
5744.5 2.28571
5745.5 -6.28571
5746.5 2.71429
5747.5 -3.71429
5748.5 2.71429
5749.5 5.71429
5750.5 2.14286
5751.5 -4.14286
5752.5 5
5753.5 0.142855
5754.5 -11.5714
5755.5 7.85714
5756.5 -6.85715
5757.5 5.42857
5758.5 -5.57143
5759.5 -3.85714
5760.5 1.71429
5761.5 -0.142858
5762.5 -2.71429
5763.5 5.71429
5764.5 -1.14286
5765.5 -2
5766.5 1
5767.5 0.285714
5768.5 4.42857
5769.5 -3.14286
5770.5 4.85714
5771.5 -0.714286
5772.5 -4.85714
5773.5 3.57143
5774.5 -8.42857
5775.5 0.857143
5776.5 6.85714
5777.5 -2
5778.5 0.142857
5779.5 3.71429
5780.5 3.42857
5781.5 -0.714286
5782.5 0.142857
5783.5 0.428571
5784.5 -4.14286
5785.5 -0.142858
5786.5 -7.85714
5787.5 -11.5714
5788.5 -3.57143
5789.5 4.14286
5790.5 -2.85714
5791.5 2.42857
5792.5 -3.57628e-07
5793.5 6.42857
5794.5 0.428571
5795.5 4.57143
5796.5 3.42857
5797.5 0.285714
5798.5 3.71429
5799.5 -1.42857
5800.5 -0.714286
5801.5 -2.57143
5802.5 3.71429
5803.5 -6.14286
5804.5 -1.28571
5805.5 1.14286
5806.5 -2
5807.5 -1.28571
5808.5 -5
5809.5 -3.42857
5810.5 1.57143
5811.5 3.71429
5812.5 2.85714
5813.5 2
5814.5 -2.71429
5815.5 -9
5816.5 5.57143
5817.5 5.71429
5818.5 -1.57143
5819.5 -3.57628e-07
5820.5 3.71429
5821.5 -3
5822.5 2.28571
5823.5 2.42857
5824.5 -6.28571
5825.5 -1.85714
5826.5 0.714286
5827.5 2.57143
5828.5 2.42857
5829.5 -3.57628e-07
5830.5 4.71429
5831.5 -10.1429
5832.5 2.14286
5833.5 0.857142
5834.5 -0.285715
5835.5 -6.71429
5836.5 -1
5837.5 -3.28571
5838.5 -0.142858
5839.5 -1.85714
5840.5 -3.14286
5841.5 -2.71429
5842.5 -0.285715
5843.5 -7.28572
5844.5 5.28571
5845.5 4
5846.5 1.42857
5847.5 5.57143
5848.5 -7.42857
5849.5 0.285714
5850.5 0.571428
5851.5 2.42857
5852.5 -2
5853.5 -2.85714
5854.5 -2.85714
5855.5 5.57143
5856.5 8.85714
5857.5 3.57143
5858.5 -3
5859.5 1.85714
5860.5 2.42857
5861.5 -0.285714
5862.5 -3.71429
5863.5 -0.571429
5864.5 -1.57143
5865.5 1.28571
5866.5 2.42857
5867.5 0.714286
5868.5 -1.71429
5869.5 1.71429
5870.5 2.71429
5871.5 0.428571
5872.5 -2.71429
5873.5 -2.71429
5874.5 0.285714
5875.5 8
5876.5 2.57143
5877.5 -1.57143
5878.5 -2.85714
5879.5 2.42857
5880.5 3.14286
5881.5 -0.857143
5882.5 7.85714
5883.5 0.571428
5884.5 4.57143
5885.5 -1.42857
5886.5 -3.57143
5887.5 -3.85714
5888.5 4.71429
5889.5 2.71429
5890.5 -5
5891.5 -2.71429
5892.5 -2.57143
5893.5 2.71429
5894.5 2.71429
5895.5 5.14286
5896.5 3.14286
5897.5 4.28571
5898.5 -2.42857
5899.5 0.714285
5900.5 -0.714287
5901.5 8.28571
5902.5 9.28571
5903.5 -2
5904.5 -1.14286
5905.5 6.14286
5906.5 -4.14286
5907.5 3.71429
5908.5 -4.28571
5909.5 -1.57143
5910.5 -3.57628e-07
5911.5 3.28571
5912.5 -1.85714
5913.5 1.57143
5914.5 -2.85714
5915.5 3.57143
5916.5 0.571428
5917.5 1.42857
5918.5 -0.428572
5919.5 5.85714
5920.5 0.714286
5921.5 -5.85714
5922.5 -0.285714
5923.5 -4
5924.5 0.285714
5925.5 1.57143
5926.5 -0.714286
5927.5 -1.57143
5928.5 2.42857
5929.5 1.85714
5930.5 2.71429
5931.5 -7.14286
5932.5 0.428571
5933.5 2.57143
5934.5 2.42857
5935.5 -5
5936.5 0.428571
5937.5 0.285714
5938.5 0.428571
5939.5 3.85714
5940.5 0.142857
5941.5 -1.28571
5942.5 -1.71429
5943.5 -5.85714
5944.5 2.85714
5945.5 1.57143
5946.5 -0.428572
5947.5 3
5948.5 2.85714
5949.5 1.57143
5950.5 -1.85714
5951.5 0.714286
5952.5 -0.285714
5953.5 1.57143
5954.5 4.85714
5955.5 3.85714
5956.5 4.71429
5957.5 -3.71429
5958.5 5.57143
5959.5 -3
5960.5 -1.57143
5961.5 -4.14286
5962.5 1
5963.5 -1.14286
5964.5 4.42857
5965.5 -4.85714
5966.5 -8.42857
5967.5 3.85714
5968.5 2.28571
5969.5 -2.14286
5970.5 -0.142858
5971.5 1.57143
5972.5 -3.14286
5973.5 1.42857
5974.5 -5.85714
5975.5 -2.71429
5976.5 -0.428572
5977.5 -2.85714
5978.5 -1.57143
5979.5 0.571428
5980.5 2.42857
5981.5 -2.42857
5982.5 2
5983.5 -0.428572
5984.5 1.85714
5985.5 1.85714
5986.5 -1.28571
5987.5 0.857143
5988.5 2.71429
5989.5 0.571428
5990.5 -6
5991.5 -2.57143
5992.5 -1.71429
5993.5 3.57143
5994.5 -6.57143
5995.5 2.57143
5996.5 -7.85714
5997.5 -19.5714
5998.5 2.57143
5999.5 9.42857
6000.5 -9.28572
6001.5 -1.42857
6002.5 -3.57143
6003.5 9.42857
6004.5 10.2857
6005.5 5.28571
6006.5 -12.2857
6007.5 -1.71429
6008.5 0.714286
6009.5 1.85714
6010.5 1.42857
6011.5 -0.428572
6012.5 0.428571
6013.5 -1.57143
6014.5 0.571428
6015.5 2.85714
6016.5 4.85714
6017.5 3.28571
6018.5 -2.57143
6019.5 1.57143
6020.5 -1.42857
6021.5 2.85714
6022.5 -0.142857
6023.5 0.571428
6024.5 -1.71429
6025.5 -1.42857
6026.5 1.85714
6027.5 5
6028.5 -0.142857
6029.5 -3.57143
6030.5 0.857143
6031.5 -3
6032.5 1.57143
6033.5 1.28571
6034.5 2.57143
6035.5 -0.857143
6036.5 -5.85714
6037.5 5.57143
6038.5 -1.85714
6039.5 -8.14286
6040.5 1.57143
6041.5 -2.71429
6042.5 -0.142857
6043.5 1.71429
6044.5 0.857143
6045.5 4.85714
6046.5 0.857143
6047.5 1
6048.5 -0.428572
6049.5 3
6050.5 0.714286
6051.5 0.857143
6052.5 -1.57143
6053.5 0.857143
6054.5 0.857143
6055.5 1.71429
6056.5 1.85714
6057.5 0.857143
6058.5 -3.71429
6059.5 -1.14286
6060.5 3.85714
6061.5 0.857143
6062.5 -3.42857
6063.5 -0.428572
6064.5 0.714286
6065.5 3.71429
6066.5 1.85714
6067.5 -2.42857
6068.5 4.71429
6069.5 3.71429
6070.5 3.71429
6071.5 -4.85714
6072.5 3.57143
6073.5 2.71429
6074.5 5.85714
6075.5 3.85714
6076.5 -0.571429
6077.5 -3.71429
6078.5 0.714286
6079.5 -7
6080.5 1
6081.5 -2.71429
6082.5 -6.57143
6083.5 -0.142858
6084.5 -12.1429
6085.5 -8.42857
6086.5 -17.5714
6087.5 -2.57143
6088.5 2.28571
6089.5 -3
6090.5 0.428571
6091.5 3
6092.5 -1.71429
6093.5 1.42857
6094.5 3.71429
6095.5 2.85714
6096.5 2.71429
6097.5 6.71429
6098.5 4.42857
6099.5 6.57143
6100.5 14.7143
6101.5 20.5714
6102.5 20.2857
6103.5 18.4286
6104.5 32.4286
6105.5 13
6106.5 16.2857
6107.5 4.14286
6108.5 4.42857
6109.5 -3.28571
6110.5 -18.5714
6111.5 -10.1429
6112.5 -11.4286
6113.5 -12.1429
6114.5 -18.8571
6115.5 -11.7143
6116.5 -6.42857
6117.5 0.428571
6118.5 0.285714
6119.5 -3.42857
6120.5 -11.4286
6121.5 -1.57143
6122.5 7.85714
6123.5 7.42857
6124.5 4.14286
6125.5 0.42857
6126.5 -8
6127.5 -3.42857
6128.5 -2
6129.5 -1.57143
6130.5 -0.428572
6131.5 -1.28571
6132.5 -0.285714
6133.5 -0.285714
6134.5 -3.42857
6135.5 0.714286
6136.5 2.85714
6137.5 1.71429
6138.5 0.857143
6139.5 1.85714
6140.5 4
6141.5 0
6142.5 0.714286
6143.5 -1.28571
6144.5 -1.14286
6145.5 1.71429
6146.5 2.85714
6147.5 -0.428572
6148.5 0.857143
6149.5 3.85714
6150.5 -1.57143
6151.5 -0.285714
6152.5 0.857143
6153.5 -0.142857
6154.5 -0.428572
6155.5 0.857143
6156.5 -0.285714
6157.5 0.857143
6158.5 -2.42857
6159.5 1.85714
6160.5 -0.142857
6161.5 -2.57143
6162.5 3.14286
6163.5 0.714286
6164.5 1
6165.5 -1.28571
6166.5 -3.42857
6167.5 -1.28571
6168.5 0
6169.5 1
6170.5 1
6171.5 0.714286
6172.5 -0.142857
6173.5 3
6174.5 -0.285714
6175.5 -1.28571
6176.5 -0.428572
6177.5 1.85714
6178.5 2.57143
6179.5 -0.285714
6180.5 2
6181.5 2.85714
6182.5 1
6183.5 -2.42857
6184.5 -0.142857
6185.5 1.85714
6186.5 -0.142857
6187.5 2
6188.5 -3.42857
6189.5 0.571428
6190.5 1.71429
6191.5 1.85714
6192.5 -2.28571
6193.5 -4.71429
6194.5 1.85714
6195.5 -1.14286
6196.5 -0.285714
6197.5 2.85714
6198.5 1.85714
6199.5 -0.142857
6200.5 -1.28571
6201.5 2
6202.5 2
6203.5 4
6204.5 -2.42857
6205.5 0.857143
6206.5 2
6207.5 2.57143
6208.5 0.714286
6209.5 1.85714
6210.5 -2.42857
6211.5 4
6212.5 -1.28571
6213.5 1
6214.5 -1.14286
6215.5 -0.285714
6216.5 2.57143
6217.5 -0.142857
6218.5 4.85714
6219.5 -1.28571
6220.5 1.85714
6221.5 0.571428
6222.5 3.71429
6223.5 -0.428572
6224.5 -3.57628e-07
6225.5 -2.57143
6226.5 -0.428572
6227.5 -1.57143
6228.5 1.57143
6229.5 2.85714
6230.5 -1.28571
6231.5 1.71429
6232.5 1.85714
6233.5 4
6234.5 -3.42857
6235.5 -2.57143
6236.5 -1.57143
6237.5 3
6238.5 2
6239.5 0
6240.5 -0.285714
6241.5 -0.142857
6242.5 0.857143
6243.5 3.85714
6244.5 -2.42857
6245.5 0.857143
6246.5 1
6247.5 1.85714
6248.5 0.857143
6249.5 -5.71429
6250.5 0.857143
6251.5 2.85714
6252.5 -0.142857
6253.5 -1.42857
6254.5 1.71429
6255.5 -0.142857
6256.5 2.85714
6257.5 2.85714
6258.5 -3.57143
6259.5 -2.28571
6260.5 2.85714
6261.5 2
6262.5 0.857143
6263.5 -2.42857
6264.5 -1.28571
6265.5 1
6266.5 -2.28571
6267.5 1.85714
6268.5 2
6269.5 -4.71429
6270.5 3
6271.5 -2.57143
6272.5 1.85714
6273.5 0.571428
6274.5 2.85714
6275.5 2.85714
6276.5 -3.71429
6277.5 -0.142857
6278.5 -0.142857
6279.5 0.714286
6280.5 -4.57143
6281.5 -0.142857
6282.5 -0.142857
6283.5 1
6284.5 0.571428
6285.5 -4.71429
6286.5 0.857143
6287.5 1
6288.5 2.85714
6289.5 -1.28571
6290.5 -1.14286
6291.5 0.857143
6292.5 0.857143
6293.5 -1.14286
6294.5 -2.57143
6295.5 -2.42857
6296.5 -1.28571
6297.5 -1.28571
6298.5 -2.42857
6299.5 0.714286
6300.5 -2.42857
6301.5 -1.14286
6302.5 -0.285714
6303.5 -0.142857
6304.5 -0.142857
6305.5 0.714286
6306.5 -2.42857
6307.5 1.85714
6308.5 -2.57143
6309.5 -0.142857
6310.5 -3.71429
6311.5 -1.42857
6312.5 0.714286
6313.5 3.71429
6314.5 1.85714
6315.5 -5.85714
6316.5 3.85714
6317.5 -1.42857
6318.5 2
6319.5 6
6320.5 -1.42857
6321.5 -3.71429
6322.5 -0.285714
6323.5 0.857143
6324.5 0.428571
6325.5 -0.285714
6326.5 1.85714
6327.5 -2.85714
6328.5 -1.57143
6329.5 2.85714
6330.5 -1.14286
6331.5 -3.42857
6332.5 0.857143
6333.5 -1.14286
6334.5 -3.42857
6335.5 0
6336.5 -1.28571
6337.5 1.85714
6338.5 -1.42857
6339.5 3.85714
6340.5 0.857143
6341.5 -1.42857
6342.5 -2.28571
6343.5 -3.42857
6344.5 -0.142857
6345.5 -1.28571
6346.5 -3.85714
6347.5 -1.28571
6348.5 0.857143
6349.5 -1.28571
6350.5 -0.428572
6351.5 -0.142857
6352.5 2
6353.5 -1.28571
6354.5 0.714286
6355.5 -2.28571
6356.5 2
6357.5 -1.14286
6358.5 -2.28571
6359.5 0
6360.5 1
6361.5 -3.42857
6362.5 -0.285714
6363.5 1.85714
6364.5 -0.142857
6365.5 -0.285714
6366.5 2
6367.5 0
6368.5 2
6369.5 2
6370.5 -0.142857
6371.5 1.71429
6372.5 -1.42857
6373.5 1
6374.5 -0.142857
6375.5 -2.28571
6376.5 -2.28571
6377.5 0.857143
6378.5 1
6379.5 0
6380.5 1
6381.5 -0.142857
6382.5 -1.28571
6383.5 -1.28571
6384.5 0
6385.5 -1.14286
6386.5 1
6387.5 1
6388.5 -0.142857
6389.5 -1.28571
6390.5 1.85714
6391.5 0.857143
6392.5 -2.28571
6393.5 -0.285714
6394.5 2
6395.5 -2.42857
6396.5 0
6397.5 0.857143
6398.5 1
6399.5 -0.142857
6400.5 0
6401.5 -1.14286
6402.5 0
6403.5 0
6404.5 1.85714
6405.5 -1.42857
6406.5 0.714286
6407.5 -1.28571
6408.5 -2.28571
6409.5 1
6410.5 1
6411.5 -1.14286
6412.5 -5.71429
6413.5 -3.42857
6414.5 -0.142857
6415.5 -0.285714
6416.5 1.85714
6417.5 1.85714
6418.5 0.857143
6419.5 1.71429
6420.5 1.57143
6421.5 2.85714
6422.5 -2.28571
6423.5 -1.28571
6424.5 2
6425.5 3
6426.5 0
6427.5 -2.28571
6428.5 -0.142857
6429.5 -2.28571
6430.5 0
6431.5 -1.28571
6432.5 1
6433.5 -0.142857
6434.5 1.85714
6435.5 -0.142857
6436.5 2.85714
6437.5 -1.28571
6438.5 -1.42857
6439.5 -0.428572
6440.5 -1.28571
6441.5 2
6442.5 -1.14286
6443.5 3
6444.5 2
6445.5 3
6446.5 0
6447.5 1
6448.5 1
6449.5 1.85714
6450.5 2
6451.5 3
6452.5 -0.142857
6453.5 -0.142857
6454.5 0
6455.5 1
6456.5 -1.42857
6457.5 1
6458.5 -2.28571
6459.5 -0.142857
6460.5 0
6461.5 -1.14286
6462.5 -0.142857
6463.5 0.857143
6464.5 -0.142857
6465.5 1
6466.5 1.85714
6467.5 0
6468.5 -0.142857
6469.5 2.85714
6470.5 4
6471.5 1.85714
6472.5 -2.85714
6473.5 -7.85714
6474.5 -3.71429
6475.5 7.14286
6476.5 11.2857
6477.5 7
6478.5 11.4286
6479.5 0.428569
6480.5 18.7143
6481.5 7.85714
6482.5 -6.14286
6483.5 -1.14286
6484.5 6.71429
6485.5 4.85714
6486.5 0.714286
6487.5 0.857143
6488.5 -1.14286
6489.5 0.857143
6490.5 0
6491.5 0
6492.5 1
6493.5 -1.14286
6494.5 -3.42857
6495.5 -1.14286
6496.5 1
6497.5 0
6498.5 -0.142857
6499.5 0
6500.5 1
6501.5 -1.14286
6502.5 0
6503.5 1
6504.5 1.85714
6505.5 0.857143
6506.5 0
6507.5 -0.142857
6508.5 1
6509.5 2
6510.5 1
6511.5 0
6512.5 -1.14286
6513.5 1
6514.5 1
6515.5 -0.142857
6516.5 0
6517.5 0
6518.5 -1.14286
6519.5 -1.28571
6520.5 -1.14286
6521.5 0
6522.5 1
6523.5 0
6524.5 0
6525.5 2
6526.5 0
6527.5 0
6528.5 -0.142857
6529.5 0
6530.5 0
6531.5 -1.14286
6532.5 -1.14286
6533.5 0
6534.5 -0.142857
6535.5 1
6536.5 1
6537.5 0
6538.5 -1.28571
6539.5 -2.28571
6540.5 4
6541.5 -0.285714
6542.5 -0.142857
6543.5 1.85714
6544.5 -1.28571
6545.5 0.714286
6546.5 -1.42857
6547.5 -0.428572
6548.5 0.857143
6549.5 1
6550.5 3
6551.5 -1.14286
6552.5 2
6553.5 2
6554.5 -0.142857
6555.5 0.857143
6556.5 0
6557.5 0
6558.5 0
6559.5 -1.14286
6560.5 2
6561.5 2
6562.5 -1.14286
6563.5 -0.142857
6564.5 2
6565.5 -0.142857
6566.5 -0.142857
6567.5 -0.142857
6568.5 0
6569.5 0
6570.5 -1.14286
6571.5 1
6572.5 1
6573.5 1
6574.5 -0.142857
6575.5 -0.142857
6576.5 0
6577.5 1
6578.5 0
6579.5 0
6580.5 -1.14286
6581.5 1
6582.5 1.85714
6583.5 -2.28571
6584.5 0
6585.5 -1.28571
6586.5 1
6587.5 -2.28571
6588.5 0.857143
6589.5 1
6590.5 2.85714
6591.5 0
6592.5 1
6593.5 -1.14286
6594.5 -0.142857
6595.5 -1.14286
6596.5 -1.14286
6597.5 1
6598.5 -1.14286
6599.5 0
6600.5 -2.42857
6601.5 2
6602.5 -1.42857
6603.5 -2.28571
6604.5 -0.142857
6605.5 3
6606.5 -1.14286
6607.5 -0.285714
6608.5 -2.28571
6609.5 -1.14286
6610.5 0
6611.5 0.714286
6612.5 1
6613.5 1
6614.5 0
6615.5 -0.142857
6616.5 -0.142857
6617.5 -0.142857
6618.5 -1.14286
6619.5 2
6620.5 2
6621.5 -0.142857
6622.5 4
6623.5 0
6624.5 -2.28571
6625.5 -1.14286
6626.5 -0.142857
6627.5 1.71429
6628.5 -1.14286
6629.5 1
6630.5 -0.142857
6631.5 -1.14286
6632.5 -0.142857
6633.5 -1.14286
6634.5 -1.14286
6635.5 0
6636.5 -1.14286
6637.5 1
6638.5 0
6639.5 1
6640.5 0
6641.5 -2.28571
6642.5 0
6643.5 -0.142857
6644.5 2
6645.5 -5.71429
6646.5 0.857143
6647.5 -1.14286
6648.5 5
6649.5 1
6650.5 0
6651.5 -1.14286
6652.5 -0.142857
6653.5 1
6654.5 1
6655.5 0.857143
6656.5 1
6657.5 -0.142857
6658.5 0
6659.5 1
6660.5 1
6661.5 -0.142857
6662.5 -0.142857
6663.5 1
6664.5 -1.14286
6665.5 0
6666.5 0
6667.5 0
6668.5 1
6669.5 0
6670.5 -1.14286
6671.5 -1.14286
6672.5 -0.142857
6673.5 -1.28571
6674.5 0
6675.5 0
6676.5 1
6677.5 1
6678.5 -0.142857
6679.5 -1.14286
6680.5 0
6681.5 0
6682.5 0
6683.5 0
6684.5 0
6685.5 1
6686.5 1
6687.5 0
6688.5 0
6689.5 0
6690.5 1
6691.5 0
6692.5 3
6693.5 -1.14286
6694.5 0.714286
6695.5 1
6696.5 -0.285714
6697.5 -0.142857
6698.5 -0.142857
6699.5 -3.42857
6700.5 1
6701.5 -1.14286
6702.5 0
6703.5 0.857143
6704.5 -1.14286
6705.5 -1.14286
6706.5 1
6707.5 -1.14286
6708.5 -2.28571
6709.5 0
6710.5 2
6711.5 0
6712.5 0.857143
6713.5 -1.14286
6714.5 -0.142857
6715.5 -1.28571
6716.5 -1.14286
6717.5 1
6718.5 2
6719.5 -1.28571
6720.5 1
6721.5 -2.28571
6722.5 1
6723.5 0
6724.5 -0.142857
6725.5 -2.28571
6726.5 -1.14286
6727.5 -0.142857
6728.5 -0.142857
6729.5 -1.14286
6730.5 0
6731.5 0
6732.5 0
6733.5 3
6734.5 2
6735.5 2.71429
6736.5 1
6737.5 -2.28571
6738.5 0
6739.5 2
6740.5 0
6741.5 -1.14286
6742.5 -1.14286
6743.5 -0.142857
6744.5 -0.142857
6745.5 -0.142857
6746.5 -1.14286
6747.5 1
6748.5 2
6749.5 0
6750.5 1
6751.5 0
6752.5 0
6753.5 0
6754.5 -1.14286
6755.5 1
6756.5 0.857143
6757.5 -1.14286
6758.5 1
6759.5 -0.285714
6760.5 0
6761.5 1
6762.5 0
6763.5 -1.14286
6764.5 0
6765.5 -2.28571
6766.5 1
6767.5 2
6768.5 -0.142857
6769.5 -3.42857
6770.5 1
6771.5 -0.142857
6772.5 -1.28571
6773.5 -1.14286
6774.5 -0.142857
6775.5 3
6776.5 -2.42857
6777.5 1
6778.5 -1.14286
6779.5 -0.142857
6780.5 -2.28571
6781.5 0
6782.5 -2.28571
6783.5 0
6784.5 1
6785.5 -1.42857
6786.5 -1.14286
6787.5 -1.14286
6788.5 -1.28571
6789.5 1
6790.5 0
6791.5 1
6792.5 -0.142857
6793.5 0
6794.5 0
6795.5 1
6796.5 0
6797.5 0
6798.5 -1.14286
6799.5 0
6800.5 1
6801.5 -1.14286
6802.5 1
6803.5 -1.14286
6804.5 0
6805.5 -1.14286
6806.5 0
6807.5 0
6808.5 -1.14286
6809.5 -2.28571
6810.5 -0.142857
6811.5 1
6812.5 0
6813.5 0
6814.5 1
6815.5 0
6816.5 1
6817.5 -3.42857
6818.5 -1.14286
6819.5 -1.14286
6820.5 -1.14286
6821.5 2
6822.5 0
6823.5 0
6824.5 -1.14286
6825.5 0
6826.5 0
6827.5 2
6828.5 0
6829.5 0.857143
6830.5 0
6831.5 0
6832.5 0
6833.5 1
6834.5 -1.14286
6835.5 0
6836.5 1
6837.5 1
6838.5 1
6839.5 -1.14286
6840.5 0
6841.5 -0.142857
6842.5 -0.142857
6843.5 3
6844.5 1
6845.5 0
6846.5 -0.142857
6847.5 0
6848.5 -1.14286
6849.5 -0.142857
6850.5 -1.14286
6851.5 0
6852.5 1
6853.5 -1.14286
6854.5 -0.142857
6855.5 2
6856.5 0
6857.5 -1.14286
6858.5 1
6859.5 0
6860.5 1
6861.5 -1.14286
6862.5 2
6863.5 0
6864.5 0
6865.5 0
6866.5 0
6867.5 0
6868.5 0
6869.5 0
6870.5 -1.14286
6871.5 -0.142857
6872.5 0
6873.5 2
6874.5 0
6875.5 0
6876.5 0
6877.5 0
6878.5 1
6879.5 0
6880.5 -0.142857
6881.5 -2.28571
6882.5 -1.14286
6883.5 0
6884.5 -2.28571
6885.5 -1.28571
6886.5 -1.14286
6887.5 0
6888.5 -1.14286
6889.5 -1.14286
6890.5 0
6891.5 -2.28571
6892.5 -2.28571
6893.5 0
6894.5 -1.14286
6895.5 -1.14286
6896.5 -1.14286
6897.5 1
6898.5 1
6899.5 1
6900.5 -0.142857
6901.5 0
6902.5 0
6903.5 -0.142857
6904.5 -0.285714
6905.5 0
6906.5 -0.142857
6907.5 -1.14286
6908.5 -0.142857
6909.5 1
6910.5 1
6911.5 0.714286
6912.5 0
6913.5 -2.28571
6914.5 0
6915.5 1
6916.5 1
6917.5 1
6918.5 -0.142857
6919.5 -1.14286
6920.5 -0.142857
6921.5 0
6922.5 1
6923.5 -1.14286
6924.5 3
6925.5 -1.14286
6926.5 1
6927.5 0
6928.5 3
6929.5 1
6930.5 0
6931.5 1.85714
6932.5 -1.14286
6933.5 -1.42857
6934.5 -1.14286
6935.5 -0.142857
6936.5 1
6937.5 2
6938.5 1
6939.5 -0.142857
6940.5 0
6941.5 -1.14286
6942.5 0
6943.5 0.857143
6944.5 -2.28571
6945.5 -0.142857
6946.5 -0.142857
6947.5 -0.142857
6948.5 -1.14286
6949.5 -0.285714
6950.5 -0.142857
6951.5 0
6952.5 1
6953.5 1
6954.5 2
6955.5 0
6956.5 -0.142857
6957.5 0
6958.5 -0.142857
6959.5 -0.142857
6960.5 0
6961.5 -0.428572
6962.5 -0.142857
6963.5 -2.42857
6964.5 1
6965.5 1
6966.5 0
6967.5 1
6968.5 -1.14286
6969.5 0
6970.5 1
6971.5 0
6972.5 -1.28571
6973.5 -1.14286
6974.5 0
6975.5 -1.14286
6976.5 0
6977.5 0.857143
6978.5 0.857143
6979.5 1
6980.5 -0.142857
6981.5 1
6982.5 0
6983.5 0
6984.5 2
6985.5 -1.14286
6986.5 -1.14286
6987.5 0
6988.5 -1.14286
6989.5 0
6990.5 1
6991.5 0
6992.5 -2.28571
6993.5 -1.14286
6994.5 1
6995.5 0
6996.5 0
6997.5 0
6998.5 2
6999.5 0
7000.5 0
7001.5 0
7002.5 0
7003.5 1
7004.5 1
7005.5 0
7006.5 -2.28571
7007.5 -0.142857
7008.5 1
7009.5 1
7010.5 -0.142857
7011.5 1
7012.5 0
7013.5 0
7014.5 1
7015.5 -0.285714
7016.5 1
7017.5 0
7018.5 1
7019.5 -1.14286
7020.5 -2.28571
7021.5 0
7022.5 0
7023.5 -1.14286
7024.5 0
7025.5 1
7026.5 1
7027.5 -0.142857
7028.5 -1.14286
7029.5 -1.28571
7030.5 -0.142857
7031.5 -0.142857
7032.5 0
7033.5 1
7034.5 -2.28571
7035.5 0
7036.5 0
7037.5 0
7038.5 0
7039.5 0
7040.5 1.85714
7041.5 1
7042.5 -2.28571
7043.5 1
7044.5 1
7045.5 -1.14286
7046.5 -1.14286
7047.5 2
7048.5 -1.14286
7049.5 1
7050.5 0
7051.5 0
7052.5 0
7053.5 0
7054.5 0
7055.5 -0.142857
7056.5 0
7057.5 3
7058.5 1
7059.5 1
7060.5 1
7061.5 1
7062.5 -1.14286
7063.5 0.714286
7064.5 1
7065.5 1
7066.5 -1.14286
7067.5 2
7068.5 3
7069.5 0
7070.5 0
7071.5 -1.28571
7072.5 0
7073.5 0
7074.5 1
7075.5 -1.28571
7076.5 -1.14286
7077.5 1
7078.5 0
7079.5 5
7080.5 1
7081.5 0
7082.5 0
7083.5 -0.142857
7084.5 1
7085.5 0
7086.5 1
7087.5 -1.14286
7088.5 0
7089.5 -2.28571
7090.5 -1.14286
7091.5 0
7092.5 -1.14286
7093.5 0
7094.5 0
7095.5 0
7096.5 1
7097.5 0
7098.5 -0.142857
7099.5 2
7100.5 0
7101.5 -1.14286
7102.5 1
7103.5 0
7104.5 0
7105.5 0
7106.5 -2.28571
7107.5 -1.14286
7108.5 -1.14286
7109.5 0.857143
7110.5 -1.14286
7111.5 -0.142857
7112.5 -1.42857
7113.5 -1.14286
7114.5 0
7115.5 1
7116.5 -0.142857
7117.5 2
7118.5 0
7119.5 -2.28571
7120.5 0
7121.5 -0.142857
7122.5 0
7123.5 1
7124.5 0
7125.5 -1.14286
7126.5 -1.14286
7127.5 -1.14286
7128.5 0
7129.5 0
7130.5 0
7131.5 0
7132.5 0
7133.5 0
7134.5 0
7135.5 -0.142857
7136.5 0
7137.5 -1.42857
7138.5 -2.28571
7139.5 2
7140.5 1
7141.5 -0.142857
7142.5 0
7143.5 1
7144.5 1
7145.5 1
7146.5 0
7147.5 1
7148.5 0
7149.5 0
7150.5 -1.14286
7151.5 -1.14286
7152.5 2
7153.5 0
7154.5 -0.142857
7155.5 1
7156.5 1
7157.5 -0.142857
7158.5 0
7159.5 1
7160.5 1
7161.5 1
7162.5 5
7163.5 -2.28571
7164.5 0
7165.5 -1.28571
7166.5 0
7167.5 1
7168.5 1
7169.5 0
7170.5 1
7171.5 -1.14286
7172.5 0
7173.5 0
7174.5 0
7175.5 0
7176.5 0
7177.5 -1.14286
7178.5 -1.14286
7179.5 -1.14286
7180.5 -0.142857
7181.5 2
7182.5 0
7183.5 1
7184.5 -2.28571
7185.5 0
7186.5 0
7187.5 2
7188.5 -1.14286
7189.5 1
7190.5 0
7191.5 1
7192.5 1
7193.5 -1.14286
7194.5 0
7195.5 -1.14286
7196.5 1
7197.5 -1.14286
7198.5 -1.14286
7199.5 2
7200.5 -1.14286
7201.5 0
7202.5 -1.14286
7203.5 -0.142857
7204.5 -1.28571
7205.5 0
7206.5 0.857143
7207.5 0.857143
7208.5 -1.28571
7209.5 3
7210.5 -2.28571
7211.5 -1.14286
7212.5 -2.28571
7213.5 -0.142857
7214.5 1
7215.5 2
7216.5 0
7217.5 -1.14286
7218.5 -1.14286
7219.5 0
7220.5 0
7221.5 1
7222.5 0
7223.5 1
7224.5 -1.14286
7225.5 0
7226.5 0
7227.5 -1.14286
7228.5 1
7229.5 0
7230.5 -1.14286
7231.5 0
7232.5 0
7233.5 0
7234.5 0
7235.5 -1.14286
7236.5 0
7237.5 -1.14286
7238.5 -1.14286
7239.5 -0.142857
7240.5 -1.14286
7241.5 -3.42857
7242.5 -1.14286
7243.5 0
7244.5 0.857143
7245.5 0
7246.5 -4.57143
7247.5 1
7248.5 -0.142857
7249.5 -1.14286
7250.5 0
7251.5 -1.14286
7252.5 -1.14286
7253.5 1
7254.5 1
7255.5 -1.14286
7256.5 -1.14286
7257.5 1
7258.5 1
7259.5 1
7260.5 1.85714
7261.5 -0.285714
7262.5 2.85714
7263.5 0
7264.5 0
7265.5 -2.28571
7266.5 0
7267.5 -0.142857
7268.5 -0.142857
7269.5 -1.14286
7270.5 0
7271.5 1
7272.5 1
7273.5 0
7274.5 -0.142857
7275.5 1
7276.5 -0.142857
7277.5 0
7278.5 0
7279.5 0
7280.5 1
7281.5 1
7282.5 -1.14286
7283.5 -2.28571
7284.5 0
7285.5 0
7286.5 -1.14286
7287.5 -0.142857
7288.5 1
7289.5 1
7290.5 1
7291.5 0
7292.5 0
7293.5 0
7294.5 -1.28571
7295.5 0
7296.5 0
7297.5 -1.14286
7298.5 1
7299.5 0
7300.5 -1.14286
7301.5 0
7302.5 0
7303.5 3
7304.5 0
7305.5 0
7306.5 0
7307.5 1
7308.5 0
7309.5 0
7310.5 0
7311.5 0
7312.5 1
7313.5 0
7314.5 1
7315.5 1
7316.5 0
7317.5 -1.14286
7318.5 1
7319.5 -0.142857
7320.5 1
7321.5 0
7322.5 0
7323.5 0
7324.5 0
7325.5 0
7326.5 0
7327.5 -1.14286
7328.5 -0.142857
7329.5 1
7330.5 0
7331.5 -1.14286
7332.5 0
7333.5 0
7334.5 0
7335.5 0
7336.5 1
7337.5 1
7338.5 0
7339.5 -1.14286
7340.5 0
7341.5 0
7342.5 0
7343.5 -1.14286
7344.5 1
7345.5 0
7346.5 -1.14286
7347.5 1
7348.5 -1.14286
7349.5 0
7350.5 0
7351.5 0
7352.5 0
7353.5 -1.14286
7354.5 0
7355.5 1
7356.5 2
7357.5 0
7358.5 0
7359.5 -1.14286
7360.5 -1.14286
7361.5 0
7362.5 0
7363.5 0
7364.5 0
7365.5 0
7366.5 -1.14286
7367.5 0
7368.5 0
7369.5 -3.42857
7370.5 1
7371.5 0
7372.5 0
7373.5 0
7374.5 -0.142857
7375.5 1
7376.5 1
7377.5 1
7378.5 -1.14286
7379.5 0
7380.5 0
7381.5 0
7382.5 0
7383.5 -2.28571
7384.5 1
7385.5 0
7386.5 0
7387.5 -1.14286
7388.5 -1.14286
7389.5 0
7390.5 0
7391.5 1
7392.5 -1.14286
7393.5 2
7394.5 0
7395.5 0
7396.5 0
7397.5 0
7398.5 -0.142857
7399.5 0
7400.5 -0.142857
7401.5 1
7402.5 -1.14286
7403.5 0
7404.5 -1.14286
7405.5 0
7406.5 0.857143
7407.5 -0.142857
7408.5 0
7409.5 1
7410.5 0
7411.5 -0.142857
7412.5 -0.285714
7413.5 -1.28571
7414.5 5
7415.5 -1.14286
7416.5 2.85714
7417.5 -0.142857
7418.5 1
7419.5 1
7420.5 -1.14286
7421.5 1
7422.5 0
7423.5 1
7424.5 1
7425.5 0
7426.5 -1.14286
7427.5 0
7428.5 -1.14286
7429.5 0
7430.5 0
7431.5 1
7432.5 0
7433.5 1
7434.5 0
7435.5 2
7436.5 0
7437.5 -1.14286
7438.5 -2.28571
7439.5 0
7440.5 0
7441.5 0
7442.5 1
7443.5 0
7444.5 0
7445.5 0
7446.5 1
7447.5 0
7448.5 0
7449.5 0
7450.5 1
7451.5 1
7452.5 0
7453.5 0
7454.5 0
7455.5 1
7456.5 0
7457.5 -1.14286
7458.5 0
7459.5 0
7460.5 0
7461.5 -1.14286
7462.5 1
7463.5 0
7464.5 0
7465.5 -1.14286
7466.5 0
7467.5 1
7468.5 0
7469.5 0
7470.5 0
7471.5 -1.14286
7472.5 0
7473.5 0
7474.5 0
7475.5 0
7476.5 -1.28571
7477.5 -1.14286
7478.5 0
7479.5 -1.14286
7480.5 0
7481.5 -1.14286
7482.5 0
7483.5 -1.14286
7484.5 2
7485.5 -1.14286
7486.5 1
7487.5 0
7488.5 0
7489.5 0
7490.5 3
7491.5 -1.14286
7492.5 1
7493.5 1
7494.5 0
7495.5 -1.14286
7496.5 0
7497.5 0
7498.5 0
7499.5 0
7500.5 -1.14286
7501.5 0
7502.5 -1.14286
7503.5 0
7504.5 2
7505.5 0
7506.5 0
7507.5 1
7508.5 0
7509.5 0
7510.5 0
7511.5 0
7512.5 0
7513.5 0
7514.5 -1.14286
7515.5 0
7516.5 0
7517.5 0
7518.5 0
7519.5 1
7520.5 0
7521.5 -1.28571
7522.5 0
7523.5 0
7524.5 1
7525.5 1
7526.5 -1.14286
7527.5 0
7528.5 0
7529.5 0
7530.5 -0.142857
7531.5 0
7532.5 -0.142857
7533.5 0
7534.5 0
7535.5 -1.14286
7536.5 0
7537.5 0
7538.5 -0.142857
7539.5 -0.142857
7540.5 -1.14286
7541.5 0
7542.5 0
7543.5 0
7544.5 0
7545.5 0
7546.5 0
7547.5 0
7548.5 0
7549.5 -0.142857
7550.5 0
7551.5 0
7552.5 -1.14286
7553.5 0
7554.5 0
7555.5 0
7556.5 1
7557.5 0
7558.5 0
7559.5 0
7560.5 -1.14286
7561.5 -1.14286
7562.5 1
7563.5 0
7564.5 -1.14286
7565.5 -1.14286
7566.5 0
7567.5 1
7568.5 0
7569.5 2
7570.5 0
7571.5 -2.28571
7572.5 2
7573.5 0
7574.5 1
7575.5 1
7576.5 0
7577.5 1
7578.5 0
7579.5 0
7580.5 0
7581.5 -2.28571
7582.5 0
7583.5 0
7584.5 0
7585.5 0
7586.5 0
7587.5 0
7588.5 0
7589.5 0
7590.5 -1.14286
7591.5 0
7592.5 -1.14286
7593.5 1
7594.5 0
7595.5 0
7596.5 0
7597.5 0
7598.5 0
7599.5 0
7600.5 0
7601.5 0
7602.5 0
7603.5 -1.28571
7604.5 0
7605.5 0
7606.5 0
7607.5 0
7608.5 0
7609.5 -1.14286
7610.5 -1.14286
7611.5 0
7612.5 2
7613.5 -1.14286
7614.5 1
7615.5 0
7616.5 -1.14286
7617.5 0
7618.5 0
7619.5 0
7620.5 0
7621.5 0
7622.5 -1.14286
7623.5 0
7624.5 0
7625.5 0
7626.5 2
7627.5 0
7628.5 2
7629.5 -1.28571
7630.5 -2.28571
7631.5 0
7632.5 0
7633.5 0.857143
7634.5 0
7635.5 -1.14286
7636.5 0
7637.5 0
7638.5 0
7639.5 0
7640.5 -1.14286
7641.5 0
7642.5 0
7643.5 -1.14286
7644.5 0
7645.5 -1.14286
7646.5 -1.14286
7647.5 3
7648.5 0
7649.5 0
7650.5 0
7651.5 0
7652.5 0
7653.5 0
7654.5 0
7655.5 0
7656.5 1
7657.5 0
7658.5 0
7659.5 0
7660.5 -1.14286
7661.5 -1.14286
7662.5 0
7663.5 0
7664.5 0
7665.5 0
7666.5 0
7667.5 -1.14286
7668.5 0
7669.5 0
7670.5 0
7671.5 0
7672.5 0
7673.5 0
7674.5 0
7675.5 0
7676.5 1
7677.5 0
7678.5 0
7679.5 1
7680.5 0
7681.5 0
7682.5 0
7683.5 0
7684.5 0
7685.5 -1.14286
7686.5 0
7687.5 0
7688.5 1
7689.5 0
7690.5 0
7691.5 0
7692.5 0
7693.5 0
7694.5 1
7695.5 1
7696.5 0
7697.5 0
7698.5 0
7699.5 0
7700.5 0
7701.5 1
7702.5 -2.28571
7703.5 1
7704.5 0
7705.5 0
7706.5 -1.14286
7707.5 -1.14286
7708.5 0
7709.5 0
7710.5 0
7711.5 0
7712.5 0
7713.5 1
7714.5 1
7715.5 -1.14286
7716.5 0
7717.5 0
7718.5 0
7719.5 0
7720.5 1
7721.5 -1.14286
7722.5 2
7723.5 -2.28571
7724.5 4
7725.5 -1.14286
7726.5 -0.142857
7727.5 0
7728.5 -0.142857
7729.5 1
7730.5 0
7731.5 1
7732.5 0
7733.5 0
7734.5 0
7735.5 0
7736.5 2
7737.5 0
7738.5 0
7739.5 0
7740.5 0
7741.5 0
7742.5 0
7743.5 0
7744.5 0
7745.5 1
7746.5 0
7747.5 0
7748.5 -1.14286
7749.5 1
7750.5 -1.14286
7751.5 -1.14286
7752.5 0
7753.5 0
7754.5 -1.14286
7755.5 1
7756.5 0
7757.5 0
7758.5 -1.14286
7759.5 0
7760.5 0
7761.5 0
7762.5 0
7763.5 0
7764.5 0
7765.5 0
7766.5 -0.142857
7767.5 0
7768.5 0
7769.5 -0.142857
7770.5 0.857143
7771.5 0.857143
7772.5 -1.14286
7773.5 0.714286
7774.5 1
7775.5 2
7776.5 0
7777.5 -0.285714
7778.5 0
7779.5 1
7780.5 0
7781.5 -1.14286
7782.5 -1.14286
7783.5 0
7784.5 0
7785.5 -1.14286
7786.5 -1.14286
7787.5 0
7788.5 0
7789.5 -0.142857
7790.5 1
7791.5 0
7792.5 0
7793.5 0
7794.5 0
7795.5 -1.14286
7796.5 0
7797.5 0
7798.5 0
7799.5 -1.14286
7800.5 0
7801.5 0
7802.5 0
7803.5 0
7804.5 0
7805.5 0
7806.5 0
7807.5 -1.14286
7808.5 0
7809.5 0
7810.5 0
7811.5 0
7812.5 0
7813.5 0
7814.5 0
7815.5 0
7816.5 0
7817.5 0
7818.5 0
7819.5 0
7820.5 1
7821.5 0
7822.5 0
7823.5 1
7824.5 0
7825.5 0
7826.5 -1.14286
7827.5 0
7828.5 0
7829.5 -1.14286
7830.5 -1.14286
7831.5 0
7832.5 0
7833.5 0
7834.5 0
7835.5 0
7836.5 -1.14286
7837.5 0
7838.5 0
7839.5 0
7840.5 0
7841.5 0
7842.5 0
7843.5 0
7844.5 -0.142857
7845.5 0
7846.5 -1.14286
7847.5 0
7848.5 0
7849.5 1
7850.5 0
7851.5 -1.14286
7852.5 1
7853.5 0
7854.5 0
7855.5 0
7856.5 0
7857.5 0
7858.5 0
7859.5 -0.142857
7860.5 0
7861.5 0
7862.5 0
7863.5 0
7864.5 0
7865.5 0
7866.5 0
7867.5 0
7868.5 0
7869.5 0
7870.5 1
7871.5 0
7872.5 0
7873.5 0
7874.5 -1.14286
7875.5 1
7876.5 0
7877.5 0
7878.5 0
7879.5 0
7880.5 1
7881.5 0
7882.5 0
7883.5 0
7884.5 0
7885.5 -1.14286
7886.5 0
7887.5 0
7888.5 0
7889.5 0
7890.5 1
7891.5 -1.14286
7892.5 0
7893.5 1
7894.5 0
7895.5 0
7896.5 0
7897.5 -1.14286
7898.5 1
7899.5 0
7900.5 0
7901.5 1
7902.5 -0.142857
7903.5 0
7904.5 0
7905.5 -1.14286
7906.5 0
7907.5 0
7908.5 0
7909.5 0
7910.5 0
7911.5 0
7912.5 0
7913.5 1
7914.5 0
7915.5 0
7916.5 -1.14286
7917.5 0
7918.5 -1.14286
7919.5 0
7920.5 1
7921.5 0
7922.5 -2.28571
7923.5 1
7924.5 0
7925.5 0
7926.5 -1.14286
7927.5 0
7928.5 0
7929.5 1
7930.5 0
7931.5 0
7932.5 0
7933.5 1
7934.5 2
7935.5 0
7936.5 0.857143
7937.5 0
7938.5 0
7939.5 -1.14286
7940.5 0
7941.5 0
7942.5 0
7943.5 0
7944.5 0
7945.5 2
7946.5 0
7947.5 1
7948.5 0
7949.5 0
7950.5 0
7951.5 0
7952.5 0
7953.5 0
7954.5 0
7955.5 0
7956.5 0
7957.5 0
7958.5 0
7959.5 1
7960.5 0
7961.5 0
7962.5 -1.14286
7963.5 0
7964.5 0
7965.5 0
7966.5 1
7967.5 1
7968.5 0
7969.5 0
7970.5 0
7971.5 0
7972.5 -1.14286
7973.5 0
7974.5 0
7975.5 0
7976.5 0
7977.5 0
7978.5 -0.142857
7979.5 -1.14286
7980.5 0
7981.5 0
7982.5 0
7983.5 0
7984.5 0
7985.5 2
7986.5 0
7987.5 0
7988.5 1
7989.5 -1.14286
7990.5 0
7991.5 0
7992.5 -1.14286
7993.5 0
7994.5 0
7995.5 1
7996.5 0
7997.5 -1.14286
7998.5 0
7999.5 0
8000.5 0
8001.5 -1.28571
8002.5 -3.42857
8003.5 0
8004.5 -0.142857
8005.5 -1.14286
8006.5 0
8007.5 0
8008.5 0
8009.5 0
8010.5 0
8011.5 0
8012.5 0
8013.5 -1.14286
8014.5 0
8015.5 0
8016.5 0
8017.5 0
8018.5 1
8019.5 0
8020.5 0
8021.5 0
8022.5 0
8023.5 0
8024.5 1
8025.5 0
8026.5 -1.14286
8027.5 0
8028.5 0
8029.5 -1.14286
8030.5 0
8031.5 0
8032.5 0
8033.5 0
8034.5 1
8035.5 0
8036.5 -1.14286
8037.5 -1.14286
8038.5 0
8039.5 0
8040.5 0
8041.5 -2.28571
8042.5 0
8043.5 1
8044.5 0
8045.5 0
8046.5 0
8047.5 0
8048.5 0
8049.5 0
8050.5 -1.14286
8051.5 0
8052.5 1
8053.5 0
8054.5 0
8055.5 0
8056.5 0
8057.5 0
8058.5 -1.14286
8059.5 1
8060.5 0
8061.5 0
8062.5 0
8063.5 0
8064.5 0
8065.5 1
8066.5 -1.14286
8067.5 0
8068.5 1
8069.5 1
8070.5 -1.14286
8071.5 0
8072.5 0
8073.5 0
8074.5 0
8075.5 -1.14286
8076.5 0
8077.5 2
8078.5 -1.14286
8079.5 0
8080.5 1
8081.5 0
8082.5 0
8083.5 2
8084.5 0
8085.5 -1.14286
8086.5 1
8087.5 0
8088.5 0
8089.5 -1.14286
8090.5 0
8091.5 0
8092.5 0
8093.5 0
8094.5 0
8095.5 0
8096.5 0
8097.5 0
8098.5 0
8099.5 0
8100.5 1
8101.5 0
8102.5 -1.14286
8103.5 0
8104.5 0
8105.5 0
8106.5 -1.14286
8107.5 1
8108.5 0
8109.5 0
8110.5 0
8111.5 0
8112.5 0
8113.5 0
8114.5 0
8115.5 1
8116.5 0
8117.5 0
8118.5 0
8119.5 0
8120.5 1
8121.5 1
8122.5 1
8123.5 0
8124.5 -1.14286
8125.5 0
8126.5 -1.14286
8127.5 0
8128.5 0
8129.5 0
8130.5 0
8131.5 0
8132.5 0
8133.5 0
8134.5 -2.28571
8135.5 0
8136.5 0
8137.5 1
8138.5 0
8139.5 0
8140.5 0
8141.5 -1.14286
8142.5 0
8143.5 0
8144.5 1
8145.5 -1.14286
8146.5 0
8147.5 0
8148.5 0
8149.5 0
8150.5 1
8151.5 0
8152.5 0
8153.5 -1.14286
8154.5 0
8155.5 2
8156.5 0
8157.5 -1.14286
8158.5 0
8159.5 1
8160.5 0
8161.5 0
8162.5 0
8163.5 0
8164.5 0
8165.5 0
8166.5 0
8167.5 0
8168.5 0
8169.5 0
8170.5 0
8171.5 0
8172.5 0
8173.5 0
8174.5 0
8175.5 -1.14286
8176.5 0
8177.5 0
8178.5 0
8179.5 0
8180.5 0
8181.5 -1.14286
8182.5 0
8183.5 0
8184.5 0
8185.5 0
8186.5 -1.14286
8187.5 0
8188.5 0
8189.5 0
8190.5 -1.14286
8191.5 1
8192.5 1
8193.5 0
8194.5 0
8195.5 0
8196.5 0
8197.5 0
8198.5 -1.14286
8199.5 0
8200.5 0
8201.5 0
8202.5 0
8203.5 0
8204.5 0
8205.5 0
8206.5 0
8207.5 0
8208.5 0
8209.5 0
8210.5 0
8211.5 0
8212.5 0
8213.5 0
8214.5 0
8215.5 0
8216.5 1
8217.5 0
8218.5 0
8219.5 0
8220.5 0
8221.5 0
8222.5 0
8223.5 0
8224.5 0
8225.5 0
8226.5 -0.142857
8227.5 0
8228.5 0
8229.5 0
8230.5 0
8231.5 0
8232.5 1
8233.5 0
8234.5 0
8235.5 0
8236.5 0
8237.5 0
8238.5 0
8239.5 0
8240.5 -1.14286
8241.5 0
8242.5 0
8243.5 0
8244.5 0
8245.5 1
8246.5 2
8247.5 -0.142857
8248.5 0
8249.5 0
8250.5 0
8251.5 0
8252.5 0
8253.5 0
8254.5 1
8255.5 0
8256.5 0
8257.5 0
8258.5 0
8259.5 0
8260.5 0
8261.5 -1.14286
8262.5 1
8263.5 0
8264.5 0
8265.5 0
8266.5 1
8267.5 0
8268.5 0
8269.5 0
8270.5 0
8271.5 0
8272.5 0
8273.5 0
8274.5 0
8275.5 1
8276.5 0
8277.5 -1.14286
8278.5 0
8279.5 0
8280.5 0
8281.5 0
8282.5 1
8283.5 1
8284.5 0
8285.5 0
8286.5 0
8287.5 0
8288.5 0
8289.5 0
8290.5 0
8291.5 1
8292.5 -1.14286
8293.5 1
8294.5 0
8295.5 0
8296.5 0
8297.5 0
8298.5 0
8299.5 0
8300.5 0
8301.5 0
8302.5 0
8303.5 0
8304.5 0
8305.5 0
8306.5 0
8307.5 0
8308.5 0
8309.5 0
8310.5 2
8311.5 0
8312.5 0
8313.5 0
8314.5 0
8315.5 0
8316.5 0
8317.5 0
8318.5 0
8319.5 1
8320.5 0
8321.5 0
8322.5 0
8323.5 0
8324.5 1
8325.5 0
8326.5 0
8327.5 0
8328.5 0
8329.5 0
8330.5 0
8331.5 0
8332.5 0
8333.5 -1.14286
8334.5 0
8335.5 0
8336.5 0
8337.5 -1.14286
8338.5 0
8339.5 -2.28571
8340.5 0
8341.5 0
8342.5 -1.14286
8343.5 0
8344.5 0
8345.5 1
8346.5 0
8347.5 -1.14286
8348.5 0
8349.5 -1.14286
8350.5 0
8351.5 0
8352.5 0
8353.5 0
8354.5 0
8355.5 0
8356.5 0
8357.5 0
8358.5 0
8359.5 0
8360.5 1
8361.5 0
8362.5 0
8363.5 0
8364.5 0
8365.5 0
8366.5 0
8367.5 0
8368.5 0
8369.5 0
8370.5 0
8371.5 0
8372.5 0
8373.5 0
8374.5 0
8375.5 1
8376.5 1
8377.5 1
8378.5 0
8379.5 0
8380.5 0
8381.5 0
8382.5 0
8383.5 1
8384.5 0
8385.5 0
8386.5 0
8387.5 0
8388.5 0
8389.5 1
8390.5 0
8391.5 0
8392.5 0
8393.5 0
8394.5 0
8395.5 -0.142857
8396.5 0
8397.5 0
8398.5 -1.14286
8399.5 -1.14286
8400.5 0
8401.5 1
8402.5 0
8403.5 0
8404.5 0
8405.5 0
8406.5 0
8407.5 0
8408.5 0
8409.5 0
8410.5 -1.14286
8411.5 2
8412.5 0
8413.5 0
8414.5 0
8415.5 0
8416.5 1
8417.5 1
8418.5 0
8419.5 0
8420.5 0
8421.5 0
8422.5 0
8423.5 0
8424.5 0
8425.5 0
8426.5 0
8427.5 -3.42857
8428.5 0
8429.5 0
8430.5 0
8431.5 0
8432.5 0
8433.5 0
8434.5 0
8435.5 0
8436.5 0
8437.5 0
8438.5 0
8439.5 0
8440.5 0
8441.5 0
8442.5 0
8443.5 0
8444.5 0
8445.5 0
8446.5 0
8447.5 0
8448.5 0
8449.5 0
8450.5 -1.14286
8451.5 0
8452.5 0
8453.5 0
8454.5 0
8455.5 0
8456.5 0
8457.5 0
8458.5 0
8459.5 0
8460.5 0
8461.5 0
8462.5 1
8463.5 0
8464.5 0
8465.5 0
8466.5 0
8467.5 -2.28571
8468.5 0
8469.5 0
8470.5 0
8471.5 0
8472.5 0.857143
8473.5 1
8474.5 -1.14286
8475.5 0
8476.5 0
8477.5 -1.14286
8478.5 0
8479.5 0
8480.5 0
8481.5 0
8482.5 0
8483.5 0
8484.5 0
8485.5 0
8486.5 0
8487.5 0
8488.5 0
8489.5 1
8490.5 0
8491.5 0
8492.5 0
8493.5 0
8494.5 0
8495.5 -1.14286
8496.5 -0.142857
8497.5 0
8498.5 1
8499.5 0
8500.5 -1.14286
8501.5 0
8502.5 0
8503.5 0
8504.5 0
8505.5 0
8506.5 0
8507.5 0
8508.5 0
8509.5 0
8510.5 0
8511.5 0
8512.5 1
8513.5 0
8514.5 0
8515.5 0
8516.5 0
8517.5 0
8518.5 0
8519.5 0
8520.5 0
8521.5 0
8522.5 0
8523.5 0
8524.5 1
8525.5 0
8526.5 0
8527.5 0
8528.5 1
8529.5 2
8530.5 0
8531.5 0
8532.5 0
8533.5 -1.14286
8534.5 0
8535.5 0
8536.5 0
8537.5 0
8538.5 1
8539.5 -1.14286
8540.5 0
8541.5 0
8542.5 0
8543.5 0
8544.5 1
8545.5 0
8546.5 -1.14286
8547.5 0
8548.5 1
8549.5 0
8550.5 0
8551.5 -1.14286
8552.5 0
8553.5 0
8554.5 0
8555.5 0
8556.5 1
8557.5 0
8558.5 -0.142857
8559.5 0
8560.5 0
8561.5 0
8562.5 0
8563.5 0
8564.5 0
8565.5 0
8566.5 0
8567.5 0
8568.5 1
8569.5 -1.14286
8570.5 0
8571.5 0
8572.5 0
8573.5 0
8574.5 0
8575.5 1
8576.5 -1.14286
8577.5 0
8578.5 0
8579.5 0
8580.5 1
8581.5 0
8582.5 0
8583.5 0
8584.5 0
8585.5 0
8586.5 0
8587.5 0
8588.5 0
8589.5 0
8590.5 0
8591.5 1
8592.5 0
8593.5 0
8594.5 0
8595.5 1
8596.5 0
8597.5 0
8598.5 0
8599.5 0
8600.5 1
8601.5 0
8602.5 0
8603.5 1
8604.5 0
8605.5 0
8606.5 0
8607.5 0
8608.5 0
8609.5 0
8610.5 0
8611.5 0
8612.5 0
8613.5 0
8614.5 0
8615.5 0
8616.5 -1.14286
8617.5 0
8618.5 0
8619.5 1
8620.5 0
8621.5 0
8622.5 -1.14286
8623.5 1
8624.5 0
8625.5 0
8626.5 -1.14286
8627.5 0
8628.5 0
8629.5 0
8630.5 0
8631.5 0
8632.5 0
8633.5 0
8634.5 0
8635.5 0
8636.5 0
8637.5 1
8638.5 0
8639.5 0
8640.5 0
8641.5 0
8642.5 1
8643.5 0
8644.5 0
8645.5 0
8646.5 0
8647.5 0
8648.5 0
8649.5 0
8650.5 0
8651.5 0
8652.5 0
8653.5 0
8654.5 0
8655.5 -1.14286
8656.5 0
8657.5 0
8658.5 -1.14286
8659.5 0
8660.5 0
8661.5 0
8662.5 0
8663.5 0
8664.5 0
8665.5 0
8666.5 -1.14286
8667.5 0
8668.5 -1.14286
8669.5 -0.142857
8670.5 0
8671.5 0
8672.5 0
8673.5 -0.142857
8674.5 0
8675.5 0
8676.5 0
8677.5 0
8678.5 0
8679.5 0
8680.5 0
8681.5 0
8682.5 0
8683.5 -1.14286
8684.5 0
8685.5 0
8686.5 1
8687.5 0
8688.5 1
8689.5 0
8690.5 0
8691.5 0
8692.5 0
8693.5 0
8694.5 0
8695.5 1
8696.5 1
8697.5 0
8698.5 0
8699.5 0
8700.5 0
8701.5 0
8702.5 0
8703.5 0
8704.5 0
8705.5 0
8706.5 0
8707.5 0
8708.5 0
8709.5 0
8710.5 0
8711.5 0
8712.5 0
8713.5 -1.14286
8714.5 0
8715.5 1
8716.5 0
8717.5 -1.14286
8718.5 0
8719.5 0
8720.5 -1.14286
8721.5 1
8722.5 0
8723.5 0
8724.5 0
8725.5 0
8726.5 0
8727.5 0
8728.5 0
8729.5 0
8730.5 -1.14286
8731.5 0
8732.5 0
8733.5 0
8734.5 0
8735.5 0
8736.5 0
8737.5 0
8738.5 -1.14286
8739.5 0
8740.5 0
8741.5 0
8742.5 0
8743.5 0
8744.5 0
8745.5 0
8746.5 0
8747.5 0
8748.5 -1.14286
8749.5 0
8750.5 0
8751.5 0
8752.5 0
8753.5 0
8754.5 0
8755.5 0
8756.5 0
8757.5 1
8758.5 0
8759.5 1
8760.5 0
8761.5 0
8762.5 0
8763.5 0
8764.5 1
8765.5 0
8766.5 0
8767.5 0
8768.5 0
8769.5 0
8770.5 1
8771.5 0
8772.5 -1.14286
8773.5 -1.14286
8774.5 0
8775.5 0
8776.5 0
8777.5 0
8778.5 0
8779.5 0
8780.5 0
8781.5 0
8782.5 0
8783.5 2
8784.5 0
8785.5 0
8786.5 0
8787.5 -1.14286
8788.5 0
8789.5 0
8790.5 -1.14286
8791.5 1
8792.5 0
8793.5 0
8794.5 0
8795.5 0
8796.5 0
8797.5 0
8798.5 0
8799.5 0
8800.5 0
8801.5 0
8802.5 0
8803.5 0
8804.5 -1.14286
8805.5 0
8806.5 0
8807.5 0
8808.5 1
8809.5 0
8810.5 0
8811.5 0
8812.5 0
8813.5 0
8814.5 0
8815.5 0
8816.5 0
8817.5 0
8818.5 0
8819.5 0
8820.5 0
8821.5 0
8822.5 0
8823.5 0
8824.5 0
8825.5 0
8826.5 0
8827.5 0
8828.5 0
8829.5 0
8830.5 0
8831.5 0
8832.5 0
8833.5 0
8834.5 -0.142857
8835.5 0
8836.5 0
8837.5 1
8838.5 0
8839.5 -1.14286
8840.5 -1.14286
8841.5 0
8842.5 0
8843.5 0
8844.5 0
8845.5 0
8846.5 0
8847.5 1
8848.5 0
8849.5 0
8850.5 0
8851.5 0
8852.5 0
8853.5 0
8854.5 0
8855.5 0
8856.5 0
8857.5 0
8858.5 0
8859.5 1
8860.5 0
8861.5 0
8862.5 0
8863.5 0
8864.5 0
8865.5 0
8866.5 0
8867.5 0
8868.5 0
8869.5 1
8870.5 0
8871.5 0
8872.5 -0.142857
8873.5 0
8874.5 0
8875.5 0
8876.5 0
8877.5 0
8878.5 0
8879.5 0
8880.5 0
8881.5 0
8882.5 0
8883.5 0
8884.5 0
8885.5 0
8886.5 0
8887.5 -1.14286
8888.5 0
8889.5 0
8890.5 0
8891.5 0
8892.5 0
8893.5 0
8894.5 0
8895.5 0
8896.5 0
8897.5 -1.14286
8898.5 0
8899.5 0
8900.5 0
8901.5 0
8902.5 0
8903.5 -1.14286
8904.5 -1.14286
8905.5 0
8906.5 0
8907.5 0
8908.5 0
8909.5 -1.14286
8910.5 0
8911.5 0
8912.5 0
8913.5 0
8914.5 0
8915.5 0
8916.5 0
8917.5 -1.14286
8918.5 0
8919.5 0
8920.5 0
8921.5 0
8922.5 0
8923.5 0
8924.5 0
8925.5 0
8926.5 0
8927.5 -1.14286
8928.5 0
8929.5 0
8930.5 0
8931.5 0
8932.5 0
8933.5 0
8934.5 0
8935.5 0
8936.5 0
8937.5 0
8938.5 -1.14286
8939.5 0
8940.5 0
8941.5 0
8942.5 0
8943.5 0
8944.5 0
8945.5 0
8946.5 0
8947.5 0
8948.5 0
8949.5 1
8950.5 0
8951.5 0
8952.5 0
8953.5 0
8954.5 0
8955.5 0
8956.5 0
8957.5 0
8958.5 0
8959.5 0
8960.5 0
8961.5 0
8962.5 0
8963.5 0
8964.5 0
8965.5 1
8966.5 1
8967.5 0
8968.5 -1.14286
8969.5 0
8970.5 0
8971.5 0
8972.5 -1.14286
8973.5 0
8974.5 0
8975.5 0
8976.5 1
8977.5 0
8978.5 0
8979.5 0
8980.5 0
8981.5 0
8982.5 0
8983.5 0
8984.5 0
8985.5 1
8986.5 0
8987.5 0
8988.5 0
8989.5 0
8990.5 0
8991.5 0
8992.5 0
8993.5 0
8994.5 0
8995.5 0
8996.5 0
8997.5 0
8998.5 0
8999.5 0
9000.5 0
9001.5 0
9002.5 0
9003.5 1
9004.5 0
9005.5 0
9006.5 1
9007.5 0
9008.5 0
9009.5 0
9010.5 0
9011.5 0
9012.5 0
9013.5 0
9014.5 0
9015.5 0
9016.5 0
9017.5 0
9018.5 0
9019.5 0
9020.5 0
9021.5 0
9022.5 0
9023.5 0
9024.5 0
9025.5 0
9026.5 -1.14286
9027.5 -1.14286
9028.5 0
9029.5 0
9030.5 0
9031.5 0
9032.5 0
9033.5 0
9034.5 0
9035.5 0
9036.5 0
9037.5 0
9038.5 0
9039.5 0
9040.5 0
9041.5 0
9042.5 0
9043.5 0
9044.5 0
9045.5 -2.28571
9046.5 0
9047.5 -1.14286
9048.5 0
9049.5 1
9050.5 0
9051.5 0
9052.5 0
9053.5 0
9054.5 0
9055.5 1
9056.5 0
9057.5 0
9058.5 0
9059.5 0
9060.5 1
9061.5 0
9062.5 0
9063.5 0
9064.5 0
9065.5 0
9066.5 -1.14286
9067.5 0
9068.5 0
9069.5 0
9070.5 0
9071.5 0
9072.5 0
9073.5 0
9074.5 0
9075.5 0
9076.5 0
9077.5 0
9078.5 0
9079.5 -1.14286
9080.5 0
9081.5 0
9082.5 -2.28571
9083.5 0
9084.5 0
9085.5 0
9086.5 0
9087.5 0
9088.5 0
9089.5 0
9090.5 0
9091.5 0
9092.5 0
9093.5 0
9094.5 0
9095.5 0
9096.5 0
9097.5 0
9098.5 0
9099.5 0
9100.5 1
9101.5 0
9102.5 0
9103.5 0
9104.5 0
9105.5 0
9106.5 0
9107.5 0
9108.5 -1.14286
9109.5 0
9110.5 0
9111.5 -1.14286
9112.5 0
9113.5 0
9114.5 0
9115.5 0
9116.5 0
9117.5 0
9118.5 0
9119.5 0
9120.5 0
9121.5 -1.14286
9122.5 0
9123.5 0
9124.5 0
9125.5 0
9126.5 0
9127.5 0
9128.5 0
9129.5 0
9130.5 0
9131.5 0
9132.5 0
9133.5 0
9134.5 0
9135.5 0
9136.5 0
9137.5 0
9138.5 0
9139.5 0
9140.5 0
9141.5 0
9142.5 0
9143.5 0
9144.5 0
9145.5 0
9146.5 0
9147.5 0
9148.5 1
9149.5 1
9150.5 0
9151.5 0
9152.5 0
9153.5 1
9154.5 0
9155.5 0
9156.5 0
9157.5 0
9158.5 -1.14286
9159.5 0
9160.5 0
9161.5 0
9162.5 0
9163.5 0
9164.5 1
9165.5 1
9166.5 0
9167.5 0
9168.5 -1.14286
9169.5 0
9170.5 0
9171.5 -1.14286
9172.5 0
9173.5 0
9174.5 0
9175.5 0
9176.5 0
9177.5 0
9178.5 0
9179.5 0
9180.5 0
9181.5 0
9182.5 0
9183.5 0
9184.5 0
9185.5 0
9186.5 0
9187.5 0
9188.5 0
9189.5 0
9190.5 0
9191.5 0
9192.5 0
9193.5 -0.142857
9194.5 0
9195.5 0
9196.5 0
9197.5 0
9198.5 0
9199.5 0
9200.5 0
9201.5 0
9202.5 0
9203.5 0
9204.5 0
9205.5 0
9206.5 0
9207.5 0
9208.5 1
9209.5 0
9210.5 0
9211.5 0
9212.5 0
9213.5 -1.14286
9214.5 0
9215.5 0
9216.5 0
9217.5 0
9218.5 0
9219.5 0
9220.5 0
9221.5 0
9222.5 0
9223.5 0
9224.5 0
9225.5 0
9226.5 0
9227.5 0
9228.5 0
9229.5 0
9230.5 0
9231.5 0
9232.5 0
9233.5 0
9234.5 0
9235.5 0
9236.5 0
9237.5 0
9238.5 -1.14286
9239.5 -1.14286
9240.5 0
9241.5 0
9242.5 0
9243.5 0
9244.5 0
9245.5 0
9246.5 0
9247.5 0
9248.5 1
9249.5 0
9250.5 0
9251.5 0
9252.5 0
9253.5 0
9254.5 0
9255.5 0
9256.5 0
9257.5 0
9258.5 0
9259.5 0
9260.5 0
9261.5 0
9262.5 0
9263.5 0
9264.5 0
9265.5 -1.14286
9266.5 -1.14286
9267.5 0
9268.5 0
9269.5 0
9270.5 0
9271.5 0
9272.5 0
9273.5 0
9274.5 -1.14286
9275.5 0
9276.5 0
9277.5 0
9278.5 0
9279.5 0
9280.5 0
9281.5 0
9282.5 0
9283.5 0
9284.5 -1.14286
9285.5 0
9286.5 0
9287.5 0
9288.5 0
9289.5 0
9290.5 0
9291.5 0
9292.5 0
9293.5 0
9294.5 0
9295.5 0
9296.5 0
9297.5 0
9298.5 1
9299.5 0
9300.5 0
9301.5 0
9302.5 0
9303.5 0
9304.5 0
9305.5 0
9306.5 0
9307.5 1
9308.5 0
9309.5 0
9310.5 0
9311.5 -1.14286
9312.5 1
9313.5 0
9314.5 0
9315.5 0
9316.5 0
9317.5 0
9318.5 1
9319.5 0
9320.5 0
9321.5 0
9322.5 0
9323.5 0
9324.5 0
9325.5 0
9326.5 0
9327.5 0
9328.5 0
9329.5 0
9330.5 0
9331.5 1
9332.5 -1.14286
9333.5 0
9334.5 0
9335.5 0
9336.5 0
9337.5 0
9338.5 0
9339.5 0
9340.5 0
9341.5 0
9342.5 0
9343.5 0
9344.5 0
9345.5 -1.14286
9346.5 0
9347.5 0
9348.5 0
9349.5 0
9350.5 0
9351.5 0
9352.5 0
9353.5 0
9354.5 -1.14286
9355.5 0
9356.5 0
9357.5 0
9358.5 0
9359.5 0
9360.5 0
9361.5 0
9362.5 0
9363.5 0
9364.5 0
9365.5 0
9366.5 0
9367.5 0
9368.5 0
9369.5 0
9370.5 0
9371.5 0
9372.5 0
9373.5 2
9374.5 0
9375.5 0
9376.5 0
9377.5 -1.14286
9378.5 0
9379.5 0
9380.5 0
9381.5 0
9382.5 0
9383.5 0
9384.5 0
9385.5 0
9386.5 0
9387.5 0
9388.5 0
9389.5 0
9390.5 0
9391.5 0
9392.5 0
9393.5 0
9394.5 0
9395.5 0
9396.5 0
9397.5 0
9398.5 1
9399.5 0
9400.5 0
9401.5 0
9402.5 0
9403.5 -1.14286
9404.5 0
9405.5 0
9406.5 1
9407.5 0
9408.5 0
9409.5 -1.14286
9410.5 1
9411.5 0
9412.5 0
9413.5 0
9414.5 0
9415.5 0
9416.5 0
9417.5 0
9418.5 0
9419.5 0
9420.5 0
9421.5 1
9422.5 0
9423.5 0
9424.5 1
9425.5 0
9426.5 0
9427.5 0
9428.5 0
9429.5 1
9430.5 0
9431.5 0
9432.5 0
9433.5 0
9434.5 0
9435.5 0
9436.5 0
9437.5 -1.14286
9438.5 0
9439.5 0
9440.5 0
9441.5 0
9442.5 0
9443.5 0
9444.5 0
9445.5 0
9446.5 0
9447.5 1
9448.5 0
9449.5 0
9450.5 -1.14286
9451.5 0
9452.5 0
9453.5 0
9454.5 0
9455.5 0
9456.5 -1.14286
9457.5 0
9458.5 0
9459.5 0
9460.5 0
9461.5 0
9462.5 0
9463.5 1
9464.5 0
9465.5 0
9466.5 0
9467.5 0
9468.5 -1.14286
9469.5 0
9470.5 0
9471.5 0
9472.5 0
9473.5 0
9474.5 0
9475.5 0
9476.5 0
9477.5 0
9478.5 0
9479.5 0
9480.5 1
9481.5 0
9482.5 0
9483.5 0
9484.5 0
9485.5 0
9486.5 0
9487.5 0
9488.5 0
9489.5 0
9490.5 0
9491.5 0
9492.5 0
9493.5 0
9494.5 -1.14286
9495.5 0
9496.5 0
9497.5 -1.14286
9498.5 0
9499.5 0
9500.5 0
9501.5 0
9502.5 0
9503.5 0
9504.5 0
9505.5 0
9506.5 0
9507.5 0
9508.5 0
9509.5 0
9510.5 0
9511.5 0
9512.5 1
9513.5 0
9514.5 0
9515.5 0
9516.5 0
9517.5 0
9518.5 0
9519.5 0
9520.5 -1.14286
9521.5 0
9522.5 0
9523.5 0
9524.5 0
9525.5 -1.14286
9526.5 0
9527.5 0
9528.5 1
9529.5 0
9530.5 0
9531.5 0
9532.5 0
9533.5 0
9534.5 0
9535.5 0
9536.5 0
9537.5 0
9538.5 1
9539.5 0
9540.5 0
9541.5 0
9542.5 0
9543.5 0
9544.5 0
9545.5 0
9546.5 0
9547.5 0
9548.5 0
9549.5 0
9550.5 0
9551.5 0
9552.5 0
9553.5 0
9554.5 1
9555.5 0
9556.5 0
9557.5 1
9558.5 0
9559.5 0
9560.5 0
9561.5 0
9562.5 0
9563.5 0
9564.5 0
9565.5 0
9566.5 0
9567.5 0
9568.5 0
9569.5 1
9570.5 0
9571.5 0
9572.5 0
9573.5 0
9574.5 0
9575.5 1
9576.5 0
9577.5 0
9578.5 0
9579.5 0
9580.5 0
9581.5 0
9582.5 0
9583.5 0
9584.5 0
9585.5 0
9586.5 0
9587.5 0
9588.5 0
9589.5 0
9590.5 0
9591.5 0
9592.5 0
9593.5 0
9594.5 0
9595.5 0
9596.5 0
9597.5 0
9598.5 0
9599.5 0
9600.5 0
9601.5 0
9602.5 0
9603.5 0
9604.5 0
9605.5 0
9606.5 0
9607.5 0
9608.5 0
9609.5 -1.14286
9610.5 0
9611.5 0
9612.5 -1.14286
9613.5 -0.142857
9614.5 0
9615.5 0
9616.5 0
9617.5 0
9618.5 0
9619.5 0
9620.5 0
9621.5 1
9622.5 0
9623.5 0
9624.5 0
9625.5 0
9626.5 0
9627.5 0
9628.5 0
9629.5 -1.14286
9630.5 0
9631.5 0
9632.5 0
9633.5 0
9634.5 0
9635.5 0
9636.5 1
9637.5 0
9638.5 0
9639.5 -1.14286
9640.5 0
9641.5 0
9642.5 0
9643.5 0
9644.5 0
9645.5 0
9646.5 0
9647.5 0
9648.5 0
9649.5 0
9650.5 0
9651.5 0
9652.5 0
9653.5 0
9654.5 -0.142857
9655.5 0
9656.5 0
9657.5 0
9658.5 0
9659.5 0
9660.5 0
9661.5 0
9662.5 0
9663.5 0
9664.5 0
9665.5 0
9666.5 0
9667.5 0
9668.5 0
9669.5 0
9670.5 0
9671.5 0
9672.5 0
9673.5 -1.14286
9674.5 0
9675.5 0
9676.5 -1.14286
9677.5 0
9678.5 0
9679.5 1
9680.5 0
9681.5 0
9682.5 0
9683.5 0
9684.5 0
9685.5 1
9686.5 0
9687.5 0
9688.5 0
9689.5 0
9690.5 0
9691.5 0
9692.5 -1.14286
9693.5 0
9694.5 0
9695.5 0
9696.5 0
9697.5 0
9698.5 0
9699.5 0
9700.5 0
9701.5 0
9702.5 0
9703.5 0
9704.5 0
9705.5 0
9706.5 0
9707.5 0
9708.5 0
9709.5 0
9710.5 1
9711.5 0
9712.5 0
9713.5 0
9714.5 0
9715.5 0
9716.5 0
9717.5 0
9718.5 0
9719.5 0
9720.5 0
9721.5 0
9722.5 0
9723.5 0
9724.5 0
9725.5 0
9726.5 0
9727.5 0
9728.5 0
9729.5 0
9730.5 0
9731.5 0
9732.5 0
9733.5 0
9734.5 0
9735.5 0
9736.5 0
9737.5 0
9738.5 0
9739.5 0
9740.5 0
9741.5 0
9742.5 0
9743.5 0
9744.5 0
9745.5 0
9746.5 0
9747.5 0
9748.5 0
9749.5 0
9750.5 0
9751.5 0
9752.5 0
9753.5 0
9754.5 0
9755.5 0
9756.5 0
9757.5 1
9758.5 0
9759.5 0
9760.5 0
9761.5 0
9762.5 0
9763.5 -1.14286
9764.5 0
9765.5 0
9766.5 0
9767.5 0
9768.5 0
9769.5 0
9770.5 0
9771.5 0
9772.5 0
9773.5 0
9774.5 0
9775.5 -1.14286
9776.5 0
9777.5 0
9778.5 0
9779.5 0
9780.5 0
9781.5 0
9782.5 0
9783.5 0
9784.5 0
9785.5 0
9786.5 0
9787.5 0
9788.5 0
9789.5 0
9790.5 0
9791.5 0
9792.5 0
9793.5 0
9794.5 0
9795.5 0
9796.5 0
9797.5 0
9798.5 0
9799.5 -1.14286
9800.5 0
9801.5 0
9802.5 0
9803.5 0
9804.5 0
9805.5 0
9806.5 0
9807.5 0
9808.5 1
9809.5 0
9810.5 0
9811.5 0
9812.5 0
9813.5 -1.14286
9814.5 1
9815.5 0
9816.5 0
9817.5 0
9818.5 0
9819.5 0
9820.5 0
9821.5 0
9822.5 0
9823.5 0
9824.5 0
9825.5 0
9826.5 0
9827.5 0
9828.5 0
9829.5 0
9830.5 0
9831.5 0
9832.5 -1.14286
9833.5 0
9834.5 0
9835.5 0
9836.5 0
9837.5 0
9838.5 0
9839.5 0
9840.5 0
9841.5 0
9842.5 0
9843.5 0
9844.5 0
9845.5 0
9846.5 0
9847.5 0
9848.5 1
9849.5 0
9850.5 0
9851.5 0
9852.5 0
9853.5 0
9854.5 0
9855.5 0
9856.5 0
9857.5 0
9858.5 0
9859.5 0
9860.5 0
9861.5 0
9862.5 0
9863.5 0
9864.5 0
9865.5 0
9866.5 0
9867.5 0
9868.5 0
9869.5 0
9870.5 0
9871.5 0
9872.5 0
9873.5 0
9874.5 0
9875.5 0
9876.5 0
9877.5 0
9878.5 0
9879.5 0
9880.5 0
9881.5 0
9882.5 0
9883.5 1
9884.5 0
9885.5 0
9886.5 0
9887.5 0
9888.5 0
9889.5 0
9890.5 0
9891.5 0
9892.5 0
9893.5 0
9894.5 0
9895.5 0
9896.5 0
9897.5 0
9898.5 0
9899.5 0
9900.5 0
9901.5 0
9902.5 0
9903.5 0
9904.5 0
9905.5 0
9906.5 0
9907.5 0
9908.5 0
9909.5 0
9910.5 0
9911.5 0
9912.5 0
9913.5 0
9914.5 0
9915.5 0
9916.5 0
9917.5 0
9918.5 0
9919.5 -1.14286
9920.5 0
9921.5 0
9922.5 0
9923.5 0
9924.5 0
9925.5 1
9926.5 0
9927.5 0
9928.5 0
9929.5 0
9930.5 0
9931.5 0
9932.5 -1.14286
9933.5 0
9934.5 0
9935.5 0
9936.5 0
9937.5 0
9938.5 0
9939.5 0
9940.5 0
9941.5 0
9942.5 0
9943.5 0
9944.5 0
9945.5 0
9946.5 0
9947.5 0
9948.5 0
9949.5 0
9950.5 0
9951.5 0
9952.5 0
9953.5 0
9954.5 0
9955.5 0
9956.5 0
9957.5 0
9958.5 0
9959.5 0
9960.5 0
9961.5 0
9962.5 0
9963.5 0
9964.5 -0.142857
9965.5 0
9966.5 0
9967.5 0
9968.5 0
9969.5 0
9970.5 0
9971.5 0
9972.5 0
9973.5 0
9974.5 -1.14286
9975.5 0
9976.5 0
9977.5 0
9978.5 0
9979.5 0
9980.5 0
9981.5 0
9982.5 0
9983.5 0
9984.5 0
9985.5 0
9986.5 0
9987.5 0
9988.5 0
9989.5 0
9990.5 0
9991.5 0
9992.5 0
9993.5 0
9994.5 0
9995.5 0
9996.5 0
9997.5 0
9998.5 0
9999.5 0
10000.5 0
10001.5 0
10002.5 0
10003.5 0
10004.5 0
10005.5 0
10006.5 0
10007.5 0
10008.5 0
10009.5 0
10010.5 0
10011.5 0
10012.5 -1.14286
10013.5 1
10014.5 0
10015.5 0
10016.5 0
10017.5 0
10018.5 0
10019.5 0
10020.5 0
10021.5 0
10022.5 0
10023.5 0
10024.5 0
10025.5 0
10026.5 0
10027.5 0
10028.5 0
10029.5 0
10030.5 0
10031.5 0
10032.5 0
10033.5 0
10034.5 0
10035.5 0
10036.5 0
10037.5 0
10038.5 0
10039.5 0
10040.5 0
10041.5 1
10042.5 0
10043.5 0
10044.5 0
10045.5 0
10046.5 0
10047.5 0
10048.5 -1.14286
10049.5 -1.14286
10050.5 0
10051.5 0
10052.5 0
10053.5 0
10054.5 0
10055.5 0
10056.5 0
10057.5 0
10058.5 0
10059.5 0
10060.5 0
10061.5 0
10062.5 0
10063.5 0
10064.5 0
10065.5 0
10066.5 0
10067.5 0
10068.5 0
10069.5 0
10070.5 0
10071.5 0
10072.5 0
10073.5 0
10074.5 0
10075.5 0
10076.5 0
10077.5 0
10078.5 0
10079.5 0
10080.5 0
10081.5 0
10082.5 0
10083.5 0
10084.5 -1.14286
10085.5 0
10086.5 0
10087.5 0
10088.5 0
10089.5 0
10090.5 0
10091.5 0
10092.5 0
10093.5 0
10094.5 0
10095.5 0
10096.5 0
10097.5 0
10098.5 0
10099.5 0
10100.5 0
10101.5 0
10102.5 0
10103.5 0
10104.5 0
10105.5 0
10106.5 0
10107.5 0
10108.5 0
10109.5 0
10110.5 0
10111.5 0
10112.5 0
10113.5 0
10114.5 0
10115.5 0
10116.5 0
10117.5 0
10118.5 0
10119.5 0
10120.5 0
10121.5 1
10122.5 0
10123.5 0
10124.5 0
10125.5 0
10126.5 0
10127.5 0
10128.5 0
10129.5 0
10130.5 0
10131.5 0
10132.5 0
10133.5 0
10134.5 0
10135.5 0
10136.5 0
10137.5 0
10138.5 0
10139.5 0
10140.5 0
10141.5 0
10142.5 0
10143.5 0
10144.5 0
10145.5 0
10146.5 0
10147.5 0
10148.5 0
10149.5 0
10150.5 0
10151.5 0
10152.5 0
10153.5 0
10154.5 0
10155.5 0
10156.5 0
10157.5 0
10158.5 0
10159.5 1
10160.5 0
10161.5 0
10162.5 0
10163.5 0
10164.5 0
10165.5 0
10166.5 0
10167.5 0
10168.5 0
10169.5 0
10170.5 0
10171.5 0
10172.5 0
10173.5 0
10174.5 0
10175.5 0
10176.5 0
10177.5 0
10178.5 0
10179.5 0
10180.5 0
10181.5 0
10182.5 0
10183.5 0
10184.5 0
10185.5 0
10186.5 0
10187.5 0
10188.5 0
10189.5 0
10190.5 0
10191.5 0
10192.5 0
10193.5 0
10194.5 0
10195.5 0
10196.5 0
10197.5 0
10198.5 0
10199.5 0
10200.5 0
10201.5 0
10202.5 0
10203.5 0
10204.5 0
10205.5 0
10206.5 0
10207.5 0
10208.5 0
10209.5 0
10210.5 0
10211.5 0
10212.5 0
10213.5 0
10214.5 0
10215.5 0
10216.5 0
10217.5 0
10218.5 0
10219.5 0
10220.5 0
10221.5 0
10222.5 0
10223.5 0
10224.5 0
10225.5 0
10226.5 0
10227.5 0
10228.5 0
10229.5 0
10230.5 0
10231.5 0
10232.5 0
10233.5 0
10234.5 0
10235.5 0
10236.5 0
10237.5 0
10238.5 0
10239.5 0
10240.5 0
10241.5 0
10242.5 0
10243.5 0
10244.5 0
10245.5 0
10246.5 0
10247.5 0
10248.5 0
10249.5 0
10250.5 0
10251.5 0
10252.5 0
10253.5 0
10254.5 0
10255.5 0
10256.5 0
10257.5 0
10258.5 0
10259.5 0
10260.5 0
10261.5 0
10262.5 0
10263.5 0
10264.5 0
10265.5 0
10266.5 0
10267.5 0
10268.5 0
10269.5 0
10270.5 0
10271.5 0
10272.5 0
10273.5 0
10274.5 0
10275.5 0
10276.5 0
10277.5 0
10278.5 0
10279.5 0
10280.5 0
10281.5 0
10282.5 0
10283.5 0
10284.5 0
10285.5 0
10286.5 0
10287.5 0
10288.5 0
10289.5 0
10290.5 0
10291.5 0
10292.5 0
10293.5 0
10294.5 0
10295.5 0
10296.5 0
10297.5 0
10298.5 0
10299.5 0
10300.5 0
10301.5 0
10302.5 0
10303.5 0
10304.5 0
10305.5 0
10306.5 0
10307.5 0
10308.5 0
10309.5 0
10310.5 0
10311.5 0
10312.5 0
10313.5 0
10314.5 0
10315.5 0
10316.5 0
10317.5 0
10318.5 0
10319.5 0
10320.5 0
10321.5 0
10322.5 0
10323.5 0
10324.5 0
10325.5 0
10326.5 0
10327.5 0
10328.5 0
10329.5 0
10330.5 0
10331.5 0
10332.5 0
10333.5 0
10334.5 0
10335.5 0
10336.5 0
10337.5 0
10338.5 0
10339.5 0
10340.5 0
10341.5 0
10342.5 0
10343.5 0
10344.5 0
10345.5 0
10346.5 0
10347.5 0
10348.5 0
10349.5 0
10350.5 0
10351.5 0
10352.5 0
10353.5 0
10354.5 0
10355.5 0
10356.5 0
10357.5 0
10358.5 0
10359.5 0
10360.5 0
10361.5 0
10362.5 0
10363.5 0
10364.5 0
10365.5 0
10366.5 0
10367.5 0
10368.5 0
10369.5 0
10370.5 0
10371.5 0
10372.5 0
10373.5 0
10374.5 0
10375.5 0
10376.5 0
10377.5 0
10378.5 0
10379.5 0
10380.5 0
10381.5 0
10382.5 0
10383.5 0
10384.5 0
10385.5 0
10386.5 0
10387.5 0
10388.5 0
10389.5 0
10390.5 0
10391.5 0
10392.5 0
10393.5 0
10394.5 0
10395.5 0
10396.5 0
10397.5 0
10398.5 0
10399.5 0
10400.5 0
10401.5 0
10402.5 0
10403.5 0
10404.5 0
10405.5 0
10406.5 0
10407.5 0
10408.5 0
10409.5 0
10410.5 0
10411.5 0
10412.5 0
10413.5 0
10414.5 0
10415.5 0
10416.5 0
10417.5 0
10418.5 0
10419.5 0
10420.5 0
10421.5 0
10422.5 0
10423.5 0
10424.5 0
10425.5 0
10426.5 0
10427.5 0
10428.5 0
10429.5 0
10430.5 -1.14286
10431.5 0
10432.5 1
10433.5 0
10434.5 0
10435.5 0
10436.5 0
10437.5 0
10438.5 0
10439.5 0
10440.5 0
10441.5 0
10442.5 0
10443.5 0
10444.5 0
10445.5 0
10446.5 0
10447.5 0
10448.5 0
10449.5 0
10450.5 0
10451.5 0
10452.5 0
10453.5 0
10454.5 0
10455.5 0
10456.5 0
10457.5 0
10458.5 0
10459.5 0
10460.5 0
10461.5 0
10462.5 0
10463.5 0
10464.5 0
10465.5 0
10466.5 0
10467.5 0
10468.5 0
10469.5 0
10470.5 0
10471.5 0
10472.5 0
10473.5 0
10474.5 0
10475.5 0
10476.5 0
10477.5 0
10478.5 0
10479.5 0
10480.5 0
10481.5 0
10482.5 0
10483.5 0
10484.5 0
10485.5 0
10486.5 0
10487.5 0
10488.5 0
10489.5 0
10490.5 0
10491.5 0
10492.5 0
10493.5 0
10494.5 0
10495.5 0
10496.5 0
10497.5 0
10498.5 0
10499.5 0
10500.5 0
10501.5 0
10502.5 0
10503.5 0
10504.5 0
10505.5 0
10506.5 0
10507.5 0
10508.5 0
10509.5 0
10510.5 0
10511.5 0
10512.5 0
10513.5 0
10514.5 0
10515.5 0
10516.5 0
10517.5 0
10518.5 0
10519.5 0
10520.5 0
10521.5 0
10522.5 0
10523.5 0
10524.5 0
10525.5 0
10526.5 0
10527.5 0
10528.5 0
10529.5 0
10530.5 0
10531.5 0
10532.5 0
10533.5 0
10534.5 0
10535.5 0
10536.5 0
10537.5 0
10538.5 0
10539.5 0
10540.5 0
10541.5 0
10542.5 0
10543.5 0
10544.5 0
10545.5 0
10546.5 0
10547.5 0
10548.5 0
10549.5 0
10550.5 0
10551.5 0
10552.5 0
10553.5 0
10554.5 0
10555.5 0
10556.5 0
10557.5 0
10558.5 0
10559.5 0
10560.5 0
10561.5 0
10562.5 0
10563.5 0
10564.5 0
10565.5 0
10566.5 0
10567.5 0
10568.5 0
10569.5 0
10570.5 0
10571.5 0
10572.5 0
10573.5 0
10574.5 0
10575.5 0
10576.5 0
10577.5 0
10578.5 0
10579.5 0
10580.5 0
10581.5 0
10582.5 0
10583.5 0
10584.5 0
10585.5 0
10586.5 0
10587.5 0
10588.5 0
10589.5 0
10590.5 0
10591.5 0
10592.5 0
10593.5 0
10594.5 0
10595.5 0
10596.5 0
10597.5 0
10598.5 0
10599.5 0
10600.5 0
10601.5 0
10602.5 0
10603.5 0
10604.5 0
10605.5 0
10606.5 0
10607.5 0
10608.5 0
10609.5 0
10610.5 0
10611.5 0
10612.5 0
10613.5 0
10614.5 0
10615.5 0
10616.5 0
10617.5 0
10618.5 0
10619.5 0
10620.5 0
10621.5 0
10622.5 0
10623.5 0
10624.5 0
10625.5 0
10626.5 -1.14286
10627.5 0
10628.5 0
10629.5 0
10630.5 0
10631.5 0
10632.5 0
10633.5 0
10634.5 0
10635.5 0
10636.5 0
10637.5 0
10638.5 0
10639.5 0
10640.5 0
10641.5 0
10642.5 0
10643.5 0
10644.5 0
10645.5 0
10646.5 0
10647.5 0
10648.5 0
10649.5 0
10650.5 0
10651.5 0
10652.5 0
10653.5 0
10654.5 0
10655.5 0
10656.5 0
10657.5 0
10658.5 0
10659.5 0
10660.5 0
10661.5 0
10662.5 0
10663.5 0
10664.5 0
10665.5 0
10666.5 0
10667.5 0
10668.5 0
10669.5 0
10670.5 1
10671.5 0
10672.5 0
10673.5 0
10674.5 0
10675.5 0
10676.5 0
10677.5 0
10678.5 0
10679.5 0
10680.5 0
10681.5 0
10682.5 0
10683.5 0
10684.5 0
10685.5 0
10686.5 0
10687.5 0
10688.5 0
10689.5 0
10690.5 0
10691.5 0
10692.5 0
10693.5 0
10694.5 0
10695.5 0
10696.5 0
10697.5 0
10698.5 0
10699.5 0
10700.5 0
10701.5 0
10702.5 0
10703.5 0
10704.5 0
10705.5 0
10706.5 0
10707.5 0
10708.5 0
10709.5 0
10710.5 0
10711.5 0
10712.5 0
10713.5 0
10714.5 0
10715.5 0
10716.5 0
10717.5 0
10718.5 0
10719.5 0
10720.5 0
10721.5 0
10722.5 0
10723.5 0
10724.5 0
10725.5 0
10726.5 0
10727.5 0
10728.5 0
10729.5 0
10730.5 0
10731.5 0
10732.5 0
10733.5 0
10734.5 0
10735.5 0
10736.5 0
10737.5 0
10738.5 0
10739.5 -1.14286
10740.5 0
10741.5 0
10742.5 0
10743.5 0
10744.5 0
10745.5 0
10746.5 0
10747.5 0
10748.5 0
10749.5 0
10750.5 0
10751.5 0
10752.5 0
10753.5 0
10754.5 0
10755.5 0
10756.5 0
10757.5 -1.14286
10758.5 0
10759.5 0
10760.5 0
10761.5 0
10762.5 0
10763.5 0
10764.5 0
10765.5 0
10766.5 1
10767.5 0
10768.5 0
10769.5 0
10770.5 0
10771.5 0
10772.5 0
10773.5 0
10774.5 0
10775.5 0
10776.5 0
10777.5 0
10778.5 0
10779.5 0
10780.5 0
10781.5 0
10782.5 0
10783.5 0
10784.5 0
10785.5 0
10786.5 0
10787.5 0
10788.5 0
10789.5 0
10790.5 0
10791.5 0
10792.5 0
10793.5 0
10794.5 0
10795.5 -1.14286
10796.5 0
10797.5 0
10798.5 0
10799.5 0
10800.5 0
10801.5 0
10802.5 0
10803.5 0
10804.5 0
10805.5 0
10806.5 0
10807.5 0
10808.5 0
10809.5 0
10810.5 0
10811.5 0
10812.5 0
10813.5 0
10814.5 0
10815.5 0
10816.5 0
10817.5 0
10818.5 0
10819.5 0
10820.5 0
10821.5 0
10822.5 0
10823.5 0
10824.5 0
10825.5 0
10826.5 0
10827.5 0
10828.5 0
10829.5 0
10830.5 0
10831.5 0
10832.5 0
10833.5 0
10834.5 0
10835.5 0
10836.5 0
10837.5 0
10838.5 0
10839.5 0
10840.5 0
10841.5 0
10842.5 0
10843.5 0
10844.5 0
10845.5 0
10846.5 0
10847.5 0
10848.5 0
10849.5 0
10850.5 0
10851.5 0
10852.5 0
10853.5 0
10854.5 0
10855.5 0
10856.5 0
10857.5 0
10858.5 0
10859.5 0
10860.5 0
10861.5 0
10862.5 0
10863.5 0
10864.5 0
10865.5 0
10866.5 0
10867.5 0
10868.5 0
10869.5 0
10870.5 0
10871.5 0
10872.5 0
10873.5 0
10874.5 0
10875.5 0
10876.5 0
10877.5 0
10878.5 0
10879.5 0
10880.5 0
10881.5 0
10882.5 0
10883.5 0
10884.5 0
10885.5 0
10886.5 0
10887.5 0
10888.5 0
10889.5 0
10890.5 0
10891.5 0
10892.5 0
10893.5 0
10894.5 0
10895.5 0
10896.5 1
10897.5 0
10898.5 0
10899.5 0
10900.5 0
10901.5 0
10902.5 0
10903.5 0
10904.5 0
10905.5 0
10906.5 0
10907.5 0
10908.5 0
10909.5 0
10910.5 0
10911.5 0
10912.5 0
10913.5 0
10914.5 0
10915.5 0
10916.5 0
10917.5 0
10918.5 0
10919.5 0
10920.5 0
10921.5 0
10922.5 0
10923.5 0
10924.5 0
10925.5 0
10926.5 0
10927.5 0
10928.5 0
10929.5 0
10930.5 0
10931.5 0
10932.5 0
10933.5 0
10934.5 0
10935.5 0
10936.5 0
10937.5 0
10938.5 0
10939.5 0
10940.5 0
10941.5 0
10942.5 0
10943.5 0
10944.5 0
10945.5 0
10946.5 0
10947.5 0
10948.5 0
10949.5 0
10950.5 0
10951.5 0
10952.5 0
10953.5 0
10954.5 0
10955.5 0
10956.5 0
10957.5 0
10958.5 0
10959.5 0
10960.5 0
10961.5 0
10962.5 0
10963.5 0
10964.5 0
10965.5 0
10966.5 0
10967.5 0
10968.5 0
10969.5 1
10970.5 0
10971.5 0
10972.5 0
10973.5 0
10974.5 0
10975.5 0
10976.5 0
10977.5 0
10978.5 0
10979.5 0
10980.5 0
10981.5 0
10982.5 0
10983.5 0
10984.5 0
10985.5 0
10986.5 0
10987.5 0
10988.5 0
10989.5 0
10990.5 0
10991.5 0
10992.5 0
10993.5 0
10994.5 0
10995.5 0
10996.5 0
10997.5 0
10998.5 0
10999.5 0
11000.5 0
11001.5 0
11002.5 0
11003.5 0
11004.5 0
11005.5 0
11006.5 0
11007.5 0
11008.5 0
11009.5 0
11010.5 0
11011.5 0
11012.5 0
11013.5 0
11014.5 0
11015.5 0
11016.5 0
11017.5 0
11018.5 0
11019.5 0
11020.5 0
11021.5 0
11022.5 0
11023.5 0
11024.5 0
11025.5 0
11026.5 0
11027.5 0
11028.5 0
11029.5 0
11030.5 0
11031.5 0
11032.5 0
11033.5 0
11034.5 0
11035.5 0
11036.5 0
11037.5 0
11038.5 0
11039.5 0
11040.5 0
11041.5 0
11042.5 0
11043.5 0
11044.5 0
11045.5 0
11046.5 0
11047.5 0
11048.5 0
11049.5 0
11050.5 0
11051.5 0
11052.5 0
11053.5 0
11054.5 0
11055.5 0
11056.5 0
11057.5 0
11058.5 0
11059.5 0
11060.5 0
11061.5 0
11062.5 0
11063.5 0
11064.5 0
11065.5 0
11066.5 0
11067.5 0
11068.5 0
11069.5 0
11070.5 0
11071.5 0
11072.5 0
11073.5 0
11074.5 0
11075.5 0
11076.5 0
11077.5 0
11078.5 0
11079.5 0
11080.5 0
11081.5 0
11082.5 0
11083.5 0
11084.5 0
11085.5 0
11086.5 0
11087.5 0
11088.5 0
11089.5 0
11090.5 0
11091.5 0
11092.5 0
11093.5 0
11094.5 0
11095.5 0
11096.5 0
11097.5 0
11098.5 0
11099.5 0
11100.5 0
11101.5 0
11102.5 0
11103.5 0
11104.5 0
11105.5 0
11106.5 0
11107.5 -1.14286
11108.5 0
11109.5 0
11110.5 0
11111.5 0
11112.5 0
11113.5 0
11114.5 0
11115.5 0
11116.5 0
11117.5 0
11118.5 0
11119.5 0
11120.5 0
11121.5 0
11122.5 0
11123.5 0
11124.5 0
11125.5 0
11126.5 0
11127.5 0
11128.5 0
11129.5 0
11130.5 0
11131.5 0
11132.5 0
11133.5 0
11134.5 0
11135.5 0
11136.5 0
11137.5 0
11138.5 0
11139.5 0
11140.5 0
11141.5 0
11142.5 0
11143.5 0
11144.5 0
11145.5 0
11146.5 0
11147.5 0
11148.5 0
11149.5 0
11150.5 0
11151.5 0
11152.5 0
11153.5 0
11154.5 0
11155.5 0
11156.5 0
11157.5 0
11158.5 0
11159.5 0
11160.5 0
11161.5 0
11162.5 0
11163.5 0
11164.5 0
11165.5 0
11166.5 0
11167.5 0
11168.5 0
11169.5 0
11170.5 0
11171.5 0
11172.5 0
11173.5 0
11174.5 0
11175.5 0
11176.5 0
11177.5 0
11178.5 0
11179.5 0
11180.5 0
11181.5 0
11182.5 0
11183.5 0
11184.5 0
11185.5 0
11186.5 0
11187.5 0
11188.5 0
11189.5 0
11190.5 0
11191.5 0
11192.5 0
11193.5 0
11194.5 0
11195.5 0
11196.5 0
11197.5 0
11198.5 0
11199.5 0
11200.5 0
11201.5 0
11202.5 0
11203.5 0
11204.5 0
11205.5 0
11206.5 0
11207.5 0
11208.5 0
11209.5 0
11210.5 0
11211.5 0
11212.5 0
11213.5 0
11214.5 0
11215.5 0
11216.5 0
11217.5 0
11218.5 0
11219.5 0
11220.5 0
11221.5 0
11222.5 0
11223.5 0
11224.5 0
11225.5 0
11226.5 0
11227.5 0
11228.5 0
11229.5 0
11230.5 0
11231.5 0
11232.5 0
11233.5 0
11234.5 0
11235.5 -1.14286
11236.5 0
11237.5 0
11238.5 0
11239.5 0
11240.5 0
11241.5 0
11242.5 0
11243.5 0
11244.5 0
11245.5 0
11246.5 0
11247.5 0
11248.5 0
11249.5 0
11250.5 0
11251.5 0
11252.5 0
11253.5 0
11254.5 0
11255.5 0
11256.5 0
11257.5 0
11258.5 0
11259.5 0
11260.5 0
11261.5 0
11262.5 0
11263.5 0
11264.5 0
11265.5 0
11266.5 0
11267.5 0
11268.5 0
11269.5 0
11270.5 0
11271.5 0
11272.5 0
11273.5 0
11274.5 0
11275.5 0
11276.5 0
11277.5 0
11278.5 0
11279.5 0
11280.5 0
11281.5 0
11282.5 0
11283.5 0
11284.5 0
11285.5 0
11286.5 0
11287.5 0
11288.5 0
11289.5 0
11290.5 0
11291.5 0
11292.5 0
11293.5 0
11294.5 0
11295.5 0
11296.5 0
11297.5 -1.14286
11298.5 0
11299.5 0
11300.5 0
11301.5 0
11302.5 0
11303.5 0
11304.5 0
11305.5 0
11306.5 0
11307.5 0
11308.5 0
11309.5 0
11310.5 0
11311.5 0
11312.5 0
11313.5 0
11314.5 0
11315.5 0
11316.5 0
11317.5 0
11318.5 0
11319.5 0
11320.5 0
11321.5 0
11322.5 0
11323.5 0
11324.5 0
11325.5 0
11326.5 0
11327.5 0
11328.5 0
11329.5 0
11330.5 0
11331.5 0
11332.5 0
11333.5 0
11334.5 0
11335.5 0
11336.5 0
11337.5 0
11338.5 0
11339.5 0
11340.5 0
11341.5 0
11342.5 0
11343.5 0
11344.5 0
11345.5 0
11346.5 0
11347.5 0
11348.5 0
11349.5 0
11350.5 0
11351.5 0
11352.5 0
11353.5 0
11354.5 0
11355.5 0
11356.5 0
11357.5 0
11358.5 0
11359.5 0
11360.5 0
11361.5 0
11362.5 0
11363.5 0
11364.5 0
11365.5 0
11366.5 0
11367.5 0
11368.5 0
11369.5 0
11370.5 0
11371.5 0
11372.5 0
11373.5 0
11374.5 0
11375.5 0
11376.5 0
11377.5 0
11378.5 0
11379.5 0
11380.5 0
11381.5 0
11382.5 0
11383.5 0
11384.5 0
11385.5 0
11386.5 0
11387.5 0
11388.5 0
11389.5 0
11390.5 0
11391.5 0
11392.5 0
11393.5 0
11394.5 0
11395.5 0
11396.5 0
11397.5 0
11398.5 0
11399.5 0
11400.5 0
11401.5 0
11402.5 0
11403.5 0
11404.5 0
11405.5 0
11406.5 0
11407.5 0
11408.5 0
11409.5 0
11410.5 0
11411.5 0
11412.5 0
11413.5 0
11414.5 0
11415.5 0
11416.5 0
11417.5 0
11418.5 0
11419.5 0
11420.5 0
11421.5 0
11422.5 0
11423.5 0
11424.5 0
11425.5 0
11426.5 0
11427.5 0
11428.5 0
11429.5 0
11430.5 0
11431.5 0
11432.5 0
11433.5 0
11434.5 0
11435.5 0
11436.5 0
11437.5 0
11438.5 0
11439.5 0
11440.5 0
11441.5 0
11442.5 0
11443.5 0
11444.5 0
11445.5 0
11446.5 0
11447.5 0
11448.5 0
11449.5 0
11450.5 0
11451.5 0
11452.5 0
11453.5 0
11454.5 0
11455.5 0
11456.5 0
11457.5 0
11458.5 0
11459.5 0
11460.5 0
11461.5 0
11462.5 0
11463.5 0
11464.5 0
11465.5 0
11466.5 0
11467.5 0
11468.5 0
11469.5 0
11470.5 0
11471.5 0
11472.5 0
11473.5 0
11474.5 0
11475.5 0
11476.5 0
11477.5 0
11478.5 0
11479.5 0
11480.5 0
11481.5 0
11482.5 0
11483.5 0
11484.5 0
11485.5 0
11486.5 0
11487.5 0
11488.5 0
11489.5 0
11490.5 0
11491.5 0
11492.5 0
11493.5 0
11494.5 0
11495.5 0
11496.5 0
11497.5 0
11498.5 0
11499.5 0
11500.5 0
11501.5 0
11502.5 0
11503.5 0
11504.5 0
11505.5 0
11506.5 0
11507.5 0
11508.5 0
11509.5 0
11510.5 0
11511.5 0
11512.5 0
11513.5 0
11514.5 0
11515.5 0
11516.5 0
11517.5 0
11518.5 0
11519.5 0
11520.5 0
11521.5 0
11522.5 0
11523.5 0
11524.5 0
11525.5 0
11526.5 0
11527.5 0
11528.5 0
11529.5 0
11530.5 0
11531.5 0
11532.5 0
11533.5 0
11534.5 0
11535.5 0
11536.5 0
11537.5 -1.14286
11538.5 0
11539.5 0
11540.5 0
11541.5 0
11542.5 0
11543.5 0
11544.5 0
11545.5 0
11546.5 0
11547.5 0
11548.5 0
11549.5 0
11550.5 0
11551.5 0
11552.5 0
11553.5 0
11554.5 0
11555.5 0
11556.5 0
11557.5 0
11558.5 0
11559.5 0
11560.5 0
11561.5 0
11562.5 0
11563.5 0
11564.5 0
11565.5 0
11566.5 0
11567.5 0
11568.5 0
11569.5 0
11570.5 0
11571.5 0
11572.5 0
11573.5 0
11574.5 0
11575.5 0
11576.5 0
11577.5 0
11578.5 0
11579.5 0
11580.5 0
11581.5 0
11582.5 0
11583.5 0
11584.5 0
11585.5 0
11586.5 0
11587.5 0
11588.5 0
11589.5 0
11590.5 0
11591.5 0
11592.5 0
11593.5 0
11594.5 0
11595.5 0
11596.5 0
11597.5 0
11598.5 0
11599.5 0
11600.5 0
11601.5 0
11602.5 0
11603.5 0
11604.5 0
11605.5 0
11606.5 0
11607.5 0
11608.5 0
11609.5 0
11610.5 0
11611.5 0
11612.5 0
11613.5 0
11614.5 0
11615.5 0
11616.5 0
11617.5 0
11618.5 0
11619.5 0
11620.5 0
11621.5 0
11622.5 0
11623.5 0
11624.5 0
11625.5 0
11626.5 0
11627.5 0
11628.5 0
11629.5 0
11630.5 0
11631.5 0
11632.5 0
11633.5 0
11634.5 0
11635.5 0
11636.5 0
11637.5 0
11638.5 0
11639.5 0
11640.5 0
11641.5 0
11642.5 0
11643.5 0
11644.5 0
11645.5 0
11646.5 0
11647.5 0
11648.5 0
11649.5 0
11650.5 0
11651.5 0
11652.5 0
11653.5 0
11654.5 0
11655.5 0
11656.5 0
11657.5 0
11658.5 0
11659.5 0
11660.5 0
11661.5 0
11662.5 0
11663.5 0
11664.5 0
11665.5 0
11666.5 0
11667.5 0
11668.5 0
11669.5 0
11670.5 0
11671.5 0
11672.5 0
11673.5 0
11674.5 0
11675.5 0
11676.5 0
11677.5 0
11678.5 0
11679.5 0
11680.5 0
11681.5 0
11682.5 0
11683.5 0
11684.5 0
11685.5 0
11686.5 0
11687.5 0
11688.5 0
11689.5 0
11690.5 0
11691.5 0
11692.5 0
11693.5 0
11694.5 0
11695.5 0
11696.5 0
11697.5 0
11698.5 0
11699.5 0
11700.5 0
11701.5 0
11702.5 0
11703.5 0
11704.5 0
11705.5 0
11706.5 0
11707.5 -1.14286
11708.5 0
11709.5 0
11710.5 0
11711.5 0
11712.5 0
11713.5 0
11714.5 0
11715.5 0
11716.5 0
11717.5 0
11718.5 0
11719.5 0
11720.5 0
11721.5 0
11722.5 0
11723.5 0
11724.5 0
11725.5 0
11726.5 0
11727.5 0
11728.5 0
11729.5 0
11730.5 0
11731.5 0
11732.5 0
11733.5 0
11734.5 0
11735.5 0
11736.5 0
11737.5 0
11738.5 0
11739.5 0
11740.5 0
11741.5 0
11742.5 0
11743.5 0
11744.5 0
11745.5 0
11746.5 0
11747.5 0
11748.5 0
11749.5 0
11750.5 0
11751.5 0
11752.5 0
11753.5 0
11754.5 0
11755.5 0
11756.5 0
11757.5 0
11758.5 0
11759.5 0
11760.5 0
11761.5 0
11762.5 0
11763.5 0
11764.5 0
11765.5 0
11766.5 0
11767.5 0
11768.5 0
11769.5 0
11770.5 0
11771.5 0
11772.5 0
11773.5 0
11774.5 0
11775.5 0
11776.5 0
11777.5 0
11778.5 0
11779.5 0
11780.5 0
11781.5 0
11782.5 0
11783.5 0
11784.5 0
11785.5 0
11786.5 0
11787.5 0
11788.5 0
11789.5 0
11790.5 0
11791.5 0
11792.5 0
11793.5 0
11794.5 0
11795.5 0
11796.5 0
11797.5 0
11798.5 0
11799.5 0
11800.5 0
11801.5 0
11802.5 0
11803.5 0
11804.5 0
11805.5 0
11806.5 0
11807.5 0
11808.5 0
11809.5 0
11810.5 0
11811.5 0
11812.5 0
11813.5 0
11814.5 0
11815.5 0
11816.5 0
11817.5 0
11818.5 0
11819.5 0
11820.5 0
11821.5 0
11822.5 0
11823.5 0
11824.5 0
11825.5 0
11826.5 0
11827.5 0
11828.5 0
11829.5 0
11830.5 0
11831.5 0
11832.5 0
11833.5 0
11834.5 0
11835.5 0
11836.5 0
11837.5 0
11838.5 0
11839.5 0
11840.5 0
11841.5 0
11842.5 0
11843.5 0
11844.5 0
11845.5 0
11846.5 0
11847.5 0
11848.5 0
11849.5 0
11850.5 0
11851.5 0
11852.5 0
11853.5 0
11854.5 0
11855.5 0
11856.5 0
11857.5 0
11858.5 0
11859.5 0
11860.5 0
11861.5 0
11862.5 0
11863.5 0
11864.5 0
11865.5 0
11866.5 0
11867.5 0
11868.5 0
11869.5 0
11870.5 0
11871.5 0
11872.5 0
11873.5 0
11874.5 0
11875.5 0
11876.5 0
11877.5 0
11878.5 0
11879.5 0
11880.5 0
11881.5 0
11882.5 -1.14286
11883.5 0
11884.5 0
11885.5 0
11886.5 0
11887.5 0
11888.5 0
11889.5 0
11890.5 0
11891.5 0
11892.5 0
11893.5 0
11894.5 0
11895.5 0
11896.5 0
11897.5 0
11898.5 1
11899.5 0
11900.5 0
11901.5 0
11902.5 0
11903.5 0
11904.5 0
11905.5 0
11906.5 0
11907.5 0
11908.5 0
11909.5 0
11910.5 0
11911.5 0
11912.5 0
11913.5 0
11914.5 0
11915.5 0
11916.5 0
11917.5 0
11918.5 0
11919.5 0
11920.5 0
11921.5 0
11922.5 0
11923.5 0
11924.5 0
11925.5 0
11926.5 0
11927.5 0
11928.5 0
11929.5 0
11930.5 0
11931.5 0
11932.5 0
11933.5 0
11934.5 0
11935.5 0
11936.5 0
11937.5 0
11938.5 0
11939.5 0
11940.5 0
11941.5 0
11942.5 0
11943.5 0
11944.5 0
11945.5 0
11946.5 0
11947.5 0
11948.5 -1.14286
11949.5 0
11950.5 0
11951.5 0
11952.5 0
11953.5 0
11954.5 0
11955.5 0
11956.5 0
11957.5 0
11958.5 0
11959.5 0
11960.5 0
11961.5 0
11962.5 0
11963.5 0
11964.5 0
11965.5 0
11966.5 1
11967.5 0
11968.5 0
11969.5 0
11970.5 0
11971.5 0
11972.5 0
11973.5 0
11974.5 0
11975.5 0
11976.5 0
11977.5 0
11978.5 0
11979.5 0
11980.5 0
11981.5 0
11982.5 0
11983.5 0
11984.5 0
11985.5 0
11986.5 0
11987.5 0
11988.5 0
11989.5 0
11990.5 0
11991.5 0
11992.5 0
11993.5 0
11994.5 0
11995.5 0
11996.5 0
11997.5 0
11998.5 0
11999.5 0
