START LEVEL,STOP LEVEL,Integral Diff,Integral,TRANSITION,GATE,mean,fwhm,amplitude,m,q,err_mean,err_fwhm,err_amplitude,err_m,err_q
11131.6,4315.22,0.0000,268.5126,6814.4000,1007.7000,6815.1514,5.8348,43.2355,-0.1839,1256.5702,0.4282,1.0778,6.5795,0.1520,1035.7818
11131.6,4930.74,0.0000,734.0385,6199.9000,1016.9000,6199.6198,6.8377,100.8580,-0.4687,2912.6959,0.2638,0.6723,8.0747,0.2015,1249.1881
11131.6,6146.14,0.0000,1229.0196,4984.4000,1017.0000,4973.8111,3.8392,300.7624,-0.4484,2289.2612,0.2749,0.7096,45.2690,0.9428,4701.6585
11131.6,3676.092,0.0000,252.4579,7454.4000,1017.5000,7454.0004,6.3731,37.2168,0.1184,-880.6149,0.4024,1.0189,4.8745,0.1174,875.0495
11131.6,3307.872,0.0000,1311.5253,7822.3000,1024.7380,7821.9715,7.0745,174.1734,-0.0166,133.7345,0.1468,0.3752,7.5003,0.1902,1488.0901
11131.6,6575.2,0.0000,892.5355,4556.1200,1025.0000,4554.082,7.352006,114.0477,0,0,0.9317128,1.624621,24.91699,0,0
11131.6,4358.44,0.0000,10934.4934,6772.3000,1050.6000,6771.6983,6.3703,1612.6450,-0.7846,5339.8529,0.0634,0.1605,33.2950,0.8018,5429.9414
11131.6,5935.8,0.0000,634.2310,5195.5000,1050.9000,5195.3447,4.5852,129.9549,0.3740,-1911.2701,0.2024,0.5012,11.8672,0.2431,1263.0539
11131.6,5995.68,0.0000,1224.2896,5135.8000,1064.1000,5136.2225,7.0628,162.8580,-0.2416,1244.8470,0.3120,0.7985,14.9371,0.3798,1949.8487
11131.6,3357.29,0.0000,84824.3878,7773.4000,1074.1300,7772.6599,7.0773,11260.3897,-5.8292,45552.6073,0.0692,0.1769,228.4609,5.7974,45064.7470
11131.6,4399.2,0.0000,1060.1155,6731.9000,1091.1000,6730.9418,7.8909,126.2204,-0.0904,600.3612,0.2040,0.5273,6.7713,0.1814,1221.2130
11131.6,5408.4,0.0000,1454.1679,5722.2000,1092.8000,5722.2268,5.9884,228.1424,-0.0912,537.2292,0.1898,0.4782,14.9911,0.3501,2003.4002
11131.6,5289.25,0.0000,2031.0314,5841.9000,1093.2000,5841.8448,6.2780,303.9458,0.0076,-30.7005,0.2134,0.5401,21.4378,0.5131,2996.8428
11131.6,5297.6,0.0000,1058.9094,5833.6000,1101.3000,5833.7066,4.8103,206.8166,-1.4326,8377.9745,0.2642,0.6562,23.5129,0.4934,2877.8909
11131.6,5594.16,0.0000,1645.9339,5537.4400,1113.6000,5537.5901,4.8945,315.9429,-0.1578,875.4724,0.1377,0.3424,18.4029,0.3894,2156.0330
11131.6,3776.27,0.0000,1783.2096,7354.2000,1119.7000,7353.6655,6.9593,240.7357,-0.2464,1842.0984,0.1222,0.3119,8.7738,0.2208,1623.6763
11131.6,2283.119,0.0000,11077.7728,8848.0000,1126.0780,8846.6589,8.3881,1240.7647,-0.6565,5848.2770,0.0999,0.2608,30.6741,0.8522,7541.3630
11131.6,4803.6,0.0000,625.2885,6328.3000,1141.1000,6327.1359,6.6295,88.6137,-0.1871,1183.3013,0.2546,0.6474,7.0634,0.1737,1099.3573
11131.6,1157.0208,0.0000,1501.9245,9974.3000,1157.0040,9970.3769,9.8827,142.7883,-0.0557,562.7263,0.1102,0.3033,3.3257,0.1058,1055.7518
11131.6,5096.87,0.0000,4416.7861,6034.4000,1173.9000,6033.7937,5.4995,754.5483,-0.2534,1542.6165,0.0543,0.1359,15.4302,0.3456,2085.2808
11131.6,6579.6,0.0000,235.8472,4551.7000,1182.7000,4550.5100,4.2508,52.1355,0.6390,-2863.3492,0.4856,1.4190,13.0318,0.6185,2807.9117
11131.6,5096.87,0.0000,27111.3469,6034.4000,1183.1000,6033.6742,5.6716,4491.0336,-2.0372,12354.6166,0.0427,0.1071,70.0712,1.5935,9615.2604
11131.6,5594.16,0.0000,183.6115,5537.4400,1183.5000,5536.6344,3.5126,49.1141,-0.1051,668.8971,0.5499,1.5281,16.0846,1.4958,8286.3586
11131.6,5502.096,0.0000,757.9608,5628.9000,1186.6000,5628.5957,4.5684,155.8783,-0.3959,2279.9538,0.1989,0.4926,14.0415,0.2872,1616.5265
11131.6,6922.5,0.0000,2813.8626,4208.9000,1188.5000,4208.2210,5.6387,468.8426,-1.0080,4280.9667,0.1213,0.3042,20.8985,0.4738,1993.9087
11131.6,5775.76,0.0000,5799.0672,5355.7000,1191.2000,5354.9964,5.4393,1001.6562,-0.5273,2838.4633,0.0537,0.1343,20.4863,0.4563,2443.6028
11131.6,5594.16,0.0000,1203.2400,5537.4400,1194.1000,5537.6639,5.5515,203.6288,-0.0446,250.6282,0.1013,0.2573,7.7148,0.2136,1183.3856
11131.6,5289.25,0.0000,1524.0003,5841.9000,1196.7000,5841.1636,5.2465,272.9098,-0.2525,1481.9264,0.1008,0.2516,10.8595,0.2377,1388.1037
11131.6,4564.87,0.0000,1230.0546,6566.4000,1207.2000,6565.7395,6.2540,184.7842,-0.1004,662.2632,0.0904,0.2285,5.5384,0.1322,867.7699
11131.6,5775.76,0.0000,509.1016,5355.7000,1209.6000,5356.8146,6.9251,69.0680,-0.0524,275.8453,0.4736,1.2121,9.8123,0.2479,1327.4706
11131.6,5408.4,0.0000,596.6312,5722.2000,1212.5000,5722.3775,6.6316,84.5263,-0.1229,699.7982,0.2603,0.6613,6.8826,0.1691,967.5388
11131.6,5573.9,0.0000,2480.1419,5557.7000,1214.3000,5557.7140,5.3084,438.9494,-0.1004,564.9559,0.1028,0.2568,17.6020,0.3877,2154.2632
11131.6,6672.92,0.0000,6849.6890,4457.9000,1214.7400,4457.1764,4.6097,1396.0501,-0.1867,846.2271,0.0410,0.1015,25.6621,0.5271,2349.1806
11131.6,4930.74,0.0000,297.4237,6199.9000,1218.8000,6196.9044,7.6276,36.6345,0.0211,-135.2962,0.5914,1.5314,5.9043,0.1572,974.7722
11131.6,6226.6,0.0000,500.1837,4904.7000,1219.7000,4904.9441,3.8966,120.5980,-0.2907,1437.7961,0.2238,0.5497,14.3015,0.2708,1327.7202
11131.6,4884.02,0.0000,2025.3997,6247.2000,1222.5000,6246.4882,5.7972,328.2396,-0.2722,1705.3556,0.0556,0.1398,6.5281,0.1501,937.7170
11131.6,4584.08,0.0000,5700.5619,6546.6000,1226.9000,6545.8421,6.2209,860.9201,-0.2162,1419.1831,0.0660,0.1669,18.9559,0.4511,2953.0197
11131.6,4904.58,0.0000,1943.1130,6226.7000,1229.2000,6224.9873,5.9458,307.0354,0.0442,-255.4663,0.1331,0.3355,14.2562,0.3323,2069.2082
11131.6,4552.644,0.0000,145.7270,6577.1000,1244.7500,6576.7696,5.7721,23.7195,0.0973,-638.5359,0.4741,1.1913,4.0386,0.0926,609.2501
11131.6,5025.73,0.0000,697.4978,6103.4500,1250.2000,6103.6866,6.1069,107.3049,-0.1998,1217.5898,0.1830,0.4619,6.6679,0.1574,960.3094
11131.6,6566.5,0.0000,278.2089,4564.8000,1267.2000,4564.8429,2.7642,94.5572,-0.2426,1128.4149,0.1950,0.4729,13.7308,0.2196,1002.0877
11131.6,4584.08,0.0000,2627.4779,6546.6000,1276.0000,6545.9092,5.7963,425.8830,-0.0445,299.4845,0.0619,0.1555,9.4243,0.2166,1417.7980
11131.6,5594.16,0.0000,496.6401,5537.4400,1277.6000,5537.3970,4.7576,98.0740,-0.7876,4387.8221,0.4302,1.0674,18.3492,0.3828,2119.5969
11131.6,6579.6,0.0000,405.1398,4551.7000,1277.8000,4551.9003,3.4381,110.7111,0.6995,-3166.6418,0.1989,0.5195,13.4947,0.4294,1950.9828
11131.6,4584.08,0.0000,5296.3507,6546.6000,1283.4000,6545.9671,5.8502,850.5709,-0.2071,1372.0956,0.0614,0.1543,18.4926,0.4269,2794.6975
11131.6,5230.33,0.0000,369.9118,5900.9000,1307.3000,5900.2035,2.6323,132.0276,-0.1582,936.1311,0.1316,0.3187,13.5849,0.2120,1250.6913
11131.6,4358.44,0.0000,1092.9012,6772.3000,1314.1000,6771.7020,6.5118,157.6821,-0.0816,554.7061,0.1099,0.2787,5.5193,0.1344,909.9640
11131.6,5733.3,0.0000,338.7399,5397.8000,1324.0000,5395.9976,4.1727,76.2702,0.0567,-300.7434,0.2484,0.6123,9.3845,0.1838,991.7933
11131.6,5342.2,0.0000,862.3519,5789.5000,1330.9000,5788.6238,4.9265,164.4564,-0.5903,3424.7787,0.1795,0.4465,12.4072,0.2633,1524.3168
11131.6,5733.3,0.0000,918.5443,5397.8000,1335.0000,5396.8465,4.1887,206.0283,-0.0643,345.1232,0.1179,0.2904,11.9794,0.2348,1267.0981
11131.6,4650.3,0.0000,782.0801,6480.2000,1342.8000,6479.7858,5.4094,135.8331,-0.0273,178.5434,0.1000,0.2501,5.2010,0.1155,748.7412
11131.6,4650.3,0.0000,5263.4892,6480.2000,1349.4000,6479.5623,5.8829,840.5896,-0.4220,2747.6828,0.0638,0.1605,18.8909,0.4375,2834.8447
11131.6,5548.68,0.0000,5391.7303,5582.4000,1353.1000,5581.7726,5.6093,903.0719,-0.2417,1357.9902,0.0630,0.1580,21.0228,0.4754,2653.9751
11131.6,7228.5,0.0000,452.5333,3902.9000,1360.5000,3903.2673,4.2359,100.3708,-0.2953,1161.1186,0.2452,0.6050,12.0109,0.2371,924.9634
11131.6,5289.25,0.0000,2172.7169,5841.9000,1366.1000,5841.5103,5.5726,366.3111,0.0847,-490.7656,0.0775,0.1943,10.5575,0.2381,1390.5078
11131.6,6672.92,0.0000,1611.0682,4457.9000,1373.3000,4457.0393,4.7500,318.6566,0.1383,-607.4057,0.1040,0.2581,14.4412,0.3010,1341.5138
11131.6,5289.25,0.0000,666.2931,5841.9000,1374.8000,5841.5806,5.0071,125.0213,-0.2312,1377.8645,0.3560,0.8863,18.4058,0.3938,2300.2558
11131.6,5775.76,0.0000,3303.4013,5355.7000,1376.3000,5354.8853,5.3086,584.6265,-0.6521,3513.2794,0.0620,0.1548,14.1368,0.3112,1666.2766
11131.6,5096.87,0.0000,475.6150,6034.4000,1384.4000,6033.0789,9.4695,47.1878,0.3498,-2097.0065,0.4822,1.2785,4.9764,0.1469,886.2975
11131.6,7482.3,0.0000,536.5969,3649.1000,1388.1000,3648.7953,4.8653,103.6198,-0.1070,440.0823,0.2692,0.6687,11.8648,0.2502,913.1001
11131.6,7254.4,0.0000,688.7588,3877.0000,1388.2000,3875.3581,4.4090,146.7675,-0.3996,1620.2652,0.2201,0.5630,15.2747,0.4874,1886.2505
11131.6,5594.16,0.0000,1735.9343,5537.4400,1397.4000,5537.6814,5.7837,281.9852,-0.2676,1483.4263,0.1283,0.3225,12.9683,0.2979,1649.5544
11131.6,5775.76,0.0000,1710.7822,5355.7000,1416.7000,5354.8807,5.4530,294.7549,-0.2171,1169.0263,0.0856,0.2143,9.5921,0.2139,1145.5973
11131.6,3301.36,0.0000,117.7394,7829.3000,1417.0000,7828.6345,6.4224,17.2237,0.0233,-181.5783,0.4135,1.0477,2.3003,0.0556,435.4770
11131.6,6813.8,0.0000,538.2254,4317.6000,1417.2000,4317.7402,3.5666,141.7799,0.1973,-830.6700,0.1775,0.4343,14.5587,0.2638,1138.9338
11131.6,5733.3,0.0000,2470.1011,5397.8000,1418.1000,5396.9048,4.8468,478.8023,-0.3527,1918.0567,0.0873,0.2168,17.8457,0.3756,2027.3894
11131.6,5096.87,0.0000,1196.3062,6034.4000,1420.2000,6033.6848,5.5372,202.9807,0.1045,-626.9593,0.1276,0.3198,9.6960,0.2179,1314.8786
11131.6,5342.2,0.0000,1310.0149,5789.5000,1428.0000,5788.5709,4.9594,248.1709,0.3665,-2052.8219,0.2350,0.5846,24.3463,0.5184,3001.0778
11131.6,3711.96,0.0000,8312.2732,7418.8000,1428.6700,7418.1570,6.5932,1184.4686,-0.5186,3872.2500,0.0599,0.1521,22.3217,0.5467,4055.4912
11131.6,6672.92,0.0000,11624.8459,4457.9000,1442.7000,4457.1789,4.7141,2316.7932,-0.8075,3609.6518,0.0314,0.0779,31.9258,0.6630,2954.8243
11131.6,6579.6,0.0000,477.5813,4551.7000,1448.5000,4552.7036,6.3839,70.2847,-0.0096,43.6481,0.3771,0.9575,8.6198,0.2089,950.3670
11131.6,6040.0,0.0000,969.0230,5091.6000,1455.1000,5090.9509,5.2331,173.9713,0.0158,-76.9776,0.1357,0.3386,9.3403,0.2041,1039.2928
11131.6,5775.76,0.0000,3687.8194,5355.7000,1459.8000,5354.9221,5.4752,632.8082,-0.0666,368.7434,0.0583,0.1459,13.9617,0.3120,1670.7654
11131.6,6922.5,0.0000,522.5942,4208.9000,1462.8000,4209.3133,3.7177,132.0674,0.0352,-138.5991,0.1835,0.4500,13.4583,0.2492,1048.3918
11131.6,6566.5,0.0000,2017.5820,4564.8000,1468.6000,4564.7329,4.9043,386.5011,-0.2774,1265.2356,0.0565,0.1405,9.2172,0.1953,891.1751
11131.6,5397.0,0.0000,2681.8213,5734.0000,1481.7000,5734.7176,5.6462,446.2451,-0.4304,2470.1044,0.0806,0.2023,13.2070,0.2999,1719.3048
11131.6,5502.096,0.0000,1052.3281,5628.9000,1491.1000,5628.1001,6.5976,149.8526,0.1853,-1042.7302,0.2268,0.5759,10.6857,0.2618,1473.3886
11131.6,4803.6,0.0000,1576.9555,6328.3000,1494.6000,6327.5648,6.0636,244.3360,-0.0071,51.8155,0.0894,0.2254,7.4682,0.1755,1110.8777
11131.6,2656.509,0.0000,1633.8796,8474.3000,1499.4490,8473.3974,8.0245,191.2945,-0.0979,835.6386,0.1390,0.3602,6.8762,0.1860,1576.1816
11131.6,5908.2,0.0000,2004.1220,5223.1000,1508.1000,5223.2010,5.5942,336.5813,-0.2776,1454.4951,0.0914,0.2292,11.3982,0.2574,1344.5371
11131.6,5221.4,0.0000,787.1564,5909.8000,1508.8000,5908.8252,6.3510,116.4445,-0.2067,1224.3266,0.1815,0.4595,6.9042,0.1660,980.8950
11131.6,5433.9,0.0000,404.4937,5697.3000,1511.6000,5696.2529,5.7045,66.6180,-0.1098,635.9201,0.4073,1.0230,9.8606,0.2250,1282.0937
11131.6,5230.33,0.0000,2779.0435,5900.9000,1518.2000,5900.3342,5.8064,449.6680,-0.1376,821.3333,0.1331,0.3346,21.3685,0.4916,2900.2989
11131.6,5297.6,0.0000,1953.3139,5833.6000,1520.2000,5831.5411,7.8604,233.4694,0.2692,-1558.4451,0.2478,0.6421,15.2860,0.4110,2397.9810
11131.6,4884.02,0.0000,126.0677,6247.2000,1524.2000,6249.227,4.145887,23.74251,0,0,1.065336,1.432687,6.518171,0,0
11131.6,5300.5,0.0000,893.0756,5829.4000,1524.4000,5829.5851,5.3867,155.7648,-0.0096,56.5850,0.1151,0.2878,6.8933,0.1529,891.1367
11131.6,5733.3,0.0000,516.2788,5397.8000,1537.8000,5394.4913,8.1983,59.1648,0.1599,-839.6116,0.9901,2.5946,14.8630,0.4133,2231.6059
11131.6,6566.5,0.0000,1309.7936,4564.8000,1538.6000,4564.6467,4.5499,270.4586,0.5038,-2259.9094,0.1140,0.2822,14.0184,0.2862,1306.2461
11131.6,4196.1,0.0000,1591.8167,6935.2000,1538.8000,6934.4271,6.8118,219.5484,-0.1012,705.0021,0.0673,0.1713,4.4985,0.1120,777.0856
11131.6,4584.08,0.0000,12477.2746,6546.6000,1539.4000,6545.9572,6.2159,1885.8944,-0.6875,4531.0111,0.0538,0.1360,33.8713,0.8057,5274.2312
11131.6,6672.92,0.0000,9038.5399,4457.9000,1542.9500,4457.1883,4.7252,1797.1203,0.0491,-159.8586,0.0260,0.0644,20.4255,0.4246,1892.6293
11131.6,4904.58,0.0000,1159.0455,6226.7000,1546.0000,6226.2183,6.9852,155.8924,-0.1654,1031.5023,0.0931,0.2377,4.3121,0.1087,676.7207
11131.6,6575.2,0.0000,1077.8076,4556.1200,1547.2000,4555.2592,7.9861,126.7961,-0.3589,1637.2875,0.2865,0.7421,9.4401,0.2548,1161.2311
11131.6,6575.2,0.0000,223.9300,4556.1200,1567.6000,4556.1571,4.0056,52.5227,-0.0399,181.8973,0.3309,0.8137,8.9624,0.1718,782.9243
11131.6,6226.6,0.0000,836.1313,4904.7000,1574.4000,4904.8974,4.6787,167.8995,-0.4306,2125.3460,0.1066,0.2643,7.9129,0.1639,803.5242
11131.6,5892.5,0.0000,278.8180,5238.8000,1575.2000,5240.9344,4.5750,57.2576,-0.1529,827.0856,0.6828,1.6982,17.7037,0.3658,1915.9017
11131.6,4884.02,0.0000,481.7258,6247.2000,1575.9000,6246.3459,5.8399,77.4985,0.0212,-130.8810,0.1936,0.4870,5.3265,0.1229,768.0919
11131.6,5935.8,0.0000,724.4868,5195.5000,1576.6000,5195.1863,4.5362,150.0505,-0.3193,1694.1236,0.1691,0.4184,11.5677,0.2357,1224.6122
11131.6,5289.25,0.0000,6023.1089,5841.9000,1577.4000,5841.5011,5.6555,1000.5742,-0.5879,3447.8011,0.0534,0.1339,19.5714,0.4445,2596.4814
11131.6,5775.76,0.0000,6727.8990,5355.7000,1579.6000,5354.9731,5.3631,1178.5871,-0.9233,4974.6155,0.0475,0.1188,21.6297,0.4785,2562.2035
11131.6,4884.02,0.0000,225.0820,6247.2000,1582.8000,6246.3222,9.8162,21.5427,0.0828,-521.3460,0.4933,1.3145,2.2396,0.0673,420.2097
11131.6,5300.5,0.0000,18491.3622,5829.4000,1588.7000,5829.5931,5.7592,3016.5550,-1.4559,8515.3231,0.0492,0.1236,53.3905,1.2238,7133.1713
11131.6,4904.58,0.0000,852.5969,6226.7000,1597.3000,6225.0676,5.4109,148.0385,-0.1850,1153.8185,0.0868,0.2171,4.9184,0.1094,681.2195
11131.6,5375.0,0.0000,346.6453,5756.3000,1597.7000,5756.1217,6.1084,53.3163,0.2133,-1220.8393,0.4624,1.1668,8.3694,0.1974,1136.1267
11131.6,4904.58,0.0000,283.8160,6226.7000,1603.7000,6223.9589,7.4150,35.9604,-0.2305,1438.9383,0.3988,1.0290,4.0198,0.1054,656.4372
11131.6,4650.3,0.0000,262.2709,6480.2000,1606.1000,6479.2288,6.3670,38.7002,-0.1309,849.9042,0.3106,0.7867,3.9163,0.0944,611.5840
11131.6,5775.76,0.0000,752.1303,5355.7000,1606.6000,5354.8081,3.5293,200.2208,-0.1853,1005.0423,0.1642,0.4016,19.2212,0.3464,1854.9731
11131.6,5935.8,0.0000,1295.5408,5195.5000,1619.6000,5195.0229,4.8097,253.0650,0.0607,-288.8972,0.1461,0.3628,15.9113,0.3337,1733.3980
11131.6,5297.6,0.0000,3018.8238,5833.6000,1620.4000,5831.2050,7.9663,356.0264,-0.0560,333.9293,0.0930,0.2417,8.6360,0.2345,1368.2005
11131.6,5300.5,0.0000,10198.8656,5829.4000,1624.5000,5829.5360,5.3932,1776.6717,-1.2264,7161.1392,0.0632,0.1580,43.1157,0.9568,5576.7575
11131.6,6211.4,0.0000,1081.9157,4919.9000,1626.8000,4918.7752,4.9441,205.5925,0.3189,-1539.4435,0.1389,0.3455,11.9596,0.2542,1250.5486
11131.6,3913.8,0.0000,130.3579,7215.8000,1630.4000,7215.5049,7.3786,16.5982,-0.0094,70.4428,0.5254,1.2906,2.4433,0.0166,119.1155
11131.6,6922.5,0.0000,3418.7484,4208.9000,1632.0000,4207.5098,4.9500,648.8760,-0.4935,2135.9779,0.0613,0.1525,16.6378,0.3540,1489.5324
11131.6,5297.6,0.0000,1114.5936,5833.6000,1635.0000,5834.2685,4.7146,222.1111,0.3597,-2098.5494,0.1320,0.3276,12.8682,0.2677,1561.5599
11131.6,5733.3,0.0000,31710.5376,5397.8000,1640.7000,5397.1000,5.3549,5563.5531,-3.6931,20032.4871,0.0526,0.1315,113.2147,2.5025,13506.1713
11131.6,3922.71,0.0000,3311.3340,7208.1000,1640.7000,7207.3884,6.7832,458.6380,-0.4118,2976.7475,0.0653,0.1663,9.1614,0.2277,1641.5794
11131.6,6226.6,0.0000,650.3761,4904.7000,1641.0000,4904.9020,4.5171,135.2860,-1.6962,8433.8008,0.3379,0.9569,21.4947,1.4019,6868.1340
11131.6,6211.4,0.0000,3925.7550,4919.9000,1646.5000,4918.9310,4.9175,750.0383,-0.3009,1575.7467,0.0484,0.1203,15.2819,0.3240,1593.6113
11131.6,5005.69,0.0000,52414.8168,6125.3000,1648.1000,6124.5428,5.7140,8618.1057,-3.9833,24512.0506,0.0473,0.1188,147.9347,3.3770,20685.1463
11131.6,5573.9,0.0000,661.0758,5557.7000,1649.9000,5557.5113,4.8416,128.2822,0.2614,-1301.7218,0.2876,0.7145,15.7729,0.3319,1844.5351
11131.6,4315.22,0.0000,850.2302,6814.4000,1658.6900,6814.8716,5.7810,138.1762,-0.0319,219.1440,0.0856,0.2153,4.2426,0.0975,664.2588
11131.6,5573.9,0.0000,3374.5064,5557.7000,1658.8000,5557.6371,5.2259,606.6695,-0.9073,5063.8623,0.0638,0.1592,15.3370,0.3352,1862.4086
11131.6,6963.3,0.0000,328.3887,4168.1000,1672.6000,4169.1604,4.8990,62.9773,-0.1884,808.5196,0.4627,1.1508,12.3138,0.2610,1087.7267
11131.6,6579.6,0.0000,2383.0735,4551.7000,1672.9000,4551.6234,4.7067,475.6917,0.1097,-491.1585,0.0444,0.1101,9.2824,0.1927,876.8928
11131.6,7228.5,0.0000,543.8539,3902.9000,1678.5000,3903.3507,3.4143,149.6524,0.0973,-375.5490,0.1455,0.3554,13.1504,0.2335,911.0421
11131.6,5458.9,0.0000,446.9230,5673.0000,1683.0000,5672.3778,4.9996,83.9838,-0.2537,1441.2926,0.1608,0.4001,5.5908,0.1195,678.2185
11131.6,5397.0,0.0000,3303.6443,5734.0000,1683.4000,5734.6931,5.8600,529.6573,-0.2909,1665.7299,0.0786,0.1978,14.7326,0.3407,1953.2856
11131.6,6090.9,0.0000,186.4968,5040.4000,1690.5000,5040.1726,4.7143,37.1665,-0.1310,662.5103,0.3593,0.8911,5.8614,0.1217,613.4636
11131.6,6922.5,0.0000,706.3311,4208.9000,1690.8000,4209.5012,4.4143,150.3307,-0.0114,49.7595,0.2024,0.5008,14.2599,0.2874,1209.3707
11131.6,6093.9,0.0000,363.8159,5037.4000,1692.9000,5038.4759,6.4330,53.1333,-0.1704,858.7217,0.4215,1.0703,7.2273,0.1756,884.1898
11131.6,7096.3,0.0000,3005.7828,4035.1000,1699.7000,4034.6864,4.6103,612.5339,-0.8125,3304.2142,0.0486,0.1203,13.3444,0.2741,1106.1278
11131.6,4358.44,0.0000,1360.5829,6772.3000,1701.9000,6771.5969,6.7301,189.9356,0.0188,-124.1549,0.0923,0.2349,5.4066,0.1338,906.2318
11131.6,7106.1,0.0000,1236.8734,4025.3000,1709.1000,4025.4629,4.4960,258.4663,0.2409,-967.0988,0.1135,0.2808,13.4955,0.2739,1102.3046
11131.6,4650.3,0.0000,1001.5060,6480.2000,171.3000,6479.2519,7.2759,129.3201,-0.6358,4113.5788,0.2374,0.6088,8.7591,0.2256,1461.9670
11131.6,6813.8,0.0000,574.2962,4317.6000,1715.7000,4317.4539,4.8610,110.9965,0.0671,-287.0355,0.1809,0.4496,8.5517,0.1803,778.3798
11131.6,5025.73,0.0000,4736.8321,6103.4500,1718.3000,6103.8060,5.6214,791.6645,0.0303,-167.8730,0.0570,0.1431,16.6491,0.3773,2302.3330
11131.6,7458.9,0.0000,760.1678,3672.5000,1724.5000,3672.7019,3.6154,197.5416,-0.4716,1816.4578,0.1132,0.2772,12.7643,0.2329,855.0097
11131.6,4011.4,0.0000,526.6347,7119.7000,1727.5000,7120.2335,5.5247,89.5569,0.1942,-1381.5852,0.1351,0.3388,4.5399,0.1021,726.9937
11131.6,7228.5,0.0000,1384.2229,3902.9000,1727.6000,3902.8253,3.8488,337.8906,0.3007,-1078.8179,0.0664,0.1631,12.0417,0.2266,883.9665
11131.6,6963.3,0.0000,767.6615,4168.1000,1731.0000,4168.1314,4.8354,149.1542,0.1687,-695.0085,0.1601,0.3977,10.2232,0.2150,895.9063
11131.6,4399.2,0.0000,838.4034,6731.9000,1742.1100,6730.9686,7.5034,104.9774,-0.0145,96.9005,0.1074,0.2762,3.1188,0.0815,548.3878
11131.6,6226.6,0.0000,475.7077,4904.7000,1745.5000,4904.7320,5.0219,88.9967,-0.2533,1252.4444,0.2616,0.6905,9.6753,0.4339,2126.3574
11131.6,4409.176,0.0000,339.6661,6721.0000,1752.6290,6720.5439,6.3971,49.8848,-0.1436,967.2302,0.1891,0.4791,3.0595,0.0738,496.3406
11131.6,6849.48,0.0000,388.9453,4281.9000,1753.1000,4279.7771,5.0998,71.6529,0.2757,-1183.0338,0.2863,0.7140,8.3320,0.1802,771.3827
11131.6,4051.9,0.0000,116.7623,7079.7000,1765.9000,7080.8215,5.4777,20.0265,-0.0535,378.7830,0.4218,1.0583,3.1975,0.0718,508.3109
11131.6,5548.68,0.0000,388.1601,5582.4000,1771.9000,5581.3581,6.6337,54.9740,0.0165,-43.0044,0.4319,1.0977,7.4266,0.1826,1019.2616
11131.6,5866.82,0.0000,10983.7055,5264.4000,1773.3000,5263.6744,5.1965,1985.8002,-0.7833,4200.3321,0.0460,0.1147,36.3902,0.7927,4173.0080
11131.6,5130.22,0.0000,15798.6141,6001.3000,1773.3000,6000.4367,5.6502,2626.9621,-1.2541,7558.5461,0.0454,0.1138,43.7066,0.9924,5955.6160
11131.6,3661.527,0.0000,126.5260,7468.6000,1777.9730,7468.9824,6.4868,18.3253,0.0213,-158.9292,0.3475,0.8819,2.0370,0.0496,370.2157
11131.6,5096.87,0.0000,5951.4837,6034.4000,1788.5000,6033.5685,5.3566,1043.8506,-0.7668,4636.0664,0.0727,0.1818,29.3597,0.6492,3917.6367
11131.6,6922.5,0.0000,530.5615,4208.9000,1791.1000,4208.7523,5.3372,93.3943,0.1097,-461.5986,0.2234,0.5584,8.0982,0.1789,752.5632
11131.6,5733.3,0.0000,4738.8858,5397.8000,1810.3000,5397.0489,5.3499,832.2057,-0.2699,1468.6682,0.0646,0.1614,20.8052,0.4597,2480.8426
11131.6,6211.4,0.0000,1880.4893,4919.9000,1812.0000,4919.0152,5.3537,330.0057,0.1927,-924.5838,0.1177,0.2942,15.0299,0.3322,1634.0211
11131.6,5594.16,0.0000,855.7637,5537.4400,1816.3000,5537.5592,5.0479,159.2744,0.0600,-329.9649,0.1503,0.3742,9.8165,0.2109,1167.5685
11131.6,5733.3,0.0000,4019.1324,5397.8000,1819.3000,5397.1175,5.4423,693.8203,-0.7196,3900.3293,0.0815,0.2038,21.5174,0.4794,2587.4624
11131.6,2978.1,0.0000,182.4382,8151.0000,1821.5000,8150.8002,6.2231,27.5430,-0.0020,16.8232,0.1412,0.3569,1.2966,0.0309,251.5543
11131.6,4479.9,0.0000,2532.7580,6651.3000,1822.6300,6650.6486,6.1916,384.3187,-0.3922,2612.9081,0.0627,0.1585,8.0774,0.1918,1275.7649
11131.6,5502.096,0.0000,1002.8136,5628.9000,1825.9000,5628.5935,5.0221,187.6356,-1.0904,6154.0332,0.1051,0.3081,8.5604,0.4098,2310.9505
11131.6,6963.3,0.0000,290.3973,4168.1000,1831.3000,4168.6208,2.4326,112.1565,0.5698,-2370.4187,0.1825,0.4390,17.2718,0.2597,1082.2735
11131.6,5548.68,0.0000,668.7028,5582.4000,1836.6000,5581.0778,5.4025,116.2893,0.0524,-290.1269,0.2319,0.5804,10.3458,0.2300,1283.7151
11131.6,4884.02,0.0000,247.7247,6247.2000,1839.2000,6245.6820,8.3303,27.9391,0.0420,-265.9219,0.5259,1.3714,3.6609,0.1013,633.1109
11131.6,5502.096,0.0000,488.9174,5628.9000,1839.7000,5628.9750,6.2362,73.6574,-0.3078,1733.4416,0.2517,0.6366,6.1669,0.1472,828.2294
11131.6,5130.22,0.0000,232.0839,6001.3000,1844.7000,5999.7891,5.5275,39.4470,-0.0705,423.7710,0.3963,0.9937,5.8621,0.1319,791.5821
11131.6,5775.76,0.0000,1048.4304,5355.7000,1852.3000,5355.0681,5.8443,168.5425,-0.3233,1732.6449,0.1698,0.4271,10.1522,0.2343,1254.4843
11131.6,6211.4,0.0000,5161.5321,4919.9000,1852.4000,4919.0049,5.0036,969.1669,-0.3615,1787.1857,0.0432,0.1076,17.3306,0.3705,1822.6712
11131.6,5775.76,0.0000,1853.1960,5355.7000,1860.2000,5356.3383,5.3101,327.8820,0.1530,-828.8480,0.1202,0.3007,15.3826,0.3395,1817.6341
11131.6,4904.58,0.0000,370.5684,6226.7000,1860.8000,6225.1138,7.2018,48.3421,-0.0595,370.5171,0.2568,0.6580,3.5783,0.0917,571.1980
11131.6,5221.4,0.0000,446.6404,5909.8000,1863.2000,5909.3559,6.0446,70.7263,-0.3717,2203.0211,0.2534,0.9550,8.7485,0.5744,3402.3501
11131.6,5783.15,0.0000,491.6733,5348.1000,1867.4000,5348.8376,5.0649,91.2031,-0.1789,968.4766,0.2647,0.6594,9.8688,0.2125,1136.1415
11131.6,5548.68,0.0000,943.9147,5582.4000,1872.7000,5581.4294,5.5448,159.9362,-0.0722,736.5515,0.2482,0.6219,14.8352,0.3337,1863.0268
11131.6,5230.33,0.0000,94907.6696,5900.9000,1872.7000,5900.2468,5.6182,15871.1360,-6.9583,41245.8076,0.0447,0.1121,261.6217,5.9214,34935.7608
11131.6,5892.5,0.0000,479.2764,5238.8000,1878.7000,5239.7545,5.6974,79.0334,0.0899,-469.4585,0.2832,0.7126,8.1494,0.1866,977.2005
11131.6,3044.292,0.0000,7101.0761,8086.4000,1887.3400,8085.7337,7.4898,890.7523,-0.5315,4320.8715,0.0799,0.2055,19.7271,0.5149,4163.9366
11131.6,7482.3,0.0000,482.3304,3649.1000,1907.7000,3649.3321,4.4590,101.6261,0.1842,-668.6251,0.1521,0.3760,7.1671,0.1448,528.5200
11131.6,7458.9,0.0000,622.3898,3672.5000,1911.6000,3672.7440,4.4990,129.9718,0.3007,-1078.9162,0.2472,0.6117,14.7727,0.3000,1101.5469
11131.6,4196.1,0.0000,2233.8311,6935.2000,1912.1800,6934.4212,6.5440,320.7049,-0.2325,1617.8938,0.0877,0.2226,8.9155,0.2177,1509.6967
11131.6,5827.1,0.0000,3402.3028,5304.2000,1912.6000,5303.4962,5.4364,587.9829,-0.5576,2973.1876,0.0654,0.1636,14.6520,0.3264,1731.2917
11131.6,5221.4,0.0000,1320.1484,5909.8000,1912.6000,5910.2060,6.2456,198.5850,-0.0297,186.4841,0.1127,0.2852,7.4329,0.1777,1049.8112
11131.6,6922.5,0.0000,2188.6361,4208.9000,1916.2000,4208.0103,5.1899,396.2017,-0.4250,1793.3616,0.0727,0.1814,11.4998,0.2503,1053.3463
11131.6,5230.33,0.0000,6089.8954,5900.9000,1922.4000,5900.2653,5.3562,1068.2089,-0.4743,2813.2014,0.0456,0.1140,18.8412,0.4166,2457.6434
11131.6,6575.2,0.0000,267.6312,4556.1200,1922.8000,4556.6996,3.2029,78.5048,0.6542,-2966.3312,0.2601,0.6336,13.1382,0.2258,1028.9200
11131.6,5289.25,0.0000,1910.5771,5841.9000,1931.2000,5841.4831,5.6787,316.0929,-0.1963,1145.5274,0.1001,0.2512,11.5460,0.2628,1534.8292
11131.6,7228.5,0.0000,3065.0794,3902.9000,1938.4000,3903.3488,5.9403,484.7702,0.1401,-512.3824,0.1051,0.2651,17.7960,0.4152,1619.7814
11131.6,5005.69,0.0000,1237.8641,6125.3000,1961.0000,6124.7165,4.2416,274.1852,-5.4617,33533.9759,0.3420,0.8433,45.6891,0.9010,5518.7151
11131.6,7482.3,0.0000,926.8124,3649.1000,1978.1000,3649.3070,3.6450,238.8856,0.0139,-44.4650,0.0862,0.2110,11.6553,0.2134,778.6991
11131.6,5025.73,0.0000,821.4500,6103.4500,1981.9000,6103.6394,5.6244,137.2172,-0.2141,1308.2568,0.1021,0.2561,5.1615,0.1169,713.6969
11131.6,5995.68,0.0000,2987.6290,5135.8000,1983.3000,5135.4728,5.5659,504.3055,-0.1961,1026.9109,0.0584,0.1463,10.9594,0.2470,1268.1518
11131.6,5908.2,0.0000,2418.2403,5223.1000,1984.1000,5223.2188,4.7892,474.3945,-0.2892,1522.4494,0.0555,0.1377,11.3728,0.2380,1243.0920
11131.6,5342.2,0.0000,1549.5940,5789.5000,1984.2000,5788.3554,5.6807,256.2832,-0.2309,1338.2814,0.0930,0.2334,8.6947,0.1980,1146.1269
11131.6,5297.6,0.0000,1556.3859,5833.6000,1989.1700,5833.2898,5.9798,244.5277,-0.9980,5816.2350,0.1995,0.5025,16.9122,0.3947,2302.4696
11131.6,4650.3,0.0000,19158.1774,6480.2000,1992.8000,6479.5099,6.0821,2959.3708,-1.4767,9611.2172,0.0489,0.1233,49.3300,1.1614,7525.9919
11131.6,5908.2,0.0000,2332.0634,5223.1000,1993.1000,5223.0121,5.1382,426.4103,-0.0894,520.0340,0.0683,0.1702,11.7302,0.2541,1327.0807
11131.6,5297.6,0.0000,7343.0205,5833.6000,1995.8000,5833.5300,5.7960,1190.2779,-1.7354,10182.5717,0.0815,0.2049,34.6978,0.7977,4653.0472
11131.6,7228.5,0.0000,3578.4132,3902.9000,1997.0000,3904.0298,7.3289,458.7249,-0.4891,1939.9267,0.1413,0.3640,18.3774,0.4789,1868.1772
11131.6,5775.76,0.0000,2815.5598,5355.7000,1998.6000,5354.8985,5.2147,507.2631,-0.1166,661.4166,0.0735,0.1834,14.8076,0.3231,1730.1131
11131.6,6566.5,0.0000,974.4892,4564.8000,2000.5000,4564.8441,4.5176,202.6607,-0.0169,79.8414,0.1140,0.2821,10.5770,0.2153,982.4370
11131.6,5289.25,0.0000,985.7204,5841.9000,2003.5000,5841.8070,5.0548,183.2101,0.8161,-4795.6565,0.4930,1.2282,37.0012,0.7957,4647.6219
11131.6,5058.45,0.0000,334.1516,6072.7000,2012.4000,6073.1063,4.6720,67.1954,0.0046,-20.5675,0.2902,0.7199,8.6381,0.1788,1085.8463
11131.6,6579.6,0.0000,669.6760,4551.7000,2013.6000,4551.3589,5.0832,123.7731,0.1788,-806.1131,0.1445,0.3601,7.2872,0.1570,714.6691
11131.6,6922.5,0.0000,416.1534,4208.9000,2015.5000,4209.1602,4.0827,95.7646,0.3754,-1570.2668,0.1917,0.4720,9.2903,0.1800,757.5285
11131.6,3913.8,0.0000,220.2136,7215.8000,202.1000,7214.5374,1.8151,113.9813,0.1561,-1124.5244,0.2821,0.5850,33.4743,0.4579,3303.5974
11131.6,7254.4,0.0000,1137.1378,3877.0000,2024.3000,3875.4347,4.3159,247.5372,0.0055,-17.5627,0.1367,0.3377,16.2083,0.3232,1253.0727
11131.6,6040.0,0.0000,275.6362,5091.6000,2027.9000,5090.6996,4.5544,56.8599,0.2227,-1129.8649,0.3287,0.8137,8.4886,0.1733,882.4685
11131.6,6226.6,0.0000,3795.9572,4904.7000,2029.3000,4904.8170,4.9171,725.2933,-0.5301,2600.1503,0.0637,0.1585,19.4667,0.4130,2025.2727
11131.6,5342.2,0.0000,208.2951,5789.5000,2033.8000,5787.7844,5.3166,36.8081,-0.0065,40.6130,0.2830,0.7077,4.0601,0.0896,518.8128
11131.6,6600.1,0.0000,1098.0648,4531.3000,2033.9000,4531.4911,4.4863,229.9529,-0.2625,1200.0868,0.0932,0.2305,9.8786,0.2003,907.3911
11131.6,5397.0,0.0000,200.0854,5734.0000,2037.9000,5735.5890,4.2527,44.2031,0.0969,-551.4432,0.3413,0.8428,7.3359,0.1452,832.5989
11131.6,5096.87,0.0000,866.8778,6034.4000,2052.1000,6033.5654,5.1395,158.4676,0.0747,-448.0174,0.1230,0.3068,7.8568,0.1702,1027.2961
11131.6,6146.14,0.0000,19416.0271,4984.4000,2053.9000,4983.5190,4.9310,3699.3648,-1.2596,6315.4904,0.0313,0.0780,48.6807,1.0337,5152.0904
11131.6,5342.2,0.0000,419.7062,5789.5000,2056.9000,5788.6771,5.2401,75.2507,-0.1937,1119.3397,0.1915,0.4779,5.6950,0.1246,721.1431
11131.6,5775.76,0.0000,2186.5931,5355.7000,2063.2000,5354.8417,5.3530,383.7722,-0.1098,589.6649,0.0793,0.1983,11.7810,0.2604,1394.3086
11131.6,5995.68,0.0000,509.1937,5135.8000,2071.6000,5135.8961,3.7627,127.1394,0.3590,-1828.8614,0.1622,0.3978,11.3147,0.2105,1081.1237
11131.6,5733.3,0.0000,186.4607,5397.8000,2071.7000,5396.7404,2.8520,61.4234,-0.1920,1037.8841,0.2462,0.5974,10.9167,0.1772,956.4449
11131.6,5130.22,0.0000,908.0613,6001.3000,2085.2000,6000.1424,6.1603,138.4884,0.0363,-216.7100,0.1342,0.3390,6.2571,0.1484,890.4308
11131.6,5397.0,0.0000,10329.5046,5734.0000,2088.0000,5734.8402,5.6464,1718.7323,-0.5979,3448.5986,0.0599,0.1505,37.8272,0.8591,4925.8363
11131.6,6672.92,0.0000,19923.1694,4457.9000,2088.2000,4457.1315,4.7499,3940.6905,-0.7579,3422.5934,0.0283,0.0701,48.5087,1.0111,4506.2336
11131.6,7228.5,0.0000,877.6031,3902.9000,2097.3000,3902.8416,5.3491,154.1402,0.3299,-1264.6634,0.1635,0.4088,9.7604,0.2158,842.1532
11131.6,5775.76,0.0000,17609.0541,5355.7000,2099.3000,5354.9746,5.3755,3077.6165,-1.5252,8210.5740,0.0455,0.1137,53.9462,1.1947,6397.5765
11131.6,5458.9,0.0000,4431.5453,5673.0000,2100.5800,5672.2264,5.5483,750.4084,-0.9230,5244.0230,0.0607,0.1521,17.0056,0.3828,2171.9776
11131.6,3922.71,0.0000,3499.9366,7208.1000,211.3000,7207.1298,7.1984,456.7997,-1.1955,8645.4819,0.1594,0.4084,20.9946,0.5381,3878.6372
11131.6,4399.2,0.0000,655.7723,6731.9000,2115.5000,6731.3314,7.5280,81.8421,0.0142,-94.1425,0.1976,0.5081,4.4571,0.1167,785.1621
11131.6,7254.4,0.0000,1904.6778,3877.0000,2124.6000,3875.5256,4.2920,416.9277,0.0993,-369.1065,0.0944,0.2333,18.9704,0.3771,1462.1704
11131.6,3301.36,0.0000,8187.7353,7829.3000,2144.2700,7828.6933,7.1231,1079.9250,-0.7136,5611.6313,0.0800,0.2046,25.1638,0.6406,5015.3136
11131.6,4803.6,0.0000,1157.0036,6328.3000,2145.5200,6327.7328,5.5705,195.1396,-0.1919,1250.1513,0.0713,0.1787,5.1747,0.1166,738.0751
11131.6,6507.1,0.0000,1510.3759,4624.9000,2150.5000,4624.8268,3.7198,381.4739,-2.9899,14183.7930,0.2181,0.5347,46.1752,0.8543,3950.2920
11131.6,3307.872,0.0000,2599.1935,7822.3000,2150.8050,7822.0600,7.2878,335.0770,-0.1981,1558.3817,0.0856,0.2193,8.1650,0.2102,1644.1914
11131.6,5458.9,0.0000,689.4644,5673.0000,2150.9000,5672.0180,5.4397,119.0789,0.1127,-459.3846,0.2386,0.5973,10.8222,0.2414,1369.5770
11131.6,5866.82,0.0000,1601.8072,5264.4000,2154.6000,5263.5647,5.2014,289.3285,-0.4077,2147.0258,0.0961,0.2397,11.0687,0.2413,1270.0286
11131.6,5935.8,0.0000,372.2270,5195.5000,2158.5000,5194.7511,5.2315,66.8472,-0.1176,610.8028,0.2431,0.6067,6.4333,0.1406,730.4115
11131.6,7458.9,0.0000,1866.7656,3672.5000,2168.5000,3672.6086,4.2889,408.9291,0.3520,-1290.5948,0.0827,0.2040,16.2925,0.3231,1186.5033
11131.6,4833.519,0.0000,133.9667,6297.6000,2176.0000,6297.4842,7.4897,16.8049,0.0516,-324.4139,0.4261,1.0954,1.9839,0.0518,326.2111
11131.6,6093.9,0.0000,1960.4997,5037.4000,2178.6000,5037.3993,4.9128,374.9199,-0.0048,33.2564,0.0593,0.1473,9.3621,0.1984,999.3936
11131.6,5892.5,0.0000,2637.1130,5238.8000,2178.6000,5239.4508,5.5033,450.2026,-0.5790,3031.2448,0.0856,0.2147,14.5174,0.3262,1708.5915
11131.6,6579.6,0.0000,2069.6171,4551.7000,2179.3000,4551.6932,4.6929,414.3323,-1.0043,4579.7509,0.0652,0.1617,11.9134,0.2470,1123.9377
11131.6,5230.33,0.0000,12935.5533,5900.9000,2186.2000,5900.2955,5.6476,2151.9054,-0.9885,5856.7431,0.0485,0.1216,38.2759,0.8686,5124.5225
11131.6,7096.3,0.0000,1446.2180,4035.1000,2190.3000,4034.6983,5.2707,257.7915,-0.2329,954.4052,0.0892,0.2227,9.0337,0.1982,799.6038
11131.6,5548.68,0.0000,726.3545,5582.4000,2191.0000,5581.8883,3.9414,173.1398,0.0095,-49.8305,0.1214,0.2982,11.0109,0.2095,1169.2092
11131.6,5502.096,0.0000,4745.0276,5628.9000,2193.2000,5629.0049,5.7261,778.5382,0.0504,-284.3239,0.0589,0.1479,16.5938,0.3797,2136.5733
11131.6,3357.29,0.0000,10280.8361,7773.4000,2200.1000,7772.6979,6.9847,1382.8769,-0.6686,5230.9349,0.0810,0.2069,33.2958,0.8393,6524.3196
11131.6,6566.5,0.0000,519.1099,4564.8000,2206.6000,4564.5953,6.3977,76.2318,-0.0635,280.2891,0.4090,1.0362,10.1093,0.2441,1113.9184
11131.6,5892.5,0.0000,814.5154,5238.8000,2214.5000,5238.7936,5.2079,146.9393,-0.2950,1550.3004,0.1361,0.3397,7.9528,0.1736,909.0130
11131.6,6226.6,0.0000,409.1423,4904.7000,2214.8000,4904.0669,5.3372,72.0214,0.0627,-301.3155,0.2081,0.5201,5.8177,0.1284,629.6038
11131.6,5573.9,0.0000,1149.7030,5557.7000,2215.2000,5557.4555,5.7780,186.9420,-0.0488,266.9100,0.1259,0.3163,8.4412,0.1938,1076.6492
11131.6,6579.6,0.0000,1129.7362,4551.7000,2219.8000,4551.7923,4.9531,214.2907,-0.6116,2790.3395,0.1327,0.3302,11.8861,0.2531,1151.6435
11131.6,5935.8,0.0000,2542.1325,5195.5000,2223.1000,5195.0655,5.0190,475.8606,-0.2552,1365.3457,0.0840,0.2092,16.4962,0.3532,1835.0360
11131.6,6146.14,0.0000,1521.1299,4984.4000,2223.3000,4983.5854,5.5711,256.5232,0.1629,-774.4669,0.0947,0.2374,9.0359,0.2037,1015.3004
11131.6,5289.25,0.0000,436.3120,5841.9000,2244.2000,5841.9066,5.0680,80.8831,0.1334,-776.5072,0.1909,0.4757,6.3090,0.1359,793.6521
11131.6,5548.68,0.0000,628.9514,5582.4000,2247.7000,5580.9584,8.5212,69.3456,0.1057,-571.1890,0.4114,1.0748,6.9454,0.1941,1083.8263
11131.6,4904.58,0.0000,7123.5491,6226.7000,2248.2000,6224.9116,6.1228,1093.0746,-0.4611,2886.5686,0.0609,0.1537,22.5366,0.5332,3319.9141
11131.6,7254.4,0.0000,1008.3811,3877.0000,2248.7000,3875.6093,4.0018,236.7414,0.1537,-566.4795,0.0933,0.2295,11.3987,0.2189,848.5959
11131.6,6575.2,0.0000,1177.5985,4556.1200,2258.2000,4556.0521,4.5650,242.3586,-0.0622,290.3311,0.0796,0.1970,8.7370,0.1786,813.6704
11131.6,5935.8,0.0000,2559.9991,5195.5000,2258.7000,5195.0271,5.0739,474.0227,-0.0985,514.0818,0.0482,0.1201,9.3232,0.2007,1042.6507
11131.6,5573.9,0.0000,1206.0297,5557.7000,2264.6000,5557.8334,5.5440,204.3785,-0.0306,173.5246,0.1093,0.2740,8.3524,0.1880,1044.5783
11131.6,6672.92,0.0000,2463.7303,4457.9000,2273.9500,4457.3124,5.1989,445.2246,0.5047,-2243.0369,0.0579,0.1444,10.2671,0.2237,997.0299
11131.6,7703.6,0.0000,541.4986,3427.9000,2281.2000,3426.7461,3.9224,129.7022,-0.5576,1971.9338,0.2712,0.6663,18.5209,0.3515,1204.6368
11131.6,4564.87,0.0000,4684.7493,6566.4000,2281.7000,6565.7111,6.3921,688.5681,-0.5726,3766.2111,0.0444,0.1124,9.9141,0.2391,1570.2856
11131.6,5995.68,0.0000,1096.2536,5135.8000,2282.2000,5135.5153,5.1837,198.6891,-0.3953,2052.8121,0.0931,0.2321,7.3870,0.1608,825.4492
11131.6,6211.4,0.0000,480.3593,4919.9000,2289.2000,4918.9040,6.7272,67.0863,0.0174,-75.0762,0.3051,0.7760,6.3120,0.1561,768.0802
11131.6,5594.16,0.0000,2383.9231,5537.4400,2291.4000,5537.2861,5.5294,405.0549,-0.1589,882.2615,0.0776,0.1945,11.7849,0.2647,1465.4075
11131.6,7096.3,0.0000,302.8136,4035.1000,2292.7000,4034.8791,3.5884,79.2817,-0.3358,1363.9580,0.1668,0.4081,7.6034,0.1381,557.4154
11131.6,5342.2,0.0000,1564.5789,5789.5000,2297.3000,5788.4195,5.4133,271.5439,-0.1946,1146.7643,0.0723,0.1810,7.5193,0.1672,967.8121
11131.6,6211.4,0.0000,14483.6501,4919.9000,2297.5000,4918.9799,4.8804,2788.2223,-1.1518,5717.2129,0.0379,0.0941,44.7594,0.9454,4650.2057
11131.6,8315.6,0.0000,314.1983,2815.9000,2300.3000,2816.2232,3.5499,83.1548,0.6909,-1881.0953,0.4343,1.0628,20.9915,0.3798,1069.1271
11131.6,4584.08,0.0000,14084.7383,6546.6000,2300.6000,6545.8996,6.1199,2162.2501,-0.9640,6343.9858,0.0596,0.1504,43.6619,1.0307,6746.8301
11131.6,6672.92,0.0000,1916.3454,4457.9000,2313.6000,4459.1050,6.8254,263.7836,-0.1130,504.5551,0.1086,0.2779,8.7229,0.2193,977.1802
11131.6,8315.6,0.0000,304.4974,2815.9000,2319.6000,2815.7456,4.2212,67.7725,0.1707,-469.7301,0.5519,1.3610,18.3159,0.3605,1014.7771
11131.6,7458.9,0.0000,342.6550,3672.5000,2327.3000,3672.2717,3.3532,96.0067,-0.2709,997.9132,0.2505,0.6113,14.7875,0.2599,954.3379
11131.6,5375.0,0.0000,1571.3643,5756.3000,2333.3000,5752.3785,6.2273,237.0703,-0.3027,1751.4794,0.0784,0.2005,6.2159,0.1515,872.3806
11131.6,6922.5,0.0000,858.1378,4208.9000,2337.5000,4208.0793,5.1608,156.2212,0.1140,-471.2172,0.1627,0.4056,10.1979,0.2214,931.5227
11131.6,6922.5,0.0000,2259.5724,4208.9000,2356.6000,4209.0316,4.6404,457.4777,-0.0883,377.5914,0.0420,0.1041,8.5667,0.1767,743.6563
11131.6,4650.3,0.0000,878.5811,6480.2000,2367.6000,6478.6559,6.9575,118.6401,0.0546,-354.8670,0.1366,0.3491,4.8353,0.1221,791.2649
11131.6,6566.5,0.0000,141.4478,4564.8000,2369.8000,4564.8445,4.3601,30.4787,-0.1224,560.3268,0.4829,1.1929,6.9796,0.1396,637.1165
11131.6,5025.73,0.0000,237.2484,6103.4500,2369.8000,6102.9090,6.9844,31.9136,0.0586,-354.7041,0.4321,1.1028,4.0964,0.1032,630.1005
11131.6,5733.3,0.0000,11372.5550,5397.8000,2376.1000,5397.1439,5.3642,1991.8543,-0.8207,4452.2537,0.0443,0.1107,34.0590,0.7535,4066.6235
11131.6,6575.2,0.0000,651.4010,4556.1200,2378.1000,4556.5142,4.8234,126.8813,-0.3355,1554.8044,0.1954,0.4854,10.6399,0.2235,1018.2527
11131.6,6093.9,0.0000,1243.3012,5037.4000,2380.7000,5037.3228,5.2940,220.6453,0.0277,-133.0742,0.0736,0.1840,6.3584,0.1398,704.0541
11131.6,6600.1,0.0000,214.8865,4531.3000,2403.3000,4531.1664,4.0345,50.0399,0.0302,-135.6598,0.2747,0.6757,7.0378,0.1354,613.5870
11131.6,7411.8,0.0000,491.2896,3719.6000,2405.0000,3719.2139,3.9085,118.0930,-0.3124,1166.7365,0.1643,0.4034,10.2483,0.1942,722.0770
11131.6,6813.8,0.0000,718.7498,4317.6000,2413.5000,4317.5650,5.0365,134.0757,0.2556,-1094.9894,0.1844,0.4591,10.1625,0.2181,941.3572
11131.6,5458.9,0.0000,561.6587,5673.0000,2414.0000,5671.7378,6.3158,83.5492,-0.0260,142.9700,0.2138,0.5417,5.8693,0.1411,800.6850
11131.6,5775.76,0.0000,1445.4088,5355.7000,2417.3000,5355.6210,5.9540,228.0780,0.1273,-678.6980,0.1126,0.2837,8.9443,0.2084,1116.0373
11131.6,5092.86,0.0000,404.8709,6038.3000,2435.3000,6038.3388,6.3289,60.1022,-0.0479,290.8641,0.1927,0.4878,3.7968,0.0911,550.3014
11131.6,5733.3,0.0000,4537.6217,5397.8000,2448.2000,5397.1198,5.2115,818.0262,-0.1655,899.2328,0.0621,0.1550,20.1936,0.4405,2377.1571
11131.6,6849.48,0.0000,756.0407,4281.9000,2451.1000,4280.0784,5.1302,138.4559,0.3154,-1344.6773,0.1576,0.3929,8.8068,0.1908,817.0104
11131.6,7458.9,0.0000,475.5481,3672.5000,2451.8000,3672.3359,3.5194,126.9496,-0.1418,523.1252,0.1508,0.3687,11.2220,0.2020,741.6252
11131.6,5502.096,0.0000,241.2819,5628.9000,2458.1000,5628.4108,7.1406,31.7460,0.1599,-902.3358,0.8133,2.0806,7.5030,0.1913,1076.4113
11131.6,5775.76,0.0000,1414.8807,5355.7000,2466.2000,5355.6115,5.1457,258.3291,-0.2858,1536.0022,0.0815,0.2034,8.4786,0.1839,984.6072
11131.6,5775.76,0.0000,2220.7079,5355.7000,2474.9000,5354.9982,5.7928,360.1651,-0.3234,1743.9103,0.1005,0.2526,12.9540,0.2976,1593.7377
11131.6,6672.92,0.0000,2205.7846,4457.9000,2477.0000,4457.4002,5.1577,401.7982,0.5596,-2485.7137,0.0832,0.2076,13.4279,0.2915,1298.9940
11131.6,6849.48,0.0000,448.8974,4281.9000,2491.7000,4280.2496,4.2675,98.8265,-0.1646,723.4066,0.1814,0.4477,8.6856,0.1719,735.8627
11131.6,4779.32,0.0000,583.0176,6351.7900,2495.8000,6351.1132,6.1161,89.5589,0.1209,-763.8248,0.1283,0.3238,3.8965,0.0920,583.9866
11131.6,6211.4,0.0000,2410.1123,4919.9000,2499.0000,4919.0151,4.9287,459.4162,-0.2497,1233.1393,0.0573,0.1425,11.0556,0.2346,1154.1630
11131.6,3661.527,0.0000,83.6019,7468.6000,2504.3900,7469.7124,6.8093,11.5350,-0.0463,345.3161,0.4237,1.0823,1.4908,0.0373,278.6871
11131.6,5548.68,0.0000,1103.2001,5582.4000,2504.4000,5581.5332,5.5606,186.3932,0.1261,-703.5044,0.1218,0.3054,8.4642,0.1907,1064.2671
11131.6,5866.82,0.0000,9180.1173,5264.4000,2509.2000,5263.6302,5.4128,1593.4003,-0.7392,3898.9421,0.0455,0.1139,27.7706,0.6172,3249.1255
11131.6,6226.6,0.0000,819.7790,4904.7000,2513.4000,4904.7623,5.8041,134.9630,-0.5791,2862.6116,0.1796,0.6665,12.0046,0.7754,3792.7319
11131.6,5827.1,0.0000,4407.0188,5304.2000,2518.8000,5303.6619,5.2536,788.1846,1.1393,-5970.2396,0.0590,0.1692,19.1017,0.8567,4535.4129
11131.6,3676.092,0.0000,1520.9852,7454.4000,2518.9910,7453.7717,6.7577,211.4598,-0.1194,895.0849,0.0760,0.1935,4.9361,0.1224,912.3258
11131.6,7749.0,0.0000,78.1768,3382.5000,2519.3000,3381.2118,2.1555,34.0749,-1.9086,6599.6062,1.5446,3.7475,50.3325,0.7101,2401.7705
11131.6,4803.6,0.0000,1294.9380,6328.3000,2519.3000,6327.8948,7.3896,164.6374,0.4160,-2617.2432,0.1685,0.4324,7.7882,0.2019,1277.6488
11131.6,6922.5,0.0000,617.1982,4208.9000,2521.0000,4208.8075,4.8318,120.0104,0.3803,-1524.1619,0.2140,0.5316,11.0011,0.2314,973.6579
11131.6,7096.3,0.0000,536.0131,4035.1000,2533.5000,4032.2797,4.2223,119.2675,0.0756,-298.5328,0.1401,0.3467,8.1903,0.1624,655.2936
11131.6,6211.4,0.0000,352.5628,4919.9000,2534.7000,4919.0080,5.9573,55.6021,0.3624,-1787.6092,0.3983,1.0031,7.7078,0.1795,883.1753
11131.6,7106.1,0.0000,541.8868,4025.3000,2540.6000,4025.0996,4.0924,124.4037,-0.1054,429.9447,0.1986,0.4888,12.4713,0.2416,972.6172
11131.6,6226.6,0.0000,996.7432,4904.7000,2549.0000,4904.8151,5.4290,172.4904,-0.2572,1261.5145,0.1246,0.3119,8.2035,0.1827,896.0584
11131.6,4833.519,0.0000,1596.7546,6297.6000,2549.2000,6297.7845,6.0786,246.7964,-0.4016,2527.7136,0.1197,0.3020,10.0779,0.2373,1494.4569
11131.6,5908.2,0.0000,1316.3847,5223.1000,2550.1000,5222.6831,5.7642,214.5577,0.1186,-613.7918,0.0933,0.2343,7.1965,0.1650,861.6203
11131.6,5594.16,0.0000,963.7351,5537.4400,2550.3000,5535.9776,5.4007,167.6522,-0.6408,3556.6299,0.1659,0.4153,10.6741,0.2373,1313.9341
11131.6,3711.96,0.0000,165.2770,7418.8000,2554.9000,7417.8126,8.4226,18.4359,-0.0198,146.4101,0.3987,1.0382,1.8094,0.0501,371.7824
11131.6,7955.6,0.0000,711.0799,3175.9000,2558.6000,3176.1496,3.5199,189.7973,-0.0724,237.6360,0.0940,0.2299,10.4573,0.1884,598.1407
11131.6,5935.8,0.0000,2529.9673,5195.5000,2577.8000,5194.9448,5.4306,437.6912,-0.0578,309.3737,0.0427,0.1067,7.1229,0.1585,823.5973
11131.6,5866.82,0.0000,4962.5440,5264.4000,2581.5000,5263.6837,5.2801,882.9992,-0.4210,2224.7782,0.0404,0.1010,14.0054,0.3075,1618.6679
11131.6,5892.5,0.0000,278.4154,5238.8000,2584.0000,5238.0855,5.7707,45.3281,0.0732,-377.4172,0.4059,1.0198,6.6088,0.1516,793.8283
11131.6,6600.1,0.0000,711.9986,4531.3000,2587.7000,4531.4452,4.5812,146.0161,-0.2165,984.6881,0.0914,0.2264,6.0288,0.1235,559.4536
11131.6,5892.5,0.0000,865.2212,5238.8000,2589.3000,5238.7720,7.3250,110.9743,0.0664,-350.2726,0.1647,0.4227,5.1800,0.1339,701.1692
11131.6,4479.9,0.0000,88.7155,6651.3000,2596.1000,6651.5536,3.2744,25.4547,-0.0246,166.1385,0.2873,0.7004,4.6036,0.0800,531.9845
11131.6,5908.2,0.0000,405.7347,5223.1000,2601.4400,5221.7878,6.3793,59.7548,-0.0155,79.2416,0.3017,0.7650,5.8650,0.1417,740.1541
11131.6,7096.3,0.0000,878.1237,4035.1000,2618.2000,4034.1592,4.3699,188.7921,0.3400,-1318.5747,0.1291,0.3188,11.5289,0.2308,931.5387
11131.6,3776.27,0.0000,8720.1713,7354.2000,2619.1600,7353.6362,6.7158,1219.9199,-0.4108,3042.9585,0.0550,0.1400,20.7409,0.5128,3771.0375
11131.6,7749.0,0.0000,111.0501,3382.5000,2619.7000,3382.4066,1.3156,79.3067,-0.7085,2498.9825,0.4823,0.7276,37.0657,0.4734,1601.0429
11131.6,5935.8,0.0000,1289.9226,5195.5000,2627.4000,5195.1213,5.0982,237.7093,-0.2470,1284.4332,0.0908,0.2263,8.7693,0.1892,983.0188
11131.6,3307.872,0.0000,932.1982,7822.3000,263.5300,7818.6500,17.2404,51.4264,0.9996,-7835.7733,1.8461,6.1613,13.6912,0.5400,4232.0686
11131.6,5995.68,0.0000,3368.4648,5135.8000,2637.3000,5135.4481,5.2835,598.9840,-0.4136,2134.6062,0.0601,0.1500,14.1062,0.3098,1590.9843
11131.6,5297.6,0.0000,798.2122,5833.6000,2640.1000,5833.7456,5.6133,133.5975,-0.1488,867.2115,0.1081,0.2712,5.3336,0.1208,704.3376
11131.6,6566.5,0.0000,4065.2207,4564.8000,2642.8000,4564.6958,4.8043,794.9727,0.0506,-229.6059,0.0420,0.1043,14.3773,0.3015,1376.0150
11131.6,6566.5,0.0000,4785.2791,4564.8000,2651.6000,4564.7826,4.7323,950.0354,-0.4644,2132.1592,0.0294,0.0730,12.2289,0.2546,1161.9141
11131.6,7955.6,0.0000,772.0802,3175.9000,2653.8000,3176.2941,3.9264,184.7444,0.3901,-1210.0923,0.1192,0.2931,11.5864,0.2203,699.4866
11131.6,2656.509,0.0000,151.0687,8474.3000,2656.4400,8473.4491,8.0244,17.6874,-0.0115,97.9671,0.2355,0.6101,1.0771,0.0291,246.8561
11131.6,6672.92,0.0000,808.3913,4457.9000,2662.0000,4457.6859,6.4704,117.3788,-0.1732,774.6410,0.2178,0.5524,8.1979,0.1991,887.2638
11131.6,7228.5,0.0000,268.0569,3902.9000,2663.1000,3902.9207,4.2473,59.2944,-0.1987,784.9588,0.3472,0.8565,10.0194,0.1979,772.0359
11131.6,6579.6,0.0000,1506.5592,4551.7000,2664.7000,4551.4799,5.1261,276.1229,-0.3429,1556.6237,0.2346,0.5849,26.1731,0.5664,2577.7640
11131.6,7254.4,0.0000,884.0257,3877.0000,2670.7000,3875.4960,4.3648,190.2835,0.7116,-2728.8235,0.1069,0.2642,9.6371,0.1932,749.0472
11131.6,7703.6,0.0000,438.3317,3427.9000,2675.9000,3427.9090,3.6803,111.8982,-0.0945,330.0716,0.1566,0.3837,9.8265,0.1809,619.8457
11131.6,6040.0,0.0000,6093.5884,5091.6000,2682.8000,5090.8291,5.1442,1112.9101,-0.5758,2944.7502,0.0443,0.1104,19.8431,0.4301,2189.5364
11131.6,6600.1,0.0000,523.7303,4531.3000,2685.1000,4531.5453,4.6749,105.2533,0.0753,-320.8952,0.1382,0.3426,6.4368,0.1332,603.3363
11131.6,5342.2,0.0000,1274.9107,5789.5000,2685.3000,5788.3957,5.5150,217.1879,-0.0079,49.6894,0.0693,0.1736,5.6549,0.1269,734.5745
11131.6,5733.3,0.0000,12087.6770,5397.8000,2688.7000,5397.0734,5.3122,2137.7984,-1.0080,5463.9567,0.0469,0.1172,39.0932,0.8607,4645.4001
11131.6,7096.3,0.0000,135.9147,4035.1000,2696.7000,4034.3997,4.2387,30.1258,0.0136,-52.6745,0.6391,1.5761,9.3882,0.1851,747.0324
11131.6,5995.68,0.0000,776.2360,5135.8000,2709.5000,5135.7916,4.9731,146.6439,-0.7467,3834.6735,0.1275,0.3173,7.7837,0.1661,852.6406
11131.6,5375.0,0.0000,5400.9716,5756.3000,2718.0000,5755.6868,5.6188,903.0937,-0.1659,989.2652,0.0482,0.1209,16.0624,0.3636,2092.8683
11131.6,5005.69,0.0000,54108.1256,6125.3000,2722.4000,6124.5149,5.7831,8790.2771,-4.8420,29776.6175,0.0473,0.1189,149.0578,3.4230,20966.8180
11131.6,6922.5,0.0000,551.5696,4208.9000,2725.0000,4208.1011,5.1337,100.9408,-0.1429,631.6695,0.1690,0.4213,6.8813,0.1490,626.9506
11131.6,5775.76,0.0000,9603.1270,5355.7000,2730.7000,5355.0005,5.4369,1659.4345,-0.6776,3649.9388,0.0516,0.1291,32.6337,0.7267,3891.7231
11131.6,6090.9,0.0000,746.0711,5040.4000,2732.3000,5041.2691,5.4858,127.7737,-0.0138,97.0280,0.1210,0.3032,5.8402,0.1309,659.8565
11131.6,6093.9,0.0000,830.6275,5037.4000,2734.5000,5038.6826,6.3739,122.4342,0.0694,-345.4944,0.1300,0.3299,5.1828,0.1255,631.8733
11131.6,7096.3,0.0000,392.0518,4035.1000,2736.7000,4034.8838,4.6066,79.9585,-0.2605,1057.9422,0.2454,0.6077,8.8092,0.1809,729.8339
11131.6,5025.73,0.0000,1435.6785,6103.4500,2743.4000,6103.7589,5.8546,230.3880,0.3870,-2358.4162,0.1436,0.3614,11.7189,0.2709,1653.1964
11131.6,6672.92,3.0000,2564.5871,4457.9000,2746.5000,4460.9773,7.3532,327.6725,1.0392,-4465.4193,2.1906,5.7314,203.8708,5.4737,24380.7418
11131.6,7106.1,0.0000,749.5154,4025.3000,2746.7000,4025.4564,5.4261,129.7752,-0.2987,1218.9954,0.2745,0.6868,13.6024,0.3027,1218.3749
11131.6,6922.5,0.0000,314.8175,4208.9000,2752.9000,4208.9639,4.3244,68.3960,-0.0212,102.5301,0.1931,0.4770,6.3159,0.1258,529.5359
11131.6,6672.92,0.0000,5458.6261,4457.9000,2758.5000,4459.9628,6.8646,747.0863,-0.3830,1716.3454,0.1074,0.2763,24.3277,0.6191,2757.9739
11131.6,8315.6,0.0000,325.8022,2815.9000,2765.7000,2814.9524,4.9565,61.7564,0.4591,-1271.2777,0.5420,1.3481,13.9797,0.2975,837.5060
11131.6,4650.3,0.0000,1762.6197,6480.2000,2767.2000,6479.4954,6.2282,265.8868,-0.1686,1098.3130,0.0804,0.2033,7.1209,0.1696,1099.2459
11131.6,5058.45,0.0000,459.3359,6072.7000,2774.2000,6072.6742,6.0416,71.4296,0.0988,-602.8409,0.2438,0.6149,5.9777,0.1403,851.9743
11131.6,7096.3,0.0000,1890.6370,4035.1000,2780.2000,4034.7928,4.2599,416.9705,-0.2302,937.3778,0.0383,0.0944,7.7454,0.1531,617.6071
11131.6,6093.9,0.0000,3247.4752,5037.4000,2784.8000,5037.5199,5.2960,576.1057,-0.1719,866.8601,0.0421,0.1053,9.4951,0.2088,1051.7868
11131.6,6146.14,0.0000,3163.6958,4984.4000,2789.1000,4983.4863,4.9188,604.2728,-0.4600,2296.3717,0.0405,0.1006,10.2876,0.2182,1087.5142
11131.6,6813.8,0.0000,375.8443,4317.6000,2801.3000,4317.6706,4.4905,78.6345,-0.1090,470.9998,0.2025,0.5010,7.3344,0.1488,642.3037
11131.6,5458.9,0.0000,1143.6972,5673.0000,2801.7300,5672.1440,5.1723,207.7428,-0.2833,1608.1707,0.0843,0.2103,7.0113,0.1525,865.2530
11131.6,3966.38,0.0000,537.2931,7164.6000,2808.3000,7164.7774,7.2525,69.6028,-0.0049,36.2246,0.1414,0.3625,2.8165,0.0724,518.8508
11131.6,5096.87,0.0000,1759.6516,6034.4000,2814.2000,6032.5771,6.6853,247.2902,-0.2437,1465.2706,0.1486,0.3786,11.4119,0.2825,1705.1076
11131.6,5866.82,0.0000,1128.7672,5264.4000,2822.2000,5263.5488,5.2473,202.1013,-0.1275,672.7661,0.0758,0.1893,6.0488,0.1324,697.0577
11131.6,5502.096,0.0000,616.6660,5628.9000,2845.4000,5629.8932,7.3607,78.7104,0.0534,-165.3886,0.4268,1.0995,9.4827,0.2474,1391.9280
11131.6,5892.5,0.0000,601.5389,5238.8000,2846.8000,5239.1339,5.8853,96.0277,-0.4568,2510.6788,0.2555,0.6436,8.6470,0.2006,1050.8129
11131.6,5130.22,0.0000,40400.6738,6001.3000,2846.9000,6000.4465,5.6776,6685.3770,-3.4630,20870.4029,0.0433,0.1087,105.6746,2.4051,14433.6376
11131.6,6566.5,0.0000,467.9656,4564.8000,2852.9000,4564.5996,4.7908,91.7709,-0.1131,521.8233,0.1507,0.3741,5.9729,0.1251,570.7835
11131.6,6211.4,0.0000,853.3546,4919.9000,2853.6000,4919.0215,4.6956,170.7411,-0.2303,1132.6440,0.0775,0.1922,5.8327,0.1209,594.6297
11131.6,8315.6,0.0000,433.5200,2815.9000,2856.4000,2815.6980,3.7678,108.0982,-0.5084,1439.6481,0.2270,0.5567,13.4444,0.2503,704.4912
11131.6,6146.14,0.0000,2941.0408,4984.4000,2861.5000,4983.5107,5.0111,551.4017,0.0470,-215.4856,0.0521,0.1296,11.8648,0.2539,1265.6877
11131.6,5908.2,0.0000,1369.4826,5223.1000,2862.7000,5223.2204,4.7059,273.4079,-0.6617,3478.2176,0.0651,0.1655,7.8745,0.2231,1166.6093
11131.6,6579.6,0.0000,990.4754,4551.7000,2866.3000,4549.2469,8.4770,109.7749,0.1866,-840.9966,0.2119,0.5551,5.6990,0.1598,727.5768
11131.6,7228.5,0.0000,530.1216,3902.9000,2869.0000,3902.6305,4.3939,113.3509,-0.1057,417.5472,0.1637,0.4044,8.7302,0.1752,683.6819
11131.6,6981.69,0.0000,753.0600,4149.7000,2888.9000,4149.5419,3.9069,181.0901,0.3564,-1462.9301,0.1313,0.3225,12.5681,0.2381,987.9139
11131.6,5935.8,0.0000,2142.3585,5195.5000,2890.7000,5195.0479,5.6807,354.3148,-0.0316,172.8726,0.0764,0.1917,9.8730,0.2247,1167.1111
11131.6,6813.8,0.0000,425.6250,4317.6000,2891.1000,4316.6007,4.1487,96.3864,0.1934,-826.3849,0.1538,0.3789,7.3835,0.1440,621.8656
11131.6,5548.68,0.0000,1647.4838,5582.4000,2891.2000,5581.6741,4.9242,314.3276,-0.2522,1416.3646,0.0636,0.1580,8.3975,0.1782,994.5356
11131.6,4051.9,0.0000,1261.2608,7079.7000,2893.1000,7079.8624,7.0059,169.1380,0.0129,-91.2167,0.0711,0.1816,3.5610,0.0900,637.2551
11131.6,6672.92,0.0000,890.5681,4457.9000,2896.7000,4457.2162,4.6357,180.4913,-0.1125,505.5628,0.0737,0.1826,5.9378,0.1223,545.0673
11131.6,6575.2,0.0000,557.0145,4556.1200,2897.2000,4556.6082,5.6406,92.7773,0.0919,-418.8057,0.1776,0.4456,6.0545,0.1374,625.8121
11131.6,6579.6,0.0000,217.2001,4551.7000,2901.4000,4552.0373,5.0811,40.1607,0.0058,-24.1912,0.3522,0.8779,5.7651,0.1244,565.9475
11131.6,6211.4,0.0000,303.8960,4919.9000,2903.4000,4918.2826,4.4766,63.7791,0.1577,-777.2818,0.2577,0.6375,7.5940,0.1538,756.7615
11131.6,6922.5,0.0000,3315.8828,4208.9000,2910.2000,4209.0934,4.4726,696.5236,-0.2341,989.3127,0.0414,0.1025,13.3400,0.2703,1137.4146
11131.6,7482.3,0.0000,530.2018,3649.1000,2916.7000,3649.4329,4.2954,115.9668,-0.1253,470.3481,0.1693,0.4179,9.4503,0.1875,684.3038
11131.6,6226.6,0.0000,1525.8951,4904.7000,2917.5000,4904.8967,5.1326,279.3365,0.2342,-1138.2914,0.0954,0.2747,11.2475,0.4814,2356.0056
11131.6,4803.6,0.0000,640.5625,6328.3000,2919.1000,6327.7286,6.2065,96.9646,0.0200,-118.4858,0.1734,0.4382,5.6193,0.1336,845.3595
11131.6,6226.6,0.0000,1563.1503,4904.7000,2924.0000,4904.6738,5.0510,290.7525,0.1846,-891.3836,0.1014,0.2702,12.3152,0.4241,2076.8020
11131.6,7955.6,0.0000,874.7454,3175.9000,2927.9000,3176.1247,3.2638,251.8019,-0.0799,270.9821,0.0700,0.1707,11.1360,0.1933,613.7317
11131.6,6854.8,0.0000,948.2475,4276.6000,2932.5000,4275.6800,5.1862,171.7818,0.1779,-757.9658,0.1311,0.3271,8.9961,0.1958,837.1723
11131.6,6849.48,0.0000,948.7605,4281.9000,2934.8000,4276.0271,6.7006,133.0285,-0.3564,1533.7626,0.2274,0.5938,9.4500,0.2455,1051.7919
11131.6,5594.16,0.0000,1173.1072,5537.4400,2936.8000,5537.4326,5.7989,190.0616,-0.1508,838.0855,0.0905,0.2275,6.1482,0.1414,782.7229
11131.6,5221.4,0.0000,3670.3683,5909.8000,2937.6000,5909.5611,5.6917,605.8569,-0.8136,4825.7617,0.0816,0.2048,17.9964,0.4101,2423.1470
11131.6,5230.33,0.0000,96658.1658,5900.9000,2947.4000,5900.2224,5.7019,15926.4280,-8.1107,48041.8557,0.0488,0.1226,282.6346,6.4436,38016.8626
11131.6,5995.68,0.0000,2903.9402,5135.8000,2950.5000,5135.4628,5.2484,519.8342,-0.3219,1784.5234,0.0526,0.1314,10.7971,0.2364,1213.8005
11131.6,6672.92,0.0000,2719.5597,4457.9000,2957.6000,4460.8432,4.8615,525.5702,-0.7925,3529.6374,0.0757,0.1898,16.9976,0.3650,1626.2137
11131.6,6981.69,0.0000,505.0787,4149.7000,2969.2000,4150.0391,5.1840,91.5373,-0.6893,2857.0997,0.3917,0.9776,14.3259,0.3121,1294.8210
11131.6,4011.4,0.0000,2532.9568,7119.7000,299.5000,7116.1860,10.9203,217.9410,3.5616,-25397.4885,0.3729,1.0373,15.4609,0.5111,3640.7953
11131.6,6672.92,0.0000,435.6927,4457.9000,2995.4000,4457.1683,5.2779,77.5561,0.1336,-591.2610,0.2667,0.6661,8.1185,0.1782,794.1764
11131.6,6922.5,0.0000,1573.2005,4208.9000,3000.1000,4207.8401,5.2491,281.5781,0.2108,-880.1277,0.0772,0.1926,8.5731,0.1877,789.6901
11131.6,5289.25,0.0000,19343.9261,5841.9000,3006.0000,5841.5691,5.5852,3253.9159,-1.6927,9927.5910,0.0489,0.1227,59.0799,1.3338,7790.6570
11131.6,6922.5,0.0000,1341.6702,4208.9000,3006.8000,4208.2614,5.4700,230.4404,-0.1960,848.3264,0.0890,0.2228,7.7678,0.1735,730.1557
11131.6,4168.5,0.0000,195.8174,6962.5000,3010.9000,6963.0420,8.1498,22.5738,-0.0975,678.5975,0.3167,0.8229,1.8206,0.0497,346.1918
11131.6,8315.6,0.0000,751.6825,2815.9000,3014.2000,2815.4579,4.6428,152.1089,1.5045,-4209.5672,0.2264,0.5611,15.3476,0.3164,890.6271
11131.6,7228.5,0.0000,5910.3039,3902.9000,3031.9000,3902.7722,4.5407,1222.8866,0.0572,-213.5171,0.0331,0.0819,18.4356,0.3761,1467.4825
11131.6,4196.1,0.0000,13614.0894,6935.2000,3038.7000,6934.5540,6.5350,1957.2509,-0.8888,6194.8664,0.0517,0.1311,32.0967,0.7829,5429.8695
11131.6,6093.9,0.0000,277.7461,5037.4000,3048.4000,5036.5954,5.2478,49.7245,-0.0386,195.1782,0.2366,0.5907,4.6440,0.1017,512.0924
11131.6,7411.8,0.0000,1333.9764,3719.6000,3052.0000,3719.6997,4.3355,289.0722,-0.4913,1851.3061,0.0773,0.1909,10.6570,0.2125,790.3036
11131.6,7955.6,0.0000,1579.1586,3175.9000,3052.3000,3174.0915,5.8752,252.5246,0.2754,-830.4743,0.1687,0.4246,15.0317,0.3482,1105.7695
11131.6,7703.6,0.0000,1028.8015,3427.9000,3052.4000,3426.9027,4.2002,230.1257,0.2666,-878.8840,0.0994,0.2451,11.2590,0.2209,757.2058
11131.6,6981.69,0.0000,1207.2731,4149.7000,3057.9000,4149.2392,4.4990,252.1122,0.2210,-915.0769,0.1385,0.3426,16.0525,0.3258,1351.7830
11131.6,5342.2,0.0000,1154.4439,5789.5000,3058.7000,5788.6173,5.7100,189.9485,-0.8422,4867.9089,0.1283,0.3222,8.8472,0.2019,1168.6854
11131.6,7228.5,0.0000,332.6250,3902.9000,3059.1000,3901.8724,4.2922,72.8078,0.1669,-646.3371,0.2888,0.7124,10.1244,0.2008,783.5549
11131.6,7254.4,0.0000,387.0179,3877.0000,3059.5000,3875.5202,4.3566,83.4606,0.0074,-28.2081,0.2934,0.7251,11.6225,0.2327,902.4536
11131.6,6981.69,0.0000,1610.5814,4149.7000,3066.9000,4149.6910,4.5043,335.9333,0.0400,-162.9637,0.0866,0.2143,13.3575,0.2714,1125.9794
11131.6,5733.3,0.0000,910.8915,5397.8000,3077.0000,5397.0696,4.9669,172.2978,-0.1176,635.7329,0.1033,0.2571,7.4214,0.1581,853.2749
11131.6,7096.3,0.0000,2326.1470,4035.1000,3087.2000,4032.3078,4.4524,490.8455,-0.0379,153.9862,0.0474,0.1177,10.8282,0.2204,889.4929
11131.6,7411.8,0.0000,370.7585,3719.6000,3093.4000,3721.3380,3.6073,96.5637,-0.2289,847.4869,0.1543,0.3784,8.5282,0.1561,580.2704
11131.6,7106.1,0.0000,412.9076,4025.3000,3094.0000,4025.1437,4.3099,90.0086,-0.4664,1870.9427,0.3550,0.8760,15.3239,0.3045,1225.7894
11131.6,7458.9,0.0000,342.2927,3672.5000,3099.2000,3672.1387,4.6741,68.8026,-0.1360,504.2770,0.2769,0.6865,8.4341,0.1744,640.4276
11131.6,4258.1,0.0000,788.1269,6872.9000,3099.7000,6873.2058,6.1419,120.5570,0.2776,-1911.5129,0.1452,0.3671,5.9149,0.1402,963.5080
11131.6,6146.14,0.0000,1297.7769,4984.4000,3101.6000,4983.8266,4.8916,249.2572,-0.5839,2915.9263,0.1062,0.2640,11.2020,0.2369,1180.5824
11131.6,5397.0,0.0000,3624.4091,5734.0000,3113.8000,5733.2637,5.8258,584.4924,-1.1211,6422.5018,0.0758,0.1908,15.7746,0.3637,2085.8570
11131.6,5775.76,0.0000,4428.2142,5355.7000,3120.5000,5355.0162,5.5044,755.8182,-0.5165,2770.3517,0.0556,0.1392,15.8189,0.3544,1897.9432
11131.6,7482.3,0.0000,1006.0378,3649.1000,3122.5000,3649.2014,4.3475,217.4058,-0.1624,592.6086,0.0726,0.1791,7.5009,0.1497,546.2887
11131.6,7703.6,0.0000,505.1962,3427.9000,3138.3000,3427.5125,6.1966,76.5959,-0.0157,60.3531,0.2957,0.7472,7.5815,0.1802,617.3325
11131.6,6849.48,0.0000,315.2463,4281.9000,3138.4000,4278.7381,5.1809,57.1670,-0.1107,474.0760,0.3554,0.8892,8.1296,0.1780,762.3160
11131.6,7154.8,0.0000,943.6819,3976.6000,3142.8000,3976.3892,5.3498,165.7249,-0.0914,371.2727,0.1068,0.2670,6.8551,0.1515,602.2896
11131.6,5433.9,0.0000,2758.0005,5697.3000,3149.8000,5697.3874,5.8353,444.0536,-0.3141,1792.8722,0.0534,0.1344,8.4297,0.1944,1107.5404
11131.6,4315.22,0.0000,378.7078,6814.4000,3158.0700,6814.7203,6.5177,54.5894,0.0253,-171.9294,0.1303,0.3306,2.2636,0.0552,375.9608
11131.6,6211.4,0.0000,933.3647,4919.9000,3166.7000,4918.9590,4.8753,179.8672,-0.0604,298.4194,0.1134,0.2819,8.6626,0.1829,899.5332
11131.6,5458.9,0.0000,3462.6795,5673.0000,3176.2000,5671.7816,5.7251,568.2375,-0.4581,2610.6666,0.0787,0.1979,16.2030,0.3710,2104.7036
11131.6,7096.3,0.0000,628.4745,4035.1000,3176.6000,4031.3915,6.6951,88.1925,0.1763,-693.6976,0.2166,0.5582,5.9470,0.1507,608.2193
11131.6,6226.6,0.0000,922.7439,4904.7000,3180.8000,4904.6754,6.0896,142.3669,-0.8981,4419.2573,0.2064,0.5743,10.2654,0.4032,1973.7099
11131.6,7106.1,0.0000,1433.0452,4025.3000,3182.2000,4025.2888,4.5310,297.1453,0.5579,-2223.0326,0.1585,0.3922,21.4998,0.4379,1762.5477
11131.6,7096.3,0.0000,855.3768,4035.1000,3184.1000,4032.1974,5.3313,150.7388,-0.4595,1864.1635,0.2234,0.5612,13.1083,0.2923,1179.9213
11131.6,6232.01,0.0000,1322.3730,4898.5000,3187.1000,4898.4386,5.0066,248.1480,0.6585,-3238.7967,0.1717,0.4274,17.6216,0.3770,1846.2957
11131.6,7106.1,0.0000,1795.1315,4025.3000,3191.0000,4025.2381,4.5404,371.4498,-0.2615,1055.1154,0.0541,0.1339,9.1531,0.1866,751.1163
11131.6,6242.4,0.0000,4186.4490,4889.2000,3195.8000,4889.9160,4.9015,802.4440,-0.3971,1951.6807,0.0381,0.0947,12.9107,0.2735,1337.2795
11131.6,4358.44,0.0000,6444.4115,6772.3000,3201.2600,6771.6592,6.2446,969.5764,-0.5949,4044.1895,0.0614,0.1553,19.7875,0.4719,3195.5425
11131.6,6566.5,0.0000,2811.2857,4564.8000,3207.9000,4564.7488,4.6764,564.7959,0.1605,-727.3931,0.0449,0.1113,11.2153,0.2321,1059.3579
11131.6,6922.5,0.0000,461.9585,4208.9000,3210.2000,4208.2432,4.5193,96.0350,-0.0692,297.8687,0.1956,0.4840,8.5968,0.1749,735.8631
11131.6,7228.5,0.0000,4116.3204,3902.9000,3216.4000,3902.8189,4.4627,866.5877,0.0629,-242.2479,0.0324,0.0801,13.0040,0.2631,1026.4421
11131.6,6575.2,0.0000,737.2417,4556.1200,3216.4000,4555.9323,5.8601,118.1969,-0.5678,2576.3390,0.3270,0.8226,13.6752,0.3160,1439.6171
11131.6,5502.096,1000000000.0000,0.0000,5628.9000,3218.4000,0.0000,0.0000,0.0000,0.0000,0.0000,0.0000,0.0000,0.0000,0.0000,0.0000
11131.6,7154.8,0.0000,1011.7867,3976.6000,3231.2000,3977.0475,6.0079,158.2229,-0.2781,1123.9122,0.1773,0.4473,9.6874,0.2270,902.4859
11131.6,5892.5,0.0000,1180.1844,5238.8000,3234.1000,5239.6937,4.8894,226.7742,0.4004,-2098.6799,0.0843,0.2098,8.0965,0.1718,899.6219
11131.6,6600.1,0.0000,172.7683,4531.3000,3241.4000,4531.5228,4.0182,40.3954,1.0811,-4866.9777,0.8219,2.0216,17.0689,0.3279,1485.5078
11131.6,4399.2,0.0000,1651.7934,6731.9000,3242.0000,6731.2167,6.3081,246.0129,-0.2130,1437.7032,0.0822,0.2079,6.6474,0.1593,1072.1790
11131.6,6963.3,0.0000,537.1026,4168.1000,3248.6000,4170.0791,5.5490,90.9373,0.0076,-27.4775,0.1766,0.4439,6.0040,0.1359,566.3988
11131.6,6566.5,0.0000,2822.9539,4564.8000,3257.7000,4564.5098,5.6720,467.5909,0.9723,-4444.3505,0.0675,0.1693,11.5286,0.2622,1196.8085
11131.6,7458.9,0.0000,3470.2980,3672.5000,3261.7000,3673.0905,5.0232,649.0682,0.0036,11.1377,0.0596,0.1485,15.9463,0.3421,1256.0991
11131.6,5548.68,0.0000,11104.8118,5582.4000,3265.4000,5581.7522,5.5092,1893.7416,-1.2064,6755.1322,0.0556,0.1393,39.6288,0.8883,4958.8639
11131.6,6575.2,0.0000,1643.8547,4556.1200,3265.5000,4558.8765,5.6152,275.0404,0.0217,-83.5850,0.1334,0.3367,13.5733,0.3110,1416.4401
11131.6,5935.8,0.0000,1652.8220,5195.5000,3278.5000,5195.1652,5.6646,274.1326,-0.0769,401.1243,0.0833,0.2091,8.3569,0.1899,986.5290
11131.6,7482.3,0.0000,458.5412,3649.1000,3285.3000,3649.1152,4.2965,100.2689,-0.0693,253.2586,0.1331,0.3285,6.4228,0.1275,465.0638
11131.6,3301.36,0.0000,2882.0713,7829.3000,3301.3300,7828.6896,6.5318,414.5449,-0.2351,1850.0396,0.0682,0.1730,8.9755,0.2188,1713.3748
11131.6,7228.5,0.0000,193.0268,3902.9000,3306.9000,3902.5960,4.3324,41.8589,0.1091,-418.4728,0.3185,0.7864,6.3624,0.1268,494.8038
11131.6,6672.92,0.0000,1716.1188,4457.9000,3315.2000,4457.2505,5.0198,321.1868,0.0206,-88.5477,0.0545,0.1357,7.2232,0.1547,689.4578
11131.6,7096.3,0.0000,554.2615,4035.1000,3320.6000,4034.8261,4.5515,114.4085,-0.1371,565.8490,0.1172,0.2902,6.0949,0.1244,501.9969
11131.6,4479.9,0.0000,6285.3879,6651.3000,3322.8000,6650.7062,6.1672,957.5100,-0.4328,2891.7774,0.0579,0.1463,18.6558,0.4421,2940.6161
11131.6,6015.2,0.0000,534.6414,5116.1000,3357.1000,5116.3102,5.7953,86.6742,0.0622,-316.3406,0.1037,0.2607,3.2160,0.0739,378.1341
11131.6,6672.92,0.0000,4893.5158,4457.9000,3367.0000,4456.5874,7.5123,611.9970,0.5007,-2228.4414,0.1457,0.3745,24.6248,0.6439,2870.1238
11131.6,6040.0,0.0000,458.0301,5091.6000,3382.3000,5091.1737,5.1482,83.5878,-0.1200,612.9180,0.1406,0.3505,4.7268,0.1025,521.7523
11131.6,7749.0,0.0000,301.9668,3382.5000,3391.7000,3379.9351,5.0680,55.9791,-0.2416,824.6587,0.2637,0.6584,6.0353,0.1306,441.7084
11131.6,7106.1,0.0000,1632.9378,4025.3000,3392.6000,4025.4008,4.7010,326.3460,0.2135,-856.2881,0.0664,0.1648,9.5438,0.1979,796.7063
11131.6,4552.644,0.0000,313.9478,6577.1000,3395.5100,6577.6507,8.3994,35.1163,-0.5230,3429.8880,0.5099,1.3282,4.4211,0.1224,805.0969
11131.6,7411.8,0.0000,393.3215,3719.6000,3398.6000,3720.8020,4.6766,79.0160,-0.0217,85.6644,0.1763,0.4377,6.1649,0.1280,475.9554
11131.6,8315.6,0.0000,651.6317,2815.9000,3409.1000,2816.1428,3.3385,183.3809,-0.1605,452.5280,0.1180,0.2879,13.3601,0.2345,660.1346
11131.6,4584.08,0.0000,23657.7672,6546.6000,3427.5000,6545.9234,6.0958,3646.2593,-1.8099,11900.7334,0.0540,0.1363,67.0089,1.5787,10334.2436
11131.6,6090.9,0.0000,353.3214,5040.4000,3432.9000,5040.4644,4.4634,74.3720,0.0450,-226.6404,0.1319,0.3262,4.5457,0.0919,463.2678
11131.6,7154.8,0.0000,424.4962,3976.6000,3441.2000,3977.2203,5.1596,77.2959,0.0441,-172.7042,0.2048,0.5112,6.3568,0.1382,549.6053
11131.6,7458.9,0.0000,2371.5852,3672.5000,3446.6000,3672.5674,4.1021,543.1662,-0.1402,534.3050,0.0375,0.0923,10.2507,0.1989,730.3676
11131.6,5733.3,0.0000,44611.6748,5397.8000,3450.3000,5397.0740,5.4597,7676.7490,-4.2119,22805.5217,0.0475,0.1189,138.3670,3.0878,16664.5881
11131.6,6813.8,0.0000,559.9117,4317.6000,3455.2000,4317.5063,4.6118,114.0652,-0.2576,1122.8109,0.1168,0.2893,5.9752,0.1228,530.0464
11131.6,7482.3,0.0000,631.2831,3649.1000,3469.9000,3649.3980,4.1357,143.4077,-0.0978,356.9626,0.0879,0.2165,6.2985,0.1227,447.6807
11131.6,5375.0,0.0000,184.1789,5756.3000,3491.5000,5756.2861,4.7789,36.2086,-0.1068,632.3016,0.2804,0.6959,4.3961,0.0919,529.0088
11131.6,6849.48,0.0000,852.9888,4281.9000,3491.8000,4278.9117,10.2984,77.8184,-0.1608,717.5410,0.3406,0.9247,5.3340,0.1673,716.5029
11131.6,5775.76,0.0000,20530.9569,5355.7000,3492.9000,5354.9537,5.4438,3543.2792,-1.7513,9412.6863,0.0425,0.1062,57.2580,1.2759,6832.5833
11131.6,4650.3,0.0000,4758.8171,6480.2000,3493.4000,6479.3568,6.3319,706.1032,-0.2734,1778.7525,0.0642,0.1626,14.8558,0.3569,2312.7737
11131.6,7703.6,0.0000,861.3802,3427.9000,3507.9000,3426.9878,3.8133,212.2243,-0.0619,231.3135,0.0862,0.2116,9.9092,0.1855,635.6258
11131.6,7228.5,0.0000,982.2941,3902.9000,3515.7000,3902.3975,4.3351,212.8825,-0.0704,283.5995,0.0618,0.1525,6.2702,0.1250,487.6870
11131.6,6566.5,0.0000,223.6743,4564.8000,3520.4000,4564.5111,5.0481,41.6282,-0.0396,185.2082,0.3031,0.7549,5.1753,0.1112,507.3526
11131.6,6575.2,0.0000,3030.9615,4556.1200,3529.1000,4556.1439,5.3885,528.4599,-0.2174,1005.2808,0.0675,0.1687,13.7075,0.3039,1384.7045
11131.6,7703.6,0.0000,1300.2599,3427.9000,3532.7000,3428.7429,4.5318,269.5638,-0.0871,319.1788,0.0679,0.1682,8.3524,0.1707,584.8889
11131.6,4690.0,0.0000,8045.2944,6441.1000,3532.9000,6440.3214,5.8669,1288.3407,-0.5852,3787.7002,0.0439,0.1105,19.9917,0.4625,2979.3225
11131.6,6579.6,0.0000,785.5718,4551.7000,3534.2000,4552.4199,6.7872,108.7421,0.0089,-31.3936,0.2013,0.5135,6.6963,0.1671,760.1256
11131.6,7458.9,0.0000,207.0703,3672.5000,3535.1000,3671.8513,3.8472,50.5674,0.3310,-1196.4835,0.2630,0.6694,7.2127,0.2079,764.7630
11131.6,7458.9,0.0000,472.4717,3672.5000,3543.5000,3672.5650,3.7132,119.5435,0.0348,-117.9762,0.1284,0.3146,8.5305,0.1576,578.8579
11131.6,7254.4,0.0000,901.9718,3877.0000,3543.5000,3874.7426,4.4760,189.3245,0.0450,-170.6434,0.0989,0.2453,8.6617,0.1763,683.8195
11131.6,5827.1,0.0000,1172.9520,5304.2000,3543.5000,5303.3804,5.6576,194.7817,-0.3030,1607.3800,0.0797,0.1999,5.6851,0.1292,685.2163
11131.6,6600.1,0.0000,306.9631,4531.3000,3554.0000,4531.1590,4.9404,58.3746,-0.0145,66.5083,0.1649,0.4100,4.0328,0.0857,388.2609
11131.6,7482.3,0.0000,738.4273,3649.1000,3558.1000,3649.2036,3.9302,176.5204,0.0297,-102.2434,0.0673,0.1654,6.2433,0.1186,432.7768
11131.6,6922.5,0.0000,3096.1233,4208.9000,3563.9000,4209.1256,4.4991,646.5360,-0.0082,48.6338,0.0420,0.1040,12.4904,0.2539,1068.1468
11131.6,6226.6,0.0000,1192.2836,4904.7000,3568.5000,4904.7926,4.7330,236.6727,-0.3120,1534.8437,0.0872,0.2163,9.0186,0.1878,920.8127
11131.6,5866.82,0.0000,13368.5053,5264.4000,3583.4000,5263.6993,5.3189,2361.3458,-1.5906,8396.7272,0.0406,0.1015,37.3524,0.8230,4332.4847
11131.6,7955.6,0.0000,175.5850,3175.9000,3596.4000,3175.8135,2.6064,63.2915,0.0509,-152.8187,0.2802,0.6786,14.0026,0.2175,690.5424
11131.6,6963.3,0.0000,1969.1486,4168.1000,3604.0000,4168.7920,4.4925,411.8045,-0.2531,1057.2238,0.0446,0.1104,8.4589,0.1717,715.5035
11131.6,6922.5,0.0000,1062.2580,4208.9000,3614.8000,4208.9830,5.0965,195.8215,-0.4403,1851.5461,0.1119,0.2789,8.9026,0.1923,809.1658
11131.6,6922.5,0.0000,1604.0728,4208.9000,3621.1000,4200.9268,5.4609,275.9703,0.5546,-2308.6562,0.1730,0.4505,18.3684,0.4431,1866.0086
11131.6,4779.32,0.0000,4136.6748,6351.7900,3621.3000,6351.3451,6.2069,626.1512,0.0097,-52.7012,0.0558,0.1410,11.6720,0.2775,1762.3828
11131.6,6981.69,0.0000,1236.5239,4149.7000,3622.0000,4150.6422,4.8631,238.8858,-0.4809,2025.8320,0.1118,0.2829,11.4263,0.2887,1196.7247
11131.6,5908.2,0.0000,1006.8884,5223.1000,3623.7000,5227.2545,8.4384,112.1045,-0.1653,868.5993,0.2570,0.6905,7.1489,0.2096,1093.9813
11131.6,6672.92,0.0000,8597.2004,4457.9000,3628.9000,4457.2456,4.9523,1630.9801,-0.2394,1087.2290,0.0314,0.0781,21.4028,0.4553,2029.3829
11131.6,4803.6,0.0000,7384.9635,6328.3000,3647.2000,6327.5622,5.9928,1157.7593,-0.6259,3978.3979,0.0508,0.1281,20.3645,0.4759,3011.6785
11131.6,5935.8,0.0000,2789.5040,5195.5000,3651.5000,5195.3306,5.4299,482.6509,-0.0541,287.7415,0.0452,0.1131,8.3226,0.1853,962.3681
11131.6,3661.527,0.0000,236.5439,7468.6000,3661.3630,7468.8245,5.9086,37.6121,0.0243,-180.6741,0.1456,0.3666,1.9217,0.0446,333.2933
11131.6,6981.69,0.0000,738.6823,4149.7000,3672.8000,4150.2242,5.2335,132.6066,-0.4326,1795.1169,0.2413,0.6027,12.6660,0.2774,1150.8020
11131.6,4833.519,0.0000,401.3451,6297.6000,3675.7000,6297.1485,6.0560,62.2637,0.0781,-489.7438,0.1216,0.3067,2.5930,0.0609,383.4476
11131.6,3676.092,0.0000,1435.5276,7454.4000,368.2080,7454.0528,7.0279,191.9061,-0.2054,1544.7159,0.2169,0.5539,12.2892,0.3107,2315.8665
11131.6,6981.69,0.0000,1733.4645,4149.7000,3695.4000,4149.5730,4.6704,348.7081,-0.3361,1394.1733,0.0877,0.2175,13.5532,0.2803,1162.7445
11131.6,5594.16,0.0000,315.8575,5537.4400,3709.3000,5537.7768,4.4580,66.5664,-0.0088,53.5623,0.1583,0.3916,4.8894,0.0989,547.3288
11131.6,5995.68,0.0000,3256.8761,5135.8000,3712.0000,5135.2144,5.6688,539.7758,-0.4788,2469.2400,0.0721,0.1809,14.2244,0.3234,1660.4459
11131.6,4884.02,0.0000,592.1015,6247.2000,3726.6000,6248.7048,6.7130,82.8665,0.0621,-385.7157,0.1231,0.3139,3.1547,0.0784,489.7283
11131.6,6015.2,0.0000,806.7597,5116.1000,3731.0000,5116.4644,5.0067,151.3897,-0.0211,109.6168,0.0968,0.2409,6.0585,0.1296,663.0566
11131.6,7096.3,0.0000,854.6740,4035.1000,3740.4000,4032.2324,4.3963,182.6489,-0.2227,899.6656,0.0859,0.2130,7.3895,0.1495,603.4520
11131.6,7458.9,0.0000,2314.1421,3672.5000,3745.5000,3672.6016,4.0881,531.8238,-0.4375,1631.3380,0.0428,0.1054,11.5131,0.2230,818.9775
11131.6,4904.58,0.0000,9329.8943,6226.7000,3747.2000,6225.4115,6.7897,1290.9940,-0.3510,2201.7695,0.0330,0.0840,13.0131,0.3236,2014.9494
11131.6,7106.1,0.0000,307.7120,4025.3000,3747.3000,4025.5388,2.9190,99.0397,1.7128,-6848.9452,0.3084,0.7487,21.5429,0.3538,1423.9707
11131.6,8315.6,0.0000,517.2558,2815.9000,3748.2000,2816.8960,4.4221,109.8961,1.7515,-4861.7809,0.3850,0.9532,19.7966,0.4000,1125.6498
11131.6,6040.0,0.0000,3573.4041,5091.6000,3756.1000,5090.7654,5.3928,622.5403,-0.2421,1240.6758,0.0534,0.1334,12.7619,0.2831,1441.2517
11131.6,3776.27,0.0000,39.3129,7354.2000,3775.3000,7354.3640,9.2929,3.9745,0.0128,-94.3056,0.9458,2.4968,0.8377,0.0244,179.5339
11131.6,4930.74,0.0000,785.2355,6199.9000,3775.8000,6197.2451,6.0399,122.1429,0.0852,-529.5615,0.1012,0.2558,4.2472,0.1001,620.7596
11131.6,7703.6,0.0000,709.7417,3427.9000,3788.4000,3427.6469,4.6798,142.4863,-0.0591,205.2889,0.1688,0.4185,10.6330,0.2201,754.2912
11131.6,7154.8,0.0000,880.7852,3976.6000,3796.5000,3975.7841,5.3011,156.1003,0.3711,-1481.1425,0.1518,0.3791,9.2584,0.2037,809.7381
11131.6,7106.1,0.0000,219.0856,4025.3000,3797.2000,4025.1886,3.9617,51.9556,0.1034,-417.3734,0.2898,0.7123,7.8501,0.1497,602.5795
11131.6,6849.48,0.0000,660.0911,4281.9000,3805.1400,4278.9282,7.1340,86.9307,0.2908,-1242.6440,0.1880,0.4833,4.7622,0.1224,524.3562
11131.6,6090.9,0.0000,1434.105,5040.4000,3807.1000,5040.017,5.228989,257.6505,0,0,0.9531342,0.7567514,244.5877,0,0
11131.6,6854.8,0.0000,942.6864,4276.6000,3809.6000,4276.6301,5.2613,168.3365,-0.1167,508.7294,0.0919,0.2295,6.0897,0.1335,570.8985
11131.6,7096.3,0.0000,739.4714,4035.1000,3812.8000,4032.3085,4.4905,154.7145,-0.5311,2153.7874,0.1260,0.3129,8.9914,0.1838,741.7628
11131.6,5005.69,0.0000,3868.2513,6125.3000,3848.9000,6124.5558,6.2407,582.3435,0.2092,-1277.7519,0.0435,0.1099,8.4145,0.2006,1228.8679
11131.6,6146.14,0.0000,11471.1548,4984.4000,3861.7000,4983.8230,5.7370,1878.5492,-0.3924,1982.5405,0.0332,0.0833,22.5243,0.5151,2567.1044
11131.6,5025.73,0.0000,7288.7239,6103.4500,3868.5600,6103.6743,5.9486,1151.1691,-0.3857,2359.6853,0.0440,0.1108,17.6509,0.4112,2509.2176
11131.6,7228.5,0.0000,845.2000,3902.9000,3870.1000,3902.9224,5.4835,144.8113,-0.2703,1070.3581,0.1427,0.3574,7.8085,0.1748,682.1556
11131.6,6922.5,0.0000,5662.3364,4208.9000,3877.0500,4208.7021,4.9300,1079.0728,-0.3875,1640.2406,0.0283,0.0703,12.8069,0.2720,1144.5240
11131.6,5060.65,0.0000,1302.5792,6070.5000,3902.7000,6070.3183,6.4368,190.1233,-0.3189,1936.0111,0.0910,0.2307,5.5785,0.1350,819.6391
11131.6,6566.5,0.0000,275.5186,4564.8000,3907.6000,4565.8018,5.7058,45.3662,0.1037,-471.6981,0.2629,0.6616,4.3363,0.0994,453.4993
11131.6,6575.2,0.0000,256.2823,4556.1200,3916.8000,4556.3673,4.5350,53.0936,-0.0759,347.5936,0.1584,0.3919,3.8351,0.0782,356.0472
11131.6,6211.4,0.0000,2780.2664,4919.9000,3927.6000,4918.9806,5.0155,520.8010,-0.3442,1706.6054,0.0635,0.1581,13.6528,0.2922,1437.5604
11131.6,5092.86,0.0000,1471.3978,6038.3000,3934.5000,6038.5434,5.8164,237.6725,-0.1773,1074.3068,0.0657,0.1651,5.5636,0.1281,773.6631
11131.6,6981.69,0.0000,1543.5166,4149.7000,3936.0000,4149.7670,4.7114,307.7942,-0.0152,66.3166,0.0776,0.1924,10.4851,0.2178,903.6604
11131.6,6226.6,0.0000,882.2356,4904.7000,3942.0000,4904.6026,5.3134,156.3537,0.2345,-1142.0604,0.1131,0.3726,7.8193,0.4399,2152.3135
11131.6,7955.6,0.0000,592.7490,3175.9000,3943.7000,3175.5127,4.2158,132.0975,0.2048,-633.3819,0.1675,0.4129,10.8455,0.2133,677.1268
11131.6,8315.6,0.0000,1603.9369,2815.9000,3956.0000,2815.5538,3.9678,379.7847,-0.4732,1354.4318,0.0441,0.1084,8.7218,0.1665,468.6856
11131.6,6242.4,0.0000,2682.0316,4889.2000,3957.5000,4889.2696,5.6135,448.8827,-1.6485,8042.9036,0.1079,0.2705,17.8769,0.4045,1977.3564
11131.6,5130.22,0.0000,26264.0757,6001.3000,3973.1000,6000.5254,5.7713,4275.4882,-1.7995,10855.1522,0.0463,0.1163,71.0492,1.6299,9781.6487
11131.6,6672.92,0.0000,645.9771,4457.9000,4016.2100,4457.2322,4.1790,145.2275,-0.0128,57.9910,0.0894,0.2203,6.4195,0.1257,560.1130
11131.6,7955.6,0.0000,544.4520,3175.9000,4032.0000,3176.1242,3.9684,129.1438,0.5341,-1673.4572,0.0884,0.2891,6.6430,0.5786,1833.2518
11131.6,3711.96,0.0000,28837.4656,7418.8000,404.2600,7418.2086,6.7175,4033.2313,-2.2863,17031.4387,0.0605,0.1540,75.4167,1.8644,13829.9649
11131.6,7096.3,0.0000,368.3865,4035.1000,4052.5000,4033.3387,5.4587,63.4036,0.2784,-1128.8175,0.3622,0.9083,8.7230,0.1954,788.6577
11131.6,7106.1,0.0000,486.2144,4025.3000,4060.5000,4025.4903,4.4911,101.7124,-0.0875,356.7430,0.1308,0.3234,6.1240,0.1242,499.9533
11131.6,5221.4,0.0000,388.5734,5909.8000,4063.3000,5909.2660,6.7022,54.4695,0.1962,-1162.6720,0.1915,0.4869,3.2284,0.0797,471.0825
11131.6,7749.0,0.0000,252.9789,3382.5000,4072.0000,3382.0154,3.6265,65.5384,0.2352,-791.3472,0.1729,0.4233,6.4479,0.1178,398.2502
11131.6,5230.33,0.0000,1535.7189,5900.9000,4074.6000,5898.3103,6.1846,233.2923,-0.0822,488.8167,0.0574,0.1454,4.4972,0.1072,632.8272
11131.6,7154.8,0.0000,2745.9968,3976.6000,4108.7000,3977.0920,4.5558,566.2912,-0.0918,371.4392,0.0497,0.1231,12.7803,0.2613,1038.9601
11131.6,7482.3,0.0000,245.2935,3649.1000,4124.2000,3649.1656,3.7056,62.1907,0.2029,-735.0251,0.2179,0.5339,7.5474,0.1393,508.3119
11131.6,5289.25,0.0000,1480.8594,5841.9000,4132.0000,5840.8102,6.3692,218.4395,-0.3338,1955.7117,0.0777,0.1967,5.5277,0.1331,777.4062
11131.6,5297.6,0.0000,1008.9443,5833.6000,4140.1000,5832.0596,8.2996,114.2112,-0.0963,575.9603,0.1195,0.3110,3.4111,0.0940,548.3963
11131.6,5300.5,0.0000,503.5845,5829.4000,4143.8000,5829.8581,6.0535,78.1574,-0.0198,118.4609,0.0879,0.2217,2.3526,0.0553,322.3368
11131.6,4168.5,0.0000,197.7944,6962.5000,4168.3000,6961.6185,7.9458,23.3871,-0.0192,134.1463,0.3048,0.7886,1.8614,0.0501,348.5890
11131.6,7228.5,0.0000,511.5389,3902.9000,4183.3000,3903.1702,4.3796,109.7354,-0.1786,698.8804,0.1039,0.2568,5.3840,0.1080,421.3729
11131.6,5342.2,0.0000,1147.3908,5789.5000,4185.6000,5788.4917,5.7922,186.1094,-0.1384,802.7825,0.0938,0.2359,6.2511,0.1437,831.7349
11131.6,4196.1,0.0000,34.3173,6935.2000,4196.1000,6935.0873,4.7273,6.8203,0.0129,-88.6172,0.3320,0.8234,0.9910,0.0206,142.9041
11131.6,7254.4,0.0000,5779.2986,3877.0000,4208.7000,3877.0137,4.6362,1171.1658,-0.3073,1224.4046,0.0285,0.0707,14.9167,0.3072,1191.1264
11131.6,5375.0,0.0000,12625.1669,5756.3000,4217.9000,5755.7666,5.5324,2144.0013,-1.0691,6182.0950,0.0458,0.1148,36.8117,0.8269,4759.6905
11131.6,6507.1,0.0000,4109.3746,4624.9000,4222.0000,4624.8872,4.5862,841.8202,0.0541,-238.4706,0.0398,0.0986,15.1128,0.3099,1432.8757
11131.6,5422.2,0.0000,2219.1061,5709.0000,4264.8000,5708.3593,5.7517,362.4793,-0.1663,954.1671,0.0604,0.1518,7.8953,0.1809,1032.6607
11131.6,6922.5,0.0000,2024.4451,4208.9000,4264.9000,4208.7962,4.5491,418.1048,-0.1610,693.5660,0.0414,0.1024,7.8644,0.1606,675.7397
11131.6,6566.5,0.0000,1468.5937,4564.8000,4281.7000,4565.0298,5.6102,245.9388,0.5648,-2591.7831,0.1676,0.4206,15.2324,0.3450,1574.5996
11131.6,5443.6,0.0000,2478.1120,5687.6000,4285.1000,5687.8890,5.8118,400.6026,-0.2592,1478.1706,0.0597,0.1502,8.5367,0.1967,1118.4895
11131.6,6575.2,0.0000,832.6445,4556.1200,4289.9000,4556.2484,5.4324,144.0009,-0.0573,266.0289,0.1014,0.2537,5.5688,0.1240,564.8292
11131.6,5458.9,0.0000,3216.4257,5673.0000,4301.7000,5672.0965,5.7430,526.1829,-0.9865,5593.0435,0.0622,0.1563,11.8152,0.2706,1535.4817
11131.6,8315.6,0.0000,490.5864,2815.9000,4302.9000,2816.0223,3.9965,115.3288,0.1141,-316.7272,0.1200,0.2952,7.1536,0.1371,386.0246
11131.6,5502.096,0.0000,1124.8564,5628.9000,4344.2000,5629.0170,5.4198,194.9924,-0.0555,316.6218,0.0780,0.1954,5.8192,0.1296,729.2319
11131.6,6672.92,0.0000,5425.5311,4457.9000,4389.9300,4457.5566,5.9561,855.8235,0.1946,-850.8331,0.0615,0.1548,18.3110,0.4267,1901.7153
11131.6,8315.6,0.0000,1016.5605,2815.9000,4391.5000,2815.9384,3.4898,273.6759,0.8894,-2467.9283,0.1455,0.3558,23.5411,0.4222,1188.4064
11131.6,5548.68,0.0000,5006.2241,5582.4000,4391.5000,5581.3528,5.8470,804.4108,-0.1199,677.3677,0.0470,0.1183,13.4117,0.3098,1729.1492
11131.6,4409.176,0.0000,10.4670,6721.0000,4408.9100,6719.5308,3.5898,2.7394,0.0073,-49.2702,0.8742,2.1393,1.3764,0.0250,168.1161
11131.6,5594.16,0.0000,9367.3813,5537.4400,4435.6000,5537.3562,5.7201,1538.5591,-0.6294,3500.9657,0.0457,0.1149,25.5009,0.5824,3224.4581
11131.6,7482.3,0.0000,719.0514,3649.1000,4436.6000,3649.2310,4.8598,139.0086,-0.4190,1534.6690,0.0980,0.2435,5.8031,0.1223,446.3428
11131.6,5733.3,0.0000,7196.4595,5397.8000,444.5000,5397.0165,5.4224,1246.8895,-4.5973,24794.1930,0.0786,0.1965,37.4303,0.8325,4492.8281
11131.6,7106.1,0.0000,505.1632,4025.3000,4450.2000,4022.4469,8.7159,54.4526,-0.1476,602.0343,0.4612,1.2200,5.9932,0.1725,694.5982
11131.6,6813.8,0.0000,1266.5710,4317.6000,4529.2000,4317.6523,4.5429,261.9353,-0.1251,543.4965,0.0466,0.1153,5.5528,0.1133,489.0472
11131.6,6849.48,0.0000,1583.1216,4281.9000,4564.7000,4281.7880,5.3255,279.2896,-0.1199,518.8153,0.0478,0.1194,5.1921,0.1146,490.3784
11131.6,7228.5,0.0000,149.2584,3902.9000,4571.5000,3902.7920,4.8715,28.7854,0.0222,-83.9539,0.2764,0.6869,3.3803,0.0714,278.5332
11131.6,5733.3,0.0000,5145.7424,5397.8000,4576.2000,5396.8109,5.3450,904.4818,-0.4208,2280.6759,0.0456,0.1138,15.9683,0.3527,1903.3506
11131.6,4584.08,0.0000,45.3729,6546.6000,4582.0000,6546.0614,2.1904,19.4616,0.0034,-21.1708,0.1223,0.3019,2.2580,0.0319,208.9209
11131.6,5775.76,0.0000,8285.8552,5355.7000,4618.0000,5354.9354,5.4353,1432.2416,-1.2816,6890.5288,0.0668,0.1671,36.4574,0.8118,4347.1132
11131.6,5783.15,0.0000,10375.2,5348.1000,4625.0,5348.231,5.354698,1726.956,0,0,0.03711472,0.1200828,27.71392,0,0
11131.6,6922.5,0.0000,6814.3804,4208.9000,4637.9300,4208.9026,4.7591,1345.2386,-0.3782,1600.3728,0.0310,0.0770,18.1544,0.3791,1595.1621
11131.6,8315.6,0.0000,261.9763,2815.9000,4638.7000,2815.0507,3.1609,77.8680,0.0186,-44.9805,0.1463,0.3561,7.4245,0.1268,356.8252
11131.6,7955.6,0.0000,1701.9165,3175.9000,4647.0000,3175.8763,4.5197,353.7787,-0.0206,85.3379,0.0628,0.1555,10.1695,0.2070,657.2852
11131.6,4650.3,0.0000,17896.4115,6480.2000,4650.1000,6479.4509,6.1367,2739.8920,-1.3608,8857.1533,0.0535,0.1351,49.5381,1.1715,7591.9964
11131.6,7703.6,0.0000,991.1051,3427.9000,4657.6000,3427.9616,4.2077,221.2976,-0.0070,33.1154,0.0683,0.1684,7.4258,0.1460,500.2613
11131.6,6963.3,0.0000,2551.7863,4168.1000,4678.1000,4168.6420,4.5505,526.8534,-0.1778,746.3533,0.0464,0.1148,11.1101,0.2269,945.4654
11131.6,6981.69,0.0000,2259.8121,4149.7000,4697.2000,4149.6575,4.4233,479.9814,0.1110,-452.1348,0.0469,0.1158,10.5157,0.2118,878.5349
11131.6,5892.5,0.0000,1299.1548,5238.8000,4733.6000,5238.7840,6.5719,185.7254,-0.1490,782.7874,0.0880,0.2236,5.1613,0.1264,661.7715
11131.6,3776.27,0.0000,1518.6725,7354.2000,475.2000,7352.7982,7.3496,194.1341,-0.1849,1370.3096,0.2020,0.5191,11.0804,0.2874,2113.8757
11131.6,5573.9,0.0000,2511.7281,5557.7000,476.8000,5557.3129,7.0151,336.3886,-0.8691,4932.8515,0.1938,0.4949,19.2832,0.4872,2707.0561
11131.6,5935.8,0.0000,2108.8296,5195.5000,4778.0000,5195.6118,6.5875,300.7620,0.1386,-713.3313,0.1113,0.2826,10.5413,0.2582,1341.4858
11131.6,4803.6,0.0000,180.5477,6328.3000,4801.7000,6327.0838,5.9472,28.5219,-0.0180,114.5431,0.1166,0.2938,1.1597,0.0270,171.0496
11131.6,7096.3,0.0000,2527.4362,4035.1000,4812.3000,4034.6144,5.1840,458.0555,0.0484,-185.7135,0.0759,0.1893,13.8867,0.3022,1219.2911
11131.6,7106.1,0.0000,463.2726,4025.3000,4821.3000,4025.6110,4.8471,89.7952,0.1378,-550.3929,0.1247,0.3097,4.7803,0.1007,405.1796
11131.6,4196.1,0.0000,1214.7619,6935.2000,483.4000,6934.2154,7.5382,151.3998,-0.6439,4458.6621,0.2664,0.6855,11.1029,0.2911,2019.2493
11131.6,6015.2,0.0000,779.0420,5116.1000,4856.7000,5116.4078,4.8971,149.4591,0.0038,-19.1129,0.0940,0.2338,5.9411,0.1257,643.1543
11131.6,7154.8,0.0000,1565.2984,3976.6000,4869.8000,3975.1996,6.9515,211.5519,-0.1908,761.8678,0.1087,0.2776,6.8666,0.1729,687.4774
11131.6,6090.9,0.0000,67.9151,5040.4000,4932.8000,5040.3897,5.7959,11.0090,0.0260,-131.2428,0.5054,1.2705,1.9902,0.0457,230.5642
11131.6,7228.5,0.0000,548.3840,3902.9000,4944.4000,3902.7008,5.0870,101.2809,-0.0960,377.2952,0.1144,0.2850,4.7148,0.1017,396.7697
11131.6,5502.096,0.0000,1782.6356,5628.9000,496.4000,5626.9451,4.6119,363.1466,-3.7679,21143.9608,0.4632,1.1479,75.4574,1.5521,8735.9790
11131.6,8315.6,0.0000,1181.4517,2815.9000,5006.9000,2815.8710,6.2641,177.1972,-1.2194,3418.1590,0.3195,0.8084,18.7499,0.4483,1261.8178
11131.6,5025.73,0.0000,13.3425,6103.4500,5025.4000,6104.9198,4.2629,2.9406,-0.0066,40.1710,1.0760,2.6586,1.5350,0.0305,185.8725
11131.6,6226.6,0.0000,1629.4067,4904.7000,5067.9000,4904.8097,5.1790,295.5892,-0.0170,87.7617,0.0433,0.1082,5.1246,0.1115,546.9126
11131.6,7749.0,0.0000,471.8041,3382.5000,5091.1000,3382.3752,4.2097,105.2968,-0.1537,529.6716,0.0811,0.2000,4.1937,0.0824,278.6681
11131.6,5161.8,0.0000,95.9014,5969.0000,5161.3300,5969.0021,6.1420,14.6695,-0.0025,15.2632,0.3480,0.8785,1.7236,0.0408,243.2908
11131.6,7458.9,0.0000,2273.8188,3672.5000,5174.3000,3672.5517,4.2188,506.3702,-0.1392,516.7745,0.0277,0.0684,6.8775,0.1353,496.8011
11131.6,4196.1,0.0000,326.8014,6935.2000,519.7000,6935.0420,4.2511,72.2248,-0.3736,2605.5984,0.4388,1.0821,15.4081,0.3042,2109.3432
11131.6,6446.5,0.0000,2390.4176,4686.3000,5288.0000,4686.3870,4.6797,479.9074,-0.1508,708.3771,0.0390,0.0966,8.2714,0.1712,802.0921
11131.6,5297.6,0.0000,147.3852,5833.6000,5296.1000,5834.1593,5.7857,23.9329,-0.0625,364.6601,0.2048,0.5152,1.7568,0.0404,235.7650
11131.6,5096.87,0.0000,3341.9982,6034.4000,532.1000,6033.6500,5.6096,559.7227,-1.1351,6866.1246,0.1107,0.2776,22.8929,0.5178,3124.5345
11131.6,5375.0,0.0000,177.9877,5756.3000,5374.0000,5755.8092,5.3630,31.1805,-0.0309,177.9706,0.1534,0.3835,1.8480,0.0409,235.3091
11131.6,6575.2,0.0000,634.7988,4556.1200,5416.7000,4556.0263,4.5131,132.1479,0.0508,-230.5554,0.0658,0.1628,3.9849,0.0810,369.0340
11131.6,5775.76,0.0000,2577.7492,5355.7000,545.3000,5354.5188,5.9186,409.1891,0.2854,-1531.0196,0.0918,0.2312,13.1657,0.3058,1637.6969
11131.6,7749.0,0.0000,206.3861,3382.5000,5464.2000,3382.5516,3.4984,55.4253,-0.0910,310.0594,0.1799,0.4397,5.8785,0.1055,356.8143
11131.6,3913.8,0.0000,1065.1321,7215.8000,556.8000,7214.3815,9.8025,102.0861,0.5364,-3885.6126,0.6746,1.7969,14.5339,0.4360,3146.1279
11131.6,5594.16,0.0000,1248.4938,5537.4400,5592.8300,5537.4547,5.6457,207.7655,-0.1474,818.4174,0.0753,0.1889,5.7420,0.1303,721.4564
11131.6,6813.8,0.0000,815.8941,4317.6000,5655.2000,4317.6868,4.4114,173.7618,-0.0617,265.7650,0.0503,0.1244,4.0984,0.0824,355.8149
11131.6,6846.27,0.0000,2757.0337,4285.1100,5687.7000,4285.2302,4.6606,555.7796,0.0074,-34.5226,0.0484,0.1199,11.9399,0.2466,1056.5250
11131.6,6963.3,0.0000,390.8751,4168.1000,5806.6000,4166.0335,5.3904,68.1272,-0.0425,178.0031,0.0873,0.2189,2.2883,0.0510,212.7158
11131.6,7096.3,0.0000,739.6271,4035.1000,5938.6000,4034.9119,5.1571,134.7424,0.0066,-26.5832,0.0710,0.1770,3.8400,0.0833,336.2295
11131.6,5995.68,0.0000,828.5402,5135.8000,598.9000,5135.6087,4.2191,184.4982,0.4055,-1993.0343,0.3633,0.8957,32.8332,0.6460,3317.0283
11131.6,3913.8,1000000000,0,7215.8000,605.8000,0,0,0,0,0,0,0,0,0,0
11131.6,7228.5,0.0000,1222.8959,3902.9000,6070.1000,3902.7466,4.8201,238.3594,0.0477,-181.7297,0.0616,0.1531,6.3075,0.1325,516.9859
11131.6,3913.8,0.0000,1300.7988,7215.8000,628.7100,7216.0463,6.6862,182.7822,0.2575,-1857.4934,0.2164,0.5509,12.2805,0.3035,2189.6599
11131.6,3922.71,0.0000,36459.7330,7208.1000,637.6800,7207.4879,6.6344,5163.0962,-3.0202,21865.8961,0.0645,0.1640,104.2162,2.5616,18464.8220
11131.6,5230.33,0.0000,3446.2127,5900.9000,645.7000,5900.0175,5.5801,580.2268,-0.2317,1379.4890,0.1299,0.3257,27.9958,0.6315,3725.7033
11131.6,4358.44,0.0000,2319.4163,6772.3000,646.5000,6771.5929,6.5080,334.8338,0.1725,-1166.8973,0.1171,0.2969,12.4938,0.3041,2059.5624
11131.6,6507.1,0.0000,23.7999,4624.9000,6506.0000,4624.9257,3.9956,5.5962,-0.0157,73.7472,0.3649,0.8975,1.0557,0.0202,93.5582
11131.6,4564.87,0.0000,20460.0778,6566.4000,651.0700,6565.6949,6.0075,3199.7247,-3.2231,21262.2593,0.0559,0.1410,61.7889,1.4455,9491.3718
11131.6,3307.872,0.0000,745.2322,7822.3000,651.3530,7822.0015,6.2488,112.0460,0.0631,-492.6786,0.2083,0.5266,7.7463,0.1847,1445.0885
11131.6,7749.0,0.0000,1378.1976,3382.5000,6590.7000,3382.5034,3.9962,324.0163,-0.0631,215.4836,0.0340,0.0836,5.6941,0.1091,368.8878
11131.6,3711.96,0.0000,421.2568,7418.8000,667.3000,7418.6981,6.9810,56.6928,-0.2070,1536.4493,0.3824,0.9765,6.4445,0.1625,1205.7170
11131.6,5025.73,0.0000,1135.3110,6103.4500,667.9000,6103.6590,5.6577,188.5271,0.3344,-2034.3723,0.2628,0.6596,18.1524,0.4125,2517.4105
11131.6,4584.08,0.0000,1033.4733,6546.6000,670.4000,6545.6793,8.3041,116.9249,-0.5199,3408.2548,0.4256,1.1067,12.4291,0.3418,2237.8518
11131.6,5775.76,0.0000,1616.1273,5355.7000,678.6000,5354.9547,5.7055,266.1236,-0.2588,1393.2733,0.1132,0.2842,10.9461,0.2496,1336.6880
11131.6,4358.44,0.0000,2094.3222,6772.3000,682.3400,6771.9506,6.3362,310.5386,-0.0656,442.7436,0.1108,0.2805,11.2654,0.2705,1832.0256
11131.6,4399.2,0.0000,851.9136,6731.9000,686.9000,6730.3624,8.6505,92.5241,-0.0631,412.1393,0.3889,1.0170,8.6250,0.2425,1632.1286
11131.6,6963.3,0.0000,191.1289,4168.1000,6961.7000,4168.3589,5.0454,35.5904,0.0224,-93.1147,0.0964,0.2400,1.4074,0.0302,125.9521
11131.6,5096.87,0.0000,2197.7791,6034.4000,697.6000,6033.8115,6.2411,330.8468,-0.2574,1565.4261,0.2206,0.5577,24.2581,0.5782,3489.0784
11131.6,5289.25,0.0000,1708.5714,5841.9000,704.5000,5840.7013,6.4015,250.7578,0.9461,-5522.5544,0.1991,0.5043,16.1782,0.3905,2281.2101
11131.6,4399.2,0.0000,340.1573,6731.9000,722.6000,6730.9127,8.7370,36.5778,-0.2986,2008.4298,0.8702,2.2768,7.5509,0.2131,1434.2923
11131.6,5733.3,0.0000,3529.8173,5397.8000,727.2000,5397.2626,5.4408,609.5275,-2.0295,10998.4002,0.1454,0.3637,33.7415,0.7517,4057.1003
11131.6,5096.87,0.0000,4375.8051,6034.4000,738.0000,6033.7267,5.4326,756.7531,-0.5566,3367.6284,0.1077,0.2695,31.0900,0.6922,4176.6226
11131.6,4409.176,0.0000,480.0781,6721.0000,747.6300,6720.6149,8.9209,50.5598,0.2152,-1448.8930,0.7226,1.8964,8.4865,0.2422,1627.7711
11131.6,3044.292,0.0000,13120.1245,8086.4000,761.1200,8085.6880,7.1961,1712.9337,-0.9010,7330.3840,0.0882,0.2257,43.5456,1.1142,9009.6679
11131.6,6211.4,0.0000,1925.9227,4919.9000,815.6000,4918.9816,4.8141,375.8594,0.2354,-1122.4155,0.1651,0.4098,26.6688,0.5595,2752.2199
11131.6,3913.8,0.0000,1373.2001,7215.8000,869.4700,7216.2123,7.3176,176.3062,0.1470,-1053.7494,0.2897,0.7440,14.4898,0.3750,2705.5891
11131.6,4650.3,0.0000,1709.5490,6480.2000,874.3000,6479.2441,6.5481,245.2832,0.1607,-1020.9370,0.1494,0.3793,11.6112,0.2837,1838.6018
11131.6,4552.644,0.0000,316.9677,6577.1000,876.5300,6577.2128,5.9814,49.7867,-0.1557,1107.4747,0.4959,1.2494,8.5591,0.1998,1313.9805
11131.6,3922.71,0.0000,29039.2470,7208.1000,878.2500,7207.4454,6.7113,4065.1954,-2.0933,15160.1787,0.0572,0.1455,71.8852,1.7772,12810.7891
11131.6,4196.1,0.0000,1256.6541,6935.2000,887.5000,6934.5325,5.9684,197.8148,-0.0183,127.6463,0.1715,0.4322,11.7895,0.2750,1907.0068
11131.6,4196.1,0.0000,1337.8480,6935.2000,894.2000,6934.6051,6.6857,188.0019,0.1378,-949.2715,0.1285,0.3268,7.4995,0.1850,1283.0427
11131.6,5548.68,0.0000,1340.9259,5582.4000,898.0000,5581.9003,6.6544,189.3209,0.5397,-2995.6779,0.2181,0.5542,12.8724,0.3167,1767.9281
11131.6,5096.87,0.0000,1408.5255,6034.4000,900.8000,6033.2468,6.5139,203.1549,-0.3158,1906.5028,0.2273,0.5768,14.7073,0.3584,2162.9223
11131.6,4011.4,0.0000,2168.8806,7119.7000,966.6000,7119.2129,6.6594,305.9860,-0.2387,1702.9022,0.0613,0.1558,5.8435,0.1438,1023.9738
11131.6,5775.76,0.0000,2316.2981,5355.7000,972.6000,5355.0879,5.0252,433.0573,-0.3226,1757.2314,0.1112,0.2768,19.8369,0.4250,2275.9835
11131.6,4650.3,0.0000,3286.1915,6480.2000,974.4000,6479.7149,5.7419,537.6959,-0.1479,972.3729,0.1031,0.2589,20.0110,0.4578,2966.7084
11131.6,4650.3,0.0000,442.2242,6480.2000,989.0000,6480.3817,5.0087,82.9509,-0.4203,2740.8868,0.5115,1.2733,17.5400,0.3753,2431.6933
1157.0208,0.0,0.0000,11997055.0689,1157.0040,1126.0780,1156.9933,2.6103,4318081.7842,-397.6329,489653.3889,0.0080,0.0195,27334.1109,424.6059,491298.1586
1157.0208,0.0,0.0000,1043105.2065,1157.0040,1499.4490,1156.9892,2.6188,374226.4413,-41.8997,51106.5383,0.0080,0.0193,2345.7687,36.4983,42231.1202
1157.0208,0.0,0.0000,40190.7923,1157.0040,1821.5000,1157.0203,2.5702,14691.2504,-2.2704,2742.0445,0.0075,0.0181,87.8628,1.3543,1566.9934
1157.0208,0.0,0.0000,942866.5711,1157.0040,1887.3400,1156.9867,2.6212,337952.3470,-22.5694,28505.1358,0.0081,0.0196,2145.9998,33.4056,38652.5661
1157.0208,0.0,0.0000,264064.6904,1157.0040,2144.2700,1156.9787,2.6145,94891.5234,-11.0070,13359.6675,0.0092,0.0224,689.2846,10.7160,12399.1503
1157.0208,0.0,0.0000,958371.7369,1157.0040,2150.8050,1156.9917,2.6218,343426.8064,-36.9725,45228.8693,0.0082,0.0199,2212.6937,34.4479,39858.5780
1157.0208,0.0,0.0000,306832.4620,1157.0040,2200.1000,1156.9831,2.6212,109976.6301,-12.8500,15570.5728,0.0080,0.0194,691.0284,10.7569,12446.5312
1157.0208,0.0,0.0000,13492.4683,1157.0040,2504.3900,1156.9218,2.5118,5046.6395,-1.9062,2271.7212,0.0169,0.0409,69.7905,1.0634,1230.4093
1157.0208,0.0,0.0000,256938.3020,1157.0040,2518.9910,1156.9856,2.5999,92846.5366,-10.7179,13074.6199,0.0087,0.0210,635.9848,9.8597,11408.3981
1157.0208,0.0,0.0000,16169.2192,1157.0040,2554.9000,1157.0428,2.4796,6126.3460,0.1642,-149.3193,0.0138,0.0335,70.3255,1.0644,1231.5459
1157.0208,0.0,0.0000,193887.6883,1157.0040,2619.1600,1156.9843,2.6310,69237.0018,-7.7069,9327.0120,0.0075,0.0181,405.3706,6.3219,7314.9370
1157.0208,0.0,0.0000,16324.8212,1157.0040,2808.3000,1156.9363,2.4984,6138.7910,-0.1122,166.8087,0.0078,0.0190,39.6549,0.6025,697.1816
1157.0208,0.0,0.0000,41447.6753,1157.0040,2893.1000,1156.9804,2.5985,14985.4825,-1.6319,2011.2258,0.0109,0.0264,129.4446,2.0063,2321.3767
1157.0208,0.0,0.0000,71916.3417,1157.0040,2937.8000,1156.9744,2.6365,25627.5325,-5.0655,6010.2900,0.0102,0.0246,203.4314,3.1759,3674.7933
1157.0208,0.0,0.0000,60527.0185,1157.0040,3010.9000,1157.0111,2.6546,21421.4779,-2.3209,2795.9293,0.0066,0.0160,109.8294,1.7205,1990.7481
1157.0208,0.0,0.0000,237197.9465,1157.0040,3038.7000,1156.9838,2.6013,85669.2565,-9.6238,11648.4798,0.0095,0.0231,646.4244,10.0242,11598.6614
1157.0208,0.0,0.0000,9784.2353,1157.0040,3099.7000,1156.9829,2.6184,3510.7018,-1.1516,1352.3022,0.0239,0.0580,66.0492,1.0276,1189.0111
1157.0208,0.0,0.0000,35934.8581,1157.0040,3158.0700,1157.0025,2.6409,12783.9454,-2.8075,3334.7294,0.0076,0.0185,75.8823,1.1857,1371.8791
1157.0208,0.0,0.0000,97156.5919,1157.0040,3201.2600,1156.9665,2.6453,34506.2558,-4.5426,5469.2646,0.0063,0.0152,168.8565,2.6406,3055.3490
1157.0208,0.0,0.0000,82752.7033,1157.0040,3242.0000,1156.9857,2.6552,29280.9607,-4.3032,5219.4073,0.0080,0.0194,181.4788,2.8432,3289.8346
1157.0208,0.0,0.0000,15135.5139,1157.0040,3252.0700,1157.0250,2.8620,4968.5507,1.2147,-1368.5387,0.0145,0.0353,51.9895,0.8453,978.1017
1157.0208,0.0,0.0000,71867.2786,1157.0040,3322.8000,1156.9944,2.6083,25886.4560,-2.4355,2955.0730,0.0095,0.0230,194.2297,3.0160,3489.7359
1157.0208,0.0,0.0000,29981.8310,1157.0040,3395.5100,1156.9182,2.6349,10690.2369,-1.8245,2194.6048,0.0100,0.0243,83.7500,1.3072,1512.5160
1157.0208,0.0,0.0000,216040.9175,1157.0040,3427.5000,1156.9757,2.6150,77618.8993,-8.0395,9718.8647,0.0092,0.0222,560.5648,8.7157,10084.6968
1157.0208,0.0,0.0000,123961.8969,1157.0040,3493.4000,1156.9658,2.6376,44154.8160,-4.3042,5219.8391,0.0080,0.0194,276.1897,4.3128,4990.2164
1157.0208,0.0,0.0000,85943.4815,1157.0040,3532.9000,1156.9812,2.6334,30662.0608,-3.9676,4776.4288,0.0093,0.0226,223.8966,3.4934,4042.0929
1157.0208,0.0,0.0000,83517.6886,1157.0040,3621.3000,1156.9819,2.5943,30245.9305,-4.2509,5137.5103,0.0094,0.0228,225.3605,3.4899,4038.1118
1157.0208,0.0,0.0000,78986.8859,1157.0040,3647.2000,1156.9773,2.5795,28768.1865,-2.4507,2995.3758,0.0097,0.0234,222.1292,3.4301,3968.8533
1157.0208,0.0,0.0000,37462.7813,1157.0040,3675.7000,1156.9938,2.5959,13558.7339,-1.3213,1615.4661,0.0101,0.0245,108.6850,1.6836,1948.0656
1157.0208,0.0,0.0000,21847.9459,1157.0040,3726.6000,1157.0650,2.5415,8076.4047,-2.5683,3047.3853,0.0188,0.0455,122.7568,1.8815,2177.0333
1157.0208,0.0,0.0000,94166.2425,1157.0040,3747.2000,1157.0129,2.6020,34000.7844,-4.4039,5299.5469,0.0121,0.0294,326.5238,5.0641,5859.5342
1157.0208,0.0,0.0000,4814.7665,1157.0040,3775.8000,1156.9627,3.0567,1479.8674,-0.2213,278.1262,0.0315,0.0767,31.4448,0.5281,611.0490
1157.0208,0.0,0.0000,28743.6030,1157.0040,3848.9000,1156.9919,2.7005,10000.0561,-1.0403,1255.5196,0.0131,0.0317,99.7760,1.5764,1824.0082
1157.0208,0.0,0.0000,75918.6828,1157.0040,3868.5600,1156.9874,2.6594,26820.8034,-2.6865,3245.4195,0.0086,0.0208,178.1515,2.7933,3232.0373
1157.0208,0.0,0.0000,57430.8544,1157.0040,3902.7000,1156.9734,2.6385,20449.9883,-2.4010,2933.0302,0.0100,0.0243,160.0187,2.4991,2891.6886
1157.0208,0.0,0.0000,7730.8146,1157.0040,3934.5000,1157.0063,2.6803,2709.7982,0.0156,-14.6546,0.0169,0.0409,35.1440,0.5532,640.0810
1157.0208,0.0,0.0000,156602.6066,1157.0040,3973.1000,1156.9861,2.6235,56081.2654,-8.5254,10148.9493,0.0100,0.0242,439.0367,6.8373,7911.2133
1157.0208,0.0,0.0000,9792.2398,1157.0040,4063.3000,1157.0506,2.6072,3528.6656,-0.5165,604.2794,0.0118,0.0287,32.9594,0.5117,592.0660
1157.0208,0.0,0.0000,16858.1885,1157.0040,4074.6000,1157.0065,2.6614,5951.1768,-1.8783,2190.1951,0.0149,0.0360,68.4462,1.0736,1242.2237
1157.0208,0.0,0.0000,14363.4976,1157.0040,4132.0000,1157.0088,2.4471,5514.6096,-0.6448,793.5660,0.0102,0.0248,47.4284,0.7129,824.8651
1157.0208,0.0,1000000000.0000,0.0000,1157.0040,4140.1000,0.0000,0.0000,0.0000,0.0000,0.0000,0.0000,0.0000,0.0000,0.0000,0.0000
1157.0208,0.0,0.0000,679.7087,1157.0040,4143.8000,1157.4163,2.2934,278.4528,-0.2063,246.8920,0.0661,0.1576,16.4127,0.2403,278.0341
1157.0208,0.0,0.0000,12334.1828,1157.0040,4185.6000,1156.9903,2.3221,4990.4501,-0.4156,517.3714,0.0143,0.0350,63.6142,0.9297,1075.7168
1157.0208,0.0,0.0000,84873.0558,1157.0040,4217.9000,1156.9920,2.5961,30714.7806,-3.7305,4472.9097,0.0088,0.0212,213.4408,3.3065,3825.8883
1157.0208,0.0,0.0000,38661.7349,1157.0040,4264.8000,1156.9700,2.6495,13709.2803,-0.4961,662.1125,0.0156,0.0379,166.6490,2.6081,3017.7983
1157.0208,0.0,0.0000,13537.1706,1157.0040,4285.1000,1156.9977,2.5447,4997.9500,-0.4645,561.5405,0.0071,0.0172,28.6383,0.4392,508.1790
1157.0208,0.0,0.0000,21943.7149,1157.0040,4301.7000,1157.0383,2.4767,8324.1907,0.1719,-117.9637,0.0130,0.0315,89.9209,1.3601,1573.7178
1157.0208,0.0,0.0000,12183.4747,1157.0040,4344.2000,1157.0867,2.7313,4190.9169,-0.7561,891.4704,0.0314,0.0761,99.1661,1.5756,1823.1091
1157.0208,0.0,0.0000,55349.0447,1157.0040,4391.5000,1156.9757,2.6482,19636.1151,-2.6888,3212.7047,0.0092,0.0223,140.1979,2.1936,2538.1754
1157.0208,0.0,0.0000,42304.0186,1157.0040,4435.6000,1156.9906,2.5503,15584.3985,-0.3753,543.5271,0.0131,0.0318,164.9812,2.5330,2930.8219
1157.0208,0.0,0.0000,32914.8718,1157.0040,4576.2000,1156.9784,2.6158,11821.8238,-1.8556,2189.5198,0.0088,0.0214,82.2635,1.2792,1480.1756
1157.0208,0.0,0.0000,39955.9876,1157.0040,4618.0000,1156.9723,2.6531,14149.2874,-0.3118,434.4244,0.0060,0.0146,66.0867,1.0350,1197.5412
1157.0208,0.0,0.0000,79169.4552,1157.0040,4625.0000,1156.9757,2.6143,28451.4521,-2.9322,3533.3825,0.0079,0.0193,178.0588,2.7681,3202.8956
1157.0208,0.0,0.0000,11197.7353,1157.0040,4733.6000,1156.9343,2.6847,3918.6452,-0.2986,387.1872,0.0418,0.1012,125.4708,1.9767,2287.1440
1157.0208,0.0,0.0000,12086.3718,1157.0040,4778.0000,1157.0310,2.3954,4740.3964,0.2481,-264.2133,0.0178,0.0433,72.5982,1.0791,1248.5656
1157.0208,0.0,0.0000,5434.6263,1157.0040,4856.7000,1156.9986,2.5380,2011.8110,-0.8967,1056.2962,0.0265,0.0642,43.2115,0.6618,765.7427
1157.0208,0.0,0.0000,911.4389,1157.0040,4932.8000,1157.2972,2.3644,362.1610,-0.1511,170.8279,0.1652,0.3982,51.9883,0.7723,891.7883
1157.0208,0.0,0.0000,27958.9836,1157.0040,5067.9000,1156.9569,2.7354,9603.0295,-0.7008,862.4832,0.0088,0.0213,63.5458,1.0104,1169.1164
1157.0208,0.0,0.0000,11144.5050,1157.0040,5288.0000,1157.0704,2.6203,3995.8957,-1.1619,1365.2493,0.0173,0.0419,54.2326,0.8441,976.6719
1157.0208,0.0,0.0000,5982.5735,1157.0040,5416.7000,1156.8860,2.5314,2220.3630,-0.3843,446.6195,0.0208,0.0503,37.5168,0.5740,664.1180
1157.0208,0.0,0.0000,2275.8347,1157.0040,5655.2000,1157.2731,2.9746,718.7976,0.0218,-27.2222,0.0616,0.1496,30.6393,0.5078,587.5000
1157.0208,0.0,0.0000,7412.4673,1157.0040,5687.7000,1157.0499,2.2021,3162.4063,-0.5103,606.7370,0.0150,0.0369,44.6201,0.6326,731.9536
1157.0208,0.0,0.0000,3880.8917,1157.0040,5806.6000,1156.8241,2.5536,1427.8405,-0.3151,373.7877,0.0262,0.0635,30.1569,0.4635,536.3163
5297.6,1157.0208,0.0000,852.8602,4140.1000,5833.6000,4139.561,9.150622,87.55783,0,0,0.1809688,0.4221044,4.987785,0,0
1157.0208,0.0,0.0000,4253.9014,1157.0040,5938.6000,1157.0228,2.5195,1586.2830,0.0557,-61.3462,0.0494,0.1199,64.1043,0.9781,1131.7685
1157.0208,0.0,0.0000,1801.2495,1157.0040,6070.1000,1156.8533,1.9220,880.4880,-0.6812,795.0078,0.0263,0.0676,25.6353,0.3336,386.0021
1157.0208,0.0,0.0000,2267.3396,1157.0040,6590.7000,1156.7771,2.5825,824.8482,-0.0524,65.2651,0.0212,0.0514,13.9463,0.2156,249.4643
1157.0208,0.0,0.0000,113005.4586,1157.0040,726.4900,1157.0052,2.5979,40867.5673,-7.4345,8984.5646,0.0087,0.0212,282.9300,4.3845,5073.2079
1157.0208,0.0,0.0000,1673.2508,1157.0040,9974.3000,1156.9503,2.6841,585.6864,-0.0565,66.3402,0.0148,0.0359,6.6594,0.1049,121.3762
1883.516,1157.0208,0.0000,5193.4301,726.4900,1417.0000,726.7602,3.1366,1555.5793,0.5123,-4.0442,0.1523,0.3709,155.6864,2.6491,1923.0899
1883.516,1157.0208,0.0000,18682.4680,726.4900,1777.9730,726.3644,2.3906,7342.0968,2.3286,-1413.2631,0.0113,0.0272,71.3068,1.0631,771.8357
1883.516,1157.0208,0.0000,2187.3036,726.4900,2596.1000,726.2119,2.6097,787.4481,-0.0702,89.7218,0.1362,0.3296,84.5375,1.3136,953.7428
1883.516,1157.0208,0.0000,13799.4931,726.4900,2767.2000,726.3646,2.4680,5253.1400,0.5799,-296.8694,0.0179,0.0431,78.1998,1.1835,859.2468
1883.516,1157.0208,0.0000,4826.9576,726.4900,2919.1000,726.4554,2.4669,1838.3185,-0.0305,154.5084,0.0337,0.0810,51.5052,0.7797,566.0615
1883.516,1157.0208,0.0000,1516.1842,726.4900,3491.5000,726.1659,2.7506,517.8816,-1.5420,1709.1311,0.1227,0.2973,47.5307,0.7579,550.2953
1883.516,1157.0208,0.0000,1930.5030,726.4900,3709.3000,726.4272,2.6626,681.1923,-0.1189,151.8489,0.0578,0.1399,30.4273,0.4777,346.8268
2283.119,1157.0208,0.0000,1506219.0072,1126.0780,1001.8690,1126.1103,2.5914,546078.2368,-57.3438,69749.1135,0.0079,0.0191,3414.6658,52.8574,59520.0618
2283.119,1157.0208,0.0000,455195.0332,1126.0780,1024.7380,1126.1131,2.5958,164753.5785,-8.7806,11341.0718,0.0082,0.0198,1066.9702,16.5302,18613.7925
2283.119,1157.0208,0.0000,2538923.5003,1126.0780,1074.1300,1126.1101,2.5940,919550.5264,-91.2325,110636.1029,0.0078,0.0190,5707.3610,88.3920,99533.8426
2283.119,1157.0208,0.0000,395841.6070,1126.0780,1428.6700,1126.1101,2.5907,143549.8487,-16.0951,19501.9791,0.0083,0.0201,945.6830,14.6368,16481.7473
2283.119,1157.0208,0.0000,79705.0907,1126.0780,1630.4000,1126.1108,2.6719,28026.3813,-5.1821,6331.1714,0.0065,0.0158,140.4718,2.2078,2486.1305
2283.119,1157.0208,0.0000,198336.2921,1126.0780,1640.7000,1126.1040,2.6300,70851.8672,-8.2133,9945.0549,0.0077,0.0188,429.5032,6.6977,7541.9071
2283.119,1157.0208,0.0000,66277.4691,1126.0780,1727.5000,1126.1035,2.6240,23730.4889,-2.3462,3033.7123,0.0082,0.0198,151.8376,2.3651,2663.1724
2283.119,1157.0208,0.0000,2437.5019,1126.0780,1765.9000,1126.3325,1.5928,1437.7899,-0.6737,784.4195,0.0424,0.0863,68.8562,0.8783,989.0397
2283.119,1157.0208,0.0000,122569.3388,1126.0780,1809.0000,1126.0997,2.6038,44226.0648,-4.5679,5605.2168,0.0101,0.0244,351.6842,5.4568,6144.6085
2283.119,1157.0208,0.0000,122000.8468,1126.0780,1810.4000,1126.0985,2.5971,44133.8886,-3.4316,4320.2883,0.0091,0.0221,319.4650,4.9505,5574.5142
2283.119,1157.0208,0.0000,60040.4408,1126.0780,1912.1800,1126.0982,2.6133,21585.3448,-3.0700,3665.9405,0.0080,0.0195,136.6036,2.1234,2391.0716
2283.119,1157.0208,0.0000,28335.5461,1126.0780,2115.5000,1126.1214,2.5526,10429.0689,-0.4059,582.8538,0.0157,0.0382,132.4384,2.0347,2291.1830
2283.119,1157.0208,0.0000,66615.0758,1126.0780,2281.7000,1126.1065,2.5783,24273.7653,-1.3410,1727.4328,0.0082,0.0200,159.6773,2.4654,2776.2183
2283.119,1157.0208,0.0000,171220.1065,1126.0780,2300.6000,1126.1031,2.5920,62060.6757,-6.4877,7833.1133,0.0100,0.0242,491.3090,7.6060,8564.7701
2283.119,1157.0208,0.0000,2975.3213,1126.0780,2367.6000,1126.2799,2.3703,1179.3128,-0.0100,32.9447,0.0582,0.1402,59.4574,0.8817,992.8421
2283.119,1157.0208,0.0000,31520.8352,1126.0780,2495.8000,1126.0904,2.6472,11187.1489,-0.5530,765.3621,0.0075,0.0181,64.9162,1.0156,1143.5854
2283.119,1157.0208,0.0000,16045.0336,1126.0780,2519.3000,1126.1201,2.6230,5747.0018,-0.2522,885.3096,0.0193,0.0468,87.2019,1.3581,1529.2502
2283.119,1157.0208,0.0000,19024.1236,1126.0780,2549.2000,1126.0783,2.6880,6649.4158,-1.2831,1519.6021,0.0155,0.0376,79.0552,1.2462,1403.2780
2283.119,1157.0208,0.0000,295190.9672,1126.0780,2722.4000,1126.1058,2.6026,106561.8396,-8.1376,9982.4945,0.0091,0.0219,762.8079,11.8332,13324.7954
2283.119,1157.0208,0.0000,26691.3916,1126.0780,2743.4000,1126.1537,2.5380,9880.5575,-2.8219,3272.0560,0.0216,0.0524,173.4058,2.6568,2991.6471
2283.119,1157.0208,0.0000,2423.0434,1126.0780,2774.2000,1126.1965,2.7992,813.2625,0.9558,-1089.1125,0.0832,0.2018,49.7597,0.8003,901.2136
2283.119,1157.0208,0.0000,25525.1693,1126.0780,2814.2000,1126.1292,2.6175,9161.9210,-0.8809,1128.6108,0.0121,0.0294,87.4568,1.3606,1532.1348
2283.119,1157.0208,0.0000,226113.1241,1126.0780,2846.9000,1126.1026,2.6001,81701.3077,-10.3962,12352.5236,0.0091,0.0219,585.4701,9.0779,10222.2164
2283.119,1157.0208,0.0000,55242.1944,1126.0780,2937.6000,1126.0952,2.5931,20014.9369,-1.8569,2269.0849,0.0104,0.0252,165.3376,2.5601,2882.8051
2283.119,1157.0208,0.0000,480563.7484,1126.0780,2947.4000,1126.1001,2.6084,173090.8425,-19.7242,23411.4890,0.0082,0.0198,1114.1881,17.3033,19484.3926
2283.119,1157.0208,0.0000,132749.1652,1126.0780,3006.0000,1126.0958,2.6288,47442.7584,-6.6498,7837.0840,0.0083,0.0202,309.4400,4.8243,5432.3987
2283.119,1157.0208,0.0000,5951.8609,1126.0780,3058.7000,1126.2146,2.6695,2094.7236,-0.5292,635.3932,0.0452,0.1095,73.0008,1.1471,1291.6342
2283.119,1157.0208,0.0000,25116.5301,1126.0780,3113.8000,1126.1144,2.7101,8707.2090,-0.3577,543.4227,0.0114,0.0276,75.4265,1.1939,1344.3566
2283.119,1157.0208,0.0000,30110.2632,1126.0780,3149.8000,1126.0692,2.6091,10842.2605,-0.9247,1153.8645,0.0079,0.0192,67.9219,1.0549,1187.8926
2283.119,1157.0208,0.0000,39596.7852,1126.0780,3176.2000,1126.0782,2.6133,14235.6625,-1.1232,1442.4303,0.0096,0.0232,107.3183,1.6681,1878.4081
2283.119,1157.0208,0.0000,11534.5479,1126.0780,3218.4000,1126.0448,2.9289,3699.9430,-1.3149,1541.3502,0.0257,0.0624,66.8125,1.0988,1237.2923
2283.119,1157.0208,0.0000,59621.6698,1126.0780,3265.4000,1126.0695,2.6080,21478.4756,-2.6670,3164.5435,0.0082,0.0198,138.7747,2.1549,2426.5012
2283.119,1157.0208,0.0000,186386.4754,1126.0780,3450.3000,1126.1000,2.5990,67377.3988,-6.2441,7492.7109,0.0092,0.0223,491.2333,7.6150,8574.8729
2283.119,1157.0208,0.0000,97279.6753,1126.0780,3492.9000,1126.0981,2.6446,34559.1211,-3.7783,4584.1628,0.0087,0.0210,233.6269,3.6532,4113.7111
2283.119,1157.0208,0.0000,12112.8755,1126.0780,3543.5000,1126.1247,2.5003,4551.4569,-0.0194,79.0914,0.0246,0.0596,92.2159,1.4021,1578.7872
2283.119,1157.0208,0.0000,62299.6578,1126.0780,3583.4000,1126.0968,2.6623,21985.5510,-2.8416,3422.3868,0.0095,0.0230,161.4831,2.5335,2852.8212
2283.119,1157.0208,0.0000,22337.1664,1126.0780,3623.7000,1126.0599,2.5466,8240.6800,0.3511,-201.8373,0.0080,0.0194,53.2009,0.8162,919.1422
2283.119,1157.0208,0.0000,22534.1250,1126.0780,3651.5000,1126.0893,2.5595,8271.3869,-0.0948,206.7211,0.0065,0.0157,43.0666,0.6625,746.0004
2283.119,1157.0208,0.0000,17781.2565,1126.0780,3712.0000,1126.1362,2.6385,6331.5485,-0.1960,278.8915,0.0196,0.0474,96.6367,1.5095,1699.7228
2283.119,1157.0208,0.0000,2682.8505,1126.0780,3731.0000,1126.0512,2.5971,970.5420,2.6754,-2961.9276,0.0721,0.1887,55.8662,5.2470,5907.9153
2283.119,1157.0208,0.0000,18324.3084,1126.0780,3756.1000,1126.1055,2.5225,6824.8858,-1.2124,1446.8209,0.0152,0.0367,84.4253,1.2893,1451.7668
2283.119,1157.0208,0.0000,6887.6908,1126.0780,3807.1000,1126.0011,2.5597,2528.0703,0.1568,-145.0520,0.0070,0.0170,14.2509,0.2192,246.8360
2283.119,1157.0208,0.0000,9078.3565,1126.0780,3808.2000,1126.1576,2.5975,3283.6544,-0.4532,565.2196,0.0129,0.0313,33.6356,0.5213,587.0476
2283.119,1157.0208,0.0000,53782.1103,1126.0780,3861.7000,1126.0911,2.6383,19152.2610,-1.1881,1546.1375,0.0124,0.0300,184.7949,2.8862,3249.9610
2283.119,1157.0208,0.0000,11180.4935,1126.0780,3927.6000,1126.0722,2.6919,3902.1329,-0.2809,352.2084,0.0167,0.0405,49.8543,0.7864,885.5863
2283.119,1157.0208,0.0000,19701.6168,1126.0780,3942.0000,1126.0905,2.6876,6887.0378,-0.6445,835.4925,0.0093,0.0226,49.1557,0.7748,872.5002
2283.119,1157.0208,0.0000,35379.0057,1126.0780,3957.5000,1126.0813,2.6607,12492.6001,-0.7724,1048.5486,0.0088,0.0213,84.8445,1.3307,1498.4334
2283.119,1157.0208,0.0000,13838.9998,1126.0780,4222.0000,1126.1510,2.4649,5274.7134,0.1822,-130.0485,0.0108,0.0261,47.4498,0.7164,806.6484
2283.119,1157.0208,0.0000,5666.8288,1126.0780,4281.7000,1126.2005,2.3901,2227.5629,-0.1290,185.1492,0.0249,0.0602,47.7030,0.7094,798.8066
2283.119,1157.0208,0.0000,2577.7521,1126.0780,4289.9000,1126.0623,3.0900,783.7647,-0.3038,357.2819,0.0553,0.1346,28.9103,0.4881,549.6525
2283.119,1157.0208,0.0000,21128.4099,1126.0780,4389.9300,1126.0801,2.5766,7704.1676,-0.6749,874.1668,0.0149,0.0360,91.4348,1.4112,1589.0965
2283.119,1157.0208,0.0000,11834.7738,1126.0780,4529.2000,1126.1146,2.5732,4321.0942,-0.6139,729.0634,0.0114,0.0275,39.2597,0.6056,681.9149
2283.119,1157.0208,0.0000,31212.9361,1126.0780,4564.7000,1126.1319,2.5768,11380.4410,-1.3847,1701.8129,0.0104,0.0251,94.3242,1.4561,1639.5810
2283.119,1157.0208,0.0000,19531.8646,1126.0780,4637.9000,1126.1498,2.5397,7225.2718,-0.6944,827.3090,0.0134,0.0325,78.4971,1.2031,1354.6992
2283.119,1157.0208,0.0000,19531.8678,1126.0780,4637.9300,1126.1498,2.5397,7225.2709,-0.6944,827.3069,0.0134,0.0325,78.4970,1.2031,1354.6993
2283.119,1157.0208,0.0000,9751.8137,1126.0780,4678.1000,1126.0974,2.5620,3576.0873,-0.6312,750.4917,0.0199,0.0483,57.2959,0.8818,992.9775
2283.119,1157.0208,0.0000,7294.5143,1126.0780,4697.2000,1126.1077,2.6991,2539.1100,-0.0739,90.8925,0.0241,0.0585,46.6963,0.7376,830.6077
2283.119,1157.0208,0.0000,10937.0439,1126.0780,4812.3000,1126.1552,2.5561,4020.0121,-0.3993,507.9159,0.0142,0.0344,45.9359,0.7063,795.3243
2283.119,1157.0208,0.0000,6982.0487,1126.0780,4821.3000,1126.1473,2.6541,2471.5695,-0.5155,607.3302,0.0169,0.0409,32.3858,0.5074,571.3052
2283.119,1157.0208,0.0000,9320.8964,1126.0780,4869.8000,1126.0409,2.7464,3188.5600,-0.3797,466.9262,0.0126,0.0304,29.9982,0.4779,538.1863
2283.119,1157.0208,0.0000,1803.2801,1126.0780,4944.4000,1126.1128,2.8150,601.8433,-0.0784,95.0972,0.0614,0.1489,27.0192,0.4358,490.6924
2283.119,1157.0208,0.0000,4270.7328,1126.0780,5174.3000,1126.1790,2.3382,1716.0047,-0.3521,413.4772,0.0249,0.0604,37.6700,0.5538,623.5491
2283.119,1157.0208,0.0000,508.6059,1126.0780,5464.2000,1125.9976,3.6844,129.6941,0.1159,-129.5378,0.4129,1.0113,29.9922,0.5520,621.5904
2283.119,1157.0208,0.0000,1735554.7473,1126.0780,761.1200,1126.1122,2.5941,628571.3446,-69.2747,83549.1553,0.0080,0.0194,4001.1460,61.9682,69779.3188
2283.119,1157.0208,0.0000,11891.2512,1126.0780,8848.0000,1126.0943,2.6495,4216.6878,-0.5607,659.6510,0.0084,0.0203,27.3763,0.4285,482.4805
2656.509,1157.0208,0.0000,24272.5057,1499.4490,1017.5000,1499.4355,2.8253,8071.4661,-0.2907,655.5161,0.0140,0.0339,82.1023,1.3269,1988.9091
2656.509,0.0,0.0000,2251.6093,2656.4400,1017.5000,2656.5758,3.5656,593.2751,0.6088,-1525.2418,0.0959,0.2345,32.9084,0.5962,1583.4171
2656.509,1157.0208,0.0000,19720.6319,1499.4490,1119.7000,1499.4177,2.7747,6677.2850,0.5084,53.8477,0.0213,0.0516,105.4296,1.6888,2531.5209
2656.509,0.0,0.0000,1466.7154,2656.4400,1119.7000,2656.5293,2.9543,466.4310,-2.0898,6151.5160,0.1450,0.3523,47.1579,0.7790,2069.0362
2656.509,1157.0208,0.0000,18935.6780,1499.4490,1538.8000,1499.4203,2.8059,6340.3518,-0.9821,1754.0235,0.0127,0.0308,59.0213,0.9506,1424.9463
2656.509,0.0,0.0000,1903.0790,2656.4400,1538.8000,2656.3500,3.7955,471.0687,1.7597,-4531.0524,0.1261,0.3094,32.3133,0.6035,1602.8653
2656.509,1157.0208,0.0000,39637.8180,1499.4490,1658.6900,1499.4231,2.8214,13199.2786,-1.0840,1758.5349,0.0080,0.0194,76.9070,1.2420,1861.7758
2656.509,0.0,0.0000,3732.7087,2656.4400,1658.6900,2656.4870,3.4615,1013.1095,0.4782,-1209.1817,0.0348,0.0849,20.9776,0.3745,994.7341
2656.509,1157.0208,0.0000,14101.2807,1499.4490,1701.9000,1499.4173,2.7787,4767.7735,-3.2292,4918.0691,0.0206,0.0498,72.6194,1.1641,1744.9200
2656.509,0.0,0.0000,1363.1324,2656.4400,1701.9000,2656.5558,3.7903,337.8836,-0.0841,234.2418,0.1203,0.2952,22.1441,0.4134,1097.8454
2656.509,1157.0208,0.0000,20862.4525,1499.4490,1742.1100,1499.4175,2.7932,7017.2851,1.7224,-2494.0271,0.0160,0.0389,82.9326,1.3328,1997.7902
2656.509,0.0,0.0000,1892.8217,2656.4400,1742.1100,2656.5625,3.4948,508.8435,0.4595,-1199.2884,0.0633,0.1548,19.0248,0.3413,906.4248
2656.509,1157.0208,0.0000,7092.0231,1499.4490,1752.6290,1499.5181,2.6393,2524.5647,-0.7547,1152.5577,0.0172,0.0417,33.9177,0.5303,794.8692
2656.509,0.0,0.0000,813.2568,2656.4400,1752.6290,2656.5512,4.2545,179.5906,-0.3658,978.6224,0.1735,0.4279,15.1348,0.2990,794.0319
2656.509,1157.0208,0.0000,17255.0837,1499.4490,1822.6300,1499.4419,2.7979,5794.0695,-1.2051,1870.0984,0.0170,0.0411,72.2436,1.1620,1741.7748
2656.509,0.0,0.0000,1570.0907,2656.4400,1822.6300,2656.6323,3.5230,418.7132,0.1783,-444.8599,0.0782,0.1912,19.1681,0.3452,916.9100
2656.509,1157.0208,0.0000,80392.4099,1499.4490,1992.8000,1499.4296,2.8110,26869.0993,-2.2209,3495.5884,0.0087,0.0210,170.7701,2.7530,4126.6065
2656.509,0.0,0.0000,7797.2658,2656.4400,1992.8000,2656.5072,3.6419,2011.4576,0.0696,-129.2781,0.0284,0.0695,32.3466,0.5921,1572.5300
2656.509,1157.0208,0.0000,5401.9675,1499.4490,2145.5200,1499.4773,2.8104,1805.8939,-0.8120,1523.5093,0.0280,0.0678,37.0015,0.5964,894.0536
2656.509,0.0,0.0000,406.1066,2656.4400,2145.5200,2656.2984,3.2549,117.2199,2.0610,-5272.8661,0.3452,0.8415,25.6277,0.4439,1178.9956
2656.509,1157.0208,0.0000,1390.7186,1499.4490,2176.0000,1499.2857,2.9565,441.9364,-0.1917,320.6325,0.0772,0.1875,23.7594,0.3926,588.4742
2656.509,0.0,0.0000,17.8234,2656.4400,2176.0000,2657.4879,1.4816,11.3021,0.0639,-151.8863,1.7682,2.8583,20.4649,0.2770,735.7152
2656.509,1157.0208,0.0000,43640.6894,1499.4490,2248.2000,1499.4316,2.8032,14626.5870,-2.0669,3202.2276,0.0102,0.0248,109.8117,1.7678,2649.9455
2656.509,0.0,0.0000,4206.1397,2656.4400,2248.2000,2656.5376,3.5885,1101.2255,-0.0050,61.8822,0.0303,0.0741,19.1753,0.3485,925.4966
2656.509,1157.0208,0.0000,1360.2067,1499.4490,2369.8000,1499.5624,2.6149,488.7184,-0.5499,835.1382,0.0436,0.1054,16.7545,0.2608,390.8824
2656.509,0.0,0.0000,120.3518,2656.4400,2369.8000,2656.3871,1.8379,61.5219,0.2250,-594.1630,0.2341,0.5052,15.1328,0.2053,545.3384
2656.509,1157.0208,0.0000,1698.9702,1499.4490,2435.3000,1499.3795,2.9113,548.2781,1.7789,-2614.5496,0.0668,0.1622,25.9006,0.4248,636.7007
2656.509,0.0,1000000000,244.6059,2656.4400,2435.3000,2656.2,4.059867,56.60085,0,0,0.5204834,1.366486,16.68845,0,0
2656.509,1157.0208,0.0000,2453.9002,1499.4490,2640.1000,1499.5422,2.7050,852.2942,0.0127,-7.8083,0.0384,0.0930,24.8944,0.3939,590.4164
2656.509,0.0,0.0000,470.9583,2656.4400,2640.1000,2656.1327,3.4126,129.6591,-0.3192,854.6921,0.1857,0.4535,14.5494,0.2579,685.0188
2656.509,1157.0208,0.0000,6891.3801,1499.4490,2685.3000,1499.4148,2.7931,2318.0626,-0.6832,1061.8294,0.0125,0.0304,21.4353,0.3445,516.3519
2656.509,0.0,0.0000,746.1737,2656.4400,2685.3000,2656.3934,3.4573,202.7700,0.2442,-638.2366,0.0976,0.2384,11.8042,0.2106,559.3721
2656.509,1157.0208,0.0000,17891.7861,1499.4490,2718.0000,1499.4452,2.7428,6128.5475,-1.0809,1669.2302,0.0135,0.0327,62.0395,0.9882,1481.2981
2656.509,0.0,0.0000,1723.2011,2656.4400,2718.0000,2656.7113,3.4112,474.6005,-0.1133,318.7542,0.0429,0.1047,12.3012,0.2181,579.2462
2656.509,1157.0208,0.0000,5472.7869,1499.4490,2801.7300,1499.4614,2.7377,1878.1001,0.1076,-130.4028,0.0228,0.0551,32.1407,0.5115,766.7278
2656.509,0.0,0.0000,521.2476,2656.4400,2801.7300,2656.7211,2.7028,181.1893,0.8306,-2180.7128,0.1749,0.4235,24.1211,0.3815,1013.1740
2656.509,1157.0208,0.0000,3593.1630,1499.4490,2845.4000,1499.4752,3.2204,1048.2663,-0.6161,1052.4481,0.0617,0.1502,41.3662,0.7128,1068.5252
2656.509,0.0,0.0000,327.8607,2656.4400,2845.4000,2656.5436,3.6908,83.4576,0.4943,-1221.6740,0.4784,1.1722,22.3281,0.4114,1092.6277
2656.509,1157.0208,0.0000,7139.8102,1499.4490,2891.2000,1499.4202,2.9093,2305.6485,-0.4328,702.5937,0.0164,0.0397,26.6908,0.4376,655.9237
2656.509,0.0,0.0000,613.7722,2656.4400,2891.2000,2656.5905,3.4122,168.9930,0.1175,-284.7229,0.1469,0.3587,15.0006,0.2660,706.3807
2656.509,1157.0208,0.0000,3689.9447,1499.4490,2936.8000,1499.4356,3.0831,1124.4326,-0.6197,964.8838,0.0337,0.0820,25.3150,0.4270,640.0718
2656.509,0.0,0.0000,308.7749,2656.4400,2936.8000,2656.1034,4.9850,58.1938,-0.3455,941.8392,0.6409,1.5940,15.5386,0.1380,363.6207
2656.509,1157.0208,0.0000,2382.3433,1499.4490,3077.0000,1499.4600,2.6515,844.1388,0.1130,-150.7747,0.0375,0.0908,24.5836,0.3852,577.3930
2656.509,0.0,0.0000,299.5904,2656.4400,3077.0000,2656.7507,4.1198,68.3205,-0.2788,740.6648,0.2530,0.6230,8.6684,0.1686,447.7751
2656.509,1157.0208,0.0000,12762.2689,1499.4490,3120.5000,1499.4738,2.8382,4224.5369,-0.4859,747.7643,0.0111,0.0268,33.9019,0.5491,823.1250
2656.509,0.0,0.0000,1203.3724,2656.4400,3120.5000,2656.5873,3.5004,322.9890,0.1703,-449.0233,0.0526,0.1286,10.0156,0.1798,477.5692
2656.509,1157.0208,0.0000,5287.4108,1499.4490,3234.1000,1499.3956,2.8308,1754.8327,-0.8268,1289.5736,0.0334,0.0810,42.5954,0.6890,1032.8217
2656.509,0.0,0.0000,606.0478,2656.4400,3234.1000,2656.4757,3.2471,175.3541,0.0748,-172.5695,0.1148,0.2798,12.7798,0.2211,587.2874
2656.509,1157.0208,0.0000,4792.7368,1499.4490,3278.5000,1499.3798,2.7918,1612.8968,0.1630,-236.1965,0.0239,0.0579,28.4021,0.4563,683.9984
2656.509,0.0,0.0000,504.0592,2656.4400,3278.5000,2656.4675,4.0970,115.5902,0.0712,-188.0583,0.1684,0.4145,9.8147,0.1903,505.4526
2656.509,1157.0208,0.0000,2261.2106,1499.4490,3357.1000,1499.4925,2.9947,709.4021,-0.3048,481.6403,0.0541,0.1315,26.3986,0.4390,658.0289
2656.509,0.0,0.0000,249.2263,2656.4400,3357.1000,2656.4250,2.7486,85.1875,-0.6066,1620.3777,0.1723,0.4175,10.9906,0.1752,465.4403
2656.509,1157.0208,0.0000,1460.4399,1499.4490,3382.3000,1499.3512,2.7609,496.9807,0.1290,-184.6965,0.0432,0.1047,16.0066,0.2558,383.3774
2656.509,0.0,0.0000,262.4957,2656.4400,3382.3000,2655.0586,4.4634,55.2534,0.4236,-1117.7807,0.3887,0.9615,9.9524,0.2014,534.9921
2656.509,1157.0208,0.0000,1665.5476,1499.4490,3432.9000,1499.4307,2.8992,539.7282,-0.1144,183.6754,0.0357,0.0867,13.6836,0.2240,335.7019
2656.509,0.0,0.0000,159.4933,2656.4400,3432.9000,2656.0033,3.9731,37.7146,0.2748,-721.1714,0.3249,0.7987,6.3706,0.1217,323.1376
2656.509,1157.0208,0.0000,3077.1296,1499.4490,3568.5000,1499.4307,2.6556,1088.6588,0.5813,-846.1689,0.0436,0.1054,36.7322,0.5760,863.3389
2656.509,0.0,0.0000,198.4652,2656.4400,3568.5000,2655.6520,1.7376,107.3067,0.3991,-1049.6227,0.2502,0.5324,29.3265,0.3881,1030.7856
2656.509,1157.0208,0.0000,825.5253,1499.4490,3907.6000,1499.3339,2.6004,298.2614,-2.2035,3366.4018,0.0983,0.2375,23.1759,0.3596,539.0806
2656.509,0.0,0.0000,100.9874,2656.4400,3907.6000,2657.7207,2.0315,46.7031,0.4409,-1150.7719,0.2852,0.6785,13.3840,0.1847,490.6234
2656.509,1157.0208,0.0000,385.9036,1499.4490,3916.8000,1499.0359,3.3265,108.9921,-0.2929,440.8228,0.2588,0.6314,17.4836,0.3061,458.8064
2656.509,0.0,1000000000.0000,0.0000,2656.4400,3916.8000,0.0000,0.0000,0.0000,0.0000,0.0000,0.0000,0.0000,0.0000,0.0000,0.0000
2656.509,1157.0208,0.0000,1541.7336,1499.4490,4016.2100,1499.4042,2.6000,557.0951,-0.2466,374.5648,0.0331,0.0800,14.5837,0.2263,339.2670
2656.509,0.0,0.0000,246.2569,2656.4400,4016.2100,2656.1754,3.6633,63.1567,-0.0097,25.4276,0.2023,0.4953,7.1959,0.1321,350.7739
2656.509,1157.0208,0.0000,5001.0365,1499.4490,4264.9000,1499.4862,2.8410,1653.8437,-0.9110,1415.6461,0.0187,0.0454,22.4208,0.3633,544.6284
2656.509,0.0,0.0000,411.1400,2656.4400,4264.9000,2656.5131,3.1574,122.3373,-0.1325,374.1052,0.1374,0.3672,11.3140,0.4009,1061.0647
2656.509,1157.0208,0.0000,2004.9555,1499.4490,4450.2000,1499.4451,3.1813,592.1074,-0.5875,900.1148,0.0514,0.1252,19.7213,0.3378,506.3710
2656.509,0.0,0.0000,219.4654,2656.4400,4450.2000,2656.6521,3.2778,62.9047,0.0901,-222.3120,0.2625,0.6401,10.3855,0.1806,479.5313
2656.509,1157.0208,0.0000,247.7782,1499.4490,4571.5000,1499.2842,3.2948,70.6527,-0.0585,93.8658,0.3035,0.7402,13.4170,0.2338,350.4523
2656.509,0.0,1000000000,0,2656.4400,4571.5000,0,0,0,0,0,0,0,0,0,0
2656.509,1157.0208,0.0000,834.3020,1499.4490,5091.1000,1499.4179,2.5144,311.7345,0.2532,-357.3121,0.0542,0.1307,13.8049,0.2108,316.0411
2656.509,0.0,0.0000,219.1956,2656.4400,5091.1000,2656.0057,5.3074,38.8017,-0.1170,318.6959,0.3149,0.7867,4.7694,0.1050,278.7856
2656.509,1157.0208,0.0000,204918.4374,1499.4490,651.3530,1499.4277,2.8290,68054.2313,-5.4542,9279.2072,0.0114,0.0278,566.8457,9.1665,13740.3664
2656.509,0.0,0.0000,17938.6254,2656.4400,651.3530,2656.5359,3.5308,4773.2591,5.9681,-15279.2608,0.0320,0.0784,89.3698,1.6113,4279.3221
2656.509,1157.0208,0.0000,1647.4549,1499.4490,8474.3000,1499.4319,2.9698,521.1851,-0.0499,77.0186,0.0144,0.0349,5.1885,0.0859,128.8005
2656.509,0.0,0.0000,151.5399,2656.4400,8474.3000,2656.5126,3.8082,37.3857,-0.0069,18.6014,0.0473,0.1161,0.9588,0.0179,47.6434
2978.1,1157.0208,0.0000,198.0890,1821.5000,8151.0000,1821.6478,2.7533,67.5936,-0.1292,238.8208,0.1119,0.2711,5.6526,0.0902,164.2729
3044.292,1157.0208,0.0000,5975.1902,1887.3400,1314.1000,1887.1039,3.0702,1828.4702,0.0873,-105.4779,0.0206,0.0500,25.2428,0.4249,801.7174
3044.292,2283.119,0.0000,11086.9354,761.1200,1314.1000,761.1753,2.3920,4354.5487,0.1310,149.2212,0.0190,0.0459,71.0154,1.0561,803.7991
3044.292,1157.0208,0.0000,37558.2955,1887.3400,1539.4000,1887.0405,2.9909,11797.8906,-2.5244,4954.0337,0.0110,0.0266,89.0182,1.4791,2791.1397
3044.292,2283.119,0.0000,71233.7798,761.1200,1539.4000,761.1270,2.4119,27748.2303,-1.4399,1952.0258,0.0060,0.0144,141.1366,2.1067,1603.3762
3044.292,1157.0208,0.0000,1125.2700,1887.3400,1606.1000,1886.5408,4.0749,259.4446,0.1793,-340.9887,0.1428,0.3514,18.7797,0.3632,685.3964
3044.292,2283.119,0.0000,720.0763,761.1200,1606.1000,761.1660,1.5529,435.6592,0.5692,-392.2122,0.1295,0.3867,85.2635,0.8705,662.4812
3044.292,1157.0208,0.0000,1009.3776,1887.3400,1839.2000,1886.6485,2.8018,338.4631,-0.1626,310.1978,0.1445,0.3503,35.9220,0.5781,1090.9900
3044.292,2283.119,0.0000,2063.9722,761.1200,1839.2000,761.1414,2.6843,722.3925,0.4388,-264.6331,0.1019,0.2468,56.4151,0.8888,676.4214
3044.292,1157.0208,0.0000,3549.5778,1887.3400,1860.8000,1887.0539,3.0384,1097.5788,0.6483,-1196.0546,0.0281,0.0683,20.9034,0.3500,660.5095
3044.292,2283.119,0.0000,6591.2065,761.1200,1860.8000,761.1124,2.6620,2326.2714,-0.2186,352.2009,0.0340,0.0824,61.1540,0.9594,730.1854
3044.292,1157.0208,0.0000,4335.6685,1887.3400,1961.0000,1887.0660,3.0137,1351.6093,0.0920,-141.7976,0.0293,0.0711,27.0306,0.4508,850.7103
3044.292,2283.119,0.0000,8330.3533,761.1200,1961.0000,761.1227,2.4555,3187.2836,-0.2696,383.7089,0.0234,0.0566,62.4493,0.9408,716.0057
3044.292,1157.0208,0.0000,6411.2271,1887.3400,1981.9000,1887.0229,3.0705,1961.7301,0.1756,-292.9331,0.0201,0.0490,26.5004,0.4460,841.6944
3044.292,2283.119,0.0000,12354.1922,761.1200,1981.9000,761.1188,2.4366,4763.4700,0.5841,-146.2808,0.0144,0.0349,57.9360,0.8693,661.6150
3044.292,1157.0208,0.0000,1248.1281,1887.3400,2012.4000,1886.5899,2.4386,480.8569,0.2543,-415.7541,0.1308,0.3145,52.9259,0.7967,1503.4577
3044.292,2283.119,0.0000,2406.0930,761.1200,2012.4000,761.4574,3.9325,574.8296,1.9303,-1319.1404,0.2297,0.5644,69.3403,1.3178,1002.8496
3044.292,1157.0208,0.0000,2608.6050,1887.3400,2052.1000,1887.0262,3.0923,792.5530,-0.7367,1443.2504,0.0570,0.1386,30.0765,0.5080,958.6060
3044.292,2283.119,0.0000,4218.0615,761.1200,2052.1000,761.2414,2.5534,1551.9908,3.3031,-2063.5603,0.0450,0.1089,56.2986,0.8655,658.7215
3044.292,1157.0208,0.0000,3289.4748,1887.3400,2085.2000,1886.6962,3.0375,1017.4437,0.6670,-1063.5675,0.0423,0.1028,29.1720,0.4885,921.7589
3044.292,2283.119,0.0000,6217.0777,761.1200,2085.2000,761.0259,2.6345,2217.1516,1.0008,-235.0190,0.0264,0.0639,45.6542,0.7125,542.2643
3044.292,1157.0208,0.0000,22886.6295,1887.3400,2186.2000,1887.0394,3.0507,7048.3942,1.6304,-3076.2653,0.0155,0.0377,73.8017,1.2383,2336.6206
3044.292,2283.119,0.0000,42667.3763,761.1200,2186.2000,761.1229,2.4304,16494.0489,-1.5667,1440.8292,0.0089,0.0215,123.8059,1.8553,1411.9984
3044.292,1157.0208,0.0000,988.6805,1887.3400,2244.2000,1886.9863,2.4156,384.5236,-0.0916,183.4818,0.0476,0.1156,15.6178,0.2332,439.9957
3044.292,2283.119,0.0000,2241.1449,761.1200,2244.2000,761.2085,3.0996,679.2975,-0.8704,686.5978,0.0903,0.2196,40.7559,0.6892,524.5211
3044.292,1157.0208,0.0000,12930.4501,1887.3400,2297.3000,1887.0125,3.1576,3847.2555,-1.3022,2508.6199,0.0190,0.0463,47.7354,0.8146,1537.1310
3044.292,2283.119,0.0000,23768.0318,761.1200,2297.3000,761.1236,2.4232,9215.1647,1.5510,-562.9017,0.0111,0.0270,87.3164,1.3065,994.3335
3044.292,1157.0208,0.0000,3130.9640,1887.3400,2333.3000,1886.9634,2.7646,1064.0232,-0.3741,743.3466,0.0496,0.1204,39.3273,0.6286,1186.2282
3044.292,2283.119,0.0000,5681.5106,761.1200,2333.3000,761.0695,2.2658,2355.8477,-0.6087,685.2206,0.0305,0.0748,65.7127,0.9476,721.2466
3044.292,1157.0208,0.0000,1327.8788,1887.3400,2414.0000,1887.0374,1.9963,624.9302,0.1819,-294.7814,0.0963,0.2497,64.3942,0.8520,1607.7661
3044.292,2283.119,0.0000,3098.2363,761.1200,2414.0000,761.1745,2.3480,1239.7004,-2.2585,1897.7172,0.0690,0.1673,75.0714,1.1058,841.6296
3044.292,1157.0208,0.0000,1264.9650,1887.3400,2458.1000,1887.0407,2.8452,417.7029,-0.3301,616.8830,0.0731,0.1773,22.0862,0.3581,675.6999
3044.292,2283.119,0.0000,1887.3883,761.1200,2458.1000,761.1633,2.0383,869.9459,-0.3757,292.9987,0.0666,0.1653,59.2736,0.8059,613.3858
3044.292,1157.0208,0.0000,1341.9100,1887.3400,2504.4000,1887.3270,2.6636,473.3250,-0.5938,1122.7341,0.0977,0.2365,35.7179,0.5608,1058.1567
3044.292,2283.119,0.0000,3306.4366,761.1200,2504.4000,761.1467,2.2823,1361.0812,-0.5741,459.4769,0.0468,0.1139,57.6120,0.8356,635.9259
3044.292,1157.0208,0.0000,1808.4007,1887.3400,2550.3000,1887.1879,4.0757,416.8583,-0.1935,381.0188,0.1188,0.2923,25.0965,0.4853,915.7861
3044.292,2283.119,0.0000,3376.4567,761.1200,2550.3000,761.0263,2.8019,1132.1793,0.6139,-266.3975,0.0685,0.1663,57.0195,0.9175,698.2794
3044.292,1157.0208,0.0000,22582.0613,1887.3400,263.5300,1886.5819,4.4360,4782.6745,20.1592,-38028.3310,0.2205,0.5450,491.5773,9.9101,18702.2489
3044.292,2283.119,0.0000,25288.9834,761.1200,263.5300,761.1337,2.6684,8903.8380,2.6407,-1068.0762,0.0631,0.1528,433.1896,6.8044,5178.6774
3044.292,1157.0208,0.0000,17323.9600,1887.3400,2688.7000,1887.0467,3.0208,5387.9807,-0.7514,1455.0657,0.0126,0.0305,46.1122,0.7699,1452.9165
3044.292,2283.119,0.0000,32392.9227,761.1200,2688.7000,761.1330,2.4046,12656.5924,-1.0310,1051.7855,0.0067,0.0162,72.5741,1.0817,823.2301
3044.292,1157.0208,0.0000,14098.1221,1887.3400,2730.7000,1887.0394,2.9687,4461.7099,-0.6586,1280.4356,0.0154,0.0373,47.5710,0.7875,1486.1158
3044.292,2283.119,0.0000,26102.0291,761.1200,2730.7000,761.1144,2.3620,10382.2344,-0.5523,732.8560,0.0089,0.0216,80.4334,1.1874,903.7190
3044.292,1157.0208,0.0000,1448.1633,1887.3400,2822.2000,1886.6893,3.2628,416.9882,0.3148,-588.8704,0.0940,0.2293,24.7750,0.4296,810.7977
3044.292,2283.119,0.0000,3013.2051,761.1200,2822.2000,761.1442,2.0690,1368.2408,-0.1942,169.9621,0.0274,0.0680,37.7392,0.5170,393.4509
3044.292,1157.0208,0.0000,1577.1430,1887.3400,2846.8000,1886.9015,3.1914,464.2916,-0.4503,948.6067,0.0826,0.2013,24.7754,0.4250,801.9823
3044.292,2283.119,0.0000,3066.3903,761.1200,2846.8000,761.0769,2.3191,1242.2451,1.9478,-411.2553,0.0446,0.1086,49.2813,0.7200,548.0203
3044.292,1157.0208,0.0000,3099.6187,1887.3400,2862.7000,1887.0878,3.0385,958.4022,-0.0263,69.3762,0.0268,0.0652,17.4134,0.2916,550.2457
3044.292,2283.119,0.0000,5390.7158,761.1200,2862.7000,761.0567,2.4536,2064.1527,-0.1754,287.8582,0.0230,0.0558,39.8416,0.5997,456.4637
3044.292,1157.0208,0.0000,3733.9532,1887.3400,2890.7000,1886.8704,3.3230,1055.7022,-1.0845,2075.9422,0.0555,0.1353,36.3313,0.6357,1199.5962
3044.292,2283.119,0.0000,6577.8367,761.1200,2890.7000,761.0960,2.4725,2499.4996,0.5839,-232.0879,0.0268,0.0649,55.7565,0.8428,641.4279
3044.292,1157.0208,0.0000,5169.7185,1887.3400,2950.5000,1887.0551,2.9728,1633.8114,-0.3970,853.3450,0.0212,0.0514,23.9572,0.3969,748.9336
3044.292,2283.119,0.0000,10129.7902,761.1200,2950.5000,761.1197,2.3408,4065.6993,0.7794,623.3325,0.0165,0.0402,59.1611,0.8693,661.5841
3044.292,1157.0208,0.0000,876.2489,1887.3400,3048.4000,1887.2007,3.0004,274.3769,-0.2446,493.1543,0.0657,0.1598,12.3826,0.2061,388.8652
3044.292,2283.119,0.0000,1744.4605,761.1200,3048.4000,761.0097,2.2054,743.1444,1.4204,-1011.9836,0.0586,0.1446,41.0109,0.5817,442.7434
3044.292,1157.0208,0.0000,1960.5062,1887.3400,3101.6000,1886.8284,2.8170,653.8648,1.6396,-3048.4895,0.0856,0.2076,40.8895,0.6597,1244.9304
3044.292,2283.119,0.0000,3872.4489,761.1200,3101.6000,761.3070,2.6879,1353.5263,-1.9076,1565.8975,0.0698,0.1690,72.3273,1.1406,868.0137
3044.292,1157.0208,0.0000,1768.0557,1887.3400,3166.7000,1886.8531,3.2691,508.1299,-0.2986,559.4597,0.0619,0.1510,19.8433,0.3444,649.9592
3044.292,2283.119,0.0000,2518.9002,761.1200,3166.7000,760.9828,2.1881,1081.5465,0.1882,-120.0625,0.0498,0.1231,51.1570,0.7221,549.6274
3044.292,1157.0208,0.0000,3202.2789,1887.3400,3180.8000,1887.0624,2.8294,1063.3401,0.2025,-345.5210,0.0345,0.0837,26.6846,0.4314,814.1420
3044.292,2283.119,0.0000,5555.6649,761.1200,3180.8000,761.1315,2.1525,2424.9175,1.4715,-858.4579,0.0297,0.0731,69.4317,0.9736,741.0254
3044.292,1157.0208,0.0000,1170.7598,1887.3400,3187.1000,1887.1486,3.5010,314.1812,-0.2840,554.9859,0.0929,0.2271,17.1970,0.3087,582.5064
3044.292,2283.119,0.0000,1964.2050,761.1200,3187.1000,760.9961,2.6416,698.5774,-0.1133,215.1327,0.0929,0.2251,50.5494,0.7899,601.2250
3044.292,1157.0208,0.0000,5257.0037,1887.3400,3195.8000,1887.0616,3.0793,1603.9419,-0.0707,152.9944,0.0158,0.0383,16.9031,0.2849,537.6266
3044.292,2283.119,0.0000,9602.1574,761.1200,3195.8000,761.1248,2.4162,3733.7447,0.2508,-115.0516,0.0145,0.0351,46.0909,0.6886,524.0857
3044.292,1157.0208,0.0000,724.7631,1887.3400,3520.4000,1886.8738,2.4193,281.4521,-0.9382,1798.0365,0.0717,0.1738,17.1719,0.2567,484.4625
3044.292,2283.119,0.0000,1361.4274,761.1200,3520.4000,761.1255,3.0617,417.7609,0.7128,-467.5226,0.1033,0.2513,29.0416,0.4881,371.5111
3044.292,1157.0208,0.0000,3897.4842,1887.3400,3529.1000,1887.0062,3.0228,1211.3775,-0.2054,428.4371,0.0250,0.0608,20.6419,0.3448,650.6002
3044.292,2283.119,0.0000,7470.9845,761.1200,3529.1000,761.0798,2.6087,2690.6820,0.4035,-67.0270,0.0159,0.0385,33.7092,0.5235,398.4345
3044.292,1157.0208,0.0000,1318.1443,1887.3400,3534.2000,1886.8993,2.8519,434.2470,-0.0824,191.3241,0.0451,0.1095,14.1433,0.2296,433.2090
3044.292,2283.119,0.0000,2415.4599,761.1200,3534.2000,761.0654,2.6855,845.0375,0.3547,-69.6692,0.0563,0.1365,36.4638,0.5745,437.2713
3044.292,1157.0208,0.0000,523.3618,1887.3400,3554.0000,1886.9192,2.2623,217.3430,-0.0369,71.0090,0.0855,0.2092,16.9917,0.2449,462.0893
3044.292,2283.119,0.0000,1323.0163,761.1200,3554.0000,761.1212,3.0457,408.1133,-0.6578,514.0768,0.0984,0.2392,27.1511,0.4552,346.4321
3044.292,1157.0208,0.0000,9419.9483,1887.3400,3628.9000,1886.9921,3.0804,2873.0575,-0.4330,845.2961,0.0121,0.0295,23.2693,0.3923,740.2453
3044.292,2283.119,0.0000,17687.7040,761.1200,3628.9000,761.1107,2.4401,6810.1547,-1.2098,1065.4523,0.0071,0.0173,41.0767,0.6168,469.4058
3044.292,1157.0208,0.0000,1194.7158,1887.3400,3805.1400,1887.0715,2.1987,510.4978,-0.0384,97.1760,0.0410,0.1010,19.7575,0.2800,528.3185
3044.292,2283.119,0.0000,2081.6146,761.1200,3805.1400,761.0721,2.3478,832.9796,-1.1268,941.0058,0.0544,0.1324,39.8065,0.5855,445.6086
3044.292,1157.0208,0.0000,2955.6331,1887.3400,3809.6000,1887.1145,3.1801,873.2068,0.3370,-587.1173,0.0285,0.0693,16.1046,0.2758,520.3854
3044.292,2283.119,0.0000,5790.2204,761.1200,3809.6000,761.1407,2.4068,2260.2818,-0.8800,917.7127,0.0163,0.0395,31.4948,0.4697,357.4536
3044.292,1157.0208,0.0000,6000.8406,1887.3400,3877.0500,1886.9914,2.8895,1951.1518,-1.9177,3669.8954,0.0243,0.0591,33.8322,0.5527,1042.9619
3044.292,2283.119,0.0000,10892.1840,761.1200,3877.0500,761.0846,2.3535,4348.0408,-0.8811,890.8534,0.0134,0.0326,51.0952,0.7526,572.7954
3044.292,1157.0208,0.0000,6000.8384,1887.3400,3877.1000,1886.9914,2.8895,1951.1524,-1.9177,3669.8967,0.0243,0.0591,33.8323,0.5527,1042.9619
3044.292,2283.119,0.0000,10892.1826,761.1200,3877.1000,761.0846,2.3535,4348.0413,-0.8811,890.8535,0.0134,0.0326,51.0953,0.7526,572.7954
3044.292,1157.0208,0.0000,1663.9758,1887.3400,3936.0000,1887.0054,2.9660,527.0777,0.1478,-265.7608,0.0695,0.1688,25.4208,0.4207,793.7962
3044.292,2283.119,0.0000,2974.6276,761.1200,3936.0000,761.1174,2.3652,1181.5894,-0.0285,57.7058,0.0588,0.1429,60.5951,0.8952,681.3308
3044.292,1157.0208,0.0000,794.1915,1887.3400,4052.5000,1886.8341,2.9674,251.4499,0.0881,-160.1013,0.0821,0.1995,14.3291,0.2372,447.5672
3044.292,2283.119,0.0000,1508.8977,761.1200,4052.5000,761.1056,2.4642,575.2919,-0.1580,183.1478,0.0497,0.1206,23.9066,0.3608,274.5650
3044.292,1157.0208,0.0000,838.2368,1887.3400,4060.5000,1887.1688,3.4672,227.1342,-0.4312,814.8389,0.1146,0.2800,15.4847,0.2766,522.0258
3044.292,2283.119,0.0000,1168.7958,761.1200,4060.5000,761.0765,1.7765,618.1172,-1.0633,855.2236,0.0740,0.2153,59.3439,0.6986,531.6813
3044.292,1157.0208,0.0000,2772.9600,1887.3400,4108.7000,1887.0733,3.0239,861.5445,0.4963,-922.9196,0.0433,0.1052,25.3866,0.4241,800.2904
3044.292,2283.119,0.0000,5417.0707,761.1200,4108.7000,761.1440,2.3439,2171.3224,-0.4998,451.7849,0.0196,0.0476,37.4421,0.5507,419.1595
3044.292,1157.0208,0.0000,420.7259,1887.3400,4183.3000,1886.5811,2.1922,180.3124,0.3162,-589.1008,0.0765,0.1803,12.7986,0.1839,347.0545
3044.292,2283.119,0.0000,885.9350,761.1200,4183.3000,761.2743,2.7859,298.7734,0.2930,-198.3933,0.1054,0.2555,23.2595,0.3733,284.0721
3044.292,1157.0208,0.0000,9130.8471,1887.3400,4208.7000,1887.0433,3.0275,2833.4882,-0.4041,852.4478,0.0153,0.0373,29.5615,0.4941,932.4527
3044.292,2283.119,0.0000,16802.0485,761.1200,4208.7000,761.1050,2.3737,6650.1727,0.3194,330.7422,0.0077,0.0186,44.2588,0.6550,498.5210
3044.292,1157.0208,0.0000,542.5432,1887.3400,4436.6000,1886.7897,2.2084,230.8147,-0.0617,134.1164,0.0828,0.2006,17.8207,0.2546,480.3858
3044.292,2283.119,0.0000,1215.1053,761.1200,4436.6000,761.0917,2.7565,414.1491,0.5448,-304.2357,0.0881,0.2136,27.2452,0.4349,330.9771
3044.292,1157.0208,0.0000,778.4720,1887.3400,4657.6000,1887.0843,3.0027,243.5752,0.6234,-1152.5558,0.1285,0.3124,21.4748,0.3575,674.6397
3044.292,2283.119,0.0000,1064.2105,761.1200,4657.6000,761.2038,1.8368,544.3446,-1.5772,1244.0803,0.0807,0.2024,50.1355,0.6416,488.3240
3044.292,1157.0208,0.0000,3450.3408,1887.3400,667.3000,1886.9472,2.5921,1250.5566,-0.3824,963.7859,0.0575,0.1393,57.1057,0.8840,1668.1641
3044.292,2283.119,0.0000,8418.1426,761.1200,667.3000,761.1656,2.4740,3196.8483,1.9863,-649.0368,0.0547,0.1325,145.5225,2.2013,1675.3377
3044.292,1157.0208,0.0000,7513.0870,1887.3400,8086.4000,1886.9783,3.0518,2312.9171,-0.4119,789.6395,0.0119,0.0291,18.6526,0.3130,590.6717
3044.292,2283.119,0.0000,14016.0626,761.1200,8086.4000,761.1045,2.3968,5494.0643,-0.4469,441.6913,0.0053,0.0129,25.1325,0.3738,284.5290
3044.292,1157.0208,0.0000,213635.9914,1887.3400,869.4700,1887.0363,3.0241,66370.8012,-8.5792,17234.5414,0.0082,0.0199,370.4706,6.1892,11679.1836
3044.292,2283.119,0.0000,399256.3549,761.1200,869.4700,761.1369,2.4009,156237.9320,-8.4226,10852.6862,0.0060,0.0146,806.5287,12.0116,9141.8114
3044.292,1157.0208,0.0000,129511.5914,1887.3400,878.2500,1887.0311,3.0262,40207.3001,-2.8280,5749.0277,0.0091,0.0221,248.2919,4.1495,7830.1840
3044.292,2283.119,0.0000,242560.9870,761.1200,878.2500,761.1320,2.3955,95131.3470,-7.4168,7830.4994,0.0055,0.0132,446.0593,6.6351,5049.8698
3044.292,1157.0208,0.0000,96759.8192,1887.3400,966.6000,1887.0253,2.9976,30326.4590,-7.1873,13974.5418,0.0098,0.0238,204.2772,3.3980,6412.1020
3044.292,2283.119,0.0000,182306.2309,761.1200,966.6000,761.1142,2.3997,71375.7051,-8.3533,7914.0522,0.0055,0.0133,336.1878,5.0044,3808.7547
3285.004,2283.119,0.0000,1965.8872,1001.8690,1844.7000,1001.8021,2.9004,636.7902,1.0733,-1021.3950,0.0740,0.1796,33.4362,0.5475,547.9904
3285.004,2283.119,0.0000,6565.5125,1001.8690,2003.5000,1001.8811,2.4775,2489.7291,-2.1790,2330.4854,0.0347,0.0841,71.7727,1.0866,1087.5946
3285.004,2283.119,0.0000,44358.1238,1001.8690,2056.9000,1001.8915,2.5454,16372.4899,-3.6152,3939.1972,0.0079,0.0192,105.1133,1.6132,1614.7317
3285.004,2283.119,0.0000,19790.0599,1001.8690,2448.2000,1001.8797,2.5911,7175.7192,-2.2521,2412.9427,0.0142,0.0343,80.7946,1.2512,1252.3110
3285.004,2283.119,0.0000,22616.8008,1001.8690,2581.5000,1001.8486,2.5390,8368.8821,-2.1548,2379.1941,0.0083,0.0200,56.1307,0.8605,861.2849
3285.004,2283.119,0.0000,4140.6389,1001.8690,2709.5000,1001.9273,2.5754,1510.5034,0.1045,-43.5373,0.0345,0.0835,41.5972,0.6422,642.7544
3285.004,2283.119,0.0000,11555.1660,1001.8690,2861.5000,1001.8880,2.5794,4208.8057,-1.2556,1335.1812,0.0151,0.0366,50.7430,0.7840,784.7238
3285.004,2283.119,0.0000,6364.6100,1001.8690,3695.4000,1001.8555,2.6776,2233.1893,-0.9170,980.6649,0.0206,0.0500,35.3921,0.5571,557.6309
3285.004,2283.119,0.0000,3002.0670,1001.8690,3812.8000,1001.9038,2.6039,1083.1896,0.1742,-79.9038,0.0308,0.0746,26.3591,0.4092,409.5573
3285.004,2283.119,0.0000,700961.9569,1001.8690,628.7100,1001.8825,2.5559,257657.8214,57.7501,-52323.1837,0.0123,0.0297,2542.6691,39.1057,39142.0691
3285.004,2283.119,0.0000,504044.4786,1001.8690,637.6800,1001.8783,2.5673,184455.3442,-30.5477,33436.7691,0.0062,0.0149,911.3365,14.0476,14060.6095
3285.004,2283.119,0.0000,380144.8372,1001.8690,806.9500,1001.8743,2.5630,139348.3691,-28.1596,30465.9652,0.0059,0.0143,662.8546,10.2089,10218.3555
3301.36,1157.0208,0.0000,1110.8067,2144.2700,1107.9800,2143.8180,4.0002,260.8915,0.6276,-1287.4405,0.3886,0.9555,52.3511,1.0031,2150.8043
3301.36,1883.516,0.0000,257.0556,1417.0000,1283.4000,1417.6071,2.5757,93.7624,0.6446,-828.0095,0.5981,1.4446,44.7591,0.6916,979.8997
3301.36,1157.0208,0.0000,20287.1030,2144.2700,1283.4000,2143.8992,3.2227,5914.2856,1.8969,-3973.9122,0.0173,0.0420,65.2627,1.1249,2411.7838
3301.36,0.0,0.0000,6792.8802,3301.3300,1283.4000,3301.0789,3.8883,1641.3140,-0.4135,1395.0761,0.0263,0.0647,22.9626,0.4339,1432.3727
3301.36,1883.516,0.0000,277.8256,1417.0000,1349.4000,1417.2487,2.6169,99.7447,-1.6920,2457.5456,0.7715,1.8669,60.4930,0.9413,1333.8949
3301.36,1157.0208,0.0000,13263.4629,2144.2700,1349.4000,2143.8902,3.1133,4002.5671,0.7523,-1552.8836,0.0205,0.0498,54.1953,0.9184,1969.1427
3301.36,0.0,0.0000,4714.2242,3301.3300,1349.4000,3301.1768,3.8822,1140.8749,-0.6985,2329.5581,0.0313,0.0770,19.0181,0.3591,1185.4150
3301.36,1157.0208,0.0000,911.3311,2144.2700,1582.8000,2143.7855,2.7143,315.4374,-0.3193,691.6960,0.0847,0.2053,20.2598,0.3210,688.1809
3301.36,0.0,0.0000,567.9989,3301.3300,1582.8000,3301.0823,5.6147,95.0428,-0.1042,345.2442,0.2876,0.7212,10.0891,0.2283,753.4972
3301.36,1883.516,1000000000,0,1417.0000,1603.7000,0,0,0,0,0,0,0,0,0,0
3301.36,1157.0208,0.0000,1015.5684,2144.2700,1603.7000,2144.0954,2.9793,320.2594,0.4573,-949.4101,0.1563,0.3797,34.5984,0.5738,1230.2075
3301.36,0.0,0.0000,276.8400,3301.3300,1603.7000,3300.8390,4.0834,63.6951,0.3126,-1014.3513,0.5067,1.2471,16.3287,0.3161,1043.3144
3301.36,1157.0208,0.0000,13466.5462,2144.2700,1995.8000,2143.9042,3.1661,3996.1166,2.6277,-5484.5969,0.0521,0.1270,135.6082,2.3171,4968.0017
3301.36,0.0,0.0000,4623.7186,3301.3300,1995.8000,3301.0262,4.0614,1069.5912,0.1853,-573.7763,0.0361,0.0888,19.6363,0.3791,1251.2803
3301.36,1883.516,1000000000,0,1417.0000,2247.7000,0,0,0,0,0,0,0,0,0,0
3301.36,1157.0208,0.0000,1706.1669,2144.2700,2247.7000,2144.0040,3.0863,519.3739,0.6833,-1402.9487,0.0583,0.1417,20.1985,0.3408,730.7550
3301.36,0.0,0.0000,620.4616,3301.3300,2247.7000,3300.4325,5.0751,114.8608,0.1168,-358.0444,0.3038,0.7569,14.2374,0.3067,1012.3482
3301.36,1157.0208,0.0000,4332.2762,2144.2700,2291.4000,2143.8717,3.2384,1256.8581,0.0906,-187.3572,0.0374,0.0911,29.9155,0.5169,1108.1773
3301.36,0.0,0.0000,1542.4063,3301.3300,2291.4000,3300.8962,3.9266,369.0469,0.0523,-152.3330,0.0680,0.1670,13.1963,0.2506,827.1419
3301.36,1883.516,10000000000,0,1417.0000,2474.9000,0,0,0,0,0,0,0,0,0,0
3301.36,1157.0208,0.0000,3330.4829,2144.2700,2474.9000,2143.8926,3.0499,1025.9300,1.7223,-3614.5718,0.1025,0.2492,71.0158,1.1914,2554.3913
3301.36,0.0,0.0000,1334.0847,3301.3300,2474.9000,3301.1168,4.4133,284.0024,-0.1267,427.4631,0.1042,0.2574,13.8585,0.2786,919.7672
3301.36,1883.516,0.0000,278.0930,1417.0000,2589.3000,1419.8637,2.0891,125.0663,1.2971,-1803.1619,0.2985,0.7417,37.2717,0.5152,729.8895
3301.36,1157.0208,0.0000,1242.4875,2144.2700,2589.3000,2143.9087,2.7304,427.5270,1.1991,-2533.8415,0.1780,0.4316,57.3760,0.9115,1954.3306
3301.36,0.0,0.0000,459.9769,3301.3300,2589.3000,3301.0666,3.6269,119.1528,0.2519,-825.4914,0.1773,0.4341,12.0197,0.2195,724.6466
3301.36,1883.516,1000000000,0,1417.0000,2924.0000,0,0,0,0,0,0,0,0,0,0
3301.36,1157.0208,0.0000,2183.2260,2144.2700,2924.0000,2143.8575,3.2966,622.2137,0.0025,14.1714,0.0765,0.1865,29.7607,0.5187,1112.1095
3301.36,0.0,0.0000,938.6264,3301.3300,2924.0000,3300.9304,4.9716,177.3767,-0.5763,1907.8036,0.1845,0.4591,13.6303,0.2905,958.9849
3301.36,1883.516,1000000000.0000,0.0000,1417.0000,3621.1000,0.0000,0.0000,0.0000,0.0000,0.0000,0.0000,0.0000,0.0000,0.0000,0.0000
3301.36,1157.0208,-2.0000,1220.4098,2144.2700,3621.1000,2150.2307,5.5360,207.1137,2.5962,-5402.9424,1.5248,3.9378,119.4566,2.8515,6105.5537
3301.36,0.0,0.0000,157.6548,3301.3300,3621.1000,3300.7449,1.7597,84.1711,1.5466,-5043.0014,0.5806,1.3823,56.2669,0.7169,2366.5785
3301.36,1157.0208,0.0000,11566.6449,2144.2700,475.2000,2143.8728,3.1654,3433.0823,4.1633,-8473.9806,0.1279,0.3114,285.8144,4.8831,10469.7680
3301.36,0.0,0.0000,4485.9844,3301.3300,475.2000,3301.1212,4.4243,952.6029,0.3665,-1063.3367,0.0887,0.2192,39.4876,0.7949,2623.9463
3301.36,1883.516,0.0000,118.2541,1417.0000,7829.3000,1417.5765,2.2407,49.5830,-0.0119,36.8375,0.1367,0.3240,6.1685,0.0894,126.7400
3301.36,1157.0208,0.0000,8135.0665,2144.2700,7829.3000,2143.8558,3.0749,2485.5821,2.9640,-6258.1487,0.0920,0.2239,153.2864,2.5819,5535.8031
3301.36,0.0,0.0000,2948.5733,3301.3300,7829.3000,3301.0668,3.8095,727.1859,-0.1799,599.3706,0.0247,0.0605,9.7224,0.1819,600.4204
3301.36,1157.0208,0.0000,12107.3360,2144.2700,894.2000,2143.8482,3.2401,3510.6397,-4.0917,8813.2838,0.0540,0.1317,120.6371,2.0848,4470.0309
3301.36,0.0,0.0000,3767.4696,3301.3300,894.2000,3301.1750,3.5627,993.5051,1.3120,-4284.8617,0.0589,0.1440,33.8624,0.6131,2023.7479
3307.872,2283.119,0.0000,4312.0157,1024.7380,1007.7000,1024.7870,2.8479,1422.5317,-2.3779,2651.0792,0.0785,0.1905,80.7369,1.3101,1341.4794
3307.872,1157.0208,0.0000,9038.2293,2150.8050,1007.7000,2150.4980,3.2358,2624.2114,-0.2871,655.7877,0.0308,0.0752,51.5487,0.8904,1914.3456
3307.872,3044.292,1000000000,0,263.5300,1007.7000,0,0,0,0,0,0,0,0,0,0
3307.872,2656.509,0.0000,5802.3109,651.3530,1007.7000,650.9610,2.4622,2214.0082,-0.0007,315.5992,0.0558,0.1399,104.4437,2.6691,1755.9514
3307.872,2283.119,0.0000,31004.8941,1024.7380,1050.6000,1024.7496,2.5268,11527.9481,-1.2854,1882.9020,0.0103,0.0250,96.9571,1.4834,1518.9536
3307.872,1157.0208,0.0000,67490.6094,2150.8050,1050.6000,2150.5068,3.1601,20065.1923,-2.4387,5420.2860,0.0122,0.0296,159.1857,2.7179,5843.3898
3307.872,3044.292,0.0000,1523.9671,263.5300,1050.6000,263.2478,2.5950,551.7373,-9.2378,4151.8665,0.5914,1.4309,258.6686,4.0086,1055.2845
3307.872,2656.509,0.0000,19847.1201,651.3530,1050.6000,651.1884,2.2775,8187.1136,2.8361,-1061.4958,0.0287,0.0696,212.5048,3.0822,2006.8017
3307.872,2283.119,0.0000,5977.6332,1024.7380,1091.1000,1024.8363,2.3578,2381.8663,-7.6638,8165.1918,0.0582,0.1411,121.0646,1.7875,1830.2763
3307.872,1157.0208,0.0000,14441.0717,2150.8050,1091.1000,2150.5353,3.1348,4328.0385,-0.4098,966.9661,0.0227,0.0554,64.7044,1.1004,2365.8637
3307.872,3044.292,1000000000.0000,0.0000,263.5300,1091.1000,0.0000,0.0000,0.0000,0.0000,0.0000,0.0000,0.0000,0.0000,0.0000,0.0000
3307.872,2656.509,0.0000,5059.3778,651.3530,1091.1000,651.1154,2.3638,2010.8771,-2.3075,1773.6708,0.1013,0.2461,177.6583,2.6238,1708.3497
3307.872,2283.119,0.0000,2352.0506,1024.7380,1244.7500,1024.6938,2.0674,1068.8902,0.5267,-451.5374,0.0731,0.1728,76.9167,1.0722,1097.9634
3307.872,1157.0208,0.0000,5011.9610,2150.8050,1244.7500,2150.4627,3.0263,1555.9620,0.3111,-637.0372,0.0378,0.0919,40.0519,0.6695,1439.3093
3307.872,2656.509,1000000000.0000,0.0000,651.3530,1244.7500,0.0000,0.0000,0.0000,0.0000,0.0000,0.0000,0.0000,0.0000,0.0000,0.0000
3307.872,2283.119,0.0000,5004.4799,1024.7380,1276.0000,1024.7283,2.7628,1701.8308,-3.7336,3986.8449,0.0554,0.1343,70.2309,1.1228,1149.6347
3307.872,1157.0208,0.0000,10090.3061,2150.8050,1276.0000,2150.5079,3.1027,3055.3714,0.7373,-1522.7942,0.0201,0.0489,40.7562,0.6896,1482.6884
3307.872,2656.509,0.0000,3185.4872,651.3530,1276.0000,651.0416,2.2331,1340.2009,2.1654,-1168.8891,0.1096,0.2694,136.4119,1.9500,1269.6393
3307.872,2283.119,0.0000,1025.6039,1024.7380,1342.8000,1024.4090,3.0117,319.9414,0.5812,-545.5132,0.1817,0.4416,39.7561,0.6629,678.8310
3307.872,1157.0208,0.0000,2468.2186,2150.8050,1342.8000,2150.6789,3.0373,763.4804,0.1183,-236.7092,0.0736,0.1790,38.1075,0.6382,1372.0706
3307.872,3044.292,1000000000.0000,0.0000,263.5300,1342.8000,0.0000,0.0000,0.0000,0.0000,0.0000,0.0000,0.0000,0.0000,0.0000,0.0000
3307.872,2656.509,0.0000,2907.5335,651.3530,1342.8000,650.6474,2.8163,969.9516,2.8547,-1793.8917,0.0963,0.2334,68.2437,1.1011,717.0132
3307.872,2283.119,0.0000,2028.2294,1024.7380,1494.6000,1024.6900,2.4567,775.6462,-1.8156,2034.6568,0.1239,0.2987,80.3524,1.2131,1242.1441
3307.872,1157.0208,0.0000,5065.5756,2150.8050,1494.6000,2150.5512,3.3432,1423.5153,-0.1093,272.1968,0.0295,0.0719,25.8619,0.4540,975.9647
3307.872,2656.509,0.0000,10229.4522,651.3530,1494.6000,651.1558,2.8707,3347.8361,1.5267,-826.7239,0.0771,0.1872,185.2094,3.0161,1963.7383
3307.872,2283.119,0.0000,8155.6821,1024.7380,1575.9000,1024.7982,2.6695,2870.3309,-4.2147,4591.6810,0.0277,0.0672,61.3761,0.9647,987.8097
3307.872,1157.0208,0.0000,16871.4543,2150.8050,1575.9000,2150.5230,3.1222,5076.8471,1.1351,-2373.9395,0.0137,0.0333,45.7740,0.7769,1670.3702
3307.872,3044.292,0.0000,943.4648,263.5300,1575.9000,264.4046,2.1394,414.3216,-6.8794,2874.9060,0.3673,0.8600,144.1880,2.0531,540.1645
3307.872,2283.119,0.0000,898.2825,1024.7380,1597.3000,1024.9313,2.1596,390.7840,-0.1161,146.8387,0.1200,0.2973,45.2011,0.6337,648.8672
3307.872,1157.0208,0.0000,2542.6983,2150.8050,1597.3000,2150.4793,3.4367,695.1130,-0.2324,502.5797,0.0508,0.1242,21.2062,0.3773,811.1210
3307.872,3044.292,1000000000,0,263.5300,1597.3000,0,0,0,0,0,0,0,0,0,0
3307.872,2656.509,0.0000,736.2973,651.3530,1597.3000,651.3030,2.5962,266.4475,-0.8287,583.4402,0.3578,0.8651,75.5151,1.1708,762.2463
3307.872,2283.119,0.0000,7652.2623,1024.7380,1718.3000,1024.8063,2.5230,2849.5563,-0.8106,1007.2518,0.0252,0.0611,58.6363,0.8962,917.6549
3307.872,1157.0208,0.0000,16915.3696,2150.8050,1718.3000,2150.5051,3.2030,4961.5963,-1.1830,2602.8473,0.0166,0.0404,52.9152,0.9095,1955.3078
3307.872,3044.292,0.0000,425.1920,263.5300,1718.3000,264.7939,2.3372,170.9226,0.1567,-0.1446,0.9979,2.4158,150.2161,2.2124,581.9073
3307.872,2656.509,0.0000,4655.5672,651.3530,1718.3000,651.2390,2.2943,1906.4362,0.1094,156.0885,0.0372,0.0897,63.4910,0.9258,602.7403
3307.872,2283.119,0.0000,8011.1657,1024.7380,1788.5000,1024.7790,2.5706,2927.9513,-0.7801,932.9773,0.0237,0.0574,55.5767,0.8574,877.9752
3307.872,1157.0208,0.0000,16321.5034,2150.8050,1788.5000,2150.5347,3.1589,4854.3250,-0.3546,799.7587,0.0122,0.0298,38.7839,0.6621,1423.4327
3307.872,2656.509,0.0000,4578.4760,651.3530,1788.5000,651.1968,2.2521,1909.9706,0.2909,4.3274,0.0329,0.0796,57.3949,0.8278,538.9974
3307.872,2283.119,0.0000,2025.7357,1024.7380,1912.6000,1024.9319,2.6813,709.7967,-4.1596,4554.1199,0.1081,0.2620,58.8997,0.9278,949.9748
3307.872,1157.0208,0.0000,4020.3464,2150.8050,1912.6000,2150.5551,3.1385,1203.4772,0.0813,-116.1728,0.0258,0.0628,20.3786,0.3468,745.5734
3307.872,3044.292,1000000000.0000,0.0000,263.5300,1912.6000,0.0000,0.0000,0.0000,0.0000,0.0000,0.0000,0.0000,0.0000,0.0000,0.0000
3307.872,2656.509,0.0000,939.8540,651.3530,1912.6000,651.2210,1.7893,493.4892,-2.5228,2075.8448,0.1505,0.3731,86.2824,1.0922,711.1009
3307.872,2283.119,0.0000,4532.5964,1024.7380,1922.4000,1024.7375,2.5251,1686.4023,0.8718,-819.8114,0.0346,0.0835,47.4705,0.7261,743.4844
3307.872,1157.0208,0.0000,9969.0357,2150.8050,1922.4000,2150.5475,3.2126,2915.3681,-0.2639,566.4407,0.0237,0.0578,44.3904,0.7641,1642.7576
3307.872,3044.292,0.0000,682.3000,263.5300,1922.4000,262.8753,2.3465,273.1897,-0.7645,595.4780,0.9677,2.3511,232.2699,3.4174,899.8448
3307.872,2656.509,0.0000,2885.1777,651.3530,1922.4000,651.3166,2.3520,1152.4862,0.8568,-463.1478,0.0484,0.1163,48.6731,0.7196,468.5078
3307.872,2283.119,0.0000,1390.4405,1024.7380,1989.1700,1024.9952,2.8815,453.3531,-1.2607,1321.7454,0.1417,0.3440,45.8942,0.7492,767.0876
3307.872,1157.0208,0.0000,2750.4178,2150.8050,1989.1700,2150.6669,2.9360,880.1147,-0.9816,2124.1441,0.0540,0.1312,33.3542,0.5494,1181.0933
3307.872,1157.0208,0.0000,518.2859,2150.8050,2033.8000,2150.7044,3.0086,161.8499,0.1601,-339.7550,0.1454,0.3534,16.1089,0.2685,577.3173
3307.872,2656.509,0.0000,3642.2514,651.3530,2033.8000,650.6903,2.6839,1274.9860,-1.7740,1214.1284,0.0641,0.1553,62.6752,0.9876,643.1147
3307.872,2283.119,0.0000,16735.7233,1024.7380,2088.0000,1024.7281,2.6313,5975.6031,-1.9322,2489.2074,0.0150,0.0363,70.0997,1.0941,1120.3388
3307.872,1157.0208,0.0000,35145.4760,2150.8050,2088.0000,2150.5053,3.1264,10561.5661,-2.5545,5672.9740,0.0172,0.0418,119.5050,2.0297,4363.7603
3307.872,2656.509,0.0000,10002.6343,651.3530,2088.0000,651.2370,2.2838,4114.9328,-0.7109,1166.2022,0.0343,0.0829,127.1631,1.8498,1204.3603
3307.872,2283.119,0.0000,1470.1876,1024.7380,2150.9000,1024.3347,1.8972,728.0671,-20.3128,24059.7117,0.1216,0.2848,94.0729,2.4078,2484.0112
3307.872,1157.0208,0.0000,5466.2141,2150.8050,2150.9000,2151.1520,6.8036,754.8303,-0.2243,1346.3838,0.2689,0.6857,61.9336,1.5448,3320.2907
3307.872,2283.119,0.0000,6850.5941,1024.7380,2193.2000,1024.6868,2.6563,2422.9757,-0.2585,491.6422,0.0270,0.0652,50.5900,0.7933,812.3482
3307.872,1157.0208,0.0000,14382.0800,2150.8050,2193.2000,2150.4947,3.1449,4296.4882,-1.0767,2390.0673,0.0157,0.0382,44.1630,0.7523,1617.2989
3307.872,3044.292,1000000000.0000,0.0000,263.5300,2193.2000,0.0000,0.0000,0.0000,0.0000,0.0000,0.0000,0.0000,0.0000,0.0000,0.0000
3307.872,2656.509,0.0000,5838.6769,651.3530,2193.2000,651.3070,2.8466,1927.0231,-3.6912,2646.4675,0.0456,0.1155,64.4867,1.7998,1158.8719
3307.872,2283.119,0.0000,1610.9770,1024.7380,2264.6000,1024.7381,2.5116,602.6042,1.3198,-1333.0590,0.0918,0.2219,45.2984,0.6910,707.5978
3307.872,1157.0208,0.0000,3258.1391,2150.8050,2264.6000,2150.6047,2.8302,1081.5618,-0.2080,459.8766,0.0337,0.0818,26.5200,0.4290,922.3074
3307.872,3044.292,0.0000,1004.3394,263.5300,2264.6000,262.9943,2.3676,398.5382,-0.0484,77.4379,0.6399,1.5577,222.2438,3.2826,864.2967
3307.872,2656.509,0.0000,1179.2166,651.3530,2264.6000,651.4434,2.4697,448.5825,0.3882,-231.5531,0.1407,0.3385,52.4543,0.7944,517.2098
3307.872,2283.119,0.0000,2022.0152,1024.7380,2466.2000,1024.7025,2.9865,636.1021,-0.0175,92.9726,0.0858,0.2086,37.6492,0.6253,640.3050
3307.872,1157.0208,0.0000,3733.2354,2150.8050,2466.2000,2150.5799,3.2410,1082.2030,-1.1186,2437.6854,0.0319,0.0777,21.9362,0.3792,815.3197
3307.872,3044.292,1000000000,0,263.5300,2466.2000,0,0,0,0,0,0,0,0,0,0
3307.872,2656.509,0.0000,1306.1176,651.3530,2466.2000,651.0531,3.3369,367.7432,1.3454,-746.5886,0.3433,0.8375,77.9918,1.3674,890.3345
3307.872,2283.119,0.0000,5191.7185,1024.7380,2518.8000,1024.6623,2.6430,1845.4870,-4.2385,5124.5171,0.0374,0.0905,53.7288,0.8405,860.6677
3307.872,1157.0208,0.0000,10014.0660,2150.8050,2518.8000,2150.5495,3.1447,2991.7884,-0.3302,882.1770,0.0183,0.0446,35.8991,0.6115,1314.6688
3307.872,3044.292,100000000,0,263.5300,2518.8000,0,0,0,0,0,0,0,0,0,0
3307.872,2656.509,0.0000,2587.9543,651.3530,2518.8000,651.4896,2.5033,971.2848,-0.4672,1324.9643,0.0868,0.2090,69.1412,1.0539,686.1461
3307.872,2283.119,0.0000,365.9175,1024.7380,2584.0000,1025.0303,2.6925,127.6794,-1.8250,1957.1331,0.4719,1.1442,46.0649,0.7272,744.5679
3307.872,1157.0208,0.0000,988.0829,2150.8050,2584.0000,2150.7138,2.8612,324.4491,0.1272,-263.4912,0.0871,0.2113,20.3261,0.3306,710.7136
3307.872,3044.292,0.0000,4356.9973,263.5300,2584.0000,261.5221,6.5110,628.6958,1.1226,-135.7836,0.4126,1.0487,82.7029,2.0212,534.0967
3307.872,2656.509,0.0000,1051.8629,651.3530,2584.0000,651.2442,4.9043,201.5052,-0.9677,749.3981,0.3485,0.8662,29.6357,0.6275,408.5150
3307.872,2283.119,0.0000,453.8835,1024.7380,2601.4400,1024.4464,1.4752,289.0574,-0.8384,958.0025,0.1564,0.2561,46.5989,0.6249,639.8898
3307.872,1157.0208,0.0000,1727.1070,2150.8050,2601.4400,2150.4412,3.8995,416.1101,0.0840,-162.0396,0.0961,0.2361,21.1868,0.4010,862.1098
3307.872,3044.292,0.0000,854.2223,263.5300,2601.4400,262.4040,3.1639,253.6672,-5.3599,1842.8276,0.3742,1.0410,64.7408,2.5771,703.4463
3307.872,2656.509,0.0000,769.8933,651.3530,2601.4400,650.9234,2.2057,327.9284,-1.2574,971.5093,0.1749,0.4304,53.9471,0.7660,498.7729
3307.872,2283.119,0.0000,799.3632,1024.7380,2627.4000,1024.6549,2.1076,356.3254,0.1452,-132.0001,0.1106,0.2601,37.9654,0.5353,548.1525
3307.872,1157.0208,0.0000,2258.0386,2150.8050,2627.4000,2150.4881,2.7959,758.7708,-0.3829,828.2020,0.0442,0.1071,24.6714,0.3967,852.8704
3307.872,3044.292,0.0000,764.9650,263.5300,2627.4000,262.9325,3.4354,209.2041,1.1662,-293.3882,0.5034,1.3189,64.6432,2.1692,588.8409
3307.872,2656.509,0.0000,701.4246,651.3530,2627.4000,651.1312,2.1009,313.6770,-0.5247,361.9482,0.1936,0.4798,60.2151,0.8319,541.6689
3307.872,2283.119,0.0000,2930.7608,1024.7380,2784.8000,1024.7006,2.4712,1114.2417,-0.7048,772.0964,0.0341,0.0822,31.5708,0.4779,489.3883
3307.872,1157.0208,0.0000,6367.3534,2150.8050,2784.8000,2150.4991,3.0560,1957.5288,-0.1787,403.7518,0.0202,0.0492,26.6726,0.4480,963.1329
3307.872,3044.292,0.0000,452.8101,263.5300,2784.8000,263.0669,2.1366,199.1111,4.5303,-1141.2269,0.1969,0.5503,38.4480,5.1723,1354.3349
3307.872,2656.509,0.0000,1731.0855,651.3530,2784.8000,651.1081,2.1487,756.9178,1.3373,-794.2120,0.1157,0.2859,84.7492,1.1857,772.0375
3307.872,2283.119,-2.0000,395.3449,1024.7380,2903.4000,1024.4367,1.2693,292.6360,0.8189,-832.6529,0.1606,0.2231,42.4874,0.5561,569.4207
3307.872,1157.0208,0.0000,729.1366,2150.8050,2903.4000,2150.2337,2.3579,290.5262,0.1165,-242.8047,0.1088,0.2629,27.5762,0.4075,876.2134
3307.872,2283.119,0.0000,1022.2152,1024.7380,2917.5000,1024.8168,2.3729,404.7314,0.9247,-826.6304,0.1118,0.2708,39.2687,0.5819,595.7975
3307.872,1157.0208,0.0000,1532.3233,2150.8050,2917.5000,2150.5436,2.7979,514.5382,0.8959,-1882.4909,0.0869,0.2107,32.8950,0.5291,1137.5804
3307.872,3044.292,10000000000,0,263.5300,2917.5000,0,0,0,0,0,0,0,0,0,0
3307.872,2656.509,0.0000,3894.7945,651.3530,2917.5000,652.4521,9.5514,383.1070,-1.8753,1393.5876,0.7927,2.1104,65.8918,1.9628,1274.8423
3307.872,2283.119,0.0000,2285.9837,1024.7380,3257.7000,1024.7684,2.5195,852.4267,-1.4706,1640.0370,0.0569,0.1375,39.5648,0.6044,618.8841
3307.872,1157.0208,0.0000,4774.8700,2150.8050,3257.7000,2150.4986,3.2192,1393.5065,-1.2926,2812.9863,0.0233,0.0567,20.7778,0.3580,769.6774
3307.872,3044.292,1000000000,0,263.5300,3257.7000,0,0,0,0,0,0,0,0,0,0
3307.872,2656.509,0.0000,2393.1541,651.3530,3257.7000,650.9228,2.8585,786.5498,-1.2288,980.6697,0.1039,0.2523,58.8884,0.9569,623.1024
3307.872,2283.119,1000000000,0,1024.7380,3265.5000,0,0,0,0,0,0,0,0,0,0
3307.872,1157.0208,0.0000,464.1149,2150.8050,3265.5000,2150.7063,3.6087,120.8293,-0.1469,341.3555,0.2434,0.5957,16.8131,0.3064,658.7997
3307.872,3044.292,1000000000,0,263.5300,3265.5000,0,0,0,0,0,0,0,0,0,0
3307.872,2656.509,1000000000,0,651.3530,3265.5000,0,0,0,0,0,0,0,0,0,0
3307.872,2283.119,0.0000,3096.4144,1024.7380,3367.0000,1024.6681,2.8389,1024.7296,-1.2136,1410.9993,0.0560,0.1357,41.5771,0.6736,689.7277
3307.872,1157.0208,0.0000,6067.7761,2150.8050,3367.0000,2150.4198,3.0491,1869.6193,-1.9013,4185.8763,0.0835,0.2030,105.4516,1.7691,3803.4505
3307.872,3044.292,1000000000,0,263.5300,3367.0000,0,0,0,0,0,0,0,0,0,0
3307.872,2656.509,0.0000,1577.7137,651.3530,3367.0000,651.4158,2.4170,613.2764,1.3455,-649.5215,0.1055,0.2533,54.8895,0.8229,535.7309
3307.872,2283.119,0.0000,267.0358,1024.7380,3614.8000,1024.3170,3.1010,80.9046,-0.6255,680.3110,0.4587,1.1160,24.6538,0.4170,427.0233
3307.872,1157.0208,0.0000,551.3330,2150.8050,3614.8000,2150.4623,1.9109,271.0672,-0.0782,181.0247,0.0763,0.1660,21.0831,0.2910,625.5878
3307.872,3044.292,100000000,0,263.5300,3614.8000,0,0,0,0,0,0,0,0,0,0
3307.872,2656.509,0.0000,867.0914,651.3530,3614.8000,650.6942,3.8393,212.1851,-0.7697,549.7927,0.2154,0.5286,24.5775,0.4616,300.5984
3307.872,2283.119,0.0000,1005.3964,1024.7380,3672.8000,1025.0245,1.8284,516.6247,-1.3266,1512.5489,0.0840,0.2398,53.9281,0.6527,668.3109
3307.872,1157.0208,0.0000,2213.3558,2150.8050,3672.8000,2150.3920,2.9317,709.2993,5.0106,-10696.6682,0.1575,0.3824,78.4422,1.2908,2775.2556
3307.872,2656.509,0.0000,1741.8774,651.3530,3672.8000,651.5015,4.3289,378.0408,-0.4944,561.2060,0.3398,0.8388,61.3389,1.2220,795.4670
3307.872,2283.119,0.0000,43397.6312,1024.7380,368.2080,1024.7340,2.6133,15601.8894,-1.7456,3258.3648,0.0274,0.0662,336.0353,5.2273,5352.4586
3307.872,1157.0208,0.0000,92091.8646,2150.8050,368.2080,2150.5172,3.1477,27486.8857,-4.2196,9747.5994,0.0146,0.0356,263.3218,4.4874,9647.4872
3307.872,3044.292,1000000000,0,263.5300,368.2080,0,0,0,0,0,0,0,0,0,0
3307.872,2656.509,0.0000,28892.6656,651.3530,368.2080,651.3772,2.6048,10421.0330,-115.2458,77957.1745,0.2407,0.5817,1979.8945,30.7521,20021.3168
3307.872,2283.119,0.0000,629.5989,1024.7380,3797.2000,1024.3005,4.8770,121.2855,-0.0434,64.5218,0.4288,1.0655,22.0714,0.4661,477.2340
3307.872,1157.0208,0.0000,1215.4968,2150.8050,3797.2000,2150.2519,3.1597,361.4169,0.1116,-237.1503,0.0673,0.1639,15.8615,0.2708,582.1416
3307.872,3044.292,1000000000,0,263.5300,3797.2000,0,0,0,0,0,0,0,0,0,0
3307.872,2656.509,1000000000.0000,0.0000,651.3530,3797.2000,0.0000,0.0000,0.0000,0.0000,0.0000,0.0000,0.0000,0.0000,0.0000,0.0000
3307.872,2283.119,0.0000,285373.2932,1024.7380,404.2600,1024.7741,2.5988,103167.6166,-39.6056,46439.6977,0.0086,0.0207,698.6842,10.8378,11097.2871
3307.872,1157.0208,0.0000,598870.1508,2150.8050,404.2600,2150.5271,3.1616,177960.3546,-17.8772,40610.0608,0.0109,0.0265,1264.4925,21.5955,46428.5582
3307.872,3044.292,0.0000,29100.6770,263.5300,404.2600,263.5305,3.6018,7590.8696,-151.4125,55205.5189,0.0640,0.1726,280.4434,22.8826,5980.3053
3307.872,2656.509,0.0000,175209.1282,651.3530,404.2600,651.1864,2.3186,70994.6624,35.1912,-14034.4109,0.0550,0.1332,3466.2538,50.7416,33037.3134
3307.872,2283.119,0.0000,649.5761,1024.7380,4647.0000,1024.9646,2.4743,246.6529,0.0106,60.2586,0.1012,0.2456,20.7871,0.3144,321.9314
3307.872,1157.0208,0.0000,1526.6472,2150.8050,4647.0000,2150.5640,2.9974,478.5100,0.2363,-474.9966,0.0509,0.1238,16.7442,0.2786,598.9376
3307.872,3044.292,100000000,0,263.5300,4647.0000,0,0,0,0,0,0,0,0,0,0
3307.872,2656.509,0.0000,472.4590,651.3530,4647.0000,650.8192,2.2972,193.2235,-0.2618,256.1746,0.2009,0.4873,34.8197,0.5072,330.2597
3307.872,2283.119,0.0000,641.2033,1024.7380,5006.9000,1025.0699,4.6950,128.3104,-0.2378,352.5752,0.3690,0.9155,20.8698,0.4331,443.3474
3307.872,1157.0208,0.0000,802.9497,2150.8050,5006.9000,2150.2816,3.5596,211.9266,-0.0899,207.8719,0.0914,0.2237,11.2323,0.2033,437.0485
3307.872,3044.292,1000000000,0,263.5300,5006.9000,0,0,0,0,0,0,0,0,0,0
3307.872,2656.509,0.0000,587.5907,651.3530,5006.9000,650.5348,2.2355,246.9426,0.0824,87.9791,0.1411,0.3336,31.7522,0.4602,299.6850
3307.872,1157.0208,0.0000,12888.1644,2150.8050,605.8000,2150.4927,3.0521,3967.2310,-2.9456,6444.1130,0.0321,0.0780,85.8284,1.4406,3097.2912
3307.872,3044.292,10000000000,0,263.5300,605.8000,0,0,0,0,0,0,0,0,0,0
3307.872,2656.509,0.0000,11963.2600,651.3530,605.8000,650.8736,2.4750,4541.2950,2.0850,-950.2291,0.0548,0.1327,206.9189,3.1298,2037.9414
3307.872,2283.119,0.0000,1317.4646,1024.7380,7822.3000,1024.7089,2.4136,512.8350,-0.5054,580.1805,0.0273,0.0659,11.9248,0.1785,182.7369
3307.872,1157.0208,0.0000,1300.2891,2150.8050,7822.3000,2150.5315,2.1784,560.7899,-10.6387,23139.6281,1.1126,2.6088,581.1201,8.3382,17926.7108
3307.872,3044.292,1000000000,0,263.5300,7822.3000,0,0,0,0,0,0,0,0,0,0
3307.872,2656.509,0.0000,787.4370,651.3530,7822.3000,651.0804,2.3523,314.5050,0.0721,31.2428,0.0530,0.1289,14.6173,0.2152,140.1392
3307.872,2283.119,0.0000,5408.6646,1024.7380,887.5000,1024.8294,2.4141,2104.9348,-1.2420,1360.2889,0.0662,0.1605,118.9116,1.7772,1819.7912
3307.872,1157.0208,0.0000,10101.9703,2150.8050,887.5000,2150.5165,3.2172,2950.0863,0.3144,-634.4478,0.0376,0.0917,71.1488,1.2255,2634.7729
3307.872,2656.509,0.0000,3163.4366,651.3530,887.5000,651.3460,2.7517,1080.0722,-4.1074,2888.1257,0.1703,0.4126,137.5588,2.1944,1428.6695
3357.29,2283.119,0.0000,13032.5112,1074.1300,1207.2000,1074.1539,2.5235,4852.0985,-1.4092,1558.5751,0.0179,0.0433,70.7177,1.0804,1160.3630
3357.29,1157.0208,0.0000,1187.4643,2200.1000,1207.2000,2199.7114,2.8274,394.5757,0.4708,-1008.7849,0.0747,0.1813,21.4726,0.3471,763.6604
3357.29,2283.119,0.0000,41400.6259,1074.1300,1226.9000,1074.1737,2.5650,15164.4764,-1.2079,1531.1531,0.0094,0.0228,114.7868,1.7681,1899.0415
3357.29,1157.0208,0.0000,5058.9136,2200.1000,1226.9000,2199.8877,3.1319,1517.5824,-0.8696,1963.6142,0.0283,0.0689,28.2463,0.4801,1056.1942
3357.29,2283.119,0.0000,1936.8658,1074.1300,1524.2000,1074.0660,2.1735,837.2365,0.6709,-696.3142,0.0461,0.1139,36.9191,0.5194,557.8741
3357.29,1157.0208,0.0000,144.9074,2200.1000,1524.2000,2200.1481,1.9473,69.9145,-0.2128,489.6871,0.3723,0.9476,28.2716,0.3717,817.7240
3357.29,2283.119,0.0000,10916.1676,1074.1300,1546.0000,1074.1881,2.5872,3964.0438,-0.7176,848.1938,0.0148,0.0359,46.7190,0.7228,776.2880
3357.29,1157.0208,0.0000,1294.7068,2200.1000,1546.0000,2199.9679,3.1192,389.9672,-0.2317,539.0741,0.0740,0.1802,19.0697,0.3235,711.6294
3357.29,2283.119,0.0000,248136.7145,1074.1300,1648.1000,1074.1945,2.5930,89907.3273,-13.0698,15038.9861,0.0074,0.0179,527.1980,8.1653,8769.8261
3357.29,1157.0208,0.0000,30988.4492,2200.1000,1648.1000,2199.9506,3.2490,8960.7549,-0.7361,1746.8154,0.0113,0.0275,64.1163,1.1095,2441.0078
3357.29,2283.119,0.0000,69815.7671,1074.1300,1773.3000,1074.1856,2.5993,25235.1479,-4.1215,4828.8929,0.0095,0.0231,190.7008,2.9570,3175.9871
3357.29,1157.0208,0.0000,8944.2958,2200.1000,1773.3000,2199.9894,3.2655,2573.3694,0.5325,-1121.5703,0.0203,0.0495,32.9908,0.5723,1259.1129
3357.29,2283.119,0.0000,6962.0867,1074.1300,1863.2000,1074.1548,2.6492,2469.0381,0.9574,-938.2765,0.0259,0.0628,49.7198,0.7782,835.8368
3357.29,1157.0208,0.0000,800.8390,2200.1000,1863.2000,2200.0054,2.8120,267.5653,0.7282,-1576.8940,0.1255,0.3046,24.5918,0.3964,872.0844
3357.29,2283.119,0.0000,397501.1285,1074.1300,1872.7000,1074.1931,2.5876,144327.0268,-20.1824,23205.0238,0.0084,0.0204,967.6371,14.9713,16079.7382
3357.29,1157.0208,0.0000,49082.0290,2200.1000,1872.7000,2199.9648,3.2090,14369.7289,-1.5317,3562.9179,0.0107,0.0261,98.7811,1.6990,3737.9565
3357.29,2283.119,0.0000,10258.1130,1074.1300,1931.2000,1074.2189,2.5375,3798.0254,2.8611,-3086.8042,0.0336,0.0813,103.4640,1.5856,1702.9500
3357.29,1157.0208,0.0000,1261.3849,2200.1000,1931.2000,2200.1332,2.8208,420.1256,-0.1379,312.1824,0.0767,0.1860,23.5138,0.3796,835.1609
3357.29,2283.119,0.0000,9634.5115,1074.1300,1984.2000,1074.1746,2.5877,3498.0427,0.0242,157.3599,0.0193,0.0467,53.6762,0.8304,891.9245
3357.29,1157.0208,0.0000,1128.0712,2200.1000,1984.2000,2199.9186,3.1882,332.4258,-0.0911,231.0528,0.1141,0.2778,24.5096,0.4202,924.5109
3357.29,2283.119,0.0000,1895.6609,1074.1300,2037.9000,1074.1002,2.3179,768.3711,0.6378,-659.7313,0.0593,0.1445,40.5932,0.5931,637.0450
3357.29,1157.0208,0.0000,116.8391,2200.1000,2037.9000,2201.3280,1.1564,94.9279,-0.0490,113.0823,0.3912,0.6577,39.9695,0.9410,2069.9969
3357.29,2283.119,0.0000,26034.4221,1074.1300,2100.5800,1074.1800,2.5180,9713.7710,-2.2713,2699.6495,0.0112,0.0272,89.0951,1.3598,1460.5238
3357.29,1157.0208,0.0000,3373.3879,2200.1000,2100.5800,2199.9684,3.3400,948.9070,-0.3074,778.8665,0.0454,0.1107,26.5849,0.4663,1025.9182
3357.29,2283.119,0.0000,5089.7699,1074.1300,2191.0000,1074.1932,2.8778,1661.6201,-0.7386,888.8236,0.0409,0.0992,48.5917,0.7923,850.9390
3357.29,1157.0208,0.0000,541.9205,2200.1000,2191.0000,2200.1422,3.4943,145.7048,-0.2823,640.5513,0.2474,0.6047,21.2777,0.3816,839.4896
3357.29,2283.119,0.0000,6103.1835,1074.1300,2215.2000,1074.1477,2.6036,2202.3278,-0.4453,539.3558,0.0219,0.0530,38.0862,0.5910,634.7584
3357.29,1157.0208,0.0000,808.2285,2200.1000,2215.2000,2200.3149,3.4336,221.1503,0.4170,-892.2043,0.1569,0.3832,20.8394,0.3706,815.1990
3357.29,2283.119,0.0000,40668.0424,1074.1300,2376.1000,1074.1858,2.5946,14726.2387,-1.8636,2147.3401,0.0083,0.0201,97.1014,1.5043,1615.7041
3357.29,1157.0208,0.0000,4865.0659,2200.1000,2376.1000,2199.9465,3.1913,1432.2495,-0.2231,508.0019,0.0240,0.0586,22.2354,0.3814,839.1271
3357.29,2283.119,0.0000,7988.5654,1074.1300,2417.3000,1074.1321,2.5708,2919.4267,1.0409,-1008.3683,0.0223,0.0541,52.2231,0.8052,864.8441
3357.29,1157.0208,0.0000,949.5549,2200.1000,2417.3000,2199.9403,2.7832,320.5360,-0.2405,566.5862,0.0790,0.1915,18.7180,0.3002,660.4296
3357.29,2283.119,0.0000,31054.9060,1074.1300,2509.2000,1074.2043,2.6044,11202.7702,-2.3039,2563.8729,0.0131,0.0317,115.8811,1.7987,1931.9159
3357.29,1157.0208,0.0000,3830.5532,2200.1000,2509.2000,2199.9830,3.4447,1044.7512,-0.0946,209.9786,0.0310,0.0758,19.4007,0.3455,760.0901
3357.29,2283.119,0.0000,4874.3546,1074.1300,2550.1000,1074.2316,2.4331,1882.1845,-1.4986,1731.9409,0.0372,0.0900,59.2275,0.8890,954.8488
3357.29,1157.0208,0.0000,784.0741,2200.1000,2550.1000,2199.5684,2.5503,288.8458,0.6952,-1514.7524,0.1182,0.2853,27.5178,0.4231,930.9510
3357.29,2283.119,0.0000,10182.9495,1074.1300,2577.8000,1074.1905,2.7102,3529.9644,-0.7232,867.7126,0.0159,0.0386,42.6817,0.6757,725.6855
3357.29,1157.0208,0.0000,1239.7256,2200.1000,2577.8000,2199.9658,3.4028,342.2869,-0.5841,1312.3090,0.0954,0.2330,19.7956,0.3504,770.9274
3357.29,2283.119,0.0000,13706.4009,1074.1300,2637.3000,1074.1735,2.6169,4920.7250,-0.1325,208.1661,0.0138,0.0334,53.3340,0.8298,891.2038
3357.29,1157.0208,0.0000,1728.6891,2200.1000,2637.3000,2200.1936,3.2547,499.0009,-0.5898,1309.3188,0.0531,0.1295,16.7875,0.2908,639.6755
3357.29,2283.119,0.0000,23818.4162,1074.1300,2682.8000,1074.2081,2.5584,8746.7251,-1.4667,1704.9525,0.0063,0.0152,44.2175,0.6803,730.7110
3357.29,1157.0208,0.0000,3058.4754,2200.1000,2682.8000,2199.9601,3.2071,895.9644,-0.7889,1758.2178,0.0326,0.0794,18.7559,0.3225,709.5319
3357.29,2283.119,0.0000,2993.4310,1074.1300,2732.3000,1074.1928,2.5436,1105.6728,0.0415,72.8568,0.0335,0.0810,29.9257,0.4591,493.0745
3357.29,1157.0208,0.0000,383.6117,2200.1000,2732.3000,2199.9296,3.2727,110.1240,-0.6045,1350.2293,0.1765,0.4303,12.2427,0.2126,467.7646
3357.29,2283.119,0.0000,3736.2144,1074.1300,2734.5000,1074.0694,2.7055,1297.4127,-0.0552,82.5098,0.0252,0.0610,24.8348,0.3928,421.8376
3357.29,1157.0208,0.0000,454.2301,2200.1000,2734.5000,2199.6217,3.2611,130.8604,0.0428,-93.2128,0.1274,0.3106,10.5389,0.1827,402.0200
3357.29,2283.119,0.0000,10061.8046,1074.1300,2789.1000,1074.2347,2.5413,3719.8032,0.4904,-472.9702,0.0188,0.0455,56.6069,0.8682,932.4749
3357.29,1157.0208,0.0000,1315.6830,2200.1000,2789.1000,2199.8676,3.6481,338.8369,-0.5602,1233.7210,0.1047,0.2565,20.0741,0.3677,808.9104
3357.29,2283.119,0.0000,2544.4460,1074.1300,2853.6000,1074.2330,2.0529,1164.4925,0.2373,-216.0305,0.0446,0.1078,52.0457,0.7169,769.9612
3357.29,1157.0208,0.0000,311.7660,2200.1000,2853.6000,2200.3510,4.1175,71.1376,-0.2829,629.1873,0.4172,1.0272,14.8919,0.2894,636.7551
3357.29,2283.119,0.0000,9233.4035,1074.1300,3207.9000,1074.1418,2.6041,3331.2594,0.1817,-89.3362,0.0133,0.0322,34.9663,0.5426,582.8050
3357.29,1157.0208,0.0000,985.8015,2200.1000,3207.9000,2200.0296,2.9932,309.4195,-0.7722,1738.5439,0.1167,0.2836,24.8478,0.4130,908.6706
3357.29,2283.119,0.0000,1152.4061,1074.1300,3216.4000,1074.2264,2.2154,488.7075,-10.0806,10937.7411,0.4019,0.9715,182.4139,2.6121,2805.4889
3357.29,1157.0208,0.0000,279.7950,2200.1000,3216.4000,2200.2048,3.2528,80.8134,0.2328,-511.6569,0.2282,0.5562,11.6859,0.2023,445.1537
3357.29,2283.119,0.0000,622.9575,1074.1300,3241.4000,1073.7163,1.5011,389.8879,-1.0590,1314.2168,0.0731,0.1590,34.6759,0.4052,435.1967
3357.29,1157.0208,0.0000,149.0711,2200.1000,3241.4000,2200.1362,2.1186,66.1061,0.1293,-245.3663,0.2751,0.7318,17.9933,1.7351,3818.6114
3357.29,2283.119,0.0000,4515.6517,1074.1300,3315.2000,1074.2406,2.6906,1576.8021,-0.4849,570.8658,0.0273,0.0662,32.9393,0.5196,558.0810
3357.29,1157.0208,0.0000,639.4546,2200.1000,3315.2000,2199.5589,4.0317,149.0141,0.2515,-540.4241,0.2166,0.5328,16.5360,0.3181,699.9239
3357.29,2283.119,0.0000,1362.6283,1074.1300,3455.2000,1074.3010,2.4554,521.3888,-0.8502,988.7954,0.0559,0.1347,24.3742,0.3678,394.9978
3357.29,1157.0208,0.0000,171.0883,2200.1000,3455.2000,2199.6754,2.1099,76.1814,0.1282,-272.1931,0.2068,0.4887,15.2005,0.2141,470.9691
3357.29,2283.119,0.0000,2695.6609,1074.1300,3491.8000,1074.2604,2.7175,931.9487,-2.0239,2432.9223,0.0558,0.1353,39.4028,0.6246,670.8894
3357.29,1157.0208,0.0000,456.2939,2200.1000,3491.8000,2199.7612,4.5777,93.6480,0.5390,-1130.9340,0.3208,0.7944,13.5761,0.2779,611.4223
3357.29,2283.119,0.0000,8536.7437,1074.1300,3563.9000,1074.2200,2.5926,3093.6059,-0.3954,523.7034,0.0160,0.0388,39.3836,0.6100,655.1429
3357.29,1157.0208,0.0000,979.8407,2200.1000,3563.9000,2199.7804,3.0288,303.9398,-0.5003,1126.3567,0.0882,0.2145,18.2347,0.3049,670.7531
3357.29,2283.119,0.0000,5547.6115,1074.1300,3604.0000,1074.2013,2.3762,2193.4312,-0.4168,483.4356,0.0177,0.0428,33.5769,0.4979,534.7282
3357.29,1157.0208,0.0000,631.6047,2200.1000,3604.0000,2200.0915,2.9467,201.3759,-0.1143,258.3251,0.0757,0.1839,10.6530,0.1757,386.5888
3357.29,2283.119,0.0000,5190.7663,1074.1300,3622.0000,1074.1500,2.4802,1966.2475,-0.9040,1183.2271,0.0327,0.0793,53.4217,0.8090,868.9462
3357.29,1157.0208,0.0000,647.6616,2200.1000,3622.0000,2200.0393,3.4676,175.4768,-0.4278,1012.8180,0.1765,0.4313,18.4216,0.3291,724.0744
3357.29,2283.119,0.0000,1982.0484,1074.1300,3740.4000,1074.2363,2.4046,774.4008,-0.5527,606.8786,0.0236,0.0571,15.6411,0.2334,250.7112
3357.29,1157.0208,0.0000,1004.3897,2200.1000,3740.4000,2193.9474,2.9877,315.8431,-0.0207,56.5010,0.0841,0.2066,18.3766,0.3129,688.7315
3357.29,2283.119,0.0000,1914.0581,1074.1300,3747.3000,1074.2424,2.3085,778.9634,-1.3075,1600.3024,0.0492,0.1187,34.1214,0.4991,536.0497
3357.29,1157.0208,0.0000,172.8414,2200.1000,3747.3000,2200.1250,2.4320,66.7708,-1.7196,3882.7572,1.0440,2.5310,59.0258,0.8848,1946.6471
3357.29,2283.119,0.0000,1368.1149,1074.1300,3796.5000,1074.2102,2.2346,575.2078,-0.0934,105.0761,0.0465,0.1126,24.6552,0.3544,380.5968
3357.29,1157.0208,0.0000,251.1951,2200.1000,3796.5000,2200.1345,3.9517,59.7210,-0.1377,297.3923,0.4038,0.9922,12.6024,0.2400,528.0929
3357.29,2283.119,0.0000,2790.9183,1074.1300,3870.1000,1074.1265,2.3825,1100.5518,-1.0610,1272.9789,0.0426,0.1033,40.5255,0.6011,645.5871
3357.29,1157.0208,0.0000,337.8410,2200.1000,3870.1000,2199.8363,3.4954,90.8062,-0.1069,266.0814,0.1904,0.4654,10.2025,0.1830,402.6065
3357.29,2283.119,0.0000,515.1105,1074.1300,4124.2000,1073.5795,4.4374,109.0619,-0.0590,79.3843,0.4475,1.1062,22.7443,0.4586,492.6308
3357.29,1157.0208,0.0000,165.7153,2200.1000,4124.2000,2198.0690,7.1892,21.6563,-0.0455,102.5155,1.0928,2.8089,6.8403,0.1764,388.2188
3357.29,2283.119,0.0000,88353.2303,1074.1300,7773.4000,1074.1790,2.6098,31806.4973,-5.2210,5911.6112,0.0088,0.0212,219.9912,3.4180,3671.0926
3357.29,1157.0208,0.0000,10869.5176,2200.1000,7773.4000,2199.9415,3.2666,3126.1817,-0.8548,1900.6180,0.0149,0.0364,29.4599,0.5111,1124.5552
3661.527,1883.516,0.0000,397.2129,1777.9730,1141.1000,1777.8384,2.4038,155.2470,0.1820,-301.9816,0.3046,0.7382,40.5096,0.6041,1073.3856
3661.527,1157.0208,0.0000,83.0558,2504.3900,1141.1000,2503.0012,2.2505,34.7016,0.1053,-211.3193,0.3680,1.1363,12.1103,2.3027,5769.9345
3661.527,0.0,0.0000,1306.5550,3661.3630,1141.1000,3661.1775,4.7282,259.6159,0.6389,-2341.8910,0.1748,0.4335,19.8539,0.4129,1511.5716
3661.527,1883.516,0.0000,4994.6941,1777.9730,1222.5000,1777.7380,2.9729,1578.4560,-0.1257,273.1662,0.0267,0.0650,29.2462,0.4847,861.2503
3661.527,1157.0208,0.0000,1275.7484,2504.3900,1222.5000,2504.4058,2.9225,410.1224,0.7253,-1754.8453,0.0918,0.2230,26.5396,0.4361,1091.8835
3661.527,0.0,0.0000,9869.1452,3661.3630,1222.5000,3661.2501,4.2194,2197.5112,-1.0496,3862.6637,0.0248,0.0611,26.6676,0.5245,1920.2816
3661.527,1883.516,0.0000,1275.0977,1777.9730,1635.0000,1777.6217,3.2584,367.6563,0.7097,-1201.3276,0.1290,0.3146,30.0143,0.5203,924.4776
3661.527,1157.0208,0.0000,2078.9717,2504.3900,1635.0000,2505.2057,16.2968,120.3817,-3.7300,9309.6186,2.0030,6.4265,32.4037,1.2095,3021.4634
3661.527,0.0,0.0000,1829.4567,3661.3630,1635.0000,3661.2607,4.2684,402.6807,-0.4487,1673.3734,0.0563,0.1388,10.9741,0.2171,794.7080
3661.527,1883.516,0.0000,358.0860,1777.9730,1839.7000,1777.6262,2.5591,131.4606,-0.0774,154.2596,0.2957,0.6987,31.0093,0.0430,76.4766
3661.527,1157.0208,0.0000,155.2194,2504.3900,1839.7000,2504.1236,3.3042,44.1350,-0.5755,1448.7888,0.8210,2.0023,22.6071,0.3945,987.7244
3661.527,0.0,0.0000,991.1624,3661.3630,1839.7000,3661.4237,4.4942,207.2005,0.0168,-50.6442,0.1433,0.3545,13.6644,0.2772,1014.9355
3661.527,1883.516,0.0000,306.4058,1777.9730,2071.7000,1778.6674,4.4385,64.8572,-0.3099,567.6092,0.6788,1.6801,20.5191,0.4150,737.1598
3661.527,1157.0208,1000000000.0000,0.0000,2504.3900,2071.7000,0.0000,0.0000,0.0000,0.0000,0.0000,0.0000,0.0000,0.0000,0.0000,0.0000
3661.527,0.0,0.0000,263.4239,3661.3630,2071.7000,3661.4105,3.7235,66.4670,-0.8515,3140.4444,0.4237,1.0385,15.6123,0.2889,1057.5330
3661.527,1883.516,0.0000,113.8208,1777.9730,7468.6000,1777.8146,2.7652,38.6716,0.0089,-15.4330,0.1148,0.2784,3.3053,0.0529,93.9344
3661.527,1157.0208,0.0000,455.6034,2504.3900,7468.6000,2501.9585,16.5905,25.9634,0.8780,-2211.4746,1.3844,4.5089,4.8999,0.1868,469.5605
3661.527,0.0,0.0000,230.7325,3661.3630,7468.6000,3661.1733,3.8707,56.0045,0.0211,-77.3834,0.0744,0.1827,2.2231,0.0419,153.4589
3661.527,1883.516,0.0000,1475.7381,1777.9730,747.6300,1777.5583,3.6302,381.9284,-3.4911,6218.0535,0.2933,0.7182,63.6812,1.1639,2068.0708
3661.527,1157.0208,0.0000,394.4611,2504.3900,747.6300,2505.3704,3.2302,114.7298,0.1432,-348.0565,0.8970,2.1870,65.6766,1.1348,2841.3320
3661.527,0.0,0.0000,3077.4199,3661.3630,747.6300,3661.1833,4.5575,634.4033,1.7159,-6291.5866,0.1406,0.3481,40.4896,0.8270,3027.6278
3661.527,1883.516,0.0000,2275.0554,1777.9730,891.1000,1777.1738,3.6754,581.5591,-2.6239,4704.2234,0.3042,0.7451,99.3322,1.8260,3244.8617
3661.527,1157.0208,0.0000,736.5633,2504.3900,891.1000,2504.9574,3.6394,190.1414,-0.5287,1397.8027,0.9336,2.2864,100.6550,1.8428,4614.0925
3661.527,0.0,0.0000,3548.2207,3661.3630,891.1000,3661.2273,4.3227,771.1876,0.7788,-2836.3444,0.1565,0.3862,57.6993,1.1484,4204.2534
3661.527,1883.516,0.0000,4070.4035,1777.9730,989.0000,1776.4749,6.2250,614.3289,-2.7342,5008.4169,0.3971,1.0039,81.2947,1.9361,3441.1399
3661.527,1157.0208,0.0000,385.0422,2504.3900,989.0000,2505.2374,1.8031,200.6268,-1.1512,3066.6361,0.7011,1.7047,160.3694,2.0573,5151.1555
3661.527,0.0,0.0000,4916.5430,3661.3630,989.0000,3661.1208,4.7980,962.7113,0.6933,-2475.6410,0.1320,0.3277,54.8046,1.1479,4202.5410
3676.092,2656.509,0.0000,5688.9971,1017.5000,1229.2000,1017.2337,3.4655,1542.3110,-0.1127,223.3314,0.2633,0.6434,241.7039,4.3172,4390.6778
3676.092,1157.0208,0.0000,6582.4696,2518.9910,1229.2000,2519.0859,3.5888,1723.1980,0.7091,-1750.3845,0.0410,0.1003,40.5774,0.7380,1858.0732
3676.092,3307.872,0.0000,4930.7691,368.2080,1229.2000,368.4033,1.9874,2330.9034,-5.5496,2481.7505,0.0748,0.1692,174.6086,2.4231,892.0539
3676.092,2656.509,100000000,0,1017.5000,1420.2000,0,0,0,0,0,0,0,0,0,0
3676.092,1157.0208,0.0000,2804.5086,2518.9910,1420.2000,2519.0715,3.7645,699.9321,-0.6034,1556.7982,0.0827,0.2028,31.7344,0.5908,1487.5894
3676.092,3307.872,0.0000,2517.2207,368.2080,1420.2000,368.4477,2.3189,1019.8536,-1.1499,792.1210,0.1017,0.2526,92.4118,4.9153,1818.7119
3676.092,2656.509,-3.0000,928.5384,1017.5000,1620.4000,1019.7856,2.7743,324.1925,-4.8467,5162.0456,0.1524,0.5768,56.4304,7.8183,7922.3956
3676.092,1157.0208,0.0000,6475.1399,2518.9910,1620.4000,2518.9681,3.5557,1710.9166,0.2542,-591.8496,0.0198,0.0485,19.6707,0.3561,896.4729
3676.092,3307.872,0.0000,4738.8313,368.2080,1620.4000,368.3380,2.1644,2057.0352,2.7506,-450.4261,0.0528,0.1251,102.3047,1.4577,536.6543
3676.092,2656.509,0.0000,3666.2893,1017.5000,1624.5000,1019.5497,2.4518,1404.8688,0.7488,-550.6317,0.0947,0.2280,111.3906,1.6869,1715.0246
3676.092,1157.0208,0.0000,25432.2167,2518.9910,1624.5000,2519.0907,3.4856,6854.9879,-1.3333,3406.3058,0.0171,0.0419,69.5743,1.2474,3140.5598
3676.092,3307.872,0.0000,19819.7418,368.2080,1624.5000,368.3862,2.1582,8627.7758,-4.7451,2116.4334,0.0211,0.0497,171.4545,2.4458,900.4374
3676.092,2656.509,1000000000,0,1017.5000,1825.9000,0,0,0,0,0,0,0,0,0,0
3676.092,1157.0208,0.0000,4388.6653,2518.9910,1825.9000,2519.1101,3.4762,1186.1226,-0.3044,794.9914,0.0316,0.0772,22.2322,0.3981,1002.2518
3676.092,3307.872,0.0000,2338.0061,368.2080,1825.9000,368.2020,1.9827,1107.8611,-5.3230,2312.0803,0.2307,0.5678,267.7015,3.5992,1325.1478
3676.092,2656.509,0.0000,455.2371,1017.5000,1872.7000,1018.5660,3.1275,136.7562,-15.4876,17808.9331,0.6500,1.5833,58.5804,0.9967,1013.3455
3676.092,1157.0208,0.0000,1865.7602,2518.9910,1872.7000,2519.0384,3.1242,561.0723,1.0969,-2625.2287,0.0847,0.2062,31.3466,0.5325,1340.7921
3676.092,3307.872,100000000,0,368.2080,1872.7000,0,0,0,0,0,0,0,0,0,0
3676.092,2656.509,0.0000,4679.8479,1017.5000,2099.3000,1019.5373,2.7806,1581.2257,4.5956,-4296.8862,0.1591,0.3863,186.3222,2.9992,3049.0120
3676.092,1157.0208,0.0000,29807.1632,2518.9910,2099.3000,2519.0703,3.5213,7952.7542,-1.7780,4536.1041,0.0147,0.0359,68.3217,1.2310,3099.3793
3676.092,3307.872,0.0000,23031.3063,368.2080,2099.3000,368.3340,2.1722,9961.4729,-1.5546,1281.2299,0.0164,0.0390,153.5643,2.1910,806.6191
3676.092,2656.509,0.0000,734.8178,1017.5000,2214.5000,1020.3273,4.7746,144.5909,0.6616,-629.5046,0.5931,1.4812,37.2462,0.7888,801.2889
3676.092,1157.0208,0.0000,2513.6003,2518.9910,2214.5000,2519.1430,3.5638,662.6473,-0.0334,101.6844,0.0472,0.1156,18.1260,0.3286,827.2378
3676.092,3307.872,0.0000,2233.4691,368.2080,2214.5000,368.1876,2.2864,917.7544,-1.2652,589.8956,0.0835,0.2025,69.0797,1.0040,369.6358
3676.092,2656.509,0.0000,615.4241,1017.5000,2258.7000,1019.4736,2.7729,208.5160,0.2625,-238.2361,0.3514,0.8529,54.4090,0.8745,888.9845
3676.092,1157.0208,0.0000,4177.2423,2518.9910,2258.7000,2519.0748,3.3631,1166.9551,-0.0260,69.4488,0.0325,0.0793,23.2489,0.4095,1031.1384
3676.092,3307.872,0.0000,2955.9952,368.2080,2258.7000,368.3920,2.0406,1360.9957,1.2964,-401.6912,0.0927,0.2133,124.1747,1.7360,639.0948
3676.092,1157.0208,0.0000,366.0261,2518.9910,2534.7000,2518.8186,3.1648,108.6609,-0.1287,320.2204,0.2085,0.5079,14.7553,0.2522,634.9737
3676.092,2656.509,-93.0000,42.6013,1017.5000,2549.0000,1018.3906,0.2336,171.3197,-6.0236,6327.3827,0.0653,0.1696,0.0000,2.0290,2063.5268
3676.092,1157.0208,0.0000,1249.6495,2518.9910,2549.0000,2519.2296,3.4758,337.7825,0.5506,-1359.8101,0.1224,0.2992,24.5350,0.4394,1106.2354
3676.092,3307.872,0.0000,2029.2040,368.2080,2549.0000,367.7728,4.3891,434.3618,-5.3727,2159.5593,0.4437,1.0961,90.7861,1.8205,670.5085
3676.092,2656.509,100000000000,0,1017.5000,2897.2000,0,0,0,0,0,0,0,0,0,0
3676.092,1157.0208,0.0000,683.4007,2518.9910,2897.2000,2519.2401,3.8000,168.9624,-0.5244,1332.7108,0.1537,0.3774,14.1156,0.2641,664.9646
3676.092,3307.872,0.0000,2748.6928,368.2080,2897.2000,367.6381,7.8589,328.6002,1.3401,-498.3723,0.4707,1.2162,40.8380,1.0923,402.6261
3676.092,2656.509,1000000000,0,1017.5000,2901.4000,0,0,0,0,0,0,0,0,0,0
3676.092,1157.0208,0.0000,298.7793,2518.9910,2901.4000,2519.4094,4.6633,60.1946,0.2677,-676.8390,0.5386,1.3362,14.3877,0.2979,749.8893
3676.092,3307.872,1000000000.0000,0.0000,368.2080,2901.4000,0.0000,0.0000,0.0000,0.0000,0.0000,0.0000,0.0000,0.0000,0.0000,0.0000
3676.092,2656.509,0.0000,4069.0191,1017.5000,2995.4000,1019.0882,24.9951,163.4821,4.4225,-4586.1235,6.0827,26.1347,174.0401,4.1504,4115.8719
3676.092,1157.0208,0.0000,445.9229,2518.9910,2995.4000,2519.4068,2.7613,151.7214,-0.0370,106.5801,0.1501,0.3637,16.9693,0.2715,683.5119
3676.092,3307.872,0.0000,574.5412,368.2080,2995.4000,370.2784,4.7161,114.4551,1.7518,-585.1402,1.3272,3.3009,66.7101,1.3941,512.2029
3676.092,2656.509,0.0000,0.0000,1017.5000,3419.3000,7500.4436,1912.3016,12.3950,-6.5258,6863.3210,0.0000,0.0000,0.0000,1.7519,1781.8094
3676.092,1157.0208,0.0000,208.6267,2518.9910,3419.3000,2517.2575,6.4453,30.4106,0.1964,-462.6353,1.0776,2.7325,10.5491,0.2557,644.0549
3676.092,3307.872,0.0000,837.9706,368.2080,3419.3000,364.1688,6.9063,113.9950,-0.7621,600.4576,0.9384,2.4315,32.3110,0.8354,309.7035
3676.092,2656.509,0.0000,544.8950,1017.5000,4072.0000,1024.7355,11.0912,46.3705,-0.9164,963.2230,1.6295,5.5209,16.3236,0.7069,711.3265
3676.092,1157.0208,1000000000.0000,0.0000,2518.9910,4072.0000,0.0000,0.0000,0.0000,0.0000,0.0000,0.0000,0.0000,0.0000,0.0000,0.0000
3676.092,3307.872,0.0000,749.0587,368.2080,4072.0000,363.7021,4.7013,149.6927,2.9000,-964.8751,1.3077,3.2763,86.4560,1.8330,677.7971
3676.092,2656.509,1000000000,0,1017.5000,4638.7000,0,0,0,0,0,0,0,0,0,0
3676.092,1157.0208,0.0000,320.8136,2518.9910,4638.7000,2518.9393,4.8381,62.2990,0.2869,-715.2529,0.3288,0.8170,8.7631,0.1845,464.4946
3676.092,3307.872,1000000000,0,368.2080,4638.7000,0,0,0,0,0,0,0,0,0,0
3676.092,1157.0208,0.0000,3799.4490,2518.9910,519.7000,2519.0394,3.6746,971.4192,0.7993,-1860.2060,0.1131,0.2771,61.7115,1.1354,2858.5571
3676.092,3307.872,0.0000,3018.0804,368.2080,519.7000,368.3663,2.4736,1146.3182,9.9854,-1902.2989,0.1501,0.3835,144.8265,8.8701,3290.0527
5297.6,3676.092,0.0000,1940.107,1620.4000,5833.6000,1620.812,3.402338,535.693,0,0,0.1658826,0.2905601,23.16175,0,0
3676.092,2656.509,0.0000,4856.3253,1017.5000,682.3400,1020.5514,11.0091,414.5248,-2.0891,2164.0060,1.0433,2.9536,82.0784,2.7985,2830.4608
3676.092,1157.0208,0.0000,11195.4402,2518.9910,682.3400,2519.1024,3.4069,3087.3078,-1.2997,3296.0120,0.0343,0.0839,64.1902,1.1380,2865.2677
3676.092,3307.872,0.0000,12225.5522,368.2080,682.3400,368.3920,3.0203,3802.8820,-19.9298,7130.8154,0.3700,0.8994,959.5111,16.0220,5898.3019
3676.092,2656.509,0.0000,2410.9383,1017.5000,722.6000,1019.8032,9.7241,232.9403,-0.7909,870.9627,1.2625,3.4160,62.8996,1.9367,1963.2722
3676.092,1157.0208,0.0000,5062.6868,2518.9910,722.6000,2519.2129,3.6126,1316.6139,-1.4043,3576.6496,0.0612,0.1499,46.0227,0.8399,2114.7529
3676.092,3307.872,0.0000,4356.4048,368.2080,722.6000,368.2794,2.0850,1963.0232,-18.9150,7116.7918,1.2714,3.0326,2447.1536,34.1452,12571.1058
3676.092,2656.509,1000000000.0000,0.0000,1017.5000,733.0000,0.0000,0.0000,0.0000,0.0000,0.0000,0.0000,0.0000,0.0000,0.0000,0.0000
3676.092,1157.0208,0.0000,467.7263,2518.9910,733.0000,2519.8603,2.0108,218.5324,-1.0528,2675.6111,0.2347,0.5905,53.5772,0.7209,1814.9768
3676.092,3307.872,1000000000.0000,0.0000,368.2080,733.0000,0.0000,0.0000,0.0000,0.0000,0.0000,0.0000,0.0000,0.0000,0.0000,0.0000
3676.092,2656.509,0.0000,368.8908,1017.5000,7454.4000,1020.9812,7.3671,47.0439,0.3043,-300.2457,0.5256,1.3755,7.0096,0.1884,191.1006
3676.092,1157.0208,0.0000,1540.2162,2518.9910,7454.4000,2519.0897,3.6552,395.8857,0.0803,-202.7807,0.0319,0.0781,7.1257,0.1308,329.2431
3676.092,3307.872,0.0000,1421.3911,368.2080,7454.4000,368.3533,2.6691,500.3289,1.5698,-558.4282,0.0928,0.2246,35.7889,0.5625,207.0752
3676.092,2656.509,0.0000,1728.6599,1017.5000,876.5300,1019.8205,2.0823,779.9607,-6.9497,8391.3327,0.2007,0.4935,155.9751,2.1600,2196.0289
3676.092,1157.0208,0.0000,12205.7070,2518.9910,876.5300,2519.1140,3.3819,3390.7815,-1.7768,4715.4857,0.0243,0.0593,50.2476,0.8876,2234.8515
3676.092,3307.872,0.0000,8863.6289,368.2080,876.5300,368.3748,1.9875,4190.0012,-3.4734,4336.4362,0.0526,0.1199,221.4119,3.0638,1127.9468
3676.092,2656.509,0.0000,1818.0990,1017.5000,974.4000,1025.1781,3.6798,464.1912,-8.3726,8792.8455,0.7466,1.8811,196.2859,3.8361,3893.3993
3676.092,1157.0208,0.0000,8219.6338,2518.9910,974.4000,2519.0337,3.3137,2330.4352,0.4946,-1207.3977,0.0496,0.1210,71.9356,1.2579,3167.2192
3676.092,3307.872,0.0000,5572.5443,368.2080,974.4000,368.3293,2.1033,2489.1637,-1.3847,828.2948,0.1025,0.2418,246.6995,3.4710,1277.8757
3711.96,2283.119,0.0000,2513.8302,1428.6700,1193.7000,1428.3838,2.7744,851.2613,-0.4174,611.3209,0.0520,0.1261,32.8519,0.5262,751.3995
3711.96,1157.0208,100000000,0,2554.9000,1193.7000,0,0,0,0,0,0,0,0,0,0
3711.96,3307.872,0.0000,8545.1897,404.2600,1193.7000,404.1233,2.2899,3505.9445,-5.1249,2076.3285,0.0399,0.1017,127.5785,6.2462,2540.9916
3711.96,3044.292,1000000000.0000,0.0000,667.3000,1193.7000,0.0000,0.0000,0.0000,0.0000,0.0000,0.0000,0.0000,0.0000,0.0000,0.0000
3711.96,2283.119,0.0000,4448.9363,1428.6700,1218.8000,1428.6345,2.6491,1577.8334,-4.7490,6867.6925,0.0740,0.1790,90.6650,1.4200,2027.6521
3711.96,1157.0208,0.0000,132.2401,2554.9000,1218.8000,2555.5288,3.0685,40.4886,0.7192,-1824.0959,0.6557,1.5959,17.8274,0.3005,767.2755
3711.96,3307.872,0.0000,16213.8641,404.2600,1218.8000,404.0754,2.1934,6944.8270,-10.6292,4584.3061,0.1792,0.4417,1178.1466,16.6723,6738.5778
3711.96,3044.292,0.0000,3716.1752,667.3000,1218.8000,667.8020,5.1234,681.4534,-0.1302,82.3508,0.5885,1.4673,162.1038,3.5093,2340.0292
3711.96,2283.119,0.0000,668.8460,1428.6700,1384.4000,1428.7643,3.7982,165.4451,-1.1660,1751.2237,0.2982,0.7316,26.8166,0.5012,715.6646
3711.96,3307.872,0.0000,2844.8012,404.2600,1384.4000,404.0452,2.1271,1256.5215,-2.1807,1704.2334,0.3158,0.7886,390.0614,5.4094,2186.3668
3711.96,2283.119,0.0000,2188.4169,1428.6700,1508.8000,1428.5193,2.6860,765.4534,0.6466,-855.9471,0.0441,0.1067,25.8507,0.4076,582.0609
3711.96,1157.0208,0.0000,280.6746,2554.9000,1508.8000,2546.6513,9.2627,28.4870,0.0175,-13.9278,1.7666,5.3600,11.8986,0.4318,1106.0749
3711.96,3307.872,0.0000,8494.7809,404.2600,1508.8000,404.0546,2.3129,3450.6801,-9.8838,4111.7298,0.1213,0.2960,373.9372,5.4542,2204.4817
3711.96,3044.292,-1.0000,2053.8527,667.3000,1508.8000,652.1973,5.4870,356.2487,-0.5186,501.5101,0.4543,1.3953,70.7256,2.1699,1459.5686
3711.96,2283.119,0.0000,4050.5379,1428.6700,1518.2000,1428.5676,2.7844,1366.7430,1.6613,-2336.6094,0.0514,0.1245,51.8780,0.8325,1188.7701
3711.96,1157.0208,0.0000,130.5726,2554.9000,1518.2000,2553.6314,1.2710,96.5179,0.2141,-536.6739,0.3050,0.4943,29.3697,1.3490,3445.5386
3711.96,3307.872,0.0000,14315.6480,404.2600,1518.2000,404.0398,2.1206,6342.4965,3.1620,-1017.6559,0.0338,0.0845,211.5508,2.9274,1183.2109
3711.96,2283.119,0.0000,12684.4556,1428.6700,1577.4000,1428.5871,2.8056,4247.6380,-0.8072,1248.8814,0.0101,0.0244,31.3662,0.5052,721.4273
3711.96,3307.872,0.0000,42582.3526,404.2600,1577.4000,404.0607,2.1654,18474.9528,0.3599,383.9523,0.0072,0.0179,128.6832,1.8060,729.9457
3711.96,3044.292,0.0000,681.9088,667.3000,1577.4000,667.2939,3.0991,206.7222,0.7978,-234.6779,0.3971,1.0248,54.9622,3.6590,2439.8395
3711.96,2283.119,0.0000,35542.5279,1428.6700,1588.7000,1428.6119,2.7659,12072.7856,-2.3990,3580.2352,0.0120,0.0292,108.1013,1.7291,2469.0947
3711.96,1157.0208,0.0000,181.3644,2554.9000,1588.7000,2554.0234,2.4264,70.2245,0.2064,-479.4384,0.5446,1.3228,32.4859,0.4861,1241.6195
3711.96,3307.872,0.0000,121017.0293,404.2600,1588.7000,404.0509,2.1581,52684.2057,-14.9946,7051.7624,0.0051,0.0126,259.1315,3.6281,1466.3949
3711.96,3044.292,0.0000,1384.7900,667.3000,1588.7000,668.0222,3.4604,375.9741,2.8272,-1365.4753,0.4561,1.2040,103.0450,7.3833,4946.4910
3711.96,2283.119,0.0000,6583.5003,1428.6700,1683.4000,1428.6013,2.6187,2361.9602,-0.7364,1099.4925,0.0204,0.0492,37.7525,0.5880,839.6175
3711.96,1157.0208,0.0000,531.0637,2554.9000,1683.4000,2556.3085,14.3871,34.7497,-0.2067,530.5277,2.5826,7.8518,13.1830,0.4995,1271.9995
3711.96,3307.872,0.0000,23921.2236,404.2600,1683.4000,404.0510,2.1299,10551.7648,-3.0950,1489.5766,0.0172,0.0428,177.7546,2.4676,997.3717
3711.96,2283.119,0.0000,1551.0377,1428.6700,1836.6000,1428.6444,3.1138,467.9909,-0.3176,488.0367,0.1124,0.2736,34.8143,0.5902,842.7486
3711.96,1157.0208,0.0000,86.9076,2554.9000,1836.6000,2554.8442,1.9505,41.8609,0.0941,-238.1367,0.6426,1.6960,29.2685,1.6752,4279.0659
3711.96,3307.872,0.0000,4510.3411,404.2600,1836.6000,403.9531,2.2573,1877.2191,1.3548,-410.0121,0.0728,0.1876,127.2726,3.5629,1468.3317
3711.96,3044.292,0.0000,1157.1831,667.3000,1836.6000,665.3308,2.1844,497.6958,-2.8695,1992.6954,0.1057,0.2599,49.5868,2.5411,1691.3200
3711.96,2283.119,0.0000,27044.4875,1428.6700,202.1000,1429.7421,3.9894,6368.9849,-9.7907,13932.0634,0.1496,0.3682,493.4190,9.4691,13517.6822
3711.96,1157.0208,-9.0000,224.3575,2554.9000,202.1000,2554.4133,1.0164,207.3947,-3.6787,9417.9921,0.3644,0.4670,50.5956,5.4938,14029.4592
3711.96,3307.872,0.0000,53557.2353,404.2600,202.1000,404.1011,2.1056,23896.9445,-1.1688,665.9692,0.0592,0.1474,1402.3837,19.3641,7826.4352
3711.96,3044.292,1000000000.0000,0.0000,667.3000,202.1000,0.0000,0.0000,0.0000,0.0000,0.0000,0.0000,0.0000,0.0000,0.0000,0.0000
3711.96,2283.119,0.0000,2762.4978,1428.6700,2063.2000,1428.5960,2.6163,992.0235,-0.2956,421.9534,0.0438,0.1058,34.1329,0.5314,758.7790
3711.96,1157.0208,100000000,0,2554.9000,2063.2000,0,0,0,0,0,0,0,0,0,0
3711.96,3307.872,0.0000,9917.4011,404.2600,2063.2000,404.0468,2.2014,4232.5165,-0.5420,251.1569,0.0226,0.0557,90.1184,1.2773,516.2700
3711.96,2283.119,0.0000,10009.4354,1428.6700,211.3000,1428.4989,2.6908,3494.8464,-16.7747,25026.5264,0.3904,0.9447,1042.9175,16.4588,23502.6389
3711.96,3307.872,-109.0000,329.9696,404.2600,211.3000,404.1787,3.0702,100.9747,10.3777,0.0329,47.3607,125.6285,3262.3812,227.8615,92837.7657
3711.96,3044.292,-1.0000,8408.0692,667.3000,211.3000,666.6428,4.4298,1785.6763,-16.1239,12520.5925,0.1702,0.5238,149.5016,14.5401,9780.4502
3711.96,2283.119,0.0000,1955.2776,1428.6700,2154.6000,1428.5861,2.6795,685.5758,0.6457,-882.8608,0.0699,0.1693,36.8115,0.5798,827.8728
3711.96,3307.872,0.0000,44099.4769,404.2600,2154.6000,404.2960,2.0317,20393.0677,-1.4554,857.7074,0.0063,0.0148,127.6829,1.7643,713.0194
3711.96,2283.119,0.0000,4479.9148,1428.6700,2178.6000,1428.5608,2.8122,1496.6556,1.1395,-1566.3083,0.0259,0.0628,28.3722,0.4575,653.3116
3711.96,1157.0208,0.0000,172.9448,2554.9000,2178.6000,2555.6445,2.9472,55.1305,0.5793,-1454.6319,0.5076,1.2337,19.5564,0.3232,825.3344
3711.96,3307.872,0.0000,15730.6057,404.2600,2178.6000,404.0479,2.2895,6455.0197,-3.6765,1846.3525,0.0234,0.0572,136.4376,1.9787,799.7614
3711.96,3044.292,0.0000,3360.5405,667.3000,2178.6000,665.2678,3.4437,916.8338,-1.9126,1499.3115,0.1367,0.3343,75.0977,1.3403,894.7155
3711.96,2283.119,0.0000,3894.1673,1428.6700,2223.1000,1428.6249,2.5127,1456.0640,0.1023,39.8689,0.0382,0.0922,45.5365,0.6952,992.7110
3711.96,3307.872,0.0000,13032.2817,404.2600,2223.1000,404.0450,2.0558,5955.7700,-5.5467,3179.2734,0.0308,0.0783,188.5849,2.5538,1032.1835
3711.96,2283.119,0.0000,2891.0156,1428.6700,2282.2000,1428.9061,3.2791,828.3121,-0.3134,547.8546,0.0351,0.0857,18.3010,0.3183,454.5198
3711.96,3307.872,0.0000,6420.5930,404.2600,2282.2000,404.0039,2.3302,2588.7208,-5.1942,2668.3844,0.0348,0.0849,79.8483,1.1692,472.5762
3711.96,2283.119,0.0000,2099.8717,1428.6700,2380.7000,1428.6114,2.7358,721.1184,-0.4100,602.2375,0.0380,0.0920,20.6001,0.3277,468.0055
3711.96,1157.0208,10000000000,0,2554.9000,2380.7000,0,0,0,0,0,0,0,0,0,0
3711.96,3307.872,0.0000,7337.3863,404.2600,2380.7000,404.0107,2.2180,3108.0490,-0.7271,421.8352,0.0222,0.0548,64.6663,0.9204,372.0217
3711.96,3044.292,10000000000,0,667.3000,2380.7000,0,0,0,0,0,0,0,0,0,0
3711.96,2283.119,0.0000,3113.6967,1428.6700,2499.0000,1428.6194,2.9569,989.3135,-0.0367,77.0611,0.0383,0.0931,26.4040,0.4364,623.1457
3711.96,3307.872,0.0000,9736.8155,404.2600,2499.0000,404.0607,2.1638,4227.7580,-1.2620,715.2311,0.0191,0.0473,77.7009,1.0900,440.5360
3711.96,3044.292,0.0000,537.3333,667.3000,2499.0000,669.8618,4.0532,124.5505,-1.3550,1037.8368,0.8629,2.1460,54.8944,1.4112,946.6852
3711.96,2283.119,0.0000,775.7782,1428.6700,2513.4000,1428.7504,2.4871,293.0568,-0.1501,288.7274,0.1640,0.3962,39.7275,0.6031,861.1694
3711.96,1157.0208,1000000000.0000,0.0000,2554.9000,2513.4000,0.0000,0.0000,0.0000,0.0000,0.0000,0.0000,0.0000,0.0000,0.0000,0.0000
3711.96,3307.872,0.0000,2529.1325,404.2600,2513.4000,403.9628,2.3268,1021.1997,-1.4616,1039.8460,0.1588,0.3874,143.9734,2.1067,851.5179
3711.96,3044.292,10000000000,0,667.3000,2513.4000,0,0,0,0,0,0,0,0,0,0
3711.96,2283.119,-1.0000,422.3772,1428.6700,2852.9000,1427.9904,2.0580,194.9144,-0.7139,1017.8622,0.1378,0.4201,29.9917,1.5238,2160.4809
3711.96,1157.0208,1000000000,0,2554.9000,2852.9000,0,0,0,0,0,0,0,0,0,0
3711.96,3307.872,0.0000,1592.3403,404.2600,2852.9000,403.8970,1.8951,789.4300,-4.9237,2114.2998,0.1023,0.2717,92.4321,1.1772,475.8168
3711.96,3044.292,1000000000,0,667.3000,2852.9000,0,0,0,0,0,0,0,0,0,0
3711.96,2283.119,0.0000,356.6658,1428.6700,2866.3000,1428.5209,2.9594,113.2303,0.2823,-386.3478,0.2337,0.5677,18.4134,0.3044,434.7164
3711.96,1157.0208,0.0000,137.2259,2554.9000,2866.3000,2552.4107,2.9766,43.3129,-0.1133,299.2550,0.3348,0.8141,10.0360,0.1666,425.6812
3711.96,3307.872,0.0000,1056.7977,404.2600,2866.3000,403.9008,1.5355,646.6207,-1.9513,890.6988,0.0635,0.2334,75.0984,0.6761,273.2830
3711.96,3044.292,0.0000,1495.8202,667.3000,2866.3000,665.1608,2.9053,483.7123,-0.1422,162.5529,0.1351,0.3283,46.3210,0.7604,507.5655
3711.96,2283.119,0.0000,2332.0460,1428.6700,2957.6000,1428.7220,2.9282,748.2411,-0.6476,934.0248,0.0525,0.1275,27.6209,0.4544,648.7824
3711.96,1157.0208,0.0000,514.8624,2554.9000,2957.6000,2559.0537,9.9605,48.5738,0.2454,-632.8446,0.9811,2.8021,10.1225,0.3429,873.6887
3711.96,3307.872,0.0000,8360.7893,404.2600,2957.6000,403.9969,2.2424,3502.8985,-0.4731,217.0067,0.0252,0.0619,81.6165,1.1693,472.6099
3711.96,3044.292,100000000,0,667.3000,2957.6000,0,0,0,0,0,0,0,0,0,0
3711.96,2283.119,0.0000,19797.4403,1428.6700,299.5000,1428.4582,3.1759,5856.4810,3.2790,-4350.4038,0.0765,0.1862,290.5454,4.9728,7100.9603
3711.96,1157.0208,1000000000,0,2554.9000,299.5000,0,0,0,0,0,0,0,0,0,0
3711.96,3307.872,0.0000,51278.0439,404.2600,299.5000,404.1071,2.2138,21761.8364,-17.8497,8903.5404,0.0207,0.0508,421.5831,6.0043,2426.7575
3711.96,3044.292,105.0000,1564.5828,667.3000,299.5000,668.5413,2.2256,660.4787,10.0644,-5219.5898,1.2233,2.8903,739.2554,10.7054,7139.3656
3711.96,2283.119,0.0000,228.9359,1428.6700,3138.4000,1429.0030,1.7578,122.3612,-0.6131,895.9787,0.1426,0.4355,23.6814,0.2710,387.0082
3711.96,3307.872,0.0000,1389.0004,404.2600,3138.4000,403.9712,1.8930,689.3615,-1.4831,713.5529,0.1337,0.3649,107.3587,1.3516,546.3035
3711.96,3044.292,0.0000,395.2154,667.3000,3138.4000,669.6022,3.5848,103.5786,1.3317,-834.9868,0.6165,1.5268,36.8532,0.9364,628.8650
3711.96,2283.119,0.0000,593.6007,1428.6700,3210.2000,1428.4597,3.8632,144.3616,-0.0176,36.0605,0.2034,0.4992,15.6912,0.2956,422.1363
3711.96,1157.0208,1000000000,0,2554.9000,3210.2000,0,0,0,0,0,0,0,0,0,0
3711.96,3307.872,0.0000,1995.6874,404.2600,3210.2000,404.3379,2.6391,710.4447,3.0066,-1137.2513,0.1800,0.4354,99.6497,1.5575,629.4407
3711.96,3044.292,1000000000,0,667.3000,3210.2000,0,0,0,0,0,0,0,0,0,0
3711.96,2283.119,0.0000,655.8887,1428.6700,3248.6000,1428.4628,2.8469,216.4483,-0.5381,783.6004,0.0986,0.2391,15.4251,0.2502,357.3084
3711.96,1157.0208,0.0000,132.7832,2554.9000,3248.6000,2550.6582,2.2690,54.9804,-0.4186,1078.6911,0.2538,0.6078,12.5969,0.1843,470.6796
3711.96,3307.872,0.0000,2341.9524,404.2600,3248.6000,404.0187,2.4891,883.9822,-0.5272,305.2346,0.1044,0.2531,76.3373,1.1576,467.8786
3711.96,3044.292,100000000,0.0000,667.3000,3248.6000,0,0,0,0,0,0,0,0,0,0
3711.96,2283.119,0.0000,1386.2431,1428.6700,3392.6000,1428.5786,2.5363,513.4893,0.2407,-299.8225,0.0553,0.1334,22.9978,0.3527,503.6826
3711.96,1157.0208,0.0000,65.0657,2554.9000,3392.6000,2553.0377,1.1982,51.0171,-0.0234,75.8762,0.2519,2.6752,110.4642,0.2251,574.8286
3711.96,3307.872,0.0000,5924.1946,404.2600,3392.6000,404.0712,2.1668,2568.7041,-2.0205,1044.9835,0.0279,0.0691,68.9328,0.9681,391.2800
3711.96,3044.292,1000000000,0,667.3000,3392.6000,0,0,0,0,0,0,0,0,0,0
3711.96,2283.119,0.0000,613.4918,1428.6700,3441.2000,1428.5677,2.2513,256.0226,0.3807,-525.6762,0.0666,0.1579,15.4461,0.2244,320.4985
3711.96,1157.0208,1000000000.0000,0.0000,2554.9000,3441.2000,0.0000,0.0000,0.0000,0.0000,0.0000,0.0000,0.0000,0.0000,0.0000,0.0000
3711.96,3307.872,0.0000,1964.5886,404.2600,3441.2000,404.0898,2.2151,833.2616,4.0528,-1511.8070,0.0753,0.1850,58.7248,0.8362,337.9834
3711.96,3044.292,1000000000,0,667.3000,3441.2000,0,0,0,0,0,0,0,0,0,0
3711.96,2283.119,0.0000,1453.4197,1428.6700,3515.7000,1428.6052,2.6682,511.7677,-0.1164,209.0654,0.0375,0.0907,14.7923,0.2325,331.9850
3711.96,1157.0208,1000000000,0,2554.9000,3515.7000,0,0,0,0,0,0,0,0,0,0
3711.96,3307.872,0.0000,4882.4643,404.2600,3515.7000,404.0456,2.1247,2158.9772,-4.4011,2066.1524,0.0340,0.0849,72.2431,1.0011,404.6369
3711.96,3044.292,1000000000,0,667.3000,3515.7000,0,0,0,0,0,0,0,0,0,0
3711.96,2283.119,0.0000,1028.0104,1428.6700,3543.5000,1428.6623,2.6823,360.0678,-0.0841,142.1671,0.0833,0.2017,23.0087,0.3626,517.6994
3711.96,1157.0208,0.0000,28.9173,2554.9000,3543.5000,2553.7247,1.5040,18.0636,-0.2974,765.7198,0.6845,1.5226,15.2686,0.1766,451.0152
3711.96,3307.872,0.0000,3488.1050,404.2600,3543.5000,403.9769,2.1195,1546.1879,-1.0315,553.1833,0.0556,0.1392,84.9389,1.1746,474.7675
3711.96,3044.292,100000000,0,667.3000,3543.5000,0,0,0,0,0,0,0,0,0,0
3711.96,2283.119,0.0000,1964.5494,1428.6700,3745.5000,1428.5913,2.9490,625.8767,-0.9576,1464.0152,0.0637,0.1547,27.8344,0.4594,656.0271
3711.96,1157.0208,0.0000,90.9880,2554.9000,3745.5000,2556.3692,2.7683,30.8792,0.0363,-34.7822,0.6164,1.4958,14.1557,0.2272,580.2878
3711.96,3307.872,0.0000,6638.7034,404.2600,3745.5000,404.0202,2.0592,3028.8605,0.3187,446.7090,0.0287,0.0731,89.2720,1.2096,488.8811
3711.96,3044.292,0.0000,2903.5925,667.3000,3745.5000,665.2501,2.1562,1265.1818,-9.0022,6428.4291,0.1030,0.2482,124.1945,1.7591,1173.9422
3711.96,2283.119,0.0000,5079.4044,1428.6700,483.4000,1428.5556,3.3376,1429.8091,7.1094,-10097.5173,0.1754,0.4279,154.9071,2.7169,3879.4853
3711.96,1157.0208,0.0000,1929.4026,2554.9000,483.4000,2555.0275,4.9100,369.1835,0.2937,-747.3018,0.2586,0.6432,40.2525,0.8538,2180.3224
3711.96,3307.872,0.0000,12265.4015,404.2600,483.4000,404.0520,1.7825,6464.7819,-33.7895,14604.7113,0.1081,0.3178,909.8818,10.6893,4320.3513
3711.96,2283.119,0.0000,10131.9459,1428.6700,646.5000,1428.6467,2.8839,3300.7116,0.7234,-885.6312,0.0332,0.0805,78.1918,1.2766,1822.8956
3711.96,3307.872,0.0000,40667.3309,404.2600,646.5000,404.0468,2.2782,16770.5731,-22.4691,9231.9011,0.0694,0.1697,1056.3855,15.2775,6174.8761
3711.96,3044.292,1000000000.0000,0.0000,667.3000,646.5000,0.0000,0.0000,0.0000,0.0000,0.0000,0.0000,0.0000,0.0000,0.0000,0.0000
3711.96,2283.119,0.0000,6800.9255,1428.6700,686.9000,1428.6538,2.9472,2167.9662,-1.1214,1629.6593,0.0449,0.1091,68.0277,1.1226,1602.9309
3711.96,1157.0208,0.0000,67.3323,2554.9000,686.9000,2553.3903,1.6373,38.6371,-0.1495,392.7949,0.8723,1.6900,36.4943,0.4846,1237.7488
3711.96,3307.872,0.0000,17731.4248,404.2600,686.9000,404.1201,2.0410,8162.2546,-80.9174,33400.8694,0.2363,0.5940,1984.1506,26.8707,10860.2766
3711.96,3044.292,0.0000,1107.7330,667.3000,686.9000,664.7493,7.0414,147.8824,-0.4094,392.9074,1.1418,3.4591,52.6377,2.3466,1588.7958
3711.96,2283.119,0.0000,8579.6771,1428.6700,7418.8000,1428.5523,2.8361,2842.1312,-0.2720,413.6536,0.0061,0.0148,12.5643,0.2034,290.5119
3711.96,3307.872,0.0000,29461.2662,404.2600,7418.8000,404.0318,2.1849,12668.3935,2.9153,-972.3550,0.0067,0.0165,80.2848,1.1324,457.7163
3711.96,3044.292,0.0000,292.1470,667.3000,7418.8000,667.2991,2.1195,129.5016,-0.8523,721.8349,0.1540,0.3752,19.3410,0.7663,511.0401
3776.27,2656.509,0.0000,1119.3731,1119.7000,1250.2000,1119.6329,4.8351,217.5073,-2.1088,2320.2011,0.9431,2.3428,87.8101,1.8471,2066.5717
3776.27,1157.0208,0.0000,2143.0569,2619.1600,1250.2000,2619.4376,3.5123,573.2469,-0.5599,1472.9287,0.0635,0.1552,21.3785,0.3844,1006.7486
3776.27,3301.36,0.0000,1490.2131,475.2000,1250.2000,475.0805,2.8866,485.0297,-1.4239,672.9997,0.3005,0.7294,103.9514,1.6974,806.5026
3776.27,1157.0208,0.0000,5618.8138,2619.1600,1520.2000,2619.2306,3.5976,1467.3491,0.4880,-1230.9637,0.0407,0.0996,34.2596,0.6232,1632.2663
3776.27,0.0,0.0000,99.4230,3775.3000,1520.2000,3775.7165,2.0042,46.6075,-0.0343,152.8412,0.7570,1.7933,35.8492,0.4916,1855.6391
3776.27,2656.509,0.0000,487.4632,1119.7000,1524.4000,1119.7131,2.4874,184.1210,2.2942,-2533.7629,0.3426,0.9342,54.4353,2.0275,2248.8370
3776.27,1157.0208,0.0000,2716.3177,2619.1600,1524.4000,2619.3421,3.4349,742.9699,-0.2014,536.6892,0.0433,0.1057,19.2982,0.3432,898.8624
3776.27,2656.509,0.0000,609.1666,1119.7000,1597.7000,1119.5616,4.5507,125.7653,-0.5936,669.8344,1.5906,3.9374,90.9242,1.8564,2077.0639
3776.27,1157.0208,0.0000,1006.0635,2619.1600,1597.7000,2619.9969,4.9932,189.2997,-0.2069,553.5740,0.2314,0.5762,18.1666,0.3885,1017.3551
3776.27,3301.36,1000000000.0000,0.0000,475.2000,1597.7000,0.0000,0.0000,0.0000,0.0000,0.0000,0.0000,0.0000,0.0000,0.0000,0.0000
3776.27,2656.509,1000000000.0000,0.0000,1119.7000,1683.0000,0.0000,0.0000,0.0000,0.0000,0.0000,0.0000,0.0000,0.0000,0.0000,0.0000
3776.27,1157.0208,0.0000,1470.7612,2619.1600,1683.0000,2619.2586,4.0062,344.9119,-0.4463,1174.2229,0.1021,0.2511,18.1556,0.3482,911.8115
3776.27,0.0,1000000000.0000,0.0000,3775.3000,1683.0000,0.0000,0.0000,0.0000,0.0000,0.0000,0.0000,0.0000,0.0000,0.0000,0.0000
3776.27,2656.509,0.0000,0.0000,1119.7000,1771.9000,1125.9115,0.0022,152.2521,150.9909,-165762.6828,0.0000,0.0000,0.0000,123.1988,137866.7414
3776.27,1157.0208,0.0000,887.4225,2619.1600,1771.9000,2619.0870,3.4657,240.5728,0.0604,-94.3705,0.1333,0.3257,19.0825,0.3408,892.6512
3776.27,1157.0208,0.0000,1785.1083,2619.1600,1816.3000,2619.6147,3.5107,477.7153,0.1807,-463.5662,0.1050,0.2568,29.4872,0.5302,1388.4757
3776.27,3301.36,0.0000,258.2609,475.2000,1816.3000,475.2718,1.2189,199.0561,1.1699,-289.4689,0.9284,1.9284,250.6653,1.9260,914.0009
3776.27,2656.509,1000000000.0000,0.0000,1119.7000,1998.6000,0.0000,0.0000,0.0000,0.0000,0.0000,0.0000,0.0000,0.0000,0.0000,0.0000
3776.27,1157.0208,0.0000,5589.2427,2619.1600,1998.6000,2619.4134,3.6002,1458.5561,-1.5575,4159.9012,0.0350,0.0858,29.2967,0.5332,1396.4244
3776.27,3301.36,0.0000,3130.6738,475.2000,1998.6000,474.8356,5.3637,548.3691,1.6513,-56.0631,0.2576,0.6439,54.5573,1.2070,573.6306
3776.27,2656.509,0.0000,4857.5567,1119.7000,2158.5000,1126.0834,2.5105,1817.8761,0.2013,-200.6105,0.0234,0.0573,34.9804,0.5480,612.6065
3776.27,1157.0208,0.0000,969.3947,2619.1600,2158.5000,2619.1267,3.7272,244.3541,0.9068,-2391.7076,0.1249,0.3062,16.9046,0.3129,819.4679
3776.27,0.0,1000000000.0000,0.0000,3775.3000,2158.5000,0.0000,0.0000,0.0000,0.0000,0.0000,0.0000,0.0000,0.0000,0.0000,0.0000
3776.27,2656.509,0.0000,242.2706,1119.7000,2896.7000,1119.8805,1.8324,124.2149,0.5481,-575.8725,0.2506,0.7404,37.9378,1.1035,1224.6341
3776.27,1157.0208,0.0000,1426.5705,2619.1600,2896.7000,2619.4095,3.7680,355.7032,0.3599,-934.4141,0.0748,0.1835,14.5850,0.2714,710.8757
3776.27,3301.36,1000000000.0000,0.0000,475.2000,2896.7000,0.0000,0.0000,0.0000,0.0000,0.0000,0.0000,0.0000,0.0000,0.0000,0.0000
3776.27,2656.509,1000000000.0000,0.0000,1119.7000,3320.6000,0.0000,0.0000,0.0000,0.0000,0.0000,0.0000,0.0000,0.0000,0.0000,0.0000
3776.27,1157.0208,0.0000,892.4106,2619.1600,3320.6000,2618.3435,5.7541,145.7099,0.0578,-135.0314,0.1651,0.4148,8.6665,0.1986,520.1725
3776.27,0.0,1000000000.0000,0.0000,3775.3000,3320.6000,0.0000,0.0000,0.0000,0.0000,0.0000,0.0000,0.0000,0.0000,0.0000,0.0000
3776.27,3301.36,1000000000.0000,0.0000,475.2000,3320.6000,0.0000,0.0000,0.0000,0.0000,0.0000,0.0000,0.0000,0.0000,0.0000,0.0000
5297.6,3776.27,0.0000,1216.043,1520.20000,5833.6000,1520.326,3.998057,381.0455,0,0,0.0786118,0.2134488,20.58393,0,0
3776.27,1157.0208,0.0000,584.1313,2619.1600,703.4000,2619.9276,2.6808,204.7119,-1.9205,5067.3095,0.2442,0.5919,38.3790,0.6045,1583.0790
3776.27,2656.509,0.0000,1714.6215,1119.7000,7354.2000,1119.7594,2.6586,605.9239,0.5590,-587.0347,0.0454,0.1100,21.3109,0.3343,374.0660
3776.27,1157.0208,0.0000,8851.0929,2619.1600,7354.2000,2619.3411,3.5761,2325.3702,-0.5218,1379.8573,0.0180,0.0440,24.1144,0.4374,1145.5807
3776.27,0.0,0.0000,17.8426,3775.3000,7354.2000,3775.1221,1.6759,10.0025,0.0225,-84.0530,0.1297,0.3899,1.8294,0.0203,76.5041
3776.27,3301.36,0.0000,1747.2351,475.2000,7354.2000,475.1134,2.4322,674.9313,-0.2482,204.4657,0.0656,0.1590,37.4762,0.5618,266.9168
3776.27,2656.509,1000000000.0000,0.0000,1119.7000,874.3000,0.0000,0.0000,0.0000,0.0000,0.0000,0.0000,0.0000,0.0000,0.0000,0.0000
3776.27,1157.0208,0.0000,4974.3183,2619.1600,874.3000,2619.4055,3.8074,1227.4516,0.9553,-2452.5299,0.0529,0.1299,35.2352,0.6591,1726.1496
3776.27,3301.36,0.0000,3810.7711,475.2000,874.3000,474.2021,3.9978,895.5672,-3.3798,2064.9996,0.2915,0.7169,134.8911,2.5854,1229.1470
3913.8,2283.119,0.0000,1734.1626,1630.4000,1016.9000,1630.7049,2.6330,618.7997,-4.7150,8009.9194,0.1858,0.5081,93.7157,3.7891,6215.6214
3913.8,3711.96,0.0000,2779.5262,202.1000,1016.9000,202.0922,1.9882,1313.4762,5.8564,646.1148,0.1783,0.4582,250.3464,3.3158,670.9764
3913.8,3357.29,2.0000,420.4931,556.8000,1016.9000,556.1710,1.1913,331.6120,4.4304,-1603.6496,0.3027,0.9975,246.4171,2.5839,1436.5280
3913.8,3307.872,0.0000,1116.5977,605.8000,1016.9000,605.9089,1.7629,595.0821,3.4290,-1200.6837,0.6379,1.8547,496.1809,5.8131,3517.0281
3913.8,3285.004,0.0000,36358.1301,628.7100,1016.9000,628.6099,2.3611,14467.6028,-12.0626,8481.7757,0.0249,0.0597,312.7134,4.6372,2912.3067
3913.8,3044.292,0.0000,34039.7695,869.4700,1016.9000,869.2426,2.6323,12149.4052,2.1937,-1154.5471,0.0140,0.0339,132.9720,2.0751,1803.4018
3913.8,2283.119,0.0000,7475.9308,1630.4000,1183.1000,1630.4840,2.9429,2386.6930,-0.7570,1624.6429,0.0340,0.0825,56.7092,0.9350,1524.0001
3913.8,3711.96,0.0000,8823.587,202.1000,1183.1000,202.0675,2.377025,3487.218,0,0,0.0377461,0.1186483,128.5755,0,0
3913.8,3357.29,0.0000,977.6434,556.8000,1183.1000,556.2996,2.1012,437.1333,-9.1521,7246.9899,0.4211,1.0002,178.7503,2.5076,1394.4870
3913.8,3307.872,0.0000,6936.1150,605.8000,1183.1000,605.9046,2.4847,2622.6593,10.5551,-4536.9287,0.0431,0.1126,95.9376,3.2992,2027.1807
3913.8,3285.004,0.0000,112231.6862,628.7100,1183.1000,628.6303,2.3322,45210.9509,-3.3417,4071.4063,0.0064,0.0153,254.4485,3.7511,2355.8126
3913.8,3044.292,0.0000,103650.1825,869.4700,1183.1000,869.2398,2.5362,38395.5810,1.2088,550.0461,0.0062,0.0150,192.5750,2.9508,2564.3603
3913.8,2283.119,1000000000,0,1630.4000,1374.8000,0,0,0,0,0,0,0,0,0,0
3913.8,3711.96,1000000000.0000,0.0000,202.1000,1374.8000,0.0000,0.0000,0.0000,0.0000,0.0000,0.0000,0.0000,0.0000,0.0000,0.0000
3913.8,3285.004,0.0000,2832.6491,628.7100,1374.8000,628.8545,2.6755,994.7027,1.3541,-413.2067,0.1498,0.3630,114.6199,1.8035,1132.5755
3913.8,3044.292,0.0000,7175.0907,869.4700,1374.8000,869.3210,2.6275,2565.6279,-6.9777,6384.4725,0.0436,0.1201,90.6612,7.0113,6062.4621
3913.8,2283.119,0.0000,764.7809,1630.4000,1428.0000,1630.3017,2.1577,332.9973,-10.9576,18502.5873,1.8449,4.3980,582.0391,8.2642,13470.7248
3913.8,3711.96,-6.0000,18860.6372,202.1000,1428.0000,202.1535,2.1400,8287.5234,473.3567,-88179.3560,0.0259,0.0811,214.7018,41.4261,8255.2308
3913.8,3285.004,0.0000,5916.4818,628.7100,1428.0000,628.5331,2.0026,2775.6408,33.4514,-18370.0029,0.2824,0.6352,777.1766,10.8487,6813.5444
3913.8,3044.292,0.0000,6358.004,869.4700,1428.0000,869.115,2.205934,2707.672,0,0,0.08556438,0.1624002,124.2404,0,0
3913.8,2283.119,0.0000,807.2119,1630.4000,1481.7000,1630.6413,2.7817,272.6314,-0.2872,474.6739,0.1945,0.4714,39.2249,0.6292,1025.5075
3913.8,3711.96,0.0000,2323.4304,202.1000,1481.7000,201.0139,4.5799,476.6175,7.4502,-1230.0303,0.7820,1.9372,168.3601,3.4507,699.7469
3913.8,3307.872,0.0000,665.8823,605.8000,1481.7000,605.8012,1.616631,386.9495,0,0,0.1676714,0.5180609,92.96521,0,0
3913.8,3285.004,0.0000,12306.2322,628.7100,1481.7000,628.5889,2.4632,4693.8088,-3.5100,2292.9565,0.0360,0.0866,140.7014,2.1282,1336.5613
3913.8,3044.292,0.0000,11223.5755,869.4700,1481.7000,869.2795,2.5556,4126.1599,-3.7211,3328.1217,0.0460,0.1111,152.6532,2.3483,2040.7484
3913.8,2283.119,0.0000,1217.4411,1630.4000,1658.8000,1630.2022,4.0557,282.3748,0.7432,-1113.2296,0.2228,0.6976,35.4074,1.9054,3127.9163
3913.8,3711.96,0.0000,1575.1741,202.1000,1658.8000,202.6717,2.6682,554.6347,-9.9840,3143.9351,1.4418,3.4897,616.5316,9.6897,1959.9097
3913.8,3307.872,1000000000,0,605.8000,1658.8000,0,0,0,0,0,0,0,0,0,0
3913.8,3285.004,0.0000,15121.1102,628.7100,1658.8000,628.6343,2.2774,6238.0796,-0.3174,775.4997,0.0198,0.0472,110.8568,1.6167,1015.3608
3913.8,3044.292,0.0000,15507.4425,869.4700,1658.8000,869.2700,2.5955,5613.2713,1.4854,-796.8419,0.0159,0.0385,70.8355,1.0979,954.1547
3913.8,2283.119,0.0000,522.1542,1630.4000,1819.3000,1630.2889,1.9164,255.9821,-0.9856,1700.3326,0.1713,0.4009,46.2303,0.6220,1013.9318
3913.8,3285.004,0.0000,11118.7081,628.7100,1819.3000,628.6227,2.3478,4449.3875,-1.3992,1244.0909,0.0191,0.0459,74.3499,1.0995,690.5313
3913.8,3044.292,0.0000,10016.1887,869.4700,1819.3000,869.2776,2.4246,3881.1765,0.2151,163.1311,0.0261,0.0629,85.7523,1.2857,1117.3091
3913.8,2283.119,0.0000,388.3780,1630.4000,1860.2000,1630.2004,1.7663,206.5851,5.1453,-8310.3263,0.4778,1.2203,118.2032,1.4659,2389.3798
3913.8,3285.004,0.0000,9576.1384,628.7100,1860.2000,628.6291,2.3514,3826.1089,-3.6561,2462.1661,0.0302,0.0724,100.7867,1.4914,936.6523
3913.8,3044.292,0.0000,9193.4183,869.4700,1860.2000,869.1563,2.5422,3397.5299,-0.2561,393.3567,0.0304,0.0737,83.7100,1.2836,1115.5467
3913.8,3307.872,-4.0000,221.6271,605.8000,1867.4000,605.5991,1.1157,186.6195,0.5196,-178.1340,0.4454,0.5846,66.8523,0.7285,440.8053
3913.8,3285.004,0.0000,1418.8115,628.7100,1867.4000,628.6352,2.1091,632.0238,1.0295,-487.8194,0.0837,0.1961,50.8494,0.7181,451.0047
3913.8,3044.292,0.0000,784.8178,869.4700,1867.4000,869.0574,1.7881,412.3696,-1.5746,1572.6844,0.1316,0.3839,70.0578,0.8275,719.1831
3913.8,2283.119,0.0000,876.5702,1630.4000,1912.6000,1630.5247,3.1093,264.8612,0.9514,-1478.5627,0.1814,0.4456,31.9248,0.6663,1083.9686
3913.8,3711.96,0.0000,1109.9955,202.1000,1912.6000,201.8004,2.0298,513.7638,0.8458,858.7505,0.1038,0.2799,54.8443,7.0412,1416.9495
3913.8,3357.29,10000000000,0,556.8000,1912.6000,0,0,0,0,0,0,0,0,0,0
3913.8,3307.872,0.0000,1692.3553,605.8000,1912.6000,605.3370,3.6183,439.4287,-0.0530,433.4664,0.2205,0.5397,55.2529,1.0080,609.9121
3913.8,3285.004,0.0000,11879.6257,628.7100,1912.6000,628.6625,2.3996,4651.1387,1.7358,-674.5887,0.0181,0.0434,71.8485,1.0729,673.7720
3913.8,3044.292,0.0000,10636.1627,869.4700,1912.6000,869.2723,2.4588,4064.0320,1.0581,-434.6019,0.0161,0.0389,54.7808,0.8269,718.6220
3913.8,2283.119,0.0000,572.046,1630.4000,1993.1000,1630.686,2.172645,247.3489,0,0,0.2038657,0.4812076,34.77175,0,0
3913.8,3711.96,1000000000,0,202.1000,1993.1000,0,0,0,0,0,0,0,0,0,0
3913.8,3357.29,1000000000,0,556.8000,1993.1000,0,0,0,0,0,0,0,0,0,0
3913.8,3307.872,0.0000,288.0810,605.8000,1993.1000,606.0387,1.6979,159.4026,3.1856,-1261.5723,0.5308,1.7172,124.4088,1.3490,816.1267
3913.8,3285.004,0.0000,8606.9009,628.7100,1993.1000,628.6338,2.4158,3347.2728,-0.9982,1309.1232,0.0294,0.0707,83.6374,1.2532,787.0397
3913.8,3044.292,0.0000,7121.9985,869.4700,1993.1000,869.2452,2.3121,2894.0416,0.9899,-126.0089,0.0234,0.0565,60.2223,0.8816,766.1628
3913.8,2283.119,0.0000,560.0523,1630.4000,2178.6000,1630.4110,3.9803,132.1943,0.3906,-593.3509,0.3029,0.7446,20.7777,0.3972,647.4318
3913.8,3711.96,0.0000,1413.0442,202.1000,2178.6000,199.6575,5.1064,259.9807,5.5172,-454.9696,0.4822,1.2057,50.8937,1.1070,225.1636
3913.8,3307.872,0.0000,405.5638,605.8000,2178.6000,605.1681,5.2440,72.6610,1.5980,-764.9305,1.1038,2.9747,31.5767,1.9633,1187.4278
3913.8,3285.004,0.0000,5719.3835,628.7100,2178.6000,628.6091,2.2867,2349.8412,-0.3911,466.2162,0.0240,0.0573,50.5075,0.7383,463.6891
3913.8,3044.292,0.0000,5085.2252,869.4700,2178.6000,869.1514,2.3535,2030.0085,-1.3683,1411.9894,0.0217,0.0527,38.5916,0.5689,494.4442
3913.8,2283.119,0.0000,2325.4814,1630.4000,2297.5000,1630.3333,3.3736,647.6241,-0.0753,287.8542,0.0863,0.2106,34.1586,0.6022,981.5089
3913.8,3711.96,0.0000,2353.7119,202.1000,2297.5000,201.9261,1.9223,1150.3644,18.0132,-1130.0343,0.2222,0.5898,288.1856,3.7006,748.9454
3913.8,3307.872,0.0000,2037.5305,605.8000,2297.5000,605.7424,2.7728,690.3734,0.3308,904.8308,0.1347,0.3266,69.0413,1.1057,668.9453
3913.8,3285.004,0.0000,32787.8521,628.7100,2297.5000,628.6189,2.3208,13273.4446,6.6375,-3032.4312,0.0259,0.0620,303.7018,4.4680,2806.0619
3913.8,3044.292,0.0000,30481.6470,869.4700,2297.5000,869.2408,2.5333,11304.4723,2.8468,-1234.2613,0.0112,0.0271,102.7139,1.5730,1366.9851
3913.8,2283.119,0.0000,647.4196,1630.4000,2651.6000,1630.3758,2.7813,218.6948,0.0603,-67.7559,0.2323,0.5630,37.5883,0.6028,982.5273
3913.8,3711.96,0.0000,742.0197,202.1000,2651.6000,202.4848,2.7930,249.9833,4.7648,-648.6944,0.3322,1.0104,63.4880,11.0543,2204.7849
3913.8,3357.29,10000000000,0,556.8000,2651.6000,0,0,0,0,0,0,0,0,0,0
3913.8,3307.872,0.0000,636.2840,605.8000,2651.6000,605.4682,4.3728,136.7074,-0.2984,338.8641,0.6272,1.5491,40.5394,0.8116,490.9996
3913.8,3285.004,0.0000,9716.4448,628.7100,2651.6000,628.6219,2.3260,3924.7073,-0.5760,513.0106,0.0211,0.0505,72.9422,1.0742,674.5999
3913.8,3044.292,0.0000,9458.0466,869.4700,2651.6000,869.2457,2.5604,3470.5172,-2.3357,2150.4399,0.0213,0.0516,59.4932,0.9159,795.9529
3913.8,2283.119,1000000000,0,1630.4000,2664.7000,0,0,0,0,0,0,0,0,0,0
3913.8,3711.96,0.0000,366.7869,202.1000,2664.7000,203.6236,2.1252,162.1482,-4.7065,1180.8308,0.7710,1.8083,119.3256,1.6929,342.2388
3913.8,3357.29,10000000,0,556.8000,2664.7000,0,0,0,0,0,0,0,0,0,0
3913.8,3307.872,0.0000,206.5312,605.8000,2664.7000,605.4503,1.6755,115.8113,0.3524,-151.7586,0.3206,0.6113,39.3320,0.5325,322.2195
3913.8,3285.004,0.0000,2888.4241,628.7100,2664.7000,628.6892,2.3307,1164.3218,1.7775,-1038.9977,0.0461,0.1107,47.2280,0.6953,436.6543
3913.8,3044.292,0.0000,2944.6823,869.4700,2664.7000,869.2032,2.5576,1081.6926,-0.6119,608.9270,0.0502,0.1215,43.6999,0.6723,584.2313
3913.8,2283.119,100000000,0,1630.4000,2685.1000,0,0,0,0,0,0,0,0,0,0
3913.8,3711.96,1000000000,0,202.1000,2685.1000,0,0,0,0,0,0,0,0,0,0
3913.8,3357.29,1000000000,0,556.8000,2685.1000,0,0,0,0,0,0,0,0,0,0
3913.8,3307.872,1000000000,0,605.8000,2685.1000,0,0,0,0,0,0,0,0,0,0
3913.8,3285.004,0.0000,958.8626,628.7100,2685.1000,628.3999,2.5131,358.4596,-0.3212,420.5547,0.1760,0.4243,51.5708,0.7874,494.5189
3913.8,3044.292,0.0000,858.1772,869.4700,2685.1000,869.1397,2.0133,400.4770,0.0025,251.5969,0.1314,0.3304,54.9007,0.7382,641.5384
3913.8,2283.119,0.0000,740.7578,1630.4000,2758.5000,1630.4187,2.8149,247.2339,-0.2851,507.6209,0.1371,0.3324,24.7827,0.3998,651.6428
3913.8,3711.96,1000000000.0000,0.0000,202.1000,2758.5000,0.0000,0.0000,0.0000,0.0000,0.0000,0.0000,0.0000,0.0000,0.0000,0.0000
3913.8,3307.872,0.0000,852.5995,605.8000,2758.5000,605.4773,3.4919,229.3934,1.3322,-612.9417,0.3820,0.9337,51.7597,0.9281,561.5068
3913.8,3285.004,0.0000,11073.1789,628.7100,2758.5000,628.6163,2.3520,4423.2648,-1.0209,851.1621,0.0174,0.0417,67.1171,0.9935,623.9160
3913.8,3044.292,0.0000,10085.8615,869.4700,2758.5000,869.3058,2.5440,3724.6757,-1.4503,1477.7873,0.0204,0.0492,61.3373,0.9416,818.2869
3913.8,3357.29,0.0000,1300.4898,556.8000,2934.8000,556.0169,5.2486,232.7887,-0.8155,622.7722,0.4109,1.0258,37.7508,0.8263,459.5428
3913.8,3307.872,1000000000,0,605.8000,2934.8000,0,0,0,0,0,0,0,0,0,0
3913.8,3285.004,0.0000,490.7005,628.7100,2934.8000,628.3171,2.2165,207.9904,3.9325,-2264.6739,0.6631,1.5832,127.3079,1.8312,1150.1217
3913.8,3044.292,0.0000,203.1593,869.4700,2934.8000,869.0565,2.1973,86.8669,3.1853,-2522.8341,1.3068,3.2235,107.3200,1.5197,1320.7068
3913.8,2283.119,1000000000,0,1630.4000,3006.8000,0,0,0,0,0,0,0,0,0,0
3913.8,3711.96,1000000000,0,202.1000,3006.8000,0,0,0,0,0,0,0,0,0,0
3913.8,3357.29,0.0000,173.3782,556.8000,3006.8000,559.6151,2.1409,76.0843,-0.7664,957.5552,0.6114,1.4383,44.1356,0.6311,350.6936
3913.8,3307.872,0.0000,320.4014,605.8000,3006.8000,605.4782,1.7288,174.1172,1.5534,-415.0812,0.2660,0.5220,48.7332,0.6635,401.4906
3913.8,3285.004,0.0000,2218.0474,628.7100,3006.8000,628.7460,2.2746,916.1306,-3.4496,2651.2947,0.1428,0.3441,118.1636,1.7168,1078.1761
3913.8,3044.292,0.0000,1639.5361,869.4700,3006.8000,869.1106,1.8959,812.4604,-2.7931,3181.2730,0.2547,0.6733,236.0374,3.0122,2617.8159
3913.8,2283.119,0.0000,155.3671,1630.4000,3066.9000,1630.1612,2.3138,63.0858,-0.2250,371.9233,0.4741,1.1585,26.6921,0.5212,848.5946
3913.8,3711.96,1000000000,0,202.1000,3066.9000,0,0,0,0,0,0,0,0,0,0
3913.8,3357.29,0.0000,613.3725,556.8000,3066.9000,553.6120,5.4711,105.3849,-0.5389,335.1997,0.8383,2.4536,34.2369,2.4646,1379.5547
3913.8,3307.872,0.0000,246.9749,605.8000,3066.9000,605.6990,3.3942,68.3630,1.8311,-1071.0985,1.2654,3.0898,52.5577,0.9295,562.3483
3913.8,3285.004,0.0000,2956.5220,628.7100,3066.9000,628.6685,2.3954,1159.5988,-1.8421,1190.8038,0.0778,0.1871,77.3001,1.1532,724.2348
3913.8,3044.292,0.0000,2853.1702,869.4700,3066.9000,869.1666,2.9511,908.3274,-1.5016,1308.8302,0.0679,0.1650,43.0511,0.7107,617.6045
3913.8,2283.119,1000000000,0,1630.4000,3184.1000,0,0,0,0,0,0,0,0,0,0
3913.8,3711.96,1000000000.0000,0.0000,202.1000,3184.1000,0.0000,0.0000,0.0000,0.0000,0.0000,0.0000,0.0000,0.0000,0.0000,0.0000
3913.8,3357.29,0.0000,248.3381,556.8000,3184.1000,558.4830,2.0203,115.4839,0.7725,-323.3646,0.4899,1.1080,55.7614,0.7824,434.8569
3913.8,3307.872,100000000,0,605.8000,3184.1000,0,0,0,0,0,0,0,0,0,0
3913.8,3285.004,1000000000,0,628.7100,3184.1000,0,0,0,0,0,0,0,0,0,0
3913.8,3044.292,0.0000,354.6251,869.4700,3184.1000,868.4484,1.7217,193.5111,-0.3571,423.0963,0.1634,0.3322,34.0912,1.3395,1157.6352
3913.8,2283.119,0.0000,275.1845,1630.4000,3191.0000,1630.0190,2.3904,108.1558,-0.3093,525.4314,0.1784,0.4337,16.6427,0.2471,402.7700
3913.8,3711.96,0.0000,321.4446,202.1000,3191.0000,202.3290,1.3659,221.0932,-1.9575,561.0819,0.5666,1.0439,139.9196,1.6126,326.2507
3913.8,3357.29,100000000,0,556.8000,3191.0000,0,0,0,0,0,0,0,0,0,0
3913.8,3307.872,100000000,0,605.8000,3191.0000,0,0,0,0,0,0,0,0,0,0
3913.8,3285.004,0.0000,3685.5853,628.7100,3191.0000,628.5854,2.5226,1372.6574,-1.1661,805.2005,0.0412,0.0994,46.0934,0.7051,442.8296
3913.8,3044.292,0.0000,3101.8452,869.4700,3191.0000,869.2758,2.6338,1106.4586,-0.1320,188.9802,0.0420,0.1016,36.2999,0.5667,492.4920
3913.8,2283.119,1000000000,0,1630.4000,3543.5000,0,0,0,0,0,0,0,0,0,0
3913.8,3711.96,1000000000,0,202.1000,3543.5000,0,0,0,0,0,0,0,0,0,0
3913.8,3357.29,1000000000,0,556.8000,3543.5000,0,0,0,0,0,0,0,0,0,0
3913.8,3307.872,0.0000,202.9938,605.8000,3543.5000,605.6805,1.8155,105.0468,-0.3925,356.7941,0.4572,1.0260,52.0467,0.6914,418.3257
3913.8,3285.004,0.0000,1282.8461,628.7100,3543.5000,628.7621,2.1057,572.3740,0.8022,-375.2605,0.1044,0.2521,58.3831,0.8154,512.1101
3913.8,3044.292,0.0000,1368.8992,869.4700,3543.5000,869.3071,2.7481,467.9963,0.8233,-576.3989,0.1064,0.2578,37.2895,0.5944,516.5873
3913.8,2283.119,0.0000,127.0099,1630.4000,3788.4000,1632.3781,2.2313,53.4792,0.0628,-93.5336,0.5236,1.2449,25.6246,0.3714,605.3329
3913.8,3711.96,1000000000.0000,0.0000,202.1000,3788.4000,0.0000,0.0000,0.0000,0.0000,0.0000,0.0000,0.0000,0.0000,0.0000,0.0000
3913.8,3357.29,1000000000,0,556.8000,3788.4000,0,0,0,0,0,0,0,0,0,0
3913.8,3307.872,100000000,0.0000,605.8000,3788.4000,0,0,0,0,0,0,0,0,0,0
3913.8,3285.004,0.0000,987.9922,628.7100,3788.4000,628.5664,1.8122,512.2044,1.1722,-679.9261,0.0961,0.2007,51.5011,0.7022,441.0432
3913.8,3044.292,0.0000,706.5240,869.4700,3788.4000,868.7643,2.8768,230.7352,-2.1419,1918.9168,0.3084,0.7486,50.9300,0.8303,721.6299
3913.8,2283.119,0.0000,10982.1123,1630.4000,651.0700,1630.4356,2.9074,3548.8567,3.4360,-4448.3736,0.0814,0.2046,206.8933,5.4753,8889.1768
3913.8,3711.96,0.0000,13045.4690,202.1000,651.0700,201.9726,1.9366,6329.4388,62.4959,-1270.1624,0.1231,0.4014,907.8125,67.0363,13112.3828
3913.8,3357.29,0.0000,3845.6758,556.8000,651.0700,557.3155,3.7521,962.9346,-2.5520,6670.8055,0.2334,0.5725,123.6426,2.2995,1278.0486
3913.8,3307.872,0.0000,10779.0148,605.8000,651.0700,605.8586,2.2417,4517.4810,-8.1165,9917.3255,0.0712,0.1738,296.6475,4.2612,2578.0347
3913.8,3285.004,0.0000,165332.8152,628.7100,651.0700,628.6378,2.3073,67322.6386,3.7832,2650.1819,0.0074,0.0177,443.2169,6.5013,4083.0067
3913.8,3044.292,0.0000,155308.3433,869.4700,651.0700,869.2514,2.5147,58024.6721,8.7682,-2958.4312,0.0089,0.0214,420.4310,6.4156,5575.4254
3913.8,3285.004,0.0000,5478.1246,628.7100,670.4000,628.5494,2.4567,2094.9476,-4.1482,3389.1002,0.1059,0.2548,185.4060,2.8013,1759.3020
3913.8,3044.292,0.0000,4428.6339,869.4700,670.4000,869.2475,2.1685,1918.7595,-0.5865,929.2100,0.0770,0.1854,139.9324,1.9846,1724.7203
3913.8,2283.119,0.0000,97.95583,1630.4000,1860.2000,1630.294,3.893565,23.63473,0,0,0.5835271,1.556112,6.194375,0,0
3913.8,3711.96,1000000000,0,202.1000,7215.8000,0,0,0,0,0,0,0,0,0,0
3913.8,3357.29,100000000,0,556.8000,7215.8000,0,0,0,0,0,0,0,0,0,0
3913.8,3285.004,0.0000,1098.8154,628.7100,7215.8000,628.6430,2.2645,455.8918,-0.0494,79.6859,0.0274,0.0692,11.5252,0.3303,204.7741
3913.8,3044.292,0.0000,999.3826,869.4700,7215.8000,869.1856,2.3092,406.6100,1.0259,-836.9572,0.0362,0.0939,13.4163,0.4172,358.8459
3922.71,2283.119,0.0000,2314.6075,1640.7000,1173.9000,1639.3283,3.1565,688.9272,-1.3710,2253.3552,0.1183,0.2881,53.2157,0.9082,1489.6632
3922.71,3711.96,1000000000.0000,0.0000,211.3000,1173.9000,0.0000,0.0000,0.0000,0.0000,0.0000,0.0000,0.0000,0.0000,0.0000,0.0000
3922.71,3285.004,0.0000,20964.5518,637.6800,1173.9000,637.5221,2.3179,8497.4547,0.5275,-63.0776,0.0176,0.0420,131.9827,1.9425,1237.4395
3922.71,3044.292,0.0000,17426.1694,878.2500,1173.9000,878.1507,2.4572,6662.9608,1.7871,-1383.3882,0.0209,0.0507,116.8580,1.7614,1546.6122
3922.71,2283.119,100000000,0,1640.7000,1307.3000,0,0,0,0,0,0,0,0,0,0
3922.71,3711.96,1000000000,0,211.3000,1307.3000,0,0,0,0,0,0,0,0,0,0
3922.71,3285.004,0.0000,3048.5831,637.6800,1307.3000,637.1289,2.8889,991.4240,6.8273,-4129.3803,0.1801,0.4372,127.2728,2.0790,1324.5528
3922.71,3044.292,0.0000,1810.8371,878.2500,1307.3000,877.6465,2.2473,757.0380,2.2214,-1823.9294,0.1289,0.3073,88.7904,1.2867,1129.9440
3922.71,2283.119,0.0000,781.8045,1640.7000,1366.1000,1638.9702,2.7833,263.9046,-2.2150,3665.2486,0.2536,0.6153,49.5133,0.7946,1303.3059
3922.71,3711.96,0.0000,1161.2164,211.3000,1366.1000,210.7205,3.6593,298.1367,9.1846,-1567.9244,1.0129,2.4806,170.2996,3.1241,660.6383
3922.71,3285.004,0.0000,8638.6899,637.6800,1366.1000,637.5055,2.3482,3456.3359,-0.1571,274.5554,0.0340,0.0813,102.5622,1.5181,967.1125
3922.71,3044.292,0.0000,8254.8003,878.2500,1366.1000,878.1020,2.7552,2814.8261,11.3751,-10018.5043,0.2331,0.5651,490.1375,7.8216,6867.9036
3922.71,2283.119,1000000000,0,1640.7000,1173.9000,0,0,0,0,0,0,0,0,0,0
3922.71,3711.96,1000000000,0,211.3000,1419.3000,0,0,0,0,0,0,0,0,0,0
3922.71,3285.004,0.0000,2825.7025,637.6800,1419.3000,637.6642,2.1619,1227.9983,-1.4214,1273.6278,0.0971,0.2455,114.7892,5.7699,3705.7546
3922.71,3044.292,0.0000,3219.7593,878.2500,1419.3000,878.1140,2.9652,1020.2034,1.7385,-1202.5876,0.0960,0.2680,71.2368,3.4958,3099.3685
3922.71,2283.119,0.0000,846.5014,1640.7000,1511.6000,1639.0074,2.1391,371.7899,-1.0303,1775.3294,0.1245,0.3105,45.1985,0.6291,1031.8594
3922.71,3711.96,100000000,0,211.3000,1511.6000,0,0,0,0,0,0,0,0,0,0
3922.71,3285.004,0.0000,12772.4461,637.6800,1511.6000,637.5010,2.8847,4159.8768,5.7039,-3185.6266,0.0693,0.1681,205.6438,3.3576,2138.8596
3922.71,3044.292,0.0000,6950.8903,878.2500,1511.6000,878.1201,2.6964,2421.8781,-4.7137,4563.7784,0.0965,0.2340,178.4627,2.8177,2474.1477
3922.71,2283.119,0.0000,506.8168,1640.7000,1649.9000,1639.3627,2.4867,191.4788,-0.5833,1213.8434,0.3279,0.7905,51.8715,0.7880,1292.3620
3922.71,3711.96,0.0000,2937.2057,211.3000,1649.9000,211.4775,3.3451,824.9499,27.9621,-1013.5077,1.9556,4.7720,994.3776,17.4581,3688.4910
3922.71,3285.004,0.0000,3877.8676,637.6800,1649.9000,637.5555,2.0517,1775.7198,-17.1672,13142.4331,0.0623,0.1473,109.2865,5.5234,3528.7697
3922.71,3044.292,0.0000,2136.9100,878.2500,1649.9000,878.2028,1.6923,1186.3475,-16.4012,17462.1989,0.3407,0.8831,508.2619,6.0771,5336.0154
3922.71,2283.119,0.0000,14243.1908,1640.7000,1810.3000,1640.9302,2.8952,4621.9258,-0.1481,326.3511,0.0089,0.0216,29.2523,0.4786,784.8589
3922.71,3711.96,0.0000,633.0827,211.3000,1810.3000,221.7517,2.1881,271.8301,5.4146,-451.0506,0.4609,1.1379,118.6479,1.7886,375.2482
3922.71,3285.004,0.0000,511.2179,637.6800,1810.3000,637.7443,2.2523,213.2467,-1.5845,1356.9207,0.2335,0.5624,45.4039,0.6565,418.2126
3922.71,3044.292,0.0000,402.2782,878.2500,1810.3000,878.4341,2.4538,154.0221,2.0729,-1381.9447,0.3711,0.8924,47.8012,0.7217,633.7010
3922.71,2283.119,0.0000,376.7054,1640.7000,1852.3000,1639.6028,2.1633,163.6005,-1.2663,2088.7003,0.2733,0.6425,41.9779,0.5996,983.4737
3922.71,3711.96,0.0000,282.5766,211.3000,1852.3000,210.2909,2.7746,95.6831,-1.8694,677.5887,2.5876,6.2729,183.6608,2.9423,622.3062
3922.71,3285.004,0.0000,2294.3747,637.6800,1852.3000,637.4745,1.9150,1125.6215,7.1105,-4407.6610,0.1145,0.2491,131.1027,1.8111,1153.7825
3922.71,3044.292,0.0000,2723.0683,878.2500,1852.3000,878.0395,2.5232,1013.9412,1.9636,-1612.3967,0.1043,0.2529,86.3025,1.3179,1157.1926
3922.71,2283.119,0.0000,711.4031,1640.7000,1984.1000,1639.0319,2.8218,236.8630,0.8534,-1300.6996,0.2279,0.5532,39.3945,0.6365,1043.9371
3922.71,3711.96,1000000000,0,211.3000,1984.1000,0,0,0,0,0,0,0,0,0,0
3922.71,3285.004,0.0000,8820.1745,637.6800,1984.1000,637.5141,2.3306,3555.5486,3.6740,-1931.1392,0.0484,0.1154,150.9434,2.2269,1418.6136
3922.71,3044.292,0.0000,7508.8349,878.2500,1984.1000,878.1189,2.5579,2758.0264,0.4975,-64.3333,0.0290,0.0703,64.3934,0.9903,869.5622
3922.71,2283.119,0.0000,89.6846,1640.7000,2071.6000,1640.7856,1.0709,78.6835,-0.1819,341.2225,1.5906,3.8963,286.7807,0.6853,1123.9045
3922.71,3711.96,1000000000,0,211.3000,2071.6000,0,0,0,0,0,0,0,0,0,0
3922.71,3285.004,0.0000,2375.6211,637.6800,2071.6000,637.4365,2.2598,987.6500,1.0054,-520.1507,0.1390,0.3298,123.9501,1.8039,1149.2145
3922.71,3044.292,0.0000,2555.5122,878.2500,2071.6000,877.7850,3.3590,714.7848,0.2690,-166.8280,0.1913,0.4668,83.9277,1.4763,1296.3962
3922.71,2283.119,1.0000,419.4512,1640.7000,2223.3000,1640.0692,1.3418,293.6985,-12.2674,20352.6483,0.0749,0.4733,77.4353,3.4870,5721.2183
3922.71,3711.96,1000000000,0,211.3000,2223.3000,0,0,0,0,0,0,0,0,0,0
3922.71,3285.004,0.0000,4036.7072,637.6800,2223.3000,637.4874,2.5999,1458.7371,3.8285,-1857.4884,0.0521,0.1339,60.6971,4.5423,2899.7687
3922.71,3044.292,0.0000,2205.5830,878.2500,2223.3000,878.2107,2.1236,975.7924,-0.9983,1550.8534,0.1689,0.4103,160.1024,2.2402,1967.0444
3922.71,2283.119,0.0000,218.8177,1640.7000,2289.2000,1634.2490,4.7182,43.5718,0.2958,-458.7596,1.2314,3.1137,23.6874,0.5124,841.4722
3922.71,3711.96,1000000000,0,211.3000,2289.2000,0,0,0,0,0,0,0,0,0,0
3922.71,3285.004,0.0000,711.4999,637.6800,2289.2000,637.4563,2.2264,300.2366,4.0397,-2495.9639,0.3860,0.9117,105.9803,1.5334,976.8631
3922.71,3044.292,0.0000,675.8959,878.2500,2289.2000,878.0350,3.4766,182.6510,0.1876,-80.9433,0.3726,0.9105,40.3720,0.7222,634.1593
3922.71,2283.119,0.0000,846.8434,1640.7000,2642.8000,1639.2356,2.8271,281.4231,-0.2472,405.3734,0.1323,0.3209,27.1073,0.4383,718.8820
3922.71,3711.96,1000000000,0,211.3000,2642.8000,0,0,0,0,0,0,0,0,0,0
3922.71,3285.004,0.0000,8812.2385,637.6800,2642.8000,637.5164,2.2980,3602.7059,-0.4516,398.9626,0.0234,0.0556,74.8810,1.0980,699.4783
3922.71,3044.292,0.0000,7061.6026,878.2500,2642.8000,878.0944,2.5826,2568.9365,1.8699,-1534.3184,0.0246,0.0596,50.3971,0.7788,683.8083
3922.71,2283.119,0.0000,1451.6486,1640.7000,2746.5000,1639.2640,2.6248,519.5959,-1.7411,2922.5403,0.0830,0.2008,33.7810,0.5266,863.7485
3922.71,3711.96,1000000000,0,211.3000,2746.5,0,0,0,0,0,0,0,0,0,0
3922.71,3285.004,0.0000,18408.0748,637.6800,2746.5000,637.5239,2.3157,7468.3465,-1.3437,1225.2995,0.0124,0.0296,81.8393,1.2040,766.9860
3922.71,3044.292,0.0000,15259.3787,878.2500,2746.5000,878.1634,2.5460,5630.8540,-2.0246,2137.2463,0.0132,0.0319,59.8860,0.9190,806.9512
3922.71,2283.119,0.0000,101.6357,1640.7000,2891.1000,1640.4418,1.5693,60.8463,0.0458,-19.3625,0.6236,1.1045,40.0659,0.5388,883.6209
3922.71,3711.96,100000000,0,211.3000,2891.1000,0,0,0,0,0,0,0,0,0,0
3922.71,3285.004,0.0000,933.6171,637.6800,2891.1000,637.6899,2.0341,431.2261,-0.4929,581.0569,0.1865,0.4386,80.2537,1.1116,708.1132
3922.71,3044.292,0.0000,953.6164,878.2500,2891.1000,877.9514,2.6809,334.1878,-0.5756,766.2626,0.2881,0.6982,73.9113,1.1636,1021.7219
3922.71,2283.119,0.0000,297.4911,1640.7000,2932.5000,1640.1902,2.8119,99.3989,-0.4985,843.8503,0.2632,0.6383,19.1496,0.3087,506.2538
3922.71,3711.96,0.0000,1252.3968,211.3000,2932.5000,218.7860,8.9353,131.7690,2.4183,-293.7468,1.7759,5.4104,57.6241,2.0796,423.4923
3922.71,3285.004,0.0000,921.1391,637.6800,2932.5000,637.6194,1.5569,555.8579,31.8015,-19904.9330,1.3313,2.4793,804.4401,10.5264,6705.9850
3922.71,3044.292,0.0000,1633.8847,878.2500,2932.5000,878.1191,2.3111,664.2148,0.1787,-66.8391,0.0937,0.2281,55.5783,0.8110,712.1468
3922.71,2283.119,1000000000,0,1640.7000,3000.1000,0,0,0,0,0,0,0,0,0,0
3922.71,3711.96,1000000000,0,211.3000,3000.1000,0,0,0,0,0,0,0,0,0,0
3922.71,3285.004,0.0000,2708.1422,637.6800,3000.1000,637.4929,2.5332,1004.3960,-2.6155,1781.9159,0.0941,0.2269,76.6371,1.1748,748.3834
3922.71,3044.292,0.0000,2012.7823,878.2500,3000.1000,878.0559,2.6556,712.0940,-0.8127,844.5759,0.0740,0.1792,40.8185,0.6396,561.5904
3922.71,2283.119,1000000000.0000,0.0000,1640.7000,3057.9000,0.0000,0.0000,0.0000,0.0000,0.0000,0.0000,0.0000,0.0000,0.0000,0.0000
3922.71,3711.96,1000000000.0000,0.0000,211.3000,3057.9000,0.0000,0.0000,0.0000,0.0000,0.0000,0.0000,0.0000,0.0000,0.0000,0.0000
3922.71,3285.004,0.0000,1201.8432,637.6800,3057.9000,637.4145,1.8164,621.6522,-7.1229,4477.9669,0.3612,0.7613,235.5105,3.2035,2040.8564
3922.71,3044.292,0.0000,2078.3711,878.2500,3057.9000,878.2325,2.7395,712.7629,-0.6270,526.8212,0.1201,0.2909,64.2828,1.0231,898.3118
3922.71,2283.119,100000000,0,1640.7000,3176.6000,0,0,0,0,0,0,0,0,0,0
3922.71,3711.96,0.0000,2255.9555,211.3000,3176.6000,212.9759,8.7128,243.2629,1.6756,268.7400,0.9523,2.5073,55.2231,1.5755,330.3026
3922.71,3285.004,0.0000,722.4180,637.6800,3176.6000,637.2703,1.7364,390.8720,2.9302,-1475.5286,0.3450,0.8038,155.0673,1.9771,1259.5654
3922.71,3044.292,0.0000,1003.4188,878.2500,3176.6000,878.0642,2.7738,339.8691,-0.6361,963.1722,0.2881,0.6986,72.6588,1.1633,1021.4795
3922.71,2283.119,0.0000,778.3280,1640.7000,3182.2000,1636.2788,16.1203,45.7722,-0.2802,482.6638,2.1029,6.8702,14.1820,0.5784,956.8956
3922.71,3711.96,1000000000.0000,0.0000,211.3000,3182.2000,0.0000,0.0000,0.0000,0.0000,0.0000,0.0000,0.0000,0.0000,0.0000,0.0000
3922.71,3285.004,0.0000,2254.2300,637.6800,3182.2000,637.4584,2.1484,985.7851,-1.7921,1305.7816,0.1098,0.2564,102.0267,1.4561,927.6471
3922.71,3044.292,0.0000,1879.3582,878.2500,3182.2000,878.1588,2.3854,740.1941,-0.1793,314.5481,0.1622,0.3932,103.6572,1.5390,1351.3807
3922.71,2283.119,-1.0000,94.8837,1640.7000,3231.2000,1639.6210,1.1106,80.2655,-0.3843,708.0401,0.6151,0.8504,42.8279,0.4152,681.0353
3922.71,3711.96,1000000000,0,211.3000,3231.2000,0,0,0,0,0,0,0,0,0,0
3922.71,3285.004,0.0000,1981.9424,637.6800,3231.2000,637.4663,2.0832,893.8407,2.4384,-1242.1560,0.1714,0.3943,147.7854,2.0872,1329.6872
3922.71,3044.292,0.0000,1298.4946,878.2500,3231.2000,878.0567,2.6135,466.7857,0.1694,130.7266,0.1908,0.4625,70.1586,1.0905,957.5887
3922.71,2283.119,0.0000,69.1053,1640.7000,3306.9000,1638.7300,1.6324,39.7726,-0.2615,461.9613,0.5347,1.2304,25.4777,0.3131,513.5567
3922.71,3711.96,0.0000,4864.2378,211.3000,3306.9000,203.2156,16.9586,282.1671,10.9322,-2142.6115,2.5305,8.8165,153.9153,6.4808,1474.9726
3922.71,3285.004,0.0000,335.5554,637.6800,3306.9000,637.4251,1.3675,230.5284,-1.8151,1265.2248,0.1026,0.1797,24.5380,4.6412,2950.3644
3922.71,3044.292,0.0000,144.2799,878.2500,3306.9000,878.2921,1.6520,82.0532,-0.0394,152.3739,0.7139,1.5863,68.1023,0.8574,752.8030
3922.71,2283.119,1000000000,0,1640.7000,3535.1000,0,0,0,0,0,0,0,0,0,0
3922.71,3711.96,100000000,0,211.3000,3535.1000,0,0,0,0,0,0,0,0,0,0
3922.71,3285.004,0.0000,465.0647,637.6800,3535.1000,637.3864,1.9620,222.6959,0.2921,47.1331,0.2557,0.5881,58.1143,1.2674,799.9165
3922.71,3044.292,0.0000,525.1126,878.2500,3535.1000,878.0303,4.0159,122.8472,-0.2650,511.2370,0.5324,1.3094,33.6432,0.6459,567.1400
3922.71,2283.119,0.0000,143.1802,1640.7000,3558.1000,1639.0943,3.0341,44.3359,0.5954,-962.2305,0.6307,1.5338,18.9853,0.3179,521.3696
3922.71,3711.96,1000000000.0000,0.0000,211.3000,3558.1000,0.0000,0.0000,0.0000,0.0000,0.0000,0.0000,0.0000,0.0000,0.0000,0.0000
3922.71,3285.004,0.0000,1065.0216,637.6800,3558.1000,637.3746,2.2618,442.3881,2.3992,-1452.1662,0.1526,0.3634,60.9902,0.8869,565.0037
3922.71,3044.292,0.0000,915.4814,878.2500,3558.1000,878.1185,2.4782,347.0678,-0.5596,545.9692,0.1374,0.3330,39.6148,0.5996,526.4672
3922.71,2283.119,10000000000,0,1640.7000,4032.0000,0,0,0,0,0,0,0,0,0,0
3922.71,3711.96,0.0000,0.0000,211.3000,4032.0000,214.8285,0.0206,4.4548,6.3113,-817.1752,0.0000,0.0000,0.0000,1.1879,251.0280
3922.71,3285.004,0.0000,405.3494,637.6800,4032.0000,637.5403,1.4302,266.2764,2.9835,-1546.0600,0.9230,1.4419,247.5860,3.3289,2120.7423
3922.71,3044.292,0.0000,466.4280,878.2500,4032.0000,878.2972,1.8417,237.9368,-2.4964,2517.3259,0.6846,1.5749,176.6071,2.3419,2056.2928
3922.71,2283.119,0.0000,381.9210,1640.7000,4391.5000,1640.9245,3.0733,116.7535,0.7251,-1154.0981,0.2627,0.6391,20.5591,0.3464,568.0451
3922.71,3711.96,1000000000,0,211.3000,4391.5000,0,0,0,0,0,0,0,0,0,0
3922.71,3285.004,0.0000,1452.2659,637.6800,4391.5000,637.5123,2.3464,581.5057,2.8937,-1650.1894,0.0940,0.2247,47.6964,0.7058,449.5961
3922.71,3044.292,0.0000,1205.1043,878.2500,4391.5000,878.1084,2.5533,443.4344,2.4082,-1876.6999,0.1139,0.2760,40.7249,0.6257,549.4325
3922.71,2283.119,0.0000,3393.7015,1640.7000,7208.1000,1639.2700,2.8777,1107.9907,-0.2558,472.1838,0.0189,0.0458,14.9565,0.2439,400.1061
3922.71,3711.96,0.0000,3210.6811,211.3000,7208.1000,210.9427,2.8960,1041.5927,-6.9265,2662.7495,0.1269,0.3081,93.9859,1.5371,324.9238
3922.71,3285.004,0.0000,38303.7303,637.6800,7208.1000,637.4984,2.3278,15459.5468,-3.3134,2668.4750,0.0089,0.0212,120.9804,1.7839,1136.4217
3922.71,3044.292,0.0000,30863.1911,878.2500,7208.1000,878.1340,2.5250,11483.5677,-1.5545,1860.9498,0.0097,0.0234,90.5096,1.3830,1214.3863
3966.38,1157.0208,0.0000,576.2186,2808.3000,7164.6000,2808.3508,3.6393,148.7564,-0.1332,375.1119,0.0533,0.1306,4.4982,0.0823,231.0902
4011.4,2283.119,0.0000,1374.3221,1727.5000,1330.9000,1727.7411,3.3382,386.7899,1.8739,-3137.2587,0.2019,0.4927,48.2370,0.8462,1461.3527
4011.4,3711.96,927.0000,46728.1145,299.5000,1330.9000,303.6005,8.1889,5361.1017,3.8339,-1804.7795,1.0602,2.8479,1455.6049,42.2955,12493.5250
4011.4,3044.292,0.0000,6097.8706,966.6000,1330.9000,966.5661,2.5721,2227.4079,-0.1752,456.8008,0.0601,0.1451,106.9722,1.6517,1595.5577
4011.4,2283.119,0.0000,1662.0632,1727.5000,1491.1000,1727.5637,2.8492,548.0547,-0.0336,93.3885,0.0739,0.1792,29.2524,0.4747,819.8467
4011.4,3044.292,0.0000,7265.2737,966.6000,1491.1000,966.5573,2.4099,2832.4010,-4.0620,4083.8264,0.0429,0.1031,103.4973,1.5498,1497.0973
4011.4,2283.119,0.0000,626.4721,1727.5000,1878.7000,1726.7319,4.0644,144.8117,-0.1003,175.9892,0.3324,0.8179,24.4647,0.4725,816.0190
4011.4,3711.96,1000000000.0000,0.0000,299.5000,1878.7000,0.0000,0.0000,0.0000,0.0000,0.0000,0.0000,0.0000,0.0000,0.0000,0.0000
4011.4,3044.292,0.0000,2145.0901,966.6000,1878.7000,966.4450,2.6009,774.8544,0.2953,-235.3048,0.0773,0.1868,47.3522,0.7351,710.0682
4011.4,2283.119,0.0000,2026.9115,1727.5000,1983.3000,1727.5959,2.7557,691.0296,1.0309,-1683.8756,0.0517,0.1252,26.6684,0.4258,735.3345
4011.4,3711.96,0.0000,1701.1974,299.5000,1983.3000,299.2414,2.4620,649.1888,7.1900,-1162.2524,0.2345,0.5666,127.1414,1.9198,574.4480
4011.4,3044.292,0.0000,9227.4212,966.6000,1983.3000,966.5365,2.6465,3275.7654,-2.7881,3084.7421,0.0222,0.0537,56.5811,0.8858,855.6515
4011.4,2283.119,0.0000,209.9250,1727.5000,2027.9000,1728.1942,1.8163,108.5841,-0.0753,154.3564,0.2838,0.7219,35.8400,0.4534,782.9555
4011.4,3711.96,0.0000,2971.1298,299.5000,2027.9000,302.2595,12.1233,230.3831,2.7953,-695.2776,1.3564,3.9354,53.8882,1.9363,566.9967
4011.4,3044.292,0.0000,865.9564,966.6000,2027.9000,966.7671,2.0082,405.1296,-0.3046,394.7228,0.1362,0.3299,56.5938,0.7706,744.4249
4011.4,2283.119,0.0000,104.4376,1727.5000,2214.8000,1731.2444,2.5216,38.9124,-0.3113,564.3199,0.6173,1.4986,19.6199,0.3028,522.6585
4011.4,3711.96,1000000000.0000,0.0000,299.5000,2214.8000,0.0000,0.0000,0.0000,0.0000,0.0000,0.0000,0.0000,0.0000,0.0000,0.0000
4011.4,3044.292,0.0000,598.8554,966.6000,2214.8000,966.6432,2.6614,211.4046,-1.2028,1278.7141,0.2417,0.5848,39.4888,0.6199,598.7651
4011.4,2283.119,0.0000,603.6175,1727.5000,2587.7000,1727.4417,3.3057,171.5531,0.0779,-116.9077,0.1719,0.4192,18.3867,0.3209,554.2377
4011.4,3711.96,0.0000,1052.2392,299.5000,2587.7000,303.0444,5.2693,187.6141,-0.6987,372.7958,0.6193,1.5634,45.8435,1.0286,306.1081
4011.4,3044.292,0.0000,1844.8448,966.6000,2587.7000,966.4442,2.8113,616.5350,-0.3142,380.1216,0.0694,0.1682,31.3193,0.5049,487.7531
4011.4,2283.119,0.0000,256.5026,1727.5000,2662.0000,1727.5834,1.5567,154.8014,0.7435,-1229.8668,0.1881,0.3365,30.9955,0.4130,713.1645
4011.4,3044.292,0.0000,1421.1938,966.6000,2662.0000,966.8442,2.5663,520.3006,-1.6591,1662.3742,0.1396,0.3381,58.2427,0.8977,867.0746
4011.4,2283.119,0.0000,3344.5324,1727.5000,2801.3000,1725.5342,3.0588,1027.2867,-1.7509,3045.6945,0.0338,0.0823,23.4055,0.3938,680.2229
4011.4,3711.96,0.0000,315.2068,299.5000,2801.3000,299.4124,1.4378,205.9742,1.5274,-304.9102,0.4478,0.7359,95.3759,1.2534,375.0155
4011.4,3044.292,0.0000,1217.6356,966.6000,2801.3000,966.4516,3.0489,375.2063,-2.1850,2209.2478,0.2601,0.6325,65.9312,1.1061,1068.4487
4011.4,2283.119,0.0000,1428.7063,1727.5000,2910.2000,1727.6560,3.0643,438.0460,-0.1876,339.3131,0.0512,0.1246,15.0805,0.2537,438.0363
4011.4,3711.96,0.0000,350.0331,299.5000,2910.2000,299.3560,1.5728,209.0953,-4.7075,1541.7849,0.4841,0.9418,112.1979,1.4491,433.5802
4011.4,3044.292,0.0000,6645.5759,966.6000,2910.2000,966.5605,2.5032,2494.2047,-1.6495,1669.3194,0.0176,0.0424,35.9705,0.5483,529.6291
4011.4,3044.292,0.0000,886.0916,966.6000,2969.2000,966.3821,2.7413,303.6890,-0.6620,688.8852,0.2042,0.4946,46.5402,0.7411,715.8842
4011.4,2283.119,0.0000,1024.0435,1727.5000,3087.2000,1727.6142,2.7869,345.2178,0.0087,-15.7300,0.0798,0.1935,20.3528,0.3268,564.2919
4011.4,3711.96,1000000000.0000,0.0000,299.5000,3087.2000,0.0000,0.0000,0.0000,0.0000,0.0000,0.0000,0.0000,0.0000,0.0000,0.0000
4011.4,3044.292,0.0000,4495.0473,966.6000,3087.2000,966.5480,2.6667,1583.6862,-0.4220,434.1657,0.0284,0.0687,34.7045,0.5453,526.7553
4011.4,2283.119,0.0000,286.4341,1727.5000,3094.0000,1724.8773,3.1538,85.3284,0.6434,-1113.6288,0.3794,0.9249,21.1611,0.3620,625.4269
4011.4,3711.96,1000000000,0.0000,299.5000,3094.0000,0,0,0,0,0,0,0,0,0,0
4011.4,3044.292,1000000000.0000,0.0000,966.6000,3094.0000,0.0000,0.0000,0.0000,0.0000,0.0000,0.0000,0.0000,0.0000,0.0000,0.0000
4011.4,2283.119,0.0000,524.1743,1727.5000,3142.8000,1727.3833,2.8463,173.0225,0.8562,-1458.3690,0.1566,0.3799,19.5988,0.3179,548.9556
4011.4,3711.96,1000000000.0000,0.0000,299.5000,3142.8000,0.0000,0.0000,0.0000,0.0000,0.0000,0.0000,0.0000,0.0000,0.0000,0.0000
4011.4,3044.292,0.0000,2001.2693,966.6000,3142.8000,966.4655,2.6832,700.7215,-0.7518,846.2943,0.0676,0.1636,36.3186,0.5724,552.9045
4011.4,2283.119,0.0000,1541.7981,1727.5000,3216.4000,1727.4927,2.7121,534.1075,0.6097,-1037.4846,0.0394,0.0954,15.9597,0.2528,436.6332
4011.4,3711.96,0.0000,1640.7045,299.5000,3216.4000,299.2314,2.3580,653.7135,4.0306,-1079.6819,0.1372,0.3315,78.2308,1.1561,345.9370
4011.4,3044.292,0.0000,7556.8826,966.6000,3216.4000,966.5087,2.5492,2785.0787,-1.3156,1353.4324,0.0135,0.0326,30.2940,0.4658,449.9440
4011.4,2283.119,10000000000,0,1727.5000,3398.6000,0,0,0,0,0,0,0,0,0,0
4011.4,3711.96,1000000000,0,299.5000,3398.6000,0,0,0,0,0,0,0,0,0,0
4011.4,3044.292,0.0000,777.6006,966.6000,3398.6000,966.5852,3.0205,241.8664,-0.1034,146.6972,0.2023,0.4917,33.3625,0.5572,538.2141
4011.4,2283.119,0.0000,849.5318,1727.5000,3446.6000,1727.4766,3.0656,260.3582,-0.2261,424.5895,0.0793,0.1929,13.8788,0.2335,403.1697
4011.4,3711.96,0.0000,1676.8007,299.5000,3446.6000,299.4553,3.2926,478.4560,-2.1687,1326.0408,0.1631,0.3976,48.8439,0.8509,254.5647
4011.4,3044.292,0.0000,4143.0908,966.6000,3446.6000,966.5728,2.6674,1459.2944,-3.7300,3962.3800,0.0333,0.0805,37.4323,0.5882,568.2297
4011.4,2283.119,0.0000,163.8128,1727.5000,3469.9000,1727.5361,2.4075,63.9275,-0.0199,33.7128,0.3208,0.7696,17.4652,0.2614,451.4745
4011.4,3711.96,1000000000.0000,0.0000,299.5000,3469.9000,0.0000,0.0000,0.0000,0.0000,0.0000,0.0000,0.0000,0.0000,0.0000,0.0000
4011.4,3044.292,0.0000,563.2794,966.6000,3469.9000,966.5922,2.1140,250.3311,0.8296,-799.0579,0.1341,0.3123,32.1043,0.4548,439.3828
4011.4,2283.119,0.0000,161.1056,1727.5000,3943.7000,1727.2383,1.5041,100.6315,0.6302,-1050.1386,0.1758,0.4321,23.5231,0.2567,443.2923
4011.4,3711.96,10000000000,0,299.5000,3943.7000,0,0,0,0,0,0,0,0,0,0
4011.4,3044.292,0.0000,3244.4019,966.6000,3943.7000,976.1055,22.7304,158.4280,-6.8240,6667.1718,10.1376,31.1658,362.9365,12.3710,11711.8993
4011.4,2283.119,0.0000,302.3387,1727.5000,4302.9000,1728.7353,6.8200,41.6495,0.0363,-47.6299,0.7348,1.8771,9.3197,0.2335,403.0837
4011.4,3711.96,0.0000,582.4183,299.5000,4302.9000,296.6496,7.0525,77.5880,1.8557,-422.0082,1.4972,3.8484,34.2472,0.8777,264.1040
4011.4,3044.292,0.0000,494.2120,966.6000,4302.9000,966.4406,2.5499,182.0916,-0.4094,480.7170,0.1787,0.4311,26.2175,0.4031,389.4199
4011.4,2283.119,0.0000,637.4577,1727.5000,7119.7000,1727.3088,3.2538,184.0608,-0.1494,261.8381,0.0853,0.2080,9.9511,0.1723,297.6247
4011.4,3711.96,0.0000,4467.0304,299.5000,7119.7000,294.1676,14.6153,289.2614,-6.0231,1819.2574,0.9385,3.0539,43.6705,1.8602,581.5917
4011.4,3044.292,0.0000,2203.0273,966.6000,7119.7000,966.5958,2.6115,792.5639,-0.1331,144.5295,0.0322,0.0778,20.0762,0.3123,301.6424
4051.9,2283.119,0.0000,110.7834,1765.9000,7079.7000,1765.8615,2.6257,39.6402,-0.0989,176.6753,0.1096,0.2654,3.4039,0.0531,93.6496
4051.9,1157.0208,0.0000,1130.0288,2893.1000,7079.7000,2893.1592,3.7475,283.3031,-0.0338,100.0886,0.0375,0.0918,5.8457,0.1085,313.8606
4092.04,2283.119,0.0000,2843.8399,1809.0000,1196.7000,1808.7394,3.0964,862.8748,-1.6124,2916.7671,0.0619,0.1507,35.5666,0.6011,1087.5371
4092.04,3285.004,0.0000,8214.7404,806.9500,1196.7000,806.9699,2.4722,3121.7917,-0.0525,170.5325,0.0286,0.0695,74.4773,1.1260,907.4980
4092.04,2283.119,0.0000,31994.8464,1809.0000,1640.7000,1808.6875,2.9610,10151.8583,-0.7414,1555.3429,0.0098,0.0237,69.0027,1.1410,2064.1847
4092.04,3285.004,0.0000,103143.5702,806.9500,1640.7000,806.9193,2.4423,39676.8231,-11.7098,11222.0159,0.0050,0.0121,166.8544,2.5071,2020.5910
4092.04,2283.119,0.0000,18201.4720,1809.0000,2053.9000,1808.6478,2.9571,5782.7526,-1.2333,2292.9002,0.0117,0.0284,47.0746,0.7779,1407.3584
4092.04,3285.004,0.0000,58981.5564,806.9500,2053.9000,806.9130,2.4511,22607.7586,-5.2046,5006.1481,0.0071,0.0173,135.2990,2.0368,1641.5389
4092.04,2283.119,0.0000,437.6831,1809.0000,2888.9000,1808.7426,2.0802,197.6740,-0.6285,1176.9084,0.1599,0.3839,31.1655,0.4334,784.0457
4092.04,3285.004,0.0000,1360.9186,806.9500,2888.9000,806.4456,2.1549,593.3383,-0.7342,808.9294,0.1391,0.3251,77.5700,1.1080,893.1208
4093.7,2283.119,0.0000,10940.7576,1810.4000,1773.3000,1808.6977,2.9909,3436.6910,-0.8507,1654.8154,0.0146,0.0355,34.5852,0.5753,1041.5213
4168.5,1157.0208,0.0000,483.9735,3010.9000,1606.6000,3016.4305,2.0493,221.8820,-1.4094,4293.6444,0.1806,0.4165,39.3150,0.5613,1688.9735
4168.5,0.0,0.0000,1056.6509,4168.3000,1606.6000,4168.4193,4.0031,247.9906,0.8949,-3724.8266,0.1714,0.4216,21.9377,0.4206,1752.8832
4168.5,1157.0208,0.0000,294.7593,3010.9000,2752.9000,3008.8654,12.5947,21.9932,-0.1372,419.5902,1.9230,5.4574,6.9162,0.2385,718.4193
4168.5,0.0,0.0000,234.1988,4168.3000,2752.9000,4168.5822,2.4222,90.8379,-0.1543,654.4645,0.1597,0.3837,12.2873,0.1844,768.5949
4168.5,1157.0208,0.0000,81.2252,3010.9000,3059.1000,3013.3727,2.2487,33.9362,-0.0126,45.9116,0.4136,0.9864,12.7615,0.1861,560.0255
4168.5,0.0,0.0000,261.7021,4168.3000,3059.1000,4167.9017,5.6497,48.2623,-2.8337,11794.7518,0.6190,2.5400,23.5449,2.4343,10122.1602
4168.5,1157.0208,0.0000,342.9328,3010.9000,3532.7000,3011.3539,4.1086,78.4179,-0.0325,119.9282,0.2392,0.5894,9.4351,0.1835,552.2620
4168.5,0.0,0.0000,708.7038,4168.3000,3532.7000,4168.5148,4.1731,159.5535,0.1161,-462.9910,0.0875,0.2157,6.9171,0.1353,564.1177
4168.5,1157.0208,0.0000,224.1875,3010.9000,6962.5000,3009.8852,6.9287,30.3990,-0.0759,229.6301,0.2432,0.6203,2.2140,0.0556,167.2968
4168.5,0.0,0.0000,199.0253,4168.3000,6962.5000,4168.3363,4.9797,37.5494,0.0188,-78.2545,0.1100,0.2737,1.7171,0.0366,152.6773
4196.1,2656.509,0.0000,727.9084,1538.8000,1093.2000,1539.2716,3.7165,184.0100,0.2556,-297.1029,0.4589,1.1251,46.8995,0.8681,1334.8390
4196.1,2283.119,0.0000,1461.1941,1912.1800,1093.2000,1912.3715,2.1223,646.8532,-0.0296,189.7135,0.1094,0.2566,67.6405,0.9579,1831.4339
4196.1,1157.0208,0.0000,4919.4946,3038.7000,1093.2000,3038.5883,3.6049,1282.1022,0.1117,-299.2145,0.0526,0.1287,38.5739,0.7026,2134.4280
4196.1,3676.092,100000000,0,519.7000,1093.2000,0,0,0,0,0,0,0,0,0,0
4196.1,3301.36,0.0000,734.8442,894.2000,1093.2000,894.0827,2.1474,321.5031,0.7046,-298.4464,0.5077,1.2587,158.3321,2.2120,1977.6740
4196.1,2283.119,1.0000,606.8343,1912.1800,1101.3000,1912.2354,1.1201,509.0157,-0.7087,1387.5269,0.1934,0.4564,177.3094,6.3563,12156.4957
4196.1,1157.0208,0.0000,1870.8995,3038.7000,1101.3000,3038.5863,3.7080,474.0407,-0.1088,350.4639,0.1704,0.4176,44.9650,0.8304,2522.6637
4196.1,3676.092,100000000,0,519.7000,1101.3000,0,0,0,0,0,0,0,0,0,0
4196.1,3307.872,0.0000,1391.5570,887.5000,1101.3000,884.4821,6.9713,187.5378,1.3707,-1128.0141,1.9827,5.0947,110.9254,2.8308,2515.8924
4196.1,2283.119,10000000000,0,1912.1800,1212.5000,0,0,0,0,0,0,0,0,0,0
4196.1,1157.0208,0.0000,1648.7639,3038.7000,1212.5000,3038.4900,3.9663,390.5486,-0.0869,287.6416,0.0920,0.2263,18.7197,0.3573,1085.3682
4196.1,3676.092,19.0000,1516.8607,519.7000,1212.5000,511.4021,5.9562,239.2656,-18.0271,9696.8124,3.2506,8.6531,276.0200,7.1376,3732.9281
4196.1,2656.509,0.0000,939.5255,1538.8000,1353.1000,1538.7245,2.2106,399.2986,-0.4354,700.3364,0.1243,0.2983,46.0379,0.6602,1015.4262
4196.1,2283.119,0.0000,1870.5029,1912.1800,1353.1000,1911.9803,3.0777,570.9950,-0.2051,424.1966,0.0774,0.1883,29.5892,0.4986,953.3564
4196.1,1157.0208,0.0000,9436.4227,3038.7000,1353.1000,3038.4904,3.6804,2408.8921,-0.0147,74.7760,0.0240,0.0589,32.4664,0.5973,1814.6568
4196.1,3676.092,1000000000.0000,0.0000,519.7000,1353.1000,0.0000,0.0000,0.0000,0.0000,0.0000,0.0000,0.0000,0.0000,0.0000,0.0000
4196.1,3307.872,1000000000,0,887.5000,1353.1000,0,0,0,0,0,0,0,0,0,0
4196.1,3301.36,0.0000,1512.2256,894.2000,1353.1000,894.1670,3.1538,450.5155,2.3890,-2002.0775,0.2031,0.5776,62.8858,3.4538,3116.1930
4196.1,2283.119,0.0000,290.8551,1912.1800,1397.4000,1912.3616,2.7937,100.1407,1.3052,-2485.0551,0.5646,2.2572,68.9659,14.3497,27512.6247
4196.1,1157.0208,0.0000,2711.4217,3038.7000,1397.4000,3038.5699,3.7086,686.8861,-1.4960,4548.8314,0.0707,0.1733,27.0299,0.4992,1516.5630
4196.1,3676.092,-3.0000,384.9290,519.7000,1397.4000,519.6343,1.1722,308.5274,5.0217,-2562.9967,0.4798,0.7712,134.8161,13.6623,7118.2671
4196.1,3307.872,0.0000,656.3944,887.5000,1397.4000,887.4649,2.1925,281.2675,-0.8659,859.5302,0.3337,0.7843,86.9509,1.2506,1109.3150
4196.1,1157.0208,0.0000,398.9398,3038.7000,1537.8000,3037.8903,2.4495,153.0163,-0.2251,784.3531,0.4440,1.0766,57.1232,0.8594,2610.8153
4196.1,2656.509,0.0000,1220.9707,1538.8000,1579.6000,1538.8309,2.8801,398.2852,0.0638,-30.6630,0.1049,0.2546,29.8662,0.4874,749.4942
4196.1,2283.119,0.0000,1858.4618,1912.1800,1579.6000,1912.2480,3.5099,497.4679,-0.0726,222.1999,0.1042,0.2548,30.4686,0.5476,1047.0377
4196.1,1157.0208,0.0000,9858.9043,3038.7000,1579.6000,3038.5134,3.5910,2579.3934,1.4206,-4254.1374,0.0245,0.0599,36.2648,0.6592,2002.7168
4196.1,0.0,0.0000,47.2636,4196.1000,1579.6000,4196.0862,2.1664,20.5053,-0.2968,1250.1353,0.3917,1.1703,7.7109,1.5729,6602.3689
4196.1,3711.96,10000000000,0,483.4000,1579.6000,0,0,0,0,0,0,0,0,0,0
4196.1,3676.092,0.0000,626.0815,519.7000,1579.6000,519.3311,1.9606,300.0329,1.1503,-295.1459,0.1968,0.5107,61.2650,11.4811,5967.2364
4196.1,3307.872,0.0000,569.4673,887.5000,1579.6000,887.8698,1.6161,331.0549,3.4064,-2598.6300,0.3258,1.0152,162.2151,1.7031,1510.6433
4196.1,3301.36,0.0000,1374.2248,894.2000,1579.6000,894.2569,3.4195,377.5665,1.6137,-1040.2569,0.3469,0.8471,78.9802,1.4015,1252.9925
4196.1,2656.509,0.0000,852.7405,1538.8000,2029.3000,1538.5325,4.7877,167.3371,0.0541,-36.9934,0.5379,1.3354,38.9085,0.8144,1252.3880
4196.1,2283.119,0.0000,983.1896,1912.1800,2029.3000,1911.9161,3.4236,269.8052,-0.0895,225.9859,0.3141,0.7671,51.0485,0.9064,1733.0022
4196.1,1157.0208,0.0000,5120.8059,3038.7000,2029.3000,3038.4842,3.3830,1422.1052,0.5183,-1549.5491,0.0416,0.1015,36.0429,0.6363,1933.0661
4196.1,0.0,10000000000,0,4196.1000,2029.3000,0,0,0,0,0,0,0,0,0,0
4196.1,3711.96,0.0000,2136.6657,483.4000,2029.3000,484.4019,4.3035,466.4616,12.7904,-5762.4135,0.6696,1.6539,150.0722,2.9864,1441.6250
4196.1,3676.092,1000000000.0000,0.0000,519.7000,2029.3000,0.0000,0.0000,0.0000,0.0000,0.0000,0.0000,0.0000,0.0000,0.0000,0.0000
4196.1,3307.872,100000000,0,887.5000,2029.3000,0,0,0,0,0,0,0,0,0,0
4196.1,3301.36,10000000000,0,894.2000,2029.3000,0,0,0,0,0,0,0,0,0,0
4196.1,2656.509,1000000000.0000,0.0000,1538.8000,2369.8000,0.0000,0.0000,0.0000,0.0000,0.0000,0.0000,0.0000,0.0000,0.0000,0.0000
4196.1,2283.119,100000000000,0,1912.1800,2369.8000,0,0,0,0,0,0,0,0,0,0
4196.1,1157.0208,0.0000,182.4037,3038.7000,2369.8000,3038.4257,1.9647,87.2236,0.1384,-416.1913,0.1998,0.4464,17.5352,0.2430,738.2620
4196.1,0.0,1000000000.0000,0.0000,4196.1000,2369.8000,0.0000,0.0000,0.0000,0.0000,0.0000,0.0000,0.0000,0.0000,0.0000,0.0000
4196.1,3711.96,1000000000,0,483.4000,2369.8000,0,0,0,0,0,0,0,0,0,0
4196.1,3676.092,1000000000,0,519.7000,2369.8000,0,0,0,0,0,0,0,0,0,0
4196.1,3307.872,0.0000,228.3684,887.5000,2369.8000,888.6310,3.2215,67.3314,2.1857,-1918.3611,0.6296,2.2596,32.7820,6.5259,5791.1702
4196.1,3301.36,0.0000,149.1486,894.2000,2369.8000,894.9077,1.4388,97.3922,-0.2113,241.1285,0.3533,1.5318,80.0243,0.5741,513.2112
4196.1,2656.509,0.0000,179.9320,1538.8000,2378.1000,1538.3907,2.0689,81.7090,-0.9519,1496.4934,0.3035,0.7026,24.1544,0.3392,521.7591
4196.1,2283.119,0.0000,151.5561,1912.1800,2378.1000,1910.3542,1.5178,93.8142,0.3816,-686.9349,0.3117,0.5899,32.3942,0.4130,789.7547
4196.1,1157.0208,0.0000,1005.5957,3038.7000,2378.1000,3038.8497,3.6629,257.9270,0.0272,-60.2838,0.1290,0.3161,18.7539,0.3444,1046.1753
4196.1,0.0,1000000000,0,4196.1000,2378.1000,0,0,0,0,0,0,0,0,0,0
4196.1,3711.96,1000000000,0,483.4000,2378.1000,0,0,0,0,0,0,0,0,0,0
4196.1,3676.092,1000000000.0000,0.0000,519.7000,2378.1000,0.0000,0.0000,0.0000,0.0000,0.0000,0.0000,0.0000,0.0000,0.0000,0.0000
4196.1,3307.872,1000000000,0,887.5000,2378.1000,0,0,0,0,0,0,0,0,0,0
4196.1,3301.36,1000000000,0,894.2000,2378.1000,0,0,0,0,0,0,0,0,0,0
4196.1,2656.509,1000000000.0000,0.0000,1538.8000,2403.3000,0.0000,0.0000,0.0000,0.0000,0.0000,0.0000,0.0000,0.0000,0.0000,0.0000
4196.1,2283.119,0.0000,227.7596,1912.1800,2403.3000,1907.1401,6.7747,31.5857,0.0794,-131.9857,1.1561,3.0196,11.2807,0.2942,563.4834
4196.1,1157.0208,0.0000,262.4519,3038.7000,2403.3000,3038.5890,1.9259,128.0348,0.0978,-281.9893,0.1065,0.2357,13.9159,0.1916,582.1166
4196.1,0.0,0.0000,0.0000,4196.1000,2403.3000,4295.3793,13.2678,3.8097,0.3718,-1553.8362,0.0000,0.0000,0.0000,0.1469,616.5597
4196.1,3711.96,0.0000,2162.9402,483.4000,2403.3000,486.8562,18.6504,111.4137,-1.7548,937.5131,2.7659,9.4515,46.7613,1.7836,828.6946
4196.1,3676.092,1000000000.0000,0.0000,519.7000,2403.3000,0.0000,0.0000,0.0000,0.0000,0.0000,0.0000,0.0000,0.0000,0.0000,0.0000
4196.1,3307.872,1000000000.0000,0.0000,887.5000,2403.3000,0.0000,0.0000,0.0000,0.0000,0.0000,0.0000,0.0000,0.0000,0.0000,0.0000
4196.1,3301.36,100000000,0,894.2000,2403.3000,0,0,0,0,0,0,0,0,0,0
4196.1,2656.509,0.0000,543.5471,1538.8000,2477.0000,1539.4570,3.5677,143.1374,-0.6818,1083.3572,0.2538,0.6215,21.0167,0.3814,586.5067
4196.1,2283.119,0.0000,732.5830,1912.1800,2477.0000,1912.3385,3.2312,213.0069,-0.2195,438.2329,0.1351,0.3293,18.3593,0.3169,605.8539
4196.1,1157.0208,0.0000,2719.3722,3038.7000,2477.0000,3038.5903,3.8126,670.1210,-0.0851,279.5262,0.0526,0.1291,19.0945,0.3575,1085.9619
4196.1,3676.092,0.0000,447.9155,519.7000,2477.0000,519.4854,1.5892,264.7940,2.2853,-1166.9238,0.3911,0.7428,114.2001,16.8917,8760.5714
4196.1,3301.36,1000000000,0,894.2000,2477.0000,0,0,0,0,0,0,0,0,0,0
4196.1,2656.509,0.0000,51.4061,1538.8000,2725.0000,1539.6433,1.9647,24.5817,-0.9456,1521.5338,1.3003,2.9691,32.5051,0.4475,688.2023
4196.1,2283.119,0.0000,1028.1840,1912.1800,2725.0000,1916.4751,4.2346,228.1186,0.1394,-220.9241,0.1356,0.3375,15.1456,0.3047,582.1710
4196.1,1157.0208,0.0000,159.1645,3038.7000,2725.0000,3038.3524,2.4410,61.2605,0.6371,-1895.9330,0.3827,0.9214,19.7201,0.2969,901.8358
4196.1,0.0,0.0000,0.0000,4196.1000,2725.0000,4199.9921,0.0357,7.0768,1.2774,-5316.0304,0.0000,0.0000,0.0000,0.3731,1565.6139
4196.1,3711.96,0.0000,5478.5204,483.4000,2725.0000,475.7087,15.2441,346.2395,2.8393,-765.7287,0.7266,2.5722,51.2559,2.2849,1138.5138
4196.1,3676.092,1000000000.0000,0.0000,519.7000,2725.0000,0.0000,0.0000,0.0000,0.0000,0.0000,0.0000,0.0000,0.0000,0.0000,0.0000
4196.1,3307.872,1000000000,0,887.5000,2725.0000,0,0,0,0,0,0,0,0,0,0
4196.1,3301.36,1000000000,0,894.2000,2725.0000,0,0,0,0,0,0,0,0,0,0
4196.1,2656.509,0.0000,682.0072,1538.8000,3031.9000,1538.9622,2.6818,238.9248,-0.5429,851.0945,0.1420,0.3442,26.0404,0.4102,630.8892
4196.1,2283.119,0.0000,770.0434,1912.1800,3031.9000,1911.9701,2.4038,300.9721,0.2153,-384.4737,0.0787,0.1912,20.3029,0.3023,578.0756
4196.1,1157.0208,0.0000,5674.2284,3038.7000,3031.9000,3038.5058,3.8404,1388.1222,-0.4278,1319.6217,0.0268,0.0657,19.9671,0.3751,1139.5657
4196.1,0.0,1000000000,0,4196.1000,3031.9000,0,0,0,0,0,0,0,0,0,0
4196.1,3711.96,0.0000,793.1093,483.4000,3031.9000,480.0439,5.5026,135.4136,2.4072,-1055.8404,0.8422,2.1222,43.0375,0.9766,473.1893
4196.1,3676.092,100000000,0,519.7000,3031.9000,0,0,0,0,0,0,0,0,0,0
4196.1,3307.872,0.0000,319.1442,887.5000,3031.9000,887.4983,1.6179,185.3311,-0.9152,942.5797,0.4898,0.8852,95.5262,1.2961,1149.6704
4196.1,3301.36,0.0000,494.6018,894.2000,3031.9000,894.2953,2.0438,227.3656,1.0244,-809.6339,0.3208,0.7592,72.6674,1.0066,899.9498
4196.1,2656.509,100000000,0,1538.8000,3059.5000,0,0,0,0,0,0,0,0,0,0
4196.1,2283.119,1000000000,0,1912.1800,3059.5000,0,0,0,0,0,0,0,0,0,0
4196.1,1157.0208,0.0000,420.9010,3038.7000,3059.5000,3038.2613,4.2614,92.7959,-0.2278,700.0834,0.2786,0.6871,12.5376,0.2478,752.8228
4196.1,0.0,-1.0000,0.8217,4196.1000,3059.5000,4196.4076,0.3019,2.5574,0.5551,-2323.4732,0.7887,1.3397,0.0548,0.1805,757.2060
4196.1,3711.96,1000000000.0000,0.0000,483.4000,3059.5000,0.0000,0.0000,0.0000,0.0000,0.0000,0.0000,0.0000,0.0000,0.0000,0.0000
4196.1,3676.092,-1.0000,935.5692,519.7000,3059.5000,525.1447,8.3535,105.2274,-1.9945,1111.4006,2.3858,6.6592,63.8061,1.9870,1020.7330
4196.1,3307.872,1000000000.0000,0.0000,887.5000,3059.5000,0.0000,0.0000,0.0000,0.0000,0.0000,0.0000,0.0000,0.0000,0.0000,0.0000
4196.1,3301.36,1000000000,0,894.2000,3059.5000,0,0,0,0,0,0,0,0,0,0
4196.1,2656.509,0.0000,504.9430,1538.8000,3261.7000,1539.2508,3.5112,135.1094,-0.1122,236.3830,0.2444,0.5978,19.4012,0.3492,536.9677
4196.1,2283.119,0.0000,580.0729,1912.1800,3261.7000,1912.2457,2.9329,185.8183,-0.2968,631.7298,0.1647,0.4000,21.4894,0.3537,676.2081
4196.1,1157.0208,0.0000,3298.9179,3038.7000,3261.7000,3038.5314,3.7056,836.3939,0.6097,-1815.9305,0.0313,0.0767,14.5870,0.2693,818.0813
4196.1,0.0,0.0000,56.6047,4196.1000,3261.7000,4191.9709,7.1861,7.4004,0.0602,-241.9163,2.6349,6.8755,5.6665,0.1503,631.1665
4196.1,3711.96,0.0000,1904.3076,483.4000,3261.7000,484.4703,7.4678,239.5761,-0.0334,356.7425,0.5251,1.3527,34.9871,0.9164,441.8696
4196.1,3676.092,1000000000,0,519.7000,3261.7000,0,0,0,0,0,0,0,0,0,0
4196.1,3307.872,0.0000,324.8824,887.5000,3261.7000,887.8221,1.4400,211.9624,0.3208,132.3614,0.1276,0.4384,39.8793,5.5790,4961.9334
4196.1,3301.36,1.0000,1341.4486,894.2000,3261.7000,893.5237,14.3740,87.7750,2.3616,-1716.8830,2.3001,6.8593,29.1351,1.0566,946.6324
4196.1,2656.509,0.0000,113.2720,1538.8000,3285.3000,1539.9793,3.4137,31.1746,-0.3515,558.1577,0.6034,1.4755,11.3692,0.2022,310.8762
4196.1,2283.119,1000000000,0,1912.1800,3285.3000,0,0,0,0,0,0,0,0,0,0
4196.1,1157.0208,0.0000,347.6306,3038.7000,3285.3000,3038.0294,3.9020,83.7009,0.1111,-327.3114,0.2471,0.6069,10.9466,0.2072,629.5143
4196.1,0.0,0.0000,14.4167,4196.1000,3285.3000,4196.3995,1.3296,10.1868,0.1278,-535.2499,0.8569,1.3229,8.6112,0.1094,459.1684
4196.1,3711.96,100000000,0,483.4000,3285.3000,0,0,0,0,0,0,0,0,0,0
4196.1,3676.092,1000000000.0000,0.0000,519.7000,3285.3000,0.0000,0.0000,0.0000,0.0000,0.0000,0.0000,0.0000,0.0000,0.0000,0.0000
4196.1,3307.872,0.0000,408.6557,887.5000,3285.3000,887.1443,7.0436,54.5087,1.2553,-1061.2110,1.4367,3.6701,23.0711,0.5839,517.9685
4196.1,3301.36,1000000000,0,894.2000,3285.3000,0,0,0,0,0,0,0,0,0,0
4196.1,2656.509,0.0000,378.2560,1538.8000,3507.9000,1541.5910,6.0723,58.5244,0.2777,-366.6567,0.8213,2.0945,16.4763,0.3961,608.5152
4196.1,2283.119,0.0000,216.1004,1912.1800,3507.9000,1912.6483,2.5655,79.1368,0.3636,-647.2192,0.1960,0.4735,12.4299,0.1917,366.4474
4196.1,1157.0208,0.0000,1320.0654,3038.7000,3507.9000,3038.1679,3.9582,313.3248,0.3266,-968.3212,0.0633,0.1556,10.3530,0.1974,599.5688
4196.1,0.0,0.0000,439.3557,4196.1000,3507.9000,4182.1057,20.7804,26.2940,0.6060,-2541.5809,4.2654,14.8977,27.7168,0.9590,4038.7824
4196.1,3711.96,10000000000,0,483.4000,3507.9000,0,0,0,0,0,0,0,0,0,0
4196.1,3676.092,1000000000,0,519.7000,3507.9000,0,0,0,0,0,0,0,0,0,0
4196.1,3307.872,100000000,0,887.5000,3507.9000,0,0,0,0,0,0,0,0,0,0
4196.1,3301.36,1000000000,0,894.2000,3507.9000,0,0,0,0,0,0,0,0,0,0
4196.1,2656.509,0.0000,1637.3717,1538.8000,6935.2000,1538.7890,2.8727,535.5041,-0.1237,213.2973,0.0207,0.0502,7.9358,0.1293,198.8919
4196.1,2283.119,0.0000,2362.2796,1912.1800,6935.2000,1912.2113,3.1423,706.3027,0.1217,-202.9915,0.0231,0.0562,10.6918,0.1820,348.0176
4196.1,1157.0208,0.0000,14217.0574,3038.7000,6935.2000,3038.4902,3.8308,3486.7246,-0.7650,2344.9219,0.0202,0.0496,37.9887,0.7128,2165.4078
4196.1,0.0,0.0000,27.6355,4196.1000,6935.2000,4194.4933,5.3101,4.8895,-0.0023,10.6042,0.5077,1.2702,0.9689,0.0214,89.7913
4196.1,3711.96,0.0000,546.6657,483.4000,6935.2000,484.0431,2.2291,230.6186,-16.3673,8225.3949,0.1821,0.5566,39.3428,8.4775,4087.6276
4196.1,3676.092,0.0000,269.2252,519.7000,6935.2000,519.8498,1.3827,182.9378,-6.3837,3464.6386,0.1186,0.4503,41.8730,1.6541,867.0212
4196.1,3307.872,0.0000,985.7339,887.5000,6935.2000,887.4725,2.2556,410.5844,2.9421,-2390.3651,0.3543,0.8396,131.5200,1.9133,1697.1593
4196.1,3301.36,0.0000,1491.4861,894.2000,6935.2000,894.2361,2.2607,619.8444,-1.2228,1306.1602,0.1662,0.4013,93.7130,1.3563,1212.5566
4196.1,2283.119,0.0000,906.2735,1912.1800,900.8000,1911.8976,2.3704,359.2007,-0.4830,1012.0955,0.2097,0.5094,65.4951,0.9686,1851.9403
4196.1,1157.0208,0.0000,2224.1627,3038.7000,900.8000,3038.7176,3.6580,571.2527,0.8688,-2593.9389,0.1054,0.2582,33.9755,0.6234,1893.7334
4196.1,3711.96,100000000,0,483.4000,900.8000,0,0,0,0,0,0,0,0,0,0
4196.1,3676.092,0.0000,473.8282,519.7000,900.8000,518.6482,2.2683,197.7154,-28.9885,15383.5165,0.3538,1.1495,72.6966,21.0670,10868.0969
4258.1,1157.0208,0.0000,714.7859,3099.7000,6872.9000,3099.8107,3.7927,177.0624,0.8317,-2559.4212,0.2412,0.5918,23.2478,0.4342,1345.6216
4315.22,3307.872,0.0000,1759.4831,1007.7000,1092.8000,1007.4011,3.0220,547.0026,0.2925,-46.7705,0.3045,0.7522,114.0826,2.5878,2594.4052
4315.22,2656.509,0.0000,3682.3774,1658.6900,1092.8000,1658.5648,2.8569,1210.9812,0.3539,-501.5270,0.0704,0.1709,61.4725,0.9990,1656.2127
4315.22,1157.0208,0.0000,1750.7391,3158.0700,1092.8000,3158.2991,3.7393,439.8731,-0.1484,508.8065,0.1256,0.3079,30.4961,0.5654,1785.5068
4315.22,3307.872,1000000000,0,1007.7000,1186.6000,0,0,0,0,0,0,0,0,0,0
4315.22,2656.509,0.0000,3498.6948,1658.6900,1186.6000,1658.6242,3.1147,1055.3242,-1.3322,2520.8294,0.1212,0.2951,84.6348,1.4350,2379.0668
4315.22,1157.0208,0.0000,1668.2548,3158.0700,1186.6000,3158.2934,3.4835,449.9361,-0.3343,1179.9473,0.0972,0.2376,25.9030,0.4639,1464.8206
4315.22,2656.509,0.0000,862.0172,1658.6900,1277.6000,1658.3190,3.1589,256.3786,-0.8453,1464.8306,0.3504,0.8531,58.5977,1.0002,1658.3129
4315.22,1157.0208,0.0000,693.3010,3158.0700,1277.6000,3158.5387,3.7984,171.4847,-0.3294,1046.1288,0.3109,0.7628,28.9803,0.5415,1710.0942
4315.22,3307.872,0.0000,1122.3298,1007.7000,1418.1000,1007.9755,2.4460,431.9971,-36.6834,37297.2792,0.2299,0.7259,88.2778,18.0694,18269.0149
4315.22,2656.509,0.0000,3817.1608,1658.6900,1418.1000,1658.6243,2.9421,1218.9254,-1.7324,2965.8518,0.0613,0.1490,52.3205,0.8626,1430.1502
4315.22,1157.0208,0.0000,1828.3108,3158.0700,1418.1000,3158.3657,3.3501,512.7339,0.6430,-1996.1252,0.0944,0.2304,29.7950,0.5235,1653.0358
4315.22,3307.872,0.0000,1877.5619,1007.7000,1459.8000,1007.4756,2.2931,769.2515,1.7324,-1667.3340,0.0980,0.2331,67.1524,0.9837,990.6242
4315.22,2656.509,0.0000,4933.1541,1658.6900,1459.8000,1658.6505,2.7834,1665.1142,0.0306,3.1360,0.0411,0.0995,50.5564,0.8112,1344.8756
4315.22,1157.0208,0.0000,2681.2778,3158.0700,1459.8000,3158.2860,3.7814,666.1784,0.1410,-419.1654,0.0408,0.1001,14.8494,0.2768,874.1814
4315.22,3307.872,1000000000,0,1007.7000,1575.2000,0,0,0,0,0,0,0,0,0,0
4315.22,2656.509,0.0000,836.4358,1658.6900,1575.2000,1659.2285,3.8605,203.5565,-0.4867,892.3574,0.5772,1.4177,62.8522,1.1852,1964.6547
4315.22,1157.0208,0.0000,241.0255,3158.0700,1575.2000,3157.9087,4.2945,52.7291,0.2851,-871.0956,0.8727,2.1534,22.1499,0.4394,1387.7383
4315.22,3307.872,-3.0000,1235.3497,1007.7000,1619.6000,1007.0159,3.6670,327.1691,-9.2978,9564.5151,0.6111,2.2794,182.2040,33.9818,34066.1539
4315.22,2656.509,0.0000,1635.4373,1658.6900,1619.6000,1658.5458,2.6672,576.0783,-0.0629,238.6678,0.1289,0.3118,57.2518,0.8997,1491.6160
4315.22,1157.0208,0.0000,867.0181,3158.0700,1619.6000,3158.5203,4.1029,198.5378,-1.0805,3440.8342,0.3273,0.8059,32.7255,0.6350,2005.4042
4315.22,3307.872,1000000000.0000,0.0000,1007.7000,2258.2000,0.0000,0.0000,0.0000,0.0000,0.0000,0.0000,0.0000,0.0000,0.0000,0.0000
4315.22,2656.509,0.0000,1211.9636,1658.6900,2258.2000,1658.6525,2.8563,398.6465,0.4409,-714.1538,0.0687,0.1666,19.7300,0.3206,531.5381
4315.22,1157.0208,0.0000,632.3037,3158.0700,2258.2000,3158.2169,3.3340,178.1807,0.1177,-368.1008,0.1294,0.3158,14.2626,0.2500,789.3820
4315.22,3307.872,0.0000,754.3592,1007.7000,2780.2000,1007.1812,3.2921,215.2787,1.3850,-1344.2358,0.3608,0.8798,48.6332,0.8471,853.0293
4315.22,2656.509,0.0000,1880.5598,1658.6900,2780.2000,1658.5545,2.8569,618.4320,-0.2268,389.4343,0.0478,0.1160,21.3144,0.3464,574.2597
4315.22,1157.0208,0.0000,994.8846,3158.0700,2780.2000,3158.4955,4.0265,232.1374,0.1784,-556.0196,0.0908,0.2233,10.8091,0.2078,656.2958
4315.22,3307.872,10000000000,0,1007.7000,3093.4000,0,0,0,0,0,0,0,0,0,0
4315.22,2656.509,0.0000,203.8602,1658.6900,3093.4000,1658.7794,1.8139,105.5887,0.1638,-272.9417,0.1675,0.4144,20.2640,0.2589,429.2768
4315.22,1157.0208,0.0000,132.4001,3158.0700,3093.4000,3157.8057,2.5255,49.2542,0.0322,-103.9984,0.2069,0.5006,8.3007,0.1269,400.7238
4315.22,3307.872,0.0000,384.7949,1007.7000,6814.4000,1007.5939,2.8640,126.2294,0.4548,-455.9244,0.1193,0.2895,10.8253,0.1761,177.3602
4315.22,2656.509,0.0000,871.3036,1658.6900,6814.4000,1658.5605,3.2114,254.9000,0.1193,-198.6792,0.0308,0.0750,5.0378,0.0867,143.7457
4315.22,1157.0208,0.0000,360.3396,3158.0700,6814.4000,3158.4681,3.7276,90.8210,-0.1183,374.4729,0.0786,0.1927,3.9532,0.0732,231.1219
4358.44,3307.872,0.0000,490.9599,1050.6000,1142.9000,1050.5239,2.5280,182.5554,-6.3948,6806.2600,0.5037,1.4645,76.6203,12.3375,12993.0470
4358.44,3044.292,1000000000,0,1314.1000,1142.9000,0,0,0,0,0,0,0,0,0,0
4358.44,2656.509,1000000000,0,1701.9000,1142.9000,0,0,0,0,0,0,0,0,0,0
4358.44,1157.0208,0.0000,553.1202,3201.2600,1142.9000,3201.3535,2.6806,193.8574,0.4427,-1398.2473,0.2330,0.5640,34.6669,0.5460,1747.6993
4358.44,3711.96,1000000000,0,646.5000,1142.9000,0,0,0,0,0,0,0,0,0,0
4358.44,3676.092,1000000000.0000,0.0000,682.3400,1142.9000,0.0000,0.0000,0.0000,0.0000,0.0000,0.0000,0.0000,0.0000,0.0000,0.0000
4358.44,3307.872,0.0000,6068.2344,1050.6000,1214.3000,1050.6695,2.6134,2181.5244,0.6190,-437.2845,0.0373,0.0902,64.0654,0.9967,1046.5205
4358.44,3044.292,0.0000,403.6461,1314.1000,1214.3000,1313.7404,1.8976,199.8533,6.6719,-8647.1525,0.0783,0.2136,17.4823,2.3673,3104.5510
4358.44,2656.509,0.0000,758.3760,1701.9000,1214.3000,1701.8690,2.6591,267.9466,-1.8985,3298.9392,0.2098,0.5085,43.5193,0.6827,1161.1825
4358.44,1157.0208,0.0000,3462.5323,3201.2600,1214.3000,3201.4261,3.7001,879.1797,-0.2318,792.9596,0.0367,0.0900,18.0163,0.3323,1063.7591
4358.44,3711.96,-3.0000,2625.3800,646.5000,1214.3000,646.5779,3.6450,685.9791,-12.7177,8274.0498,0.2314,0.8004,117.0435,21.2864,13651.6724
4358.44,3676.092,0.0000,861.9499,682.3400,1214.3000,682.4229,1.6411,493.4474,-2.0095,1658.9076,0.1728,0.3405,93.8998,2.7024,1866.6101
4358.44,3307.872,0.0000,2320.0506,1050.6000,1416.7000,1050.6913,2.6042,836.9879,-1.6499,1848.5078,0.0539,0.1303,35.6201,0.5532,580.8384
4358.44,3044.292,0.0000,351.7604,1314.1000,1416.7000,1313.8766,3.9781,83.0761,0.8206,-1023.5052,0.5518,1.3564,23.8005,0.4548,597.6673
4358.44,2656.509,0.0000,283.4988,1701.9000,1416.7000,1700.9670,3.0122,88.4232,0.2479,-390.0269,0.3303,0.8233,20.1275,0.5069,865.1573
4358.44,1157.0208,0.0000,1302.6759,3201.2600,1416.7000,3201.3925,3.9635,308.7846,-0.5374,1739.9831,0.0621,0.1525,9.9847,0.1905,609.7211
4358.44,3711.96,0.0000,612.5402,646.5000,1416.7000,646.3057,2.5214,228.3058,-6.9830,4692.4931,0.3258,0.9401,62.5131,8.7028,5598.6071
4358.44,3676.092,0.0000,560.5261,682.3400,1416.7000,682.2316,2.575415,204.4638,0,0,0.3093455,0.9565267,51.995858,0,0
4358.44,3307.872,0.0000,746.0458,1050.6000,1576.6000,1050.7025,1.6590,422.4848,-0.2201,455.2250,0.0893,0.1971,43.5505,0.5516,579.1495
4358.44,3044.292,1000000000,0,1314.1000,1576.6000,0,0,0,0,0,0,0,0,0,0
4358.44,2656.509,0.0000,290.4254,1701.9000,1576.6000,1700.4788,4.3507,62.7151,-0.4876,897.9221,0.7365,1.8187,21.9484,0.4383,745.7040
4358.44,1157.0208,0.0000,655.5542,3201.2600,1576.6000,3201.2569,4.0621,151.6197,0.0643,-188.7393,0.1486,0.3658,11.4616,0.2213,708.3347
4358.44,3711.96,0.0000,17801.4533,646.5000,1576.6000,645.7742,6.1586,2715.6740,-0.6429,412.6242,0.2832,0.7151,258.9783,6.1328,3963.4910
4358.44,3676.092,0.0000,562.8366,682.3400,1576.6000,681.7545,1.7198,307.4811,2.7608,-1661.4049,0.0680,0.1827,25.3135,3.6603,2490.2964
4358.44,3307.872,0.0000,6755.7821,1050.6000,1852.4000,1050.6725,2.6397,2404.4719,0.6321,-612.1166,0.0360,0.0870,67.3801,1.0534,1106.0543
4358.44,3044.292,0.0000,599.5893,1314.1000,1852.4000,1314.2481,2.5421,221.6001,0.5933,-765.8304,0.2420,0.5852,43.3946,0.6657,874.7447
4358.44,2656.509,0.0000,874.9092,1701.9000,1852.4000,1701.6035,2.7458,299.3636,-0.4771,808.3142,0.1340,0.3245,30.0531,0.4790,814.7415
4358.44,1157.0208,0.0000,3849.1233,3201.2600,1852.4000,3201.4148,3.7528,963.6297,-0.1428,468.1492,0.0390,0.0955,20.6509,0.3836,1227.7784
4358.44,3711.96,0.0000,1392.3685,646.5000,1852.4000,646.4287,2.2409,583.7484,8.6993,-5535.2275,0.1547,0.3869,83.7666,2.9889,1951.6264
4358.44,3676.092,0.0000,956.8331,682.3400,1852.4000,682.2055,2.0986,428.3577,-3.6772,2537.7393,0.2036,0.5081,86.4830,2.0129,1386.0531
4358.44,3307.872,0.0000,712.0070,1050.6000,1869.0000,1050.6843,2.6245,254.8811,-0.6970,771.3706,0.1371,0.3315,27.3772,0.4268,448.1269
4358.44,3044.292,0.0000,184.2584,1314.1000,1869.0000,1314.4732,2.6145,66.2133,-0.6474,865.1385,0.4424,1.0689,23.0331,0.3585,471.0049
4358.44,2656.509,0.0000,79.0956,1701.9000,1869.0000,1702.6575,1.8720,39.6958,0.2319,-384.5314,0.4538,1.0178,18.9900,0.2567,436.6165
4358.44,1157.0208,0.0000,278.1174,3201.2600,1869.0000,3200.9474,3.5813,72.9601,-0.2888,933.6849,0.2199,0.5381,9.2448,0.1678,537.1339
4358.44,3711.96,0.0000,518.9644,646.5000,1869.0000,646.1442,2.9852,164.4084,0.5590,-335.2463,0.3825,1.2925,52.3697,4.5923,3006.1932
4358.44,3676.092,100000000,0,682.3400,1869.0000,0,0,0,0,0,0,0,0,0,0
4358.44,3307.872,0.0000,67343.6142,1050.6000,2150.5000,1050.6244,2.6124,24218.9019,-15.3585,18937.0358,0.0112,0.0270,212.6342,3.3078,3473.0748
4358.44,3044.292,0.0000,5820.1936,1314.1000,2150.5000,1314.7317,2.6596,2055.9759,2.4857,-1869.6650,0.0468,0.1133,74.4498,1.1682,1534.8817
4358.44,2656.509,0.0000,0.0000,1701.9000,2150.5000,0.0246,17.2884,0.0010,7.1935,-10898.2632,0.0000,0.0000,0.0000,16.6085,28184.7825
4358.44,1157.0208,1000000000,0,3201.2600,2150.5000,0,0,0,0,0,0,0,0,0,0
4358.44,3711.96,-28.0000,9415.8892,646.5000,2150.5000,646.6256,2.7009,3339.4348,-0.5053,4193.7000,0.0364,0.1062,105.3297,4.9612,3149.5156
4358.44,3676.092,-2.0000,1834.8738,682.3400,2150.5000,682.4534,2.3168,747.6739,-4.9778,7380.9795,0.2519,0.7079,180.8996,7.9020,5302.7853
4358.44,3307.872,0.0000,388.2394,1050.6000,2206.6000,1050.6667,1.5567,234.3081,-0.7056,744.1041,0.1900,0.3802,50.4079,0.6373,669.2261
4358.44,3044.292,1000000000.0000,0.0000,1314.1000,2206.6000,0.0000,0.0000,0.0000,0.0000,0.0000,0.0000,0.0000,0.0000,0.0000,0.0000
4358.44,2656.509,1000000000.0000,0.0000,1701.9000,2206.6000,0.0000,0.0000,0.0000,0.0000,0.0000,0.0000,0.0000,0.0000,0.0000,0.0000
4358.44,1157.0208,0.0000,280.9251,3201.2600,2206.6000,3201.3961,4.1555,63.5132,-0.6434,2057.0796,0.4758,1.1721,15.0271,0.2934,939.1499
4358.44,3711.96,10000000000,0,646.5000,2206.6000,0,0,0,0,0,0,0,0,0,0
4358.44,3676.092,0.0000,292.8802,682.3400,2206.6000,681.4739,1.8431,149.2967,0.0722,-36.0487,0.3412,0.7436,53.7975,2.1500,1474.7404
4358.44,3307.872,0.0000,873.2386,1050.6000,2219.8000,1050.7110,2.7864,294.4319,0.3003,-189.6708,0.1374,0.3331,29.8844,0.4798,503.7147
4358.44,3044.292,0.0000,107.0948,1314.1000,2219.8000,1314.3668,1.5743,63.9119,0.3175,-350.4159,0.3672,0.7039,25.7879,0.3355,440.8780
4358.44,2656.509,0.0000,182.3988,1701.9000,2219.8000,1701.0753,3.0068,56.9920,0.3816,-597.9367,0.4056,0.9858,15.8334,0.2638,448.6870
4358.44,1157.0208,0.0000,590.0238,3201.2600,2219.8000,3201.5152,3.9468,140.4525,-0.1243,419.8787,0.1412,0.3470,10.3789,0.1976,632.5374
4358.44,3711.96,0.0000,154.0177,646.5000,2219.8000,646.7177,1.4554,99.4350,2.1288,-1184.1520,0.2869,0.7384,37.9774,4.8887,3144.6693
4358.44,3676.092,0.0000,232.0030,682.3400,2219.8000,682.7892,1.5646,139.3763,1.0858,-591.8188,0.1845,0.6241,37.2011,6.0537,4114.0130
4358.44,3307.872,0.0000,2095.1018,1050.6000,2313.6000,1050.5936,2.7514,715.3995,-0.2420,262.3281,0.0668,0.1617,35.7211,0.5699,598.3807
4358.44,3044.292,100000000,0,1314.1000,2313.6000,0,0,0,0,0,0,0,0,0,0
4358.44,2656.509,0.0000,426.5800,1701.9000,2313.6000,1701.5047,2.8803,139.1456,0.3875,-653.6782,0.3071,0.7452,30.5412,0.4983,847.5436
4358.44,1157.0208,0.0000,1391.2370,3201.2600,2313.6000,3201.5825,3.8204,342.1335,-0.0258,82.8408,0.0757,0.1859,14.0059,0.2625,840.1340
4358.44,3711.96,0.0000,847.4324,646.5000,2313.6000,646.5048,2.8144,282.8937,-1.2389,781.9152,0.7369,1.8600,153.9559,6.6285,4266.5832
4358.44,3676.092,100000000,0,682.3400,2313.6000,0,0,0,0,0,0,0,0,0,0
4358.44,3307.872,0.0000,597.5781,1050.6000,2491.7000,1050.5670,3.2199,174.3618,-1.6531,1877.1287,0.4180,1.0186,46.6536,0.8040,844.1243
4358.44,3044.292,100000000,0,1314.1000,2491.7,0,0,0,0,0,0,0,0,0,0
4358.44,2656.509,1000000000,0,1701.9000,2491.7,0,0,0,0,0,0,0,0,0,0
4358.44,1157.0208,0.0000,167.2832,3201.2600,2491.7000,3201.4503,1.3723,114.5300,-0.1141,393.1811,0.2111,0.3158,23.6489,0.3160,1011.5469
4358.44,3676.092,1000000000.0000,0.0000,682.3400,2491.7000,0.0000,0.0000,0.0000,0.0000,0.0000,0.0000,0.0000,0.0000,0.0000,0.0000
4358.44,3307.872,23.0000,361.4746,1050.6000,2736.7000,1050.0628,0.9718,349.4544,-0.3612,409.0987,0.4175,3.2153,1669.0910,0.4455,467.8158
4358.44,3044.292,0.0000,48.3060,1314.1000,2736.7000,1313.8345,1.8442,24.6094,0.1257,-153.6369,0.9347,2.4248,26.6764,0.3376,443.5930
4358.44,2656.509,0.0000,116.8394,1701.9000,2736.7000,1698.5034,5.6961,19.2713,0.0372,-52.6441,1.7475,4.4072,12.2737,0.2824,480.6564
4358.44,1157.0208,0.0000,263.6064,3201.2600,2736.7000,3201.0764,3.1420,78.8223,-0.3638,1160.1588,0.3248,0.7906,16.7870,0.2858,914.7320
4358.44,3711.96,0.0000,168.5675,646.5000,2736.7000,645.4146,3.0660,51.6534,-0.5022,355.1026,1.2140,2.9529,42.1341,0.7089,458.0943
4358.44,3676.092,0.0000,0.0000,682.3400,2736.7000,463.7657,50.6816,0.0444,0.4795,-266.3139,0.0000,0.0000,0.0000,0.6617,451.3749
4358.44,3307.872,1000000000,0,1050.6000,2746.7000,0,0,0,0,0,0,0,0,0,0
4358.44,3044.292,1000000000,0,1314.1000,2746.7000,0,0,0,0,0,0,0,0,0,0
4358.44,2656.509,1000000000,0,1701.9000,2746.7000,0,0,0,0,0,0,0,0,0,0
4358.44,1157.0208,1000000000.0000,0.0000,3201.2600,2746.7000,0.0000,0.0000,0.0000,0.0000,0.0000,0.0000,0.0000,0.0000,0.0000,0.0000
4358.44,3711.96,100000000,0,646.5000,2746.7000,0,0,0,0,0,0,0,0,0,0
4358.44,3676.092,0.0000,301.6763,682.3400,2746.7000,681.1889,1.6339,173.4713,0.1629,220.0267,0.4592,1.2452,106.6653,1.2121,826.8858
4358.44,3307.872,0.0000,586.2724,1050.6000,2869.0000,1050.7074,2.5107,219.3811,-0.6570,724.7246,0.1820,0.4397,32.6994,0.4988,523.7587
4358.44,3044.292,0.0000,213.0388,1314.1000,2869.0000,1314.2014,2.1563,92.8239,-0.5638,748.4715,0.2593,0.6303,23.0295,0.3247,426.6299
4358.44,2656.509,1000000000.0000,0.0000,1701.9000,2869.0000,0.0000,0.0000,0.0000,0.0000,0.0000,0.0000,0.0000,0.0000,0.0000,0.0000
4358.44,1157.0208,0.0000,357.3462,3201.2600,2869.0000,3200.9855,3.5950,93.3886,-0.0059,25.5462,0.1668,0.4081,8.9393,0.1626,520.3535
4358.44,3711.96,1000000000.0000,0.0000,646.5000,2869.0000,0.0000,0.0000,0.0000,0.0000,0.0000,0.0000,0.0000,0.0000,0.0000,0.0000
4358.44,3676.092,1000000000,0.0000,682.3400,2869.0000,0,0,0,0,0,0,0,0,0,0
4358.44,3307.872,0.0000,1485.2404,1050.6000,3052.0000,1050.6167,2.3808,586.0944,-0.6183,884.9539,0.0532,0.1276,26.8342,0.3994,419.3845
4358.44,3044.292,0.0000,236.0324,1314.1000,3052.0000,1314.8661,1.8658,118.8545,-0.3362,552.0915,0.2849,0.7521,39.2255,0.4964,652.2646
4358.44,2656.509,100000000,0,1701.9000,3052.0000,0,0,0,0,0,0,0,0,0,0
4358.44,1157.0208,0.0000,914.3413,3201.2600,3052.0000,3201.2717,4.3386,197.9954,0.4963,-1537.0833,0.1762,0.4351,16.6269,0.3315,1061.2296
4358.44,3711.96,1000000000,0.0000,646.5000,3052.0000,0,0,0,0,0,0,0,0,0,0
4358.44,3676.092,0.0000,318.4314,682.3400,3052.0000,681.8952,3.4005,87.9769,0.0522,367.5359,0.5885,1.4369,31.3974,0.5556,379.0057
4358.44,3307.872,100000000,0,1050.6000,3099.2000,0,0,0,0,0,0,0,0,0,0
4358.44,3044.292,1000000000.0000,0.0000,1314.1000,3099.2000,0.0000,0.0000,0.0000,0.0000,0.0000,0.0000,0.0000,0.0000,0.0000,0.0000
4358.44,2656.509,0.0000,44.0879,1701.9000,3099.2000,1701.1551,2.2881,18.1027,0.6487,-1068.3037,1.2463,3.0295,20.3364,0.2954,502.4947
4358.44,1157.0208,1000000000,0,3201.2600,3099.2000,0,0,0,0,0,0,0,0,0,0
4358.44,3711.96,100000000,0,646.5000,3099.2000,0,0,0,0,0,0,0,0,0,0
4358.44,3676.092,10000000000,0,682.3400,3099.2000,0,0,0,0,0,0,0,0,0,0
4358.44,3307.872,0.0000,1035.2931,1050.6000,3122.5000,1050.6051,2.8723,338.6333,0.1420,-138.8799,0.0966,0.2343,23.4373,0.3819,400.9624
4358.44,3044.292,0.0000,92.1983,1314.1000,3122.5000,1313.3894,1.3455,64.3789,-0.0568,87.4247,0.2606,0.4146,16.9186,0.2132,280.2158
4358.44,2656.509,0.0000,212.8849,1701.9000,3122.5000,1702.4537,4.1458,48.2439,-0.2915,501.7951,0.5914,1.4581,14.2253,0.2780,472.7122
4358.44,1157.0208,0.0000,557.1771,3201.2600,3122.5000,3201.2898,3.6149,144.8095,-0.2170,694.9639,0.0704,0.1723,5.8174,0.1061,339.5593
4358.44,3711.96,0.0000,228.8966,646.5000,3122.5000,646.1637,1.9345,111.1681,-0.7914,536.0235,0.3371,0.8534,40.8485,0.5362,346.4272
4358.44,3676.092,1000000000,0,682.3400,3122.5000,0,0,0,0,0,0,0,0,0,0
4358.44,3307.872,0.0000,280.6918,1050.6000,3391.7000,1050.5780,3.6026,74.0599,1.9375,-2009.0185,0.4235,1.4694,21.7031,4.0267,4243.1659
4358.44,3044.292,0.0000,95.2106,1314.1000,3391.7000,1314.0333,2.6088,34.2884,-0.1424,217.6064,0.5531,1.3404,14.9644,0.2324,305.3767
4358.44,2656.509,100000000,0,1701.9000,3391.7000,0,0,0,0,0,0,0,0,0,0
4358.44,1157.0208,0.0000,124.1747,3201.2600,3391.7000,3201.0631,3.4951,33.3792,0.3716,-1177.7348,0.5611,1.4475,11.2391,0.3516,1122.8018
4358.44,3711.96,1000000000,0,646.5000,3391.7000,0,0,0,0,0,0,0,0,0,0
4358.44,3676.092,10000000000,0,682.3400,3391.7000,0,0,0,0,0,0,0,0,0,0
4358.44,3307.872,0.0000,244.3920,1050.6000,3596.4000,1053.5124,5.4597,42.0554,-0.8046,875.6330,1.6067,4.0564,25.7190,0.5844,612.7587
4358.44,3044.292,10000000000,0,1314.1000,3596.4000,0,0,0,0,0,0,0,0,0,0
4358.44,2656.509,1000000000,0,1701.9000,3596.4000,0,0,0,0,0,0,0,0,0,0
4358.44,1157.0208,0.0000,218.2632,3201.2600,3596.4000,3200.7153,4.0000,56.2911,-1.3625,4351.7468,0.3940,1.2777,13.7738,0.8206,2616.4302
4358.44,3711.96,100000000,0,646.5000,3596.4000,0,0,0,0,0,0,0,0,0,0
4358.44,3676.092,100000000,0,682.3400,3596.4000,0,0,0,0,0,0,0,0,0,0
4358.44,3307.872,0.0000,1144.0097,1050.6000,3956.0000,1050.6970,2.2158,485.0642,-0.5829,798.6243,0.0668,0.1599,29.9612,0.4307,452.2254
4358.44,3044.292,0.0000,166.1086,1314.1000,3956.0000,1314.7090,2.6773,58.2921,-0.2944,468.6524,0.5166,1.4190,24.1778,0.9903,1311.6326
4358.44,2656.509,0.0000,146.6740,1701.9000,3956.0000,1702.0613,1.6845,81.8078,-0.1862,379.5843,0.2099,0.7332,25.3827,0.8683,1472.3871
4358.44,1157.0208,0.0000,639.3401,3201.2600,3956.0000,3201.4824,3.5948,167.0940,0.1844,-571.0985,0.0984,0.2409,9.4391,0.1717,549.5161
4358.44,3711.96,1000000000,0,646.5000,3956.0000,0,0,0,0,0,0,0,0,0,0
4358.44,3676.092,1000000000,0,682.3400,3956.0000,0,0,0,0,0,0,0,0,0,0
4358.44,3307.872,10000000000,0,1050.6000,3991.7000,0,0,0,0,0,0,0,0,0,0
4358.44,3044.292,100000000,0,1314.1000,3991.7000,0,0,0,0,0,0,0,0,0,0
4358.44,2656.509,1000000000,0,1701.9000,3991.7000,0,0,0,0,0,0,0,0,0,0
4358.44,1157.0208,0.0000,68.4908,3201.2600,3991.7000,3200.2659,4.3244,14.8801,-0.3716,1196.7521,0.9407,2.3226,6.6922,0.1333,426.7022
4358.44,3711.96,0.0000,189.2522,646.5000,3991.7000,646.0507,1.6552,107.7209,-3.5509,2386.6318,0.4429,2.9614,54.8703,22.6936,14578.0093
4358.44,3676.092,1000000000,0,682.3400,3991.7000,0,0,0,0,0,0,0,0,0,0
4358.44,3307.872,-12.0000,2848.4412,1050.6000,667.9000,1050.9628,3.6134,816.3256,-64.3252,67880.2804,0.0279,0.0863,29.2295,6.1841,6469.8632
4358.44,3044.292,100000000,0,1314.1000,667.9000,0,0,0,0,0,0,0,0,0,0
4358.44,2656.509,100000000,0,1701.9000,667.9000,0,0,0,0,0,0,0,0,0,0
4358.44,1157.0208,0.0000,1643.4393,3201.2600,667.9000,3201.2309,4.1336,373.5313,2.1784,-6770.4397,0.2449,0.6031,45.7282,0.8904,2850.2267
4358.44,3711.96,100000000,0,646.5000,667.9000,0,0,0,0,0,0,0,0,0,0
4358.44,3676.092,1000000000,0,682.3400,667.9000,0,0,0,0,0,0,0,0,0,0
4358.44,3307.872,0.0000,11454.9502,1050.6000,6772.3000,1050.6037,2.6462,4067.0004,0.1832,-112.0988,0.0109,0.0263,34.3207,0.5373,564.0970
4358.44,3044.292,0.0000,1158.3519,1314.1000,6772.3000,1314.1032,2.6310,413.6328,-0.0333,79.8593,0.0391,0.0946,12.6368,0.1971,258.9929
4358.44,2656.509,0.0000,1531.3101,1701.9000,6772.3000,1701.6258,3.0834,466.5882,0.0579,-77.0501,0.0405,0.0985,12.6257,0.2130,362.3089
4358.44,1157.0208,0.0000,6790.2553,3201.2600,6772.3000,3201.4285,3.8416,1660.6197,0.4137,-1322.0282,0.0258,0.0634,23.0399,0.4329,1385.6179
4358.44,3711.96,-1.0000,1934.1755,646.5000,6772.3000,646.5635,2.0258,899.0856,6.1430,-3717.2670,0.0599,0.1618,58.3076,3.1958,2037.0006
4358.44,3676.092,0.0000,2082.0787,682.3400,6772.3000,682.2528,2.2845,856.2631,-0.1430,246.2104,0.0340,0.0820,26.2008,0.3814,260.1289
4358.44,3307.872,0.0000,9223.5625,1050.6000,738.0000,1050.7831,2.3044,3760.5337,-4.4572,4758.5118,0.0523,0.1265,175.6285,2.5655,2693.7031
4358.44,3044.292,0.0000,1168.3795,1314.1000,738.0000,1314.1251,2.5785,425.7212,0.2959,-361.3757,0.2823,0.6838,95.9264,1.4812,1946.3997
4358.44,2656.509,0.0000,1332.9207,1701.9000,738.0000,1701.3527,2.5810,485.2034,0.1691,-259.3082,0.1954,0.4722,75.5309,1.1679,1986.5082
4358.44,1157.0208,0.0000,6122.5844,3201.2600,738.0000,3201.5480,3.7249,1544.2750,-1.3367,4298.6656,0.0573,0.1403,48.9908,0.9067,2902.3594
4358.44,3711.96,0.0000,2031.3765,646.5000,738.0000,646.7796,1.3729,1390.0734,-4.3188,2956.5951,0.1807,0.4730,380.0801,3.3319,2152.5898
4358.44,3676.092,0.0000,770.3102,682.3400,738.0000,681.7279,1.4629,494.7828,-4.0195,3027.8623,0.3616,0.9634,241.4963,31.0991,21092.2897
4399.2,3307.872,0.0000,510.8171,1091.1000,1194.1000,1091.0057,2.3012,208.5470,0.8998,-945.5420,0.2110,0.5156,39.5263,0.5748,627.1063
4399.2,2656.509,0.0000,583.2519,1742.1100,1194.1000,1742.0259,3.2443,168.9019,0.4563,-792.6776,0.2011,0.4902,21.5816,0.3732,650.1301
4399.2,2283.119,0.0000,548.9792,2115.5000,1194.1000,2115.5738,5.1508,100.1336,0.1499,-310.0041,0.2800,0.6983,11.2744,0.2446,517.3030
4399.2,1157.0208,0.0000,1154.5682,3242.0000,1194.1000,3241.9631,3.6998,293.1873,0.1924,-617.6878,0.1081,0.2648,17.6789,0.3260,1057.0381
4399.2,3711.96,0.0000,2858.5623,686.9000,1194.1000,690.6651,6.8393,392.6791,-2.2075,1569.8604,0.2873,0.7498,34.5053,0.9013,615.7460
4399.2,3307.872,0.0000,549.5935,1091.1000,1335.0,1091.279,2.704327,190.9194,0,0,0.2661991,0.7148199,39.96542,0,0
4399.2,2656.509,0.0000,572.2503,1742.1100,1335.0000,1742.1367,2.6971,199.3362,-1.0718,1895.8157,0.2278,0.5520,34.6463,0.5471,953.0689
4399.2,2283.119,0.0000,386.8498,2115.5000,1335.0000,2114.9249,2.8529,127.3968,-0.1644,343.9737,0.2945,0.7147,27.0752,0.4395,929.6644
4399.2,1157.0208,0.0000,1264.4214,3242.0000,1335.0000,3241.9271,4.2191,281.5641,0.4658,-1503.1131,0.1718,0.4236,23.7004,0.4661,1511.1951
4399.2,3711.96,0.0000,274.7599,686.9000,1335.0000,687.1768,1.3276,194.4367,2.5137,-1691.2733,0.5406,1.8997,182.5087,12.1726,8323.0889
4399.2,3676.092,1000000000.0000,0.0000,722.6000,1335.0000,0.0000,0.0000,0.0000,0.0000,0.0000,0.0000,0.0000,0.0000,0.0000,0.0000
4399.2,3307.872,0.0000,1469.7845,1091.1000,1376.3000,1091.0641,2.4502,563.5863,-1.7856,2064.1805,0.1517,0.3680,71.8709,1.0811,1179.5859
4399.2,2656.509,0.0000,1463.1389,1742.1100,1376.3000,1741.9684,2.7693,496.3842,-1.3029,2322.6407,0.0753,0.1826,27.7900,0.4446,774.4720
4399.2,2283.119,0.0000,1071.2167,2115.5000,1376.3000,2115.2413,3.0980,324.8555,0.4366,-883.0845,0.1469,0.3575,31.7417,0.5366,1134.9734
4399.2,1157.0208,0.0000,3312.7096,3242.0000,1376.3000,3241.7756,4.0912,760.7383,0.0061,4.0317,0.0557,0.1370,21.3847,0.4143,1343.2297
4399.2,3711.96,0.0000,803.2706,686.9000,1376.3000,686.7750,1.8195,414.7756,-1.4630,1247.2903,0.2053,0.5052,96.9668,1.2438,853.2689
4399.2,3676.092,0.0000,399.9551,722.6000,1376.3000,722.8784,1.6879,222.6254,0.2451,34.0275,0.3515,1.0472,108.8212,1.2185,879.7903
4399.2,3307.872,0.0000,923.1671,1091.1000,1508.1000,1091.1102,1.7032,509.2414,-2.0308,2434.6883,0.1542,0.4611,108.5032,1.2219,1333.1485
4399.2,2656.509,0.0000,1024.6020,1742.1100,1508.1000,1742.0957,2.3564,408.5063,-2.2221,3965.3805,0.1578,0.3836,56.4036,0.8314,1448.3874
4399.2,2283.119,0.0000,677.4417,2115.5000,1508.1000,2115.0364,2.6356,241.4867,0.2603,-484.0853,0.1883,0.4563,35.5086,0.5543,1172.2919
4399.2,1157.0208,0.0000,2189.5856,3242.0000,1508.1000,3241.8364,3.4787,591.3509,-0.3276,1104.6834,0.0674,0.1646,23.6226,0.4227,1370.4615
4399.2,3711.96,1000000000.0000,0.0000,686.9000,1508.1000,0.0000,0.0000,0.0000,0.0000,0.0000,0.0000,0.0000,0.0000,0.0000,0.0000
4399.2,3676.092,1000000000.0000,0.0000,722.6000,1508.1000,0.0000,0.0000,0.0000,0.0000,0.0000,0.0000,0.0000,0.0000,0.0000,0.0000
4399.2,3307.872,0.0000,167.6577,1091.1000,1690.5000,1091.8899,1.9364,81.3428,-2.2822,2491.0017,0.2239,0.6315,20.1526,2.1043,2298.1068
4399.2,2656.509,0.0000,194.8237,1742.1100,1690.5000,1741.5237,4.8047,38.0960,0.0182,-29.5568,0.6816,1.6923,11.1841,0.2345,408.5167
4399.2,2283.119,0.0000,145.7483,2115.5000,1690.5000,2115.2906,4.7418,28.8775,-0.1855,394.4439,0.8611,2.1363,10.8514,0.2260,477.9770
4399.2,1157.0208,0.0000,402.6457,3242.0000,1690.5000,3241.9798,4.7491,79.6545,0.0497,-159.7883,0.2580,0.6402,8.9551,0.1866,605.0598
4399.2,3711.96,0.0000,418.9434,686.9000,1690.5000,686.7132,4.2080,93.5444,1.8693,-1286.8428,0.6636,1.8392,30.5169,2.6893,1852.5961
4399.2,3676.092,0.0000,193.8139,722.6000,1690.5000,720.6013,4.1671,43.6973,-0.6227,471.6261,1.1097,2.7362,24.0522,0.4711,340.3934
4399.2,3307.872,0.0000,230.1156,1091.1000,1692.9000,1091.9332,2.1510,100.5082,-0.3934,432.6047,0.4789,1.1886,46.6338,0.6521,711.3972
4399.2,2656.509,0.0000,282.6997,1742.1100,1692.9000,1741.8293,4.3489,61.0729,-0.4484,784.8924,0.4760,1.1751,13.8180,0.2758,480.5281
4399.2,2283.119,0.0000,243.8820,2115.5000,1692.9000,2115.3198,6.7471,33.9596,-0.3264,692.6060,1.2950,3.2955,13.5244,0.3351,708.7192
4399.2,1157.0208,0.0000,598.3858,3242.0000,1692.9000,3242.0087,4.5257,124.2208,0.1914,-625.1503,0.2074,0.5133,11.7759,0.2397,777.0899
4399.2,3711.96,0.0000,342.6076,686.9000,1692.9000,687.8832,2.2134,145.4216,0.3757,-246.8613,0.4041,0.9909,54.9842,0.7846,538.1027
4399.2,3676.092,0.0000,385.1524,722.6000,1692.9000,721.2991,4.5261,79.9488,-1.2991,941.7002,0.9228,2.2838,33.7141,0.6866,496.0017
4399.2,3307.872,0.0000,965.0369,1091.1000,1812.0000,1091.3257,2.4535,369.5383,-0.2223,420.9638,0.1591,0.3835,49.2349,0.7428,810.3925
4399.2,2656.509,0.0000,849.6950,1742.1100,1812.0000,1742.1469,3.3471,238.5058,-0.9877,1785.5354,0.1812,0.4421,26.6172,0.4674,814.1739
4399.2,2283.119,0.0000,516.4484,2115.5000,1812.0000,2115.5771,2.8457,170.5082,-0.1737,398.7758,0.2033,0.4931,25.0720,0.4066,860.0339
4399.2,1157.0208,0.0000,1402.2185,3242.0000,1812.0000,3241.8633,3.5798,368.0067,0.3344,-1066.7951,0.0848,0.2076,17.9946,0.3266,1058.7025
4399.2,3711.96,1000000000,0,686.9000,1812.0000,0,0,0,0,0,0,0,0,0,0
4399.2,3676.092,1000000000.0000,0.0000,722.6000,1812.0000,0.0000,0.0000,0.0000,0.0000,0.0000,0.0000,0.0000,0.0000,0.0000,0.0000
4399.2,3307.872,0.0000,1106.8915,1091.1000,2179.3000,1090.4881,4.6859,221.9307,-0.8436,1044.6412,0.2615,0.6485,25.6285,0.5308,579.2200
4399.2,2656.509,0.0000,800.4531,1742.1100,2179.3000,1742.0067,3.1342,239.9434,-0.3045,575.2191,0.1189,0.2895,18.7593,0.3189,555.6198
4399.2,2283.119,0.0000,534.4517,2115.5000,2179.3000,2115.5650,3.5427,141.7331,0.3725,-749.6250,0.1741,0.4257,14.3663,0.2594,548.7019
4399.2,1157.0208,0.0000,1664.5414,3242.0000,2179.3000,3241.8438,4.0074,390.2449,-0.2071,685.1575,0.0609,0.1499,12.2599,0.2351,762.2890
4399.2,3711.96,0.0000,481.0794,686.9000,2179.3000,686.9905,2.0857,216.7059,-3.6463,2729.1913,0.4073,1.0285,89.0161,1.2177,835.3250
4399.2,3676.092,0.0000,356.8148,722.6000,2179.3000,723.3287,3.0891,108.5216,0.6502,-280.9362,0.5496,1.3378,39.7851,0.6725,485.4007
4399.2,3307.872,0.0000,873.4172,1091.1000,2273.9500,1091.2715,2.8451,288.4197,-1.4463,1612.8818,0.1835,0.4452,38.2927,0.6209,677.4019
4399.2,2656.509,0.0000,824.6717,1742.1100,2273.9500,1742.3160,2.1648,357.9026,0.1149,-185.7398,0.0871,0.2072,29.4098,0.4186,729.1276
4399.2,2283.119,0.0000,731.2773,2115.5000,2273.9500,2115.5459,2.7794,247.1893,-0.8647,1832.4091,0.1025,0.2483,18.7538,0.3007,635.9262
4399.2,1157.0208,0.0000,1924.2063,3242.0000,2273.9500,3241.9659,4.1939,431.0517,-0.3524,1141.1695,0.0746,0.1838,15.8399,0.3106,1007.0349
4399.2,3711.96,1000000000.0000,0.0000,686.9000,2273.9500,0.0000,0.0000,0.0000,0.0000,0.0000,0.0000,0.0000,0.0000,0.0000,0.0000
4399.2,3676.092,0.0000,623.6469,722.6000,2273.9500,722.5689,2.6348,222.3771,-0.4711,396.0337,0.2372,0.5734,41.1647,0.6431,464.2915
4399.2,3307.872,100000000,0,1091.1000,2413.5000,0,0,0,0,0,0,0,0,0,0
4399.2,2656.509,0.0000,166.6741,1742.1100,2413.5000,1741.3370,1.2592,124.3567,0.4862,-826.7357,0.2386,0.4124,31.6304,0.7703,1343.3466
4399.2,2283.119,0.0000,163.9059,2115.5000,2413.5000,2115.7716,3.0807,49.9862,-0.1230,277.0920,0.7564,1.8403,25.2855,0.4265,901.9159
4399.2,1157.0208,0.0000,590.6038,3242.0000,2413.5000,3241.6352,4.4630,124.3281,1.2475,-4025.7051,0.2715,0.6713,15.6413,0.3163,1025.3307
4399.2,3711.96,0.0000,338.8785,686.9000,2413.5000,685.9495,3.1699,100.4377,0.0922,38.8726,0.8462,2.0607,55.2524,0.9446,648.1462
4399.2,3676.092,0.0000,268.4608,722.6000,2413.5000,722.8238,2.1359,118.0865,1.7848,-1204.3195,0.5369,1.3134,61.4321,0.8603,621.1167
4399.2,2656.509,0.0000,326.5339,1742.1100,2451.1000,1741.9259,3.5056,87.5108,0.2752,-466.4465,0.4263,1.0422,21.9523,0.3943,686.9028
4399.2,2283.119,0.0000,153.7112,2115.5000,2451.1000,2115.3888,3.7221,38.7989,-0.0968,223.6700,0.7457,1.8275,16.0432,0.2968,627.6823
4399.2,1157.0208,0.0000,633.6020,3242.0000,2451.1000,3241.9555,3.4629,171.8995,-0.7811,2551.1472,0.1365,0.3334,13.9700,0.2494,808.6381
4399.2,3711.96,0.0000,278.9200,686.9000,2451.1000,687.6249,1.4566,179.9027,8.3009,-5599.2237,0.1537,0.2809,30.1182,2.0692,1425.3757
4399.2,3307.872,0.0000,1224.3874,1091.1000,2521.0000,1091.5425,6.6761,177.0328,7.6456,-7895.1344,0.6482,2.2182,51.5003,5.5740,6131.0657
4399.2,2656.509,1000000000,0,1742.1100,2521.0000,0,0,0,0,0,0,0,0,0,0
4399.2,2283.119,0.0000,214.0420,2115.5000,2521.0000,2116.8557,4.3051,46.7112,-0.1138,400.5912,0.8681,2.2107,19.6170,0.6154,1305.5113
4399.2,1157.0208,0.0000,117.1869,3242.0000,2521.0000,3241.9391,1.3737,80.1495,-0.2084,806.0858,0.2910,1.6440,76.3665,0.4150,1345.3230
4399.2,3711.96,1000000000,0,686.9000,2521.0000,0,0,0,0,0,0,0,0,0,0
4399.2,3676.092,0.0000,4288.1099,722.6000,2521.0000,722.6441,2.2177,1816.6398,3.0402,-1320.1903,0.0433,0.1028,72.3601,1.0428,752.9126
4399.2,3307.872,1000000000,0,1091.1000,2696.7000,0,0,0,0,0,0,0,0,0,0
4399.2,2656.509,1000000000,0,1742.1100,2696.7000,0,0,0,0,0,0,0,0,0,0
4399.2,2283.119,100000000,0,2115.5000,2696.7000,0,0,0,0,0,0,0,0,0,0
4399.2,1157.0208,0.0000,370.1181,3242.0000,2696.7000,3241.0376,5.8256,59.6897,-0.1464,468.9127,0.3734,0.9395,7.9334,0.1830,593.5200
4399.2,3711.96,1000000000.0000,0.0000,686.9000,2696.7000,0.0000,0.0000,0.0000,0.0000,0.0000,0.0000,0.0000,0.0000,0.0000,0.0000
4399.2,3676.092,1000000000,0,722.6000,2696.7000,0,0,0,0,0,0,0,0,0,0
4399.2,3307.872,0.0000,837.2892,1091.1000,6731.9000,1091.2365,2.7992,281.0219,-1.1630,1278.8191,0.0740,0.1810,15.3262,0.3166,346.6132
4399.2,2656.509,0.0000,750.6437,1742.1100,6731.9000,1742.1427,2.8404,248.2990,0.0599,-102.0632,0.0485,0.1343,9.1459,0.3660,633.9482
4399.2,2283.119,0.0000,476.2570,2115.5000,6731.9000,2115.4487,2.9808,150.1114,-0.4537,967.2613,0.0809,0.1965,8.3856,0.1391,294.2433
4399.2,1157.0208,0.0000,1545.8238,3242.0000,6731.9000,3241.7291,4.0630,357.4504,-1.0694,3463.7231,0.0566,0.1393,10.2859,0.1986,643.9180
4399.2,3711.96,0.0000,456.7229,686.9000,6731.9000,686.7644,2.8357,151.8710,-9.8982,6821.2548,0.2373,0.7490,27.7890,5.7260,3915.0484
4399.2,3676.092,0.0000,240.1058,722.6000,6731.9000,722.6106,2.4304,92.8164,0.5866,-422.2200,0.3308,0.7956,25.9301,0.3897,281.3683
4399.2,3307.872,0.0000,2255.6809,1091.1000,697.6000,1090.7850,4.7402,447.2484,-0.8560,1015.0309,0.3923,1.1801,81.9334,3.9883,4394.5606
4399.2,2656.509,0.0000,1865.1722,1742.1100,697.6000,1742.2874,3.0295,578.4342,-0.0321,123.2170,0.1703,0.4140,66.9774,1.1200,1951.0075
4399.2,2283.119,0.0000,967.4887,2115.5000,697.6000,2115.8331,2.4060,377.7951,-0.4352,929.3842,0.2317,0.5614,74.9170,1.1177,2363.8974
4399.2,1157.0208,0.0000,3395.3011,3242.0000,697.6000,3241.7280,3.7841,842.9819,-0.4783,1557.0557,0.0813,0.1993,37.3676,0.6968,2259.2196
4399.2,3711.96,0.0000,2066.0813,686.9000,697.6000,686.8291,3.2197,602.8920,2.6037,-1611.0347,0.2781,0.6777,107.3245,1.8499,1268.9084
4399.2,3676.092,0.0000,960.2309,722.6000,697.6000,722.7433,4.1604,216.8436,2.1567,-1351.3513,1.3179,3.2475,141.9571,2.7743,2002.7782
4409.176,3301.36,0.0000,230.1014,1107.9800,1183.5000,1108.3625,1.6225,133.2406,-2.7553,3592.6504,0.4035,0.8443,60.8138,1.9817,2180.3159
4409.176,2656.509,0.0000,1725.6612,1752.6290,1183.5000,1752.8518,3.1429,515.8569,1.4832,-2393.6962,0.0802,0.1952,27.1136,0.4618,809.0975
4409.176,0.0,0.0000,105.0519,4408.9100,1183.5000,4408.6502,2.7077,36.4503,-0.0814,402.2917,0.5080,1.2301,14.0695,0.2227,981.7236
4409.176,3676.092,7.0000,224.6174,733.0000,1183.5000,733.1305,1.0180,207.2941,9.9849,-5916.5864,1.4817,5.7768,1452.7576,6.6346,4871.2228
4409.176,3661.527,1.0000,673.3040,747.6300,1183.5000,747.9251,1.3627,464.2081,1.6546,211.3288,0.1357,0.7531,199.3212,1.9291,1427.4415
4409.176,3301.36,0.0000,233.6622,1107.9800,1324.0000,1108.0187,2.7120,81.3375,-1.6432,1892.2482,0.4734,1.6793,35.1825,5.6096,6186.0571
4409.176,2656.509,0.0000,880.3217,1752.6290,1324.0000,1752.4491,3.2544,254.1384,0.1043,-129.1197,0.1094,0.2666,17.6079,0.3050,534.3348
4409.176,1157.0208,0.0000,0.0000,3252.0700,1324.0000,3224.8668,1.8287,7.5624,-0.4683,1544.3128,0.0000,0.0000,0.0000,0.2894,940.9928
4409.176,0.0,0.0000,121.2391,4408.9100,1324.0000,4407.4769,7.0884,16.0692,-0.1272,565.7137,1.6949,4.3335,7.9736,0.2026,892.9853
4409.176,3676.092,100000000,0,733.0000,1324.0000,0,0,0,0,0,0,0,0,0,0
4409.176,3661.527,1000000000.0000,0.0000,747.6300,1324.0000,0.0000,0.0000,0.0000,0.0000,0.0000,0.0000,0.0000,0.0000,0.0000,0.0000
4409.176,2656.509,0.0000,318.4125,1752.6290,6721.0000,1752.5553,2.3506,127.2662,-0.2524,447.7252,0.0821,0.1962,9.0976,0.1347,235.9941
4409.176,0.0,1000000000.0000,0.0000,4408.9100,6721.0000,0.0000,0.0000,0.0000,0.0000,0.0000,0.0000,0.0000,0.0000,0.0000,0.0000
4409.176,3676.092,1000000000,0,733.0000,6721.0000,0,0,0,0,0,0,0,0,0,0
4409.176,3661.527,0.0000,308.8538,747.6300,6721.0000,747.4041,2.2630,128.2241,3.5819,-2663.2259,0.2474,0.6476,29.3574,2.4688,1837.5123
4479.9,2656.509,0.0000,800.3215,1822.6300,1113.6000,1822.9585,2.2893,328.4413,0.8274,-1504.1759,0.2164,0.5291,64.1877,0.9312,1696.5820
4479.9,1157.0208,0.0000,2222.0010,3322.8000,1113.6000,3322.3688,4.2658,489.3757,0.6128,-2027.9078,0.1415,0.3489,33.5414,0.6633,2203.5170
4479.9,2656.509,0.0000,1714.3027,1822.6300,171.3000,1822.8758,5.7182,281.6609,2.1465,-3801.1658,0.5070,1.2737,51.7713,1.1833,2155.4936
4479.9,1157.0208,0.0000,1887.1086,3322.8000,171.3000,3321.1996,5.6992,311.0859,0.5031,-1626.8804,0.2113,0.5307,23.9097,0.5455,1812.2803
4479.9,2656.509,0.0000,181.5548,1822.6300,1745.5000,1822.1819,2.1162,80.6035,-0.3418,678.8340,0.8000,1.9573,63.0709,0.8787,1601.0525
4479.9,1883.516,1000000000,0,2596.1000,1745.5000,0,0,0,0,0,0,0,0,0,0
4479.9,1157.0208,0.0000,651.5935,3322.8000,1745.5000,3322.6133,3.2886,186.1512,0.3688,-1206.0626,0.1395,0.3403,16.2828,0.2835,941.8493
4479.9,3776.27,0.0000,0.0000,703.4000,1745.5000,280.6964,59.6449,17.0127,-0.8875,797.4290,0.0000,0.0000,0.0000,1.8508,1301.2979
4479.9,2656.509,1000000000.0000,0.0000,1822.6300,2618.2000,0.0000,0.0000,0.0000,0.0000,0.0000,0.0000,0.0000,0.0000,0.0000,0.0000
4479.9,1883.516,1000000000,0.0000,2596.1000,2618.2000,0,0,0,0,0,0,0,0,0,0
4479.9,1157.0208,0.0000,762.6095,3322.8000,2618.2000,3320.6302,5.5825,128.3433,0.1834,-525.3173,0.2273,0.5705,10.8345,0.2451,814.4441
4479.9,3776.27,-1.0000,176.6224,703.4000,2618.2000,703.3422,1.2273,135.2057,4.1011,-2210.9443,0.4596,0.8176,62.4958,4.3255,3028.4789
4479.9,2656.509,0.0000,0.0000,1822.6300,2696.7000,1733.2505,8.1182,0.2382,-0.0759,141.3987,0.0000,0.0000,0.0000,0.3199,582.8603
4479.9,1883.516,1000000000,0,2596.1000,2696.7000,0,0,0,0,0,0,0,0,0,0
4479.9,1157.0208,1000000000,0.0000,3322.8000,2696.7000,0,0,0,0,0,0,0,0,0,0
4479.9,3776.27,0.0000,1546.8126,703.4000,2696.7000,697.4822,12.6740,115.0736,2.1699,-1559.9840,1.4812,4.7253,30.2320,1.2611,900.7166
4479.9,2656.509,0.0000,2683.3081,1822.6300,6651.3000,1822.6536,3.1307,805.2504,-0.2997,555.1491,0.0185,0.0451,9.8205,0.1669,304.1264
4479.9,1883.516,0.0000,202.7533,2596.1000,6651.3000,2595.6744,4.9116,38.7834,-0.1519,405.2627,0.2776,0.6902,4.5380,0.0962,249.6425
4479.9,1157.0208,0.0000,6613.1712,3322.8000,6651.3000,3322.3530,3.9740,1563.4387,-0.1980,667.5123,0.0234,0.0574,18.9745,0.3624,1204.0208
4552.644,3307.872,0.0000,167.3503,1244.7500,6577.1000,1244.9338,5.0942,30.8639,0.1370,-170.6267,0.2763,0.6886,3.4663,0.0749,93.0922
4552.644,1157.0208,0.0000,167.5718,3395.5100,6577.1000,3395.5754,4.5150,34.8695,0.3234,-1102.3612,0.3253,0.8050,5.1967,0.1057,358.8101
4552.644,3676.092,0.0000,292.8557,876.5300,6577.1000,876.4569,2.3607,116.5480,0.4988,-438.7177,0.1373,0.3284,13.8763,0.2059,180.3359
4552.644,3661.527,1000000000.0000,0.0000,891.1000,6577.1000,0.0000,0.0000,0.0000,0.0000,0.0000,0.0000,0.0000,0.0000,0.0000,0.0000
4564.87,3357.29,0.0000,218.0890,1207.2000,1209.6000,1207.9851,1.8559,110.4014,1.0374,-1250.7532,0.3551,0.9948,47.3776,0.5834,704.1487
4564.87,2283.119,0.0000,979.5066,2281.7000,1209.6000,2280.8459,3.8520,238.9005,0.0025,-7.7475,0.1619,0.3973,20.7273,0.3899,889.3775
4564.87,3913.8,0.0000,2139.0713,651.0700,1209.6000,650.4081,1.6866,1191.5308,4.0187,-2558.1800,0.0893,0.1757,114.0241,1.5306,996.6624
4564.87,3357.29,0.0000,729.4156,1207.2000,1646.5000,1207.0008,2.0368,336.4532,-3.1148,4003.6344,0.1316,0.3765,46.1170,5.9585,7185.7307
4564.87,2283.119,0.0000,3625.0357,2281.7000,1646.5000,2281.0425,4.1313,824.3781,1.0373,-2233.1258,0.0753,0.1854,31.0372,0.6042,1378.1236
4564.87,3913.8,0.0000,12981.4644,651.0700,1646.5000,650.7596,2.4886,4900.7616,-7.6949,7353.7255,0.0838,0.2026,339.4991,5.1537,3355.8580
4564.87,3357.29,0.0000,306.8814,1207.2000,2000.5000,1207.5192,2.1870,131.8352,-0.4897,669.2853,0.2286,0.5367,27.9797,0.4021,485.3336
4564.87,2283.119,0.0000,716.9433,2281.7000,2000.5000,2280.9345,3.4598,194.6844,-0.1986,480.6210,0.1462,0.3571,16.9634,0.3027,690.5567
4564.87,3913.8,0.0000,1744.1244,651.0700,2000.5000,650.2454,1.7333,945.4000,1.4794,-825.5290,0.0634,0.1530,70.5207,0.8853,576.5042
4564.87,3357.29,0.0000,93.5340,1207.2000,2013.6000,1207.8850,2.2363,39.2950,-0.5286,678.3228,0.7673,1.8771,27.8918,0.3998,482.5247
4564.87,2283.119,0.0000,438.6972,2281.7000,2013.6000,2281.4554,3.0877,133.4848,0.1283,-282.1440,0.2749,0.6688,24.4831,0.4133,942.6759
4564.87,3913.8,0.0000,1505.3640,651.0700,2013.6000,650.4350,1.8329,771.6223,1.8504,-1053.1463,0.2739,0.5776,220.0525,3.0067,1957.9002
4564.87,3357.29,0.0000,392.4138,1207.2000,2033.9000,1207.0861,3.4541,106.7353,-0.0540,90.9107,0.5557,1.3576,35.4151,0.6315,762.2788
4564.87,2283.119,0.0000,967.5150,2281.7000,2033.9000,2280.9399,3.1471,288.8353,0.4521,-1018.3302,0.1120,0.2728,21.1879,0.3610,823.3790
4564.87,3913.8,0.0000,4174.9651,651.0700,2033.9000,650.7005,2.7577,1422.3402,-2.4074,1664.6498,0.0976,0.2365,103.6004,1.6543,1077.2624
4564.87,3357.29,0.0000,483.9063,1207.2000,2356.6000,1206.9454,3.2861,138.3499,0.9277,-1104.3795,0.2160,0.5266,18.7447,0.3262,393.7305
4564.87,2283.119,0.0000,1263.0384,2281.7000,2356.6000,2281.0464,3.4661,342.3551,-0.5060,1166.9761,0.0925,0.2261,18.8533,0.3368,768.1624
4564.87,3913.8,0.0000,7078.3578,651.0700,2356.6000,650.6628,2.7269,2438.7115,-14.4242,9333.5523,0.1877,0.4546,345.3888,5.4853,3571.9439
4564.87,3357.29,0.0000,176.7585,1207.2000,2533.5000,1209.6199,4.5126,36.8003,0.3610,-413.8110,1.1842,2.9398,19.9955,0.4096,493.9906
4564.87,2283.119,0.0000,442.8704,2281.7000,2533.5000,2281.2726,2.9457,141.2511,-0.0765,197.3412,0.1787,0.4340,17.6436,0.2910,663.7654
4564.87,3913.8,0.0000,1744.7850,651.0700,2533.5000,650.6291,2.2897,715.9103,2.0763,-1249.4090,0.0916,0.2188,58.6263,0.8571,558.0975
4564.87,3357.29,0.0000,403.5285,1207.2000,2540.6000,1207.9969,5.4231,69.9086,0.0313,-33.3929,0.7314,1.8310,19.5392,0.4352,525.1335
4564.87,2283.119,0.0000,475.8023,2281.7000,2540.6000,2281.1071,2.3623,189.2304,0.2125,-471.9946,0.1430,0.3476,23.6234,0.3487,795.4706
4564.87,3913.8,0.0000,1825.3278,651.0700,2540.6000,650.7163,2.2700,755.4555,0.9734,-511.4048,0.2191,0.5264,149.6029,2.1731,1415.0434
4564.87,3357.29,100000000,0,1207.2000,2663.1000,0,0,0,0,0,0,0,0,0,0
4564.87,2283.119,0.0000,200.4279,2281.7000,2663.1000,2281.0373,1.7753,106.0681,-0.1922,452.2037,0.1641,0.4887,22.9672,0.2675,610.2353
4564.87,3913.8,0.0000,1912.9472,651.0700,2663.1000,650.9192,2.5954,692.4584,0.1263,42.5911,0.1057,0.2562,58.0680,0.8995,585.7020
4564.87,3357.29,1000000000,0,1207.2000,2916.7000,0,0,0,0,0,0,0,0,0,0
4564.87,2283.119,0.0000,259.9532,2281.7000,2916.7000,2280.5933,2.1777,112.1507,0.3931,-874.9831,0.1914,0.4505,20.0353,0.2870,654.7645
4564.87,3913.8,0.0000,1492.3616,651.0700,2916.7000,650.6460,2.3528,595.9154,-0.9484,793.6577,0.1126,0.2701,58.4746,0.8652,563.3953
4564.87,3357.29,1000000000,0,1207.2000,3138.3000,0,0,0,0,0,0,0,0,0,0
4564.87,2283.119,0.0000,199.7986,2281.7000,3138.3000,2280.3012,1.9433,96.5939,0.0140,-15.7604,0.1879,0.4384,18.8555,0.2559,583.7737
4564.87,3913.8,0.0000,1219.4530,651.0700,3138.3000,650.8919,2.7997,409.2112,-0.0781,131.0625,0.1920,0.4656,57.7574,0.9290,604.9200
4564.87,3357.29,10000000000,0,1207.2000,3748.2000,0,0,0,0,0,0,0,0,0,0
4564.87,2283.119,0.0000,224.0106,2281.7000,3748.2000,2281.4221,1.9386,108.5639,0.2386,-490.9001,0.0663,0.1637,7.5903,0.8969,2043.9123
4564.87,3913.8,0.0000,749.5035,651.0700,3748.2000,650.7289,1.9015,370.4481,-10.9207,7530.8650,0.1150,0.3268,48.3682,3.3127,2179.5371
4564.87,2283.119,0.0000,4785.6041,2281.7000,532.1000,2281.2200,3.9622,1134.7444,-0.2741,671.2521,0.1540,0.3785,91.0932,1.7374,3962.9323
4564.87,3913.8,0.0000,16470.6694,651.0700,532.1000,650.6876,2.3965,6457.1462,-4.8657,4005.9368,0.0446,0.1074,246.8595,3.6820,2397.6132
4564.87,3357.29,0.0000,1332.6119,1207.2000,6566.4000,1207.1915,2.7528,454.8061,0.5321,-629.0267,0.0382,0.0926,12.9877,0.2072,250.0793
4564.87,2283.119,0.0000,4663.2633,2281.7000,6566.4000,2281.0750,3.3608,1303.6196,-0.2118,490.9161,0.0157,0.0382,12.5328,0.2205,502.9730
4564.87,3913.8,0.0000,21487.3968,651.0700,6566.4000,650.6024,2.3101,8738.9892,-3.2322,2318.7985,0.0084,0.0202,65.3496,0.9596,624.8616
4584.08,3357.29,0.0000,1297.6256,1226.9000,1191.2000,1227.0520,2.7713,439.9140,0.5060,-487.5224,0.1110,0.2692,36.2690,0.5808,712.0094
4584.08,3307.872,0.0000,639.3037,1276.0000,1191.2000,1276.5731,2.1299,282.0269,0.5821,-605.7114,0.1579,0.4138,44.4373,1.6410,2077.3317
4584.08,3301.36,0.0000,915.2402,1283.4000,1191.2000,1282.8022,2.1249,404.6629,-0.6656,1018.5850,0.1817,0.4428,71.4887,0.9996,1282.5743
4584.08,3044.292,0.0000,2911.1046,1539.4000,1191.2000,1539.7336,2.7113,1008.7621,-0.5864,993.6790,0.0424,0.1027,32.4578,0.5141,791.1800
4584.08,2283.119,0.0000,3129.9280,2300.6000,1191.2000,2300.8879,3.2496,904.9180,1.3936,-3156.9609,0.0642,0.1565,36.8524,0.6381,1467.6278
4584.08,1157.0208,0.0000,5226.1175,3427.5000,1191.2000,3427.0780,3.9021,1258.2976,-0.4354,1531.8362,0.0389,0.0955,25.8930,0.4901,1679.7239
4584.08,0.0,0.0000,100.4534,4582.0000,1191.2000,4581.0943,1.9071,49.4884,1.1390,-5201.5807,0.3651,0.9684,20.5270,0.2626,1203.2339
4584.08,3357.29,0.0000,237.0215,1226.9000,1455.1000,1226.3139,2.9843,74.6179,0.1301,-163.7719,0.4444,1.0799,22.8846,0.3799,465.7216
4584.08,3044.292,0.0000,353.4557,1539.4000,1455.1000,1539.8513,2.0046,165.6539,0.7177,-1116.3418,0.1347,0.3380,23.3478,0.3135,482.4313
4584.08,2283.119,0.0000,652.8417,2300.6000,1455.1000,2301.0045,3.5880,170.9453,-0.3975,909.0497,0.1602,0.3922,15.7533,0.2864,658.7361
4584.08,1157.0208,0.0000,928.4400,3427.5000,1455.1000,3427.0274,4.3096,202.4047,-0.0114,36.4501,0.1027,0.2534,9.9671,0.1981,678.7977
4584.08,0.0,0.0000,328.1963,4582.0000,1455.1000,4579.9088,5.2400,58.8438,-0.0812,367.9822,0.3846,0.9628,8.9547,0.1970,902.8984
4584.08,3307.872,0.0000,276.6051,1276.0000,1626.8000,1277.6143,1.4911,174.2861,-0.0455,229.1876,0.3104,0.5498,58.0203,0.7544,962.5596
4584.08,3044.292,0.0000,338.9101,1539.4000,1626.8000,1540.1495,2.6514,120.0893,-0.4868,881.1952,0.4188,1.0149,39.0412,0.6118,941.4408
4584.08,2283.119,0.0000,1175.8079,2300.6000,1626.8000,2298.1274,4.6674,236.6786,1.7585,-3869.9323,0.2026,0.5032,21.2716,0.4414,1015.4391
4584.08,1157.0208,0.0000,419.6987,3427.5000,1626.8000,3427.1068,3.0786,128.0829,-0.3605,1283.3822,0.2403,0.5847,20.6002,0.3472,1189.7964
4584.08,3357.29,0.0000,395.0538,1226.9000,1641.0000,1225.8550,2.3568,157.4809,-1.5758,2224.6052,0.3687,0.8946,50.7592,0.7488,918.0884
4584.08,3307.872,0.0000,372.7825,1276.0000,1641.0000,1276.7764,1.9589,178.8017,-6.0723,7986.7929,0.2108,0.6047,41.5912,5.1380,6543.8064
4584.08,3301.36,0.0000,353.3815,1283.4000,1641.0000,1282.5130,2.0275,163.7529,-1.3103,1988.7342,0.5122,1.1598,82.4446,1.1552,1482.2820
4584.08,3044.292,0.0000,479.3583,1539.4000,1641.0000,1539.8219,2.5414,177.2123,-0.0879,419.3559,0.2468,0.5976,35.4168,0.5432,835.9992
4584.08,2283.119,0.0000,325.9970,2300.6000,1641.0000,2300.4126,2.6766,114.4265,0.4872,-922.2299,0.5708,1.3811,50.1906,0.7900,1816.9345
4584.08,1157.0208,0.0000,620.3983,3427.5000,1641.0000,3427.1696,3.6414,160.0692,-0.0024,96.4979,0.2300,0.5632,20.8646,0.3818,1308.4672
4584.08,0.0,1000000000,0,4582.0000,1641.0000,0,0,0,0,0,0,0,0,0,0
4584.08,3913.8,1000000000,0,670.4000,1641.0000,0,0,0,0,0,0,0,0,0,0
4584.08,3357.29,0.0000,3278.2526,1226.9000,2088.2000,1226.9571,2.6178,1176.5319,0.7492,-713.3059,0.0348,0.0844,32.2254,0.5016,614.8886
4584.08,3307.872,-1.0000,1476.9812,1276.0000,2088.2000,1276.5988,3.0141,462.2034,1.2427,-1351.1237,0.1171,0.3530,41.1322,2.0148,2548.3929
4584.08,3301.36,0.0000,2819.4479,1283.4000,2088.2000,1282.9275,2.5674,1031.7258,-2.6095,3603.2507,0.1315,0.3186,108.7721,1.6758,2150.1364
4584.08,3044.292,0.0000,7361.9243,1539.4000,2088.2000,1539.7501,2.9803,2320.7432,-0.1897,471.4144,0.0213,0.0517,34.1476,0.5666,871.9827
4584.08,2283.119,0.0000,8307.3524,2300.6000,2088.2000,2300.9518,3.3192,2351.3992,-0.3424,875.3882,0.0248,0.0605,36.2173,0.6338,1457.5539
4584.08,1157.0208,0.0000,13289.5080,3427.5000,2088.2000,3427.1084,3.8566,3237.5063,1.8618,-6271.0131,0.0475,0.1167,82.4113,1.5511,5315.5389
4584.08,3357.29,0.0000,211.6066,1226.9000,2337.5000,1227.0219,3.4341,57.8920,-0.2731,373.3569,0.7685,1.8777,26.7205,0.4755,582.8921
4584.08,3307.872,100000000,0,1276.0000,2337.5000,0,0,0,0,0,0,0,0,0,0
4584.08,3301.36,10000000000,0,1283.4000,2337.5000,0,0,0,0,0,0,0,0,0,0
4584.08,3044.292,1000000000.0000,0.0000,1539.4000,2337.5000,0.0000,0.0000,0.0000,0.0000,0.0000,0.0000,0.0000,0.0000,0.0000,0.0000
4584.08,2283.119,0.0000,297.6298,2300.6000,2337.5000,2301.2804,3.6909,75.7599,-0.1438,355.1998,0.4401,1.0788,18.6472,0.3440,791.0489
4584.08,1157.0208,0.0000,462.4931,3427.5000,2337.5000,3427.0081,3.9594,109.7427,-0.2502,869.4229,0.2110,0.5184,12.0755,0.2302,788.9745
4584.08,0.0,1000000000.0000,0.0000,4582.0000,2337.5000,0.0000,0.0000,0.0000,0.0000,0.0000,0.0000,0.0000,0.0000,0.0000,0.0000
4584.08,3913.8,1000000000.0000,0.0000,670.4000,2337.5000,0.0000,0.0000,0.0000,0.0000,0.0000,0.0000,0.0000,0.0000,0.0000,0.0000
4584.08,3357.29,0.0000,226.6988,1226.9000,2670.7000,1224.7272,6.0976,34.9295,-0.1323,197.8548,1.2600,3.1834,14.9747,0.3538,434.0465
4584.08,3307.872,1000000000,0,1276.0000,2670.7000,0,0,0,0,0,0,0,0,0,0
4584.08,3301.36,1000000000,0,1283.4000,2670.7000,0,0,0,0,0,0,0,0,0,0
4584.08,3044.292,0.0000,457.5930,1539.4000,2670.7000,1539.1568,3.0572,140.6228,-0.5347,848.6086,0.1756,0.4272,16.6424,0.2795,430.1974
4584.08,2283.119,0.0000,325.2599,2300.6000,2670.7000,2300.5035,3.6233,84.3399,-0.5363,1255.3486,0.2103,0.5149,10.1017,0.1844,424.1970
4584.08,1157.0208,0.0000,558.2977,3427.5000,2670.7000,3427.2881,3.7701,139.1264,-0.0353,138.0517,0.1211,0.2969,9.2232,0.1717,588.3599
4584.08,0.0,0.0000,2956.8034,4582.0000,2670.7000,4572.5477,4.9414,562.1827,1.4364,-6591.7045,0.0538,0.1428,12.9657,0.3127,1434.0419
4584.08,3913.8,1000000000,0,670.4000,2670.7000,0,0,0,0,0,0,0,0,0,0
4584.08,3357.29,0.0000,652.0974,1226.9000,645.7000,1226.1218,1.9828,308.9906,-2.4714,3206.5566,0.6730,1.7156,221.9478,2.9445,3610.1447
4584.08,3307.872,0.0000,310.4947,1276.0000,645.7000,1276.5933,1.5751,185.2134,2.0544,-2518.3605,0.2290,0.4687,47.0722,10.9346,13970.2873
4584.08,3301.36,0.0000,670.0177,1283.4000,645.7000,1282.7461,1.9907,316.2091,-0.5652,856.4385,0.3340,0.8011,108.6974,1.4784,1896.8651
4584.08,3044.292,0.0000,1116.0981,1539.4000,645.7000,1539.9612,1.7193,609.8793,0.8674,-1226.0081,0.1222,0.3855,106.0854,1.1760,1809.7683
4584.08,2283.119,0.0000,3135.9158,2300.6000,645.7000,2300.4433,3.8938,756.6505,1.5409,-3500.6554,0.1784,0.4382,71.6028,1.3542,3114.6101
4584.08,1157.0208,0.0000,3209.5775,3427.5000,645.7000,3427.0580,4.0007,753.7258,0.1118,-333.9588,0.0844,0.2076,32.8589,0.6297,2157.8182
4584.08,3913.8,10000000000,0,670.4000,645.7000,0,0,0,0,0,0,0,0,0,0
4584.08,3357.29,0.0000,5810.9416,1226.9000,6546.6000,1226.9442,2.6886,2030.5652,-0.6658,927.7369,0.0162,0.0393,25.1777,0.3971,486.8505
4584.08,3307.872,0.0000,1723.3631,1276.0000,6546.6000,1276.4003,2.2156,730.7680,7.6667,-9510.8560,0.6136,1.4521,412.3886,5.9484,7590.1944
4584.08,3301.36,0.0000,5087.9645,1283.4000,6546.6000,1282.9071,2.4785,1928.6642,-3.0963,4162.1722,0.1113,0.2698,178.3504,2.6992,3463.2220
4584.08,3044.292,0.0000,12529.7193,1539.4000,6546.6000,1539.7020,2.8209,4173.1088,-0.4933,837.7718,0.0108,0.0262,32.8983,0.5313,817.6759
4584.08,2283.119,0.0000,14337.8904,2300.6000,6546.6000,2300.8573,3.4236,3934.6440,-1.4928,3474.6712,0.0143,0.0349,33.9008,0.6022,1385.0461
4584.08,1157.0208,0.0000,23911.0921,3427.5000,6546.6000,3427.0460,4.0201,5588.1165,-1.3419,4632.0244,0.0221,0.0543,63.3987,1.2177,4173.2040
4584.08,0.0,0.0000,80.9033,4582.0000,6546.6000,4581.8211,7.6397,9.9492,-0.0412,190.3283,0.4409,1.1355,1.1914,0.0314,143.9181
4584.08,3913.8,0.0000,1014.1929,670.4000,6546.6000,670.3582,2.0449,465.9697,-5.6164,4210.9885,0.1122,0.2604,51.5584,0.7192,481.9393
4584.08,3357.29,0.0000,296.4461,1226.9000,704.5000,1227.1620,1.5189,183.3663,-1.1223,1416.9209,0.0297,0.1029,8.3395,1.1541,1416.9756
4584.08,3307.872,1000000000.0000,0.0000,1276.0000,704.5000,0.0000,0.0000,0.0000,0.0000,0.0000,0.0000,0.0000,0.0000,0.0000,0.0000
4584.08,3301.36,1000000000.0000,0.0000,1283.4000,704.5000,0.0000,0.0000,0.0000,0.0000,0.0000,0.0000,0.0000,0.0000,0.0000,0.0000
4584.08,2283.119,0.0000,1301.6016,2300.6000,704.5000,2300.7136,4.5671,267.7543,0.9084,-2055.2954,0.3069,0.7598,37.2143,0.7613,1750.8352
4584.08,1157.0208,0.0000,1311.7418,3427.5000,704.5000,3426.7402,4.8532,253.9335,1.2618,-4280.2440,0.2838,0.7051,30.7382,0.6475,2219.0454
4584.08,3913.8,0.0000,533.1028,670.4000,704.5000,669.5957,2.5261,198.2688,-3.9855,2939.8933,0.8438,2.0351,136.0690,2.0826,1395.7549
4650.3,3307.872,1000000000,0,1342.8000,1574.4000,0,0,0,0,0,0,0,0,0,0
4650.3,3301.36,1000000000,0,1349.4000,1574.4000,0,0,0,0,0,0,0,0,0,0
4650.3,3044.292,1000000000.0000,0.0000,1606.1000,1574.4000,0.0000,0.0000,0.0000,0.0000,0.0000,0.0000,0.0000,0.0000,0.0000,0.0000
4650.3,4479.9,1000000000.0000,0.0000,171.3000,1574.4000,0.0000,0.0000,0.0000,0.0000,0.0000,0.0000,0.0000,0.0000,0.0000,0.0000
4650.3,2656.509,0.0000,406.9253,1992.8000,1574.4000,1993.5723,2.3141,165.2074,-0.7891,1633.3225,0.2432,0.5804,35.5132,0.5227,1041.0542
4650.3,2283.119,1000000000.0000,0.0000,2367.6000,1574.4000,0.0000,0.0000,0.0000,0.0000,0.0000,0.0000,0.0000,0.0000,0.0000,0.0000
4650.3,1883.516,0.0000,105.7487,2767.2000,1574.4000,2764.0432,2.0871,47.6017,-0.1014,302.3830,0.4299,1.0847,20.6054,0.2832,783.7563
4650.3,1157.0208,0.0000,216.1437,3493.4000,1574.4000,3492.7800,6.1427,33.0586,0.5784,-2007.3534,0.9838,2.4837,10.9801,0.2597,907.1239
4650.3,0.0,0.0000,629.3410,4650.1000,1574.4000,4650.1092,5.3795,109.9121,0.0328,-134.5480,0.1626,0.4065,6.8825,0.1525,709.0091
4650.3,3776.27,1000000000,0,874.3000,1574.4000,0,0,0,0,0,0,0,0,0,0
4650.3,3676.092,1000000000.0000,0.0000,974.4000,1574.4000,0.0000,0.0000,0.0000,0.0000,0.0000,0.0000,0.0000,0.0000,0.0000,0.0000
4650.3,3661.527,0.0000,317.0186,989.0000,1574.4000,990.6979,3.0325,98.2716,2.5428,-2336.5203,0.4170,1.2117,27.8021,4.4250,4380.4240
4650.3,3307.872,1000000000.0000,0.0000,1342.8000,1922.8000,0.0000,0.0000,0.0000,0.0000,0.0000,0.0000,0.0000,0.0000,0.0000,0.0000
4650.3,3301.36,0.0000,618.6864,1349.4000,1922.8000,1343.4311,11.6755,49.8746,0.3006,-384.5839,2.0607,6.3777,19.2471,0.7614,1034.5190
4650.3,3044.292,1000000000,0,1606.1000,1922.8000,0,0,0,0,0,0,0,0,0,0
4650.3,4479.9,1000000000.0000,0.0000,171.3000,1922.8000,0.0000,0.0000,0.0000,0.0000,0.0000,0.0000,0.0000,0.0000,0.0000,0.0000
4650.3,2656.509,1000000000,0,1992.8000,1922.8000,0,0,0,0,0,0,0,0,0,0
4650.3,2283.119,0.0000,60.6910,2367.6000,1922.8000,2366.5646,2.5190,22.6362,-0.1796,438.3723,0.7893,1.9027,14.5699,0.2227,527.2123
4650.3,1883.516,1000000000,0,2767.2000,1922.8,0,0,0,0,0,0,0,0,0,0
4650.3,1157.0208,1000000000,0,3493.4000,1922.8000,0,0,0,0,0,0,0,0,0,0
4650.3,0.0,0.0000,131.8602,4650.1000,1922.8000,4650.2961,5.7282,21.6269,0.1584,-726.7582,0.7841,1.9692,6.1363,0.1402,652.0264
4650.3,3776.27,1000000000.0000,0.0000,874.3000,1922.8000,0.0000,0.0000,0.0000,0.0000,0.0000,0.0000,0.0000,0.0000,0.0000,0.0000
4650.3,3676.092,1000000000,0,974.4000,1922.8000,0,0,0,0,0,0,0,0,0,0
4650.3,3661.527,0.0000,147.5180,989.0000,1922.8000,990.2608,1.7706,78.2853,2.2720,-2170.2984,0.8359,2.3634,74.6820,12.8413,12683.1524
4650.3,3307.872,10000000000,0,1342.8000,3052.4000,0,0,0,0,0,0,0,0,0,0
4650.3,3301.36,1000000000,0,1349.4000,3052.4000,0,0,0,0,0,0,0,0,0,0
4650.3,3044.292,1000000000,0,1606.1000,3052.4000,0,0,0,0,0,0,0,0,0,0
4650.3,4479.9,100000000,0,171.3000,3052.4000,0,0,0,0,0,0,0,0,0,0
4650.3,2656.509,0.0000,0.0000,1992.8000,3052.4000,1900.4364,3.6244,4.9027,-0.9530,2025.7731,0.0000,0.0000,0.0000,0.6127,1220.4751
4650.3,2283.119,0.0000,51.8446,2367.6000,3052.4000,2369.4819,2.5322,19.2355,-0.2739,713.7317,1.4459,3.4909,22.5742,0.3471,821.4565
4650.3,1883.516,100000000,0,2767.2000,3052.4000,0,0,0,0,0,0,0,0,0,0
4650.3,1157.0208,0.0000,1870.2007,3493.4000,3052.4000,3493.8299,3.7201,472.3175,1.6404,-5682.7174,0.1181,0.2896,30.9592,0.5728,2000.8060
4650.3,0.0,1000000000.0000,0.0000,4650.1000,3052.4000,0.0000,0.0000,0.0000,0.0000,0.0000,0.0000,0.0000,0.0000,0.0000,0.0000
4650.3,3776.27,0.0000,0.0000,874.3000,3052.4000,816.5927,5.1953,201.4575,-0.9991,1510.2367,0.0000,0.0000,0.0000,4.5916,4013.3712
4650.3,3676.092,1000000000.0000,0.0000,974.4000,3052.4000,0.0000,0.0000,0.0000,0.0000,0.0000,0.0000,0.0000,0.0000,0.0000,0.0000
4650.3,3661.527,1000000000,0,989.0000,3052.4000,0,0,0,0,0,0,0,0,0,0
4650.3,3307.872,0.0000,0.0000,1342.8000,6480.2000,1833.3025,105.5591,38.5935,7.7777,-10162.9937,0.0000,0.0000,0.0000,5.7901,7770.6043
4650.3,3301.36,0.0000,5427.1897,1349.4000,6480.2000,1349.3182,2.7270,1869.7754,-1.4028,2030.6482,0.0388,0.0939,54.7069,0.8688,1172.0418
4650.3,3044.292,0.0000,254.8185,1606.1000,6480.2000,1605.9288,2.7013,88.6244,-0.2455,477.5942,0.1881,0.4560,12.7038,0.2008,322.4175
4650.3,4479.9,0.0000,811.3607,171.3000,6480.2000,171.3478,2.0623,370.0729,5.6745,-283.0528,0.1798,0.4829,69.4296,2.7911,447.7372
4650.3,2656.509,0.0000,19883.9738,1992.8000,6480.2000,1993.7462,3.0095,6207.4796,-0.3278,726.3421,0.0102,0.0249,43.5277,0.7269,1447.8466
4650.3,2283.119,0.0000,896.6098,2367.6000,6480.2000,2367.6461,3.9506,213.2281,-0.0173,80.2696,0.0662,0.1628,7.3833,0.1407,332.9309
4650.3,1883.516,0.0000,1972.2842,2767.2000,6480.2000,2767.2463,3.5497,522.0054,0.0391,-78.9781,0.0246,0.0602,7.4630,0.1349,373.2075
4650.3,1157.0208,0.0000,4778.6444,3493.4000,6480.2000,3493.4540,4.1173,1090.4242,-0.1656,602.3475,0.0244,0.0600,13.3346,0.2592,905.3262
4650.3,0.0,0.0000,17954.2049,4650.1000,6480.2000,4650.3081,4.8652,3467.0772,-0.9392,4393.8116,0.0283,0.0703,41.7371,0.8803,4093.2256
4650.3,3776.27,0.0000,1861.6725,874.3000,6480.2000,874.2265,2.6701,655.0417,0.8414,-453.4965,0.0589,0.1427,29.7537,0.4676,408.6978
4650.3,3676.092,0.0000,3388.4454,974.4000,6480.2000,974.4283,2.6288,1210.9903,1.4929,-1176.2352,0.0406,0.0981,38.4375,0.5997,584.1509
4650.3,3661.527,0.0000,485.8386,989.0000,6480.2000,988.9108,2.5253,180.7526,-4.1872,4393.6498,0.1516,0.3764,22.4680,0.8374,828.2846
4650.3,3301.36,0.0000,918.9558,1349.4000,898.0000,1349.0018,3.4651,249.1643,-0.8051,1272.2972,0.2502,0.6222,37.2364,1.1317,1526.7332
4650.3,3044.292,1000000000.0000,0.0000,1606.1000,898.0000,0.0000,0.0000,0.0000,0.0000,0.0000,0.0000,0.0000,0.0000,0.0000,0.0000
4650.3,2656.509,0.0000,611.7562,1992.8000,898.0000,1993.7207,1.7601,326.5508,-1.9753,4097.4941,0.1337,0.3091,49.4171,0.6380,1270.8692
4650.3,2283.119,0.0000,384.7972,2367.6000,898.0000,2365.3404,4.4852,80.6022,-0.7309,1851.7430,0.7099,1.7581,26.3954,0.5365,1270.3016
4650.3,1883.516,1000000000,0,2767.2000,898.0000,0,0,0,0,0,0,0,0,0,0
4650.3,1157.0208,0.0000,910.1173,3493.4000,898.0000,3491.9031,5.2057,164.2555,0.5616,-1892.3112,0.3268,0.8160,21.3632,0.4665,1629.5904
4650.3,0.0,0.0000,500.6300,4650.1000,898.0000,4650.1736,3.4121,137.8464,-0.2165,1043.9629,0.2024,0.4942,16.8617,0.2989,1389.8084
4650.3,3776.27,3.0000,676.8363,874.3000,898.0000,874.8809,1.8990,334.8641,2.3998,-1006.8232,1.4442,4.2610,543.8105,79.2419,69351.6725
4650.3,3661.527,0.0000,1164.5203,989.0000,898.0000,987.5298,3.3367,328.1591,13.0665,-12564.2581,0.3810,1.1376,80.0278,9.9551,9791.4257
4690.0,1157.0208,0.0000,8125.9079,3532.9000,6441.1000,3532.6678,4.0782,1872.0154,0.0967,-336.9881,0.0260,0.0640,24.6774,0.4775,1686.5849
4779.32,2283.119,0.0000,749.2576,2495.8000,6351.7900,2495.6408,4.9490,142.2368,0.7647,-1904.8074,0.2149,0.5347,12.7881,0.2721,678.8054
4779.32,1157.0208,0.0000,4447.1136,3621.3000,6351.7900,3621.4392,4.6502,898.4878,-0.2528,923.8602,0.0416,0.1032,16.6432,0.3434,1243.3036
4803.6,3661.527,1000000000,0,1141.1000,2292.7000,0,0,0,0,0,0,0,0,0,0
4803.6,3307.872,0.0000,388.3195,1494.6000,2292.7000,1499.2270,5.1441,70.9216,0.2945,-402.4302,0.7264,1.8443,20.8705,0.4696,700.6436
4803.6,2656.509,0.0000,6326.7085,2145.5200,2292.7000,2143.8698,3.2072,1853.3267,-0.7054,1535.7965,0.0200,0.0488,23.8457,0.4104,880.4470
4803.6,2283.119,0.0000,78.2320,2519.3000,2292.7000,2518.8373,1.2485,58.8697,-0.4451,1128.8015,0.0437,0.1594,5.8878,0.3181,800.7776
4803.6,1883.516,0.0000,71.5951,2919.1000,2292.7000,2918.4178,1.8670,36.0275,-0.3888,1153.3738,0.4345,0.9365,16.2140,0.2219,647.6064
4803.6,1157.0208,0.0000,215.6485,3647.2000,2292.7000,3645.4027,2.2775,88.9590,-0.0213,87.0454,0.1380,0.3288,11.0185,0.1610,587.1601
4803.6,0.0,1000000000.0000,0.0000,4801.7000,2292.7000,0.0000,0.0000,0.0000,0.0000,0.0000,0.0000,0.0000,0.0000,0.0000,0.0000
4803.6,3661.527,0.0000,578.4570,1141.1000,6328.3000,1141.2486,2.5942,209.4929,-0.2108,300.3094,0.0904,0.2263,15.1323,0.6649,757.6603
4803.6,3307.872,0.0000,1691.474,1494.6000,6328.3000,1494.567,3.0107,527.7956,0,0,0.0548581,0.1355802,20.77551,0,0
4803.6,2283.119,0.0000,789.0693,2519.3000,6328.3000,2519.3453,2.8579,259.3964,-2.6116,6633.6877,0.4171,1.0120,77.9365,1.2665,3190.3938
4803.6,1883.516,0.0000,535.5850,2919.1000,6328.3000,2919.1981,3.0293,166.1092,0.0476,-120.8313,0.1005,0.2444,11.3555,0.1899,554.2350
4803.6,1157.0208,0.0000,7715.5592,3647.2000,6328.3000,3645.3899,4.1708,1737.9826,-0.7016,2595.8043,0.0405,0.0999,34.8884,0.6841,2495.2092
4803.6,0.0,0.0000,197.6092,4801.7000,6328.3000,4801.6512,5.1537,36.0235,0.0605,-290.1896,0.1041,0.2595,1.5063,0.0327,156.9556
4803.6,3661.527,0.0000,342.4182,1141.1000,972.6000,1140.9487,2.1538,149.3664,-2.1837,2649.1992,0.2354,0.6011,34.2348,1.3535,1542.5984
4803.6,3307.872,1000000000.0000,0.0000,1494.6000,972.6000,0.0000,0.0000,0.0000,0.0000,0.0000,0.0000,0.0000,0.0000,0.0000,0.0000
4803.6,2656.509,-2.0000,967.8199,2145.5200,972.6000,2144.0156,4.6887,207.8419,-2.4948,5409.9475,0.3071,1.0713,39.2464,2.6318,5610.6315
4803.6,2283.119,0.0000,5823.7644,2519.3000,972.6000,2519.0177,3.3314,1642.4041,-1.0130,2623.0300,0.0393,0.0959,39.9408,0.6997,1762.5705
4803.6,1157.0208,0.0000,2227.1638,3647.2000,972.6000,3645.4510,4.5532,459.5535,-0.2924,1103.1025,0.0933,0.2311,19.4760,0.3987,1454.1987
4833.519,2656.509,0.0000,196.1531,2176.0000,6297.6000,2176.4459,4.6714,39.4505,-0.1561,342.4436,0.2896,0.7180,5.0606,0.1046,227.6872
4833.519,2283.119,0.0000,1588.9957,2549.2000,6297.6000,2549.2253,3.7890,394.0061,0.0494,-126.3817,0.0347,0.0851,7.4446,0.1389,354.0880
4833.519,1157.0208,0.0000,418.6422,3675.7000,6297.6000,3675.8560,5.2417,75.0370,-0.1137,420.1938,0.0954,0.2382,2.8290,0.0619,227.6146
4884.02,3661.527,0.0000,978.0424,1222.5000,1050.9000,1222.9345,3.2513,282.6670,0.0203,221.6857,0.1918,0.5553,36.5446,1.7371,2142.0933
4884.02,3307.872,0.0000,1028.5253,1575.9000,1050.9000,1576.2028,2.5401,380.4263,-0.6517,1259.4394,0.1254,0.3035,38.6341,0.5928,933.5083
4884.02,3044.292,1000000000,0.0000,1839.2000,1050.9000,0,0,0,0,0,0,0,0,0,0
4884.02,1157.0208,10000000000,0,3726.6000,1050.9000,0,0,0,0,0,0,0,0,0,0
4884.02,3661.527,0.0000,1881.6835,1222.5000,6247.2000,1222.2973,2.7163,650.8436,0.1375,-158.9148,0.0249,0.0604,12.2953,0.1949,238.1498
4884.02,3357.29,0.0000,144.7172,1524.2000,6247.2000,1523.5347,4.7779,28.4565,0.0549,-81.1059,0.4748,1.1786,5.8523,0.1224,186.5038
4884.02,3307.872,0.0000,523.6910,1575.9000,6247.2000,1575.8252,3.2013,153.6901,-0.0644,105.9168,0.1132,0.2757,11.1981,0.1925,303.1231
4884.02,3301.36,0.0000,143.4767,1582.8000,6247.2000,1582.2754,2.3962,56.2902,0.0233,-39.8751,0.1984,0.5633,10.2031,0.4482,714.0417
4884.02,3044.292,0.0000,149.2609,1839.2000,6247.2000,1839.2668,2.2862,61.3384,-0.0613,111.6687,0.1627,0.3917,8.9649,0.1306,240.1693
4884.02,1157.0208,0.0000,615.2230,3726.6000,6247.2000,3724.4946,5.8715,98.4423,-0.2305,856.5930,0.1422,0.3584,4.9454,0.1148,427.8162
4904.58,3711.96,0.0000,442.0143,1193.7000,1672.9000,1193.3472,3.2332,129.3981,1.3731,-1618.1687,0.2559,0.9363,26.8624,3.6854,4421.7682
4904.58,3676.092,0.0000,483.0721,1229.2000,1672.9000,1229.0948,2.2125,205.1259,0.6839,-805.4949,0.1376,0.3378,26.4365,0.3762,462.4287
4904.58,3357.29,10000000000,0,1546.0000,1672.9000,0,0,0,0,0,0,0,0,0,0
4904.58,3307.872,100000000,0,1597.3000,1672.9000,0,0,0,0,0,0,0,0,0,0
4904.58,3301.36,0.0000,56.0799,1603.7000,1672.9000,1605.4281,1.4972,35.1915,0.4627,-705.1402,0.6471,1.0956,23.8221,0.3180,509.7628
4904.58,3044.292,1000000000,0,1860.8000,1672.9000,0,0,0,0,0,0,0,0,0,0
4904.58,2656.509,0.0000,1837.9573,2248.2000,1672.9000,2248.5702,3.5320,488.8990,-0.2856,657.2236,0.0556,0.1359,15.8735,0.2862,643.4369
4904.58,1157.0208,0.0000,1510.0564,3747.2000,1672.9000,3748.2663,4.3812,323.8193,-0.6437,2429.4961,0.0743,0.1836,11.3536,0.2278,853.6428
4904.58,3711.96,1000000000.0000,0.0000,1193.7000,2015.5000,0.0000,0.0000,0.0000,0.0000,0.0000,0.0000,0.0000,0.0000,0.0000,0.0000
4904.58,3676.092,1000000000,0,1229.2000,2015.5000,0,0,0,0,0,0,0,0,0,0
4904.58,3357.29,100000000,0,1546.0000,2015.5000,0,0,0,0,0,0,0,0,0,0
4904.58,3307.872,1000000000.0000,0.0000,1597.3000,2015.5000,0.0000,0.0000,0.0000,0.0000,0.0000,0.0000,0.0000,0.0000,0.0000,0.0000
4904.58,3301.36,1000000000.0000,0.0000,1603.7000,2015.5000,0.0000,0.0000,0.0000,0.0000,0.0000,0.0000,0.0000,0.0000,0.0000,0.0000
4904.58,3044.292,0.0000,0.0000,1860.8000,2015.5000,5.4839,633.7767,0.0662,-1.4511,2692.2691,0.0000,0.0000,0.0000,0.5555,1033.2698
4904.58,2656.509,0.0000,417.2825,2248.2000,2015.5000,2247.0328,5.9168,66.2593,-0.4281,960.9126,0.7742,1.9503,17.9804,0.4181,940.0189
4904.58,1157.0208,0.0000,137.9994,3747.2000,2015.5000,3748.0461,3.9885,32.8273,1.2157,-4535.2509,0.8611,2.8021,17.5419,0.9701,3623.5605
4904.58,3711.96,0.0000,155.7306,1193.7000,2190.3000,1194.0171,2.1500,68.0520,-2.0841,2557.2777,0.3649,1.0197,24.3903,2.8722,3435.0691
4904.58,3676.092,0.0000,279.1622,1229.2000,2190.3000,1228.8457,4.1306,63.4959,-0.4020,573.6979,0.5959,1.4676,18.9281,0.3684,452.8440
4904.58,3357.29,0.0000,398.2053,1546.0000,2190.3000,1539.6954,7.1258,52.5018,0.0104,50.8836,0.7666,2.0645,11.9265,0.3337,517.3413
4904.58,3307.872,1.0000,160.9421,1597.3000,2190.3000,1593.0560,1.2381,122.1266,-0.1145,250.0749,0.1392,1.1015,99.0192,0.2761,440.9867
4904.58,3301.36,0.0000,26.1966,1603.7000,2190.3000,1612.2923,3.1793,7.7412,0.0277,24.7973,4.4225,11.1002,22.4263,0.4101,656.5979
4904.58,3044.292,100000000,0,1860.8000,2190.3000,0,0,0,0,0,0,0,0,0,0
4904.58,2656.509,0.0000,753.6680,2248.2000,2190.3000,2248.6899,3.2556,217.4971,0.6277,-1373.1402,0.1229,0.2996,16.9251,0.2933,659.2553
4904.58,1157.0208,0.0000,1249.9920,3747.2000,2190.3000,3746.9019,10.5118,111.7206,0.3273,-1210.0525,0.4905,1.3223,10.7634,0.3345,1253.3989
4904.58,3711.96,1000000000,0,1193.7000,2248.5000,0,0,0,0,0,0,0,0,0,0
4904.58,3676.092,0.0000,136.8071,1229.2000,2248.5000,1233.8046,2.4011,53.5295,0.2074,-42.8037,0.9351,2.2743,42.9740,0.6483,796.2634
4904.58,3357.29,1000000000.0000,0.0000,1546.0000,2248.5000,0.0000,0.0000,0.0000,0.0000,0.0000,0.0000,0.0000,0.0000,0.0000,0.0000
4904.58,3307.872,-1.0000,7.0955,1597.3000,2248.5000,1596.5061,0.7470,8.9235,-0.0351,132.4861,41.0817,31.5344,42.4938,0.4893,781.5334
4904.58,3301.36,1000000000.0000,0.0000,1603.7000,2248.5000,0.0000,0.0000,0.0000,0.0000,0.0000,0.0000,0.0000,0.0000,0.0000,0.0000
4904.58,3044.292,0.0000,307.5908,1860.8000,2248.5000,1858.5133,4.5624,63.3400,0.3827,-655.2377,0.7013,1.7380,20.1454,0.4127,767.8617
4904.58,2656.509,0.0000,242.1630,2248.2000,2248.5000,2251.0052,7.9923,28.4668,0.3767,-787.2444,1.7697,4.6402,13.1301,0.3629,814.8542
4904.58,1157.0208,0.0000,399.5097,3747.2000,2248.5000,3746.1950,6.9417,54.0708,0.4047,-1498.7466,0.6009,1.5340,9.7147,0.2444,915.9848
4904.58,3711.96,100000000,0,1193.7000,3052.3000,0,0,0,0,0,0,0,0,0,0
4904.58,3676.092,0.0000,490.8006,1229.2000,3052.3000,1228.4553,3.7438,123.1677,-0.0996,257.1887,0.3644,0.8934,24.7483,0.4592,564.4364
4904.58,3357.29,100000000,0,1546.0000,3052.3000,0,0,0,0,0,0,0,0,0,0
4904.58,3307.872,100000000,0,1597.3000,3052.3000,0,0,0,0,0,0,0,0,0,0
4904.58,3301.36,0.0000,255.1472,1603.7000,3052.3000,1588.5086,2.6044,92.0416,1.3888,-2105.6199,0.4496,1.1580,33.4264,0.5943,954.1899
4904.58,3044.292,-1.0000,106.4203,1860.8000,3052.3000,1852.5977,1.1831,84.5103,-0.0584,240.2158,0.5023,0.6969,36.6350,0.4405,819.6119
4904.58,2656.509,0.0000,1280.6982,2248.2000,3052.3000,2250.3853,4.5364,265.2357,-0.8034,1886.0216,0.1924,0.4775,23.2879,0.4776,1073.2903
4904.58,1157.0208,0.0000,773.2457,3747.2000,3052.3000,3747.1225,6.0764,119.5563,-0.0756,304.4090,0.2123,0.5355,8.6622,0.2038,763.4795
4904.58,3711.96,0.0000,83.0809,1193.7000,3409.1000,1191.4632,2.0590,37.9096,0.3217,-363.5063,0.7731,1.7689,28.5212,0.4016,479.2714
4904.58,3676.092,0.0000,83.7485,1229.2000,3409.1000,1229.2661,1.9903,39.5324,-0.1799,256.5459,0.7447,1.7762,30.2204,0.4118,506.1561
4904.58,3357.29,1000000000,0,1546.0000,3409.1000,0,0,0,0,0,0,0,0,0,0
4904.58,3307.872,0.0000,137.5865,1597.3000,3409.1000,1595.1631,4.7720,27.0881,0.2331,-366.2278,1.2208,3.0354,14.3495,0.3010,480.8703
4904.58,3301.36,1000000000,0.0000,1603.7000,3409.1000,0,0,0,0,0,0,0,0,0,0
4904.58,3044.292,0.0000,250.3922,1860.8000,3409.1000,1873.6509,3.9795,59.1202,-0.3028,575.5370,0.6069,1.6755,19.4520,0.4610,855.6238
4904.58,2656.509,0.0000,206.8317,2248.2000,3409.1000,2247.9661,3.1897,60.9219,-0.8223,1858.9273,0.5283,1.2867,20.7936,0.3566,801.6287
4904.58,1157.0208,0.0000,180.5074,3747.2000,3409.1000,3748.6750,5.1540,32.9043,-0.1356,510.0039,0.6239,1.5582,8.2529,0.1797,673.2257
4904.58,3711.96,0.0000,1013.2843,1193.7000,6226.7000,1193.7240,3.3391,285.0995,-1.1014,1357.1967,0.1520,0.3709,26.7566,0.4695,560.0165
4904.58,3676.092,0.0000,2013.9892,1229.2000,6226.7000,1229.2280,2.9892,632.9995,0.1345,-97.2166,0.0415,0.1009,18.1057,0.3008,369.6542
4904.58,3357.29,0.0000,1693.8515,1546.0000,6226.7000,1546.3250,5.6254,282.8934,-0.5978,950.0256,0.1467,0.3679,15.2891,0.3463,535.3295
4904.58,3307.872,0.0000,991.0850,1597.3000,6226.7000,1597.4050,2.8313,328.8657,0.0361,-13.8991,0.1104,0.2678,26.3995,0.4271,682.0338
4904.58,3301.36,0.0000,950.4649,1603.7000,6226.7000,1597.4159,2.7548,324.1530,-0.7844,1303.1317,0.1026,0.2506,24.9093,0.4053,650.0600
4904.58,3044.292,0.0000,344.7893,1860.8000,6226.7000,1860.9091,3.2364,100.0895,0.5291,-940.6979,0.2051,0.5000,13.0761,0.2260,420.2976
4904.58,2656.509,0.0000,7603.0738,2248.2000,6226.7000,2248.4885,3.6428,1960.9131,-0.4160,972.6037,0.0318,0.0780,35.3726,0.6475,1455.6138
4904.58,1157.0208,0.0000,9649.4032,3747.2000,6226.7000,3747.4473,5.6953,1591.7828,-0.7325,2751.3615,0.0545,0.1367,31.5501,0.7190,2694.1414
4930.74,3913.8,0.0000,3912.8180,1016.9000,1064.1000,1016.8741,2.3881,1539.3482,-0.1624,280.1462,0.0564,0.1412,75.6212,1.9981,2044.5774
4930.74,3711.96,0.0000,721.3611,1218.8000,1064.1000,1218.6951,2.1418,316.4268,2.0744,-2462.4575,0.1765,0.4201,53.2696,0.7541,918.5052
4930.74,1157.0208,1000000000.0000,0.0000,3775.8000,1064.1000,0.0000,0.0000,0.0000,0.0000,0.0000,0.0000,0.0000,0.0000,0.0000,0.0000
4930.74,3913.8,0.0000,764.6300,1016.9000,6199.9000,1016.8698,2.3575,304.7262,-1.1442,1186.8362,0.0777,0.1947,20.9038,0.5483,561.0900
4930.74,3711.96,0.0000,229.9617,1218.8000,6199.9000,1218.6307,2.8990,74.5251,-1.3141,1620.6913,0.2572,0.6679,13.7792,0.9101,1111.1999
4930.74,1157.0208,0.0000,771.6292,3775.8000,6199.9000,3775.9160,4.2739,169.6225,0.0345,-128.7475,0.0696,0.1717,5.7090,0.1131,426.8859
5005.69,3357.29,0.0000,468.8929,1648.1000,1219.7000,1648.3089,1.9108,230.5528,-0.7654,1334.1528,0.1311,0.3028,31.7332,0.4284,706.0420
5005.69,3044.292,0.0000,120.4476,1961.0000,1219.7000,1960.5647,3.6419,31.0719,-0.1658,381.2818,1.5032,3.6808,26.4652,0.4844,949.9937
5005.69,2283.119,0.0000,480.3971,2722.4000,1219.7000,2723.1068,3.1188,144.7152,0.0557,-111.7033,0.2860,0.6963,27.3473,0.4642,1263.5494
5005.69,1157.0208,0.0000,136.9963,3848.9000,1219.7000,3859.7160,2.8453,45.2365,-0.3182,1234.4733,0.3792,0.9611,12.6055,0.2246,863.7859
5005.69,3357.29,0.0000,215.9665,1648.1000,1567.6000,1648.1391,2.1698,93.5108,-0.4422,748.1570,0.4195,1.0295,37.4685,0.5281,870.3728
5005.69,3044.292,10000000000,0,1961.0000,1567.6000,0,0,0,0,0,0,0,0,0,0
5005.69,2283.119,0.0000,338.4968,2722.4000,1567.6000,2722.5913,4.6092,68.9967,0.3178,-859.8814,0.5003,1.2394,15.4933,0.3183,866.4166
5005.69,1157.0208,0.0000,40.1109,3848.9000,1567.6000,3847.9565,2.0347,18.5205,-0.0574,225.3521,0.8123,2.0760,15.6594,0.2104,809.6595
5005.69,3357.29,0.0000,2107.1932,1648.1000,1916.2000,1648.2285,2.6535,746.0814,-1.3513,2260.8035,0.0583,0.1412,33.7272,0.5284,870.8213
5005.69,3044.292,1000000000,0,1961.0000,1916.2000,0,0,0,0,0,0,0,0,0,0
5005.69,2283.119,0.0000,2201.4929,2722.4000,1916.2000,2722.6416,3.5619,580.6778,0.0743,-184.0127,0.0689,0.1685,23.1686,0.4196,1141.9620
5005.69,1157.0208,0.0000,93.7607,3848.9000,1916.2000,3845.6271,2.7297,32.2703,-0.4816,1865.4318,0.5070,1.2296,12.3374,0.1967,756.9529
5005.69,3357.29,0.0000,799.7083,1648.1000,2248.7000,1648.3613,2.6753,280.8423,-1.4041,2401.7082,0.1369,0.3313,29.5587,0.4651,766.4640
5005.69,3044.292,0.0000,686.0892,1961.0000,2248.7000,1959.5709,4.4745,144.0587,0.4749,-874.1187,0.2069,0.5122,13.7806,0.2796,548.3765
5005.69,2283.119,0.0000,1023.2212,2722.4000,2248.7000,2722.7575,3.7401,257.0341,-0.0199,98.8853,0.1273,0.3121,18.0585,0.3350,911.7557
5005.69,1157.0208,0.0000,49.7707,3848.9000,2248.7000,3847.4324,4.3344,10.7880,0.1388,-507.4668,1.3638,3.3671,7.0172,0.1399,538.3309
5005.69,3357.29,0.0000,404.0853,1648.1000,2405.0000,1647.7733,4.3424,87.4275,-0.0120,42.9722,0.5622,1.3879,23.3988,0.4668,769.2649
5005.69,3044.292,10000000000,0,1961.0000,2405.0000,0,0,0,0,0,0,0,0,0,0
5005.69,2283.119,0.0000,370.1120,2722.4000,2405.0000,2722.5960,5.4731,63.5333,-0.1147,323.0812,0.5228,1.3090,12.5754,0.2811,765.1112
5005.69,1157.0208,1000000000.0000,0.0000,3848.9000,2405.0000,0.0000,0.0000,0.0000,0.0000,0.0000,0.0000,0.0000,0.0000,0.0000,0.0000
5005.69,3357.29,0.0000,595.4843,1648.1000,2451.8000,1646.0370,4.9096,113.9537,0.7204,-1166.0666,0.3799,0.9464,18.2641,0.3887,640.9655
5005.69,3044.292,10000000000,0,1961.0000,2451.8000,0,0,0,0,0,0,0,0,0,0
5005.69,2283.119,0.0000,216.9879,2722.4000,2451.8000,2721.3876,3.7110,54.9350,-0.0233,79.7175,0.5775,1.4152,17.6441,0.3260,887.3969
5005.69,1157.0208,1000000000,0.0000,3848.9000,2451.8000,0,0,0,0,0,0,0,0,0,0
5005.69,3357.29,1000000000.0000,0.0000,1648.1000,496.4000,0.0000,0.0000,0.0000,0.0000,0.0000,0.0000,0.0000,0.0000,0.0000,0.0000
5005.69,1157.0208,0.0000,440.5161,3848.9000,496.4000,3847.1666,2.6210,157.9034,0.0299,-101.7496,0.3556,0.8614,44.0902,0.6867,2642.6453
5005.69,3357.29,0.0000,53260.0548,1648.1000,6125.3000,1648.2338,2.9304,17075.5008,-2.7647,4714.8811,0.0090,0.0218,107.8880,1.7748,2924.9549
5005.69,3044.292,0.0000,1968.3978,1961.0000,6125.3000,1961.0366,2.9732,622.0090,-3.0137,6070.3902,0.1452,0.3528,62.5549,1.0364,2032.3527
5005.69,2283.119,0.0000,53932.1362,2722.4000,6125.3000,2722.6116,3.6371,13931.2363,-2.0659,5706.0961,0.0190,0.0465,150.2221,2.7482,7480.3458
5005.69,1157.0208,0.0000,4092.9922,3848.9000,6125.3000,3848.3708,4.8111,799.2764,0.1543,-578.1213,0.0623,0.1548,21.4320,0.4496,1729.9156
5005.69,3357.29,0.0000,3684.9504,1648.1000,727.2000,1648.2473,2.6434,1309.7105,-5.0827,8621.8957,0.1431,0.3463,145.8350,2.2806,3758.4781
5005.69,2283.119,0.0000,4045.5114,2722.4000,727.2000,2722.6397,3.7003,1027.1504,0.5076,-1265.3969,0.1064,0.2608,60.9863,1.1252,3062.6621
5025.73,3776.27,0.0000,340.2667,1250.2000,1538.6000,1260.0377,8.0270,39.8952,-0.3107,738.2954,2.4343,7.8924,27.9903,1.0518,1306.5122
5025.73,3307.872,1.0000,306.5482,1718.3000,1538.6000,1718.1131,1.2920,222.9123,-2.0929,3880.0061,0.4774,2.2102,320.5322,1.4557,2500.8915
5025.73,3044.292,0.0000,490.9895,1981.9000,1538.6000,1992.5454,3.3814,136.4185,-1.0766,2281.4110,0.3137,0.8093,26.6121,0.5268,1042.1222
5025.73,2656.509,-2.0000,673.1506,2369.8000,1538.6000,2369.7372,4.3631,194.0483,-32.8470,77772.0813,0.5247,1.4049,139.0190,26.7319,63209.6531
5025.73,2283.119,10000000000,0,2743.4000,1538.6000,0,0,0,0,0,0,0,0,0,0
5025.73,1157.0208,0.0000,1360.1131,3868.5600,1538.6000,3870.5451,7.0646,180.8792,0.1118,-362.3327,0.2925,0.7528,15.5768,0.4004,1548.1048
5025.73,0.0,0.0000,87.5589,5025.4000,1538.6000,5026.7635,4.2703,19.2637,-0.2583,1332.9601,1.2577,3.1069,11.7326,0.2329,1170.0193
5025.73,4358.44,1000000000.0000,0.0000,667.9000,1538.6000,0.0000,0.0000,0.0000,0.0000,0.0000,0.0000,0.0000,0.0000,0.0000,0.0000
5025.73,3776.27,1000000000,0,1250.2000,1547.2000,0,0,0,0,0,0,0,0,0,0
5025.73,3307.872,0.0000,470.8774,1718.3000,1547.2000,1718.7994,2.8666,154.3256,0.1238,-194.2388,0.2242,0.5441,24.8485,0.4045,694.9356
5025.73,3044.292,0.0000,135.9886,1981.9000,1547.2000,1981.6612,2.3904,53.4574,1.5627,-3079.1119,0.3014,0.8412,13.8745,2.3750,4708.9914
5025.73,2656.509,100000000,0.0000,2369.8000,1547.2000,0,0,0,0,0,0,0,0,0,0
5025.73,2283.119,1000000000.0000,0.0000,2743.4000,1547.2000,0.0000,0.0000,0.0000,0.0000,0.0000,0.0000,0.0000,0.0000,0.0000,0.0000
5025.73,1157.0208,0.0000,568.2128,3868.5600,1547.2000,3869.5977,4.3734,122.0646,-0.0142,69.3466,0.2276,0.5629,13.1400,0.2637,1019.9791
5025.73,0.0,10000000000,0,5025.4000,1547.2000,0,0,0,0,0,0,0,0,0,0
5025.73,4358.44,100000000,0,667.9000,1547.2000,0,0,0,0,0,0,0,0,0,0
5025.73,3776.27,0.0000,127.1540,1250.2000,2675.9000,1246.3555,6.2111,19.2337,-0.4375,557.4256,1.8588,4.7527,11.9859,0.2918,365.3905
5025.73,3307.872,0.0000,127.3802,1718.3000,2675.9000,1717.8331,2.5217,47.4584,0.0666,-105.0634,0.5804,1.4052,22.4792,0.3433,589.8472
5025.73,3044.292,0.0000,159.2073,1981.9000,2675.9000,1980.9373,6.9629,21.4819,0.2912,-568.7024,1.4097,3.5971,9.0242,0.2271,449.8870
5025.73,2656.509,0.0000,21.4627,2369.8000,2675.9000,2371.4646,1.2233,16.4839,-0.0111,38.5957,1.0857,1.4073,15.0426,0.2010,476.1954
5025.73,2283.119,1000000000,0,2743.4000,2675.9000,0,0,0,0,0,0,0,0,0,0
5025.73,1157.0208,0.0000,346.3727,3868.5600,2675.9000,3872.7029,7.6232,42.6880,-0.0002,9.3519,0.6093,1.6177,7.1509,0.1993,770.2914
5025.73,0.0,1000000000,0,5025.4000,2675.9000,0,0,0,0,0,0,0,0,0,0
5025.73,4358.44,100000000,0,667.9000,2675.9000,0,0,0,0,0,0,0,0,0,0
5025.73,3776.27,0.0000,105.2307,1250.2000,2927.9000,1254.1652,1.7155,57.6321,0.2514,-304.4104,0.4144,1.1360,30.7426,0.3653,456.4373
5025.73,3307.872,0.0000,178.1301,1718.3000,2927.9000,1718.4175,2.2321,74.9767,-0.9799,1698.1412,0.4347,1.0295,29.7679,0.4309,740.2332
5025.73,3044.292,1000000000.0000,0.0000,1981.9000,2927.9000,0.0000,0.0000,0.0000,0.0000,0.0000,0.0000,0.0000,0.0000,0.0000,0.0000
5025.73,2656.509,1000000000,0,2369.8000,2927.9000,0,0,0,0,0,0,0,0,0,0
5025.73,2283.119,0.0000,186.9124,2743.4000,2927.9000,2747.4206,6.2811,27.9579,0.1930,-527.2914,1.4667,3.7773,13.6241,0.3377,925.3766
5025.73,1157.0208,0.0000,383.1724,3868.5600,2927.9000,3869.8923,3.2061,112.2856,0.0767,-292.3317,0.1887,0.4602,13.6245,0.2348,908.2782
5025.73,0.0,1000000000,0,5025.4000,2927.9000,0,0,0,0,0,0,0,0,0,0
5025.73,4358.44,100000000,0,667.9000,2927.9000,0,0,0,0,0,0,0,0,0,0
5025.73,3776.27,0.0000,764.8399,1250.2000,6103.4500,1250.0159,2.7759,258.8650,0.3388,-355.5796,0.0929,0.2252,17.8279,0.2855,356.9404
5025.73,3307.872,0.0000,5371.3937,1718.3000,6103.4500,1718.3926,3.0045,1679.6409,0.4975,-754.4649,0.0319,0.0776,36.7706,0.6124,1052.1121
5025.73,3044.292,0.0000,886.0932,1981.9000,6103.4500,1981.8561,3.0815,270.1613,-1.4492,2904.4732,0.1571,0.3823,28.3773,0.4787,948.2645
5025.73,2656.509,0.0000,284.3557,2369.8000,6103.4500,2370.0336,3.7121,71.9685,0.0251,-47.7638,0.1789,0.4385,7.1590,0.1324,313.5441
5025.73,2283.119,0.0000,1392.4879,2743.4000,6103.4500,2743.4133,3.7855,345.5967,0.2156,-581.0178,0.0936,0.2297,17.6485,0.3292,902.9720
5025.73,1157.0208,0.0000,7027.7931,3868.5600,6103.4500,3869.3793,4.3004,1535.3623,-3.5387,13755.4451,0.0976,0.2411,72.0664,1.4335,5544.1795
5025.73,0.0,0.0000,13.1617,5025.4000,6103.4500,5025.2087,2.2190,5.5726,-0.0020,10.9890,0.3477,0.8424,1.7984,0.0258,129.4054
5025.73,4358.44,0.0000,1152.8219,667.9000,6103.4500,667.8534,2.7292,396.8568,-2.2941,1759.8727,0.0931,0.2290,27.9755,0.7582,507.5596
5058.45,3044.292,0.0000,281.4503,2012.4000,6072.7000,2012.1550,3.2155,82.2343,-0.2049,411.5481,0.2283,0.5561,12.0313,0.2071,416.7792
5058.45,2283.119,0.0000,357.6674,2774.2000,6072.7000,2774.3409,4.1579,80.8170,-0.0188,54.7224,0.1309,0.3225,5.2586,0.1027,284.8772
5060.65,1157.0208,0.0000,1135.9325,3902.7000,6070.5000,3902.6887,4.5515,234.4784,0.0142,-53.6987,0.0508,0.1257,5.4116,0.1105,431.2119
5092.86,2656.509,0.0000,417.8245,2435.3000,6038.3000,2435.1457,3.6700,106.9624,-0.1623,416.1609,0.0881,0.2159,5.3013,0.0974,237.1288
5092.86,1157.0208,0.0000,1520.7815,3934.5000,6038.3000,3934.6152,4.4750,319.2842,-0.0274,112.5221,0.0515,0.1273,7.5922,0.1537,604.8193
5096.87,3922.71,0.0000,394.9550,1173.9000,1468.6000,1173.9244,1.6385,226.4616,0.6745,-727.1843,0.1057,0.3821,37.7237,1.5226,1780.6109
5096.87,3913.8,0.0000,3040.6751,1183.1000,1468.6000,1182.9592,2.5987,1099.3121,-2.2965,2772.4715,0.0512,0.1240,44.5686,0.6908,817.2557
5096.87,3711.96,10000000000,0,1384.4000,1468.6000,0,0,0,0,0,0,0,0,0,0
5096.87,3676.092,10000000000,0.0000,1420.2000,1468.6000,0,0,0,0,0,0,0,0,0,0
5096.87,3307.872,0.0000,681.7901,1788.5000,1468.6000,1788.6645,2.9838,214.6753,0.3512,-602.9775,0.1873,0.4552,27.7593,0.4609,823.9655
5096.87,3044.292,1000000000.0000,0.0000,2052.1000,1468.6000,0.0000,0.0000,0.0000,0.0000,0.0000,0.0000,0.0000,0.0000,0.0000,0.0000
5096.87,2283.119,1000000000.0000,0.0000,2814.2000,1468.6000,0.0000,0.0000,0.0000,0.0000,0.0000,0.0000,0.0000,0.0000,0.0000,0.0000
5096.87,4564.87,1000000000.0000,0.0000,532.1000,1468.6000,0.0000,0.0000,0.0000,0.0000,0.0000,0.0000,0.0000,0.0000,0.0000,0.0000
5096.87,4399.2,0.0000,469.7044,697.6000,1468.6000,697.6462,1.7352,254.3227,4.2629,-2934.9739,0.3726,0.7960,103.7917,2.7717,1933.3604
5096.87,4358.44,-2.0000,541.0946,738.0000,1468.6000,738.2634,1.9368,267.1191,-23.5383,17435.8117,0.0315,0.1264,13.2608,4.6188,3394.5314
5096.87,4196.1,0.0000,916.5639,900.8000,1468.6000,905.7452,9.2056,93.5552,-0.1846,252.5401,1.5588,4.4316,33.6585,1.1091,991.4574
5096.87,3922.71,-1.0000,468.7020,1173.9000,1715.7000,1173.7993,2.7015,167.6134,-4.7655,5600.8950,0.2413,0.8371,42.2362,4.5430,5298.8336
5096.87,3913.8,0.0000,1227.5421,1183.1000,1715.7000,1183.0577,2.8767,400.9057,-0.0503,118.8360,0.1193,0.2896,34.2378,0.5581,660.2700
5096.87,3711.96,1000000000,0,1384.4000,1715.7000,0,0,0,0,0,0,0,0,0,0
5096.87,3676.092,0.0000,956.9075,1420.2000,1715.7000,1428.8209,2.7064,332.1889,-0.3995,619.5123,0.1305,0.3229,33.2006,0.5511,781.7661
5096.87,3307.872,0.0000,204.4113,1788.5000,1715.7000,1789.1639,2.1553,89.1046,-0.1491,322.5883,0.3418,0.8369,29.2567,0.4116,735.9304
5096.87,3044.292,1000000000.0000,0.0000,2052.1000,1715.7000,0.0000,0.0000,0.0000,0.0000,0.0000,0.0000,0.0000,0.0000,0.0000,0.0000
5096.87,2283.119,0.0000,27.0222,2814.2000,1715.7000,2814.5748,1.4174,17.9111,0.1518,-412.0834,1.5397,2.4520,28.0340,0.3707,1043.0160
5096.87,4564.87,0.0000,952.6981,532.1000,1715.7000,532.9840,5.5330,161.7697,-1.8089,1152.0997,0.9688,2.6320,59.6221,2.6188,1413.1009
5096.87,4399.2,0.0000,291.5328,697.6000,1715.7000,697.8245,1.8236,150.5695,-0.3685,389.0100,0.0571,0.2197,11.5547,2.4104,1673.1887
5096.87,4358.44,1000000000,0,738.0000,1715.7000,0,0,0,0,0,0,0,0,0,0
5096.87,4196.1,0.0000,1446.0921,900.8000,1715.7000,900.8938,9.5326,142.5239,-0.9666,1069.5020,1.0783,2.8616,33.3820,0.9884,888.6754
5096.87,3922.71,0.0000,121.2537,1173.9000,1753.1000,1174.4152,1.3949,81.6665,-0.5365,675.0656,0.7285,1.2012,61.4754,3.5289,4135.7271
5096.87,3913.8,0.0000,1459.1955,1183.1000,1753.1000,1183.5947,2.2755,602.4740,-0.4974,648.2910,0.0877,0.2088,47.4533,0.6924,819.0568
5096.87,3676.092,1000000000.0000,0.0000,1420.2000,1753.1000,0.0000,0.0000,0.0000,0.0000,0.0000,0.0000,0.0000,0.0000,0.0000,0.0000
5096.87,3044.292,1000000000,0,2052.1000,1753.1000,0,0,0,0,0,0,0,0,0,0
5096.87,2283.119,1000000000.0000,0.0000,2814.2000,1753.1000,0.0000,0.0000,0.0000,0.0000,0.0000,0.0000,0.0000,0.0000,0.0000,0.0000
5096.87,4399.2,0.0000,161.0204,697.6000,1753.1000,699.0148,1.7777,85.0986,0.0885,18.0286,0.6643,1.9871,74.6762,0.8708,606.8363
5096.87,4358.44,1000000000,0,738.0000,1753.1000,0,0,0,0,0,0,0,0,0,0
5096.87,3922.71,0.0000,2030.3428,1173.9000,476.8000,1173.2266,4.5422,420.7965,-32.9174,39257.1444,0.3405,1.0462,66.2565,8.1868,9595.4864
5096.87,3913.8,0.0000,4927.1164,1183.1000,476.8000,1182.9147,2.3705,1952.8036,0.5813,-157.9938,0.0610,0.1592,105.8917,3.9683,4723.1454
5096.87,3307.872,0.0000,1306.3569,1788.5000,476.8000,1788.4969,3.8573,319.1469,-1.0096,2170.3411,0.3058,1.0300,59.7594,6.2068,11146.0441
5096.87,3044.292,0.0000,294.4437,2052.1000,476.8000,2053.2136,2.1577,128.2082,-2.9680,6509.2733,0.7020,1.7028,85.9707,1.2143,2491.5206
5096.87,2283.119,0.0000,229.4647,2814.2000,476.8000,2812.5853,2.5969,83.0165,1.8927,-5073.0349,0.7340,1.7740,48.2441,0.7491,2108.0904
5096.87,4564.87,0.0000,1781.8478,532.1000,476.8000,533.0091,3.0573,548.6891,-39.3502,22663.8458,0.1666,0.5153,62.7381,11.6550,6211.8808
5096.87,4399.2,0.0000,456.5956,697.6000,476.8000,696.3070,1.6699,256.9047,41.5247,-27654.0384,0.0751,0.1862,21.6733,5.0111,3484.5694
5096.87,4358.44,0.0000,748.1831,738.0000,476.8000,738.4077,2.2658,310.2393,-1.8899,2773.3472,0.5562,1.3226,155.5436,2.2652,1671.8067
5096.87,3922.71,0.0000,4894.7958,1173.9000,6034.4000,1173.9519,2.6536,1733.3210,-2.1948,2756.2352,0.0186,0.0544,26.5386,2.0641,2410.1788
5096.87,3913.8,0.0000,26260.5973,1183.1000,6034.4000,1182.8715,2.5577,9646.0125,-9.9714,12118.1072,0.0434,0.1052,336.9705,5.1824,6131.1948
5096.87,3676.092,0.0000,926.4823,1420.2000,6034.4000,1420.2658,2.6709,325.8913,0.2862,-261.5179,0.2212,0.5355,55.5196,0.8727,1239.2626
5096.87,3307.872,-5.0000,6611.1474,1788.5000,6034.4000,1788.4036,3.1017,2012.3279,-6.1241,11115.2973,0.0531,0.1596,79.1924,3.6906,6645.8673
5096.87,3044.292,0.0000,882.9028,2052.1000,6034.4000,2052.1941,3.4576,239.9060,-0.5014,1096.6474,0.0689,0.1684,9.8638,0.1760,361.1148
5096.87,2283.119,0.0000,2193.7689,2814.2000,6034.4000,2813.9325,4.8816,422.2150,-1.1515,3272.4672,0.1182,0.2936,21.1511,0.4468,1257.2758
5096.87,4564.87,0.0000,3137.3611,532.1000,6034.4000,532.1404,2.5309,1164.6191,3.1868,-935.2246,0.0481,0.1181,45.7365,0.9927,533.0242
5096.87,4399.2,0.0000,2013.5627,697.6000,6034.4000,697.4638,2.3899,791.5706,-1.4808,1732.8041,0.0493,0.1182,33.4911,0.4996,348.2539
5096.87,4358.44,0.0000,4381.1362,738.0000,6034.4000,737.9478,2.5081,1641.1244,0.1885,565.0457,0.0353,0.0856,47.5799,0.7244,534.6609
5096.87,4196.1,0.0000,1157.4351,900.8000,6034.4000,900.7332,2.5570,425.2753,4.0965,-2837.5142,0.1118,0.2702,38.2278,0.5883,529.4795
5096.87,3922.71,0.0000,736.6044,1173.9000,678.6000,1174.0825,2.3089,299.7323,5.5664,-6546.4120,0.1486,0.4078,40.0444,5.5758,6552.0731
5096.87,3913.8,0.0000,2918.3249,1183.1000,678.6000,1182.9737,2.7085,1012.2899,1.2763,-1476.1208,0.1009,0.2446,77.6389,1.2285,1453.3615
5096.87,3711.96,1000000000.0000,0.0000,1384.4000,678.6000,0.0000,0.0000,0.0000,0.0000,0.0000,0.0000,0.0000,0.0000,0.0000,0.0000
5096.87,3307.872,0.0000,933.1212,1788.5000,678.6000,1788.3695,4.7385,185.0098,-0.0962,174.4498,0.3147,0.7807,25.4226,0.5293,946.3924
5096.87,2283.119,0.0000,324.5549,2814.2000,678.6000,2813.6606,4.3115,70.7225,0.5901,-1656.3406,0.5709,1.4090,19.3577,0.3848,1082.9397
5096.87,4358.44,0.0000,950.5241,738.0000,678.6000,738.5269,3.1187,286.3430,-2.5374,1907.9365,0.3139,0.8374,61.2204,2.1515,1568.5833
5096.87,4196.1,0.0000,539.3715,900.8000,678.6000,900.6309,1.9202,263.8972,-3.2775,3003.2030,0.3422,0.7676,93.0041,1.2725,1145.2452
5130.22,3357.29,0.0000,555.5865,1773.3000,1017.0000,1773.9907,3.1181,167.4013,1.3400,-2213.1385,0.6244,1.5199,69.0698,1.1722,2078.0653
5130.22,3044.292,100000000,0,2085.2000,1017.0000,0,0,0,0,0,0,0,0,0,0
5130.22,2283.119,0.0000,1227.2273,2846.9000,1017.0000,2846.5360,5.5653,207.1733,-1.2784,3707.2848,0.3833,0.9607,29.5674,0.6663,1896.2481
5130.22,1157.0208,10000000000,0,3973.1000,1017.0000,0,0,0,0,0,0,0,0,0,0
5130.22,3357.29,1000000000,0,1773.3000,1448.5000,0,0,0,0,0,0,0,0,0,0
5130.22,3285.004,0.0000,68.8566,1844.7000,1448.5000,1844.6323,1.3829,46.7784,-0.5102,944.3685,0.5657,0.9624,27.9254,0.3465,638.9417
5130.22,3044.292,100000000,0,2085.2000,1448.5000,0,0,0,0,0,0,0,0,0,0
5130.22,2283.119,0.0000,201.5828,2846.9000,1448.5000,2846.0654,1.8288,103.5573,-0.3406,971.6887,0.2105,0.5923,26.8304,0.3266,929.5445
5130.22,1157.0208,0.0000,194.3857,3973.1000,1448.5000,3971.5913,3.7702,48.4398,-0.1510,595.9342,0.5204,1.2770,13.8050,0.2574,1022.7851
5130.22,3357.29,0.0000,1967.7963,1773.3000,1542.9500,1772.3003,3.2962,560.8736,-1.0400,2077.5093,0.0940,0.2292,32.9696,0.5748,1019.2239
5130.22,3285.004,0.0000,271.8624,1844.7000,1542.9500,1844.2920,1.5786,161.7950,0.2870,-304.7035,0.1876,0.4091,35.9525,0.4409,812.9375
5130.22,3044.292,100000000,0,2085.2000,1542.9500,0,0,0,0,0,0,0,0,0,0
5130.22,2283.119,0.0000,4164.6160,2846.9000,1542.9500,2846.7252,3.7114,1054.2395,-1.2713,3723.6273,0.0519,0.1272,30.4214,0.5622,1599.8128
5130.22,1157.0208,0.0000,2555.0861,3973.1000,1542.9500,3972.7036,4.3224,555.3662,-0.9042,3686.5873,0.0823,0.2032,21.8606,0.4351,1728.7116
5130.22,3357.29,0.0000,164.7575,1773.3000,1791.1000,1772.8028,1.4986,103.3215,-2.1322,3792.2443,0.1407,0.4618,21.5874,1.2672,2237.7295
5130.22,3285.004,1000000000,0,1844.7000,1791.1000,0,0,0,0,0,0,0,0,0,0
5130.22,3044.292,1000000000.0000,0.0000,2085.2000,1791.1000,0.0000,0.0000,0.0000,0.0000,0.0000,0.0000,0.0000,0.0000,0.0000,0.0000
5130.22,2283.119,0.0000,328.7341,2846.9000,1791.1000,2846.5715,3.4366,89.8698,-0.0955,278.5120,0.2368,0.5786,12.7732,0.2273,646.7654
5130.22,1157.0208,0.0000,111.5782,3973.1000,1791.1000,3973.5534,1.6291,64.3476,-0.4837,1937.9456,0.2431,0.4492,16.5826,0.2239,889.3940
5130.22,3357.29,0.0000,201.5202,1773.3000,1831.3000,1772.3008,2.4536,77.1638,-0.7425,1325.0147,0.4247,1.0243,27.4435,0.4140,734.1357
5130.22,3285.004,0.0000,54.8788,1844.7000,1831.3000,1843.5441,1.5032,34.2991,-0.6236,1170.7833,0.7013,1.1680,24.9399,0.3358,619.1567
5130.22,3044.292,100000000,0,2085.2000,1831.3000,0,0,0,0,0,0,0,0,0,0
5130.22,2283.119,0.0000,245.1248,2846.9000,1831.3000,2846.8887,2.8754,80.0926,-0.2110,602.0249,0.3132,0.7604,17.9639,0.2929,833.5753
5130.22,1157.0208,10000000000,0.0000,3973.1000,1831.3000,0,0,0,0,0,0,0,0,0,0
5130.22,3357.29,0.0000,223.5944,1773.3000,2097.3000,1771.6014,2.8718,73.1482,-0.5172,990.0643,0.4119,1.0000,21.6029,0.3523,624.7753
5130.22,3285.004,100000000,0,1844.7000,2097.3000,0,0,0,0,0,0,0,0,0,0
5130.22,3044.292,1000000000,0,2085.2000,2097.3000,0,0,0,0,0,0,0,0,0,0
5130.22,2283.119,0.0000,587.6397,2846.9000,2097.3000,2846.7635,4.5976,120.0827,-0.1367,412.3485,0.1753,0.4343,9.4733,0.1944,553.3485
5130.22,1157.0208,0.0000,296.9216,3973.1000,2097.3000,3972.4806,3.3259,83.8762,0.0983,-375.7887,0.2462,0.6005,12.7989,0.2241,890.3054
5130.22,3357.29,0.0000,426.9188,1773.3000,2124.6000,1772.4928,2.5695,156.0963,0.5899,-1032.8097,0.2274,0.5490,28.3950,0.4382,777.0663
5130.22,3285.004,0.0000,618.8632,1844.7000,2124.6000,1843.4785,2.4172,240.5413,0.0616,-111.1276,0.1176,0.2823,24.0034,0.3600,663.8218
5130.22,3044.292,1000000000,0,2085.2000,2124.6000,0,0,0,0,0,0,0,0,0,0
5130.22,2283.119,0.0000,1152.3210,2846.9000,2124.6000,2846.9687,3.4090,317.5776,0.2522,-709.4520,0.0886,0.2164,17.0212,0.3018,858.8351
5130.22,1157.0208,0.0000,858.5120,3973.1000,2124.6000,3973.1892,4.7358,170.3161,0.4567,-1805.3757,0.1459,0.3620,10.8587,0.2260,897.8811
5130.22,3357.29,0.0000,52.7448,1773.3000,2327.3000,1772.4826,1.3898,35.6544,0.0027,9.9916,0.7802,1.1640,27.2645,0.3683,652.9931
5130.22,3285.004,10000000000,0,1844.7000,2327.3000,0,0,0,0,0,0,0,0,0,0
5130.22,3044.292,1000000000,0,2085.2000,2327.3000,0,0,0,0,0,0,0,0,0,0
5130.22,2283.119,0.0000,110.3347,2846.9000,2327.3000,2846.3261,3.1960,32.4341,0.0199,-37.8763,0.7393,1.8009,15.4622,0.2654,755.4371
5130.22,1157.0208,0.0000,242.5369,3973.1000,2327.3000,3972.0189,4.4084,51.6892,0.0038,-10.3316,0.2745,0.6786,6.6559,0.1339,531.9722
5130.22,3357.29,0.0000,1050.6938,1773.3000,2619.7000,1771.8510,3.5702,276.4949,-0.0491,229.3190,0.1127,0.2759,18.0169,0.3269,579.6614
5130.22,3285.004,100000000,0,1844.7000,2619.7000,0,0,0,0,0,0,0,0,0,0
5130.22,3044.292,100000000,0,2085.2000,2619.7000,0,0,0,0,0,0,0,0,0,0
5130.22,2283.119,0.0000,456.7162,2846.9000,2619.7000,2847.8409,5.0136,85.5846,-0.0482,247.2509,0.5202,1.2975,18.3990,0.3955,1125.2647
5130.22,1157.0208,0.0000,69.4585,3973.1000,2619.7000,3971.3966,3.1018,21.0381,0.2499,-919.0737,1.2734,3.1008,17.7988,0.3016,1198.4447
5130.22,3357.29,0.0000,16312.0046,1773.3000,6001.3000,1772.2530,3.0136,5085.3695,-0.4391,886.7159,0.0100,0.0242,34.6505,0.5781,1025.1124
5130.22,3285.004,0.0000,348.6373,1844.7000,6001.3000,1844.7091,2.7449,119.3291,0.1308,-140.5730,0.1502,0.3669,13.4684,0.2869,529.8776
5130.22,3044.292,0.0000,974.1973,2085.2000,6001.3000,2085.2026,3.5429,258.3413,0.4462,-829.7996,0.0688,0.1683,10.3548,0.1870,389.8145
5130.22,2283.119,0.0000,40629.0798,2846.9000,6001.3000,2846.7179,3.6754,10385.5316,-1.5260,4426.6631,0.0215,0.0527,125.3787,2.3058,6562.0205
5130.22,1157.0208,0.0000,27231.7258,3973.1000,6001.3000,3972.6568,4.6681,5480.7037,-1.7621,7044.0223,0.0327,0.0810,79.3337,1.6397,6514.7942
5161.8,0.0,0.0000,88.6843,5161.3300,5969.0000,5160.6053,6.6364,12.5549,-0.0333,172.2874,0.2306,0.5859,0.9049,0.0222,114.7968
5221.4,3711.96,0.0000,648.3537,1508.8000,5909.8000,1508.7712,2.7674,220.1113,0.0885,-54.9719,0.1512,0.3666,24.7577,0.3961,597.3100
5221.4,3357.29,0.0000,337.4289,1863.2000,5909.8000,1863.1559,2.1919,144.6293,1.4126,-2575.8017,0.0951,0.2477,13.2317,0.3969,735.9238
5221.4,3307.872,0.0000,1182.9728,1912.6000,5909.8000,1912.5505,2.9973,370.8009,1.3504,-2526.1318,0.0830,0.2018,21.1519,0.3519,672.8263
5221.4,2283.119,0.0000,3850.4701,2937.6000,5909.8000,2937.6499,3.6930,979.8881,1.3057,-3796.2128,0.0160,0.0471,9.3619,0.4288,1254.8518
5221.4,1157.0208,0.0000,348.8858,4063.3000,5909.8000,4063.3795,3.9289,83.4274,0.1114,-448.9165,0.0780,0.1917,3.4224,0.0650,264.1352
5230.33,3922.71,1000000000.0000,0.0000,1307.3000,1442.7000,0.0000,0.0000,0.0000,0.0000,0.0000,0.0000,0.0000,0.0000,0.0000,0.0000
5230.33,3711.96,0.0000,411.1939,1518.2000,1442.7000,1518.0392,2.9741,129.8965,-1.3004,2008.8740,0.3203,0.7783,28.8121,0.4774,724.7323
5230.33,3357.29,0.0000,9475.8615,1872.7000,1442.7000,1872.5047,3.0228,2945.1584,1.2352,-2254.1971,0.0218,0.0529,43.6499,0.7292,1365.0442
5230.33,3307.872,0.0000,652.6139,1922.4000,1442.7000,1922.7689,3.4143,179.5811,0.2652,-476.2604,0.2384,0.5822,25.8582,0.4587,881.5525
5230.33,3044.292,0.0000,1243.1019,2186.2000,1442.7000,2185.4095,2.7293,427.9122,4.0237,-8725.2168,0.2348,0.5686,75.7292,1.2035,2630.9215
5230.33,2283.119,0.0000,9238.3782,2947.4000,1442.7000,2946.9550,3.6930,2350.2524,-0.8697,2575.4776,0.0211,0.0517,27.7079,0.5105,1504.5893
5230.33,1157.0208,1000000000,0,4074.6000,1442.7000,0,0,0,0,0,0,0,0,0,0
5230.33,4584.08,0.0000,1048.8033,645.7000,1442.7000,644.9637,4.1798,235.7440,1.9988,-1156.6159,0.5448,1.3425,63.4992,1.2432,802.0141
5230.33,3922.71,1000000000,0.0000,1307.3000,1690.8000,0,0,0,0,0,0,0,0,0,0
5230.33,3711.96,1000000000,0,1518.2000,1690.8000,0,0,0,0,0,0,0,0,0,0
5230.33,3357.29,0.0000,2158.4505,1872.7000,1690.8000,1872.5797,2.9728,682.1398,0.4475,-843.0301,0.0843,0.2049,39.8450,0.6603,1235.9611
5230.33,3307.872,10000000000,0,1922.4000,1690.8000,0,0,0,0,0,0,0,0,0,0
5230.33,3044.292,0.0000,166.4733,2186.2000,1690.8000,2189.7227,2.7018,57.8893,-0.4787,1048.8450,0.6705,1.6296,29.5976,0.4717,1030.9034
5230.33,2283.119,0.0000,405.3489,2947.4000,1690.8000,2947.2295,2.3536,161.8065,-0.9039,2675.0533,0.1800,0.4348,25.4490,0.3757,1107.2779
5230.33,1157.0208,0.0000,189.6163,4074.6000,1690.8000,4083.4672,9.3312,19.1667,-0.5552,2259.6168,1.7046,5.8435,8.4957,0.3536,1437.1276
5230.33,4584.08,100000000,0,645.7000,1690.8000,0,0,0,0,0,0,0,0,0,0
5230.33,3922.71,0.0000,235.5802,1307.3000,1731.0000,1301.9029,3.4649,63.8770,0.0985,-76.9209,0.6019,1.4846,22.9606,0.4188,547.8872
5230.33,3711.96,1000000000,0,1518.2000,1731.0000,0,0,0,0,0,0,0,0,0,0
5230.33,3357.29,0.0000,426.1297,1872.7000,1731.0000,1872.9416,1.7257,231.9961,1.3116,-2409.4590,0.1640,0.5073,53.1608,0.5963,1116.1739
5230.33,3307.872,-3.0000,1.1422,1922.4000,1731.0000,1924.5373,0.2237,4.7983,0.0677,-88.7501,1.3079,1.2101,0.0659,0.3763,723.1940
5230.33,3044.292,100000000,0,2186.2000,1731.0000,0,0,0,0,0,0,0,0,0,0
5230.33,2283.119,0.0000,640.7635,2947.4000,1731.0000,2947.0460,3.3609,179.1176,0.6079,-1756.5623,0.1663,0.4059,18.2754,0.3215,947.6075
5230.33,1157.0208,1000000000,0,4074.6000,1731.0000,0,0,0,0,0,0,0,0,0,0
5230.33,4584.08,1000000000,0,645.7000,1731.0000,0,0,0,0,0,0,0,0,0,0
5230.33,3922.71,0.0000,97.7810,1307.3000,1997.0000,1307.0181,2.4135,38.0641,0.4681,-441.6878,0.8315,2.0204,27.0336,0.4034,527.2769
5230.33,3711.96,0.0000,175.2640,1518.2000,1997.0000,1518.8269,2.5886,63.6167,-0.6376,1034.4028,0.4206,1.1656,21.3059,3.1479,4778.2616
5230.33,3357.29,0.0000,1042.1099,1872.7000,1997.0000,1872.3913,2.3394,418.5201,3.6008,-6608.4523,0.1787,0.4276,65.4738,0.9668,1809.7584
5230.33,3307.872,100000000,0,1922.4000,1997.0000,0,0,0,0,0,0,0,0,0,0
5230.33,3044.292,0.0000,117.1195,2186.2000,1997.0000,2185.1553,2.3317,47.1912,1.0356,-2195.9828,0.6721,1.6315,28.0346,0.4115,899.5175
5230.33,2283.119,0.0000,1361.3127,2947.4000,1997.0000,2947.0274,3.7428,341.7106,-0.2880,890.5366,0.0680,0.1667,12.8149,0.2377,700.4480
5230.33,1157.0208,100000000,0,4074.6000,1997.0000,0,0,0,0,0,0,0,0,0,0
5230.33,4584.08,1000000000.0000,0.0000,645.7000,1997.0000,0.0000,0.0000,0.0000,0.0000,0.0000,0.0000,0.0000,0.0000,0.0000,0.0000
5230.33,3922.71,1000000000,0,1307.3000,2024.3000,0,0,0,0,0,0,0,0,0,0
5230.33,3711.96,100000000,0,1518.2000,2024.3000,0,0,0,0,0,0,0,0,0,0
5230.33,3357.29,0.0000,499.1737,1872.7000,2024.3000,1872.6007,2.3760,197.3776,2.3542,-4359.4284,0.4107,0.9847,69.9285,1.0401,1946.9559
5230.33,3307.872,10000000000,0.0000,1922.4000,2024.3000,0,0,0,0,0,0,0,0,0,0
5230.33,3044.292,0.0000,250.7533,2186.2000,2024.3000,2183.1243,8.4978,27.7231,0.3957,-861.7970,1.8186,4.8065,12.3540,0.3525,771.4652
5230.33,2283.119,0.0000,755.7106,2947.4000,2024.3000,2947.2900,3.5731,198.7042,-0.5076,1505.4755,0.1486,0.3636,17.0508,0.3092,911.0791
5230.33,1157.0208,100000000,0,4074.6000,2024.3000,0,0,0,0,0,0,0,0,0,0
5230.33,4584.08,1000000000.0000,0.0000,645.7000,2024.3000,0.0000,0.0000,0.0000,0.0000,0.0000,0.0000,0.0000,0.0000,0.0000,0.0000
5230.33,3922.71,0.0000,996.2111,1307.3000,2519.3000,1302.3927,2.7719,337.6567,-0.7106,1281.2559,0.1117,0.2722,28.0551,0.4550,595.1397
5230.33,3711.96,0.0000,458.2580,1518.2000,2519.3000,1518.2839,3.8714,111.7228,5.1705,-7590.8992,0.4780,1.5263,30.9190,4.7139,7178.4952
5230.33,3357.29,0.0000,1858.9353,1872.7000,2519.3000,1872.1941,2.8892,604.4975,-1.4853,3105.8582,0.0902,0.2190,38.8681,0.6350,1188.6513
5230.33,3307.872,0.0000,513.0734,1922.4000,2519.3000,1916.4719,2.8411,169.6641,-0.3809,1015.9719,0.2068,0.5059,25.4995,0.4213,810.2087
5230.33,3044.292,100000000,0,2186.2000,2519.3000,0,0,0,0,0,0,0,0,0,0
5230.33,2283.119,-1.0000,5.7204,2947.4000,2519.3000,2946.4928,0.7405,7.2575,0.5547,-1496.6392,51.5191,39.2193,43.6911,0.4647,1369.4218
5230.33,1157.0208,1000000000,0,4074.6000,2519.3000,0,0,0,0,0,0,0,0,0,0
5230.33,4584.08,1000000000.0000,0.0000,645.7000,2519.3000,0.0000,0.0000,0.0000,0.0000,0.0000,0.0000,0.0000,0.0000,0.0000,0.0000
5230.33,3922.71,1000000000,0,1307.3000,545.3000,0,0,0,0,0,0,0,0,0,0
5230.33,3357.29,0.0000,1246.6436,1872.7000,545.3000,1872.6339,2.8593,409.6255,0.1884,-315.1797,0.1744,0.4231,51.4307,0.8361,1565.2026
5230.33,3307.872,0.0000,246.1305,1922.4000,545.3000,1922.0493,2.2883,101.0572,-0.5252,1010.1120,0.2823,0.7812,25.9347,3.6363,6984.4976
5230.33,3044.292,1000000000.0000,0.0000,2186.2000,545.3000,0.0000,0.0000,0.0000,0.0000,0.0000,0.0000,0.0000,0.0000,0.0000,0.0000
5230.33,2283.119,0.0000,1815.3763,2947.4000,545.3000,2946.7586,3.6751,464.0806,-0.3627,1067.6039,0.0966,0.2366,25.1718,0.4627,1363.7185
5230.33,1157.0208,0.0000,235.5840,4074.6000,545.3000,4075.8451,8.2551,26.8116,0.0197,-71.2471,1.4809,3.8671,9.9915,0.2766,1126.2834
5230.33,3922.71,0.0000,534.3433,1307.3000,5900.9000,1307.4192,1.7271,290.6746,2.0335,-2240.1517,0.2787,0.5581,86.1616,1.1636,1520.8700
5230.33,3711.96,0.0000,2656.3791,1518.2000,5900.9000,1518.1992,2.7967,892.3650,-4.5064,7315.6251,0.0786,0.1906,51.6324,0.8301,1260.1137
5230.33,3357.29,0.0000,95922.1119,1872.7000,5900.9000,1872.5160,2.9858,30182.2695,22.5600,-41605.7043,0.0242,0.0588,503.8502,8.3667,15662.0041
5230.33,3307.872,0.0000,6794.7590,1922.4000,5900.9000,1922.4497,3.8582,1654.5956,23.2155,-44148.6655,0.4943,1.2134,437.6974,8.2411,15838.7526
5230.33,3044.292,0.0000,12086.9891,2186.2000,5900.9000,2185.4047,2.7989,4057.2043,38.5666,-83668.6236,0.2614,0.6337,779.8468,12.5465,27428.5814
5230.33,2283.119,0.0000,97475.8502,2947.4000,5900.9000,2946.9849,3.7048,24718.8378,-5.7228,17049.0331,0.0194,0.0476,267.5658,4.9378,14552.0024
5230.33,1157.0208,0.0000,1962.7716,4074.6000,5900.9000,4074.6521,6.0599,304.3004,-0.4057,1663.3541,0.0808,0.2038,8.4117,0.1977,805.5299
5230.33,4584.08,0.0000,3174.5917,645.7000,5900.9000,645.7186,2.1700,1374.4643,-3.8067,4681.4635,0.1120,0.2681,145.3089,2.0664,1332.8354
5289.25,4196.1,1000000000,0,1093.2000,1632.0000,0,0,0,0,0,0,0,0,0,0
5289.25,4092.04,-9.0000,741.9776,1196.7000,1632.0000,1182.9198,4.2880,162.5810,-13.0920,16196.5730,4.5598,12.6788,373.7787,9.2146,11059.4562
5289.25,3922.71,0.0000,378.5950,1366.1000,1632.0000,1366.0490,1.8580,191.4533,-1.8814,2823.1099,0.1592,0.5530,36.7870,4.6950,6396.2923
5289.25,3913.8,0.0000,573.3861,1374.8000,1632.0000,1369.9705,9.5444,56.4441,-1.3300,2097.3389,2.3049,6.3379,28.5366,0.8993,1239.9748
5289.25,3711.96,0.0000,984.8247,1577.4000,1632.0000,1577.1661,3.0315,305.2147,-0.5907,1173.4075,0.1814,0.4411,37.6277,0.6294,992.5475
5289.25,3357.29,0.0000,214.6177,1931.2000,1632.0000,1931.4177,1.7419,115.7547,-0.4696,1141.5295,0.6971,1.4092,85.6778,1.1581,2236.3548
5289.25,3285.004,1000000000.0000,0.0000,2003.5000,1632.0000,0.0000,0.0000,0.0000,0.0000,0.0000,0.0000,0.0000,0.0000,0.0000,0.0000
5289.25,3044.292,1000000000,0,2244.2000,1632.0000,0,0,0,0,0,0,0,0,0,0
5289.25,2283.119,0.0000,3227.5816,3006.0000,1632.0000,3005.7063,4.0079,756.5825,-0.0168,151.3158,0.0569,0.1399,22.1800,0.4254,1278.8885
5289.25,1157.0208,1000000000,0,4132.0000,1632.0000,0,0,0,0,0,0,0,0,0,0
5289.25,4584.08,0.0000,880.8595,704.5000,1632.0000,705.9571,4.1547,199.1884,-1.0810,1721.1751,0.5977,1.4749,59.2490,1.1610,816.7675
5289.25,4196.1,100000000,0,1093.2000,1672.6000,0,0,0,0,0,0,0,0,0,0
5289.25,4092.04,1000000000.0000,0.0000,1196.7000,1672.6000,0.0000,0.0000,0.0000,0.0000,0.0000,0.0000,0.0000,0.0000,0.0000,0.0000
5289.25,3922.71,0.0000,113.1865,1366.1000,1672.6000,1365.9180,2.2351,47.5770,0.5413,-698.0986,0.6832,1.6756,30.1228,0.4311,588.9348
5289.25,3913.8,1000000000.0000,0.0000,1374.8000,1672.6000,0.0000,0.0000,0.0000,0.0000,0.0000,0.0000,0.0000,0.0000,0.0000,0.0000
5289.25,3711.96,1000000000,0,1577.4000,1672.6000,0,0,0,0,0,0,0,0,0,0
5289.25,3357.29,100000000,0,1931.2000,1672.6000,0,0,0,0,0,0,0,0,0,0
5289.25,3285.004,0.0000,593.3867,2003.5000,1672.6000,2007.9508,5.3091,105.0067,-0.4175,848.1774,0.5970,1.5171,24.6033,0.5609,1122.3217
5289.25,3044.292,0.0000,2323.2208,2244.2000,1672.6000,2248.5682,3.4577,631.2529,-0.2880,668.3024,0.0659,0.1623,24.8944,0.4517,1013.0385
5289.25,2283.119,2.0000,215.7723,3006.0000,1672.6000,3006.0845,1.2055,168.1589,-1.0601,3199.7916,0.1157,0.7334,93.7157,1.3991,4205.6141
5289.25,1157.0208,0.0000,5.2699,4132.0000,1672.6000,4134.4985,0.8686,5.6999,-0.0480,216.0956,12.3395,11.0092,18.8008,0.2543,1050.6242
5289.25,4584.08,0.0000,250.0067,704.5000,1672.6000,701.7167,4.9538,47.4144,-0.9872,853.3911,1.7756,4.4299,35.2169,0.7542,531.7441
5289.25,4196.1,0.0000,423.6956,1093.2000,1938.4000,1092.7185,2.9606,134.5115,4.9797,-5376.7196,0.2891,0.8326,27.0102,4.2557,4646.9229
5289.25,4092.04,0.0000,80.6722,1196.7000,1938.4000,1197.3605,1.6426,46.1412,0.7819,-870.0355,0.6063,1.2175,30.8069,0.4041,483.2464
5289.25,3922.71,0.0000,200.6453,1366.1000,1938.4000,1366.4183,2.1155,89.1069,0.7170,-917.4175,0.3541,0.8241,30.1452,0.4274,583.7752
5289.25,3913.8,1000000000.0000,0.0000,1374.8000,1938.4000,0.0000,0.0000,0.0000,0.0000,0.0000,0.0000,0.0000,0.0000,0.0000,0.0000
5289.25,3711.96,0.0000,475.5598,1577.4000,1938.4000,1576.2720,3.1142,143.4708,-0.5690,956.1255,0.3224,0.7846,30.6011,0.5188,818.3201
5289.25,3357.29,0.0000,427.9957,1931.2000,1938.4000,1931.6796,3.5376,113.6647,0.0498,-63.1628,0.3633,0.8886,24.0818,0.4346,839.2440
5289.25,3285.004,1000000000.0000,0.0000,2003.5000,1938.4000,0.0000,0.0000,0.0000,0.0000,0.0000,0.0000,0.0000,0.0000,0.0000,0.0000
5289.25,3044.292,100000000,0,2244.2000,1938.4000,0,0,0,0,0,0,0,0,0,0
5289.25,2283.119,0.0000,1859.3138,3006.0000,1938.4000,3005.6143,3.5825,487.6021,-0.3767,1168.6272,0.0653,0.1617,18.4032,0.4298,1290.3239
5289.25,1157.0208,100000000,0,4132.0000,1938.4000,0,0,0,0,0,0,0,0,0,0
5289.25,4584.08,1000000000,0,704.5000,1938.4000,0,0,0,0,0,0,0,0,0,0
5289.25,4196.1,1000000000,0,1093.2000,2168.5000,0,0,0,0,0,0,0,0,0,0
5289.25,4092.04,1000000000.0000,0.0000,1196.7000,2168.5000,0.0000,0.0000,0.0000,0.0000,0.0000,0.0000,0.0000,0.0000,0.0000,0.0000
5289.25,3922.71,0.0000,194.3239,1366.1000,2168.5000,1364.2428,8.6553,21.0933,-0.1740,246.7686,3.2726,8.5965,16.5591,0.4695,642.2097
5289.25,3913.8,10000000000,0,1374.8000,2168.5000,0,0,0,0,0,0,0,0,0,0
5289.25,3711.96,0.0000,345.9474,1577.4000,2168.5000,1577.2101,2.5833,125.8137,-1.7093,2703.5680,0.3053,0.7388,30.5881,0.4729,745.7802
5289.25,3357.29,0.0000,300.6024,1931.2000,2168.5000,1931.7693,2.8042,100.7352,1.3699,-2661.4953,0.4317,1.2214,31.8912,4.9039,9468.8656
5289.25,3285.004,10000000000,0,2003.5000,2168.5000,0,0,0,0,0,0,0,0,0,0
5289.25,3044.292,1000000000.0000,0.0000,2244.2000,2168.5000,0.0000,0.0000,0.0000,0.0000,0.0000,0.0000,0.0000,0.0000,0.0000,0.0000
5289.25,2283.119,0.0000,1183.9873,3006.0000,2168.5000,3005.5605,3.4466,322.7417,0.0075,-14.5990,0.0716,0.1748,13.8187,0.2462,740.0766
5289.25,1157.0208,1000000000,0,4132.0000,2168.5000,0,0,0,0,0,0,0,0,0,0
5289.25,4584.08,1000000000.0000,0.0000,704.5000,2168.5000,0.0000,0.0000,0.0000,0.0000,0.0000,0.0000,0.0000,0.0000,0.0000,0.0000
5289.25,4196.1,0.0000,2947.1868,1093.2000,444.5000,1094.7061,5.8641,472.1819,3.2197,-3475.7743,0.3638,0.9173,60.7801,1.4114,1541.6157
5289.25,4092.04,0.0000,758.0984,1196.7000,444.5000,1196.6814,2.0235,352.3004,-43.5862,52346.3505,0.1325,0.3930,49.3740,9.5066,11404.9894
5289.25,3922.71,-1.0000,2043.6228,1366.1000,444.5000,1365.6716,3.8903,495.8616,-5.4349,7460.8281,0.1029,0.3279,28.9124,4.5795,6238.6026
5289.25,3913.8,0.0000,756.2424,1374.8000,444.5000,1375.3286,4.8371,146.8840,-1.6229,2275.1551,1.9162,4.7640,120.4661,2.5387,3487.1052
5289.25,3711.96,0.0000,2431.5756,1577.4000,444.5000,1576.8068,2.7068,843.9845,-0.1512,283.9402,0.0936,0.2269,60.0799,0.9505,1498.9987
5289.25,3357.29,0.0000,1549.7399,1931.2000,444.5000,1931.0848,3.5037,415.5571,-0.7670,1515.0445,0.1890,0.4619,46.2302,0.8302,1603.0545
5289.25,3285.004,0.0000,119.3860,2003.5000,444.5000,2002.8852,3.3478,33.5035,-5.5650,11211.0111,2.4460,5.9685,50.4691,0.8863,1775.2985
5289.25,3044.292,-1.0000,628.5360,2244.2000,444.5000,2244.1655,3.9895,152.7283,-1.2430,2798.6063,0.5983,1.9709,60.7110,3.6597,8257.5427
5289.25,2283.119,0.0000,9645.9894,3006.0000,444.5000,3005.5928,3.8800,2335.6678,-0.3192,950.4139,0.0446,0.1096,55.4721,1.0473,3148.3520
5289.25,1157.0208,1000000000.0000,0.0000,4132.0000,444.5000,0.0000,0.0000,0.0000,0.0000,0.0000,0.0000,0.0000,0.0000,0.0000,0.0000
5289.25,4584.08,1000000000.0000,0.0000,704.5000,444.5000,0.0000,0.0000,0.0000,0.0000,0.0000,0.0000,0.0000,0.0000,0.0000,0.0000
5289.25,4196.1,0.0000,1375.6600,1093.2000,5841.9000,1093.2365,1.9982,646.7971,-7.0084,7908.6181,0.2801,0.6774,186.5785,2.5349,2770.7814
5289.25,4092.04,0.0000,1661.3036,1196.7000,5841.9000,1196.7280,2.6722,584.0867,0.0148,61.2383,0.0288,0.0698,12.9589,0.2038,243.7380
5289.25,3922.71,0.0000,2115.6638,1366.1000,5841.9000,1366.1057,2.5871,768.3072,0.9276,-1166.5808,0.0717,0.1737,43.8138,0.6776,925.6907
5289.25,3913.8,0.0000,704.7928,1374.8000,5841.9000,1375.1558,3.4067,194.4043,-0.8058,1184.4146,0.0963,0.2802,12.0543,0.5868,812.8222
5289.25,3711.96,0.0000,6605.4131,1577.4000,5841.9000,1576.7799,2.8506,2177.0137,0.8181,-1225.8411,0.0142,0.0344,22.2988,0.3619,570.7336
5289.25,3357.29,0.0000,2043.4873,1931.2000,5841.9000,1931.2039,2.8549,672.4875,-0.6791,1357.0106,0.0377,0.0914,18.2654,0.2966,572.8243
5289.25,3285.004,0.0000,426.3852,2003.5000,5841.9000,2003.6048,1.9660,203.7599,-4.6434,9424.7367,0.5161,1.1629,106.1844,1.4678,2939.9576
5289.25,3044.292,0.0000,584.4871,2244.2000,5841.9000,2244.1612,4.0230,136.4969,0.7275,-1601.3182,0.2365,0.5817,16.5750,0.3185,714.6819
5289.25,2283.119,0.0000,19260.9282,3006.0000,5841.9000,3005.6595,3.6759,4922.8790,-0.8609,2623.0824,0.0214,0.0525,59.2765,1.0898,3276.1819
5289.25,1157.0208,0.0000,1703.9583,4132.0000,5841.9000,4132.0424,5.6833,281.6827,0.8933,-3692.3055,0.1109,0.2785,11.3974,0.2594,1071.8663
5289.25,4584.08,0.0000,1453.8238,704.5000,5841.9000,704.4222,2.9306,466.0742,0.9561,-310.9059,0.1138,0.2764,37.2759,0.6133,431.7875
5297.6,4196.1,0.0000,1023.6674,1101.3000,5833.6000,1101.2100,2.4156,398.1441,2.0214,-2001.8201,0.1639,0.3964,55.5832,0.8311,915.0864
5297.6,3661.527,0.0000,1362.5147,1635.0000,5833.6000,1634.9541,2.9388,435.5796,-2.3058,3883.5745,0.1073,0.2874,33.8480,1.2333,2028.0353
5297.6,3307.872,-1.0000,1359.6621,1989.1700,5833.6000,1988.6701,3.1837,404.0170,4.4487,-8725.5403,0.0823,0.2555,24.6933,1.3513,2671.6901
5297.6,3301.36,0.0000,5924.5463,1995.8000,5833.6000,1995.0588,3.0734,1811.0756,-0.8553,1851.9977,0.0747,0.1818,90.7251,1.5278,3047.9182
5297.6,2656.509,0.0000,974.3363,2640.1000,5833.6000,2640.2112,4.1028,223.1170,-0.1030,289.1587,0.0818,0.2062,9.2261,0.3061,807.7041
5297.6,0.0,0.0000,169.6047,5296.1000,5833.6000,5296.3986,5.9911,26.5971,-0.0584,309.0570,0.1277,0.3219,1.1758,0.0275,145.4906
5300.5,3776.27,0.0000,0.0000,1524.4000,1267.2000,0.3874,10.1768,0.0146,-0.3157,598.5372,0.0000,0.0000,0.0000,0.8283,1262.3122
5300.5,3711.96,0.0000,1130.2436,1588.7000,1267.2000,1586.8657,2.7501,386.1257,0.7029,-1000.6728,0.0984,0.2387,28.4448,0.4539,720.8472
5300.5,3676.092,-17.0000,8.8107,1624.5000,1267.2000,1629.4983,0.3189,25.9564,2.4444,-3856.1614,15.9872,0.4628,6.8869,0.5951,966.4235
5300.5,1157.0208,1000000000,0.0000,4143.8000,1267.2000,0,0,0,0,0,0,0,0,0,0
5300.5,3776.27,10000000000,0,1524.4000,1277.8000,0,0,0,0,0,0,0,0,0,0
5300.5,3711.96,0.0000,608.0036,1588.7000,1277.8000,1588.3593,2.1506,265.6074,-0.4512,784.8783,0.1376,0.3246,34.5679,0.4918,780.9591
5300.5,3676.092,0.0000,413.9332,1624.5000,1277.8000,1624.4381,1.8607,208.9988,0.6816,-1037.0660,0.1935,0.4132,41.8170,0.5731,930.7161
5300.5,1157.0208,10000000000,0,4143.8000,1277.8000,0,0,0,0,0,0,0,0,0,0
5300.5,3776.27,1000000000.0000,0.0000,1524.4000,1373.3000,0.0000,0.0000,0.0000,0.0000,0.0000,0.0000,0.0000,0.0000,0.0000,0.0000
5300.5,3711.96,0.0000,1438.7160,1588.7000,1373.3000,1588.6558,2.8459,474.9672,-0.2144,404.7124,0.1074,0.2607,36.9172,0.5988,950.8713
5300.5,3676.092,0.0000,1211.1689,1624.5000,1373.3000,1624.5930,3.8048,299.0704,0.3518,-509.6284,0.2732,0.6702,44.3319,0.8291,1346.4126
5300.5,1157.0208,0.0000,66.4507,4143.8000,1373.3000,4142.7627,2.8159,22.1713,0.2489,-1015.1213,1.1281,2.7361,18.2843,0.2950,1222.0315
5300.5,3711.96,0.0000,328.1925,1588.7000,1549.0000,1588.2189,1.7611,175.0818,-0.1894,321.1886,0.1949,0.4864,40.3952,0.5049,801.8384
5300.5,3676.092,-1.0000,216.5614,1624.5000,1549.0000,1624.4415,1.2335,164.9403,1.0187,-1623.6546,0.3201,0.4288,45.6853,0.5971,969.6962
5300.5,1157.0208,0.0000,69.8344,4143.8000,1549.0000,4144.2863,2.5023,26.2203,-0.3487,1442.8964,0.2581,0.6905,5.5917,0.6848,2837.7488
5300.5,3776.27,-2.0000,0.0000,1524.4000,2653.8000,1525.4774,0.0323,10.3841,2.0152,-2982.8049,0.0557,0.2162,0.0000,0.8992,1370.4366
5300.5,3711.96,0.0000,825.7836,1588.7000,2653.8000,1588.9184,3.0544,254.0025,-0.2074,393.6100,0.1361,0.3310,23.3126,0.3916,621.8111
5300.5,3676.092,0.0000,479.3279,1624.5000,2653.8000,1624.7470,2.4635,182.8008,0.7606,-1160.0839,0.2763,0.6674,42.1509,0.6369,1034.2868
5300.5,1157.0208,1000000000,0,4143.8000,2653.8000,0,0,0,0,0,0,0,0,0,0
5300.5,3776.27,100000000,0,1524.4000,3014.2000,0,0,0,0,0,0,0,0,0,0
5300.5,3711.96,0.0000,405.8529,1588.7000,3014.2000,1588.1640,2.3784,160.3202,2.4981,-3913.7027,0.2477,0.6004,34.3881,0.5098,809.6333
5300.5,3676.092,1000000000,0,1624.5000,3014.2000,0,0,0,0,0,0,0,0,0,0
5300.5,1157.0208,0.0000,185.0312,4143.8000,3014.2000,4149.1113,12.1569,14.3508,-0.7009,2901.6713,2.4913,8.0398,6.6876,0.2812,1162.0425
5300.5,3776.27,0.0000,2489.1170,1524.4000,5829.4000,1522.1638,6.7014,348.9620,-0.3896,684.5977,0.2686,0.6853,29.0501,0.7220,1101.2393
5300.5,3711.96,0.0000,18840.1579,1588.7000,5829.4000,1588.7690,2.8450,6221.5079,-1.6467,2714.7955,0.0135,0.0329,60.9881,0.9892,1570.7100
5300.5,3676.092,0.0000,11880.3468,1624.5000,5829.4000,1624.4237,2.9174,3825.8982,3.3712,-5314.8161,0.0463,0.1124,124.9809,2.0518,3332.0388
5300.5,1157.0208,0.0000,1371.4624,4143.8000,5829.4000,4141.5306,8.1327,158.4353,-0.4154,1724.1145,0.1701,0.4426,6.8811,0.1883,780.4608
5342.2,4011.4,0.0000,1030.3171,1330.9000,5789.5000,1330.9339,2.6716,362.3259,-0.6295,871.1422,0.0627,0.1519,17.4912,0.2750,365.7528
5342.2,3922.71,0.0000,726.1578,1419.3000,5789.5000,1419.3378,2.5437,268.2987,2.1645,-3041.8099,0.2046,0.5825,47.1902,2.1277,2997.8109
5342.2,3913.8,0.0000,1656.3864,1428.0000,5789.5000,1428.1267,2.9491,527.6814,-0.8490,1254.5114,0.1600,0.3885,58.9394,0.9726,1388.8968
5342.2,3357.29,0.0000,1551.6676,1984.2000,5789.5000,1984.1825,2.9339,496.8855,0.0452,-65.7934,0.0541,0.1314,18.8654,0.3105,616.0825
5342.2,3307.872,0.0000,305.5444,2033.8000,5789.5000,2033.8916,2.8834,99.5578,1.0783,-2169.4368,0.2390,0.5803,16.9939,0.2775,564.0648
5342.2,3285.004,0.0000,381.7796,2056.9000,5789.5000,2056.6922,2.8394,126.3242,-0.2572,556.6952,0.2239,0.5432,20.5062,0.3323,683.0865
5342.2,3044.292,0.0000,1735.1337,2297.3000,5789.5000,2297.3263,3.3243,490.3837,-0.2241,525.6658,0.0420,0.1026,12.7857,0.2238,513.9904
5342.2,2656.509,0.0000,1514.1630,2685.3000,5789.5000,2685.4261,3.5369,402.2079,0.0241,-59.4926,0.0458,0.1121,10.7512,0.1940,520.8224
5342.2,2283.119,0.0000,1111.9694,3058.7000,5789.5000,3058.8024,3.9323,265.6730,0.3564,-1091.3982,0.1486,0.3651,20.7296,0.3941,1205.1407
5342.2,1157.0208,0.0000,1392.8156,4185.6000,5789.5000,4184.8014,4.6885,279.1012,0.1493,-633.2870,0.0998,0.2474,12.2885,0.2545,1065.1206
5375.0,3776.27,0.0000,329.5937,1597.7000,5756.3000,1597.9806,2.7372,113.1281,-0.0141,54.0957,0.1939,0.4703,16.5006,0.2626,419.3467
5375.0,3044.292,0.0000,1576.4658,2333.3000,5756.3000,2333.3038,3.3634,440.3575,0.5853,-1328.4185,0.0457,0.1116,12.3450,0.2173,506.9483
5375.0,2656.509,0.0000,6390.4715,2718.0000,5756.3000,2718.0816,3.6525,1643.7677,-0.2649,739.9838,0.0179,0.0439,16.6497,0.3051,829.3589
5375.0,1883.516,0.0000,268.2478,3491.5000,5756.3000,3491.1199,3.8638,65.2260,0.0927,-295.0534,0.1936,0.4752,6.7479,0.1271,443.7808
5375.0,1157.0208,0.0000,13319.5327,4217.9000,5756.3000,4217.5333,4.7296,2645.8391,-0.3613,1538.6124,0.0312,0.0773,36.0865,0.7508,3165.9945
5375.0,0.0,0.0000,221.4433,5374.0000,5756.3000,5374.5828,5.9307,35.0798,0.0392,-210.0592,0.1741,0.4385,2.1356,0.0497,266.8879
5397.0,3913.8,0.0000,459.9857,1481.7000,1182.7000,1481.9372,3.8810,111.3555,-0.4715,879.7092,0.5509,1.5245,33.8975,1.4392,2145.9932
5397.0,3711.96,10000000000,0,1683.4000,1182.7000,0,0,0,0,0,0,0,0,0,0
5397.0,3357.29,1000000000000,0,2037.9000,1182.7000,0,0,0,0,0,0,0,0,0,0
5397.0,3307.872,0.0000,488.3310,2088.0000,1182.7000,2086.4588,4.9884,93.7203,2.5272,-5247.3928,0.5800,1.9751,29.8483,4.2436,8879.6074
5397.0,2283.119,1000000000,0,3113.8000,1182.7000,0,0,0,0,0,0,0,0,0,0
5397.0,3913.8,10000000000,0,1481.7000,1417.2000,0,0,0,0,0,0,0,0,0,0
5397.0,3711.96,0.0000,225.2315,1683.4000,1417.2000,1683.7296,2.2663,93.3691,0.2572,-364.6096,0.4705,1.1318,39.7905,0.5774,971.7328
5397.0,3357.29,1000000000,0,2037.9000,1417.2000,0,0,0,0,0,0,0,0,0,0
5397.0,3307.872,0.0000,513.4616,2088.0000,1417.2000,2087.4055,1.8398,262.1993,-0.7659,1650.6224,0.0924,0.1978,25.3378,0.3450,720.4345
5397.0,2283.119,0.0000,155.0139,3113.8000,1417.2000,3111.8003,3.9884,36.5151,0.1887,-563.5990,0.8754,2.1533,16.5564,0.3172,987.5938
5397.0,3913.8,0.0000,676.2577,1481.7000,1699.7000,1481.8178,2.1202,299.6639,0.1886,-213.3484,0.1236,0.3049,36.2382,0.6515,962.4882
5397.0,3711.96,0.0000,1044.5326,1683.4000,1699.7000,1683.6121,2.9191,336.1800,0.4526,-716.8938,0.0993,0.2412,23.5543,0.3868,651.0324
5397.0,3357.29,1000000000,0,2037.9000,1699.7000,0,0,0,0,0,0,0,0,0,0
5397.0,3307.872,0.0000,3350.2721,2088.0000,1699.7000,2087.2280,3.0099,1045.7700,-0.2576,577.9788,0.0316,0.0769,22.6378,0.3775,788.2334
5397.0,2283.119,0.0000,137.0998,3113.8000,1699.7000,3112.6073,3.1170,41.3244,-0.0214,94.3361,0.6101,1.4848,16.6655,0.2826,879.8119
5397.0,3913.8,0.0000,255.9507,1481.7000,1709.1000,1481.7262,1.8620,129.1469,-2.3425,3503.6325,0.4948,1.1640,69.4237,0.9183,1359.9795
5397.0,3711.96,0.0000,390.0090,1683.4000,1709.1000,1683.4806,2.2995,159.3478,-0.1973,350.4525,0.1997,0.4752,28.2714,0.4147,697.8511
5397.0,3357.29,0.0000,293.3136,2037.9000,1709.1000,2038.7049,4.0274,68.4239,-0.2148,455.4636,0.6272,1.5445,22.0202,0.4245,864.5397
5397.0,3307.872,0.0000,1549.8116,2088.0000,1709.1000,2087.2444,2.8769,506.1263,-0.4841,1032.4375,0.0498,0.1208,18.0220,0.2939,613.7215
5397.0,2283.119,0.0000,244.9199,3113.8000,1709.1000,3116.1646,15.0662,15.3403,0.9108,-2833.3107,4.2169,13.2925,9.4601,0.3764,1167.5121
5397.0,3913.8,0.0000,179.0846,1481.7000,2558.6000,1481.4780,2.6814,62.7473,0.2248,-319.6371,0.4471,1.0819,21.5228,0.3391,502.1684
5397.0,3711.96,0.0000,193.5876,1683.4000,2558.6000,1683.7841,2.7557,66.0009,0.3310,-548.8580,0.2568,0.6225,12.6579,0.2021,340.1164
5397.0,3357.29,0.0000,61.2338,2037.9000,2558.6000,2037.5819,2.8008,20.5406,-0.0732,156.9517,0.8216,1.9920,12.4024,0.1996,406.5683
5397.0,3307.872,0.0000,679.7446,2088.0000,2558.6000,2087.5884,3.0523,209.2312,0.2785,-575.1594,0.0957,0.2327,13.5137,0.2268,473.6322
5397.0,2283.119,0.0000,77.8576,3113.8000,2558.6000,3111.0145,5.3191,13.7519,-0.1140,358.7196,1.6445,4.1195,8.8151,0.1953,608.0815
5397.0,3913.8,0.0000,2246.6650,1481.7000,5734.0000,1481.6438,2.5322,833.5555,4.9849,-7241.7800,0.1882,0.4544,127.3509,1.9514,2889.8795
5397.0,3711.96,0.0000,3127.7677,1683.4000,5734.0000,1683.4829,2.7460,1070.1291,-0.9282,1640.9300,0.0536,0.1299,43.0186,0.6856,1153.8994
5397.0,3357.29,0.0000,297.0264,2037.9000,5734.0000,2037.7052,3.3472,83.3702,-0.1804,403.2758,0.2318,0.5656,11.9029,0.2091,425.8798
5397.0,3307.872,0.0000,10884.3743,2088.0000,5734.0000,2087.3257,3.2073,3188.3286,1.1085,-2284.2285,0.0187,0.0456,38.3345,0.6594,1376.9490
5397.0,2283.119,0.0000,3755.2790,3113.8000,5734.0000,3113.9307,4.5494,775.5197,-0.8740,2741.4074,0.0550,0.1363,19.4118,0.3965,1234.2286
5397.0,3913.8,0.0000,0.0000,1481.7000,598.9000,1911.9078,59.2604,0.0764,-8.3438,13032.6492,0.0000,0.0000,0.0000,6.5908,9761.2198
5397.0,3711.96,0.0000,2194.2466,1683.4000,598.9000,1676.3605,9.6406,213.9550,6.2477,-10128.9646,1.0321,3.0867,49.6337,1.7861,3019.8568
5397.0,3357.29,1000000000.0000,0.0000,2037.9000,598.9000,0.0000,0.0000,0.0000,0.0000,0.0000,0.0000,0.0000,0.0000,0.0000,0.0000
5397.0,3307.872,0.0000,856.5360,2088.0000,598.9000,2087.7958,2.7609,291.4668,-6.6029,14180.7686,0.6108,1.4805,132.7049,2.1201,4426.8523
5397.0,2283.119,0.0000,758.0627,3113.8000,598.9000,3111.5152,8.4804,83.9829,0.6256,-1785.5337,1.1085,2.8993,22.7855,0.6374,1985.2163
5397.0,3913.8,0.0000,736.5843,1481.7000,815.6000,1482.1535,1.9029,363.6709,0.8757,-1226.6494,0.1944,0.4996,79.0076,1.0224,1514.1248
5397.0,3711.96,0.0000,1164.0419,1683.4000,815.6000,1683.1097,3.5514,307.9435,1.3143,-2178.9687,0.2317,0.5668,41.4513,0.7493,1261.0733
5397.0,3357.29,0.0000,1476.0447,2037.9000,815.6000,2034.4571,12.4739,111.2282,-1.1598,2344.0445,1.7999,5.1921,33.3446,1.1859,2422.5592
5397.0,3307.872,0.0000,3010.5716,2088.0000,815.6000,2087.1976,3.5447,797.9384,-2.0261,4268.4546,0.1073,0.2624,49.8122,0.9001,1879.5413
5397.0,2283.119,0.0000,323.6161,3113.8000,815.6000,3119.6973,5.0390,60.3370,0.0436,-123.9711,1.4970,3.8417,37.5047,0.8555,2661.0042
5408.4,4315.22,0.0000,1418.5561,1092.8000,5722.2000,1092.7958,2.6505,502.8195,0.6463,-659.3552,0.0470,0.1145,18.3790,0.3521,385.5201
5408.4,4196.1,0.0000,540.7663,1212.5000,5722.2000,1212.5008,2.7141,187.1933,0.4915,-563.8827,0.1313,0.3178,18.6258,0.2952,357.7482
5422.2,1157.0208,0.0000,936.5387,4264.8000,2281.2000,4264.9513,4.2752,205.8112,-0.1467,662.9600,0.1073,0.2649,10.6827,0.2117,902.4669
5422.2,1157.0208,0.0000,2074.6803,4264.8000,5709.0000,4264.9369,4.3441,448.7000,-0.1140,490.2539,0.0384,0.0949,8.2018,0.1638,698.3101
5433.9,3922.71,0.0000,352.2576,1511.6000,5697.3000,1511.6108,2.6157,126.5221,0.1537,-212.6920,0.1708,0.4128,16.9853,0.2644,399.4869
5433.9,2283.119,0.0000,2454.9742,3149.8000,5697.3000,3149.8870,4.2365,544.4306,-0.1766,560.5089,0.0313,0.0772,8.3136,0.1640,516.2948
5443.6,1157.0208,0.0000,2022.1994,4285.1000,5687.6000,4285.2309,4.4422,427.6889,-0.0042,19.6102,0.0410,0.1014,8.1631,0.1647,705.5448
5458.9,3776.27,0.0000,414.0089,1683.0000,1214.7400,1681.3743,3.0885,125.9416,1.2564,-2058.3946,0.3942,0.9659,33.1783,0.7152,1201.2761
5458.9,3357.29,0.0000,3424.0434,2100.5800,1214.7400,2100.5384,3.2562,987.9286,-1.3613,2893.1458,0.0534,0.1302,33.3931,0.5786,1215.0385
5458.9,3307.872,0.0000,4916.2286,2150.9000,1214.7400,2150.5072,3.2297,1430.1319,0.8591,-1796.6752,0.0334,0.0815,30.5104,0.5265,1132.0034
5458.9,3044.292,0.0000,394.9019,2414.0000,1214.7400,2413.6790,2.5736,144.1596,0.2560,-576.5525,0.2249,0.5435,25.9030,0.3999,965.4212
5458.9,2656.509,0.0000,818.3933,2801.7300,1214.7400,2801.7179,3.0603,251.2439,1.2489,-3447.1592,0.1369,0.3331,23.1616,0.3894,1090.5266
5458.9,2283.119,0.0000,1826.0049,3176.2000,1214.7400,3175.0411,3.7119,462.1753,0.9485,-2976.1039,0.0767,0.1879,19.7002,0.3642,1156.7693
5458.9,1157.0208,0.0000,2371.8494,4301.7000,1214.7400,4300.9384,4.4145,504.7811,-0.0843,388.7305,0.0697,0.1722,16.4746,0.3313,1424.8278
5458.9,3776.27,10000000000,0,1683.0000,1462.8000,0,0,0,0,0,0,0,0,0,0
5458.9,3357.29,0.0000,363.6825,2100.5800,1462.8000,2100.6844,4.4904,76.0924,0.8170,-1698.8111,0.5769,1.4272,20.2186,0.4102,861.2913
5458.9,3307.872,0.0000,806.3615,2150.9000,1462.8000,2150.4675,2.7115,279.3985,0.3455,-714.7246,0.1000,0.2421,21.1958,0.3357,721.8310
5458.9,3044.292,10000000000,0,2414.0000,1462.8000,0,0,0,0,0,0,0,0,0,0
5458.9,2656.509,10000000000,0,2801.7300,1462.8000,0,0,0,0,0,0,0,0,0,0
5458.9,2283.119,10000000000,0,3176.2000,1462.8000,0,0,0,0,0,0,0,0,0,0
5458.9,1157.0208,0.0000,110.8995,4301.7000,1462.8000,4300.9250,4.8103,21.6601,-0.0502,227.4150,1.1270,2.7981,10.5018,0.2202,947.2653
5458.9,3776.27,1000000000,0,1683.0000,2856.4000,0,0,0,0,0,0,0,0,0,0
5458.9,3357.29,0.0000,133.2638,2100.5800,2856.4000,2100.3852,3.1108,40.2483,0.5567,-1167.8460,0.5894,1.4343,15.7120,0.2662,558.9728
5458.9,3307.872,0.0000,948.0485,2150.9000,2856.4000,2150.6508,2.8376,313.8950,-0.0524,132.7592,0.1132,0.2746,25.7733,0.4175,897.4949
5458.9,3044.292,10000000000,0,2414.0000,2856.4000,0,0,0,0,0,0,0,0,0,0
5458.9,2656.509,0.0000,191.7306,2801.7300,2856.4000,2803.0879,5.6866,31.6800,-0.3158,888.7034,1.1323,3.2671,13.6607,0.5546,1548.4147
5458.9,2283.119,0.0000,139.9953,3176.2000,2856.4000,3175.7903,1.9606,67.0852,0.2409,-753.2511,0.2495,0.6129,17.7079,0.2368,752.2004
5458.9,1157.0208,0.0000,193.0572,4301.7000,2856.4000,4300.7281,7.4647,24.2981,-0.2898,1250.1536,0.9214,2.3674,6.2234,0.1622,697.5761
5458.9,3776.27,0.0000,568.8056,1683.0000,5673.0000,1681.6033,2.9359,182.0231,0.0521,-67.2042,0.0861,0.2093,10.9974,0.1813,305.2059
5458.9,3357.29,0.0000,4198.5473,2100.5800,5673.0000,2100.5537,3.2755,1204.2492,-0.0634,147.2607,0.0192,0.0468,14.5363,0.2526,530.4579
5458.9,3307.872,0.0000,737.4159,2150.9000,5673.0000,2150.3972,3.6580,189.3939,0.0644,-127.7315,0.0804,0.1968,8.5877,0.1575,338.6604
5458.9,3044.292,0.0000,496.9505,2414.0000,5673.0000,2413.9367,4.4782,104.2572,-0.1452,361.1237,0.1659,0.4104,7.9891,0.1618,390.5432
5458.9,2656.509,0.0000,1239.4920,2801.7300,5673.0000,2801.4826,3.5261,330.2563,-0.0523,156.5701,0.0414,0.1012,7.9924,0.1440,403.3162
5458.9,2283.119,0.0000,3762.2756,3176.2000,5673.0000,3175.4278,4.1044,861.7992,-0.3891,1240.3030,0.0232,0.0712,10.9513,0.5772,1826.4416
5458.9,1157.0208,0.0000,3156.7278,4301.7000,5673.0000,4300.9636,4.8337,613.5676,-0.1750,748.2896,0.0419,0.1040,11.0009,0.2313,994.6393
5502.096,4358.44,0.0000,0.0881,1142.9000,1727.6000,1121.7971,0.2297,19.2027,13.4417,-11519.5484,0.0000,0.0000,0.0000,103.0959,117741.5038
5502.096,4315.22,1000000000,0,1186.6000,1727.6000,0,0,0,0,0,0,0,0,0,0
5502.096,4011.4,0.0000,1534.4806,1491.1000,1727.6000,1491.2455,2.6224,549.7444,0.6960,-877.6214,0.1983,0.4800,85.5380,1.3324,1986.6873
5502.096,3676.092,1000000000,0,1825.9000,1727.6000,0,0,0,0,0,0,0,0,0,0
5502.096,3661.527,0.0000,258.7910,1839.7000,1727.6000,1838.2432,2.2993,105.7438,-0.7260,1483.2441,0.2978,0.7186,28.1526,0.4111,756.0463
5502.096,3307.872,0.0000,509.8291,2193.2000,1727.6000,2199.6849,3.0638,156.3400,-0.0330,227.8425,0.2741,0.6761,28.9574,0.5025,1101.2317
5502.096,3044.292,1000000000,0,2458.1000,1727.6000,0,0,0,0,0,0,0,0,0,0
5502.096,2656.509,0.0000,86.6661,2845.4000,1727.6000,2847.3453,2.0176,40.3574,0.0697,-67.9228,0.5156,1.1963,20.7866,0.2888,821.5899
5502.096,2283.119,0.0000,1559.6705,3218.4000,1727.6000,3216.3035,3.6218,404.5792,-1.1604,3860.0749,0.0705,0.1727,16.2480,0.2973,956.7186
5502.096,1157.0208,1000000000,0.0000,4344.2000,1727.6000,0,0,0,0,0,0,0,0,0,0
5502.096,5005.69,1000000000,0,496.4000,1727.6000,0,0,0,0,0,0,0,0,0,0
5502.096,4358.44,100000000,0,1142.9000,1978.1000,0,0,0,0,0,0,0,0,0,0
5502.096,4315.22,0.0000,230.6406,1186.6000,1978.1000,1186.8742,1.3351,162.3033,-1.0143,1235.2760,0.1608,0.6665,65.5713,0.3719,441.0981
5502.096,4011.4,0.0000,308.6699,1491.1000,1978.1000,1491.3402,1.8262,158.7966,1.2344,-1789.1810,0.5191,1.1492,88.2306,1.1818,1762.0046
5502.096,3676.092,0.0000,417.4114,1825.9000,1978.1000,1826.1785,2.5520,153.6667,0.4457,-786.9636,0.2118,0.5127,26.2386,0.4035,736.2577
5502.096,3661.527,0.0000,143.5719,1839.7000,1978.1000,1840.0891,2.5372,53.1643,-2.1309,3946.1762,0.7621,1.8473,32.8773,0.5038,926.4920
5502.096,3307.872,0.0000,118.4161,2193.2000,1978.1000,2193.4786,1.3126,84.7587,0.5686,-1212.4481,0.6393,0.8905,50.0916,0.6754,1481.1249
5502.096,3044.292,1000000000,0,2458.1000,1978.1000,0,0,0,0,0,0,0,0,0,0
5502.096,2656.509,0.0000,222.2437,2845.4000,1978.1000,2844.6144,5.1505,40.5395,-1.0486,2987.2858,0.7633,1.9032,12.4418,0.2699,767.8188
5502.096,2283.119,0.0000,75.7253,3218.4000,1978.1000,3219.1253,3.2633,21.8013,-0.3820,1243.9188,1.3353,3.2564,18.3903,0.3192,1027.1945
5502.096,1157.0208,0.0000,98.2084,4344.2000,1978.1000,4345.0068,1.9989,46.1592,0.0185,-75.3456,0.2033,0.5278,10.0334,0.1328,577.0706
5502.096,5005.69,100000000,0,496.4000,1978.1000,0,0,0,0,0,0,0,0,0,0
5502.096,4358.44,0.0000,548.5586,1142.9000,5628.9000,1142.7639,3.6424,141.4953,1.0171,-1108.4004,0.2635,0.6698,21.2645,0.8964,1022.5835
5502.096,4315.22,0.0000,917.2135,1186.6000,5628.9000,1186.5958,3.0107,286.2211,0.0535,-35.7232,0.0982,0.2386,19.2199,0.3205,380.0687
5502.096,4011.4,0.0000,882.9991,1491.1000,5628.9000,1490.9776,2.8438,291.7208,0.2435,-338.7758,0.0742,0.1972,16.1602,0.5733,849.4270
5502.096,3676.092,0.0000,1177.1525,1825.9000,5628.9000,1825.0036,4.4318,249.5477,0.4469,-782.8002,0.1317,0.3361,15.4616,0.4514,821.2040
5502.096,3661.527,0.0000,434.0870,1839.7000,5628.9000,1839.6045,2.7334,149.2014,-0.0694,160.5724,0.0942,0.2337,10.6616,0.2563,473.1484
5502.096,3307.872,0.0000,4849.7771,2193.2000,5628.9000,2193.2366,3.3500,1360.1347,-0.1566,357.3083,0.0270,0.0660,22.6399,0.3977,872.1870
5502.096,3044.292,0.0000,215.8633,2458.1000,5628.9000,2458.1737,4.6573,43.5454,-0.2842,704.5318,0.3428,0.8495,6.6303,0.1369,336.4236
5502.096,2656.509,0.0000,886.5625,2845.4000,5628.9000,2844.3574,7.6041,109.5367,0.1132,-324.8173,0.2782,0.7164,8.3159,0.2189,622.9271
5502.096,2283.119,0.0000,208.5393,3218.4000,5628.9000,3218.9177,4.2689,45.8961,-0.2804,909.3489,0.2677,0.6607,5.9506,0.1178,379.0739
5502.096,1157.0208,0.0000,1206.1112,4344.2000,5628.9000,4344.3661,4.6793,242.1604,0.0559,-242.2479,0.0484,0.1200,5.1810,0.1072,465.7147
5502.096,5005.69,1000000000,0,496.4000,5628.9000,0,0,0,0,0,0,0,0,0,0
5548.68,4196.1,1000000000,0,1353.1000,1025.0000,0,0,0,0,0,0,0,0,0,0
5548.68,3776.27,1000000000,0,1771.9000,1025.0000,0,0,0,0,0,0,0,0,0,0
5548.68,3711.96,0.0000,723.6402,1836.6000,1025.0000,1837.4876,3.9745,171.8243,8.8126,-15713.0962,0.2666,0.8528,25.2731,3.9061,7188.6196
5548.68,3676.092,1000000000,0,1872.7000,1025.0000,0,0,0,0,0,0,0,0,0,0
5548.68,3357.29,0.0000,7048.6717,2191.0000,1025.0000,2193.3005,3.5034,1890.2315,-3.9979,9238.8966,0.1003,0.2456,111.6661,2.0137,4410.9182
5548.68,3301.36,-2.0000,3224.2022,2247.7000,1025.0000,2230.8975,8.6762,408.3688,11.9627,-26454.3123,0.7181,2.2947,77.6331,2.7024,6090.8830
5548.68,3044.292,1000000000,0,2504.4000,1025.0000,0,0,0,0,0,0,0,0,0,0
5548.68,2656.509,0.0000,614.6114,2891.2000,1025.0000,2892.9205,5.5706,103.6571,2.2545,-6220.5123,0.7071,1.7768,27.2896,0.6184,1787.3158
5548.68,2283.119,0.0000,2443.8022,3265.4000,1025.0000,3258.4627,4.9602,462.8761,-1.1174,3919.1783,0.1449,0.3705,28.2560,0.6368,2080.7581
5548.68,1157.0208,1000000000,0,4391.5000,1025.0000,0,0,0,0,0,0,0,0,0,0
5548.68,4650.3,10000000000,0,898.0000,1025.0000,0,0,0,0,0,0,0,0,0,0
5548.68,4196.1,100000000,0,1353.1000,1678.5000,0,0,0,0,0,0,0,0,0,0
5548.68,3776.27,0.0000,656.0031,1771.9000,1678.5000,1786.7576,9.5352,75.8081,-1.2754,2263.5051,1.0732,3.5245,20.9583,0.7615,1342.9760
5548.68,3711.96,0.0000,42.3360,1836.6000,1678.5000,1838.3275,1.6816,23.6534,0.9530,-1732.6514,1.0469,2.2313,27.7363,0.3605,661.8825
5548.68,3676.092,1000000000.0000,0.0000,1872.7000,1678.5000,0.0000,0.0000,0.0000,0.0000,0.0000,0.0000,0.0000,0.0000,0.0000,0.0000
5548.68,3357.29,1000000000,0,2191.0000,1678.5000,0,0,0,0,0,0,0,0,0,0
5548.68,3301.36,0.0000,152.8781,2247.7000,1678.5000,2249.3630,4.0910,35.1091,0.1598,-353.2695,0.8347,2.0596,14.8119,0.2885,648.1170
5548.68,3044.292,100000000000,0,2504.4000,1678.5000,0,0,0,0,0,0,0,0,0,0
5548.68,2656.509,1000000000.0000,0.0000,2891.2000,1678.5000,0.0000,0.0000,0.0000,0.0000,0.0000,0.0000,0.0000,0.0000,0.0000,0.0000
5548.68,2283.119,0.0000,401.7648,3265.4000,1678.5000,3265.4547,7.9583,47.4300,-0.1817,602.7308,0.9297,2.4057,11.4959,0.3095,1010.4510
5548.68,1157.0208,0.0000,198.7466,4391.5000,1678.5000,4389.0779,6.7808,27.5371,-0.0326,143.8849,0.9354,2.3902,7.8917,0.1975,867.2591
5548.68,4650.3,1000000000,0,898.0000,1678.5000,0,0,0,0,0,0,0,0,0,0
5548.68,4196.1,0.0000,2044.6629,1353.1000,1911.6000,1353.1274,3.3154,579.4072,-0.4012,608.5281,0.1091,0.2661,39.3111,0.6871,929.6126
5548.68,3776.27,0.0000,374.3891,1771.9000,1911.6000,1772.17,3.541991,99.29868,0,0,0.399372,0.6513391,21.81741,0,0
5548.68,3711.96,1000000000,0,1836.6000,1911.6000,0,0,0,0,0,0,0,0,0,0
5548.68,3676.092,1000000000.0000,0.0000,1872.7000,1911.6000,0.0000,0.0000,0.0000,0.0000,0.0000,0.0000,0.0000,0.0000,0.0000,0.0000
5548.68,3357.29,0.0000,239.4270,2191.0000,1911.6000,2189.6191,3.8111,59.0240,-0.5217,1193.9737,0.7644,1.8768,24.4479,0.4582,1004.2117
5548.68,3301.36,10000000000,0,2247.7000,1911.6000,0,0,0,0,0,0,0,0,0,0
5548.68,3044.292,1000000000.0000,0.0000,2504.4000,1911.6000,0.0000,0.0000,0.0000,0.0000,0.0000,0.0000,0.0000,0.0000,0.0000,0.0000
5548.68,2656.509,1000000000,0,2891.2000,1911.6000,0,0,0,0,0,0,0,0,0,0
5548.68,2283.119,0.0000,0.0000,3265.4000,1911.6000,2185.3160,7.9810,24.0198,-0.5750,1929.8203,0.0000,0.0000,0.0000,0.5331,1740.7311
5548.68,1157.0208,0.0000,327.4062,4391.5000,1911.6000,4382.7080,3.9709,77.4644,-0.2626,1173.3520,0.2622,0.6659,10.6853,0.2186,960.4776
5548.68,4650.3,0.0000,886.2183,898.0000,1911.6000,901.1082,2.8645,290.6681,1.8395,-1158.2555,0.2408,0.6069,50.7040,2.3371,2102.2267
5548.68,4196.1,100000000,0,1353.1000,2765.7000,0,0,0,0,0,0,0,0,0,0
5548.68,3776.27,1000000000,0,1771.9000,2765.7000,0,0,0,0,0,0,0,0,0,0
5548.68,3711.96,1000000000,0,1836.6000,2765.7000,0,0,0,0,0,0,0,0,0,0
5548.68,3676.092,10000000000,0,1872.7000,2765.7000,0,0,0,0,0,0,0,0,0,0
5548.68,3357.29,1000000000,0,2191.0000,2765.7000,0,0,0,0,0,0,0,0,0,0
5548.68,3301.36,1000000000,0,2247.7000,2765.7000,0,0,0,0,0,0,0,0,0,0
5548.68,3044.292,1000000000,0.0000,2504.4000,2765.7000,0,0,0,0,0,0,0,0,0,0
5548.68,2656.509,0.0000,64.4016,2891.2000,2765.7000,2890.4467,1.6717,36.1946,-0.3599,1056.9427,0.4749,0.9046,18.2270,0.2466,712.9082
5548.68,2283.119,0.0000,603.4184,3265.4000,2765.7000,3268.0213,4.3065,131.6416,-0.0061,21.2189,0.1923,0.4766,12.1688,0.2441,796.6824
5548.68,1157.0208,10000000000,0,4391.5000,2765.7000,0,0,0,0,0,0,0,0,0,0
5548.68,4650.3,1000000000,0,898.0000,2765.7000,0,0,0,0,0,0,0,0,0,0
5548.68,4196.1,0.0000,5258.1759,1353.1000,5582.4000,1353.0720,2.7635,1787.6237,-0.3219,486.5550,0.0156,0.0377,20.7132,0.3310,447.8914
5548.68,3776.27,0.0000,385.4468,1771.9000,5582.4000,1772.2085,2.9597,122.3549,0.0237,-7.3475,0.1183,0.2876,10.0768,0.1667,295.2550
5548.68,3711.96,0.0000,628.0292,1836.6000,5582.4000,1836.6466,2.9703,198.6459,-0.9109,1717.9430,0.1115,0.2710,15.3605,0.2544,467.1313
5548.68,3676.092,0.0000,789.8475,1872.7000,5582.4000,1872.0906,4.0951,181.2092,-0.8659,1650.6087,0.1960,0.5018,18.1168,0.5402,1007.7377
5548.68,3357.29,0.0000,1226.2229,2191.0000,5582.4000,2191.0257,3.4439,334.5186,-0.2818,650.1037,0.0806,0.1969,16.1443,0.2875,629.8493
5548.68,3301.36,0.0000,1417.8130,2247.7000,5582.4000,2245.8704,6.3769,208.8855,-0.9710,2209.8706,0.2340,0.5932,15.9058,0.3841,863.2492
5548.68,3044.292,0.0000,1303.6960,2504.4000,5582.4000,2504.3386,3.2844,372.9205,1.2477,-3066.7656,0.0961,0.2342,22.4814,0.3911,979.4059
5548.68,2656.509,0.0000,1796.3669,2891.2000,5582.4000,2892.2837,3.9623,425.9408,0.1472,-384.9719,0.0388,0.0955,8.6252,0.1648,476.2454
5548.68,2283.119,0.0000,11058.0568,3265.4000,5582.4000,3265.5325,4.0182,2585.5133,-0.7135,2354.0518,0.0198,0.0487,26.3148,0.5055,1650.2791
5548.68,1157.0208,0.0000,4758.9325,4391.5000,5582.4000,4391.7179,4.8025,930.9870,-0.6482,2863.8257,0.0367,0.0912,14.7329,0.3089,1356.3884
5548.68,4650.3,0.0000,1409.3714,898.0000,5582.4000,897.6655,3.5434,373.6857,0.2422,167.0424,0.1674,0.4093,36.4135,0.6576,590.5986
5573.9,4358.44,0.0000,249.6772,1214.3000,1907.7000,1214.1458,2.8850,82.1213,-0.6058,733.2104,0.3005,0.9015,20.0205,1.0137,1218.9963
5573.9,3922.71,0.0000,123.7908,1649.9000,1907.7000,1650.1348,3.1165,37.3180,0.0201,-36.3695,0.6927,1.8199,17.4330,0.8953,1473.0807
5573.9,3913.8,0.0000,305.1878,1658.8000,1907.7000,1659.3423,2.5961,110.4457,0.3506,-575.3988,0.1923,0.4651,16.8272,0.2612,432.9554
5573.9,3357.29,0.0000,98.7645,2215.2000,1907.7000,2214.2778,2.2836,40.6341,0.2544,-561.5393,0.6186,1.4878,22.5960,0.3292,729.1504
5573.9,3307.872,0.0000,112.9563,2264.6000,1907.7000,2264.9545,1.5579,68.1202,-0.1176,270.1352,0.1990,0.8079,26.1278,0.3856,875.3568
5573.9,5096.87,10000000000,0,476.8000,1907.7000,0,0,0,0,0,0,0,0,0,0
5573.9,4358.44,0.0000,2457.7878,1214.3000,5557.7000,1214.2769,2.6924,857.6259,-0.3676,475.2506,0.0307,0.0743,20.1133,0.3174,385.3467
5573.9,3922.71,0.0000,685.9599,1649.9000,5557.7000,1649.9194,2.1312,302.3953,1.1656,-1870.7894,0.1163,0.3121,35.2016,1.0601,1738.7627
5573.9,3913.8,0.0000,3517.5840,1658.8000,5557.7000,1658.7969,2.8419,1162.8845,-2.2037,3705.9472,0.0701,0.1701,59.0431,0.9571,1586.8043
5573.9,3357.29,0.0000,1122.6755,2215.2000,5557.7000,2215.1604,3.2904,320.5573,0.0119,-18.9982,0.0587,0.1432,11.7897,0.2053,454.7211
5573.9,3307.872,0.0000,1362.2021,2264.6000,5557.7000,2264.5205,3.4786,367.9360,0.0903,-206.0034,0.0583,0.1666,13.4409,0.5754,1309.1461
5573.9,5096.87,0.0000,1692.5787,476.8000,5557.7000,476.1998,2.7684,574.5156,20.8748,-9620.2290,0.0935,0.2637,39.9060,6.1088,2915.0102
5594.16,4479.9,0.0000,1506.8280,1113.6000,5537.4400,1113.5253,2.3821,594.2903,1.0862,-1101.9434,0.0684,0.1683,35.2958,0.8404,930.2054
5594.16,4409.176,0.0000,725.1113,1183.5000,5537.4400,1183.3768,3.1063,219.3096,0.1034,-63.0795,0.1254,0.3331,18.7823,0.6537,767.5290
5594.16,4399.2,0.0000,1240.4254,1194.1000,5537.4400,1194.1101,2.5422,458.4197,-1.1064,1385.3694,0.0761,0.1922,28.6124,0.7958,956.1801
5594.16,4315.22,0.0000,725.5130,1277.6000,5537.4400,1277.7051,2.5616,266.0902,0.1549,-145.5591,0.0702,0.1697,14.9993,0.2311,295.0652
5594.16,4196.1,0.0000,1675.7278,1397.4000,5537.4400,1397.4060,2.5670,613.3119,-0.0082,54.4455,0.0401,0.0969,19.7002,0.3039,424.4835
5594.16,3776.27,0.0000,864.0064,1816.3000,5537.4400,1816.2978,2.8045,289.4455,0.6324,-1113.7293,0.0820,0.1988,17.4178,0.2804,509.2696
5594.16,3301.36,0.0000,3483.5644,2291.4000,5537.4400,2291.4311,3.3301,982.8101,-0.5354,1268.5993,0.0389,0.0950,23.6870,0.4149,950.6000
5594.16,3044.292,0.0000,1083.7048,2550.3000,5537.4400,2550.2643,3.7803,269.3308,-0.0605,173.0369,0.0660,0.1619,9.7062,0.1809,461.3220
5594.16,2656.509,0.0000,1358.5384,2936.8000,5537.4400,2936.5020,3.4945,365.2518,0.3810,-1093.7664,0.0756,0.1847,16.2934,0.2923,858.0474
5594.16,1883.516,0.0000,378.2740,3709.3000,5537.4400,3709.6017,3.7097,95.8006,0.0626,-212.1401,0.1197,0.2933,6.3788,0.1178,437.0225
5594.16,1157.0208,0.0000,9334.4326,4435.6000,5537.4400,4435.7628,4.7528,1845.1905,-0.4799,2145.2274,0.0289,0.0717,23.1952,0.4839,2146.0534
5594.16,0.0,0.0000,1273.8788,5592.8300,5537.4400,5592.8878,5.8627,204.1422,-0.0580,326.7794,0.0656,0.1650,4.7331,0.1095,612.4064
5733.3,4409.176,1000000000,0,1324.0000,1188.5000,0,0,0,0,0,0,0,0,0,0
5733.3,4399.2,1000000000,0,1335.0000,1188.5000,0,0,0,0,0,0,0,0,0,0
5733.3,4315.22,1000000000,0,1418.1000,1188.5000,0,0,0,0,0,0,0,0,0,0
5733.3,4196.1,0.0000,2366.2679,1537.8000,1188.5000,1539.6331,2.6942,825.1560,0.1596,-69.7791,0.0539,0.1307,33.9880,0.5388,827.8873
5733.3,4092.04,0.0000,799.0253,1640.7000,1188.5000,1641.114,2.367592,317.0372,0,0,0.2567153,0.4987446,59.40173,0,0
5733.3,3922.71,1000000000,0,1810.3000,1188.5000,0,0,0,0,0,0,0,0,0,0
5733.3,3913.8,0.0000,590.8729,1819.3000,1188.5000,1819.2694,2.6584,208.8200,1.6749,-2902.6836,0.2888,0.6991,46.6722,0.7320,1331.4271
5733.3,3661.527,0.0000,200.2686,2071.7000,1188.5000,2073.1380,2.3214,81.0506,-0.7089,1597.9094,0.4872,1.1852,35.0870,0.5146,1065.5953
5733.3,3357.29,0.0000,342.2057,2376.1000,1188.5000,2376.1131,2.5929,123.9927,0.2707,-520.0899,0.2458,0.5955,24.1946,0.3746,890.1358
5733.3,3285.004,0.0000,157.5359,2448.2000,1188.5000,2448.2385,2.5623,57.7628,-0.0873,329.1100,0.4965,1.2008,23.0206,0.3545,867.8549
5733.3,3044.292,0.0000,282.4989,2688.7000,1188.5000,2689.2286,2.7159,97.7239,-0.2375,752.5381,0.4344,1.0529,32.1700,0.5103,1371.4690
5733.3,2656.509,10000000000,0,3077.0000,1188.5000,0,0,0,0,0,0,0,0,0,0
5733.3,2283.119,0.0000,1582.9537,3450.3000,1188.5000,3449.7943,3.7510,396.4819,-0.4954,1770.6199,0.0862,0.2114,18.8159,0.3494,1205.3423
5733.3,5289.25,0.0000,20178.2075,444.5000,1188.5000,445.2479,6.6952,2831.5271,-12.9965,6043.1732,0.4126,1.0506,362.1923,8.9658,3976.0897
5733.3,1157.0208,1000000000,0,4576.2000,1188.5000,0,0,0,0,0,0,0,0,0,0
5733.3,5005.69,1000000000,0,727.2000,1188.5000,0,0,0,0,0,0,0,0,0,0
5733.3,4409.176,1000000000,0,1324.0000,1724.5000,0,0,0,0,0,0,0,0,0,0
5733.3,4399.2,1000000000.0000,0.0000,1335.0000,1724.5000,0.0000,0.0000,0.0000,0.0000,0.0000,0.0000,0.0000,0.0000,0.0000,0.0000
5733.3,4315.22,1000000000,0,1418.1000,1724.5000,0,0,0,0,0,0,0,0,0,0
5733.3,4196.1,0.0000,85.9429,1537.8000,1724.5000,1536.6102,1.3692,58.9709,0.4028,-502.4485,0.5362,0.8938,32.6794,1.1990,1847.2797
5733.3,4092.04,0.0000,181.4017,1640.7000,1724.5000,1640.7916,2.3357,72.9677,-1.0040,1784.3171,0.6749,1.6329,43.3911,0.6381,1046.3964
5733.3,3922.71,0.0000,174.1269,1810.3000,1724.5000,1809.5972,1.8656,87.6905,-0.2378,543.7697,0.3160,0.6847,28.7964,0.3931,711.5640
5733.3,3913.8,0.0000,219.4933,1819.3000,1724.5000,1818.5219,3.4404,59.9397,-0.2243,519.2810,0.5983,1.4616,21.4984,0.3827,696.1558
5733.3,3661.527,10000000000,0,2071.7000,1724.5000,0,0,0,0,0,0,0,0,0,0
5733.3,3357.29,10000000000,0,2376.1000,1724.5000,0,0,0,0,0,0,0,0,0,0
5733.3,3285.004,100000000,0,2448.2000,1724.5000,0,0,0,0,0,0,0,0,0,0
5733.3,3044.292,0.0000,68.2904,2688.7000,1724.5000,2689.9293,1.2793,50.1502,-0.4114,1185.3395,0.2427,1.6765,52.7590,1.0067,2712.2801
5733.3,2656.509,1000000000,0,3077.0000,1724.5000,0,0,0,0,0,0,0,0,0,0
5733.3,2283.119,0.0000,644.4699,3450.3000,1724.5000,3448.6536,5.1312,118.0006,-0.1359,543.5005,0.2618,0.6532,12.4707,0.2706,933.6940
5733.3,5289.25,41.0000,1171.0457,444.5000,1724.5000,425.9516,6.2313,229.4146,-45.5285,20832.8154,7.2366,18.5637,356.8575,9.9577,4467.1058
5733.3,1157.0208,10000000000,0,4576.2000,1724.5000,0,0,0,0,0,0,0,0,0,0
5733.3,5005.69,1000000000.0000,0.0000,727.2000,1724.5000,0.0000,0.0000,0.0000,0.0000,0.0000,0.0000,0.0000,0.0000,0.0000,0.0000
5733.3,4409.176,0.0000,372.2781,1324.0000,5397.8000,1323.6868,3.0265,115.5638,0.2219,40.9782,0.3459,0.8851,27.6506,0.8473,1115.2607
5733.3,4399.2,0.0000,905.5817,1335.0000,5397.8000,1334.5186,2.2038,386.0641,-0.7911,1401.6074,0.0998,0.2348,35.5283,0.5121,683.7062
5733.3,4315.22,0.0000,2577.6306,1418.1000,5397.8000,1418.0436,2.7660,875.5235,0.0870,261.9993,0.0849,0.2058,55.3071,0.8843,1253.9371
5733.3,4196.1,0.0000,809.3792,1537.8000,5397.8000,1538.1158,4.6753,163.9531,-0.5649,1114.7185,0.3436,1.1420,28.0883,3.9167,6009.1569
5733.3,4092.04,0.0000,31648.8188,1640.7000,5397.8000,1640.9691,2.9261,10161.7801,2.2110,-3239.2512,0.0146,0.0356,104.6746,1.7217,2823.3021
5733.3,3922.71,0.0000,11364.5041,1810.3000,5397.8000,1808.8659,3.1975,3339.1854,6.6711,-11753.6353,0.1074,0.2617,231.1795,3.9730,7192.2139
5733.3,3913.8,0.0000,3844.0217,1819.3000,5397.8000,1819.2780,2.8306,1275.8540,-3.1839,6006.7173,0.0147,0.0387,14.0066,0.4896,895.1170
5733.3,3661.527,0.0000,272.2497,2071.7000,5397.8000,2071.5124,3.2028,79.8620,-0.7138,1645.0493,0.3170,0.7722,16.2891,0.2800,579.7738
5733.3,3357.29,0.0000,12167.1773,2376.1000,5397.8000,2375.8349,3.4938,3271.8911,-0.3527,981.6255,0.0188,0.0458,36.2263,0.6496,1543.5449
5733.3,3285.004,0.0000,4714.6187,2448.2000,5397.8000,2448.1591,3.6366,1218.0101,-1.3463,3460.3319,0.0249,0.0655,17.5843,0.6069,1490.9161
5733.3,3044.292,0.0000,12269.0639,2688.7000,5397.8000,2688.8977,3.5666,3231.8908,-0.9138,2635.1380,0.0226,0.0553,42.2150,0.7652,2056.6959
5733.3,2656.509,0.0000,1119.1333,3077.0000,5397.8000,3076.9772,3.6136,290.9668,0.2409,-617.4248,0.1038,0.2541,17.2510,0.3145,967.7170
5733.3,2283.119,0.0000,45253.3408,3450.3000,5397.8000,3449.9671,4.0319,10544.7766,-2.2224,7743.0076,0.0188,0.0464,101.8184,1.9585,6756.9249
5733.3,5289.25,0.0000,7131.5827,444.5000,5397.8000,444.5110,2.3807,2814.3369,-9.5063,6489.2174,0.0379,0.0907,91.7245,1.3661,606.6685
5733.3,1157.0208,0.0000,5255.4321,4576.2000,5397.8000,4576.2761,4.9241,1002.7186,-0.3550,1633.5746,0.0328,0.0817,13.8442,0.2937,1343.9889
5733.3,5005.69,0.0000,3907.2674,727.2000,5397.8000,727.2062,2.8259,1299.0153,-2.1454,3293.1495,0.0763,0.1851,72.2215,1.1671,848.5460
5775.76,4584.08,0.0000,6204.5124,1191.2000,5355.7000,1191.1428,2.6523,2197.8140,0.4302,-210.7659,0.0332,0.0805,56.6807,0.8877,1057.2337
5775.76,4564.87,0.0000,637.1852,1209.6000,5355.7000,1209.4036,3.5015,170.9704,0.8245,-756.6182,0.2150,0.5824,21.6505,2.1046,2545.9123
5775.76,4399.2,0.0000,3504.1547,1376.3000,5355.7000,1376.3219,2.8179,1168.3164,-0.4116,800.5185,0.0248,0.0602,21.1961,0.3421,470.6973
5775.76,4358.44,0.0000,1883.9279,1416.7000,5355.7000,1416.7275,3.0870,573.3530,0.5409,-534.3169,0.0646,0.1658,25.1525,0.7444,1048.4975
5775.76,4315.22,0.0000,3969.5104,1459.8000,5355.7000,1459.8433,2.8074,1328.4159,0.0752,97.4555,0.0280,0.0680,27.3052,0.4400,641.8975
5775.76,4196.1,0.0000,6824.7371,1579.6000,5355.7000,1579.6141,2.8512,2248.8826,0.7806,-1012.4463,0.0251,0.0609,40.7541,0.6616,1044.6839
5775.76,4168.5,0.0000,1177.6819,1606.6000,5355.7000,1606.6513,3.0296,365.2747,0.2397,-209.0564,0.0641,0.1800,15.9080,2.1725,3492.7915
5775.76,3922.71,0.0000,1124.4824,1852.3000,5355.7000,1852.3074,3.6610,288.9401,2.2402,-3925.2323,0.0981,0.3017,17.5705,0.8931,1644.0438
5775.76,3913.8,0.0000,1721.8328,1860.2000,5355.7000,1860.1306,2.7196,594.8313,-0.5904,1367.5405,0.1743,0.4223,78.4440,1.2438,2313.4901
5775.76,3776.27,0.0000,2816.8726,1998.6000,5355.7000,1998.5577,3.0573,865.6293,1.5378,-2881.8331,0.0771,0.1876,44.9822,0.7557,1509.8184
5775.76,3711.96,0.0000,2726.1049,2063.2000,5355.7000,2063.1307,3.3177,771.9755,3.2089,-6514.9187,0.1345,0.3281,64.5253,1.1281,2327.3343
5775.76,3676.092,0.0000,18573.4912,2099.3000,5355.7000,2098.9058,3.1698,5505.0927,0.1596,-175.9131,0.0139,0.0338,49.6560,0.8489,1781.9926
5775.76,3357.29,0.0000,1591.9638,2417.3000,5355.7000,2417.2990,4.0223,371.8473,-0.0013,118.1396,0.0663,0.1632,12.6698,0.2434,588.3858
5775.76,3307.872,0.0000,892.4009,2466.2000,5355.7000,2466.169,2.948687,284.3146,0,0,0.2663705,0.4391262,30.34413,0,0
5775.76,3301.36,0.0000,2060.367,2474.9000,5355.7000,2474.121,3.311421,584.5181,0,0,0.1550048,0.2674462,27.40858,0,0
5775.76,3044.292,0.0000,10101.2107,2730.7000,5355.7000,2730.9880,3.7029,2562.9139,-0.9717,2752.1153,0.0265,0.0650,37.9019,0.6999,1910.5004
5775.76,2656.509,0.0000,6965.4585,3120.5000,5355.7000,3118.7219,3.9026,1676.8621,0.9604,-2918.2870,0.0268,0.0660,23.8249,0.4517,1409.4780
5775.76,2283.119,0.0000,20903.0812,3492.9000,5355.7000,3492.0513,4.1182,4768.7877,-2.5782,9029.4716,0.0269,0.0662,64.2844,1.2494,4362.9410
5775.76,1157.0208,0.0000,10378.13,4618.0000,5355.7000,4618.083,5.526223,1764.243,0,0,0.03527733,0.07504564,24.0561,0,0
5775.76,5230.33,0.0000,1313.2120,545.3000,5355.7000,545.2668,1.8524,666.0556,-1.2258,2222.3733,0.0544,0.1359,40.2372,3.2244,1761.7420
5775.76,5096.87,0.0000,1351.7928,678.6000,5355.7000,678.6666,2.0632,615.5963,9.8086,-5581.8674,0.1067,0.2804,67.6620,2.4484,1635.4671
5775.76,4803.6,0.0000,1842.2538,972.6000,5355.7000,972.6526,2.3641,732.1301,-6.3388,7150.9771,0.0906,0.2175,57.5416,0.8533,829.4138
5783.15,3913.8,0.0000,468.1978,1867.4000,5348.1000,1867.2443,2.7357,160.8158,3.6078,-6554.0160,0.1265,0.3547,15.2896,2.3174,4329.0950
5783.15,1157.0208,0.0000,8834.494,4625.0000,5348.1000,4625.0280,4.269404,1943.937,0,0,0.03312813,0.06281234,28.58006,0,0
5827.1,3913.8,0.0000,3314.8840,1912.6000,5304.2000,1912.5964,3.0736,1013.2681,-0.0883,196.2708,0.0230,0.0560,15.6380,0.2634,503.6181
5827.1,3307.872,0.0000,4308.9604,2518.8000,5304.2000,2518.8948,3.5290,1147.1515,0.5121,-1284.5850,0.0251,0.0615,16.8618,0.3041,765.5494
5827.1,2283.119,0.0000,1165.6722,3543.5000,5304.2000,3543.5301,4.2364,258.5148,-0.2531,903.9014,0.0558,0.1375,7.0345,0.1387,491.2765
5866.82,4093.7,0.0000,225.8322,1773.3000,1360.5000,1774.0006,3.6641,57.9048,0.0924,-154.3494,0.6303,1.5442,20.5570,0.3776,669.4881
5866.82,3711.96,0.0000,465.0749,2154.6000,1360.5000,2150.4888,6.1921,70.5645,0.0974,-203.6788,0.7968,2.0349,18.9014,0.4587,988.8630
5866.82,3357.29,0.0000,218.7326,2509.2000,1360.5000,2508.6604,6.0086,34.2011,-0.2585,650.5892,1.2510,3.1530,14.7653,0.3455,866.8432
5866.82,3285.004,1000000000,0,2581.5000,1360.5000,0,0,0,0,0,0,0,0,0,0
5866.82,3044.292,1000000000.0000,0.0000,2822.2000,1360.5000,0.0000,0.0000,0.0000,0.0000,0.0000,0.0000,0.0000,0.0000,0.0000,0.0000
5866.82,2283.119,0.0000,319.8062,3583.4000,1360.5000,3582.7779,5.7726,52.0491,-0.5960,2144.0514,0.6530,1.6409,12.2058,0.2800,1003.1565
5866.82,4093.7,0.0000,314.2654,1773.3000,1388.2000,1774.9325,2.9654,99.5653,0.5521,-840.8079,0.3471,0.8443,24.0120,0.3983,706.0255
5866.82,3711.96,1000000000,0,2154.6000,1388.2000,0,0,0,0,0,0,0,0,0,0
5866.82,3357.29,0.0000,132.4300,2509.2000,1388.2000,2510.3486,1.7619,70.6762,-1.6859,4294.7388,0.1954,0.5174,17.0065,3.5387,8892.2782
5866.82,3285.004,0.0000,289.4747,2581.5000,1388.2000,2582.2307,5.3016,51.2985,-0.4039,1106.2000,0.9115,2.2790,18.2752,0.4028,1039.4853
5866.82,3044.292,1000000000,0,2822.2000,1388.2000,0,0,0,0,0,0,0,0,0,0
5866.82,2283.119,0.0000,890.7663,3583.4000,1388.2000,3581.6980,8.7194,95.9791,0.1552,-487.4242,0.5270,1.3825,12.0346,0.3411,1222.4943
5866.82,4093.7,0.0000,10970.8953,1773.3000,5264.4000,1774.2402,2.9126,3538.9057,-0.7085,1319.4265,0.0128,0.0311,32.0756,0.5266,933.5440
5866.82,3711.96,0.0000,2757.2474,2154.6000,5264.4000,2153.8121,5.7468,450.7692,0.2072,-398.7455,0.1619,0.4068,26.3295,0.6026,1298.0297
5866.82,3357.29,0.0000,9304.2130,2509.2000,5264.4000,2509.3146,3.5126,2488.6043,-0.6898,1764.5114,0.0232,0.0567,33.9116,0.6098,1529.8368
5866.82,3285.004,0.0000,5220.9343,2581.5000,5264.4000,2581.5868,3.6279,1352.0693,-1.4006,3655.9982,0.0380,0.0930,29.2016,0.5335,1377.0184
5866.82,3044.292,0.0000,1743.6037,2822.2000,5264.4000,2822.2433,3.9428,415.4701,-0.4290,1233.5856,0.0585,0.1438,12.7372,0.2424,683.9053
5866.82,2283.119,0.0000,13358.0734,3583.4000,5264.4000,3583.2716,4.1345,3035.4552,-1.5401,5525.9636,0.0262,0.0644,39.6955,0.7731,2769.8180
5892.5,4315.22,0.0000,266.1157,1575.2000,5238.8000,1575.2058,2.8679,87.1789,0.0701,-81.8737,0.2941,0.7137,18.4065,0.2996,471.8826
5892.5,4011.4,0.0000,545.8701,1878.7000,5238.8000,1879.4701,3.7970,135.1068,0.6684,-1230.4667,0.2954,0.8690,23.2002,1.0157,1897.1557
5892.5,3711.96,0.0000,2553.7194,2178.6000,5238.8000,2178.6693,3.5718,671.7234,-0.0055,27.3477,0.0478,0.1169,18.5344,0.3361,731.9754
5892.5,3676.092,0.0000,961.9223,2214.5000,5238.8000,2214.4848,3.1460,287.2629,0.0115,5.4253,0.0931,0.2267,17.5214,0.2985,660.8617
5892.5,3307.872,0.0000,1156.2768,2584.0000,5238.8000,2588.4376,7.5485,143.9138,-0.4691,1218.0594,0.2096,0.5534,8.3619,0.2302,594.1012
5892.5,3301.36,0.0000,1116.9111,2589.3000,5238.8000,2588.4676,7.3516,142.7379,-0.5146,1338.2170,0.2197,0.5637,8.8520,0.2290,593.0556
5892.5,3044.292,0.0000,738.1515,2846.8000,5238.8000,2846.8295,3.4443,201.3459,-0.1521,440.0497,0.1590,0.3884,19.1648,0.3415,971.7203
5892.5,2656.509,0.0000,1309.6941,3234.1000,5238.8000,3233.9835,3.8527,319.3798,0.3133,-1005.0884,0.0688,0.1689,11.7800,0.2216,716.6666
5892.5,1157.0208,0.0000,1282.8580,4733.6000,5238.8000,4733.8669,5.5327,217.8436,0.3181,-1506.5710,0.0783,0.1962,6.3892,0.1437,679.9381
5908.2,4399.2,0.0000,1807.7722,1508.1000,5223.1000,1508.1429,2.8547,594.9522,0.6104,-888.4680,0.0694,0.1684,29.7714,0.4835,729.1037
5908.2,3922.71,0.0000,2357.7472,1984.1000,5223.1000,1984.1877,2.9097,761.2864,0.9047,-1750.6201,0.0377,0.1011,20.9899,0.7647,1510.0307
5908.2,3913.8,0.0000,2192.9576,1993.1000,5223.1000,1993.0016,2.9551,697.2050,-1.7683,3569.5227,0.0355,0.0950,17.8153,0.6502,1301.8846
5908.2,3357.29,0.0000,1177.2762,2550.1000,5223.1000,2549.9638,3.9329,281.2303,-0.1949,504.0368,0.0686,0.1686,10.1321,0.1925,490.9764
5908.2,3307.872,0.0000,654.0677,2601.4400,5223.1000,2600.9662,8.0737,76.1112,-0.1625,416.4529,0.4232,1.0966,8.2762,0.2243,583.5084
5908.2,3044.292,0.0000,1572.6645,2862.7000,5223.1000,2862.8093,3.4977,422.4295,-0.5458,1578.8421,0.0649,0.1587,16.1700,0.2903,830.7075
5908.2,2283.119,0.0000,209.0706,3623.7000,5223.1000,3623.6882,4.8412,40.5737,0.0103,-38.3471,0.1729,0.4296,2.9996,0.0631,228.7363
5935.8,4884.02,0.0000,659.4808,1050.9000,5195.5000,1051.1523,2.2213,278.9308,-1.0533,1230.6400,0.1461,0.3565,37.9052,0.5421,569.1633
5935.8,4358.44,0.0000,806.4574,1576.6000,5195.5000,1576.5708,3.2814,230.8994,0.4051,-586.8617,0.1346,0.3282,19.5229,0.3396,535.1336
5935.8,4315.22,0.0000,1327.8732,1619.6000,5195.5000,1619.5440,3.1681,393.7822,0.6383,-991.3139,0.0810,0.1972,20.7460,0.3547,574.1837
5935.8,3776.27,0.0000,450.3564,2158.5000,5195.5000,2158.4028,2.8153,150.6251,-0.3157,719.1788,0.0997,0.2974,12.0363,0.6013,1304.4117
5935.8,3711.96,0.0000,2742.4630,2223.1000,5195.5000,2223.0371,3.3471,769.7878,0.1074,-199.0243,0.0341,0.0832,16.1598,0.2838,630.7860
5935.8,3676.092,0.0000,3254.7014,2258.7000,5195.5000,2258.7435,3.3747,906.1131,-0.3215,776.8631,0.0405,0.0989,22.4249,0.3955,893.0099
5935.8,3357.29,0.0000,2744.1651,2577.8000,5195.5000,2577.8793,3.5997,716.2176,0.0339,-60.4129,0.0411,0.1005,16.8596,0.3070,791.0257
5935.8,3307.872,0.0000,1477.1659,2627.4000,5195.5000,2627.3370,3.9308,353.0583,0.6829,-1759.7792,0.1417,0.3482,26.2848,0.4994,1311.8947
5935.8,3044.292,0.0000,2038.7289,2890.7000,5195.5000,2890.8038,3.8827,493.3179,-0.6890,2012.2455,0.0514,0.1261,13.4738,0.2546,735.6878
5935.8,2656.509,0.0000,2038.7462,3278.5000,5195.5000,3278.4897,4.0817,469.2731,0.2436,-782.8426,0.0542,0.1334,12.8761,0.2492,816.9278
5935.8,2283.119,0.0000,2877.0449,3651.5000,5195.5000,3651.5564,4.5929,588.5226,0.0020,5.3057,0.0437,0.1083,11.5863,0.2376,867.5281
5935.8,1157.0208,0.0000,2372.1945,4778.0000,5195.5000,4776.9929,7.1188,313.0733,-0.3496,1675.3396,0.1337,0.3423,12.2083,0.3113,1487.6495
5995.68,4930.74,0.0000,1117.8002,1064.1000,2319.6000,1074.2486,2.6672,393.7331,-1.3294,1498.1147,0.2081,0.5188,63.8591,1.0705,1137.1281
5995.68,4011.4,0.0000,141.1646,1983.3000,2319.6000,1985.2972,2.1880,60.6160,-3.0014,5964.6407,0.4228,1.0855,24.4764,1.5991,3180.0346
5995.68,3922.71,1000000000,0,2071.6000,2319.6000,0,0,0,0,0,0,0,0,0,0
5995.68,3711.96,-1.0000,101.6969,2282.2000,2319.6000,2280.4915,1.1576,82.5375,3.8239,-8725.3492,0.2625,0.3495,17.2555,3.0253,6899.2472
5995.68,3357.29,100000000000,0.0000,2637.3000,2319.6000,0,0,0,0,0,0,0,0,0,0
5995.68,3285.004,1000000000,0,2709.5000,2319.6000,0,0,0,0,0,0,0,0,0,0
5995.68,3044.292,1000000000,0,2950.5000,2319.6000,0,0,0,0,0,0,0,0,0,0
5995.68,2283.119,1000000000,0,3712.0000,2319.6000,0,0,0,0,0,0,0,0,0,0
5995.68,5397.0,0.0000,741.8617,598.9000,2319.6000,583.3076,1.7851,390.4514,-0.3878,340.8195,0.1331,0.3106,58.2002,0.8299,497.7279
5995.68,4930.74,0.0000,1615.0475,1064.1000,5135.8000,1064.0876,2.9387,516.3266,0.1685,-63.1222,0.0932,0.2434,34.5280,1.1438,1207.1438
5995.68,4011.4,0.0000,2829.6659,1983.3000,5135.8000,1983.3497,2.8663,927.5080,-0.1450,320.6655,0.0244,0.0592,16.2648,0.2647,524.8895
5995.68,3922.71,0.0000,647.0677,2071.6000,5135.8000,2071.7153,2.8911,210.2716,0.7609,-1542.0876,0.1479,0.3590,22.1483,0.3621,749.7964
5995.68,3711.96,0.0000,1491.2009,2282.2000,5135.8000,2282.2801,3.9872,351.3744,0.0328,-51.5041,0.0957,0.2353,17.4215,0.3333,760.5898
5995.68,3357.29,0.0000,3612.8350,2637.3000,5135.8000,2637.3669,3.5672,951.5349,-0.1232,341.5568,0.0256,0.0627,14.0995,0.2554,673.6020
5995.68,3285.004,0.0000,626.1976,2709.5000,5135.8000,2709.5951,3.1009,189.7262,-0.2423,684.2422,0.1703,0.4144,21.4682,0.3632,983.8402
5995.68,3044.292,0.0000,3597.3253,2950.5000,5135.8000,2950.7420,4.7750,707.7877,0.1704,-486.5453,0.0824,0.2045,25.2689,0.5284,1558.5670
5995.68,2283.119,0.0000,3381.1891,3712.0000,5135.8000,3711.6840,5.1240,619.9619,0.1877,-683.4194,0.0834,0.2080,20.9059,0.4523,1678.9213
5995.68,5397.0,0.0000,807.7082,598.9000,5135.8000,598.8668,2.0589,368.5789,0.4745,-51.5261,0.1254,0.3130,46.9578,0.6407,383.1513
6015.2,2656.509,0.0000,832.3875,3357.1000,2300.3000,3360.2942,15.3300,51.2858,0.1933,-598.4522,1.9265,6.1318,14.4194,0.5785,1935.1243
6015.2,2283.119,100000000,0,3731.0000,2300.3000,0,0,0,0,0,0,0,0,0,0
6015.2,1157.0208,1000000000,0,4856.7000,2300.3000,0,0,0,0,0,0,0,0,0,0
6015.2,2656.509,0.0000,628.3716,3357.1000,5116.1000,3356.8635,4.1526,142.1681,-0.0412,141.8165,0.1099,0.2708,7.7762,0.1518,509.4473
6015.2,2283.119,0.0000,856.0216,3731.0000,5116.1000,3730.866,3.845841,209.1034,0,0,0.1762173,0.3626335,13.49897,0,0
6015.2,1157.0208,0.0000,923.2521,4856.7000,5116.1000,4856.5142,5.0187,172.8346,-0.1286,629.7161,0.1128,0.2808,8.0429,0.1723,836.5292
6040.0,4584.08,0.0000,979.4882,1455.1000,5091.6000,1455.1077,2.4048,382.6635,-0.1330,230.9192,0.0657,0.1594,21.5396,0.3210,467.0247
6040.0,4011.4,0.0000,339.4174,2027.9000,5091.6000,2027.7114,3.3329,95.6792,-0.0800,181.4853,0.1886,0.4602,11.1638,0.1957,396.6395
6040.0,3357.29,0.0000,7063.3818,2682.8000,5091.6000,2682.0380,3.5993,1843.7406,-0.1138,318.9969,0.0246,0.0601,25.9763,0.4726,1267.6456
6040.0,2656.509,0.0000,621.8893,3382.3000,5091.6000,3382.4473,4.3271,135.0254,0.2078,-695.0769,0.1395,0.3445,9.0015,0.1793,606.2971
6040.0,2283.119,0.0000,3593.3517,3756.1000,5091.6000,3756.1229,4.3082,783.6108,-0.3497,1323.6989,0.0342,0.0843,12.8498,0.2553,958.9962
6090.9,4399.2,0.0000,268.6360,1690.5000,5040.4000,1690.7710,4.5147,55.9036,0.2067,-343.2595,0.2823,0.6987,7.2312,0.1471,248.5822
6090.9,3357.29,0.0000,748.1743,2732.3000,5040.4000,2732.0147,4.6263,151.9403,-0.1130,313.0647,0.1042,0.2581,7.0790,0.1456,397.9168
6090.9,2656.509,0.0000,289.5076,3432.9000,5040.4000,3432.8029,4.1770,65.1179,-0.1425,492.2478,0.1660,0.4092,5.3490,0.1048,359.4897
6090.9,2283.119,0.0000,1181.723,3807.1000,5040.4000,3806.246,3.558678,285.1339,0,0,0.7295001,1.283192,152.1159,0,0
6090.9,1157.0208,0.0000,51.6089,4932.8000,5040.4000,4932.5465,4.5571,10.6398,-0.0199,97.9116,0.2848,0.7397,1.3814,0.0651,321.0929
6093.9,4399.2,1000000000,0,1692.9000,1388.1000,0,0,0,0,0,0,0,0,0,0
6093.9,3913.8,0.0000,381.6109,2178.6000,1388.1000,2178.2846,3.3383,107.3965,-0.4528,1065.1832,0.5678,1.3853,37.6580,0.6604,1438.3953
6093.9,3711.96,1000000000,0,2380.7000,1388.1000,0,0,0,0,0,0,0,0,0,0
6093.9,3357.29,1000000000,0,2734.5000,1388.1000,0,0,0,0,0,0,0,0,0,0
6093.9,3307.872,0.0000,189.1538,2784.8000,1388.1000,2783.6560,3.9429,45.0714,-0.1325,432.4259,0.6410,1.5751,15.1326,0.2879,801.6796
6093.9,3044.292,0.0000,100.6057,3048.4000,1388.1000,3047.6277,1.9968,47.3362,0.7893,-2383.8658,0.1774,0.4497,8.5468,1.3358,4072.1507
6093.9,2283.119,0.0000,162.6586,3808.2000,1388.1000,3809.0277,3.7038,41.2603,0.0731,-212.9010,0.5710,1.3996,13.1298,0.2425,923.3556
6093.9,4399.2,0.0000,351.9596,1692.9000,5037.4000,1692.4910,4.2246,78.2714,0.1911,-298.9434,0.2842,0.7008,10.8831,0.2142,362.4597
6093.9,3913.8,0.0000,2049.5242,2178.6000,5037.4000,2178.7090,3.1367,613.8715,-0.4706,1041.5994,0.0447,0.1089,18.0412,0.3070,668.5430
6093.9,3711.96,0.0000,1273.9145,2380.7000,5037.4000,2380.7368,3.4796,343.9657,-0.1424,353.8015,0.0662,0.1619,13.5050,0.2418,575.4298
6093.9,3357.29,0.0000,860.9466,2734.5000,5037.4000,2734.2262,5.7025,141.8438,-0.1732,480.7552,0.2191,0.5501,11.2978,0.2576,704.2259
6093.9,3307.872,0.0000,3374.5307,2784.8000,5037.4000,2784.7915,3.8135,831.3585,0.4909,-1365.7843,0.0310,0.0760,13.9366,0.2610,726.6008
6093.9,3044.292,0.0000,312.9097,3048.4000,5037.4000,3048.3236,4.5484,64.6344,-0.2753,849.6495,0.2617,0.6625,7.7348,0.2150,656.2638
6093.9,2283.119,0.0000,1648.493,3808.2000,5037.4000,3809.282,4.492174,332.8607,0,0,1.032329,0.8845627,123.6057,0,0
6146.14,5130.22,0.0000,1729.6981,1017.0000,4984.4000,1016.9769,2.3986,677.5184,-4.5102,5120.3317,0.1254,0.3091,73.3216,1.5482,1582.0145
6146.14,4092.04,0.0000,19772.3098,2053.9000,4984.4000,2054.1502,3.1408,5914.4584,-0.8578,1840.8763,0.0081,0.0197,31.3242,0.5336,1095.4210
6146.14,3922.71,0.0000,1450.3356,2223.3000,4984.4000,2223.4455,3.1026,439.1791,0.4975,-1046.9667,0.0632,0.1538,18.4378,0.3120,693.4958
6146.14,3357.29,0.0000,3451.6199,2789.1000,4984.4000,2789.3216,3.6747,882.4751,0.9855,-2695.5695,0.0425,0.1041,21.0657,0.3872,1079.9992
6146.14,3285.004,0.0000,3486.7524,2861.5000,4984.4000,2861.5699,3.4668,944.9098,0.1241,-276.1462,0.0838,0.2102,47.4861,1.2231,3507.2240
6146.14,3044.292,0.0000,1289.2614,3101.6000,4984.4000,3101.9468,3.7521,322.8293,0.1931,-553.8698,0.1057,0.2591,18.7674,0.3488,1081.4722
6146.14,2283.119,0.0000,12601.5112,3861.7000,4984.4000,3862.9533,5.1928,2279.9483,-0.3892,1535.6762,0.0622,0.1554,56.5725,1.2381,4779.3670
6211.4,4584.08,0.0000,607.1253,1626.8000,4919.9000,1627.055,2.397423,203.5648,0,0,0.2138737,0.5635883,43.05326,0,0
6211.4,4564.87,0.0000,3616.2369,1646.5000,4919.9000,1646.5103,2.8045,1211.4346,-5.5338,9256.0836,0.0667,0.1617,59.3014,0.9550,1571.8183
6211.4,4399.2,0.0000,1659.9624,1812.0000,4919.9000,1811.9621,2.8631,544.7005,0.1238,-152.2428,0.0433,0.1050,16.9411,0.2755,499.2386
6211.4,4358.44,0.0000,4896.8904,1852.4000,4919.9000,1852.3598,3.0011,1532.9902,0.0624,-42.4523,0.0144,0.0351,15.1902,0.2528,468.2694
6211.4,3922.71,0.0000,256.661,2289.2000,4919.9000,2288.611,3.166401,75.7491,0,0,0.2370901,0.515989,11.21084,0,0
6211.4,3913.8,0.0000,13740.7521,2297.5000,4919.9000,2297.2043,3.3577,3844.7829,-4.0200,9311.5183,0.0205,0.0499,48.2980,0.8494,1951.0684
6211.4,3711.96,0.0000,2737.3659,2499.0000,4919.9000,2499.0416,3.8082,675.3249,0.3727,-905.8755,0.0536,0.1316,19.6318,0.3672,917.6805
6211.4,3676.092,0.0000,287.1249,2534.7000,4919.9000,2534.6612,3.4295,78.6578,0.3387,-845.8318,0.1895,0.4830,9.0799,0.2755,700.0495
6211.4,3357.29,0.0000,1012.6862,2853.6000,4919.9000,2853.7292,4.0212,236.6030,0.0216,-54.4720,0.0825,0.2028,10.0218,0.1926,549.5025
6211.4,3307.872,0.0000,898.5100,2903.4000,4919.9000,2903.6049,4.3963,192.0153,0.7532,-2177.4766,0.1218,0.3009,10.9987,0.2208,640.9551
6211.4,3044.292,0.0000,1303.5075,3166.7000,4919.9000,3166.6557,3.8971,314.2493,-0.1219,393.8817,0.0563,0.1383,9.3740,0.1774,561.6306
6211.4,2283.119,0.0000,2768.8010,3927.6000,4919.9000,3927.9208,4.3352,600.0424,0.5028,-1981.9357,0.0517,0.1277,14.7952,0.2951,1158.9320
6211.4,5397.0,0.0000,1894.0912,815.6000,4919.9000,815.4569,2.3485,757.7213,0.8583,-289.4143,0.0549,0.1312,36.2638,0.5367,437.4537
6226.6,5005.69,0.0000,572.0411,1219.7000,4904.7000,1219.6451,2.4230,221.8106,-0.0430,120.0900,0.1089,0.2621,20.4705,0.3071,374.3719
6226.6,4650.3,0.0000,970.1788,1574.4000,4904.7000,1574.4261,2.8180,323.4501,0.3161,-454.9304,0.0780,0.1891,18.4195,0.2973,467.9394
6226.6,4584.08,0.0000,852.9919,1641.0000,4904.7000,1641.0245,2.7771,288.5695,-0.2420,450.5169,0.1170,0.2836,25.0160,0.4008,657.6533
6226.6,4479.9,0.0000,604.5087,1745.5000,4904.7000,1745.4954,2.4686,230.0617,-0.1807,363.9597,0.0887,0.2134,16.9726,0.2570,448.5022
6226.6,4196.1,0.0000,4460.1746,2029.3000,4904.7000,2029.3014,3.0037,1395.0693,-0.5843,1226.2877,0.0160,0.0389,15.2918,0.2546,516.6599
6226.6,4011.4,0.0000,432.1766,2214.8000,4904.7000,2214.7544,2.7002,150.3733,-0.4625,1060.8141,0.1482,0.3590,16.9829,0.2685,594.3359
6226.6,3711.96,-2.0000,751.6032,2513.4000,4904.7000,2513.3367,4.1919,180.6059,0.2956,-709.5457,0.1438,0.4723,16.2013,0.9468,2367.7897
6226.6,3676.092,0.0000,1125.9103,2549.0000,4904.7000,2549.0697,4.0957,258.2737,-0.0234,90.0918,0.0897,0.2208,11.6860,0.2265,577.3941
6226.6,3307.872,-1.0000,1391.6376,2917.5000,4904.7000,2917.5158,3.7890,350.3827,1.8781,-5432.8278,0.0640,0.2062,14.8585,0.8380,2434.6689
6226.6,3301.36,-1.0000,1666.9896,2924.0000,4904.7000,2923.8748,4.2011,378.4432,-0.9868,2905.7937,0.0908,0.3055,21.2747,1.2901,3788.0806
6226.6,3044.292,0.0000,1227.1546,3180.8000,4904.7000,3180.8323,4.5095,255.6628,-0.9633,3065.9701,0.1382,0.3420,16.2081,0.3296,1047.9912
6226.6,2656.509,0.0000,1394.7217,3568.5000,4904.7000,3568.4928,4.3267,302.8551,-0.0826,299.9886,0.0596,0.1470,8.6195,0.1717,612.4876
6226.6,2283.119,0.0000,1114.2604,3942.0000,4904.7000,3942.1640,4.7377,220.9635,-0.2128,841.8042,0.0776,0.1926,7.4926,0.1560,614.8322
6226.6,1157.0208,0.0000,1915.4941,5067.9000,4904.7000,5068.0635,5.3205,338.2411,-0.1876,952.0546,0.0615,0.1537,8.0967,0.1787,905.3257
6232.01,3044.292,0.0000,1135.9296,3187.1000,4898.5000,3187.2469,3.6664,291.0792,0.2174,-686.7652,0.0657,0.1609,10.7614,0.1976,629.7351
6242.4,3044.292,0.0000,4721.5149,3195.8000,4889.2000,3195.8045,3.8065,1165.3355,-0.5355,1809.8672,0.0497,0.1219,31.4072,0.5877,1877.5467
6242.4,2283.119,0.0000,2673.3134,3957.5000,4889.2000,3957.5049,5.0706,495.3288,-0.3135,1249.3307,0.0366,0.0911,7.3936,0.1592,629.7910
6446.5,1157.0208,0.0000,2495.9528,5288.0000,4686.3000,5286.7302,5.5121,425.4253,-0.5516,2919.1505,0.0475,0.1190,7.5928,0.1706,902.4151
6507.1,4358.44,0.0000,1694.2669,2150.5000,4624.9000,2150.3260,3.4262,464.5875,-0.7495,1656.6630,0.1238,0.3025,34.6315,0.6151,1322.5451
6507.1,2283.119,0.0000,4348.8749,4222.0000,4624.9000,4222.0260,4.6877,871.6049,-0.3600,1517.3342,0.0383,0.0949,14.7206,0.3048,1287.0196
6507.1,0.0,0.0000,10.03734,6506.0000,4624.9000,6503.939,1.19199,7.910679,0,0,0.2707512,0.9995181,8.096274,0,0
6566.5,5300.5,0.0000,407.5195,1267.2000,4564.8000,1266.1108,3.3593,113.9725,0.0800,-31.7774,0.3813,0.9308,26.6750,0.4695,594.9909
6566.5,5096.87,0.0000,1760.8029,1468.6000,4564.8000,1468.5878,2.8457,581.3379,-0.3544,566.9879,0.0367,0.0889,15.4180,0.2501,367.0882
6566.5,5025.73,0.0000,1169.0229,1538.6000,4564.8000,1538.6233,2.8341,387.5350,0.2454,-335.8091,0.0384,0.0931,10.8088,0.1750,269.0858
6566.5,4564.87,0.0000,884.5162,2000.5000,4564.8000,2000.5701,3.0383,273.5092,-0.2860,609.5430,0.0624,0.1517,11.5720,0.1938,387.6180
6566.5,4358.44,0.0000,344.0805,2206.6000,4564.8000,2206.6123,3.0283,109.0493,0.8066,-1749.5830,0.1558,0.4754,13.6505,0.7498,1663.1041
6566.5,4196.1,0.0000,167.9582,2369.8000,4564.8000,2369.8021,2.4515,64.3690,-0.1202,325.2014,0.2046,0.4952,11.0561,0.1666,394.5995
6566.5,3922.71,0.0000,3284.0216,2642.8000,4564.8000,2642.8313,3.3316,926.2061,2.9179,-7645.2384,0.0391,0.1117,23.6964,1.0021,2637.3013
6566.5,3913.8,0.0000,4443.9753,2651.6000,4564.8000,2651.6540,3.4202,1220.7868,-3.3498,8954.1440,0.0287,0.0810,22.1766,0.9806,2609.8100
6566.5,3711.96,0.0000,482.6743,2852.9000,4564.8000,2852.7662,5.4360,83.4211,-0.4581,1322.9420,0.1943,0.4863,6.1776,0.1377,392.6113
6566.5,3357.29,0.0000,2556.4658,3207.9000,4564.8000,3208.0305,3.9477,608.4057,-0.4420,1431.9260,0.0442,0.1086,14.0573,0.2679,859.0275
6566.5,3307.872,0.0000,2187.1594,3257.7000,4564.8000,3257.6714,4.2059,488.5665,-0.0434,152.5430,0.0418,0.1030,10.0339,0.1971,642.0054
6566.5,3044.292,0.0000,238.7111,3520.4000,4564.8000,3520.5277,4.0298,55.6527,0.0270,-87.2937,0.1692,0.4162,4.8266,0.0928,326.7937
6566.5,2656.509,0.0000,213.9878,3907.6000,4564.8000,3907.5857,3.6678,54.8124,0.1950,-755.9465,0.1241,0.3039,3.8260,0.0703,274.5856
6566.5,2283.119,0.0000,1378.7103,4281.7000,4564.8000,4281.7742,5.2625,246.1395,0.0421,-177.0467,0.0419,0.1045,4.0554,0.0890,380.7711
6575.2,5548.68,0.0000,766.0174,1025.0000,4556.1200,1024.8293,2.4391,295.0635,-2.4374,2700.9567,0.1135,0.2748,28.2598,0.4244,435.0917
6575.2,5025.73,0.0000,599.8494,1547.2000,4556.1200,1547.2844,2.7260,206.7396,0.4654,-653.5089,0.1436,0.3479,22.4093,0.3558,550.4328
6575.2,5005.69,0.0000,221.3477,1567.6000,4556.1200,1567.4310,3.0578,68.0091,-0.4044,687.6778,0.2570,0.6357,11.8334,0.2823,443.7974
6575.2,4650.3,0.0000,280.3070,1922.8000,4556.1200,1922.7945,2.3790,110.6966,-0.0699,177.8076,0.1535,0.3714,14.6969,0.2181,419.2297
6575.2,4315.22,0.0000,1118.5465,2258.2000,4556.1200,2258.2149,3.2724,321.1358,-0.7728,1785.5120,0.0942,0.2296,19.0500,0.3308,747.0087
6575.2,4196.1,0.0000,599.6643,2378.1000,4556.1200,2378.1267,3.0303,185.9166,-0.4145,1013.0455,0.0726,0.1766,9.1798,0.1535,365.0638
6575.2,3676.092,0.0000,799.9326,2897.2000,4556.1200,2896.2381,7.5756,99.2065,-0.0195,77.4844,0.3062,0.7885,8.3231,0.2188,633.9294
6575.2,3357.29,0.0000,624.8246,3216.4000,4556.1200,3216.5878,5.0240,116.8450,-2.0774,6696.5157,0.4553,1.1337,21.9263,0.4699,1511.2268
6575.2,3307.872,0.0000,1615.2906,3265.5000,4556.1200,3265.6189,4.2475,357.2878,-0.2932,992.4281,0.1098,0.2708,19.0925,0.3769,1230.4567
6575.2,3044.292,0.0000,2792.4090,3529.1000,4556.1200,3529.2705,4.6275,566.9415,-0.6069,2152.9930,0.0476,0.1180,12.0740,0.2485,876.8365
6575.2,2656.509,0.0000,261.4208,3916.8000,4556.1200,3916.9443,3.7072,66.2517,-0.0925,371.3630,0.1287,0.3155,4.7488,0.0877,343.5364
6575.2,2283.119,0.0000,867.3429,4289.9000,4556.1200,4290.3533,5.5291,147.3807,-0.1929,838.2034,0.1817,0.4558,10.0424,0.2261,969.6246
6575.2,1157.0208,0.0000,665.3320,5416.7000,4556.1200,5416.7578,5.8573,106.7184,-0.1297,703.3657,0.0929,0.2337,3.5078,0.0811,439.2389
6579.6,5397.0,0.0000,207.9863,1182.7000,4551.7000,1182.5976,1.5225,128.3418,-0.7658,1000.0204,0.1927,0.3550,27.1820,0.7214,846.8543
6579.6,5300.5,0.0000,378.0936,1277.8000,4551.7000,1277.7247,1.8436,192.6768,-0.3389,513.7980,0.1066,0.2499,22.4781,0.2961,378.0905
6579.6,5130.22,0.0000,399.4661,1448.5000,4551.7000,1448.3933,2.5834,145.2726,-0.0025,59.5713,0.1368,0.3319,15.8370,0.2873,416.6541
6579.6,4904.58,0.0000,2566.4769,1672.9000,4551.7000,1672.8810,3.2150,749.9930,-1.1466,1984.0788,0.0627,0.1529,30.1694,0.5197,868.8263
6579.6,4564.87,0.0000,511.3642,2013.6000,4551.7000,2013.5816,2.6830,179.0625,0.0332,-20.6866,0.1320,0.3194,18.1202,0.2856,574.8297
6579.6,4399.2,0.0000,1851.6678,2179.3000,4551.7000,2179.2714,3.1616,550.2435,0.0588,-100.6038,0.0354,0.0861,12.6837,0.2166,471.9339
6579.6,4358.44,0.0000,1071.7979,2219.8000,4551.7000,2219.8249,4.0195,250.5188,-1.0108,2272.0809,0.1321,0.3251,17.0142,0.3270,725.5291
6579.6,3913.8,0.0000,1195.3607,2664.7000,4551.7000,2664.7785,3.4033,329.9859,-0.8179,2212.7386,0.1215,0.2966,24.2872,0.4302,1145.8753
6579.6,3711.96,0.0000,334.1083,2866.3000,4551.7000,2866.0784,4.3074,72.8743,-0.2228,657.8178,0.2244,0.5538,7.8488,0.1559,446.9205
6579.6,3676.092,0.0000,443.2232,2901.4000,4551.7000,2898.4021,6.6512,62.6072,0.0258,-61.1006,0.3431,0.8778,6.7158,0.1674,485.8875
6579.6,3044.292,0.0000,1997.9249,3534.2000,4551.7000,3530.2295,6.9125,271.5468,-0.0455,164.7858,0.1547,0.4008,12.6773,0.3276,1158.5825
6600.1,4564.87,0.0000,1151.4268,2033.9000,4531.1000,2033.8215,3.1907,339.0375,0.1635,-320.5504,0.0509,0.1239,11.1415,0.1912,388.6629
6600.1,4196.1,0.0000,196.9065,2403.3000,4531.1000,2403.5635,3.0289,61.0770,-0.1323,324.4672,0.1821,0.4426,7.5618,0.1265,303.8675
6600.1,4011.4,0.0000,794.4122,2587.7000,4531.1000,2587.6907,3.7793,197.4844,-0.1590,415.5054,0.0799,0.1960,8.6207,0.1607,415.7540
6600.1,3913.8,0.0000,528.3335,2685.1000,4531.1000,2684.8209,3.5701,139.0353,-0.4135,1120.6798,0.1560,0.3816,12.5325,0.2271,609.8649
6600.1,3357.29,0.0000,348.3940,3241.4000,4531.1000,3241.2316,5.3475,61.2093,0.3840,-1245.4820,0.2874,0.7184,6.8157,0.1506,487.9656
6600.1,3044.292,0.0000,342.2668,3554.0000,4531.1000,3554.0746,4.8087,66.8710,0.0930,-333.7458,0.2802,0.6957,8.0637,0.1691,600.9213
6672.92,5458.9,0.0000,6408.3523,1214.7400,4457.9000,1214.7507,2.5646,2347.6333,5.5529,-6322.4081,0.0758,0.1834,142.7614,2.2002,2670.9112
6672.92,5300.5,0.0000,1054.5575,1373.3000,4457.9000,1372.2131,2.3466,422.2104,7.0865,-9376.1982,0.2793,0.6753,103.3755,1.5239,2092.5855
6672.92,5230.33,0.0000,10780.2361,1442.7000,4457.9000,1442.7727,2.6529,3817.6963,-12.6884,18720.3061,0.1030,0.2494,304.9660,4.7789,6890.8380
6672.92,5130.22,0.0000,9887.9683,1542.9500,4457.9000,1541.6559,5.6371,1647.9823,-0.7496,1379.8684,0.1465,0.3674,88.7377,2.0119,3102.8682
6672.92,4584.08,0.0000,19809.1996,2088.2000,4457.9000,2088.3968,3.1353,5935.9501,3.0696,-6184.7335,0.0150,0.0365,58.4972,0.9949,2077.2182
6672.92,4399.2,0.0000,4549.7231,2273.9500,4457.9000,2272.0134,6.7175,636.3262,0.7551,-1566.2087,0.1897,0.4830,37.2957,0.9237,2100.1623
6672.92,4358.44,0.0000,2588.7607,2313.6000,4457.9000,2312.0423,6.1677,395.7571,0.7877,-1713.1818,0.1480,0.5050,22.9620,1.3355,3105.2998
6672.92,4196.1,0.0000,2442.5386,2477.0000,4457.9000,2477.0721,4.4214,519.0160,0.9621,-2239.0469,0.0961,0.2374,23.3219,0.4693,1162.5148
6672.92,4011.4,-2.0000,521.8379,2662.0000,4457.9000,2661.8589,3.6434,152.0091,-1.2303,3406.0742,0.2069,0.6444,19.0120,1.0484,2803.4969
6672.92,3922.71,0.0000,6981.8286,2746.5000,4457.9000,2746.5349,3.2956,1990.3502,10.8918,-29593.4066,0.1671,0.4075,208.0482,3.6263,9957.3472
6672.92,3913.8,0.0000,1101.773,2758.5,4457.9000,2759.783,2.936747,352.4465,0,0,0.1362666,0.2480325,25.81533,0,0
6672.92,3776.27,0.0000,897.8852,2896.7000,4457.9000,2896.3208,3.2712,257.8747,2.0582,-5855.1487,0.1811,0.4415,29.4234,0.5109,1479.5743
6672.92,3711.96,0.0000,3414.4914,2957.6000,4457.9000,2958.2879,5.3125,603.8495,-8.1653,24376.0930,0.5879,1.4702,138.4679,3.0558,9034.4418
6672.92,3676.092,0.0000,959.5778,2995.4000,4457.9000,2996.5845,7.3869,122.0441,0.7981,-2294.6268,0.3168,0.8156,10.8728,0.2835,848.6293
6672.92,3357.29,0.0000,1678.1955,3315.2000,4457.9000,3315.3435,4.2335,372.4333,-2.8140,9432.6236,0.1833,0.4519,33.3199,0.6565,2176.1847
6672.92,3307.872,0.0000,4662.5589,3367.0000,4457.9000,3366.9591,4.8522,902.7830,-2.5916,8840.6367,0.1023,0.2542,39.4015,0.8298,2794.0972
6672.92,3044.292,0.0000,10452.7709,3628.9000,4457.9000,3628.0678,5.1022,1924.7445,-1.5876,5815.8330,0.0832,0.2074,65.0226,1.4036,5092.2223
6672.92,2656.509,0.0000,915.7337,4016.2100,4457.9000,4016.3220,4.2941,200.3556,0.1144,-426.2823,0.0832,0.2052,8.0214,0.1591,639.1046
6672.92,2283.119,0.0000,6988.2073,4389.9300,4457.9000,4388.4677,7.6500,858.2287,-1.6743,7368.4164,0.1509,0.3888,35.1249,0.9272,4069.7664
6813.8,5397.0,0.0000,522.1272,1417.2000,4317.6000,1417.1849,2.5087,195.5386,0.7602,-1048.3793,0.1603,0.3880,25.7136,0.3917,555.1087
6813.8,5096.87,0.0000,509.9117,1715.7000,4317.6000,1715.8051,2.9482,162.4956,0.1917,-311.9839,0.1324,0.3216,15.0239,0.2480,425.2666
6813.8,4399.2,0.0000,588.7817,2413.5000,4317.6000,2413.6347,3.7888,145.9999,0.0365,-78.2757,0.1130,0.2771,8.9873,0.1677,404.7542
6813.8,4011.4,0.0000,411.2430,2801.3000,4317.6000,2801.6474,3.8190,101.1691,-0.0890,258.2867,0.1140,0.2798,6.2357,0.1168,327.2661
6813.8,3922.71,0.0000,475.1523,2891.1000,4317.6000,2891.0235,4.8394,92.2449,-0.0189,63.0171,0.2311,0.5740,9.1176,0.1918,554.4334
6813.8,3357.29,0.0000,566.5890,3455.2000,4317.6000,3455.2294,4.0512,131.3954,-0.0214,78.9720,0.0870,0.2141,5.8309,0.1124,388.4319
6813.8,2283.119,0.0000,1463.6415,4529.2000,4317.6000,4529.2781,5.2385,262.4979,-0.1236,561.8567,0.0454,0.1134,4.7156,0.1031,467.0490
6813.8,1157.0208,0.0000,864.5453,5655.2000,4317.6000,5655.3990,5.9875,135.6582,-0.1588,898.5306,0.0623,0.1570,2.9277,0.0684,386.7117
6846.27,1157.0208,0.0000,2612.7394,5687.7000,4285.1100,5687.8925,5.8674,418.3591,-0.1433,818.8984,0.0538,0.1354,7.9511,0.1841,1046.6924
6849.48,5300.5,0.0000,291.7862,1549.0000,4281.9000,1549.0934,3.2555,84.2065,0.1930,-274.0468,0.2184,0.5481,11.7676,0.1839,282.3951
6849.48,5096.87,0.0000,316.9833,1753.1000,4281.9000,1753.1123,2.3897,124.6222,-0.7847,1392.5481,0.1375,0.3337,14.7736,0.2194,384.6722
6849.48,4399.2,0.0000,689.5981,2451.1000,4281.9000,2451.0578,3.7626,172.1906,0.2260,-548.9836,0.1221,0.2993,11.5301,0.2144,525.5054
6849.48,4358.44,0.0000,335.6263,2491.7000,4281.9000,2491.7031,2.5687,122.7571,-0.2245,567.9010,0.1060,0.2563,10.4191,0.1607,400.3591
6849.48,3913.8,0.0000,728.1088,2934.8000,4281.9000,2933.9216,8.2927,82.4904,-0.0234,71.2904,0.3333,0.8663,6.8752,0.1889,554.2833
6849.48,3711.96,0.0000,309.1752,3138.4000,4281.9000,3138.4346,4.1895,69.3338,0.1167,-361.0432,0.2280,0.5619,7.7982,0.1529,479.6956
6849.48,3357.29,0.0000,882.1968,3491.8000,4281.9000,3494.2626,10.1190,81.9126,-0.0732,257.9644,0.3497,0.9615,5.8992,0.1884,656.9218
6849.48,3044.292,0.0000,1159.6557,3805.1400,4281.9000,3807.2771,6.5556,166.1961,-0.0600,229.1789,0.1111,0.2834,5.8526,0.1444,549.0808
6849.48,2283.119,0.0000,1437.1250,4564.7000,4281.9000,4565.1583,5.3967,250.1866,-0.0243,106.3990,0.1135,0.2723,10.7966,0.0466,212.4487
6854.8,3922.71,0.0000,797.1732,2932.5000,4276.6000,2932.3690,3.8143,196.3520,0.2183,-638.1695,0.1000,0.2453,10.6248,0.1989,583.2157
6854.8,3044.292,0.0000,948.5378,3809.6000,4276.6000,3808.8457,5.7674,154.5166,-0.0898,343.0979,0.0900,0.2261,4.9975,0.1146,436.4219
6922.5,5733.3,0.0000,2552.4002,1188.5000,4208.9000,1188.5602,3.5406,677.2858,0.1360,-23.8572,0.0587,0.1436,23.1728,0.4184,496.9838
6922.5,5458.9,0.0000,538.0197,1462.8000,4208.9000,1462.8592,2.9130,173.5218,-0.0744,218.4132,0.1500,0.3643,18.4004,0.3019,441.4117
6922.5,5289.25,0.0000,2488.2900,1632.0000,4208.9000,1633.9550,3.2190,726.2509,3.7845,-5999.7530,0.1155,0.2817,53.7279,0.9281,1514.2977
6922.5,5230.33,0.0000,733.1037,1690.8000,4208.9000,1690.8773,3.0512,225.7344,-0.4667,890.3305,0.1301,0.3165,19.8346,0.3330,562.7076
6922.5,5130.22,0.0000,396.3567,1791.1000,4208.9000,1791.1791,2.5439,146.3810,-0.1700,395.1422,0.1967,0.4761,23.2863,0.3572,639.8040
6922.5,5005.69,0.0000,2460.0832,1916.2000,4208.9000,1916.1773,4.4673,517.3731,-0.2366,532.3791,0.0654,0.1618,15.6704,0.3170,607.2768
6922.5,4904.58,0.0000,452.6693,2015.5000,4208.9000,2015.2598,3.8785,109.6531,0.1994,-334.2630,0.2093,0.5139,12.2186,0.2306,464.6921
6922.5,4584.08,0.0000,787.9058,2337.5000,4208.9000,2337.3300,4.6744,158.3602,0.4405,-971.6140,0.1391,0.3549,9.8233,0.2800,652.7886
6922.5,4564.87,0.0000,2146.5843,2356.6000,4208.9000,2356.6158,3.0908,652.4965,-2.2255,5317.6900,0.0691,0.1681,30.0471,0.5075,1195.6623
6922.5,4399.2,0.0000,641.4948,2521.0000,4208.9000,2520.7383,5.3823,111.9772,0.1397,-295.5344,0.2224,0.5562,9.5871,0.2125,535.6556
6922.5,4196.1,0.0000,1046.4601,2725.0000,4208.9000,2722.6413,3.4164,287.7786,0.5418,-1409.4699,0.0932,0.2280,16.2016,0.2886,786.6272
6922.5,4168.5,0.0000,326.1189,2752.9000,4208.9000,2752.7382,3.6284,84.4435,-0.5190,1490.3615,0.2324,0.5691,11.1625,0.2040,561.3768
6922.5,4011.4,0.0000,3669.7810,2910.2000,4208.9000,2910.2427,3.8414,897.5253,-0.0223,110.0428,0.0308,0.0756,14.8621,0.2792,812.4537
6922.5,3922.71,0.0000,1726.424,3000.1000,4208.9000,3000.132,4.700866,334.5095,0,0,0.1086855,0.3468973,16.07108,0,0
6922.5,3913.8,0.0000,2492.443,3006.8000,4208.9000,3006.823,4.256615,550.0835,0,0,0.0670221,0.1495253,17.3455,0,0
6922.5,3711.96,0.0000,403.9281,3210.2000,4208.9000,3210.1,5.308446,71.48329,0,0,0.2804353,0.7010803,7.689869,0,0
6922.5,3357.29,0.0000,3164.3105,3563.9000,4208.9000,3563.8049,4.2827,694.1624,0.1798,-601.3841,0.0372,0.0917,12.4477,0.2468,879.2151
6922.5,3307.872,0.0000,1237.261,3614.8000,4208.9000,3614.749,6.12837,189.6637,0,0,0.1881304,0.4610989,9.410524,0,0
6922.5,3301.36,0.0000,829.843,3621.1000,4208.9000,3621.097,5.693092,135.7911,0,0,0.4163219,0.860258,9.314158,0,0
6922.5,3044.292,0.0000,5993.0682,3877.0500,4208.9000,3877.0218,4.6597,1208.3605,-0.3249,1294.5293,0.0272,0.0675,14.6107,0.3017,1169.5842
6922.5,2656.509,0.0000,2126.3481,4264.9000,4208.9000,4264.8422,4.5815,436.0400,-0.2062,907.4460,0.0481,0.1192,9.4737,0.1941,827.7995
6922.5,2283.119,0.0000,7717.9695,4637.9300,4208.9000,4637.8854,5.0165,1445.4529,-0.2163,1021.4204,0.0416,0.1037,24.8425,0.5323,2468.3195
6963.3,5289.25,0.0000,288.8195,1672.6000,4168.1000,1672.4882,3.6645,74.0478,-0.5223,930.0966,0.3615,0.8854,15.0741,0.2768,462.7154
6963.3,5230.33,0.0000,1457.4189,1731.0000,4168.1000,1728.1895,10.0943,135.6511,0.3096,-488.3336,0.5933,1.6186,16.5773,0.5221,905.6670
6963.3,5130.22,0.0000,339.8881,1831.3000,4168.1000,1831.3190,2.8100,113.6411,-0.0504,133.2002,0.1485,0.3754,12.5285,0.3472,633.1911
6963.3,3711.96,0.0000,900.7187,3248.6000,4168.1000,3246.2829,10.6083,79.7727,-0.3462,1158.6431,0.6396,1.7411,9.9505,0.3152,1024.5411
6963.3,3357.29,0.0000,1740.8165,3604.0000,4168.1000,3604.0593,3.8898,420.4629,2.9184,-10470.5255,0.1610,0.3952,35.9271,0.6790,2447.2390
6963.3,2283.119,0.0000,2346.8483,4678.1000,4168.1000,4678.2134,4.9735,443.3237,-0.1721,814.6063,0.0428,0.1064,7.8940,0.1683,787.2428
6963.3,1157.0208,0.0000,239.3085,5806.6000,4168.1000,5806.3949,7.5809,29.6577,0.4974,-2886.1125,0.5178,1.3327,4.2036,0.1104,641.0613
6963.3,0.0,0.0000,160.2368,6961.7000,4168.1000,6961.9630,7.2198,20.8516,-0.0033,23.1984,0.2401,0.6153,1.4392,0.0370,257.2016
6981.69,4092.04,0.0000,767.4947,2888.9000,4149.7000,2888.6841,3.5476,203.2557,-0.2309,687.0480,0.0800,0.1957,9.4581,0.1709,493.6571
6981.69,4011.4,0.0000,667.5676,2969.2000,4149.7000,2969.4367,5.6000,111.9979,-0.1436,437.9460,0.2346,0.5882,9.7222,0.2197,652.3679
6981.69,3922.71,0.0000,1148.1099,3057.9000,4149.7000,3057.9661,3.3767,319.4446,1.9605,-5948.8625,0.0565,0.1556,11.4952,0.4165,1269.0282
6981.69,3913.8,0.0000,1592.706,3066.9000,4149.7000,3066.894,3.708115,403.5061,0,0,0.05696434,0.1320804,15.57794,0,0
6981.69,3357.29,0.0000,1303.3735,3622.0000,4149.7000,3622.1069,4.7130,259.8174,-0.4878,1775.0545,0.0962,0.2385,10.9674,0.2277,824.7881
6981.69,3307.872,0.0000,711.0939,3672.8000,4149.7000,3673.1702,5.3663,124.4964,0.6461,-2353.6874,0.2054,0.5138,9.8727,0.2189,803.6023
6981.69,3285.004,0.0000,1889.4105,3695.4000,4149.7000,3695.5762,4.1834,424.3210,-0.9302,3460.5207,0.0545,0.1343,11.4262,0.2239,827.1524
6981.69,3044.292,0.0000,2142.4682,3936.0000,4149.7000,3936.0896,4.3972,457.7619,-0.5914,2339.7461,0.0419,0.1034,9.0127,0.1809,711.9476
6981.69,2283.119,0.0000,2403.7831,4697.2000,4149.7000,4697.1823,4.9326,457.8473,-0.3204,1508.2153,0.0306,0.0761,5.8794,0.1248,586.3301
7096.3,5397.0,0.0000,2950.4140,1699.7000,4035.1000,1699.7611,2.8525,971.7581,-1.5253,2689.8308,0.0600,0.1456,42.0735,0.6833,1160.8087
7096.3,4904.58,0.0000,1379.5165,2190.3000,4035.1000,2190.3036,3.9339,329.4637,0.2676,-526.7657,0.1514,0.3720,26.1890,0.4978,1090.0703
7096.3,4803.6,0.0000,282.7606,2292.7000,4035.1000,2292.4787,2.8550,93.0499,-0.8643,2030.4468,0.3393,0.8232,22.7676,0.3698,847.6633
7096.3,4564.87,0.0000,504.3264,2533.5000,4035.1000,2533.3246,3.2621,145.2488,-0.1455,409.1354,0.2256,0.5683,20.9094,0.5811,1475.6083
7096.3,4479.9,0.0000,1143.7113,2618.2000,4035.1000,2618.1872,5.6724,189.4301,0.0770,-171.8931,0.1432,0.3595,9.9142,0.2254,590.2087
7096.3,4399.2,0.0000,370.0394,2696.7000,4035.1000,2696.5610,3.7190,93.4816,-0.0283,103.6247,0.1625,0.3984,8.4329,0.1560,420.4506
7096.3,4358.44,0.0000,403.5641,2736.7000,4035.1000,2736.6230,3.3410,113.4858,-0.5350,1504.0021,0.1754,0.4280,12.2828,0.2155,589.7016
7096.3,4315.22,0.0000,2086.2037,2780.2000,4035.1000,2780.1391,3.6424,538.1121,0.0435,-83.5081,0.0386,0.0946,11.7732,0.2155,599.0117
7096.3,4011.4,0.0000,2307.8931,3087.2000,4035.1000,3087.1710,3.7043,585.3466,0.1662,-481.9977,0.0394,0.0966,12.8623,0.2374,732.7212
7096.3,3922.71,0.0000,301.8865,3176.6000,4035.1000,3176.3413,2.5667,110.5008,-0.5274,1745.3790,0.6164,1.4891,54.5562,0.8413,2671.7926
7096.3,3913.8,0.0000,828.7642,3184.1000,4035.1000,3184.072,4.62215,168.4437,0,0,0.1365484,0.3623637,11.27061,0,0
7096.3,3776.27,0.0000,717.8210,3320.6000,4035.1000,3320.7365,6.4341,104.8171,-1.9507,6490.8534,0.2840,0.7201,9.5995,0.2325,771.8351
7096.3,3357.29,0.0000,833.4877,3740.4000,4035.1000,3740.4597,4.5379,172.5622,0.8327,-3087.7908,0.2624,0.6495,20.6397,0.4208,1573.6006
7096.3,3285.004,0.0000,943.4225,3812.8000,4035.1000,3812.7963,4.7128,188.0726,-0.2051,799.2689,0.0934,0.2316,7.7097,0.1602,610.6040
7096.3,3044.292,0.0000,352.1108,4052.5000,4035.1000,4052.1563,5.5380,59.7345,0.0431,-163.5191,0.2369,0.5936,5.2957,0.1190,482.2203
7096.3,2283.119,0.0000,3713.2987,4812.3000,4035.1000,4811.7386,7.3495,474.6820,-0.4836,2335.6341,0.1357,0.3481,18.1886,0.4703,2263.1771
7096.3,1157.0208,0.0000,735.0078,5938.6000,4035.1000,5938.4979,5.8004,119.0522,-0.0955,569.4921,0.0696,0.1750,2.9615,0.0681,404.4255
7106.1,5397.0,-1.0000,1219.8952,1709.1000,4025.3000,1709.0530,2.6318,437.3190,-0.6299,1147.3117,0.0935,0.2754,35.1530,1.6843,2859.4551
7106.1,4564.87,0.0000,548.9611,2540.6000,4025.3000,2540.6027,3.3202,155.3391,-0.9053,2319.6555,0.1392,0.3396,13.4282,0.2349,596.6693
7106.1,4358.44,0.0000,537.3545,2746.7000,4025.3000,2746.6804,3.5921,140.5446,-0.0020,26.3246,0.1663,0.4070,13.4266,0.2442,670.4154
7106.1,4011.4,0.0000,250.4104,3094.0000,4025.3000,3094.0351,2.7965,84.1281,0.3803,-1145.2812,0.3115,0.7557,19.2940,0.3102,959.6192
7106.1,3922.71,0.0000,1061.9010,3182.2000,4025.3000,3182.2978,3.2510,306.8756,3.9006,-12328.9378,0.4625,1.1272,89.9793,1.5577,4956.3823
7106.1,3913.8,0.0000,1967.805,3191.0000,4025.3000,3190.981,3.842966,481.0423,0,0,0.05151502,0.1208812,16.6119,0,0
7106.1,3711.96,0.0000,1687.5341,3392.6000,4025.3000,3392.7091,4.4200,358.6973,-0.4741,1615.1514,0.0503,0.1244,8.4473,0.1701,576.7897
7106.1,3357.29,0.0000,551.5600,3747.3000,4025.3000,3747.4496,5.9791,86.6677,-0.4083,1529.5082,0.2314,0.5829,6.9538,0.1623,608.2053
7106.1,3307.872,0.0000,312.2287,3797.2000,4025.3000,3797.0058,4.2259,69.4156,0.7324,-2767.9480,0.2042,0.5035,6.9328,0.1365,518.1283
7106.1,3044.292,0.0000,515.4969,4060.5000,4025.3000,4060.5442,4.3597,111.0892,-0.1450,590.0831,0.1086,0.2683,5.7232,0.1144,464.5155
7106.1,2656.509,0.0000,325.5664,4450.2000,4025.3000,4450.2001,4.1531,73.6484,0.0876,-387.5724,0.1563,0.3850,5.7277,0.1118,497.4529
7106.1,2283.119,0.0000,448.8613,4821.3000,4025.3000,4821.4866,4.4652,94.4439,-0.1696,821.4128,0.1068,0.2641,4.6708,0.0945,455.4334
7154.8,4011.4,0.0000,815.1757,3142.8000,3976.6000,3142.8384,4.9099,155.9851,-0.3593,1134.6637,0.0844,0.2098,5.5491,0.1177,369.6245
7154.8,3922.71,0.0000,919.3320,3231.2000,3976.6000,3230.9805,4.9993,172.7699,0.3427,-1100.5356,0.1605,0.3995,11.4850,0.2454,793.0571
7154.8,3711.96,0.0000,404.6493,3441.2000,3976.6000,3441.1726,4.3374,87.6505,0.1696,-578.5277,0.2058,0.5080,8.5959,0.1714,589.6675
7154.8,3357.29,0.0000,697.4020,3796.5000,3976.6000,3796.6581,6.0783,107.7954,0.0366,-131.7553,0.1531,0.3864,5.6317,0.1326,503.2664
7154.8,3044.292,0.0000,2585.5160,4108.7000,3976.6000,4108.7765,4.4746,542.8662,-0.2752,1131.3748,0.0443,0.1096,11.1196,0.2252,925.1872
7154.8,2283.119,0.0000,1102.7833,4869.8000,3976.6000,4870.1515,6.8346,151.5917,-0.3570,1733.0849,0.2067,0.5273,9.5172,0.2379,1158.3047
7228.5,5866.82,0.0000,432.5005,1360.5000,3902.9000,1360.3957,3.1528,128.8798,0.1827,-163.1861,0.1606,0.3911,13.5307,0.2307,313.8099
7228.5,5548.68,0.0000,482.2386,1678.5000,3902.9000,1678.4979,3.0251,149.7687,0.5586,-850.0401,0.2723,0.6620,27.7708,0.4641,778.7523
7228.5,5502.096,0.0000,1257.9426,1727.6000,3902.9000,1727.6078,2.7566,428.7409,-0.0209,112.6049,0.0571,0.1383,18.2646,0.2917,503.6876
7228.5,5289.25,0.0000,2288.261,1938.4000,3902.9000,1938.436,3.011609,713.797,0,0,0.1440569,0.06449318,25.77047,0,0
7228.5,5230.33,0.0000,3676.4035,1997.0000,3902.9000,1998.4945,6.9677,495.7207,0.5130,-974.1408,0.2257,0.5774,33.3475,0.8434,1683.4998
7228.5,5130.22,0.0000,788.4294,2097.3000,3902.9000,2097.3229,3.2848,225.5017,-0.0732,196.1551,0.0870,0.2121,12.3109,0.2142,449.1772
7228.5,4564.87,0.0000,296.8086,2663.1000,3902.9000,2663.1794,3.5508,79.9297,-0.6904,1894.4868,0.2258,0.6984,12.4120,0.6189,1656.1248
7228.5,4358.44,0.0000,577.5668,2869.0000,3902.9000,2868.8817,3.7389,145.1309,-0.3341,1007.0648,0.1473,0.3611,11.8040,0.2188,627.8096
7228.5,4196.1,0.0000,4809.3943,3031.9000,3902.9000,3031.9973,3.5248,1281.8997,6.1090,-18355.3637,0.2794,0.6833,209.5988,3.7779,11449.9464
7228.5,4168.5,0.0000,354.6432,3059.1000,3902.9000,3059.2263,4.4852,74.2865,-0.2153,674.4107,0.2360,0.5950,8.1060,0.2527,773.5115
7228.5,4011.4,0.0000,3799.5008,3216.4000,3902.9000,3216.4652,3.7170,960.3662,-0.9801,3172.6230,0.0409,0.1002,21.8009,0.4030,1296.1675
7228.5,3922.71,0.0000,593.9958,3306.9000,3902.9000,3303.3018,7.7556,71.9561,-0.3830,1275.7876,0.3336,0.8690,6.4422,0.1743,576.6872
7228.5,3711.96,0.0000,1054.6683,3515.7000,3902.9000,3515.5755,4.5322,218.6267,-0.2236,793.6567,0.0618,0.1529,6.1650,0.1256,441.5369
7228.5,3357.29,0.0000,1079.3562,3870.1000,3902.9000,3869.4395,7.1363,142.1003,0.5401,-2097.3102,0.3696,0.9456,15.2721,0.3893,1506.8308
7228.5,3044.292,0.0000,447.7062,4183.3000,3902.9000,4183.2925,4.0668,103.4295,-0.4234,1782.8654,0.1433,0.3526,7.5291,0.1454,608.3984
7228.5,2656.509,0.0000,188.6500,4571.5000,3902.9000,4570.9629,4.7205,37.5464,-0.1918,878.4335,0.3157,0.7831,5.1961,0.1080,493.5322
7228.5,2283.119,0.0000,592.5325,4944.4000,3902.9000,4944.0376,6.0498,92.0180,-0.1228,609.3200,0.1574,0.3970,4.9659,0.1166,576.2559
7228.5,1157.0208,0.0000,1108.4324,6070.1000,3902.9000,6070.3796,6.1153,170.2909,-0.1724,1047.7839,0.0722,0.1821,4.1673,0.0984,597.0224
7254.4,5866.82,0.0000,420.3829,1388.2000,3877.0000,1388.1771,1.8626,212.0463,-0.1775,299.8742,0.1037,0.2648,25.0093,0.3203,444.5892
7254.4,5230.33,0.0000,996.0735,2024.3000,3877.0000,2024.2562,2.9187,320.6276,0.1824,-344.4737,0.0702,0.1704,15.8715,0.2606,527.4312
7254.4,5130.22,0.0000,1808.7225,2124.6000,3877.0000,2124.5888,3.1128,545.9185,0.1400,-272.9750,0.0350,0.0851,12.6358,0.2142,454.8709
7254.4,5005.69,0.0000,1075.4281,2248.7000,3877.0000,2248.7694,3.5552,284.1962,-0.9131,2078.5756,0.0980,0.2397,16.1569,0.2924,657.1605
7254.4,4584.08,0.0000,940.0013,2670.7000,3877.0000,2670.6913,4.0610,217.4688,-0.0773,226.3221,0.1260,0.3100,13.9373,0.2692,718.6012
7254.4,4196.1,0.0000,321.6237,3059.5000,3877.0000,3059.8807,4.4280,68.2400,-0.6984,2152.2319,0.3368,0.8327,10.7334,0.2163,661.7051
7254.4,3711.96,0.0000,937.9806,3543.5000,3877.0000,3543.4807,4.8758,180.7379,-0.0123,59.8744,0.1083,0.2690,8.3056,0.1754,621.3772
7254.4,3044.292,0.0000,5892.0568,4208.7000,3877.0000,4208.6815,4.9402,1120.5382,-0.4783,2024.9344,0.0303,0.0754,14.2365,0.3027,1273.5288
7254.4,2283.119,0.0000,366.3223,4973.0000,3877.0000,4973.2902,6.6231,51.9640,-0.0440,214.6734,0.2736,0.6952,4.4543,0.1094,543.7986
7411.8,5005.69,0.0000,415.8381,2405.0000,3719.6000,2404.9209,3.1887,122.5195,0.0704,-152.3414,0.1123,0.2736,8.8935,0.1525,366.7557
7411.8,4358.44,0.0000,1210.2970,3052.0000,3719.6000,3052.0817,3.6713,309.7193,-0.1276,395.7948,0.0627,0.1537,10.9239,0.2007,612.5490
7411.8,4315.22,0.0000,377.7070,3093.4000,3719.6000,3093.7179,3.5636,99.5789,-0.0232,76.9238,0.1224,0.2995,7.0582,0.1279,395.4324
7411.8,4011.4,0.0000,338.1649,3398.6000,3719.6000,3398.5776,4.3287,73.3960,0.0529,-177.8099,0.1762,0.4351,6.1776,0.1231,418.1882
7458.9,5733.3,0.0000,1519.4413,1724.5000,3672.5000,1726.3869,6.2191,229.5377,0.1801,-273.0955,0.2885,0.7326,22.1181,0.5316,915.7849
7458.9,5548.68,0.0000,722.6123,1911.6000,3672.5000,1911.5669,4.6802,145.0588,0.2491,-437.9720,0.2909,0.7212,18.6545,0.3861,737.8509
7458.9,5289.25,0.0000,1620.1731,2168.5000,3672.5000,2168.5371,3.4111,446.2418,-0.2257,531.5659,0.0583,0.1443,15.7779,0.3773,819.7256
7458.9,5130.22,0.0000,318.0162,2327.3000,3672.5000,2327.9960,2.8311,105.5364,-0.0019,30.8053,0.1937,0.4701,14.8683,0.2406,559.8623
7458.9,5005.69,0.0000,524.5444,2451.8000,3672.5000,2451.7035,3.7189,132.5161,-0.0151,63.1719,0.1905,0.4669,14.0100,0.2591,635.1165
7458.9,4358.44,0.0000,429.1343,3099.2000,3672.5000,3099.2107,4.4998,89.5986,-0.4277,1346.3967,0.3168,0.7837,13.0469,0.2648,820.7019
7458.9,4196.1,0.0000,3560.8468,3261.7000,3672.5000,3261.5983,4.9771,672.1626,-0.8671,2847.4860,0.0706,0.1758,19.7480,0.4213,1373.8256
7458.9,4011.4,0.0000,2630.8981,3446.6000,3672.5000,3446.4953,4.0221,614.5422,0.5146,-1757.4021,0.0528,0.1298,16.6600,0.3202,1103.2039
7458.9,3922.71,0.0000,185.3415,3535.1000,3672.5000,3535.5029,2.7766,62.7166,0.5709,-2004.3160,0.2071,0.5777,10.1231,0.4071,1434.8840
7458.9,3913.8,0.0000,411.8499,3543.5000,3672.5000,3543.7286,4.4490,86.9723,-0.4237,1516.1304,0.3223,0.7970,13.0309,0.2632,932.3847
7458.9,3711.96,0.0000,2356.1821,3745.5000,3672.5000,3745.5822,4.4109,501.8636,0.3462,-1287.9668,0.0538,0.1328,12.6470,0.2543,952.3012
7458.9,2283.119,0.0000,2664.3405,5174.3000,3672.5000,5174.1451,5.5294,452.7020,0.1173,-605.9806,0.0724,0.1814,12.2851,0.2759,1427.3424
7482.3,6093.9,0.0000,431.5591,1388.1000,3649.1000,1387.9606,3.1095,130.3923,-0.2669,432.2235,0.1747,0.4250,15.0899,0.2556,354.7403
7482.3,5573.9,0.0000,502.6239,1907.7000,3649.1000,1907.8395,3.0368,155.4987,-0.6707,1331.2248,0.1156,0.2819,12.2001,0.2295,438.0552
7482.3,5502.096,0.0000,1050.6763,1978.1000,3649.1000,1978.1693,3.1288,315.4933,-0.4683,968.3101,0.0668,0.1626,13.8821,0.2358,466.4724
7482.3,4564.87,0.0000,453.9823,2916.7000,3649.1000,2916.6648,3.4402,123.9823,0.1884,-518.0301,0.1271,0.3106,9.4500,0.1682,490.5561
7482.3,4358.44,0.0000,1129.0484,3122.5000,3649.1000,3122.3124,4.1933,252.9626,-0.1314,425.0220,0.0562,0.1385,7.0055,0.1374,428.8926
7482.3,4196.1,0.0000,435.8744,3285.3000,3649.1000,3285.3920,3.8977,105.0639,0.0460,-131.2896,0.1302,0.3197,7.2448,0.1371,450.3072
7482.3,4011.4,0.0000,644.3482,3469.9000,3649.1000,3469.9225,3.9543,153.0905,-0.2871,1007.0944,0.0961,0.2362,7.6828,0.1465,508.1656
7482.3,3922.71,0.0000,760.6476,3558.1000,3649.1000,3558.0980,4.2076,169.8444,0.8279,-2924.5260,0.2009,0.4951,16.7568,0.3291,1171.0232
7482.3,3357.29,0.0000,213.9429,4124.2000,3649.1000,4124.2291,4.3940,45.7444,0.0366,-137.4630,0.2755,0.6805,5.9292,0.1190,490.5872
7482.3,3044.292,0.0000,650.8206,4436.6000,3649.1000,4436.5219,4.2830,142.7629,0.0332,-140.2955,0.0767,0.1892,5.2828,0.1047,464.4156
7703.6,5422.2,0.0000,494.4198,2281.2000,3427.9000,2281.0909,2.2125,209.9490,1.2468,-2715.5948,0.3487,0.8566,68.6002,0.9762,2226.7610
7703.6,5025.73,0.0000,105.7878,2675.9000,3427.9000,2676.1033,1.2726,78.0989,-2.8718,7828.6798,0.0355,0.1940,9.2388,0.4897,1310.6753
7703.6,4650.3,0.0000,959.5352,3052.4000,3427.9000,3052.2869,3.6570,246.5126,-0.0136,134.9922,0.1348,0.3401,18.9123,0.5257,1607.5993
7703.6,4564.87,0.0000,357.9970,3138.3000,3427.9000,3138.5787,5.6935,59.0744,0.2139,-591.1589,0.4173,1.0477,8.9750,0.2046,641.8477
7703.6,4196.1,0.0000,746.3843,3507.9000,3427.9000,3508.0198,4.0456,173.3332,-0.3359,1276.7530,0.1917,0.5161,17.4303,0.6823,2399.3054
7703.6,4168.5,0.0000,1096.6960,3532.7000,3427.9000,3532.7455,3.6269,284.0845,-0.9875,3575.2490,0.0858,0.2100,13.8642,0.2533,894.7153
7703.6,3913.8,0.0000,633.9384,3788.4000,3427.9000,3788.341,4.742043,125.5883,0,0,0.1880799,0.437759,10.46042,0,0
7703.6,3044.292,0.0000,933.2218,4657.6000,3427.9000,4657.5682,4.6407,188.9290,-0.0934,479.7029,0.0908,0.2249,7.6435,0.1576,733.7432
7749.0,5230.33,0.0000,365.8471,2519.3000,3382.5000,2519.2906,4.6441,74.0113,0.2828,-707.3720,0.2595,0.6431,8.5565,0.1764,444.3343
7749.0,5130.22,0.0000,381.6721,2619.7000,3382.5000,2619.4204,4.5339,79.0901,-0.2103,562.7207,0.2622,0.6489,9.4609,0.1928,504.8719
7749.0,4358.44,0.0000,282.0132,3391.7000,3382.5000,3391.6082,5.6914,46.5534,0.2407,-813.2872,0.3702,0.9296,6.2777,0.1431,485.0882
7749.0,3676.092,0.0000,198.7033,4072.0000,3382.5000,4071.4418,4.7107,39.6299,-0.0927,379.9160,0.3019,0.7487,5.2550,0.1091,444.3679
7749.0,2656.509,0.0000,508.6732,5091.1000,3382.5000,5091.1302,5.0739,94.1894,-0.0710,364.6979,0.0979,0.2439,3.7635,0.0810,412.4684
7749.0,2283.119,0.0000,288.1864,5464.2000,3382.5000,5464.2567,6.1558,43.9837,0.0873,-474.6928,0.1902,0.4803,2.8187,0.0667,364.6427
7749.0,1157.0208,0.0000,1487.5279,6590.7000,3382.5000,6590.7098,6.3284,220.8380,-0.0759,503.2532,0.0714,0.1808,5.1687,0.1242,818.1405
7955.6,5397.0,0.0000,639.3467,2558.6000,3175.9000,2558.5458,2.9445,204.0000,-0.3930,1045.8789,0.1103,0.2678,15.7301,0.2594,663.6065
7955.6,5300.5,0.0000,849.5775,2653.8000,3175.9000,2653.8647,3.6465,218.8903,-1.2490,3357.0219,0.1251,0.3064,15.4967,0.2840,753.2673
7955.6,5025.73,0.0000,922.2269,2927.9000,3175.9000,2927.9426,3.3278,260.3650,0.8497,-2462.3831,0.1252,0.3054,20.1908,0.3538,1035.3978
7955.6,4904.58,0.0000,994.6473,3052.3000,3175.9000,3052.3489,4.0553,230.4358,-0.0712,242.2792,0.1208,0.2973,14.1835,0.2736,835.0891
7955.6,4358.44,0.0000,332.0751,3596.4000,3175.9000,3596.4234,4.6226,67.4920,-0.1475,546.6101,0.2399,0.5943,7.2454,0.1490,535.9488
7955.6,4011.4,0.0000,590.2398,3943.7000,3175.9000,3943.6713,6.3180,87.7708,0.0319,-113.5856,0.2374,0.6008,6.8405,0.1642,647.2514
7955.6,3922.71,0.0000,692.2391,4032.0000,3175.9000,4031.8450,5.9462,109.3744,0.0662,-249.8892,0.1517,0.3819,5.7842,0.1346,542.7903
7955.6,3307.872,0.0000,1786.7097,4647.0000,3175.9000,4646.9052,6.4579,259.9355,0.2755,-1276.0026,0.0996,0.2525,8.3163,0.2016,936.8441
8315.6,6015.2,0.0000,405.4783,2300.3000,2815.9000,2300.1665,2.7263,139.7309,-0.1171,321.0921,0.2230,0.5405,23.5226,0.3734,858.9234
8315.6,5995.68,0.0000,263.0464,2319.6000,2815.9000,2319.8060,3.7397,66.0833,-1.7577,4122.5560,0.6923,1.6974,25.2518,0.4684,1086.1926
8315.6,5548.68,0.0000,239.9936,2765.7000,2815.9000,2765.6982,2.4245,92.9996,0.1967,-506.3549,0.2221,0.5353,17.5008,0.2625,725.8179
8315.6,5458.9,0.0000,377.3199,2856.4000,2815.9000,2856.3952,3.3139,106.9715,-0.0959,309.3655,0.1773,0.4325,11.7994,0.2062,588.8932
8315.6,5300.5,0.0000,603.7733,3014.2000,2815.9000,3014.0088,3.6760,154.3137,0.2239,-641.9910,0.1510,0.3699,13.0823,0.2405,724.8895
8315.6,4904.58,0.0000,617.5190,3409.1000,2815.9000,3409.0845,3.8121,152.1908,-0.0085,55.7626,0.1502,0.3686,12.3828,0.2317,789.9940
8315.6,4564.87,0.0000,497.4528,3748.2000,2815.9000,3748.3016,4.3411,107.6599,0.0422,-132.0583,0.2191,0.5410,11.2349,0.2241,839.8640
8315.6,4358.44,0.0000,1494.9093,3956.0000,2815.9000,3955.9645,4.4659,314.4925,0.5631,-2214.8919,0.0644,0.1592,9.3779,0.1896,750.2337
8315.6,4011.4,0.0000,557.4934,4302.9000,2815.9000,4303.0194,5.5903,93.6919,-0.0507,223.6041,0.2012,0.5048,6.9900,0.1581,679.8733
8315.6,3922.71,0.0000,1229.6832,4391.5000,2815.9000,4391.5429,4.6782,246.9537,0.2751,-1198.7223,0.0959,0.2378,10.4742,0.2168,951.7576
8315.6,3676.092,0.0000,342.3479,4638.7000,2815.9000,4638.7121,5.7800,55.6470,0.0194,-83.0669,0.2632,0.6618,5.2543,0.1207,559.6810
8315.6,3307.872,0.0000,838.4469,5006.9000,2815.9000,5007.0167,6.7843,116.1099,0.0436,-218.6346,0.1597,0.4070,5.6736,0.1412,706.9168
