# EGG_ProjY_E4531.0(4.0)_B4511.0(2.0)_B4543.5(2.5)
# X axis : Energy (keV) [Y axis]
# Y axis : Counts/1 keV
# N Bins : 12000
# X Min : 0
# X Max : 12000
# X value at the center of the bins
0.5 0
1.5 0
2.5 0
3.5 0
4.5 0
5.5 -37.4444
6.5 -7.44445
7.5 2.22222
8.5 9.88889
9.5 0.666666
10.5 -21.5556
11.5 13.2222
12.5 23.6667
13.5 3.55555
14.5 43.7778
15.5 17.6667
16.5 35.1111
17.5 -20.2222
18.5 12.3333
19.5 18.1111
20.5 -17.3333
21.5 66.7778
22.5 61.6667
23.5 36.1111
24.5 119
25.5 89.7778
26.5 32.6667
27.5 35.1111
28.5 79.8889
29.5 108.333
30.5 123.333
31.5 88
32.5 39.5555
33.5 227.556
34.5 56.4444
35.5 139.111
36.5 70
37.5 80.2222
38.5 75.7778
39.5 52.6667
40.5 121.889
41.5 19.7778
42.5 172
43.5 167
44.5 70.6667
45.5 128.333
46.5 -26.4445
47.5 104
48.5 217.333
49.5 112.111
50.5 201.444
51.5 144.778
52.5 142.889
53.5 136.667
54.5 182.778
55.5 161.778
56.5 184.333
57.5 161.333
58.5 226.111
59.5 276.778
60.5 115.444
61.5 156.556
62.5 76.8889
63.5 120.111
64.5 27
65.5 176.889
66.5 192.778
67.5 129.222
68.5 228.889
69.5 110.667
70.5 148.667
71.5 157.111
72.5 75.3333
73.5 55.5555
74.5 169.333
75.5 236.667
76.5 260.333
77.5 295.111
78.5 267.556
79.5 135.778
80.5 205.667
81.5 126.222
82.5 106.778
83.5 221.111
84.5 124.111
85.5 209.778
86.5 174.333
87.5 266.333
88.5 174.222
89.5 170.556
90.5 169.778
91.5 190.778
92.5 121.556
93.5 208.889
94.5 154.778
95.5 133.111
96.5 127.667
97.5 274.889
98.5 131.556
99.5 132.778
100.5 95.8889
101.5 143.222
102.5 93
103.5 176.556
104.5 66.6667
105.5 129.556
106.5 101.778
107.5 204.667
108.5 -44.8889
109.5 115.222
110.5 12.3333
111.5 118.111
112.5 31
113.5 168
114.5 224
115.5 257.889
116.5 249.111
117.5 273.667
118.5 254
119.5 228.333
120.5 214.111
121.5 196.889
122.5 242.333
123.5 314.889
124.5 196.556
125.5 223.667
126.5 208.778
127.5 166.556
128.5 155.222
129.5 219.333
130.5 188.667
131.5 136.778
132.5 187.556
133.5 169.444
134.5 77.6667
135.5 119.556
136.5 79.6667
137.5 119.556
138.5 3.66665
139.5 144.333
140.5 -32.2222
141.5 162.333
142.5 165.222
143.5 215.444
144.5 206.889
145.5 170.111
146.5 19.7778
147.5 207.111
148.5 290.111
149.5 346.889
150.5 392.556
151.5 196.889
152.5 170.444
153.5 255.444
154.5 281.889
155.5 269.778
156.5 206.778
157.5 331.222
158.5 225.333
159.5 198.778
160.5 311.333
161.5 215
162.5 224.222
163.5 219.889
164.5 105.889
165.5 196.444
166.5 84.6667
167.5 107.778
168.5 123.333
169.5 15
170.5 113.111
171.5 93.5555
172.5 229.222
173.5 212.222
174.5 273
175.5 120.889
176.5 307
177.5 241.889
178.5 127.778
179.5 283.667
180.5 273.333
181.5 272.889
182.5 306.222
183.5 260.889
184.5 274.889
185.5 237.556
186.5 162.667
187.5 272.222
188.5 200
189.5 248.889
190.5 205.444
191.5 105.333
192.5 247.333
193.5 188.111
194.5 199.222
195.5 248.444
196.5 222
197.5 127.889
198.5 286.778
199.5 274.889
200.5 273.333
201.5 175
202.5 209.333
203.5 112
204.5 245.556
205.5 136
206.5 162.111
207.5 148.333
208.5 130.889
209.5 169.778
210.5 161.222
211.5 289.333
212.5 449.444
213.5 154.333
214.5 407.667
215.5 383.444
216.5 380.111
217.5 503.111
218.5 459.889
219.5 459.222
220.5 296.222
221.5 327.333
222.5 418.889
223.5 269.333
224.5 335.222
225.5 330.444
226.5 286.889
227.5 281.778
228.5 146.778
229.5 260.222
230.5 299.889
231.5 227.444
232.5 174.333
233.5 268.889
234.5 239.778
235.5 266.778
236.5 148.333
237.5 296.556
238.5 118.333
239.5 159.444
240.5 141.333
241.5 178.222
242.5 226.889
243.5 172.556
244.5 220
245.5 234.889
246.5 143.111
247.5 250.778
248.5 201.333
249.5 247.111
250.5 174.778
251.5 314.556
252.5 273.444
253.5 248
254.5 209.222
255.5 207.111
256.5 171
257.5 50.8889
258.5 247.556
259.5 144.111
260.5 94.5555
261.5 235.111
262.5 115.333
263.5 102
264.5 75
265.5 92.3333
266.5 100.667
267.5 192.556
268.5 142.222
269.5 127.667
270.5 125.778
271.5 98.7778
272.5 176.333
273.5 126.778
274.5 247.222
275.5 218.333
276.5 206.111
277.5 188.444
278.5 325.222
279.5 214.333
280.5 179.111
281.5 194.556
282.5 262.111
283.5 148.667
284.5 205.444
285.5 331.111
286.5 197
287.5 196.556
288.5 169.667
289.5 185.778
290.5 112.889
291.5 24.6667
292.5 56.5555
293.5 15.7778
294.5 20.6667
295.5 59.2222
296.5 -35.1111
297.5 99.3333
298.5 7.77776
299.5 -148
300.5 76.6667
301.5 155.333
302.5 133.889
303.5 177.333
304.5 122.778
305.5 195.111
306.5 407.667
307.5 408.667
308.5 421.778
309.5 495.667
310.5 475.444
311.5 573.889
312.5 458.667
313.5 461.333
314.5 398.333
315.5 367
316.5 185.333
317.5 356.667
318.5 334.444
319.5 165.667
320.5 158.556
321.5 193.111
322.5 248.444
323.5 229.222
324.5 111.889
325.5 172.444
326.5 72.1111
327.5 54.2222
328.5 51.4444
329.5 -4.66668
330.5 35.8889
331.5 23.5555
332.5 -62.6667
333.5 34.4444
334.5 -20.4445
335.5 -17.7778
336.5 -26.6667
337.5 -29.6667
338.5 -28.4445
339.5 -42
340.5 -14.1111
341.5 20.8889
342.5 -61.5556
343.5 104.444
344.5 71.3333
345.5 178.556
346.5 162.667
347.5 287.333
348.5 266.778
349.5 349.444
350.5 376
351.5 443.778
352.5 485.667
353.5 462
354.5 423.778
355.5 451.556
356.5 326
357.5 252.333
358.5 253.111
359.5 193.333
360.5 164.222
361.5 150
362.5 -15.1111
363.5 108.222
364.5 166.889
365.5 165.556
366.5 126.444
367.5 184.889
368.5 138.778
369.5 46.2222
370.5 118.667
371.5 6.66666
372.5 -8.11112
373.5 71.4444
374.5 -128
375.5 -42.8889
376.5 -60.6667
377.5 63.8889
378.5 55.2222
379.5 27.8889
380.5 109.667
381.5 168.222
382.5 154.111
383.5 239.444
384.5 302.667
385.5 300.667
386.5 376.889
387.5 350.333
388.5 301.889
389.5 204.444
390.5 224.667
391.5 120.222
392.5 113.333
393.5 101.111
394.5 80.2222
395.5 116.778
396.5 40.8889
397.5 129.778
398.5 23.3333
399.5 -5.00001
400.5 -11.1111
401.5 116.444
402.5 63.5555
403.5 305.111
404.5 305.111
405.5 99.1111
406.5 82.5555
407.5 18.8889
408.5 144
409.5 145
410.5 180.333
411.5 253.667
412.5 330.333
413.5 323.889
414.5 169.444
415.5 211.333
416.5 181
417.5 142.889
418.5 175.222
419.5 104.444
420.5 112.889
421.5 100.111
422.5 163.556
423.5 124
424.5 160.889
425.5 130
426.5 146.667
427.5 93
428.5 120.778
429.5 55.7778
430.5 144.333
431.5 36.7778
432.5 24
433.5 -56.8889
434.5 -28.6667
435.5 -58.6667
436.5 -2.66667
437.5 -49.8889
438.5 -24.1111
439.5 97.5555
440.5 54.4444
441.5 -13.6667
442.5 40.8889
443.5 71.6667
444.5 112.444
445.5 180.556
446.5 149.556
447.5 316.667
448.5 338.444
449.5 331.222
450.5 267.444
451.5 297.667
452.5 346.444
453.5 251.333
454.5 170.222
455.5 189.889
456.5 34.7778
457.5 88.6667
458.5 -15.3333
459.5 -23.6667
460.5 1.55555
461.5 62.4444
462.5 116.444
463.5 67.1111
464.5 67.2222
465.5 43.5555
466.5 119.111
467.5 128.889
468.5 149.222
469.5 117.556
470.5 89
471.5 111.889
472.5 145.333
473.5 156.667
474.5 164
475.5 179.667
476.5 167.778
477.5 136.111
478.5 218.667
479.5 115.111
480.5 111.444
481.5 59
482.5 114.889
483.5 62.5555
484.5 65.3333
485.5 1.33333
486.5 35
487.5 -41.3333
488.5 101.333
489.5 46.4444
490.5 -10.2222
491.5 16.8889
492.5 95.4444
493.5 67
494.5 -0.33334
495.5 161.667
496.5 88.5555
497.5 143.444
498.5 161.889
499.5 116
500.5 193.556
501.5 129.667
502.5 173.111
503.5 158.111
504.5 172.667
505.5 206.444
506.5 307.111
507.5 705.778
508.5 851.556
509.5 884.667
510.5 1252.78
511.5 867.667
512.5 386.556
513.5 247.333
514.5 166.667
515.5 88.4444
516.5 99.3333
517.5 52.6667
518.5 99.1111
519.5 99.4444
520.5 88.8889
521.5 28.3333
522.5 65.2222
523.5 51.6667
524.5 30.2222
525.5 16.2222
526.5 101.222
527.5 90.6667
528.5 98.5556
529.5 81.4444
530.5 164.667
531.5 37.4444
532.5 117.556
533.5 121.222
534.5 103.667
535.5 42.3333
536.5 79.7778
537.5 102
538.5 129.222
539.5 93.7778
540.5 78.2222
541.5 78.2222
542.5 67
543.5 38.3333
544.5 73
545.5 89.3333
546.5 58.3333
547.5 104.111
548.5 26.8889
549.5 77.6667
550.5 61.5556
551.5 85.3333
552.5 124.889
553.5 140.667
554.5 90.4444
555.5 98
556.5 125
557.5 102.333
558.5 169.889
559.5 72.1111
560.5 130.222
561.5 158.111
562.5 59.5556
563.5 93.2222
564.5 138.333
565.5 -10.7778
566.5 65.2222
567.5 144.111
568.5 101.111
569.5 124.111
570.5 119.111
571.5 94.8889
572.5 98.6667
573.5 102.889
574.5 83.6667
575.5 69.6667
576.5 93.5556
577.5 91
578.5 53.7778
579.5 41.4444
580.5 41
581.5 111.222
582.5 129.444
583.5 208.444
584.5 194.667
585.5 101.333
586.5 108
587.5 127.889
588.5 88.4444
589.5 69.5556
590.5 79.5556
591.5 93.7778
592.5 46.6667
593.5 16.2222
594.5 76.2222
595.5 148.333
596.5 120.556
597.5 85.8889
598.5 76.5556
599.5 106.889
600.5 98.2222
601.5 163.444
602.5 116.778
603.5 59.6667
604.5 132.333
605.5 143.111
606.5 84.1111
607.5 97.6667
608.5 58.3333
609.5 131.111
610.5 84
611.5 61.7778
612.5 35.7778
613.5 71.2222
614.5 57.6667
615.5 36.7778
616.5 76.6667
617.5 52.8889
618.5 71.2222
619.5 -22
620.5 17.8889
621.5 -15.2222
622.5 44.8889
623.5 113.667
624.5 62.4444
625.5 137.111
626.5 178.556
627.5 471.444
628.5 820.667
629.5 531.778
630.5 273.333
631.5 130.778
632.5 102.222
633.5 184.444
634.5 156.778
635.5 72.6667
636.5 181.111
637.5 273.556
638.5 205.444
639.5 107.111
640.5 111
641.5 63.2222
642.5 69
643.5 81.7778
644.5 84.6667
645.5 153.556
646.5 53.3333
647.5 122.222
648.5 183.333
649.5 391.444
650.5 797.889
651.5 536.556
652.5 135.778
653.5 101.111
654.5 61.8889
655.5 130.444
656.5 46.6667
657.5 68.7778
658.5 30.4444
659.5 39.8889
660.5 125
661.5 117.667
662.5 90.7778
663.5 63.3333
664.5 83.8889
665.5 146.111
666.5 94.3333
667.5 179.556
668.5 60.8889
669.5 108
670.5 104
671.5 124
672.5 68.5556
673.5 28.1111
674.5 69.3333
675.5 79.6667
676.5 103.667
677.5 54.7778
678.5 -4.44445
679.5 41.7778
680.5 57.4444
681.5 56.4444
682.5 7.77777
683.5 58.8889
684.5 40.2222
685.5 97
686.5 33.4444
687.5 81.4444
688.5 48.4444
689.5 57.4444
690.5 93.5556
691.5 108.444
692.5 80.8889
693.5 94.7778
694.5 44.3333
695.5 124.889
696.5 135.778
697.5 110.889
698.5 89.7778
699.5 107.444
700.5 71.6667
701.5 17.3333
702.5 97.7778
703.5 62.1111
704.5 47.5556
705.5 123.111
706.5 83.5556
707.5 58.1111
708.5 40.6667
709.5 77.8889
710.5 61.3333
711.5 110.222
712.5 47.6667
713.5 36.3333
714.5 102.556
715.5 40
716.5 97.6667
717.5 45.4444
718.5 26.5556
719.5 17.1111
720.5 28.3333
721.5 55
722.5 70.4444
723.5 87.1111
724.5 102.333
725.5 122.222
726.5 94
727.5 145.333
728.5 70.4444
729.5 74.8889
730.5 135.222
731.5 139.111
732.5 146.333
733.5 129.222
734.5 115.778
735.5 70.1111
736.5 82.8889
737.5 128.222
738.5 92.8889
739.5 75.2222
740.5 100.111
741.5 83.6667
742.5 73.3333
743.5 110.667
744.5 95.2222
745.5 107.444
746.5 110.556
747.5 64.7778
748.5 75.4444
749.5 39.1111
750.5 148.333
751.5 105
752.5 65.4444
753.5 101.667
754.5 90.8889
755.5 83.8889
756.5 98.7778
757.5 110
758.5 159.778
759.5 227.667
760.5 510.556
761.5 661.333
762.5 319.444
763.5 110.778
764.5 109.222
765.5 18.1111
766.5 67.4444
767.5 109
768.5 86.5556
769.5 127.556
770.5 87.8889
771.5 86.2222
772.5 82.8889
773.5 87.6667
774.5 46.1111
775.5 116.444
776.5 115.444
777.5 107.667
778.5 55.7778
779.5 119.778
780.5 90.4444
781.5 85.4444
782.5 76.5556
783.5 106.889
784.5 45.4444
785.5 56.5556
786.5 94.5556
787.5 84.7778
788.5 68.8889
789.5 52.3333
790.5 101.889
791.5 39.6667
792.5 70.5556
793.5 68.4444
794.5 39.1111
795.5 85.4444
796.5 59.6667
797.5 73.5556
798.5 120.111
799.5 103.222
800.5 94.6667
801.5 71.7778
802.5 110.333
803.5 75.2222
804.5 5.44444
805.5 54.3333
806.5 73.4444
807.5 62.8889
808.5 83.8889
809.5 71.3333
810.5 42.3333
811.5 64.5556
812.5 51.2222
813.5 46
814.5 40.8889
815.5 140.333
816.5 103.889
817.5 137
818.5 115.667
819.5 198.444
820.5 135.444
821.5 145.444
822.5 73.4444
823.5 130.333
824.5 141.222
825.5 173.333
826.5 130.333
827.5 110.333
828.5 92.1111
829.5 59.5556
830.5 108.667
831.5 93.2222
832.5 32.6667
833.5 135.667
834.5 73.1111
835.5 85.7778
836.5 38.3333
837.5 60
838.5 117.778
839.5 29.6667
840.5 31.5556
841.5 44.5556
842.5 69.4444
843.5 57.1111
844.5 98.7778
845.5 57.7778
846.5 56.3333
847.5 68.7778
848.5 52.7778
849.5 40.7778
850.5 33.5556
851.5 38.1111
852.5 31.3333
853.5 65.3333
854.5 107.222
855.5 83.6667
856.5 120.111
857.5 145.667
858.5 165.333
859.5 175.111
860.5 182.444
861.5 83.4444
862.5 152.333
863.5 170.778
864.5 205
865.5 174.667
866.5 153
867.5 278.889
868.5 661.889
869.5 684.778
870.5 399.889
871.5 150.444
872.5 142.111
873.5 69.1111
874.5 133.667
875.5 75
876.5 131.556
877.5 220.111
878.5 251.889
879.5 98
880.5 92.8889
881.5 43.1111
882.5 82.4444
883.5 101.889
884.5 104.889
885.5 101.667
886.5 57.8889
887.5 131.778
888.5 78.7778
889.5 37.7778
890.5 122.667
891.5 133.556
892.5 89.8889
893.5 130.667
894.5 132.444
895.5 120.667
896.5 191.778
897.5 66.7778
898.5 100
899.5 120.444
900.5 123.333
901.5 126.556
902.5 121.556
903.5 117.778
904.5 160.889
905.5 117.556
906.5 141.222
907.5 120.222
908.5 81.5556
909.5 216
910.5 63.8889
911.5 185.556
912.5 122.333
913.5 140.444
914.5 94.6667
915.5 80.1111
916.5 118.778
917.5 89.6667
918.5 142.778
919.5 123.667
920.5 100.222
921.5 166.222
922.5 169.778
923.5 122.111
924.5 32.7778
925.5 83.8889
926.5 145.889
927.5 156.222
928.5 163.667
929.5 41.8889
930.5 77.7778
931.5 87.6667
932.5 99
933.5 129.222
934.5 52.3333
935.5 109.444
936.5 183.111
937.5 110.444
938.5 141.667
939.5 149.778
940.5 132.222
941.5 116.333
942.5 219
943.5 79.8889
944.5 144.667
945.5 78.4444
946.5 79.7778
947.5 57.7778
948.5 122
949.5 136.556
950.5 89
951.5 94.6667
952.5 103
953.5 71.5556
954.5 75.5556
955.5 124
956.5 92.8889
957.5 75
958.5 128.111
959.5 31.1111
960.5 118.889
961.5 107.667
962.5 70.8889
963.5 98.2222
964.5 82
965.5 160.222
966.5 211.889
967.5 142
968.5 59
969.5 92.3333
970.5 75.1111
971.5 47
972.5 83.1111
973.5 55.5556
974.5 22.2222
975.5 57.2222
976.5 43.1111
977.5 68.1111
978.5 137.111
979.5 96
980.5 96.1111
981.5 106.444
982.5 167.333
983.5 166.556
984.5 169.556
985.5 132.667
986.5 107.778
987.5 52.6667
988.5 91.8889
989.5 13.7778
990.5 24.7778
991.5 82.8889
992.5 48.4444
993.5 36.1111
994.5 66.4444
995.5 30.6667
996.5 56.6667
997.5 56.3333
998.5 34.3333
999.5 152.667
1000.5 381
1001.5 578.222
1002.5 686.111
1003.5 282.889
1004.5 89.1111
1005.5 68.3333
1006.5 94.6667
1007.5 76.4444
1008.5 100.333
1009.5 78.6667
1010.5 69.4444
1011.5 58.7778
1012.5 31.2222
1013.5 70
1014.5 96.8889
1015.5 41.6667
1016.5 7.77777
1017.5 55.2222
1018.5 64.2222
1019.5 85.1111
1020.5 36
1021.5 36.3333
1022.5 107.444
1023.5 102.556
1024.5 134.222
1025.5 90.8889
1026.5 73.1111
1027.5 48.5556
1028.5 97.5556
1029.5 31.2222
1030.5 4.55555
1031.5 41.3333
1032.5 16.4444
1033.5 81.8889
1034.5 99.1111
1035.5 14
1036.5 14.4444
1037.5 58.5556
1038.5 52.7778
1039.5 49.3333
1040.5 37.8889
1041.5 48.4444
1042.5 22
1043.5 70
1044.5 106
1045.5 163.333
1046.5 135.222
1047.5 122.556
1048.5 85.3333
1049.5 84.2222
1050.5 70.6667
1051.5 38.4444
1052.5 56.1111
1053.5 32.2222
1054.5 66.6667
1055.5 67.6667
1056.5 46.8889
1057.5 20.1111
1058.5 75.1111
1059.5 45.8889
1060.5 59.3333
1061.5 54.5556
1062.5 50.5556
1063.5 59
1064.5 44.6667
1065.5 35.1111
1066.5 35.8889
1067.5 49.5556
1068.5 65.7778
1069.5 28.8889
1070.5 67.6667
1071.5 94.5556
1072.5 170.556
1073.5 481
1074.5 526.778
1075.5 191
1076.5 61.4444
1077.5 76.7778
1078.5 8.22222
1079.5 61.6667
1080.5 27.2222
1081.5 38.4444
1082.5 29.2222
1083.5 35.4444
1084.5 24.8889
1085.5 32.3333
1086.5 5.33333
1087.5 54.1111
1088.5 62.2222
1089.5 41.2222
1090.5 36.3333
1091.5 33.2222
1092.5 5.77778
1093.5 12.6667
1094.5 71.6667
1095.5 5
1096.5 90.2222
1097.5 52.3333
1098.5 -10.5556
1099.5 66.2222
1100.5 18.2222
1101.5 14.4444
1102.5 31.1111
1103.5 14.6667
1104.5 93.7778
1105.5 24
1106.5 47.5556
1107.5 25.7778
1108.5 51.3333
1109.5 22.1111
1110.5 45.3333
1111.5 38.8889
1112.5 18.3333
1113.5 12.7778
1114.5 29.1111
1115.5 51
1116.5 32.5556
1117.5 97
1118.5 -9.77778
1119.5 -0.444446
1120.5 40.2222
1121.5 72.2222
1122.5 66
1123.5 474.333
1124.5 1417.33
1125.5 3585.44
1126.5 4124.11
1127.5 1867.67
1128.5 410
1129.5 149.667
1130.5 33.5556
1131.5 17.2222
1132.5 68.5556
1133.5 75.7778
1134.5 16.5556
1135.5 25.4444
1136.5 53.3333
1137.5 51.5556
1138.5 23.8889
1139.5 -18.2222
1140.5 5.77778
1141.5 31.7778
1142.5 13.5556
1143.5 38
1144.5 6.11111
1145.5 10.1111
1146.5 -3.66667
1147.5 32.1111
1148.5 40.4444
1149.5 -17.1111
1150.5 24.1111
1151.5 46.1111
1152.5 15.1111
1153.5 172.889
1154.5 582.333
1155.5 2124.44
1156.5 4512.33
1157.5 4891.78
1158.5 1706.22
1159.5 457.889
1160.5 43.1111
1161.5 57.1111
1162.5 37.4444
1163.5 53.5556
1164.5 13.5556
1165.5 3.66666
1166.5 -6.33333
1167.5 10.4444
1168.5 42.3333
1169.5 11.2222
1170.5 0.777777
1171.5 45.5556
1172.5 -2
1173.5 31.4444
1174.5 7.22222
1175.5 -12.7778
1176.5 18.2222
1177.5 34.1111
1178.5 25.4444
1179.5 12.2222
1180.5 -12.3333
1181.5 1.11111
1182.5 47
1183.5 37.3333
1184.5 30.8889
1185.5 12.5556
1186.5 -19.5556
1187.5 -9
1188.5 50.5556
1189.5 13.2222
1190.5 -14.4444
1191.5 22.1111
1192.5 40.6667
1193.5 -10.4444
1194.5 11
1195.5 26
1196.5 29.2222
1197.5 9.44444
1198.5 -4.33333
1199.5 1.11111
1200.5 21
1201.5 38.2222
1202.5 32
1203.5 23.5556
1204.5 -15.8889
1205.5 4.33333
1206.5 69.4444
1207.5 64
1208.5 29
1209.5 -11.3333
1210.5 -5.22222
1211.5 -9
1212.5 24.5556
1213.5 63.4444
1214.5 39.3333
1215.5 57
1216.5 24.7778
1217.5 7.88889
1218.5 -7.55556
1219.5 25.3333
1220.5 4.11111
1221.5 9.88889
1222.5 -19.5556
1223.5 18.7778
1224.5 11.3333
1225.5 25.1111
1226.5 37.5556
1227.5 19.1111
1228.5 35.2222
1229.5 33.8889
1230.5 9.22222
1231.5 9.44444
1232.5 0.333332
1233.5 24
1234.5 12.1111
1235.5 17.7778
1236.5 -20.2222
1237.5 7.77778
1238.5 26.6667
1239.5 10.6667
1240.5 0.999999
1241.5 50.8889
1242.5 41.2222
1243.5 39.8889
1244.5 10
1245.5 -3.77778
1246.5 -20.2222
1247.5 -4.66667
1248.5 15.6667
1249.5 -1.11111
1250.5 5.44444
1251.5 -7.44445
1252.5 -20.8889
1253.5 22.1111
1254.5 45
1255.5 47.7778
1256.5 53
1257.5 37.4444
1258.5 5.77778
1259.5 -3.33333
1260.5 51.3333
1261.5 25.2222
1262.5 47.1111
1263.5 -5.22222
1264.5 21
1265.5 11.3333
1266.5 23.8889
1267.5 28.5556
1268.5 -9.33333
1269.5 -4.44445
1270.5 8.22222
1271.5 18.3333
1272.5 23.6667
1273.5 29.2222
1274.5 4.33333
1275.5 29.3333
1276.5 -15.1111
1277.5 35.3333
1278.5 21.3333
1279.5 -2.11111
1280.5 36.6667
1281.5 4.66667
1282.5 14.1111
1283.5 17
1284.5 5.22222
1285.5 38.8889
1286.5 21
1287.5 29.6667
1288.5 13.2222
1289.5 2.11111
1290.5 25.4444
1291.5 8.88889
1292.5 5.33333
1293.5 6.22222
1294.5 55.8889
1295.5 41.1111
1296.5 -3.22222
1297.5 16.6667
1298.5 6.11111
1299.5 19.4444
1300.5 28.6667
1301.5 -30.8889
1302.5 -12.3333
1303.5 14.1111
1304.5 13.2222
1305.5 21.2222
1306.5 10.3333
1307.5 18.3333
1308.5 71.6667
1309.5 107.889
1310.5 70.6667
1311.5 37.6667
1312.5 29.1111
1313.5 20.3333
1314.5 21.6667
1315.5 47.4444
1316.5 6.66667
1317.5 37.1111
1318.5 21.3333
1319.5 9.66667
1320.5 20.8889
1321.5 6.33333
1322.5 29.6667
1323.5 10.1111
1324.5 6.77778
1325.5 -24.4444
1326.5 24.7778
1327.5 33.3333
1328.5 28.6667
1329.5 -5.77778
1330.5 -18.8889
1331.5 30.7778
1332.5 15.4444
1333.5 13.4444
1334.5 10.7778
1335.5 7.33333
1336.5 14.8889
1337.5 11.6667
1338.5 27
1339.5 9.33333
1340.5 21.5556
1341.5 13.8889
1342.5 25.4444
1343.5 16.7778
1344.5 15.3333
1345.5 4.77778
1346.5 11.5556
1347.5 24.1111
1348.5 -10.2222
1349.5 18.4444
1350.5 10.8889
1351.5 -25.1111
1352.5 -24.2222
1353.5 -18.6667
1354.5 24.3333
1355.5 -4.88889
1356.5 -5.77778
1357.5 8
1358.5 -11.2222
1359.5 6
1360.5 -14.2222
1361.5 -0.88889
1362.5 32.7778
1363.5 8
1364.5 42.4444
1365.5 26.2222
1366.5 17.3333
1367.5 56.1111
1368.5 38.6667
1369.5 18.8889
1370.5 55.1111
1371.5 6.33333
1372.5 28.1111
1373.5 -0.111112
1374.5 28.6667
1375.5 -27.6667
1376.5 14.1111
1377.5 21.4444
1378.5 -9.55556
1379.5 -5.55556
1380.5 2
1381.5 22.4444
1382.5 -9.22222
1383.5 16.3333
1384.5 6.33333
1385.5 -13.5556
1386.5 -19.6667
1387.5 17.6667
1388.5 -29.5556
1389.5 -4.33333
1390.5 -15
1391.5 6.55555
1392.5 -16
1393.5 28.6667
1394.5 38.3333
1395.5 3.11111
1396.5 12.2222
1397.5 -2
1398.5 -22.5556
1399.5 24
1400.5 14.6667
1401.5 23.1111
1402.5 6.44444
1403.5 5.77778
1404.5 2.77778
1405.5 10.7778
1406.5 13.8889
1407.5 29.1111
1408.5 -8.22222
1409.5 7.66667
1410.5 8.11111
1411.5 15.7778
1412.5 46
1413.5 -1.66667
1414.5 20.6667
1415.5 -8.66667
1416.5 -0.444446
1417.5 29
1418.5 47.3333
1419.5 12.8889
1420.5 4.22222
1421.5 28.4444
1422.5 20.8889
1423.5 26.2222
1424.5 -17
1425.5 7.88889
1426.5 38.2222
1427.5 62.4444
1428.5 95.2222
1429.5 88.5556
1430.5 48.4444
1431.5 3.88889
1432.5 4.88889
1433.5 -4.66667
1434.5 36.5556
1435.5 22.8889
1436.5 2
1437.5 6.66667
1438.5 34.6667
1439.5 8.77778
1440.5 2.22222
1441.5 0.444444
1442.5 22.8889
1443.5 38.3333
1444.5 19.8889
1445.5 12.5556
1446.5 20.7778
1447.5 11.2222
1448.5 17.7778
1449.5 18.1111
1450.5 9.77778
1451.5 -3.55556
1452.5 7.33333
1453.5 -16.7778
1454.5 26.2222
1455.5 -11.8889
1456.5 18.7778
1457.5 13
1458.5 10.8889
1459.5 13.5556
1460.5 -1.11111
1461.5 20.1111
1462.5 29.5556
1463.5 30
1464.5 43.5556
1465.5 52.3333
1466.5 43.2222
1467.5 61
1468.5 110.778
1469.5 70.6667
1470.5 47.7778
1471.5 20.5556
1472.5 28.8889
1473.5 61.6667
1474.5 -20.8889
1475.5 16.4444
1476.5 22.4444
1477.5 25.6667
1478.5 45.6667
1479.5 18.1111
1480.5 3.66667
1481.5 42.4444
1482.5 16.2222
1483.5 -7.66667
1484.5 -6.88889
1485.5 17.2222
1486.5 14.8889
1487.5 4.55555
1488.5 15.1111
1489.5 -16.4444
1490.5 12.2222
1491.5 43.7778
1492.5 12.2222
1493.5 16.7778
1494.5 -12.8889
1495.5 21.7778
1496.5 13
1497.5 33.6667
1498.5 14.7778
1499.5 67.5555
1500.5 99.3333
1501.5 22.2222
1502.5 16
1503.5 32
1504.5 16.6667
1505.5 15.6667
1506.5 -3.11111
1507.5 41.8889
1508.5 -2.77778
1509.5 -8.11111
1510.5 15.5556
1511.5 50.1111
1512.5 22.8889
1513.5 21.7778
1514.5 19.7778
1515.5 -4.33333
1516.5 17.7778
1517.5 19.5556
1518.5 17.4444
1519.5 9.55555
1520.5 21.2222
1521.5 6
1522.5 18.3333
1523.5 25.5556
1524.5 15
1525.5 5.44444
1526.5 14.7778
1527.5 -1.55556
1528.5 23.7778
1529.5 20
1530.5 4.33333
1531.5 -2.11111
1532.5 44.1111
1533.5 30.5556
1534.5 -6
1535.5 -11.1111
1536.5 7.44444
1537.5 12.3333
1538.5 -4.66667
1539.5 -2.44445
1540.5 6.66667
1541.5 20.1111
1542.5 22.5556
1543.5 21.3333
1544.5 21.6667
1545.5 7.11111
1546.5 2.55555
1547.5 -1.55556
1548.5 44
1549.5 11.7778
1550.5 29.4444
1551.5 15.2222
1552.5 5.66667
1553.5 -3.11111
1554.5 22.5556
1555.5 -19.5556
1556.5 15
1557.5 -5.22222
1558.5 11.3333
1559.5 30.4444
1560.5 -5.55556
1561.5 -6.77778
1562.5 29.8889
1563.5 16.8889
1564.5 24.3333
1565.5 5.33333
1566.5 21.1111
1567.5 -14.6667
1568.5 52.4444
1569.5 15.2222
1570.5 32.4444
1571.5 11.7778
1572.5 24
1573.5 25.3333
1574.5 3.33333
1575.5 23
1576.5 29.1111
1577.5 18.8889
1578.5 14.5556
1579.5 6
1580.5 9.22222
1581.5 23.8889
1582.5 17.4444
1583.5 16.2222
1584.5 36.3333
1585.5 12.4444
1586.5 21.5556
1587.5 36.8889
1588.5 -22.5556
1589.5 49.7778
1590.5 40.8889
1591.5 75.4444
1592.5 68.2222
1593.5 48.3333
1594.5 19.6667
1595.5 4.88889
1596.5 -27.6667
1597.5 20.1111
1598.5 -4.55556
1599.5 -21.4444
1600.5 3.11111
1601.5 11.5556
1602.5 -3.11111
1603.5 -8.33333
1604.5 20.8889
1605.5 18.4444
1606.5 21
1607.5 -13.4444
1608.5 -4.66667
1609.5 6.44444
1610.5 -10.6667
1611.5 2.88889
1612.5 23.8889
1613.5 17.6667
1614.5 -3.33333
1615.5 34
1616.5 22
1617.5 8.11111
1618.5 13.6667
1619.5 -4.55556
1620.5 21.5556
1621.5 22
1622.5 16.1111
1623.5 16.5556
1624.5 40.2222
1625.5 -6.22222
1626.5 11.2222
1627.5 -13.1111
1628.5 53.2222
1629.5 40.6667
1630.5 16.7778
1631.5 16.6667
1632.5 4.44444
1633.5 29.2222
1634.5 35.1111
1635.5 30.5556
1636.5 5.66667
1637.5 21.5556
1638.5 45.1111
1639.5 9.22222
1640.5 33.5556
1641.5 20.4444
1642.5 4.44444
1643.5 13.1111
1644.5 11.1111
1645.5 54.4444
1646.5 0.222221
1647.5 49.6667
1648.5 60.6667
1649.5 20.3333
1650.5 49.7778
1651.5 16.4444
1652.5 43.8889
1653.5 7.77778
1654.5 27.8889
1655.5 27.2222
1656.5 13.1111
1657.5 45.8889
1658.5 37.4444
1659.5 96.7778
1660.5 21.3333
1661.5 -9.22222
1662.5 17.6667
1663.5 7.55555
1664.5 21.8889
1665.5 -1
1666.5 7.33333
1667.5 15.5556
1668.5 -2.44445
1669.5 28.3333
1670.5 -10.5556
1671.5 4.77778
1672.5 -15.3333
1673.5 -6.44445
1674.5 26.7778
1675.5 -1.44445
1676.5 0.333333
1677.5 -2.11111
1678.5 16
1679.5 8.66667
1680.5 2.11111
1681.5 -14.4444
1682.5 -24.5556
1683.5 -3
1684.5 25.2222
1685.5 25.3333
1686.5 31.6667
1687.5 -4.44445
1688.5 21.6667
1689.5 14.2222
1690.5 42.7778
1691.5 74.5556
1692.5 11.4444
1693.5 28.5556
1694.5 22.8889
1695.5 14.1111
1696.5 7.22222
1697.5 25.2222
1698.5 11.5556
1699.5 -2.22222
1700.5 -1
1701.5 30
1702.5 22.4444
1703.5 -10.6667
1704.5 9.22222
1705.5 13.1111
1706.5 3.33333
1707.5 17.3333
1708.5 5.77778
1709.5 -11.1111
1710.5 6.44444
1711.5 -3.11111
1712.5 7.55555
1713.5 -6.11111
1714.5 2
1715.5 14.7778
1716.5 4.11111
1717.5 23.1111
1718.5 20.7778
1719.5 23
1720.5 19.4444
1721.5 26.6667
1722.5 9.77778
1723.5 23.2222
1724.5 8.77778
1725.5 5.55555
1726.5 45.5556
1727.5 45.2222
1728.5 38.7778
1729.5 34.7778
1730.5 19.2222
1731.5 14.1111
1732.5 -17.7778
1733.5 9.88889
1734.5 -4.88889
1735.5 3
1736.5 -0.666667
1737.5 3.55555
1738.5 19
1739.5 10.8889
1740.5 28.5556
1741.5 23.4444
1742.5 20.4444
1743.5 44.5556
1744.5 23.4444
1745.5 8.44444
1746.5 12.1111
1747.5 -7.66667
1748.5 13.4444
1749.5 -23.5556
1750.5 14.1111
1751.5 8.77778
1752.5 16.6667
1753.5 27
1754.5 -2.66667
1755.5 29.6667
1756.5 8.22222
1757.5 36.3333
1758.5 15.3333
1759.5 15.2222
1760.5 21.7778
1761.5 38.5556
1762.5 16.5556
1763.5 -9.33333
1764.5 34.1111
1765.5 6.77778
1766.5 25.5556
1767.5 10.7778
1768.5 -1.11111
1769.5 29.6667
1770.5 -4.11111
1771.5 30
1772.5 20.7778
1773.5 13
1774.5 7.33333
1775.5 51.6667
1776.5 36.5556
1777.5 4.66667
1778.5 14.4444
1779.5 29.7778
1780.5 21
1781.5 -5.88889
1782.5 0.888888
1783.5 6.66667
1784.5 15
1785.5 16.2222
1786.5 8.44444
1787.5 5.11111
1788.5 23.8889
1789.5 7.66667
1790.5 1.33333
1791.5 18.7778
1792.5 20.6667
1793.5 2.55555
1794.5 16.4444
1795.5 20.8889
1796.5 -5.33333
1797.5 17.8889
1798.5 6.44444
1799.5 26.4444
1800.5 -2.66667
1801.5 -2.55556
1802.5 16.3333
1803.5 26.5556
1804.5 15.8889
1805.5 48.6667
1806.5 9.11111
1807.5 -25
1808.5 -16.1111
1809.5 49.5556
1810.5 19.7778
1811.5 8.44444
1812.5 15.7778
1813.5 17.6667
1814.5 6.11111
1815.5 -10.4444
1816.5 8.66667
1817.5 -4.33333
1818.5 37.7778
1819.5 19.6667
1820.5 1.77778
1821.5 4.88889
1822.5 19.2222
1823.5 -8.66667
1824.5 12.1111
1825.5 9.33333
1826.5 21.7778
1827.5 21.3333
1828.5 -10.1111
1829.5 0.222222
1830.5 -5.33333
1831.5 -10.1111
1832.5 -5.36442e-07
1833.5 -9
1834.5 8.77778
1835.5 -9.66667
1836.5 5.11111
1837.5 9
1838.5 8.55555
1839.5 20.5556
1840.5 7.66667
1841.5 26.2222
1842.5 -29.1111
1843.5 4
1844.5 26.4444
1845.5 13.6667
1846.5 11.6667
1847.5 -8.66667
1848.5 18.3333
1849.5 7.66667
1850.5 -3.55556
1851.5 17.8889
1852.5 0.777777
1853.5 40.3333
1854.5 25.8889
1855.5 39.1111
1856.5 6
1857.5 26.2222
1858.5 21.4444
1859.5 18.8889
1860.5 13
1861.5 21.3333
1862.5 1.44444
1863.5 23.6667
1864.5 18.5556
1865.5 9.77778
1866.5 11.8889
1867.5 1.88889
1868.5 40.5556
1869.5 30
1870.5 54.2222
1871.5 49.1111
1872.5 26.7778
1873.5 11.2222
1874.5 -4.88889
1875.5 23.5556
1876.5 9.77778
1877.5 1.22222
1878.5 13
1879.5 13.8889
1880.5 8.44444
1881.5 6.11111
1882.5 31.6667
1883.5 15.4444
1884.5 39.5556
1885.5 126.222
1886.5 203.444
1887.5 245.222
1888.5 72.6667
1889.5 61.6667
1890.5 49.8889
1891.5 44.2222
1892.5 31.2222
1893.5 41.1111
1894.5 14.5556
1895.5 14
1896.5 7.44444
1897.5 -4.77778
1898.5 16.6667
1899.5 0.222221
1900.5 1.33333
1901.5 11.1111
1902.5 -5
1903.5 -5.55556
1904.5 20
1905.5 -1
1906.5 3
1907.5 25
1908.5 11
1909.5 3.22222
1910.5 -10.1111
1911.5 7.22222
1912.5 -2.44445
1913.5 20.4444
1914.5 27.7778
1915.5 8.11111
1916.5 19.4444
1917.5 10.5556
1918.5 8.22222
1919.5 18.8889
1920.5 20.3333
1921.5 29.1111
1922.5 20.4444
1923.5 -1.11111
1924.5 8.66667
1925.5 20.7778
1926.5 -12.2222
1927.5 2.11111
1928.5 27.2222
1929.5 -16.8889
1930.5 11.3333
1931.5 13.2222
1932.5 -9.22222
1933.5 -19.5556
1934.5 -8.88889
1935.5 4
1936.5 15.7778
1937.5 33.3333
1938.5 14.1111
1939.5 18.4444
1940.5 16.4444
1941.5 -7.55556
1942.5 -26.4444
1943.5 -5.11111
1944.5 20.7778
1945.5 16
1946.5 29
1947.5 3
1948.5 6.33333
1949.5 13.7778
1950.5 2.55555
1951.5 16.1111
1952.5 6.22222
1953.5 19.6667
1954.5 25
1955.5 -0.222223
1956.5 18.8889
1957.5 14.3333
1958.5 18.2222
1959.5 13.4444
1960.5 15.8889
1961.5 12
1962.5 29.7778
1963.5 2.33333
1964.5 8.55555
1965.5 4.66667
1966.5 2.88889
1967.5 14
1968.5 18.5556
1969.5 -10.2222
1970.5 18.7778
1971.5 25.4444
1972.5 -6.77778
1973.5 22.7778
1974.5 15.5556
1975.5 -0.444445
1976.5 -14.4444
1977.5 10.8889
1978.5 1.88889
1979.5 20.1111
1980.5 10.3333
1981.5 20.7778
1982.5 4.44444
1983.5 12.3333
1984.5 22.1111
1985.5 22.6667
1986.5 29.7778
1987.5 4.66667
1988.5 -6
1989.5 -3.11111
1990.5 -4.88889
1991.5 -1.77778
1992.5 21.3333
1993.5 -7.55556
1994.5 16.7778
1995.5 1.33333
1996.5 -7.88889
1997.5 -1.44445
1998.5 3.44444
1999.5 4.88889
2000.5 2
2001.5 -10.2222
2002.5 17
2003.5 -15.7778
2004.5 4.66667
2005.5 0.111111
2006.5 -13
2007.5 6.44444
2008.5 -19
2009.5 -28.5556
2010.5 -5.22222
2011.5 -28
2012.5 20.4444
2013.5 -6.88889
2014.5 -6.55556
2015.5 -20.5556
2016.5 12.8889
2017.5 24.3333
2018.5 0.333333
2019.5 23
2020.5 18.4444
2021.5 6.33333
2022.5 11
2023.5 33.2222
2024.5 5.11111
2025.5 28.3333
2026.5 3.33333
2027.5 24.3333
2028.5 12.8889
2029.5 19.8889
2030.5 35.5556
2031.5 82.5556
2032.5 228.556
2033.5 333.222
2034.5 323.889
2035.5 153.667
2036.5 70.4444
2037.5 30.7778
2038.5 22.6667
2039.5 4.55556
2040.5 34.5556
2041.5 4.55556
2042.5 12.7778
2043.5 15.6667
2044.5 -11.3333
2045.5 5.55555
2046.5 -16
2047.5 0.222222
2048.5 21.8889
2049.5 7.66667
2050.5 25.4444
2051.5 25.4444
2052.5 22.5556
2053.5 29.1111
2054.5 22.1111
2055.5 42.1111
2056.5 21.5556
2057.5 -27.8889
2058.5 17.7778
2059.5 11.2222
2060.5 15.6667
2061.5 7.66667
2062.5 14.4444
2063.5 5.66667
2064.5 8.55556
2065.5 6.11111
2066.5 16
2067.5 17.7778
2068.5 11.3333
2069.5 3.55555
2070.5 -14
2071.5 16.1111
2072.5 -1.11111
2073.5 11.7778
2074.5 26.4444
2075.5 27.1111
2076.5 46.4444
2077.5 7.77778
2078.5 18.5556
2079.5 24.8889
2080.5 22.4444
2081.5 1.33333
2082.5 15.3333
2083.5 21.7778
2084.5 6
2085.5 18.8889
2086.5 13
2087.5 3.11111
2088.5 -3.88889
2089.5 2.33333
2090.5 30.6667
2091.5 4.77778
2092.5 10.2222
2093.5 29.6667
2094.5 12.8889
2095.5 -27.4444
2096.5 -9.55556
2097.5 2.22222
2098.5 10.7778
2099.5 6.33333
2100.5 -16.6667
2101.5 9.22222
2102.5 6.11111
2103.5 2.22222
2104.5 11.7778
2105.5 1.66667
2106.5 29.1111
2107.5 22.3333
2108.5 2
2109.5 6.88889
2110.5 -22.6667
2111.5 -10.2222
2112.5 2.33333
2113.5 5.22222
2114.5 -8.11111
2115.5 3
2116.5 11.5556
2117.5 11.2222
2118.5 -0.555556
2119.5 23.2222
2120.5 -1.22222
2121.5 32.4444
2122.5 10.3333
2123.5 0.666666
2124.5 18
2125.5 19.4444
2126.5 2
2127.5 7.55556
2128.5 26.7778
2129.5 14.1111
2130.5 12.8889
2131.5 -11.1111
2132.5 3.11111
2133.5 14.4444
2134.5 6.22222
2135.5 16.2222
2136.5 -3.55556
2137.5 -8.77778
2138.5 16.4444
2139.5 -3.33333
2140.5 9.44444
2141.5 14.6667
2142.5 -11.1111
2143.5 15.6667
2144.5 37
2145.5 20.8889
2146.5 -1
2147.5 28
2148.5 99.3333
2149.5 113.556
2150.5 95.1111
2151.5 174.889
2152.5 45
2153.5 13.4444
2154.5 4.77778
2155.5 -5.22222
2156.5 4.33333
2157.5 11
2158.5 15.8889
2159.5 17.2222
2160.5 8.44444
2161.5 -5.11111
2162.5 -5.66667
2163.5 -4.88889
2164.5 6.22222
2165.5 8.33333
2166.5 -7.44444
2167.5 23.8889
2168.5 15.3333
2169.5 17.8889
2170.5 9.33333
2171.5 14.4444
2172.5 13.5556
2173.5 19.5556
2174.5 20.4444
2175.5 42.6667
2176.5 35.2222
2177.5 74.4444
2178.5 60
2179.5 39.4444
2180.5 55.7778
2181.5 28.5556
2182.5 8.77778
2183.5 19.2222
2184.5 28.7778
2185.5 18.1111
2186.5 -5
2187.5 3.44444
2188.5 -3.33333
2189.5 5.77778
2190.5 -0.555556
2191.5 5
2192.5 -17.4444
2193.5 -20.2222
2194.5 23
2195.5 6.55556
2196.5 2.55556
2197.5 33.1111
2198.5 9.33333
2199.5 72.3333
2200.5 51.2222
2201.5 52.8889
2202.5 -0.88889
2203.5 1.55555
2204.5 6.66667
2205.5 -4.11111
2206.5 2.77778
2207.5 0.777777
2208.5 -3.44444
2209.5 -2.44444
2210.5 19.7778
2211.5 3.22222
2212.5 -2.11111
2213.5 18.6667
2214.5 29.1111
2215.5 47.3333
2216.5 38.8889
2217.5 9.44444
2218.5 10.4444
2219.5 10.6667
2220.5 16.2222
2221.5 31.7778
2222.5 13.2222
2223.5 23.5556
2224.5 2.55555
2225.5 4.88889
2226.5 15.7778
2227.5 10.7778
2228.5 12.3333
2229.5 3.55556
2230.5 9.66667
2231.5 6.33333
2232.5 -7.33333
2233.5 1.44444
2234.5 9.44444
2235.5 30.6667
2236.5 10.1111
2237.5 5.22222
2238.5 1
2239.5 8
2240.5 5.11111
2241.5 7.55556
2242.5 2.55556
2243.5 18
2244.5 16.1111
2245.5 41.4444
2246.5 5.88889
2247.5 -7.55556
2248.5 20.8889
2249.5 14.6667
2250.5 23
2251.5 10
2252.5 -7
2253.5 -21.8889
2254.5 25.2222
2255.5 -2.44444
2256.5 -16
2257.5 -6.88889
2258.5 12.3333
2259.5 -1.77778
2260.5 -8.88889
2261.5 17.6667
2262.5 21.2222
2263.5 31.2222
2264.5 41.1111
2265.5 17.6667
2266.5 24.4444
2267.5 -2.11111
2268.5 6.66667
2269.5 18.1111
2270.5 3.55556
2271.5 0.222222
2272.5 -5.55556
2273.5 8.88889
2274.5 36
2275.5 -3.44444
2276.5 10.4444
2277.5 11.3333
2278.5 17
2279.5 70.2222
2280.5 104.889
2281.5 101.222
2282.5 50.3333
2283.5 27.5556
2284.5 21.1111
2285.5 2.55556
2286.5 18.2222
2287.5 3.11111
2288.5 -1.11111
2289.5 7
2290.5 -26.3333
2291.5 7.77778
2292.5 -10.5556
2293.5 -2
2294.5 -0.666667
2295.5 5.77778
2296.5 25.1111
2297.5 6.66667
2298.5 -16.8889
2299.5 10.3333
2300.5 6.22222
2301.5 -7.55556
2302.5 16.4444
2303.5 1.55556
2304.5 11.3333
2305.5 7.22222
2306.5 17.1111
2307.5 0.111111
2308.5 4.33333
2309.5 11.2222
2310.5 10.1111
2311.5 1.22222
2312.5 2.66667
2313.5 7
2314.5 4.77778
2315.5 -12.8889
2316.5 14.3333
2317.5 -0.111111
2318.5 14.2222
2319.5 7.66667
2320.5 13
2321.5 0.333333
2322.5 18.3333
2323.5 -3.77778
2324.5 11.3333
2325.5 6.55556
2326.5 8.66667
2327.5 5.44444
2328.5 -4.76837e-07
2329.5 -2.11111
2330.5 9.44444
2331.5 20.2222
2332.5 16.4444
2333.5 18.1111
2334.5 8.66667
2335.5 8.11111
2336.5 8.55556
2337.5 -1.55556
2338.5 -9.33333
2339.5 7.55556
2340.5 22.2222
2341.5 9
2342.5 -2.66667
2343.5 5.44444
2344.5 0.888888
2345.5 12.1111
2346.5 -2.11111
2347.5 19.3333
2348.5 14.4444
2349.5 8.66667
2350.5 9.77778
2351.5 8.55556
2352.5 -6.55556
2353.5 -7.55556
2354.5 3.44444
2355.5 7.33333
2356.5 14
2357.5 -4.11111
2358.5 2.44444
2359.5 10.4444
2360.5 5.88889
2361.5 5.22222
2362.5 -15.3333
2363.5 4.77778
2364.5 -9
2365.5 18
2366.5 30.4444
2367.5 10.5556
2368.5 7.44444
2369.5 16.4444
2370.5 2
2371.5 4.66667
2372.5 25.3333
2373.5 9.33333
2374.5 5.33333
2375.5 37.2222
2376.5 18.1111
2377.5 52.8889
2378.5 32.4444
2379.5 9.88889
2380.5 34.1111
2381.5 33.8889
2382.5 29.4444
2383.5 17.6667
2384.5 16.2222
2385.5 11
2386.5 6.22222
2387.5 12.3333
2388.5 16
2389.5 16.2222
2390.5 6.33333
2391.5 9.22222
2392.5 8.11111
2393.5 8.88889
2394.5 -3.33333
2395.5 -5
2396.5 5.77778
2397.5 6
2398.5 7.33333
2399.5 -5.66667
2400.5 2.77778
2401.5 43.4444
2402.5 35.8889
2403.5 70.8889
2404.5 60.1111
2405.5 14.6667
2406.5 16
2407.5 7
2408.5 -12.2222
2409.5 11.2222
2410.5 5.44444
2411.5 -2.44444
2412.5 0.555555
2413.5 11.3333
2414.5 -6.88889
2415.5 7.33333
2416.5 1.66667
2417.5 19.2222
2418.5 18.2222
2419.5 18.5556
2420.5 -5.77778
2421.5 10.2222
2422.5 3.11111
2423.5 8.22222
2424.5 15.2222
2425.5 3.55556
2426.5 24.2222
2427.5 30.7778
2428.5 10.6667
2429.5 14
2430.5 14.7778
2431.5 11.3333
2432.5 21
2433.5 7.44444
2434.5 -3.33333
2435.5 -11.1111
2436.5 12.1111
2437.5 -25.4444
2438.5 -16.6667
2439.5 11.3333
2440.5 -1.88889
2441.5 6
2442.5 15.7778
2443.5 11.2222
2444.5 18.4444
2445.5 6.55556
2446.5 9.55556
2447.5 21.5556
2448.5 2.33333
2449.5 7.44444
2450.5 9.33333
2451.5 10.4444
2452.5 17.2222
2453.5 7
2454.5 7.22222
2455.5 8.11111
2456.5 2.22222
2457.5 16.5556
2458.5 8.88889
2459.5 -5.11111
2460.5 4.33333
2461.5 5.33333
2462.5 22.2222
2463.5 4
2464.5 -2.44444
2465.5 2.55556
2466.5 5.33333
2467.5 12.2222
2468.5 1.55556
2469.5 4.88889
2470.5 23.5556
2471.5 32
2472.5 2.44444
2473.5 -8.66667
2474.5 19
2475.5 -3.11111
2476.5 2.88889
2477.5 -2.55556
2478.5 -5.11111
2479.5 11.1111
2480.5 -3.44444
2481.5 0.555555
2482.5 21.4444
2483.5 1.66667
2484.5 1
2485.5 -4.55556
2486.5 9
2487.5 16.7778
2488.5 24.1111
2489.5 0.444444
2490.5 -1.44444
2491.5 7.66667
2492.5 15.7778
2493.5 9.77778
2494.5 -11.1111
2495.5 4
2496.5 -0.222223
2497.5 -13.5556
2498.5 2.66667
2499.5 9
2500.5 8.44444
2501.5 11.2222
2502.5 22.2222
2503.5 6.55556
2504.5 10.4444
2505.5 7
2506.5 33.2222
2507.5 1.55555
2508.5 -1.44445
2509.5 14
2510.5 -0.777778
2511.5 26.4444
2512.5 43.8889
2513.5 31.3333
2514.5 21.5556
2515.5 -3.55556
2516.5 21.7778
2517.5 19.3333
2518.5 13.6667
2519.5 -33.5556
2520.5 -16.1111
2521.5 17.1111
2522.5 3.77778
2523.5 9.22222
2524.5 13.3333
2525.5 -2.44444
2526.5 -5.11111
2527.5 -25.7778
2528.5 3.77778
2529.5 15.6667
2530.5 22
2531.5 6.44444
2532.5 7.44444
2533.5 -11.2222
2534.5 5.11111
2535.5 28.6667
2536.5 13.2222
2537.5 3.11111
2538.5 10.6667
2539.5 -4
2540.5 34.6667
2541.5 24.5556
2542.5 -9.33333
2543.5 3.44444
2544.5 25.8889
2545.5 -16.3333
2546.5 -10.5556
2547.5 -3.11111
2548.5 -9.55556
2549.5 4
2550.5 -18.2222
2551.5 16.6667
2552.5 12
2553.5 12.4444
2554.5 6
2555.5 16.1111
2556.5 17.6667
2557.5 0.222222
2558.5 1.88889
2559.5 22.2222
2560.5 9.11111
2561.5 7.88889
2562.5 12.8889
2563.5 -13.1111
2564.5 9.77778
2565.5 -2.33333
2566.5 8.66667
2567.5 17.7778
2568.5 13.5556
2569.5 -3.88889
2570.5 10
2571.5 12.7778
2572.5 16.6667
2573.5 -2.22222
2574.5 -26
2575.5 2
2576.5 -10.3333
2577.5 -6.22222
2578.5 14.7778
2579.5 -10.7778
2580.5 7.11111
2581.5 11.6667
2582.5 31.1111
2583.5 20.6667
2584.5 49.7778
2585.5 70.8889
2586.5 151.556
2587.5 200.444
2588.5 184.111
2589.5 108.778
2590.5 28.5556
2591.5 29.2222
2592.5 16
2593.5 -2.33333
2594.5 7.11111
2595.5 6.22222
2596.5 8.55556
2597.5 0.222222
2598.5 1.33333
2599.5 6.88889
2600.5 2.11111
2601.5 0.111111
2602.5 11.5556
2603.5 3.77778
2604.5 -3.22222
2605.5 -7.66667
2606.5 -15.7778
2607.5 -15.1111
2608.5 -28.5556
2609.5 -35.3333
2610.5 -46.4444
2611.5 -109.889
2612.5 -97.1111
2613.5 -69.7778
2614.5 -25.1111
2615.5 -9.55556
2616.5 0.777777
2617.5 -6.44445
2618.5 -11.7778
2619.5 -15.7778
2620.5 -18.8889
2621.5 9.33333
2622.5 8.44444
2623.5 24.2222
2624.5 -11.3333
2625.5 3.77778
2626.5 -2.44444
2627.5 -12.6667
2628.5 11.7778
2629.5 22.1111
2630.5 5
2631.5 6.66667
2632.5 1
2633.5 11.1111
2634.5 5
2635.5 19.5556
2636.5 14
2637.5 28.6667
2638.5 21.3333
2639.5 12.7778
2640.5 4
2641.5 13.4444
2642.5 2.22222
2643.5 7.33333
2644.5 8
2645.5 0.666666
2646.5 12.2222
2647.5 12.2222
2648.5 13.5556
2649.5 1.33333
2650.5 -19.3333
2651.5 -3.77778
2652.5 -6.11111
2653.5 -13.1111
2654.5 17.2222
2655.5 9.66667
2656.5 -20.2222
2657.5 33.6667
2658.5 -12.3333
2659.5 1.44444
2660.5 -4.22222
2661.5 9.77778
2662.5 -1.55556
2663.5 -12.8889
2664.5 -2.22222
2665.5 -4.88889
2666.5 0.555555
2667.5 3
2668.5 21.2222
2669.5 -12.6667
2670.5 2.22222
2671.5 0.666666
2672.5 10.5556
2673.5 31.3333
2674.5 36.3333
2675.5 52.2222
2676.5 63.5556
2677.5 33.3333
2678.5 10.3333
2679.5 16.7778
2680.5 20.6667
2681.5 25.3333
2682.5 46
2683.5 112.778
2684.5 147.889
2685.5 129.111
2686.5 90.8889
2687.5 42.3333
2688.5 2.22222
2689.5 22.3333
2690.5 15.1111
2691.5 17.2222
2692.5 -2.66667
2693.5 -4.33333
2694.5 6.66667
2695.5 18.6667
2696.5 -7.55556
2697.5 -1.55556
2698.5 -9.55556
2699.5 8.22222
2700.5 21
2701.5 2.44444
2702.5 -3.44444
2703.5 -3.11111
2704.5 -11.3333
2705.5 -4.55556
2706.5 5.44444
2707.5 -0.888889
2708.5 6.55556
2709.5 -6.88889
2710.5 7.77778
2711.5 8.66667
2712.5 8.22222
2713.5 -2.44444
2714.5 4.33333
2715.5 7.11111
2716.5 3.44444
2717.5 8.44444
2718.5 9.55556
2719.5 20.5556
2720.5 22.6667
2721.5 26
2722.5 -6.11111
2723.5 23.2222
2724.5 20.6667
2725.5 3
2726.5 -12
2727.5 16.7778
2728.5 20.4444
2729.5 44.5556
2730.5 69.6667
2731.5 52.1111
2732.5 64.3333
2733.5 55.2222
2734.5 44.8889
2735.5 16.6667
2736.5 14.6667
2737.5 19.1111
2738.5 -3
2739.5 -6.33333
2740.5 -2.66667
2741.5 9.22222
2742.5 -11
2743.5 3.88889
2744.5 -10.6667
2745.5 -7.33333
2746.5 15.1111
2747.5 -13.7778
2748.5 14.6667
2749.5 6.66667
2750.5 4.88889
2751.5 -1.44444
2752.5 -8.22222
2753.5 -2.33333
2754.5 18
2755.5 3.44444
2756.5 5.44444
2757.5 -2.66667
2758.5 25.5556
2759.5 1
2760.5 -3
2761.5 -13.4444
2762.5 -0.777778
2763.5 -7
2764.5 -11.4444
2765.5 -14.3333
2766.5 -5.88889
2767.5 -8.66667
2768.5 27.4444
2769.5 -7
2770.5 -3.66667
2771.5 1.66667
2772.5 5
2773.5 -5.11111
2774.5 -2.55556
2775.5 -3.11111
2776.5 8.11111
2777.5 5.88889
2778.5 -0.222223
2779.5 8.66667
2780.5 14.3333
2781.5 38.3333
2782.5 49
2783.5 85
2784.5 113.667
2785.5 110.667
2786.5 67.2222
2787.5 16.3333
2788.5 15.2222
2789.5 5.77778
2790.5 -0.777778
2791.5 21
2792.5 -2.44444
2793.5 16.2222
2794.5 -6
2795.5 -12.2222
2796.5 7.33333
2797.5 -8.11111
2798.5 4.22222
2799.5 -9.55556
2800.5 -2.22222
2801.5 -8.11111
2802.5 -4.22222
2803.5 0.444444
2804.5 1.66667
2805.5 -14.5556
2806.5 -4.33333
2807.5 6.55556
2808.5 0.111111
2809.5 -9.77778
2810.5 -2.11111
2811.5 8.44444
2812.5 5.66667
2813.5 4.77778
2814.5 17.4444
2815.5 9.88889
2816.5 7.44444
2817.5 -5.88889
2818.5 9.77778
2819.5 23
2820.5 8.55556
2821.5 9.66667
2822.5 -12.5556
2823.5 -5.66667
2824.5 1
2825.5 2.66667
2826.5 11.6667
2827.5 5.55556
2828.5 5
2829.5 14.6667
2830.5 8.11111
2831.5 7.88889
2832.5 2.44444
2833.5 -0.555556
2834.5 2.44444
2835.5 2.22222
2836.5 -2.66667
2837.5 -14.4444
2838.5 10.4444
2839.5 -2.44444
2840.5 11.3333
2841.5 13
2842.5 4.33333
2843.5 6.77778
2844.5 3.22222
2845.5 27
2846.5 -6.55556
2847.5 36.8889
2848.5 12.8889
2849.5 -9.22222
2850.5 -11.2222
2851.5 5.44444
2852.5 -11.5556
2853.5 -8.88889
2854.5 3.33333
2855.5 6.66667
2856.5 3.22222
2857.5 -2.33333
2858.5 -0.111111
2859.5 6.22222
2860.5 0.444444
2861.5 4.66667
2862.5 0.111111
2863.5 -3.88889
2864.5 -5.77778
2865.5 -8.33333
2866.5 -24.4444
2867.5 -24.5556
2868.5 -33.8889
2869.5 -10.4444
2870.5 1.55556
2871.5 -1.11111
2872.5 -6.77778
2873.5 -6.88889
2874.5 -3.33333
2875.5 8.66667
2876.5 -7.11111
2877.5 -7.66667
2878.5 -11.5556
2879.5 14
2880.5 11.7778
2881.5 9.55556
2882.5 10.8889
2883.5 16.2222
2884.5 14.5556
2885.5 21.8889
2886.5 6.11111
2887.5 15.3333
2888.5 14.2222
2889.5 1.55556
2890.5 15.2222
2891.5 17.1111
2892.5 13.7778
2893.5 14.1111
2894.5 15
2895.5 1.22222
2896.5 6.22222
2897.5 19.3333
2898.5 4
2899.5 -8.88889
2900.5 8.66667
2901.5 -12.1111
2902.5 2.44444
2903.5 -13.6667
2904.5 -8.55556
2905.5 0.777777
2906.5 -6.66667
2907.5 -0.777778
2908.5 -7.77778
2909.5 0.555555
2910.5 3.88889
2911.5 -1.88889
2912.5 12.6667
2913.5 9.33333
2914.5 12.7778
2915.5 3.11111
2916.5 12.2222
2917.5 -17.5556
2918.5 17.7778
2919.5 7.44444
2920.5 0.333333
2921.5 17.6667
2922.5 16.6667
2923.5 18.5556
2924.5 9.66667
2925.5 0.333333
2926.5 12
2927.5 21.6667
2928.5 19.1111
2929.5 14.3333
2930.5 6.66667
2931.5 -6.77778
2932.5 4.55556
2933.5 25.2222
2934.5 -5.66667
2935.5 -0.888889
2936.5 10.8889
2937.5 -10.4444
2938.5 -6.11111
2939.5 18.4444
2940.5 6.44444
2941.5 -3.11111
2942.5 0.111111
2943.5 -18.5556
2944.5 -17.1111
2945.5 32.6667
2946.5 11.6667
2947.5 25.8889
2948.5 0.555554
2949.5 -0.444445
2950.5 7.66667
2951.5 10
2952.5 8.66667
2953.5 -4.88889
2954.5 3.11111
2955.5 -11.5556
2956.5 9.44444
2957.5 12.7778
2958.5 10.8889
2959.5 -2.55556
2960.5 1.44444
2961.5 8.11111
2962.5 -1.33333
2963.5 -25.2222
2964.5 7.55556
2965.5 -14.7778
2966.5 7.88889
2967.5 9.33333
2968.5 6.77778
2969.5 -1
2970.5 -4.88889
2971.5 8.11111
2972.5 -17
2973.5 -3.44444
2974.5 5.55556
2975.5 -12.2222
2976.5 0.333333
2977.5 5.55556
2978.5 -0.888889
2979.5 9.66667
2980.5 2.11111
2981.5 1
2982.5 1.44444
2983.5 3.88889
2984.5 0.777778
2985.5 6.88889
2986.5 -6.66667
2987.5 5.88889
2988.5 -5
2989.5 -15.8889
2990.5 15.5556
2991.5 -4.33333
2992.5 -4.11111
2993.5 -3.44444
2994.5 -2.77778
2995.5 -6.22222
2996.5 -3.66667
2997.5 1
2998.5 -1
2999.5 1.44444
3000.5 3
3001.5 9.33333
3002.5 4.66667
3003.5 20.4444
3004.5 18.5556
3005.5 12.3333
3006.5 5.11111
3007.5 20.5556
3008.5 7.66667
3009.5 -6
3010.5 -2.66667
3011.5 0.444444
3012.5 -0.111111
3013.5 -13.3333
3014.5 12.1111
3015.5 13.7778
3016.5 1.77778
3017.5 4.88889
3018.5 5.66667
3019.5 0.444444
3020.5 1.77778
3021.5 -5.11111
3022.5 -11.3333
3023.5 14.7778
3024.5 -4
3025.5 -5.88889
3026.5 -6.44444
3027.5 -4.88889
3028.5 10.6667
3029.5 -8.22222
3030.5 0.555555
3031.5 -5.33333
3032.5 -4.22222
3033.5 -0.888889
3034.5 0.222222
3035.5 -4.55556
3036.5 28.5556
3037.5 43.2222
3038.5 38.7778
3039.5 37.2222
3040.5 -0.666667
3041.5 15
3042.5 21.1111
3043.5 10.6667
3044.5 8.66667
3045.5 2.66667
3046.5 2.77778
3047.5 12.2222
3048.5 6.44444
3049.5 19
3050.5 2.55556
3051.5 -2.88889
3052.5 2.22222
3053.5 4.55556
3054.5 13
3055.5 -6.66667
3056.5 0.888889
3057.5 -7.55556
3058.5 15.6667
3059.5 1
3060.5 16.5556
3061.5 7.88889
3062.5 3.11111
3063.5 10.2222
3064.5 -2.44444
3065.5 -6
3066.5 4.44444
3067.5 -5.22222
3068.5 18.3333
3069.5 2.66667
3070.5 -2.66667
3071.5 -15
3072.5 3.66667
3073.5 4.44444
3074.5 -1.55556
3075.5 7.33333
3076.5 -9.77778
3077.5 10.6667
3078.5 -4
3079.5 8.44444
3080.5 8.33333
3081.5 8.88889
3082.5 3.77778
3083.5 9.88889
3084.5 -6.55556
3085.5 0.888889
3086.5 -1.77778
3087.5 0.777778
3088.5 -7.11111
3089.5 4.22222
3090.5 -3.77778
3091.5 -1.66667
3092.5 -2.44444
3093.5 18.6667
3094.5 18.2222
3095.5 2.44444
3096.5 14.5556
3097.5 15.7778
3098.5 6
3099.5 15.4444
3100.5 -8.77778
3101.5 0.888889
3102.5 16.3333
3103.5 8.77778
3104.5 8.77778
3105.5 -2.44444
3106.5 -7.11111
3107.5 13.8889
3108.5 -6
3109.5 14.4444
3110.5 2.66667
3111.5 4.55556
3112.5 6
3113.5 6.33333
3114.5 0.666666
3115.5 3.11111
3116.5 17.5556
3117.5 3.22222
3118.5 -0.333334
3119.5 -9.22222
3120.5 19.1111
3121.5 20.7778
3122.5 5.66667
3123.5 1.77778
3124.5 9.22222
3125.5 4.77778
3126.5 5.66667
3127.5 -4.66667
3128.5 0.555555
3129.5 -8.33333
3130.5 8
3131.5 -5.66667
3132.5 2.11111
3133.5 -3.66667
3134.5 -1.33333
3135.5 0.777778
3136.5 9.55556
3137.5 3.55556
3138.5 -5.44444
3139.5 9.77778
3140.5 -8.22222
3141.5 -4.33333
3142.5 -3.77778
3143.5 -2
3144.5 9.22222
3145.5 2.66667
3146.5 3.88889
3147.5 27.4444
3148.5 8.11111
3149.5 3.22222
3150.5 14.1111
3151.5 -3.55556
3152.5 3.55556
3153.5 9.66667
3154.5 12.6667
3155.5 3.88889
3156.5 3.77778
3157.5 -9.33333
3158.5 -1.22222
3159.5 -8.33333
3160.5 9.55556
3161.5 14
3162.5 7.66667
3163.5 -2.55556
3164.5 5.11111
3165.5 13.7778
3166.5 -0.222223
3167.5 8.55556
3168.5 5.55556
3169.5 5.44444
3170.5 -8.22222
3171.5 1.55556
3172.5 -0.555556
3173.5 -8.55556
3174.5 5.77778
3175.5 -11.1111
3176.5 2.66667
3177.5 -7.55556
3178.5 -4.88889
3179.5 -7.11111
3180.5 0.222222
3181.5 11.5556
3182.5 2.33333
3183.5 1.11111
3184.5 13.3333
3185.5 -0.333334
3186.5 7.44444
3187.5 4.33333
3188.5 17.4444
3189.5 -4.66667
3190.5 5.66667
3191.5 6.66667
3192.5 33.3333
3193.5 6.33333
3194.5 -5.88889
3195.5 -6.55556
3196.5 -4.22222
3197.5 8.55556
3198.5 9.44444
3199.5 -3.77778
3200.5 30.4444
3201.5 3.11111
3202.5 23
3203.5 18.4444
3204.5 1.33333
3205.5 2.11111
3206.5 4.88889
3207.5 7.88889
3208.5 2.77778
3209.5 8.88889
3210.5 4.22222
3211.5 6
3212.5 15.4444
3213.5 -7.88889
3214.5 0.111111
3215.5 2.44444
3216.5 4.44444
3217.5 6.44444
3218.5 5.44444
3219.5 11.1111
3220.5 -0.666667
3221.5 -0.111111
3222.5 -3.55556
3223.5 -11.3333
3224.5 -0.888889
3225.5 -1.66667
3226.5 -3.55556
3227.5 2.33333
3228.5 -6.55556
3229.5 -6
3230.5 -4.66667
3231.5 -17.5556
3232.5 -17.4444
3233.5 -21.8889
3234.5 -20
3235.5 -3.77778
3236.5 6.11111
3237.5 15.8889
3238.5 19.8889
3239.5 50.3333
3240.5 65.6667
3241.5 41.4444
3242.5 66.7778
3243.5 38.5556
3244.5 7.55556
3245.5 5
3246.5 32.2222
3247.5 17.8889
3248.5 14.4444
3249.5 18.7778
3250.5 11
3251.5 11.4444
3252.5 -3.33333
3253.5 -7.66667
3254.5 2.88889
3255.5 3.44444
3256.5 7
3257.5 4
3258.5 -9.11111
3259.5 3.11111
3260.5 6.77778
3261.5 2
3262.5 10.6667
3263.5 -3.11111
3264.5 0.444444
3265.5 15.2222
3266.5 2.22222
3267.5 10.5556
3268.5 -3.88889
3269.5 -9.55556
3270.5 -9.77778
3271.5 -2.22222
3272.5 -15.7778
3273.5 5.33333
3274.5 -2.77778
3275.5 -8.66667
3276.5 10.4444
3277.5 8.33333
3278.5 1
3279.5 -7.88889
3280.5 -1.11111
3281.5 -2.44444
3282.5 -2.66667
3283.5 -1.11111
3284.5 2.88889
3285.5 6.77778
3286.5 3.88889
3287.5 3.88889
3288.5 2.55556
3289.5 1.44444
3290.5 16.2222
3291.5 5.44444
3292.5 16
3293.5 31.6667
3294.5 29.4444
3295.5 33.3333
3296.5 39.8889
3297.5 19.6667
3298.5 27.8889
3299.5 19.4444
3300.5 1.77778
3301.5 0.666666
3302.5 12.1111
3303.5 25.5556
3304.5 2.77778
3305.5 -0.222222
3306.5 4.55556
3307.5 -0.222222
3308.5 19.2222
3309.5 -5.66667
3310.5 -0.666667
3311.5 -21.3333
3312.5 -7
3313.5 -32.6667
3314.5 -8.77778
3315.5 2.11111
3316.5 1.11111
3317.5 7.66667
3318.5 -0.555556
3319.5 -8.22222
3320.5 -25.6667
3321.5 0.555555
3322.5 10.8889
3323.5 4.55556
3324.5 -0.222223
3325.5 -1.33333
3326.5 4.77778
3327.5 3.11111
3328.5 10.6667
3329.5 1.66667
3330.5 -0.333334
3331.5 10.1111
3332.5 2.55556
3333.5 10.3333
3334.5 5.11111
3335.5 -4.22222
3336.5 -3.88889
3337.5 8.55556
3338.5 1.33333
3339.5 -5.55556
3340.5 3
3341.5 1.44444
3342.5 -0.555556
3343.5 -3.22222
3344.5 5.33333
3345.5 0.555555
3346.5 7.33333
3347.5 8.22222
3348.5 -1.77778
3349.5 10.7778
3350.5 9.44444
3351.5 13.1111
3352.5 15.8889
3353.5 -3.88889
3354.5 4.22222
3355.5 -3.88889
3356.5 3
3357.5 11.1111
3358.5 5.11111
3359.5 11.5556
3360.5 2.55556
3361.5 3.77778
3362.5 -2.44444
3363.5 2
3364.5 -12.6667
3365.5 2.66667
3366.5 11
3367.5 6.66667
3368.5 1.88889
3369.5 7.88889
3370.5 3.66667
3371.5 7.77778
3372.5 -1.66667
3373.5 2
3374.5 2.88889
3375.5 5.22222
3376.5 2.66667
3377.5 7.11111
3378.5 3
3379.5 11.1111
3380.5 9.33333
3381.5 16.2222
3382.5 8.44444
3383.5 11
3384.5 13.6667
3385.5 6.77778
3386.5 3.88889
3387.5 2.22222
3388.5 10.7778
3389.5 3.44444
3390.5 7.22222
3391.5 -5.22222
3392.5 -6.88889
3393.5 5.22222
3394.5 2.44444
3395.5 7.66667
3396.5 4.55556
3397.5 8.44444
3398.5 4.77778
3399.5 4.22222
3400.5 11.3333
3401.5 2.77778
3402.5 2.55556
3403.5 1
3404.5 4.44444
3405.5 0.222222
3406.5 1.77778
3407.5 -7.66667
3408.5 -2.66667
3409.5 -0.444445
3410.5 2.33333
3411.5 5
3412.5 4.77778
3413.5 -9.33333
3414.5 0.666667
3415.5 -3.55556
3416.5 6.22222
3417.5 -1.33333
3418.5 -2
3419.5 1.66667
3420.5 2.88889
3421.5 4.55556
3422.5 1
3423.5 -1.33333
3424.5 12.5556
3425.5 4.88889
3426.5 8.88889
3427.5 -4.88889
3428.5 7.44444
3429.5 7.88889
3430.5 13.7778
3431.5 18.6667
3432.5 31.2222
3433.5 35.2222
3434.5 13.7778
3435.5 1.22222
3436.5 11
3437.5 1.33333
3438.5 2.55556
3439.5 3.22222
3440.5 -6.22222
3441.5 7.11111
3442.5 7.77778
3443.5 -4.11111
3444.5 -10.3333
3445.5 -0.444445
3446.5 8.11111
3447.5 8.77778
3448.5 23.1111
3449.5 10.8889
3450.5 -9.33333
3451.5 -11.7778
3452.5 12.7778
3453.5 17.7778
3454.5 13.2222
3455.5 4.55556
3456.5 4.55556
3457.5 -6
3458.5 -4.88889
3459.5 11.5556
3460.5 -11.6667
3461.5 6.11111
3462.5 7.55556
3463.5 1.55556
3464.5 1
3465.5 6.66667
3466.5 12
3467.5 1.88889
3468.5 8.33333
3469.5 -10.3333
3470.5 1.33333
3471.5 -8.11111
3472.5 1.22222
3473.5 5.66667
3474.5 14.6667
3475.5 0.444444
3476.5 -4.22222
3477.5 3.33333
3478.5 12.8889
3479.5 4
3480.5 -3.77778
3481.5 6
3482.5 7.77778
3483.5 -6
3484.5 -2.44444
3485.5 -4.44444
3486.5 -3.55556
3487.5 3.11111
3488.5 -0.888889
3489.5 4
3490.5 2.88889
3491.5 -14.5556
3492.5 -4.88889
3493.5 2.77778
3494.5 -1.55556
3495.5 -6.11111
3496.5 -7.66667
3497.5 6.11111
3498.5 12.5556
3499.5 7.22222
3500.5 -10.7778
3501.5 2
3502.5 4.33333
3503.5 17.4444
3504.5 12.4444
3505.5 -6.88889
3506.5 15.5556
3507.5 -1.77778
3508.5 1.44444
3509.5 6.44444
3510.5 10
3511.5 4.66667
3512.5 -2.44444
3513.5 -1.33333
3514.5 1
3515.5 3.88889
3516.5 12
3517.5 -1.77778
3518.5 11
3519.5 -5.22222
3520.5 1.66667
3521.5 12.3333
3522.5 -0.111111
3523.5 11.1111
3524.5 2.33333
3525.5 8.77778
3526.5 5.33333
3527.5 4.66667
3528.5 13.5556
3529.5 2.33333
3530.5 13.2222
3531.5 6.11111
3532.5 -2
3533.5 4.55556
3534.5 25.4444
3535.5 0.666667
3536.5 10.3333
3537.5 13.2222
3538.5 -4.88889
3539.5 -3.44444
3540.5 6.11111
3541.5 -10.6667
3542.5 -33.3333
3543.5 -24
3544.5 -32.6667
3545.5 -26.6667
3546.5 0.333333
3547.5 -9.88889
3548.5 -6.88889
3549.5 5.22222
3550.5 18.2222
3551.5 18
3552.5 53.3333
3553.5 58
3554.5 57.8889
3555.5 57.3333
3556.5 27.5556
3557.5 13.8889
3558.5 2
3559.5 -10.2222
3560.5 -0.333333
3561.5 0.222222
3562.5 1.55556
3563.5 4.44444
3564.5 2.22222
3565.5 6.11111
3566.5 8.11111
3567.5 11.6667
3568.5 1.11111
3569.5 -5.66667
3570.5 0.222222
3571.5 -9.33333
3572.5 -7.66667
3573.5 0.111111
3574.5 1.11111
3575.5 12
3576.5 12.8889
3577.5 -2.44444
3578.5 -3.66667
3579.5 0.222222
3580.5 -13.4444
3581.5 -6.11111
3582.5 -0.666667
3583.5 -8.33333
3584.5 11.6667
3585.5 5.33333
3586.5 21.2222
3587.5 5.55556
3588.5 -6.33333
3589.5 -0.444445
3590.5 8
3591.5 3.88889
3592.5 7.88889
3593.5 20.5556
3594.5 3.11111
3595.5 10.6667
3596.5 -6.22222
3597.5 13.2222
3598.5 17.3333
3599.5 -4.22222
3600.5 -3.22222
3601.5 7.88889
3602.5 3.55556
3603.5 1.44444
3604.5 4.88889
3605.5 1.22222
3606.5 5.44444
3607.5 6.55556
3608.5 11
3609.5 9.88889
3610.5 14.8889
3611.5 3.66667
3612.5 -1.11111
3613.5 9.66667
3614.5 -4.77778
3615.5 1
3616.5 17.1111
3617.5 10.4444
3618.5 -9.55556
3619.5 21.2222
3620.5 -1
3621.5 -4.55556
3622.5 7
3623.5 6.11111
3624.5 -8
3625.5 1.88889
3626.5 8
3627.5 15
3628.5 1.22222
3629.5 17.7778
3630.5 2.33333
3631.5 4.22222
3632.5 14.5556
3633.5 3.11111
3634.5 4
3635.5 15.6667
3636.5 7
3637.5 -7.33333
3638.5 -2.11111
3639.5 4.33333
3640.5 -1.19209e-07
3641.5 5
3642.5 5.33333
3643.5 4.33333
3644.5 8.66667
3645.5 -5.44444
3646.5 3.44444
3647.5 5.88889
3648.5 -7.22222
3649.5 -0.888889
3650.5 8.33333
3651.5 4
3652.5 -0.111111
3653.5 2.77778
3654.5 7.33333
3655.5 -4.11111
3656.5 12.7778
3657.5 -2.11111
3658.5 14
3659.5 3.22222
3660.5 -2.38419e-07
3661.5 4.88889
3662.5 -0.111111
3663.5 11.1111
3664.5 18.5556
3665.5 1.77778
3666.5 7.77778
3667.5 -2.11111
3668.5 10.6667
3669.5 4.33333
3670.5 -0.111111
3671.5 -6.11111
3672.5 4.55556
3673.5 0.666666
3674.5 -1.44444
3675.5 -8.44444
3676.5 6
3677.5 6.11111
3678.5 10.6667
3679.5 6.88889
3680.5 0.666667
3681.5 6.77778
3682.5 -1.88889
3683.5 5.33333
3684.5 11.6667
3685.5 7.88889
3686.5 6.66667
3687.5 0.777778
3688.5 4.88889
3689.5 16.4444
3690.5 7.55556
3691.5 -0.444445
3692.5 -3.55556
3693.5 7.44444
3694.5 7.66667
3695.5 -1.77778
3696.5 2.44444
3697.5 5.33333
3698.5 -3
3699.5 12.8889
3700.5 -2.11111
3701.5 -4.11111
3702.5 -1.11111
3703.5 15.1111
3704.5 8.77778
3705.5 4.55556
3706.5 14.2222
3707.5 10.4444
3708.5 -8.44444
3709.5 -9.44444
3710.5 1.55556
3711.5 -7.22222
3712.5 0.333333
3713.5 -5.33333
3714.5 -6.88889
3715.5 -9.66667
3716.5 -2.55556
3717.5 1.22222
3718.5 9
3719.5 3.33333
3720.5 -0.888889
3721.5 15.5556
3722.5 -8.55556
3723.5 5.33333
3724.5 6.66667
3725.5 -5.22222
3726.5 10.5556
3727.5 0.333333
3728.5 -5.77778
3729.5 6.33333
3730.5 3.44444
3731.5 7.22222
3732.5 1.88889
3733.5 -0.777778
3734.5 -1.11111
3735.5 1.66667
3736.5 9.44444
3737.5 -4.33333
3738.5 16
3739.5 0.333333
3740.5 -1.22222
3741.5 2.66667
3742.5 4.44444
3743.5 13.2222
3744.5 1.44444
3745.5 -0.444445
3746.5 -0.444445
3747.5 20
3748.5 14.6667
3749.5 12.6667
3750.5 -3.77778
3751.5 2
3752.5 11.7778
3753.5 -0.777778
3754.5 9.66667
3755.5 17.8889
3756.5 -0.111111
3757.5 0.888889
3758.5 7.22222
3759.5 8
3760.5 0.111111
3761.5 11.3333
3762.5 5.88889
3763.5 -0.111111
3764.5 -1.11111
3765.5 -1.88889
3766.5 -2.22222
3767.5 9.88889
3768.5 -2.88889
3769.5 -11.4444
3770.5 -8.44444
3771.5 -3.66667
3772.5 0.888889
3773.5 5.77778
3774.5 9
3775.5 9.22222
3776.5 -7.22222
3777.5 -3.22222
3778.5 0.666667
3779.5 7.66667
3780.5 1.88889
3781.5 8.44444
3782.5 -7.44444
3783.5 -3.11111
3784.5 7.22222
3785.5 -0.222222
3786.5 7.33333
3787.5 8.88889
3788.5 -6
3789.5 7.77778
3790.5 3.22222
3791.5 -0.888889
3792.5 -1
3793.5 12.7778
3794.5 5.77778
3795.5 6.88889
3796.5 3.77778
3797.5 9.44444
3798.5 -0.222222
3799.5 0.777778
3800.5 8.33333
3801.5 17.1111
3802.5 23.5556
3803.5 67.5556
3804.5 89.7778
3805.5 155.444
3806.5 133.889
3807.5 136.333
3808.5 94
3809.5 90.6667
3810.5 49.2222
3811.5 42.2222
3812.5 15.7778
3813.5 19.1111
3814.5 2.11111
3815.5 16
3816.5 7.11111
3817.5 5
3818.5 -10.5556
3819.5 5.22222
3820.5 4.88889
3821.5 -1.55556
3822.5 -2.55556
3823.5 1.22222
3824.5 3.88889
3825.5 -7.11111
3826.5 -9.66667
3827.5 -3.11111
3828.5 1
3829.5 7.55556
3830.5 2.22222
3831.5 15.4444
3832.5 5.77778
3833.5 20
3834.5 7.33333
3835.5 11
3836.5 6.22222
3837.5 0.666667
3838.5 10
3839.5 3.55556
3840.5 3.22222
3841.5 0.666667
3842.5 10.2222
3843.5 7.77778
3844.5 11.6667
3845.5 -7.88889
3846.5 12.1111
3847.5 11.5556
3848.5 -2.66667
3849.5 1.22222
3850.5 8
3851.5 2.77778
3852.5 -7.55556
3853.5 0.333333
3854.5 -3.11111
3855.5 12.6667
3856.5 -0.666667
3857.5 9.66667
3858.5 -4.66667
3859.5 6.66667
3860.5 -3.11111
3861.5 19
3862.5 7
3863.5 1.66667
3864.5 7.33333
3865.5 3.33333
3866.5 5.22222
3867.5 8
3868.5 -3.55556
3869.5 14.1111
3870.5 3.66667
3871.5 3.33333
3872.5 5.88889
3873.5 -1.55556
3874.5 6.88889
3875.5 13.8889
3876.5 8.77778
3877.5 20.2222
3878.5 6.33333
3879.5 11
3880.5 3.44444
3881.5 7.22222
3882.5 4
3883.5 -3.33333
3884.5 -0.333333
3885.5 4.33333
3886.5 1.66667
3887.5 13
3888.5 -4.44444
3889.5 1.44444
3890.5 4
3891.5 -3.11111
3892.5 8.44444
3893.5 3
3894.5 7.66667
3895.5 -5
3896.5 0.888889
3897.5 -3
3898.5 2.77778
3899.5 -3.66667
3900.5 11.3333
3901.5 2.77778
3902.5 14.3333
3903.5 -3.22222
3904.5 5.44444
3905.5 1.33333
3906.5 -0.111111
3907.5 -0.666667
3908.5 -3.44444
3909.5 2.22222
3910.5 -5.33333
3911.5 16.5556
3912.5 9.77778
3913.5 8
3914.5 1.66667
3915.5 8.88889
3916.5 6.66667
3917.5 -6.77778
3918.5 -0.111111
3919.5 -2.11111
3920.5 4.66667
3921.5 11
3922.5 11.3333
3923.5 -6.88889
3924.5 10.5556
3925.5 5.66667
3926.5 -1.77778
3927.5 6.66667
3928.5 5.88889
3929.5 -5.44444
3930.5 0.666667
3931.5 1
3932.5 -3.44444
3933.5 18.4444
3934.5 4.22222
3935.5 6.66667
3936.5 -0.333333
3937.5 -5
3938.5 4.55556
3939.5 -3.22222
3940.5 3.77778
3941.5 -4.77778
3942.5 -12.5556
3943.5 -1.33333
3944.5 3.11111
3945.5 -2.11111
3946.5 1.44444
3947.5 -4.44444
3948.5 5.22222
3949.5 7.11111
3950.5 -3.77778
3951.5 11
3952.5 12.3333
3953.5 2.22222
3954.5 7.77778
3955.5 -1.44444
3956.5 -1.66667
3957.5 0.222222
3958.5 1.11111
3959.5 6.22222
3960.5 4.88889
3961.5 2.55556
3962.5 -1.33333
3963.5 0.888889
3964.5 -8.11111
3965.5 2.77778
3966.5 3.33333
3967.5 0.222222
3968.5 -1.77778
3969.5 7
3970.5 1.55556
3971.5 3.11111
3972.5 18.3333
3973.5 21
3974.5 2.66667
3975.5 -2.38419e-07
3976.5 -6.11111
3977.5 9.55556
3978.5 -0.444445
3979.5 6.88889
3980.5 6.66667
3981.5 -0.444445
3982.5 -4.44444
3983.5 2.66667
3984.5 11.1111
3985.5 6.44444
3986.5 4.44444
3987.5 -1.44444
3988.5 5.88889
3989.5 4.11111
3990.5 7
3991.5 2.22222
3992.5 7.33333
3993.5 -2.22222
3994.5 -2.77778
3995.5 -2.88889
3996.5 -2.11111
3997.5 7.55556
3998.5 1.33333
3999.5 12.7778
4000.5 0.888889
4001.5 -0.111111
4002.5 7.55556
4003.5 -0.777778
4004.5 1.22222
4005.5 2.55556
4006.5 0.222222
4007.5 6
4008.5 3.44444
4009.5 -3.44444
4010.5 5.22222
4011.5 7.22222
4012.5 0.666667
4013.5 13.3333
4014.5 -1.22222
4015.5 4.11111
4016.5 -5.11111
4017.5 7.88889
4018.5 4.55556
4019.5 1.33333
4020.5 8.22222
4021.5 2.55556
4022.5 6.11111
4023.5 0.111111
4024.5 3.22222
4025.5 -0.444445
4026.5 0.666667
4027.5 -1
4028.5 5.55556
4029.5 -1
4030.5 5.77778
4031.5 18
4032.5 -2.44444
4033.5 1.55556
4034.5 0.222222
4035.5 -5.22222
4036.5 8.44444
4037.5 10.1111
4038.5 -4.44444
4039.5 4.66667
4040.5 11.1111
4041.5 8.33333
4042.5 5.66667
4043.5 1
4044.5 3.44444
4045.5 18.8889
4046.5 10.3333
4047.5 6.88889
4048.5 1.22222
4049.5 11.6667
4050.5 8.44444
4051.5 3.66667
4052.5 2.66667
4053.5 9.66667
4054.5 17.2222
4055.5 14.3333
4056.5 13.8889
4057.5 3.66667
4058.5 3.22222
4059.5 11.5556
4060.5 7.77778
4061.5 5.11111
4062.5 1.55556
4063.5 9.77778
4064.5 14.3333
4065.5 14.7778
4066.5 0.111111
4067.5 11.2222
4068.5 4.66667
4069.5 3.33333
4070.5 6.22222
4071.5 -1.66667
4072.5 -6.66667
4073.5 0.333333
4074.5 5.88889
4075.5 11.8889
4076.5 20.7778
4077.5 -3.11111
4078.5 7.44444
4079.5 -1.66667
4080.5 6.88889
4081.5 1
4082.5 2.33333
4083.5 4.77778
4084.5 -0.777778
4085.5 7.88889
4086.5 3.44444
4087.5 1.44444
4088.5 -1.33333
4089.5 11.1111
4090.5 2
4091.5 3.11111
4092.5 -0.222222
4093.5 2.22222
4094.5 9.55556
4095.5 3.66667
4096.5 -2.11111
4097.5 11.7778
4098.5 2.22222
4099.5 1.66667
4100.5 8.88889
4101.5 1.11111
4102.5 -5.77778
4103.5 -7.44444
4104.5 -10.1111
4105.5 8
4106.5 -1.44444
4107.5 11.5556
4108.5 6.77778
4109.5 6.66667
4110.5 8
4111.5 -1.55556
4112.5 -2.66667
4113.5 4.22222
4114.5 7.33333
4115.5 -3.55556
4116.5 7.44444
4117.5 -1.88889
4118.5 6.33333
4119.5 16.4444
4120.5 4.88889
4121.5 -3
4122.5 7.55556
4123.5 4.44444
4124.5 1.11111
4125.5 1.55556
4126.5 4.77778
4127.5 -2.33333
4128.5 3.77778
4129.5 0.222222
4130.5 1.55556
4131.5 16.7778
4132.5 5.11111
4133.5 9.11111
4134.5 2.44444
4135.5 2.66667
4136.5 1.11111
4137.5 7.88889
4138.5 4.77778
4139.5 1.11111
4140.5 9.55556
4141.5 6.77778
4142.5 18.8889
4143.5 4.66667
4144.5 22.2222
4145.5 4.77778
4146.5 5.44444
4147.5 1.55556
4148.5 -4.77778
4149.5 3.88889
4150.5 8.66667
4151.5 7.11111
4152.5 -0.111111
4153.5 6.11111
4154.5 0.666667
4155.5 -0.555556
4156.5 9.88889
4157.5 -2.11111
4158.5 3.11111
4159.5 2.44444
4160.5 -0.444445
4161.5 -1.55556
4162.5 2.44444
4163.5 -6
4164.5 -1.22222
4165.5 3.11111
4166.5 -10.4444
4167.5 -11
4168.5 0.888889
4169.5 10.5556
4170.5 0.111111
4171.5 -2.11111
4172.5 3.66667
4173.5 9.11111
4174.5 5.11111
4175.5 9
4176.5 -4
4177.5 11.4444
4178.5 -2.33333
4179.5 -5.88889
4180.5 3.33333
4181.5 5.11111
4182.5 10.1111
4183.5 -0.888889
4184.5 3.33333
4185.5 2.77778
4186.5 -1.44444
4187.5 -3.77778
4188.5 -0.444445
4189.5 -0.777778
4190.5 1.55556
4191.5 4.88889
4192.5 2
4193.5 -7.22222
4194.5 4.33333
4195.5 3.66667
4196.5 6.55556
4197.5 1.44444
4198.5 0.222222
4199.5 3.22222
4200.5 2.44444
4201.5 6.44444
4202.5 2.44444
4203.5 5.22222
4204.5 -6.88889
4205.5 -9.11111
4206.5 3.11111
4207.5 -7.66667
4208.5 0.222222
4209.5 -3.33333
4210.5 9.22222
4211.5 0.444444
4212.5 -3.33333
4213.5 -0.444445
4214.5 -5.11111
4215.5 -11.3333
4216.5 3.11111
4217.5 -7.33333
4218.5 20.7778
4219.5 13
4220.5 6.77778
4221.5 -11.6667
4222.5 12.3333
4223.5 -1.11111
4224.5 -2.88889
4225.5 8.22222
4226.5 3.66667
4227.5 -6.44444
4228.5 0.444444
4229.5 -3.11111
4230.5 6.44444
4231.5 -2.55556
4232.5 9
4233.5 0.888889
4234.5 -1.88889
4235.5 0.222222
4236.5 -3.44444
4237.5 -4.77778
4238.5 -8.44444
4239.5 -0.888889
4240.5 7.66667
4241.5 1.11111
4242.5 4.33333
4243.5 -7.33333
4244.5 1.44444
4245.5 5
4246.5 -2
4247.5 3.33333
4248.5 -3.88889
4249.5 -5.88889
4250.5 -1.22222
4251.5 2.22222
4252.5 -3.77778
4253.5 3.33333
4254.5 2.22222
4255.5 0.111111
4256.5 -1
4257.5 3.44444
4258.5 -2.77778
4259.5 5.55556
4260.5 -8.77778
4261.5 -3.55556
4262.5 3.11111
4263.5 9.88889
4264.5 -1.66667
4265.5 3.33333
4266.5 4.44444
4267.5 -1
4268.5 -2.33333
4269.5 -0.333333
4270.5 -4.66667
4271.5 -1
4272.5 -2
4273.5 4
4274.5 -1.88889
4275.5 -1
4276.5 4.33333
4277.5 4.11111
4278.5 -2.55556
4279.5 13.2222
4280.5 3.55556
4281.5 12.2222
4282.5 -1.55556
4283.5 7.55556
4284.5 2
4285.5 -1.22222
4286.5 7.33333
4287.5 -2.33333
4288.5 -11.6667
4289.5 6.11111
4290.5 -3.44444
4291.5 -4.33333
4292.5 0.222222
4293.5 0.888889
4294.5 6
4295.5 1.22222
4296.5 3.77778
4297.5 2.33333
4298.5 10.6667
4299.5 -1.55556
4300.5 2.55556
4301.5 0.777778
4302.5 12.2222
4303.5 1
4304.5 -6.44444
4305.5 0.222222
4306.5 2.88889
4307.5 3.22222
4308.5 1.88889
4309.5 0.333333
4310.5 24
4311.5 20.8889
4312.5 28.1111
4313.5 45.1111
4314.5 73.7778
4315.5 134
4316.5 230.111
4317.5 277.333
4318.5 240.889
4319.5 172.333
4320.5 95.4444
4321.5 36
4322.5 19.8889
4323.5 14.6667
4324.5 0.888889
4325.5 0.333333
4326.5 0.444444
4327.5 5.88889
4328.5 -13
4329.5 3.44444
4330.5 -4.66667
4331.5 6.22222
4332.5 -0.888889
4333.5 -4.55556
4334.5 -8
4335.5 5
4336.5 0.333333
4337.5 -3.88889
4338.5 3.66667
4339.5 -0.111111
4340.5 1.22222
4341.5 -4.33333
4342.5 0.777778
4343.5 10.7778
4344.5 -0.333333
4345.5 -8.11111
4346.5 -2.11111
4347.5 -4.11111
4348.5 2.77778
4349.5 6.88889
4350.5 -3.77778
4351.5 6
4352.5 2.33333
4353.5 0.555556
4354.5 4.44444
4355.5 -0.333333
4356.5 3.33333
4357.5 -8.11111
4358.5 1.22222
4359.5 -5.77778
4360.5 2.22222
4361.5 -4.55556
4362.5 1.11111
4363.5 -0.111111
4364.5 -10.8889
4365.5 6
4366.5 -7.33333
4367.5 -3.88889
4368.5 -4.77778
4369.5 2.88889
4370.5 5
4371.5 -3.66667
4372.5 -5.22222
4373.5 3.22222
4374.5 -0.111111
4375.5 -0.333333
4376.5 13.7778
4377.5 -1.77778
4378.5 5.77778
4379.5 -2
4380.5 -1.33333
4381.5 1.22222
4382.5 -4.77778
4383.5 -1.33333
4384.5 0.444444
4385.5 -0.777778
4386.5 -1.66667
4387.5 -3.11111
4388.5 5.22222
4389.5 -2
4390.5 8.44444
4391.5 1.55556
4392.5 2
4393.5 -7.44444
4394.5 5.88889
4395.5 2
4396.5 -3.22222
4397.5 5.66667
4398.5 7.77778
4399.5 0.888889
4400.5 3.66667
4401.5 -4.22222
4402.5 -4.66667
4403.5 2.88889
4404.5 -1.11111
4405.5 -0.444445
4406.5 -4.66667
4407.5 -4.66667
4408.5 -4.44444
4409.5 0.555556
4410.5 -1.11111
4411.5 -1.66667
4412.5 7.44444
4413.5 1.55556
4414.5 2.77778
4415.5 2.77778
4416.5 6.11111
4417.5 0.888889
4418.5 4
4419.5 -0.888889
4420.5 -1.77778
4421.5 0.777778
4422.5 1.22222
4423.5 -5.96046e-08
4424.5 5
4425.5 -2.88889
4426.5 5.88889
4427.5 2.22222
4428.5 9.11111
4429.5 -7.44444
4430.5 7.11111
4431.5 -2.33333
4432.5 -14.8889
4433.5 -12.1111
4434.5 -12.8889
4435.5 -28.2222
4436.5 -14.8889
4437.5 -18.2222
4438.5 -15.7778
4439.5 -4.88889
4440.5 -3.88889
4441.5 -4
4442.5 -1.88889
4443.5 -5
4444.5 5.77778
4445.5 2
4446.5 4
4447.5 -1
4448.5 4.44444
4449.5 4.77778
4450.5 2.77778
4451.5 -5.66667
4452.5 5.44444
4453.5 -3.55556
4454.5 -2.33333
4455.5 1.22222
4456.5 0.222222
4457.5 9.33333
4458.5 -5.22222
4459.5 -0.666667
4460.5 -3.44444
4461.5 -6.44444
4462.5 -1.33333
4463.5 2.88889
4464.5 -4.66667
4465.5 -0.888889
4466.5 -5.44444
4467.5 -1.33333
4468.5 -1
4469.5 2.88889
4470.5 -0.777778
4471.5 -0.222222
4472.5 4
4473.5 -4.11111
4474.5 3.88889
4475.5 -1.11111
4476.5 5.77778
4477.5 -2.88889
4478.5 -3.22222
4479.5 -3.55556
4480.5 -2.88889
4481.5 2.66667
4482.5 0.777778
4483.5 1.11111
4484.5 4.44444
4485.5 -4.11111
4486.5 -3
4487.5 -0.777778
4488.5 4.55556
4489.5 -2.55556
4490.5 -1.66667
4491.5 0.444444
4492.5 3.88889
4493.5 -4.11111
4494.5 6.11111
4495.5 9
4496.5 3.33333
4497.5 -4.44444
4498.5 1.33333
4499.5 -7.55556
4500.5 3
4501.5 -5.66667
4502.5 -8.44444
4503.5 3.66667
4504.5 -1.77778
4505.5 2.44444
4506.5 -3.44444
4507.5 -2.33333
4508.5 3.66667
4509.5 -4.55556
4510.5 0.777778
4511.5 1
4512.5 -3.77778
4513.5 4.66667
4514.5 1.77778
4515.5 -6.77778
4516.5 1.66667
4517.5 -6.44444
4518.5 -2.11111
4519.5 1
4520.5 -0.222222
4521.5 0.111111
4522.5 1.22222
4523.5 5.22222
4524.5 6.66667
4525.5 4.88889
4526.5 -6.88889
4527.5 -4
4528.5 -1
4529.5 2.88889
4530.5 3.44444
4531.5 -0.222222
4532.5 5.33333
4533.5 1.11111
4534.5 3.33333
4535.5 -0.111111
4536.5 3.33333
4537.5 -2
4538.5 -2.22222
4539.5 0.666667
4540.5 0.666667
4541.5 -2
4542.5 -5.66667
4543.5 -1.33333
4544.5 1.44444
4545.5 -0.444444
4546.5 1.33333
4547.5 0.555556
4548.5 -1.11111
4549.5 -0.777778
4550.5 5.44444
4551.5 0.222222
4552.5 -0.888889
4553.5 6
4554.5 -2.66667
4555.5 -0.555556
4556.5 4.66667
4557.5 4.11111
4558.5 1.11111
4559.5 -4.55556
4560.5 -1.33333
4561.5 -0.222222
4562.5 1.88889
4563.5 0.444444
4564.5 1.11111
4565.5 -3.22222
4566.5 0.555556
4567.5 -7.66667
4568.5 9.22222
4569.5 -0.333333
4570.5 -5.77778
4571.5 -3.55556
4572.5 -5.88889
4573.5 -5.66667
4574.5 0.666667
4575.5 0.222222
4576.5 7.33333
4577.5 10.6667
4578.5 -1.66667
4579.5 2.22222
4580.5 6.66667
4581.5 1.33333
4582.5 -3.11111
4583.5 2.11111
4584.5 1.77778
4585.5 -5.11111
4586.5 6.22222
4587.5 4.77778
4588.5 -3.66667
4589.5 -4.55556
4590.5 -1.44444
4591.5 6.55556
4592.5 -4.88889
4593.5 0.666667
4594.5 -5.77778
4595.5 -1
4596.5 -0.666667
4597.5 2
4598.5 -4.77778
4599.5 0.888889
4600.5 1.22222
4601.5 -0.111111
4602.5 1.77778
4603.5 -7.66667
4604.5 6.66667
4605.5 -1
4606.5 13.4444
4607.5 2.88889
4608.5 4.33333
4609.5 -4.88889
4610.5 -7.44444
4611.5 -3.66667
4612.5 1.66667
4613.5 -0.333333
4614.5 -2.11111
4615.5 -5.11111
4616.5 1.88889
4617.5 9.77778
4618.5 4.11111
4619.5 -1.44444
4620.5 -3.55556
4621.5 -2.22222
4622.5 -6.88889
4623.5 9.77778
4624.5 0.555555
4625.5 13.7778
4626.5 -2
4627.5 -7.88889
4628.5 -2.88889
4629.5 1.66667
4630.5 -0.111111
4631.5 2.66667
4632.5 -7.66667
4633.5 -1.33333
4634.5 -3.11111
4635.5 -1.11111
4636.5 -3.77778
4637.5 -3.66667
4638.5 -2.22222
4639.5 5.77778
4640.5 -1
4641.5 -5.22222
4642.5 1.66667
4643.5 -6.44444
4644.5 5.55556
4645.5 -1.88889
4646.5 5.66667
4647.5 -1.66667
4648.5 5.88889
4649.5 -1.77778
4650.5 1.66667
4651.5 3.77778
4652.5 -6.33333
4653.5 -6.66667
4654.5 -2.22222
4655.5 -0.444445
4656.5 -3
4657.5 -0.111111
4658.5 -2.11111
4659.5 -1.33333
4660.5 -0.111111
4661.5 4.44444
4662.5 3.44444
4663.5 5.66667
4664.5 1.55556
4665.5 2.22222
4666.5 1.44444
4667.5 -0.555556
4668.5 6.44444
4669.5 -2.22222
4670.5 -1.77778
4671.5 1.55556
4672.5 1.77778
4673.5 -1.44444
4674.5 0.666667
4675.5 -6.66667
4676.5 -4.22222
4677.5 -0.555556
4678.5 0.444444
4679.5 -3.55556
4680.5 -1
4681.5 1.33333
4682.5 -0.444445
4683.5 -3
4684.5 -4.22222
4685.5 -0.666667
4686.5 -3.11111
4687.5 -0.777778
4688.5 -2.44444
4689.5 -0.666667
4690.5 3.77778
4691.5 -7.11111
4692.5 -3.11111
4693.5 5.66667
4694.5 -1.44444
4695.5 -0.444444
4696.5 -2.44444
4697.5 4.33333
4698.5 -3
4699.5 1.66667
4700.5 5.33333
4701.5 1.66667
4702.5 -2.11111
4703.5 -3.88889
4704.5 3.44444
4705.5 -0.666667
4706.5 -0.444444
4707.5 0.555556
4708.5 -0.222222
4709.5 3.77778
4710.5 -2.11111
4711.5 -1
4712.5 -0.888889
4713.5 -3.88889
4714.5 -3.22222
4715.5 -1.11111
4716.5 -1.11111
4717.5 2.44444
4718.5 3
4719.5 -1.88889
4720.5 1.33333
4721.5 8.22222
4722.5 -5.22222
4723.5 -5.77778
4724.5 2.44444
4725.5 -0.444444
4726.5 -2.11111
4727.5 -1
4728.5 -1.44444
4729.5 -7.77778
4730.5 1.33333
4731.5 -5.33333
4732.5 -0.555556
4733.5 3
4734.5 -2.55556
4735.5 -3.66667
4736.5 2.22222
4737.5 -2.66667
4738.5 -0.111111
4739.5 -1
4740.5 0.555556
4741.5 2.33333
4742.5 0.666667
4743.5 -2.11111
4744.5 -1.33333
4745.5 4.22222
4746.5 -0.222222
4747.5 -2.22222
4748.5 -3.22222
4749.5 4.44444
4750.5 -2.88889
4751.5 0.888889
4752.5 2.66667
4753.5 1.66667
4754.5 7.66667
4755.5 -1.11111
4756.5 0.444444
4757.5 6.22222
4758.5 -3.77778
4759.5 -0.333333
4760.5 1.77778
4761.5 -2.11111
4762.5 -3.88889
4763.5 3.33333
4764.5 2.55556
4765.5 1.55556
4766.5 1.55556
4767.5 -2.11111
4768.5 -5.96046e-08
4769.5 -2.11111
4770.5 -4.77778
4771.5 7.66667
4772.5 -1.11111
4773.5 -1.88889
4774.5 2.22222
4775.5 3.11111
4776.5 3.55556
4777.5 5.22222
4778.5 -0.222222
4779.5 -5.77778
4780.5 -8.55556
4781.5 -2.11111
4782.5 1.22222
4783.5 2.55556
4784.5 1.44444
4785.5 -3.88889
4786.5 -2.33333
4787.5 -2.77778
4788.5 -5.55556
4789.5 -2
4790.5 -4.11111
4791.5 0.333333
4792.5 3.55556
4793.5 1.66667
4794.5 -0.333333
4795.5 0.333333
4796.5 -1.33333
4797.5 2.22222
4798.5 0.666667
4799.5 -1.22222
4800.5 5.44444
4801.5 -2
4802.5 1.66667
4803.5 1.88889
4804.5 -7.22222
4805.5 -4.22222
4806.5 4.44444
4807.5 -10.3333
4808.5 3.22222
4809.5 -5.11111
4810.5 -3.77778
4811.5 -1.11111
4812.5 -4.66667
4813.5 -1.88889
4814.5 4.44444
4815.5 2.33333
4816.5 0.777778
4817.5 4.33333
4818.5 -1.11111
4819.5 -3.11111
4820.5 0.111111
4821.5 1.55556
4822.5 3.44444
4823.5 0.666667
4824.5 1.33333
4825.5 -4.33333
4826.5 -2.33333
4827.5 -0.666667
4828.5 -1.44444
4829.5 1.44444
4830.5 0.333333
4831.5 3.11111
4832.5 0.666667
4833.5 3.22222
4834.5 2.88889
4835.5 -2.88889
4836.5 -7.11111
4837.5 1.22222
4838.5 -6.44444
4839.5 -7
4840.5 0.666667
4841.5 -6.33333
4842.5 -7.33333
4843.5 -3.77778
4844.5 -9.11111
4845.5 5.77778
4846.5 -2.88889
4847.5 3.55556
4848.5 2.88889
4849.5 3.88889
4850.5 3.77778
4851.5 -6.88889
4852.5 6.44444
4853.5 -0.222222
4854.5 -3.33333
4855.5 2.55556
4856.5 -5.96046e-08
4857.5 -3.66667
4858.5 -0.888889
4859.5 -3.22222
4860.5 1.55556
4861.5 0.666667
4862.5 4.55556
4863.5 1.55556
4864.5 -5.88889
4865.5 -5.88889
4866.5 -1
4867.5 5.66667
4868.5 6.44444
4869.5 -5.96046e-08
4870.5 -2.55556
4871.5 -1.11111
4872.5 -4.11111
4873.5 0.222222
4874.5 3.33333
4875.5 -2.22222
4876.5 -1.22222
4877.5 -0.333333
4878.5 4.55556
4879.5 -4
4880.5 8.44444
4881.5 -2.88889
4882.5 -3.33333
4883.5 -5
4884.5 -4.88889
4885.5 -1.33333
4886.5 5.11111
4887.5 -4.44444
4888.5 -10.3333
4889.5 0.111111
4890.5 5.66667
4891.5 2.44444
4892.5 2.77778
4893.5 5.33333
4894.5 -7
4895.5 0.666667
4896.5 3.77778
4897.5 -0.222222
4898.5 -1.77778
4899.5 0.666667
4900.5 4.66667
4901.5 0.777778
4902.5 -8
4903.5 4
4904.5 2.44444
4905.5 0.555555
4906.5 -1.88889
4907.5 -5.11111
4908.5 4.55556
4909.5 3.22222
4910.5 -2
4911.5 -4.22222
4912.5 -1.33333
4913.5 0.444444
4914.5 -0.333333
4915.5 1.88889
4916.5 1.44444
4917.5 4.44444
4918.5 0.111111
4919.5 2.88889
4920.5 0.444444
4921.5 0.777778
4922.5 -2.22222
4923.5 0.333333
4924.5 -4.22222
4925.5 -7.88889
4926.5 8.22222
4927.5 -4.44444
4928.5 4.22222
4929.5 5.33333
4930.5 3.33333
4931.5 0.777778
4932.5 -4.11111
4933.5 -5.96046e-08
4934.5 -3
4935.5 -4.22222
4936.5 -1.44444
4937.5 -1.33333
4938.5 1.44444
4939.5 0.444444
4940.5 -1.55556
4941.5 7.44444
4942.5 -3.22222
4943.5 -3.11111
4944.5 9.44444
4945.5 5.55556
4946.5 -2.88889
4947.5 -1.22222
4948.5 2.33333
4949.5 0.666667
4950.5 -1.33333
4951.5 -2
4952.5 -0.333333
4953.5 2.44444
4954.5 -5.11111
4955.5 2.55556
4956.5 -2.11111
4957.5 -1.44444
4958.5 -3
4959.5 2.44444
4960.5 3.33333
4961.5 6.44444
4962.5 0.777778
4963.5 -7.55556
4964.5 2.11111
4965.5 -0.111111
4966.5 -2.77778
4967.5 4
4968.5 4.11111
4969.5 -2.11111
4970.5 -3
4971.5 5.22222
4972.5 1.55556
4973.5 0.555556
4974.5 0.555556
4975.5 -2.77778
4976.5 3.44444
4977.5 -1.33333
4978.5 -0.444444
4979.5 0.777778
4980.5 1.22222
4981.5 -2
4982.5 2.33333
4983.5 -1.88889
4984.5 0.666667
4985.5 5.33333
4986.5 -5
4987.5 -4.77778
4988.5 0.333333
4989.5 -0.444444
4990.5 1.11111
4991.5 2.55556
4992.5 -0.555556
4993.5 1.88889
4994.5 -1.11111
4995.5 0.555556
4996.5 -0.333333
4997.5 -1.33333
4998.5 1.55556
4999.5 -0.444444
5000.5 -1.77778
5001.5 -0.111111
5002.5 -6.11111
5003.5 -0.888889
5004.5 -5.96046e-08
5005.5 -1.33333
5006.5 8.88889
5007.5 -0.666667
5008.5 6.55556
5009.5 -8.77778
5010.5 -6.77778
5011.5 2.55556
5012.5 4.11111
5013.5 -0.555556
5014.5 -4.11111
5015.5 -2.22222
5016.5 0.333333
5017.5 1.44444
5018.5 -0.333333
5019.5 -2.22222
5020.5 -2.44444
5021.5 2.44444
5022.5 0.666667
5023.5 -5.88889
5024.5 2.66667
5025.5 0.555556
5026.5 -3.88889
5027.5 8.11111
5028.5 -3.11111
5029.5 -1.11111
5030.5 -3.33333
5031.5 -2.22222
5032.5 -0.666667
5033.5 -3.88889
5034.5 -5.88889
5035.5 -0.333333
5036.5 -4.22222
5037.5 -1.66667
5038.5 1.55556
5039.5 -1.44444
5040.5 -1.44444
5041.5 -1.22222
5042.5 4.33333
5043.5 -3
5044.5 -4.33333
5045.5 1.33333
5046.5 -2.44444
5047.5 -3.44444
5048.5 -3.44444
5049.5 -1.44444
5050.5 -1.77778
5051.5 -0.555556
5052.5 -1.11111
5053.5 0.222222
5054.5 1.88889
5055.5 -1.33333
5056.5 1.55556
5057.5 -0.444444
5058.5 0.333333
5059.5 2.22222
5060.5 3.33333
5061.5 -4.88889
5062.5 2.44444
5063.5 5.66667
5064.5 -3.77778
5065.5 -3.77778
5066.5 -4
5067.5 -5.96046e-08
5068.5 0.555555
5069.5 3.44444
5070.5 -1.88889
5071.5 -5.77778
5072.5 2.33333
5073.5 5.22222
5074.5 0.777778
5075.5 0.333333
5076.5 -2
5077.5 3.55556
5078.5 1.44444
5079.5 0.555556
5080.5 -10.2222
5081.5 -3.55556
5082.5 -0.888889
5083.5 -0.111111
5084.5 -6.55556
5085.5 2.77778
5086.5 -4.77778
5087.5 2.44444
5088.5 -1.55556
5089.5 0.555556
5090.5 -2.33333
5091.5 -1.22222
5092.5 4.44444
5093.5 -4
5094.5 -0.333333
5095.5 0.555556
5096.5 2.44444
5097.5 0.777778
5098.5 -5.11111
5099.5 2.66667
5100.5 4.55556
5101.5 2.66667
5102.5 -1.22222
5103.5 -1.22222
5104.5 -0.888889
5105.5 5.33333
5106.5 2.33333
5107.5 -4.11111
5108.5 -3.33333
5109.5 -5.11111
5110.5 -1
5111.5 -0.666667
5112.5 -7
5113.5 -0.444444
5114.5 1.66667
5115.5 -7
5116.5 -5.96046e-08
5117.5 1
5118.5 -1.88889
5119.5 3.66667
5120.5 3.33333
5121.5 4.33333
5122.5 -2.22222
5123.5 1.33333
5124.5 -1.55556
5125.5 -5.11111
5126.5 0.666667
5127.5 -4.88889
5128.5 -1.44444
5129.5 -3
5130.5 -1.33333
5131.5 -1.44444
5132.5 0.333333
5133.5 2
5134.5 -5.11111
5135.5 5.22222
5136.5 -1.22222
5137.5 -1.44444
5138.5 -5.96046e-08
5139.5 2.33333
5140.5 0.444444
5141.5 4.22222
5142.5 1.44444
5143.5 -3.22222
5144.5 -0.444444
5145.5 2.55556
5146.5 4
5147.5 0.333333
5148.5 -2.66667
5149.5 0.111111
5150.5 -3.44444
5151.5 2.22222
5152.5 0.444444
5153.5 1.44444
5154.5 -1.77778
5155.5 0.222222
5156.5 1.22222
5157.5 -3.22222
5158.5 -4.55556
5159.5 -2.22222
5160.5 -5.66667
5161.5 1
5162.5 -0.888889
5163.5 -3.55556
5164.5 -1.22222
5165.5 3.55556
5166.5 -2.44444
5167.5 4.11111
5168.5 5.22222
5169.5 -3
5170.5 -2.11111
5171.5 -2
5172.5 -1.55556
5173.5 -1.44444
5174.5 0.444444
5175.5 -1.66667
5176.5 -3.55556
5177.5 1.11111
5178.5 1.33333
5179.5 1.33333
5180.5 2.11111
5181.5 1.22222
5182.5 4.33333
5183.5 1.33333
5184.5 3.22222
5185.5 -4.22222
5186.5 -2.33333
5187.5 -0.888889
5188.5 -1.55556
5189.5 2.33333
5190.5 -4.22222
5191.5 -6.77778
5192.5 3
5193.5 3.77778
5194.5 -1.88889
5195.5 1.33333
5196.5 -4.44444
5197.5 2.88889
5198.5 7.55556
5199.5 -5.96046e-08
5200.5 6.88889
5201.5 3.66667
5202.5 -0.111111
5203.5 -0.333333
5204.5 -2.66667
5205.5 2.22222
5206.5 -0.666667
5207.5 -3.44444
5208.5 0.333333
5209.5 -0.555556
5210.5 7.11111
5211.5 -1.55556
5212.5 5.33333
5213.5 1.11111
5214.5 2.22222
5215.5 4.11111
5216.5 -3.55556
5217.5 -0.444444
5218.5 -0.666667
5219.5 1.22222
5220.5 2.33333
5221.5 -1.44444
5222.5 -6.22222
5223.5 0.444444
5224.5 0.444444
5225.5 -2.44444
5226.5 1.11111
5227.5 0.333333
5228.5 -0.444444
5229.5 -0.666667
5230.5 0.222222
5231.5 2.44444
5232.5 -0.222222
5233.5 2.33333
5234.5 -2
5235.5 1.33333
5236.5 -0.444444
5237.5 2.77778
5238.5 -4.33333
5239.5 1.77778
5240.5 -3.77778
5241.5 5.77778
5242.5 0.444444
5243.5 -1.22222
5244.5 2.11111
5245.5 -2.44444
5246.5 6.11111
5247.5 -1.55556
5248.5 -1.44444
5249.5 -3.44444
5250.5 1.11111
5251.5 2.11111
5252.5 4.11111
5253.5 3.33333
5254.5 3.33333
5255.5 2.44444
5256.5 -0.555556
5257.5 3.22222
5258.5 3.33333
5259.5 -0.666667
5260.5 -1.55556
5261.5 6.77778
5262.5 -0.222222
5263.5 0.444444
5264.5 1.44444
5265.5 0.333333
5266.5 -6.11111
5267.5 1.44444
5268.5 -0.333333
5269.5 -1.33333
5270.5 -5.22222
5271.5 -0.555556
5272.5 3.11111
5273.5 -2.11111
5274.5 0.444444
5275.5 0.222222
5276.5 -1.33333
5277.5 -0.555556
5278.5 1.22222
5279.5 -2.44444
5280.5 1
5281.5 -4.22222
5282.5 1.44444
5283.5 0.777778
5284.5 -4.11111
5285.5 1.33333
5286.5 9.77778
5287.5 1.22222
5288.5 3
5289.5 1.88889
5290.5 3.33333
5291.5 -0.555556
5292.5 2.33333
5293.5 -3.22222
5294.5 -1.55556
5295.5 -2.33333
5296.5 -7
5297.5 -6.66667
5298.5 -1.11111
5299.5 -9.55556
5300.5 -9.22222
5301.5 -8
5302.5 -6.77778
5303.5 -0.333333
5304.5 -7
5305.5 0.222222
5306.5 1.33333
5307.5 -4.44444
5308.5 4.11111
5309.5 -0.666667
5310.5 3.44444
5311.5 1.11111
5312.5 -0.666667
5313.5 -1.55556
5314.5 -1.55556
5315.5 -0.666667
5316.5 1.33333
5317.5 1.22222
5318.5 0.555556
5319.5 -1.55556
5320.5 -0.666667
5321.5 0.333333
5322.5 -1.44444
5323.5 0.444444
5324.5 -0.666667
5325.5 -0.777778
5326.5 -1.55556
5327.5 1.11111
5328.5 -0.777778
5329.5 -4.33333
5330.5 3.33333
5331.5 0.555556
5332.5 -3.44444
5333.5 0.222222
5334.5 -4.33333
5335.5 -0.555556
5336.5 1.11111
5337.5 -1.66667
5338.5 -2.55556
5339.5 2.22222
5340.5 -0.666667
5341.5 -4.33333
5342.5 -3.22222
5343.5 0.777778
5344.5 -3.44444
5345.5 1.44444
5346.5 -0.888889
5347.5 -5.77778
5348.5 -1.66667
5349.5 5.44444
5350.5 -9.22222
5351.5 -4.11111
5352.5 -3.11111
5353.5 -10.3333
5354.5 -1.44444
5355.5 3.77778
5356.5 -0.222222
5357.5 -2.44444
5358.5 -4.88889
5359.5 3.66667
5360.5 -2.22222
5361.5 -6.11111
5362.5 0.333333
5363.5 -2.55556
5364.5 1.22222
5365.5 1
5366.5 -3.33333
5367.5 -2.55556
5368.5 -2.22222
5369.5 0.333333
5370.5 0.333333
5371.5 -3.44444
5372.5 2.22222
5373.5 1.55556
5374.5 -3.22222
5375.5 0.111111
5376.5 0.333333
5377.5 1.11111
5378.5 1.22222
5379.5 -0.444444
5380.5 0.222222
5381.5 2.22222
5382.5 3.11111
5383.5 1.11111
5384.5 -1.66667
5385.5 0.333333
5386.5 -3.33333
5387.5 -3.33333
5388.5 3.33333
5389.5 1.44444
5390.5 2.22222
5391.5 -5.11111
5392.5 -6.77778
5393.5 1.66667
5394.5 -5.96046e-08
5395.5 1.22222
5396.5 -8.88889
5397.5 -5.11111
5398.5 1.88889
5399.5 -2.33333
5400.5 -3
5401.5 0.666667
5402.5 0.222222
5403.5 1.22222
5404.5 1.33333
5405.5 -0.777778
5406.5 2
5407.5 0.333333
5408.5 3.11111
5409.5 2.11111
5410.5 -1.66667
5411.5 3.22222
5412.5 0.333333
5413.5 0.111111
5414.5 -1.66667
5415.5 -2.66667
5416.5 -3.44444
5417.5 -1.66667
5418.5 -0.888889
5419.5 -0.555556
5420.5 -3.44444
5421.5 1.22222
5422.5 -0.777778
5423.5 -0.666667
5424.5 -3.33333
5425.5 -1.77778
5426.5 0.111111
5427.5 -2.44444
5428.5 -2.55556
5429.5 -4.44444
5430.5 -3.33333
5431.5 -6.77778
5432.5 -8.66667
5433.5 1.22222
5434.5 0.555556
5435.5 -0.444444
5436.5 -3.33333
5437.5 -0.777778
5438.5 0.222222
5439.5 3.44444
5440.5 2.22222
5441.5 3.11111
5442.5 1.22222
5443.5 0.222222
5444.5 2.22222
5445.5 2.11111
5446.5 -1.77778
5447.5 0.111111
5448.5 -6.22222
5449.5 3.11111
5450.5 -2.33333
5451.5 -2.44444
5452.5 3
5453.5 -0.666667
5454.5 1.33333
5455.5 1.44444
5456.5 -3.66667
5457.5 3.44444
5458.5 -1.88889
5459.5 -1.77778
5460.5 0.333333
5461.5 -0.555556
5462.5 -0.777778
5463.5 0.333333
5464.5 -4.33333
5465.5 0.555556
5466.5 -1.44444
5467.5 0.222222
5468.5 -2.44444
5469.5 0.444444
5470.5 -1.44444
5471.5 0.444444
5472.5 -0.666667
5473.5 4.11111
5474.5 -3.44444
5475.5 -1.44444
5476.5 -0.777778
5477.5 -0.777778
5478.5 0.444444
5479.5 -1.77778
5480.5 -1.66667
5481.5 -0.777778
5482.5 -1.55556
5483.5 -2.66667
5484.5 3.11111
5485.5 6
5486.5 -0.555556
5487.5 2.11111
5488.5 4.22222
5489.5 -0.333333
5490.5 1.22222
5491.5 -3.44444
5492.5 3
5493.5 0.111111
5494.5 0.222222
5495.5 -0.666667
5496.5 -1.55556
5497.5 -2.33333
5498.5 -0.444444
5499.5 -1.66667
5500.5 -1.77778
5501.5 1
5502.5 -0.555556
5503.5 -1.66667
5504.5 -1.55556
5505.5 1
5506.5 -0.333333
5507.5 -0.666667
5508.5 1.33333
5509.5 0.222222
5510.5 -2.55556
5511.5 0.222222
5512.5 0.222222
5513.5 -6.11111
5514.5 -0.333333
5515.5 1.22222
5516.5 0.222222
5517.5 2.22222
5518.5 -0.666667
5519.5 -0.777778
5520.5 0.444444
5521.5 -1.44444
5522.5 0.222222
5523.5 -2.44444
5524.5 -0.666667
5525.5 0.333333
5526.5 0.222222
5527.5 1
5528.5 -3
5529.5 0.222222
5530.5 0.111111
5531.5 0.444444
5532.5 -2.22222
5533.5 -1.33333
5534.5 1.44444
5535.5 5.33333
5536.5 -0.333333
5537.5 -2.11111
5538.5 3.77778
5539.5 -0.444444
5540.5 3.11111
5541.5 1.55556
5542.5 -0.777778
5543.5 1.11111
5544.5 -5.33333
5545.5 -0.888889
5546.5 -0.666667
5547.5 1.11111
5548.5 -0.777778
5549.5 0.333333
5550.5 0.222222
5551.5 -0.888889
5552.5 -1.44444
5553.5 1.22222
5554.5 1.33333
5555.5 0.555556
5556.5 -2.44444
5557.5 1.11111
5558.5 0.222222
5559.5 0.444444
5560.5 2.44444
5561.5 -2.44444
5562.5 -0.666667
5563.5 -2.55556
5564.5 1.22222
5565.5 -3.22222
5566.5 -0.444444
5567.5 -0.666667
5568.5 -0.777778
5569.5 -0.777778
5570.5 -3.44444
5571.5 1.22222
5572.5 0.444444
5573.5 -4.44444
5574.5 -2.44444
5575.5 -2.66667
5576.5 -1.55556
5577.5 -1.55556
5578.5 -2.55556
5579.5 0.333333
5580.5 -3.44444
5581.5 1.33333
5582.5 -1.44444
5583.5 -0.444444
5584.5 -3.44444
5585.5 0.333333
5586.5 1.33333
5587.5 1.11111
5588.5 -0.555556
5589.5 -5.96046e-08
5590.5 -3.22222
5591.5 -15
5592.5 0.222222
5593.5 -7.33333
5594.5 2.66667
5595.5 -2.33333
5596.5 -4.22222
5597.5 1.33333
5598.5 0.555556
5599.5 2.22222
5600.5 -0.333333
5601.5 -2.66667
5602.5 0.444444
5603.5 -1.66667
5604.5 2.11111
5605.5 1
5606.5 -1.66667
5607.5 1.11111
5608.5 -2.55556
5609.5 -2.55556
5610.5 1.11111
5611.5 2
5612.5 -4.11111
5613.5 0.111111
5614.5 -3.55556
5615.5 -0.777778
5616.5 4.33333
5617.5 0.222222
5618.5 -1.66667
5619.5 0.555556
5620.5 -1.55556
5621.5 1.33333
5622.5 2.11111
5623.5 3
5624.5 -4.33333
5625.5 -0.777778
5626.5 0.333333
5627.5 0.333333
5628.5 -2.55556
5629.5 0.555556
5630.5 1.22222
5631.5 0.222222
5632.5 2.22222
5633.5 -3.33333
5634.5 0.222222
5635.5 -2.55556
5636.5 -1.55556
5637.5 -0.777778
5638.5 -0.666667
5639.5 -0.777778
5640.5 -0.555556
5641.5 0.333333
5642.5 3
5643.5 -2.66667
5644.5 -1.77778
5645.5 1.11111
5646.5 -1.66667
5647.5 -1.66667
5648.5 -0.555556
5649.5 0.222222
5650.5 -3.55556
5651.5 0.444444
5652.5 1.22222
5653.5 0.111111
5654.5 -3.22222
5655.5 -2.66667
5656.5 -1.33333
5657.5 -0.666667
5658.5 1
5659.5 0.222222
5660.5 1.11111
5661.5 -1.44444
5662.5 -2.55556
5663.5 -1.55556
5664.5 -0.666667
5665.5 -1.55556
5666.5 -1.66667
5667.5 0.222222
5668.5 -0.777778
5669.5 0.333333
5670.5 0.333333
5671.5 -2.22222
5672.5 -1.22222
5673.5 -5.22222
5674.5 0.222222
5675.5 1.33333
5676.5 0.111111
5677.5 -3.22222
5678.5 1.33333
5679.5 -3.44444
5680.5 -2.55556
5681.5 4
5682.5 -1.55556
5683.5 -1.77778
5684.5 -1.66667
5685.5 1
5686.5 1.44444
5687.5 1.11111
5688.5 0.111111
5689.5 -2.66667
5690.5 1.44444
5691.5 2.11111
5692.5 0.333333
5693.5 5
5694.5 -3.44444
5695.5 -1.66667
5696.5 0.111111
5697.5 3
5698.5 3.11111
5699.5 1.22222
5700.5 -3.55556
5701.5 -0.777778
5702.5 -1.55556
5703.5 0
5704.5 0.333333
5705.5 2.11111
5706.5 -1.44444
5707.5 -1.77778
5708.5 -0.666667
5709.5 -2.55556
5710.5 0.333333
5711.5 -1.77778
5712.5 -1.66667
5713.5 -0.666667
5714.5 2
5715.5 1.33333
5716.5 -0.666667
5717.5 -0.777778
5718.5 4.22222
5719.5 2.22222
5720.5 -2.66667
5721.5 0.333333
5722.5 -5.22222
5723.5 2.33333
5724.5 1.22222
5725.5 -0.666667
5726.5 0.333333
5727.5 1.22222
5728.5 1.22222
5729.5 -3.55556
5730.5 4
5731.5 2
5732.5 0.333333
5733.5 -0.888889
5734.5 0.111111
5735.5 -2.66667
5736.5 0.222222
5737.5 0.222222
5738.5 -1.66667
5739.5 3.22222
5740.5 3
5741.5 -1.55556
5742.5 4
5743.5 -0.777778
5744.5 -0.666667
5745.5 1.22222
5746.5 0.111111
5747.5 1.22222
5748.5 -2.66667
5749.5 3.11111
5750.5 0.222222
5751.5 -0.777778
5752.5 1.22222
5753.5 -0.555556
5754.5 -2.33333
5755.5 1.22222
5756.5 4
5757.5 -2.55556
5758.5 1.11111
5759.5 0.333333
5760.5 0.222222
5761.5 1.22222
5762.5 -1.66667
5763.5 -2.66667
5764.5 0.333333
5765.5 0.111111
5766.5 -0.777778
5767.5 -2.44444
5768.5 3.11111
5769.5 1.11111
5770.5 -0.666667
5771.5 -2.55556
5772.5 -2.44444
5773.5 -2.44444
5774.5 -0.777778
5775.5 4.11111
5776.5 -3.55556
5777.5 -1.77778
5778.5 -1.66667
5779.5 -0.444444
5780.5 -2.55556
5781.5 -2.66667
5782.5 1.11111
5783.5 -0.444444
5784.5 0.444444
5785.5 -0.666667
5786.5 3.11111
5787.5 -0.444444
5788.5 1.11111
5789.5 -3.55556
5790.5 -0.777778
5791.5 -2.55556
5792.5 -1.77778
5793.5 0.333333
5794.5 -2.66667
5795.5 -1.77778
5796.5 -2.55556
5797.5 3.11111
5798.5 2.11111
5799.5 -2.66667
5800.5 -0.666667
5801.5 -0.777778
5802.5 2.11111
5803.5 -0.555556
5804.5 -4.44444
5805.5 2.22222
5806.5 -2.55556
5807.5 -2.66667
5808.5 -8.88889
5809.5 -6.55556
5810.5 -13.1111
5811.5 -13
5812.5 -8
5813.5 -8.77778
5814.5 -5.88889
5815.5 -1.44444
5816.5 1.44444
5817.5 -3.55556
5818.5 0.333333
5819.5 -1.66667
5820.5 6
5821.5 -0.666667
5822.5 -2.66667
5823.5 -0.666667
5824.5 6
5825.5 0.111111
5826.5 -0.555556
5827.5 -0.555556
5828.5 -5.22222
5829.5 -2.33333
5830.5 -0.444444
5831.5 -1.44444
5832.5 -1.66667
5833.5 1.33333
5834.5 4
5835.5 -2.44444
5836.5 2.22222
5837.5 2.33333
5838.5 -3.22222
5839.5 -2.55556
5840.5 0.333333
5841.5 -2.33333
5842.5 1.11111
5843.5 0.222222
5844.5 -1.55556
5845.5 -0.777778
5846.5 -3.55556
5847.5 -0.777778
5848.5 -0.555556
5849.5 -1.66667
5850.5 -0.888889
5851.5 1.11111
5852.5 1.11111
5853.5 -3.44444
5854.5 5.22222
5855.5 -4.33333
5856.5 1.11111
5857.5 1.11111
5858.5 -0.666667
5859.5 0.111111
5860.5 -1.55556
5861.5 -1.77778
5862.5 0.111111
5863.5 -0.666667
5864.5 -0.444444
5865.5 2.11111
5866.5 1.11111
5867.5 2.11111
5868.5 -4.44444
5869.5 -5.22222
5870.5 -0.888889
5871.5 1.11111
5872.5 0.111111
5873.5 0.444444
5874.5 -1.77778
5875.5 -3.33333
5876.5 3.22222
5877.5 -2.66667
5878.5 -0.777778
5879.5 -0.888889
5880.5 0
5881.5 2
5882.5 -1.77778
5883.5 3
5884.5 -0.777778
5885.5 -0.666667
5886.5 1.11111
5887.5 0.111111
5888.5 -0.777778
5889.5 0.222222
5890.5 -0.777778
5891.5 2.11111
5892.5 1
5893.5 -0.888889
5894.5 3.22222
5895.5 -1.66667
5896.5 0.555556
5897.5 -0.444444
5898.5 -2.33333
5899.5 0.777778
5900.5 2.77778
5901.5 -3.77778
5902.5 -2.33333
5903.5 -1.66667
5904.5 0.333333
5905.5 2.11111
5906.5 2
5907.5 -3.55556
5908.5 0.222222
5909.5 -1.77778
5910.5 -4.44444
5911.5 -1.77778
5912.5 2.22222
5913.5 2
5914.5 1.11111
5915.5 -0.777778
5916.5 1.33333
5917.5 -1.55556
5918.5 0.111111
5919.5 -4.44444
5920.5 1.22222
5921.5 1.22222
5922.5 3
5923.5 0.222222
5924.5 4.11111
5925.5 -5.22222
5926.5 0.222222
5927.5 -2.66667
5928.5 1.11111
5929.5 -1.66667
5930.5 1.22222
5931.5 2.22222
5932.5 -1.55556
5933.5 -0.777778
5934.5 1
5935.5 0.111111
5936.5 -0.666667
5937.5 -1.77778
5938.5 3.11111
5939.5 -0.777778
5940.5 -2.66667
5941.5 0.333333
5942.5 -2.55556
5943.5 0
5944.5 0.444444
5945.5 -2.66667
5946.5 0.111111
5947.5 0.222222
5948.5 -3.44444
5949.5 2.11111
5950.5 0.111111
5951.5 -0.777778
5952.5 -2.66667
5953.5 -1.55556
5954.5 -2.55556
5955.5 0.111111
5956.5 -1.66667
5957.5 -2.66667
5958.5 -1.77778
5959.5 -2.44444
5960.5 -2.66667
5961.5 2.22222
5962.5 -3
5963.5 -2.11111
5964.5 2.66667
5965.5 2.88889
5966.5 2.55556
5967.5 -5.88889
5968.5 0.555555
5969.5 -4.22222
5970.5 3.44444
5971.5 0.555555
5972.5 0.222222
5973.5 1.44444
5974.5 1.33333
5975.5 -0.555556
5976.5 -1.55556
5977.5 -3.55556
5978.5 -0.444444
5979.5 1.22222
5980.5 1.22222
5981.5 -2.44444
5982.5 -3.33333
5983.5 -1.66667
5984.5 -0.888889
5985.5 0
5986.5 4.11111
5987.5 -0.888889
5988.5 -0.666667
5989.5 -0.777778
5990.5 2
5991.5 1
5992.5 -0.777778
5993.5 -2.55556
5994.5 0.333333
5995.5 -4.22222
5996.5 0.111111
5997.5 -2.66667
5998.5 0.222222
5999.5 -0.666667
6000.5 -0.444444
6001.5 0.222222
6002.5 -2.44444
6003.5 2.11111
6004.5 -2.66667
6005.5 1.22222
6006.5 -0.777778
6007.5 -3.55556
6008.5 2
6009.5 -0.888889
6010.5 0.111111
6011.5 -3.55556
6012.5 -2.55556
6013.5 0.111111
6014.5 0.222222
6015.5 -1.33333
6016.5 2
6017.5 -0.888889
6018.5 -1.55556
6019.5 0.222222
6020.5 -2.44444
6021.5 -1.66667
6022.5 -1.77778
6023.5 0.111111
6024.5 1.33333
6025.5 2.11111
6026.5 -2.66667
6027.5 2.11111
6028.5 0.222222
6029.5 -4.44444
6030.5 -0.444444
6031.5 -3.22222
6032.5 1
6033.5 -2.66667
6034.5 1.44444
6035.5 0.333333
6036.5 1.22222
6037.5 2
6038.5 -5.22222
6039.5 -0.777778
6040.5 0.333333
6041.5 -1.55556
6042.5 0.111111
6043.5 1.11111
6044.5 -1.66667
6045.5 0.222222
6046.5 1
6047.5 -0.777778
6048.5 -1.66667
6049.5 0.111111
6050.5 -0.888889
6051.5 -0.777778
6052.5 0.111111
6053.5 -1.77778
6054.5 0.111111
6055.5 -0.555556
6056.5 0.111111
6057.5 -1.77778
6058.5 -0.777778
6059.5 0.222222
6060.5 0.222222
6061.5 0.222222
6062.5 0.111111
6063.5 2.11111
6064.5 -2.55556
6065.5 5.11111
6066.5 -1.77778
6067.5 1.11111
6068.5 -2.55556
6069.5 2.11111
6070.5 0.333333
6071.5 0.111111
6072.5 -2.66667
6073.5 -0.666667
6074.5 -1.55556
6075.5 -1.66667
6076.5 -0.777778
6077.5 1.22222
6078.5 -2.55556
6079.5 -0.666667
6080.5 -1.66667
6081.5 -1.77778
6082.5 0.111111
6083.5 -1.77778
6084.5 -0.777778
6085.5 -0.888889
6086.5 0
6087.5 -2.55556
6088.5 1
6089.5 4
6090.5 2.11111
6091.5 4.11111
6092.5 -1.66667
6093.5 -4.33333
6094.5 -0.777778
6095.5 0.111111
6096.5 3
6097.5 -2.55556
6098.5 -0.888889
6099.5 1.22222
6100.5 -2.44444
6101.5 -0.555556
6102.5 0.111111
6103.5 -0.888889
6104.5 -4.11111
6105.5 0.111111
6106.5 0.111111
6107.5 2.33333
6108.5 0.222222
6109.5 2.22222
6110.5 1.11111
6111.5 -1.55556
6112.5 -3.33333
6113.5 0.333333
6114.5 -0.777778
6115.5 0.111111
6116.5 -0.666667
6117.5 2.11111
6118.5 0.222222
6119.5 2.11111
6120.5 -1.55556
6121.5 1.11111
6122.5 -2.44444
6123.5 1.55556
6124.5 -2.44444
6125.5 3
6126.5 -3.55556
6127.5 2.11111
6128.5 0.333333
6129.5 -0.777778
6130.5 2.11111
6131.5 1.22222
6132.5 -0.777778
6133.5 -0.777778
6134.5 1
6135.5 -2.44444
6136.5 -1.66667
6137.5 2.11111
6138.5 -1.55556
6139.5 -0.666667
6140.5 -1.77778
6141.5 1.11111
6142.5 -0.777778
6143.5 -5.33333
6144.5 0.222222
6145.5 -0.666667
6146.5 1.22222
6147.5 0.222222
6148.5 -1.66667
6149.5 0.111111
6150.5 0.222222
6151.5 0.222222
6152.5 -0.444444
6153.5 -2.55556
6154.5 1.11111
6155.5 -1.66667
6156.5 -0.666667
6157.5 -0.666667
6158.5 -0.666667
6159.5 -2.66667
6160.5 -1.55556
6161.5 0.111111
6162.5 0.222222
6163.5 0.111111
6164.5 1
6165.5 0
6166.5 -0.777778
6167.5 2
6168.5 2.11111
6169.5 1
6170.5 0.333333
6171.5 -3.55556
6172.5 0.111111
6173.5 -2.55556
6174.5 0.222222
6175.5 -1.66667
6176.5 0.111111
6177.5 1.22222
6178.5 -2.55556
6179.5 0.111111
6180.5 -1.66667
6181.5 -3.55556
6182.5 -2.66667
6183.5 -1.44444
6184.5 3
6185.5 2.11111
6186.5 -0.555556
6187.5 -0.777778
6188.5 1.22222
6189.5 0.222222
6190.5 0.111111
6191.5 -1.77778
6192.5 1.22222
6193.5 1.11111
6194.5 2
6195.5 -0.777778
6196.5 -1.77778
6197.5 0
6198.5 -0.777778
6199.5 0.222222
6200.5 -0.888889
6201.5 0.222222
6202.5 0.111111
6203.5 0.111111
6204.5 -1.66667
6205.5 0.111111
6206.5 -1.77778
6207.5 1.11111
6208.5 -1.66667
6209.5 -1.77778
6210.5 -1.66667
6211.5 -1.55556
6212.5 1.22222
6213.5 2
6214.5 -0.666667
6215.5 0.111111
6216.5 -0.777778
6217.5 2.11111
6218.5 -0.555556
6219.5 2.11111
6220.5 2
6221.5 0.111111
6222.5 -1.55556
6223.5 -0.444444
6224.5 -0.555556
6225.5 0.333333
6226.5 1.22222
6227.5 -1.66667
6228.5 0.444444
6229.5 -1.55556
6230.5 -0.666667
6231.5 0
6232.5 1.11111
6233.5 0.222222
6234.5 1
6235.5 1.33333
6236.5 -2.66667
6237.5 -2.44444
6238.5 -1.77778
6239.5 2.33333
6240.5 -0.777778
6241.5 0.111111
6242.5 5.11111
6243.5 0.111111
6244.5 2
6245.5 0.111111
6246.5 2.11111
6247.5 0.222222
6248.5 -0.777778
6249.5 2.11111
6250.5 -0.777778
6251.5 -2.55556
6252.5 -1.77778
6253.5 -1.77778
6254.5 0
6255.5 0
6256.5 0.111111
6257.5 -2.55556
6258.5 -2.55556
6259.5 1.11111
6260.5 0.111111
6261.5 -2.55556
6262.5 -1.55556
6263.5 0.222222
6264.5 0.111111
6265.5 0.333333
6266.5 1.22222
6267.5 1.33333
6268.5 0.444444
6269.5 0.222222
6270.5 0.111111
6271.5 1.11111
6272.5 -1.77778
6273.5 3.11111
6274.5 1
6275.5 -1.66667
6276.5 0.111111
6277.5 1.11111
6278.5 0.111111
6279.5 -1.66667
6280.5 2
6281.5 1.22222
6282.5 1.22222
6283.5 -0.888889
6284.5 0.111111
6285.5 0
6286.5 0.111111
6287.5 2
6288.5 1
6289.5 0.111111
6290.5 0.222222
6291.5 1.11111
6292.5 -1.66667
6293.5 -2.66667
6294.5 0.111111
6295.5 0.222222
6296.5 2.11111
6297.5 -0.777778
6298.5 0.111111
6299.5 1
6300.5 -1.66667
6301.5 0.111111
6302.5 0
6303.5 -1.77778
6304.5 1.11111
6305.5 1.11111
6306.5 0.222222
6307.5 -1.77778
6308.5 0
6309.5 0.222222
6310.5 -3.55556
6311.5 0.222222
6312.5 1
6313.5 -1.66667
6314.5 -2.33333
6315.5 -4.44444
6316.5 -1.66667
6317.5 -5
6318.5 -13.3333
6319.5 -15.1111
6320.5 -13.2222
6321.5 -19.5556
6322.5 -27.3333
6323.5 -21.2222
6324.5 -14.1111
6325.5 -11.3333
6326.5 -13.8889
6327.5 -8.55556
6328.5 0.444444
6329.5 -3.44444
6330.5 1.11111
6331.5 -3.55556
6332.5 3
6333.5 -3.44444
6334.5 1.33333
6335.5 2
6336.5 1.22222
6337.5 0.111111
6338.5 0.222222
6339.5 1
6340.5 1.11111
6341.5 -0.777778
6342.5 -1.55556
6343.5 1
6344.5 -0.777778
6345.5 0.111111
6346.5 2
6347.5 -2.66667
6348.5 0
6349.5 1.11111
6350.5 -0.777778
6351.5 -1.77778
6352.5 -0.777778
6353.5 0
6354.5 -1.77778
6355.5 0.111111
6356.5 0.111111
6357.5 -2.66667
6358.5 0.111111
6359.5 -1.77778
6360.5 1
6361.5 1
6362.5 0
6363.5 2
6364.5 3
6365.5 -0.888889
6366.5 -0.888889
6367.5 2.11111
6368.5 -0.888889
6369.5 0.222222
6370.5 0
6371.5 -0.777778
6372.5 -0.777778
6373.5 -0.888889
6374.5 1.11111
6375.5 0.111111
6376.5 1.11111
6377.5 -0.888889
6378.5 1
6379.5 -1.77778
6380.5 1
6381.5 -0.888889
6382.5 1
6383.5 0
6384.5 0
6385.5 1
6386.5 0.111111
6387.5 -0.777778
6388.5 0
6389.5 -0.777778
6390.5 -1.77778
6391.5 -2.66667
6392.5 1
6393.5 -0.888889
6394.5 -3.55556
6395.5 -0.888889
6396.5 0.111111
6397.5 -0.888889
6398.5 -1.77778
6399.5 -0.888889
6400.5 1
6401.5 1
6402.5 0
6403.5 -1.77778
6404.5 1
6405.5 -1.77778
6406.5 0.111111
6407.5 2
6408.5 -0.777778
6409.5 -1.77778
6410.5 0.111111
6411.5 -0.888889
6412.5 -1.66667
6413.5 1.11111
6414.5 0
6415.5 0.111111
6416.5 2
6417.5 2
6418.5 0.111111
6419.5 -0.888889
6420.5 0.222222
6421.5 -1.77778
6422.5 -0.777778
6423.5 1.11111
6424.5 -0.888889
6425.5 -0.777778
6426.5 -0.888889
6427.5 -0.888889
6428.5 2
6429.5 -0.666667
6430.5 -0.888889
6431.5 1
6432.5 0.111111
6433.5 0
6434.5 1
6435.5 1.11111
6436.5 -3.55556
6437.5 4.11111
6438.5 0.111111
6439.5 0.222222
6440.5 0.222222
6441.5 0.222222
6442.5 -0.888889
6443.5 -1.66667
6444.5 0
6445.5 0
6446.5 -1.77778
6447.5 -3.55556
6448.5 1
6449.5 1
6450.5 0.222222
6451.5 0
6452.5 2
6453.5 0.111111
6454.5 0.111111
6455.5 1
6456.5 -1.77778
6457.5 0.111111
6458.5 0.111111
6459.5 -0.888889
6460.5 0
6461.5 1
6462.5 0.111111
6463.5 -0.888889
6464.5 1
6465.5 -0.777778
6466.5 1
6467.5 0
6468.5 -0.888889
6469.5 0.111111
6470.5 1.33333
6471.5 -2.44444
6472.5 -2.11111
6473.5 -7
6474.5 -4.66667
6475.5 4.66667
6476.5 -1.44444
6477.5 -1.77778
6478.5 0.444444
6479.5 6.11111
6480.5 6.55556
6481.5 -9.77778
6482.5 -8.11111
6483.5 -10.6667
6484.5 -4.11111
6485.5 0.333333
6486.5 1.22222
6487.5 3
6488.5 -0.888889
6489.5 1
6490.5 0
6491.5 2
6492.5 -1.77778
6493.5 0.111111
6494.5 0
6495.5 0
6496.5 0
6497.5 0
6498.5 0
6499.5 0
6500.5 1
6501.5 0
6502.5 2
6503.5 0.111111
6504.5 -0.777778
6505.5 0.111111
6506.5 -1.77778
6507.5 0
6508.5 0
6509.5 0.111111
6510.5 0
6511.5 0
6512.5 1
6513.5 0
6514.5 0
6515.5 0
6516.5 -0.888889
6517.5 0
6518.5 0
6519.5 0
6520.5 1.11111
6521.5 -0.777778
6522.5 0
6523.5 1
6524.5 1.11111
6525.5 0
6526.5 0
6527.5 1
6528.5 -0.888889
6529.5 -0.888889
6530.5 0
6531.5 0.111111
6532.5 0
6533.5 0
6534.5 0
6535.5 0
6536.5 0
6537.5 1
6538.5 0.111111
6539.5 1
6540.5 -1.77778
6541.5 0
6542.5 -0.777778
6543.5 -1.77778
6544.5 -1.55556
6545.5 -0.666667
6546.5 -1.66667
6547.5 2
6548.5 -0.777778
6549.5 1
6550.5 -0.888889
6551.5 2
6552.5 0.111111
6553.5 -0.888889
6554.5 0
6555.5 -0.888889
6556.5 0.111111
6557.5 1
6558.5 0
6559.5 0
6560.5 1.11111
6561.5 0
6562.5 -2.66667
6563.5 0
6564.5 1
6565.5 0.111111
6566.5 -0.777778
6567.5 -0.888889
6568.5 0
6569.5 0
6570.5 0.111111
6571.5 -0.888889
6572.5 1
6573.5 0
6574.5 0.111111
6575.5 0
6576.5 1
6577.5 0
6578.5 -0.888889
6579.5 0
6580.5 0.111111
6581.5 0
6582.5 0
6583.5 1
6584.5 -0.888889
6585.5 0
6586.5 1
6587.5 0.111111
6588.5 1
6589.5 0
6590.5 1
6591.5 0
6592.5 0
6593.5 0
6594.5 1
6595.5 -0.888889
6596.5 1
6597.5 -0.888889
6598.5 -1.77778
6599.5 0
6600.5 1.11111
6601.5 0.111111
6602.5 0
6603.5 1.11111
6604.5 0
6605.5 0
6606.5 0
6607.5 -0.888889
6608.5 0
6609.5 0
6610.5 -0.888889
6611.5 -0.777778
6612.5 0.111111
6613.5 0
6614.5 0
6615.5 -0.888889
6616.5 2
6617.5 0
6618.5 0
6619.5 0
6620.5 1
6621.5 -0.888889
6622.5 1
6623.5 1
6624.5 0
6625.5 0
6626.5 1.11111
6627.5 -0.888889
6628.5 1
6629.5 0
6630.5 0
6631.5 0
6632.5 1.11111
6633.5 0
6634.5 1
6635.5 0
6636.5 0
6637.5 0
6638.5 0
6639.5 0
6640.5 0.111111
6641.5 1
6642.5 -0.888889
6643.5 -0.888889
6644.5 0
6645.5 0
6646.5 1
6647.5 0.111111
6648.5 0
6649.5 -1.77778
6650.5 2.11111
6651.5 1
6652.5 0
6653.5 0
6654.5 -0.888889
6655.5 1
6656.5 1
6657.5 -0.888889
6658.5 -0.888889
6659.5 -0.888889
6660.5 -0.888889
6661.5 -0.888889
6662.5 0
6663.5 0
6664.5 0
6665.5 0
6666.5 -0.888889
6667.5 -0.888889
6668.5 -0.888889
6669.5 -0.888889
6670.5 2
6671.5 -0.888889
6672.5 -0.888889
6673.5 -0.777778
6674.5 0
6675.5 -0.888889
6676.5 -0.888889
6677.5 0.111111
6678.5 0
6679.5 0
6680.5 -0.888889
6681.5 -0.888889
6682.5 1
6683.5 0
6684.5 0
6685.5 2
6686.5 0
6687.5 0
6688.5 0
6689.5 0
6690.5 -0.888889
6691.5 -0.888889
6692.5 -0.777778
6693.5 -0.777778
6694.5 1
6695.5 0.111111
6696.5 1
6697.5 0.111111
6698.5 0.111111
6699.5 -0.888889
6700.5 1
6701.5 -0.888889
6702.5 -0.888889
6703.5 1
6704.5 0
6705.5 0.111111
6706.5 -1.77778
6707.5 1
6708.5 0
6709.5 -0.888889
6710.5 -0.888889
6711.5 0
6712.5 0
6713.5 0
6714.5 0
6715.5 2
6716.5 0
6717.5 1
6718.5 0
6719.5 0
6720.5 0
6721.5 0
6722.5 -1.77778
6723.5 0
6724.5 1
6725.5 2
6726.5 0
6727.5 0
6728.5 0
6729.5 0
6730.5 0
6731.5 0
6732.5 -0.888889
6733.5 0
6734.5 -0.888889
6735.5 0
6736.5 1
6737.5 0.111111
6738.5 0.111111
6739.5 2
6740.5 0
6741.5 1
6742.5 2
6743.5 0
6744.5 1
6745.5 0
6746.5 1
6747.5 2.11111
6748.5 -0.888889
6749.5 -0.888889
6750.5 0.111111
6751.5 -0.777778
6752.5 -1.77778
6753.5 1
6754.5 0
6755.5 -0.888889
6756.5 1
6757.5 0.111111
6758.5 0
6759.5 -0.888889
6760.5 -0.888889
6761.5 -0.888889
6762.5 -1.77778
6763.5 0
6764.5 -0.777778
6765.5 1
6766.5 0
6767.5 2
6768.5 1.11111
6769.5 -1.77778
6770.5 2
6771.5 0.111111
6772.5 0.111111
6773.5 3.11111
6774.5 -0.888889
6775.5 0
6776.5 1
6777.5 0
6778.5 -0.888889
6779.5 0
6780.5 0
6781.5 0
6782.5 1
6783.5 0
6784.5 0
6785.5 0
6786.5 0
6787.5 0
6788.5 0
6789.5 0
6790.5 0.111111
6791.5 -0.888889
6792.5 1
6793.5 0
6794.5 0
6795.5 1
6796.5 0
6797.5 1
6798.5 1
6799.5 1
6800.5 0
6801.5 -0.888889
6802.5 0
6803.5 -0.888889
6804.5 0
6805.5 -0.888889
6806.5 1
6807.5 -1.77778
6808.5 2
6809.5 2
6810.5 0.111111
6811.5 0
6812.5 0
6813.5 0
6814.5 0
6815.5 -0.777778
6816.5 -0.888889
6817.5 1
6818.5 0
6819.5 -2.66667
6820.5 0
6821.5 -0.888889
6822.5 0
6823.5 0
6824.5 0
6825.5 0
6826.5 0
6827.5 -1.77778
6828.5 1
6829.5 0
6830.5 0
6831.5 0
6832.5 -0.888889
6833.5 0.111111
6834.5 0
6835.5 0
6836.5 0
6837.5 0
6838.5 0
6839.5 -0.888889
6840.5 -0.888889
6841.5 -0.888889
6842.5 -1.77778
6843.5 0
6844.5 0
6845.5 -0.888889
6846.5 2
6847.5 0
6848.5 2
6849.5 0
6850.5 1
6851.5 0
6852.5 1.11111
6853.5 -0.888889
6854.5 0
6855.5 1
6856.5 0
6857.5 -0.888889
6858.5 1
6859.5 0.111111
6860.5 0
6861.5 0
6862.5 0
6863.5 -0.888889
6864.5 0.111111
6865.5 0
6866.5 0
6867.5 -0.888889
6868.5 2
6869.5 0
6870.5 -0.888889
6871.5 -0.888889
6872.5 0
6873.5 -0.888889
6874.5 1
6875.5 0
6876.5 0
6877.5 0
6878.5 0
6879.5 -0.888889
6880.5 0
6881.5 0
6882.5 -0.888889
6883.5 0
6884.5 0
6885.5 1
6886.5 0
6887.5 0
6888.5 1
6889.5 0
6890.5 1
6891.5 0
6892.5 -0.888889
6893.5 -0.888889
6894.5 0
6895.5 -0.888889
6896.5 -0.888889
6897.5 2
6898.5 -0.888889
6899.5 0
6900.5 1
6901.5 -2.66667
6902.5 0
6903.5 0
6904.5 -0.888889
6905.5 1.11111
6906.5 -1.77778
6907.5 1
6908.5 1.11111
6909.5 0
6910.5 0
6911.5 -0.888889
6912.5 0
6913.5 0
6914.5 -0.777778
6915.5 1
6916.5 0
6917.5 0
6918.5 0
6919.5 1
6920.5 -0.888889
6921.5 -0.888889
6922.5 0
6923.5 -1.77778
6924.5 1
6925.5 -0.888889
6926.5 0
6927.5 1
6928.5 1
6929.5 1.11111
6930.5 -0.777778
6931.5 1
6932.5 2
6933.5 3.11111
6934.5 0
6935.5 0
6936.5 1.22222
6937.5 1
6938.5 0
6939.5 0
6940.5 0
6941.5 0
6942.5 1
6943.5 0
6944.5 0
6945.5 1
6946.5 -0.888889
6947.5 -0.888889
6948.5 0
6949.5 0
6950.5 0
6951.5 0
6952.5 1
6953.5 0.111111
6954.5 0
6955.5 0
6956.5 0
6957.5 1
6958.5 0.111111
6959.5 1
6960.5 1
6961.5 0
6962.5 0
6963.5 0
6964.5 0
6965.5 2
6966.5 0
6967.5 0
6968.5 0
6969.5 0
6970.5 0
6971.5 0
6972.5 1
6973.5 0
6974.5 0
6975.5 -0.888889
6976.5 0.111111
6977.5 1
6978.5 0
6979.5 -0.888889
6980.5 0
6981.5 0
6982.5 -1.77778
6983.5 0
6984.5 -1.77778
6985.5 0
6986.5 2
6987.5 -0.888889
6988.5 -0.777778
6989.5 0
6990.5 -0.888889
6991.5 0
6992.5 1
6993.5 -0.888889
6994.5 1
6995.5 0
6996.5 0
6997.5 0
6998.5 0
6999.5 0
7000.5 0
7001.5 0
7002.5 0
7003.5 0
7004.5 0
7005.5 0
7006.5 0
7007.5 1
7008.5 1
7009.5 0
7010.5 0
7011.5 0
7012.5 0
7013.5 0
7014.5 0
7015.5 0
7016.5 0
7017.5 0
7018.5 -0.888889
7019.5 -0.888889
7020.5 0
7021.5 1
7022.5 0
7023.5 1
7024.5 0
7025.5 0
7026.5 0
7027.5 1
7028.5 0
7029.5 0
7030.5 0
7031.5 0
7032.5 -0.888889
7033.5 -0.888889
7034.5 0
7035.5 1
7036.5 0
7037.5 -0.888889
7038.5 -0.888889
7039.5 -0.888889
7040.5 -0.888889
7041.5 -0.888889
7042.5 0
7043.5 0
7044.5 0
7045.5 0
7046.5 1
7047.5 0.111111
7048.5 1
7049.5 -0.888889
7050.5 -0.888889
7051.5 0
7052.5 0
7053.5 0
7054.5 0
7055.5 0
7056.5 0.111111
7057.5 1
7058.5 1
7059.5 0
7060.5 -0.888889
7061.5 0
7062.5 0
7063.5 0
7064.5 -0.888889
7065.5 0
7066.5 0
7067.5 0
7068.5 -0.888889
7069.5 -1.77778
7070.5 0
7071.5 0
7072.5 0
7073.5 -0.888889
7074.5 0
7075.5 1
7076.5 0
7077.5 -0.888889
7078.5 0
7079.5 -0.888889
7080.5 0
7081.5 0
7082.5 1
7083.5 -0.888889
7084.5 -0.888889
7085.5 -0.777778
7086.5 0
7087.5 -0.888889
7088.5 -1.77778
7089.5 0
7090.5 -0.888889
7091.5 0.111111
7092.5 1.11111
7093.5 0
7094.5 0
7095.5 0
7096.5 0
7097.5 0
7098.5 1
7099.5 0
7100.5 0
7101.5 0
7102.5 0
7103.5 -0.888889
7104.5 0.111111
7105.5 1
7106.5 0
7107.5 0
7108.5 0
7109.5 1
7110.5 0
7111.5 1
7112.5 2
7113.5 0
7114.5 0
7115.5 0
7116.5 0
7117.5 0
7118.5 0
7119.5 -0.888889
7120.5 0
7121.5 0
7122.5 0
7123.5 -0.888889
7124.5 0
7125.5 1
7126.5 1
7127.5 0
7128.5 1
7129.5 0
7130.5 1
7131.5 1
7132.5 1
7133.5 0
7134.5 0
7135.5 0
7136.5 -1.66667
7137.5 -0.888889
7138.5 0
7139.5 0
7140.5 0
7141.5 0
7142.5 0
7143.5 0
7144.5 0
7145.5 0
7146.5 0
7147.5 0.111111
7148.5 0
7149.5 -0.888889
7150.5 0
7151.5 -0.888889
7152.5 0
7153.5 1
7154.5 -0.888889
7155.5 -0.888889
7156.5 0
7157.5 2
7158.5 0
7159.5 1
7160.5 0
7161.5 0
7162.5 1
7163.5 -0.888889
7164.5 0
7165.5 0
7166.5 0
7167.5 1
7168.5 -0.888889
7169.5 0
7170.5 -0.888889
7171.5 0
7172.5 0
7173.5 0
7174.5 0
7175.5 0
7176.5 0
7177.5 0
7178.5 -0.888889
7179.5 0
7180.5 0
7181.5 1
7182.5 0
7183.5 0
7184.5 0
7185.5 0
7186.5 -2.66667
7187.5 0
7188.5 0
7189.5 -0.888889
7190.5 2
7191.5 0
7192.5 -1.77778
7193.5 0
7194.5 1
7195.5 0
7196.5 -0.777778
7197.5 -0.888889
7198.5 -1.77778
7199.5 1
7200.5 -0.888889
7201.5 0
7202.5 0
7203.5 -0.888889
7204.5 -2.66667
7205.5 2
7206.5 0
7207.5 0
7208.5 -0.777778
7209.5 2
7210.5 0
7211.5 0
7212.5 2
7213.5 0
7214.5 0.111111
7215.5 0
7216.5 0
7217.5 -0.888889
7218.5 1
7219.5 -0.888889
7220.5 0
7221.5 0
7222.5 -0.888889
7223.5 1
7224.5 0
7225.5 0
7226.5 0
7227.5 0
7228.5 0
7229.5 -0.888889
7230.5 1
7231.5 -0.888889
7232.5 1
7233.5 0.111111
7234.5 -0.888889
7235.5 -0.888889
7236.5 0
7237.5 0
7238.5 -1.77778
7239.5 0
7240.5 -0.888889
7241.5 1
7242.5 0
7243.5 1
7244.5 0
7245.5 1
7246.5 -1.77778
7247.5 0
7248.5 1.11111
7249.5 0
7250.5 0
7251.5 -1.77778
7252.5 -0.888889
7253.5 0
7254.5 0
7255.5 0
7256.5 0
7257.5 3
7258.5 0
7259.5 1
7260.5 -1.66667
7261.5 -0.777778
7262.5 1
7263.5 -1.77778
7264.5 0
7265.5 0
7266.5 0
7267.5 1.11111
7268.5 0
7269.5 -0.888889
7270.5 1
7271.5 3
7272.5 0
7273.5 0
7274.5 0
7275.5 0
7276.5 0
7277.5 0
7278.5 0.111111
7279.5 0
7280.5 2
7281.5 0
7282.5 0
7283.5 0
7284.5 -0.888889
7285.5 0
7286.5 0
7287.5 0
7288.5 0
7289.5 0
7290.5 -1.77778
7291.5 0
7292.5 0
7293.5 -1.77778
7294.5 0
7295.5 0
7296.5 0
7297.5 0.111111
7298.5 0
7299.5 0
7300.5 -1.77778
7301.5 1
7302.5 2
7303.5 1
7304.5 0
7305.5 0
7306.5 1
7307.5 0
7308.5 0
7309.5 1
7310.5 0
7311.5 1
7312.5 1
7313.5 0
7314.5 0
7315.5 0
7316.5 0
7317.5 -0.888889
7318.5 -0.888889
7319.5 0
7320.5 1
7321.5 0
7322.5 0.111111
7323.5 -0.888889
7324.5 1
7325.5 -0.888889
7326.5 1
7327.5 1
7328.5 0
7329.5 0
7330.5 1
7331.5 -2.66667
7332.5 1
7333.5 0
7334.5 0
7335.5 0
7336.5 0
7337.5 -0.888889
7338.5 -0.888889
7339.5 0
7340.5 1
7341.5 0
7342.5 -0.888889
7343.5 0
7344.5 0
7345.5 1
7346.5 0
7347.5 0
7348.5 0
7349.5 1
7350.5 0
7351.5 0
7352.5 -0.888889
7353.5 0
7354.5 1
7355.5 0
7356.5 0
7357.5 0
7358.5 0
7359.5 0
7360.5 1
7361.5 -0.888889
7362.5 0
7363.5 -0.888889
7364.5 1
7365.5 0
7366.5 0
7367.5 0.111111
7368.5 -0.888889
7369.5 0
7370.5 0
7371.5 -1.77778
7372.5 1
7373.5 0
7374.5 0
7375.5 0
7376.5 0
7377.5 0
7378.5 0
7379.5 0
7380.5 -0.888889
7381.5 0
7382.5 0
7383.5 0
7384.5 0
7385.5 -0.888889
7386.5 0
7387.5 0
7388.5 0
7389.5 0
7390.5 0.111111
7391.5 0
7392.5 0
7393.5 2
7394.5 0
7395.5 0
7396.5 0
7397.5 0
7398.5 0
7399.5 0
7400.5 1
7401.5 0
7402.5 -0.888889
7403.5 -0.888889
7404.5 -0.888889
7405.5 1
7406.5 0
7407.5 2
7408.5 0
7409.5 -0.888889
7410.5 -1.77778
7411.5 0.111111
7412.5 0.111111
7413.5 0.111111
7414.5 -0.888889
7415.5 1.11111
7416.5 -0.888889
7417.5 0
7418.5 0
7419.5 0.111111
7420.5 0.111111
7421.5 -0.888889
7422.5 0.111111
7423.5 0.111111
7424.5 -1.77778
7425.5 0
7426.5 -0.888889
7427.5 1
7428.5 0
7429.5 1
7430.5 0
7431.5 0
7432.5 0
7433.5 0
7434.5 0
7435.5 0
7436.5 0
7437.5 0
7438.5 -1.77778
7439.5 0
7440.5 0
7441.5 0
7442.5 0.111111
7443.5 -0.888889
7444.5 1
7445.5 0
7446.5 1
7447.5 0
7448.5 0
7449.5 0
7450.5 1
7451.5 2
7452.5 0
7453.5 -0.777778
7454.5 0
7455.5 0
7456.5 0.111111
7457.5 0
7458.5 1
7459.5 0
7460.5 1.11111
7461.5 -0.888889
7462.5 1
7463.5 -0.888889
7464.5 0
7465.5 0
7466.5 0
7467.5 -0.888889
7468.5 0
7469.5 0
7470.5 0
7471.5 0
7472.5 0
7473.5 0
7474.5 0
7475.5 0.111111
7476.5 -0.888889
7477.5 1
7478.5 0
7479.5 0
7480.5 0
7481.5 0.111111
7482.5 0
7483.5 0
7484.5 0
7485.5 0.111111
7486.5 0
7487.5 0
7488.5 0.111111
7489.5 0.111111
7490.5 0
7491.5 -0.888889
7492.5 0
7493.5 0
7494.5 0
7495.5 0
7496.5 0
7497.5 0
7498.5 0
7499.5 1
7500.5 0
7501.5 1
7502.5 0
7503.5 0
7504.5 1
7505.5 0
7506.5 -0.888889
7507.5 0
7508.5 -0.888889
7509.5 -1.77778
7510.5 1
7511.5 -0.888889
7512.5 0
7513.5 1
7514.5 0
7515.5 1
7516.5 0
7517.5 0
7518.5 0.111111
7519.5 0
7520.5 1
7521.5 0
7522.5 1
7523.5 0
7524.5 0
7525.5 0
7526.5 1
7527.5 0
7528.5 -0.888889
7529.5 1
7530.5 0
7531.5 0
7532.5 0
7533.5 -0.888889
7534.5 0
7535.5 0
7536.5 0
7537.5 1
7538.5 -1.66667
7539.5 1
7540.5 0
7541.5 0
7542.5 0
7543.5 1
7544.5 -0.888889
7545.5 2
7546.5 0
7547.5 0
7548.5 0
7549.5 1
7550.5 0
7551.5 0
7552.5 0
7553.5 0
7554.5 0
7555.5 0
7556.5 0
7557.5 0
7558.5 -1.77778
7559.5 -1.77778
7560.5 0
7561.5 0
7562.5 -0.888889
7563.5 0
7564.5 0
7565.5 -0.888889
7566.5 0
7567.5 1.11111
7568.5 0
7569.5 0
7570.5 -0.888889
7571.5 -0.888889
7572.5 0
7573.5 0
7574.5 0
7575.5 1
7576.5 0
7577.5 0
7578.5 1
7579.5 0
7580.5 0
7581.5 0
7582.5 0
7583.5 0
7584.5 0
7585.5 0
7586.5 -1.77778
7587.5 0
7588.5 0
7589.5 0
7590.5 0
7591.5 0
7592.5 0
7593.5 0
7594.5 0
7595.5 0
7596.5 0
7597.5 0
7598.5 1
7599.5 0
7600.5 -0.888889
7601.5 1
7602.5 0
7603.5 0
7604.5 0
7605.5 0
7606.5 1
7607.5 0
7608.5 0
7609.5 0
7610.5 0
7611.5 0
7612.5 0
7613.5 0
7614.5 0
7615.5 0
7616.5 -1.77778
7617.5 0
7618.5 0
7619.5 0
7620.5 0
7621.5 0
7622.5 0
7623.5 0
7624.5 0
7625.5 -0.888889
7626.5 -0.888889
7627.5 0
7628.5 0
7629.5 0
7630.5 -0.777778
7631.5 -0.888889
7632.5 1
7633.5 1
7634.5 1
7635.5 0
7636.5 -1.77778
7637.5 0
7638.5 -0.888889
7639.5 -0.888889
7640.5 -0.888889
7641.5 0
7642.5 1
7643.5 0
7644.5 0
7645.5 3
7646.5 -3.55556
7647.5 -1.77778
7648.5 0
7649.5 0
7650.5 0
7651.5 0
7652.5 0
7653.5 0
7654.5 1
7655.5 0
7656.5 0
7657.5 -0.888889
7658.5 0
7659.5 0
7660.5 0
7661.5 0
7662.5 -0.888889
7663.5 0
7664.5 -0.888889
7665.5 0
7666.5 -0.888889
7667.5 1
7668.5 0
7669.5 0
7670.5 0
7671.5 -0.888889
7672.5 0
7673.5 0
7674.5 0
7675.5 0
7676.5 0
7677.5 0
7678.5 0
7679.5 1
7680.5 0
7681.5 0
7682.5 0
7683.5 0.111111
7684.5 -0.888889
7685.5 0
7686.5 -0.888889
7687.5 -0.888889
7688.5 0
7689.5 1
7690.5 0
7691.5 0
7692.5 -0.888889
7693.5 -0.888889
7694.5 1
7695.5 0
7696.5 0
7697.5 0
7698.5 0
7699.5 0
7700.5 0
7701.5 0
7702.5 0
7703.5 0
7704.5 0
7705.5 0
7706.5 -0.888889
7707.5 0
7708.5 0
7709.5 0.111111
7710.5 0.111111
7711.5 1
7712.5 0
7713.5 0
7714.5 0
7715.5 -0.888889
7716.5 0
7717.5 -0.888889
7718.5 0
7719.5 -0.888889
7720.5 -0.888889
7721.5 0
7722.5 -0.888889
7723.5 -0.888889
7724.5 0
7725.5 -0.888889
7726.5 -0.888889
7727.5 1
7728.5 -0.888889
7729.5 0
7730.5 0
7731.5 0
7732.5 0.111111
7733.5 0
7734.5 1
7735.5 0
7736.5 0
7737.5 0
7738.5 -0.888889
7739.5 0
7740.5 0
7741.5 0
7742.5 0
7743.5 0
7744.5 0
7745.5 0
7746.5 0
7747.5 0
7748.5 0
7749.5 0
7750.5 -0.888889
7751.5 1
7752.5 0
7753.5 0
7754.5 0
7755.5 1
7756.5 0
7757.5 0
7758.5 0
7759.5 0
7760.5 0
7761.5 0
7762.5 0
7763.5 0
7764.5 -1.77778
7765.5 0
7766.5 0.111111
7767.5 1
7768.5 -1.77778
7769.5 1
7770.5 0.111111
7771.5 -0.777778
7772.5 -1.77778
7773.5 0.222222
7774.5 0.111111
7775.5 0
7776.5 -0.888889
7777.5 0
7778.5 1
7779.5 0
7780.5 0
7781.5 1
7782.5 0
7783.5 0
7784.5 1
7785.5 0
7786.5 -0.888889
7787.5 0
7788.5 0
7789.5 1
7790.5 0
7791.5 0
7792.5 0
7793.5 0
7794.5 1
7795.5 0
7796.5 0
7797.5 -2.66667
7798.5 0
7799.5 -0.888889
7800.5 0
7801.5 -0.888889
7802.5 0
7803.5 1
7804.5 0
7805.5 0
7806.5 -0.888889
7807.5 0
7808.5 0
7809.5 1
7810.5 -0.888889
7811.5 2
7812.5 0
7813.5 0.111111
7814.5 1
7815.5 0
7816.5 0
7817.5 0
7818.5 -0.888889
7819.5 0
7820.5 0
7821.5 0
7822.5 -0.888889
7823.5 0
7824.5 -0.888889
7825.5 0
7826.5 1
7827.5 1
7828.5 0
7829.5 -0.888889
7830.5 -0.888889
7831.5 0
7832.5 0
7833.5 1
7834.5 0
7835.5 0
7836.5 -0.888889
7837.5 0
7838.5 -0.888889
7839.5 -0.888889
7840.5 0
7841.5 0
7842.5 0
7843.5 -0.888889
7844.5 0
7845.5 0
7846.5 0
7847.5 0
7848.5 0
7849.5 0
7850.5 0
7851.5 0
7852.5 0
7853.5 0
7854.5 0
7855.5 0
7856.5 0
7857.5 -0.888889
7858.5 0
7859.5 0
7860.5 0
7861.5 0
7862.5 1
7863.5 0
7864.5 0
7865.5 0
7866.5 0
7867.5 0
7868.5 0
7869.5 0
7870.5 0
7871.5 0
7872.5 -0.888889
7873.5 1
7874.5 0
7875.5 -0.888889
7876.5 0
7877.5 0
7878.5 0
7879.5 0
7880.5 0
7881.5 0
7882.5 0
7883.5 0
7884.5 1
7885.5 0
7886.5 0
7887.5 0
7888.5 0
7889.5 0
7890.5 -1.77778
7891.5 0
7892.5 0
7893.5 0
7894.5 1
7895.5 0
7896.5 0
7897.5 0
7898.5 0
7899.5 0
7900.5 0
7901.5 0
7902.5 0
7903.5 0
7904.5 0
7905.5 -0.888889
7906.5 0
7907.5 1
7908.5 0
7909.5 -1.77778
7910.5 0
7911.5 1
7912.5 0
7913.5 2
7914.5 0
7915.5 0
7916.5 0
7917.5 0
7918.5 0
7919.5 0
7920.5 0
7921.5 -0.888889
7922.5 0
7923.5 0
7924.5 0
7925.5 0
7926.5 0
7927.5 0
7928.5 0
7929.5 0
7930.5 -0.888889
7931.5 0
7932.5 0
7933.5 0
7934.5 0
7935.5 0
7936.5 -0.888889
7937.5 -0.888889
7938.5 0
7939.5 0
7940.5 0
7941.5 0
7942.5 0
7943.5 0
7944.5 0
7945.5 -0.888889
7946.5 0
7947.5 0
7948.5 0
7949.5 -1.77778
7950.5 0
7951.5 0
7952.5 0
7953.5 0
7954.5 0
7955.5 -0.888889
7956.5 0
7957.5 0
7958.5 0
7959.5 -0.888889
7960.5 0
7961.5 0
7962.5 1
7963.5 0
7964.5 0
7965.5 1
7966.5 0
7967.5 0
7968.5 0
7969.5 0
7970.5 1
7971.5 0
7972.5 0
7973.5 0
7974.5 0
7975.5 0
7976.5 0
7977.5 0
7978.5 0
7979.5 1
7980.5 1
7981.5 0
7982.5 1
7983.5 1
7984.5 -0.888889
7985.5 0
7986.5 1.11111
7987.5 0
7988.5 -0.888889
7989.5 0
7990.5 0
7991.5 0
7992.5 0
7993.5 -0.888889
7994.5 0
7995.5 0
7996.5 0
7997.5 0
7998.5 1
7999.5 0
8000.5 0
8001.5 0
8002.5 0
8003.5 0
8004.5 -1.77778
8005.5 -0.777778
8006.5 1
8007.5 0
8008.5 0
8009.5 -0.888889
8010.5 0
8011.5 1
8012.5 0
8013.5 0
8014.5 -0.888889
8015.5 0
8016.5 0
8017.5 1
8018.5 -0.888889
8019.5 0
8020.5 0
8021.5 0
8022.5 0
8023.5 0
8024.5 0
8025.5 0
8026.5 0
8027.5 0
8028.5 0
8029.5 0
8030.5 1
8031.5 1
8032.5 0
8033.5 1
8034.5 0
8035.5 -0.888889
8036.5 0
8037.5 0
8038.5 0
8039.5 0
8040.5 0
8041.5 0
8042.5 0
8043.5 0
8044.5 0
8045.5 0
8046.5 0
8047.5 0
8048.5 0
8049.5 0
8050.5 0
8051.5 0
8052.5 0
8053.5 1
8054.5 0
8055.5 1
8056.5 0
8057.5 0
8058.5 0
8059.5 0
8060.5 0
8061.5 0
8062.5 -0.888889
8063.5 0.111111
8064.5 -0.888889
8065.5 0
8066.5 0
8067.5 0
8068.5 0
8069.5 0
8070.5 1
8071.5 0
8072.5 0
8073.5 0
8074.5 0
8075.5 0
8076.5 -0.888889
8077.5 -0.888889
8078.5 1
8079.5 -1.66667
8080.5 0
8081.5 1.11111
8082.5 0
8083.5 1
8084.5 0
8085.5 0
8086.5 0
8087.5 -0.888889
8088.5 0
8089.5 0
8090.5 -0.888889
8091.5 0
8092.5 -0.888889
8093.5 0
8094.5 0
8095.5 0
8096.5 0
8097.5 0
8098.5 0
8099.5 -0.888889
8100.5 0
8101.5 0
8102.5 0
8103.5 0
8104.5 0
8105.5 0
8106.5 0
8107.5 0
8108.5 0
8109.5 0
8110.5 0
8111.5 0
8112.5 -0.888889
8113.5 0.111111
8114.5 0
8115.5 0
8116.5 -0.888889
8117.5 1
8118.5 0
8119.5 -0.888889
8120.5 -0.888889
8121.5 -0.888889
8122.5 -0.888889
8123.5 0
8124.5 0
8125.5 0
8126.5 0
8127.5 0
8128.5 0
8129.5 0
8130.5 0
8131.5 0
8132.5 1
8133.5 -0.888889
8134.5 0
8135.5 0
8136.5 1
8137.5 0
8138.5 0
8139.5 0
8140.5 0
8141.5 0
8142.5 0
8143.5 0
8144.5 0
8145.5 0
8146.5 2
8147.5 0
8148.5 0
8149.5 -0.888889
8150.5 0
8151.5 0
8152.5 0
8153.5 0
8154.5 0
8155.5 0
8156.5 0
8157.5 0
8158.5 1
8159.5 0.111111
8160.5 0
8161.5 0
8162.5 0
8163.5 0
8164.5 0
8165.5 0
8166.5 0
8167.5 0
8168.5 0
8169.5 0
8170.5 0
8171.5 0
8172.5 -0.888889
8173.5 -0.888889
8174.5 0
8175.5 2
8176.5 1
8177.5 0
8178.5 0
8179.5 0
8180.5 -0.888889
8181.5 0
8182.5 0
8183.5 0
8184.5 1
8185.5 1
8186.5 0
8187.5 -0.888889
8188.5 1
8189.5 1
8190.5 0
8191.5 1
8192.5 0
8193.5 0
8194.5 0
8195.5 0
8196.5 1
8197.5 0
8198.5 0
8199.5 0
8200.5 0
8201.5 0
8202.5 0
8203.5 1
8204.5 0
8205.5 0
8206.5 1
8207.5 0
8208.5 0
8209.5 0
8210.5 0
8211.5 0.111111
8212.5 0
8213.5 0
8214.5 1
8215.5 0
8216.5 0
8217.5 0
8218.5 0
8219.5 0
8220.5 0
8221.5 0
8222.5 0
8223.5 0
8224.5 0
8225.5 0
8226.5 0
8227.5 0
8228.5 -0.888889
8229.5 0
8230.5 0
8231.5 0
8232.5 0
8233.5 0
8234.5 0
8235.5 0
8236.5 0
8237.5 0
8238.5 0
8239.5 0
8240.5 0
8241.5 0
8242.5 -0.888889
8243.5 0
8244.5 -0.888889
8245.5 0
8246.5 0
8247.5 0
8248.5 0
8249.5 0
8250.5 0
8251.5 0
8252.5 0
8253.5 0
8254.5 0
8255.5 0
8256.5 0
8257.5 0
8258.5 0
8259.5 0
8260.5 1
8261.5 0
8262.5 0
8263.5 0
8264.5 0
8265.5 0
8266.5 0
8267.5 0
8268.5 -0.888889
8269.5 0
8270.5 0
8271.5 1
8272.5 -0.888889
8273.5 1
8274.5 0
8275.5 0
8276.5 0
8277.5 0
8278.5 1
8279.5 0
8280.5 0
8281.5 0
8282.5 0
8283.5 0
8284.5 0
8285.5 0
8286.5 0
8287.5 0
8288.5 0
8289.5 0
8290.5 0
8291.5 0
8292.5 0
8293.5 0
8294.5 0
8295.5 1
8296.5 1
8297.5 0
8298.5 0
8299.5 0
8300.5 0
8301.5 0
8302.5 0
8303.5 0
8304.5 0
8305.5 0
8306.5 0
8307.5 1
8308.5 0
8309.5 0
8310.5 0
8311.5 0
8312.5 0
8313.5 0
8314.5 0
8315.5 -0.888889
8316.5 0
8317.5 0
8318.5 0
8319.5 0
8320.5 0
8321.5 0
8322.5 0
8323.5 0
8324.5 0
8325.5 0
8326.5 0
8327.5 0
8328.5 1
8329.5 0
8330.5 0
8331.5 1
8332.5 0
8333.5 0
8334.5 1
8335.5 0
8336.5 -0.888889
8337.5 0
8338.5 0
8339.5 0
8340.5 0
8341.5 0
8342.5 -0.888889
8343.5 0
8344.5 0
8345.5 0
8346.5 0
8347.5 0
8348.5 0
8349.5 0
8350.5 0
8351.5 0
8352.5 0
8353.5 0
8354.5 0
8355.5 0
8356.5 0
8357.5 0
8358.5 0
8359.5 0
8360.5 0
8361.5 -0.888889
8362.5 0
8363.5 0
8364.5 0
8365.5 0
8366.5 0
8367.5 -0.888889
8368.5 0
8369.5 0
8370.5 0
8371.5 0
8372.5 0
8373.5 0
8374.5 0
8375.5 0
8376.5 -0.888889
8377.5 0
8378.5 0
8379.5 0
8380.5 0
8381.5 0
8382.5 0
8383.5 0
8384.5 0
8385.5 0
8386.5 0
8387.5 0
8388.5 0
8389.5 1
8390.5 0
8391.5 0
8392.5 0
8393.5 0
8394.5 -0.888889
8395.5 0
8396.5 0
8397.5 0
8398.5 0
8399.5 0
8400.5 0
8401.5 0
8402.5 0
8403.5 0
8404.5 0
8405.5 -0.888889
8406.5 0
8407.5 0
8408.5 -0.888889
8409.5 0
8410.5 0
8411.5 0
8412.5 1
8413.5 0
8414.5 0
8415.5 0
8416.5 0
8417.5 0
8418.5 0
8419.5 0
8420.5 -0.888889
8421.5 -0.888889
8422.5 0
8423.5 0
8424.5 1
8425.5 0
8426.5 0
8427.5 0
8428.5 0
8429.5 0
8430.5 0
8431.5 -0.888889
8432.5 0
8433.5 0
8434.5 1
8435.5 0
8436.5 0
8437.5 0
8438.5 0
8439.5 0
8440.5 0
8441.5 0
8442.5 1
8443.5 0
8444.5 0
8445.5 0
8446.5 0
8447.5 0
8448.5 0
8449.5 0
8450.5 0
8451.5 0
8452.5 0
8453.5 0
8454.5 0
8455.5 0
8456.5 0
8457.5 0
8458.5 1
8459.5 0
8460.5 0
8461.5 0
8462.5 0
8463.5 0
8464.5 0
8465.5 0
8466.5 0
8467.5 0
8468.5 0
8469.5 0
8470.5 1
8471.5 0
8472.5 1
8473.5 0
8474.5 0
8475.5 -0.888889
8476.5 0
8477.5 0
8478.5 0
8479.5 0
8480.5 0
8481.5 0
8482.5 0
8483.5 0
8484.5 0
8485.5 0
8486.5 0
8487.5 0
8488.5 1
8489.5 0
8490.5 0
8491.5 0
8492.5 0
8493.5 0
8494.5 0
8495.5 0
8496.5 1
8497.5 1
8498.5 0
8499.5 0
8500.5 0
8501.5 0
8502.5 1
8503.5 0
8504.5 0
8505.5 0
8506.5 0
8507.5 -0.888889
8508.5 0
8509.5 1
8510.5 -0.888889
8511.5 0
8512.5 0
8513.5 0
8514.5 0
8515.5 0
8516.5 0
8517.5 0
8518.5 0
8519.5 0
8520.5 0.111111
8521.5 0
8522.5 0
8523.5 1
8524.5 0
8525.5 0
8526.5 0
8527.5 0
8528.5 0
8529.5 0
8530.5 0
8531.5 0
8532.5 0
8533.5 0
8534.5 0
8535.5 2
8536.5 0
8537.5 0
8538.5 0
8539.5 0
8540.5 -0.888889
8541.5 0
8542.5 0
8543.5 0
8544.5 0
8545.5 0
8546.5 0
8547.5 0
8548.5 0
8549.5 0
8550.5 -0.888889
8551.5 -0.888889
8552.5 0
8553.5 0
8554.5 0
8555.5 -0.888889
8556.5 0
8557.5 0
8558.5 0
8559.5 0
8560.5 0
8561.5 0
8562.5 0
8563.5 0
8564.5 1
8565.5 0
8566.5 0
8567.5 0
8568.5 0
8569.5 0
8570.5 0
8571.5 0
8572.5 0
8573.5 0
8574.5 0
8575.5 0
8576.5 0
8577.5 1
8578.5 -0.888889
8579.5 0
8580.5 0
8581.5 0
8582.5 0
8583.5 0
8584.5 0
8585.5 0
8586.5 1
8587.5 0
8588.5 0
8589.5 0
8590.5 0
8591.5 0
8592.5 1
8593.5 0
8594.5 0
8595.5 0
8596.5 -0.888889
8597.5 0
8598.5 0
8599.5 0
8600.5 0
8601.5 0
8602.5 1
8603.5 0
8604.5 0
8605.5 0
8606.5 0
8607.5 0
8608.5 0
8609.5 0
8610.5 0
8611.5 0
8612.5 0
8613.5 0
8614.5 0
8615.5 0
8616.5 1
8617.5 -0.888889
8618.5 0
8619.5 0
8620.5 -0.888889
8621.5 0
8622.5 0
8623.5 0
8624.5 0
8625.5 0
8626.5 0
8627.5 0
8628.5 0
8629.5 0
8630.5 0
8631.5 0
8632.5 0
8633.5 1
8634.5 -0.888889
8635.5 0
8636.5 1
8637.5 0
8638.5 0
8639.5 0
8640.5 1
8641.5 0
8642.5 0
8643.5 0
8644.5 0
8645.5 -0.888889
8646.5 0
8647.5 0
8648.5 0
8649.5 0
8650.5 0
8651.5 1
8652.5 0
8653.5 0
8654.5 0
8655.5 0
8656.5 0
8657.5 0
8658.5 0
8659.5 0
8660.5 0
8661.5 0
8662.5 0
8663.5 0
8664.5 0
8665.5 1
8666.5 -0.888889
8667.5 0
8668.5 -0.888889
8669.5 0
8670.5 1
8671.5 1
8672.5 0
8673.5 0
8674.5 -0.888889
8675.5 0
8676.5 0
8677.5 0
8678.5 0
8679.5 0
8680.5 0
8681.5 0
8682.5 0
8683.5 0
8684.5 0
8685.5 0
8686.5 0
8687.5 0
8688.5 0
8689.5 0
8690.5 0
8691.5 0
8692.5 0
8693.5 0
8694.5 0
8695.5 0
8696.5 0
8697.5 0
8698.5 1
8699.5 0
8700.5 0
8701.5 0
8702.5 -0.888889
8703.5 0
8704.5 0
8705.5 0
8706.5 2
8707.5 0
8708.5 0
8709.5 0
8710.5 0
8711.5 0.111111
8712.5 0
8713.5 0
8714.5 -0.888889
8715.5 0
8716.5 0
8717.5 0
8718.5 0
8719.5 1
8720.5 0
8721.5 0
8722.5 0
8723.5 0
8724.5 0
8725.5 0
8726.5 0
8727.5 0
8728.5 -0.888889
8729.5 -0.888889
8730.5 0
8731.5 0
8732.5 0
8733.5 0
8734.5 0
8735.5 1
8736.5 0
8737.5 2
8738.5 0
8739.5 0
8740.5 0
8741.5 0
8742.5 0
8743.5 0
8744.5 0
8745.5 0
8746.5 -0.888889
8747.5 0
8748.5 0
8749.5 0
8750.5 0
8751.5 0
8752.5 1
8753.5 0
8754.5 0
8755.5 1
8756.5 0
8757.5 0
8758.5 0
8759.5 0
8760.5 0
8761.5 0
8762.5 0
8763.5 0
8764.5 0
8765.5 0
8766.5 0
8767.5 0
8768.5 1
8769.5 0
8770.5 0
8771.5 0
8772.5 0
8773.5 0
8774.5 0
8775.5 0
8776.5 0
8777.5 0
8778.5 0
8779.5 0
8780.5 0
8781.5 1
8782.5 0
8783.5 -0.888889
8784.5 0
8785.5 0
8786.5 0
8787.5 0
8788.5 0
8789.5 0
8790.5 0
8791.5 0
8792.5 0
8793.5 0
8794.5 0
8795.5 0
8796.5 0
8797.5 0
8798.5 0
8799.5 -0.888889
8800.5 -0.888889
8801.5 0
8802.5 0
8803.5 0
8804.5 0
8805.5 0
8806.5 0
8807.5 0
8808.5 0
8809.5 0
8810.5 -0.888889
8811.5 1
8812.5 1
8813.5 0
8814.5 0
8815.5 0
8816.5 -0.888889
8817.5 0
8818.5 0
8819.5 0
8820.5 0
8821.5 0
8822.5 0
8823.5 0
8824.5 0
8825.5 0
8826.5 0
8827.5 0
8828.5 0
8829.5 0
8830.5 0
8831.5 0
8832.5 -0.888889
8833.5 0
8834.5 0
8835.5 0
8836.5 0
8837.5 0
8838.5 0
8839.5 0
8840.5 0
8841.5 0
8842.5 0
8843.5 0
8844.5 0
8845.5 -0.888889
8846.5 0
8847.5 0
8848.5 -0.888889
8849.5 0
8850.5 0
8851.5 -0.888889
8852.5 0
8853.5 0
8854.5 -0.888889
8855.5 0
8856.5 0
8857.5 0
8858.5 0
8859.5 0
8860.5 0
8861.5 0
8862.5 0
8863.5 0
8864.5 0
8865.5 0
8866.5 0
8867.5 0
8868.5 0
8869.5 0
8870.5 0
8871.5 0
8872.5 0
8873.5 0
8874.5 -0.888889
8875.5 0
8876.5 0
8877.5 0
8878.5 0
8879.5 0
8880.5 0
8881.5 0
8882.5 0
8883.5 0
8884.5 0
8885.5 0
8886.5 0
8887.5 0
8888.5 0
8889.5 0
8890.5 1
8891.5 1
8892.5 0
8893.5 0
8894.5 0
8895.5 0
8896.5 0
8897.5 -0.888889
8898.5 0
8899.5 0
8900.5 0
8901.5 0
8902.5 -0.888889
8903.5 0
8904.5 0
8905.5 0
8906.5 0
8907.5 -0.888889
8908.5 0
8909.5 0
8910.5 0
8911.5 0
8912.5 0
8913.5 0
8914.5 0
8915.5 0
8916.5 0
8917.5 0
8918.5 0
8919.5 0
8920.5 0
8921.5 0
8922.5 0
8923.5 0
8924.5 0
8925.5 0
8926.5 0
8927.5 0
8928.5 0
8929.5 0
8930.5 0
8931.5 1
8932.5 0
8933.5 0
8934.5 0
8935.5 0
8936.5 0
8937.5 0
8938.5 0
8939.5 1
8940.5 0
8941.5 0
8942.5 0
8943.5 0
8944.5 -0.888889
8945.5 0
8946.5 0
8947.5 0
8948.5 0
8949.5 0
8950.5 0
8951.5 -0.888889
8952.5 0
8953.5 0
8954.5 0
8955.5 0
8956.5 0
8957.5 0
8958.5 0
8959.5 0
8960.5 0
8961.5 0
8962.5 0
8963.5 0
8964.5 0
8965.5 -0.888889
8966.5 1
8967.5 0
8968.5 -0.888889
8969.5 0
8970.5 -0.888889
8971.5 0
8972.5 0
8973.5 0
8974.5 0
8975.5 0
8976.5 0
8977.5 0
8978.5 1
8979.5 0
8980.5 0
8981.5 0
8982.5 0
8983.5 0
8984.5 0
8985.5 0
8986.5 0
8987.5 0
8988.5 0
8989.5 0
8990.5 0
8991.5 0
8992.5 0
8993.5 0
8994.5 0
8995.5 0
8996.5 0
8997.5 0
8998.5 0
8999.5 0
9000.5 0
9001.5 0
9002.5 0
9003.5 1
9004.5 0.111111
9005.5 0
9006.5 0
9007.5 0
9008.5 0
9009.5 0
9010.5 -0.888889
9011.5 0
9012.5 0
9013.5 0
9014.5 0
9015.5 0
9016.5 0
9017.5 0
9018.5 0
9019.5 1
9020.5 1
9021.5 0
9022.5 0
9023.5 0
9024.5 0
9025.5 -0.888889
9026.5 0
9027.5 0
9028.5 0
9029.5 0
9030.5 0
9031.5 0
9032.5 0
9033.5 0
9034.5 0
9035.5 1
9036.5 0
9037.5 0
9038.5 0
9039.5 0
9040.5 0
9041.5 0
9042.5 0
9043.5 0
9044.5 0
9045.5 0
9046.5 0
9047.5 0
9048.5 0
9049.5 0
9050.5 0
9051.5 0
9052.5 1
9053.5 0
9054.5 0
9055.5 0
9056.5 0
9057.5 0
9058.5 0
9059.5 0
9060.5 0
9061.5 0
9062.5 0
9063.5 0
9064.5 0
9065.5 0
9066.5 -0.888889
9067.5 0
9068.5 0
9069.5 0
9070.5 0
9071.5 1
9072.5 0
9073.5 0
9074.5 0
9075.5 0
9076.5 0
9077.5 0
9078.5 0
9079.5 0
9080.5 0
9081.5 0
9082.5 -0.888889
9083.5 0
9084.5 0
9085.5 0
9086.5 0
9087.5 0
9088.5 1
9089.5 0
9090.5 0
9091.5 0
9092.5 0
9093.5 0
9094.5 0
9095.5 0.111111
9096.5 0
9097.5 0
9098.5 0
9099.5 0
9100.5 0
9101.5 0
9102.5 -0.888889
9103.5 0
9104.5 0
9105.5 0
9106.5 0
9107.5 0
9108.5 0
9109.5 0
9110.5 0
9111.5 0
9112.5 0
9113.5 0
9114.5 0
9115.5 0
9116.5 1
9117.5 0.111111
9118.5 0
9119.5 0
9120.5 0
9121.5 1
9122.5 1
9123.5 0
9124.5 0
9125.5 0
9126.5 1
9127.5 0
9128.5 0
9129.5 1
9130.5 0
9131.5 0
9132.5 0
9133.5 0
9134.5 0
9135.5 0
9136.5 0
9137.5 0
9138.5 0
9139.5 0
9140.5 1
9141.5 0
9142.5 0
9143.5 0
9144.5 0
9145.5 0
9146.5 0
9147.5 0
9148.5 0
9149.5 0
9150.5 0
9151.5 0
9152.5 0
9153.5 0
9154.5 0
9155.5 0
9156.5 0
9157.5 0
9158.5 0
9159.5 0
9160.5 0
9161.5 0
9162.5 0
9163.5 0
9164.5 0
9165.5 0
9166.5 0
9167.5 0
9168.5 0
9169.5 0
9170.5 0
9171.5 0
9172.5 0
9173.5 0
9174.5 0
9175.5 1
9176.5 0
9177.5 0
9178.5 0
9179.5 -0.888889
9180.5 1
9181.5 0
9182.5 0
9183.5 -0.888889
9184.5 0
9185.5 1
9186.5 0
9187.5 0
9188.5 0
9189.5 -0.888889
9190.5 0
9191.5 0
9192.5 0
9193.5 0
9194.5 1
9195.5 0
9196.5 0
9197.5 0
9198.5 0
9199.5 0
9200.5 0
9201.5 0
9202.5 0
9203.5 -0.888889
9204.5 0
9205.5 0
9206.5 0
9207.5 0
9208.5 0
9209.5 0
9210.5 0
9211.5 0
9212.5 0
9213.5 0
9214.5 0
9215.5 0
9216.5 0
9217.5 0
9218.5 1
9219.5 0
9220.5 0
9221.5 0
9222.5 0
9223.5 0
9224.5 0
9225.5 0
9226.5 0
9227.5 0
9228.5 0
9229.5 0
9230.5 0
9231.5 0
9232.5 0
9233.5 0
9234.5 0
9235.5 1
9236.5 0
9237.5 0
9238.5 0
9239.5 -0.888889
9240.5 0
9241.5 0
9242.5 0
9243.5 0
9244.5 0
9245.5 1
9246.5 0
9247.5 0
9248.5 0
9249.5 0
9250.5 0
9251.5 0
9252.5 0
9253.5 0
9254.5 0
9255.5 0
9256.5 0
9257.5 0
9258.5 0
9259.5 0
9260.5 0
9261.5 0
9262.5 0
9263.5 0
9264.5 0
9265.5 0
9266.5 0
9267.5 0
9268.5 0
9269.5 0
9270.5 0
9271.5 0
9272.5 0
9273.5 0
9274.5 0
9275.5 0
9276.5 0
9277.5 0
9278.5 0
9279.5 0
9280.5 0
9281.5 0
9282.5 0
9283.5 2
9284.5 0
9285.5 -0.888889
9286.5 0
9287.5 -0.888889
9288.5 1
9289.5 1
9290.5 -0.888889
9291.5 1
9292.5 0
9293.5 0
9294.5 0
9295.5 0
9296.5 0
9297.5 0
9298.5 0
9299.5 0
9300.5 0
9301.5 0
9302.5 0
9303.5 0
9304.5 1
9305.5 1
9306.5 0
9307.5 0
9308.5 0
9309.5 0
9310.5 0
9311.5 0
9312.5 0
9313.5 0
9314.5 0
9315.5 0
9316.5 0
9317.5 0
9318.5 0
9319.5 0
9320.5 0
9321.5 0
9322.5 0
9323.5 -0.888889
9324.5 0
9325.5 0
9326.5 0
9327.5 0
9328.5 0
9329.5 0
9330.5 0
9331.5 0
9332.5 0
9333.5 0
9334.5 0
9335.5 0
9336.5 0
9337.5 0
9338.5 0
9339.5 0
9340.5 0
9341.5 0
9342.5 0
9343.5 0
9344.5 -0.888889
9345.5 0
9346.5 0
9347.5 0
9348.5 1
9349.5 0
9350.5 0
9351.5 0
9352.5 0
9353.5 0
9354.5 0
9355.5 0
9356.5 0
9357.5 0
9358.5 0
9359.5 0
9360.5 0
9361.5 0
9362.5 0
9363.5 0
9364.5 0
9365.5 0
9366.5 0
9367.5 0
9368.5 0
9369.5 -0.888889
9370.5 0
9371.5 0
9372.5 0
9373.5 0
9374.5 0
9375.5 1
9376.5 0
9377.5 0
9378.5 0
9379.5 0
9380.5 0
9381.5 0
9382.5 0
9383.5 0
9384.5 0
9385.5 0
9386.5 0
9387.5 0
9388.5 0
9389.5 0
9390.5 0
9391.5 0
9392.5 0
9393.5 0
9394.5 0
9395.5 0
9396.5 0
9397.5 0
9398.5 0
9399.5 0
9400.5 0
9401.5 0
9402.5 0
9403.5 -0.888889
9404.5 0
9405.5 0
9406.5 0
9407.5 0
9408.5 0
9409.5 0
9410.5 0
9411.5 0
9412.5 0
9413.5 0
9414.5 0
9415.5 0
9416.5 0
9417.5 0
9418.5 0
9419.5 0
9420.5 0
9421.5 0
9422.5 -0.888889
9423.5 0
9424.5 0
9425.5 1
9426.5 0
9427.5 0
9428.5 0
9429.5 0
9430.5 0
9431.5 0
9432.5 0
9433.5 0
9434.5 0
9435.5 0
9436.5 0
9437.5 0
9438.5 0
9439.5 0
9440.5 0
9441.5 0
9442.5 0
9443.5 0
9444.5 0
9445.5 0
9446.5 0
9447.5 0
9448.5 0
9449.5 0
9450.5 0
9451.5 0
9452.5 0
9453.5 0
9454.5 0
9455.5 0
9456.5 0
9457.5 0
9458.5 0
9459.5 0
9460.5 0
9461.5 0
9462.5 0
9463.5 -0.888889
9464.5 0
9465.5 0
9466.5 0
9467.5 0
9468.5 0
9469.5 0
9470.5 0
9471.5 0
9472.5 -0.888889
9473.5 0
9474.5 0
9475.5 -0.888889
9476.5 0
9477.5 0
9478.5 0
9479.5 -0.888889
9480.5 0
9481.5 -0.888889
9482.5 1
9483.5 -0.888889
9484.5 0
9485.5 0
9486.5 0
9487.5 0
9488.5 0
9489.5 0
9490.5 0
9491.5 0
9492.5 -0.888889
9493.5 0
9494.5 -0.888889
9495.5 0
9496.5 0
9497.5 0
9498.5 0
9499.5 0
9500.5 0
9501.5 0
9502.5 0
9503.5 0
9504.5 0
9505.5 0
9506.5 -0.888889
9507.5 0
9508.5 0
9509.5 0
9510.5 0
9511.5 0
9512.5 0
9513.5 0
9514.5 0
9515.5 0
9516.5 0
9517.5 0
9518.5 0
9519.5 0
9520.5 1
9521.5 0
9522.5 0
9523.5 0
9524.5 0
9525.5 0
9526.5 0
9527.5 0
9528.5 0
9529.5 0
9530.5 0
9531.5 -0.888889
9532.5 0
9533.5 0
9534.5 0
9535.5 0
9536.5 0
9537.5 0
9538.5 0
9539.5 0
9540.5 0
9541.5 0
9542.5 0
9543.5 0
9544.5 0
9545.5 0
9546.5 0
9547.5 0
9548.5 -0.888889
9549.5 0
9550.5 0
9551.5 0
9552.5 1
9553.5 0
9554.5 0
9555.5 -0.888889
9556.5 0
9557.5 0
9558.5 0
9559.5 0
9560.5 0
9561.5 0
9562.5 0
9563.5 0
9564.5 0
9565.5 0
9566.5 0
9567.5 0
9568.5 0
9569.5 0
9570.5 0
9571.5 0
9572.5 0
9573.5 0
9574.5 0
9575.5 1
9576.5 0
9577.5 0
9578.5 0
9579.5 0
9580.5 0
9581.5 0
9582.5 0
9583.5 0
9584.5 0
9585.5 1
9586.5 0
9587.5 0
9588.5 0
9589.5 0
9590.5 0
9591.5 0
9592.5 1
9593.5 0
9594.5 1
9595.5 0
9596.5 0
9597.5 0
9598.5 0
9599.5 0
9600.5 0
9601.5 0
9602.5 0
9603.5 0
9604.5 0
9605.5 0
9606.5 1
9607.5 -0.888889
9608.5 0
9609.5 0
9610.5 0
9611.5 0
9612.5 0
9613.5 0
9614.5 0
9615.5 0
9616.5 0
9617.5 0
9618.5 -1.77778
9619.5 0
9620.5 0
9621.5 0
9622.5 0
9623.5 0
9624.5 0
9625.5 0
9626.5 0
9627.5 0
9628.5 0
9629.5 0
9630.5 0
9631.5 0
9632.5 0
9633.5 0
9634.5 0
9635.5 0
9636.5 0
9637.5 0
9638.5 0
9639.5 0
9640.5 0
9641.5 0
9642.5 -0.888889
9643.5 0
9644.5 0
9645.5 0
9646.5 0
9647.5 1
9648.5 0
9649.5 0
9650.5 0.111111
9651.5 0
9652.5 0
9653.5 0
9654.5 0
9655.5 0
9656.5 0
9657.5 0
9658.5 0
9659.5 0
9660.5 0
9661.5 0
9662.5 0
9663.5 0
9664.5 0
9665.5 -0.888889
9666.5 0
9667.5 0
9668.5 0
9669.5 0
9670.5 -0.888889
9671.5 -0.888889
9672.5 0
9673.5 0
9674.5 0
9675.5 0
9676.5 0
9677.5 0
9678.5 0
9679.5 0
9680.5 0
9681.5 0
9682.5 0
9683.5 0
9684.5 0
9685.5 0
9686.5 0
9687.5 0
9688.5 0
9689.5 0
9690.5 -0.888889
9691.5 0
9692.5 0
9693.5 0
9694.5 0
9695.5 1
9696.5 0
9697.5 0
9698.5 0
9699.5 0
9700.5 0.111111
9701.5 0
9702.5 0
9703.5 0
9704.5 0
9705.5 -0.888889
9706.5 0
9707.5 0
9708.5 0
9709.5 0
9710.5 0
9711.5 0
9712.5 1
9713.5 0
9714.5 0
9715.5 0
9716.5 0
9717.5 0
9718.5 0
9719.5 0
9720.5 0
9721.5 0
9722.5 0
9723.5 0
9724.5 0
9725.5 0
9726.5 0
9727.5 0
9728.5 0
9729.5 0
9730.5 0
9731.5 0
9732.5 0
9733.5 0
9734.5 0
9735.5 0
9736.5 1
9737.5 0
9738.5 0
9739.5 0
9740.5 0
9741.5 0
9742.5 0
9743.5 0
9744.5 0
9745.5 0
9746.5 0
9747.5 0
9748.5 0
9749.5 0
9750.5 0
9751.5 0
9752.5 0
9753.5 0
9754.5 0
9755.5 0
9756.5 0
9757.5 0
9758.5 0
9759.5 0
9760.5 1
9761.5 0
9762.5 0
9763.5 0
9764.5 0
9765.5 0
9766.5 0
9767.5 0
9768.5 0
9769.5 0
9770.5 0
9771.5 0
9772.5 0
9773.5 0
9774.5 0
9775.5 0
9776.5 0
9777.5 0
9778.5 0
9779.5 0
9780.5 0
9781.5 0
9782.5 0
9783.5 0
9784.5 0
9785.5 0
9786.5 0
9787.5 0
9788.5 0
9789.5 0
9790.5 0
9791.5 0
9792.5 0
9793.5 0
9794.5 0
9795.5 0
9796.5 0
9797.5 0
9798.5 0
9799.5 0
9800.5 0
9801.5 0
9802.5 -0.888889
9803.5 0
9804.5 0
9805.5 0
9806.5 0
9807.5 0
9808.5 0
9809.5 0
9810.5 1
9811.5 0
9812.5 0
9813.5 1
9814.5 0
9815.5 0
9816.5 0
9817.5 0
9818.5 0
9819.5 0
9820.5 -0.888889
9821.5 0
9822.5 0
9823.5 0
9824.5 0
9825.5 0
9826.5 0
9827.5 0
9828.5 0
9829.5 0
9830.5 0
9831.5 0
9832.5 0
9833.5 0
9834.5 0
9835.5 0
9836.5 0
9837.5 0
9838.5 0
9839.5 0
9840.5 0
9841.5 0
9842.5 -0.888889
9843.5 0
9844.5 0
9845.5 0
9846.5 0
9847.5 0
9848.5 0
9849.5 0
9850.5 0
9851.5 0
9852.5 0
9853.5 0
9854.5 0
9855.5 0
9856.5 0
9857.5 0
9858.5 0
9859.5 0
9860.5 0
9861.5 0
9862.5 0
9863.5 0
9864.5 0
9865.5 0
9866.5 0
9867.5 0
9868.5 0
9869.5 0
9870.5 0
9871.5 0
9872.5 0
9873.5 0
9874.5 0
9875.5 0
9876.5 0
9877.5 0
9878.5 0
9879.5 0
9880.5 0
9881.5 0
9882.5 0
9883.5 0
9884.5 0
9885.5 0
9886.5 0
9887.5 0
9888.5 0
9889.5 0
9890.5 0
9891.5 0
9892.5 0
9893.5 0
9894.5 0
9895.5 0
9896.5 0
9897.5 0
9898.5 0
9899.5 0
9900.5 0
9901.5 0
9902.5 0
9903.5 0
9904.5 0
9905.5 0
9906.5 0
9907.5 0
9908.5 0
9909.5 0
9910.5 0
9911.5 0
9912.5 0
9913.5 0
9914.5 0
9915.5 0
9916.5 0
9917.5 0
9918.5 0
9919.5 0
9920.5 0
9921.5 0
9922.5 0
9923.5 1
9924.5 0
9925.5 0
9926.5 0
9927.5 0
9928.5 0
9929.5 0
9930.5 0
9931.5 0
9932.5 0
9933.5 0
9934.5 0
9935.5 0
9936.5 0
9937.5 1
9938.5 0
9939.5 0
9940.5 0
9941.5 0
9942.5 0
9943.5 0
9944.5 0
9945.5 0
9946.5 0
9947.5 0
9948.5 0
9949.5 0
9950.5 0
9951.5 0
9952.5 0
9953.5 0
9954.5 0
9955.5 0
9956.5 0
9957.5 0
9958.5 0
9959.5 0
9960.5 0
9961.5 0
9962.5 0
9963.5 0
9964.5 0
9965.5 0
9966.5 0
9967.5 0
9968.5 -0.888889
9969.5 0
9970.5 0
9971.5 0
9972.5 0
9973.5 -0.888889
9974.5 0
9975.5 0
9976.5 0
9977.5 0
9978.5 0
9979.5 0
9980.5 0
9981.5 0
9982.5 0
9983.5 0
9984.5 0
9985.5 0
9986.5 0
9987.5 0
9988.5 0
9989.5 0
9990.5 0
9991.5 0
9992.5 0
9993.5 0
9994.5 0
9995.5 0
9996.5 0
9997.5 0
9998.5 0
9999.5 0
10000.5 0
10001.5 0
10002.5 0
10003.5 0
10004.5 0
10005.5 0
10006.5 0
10007.5 0
10008.5 0
10009.5 0
10010.5 0
10011.5 0
10012.5 0
10013.5 0
10014.5 0
10015.5 0
10016.5 0
10017.5 0
10018.5 0
10019.5 0
10020.5 0
10021.5 0
10022.5 0
10023.5 0
10024.5 0
10025.5 0
10026.5 0
10027.5 0
10028.5 0
10029.5 0
10030.5 0
10031.5 0
10032.5 0
10033.5 0
10034.5 0
10035.5 0
10036.5 0
10037.5 0
10038.5 0
10039.5 0
10040.5 0
10041.5 0
10042.5 0
10043.5 0
10044.5 0
10045.5 0
10046.5 0
10047.5 0
10048.5 0
10049.5 0
10050.5 0
10051.5 0
10052.5 0
10053.5 0
10054.5 0
10055.5 0
10056.5 0
10057.5 0
10058.5 1
10059.5 0
10060.5 0
10061.5 0
10062.5 0
10063.5 0
10064.5 0
10065.5 0
10066.5 0
10067.5 0
10068.5 0
10069.5 0
10070.5 0
10071.5 0
10072.5 0
10073.5 0
10074.5 0
10075.5 0
10076.5 0
10077.5 0
10078.5 0
10079.5 0
10080.5 0
10081.5 0
10082.5 0
10083.5 0
10084.5 0
10085.5 0
10086.5 0
10087.5 0
10088.5 0
10089.5 0
10090.5 0
10091.5 0
10092.5 0
10093.5 0
10094.5 0
10095.5 0
10096.5 0
10097.5 0
10098.5 -0.888889
10099.5 0
10100.5 0
10101.5 0
10102.5 0
10103.5 0
10104.5 0
10105.5 0
10106.5 0
10107.5 0
10108.5 0
10109.5 0
10110.5 0
10111.5 0
10112.5 0
10113.5 0
10114.5 0
10115.5 0
10116.5 0
10117.5 0
10118.5 0
10119.5 0
10120.5 0
10121.5 0
10122.5 0
10123.5 0
10124.5 1
10125.5 0
10126.5 0
10127.5 0
10128.5 0
10129.5 0
10130.5 0
10131.5 0
10132.5 0
10133.5 0
10134.5 0
10135.5 0
10136.5 0
10137.5 0
10138.5 0
10139.5 0
10140.5 0
10141.5 0
10142.5 0
10143.5 0
10144.5 0
10145.5 -0.888889
10146.5 0
10147.5 0
10148.5 0
10149.5 0
10150.5 1
10151.5 0
10152.5 0
10153.5 0
10154.5 0
10155.5 0
10156.5 0
10157.5 0
10158.5 0
10159.5 0
10160.5 0
10161.5 0
10162.5 0
10163.5 0
10164.5 0
10165.5 0
10166.5 0
10167.5 0
10168.5 0
10169.5 0
10170.5 0
10171.5 0
10172.5 0
10173.5 0
10174.5 0
10175.5 0
10176.5 0
10177.5 0
10178.5 0
10179.5 0
10180.5 0
10181.5 0
10182.5 0
10183.5 0
10184.5 0
10185.5 0
10186.5 0
10187.5 0
10188.5 0
10189.5 0
10190.5 0
10191.5 0
10192.5 0
10193.5 0
10194.5 0
10195.5 0
10196.5 0
10197.5 0
10198.5 0
10199.5 0
10200.5 0
10201.5 0
10202.5 0
10203.5 0
10204.5 0
10205.5 0
10206.5 0
10207.5 0
10208.5 0
10209.5 0
10210.5 0
10211.5 0
10212.5 0
10213.5 0
10214.5 0
10215.5 0
10216.5 0
10217.5 0
10218.5 0
10219.5 0
10220.5 0
10221.5 0
10222.5 0
10223.5 0
10224.5 0
10225.5 0
10226.5 0
10227.5 0
10228.5 0
10229.5 0
10230.5 0
10231.5 0
10232.5 0
10233.5 0
10234.5 0
10235.5 0
10236.5 0
10237.5 0
10238.5 0
10239.5 0
10240.5 0
10241.5 0
10242.5 0
10243.5 0
10244.5 0
10245.5 0
10246.5 0
10247.5 0
10248.5 0
10249.5 0
10250.5 0
10251.5 0
10252.5 0
10253.5 0
10254.5 0
10255.5 0
10256.5 0
10257.5 0
10258.5 0
10259.5 0
10260.5 0
10261.5 0
10262.5 0
10263.5 0
10264.5 0
10265.5 0
10266.5 0
10267.5 0
10268.5 0
10269.5 0
10270.5 0
10271.5 0
10272.5 0
10273.5 0
10274.5 0
10275.5 0
10276.5 0
10277.5 0
10278.5 0
10279.5 0
10280.5 0
10281.5 0
10282.5 0
10283.5 0
10284.5 0
10285.5 0
10286.5 0
10287.5 0
10288.5 0
10289.5 0
10290.5 0
10291.5 0
10292.5 0
10293.5 0
10294.5 0
10295.5 0
10296.5 0
10297.5 0
10298.5 0
10299.5 0
10300.5 0
10301.5 0
10302.5 0
10303.5 0
10304.5 0
10305.5 0
10306.5 0
10307.5 0
10308.5 0
10309.5 0
10310.5 0
10311.5 0
10312.5 0
10313.5 0
10314.5 0
10315.5 0
10316.5 0
10317.5 0
10318.5 0
10319.5 0
10320.5 0
10321.5 0
10322.5 0
10323.5 0
10324.5 0
10325.5 0
10326.5 0
10327.5 0
10328.5 0
10329.5 0
10330.5 0
10331.5 0
10332.5 0
10333.5 0
10334.5 0
10335.5 0
10336.5 0
10337.5 0
10338.5 0
10339.5 0
10340.5 0
10341.5 0
10342.5 0
10343.5 0
10344.5 0
10345.5 0
10346.5 0
10347.5 0
10348.5 0
10349.5 0
10350.5 0
10351.5 0
10352.5 0
10353.5 1
10354.5 0
10355.5 0
10356.5 0
10357.5 0
10358.5 0
10359.5 0
10360.5 0
10361.5 0
10362.5 0
10363.5 0
10364.5 0
10365.5 -0.888889
10366.5 0
10367.5 0
10368.5 0
10369.5 0
10370.5 0
10371.5 0
10372.5 0
10373.5 0
10374.5 0
10375.5 0
10376.5 0.111111
10377.5 0
10378.5 0
10379.5 0
10380.5 0
10381.5 0
10382.5 0
10383.5 0
10384.5 0
10385.5 0
10386.5 0
10387.5 0
10388.5 0
10389.5 0
10390.5 0
10391.5 0
10392.5 0
10393.5 0
10394.5 0
10395.5 0
10396.5 1
10397.5 0
10398.5 0
10399.5 0
10400.5 0
10401.5 0
10402.5 0
10403.5 0
10404.5 0
10405.5 0
10406.5 0
10407.5 0
10408.5 0
10409.5 0
10410.5 0
10411.5 0
10412.5 0
10413.5 0
10414.5 0
10415.5 0
10416.5 0
10417.5 0
10418.5 0
10419.5 0
10420.5 0
10421.5 0
10422.5 0
10423.5 0
10424.5 0
10425.5 0
10426.5 0
10427.5 0
10428.5 0
10429.5 0
10430.5 0
10431.5 0
10432.5 0
10433.5 0
10434.5 0
10435.5 0
10436.5 0
10437.5 0
10438.5 0
10439.5 0
10440.5 0
10441.5 0
10442.5 0
10443.5 0
10444.5 0
10445.5 0
10446.5 0
10447.5 0
10448.5 0
10449.5 0
10450.5 0
10451.5 0
10452.5 0
10453.5 0
10454.5 0
10455.5 0
10456.5 0
10457.5 0
10458.5 0
10459.5 0
10460.5 0
10461.5 0
10462.5 0
10463.5 0
10464.5 0
10465.5 0
10466.5 0
10467.5 0
10468.5 0
10469.5 0
10470.5 0
10471.5 0
10472.5 0
10473.5 0
10474.5 0
10475.5 0
10476.5 0
10477.5 0
10478.5 0
10479.5 0
10480.5 0
10481.5 0
10482.5 0
10483.5 0
10484.5 0
10485.5 0
10486.5 0
10487.5 0
10488.5 0
10489.5 0
10490.5 0
10491.5 1
10492.5 0
10493.5 0
10494.5 0
10495.5 0
10496.5 0
10497.5 0
10498.5 0
10499.5 0
10500.5 0
10501.5 0
10502.5 0
10503.5 0
10504.5 0
10505.5 0
10506.5 0
10507.5 0
10508.5 0
10509.5 0
10510.5 0
10511.5 0
10512.5 0
10513.5 0
10514.5 0
10515.5 0
10516.5 0
10517.5 0
10518.5 0
10519.5 0
10520.5 0
10521.5 0
10522.5 0
10523.5 0
10524.5 0
10525.5 0
10526.5 0
10527.5 0
10528.5 0
10529.5 0
10530.5 0
10531.5 0
10532.5 0
10533.5 0
10534.5 0
10535.5 0
10536.5 0
10537.5 0
10538.5 0
10539.5 0
10540.5 0
10541.5 0
10542.5 0
10543.5 0
10544.5 0
10545.5 0
10546.5 0
10547.5 0
10548.5 0
10549.5 0
10550.5 0
10551.5 0
10552.5 0
10553.5 0
10554.5 0
10555.5 0
10556.5 0
10557.5 0
10558.5 0
10559.5 0
10560.5 0
10561.5 0
10562.5 0
10563.5 0
10564.5 0
10565.5 0
10566.5 0
10567.5 0
10568.5 0
10569.5 0
10570.5 0
10571.5 0
10572.5 0
10573.5 0
10574.5 0
10575.5 0
10576.5 0
10577.5 0
10578.5 0
10579.5 0
10580.5 0
10581.5 0
10582.5 -0.888889
10583.5 0
10584.5 0
10585.5 0
10586.5 0
10587.5 0
10588.5 0
10589.5 0
10590.5 0
10591.5 0
10592.5 0
10593.5 0
10594.5 0
10595.5 0
10596.5 0
10597.5 0
10598.5 -0.888889
10599.5 0
10600.5 0
10601.5 0
10602.5 0
10603.5 0
10604.5 0
10605.5 0
10606.5 0
10607.5 0
10608.5 0
10609.5 0
10610.5 0
10611.5 0
10612.5 0
10613.5 0
10614.5 0
10615.5 0
10616.5 0
10617.5 0
10618.5 0
10619.5 0
10620.5 0
10621.5 0
10622.5 0
10623.5 0
10624.5 0
10625.5 0
10626.5 0
10627.5 0
10628.5 0
10629.5 0
10630.5 0
10631.5 0
10632.5 0
10633.5 0
10634.5 0
10635.5 0
10636.5 0
10637.5 0
10638.5 0
10639.5 0
10640.5 0
10641.5 1
10642.5 0
10643.5 0
10644.5 0
10645.5 0
10646.5 0
10647.5 0
10648.5 0
10649.5 0
10650.5 0
10651.5 0
10652.5 0
10653.5 0
10654.5 0
10655.5 0
10656.5 0
10657.5 0
10658.5 0
10659.5 0
10660.5 0
10661.5 0
10662.5 0
10663.5 0
10664.5 0
10665.5 0
10666.5 0
10667.5 0
10668.5 0
10669.5 0
10670.5 0
10671.5 0
10672.5 0
10673.5 0
10674.5 0
10675.5 0
10676.5 0
10677.5 0
10678.5 0
10679.5 0
10680.5 0
10681.5 0
10682.5 0
10683.5 0
10684.5 0
10685.5 0
10686.5 0
10687.5 0
10688.5 0
10689.5 0
10690.5 0
10691.5 0
10692.5 0
10693.5 0
10694.5 0
10695.5 0
10696.5 0
10697.5 0
10698.5 0
10699.5 0
10700.5 0
10701.5 0
10702.5 0
10703.5 0
10704.5 0
10705.5 0
10706.5 0
10707.5 0
10708.5 0
10709.5 0
10710.5 0
10711.5 0
10712.5 0
10713.5 0
10714.5 0
10715.5 -0.888889
10716.5 0
10717.5 0
10718.5 0
10719.5 0
10720.5 0
10721.5 0
10722.5 0
10723.5 0
10724.5 0
10725.5 0
10726.5 0
10727.5 0
10728.5 0
10729.5 0
10730.5 0
10731.5 0
10732.5 0
10733.5 0
10734.5 0
10735.5 0
10736.5 0
10737.5 0
10738.5 0
10739.5 0
10740.5 0
10741.5 0
10742.5 0
10743.5 0
10744.5 0
10745.5 0
10746.5 0
10747.5 0
10748.5 0
10749.5 0
10750.5 0
10751.5 0
10752.5 0
10753.5 0
10754.5 0
10755.5 0
10756.5 0
10757.5 0
10758.5 0
10759.5 0
10760.5 0
10761.5 0
10762.5 0
10763.5 0
10764.5 0
10765.5 0
10766.5 0
10767.5 0
10768.5 0
10769.5 0
10770.5 0
10771.5 0
10772.5 0
10773.5 0
10774.5 0
10775.5 0
10776.5 0
10777.5 0
10778.5 0
10779.5 0
10780.5 0
10781.5 0
10782.5 0
10783.5 0
10784.5 0
10785.5 0
10786.5 0
10787.5 0
10788.5 0
10789.5 0
10790.5 0
10791.5 1
10792.5 0
10793.5 0
10794.5 0
10795.5 0
10796.5 0
10797.5 0
10798.5 0
10799.5 0
10800.5 0
10801.5 0
10802.5 0
10803.5 0
10804.5 0
10805.5 0
10806.5 0
10807.5 0
10808.5 0
10809.5 0
10810.5 0
10811.5 0
10812.5 0
10813.5 0
10814.5 0
10815.5 0
10816.5 0
10817.5 0
10818.5 0
10819.5 0
10820.5 0
10821.5 0
10822.5 0
10823.5 0
10824.5 0
10825.5 0
10826.5 0
10827.5 0
10828.5 0
10829.5 0
10830.5 0
10831.5 0
10832.5 0
10833.5 0
10834.5 0
10835.5 0
10836.5 0
10837.5 0
10838.5 0
10839.5 0
10840.5 0
10841.5 0
10842.5 0
10843.5 0
10844.5 0
10845.5 0
10846.5 0
10847.5 0
10848.5 0
10849.5 0
10850.5 0
10851.5 0
10852.5 0
10853.5 0
10854.5 0
10855.5 0
10856.5 0
10857.5 1
10858.5 0
10859.5 0
10860.5 0
10861.5 0
10862.5 0
10863.5 0
10864.5 0
10865.5 0
10866.5 0
10867.5 0
10868.5 1
10869.5 0
10870.5 0
10871.5 0
10872.5 0
10873.5 0
10874.5 0
10875.5 0
10876.5 0
10877.5 0
10878.5 0
10879.5 0
10880.5 0
10881.5 0
10882.5 0
10883.5 0
10884.5 0
10885.5 0
10886.5 0
10887.5 0
10888.5 0
10889.5 0
10890.5 0
10891.5 0
10892.5 0
10893.5 0
10894.5 0
10895.5 0
10896.5 0
10897.5 0
10898.5 0
10899.5 0
10900.5 0
10901.5 0
10902.5 0
10903.5 0
10904.5 0
10905.5 0
10906.5 0
10907.5 0
10908.5 0
10909.5 0
10910.5 0
10911.5 0
10912.5 0
10913.5 0
10914.5 0
10915.5 0
10916.5 0
10917.5 0
10918.5 0
10919.5 0
10920.5 0
10921.5 0
10922.5 0
10923.5 0
10924.5 0
10925.5 0
10926.5 0
10927.5 0
10928.5 0
10929.5 0
10930.5 0
10931.5 0
10932.5 0
10933.5 0
10934.5 0
10935.5 0
10936.5 0
10937.5 0
10938.5 0
10939.5 0
10940.5 0
10941.5 0
10942.5 0
10943.5 0
10944.5 0
10945.5 0
10946.5 0
10947.5 0
10948.5 0
10949.5 0
10950.5 0
10951.5 0
10952.5 0
10953.5 0
10954.5 0
10955.5 0
10956.5 0
10957.5 0
10958.5 0
10959.5 0
10960.5 0
10961.5 0
10962.5 0
10963.5 0
10964.5 0
10965.5 0
10966.5 0
10967.5 0
10968.5 0
10969.5 0
10970.5 0
10971.5 0
10972.5 0
10973.5 0
10974.5 0
10975.5 0
10976.5 0
10977.5 0
10978.5 0
10979.5 0
10980.5 0
10981.5 -0.888889
10982.5 0
10983.5 0
10984.5 0
10985.5 0
10986.5 0
10987.5 0
10988.5 0
10989.5 0
10990.5 0
10991.5 0
10992.5 0
10993.5 0
10994.5 0
10995.5 0
10996.5 0
10997.5 0
10998.5 0
10999.5 0
11000.5 0
11001.5 0
11002.5 0
11003.5 0
11004.5 0
11005.5 0
11006.5 0
11007.5 0
11008.5 0
11009.5 0
11010.5 0
11011.5 0
11012.5 0
11013.5 0
11014.5 0
11015.5 0
11016.5 0
11017.5 0
11018.5 0
11019.5 0
11020.5 0
11021.5 0
11022.5 0
11023.5 0
11024.5 0
11025.5 0
11026.5 0
11027.5 0
11028.5 0
11029.5 0
11030.5 0
11031.5 0
11032.5 0
11033.5 0
11034.5 0
11035.5 0
11036.5 0
11037.5 0
11038.5 0
11039.5 0
11040.5 0
11041.5 0
11042.5 0
11043.5 0
11044.5 0
11045.5 0
11046.5 0
11047.5 0
11048.5 0
11049.5 0
11050.5 0
11051.5 0
11052.5 0
11053.5 0
11054.5 0
11055.5 0
11056.5 0
11057.5 0
11058.5 0
11059.5 0
11060.5 0
11061.5 0
11062.5 0
11063.5 0
11064.5 0
11065.5 0
11066.5 0
11067.5 0
11068.5 0
11069.5 -0.888889
11070.5 0
11071.5 0
11072.5 0
11073.5 0
11074.5 0
11075.5 0
11076.5 0
11077.5 0
11078.5 0
11079.5 0
11080.5 0
11081.5 0
11082.5 0
11083.5 0
11084.5 0
11085.5 0
11086.5 0
11087.5 0
11088.5 0
11089.5 0
11090.5 0
11091.5 0
11092.5 0
11093.5 0
11094.5 0
11095.5 0
11096.5 0
11097.5 0
11098.5 0
11099.5 0
11100.5 0
11101.5 0
11102.5 0
11103.5 0
11104.5 0
11105.5 0
11106.5 0
11107.5 0
11108.5 0
11109.5 0
11110.5 0
11111.5 0
11112.5 0
11113.5 0
11114.5 0
11115.5 0
11116.5 0
11117.5 0
11118.5 0
11119.5 0
11120.5 0
11121.5 0
11122.5 0
11123.5 0
11124.5 0
11125.5 0
11126.5 0
11127.5 0
11128.5 0
11129.5 0
11130.5 0
11131.5 0
11132.5 0
11133.5 0
11134.5 0
11135.5 0
11136.5 0
11137.5 0
11138.5 0
11139.5 0
11140.5 0
11141.5 0
11142.5 0
11143.5 0
11144.5 0
11145.5 0
11146.5 0
11147.5 0
11148.5 0
11149.5 0
11150.5 0
11151.5 0
11152.5 0
11153.5 0
11154.5 0
11155.5 0
11156.5 0
11157.5 0
11158.5 0
11159.5 0
11160.5 0
11161.5 0
11162.5 0
11163.5 0
11164.5 0
11165.5 0
11166.5 0
11167.5 0
11168.5 0
11169.5 0
11170.5 0
11171.5 0
11172.5 0
11173.5 0
11174.5 0
11175.5 0
11176.5 0
11177.5 0
11178.5 0
11179.5 0
11180.5 0
11181.5 0
11182.5 0
11183.5 0
11184.5 0
11185.5 0
11186.5 0
11187.5 0
11188.5 0
11189.5 0
11190.5 0
11191.5 0
11192.5 0
11193.5 0
11194.5 0
11195.5 0
11196.5 0
11197.5 0
11198.5 0
11199.5 0
11200.5 0
11201.5 0
11202.5 0
11203.5 0
11204.5 0
11205.5 0
11206.5 0
11207.5 0
11208.5 0
11209.5 0
11210.5 0
11211.5 0
11212.5 0
11213.5 0
11214.5 0
11215.5 0
11216.5 0
11217.5 0
11218.5 0
11219.5 0
11220.5 0
11221.5 0
11222.5 0
11223.5 0
11224.5 0
11225.5 0
11226.5 0
11227.5 0
11228.5 0
11229.5 0
11230.5 0
11231.5 0
11232.5 0
11233.5 0
11234.5 0
11235.5 0
11236.5 0
11237.5 0
11238.5 0
11239.5 0
11240.5 0
11241.5 0
11242.5 0
11243.5 0
11244.5 0
11245.5 0
11246.5 0
11247.5 0
11248.5 0
11249.5 0
11250.5 0
11251.5 0
11252.5 0
11253.5 0
11254.5 0
11255.5 0
11256.5 0
11257.5 0
11258.5 0
11259.5 0
11260.5 0
11261.5 0
11262.5 0
11263.5 0
11264.5 0
11265.5 0
11266.5 0
11267.5 0
11268.5 0
11269.5 0
11270.5 0
11271.5 0
11272.5 0
11273.5 0
11274.5 0
11275.5 0
11276.5 0
11277.5 0
11278.5 0
11279.5 0
11280.5 0
11281.5 0
11282.5 0
11283.5 0
11284.5 0
11285.5 0
11286.5 0
11287.5 0
11288.5 0
11289.5 0
11290.5 0
11291.5 0
11292.5 0
11293.5 0
11294.5 0
11295.5 0
11296.5 0
11297.5 0
11298.5 0
11299.5 0
11300.5 0
11301.5 0
11302.5 0
11303.5 0
11304.5 0
11305.5 0
11306.5 0
11307.5 0
11308.5 0
11309.5 0
11310.5 0
11311.5 0
11312.5 0
11313.5 0
11314.5 0
11315.5 0
11316.5 0
11317.5 0
11318.5 0
11319.5 0
11320.5 0
11321.5 0
11322.5 0
11323.5 0
11324.5 0
11325.5 0
11326.5 0
11327.5 0
11328.5 0
11329.5 0
11330.5 0
11331.5 0
11332.5 0
11333.5 0
11334.5 0
11335.5 0
11336.5 0
11337.5 0
11338.5 0
11339.5 0
11340.5 0
11341.5 0
11342.5 0
11343.5 0
11344.5 0
11345.5 0
11346.5 0
11347.5 0
11348.5 0
11349.5 0
11350.5 0
11351.5 0
11352.5 0
11353.5 0
11354.5 0
11355.5 0
11356.5 0
11357.5 0
11358.5 0
11359.5 0
11360.5 0
11361.5 0
11362.5 0
11363.5 0
11364.5 0
11365.5 0
11366.5 0
11367.5 0
11368.5 0
11369.5 0
11370.5 0
11371.5 -0.888889
11372.5 0
11373.5 0
11374.5 0
11375.5 0
11376.5 0
11377.5 0
11378.5 0
11379.5 0
11380.5 0
11381.5 0
11382.5 0
11383.5 0
11384.5 0
11385.5 0
11386.5 0
11387.5 0
11388.5 0
11389.5 0
11390.5 0
11391.5 0
11392.5 0
11393.5 0
11394.5 0
11395.5 0
11396.5 0
11397.5 0
11398.5 0
11399.5 0
11400.5 0
11401.5 0
11402.5 0
11403.5 0
11404.5 0
11405.5 0
11406.5 0
11407.5 0
11408.5 0
11409.5 0
11410.5 0
11411.5 0
11412.5 0
11413.5 0
11414.5 0
11415.5 0
11416.5 0
11417.5 0
11418.5 0
11419.5 0
11420.5 0
11421.5 0
11422.5 0
11423.5 0
11424.5 0
11425.5 0
11426.5 0
11427.5 0
11428.5 0
11429.5 0
11430.5 0
11431.5 0
11432.5 0
11433.5 0
11434.5 0
11435.5 0
11436.5 0
11437.5 0
11438.5 0
11439.5 0
11440.5 0
11441.5 0
11442.5 0
11443.5 0
11444.5 0
11445.5 0
11446.5 0
11447.5 0
11448.5 0
11449.5 0
11450.5 0
11451.5 0
11452.5 0
11453.5 0
11454.5 0
11455.5 0
11456.5 0
11457.5 0
11458.5 0
11459.5 0
11460.5 0
11461.5 0
11462.5 0
11463.5 0
11464.5 0
11465.5 0
11466.5 0
11467.5 0
11468.5 0
11469.5 0
11470.5 0
11471.5 0
11472.5 0
11473.5 0
11474.5 0
11475.5 0
11476.5 0
11477.5 0
11478.5 0
11479.5 0
11480.5 0
11481.5 0
11482.5 0
11483.5 0
11484.5 0
11485.5 0
11486.5 0
11487.5 0
11488.5 0
11489.5 0
11490.5 0
11491.5 0
11492.5 0
11493.5 0
11494.5 0
11495.5 0
11496.5 0
11497.5 0
11498.5 0
11499.5 0
11500.5 0
11501.5 0
11502.5 0
11503.5 0
11504.5 0
11505.5 0
11506.5 0
11507.5 0
11508.5 0
11509.5 0
11510.5 0
11511.5 0
11512.5 0
11513.5 0
11514.5 0
11515.5 0
11516.5 0
11517.5 0
11518.5 0
11519.5 0
11520.5 0
11521.5 0
11522.5 0
11523.5 0
11524.5 0
11525.5 0
11526.5 0
11527.5 0
11528.5 0
11529.5 0
11530.5 0
11531.5 0
11532.5 0
11533.5 0
11534.5 0
11535.5 0
11536.5 0
11537.5 0
11538.5 0
11539.5 0
11540.5 0
11541.5 0
11542.5 0
11543.5 0
11544.5 0
11545.5 0
11546.5 0
11547.5 0
11548.5 0
11549.5 0
11550.5 0
11551.5 0
11552.5 0
11553.5 0
11554.5 0
11555.5 0
11556.5 0
11557.5 0
11558.5 0
11559.5 0
11560.5 0
11561.5 0
11562.5 0
11563.5 0
11564.5 0
11565.5 0
11566.5 0
11567.5 0
11568.5 0
11569.5 0
11570.5 0
11571.5 0
11572.5 0
11573.5 0
11574.5 0
11575.5 0
11576.5 0
11577.5 0
11578.5 0
11579.5 0
11580.5 0
11581.5 0
11582.5 0
11583.5 0
11584.5 0
11585.5 0
11586.5 0
11587.5 0
11588.5 0
11589.5 0
11590.5 0
11591.5 0
11592.5 0
11593.5 0
11594.5 0
11595.5 0
11596.5 0
11597.5 0
11598.5 0
11599.5 0
11600.5 0
11601.5 0
11602.5 0
11603.5 0
11604.5 0
11605.5 0
11606.5 0
11607.5 0
11608.5 0
11609.5 0
11610.5 0
11611.5 0
11612.5 0
11613.5 0
11614.5 0
11615.5 0
11616.5 0
11617.5 0
11618.5 0
11619.5 0
11620.5 0
11621.5 0
11622.5 0
11623.5 0
11624.5 0
11625.5 0
11626.5 0
11627.5 0
11628.5 0
11629.5 0
11630.5 0
11631.5 0
11632.5 0
11633.5 0
11634.5 0
11635.5 0
11636.5 0
11637.5 0
11638.5 0
11639.5 0
11640.5 0
11641.5 0
11642.5 0
11643.5 0
11644.5 0
11645.5 0
11646.5 0
11647.5 0
11648.5 0
11649.5 0
11650.5 0
11651.5 0
11652.5 0
11653.5 0
11654.5 0
11655.5 0
11656.5 0
11657.5 0
11658.5 0
11659.5 0
11660.5 0
11661.5 0
11662.5 0
11663.5 0
11664.5 0
11665.5 0
11666.5 0
11667.5 0
11668.5 0
11669.5 0
11670.5 0
11671.5 0
11672.5 0
11673.5 0
11674.5 0
11675.5 0
11676.5 0
11677.5 0
11678.5 0
11679.5 0
11680.5 0
11681.5 0
11682.5 -0.888889
11683.5 0
11684.5 0
11685.5 0
11686.5 0
11687.5 0
11688.5 0
11689.5 0
11690.5 0
11691.5 0
11692.5 0
11693.5 0
11694.5 0
11695.5 0
11696.5 0
11697.5 0
11698.5 0
11699.5 0
11700.5 0
11701.5 0
11702.5 0
11703.5 0
11704.5 0
11705.5 0
11706.5 0
11707.5 0
11708.5 0
11709.5 0
11710.5 0
11711.5 0
11712.5 0
11713.5 0
11714.5 0
11715.5 0
11716.5 0
11717.5 0
11718.5 0
11719.5 0
11720.5 0
11721.5 0
11722.5 0
11723.5 0
11724.5 0
11725.5 0
11726.5 0
11727.5 0
11728.5 0
11729.5 0
11730.5 0
11731.5 0
11732.5 0
11733.5 0
11734.5 0
11735.5 0
11736.5 0
11737.5 0
11738.5 0
11739.5 0
11740.5 0
11741.5 0
11742.5 0
11743.5 0
11744.5 0
11745.5 0
11746.5 0
11747.5 0
11748.5 0
11749.5 0
11750.5 0
11751.5 0
11752.5 0
11753.5 0
11754.5 0
11755.5 0
11756.5 0
11757.5 0
11758.5 0
11759.5 0
11760.5 0
11761.5 0
11762.5 0
11763.5 0
11764.5 0
11765.5 0
11766.5 0
11767.5 0
11768.5 0
11769.5 0
11770.5 0
11771.5 0
11772.5 0
11773.5 0
11774.5 0
11775.5 0
11776.5 0
11777.5 0
11778.5 0
11779.5 0
11780.5 0
11781.5 0
11782.5 0
11783.5 0
11784.5 0
11785.5 0
11786.5 0
11787.5 0
11788.5 0
11789.5 0
11790.5 0
11791.5 0
11792.5 0
11793.5 0
11794.5 0
11795.5 0
11796.5 0
11797.5 0
11798.5 0
11799.5 0
11800.5 0
11801.5 0
11802.5 0
11803.5 0
11804.5 0
11805.5 0
11806.5 0
11807.5 0
11808.5 0
11809.5 0
11810.5 0
11811.5 0
11812.5 0
11813.5 0
11814.5 0
11815.5 0
11816.5 0
11817.5 0
11818.5 0
11819.5 0
11820.5 0
11821.5 0
11822.5 0
11823.5 0
11824.5 0
11825.5 0
11826.5 0
11827.5 0
11828.5 0
11829.5 0
11830.5 0
11831.5 0
11832.5 0
11833.5 0
11834.5 0
11835.5 0
11836.5 0
11837.5 0
11838.5 0
11839.5 0
11840.5 0
11841.5 0
11842.5 0
11843.5 0
11844.5 0
11845.5 0
11846.5 0
11847.5 0
11848.5 0
11849.5 0
11850.5 0
11851.5 0
11852.5 0
11853.5 0
11854.5 0
11855.5 0
11856.5 0
11857.5 0
11858.5 0
11859.5 0
11860.5 0
11861.5 0
11862.5 0
11863.5 0
11864.5 0
11865.5 0
11866.5 0
11867.5 0
11868.5 0
11869.5 0
11870.5 0
11871.5 0
11872.5 0
11873.5 0
11874.5 0
11875.5 0
11876.5 0
11877.5 0
11878.5 0
11879.5 0
11880.5 0
11881.5 0
11882.5 0
11883.5 0
11884.5 0
11885.5 0
11886.5 0
11887.5 0
11888.5 0
11889.5 0
11890.5 0
11891.5 0
11892.5 0
11893.5 0
11894.5 0
11895.5 0
11896.5 0
11897.5 0
11898.5 0
11899.5 0
11900.5 0
11901.5 0
11902.5 0
11903.5 0
11904.5 0
11905.5 0
11906.5 0
11907.5 0
11908.5 0
11909.5 0
11910.5 0
11911.5 0
11912.5 0
11913.5 0
11914.5 0
11915.5 0
11916.5 0
11917.5 0
11918.5 0
11919.5 0
11920.5 0
11921.5 0
11922.5 0
11923.5 0
11924.5 0
11925.5 0
11926.5 0
11927.5 0
11928.5 0
11929.5 0
11930.5 0
11931.5 0
11932.5 0
11933.5 0
11934.5 0
11935.5 0
11936.5 0
11937.5 0
11938.5 0
11939.5 0
11940.5 0
11941.5 0
11942.5 0
11943.5 0
11944.5 0
11945.5 0
11946.5 0
11947.5 0
11948.5 0
11949.5 0
11950.5 0
11951.5 0
11952.5 0
11953.5 0
11954.5 0
11955.5 0
11956.5 0
11957.5 0
11958.5 0
11959.5 0
11960.5 0
11961.5 0
11962.5 0
11963.5 0
11964.5 0
11965.5 0
11966.5 1
11967.5 0
11968.5 0
11969.5 0
11970.5 0
11971.5 0
11972.5 0
11973.5 0
11974.5 0
11975.5 0
11976.5 0
11977.5 0
11978.5 0
11979.5 0
11980.5 0
11981.5 0
11982.5 0
11983.5 0
11984.5 0
11985.5 0
11986.5 0
11987.5 0
11988.5 0
11989.5 0
11990.5 -0.888889
11991.5 0
11992.5 0
11993.5 0
11994.5 0
11995.5 0
11996.5 0
11997.5 0
11998.5 0
11999.5 0
