# EGG_ProjY_E1511.0(4.0)_B1485.5(0.5)_B1533.5(1.5)
# X axis : Energy (keV) [Y axis]
# Y axis : Counts/1 keV
# N Bins : 12000
# X Min : 0
# X Max : 12000
# X value at the center of the bins
0.5 0
1.5 0
2.5 0
3.5 0
4.5 0
5.5 20
6.5 -27
7.5 3
8.5 -5
9.5 8
10.5 16
11.5 -11
12.5 20
13.5 48
14.5 45
15.5 67
16.5 51
17.5 -34
18.5 47
19.5 16
20.5 171
21.5 1
22.5 26
23.5 117
24.5 193
25.5 179
26.5 346
27.5 293
28.5 325
29.5 279
30.5 343
31.5 505
32.5 219
33.5 317
34.5 387
35.5 367
36.5 538
37.5 438
38.5 454
39.5 412
40.5 390
41.5 431
42.5 350
43.5 573
44.5 275
45.5 532
46.5 615
47.5 210
48.5 316
49.5 264
50.5 487
51.5 452
52.5 349
53.5 348
54.5 415
55.5 572
56.5 618
57.5 329
58.5 898
59.5 1183
60.5 848
61.5 596
62.5 435
63.5 337
64.5 833
65.5 665
66.5 578
67.5 567
68.5 684
69.5 596
70.5 365
71.5 985
72.5 581
73.5 451
74.5 1079
75.5 957
76.5 1102
77.5 1337
78.5 663
79.5 677
80.5 145
81.5 644
82.5 530
83.5 669
84.5 898
85.5 790
86.5 761
87.5 794
88.5 861
89.5 496
90.5 560
91.5 739
92.5 474
93.5 351
94.5 591
95.5 756
96.5 382
97.5 285
98.5 93
99.5 -129
100.5 -95
101.5 219
102.5 210
103.5 434
104.5 458
105.5 482
106.5 557
107.5 400
108.5 787
109.5 399
110.5 501
111.5 583
112.5 341
113.5 233
114.5 595
115.5 596
116.5 677
117.5 920
118.5 1271
119.5 1336
120.5 1881
121.5 1803
122.5 2138
123.5 1825
124.5 2086
125.5 1340
126.5 1450
127.5 1254
128.5 859
129.5 827
130.5 979
131.5 1154
132.5 1170
133.5 1318
134.5 957
135.5 986
136.5 942
137.5 905
138.5 947
139.5 1157
140.5 1113
141.5 813
142.5 646
143.5 637
144.5 522
145.5 212
146.5 -356
147.5 -528
148.5 -353
149.5 129
150.5 456
151.5 587
152.5 454
153.5 376
154.5 301
155.5 817
156.5 740
157.5 601
158.5 866
159.5 1107
160.5 787
161.5 339
162.5 446
163.5 403
164.5 728
165.5 720
166.5 409
167.5 1058
168.5 562
169.5 806
170.5 518
171.5 702
172.5 772
173.5 235
174.5 260
175.5 259
176.5 159
177.5 1
178.5 -413
179.5 97
180.5 344
181.5 157
182.5 148
183.5 507
184.5 835
185.5 813
186.5 935
187.5 729
188.5 514
189.5 312
190.5 -25
191.5 -196
192.5 -79
193.5 416
194.5 691
195.5 756
196.5 1394
197.5 1542
198.5 1720
199.5 1653
200.5 1750
201.5 1964
202.5 1680
203.5 1628
204.5 1754
205.5 1533
206.5 1272
207.5 1081
208.5 825
209.5 1290
210.5 1633
211.5 1726
212.5 2160
213.5 1879
214.5 1810
215.5 1591
216.5 1912
217.5 1588
218.5 1667
219.5 1538
220.5 1115
221.5 1111
222.5 931
223.5 547
224.5 789
225.5 535
226.5 709
227.5 549
228.5 720
229.5 759
230.5 649
231.5 942
232.5 642
233.5 738
234.5 671
235.5 906
236.5 246
237.5 171
238.5 413
239.5 14
240.5 87
241.5 31
242.5 35
243.5 -486
244.5 -999
245.5 -440
246.5 -317
247.5 133
248.5 440
249.5 529
250.5 832
251.5 791
252.5 804
253.5 567
254.5 631
255.5 908
256.5 962
257.5 664
258.5 1112
259.5 1204
260.5 1286
261.5 1215
262.5 1619
263.5 2008
264.5 2011
265.5 2185
266.5 1995
267.5 1787
268.5 1803
269.5 1824
270.5 1780
271.5 1113
272.5 1081
273.5 414
274.5 571
275.5 532
276.5 308
277.5 729
278.5 636
279.5 713
280.5 902
281.5 567
282.5 545
283.5 567
284.5 635
285.5 418
286.5 192
287.5 383
288.5 499
289.5 428
290.5 401
291.5 141
292.5 164
293.5 249
294.5 472
295.5 693
296.5 1043
297.5 1236
298.5 1049
299.5 1079
300.5 921
301.5 795
302.5 876
303.5 571
304.5 803
305.5 676
306.5 421
307.5 608
308.5 474
309.5 564
310.5 543
311.5 690
312.5 748
313.5 588
314.5 747
315.5 903
316.5 787
317.5 595
318.5 578
319.5 731
320.5 460
321.5 364
322.5 397
323.5 343
324.5 340
325.5 474
326.5 770
327.5 538
328.5 657
329.5 822
330.5 713
331.5 678
332.5 615
333.5 631
334.5 660
335.5 557
336.5 6
337.5 -789
338.5 -1156
339.5 -1063
340.5 -457
341.5 66
342.5 535
343.5 736
344.5 522
345.5 565
346.5 579
347.5 700
348.5 489
349.5 248
350.5 -348
351.5 -1508
352.5 -2567
353.5 -2273
354.5 -1795
355.5 -540
356.5 582
357.5 998
358.5 1346
359.5 1779
360.5 1834
361.5 1764
362.5 1552
363.5 1604
364.5 1056
365.5 654
366.5 742
367.5 452
368.5 616
369.5 865
370.5 1347
371.5 1659
372.5 2269
373.5 2755
374.5 2616
375.5 3071
376.5 2438
377.5 2467
378.5 2115
379.5 1348
380.5 1127
381.5 705
382.5 237
383.5 491
384.5 404
385.5 294
386.5 -19
387.5 60
388.5 203
389.5 432
390.5 683
391.5 639
392.5 690
393.5 538
394.5 637
395.5 541
396.5 278
397.5 542
398.5 356
399.5 175
400.5 -413
401.5 -302
402.5 796
403.5 2863
404.5 3477
405.5 1377
406.5 -11
407.5 -70
408.5 -628
409.5 -447
410.5 -116
411.5 254
412.5 551
413.5 293
414.5 241
415.5 144
416.5 253
417.5 173
418.5 211
419.5 431
420.5 232
421.5 338
422.5 377
423.5 289
424.5 478
425.5 306
426.5 652
427.5 710
428.5 1034
429.5 1381
430.5 1177
431.5 1106
432.5 1161
433.5 1115
434.5 1051
435.5 902
436.5 808
437.5 539
438.5 747
439.5 686
440.5 725
441.5 936
442.5 863
443.5 684
444.5 736
445.5 619
446.5 656
447.5 756
448.5 794
449.5 469
450.5 536
451.5 627
452.5 387
453.5 373
454.5 359
455.5 298
456.5 248
457.5 430
458.5 8
459.5 3
460.5 66
461.5 85
462.5 409
463.5 338
464.5 306
465.5 103
466.5 293
467.5 269
468.5 464
469.5 459
470.5 658
471.5 600
472.5 422
473.5 389
474.5 340
475.5 252
476.5 408
477.5 496
478.5 424
479.5 762
480.5 893
481.5 719
482.5 803
483.5 673
484.5 796
485.5 685
486.5 744
487.5 484
488.5 664
489.5 632
490.5 596
491.5 627
492.5 369
493.5 396
494.5 481
495.5 352
496.5 633
497.5 355
498.5 -19
499.5 -437
500.5 -335
501.5 67
502.5 621
503.5 451
504.5 556
505.5 476
506.5 409
507.5 645
508.5 1029
509.5 1794
510.5 2733
511.5 2426
512.5 1595
513.5 1049
514.5 598
515.5 536
516.5 512
517.5 398
518.5 330
519.5 350
520.5 359
521.5 370
522.5 371
523.5 449
524.5 393
525.5 431
526.5 370
527.5 474
528.5 350
529.5 450
530.5 514
531.5 295
532.5 264
533.5 452
534.5 250
535.5 214
536.5 302
537.5 427
538.5 297
539.5 200
540.5 396
541.5 522
542.5 718
543.5 437
544.5 401
545.5 462
546.5 386
547.5 467
548.5 358
549.5 285
550.5 274
551.5 293
552.5 139
553.5 30
554.5 273
555.5 322
556.5 332
557.5 514
558.5 483
559.5 728
560.5 910
561.5 734
562.5 439
563.5 310
564.5 484
565.5 244
566.5 164
567.5 377
568.5 467
569.5 461
570.5 306
571.5 479
572.5 577
573.5 310
574.5 504
575.5 500
576.5 659
577.5 573
578.5 400
579.5 402
580.5 387
581.5 427
582.5 820
583.5 723
584.5 615
585.5 538
586.5 435
587.5 482
588.5 588
589.5 410
590.5 348
591.5 444
592.5 564
593.5 763
594.5 1164
595.5 1406
596.5 974
597.5 635
598.5 420
599.5 370
600.5 335
601.5 358
602.5 455
603.5 331
604.5 517
605.5 426
606.5 282
607.5 143
608.5 238
609.5 196
610.5 152
611.5 130
612.5 36
613.5 -225
614.5 -32
615.5 -308
616.5 -507
617.5 -487
618.5 -78
619.5 209
620.5 424
621.5 281
622.5 420
623.5 427
624.5 374
625.5 403
626.5 516
627.5 540
628.5 568
629.5 769
630.5 669
631.5 575
632.5 484
633.5 771
634.5 899
635.5 1429
636.5 3317
637.5 4836
638.5 3207
639.5 1618
640.5 959
641.5 792
642.5 772
643.5 503
644.5 317
645.5 318
646.5 296
647.5 374
648.5 311
649.5 446
650.5 612
651.5 635
652.5 481
653.5 565
654.5 571
655.5 207
656.5 352
657.5 155
658.5 170
659.5 223
660.5 474
661.5 221
662.5 143
663.5 43
664.5 50
665.5 -182
666.5 131
667.5 205
668.5 279
669.5 389
670.5 281
671.5 237
672.5 332
673.5 452
674.5 310
675.5 366
676.5 317
677.5 368
678.5 352
679.5 296
680.5 274
681.5 359
682.5 426
683.5 302
684.5 176
685.5 84
686.5 -666
687.5 -1490
688.5 -1991
689.5 -1988
690.5 -1432
691.5 -419
692.5 251
693.5 452
694.5 327
695.5 323
696.5 296
697.5 373
698.5 257
699.5 343
700.5 434
701.5 468
702.5 414
703.5 365
704.5 444
705.5 659
706.5 955
707.5 1525
708.5 1934
709.5 2134
710.5 2286
711.5 2263
712.5 2204
713.5 1988
714.5 1610
715.5 1194
716.5 858
717.5 589
718.5 374
719.5 429
720.5 603
721.5 365
722.5 605
723.5 455
724.5 221
725.5 332
726.5 323
727.5 388
728.5 184
729.5 280
730.5 325
731.5 261
732.5 314
733.5 279
734.5 145
735.5 -283
736.5 -561
737.5 -330
738.5 -231
739.5 216
740.5 282
741.5 235
742.5 313
743.5 245
744.5 361
745.5 307
746.5 316
747.5 261
748.5 346
749.5 164
750.5 220
751.5 349
752.5 308
753.5 320
754.5 393
755.5 311
756.5 333
757.5 303
758.5 299
759.5 1192
760.5 2230
761.5 2634
762.5 1294
763.5 614
764.5 312
765.5 361
766.5 177
767.5 418
768.5 526
769.5 335
770.5 551
771.5 315
772.5 374
773.5 365
774.5 291
775.5 311
776.5 469
777.5 270
778.5 365
779.5 304
780.5 384
781.5 263
782.5 219
783.5 319
784.5 294
785.5 549
786.5 304
787.5 374
788.5 430
789.5 399
790.5 509
791.5 282
792.5 165
793.5 246
794.5 303
795.5 215
796.5 308
797.5 236
798.5 294
799.5 301
800.5 496
801.5 336
802.5 335
803.5 260
804.5 418
805.5 301
806.5 572
807.5 427
808.5 459
809.5 251
810.5 87
811.5 223
812.5 405
813.5 353
814.5 395
815.5 254
816.5 248
817.5 499
818.5 214
819.5 447
820.5 299
821.5 297
822.5 302
823.5 365
824.5 306
825.5 312
826.5 369
827.5 295
828.5 533
829.5 404
830.5 152
831.5 347
832.5 442
833.5 358
834.5 296
835.5 371
836.5 423
837.5 204
838.5 333
839.5 296
840.5 358
841.5 323
842.5 423
843.5 317
844.5 249
845.5 275
846.5 255
847.5 303
848.5 382
849.5 359
850.5 353
851.5 322
852.5 307
853.5 412
854.5 257
855.5 175
856.5 215
857.5 262
858.5 313
859.5 182
860.5 219
861.5 328
862.5 341
863.5 398
864.5 511
865.5 634
866.5 811
867.5 1045
868.5 1055
869.5 832
870.5 451
871.5 442
872.5 315
873.5 273
874.5 300
875.5 730
876.5 1228
877.5 2569
878.5 2725
879.5 1498
880.5 847
881.5 536
882.5 354
883.5 309
884.5 330
885.5 430
886.5 214
887.5 233
888.5 347
889.5 383
890.5 417
891.5 259
892.5 309
893.5 295
894.5 358
895.5 471
896.5 327
897.5 339
898.5 483
899.5 369
900.5 173
901.5 388
902.5 400
903.5 335
904.5 313
905.5 490
906.5 397
907.5 125
908.5 283
909.5 419
910.5 324
911.5 337
912.5 373
913.5 483
914.5 534
915.5 342
916.5 343
917.5 207
918.5 495
919.5 459
920.5 398
921.5 546
922.5 398
923.5 350
924.5 400
925.5 319
926.5 430
927.5 340
928.5 373
929.5 348
930.5 365
931.5 289
932.5 340
933.5 263
934.5 107
935.5 410
936.5 347
937.5 338
938.5 383
939.5 171
940.5 313
941.5 449
942.5 356
943.5 419
944.5 512
945.5 593
946.5 376
947.5 386
948.5 256
949.5 363
950.5 360
951.5 366
952.5 269
953.5 358
954.5 299
955.5 353
956.5 360
957.5 294
958.5 281
959.5 193
960.5 366
961.5 250
962.5 245
963.5 273
964.5 510
965.5 1028
966.5 1424
967.5 925
968.5 450
969.5 373
970.5 260
971.5 210
972.5 226
973.5 235
974.5 238
975.5 256
976.5 347
977.5 405
978.5 276
979.5 185
980.5 209
981.5 209
982.5 284
983.5 203
984.5 204
985.5 199
986.5 274
987.5 334
988.5 256
989.5 285
990.5 295
991.5 180
992.5 255
993.5 184
994.5 155
995.5 268
996.5 241
997.5 261
998.5 239
999.5 573
1000.5 1544
1001.5 3133
1002.5 2492
1003.5 1134
1004.5 289
1005.5 349
1006.5 178
1007.5 261
1008.5 299
1009.5 198
1010.5 220
1011.5 241
1012.5 244
1013.5 243
1014.5 293
1015.5 198
1016.5 139
1017.5 226
1018.5 286
1019.5 232
1020.5 326
1021.5 225
1022.5 295
1023.5 425
1024.5 640
1025.5 494
1026.5 427
1027.5 243
1028.5 275
1029.5 358
1030.5 202
1031.5 42
1032.5 280
1033.5 138
1034.5 121
1035.5 167
1036.5 167
1037.5 232
1038.5 279
1039.5 78
1040.5 202
1041.5 267
1042.5 206
1043.5 144
1044.5 218
1045.5 146
1046.5 162
1047.5 223
1048.5 135
1049.5 254
1050.5 177
1051.5 94
1052.5 180
1053.5 148
1054.5 98
1055.5 192
1056.5 82
1057.5 143
1058.5 94
1059.5 256
1060.5 117
1061.5 114
1062.5 291
1063.5 199
1064.5 151
1065.5 188
1066.5 298
1067.5 166
1068.5 248
1069.5 164
1070.5 172
1071.5 150
1072.5 205
1073.5 749
1074.5 506
1075.5 309
1076.5 204
1077.5 151
1078.5 130
1079.5 151
1080.5 147
1081.5 170
1082.5 146
1083.5 125
1084.5 149
1085.5 189
1086.5 149
1087.5 218
1088.5 222
1089.5 295
1090.5 473
1091.5 464
1092.5 268
1093.5 140
1094.5 219
1095.5 208
1096.5 169
1097.5 136
1098.5 228
1099.5 178
1100.5 104
1101.5 166
1102.5 289
1103.5 229
1104.5 217
1105.5 212
1106.5 163
1107.5 151
1108.5 151
1109.5 172
1110.5 131
1111.5 235
1112.5 243
1113.5 169
1114.5 58
1115.5 105
1116.5 154
1117.5 64
1118.5 212
1119.5 171
1120.5 68
1121.5 159
1122.5 394
1123.5 1001
1124.5 2868
1125.5 6610
1126.5 8309
1127.5 3721
1128.5 879
1129.5 257
1130.5 142
1131.5 173
1132.5 87
1133.5 133
1134.5 147
1135.5 65
1136.5 191
1137.5 129
1138.5 218
1139.5 153
1140.5 137
1141.5 118
1142.5 151
1143.5 103
1144.5 110
1145.5 130
1146.5 144
1147.5 91
1148.5 135
1149.5 59
1150.5 177
1151.5 154
1152.5 174
1153.5 398
1154.5 1729
1155.5 6372
1156.5 12675
1157.5 13060
1158.5 5599
1159.5 914
1160.5 531
1161.5 109
1162.5 220
1163.5 202
1164.5 427
1165.5 377
1166.5 157
1167.5 138
1168.5 49
1169.5 120
1170.5 200
1171.5 103
1172.5 107
1173.5 85
1174.5 22
1175.5 144
1176.5 101
1177.5 89
1178.5 176
1179.5 116
1180.5 196
1181.5 149
1182.5 273
1183.5 80
1184.5 160
1185.5 42
1186.5 17
1187.5 240
1188.5 144
1189.5 126
1190.5 55
1191.5 82
1192.5 159
1193.5 96
1194.5 109
1195.5 188
1196.5 92
1197.5 119
1198.5 151
1199.5 37
1200.5 113
1201.5 54
1202.5 120
1203.5 106
1204.5 77
1205.5 81
1206.5 215
1207.5 186
1208.5 152
1209.5 113
1210.5 206
1211.5 92
1212.5 99
1213.5 150
1214.5 83
1215.5 129
1216.5 112
1217.5 126
1218.5 122
1219.5 94
1220.5 130
1221.5 62
1222.5 71
1223.5 130
1224.5 132
1225.5 154
1226.5 47
1227.5 94
1228.5 167
1229.5 213
1230.5 122
1231.5 98
1232.5 92
1233.5 105
1234.5 108
1235.5 25
1236.5 155
1237.5 79
1238.5 122
1239.5 21
1240.5 97
1241.5 140
1242.5 76
1243.5 79
1244.5 112
1245.5 134
1246.5 148
1247.5 107
1248.5 131
1249.5 113
1250.5 107
1251.5 106
1252.5 110
1253.5 92
1254.5 92
1255.5 190
1256.5 161
1257.5 132
1258.5 162
1259.5 76
1260.5 78
1261.5 75
1262.5 99
1263.5 75
1264.5 159
1265.5 40
1266.5 82
1267.5 236
1268.5 29
1269.5 61
1270.5 123
1271.5 160
1272.5 137
1273.5 21
1274.5 56
1275.5 81
1276.5 119
1277.5 37
1278.5 152
1279.5 136
1280.5 156
1281.5 162
1282.5 6
1283.5 95
1284.5 130
1285.5 243
1286.5 139
1287.5 129
1288.5 103
1289.5 105
1290.5 185
1291.5 495
1292.5 1576
1293.5 2268
1294.5 1431
1295.5 559
1296.5 250
1297.5 89
1298.5 90
1299.5 167
1300.5 130
1301.5 32
1302.5 29
1303.5 141
1304.5 159
1305.5 110
1306.5 158
1307.5 88
1308.5 79
1309.5 59
1310.5 98
1311.5 71
1312.5 33
1313.5 -8
1314.5 19
1315.5 146
1316.5 115
1317.5 22
1318.5 134
1319.5 43
1320.5 157
1321.5 102
1322.5 84
1323.5 81
1324.5 30
1325.5 62
1326.5 109
1327.5 108
1328.5 83
1329.5 107
1330.5 89
1331.5 94
1332.5 101
1333.5 154
1334.5 159
1335.5 75
1336.5 159
1337.5 82
1338.5 22
1339.5 48
1340.5 18
1341.5 60
1342.5 89
1343.5 10
1344.5 49
1345.5 108
1346.5 83
1347.5 92
1348.5 154
1349.5 107
1350.5 116
1351.5 78
1352.5 42
1353.5 94
1354.5 128
1355.5 113
1356.5 144
1357.5 77
1358.5 119
1359.5 98
1360.5 86
1361.5 112
1362.5 106
1363.5 89
1364.5 33
1365.5 113
1366.5 49
1367.5 50
1368.5 146
1369.5 159
1370.5 111
1371.5 79
1372.5 123
1373.5 65
1374.5 62
1375.5 139
1376.5 139
1377.5 47
1378.5 45
1379.5 146
1380.5 19
1381.5 94
1382.5 60
1383.5 102
1384.5 62
1385.5 99
1386.5 161
1387.5 150
1388.5 72
1389.5 89
1390.5 126
1391.5 61
1392.5 127
1393.5 76
1394.5 59
1395.5 178
1396.5 207
1397.5 106
1398.5 148
1399.5 -2
1400.5 59
1401.5 120
1402.5 31
1403.5 126
1404.5 105
1405.5 94
1406.5 154
1407.5 115
1408.5 111
1409.5 61
1410.5 60
1411.5 23
1412.5 9
1413.5 79
1414.5 52
1415.5 55
1416.5 176
1417.5 79
1418.5 176
1419.5 142
1420.5 21
1421.5 79
1422.5 64
1423.5 92
1424.5 117
1425.5 106
1426.5 199
1427.5 702
1428.5 938
1429.5 657
1430.5 287
1431.5 158
1432.5 171
1433.5 82
1434.5 120
1435.5 109
1436.5 197
1437.5 237
1438.5 95
1439.5 96
1440.5 13
1441.5 116
1442.5 141
1443.5 161
1444.5 139
1445.5 61
1446.5 29
1447.5 39
1448.5 128
1449.5 80
1450.5 110
1451.5 17
1452.5 6
1453.5 127
1454.5 27
1455.5 60
1456.5 129
1457.5 2
1458.5 -1
1459.5 62
1460.5 93
1461.5 57
1462.5 236
1463.5 195
1464.5 254
1465.5 153
1466.5 136
1467.5 46
1468.5 89
1469.5 9
1470.5 25
1471.5 39
1472.5 1
1473.5 109
1474.5 40
1475.5 57
1476.5 -10
1477.5 98
1478.5 84
1479.5 84
1480.5 33
1481.5 22
1482.5 3
1483.5 55
1484.5 84
1485.5 127
1486.5 68
1487.5 102
1488.5 158
1489.5 197
1490.5 194
1491.5 95
1492.5 144
1493.5 138
1494.5 85
1495.5 107
1496.5 150
1497.5 237
1498.5 616
1499.5 906
1500.5 282
1501.5 270
1502.5 59
1503.5 34
1504.5 90
1505.5 29
1506.5 134
1507.5 218
1508.5 234
1509.5 215
1510.5 155
1511.5 178
1512.5 165
1513.5 23
1514.5 192
1515.5 16
1516.5 127
1517.5 -13
1518.5 25
1519.5 141
1520.5 120
1521.5 64
1522.5 53
1523.5 20
1524.5 103
1525.5 78
1526.5 110
1527.5 109
1528.5 81
1529.5 60
1530.5 130
1531.5 56
1532.5 111
1533.5 80
1534.5 73
1535.5 130
1536.5 34
1537.5 155
1538.5 61
1539.5 110
1540.5 178
1541.5 19
1542.5 113
1543.5 53
1544.5 97
1545.5 26
1546.5 127
1547.5 174
1548.5 33
1549.5 34
1550.5 132
1551.5 113
1552.5 138
1553.5 144
1554.5 63
1555.5 111
1556.5 -22
1557.5 135
1558.5 54
1559.5 81
1560.5 83
1561.5 28
1562.5 94
1563.5 90
1564.5 58
1565.5 48
1566.5 10
1567.5 45
1568.5 15
1569.5 205
1570.5 21
1571.5 89
1572.5 48
1573.5 88
1574.5 115
1575.5 79
1576.5 69
1577.5 71
1578.5 165
1579.5 143
1580.5 49
1581.5 87
1582.5 113
1583.5 91
1584.5 64
1585.5 32
1586.5 107
1587.5 87
1588.5 45
1589.5 74
1590.5 158
1591.5 113
1592.5 43
1593.5 26
1594.5 98
1595.5 55
1596.5 49
1597.5 29
1598.5 53
1599.5 55
1600.5 121
1601.5 126
1602.5 125
1603.5 11
1604.5 55
1605.5 59
1606.5 113
1607.5 139
1608.5 101
1609.5 52
1610.5 94
1611.5 72
1612.5 88
1613.5 50
1614.5 -28
1615.5 36
1616.5 107
1617.5 81
1618.5 88
1619.5 58
1620.5 68
1621.5 42
1622.5 104
1623.5 100
1624.5 154
1625.5 115
1626.5 36
1627.5 77
1628.5 128
1629.5 162
1630.5 87
1631.5 40
1632.5 123
1633.5 196
1634.5 137
1635.5 49
1636.5 126
1637.5 185
1638.5 398
1639.5 417
1640.5 166
1641.5 113
1642.5 124
1643.5 79
1644.5 101
1645.5 6
1646.5 -10
1647.5 123
1648.5 39
1649.5 76
1650.5 -3
1651.5 60
1652.5 122
1653.5 104
1654.5 87
1655.5 134
1656.5 28
1657.5 67
1658.5 77
1659.5 38
1660.5 53
1661.5 131
1662.5 53
1663.5 137
1664.5 82
1665.5 22
1666.5 157
1667.5 75
1668.5 60
1669.5 72
1670.5 169
1671.5 -7
1672.5 165
1673.5 88
1674.5 93
1675.5 36
1676.5 45
1677.5 84
1678.5 41
1679.5 74
1680.5 74
1681.5 141
1682.5 98
1683.5 64
1684.5 54
1685.5 29
1686.5 128
1687.5 129
1688.5 129
1689.5 154
1690.5 104
1691.5 124
1692.5 23
1693.5 13
1694.5 38
1695.5 59
1696.5 83
1697.5 75
1698.5 89
1699.5 38
1700.5 77
1701.5 -17
1702.5 129
1703.5 51
1704.5 83
1705.5 9
1706.5 67
1707.5 32
1708.5 140
1709.5 92
1710.5 73
1711.5 77
1712.5 148
1713.5 31
1714.5 59
1715.5 58
1716.5 89
1717.5 35
1718.5 85
1719.5 120
1720.5 146
1721.5 157
1722.5 56
1723.5 48
1724.5 111
1725.5 135
1726.5 262
1727.5 286
1728.5 293
1729.5 124
1730.5 97
1731.5 105
1732.5 104
1733.5 56
1734.5 59
1735.5 84
1736.5 135
1737.5 98
1738.5 26
1739.5 67
1740.5 173
1741.5 319
1742.5 398
1743.5 289
1744.5 118
1745.5 85
1746.5 103
1747.5 95
1748.5 20
1749.5 122
1750.5 56
1751.5 14
1752.5 136
1753.5 43
1754.5 131
1755.5 98
1756.5 109
1757.5 64
1758.5 74
1759.5 95
1760.5 56
1761.5 60
1762.5 134
1763.5 64
1764.5 79
1765.5 6
1766.5 85
1767.5 26
1768.5 84
1769.5 92
1770.5 106
1771.5 -42
1772.5 115
1773.5 25
1774.5 136
1775.5 85
1776.5 55
1777.5 -20
1778.5 55
1779.5 55
1780.5 94
1781.5 84
1782.5 96
1783.5 47
1784.5 44
1785.5 63
1786.5 84
1787.5 122
1788.5 83
1789.5 -1
1790.5 33
1791.5 131
1792.5 77
1793.5 32
1794.5 94
1795.5 120
1796.5 78
1797.5 103
1798.5 136
1799.5 22
1800.5 75
1801.5 56
1802.5 105
1803.5 94
1804.5 75
1805.5 98
1806.5 71
1807.5 4
1808.5 57
1809.5 244
1810.5 81
1811.5 100
1812.5 60
1813.5 80
1814.5 84
1815.5 122
1816.5 120
1817.5 78
1818.5 32
1819.5 156
1820.5 66
1821.5 -28
1822.5 -12
1823.5 59
1824.5 29
1825.5 91
1826.5 66
1827.5 72
1828.5 81
1829.5 87
1830.5 43
1831.5 87
1832.5 70
1833.5 17
1834.5 23
1835.5 -4
1836.5 40
1837.5 67
1838.5 61
1839.5 137
1840.5 115
1841.5 108
1842.5 73
1843.5 89
1844.5 54
1845.5 117
1846.5 64
1847.5 48
1848.5 93
1849.5 40
1850.5 38
1851.5 108
1852.5 41
1853.5 42
1854.5 93
1855.5 7
1856.5 67
1857.5 22
1858.5 151
1859.5 47
1860.5 77
1861.5 73
1862.5 43
1863.5 89
1864.5 84
1865.5 33
1866.5 68
1867.5 17
1868.5 128
1869.5 71
1870.5 86
1871.5 150
1872.5 175
1873.5 109
1874.5 158
1875.5 123
1876.5 80
1877.5 35
1878.5 21
1879.5 -17
1880.5 56
1881.5 53
1882.5 68
1883.5 164
1884.5 252
1885.5 486
1886.5 885
1887.5 1084
1888.5 551
1889.5 253
1890.5 111
1891.5 107
1892.5 86
1893.5 123
1894.5 93
1895.5 115
1896.5 100
1897.5 90
1898.5 36
1899.5 8
1900.5 76
1901.5 103
1902.5 21
1903.5 10
1904.5 34
1905.5 102
1906.5 31
1907.5 50
1908.5 57
1909.5 47
1910.5 81
1911.5 102
1912.5 44
1913.5 46
1914.5 133
1915.5 92
1916.5 66
1917.5 109
1918.5 107
1919.5 107
1920.5 101
1921.5 95
1922.5 19
1923.5 98
1924.5 -2
1925.5 64
1926.5 98
1927.5 84
1928.5 75
1929.5 27
1930.5 120
1931.5 80
1932.5 105
1933.5 94
1934.5 151
1935.5 120
1936.5 76
1937.5 106
1938.5 69
1939.5 40
1940.5 91
1941.5 65
1942.5 79
1943.5 67
1944.5 83
1945.5 -6
1946.5 40
1947.5 52
1948.5 85
1949.5 43
1950.5 119
1951.5 115
1952.5 127
1953.5 45
1954.5 32
1955.5 43
1956.5 92
1957.5 139
1958.5 226
1959.5 204
1960.5 161
1961.5 143
1962.5 29
1963.5 20
1964.5 83
1965.5 48
1966.5 69
1967.5 34
1968.5 59
1969.5 33
1970.5 40
1971.5 40
1972.5 66
1973.5 82
1974.5 104
1975.5 116
1976.5 50
1977.5 46
1978.5 87
1979.5 30
1980.5 88
1981.5 55
1982.5 71
1983.5 90
1984.5 104
1985.5 60
1986.5 157
1987.5 67
1988.5 126
1989.5 31
1990.5 101
1991.5 117
1992.5 88
1993.5 52
1994.5 31
1995.5 131
1996.5 -16
1997.5 16
1998.5 100
1999.5 64
2000.5 46
2001.5 72
2002.5 162
2003.5 63
2004.5 68
2005.5 46
2006.5 78
2007.5 -9
2008.5 86
2009.5 47
2010.5 68
2011.5 74
2012.5 18
2013.5 51
2014.5 67
2015.5 42
2016.5 37
2017.5 63
2018.5 -27
2019.5 16
2020.5 27
2021.5 93
2022.5 111
2023.5 112
2024.5 70
2025.5 57
2026.5 94
2027.5 40
2028.5 22
2029.5 117
2030.5 78
2031.5 79
2032.5 74
2033.5 99
2034.5 10
2035.5 125
2036.5 96
2037.5 70
2038.5 43
2039.5 113
2040.5 -27
2041.5 127
2042.5 -4
2043.5 90
2044.5 58
2045.5 73
2046.5 111
2047.5 58
2048.5 81
2049.5 96
2050.5 103
2051.5 108
2052.5 100
2053.5 136
2054.5 19
2055.5 99
2056.5 50
2057.5 107
2058.5 117
2059.5 66
2060.5 27
2061.5 41
2062.5 28
2063.5 90
2064.5 0
2065.5 62
2066.5 103
2067.5 55
2068.5 55
2069.5 24
2070.5 -13
2071.5 31
2072.5 60
2073.5 -38
2074.5 25
2075.5 71
2076.5 45
2077.5 108
2078.5 19
2079.5 98
2080.5 77
2081.5 42
2082.5 77
2083.5 101
2084.5 56
2085.5 19
2086.5 21
2087.5 19
2088.5 76
2089.5 -11
2090.5 16
2091.5 29
2092.5 31
2093.5 11
2094.5 6
2095.5 47
2096.5 98
2097.5 -18
2098.5 75
2099.5 51
2100.5 58
2101.5 32
2102.5 74
2103.5 117
2104.5 57
2105.5 80
2106.5 165
2107.5 203
2108.5 138
2109.5 174
2110.5 53
2111.5 102
2112.5 89
2113.5 150
2114.5 183
2115.5 244
2116.5 167
2117.5 154
2118.5 59
2119.5 68
2120.5 53
2121.5 11
2122.5 55
2123.5 98
2124.5 56
2125.5 20
2126.5 12
2127.5 94
2128.5 138
2129.5 88
2130.5 47
2131.5 64
2132.5 108
2133.5 65
2134.5 120
2135.5 36
2136.5 14
2137.5 88
2138.5 -3
2139.5 50
2140.5 44
2141.5 30
2142.5 158
2143.5 -48
2144.5 100
2145.5 103
2146.5 114
2147.5 151
2148.5 190
2149.5 660
2150.5 874
2151.5 735
2152.5 243
2153.5 134
2154.5 85
2155.5 77
2156.5 61
2157.5 20
2158.5 -17
2159.5 64
2160.5 72
2161.5 58
2162.5 32
2163.5 104
2164.5 58
2165.5 25
2166.5 103
2167.5 74
2168.5 29
2169.5 78
2170.5 71
2171.5 33
2172.5 43
2173.5 41
2174.5 4
2175.5 40
2176.5 55
2177.5 111
2178.5 69
2179.5 120
2180.5 26
2181.5 16
2182.5 5
2183.5 56
2184.5 39
2185.5 73
2186.5 16
2187.5 24
2188.5 91
2189.5 82
2190.5 72
2191.5 113
2192.5 114
2193.5 112
2194.5 80
2195.5 47
2196.5 7
2197.5 69
2198.5 40
2199.5 83
2200.5 65
2201.5 171
2202.5 119
2203.5 86
2204.5 90
2205.5 38
2206.5 17
2207.5 8
2208.5 -11
2209.5 49
2210.5 57
2211.5 24
2212.5 58
2213.5 -23
2214.5 58
2215.5 21
2216.5 2
2217.5 77
2218.5 83
2219.5 106
2220.5 42
2221.5 41
2222.5 99
2223.5 97
2224.5 91
2225.5 40
2226.5 48
2227.5 101
2228.5 69
2229.5 131
2230.5 2
2231.5 27
2232.5 48
2233.5 83
2234.5 41
2235.5 55
2236.5 43
2237.5 88
2238.5 74
2239.5 36
2240.5 53
2241.5 74
2242.5 59
2243.5 111
2244.5 74
2245.5 21
2246.5 27
2247.5 59
2248.5 -5
2249.5 64
2250.5 65
2251.5 -7
2252.5 58
2253.5 74
2254.5 77
2255.5 -3
2256.5 -18
2257.5 123
2258.5 81
2259.5 34
2260.5 31
2261.5 62
2262.5 43
2263.5 17
2264.5 29
2265.5 31
2266.5 16
2267.5 91
2268.5 22
2269.5 31
2270.5 -2
2271.5 61
2272.5 131
2273.5 67
2274.5 62
2275.5 74
2276.5 59
2277.5 -39
2278.5 108
2279.5 14
2280.5 49
2281.5 148
2282.5 63
2283.5 65
2284.5 41
2285.5 4
2286.5 37
2287.5 62
2288.5 44
2289.5 35
2290.5 46
2291.5 8
2292.5 68
2293.5 17
2294.5 74
2295.5 56
2296.5 93
2297.5 127
2298.5 68
2299.5 102
2300.5 52
2301.5 46
2302.5 34
2303.5 24
2304.5 66
2305.5 24
2306.5 -6
2307.5 40
2308.5 42
2309.5 86
2310.5 62
2311.5 58
2312.5 17
2313.5 90
2314.5 68
2315.5 25
2316.5 49
2317.5 38
2318.5 52
2319.5 39
2320.5 -33
2321.5 53
2322.5 72
2323.5 31
2324.5 49
2325.5 37
2326.5 65
2327.5 53
2328.5 25
2329.5 51
2330.5 50
2331.5 93
2332.5 126
2333.5 17
2334.5 76
2335.5 38
2336.5 49
2337.5 62
2338.5 70
2339.5 54
2340.5 9
2341.5 24
2342.5 -4
2343.5 44
2344.5 100
2345.5 59
2346.5 49
2347.5 23
2348.5 24
2349.5 50
2350.5 34
2351.5 84
2352.5 19
2353.5 38
2354.5 20
2355.5 106
2356.5 -4
2357.5 68
2358.5 60
2359.5 67
2360.5 80
2361.5 18
2362.5 146
2363.5 72
2364.5 85
2365.5 12
2366.5 31
2367.5 22
2368.5 -2
2369.5 107
2370.5 84
2371.5 103
2372.5 146
2373.5 189
2374.5 171
2375.5 166
2376.5 74
2377.5 95
2378.5 73
2379.5 32
2380.5 -3
2381.5 28
2382.5 114
2383.5 17
2384.5 75
2385.5 52
2386.5 89
2387.5 152
2388.5 47
2389.5 32
2390.5 -27
2391.5 10
2392.5 27
2393.5 63
2394.5 43
2395.5 88
2396.5 107
2397.5 106
2398.5 25
2399.5 24
2400.5 73
2401.5 -3
2402.5 88
2403.5 23
2404.5 78
2405.5 55
2406.5 68
2407.5 52
2408.5 40
2409.5 56
2410.5 46
2411.5 20
2412.5 51
2413.5 38
2414.5 56
2415.5 27
2416.5 125
2417.5 95
2418.5 73
2419.5 76
2420.5 26
2421.5 41
2422.5 6
2423.5 18
2424.5 12
2425.5 77
2426.5 81
2427.5 60
2428.5 24
2429.5 40
2430.5 17
2431.5 29
2432.5 109
2433.5 78
2434.5 63
2435.5 54
2436.5 132
2437.5 35
2438.5 37
2439.5 -20
2440.5 28
2441.5 101
2442.5 46
2443.5 46
2444.5 100
2445.5 35
2446.5 25
2447.5 18
2448.5 12
2449.5 17
2450.5 -24
2451.5 71
2452.5 75
2453.5 76
2454.5 74
2455.5 85
2456.5 80
2457.5 47
2458.5 47
2459.5 43
2460.5 16
2461.5 49
2462.5 81
2463.5 68
2464.5 52
2465.5 27
2466.5 45
2467.5 76
2468.5 49
2469.5 65
2470.5 51
2471.5 38
2472.5 -21
2473.5 74
2474.5 65
2475.5 -17
2476.5 42
2477.5 27
2478.5 28
2479.5 31
2480.5 13
2481.5 -9
2482.5 40
2483.5 145
2484.5 56
2485.5 20
2486.5 22
2487.5 41
2488.5 78
2489.5 16
2490.5 39
2491.5 92
2492.5 66
2493.5 39
2494.5 36
2495.5 47
2496.5 52
2497.5 43
2498.5 33
2499.5 80
2500.5 46
2501.5 47
2502.5 60
2503.5 9
2504.5 71
2505.5 63
2506.5 59
2507.5 23
2508.5 91
2509.5 64
2510.5 101
2511.5 68
2512.5 25
2513.5 36
2514.5 0
2515.5 24
2516.5 24
2517.5 26
2518.5 52
2519.5 244
2520.5 75
2521.5 40
2522.5 101
2523.5 8
2524.5 5
2525.5 52
2526.5 41
2527.5 55
2528.5 14
2529.5 62
2530.5 -18
2531.5 -14
2532.5 16
2533.5 33
2534.5 107
2535.5 64
2536.5 18
2537.5 56
2538.5 83
2539.5 -29
2540.5 31
2541.5 68
2542.5 60
2543.5 70
2544.5 92
2545.5 40
2546.5 94
2547.5 95
2548.5 106
2549.5 104
2550.5 53
2551.5 67
2552.5 55
2553.5 83
2554.5 -17
2555.5 33
2556.5 69
2557.5 7
2558.5 12
2559.5 79
2560.5 60
2561.5 51
2562.5 36
2563.5 33
2564.5 65
2565.5 36
2566.5 98
2567.5 93
2568.5 50
2569.5 114
2570.5 73
2571.5 20
2572.5 53
2573.5 -12
2574.5 74
2575.5 74
2576.5 8
2577.5 46
2578.5 19
2579.5 100
2580.5 142
2581.5 137
2582.5 154
2583.5 75
2584.5 58
2585.5 51
2586.5 30
2587.5 -33
2588.5 70
2589.5 32
2590.5 72
2591.5 60
2592.5 15
2593.5 31
2594.5 8
2595.5 25
2596.5 54
2597.5 -2
2598.5 71
2599.5 -4
2600.5 75
2601.5 24
2602.5 90
2603.5 63
2604.5 101
2605.5 44
2606.5 73
2607.5 117
2608.5 41
2609.5 48
2610.5 71
2611.5 36
2612.5 71
2613.5 24
2614.5 75
2615.5 48
2616.5 102
2617.5 18
2618.5 111
2619.5 104
2620.5 133
2621.5 108
2622.5 65
2623.5 41
2624.5 35
2625.5 6
2626.5 57
2627.5 42
2628.5 35
2629.5 -14
2630.5 84
2631.5 56
2632.5 45
2633.5 5
2634.5 98
2635.5 -22
2636.5 62
2637.5 8
2638.5 54
2639.5 19
2640.5 164
2641.5 62
2642.5 120
2643.5 65
2644.5 48
2645.5 42
2646.5 40
2647.5 10
2648.5 25
2649.5 58
2650.5 80
2651.5 79
2652.5 94
2653.5 90
2654.5 64
2655.5 137
2656.5 -4
2657.5 120
2658.5 64
2659.5 80
2660.5 6
2661.5 30
2662.5 26
2663.5 -12
2664.5 -21
2665.5 25
2666.5 44
2667.5 82
2668.5 -4
2669.5 68
2670.5 -18
2671.5 24
2672.5 100
2673.5 50
2674.5 19
2675.5 54
2676.5 71
2677.5 35
2678.5 46
2679.5 43
2680.5 14
2681.5 11
2682.5 54
2683.5 28
2684.5 -9
2685.5 41
2686.5 20
2687.5 24
2688.5 22
2689.5 57
2690.5 21
2691.5 33
2692.5 65
2693.5 -8
2694.5 69
2695.5 5
2696.5 57
2697.5 48
2698.5 -2
2699.5 24
2700.5 74
2701.5 48
2702.5 68
2703.5 59
2704.5 48
2705.5 100
2706.5 80
2707.5 125
2708.5 79
2709.5 100
2710.5 55
2711.5 11
2712.5 37
2713.5 41
2714.5 22
2715.5 -19
2716.5 79
2717.5 56
2718.5 83
2719.5 43
2720.5 28
2721.5 152
2722.5 20
2723.5 100
2724.5 14
2725.5 14
2726.5 78
2727.5 92
2728.5 134
2729.5 97
2730.5 154
2731.5 36
2732.5 146
2733.5 27
2734.5 100
2735.5 93
2736.5 58
2737.5 47
2738.5 29
2739.5 57
2740.5 54
2741.5 57
2742.5 52
2743.5 14
2744.5 13
2745.5 -4
2746.5 -12
2747.5 36
2748.5 76
2749.5 60
2750.5 18
2751.5 52
2752.5 22
2753.5 35
2754.5 82
2755.5 101
2756.5 66
2757.5 -11
2758.5 43
2759.5 -27
2760.5 37
2761.5 16
2762.5 49
2763.5 16
2764.5 49
2765.5 57
2766.5 -1
2767.5 62
2768.5 68
2769.5 79
2770.5 65
2771.5 33
2772.5 27
2773.5 42
2774.5 44
2775.5 73
2776.5 63
2777.5 49
2778.5 59
2779.5 53
2780.5 18
2781.5 89
2782.5 28
2783.5 67
2784.5 16
2785.5 66
2786.5 46
2787.5 57
2788.5 47
2789.5 68
2790.5 62
2791.5 27
2792.5 100
2793.5 34
2794.5 68
2795.5 87
2796.5 61
2797.5 2
2798.5 29
2799.5 39
2800.5 47
2801.5 43
2802.5 84
2803.5 93
2804.5 42
2805.5 11
2806.5 63
2807.5 26
2808.5 43
2809.5 14
2810.5 44
2811.5 28
2812.5 33
2813.5 -17
2814.5 84
2815.5 50
2816.5 77
2817.5 99
2818.5 32
2819.5 47
2820.5 94
2821.5 35
2822.5 66
2823.5 40
2824.5 99
2825.5 46
2826.5 41
2827.5 -11
2828.5 20
2829.5 16
2830.5 58
2831.5 76
2832.5 53
2833.5 44
2834.5 29
2835.5 37
2836.5 12
2837.5 30
2838.5 44
2839.5 35
2840.5 50
2841.5 8
2842.5 40
2843.5 101
2844.5 32
2845.5 7
2846.5 106
2847.5 -17
2848.5 26
2849.5 20
2850.5 51
2851.5 9
2852.5 7
2853.5 58
2854.5 45
2855.5 77
2856.5 27
2857.5 20
2858.5 7
2859.5 40
2860.5 27
2861.5 63
2862.5 32
2863.5 72
2864.5 44
2865.5 43
2866.5 84
2867.5 25
2868.5 45
2869.5 42
2870.5 34
2871.5 79
2872.5 57
2873.5 70
2874.5 86
2875.5 64
2876.5 59
2877.5 17
2878.5 81
2879.5 49
2880.5 17
2881.5 45
2882.5 69
2883.5 25
2884.5 61
2885.5 71
2886.5 29
2887.5 52
2888.5 53
2889.5 59
2890.5 39
2891.5 59
2892.5 38
2893.5 43
2894.5 52
2895.5 6
2896.5 27
2897.5 30
2898.5 30
2899.5 46
2900.5 -3
2901.5 16
2902.5 0
2903.5 8
2904.5 18
2905.5 50
2906.5 24
2907.5 18
2908.5 37
2909.5 101
2910.5 2
2911.5 55
2912.5 38
2913.5 45
2914.5 31
2915.5 28
2916.5 65
2917.5 -6
2918.5 40
2919.5 46
2920.5 76
2921.5 7
2922.5 95
2923.5 17
2924.5 62
2925.5 44
2926.5 3
2927.5 48
2928.5 55
2929.5 89
2930.5 5
2931.5 62
2932.5 42
2933.5 -2
2934.5 4
2935.5 85
2936.5 75
2937.5 34
2938.5 90
2939.5 63
2940.5 46
2941.5 64
2942.5 57
2943.5 78
2944.5 70
2945.5 66
2946.5 50
2947.5 110
2948.5 132
2949.5 81
2950.5 38
2951.5 110
2952.5 86
2953.5 34
2954.5 58
2955.5 53
2956.5 71
2957.5 35
2958.5 50
2959.5 -1
2960.5 6
2961.5 34
2962.5 59
2963.5 21
2964.5 39
2965.5 20
2966.5 82
2967.5 95
2968.5 69
2969.5 5
2970.5 -16
2971.5 -13
2972.5 -5
2973.5 36
2974.5 20
2975.5 41
2976.5 27
2977.5 42
2978.5 14
2979.5 23
2980.5 10
2981.5 30
2982.5 35
2983.5 85
2984.5 59
2985.5 63
2986.5 99
2987.5 62
2988.5 111
2989.5 77
2990.5 105
2991.5 65
2992.5 22
2993.5 82
2994.5 17
2995.5 72
2996.5 55
2997.5 47
2998.5 28
2999.5 7
3000.5 90
3001.5 59
3002.5 -26
3003.5 -45
3004.5 58
3005.5 15
3006.5 48
3007.5 43
3008.5 69
3009.5 42
3010.5 67
3011.5 38
3012.5 74
3013.5 -2
3014.5 18
3015.5 67
3016.5 4
3017.5 22
3018.5 70
3019.5 77
3020.5 -29
3021.5 33
3022.5 78
3023.5 35
3024.5 29
3025.5 62
3026.5 3
3027.5 -9
3028.5 84
3029.5 44
3030.5 54
3031.5 85
3032.5 54
3033.5 22
3034.5 66
3035.5 6
3036.5 27
3037.5 37
3038.5 -2
3039.5 17
3040.5 65
3041.5 29
3042.5 38
3043.5 20
3044.5 44
3045.5 24
3046.5 51
3047.5 4
3048.5 44
3049.5 113
3050.5 114
3051.5 111
3052.5 115
3053.5 155
3054.5 31
3055.5 62
3056.5 40
3057.5 55
3058.5 72
3059.5 61
3060.5 38
3061.5 28
3062.5 53
3063.5 62
3064.5 63
3065.5 11
3066.5 53
3067.5 33
3068.5 32
3069.5 -30
3070.5 -3
3071.5 30
3072.5 -6
3073.5 1
3074.5 86
3075.5 32
3076.5 63
3077.5 46
3078.5 53
3079.5 49
3080.5 40
3081.5 28
3082.5 37
3083.5 53
3084.5 84
3085.5 10
3086.5 59
3087.5 62
3088.5 59
3089.5 27
3090.5 60
3091.5 15
3092.5 41
3093.5 29
3094.5 30
3095.5 24
3096.5 16
3097.5 23
3098.5 66
3099.5 9
3100.5 40
3101.5 20
3102.5 2
3103.5 34
3104.5 33
3105.5 46
3106.5 32
3107.5 31
3108.5 53
3109.5 12
3110.5 60
3111.5 62
3112.5 96
3113.5 78
3114.5 103
3115.5 98
3116.5 92
3117.5 30
3118.5 45
3119.5 78
3120.5 33
3121.5 -9
3122.5 81
3123.5 4
3124.5 3
3125.5 69
3126.5 34
3127.5 89
3128.5 71
3129.5 44
3130.5 50
3131.5 33
3132.5 13
3133.5 42
3134.5 43
3135.5 52
3136.5 0
3137.5 38
3138.5 59
3139.5 65
3140.5 68
3141.5 48
3142.5 58
3143.5 28
3144.5 29
3145.5 16
3146.5 34
3147.5 19
3148.5 -20
3149.5 29
3150.5 36
3151.5 30
3152.5 21
3153.5 44
3154.5 64
3155.5 67
3156.5 87
3157.5 28
3158.5 -21
3159.5 55
3160.5 59
3161.5 40
3162.5 -3
3163.5 43
3164.5 -8
3165.5 -4
3166.5 38
3167.5 62
3168.5 102
3169.5 43
3170.5 94
3171.5 36
3172.5 57
3173.5 35
3174.5 134
3175.5 176
3176.5 193
3177.5 137
3178.5 70
3179.5 74
3180.5 27
3181.5 25
3182.5 66
3183.5 55
3184.5 -10
3185.5 39
3186.5 63
3187.5 76
3188.5 59
3189.5 26
3190.5 41
3191.5 -27
3192.5 -36
3193.5 -32
3194.5 -10
3195.5 59
3196.5 38
3197.5 23
3198.5 -1
3199.5 -33
3200.5 31
3201.5 43
3202.5 75
3203.5 4
3204.5 -17
3205.5 106
3206.5 103
3207.5 59
3208.5 45
3209.5 38
3210.5 -1
3211.5 20
3212.5 4
3213.5 35
3214.5 -30
3215.5 47
3216.5 50
3217.5 19
3218.5 34
3219.5 31
3220.5 69
3221.5 32
3222.5 44
3223.5 19
3224.5 -4
3225.5 -21
3226.5 22
3227.5 41
3228.5 31
3229.5 60
3230.5 81
3231.5 53
3232.5 24
3233.5 80
3234.5 78
3235.5 35
3236.5 87
3237.5 40
3238.5 102
3239.5 151
3240.5 307
3241.5 511
3242.5 419
3243.5 323
3244.5 131
3245.5 51
3246.5 8
3247.5 20
3248.5 4
3249.5 45
3250.5 26
3251.5 62
3252.5 -8
3253.5 34
3254.5 55
3255.5 77
3256.5 -2
3257.5 82
3258.5 22
3259.5 83
3260.5 60
3261.5 39
3262.5 71
3263.5 11
3264.5 61
3265.5 100
3266.5 61
3267.5 75
3268.5 42
3269.5 -3
3270.5 13
3271.5 4
3272.5 22
3273.5 11
3274.5 4
3275.5 53
3276.5 25
3277.5 51
3278.5 33
3279.5 61
3280.5 40
3281.5 46
3282.5 58
3283.5 28
3284.5 41
3285.5 32
3286.5 47
3287.5 16
3288.5 26
3289.5 47
3290.5 69
3291.5 17
3292.5 72
3293.5 56
3294.5 53
3295.5 -19
3296.5 31
3297.5 65
3298.5 42
3299.5 19
3300.5 45
3301.5 32
3302.5 57
3303.5 5
3304.5 35
3305.5 96
3306.5 12
3307.5 61
3308.5 105
3309.5 12
3310.5 130
3311.5 18
3312.5 37
3313.5 37
3314.5 37
3315.5 33
3316.5 49
3317.5 18
3318.5 73
3319.5 59
3320.5 63
3321.5 97
3322.5 152
3323.5 103
3324.5 42
3325.5 31
3326.5 -22
3327.5 28
3328.5 17
3329.5 13
3330.5 -7
3331.5 -6
3332.5 27
3333.5 35
3334.5 27
3335.5 -24
3336.5 29
3337.5 26
3338.5 65
3339.5 57
3340.5 3
3341.5 2
3342.5 38
3343.5 35
3344.5 1
3345.5 5
3346.5 3
3347.5 -6
3348.5 15
3349.5 8
3350.5 -12
3351.5 26
3352.5 -36
3353.5 -26
3354.5 33
3355.5 26
3356.5 -3
3357.5 17
3358.5 8
3359.5 -22
3360.5 41
3361.5 27
3362.5 40
3363.5 66
3364.5 -5
3365.5 17
3366.5 76
3367.5 25
3368.5 10
3369.5 -7
3370.5 58
3371.5 13
3372.5 16
3373.5 82
3374.5 41
3375.5 31
3376.5 56
3377.5 44
3378.5 29
3379.5 18
3380.5 41
3381.5 61
3382.5 -4
3383.5 32
3384.5 20
3385.5 26
3386.5 38
3387.5 25
3388.5 47
3389.5 46
3390.5 29
3391.5 12
3392.5 43
3393.5 63
3394.5 15
3395.5 20
3396.5 16
3397.5 32
3398.5 27
3399.5 0
3400.5 -13
3401.5 61
3402.5 40
3403.5 33
3404.5 16
3405.5 23
3406.5 -13
3407.5 44
3408.5 64
3409.5 46
3410.5 8
3411.5 4
3412.5 41
3413.5 45
3414.5 32
3415.5 10
3416.5 -25
3417.5 -30
3418.5 43
3419.5 1
3420.5 72
3421.5 59
3422.5 14
3423.5 48
3424.5 57
3425.5 59
3426.5 -1
3427.5 -4
3428.5 34
3429.5 48
3430.5 54
3431.5 38
3432.5 31
3433.5 7
3434.5 48
3435.5 18
3436.5 57
3437.5 30
3438.5 38
3439.5 36
3440.5 21
3441.5 36
3442.5 -15
3443.5 14
3444.5 0
3445.5 -18
3446.5 -6
3447.5 -8
3448.5 32
3449.5 9
3450.5 21
3451.5 46
3452.5 15
3453.5 11
3454.5 55
3455.5 36
3456.5 56
3457.5 34
3458.5 37
3459.5 20
3460.5 63
3461.5 44
3462.5 20
3463.5 11
3464.5 7
3465.5 10
3466.5 14
3467.5 63
3468.5 70
3469.5 63
3470.5 19
3471.5 21
3472.5 28
3473.5 43
3474.5 0
3475.5 -25
3476.5 14
3477.5 14
3478.5 80
3479.5 -17
3480.5 20
3481.5 66
3482.5 0
3483.5 96
3484.5 36
3485.5 68
3486.5 94
3487.5 62
3488.5 73
3489.5 12
3490.5 49
3491.5 76
3492.5 34
3493.5 21
3494.5 4
3495.5 12
3496.5 3
3497.5 34
3498.5 1
3499.5 6
3500.5 43
3501.5 45
3502.5 -3
3503.5 45
3504.5 27
3505.5 16
3506.5 63
3507.5 33
3508.5 34
3509.5 9
3510.5 -12
3511.5 -18
3512.5 69
3513.5 -14
3514.5 31
3515.5 -23
3516.5 19
3517.5 12
3518.5 -1
3519.5 8
3520.5 45
3521.5 21
3522.5 41
3523.5 11
3524.5 -22
3525.5 27
3526.5 53
3527.5 65
3528.5 21
3529.5 43
3530.5 64
3531.5 41
3532.5 60
3533.5 17
3534.5 74
3535.5 19
3536.5 7
3537.5 35
3538.5 18
3539.5 1
3540.5 4
3541.5 21
3542.5 8
3543.5 50
3544.5 29
3545.5 44
3546.5 42
3547.5 21
3548.5 31
3549.5 39
3550.5 37
3551.5 36
3552.5 27
3553.5 8
3554.5 25
3555.5 12
3556.5 16
3557.5 9
3558.5 7
3559.5 -13
3560.5 8
3561.5 -15
3562.5 19
3563.5 13
3564.5 23
3565.5 0
3566.5 8
3567.5 56
3568.5 8
3569.5 2
3570.5 11
3571.5 21
3572.5 3
3573.5 39
3574.5 47
3575.5 36
3576.5 44
3577.5 32
3578.5 43
3579.5 40
3580.5 -5
3581.5 45
3582.5 46
3583.5 65
3584.5 61
3585.5 54
3586.5 80
3587.5 59
3588.5 54
3589.5 36
3590.5 -22
3591.5 24
3592.5 41
3593.5 34
3594.5 33
3595.5 24
3596.5 5
3597.5 -19
3598.5 1
3599.5 20
3600.5 25
3601.5 20
3602.5 6
3603.5 50
3604.5 20
3605.5 36
3606.5 20
3607.5 44
3608.5 14
3609.5 7
3610.5 43
3611.5 -21
3612.5 73
3613.5 18
3614.5 61
3615.5 20
3616.5 16
3617.5 31
3618.5 -11
3619.5 3
3620.5 0
3621.5 24
3622.5 24
3623.5 -21
3624.5 66
3625.5 31
3626.5 -20
3627.5 8
3628.5 -36
3629.5 0
3630.5 -25
3631.5 -15
3632.5 16
3633.5 9
3634.5 10
3635.5 31
3636.5 51
3637.5 32
3638.5 34
3639.5 5
3640.5 30
3641.5 48
3642.5 36
3643.5 90
3644.5 162
3645.5 88
3646.5 74
3647.5 61
3648.5 55
3649.5 24
3650.5 42
3651.5 20
3652.5 47
3653.5 56
3654.5 25
3655.5 14
3656.5 9
3657.5 41
3658.5 28
3659.5 51
3660.5 7
3661.5 6
3662.5 73
3663.5 4
3664.5 45
3665.5 51
3666.5 37
3667.5 37
3668.5 2
3669.5 34
3670.5 33
3671.5 41
3672.5 17
3673.5 8
3674.5 -21
3675.5 37
3676.5 34
3677.5 16
3678.5 22
3679.5 31
3680.5 56
3681.5 20
3682.5 43
3683.5 34
3684.5 53
3685.5 26
3686.5 6
3687.5 -25
3688.5 52
3689.5 12
3690.5 -9
3691.5 30
3692.5 47
3693.5 29
3694.5 62
3695.5 31
3696.5 69
3697.5 45
3698.5 43
3699.5 11
3700.5 46
3701.5 -15
3702.5 54
3703.5 33
3704.5 30
3705.5 31
3706.5 27
3707.5 -19
3708.5 -1
3709.5 29
3710.5 32
3711.5 61
3712.5 2
3713.5 0
3714.5 35
3715.5 57
3716.5 32
3717.5 43
3718.5 20
3719.5 47
3720.5 15
3721.5 61
3722.5 18
3723.5 70
3724.5 11
3725.5 40
3726.5 65
3727.5 18
3728.5 1
3729.5 60
3730.5 5
3731.5 36
3732.5 39
3733.5 31
3734.5 71
3735.5 24
3736.5 28
3737.5 42
3738.5 31
3739.5 44
3740.5 14
3741.5 20
3742.5 47
3743.5 113
3744.5 50
3745.5 42
3746.5 61
3747.5 31
3748.5 46
3749.5 33
3750.5 26
3751.5 50
3752.5 13
3753.5 47
3754.5 28
3755.5 42
3756.5 8
3757.5 0
3758.5 34
3759.5 21
3760.5 88
3761.5 30
3762.5 93
3763.5 36
3764.5 60
3765.5 2
3766.5 27
3767.5 17
3768.5 22
3769.5 -13
3770.5 33
3771.5 24
3772.5 -5
3773.5 -6
3774.5 -10
3775.5 23
3776.5 28
3777.5 89
3778.5 11
3779.5 15
3780.5 27
3781.5 18
3782.5 36
3783.5 12
3784.5 -1
3785.5 28
3786.5 32
3787.5 41
3788.5 15
3789.5 22
3790.5 42
3791.5 33
3792.5 39
3793.5 -18
3794.5 19
3795.5 60
3796.5 6
3797.5 31
3798.5 -1
3799.5 11
3800.5 54
3801.5 22
3802.5 12
3803.5 -12
3804.5 41
3805.5 36
3806.5 68
3807.5 45
3808.5 44
3809.5 66
3810.5 22
3811.5 21
3812.5 18
3813.5 46
3814.5 -12
3815.5 18
3816.5 19
3817.5 26
3818.5 20
3819.5 32
3820.5 40
3821.5 4
3822.5 40
3823.5 33
3824.5 84
3825.5 27
3826.5 -3
3827.5 10
3828.5 42
3829.5 13
3830.5 43
3831.5 1
3832.5 67
3833.5 25
3834.5 4
3835.5 24
3836.5 14
3837.5 45
3838.5 26
3839.5 38
3840.5 17
3841.5 35
3842.5 49
3843.5 -15
3844.5 26
3845.5 48
3846.5 28
3847.5 41
3848.5 37
3849.5 28
3850.5 12
3851.5 -6
3852.5 40
3853.5 -3
3854.5 26
3855.5 -8
3856.5 20
3857.5 39
3858.5 51
3859.5 -6
3860.5 51
3861.5 33
3862.5 16
3863.5 56
3864.5 17
3865.5 14
3866.5 16
3867.5 6
3868.5 9
3869.5 -4
3870.5 28
3871.5 50
3872.5 43
3873.5 41
3874.5 53
3875.5 54
3876.5 92
3877.5 46
3878.5 23
3879.5 8
3880.5 21
3881.5 46
3882.5 22
3883.5 20
3884.5 -30
3885.5 93
3886.5 36
3887.5 37
3888.5 0
3889.5 61
3890.5 41
3891.5 31
3892.5 53
3893.5 10
3894.5 62
3895.5 19
3896.5 -10
3897.5 -20
3898.5 -28
3899.5 56
3900.5 -20
3901.5 66
3902.5 58
3903.5 0
3904.5 41
3905.5 -23
3906.5 38
3907.5 -3
3908.5 23
3909.5 3
3910.5 -21
3911.5 3
3912.5 55
3913.5 4
3914.5 5
3915.5 57
3916.5 32
3917.5 -12
3918.5 28
3919.5 21
3920.5 6
3921.5 52
3922.5 24
3923.5 22
3924.5 25
3925.5 27
3926.5 21
3927.5 14
3928.5 34
3929.5 20
3930.5 24
3931.5 36
3932.5 0
3933.5 54
3934.5 51
3935.5 31
3936.5 3
3937.5 19
3938.5 -26
3939.5 6
3940.5 -11
3941.5 35
3942.5 4
3943.5 28
3944.5 62
3945.5 -7
3946.5 7
3947.5 28
3948.5 36
3949.5 31
3950.5 54
3951.5 -10
3952.5 38
3953.5 -13
3954.5 1
3955.5 19
3956.5 53
3957.5 -19
3958.5 55
3959.5 64
3960.5 43
3961.5 29
3962.5 30
3963.5 10
3964.5 26
3965.5 1
3966.5 24
3967.5 49
3968.5 10
3969.5 68
3970.5 47
3971.5 81
3972.5 74
3973.5 77
3974.5 74
3975.5 78
3976.5 29
3977.5 33
3978.5 29
3979.5 -6
3980.5 25
3981.5 25
3982.5 -15
3983.5 35
3984.5 -13
3985.5 16
3986.5 38
3987.5 3
3988.5 45
3989.5 -6
3990.5 -8
3991.5 24
3992.5 -33
3993.5 -27
3994.5 8
3995.5 12
3996.5 28
3997.5 48
3998.5 19
3999.5 48
4000.5 34
4001.5 9
4002.5 32
4003.5 31
4004.5 4
4005.5 25
4006.5 13
4007.5 44
4008.5 15
4009.5 9
4010.5 -19
4011.5 46
4012.5 -5
4013.5 -3
4014.5 13
4015.5 17
4016.5 -2
4017.5 28
4018.5 23
4019.5 46
4020.5 31
4021.5 -16
4022.5 13
4023.5 -20
4024.5 -51
4025.5 -80
4026.5 -51
4027.5 -15
4028.5 13
4029.5 -19
4030.5 49
4031.5 49
4032.5 3
4033.5 35
4034.5 -34
4035.5 19
4036.5 19
4037.5 -6
4038.5 12
4039.5 43
4040.5 17
4041.5 9
4042.5 57
4043.5 10
4044.5 18
4045.5 23
4046.5 -2
4047.5 21
4048.5 24
4049.5 28
4050.5 8
4051.5 20
4052.5 13
4053.5 0
4054.5 26
4055.5 28
4056.5 30
4057.5 32
4058.5 8
4059.5 20
4060.5 -7
4061.5 39
4062.5 12
4063.5 40
4064.5 -2
4065.5 33
4066.5 8
4067.5 1
4068.5 -14
4069.5 52
4070.5 31
4071.5 17
4072.5 44
4073.5 6
4074.5 -3
4075.5 14
4076.5 0
4077.5 50
4078.5 28
4079.5 -1
4080.5 -1
4081.5 -19
4082.5 48
4083.5 4
4084.5 11
4085.5 31
4086.5 30
4087.5 71
4088.5 21
4089.5 24
4090.5 18
4091.5 -16
4092.5 0
4093.5 -1
4094.5 26
4095.5 6
4096.5 -15
4097.5 33
4098.5 12
4099.5 13
4100.5 40
4101.5 -12
4102.5 20
4103.5 2
4104.5 53
4105.5 32
4106.5 7
4107.5 15
4108.5 45
4109.5 24
4110.5 16
4111.5 22
4112.5 -5
4113.5 24
4114.5 36
4115.5 62
4116.5 41
4117.5 59
4118.5 49
4119.5 62
4120.5 27
4121.5 45
4122.5 -1
4123.5 -3
4124.5 11
4125.5 12
4126.5 18
4127.5 -3
4128.5 31
4129.5 24
4130.5 7
4131.5 -32
4132.5 21
4133.5 -8
4134.5 14
4135.5 17
4136.5 22
4137.5 45
4138.5 41
4139.5 -19
4140.5 7
4141.5 21
4142.5 7
4143.5 -7
4144.5 43
4145.5 -15
4146.5 -8
4147.5 35
4148.5 -37
4149.5 35
4150.5 50
4151.5 46
4152.5 42
4153.5 32
4154.5 32
4155.5 42
4156.5 24
4157.5 18
4158.5 32
4159.5 8
4160.5 17
4161.5 35
4162.5 29
4163.5 -2
4164.5 26
4165.5 39
4166.5 13
4167.5 26
4168.5 -2
4169.5 -1
4170.5 23
4171.5 73
4172.5 14
4173.5 -3
4174.5 20
4175.5 71
4176.5 36
4177.5 -9
4178.5 -2
4179.5 23
4180.5 31
4181.5 23
4182.5 17
4183.5 36
4184.5 92
4185.5 54
4186.5 20
4187.5 29
4188.5 28
4189.5 22
4190.5 -16
4191.5 -11
4192.5 32
4193.5 70
4194.5 17
4195.5 -3
4196.5 30
4197.5 29
4198.5 29
4199.5 32
4200.5 9
4201.5 46
4202.5 46
4203.5 36
4204.5 47
4205.5 64
4206.5 69
4207.5 88
4208.5 48
4209.5 88
4210.5 91
4211.5 36
4212.5 24
4213.5 35
4214.5 8
4215.5 35
4216.5 -4
4217.5 -9
4218.5 19
4219.5 -7
4220.5 44
4221.5 33
4222.5 -9
4223.5 -4
4224.5 41
4225.5 -1
4226.5 48
4227.5 34
4228.5 44
4229.5 -1
4230.5 26
4231.5 -21
4232.5 37
4233.5 39
4234.5 45
4235.5 65
4236.5 44
4237.5 49
4238.5 39
4239.5 1
4240.5 12
4241.5 17
4242.5 -17
4243.5 18
4244.5 35
4245.5 -1
4246.5 -12
4247.5 26
4248.5 4
4249.5 18
4250.5 3
4251.5 7
4252.5 20
4253.5 32
4254.5 24
4255.5 -9
4256.5 28
4257.5 44
4258.5 8
4259.5 32
4260.5 18
4261.5 34
4262.5 0
4263.5 9
4264.5 50
4265.5 28
4266.5 -8
4267.5 16
4268.5 10
4269.5 37
4270.5 29
4271.5 10
4272.5 85
4273.5 45
4274.5 108
4275.5 102
4276.5 102
4277.5 42
4278.5 46
4279.5 13
4280.5 9
4281.5 6
4282.5 57
4283.5 53
4284.5 -16
4285.5 -2
4286.5 -23
4287.5 25
4288.5 33
4289.5 -18
4290.5 29
4291.5 18
4292.5 41
4293.5 36
4294.5 34
4295.5 34
4296.5 45
4297.5 56
4298.5 3
4299.5 -5
4300.5 16
4301.5 5
4302.5 32
4303.5 27
4304.5 16
4305.5 28
4306.5 37
4307.5 13
4308.5 50
4309.5 0
4310.5 13
4311.5 20
4312.5 33
4313.5 31
4314.5 36
4315.5 49
4316.5 4
4317.5 30
4318.5 6
4319.5 34
4320.5 27
4321.5 -11
4322.5 17
4323.5 30
4324.5 27
4325.5 39
4326.5 37
4327.5 -19
4328.5 33
4329.5 14
4330.5 26
4331.5 -4
4332.5 11
4333.5 26
4334.5 14
4335.5 -10
4336.5 43
4337.5 -15
4338.5 20
4339.5 29
4340.5 -1
4341.5 37
4342.5 16
4343.5 -4
4344.5 33
4345.5 10
4346.5 -2
4347.5 30
4348.5 12
4349.5 -34
4350.5 -3
4351.5 6
4352.5 2
4353.5 8
4354.5 27
4355.5 -15
4356.5 10
4357.5 24
4358.5 -36
4359.5 -13
4360.5 -1
4361.5 -38
4362.5 0
4363.5 1
4364.5 -9
4365.5 -60
4366.5 0
4367.5 12
4368.5 -25
4369.5 50
4370.5 23
4371.5 1
4372.5 55
4373.5 -3
4374.5 51
4375.5 10
4376.5 32
4377.5 15
4378.5 14
4379.5 42
4380.5 -4
4381.5 45
4382.5 63
4383.5 49
4384.5 96
4385.5 23
4386.5 56
4387.5 60
4388.5 73
4389.5 28
4390.5 55
4391.5 -14
4392.5 59
4393.5 10
4394.5 55
4395.5 27
4396.5 41
4397.5 17
4398.5 -4
4399.5 -6
4400.5 21
4401.5 10
4402.5 19
4403.5 21
4404.5 29
4405.5 8
4406.5 21
4407.5 44
4408.5 42
4409.5 -1
4410.5 20
4411.5 -12
4412.5 6
4413.5 18
4414.5 34
4415.5 18
4416.5 -20
4417.5 31
4418.5 0
4419.5 4
4420.5 -26
4421.5 17
4422.5 34
4423.5 29
4424.5 17
4425.5 41
4426.5 27
4427.5 23
4428.5 -16
4429.5 20
4430.5 60
4431.5 20
4432.5 11
4433.5 32
4434.5 34
4435.5 20
4436.5 -1
4437.5 14
4438.5 1
4439.5 42
4440.5 23
4441.5 24
4442.5 -2
4443.5 38
4444.5 1
4445.5 -7
4446.5 19
4447.5 32
4448.5 26
4449.5 15
4450.5 7
4451.5 50
4452.5 -9
4453.5 2
4454.5 -8
4455.5 40
4456.5 28
4457.5 23
4458.5 55
4459.5 21
4460.5 62
4461.5 45
4462.5 1
4463.5 -47
4464.5 16
4465.5 36
4466.5 21
4467.5 -6
4468.5 6
4469.5 23
4470.5 -8
4471.5 27
4472.5 17
4473.5 8
4474.5 32
4475.5 23
4476.5 41
4477.5 26
4478.5 51
4479.5 68
4480.5 40
4481.5 44
4482.5 51
4483.5 57
4484.5 57
4485.5 8
4486.5 53
4487.5 33
4488.5 57
4489.5 18
4490.5 43
4491.5 58
4492.5 48
4493.5 35
4494.5 17
4495.5 41
4496.5 -9
4497.5 -2
4498.5 28
4499.5 4
4500.5 13
4501.5 16
4502.5 11
4503.5 24
4504.5 20
4505.5 14
4506.5 24
4507.5 8
4508.5 6
4509.5 0
4510.5 33
4511.5 6
4512.5 7
4513.5 10
4514.5 9
4515.5 24
4516.5 47
4517.5 22
4518.5 32
4519.5 28
4520.5 20
4521.5 20
4522.5 41
4523.5 53
4524.5 -3
4525.5 -5
4526.5 35
4527.5 -17
4528.5 0
4529.5 32
4530.5 28
4531.5 37
4532.5 51
4533.5 6
4534.5 7
4535.5 44
4536.5 18
4537.5 20
4538.5 31
4539.5 17
4540.5 -4
4541.5 13
4542.5 51
4543.5 0
4544.5 29
4545.5 35
4546.5 7
4547.5 2
4548.5 32
4549.5 12
4550.5 -6
4551.5 36
4552.5 29
4553.5 5
4554.5 -40
4555.5 -20
4556.5 15
4557.5 18
4558.5 6
4559.5 61
4560.5 42
4561.5 -3
4562.5 16
4563.5 24
4564.5 31
4565.5 32
4566.5 24
4567.5 -29
4568.5 3
4569.5 16
4570.5 3
4571.5 20
4572.5 -9
4573.5 -20
4574.5 30
4575.5 -7
4576.5 11
4577.5 32
4578.5 5
4579.5 8
4580.5 4
4581.5 6
4582.5 -21
4583.5 18
4584.5 -8
4585.5 0
4586.5 41
4587.5 29
4588.5 -15
4589.5 -26
4590.5 -4
4591.5 8
4592.5 19
4593.5 1
4594.5 32
4595.5 15
4596.5 25
4597.5 35
4598.5 29
4599.5 22
4600.5 13
4601.5 29
4602.5 16
4603.5 15
4604.5 -15
4605.5 5
4606.5 13
4607.5 27
4608.5 41
4609.5 21
4610.5 25
4611.5 -14
4612.5 13
4613.5 41
4614.5 29
4615.5 26
4616.5 -7
4617.5 51
4618.5 23
4619.5 4
4620.5 5
4621.5 37
4622.5 44
4623.5 -13
4624.5 36
4625.5 32
4626.5 32
4627.5 36
4628.5 8
4629.5 19
4630.5 -5
4631.5 15
4632.5 21
4633.5 -10
4634.5 10
4635.5 24
4636.5 -5
4637.5 5
4638.5 -30
4639.5 33
4640.5 -22
4641.5 -14
4642.5 32
4643.5 12
4644.5 -1
4645.5 46
4646.5 28
4647.5 27
4648.5 23
4649.5 -5
4650.5 60
4651.5 -9
4652.5 0
4653.5 1
4654.5 10
4655.5 12
4656.5 48
4657.5 20
4658.5 32
4659.5 5
4660.5 18
4661.5 -25
4662.5 4
4663.5 -17
4664.5 22
4665.5 -7
4666.5 6
4667.5 -23
4668.5 11
4669.5 18
4670.5 30
4671.5 35
4672.5 -9
4673.5 54
4674.5 39
4675.5 -12
4676.5 25
4677.5 28
4678.5 5
4679.5 24
4680.5 5
4681.5 36
4682.5 19
4683.5 2
4684.5 13
4685.5 -32
4686.5 10
4687.5 26
4688.5 0
4689.5 0
4690.5 10
4691.5 5
4692.5 40
4693.5 18
4694.5 17
4695.5 -3
4696.5 31
4697.5 2
4698.5 1
4699.5 -33
4700.5 2
4701.5 9
4702.5 54
4703.5 24
4704.5 19
4705.5 22
4706.5 9
4707.5 38
4708.5 48
4709.5 99
4710.5 80
4711.5 88
4712.5 110
4713.5 112
4714.5 79
4715.5 105
4716.5 49
4717.5 47
4718.5 -2
4719.5 42
4720.5 33
4721.5 34
4722.5 14
4723.5 29
4724.5 22
4725.5 -1
4726.5 0
4727.5 -10
4728.5 13
4729.5 23
4730.5 -3
4731.5 33
4732.5 40
4733.5 25
4734.5 47
4735.5 -10
4736.5 -6
4737.5 5
4738.5 28
4739.5 56
4740.5 18
4741.5 5
4742.5 23
4743.5 3
4744.5 24
4745.5 19
4746.5 14
4747.5 66
4748.5 0
4749.5 17
4750.5 -30
4751.5 10
4752.5 8
4753.5 8
4754.5 18
4755.5 21
4756.5 -3
4757.5 6
4758.5 6
4759.5 14
4760.5 30
4761.5 19
4762.5 30
4763.5 15
4764.5 -4
4765.5 13
4766.5 24
4767.5 22
4768.5 22
4769.5 23
4770.5 28
4771.5 15
4772.5 15
4773.5 18
4774.5 17
4775.5 45
4776.5 11
4777.5 16
4778.5 10
4779.5 17
4780.5 21
4781.5 -29
4782.5 19
4783.5 10
4784.5 -15
4785.5 -15
4786.5 -2
4787.5 29
4788.5 -30
4789.5 10
4790.5 -20
4791.5 19
4792.5 36
4793.5 15
4794.5 0
4795.5 -8
4796.5 -2
4797.5 31
4798.5 -1
4799.5 30
4800.5 45
4801.5 -5
4802.5 -22
4803.5 18
4804.5 5
4805.5 46
4806.5 8
4807.5 15
4808.5 23
4809.5 3
4810.5 32
4811.5 29
4812.5 84
4813.5 55
4814.5 55
4815.5 63
4816.5 72
4817.5 60
4818.5 10
4819.5 4
4820.5 15
4821.5 -3
4822.5 1
4823.5 41
4824.5 17
4825.5 -12
4826.5 -20
4827.5 0
4828.5 31
4829.5 34
4830.5 -7
4831.5 50
4832.5 19
4833.5 17
4834.5 26
4835.5 69
4836.5 57
4837.5 41
4838.5 28
4839.5 41
4840.5 4
4841.5 19
4842.5 1
4843.5 13
4844.5 32
4845.5 -24
4846.5 8
4847.5 25
4848.5 53
4849.5 4
4850.5 2
4851.5 -10
4852.5 25
4853.5 9
4854.5 21
4855.5 9
4856.5 12
4857.5 1
4858.5 18
4859.5 27
4860.5 -22
4861.5 12
4862.5 22
4863.5 -6
4864.5 9
4865.5 -3
4866.5 -20
4867.5 11
4868.5 7
4869.5 -18
4870.5 17
4871.5 46
4872.5 -8
4873.5 -7
4874.5 -34
4875.5 28
4876.5 34
4877.5 27
4878.5 12
4879.5 5
4880.5 3
4881.5 -8
4882.5 64
4883.5 -25
4884.5 13
4885.5 46
4886.5 12
4887.5 7
4888.5 35
4889.5 48
4890.5 63
4891.5 15
4892.5 38
4893.5 41
4894.5 30
4895.5 24
4896.5 -17
4897.5 2
4898.5 -16
4899.5 20
4900.5 37
4901.5 14
4902.5 39
4903.5 14
4904.5 33
4905.5 11
4906.5 18
4907.5 30
4908.5 -1
4909.5 21
4910.5 13
4911.5 16
4912.5 22
4913.5 1
4914.5 -13
4915.5 16
4916.5 49
4917.5 5
4918.5 66
4919.5 53
4920.5 7
4921.5 21
4922.5 43
4923.5 44
4924.5 52
4925.5 30
4926.5 -4
4927.5 6
4928.5 26
4929.5 23
4930.5 19
4931.5 2
4932.5 33
4933.5 52
4934.5 -5
4935.5 7
4936.5 3
4937.5 11
4938.5 31
4939.5 -22
4940.5 4
4941.5 -5
4942.5 9
4943.5 20
4944.5 49
4945.5 -4
4946.5 -16
4947.5 4
4948.5 5
4949.5 1
4950.5 -11
4951.5 0
4952.5 19
4953.5 6
4954.5 44
4955.5 4
4956.5 -4
4957.5 -7
4958.5 34
4959.5 27
4960.5 -28
4961.5 3
4962.5 33
4963.5 5
4964.5 14
4965.5 25
4966.5 16
4967.5 24
4968.5 12
4969.5 21
4970.5 -14
4971.5 9
4972.5 34
4973.5 41
4974.5 36
4975.5 -7
4976.5 29
4977.5 13
4978.5 18
4979.5 11
4980.5 19
4981.5 15
4982.5 43
4983.5 28
4984.5 13
4985.5 33
4986.5 27
4987.5 57
4988.5 101
4989.5 83
4990.5 109
4991.5 48
4992.5 52
4993.5 55
4994.5 31
4995.5 17
4996.5 -14
4997.5 -24
4998.5 10
4999.5 5
5000.5 -26
5001.5 -6
5002.5 -8
5003.5 27
5004.5 58
5005.5 14
5006.5 -13
5007.5 42
5008.5 46
5009.5 5
5010.5 24
5011.5 16
5012.5 4
5013.5 18
5014.5 -8
5015.5 18
5016.5 17
5017.5 3
5018.5 -16
5019.5 2
5020.5 -19
5021.5 26
5022.5 1
5023.5 -10
5024.5 3
5025.5 31
5026.5 16
5027.5 29
5028.5 -3
5029.5 33
5030.5 28
5031.5 28
5032.5 29
5033.5 -5
5034.5 13
5035.5 17
5036.5 26
5037.5 -8
5038.5 47
5039.5 8
5040.5 -6
5041.5 24
5042.5 24
5043.5 -11
5044.5 -16
5045.5 19
5046.5 9
5047.5 -23
5048.5 7
5049.5 34
5050.5 34
5051.5 9
5052.5 14
5053.5 3
5054.5 1
5055.5 -4
5056.5 1
5057.5 0
5058.5 -7
5059.5 -37
5060.5 -12
5061.5 13
5062.5 4
5063.5 11
5064.5 21
5065.5 12
5066.5 41
5067.5 2
5068.5 -18
5069.5 7
5070.5 -9
5071.5 33
5072.5 -6
5073.5 -9
5074.5 19
5075.5 50
5076.5 25
5077.5 17
5078.5 -9
5079.5 0
5080.5 15
5081.5 36
5082.5 -15
5083.5 -13
5084.5 16
5085.5 6
5086.5 25
5087.5 13
5088.5 11
5089.5 21
5090.5 5
5091.5 29
5092.5 49
5093.5 12
5094.5 0
5095.5 23
5096.5 26
5097.5 26
5098.5 -3
5099.5 42
5100.5 13
5101.5 41
5102.5 45
5103.5 68
5104.5 -5
5105.5 19
5106.5 17
5107.5 22
5108.5 -15
5109.5 29
5110.5 36
5111.5 16
5112.5 27
5113.5 8
5114.5 18
5115.5 41
5116.5 -8
5117.5 20
5118.5 -9
5119.5 16
5120.5 22
5121.5 8
5122.5 0
5123.5 9
5124.5 29
5125.5 7
5126.5 20
5127.5 37
5128.5 3
5129.5 14
5130.5 0
5131.5 9
5132.5 9
5133.5 30
5134.5 39
5135.5 41
5136.5 39
5137.5 39
5138.5 24
5139.5 -30
5140.5 2
5141.5 38
5142.5 39
5143.5 -18
5144.5 -4
5145.5 2
5146.5 -4
5147.5 -17
5148.5 19
5149.5 20
5150.5 -11
5151.5 14
5152.5 -14
5153.5 16
5154.5 20
5155.5 7
5156.5 24
5157.5 -3
5158.5 38
5159.5 22
5160.5 48
5161.5 77
5162.5 4
5163.5 50
5164.5 46
5165.5 -29
5166.5 11
5167.5 -23
5168.5 -4
5169.5 20
5170.5 5
5171.5 21
5172.5 13
5173.5 14
5174.5 31
5175.5 -7
5176.5 6
5177.5 37
5178.5 2
5179.5 -1
5180.5 -9
5181.5 10
5182.5 20
5183.5 51
5184.5 26
5185.5 23
5186.5 20
5187.5 4
5188.5 -24
5189.5 3
5190.5 -3
5191.5 46
5192.5 21
5193.5 2
5194.5 29
5195.5 -38
5196.5 -12
5197.5 21
5198.5 -2
5199.5 16
5200.5 21
5201.5 18
5202.5 8
5203.5 10
5204.5 15
5205.5 -2
5206.5 23
5207.5 -6
5208.5 5
5209.5 -2
5210.5 -11
5211.5 -10
5212.5 25
5213.5 -10
5214.5 18
5215.5 -3
5216.5 29
5217.5 42
5218.5 46
5219.5 94
5220.5 149
5221.5 187
5222.5 256
5223.5 272
5224.5 241
5225.5 180
5226.5 126
5227.5 13
5228.5 18
5229.5 40
5230.5 40
5231.5 4
5232.5 10
5233.5 -33
5234.5 5
5235.5 15
5236.5 -13
5237.5 10
5238.5 -27
5239.5 -22
5240.5 5
5241.5 -26
5242.5 -3
5243.5 -10
5244.5 12
5245.5 -1
5246.5 0
5247.5 14
5248.5 17
5249.5 36
5250.5 28
5251.5 45
5252.5 5
5253.5 14
5254.5 23
5255.5 2
5256.5 22
5257.5 18
5258.5 18
5259.5 -36
5260.5 -25
5261.5 -8
5262.5 8
5263.5 -26
5264.5 -43
5265.5 42
5266.5 23
5267.5 9
5268.5 8
5269.5 -24
5270.5 -4
5271.5 11
5272.5 -7
5273.5 -5
5274.5 31
5275.5 -5
5276.5 18
5277.5 -13
5278.5 0
5279.5 1
5280.5 -9
5281.5 2
5282.5 -6
5283.5 2
5284.5 -3
5285.5 42
5286.5 42
5287.5 39
5288.5 24
5289.5 29
5290.5 28
5291.5 21
5292.5 -2
5293.5 -1
5294.5 6
5295.5 -16
5296.5 -22
5297.5 51
5298.5 9
5299.5 -13
5300.5 1
5301.5 12
5302.5 -26
5303.5 35
5304.5 5
5305.5 11
5306.5 -6
5307.5 4
5308.5 0
5309.5 7
5310.5 -2
5311.5 -4
5312.5 -13
5313.5 18
5314.5 7
5315.5 8
5316.5 -30
5317.5 -12
5318.5 2
5319.5 7
5320.5 -24
5321.5 10
5322.5 20
5323.5 -3
5324.5 3
5325.5 -13
5326.5 -7
5327.5 11
5328.5 5
5329.5 -32
5330.5 -33
5331.5 39
5332.5 10
5333.5 12
5334.5 18
5335.5 20
5336.5 -12
5337.5 -4
5338.5 14
5339.5 11
5340.5 8
5341.5 33
5342.5 21
5343.5 10
5344.5 -3
5345.5 7
5346.5 8
5347.5 27
5348.5 -23
5349.5 19
5350.5 33
5351.5 5
5352.5 0
5353.5 -24
5354.5 11
5355.5 9
5356.5 32
5357.5 -42
5358.5 -5
5359.5 23
5360.5 -6
5361.5 -11
5362.5 -1
5363.5 7
5364.5 -6
5365.5 1
5366.5 -7
5367.5 -2
5368.5 4
5369.5 -12
5370.5 -15
5371.5 23
5372.5 -9
5373.5 -33
5374.5 -3
5375.5 11
5376.5 0
5377.5 6
5378.5 19
5379.5 7
5380.5 -10
5381.5 -52
5382.5 -10
5383.5 -32
5384.5 -9
5385.5 -10
5386.5 -11
5387.5 22
5388.5 -42
5389.5 -20
5390.5 97
5391.5 29
5392.5 51
5393.5 9
5394.5 16
5395.5 12
5396.5 66
5397.5 120
5398.5 57
5399.5 73
5400.5 29
5401.5 37
5402.5 9
5403.5 18
5404.5 22
5405.5 5
5406.5 42
5407.5 27
5408.5 30
5409.5 36
5410.5 -3
5411.5 13
5412.5 2
5413.5 25
5414.5 15
5415.5 2
5416.5 5
5417.5 7
5418.5 -2
5419.5 -16
5420.5 3
5421.5 4
5422.5 -15
5423.5 -29
5424.5 25
5425.5 52
5426.5 2
5427.5 10
5428.5 12
5429.5 12
5430.5 -19
5431.5 28
5432.5 11
5433.5 3
5434.5 10
5435.5 -5
5436.5 0
5437.5 6
5438.5 19
5439.5 20
5440.5 -12
5441.5 15
5442.5 24
5443.5 25
5444.5 4
5445.5 -17
5446.5 4
5447.5 3
5448.5 8
5449.5 11
5450.5 5
5451.5 13
5452.5 26
5453.5 6
5454.5 27
5455.5 -11
5456.5 12
5457.5 23
5458.5 15
5459.5 17
5460.5 6
5461.5 -27
5462.5 8
5463.5 11
5464.5 3
5465.5 -19
5466.5 37
5467.5 18
5468.5 14
5469.5 6
5470.5 -12
5471.5 -6
5472.5 19
5473.5 5
5474.5 -32
5475.5 11
5476.5 23
5477.5 12
5478.5 8
5479.5 18
5480.5 2
5481.5 -1
5482.5 -41
5483.5 11
5484.5 9
5485.5 31
5486.5 16
5487.5 -10
5488.5 -13
5489.5 -17
5490.5 12
5491.5 -28
5492.5 -2
5493.5 16
5494.5 31
5495.5 21
5496.5 1
5497.5 34
5498.5 35
5499.5 19
5500.5 13
5501.5 -7
5502.5 19
5503.5 23
5504.5 31
5505.5 5
5506.5 10
5507.5 -3
5508.5 19
5509.5 18
5510.5 8
5511.5 4
5512.5 32
5513.5 -30
5514.5 47
5515.5 29
5516.5 -21
5517.5 -19
5518.5 42
5519.5 8
5520.5 20
5521.5 23
5522.5 29
5523.5 33
5524.5 -13
5525.5 -18
5526.5 38
5527.5 31
5528.5 -5
5529.5 -11
5530.5 10
5531.5 12
5532.5 22
5533.5 3
5534.5 29
5535.5 2
5536.5 38
5537.5 10
5538.5 0
5539.5 17
5540.5 -21
5541.5 11
5542.5 27
5543.5 11
5544.5 0
5545.5 0
5546.5 -2
5547.5 15
5548.5 -29
5549.5 10
5550.5 -6
5551.5 -4
5552.5 -6
5553.5 6
5554.5 -11
5555.5 18
5556.5 20
5557.5 -28
5558.5 -18
5559.5 -6
5560.5 -2
5561.5 -9
5562.5 -14
5563.5 7
5564.5 8
5565.5 21
5566.5 -3
5567.5 25
5568.5 18
5569.5 24
5570.5 -14
5571.5 13
5572.5 1
5573.5 11
5574.5 7
5575.5 5
5576.5 14
5577.5 -25
5578.5 30
5579.5 38
5580.5 3
5581.5 -6
5582.5 -15
5583.5 -1
5584.5 12
5585.5 -2
5586.5 -1
5587.5 -46
5588.5 -33
5589.5 -13
5590.5 9
5591.5 -17
5592.5 19
5593.5 1
5594.5 26
5595.5 40
5596.5 14
5597.5 9
5598.5 -10
5599.5 18
5600.5 -5
5601.5 20
5602.5 18
5603.5 13
5604.5 46
5605.5 11
5606.5 25
5607.5 1
5608.5 30
5609.5 51
5610.5 12
5611.5 65
5612.5 32
5613.5 19
5614.5 17
5615.5 -6
5616.5 27
5617.5 11
5618.5 -17
5619.5 24
5620.5 2
5621.5 -14
5622.5 -1
5623.5 -9
5624.5 1
5625.5 13
5626.5 7
5627.5 -8
5628.5 20
5629.5 -12
5630.5 2
5631.5 11
5632.5 3
5633.5 11
5634.5 18
5635.5 14
5636.5 -7
5637.5 -21
5638.5 -9
5639.5 6
5640.5 14
5641.5 1
5642.5 -13
5643.5 5
5644.5 9
5645.5 -22
5646.5 -8
5647.5 12
5648.5 -13
5649.5 9
5650.5 28
5651.5 30
5652.5 8
5653.5 4
5654.5 9
5655.5 -30
5656.5 23
5657.5 2
5658.5 31
5659.5 12
5660.5 1
5661.5 3
5662.5 9
5663.5 -5
5664.5 10
5665.5 6
5666.5 -7
5667.5 6
5668.5 7
5669.5 3
5670.5 -45
5671.5 12
5672.5 2
5673.5 -19
5674.5 -28
5675.5 -17
5676.5 -6
5677.5 3
5678.5 18
5679.5 16
5680.5 32
5681.5 16
5682.5 6
5683.5 9
5684.5 16
5685.5 6
5686.5 10
5687.5 -6
5688.5 -13
5689.5 4
5690.5 23
5691.5 6
5692.5 46
5693.5 50
5694.5 55
5695.5 74
5696.5 63
5697.5 88
5698.5 67
5699.5 -1
5700.5 34
5701.5 38
5702.5 -4
5703.5 16
5704.5 15
5705.5 46
5706.5 40
5707.5 13
5708.5 3
5709.5 9
5710.5 9
5711.5 16
5712.5 1
5713.5 22
5714.5 5
5715.5 -12
5716.5 -22
5717.5 -25
5718.5 12
5719.5 -24
5720.5 -8
5721.5 22
5722.5 -28
5723.5 -19
5724.5 -13
5725.5 -16
5726.5 -33
5727.5 -19
5728.5 30
5729.5 9
5730.5 7
5731.5 -14
5732.5 -11
5733.5 1
5734.5 20
5735.5 -11
5736.5 1
5737.5 39
5738.5 -8
5739.5 30
5740.5 -29
5741.5 20
5742.5 -2
5743.5 -8
5744.5 20
5745.5 15
5746.5 16
5747.5 21
5748.5 21
5749.5 23
5750.5 8
5751.5 -23
5752.5 -2
5753.5 6
5754.5 10
5755.5 1
5756.5 46
5757.5 1
5758.5 -8
5759.5 26
5760.5 21
5761.5 33
5762.5 41
5763.5 -15
5764.5 13
5765.5 19
5766.5 2
5767.5 11
5768.5 29
5769.5 7
5770.5 15
5771.5 -6
5772.5 -23
5773.5 -2
5774.5 -13
5775.5 -19
5776.5 20
5777.5 -7
5778.5 9
5779.5 9
5780.5 2
5781.5 4
5782.5 -13
5783.5 5
5784.5 -4
5785.5 -6
5786.5 -2
5787.5 10
5788.5 -9
5789.5 -28
5790.5 -11
5791.5 12
5792.5 6
5793.5 2
5794.5 4
5795.5 15
5796.5 -5
5797.5 22
5798.5 32
5799.5 -4
5800.5 19
5801.5 2
5802.5 -9
5803.5 -4
5804.5 -14
5805.5 1
5806.5 12
5807.5 2
5808.5 -13
5809.5 4
5810.5 23
5811.5 2
5812.5 -17
5813.5 10
5814.5 3
5815.5 2
5816.5 10
5817.5 -17
5818.5 -1
5819.5 18
5820.5 2
5821.5 11
5822.5 10
5823.5 4
5824.5 18
5825.5 7
5826.5 -6
5827.5 3
5828.5 10
5829.5 43
5830.5 -20
5831.5 11
5832.5 13
5833.5 0
5834.5 -18
5835.5 22
5836.5 21
5837.5 -3
5838.5 -6
5839.5 7
5840.5 -22
5841.5 42
5842.5 5
5843.5 3
5844.5 22
5845.5 20
5846.5 2
5847.5 10
5848.5 13
5849.5 -7
5850.5 9
5851.5 4
5852.5 3
5853.5 -19
5854.5 9
5855.5 11
5856.5 2
5857.5 6
5858.5 -18
5859.5 -15
5860.5 -1
5861.5 21
5862.5 -21
5863.5 0
5864.5 26
5865.5 5
5866.5 9
5867.5 -6
5868.5 11
5869.5 -5
5870.5 -4
5871.5 -5
5872.5 15
5873.5 6
5874.5 12
5875.5 -16
5876.5 -10
5877.5 5
5878.5 -13
5879.5 -10
5880.5 -13
5881.5 -26
5882.5 -26
5883.5 -10
5884.5 -41
5885.5 -38
5886.5 -7
5887.5 -17
5888.5 -18
5889.5 4
5890.5 14
5891.5 1
5892.5 -14
5893.5 1
5894.5 25
5895.5 9
5896.5 27
5897.5 -33
5898.5 43
5899.5 29
5900.5 13
5901.5 49
5902.5 64
5903.5 32
5904.5 47
5905.5 40
5906.5 82
5907.5 104
5908.5 119
5909.5 80
5910.5 125
5911.5 82
5912.5 39
5913.5 6
5914.5 -6
5915.5 19
5916.5 -6
5917.5 10
5918.5 4
5919.5 4
5920.5 14
5921.5 -9
5922.5 2
5923.5 4
5924.5 -4
5925.5 -5
5926.5 -33
5927.5 -2
5928.5 -4
5929.5 -13
5930.5 10
5931.5 0
5932.5 -8
5933.5 -4
5934.5 -33
5935.5 -1
5936.5 -10
5937.5 -6
5938.5 2
5939.5 6
5940.5 23
5941.5 4
5942.5 3
5943.5 13
5944.5 0
5945.5 1
5946.5 12
5947.5 -4
5948.5 17
5949.5 -4
5950.5 -13
5951.5 12
5952.5 3
5953.5 10
5954.5 -12
5955.5 5
5956.5 10
5957.5 -18
5958.5 -6
5959.5 -5
5960.5 -10
5961.5 -24
5962.5 -21
5963.5 10
5964.5 -12
5965.5 -4
5966.5 -9
5967.5 2
5968.5 -29
5969.5 -5
5970.5 3
5971.5 -2
5972.5 -18
5973.5 24
5974.5 10
5975.5 -3
5976.5 -9
5977.5 4
5978.5 -10
5979.5 -3
5980.5 17
5981.5 1
5982.5 -6
5983.5 0
5984.5 7
5985.5 -7
5986.5 -15
5987.5 2
5988.5 6
5989.5 12
5990.5 7
5991.5 -18
5992.5 18
5993.5 -2
5994.5 13
5995.5 14
5996.5 2
5997.5 24
5998.5 15
5999.5 12
6000.5 -37
6001.5 -34
6002.5 32
6003.5 17
6004.5 -8
6005.5 9
6006.5 -2
6007.5 4
6008.5 3
6009.5 13
6010.5 9
6011.5 -15
6012.5 6
6013.5 -15
6014.5 -26
6015.5 -4
6016.5 6
6017.5 18
6018.5 1
6019.5 4
6020.5 -9
6021.5 -1
6022.5 1
6023.5 17
6024.5 -6
6025.5 19
6026.5 7
6027.5 20
6028.5 20
6029.5 14
6030.5 -11
6031.5 19
6032.5 12
6033.5 -12
6034.5 19
6035.5 0
6036.5 -24
6037.5 5
6038.5 4
6039.5 -13
6040.5 1
6041.5 0
6042.5 21
6043.5 -13
6044.5 -22
6045.5 18
6046.5 2
6047.5 1
6048.5 -10
6049.5 2
6050.5 -10
6051.5 3
6052.5 13
6053.5 3
6054.5 -5
6055.5 3
6056.5 27
6057.5 -1
6058.5 -4
6059.5 24
6060.5 0
6061.5 2
6062.5 12
6063.5 10
6064.5 12
6065.5 13
6066.5 -17
6067.5 -4
6068.5 22
6069.5 4
6070.5 11
6071.5 -19
6072.5 0
6073.5 12
6074.5 5
6075.5 -5
6076.5 9
6077.5 23
6078.5 -4
6079.5 -10
6080.5 8
6081.5 1
6082.5 1
6083.5 9
6084.5 -2
6085.5 9
6086.5 10
6087.5 -9
6088.5 6
6089.5 -4
6090.5 -1
6091.5 3
6092.5 3
6093.5 1
6094.5 5
6095.5 -6
6096.5 -3
6097.5 -12
6098.5 -14
6099.5 13
6100.5 -16
6101.5 11
6102.5 -4
6103.5 10
6104.5 -13
6105.5 10
6106.5 -11
6107.5 17
6108.5 8
6109.5 33
6110.5 -11
6111.5 4
6112.5 24
6113.5 -9
6114.5 -3
6115.5 -3
6116.5 -20
6117.5 13
6118.5 24
6119.5 14
6120.5 -3
6121.5 18
6122.5 16
6123.5 -14
6124.5 60
6125.5 14
6126.5 32
6127.5 2
6128.5 21
6129.5 29
6130.5 0
6131.5 8
6132.5 2
6133.5 0
6134.5 -11
6135.5 -3
6136.5 -6
6137.5 -10
6138.5 -8
6139.5 10
6140.5 -21
6141.5 8
6142.5 8
6143.5 -4
6144.5 -4
6145.5 -10
6146.5 -4
6147.5 5
6148.5 1
6149.5 17
6150.5 1
6151.5 -13
6152.5 -9
6153.5 -13
6154.5 7
6155.5 -18
6156.5 -6
6157.5 -7
6158.5 2
6159.5 -13
6160.5 6
6161.5 -24
6162.5 3
6163.5 -2
6164.5 -1
6165.5 -5
6166.5 11
6167.5 -2
6168.5 -5
6169.5 19
6170.5 4
6171.5 23
6172.5 18
6173.5 1
6174.5 31
6175.5 1
6176.5 -4
6177.5 -2
6178.5 -1
6179.5 10
6180.5 2
6181.5 -5
6182.5 3
6183.5 -18
6184.5 1
6185.5 10
6186.5 -8
6187.5 1
6188.5 -6
6189.5 -8
6190.5 -7
6191.5 -19
6192.5 14
6193.5 1
6194.5 1
6195.5 -6
6196.5 1
6197.5 6
6198.5 2
6199.5 -7
6200.5 9
6201.5 7
6202.5 6
6203.5 23
6204.5 -4
6205.5 16
6206.5 -8
6207.5 -7
6208.5 8
6209.5 13
6210.5 11
6211.5 17
6212.5 0
6213.5 28
6214.5 8
6215.5 2
6216.5 9
6217.5 -13
6218.5 -9
6219.5 7
6220.5 -5
6221.5 -18
6222.5 3
6223.5 -11
6224.5 -14
6225.5 -3
6226.5 8
6227.5 -3
6228.5 -12
6229.5 -2
6230.5 0
6231.5 -8
6232.5 0
6233.5 -3
6234.5 -6
6235.5 2
6236.5 -9
6237.5 -15
6238.5 0
6239.5 6
6240.5 -3
6241.5 14
6242.5 -22
6243.5 -14
6244.5 -11
6245.5 -12
6246.5 -11
6247.5 -4
6248.5 8
6249.5 -1
6250.5 6
6251.5 8
6252.5 3
6253.5 -7
6254.5 19
6255.5 17
6256.5 9
6257.5 20
6258.5 24
6259.5 9
6260.5 8
6261.5 28
6262.5 11
6263.5 -6
6264.5 -12
6265.5 -3
6266.5 4
6267.5 -10
6268.5 -11
6269.5 10
6270.5 -4
6271.5 7
6272.5 15
6273.5 -18
6274.5 0
6275.5 11
6276.5 2
6277.5 8
6278.5 5
6279.5 17
6280.5 9
6281.5 -1
6282.5 4
6283.5 -16
6284.5 -11
6285.5 -1
6286.5 4
6287.5 -11
6288.5 9
6289.5 -6
6290.5 -2
6291.5 2
6292.5 6
6293.5 -17
6294.5 5
6295.5 -20
6296.5 -11
6297.5 -14
6298.5 -8
6299.5 -16
6300.5 -3
6301.5 -8
6302.5 4
6303.5 -14
6304.5 -2
6305.5 10
6306.5 7
6307.5 -1
6308.5 26
6309.5 11
6310.5 24
6311.5 24
6312.5 4
6313.5 18
6314.5 17
6315.5 6
6316.5 15
6317.5 6
6318.5 6
6319.5 -3
6320.5 9
6321.5 4
6322.5 -1
6323.5 -29
6324.5 8
6325.5 -13
6326.5 -3
6327.5 10
6328.5 -2
6329.5 5
6330.5 8
6331.5 -12
6332.5 -12
6333.5 0
6334.5 4
6335.5 5
6336.5 5
6337.5 -3
6338.5 -1
6339.5 7
6340.5 12
6341.5 7
6342.5 -3
6343.5 0
6344.5 2
6345.5 12
6346.5 0
6347.5 -1
6348.5 2
6349.5 11
6350.5 11
6351.5 -2
6352.5 -22
6353.5 -3
6354.5 3
6355.5 -14
6356.5 -10
6357.5 -5
6358.5 -6
6359.5 1
6360.5 -10
6361.5 10
6362.5 5
6363.5 11
6364.5 2
6365.5 -1
6366.5 2
6367.5 -7
6368.5 3
6369.5 -9
6370.5 6
6371.5 -5
6372.5 -2
6373.5 4
6374.5 -4
6375.5 4
6376.5 8
6377.5 -2
6378.5 2
6379.5 15
6380.5 3
6381.5 12
6382.5 -9
6383.5 16
6384.5 1
6385.5 -11
6386.5 -12
6387.5 4
6388.5 -13
6389.5 0
6390.5 -6
6391.5 4
6392.5 5
6393.5 -4
6394.5 1
6395.5 2
6396.5 0
6397.5 -5
6398.5 1
6399.5 -11
6400.5 5
6401.5 0
6402.5 -8
6403.5 1
6404.5 4
6405.5 12
6406.5 -3
6407.5 -7
6408.5 15
6409.5 -1
6410.5 3
6411.5 -11
6412.5 8
6413.5 -2
6414.5 15
6415.5 0
6416.5 -24
6417.5 -2
6418.5 21
6419.5 -11
6420.5 -1
6421.5 -13
6422.5 -21
6423.5 19
6424.5 18
6425.5 1
6426.5 9
6427.5 -3
6428.5 12
6429.5 0
6430.5 -13
6431.5 7
6432.5 -17
6433.5 5
6434.5 -3
6435.5 4
6436.5 0
6437.5 7
6438.5 -5
6439.5 -7
6440.5 12
6441.5 3
6442.5 -5
6443.5 8
6444.5 8
6445.5 -6
6446.5 -9
6447.5 -5
6448.5 6
6449.5 2
6450.5 5
6451.5 0
6452.5 2
6453.5 3
6454.5 -1
6455.5 3
6456.5 10
6457.5 -1
6458.5 4
6459.5 5
6460.5 -6
6461.5 -8
6462.5 2
6463.5 11
6464.5 1
6465.5 -11
6466.5 1
6467.5 -7
6468.5 -5
6469.5 -1
6470.5 -1
6471.5 -10
6472.5 -4
6473.5 -15
6474.5 8
6475.5 -10
6476.5 -20
6477.5 -5
6478.5 -22
6479.5 -18
6480.5 -11
6481.5 -38
6482.5 -42
6483.5 -15
6484.5 -35
6485.5 -26
6486.5 -39
6487.5 -15
6488.5 -18
6489.5 -16
6490.5 -10
6491.5 -39
6492.5 -43
6493.5 -35
6494.5 -46
6495.5 -26
6496.5 -27
6497.5 -33
6498.5 -45
6499.5 -45
6500.5 -42
6501.5 -37
6502.5 -54
6503.5 -33
6504.5 -47
6505.5 -32
6506.5 -46
6507.5 -48
6508.5 0
6509.5 -35
6510.5 -35
6511.5 -19
6512.5 -23
6513.5 -8
6514.5 -13
6515.5 -18
6516.5 -10
6517.5 -13
6518.5 -14
6519.5 -15
6520.5 -16
6521.5 -7
6522.5 -7
6523.5 3
6524.5 -22
6525.5 -20
6526.5 -18
6527.5 3
6528.5 -3
6529.5 -5
6530.5 8
6531.5 -3
6532.5 -6
6533.5 15
6534.5 6
6535.5 -4
6536.5 3
6537.5 -6
6538.5 6
6539.5 -29
6540.5 19
6541.5 -4
6542.5 2
6543.5 -2
6544.5 12
6545.5 -15
6546.5 -1
6547.5 -14
6548.5 -24
6549.5 4
6550.5 2
6551.5 15
6552.5 -14
6553.5 6
6554.5 21
6555.5 4
6556.5 1
6557.5 6
6558.5 6
6559.5 4
6560.5 11
6561.5 7
6562.5 2
6563.5 -3
6564.5 15
6565.5 4
6566.5 -9
6567.5 6
6568.5 -19
6569.5 17
6570.5 -5
6571.5 12
6572.5 1
6573.5 0
6574.5 16
6575.5 14
6576.5 4
6577.5 1
6578.5 3
6579.5 18
6580.5 0
6581.5 -14
6582.5 0
6583.5 -7
6584.5 11
6585.5 7
6586.5 -2
6587.5 16
6588.5 -8
6589.5 10
6590.5 4
6591.5 0
6592.5 -2
6593.5 7
6594.5 5
6595.5 -3
6596.5 -2
6597.5 0
6598.5 9
6599.5 -9
6600.5 4
6601.5 4
6602.5 -3
6603.5 13
6604.5 2
6605.5 8
6606.5 -1
6607.5 -4
6608.5 0
6609.5 4
6610.5 -1
6611.5 -1
6612.5 -2
6613.5 4
6614.5 4
6615.5 -1
6616.5 12
6617.5 -7
6618.5 25
6619.5 -9
6620.5 -16
6621.5 11
6622.5 -11
6623.5 -1
6624.5 10
6625.5 -6
6626.5 -3
6627.5 9
6628.5 17
6629.5 7
6630.5 1
6631.5 1
6632.5 -2
6633.5 -4
6634.5 13
6635.5 -7
6636.5 -5
6637.5 -4
6638.5 14
6639.5 5
6640.5 -2
6641.5 14
6642.5 1
6643.5 4
6644.5 -7
6645.5 6
6646.5 15
6647.5 2
6648.5 -4
6649.5 -5
6650.5 14
6651.5 8
6652.5 0
6653.5 1
6654.5 -2
6655.5 6
6656.5 1
6657.5 10
6658.5 3
6659.5 0
6660.5 2
6661.5 2
6662.5 4
6663.5 -1
6664.5 9
6665.5 2
6666.5 8
6667.5 3
6668.5 8
6669.5 1
6670.5 8
6671.5 -3
6672.5 0
6673.5 6
6674.5 1
6675.5 6
6676.5 6
6677.5 -2
6678.5 -5
6679.5 4
6680.5 1
6681.5 -12
6682.5 11
6683.5 8
6684.5 2
6685.5 -14
6686.5 -4
6687.5 0
6688.5 1
6689.5 -1
6690.5 -1
6691.5 12
6692.5 -2
6693.5 -4
6694.5 1
6695.5 2
6696.5 14
6697.5 -10
6698.5 19
6699.5 -6
6700.5 0
6701.5 -5
6702.5 -5
6703.5 5
6704.5 9
6705.5 -3
6706.5 1
6707.5 4
6708.5 -7
6709.5 22
6710.5 11
6711.5 3
6712.5 2
6713.5 7
6714.5 3
6715.5 4
6716.5 -6
6717.5 0
6718.5 10
6719.5 -1
6720.5 -10
6721.5 -1
6722.5 6
6723.5 5
6724.5 -1
6725.5 0
6726.5 -5
6727.5 5
6728.5 12
6729.5 7
6730.5 6
6731.5 -4
6732.5 2
6733.5 -10
6734.5 -3
6735.5 12
6736.5 1
6737.5 -1
6738.5 9
6739.5 0
6740.5 -2
6741.5 -11
6742.5 -8
6743.5 12
6744.5 3
6745.5 -1
6746.5 1
6747.5 0
6748.5 10
6749.5 7
6750.5 -1
6751.5 2
6752.5 3
6753.5 4
6754.5 -6
6755.5 14
6756.5 -2
6757.5 0
6758.5 4
6759.5 5
6760.5 -1
6761.5 4
6762.5 3
6763.5 11
6764.5 3
6765.5 1
6766.5 9
6767.5 -16
6768.5 -13
6769.5 0
6770.5 20
6771.5 -3
6772.5 1
6773.5 -12
6774.5 4
6775.5 6
6776.5 1
6777.5 -1
6778.5 5
6779.5 6
6780.5 -1
6781.5 -6
6782.5 5
6783.5 5
6784.5 -5
6785.5 -11
6786.5 8
6787.5 12
6788.5 -6
6789.5 -3
6790.5 9
6791.5 8
6792.5 -1
6793.5 13
6794.5 5
6795.5 -1
6796.5 0
6797.5 1
6798.5 9
6799.5 -3
6800.5 -1
6801.5 5
6802.5 -1
6803.5 3
6804.5 3
6805.5 8
6806.5 11
6807.5 5
6808.5 -7
6809.5 -1
6810.5 -2
6811.5 2
6812.5 9
6813.5 0
6814.5 13
6815.5 12
6816.5 3
6817.5 -11
6818.5 3
6819.5 11
6820.5 -5
6821.5 6
6822.5 -2
6823.5 4
6824.5 5
6825.5 2
6826.5 4
6827.5 10
6828.5 15
6829.5 0
6830.5 3
6831.5 4
6832.5 -2
6833.5 13
6834.5 -3
6835.5 0
6836.5 -11
6837.5 -4
6838.5 2
6839.5 -11
6840.5 -10
6841.5 2
6842.5 7
6843.5 2
6844.5 -5
6845.5 7
6846.5 0
6847.5 4
6848.5 5
6849.5 -7
6850.5 1
6851.5 3
6852.5 -7
6853.5 -1
6854.5 0
6855.5 4
6856.5 1
6857.5 6
6858.5 6
6859.5 -2
6860.5 -5
6861.5 2
6862.5 6
6863.5 2
6864.5 2
6865.5 4
6866.5 1
6867.5 2
6868.5 3
6869.5 -1
6870.5 0
6871.5 6
6872.5 -2
6873.5 -3
6874.5 4
6875.5 5
6876.5 8
6877.5 -3
6878.5 1
6879.5 2
6880.5 1
6881.5 0
6882.5 3
6883.5 2
6884.5 7
6885.5 -2
6886.5 10
6887.5 -4
6888.5 4
6889.5 -4
6890.5 7
6891.5 5
6892.5 4
6893.5 3
6894.5 -4
6895.5 7
6896.5 9
6897.5 6
6898.5 -3
6899.5 13
6900.5 -3
6901.5 11
6902.5 -1
6903.5 10
6904.5 4
6905.5 13
6906.5 1
6907.5 -1
6908.5 3
6909.5 7
6910.5 4
6911.5 -1
6912.5 4
6913.5 3
6914.5 3
6915.5 -5
6916.5 -2
6917.5 -4
6918.5 -10
6919.5 -7
6920.5 6
6921.5 0
6922.5 -13
6923.5 3
6924.5 -3
6925.5 6
6926.5 4
6927.5 0
6928.5 4
6929.5 -1
6930.5 8
6931.5 6
6932.5 -11
6933.5 -17
6934.5 6
6935.5 -4
6936.5 -5
6937.5 7
6938.5 -2
6939.5 8
6940.5 -4
6941.5 10
6942.5 -1
6943.5 6
6944.5 9
6945.5 7
6946.5 2
6947.5 3
6948.5 14
6949.5 -6
6950.5 9
6951.5 6
6952.5 8
6953.5 6
6954.5 -1
6955.5 -3
6956.5 -5
6957.5 -2
6958.5 -3
6959.5 -2
6960.5 -3
6961.5 -8
6962.5 2
6963.5 4
6964.5 0
6965.5 0
6966.5 8
6967.5 -6
6968.5 -4
6969.5 3
6970.5 8
6971.5 -1
6972.5 1
6973.5 7
6974.5 9
6975.5 5
6976.5 -3
6977.5 7
6978.5 -2
6979.5 10
6980.5 1
6981.5 -4
6982.5 -5
6983.5 5
6984.5 11
6985.5 7
6986.5 11
6987.5 3
6988.5 2
6989.5 -4
6990.5 -5
6991.5 -3
6992.5 0
6993.5 0
6994.5 4
6995.5 -3
6996.5 -1
6997.5 7
6998.5 -2
6999.5 1
7000.5 1
7001.5 7
7002.5 -2
7003.5 -5
7004.5 7
7005.5 7
7006.5 -5
7007.5 2
7008.5 3
7009.5 1
7010.5 5
7011.5 9
7012.5 -8
7013.5 0
7014.5 5
7015.5 -2
7016.5 3
7017.5 -2
7018.5 -1
7019.5 -4
7020.5 -17
7021.5 -1
7022.5 5
7023.5 4
7024.5 4
7025.5 -13
7026.5 1
7027.5 2
7028.5 -1
7029.5 9
7030.5 6
7031.5 4
7032.5 -8
7033.5 -5
7034.5 3
7035.5 10
7036.5 1
7037.5 9
7038.5 3
7039.5 4
7040.5 -1
7041.5 -4
7042.5 -2
7043.5 -8
7044.5 -1
7045.5 1
7046.5 -11
7047.5 1
7048.5 -1
7049.5 5
7050.5 9
7051.5 3
7052.5 4
7053.5 12
7054.5 3
7055.5 -6
7056.5 6
7057.5 4
7058.5 7
7059.5 -7
7060.5 3
7061.5 9
7062.5 2
7063.5 -10
7064.5 9
7065.5 5
7066.5 6
7067.5 7
7068.5 6
7069.5 6
7070.5 5
7071.5 4
7072.5 -3
7073.5 -10
7074.5 10
7075.5 -3
7076.5 -1
7077.5 2
7078.5 5
7079.5 0
7080.5 2
7081.5 2
7082.5 6
7083.5 8
7084.5 5
7085.5 -5
7086.5 -1
7087.5 6
7088.5 6
7089.5 1
7090.5 -1
7091.5 -5
7092.5 5
7093.5 14
7094.5 5
7095.5 -2
7096.5 4
7097.5 6
7098.5 8
7099.5 -3
7100.5 7
7101.5 1
7102.5 -2
7103.5 8
7104.5 -4
7105.5 -2
7106.5 0
7107.5 -9
7108.5 -5
7109.5 -2
7110.5 -2
7111.5 10
7112.5 9
7113.5 -2
7114.5 -2
7115.5 -2
7116.5 16
7117.5 -5
7118.5 8
7119.5 5
7120.5 6
7121.5 -9
7122.5 -6
7123.5 -1
7124.5 4
7125.5 7
7126.5 -4
7127.5 -5
7128.5 2
7129.5 1
7130.5 0
7131.5 -6
7132.5 -1
7133.5 -2
7134.5 1
7135.5 -4
7136.5 0
7137.5 8
7138.5 7
7139.5 -5
7140.5 6
7141.5 -9
7142.5 -3
7143.5 6
7144.5 1
7145.5 -4
7146.5 7
7147.5 -2
7148.5 3
7149.5 6
7150.5 0
7151.5 7
7152.5 7
7153.5 3
7154.5 3
7155.5 -2
7156.5 5
7157.5 1
7158.5 -1
7159.5 3
7160.5 0
7161.5 5
7162.5 10
7163.5 2
7164.5 -4
7165.5 -5
7166.5 -1
7167.5 -2
7168.5 -10
7169.5 -8
7170.5 7
7171.5 4
7172.5 3
7173.5 7
7174.5 -6
7175.5 -1
7176.5 3
7177.5 5
7178.5 0
7179.5 2
7180.5 -4
7181.5 -1
7182.5 1
7183.5 3
7184.5 5
7185.5 -3
7186.5 2
7187.5 1
7188.5 10
7189.5 2
7190.5 2
7191.5 -1
7192.5 1
7193.5 2
7194.5 6
7195.5 6
7196.5 4
7197.5 -7
7198.5 3
7199.5 1
7200.5 -8
7201.5 5
7202.5 2
7203.5 1
7204.5 -2
7205.5 4
7206.5 -10
7207.5 4
7208.5 7
7209.5 5
7210.5 0
7211.5 -1
7212.5 -5
7213.5 -3
7214.5 8
7215.5 1
7216.5 10
7217.5 7
7218.5 2
7219.5 2
7220.5 3
7221.5 2
7222.5 19
7223.5 7
7224.5 13
7225.5 18
7226.5 15
7227.5 -5
7228.5 -3
7229.5 0
7230.5 0
7231.5 4
7232.5 3
7233.5 -5
7234.5 4
7235.5 0
7236.5 3
7237.5 1
7238.5 1
7239.5 0
7240.5 -3
7241.5 8
7242.5 5
7243.5 -6
7244.5 -1
7245.5 2
7246.5 -2
7247.5 -4
7248.5 4
7249.5 -4
7250.5 -2
7251.5 -2
7252.5 8
7253.5 4
7254.5 2
7255.5 6
7256.5 6
7257.5 1
7258.5 -7
7259.5 4
7260.5 13
7261.5 11
7262.5 -2
7263.5 3
7264.5 0
7265.5 5
7266.5 -2
7267.5 -2
7268.5 -8
7269.5 -9
7270.5 -7
7271.5 6
7272.5 4
7273.5 -6
7274.5 1
7275.5 6
7276.5 0
7277.5 4
7278.5 -1
7279.5 -3
7280.5 -1
7281.5 5
7282.5 -1
7283.5 -1
7284.5 7
7285.5 10
7286.5 -3
7287.5 1
7288.5 3
7289.5 -2
7290.5 -2
7291.5 5
7292.5 4
7293.5 3
7294.5 3
7295.5 -1
7296.5 -12
7297.5 -1
7298.5 -3
7299.5 -10
7300.5 4
7301.5 1
7302.5 -14
7303.5 -3
7304.5 5
7305.5 -7
7306.5 5
7307.5 -4
7308.5 7
7309.5 13
7310.5 -1
7311.5 -10
7312.5 3
7313.5 -6
7314.5 -4
7315.5 -4
7316.5 -12
7317.5 -2
7318.5 -2
7319.5 1
7320.5 1
7321.5 -3
7322.5 -2
7323.5 5
7324.5 -11
7325.5 2
7326.5 -1
7327.5 2
7328.5 3
7329.5 8
7330.5 6
7331.5 5
7332.5 2
7333.5 -4
7334.5 15
7335.5 16
7336.5 14
7337.5 14
7338.5 10
7339.5 2
7340.5 1
7341.5 -4
7342.5 6
7343.5 1
7344.5 7
7345.5 0
7346.5 -5
7347.5 5
7348.5 1
7349.5 -1
7350.5 -5
7351.5 3
7352.5 -15
7353.5 9
7354.5 0
7355.5 1
7356.5 -4
7357.5 -7
7358.5 6
7359.5 0
7360.5 2
7361.5 -6
7362.5 -3
7363.5 -6
7364.5 -7
7365.5 1
7366.5 -4
7367.5 9
7368.5 -3
7369.5 -6
7370.5 5
7371.5 3
7372.5 4
7373.5 -4
7374.5 7
7375.5 -1
7376.5 0
7377.5 2
7378.5 -1
7379.5 8
7380.5 1
7381.5 -1
7382.5 0
7383.5 -1
7384.5 0
7385.5 4
7386.5 -8
7387.5 1
7388.5 -3
7389.5 1
7390.5 3
7391.5 4
7392.5 2
7393.5 1
7394.5 0
7395.5 1
7396.5 2
7397.5 4
7398.5 8
7399.5 2
7400.5 -2
7401.5 -1
7402.5 -1
7403.5 1
7404.5 -3
7405.5 -2
7406.5 0
7407.5 -1
7408.5 0
7409.5 1
7410.5 -1
7411.5 5
7412.5 3
7413.5 -9
7414.5 0
7415.5 6
7416.5 -5
7417.5 -6
7418.5 6
7419.5 1
7420.5 7
7421.5 -11
7422.5 -12
7423.5 -3
7424.5 2
7425.5 4
7426.5 -3
7427.5 1
7428.5 4
7429.5 6
7430.5 5
7431.5 -1
7432.5 -2
7433.5 -2
7434.5 -1
7435.5 -5
7436.5 -2
7437.5 -2
7438.5 -6
7439.5 2
7440.5 -2
7441.5 -5
7442.5 3
7443.5 -1
7444.5 1
7445.5 5
7446.5 10
7447.5 1
7448.5 -4
7449.5 -5
7450.5 6
7451.5 -6
7452.5 2
7453.5 -5
7454.5 8
7455.5 0
7456.5 2
7457.5 5
7458.5 7
7459.5 3
7460.5 -4
7461.5 -2
7462.5 4
7463.5 10
7464.5 0
7465.5 -2
7466.5 -8
7467.5 -2
7468.5 1
7469.5 0
7470.5 -3
7471.5 5
7472.5 9
7473.5 2
7474.5 0
7475.5 3
7476.5 -6
7477.5 0
7478.5 -2
7479.5 -2
7480.5 -1
7481.5 4
7482.5 6
7483.5 -1
7484.5 9
7485.5 3
7486.5 1
7487.5 -1
7488.5 -6
7489.5 0
7490.5 -1
7491.5 -2
7492.5 -1
7493.5 2
7494.5 4
7495.5 1
7496.5 1
7497.5 0
7498.5 2
7499.5 1
7500.5 -1
7501.5 -4
7502.5 -5
7503.5 -2
7504.5 -5
7505.5 2
7506.5 1
7507.5 -6
7508.5 2
7509.5 3
7510.5 2
7511.5 -1
7512.5 -1
7513.5 7
7514.5 1
7515.5 -5
7516.5 3
7517.5 -1
7518.5 1
7519.5 0
7520.5 4
7521.5 1
7522.5 1
7523.5 -1
7524.5 1
7525.5 2
7526.5 1
7527.5 -1
7528.5 1
7529.5 -3
7530.5 3
7531.5 -2
7532.5 -4
7533.5 -5
7534.5 4
7535.5 1
7536.5 4
7537.5 -2
7538.5 2
7539.5 3
7540.5 -2
7541.5 8
7542.5 -8
7543.5 -5
7544.5 2
7545.5 -8
7546.5 1
7547.5 -8
7548.5 2
7549.5 5
7550.5 2
7551.5 2
7552.5 2
7553.5 -4
7554.5 2
7555.5 -5
7556.5 5
7557.5 2
7558.5 3
7559.5 6
7560.5 6
7561.5 -1
7562.5 2
7563.5 -10
7564.5 1
7565.5 1
7566.5 -2
7567.5 -5
7568.5 4
7569.5 3
7570.5 2
7571.5 0
7572.5 11
7573.5 8
7574.5 21
7575.5 -5
7576.5 -4
7577.5 8
7578.5 1
7579.5 1
7580.5 11
7581.5 3
7582.5 4
7583.5 0
7584.5 -4
7585.5 5
7586.5 -4
7587.5 1
7588.5 -2
7589.5 2
7590.5 5
7591.5 -3
7592.5 2
7593.5 5
7594.5 -1
7595.5 9
7596.5 6
7597.5 -3
7598.5 -1
7599.5 6
7600.5 -9
7601.5 3
7602.5 0
7603.5 0
7604.5 0
7605.5 -1
7606.5 1
7607.5 -4
7608.5 3
7609.5 -3
7610.5 1
7611.5 7
7612.5 -5
7613.5 2
7614.5 3
7615.5 3
7616.5 0
7617.5 5
7618.5 -2
7619.5 3
7620.5 8
7621.5 -5
7622.5 -1
7623.5 4
7624.5 5
7625.5 5
7626.5 2
7627.5 -8
7628.5 -1
7629.5 -4
7630.5 -1
7631.5 -1
7632.5 2
7633.5 1
7634.5 1
7635.5 1
7636.5 2
7637.5 4
7638.5 0
7639.5 -1
7640.5 0
7641.5 -2
7642.5 1
7643.5 1
7644.5 -5
7645.5 5
7646.5 0
7647.5 -2
7648.5 2
7649.5 1
7650.5 2
7651.5 3
7652.5 0
7653.5 1
7654.5 -2
7655.5 -3
7656.5 -1
7657.5 -5
7658.5 -3
7659.5 4
7660.5 4
7661.5 0
7662.5 7
7663.5 2
7664.5 4
7665.5 -1
7666.5 3
7667.5 1
7668.5 -7
7669.5 2
7670.5 -1
7671.5 1
7672.5 2
7673.5 0
7674.5 -1
7675.5 1
7676.5 -4
7677.5 2
7678.5 -1
7679.5 5
7680.5 0
7681.5 -1
7682.5 -3
7683.5 0
7684.5 -2
7685.5 1
7686.5 0
7687.5 4
7688.5 2
7689.5 0
7690.5 -1
7691.5 0
7692.5 0
7693.5 0
7694.5 6
7695.5 -6
7696.5 -5
7697.5 1
7698.5 -10
7699.5 -2
7700.5 -9
7701.5 5
7702.5 2
7703.5 0
7704.5 -1
7705.5 1
7706.5 -1
7707.5 -6
7708.5 -5
7709.5 3
7710.5 6
7711.5 -2
7712.5 3
7713.5 -2
7714.5 -3
7715.5 -3
7716.5 -1
7717.5 1
7718.5 -2
7719.5 7
7720.5 -4
7721.5 -2
7722.5 -3
7723.5 5
7724.5 3
7725.5 1
7726.5 2
7727.5 1
7728.5 2
7729.5 -2
7730.5 -3
7731.5 -2
7732.5 2
7733.5 -3
7734.5 5
7735.5 4
7736.5 1
7737.5 0
7738.5 -3
7739.5 -2
7740.5 2
7741.5 0
7742.5 0
7743.5 0
7744.5 -2
7745.5 5
7746.5 5
7747.5 -2
7748.5 -3
7749.5 3
7750.5 1
7751.5 -2
7752.5 0
7753.5 3
7754.5 1
7755.5 -8
7756.5 -2
7757.5 1
7758.5 -1
7759.5 4
7760.5 1
7761.5 1
7762.5 5
7763.5 -3
7764.5 -7
7765.5 -4
7766.5 -2
7767.5 2
7768.5 -4
7769.5 9
7770.5 9
7771.5 3
7772.5 -11
7773.5 7
7774.5 9
7775.5 -5
7776.5 1
7777.5 8
7778.5 -2
7779.5 1
7780.5 0
7781.5 1
7782.5 -1
7783.5 3
7784.5 8
7785.5 5
7786.5 -1
7787.5 -1
7788.5 -2
7789.5 3
7790.5 -4
7791.5 -4
7792.5 -1
7793.5 0
7794.5 0
7795.5 7
7796.5 -1
7797.5 -6
7798.5 3
7799.5 -3
7800.5 2
7801.5 -2
7802.5 -8
7803.5 3
7804.5 3
7805.5 6
7806.5 2
7807.5 1
7808.5 2
7809.5 1
7810.5 -6
7811.5 0
7812.5 1
7813.5 5
7814.5 -2
7815.5 0
7816.5 0
7817.5 -2
7818.5 0
7819.5 1
7820.5 -2
7821.5 -1
7822.5 0
7823.5 -3
7824.5 3
7825.5 2
7826.5 1
7827.5 3
7828.5 -3
7829.5 2
7830.5 4
7831.5 4
7832.5 0
7833.5 -7
7834.5 -4
7835.5 -3
7836.5 3
7837.5 -8
7838.5 0
7839.5 4
7840.5 -3
7841.5 -12
7842.5 3
7843.5 4
7844.5 1
7845.5 1
7846.5 5
7847.5 1
7848.5 0
7849.5 -3
7850.5 -2
7851.5 2
7852.5 -2
7853.5 -5
7854.5 1
7855.5 8
7856.5 -2
7857.5 -1
7858.5 1
7859.5 3
7860.5 2
7861.5 2
7862.5 0
7863.5 2
7864.5 -2
7865.5 0
7866.5 -2
7867.5 1
7868.5 5
7869.5 0
7870.5 0
7871.5 3
7872.5 6
7873.5 1
7874.5 0
7875.5 1
7876.5 2
7877.5 2
7878.5 4
7879.5 0
7880.5 1
7881.5 3
7882.5 6
7883.5 2
7884.5 -1
7885.5 -1
7886.5 0
7887.5 2
7888.5 2
7889.5 3
7890.5 5
7891.5 2
7892.5 3
7893.5 -2
7894.5 4
7895.5 0
7896.5 -2
7897.5 1
7898.5 1
7899.5 2
7900.5 -2
7901.5 4
7902.5 2
7903.5 -2
7904.5 -6
7905.5 -5
7906.5 3
7907.5 -3
7908.5 1
7909.5 2
7910.5 0
7911.5 1
7912.5 -1
7913.5 -2
7914.5 4
7915.5 -3
7916.5 2
7917.5 0
7918.5 -2
7919.5 -1
7920.5 -1
7921.5 -1
7922.5 -7
7923.5 0
7924.5 -6
7925.5 0
7926.5 2
7927.5 0
7928.5 -1
7929.5 0
7930.5 -6
7931.5 1
7932.5 0
7933.5 2
7934.5 -3
7935.5 4
7936.5 2
7937.5 4
7938.5 1
7939.5 -5
7940.5 -1
7941.5 2
7942.5 0
7943.5 -7
7944.5 3
7945.5 4
7946.5 -1
7947.5 0
7948.5 3
7949.5 1
7950.5 -2
7951.5 2
7952.5 -1
7953.5 -3
7954.5 -1
7955.5 5
7956.5 -6
7957.5 1
7958.5 3
7959.5 -3
7960.5 3
7961.5 1
7962.5 0
7963.5 1
7964.5 -5
7965.5 1
7966.5 3
7967.5 4
7968.5 1
7969.5 -2
7970.5 3
7971.5 -4
7972.5 2
7973.5 2
7974.5 0
7975.5 -4
7976.5 0
7977.5 1
7978.5 -2
7979.5 -4
7980.5 2
7981.5 1
7982.5 2
7983.5 2
7984.5 6
7985.5 -1
7986.5 0
7987.5 -4
7988.5 1
7989.5 -1
7990.5 1
7991.5 6
7992.5 2
7993.5 3
7994.5 2
7995.5 -2
7996.5 2
7997.5 -1
7998.5 1
7999.5 1
8000.5 -1
8001.5 1
8002.5 -2
8003.5 -3
8004.5 -1
8005.5 2
8006.5 3
8007.5 -2
8008.5 0
8009.5 0
8010.5 0
8011.5 1
8012.5 0
8013.5 1
8014.5 0
8015.5 -3
8016.5 -1
8017.5 4
8018.5 3
8019.5 2
8020.5 2
8021.5 -2
8022.5 1
8023.5 -2
8024.5 -2
8025.5 1
8026.5 1
8027.5 -1
8028.5 0
8029.5 0
8030.5 -1
8031.5 -3
8032.5 0
8033.5 1
8034.5 -4
8035.5 0
8036.5 1
8037.5 1
8038.5 1
8039.5 3
8040.5 3
8041.5 2
8042.5 4
8043.5 0
8044.5 -2
8045.5 0
8046.5 -1
8047.5 2
8048.5 -5
8049.5 -4
8050.5 0
8051.5 2
8052.5 2
8053.5 -3
8054.5 2
8055.5 4
8056.5 0
8057.5 1
8058.5 0
8059.5 -1
8060.5 1
8061.5 0
8062.5 -1
8063.5 1
8064.5 0
8065.5 0
8066.5 -2
8067.5 1
8068.5 1
8069.5 3
8070.5 -1
8071.5 1
8072.5 -2
8073.5 1
8074.5 2
8075.5 1
8076.5 -4
8077.5 1
8078.5 4
8079.5 -4
8080.5 -3
8081.5 10
8082.5 4
8083.5 1
8084.5 10
8085.5 9
8086.5 -4
8087.5 6
8088.5 -7
8089.5 6
8090.5 -7
8091.5 2
8092.5 -6
8093.5 4
8094.5 -1
8095.5 2
8096.5 1
8097.5 0
8098.5 2
8099.5 0
8100.5 2
8101.5 2
8102.5 3
8103.5 0
8104.5 -3
8105.5 -2
8106.5 1
8107.5 0
8108.5 1
8109.5 -4
8110.5 -1
8111.5 -3
8112.5 -5
8113.5 3
8114.5 0
8115.5 4
8116.5 -3
8117.5 -1
8118.5 -1
8119.5 1
8120.5 -2
8121.5 -2
8122.5 2
8123.5 -2
8124.5 0
8125.5 -1
8126.5 1
8127.5 -1
8128.5 -6
8129.5 3
8130.5 3
8131.5 1
8132.5 4
8133.5 0
8134.5 1
8135.5 0
8136.5 -2
8137.5 0
8138.5 0
8139.5 0
8140.5 0
8141.5 0
8142.5 3
8143.5 2
8144.5 -2
8145.5 2
8146.5 -2
8147.5 -2
8148.5 -3
8149.5 -2
8150.5 6
8151.5 -1
8152.5 -3
8153.5 -6
8154.5 1
8155.5 -1
8156.5 0
8157.5 1
8158.5 1
8159.5 -2
8160.5 1
8161.5 1
8162.5 -3
8163.5 -2
8164.5 0
8165.5 0
8166.5 -5
8167.5 -2
8168.5 0
8169.5 0
8170.5 1
8171.5 2
8172.5 -1
8173.5 3
8174.5 3
8175.5 2
8176.5 1
8177.5 -1
8178.5 -3
8179.5 -1
8180.5 3
8181.5 2
8182.5 1
8183.5 -3
8184.5 2
8185.5 -3
8186.5 -4
8187.5 2
8188.5 1
8189.5 -1
8190.5 -2
8191.5 0
8192.5 2
8193.5 2
8194.5 0
8195.5 -1
8196.5 0
8197.5 -1
8198.5 -1
8199.5 1
8200.5 1
8201.5 0
8202.5 1
8203.5 -1
8204.5 1
8205.5 0
8206.5 -2
8207.5 2
8208.5 2
8209.5 -2
8210.5 0
8211.5 0
8212.5 -2
8213.5 0
8214.5 0
8215.5 2
8216.5 -1
8217.5 0
8218.5 1
8219.5 1
8220.5 1
8221.5 2
8222.5 -2
8223.5 -2
8224.5 0
8225.5 2
8226.5 0
8227.5 1
8228.5 0
8229.5 0
8230.5 0
8231.5 0
8232.5 1
8233.5 3
8234.5 0
8235.5 2
8236.5 -1
8237.5 3
8238.5 1
8239.5 -2
8240.5 0
8241.5 -2
8242.5 2
8243.5 0
8244.5 -2
8245.5 0
8246.5 -2
8247.5 3
8248.5 3
8249.5 2
8250.5 0
8251.5 1
8252.5 -2
8253.5 0
8254.5 -3
8255.5 -4
8256.5 -2
8257.5 0
8258.5 0
8259.5 0
8260.5 2
8261.5 2
8262.5 0
8263.5 1
8264.5 0
8265.5 -2
8266.5 0
8267.5 0
8268.5 1
8269.5 1
8270.5 0
8271.5 2
8272.5 2
8273.5 1
8274.5 1
8275.5 0
8276.5 0
8277.5 0
8278.5 2
8279.5 -5
8280.5 2
8281.5 1
8282.5 3
8283.5 0
8284.5 -4
8285.5 0
8286.5 2
8287.5 2
8288.5 0
8289.5 1
8290.5 -2
8291.5 1
8292.5 -2
8293.5 2
8294.5 1
8295.5 -1
8296.5 -2
8297.5 1
8298.5 -1
8299.5 -1
8300.5 1
8301.5 0
8302.5 1
8303.5 0
8304.5 1
8305.5 2
8306.5 3
8307.5 -2
8308.5 1
8309.5 3
8310.5 0
8311.5 -2
8312.5 1
8313.5 -1
8314.5 0
8315.5 0
8316.5 0
8317.5 0
8318.5 0
8319.5 0
8320.5 2
8321.5 0
8322.5 1
8323.5 -2
8324.5 1
8325.5 0
8326.5 2
8327.5 0
8328.5 -1
8329.5 1
8330.5 -1
8331.5 1
8332.5 3
8333.5 1
8334.5 -4
8335.5 -1
8336.5 1
8337.5 -1
8338.5 1
8339.5 1
8340.5 0
8341.5 -1
8342.5 2
8343.5 0
8344.5 -1
8345.5 0
8346.5 -3
8347.5 -2
8348.5 0
8349.5 0
8350.5 2
8351.5 0
8352.5 0
8353.5 -2
8354.5 -2
8355.5 -1
8356.5 0
8357.5 0
8358.5 1
8359.5 -2
8360.5 0
8361.5 0
8362.5 0
8363.5 -3
8364.5 1
8365.5 3
8366.5 -1
8367.5 1
8368.5 -1
8369.5 1
8370.5 1
8371.5 -2
8372.5 2
8373.5 -4
8374.5 0
8375.5 0
8376.5 0
8377.5 1
8378.5 -2
8379.5 0
8380.5 0
8381.5 -2
8382.5 2
8383.5 -2
8384.5 0
8385.5 0
8386.5 0
8387.5 0
8388.5 0
8389.5 2
8390.5 1
8391.5 0
8392.5 1
8393.5 1
8394.5 1
8395.5 1
8396.5 0
8397.5 2
8398.5 1
8399.5 0
8400.5 1
8401.5 -2
8402.5 1
8403.5 1
8404.5 -1
8405.5 1
8406.5 1
8407.5 2
8408.5 0
8409.5 2
8410.5 -2
8411.5 0
8412.5 0
8413.5 1
8414.5 1
8415.5 0
8416.5 0
8417.5 1
8418.5 0
8419.5 1
8420.5 2
8421.5 -2
8422.5 -1
8423.5 2
8424.5 3
8425.5 1
8426.5 -1
8427.5 0
8428.5 0
8429.5 1
8430.5 0
8431.5 1
8432.5 1
8433.5 -2
8434.5 -1
8435.5 -4
8436.5 -2
8437.5 -4
8438.5 -1
8439.5 1
8440.5 2
8441.5 -4
8442.5 3
8443.5 1
8444.5 -3
8445.5 2
8446.5 0
8447.5 0
8448.5 -1
8449.5 1
8450.5 0
8451.5 1
8452.5 1
8453.5 0
8454.5 0
8455.5 -1
8456.5 3
8457.5 5
8458.5 0
8459.5 3
8460.5 4
8461.5 -1
8462.5 1
8463.5 1
8464.5 1
8465.5 1
8466.5 0
8467.5 1
8468.5 -3
8469.5 3
8470.5 -1
8471.5 0
8472.5 -1
8473.5 0
8474.5 -1
8475.5 1
8476.5 3
8477.5 1
8478.5 0
8479.5 0
8480.5 0
8481.5 1
8482.5 1
8483.5 -1
8484.5 0
8485.5 0
8486.5 0
8487.5 2
8488.5 0
8489.5 -2
8490.5 0
8491.5 0
8492.5 2
8493.5 1
8494.5 1
8495.5 -2
8496.5 0
8497.5 0
8498.5 3
8499.5 2
8500.5 0
8501.5 -2
8502.5 1
8503.5 -1
8504.5 1
8505.5 -1
8506.5 1
8507.5 -2
8508.5 0
8509.5 2
8510.5 0
8511.5 0
8512.5 0
8513.5 0
8514.5 0
8515.5 0
8516.5 1
8517.5 0
8518.5 0
8519.5 0
8520.5 1
8521.5 0
8522.5 0
8523.5 -3
8524.5 0
8525.5 0
8526.5 -1
8527.5 0
8528.5 2
8529.5 0
8530.5 -2
8531.5 3
8532.5 2
8533.5 -2
8534.5 0
8535.5 -1
8536.5 0
8537.5 -2
8538.5 0
8539.5 1
8540.5 -2
8541.5 0
8542.5 3
8543.5 1
8544.5 0
8545.5 -2
8546.5 1
8547.5 0
8548.5 0
8549.5 0
8550.5 0
8551.5 -1
8552.5 0
8553.5 -2
8554.5 -2
8555.5 -2
8556.5 0
8557.5 0
8558.5 0
8559.5 0
8560.5 0
8561.5 0
8562.5 -2
8563.5 1
8564.5 -2
8565.5 0
8566.5 0
8567.5 2
8568.5 -1
8569.5 1
8570.5 -1
8571.5 -1
8572.5 -2
8573.5 1
8574.5 1
8575.5 1
8576.5 1
8577.5 0
8578.5 0
8579.5 2
8580.5 0
8581.5 0
8582.5 0
8583.5 0
8584.5 1
8585.5 1
8586.5 2
8587.5 2
8588.5 0
8589.5 0
8590.5 2
8591.5 1
8592.5 1
8593.5 1
8594.5 -3
8595.5 0
8596.5 0
8597.5 0
8598.5 1
8599.5 1
8600.5 0
8601.5 -2
8602.5 2
8603.5 2
8604.5 1
8605.5 1
8606.5 0
8607.5 0
8608.5 0
8609.5 -1
8610.5 0
8611.5 -2
8612.5 1
8613.5 -2
8614.5 2
8615.5 1
8616.5 0
8617.5 0
8618.5 0
8619.5 0
8620.5 -2
8621.5 0
8622.5 0
8623.5 -2
8624.5 0
8625.5 0
8626.5 1
8627.5 1
8628.5 0
8629.5 0
8630.5 1
8631.5 -1
8632.5 2
8633.5 -2
8634.5 1
8635.5 1
8636.5 -2
8637.5 0
8638.5 0
8639.5 -1
8640.5 0
8641.5 1
8642.5 1
8643.5 -4
8644.5 0
8645.5 -2
8646.5 0
8647.5 0
8648.5 0
8649.5 0
8650.5 0
8651.5 0
8652.5 0
8653.5 -3
8654.5 1
8655.5 0
8656.5 0
8657.5 0
8658.5 2
8659.5 0
8660.5 -1
8661.5 1
8662.5 0
8663.5 0
8664.5 1
8665.5 0
8666.5 0
8667.5 0
8668.5 0
8669.5 1
8670.5 0
8671.5 -1
8672.5 0
8673.5 1
8674.5 -2
8675.5 0
8676.5 1
8677.5 -3
8678.5 0
8679.5 0
8680.5 0
8681.5 3
8682.5 3
8683.5 2
8684.5 5
8685.5 3
8686.5 2
8687.5 2
8688.5 2
8689.5 0
8690.5 0
8691.5 1
8692.5 -2
8693.5 1
8694.5 0
8695.5 1
8696.5 0
8697.5 -2
8698.5 0
8699.5 0
8700.5 1
8701.5 0
8702.5 1
8703.5 -3
8704.5 -2
8705.5 0
8706.5 0
8707.5 0
8708.5 0
8709.5 -2
8710.5 0
8711.5 1
8712.5 0
8713.5 0
8714.5 -4
8715.5 2
8716.5 -2
8717.5 1
8718.5 -2
8719.5 0
8720.5 0
8721.5 0
8722.5 -2
8723.5 0
8724.5 0
8725.5 0
8726.5 -2
8727.5 0
8728.5 1
8729.5 0
8730.5 2
8731.5 0
8732.5 1
8733.5 1
8734.5 3
8735.5 2
8736.5 -2
8737.5 0
8738.5 0
8739.5 -1
8740.5 1
8741.5 1
8742.5 0
8743.5 -2
8744.5 0
8745.5 0
8746.5 0
8747.5 -2
8748.5 1
8749.5 0
8750.5 1
8751.5 0
8752.5 2
8753.5 1
8754.5 -1
8755.5 0
8756.5 -2
8757.5 0
8758.5 1
8759.5 0
8760.5 0
8761.5 0
8762.5 0
8763.5 0
8764.5 0
8765.5 0
8766.5 1
8767.5 0
8768.5 0
8769.5 0
8770.5 1
8771.5 -2
8772.5 0
8773.5 0
8774.5 0
8775.5 1
8776.5 1
8777.5 1
8778.5 0
8779.5 -2
8780.5 0
8781.5 0
8782.5 1
8783.5 0
8784.5 0
8785.5 -2
8786.5 0
8787.5 0
8788.5 -2
8789.5 0
8790.5 1
8791.5 0
8792.5 0
8793.5 -2
8794.5 0
8795.5 0
8796.5 0
8797.5 -2
8798.5 0
8799.5 2
8800.5 -2
8801.5 0
8802.5 0
8803.5 0
8804.5 -2
8805.5 0
8806.5 0
8807.5 -1
8808.5 1
8809.5 2
8810.5 -2
8811.5 0
8812.5 0
8813.5 1
8814.5 0
8815.5 0
8816.5 -2
8817.5 0
8818.5 -3
8819.5 0
8820.5 -2
8821.5 -2
8822.5 0
8823.5 1
8824.5 0
8825.5 0
8826.5 1
8827.5 -2
8828.5 0
8829.5 1
8830.5 1
8831.5 -2
8832.5 1
8833.5 0
8834.5 2
8835.5 1
8836.5 0
8837.5 0
8838.5 0
8839.5 0
8840.5 -4
8841.5 0
8842.5 1
8843.5 0
8844.5 1
8845.5 -2
8846.5 0
8847.5 0
8848.5 1
8849.5 0
8850.5 0
8851.5 -2
8852.5 0
8853.5 0
8854.5 0
8855.5 0
8856.5 0
8857.5 2
8858.5 -2
8859.5 0
8860.5 0
8861.5 0
8862.5 0
8863.5 0
8864.5 0
8865.5 0
8866.5 0
8867.5 0
8868.5 2
8869.5 1
8870.5 1
8871.5 0
8872.5 1
8873.5 0
8874.5 1
8875.5 -2
8876.5 0
8877.5 0
8878.5 0
8879.5 1
8880.5 2
8881.5 0
8882.5 0
8883.5 0
8884.5 0
8885.5 3
8886.5 1
8887.5 0
8888.5 0
8889.5 1
8890.5 0
8891.5 0
8892.5 0
8893.5 1
8894.5 0
8895.5 0
8896.5 -2
8897.5 2
8898.5 0
8899.5 1
8900.5 0
8901.5 0
8902.5 0
8903.5 0
8904.5 1
8905.5 0
8906.5 0
8907.5 0
8908.5 -2
8909.5 1
8910.5 1
8911.5 1
8912.5 0
8913.5 -2
8914.5 0
8915.5 0
8916.5 0
8917.5 0
8918.5 0
8919.5 0
8920.5 -2
8921.5 -2
8922.5 0
8923.5 0
8924.5 0
8925.5 -1
8926.5 1
8927.5 0
8928.5 0
8929.5 0
8930.5 0
8931.5 0
8932.5 0
8933.5 2
8934.5 0
8935.5 0
8936.5 0
8937.5 0
8938.5 1
8939.5 1
8940.5 0
8941.5 0
8942.5 0
8943.5 0
8944.5 1
8945.5 0
8946.5 -4
8947.5 0
8948.5 0
8949.5 1
8950.5 2
8951.5 0
8952.5 0
8953.5 1
8954.5 -2
8955.5 0
8956.5 2
8957.5 0
8958.5 0
8959.5 0
8960.5 0
8961.5 0
8962.5 -2
8963.5 -2
8964.5 0
8965.5 1
8966.5 -2
8967.5 -2
8968.5 1
8969.5 -1
8970.5 1
8971.5 1
8972.5 0
8973.5 0
8974.5 0
8975.5 -2
8976.5 0
8977.5 0
8978.5 -2
8979.5 0
8980.5 -1
8981.5 1
8982.5 1
8983.5 0
8984.5 0
8985.5 0
8986.5 0
8987.5 -1
8988.5 2
8989.5 0
8990.5 0
8991.5 1
8992.5 1
8993.5 0
8994.5 0
8995.5 0
8996.5 1
8997.5 -2
8998.5 0
8999.5 0
9000.5 2
9001.5 1
9002.5 0
9003.5 -2
9004.5 1
9005.5 0
9006.5 -2
9007.5 1
9008.5 0
9009.5 1
9010.5 -2
9011.5 2
9012.5 0
9013.5 0
9014.5 0
9015.5 0
9016.5 1
9017.5 0
9018.5 1
9019.5 0
9020.5 2
9021.5 0
9022.5 0
9023.5 1
9024.5 0
9025.5 1
9026.5 0
9027.5 0
9028.5 -1
9029.5 0
9030.5 2
9031.5 0
9032.5 0
9033.5 2
9034.5 0
9035.5 0
9036.5 0
9037.5 1
9038.5 -1
9039.5 1
9040.5 1
9041.5 0
9042.5 0
9043.5 1
9044.5 0
9045.5 -2
9046.5 0
9047.5 0
9048.5 0
9049.5 -1
9050.5 1
9051.5 -2
9052.5 1
9053.5 1
9054.5 0
9055.5 0
9056.5 0
9057.5 0
9058.5 -1
9059.5 0
9060.5 0
9061.5 0
9062.5 0
9063.5 2
9064.5 0
9065.5 -2
9066.5 0
9067.5 1
9068.5 -2
9069.5 -2
9070.5 -2
9071.5 1
9072.5 0
9073.5 1
9074.5 1
9075.5 1
9076.5 0
9077.5 0
9078.5 0
9079.5 0
9080.5 -2
9081.5 1
9082.5 0
9083.5 1
9084.5 -1
9085.5 1
9086.5 0
9087.5 0
9088.5 0
9089.5 1
9090.5 0
9091.5 0
9092.5 0
9093.5 -2
9094.5 0
9095.5 1
9096.5 0
9097.5 -3
9098.5 1
9099.5 0
9100.5 0
9101.5 1
9102.5 0
9103.5 0
9104.5 0
9105.5 0
9106.5 -1
9107.5 0
9108.5 1
9109.5 1
9110.5 0
9111.5 0
9112.5 0
9113.5 0
9114.5 0
9115.5 1
9116.5 0
9117.5 0
9118.5 0
9119.5 1
9120.5 0
9121.5 0
9122.5 0
9123.5 0
9124.5 -2
9125.5 -2
9126.5 0
9127.5 0
9128.5 0
9129.5 -2
9130.5 2
9131.5 1
9132.5 0
9133.5 0
9134.5 -2
9135.5 -2
9136.5 0
9137.5 1
9138.5 0
9139.5 1
9140.5 1
9141.5 0
9142.5 0
9143.5 0
9144.5 1
9145.5 0
9146.5 0
9147.5 0
9148.5 0
9149.5 0
9150.5 1
9151.5 0
9152.5 0
9153.5 -2
9154.5 0
9155.5 0
9156.5 0
9157.5 0
9158.5 1
9159.5 0
9160.5 0
9161.5 2
9162.5 -2
9163.5 0
9164.5 0
9165.5 1
9166.5 1
9167.5 -2
9168.5 0
9169.5 0
9170.5 -2
9171.5 0
9172.5 0
9173.5 0
9174.5 0
9175.5 1
9176.5 0
9177.5 0
9178.5 0
9179.5 0
9180.5 0
9181.5 0
9182.5 0
9183.5 0
9184.5 0
9185.5 0
9186.5 1
9187.5 -2
9188.5 1
9189.5 1
9190.5 0
9191.5 0
9192.5 1
9193.5 1
9194.5 0
9195.5 0
9196.5 0
9197.5 0
9198.5 1
9199.5 1
9200.5 0
9201.5 0
9202.5 -2
9203.5 -2
9204.5 1
9205.5 1
9206.5 0
9207.5 0
9208.5 0
9209.5 0
9210.5 -2
9211.5 0
9212.5 0
9213.5 1
9214.5 1
9215.5 0
9216.5 0
9217.5 0
9218.5 0
9219.5 1
9220.5 0
9221.5 0
9222.5 1
9223.5 0
9224.5 1
9225.5 1
9226.5 0
9227.5 0
9228.5 0
9229.5 2
9230.5 1
9231.5 0
9232.5 0
9233.5 1
9234.5 0
9235.5 0
9236.5 0
9237.5 0
9238.5 0
9239.5 1
9240.5 0
9241.5 -2
9242.5 0
9243.5 0
9244.5 2
9245.5 0
9246.5 2
9247.5 0
9248.5 0
9249.5 0
9250.5 0
9251.5 0
9252.5 -1
9253.5 0
9254.5 0
9255.5 0
9256.5 0
9257.5 1
9258.5 1
9259.5 1
9260.5 1
9261.5 1
9262.5 0
9263.5 0
9264.5 0
9265.5 0
9266.5 0
9267.5 1
9268.5 1
9269.5 -1
9270.5 0
9271.5 1
9272.5 0
9273.5 0
9274.5 1
9275.5 0
9276.5 0
9277.5 2
9278.5 0
9279.5 0
9280.5 0
9281.5 0
9282.5 0
9283.5 0
9284.5 -1
9285.5 -2
9286.5 -2
9287.5 0
9288.5 0
9289.5 0
9290.5 0
9291.5 0
9292.5 1
9293.5 0
9294.5 -2
9295.5 -2
9296.5 -2
9297.5 -2
9298.5 1
9299.5 1
9300.5 1
9301.5 0
9302.5 1
9303.5 0
9304.5 0
9305.5 -2
9306.5 2
9307.5 0
9308.5 -2
9309.5 0
9310.5 0
9311.5 1
9312.5 0
9313.5 0
9314.5 0
9315.5 1
9316.5 -2
9317.5 0
9318.5 1
9319.5 0
9320.5 0
9321.5 0
9322.5 0
9323.5 1
9324.5 0
9325.5 0
9326.5 0
9327.5 0
9328.5 1
9329.5 0
9330.5 2
9331.5 0
9332.5 1
9333.5 0
9334.5 0
9335.5 0
9336.5 0
9337.5 0
9338.5 0
9339.5 0
9340.5 0
9341.5 0
9342.5 0
9343.5 -2
9344.5 1
9345.5 1
9346.5 1
9347.5 0
9348.5 0
9349.5 0
9350.5 0
9351.5 0
9352.5 0
9353.5 0
9354.5 1
9355.5 0
9356.5 0
9357.5 0
9358.5 0
9359.5 0
9360.5 1
9361.5 -2
9362.5 0
9363.5 0
9364.5 1
9365.5 0
9366.5 1
9367.5 -1
9368.5 0
9369.5 0
9370.5 0
9371.5 0
9372.5 1
9373.5 0
9374.5 0
9375.5 0
9376.5 1
9377.5 0
9378.5 0
9379.5 1
9380.5 0
9381.5 0
9382.5 0
9383.5 0
9384.5 0
9385.5 0
9386.5 0
9387.5 0
9388.5 0
9389.5 -2
9390.5 0
9391.5 0
9392.5 0
9393.5 0
9394.5 0
9395.5 0
9396.5 0
9397.5 0
9398.5 0
9399.5 0
9400.5 0
9401.5 0
9402.5 0
9403.5 0
9404.5 0
9405.5 1
9406.5 0
9407.5 3
9408.5 0
9409.5 0
9410.5 0
9411.5 0
9412.5 0
9413.5 0
9414.5 0
9415.5 0
9416.5 2
9417.5 0
9418.5 0
9419.5 0
9420.5 0
9421.5 0
9422.5 0
9423.5 1
9424.5 1
9425.5 0
9426.5 0
9427.5 1
9428.5 0
9429.5 0
9430.5 0
9431.5 0
9432.5 0
9433.5 1
9434.5 0
9435.5 -2
9436.5 0
9437.5 0
9438.5 0
9439.5 0
9440.5 -2
9441.5 1
9442.5 0
9443.5 -2
9444.5 1
9445.5 1
9446.5 0
9447.5 0
9448.5 0
9449.5 1
9450.5 -2
9451.5 0
9452.5 0
9453.5 -2
9454.5 0
9455.5 0
9456.5 0
9457.5 -2
9458.5 0
9459.5 0
9460.5 1
9461.5 0
9462.5 1
9463.5 1
9464.5 0
9465.5 0
9466.5 0
9467.5 1
9468.5 -2
9469.5 0
9470.5 1
9471.5 0
9472.5 0
9473.5 0
9474.5 0
9475.5 0
9476.5 -2
9477.5 0
9478.5 0
9479.5 0
9480.5 0
9481.5 0
9482.5 0
9483.5 0
9484.5 0
9485.5 0
9486.5 0
9487.5 0
9488.5 0
9489.5 -2
9490.5 0
9491.5 1
9492.5 0
9493.5 0
9494.5 0
9495.5 0
9496.5 0
9497.5 0
9498.5 0
9499.5 0
9500.5 0
9501.5 0
9502.5 0
9503.5 0
9504.5 1
9505.5 -2
9506.5 0
9507.5 0
9508.5 0
9509.5 0
9510.5 0
9511.5 0
9512.5 0
9513.5 0
9514.5 0
9515.5 0
9516.5 1
9517.5 0
9518.5 1
9519.5 0
9520.5 0
9521.5 1
9522.5 0
9523.5 0
9524.5 -2
9525.5 0
9526.5 0
9527.5 0
9528.5 1
9529.5 0
9530.5 0
9531.5 1
9532.5 0
9533.5 0
9534.5 0
9535.5 0
9536.5 -2
9537.5 -2
9538.5 1
9539.5 0
9540.5 0
9541.5 0
9542.5 0
9543.5 0
9544.5 0
9545.5 1
9546.5 0
9547.5 1
9548.5 0
9549.5 0
9550.5 0
9551.5 0
9552.5 2
9553.5 0
9554.5 1
9555.5 0
9556.5 0
9557.5 0
9558.5 1
9559.5 0
9560.5 0
9561.5 0
9562.5 0
9563.5 0
9564.5 0
9565.5 0
9566.5 0
9567.5 1
9568.5 0
9569.5 0
9570.5 0
9571.5 0
9572.5 1
9573.5 0
9574.5 0
9575.5 0
9576.5 -2
9577.5 0
9578.5 0
9579.5 -1
9580.5 0
9581.5 0
9582.5 -1
9583.5 1
9584.5 1
9585.5 0
9586.5 0
9587.5 0
9588.5 0
9589.5 1
9590.5 0
9591.5 1
9592.5 0
9593.5 0
9594.5 0
9595.5 0
9596.5 1
9597.5 0
9598.5 0
9599.5 0
9600.5 1
9601.5 0
9602.5 0
9603.5 0
9604.5 1
9605.5 0
9606.5 -2
9607.5 0
9608.5 0
9609.5 0
9610.5 0
9611.5 0
9612.5 1
9613.5 0
9614.5 0
9615.5 0
9616.5 1
9617.5 -4
9618.5 0
9619.5 0
9620.5 -2
9621.5 0
9622.5 0
9623.5 0
9624.5 1
9625.5 0
9626.5 0
9627.5 1
9628.5 0
9629.5 0
9630.5 1
9631.5 0
9632.5 0
9633.5 0
9634.5 0
9635.5 0
9636.5 0
9637.5 0
9638.5 0
9639.5 0
9640.5 0
9641.5 0
9642.5 0
9643.5 0
9644.5 0
9645.5 0
9646.5 0
9647.5 0
9648.5 0
9649.5 0
9650.5 0
9651.5 0
9652.5 0
9653.5 0
9654.5 0
9655.5 0
9656.5 0
9657.5 0
9658.5 0
9659.5 -1
9660.5 0
9661.5 -2
9662.5 0
9663.5 0
9664.5 0
9665.5 1
9666.5 0
9667.5 0
9668.5 0
9669.5 0
9670.5 0
9671.5 0
9672.5 0
9673.5 0
9674.5 -2
9675.5 0
9676.5 0
9677.5 0
9678.5 0
9679.5 1
9680.5 0
9681.5 0
9682.5 0
9683.5 0
9684.5 0
9685.5 1
9686.5 0
9687.5 0
9688.5 0
9689.5 0
9690.5 0
9691.5 1
9692.5 0
9693.5 0
9694.5 0
9695.5 0
9696.5 0
9697.5 0
9698.5 0
9699.5 0
9700.5 0
9701.5 0
9702.5 0
9703.5 1
9704.5 0
9705.5 0
9706.5 0
9707.5 0
9708.5 0
9709.5 -2
9710.5 0
9711.5 -4
9712.5 0
9713.5 0
9714.5 0
9715.5 0
9716.5 0
9717.5 0
9718.5 0
9719.5 0
9720.5 0
9721.5 -2
9722.5 0
9723.5 0
9724.5 0
9725.5 -2
9726.5 0
9727.5 0
9728.5 0
9729.5 0
9730.5 0
9731.5 0
9732.5 0
9733.5 -2
9734.5 0
9735.5 1
9736.5 0
9737.5 0
9738.5 0
9739.5 0
9740.5 -2
9741.5 -2
9742.5 0
9743.5 -2
9744.5 0
9745.5 0
9746.5 -2
9747.5 0
9748.5 0
9749.5 0
9750.5 -2
9751.5 0
9752.5 0
9753.5 1
9754.5 0
9755.5 0
9756.5 -1
9757.5 1
9758.5 0
9759.5 1
9760.5 -2
9761.5 0
9762.5 0
9763.5 1
9764.5 0
9765.5 0
9766.5 1
9767.5 0
9768.5 0
9769.5 0
9770.5 0
9771.5 0
9772.5 1
9773.5 0
9774.5 0
9775.5 0
9776.5 0
9777.5 0
9778.5 0
9779.5 0
9780.5 0
9781.5 1
9782.5 -2
9783.5 0
9784.5 0
9785.5 -2
9786.5 0
9787.5 0
9788.5 0
9789.5 0
9790.5 0
9791.5 0
9792.5 1
9793.5 0
9794.5 0
9795.5 0
9796.5 0
9797.5 0
9798.5 1
9799.5 0
9800.5 0
9801.5 0
9802.5 1
9803.5 0
9804.5 0
9805.5 0
9806.5 0
9807.5 0
9808.5 0
9809.5 0
9810.5 0
9811.5 0
9812.5 -2
9813.5 1
9814.5 1
9815.5 0
9816.5 0
9817.5 0
9818.5 0
9819.5 0
9820.5 -2
9821.5 -2
9822.5 0
9823.5 0
9824.5 0
9825.5 0
9826.5 0
9827.5 0
9828.5 0
9829.5 0
9830.5 0
9831.5 0
9832.5 0
9833.5 0
9834.5 0
9835.5 0
9836.5 0
9837.5 0
9838.5 0
9839.5 0
9840.5 0
9841.5 0
9842.5 0
9843.5 0
9844.5 0
9845.5 0
9846.5 0
9847.5 1
9848.5 0
9849.5 1
9850.5 0
9851.5 0
9852.5 0
9853.5 0
9854.5 0
9855.5 1
9856.5 0
9857.5 0
9858.5 0
9859.5 0
9860.5 0
9861.5 0
9862.5 0
9863.5 0
9864.5 0
9865.5 0
9866.5 0
9867.5 0
9868.5 0
9869.5 0
9870.5 0
9871.5 0
9872.5 0
9873.5 0
9874.5 0
9875.5 0
9876.5 0
9877.5 0
9878.5 0
9879.5 -2
9880.5 -2
9881.5 0
9882.5 0
9883.5 0
9884.5 0
9885.5 0
9886.5 0
9887.5 0
9888.5 0
9889.5 0
9890.5 0
9891.5 0
9892.5 0
9893.5 0
9894.5 1
9895.5 1
9896.5 0
9897.5 0
9898.5 0
9899.5 0
9900.5 0
9901.5 1
9902.5 0
9903.5 0
9904.5 0
9905.5 0
9906.5 0
9907.5 0
9908.5 0
9909.5 0
9910.5 0
9911.5 0
9912.5 0
9913.5 0
9914.5 0
9915.5 0
9916.5 0
9917.5 0
9918.5 -2
9919.5 0
9920.5 0
9921.5 0
9922.5 0
9923.5 1
9924.5 0
9925.5 0
9926.5 0
9927.5 -2
9928.5 0
9929.5 0
9930.5 0
9931.5 0
9932.5 0
9933.5 0
9934.5 0
9935.5 0
9936.5 0
9937.5 0
9938.5 1
9939.5 0
9940.5 0
9941.5 0
9942.5 0
9943.5 0
9944.5 0
9945.5 0
9946.5 0
9947.5 -2
9948.5 1
9949.5 0
9950.5 0
9951.5 0
9952.5 0
9953.5 0
9954.5 0
9955.5 0
9956.5 0
9957.5 0
9958.5 0
9959.5 0
9960.5 0
9961.5 0
9962.5 0
9963.5 0
9964.5 1
9965.5 0
9966.5 0
9967.5 0
9968.5 0
9969.5 0
9970.5 0
9971.5 0
9972.5 0
9973.5 1
9974.5 1
9975.5 0
9976.5 0
9977.5 0
9978.5 1
9979.5 0
9980.5 0
9981.5 0
9982.5 0
9983.5 0
9984.5 0
9985.5 0
9986.5 0
9987.5 0
9988.5 0
9989.5 0
9990.5 1
9991.5 0
9992.5 1
9993.5 0
9994.5 0
9995.5 0
9996.5 0
9997.5 0
9998.5 0
9999.5 0
10000.5 0
10001.5 0
10002.5 0
10003.5 0
10004.5 0
10005.5 0
10006.5 0
10007.5 0
10008.5 0
10009.5 0
10010.5 0
10011.5 0
10012.5 0
10013.5 0
10014.5 0
10015.5 0
10016.5 0
10017.5 0
10018.5 0
10019.5 0
10020.5 0
10021.5 0
10022.5 0
10023.5 0
10024.5 0
10025.5 0
10026.5 0
10027.5 0
10028.5 0
10029.5 0
10030.5 0
10031.5 0
10032.5 0
10033.5 0
10034.5 0
10035.5 0
10036.5 0
10037.5 0
10038.5 0
10039.5 0
10040.5 0
10041.5 0
10042.5 0
10043.5 0
10044.5 0
10045.5 0
10046.5 -2
10047.5 0
10048.5 0
10049.5 0
10050.5 0
10051.5 0
10052.5 -2
10053.5 0
10054.5 0
10055.5 0
10056.5 0
10057.5 0
10058.5 0
10059.5 0
10060.5 0
10061.5 1
10062.5 0
10063.5 0
10064.5 0
10065.5 0
10066.5 0
10067.5 0
10068.5 0
10069.5 0
10070.5 0
10071.5 0
10072.5 0
10073.5 0
10074.5 0
10075.5 0
10076.5 0
10077.5 0
10078.5 0
10079.5 0
10080.5 0
10081.5 0
10082.5 0
10083.5 0
10084.5 0
10085.5 0
10086.5 0
10087.5 0
10088.5 0
10089.5 0
10090.5 0
10091.5 0
10092.5 0
10093.5 0
10094.5 0
10095.5 0
10096.5 0
10097.5 0
10098.5 0
10099.5 0
10100.5 0
10101.5 0
10102.5 0
10103.5 0
10104.5 0
10105.5 0
10106.5 0
10107.5 0
10108.5 0
10109.5 1
10110.5 0
10111.5 0
10112.5 0
10113.5 0
10114.5 0
10115.5 0
10116.5 0
10117.5 0
10118.5 0
10119.5 0
10120.5 0
10121.5 1
10122.5 0
10123.5 0
10124.5 0
10125.5 0
10126.5 0
10127.5 0
10128.5 1
10129.5 0
10130.5 0
10131.5 0
10132.5 0
10133.5 0
10134.5 0
10135.5 0
10136.5 0
10137.5 0
10138.5 0
10139.5 0
10140.5 -2
10141.5 0
10142.5 0
10143.5 0
10144.5 0
10145.5 0
10146.5 0
10147.5 0
10148.5 0
10149.5 0
10150.5 0
10151.5 0
10152.5 0
10153.5 0
10154.5 0
10155.5 0
10156.5 0
10157.5 0
10158.5 1
10159.5 0
10160.5 0
10161.5 0
10162.5 0
10163.5 0
10164.5 0
10165.5 0
10166.5 0
10167.5 0
10168.5 0
10169.5 0
10170.5 0
10171.5 0
10172.5 0
10173.5 0
10174.5 0
10175.5 0
10176.5 1
10177.5 0
10178.5 0
10179.5 0
10180.5 0
10181.5 0
10182.5 0
10183.5 0
10184.5 0
10185.5 0
10186.5 0
10187.5 0
10188.5 0
10189.5 0
10190.5 0
10191.5 0
10192.5 0
10193.5 0
10194.5 0
10195.5 0
10196.5 0
10197.5 0
10198.5 0
10199.5 0
10200.5 0
10201.5 0
10202.5 0
10203.5 0
10204.5 1
10205.5 0
10206.5 0
10207.5 0
10208.5 0
10209.5 0
10210.5 0
10211.5 0
10212.5 1
10213.5 0
10214.5 0
10215.5 1
10216.5 0
10217.5 0
10218.5 0
10219.5 0
10220.5 0
10221.5 0
10222.5 0
10223.5 0
10224.5 0
10225.5 0
10226.5 0
10227.5 0
10228.5 0
10229.5 0
10230.5 0
10231.5 0
10232.5 0
10233.5 0
10234.5 0
10235.5 0
10236.5 0
10237.5 0
10238.5 0
10239.5 0
10240.5 0
10241.5 0
10242.5 0
10243.5 0
10244.5 0
10245.5 0
10246.5 0
10247.5 0
10248.5 0
10249.5 0
10250.5 0
10251.5 0
10252.5 0
10253.5 0
10254.5 0
10255.5 0
10256.5 -2
10257.5 0
10258.5 0
10259.5 0
10260.5 0
10261.5 0
10262.5 0
10263.5 0
10264.5 0
10265.5 0
10266.5 0
10267.5 0
10268.5 0
10269.5 0
10270.5 0
10271.5 0
10272.5 0
10273.5 0
10274.5 0
10275.5 0
10276.5 0
10277.5 0
10278.5 0
10279.5 0
10280.5 0
10281.5 0
10282.5 0
10283.5 0
10284.5 0
10285.5 0
10286.5 0
10287.5 0
10288.5 0
10289.5 0
10290.5 0
10291.5 0
10292.5 0
10293.5 0
10294.5 0
10295.5 0
10296.5 0
10297.5 0
10298.5 0
10299.5 1
10300.5 0
10301.5 0
10302.5 0
10303.5 0
10304.5 0
10305.5 0
10306.5 0
10307.5 0
10308.5 0
10309.5 0
10310.5 0
10311.5 0
10312.5 0
10313.5 0
10314.5 1
10315.5 0
10316.5 0
10317.5 0
10318.5 0
10319.5 0
10320.5 0
10321.5 0
10322.5 0
10323.5 0
10324.5 0
10325.5 0
10326.5 0
10327.5 0
10328.5 0
10329.5 0
10330.5 0
10331.5 0
10332.5 0
10333.5 0
10334.5 0
10335.5 0
10336.5 0
10337.5 0
10338.5 0
10339.5 0
10340.5 0
10341.5 0
10342.5 0
10343.5 0
10344.5 0
10345.5 0
10346.5 0
10347.5 0
10348.5 0
10349.5 0
10350.5 0
10351.5 1
10352.5 1
10353.5 0
10354.5 0
10355.5 0
10356.5 0
10357.5 0
10358.5 0
10359.5 0
10360.5 0
10361.5 0
10362.5 0
10363.5 0
10364.5 0
10365.5 0
10366.5 0
10367.5 0
10368.5 0
10369.5 0
10370.5 0
10371.5 0
10372.5 1
10373.5 0
10374.5 0
10375.5 0
10376.5 1
10377.5 0
10378.5 0
10379.5 0
10380.5 0
10381.5 0
10382.5 0
10383.5 0
10384.5 0
10385.5 0
10386.5 0
10387.5 0
10388.5 0
10389.5 0
10390.5 0
10391.5 0
10392.5 0
10393.5 0
10394.5 0
10395.5 0
10396.5 0
10397.5 0
10398.5 0
10399.5 0
10400.5 0
10401.5 0
10402.5 0
10403.5 -2
10404.5 0
10405.5 0
10406.5 0
10407.5 0
10408.5 0
10409.5 0
10410.5 0
10411.5 0
10412.5 0
10413.5 0
10414.5 0
10415.5 2
10416.5 0
10417.5 0
10418.5 0
10419.5 0
10420.5 0
10421.5 0
10422.5 0
10423.5 0
10424.5 0
10425.5 0
10426.5 0
10427.5 0
10428.5 0
10429.5 0
10430.5 0
10431.5 0
10432.5 0
10433.5 0
10434.5 0
10435.5 0
10436.5 0
10437.5 0
10438.5 0
10439.5 0
10440.5 0
10441.5 0
10442.5 0
10443.5 0
10444.5 0
10445.5 0
10446.5 0
10447.5 0
10448.5 0
10449.5 0
10450.5 0
10451.5 0
10452.5 0
10453.5 0
10454.5 1
10455.5 0
10456.5 0
10457.5 0
10458.5 0
10459.5 0
10460.5 0
10461.5 0
10462.5 0
10463.5 0
10464.5 0
10465.5 0
10466.5 0
10467.5 0
10468.5 0
10469.5 0
10470.5 0
10471.5 0
10472.5 0
10473.5 0
10474.5 0
10475.5 0
10476.5 0
10477.5 0
10478.5 0
10479.5 0
10480.5 0
10481.5 0
10482.5 0
10483.5 0
10484.5 0
10485.5 0
10486.5 0
10487.5 0
10488.5 0
10489.5 0
10490.5 0
10491.5 0
10492.5 0
10493.5 0
10494.5 -1
10495.5 0
10496.5 0
10497.5 0
10498.5 0
10499.5 0
10500.5 0
10501.5 0
10502.5 0
10503.5 0
10504.5 0
10505.5 0
10506.5 0
10507.5 0
10508.5 0
10509.5 0
10510.5 0
10511.5 0
10512.5 0
10513.5 0
10514.5 0
10515.5 1
10516.5 0
10517.5 0
10518.5 0
10519.5 0
10520.5 0
10521.5 0
10522.5 0
10523.5 0
10524.5 0
10525.5 0
10526.5 0
10527.5 0
10528.5 0
10529.5 0
10530.5 0
10531.5 0
10532.5 0
10533.5 0
10534.5 0
10535.5 0
10536.5 0
10537.5 0
10538.5 0
10539.5 0
10540.5 0
10541.5 0
10542.5 0
10543.5 0
10544.5 -2
10545.5 0
10546.5 0
10547.5 0
10548.5 0
10549.5 0
10550.5 0
10551.5 0
10552.5 0
10553.5 0
10554.5 0
10555.5 -1
10556.5 0
10557.5 0
10558.5 0
10559.5 0
10560.5 0
10561.5 0
10562.5 0
10563.5 0
10564.5 0
10565.5 0
10566.5 0
10567.5 0
10568.5 0
10569.5 0
10570.5 0
10571.5 1
10572.5 0
10573.5 0
10574.5 0
10575.5 0
10576.5 0
10577.5 0
10578.5 0
10579.5 0
10580.5 0
10581.5 0
10582.5 0
10583.5 0
10584.5 0
10585.5 0
10586.5 0
10587.5 0
10588.5 0
10589.5 0
10590.5 0
10591.5 0
10592.5 0
10593.5 0
10594.5 0
10595.5 0
10596.5 0
10597.5 0
10598.5 -2
10599.5 0
10600.5 0
10601.5 0
10602.5 0
10603.5 0
10604.5 0
10605.5 0
10606.5 0
10607.5 0
10608.5 0
10609.5 0
10610.5 0
10611.5 0
10612.5 0
10613.5 0
10614.5 0
10615.5 0
10616.5 0
10617.5 0
10618.5 0
10619.5 0
10620.5 0
10621.5 0
10622.5 0
10623.5 0
10624.5 0
10625.5 0
10626.5 0
10627.5 0
10628.5 0
10629.5 -2
10630.5 0
10631.5 0
10632.5 -1
10633.5 0
10634.5 0
10635.5 0
10636.5 0
10637.5 0
10638.5 0
10639.5 0
10640.5 0
10641.5 0
10642.5 0
10643.5 0
10644.5 0
10645.5 0
10646.5 0
10647.5 0
10648.5 0
10649.5 0
10650.5 0
10651.5 0
10652.5 0
10653.5 0
10654.5 0
10655.5 0
10656.5 0
10657.5 0
10658.5 0
10659.5 0
10660.5 0
10661.5 0
10662.5 0
10663.5 0
10664.5 0
10665.5 0
10666.5 0
10667.5 0
10668.5 0
10669.5 0
10670.5 0
10671.5 0
10672.5 0
10673.5 0
10674.5 0
10675.5 0
10676.5 0
10677.5 0
10678.5 0
10679.5 0
10680.5 0
10681.5 0
10682.5 0
10683.5 0
10684.5 0
10685.5 0
10686.5 0
10687.5 0
10688.5 0
10689.5 0
10690.5 -2
10691.5 1
10692.5 0
10693.5 0
10694.5 0
10695.5 -2
10696.5 0
10697.5 0
10698.5 0
10699.5 1
10700.5 0
10701.5 0
10702.5 0
10703.5 -2
10704.5 0
10705.5 0
10706.5 0
10707.5 0
10708.5 0
10709.5 0
10710.5 0
10711.5 0
10712.5 0
10713.5 0
10714.5 0
10715.5 0
10716.5 0
10717.5 0
10718.5 0
10719.5 0
10720.5 0
10721.5 0
10722.5 0
10723.5 0
10724.5 0
10725.5 0
10726.5 0
10727.5 0
10728.5 0
10729.5 0
10730.5 0
10731.5 0
10732.5 0
10733.5 0
10734.5 0
10735.5 0
10736.5 0
10737.5 0
10738.5 0
10739.5 0
10740.5 0
10741.5 0
10742.5 0
10743.5 0
10744.5 0
10745.5 0
10746.5 0
10747.5 0
10748.5 0
10749.5 0
10750.5 0
10751.5 0
10752.5 0
10753.5 0
10754.5 0
10755.5 0
10756.5 0
10757.5 0
10758.5 0
10759.5 0
10760.5 0
10761.5 0
10762.5 0
10763.5 0
10764.5 0
10765.5 0
10766.5 0
10767.5 0
10768.5 0
10769.5 0
10770.5 0
10771.5 0
10772.5 0
10773.5 0
10774.5 0
10775.5 0
10776.5 0
10777.5 0
10778.5 0
10779.5 0
10780.5 0
10781.5 0
10782.5 0
10783.5 0
10784.5 0
10785.5 0
10786.5 0
10787.5 0
10788.5 0
10789.5 0
10790.5 0
10791.5 0
10792.5 0
10793.5 0
10794.5 0
10795.5 0
10796.5 0
10797.5 0
10798.5 0
10799.5 0
10800.5 0
10801.5 0
10802.5 0
10803.5 0
10804.5 0
10805.5 0
10806.5 1
10807.5 0
10808.5 0
10809.5 0
10810.5 0
10811.5 0
10812.5 0
10813.5 0
10814.5 0
10815.5 0
10816.5 0
10817.5 0
10818.5 0
10819.5 0
10820.5 0
10821.5 0
10822.5 0
10823.5 0
10824.5 0
10825.5 0
10826.5 0
10827.5 0
10828.5 0
10829.5 0
10830.5 0
10831.5 0
10832.5 0
10833.5 0
10834.5 1
10835.5 0
10836.5 0
10837.5 0
10838.5 0
10839.5 0
10840.5 0
10841.5 0
10842.5 0
10843.5 0
10844.5 -2
10845.5 0
10846.5 0
10847.5 0
10848.5 0
10849.5 0
10850.5 0
10851.5 0
10852.5 0
10853.5 0
10854.5 0
10855.5 0
10856.5 0
10857.5 0
10858.5 0
10859.5 0
10860.5 0
10861.5 0
10862.5 0
10863.5 0
10864.5 0
10865.5 0
10866.5 0
10867.5 0
10868.5 0
10869.5 0
10870.5 0
10871.5 0
10872.5 0
10873.5 0
10874.5 0
10875.5 0
10876.5 0
10877.5 0
10878.5 0
10879.5 0
10880.5 0
10881.5 0
10882.5 0
10883.5 0
10884.5 0
10885.5 0
10886.5 0
10887.5 0
10888.5 0
10889.5 0
10890.5 0
10891.5 0
10892.5 0
10893.5 0
10894.5 0
10895.5 -2
10896.5 0
10897.5 0
10898.5 0
10899.5 0
10900.5 0
10901.5 0
10902.5 1
10903.5 0
10904.5 0
10905.5 0
10906.5 0
10907.5 0
10908.5 0
10909.5 0
10910.5 0
10911.5 0
10912.5 0
10913.5 0
10914.5 0
10915.5 0
10916.5 0
10917.5 0
10918.5 0
10919.5 0
10920.5 0
10921.5 0
10922.5 0
10923.5 0
10924.5 0
10925.5 0
10926.5 0
10927.5 0
10928.5 0
10929.5 0
10930.5 0
10931.5 0
10932.5 0
10933.5 0
10934.5 0
10935.5 0
10936.5 0
10937.5 0
10938.5 0
10939.5 0
10940.5 0
10941.5 0
10942.5 0
10943.5 0
10944.5 0
10945.5 0
10946.5 0
10947.5 0
10948.5 0
10949.5 0
10950.5 0
10951.5 0
10952.5 0
10953.5 0
10954.5 0
10955.5 0
10956.5 0
10957.5 0
10958.5 0
10959.5 0
10960.5 0
10961.5 0
10962.5 0
10963.5 0
10964.5 0
10965.5 0
10966.5 0
10967.5 0
10968.5 0
10969.5 0
10970.5 0
10971.5 0
10972.5 1
10973.5 0
10974.5 0
10975.5 0
10976.5 0
10977.5 0
10978.5 0
10979.5 0
10980.5 0
10981.5 0
10982.5 0
10983.5 0
10984.5 0
10985.5 0
10986.5 0
10987.5 0
10988.5 0
10989.5 0
10990.5 0
10991.5 0
10992.5 0
10993.5 0
10994.5 0
10995.5 0
10996.5 0
10997.5 1
10998.5 0
10999.5 0
11000.5 0
11001.5 0
11002.5 0
11003.5 0
11004.5 0
11005.5 0
11006.5 0
11007.5 0
11008.5 0
11009.5 0
11010.5 0
11011.5 0
11012.5 0
11013.5 0
11014.5 0
11015.5 0
11016.5 0
11017.5 0
11018.5 -2
11019.5 0
11020.5 0
11021.5 0
11022.5 0
11023.5 0
11024.5 0
11025.5 0
11026.5 0
11027.5 0
11028.5 0
11029.5 0
11030.5 0
11031.5 0
11032.5 0
11033.5 0
11034.5 0
11035.5 0
11036.5 0
11037.5 0
11038.5 0
11039.5 0
11040.5 0
11041.5 0
11042.5 0
11043.5 0
11044.5 0
11045.5 0
11046.5 0
11047.5 0
11048.5 0
11049.5 0
11050.5 0
11051.5 0
11052.5 0
11053.5 0
11054.5 0
11055.5 0
11056.5 0
11057.5 0
11058.5 0
11059.5 0
11060.5 0
11061.5 0
11062.5 0
11063.5 0
11064.5 0
11065.5 0
11066.5 0
11067.5 0
11068.5 0
11069.5 0
11070.5 0
11071.5 0
11072.5 0
11073.5 0
11074.5 0
11075.5 0
11076.5 0
11077.5 0
11078.5 0
11079.5 0
11080.5 0
11081.5 0
11082.5 0
11083.5 0
11084.5 0
11085.5 0
11086.5 0
11087.5 0
11088.5 0
11089.5 0
11090.5 0
11091.5 0
11092.5 0
11093.5 0
11094.5 1
11095.5 0
11096.5 0
11097.5 0
11098.5 0
11099.5 0
11100.5 0
11101.5 0
11102.5 0
11103.5 0
11104.5 0
11105.5 0
11106.5 0
11107.5 0
11108.5 0
11109.5 0
11110.5 0
11111.5 0
11112.5 0
11113.5 0
11114.5 0
11115.5 0
11116.5 0
11117.5 0
11118.5 0
11119.5 0
11120.5 0
11121.5 0
11122.5 0
11123.5 0
11124.5 0
11125.5 0
11126.5 0
11127.5 0
11128.5 0
11129.5 0
11130.5 0
11131.5 0
11132.5 0
11133.5 0
11134.5 0
11135.5 0
11136.5 0
11137.5 0
11138.5 0
11139.5 0
11140.5 0
11141.5 0
11142.5 0
11143.5 0
11144.5 0
11145.5 0
11146.5 0
11147.5 0
11148.5 0
11149.5 0
11150.5 0
11151.5 0
11152.5 0
11153.5 0
11154.5 0
11155.5 0
11156.5 0
11157.5 0
11158.5 0
11159.5 0
11160.5 0
11161.5 0
11162.5 0
11163.5 0
11164.5 0
11165.5 0
11166.5 0
11167.5 0
11168.5 0
11169.5 0
11170.5 0
11171.5 0
11172.5 0
11173.5 0
11174.5 0
11175.5 0
11176.5 0
11177.5 0
11178.5 0
11179.5 0
11180.5 0
11181.5 0
11182.5 0
11183.5 0
11184.5 0
11185.5 0
11186.5 0
11187.5 0
11188.5 0
11189.5 0
11190.5 0
11191.5 0
11192.5 0
11193.5 0
11194.5 0
11195.5 0
11196.5 0
11197.5 0
11198.5 0
11199.5 0
11200.5 0
11201.5 0
11202.5 0
11203.5 0
11204.5 0
11205.5 0
11206.5 0
11207.5 0
11208.5 0
11209.5 0
11210.5 0
11211.5 0
11212.5 0
11213.5 0
11214.5 0
11215.5 0
11216.5 0
11217.5 0
11218.5 0
11219.5 0
11220.5 0
11221.5 0
11222.5 0
11223.5 0
11224.5 0
11225.5 0
11226.5 0
11227.5 0
11228.5 0
11229.5 0
11230.5 0
11231.5 0
11232.5 0
11233.5 0
11234.5 0
11235.5 0
11236.5 0
11237.5 0
11238.5 0
11239.5 0
11240.5 0
11241.5 0
11242.5 0
11243.5 0
11244.5 0
11245.5 0
11246.5 1
11247.5 0
11248.5 0
11249.5 0
11250.5 0
11251.5 0
11252.5 0
11253.5 0
11254.5 0
11255.5 0
11256.5 0
11257.5 0
11258.5 0
11259.5 0
11260.5 0
11261.5 0
11262.5 0
11263.5 0
11264.5 0
11265.5 0
11266.5 0
11267.5 0
11268.5 0
11269.5 0
11270.5 0
11271.5 0
11272.5 0
11273.5 0
11274.5 0
11275.5 0
11276.5 0
11277.5 0
11278.5 0
11279.5 0
11280.5 0
11281.5 0
11282.5 0
11283.5 0
11284.5 0
11285.5 0
11286.5 0
11287.5 0
11288.5 0
11289.5 0
11290.5 0
11291.5 0
11292.5 0
11293.5 0
11294.5 0
11295.5 0
11296.5 0
11297.5 0
11298.5 0
11299.5 0
11300.5 0
11301.5 0
11302.5 0
11303.5 0
11304.5 0
11305.5 0
11306.5 0
11307.5 0
11308.5 0
11309.5 0
11310.5 0
11311.5 0
11312.5 0
11313.5 0
11314.5 0
11315.5 0
11316.5 0
11317.5 0
11318.5 0
11319.5 0
11320.5 0
11321.5 0
11322.5 0
11323.5 0
11324.5 1
11325.5 0
11326.5 0
11327.5 1
11328.5 0
11329.5 0
11330.5 0
11331.5 0
11332.5 0
11333.5 0
11334.5 0
11335.5 0
11336.5 0
11337.5 0
11338.5 1
11339.5 0
11340.5 0
11341.5 0
11342.5 0
11343.5 0
11344.5 0
11345.5 0
11346.5 0
11347.5 0
11348.5 0
11349.5 0
11350.5 0
11351.5 0
11352.5 0
11353.5 0
11354.5 0
11355.5 0
11356.5 0
11357.5 0
11358.5 0
11359.5 0
11360.5 0
11361.5 0
11362.5 0
11363.5 0
11364.5 0
11365.5 0
11366.5 0
11367.5 0
11368.5 0
11369.5 0
11370.5 0
11371.5 0
11372.5 0
11373.5 0
11374.5 0
11375.5 0
11376.5 0
11377.5 -2
11378.5 0
11379.5 0
11380.5 0
11381.5 0
11382.5 0
11383.5 0
11384.5 0
11385.5 0
11386.5 0
11387.5 0
11388.5 0
11389.5 0
11390.5 0
11391.5 0
11392.5 0
11393.5 0
11394.5 0
11395.5 0
11396.5 0
11397.5 0
11398.5 0
11399.5 0
11400.5 0
11401.5 0
11402.5 0
11403.5 1
11404.5 0
11405.5 0
11406.5 0
11407.5 0
11408.5 0
11409.5 0
11410.5 0
11411.5 0
11412.5 0
11413.5 0
11414.5 0
11415.5 0
11416.5 0
11417.5 0
11418.5 0
11419.5 0
11420.5 0
11421.5 0
11422.5 0
11423.5 0
11424.5 0
11425.5 0
11426.5 0
11427.5 0
11428.5 0
11429.5 0
11430.5 0
11431.5 0
11432.5 0
11433.5 0
11434.5 0
11435.5 0
11436.5 0
11437.5 0
11438.5 0
11439.5 0
11440.5 0
11441.5 0
11442.5 0
11443.5 0
11444.5 0
11445.5 0
11446.5 0
11447.5 0
11448.5 0
11449.5 0
11450.5 0
11451.5 0
11452.5 0
11453.5 0
11454.5 0
11455.5 0
11456.5 0
11457.5 0
11458.5 0
11459.5 0
11460.5 0
11461.5 0
11462.5 0
11463.5 0
11464.5 0
11465.5 0
11466.5 0
11467.5 0
11468.5 0
11469.5 0
11470.5 0
11471.5 0
11472.5 0
11473.5 0
11474.5 0
11475.5 0
11476.5 0
11477.5 0
11478.5 0
11479.5 0
11480.5 0
11481.5 0
11482.5 0
11483.5 0
11484.5 0
11485.5 0
11486.5 0
11487.5 0
11488.5 0
11489.5 0
11490.5 0
11491.5 0
11492.5 0
11493.5 0
11494.5 0
11495.5 0
11496.5 0
11497.5 0
11498.5 0
11499.5 0
11500.5 0
11501.5 0
11502.5 0
11503.5 0
11504.5 0
11505.5 0
11506.5 0
11507.5 0
11508.5 0
11509.5 0
11510.5 0
11511.5 0
11512.5 0
11513.5 0
11514.5 0
11515.5 0
11516.5 0
11517.5 0
11518.5 0
11519.5 0
11520.5 0
11521.5 0
11522.5 0
11523.5 0
11524.5 0
11525.5 0
11526.5 0
11527.5 0
11528.5 0
11529.5 0
11530.5 0
11531.5 0
11532.5 0
11533.5 0
11534.5 0
11535.5 0
11536.5 0
11537.5 0
11538.5 0
11539.5 0
11540.5 0
11541.5 0
11542.5 0
11543.5 0
11544.5 0
11545.5 0
11546.5 0
11547.5 0
11548.5 0
11549.5 0
11550.5 0
11551.5 0
11552.5 0
11553.5 0
11554.5 0
11555.5 0
11556.5 0
11557.5 0
11558.5 0
11559.5 1
11560.5 0
11561.5 0
11562.5 0
11563.5 0
11564.5 0
11565.5 0
11566.5 0
11567.5 0
11568.5 0
11569.5 0
11570.5 0
11571.5 0
11572.5 0
11573.5 0
11574.5 0
11575.5 0
11576.5 0
11577.5 0
11578.5 0
11579.5 0
11580.5 0
11581.5 0
11582.5 0
11583.5 0
11584.5 0
11585.5 0
11586.5 0
11587.5 0
11588.5 0
11589.5 0
11590.5 0
11591.5 0
11592.5 0
11593.5 0
11594.5 0
11595.5 0
11596.5 0
11597.5 0
11598.5 0
11599.5 0
11600.5 0
11601.5 0
11602.5 0
11603.5 0
11604.5 0
11605.5 0
11606.5 0
11607.5 0
11608.5 0
11609.5 0
11610.5 0
11611.5 0
11612.5 0
11613.5 0
11614.5 0
11615.5 0
11616.5 0
11617.5 0
11618.5 0
11619.5 0
11620.5 0
11621.5 0
11622.5 0
11623.5 0
11624.5 0
11625.5 0
11626.5 0
11627.5 0
11628.5 0
11629.5 0
11630.5 0
11631.5 0
11632.5 0
11633.5 0
11634.5 0
11635.5 0
11636.5 0
11637.5 0
11638.5 0
11639.5 0
11640.5 0
11641.5 0
11642.5 0
11643.5 0
11644.5 0
11645.5 0
11646.5 0
11647.5 0
11648.5 0
11649.5 0
11650.5 0
11651.5 0
11652.5 0
11653.5 0
11654.5 0
11655.5 0
11656.5 0
11657.5 0
11658.5 1
11659.5 0
11660.5 0
11661.5 0
11662.5 0
11663.5 0
11664.5 0
11665.5 0
11666.5 0
11667.5 0
11668.5 0
11669.5 0
11670.5 0
11671.5 0
11672.5 0
11673.5 0
11674.5 0
11675.5 0
11676.5 0
11677.5 0
11678.5 0
11679.5 0
11680.5 0
11681.5 0
11682.5 0
11683.5 0
11684.5 0
11685.5 0
11686.5 0
11687.5 0
11688.5 0
11689.5 0
11690.5 0
11691.5 0
11692.5 0
11693.5 0
11694.5 0
11695.5 0
11696.5 0
11697.5 0
11698.5 0
11699.5 0
11700.5 0
11701.5 0
11702.5 0
11703.5 0
11704.5 0
11705.5 0
11706.5 0
11707.5 0
11708.5 0
11709.5 0
11710.5 0
11711.5 -2
11712.5 0
11713.5 0
11714.5 0
11715.5 0
11716.5 0
11717.5 0
11718.5 0
11719.5 0
11720.5 0
11721.5 0
11722.5 0
11723.5 0
11724.5 0
11725.5 0
11726.5 0
11727.5 0
11728.5 0
11729.5 0
11730.5 0
11731.5 0
11732.5 0
11733.5 0
11734.5 0
11735.5 0
11736.5 0
11737.5 0
11738.5 0
11739.5 0
11740.5 0
11741.5 0
11742.5 1
11743.5 0
11744.5 0
11745.5 0
11746.5 0
11747.5 0
11748.5 0
11749.5 0
11750.5 0
11751.5 0
11752.5 0
11753.5 0
11754.5 0
11755.5 0
11756.5 0
11757.5 0
11758.5 0
11759.5 0
11760.5 0
11761.5 0
11762.5 0
11763.5 0
11764.5 0
11765.5 0
11766.5 0
11767.5 0
11768.5 0
11769.5 0
11770.5 0
11771.5 0
11772.5 0
11773.5 0
11774.5 0
11775.5 0
11776.5 0
11777.5 0
11778.5 0
11779.5 0
11780.5 0
11781.5 0
11782.5 0
11783.5 0
11784.5 0
11785.5 0
11786.5 0
11787.5 0
11788.5 0
11789.5 0
11790.5 0
11791.5 0
11792.5 0
11793.5 0
11794.5 0
11795.5 0
11796.5 0
11797.5 0
11798.5 0
11799.5 0
11800.5 0
11801.5 0
11802.5 0
11803.5 0
11804.5 0
11805.5 0
11806.5 0
11807.5 0
11808.5 0
11809.5 0
11810.5 0
11811.5 0
11812.5 0
11813.5 0
11814.5 0
11815.5 0
11816.5 0
11817.5 -2
11818.5 0
11819.5 0
11820.5 0
11821.5 0
11822.5 0
11823.5 0
11824.5 0
11825.5 0
11826.5 0
11827.5 0
11828.5 0
11829.5 0
11830.5 0
11831.5 0
11832.5 0
11833.5 0
11834.5 0
11835.5 0
11836.5 0
11837.5 0
11838.5 0
11839.5 0
11840.5 0
11841.5 0
11842.5 0
11843.5 0
11844.5 0
11845.5 0
11846.5 0
11847.5 0
11848.5 0
11849.5 0
11850.5 0
11851.5 0
11852.5 0
11853.5 0
11854.5 0
11855.5 0
11856.5 0
11857.5 0
11858.5 0
11859.5 0
11860.5 0
11861.5 0
11862.5 0
11863.5 0
11864.5 0
11865.5 0
11866.5 0
11867.5 0
11868.5 0
11869.5 0
11870.5 0
11871.5 0
11872.5 0
11873.5 0
11874.5 0
11875.5 0
11876.5 0
11877.5 0
11878.5 0
11879.5 0
11880.5 1
11881.5 0
11882.5 0
11883.5 0
11884.5 0
11885.5 0
11886.5 0
11887.5 0
11888.5 0
11889.5 0
11890.5 0
11891.5 0
11892.5 0
11893.5 0
11894.5 0
11895.5 0
11896.5 0
11897.5 0
11898.5 0
11899.5 0
11900.5 0
11901.5 0
11902.5 0
11903.5 1
11904.5 0
11905.5 0
11906.5 0
11907.5 0
11908.5 0
11909.5 0
11910.5 0
11911.5 0
11912.5 0
11913.5 0
11914.5 0
11915.5 0
11916.5 0
11917.5 0
11918.5 0
11919.5 0
11920.5 0
11921.5 0
11922.5 0
11923.5 0
11924.5 0
11925.5 0
11926.5 0
11927.5 0
11928.5 0
11929.5 0
11930.5 0
11931.5 0
11932.5 0
11933.5 0
11934.5 0
11935.5 0
11936.5 0
11937.5 0
11938.5 0
11939.5 0
11940.5 0
11941.5 0
11942.5 0
11943.5 0
11944.5 0
11945.5 0
11946.5 0
11947.5 0
11948.5 0
11949.5 0
11950.5 0
11951.5 0
11952.5 0
11953.5 0
11954.5 0
11955.5 0
11956.5 0
11957.5 0
11958.5 0
11959.5 0
11960.5 0
11961.5 0
11962.5 0
11963.5 0
11964.5 0
11965.5 0
11966.5 0
11967.5 0
11968.5 0
11969.5 0
11970.5 0
11971.5 0
11972.5 0
11973.5 0
11974.5 0
11975.5 0
11976.5 0
11977.5 1
11978.5 0
11979.5 0
11980.5 0
11981.5 0
11982.5 0
11983.5 0
11984.5 0
11985.5 0
11986.5 0
11987.5 0
11988.5 0
11989.5 0
11990.5 0
11991.5 0
11992.5 0
11993.5 0
11994.5 0
11995.5 0
11996.5 0
11997.5 0
11998.5 0
11999.5 0
