# EGG_ProjY_E1773.0(3.0)_B1760.5(1.5)_B1800.5(1.5)
# X axis : Energy (keV) [Y axis]
# Y axis : Counts/1 keV
# N Bins : 12000
# X Min : 0
# X Max : 12000
# X value at the center of the bins
0.5 0
1.5 0
2.5 0
3.5 0
4.5 0
5.5 21
6.5 28
7.5 5
8.5 28
9.5 15
10.5 13
11.5 33
12.5 12
13.5 50
14.5 54
15.5 39
16.5 49
17.5 78
18.5 72
19.5 162
20.5 159
21.5 257
22.5 320
23.5 341
24.5 489
25.5 430
26.5 583
27.5 555
28.5 703
29.5 766
30.5 837
31.5 818
32.5 925
33.5 773
34.5 852
35.5 869
36.5 925
37.5 1053
38.5 1288
39.5 1147
40.5 1225
41.5 1051
42.5 1554
43.5 1553
44.5 1084
45.5 1009
46.5 1129
47.5 1264
48.5 1386
49.5 1264
50.5 1317
51.5 1173
52.5 1143
53.5 1299
54.5 1343
55.5 1175
56.5 1306
57.5 1642
58.5 1694
59.5 1946
60.5 1572
61.5 1234
62.5 1218
63.5 1267
64.5 1213
65.5 1488
66.5 1418
67.5 1581
68.5 1332
69.5 1467
70.5 1299
71.5 1247
72.5 1250
73.5 1723
74.5 2197
75.5 2376
76.5 2806
77.5 3041
78.5 2066
79.5 1706
80.5 1291
81.5 1161
82.5 1288
83.5 1151
84.5 1229
85.5 1266
86.5 1804
87.5 1930
88.5 1707
89.5 1507
90.5 1578
91.5 1528
92.5 1419
93.5 1326
94.5 1396
95.5 1341
96.5 1270
97.5 1370
98.5 1483
99.5 1607
100.5 1493
101.5 1461
102.5 1442
103.5 1589
104.5 1373
105.5 1513
106.5 1422
107.5 1422
108.5 1373
109.5 1541
110.5 1569
111.5 1623
112.5 1779
113.5 1767
114.5 1847
115.5 1949
116.5 2003
117.5 1554
118.5 1560
119.5 1598
120.5 1527
121.5 1406
122.5 1344
123.5 1536
124.5 1265
125.5 1141
126.5 897
127.5 1240
128.5 1426
129.5 1451
130.5 1498
131.5 1653
132.5 1574
133.5 1647
134.5 1745
135.5 1647
136.5 1824
137.5 1743
138.5 1675
139.5 1612
140.5 1412
141.5 1497
142.5 1326
143.5 1550
144.5 1857
145.5 1606
146.5 1719
147.5 1865
148.5 1764
149.5 1726
150.5 1634
151.5 1641
152.5 1686
153.5 1548
154.5 1692
155.5 1836
156.5 1884
157.5 1757
158.5 1598
159.5 1647
160.5 1840
161.5 1701
162.5 1779
163.5 1763
164.5 2041
165.5 2184
166.5 2389
167.5 2454
168.5 2473
169.5 2434
170.5 2456
171.5 2368
172.5 2325
173.5 2427
174.5 3153
175.5 2557
176.5 1946
177.5 1911
178.5 1657
179.5 1810
180.5 1443
181.5 1817
182.5 2169
183.5 1932
184.5 1837
185.5 1869
186.5 2000
187.5 1865
188.5 1752
189.5 1497
190.5 1556
191.5 1539
192.5 1441
193.5 1619
194.5 1434
195.5 1712
196.5 1787
197.5 1429
198.5 1573
199.5 1571
200.5 1675
201.5 1714
202.5 2049
203.5 1795
204.5 2022
205.5 2056
206.5 2005
207.5 2244
208.5 2327
209.5 2349
210.5 2312
211.5 2441
212.5 2633
213.5 2399
214.5 2324
215.5 2393
216.5 2182
217.5 2441
218.5 2380
219.5 2344
220.5 2672
221.5 2593
222.5 2674
223.5 2245
224.5 2205
225.5 2357
226.5 2298
227.5 2398
228.5 2161
229.5 2213
230.5 2215
231.5 1902
232.5 1769
233.5 1727
234.5 1805
235.5 1853
236.5 2150
237.5 2034
238.5 2107
239.5 2080
240.5 1856
241.5 1906
242.5 1752
243.5 1801
244.5 1921
245.5 1838
246.5 1749
247.5 1840
248.5 1602
249.5 1894
250.5 1839
251.5 1776
252.5 2020
253.5 1747
254.5 1803
255.5 1629
256.5 1901
257.5 1972
258.5 1950
259.5 2004
260.5 1924
261.5 1698
262.5 1923
263.5 1929
264.5 1822
265.5 1751
266.5 1655
267.5 1795
268.5 1757
269.5 1842
270.5 1793
271.5 1805
272.5 1768
273.5 1670
274.5 1774
275.5 1658
276.5 1806
277.5 1727
278.5 2140
279.5 2016
280.5 2055
281.5 1905
282.5 1776
283.5 1787
284.5 1510
285.5 1371
286.5 1427
287.5 1419
288.5 1443
289.5 1346
290.5 1508
291.5 1421
292.5 1539
293.5 1326
294.5 1273
295.5 1534
296.5 1517
297.5 1275
298.5 1524
299.5 1655
300.5 1688
301.5 1532
302.5 1576
303.5 1496
304.5 1587
305.5 1395
306.5 1235
307.5 1356
308.5 1228
309.5 1402
310.5 1493
311.5 1602
312.5 1690
313.5 1786
314.5 1708
315.5 1543
316.5 1771
317.5 1756
318.5 1548
319.5 1578
320.5 1452
321.5 1529
322.5 1824
323.5 1553
324.5 1587
325.5 1362
326.5 1304
327.5 1463
328.5 1368
329.5 1393
330.5 1416
331.5 1419
332.5 1436
333.5 1581
334.5 1518
335.5 1598
336.5 1376
337.5 1284
338.5 1216
339.5 1319
340.5 1214
341.5 938
342.5 773
343.5 896
344.5 1037
345.5 1010
346.5 712
347.5 166
348.5 -21
349.5 -319
350.5 -194
351.5 238
352.5 754
353.5 1083
354.5 1186
355.5 1264
356.5 1204
357.5 1319
358.5 1325
359.5 1477
360.5 1224
361.5 1247
362.5 1327
363.5 1328
364.5 1260
365.5 1417
366.5 1465
367.5 1616
368.5 2020
369.5 1868
370.5 1987
371.5 2149
372.5 2237
373.5 2587
374.5 2967
375.5 3223
376.5 3366
377.5 3374
378.5 3119
379.5 2575
380.5 2032
381.5 1165
382.5 782
383.5 734
384.5 877
385.5 760
386.5 623
387.5 325
388.5 -155
389.5 -354
390.5 -88
391.5 389
392.5 745
393.5 1011
394.5 954
395.5 1024
396.5 932
397.5 736
398.5 710
399.5 807
400.5 914
401.5 1005
402.5 1218
403.5 1093
404.5 1377
405.5 1485
406.5 1374
407.5 1270
408.5 1222
409.5 1361
410.5 1339
411.5 1151
412.5 1134
413.5 1175
414.5 1189
415.5 1294
416.5 1106
417.5 995
418.5 609
419.5 -281
420.5 -1656
421.5 -2553
422.5 -2445
423.5 -1383
424.5 -47
425.5 1036
426.5 1587
427.5 1597
428.5 1474
429.5 1264
430.5 1199
431.5 1074
432.5 1059
433.5 1207
434.5 998
435.5 1073
436.5 1013
437.5 854
438.5 809
439.5 870
440.5 781
441.5 1052
442.5 1108
443.5 1436
444.5 1779
445.5 2717
446.5 3674
447.5 5237
448.5 5902
449.5 6178
450.5 5922
451.5 5195
452.5 3687
453.5 2360
454.5 1433
455.5 1129
456.5 993
457.5 853
458.5 360
459.5 -294
460.5 -1390
461.5 -2177
462.5 -2149
463.5 -1276
464.5 -381
465.5 504
466.5 884
467.5 945
468.5 1173
469.5 1098
470.5 1102
471.5 1195
472.5 1314
473.5 1249
474.5 1286
475.5 1218
476.5 1295
477.5 1138
478.5 1165
479.5 1162
480.5 1021
481.5 1148
482.5 1163
483.5 1098
484.5 1151
485.5 1034
486.5 1011
487.5 858
488.5 1056
489.5 1031
490.5 1048
491.5 1040
492.5 973
493.5 1081
494.5 999
495.5 937
496.5 909
497.5 976
498.5 937
499.5 983
500.5 987
501.5 1005
502.5 992
503.5 1016
504.5 1172
505.5 1345
506.5 1368
507.5 1964
508.5 2722
509.5 4537
510.5 5829
511.5 5995
512.5 3848
513.5 2264
514.5 1573
515.5 1215
516.5 997
517.5 947
518.5 1041
519.5 1057
520.5 978
521.5 1008
522.5 996
523.5 1144
524.5 1024
525.5 1055
526.5 1097
527.5 1147
528.5 1039
529.5 1080
530.5 1067
531.5 1022
532.5 992
533.5 953
534.5 917
535.5 806
536.5 969
537.5 877
538.5 832
539.5 903
540.5 925
541.5 816
542.5 983
543.5 1035
544.5 1035
545.5 970
546.5 1144
547.5 994
548.5 993
549.5 989
550.5 981
551.5 948
552.5 989
553.5 974
554.5 1087
555.5 959
556.5 962
557.5 1063
558.5 1050
559.5 928
560.5 976
561.5 1004
562.5 959
563.5 916
564.5 942
565.5 1014
566.5 995
567.5 1048
568.5 1055
569.5 927
570.5 942
571.5 1025
572.5 1026
573.5 893
574.5 952
575.5 995
576.5 899
577.5 823
578.5 1107
579.5 1072
580.5 1019
581.5 1088
582.5 1044
583.5 1103
584.5 1027
585.5 997
586.5 1013
587.5 952
588.5 994
589.5 1069
590.5 1097
591.5 961
592.5 1029
593.5 1023
594.5 926
595.5 1135
596.5 1107
597.5 1055
598.5 1000
599.5 1138
600.5 1005
601.5 1026
602.5 1101
603.5 1024
604.5 1003
605.5 1103
606.5 1032
607.5 990
608.5 1031
609.5 1018
610.5 928
611.5 973
612.5 896
613.5 837
614.5 966
615.5 979
616.5 1029
617.5 1021
618.5 1043
619.5 949
620.5 1000
621.5 1041
622.5 923
623.5 1024
624.5 956
625.5 993
626.5 871
627.5 953
628.5 1234
629.5 1121
630.5 961
631.5 862
632.5 1000
633.5 914
634.5 1051
635.5 969
636.5 928
637.5 954
638.5 943
639.5 913
640.5 871
641.5 885
642.5 825
643.5 984
644.5 895
645.5 995
646.5 1013
647.5 1004
648.5 940
649.5 1039
650.5 1030
651.5 888
652.5 968
653.5 966
654.5 1015
655.5 911
656.5 1030
657.5 980
658.5 1025
659.5 1031
660.5 932
661.5 998
662.5 1009
663.5 960
664.5 957
665.5 755
666.5 897
667.5 834
668.5 866
669.5 1012
670.5 880
671.5 947
672.5 925
673.5 956
674.5 934
675.5 980
676.5 811
677.5 935
678.5 860
679.5 793
680.5 886
681.5 957
682.5 849
683.5 891
684.5 907
685.5 947
686.5 876
687.5 910
688.5 903
689.5 918
690.5 868
691.5 966
692.5 990
693.5 834
694.5 961
695.5 953
696.5 1033
697.5 987
698.5 1037
699.5 1006
700.5 1060
701.5 981
702.5 974
703.5 945
704.5 995
705.5 947
706.5 926
707.5 860
708.5 871
709.5 885
710.5 801
711.5 886
712.5 919
713.5 904
714.5 892
715.5 806
716.5 840
717.5 859
718.5 897
719.5 879
720.5 990
721.5 987
722.5 1008
723.5 972
724.5 1108
725.5 1504
726.5 1665
727.5 1200
728.5 946
729.5 959
730.5 932
731.5 892
732.5 987
733.5 1035
734.5 990
735.5 925
736.5 876
737.5 1017
738.5 1096
739.5 970
740.5 953
741.5 1100
742.5 969
743.5 979
744.5 983
745.5 1026
746.5 970
747.5 1101
748.5 1059
749.5 980
750.5 942
751.5 999
752.5 982
753.5 947
754.5 1064
755.5 881
756.5 925
757.5 935
758.5 969
759.5 1007
760.5 1205
761.5 961
762.5 1026
763.5 1036
764.5 950
765.5 971
766.5 996
767.5 965
768.5 1004
769.5 880
770.5 1014
771.5 1031
772.5 882
773.5 1040
774.5 1011
775.5 1002
776.5 1110
777.5 973
778.5 1047
779.5 974
780.5 1016
781.5 1056
782.5 1033
783.5 1018
784.5 1074
785.5 1022
786.5 1020
787.5 983
788.5 1076
789.5 1130
790.5 1069
791.5 1114
792.5 977
793.5 1166
794.5 1093
795.5 1019
796.5 949
797.5 1069
798.5 1107
799.5 1124
800.5 1072
801.5 1006
802.5 1079
803.5 1159
804.5 1960
805.5 5941
806.5 13150
807.5 11802
808.5 4933
809.5 1788
810.5 1098
811.5 1032
812.5 964
813.5 968
814.5 976
815.5 1025
816.5 920
817.5 1008
818.5 1035
819.5 1007
820.5 943
821.5 1105
822.5 983
823.5 1033
824.5 1062
825.5 1007
826.5 1122
827.5 1055
828.5 1000
829.5 1045
830.5 1023
831.5 995
832.5 999
833.5 1061
834.5 1081
835.5 1115
836.5 1080
837.5 1056
838.5 1196
839.5 1148
840.5 1253
841.5 1118
842.5 1164
843.5 1171
844.5 1229
845.5 1017
846.5 1207
847.5 1066
848.5 1071
849.5 1140
850.5 1147
851.5 1184
852.5 1061
853.5 1162
854.5 1089
855.5 1167
856.5 1145
857.5 1136
858.5 1056
859.5 1242
860.5 1235
861.5 1165
862.5 1202
863.5 1088
864.5 1147
865.5 1147
866.5 1333
867.5 1036
868.5 1246
869.5 1348
870.5 1137
871.5 1108
872.5 1022
873.5 1036
874.5 1174
875.5 1164
876.5 1080
877.5 1181
878.5 1252
879.5 1246
880.5 1189
881.5 1105
882.5 1180
883.5 1214
884.5 1112
885.5 1230
886.5 1170
887.5 1208
888.5 1215
889.5 1118
890.5 1211
891.5 1121
892.5 1266
893.5 1335
894.5 1369
895.5 1244
896.5 1231
897.5 1330
898.5 1189
899.5 1147
900.5 1250
901.5 1285
902.5 1187
903.5 1159
904.5 1247
905.5 1259
906.5 1303
907.5 1274
908.5 1246
909.5 1385
910.5 1333
911.5 1265
912.5 1260
913.5 1341
914.5 1359
915.5 1160
916.5 1165
917.5 1244
918.5 1220
919.5 1200
920.5 1179
921.5 1117
922.5 1253
923.5 1076
924.5 1183
925.5 1120
926.5 1135
927.5 1166
928.5 1115
929.5 1209
930.5 1227
931.5 1048
932.5 1252
933.5 1221
934.5 1157
935.5 1130
936.5 1138
937.5 1158
938.5 989
939.5 1155
940.5 1189
941.5 1088
942.5 1063
943.5 1156
944.5 1067
945.5 1143
946.5 1164
947.5 1076
948.5 1041
949.5 1082
950.5 964
951.5 980
952.5 1042
953.5 952
954.5 962
955.5 915
956.5 994
957.5 982
958.5 872
959.5 853
960.5 840
961.5 831
962.5 777
963.5 743
964.5 881
965.5 774
966.5 838
967.5 733
968.5 826
969.5 774
970.5 859
971.5 753
972.5 815
973.5 691
974.5 798
975.5 823
976.5 807
977.5 816
978.5 844
979.5 750
980.5 727
981.5 715
982.5 776
983.5 806
984.5 776
985.5 745
986.5 651
987.5 767
988.5 753
989.5 864
990.5 700
991.5 742
992.5 687
993.5 739
994.5 647
995.5 701
996.5 642
997.5 653
998.5 882
999.5 1861
1000.5 5699
1001.5 11045
1002.5 9939
1003.5 4060
1004.5 1265
1005.5 838
1006.5 630
1007.5 631
1008.5 719
1009.5 659
1010.5 570
1011.5 606
1012.5 628
1013.5 638
1014.5 571
1015.5 584
1016.5 705
1017.5 737
1018.5 665
1019.5 657
1020.5 613
1021.5 552
1022.5 495
1023.5 605
1024.5 601
1025.5 645
1026.5 657
1027.5 561
1028.5 554
1029.5 528
1030.5 539
1031.5 493
1032.5 427
1033.5 528
1034.5 508
1035.5 495
1036.5 505
1037.5 514
1038.5 450
1039.5 455
1040.5 409
1041.5 417
1042.5 401
1043.5 451
1044.5 452
1045.5 474
1046.5 475
1047.5 536
1048.5 460
1049.5 415
1050.5 366
1051.5 393
1052.5 378
1053.5 425
1054.5 495
1055.5 370
1056.5 411
1057.5 344
1058.5 467
1059.5 484
1060.5 438
1061.5 390
1062.5 438
1063.5 464
1064.5 457
1065.5 497
1066.5 434
1067.5 475
1068.5 368
1069.5 504
1070.5 774
1071.5 2352
1072.5 7965
1073.5 20249
1074.5 24830
1075.5 12456
1076.5 3189
1077.5 881
1078.5 507
1079.5 416
1080.5 388
1081.5 304
1082.5 301
1083.5 368
1084.5 285
1085.5 339
1086.5 236
1087.5 372
1088.5 274
1089.5 333
1090.5 338
1091.5 292
1092.5 349
1093.5 361
1094.5 347
1095.5 332
1096.5 324
1097.5 348
1098.5 331
1099.5 228
1100.5 259
1101.5 325
1102.5 338
1103.5 310
1104.5 361
1105.5 278
1106.5 378
1107.5 339
1108.5 306
1109.5 344
1110.5 319
1111.5 338
1112.5 340
1113.5 321
1114.5 382
1115.5 309
1116.5 378
1117.5 416
1118.5 386
1119.5 424
1120.5 418
1121.5 469
1122.5 1042
1123.5 4045
1124.5 14941
1125.5 35123
1126.5 39273
1127.5 17997
1128.5 4091
1129.5 877
1130.5 376
1131.5 303
1132.5 313
1133.5 232
1134.5 189
1135.5 219
1136.5 245
1137.5 281
1138.5 332
1139.5 184
1140.5 272
1141.5 290
1142.5 229
1143.5 234
1144.5 175
1145.5 198
1146.5 200
1147.5 252
1148.5 318
1149.5 193
1150.5 277
1151.5 333
1152.5 478
1153.5 1199
1154.5 5788
1155.5 19355
1156.5 42910
1157.5 44133
1158.5 18563
1159.5 4174
1160.5 856
1161.5 235
1162.5 179
1163.5 162
1164.5 254
1165.5 77
1166.5 97
1167.5 153
1168.5 165
1169.5 107
1170.5 123
1171.5 206
1172.5 153
1173.5 184
1174.5 144
1175.5 198
1176.5 128
1177.5 159
1178.5 172
1179.5 124
1180.5 206
1181.5 187
1182.5 96
1183.5 228
1184.5 156
1185.5 191
1186.5 135
1187.5 182
1188.5 160
1189.5 89
1190.5 110
1191.5 114
1192.5 108
1193.5 100
1194.5 79
1195.5 88
1196.5 119
1197.5 95
1198.5 87
1199.5 167
1200.5 127
1201.5 180
1202.5 136
1203.5 153
1204.5 93
1205.5 120
1206.5 87
1207.5 134
1208.5 131
1209.5 145
1210.5 138
1211.5 119
1212.5 83
1213.5 136
1214.5 107
1215.5 143
1216.5 59
1217.5 132
1218.5 101
1219.5 99
1220.5 204
1221.5 306
1222.5 314
1223.5 165
1224.5 154
1225.5 206
1226.5 151
1227.5 140
1228.5 112
1229.5 146
1230.5 102
1231.5 83
1232.5 97
1233.5 67
1234.5 132
1235.5 93
1236.5 124
1237.5 124
1238.5 91
1239.5 58
1240.5 119
1241.5 93
1242.5 83
1243.5 50
1244.5 86
1245.5 92
1246.5 100
1247.5 46
1248.5 82
1249.5 130
1250.5 144
1251.5 102
1252.5 93
1253.5 127
1254.5 106
1255.5 224
1256.5 89
1257.5 133
1258.5 133
1259.5 152
1260.5 173
1261.5 105
1262.5 193
1263.5 120
1264.5 164
1265.5 209
1266.5 185
1267.5 240
1268.5 151
1269.5 170
1270.5 167
1271.5 95
1272.5 104
1273.5 62
1274.5 95
1275.5 61
1276.5 62
1277.5 48
1278.5 115
1279.5 178
1280.5 159
1281.5 93
1282.5 93
1283.5 101
1284.5 86
1285.5 143
1286.5 113
1287.5 86
1288.5 173
1289.5 83
1290.5 80
1291.5 133
1292.5 124
1293.5 87
1294.5 119
1295.5 105
1296.5 147
1297.5 120
1298.5 169
1299.5 149
1300.5 123
1301.5 159
1302.5 131
1303.5 103
1304.5 105
1305.5 112
1306.5 80
1307.5 148
1308.5 125
1309.5 80
1310.5 146
1311.5 88
1312.5 124
1313.5 109
1314.5 75
1315.5 143
1316.5 98
1317.5 107
1318.5 74
1319.5 147
1320.5 93
1321.5 120
1322.5 123
1323.5 109
1324.5 149
1325.5 122
1326.5 116
1327.5 105
1328.5 126
1329.5 130
1330.5 147
1331.5 81
1332.5 94
1333.5 119
1334.5 118
1335.5 138
1336.5 109
1337.5 105
1338.5 93
1339.5 112
1340.5 104
1341.5 190
1342.5 143
1343.5 94
1344.5 85
1345.5 134
1346.5 98
1347.5 88
1348.5 135
1349.5 125
1350.5 148
1351.5 101
1352.5 161
1353.5 137
1354.5 135
1355.5 117
1356.5 100
1357.5 113
1358.5 109
1359.5 153
1360.5 186
1361.5 175
1362.5 141
1363.5 118
1364.5 110
1365.5 132
1366.5 156
1367.5 148
1368.5 86
1369.5 135
1370.5 94
1371.5 162
1372.5 161
1373.5 138
1374.5 135
1375.5 132
1376.5 141
1377.5 156
1378.5 99
1379.5 134
1380.5 143
1381.5 69
1382.5 124
1383.5 117
1384.5 98
1385.5 128
1386.5 127
1387.5 160
1388.5 195
1389.5 181
1390.5 105
1391.5 91
1392.5 125
1393.5 91
1394.5 70
1395.5 99
1396.5 108
1397.5 67
1398.5 98
1399.5 71
1400.5 111
1401.5 105
1402.5 153
1403.5 85
1404.5 124
1405.5 100
1406.5 112
1407.5 71
1408.5 37
1409.5 70
1410.5 141
1411.5 135
1412.5 161
1413.5 25
1414.5 125
1415.5 128
1416.5 63
1417.5 107
1418.5 144
1419.5 195
1420.5 155
1421.5 119
1422.5 108
1423.5 134
1424.5 130
1425.5 120
1426.5 125
1427.5 183
1428.5 235
1429.5 170
1430.5 155
1431.5 156
1432.5 107
1433.5 98
1434.5 86
1435.5 135
1436.5 104
1437.5 86
1438.5 67
1439.5 148
1440.5 72
1441.5 129
1442.5 93
1443.5 105
1444.5 157
1445.5 124
1446.5 117
1447.5 152
1448.5 156
1449.5 143
1450.5 140
1451.5 62
1452.5 141
1453.5 39
1454.5 115
1455.5 112
1456.5 142
1457.5 98
1458.5 113
1459.5 125
1460.5 93
1461.5 130
1462.5 124
1463.5 65
1464.5 90
1465.5 101
1466.5 127
1467.5 106
1468.5 175
1469.5 132
1470.5 122
1471.5 96
1472.5 132
1473.5 109
1474.5 68
1475.5 117
1476.5 89
1477.5 64
1478.5 116
1479.5 113
1480.5 142
1481.5 119
1482.5 143
1483.5 117
1484.5 77
1485.5 88
1486.5 102
1487.5 92
1488.5 123
1489.5 90
1490.5 104
1491.5 144
1492.5 86
1493.5 124
1494.5 114
1495.5 68
1496.5 116
1497.5 -31
1498.5 -112
1499.5 77
1500.5 244
1501.5 145
1502.5 87
1503.5 122
1504.5 99
1505.5 125
1506.5 150
1507.5 97
1508.5 88
1509.5 181
1510.5 132
1511.5 130
1512.5 146
1513.5 90
1514.5 123
1515.5 120
1516.5 87
1517.5 129
1518.5 77
1519.5 108
1520.5 69
1521.5 87
1522.5 96
1523.5 154
1524.5 23
1525.5 143
1526.5 89
1527.5 104
1528.5 112
1529.5 150
1530.5 91
1531.5 110
1532.5 142
1533.5 117
1534.5 116
1535.5 182
1536.5 174
1537.5 221
1538.5 193
1539.5 208
1540.5 220
1541.5 319
1542.5 596
1543.5 521
1544.5 348
1545.5 146
1546.5 120
1547.5 128
1548.5 115
1549.5 125
1550.5 117
1551.5 116
1552.5 87
1553.5 117
1554.5 103
1555.5 131
1556.5 124
1557.5 71
1558.5 179
1559.5 85
1560.5 118
1561.5 152
1562.5 146
1563.5 88
1564.5 111
1565.5 81
1566.5 116
1567.5 116
1568.5 125
1569.5 140
1570.5 166
1571.5 89
1572.5 126
1573.5 140
1574.5 170
1575.5 154
1576.5 154
1577.5 177
1578.5 179
1579.5 143
1580.5 135
1581.5 136
1582.5 87
1583.5 108
1584.5 122
1585.5 60
1586.5 143
1587.5 192
1588.5 151
1589.5 117
1590.5 149
1591.5 90
1592.5 118
1593.5 105
1594.5 88
1595.5 103
1596.5 156
1597.5 157
1598.5 91
1599.5 123
1600.5 87
1601.5 147
1602.5 76
1603.5 106
1604.5 129
1605.5 115
1606.5 76
1607.5 76
1608.5 69
1609.5 162
1610.5 98
1611.5 112
1612.5 127
1613.5 111
1614.5 148
1615.5 134
1616.5 50
1617.5 109
1618.5 133
1619.5 151
1620.5 159
1621.5 136
1622.5 173
1623.5 112
1624.5 139
1625.5 111
1626.5 129
1627.5 97
1628.5 43
1629.5 147
1630.5 107
1631.5 138
1632.5 151
1633.5 238
1634.5 157
1635.5 117
1636.5 109
1637.5 87
1638.5 93
1639.5 178
1640.5 149
1641.5 95
1642.5 105
1643.5 116
1644.5 100
1645.5 145
1646.5 129
1647.5 192
1648.5 145
1649.5 84
1650.5 110
1651.5 149
1652.5 166
1653.5 181
1654.5 101
1655.5 110
1656.5 94
1657.5 48
1658.5 60
1659.5 162
1660.5 83
1661.5 82
1662.5 127
1663.5 140
1664.5 90
1665.5 84
1666.5 115
1667.5 93
1668.5 106
1669.5 81
1670.5 80
1671.5 84
1672.5 137
1673.5 106
1674.5 60
1675.5 116
1676.5 137
1677.5 59
1678.5 73
1679.5 101
1680.5 141
1681.5 103
1682.5 69
1683.5 140
1684.5 110
1685.5 119
1686.5 124
1687.5 166
1688.5 194
1689.5 161
1690.5 126
1691.5 162
1692.5 52
1693.5 93
1694.5 126
1695.5 128
1696.5 112
1697.5 85
1698.5 87
1699.5 45
1700.5 133
1701.5 109
1702.5 111
1703.5 142
1704.5 98
1705.5 61
1706.5 93
1707.5 95
1708.5 111
1709.5 141
1710.5 64
1711.5 76
1712.5 141
1713.5 84
1714.5 56
1715.5 100
1716.5 85
1717.5 74
1718.5 90
1719.5 61
1720.5 108
1721.5 128
1722.5 79
1723.5 137
1724.5 105
1725.5 117
1726.5 107
1727.5 165
1728.5 135
1729.5 92
1730.5 51
1731.5 98
1732.5 101
1733.5 126
1734.5 114
1735.5 76
1736.5 64
1737.5 62
1738.5 78
1739.5 64
1740.5 60
1741.5 131
1742.5 170
1743.5 165
1744.5 112
1745.5 69
1746.5 46
1747.5 115
1748.5 87
1749.5 98
1750.5 73
1751.5 122
1752.5 63
1753.5 62
1754.5 100
1755.5 86
1756.5 82
1757.5 99
1758.5 94
1759.5 124
1760.5 129
1761.5 100
1762.5 109
1763.5 85
1764.5 108
1765.5 73
1766.5 130
1767.5 73
1768.5 57
1769.5 94
1770.5 41
1771.5 120
1772.5 125
1773.5 58
1774.5 53
1775.5 72
1776.5 86
1777.5 80
1778.5 132
1779.5 77
1780.5 98
1781.5 98
1782.5 93
1783.5 65
1784.5 115
1785.5 80
1786.5 79
1787.5 109
1788.5 118
1789.5 114
1790.5 148
1791.5 107
1792.5 116
1793.5 106
1794.5 88
1795.5 109
1796.5 103
1797.5 132
1798.5 75
1799.5 97
1800.5 69
1801.5 108
1802.5 84
1803.5 82
1804.5 204
1805.5 273
1806.5 801
1807.5 2125
1808.5 3265
1809.5 2752
1810.5 1152
1811.5 333
1812.5 131
1813.5 60
1814.5 106
1815.5 128
1816.5 73
1817.5 124
1818.5 84
1819.5 85
1820.5 95
1821.5 70
1822.5 118
1823.5 86
1824.5 83
1825.5 54
1826.5 73
1827.5 72
1828.5 85
1829.5 129
1830.5 136
1831.5 156
1832.5 72
1833.5 121
1834.5 94
1835.5 56
1836.5 34
1837.5 61
1838.5 100
1839.5 89
1840.5 136
1841.5 85
1842.5 84
1843.5 102
1844.5 48
1845.5 98
1846.5 88
1847.5 94
1848.5 102
1849.5 100
1850.5 43
1851.5 71
1852.5 123
1853.5 86
1854.5 104
1855.5 105
1856.5 97
1857.5 98
1858.5 80
1859.5 40
1860.5 57
1861.5 83
1862.5 115
1863.5 58
1864.5 53
1865.5 52
1866.5 82
1867.5 48
1868.5 58
1869.5 115
1870.5 76
1871.5 142
1872.5 101
1873.5 119
1874.5 53
1875.5 63
1876.5 75
1877.5 61
1878.5 54
1879.5 92
1880.5 58
1881.5 57
1882.5 71
1883.5 109
1884.5 109
1885.5 191
1886.5 204
1887.5 217
1888.5 169
1889.5 129
1890.5 88
1891.5 69
1892.5 91
1893.5 82
1894.5 44
1895.5 87
1896.5 73
1897.5 115
1898.5 93
1899.5 99
1900.5 79
1901.5 93
1902.5 97
1903.5 91
1904.5 83
1905.5 43
1906.5 95
1907.5 70
1908.5 104
1909.5 53
1910.5 126
1911.5 157
1912.5 197
1913.5 143
1914.5 116
1915.5 48
1916.5 70
1917.5 106
1918.5 91
1919.5 97
1920.5 54
1921.5 85
1922.5 57
1923.5 85
1924.5 104
1925.5 112
1926.5 72
1927.5 99
1928.5 110
1929.5 59
1930.5 114
1931.5 146
1932.5 96
1933.5 137
1934.5 102
1935.5 116
1936.5 75
1937.5 93
1938.5 142
1939.5 74
1940.5 125
1941.5 149
1942.5 135
1943.5 107
1944.5 124
1945.5 89
1946.5 110
1947.5 80
1948.5 61
1949.5 88
1950.5 108
1951.5 98
1952.5 124
1953.5 105
1954.5 118
1955.5 135
1956.5 99
1957.5 83
1958.5 97
1959.5 113
1960.5 32
1961.5 113
1962.5 133
1963.5 120
1964.5 104
1965.5 150
1966.5 78
1967.5 111
1968.5 66
1969.5 74
1970.5 94
1971.5 76
1972.5 67
1973.5 116
1974.5 130
1975.5 76
1976.5 122
1977.5 89
1978.5 85
1979.5 82
1980.5 84
1981.5 32
1982.5 54
1983.5 66
1984.5 77
1985.5 57
1986.5 40
1987.5 114
1988.5 48
1989.5 68
1990.5 110
1991.5 56
1992.5 142
1993.5 78
1994.5 107
1995.5 65
1996.5 101
1997.5 91
1998.5 143
1999.5 74
2000.5 50
2001.5 100
2002.5 59
2003.5 97
2004.5 73
2005.5 146
2006.5 73
2007.5 81
2008.5 100
2009.5 104
2010.5 122
2011.5 77
2012.5 73
2013.5 116
2014.5 62
2015.5 135
2016.5 114
2017.5 87
2018.5 40
2019.5 54
2020.5 87
2021.5 83
2022.5 48
2023.5 75
2024.5 79
2025.5 88
2026.5 87
2027.5 74
2028.5 108
2029.5 102
2030.5 77
2031.5 107
2032.5 42
2033.5 57
2034.5 70
2035.5 100
2036.5 38
2037.5 109
2038.5 53
2039.5 43
2040.5 46
2041.5 36
2042.5 126
2043.5 42
2044.5 66
2045.5 95
2046.5 73
2047.5 110
2048.5 107
2049.5 90
2050.5 118
2051.5 103
2052.5 109
2053.5 57
2054.5 79
2055.5 76
2056.5 66
2057.5 101
2058.5 80
2059.5 84
2060.5 78
2061.5 98
2062.5 86
2063.5 47
2064.5 89
2065.5 61
2066.5 77
2067.5 61
2068.5 42
2069.5 50
2070.5 56
2071.5 97
2072.5 74
2073.5 -7
2074.5 84
2075.5 95
2076.5 58
2077.5 90
2078.5 94
2079.5 85
2080.5 66
2081.5 67
2082.5 79
2083.5 60
2084.5 93
2085.5 83
2086.5 118
2087.5 117
2088.5 42
2089.5 106
2090.5 26
2091.5 65
2092.5 88
2093.5 68
2094.5 109
2095.5 97
2096.5 128
2097.5 83
2098.5 105
2099.5 131
2100.5 69
2101.5 76
2102.5 86
2103.5 43
2104.5 46
2105.5 28
2106.5 87
2107.5 82
2108.5 60
2109.5 121
2110.5 83
2111.5 86
2112.5 77
2113.5 57
2114.5 53
2115.5 56
2116.5 54
2117.5 73
2118.5 88
2119.5 34
2120.5 86
2121.5 70
2122.5 89
2123.5 175
2124.5 182
2125.5 209
2126.5 102
2127.5 72
2128.5 76
2129.5 92
2130.5 77
2131.5 81
2132.5 -1
2133.5 97
2134.5 47
2135.5 94
2136.5 97
2137.5 60
2138.5 13
2139.5 110
2140.5 78
2141.5 41
2142.5 79
2143.5 31
2144.5 125
2145.5 56
2146.5 52
2147.5 43
2148.5 45
2149.5 52
2150.5 373
2151.5 151
2152.5 76
2153.5 104
2154.5 48
2155.5 90
2156.5 41
2157.5 76
2158.5 66
2159.5 71
2160.5 63
2161.5 66
2162.5 86
2163.5 54
2164.5 78
2165.5 97
2166.5 50
2167.5 37
2168.5 60
2169.5 32
2170.5 68
2171.5 96
2172.5 49
2173.5 48
2174.5 49
2175.5 51
2176.5 67
2177.5 -3
2178.5 98
2179.5 83
2180.5 44
2181.5 68
2182.5 44
2183.5 87
2184.5 43
2185.5 52
2186.5 84
2187.5 39
2188.5 126
2189.5 36
2190.5 37
2191.5 120
2192.5 92
2193.5 104
2194.5 149
2195.5 80
2196.5 227
2197.5 596
2198.5 1460
2199.5 2341
2200.5 2440
2201.5 1466
2202.5 500
2203.5 121
2204.5 76
2205.5 65
2206.5 75
2207.5 54
2208.5 37
2209.5 84
2210.5 49
2211.5 52
2212.5 31
2213.5 43
2214.5 56
2215.5 66
2216.5 30
2217.5 64
2218.5 60
2219.5 98
2220.5 83
2221.5 91
2222.5 131
2223.5 162
2224.5 94
2225.5 77
2226.5 95
2227.5 64
2228.5 105
2229.5 79
2230.5 71
2231.5 93
2232.5 99
2233.5 21
2234.5 58
2235.5 62
2236.5 47
2237.5 30
2238.5 61
2239.5 62
2240.5 87
2241.5 43
2242.5 5
2243.5 89
2244.5 67
2245.5 53
2246.5 104
2247.5 60
2248.5 55
2249.5 71
2250.5 106
2251.5 72
2252.5 54
2253.5 66
2254.5 29
2255.5 75
2256.5 32
2257.5 53
2258.5 57
2259.5 73
2260.5 88
2261.5 64
2262.5 29
2263.5 84
2264.5 70
2265.5 82
2266.5 76
2267.5 40
2268.5 45
2269.5 64
2270.5 53
2271.5 19
2272.5 23
2273.5 54
2274.5 57
2275.5 63
2276.5 39
2277.5 67
2278.5 54
2279.5 61
2280.5 47
2281.5 125
2282.5 111
2283.5 105
2284.5 138
2285.5 61
2286.5 47
2287.5 84
2288.5 80
2289.5 36
2290.5 42
2291.5 35
2292.5 46
2293.5 46
2294.5 26
2295.5 53
2296.5 105
2297.5 103
2298.5 44
2299.5 19
2300.5 15
2301.5 -20
2302.5 56
2303.5 44
2304.5 58
2305.5 59
2306.5 33
2307.5 35
2308.5 20
2309.5 54
2310.5 57
2311.5 80
2312.5 53
2313.5 62
2314.5 69
2315.5 46
2316.5 51
2317.5 22
2318.5 59
2319.5 25
2320.5 75
2321.5 37
2322.5 43
2323.5 54
2324.5 85
2325.5 46
2326.5 79
2327.5 67
2328.5 84
2329.5 46
2330.5 76
2331.5 72
2332.5 84
2333.5 50
2334.5 86
2335.5 84
2336.5 65
2337.5 86
2338.5 81
2339.5 68
2340.5 74
2341.5 73
2342.5 41
2343.5 106
2344.5 104
2345.5 26
2346.5 18
2347.5 52
2348.5 83
2349.5 59
2350.5 45
2351.5 62
2352.5 31
2353.5 58
2354.5 73
2355.5 61
2356.5 74
2357.5 93
2358.5 85
2359.5 62
2360.5 68
2361.5 61
2362.5 24
2363.5 61
2364.5 76
2365.5 72
2366.5 12
2367.5 58
2368.5 60
2369.5 67
2370.5 68
2371.5 53
2372.5 57
2373.5 55
2374.5 1
2375.5 73
2376.5 42
2377.5 55
2378.5 52
2379.5 43
2380.5 101
2381.5 47
2382.5 41
2383.5 83
2384.5 86
2385.5 19
2386.5 48
2387.5 17
2388.5 71
2389.5 67
2390.5 57
2391.5 58
2392.5 80
2393.5 82
2394.5 36
2395.5 84
2396.5 68
2397.5 79
2398.5 53
2399.5 33
2400.5 44
2401.5 28
2402.5 31
2403.5 56
2404.5 68
2405.5 14
2406.5 63
2407.5 37
2408.5 56
2409.5 55
2410.5 7
2411.5 58
2412.5 45
2413.5 49
2414.5 35
2415.5 67
2416.5 42
2417.5 50
2418.5 45
2419.5 84
2420.5 11
2421.5 55
2422.5 25
2423.5 64
2424.5 56
2425.5 20
2426.5 33
2427.5 64
2428.5 36
2429.5 41
2430.5 74
2431.5 92
2432.5 54
2433.5 76
2434.5 86
2435.5 56
2436.5 39
2437.5 78
2438.5 64
2439.5 66
2440.5 86
2441.5 37
2442.5 87
2443.5 77
2444.5 86
2445.5 9
2446.5 53
2447.5 71
2448.5 75
2449.5 9
2450.5 49
2451.5 62
2452.5 48
2453.5 61
2454.5 67
2455.5 85
2456.5 44
2457.5 67
2458.5 50
2459.5 69
2460.5 49
2461.5 57
2462.5 71
2463.5 88
2464.5 35
2465.5 26
2466.5 80
2467.5 72
2468.5 83
2469.5 28
2470.5 75
2471.5 50
2472.5 59
2473.5 67
2474.5 44
2475.5 69
2476.5 95
2477.5 9
2478.5 45
2479.5 50
2480.5 56
2481.5 26
2482.5 66
2483.5 91
2484.5 53
2485.5 47
2486.5 91
2487.5 33
2488.5 53
2489.5 79
2490.5 47
2491.5 73
2492.5 78
2493.5 73
2494.5 24
2495.5 84
2496.5 53
2497.5 28
2498.5 57
2499.5 50
2500.5 46
2501.5 61
2502.5 59
2503.5 69
2504.5 19
2505.5 35
2506.5 71
2507.5 47
2508.5 82
2509.5 56
2510.5 76
2511.5 70
2512.5 75
2513.5 56
2514.5 83
2515.5 62
2516.5 60
2517.5 128
2518.5 -9
2519.5 67
2520.5 36
2521.5 37
2522.5 58
2523.5 82
2524.5 57
2525.5 60
2526.5 85
2527.5 92
2528.5 94
2529.5 71
2530.5 45
2531.5 39
2532.5 65
2533.5 74
2534.5 11
2535.5 39
2536.5 37
2537.5 47
2538.5 37
2539.5 61
2540.5 49
2541.5 60
2542.5 48
2543.5 58
2544.5 67
2545.5 49
2546.5 63
2547.5 28
2548.5 108
2549.5 81
2550.5 52
2551.5 60
2552.5 47
2553.5 59
2554.5 51
2555.5 34
2556.5 37
2557.5 63
2558.5 63
2559.5 67
2560.5 6
2561.5 43
2562.5 34
2563.5 30
2564.5 89
2565.5 78
2566.5 82
2567.5 78
2568.5 6
2569.5 68
2570.5 101
2571.5 72
2572.5 69
2573.5 23
2574.5 47
2575.5 26
2576.5 37
2577.5 37
2578.5 69
2579.5 46
2580.5 27
2581.5 71
2582.5 86
2583.5 55
2584.5 38
2585.5 64
2586.5 70
2587.5 38
2588.5 48
2589.5 97
2590.5 25
2591.5 55
2592.5 16
2593.5 65
2594.5 62
2595.5 53
2596.5 30
2597.5 54
2598.5 69
2599.5 30
2600.5 54
2601.5 98
2602.5 73
2603.5 80
2604.5 48
2605.5 58
2606.5 35
2607.5 80
2608.5 21
2609.5 70
2610.5 47
2611.5 133
2612.5 58
2613.5 81
2614.5 52
2615.5 77
2616.5 139
2617.5 191
2618.5 285
2619.5 275
2620.5 259
2621.5 111
2622.5 20
2623.5 50
2624.5 85
2625.5 94
2626.5 54
2627.5 77
2628.5 79
2629.5 59
2630.5 64
2631.5 55
2632.5 68
2633.5 60
2634.5 72
2635.5 70
2636.5 39
2637.5 79
2638.5 58
2639.5 91
2640.5 44
2641.5 52
2642.5 63
2643.5 24
2644.5 36
2645.5 72
2646.5 54
2647.5 39
2648.5 40
2649.5 60
2650.5 53
2651.5 51
2652.5 55
2653.5 49
2654.5 36
2655.5 36
2656.5 59
2657.5 35
2658.5 81
2659.5 20
2660.5 85
2661.5 33
2662.5 76
2663.5 46
2664.5 94
2665.5 108
2666.5 93
2667.5 176
2668.5 169
2669.5 70
2670.5 67
2671.5 76
2672.5 49
2673.5 65
2674.5 35
2675.5 43
2676.5 69
2677.5 38
2678.5 67
2679.5 58
2680.5 34
2681.5 95
2682.5 64
2683.5 31
2684.5 92
2685.5 63
2686.5 72
2687.5 47
2688.5 41
2689.5 64
2690.5 11
2691.5 59
2692.5 40
2693.5 48
2694.5 75
2695.5 -3
2696.5 28
2697.5 19
2698.5 12
2699.5 40
2700.5 34
2701.5 46
2702.5 52
2703.5 64
2704.5 61
2705.5 83
2706.5 83
2707.5 30
2708.5 35
2709.5 31
2710.5 88
2711.5 30
2712.5 41
2713.5 89
2714.5 42
2715.5 76
2716.5 92
2717.5 51
2718.5 30
2719.5 33
2720.5 72
2721.5 83
2722.5 50
2723.5 58
2724.5 100
2725.5 36
2726.5 80
2727.5 38
2728.5 39
2729.5 117
2730.5 50
2731.5 49
2732.5 54
2733.5 48
2734.5 46
2735.5 67
2736.5 34
2737.5 42
2738.5 43
2739.5 50
2740.5 67
2741.5 22
2742.5 35
2743.5 71
2744.5 56
2745.5 43
2746.5 31
2747.5 104
2748.5 39
2749.5 47
2750.5 62
2751.5 89
2752.5 74
2753.5 33
2754.5 69
2755.5 98
2756.5 39
2757.5 46
2758.5 43
2759.5 84
2760.5 56
2761.5 44
2762.5 29
2763.5 6
2764.5 33
2765.5 54
2766.5 94
2767.5 35
2768.5 25
2769.5 67
2770.5 90
2771.5 28
2772.5 38
2773.5 45
2774.5 47
2775.5 32
2776.5 57
2777.5 70
2778.5 94
2779.5 14
2780.5 83
2781.5 59
2782.5 67
2783.5 29
2784.5 80
2785.5 69
2786.5 68
2787.5 56
2788.5 41
2789.5 40
2790.5 37
2791.5 39
2792.5 50
2793.5 54
2794.5 61
2795.5 81
2796.5 79
2797.5 117
2798.5 190
2799.5 193
2800.5 147
2801.5 76
2802.5 63
2803.5 29
2804.5 43
2805.5 23
2806.5 10
2807.5 27
2808.5 79
2809.5 58
2810.5 29
2811.5 30
2812.5 75
2813.5 84
2814.5 68
2815.5 61
2816.5 36
2817.5 53
2818.5 68
2819.5 70
2820.5 98
2821.5 59
2822.5 57
2823.5 38
2824.5 99
2825.5 93
2826.5 90
2827.5 60
2828.5 58
2829.5 113
2830.5 43
2831.5 41
2832.5 60
2833.5 61
2834.5 30
2835.5 14
2836.5 22
2837.5 15
2838.5 46
2839.5 48
2840.5 86
2841.5 33
2842.5 69
2843.5 70
2844.5 41
2845.5 36
2846.5 68
2847.5 81
2848.5 62
2849.5 32
2850.5 78
2851.5 47
2852.5 44
2853.5 82
2854.5 38
2855.5 33
2856.5 50
2857.5 40
2858.5 15
2859.5 37
2860.5 77
2861.5 33
2862.5 34
2863.5 35
2864.5 15
2865.5 80
2866.5 27
2867.5 35
2868.5 18
2869.5 47
2870.5 85
2871.5 37
2872.5 15
2873.5 28
2874.5 52
2875.5 61
2876.5 65
2877.5 47
2878.5 41
2879.5 27
2880.5 36
2881.5 45
2882.5 31
2883.5 46
2884.5 57
2885.5 54
2886.5 28
2887.5 53
2888.5 55
2889.5 47
2890.5 39
2891.5 37
2892.5 52
2893.5 37
2894.5 48
2895.5 24
2896.5 28
2897.5 48
2898.5 53
2899.5 50
2900.5 20
2901.5 40
2902.5 102
2903.5 33
2904.5 11
2905.5 31
2906.5 42
2907.5 83
2908.5 54
2909.5 35
2910.5 54
2911.5 -10
2912.5 60
2913.5 56
2914.5 17
2915.5 40
2916.5 44
2917.5 87
2918.5 37
2919.5 65
2920.5 68
2921.5 60
2922.5 36
2923.5 26
2924.5 8
2925.5 35
2926.5 50
2927.5 24
2928.5 71
2929.5 60
2930.5 54
2931.5 55
2932.5 7
2933.5 47
2934.5 80
2935.5 34
2936.5 28
2937.5 35
2938.5 45
2939.5 44
2940.5 60
2941.5 4
2942.5 6
2943.5 17
2944.5 54
2945.5 41
2946.5 69
2947.5 75
2948.5 80
2949.5 89
2950.5 67
2951.5 67
2952.5 47
2953.5 38
2954.5 68
2955.5 60
2956.5 49
2957.5 69
2958.5 61
2959.5 20
2960.5 10
2961.5 68
2962.5 46
2963.5 64
2964.5 61
2965.5 20
2966.5 68
2967.5 55
2968.5 32
2969.5 20
2970.5 72
2971.5 47
2972.5 35
2973.5 29
2974.5 26
2975.5 57
2976.5 40
2977.5 52
2978.5 62
2979.5 54
2980.5 47
2981.5 45
2982.5 48
2983.5 39
2984.5 35
2985.5 38
2986.5 39
2987.5 50
2988.5 17
2989.5 8
2990.5 42
2991.5 41
2992.5 37
2993.5 30
2994.5 57
2995.5 48
2996.5 32
2997.5 37
2998.5 53
2999.5 73
3000.5 48
3001.5 49
3002.5 51
3003.5 57
3004.5 55
3005.5 42
3006.5 72
3007.5 63
3008.5 58
3009.5 31
3010.5 66
3011.5 36
3012.5 37
3013.5 11
3014.5 71
3015.5 42
3016.5 17
3017.5 45
3018.5 34
3019.5 52
3020.5 23
3021.5 71
3022.5 25
3023.5 23
3024.5 38
3025.5 21
3026.5 39
3027.5 15
3028.5 36
3029.5 17
3030.5 44
3031.5 3
3032.5 50
3033.5 65
3034.5 49
3035.5 147
3036.5 254
3037.5 464
3038.5 580
3039.5 474
3040.5 280
3041.5 119
3042.5 66
3043.5 62
3044.5 115
3045.5 55
3046.5 29
3047.5 57
3048.5 28
3049.5 68
3050.5 -2
3051.5 46
3052.5 40
3053.5 80
3054.5 79
3055.5 84
3056.5 25
3057.5 29
3058.5 46
3059.5 35
3060.5 36
3061.5 36
3062.5 27
3063.5 38
3064.5 40
3065.5 44
3066.5 81
3067.5 28
3068.5 39
3069.5 47
3070.5 33
3071.5 33
3072.5 50
3073.5 54
3074.5 45
3075.5 38
3076.5 55
3077.5 -17
3078.5 45
3079.5 35
3080.5 25
3081.5 34
3082.5 51
3083.5 68
3084.5 85
3085.5 48
3086.5 36
3087.5 2
3088.5 16
3089.5 35
3090.5 56
3091.5 26
3092.5 25
3093.5 62
3094.5 49
3095.5 45
3096.5 66
3097.5 37
3098.5 45
3099.5 60
3100.5 75
3101.5 72
3102.5 32
3103.5 21
3104.5 59
3105.5 26
3106.5 81
3107.5 23
3108.5 71
3109.5 68
3110.5 15
3111.5 17
3112.5 62
3113.5 61
3114.5 52
3115.5 84
3116.5 33
3117.5 42
3118.5 52
3119.5 48
3120.5 53
3121.5 37
3122.5 80
3123.5 15
3124.5 28
3125.5 27
3126.5 29
3127.5 40
3128.5 32
3129.5 35
3130.5 39
3131.5 45
3132.5 59
3133.5 65
3134.5 43
3135.5 34
3136.5 37
3137.5 89
3138.5 22
3139.5 25
3140.5 17
3141.5 49
3142.5 28
3143.5 39
3144.5 11
3145.5 49
3146.5 54
3147.5 83
3148.5 46
3149.5 67
3150.5 82
3151.5 27
3152.5 41
3153.5 27
3154.5 22
3155.5 43
3156.5 40
3157.5 29
3158.5 13
3159.5 22
3160.5 56
3161.5 24
3162.5 73
3163.5 29
3164.5 39
3165.5 20
3166.5 18
3167.5 53
3168.5 62
3169.5 43
3170.5 37
3171.5 63
3172.5 46
3173.5 30
3174.5 60
3175.5 69
3176.5 24
3177.5 44
3178.5 0
3179.5 39
3180.5 36
3181.5 55
3182.5 67
3183.5 26
3184.5 54
3185.5 61
3186.5 46
3187.5 54
3188.5 78
3189.5 51
3190.5 58
3191.5 69
3192.5 1
3193.5 53
3194.5 45
3195.5 53
3196.5 69
3197.5 41
3198.5 52
3199.5 35
3200.5 24
3201.5 29
3202.5 75
3203.5 32
3204.5 8
3205.5 36
3206.5 51
3207.5 55
3208.5 31
3209.5 42
3210.5 58
3211.5 17
3212.5 33
3213.5 30
3214.5 49
3215.5 16
3216.5 43
3217.5 37
3218.5 54
3219.5 37
3220.5 47
3221.5 51
3222.5 38
3223.5 49
3224.5 41
3225.5 49
3226.5 44
3227.5 36
3228.5 54
3229.5 23
3230.5 48
3231.5 55
3232.5 46
3233.5 78
3234.5 58
3235.5 43
3236.5 30
3237.5 27
3238.5 33
3239.5 79
3240.5 34
3241.5 39
3242.5 34
3243.5 52
3244.5 1
3245.5 41
3246.5 30
3247.5 31
3248.5 61
3249.5 34
3250.5 59
3251.5 70
3252.5 7
3253.5 66
3254.5 60
3255.5 34
3256.5 -4
3257.5 36
3258.5 59
3259.5 69
3260.5 50
3261.5 66
3262.5 49
3263.5 73
3264.5 55
3265.5 20
3266.5 107
3267.5 63
3268.5 -6
3269.5 20
3270.5 15
3271.5 57
3272.5 78
3273.5 47
3274.5 34
3275.5 36
3276.5 4
3277.5 19
3278.5 65
3279.5 40
3280.5 -5
3281.5 22
3282.5 32
3283.5 31
3284.5 28
3285.5 47
3286.5 40
3287.5 16
3288.5 46
3289.5 29
3290.5 65
3291.5 24
3292.5 27
3293.5 38
3294.5 52
3295.5 47
3296.5 51
3297.5 24
3298.5 36
3299.5 56
3300.5 77
3301.5 36
3302.5 59
3303.5 89
3304.5 39
3305.5 48
3306.5 34
3307.5 26
3308.5 85
3309.5 57
3310.5 37
3311.5 34
3312.5 61
3313.5 40
3314.5 39
3315.5 36
3316.5 26
3317.5 31
3318.5 20
3319.5 35
3320.5 26
3321.5 41
3322.5 28
3323.5 37
3324.5 54
3325.5 33
3326.5 34
3327.5 10
3328.5 59
3329.5 40
3330.5 28
3331.5 58
3332.5 38
3333.5 53
3334.5 62
3335.5 43
3336.5 73
3337.5 57
3338.5 18
3339.5 21
3340.5 -9
3341.5 24
3342.5 36
3343.5 34
3344.5 40
3345.5 56
3346.5 26
3347.5 43
3348.5 28
3349.5 60
3350.5 31
3351.5 21
3352.5 36
3353.5 57
3354.5 33
3355.5 78
3356.5 21
3357.5 31
3358.5 47
3359.5 0
3360.5 63
3361.5 70
3362.5 30
3363.5 25
3364.5 44
3365.5 84
3366.5 68
3367.5 31
3368.5 69
3369.5 74
3370.5 30
3371.5 37
3372.5 60
3373.5 27
3374.5 17
3375.5 40
3376.5 20
3377.5 35
3378.5 22
3379.5 33
3380.5 50
3381.5 56
3382.5 59
3383.5 38
3384.5 64
3385.5 66
3386.5 4
3387.5 20
3388.5 92
3389.5 41
3390.5 52
3391.5 81
3392.5 54
3393.5 26
3394.5 37
3395.5 15
3396.5 26
3397.5 66
3398.5 48
3399.5 36
3400.5 44
3401.5 57
3402.5 34
3403.5 38
3404.5 29
3405.5 61
3406.5 5
3407.5 40
3408.5 34
3409.5 57
3410.5 17
3411.5 37
3412.5 27
3413.5 36
3414.5 42
3415.5 47
3416.5 37
3417.5 24
3418.5 46
3419.5 20
3420.5 29
3421.5 59
3422.5 66
3423.5 15
3424.5 33
3425.5 17
3426.5 9
3427.5 3
3428.5 -8
3429.5 48
3430.5 47
3431.5 26
3432.5 51
3433.5 33
3434.5 58
3435.5 50
3436.5 57
3437.5 30
3438.5 9
3439.5 29
3440.5 58
3441.5 45
3442.5 30
3443.5 56
3444.5 60
3445.5 24
3446.5 18
3447.5 40
3448.5 13
3449.5 71
3450.5 15
3451.5 81
3452.5 49
3453.5 53
3454.5 4
3455.5 26
3456.5 27
3457.5 16
3458.5 57
3459.5 68
3460.5 26
3461.5 18
3462.5 41
3463.5 36
3464.5 40
3465.5 2
3466.5 72
3467.5 70
3468.5 27
3469.5 66
3470.5 50
3471.5 43
3472.5 42
3473.5 -2
3474.5 44
3475.5 15
3476.5 39
3477.5 39
3478.5 16
3479.5 63
3480.5 27
3481.5 23
3482.5 29
3483.5 67
3484.5 43
3485.5 18
3486.5 51
3487.5 49
3488.5 2
3489.5 43
3490.5 53
3491.5 26
3492.5 57
3493.5 43
3494.5 30
3495.5 32
3496.5 43
3497.5 53
3498.5 38
3499.5 35
3500.5 11
3501.5 21
3502.5 35
3503.5 17
3504.5 73
3505.5 80
3506.5 46
3507.5 76
3508.5 89
3509.5 71
3510.5 50
3511.5 23
3512.5 41
3513.5 34
3514.5 42
3515.5 47
3516.5 35
3517.5 42
3518.5 25
3519.5 39
3520.5 55
3521.5 34
3522.5 58
3523.5 66
3524.5 22
3525.5 22
3526.5 11
3527.5 52
3528.5 62
3529.5 28
3530.5 15
3531.5 13
3532.5 11
3533.5 17
3534.5 58
3535.5 52
3536.5 32
3537.5 28
3538.5 28
3539.5 38
3540.5 51
3541.5 36
3542.5 17
3543.5 51
3544.5 33
3545.5 33
3546.5 75
3547.5 53
3548.5 68
3549.5 64
3550.5 47
3551.5 7
3552.5 42
3553.5 34
3554.5 42
3555.5 23
3556.5 52
3557.5 48
3558.5 42
3559.5 8
3560.5 25
3561.5 24
3562.5 39
3563.5 19
3564.5 64
3565.5 64
3566.5 78
3567.5 36
3568.5 57
3569.5 39
3570.5 31
3571.5 33
3572.5 28
3573.5 15
3574.5 40
3575.5 51
3576.5 28
3577.5 6
3578.5 47
3579.5 61
3580.5 58
3581.5 46
3582.5 37
3583.5 35
3584.5 13
3585.5 77
3586.5 10
3587.5 47
3588.5 21
3589.5 33
3590.5 21
3591.5 3
3592.5 58
3593.5 19
3594.5 19
3595.5 21
3596.5 -10
3597.5 3
3598.5 59
3599.5 20
3600.5 28
3601.5 27
3602.5 36
3603.5 53
3604.5 25
3605.5 24
3606.5 38
3607.5 69
3608.5 58
3609.5 49
3610.5 67
3611.5 59
3612.5 83
3613.5 40
3614.5 12
3615.5 30
3616.5 53
3617.5 82
3618.5 49
3619.5 48
3620.5 61
3621.5 42
3622.5 57
3623.5 39
3624.5 44
3625.5 24
3626.5 40
3627.5 50
3628.5 65
3629.5 32
3630.5 31
3631.5 6
3632.5 25
3633.5 38
3634.5 28
3635.5 32
3636.5 17
3637.5 19
3638.5 48
3639.5 21
3640.5 44
3641.5 48
3642.5 20
3643.5 48
3644.5 101
3645.5 112
3646.5 96
3647.5 60
3648.5 31
3649.5 69
3650.5 46
3651.5 44
3652.5 7
3653.5 41
3654.5 57
3655.5 -7
3656.5 16
3657.5 54
3658.5 27
3659.5 43
3660.5 51
3661.5 26
3662.5 29
3663.5 42
3664.5 12
3665.5 37
3666.5 59
3667.5 33
3668.5 15
3669.5 20
3670.5 68
3671.5 21
3672.5 49
3673.5 28
3674.5 60
3675.5 58
3676.5 38
3677.5 33
3678.5 -1
3679.5 57
3680.5 51
3681.5 45
3682.5 23
3683.5 10
3684.5 56
3685.5 23
3686.5 51
3687.5 17
3688.5 35
3689.5 39
3690.5 46
3691.5 30
3692.5 20
3693.5 48
3694.5 54
3695.5 22
3696.5 47
3697.5 28
3698.5 29
3699.5 39
3700.5 38
3701.5 15
3702.5 23
3703.5 17
3704.5 27
3705.5 23
3706.5 50
3707.5 48
3708.5 29
3709.5 30
3710.5 56
3711.5 27
3712.5 32
3713.5 42
3714.5 36
3715.5 36
3716.5 27
3717.5 31
3718.5 35
3719.5 27
3720.5 33
3721.5 21
3722.5 17
3723.5 57
3724.5 3
3725.5 15
3726.5 34
3727.5 11
3728.5 11
3729.5 49
3730.5 30
3731.5 22
3732.5 10
3733.5 34
3734.5 64
3735.5 33
3736.5 46
3737.5 31
3738.5 63
3739.5 54
3740.5 58
3741.5 34
3742.5 73
3743.5 62
3744.5 77
3745.5 67
3746.5 56
3747.5 30
3748.5 70
3749.5 55
3750.5 46
3751.5 24
3752.5 43
3753.5 31
3754.5 60
3755.5 45
3756.5 6
3757.5 30
3758.5 31
3759.5 43
3760.5 13
3761.5 43
3762.5 28
3763.5 56
3764.5 29
3765.5 35
3766.5 49
3767.5 20
3768.5 24
3769.5 41
3770.5 43
3771.5 34
3772.5 27
3773.5 32
3774.5 43
3775.5 25
3776.5 56
3777.5 22
3778.5 22
3779.5 44
3780.5 50
3781.5 42
3782.5 32
3783.5 46
3784.5 39
3785.5 33
3786.5 53
3787.5 52
3788.5 31
3789.5 39
3790.5 31
3791.5 38
3792.5 48
3793.5 46
3794.5 27
3795.5 33
3796.5 33
3797.5 17
3798.5 15
3799.5 55
3800.5 13
3801.5 45
3802.5 28
3803.5 43
3804.5 78
3805.5 40
3806.5 78
3807.5 36
3808.5 93
3809.5 51
3810.5 38
3811.5 34
3812.5 34
3813.5 35
3814.5 33
3815.5 24
3816.5 36
3817.5 48
3818.5 29
3819.5 19
3820.5 28
3821.5 39
3822.5 31
3823.5 31
3824.5 31
3825.5 25
3826.5 28
3827.5 31
3828.5 23
3829.5 24
3830.5 24
3831.5 33
3832.5 21
3833.5 39
3834.5 36
3835.5 64
3836.5 18
3837.5 16
3838.5 36
3839.5 -16
3840.5 54
3841.5 33
3842.5 8
3843.5 51
3844.5 41
3845.5 50
3846.5 32
3847.5 33
3848.5 44
3849.5 29
3850.5 39
3851.5 57
3852.5 22
3853.5 51
3854.5 30
3855.5 63
3856.5 27
3857.5 31
3858.5 20
3859.5 40
3860.5 25
3861.5 39
3862.5 42
3863.5 43
3864.5 41
3865.5 28
3866.5 68
3867.5 39
3868.5 39
3869.5 13
3870.5 44
3871.5 45
3872.5 80
3873.5 84
3874.5 86
3875.5 92
3876.5 123
3877.5 73
3878.5 44
3879.5 60
3880.5 38
3881.5 32
3882.5 21
3883.5 25
3884.5 39
3885.5 45
3886.5 38
3887.5 56
3888.5 28
3889.5 21
3890.5 53
3891.5 12
3892.5 38
3893.5 49
3894.5 36
3895.5 33
3896.5 19
3897.5 56
3898.5 37
3899.5 38
3900.5 81
3901.5 96
3902.5 121
3903.5 100
3904.5 47
3905.5 65
3906.5 57
3907.5 41
3908.5 42
3909.5 35
3910.5 48
3911.5 4
3912.5 34
3913.5 38
3914.5 43
3915.5 37
3916.5 13
3917.5 66
3918.5 35
3919.5 56
3920.5 21
3921.5 31
3922.5 62
3923.5 20
3924.5 28
3925.5 58
3926.5 51
3927.5 41
3928.5 31
3929.5 11
3930.5 22
3931.5 23
3932.5 45
3933.5 35
3934.5 16
3935.5 40
3936.5 42
3937.5 29
3938.5 36
3939.5 45
3940.5 4
3941.5 41
3942.5 38
3943.5 74
3944.5 65
3945.5 34
3946.5 61
3947.5 54
3948.5 51
3949.5 36
3950.5 37
3951.5 46
3952.5 43
3953.5 16
3954.5 53
3955.5 11
3956.5 59
3957.5 53
3958.5 21
3959.5 34
3960.5 24
3961.5 41
3962.5 63
3963.5 30
3964.5 42
3965.5 16
3966.5 41
3967.5 71
3968.5 5
3969.5 56
3970.5 22
3971.5 19
3972.5 26
3973.5 62
3974.5 47
3975.5 69
3976.5 4
3977.5 42
3978.5 24
3979.5 43
3980.5 27
3981.5 36
3982.5 33
3983.5 33
3984.5 31
3985.5 36
3986.5 48
3987.5 21
3988.5 50
3989.5 14
3990.5 48
3991.5 24
3992.5 42
3993.5 38
3994.5 42
3995.5 24
3996.5 44
3997.5 40
3998.5 11
3999.5 5
4000.5 58
4001.5 33
4002.5 19
4003.5 5
4004.5 34
4005.5 50
4006.5 23
4007.5 18
4008.5 4
4009.5 21
4010.5 51
4011.5 26
4012.5 41
4013.5 41
4014.5 44
4015.5 36
4016.5 43
4017.5 47
4018.5 44
4019.5 49
4020.5 33
4021.5 20
4022.5 39
4023.5 38
4024.5 45
4025.5 73
4026.5 95
4027.5 73
4028.5 47
4029.5 53
4030.5 36
4031.5 51
4032.5 21
4033.5 18
4034.5 47
4035.5 -4
4036.5 30
4037.5 50
4038.5 39
4039.5 44
4040.5 26
4041.5 40
4042.5 50
4043.5 12
4044.5 58
4045.5 38
4046.5 49
4047.5 63
4048.5 40
4049.5 38
4050.5 12
4051.5 38
4052.5 33
4053.5 41
4054.5 37
4055.5 46
4056.5 58
4057.5 24
4058.5 34
4059.5 29
4060.5 41
4061.5 65
4062.5 36
4063.5 40
4064.5 1
4065.5 29
4066.5 41
4067.5 64
4068.5 28
4069.5 26
4070.5 60
4071.5 36
4072.5 46
4073.5 58
4074.5 29
4075.5 55
4076.5 55
4077.5 20
4078.5 51
4079.5 31
4080.5 41
4081.5 52
4082.5 35
4083.5 27
4084.5 48
4085.5 11
4086.5 39
4087.5 35
4088.5 37
4089.5 7
4090.5 26
4091.5 66
4092.5 16
4093.5 51
4094.5 6
4095.5 37
4096.5 21
4097.5 38
4098.5 44
4099.5 57
4100.5 36
4101.5 21
4102.5 27
4103.5 53
4104.5 15
4105.5 35
4106.5 31
4107.5 42
4108.5 43
4109.5 31
4110.5 48
4111.5 36
4112.5 74
4113.5 15
4114.5 31
4115.5 67
4116.5 35
4117.5 35
4118.5 48
4119.5 41
4120.5 42
4121.5 43
4122.5 49
4123.5 76
4124.5 67
4125.5 50
4126.5 29
4127.5 43
4128.5 41
4129.5 50
4130.5 32
4131.5 -3
4132.5 48
4133.5 41
4134.5 8
4135.5 40
4136.5 55
4137.5 54
4138.5 42
4139.5 59
4140.5 56
4141.5 25
4142.5 17
4143.5 45
4144.5 23
4145.5 51
4146.5 20
4147.5 37
4148.5 37
4149.5 24
4150.5 26
4151.5 22
4152.5 -1
4153.5 15
4154.5 26
4155.5 33
4156.5 64
4157.5 -7
4158.5 8
4159.5 13
4160.5 37
4161.5 43
4162.5 52
4163.5 42
4164.5 43
4165.5 22
4166.5 3
4167.5 45
4168.5 25
4169.5 64
4170.5 11
4171.5 15
4172.5 49
4173.5 15
4174.5 29
4175.5 42
4176.5 43
4177.5 37
4178.5 19
4179.5 62
4180.5 29
4181.5 25
4182.5 35
4183.5 49
4184.5 50
4185.5 23
4186.5 32
4187.5 44
4188.5 36
4189.5 43
4190.5 42
4191.5 30
4192.5 61
4193.5 12
4194.5 21
4195.5 45
4196.5 58
4197.5 35
4198.5 12
4199.5 52
4200.5 20
4201.5 20
4202.5 12
4203.5 14
4204.5 37
4205.5 29
4206.5 41
4207.5 70
4208.5 38
4209.5 65
4210.5 39
4211.5 75
4212.5 22
4213.5 52
4214.5 62
4215.5 49
4216.5 51
4217.5 35
4218.5 36
4219.5 30
4220.5 7
4221.5 39
4222.5 20
4223.5 27
4224.5 56
4225.5 39
4226.5 21
4227.5 31
4228.5 28
4229.5 50
4230.5 27
4231.5 37
4232.5 40
4233.5 58
4234.5 16
4235.5 46
4236.5 48
4237.5 41
4238.5 108
4239.5 137
4240.5 201
4241.5 248
4242.5 281
4243.5 201
4244.5 90
4245.5 53
4246.5 52
4247.5 62
4248.5 31
4249.5 28
4250.5 57
4251.5 30
4252.5 17
4253.5 59
4254.5 57
4255.5 49
4256.5 77
4257.5 71
4258.5 79
4259.5 61
4260.5 74
4261.5 50
4262.5 74
4263.5 64
4264.5 79
4265.5 71
4266.5 67
4267.5 35
4268.5 89
4269.5 40
4270.5 62
4271.5 48
4272.5 45
4273.5 58
4274.5 18
4275.5 26
4276.5 45
4277.5 47
4278.5 30
4279.5 38
4280.5 41
4281.5 64
4282.5 50
4283.5 37
4284.5 34
4285.5 43
4286.5 23
4287.5 37
4288.5 51
4289.5 50
4290.5 70
4291.5 20
4292.5 39
4293.5 50
4294.5 74
4295.5 43
4296.5 27
4297.5 38
4298.5 57
4299.5 70
4300.5 59
4301.5 31
4302.5 25
4303.5 54
4304.5 15
4305.5 23
4306.5 55
4307.5 38
4308.5 38
4309.5 36
4310.5 44
4311.5 34
4312.5 59
4313.5 77
4314.5 48
4315.5 46
4316.5 31
4317.5 22
4318.5 42
4319.5 17
4320.5 23
4321.5 41
4322.5 41
4323.5 15
4324.5 33
4325.5 37
4326.5 64
4327.5 39
4328.5 46
4329.5 25
4330.5 56
4331.5 56
4332.5 32
4333.5 35
4334.5 59
4335.5 43
4336.5 21
4337.5 39
4338.5 45
4339.5 35
4340.5 59
4341.5 51
4342.5 35
4343.5 32
4344.5 69
4345.5 50
4346.5 58
4347.5 18
4348.5 28
4349.5 52
4350.5 45
4351.5 33
4352.5 57
4353.5 32
4354.5 26
4355.5 49
4356.5 30
4357.5 19
4358.5 50
4359.5 45
4360.5 34
4361.5 28
4362.5 39
4363.5 48
4364.5 51
4365.5 19
4366.5 29
4367.5 46
4368.5 33
4369.5 18
4370.5 15
4371.5 42
4372.5 38
4373.5 39
4374.5 43
4375.5 51
4376.5 77
4377.5 39
4378.5 66
4379.5 35
4380.5 62
4381.5 36
4382.5 39
4383.5 44
4384.5 35
4385.5 38
4386.5 49
4387.5 65
4388.5 43
4389.5 60
4390.5 39
4391.5 48
4392.5 57
4393.5 48
4394.5 49
4395.5 35
4396.5 32
4397.5 28
4398.5 30
4399.5 59
4400.5 49
4401.5 42
4402.5 54
4403.5 49
4404.5 32
4405.5 42
4406.5 49
4407.5 50
4408.5 39
4409.5 47
4410.5 50
4411.5 23
4412.5 53
4413.5 55
4414.5 25
4415.5 43
4416.5 49
4417.5 31
4418.5 93
4419.5 29
4420.5 19
4421.5 48
4422.5 25
4423.5 69
4424.5 45
4425.5 56
4426.5 42
4427.5 35
4428.5 32
4429.5 54
4430.5 51
4431.5 20
4432.5 46
4433.5 50
4434.5 44
4435.5 37
4436.5 35
4437.5 46
4438.5 38
4439.5 51
4440.5 42
4441.5 47
4442.5 49
4443.5 48
4444.5 28
4445.5 74
4446.5 52
4447.5 36
4448.5 49
4449.5 45
4450.5 64
4451.5 51
4452.5 53
4453.5 95
4454.5 87
4455.5 164
4456.5 131
4457.5 153
4458.5 162
4459.5 84
4460.5 74
4461.5 78
4462.5 45
4463.5 26
4464.5 57
4465.5 50
4466.5 17
4467.5 69
4468.5 40
4469.5 44
4470.5 22
4471.5 59
4472.5 27
4473.5 76
4474.5 57
4475.5 53
4476.5 51
4477.5 51
4478.5 51
4479.5 78
4480.5 39
4481.5 46
4482.5 44
4483.5 33
4484.5 25
4485.5 54
4486.5 59
4487.5 30
4488.5 90
4489.5 50
4490.5 36
4491.5 39
4492.5 45
4493.5 45
4494.5 20
4495.5 45
4496.5 35
4497.5 83
4498.5 39
4499.5 55
4500.5 65
4501.5 54
4502.5 53
4503.5 61
4504.5 51
4505.5 46
4506.5 22
4507.5 36
4508.5 27
4509.5 44
4510.5 40
4511.5 42
4512.5 48
4513.5 36
4514.5 58
4515.5 22
4516.5 30
4517.5 53
4518.5 47
4519.5 54
4520.5 32
4521.5 53
4522.5 23
4523.5 44
4524.5 44
4525.5 55
4526.5 38
4527.5 45
4528.5 59
4529.5 62
4530.5 46
4531.5 38
4532.5 53
4533.5 54
4534.5 40
4535.5 62
4536.5 37
4537.5 68
4538.5 54
4539.5 54
4540.5 68
4541.5 50
4542.5 60
4543.5 35
4544.5 54
4545.5 49
4546.5 40
4547.5 46
4548.5 69
4549.5 70
4550.5 56
4551.5 85
4552.5 33
4553.5 49
4554.5 80
4555.5 117
4556.5 105
4557.5 114
4558.5 113
4559.5 94
4560.5 90
4561.5 66
4562.5 20
4563.5 71
4564.5 79
4565.5 62
4566.5 45
4567.5 54
4568.5 32
4569.5 62
4570.5 46
4571.5 39
4572.5 64
4573.5 64
4574.5 57
4575.5 53
4576.5 59
4577.5 57
4578.5 32
4579.5 61
4580.5 51
4581.5 60
4582.5 64
4583.5 55
4584.5 39
4585.5 53
4586.5 27
4587.5 44
4588.5 36
4589.5 72
4590.5 45
4591.5 64
4592.5 54
4593.5 41
4594.5 61
4595.5 37
4596.5 41
4597.5 54
4598.5 37
4599.5 41
4600.5 55
4601.5 45
4602.5 60
4603.5 73
4604.5 50
4605.5 47
4606.5 58
4607.5 29
4608.5 47
4609.5 55
4610.5 38
4611.5 62
4612.5 76
4613.5 48
4614.5 71
4615.5 42
4616.5 63
4617.5 55
4618.5 57
4619.5 71
4620.5 51
4621.5 61
4622.5 27
4623.5 51
4624.5 41
4625.5 97
4626.5 49
4627.5 46
4628.5 25
4629.5 55
4630.5 45
4631.5 61
4632.5 35
4633.5 54
4634.5 45
4635.5 59
4636.5 37
4637.5 60
4638.5 36
4639.5 18
4640.5 22
4641.5 26
4642.5 43
4643.5 60
4644.5 51
4645.5 42
4646.5 77
4647.5 80
4648.5 93
4649.5 83
4650.5 86
4651.5 73
4652.5 53
4653.5 54
4654.5 50
4655.5 55
4656.5 71
4657.5 39
4658.5 32
4659.5 50
4660.5 54
4661.5 33
4662.5 42
4663.5 21
4664.5 36
4665.5 40
4666.5 40
4667.5 74
4668.5 41
4669.5 35
4670.5 45
4671.5 52
4672.5 53
4673.5 45
4674.5 41
4675.5 71
4676.5 51
4677.5 50
4678.5 26
4679.5 63
4680.5 60
4681.5 57
4682.5 69
4683.5 56
4684.5 46
4685.5 26
4686.5 37
4687.5 48
4688.5 55
4689.5 73
4690.5 36
4691.5 43
4692.5 55
4693.5 60
4694.5 48
4695.5 60
4696.5 36
4697.5 27
4698.5 43
4699.5 56
4700.5 66
4701.5 23
4702.5 69
4703.5 40
4704.5 41
4705.5 19
4706.5 33
4707.5 34
4708.5 40
4709.5 46
4710.5 46
4711.5 32
4712.5 32
4713.5 28
4714.5 48
4715.5 32
4716.5 71
4717.5 34
4718.5 51
4719.5 46
4720.5 71
4721.5 41
4722.5 55
4723.5 55
4724.5 51
4725.5 36
4726.5 38
4727.5 55
4728.5 51
4729.5 50
4730.5 73
4731.5 49
4732.5 36
4733.5 23
4734.5 62
4735.5 42
4736.5 63
4737.5 45
4738.5 23
4739.5 31
4740.5 19
4741.5 59
4742.5 40
4743.5 35
4744.5 44
4745.5 86
4746.5 81
4747.5 134
4748.5 207
4749.5 337
4750.5 484
4751.5 580
4752.5 670
4753.5 579
4754.5 448
4755.5 279
4756.5 132
4757.5 88
4758.5 83
4759.5 64
4760.5 33
4761.5 49
4762.5 90
4763.5 49
4764.5 40
4765.5 38
4766.5 56
4767.5 69
4768.5 58
4769.5 53
4770.5 70
4771.5 75
4772.5 65
4773.5 34
4774.5 60
4775.5 39
4776.5 53
4777.5 66
4778.5 72
4779.5 56
4780.5 39
4781.5 29
4782.5 58
4783.5 36
4784.5 33
4785.5 55
4786.5 41
4787.5 50
4788.5 70
4789.5 74
4790.5 63
4791.5 66
4792.5 48
4793.5 60
4794.5 50
4795.5 57
4796.5 51
4797.5 62
4798.5 54
4799.5 45
4800.5 32
4801.5 53
4802.5 41
4803.5 64
4804.5 60
4805.5 71
4806.5 45
4807.5 53
4808.5 68
4809.5 47
4810.5 58
4811.5 53
4812.5 49
4813.5 71
4814.5 51
4815.5 75
4816.5 56
4817.5 63
4818.5 65
4819.5 41
4820.5 29
4821.5 45
4822.5 81
4823.5 43
4824.5 48
4825.5 56
4826.5 35
4827.5 67
4828.5 60
4829.5 77
4830.5 79
4831.5 41
4832.5 43
4833.5 35
4834.5 67
4835.5 69
4836.5 73
4837.5 43
4838.5 45
4839.5 38
4840.5 63
4841.5 66
4842.5 53
4843.5 43
4844.5 44
4845.5 55
4846.5 51
4847.5 36
4848.5 69
4849.5 53
4850.5 29
4851.5 74
4852.5 67
4853.5 48
4854.5 46
4855.5 60
4856.5 68
4857.5 64
4858.5 70
4859.5 73
4860.5 48
4861.5 39
4862.5 65
4863.5 49
4864.5 40
4865.5 52
4866.5 91
4867.5 72
4868.5 75
4869.5 61
4870.5 54
4871.5 66
4872.5 70
4873.5 57
4874.5 32
4875.5 50
4876.5 61
4877.5 88
4878.5 41
4879.5 26
4880.5 21
4881.5 11
4882.5 33
4883.5 14
4884.5 59
4885.5 54
4886.5 49
4887.5 62
4888.5 81
4889.5 81
4890.5 47
4891.5 57
4892.5 77
4893.5 66
4894.5 51
4895.5 30
4896.5 60
4897.5 64
4898.5 82
4899.5 66
4900.5 43
4901.5 72
4902.5 69
4903.5 44
4904.5 55
4905.5 64
4906.5 76
4907.5 61
4908.5 58
4909.5 39
4910.5 57
4911.5 87
4912.5 62
4913.5 85
4914.5 46
4915.5 67
4916.5 59
4917.5 27
4918.5 78
4919.5 58
4920.5 60
4921.5 70
4922.5 56
4923.5 57
4924.5 42
4925.5 72
4926.5 58
4927.5 51
4928.5 62
4929.5 71
4930.5 101
4931.5 61
4932.5 67
4933.5 66
4934.5 49
4935.5 55
4936.5 79
4937.5 68
4938.5 52
4939.5 42
4940.5 76
4941.5 65
4942.5 52
4943.5 67
4944.5 52
4945.5 42
4946.5 61
4947.5 48
4948.5 40
4949.5 72
4950.5 34
4951.5 87
4952.5 52
4953.5 73
4954.5 73
4955.5 44
4956.5 67
4957.5 59
4958.5 63
4959.5 38
4960.5 60
4961.5 63
4962.5 75
4963.5 56
4964.5 57
4965.5 65
4966.5 57
4967.5 54
4968.5 61
4969.5 73
4970.5 76
4971.5 83
4972.5 89
4973.5 112
4974.5 141
4975.5 193
4976.5 281
4977.5 394
4978.5 461
4979.5 400
4980.5 301
4981.5 149
4982.5 78
4983.5 79
4984.5 84
4985.5 98
4986.5 68
4987.5 71
4988.5 86
4989.5 84
4990.5 92
4991.5 82
4992.5 71
4993.5 77
4994.5 91
4995.5 95
4996.5 98
4997.5 71
4998.5 66
4999.5 89
5000.5 71
5001.5 76
5002.5 83
5003.5 95
5004.5 58
5005.5 102
5006.5 34
5007.5 61
5008.5 100
5009.5 65
5010.5 56
5011.5 55
5012.5 72
5013.5 78
5014.5 71
5015.5 59
5016.5 90
5017.5 63
5018.5 66
5019.5 64
5020.5 93
5021.5 78
5022.5 82
5023.5 77
5024.5 85
5025.5 68
5026.5 64
5027.5 65
5028.5 89
5029.5 73
5030.5 84
5031.5 96
5032.5 26
5033.5 73
5034.5 66
5035.5 59
5036.5 93
5037.5 52
5038.5 81
5039.5 72
5040.5 67
5041.5 67
5042.5 61
5043.5 83
5044.5 84
5045.5 76
5046.5 52
5047.5 93
5048.5 75
5049.5 89
5050.5 88
5051.5 65
5052.5 73
5053.5 88
5054.5 65
5055.5 80
5056.5 83
5057.5 63
5058.5 64
5059.5 66
5060.5 71
5061.5 69
5062.5 56
5063.5 63
5064.5 67
5065.5 89
5066.5 69
5067.5 80
5068.5 96
5069.5 84
5070.5 72
5071.5 74
5072.5 71
5073.5 87
5074.5 93
5075.5 75
5076.5 61
5077.5 45
5078.5 88
5079.5 62
5080.5 80
5081.5 73
5082.5 86
5083.5 83
5084.5 70
5085.5 71
5086.5 74
5087.5 92
5088.5 64
5089.5 44
5090.5 57
5091.5 66
5092.5 66
5093.5 61
5094.5 76
5095.5 68
5096.5 57
5097.5 92
5098.5 80
5099.5 69
5100.5 63
5101.5 80
5102.5 75
5103.5 95
5104.5 77
5105.5 54
5106.5 77
5107.5 86
5108.5 61
5109.5 87
5110.5 92
5111.5 74
5112.5 63
5113.5 69
5114.5 52
5115.5 64
5116.5 79
5117.5 66
5118.5 77
5119.5 49
5120.5 71
5121.5 47
5122.5 57
5123.5 50
5124.5 75
5125.5 69
5126.5 72
5127.5 57
5128.5 55
5129.5 87
5130.5 65
5131.5 65
5132.5 64
5133.5 80
5134.5 81
5135.5 66
5136.5 56
5137.5 77
5138.5 66
5139.5 52
5140.5 66
5141.5 48
5142.5 40
5143.5 57
5144.5 64
5145.5 54
5146.5 68
5147.5 58
5148.5 66
5149.5 60
5150.5 60
5151.5 56
5152.5 79
5153.5 69
5154.5 68
5155.5 77
5156.5 73
5157.5 117
5158.5 173
5159.5 176
5160.5 195
5161.5 195
5162.5 158
5163.5 126
5164.5 80
5165.5 62
5166.5 86
5167.5 58
5168.5 63
5169.5 83
5170.5 72
5171.5 69
5172.5 75
5173.5 58
5174.5 68
5175.5 69
5176.5 69
5177.5 49
5178.5 55
5179.5 51
5180.5 30
5181.5 73
5182.5 73
5183.5 39
5184.5 75
5185.5 60
5186.5 70
5187.5 70
5188.5 70
5189.5 62
5190.5 76
5191.5 45
5192.5 60
5193.5 54
5194.5 63
5195.5 35
5196.5 54
5197.5 70
5198.5 53
5199.5 52
5200.5 65
5201.5 63
5202.5 54
5203.5 60
5204.5 42
5205.5 78
5206.5 55
5207.5 59
5208.5 47
5209.5 76
5210.5 52
5211.5 40
5212.5 25
5213.5 59
5214.5 72
5215.5 64
5216.5 57
5217.5 50
5218.5 61
5219.5 40
5220.5 47
5221.5 73
5222.5 62
5223.5 50
5224.5 58
5225.5 39
5226.5 43
5227.5 57
5228.5 64
5229.5 64
5230.5 55
5231.5 76
5232.5 58
5233.5 47
5234.5 68
5235.5 60
5236.5 51
5237.5 67
5238.5 67
5239.5 38
5240.5 42
5241.5 52
5242.5 79
5243.5 71
5244.5 66
5245.5 76
5246.5 74
5247.5 56
5248.5 70
5249.5 75
5250.5 80
5251.5 70
5252.5 58
5253.5 76
5254.5 83
5255.5 70
5256.5 104
5257.5 229
5258.5 286
5259.5 499
5260.5 774
5261.5 1107
5262.5 1642
5263.5 1878
5264.5 1874
5265.5 1403
5266.5 838
5267.5 370
5268.5 218
5269.5 98
5270.5 84
5271.5 47
5272.5 74
5273.5 95
5274.5 45
5275.5 81
5276.5 55
5277.5 37
5278.5 31
5279.5 69
5280.5 66
5281.5 36
5282.5 74
5283.5 68
5284.5 63
5285.5 60
5286.5 80
5287.5 39
5288.5 58
5289.5 37
5290.5 31
5291.5 68
5292.5 69
5293.5 48
5294.5 47
5295.5 42
5296.5 56
5297.5 38
5298.5 54
5299.5 43
5300.5 63
5301.5 39
5302.5 76
5303.5 68
5304.5 60
5305.5 61
5306.5 59
5307.5 58
5308.5 71
5309.5 55
5310.5 57
5311.5 52
5312.5 70
5313.5 46
5314.5 40
5315.5 57
5316.5 75
5317.5 23
5318.5 50
5319.5 42
5320.5 62
5321.5 56
5322.5 35
5323.5 56
5324.5 55
5325.5 51
5326.5 36
5327.5 51
5328.5 33
5329.5 45
5330.5 67
5331.5 43
5332.5 44
5333.5 42
5334.5 81
5335.5 61
5336.5 61
5337.5 43
5338.5 39
5339.5 42
5340.5 52
5341.5 59
5342.5 44
5343.5 51
5344.5 59
5345.5 59
5346.5 59
5347.5 51
5348.5 62
5349.5 49
5350.5 53
5351.5 50
5352.5 52
5353.5 34
5354.5 45
5355.5 57
5356.5 18
5357.5 63
5358.5 59
5359.5 56
5360.5 33
5361.5 48
5362.5 52
5363.5 43
5364.5 44
5365.5 51
5366.5 59
5367.5 43
5368.5 46
5369.5 33
5370.5 31
5371.5 37
5372.5 62
5373.5 45
5374.5 64
5375.5 52
5376.5 44
5377.5 43
5378.5 54
5379.5 42
5380.5 65
5381.5 44
5382.5 41
5383.5 63
5384.5 52
5385.5 42
5386.5 46
5387.5 14
5388.5 57
5389.5 115
5390.5 37
5391.5 37
5392.5 32
5393.5 45
5394.5 55
5395.5 39
5396.5 39
5397.5 44
5398.5 50
5399.5 89
5400.5 37
5401.5 49
5402.5 43
5403.5 61
5404.5 39
5405.5 34
5406.5 41
5407.5 52
5408.5 46
5409.5 49
5410.5 30
5411.5 49
5412.5 48
5413.5 62
5414.5 34
5415.5 33
5416.5 57
5417.5 60
5418.5 49
5419.5 51
5420.5 52
5421.5 13
5422.5 51
5423.5 36
5424.5 50
5425.5 22
5426.5 35
5427.5 33
5428.5 60
5429.5 57
5430.5 48
5431.5 75
5432.5 44
5433.5 53
5434.5 29
5435.5 52
5436.5 68
5437.5 38
5438.5 31
5439.5 53
5440.5 32
5441.5 23
5442.5 68
5443.5 49
5444.5 59
5445.5 57
5446.5 41
5447.5 26
5448.5 36
5449.5 49
5450.5 60
5451.5 46
5452.5 34
5453.5 44
5454.5 39
5455.5 42
5456.5 51
5457.5 35
5458.5 50
5459.5 51
5460.5 51
5461.5 66
5462.5 28
5463.5 50
5464.5 49
5465.5 58
5466.5 50
5467.5 53
5468.5 48
5469.5 33
5470.5 54
5471.5 58
5472.5 47
5473.5 46
5474.5 54
5475.5 59
5476.5 52
5477.5 51
5478.5 55
5479.5 81
5480.5 67
5481.5 86
5482.5 134
5483.5 220
5484.5 269
5485.5 414
5486.5 578
5487.5 799
5488.5 971
5489.5 1053
5490.5 988
5491.5 769
5492.5 485
5493.5 268
5494.5 144
5495.5 81
5496.5 78
5497.5 56
5498.5 65
5499.5 72
5500.5 51
5501.5 55
5502.5 69
5503.5 37
5504.5 80
5505.5 36
5506.5 49
5507.5 62
5508.5 33
5509.5 38
5510.5 58
5511.5 53
5512.5 58
5513.5 38
5514.5 46
5515.5 53
5516.5 40
5517.5 51
5518.5 71
5519.5 48
5520.5 38
5521.5 65
5522.5 66
5523.5 26
5524.5 66
5525.5 69
5526.5 58
5527.5 42
5528.5 69
5529.5 48
5530.5 40
5531.5 44
5532.5 50
5533.5 50
5534.5 81
5535.5 80
5536.5 52
5537.5 32
5538.5 69
5539.5 38
5540.5 56
5541.5 39
5542.5 61
5543.5 64
5544.5 64
5545.5 41
5546.5 49
5547.5 50
5548.5 33
5549.5 39
5550.5 57
5551.5 58
5552.5 44
5553.5 57
5554.5 41
5555.5 61
5556.5 54
5557.5 70
5558.5 50
5559.5 54
5560.5 48
5561.5 56
5562.5 56
5563.5 29
5564.5 32
5565.5 63
5566.5 58
5567.5 61
5568.5 48
5569.5 34
5570.5 39
5571.5 47
5572.5 53
5573.5 53
5574.5 67
5575.5 58
5576.5 59
5577.5 78
5578.5 73
5579.5 95
5580.5 107
5581.5 90
5582.5 102
5583.5 104
5584.5 93
5585.5 44
5586.5 56
5587.5 45
5588.5 59
5589.5 58
5590.5 57
5591.5 66
5592.5 55
5593.5 53
5594.5 31
5595.5 83
5596.5 40
5597.5 43
5598.5 48
5599.5 30
5600.5 61
5601.5 34
5602.5 59
5603.5 46
5604.5 42
5605.5 36
5606.5 44
5607.5 56
5608.5 34
5609.5 66
5610.5 59
5611.5 44
5612.5 25
5613.5 46
5614.5 55
5615.5 48
5616.5 53
5617.5 56
5618.5 35
5619.5 51
5620.5 42
5621.5 45
5622.5 56
5623.5 53
5624.5 42
5625.5 65
5626.5 29
5627.5 44
5628.5 57
5629.5 38
5630.5 56
5631.5 47
5632.5 52
5633.5 64
5634.5 59
5635.5 46
5636.5 65
5637.5 63
5638.5 34
5639.5 49
5640.5 48
5641.5 63
5642.5 63
5643.5 44
5644.5 47
5645.5 57
5646.5 56
5647.5 58
5648.5 34
5649.5 73
5650.5 46
5651.5 55
5652.5 59
5653.5 47
5654.5 58
5655.5 50
5656.5 36
5657.5 57
5658.5 51
5659.5 61
5660.5 51
5661.5 55
5662.5 53
5663.5 48
5664.5 76
5665.5 51
5666.5 71
5667.5 52
5668.5 42
5669.5 51
5670.5 58
5671.5 46
5672.5 57
5673.5 36
5674.5 54
5675.5 58
5676.5 51
5677.5 50
5678.5 51
5679.5 68
5680.5 57
5681.5 48
5682.5 78
5683.5 82
5684.5 51
5685.5 56
5686.5 59
5687.5 43
5688.5 45
5689.5 64
5690.5 47
5691.5 58
5692.5 47
5693.5 61
5694.5 53
5695.5 34
5696.5 49
5697.5 49
5698.5 81
5699.5 69
5700.5 47
5701.5 50
5702.5 68
5703.5 56
5704.5 61
5705.5 56
5706.5 35
5707.5 57
5708.5 61
5709.5 67
5710.5 35
5711.5 67
5712.5 66
5713.5 22
5714.5 54
5715.5 64
5716.5 65
5717.5 58
5718.5 33
5719.5 67
5720.5 58
5721.5 69
5722.5 72
5723.5 65
5724.5 92
5725.5 60
5726.5 53
5727.5 62
5728.5 91
5729.5 53
5730.5 72
5731.5 77
5732.5 56
5733.5 65
5734.5 78
5735.5 36
5736.5 44
5737.5 52
5738.5 60
5739.5 45
5740.5 66
5741.5 56
5742.5 72
5743.5 48
5744.5 50
5745.5 63
5746.5 57
5747.5 72
5748.5 63
5749.5 67
5750.5 77
5751.5 87
5752.5 72
5753.5 60
5754.5 59
5755.5 60
5756.5 75
5757.5 44
5758.5 53
5759.5 59
5760.5 61
5761.5 49
5762.5 46
5763.5 43
5764.5 39
5765.5 55
5766.5 68
5767.5 44
5768.5 67
5769.5 46
5770.5 46
5771.5 72
5772.5 47
5773.5 65
5774.5 51
5775.5 56
5776.5 48
5777.5 58
5778.5 47
5779.5 57
5780.5 69
5781.5 53
5782.5 53
5783.5 40
5784.5 40
5785.5 49
5786.5 24
5787.5 43
5788.5 45
5789.5 49
5790.5 64
5791.5 40
5792.5 58
5793.5 51
5794.5 49
5795.5 59
5796.5 72
5797.5 55
5798.5 55
5799.5 50
5800.5 39
5801.5 37
5802.5 52
5803.5 52
5804.5 44
5805.5 41
5806.5 50
5807.5 50
5808.5 48
5809.5 44
5810.5 36
5811.5 65
5812.5 63
5813.5 47
5814.5 42
5815.5 51
5816.5 49
5817.5 54
5818.5 47
5819.5 64
5820.5 65
5821.5 61
5822.5 54
5823.5 52
5824.5 33
5825.5 35
5826.5 38
5827.5 60
5828.5 19
5829.5 47
5830.5 43
5831.5 33
5832.5 58
5833.5 44
5834.5 55
5835.5 47
5836.5 37
5837.5 57
5838.5 55
5839.5 56
5840.5 53
5841.5 41
5842.5 51
5843.5 43
5844.5 26
5845.5 44
5846.5 49
5847.5 36
5848.5 22
5849.5 55
5850.5 45
5851.5 60
5852.5 59
5853.5 49
5854.5 49
5855.5 58
5856.5 55
5857.5 36
5858.5 47
5859.5 53
5860.5 41
5861.5 43
5862.5 51
5863.5 41
5864.5 40
5865.5 39
5866.5 38
5867.5 49
5868.5 18
5869.5 53
5870.5 34
5871.5 55
5872.5 30
5873.5 40
5874.5 13
5875.5 34
5876.5 38
5877.5 33
5878.5 34
5879.5 34
5880.5 43
5881.5 37
5882.5 38
5883.5 25
5884.5 23
5885.5 16
5886.5 30
5887.5 32
5888.5 24
5889.5 19
5890.5 44
5891.5 37
5892.5 39
5893.5 27
5894.5 24
5895.5 35
5896.5 63
5897.5 15
5898.5 19
5899.5 -17
5900.5 36
5901.5 41
5902.5 38
5903.5 54
5904.5 41
5905.5 28
5906.5 17
5907.5 13
5908.5 31
5909.5 35
5910.5 12
5911.5 20
5912.5 10
5913.5 17
5914.5 26
5915.5 30
5916.5 27
5917.5 22
5918.5 13
5919.5 20
5920.5 30
5921.5 40
5922.5 18
5923.5 18
5924.5 30
5925.5 21
5926.5 7
5927.5 23
5928.5 18
5929.5 28
5930.5 18
5931.5 26
5932.5 21
5933.5 27
5934.5 17
5935.5 23
5936.5 24
5937.5 22
5938.5 7
5939.5 25
5940.5 28
5941.5 10
5942.5 26
5943.5 25
5944.5 23
5945.5 24
5946.5 25
5947.5 21
5948.5 25
5949.5 21
5950.5 25
5951.5 21
5952.5 13
5953.5 10
5954.5 24
5955.5 21
5956.5 15
5957.5 30
5958.5 37
5959.5 11
5960.5 9
5961.5 14
5962.5 2
5963.5 16
5964.5 10
5965.5 21
5966.5 17
5967.5 6
5968.5 22
5969.5 7
5970.5 11
5971.5 15
5972.5 18
5973.5 19
5974.5 17
5975.5 17
5976.5 31
5977.5 15
5978.5 21
5979.5 15
5980.5 35
5981.5 15
5982.5 20
5983.5 21
5984.5 32
5985.5 29
5986.5 21
5987.5 23
5988.5 22
5989.5 33
5990.5 42
5991.5 81
5992.5 104
5993.5 173
5994.5 325
5995.5 504
5996.5 786
5997.5 1257
5998.5 1696
5999.5 2280
6000.5 2597
6001.5 2470
6002.5 1877
6003.5 1068
6004.5 546
6005.5 255
6006.5 126
6007.5 74
6008.5 51
6009.5 42
6010.5 28
6011.5 16
6012.5 13
6013.5 13
6014.5 8
6015.5 2
6016.5 9
6017.5 -6
6018.5 -3
6019.5 6
6020.5 2
6021.5 2
6022.5 12
6023.5 -11
6024.5 11
6025.5 5
6026.5 10
6027.5 10
6028.5 1
6029.5 -5
6030.5 7
6031.5 14
6032.5 24
6033.5 6
6034.5 -10
6035.5 -1
6036.5 7
6037.5 2
6038.5 10
6039.5 5
6040.5 13
6041.5 1
6042.5 11
6043.5 2
6044.5 -2
6045.5 12
6046.5 -3
6047.5 2
6048.5 6
6049.5 9
6050.5 3
6051.5 11
6052.5 12
6053.5 18
6054.5 10
6055.5 27
6056.5 21
6057.5 17
6058.5 6
6059.5 -7
6060.5 5
6061.5 -1
6062.5 -1
6063.5 -4
6064.5 -3
6065.5 -7
6066.5 1
6067.5 7
6068.5 11
6069.5 18
6070.5 17
6071.5 -1
6072.5 3
6073.5 1
6074.5 -2
6075.5 18
6076.5 6
6077.5 2
6078.5 11
6079.5 4
6080.5 7
6081.5 8
6082.5 1
6083.5 7
6084.5 1
6085.5 5
6086.5 -4
6087.5 6
6088.5 8
6089.5 -5
6090.5 20
6091.5 -1
6092.5 1
6093.5 0
6094.5 -2
6095.5 18
6096.5 6
6097.5 3
6098.5 9
6099.5 5
6100.5 10
6101.5 0
6102.5 7
6103.5 6
6104.5 15
6105.5 -1
6106.5 13
6107.5 -2
6108.5 2
6109.5 16
6110.5 19
6111.5 21
6112.5 -1
6113.5 2
6114.5 -9
6115.5 12
6116.5 20
6117.5 -7
6118.5 -9
6119.5 -1
6120.5 -1
6121.5 -3
6122.5 19
6123.5 24
6124.5 4
6125.5 14
6126.5 11
6127.5 5
6128.5 -6
6129.5 1
6130.5 6
6131.5 -1
6132.5 0
6133.5 7
6134.5 8
6135.5 2
6136.5 -3
6137.5 26
6138.5 2
6139.5 -6
6140.5 1
6141.5 7
6142.5 13
6143.5 7
6144.5 6
6145.5 3
6146.5 12
6147.5 6
6148.5 -6
6149.5 -3
6150.5 13
6151.5 -2
6152.5 10
6153.5 -2
6154.5 -6
6155.5 4
6156.5 6
6157.5 9
6158.5 3
6159.5 0
6160.5 8
6161.5 12
6162.5 13
6163.5 9
6164.5 2
6165.5 4
6166.5 7
6167.5 6
6168.5 0
6169.5 2
6170.5 6
6171.5 -1
6172.5 1
6173.5 8
6174.5 -13
6175.5 -4
6176.5 1
6177.5 10
6178.5 8
6179.5 -5
6180.5 2
6181.5 -11
6182.5 1
6183.5 0
6184.5 8
6185.5 -6
6186.5 4
6187.5 11
6188.5 -12
6189.5 10
6190.5 5
6191.5 -7
6192.5 3
6193.5 -6
6194.5 1
6195.5 9
6196.5 2
6197.5 10
6198.5 11
6199.5 -2
6200.5 -5
6201.5 0
6202.5 1
6203.5 -6
6204.5 14
6205.5 2
6206.5 -2
6207.5 3
6208.5 -3
6209.5 4
6210.5 -1
6211.5 9
6212.5 -6
6213.5 5
6214.5 2
6215.5 9
6216.5 -2
6217.5 4
6218.5 -2
6219.5 16
6220.5 -10
6221.5 7
6222.5 8
6223.5 12
6224.5 9
6225.5 7
6226.5 3
6227.5 6
6228.5 7
6229.5 0
6230.5 -2
6231.5 -5
6232.5 9
6233.5 2
6234.5 4
6235.5 6
6236.5 3
6237.5 0
6238.5 9
6239.5 -7
6240.5 -8
6241.5 0
6242.5 -7
6243.5 9
6244.5 4
6245.5 7
6246.5 15
6247.5 9
6248.5 7
6249.5 1
6250.5 -8
6251.5 11
6252.5 -1
6253.5 9
6254.5 5
6255.5 6
6256.5 2
6257.5 12
6258.5 -2
6259.5 1
6260.5 5
6261.5 24
6262.5 13
6263.5 3
6264.5 3
6265.5 11
6266.5 -2
6267.5 8
6268.5 -9
6269.5 9
6270.5 -2
6271.5 -1
6272.5 -2
6273.5 0
6274.5 -3
6275.5 -1
6276.5 1
6277.5 0
6278.5 1
6279.5 -3
6280.5 6
6281.5 -7
6282.5 4
6283.5 2
6284.5 8
6285.5 0
6286.5 0
6287.5 3
6288.5 1
6289.5 9
6290.5 -6
6291.5 1
6292.5 4
6293.5 -5
6294.5 -3
6295.5 -3
6296.5 6
6297.5 1
6298.5 -2
6299.5 -4
6300.5 4
6301.5 -7
6302.5 4
6303.5 5
6304.5 -4
6305.5 -2
6306.5 4
6307.5 -6
6308.5 -1
6309.5 -6
6310.5 12
6311.5 1
6312.5 -1
6313.5 6
6314.5 -4
6315.5 16
6316.5 13
6317.5 0
6318.5 3
6319.5 -2
6320.5 -4
6321.5 16
6322.5 -5
6323.5 -13
6324.5 2
6325.5 22
6326.5 3
6327.5 18
6328.5 -15
6329.5 3
6330.5 3
6331.5 4
6332.5 -8
6333.5 13
6334.5 5
6335.5 -2
6336.5 9
6337.5 -6
6338.5 -8
6339.5 10
6340.5 -1
6341.5 8
6342.5 4
6343.5 -4
6344.5 3
6345.5 8
6346.5 -3
6347.5 13
6348.5 4
6349.5 -1
6350.5 5
6351.5 -6
6352.5 15
6353.5 8
6354.5 7
6355.5 1
6356.5 1
6357.5 6
6358.5 -2
6359.5 3
6360.5 2
6361.5 5
6362.5 11
6363.5 5
6364.5 2
6365.5 -4
6366.5 -3
6367.5 -4
6368.5 -6
6369.5 -4
6370.5 0
6371.5 5
6372.5 6
6373.5 4
6374.5 5
6375.5 1
6376.5 7
6377.5 3
6378.5 4
6379.5 1
6380.5 -1
6381.5 -5
6382.5 -3
6383.5 -6
6384.5 3
6385.5 -1
6386.5 12
6387.5 0
6388.5 1
6389.5 1
6390.5 6
6391.5 5
6392.5 2
6393.5 1
6394.5 7
6395.5 -12
6396.5 0
6397.5 7
6398.5 -1
6399.5 -4
6400.5 -1
6401.5 -1
6402.5 1
6403.5 3
6404.5 8
6405.5 5
6406.5 1
6407.5 4
6408.5 -7
6409.5 13
6410.5 6
6411.5 3
6412.5 -5
6413.5 -4
6414.5 6
6415.5 4
6416.5 6
6417.5 18
6418.5 -9
6419.5 12
6420.5 3
6421.5 9
6422.5 20
6423.5 15
6424.5 0
6425.5 11
6426.5 3
6427.5 -2
6428.5 -4
6429.5 -1
6430.5 0
6431.5 4
6432.5 10
6433.5 -6
6434.5 2
6435.5 -6
6436.5 1
6437.5 -3
6438.5 -6
6439.5 -1
6440.5 3
6441.5 15
6442.5 -7
6443.5 2
6444.5 13
6445.5 11
6446.5 -3
6447.5 -1
6448.5 -6
6449.5 1
6450.5 1
6451.5 1
6452.5 -2
6453.5 1
6454.5 3
6455.5 -2
6456.5 1
6457.5 -2
6458.5 8
6459.5 -2
6460.5 4
6461.5 3
6462.5 1
6463.5 3
6464.5 -2
6465.5 0
6466.5 4
6467.5 -4
6468.5 -2
6469.5 0
6470.5 8
6471.5 7
6472.5 -1
6473.5 4
6474.5 1
6475.5 0
6476.5 -8
6477.5 -11
6478.5 -6
6479.5 -1
6480.5 -10
6481.5 17
6482.5 -4
6483.5 7
6484.5 -9
6485.5 3
6486.5 3
6487.5 -8
6488.5 0
6489.5 0
6490.5 11
6491.5 -3
6492.5 0
6493.5 0
6494.5 3
6495.5 7
6496.5 3
6497.5 -2
6498.5 4
6499.5 -3
6500.5 3
6501.5 -1
6502.5 4
6503.5 4
6504.5 1
6505.5 -1
6506.5 5
6507.5 2
6508.5 6
6509.5 12
6510.5 5
6511.5 -4
6512.5 0
6513.5 5
6514.5 8
6515.5 8
6516.5 -7
6517.5 1
6518.5 4
6519.5 -5
6520.5 1
6521.5 -5
6522.5 6
6523.5 -1
6524.5 3
6525.5 2
6526.5 -6
6527.5 0
6528.5 1
6529.5 0
6530.5 2
6531.5 -3
6532.5 -4
6533.5 -6
6534.5 8
6535.5 1
6536.5 -5
6537.5 0
6538.5 -8
6539.5 -3
6540.5 10
6541.5 -1
6542.5 -8
6543.5 9
6544.5 -3
6545.5 17
6546.5 4
6547.5 12
6548.5 10
6549.5 -8
6550.5 -3
6551.5 2
6552.5 10
6553.5 3
6554.5 3
6555.5 -1
6556.5 0
6557.5 5
6558.5 9
6559.5 10
6560.5 7
6561.5 2
6562.5 8
6563.5 14
6564.5 27
6565.5 8
6566.5 23
6567.5 36
6568.5 17
6569.5 7
6570.5 -3
6571.5 -5
6572.5 6
6573.5 6
6574.5 0
6575.5 -1
6576.5 -8
6577.5 -4
6578.5 8
6579.5 1
6580.5 -5
6581.5 2
6582.5 5
6583.5 3
6584.5 0
6585.5 -2
6586.5 2
6587.5 -1
6588.5 -6
6589.5 6
6590.5 7
6591.5 -1
6592.5 1
6593.5 6
6594.5 2
6595.5 6
6596.5 1
6597.5 1
6598.5 8
6599.5 0
6600.5 0
6601.5 0
6602.5 1
6603.5 1
6604.5 3
6605.5 -4
6606.5 0
6607.5 2
6608.5 4
6609.5 -1
6610.5 8
6611.5 2
6612.5 0
6613.5 11
6614.5 1
6615.5 1
6616.5 -3
6617.5 -3
6618.5 -8
6619.5 -2
6620.5 2
6621.5 14
6622.5 14
6623.5 6
6624.5 0
6625.5 3
6626.5 -3
6627.5 14
6628.5 -2
6629.5 8
6630.5 -10
6631.5 6
6632.5 -2
6633.5 -2
6634.5 2
6635.5 -2
6636.5 2
6637.5 1
6638.5 4
6639.5 0
6640.5 5
6641.5 -1
6642.5 -1
6643.5 6
6644.5 12
6645.5 -4
6646.5 1
6647.5 10
6648.5 2
6649.5 10
6650.5 9
6651.5 6
6652.5 4
6653.5 4
6654.5 -5
6655.5 -5
6656.5 5
6657.5 -2
6658.5 4
6659.5 3
6660.5 4
6661.5 3
6662.5 9
6663.5 -4
6664.5 -3
6665.5 3
6666.5 1
6667.5 1
6668.5 0
6669.5 1
6670.5 -7
6671.5 3
6672.5 4
6673.5 5
6674.5 -2
6675.5 4
6676.5 5
6677.5 4
6678.5 4
6679.5 10
6680.5 -2
6681.5 -3
6682.5 3
6683.5 0
6684.5 2
6685.5 1
6686.5 0
6687.5 -4
6688.5 -1
6689.5 10
6690.5 3
6691.5 4
6692.5 2
6693.5 6
6694.5 11
6695.5 5
6696.5 0
6697.5 3
6698.5 9
6699.5 7
6700.5 -1
6701.5 3
6702.5 10
6703.5 -1
6704.5 -8
6705.5 0
6706.5 2
6707.5 0
6708.5 3
6709.5 6
6710.5 8
6711.5 2
6712.5 -2
6713.5 6
6714.5 -2
6715.5 6
6716.5 1
6717.5 7
6718.5 0
6719.5 -3
6720.5 0
6721.5 0
6722.5 8
6723.5 -1
6724.5 0
6725.5 4
6726.5 -11
6727.5 5
6728.5 1
6729.5 -1
6730.5 0
6731.5 -4
6732.5 2
6733.5 -5
6734.5 2
6735.5 4
6736.5 1
6737.5 -6
6738.5 -7
6739.5 -2
6740.5 -3
6741.5 3
6742.5 5
6743.5 -2
6744.5 0
6745.5 5
6746.5 -1
6747.5 3
6748.5 -2
6749.5 -2
6750.5 4
6751.5 -1
6752.5 1
6753.5 -4
6754.5 0
6755.5 5
6756.5 2
6757.5 3
6758.5 -1
6759.5 6
6760.5 1
6761.5 5
6762.5 -3
6763.5 5
6764.5 6
6765.5 -1
6766.5 2
6767.5 2
6768.5 2
6769.5 -1
6770.5 1
6771.5 9
6772.5 2
6773.5 4
6774.5 8
6775.5 9
6776.5 5
6777.5 -10
6778.5 -9
6779.5 1
6780.5 2
6781.5 0
6782.5 7
6783.5 3
6784.5 12
6785.5 4
6786.5 -1
6787.5 -5
6788.5 5
6789.5 3
6790.5 2
6791.5 0
6792.5 -5
6793.5 5
6794.5 3
6795.5 1
6796.5 2
6797.5 -2
6798.5 -3
6799.5 -4
6800.5 -3
6801.5 9
6802.5 11
6803.5 -1
6804.5 1
6805.5 -2
6806.5 2
6807.5 -2
6808.5 4
6809.5 4
6810.5 3
6811.5 1
6812.5 3
6813.5 -1
6814.5 -2
6815.5 -8
6816.5 -4
6817.5 -1
6818.5 11
6819.5 -1
6820.5 -4
6821.5 4
6822.5 -3
6823.5 -1
6824.5 5
6825.5 3
6826.5 -1
6827.5 -1
6828.5 5
6829.5 3
6830.5 0
6831.5 -1
6832.5 -3
6833.5 1
6834.5 -1
6835.5 4
6836.5 5
6837.5 3
6838.5 -8
6839.5 3
6840.5 3
6841.5 10
6842.5 -12
6843.5 2
6844.5 0
6845.5 1
6846.5 3
6847.5 6
6848.5 2
6849.5 -2
6850.5 -6
6851.5 -3
6852.5 5
6853.5 8
6854.5 3
6855.5 3
6856.5 -4
6857.5 -2
6858.5 3
6859.5 0
6860.5 0
6861.5 -3
6862.5 10
6863.5 1
6864.5 -3
6865.5 0
6866.5 5
6867.5 2
6868.5 -1
6869.5 3
6870.5 2
6871.5 1
6872.5 0
6873.5 3
6874.5 6
6875.5 1
6876.5 3
6877.5 2
6878.5 -1
6879.5 -2
6880.5 -1
6881.5 -5
6882.5 -2
6883.5 -3
6884.5 -1
6885.5 1
6886.5 10
6887.5 3
6888.5 6
6889.5 1
6890.5 7
6891.5 1
6892.5 5
6893.5 -1
6894.5 -5
6895.5 -4
6896.5 1
6897.5 3
6898.5 3
6899.5 0
6900.5 1
6901.5 2
6902.5 1
6903.5 3
6904.5 -1
6905.5 10
6906.5 -20
6907.5 5
6908.5 -5
6909.5 0
6910.5 0
6911.5 -2
6912.5 -1
6913.5 -1
6914.5 -1
6915.5 1
6916.5 1
6917.5 -3
6918.5 -2
6919.5 -6
6920.5 -5
6921.5 3
6922.5 -1
6923.5 2
6924.5 2
6925.5 -6
6926.5 5
6927.5 3
6928.5 -2
6929.5 -5
6930.5 -3
6931.5 -3
6932.5 0
6933.5 -4
6934.5 -4
6935.5 -2
6936.5 -4
6937.5 -8
6938.5 7
6939.5 6
6940.5 0
6941.5 0
6942.5 -1
6943.5 3
6944.5 0
6945.5 2
6946.5 -3
6947.5 3
6948.5 -6
6949.5 2
6950.5 -1
6951.5 2
6952.5 0
6953.5 3
6954.5 7
6955.5 -4
6956.5 -5
6957.5 0
6958.5 0
6959.5 4
6960.5 -2
6961.5 -2
6962.5 5
6963.5 -2
6964.5 -5
6965.5 2
6966.5 0
6967.5 6
6968.5 -1
6969.5 5
6970.5 -1
6971.5 -4
6972.5 4
6973.5 0
6974.5 -6
6975.5 -4
6976.5 -2
6977.5 0
6978.5 -3
6979.5 2
6980.5 6
6981.5 0
6982.5 -4
6983.5 -8
6984.5 -1
6985.5 -2
6986.5 1
6987.5 2
6988.5 3
6989.5 1
6990.5 -4
6991.5 3
6992.5 1
6993.5 0
6994.5 -2
6995.5 -6
6996.5 -4
6997.5 0
6998.5 3
6999.5 3
7000.5 2
7001.5 -3
7002.5 -3
7003.5 3
7004.5 -7
7005.5 -3
7006.5 -5
7007.5 5
7008.5 0
7009.5 -2
7010.5 4
7011.5 2
7012.5 -3
7013.5 0
7014.5 3
7015.5 6
7016.5 1
7017.5 2
7018.5 4
7019.5 0
7020.5 0
7021.5 3
7022.5 2
7023.5 2
7024.5 3
7025.5 -2
7026.5 2
7027.5 2
7028.5 -2
7029.5 3
7030.5 5
7031.5 1
7032.5 -3
7033.5 2
7034.5 2
7035.5 6
7036.5 3
7037.5 3
7038.5 6
7039.5 3
7040.5 -1
7041.5 -2
7042.5 8
7043.5 0
7044.5 -3
7045.5 1
7046.5 -3
7047.5 3
7048.5 0
7049.5 1
7050.5 0
7051.5 0
7052.5 0
7053.5 -2
7054.5 -2
7055.5 0
7056.5 3
7057.5 -1
7058.5 0
7059.5 -1
7060.5 -4
7061.5 -7
7062.5 5
7063.5 -2
7064.5 2
7065.5 -2
7066.5 0
7067.5 9
7068.5 3
7069.5 7
7070.5 7
7071.5 10
7072.5 2
7073.5 4
7074.5 7
7075.5 2
7076.5 10
7077.5 3
7078.5 5
7079.5 4
7080.5 -3
7081.5 -2
7082.5 -5
7083.5 1
7084.5 -1
7085.5 4
7086.5 -7
7087.5 6
7088.5 4
7089.5 -5
7090.5 1
7091.5 5
7092.5 -3
7093.5 1
7094.5 1
7095.5 -1
7096.5 1
7097.5 1
7098.5 0
7099.5 0
7100.5 1
7101.5 10
7102.5 1
7103.5 -1
7104.5 3
7105.5 -6
7106.5 -6
7107.5 -1
7108.5 2
7109.5 1
7110.5 1
7111.5 1
7112.5 1
7113.5 4
7114.5 -2
7115.5 4
7116.5 -5
7117.5 6
7118.5 7
7119.5 -1
7120.5 1
7121.5 4
7122.5 4
7123.5 1
7124.5 4
7125.5 11
7126.5 3
7127.5 4
7128.5 7
7129.5 -1
7130.5 3
7131.5 1
7132.5 -3
7133.5 -2
7134.5 -3
7135.5 0
7136.5 -2
7137.5 3
7138.5 -2
7139.5 -2
7140.5 -3
7141.5 1
7142.5 -1
7143.5 1
7144.5 -1
7145.5 0
7146.5 3
7147.5 1
7148.5 4
7149.5 1
7150.5 -4
7151.5 0
7152.5 2
7153.5 1
7154.5 7
7155.5 9
7156.5 2
7157.5 6
7158.5 7
7159.5 6
7160.5 -6
7161.5 -2
7162.5 3
7163.5 3
7164.5 0
7165.5 0
7166.5 -2
7167.5 -1
7168.5 4
7169.5 -2
7170.5 3
7171.5 7
7172.5 1
7173.5 3
7174.5 -1
7175.5 -1
7176.5 -2
7177.5 -2
7178.5 -2
7179.5 2
7180.5 -3
7181.5 -1
7182.5 0
7183.5 -1
7184.5 -4
7185.5 -2
7186.5 0
7187.5 3
7188.5 -1
7189.5 -3
7190.5 0
7191.5 1
7192.5 -5
7193.5 -1
7194.5 1
7195.5 -3
7196.5 7
7197.5 -5
7198.5 -2
7199.5 0
7200.5 4
7201.5 -2
7202.5 2
7203.5 3
7204.5 0
7205.5 7
7206.5 5
7207.5 2
7208.5 -12
7209.5 2
7210.5 0
7211.5 2
7212.5 2
7213.5 -3
7214.5 -1
7215.5 1
7216.5 0
7217.5 4
7218.5 5
7219.5 -6
7220.5 3
7221.5 1
7222.5 2
7223.5 4
7224.5 1
7225.5 4
7226.5 -1
7227.5 -1
7228.5 -4
7229.5 3
7230.5 -2
7231.5 2
7232.5 4
7233.5 -2
7234.5 3
7235.5 -5
7236.5 0
7237.5 0
7238.5 1
7239.5 1
7240.5 -4
7241.5 4
7242.5 -2
7243.5 5
7244.5 3
7245.5 -2
7246.5 4
7247.5 -3
7248.5 1
7249.5 1
7250.5 -4
7251.5 2
7252.5 -2
7253.5 -1
7254.5 7
7255.5 0
7256.5 1
7257.5 8
7258.5 -4
7259.5 -1
7260.5 -1
7261.5 17
7262.5 4
7263.5 -2
7264.5 10
7265.5 10
7266.5 9
7267.5 -2
7268.5 2
7269.5 0
7270.5 2
7271.5 -3
7272.5 1
7273.5 1
7274.5 4
7275.5 1
7276.5 3
7277.5 2
7278.5 -1
7279.5 2
7280.5 -2
7281.5 4
7282.5 -3
7283.5 0
7284.5 1
7285.5 -1
7286.5 -2
7287.5 2
7288.5 0
7289.5 4
7290.5 2
7291.5 -3
7292.5 -2
7293.5 0
7294.5 -2
7295.5 0
7296.5 -1
7297.5 2
7298.5 1
7299.5 0
7300.5 2
7301.5 3
7302.5 5
7303.5 0
7304.5 -1
7305.5 4
7306.5 4
7307.5 1
7308.5 4
7309.5 3
7310.5 1
7311.5 3
7312.5 0
7313.5 -3
7314.5 0
7315.5 -1
7316.5 -14
7317.5 1
7318.5 4
7319.5 -3
7320.5 6
7321.5 -10
7322.5 0
7323.5 2
7324.5 4
7325.5 -1
7326.5 -2
7327.5 -1
7328.5 -4
7329.5 0
7330.5 0
7331.5 2
7332.5 5
7333.5 -4
7334.5 3
7335.5 3
7336.5 0
7337.5 -1
7338.5 0
7339.5 0
7340.5 -2
7341.5 0
7342.5 0
7343.5 -1
7344.5 0
7345.5 1
7346.5 -1
7347.5 0
7348.5 1
7349.5 7
7350.5 -1
7351.5 -4
7352.5 -2
7353.5 2
7354.5 1
7355.5 12
7356.5 7
7357.5 1
7358.5 4
7359.5 1
7360.5 1
7361.5 8
7362.5 -2
7363.5 1
7364.5 1
7365.5 2
7366.5 -4
7367.5 -1
7368.5 -4
7369.5 3
7370.5 1
7371.5 -2
7372.5 1
7373.5 0
7374.5 1
7375.5 -1
7376.5 1
7377.5 -1
7378.5 0
7379.5 -3
7380.5 -2
7381.5 -1
7382.5 4
7383.5 -1
7384.5 1
7385.5 3
7386.5 2
7387.5 3
7388.5 -1
7389.5 2
7390.5 -1
7391.5 -4
7392.5 5
7393.5 -6
7394.5 -2
7395.5 -3
7396.5 4
7397.5 3
7398.5 3
7399.5 -2
7400.5 1
7401.5 1
7402.5 -1
7403.5 -2
7404.5 3
7405.5 0
7406.5 -1
7407.5 6
7408.5 3
7409.5 -2
7410.5 2
7411.5 -1
7412.5 -4
7413.5 2
7414.5 0
7415.5 -6
7416.5 0
7417.5 3
7418.5 -2
7419.5 2
7420.5 0
7421.5 -4
7422.5 -3
7423.5 -3
7424.5 -1
7425.5 -1
7426.5 0
7427.5 -6
7428.5 -3
7429.5 -2
7430.5 -1
7431.5 -1
7432.5 0
7433.5 -1
7434.5 1
7435.5 1
7436.5 1
7437.5 -1
7438.5 3
7439.5 -2
7440.5 5
7441.5 3
7442.5 -3
7443.5 -2
7444.5 4
7445.5 1
7446.5 -1
7447.5 -5
7448.5 -1
7449.5 2
7450.5 8
7451.5 0
7452.5 4
7453.5 2
7454.5 -7
7455.5 2
7456.5 4
7457.5 0
7458.5 2
7459.5 -2
7460.5 -3
7461.5 0
7462.5 -1
7463.5 -3
7464.5 0
7465.5 3
7466.5 5
7467.5 1
7468.5 5
7469.5 -1
7470.5 -1
7471.5 6
7472.5 4
7473.5 5
7474.5 4
7475.5 -1
7476.5 2
7477.5 -2
7478.5 -1
7479.5 -1
7480.5 0
7481.5 3
7482.5 2
7483.5 -1
7484.5 -4
7485.5 -1
7486.5 2
7487.5 7
7488.5 1
7489.5 -1
7490.5 1
7491.5 1
7492.5 -3
7493.5 2
7494.5 2
7495.5 -1
7496.5 0
7497.5 3
7498.5 0
7499.5 4
7500.5 -3
7501.5 5
7502.5 3
7503.5 -1
7504.5 0
7505.5 -3
7506.5 2
7507.5 3
7508.5 -4
7509.5 3
7510.5 4
7511.5 0
7512.5 -1
7513.5 4
7514.5 0
7515.5 7
7516.5 0
7517.5 -1
7518.5 1
7519.5 -1
7520.5 0
7521.5 0
7522.5 -2
7523.5 3
7524.5 -2
7525.5 -1
7526.5 0
7527.5 -3
7528.5 4
7529.5 3
7530.5 0
7531.5 -1
7532.5 0
7533.5 2
7534.5 4
7535.5 4
7536.5 -2
7537.5 -2
7538.5 -3
7539.5 1
7540.5 3
7541.5 2
7542.5 0
7543.5 0
7544.5 4
7545.5 -2
7546.5 4
7547.5 1
7548.5 1
7549.5 3
7550.5 -1
7551.5 4
7552.5 3
7553.5 0
7554.5 0
7555.5 -3
7556.5 2
7557.5 -3
7558.5 1
7559.5 7
7560.5 0
7561.5 -5
7562.5 1
7563.5 -1
7564.5 -2
7565.5 2
7566.5 -4
7567.5 -1
7568.5 6
7569.5 3
7570.5 4
7571.5 -5
7572.5 -4
7573.5 -1
7574.5 10
7575.5 -3
7576.5 7
7577.5 3
7578.5 0
7579.5 3
7580.5 -3
7581.5 5
7582.5 1
7583.5 2
7584.5 1
7585.5 0
7586.5 -3
7587.5 3
7588.5 1
7589.5 -2
7590.5 2
7591.5 3
7592.5 -1
7593.5 0
7594.5 4
7595.5 3
7596.5 0
7597.5 -1
7598.5 0
7599.5 5
7600.5 3
7601.5 1
7602.5 -1
7603.5 2
7604.5 0
7605.5 -1
7606.5 1
7607.5 -1
7608.5 3
7609.5 0
7610.5 2
7611.5 -1
7612.5 0
7613.5 -3
7614.5 -1
7615.5 0
7616.5 -2
7617.5 2
7618.5 3
7619.5 1
7620.5 0
7621.5 -1
7622.5 1
7623.5 -3
7624.5 0
7625.5 0
7626.5 -3
7627.5 1
7628.5 -3
7629.5 -1
7630.5 -2
7631.5 1
7632.5 -1
7633.5 2
7634.5 -2
7635.5 -1
7636.5 -2
7637.5 0
7638.5 5
7639.5 3
7640.5 1
7641.5 -2
7642.5 2
7643.5 0
7644.5 0
7645.5 -3
7646.5 0
7647.5 1
7648.5 -2
7649.5 4
7650.5 3
7651.5 0
7652.5 -1
7653.5 1
7654.5 1
7655.5 -1
7656.5 -2
7657.5 0
7658.5 0
7659.5 0
7660.5 -4
7661.5 2
7662.5 -1
7663.5 -1
7664.5 -1
7665.5 2
7666.5 -1
7667.5 2
7668.5 1
7669.5 0
7670.5 0
7671.5 -2
7672.5 0
7673.5 3
7674.5 -3
7675.5 -1
7676.5 4
7677.5 5
7678.5 -4
7679.5 -1
7680.5 -1
7681.5 0
7682.5 -1
7683.5 -1
7684.5 1
7685.5 -1
7686.5 -4
7687.5 3
7688.5 -1
7689.5 1
7690.5 2
7691.5 -3
7692.5 0
7693.5 0
7694.5 1
7695.5 1
7696.5 0
7697.5 4
7698.5 -2
7699.5 0
7700.5 0
7701.5 0
7702.5 -2
7703.5 1
7704.5 -3
7705.5 -2
7706.5 -3
7707.5 -1
7708.5 1
7709.5 -2
7710.5 1
7711.5 0
7712.5 -2
7713.5 0
7714.5 -2
7715.5 -2
7716.5 -2
7717.5 2
7718.5 4
7719.5 0
7720.5 -2
7721.5 -1
7722.5 1
7723.5 6
7724.5 6
7725.5 2
7726.5 -1
7727.5 -4
7728.5 2
7729.5 -1
7730.5 3
7731.5 2
7732.5 0
7733.5 -2
7734.5 -2
7735.5 -2
7736.5 3
7737.5 -4
7738.5 0
7739.5 1
7740.5 1
7741.5 -1
7742.5 -3
7743.5 -1
7744.5 1
7745.5 1
7746.5 2
7747.5 4
7748.5 -1
7749.5 0
7750.5 3
7751.5 1
7752.5 -2
7753.5 3
7754.5 -5
7755.5 4
7756.5 -1
7757.5 0
7758.5 -3
7759.5 0
7760.5 -1
7761.5 -3
7762.5 2
7763.5 0
7764.5 -5
7765.5 -3
7766.5 7
7767.5 -3
7768.5 1
7769.5 -3
7770.5 -6
7771.5 -9
7772.5 2
7773.5 12
7774.5 7
7775.5 -4
7776.5 3
7777.5 -2
7778.5 3
7779.5 2
7780.5 -1
7781.5 1
7782.5 -2
7783.5 0
7784.5 0
7785.5 1
7786.5 3
7787.5 0
7788.5 0
7789.5 2
7790.5 -2
7791.5 1
7792.5 -2
7793.5 2
7794.5 2
7795.5 3
7796.5 1
7797.5 -1
7798.5 0
7799.5 -1
7800.5 -1
7801.5 -5
7802.5 1
7803.5 -1
7804.5 -2
7805.5 -1
7806.5 1
7807.5 1
7808.5 1
7809.5 3
7810.5 -3
7811.5 0
7812.5 -2
7813.5 0
7814.5 -3
7815.5 -3
7816.5 -1
7817.5 -1
7818.5 1
7819.5 -3
7820.5 -2
7821.5 -10
7822.5 0
7823.5 5
7824.5 -6
7825.5 2
7826.5 -4
7827.5 -5
7828.5 3
7829.5 3
7830.5 10
7831.5 7
7832.5 -7
7833.5 4
7834.5 6
7835.5 1
7836.5 -2
7837.5 1
7838.5 -3
7839.5 -1
7840.5 -4
7841.5 1
7842.5 0
7843.5 0
7844.5 -3
7845.5 2
7846.5 -1
7847.5 1
7848.5 1
7849.5 -3
7850.5 1
7851.5 0
7852.5 -1
7853.5 2
7854.5 -2
7855.5 -1
7856.5 1
7857.5 1
7858.5 0
7859.5 -1
7860.5 0
7861.5 2
7862.5 0
7863.5 -2
7864.5 1
7865.5 0
7866.5 1
7867.5 0
7868.5 -1
7869.5 3
7870.5 0
7871.5 -1
7872.5 1
7873.5 1
7874.5 1
7875.5 1
7876.5 0
7877.5 0
7878.5 1
7879.5 0
7880.5 -2
7881.5 -3
7882.5 -3
7883.5 0
7884.5 -1
7885.5 2
7886.5 0
7887.5 0
7888.5 -3
7889.5 -2
7890.5 1
7891.5 -1
7892.5 0
7893.5 3
7894.5 0
7895.5 1
7896.5 1
7897.5 1
7898.5 0
7899.5 0
7900.5 1
7901.5 -2
7902.5 0
7903.5 1
7904.5 1
7905.5 0
7906.5 2
7907.5 0
7908.5 0
7909.5 1
7910.5 0
7911.5 0
7912.5 0
7913.5 -4
7914.5 -3
7915.5 -1
7916.5 -2
7917.5 1
7918.5 -2
7919.5 1
7920.5 -1
7921.5 -2
7922.5 0
7923.5 1
7924.5 1
7925.5 -1
7926.5 1
7927.5 -1
7928.5 -2
7929.5 0
7930.5 -1
7931.5 3
7932.5 1
7933.5 1
7934.5 -1
7935.5 0
7936.5 0
7937.5 1
7938.5 -2
7939.5 2
7940.5 -1
7941.5 0
7942.5 -1
7943.5 4
7944.5 1
7945.5 1
7946.5 -1
7947.5 0
7948.5 0
7949.5 0
7950.5 0
7951.5 -1
7952.5 3
7953.5 2
7954.5 -3
7955.5 -1
7956.5 -2
7957.5 0
7958.5 -1
7959.5 0
7960.5 -1
7961.5 2
7962.5 0
7963.5 -3
7964.5 -1
7965.5 -2
7966.5 2
7967.5 2
7968.5 0
7969.5 5
7970.5 0
7971.5 1
7972.5 2
7973.5 -1
7974.5 1
7975.5 -1
7976.5 -2
7977.5 0
7978.5 2
7979.5 1
7980.5 -1
7981.5 -3
7982.5 2
7983.5 -3
7984.5 -2
7985.5 -1
7986.5 1
7987.5 -1
7988.5 2
7989.5 0
7990.5 0
7991.5 0
7992.5 3
7993.5 -2
7994.5 3
7995.5 -2
7996.5 0
7997.5 0
7998.5 0
7999.5 2
8000.5 -1
8001.5 1
8002.5 0
8003.5 0
8004.5 -1
8005.5 0
8006.5 0
8007.5 -1
8008.5 1
8009.5 -3
8010.5 -1
8011.5 1
8012.5 0
8013.5 0
8014.5 1
8015.5 1
8016.5 -1
8017.5 -1
8018.5 -2
8019.5 1
8020.5 0
8021.5 1
8022.5 1
8023.5 -2
8024.5 0
8025.5 1
8026.5 0
8027.5 -1
8028.5 4
8029.5 -2
8030.5 -1
8031.5 0
8032.5 1
8033.5 1
8034.5 0
8035.5 0
8036.5 0
8037.5 0
8038.5 0
8039.5 -1
8040.5 0
8041.5 1
8042.5 2
8043.5 0
8044.5 -2
8045.5 1
8046.5 1
8047.5 0
8048.5 0
8049.5 2
8050.5 1
8051.5 1
8052.5 0
8053.5 0
8054.5 1
8055.5 0
8056.5 0
8057.5 2
8058.5 1
8059.5 1
8060.5 0
8061.5 -1
8062.5 0
8063.5 0
8064.5 0
8065.5 -1
8066.5 -1
8067.5 -1
8068.5 -1
8069.5 0
8070.5 0
8071.5 1
8072.5 1
8073.5 2
8074.5 0
8075.5 -3
8076.5 0
8077.5 -3
8078.5 1
8079.5 0
8080.5 2
8081.5 -2
8082.5 6
8083.5 2
8084.5 -4
8085.5 7
8086.5 3
8087.5 8
8088.5 -2
8089.5 -2
8090.5 -1
8091.5 -1
8092.5 -2
8093.5 1
8094.5 -1
8095.5 2
8096.5 0
8097.5 -1
8098.5 0
8099.5 3
8100.5 2
8101.5 -2
8102.5 1
8103.5 0
8104.5 -1
8105.5 1
8106.5 -3
8107.5 0
8108.5 0
8109.5 0
8110.5 1
8111.5 2
8112.5 1
8113.5 -1
8114.5 1
8115.5 1
8116.5 2
8117.5 1
8118.5 1
8119.5 0
8120.5 1
8121.5 -2
8122.5 0
8123.5 1
8124.5 0
8125.5 2
8126.5 3
8127.5 -2
8128.5 0
8129.5 0
8130.5 1
8131.5 1
8132.5 2
8133.5 1
8134.5 2
8135.5 0
8136.5 1
8137.5 2
8138.5 1
8139.5 0
8140.5 0
8141.5 1
8142.5 -1
8143.5 -1
8144.5 1
8145.5 0
8146.5 0
8147.5 1
8148.5 1
8149.5 0
8150.5 -1
8151.5 0
8152.5 1
8153.5 1
8154.5 -1
8155.5 0
8156.5 -1
8157.5 -2
8158.5 0
8159.5 0
8160.5 2
8161.5 1
8162.5 0
8163.5 1
8164.5 -1
8165.5 1
8166.5 2
8167.5 1
8168.5 0
8169.5 -1
8170.5 -2
8171.5 -1
8172.5 -1
8173.5 1
8174.5 -2
8175.5 2
8176.5 -2
8177.5 1
8178.5 1
8179.5 0
8180.5 1
8181.5 0
8182.5 1
8183.5 2
8184.5 -1
8185.5 1
8186.5 1
8187.5 1
8188.5 -1
8189.5 -1
8190.5 2
8191.5 -1
8192.5 0
8193.5 2
8194.5 0
8195.5 -1
8196.5 1
8197.5 1
8198.5 2
8199.5 0
8200.5 4
8201.5 0
8202.5 1
8203.5 -2
8204.5 1
8205.5 1
8206.5 -1
8207.5 1
8208.5 0
8209.5 1
8210.5 -1
8211.5 -1
8212.5 1
8213.5 1
8214.5 0
8215.5 -1
8216.5 -1
8217.5 0
8218.5 0
8219.5 -1
8220.5 2
8221.5 2
8222.5 0
8223.5 0
8224.5 1
8225.5 0
8226.5 -1
8227.5 0
8228.5 0
8229.5 1
8230.5 1
8231.5 1
8232.5 0
8233.5 -2
8234.5 -2
8235.5 0
8236.5 -1
8237.5 0
8238.5 0
8239.5 0
8240.5 0
8241.5 0
8242.5 0
8243.5 0
8244.5 1
8245.5 -3
8246.5 0
8247.5 1
8248.5 1
8249.5 -1
8250.5 -1
8251.5 0
8252.5 0
8253.5 1
8254.5 -1
8255.5 1
8256.5 0
8257.5 0
8258.5 0
8259.5 -1
8260.5 0
8261.5 -1
8262.5 0
8263.5 0
8264.5 -1
8265.5 -1
8266.5 0
8267.5 -2
8268.5 -1
8269.5 0
8270.5 0
8271.5 0
8272.5 0
8273.5 0
8274.5 1
8275.5 1
8276.5 1
8277.5 0
8278.5 0
8279.5 0
8280.5 0
8281.5 1
8282.5 0
8283.5 0
8284.5 -1
8285.5 1
8286.5 1
8287.5 -1
8288.5 0
8289.5 0
8290.5 0
8291.5 0
8292.5 -1
8293.5 1
8294.5 2
8295.5 0
8296.5 2
8297.5 0
8298.5 0
8299.5 -1
8300.5 0
8301.5 0
8302.5 0
8303.5 0
8304.5 0
8305.5 0
8306.5 0
8307.5 -1
8308.5 -1
8309.5 3
8310.5 -1
8311.5 0
8312.5 -1
8313.5 2
8314.5 0
8315.5 -1
8316.5 1
8317.5 1
8318.5 0
8319.5 0
8320.5 2
8321.5 0
8322.5 -1
8323.5 2
8324.5 0
8325.5 -1
8326.5 2
8327.5 -1
8328.5 0
8329.5 0
8330.5 0
8331.5 0
8332.5 1
8333.5 -1
8334.5 -1
8335.5 0
8336.5 0
8337.5 0
8338.5 -1
8339.5 0
8340.5 1
8341.5 1
8342.5 0
8343.5 0
8344.5 0
8345.5 0
8346.5 0
8347.5 1
8348.5 0
8349.5 0
8350.5 0
8351.5 1
8352.5 0
8353.5 0
8354.5 0
8355.5 0
8356.5 0
8357.5 -1
8358.5 0
8359.5 1
8360.5 1
8361.5 -1
8362.5 0
8363.5 0
8364.5 0
8365.5 0
8366.5 0
8367.5 -1
8368.5 1
8369.5 0
8370.5 0
8371.5 0
8372.5 0
8373.5 0
8374.5 0
8375.5 -1
8376.5 -1
8377.5 0
8378.5 -1
8379.5 0
8380.5 0
8381.5 2
8382.5 0
8383.5 1
8384.5 1
8385.5 0
8386.5 1
8387.5 -2
8388.5 0
8389.5 0
8390.5 -1
8391.5 -1
8392.5 0
8393.5 -1
8394.5 0
8395.5 2
8396.5 0
8397.5 0
8398.5 0
8399.5 0
8400.5 0
8401.5 -1
8402.5 0
8403.5 0
8404.5 0
8405.5 1
8406.5 -1
8407.5 0
8408.5 0
8409.5 -1
8410.5 0
8411.5 0
8412.5 0
8413.5 0
8414.5 0
8415.5 1
8416.5 -1
8417.5 0
8418.5 0
8419.5 -1
8420.5 0
8421.5 2
8422.5 2
8423.5 -1
8424.5 0
8425.5 -1
8426.5 0
8427.5 0
8428.5 0
8429.5 1
8430.5 0
8431.5 0
8432.5 0
8433.5 -1
8434.5 -2
8435.5 0
8436.5 1
8437.5 1
8438.5 -1
8439.5 0
8440.5 -1
8441.5 0
8442.5 0
8443.5 1
8444.5 0
8445.5 0
8446.5 0
8447.5 0
8448.5 0
8449.5 0
8450.5 0
8451.5 0
8452.5 0
8453.5 -2
8454.5 0
8455.5 0
8456.5 0
8457.5 0
8458.5 0
8459.5 1
8460.5 0
8461.5 2
8462.5 0
8463.5 0
8464.5 0
8465.5 1
8466.5 0
8467.5 0
8468.5 0
8469.5 0
8470.5 -1
8471.5 2
8472.5 0
8473.5 -1
8474.5 0
8475.5 2
8476.5 -1
8477.5 0
8478.5 0
8479.5 0
8480.5 1
8481.5 0
8482.5 0
8483.5 0
8484.5 1
8485.5 -1
8486.5 0
8487.5 0
8488.5 0
8489.5 0
8490.5 -1
8491.5 0
8492.5 1
8493.5 0
8494.5 0
8495.5 -1
8496.5 -2
8497.5 0
8498.5 0
8499.5 0
8500.5 0
8501.5 0
8502.5 0
8503.5 1
8504.5 1
8505.5 1
8506.5 0
8507.5 1
8508.5 0
8509.5 0
8510.5 0
8511.5 0
8512.5 -1
8513.5 0
8514.5 1
8515.5 0
8516.5 0
8517.5 0
8518.5 2
8519.5 0
8520.5 0
8521.5 0
8522.5 -1
8523.5 0
8524.5 0
8525.5 0
8526.5 0
8527.5 0
8528.5 0
8529.5 0
8530.5 0
8531.5 0
8532.5 0
8533.5 0
8534.5 0
8535.5 0
8536.5 0
8537.5 1
8538.5 0
8539.5 0
8540.5 0
8541.5 1
8542.5 0
8543.5 1
8544.5 0
8545.5 0
8546.5 1
8547.5 1
8548.5 -1
8549.5 0
8550.5 0
8551.5 1
8552.5 1
8553.5 1
8554.5 0
8555.5 1
8556.5 0
8557.5 0
8558.5 1
8559.5 -1
8560.5 0
8561.5 1
8562.5 0
8563.5 0
8564.5 2
8565.5 -2
8566.5 0
8567.5 1
8568.5 0
8569.5 0
8570.5 1
8571.5 -1
8572.5 0
8573.5 1
8574.5 -2
8575.5 1
8576.5 1
8577.5 0
8578.5 2
8579.5 0
8580.5 0
8581.5 0
8582.5 -1
8583.5 2
8584.5 2
8585.5 0
8586.5 0
8587.5 -1
8588.5 0
8589.5 1
8590.5 0
8591.5 0
8592.5 1
8593.5 0
8594.5 0
8595.5 0
8596.5 0
8597.5 0
8598.5 -2
8599.5 0
8600.5 0
8601.5 0
8602.5 0
8603.5 1
8604.5 0
8605.5 0
8606.5 0
8607.5 0
8608.5 0
8609.5 1
8610.5 1
8611.5 0
8612.5 0
8613.5 0
8614.5 0
8615.5 -2
8616.5 0
8617.5 0
8618.5 0
8619.5 -1
8620.5 0
8621.5 0
8622.5 0
8623.5 1
8624.5 1
8625.5 -1
8626.5 1
8627.5 -1
8628.5 0
8629.5 0
8630.5 0
8631.5 1
8632.5 -1
8633.5 0
8634.5 0
8635.5 -1
8636.5 1
8637.5 0
8638.5 -1
8639.5 -1
8640.5 2
8641.5 0
8642.5 -1
8643.5 0
8644.5 0
8645.5 0
8646.5 0
8647.5 -1
8648.5 0
8649.5 -1
8650.5 0
8651.5 0
8652.5 1
8653.5 0
8654.5 0
8655.5 -2
8656.5 0
8657.5 -1
8658.5 -1
8659.5 1
8660.5 -1
8661.5 1
8662.5 0
8663.5 0
8664.5 0
8665.5 0
8666.5 0
8667.5 -1
8668.5 0
8669.5 1
8670.5 2
8671.5 -2
8672.5 -1
8673.5 0
8674.5 0
8675.5 0
8676.5 0
8677.5 -1
8678.5 1
8679.5 0
8680.5 1
8681.5 0
8682.5 0
8683.5 0
8684.5 0
8685.5 0
8686.5 0
8687.5 1
8688.5 1
8689.5 0
8690.5 0
8691.5 0
8692.5 0
8693.5 1
8694.5 0
8695.5 1
8696.5 0
8697.5 -1
8698.5 0
8699.5 0
8700.5 0
8701.5 0
8702.5 0
8703.5 0
8704.5 0
8705.5 -3
8706.5 -1
8707.5 0
8708.5 -2
8709.5 0
8710.5 0
8711.5 0
8712.5 1
8713.5 0
8714.5 1
8715.5 0
8716.5 -1
8717.5 0
8718.5 0
8719.5 0
8720.5 0
8721.5 0
8722.5 0
8723.5 0
8724.5 0
8725.5 0
8726.5 0
8727.5 1
8728.5 -1
8729.5 1
8730.5 0
8731.5 1
8732.5 0
8733.5 -1
8734.5 -1
8735.5 0
8736.5 -1
8737.5 -2
8738.5 0
8739.5 1
8740.5 -1
8741.5 0
8742.5 1
8743.5 0
8744.5 0
8745.5 0
8746.5 1
8747.5 0
8748.5 0
8749.5 0
8750.5 1
8751.5 0
8752.5 0
8753.5 0
8754.5 0
8755.5 0
8756.5 0
8757.5 0
8758.5 0
8759.5 0
8760.5 0
8761.5 0
8762.5 0
8763.5 -1
8764.5 0
8765.5 -1
8766.5 -1
8767.5 0
8768.5 0
8769.5 0
8770.5 0
8771.5 0
8772.5 1
8773.5 0
8774.5 -1
8775.5 0
8776.5 0
8777.5 0
8778.5 0
8779.5 0
8780.5 1
8781.5 0
8782.5 0
8783.5 0
8784.5 -1
8785.5 -2
8786.5 0
8787.5 1
8788.5 1
8789.5 -1
8790.5 0
8791.5 0
8792.5 0
8793.5 0
8794.5 0
8795.5 0
8796.5 0
8797.5 0
8798.5 1
8799.5 0
8800.5 1
8801.5 0
8802.5 0
8803.5 1
8804.5 1
8805.5 0
8806.5 0
8807.5 0
8808.5 0
8809.5 0
8810.5 -1
8811.5 2
8812.5 0
8813.5 0
8814.5 0
8815.5 0
8816.5 0
8817.5 -1
8818.5 2
8819.5 -1
8820.5 -1
8821.5 0
8822.5 1
8823.5 0
8824.5 1
8825.5 -1
8826.5 0
8827.5 0
8828.5 -1
8829.5 0
8830.5 0
8831.5 0
8832.5 1
8833.5 0
8834.5 0
8835.5 1
8836.5 -1
8837.5 1
8838.5 0
8839.5 -1
8840.5 1
8841.5 0
8842.5 0
8843.5 0
8844.5 1
8845.5 -2
8846.5 -2
8847.5 0
8848.5 1
8849.5 1
8850.5 1
8851.5 -1
8852.5 0
8853.5 0
8854.5 0
8855.5 -2
8856.5 0
8857.5 1
8858.5 0
8859.5 0
8860.5 0
8861.5 0
8862.5 1
8863.5 1
8864.5 0
8865.5 0
8866.5 0
8867.5 0
8868.5 0
8869.5 -1
8870.5 0
8871.5 0
8872.5 1
8873.5 1
8874.5 0
8875.5 0
8876.5 0
8877.5 0
8878.5 -1
8879.5 0
8880.5 1
8881.5 0
8882.5 1
8883.5 0
8884.5 -1
8885.5 1
8886.5 0
8887.5 0
8888.5 0
8889.5 1
8890.5 0
8891.5 0
8892.5 -1
8893.5 0
8894.5 0
8895.5 0
8896.5 0
8897.5 0
8898.5 0
8899.5 0
8900.5 0
8901.5 0
8902.5 1
8903.5 1
8904.5 -1
8905.5 0
8906.5 0
8907.5 -1
8908.5 0
8909.5 0
8910.5 0
8911.5 0
8912.5 0
8913.5 1
8914.5 -1
8915.5 0
8916.5 -1
8917.5 0
8918.5 1
8919.5 0
8920.5 0
8921.5 0
8922.5 0
8923.5 0
8924.5 0
8925.5 0
8926.5 1
8927.5 0
8928.5 0
8929.5 0
8930.5 0
8931.5 0
8932.5 -1
8933.5 0
8934.5 -1
8935.5 0
8936.5 0
8937.5 0
8938.5 0
8939.5 0
8940.5 0
8941.5 0
8942.5 1
8943.5 0
8944.5 0
8945.5 0
8946.5 0
8947.5 0
8948.5 0
8949.5 0
8950.5 0
8951.5 0
8952.5 1
8953.5 0
8954.5 1
8955.5 -1
8956.5 0
8957.5 0
8958.5 0
8959.5 0
8960.5 -1
8961.5 0
8962.5 1
8963.5 0
8964.5 0
8965.5 0
8966.5 0
8967.5 0
8968.5 0
8969.5 -1
8970.5 0
8971.5 0
8972.5 0
8973.5 0
8974.5 0
8975.5 0
8976.5 -1
8977.5 0
8978.5 1
8979.5 0
8980.5 1
8981.5 1
8982.5 0
8983.5 1
8984.5 -1
8985.5 1
8986.5 0
8987.5 0
8988.5 0
8989.5 1
8990.5 0
8991.5 0
8992.5 0
8993.5 1
8994.5 2
8995.5 -1
8996.5 1
8997.5 0
8998.5 1
8999.5 0
9000.5 2
9001.5 -1
9002.5 1
9003.5 0
9004.5 0
9005.5 0
9006.5 0
9007.5 0
9008.5 -2
9009.5 0
9010.5 0
9011.5 1
9012.5 0
9013.5 0
9014.5 0
9015.5 0
9016.5 0
9017.5 1
9018.5 0
9019.5 0
9020.5 0
9021.5 -1
9022.5 0
9023.5 0
9024.5 0
9025.5 0
9026.5 1
9027.5 1
9028.5 -1
9029.5 0
9030.5 0
9031.5 0
9032.5 -1
9033.5 0
9034.5 0
9035.5 0
9036.5 0
9037.5 0
9038.5 0
9039.5 0
9040.5 0
9041.5 0
9042.5 1
9043.5 0
9044.5 1
9045.5 0
9046.5 0
9047.5 -1
9048.5 0
9049.5 0
9050.5 1
9051.5 0
9052.5 0
9053.5 0
9054.5 0
9055.5 0
9056.5 0
9057.5 0
9058.5 0
9059.5 0
9060.5 0
9061.5 0
9062.5 0
9063.5 -1
9064.5 0
9065.5 0
9066.5 0
9067.5 0
9068.5 -1
9069.5 0
9070.5 0
9071.5 1
9072.5 0
9073.5 0
9074.5 0
9075.5 0
9076.5 0
9077.5 0
9078.5 0
9079.5 0
9080.5 0
9081.5 1
9082.5 0
9083.5 0
9084.5 0
9085.5 0
9086.5 0
9087.5 0
9088.5 1
9089.5 0
9090.5 0
9091.5 -2
9092.5 -1
9093.5 1
9094.5 0
9095.5 0
9096.5 0
9097.5 0
9098.5 -1
9099.5 1
9100.5 -1
9101.5 0
9102.5 0
9103.5 -1
9104.5 -1
9105.5 0
9106.5 0
9107.5 0
9108.5 1
9109.5 -1
9110.5 0
9111.5 0
9112.5 -1
9113.5 0
9114.5 0
9115.5 0
9116.5 -1
9117.5 0
9118.5 -1
9119.5 0
9120.5 0
9121.5 0
9122.5 0
9123.5 2
9124.5 0
9125.5 1
9126.5 0
9127.5 0
9128.5 0
9129.5 -1
9130.5 0
9131.5 -1
9132.5 0
9133.5 0
9134.5 0
9135.5 0
9136.5 1
9137.5 0
9138.5 -1
9139.5 0
9140.5 -1
9141.5 0
9142.5 0
9143.5 -1
9144.5 0
9145.5 0
9146.5 -1
9147.5 1
9148.5 -1
9149.5 -1
9150.5 1
9151.5 -1
9152.5 -1
9153.5 1
9154.5 0
9155.5 0
9156.5 0
9157.5 0
9158.5 0
9159.5 0
9160.5 0
9161.5 0
9162.5 2
9163.5 0
9164.5 0
9165.5 0
9166.5 0
9167.5 0
9168.5 0
9169.5 0
9170.5 0
9171.5 0
9172.5 2
9173.5 0
9174.5 0
9175.5 0
9176.5 0
9177.5 -1
9178.5 0
9179.5 0
9180.5 0
9181.5 -1
9182.5 0
9183.5 0
9184.5 0
9185.5 0
9186.5 0
9187.5 0
9188.5 0
9189.5 0
9190.5 1
9191.5 0
9192.5 0
9193.5 0
9194.5 0
9195.5 2
9196.5 0
9197.5 0
9198.5 1
9199.5 1
9200.5 0
9201.5 0
9202.5 0
9203.5 -1
9204.5 0
9205.5 1
9206.5 0
9207.5 0
9208.5 1
9209.5 0
9210.5 0
9211.5 -1
9212.5 0
9213.5 1
9214.5 0
9215.5 0
9216.5 0
9217.5 0
9218.5 0
9219.5 0
9220.5 0
9221.5 0
9222.5 0
9223.5 0
9224.5 0
9225.5 1
9226.5 1
9227.5 -1
9228.5 -1
9229.5 1
9230.5 0
9231.5 0
9232.5 0
9233.5 -1
9234.5 0
9235.5 0
9236.5 0
9237.5 1
9238.5 0
9239.5 0
9240.5 0
9241.5 0
9242.5 0
9243.5 0
9244.5 0
9245.5 0
9246.5 1
9247.5 0
9248.5 0
9249.5 0
9250.5 0
9251.5 1
9252.5 0
9253.5 0
9254.5 0
9255.5 0
9256.5 -1
9257.5 0
9258.5 0
9259.5 1
9260.5 0
9261.5 0
9262.5 0
9263.5 0
9264.5 0
9265.5 0
9266.5 0
9267.5 -1
9268.5 0
9269.5 0
9270.5 1
9271.5 1
9272.5 0
9273.5 0
9274.5 1
9275.5 0
9276.5 0
9277.5 0
9278.5 -1
9279.5 1
9280.5 -1
9281.5 0
9282.5 1
9283.5 0
9284.5 0
9285.5 0
9286.5 1
9287.5 1
9288.5 -1
9289.5 0
9290.5 0
9291.5 0
9292.5 0
9293.5 -1
9294.5 0
9295.5 -1
9296.5 0
9297.5 -1
9298.5 1
9299.5 0
9300.5 0
9301.5 0
9302.5 1
9303.5 -1
9304.5 0
9305.5 0
9306.5 2
9307.5 0
9308.5 -1
9309.5 0
9310.5 0
9311.5 0
9312.5 0
9313.5 0
9314.5 1
9315.5 0
9316.5 0
9317.5 0
9318.5 0
9319.5 0
9320.5 1
9321.5 0
9322.5 -2
9323.5 0
9324.5 0
9325.5 0
9326.5 0
9327.5 0
9328.5 0
9329.5 1
9330.5 0
9331.5 1
9332.5 0
9333.5 2
9334.5 0
9335.5 0
9336.5 0
9337.5 0
9338.5 0
9339.5 0
9340.5 0
9341.5 0
9342.5 0
9343.5 0
9344.5 1
9345.5 0
9346.5 0
9347.5 0
9348.5 0
9349.5 0
9350.5 0
9351.5 0
9352.5 -1
9353.5 0
9354.5 0
9355.5 0
9356.5 0
9357.5 0
9358.5 0
9359.5 1
9360.5 1
9361.5 0
9362.5 0
9363.5 0
9364.5 0
9365.5 0
9366.5 0
9367.5 0
9368.5 -1
9369.5 0
9370.5 0
9371.5 1
9372.5 -1
9373.5 0
9374.5 0
9375.5 0
9376.5 0
9377.5 1
9378.5 0
9379.5 -1
9380.5 0
9381.5 0
9382.5 -1
9383.5 0
9384.5 0
9385.5 1
9386.5 0
9387.5 0
9388.5 0
9389.5 0
9390.5 0
9391.5 0
9392.5 0
9393.5 0
9394.5 0
9395.5 1
9396.5 -1
9397.5 0
9398.5 -1
9399.5 0
9400.5 0
9401.5 0
9402.5 0
9403.5 1
9404.5 -1
9405.5 0
9406.5 1
9407.5 -2
9408.5 1
9409.5 0
9410.5 0
9411.5 -1
9412.5 0
9413.5 0
9414.5 0
9415.5 0
9416.5 0
9417.5 0
9418.5 0
9419.5 0
9420.5 0
9421.5 0
9422.5 0
9423.5 0
9424.5 0
9425.5 0
9426.5 0
9427.5 0
9428.5 0
9429.5 0
9430.5 0
9431.5 0
9432.5 0
9433.5 0
9434.5 0
9435.5 0
9436.5 0
9437.5 0
9438.5 0
9439.5 0
9440.5 0
9441.5 -1
9442.5 0
9443.5 0
9444.5 -1
9445.5 0
9446.5 0
9447.5 0
9448.5 0
9449.5 0
9450.5 0
9451.5 0
9452.5 0
9453.5 -1
9454.5 0
9455.5 0
9456.5 0
9457.5 0
9458.5 0
9459.5 0
9460.5 0
9461.5 0
9462.5 0
9463.5 0
9464.5 0
9465.5 -1
9466.5 -1
9467.5 1
9468.5 0
9469.5 0
9470.5 0
9471.5 0
9472.5 0
9473.5 0
9474.5 0
9475.5 1
9476.5 0
9477.5 0
9478.5 0
9479.5 0
9480.5 1
9481.5 1
9482.5 0
9483.5 0
9484.5 0
9485.5 0
9486.5 0
9487.5 0
9488.5 0
9489.5 0
9490.5 1
9491.5 1
9492.5 0
9493.5 0
9494.5 0
9495.5 0
9496.5 0
9497.5 -1
9498.5 0
9499.5 0
9500.5 0
9501.5 1
9502.5 1
9503.5 0
9504.5 0
9505.5 1
9506.5 0
9507.5 0
9508.5 1
9509.5 0
9510.5 0
9511.5 0
9512.5 0
9513.5 0
9514.5 0
9515.5 0
9516.5 0
9517.5 0
9518.5 0
9519.5 0
9520.5 0
9521.5 -1
9522.5 0
9523.5 0
9524.5 0
9525.5 0
9526.5 1
9527.5 0
9528.5 0
9529.5 -1
9530.5 0
9531.5 0
9532.5 2
9533.5 0
9534.5 0
9535.5 0
9536.5 0
9537.5 0
9538.5 0
9539.5 0
9540.5 0
9541.5 1
9542.5 2
9543.5 0
9544.5 1
9545.5 0
9546.5 -1
9547.5 0
9548.5 0
9549.5 0
9550.5 0
9551.5 0
9552.5 0
9553.5 0
9554.5 0
9555.5 0
9556.5 0
9557.5 0
9558.5 0
9559.5 0
9560.5 0
9561.5 0
9562.5 0
9563.5 0
9564.5 0
9565.5 0
9566.5 0
9567.5 0
9568.5 1
9569.5 0
9570.5 0
9571.5 0
9572.5 0
9573.5 0
9574.5 0
9575.5 0
9576.5 0
9577.5 0
9578.5 1
9579.5 0
9580.5 0
9581.5 0
9582.5 0
9583.5 0
9584.5 0
9585.5 0
9586.5 0
9587.5 0
9588.5 0
9589.5 0
9590.5 1
9591.5 0
9592.5 1
9593.5 0
9594.5 0
9595.5 0
9596.5 0
9597.5 0
9598.5 2
9599.5 0
9600.5 0
9601.5 0
9602.5 1
9603.5 0
9604.5 0
9605.5 0
9606.5 0
9607.5 0
9608.5 -1
9609.5 0
9610.5 0
9611.5 0
9612.5 1
9613.5 0
9614.5 0
9615.5 0
9616.5 0
9617.5 0
9618.5 0
9619.5 0
9620.5 0
9621.5 0
9622.5 0
9623.5 0
9624.5 0
9625.5 0
9626.5 0
9627.5 0
9628.5 0
9629.5 0
9630.5 0
9631.5 0
9632.5 0
9633.5 0
9634.5 0
9635.5 0
9636.5 0
9637.5 0
9638.5 0
9639.5 0
9640.5 0
9641.5 0
9642.5 0
9643.5 0
9644.5 0
9645.5 0
9646.5 0
9647.5 0
9648.5 0
9649.5 0
9650.5 -1
9651.5 0
9652.5 0
9653.5 0
9654.5 0
9655.5 0
9656.5 -1
9657.5 0
9658.5 0
9659.5 0
9660.5 1
9661.5 0
9662.5 0
9663.5 1
9664.5 0
9665.5 -1
9666.5 0
9667.5 0
9668.5 0
9669.5 0
9670.5 1
9671.5 0
9672.5 0
9673.5 0
9674.5 0
9675.5 0
9676.5 0
9677.5 0
9678.5 0
9679.5 -1
9680.5 0
9681.5 0
9682.5 0
9683.5 0
9684.5 0
9685.5 0
9686.5 -1
9687.5 0
9688.5 0
9689.5 0
9690.5 0
9691.5 0
9692.5 0
9693.5 0
9694.5 -1
9695.5 0
9696.5 0
9697.5 -1
9698.5 0
9699.5 -1
9700.5 0
9701.5 0
9702.5 0
9703.5 0
9704.5 0
9705.5 0
9706.5 0
9707.5 -1
9708.5 0
9709.5 0
9710.5 0
9711.5 0
9712.5 -1
9713.5 0
9714.5 0
9715.5 0
9716.5 0
9717.5 -1
9718.5 0
9719.5 0
9720.5 0
9721.5 0
9722.5 -1
9723.5 0
9724.5 1
9725.5 0
9726.5 0
9727.5 0
9728.5 0
9729.5 0
9730.5 0
9731.5 0
9732.5 0
9733.5 1
9734.5 0
9735.5 0
9736.5 0
9737.5 0
9738.5 0
9739.5 -1
9740.5 0
9741.5 0
9742.5 1
9743.5 0
9744.5 0
9745.5 0
9746.5 0
9747.5 0
9748.5 1
9749.5 0
9750.5 0
9751.5 0
9752.5 0
9753.5 0
9754.5 0
9755.5 -1
9756.5 0
9757.5 -1
9758.5 0
9759.5 0
9760.5 -1
9761.5 0
9762.5 0
9763.5 0
9764.5 0
9765.5 0
9766.5 1
9767.5 0
9768.5 0
9769.5 0
9770.5 0
9771.5 1
9772.5 0
9773.5 0
9774.5 0
9775.5 -1
9776.5 0
9777.5 0
9778.5 0
9779.5 0
9780.5 0
9781.5 -1
9782.5 0
9783.5 0
9784.5 0
9785.5 0
9786.5 0
9787.5 0
9788.5 0
9789.5 -1
9790.5 0
9791.5 0
9792.5 0
9793.5 0
9794.5 0
9795.5 -1
9796.5 0
9797.5 0
9798.5 0
9799.5 1
9800.5 0
9801.5 0
9802.5 0
9803.5 0
9804.5 0
9805.5 0
9806.5 0
9807.5 0
9808.5 0
9809.5 1
9810.5 0
9811.5 0
9812.5 -1
9813.5 0
9814.5 0
9815.5 0
9816.5 0
9817.5 0
9818.5 0
9819.5 0
9820.5 0
9821.5 0
9822.5 1
9823.5 0
9824.5 0
9825.5 -1
9826.5 0
9827.5 0
9828.5 0
9829.5 1
9830.5 0
9831.5 0
9832.5 0
9833.5 0
9834.5 0
9835.5 0
9836.5 0
9837.5 0
9838.5 0
9839.5 0
9840.5 0
9841.5 0
9842.5 0
9843.5 0
9844.5 0
9845.5 0
9846.5 0
9847.5 1
9848.5 -1
9849.5 0
9850.5 0
9851.5 0
9852.5 0
9853.5 0
9854.5 0
9855.5 0
9856.5 -1
9857.5 0
9858.5 0
9859.5 1
9860.5 0
9861.5 0
9862.5 -1
9863.5 0
9864.5 0
9865.5 0
9866.5 0
9867.5 0
9868.5 0
9869.5 -1
9870.5 0
9871.5 0
9872.5 0
9873.5 0
9874.5 0
9875.5 0
9876.5 1
9877.5 0
9878.5 0
9879.5 0
9880.5 0
9881.5 0
9882.5 1
9883.5 1
9884.5 0
9885.5 0
9886.5 0
9887.5 0
9888.5 0
9889.5 -1
9890.5 0
9891.5 1
9892.5 0
9893.5 0
9894.5 0
9895.5 0
9896.5 0
9897.5 0
9898.5 0
9899.5 0
9900.5 1
9901.5 0
9902.5 0
9903.5 0
9904.5 0
9905.5 0
9906.5 0
9907.5 0
9908.5 0
9909.5 0
9910.5 0
9911.5 -1
9912.5 0
9913.5 0
9914.5 0
9915.5 0
9916.5 1
9917.5 0
9918.5 0
9919.5 0
9920.5 0
9921.5 0
9922.5 0
9923.5 0
9924.5 0
9925.5 1
9926.5 0
9927.5 0
9928.5 0
9929.5 0
9930.5 0
9931.5 0
9932.5 -1
9933.5 0
9934.5 0
9935.5 0
9936.5 0
9937.5 0
9938.5 0
9939.5 0
9940.5 0
9941.5 1
9942.5 0
9943.5 0
9944.5 0
9945.5 0
9946.5 0
9947.5 0
9948.5 0
9949.5 0
9950.5 0
9951.5 0
9952.5 0
9953.5 0
9954.5 0
9955.5 0
9956.5 0
9957.5 0
9958.5 0
9959.5 0
9960.5 0
9961.5 1
9962.5 0
9963.5 0
9964.5 0
9965.5 -1
9966.5 0
9967.5 0
9968.5 1
9969.5 0
9970.5 0
9971.5 0
9972.5 0
9973.5 0
9974.5 0
9975.5 -1
9976.5 1
9977.5 0
9978.5 0
9979.5 0
9980.5 0
9981.5 0
9982.5 0
9983.5 0
9984.5 0
9985.5 0
9986.5 0
9987.5 0
9988.5 0
9989.5 0
9990.5 0
9991.5 0
9992.5 0
9993.5 0
9994.5 0
9995.5 0
9996.5 0
9997.5 0
9998.5 0
9999.5 0
10000.5 0
10001.5 0
10002.5 0
10003.5 0
10004.5 0
10005.5 0
10006.5 0
10007.5 0
10008.5 0
10009.5 0
10010.5 0
10011.5 0
10012.5 0
10013.5 0
10014.5 0
10015.5 0
10016.5 0
10017.5 0
10018.5 0
10019.5 0
10020.5 -1
10021.5 0
10022.5 0
10023.5 0
10024.5 0
10025.5 0
10026.5 0
10027.5 0
10028.5 0
10029.5 0
10030.5 0
10031.5 0
10032.5 0
10033.5 0
10034.5 0
10035.5 0
10036.5 0
10037.5 0
10038.5 0
10039.5 0
10040.5 0
10041.5 0
10042.5 0
10043.5 0
10044.5 0
10045.5 0
10046.5 -1
10047.5 0
10048.5 0
10049.5 0
10050.5 0
10051.5 1
10052.5 0
10053.5 0
10054.5 0
10055.5 0
10056.5 0
10057.5 1
10058.5 0
10059.5 0
10060.5 0
10061.5 0
10062.5 0
10063.5 0
10064.5 0
10065.5 0
10066.5 0
10067.5 0
10068.5 0
10069.5 0
10070.5 0
10071.5 0
10072.5 0
10073.5 0
10074.5 0
10075.5 0
10076.5 0
10077.5 0
10078.5 0
10079.5 0
10080.5 1
10081.5 0
10082.5 0
10083.5 0
10084.5 0
10085.5 0
10086.5 0
10087.5 0
10088.5 0
10089.5 0
10090.5 0
10091.5 0
10092.5 0
10093.5 0
10094.5 0
10095.5 0
10096.5 0
10097.5 0
10098.5 -1
10099.5 0
10100.5 0
10101.5 0
10102.5 0
10103.5 0
10104.5 0
10105.5 0
10106.5 0
10107.5 0
10108.5 -1
10109.5 0
10110.5 0
10111.5 0
10112.5 0
10113.5 0
10114.5 -1
10115.5 0
10116.5 0
10117.5 0
10118.5 0
10119.5 0
10120.5 0
10121.5 0
10122.5 0
10123.5 0
10124.5 0
10125.5 0
10126.5 0
10127.5 0
10128.5 0
10129.5 0
10130.5 0
10131.5 0
10132.5 0
10133.5 0
10134.5 0
10135.5 0
10136.5 0
10137.5 0
10138.5 0
10139.5 0
10140.5 0
10141.5 0
10142.5 0
10143.5 0
10144.5 0
10145.5 0
10146.5 0
10147.5 0
10148.5 0
10149.5 0
10150.5 0
10151.5 0
10152.5 0
10153.5 0
10154.5 0
10155.5 0
10156.5 0
10157.5 0
10158.5 0
10159.5 0
10160.5 0
10161.5 1
10162.5 0
10163.5 0
10164.5 0
10165.5 0
10166.5 0
10167.5 0
10168.5 0
10169.5 0
10170.5 0
10171.5 0
10172.5 0
10173.5 0
10174.5 0
10175.5 0
10176.5 0
10177.5 0
10178.5 0
10179.5 0
10180.5 0
10181.5 0
10182.5 0
10183.5 0
10184.5 0
10185.5 0
10186.5 0
10187.5 0
10188.5 0
10189.5 0
10190.5 0
10191.5 0
10192.5 0
10193.5 0
10194.5 0
10195.5 0
10196.5 0
10197.5 1
10198.5 0
10199.5 0
10200.5 0
10201.5 0
10202.5 0
10203.5 0
10204.5 0
10205.5 0
10206.5 0
10207.5 1
10208.5 0
10209.5 0
10210.5 0
10211.5 0
10212.5 0
10213.5 0
10214.5 0
10215.5 0
10216.5 0
10217.5 0
10218.5 0
10219.5 0
10220.5 0
10221.5 0
10222.5 0
10223.5 0
10224.5 0
10225.5 0
10226.5 0
10227.5 0
10228.5 0
10229.5 0
10230.5 0
10231.5 0
10232.5 0
10233.5 0
10234.5 0
10235.5 0
10236.5 0
10237.5 0
10238.5 0
10239.5 0
10240.5 0
10241.5 0
10242.5 0
10243.5 0
10244.5 0
10245.5 0
10246.5 0
10247.5 0
10248.5 0
10249.5 0
10250.5 0
10251.5 0
10252.5 0
10253.5 0
10254.5 0
10255.5 0
10256.5 0
10257.5 0
10258.5 0
10259.5 0
10260.5 0
10261.5 0
10262.5 0
10263.5 0
10264.5 0
10265.5 0
10266.5 0
10267.5 0
10268.5 0
10269.5 0
10270.5 1
10271.5 0
10272.5 0
10273.5 0
10274.5 0
10275.5 0
10276.5 0
10277.5 0
10278.5 0
10279.5 0
10280.5 0
10281.5 0
10282.5 0
10283.5 0
10284.5 0
10285.5 0
10286.5 0
10287.5 0
10288.5 0
10289.5 0
10290.5 0
10291.5 0
10292.5 0
10293.5 0
10294.5 0
10295.5 0
10296.5 0
10297.5 0
10298.5 0
10299.5 0
10300.5 0
10301.5 0
10302.5 0
10303.5 0
10304.5 0
10305.5 1
10306.5 0
10307.5 0
10308.5 0
10309.5 0
10310.5 0
10311.5 0
10312.5 0
10313.5 0
10314.5 0
10315.5 0
10316.5 0
10317.5 0
10318.5 0
10319.5 0
10320.5 0
10321.5 0
10322.5 0
10323.5 0
10324.5 0
10325.5 0
10326.5 0
10327.5 0
10328.5 0
10329.5 0
10330.5 0
10331.5 0
10332.5 0
10333.5 0
10334.5 0
10335.5 0
10336.5 1
10337.5 0
10338.5 0
10339.5 0
10340.5 0
10341.5 0
10342.5 0
10343.5 0
10344.5 0
10345.5 0
10346.5 0
10347.5 1
10348.5 0
10349.5 0
10350.5 0
10351.5 0
10352.5 0
10353.5 0
10354.5 0
10355.5 0
10356.5 0
10357.5 0
10358.5 0
10359.5 0
10360.5 0
10361.5 0
10362.5 0
10363.5 0
10364.5 0
10365.5 0
10366.5 0
10367.5 0
10368.5 0
10369.5 0
10370.5 0
10371.5 0
10372.5 0
10373.5 0
10374.5 0
10375.5 0
10376.5 0
10377.5 0
10378.5 0
10379.5 0
10380.5 1
10381.5 0
10382.5 0
10383.5 0
10384.5 0
10385.5 0
10386.5 0
10387.5 0
10388.5 0
10389.5 0
10390.5 0
10391.5 0
10392.5 0
10393.5 0
10394.5 1
10395.5 0
10396.5 0
10397.5 0
10398.5 0
10399.5 0
10400.5 0
10401.5 0
10402.5 0
10403.5 0
10404.5 0
10405.5 0
10406.5 0
10407.5 0
10408.5 0
10409.5 1
10410.5 0
10411.5 0
10412.5 0
10413.5 0
10414.5 0
10415.5 0
10416.5 0
10417.5 0
10418.5 0
10419.5 0
10420.5 0
10421.5 0
10422.5 0
10423.5 0
10424.5 0
10425.5 0
10426.5 0
10427.5 0
10428.5 0
10429.5 0
10430.5 0
10431.5 0
10432.5 0
10433.5 0
10434.5 0
10435.5 0
10436.5 0
10437.5 0
10438.5 0
10439.5 0
10440.5 0
10441.5 0
10442.5 0
10443.5 0
10444.5 0
10445.5 0
10446.5 0
10447.5 0
10448.5 0
10449.5 0
10450.5 0
10451.5 0
10452.5 0
10453.5 0
10454.5 1
10455.5 0
10456.5 0
10457.5 0
10458.5 0
10459.5 0
10460.5 0
10461.5 0
10462.5 0
10463.5 0
10464.5 0
10465.5 0
10466.5 0
10467.5 0
10468.5 0
10469.5 1
10470.5 0
10471.5 0
10472.5 0
10473.5 0
10474.5 0
10475.5 0
10476.5 0
10477.5 0
10478.5 0
10479.5 0
10480.5 0
10481.5 0
10482.5 0
10483.5 0
10484.5 0
10485.5 0
10486.5 0
10487.5 0
10488.5 0
10489.5 0
10490.5 0
10491.5 0
10492.5 0
10493.5 0
10494.5 0
10495.5 0
10496.5 0
10497.5 0
10498.5 0
10499.5 0
10500.5 0
10501.5 0
10502.5 0
10503.5 0
10504.5 0
10505.5 0
10506.5 0
10507.5 0
10508.5 0
10509.5 0
10510.5 0
10511.5 0
10512.5 0
10513.5 0
10514.5 0
10515.5 0
10516.5 0
10517.5 0
10518.5 0
10519.5 0
10520.5 0
10521.5 0
10522.5 1
10523.5 0
10524.5 0
10525.5 0
10526.5 0
10527.5 0
10528.5 0
10529.5 0
10530.5 0
10531.5 0
10532.5 0
10533.5 0
10534.5 0
10535.5 0
10536.5 0
10537.5 0
10538.5 0
10539.5 0
10540.5 0
10541.5 0
10542.5 0
10543.5 0
10544.5 0
10545.5 0
10546.5 0
10547.5 0
10548.5 0
10549.5 0
10550.5 0
10551.5 0
10552.5 0
10553.5 0
10554.5 0
10555.5 0
10556.5 0
10557.5 -1
10558.5 0
10559.5 0
10560.5 0
10561.5 0
10562.5 0
10563.5 0
10564.5 0
10565.5 0
10566.5 0
10567.5 0
10568.5 0
10569.5 0
10570.5 0
10571.5 0
10572.5 0
10573.5 0
10574.5 0
10575.5 0
10576.5 0
10577.5 0
10578.5 0
10579.5 0
10580.5 0
10581.5 0
10582.5 0
10583.5 0
10584.5 0
10585.5 0
10586.5 0
10587.5 0
10588.5 0
10589.5 0
10590.5 0
10591.5 0
10592.5 0
10593.5 0
10594.5 0
10595.5 0
10596.5 0
10597.5 0
10598.5 0
10599.5 0
10600.5 0
10601.5 0
10602.5 0
10603.5 0
10604.5 0
10605.5 0
10606.5 0
10607.5 0
10608.5 0
10609.5 0
10610.5 0
10611.5 0
10612.5 0
10613.5 0
10614.5 0
10615.5 0
10616.5 0
10617.5 0
10618.5 0
10619.5 0
10620.5 0
10621.5 0
10622.5 0
10623.5 0
10624.5 0
10625.5 0
10626.5 0
10627.5 0
10628.5 0
10629.5 0
10630.5 0
10631.5 0
10632.5 0
10633.5 0
10634.5 0
10635.5 0
10636.5 0
10637.5 0
10638.5 0
10639.5 0
10640.5 0
10641.5 0
10642.5 0
10643.5 0
10644.5 0
10645.5 0
10646.5 0
10647.5 0
10648.5 0
10649.5 0
10650.5 0
10651.5 0
10652.5 0
10653.5 0
10654.5 0
10655.5 0
10656.5 1
10657.5 0
10658.5 0
10659.5 0
10660.5 0
10661.5 0
10662.5 0
10663.5 0
10664.5 0
10665.5 0
10666.5 0
10667.5 0
10668.5 0
10669.5 0
10670.5 0
10671.5 0
10672.5 0
10673.5 0
10674.5 0
10675.5 0
10676.5 0
10677.5 0
10678.5 0
10679.5 0
10680.5 0
10681.5 0
10682.5 0
10683.5 0
10684.5 0
10685.5 0
10686.5 0
10687.5 0
10688.5 0
10689.5 0
10690.5 0
10691.5 0
10692.5 0
10693.5 0
10694.5 0
10695.5 0
10696.5 0
10697.5 0
10698.5 0
10699.5 0
10700.5 0
10701.5 0
10702.5 0
10703.5 0
10704.5 0
10705.5 0
10706.5 0
10707.5 0
10708.5 0
10709.5 0
10710.5 0
10711.5 0
10712.5 0
10713.5 0
10714.5 0
10715.5 0
10716.5 0
10717.5 0
10718.5 0
10719.5 0
10720.5 0
10721.5 0
10722.5 0
10723.5 0
10724.5 0
10725.5 0
10726.5 0
10727.5 0
10728.5 0
10729.5 0
10730.5 0
10731.5 0
10732.5 0
10733.5 0
10734.5 0
10735.5 0
10736.5 0
10737.5 0
10738.5 0
10739.5 0
10740.5 0
10741.5 0
10742.5 0
10743.5 0
10744.5 0
10745.5 0
10746.5 0
10747.5 0
10748.5 0
10749.5 0
10750.5 0
10751.5 0
10752.5 0
10753.5 0
10754.5 0
10755.5 -1
10756.5 0
10757.5 0
10758.5 0
10759.5 0
10760.5 0
10761.5 0
10762.5 0
10763.5 0
10764.5 0
10765.5 0
10766.5 0
10767.5 0
10768.5 0
10769.5 0
10770.5 0
10771.5 0
10772.5 0
10773.5 0
10774.5 0
10775.5 0
10776.5 0
10777.5 0
10778.5 0
10779.5 0
10780.5 0
10781.5 0
10782.5 0
10783.5 0
10784.5 0
10785.5 0
10786.5 0
10787.5 0
10788.5 0
10789.5 0
10790.5 0
10791.5 0
10792.5 0
10793.5 0
10794.5 0
10795.5 0
10796.5 0
10797.5 0
10798.5 0
10799.5 0
10800.5 0
10801.5 0
10802.5 0
10803.5 0
10804.5 0
10805.5 0
10806.5 0
10807.5 0
10808.5 0
10809.5 0
10810.5 1
10811.5 0
10812.5 0
10813.5 0
10814.5 0
10815.5 0
10816.5 0
10817.5 0
10818.5 0
10819.5 0
10820.5 0
10821.5 0
10822.5 0
10823.5 0
10824.5 0
10825.5 0
10826.5 0
10827.5 0
10828.5 0
10829.5 1
10830.5 0
10831.5 0
10832.5 0
10833.5 0
10834.5 0
10835.5 0
10836.5 0
10837.5 0
10838.5 0
10839.5 0
10840.5 0
10841.5 0
10842.5 0
10843.5 0
10844.5 0
10845.5 0
10846.5 0
10847.5 0
10848.5 0
10849.5 0
10850.5 0
10851.5 0
10852.5 0
10853.5 0
10854.5 0
10855.5 0
10856.5 0
10857.5 0
10858.5 0
10859.5 0
10860.5 0
10861.5 0
10862.5 0
10863.5 0
10864.5 0
10865.5 0
10866.5 0
10867.5 0
10868.5 0
10869.5 0
10870.5 0
10871.5 0
10872.5 0
10873.5 0
10874.5 0
10875.5 0
10876.5 -1
10877.5 0
10878.5 0
10879.5 0
10880.5 0
10881.5 0
10882.5 0
10883.5 0
10884.5 0
10885.5 0
10886.5 0
10887.5 0
10888.5 0
10889.5 0
10890.5 0
10891.5 0
10892.5 0
10893.5 0
10894.5 0
10895.5 0
10896.5 0
10897.5 0
10898.5 0
10899.5 0
10900.5 0
10901.5 0
10902.5 0
10903.5 0
10904.5 0
10905.5 0
10906.5 0
10907.5 0
10908.5 0
10909.5 0
10910.5 0
10911.5 0
10912.5 0
10913.5 0
10914.5 0
10915.5 0
10916.5 0
10917.5 0
10918.5 0
10919.5 0
10920.5 0
10921.5 0
10922.5 0
10923.5 0
10924.5 0
10925.5 0
10926.5 0
10927.5 0
10928.5 0
10929.5 0
10930.5 0
10931.5 0
10932.5 0
10933.5 0
10934.5 0
10935.5 0
10936.5 0
10937.5 0
10938.5 0
10939.5 0
10940.5 0
10941.5 0
10942.5 -1
10943.5 0
10944.5 0
10945.5 -1
10946.5 0
10947.5 0
10948.5 0
10949.5 0
10950.5 0
10951.5 0
10952.5 0
10953.5 0
10954.5 0
10955.5 0
10956.5 0
10957.5 0
10958.5 0
10959.5 0
10960.5 0
10961.5 0
10962.5 0
10963.5 0
10964.5 0
10965.5 0
10966.5 0
10967.5 0
10968.5 0
10969.5 0
10970.5 0
10971.5 0
10972.5 0
10973.5 0
10974.5 0
10975.5 0
10976.5 0
10977.5 0
10978.5 0
10979.5 0
10980.5 0
10981.5 0
10982.5 0
10983.5 0
10984.5 -1
10985.5 0
10986.5 0
10987.5 0
10988.5 0
10989.5 0
10990.5 0
10991.5 0
10992.5 0
10993.5 0
10994.5 0
10995.5 0
10996.5 0
10997.5 0
10998.5 0
10999.5 0
11000.5 0
11001.5 0
11002.5 0
11003.5 0
11004.5 0
11005.5 0
11006.5 0
11007.5 0
11008.5 0
11009.5 0
11010.5 0
11011.5 0
11012.5 0
11013.5 0
11014.5 0
11015.5 0
11016.5 0
11017.5 0
11018.5 0
11019.5 0
11020.5 0
11021.5 0
11022.5 0
11023.5 0
11024.5 0
11025.5 0
11026.5 0
11027.5 0
11028.5 0
11029.5 0
11030.5 0
11031.5 0
11032.5 0
11033.5 0
11034.5 0
11035.5 0
11036.5 0
11037.5 0
11038.5 0
11039.5 0
11040.5 0
11041.5 0
11042.5 0
11043.5 0
11044.5 0
11045.5 0
11046.5 0
11047.5 0
11048.5 0
11049.5 0
11050.5 0
11051.5 0
11052.5 0
11053.5 0
11054.5 0
11055.5 0
11056.5 0
11057.5 0
11058.5 1
11059.5 0
11060.5 0
11061.5 0
11062.5 1
11063.5 0
11064.5 0
11065.5 0
11066.5 0
11067.5 0
11068.5 0
11069.5 0
11070.5 0
11071.5 0
11072.5 0
11073.5 0
11074.5 0
11075.5 0
11076.5 0
11077.5 0
11078.5 0
11079.5 0
11080.5 0
11081.5 0
11082.5 0
11083.5 0
11084.5 0
11085.5 0
11086.5 0
11087.5 0
11088.5 0
11089.5 0
11090.5 0
11091.5 0
11092.5 0
11093.5 0
11094.5 0
11095.5 0
11096.5 0
11097.5 0
11098.5 0
11099.5 0
11100.5 0
11101.5 0
11102.5 0
11103.5 0
11104.5 0
11105.5 0
11106.5 0
11107.5 0
11108.5 0
11109.5 0
11110.5 0
11111.5 0
11112.5 0
11113.5 0
11114.5 0
11115.5 0
11116.5 0
11117.5 0
11118.5 0
11119.5 0
11120.5 0
11121.5 0
11122.5 0
11123.5 0
11124.5 0
11125.5 0
11126.5 0
11127.5 0
11128.5 0
11129.5 0
11130.5 0
11131.5 0
11132.5 0
11133.5 0
11134.5 0
11135.5 0
11136.5 0
11137.5 0
11138.5 0
11139.5 0
11140.5 0
11141.5 0
11142.5 0
11143.5 0
11144.5 0
11145.5 0
11146.5 0
11147.5 0
11148.5 0
11149.5 0
11150.5 0
11151.5 0
11152.5 0
11153.5 0
11154.5 0
11155.5 0
11156.5 0
11157.5 0
11158.5 0
11159.5 0
11160.5 0
11161.5 0
11162.5 0
11163.5 0
11164.5 0
11165.5 0
11166.5 0
11167.5 0
11168.5 0
11169.5 0
11170.5 0
11171.5 0
11172.5 0
11173.5 0
11174.5 0
11175.5 0
11176.5 0
11177.5 0
11178.5 0
11179.5 0
11180.5 0
11181.5 0
11182.5 0
11183.5 0
11184.5 0
11185.5 0
11186.5 0
11187.5 0
11188.5 0
11189.5 0
11190.5 0
11191.5 0
11192.5 0
11193.5 0
11194.5 0
11195.5 0
11196.5 1
11197.5 0
11198.5 -1
11199.5 0
11200.5 0
11201.5 0
11202.5 0
11203.5 0
11204.5 0
11205.5 1
11206.5 0
11207.5 0
11208.5 0
11209.5 -1
11210.5 0
11211.5 0
11212.5 0
11213.5 0
11214.5 0
11215.5 0
11216.5 0
11217.5 0
11218.5 0
11219.5 0
11220.5 0
11221.5 0
11222.5 0
11223.5 0
11224.5 0
11225.5 0
11226.5 0
11227.5 0
11228.5 0
11229.5 0
11230.5 0
11231.5 0
11232.5 0
11233.5 0
11234.5 0
11235.5 0
11236.5 0
11237.5 0
11238.5 0
11239.5 0
11240.5 0
11241.5 0
11242.5 0
11243.5 0
11244.5 0
11245.5 0
11246.5 0
11247.5 0
11248.5 0
11249.5 0
11250.5 0
11251.5 0
11252.5 0
11253.5 0
11254.5 -2
11255.5 0
11256.5 0
11257.5 0
11258.5 0
11259.5 0
11260.5 0
11261.5 0
11262.5 0
11263.5 0
11264.5 0
11265.5 0
11266.5 0
11267.5 0
11268.5 0
11269.5 0
11270.5 0
11271.5 0
11272.5 0
11273.5 0
11274.5 0
11275.5 0
11276.5 0
11277.5 0
11278.5 0
11279.5 0
11280.5 0
11281.5 0
11282.5 0
11283.5 0
11284.5 0
11285.5 0
11286.5 0
11287.5 0
11288.5 0
11289.5 0
11290.5 0
11291.5 0
11292.5 0
11293.5 0
11294.5 0
11295.5 0
11296.5 0
11297.5 0
11298.5 0
11299.5 0
11300.5 0
11301.5 0
11302.5 0
11303.5 0
11304.5 0
11305.5 0
11306.5 0
11307.5 0
11308.5 0
11309.5 0
11310.5 0
11311.5 0
11312.5 0
11313.5 0
11314.5 0
11315.5 0
11316.5 0
11317.5 0
11318.5 0
11319.5 0
11320.5 0
11321.5 0
11322.5 0
11323.5 0
11324.5 0
11325.5 0
11326.5 0
11327.5 0
11328.5 0
11329.5 0
11330.5 -1
11331.5 0
11332.5 0
11333.5 0
11334.5 0
11335.5 0
11336.5 0
11337.5 0
11338.5 0
11339.5 0
11340.5 0
11341.5 0
11342.5 0
11343.5 0
11344.5 0
11345.5 0
11346.5 0
11347.5 0
11348.5 0
11349.5 0
11350.5 0
11351.5 0
11352.5 0
11353.5 0
11354.5 0
11355.5 0
11356.5 0
11357.5 0
11358.5 0
11359.5 0
11360.5 0
11361.5 0
11362.5 0
11363.5 0
11364.5 0
11365.5 0
11366.5 0
11367.5 0
11368.5 0
11369.5 0
11370.5 0
11371.5 0
11372.5 0
11373.5 0
11374.5 0
11375.5 0
11376.5 0
11377.5 0
11378.5 0
11379.5 0
11380.5 0
11381.5 0
11382.5 0
11383.5 0
11384.5 0
11385.5 0
11386.5 0
11387.5 0
11388.5 0
11389.5 0
11390.5 0
11391.5 0
11392.5 0
11393.5 0
11394.5 0
11395.5 0
11396.5 0
11397.5 0
11398.5 0
11399.5 0
11400.5 0
11401.5 0
11402.5 0
11403.5 0
11404.5 0
11405.5 0
11406.5 0
11407.5 0
11408.5 0
11409.5 0
11410.5 0
11411.5 0
11412.5 0
11413.5 0
11414.5 0
11415.5 0
11416.5 0
11417.5 0
11418.5 0
11419.5 0
11420.5 0
11421.5 0
11422.5 0
11423.5 0
11424.5 1
11425.5 0
11426.5 0
11427.5 0
11428.5 0
11429.5 0
11430.5 0
11431.5 0
11432.5 0
11433.5 0
11434.5 0
11435.5 0
11436.5 0
11437.5 0
11438.5 0
11439.5 0
11440.5 0
11441.5 0
11442.5 0
11443.5 0
11444.5 0
11445.5 0
11446.5 0
11447.5 0
11448.5 0
11449.5 0
11450.5 0
11451.5 0
11452.5 0
11453.5 0
11454.5 0
11455.5 0
11456.5 -1
11457.5 0
11458.5 0
11459.5 0
11460.5 0
11461.5 0
11462.5 0
11463.5 0
11464.5 0
11465.5 0
11466.5 0
11467.5 0
11468.5 0
11469.5 0
11470.5 0
11471.5 0
11472.5 0
11473.5 0
11474.5 0
11475.5 0
11476.5 0
11477.5 0
11478.5 0
11479.5 0
11480.5 0
11481.5 0
11482.5 0
11483.5 0
11484.5 0
11485.5 0
11486.5 0
11487.5 0
11488.5 0
11489.5 0
11490.5 0
11491.5 0
11492.5 0
11493.5 0
11494.5 0
11495.5 0
11496.5 0
11497.5 0
11498.5 0
11499.5 0
11500.5 0
11501.5 0
11502.5 0
11503.5 0
11504.5 0
11505.5 0
11506.5 0
11507.5 0
11508.5 0
11509.5 0
11510.5 0
11511.5 0
11512.5 0
11513.5 0
11514.5 0
11515.5 0
11516.5 0
11517.5 0
11518.5 0
11519.5 0
11520.5 0
11521.5 0
11522.5 0
11523.5 0
11524.5 0
11525.5 0
11526.5 0
11527.5 0
11528.5 0
11529.5 0
11530.5 0
11531.5 0
11532.5 0
11533.5 0
11534.5 0
11535.5 -1
11536.5 0
11537.5 0
11538.5 0
11539.5 0
11540.5 0
11541.5 0
11542.5 0
11543.5 0
11544.5 0
11545.5 0
11546.5 0
11547.5 0
11548.5 0
11549.5 0
11550.5 0
11551.5 0
11552.5 0
11553.5 0
11554.5 0
11555.5 0
11556.5 0
11557.5 0
11558.5 0
11559.5 0
11560.5 0
11561.5 0
11562.5 0
11563.5 0
11564.5 0
11565.5 0
11566.5 0
11567.5 0
11568.5 0
11569.5 0
11570.5 0
11571.5 0
11572.5 0
11573.5 0
11574.5 0
11575.5 0
11576.5 0
11577.5 0
11578.5 0
11579.5 0
11580.5 0
11581.5 0
11582.5 0
11583.5 0
11584.5 0
11585.5 0
11586.5 0
11587.5 0
11588.5 0
11589.5 0
11590.5 0
11591.5 0
11592.5 0
11593.5 0
11594.5 0
11595.5 0
11596.5 0
11597.5 0
11598.5 0
11599.5 0
11600.5 0
11601.5 0
11602.5 0
11603.5 0
11604.5 0
11605.5 0
11606.5 0
11607.5 0
11608.5 0
11609.5 0
11610.5 0
11611.5 0
11612.5 0
11613.5 0
11614.5 0
11615.5 0
11616.5 0
11617.5 0
11618.5 0
11619.5 0
11620.5 0
11621.5 0
11622.5 0
11623.5 0
11624.5 0
11625.5 0
11626.5 0
11627.5 0
11628.5 0
11629.5 0
11630.5 0
11631.5 0
11632.5 0
11633.5 0
11634.5 0
11635.5 0
11636.5 0
11637.5 0
11638.5 0
11639.5 0
11640.5 0
11641.5 0
11642.5 0
11643.5 0
11644.5 0
11645.5 0
11646.5 0
11647.5 0
11648.5 0
11649.5 0
11650.5 0
11651.5 0
11652.5 0
11653.5 0
11654.5 0
11655.5 0
11656.5 0
11657.5 0
11658.5 0
11659.5 0
11660.5 0
11661.5 0
11662.5 0
11663.5 0
11664.5 0
11665.5 0
11666.5 0
11667.5 0
11668.5 0
11669.5 0
11670.5 0
11671.5 0
11672.5 0
11673.5 0
11674.5 0
11675.5 0
11676.5 0
11677.5 0
11678.5 0
11679.5 0
11680.5 0
11681.5 0
11682.5 0
11683.5 0
11684.5 0
11685.5 0
11686.5 0
11687.5 0
11688.5 0
11689.5 0
11690.5 0
11691.5 0
11692.5 0
11693.5 0
11694.5 0
11695.5 0
11696.5 0
11697.5 0
11698.5 0
11699.5 0
11700.5 -1
11701.5 0
11702.5 0
11703.5 0
11704.5 0
11705.5 0
11706.5 0
11707.5 0
11708.5 0
11709.5 0
11710.5 0
11711.5 0
11712.5 0
11713.5 0
11714.5 0
11715.5 0
11716.5 0
11717.5 0
11718.5 0
11719.5 0
11720.5 0
11721.5 0
11722.5 0
11723.5 0
11724.5 0
11725.5 0
11726.5 0
11727.5 0
11728.5 0
11729.5 0
11730.5 1
11731.5 0
11732.5 0
11733.5 0
11734.5 0
11735.5 0
11736.5 0
11737.5 0
11738.5 0
11739.5 0
11740.5 0
11741.5 0
11742.5 0
11743.5 0
11744.5 0
11745.5 0
11746.5 0
11747.5 0
11748.5 0
11749.5 0
11750.5 0
11751.5 0
11752.5 0
11753.5 0
11754.5 0
11755.5 0
11756.5 0
11757.5 0
11758.5 0
11759.5 0
11760.5 0
11761.5 0
11762.5 0
11763.5 0
11764.5 0
11765.5 0
11766.5 0
11767.5 0
11768.5 0
11769.5 0
11770.5 0
11771.5 0
11772.5 0
11773.5 0
11774.5 0
11775.5 0
11776.5 0
11777.5 0
11778.5 0
11779.5 0
11780.5 0
11781.5 0
11782.5 -1
11783.5 0
11784.5 0
11785.5 0
11786.5 0
11787.5 0
11788.5 0
11789.5 0
11790.5 0
11791.5 0
11792.5 0
11793.5 0
11794.5 0
11795.5 0
11796.5 0
11797.5 0
11798.5 0
11799.5 0
11800.5 0
11801.5 0
11802.5 0
11803.5 0
11804.5 0
11805.5 0
11806.5 0
11807.5 0
11808.5 1
11809.5 0
11810.5 0
11811.5 0
11812.5 0
11813.5 0
11814.5 0
11815.5 0
11816.5 0
11817.5 0
11818.5 0
11819.5 0
11820.5 0
11821.5 0
11822.5 0
11823.5 0
11824.5 0
11825.5 0
11826.5 0
11827.5 0
11828.5 0
11829.5 0
11830.5 0
11831.5 0
11832.5 0
11833.5 0
11834.5 0
11835.5 0
11836.5 0
11837.5 0
11838.5 0
11839.5 0
11840.5 0
11841.5 0
11842.5 0
11843.5 0
11844.5 0
11845.5 0
11846.5 0
11847.5 0
11848.5 0
11849.5 0
11850.5 0
11851.5 0
11852.5 0
11853.5 0
11854.5 0
11855.5 0
11856.5 0
11857.5 0
11858.5 0
11859.5 0
11860.5 0
11861.5 0
11862.5 0
11863.5 0
11864.5 0
11865.5 0
11866.5 0
11867.5 0
11868.5 0
11869.5 0
11870.5 0
11871.5 0
11872.5 0
11873.5 0
11874.5 0
11875.5 0
11876.5 0
11877.5 0
11878.5 0
11879.5 0
11880.5 0
11881.5 0
11882.5 0
11883.5 0
11884.5 0
11885.5 0
11886.5 0
11887.5 0
11888.5 0
11889.5 0
11890.5 0
11891.5 0
11892.5 0
11893.5 0
11894.5 0
11895.5 0
11896.5 0
11897.5 0
11898.5 0
11899.5 0
11900.5 0
11901.5 0
11902.5 0
11903.5 0
11904.5 0
11905.5 0
11906.5 0
11907.5 0
11908.5 0
11909.5 0
11910.5 0
11911.5 0
11912.5 0
11913.5 0
11914.5 0
11915.5 0
11916.5 0
11917.5 0
11918.5 0
11919.5 0
11920.5 0
11921.5 0
11922.5 0
11923.5 0
11924.5 0
11925.5 0
11926.5 0
11927.5 0
11928.5 0
11929.5 0
11930.5 0
11931.5 0
11932.5 0
11933.5 0
11934.5 0
11935.5 0
11936.5 0
11937.5 0
11938.5 0
11939.5 0
11940.5 0
11941.5 0
11942.5 0
11943.5 0
11944.5 0
11945.5 0
11946.5 0
11947.5 0
11948.5 0
11949.5 0
11950.5 0
11951.5 0
11952.5 0
11953.5 0
11954.5 0
11955.5 0
11956.5 0
11957.5 0
11958.5 0
11959.5 0
11960.5 0
11961.5 0
11962.5 0
11963.5 0
11964.5 0
11965.5 0
11966.5 0
11967.5 0
11968.5 0
11969.5 0
11970.5 0
11971.5 0
11972.5 0
11973.5 0
11974.5 0
11975.5 0
11976.5 0
11977.5 0
11978.5 0
11979.5 0
11980.5 0
11981.5 0
11982.5 0
11983.5 0
11984.5 0
11985.5 0
11986.5 0
11987.5 0
11988.5 0
11989.5 0
11990.5 -1
11991.5 0
11992.5 0
11993.5 0
11994.5 1
11995.5 0
11996.5 0
11997.5 0
11998.5 0
11999.5 0
