# EGG_ProjY_E6961.0(8.0)_B6999.5(8.5)
# X axis : Energy (keV) [Y axis]
# Y axis : Counts/1 keV
# N Bins : 12000
# X Min : 0
# X Max : 12000
# X value at the center of the bins
0.5 0
1.5 0
2.5 0
3.5 0
4.5 0
5.5 26.8824
6.5 -15.4118
7.5 -5.94118
8.5 -41.5294
9.5 -81.5294
10.5 26.2353
11.5 22.0588
12.5 12.1176
13.5 12.8824
14.5 -24.5882
15.5 -31.2941
16.5 -32.1765
17.5 11.5294
18.5 13.4118
19.5 -3.52941
20.5 17.7059
21.5 -28.0588
22.5 16.7647
23.5 59.1176
24.5 16.2941
25.5 17.1765
26.5 9.7647
27.5 -9.94118
28.5 17.8824
29.5 -36.8824
30.5 39.9412
31.5 31.5294
32.5 36.5882
33.5 10.5882
34.5 15.9412
35.5 -50.1765
36.5 -14.9412
37.5 45.7647
38.5 -19.8235
39.5 -53.0588
40.5 -5.2353
41.5 71.7059
42.5 17.3529
43.5 -4.47059
44.5 -25.2353
45.5 -41.4118
46.5 31.0588
47.5 25.3529
48.5 19.3529
49.5 44.5294
50.5 12.9412
51.5 -20.7647
52.5 -3.05883
53.5 16.2353
54.5 13.7059
55.5 -2.52941
56.5 -13
57.5 79.5294
58.5 20.2353
59.5 -10.4118
60.5 50.2941
61.5 -29.9412
62.5 -5.17647
63.5 -0.117649
64.5 11.8824
65.5 55.7059
66.5 -21.7059
67.5 -21.1765
68.5 -32
69.5 5.29412
70.5 17.5294
71.5 -11.8824
72.5 -19.5882
73.5 -5
74.5 4.88235
75.5 -18.2353
76.5 -8.76471
77.5 -14.0588
78.5 44.4706
79.5 -9.58824
80.5 -9.88235
81.5 23
82.5 -27.5882
83.5 69.1176
84.5 78.7647
85.5 1.35294
86.5 -5.47059
87.5 20.9412
88.5 37.5294
89.5 23.9412
90.5 37.8235
91.5 -0.0588255
92.5 59.5294
93.5 30.2941
94.5 85.1765
95.5 46.7059
96.5 96.2941
97.5 1.35294
98.5 50.7059
99.5 38
100.5 24.1176
101.5 5.29412
102.5 61.9412
103.5 66.1765
104.5 67.8824
105.5 61
106.5 80.4706
107.5 47.5294
108.5 65
109.5 61.1765
110.5 42.7647
111.5 77.4118
112.5 23.1176
113.5 48.8235
114.5 3
115.5 -2.76471
116.5 75.8235
117.5 4.11764
118.5 13.9412
119.5 -64.4706
120.5 -43.3529
121.5 -20.1176
122.5 -0.411767
123.5 -3.2353
124.5 32.5294
125.5 -58.2941
126.5 46.0588
127.5 69.1176
128.5 13.1176
129.5 -16.9412
130.5 10.2941
131.5 32
132.5 -28
133.5 20.8235
134.5 -6.41177
135.5 14.8824
136.5 15.1765
137.5 12.4118
138.5 -22.4118
139.5 132.059
140.5 -8.94118
141.5 51.1765
142.5 84.4706
143.5 63.2941
144.5 -3
145.5 98.1765
146.5 71.1176
147.5 49.7059
148.5 90.3529
149.5 105.118
150.5 71.1176
151.5 62.8824
152.5 132.059
153.5 41
154.5 92.5294
155.5 107.353
156.5 170.176
157.5 144.765
158.5 120.941
159.5 121.647
160.5 -41.7059
161.5 198.118
162.5 85.0588
163.5 168.824
164.5 134.824
165.5 159.647
166.5 140.471
167.5 114.294
168.5 111.294
169.5 77.7059
170.5 82.9412
171.5 61.2941
172.5 128.059
173.5 152.412
174.5 86
175.5 104.176
176.5 99.5882
177.5 81.4706
178.5 23.4118
179.5 121.588
180.5 118.176
181.5 54.9412
182.5 -12
183.5 24.0588
184.5 55.8824
185.5 1.58823
186.5 19.1176
187.5 -61.8824
188.5 -3
189.5 1.29411
190.5 4.11764
191.5 25.1765
192.5 -13
193.5 20.7059
194.5 -36.2353
195.5 11.9412
196.5 60.1765
197.5 -63.9412
198.5 -79.2941
199.5 -150.588
200.5 -136.059
201.5 -141.294
202.5 -138.353
203.5 -205.765
204.5 -180.176
205.5 -190.294
206.5 -255.294
207.5 -190.471
208.5 -200.059
209.5 -176.471
210.5 -243.941
211.5 -261
212.5 -183.176
213.5 -139.353
214.5 -171.235
215.5 -57.8824
216.5 -116.059
217.5 -74.5294
218.5 -37.8235
219.5 -26.4706
220.5 -15.7647
221.5 -20.0588
222.5 34.4706
223.5 63.9412
224.5 -20.7059
225.5 85.1176
226.5 49.8824
227.5 100.765
228.5 25.9412
229.5 40.2353
230.5 23.3529
231.5 41.2353
232.5 33.5294
233.5 84.7647
234.5 14.7059
235.5 81
236.5 25
237.5 128.588
238.5 75.3529
239.5 181.647
240.5 189.647
241.5 260.176
242.5 247.118
243.5 142
244.5 275.353
245.5 207.353
246.5 183
247.5 175.059
248.5 209.412
249.5 172.647
250.5 122.176
251.5 125.941
252.5 2.64706
253.5 -119.882
254.5 -110.824
255.5 -135.176
256.5 -255.706
257.5 -209
258.5 -262.294
259.5 -275.235
260.5 -208.412
261.5 -408.882
262.5 -248.353
263.5 -302
264.5 -201.412
265.5 -241
266.5 -244.765
267.5 -177.706
268.5 -157.176
269.5 -155.294
270.5 -106.059
271.5 -94.1765
272.5 -95.2941
273.5 -56.5294
274.5 -0.411767
275.5 -31.3529
276.5 13.5882
277.5 10.3529
278.5 -14.7059
279.5 5
280.5 37.5882
281.5 85.8235
282.5 93.4118
283.5 122
284.5 127.588
285.5 65.7059
286.5 102.294
287.5 241.235
288.5 133.235
289.5 230.059
290.5 248.471
291.5 283.941
292.5 321.235
293.5 374.706
294.5 261.235
295.5 353.706
296.5 344.471
297.5 315.647
298.5 330.471
299.5 361.706
300.5 320.294
301.5 329.882
302.5 343.706
303.5 289.353
304.5 276.529
305.5 242.647
306.5 130.059
307.5 48.2941
308.5 54.5294
309.5 82.7059
310.5 119.176
311.5 35.3529
312.5 19.1176
313.5 61.4706
314.5 -22.2353
315.5 -29.8235
316.5 -3.2353
317.5 10.5294
318.5 77.5294
319.5 5.23529
320.5 11.2941
321.5 47.5294
322.5 20.2941
323.5 36.8824
324.5 68.2353
325.5 36.5882
326.5 43.5294
327.5 14.1765
328.5 62.0588
329.5 45.8824
330.5 25.0588
331.5 41.8824
332.5 19.1176
333.5 58.9412
334.5 48.8824
335.5 62.6471
336.5 37
337.5 70.2353
338.5 60.0588
339.5 -17.3529
340.5 34.9412
341.5 19.5882
342.5 89.9412
343.5 67
344.5 -19.1176
345.5 30.9412
346.5 38.1765
347.5 52.3529
348.5 40.5882
349.5 35.1765
350.5 9.52941
351.5 30.2941
352.5 48.3529
353.5 3.94117
354.5 98.6471
355.5 50.7059
356.5 57.8235
357.5 3.52941
358.5 -15.5294
359.5 24.2353
360.5 21.1176
361.5 7.58823
362.5 51.8235
363.5 0.705881
364.5 17.1765
365.5 24.6471
366.5 -0.294119
367.5 -9.82353
368.5 -12.1176
369.5 -7.47059
370.5 -26.8235
371.5 -48.5882
372.5 -32.4706
373.5 -7.82353
374.5 -12.2353
375.5 15
376.5 -52.7059
377.5 10.9412
378.5 16.5294
379.5 62.7647
380.5 30.5294
381.5 51.1765
382.5 42
383.5 58.7059
384.5 54.9412
385.5 18.8235
386.5 58.2941
387.5 78.9412
388.5 62.9412
389.5 76.9412
390.5 55.8235
391.5 97.3529
392.5 48.5294
393.5 30.7059
394.5 56.8824
395.5 47.2941
396.5 33
397.5 43.8235
398.5 18.2941
399.5 8.47059
400.5 88.5294
401.5 31.7647
402.5 -44.8824
403.5 -16.2353
404.5 6
405.5 -71.7647
406.5 -32.6471
407.5 -40.1176
408.5 -61.7059
409.5 -108.235
410.5 -119.176
411.5 -112.588
412.5 -105.765
413.5 -143.824
414.5 -118.882
415.5 -145.176
416.5 -89.5294
417.5 -147.647
418.5 -137.882
419.5 -111.765
420.5 -73.5882
421.5 -92.4706
422.5 -120.941
423.5 -10.9412
424.5 -4.82353
425.5 -32.5882
426.5 -30.2941
427.5 -4.76471
428.5 -15.8235
429.5 7.64706
430.5 59.2353
431.5 -4.82353
432.5 43.4118
433.5 49.4706
434.5 38.8235
435.5 0.823528
436.5 31.7059
437.5 31.7059
438.5 60.9412
439.5 45.5882
440.5 13.6471
441.5 22.4118
442.5 55.1176
443.5 55.0588
444.5 107.353
445.5 30.1765
446.5 58.6471
447.5 142.529
448.5 139.471
449.5 115
450.5 162.176
451.5 129.882
452.5 94.9412
453.5 148.294
454.5 126.059
455.5 146.059
456.5 117.294
457.5 127.647
458.5 161
459.5 99.4118
460.5 58.7059
461.5 135.765
462.5 59.6471
463.5 58.3529
464.5 -0.588236
465.5 20.1176
466.5 12.5294
467.5 19.5882
468.5 -26.5882
469.5 1.88235
470.5 32.8824
471.5 45.2941
472.5 -5.52941
473.5 19.7059
474.5 -6.05882
475.5 2.82353
476.5 -4.29412
477.5 1.88235
478.5 23.8824
479.5 3.70588
480.5 19.1176
481.5 26.5882
482.5 12.2353
483.5 0.882352
484.5 -12.1176
485.5 12.4118
486.5 2.05882
487.5 24.5294
488.5 24.8824
489.5 24.3529
490.5 22
491.5 4.35294
492.5 -21.0588
493.5 10.1176
494.5 8.70588
495.5 48.3529
496.5 23.5882
497.5 27.4706
498.5 3.94118
499.5 51.7647
500.5 28.1176
501.5 50.8235
502.5 -13.8824
503.5 -65.0588
504.5 -32.9412
505.5 -4.94118
506.5 44.3529
507.5 -63.0588
508.5 23.2941
509.5 59.9412
510.5 181.824
511.5 135.882
512.5 -30.8824
513.5 -19.2353
514.5 -34.7647
515.5 65.1176
516.5 -28.7647
517.5 10.4706
518.5 34.7647
519.5 -3.05882
520.5 42.3529
521.5 5.82353
522.5 -19.3529
523.5 0.235293
524.5 -20.8235
525.5 5.35294
526.5 18.7647
527.5 -4.88235
528.5 3.70588
529.5 5.82353
530.5 -9.47059
531.5 -12.2941
532.5 16.3529
533.5 6.88235
534.5 2.82353
535.5 13.2941
536.5 6.11765
537.5 0.882352
538.5 29.5294
539.5 43.4118
540.5 6.88235
541.5 -7.94118
542.5 9.17647
543.5 12.0588
544.5 3.82353
545.5 -4.35294
546.5 13.7059
547.5 3.88235
548.5 33.9412
549.5 -17.7647
550.5 25.9412
551.5 17.3529
552.5 33.8824
553.5 -1.35294
554.5 -13.4118
555.5 8.52941
556.5 41.1176
557.5 7.05882
558.5 -3.94118
559.5 16.6471
560.5 6.47059
561.5 14.2941
562.5 3.70588
563.5 -0.64706
564.5 32.0588
565.5 -3.58824
566.5 2.70588
567.5 -30.5882
568.5 -2.76471
569.5 30.7647
570.5 0.764705
571.5 -21.2941
572.5 -13.8824
573.5 30.8824
574.5 -3.88235
575.5 38.1176
576.5 1.47059
577.5 2.76471
578.5 21.9412
579.5 -25.9412
580.5 18.9412
581.5 9.23529
582.5 14.4706
583.5 17.8235
584.5 -3.76471
585.5 6.88235
586.5 6.82353
587.5 46.4118
588.5 18.1176
589.5 11.6471
590.5 47.7647
591.5 33.2353
592.5 51.5294
593.5 -9.35294
594.5 -1.47059
595.5 22.8824
596.5 -15.1176
597.5 9.52941
598.5 2.76471
599.5 7.70588
600.5 -17.2353
601.5 37.8824
602.5 21.4706
603.5 -11.9412
604.5 6.35294
605.5 76.9412
606.5 32.8235
607.5 -2.64706
608.5 22.2941
609.5 5
610.5 1.88235
611.5 30
612.5 -5.47059
613.5 -3.35294
614.5 -7.52941
615.5 10.7647
616.5 23.3529
617.5 29.5882
618.5 0.470588
619.5 -10.8824
620.5 30.5294
621.5 1.52941
622.5 0.823529
623.5 20.7647
624.5 1.52941
625.5 -9.35294
626.5 25.1765
627.5 29.6471
628.5 9.17647
629.5 -6.58824
630.5 -19.7059
631.5 13.5882
632.5 -11.4706
633.5 -26.4706
634.5 -6.58824
635.5 6.23529
636.5 20.7647
637.5 52.3529
638.5 18.0588
639.5 -14.4118
640.5 -56.4706
641.5 -4.70588
642.5 -19.0588
643.5 -18.5294
644.5 -21.8235
645.5 -9.52941
646.5 4.23529
647.5 -11.4118
648.5 -12.6471
649.5 8.58823
650.5 -9.47059
651.5 29.0588
652.5 46.1176
653.5 3
654.5 7.17647
655.5 34.2941
656.5 21
657.5 40.5882
658.5 7
659.5 20.9412
660.5 18.6471
661.5 24.7059
662.5 42.8824
663.5 28.4706
664.5 7.82353
665.5 36.1176
666.5 37.1176
667.5 6.41176
668.5 37.7059
669.5 26.6471
670.5 34.1176
671.5 -0.352942
672.5 13.7059
673.5 50.0588
674.5 74.8824
675.5 2.88235
676.5 81.1176
677.5 37.7059
678.5 36.2353
679.5 43.3529
680.5 29.5294
681.5 38.4706
682.5 41.2941
683.5 6.29412
684.5 7.82353
685.5 26.7647
686.5 4.52941
687.5 28.5882
688.5 40.5294
689.5 17.1176
690.5 58.7059
691.5 8.88235
692.5 -17.0588
693.5 13.6471
694.5 37.4118
695.5 -1.70588
696.5 35.7647
697.5 10.9412
698.5 25.5294
699.5 19.6471
700.5 -23.4118
701.5 -6.82353
702.5 12.9412
703.5 -30.5294
704.5 -18.5294
705.5 11.6471
706.5 9.05882
707.5 -37.1176
708.5 29.2353
709.5 7.88235
710.5 34.1765
711.5 1.70588
712.5 35.9412
713.5 15.5294
714.5 -7.23529
715.5 -11.1176
716.5 24.1176
717.5 -27.9412
718.5 13.1765
719.5 3.11765
720.5 7.47059
721.5 -26.5294
722.5 -2.58824
723.5 -33.4706
724.5 -1.05882
725.5 33.8824
726.5 20.1176
727.5 19.2353
728.5 -27.5294
729.5 17.9412
730.5 -6.94118
731.5 3.94118
732.5 11.9412
733.5 35.8235
734.5 -6.52941
735.5 -1.82353
736.5 23.8235
737.5 -25
738.5 17.6471
739.5 41.8235
740.5 -7.64706
741.5 22.2941
742.5 -13.4706
743.5 19.5294
744.5 13.9412
745.5 17.4706
746.5 25.4706
747.5 3.41176
748.5 56.4706
749.5 8.88235
750.5 0.705882
751.5 -3
752.5 17.2941
753.5 22.1176
754.5 25.7647
755.5 24.8824
756.5 -2.41177
757.5 31.5882
758.5 58.1176
759.5 47.0588
760.5 59.1176
761.5 58.2941
762.5 66.5294
763.5 15.5294
764.5 -5.17647
765.5 -11.5294
766.5 -34.0588
767.5 12.2353
768.5 -39.2353
769.5 -59.8824
770.5 -45.4118
771.5 -25.4118
772.5 -38.9412
773.5 -21.2353
774.5 -30.6471
775.5 -17.5882
776.5 -48.6471
777.5 -33.9412
778.5 -56.7059
779.5 -3.05882
780.5 -25.1765
781.5 -1.17647
782.5 -4.29412
783.5 8.47059
784.5 -16.2353
785.5 -8.17647
786.5 15.5882
787.5 0.882352
788.5 4.29412
789.5 -22.5294
790.5 37.5882
791.5 23.9412
792.5 14.7647
793.5 -3.82353
794.5 -27.7059
795.5 -6.82353
796.5 -2.70588
797.5 -2.41177
798.5 21.5882
799.5 18.3529
800.5 24.9412
801.5 17.5294
802.5 35
803.5 22.2941
804.5 20.1765
805.5 78.5882
806.5 40.9412
807.5 50.8824
808.5 21.5294
809.5 64.1765
810.5 52.7647
811.5 56.4118
812.5 37.4706
813.5 26.6471
814.5 42.2941
815.5 37.6471
816.5 49.5882
817.5 20.6471
818.5 20.1176
819.5 14.7647
820.5 -9
821.5 -16.9412
822.5 -24.4706
823.5 -3.70588
824.5 12.1765
825.5 21.7059
826.5 24
827.5 23
828.5 -15.1176
829.5 -4.64706
830.5 38.5294
831.5 36.8824
832.5 5.64706
833.5 11.7647
834.5 -3.23529
835.5 15.0588
836.5 19.8235
837.5 3.41176
838.5 -11.7059
839.5 -26
840.5 28.2941
841.5 8.64706
842.5 9.35294
843.5 27.4118
844.5 20
845.5 15.8235
846.5 -10.1176
847.5 -7.76471
848.5 21.3529
849.5 -3.58824
850.5 7.88235
851.5 19.9412
852.5 28.5294
853.5 20.9412
854.5 -7.11765
855.5 -3.11765
856.5 3.64706
857.5 39.9412
858.5 36.4118
859.5 16
860.5 19.4118
861.5 5.17647
862.5 28.4706
863.5 37.3529
864.5 16.2353
865.5 11.0588
866.5 5.82353
867.5 46.1765
868.5 40.7059
869.5 35.5882
870.5 60.4118
871.5 25.1176
872.5 44.5882
873.5 14.0588
874.5 14.1765
875.5 15.4706
876.5 22.0588
877.5 90.6471
878.5 87.2941
879.5 35.7059
880.5 44.0588
881.5 -2.17647
882.5 15.1176
883.5 39.0588
884.5 28.8235
885.5 -35.7059
886.5 1.47059
887.5 -5.58824
888.5 2.41176
889.5 -40.9412
890.5 19.8824
891.5 -10.9412
892.5 -0.411765
893.5 6.17647
894.5 -1.23529
895.5 25.8824
896.5 24.5294
897.5 18.8824
898.5 -4.47059
899.5 -15.1176
900.5 -18.9412
901.5 -6.88235
902.5 2.52941
903.5 30.2941
904.5 23.6471
905.5 6.35294
906.5 2.58823
907.5 8.82353
908.5 0.117647
909.5 17.5294
910.5 11.9412
911.5 28.5294
912.5 -16.5882
913.5 -10.7647
914.5 11.1176
915.5 26.1176
916.5 37.4706
917.5 5.41176
918.5 46.4118
919.5 -17.7647
920.5 -9.88235
921.5 -6.23529
922.5 24.8824
923.5 18.0588
924.5 -36.4706
925.5 36.8824
926.5 8.52941
927.5 1.11765
928.5 -42.2353
929.5 22.9412
930.5 30.0588
931.5 2.35294
932.5 18.1176
933.5 31.5294
934.5 25.6471
935.5 -3.29412
936.5 21.7647
937.5 14.7059
938.5 8.11765
939.5 -28.4118
940.5 39.5294
941.5 34.9412
942.5 -19.2941
943.5 28.7059
944.5 11.1765
945.5 36
946.5 8.35294
947.5 1.11765
948.5 -9.58824
949.5 -14.2353
950.5 22.5294
951.5 30.8824
952.5 3.70588
953.5 7.52941
954.5 10.3529
955.5 18.0588
956.5 21.9412
957.5 0.823529
958.5 20.7059
959.5 18.4118
960.5 10.3529
961.5 -29.1176
962.5 8.47059
963.5 10.2353
964.5 3.23529
965.5 37.7059
966.5 14.5294
967.5 26.7647
968.5 1.76471
969.5 -5.88235
970.5 12.1765
971.5 16.6471
972.5 -3.70588
973.5 -9.47059
974.5 -6.64706
975.5 2
976.5 -22.7059
977.5 3.88235
978.5 7.23529
979.5 -12.9412
980.5 -8.70588
981.5 8.52941
982.5 11.1765
983.5 -7.76471
984.5 5.58823
985.5 -33.2353
986.5 12.0588
987.5 6.17647
988.5 5.05882
989.5 1.29412
990.5 -8.82353
991.5 -9.17647
992.5 0.647058
993.5 0.0588232
994.5 -4.88235
995.5 -7.41177
996.5 18.9412
997.5 -5
998.5 4.82353
999.5 46.8235
1000.5 62.2353
1001.5 7.82353
1002.5 133.647
1003.5 24.4706
1004.5 40.5882
1005.5 2.35294
1006.5 -24.3529
1007.5 14.4706
1008.5 22.8235
1009.5 37.1765
1010.5 14.6471
1011.5 -6.47059
1012.5 -5.23529
1013.5 14.7647
1014.5 -24.0588
1015.5 -3
1016.5 10.7647
1017.5 0.235294
1018.5 -5.41177
1019.5 10.0588
1020.5 20.7647
1021.5 12.1765
1022.5 -17.8824
1023.5 4.82353
1024.5 -0.941177
1025.5 22.6471
1026.5 22.2353
1027.5 2.64706
1028.5 6.17647
1029.5 16.2353
1030.5 -12.1176
1031.5 -0.117647
1032.5 5
1033.5 0.352941
1034.5 12.3529
1035.5 12.1765
1036.5 -7.23529
1037.5 1.94118
1038.5 12.7059
1039.5 -3.76471
1040.5 21.7059
1041.5 -11.5882
1042.5 12.4118
1043.5 11
1044.5 2.76471
1045.5 -6.41176
1046.5 -11.4118
1047.5 -11.7059
1048.5 -1.94118
1049.5 11.1176
1050.5 16.6471
1051.5 -14.4118
1052.5 -3.76471
1053.5 2.82353
1054.5 0.588235
1055.5 5.05882
1056.5 -1
1057.5 8.58824
1058.5 -1.47059
1059.5 2.94118
1060.5 -5.58824
1061.5 -18.6471
1062.5 2.88235
1063.5 18.5882
1064.5 -6.88235
1065.5 13.1765
1066.5 -1.23529
1067.5 30.4118
1068.5 -3.17647
1069.5 -7.29412
1070.5 0.529411
1071.5 -12.4118
1072.5 35.5882
1073.5 22.0588
1074.5 -191.824
1075.5 -55.7059
1076.5 -42.7059
1077.5 -35
1078.5 2.29412
1079.5 -11
1080.5 0.0588233
1081.5 9.17647
1082.5 -24.5882
1083.5 -9.70588
1084.5 1.11765
1085.5 5.11765
1086.5 -4.52941
1087.5 3.35294
1088.5 12.3529
1089.5 0.529412
1090.5 7.58824
1091.5 8.94118
1092.5 5.29412
1093.5 -4.76471
1094.5 -2.29412
1095.5 -10.7647
1096.5 7.52941
1097.5 5.94118
1098.5 5
1099.5 9.35294
1100.5 -7.41176
1101.5 -7.58824
1102.5 -6.64706
1103.5 21.2353
1104.5 23.1176
1105.5 -25.8824
1106.5 -0.176471
1107.5 20.7059
1108.5 -15.2941
1109.5 11.8824
1110.5 11.1765
1111.5 3.76471
1112.5 12
1113.5 3.94118
1114.5 18.7647
1115.5 13.1765
1116.5 16.1765
1117.5 7.70588
1118.5 5.11765
1119.5 -2.05882
1120.5 6
1121.5 22.7647
1122.5 -15.1176
1123.5 46.9412
1124.5 83.1176
1125.5 194.824
1126.5 103.647
1127.5 108.765
1128.5 7.35294
1129.5 1.88235
1130.5 8.35294
1131.5 21
1132.5 5.70588
1133.5 -1.88235
1134.5 2.88235
1135.5 6.58824
1136.5 4.47059
1137.5 4.23529
1138.5 9.23529
1139.5 -10.9412
1140.5 12
1141.5 -1.11765
1142.5 -0.588235
1143.5 -8.41176
1144.5 -1.17647
1145.5 4.70588
1146.5 2.23529
1147.5 3.23529
1148.5 24.1765
1149.5 1.52941
1150.5 19.3529
1151.5 9.58824
1152.5 23.5294
1153.5 25.8235
1154.5 137.647
1155.5 115.765
1156.5 499.824
1157.5 570.059
1158.5 152.176
1159.5 44.7647
1160.5 -21.8824
1161.5 25.8235
1162.5 -8.47059
1163.5 1.64706
1164.5 38.4706
1165.5 -3.05882
1166.5 48.2941
1167.5 4.41176
1168.5 -0.82353
1169.5 -6.76471
1170.5 -3.17647
1171.5 -2.47059
1172.5 -3.52941
1173.5 -0.470588
1174.5 -10.5882
1175.5 8.23529
1176.5 1.29412
1177.5 6.58824
1178.5 3.76471
1179.5 -4.11765
1180.5 0.470588
1181.5 3.94118
1182.5 7.47059
1183.5 -5.82353
1184.5 10.2353
1185.5 3.47059
1186.5 10.9412
1187.5 -3.23529
1188.5 2.41176
1189.5 -7.94118
1190.5 13.5882
1191.5 3.58824
1192.5 -10.8824
1193.5 13.1176
1194.5 7.05882
1195.5 11.1765
1196.5 3.64706
1197.5 -4.11765
1198.5 -2.52941
1199.5 19.4706
1200.5 -4.76471
1201.5 -6.23529
1202.5 5.82353
1203.5 -8
1204.5 -20.6471
1205.5 0.294118
1206.5 -2.94118
1207.5 1.23529
1208.5 -2.17647
1209.5 3.41176
1210.5 11.2353
1211.5 5.17647
1212.5 -2.23529
1213.5 2.11765
1214.5 2.41176
1215.5 -0.647059
1216.5 -8.23529
1217.5 -1.29412
1218.5 6.64706
1219.5 -12.1765
1220.5 -14.9412
1221.5 13.1176
1222.5 6.82353
1223.5 0.294118
1224.5 0.705882
1225.5 -8.23529
1226.5 20.2941
1227.5 1.94118
1228.5 -10.3529
1229.5 -8.70588
1230.5 2.41176
1231.5 -1.47059
1232.5 -0.588235
1233.5 0.352941
1234.5 -7.29412
1235.5 -1.47059
1236.5 -5.41176
1237.5 5.35294
1238.5 -4.41176
1239.5 4.35294
1240.5 10
1241.5 2
1242.5 -7.35294
1243.5 12.0588
1244.5 -1.29412
1245.5 12.2353
1246.5 -1.11765
1247.5 2.58824
1248.5 8.11765
1249.5 -2.29412
1250.5 0.470588
1251.5 -2.23529
1252.5 2.11765
1253.5 4.52941
1254.5 2.58824
1255.5 -7.47059
1256.5 13.1176
1257.5 4.52941
1258.5 3.52941
1259.5 -5.41176
1260.5 -4.58824
1261.5 -4.41176
1262.5 2.82353
1263.5 0.588235
1264.5 5.58824
1265.5 10.5882
1266.5 -0.411765
1267.5 4.47059
1268.5 -1.64706
1269.5 6.47059
1270.5 9.23529
1271.5 -10.9412
1272.5 5.47059
1273.5 9.88235
1274.5 -1.47059
1275.5 -4.35294
1276.5 5.94118
1277.5 -7.29412
1278.5 8.23529
1279.5 -3.64706
1280.5 4.23529
1281.5 0.529412
1282.5 4.35294
1283.5 13.2353
1284.5 -6.23529
1285.5 5.94118
1286.5 11.1176
1287.5 5.41176
1288.5 5.05882
1289.5 -7.17647
1290.5 -2
1291.5 13.0588
1292.5 2.52941
1293.5 14.2353
1294.5 0.294118
1295.5 -7.29412
1296.5 -1.52941
1297.5 6.17647
1298.5 8.11765
1299.5 -3.35294
1300.5 6.41176
1301.5 -3.88235
1302.5 7.17647
1303.5 -9.11765
1304.5 -4.70588
1305.5 -2.70588
1306.5 -4.23529
1307.5 6.23529
1308.5 -0.647059
1309.5 -4.35294
1310.5 4.23529
1311.5 -1.35294
1312.5 6.82353
1313.5 4.35294
1314.5 2.47059
1315.5 18
1316.5 -6.52941
1317.5 11.1176
1318.5 -9.11765
1319.5 -3.29412
1320.5 -1.76471
1321.5 9.35294
1322.5 7.41176
1323.5 -0.470588
1324.5 4.64706
1325.5 6.94118
1326.5 -2.35294
1327.5 6.47059
1328.5 -8.29412
1329.5 -7.94118
1330.5 -14.6471
1331.5 -5.88235
1332.5 -3.11765
1333.5 -0.647059
1334.5 6
1335.5 -6.41176
1336.5 -16.8235
1337.5 0.352941
1338.5 6.47059
1339.5 -4.23529
1340.5 -12.4118
1341.5 -9.17647
1342.5 -2.64706
1343.5 -4.70588
1344.5 0.294118
1345.5 7.70588
1346.5 0.411765
1347.5 10.8235
1348.5 -4.52941
1349.5 -3.29412
1350.5 1.35294
1351.5 -0.705882
1352.5 7.52941
1353.5 7.94118
1354.5 3.94118
1355.5 -3.82353
1356.5 -4.52941
1357.5 6.17647
1358.5 6.29412
1359.5 3.11765
1360.5 4.47059
1361.5 4.52941
1362.5 2.05882
1363.5 1.05882
1364.5 -0.294118
1365.5 0.235294
1366.5 -10.2353
1367.5 -5.76471
1368.5 -9.64706
1369.5 -2.94118
1370.5 14.1176
1371.5 -2.17647
1372.5 -2.41176
1373.5 6.76471
1374.5 -0.176471
1375.5 21.7647
1376.5 16.2941
1377.5 7
1378.5 10.3529
1379.5 8.11765
1380.5 11.8235
1381.5 -1.64706
1382.5 -1.64706
1383.5 4.23529
1384.5 -0.588235
1385.5 6.35294
1386.5 18.0588
1387.5 -0.588235
1388.5 0.882353
1389.5 -5.29412
1390.5 -3.23529
1391.5 2.17647
1392.5 7.29412
1393.5 10.9412
1394.5 -7.41176
1395.5 11.7647
1396.5 2.94118
1397.5 -7.23529
1398.5 -2.64706
1399.5 -2.94118
1400.5 4
1401.5 5.88235
1402.5 3.23529
1403.5 2.11765
1404.5 -2.82353
1405.5 6.05882
1406.5 5.29412
1407.5 1.47059
1408.5 2
1409.5 -0.588235
1410.5 6.94118
1411.5 -0.705882
1412.5 -4
1413.5 -3.58824
1414.5 5.29412
1415.5 5.41176
1416.5 -12.1176
1417.5 8.41176
1418.5 3.35294
1419.5 3.52941
1420.5 -3.35294
1421.5 1.88235
1422.5 -0.764706
1423.5 -1.76471
1424.5 1.23529
1425.5 2.94118
1426.5 -7.52941
1427.5 21.1765
1428.5 -9.17647
1429.5 -18
1430.5 11.4706
1431.5 10.7059
1432.5 0.294118
1433.5 2.11765
1434.5 1.11765
1435.5 8.05882
1436.5 4.17647
1437.5 14
1438.5 3.94118
1439.5 8
1440.5 -1
1441.5 12.7647
1442.5 1.17647
1443.5 -0.823529
1444.5 -3.05882
1445.5 4.70588
1446.5 11.9412
1447.5 -7.70588
1448.5 -7.11765
1449.5 -3.88235
1450.5 1.05882
1451.5 -5.96046e-08
1452.5 -0.235294
1453.5 -4.82353
1454.5 -6.70588
1455.5 3.70588
1456.5 -11.7059
1457.5 2
1458.5 5.82353
1459.5 4.29412
1460.5 4.35294
1461.5 4.35294
1462.5 -5.58824
1463.5 -11.8824
1464.5 8.29412
1465.5 -8.35294
1466.5 4.52941
1467.5 -3.64706
1468.5 -1.41176
1469.5 -12.9412
1470.5 -6.76471
1471.5 -17.7647
1472.5 -18.1765
1473.5 4.47059
1474.5 5.47059
1475.5 6.35294
1476.5 -7.82353
1477.5 3.23529
1478.5 1.17647
1479.5 -4.58824
1480.5 -2.70588
1481.5 3
1482.5 10.2941
1483.5 1.58824
1484.5 0.529412
1485.5 1.52941
1486.5 0.529412
1487.5 -14.9412
1488.5 2.64706
1489.5 -8.11765
1490.5 -6.94118
1491.5 -0.529412
1492.5 4.88235
1493.5 0.117647
1494.5 3.94118
1495.5 -2.35294
1496.5 2.52941
1497.5 12.8824
1498.5 -4.76471
1499.5 -1.29412
1500.5 -23.7647
1501.5 -11.6471
1502.5 -1.64706
1503.5 -2.11765
1504.5 7.82353
1505.5 5.88235
1506.5 -3.82353
1507.5 -12.3529
1508.5 -2.76471
1509.5 0.529412
1510.5 7.11765
1511.5 -5.82353
1512.5 3.23529
1513.5 -3.05882
1514.5 6.70588
1515.5 8
1516.5 8.58824
1517.5 2.23529
1518.5 0.352941
1519.5 -1.94118
1520.5 6
1521.5 8.70588
1522.5 -5.23529
1523.5 -11.4706
1524.5 -2.29412
1525.5 1
1526.5 3.05882
1527.5 -1.11765
1528.5 1
1529.5 1.17647
1530.5 -5.88235
1531.5 -4.76471
1532.5 12.7059
1533.5 -6.76471
1534.5 4.88235
1535.5 5.05882
1536.5 -1.17647
1537.5 -0.764706
1538.5 -4.52941
1539.5 -3.35294
1540.5 -5.17647
1541.5 2.94118
1542.5 4.88235
1543.5 7.94118
1544.5 6.23529
1545.5 4
1546.5 -12.4118
1547.5 -0.0588236
1548.5 -0.117647
1549.5 9.94118
1550.5 10.7647
1551.5 -10.3529
1552.5 3.41176
1553.5 6.88235
1554.5 -3.70588
1555.5 -7.35294
1556.5 1.64706
1557.5 -5.52941
1558.5 0.117647
1559.5 0.941176
1560.5 -8.64706
1561.5 6.82353
1562.5 -2.70588
1563.5 4.29412
1564.5 7.94118
1565.5 -5.76471
1566.5 4.05882
1567.5 -3.41176
1568.5 8.76471
1569.5 -3.76471
1570.5 2.11765
1571.5 8
1572.5 0.294118
1573.5 -4.41176
1574.5 -5.35294
1575.5 -16.5882
1576.5 -7.88235
1577.5 -11.7059
1578.5 0.411765
1579.5 -5.52941
1580.5 -10.4706
1581.5 -4.52941
1582.5 4.88235
1583.5 -2.76471
1584.5 2.94118
1585.5 7.82353
1586.5 -0.823529
1587.5 7.11765
1588.5 2.23529
1589.5 -4.47059
1590.5 1.17647
1591.5 -6.82353
1592.5 -4.82353
1593.5 -2.64706
1594.5 -0.823529
1595.5 0.882353
1596.5 4.17647
1597.5 0.588235
1598.5 -5.35294
1599.5 13.1176
1600.5 25.2353
1601.5 15.0588
1602.5 21.0588
1603.5 18.7059
1604.5 -1.76471
1605.5 -2.88235
1606.5 9.88235
1607.5 -1.94118
1608.5 -4.82353
1609.5 3.82353
1610.5 5.70588
1611.5 1.23529
1612.5 -0.823529
1613.5 3.94118
1614.5 3.23529
1615.5 1.17647
1616.5 -1.47059
1617.5 2
1618.5 1.47059
1619.5 -1.64706
1620.5 -0.588235
1621.5 10.7059
1622.5 5.94118
1623.5 12.0588
1624.5 6.11765
1625.5 7.94118
1626.5 27.9412
1627.5 18.4706
1628.5 21
1629.5 7.29412
1630.5 -10.8235
1631.5 -5.05882
1632.5 -2.82353
1633.5 -8.41176
1634.5 13.5882
1635.5 4.70588
1636.5 -2.35294
1637.5 -3.88235
1638.5 17.4118
1639.5 11.6471
1640.5 16.2353
1641.5 4.23529
1642.5 -3.47059
1643.5 2.23529
1644.5 1.11765
1645.5 -5.17647
1646.5 7.23529
1647.5 5.29412
1648.5 -20.1176
1649.5 9.11765
1650.5 -4.58824
1651.5 -6.35294
1652.5 -0.823529
1653.5 10.0588
1654.5 1.88235
1655.5 -5.96046e-08
1656.5 0.176471
1657.5 -5.76471
1658.5 4.64706
1659.5 0.470588
1660.5 8.94118
1661.5 -2.17647
1662.5 1.94118
1663.5 -3.82353
1664.5 5.94118
1665.5 7
1666.5 0.764706
1667.5 6.88235
1668.5 0.0588235
1669.5 -5.82353
1670.5 8.64706
1671.5 -4.94118
1672.5 0.941176
1673.5 10.8824
1674.5 2.82353
1675.5 6.11765
1676.5 -10.3529
1677.5 4.17647
1678.5 9.82353
1679.5 -0.823529
1680.5 2.64706
1681.5 1.11765
1682.5 3
1683.5 -4.70588
1684.5 -2.11765
1685.5 5.70588
1686.5 2.64706
1687.5 -7.70588
1688.5 -6.76471
1689.5 7.41176
1690.5 4.88235
1691.5 0.294118
1692.5 8.76471
1693.5 7.76471
1694.5 7.41176
1695.5 5.88235
1696.5 -4.05882
1697.5 8.94118
1698.5 -0.823529
1699.5 1.88235
1700.5 0.941176
1701.5 -4
1702.5 4.76471
1703.5 -0.0588236
1704.5 4.94118
1705.5 -7
1706.5 8.58824
1707.5 -2.94118
1708.5 -5.64706
1709.5 -1.70588
1710.5 -8.64706
1711.5 -10.5882
1712.5 4.94118
1713.5 6.76471
1714.5 -5.94118
1715.5 -2
1716.5 2.82353
1717.5 -1.76471
1718.5 5.76471
1719.5 -1.17647
1720.5 -6.94118
1721.5 0.176471
1722.5 6.76471
1723.5 -6.23529
1724.5 10.8235
1725.5 -0.294118
1726.5 -4.41176
1727.5 7.94118
1728.5 3.29412
1729.5 8.82353
1730.5 6.05882
1731.5 3.76471
1732.5 1.05882
1733.5 2.82353
1734.5 3.76471
1735.5 -5.05882
1736.5 -5.05882
1737.5 -1.11765
1738.5 -2.05882
1739.5 9.76471
1740.5 -5.05882
1741.5 9.47059
1742.5 3.94118
1743.5 -4.35294
1744.5 4.52941
1745.5 -8.88235
1746.5 6.58824
1747.5 -0.176471
1748.5 -3.82353
1749.5 7.58824
1750.5 -0.941177
1751.5 -4.94118
1752.5 -1.88235
1753.5 6.82353
1754.5 4.94118
1755.5 6.58824
1756.5 1.76471
1757.5 -2.82353
1758.5 -9.82353
1759.5 -5.05882
1760.5 7.70588
1761.5 -2.88235
1762.5 3.88235
1763.5 0.0588235
1764.5 9.11765
1765.5 -2
1766.5 8.58824
1767.5 3.05882
1768.5 5.64706
1769.5 -3
1770.5 8.58824
1771.5 -4.05882
1772.5 -2.94118
1773.5 3.11765
1774.5 8.52941
1775.5 4.64706
1776.5 20.8824
1777.5 29.1765
1778.5 27
1779.5 9.70588
1780.5 -6.47059
1781.5 -1.11765
1782.5 -5.17647
1783.5 0.764706
1784.5 6.58824
1785.5 -0.705882
1786.5 -0.294118
1787.5 -5.76471
1788.5 -0.176471
1789.5 2.64706
1790.5 3.70588
1791.5 -11.5294
1792.5 -5.96046e-08
1793.5 5.76471
1794.5 4.58824
1795.5 6.64706
1796.5 6.70588
1797.5 -0.117647
1798.5 -4.88235
1799.5 -2.76471
1800.5 2.76471
1801.5 -0.117647
1802.5 -1.41176
1803.5 -7.64706
1804.5 7.64706
1805.5 2.11765
1806.5 7.88235
1807.5 -1.94118
1808.5 -5.70588
1809.5 -4.05882
1810.5 7.82353
1811.5 -3.82353
1812.5 1.88235
1813.5 0.882353
1814.5 10.4706
1815.5 4.52941
1816.5 3.05882
1817.5 1.64706
1818.5 -1
1819.5 -0.176471
1820.5 1.94118
1821.5 -4
1822.5 0.117647
1823.5 -4.17647
1824.5 -5.76471
1825.5 9.64706
1826.5 1
1827.5 8.47059
1828.5 -5.58824
1829.5 9.58824
1830.5 -4.82353
1831.5 -4
1832.5 -3.11765
1833.5 -1.94118
1834.5 2.76471
1835.5 2.41176
1836.5 0.235294
1837.5 0.411765
1838.5 -11.2353
1839.5 -13.2941
1840.5 -0.705882
1841.5 -7.82353
1842.5 1.76471
1843.5 -8.70588
1844.5 8.64706
1845.5 4.82353
1846.5 2.82353
1847.5 -1.17647
1848.5 2.70588
1849.5 -1.11765
1850.5 6.52941
1851.5 -0.352941
1852.5 2
1853.5 0.764706
1854.5 -3.17647
1855.5 1.82353
1856.5 7.52941
1857.5 9.64706
1858.5 -1
1859.5 4.82353
1860.5 -5.17647
1861.5 -1.17647
1862.5 -1.76471
1863.5 14.7059
1864.5 10.4118
1865.5 -3.11765
1866.5 -2.76471
1867.5 -5
1868.5 -6.94118
1869.5 1.82353
1870.5 3.88235
1871.5 8.41176
1872.5 -1.19209e-07
1873.5 5.47059
1874.5 2.70588
1875.5 -1.05882
1876.5 -4.05882
1877.5 -5.96046e-08
1878.5 -4
1879.5 -4.17647
1880.5 -1.05882
1881.5 -3.58824
1882.5 -2.76471
1883.5 8.11765
1884.5 38.2941
1885.5 52.4706
1886.5 66.4706
1887.5 82.7059
1888.5 80.3529
1889.5 48.5882
1890.5 11.4706
1891.5 10.8824
1892.5 -10.7059
1893.5 -8.05882
1894.5 -3.88235
1895.5 -0.941177
1896.5 3.82353
1897.5 0.0588235
1898.5 0.764706
1899.5 -6.58824
1900.5 1.88235
1901.5 3.47059
1902.5 4.88235
1903.5 -9.58824
1904.5 2.76471
1905.5 1.70588
1906.5 -0.235294
1907.5 4.70588
1908.5 5.58824
1909.5 1.11765
1910.5 10.5294
1911.5 -3.29412
1912.5 -0.235294
1913.5 0.117647
1914.5 -5.96046e-08
1915.5 6.64706
1916.5 2.94118
1917.5 -2.88235
1918.5 5.70588
1919.5 -5.11765
1920.5 -3.11765
1921.5 -2.94118
1922.5 4.76471
1923.5 -3.05882
1924.5 -4.05882
1925.5 -3.29412
1926.5 -1.29412
1927.5 -5.05882
1928.5 -4.29412
1929.5 -0.117647
1930.5 -1.11765
1931.5 3.88235
1932.5 -2.11765
1933.5 6.64706
1934.5 -0.176471
1935.5 0.588235
1936.5 8.64706
1937.5 -8
1938.5 -2.82353
1939.5 -5
1940.5 -3.82353
1941.5 -1.35294
1942.5 3.11765
1943.5 -2.05882
1944.5 2.88235
1945.5 -2.23529
1946.5 -0.941177
1947.5 11.6471
1948.5 1.88235
1949.5 -1
1950.5 4.64706
1951.5 2.05882
1952.5 1.82353
1953.5 -6.88235
1954.5 -3.23529
1955.5 1.76471
1956.5 -1.82353
1957.5 -11.5294
1958.5 8.82353
1959.5 -1.88235
1960.5 -6.82353
1961.5 -0.882353
1962.5 -9
1963.5 -2.23529
1964.5 0.117647
1965.5 -1.88235
1966.5 -2.23529
1967.5 -3.17647
1968.5 -1.17647
1969.5 -5.82353
1970.5 -4.05882
1971.5 0.705882
1972.5 3.58824
1973.5 2.70588
1974.5 0.705882
1975.5 0.588235
1976.5 6.47059
1977.5 5.52941
1978.5 0.647059
1979.5 -5.82353
1980.5 3.47059
1981.5 5.64706
1982.5 1.88235
1983.5 -2.17647
1984.5 -4.82353
1985.5 -4.17647
1986.5 8.58824
1987.5 -3.05882
1988.5 0.764706
1989.5 0.823529
1990.5 3.58824
1991.5 0.823529
1992.5 4.94118
1993.5 -3.41176
1994.5 -5.52941
1995.5 3.05882
1996.5 -0.941177
1997.5 1.76471
1998.5 -1.23529
1999.5 -3.23529
2000.5 2.70588
2001.5 3.88235
2002.5 -6.76471
2003.5 8.70588
2004.5 6.58824
2005.5 -1.41176
2006.5 -3.94118
2007.5 11.8235
2008.5 -3
2009.5 0.588235
2010.5 -2.23529
2011.5 -0.0588236
2012.5 2.52941
2013.5 -1.17647
2014.5 -7.05882
2015.5 9.58824
2016.5 -5.41176
2017.5 -3.11765
2018.5 -0.470588
2019.5 -0.294118
2020.5 6.41176
2021.5 3.70588
2022.5 5.47059
2023.5 5.52941
2024.5 -3.29412
2025.5 -17.7647
2026.5 1.94118
2027.5 3.70588
2028.5 0.470588
2029.5 0.882353
2030.5 11.2353
2031.5 -2.17647
2032.5 6.52941
2033.5 1.64706
2034.5 -3.05882
2035.5 11.2353
2036.5 0.176471
2037.5 -2.17647
2038.5 -3.05882
2039.5 5.52941
2040.5 -1.23529
2041.5 -0.470588
2042.5 7.58824
2043.5 1.64706
2044.5 -12.8824
2045.5 5.58824
2046.5 -1.29412
2047.5 2.52941
2048.5 2.41176
2049.5 4.58824
2050.5 -2.47059
2051.5 -1.29412
2052.5 5.76471
2053.5 -3.23529
2054.5 4.47059
2055.5 6.35294
2056.5 3.35294
2057.5 -2.47059
2058.5 1.47059
2059.5 -2.41176
2060.5 4.58824
2061.5 -9.35294
2062.5 0.647059
2063.5 0.705882
2064.5 0.411765
2065.5 0.764706
2066.5 4.41176
2067.5 -1.17647
2068.5 -0.294118
2069.5 -0.117647
2070.5 3.35294
2071.5 -2.29412
2072.5 4.41176
2073.5 2.64706
2074.5 3.41176
2075.5 3.58824
2076.5 -1.35294
2077.5 3.47059
2078.5 2.47059
2079.5 -2.41176
2080.5 0.411765
2081.5 -6.17647
2082.5 -2.41176
2083.5 -3.17647
2084.5 -2.47059
2085.5 5.29412
2086.5 -7.17647
2087.5 -3.05882
2088.5 -3.05882
2089.5 -1.70588
2090.5 1.35294
2091.5 4.52941
2092.5 -8.88235
2093.5 -2.17647
2094.5 -8
2095.5 -5.17647
2096.5 -1.17647
2097.5 -7.88235
2098.5 3.64706
2099.5 -3.35294
2100.5 6.47059
2101.5 -4.52941
2102.5 2.64706
2103.5 -2.41176
2104.5 4.41176
2105.5 9.35294
2106.5 7.70588
2107.5 2.88235
2108.5 -0.882353
2109.5 5.70588
2110.5 -2.11765
2111.5 -3.35294
2112.5 3.35294
2113.5 -2.35294
2114.5 4.29412
2115.5 0.529412
2116.5 4.29412
2117.5 1.35294
2118.5 -2.29412
2119.5 2.41176
2120.5 5.41176
2121.5 1.58824
2122.5 -2.17647
2123.5 1.70588
2124.5 -0.411765
2125.5 2.35294
2126.5 1.58824
2127.5 4.41176
2128.5 -1.35294
2129.5 1.41176
2130.5 -1.23529
2131.5 5.41176
2132.5 8.35294
2133.5 -1.35294
2134.5 -2.41176
2135.5 3.29412
2136.5 -9.05882
2137.5 -0.294118
2138.5 5.41176
2139.5 2.76471
2140.5 -1.35294
2141.5 -0.529412
2142.5 28.1176
2143.5 -7.17647
2144.5 -20.3529
2145.5 -14.7647
2146.5 0.588235
2147.5 -2
2148.5 11.8824
2149.5 -19.9412
2150.5 -13.6471
2151.5 17.4118
2152.5 2.11765
2153.5 -0.235294
2154.5 -5.96046e-08
2155.5 3.29412
2156.5 6.35294
2157.5 0.647059
2158.5 2.47059
2159.5 0.588235
2160.5 10.3529
2161.5 3.58824
2162.5 -1.29412
2163.5 -0.352941
2164.5 -3.35294
2165.5 -4.35294
2166.5 1.35294
2167.5 -1.64706
2168.5 1.58824
2169.5 -0.529412
2170.5 -5.17647
2171.5 8.17647
2172.5 3.35294
2173.5 -1.58824
2174.5 1.70588
2175.5 0.588235
2176.5 -0.705882
2177.5 1.41176
2178.5 -1.52941
2179.5 -1.58824
2180.5 -3.35294
2181.5 1.41176
2182.5 1.47059
2183.5 4.41176
2184.5 5.29412
2185.5 -1.41176
2186.5 -1.17647
2187.5 0.647059
2188.5 5.23529
2189.5 1.41176
2190.5 2.35294
2191.5 -2.17647
2192.5 -14.6471
2193.5 7.35294
2194.5 7.58824
2195.5 1.88235
2196.5 -5.29412
2197.5 1.82353
2198.5 -1.58824
2199.5 -4.82353
2200.5 0.882352
2201.5 -14.8235
2202.5 -13.9412
2203.5 9.58824
2204.5 3.35294
2205.5 -0.529412
2206.5 7.11765
2207.5 1.23529
2208.5 1.41176
2209.5 0.647059
2210.5 4.47059
2211.5 -0.470588
2212.5 -10
2213.5 -2.41176
2214.5 -1.52941
2215.5 -0.705882
2216.5 1.52941
2217.5 4.41176
2218.5 2.23529
2219.5 0.705882
2220.5 1.52941
2221.5 -2.70588
2222.5 -4.64706
2223.5 5.23529
2224.5 -3.47059
2225.5 0.647059
2226.5 7.35294
2227.5 0.411765
2228.5 1.52941
2229.5 0.705882
2230.5 4.23529
2231.5 7.47059
2232.5 4.23529
2233.5 -6.23529
2234.5 2.41176
2235.5 0.352941
2236.5 0.294118
2237.5 4.47059
2238.5 -4.52941
2239.5 4.52941
2240.5 1.58824
2241.5 -5.11765
2242.5 0.294118
2243.5 1.23529
2244.5 4.35294
2245.5 3.29412
2246.5 8.05882
2247.5 7.29412
2248.5 4.11765
2249.5 6.35294
2250.5 1.47059
2251.5 4.47059
2252.5 -6.29412
2253.5 -7.17647
2254.5 -2.05882
2255.5 -0.705882
2256.5 0.588235
2257.5 -0.588235
2258.5 -2.58824
2259.5 3.29412
2260.5 -3.52941
2261.5 3.52941
2262.5 -4.11765
2263.5 -10.7059
2264.5 1.41176
2265.5 -4.76471
2266.5 -0.529412
2267.5 1.58824
2268.5 4.35294
2269.5 1.17647
2270.5 0.294118
2271.5 -1.52941
2272.5 10.1765
2273.5 -2.47059
2274.5 -1.76471
2275.5 -6.35294
2276.5 1.41176
2277.5 -1.52941
2278.5 -2.11765
2279.5 3.58824
2280.5 -1.17647
2281.5 -5.76471
2282.5 -4.70588
2283.5 -9.82353
2284.5 4.58824
2285.5 -4.41176
2286.5 -3.58824
2287.5 6.29412
2288.5 -1.47059
2289.5 4.05882
2290.5 5.23529
2291.5 0.176471
2292.5 -3.52941
2293.5 -2.64706
2294.5 1.23529
2295.5 0.529412
2296.5 9.52941
2297.5 3.47059
2298.5 8.29412
2299.5 10.3529
2300.5 2.58824
2301.5 -1.11765
2302.5 6.17647
2303.5 -2.58824
2304.5 1.41176
2305.5 -4.52941
2306.5 2.35294
2307.5 3.11765
2308.5 -8.29412
2309.5 3.23529
2310.5 4.41176
2311.5 2.52941
2312.5 2.41176
2313.5 12
2314.5 0.470588
2315.5 -4.29412
2316.5 2.41176
2317.5 -3.29412
2318.5 -2.52941
2319.5 0.470588
2320.5 -1.52941
2321.5 -0.647059
2322.5 -4.29412
2323.5 0.294118
2324.5 -4.41176
2325.5 5.47059
2326.5 -1.52941
2327.5 -4.41176
2328.5 -0.529412
2329.5 -6.23529
2330.5 5.11765
2331.5 -0.352941
2332.5 -0.588235
2333.5 3.17647
2334.5 7.29412
2335.5 -1.29412
2336.5 6.41176
2337.5 9.17647
2338.5 5.29412
2339.5 4.29412
2340.5 2.47059
2341.5 1.47059
2342.5 2.35294
2343.5 -4.52941
2344.5 -8.35294
2345.5 -1.58824
2346.5 3.23529
2347.5 5.11765
2348.5 4.47059
2349.5 8.11765
2350.5 1.52941
2351.5 0.411765
2352.5 3.23529
2353.5 -2.41176
2354.5 6.29412
2355.5 5.23529
2356.5 -0.529412
2357.5 3.17647
2358.5 1.29412
2359.5 -2.47059
2360.5 -0.588235
2361.5 1.47059
2362.5 -0.588235
2363.5 -0.470588
2364.5 1.41176
2365.5 -2.58824
2366.5 -7.23529
2367.5 -5.35294
2368.5 -3.47059
2369.5 5.29412
2370.5 -1.35294
2371.5 2.41176
2372.5 0.235294
2373.5 4.29412
2374.5 1.41176
2375.5 4.23529
2376.5 6.23529
2377.5 2.23529
2378.5 -0.529412
2379.5 4.17647
2380.5 1.41176
2381.5 6.23529
2382.5 8.11765
2383.5 -2.52941
2384.5 0.352941
2385.5 -1.58824
2386.5 2.11765
2387.5 1.29412
2388.5 -2.47059
2389.5 1.23529
2390.5 4.35294
2391.5 5.35294
2392.5 2.29412
2393.5 2.29412
2394.5 -4.64706
2395.5 -0.529412
2396.5 -1.52941
2397.5 -6.47059
2398.5 -1.47059
2399.5 15.2353
2400.5 3.17647
2401.5 0.117647
2402.5 -3.29412
2403.5 -2.52941
2404.5 0.176471
2405.5 -1.64706
2406.5 0.411765
2407.5 4.41176
2408.5 1.35294
2409.5 2.29412
2410.5 5.17647
2411.5 8.05882
2412.5 -1.70588
2413.5 1.35294
2414.5 5.11765
2415.5 0.352941
2416.5 -0.529412
2417.5 -1.47059
2418.5 -1.52941
2419.5 2.23529
2420.5 2.35294
2421.5 -5.41176
2422.5 5.17647
2423.5 5.23529
2424.5 6.11765
2425.5 6.29412
2426.5 3.11765
2427.5 3.11765
2428.5 5.64706
2429.5 -1.52941
2430.5 -0.529412
2431.5 -2.41176
2432.5 -1.58824
2433.5 4.17647
2434.5 4.35294
2435.5 3.23529
2436.5 0.470588
2437.5 0.294118
2438.5 1.47059
2439.5 2.29412
2440.5 2.17647
2441.5 4.41176
2442.5 6.23529
2443.5 0.235294
2444.5 0.352941
2445.5 2.29412
2446.5 1.41176
2447.5 7.17647
2448.5 4.23529
2449.5 -2.58824
2450.5 -4.58824
2451.5 0.235294
2452.5 -0.647059
2453.5 -5.35294
2454.5 -1.52941
2455.5 -0.588235
2456.5 -5.23529
2457.5 1.29412
2458.5 -3.52941
2459.5 -0.647059
2460.5 7.17647
2461.5 0.529412
2462.5 0.117647
2463.5 -1.58824
2464.5 1.35294
2465.5 -5.47059
2466.5 -1.64706
2467.5 4.23529
2468.5 -2.47059
2469.5 0.529412
2470.5 -1.47059
2471.5 6.29412
2472.5 3.23529
2473.5 0.588235
2474.5 2.11765
2475.5 -3.64706
2476.5 3.35294
2477.5 -4.35294
2478.5 1.29412
2479.5 2.11765
2480.5 5.05882
2481.5 1.23529
2482.5 2.29412
2483.5 0.470588
2484.5 1.41176
2485.5 4.64706
2486.5 -0.352941
2487.5 3.64706
2488.5 0.0588235
2489.5 13.3529
2490.5 3.58824
2491.5 2.23529
2492.5 6.17647
2493.5 3.29412
2494.5 3.29412
2495.5 -0.470588
2496.5 0.411765
2497.5 2.29412
2498.5 4.29412
2499.5 6.29412
2500.5 8.35294
2501.5 7.17647
2502.5 7.41176
2503.5 10.1765
2504.5 14.3529
2505.5 10.1765
2506.5 6.23529
2507.5 -2.58824
2508.5 5.17647
2509.5 7.23529
2510.5 10.2353
2511.5 -1.58824
2512.5 3.29412
2513.5 2.23529
2514.5 -2.58824
2515.5 12.2941
2516.5 4.52941
2517.5 -1.70588
2518.5 9.11765
2519.5 3.76471
2520.5 11.3529
2521.5 3.52941
2522.5 8.17647
2523.5 -2.64706
2524.5 5.11765
2525.5 -0.705882
2526.5 6.29412
2527.5 1.29412
2528.5 2.41176
2529.5 4.41176
2530.5 3.17647
2531.5 0.294118
2532.5 0.470588
2533.5 4.17647
2534.5 -0.647059
2535.5 5.11765
2536.5 7.17647
2537.5 6.11765
2538.5 1.17647
2539.5 7.05882
2540.5 -6.47059
2541.5 -0.705882
2542.5 5
2543.5 3.05882
2544.5 -0.529412
2545.5 -1.64706
2546.5 -0.764706
2547.5 -0.705882
2548.5 0.294118
2549.5 -2.52941
2550.5 1.29412
2551.5 -3.58824
2552.5 2.23529
2553.5 2.29412
2554.5 -1.58824
2555.5 1.35294
2556.5 3.41176
2557.5 5.17647
2558.5 0.176471
2559.5 1.29412
2560.5 1.23529
2561.5 4.11765
2562.5 2.11765
2563.5 -1.64706
2564.5 2.05882
2565.5 2.05882
2566.5 -4.47059
2567.5 3.23529
2568.5 0.235294
2569.5 2.17647
2570.5 0.294118
2571.5 3.17647
2572.5 2.17647
2573.5 -1.58824
2574.5 4.05882
2575.5 -5.47059
2576.5 4.17647
2577.5 -4.58824
2578.5 2.35294
2579.5 -0.588235
2580.5 -2.47059
2581.5 2.11765
2582.5 5.35294
2583.5 -1.70588
2584.5 0.235294
2585.5 0.176471
2586.5 -0.823529
2587.5 6.11765
2588.5 -3.47059
2589.5 0.176471
2590.5 0.235294
2591.5 0.235294
2592.5 2.35294
2593.5 2.23529
2594.5 2.23529
2595.5 4.41176
2596.5 -6.47059
2597.5 -0.588235
2598.5 -3.64706
2599.5 3.11765
2600.5 -1.64706
2601.5 2.11765
2602.5 1.29412
2603.5 -2.58824
2604.5 2.35294
2605.5 -1.64706
2606.5 1.17647
2607.5 6.17647
2608.5 -4.52941
2609.5 -1.64706
2610.5 0.352941
2611.5 2.17647
2612.5 5.35294
2613.5 -0.588235
2614.5 -2.23529
2615.5 13.7059
2616.5 -13.0588
2617.5 11.6471
2618.5 20.1176
2619.5 -23.2353
2620.5 -3.76471
2621.5 6.88235
2622.5 -1.88235
2623.5 3.41176
2624.5 0.176471
2625.5 3.11765
2626.5 -1.70588
2627.5 2.17647
2628.5 4.05882
2629.5 -1.58824
2630.5 -1.64706
2631.5 1.29412
2632.5 9.17647
2633.5 3.29412
2634.5 -5.52941
2635.5 0.176471
2636.5 7.11765
2637.5 1.29412
2638.5 7.17647
2639.5 -3.58824
2640.5 3.11765
2641.5 -2.52941
2642.5 2.11765
2643.5 -0.882353
2644.5 -0.823529
2645.5 -0.705882
2646.5 -1.70588
2647.5 1.35294
2648.5 -2.70588
2649.5 1.29412
2650.5 3.29412
2651.5 -1.64706
2652.5 0.117647
2653.5 4.17647
2654.5 -0.647059
2655.5 -2.41176
2656.5 -6.17647
2657.5 -6.35294
2658.5 -1.23529
2659.5 0.294118
2660.5 1.23529
2661.5 3.23529
2662.5 5.05882
2663.5 -1.82353
2664.5 -1.58824
2665.5 -3.52941
2666.5 -7.35294
2667.5 -1.64706
2668.5 1.29412
2669.5 -0.705882
2670.5 -0.823529
2671.5 -2.76471
2672.5 -0.647059
2673.5 3.17647
2674.5 -0.941176
2675.5 -0.823529
2676.5 4.23529
2677.5 -1.58824
2678.5 -1.82353
2679.5 -0.705882
2680.5 3
2681.5 6.05882
2682.5 5.17647
2683.5 1.17647
2684.5 2.17647
2685.5 -3.70588
2686.5 -2.64706
2687.5 1.29412
2688.5 -0.647059
2689.5 -3.47059
2690.5 4.17647
2691.5 -1.64706
2692.5 -5.58824
2693.5 -8.29412
2694.5 -4.52941
2695.5 -2.52941
2696.5 5.11765
2697.5 0.176471
2698.5 0.117647
2699.5 3.23529
2700.5 0.117647
2701.5 0.176471
2702.5 5.17647
2703.5 0.294118
2704.5 0.176471
2705.5 -1.82353
2706.5 1.17647
2707.5 -0.647059
2708.5 -2.64706
2709.5 2.11765
2710.5 -0.705882
2711.5 4.17647
2712.5 0.176471
2713.5 -2.70588
2714.5 -1.64706
2715.5 -2.70588
2716.5 5.29412
2717.5 1.29412
2718.5 4.11765
2719.5 2.35294
2720.5 0.352941
2721.5 -9.05882
2722.5 -0.235294
2723.5 -1.11765
2724.5 -1.52941
2725.5 2.23529
2726.5 4.11765
2727.5 0.176471
2728.5 -2.70588
2729.5 -0.647059
2730.5 -1.70588
2731.5 6.11765
2732.5 4.11765
2733.5 2.23529
2734.5 -0.882353
2735.5 3.23529
2736.5 7.05882
2737.5 0.235294
2738.5 -1.70588
2739.5 -1.64706
2740.5 2.35294
2741.5 2.41176
2742.5 -5.47059
2743.5 0.176471
2744.5 3.11765
2745.5 1.29412
2746.5 -4.58824
2747.5 2.35294
2748.5 -1.41176
2749.5 8.23529
2750.5 6.17647
2751.5 -1.64706
2752.5 1.29412
2753.5 -3.70588
2754.5 1.23529
2755.5 3.05882
2756.5 5.23529
2757.5 1.23529
2758.5 6.23529
2759.5 1.35294
2760.5 4.17647
2761.5 -3.58824
2762.5 -0.705882
2763.5 1.29412
2764.5 -0.705882
2765.5 4.23529
2766.5 -4.58824
2767.5 1.05882
2768.5 2.05882
2769.5 1.17647
2770.5 0.176471
2771.5 -2.76471
2772.5 3.23529
2773.5 9.35294
2774.5 2.58824
2775.5 0.352941
2776.5 -0.764706
2777.5 5.17647
2778.5 5
2779.5 0.176471
2780.5 0.176471
2781.5 -2.64706
2782.5 3.29412
2783.5 -1.58824
2784.5 -0.588235
2785.5 0.294118
2786.5 -0.823529
2787.5 -3.58824
2788.5 5.29412
2789.5 -2.41176
2790.5 -0.470588
2791.5 1.35294
2792.5 -2.58824
2793.5 -1.88235
2794.5 3.17647
2795.5 0.235294
2796.5 0.117647
2797.5 3.05882
2798.5 -0.764706
2799.5 0.117647
2800.5 1.11765
2801.5 2.11765
2802.5 0.235294
2803.5 -0.764706
2804.5 0.176471
2805.5 -1.41176
2806.5 0.411765
2807.5 0.352941
2808.5 4.35294
2809.5 1.58824
2810.5 2.41176
2811.5 4
2812.5 1.11765
2813.5 1.35294
2814.5 0.117647
2815.5 0.235294
2816.5 4.11765
2817.5 3.29412
2818.5 4.17647
2819.5 -0.823529
2820.5 0.117647
2821.5 -0.823529
2822.5 4.17647
2823.5 -2.58824
2824.5 2.35294
2825.5 -3.58824
2826.5 -4.35294
2827.5 1.64706
2828.5 0.529412
2829.5 2.41176
2830.5 -0.882353
2831.5 1.17647
2832.5 2.05882
2833.5 4.05882
2834.5 0.235294
2835.5 0.176471
2836.5 -2.82353
2837.5 1.17647
2838.5 5.05882
2839.5 1.23529
2840.5 -1.47059
2841.5 7.23529
2842.5 -1.70588
2843.5 3.23529
2844.5 3.11765
2845.5 -7.29412
2846.5 -1.41176
2847.5 11.1176
2848.5 0.411765
2849.5 4.11765
2850.5 6.05882
2851.5 2.05882
2852.5 -3.70588
2853.5 -0.764706
2854.5 1.11765
2855.5 2.05882
2856.5 0.0588235
2857.5 2.11765
2858.5 2.29412
2859.5 -1.76471
2860.5 -3.52941
2861.5 -2.58824
2862.5 1.17647
2863.5 1.11765
2864.5 -1.82353
2865.5 1.05882
2866.5 2.17647
2867.5 -2.76471
2868.5 1.23529
2869.5 4.05882
2870.5 -0.705882
2871.5 1.05882
2872.5 1.05882
2873.5 0.176471
2874.5 1.11765
2875.5 -1.70588
2876.5 -0.823529
2877.5 -1.88235
2878.5 1
2879.5 -1.88235
2880.5 0.176471
2881.5 -3.70588
2882.5 0.176471
2883.5 -0.882353
2884.5 4
2885.5 2.11765
2886.5 -1.76471
2887.5 2.11765
2888.5 0.176471
2889.5 -0.647059
2890.5 -1.58824
2891.5 6.05882
2892.5 -2.52941
2893.5 11.5294
2894.5 5.17647
2895.5 6.23529
2896.5 3.11765
2897.5 0.294118
2898.5 5.11765
2899.5 -0.823529
2900.5 5
2901.5 -1.82353
2902.5 1.11765
2903.5 -1.82353
2904.5 -1.76471
2905.5 -3.76471
2906.5 2.05882
2907.5 4.11765
2908.5 -0.823529
2909.5 0.176471
2910.5 1.17647
2911.5 1.05882
2912.5 -0.823529
2913.5 2.11765
2914.5 4.29412
2915.5 -1.64706
2916.5 1.17647
2917.5 5.11765
2918.5 1.11765
2919.5 3.11765
2920.5 0.176471
2921.5 0.117647
2922.5 1.05882
2923.5 -5.58824
2924.5 0.0588235
2925.5 4.05882
2926.5 1.11765
2927.5 -0.823529
2928.5 -2.70588
2929.5 -1.70588
2930.5 -0.705882
2931.5 -3.76471
2932.5 4
2933.5 1.11765
2934.5 3.29412
2935.5 -0.882353
2936.5 -2.76471
2937.5 5.11765
2938.5 -1.76471
2939.5 -2.70588
2940.5 0.0588235
2941.5 2.11765
2942.5 1.17647
2943.5 1.23529
2944.5 2.11765
2945.5 1.47059
2946.5 6.29412
2947.5 0.705882
2948.5 -0.529412
2949.5 5.35294
2950.5 3.17647
2951.5 5
2952.5 5
2953.5 7
2954.5 -0.823529
2955.5 3.05882
2956.5 -0.823529
2957.5 2.23529
2958.5 -1.82353
2959.5 -0.882353
2960.5 -0.882353
2961.5 0.117647
2962.5 0.294118
2963.5 -0.823529
2964.5 -5.52941
2965.5 -11.1765
2966.5 -14.7647
2967.5 -14.7647
2968.5 -18.6471
2969.5 -9
2970.5 -5.64706
2971.5 -7.29412
2972.5 1.17647
2973.5 -0.941176
2974.5 -0.823529
2975.5 3.11765
2976.5 1.17647
2977.5 0.0588235
2978.5 4.11765
2979.5 -0.764706
2980.5 -5.58824
2981.5 3.23529
2982.5 4
2983.5 -0.647059
2984.5 -1.76471
2985.5 2.11765
2986.5 1.17647
2987.5 5.17647
2988.5 5.05882
2989.5 0.176471
2990.5 2.11765
2991.5 2.29412
2992.5 8.11765
2993.5 4.35294
2994.5 -0.647059
2995.5 3.05882
2996.5 3.11765
2997.5 -2.64706
2998.5 1.17647
2999.5 0.235294
3000.5 2.17647
3001.5 3.17647
3002.5 -2.64706
3003.5 8.35294
3004.5 5.35294
3005.5 13
3006.5 21.5294
3007.5 22.2353
3008.5 25.1765
3009.5 24.1176
3010.5 33.2353
3011.5 33.1176
3012.5 18.1176
3013.5 8.17647
3014.5 10.1765
3015.5 1.23529
3016.5 13
3017.5 0.0588235
3018.5 3
3019.5 1.17647
3020.5 1.23529
3021.5 0.117647
3022.5 1.11765
3023.5 2.23529
3024.5 0.0588235
3025.5 -0.764706
3026.5 2
3027.5 -1.70588
3028.5 -1.82353
3029.5 -1.82353
3030.5 -0.764706
3031.5 1.11765
3032.5 0.117647
3033.5 -1.70588
3034.5 0.235294
3035.5 2.29412
3036.5 0.235294
3037.5 -2.52941
3038.5 2.23529
3039.5 -4.35294
3040.5 -3.58824
3041.5 -0.823529
3042.5 2.17647
3043.5 -5.58824
3044.5 0.117647
3045.5 1.23529
3046.5 -1.88235
3047.5 1.17647
3048.5 -2.70588
3049.5 0.176471
3050.5 1.05882
3051.5 -4.64706
3052.5 3.05882
3053.5 1.11765
3054.5 0.235294
3055.5 0.0588235
3056.5 -2.76471
3057.5 0.117647
3058.5 2.05882
3059.5 2.05882
3060.5 -1.76471
3061.5 3
3062.5 -1.64706
3063.5 4.11765
3064.5 2.17647
3065.5 -2.70588
3066.5 5
3067.5 -0.764706
3068.5 0.176471
3069.5 2
3070.5 -0.823529
3071.5 -0.823529
3072.5 -1.76471
3073.5 3.05882
3074.5 3.11765
3075.5 -1.82353
3076.5 1.05882
3077.5 -0.941176
3078.5 2
3079.5 -1.76471
3080.5 4
3081.5 1.05882
3082.5 2.17647
3083.5 2.11765
3084.5 0.176471
3085.5 -0.882353
3086.5 -1.82353
3087.5 -2.76471
3088.5 0.117647
3089.5 -0.882353
3090.5 0.117647
3091.5 1.05882
3092.5 1.17647
3093.5 1.05882
3094.5 0.0588235
3095.5 1
3096.5 0.0588235
3097.5 0.0588235
3098.5 2.05882
3099.5 1.17647
3100.5 1.11765
3101.5 -0.823529
3102.5 2.05882
3103.5 2.05882
3104.5 3
3105.5 2
3106.5 1.11765
3107.5 0.235294
3108.5 3
3109.5 1.17647
3110.5 0.0588235
3111.5 -1.82353
3112.5 1.11765
3113.5 1.17647
3114.5 2
3115.5 0.0588235
3116.5 -0.823529
3117.5 5.05882
3118.5 4
3119.5 -0.941176
3120.5 3
3121.5 -0.823529
3122.5 0.117647
3123.5 -1.76471
3124.5 0.176471
3125.5 1.05882
3126.5 0.117647
3127.5 1.05882
3128.5 -1.82353
3129.5 1.11765
3130.5 1.05882
3131.5 3
3132.5 1.05882
3133.5 0
3134.5 2
3135.5 0.117647
3136.5 0.0588235
3137.5 -1.82353
3138.5 2.17647
3139.5 -0.823529
3140.5 4
3141.5 0.0588235
3142.5 0.0588235
3143.5 -0.823529
3144.5 1.17647
3145.5 3.05882
3146.5 1.11765
3147.5 7.11765
3148.5 3.05882
3149.5 8.11765
3150.5 4.23529
3151.5 7.17647
3152.5 7.17647
3153.5 4.11765
3154.5 1.05882
3155.5 0.0588235
3156.5 0.117647
3157.5 -1.82353
3158.5 1.11765
3159.5 1.05882
3160.5 0.117647
3161.5 -1.76471
3162.5 0.0588235
3163.5 -0.823529
3164.5 1.17647
3165.5 2.17647
3166.5 2.11765
3167.5 1.11765
3168.5 -2.82353
3169.5 2.11765
3170.5 2
3171.5 0.117647
3172.5 1
3173.5 0.117647
3174.5 3
3175.5 0.176471
3176.5 2.05882
3177.5 2.05882
3178.5 4
3179.5 1.11765
3180.5 0.0588235
3181.5 -1.82353
3182.5 1
3183.5 0.0588235
3184.5 1.11765
3185.5 4.05882
3186.5 -0.882353
3187.5 -0.823529
3188.5 1.11765
3189.5 -3.76471
3190.5 -0.823529
3191.5 -1.82353
3192.5 1.11765
3193.5 4.05882
3194.5 0.176471
3195.5 -2.76471
3196.5 0.235294
3197.5 3.17647
3198.5 0.117647
3199.5 4.11765
3200.5 1.17647
3201.5 0.176471
3202.5 0.0588235
3203.5 7
3204.5 0.0588235
3205.5 1.11765
3206.5 -3.64706
3207.5 2.05882
3208.5 0
3209.5 -1.82353
3210.5 -0.941176
3211.5 2.23529
3212.5 -1.88235
3213.5 1.05882
3214.5 1.05882
3215.5 1
3216.5 0.117647
3217.5 -4.70588
3218.5 3
3219.5 -0.823529
3220.5 4
3221.5 -0.705882
3222.5 1
3223.5 1
3224.5 -2.76471
3225.5 -1.88235
3226.5 1.05882
3227.5 -2.82353
3228.5 2.05882
3229.5 1.05882
3230.5 -0.941176
3231.5 2.05882
3232.5 0.0588235
3233.5 -0.882353
3234.5 1.05882
3235.5 5
3236.5 6
3237.5 2
3238.5 5.17647
3239.5 7.17647
3240.5 3.11765
3241.5 6
3242.5 -2.82353
3243.5 1.11765
3244.5 4
3245.5 2
3246.5 1.29412
3247.5 -1.88235
3248.5 -0.823529
3249.5 -1.82353
3250.5 1.05882
3251.5 2.05882
3252.5 0
3253.5 1
3254.5 0.0588235
3255.5 -2.76471
3256.5 0.117647
3257.5 0.117647
3258.5 0.176471
3259.5 4.05882
3260.5 0.0588235
3261.5 1
3262.5 3
3263.5 1.11765
3264.5 1.23529
3265.5 -3.64706
3266.5 1.17647
3267.5 2.11765
3268.5 -2.70588
3269.5 3.11765
3270.5 0.0588235
3271.5 -0.882353
3272.5 -0.882353
3273.5 2
3274.5 2.17647
3275.5 1.11765
3276.5 -0.882353
3277.5 -3.76471
3278.5 2.11765
3279.5 2.05882
3280.5 4
3281.5 -0.882353
3282.5 -0.941176
3283.5 1
3284.5 -0.941176
3285.5 0.176471
3286.5 2.05882
3287.5 1
3288.5 -0.882353
3289.5 -0.823529
3290.5 -1.76471
3291.5 0
3292.5 0.0588235
3293.5 2.11765
3294.5 5.05882
3295.5 3.11765
3296.5 1.23529
3297.5 -3.35294
3298.5 5.82353
3299.5 22.3529
3300.5 -10.1765
3301.5 1.05882
3302.5 -4.58824
3303.5 -4.76471
3304.5 6.35294
3305.5 -5.58824
3306.5 3
3307.5 0.0588235
3308.5 1.05882
3309.5 3.11765
3310.5 1.05882
3311.5 0.0588235
3312.5 0.0588235
3313.5 -0.882353
3314.5 2.05882
3315.5 1.05882
3316.5 2
3317.5 1.05882
3318.5 4.05882
3319.5 0.0588235
3320.5 -2.82353
3321.5 3.11765
3322.5 2.17647
3323.5 2.17647
3324.5 0.117647
3325.5 -0.882353
3326.5 -1.88235
3327.5 -0.823529
3328.5 2.05882
3329.5 2.05882
3330.5 5.05882
3331.5 2.17647
3332.5 -0.882353
3333.5 -1.82353
3334.5 1.05882
3335.5 2
3336.5 2
3337.5 3
3338.5 -0.941176
3339.5 2.05882
3340.5 3.11765
3341.5 3.11765
3342.5 -1.88235
3343.5 1
3344.5 2.05882
3345.5 3
3346.5 3
3347.5 2
3348.5 0
3349.5 -0.882353
3350.5 0.117647
3351.5 -0.823529
3352.5 0.0588235
3353.5 -1.76471
3354.5 0.176471
3355.5 -1.82353
3356.5 1.05882
3357.5 2.05882
3358.5 0.117647
3359.5 -1.76471
3360.5 -1.82353
3361.5 1.05882
3362.5 -1.82353
3363.5 -0.882353
3364.5 1
3365.5 -1.88235
3366.5 3.05882
3367.5 -2.76471
3368.5 -0.823529
3369.5 1
3370.5 -2.76471
3371.5 3.05882
3372.5 -1.82353
3373.5 1.17647
3374.5 -0.764706
3375.5 3
3376.5 0.0588235
3377.5 1.05882
3378.5 1.05882
3379.5 2.05882
3380.5 3.05882
3381.5 -3.64706
3382.5 0.0588235
3383.5 3.05882
3384.5 2
3385.5 3
3386.5 -0.941176
3387.5 1.05882
3388.5 -0.882353
3389.5 1.05882
3390.5 3.05882
3391.5 3
3392.5 0
3393.5 -2.82353
3394.5 1.11765
3395.5 1
3396.5 0.117647
3397.5 -1.76471
3398.5 -1.76471
3399.5 3.11765
3400.5 0.176471
3401.5 0.117647
3402.5 1.05882
3403.5 0.117647
3404.5 -1.88235
3405.5 2
3406.5 1.05882
3407.5 3.05882
3408.5 2.05882
3409.5 0.117647
3410.5 0.117647
3411.5 3
3412.5 -2.76471
3413.5 1.05882
3414.5 2.05882
3415.5 1.05882
3416.5 3.05882
3417.5 1.05882
3418.5 0.117647
3419.5 0.117647
3420.5 2
3421.5 0.176471
3422.5 1
3423.5 1
3424.5 1.05882
3425.5 1.17647
3426.5 4.11765
3427.5 -2.58824
3428.5 -0.705882
3429.5 1.11765
3430.5 -0.941176
3431.5 -2.76471
3432.5 -0.823529
3433.5 1.05882
3434.5 -3.76471
3435.5 5.05882
3436.5 2
3437.5 2.05882
3438.5 0.0588235
3439.5 1.05882
3440.5 1
3441.5 -1.82353
3442.5 -1.82353
3443.5 -0.941176
3444.5 -1.88235
3445.5 1
3446.5 3.05882
3447.5 0
3448.5 -1.76471
3449.5 -2.82353
3450.5 3.05882
3451.5 -0.882353
3452.5 0.117647
3453.5 0.0588235
3454.5 5
3455.5 -1.88235
3456.5 -0.882353
3457.5 6.05882
3458.5 1.05882
3459.5 2
3460.5 0
3461.5 0.117647
3462.5 3.05882
3463.5 -1.88235
3464.5 -1.88235
3465.5 -0.882353
3466.5 2
3467.5 -1.82353
3468.5 1
3469.5 3.05882
3470.5 0.117647
3471.5 -0.882353
3472.5 -1.82353
3473.5 -0.823529
3474.5 3.05882
3475.5 2.05882
3476.5 1
3477.5 -0.882353
3478.5 1.05882
3479.5 4
3480.5 -0.823529
3481.5 1.05882
3482.5 -1.82353
3483.5 2.05882
3484.5 2
3485.5 1.05882
3486.5 0.0588235
3487.5 2.05882
3488.5 0.117647
3489.5 -0.882353
3490.5 -1.82353
3491.5 1.05882
3492.5 4
3493.5 -3.76471
3494.5 2.05882
3495.5 2.05882
3496.5 1.11765
3497.5 -2.82353
3498.5 1.05882
3499.5 0.0588235
3500.5 0.0588235
3501.5 4.05882
3502.5 2
3503.5 -1.82353
3504.5 3.05882
3505.5 1
3506.5 0.0588235
3507.5 -0.941176
3508.5 1.05882
3509.5 2
3510.5 2.05882
3511.5 0.0588235
3512.5 1.11765
3513.5 6
3514.5 0
3515.5 1
3516.5 1.05882
3517.5 3.05882
3518.5 5
3519.5 1.05882
3520.5 0.117647
3521.5 -1.88235
3522.5 -0.882353
3523.5 5.05882
3524.5 3.05882
3525.5 -1.82353
3526.5 0.0588235
3527.5 -0.882353
3528.5 0.176471
3529.5 -0.882353
3530.5 2.17647
3531.5 1.23529
3532.5 -4.47059
3533.5 -0.588235
3534.5 3.11765
3535.5 1.05882
3536.5 3.05882
3537.5 0
3538.5 2.05882
3539.5 1.17647
3540.5 1.11765
3541.5 3.05882
3542.5 3.05882
3543.5 2.05882
3544.5 1
3545.5 -0.823529
3546.5 0
3547.5 5.05882
3548.5 1
3549.5 -1.88235
3550.5 0.0588235
3551.5 0
3552.5 1
3553.5 2.05882
3554.5 0.0588235
3555.5 2
3556.5 1
3557.5 -2.82353
3558.5 1.05882
3559.5 -0.941176
3560.5 0.117647
3561.5 2
3562.5 5
3563.5 1.17647
3564.5 1.11765
3565.5 0
3566.5 0.0588235
3567.5 -0.823529
3568.5 4
3569.5 1
3570.5 -0.941176
3571.5 2.11765
3572.5 1.11765
3573.5 1.05882
3574.5 -2.76471
3575.5 0.0588235
3576.5 -0.941176
3577.5 3.05882
3578.5 1
3579.5 0
3580.5 0.117647
3581.5 1
3582.5 3
3583.5 3.05882
3584.5 1.05882
3585.5 1
3586.5 5
3587.5 -0.882353
3588.5 1.11765
3589.5 2.05882
3590.5 -2.76471
3591.5 2.05882
3592.5 0.117647
3593.5 0.0588235
3594.5 1
3595.5 1.05882
3596.5 3
3597.5 -0.941176
3598.5 1.05882
3599.5 0
3600.5 -1.88235
3601.5 0.0588235
3602.5 0.0588235
3603.5 0
3604.5 -1.88235
3605.5 3
3606.5 1.05882
3607.5 -2.82353
3608.5 3
3609.5 2
3610.5 4.05882
3611.5 1
3612.5 1.11765
3613.5 0.0588235
3614.5 2
3615.5 1
3616.5 3
3617.5 -0.941176
3618.5 -0.882353
3619.5 0.176471
3620.5 -1.70588
3621.5 2.05882
3622.5 -0.882353
3623.5 0.176471
3624.5 3
3625.5 0.0588235
3626.5 -2.82353
3627.5 0.0588235
3628.5 2
3629.5 0.0588235
3630.5 1.05882
3631.5 1
3632.5 0.0588235
3633.5 2
3634.5 2.05882
3635.5 -0.941176
3636.5 -1.82353
3637.5 -2.76471
3638.5 1.05882
3639.5 -0.823529
3640.5 2
3641.5 2.05882
3642.5 -0.882353
3643.5 3
3644.5 -0.882353
3645.5 0.0588235
3646.5 0.117647
3647.5 2.05882
3648.5 -0.823529
3649.5 -0.823529
3650.5 1
3651.5 -0.823529
3652.5 2.11765
3653.5 0.117647
3654.5 4.05882
3655.5 6.11765
3656.5 13
3657.5 14.0588
3658.5 13.2353
3659.5 23.2353
3660.5 32.2353
3661.5 28.2941
3662.5 23.2941
3663.5 12
3664.5 8.11765
3665.5 0.176471
3666.5 3
3667.5 -0.941176
3668.5 1
3669.5 0.0588235
3670.5 0.0588235
3671.5 2
3672.5 0.0588235
3673.5 2.11765
3674.5 2
3675.5 2
3676.5 -0.882353
3677.5 2.05882
3678.5 -1.82353
3679.5 -0.882353
3680.5 4
3681.5 2
3682.5 0.117647
3683.5 0.0588235
3684.5 -1.88235
3685.5 3.05882
3686.5 0
3687.5 2.05882
3688.5 1
3689.5 -0.882353
3690.5 0.0588235
3691.5 0.0588235
3692.5 1
3693.5 4
3694.5 1
3695.5 2
3696.5 0.0588235
3697.5 1.05882
3698.5 1
3699.5 2
3700.5 -2.76471
3701.5 -1.88235
3702.5 1.05882
3703.5 -1.76471
3704.5 0.176471
3705.5 2
3706.5 1
3707.5 0.0588235
3708.5 0.117647
3709.5 1.05882
3710.5 -2.82353
3711.5 -0.882353
3712.5 0.117647
3713.5 1
3714.5 2.05882
3715.5 -1.88235
3716.5 -1.88235
3717.5 -0.882353
3718.5 0.0588235
3719.5 0.0588235
3720.5 -1.82353
3721.5 3
3722.5 0.0588235
3723.5 1
3724.5 2.05882
3725.5 0
3726.5 1
3727.5 2
3728.5 -0.882353
3729.5 -1.82353
3730.5 1
3731.5 1.05882
3732.5 3
3733.5 1
3734.5 1
3735.5 1
3736.5 0
3737.5 1.11765
3738.5 2
3739.5 -2.76471
3740.5 -1.88235
3741.5 1
3742.5 2.05882
3743.5 0
3744.5 1.05882
3745.5 -0.764706
3746.5 -2.82353
3747.5 1.05882
3748.5 0.117647
3749.5 0.0588235
3750.5 -0.882353
3751.5 0.0588235
3752.5 1.05882
3753.5 -0.941176
3754.5 1
3755.5 1
3756.5 -1.82353
3757.5 3
3758.5 -0.941176
3759.5 3
3760.5 2
3761.5 -0.882353
3762.5 -0.941176
3763.5 1
3764.5 2
3765.5 -1.88235
3766.5 2
3767.5 2
3768.5 -0.823529
3769.5 -1.82353
3770.5 1
3771.5 1
3772.5 0.0588235
3773.5 2
3774.5 5.05882
3775.5 3
3776.5 3.11765
3777.5 -0.823529
3778.5 -1.88235
3779.5 2
3780.5 -0.941176
3781.5 1
3782.5 3.11765
3783.5 -0.941176
3784.5 -0.882353
3785.5 -1.88235
3786.5 1
3787.5 0
3788.5 0.117647
3789.5 -0.941176
3790.5 0.0588235
3791.5 -1.82353
3792.5 0
3793.5 2
3794.5 2.05882
3795.5 -0.823529
3796.5 2
3797.5 0
3798.5 1
3799.5 0.0588235
3800.5 0.117647
3801.5 1.05882
3802.5 0
3803.5 1.05882
3804.5 0.117647
3805.5 3
3806.5 -0.823529
3807.5 0.117647
3808.5 -0.941176
3809.5 5.05882
3810.5 2
3811.5 0.0588235
3812.5 1
3813.5 1
3814.5 0.0588235
3815.5 -0.882353
3816.5 -0.882353
3817.5 -0.882353
3818.5 1.05882
3819.5 1
3820.5 1.05882
3821.5 0.117647
3822.5 5
3823.5 1
3824.5 -0.941176
3825.5 1
3826.5 1.05882
3827.5 1
3828.5 3
3829.5 4
3830.5 2
3831.5 0.0588235
3832.5 1.05882
3833.5 -1.88235
3834.5 2.05882
3835.5 -2.82353
3836.5 6
3837.5 2.05882
3838.5 -0.941176
3839.5 -0.882353
3840.5 -0.882353
3841.5 2
3842.5 2
3843.5 -0.941176
3844.5 0.0588235
3845.5 1.05882
3846.5 -0.941176
3847.5 -3.76471
3848.5 2
3849.5 0.117647
3850.5 2
3851.5 2
3852.5 0
3853.5 -0.941176
3854.5 -0.941176
3855.5 0.0588235
3856.5 2
3857.5 2.05882
3858.5 0.117647
3859.5 0.117647
3860.5 2.05882
3861.5 1
3862.5 1.11765
3863.5 1.05882
3864.5 -2.82353
3865.5 4.05882
3866.5 0.117647
3867.5 2
3868.5 2.05882
3869.5 -0.941176
3870.5 1
3871.5 0.117647
3872.5 2.05882
3873.5 0.0588235
3874.5 0.117647
3875.5 0.0588235
3876.5 1
3877.5 1.05882
3878.5 1
3879.5 3.05882
3880.5 2
3881.5 1
3882.5 3
3883.5 2
3884.5 1
3885.5 3.05882
3886.5 1.11765
3887.5 2.05882
3888.5 0
3889.5 -1.82353
3890.5 0.0588235
3891.5 -0.882353
3892.5 -0.941176
3893.5 0.0588235
3894.5 2.11765
3895.5 1
3896.5 0
3897.5 1
3898.5 0
3899.5 2.05882
3900.5 2.05882
3901.5 -0.823529
3902.5 3
3903.5 1.05882
3904.5 2
3905.5 4
3906.5 2
3907.5 2
3908.5 3
3909.5 0.176471
3910.5 1.05882
3911.5 0
3912.5 0.0588235
3913.5 2
3914.5 1.05882
3915.5 -3.76471
3916.5 -1.88235
3917.5 1.05882
3918.5 3
3919.5 0.0588235
3920.5 1
3921.5 0.0588235
3922.5 1
3923.5 -1.88235
3924.5 3
3925.5 0.0588235
3926.5 4
3927.5 4
3928.5 1.17647
3929.5 -1.82353
3930.5 1.05882
3931.5 2.11765
3932.5 -0.941176
3933.5 0
3934.5 -0.764706
3935.5 5
3936.5 -0.941176
3937.5 -0.882353
3938.5 0.117647
3939.5 1.05882
3940.5 1.05882
3941.5 2
3942.5 0.0588235
3943.5 2.11765
3944.5 -0.941176
3945.5 1.11765
3946.5 1.05882
3947.5 -0.941176
3948.5 -0.941176
3949.5 2.05882
3950.5 0.0588235
3951.5 -0.823529
3952.5 0.176471
3953.5 0.0588235
3954.5 -0.882353
3955.5 2.05882
3956.5 1.05882
3957.5 3
3958.5 3
3959.5 2.05882
3960.5 4
3961.5 -0.882353
3962.5 0.117647
3963.5 -1.88235
3964.5 5.05882
3965.5 3.05882
3966.5 -0.941176
3967.5 -0.941176
3968.5 -1.88235
3969.5 1.05882
3970.5 -2.82353
3971.5 -0.823529
3972.5 5.17647
3973.5 3.11765
3974.5 -2.70588
3975.5 -2.70588
3976.5 3
3977.5 -1.88235
3978.5 0.0588235
3979.5 4.05882
3980.5 1.05882
3981.5 0
3982.5 -1.88235
3983.5 0.0588235
3984.5 0.0588235
3985.5 0.117647
3986.5 -0.882353
3987.5 -0.941176
3988.5 3
3989.5 2
3990.5 0.117647
3991.5 -0.882353
3992.5 3
3993.5 0.0588235
3994.5 2
3995.5 2.05882
3996.5 -1.82353
3997.5 -3.76471
3998.5 0.0588235
3999.5 2.11765
4000.5 3
4001.5 1
4002.5 -1.88235
4003.5 1
4004.5 -3.76471
4005.5 0.0588235
4006.5 1.11765
4007.5 1
4008.5 -0.882353
4009.5 0.0588235
4010.5 0
4011.5 0.117647
4012.5 1
4013.5 -0.882353
4014.5 1
4015.5 2
4016.5 -0.823529
4017.5 3
4018.5 1.05882
4019.5 -0.882353
4020.5 1.05882
4021.5 -0.882353
4022.5 -0.941176
4023.5 -0.941176
4024.5 -0.823529
4025.5 0.0588235
4026.5 0.0588235
4027.5 2.05882
4028.5 1
4029.5 1
4030.5 1
4031.5 1
4032.5 0.0588235
4033.5 0
4034.5 3.05882
4035.5 0
4036.5 0
4037.5 -1.88235
4038.5 0
4039.5 -0.941176
4040.5 1
4041.5 0
4042.5 0
4043.5 1
4044.5 0.0588235
4045.5 1
4046.5 1
4047.5 0.0588235
4048.5 2
4049.5 3
4050.5 0.0588235
4051.5 0.0588235
4052.5 -0.941176
4053.5 -0.941176
4054.5 0
4055.5 0.176471
4056.5 0
4057.5 -1.82353
4058.5 0.176471
4059.5 2
4060.5 1
4061.5 2.05882
4062.5 2.05882
4063.5 1.05882
4064.5 2
4065.5 0
4066.5 0.0588235
4067.5 -0.941176
4068.5 1.05882
4069.5 1.05882
4070.5 2
4071.5 1
4072.5 0.117647
4073.5 -0.941176
4074.5 -2.82353
4075.5 -0.941176
4076.5 -0.941176
4077.5 0
4078.5 -0.941176
4079.5 1
4080.5 0
4081.5 2
4082.5 3
4083.5 -0.882353
4084.5 3
4085.5 1
4086.5 0
4087.5 0.0588235
4088.5 2.05882
4089.5 0
4090.5 1
4091.5 2
4092.5 0
4093.5 0.117647
4094.5 2
4095.5 -2.76471
4096.5 0
4097.5 2
4098.5 2
4099.5 2
4100.5 -2.82353
4101.5 0.0588235
4102.5 0.0588235
4103.5 0
4104.5 1.05882
4105.5 1
4106.5 -0.941176
4107.5 1.05882
4108.5 -2.82353
4109.5 0
4110.5 1.05882
4111.5 1.05882
4112.5 0.0588235
4113.5 4.05882
4114.5 0
4115.5 1.05882
4116.5 -0.941176
4117.5 -0.941176
4118.5 0
4119.5 0
4120.5 -3.76471
4121.5 0.0588235
4122.5 -0.823529
4123.5 3
4124.5 1.05882
4125.5 -0.882353
4126.5 2
4127.5 2.11765
4128.5 0
4129.5 1
4130.5 0
4131.5 -2.82353
4132.5 -0.941176
4133.5 -1.88235
4134.5 0.117647
4135.5 1.05882
4136.5 3
4137.5 0
4138.5 1.05882
4139.5 0
4140.5 -2.76471
4141.5 1.05882
4142.5 1
4143.5 0.117647
4144.5 0
4145.5 1
4146.5 0.0588235
4147.5 1.05882
4148.5 1
4149.5 0
4150.5 1
4151.5 -2.76471
4152.5 -0.941176
4153.5 -1.88235
4154.5 -0.941176
4155.5 1.05882
4156.5 0.0588235
4157.5 0.0588235
4158.5 1
4159.5 1.05882
4160.5 1
4161.5 2.11765
4162.5 2
4163.5 6.05882
4164.5 11.0588
4165.5 9.11765
4166.5 27
4167.5 35
4168.5 32.0588
4169.5 33.1176
4170.5 24
4171.5 14.0588
4172.5 0.0588235
4173.5 3.11765
4174.5 -0.941176
4175.5 3
4176.5 0
4177.5 0.0588235
4178.5 1
4179.5 1
4180.5 1
4181.5 0.0588235
4182.5 1
4183.5 0
4184.5 0
4185.5 -0.941176
4186.5 3
4187.5 2
4188.5 -1.82353
4189.5 0
4190.5 0
4191.5 0.0588235
4192.5 0.0588235
4193.5 1
4194.5 0
4195.5 0.0588235
4196.5 0
4197.5 1
4198.5 0
4199.5 -0.941176
4200.5 1
4201.5 -1.88235
4202.5 -0.823529
4203.5 0
4204.5 -0.941176
4205.5 0
4206.5 -1.82353
4207.5 4
4208.5 1.05882
4209.5 0.0588235
4210.5 0.117647
4211.5 2
4212.5 1
4213.5 0
4214.5 -1.88235
4215.5 1
4216.5 1.17647
4217.5 0.0588235
4218.5 1
4219.5 -0.941176
4220.5 2
4221.5 1.05882
4222.5 0
4223.5 0.0588235
4224.5 -0.941176
4225.5 0.0588235
4226.5 -0.882353
4227.5 1
4228.5 -1.88235
4229.5 1
4230.5 -0.941176
4231.5 -0.941176
4232.5 -0.941176
4233.5 0
4234.5 -0.823529
4235.5 1
4236.5 1
4237.5 1
4238.5 0.0588235
4239.5 -0.941176
4240.5 0.0588235
4241.5 1
4242.5 1
4243.5 1
4244.5 1
4245.5 2
4246.5 0
4247.5 0
4248.5 0
4249.5 1
4250.5 -0.941176
4251.5 0
4252.5 -1.88235
4253.5 0
4254.5 1
4255.5 0.0588235
4256.5 0
4257.5 1
4258.5 3.05882
4259.5 0
4260.5 -0.941176
4261.5 2.05882
4262.5 -0.882353
4263.5 0
4264.5 -0.941176
4265.5 -0.941176
4266.5 0
4267.5 -0.941176
4268.5 0.0588235
4269.5 1
4270.5 -0.882353
4271.5 0
4272.5 -0.941176
4273.5 -0.941176
4274.5 0.0588235
4275.5 -0.941176
4276.5 0.0588235
4277.5 -1.88235
4278.5 -0.941176
4279.5 2
4280.5 1.05882
4281.5 0
4282.5 -0.941176
4283.5 1
4284.5 0.0588235
4285.5 -1.88235
4286.5 0.0588235
4287.5 -0.941176
4288.5 1.05882
4289.5 2
4290.5 2
4291.5 0
4292.5 0.0588235
4293.5 -0.941176
4294.5 0
4295.5 1.05882
4296.5 1.05882
4297.5 0
4298.5 1
4299.5 0
4300.5 0
4301.5 0.0588235
4302.5 0
4303.5 0.0588235
4304.5 -2.82353
4305.5 1
4306.5 -0.882353
4307.5 1
4308.5 -0.941176
4309.5 0
4310.5 -0.941176
4311.5 -0.941176
4312.5 -0.941176
4313.5 0
4314.5 0.0588235
4315.5 1
4316.5 0.0588235
4317.5 -0.882353
4318.5 -0.882353
4319.5 -1.82353
4320.5 0
4321.5 -0.941176
4322.5 -0.941176
4323.5 0
4324.5 0.0588235
4325.5 0
4326.5 0
4327.5 1
4328.5 0
4329.5 0
4330.5 -0.941176
4331.5 -0.941176
4332.5 -0.941176
4333.5 1
4334.5 4
4335.5 3
4336.5 -1.82353
4337.5 0
4338.5 0.0588235
4339.5 0
4340.5 2.05882
4341.5 -0.941176
4342.5 1
4343.5 0
4344.5 -0.941176
4345.5 -1.88235
4346.5 2
4347.5 -1.88235
4348.5 -1.76471
4349.5 1.05882
4350.5 0
4351.5 -0.941176
4352.5 -0.941176
4353.5 0
4354.5 0.0588235
4355.5 0
4356.5 -0.941176
4357.5 0.117647
4358.5 0.0588235
4359.5 1.05882
4360.5 2
4361.5 0
4362.5 -0.941176
4363.5 1
4364.5 0.0588235
4365.5 2.05882
4366.5 0
4367.5 0
4368.5 0
4369.5 0
4370.5 2
4371.5 1
4372.5 0
4373.5 -0.941176
4374.5 -0.941176
4375.5 1
4376.5 2.05882
4377.5 -0.941176
4378.5 0.0588235
4379.5 -0.882353
4380.5 3
4381.5 4
4382.5 4
4383.5 2
4384.5 1
4385.5 0.0588235
4386.5 1
4387.5 -1.88235
4388.5 -2.82353
4389.5 -0.882353
4390.5 3
4391.5 1
4392.5 1
4393.5 1
4394.5 -3.76471
4395.5 -0.941176
4396.5 1
4397.5 1
4398.5 0.0588235
4399.5 -0.941176
4400.5 1
4401.5 0
4402.5 -0.941176
4403.5 1.05882
4404.5 0
4405.5 0
4406.5 1.05882
4407.5 0.117647
4408.5 2
4409.5 0
4410.5 -0.941176
4411.5 1.05882
4412.5 1
4413.5 0.0588235
4414.5 1
4415.5 0
4416.5 0
4417.5 1
4418.5 0
4419.5 0
4420.5 0
4421.5 0.0588235
4422.5 -0.941176
4423.5 0
4424.5 -0.941176
4425.5 0
4426.5 1
4427.5 -0.882353
4428.5 0
4429.5 0.0588235
4430.5 0.0588235
4431.5 -0.941176
4432.5 -2.82353
4433.5 2
4434.5 0.0588235
4435.5 0
4436.5 2
4437.5 1
4438.5 -3.76471
4439.5 1
4440.5 1
4441.5 -2.82353
4442.5 -0.941176
4443.5 -1.76471
4444.5 -0.941176
4445.5 -4.70588
4446.5 -0.941176
4447.5 0
4448.5 1.05882
4449.5 1.05882
4450.5 0.117647
4451.5 -0.941176
4452.5 0.0588235
4453.5 2
4454.5 0.0588235
4455.5 -0.941176
4456.5 0.176471
4457.5 -0.764706
4458.5 -0.941176
4459.5 -0.882353
4460.5 -0.941176
4461.5 2.05882
4462.5 0
4463.5 -2.76471
4464.5 0
4465.5 -1.88235
4466.5 2
4467.5 -0.941176
4468.5 -1.88235
4469.5 0
4470.5 -0.941176
4471.5 0.0588235
4472.5 0
4473.5 0
4474.5 0
4475.5 1
4476.5 1
4477.5 0
4478.5 0.0588235
4479.5 -0.941176
4480.5 0
4481.5 1
4482.5 0
4483.5 0
4484.5 0
4485.5 -0.941176
4486.5 2
4487.5 1
4488.5 -0.941176
4489.5 -0.941176
4490.5 0.0588235
4491.5 0
4492.5 2
4493.5 0
4494.5 -0.941176
4495.5 1
4496.5 0
4497.5 -0.941176
4498.5 -1.88235
4499.5 0
4500.5 -0.941176
4501.5 1
4502.5 0
4503.5 1
4504.5 1
4505.5 1
4506.5 1
4507.5 0
4508.5 2
4509.5 1
4510.5 0
4511.5 0
4512.5 0
4513.5 -0.941176
4514.5 -0.941176
4515.5 2
4516.5 1
4517.5 0
4518.5 0
4519.5 -0.941176
4520.5 0.0588235
4521.5 0
4522.5 0.0588235
4523.5 0
4524.5 1
4525.5 -0.941176
4526.5 1.05882
4527.5 2
4528.5 0
4529.5 2
4530.5 -0.882353
4531.5 0
4532.5 0
4533.5 0.0588235
4534.5 1
4535.5 0.0588235
4536.5 -0.941176
4537.5 2
4538.5 -0.882353
4539.5 2
4540.5 0
4541.5 0
4542.5 0
4543.5 0
4544.5 0
4545.5 0.0588235
4546.5 -1.88235
4547.5 -1.88235
4548.5 -1.88235
4549.5 2
4550.5 0
4551.5 0
4552.5 1
4553.5 0
4554.5 3
4555.5 2
4556.5 -1.82353
4557.5 -0.941176
4558.5 -0.941176
4559.5 -1.82353
4560.5 1
4561.5 0
4562.5 1
4563.5 2
4564.5 0
4565.5 -4.70588
4566.5 0.0588235
4567.5 -0.941176
4568.5 -0.823529
4569.5 3
4570.5 0.0588235
4571.5 -1.88235
4572.5 0.0588235
4573.5 0
4574.5 0.0588235
4575.5 0.0588235
4576.5 2
4577.5 3
4578.5 2
4579.5 -0.882353
4580.5 0
4581.5 0.0588235
4582.5 2
4583.5 -1.88235
4584.5 0.0588235
4585.5 -0.941176
4586.5 -1.88235
4587.5 -0.941176
4588.5 -0.941176
4589.5 -0.941176
4590.5 0
4591.5 -0.941176
4592.5 -0.941176
4593.5 1
4594.5 0.0588235
4595.5 -0.941176
4596.5 0.0588235
4597.5 0.117647
4598.5 0
4599.5 0
4600.5 2
4601.5 -1.88235
4602.5 0.0588235
4603.5 0.0588235
4604.5 -0.941176
4605.5 1
4606.5 -2.82353
4607.5 0
4608.5 0
4609.5 0
4610.5 -0.941176
4611.5 2
4612.5 -1.88235
4613.5 -0.941176
4614.5 1
4615.5 -0.941176
4616.5 -0.882353
4617.5 0.0588235
4618.5 -0.941176
4619.5 -0.941176
4620.5 2
4621.5 0
4622.5 0
4623.5 1
4624.5 2.05882
4625.5 0.0588235
4626.5 2
4627.5 0
4628.5 1
4629.5 -0.941176
4630.5 2
4631.5 1
4632.5 0
4633.5 -0.941176
4634.5 0
4635.5 -1.88235
4636.5 1.05882
4637.5 1
4638.5 0.0588235
4639.5 0
4640.5 1
4641.5 1
4642.5 0
4643.5 0.0588235
4644.5 1
4645.5 -1.88235
4646.5 0
4647.5 0.0588235
4648.5 1.05882
4649.5 2
4650.5 1.11765
4651.5 2.05882
4652.5 1
4653.5 -0.941176
4654.5 0
4655.5 -1.82353
4656.5 1
4657.5 1
4658.5 0
4659.5 -0.941176
4660.5 -0.941176
4661.5 0
4662.5 1
4663.5 2
4664.5 2
4665.5 0
4666.5 -1.88235
4667.5 0
4668.5 2
4669.5 -0.941176
4670.5 -0.941176
4671.5 -0.941176
4672.5 0.0588235
4673.5 1.05882
4674.5 1
4675.5 0
4676.5 1
4677.5 0
4678.5 2
4679.5 0
4680.5 -0.941176
4681.5 0
4682.5 -1.88235
4683.5 -0.882353
4684.5 -1.88235
4685.5 -0.941176
4686.5 -2.82353
4687.5 1
4688.5 0.176471
4689.5 -0.941176
4690.5 1
4691.5 -0.941176
4692.5 -0.941176
4693.5 0
4694.5 1
4695.5 0.0588235
4696.5 0
4697.5 0
4698.5 0
4699.5 0
4700.5 -0.941176
4701.5 0.0588235
4702.5 1
4703.5 0
4704.5 2
4705.5 -0.941176
4706.5 0
4707.5 1
4708.5 0.0588235
4709.5 1
4710.5 -0.941176
4711.5 1
4712.5 -0.941176
4713.5 1
4714.5 0
4715.5 0
4716.5 1
4717.5 1.05882
4718.5 0
4719.5 0
4720.5 -0.941176
4721.5 -0.941176
4722.5 1
4723.5 1.05882
4724.5 -0.941176
4725.5 0.0588235
4726.5 0.0588235
4727.5 0
4728.5 0.0588235
4729.5 1
4730.5 0
4731.5 0
4732.5 0
4733.5 1
4734.5 0.117647
4735.5 2
4736.5 1
4737.5 1
4738.5 -0.941176
4739.5 0
4740.5 3
4741.5 0
4742.5 -1.88235
4743.5 0
4744.5 0
4745.5 1
4746.5 0
4747.5 2
4748.5 -1.88235
4749.5 0.0588235
4750.5 0.0588235
4751.5 0.117647
4752.5 3
4753.5 -1.88235
4754.5 3
4755.5 1
4756.5 -0.941176
4757.5 0
4758.5 0
4759.5 -0.941176
4760.5 2
4761.5 -0.941176
4762.5 1
4763.5 1
4764.5 0
4765.5 1.05882
4766.5 0.117647
4767.5 0
4768.5 1.05882
4769.5 -0.941176
4770.5 -1.88235
4771.5 0.0588235
4772.5 0
4773.5 0.0588235
4774.5 -0.941176
4775.5 0
4776.5 0
4777.5 -1.88235
4778.5 0
4779.5 1.05882
4780.5 0
4781.5 0.0588235
4782.5 -0.941176
4783.5 0
4784.5 -0.941176
4785.5 -1.88235
4786.5 0.0588235
4787.5 -1.88235
4788.5 -0.941176
4789.5 -0.941176
4790.5 -1.88235
4791.5 1
4792.5 2
4793.5 0
4794.5 1
4795.5 -0.941176
4796.5 0
4797.5 0
4798.5 2
4799.5 0
4800.5 -0.941176
4801.5 0
4802.5 1.05882
4803.5 0.0588235
4804.5 -0.941176
4805.5 -1.88235
4806.5 -1.88235
4807.5 0.0588235
4808.5 0
4809.5 1
4810.5 0
4811.5 0
4812.5 0
4813.5 -0.941176
4814.5 0.0588235
4815.5 1.05882
4816.5 2
4817.5 1
4818.5 0
4819.5 0
4820.5 0
4821.5 1
4822.5 0
4823.5 0
4824.5 1
4825.5 0
4826.5 -0.941176
4827.5 0
4828.5 0.0588235
4829.5 0
4830.5 0
4831.5 1
4832.5 0
4833.5 -0.941176
4834.5 0
4835.5 0
4836.5 0.0588235
4837.5 -1.88235
4838.5 0.0588235
4839.5 -1.88235
4840.5 -0.941176
4841.5 2
4842.5 2.05882
4843.5 0.0588235
4844.5 1
4845.5 0.0588235
4846.5 -0.882353
4847.5 0
4848.5 -0.882353
4849.5 -0.941176
4850.5 1
4851.5 -0.941176
4852.5 0.0588235
4853.5 1
4854.5 0
4855.5 2
4856.5 0
4857.5 -0.941176
4858.5 1
4859.5 0
4860.5 -0.941176
4861.5 -1.88235
4862.5 -0.941176
4863.5 1
4864.5 0
4865.5 0
4866.5 0.0588235
4867.5 1
4868.5 -0.941176
4869.5 1.05882
4870.5 -0.941176
4871.5 0.0588235
4872.5 -0.941176
4873.5 -0.941176
4874.5 0.0588235
4875.5 1
4876.5 1.05882
4877.5 1
4878.5 -0.941176
4879.5 0
4880.5 1.05882
4881.5 0
4882.5 0.0588235
4883.5 1
4884.5 -1.88235
4885.5 1
4886.5 0.0588235
4887.5 -0.941176
4888.5 0
4889.5 -1.88235
4890.5 2
4891.5 0
4892.5 2.05882
4893.5 0
4894.5 1
4895.5 -1.88235
4896.5 1
4897.5 1
4898.5 1
4899.5 0.0588235
4900.5 0.0588235
4901.5 -0.882353
4902.5 1
4903.5 0.0588235
4904.5 -1.82353
4905.5 -0.941176
4906.5 2
4907.5 -1.88235
4908.5 0
4909.5 0
4910.5 0
4911.5 1
4912.5 1.05882
4913.5 2.05882
4914.5 -0.941176
4915.5 0.0588235
4916.5 3
4917.5 1
4918.5 1
4919.5 -1.88235
4920.5 0
4921.5 0
4922.5 2
4923.5 0.0588235
4924.5 -0.941176
4925.5 -1.88235
4926.5 0.0588235
4927.5 -0.941176
4928.5 0
4929.5 0
4930.5 0
4931.5 0.0588235
4932.5 -0.941176
4933.5 0.0588235
4934.5 0
4935.5 3
4936.5 1
4937.5 0
4938.5 -1.88235
4939.5 0
4940.5 -0.941176
4941.5 2
4942.5 1
4943.5 1
4944.5 0.0588235
4945.5 0.0588235
4946.5 0
4947.5 1
4948.5 -2.82353
4949.5 -1.88235
4950.5 0
4951.5 -1.88235
4952.5 0.0588235
4953.5 0
4954.5 0
4955.5 -0.941176
4956.5 -1.88235
4957.5 0
4958.5 1
4959.5 0
4960.5 1
4961.5 -0.941176
4962.5 -1.88235
4963.5 0
4964.5 1
4965.5 0.0588235
4966.5 -0.941176
4967.5 1
4968.5 0
4969.5 -0.941176
4970.5 1
4971.5 -1.88235
4972.5 1
4973.5 1
4974.5 0
4975.5 1
4976.5 0
4977.5 -0.941176
4978.5 -2.82353
4979.5 0.117647
4980.5 0
4981.5 1.05882
4982.5 -1.82353
4983.5 -0.941176
4984.5 3
4985.5 -0.882353
4986.5 1
4987.5 1
4988.5 0
4989.5 -0.941176
4990.5 -0.941176
4991.5 1
4992.5 -2.82353
4993.5 0
4994.5 0.0588235
4995.5 1
4996.5 1
4997.5 1
4998.5 0
4999.5 0.0588235
5000.5 -0.941176
5001.5 1
5002.5 1.05882
5003.5 0
5004.5 2
5005.5 0.0588235
5006.5 -1.88235
5007.5 1.05882
5008.5 0
5009.5 0
5010.5 2
5011.5 2
5012.5 -0.941176
5013.5 1
5014.5 0
5015.5 3
5016.5 0.0588235
5017.5 -0.941176
5018.5 1
5019.5 0
5020.5 2
5021.5 -0.941176
5022.5 0.0588235
5023.5 0.0588235
5024.5 0
5025.5 2.05882
5026.5 0
5027.5 -0.941176
5028.5 -0.882353
5029.5 0
5030.5 -1.88235
5031.5 0
5032.5 -0.941176
5033.5 1
5034.5 0
5035.5 1
5036.5 -0.941176
5037.5 0.117647
5038.5 2
5039.5 0
5040.5 0
5041.5 1.05882
5042.5 1
5043.5 0
5044.5 1
5045.5 -1.88235
5046.5 0.0588235
5047.5 -0.941176
5048.5 1
5049.5 0
5050.5 1
5051.5 1
5052.5 1
5053.5 -0.941176
5054.5 -0.941176
5055.5 1
5056.5 0
5057.5 -0.941176
5058.5 0
5059.5 1.05882
5060.5 -0.941176
5061.5 -0.882353
5062.5 0.0588235
5063.5 -0.941176
5064.5 -0.941176
5065.5 0
5066.5 0.0588235
5067.5 1
5068.5 -0.941176
5069.5 0.117647
5070.5 0.117647
5071.5 1.05882
5072.5 -2.76471
5073.5 0
5074.5 0
5075.5 0
5076.5 0
5077.5 1
5078.5 -2.82353
5079.5 -0.941176
5080.5 0
5081.5 0
5082.5 0.0588235
5083.5 0
5084.5 -0.941176
5085.5 0
5086.5 0.0588235
5087.5 -0.941176
5088.5 1
5089.5 1
5090.5 -0.882353
5091.5 1
5092.5 0
5093.5 1
5094.5 1
5095.5 1
5096.5 0
5097.5 0.0588235
5098.5 0
5099.5 0
5100.5 2
5101.5 -0.941176
5102.5 0.0588235
5103.5 0
5104.5 0.0588235
5105.5 0.0588235
5106.5 1
5107.5 -0.941176
5108.5 0.0588235
5109.5 1
5110.5 0
5111.5 -0.941176
5112.5 0
5113.5 1
5114.5 -0.941176
5115.5 -0.941176
5116.5 0.0588235
5117.5 0
5118.5 -0.941176
5119.5 3
5120.5 0.0588235
5121.5 0.117647
5122.5 2
5123.5 0
5124.5 -0.941176
5125.5 0
5126.5 1
5127.5 0
5128.5 0.0588235
5129.5 -0.882353
5130.5 -1.88235
5131.5 -0.941176
5132.5 1.05882
5133.5 0
5134.5 0.0588235
5135.5 1.05882
5136.5 -2.82353
5137.5 0
5138.5 -0.941176
5139.5 2
5140.5 -1.88235
5141.5 0
5142.5 1
5143.5 0
5144.5 0
5145.5 -0.941176
5146.5 0
5147.5 0.0588235
5148.5 2.05882
5149.5 0
5150.5 0
5151.5 1
5152.5 0
5153.5 -1.88235
5154.5 0
5155.5 1
5156.5 0
5157.5 2.05882
5158.5 0.0588235
5159.5 0.0588235
5160.5 -2.76471
5161.5 1
5162.5 -0.882353
5163.5 -2.82353
5164.5 -0.941176
5165.5 0
5166.5 1.05882
5167.5 -0.941176
5168.5 0.0588235
5169.5 0
5170.5 0.0588235
5171.5 -0.941176
5172.5 0
5173.5 0
5174.5 0
5175.5 -0.941176
5176.5 -0.941176
5177.5 0
5178.5 -0.941176
5179.5 -0.941176
5180.5 2.05882
5181.5 1
5182.5 0
5183.5 1.05882
5184.5 2
5185.5 -0.941176
5186.5 -0.941176
5187.5 0
5188.5 -1.88235
5189.5 0.0588235
5190.5 0.0588235
5191.5 -0.941176
5192.5 -0.941176
5193.5 -0.941176
5194.5 0
5195.5 0
5196.5 3
5197.5 -0.941176
5198.5 0
5199.5 -0.941176
5200.5 0
5201.5 1
5202.5 0
5203.5 1
5204.5 1
5205.5 0
5206.5 1
5207.5 0
5208.5 0
5209.5 0
5210.5 2
5211.5 -0.941176
5212.5 -1.88235
5213.5 0
5214.5 0
5215.5 1
5216.5 0
5217.5 0
5218.5 0
5219.5 1
5220.5 0.0588235
5221.5 0
5222.5 -0.882353
5223.5 0
5224.5 1
5225.5 0
5226.5 1
5227.5 1
5228.5 -0.941176
5229.5 0
5230.5 1
5231.5 -0.882353
5232.5 1
5233.5 0.0588235
5234.5 0
5235.5 0
5236.5 -0.941176
5237.5 -0.941176
5238.5 -0.941176
5239.5 -0.941176
5240.5 2.05882
5241.5 0
5242.5 0
5243.5 0
5244.5 0
5245.5 1
5246.5 0
5247.5 0.117647
5248.5 0
5249.5 1
5250.5 -1.88235
5251.5 -0.941176
5252.5 1
5253.5 1
5254.5 -0.941176
5255.5 1
5256.5 -3.76471
5257.5 0.0588235
5258.5 -0.882353
5259.5 1
5260.5 -0.941176
5261.5 1
5262.5 1
5263.5 -0.941176
5264.5 -2.82353
5265.5 -0.941176
5266.5 -0.882353
5267.5 1
5268.5 1.05882
5269.5 -0.941176
5270.5 -0.941176
5271.5 -0.941176
5272.5 1.05882
5273.5 0
5274.5 -0.941176
5275.5 1
5276.5 0.0588235
5277.5 0
5278.5 0
5279.5 -0.941176
5280.5 1
5281.5 1
5282.5 -0.941176
5283.5 -0.941176
5284.5 -0.941176
5285.5 0.0588235
5286.5 0
5287.5 -0.941176
5288.5 1
5289.5 0
5290.5 1
5291.5 -0.941176
5292.5 3
5293.5 0
5294.5 0.0588235
5295.5 -0.941176
5296.5 0.117647
5297.5 1
5298.5 1
5299.5 0
5300.5 -1.88235
5301.5 0
5302.5 2
5303.5 -0.941176
5304.5 0
5305.5 -0.941176
5306.5 1
5307.5 1
5308.5 0
5309.5 0.0588235
5310.5 0
5311.5 0.0588235
5312.5 1
5313.5 0
5314.5 0.117647
5315.5 0.117647
5316.5 0
5317.5 -1.88235
5318.5 1
5319.5 -0.941176
5320.5 0.0588235
5321.5 0.0588235
5322.5 0
5323.5 0
5324.5 0
5325.5 2
5326.5 -0.941176
5327.5 1
5328.5 0
5329.5 -0.941176
5330.5 -0.941176
5331.5 0.0588235
5332.5 0
5333.5 0
5334.5 0.117647
5335.5 -0.941176
5336.5 -0.941176
5337.5 1
5338.5 -0.941176
5339.5 -1.88235
5340.5 -1.88235
5341.5 0
5342.5 -0.941176
5343.5 1
5344.5 1
5345.5 -0.941176
5346.5 0
5347.5 2
5348.5 0.176471
5349.5 -2.82353
5350.5 -0.941176
5351.5 0.0588235
5352.5 -0.941176
5353.5 2.05882
5354.5 -2.82353
5355.5 -0.941176
5356.5 0.176471
5357.5 -1.76471
5358.5 0.0588235
5359.5 0
5360.5 0
5361.5 -0.941176
5362.5 -1.88235
5363.5 0
5364.5 -0.941176
5365.5 0
5366.5 0
5367.5 1
5368.5 -0.941176
5369.5 1
5370.5 1.05882
5371.5 0
5372.5 0
5373.5 0
5374.5 0
5375.5 0.0588235
5376.5 2
5377.5 1
5378.5 -0.941176
5379.5 1
5380.5 0
5381.5 0
5382.5 -1.88235
5383.5 1
5384.5 -3.76471
5385.5 3
5386.5 0.0588235
5387.5 0.117647
5388.5 2
5389.5 2.05882
5390.5 -2.82353
5391.5 0.117647
5392.5 0
5393.5 3
5394.5 1.05882
5395.5 1.05882
5396.5 -1.88235
5397.5 2.05882
5398.5 -0.882353
5399.5 1
5400.5 0.0588235
5401.5 2
5402.5 -1.88235
5403.5 1.05882
5404.5 -0.941176
5405.5 0
5406.5 0.0588235
5407.5 -0.941176
5408.5 -0.941176
5409.5 -1.88235
5410.5 -2.82353
5411.5 1
5412.5 0
5413.5 0
5414.5 0
5415.5 -0.941176
5416.5 0
5417.5 0.0588235
5418.5 0
5419.5 1
5420.5 -0.941176
5421.5 -0.941176
5422.5 -0.941176
5423.5 0
5424.5 1
5425.5 1
5426.5 0
5427.5 0
5428.5 2
5429.5 -0.941176
5430.5 1
5431.5 -1.82353
5432.5 0
5433.5 1
5434.5 0
5435.5 0
5436.5 0
5437.5 0
5438.5 0
5439.5 -0.941176
5440.5 -0.941176
5441.5 0
5442.5 1
5443.5 0.0588235
5444.5 0
5445.5 1
5446.5 1
5447.5 0
5448.5 0
5449.5 0
5450.5 -0.941176
5451.5 0.0588235
5452.5 0
5453.5 0
5454.5 -0.882353
5455.5 -0.941176
5456.5 0
5457.5 0
5458.5 0
5459.5 -0.941176
5460.5 0.0588235
5461.5 0
5462.5 1
5463.5 0
5464.5 0.117647
5465.5 -0.941176
5466.5 -0.941176
5467.5 -0.941176
5468.5 1
5469.5 0
5470.5 1
5471.5 1
5472.5 0.0588235
5473.5 1
5474.5 -1.88235
5475.5 1.05882
5476.5 0
5477.5 0
5478.5 0
5479.5 -2.82353
5480.5 0
5481.5 -1.88235
5482.5 0.0588235
5483.5 1
5484.5 0
5485.5 0
5486.5 0
5487.5 1
5488.5 -0.882353
5489.5 0.0588235
5490.5 0.0588235
5491.5 1
5492.5 0.0588235
5493.5 0
5494.5 1
5495.5 0
5496.5 0.0588235
5497.5 0
5498.5 1
5499.5 0
5500.5 0
5501.5 -0.941176
5502.5 0
5503.5 -0.941176
5504.5 0
5505.5 4
5506.5 0
5507.5 1.05882
5508.5 -1.88235
5509.5 1.05882
5510.5 0.0588235
5511.5 0.0588235
5512.5 1.05882
5513.5 2.05882
5514.5 0.117647
5515.5 -0.941176
5516.5 1
5517.5 2.05882
5518.5 -1.88235
5519.5 -1.82353
5520.5 1
5521.5 0
5522.5 0.0588235
5523.5 1
5524.5 -0.941176
5525.5 1
5526.5 0
5527.5 1
5528.5 1
5529.5 0
5530.5 0
5531.5 0.0588235
5532.5 -0.941176
5533.5 0
5534.5 -0.941176
5535.5 0
5536.5 0
5537.5 1
5538.5 1
5539.5 0
5540.5 -0.941176
5541.5 -1.88235
5542.5 -1.88235
5543.5 0
5544.5 -0.941176
5545.5 0
5546.5 1
5547.5 0
5548.5 0
5549.5 0
5550.5 0
5551.5 -0.941176
5552.5 1
5553.5 -1.88235
5554.5 -0.941176
5555.5 1.05882
5556.5 0
5557.5 -1.88235
5558.5 -0.823529
5559.5 -0.941176
5560.5 0.0588235
5561.5 0
5562.5 0
5563.5 0
5564.5 0
5565.5 -0.941176
5566.5 -0.941176
5567.5 1
5568.5 0
5569.5 1
5570.5 0
5571.5 -0.941176
5572.5 0.0588235
5573.5 0
5574.5 1.05882
5575.5 2
5576.5 -0.882353
5577.5 0.0588235
5578.5 1
5579.5 2
5580.5 0.0588235
5581.5 1.05882
5582.5 0
5583.5 1
5584.5 -0.941176
5585.5 0.0588235
5586.5 -1.82353
5587.5 0
5588.5 0
5589.5 0
5590.5 0
5591.5 0
5592.5 1
5593.5 2
5594.5 1
5595.5 -0.941176
5596.5 3
5597.5 -0.941176
5598.5 0
5599.5 -0.941176
5600.5 1
5601.5 0
5602.5 1
5603.5 -0.941176
5604.5 -0.941176
5605.5 -0.941176
5606.5 0.0588235
5607.5 0
5608.5 -0.882353
5609.5 -0.882353
5610.5 0
5611.5 3
5612.5 1
5613.5 0
5614.5 1
5615.5 0.0588235
5616.5 0
5617.5 0
5618.5 0
5619.5 0.0588235
5620.5 0
5621.5 -0.941176
5622.5 1
5623.5 3
5624.5 0
5625.5 -0.941176
5626.5 -0.882353
5627.5 0
5628.5 0
5629.5 -0.941176
5630.5 -0.941176
5631.5 -0.941176
5632.5 0.0588235
5633.5 0
5634.5 -1.88235
5635.5 -0.941176
5636.5 0
5637.5 -0.941176
5638.5 -0.941176
5639.5 0
5640.5 1
5641.5 1
5642.5 -1.88235
5643.5 -1.88235
5644.5 0
5645.5 0
5646.5 1
5647.5 1
5648.5 -0.941176
5649.5 0
5650.5 0
5651.5 -0.941176
5652.5 0.0588235
5653.5 -0.941176
5654.5 0
5655.5 1
5656.5 -0.941176
5657.5 -0.941176
5658.5 -0.941176
5659.5 -0.941176
5660.5 -2.82353
5661.5 0.0588235
5662.5 0.0588235
5663.5 0.0588235
5664.5 0
5665.5 0
5666.5 -1.88235
5667.5 -0.941176
5668.5 0
5669.5 0.0588235
5670.5 1
5671.5 0
5672.5 0
5673.5 -0.882353
5674.5 1
5675.5 -0.941176
5676.5 0.0588235
5677.5 0
5678.5 0
5679.5 0.0588235
5680.5 0.0588235
5681.5 0
5682.5 1
5683.5 0
5684.5 0
5685.5 0
5686.5 0
5687.5 -0.941176
5688.5 -1.88235
5689.5 0
5690.5 0
5691.5 0
5692.5 1
5693.5 1
5694.5 0
5695.5 0
5696.5 0
5697.5 2
5698.5 0
5699.5 0
5700.5 0
5701.5 -0.941176
5702.5 0
5703.5 1
5704.5 -0.941176
5705.5 1
5706.5 0
5707.5 -0.941176
5708.5 -0.941176
5709.5 0
5710.5 2
5711.5 0
5712.5 0
5713.5 0
5714.5 0.0588235
5715.5 -0.941176
5716.5 0.0588235
5717.5 -1.88235
5718.5 0
5719.5 0.0588235
5720.5 -0.941176
5721.5 1
5722.5 0.0588235
5723.5 -0.941176
5724.5 1
5725.5 0.0588235
5726.5 2
5727.5 0.0588235
5728.5 0.0588235
5729.5 0
5730.5 0.0588235
5731.5 1.05882
5732.5 0
5733.5 1
5734.5 -1.88235
5735.5 0
5736.5 -0.941176
5737.5 1.05882
5738.5 -0.941176
5739.5 -0.941176
5740.5 0
5741.5 1
5742.5 0
5743.5 -0.941176
5744.5 1
5745.5 0
5746.5 0
5747.5 -1.88235
5748.5 0
5749.5 1
5750.5 0
5751.5 0
5752.5 0
5753.5 1
5754.5 1
5755.5 0
5756.5 0
5757.5 1
5758.5 -0.941176
5759.5 -0.941176
5760.5 -1.88235
5761.5 1
5762.5 0
5763.5 0
5764.5 0
5765.5 1
5766.5 1
5767.5 0
5768.5 -0.941176
5769.5 -0.941176
5770.5 0
5771.5 0
5772.5 0
5773.5 1
5774.5 -2.82353
5775.5 -1.88235
5776.5 0
5777.5 0.0588235
5778.5 0
5779.5 0
5780.5 1
5781.5 0.0588235
5782.5 1
5783.5 1
5784.5 0
5785.5 -0.941176
5786.5 1
5787.5 1
5788.5 0
5789.5 1
5790.5 -0.941176
5791.5 0
5792.5 0.0588235
5793.5 -0.941176
5794.5 1
5795.5 0
5796.5 0
5797.5 0
5798.5 -1.88235
5799.5 0
5800.5 2
5801.5 0
5802.5 0
5803.5 0
5804.5 1
5805.5 0
5806.5 -0.941176
5807.5 1
5808.5 0
5809.5 -1.88235
5810.5 0.0588235
5811.5 0
5812.5 0
5813.5 0
5814.5 1
5815.5 -1.88235
5816.5 1
5817.5 1
5818.5 2
5819.5 -0.882353
5820.5 1
5821.5 -0.941176
5822.5 0
5823.5 -0.941176
5824.5 0
5825.5 1
5826.5 2
5827.5 0
5828.5 0
5829.5 1
5830.5 -1.88235
5831.5 0.0588235
5832.5 0
5833.5 1.05882
5834.5 -0.941176
5835.5 -0.941176
5836.5 0
5837.5 1
5838.5 0.117647
5839.5 -0.941176
5840.5 1
5841.5 -1.88235
5842.5 1
5843.5 1
5844.5 1
5845.5 0
5846.5 0
5847.5 0
5848.5 -0.941176
5849.5 -0.941176
5850.5 1
5851.5 0
5852.5 0
5853.5 0.0588235
5854.5 0.0588235
5855.5 0
5856.5 -0.941176
5857.5 -0.941176
5858.5 -0.941176
5859.5 0
5860.5 1
5861.5 0
5862.5 0
5863.5 0
5864.5 0.0588235
5865.5 0
5866.5 0
5867.5 -0.941176
5868.5 0
5869.5 0
5870.5 0
5871.5 -0.941176
5872.5 0
5873.5 -0.941176
5874.5 -0.941176
5875.5 0
5876.5 1
5877.5 1
5878.5 0
5879.5 0
5880.5 1
5881.5 0
5882.5 0
5883.5 0.0588235
5884.5 0
5885.5 0
5886.5 -0.941176
5887.5 1
5888.5 -0.941176
5889.5 0
5890.5 1.05882
5891.5 1
5892.5 1.05882
5893.5 1
5894.5 0.0588235
5895.5 -0.941176
5896.5 1.05882
5897.5 1
5898.5 0.0588235
5899.5 2.05882
5900.5 0.176471
5901.5 0.0588235
5902.5 2.05882
5903.5 2.05882
5904.5 -0.941176
5905.5 0
5906.5 2
5907.5 0
5908.5 2
5909.5 2
5910.5 -0.941176
5911.5 2
5912.5 0
5913.5 0
5914.5 0.0588235
5915.5 -0.941176
5916.5 1
5917.5 -2.82353
5918.5 0.0588235
5919.5 0
5920.5 1
5921.5 -0.941176
5922.5 0
5923.5 0
5924.5 -0.941176
5925.5 1
5926.5 0
5927.5 -0.941176
5928.5 0.0588235
5929.5 1
5930.5 0
5931.5 0
5932.5 0
5933.5 0
5934.5 1
5935.5 0
5936.5 1
5937.5 0
5938.5 -0.941176
5939.5 1
5940.5 0
5941.5 0
5942.5 0
5943.5 0
5944.5 0
5945.5 -0.941176
5946.5 0
5947.5 0.0588235
5948.5 0
5949.5 -0.941176
5950.5 0
5951.5 0
5952.5 0
5953.5 0
5954.5 0
5955.5 -0.941176
5956.5 0
5957.5 1
5958.5 0
5959.5 -0.941176
5960.5 0
5961.5 0
5962.5 4
5963.5 1
5964.5 0
5965.5 -0.941176
5966.5 0
5967.5 -0.941176
5968.5 2.05882
5969.5 2
5970.5 -0.941176
5971.5 -0.941176
5972.5 1
5973.5 -0.941176
5974.5 1
5975.5 0
5976.5 1
5977.5 0
5978.5 1
5979.5 1
5980.5 0
5981.5 -0.941176
5982.5 -0.941176
5983.5 1
5984.5 2
5985.5 -0.941176
5986.5 -0.941176
5987.5 0
5988.5 1
5989.5 0
5990.5 0
5991.5 0
5992.5 0.0588235
5993.5 0
5994.5 -1.88235
5995.5 0
5996.5 0
5997.5 -0.941176
5998.5 2.05882
5999.5 0.0588235
6000.5 2
6001.5 1.05882
6002.5 -0.882353
6003.5 -0.941176
6004.5 0
6005.5 0.0588235
6006.5 1
6007.5 0.0588235
6008.5 0.0588235
6009.5 0
6010.5 0.0588235
6011.5 0
6012.5 1
6013.5 0.0588235
6014.5 0
6015.5 0.0588235
6016.5 1
6017.5 1
6018.5 1
6019.5 0
6020.5 0
6021.5 0.0588235
6022.5 1
6023.5 1
6024.5 2
6025.5 0
6026.5 0
6027.5 1
6028.5 0
6029.5 -0.882353
6030.5 -0.941176
6031.5 1
6032.5 0.0588235
6033.5 2.11765
6034.5 2
6035.5 0
6036.5 1.05882
6037.5 -3.70588
6038.5 0.0588235
6039.5 0
6040.5 0
6041.5 0.0588235
6042.5 -0.941176
6043.5 2
6044.5 0
6045.5 0
6046.5 1
6047.5 0.0588235
6048.5 0
6049.5 -0.941176
6050.5 0
6051.5 0
6052.5 0
6053.5 -0.823529
6054.5 -0.941176
6055.5 1
6056.5 -0.941176
6057.5 1
6058.5 0
6059.5 0
6060.5 1
6061.5 0
6062.5 0
6063.5 0
6064.5 0.0588235
6065.5 0
6066.5 -1.88235
6067.5 1
6068.5 0
6069.5 0
6070.5 1
6071.5 0
6072.5 0.0588235
6073.5 0
6074.5 0
6075.5 0
6076.5 -1.88235
6077.5 1
6078.5 0
6079.5 0
6080.5 -0.941176
6081.5 1
6082.5 0
6083.5 0
6084.5 0
6085.5 1
6086.5 1
6087.5 0
6088.5 0
6089.5 0
6090.5 0
6091.5 -0.941176
6092.5 -0.941176
6093.5 -2.82353
6094.5 0
6095.5 -0.941176
6096.5 1
6097.5 -0.941176
6098.5 0
6099.5 0
6100.5 -0.941176
6101.5 -0.941176
6102.5 0
6103.5 1
6104.5 1
6105.5 -0.941176
6106.5 0.117647
6107.5 -0.941176
6108.5 -0.941176
6109.5 0.0588235
6110.5 0
6111.5 1
6112.5 2.05882
6113.5 0
6114.5 0
6115.5 0
6116.5 3.05882
6117.5 -1.88235
6118.5 1
6119.5 0
6120.5 0
6121.5 0.0588235
6122.5 1
6123.5 -0.882353
6124.5 -2.82353
6125.5 2
6126.5 2
6127.5 3
6128.5 2
6129.5 0
6130.5 1
6131.5 0
6132.5 0
6133.5 -0.941176
6134.5 0
6135.5 1
6136.5 1.05882
6137.5 3
6138.5 -0.882353
6139.5 0
6140.5 0.0588235
6141.5 0
6142.5 -0.941176
6143.5 0
6144.5 -0.941176
6145.5 0
6146.5 0
6147.5 1
6148.5 -0.941176
6149.5 0
6150.5 0
6151.5 0
6152.5 0
6153.5 0
6154.5 0
6155.5 0
6156.5 0.0588235
6157.5 0
6158.5 0
6159.5 0
6160.5 1
6161.5 1
6162.5 2
6163.5 0
6164.5 0
6165.5 2
6166.5 1
6167.5 0
6168.5 0.0588235
6169.5 0
6170.5 0
6171.5 0
6172.5 -0.941176
6173.5 0
6174.5 0
6175.5 0
6176.5 0.0588235
6177.5 1
6178.5 0
6179.5 0
6180.5 1
6181.5 1
6182.5 0
6183.5 -1.88235
6184.5 2
6185.5 0
6186.5 0
6187.5 1
6188.5 0
6189.5 0
6190.5 -0.941176
6191.5 0
6192.5 0.0588235
6193.5 -1.88235
6194.5 1
6195.5 0.0588235
6196.5 0
6197.5 0
6198.5 1
6199.5 0
6200.5 0
6201.5 0
6202.5 0
6203.5 0
6204.5 1
6205.5 0
6206.5 1
6207.5 0
6208.5 0
6209.5 0
6210.5 1
6211.5 0
6212.5 -0.941176
6213.5 1
6214.5 0
6215.5 1
6216.5 0
6217.5 0
6218.5 -0.941176
6219.5 0
6220.5 -0.941176
6221.5 1
6222.5 0
6223.5 0
6224.5 1
6225.5 0
6226.5 1
6227.5 0
6228.5 0.0588235
6229.5 0
6230.5 0
6231.5 0
6232.5 0
6233.5 0
6234.5 3
6235.5 -0.941176
6236.5 -0.941176
6237.5 0
6238.5 0
6239.5 0
6240.5 1
6241.5 0
6242.5 -0.941176
6243.5 0
6244.5 0
6245.5 1
6246.5 0
6247.5 0
6248.5 1
6249.5 0
6250.5 0
6251.5 1
6252.5 -0.941176
6253.5 -0.941176
6254.5 0
6255.5 0
6256.5 -1.88235
6257.5 0.0588235
6258.5 0
6259.5 -0.941176
6260.5 0
6261.5 0.0588235
6262.5 -0.941176
6263.5 -1.88235
6264.5 0
6265.5 0
6266.5 0
6267.5 0
6268.5 1
6269.5 -0.941176
6270.5 -0.941176
6271.5 0
6272.5 0
6273.5 0
6274.5 0
6275.5 0
6276.5 0
6277.5 0
6278.5 0
6279.5 -1.88235
6280.5 0
6281.5 0
6282.5 1
6283.5 0
6284.5 -0.941176
6285.5 1
6286.5 0
6287.5 0
6288.5 -0.941176
6289.5 1
6290.5 0
6291.5 -0.941176
6292.5 0
6293.5 1
6294.5 1
6295.5 -0.941176
6296.5 0
6297.5 1
6298.5 0
6299.5 0
6300.5 0
6301.5 0
6302.5 -0.941176
6303.5 -0.941176
6304.5 0
6305.5 -0.941176
6306.5 -0.941176
6307.5 1
6308.5 -0.941176
6309.5 -0.941176
6310.5 0
6311.5 0
6312.5 0
6313.5 0
6314.5 -0.941176
6315.5 2
6316.5 1
6317.5 0
6318.5 0
6319.5 -0.941176
6320.5 -0.941176
6321.5 0
6322.5 1
6323.5 0
6324.5 -0.941176
6325.5 1
6326.5 0
6327.5 -0.882353
6328.5 2
6329.5 0
6330.5 0
6331.5 0
6332.5 -0.941176
6333.5 -1.88235
6334.5 -0.941176
6335.5 0
6336.5 0
6337.5 0
6338.5 1.05882
6339.5 0
6340.5 0
6341.5 0
6342.5 0
6343.5 0
6344.5 0
6345.5 0
6346.5 -0.941176
6347.5 -0.941176
6348.5 1
6349.5 0
6350.5 0
6351.5 0
6352.5 0
6353.5 0
6354.5 1
6355.5 0
6356.5 0
6357.5 -0.941176
6358.5 0
6359.5 0
6360.5 0
6361.5 0
6362.5 0
6363.5 1
6364.5 0
6365.5 0
6366.5 0
6367.5 0
6368.5 1
6369.5 0
6370.5 0
6371.5 0
6372.5 0
6373.5 0
6374.5 0
6375.5 1
6376.5 1
6377.5 1
6378.5 0
6379.5 0
6380.5 0
6381.5 0
6382.5 1
6383.5 -0.941176
6384.5 0
6385.5 0
6386.5 -0.941176
6387.5 0
6388.5 1
6389.5 0
6390.5 0
6391.5 2
6392.5 1
6393.5 -0.941176
6394.5 0
6395.5 1
6396.5 0
6397.5 -1.88235
6398.5 0
6399.5 0
6400.5 0
6401.5 0
6402.5 0
6403.5 0
6404.5 1
6405.5 0
6406.5 0
6407.5 -0.941176
6408.5 0
6409.5 0
6410.5 0
6411.5 1
6412.5 0
6413.5 0
6414.5 0
6415.5 -0.941176
6416.5 0
6417.5 -0.941176
6418.5 0
6419.5 0.0588235
6420.5 3
6421.5 0.0588235
6422.5 -0.941176
6423.5 0.0588235
6424.5 -0.941176
6425.5 0
6426.5 0
6427.5 -0.941176
6428.5 0
6429.5 0
6430.5 0
6431.5 -0.941176
6432.5 1
6433.5 -0.941176
6434.5 0
6435.5 0
6436.5 0
6437.5 0
6438.5 0
6439.5 -0.941176
6440.5 1
6441.5 1
6442.5 1
6443.5 0
6444.5 0
6445.5 0
6446.5 0
6447.5 -0.941176
6448.5 0
6449.5 0
6450.5 -0.941176
6451.5 0
6452.5 0
6453.5 0
6454.5 0
6455.5 0
6456.5 0
6457.5 1
6458.5 0
6459.5 -0.941176
6460.5 1
6461.5 0
6462.5 1
6463.5 0
6464.5 0
6465.5 0
6466.5 0
6467.5 1
6468.5 0
6469.5 0.0588235
6470.5 0
6471.5 1
6472.5 -0.941176
6473.5 1
6474.5 -0.941176
6475.5 0
6476.5 -0.941176
6477.5 -0.941176
6478.5 0
6479.5 -0.882353
6480.5 1
6481.5 2
6482.5 -0.941176
6483.5 0
6484.5 0.0588235
6485.5 1
6486.5 0
6487.5 -0.941176
6488.5 1
6489.5 1
6490.5 0
6491.5 0
6492.5 -0.941176
6493.5 0
6494.5 1
6495.5 0
6496.5 1
6497.5 0
6498.5 -0.941176
6499.5 0
6500.5 0
6501.5 0
6502.5 0
6503.5 0
6504.5 1
6505.5 1
6506.5 0
6507.5 1
6508.5 0
6509.5 0
6510.5 -0.941176
6511.5 0
6512.5 0
6513.5 0.0588235
6514.5 0
6515.5 0.0588235
6516.5 0
6517.5 0
6518.5 0
6519.5 0
6520.5 0
6521.5 0
6522.5 0
6523.5 1
6524.5 0
6525.5 -0.941176
6526.5 0
6527.5 0
6528.5 1
6529.5 -0.941176
6530.5 -0.941176
6531.5 0
6532.5 0
6533.5 -0.941176
6534.5 1
6535.5 0
6536.5 1
6537.5 0
6538.5 1
6539.5 0
6540.5 0
6541.5 1
6542.5 1
6543.5 -0.882353
6544.5 1
6545.5 1
6546.5 -0.941176
6547.5 1
6548.5 0
6549.5 0
6550.5 1
6551.5 -0.882353
6552.5 0
6553.5 0
6554.5 0
6555.5 0
6556.5 1
6557.5 0
6558.5 0
6559.5 0
6560.5 -0.941176
6561.5 -0.941176
6562.5 1
6563.5 0
6564.5 0
6565.5 0
6566.5 0
6567.5 0
6568.5 0
6569.5 1
6570.5 0
6571.5 0
6572.5 0
6573.5 0
6574.5 0
6575.5 0
6576.5 0
6577.5 0
6578.5 0
6579.5 0
6580.5 0
6581.5 -0.941176
6582.5 1
6583.5 -0.941176
6584.5 0
6585.5 0
6586.5 0
6587.5 0
6588.5 1
6589.5 0
6590.5 0
6591.5 -0.941176
6592.5 0
6593.5 1
6594.5 2
6595.5 -0.941176
6596.5 -2.82353
6597.5 0
6598.5 0
6599.5 0
6600.5 1
6601.5 0
6602.5 -0.882353
6603.5 0
6604.5 0
6605.5 1
6606.5 0
6607.5 0
6608.5 2
6609.5 0
6610.5 1.05882
6611.5 1
6612.5 0
6613.5 0
6614.5 0
6615.5 -0.941176
6616.5 1
6617.5 -0.941176
6618.5 -0.941176
6619.5 0
6620.5 0.0588235
6621.5 1
6622.5 1
6623.5 0
6624.5 0
6625.5 0
6626.5 0
6627.5 -0.941176
6628.5 2
6629.5 -0.941176
6630.5 0
6631.5 0
6632.5 1
6633.5 1
6634.5 0
6635.5 0
6636.5 0
6637.5 0
6638.5 1
6639.5 -0.941176
6640.5 1
6641.5 1
6642.5 1
6643.5 0
6644.5 0
6645.5 1
6646.5 0
6647.5 0.0588235
6648.5 0
6649.5 0
6650.5 0
6651.5 1
6652.5 -0.941176
6653.5 0
6654.5 1
6655.5 0
6656.5 0
6657.5 0
6658.5 0
6659.5 0
6660.5 0
6661.5 0
6662.5 0
6663.5 0
6664.5 0
6665.5 0
6666.5 0
6667.5 0
6668.5 0
6669.5 0
6670.5 0
6671.5 0
6672.5 1
6673.5 0
6674.5 0
6675.5 1
6676.5 0
6677.5 -0.941176
6678.5 -0.941176
6679.5 0
6680.5 0
6681.5 -0.941176
6682.5 0
6683.5 0
6684.5 -0.941176
6685.5 0
6686.5 0
6687.5 0
6688.5 0
6689.5 0
6690.5 0
6691.5 0
6692.5 -0.941176
6693.5 0
6694.5 0
6695.5 0
6696.5 0
6697.5 1
6698.5 0
6699.5 -1.88235
6700.5 0
6701.5 0
6702.5 -0.941176
6703.5 0
6704.5 0
6705.5 -0.941176
6706.5 0
6707.5 0
6708.5 0
6709.5 0
6710.5 0
6711.5 -0.941176
6712.5 -0.941176
6713.5 0
6714.5 0
6715.5 0
6716.5 0
6717.5 0
6718.5 0
6719.5 0
6720.5 0
6721.5 1
6722.5 1
6723.5 -0.941176
6724.5 0
6725.5 -0.941176
6726.5 0
6727.5 0
6728.5 0
6729.5 0
6730.5 1
6731.5 -1.88235
6732.5 0
6733.5 1
6734.5 0
6735.5 -0.941176
6736.5 1
6737.5 1
6738.5 0
6739.5 1
6740.5 0
6741.5 0
6742.5 0
6743.5 1
6744.5 0
6745.5 0
6746.5 0
6747.5 0
6748.5 0
6749.5 0
6750.5 0.0588235
6751.5 0
6752.5 0.0588235
6753.5 0.0588235
6754.5 0
6755.5 0
6756.5 -0.941176
6757.5 0
6758.5 0
6759.5 0
6760.5 0
6761.5 0
6762.5 -0.941176
6763.5 0
6764.5 -0.941176
6765.5 1
6766.5 -0.941176
6767.5 0
6768.5 1
6769.5 -0.941176
6770.5 2
6771.5 1.05882
6772.5 0
6773.5 -0.941176
6774.5 0
6775.5 0
6776.5 1
6777.5 0
6778.5 0
6779.5 0
6780.5 0
6781.5 -0.941176
6782.5 0
6783.5 -0.941176
6784.5 1
6785.5 -1.88235
6786.5 0
6787.5 0
6788.5 0
6789.5 0
6790.5 0
6791.5 -0.941176
6792.5 0
6793.5 1
6794.5 0
6795.5 0
6796.5 0
6797.5 0
6798.5 0
6799.5 0
6800.5 -0.941176
6801.5 0
6802.5 -0.941176
6803.5 0
6804.5 0
6805.5 0
6806.5 -0.941176
6807.5 1
6808.5 -0.941176
6809.5 0
6810.5 0.0588235
6811.5 0
6812.5 1
6813.5 1
6814.5 0
6815.5 0
6816.5 0.0588235
6817.5 0
6818.5 -0.941176
6819.5 1
6820.5 -0.941176
6821.5 0
6822.5 0
6823.5 0
6824.5 1
6825.5 -0.941176
6826.5 0
6827.5 0
6828.5 1
6829.5 0
6830.5 0.0588235
6831.5 0
6832.5 0
6833.5 0
6834.5 0
6835.5 0
6836.5 0
6837.5 0
6838.5 1
6839.5 0
6840.5 1
6841.5 0
6842.5 0
6843.5 1
6844.5 0
6845.5 0
6846.5 0
6847.5 0
6848.5 -0.941176
6849.5 0
6850.5 0
6851.5 0
6852.5 0
6853.5 0
6854.5 1
6855.5 0
6856.5 -0.941176
6857.5 0
6858.5 0
6859.5 0
6860.5 -0.941176
6861.5 -2.82353
6862.5 0
6863.5 0
6864.5 -0.941176
6865.5 1
6866.5 1
6867.5 -1.88235
6868.5 -0.941176
6869.5 0
6870.5 1
6871.5 -0.941176
6872.5 0
6873.5 0
6874.5 0.0588235
6875.5 0
6876.5 1
6877.5 0
6878.5 0
6879.5 0
6880.5 0
6881.5 0.0588235
6882.5 0
6883.5 0
6884.5 -0.941176
6885.5 0
6886.5 0
6887.5 1
6888.5 0
6889.5 0
6890.5 0
6891.5 -0.941176
6892.5 1
6893.5 -0.941176
6894.5 1
6895.5 0
6896.5 0
6897.5 -0.941176
6898.5 0
6899.5 0
6900.5 0
6901.5 0.0588235
6902.5 0
6903.5 0
6904.5 -0.941176
6905.5 -0.941176
6906.5 0
6907.5 0
6908.5 0
6909.5 0
6910.5 0
6911.5 0
6912.5 0
6913.5 2
6914.5 1
6915.5 1
6916.5 0
6917.5 1
6918.5 0
6919.5 0
6920.5 0
6921.5 1
6922.5 0
6923.5 1
6924.5 -0.941176
6925.5 0
6926.5 0
6927.5 0
6928.5 -0.941176
6929.5 0
6930.5 0
6931.5 0.0588235
6932.5 0
6933.5 -0.941176
6934.5 0
6935.5 -1.88235
6936.5 -0.941176
6937.5 0
6938.5 0
6939.5 0
6940.5 1
6941.5 0
6942.5 0
6943.5 0
6944.5 0
6945.5 0
6946.5 0
6947.5 0
6948.5 0
6949.5 0
6950.5 1
6951.5 0
6952.5 0
6953.5 -0.941176
6954.5 1
6955.5 0
6956.5 1
6957.5 0
6958.5 0
6959.5 0
6960.5 0
6961.5 0
6962.5 0
6963.5 0
6964.5 0
6965.5 0
6966.5 0
6967.5 -0.941176
6968.5 0
6969.5 0
6970.5 0
6971.5 0
6972.5 -1.88235
6973.5 0
6974.5 -0.941176
6975.5 0
6976.5 -0.941176
6977.5 0.0588235
6978.5 0
6979.5 -0.941176
6980.5 1
6981.5 0
6982.5 1
6983.5 0
6984.5 0
6985.5 0
6986.5 0
6987.5 0
6988.5 0
6989.5 0
6990.5 0
6991.5 -0.941176
6992.5 0
6993.5 0
6994.5 0
6995.5 0
6996.5 1
6997.5 0
6998.5 0
6999.5 0
7000.5 0
7001.5 0
7002.5 0
7003.5 0
7004.5 1
7005.5 0
7006.5 -0.941176
7007.5 0
7008.5 0
7009.5 -0.941176
7010.5 0
7011.5 -0.941176
7012.5 0
7013.5 0
7014.5 0
7015.5 -0.941176
7016.5 -0.941176
7017.5 0
7018.5 0
7019.5 0
7020.5 -0.941176
7021.5 0
7022.5 0
7023.5 0
7024.5 1
7025.5 2
7026.5 0
7027.5 0
7028.5 0
7029.5 0
7030.5 0
7031.5 0
7032.5 0
7033.5 0
7034.5 0
7035.5 0
7036.5 0
7037.5 0
7038.5 0
7039.5 0
7040.5 0
7041.5 -0.941176
7042.5 0
7043.5 -0.941176
7044.5 0
7045.5 0
7046.5 0
7047.5 0
7048.5 0.0588235
7049.5 0
7050.5 0
7051.5 2
7052.5 1
7053.5 0
7054.5 0
7055.5 -0.941176
7056.5 -0.941176
7057.5 0
7058.5 0
7059.5 1
7060.5 0
7061.5 0
7062.5 0
7063.5 0
7064.5 1
7065.5 0
7066.5 0
7067.5 -0.941176
7068.5 0
7069.5 0
7070.5 0
7071.5 1
7072.5 -0.941176
7073.5 0
7074.5 0
7075.5 0
7076.5 -0.941176
7077.5 0
7078.5 0
7079.5 0
7080.5 1
7081.5 0
7082.5 0
7083.5 0
7084.5 -0.941176
7085.5 1
7086.5 0
7087.5 -0.941176
7088.5 0
7089.5 0
7090.5 0.0588235
7091.5 -0.941176
7092.5 0
7093.5 -0.941176
7094.5 0
7095.5 0.0588235
7096.5 0
7097.5 0
7098.5 0
7099.5 -0.941176
7100.5 1
7101.5 0
7102.5 0
7103.5 -0.941176
7104.5 0
7105.5 0
7106.5 0
7107.5 0
7108.5 0
7109.5 -0.941176
7110.5 0
7111.5 0
7112.5 0
7113.5 0
7114.5 0
7115.5 0.0588235
7116.5 0
7117.5 1
7118.5 1
7119.5 1
7120.5 0
7121.5 0
7122.5 1
7123.5 0
7124.5 0
7125.5 0
7126.5 0
7127.5 -0.941176
7128.5 0
7129.5 1
7130.5 0
7131.5 0
7132.5 0
7133.5 0
7134.5 0
7135.5 0
7136.5 0
7137.5 0
7138.5 0
7139.5 -0.941176
7140.5 0
7141.5 0
7142.5 0
7143.5 0
7144.5 -0.941176
7145.5 0
7146.5 0
7147.5 0
7148.5 -0.941176
7149.5 0
7150.5 1
7151.5 0
7152.5 0
7153.5 0
7154.5 0
7155.5 0
7156.5 -0.941176
7157.5 -0.941176
7158.5 0
7159.5 0
7160.5 0.0588235
7161.5 0.0588235
7162.5 0
7163.5 0
7164.5 0
7165.5 1
7166.5 -0.941176
7167.5 0
7168.5 0
7169.5 0
7170.5 0
7171.5 0
7172.5 0
7173.5 0
7174.5 0
7175.5 0
7176.5 0
7177.5 0
7178.5 0
7179.5 0
7180.5 0
7181.5 0
7182.5 0
7183.5 0
7184.5 0
7185.5 0
7186.5 0
7187.5 0
7188.5 -0.941176
7189.5 0
7190.5 1
7191.5 0
7192.5 0
7193.5 0
7194.5 0
7195.5 0
7196.5 0
7197.5 0
7198.5 0
7199.5 0.0588235
7200.5 1
7201.5 0
7202.5 0.0588235
7203.5 3
7204.5 0.0588235
7205.5 -0.941176
7206.5 0.0588235
7207.5 1
7208.5 -0.941176
7209.5 0
7210.5 0
7211.5 0
7212.5 0
7213.5 0
7214.5 0
7215.5 -0.941176
7216.5 2
7217.5 0
7218.5 -0.941176
7219.5 -0.941176
7220.5 0
7221.5 -0.941176
7222.5 0
7223.5 1
7224.5 0
7225.5 0
7226.5 0
7227.5 0
7228.5 0
7229.5 0
7230.5 1
7231.5 0
7232.5 0
7233.5 0
7234.5 0
7235.5 0
7236.5 0
7237.5 0
7238.5 1
7239.5 1
7240.5 0
7241.5 0
7242.5 -0.941176
7243.5 0
7244.5 0
7245.5 1
7246.5 0
7247.5 0
7248.5 0
7249.5 -0.941176
7250.5 0
7251.5 0
7252.5 0.0588235
7253.5 0
7254.5 0
7255.5 1
7256.5 -0.941176
7257.5 0
7258.5 1
7259.5 1
7260.5 -0.941176
7261.5 1
7262.5 -0.882353
7263.5 0
7264.5 0
7265.5 0
7266.5 0
7267.5 0
7268.5 0
7269.5 1
7270.5 -0.941176
7271.5 0
7272.5 0
7273.5 0
7274.5 0
7275.5 0
7276.5 -0.941176
7277.5 0
7278.5 0
7279.5 0
7280.5 -0.941176
7281.5 0
7282.5 1
7283.5 0.0588235
7284.5 0
7285.5 0
7286.5 1
7287.5 1
7288.5 1
7289.5 1
7290.5 0
7291.5 0
7292.5 0
7293.5 1
7294.5 0
7295.5 0
7296.5 -1.88235
7297.5 0
7298.5 0
7299.5 0
7300.5 -0.941176
7301.5 0
7302.5 0
7303.5 -0.941176
7304.5 0
7305.5 2
7306.5 0
7307.5 0
7308.5 0
7309.5 0
7310.5 0
7311.5 0
7312.5 0
7313.5 0
7314.5 0
7315.5 0
7316.5 0
7317.5 0
7318.5 0
7319.5 -0.941176
7320.5 0
7321.5 0
7322.5 -0.941176
7323.5 0
7324.5 0
7325.5 0
7326.5 -0.941176
7327.5 0
7328.5 1
7329.5 -0.941176
7330.5 0
7331.5 0
7332.5 0
7333.5 1
7334.5 0
7335.5 0
7336.5 -0.941176
7337.5 0
7338.5 0
7339.5 0
7340.5 0
7341.5 0
7342.5 0
7343.5 0
7344.5 0
7345.5 -0.941176
7346.5 0
7347.5 0
7348.5 0
7349.5 0
7350.5 -0.941176
7351.5 0
7352.5 0
7353.5 0
7354.5 1
7355.5 1
7356.5 -0.941176
7357.5 0
7358.5 0
7359.5 2
7360.5 -0.941176
7361.5 -0.941176
7362.5 0
7363.5 0
7364.5 0
7365.5 0.0588235
7366.5 0
7367.5 0
7368.5 0
7369.5 0.0588235
7370.5 0
7371.5 -0.941176
7372.5 0
7373.5 0
7374.5 0
7375.5 0
7376.5 0.0588235
7377.5 0
7378.5 -0.941176
7379.5 0
7380.5 0
7381.5 0
7382.5 0
7383.5 0
7384.5 0
7385.5 0
7386.5 0
7387.5 0
7388.5 0
7389.5 0
7390.5 0
7391.5 -0.941176
7392.5 -0.941176
7393.5 0
7394.5 0
7395.5 0
7396.5 0
7397.5 -0.941176
7398.5 0
7399.5 0
7400.5 -0.941176
7401.5 -0.941176
7402.5 0
7403.5 2
7404.5 0
7405.5 0
7406.5 0
7407.5 0
7408.5 -0.941176
7409.5 1
7410.5 0
7411.5 1
7412.5 0
7413.5 0
7414.5 0
7415.5 0
7416.5 0
7417.5 -0.941176
7418.5 1.05882
7419.5 0
7420.5 0
7421.5 0
7422.5 0
7423.5 0
7424.5 -1.88235
7425.5 -0.941176
7426.5 0
7427.5 0
7428.5 0
7429.5 0
7430.5 -0.941176
7431.5 0
7432.5 0.0588235
7433.5 0
7434.5 0
7435.5 0
7436.5 1
7437.5 -0.941176
7438.5 0
7439.5 1
7440.5 0
7441.5 0
7442.5 0
7443.5 0
7444.5 1
7445.5 0
7446.5 0
7447.5 -0.941176
7448.5 0
7449.5 0
7450.5 0
7451.5 1
7452.5 0
7453.5 0
7454.5 0
7455.5 0
7456.5 0
7457.5 0
7458.5 0
7459.5 0
7460.5 2
7461.5 -1.88235
7462.5 0
7463.5 0
7464.5 0
7465.5 0
7466.5 0
7467.5 0
7468.5 0
7469.5 0
7470.5 0
7471.5 0
7472.5 0
7473.5 0
7474.5 0
7475.5 0
7476.5 -0.941176
7477.5 0
7478.5 -0.941176
7479.5 0
7480.5 -0.941176
7481.5 0
7482.5 0
7483.5 0
7484.5 0
7485.5 0
7486.5 0
7487.5 0
7488.5 0
7489.5 0
7490.5 0
7491.5 -0.941176
7492.5 1
7493.5 0
7494.5 0
7495.5 0
7496.5 -0.941176
7497.5 0
7498.5 0
7499.5 0
7500.5 0
7501.5 0
7502.5 0
7503.5 0
7504.5 -0.941176
7505.5 0
7506.5 0
7507.5 0
7508.5 0
7509.5 0
7510.5 0
7511.5 0
7512.5 0
7513.5 0
7514.5 0
7515.5 0
7516.5 -0.941176
7517.5 0
7518.5 0
7519.5 0
7520.5 0
7521.5 0
7522.5 0
7523.5 -0.941176
7524.5 0
7525.5 1
7526.5 1
7527.5 0
7528.5 0
7529.5 0
7530.5 0
7531.5 0
7532.5 0
7533.5 0
7534.5 0
7535.5 0
7536.5 0
7537.5 1
7538.5 0
7539.5 0
7540.5 0
7541.5 0
7542.5 0
7543.5 0
7544.5 0
7545.5 0
7546.5 0
7547.5 0
7548.5 0
7549.5 1
7550.5 0
7551.5 0
7552.5 0
7553.5 0
7554.5 0
7555.5 1
7556.5 0
7557.5 0
7558.5 1
7559.5 0
7560.5 0
7561.5 -0.941176
7562.5 0
7563.5 0
7564.5 0
7565.5 0
7566.5 0
7567.5 0
7568.5 0
7569.5 0
7570.5 -0.941176
7571.5 0
7572.5 -0.941176
7573.5 1
7574.5 0
7575.5 -0.941176
7576.5 0
7577.5 0
7578.5 -0.941176
7579.5 0
7580.5 -0.941176
7581.5 0
7582.5 0
7583.5 0
7584.5 1
7585.5 0
7586.5 0
7587.5 0
7588.5 0
7589.5 0
7590.5 0
7591.5 0
7592.5 0
7593.5 0
7594.5 0
7595.5 -0.941176
7596.5 0
7597.5 1
7598.5 0
7599.5 -0.941176
7600.5 1
7601.5 0
7602.5 1
7603.5 -0.941176
7604.5 0
7605.5 0
7606.5 0
7607.5 0
7608.5 1
7609.5 0
7610.5 0
7611.5 0
7612.5 1
7613.5 0
7614.5 0
7615.5 1
7616.5 0
7617.5 0
7618.5 0
7619.5 -0.941176
7620.5 0
7621.5 0
7622.5 0
7623.5 -0.941176
7624.5 0
7625.5 0
7626.5 0
7627.5 0
7628.5 2
7629.5 0
7630.5 -0.941176
7631.5 -0.941176
7632.5 0
7633.5 0
7634.5 0
7635.5 0
7636.5 0
7637.5 0
7638.5 0
7639.5 0
7640.5 0
7641.5 -0.941176
7642.5 -0.941176
7643.5 0
7644.5 0
7645.5 0
7646.5 0
7647.5 0
7648.5 0
7649.5 0
7650.5 -0.941176
7651.5 0
7652.5 0
7653.5 0
7654.5 0
7655.5 0
7656.5 0
7657.5 0
7658.5 -1.88235
7659.5 1
7660.5 0
7661.5 0
7662.5 0
7663.5 0
7664.5 0
7665.5 0
7666.5 0
7667.5 0
7668.5 0
7669.5 0
7670.5 0
7671.5 0
7672.5 0
7673.5 0
7674.5 -0.941176
7675.5 0.0588235
7676.5 0
7677.5 0
7678.5 2
7679.5 0
7680.5 0
7681.5 0
7682.5 -0.941176
7683.5 0
7684.5 0
7685.5 0
7686.5 0
7687.5 0
7688.5 -1.88235
7689.5 -0.941176
7690.5 0
7691.5 0
7692.5 0
7693.5 0
7694.5 0
7695.5 0
7696.5 0
7697.5 0
7698.5 0
7699.5 0
7700.5 0
7701.5 0
7702.5 0
7703.5 0
7704.5 0
7705.5 0
7706.5 0
7707.5 0
7708.5 0
7709.5 0
7710.5 0
7711.5 0
7712.5 -0.941176
7713.5 0
7714.5 0
7715.5 0
7716.5 0
7717.5 0
7718.5 -0.941176
7719.5 0
7720.5 0
7721.5 0
7722.5 0
7723.5 0
7724.5 -1.88235
7725.5 1.05882
7726.5 0.0588235
7727.5 0
7728.5 0
7729.5 0
7730.5 0
7731.5 0
7732.5 0
7733.5 0
7734.5 0
7735.5 0
7736.5 1
7737.5 0
7738.5 0
7739.5 0
7740.5 0
7741.5 0
7742.5 1
7743.5 0
7744.5 0
7745.5 0
7746.5 0
7747.5 0
7748.5 0
7749.5 0
7750.5 0
7751.5 0
7752.5 0
7753.5 1
7754.5 1
7755.5 0
7756.5 0
7757.5 0
7758.5 0
7759.5 0
7760.5 0
7761.5 0
7762.5 0
7763.5 0
7764.5 0
7765.5 0
7766.5 1
7767.5 0
7768.5 0
7769.5 -0.941176
7770.5 1
7771.5 0
7772.5 -1.88235
7773.5 1
7774.5 0.0588235
7775.5 0
7776.5 0
7777.5 -0.941176
7778.5 0
7779.5 0
7780.5 0
7781.5 1
7782.5 0
7783.5 0
7784.5 -0.941176
7785.5 0
7786.5 0
7787.5 0
7788.5 0
7789.5 0
7790.5 -0.941176
7791.5 1
7792.5 0
7793.5 0
7794.5 0
7795.5 0
7796.5 1
7797.5 0
7798.5 0
7799.5 0
7800.5 0
7801.5 0
7802.5 0
7803.5 0
7804.5 0
7805.5 0
7806.5 0
7807.5 0
7808.5 0
7809.5 0
7810.5 -0.941176
7811.5 0
7812.5 1
7813.5 0
7814.5 0
7815.5 0
7816.5 -1.88235
7817.5 -0.941176
7818.5 0
7819.5 -0.941176
7820.5 0
7821.5 0
7822.5 0
7823.5 -0.941176
7824.5 0
7825.5 0
7826.5 0
7827.5 -0.941176
7828.5 0
7829.5 0
7830.5 -0.941176
7831.5 0
7832.5 0
7833.5 0
7834.5 -0.941176
7835.5 0
7836.5 0
7837.5 0
7838.5 0
7839.5 1
7840.5 0
7841.5 1
7842.5 -0.941176
7843.5 0
7844.5 0.0588235
7845.5 0
7846.5 0
7847.5 0
7848.5 1
7849.5 -0.941176
7850.5 0
7851.5 1
7852.5 0
7853.5 0
7854.5 0
7855.5 1
7856.5 -0.941176
7857.5 1
7858.5 1
7859.5 1
7860.5 0
7861.5 0
7862.5 0
7863.5 -0.941176
7864.5 0
7865.5 0
7866.5 -0.941176
7867.5 0
7868.5 0
7869.5 0
7870.5 -0.941176
7871.5 0
7872.5 0
7873.5 0
7874.5 0
7875.5 1
7876.5 0
7877.5 0
7878.5 0
7879.5 1
7880.5 0
7881.5 0
7882.5 0
7883.5 0
7884.5 0
7885.5 0
7886.5 0
7887.5 0
7888.5 0
7889.5 0
7890.5 0
7891.5 0
7892.5 0
7893.5 0
7894.5 0
7895.5 0
7896.5 0
7897.5 0
7898.5 0
7899.5 0
7900.5 0
7901.5 0
7902.5 0
7903.5 0
7904.5 0
7905.5 0.0588235
7906.5 0
7907.5 0
7908.5 0
7909.5 0
7910.5 -0.941176
7911.5 1
7912.5 1
7913.5 0
7914.5 0.0588235
7915.5 0
7916.5 0
7917.5 0
7918.5 -0.941176
7919.5 0
7920.5 -0.941176
7921.5 0
7922.5 0.0588235
7923.5 -0.941176
7924.5 0
7925.5 0
7926.5 0
7927.5 0
7928.5 0
7929.5 0
7930.5 1
7931.5 0
7932.5 0
7933.5 0
7934.5 0
7935.5 -0.941176
7936.5 0
7937.5 0
7938.5 -0.941176
7939.5 0
7940.5 0
7941.5 0
7942.5 0
7943.5 0
7944.5 0
7945.5 0
7946.5 0
7947.5 0
7948.5 0
7949.5 0
7950.5 0
7951.5 0
7952.5 0
7953.5 0
7954.5 0
7955.5 1
7956.5 0
7957.5 0
7958.5 0
7959.5 0
7960.5 -0.941176
7961.5 0
7962.5 0
7963.5 0
7964.5 0
7965.5 0
7966.5 -0.941176
7967.5 0
7968.5 -0.941176
7969.5 0
7970.5 0
7971.5 0
7972.5 0
7973.5 0
7974.5 0
7975.5 0
7976.5 0
7977.5 -0.941176
7978.5 1
7979.5 -0.941176
7980.5 0
7981.5 0
7982.5 0
7983.5 1
7984.5 0
7985.5 0
7986.5 0
7987.5 -0.941176
7988.5 0
7989.5 0
7990.5 1
7991.5 0
7992.5 0
7993.5 0
7994.5 0
7995.5 0
7996.5 0
7997.5 0
7998.5 0
7999.5 0
8000.5 1
8001.5 0
8002.5 0
8003.5 -0.941176
8004.5 0
8005.5 0
8006.5 1
8007.5 0
8008.5 0
8009.5 0
8010.5 0
8011.5 1
8012.5 0
8013.5 0
8014.5 0
8015.5 0
8016.5 0
8017.5 0
8018.5 0
8019.5 -0.941176
8020.5 0
8021.5 1
8022.5 1
8023.5 0
8024.5 0
8025.5 0
8026.5 0
8027.5 1
8028.5 0
8029.5 0
8030.5 0
8031.5 0
8032.5 1
8033.5 0
8034.5 0
8035.5 0
8036.5 0
8037.5 0
8038.5 0
8039.5 0
8040.5 0
8041.5 0
8042.5 1
8043.5 -0.941176
8044.5 0.0588235
8045.5 0
8046.5 0
8047.5 0
8048.5 0
8049.5 0
8050.5 0
8051.5 0
8052.5 0
8053.5 0
8054.5 0
8055.5 0
8056.5 0
8057.5 1
8058.5 0
8059.5 0
8060.5 0
8061.5 0
8062.5 0
8063.5 0
8064.5 1
8065.5 1
8066.5 0
8067.5 0
8068.5 0
8069.5 0
8070.5 0
8071.5 0
8072.5 1
8073.5 0
8074.5 0
8075.5 0
8076.5 1
8077.5 0
8078.5 0
8079.5 0
8080.5 0
8081.5 1
8082.5 0
8083.5 0
8084.5 0
8085.5 1
8086.5 0
8087.5 1
8088.5 0
8089.5 0
8090.5 0
8091.5 0
8092.5 0
8093.5 0
8094.5 0
8095.5 0
8096.5 0
8097.5 0
8098.5 0
8099.5 0
8100.5 0
8101.5 0
8102.5 1
8103.5 0
8104.5 0
8105.5 1
8106.5 0
8107.5 0
8108.5 0
8109.5 0
8110.5 0
8111.5 0
8112.5 0
8113.5 0
8114.5 1
8115.5 0
8116.5 0
8117.5 0
8118.5 0
8119.5 0
8120.5 0
8121.5 0
8122.5 0
8123.5 0
8124.5 0
8125.5 -0.941176
8126.5 0
8127.5 0
8128.5 0
8129.5 0
8130.5 0
8131.5 0
8132.5 0
8133.5 0
8134.5 0
8135.5 0
8136.5 -0.941176
8137.5 0
8138.5 0
8139.5 0
8140.5 0
8141.5 0
8142.5 0
8143.5 0
8144.5 0
8145.5 0
8146.5 0
8147.5 0
8148.5 0
8149.5 0
8150.5 0
8151.5 1
8152.5 0
8153.5 0
8154.5 1
8155.5 -0.941176
8156.5 0
8157.5 0
8158.5 0
8159.5 0
8160.5 0
8161.5 0
8162.5 -0.941176
8163.5 0
8164.5 0
8165.5 -0.941176
8166.5 0
8167.5 0
8168.5 0
8169.5 -0.941176
8170.5 0
8171.5 0
8172.5 0
8173.5 0
8174.5 0
8175.5 0
8176.5 0
8177.5 0
8178.5 0
8179.5 0
8180.5 0
8181.5 0
8182.5 0
8183.5 0
8184.5 0
8185.5 0
8186.5 0
8187.5 0
8188.5 1
8189.5 0
8190.5 0
8191.5 0
8192.5 0
8193.5 0
8194.5 0
8195.5 0
8196.5 0
8197.5 0
8198.5 0
8199.5 0
8200.5 0
8201.5 1
8202.5 0
8203.5 0
8204.5 0
8205.5 0
8206.5 0
8207.5 0
8208.5 0
8209.5 0
8210.5 0
8211.5 0
8212.5 0
8213.5 0
8214.5 -0.941176
8215.5 0
8216.5 -0.941176
8217.5 0
8218.5 -0.941176
8219.5 0
8220.5 0
8221.5 0
8222.5 0
8223.5 0
8224.5 0
8225.5 -0.941176
8226.5 0
8227.5 0
8228.5 0
8229.5 0
8230.5 0
8231.5 1
8232.5 0
8233.5 0
8234.5 -0.941176
8235.5 0
8236.5 0
8237.5 0
8238.5 -0.941176
8239.5 0
8240.5 0
8241.5 0
8242.5 0
8243.5 1
8244.5 0
8245.5 0
8246.5 0
8247.5 0
8248.5 0
8249.5 0
8250.5 0
8251.5 1
8252.5 0
8253.5 -0.941176
8254.5 1
8255.5 0
8256.5 0
8257.5 0
8258.5 0
8259.5 0
8260.5 0
8261.5 0
8262.5 -0.941176
8263.5 0
8264.5 -0.941176
8265.5 0
8266.5 0
8267.5 0
8268.5 0
8269.5 0
8270.5 0
8271.5 0
8272.5 0
8273.5 0
8274.5 0
8275.5 0
8276.5 1
8277.5 0
8278.5 -0.941176
8279.5 0.0588235
8280.5 0
8281.5 0
8282.5 0
8283.5 -0.941176
8284.5 0
8285.5 0
8286.5 0
8287.5 0
8288.5 0
8289.5 0
8290.5 0
8291.5 0
8292.5 0
8293.5 0
8294.5 0
8295.5 0
8296.5 0
8297.5 0
8298.5 0
8299.5 0
8300.5 0
8301.5 -0.941176
8302.5 0
8303.5 0
8304.5 0
8305.5 0
8306.5 0
8307.5 0
8308.5 2
8309.5 0
8310.5 0
8311.5 1
8312.5 0
8313.5 0
8314.5 0
8315.5 0
8316.5 0
8317.5 0
8318.5 0
8319.5 0
8320.5 0
8321.5 0
8322.5 -0.941176
8323.5 0
8324.5 0
8325.5 0
8326.5 0
8327.5 1
8328.5 0
8329.5 0
8330.5 0
8331.5 0
8332.5 0
8333.5 0
8334.5 0
8335.5 0
8336.5 1
8337.5 0
8338.5 0
8339.5 0
8340.5 0
8341.5 0
8342.5 0
8343.5 -0.941176
8344.5 0
8345.5 0
8346.5 0
8347.5 0.0588235
8348.5 0
8349.5 0
8350.5 0
8351.5 0
8352.5 0
8353.5 0
8354.5 0
8355.5 0
8356.5 0
8357.5 0
8358.5 0
8359.5 -0.941176
8360.5 0
8361.5 0
8362.5 0
8363.5 1
8364.5 0
8365.5 0
8366.5 0
8367.5 0
8368.5 -0.941176
8369.5 0
8370.5 1
8371.5 -0.941176
8372.5 0
8373.5 -0.941176
8374.5 -0.941176
8375.5 0
8376.5 0
8377.5 0
8378.5 0
8379.5 0
8380.5 -0.941176
8381.5 0
8382.5 0
8383.5 0
8384.5 1
8385.5 0
8386.5 0
8387.5 0
8388.5 0
8389.5 0
8390.5 0
8391.5 0
8392.5 0
8393.5 0
8394.5 0
8395.5 -0.941176
8396.5 0
8397.5 0
8398.5 0
8399.5 0
8400.5 1
8401.5 -0.941176
8402.5 -0.941176
8403.5 0
8404.5 0
8405.5 -0.941176
8406.5 -0.941176
8407.5 0
8408.5 0
8409.5 0
8410.5 0
8411.5 0
8412.5 0
8413.5 0
8414.5 0
8415.5 0
8416.5 0
8417.5 0
8418.5 -0.941176
8419.5 0.0588235
8420.5 0
8421.5 0
8422.5 0
8423.5 0
8424.5 0
8425.5 0
8426.5 0
8427.5 0
8428.5 0
8429.5 0
8430.5 0
8431.5 0
8432.5 1
8433.5 0
8434.5 0
8435.5 0
8436.5 0
8437.5 0
8438.5 0
8439.5 1
8440.5 0
8441.5 0
8442.5 0
8443.5 0
8444.5 0
8445.5 0
8446.5 -0.941176
8447.5 0
8448.5 0
8449.5 1
8450.5 0
8451.5 0
8452.5 0
8453.5 0
8454.5 0
8455.5 0
8456.5 0
8457.5 0
8458.5 0
8459.5 1
8460.5 0
8461.5 0
8462.5 0
8463.5 1
8464.5 0
8465.5 0
8466.5 1
8467.5 0
8468.5 -0.941176
8469.5 0
8470.5 0
8471.5 0
8472.5 0
8473.5 0
8474.5 0
8475.5 0
8476.5 0
8477.5 0
8478.5 0.0588235
8479.5 0
8480.5 0
8481.5 0
8482.5 0
8483.5 1
8484.5 0
8485.5 0
8486.5 0
8487.5 0
8488.5 0
8489.5 -0.941176
8490.5 -0.941176
8491.5 0
8492.5 0
8493.5 0
8494.5 0
8495.5 0
8496.5 0
8497.5 0
8498.5 0
8499.5 0
8500.5 0
8501.5 0
8502.5 0
8503.5 0
8504.5 0
8505.5 0
8506.5 1
8507.5 0
8508.5 0
8509.5 0
8510.5 0
8511.5 0
8512.5 0
8513.5 1
8514.5 0
8515.5 0
8516.5 0
8517.5 0
8518.5 0
8519.5 0
8520.5 0
8521.5 0
8522.5 0
8523.5 0
8524.5 0
8525.5 0
8526.5 0
8527.5 0
8528.5 0
8529.5 1
8530.5 0
8531.5 0
8532.5 0
8533.5 0
8534.5 0
8535.5 -0.941176
8536.5 0
8537.5 -0.941176
8538.5 -0.941176
8539.5 0
8540.5 0
8541.5 0
8542.5 1
8543.5 1
8544.5 0
8545.5 0
8546.5 -0.941176
8547.5 0
8548.5 0
8549.5 0
8550.5 0
8551.5 0
8552.5 0
8553.5 0
8554.5 0
8555.5 0
8556.5 0
8557.5 0
8558.5 0
8559.5 0
8560.5 0
8561.5 0
8562.5 1
8563.5 0
8564.5 1
8565.5 0
8566.5 1
8567.5 0
8568.5 0
8569.5 0
8570.5 0
8571.5 1
8572.5 0
8573.5 -0.941176
8574.5 1
8575.5 0
8576.5 -0.941176
8577.5 -1.88235
8578.5 0
8579.5 0
8580.5 0
8581.5 0
8582.5 -0.941176
8583.5 0
8584.5 0
8585.5 0
8586.5 0
8587.5 0
8588.5 0
8589.5 0
8590.5 0
8591.5 0
8592.5 0
8593.5 0
8594.5 0
8595.5 0
8596.5 0
8597.5 0
8598.5 0
8599.5 0
8600.5 0
8601.5 0
8602.5 0
8603.5 0
8604.5 0
8605.5 0
8606.5 0
8607.5 0
8608.5 0
8609.5 0
8610.5 0
8611.5 0
8612.5 0
8613.5 0
8614.5 1
8615.5 0
8616.5 0
8617.5 0
8618.5 0
8619.5 0
8620.5 0
8621.5 0
8622.5 0
8623.5 -0.941176
8624.5 0
8625.5 0
8626.5 0
8627.5 0
8628.5 0
8629.5 0
8630.5 0
8631.5 0
8632.5 0
8633.5 0
8634.5 0
8635.5 0
8636.5 0
8637.5 0
8638.5 0
8639.5 0
8640.5 1
8641.5 -0.941176
8642.5 0.0588235
8643.5 -0.941176
8644.5 0
8645.5 0
8646.5 0
8647.5 0
8648.5 0
8649.5 0
8650.5 0
8651.5 0
8652.5 0
8653.5 1
8654.5 0
8655.5 0
8656.5 0
8657.5 0
8658.5 0
8659.5 0
8660.5 0
8661.5 0
8662.5 0
8663.5 0
8664.5 0
8665.5 0
8666.5 -0.941176
8667.5 0
8668.5 0
8669.5 0
8670.5 0
8671.5 0
8672.5 -0.941176
8673.5 0
8674.5 0
8675.5 0.0588235
8676.5 0
8677.5 0
8678.5 0
8679.5 0
8680.5 0
8681.5 0
8682.5 0
8683.5 -0.941176
8684.5 0
8685.5 0
8686.5 0
8687.5 0
8688.5 0
8689.5 -0.941176
8690.5 0
8691.5 0
8692.5 0
8693.5 0
8694.5 0
8695.5 0
8696.5 0
8697.5 0
8698.5 0
8699.5 0
8700.5 0
8701.5 0
8702.5 0
8703.5 0
8704.5 1
8705.5 0
8706.5 0
8707.5 0
8708.5 0
8709.5 0
8710.5 0
8711.5 0
8712.5 0
8713.5 1
8714.5 0
8715.5 0
8716.5 0
8717.5 0
8718.5 0
8719.5 0
8720.5 -0.941176
8721.5 0
8722.5 0
8723.5 0
8724.5 0
8725.5 0
8726.5 0
8727.5 1
8728.5 0
8729.5 0
8730.5 0
8731.5 0
8732.5 0
8733.5 0
8734.5 -0.941176
8735.5 0
8736.5 0
8737.5 1
8738.5 0
8739.5 0
8740.5 0
8741.5 0
8742.5 0
8743.5 0
8744.5 0
8745.5 1
8746.5 0
8747.5 -0.941176
8748.5 0
8749.5 -0.941176
8750.5 0
8751.5 -0.941176
8752.5 0
8753.5 0
8754.5 1
8755.5 0
8756.5 0
8757.5 -0.941176
8758.5 0
8759.5 0
8760.5 -0.941176
8761.5 0
8762.5 0
8763.5 0
8764.5 0
8765.5 0
8766.5 -0.941176
8767.5 0
8768.5 0
8769.5 0
8770.5 0
8771.5 0
8772.5 0
8773.5 0.0588235
8774.5 0
8775.5 0
8776.5 0
8777.5 -0.941176
8778.5 0
8779.5 0
8780.5 0
8781.5 1
8782.5 0
8783.5 1
8784.5 0
8785.5 0
8786.5 0
8787.5 0
8788.5 0
8789.5 0
8790.5 0
8791.5 0
8792.5 -0.941176
8793.5 0
8794.5 0
8795.5 0
8796.5 0
8797.5 0
8798.5 0
8799.5 0
8800.5 0
8801.5 0
8802.5 0
8803.5 1
8804.5 0
8805.5 0
8806.5 1
8807.5 1
8808.5 0
8809.5 0
8810.5 0
8811.5 0
8812.5 0
8813.5 -0.941176
8814.5 0
8815.5 1
8816.5 1
8817.5 0
8818.5 0
8819.5 0
8820.5 0
8821.5 0
8822.5 0
8823.5 0
8824.5 0
8825.5 1
8826.5 0
8827.5 0
8828.5 0
8829.5 0
8830.5 0
8831.5 1
8832.5 0
8833.5 1
8834.5 0
8835.5 0
8836.5 0
8837.5 -0.941176
8838.5 0
8839.5 -0.941176
8840.5 0
8841.5 0
8842.5 0
8843.5 0
8844.5 0
8845.5 0
8846.5 1
8847.5 1
8848.5 0
8849.5 0
8850.5 0
8851.5 0
8852.5 0
8853.5 0
8854.5 1
8855.5 0
8856.5 -0.941176
8857.5 0
8858.5 0
8859.5 1
8860.5 0
8861.5 0
8862.5 0
8863.5 0
8864.5 0
8865.5 0
8866.5 0
8867.5 0
8868.5 0
8869.5 0
8870.5 0
8871.5 -1.88235
8872.5 0
8873.5 0
8874.5 0
8875.5 0
8876.5 0
8877.5 0
8878.5 0
8879.5 0
8880.5 0
8881.5 0
8882.5 0
8883.5 -0.941176
8884.5 -0.941176
8885.5 0
8886.5 -0.941176
8887.5 0
8888.5 0
8889.5 0
8890.5 0
8891.5 0
8892.5 0
8893.5 0
8894.5 1
8895.5 0
8896.5 0
8897.5 0
8898.5 0
8899.5 0
8900.5 0
8901.5 1
8902.5 0
8903.5 0
8904.5 0
8905.5 -0.941176
8906.5 0
8907.5 0
8908.5 0
8909.5 0
8910.5 0
8911.5 1
8912.5 0
8913.5 0
8914.5 0
8915.5 0
8916.5 0
8917.5 0
8918.5 0
8919.5 0
8920.5 -0.941176
8921.5 0
8922.5 0
8923.5 0
8924.5 0
8925.5 -0.941176
8926.5 0
8927.5 0
8928.5 0
8929.5 0
8930.5 0
8931.5 0
8932.5 0
8933.5 0
8934.5 0
8935.5 0
8936.5 0
8937.5 0
8938.5 0
8939.5 -0.941176
8940.5 0
8941.5 0
8942.5 0
8943.5 0
8944.5 0
8945.5 0
8946.5 0
8947.5 0
8948.5 0
8949.5 1
8950.5 0
8951.5 0
8952.5 1
8953.5 0
8954.5 0
8955.5 -0.941176
8956.5 0
8957.5 0
8958.5 0
8959.5 0
8960.5 0
8961.5 0
8962.5 0
8963.5 0
8964.5 0
8965.5 0
8966.5 0
8967.5 0
8968.5 0
8969.5 0
8970.5 0
8971.5 0
8972.5 0
8973.5 0
8974.5 1
8975.5 0
8976.5 0
8977.5 0
8978.5 1
8979.5 0
8980.5 0
8981.5 0
8982.5 0
8983.5 0
8984.5 0
8985.5 0
8986.5 1
8987.5 0
8988.5 0
8989.5 0
8990.5 0
8991.5 0
8992.5 0
8993.5 0
8994.5 0
8995.5 0
8996.5 0
8997.5 1
8998.5 0
8999.5 0
9000.5 1
9001.5 0
9002.5 0
9003.5 1
9004.5 0
9005.5 0
9006.5 0
9007.5 -0.941176
9008.5 0
9009.5 0
9010.5 0
9011.5 0
9012.5 0
9013.5 0
9014.5 0
9015.5 0
9016.5 1
9017.5 0
9018.5 0
9019.5 0
9020.5 0
9021.5 0
9022.5 0
9023.5 0
9024.5 0
9025.5 0
9026.5 0
9027.5 0
9028.5 0
9029.5 0
9030.5 0
9031.5 0
9032.5 0
9033.5 0
9034.5 0
9035.5 -0.941176
9036.5 1
9037.5 0
9038.5 0
9039.5 0
9040.5 0
9041.5 0
9042.5 0
9043.5 0
9044.5 0
9045.5 0
9046.5 0
9047.5 -1.88235
9048.5 0
9049.5 0
9050.5 0
9051.5 0
9052.5 0
9053.5 0
9054.5 -0.941176
9055.5 0
9056.5 0
9057.5 0
9058.5 1
9059.5 0
9060.5 0
9061.5 0
9062.5 -0.941176
9063.5 0
9064.5 0
9065.5 0
9066.5 0
9067.5 0
9068.5 0
9069.5 0
9070.5 0
9071.5 0
9072.5 0
9073.5 0
9074.5 0
9075.5 0
9076.5 0
9077.5 -0.941176
9078.5 0
9079.5 0
9080.5 0
9081.5 0
9082.5 0
9083.5 0
9084.5 0
9085.5 0
9086.5 0
9087.5 0
9088.5 0
9089.5 0
9090.5 0
9091.5 0
9092.5 1
9093.5 0
9094.5 0
9095.5 0
9096.5 0
9097.5 0
9098.5 0
9099.5 0
9100.5 0
9101.5 0
9102.5 0
9103.5 0
9104.5 0
9105.5 0
9106.5 0
9107.5 0
9108.5 -0.941176
9109.5 0
9110.5 1
9111.5 0
9112.5 0
9113.5 1
9114.5 0
9115.5 0
9116.5 1
9117.5 0
9118.5 0
9119.5 0
9120.5 0
9121.5 0
9122.5 0
9123.5 0
9124.5 0
9125.5 0
9126.5 1
9127.5 0
9128.5 0
9129.5 2
9130.5 0
9131.5 -0.941176
9132.5 0
9133.5 -0.941176
9134.5 0
9135.5 0
9136.5 0
9137.5 1
9138.5 0
9139.5 0
9140.5 0
9141.5 1
9142.5 0
9143.5 0
9144.5 0
9145.5 0
9146.5 0
9147.5 0
9148.5 0
9149.5 0
9150.5 0
9151.5 0
9152.5 -0.941176
9153.5 0
9154.5 0
9155.5 0
9156.5 0
9157.5 0
9158.5 0
9159.5 0
9160.5 0
9161.5 0
9162.5 0
9163.5 0
9164.5 0
9165.5 0
9166.5 0
9167.5 0
9168.5 0
9169.5 0
9170.5 0
9171.5 -0.941176
9172.5 0
9173.5 0
9174.5 0
9175.5 0
9176.5 0
9177.5 0
9178.5 0
9179.5 0
9180.5 0
9181.5 0
9182.5 0
9183.5 0
9184.5 0
9185.5 0
9186.5 0
9187.5 1
9188.5 0
9189.5 0
9190.5 0
9191.5 0
9192.5 0
9193.5 1
9194.5 0
9195.5 0
9196.5 0
9197.5 0
9198.5 1
9199.5 0
9200.5 0
9201.5 1
9202.5 0
9203.5 0
9204.5 0
9205.5 0
9206.5 0
9207.5 0
9208.5 0
9209.5 0
9210.5 0
9211.5 0
9212.5 0
9213.5 0
9214.5 0
9215.5 0
9216.5 1
9217.5 0
9218.5 0
9219.5 0
9220.5 0
9221.5 0
9222.5 -0.941176
9223.5 0
9224.5 0
9225.5 0
9226.5 0
9227.5 0
9228.5 2
9229.5 0
9230.5 -1.88235
9231.5 0
9232.5 0
9233.5 0
9234.5 0
9235.5 0
9236.5 0
9237.5 0
9238.5 0
9239.5 0
9240.5 0
9241.5 0
9242.5 0
9243.5 0
9244.5 0
9245.5 0
9246.5 -0.941176
9247.5 0
9248.5 0
9249.5 0
9250.5 0
9251.5 0
9252.5 0
9253.5 0
9254.5 0
9255.5 0
9256.5 0
9257.5 0
9258.5 0
9259.5 0
9260.5 0
9261.5 0
9262.5 0
9263.5 0
9264.5 0
9265.5 0
9266.5 0
9267.5 0
9268.5 0
9269.5 0
9270.5 0
9271.5 0
9272.5 0
9273.5 0
9274.5 0
9275.5 0
9276.5 0
9277.5 0
9278.5 0
9279.5 0
9280.5 0
9281.5 0
9282.5 -0.941176
9283.5 0
9284.5 0
9285.5 0
9286.5 0
9287.5 0
9288.5 0
9289.5 0
9290.5 0
9291.5 0
9292.5 0
9293.5 0
9294.5 0
9295.5 0
9296.5 0
9297.5 0
9298.5 0
9299.5 0
9300.5 0
9301.5 0
9302.5 1
9303.5 0
9304.5 0
9305.5 0
9306.5 -0.941176
9307.5 0.0588235
9308.5 0
9309.5 0
9310.5 0
9311.5 0
9312.5 0
9313.5 0
9314.5 0
9315.5 0
9316.5 0
9317.5 0
9318.5 0
9319.5 0
9320.5 0
9321.5 0
9322.5 0
9323.5 0
9324.5 0
9325.5 0
9326.5 0
9327.5 0
9328.5 0
9329.5 0
9330.5 0
9331.5 0
9332.5 0
9333.5 -0.941176
9334.5 0
9335.5 0
9336.5 0
9337.5 0
9338.5 0
9339.5 0
9340.5 0
9341.5 0
9342.5 0
9343.5 0
9344.5 0
9345.5 0
9346.5 0
9347.5 0
9348.5 0
9349.5 0
9350.5 0
9351.5 0
9352.5 0
9353.5 0
9354.5 0
9355.5 0
9356.5 0
9357.5 0
9358.5 0
9359.5 0
9360.5 0
9361.5 0
9362.5 1
9363.5 0
9364.5 0
9365.5 0
9366.5 -0.941176
9367.5 0
9368.5 0
9369.5 0
9370.5 0
9371.5 0
9372.5 0
9373.5 0
9374.5 0
9375.5 0
9376.5 0
9377.5 0
9378.5 -0.941176
9379.5 0
9380.5 0
9381.5 0
9382.5 0
9383.5 0
9384.5 0
9385.5 0
9386.5 0
9387.5 0
9388.5 0
9389.5 0
9390.5 0
9391.5 0
9392.5 1
9393.5 0
9394.5 0
9395.5 0
9396.5 0
9397.5 0
9398.5 0
9399.5 0
9400.5 0
9401.5 0
9402.5 0
9403.5 0
9404.5 0
9405.5 0
9406.5 0
9407.5 0
9408.5 0
9409.5 0
9410.5 0
9411.5 0
9412.5 0
9413.5 0
9414.5 0
9415.5 0
9416.5 0
9417.5 0
9418.5 0
9419.5 0
9420.5 0
9421.5 0
9422.5 0
9423.5 0
9424.5 -0.941176
9425.5 0
9426.5 0
9427.5 0
9428.5 0
9429.5 0
9430.5 0
9431.5 0
9432.5 0
9433.5 0
9434.5 0
9435.5 0
9436.5 0
9437.5 0
9438.5 0
9439.5 0
9440.5 0
9441.5 1
9442.5 0
9443.5 -0.941176
9444.5 0
9445.5 0
9446.5 0
9447.5 0
9448.5 0
9449.5 -0.941176
9450.5 0
9451.5 0
9452.5 0
9453.5 0
9454.5 0
9455.5 0
9456.5 0
9457.5 0
9458.5 0
9459.5 0
9460.5 0
9461.5 0
9462.5 0
9463.5 0
9464.5 0
9465.5 0
9466.5 0
9467.5 -0.941176
9468.5 0
9469.5 0
9470.5 0
9471.5 0
9472.5 0
9473.5 0
9474.5 0
9475.5 0
9476.5 0
9477.5 0
9478.5 0
9479.5 0
9480.5 0
9481.5 0
9482.5 0
9483.5 0
9484.5 0
9485.5 0
9486.5 0
9487.5 -0.941176
9488.5 0
9489.5 0
9490.5 0
9491.5 0
9492.5 0
9493.5 0
9494.5 0
9495.5 0
9496.5 -0.941176
9497.5 0
9498.5 0
9499.5 0
9500.5 0
9501.5 0
9502.5 0
9503.5 0
9504.5 -0.941176
9505.5 0
9506.5 0
9507.5 1
9508.5 0
9509.5 0
9510.5 0
9511.5 0
9512.5 0
9513.5 0
9514.5 0
9515.5 0
9516.5 0
9517.5 0
9518.5 0
9519.5 0
9520.5 1
9521.5 0
9522.5 0
9523.5 0
9524.5 0
9525.5 0
9526.5 -0.941176
9527.5 0
9528.5 0
9529.5 0
9530.5 0
9531.5 0
9532.5 0
9533.5 0
9534.5 0
9535.5 0
9536.5 -0.941176
9537.5 0
9538.5 0
9539.5 0
9540.5 0
9541.5 0
9542.5 0
9543.5 0
9544.5 0
9545.5 1
9546.5 0
9547.5 0
9548.5 0
9549.5 0
9550.5 0
9551.5 0
9552.5 0
9553.5 0
9554.5 0
9555.5 0
9556.5 0
9557.5 0
9558.5 0
9559.5 0
9560.5 -0.941176
9561.5 0
9562.5 -0.941176
9563.5 0
9564.5 0
9565.5 0
9566.5 0
9567.5 0
9568.5 0
9569.5 0
9570.5 0
9571.5 0
9572.5 0
9573.5 0
9574.5 0
9575.5 0
9576.5 0
9577.5 0
9578.5 0
9579.5 0
9580.5 0
9581.5 0
9582.5 1
9583.5 0
9584.5 0
9585.5 0
9586.5 0
9587.5 0
9588.5 0
9589.5 0
9590.5 0
9591.5 0
9592.5 0
9593.5 0
9594.5 0
9595.5 0
9596.5 1
9597.5 0
9598.5 0
9599.5 0
9600.5 0
9601.5 0
9602.5 0
9603.5 0
9604.5 0
9605.5 -0.941176
9606.5 0
9607.5 0
9608.5 0
9609.5 0
9610.5 0
9611.5 0
9612.5 0
9613.5 0
9614.5 0
9615.5 0
9616.5 0
9617.5 0
9618.5 0
9619.5 0
9620.5 1
9621.5 0
9622.5 0
9623.5 0
9624.5 0
9625.5 0
9626.5 0
9627.5 0
9628.5 0
9629.5 0
9630.5 0
9631.5 0
9632.5 0
9633.5 0
9634.5 0
9635.5 0
9636.5 0
9637.5 0
9638.5 0
9639.5 0
9640.5 0
9641.5 0
9642.5 0
9643.5 0
9644.5 0
9645.5 0
9646.5 0
9647.5 0
9648.5 0
9649.5 0
9650.5 0
9651.5 0
9652.5 0
9653.5 0
9654.5 0
9655.5 0
9656.5 0
9657.5 0
9658.5 0
9659.5 0
9660.5 0
9661.5 0
9662.5 0
9663.5 1
9664.5 0
9665.5 -0.941176
9666.5 0
9667.5 0
9668.5 0
9669.5 1
9670.5 0
9671.5 0
9672.5 0
9673.5 -0.941176
9674.5 0
9675.5 0
9676.5 0
9677.5 0
9678.5 0
9679.5 0
9680.5 0
9681.5 0
9682.5 0
9683.5 0
9684.5 0
9685.5 0
9686.5 0
9687.5 0
9688.5 0
9689.5 0
9690.5 0
9691.5 0
9692.5 0
9693.5 0
9694.5 0
9695.5 0
9696.5 0
9697.5 0
9698.5 0
9699.5 0
9700.5 0
9701.5 0
9702.5 0
9703.5 0
9704.5 0
9705.5 0
9706.5 0
9707.5 0
9708.5 0
9709.5 0
9710.5 0
9711.5 0
9712.5 0
9713.5 0
9714.5 0
9715.5 0
9716.5 0
9717.5 0
9718.5 0
9719.5 0
9720.5 0
9721.5 0
9722.5 0
9723.5 0
9724.5 0
9725.5 0
9726.5 0
9727.5 0
9728.5 0
9729.5 0
9730.5 0
9731.5 0
9732.5 0
9733.5 0
9734.5 0
9735.5 1
9736.5 0
9737.5 0
9738.5 0
9739.5 1
9740.5 0
9741.5 0
9742.5 0
9743.5 0
9744.5 0
9745.5 0
9746.5 0
9747.5 0
9748.5 0
9749.5 0
9750.5 0
9751.5 0
9752.5 0
9753.5 0
9754.5 0
9755.5 0
9756.5 0
9757.5 -0.941176
9758.5 0
9759.5 0
9760.5 0
9761.5 0
9762.5 0
9763.5 0
9764.5 0
9765.5 0
9766.5 0
9767.5 0
9768.5 0
9769.5 -0.941176
9770.5 0
9771.5 -0.941176
9772.5 0
9773.5 1
9774.5 0
9775.5 0
9776.5 0
9777.5 0
9778.5 0
9779.5 0
9780.5 0
9781.5 0
9782.5 0
9783.5 0
9784.5 0
9785.5 0
9786.5 0
9787.5 0
9788.5 0
9789.5 0
9790.5 0
9791.5 1
9792.5 0
9793.5 0
9794.5 0
9795.5 0
9796.5 0
9797.5 0
9798.5 1
9799.5 0
9800.5 0
9801.5 0
9802.5 0
9803.5 0
9804.5 0
9805.5 0
9806.5 0
9807.5 0
9808.5 0
9809.5 0
9810.5 0
9811.5 0
9812.5 0
9813.5 0
9814.5 0
9815.5 0
9816.5 0
9817.5 0
9818.5 0
9819.5 0
9820.5 0
9821.5 0
9822.5 0
9823.5 0
9824.5 0
9825.5 0
9826.5 0
9827.5 0
9828.5 0
9829.5 0
9830.5 0
9831.5 0
9832.5 0
9833.5 0
9834.5 0
9835.5 0
9836.5 0
9837.5 0
9838.5 0
9839.5 0
9840.5 0
9841.5 0
9842.5 0
9843.5 0
9844.5 0
9845.5 0
9846.5 0
9847.5 0
9848.5 0
9849.5 0
9850.5 0
9851.5 0
9852.5 0
9853.5 0
9854.5 0
9855.5 0
9856.5 0
9857.5 0
9858.5 0
9859.5 0
9860.5 0
9861.5 0
9862.5 0
9863.5 0
9864.5 0
9865.5 0
9866.5 0
9867.5 0
9868.5 0
9869.5 0
9870.5 0
9871.5 0
9872.5 0
9873.5 0
9874.5 0
9875.5 0
9876.5 0
9877.5 0
9878.5 0
9879.5 0
9880.5 0
9881.5 0
9882.5 0
9883.5 -0.941176
9884.5 0
9885.5 0
9886.5 0
9887.5 0
9888.5 0
9889.5 0
9890.5 0
9891.5 0
9892.5 0
9893.5 0
9894.5 0
9895.5 0
9896.5 0
9897.5 0
9898.5 0
9899.5 0
9900.5 0
9901.5 0
9902.5 0
9903.5 0
9904.5 0
9905.5 0
9906.5 0
9907.5 0
9908.5 0
9909.5 0
9910.5 0
9911.5 0
9912.5 0
9913.5 0
9914.5 0
9915.5 0
9916.5 0
9917.5 0
9918.5 0
9919.5 1
9920.5 0
9921.5 0
9922.5 0
9923.5 0
9924.5 0
9925.5 0
9926.5 0
9927.5 0
9928.5 0
9929.5 0
9930.5 0
9931.5 0
9932.5 0
9933.5 0
9934.5 0
9935.5 0
9936.5 0
9937.5 0
9938.5 0
9939.5 0
9940.5 0
9941.5 0
9942.5 0
9943.5 0
9944.5 0
9945.5 0
9946.5 0
9947.5 -0.941176
9948.5 0
9949.5 0
9950.5 0
9951.5 0
9952.5 0
9953.5 0
9954.5 0
9955.5 0
9956.5 0
9957.5 0
9958.5 0
9959.5 0
9960.5 0
9961.5 0
9962.5 -0.941176
9963.5 0
9964.5 0
9965.5 0
9966.5 0
9967.5 0
9968.5 0
9969.5 0
9970.5 0
9971.5 0
9972.5 0
9973.5 0
9974.5 0
9975.5 0
9976.5 0
9977.5 0
9978.5 0
9979.5 0
9980.5 0
9981.5 0
9982.5 0
9983.5 0
9984.5 0
9985.5 0
9986.5 0
9987.5 0
9988.5 0
9989.5 0
9990.5 0
9991.5 0
9992.5 0
9993.5 0
9994.5 0
9995.5 0
9996.5 0
9997.5 0
9998.5 0
9999.5 1
10000.5 0
10001.5 0
10002.5 0
10003.5 0
10004.5 0
10005.5 0
10006.5 0
10007.5 0
10008.5 0
10009.5 0
10010.5 0
10011.5 0
10012.5 0
10013.5 0
10014.5 0
10015.5 0
10016.5 0
10017.5 0
10018.5 0
10019.5 0
10020.5 0
10021.5 0
10022.5 0
10023.5 0
10024.5 0
10025.5 0
10026.5 0
10027.5 0
10028.5 0
10029.5 0
10030.5 0
10031.5 0
10032.5 0
10033.5 0
10034.5 0
10035.5 0
10036.5 0
10037.5 0
10038.5 0
10039.5 0
10040.5 0
10041.5 0
10042.5 0
10043.5 0
10044.5 0
10045.5 0
10046.5 0
10047.5 0
10048.5 0
10049.5 0
10050.5 0
10051.5 0
10052.5 0
10053.5 0
10054.5 0
10055.5 0
10056.5 0
10057.5 0
10058.5 -0.941176
10059.5 0
10060.5 0
10061.5 0
10062.5 0
10063.5 0
10064.5 0
10065.5 0
10066.5 0
10067.5 0
10068.5 0
10069.5 0
10070.5 0
10071.5 0
10072.5 0
10073.5 0
10074.5 0
10075.5 0
10076.5 0
10077.5 0
10078.5 0
10079.5 0
10080.5 0
10081.5 0
10082.5 0
10083.5 0
10084.5 0
10085.5 0
10086.5 0
10087.5 0
10088.5 0
10089.5 0
10090.5 0
10091.5 0
10092.5 0
10093.5 0
10094.5 0
10095.5 0
10096.5 0
10097.5 0
10098.5 0
10099.5 0
10100.5 0
10101.5 0
10102.5 0
10103.5 0
10104.5 0
10105.5 0
10106.5 0
10107.5 0
10108.5 0
10109.5 0
10110.5 0
10111.5 0
10112.5 0
10113.5 0
10114.5 0
10115.5 0
10116.5 0
10117.5 0
10118.5 0
10119.5 0
10120.5 0
10121.5 0
10122.5 0
10123.5 0
10124.5 0
10125.5 0
10126.5 0
10127.5 0
10128.5 0
10129.5 0
10130.5 0
10131.5 0
10132.5 0
10133.5 0
10134.5 0
10135.5 0
10136.5 0
10137.5 0
10138.5 0
10139.5 0
10140.5 0
10141.5 0
10142.5 0
10143.5 -0.941176
10144.5 0
10145.5 0
10146.5 0
10147.5 0
10148.5 0
10149.5 0
10150.5 0
10151.5 0
10152.5 0
10153.5 0
10154.5 0
10155.5 0
10156.5 0
10157.5 0
10158.5 0
10159.5 0
10160.5 0
10161.5 0
10162.5 0
10163.5 0
10164.5 0
10165.5 0
10166.5 0
10167.5 0
10168.5 0
10169.5 0
10170.5 0
10171.5 0
10172.5 0
10173.5 0
10174.5 0
10175.5 0
10176.5 0
10177.5 0
10178.5 0
10179.5 0
10180.5 0
10181.5 0
10182.5 0
10183.5 0
10184.5 0
10185.5 0
10186.5 0
10187.5 0
10188.5 0
10189.5 0
10190.5 0
10191.5 0
10192.5 0
10193.5 0
10194.5 0
10195.5 0
10196.5 0
10197.5 -0.941176
10198.5 0
10199.5 0
10200.5 0
10201.5 0
10202.5 0
10203.5 0
10204.5 0
10205.5 0
10206.5 0
10207.5 0
10208.5 0
10209.5 0
10210.5 0
10211.5 0
10212.5 0
10213.5 0
10214.5 0
10215.5 0
10216.5 0
10217.5 0
10218.5 0
10219.5 0
10220.5 0
10221.5 0
10222.5 0
10223.5 0
10224.5 0
10225.5 0
10226.5 0
10227.5 0
10228.5 0
10229.5 0
10230.5 0
10231.5 0
10232.5 0
10233.5 0
10234.5 0
10235.5 0
10236.5 0
10237.5 0
10238.5 0
10239.5 0
10240.5 0
10241.5 0
10242.5 0
10243.5 0
10244.5 0
10245.5 0
10246.5 0
10247.5 0
10248.5 0
10249.5 0
10250.5 0
10251.5 0
10252.5 0
10253.5 0
10254.5 0
10255.5 0
10256.5 0
10257.5 0
10258.5 0
10259.5 0
10260.5 0
10261.5 0
10262.5 0
10263.5 0
10264.5 0
10265.5 0
10266.5 0
10267.5 0
10268.5 0
10269.5 0
10270.5 0
10271.5 0
10272.5 0
10273.5 0
10274.5 0
10275.5 0
10276.5 0
10277.5 0
10278.5 0
10279.5 0
10280.5 0
10281.5 0
10282.5 0
10283.5 0
10284.5 0
10285.5 0
10286.5 0
10287.5 0
10288.5 0
10289.5 0
10290.5 0
10291.5 0
10292.5 0
10293.5 0
10294.5 -0.941176
10295.5 0
10296.5 0
10297.5 0
10298.5 0
10299.5 0
10300.5 0
10301.5 0
10302.5 0
10303.5 0
10304.5 0
10305.5 0
10306.5 0
10307.5 0
10308.5 0
10309.5 0
10310.5 0
10311.5 0
10312.5 0
10313.5 0
10314.5 0
10315.5 0
10316.5 0
10317.5 0
10318.5 0
10319.5 0
10320.5 0
10321.5 0
10322.5 0
10323.5 0
10324.5 0
10325.5 0
10326.5 0
10327.5 0
10328.5 0
10329.5 0
10330.5 0
10331.5 0
10332.5 0
10333.5 -0.941176
10334.5 0
10335.5 0
10336.5 0
10337.5 0
10338.5 0
10339.5 0
10340.5 0
10341.5 0
10342.5 0
10343.5 0
10344.5 0
10345.5 0
10346.5 0
10347.5 0
10348.5 0
10349.5 0
10350.5 0
10351.5 0
10352.5 0
10353.5 0
10354.5 0
10355.5 0
10356.5 0
10357.5 0
10358.5 0
10359.5 0
10360.5 0
10361.5 0
10362.5 0
10363.5 0
10364.5 0
10365.5 0
10366.5 0
10367.5 0
10368.5 0
10369.5 0
10370.5 0
10371.5 0
10372.5 0
10373.5 0
10374.5 0
10375.5 0
10376.5 0
10377.5 0
10378.5 0
10379.5 0
10380.5 0
10381.5 0
10382.5 0
10383.5 0
10384.5 0
10385.5 0
10386.5 0
10387.5 0
10388.5 0
10389.5 0
10390.5 0
10391.5 0
10392.5 0
10393.5 0
10394.5 0
10395.5 0
10396.5 0
10397.5 0
10398.5 0
10399.5 0
10400.5 0
10401.5 0
10402.5 0
10403.5 0
10404.5 0
10405.5 0
10406.5 0
10407.5 0
10408.5 0
10409.5 0
10410.5 0
10411.5 0
10412.5 0
10413.5 0
10414.5 0
10415.5 0
10416.5 0
10417.5 0
10418.5 0
10419.5 0
10420.5 0
10421.5 0
10422.5 0
10423.5 0
10424.5 0
10425.5 0
10426.5 0
10427.5 0
10428.5 0
10429.5 0
10430.5 0
10431.5 0
10432.5 0
10433.5 0
10434.5 0
10435.5 0
10436.5 0
10437.5 0
10438.5 0
10439.5 0
10440.5 0
10441.5 0
10442.5 0
10443.5 0
10444.5 0
10445.5 0
10446.5 0
10447.5 0
10448.5 0
10449.5 0
10450.5 0
10451.5 0
10452.5 0
10453.5 0
10454.5 0
10455.5 0
10456.5 0
10457.5 0
10458.5 0
10459.5 0
10460.5 0
10461.5 0
10462.5 0
10463.5 0
10464.5 0
10465.5 0
10466.5 0
10467.5 0
10468.5 0
10469.5 0
10470.5 0
10471.5 0
10472.5 0
10473.5 0
10474.5 0
10475.5 0
10476.5 0
10477.5 0
10478.5 0
10479.5 0
10480.5 0
10481.5 0
10482.5 0
10483.5 0
10484.5 0
10485.5 0
10486.5 1
10487.5 0
10488.5 0
10489.5 0
10490.5 0
10491.5 0
10492.5 0
10493.5 0
10494.5 0
10495.5 0
10496.5 0
10497.5 0
10498.5 0
10499.5 0
10500.5 0
10501.5 0
10502.5 0
10503.5 0
10504.5 0
10505.5 0
10506.5 0
10507.5 0
10508.5 0
10509.5 0
10510.5 0
10511.5 0
10512.5 0
10513.5 0
10514.5 0
10515.5 0
10516.5 0
10517.5 0
10518.5 0
10519.5 0
10520.5 0
10521.5 0
10522.5 0
10523.5 0
10524.5 0
10525.5 0
10526.5 0
10527.5 0
10528.5 0
10529.5 0
10530.5 0
10531.5 0
10532.5 0
10533.5 0
10534.5 0
10535.5 0
10536.5 0
10537.5 0
10538.5 0
10539.5 0
10540.5 0
10541.5 0
10542.5 0
10543.5 0
10544.5 0
10545.5 0
10546.5 0
10547.5 0
10548.5 0
10549.5 0
10550.5 0
10551.5 0
10552.5 0
10553.5 0
10554.5 0
10555.5 0
10556.5 0
10557.5 0
10558.5 0
10559.5 0
10560.5 0
10561.5 0
10562.5 0
10563.5 0
10564.5 0
10565.5 0
10566.5 0
10567.5 0
10568.5 0
10569.5 0
10570.5 0
10571.5 0
10572.5 0
10573.5 0
10574.5 0
10575.5 0
10576.5 0
10577.5 0
10578.5 0
10579.5 0
10580.5 0
10581.5 0
10582.5 0
10583.5 0
10584.5 0
10585.5 0
10586.5 0
10587.5 0
10588.5 0
10589.5 0
10590.5 0
10591.5 0
10592.5 0
10593.5 0
10594.5 0
10595.5 0
10596.5 0
10597.5 0
10598.5 0
10599.5 0
10600.5 0
10601.5 0
10602.5 0
10603.5 0
10604.5 0
10605.5 0
10606.5 0
10607.5 0
10608.5 0
10609.5 0
10610.5 0
10611.5 0
10612.5 0
10613.5 0
10614.5 0
10615.5 0
10616.5 0
10617.5 0
10618.5 0
10619.5 0
10620.5 0
10621.5 0
10622.5 0
10623.5 0
10624.5 0
10625.5 0
10626.5 0
10627.5 0
10628.5 0
10629.5 0
10630.5 1
10631.5 0
10632.5 0
10633.5 0
10634.5 0
10635.5 0
10636.5 0
10637.5 0
10638.5 0
10639.5 0
10640.5 0
10641.5 0
10642.5 0
10643.5 0
10644.5 0
10645.5 0
10646.5 0
10647.5 0
10648.5 0
10649.5 0
10650.5 0
10651.5 0
10652.5 0
10653.5 0
10654.5 0
10655.5 0
10656.5 0
10657.5 0
10658.5 0
10659.5 0
10660.5 0
10661.5 0
10662.5 0
10663.5 0
10664.5 0
10665.5 1
10666.5 0
10667.5 0
10668.5 0
10669.5 0
10670.5 0
10671.5 0
10672.5 0
10673.5 0
10674.5 0
10675.5 0
10676.5 0
10677.5 0
10678.5 0
10679.5 0
10680.5 0
10681.5 0
10682.5 0
10683.5 0
10684.5 0
10685.5 0
10686.5 0
10687.5 0
10688.5 0
10689.5 0
10690.5 0
10691.5 0
10692.5 0
10693.5 0
10694.5 0
10695.5 0
10696.5 0
10697.5 0
10698.5 0
10699.5 0
10700.5 0
10701.5 0
10702.5 0
10703.5 0
10704.5 0
10705.5 0
10706.5 0
10707.5 0
10708.5 0
10709.5 0
10710.5 0
10711.5 0
10712.5 0
10713.5 0
10714.5 0
10715.5 0
10716.5 -0.941176
10717.5 0
10718.5 0
10719.5 0
10720.5 0
10721.5 0
10722.5 0
10723.5 0
10724.5 0
10725.5 0
10726.5 0
10727.5 0
10728.5 0
10729.5 0
10730.5 0
10731.5 0
10732.5 0
10733.5 0
10734.5 0
10735.5 0
10736.5 0
10737.5 0
10738.5 0
10739.5 0
10740.5 0
10741.5 0
10742.5 0
10743.5 0
10744.5 0
10745.5 0
10746.5 0
10747.5 0
10748.5 0
10749.5 0
10750.5 0
10751.5 0
10752.5 0
10753.5 0
10754.5 0
10755.5 0
10756.5 0
10757.5 0
10758.5 0
10759.5 0
10760.5 0
10761.5 0
10762.5 0
10763.5 0
10764.5 0
10765.5 0
10766.5 0
10767.5 0
10768.5 0
10769.5 0
10770.5 0
10771.5 0
10772.5 0
10773.5 0
10774.5 0
10775.5 0
10776.5 0
10777.5 0
10778.5 0
10779.5 0
10780.5 0
10781.5 0
10782.5 0
10783.5 0
10784.5 0
10785.5 0
10786.5 0
10787.5 0
10788.5 0
10789.5 0
10790.5 -0.941176
10791.5 0
10792.5 0
10793.5 0
10794.5 0
10795.5 0
10796.5 0
10797.5 0
10798.5 0
10799.5 0
10800.5 0
10801.5 0
10802.5 0
10803.5 0
10804.5 0
10805.5 0
10806.5 0
10807.5 0
10808.5 0
10809.5 0
10810.5 0
10811.5 0
10812.5 0
10813.5 0
10814.5 0
10815.5 0
10816.5 0
10817.5 0
10818.5 0
10819.5 0
10820.5 0
10821.5 0
10822.5 0
10823.5 0
10824.5 0
10825.5 0
10826.5 0
10827.5 0
10828.5 0
10829.5 0
10830.5 0
10831.5 0
10832.5 0
10833.5 0
10834.5 0
10835.5 0
10836.5 0
10837.5 0
10838.5 0
10839.5 0
10840.5 0
10841.5 0
10842.5 0
10843.5 0
10844.5 0
10845.5 0
10846.5 0
10847.5 0
10848.5 0
10849.5 0
10850.5 0
10851.5 0
10852.5 0
10853.5 0
10854.5 0
10855.5 0
10856.5 0
10857.5 0
10858.5 0
10859.5 0
10860.5 0
10861.5 0
10862.5 0
10863.5 0
10864.5 0
10865.5 0
10866.5 0
10867.5 0
10868.5 0
10869.5 0
10870.5 0
10871.5 0
10872.5 0
10873.5 0
10874.5 0
10875.5 0
10876.5 0
10877.5 0
10878.5 0
10879.5 0
10880.5 0
10881.5 0
10882.5 0
10883.5 0
10884.5 0
10885.5 0
10886.5 0
10887.5 0
10888.5 0
10889.5 0
10890.5 0
10891.5 0
10892.5 0
10893.5 0
10894.5 0
10895.5 0
10896.5 0
10897.5 0
10898.5 0
10899.5 0
10900.5 0
10901.5 0
10902.5 0
10903.5 0
10904.5 0
10905.5 0
10906.5 0
10907.5 0
10908.5 0
10909.5 0
10910.5 0
10911.5 0
10912.5 0
10913.5 0
10914.5 0
10915.5 0
10916.5 0
10917.5 0
10918.5 0
10919.5 0
10920.5 0
10921.5 0
10922.5 0
10923.5 0
10924.5 0
10925.5 0
10926.5 0
10927.5 0
10928.5 0
10929.5 0
10930.5 0
10931.5 0
10932.5 0
10933.5 0
10934.5 0
10935.5 0
10936.5 0
10937.5 0
10938.5 0
10939.5 0
10940.5 0
10941.5 0
10942.5 0
10943.5 0
10944.5 0
10945.5 0
10946.5 0
10947.5 0
10948.5 0
10949.5 0
10950.5 0
10951.5 0
10952.5 0
10953.5 0
10954.5 0
10955.5 0
10956.5 0
10957.5 0
10958.5 0
10959.5 0
10960.5 0
10961.5 0
10962.5 0
10963.5 0
10964.5 0
10965.5 0
10966.5 0
10967.5 0
10968.5 0
10969.5 0
10970.5 0
10971.5 0
10972.5 0
10973.5 0
10974.5 0
10975.5 0
10976.5 0
10977.5 0
10978.5 0
10979.5 0
10980.5 0
10981.5 0
10982.5 0
10983.5 0
10984.5 0
10985.5 0
10986.5 0
10987.5 0
10988.5 0
10989.5 0
10990.5 0
10991.5 0
10992.5 0
10993.5 0
10994.5 0
10995.5 0
10996.5 0
10997.5 0
10998.5 0
10999.5 0
11000.5 0
11001.5 0
11002.5 0
11003.5 0
11004.5 0
11005.5 0
11006.5 0
11007.5 0
11008.5 0
11009.5 0
11010.5 0
11011.5 0
11012.5 0
11013.5 0
11014.5 0
11015.5 0
11016.5 0
11017.5 0
11018.5 0
11019.5 0
11020.5 0
11021.5 0
11022.5 0
11023.5 0
11024.5 0
11025.5 0
11026.5 0
11027.5 0
11028.5 0
11029.5 0
11030.5 0
11031.5 0
11032.5 0
11033.5 0
11034.5 0
11035.5 0
11036.5 0
11037.5 0
11038.5 0
11039.5 0
11040.5 0
11041.5 0
11042.5 0
11043.5 0
11044.5 0
11045.5 0
11046.5 0
11047.5 0
11048.5 0
11049.5 0
11050.5 0
11051.5 0
11052.5 0
11053.5 0
11054.5 0
11055.5 0
11056.5 0
11057.5 0
11058.5 0
11059.5 0
11060.5 0
11061.5 0
11062.5 0
11063.5 0
11064.5 0
11065.5 0
11066.5 0
11067.5 0
11068.5 0
11069.5 0
11070.5 0
11071.5 0
11072.5 0
11073.5 0
11074.5 0
11075.5 0
11076.5 0
11077.5 0
11078.5 0
11079.5 0
11080.5 0
11081.5 0
11082.5 0
11083.5 0
11084.5 0
11085.5 0
11086.5 0
11087.5 0
11088.5 0
11089.5 0
11090.5 0
11091.5 0
11092.5 0
11093.5 0
11094.5 0
11095.5 0
11096.5 0
11097.5 0
11098.5 0
11099.5 0
11100.5 0
11101.5 0
11102.5 0
11103.5 0
11104.5 0
11105.5 0
11106.5 0
11107.5 0
11108.5 0
11109.5 0
11110.5 0
11111.5 0
11112.5 0
11113.5 0
11114.5 0
11115.5 0
11116.5 0
11117.5 0
11118.5 0
11119.5 0
11120.5 0
11121.5 0
11122.5 0
11123.5 0
11124.5 0
11125.5 0
11126.5 0
11127.5 0
11128.5 0
11129.5 0
11130.5 0
11131.5 0
11132.5 0
11133.5 0
11134.5 0
11135.5 0
11136.5 0
11137.5 1
11138.5 0
11139.5 0
11140.5 0
11141.5 0
11142.5 0
11143.5 0
11144.5 0
11145.5 0
11146.5 0
11147.5 0
11148.5 0
11149.5 0
11150.5 0
11151.5 0
11152.5 0
11153.5 0
11154.5 0
11155.5 0
11156.5 0
11157.5 0
11158.5 0
11159.5 0
11160.5 0
11161.5 0
11162.5 0
11163.5 0
11164.5 0
11165.5 0
11166.5 0
11167.5 0
11168.5 0
11169.5 0
11170.5 0
11171.5 0
11172.5 0
11173.5 0
11174.5 0
11175.5 0
11176.5 0
11177.5 0
11178.5 0
11179.5 0
11180.5 0
11181.5 0
11182.5 0
11183.5 0
11184.5 0
11185.5 0
11186.5 0
11187.5 0
11188.5 0
11189.5 0
11190.5 0
11191.5 0
11192.5 0
11193.5 0
11194.5 0
11195.5 0
11196.5 0
11197.5 0
11198.5 0
11199.5 0
11200.5 0
11201.5 0
11202.5 0
11203.5 0
11204.5 0
11205.5 0
11206.5 0
11207.5 0
11208.5 0
11209.5 0
11210.5 0
11211.5 0
11212.5 0
11213.5 0
11214.5 0
11215.5 0
11216.5 0
11217.5 0
11218.5 0
11219.5 0
11220.5 0
11221.5 0
11222.5 0
11223.5 0
11224.5 0
11225.5 0
11226.5 0
11227.5 0
11228.5 0
11229.5 0
11230.5 0
11231.5 0
11232.5 0
11233.5 0
11234.5 0
11235.5 0
11236.5 0
11237.5 0
11238.5 0
11239.5 0
11240.5 0
11241.5 1
11242.5 0
11243.5 0
11244.5 0
11245.5 0
11246.5 0
11247.5 0
11248.5 0
11249.5 0
11250.5 0
11251.5 0
11252.5 0
11253.5 0
11254.5 0
11255.5 0
11256.5 0
11257.5 0
11258.5 0
11259.5 0
11260.5 0
11261.5 0
11262.5 0
11263.5 0
11264.5 0
11265.5 0
11266.5 0
11267.5 0
11268.5 0
11269.5 0
11270.5 0
11271.5 0
11272.5 0
11273.5 0
11274.5 0
11275.5 0
11276.5 0
11277.5 0
11278.5 0
11279.5 0
11280.5 0
11281.5 0
11282.5 0
11283.5 0
11284.5 0
11285.5 0
11286.5 0
11287.5 0
11288.5 0
11289.5 0
11290.5 0
11291.5 0
11292.5 0
11293.5 0
11294.5 0
11295.5 0
11296.5 0
11297.5 0
11298.5 0
11299.5 0
11300.5 0
11301.5 0
11302.5 0
11303.5 0
11304.5 0
11305.5 0
11306.5 0
11307.5 0
11308.5 0
11309.5 0
11310.5 0
11311.5 0
11312.5 0
11313.5 0
11314.5 0
11315.5 0
11316.5 0
11317.5 0
11318.5 0
11319.5 0
11320.5 0
11321.5 0
11322.5 0
11323.5 0
11324.5 0
11325.5 0
11326.5 0
11327.5 0
11328.5 0
11329.5 0
11330.5 0
11331.5 0
11332.5 0
11333.5 0
11334.5 0
11335.5 0
11336.5 0
11337.5 0
11338.5 0
11339.5 0
11340.5 0
11341.5 0
11342.5 0
11343.5 0
11344.5 0
11345.5 0
11346.5 0
11347.5 0
11348.5 0
11349.5 0
11350.5 0
11351.5 0
11352.5 0
11353.5 0
11354.5 0
11355.5 0
11356.5 0
11357.5 0
11358.5 0
11359.5 0
11360.5 0
11361.5 0
11362.5 0
11363.5 0
11364.5 0
11365.5 0
11366.5 0
11367.5 0
11368.5 0
11369.5 0
11370.5 0
11371.5 0
11372.5 0
11373.5 0
11374.5 0
11375.5 0
11376.5 0
11377.5 0
11378.5 0
11379.5 0
11380.5 0
11381.5 0
11382.5 0
11383.5 0
11384.5 0
11385.5 0
11386.5 0
11387.5 0
11388.5 0
11389.5 0
11390.5 0
11391.5 0
11392.5 0
11393.5 0
11394.5 0
11395.5 0
11396.5 0
11397.5 0
11398.5 0
11399.5 0
11400.5 0
11401.5 0
11402.5 0
11403.5 0
11404.5 0
11405.5 0
11406.5 0
11407.5 0
11408.5 0
11409.5 0
11410.5 0
11411.5 0
11412.5 0
11413.5 0
11414.5 0
11415.5 0
11416.5 0
11417.5 0
11418.5 0
11419.5 0
11420.5 0
11421.5 0
11422.5 0
11423.5 0
11424.5 0
11425.5 0
11426.5 0
11427.5 0
11428.5 0
11429.5 0
11430.5 0
11431.5 0
11432.5 0
11433.5 0
11434.5 0
11435.5 0
11436.5 0
11437.5 0
11438.5 0
11439.5 0
11440.5 0
11441.5 0
11442.5 0
11443.5 0
11444.5 0
11445.5 0
11446.5 0
11447.5 0
11448.5 0
11449.5 0
11450.5 0
11451.5 0
11452.5 0
11453.5 0
11454.5 0
11455.5 0
11456.5 0
11457.5 0
11458.5 0
11459.5 0
11460.5 0
11461.5 0
11462.5 0
11463.5 0
11464.5 0
11465.5 0
11466.5 0
11467.5 0
11468.5 0
11469.5 0
11470.5 0
11471.5 0
11472.5 0
11473.5 0
11474.5 0
11475.5 0
11476.5 0
11477.5 0
11478.5 0
11479.5 1
11480.5 0
11481.5 0
11482.5 0
11483.5 0
11484.5 0
11485.5 0
11486.5 0
11487.5 0
11488.5 0
11489.5 0
11490.5 0
11491.5 0
11492.5 0
11493.5 0
11494.5 0
11495.5 0
11496.5 0
11497.5 0
11498.5 0
11499.5 0
11500.5 0
11501.5 0
11502.5 0
11503.5 0
11504.5 0
11505.5 0
11506.5 0
11507.5 0
11508.5 0
11509.5 0
11510.5 0
11511.5 0
11512.5 0
11513.5 0
11514.5 0
11515.5 0
11516.5 0
11517.5 0
11518.5 0
11519.5 0
11520.5 0
11521.5 0
11522.5 0
11523.5 0
11524.5 0
11525.5 0
11526.5 0
11527.5 0
11528.5 0
11529.5 0
11530.5 0
11531.5 0
11532.5 0
11533.5 0
11534.5 0
11535.5 0
11536.5 0
11537.5 0
11538.5 0
11539.5 0
11540.5 0
11541.5 0
11542.5 0
11543.5 0
11544.5 0
11545.5 0
11546.5 0
11547.5 0
11548.5 0
11549.5 0
11550.5 0
11551.5 0
11552.5 0
11553.5 0
11554.5 0
11555.5 0
11556.5 0
11557.5 0
11558.5 0
11559.5 0
11560.5 0
11561.5 0
11562.5 0
11563.5 0
11564.5 0
11565.5 0
11566.5 0
11567.5 0
11568.5 0
11569.5 0
11570.5 0
11571.5 0
11572.5 0
11573.5 0
11574.5 0
11575.5 0
11576.5 0
11577.5 0
11578.5 0
11579.5 0
11580.5 0
11581.5 0
11582.5 0
11583.5 0
11584.5 0
11585.5 0
11586.5 0
11587.5 0
11588.5 0
11589.5 0
11590.5 0
11591.5 0
11592.5 0
11593.5 0
11594.5 0
11595.5 0
11596.5 0
11597.5 0
11598.5 0
11599.5 0
11600.5 0
11601.5 0
11602.5 0
11603.5 0
11604.5 0
11605.5 0
11606.5 0
11607.5 0
11608.5 0
11609.5 0
11610.5 0
11611.5 0
11612.5 0
11613.5 0
11614.5 0
11615.5 0
11616.5 0
11617.5 0
11618.5 0
11619.5 0
11620.5 0
11621.5 0
11622.5 0
11623.5 0
11624.5 0
11625.5 0
11626.5 0
11627.5 0
11628.5 0
11629.5 0
11630.5 0
11631.5 0
11632.5 0
11633.5 0
11634.5 0
11635.5 0
11636.5 0
11637.5 0
11638.5 0
11639.5 0
11640.5 0
11641.5 0
11642.5 0
11643.5 0
11644.5 0
11645.5 0
11646.5 0
11647.5 0
11648.5 0
11649.5 0
11650.5 0
11651.5 0
11652.5 0
11653.5 0
11654.5 0
11655.5 0
11656.5 0
11657.5 0
11658.5 0
11659.5 0
11660.5 0
11661.5 0
11662.5 0
11663.5 0
11664.5 0
11665.5 0
11666.5 0
11667.5 0
11668.5 0
11669.5 0
11670.5 0
11671.5 0
11672.5 0
11673.5 0
11674.5 0
11675.5 0
11676.5 0
11677.5 0
11678.5 0
11679.5 0
11680.5 0
11681.5 0
11682.5 0
11683.5 0
11684.5 0
11685.5 0
11686.5 0
11687.5 0
11688.5 0
11689.5 0
11690.5 0
11691.5 0
11692.5 0
11693.5 0
11694.5 0
11695.5 0
11696.5 0
11697.5 0
11698.5 0
11699.5 0
11700.5 0
11701.5 0
11702.5 0
11703.5 0
11704.5 0
11705.5 0
11706.5 0
11707.5 0
11708.5 0
11709.5 0
11710.5 0
11711.5 0
11712.5 0
11713.5 0
11714.5 0
11715.5 0
11716.5 0
11717.5 0
11718.5 0
11719.5 0
11720.5 0
11721.5 0
11722.5 0
11723.5 0
11724.5 0
11725.5 0
11726.5 0
11727.5 0
11728.5 0
11729.5 0
11730.5 0
11731.5 0
11732.5 0
11733.5 0
11734.5 0
11735.5 0
11736.5 0
11737.5 0
11738.5 0
11739.5 0
11740.5 0
11741.5 0
11742.5 0
11743.5 0
11744.5 0
11745.5 0
11746.5 0
11747.5 0
11748.5 0
11749.5 0
11750.5 0
11751.5 0
11752.5 0
11753.5 0
11754.5 0
11755.5 0
11756.5 0
11757.5 0
11758.5 0
11759.5 0
11760.5 0
11761.5 0
11762.5 0
11763.5 0
11764.5 0
11765.5 0
11766.5 0
11767.5 0
11768.5 0
11769.5 0
11770.5 0
11771.5 0
11772.5 0
11773.5 0
11774.5 0
11775.5 0
11776.5 0
11777.5 0
11778.5 0
11779.5 0
11780.5 0
11781.5 0
11782.5 0
11783.5 0
11784.5 0
11785.5 0
11786.5 0
11787.5 0
11788.5 0
11789.5 0
11790.5 0
11791.5 0
11792.5 0
11793.5 0
11794.5 0
11795.5 0
11796.5 0
11797.5 0
11798.5 0
11799.5 0
11800.5 0
11801.5 0
11802.5 0
11803.5 0
11804.5 0
11805.5 0
11806.5 0
11807.5 0
11808.5 0
11809.5 0
11810.5 0
11811.5 0
11812.5 0
11813.5 0
11814.5 0
11815.5 0
11816.5 0
11817.5 0
11818.5 0
11819.5 0
11820.5 0
11821.5 0
11822.5 -0.941176
11823.5 0
11824.5 0
11825.5 0
11826.5 0
11827.5 0
11828.5 0
11829.5 0
11830.5 0
11831.5 0
11832.5 0
11833.5 0
11834.5 0
11835.5 0
11836.5 0
11837.5 0
11838.5 0
11839.5 0
11840.5 0
11841.5 0
11842.5 0
11843.5 0
11844.5 0
11845.5 0
11846.5 0
11847.5 0
11848.5 0
11849.5 0
11850.5 0
11851.5 0
11852.5 0
11853.5 0
11854.5 0
11855.5 0
11856.5 0
11857.5 0
11858.5 0
11859.5 0
11860.5 0
11861.5 0
11862.5 0
11863.5 0
11864.5 0
11865.5 0
11866.5 0
11867.5 0
11868.5 0
11869.5 0
11870.5 0
11871.5 0
11872.5 0
11873.5 0
11874.5 0
11875.5 0
11876.5 0
11877.5 0
11878.5 0
11879.5 0
11880.5 0
11881.5 0
11882.5 0
11883.5 0
11884.5 0
11885.5 0
11886.5 0
11887.5 0
11888.5 0
11889.5 0
11890.5 0
11891.5 0
11892.5 0
11893.5 0
11894.5 0
11895.5 0
11896.5 0
11897.5 0
11898.5 0
11899.5 0
11900.5 0
11901.5 0
11902.5 0
11903.5 0
11904.5 0
11905.5 0
11906.5 0
11907.5 0
11908.5 0
11909.5 0
11910.5 0
11911.5 0
11912.5 0
11913.5 0
11914.5 0
11915.5 0
11916.5 0
11917.5 0
11918.5 0
11919.5 0
11920.5 0
11921.5 0
11922.5 0
11923.5 0
11924.5 0
11925.5 0
11926.5 0
11927.5 0
11928.5 0
11929.5 0
11930.5 0
11931.5 0
11932.5 0
11933.5 0
11934.5 0
11935.5 0
11936.5 0
11937.5 0
11938.5 0
11939.5 0
11940.5 0
11941.5 0
11942.5 0
11943.5 0
11944.5 0
11945.5 0
11946.5 0
11947.5 0
11948.5 0
11949.5 0
11950.5 0
11951.5 0
11952.5 0
11953.5 0
11954.5 0
11955.5 0
11956.5 0
11957.5 0
11958.5 0
11959.5 0
11960.5 0
11961.5 0
11962.5 0
11963.5 0
11964.5 0
11965.5 0
11966.5 0
11967.5 0
11968.5 0
11969.5 0
11970.5 0
11971.5 0
11972.5 0
11973.5 0
11974.5 0
11975.5 0
11976.5 0
11977.5 0
11978.5 0
11979.5 0
11980.5 0
11981.5 0
11982.5 0
11983.5 0
11984.5 0
11985.5 0
11986.5 0
11987.5 0
11988.5 0
11989.5 0
11990.5 0
11991.5 0
11992.5 0
11993.5 0
11994.5 0
11995.5 0
11996.5 0
11997.5 0
11998.5 0
11999.5 0
