# EGG_ProjY_E1267.0(3.0)_B1253.5(1.5)_B1272.0(1.0)
# X axis : Energy (keV) [Y axis]
# Y axis : Counts/1 keV
# N Bins : 12000
# X Min : 0
# X Max : 12000
# X value at the center of the bins
0.5 0
1.5 0
2.5 0
3.5 0
4.5 0
5.5 -20.8
6.5 15.8
7.5 1.8
8.5 4.8
9.5 -3.6
10.5 6.8
11.5 -6
12.5 -34.8
13.5 -7.80001
14.5 33.4
15.5 56.8
16.5 49
17.5 38.6
18.5 76.6
19.5 89.8
20.5 119.4
21.5 133.8
22.5 180.4
23.5 272.4
24.5 419.8
25.5 401.6
26.5 325.4
27.5 516.2
28.5 481.2
29.5 540
30.5 502.4
31.5 675.4
32.5 770.8
33.5 707.6
34.5 640.2
35.5 889
36.5 831.8
37.5 691
38.5 717.6
39.5 563.6
40.5 659.4
41.5 890.6
42.5 796.4
43.5 914.2
44.5 1075.4
45.5 826.6
46.5 684.2
47.5 1037.6
48.5 844.6
49.5 757.2
50.5 825.6
51.5 843.2
52.5 845.2
53.5 770.4
54.5 711.8
55.5 901.4
56.5 929
57.5 913.2
58.5 1147.4
59.5 1303.8
60.5 973.6
61.5 989.8
62.5 959
63.5 1077
64.5 861.8
65.5 912.2
66.5 1297
67.5 1324.2
68.5 1115
69.5 961.4
70.5 959.8
71.5 1026.8
72.5 865.6
73.5 1084.8
74.5 1799.8
75.5 1716.2
76.5 2283.8
77.5 2344.4
78.5 1408.6
79.5 1109.8
80.5 1127.8
81.5 848.8
82.5 909.4
83.5 831
84.5 1157.8
85.5 1002.4
86.5 1551.2
87.5 1679
88.5 1438.4
89.5 1119.4
90.5 1325.4
91.5 1130
92.5 894.6
93.5 917.6
94.5 968.2
95.5 1100
96.5 1155.8
97.5 954
98.5 1295.4
99.5 1107.6
100.5 993.8
101.5 1032.4
102.5 1255.2
103.5 1069.2
104.5 974.4
105.5 1221.8
106.5 1026.8
107.5 1084.2
108.5 1124.4
109.5 1180.2
110.5 1219.6
111.5 1254
112.5 1146.8
113.5 1227.4
114.5 1173.6
115.5 1048.8
116.5 1110
117.5 1192
118.5 1513
119.5 1237.2
120.5 1032
121.5 1498
122.5 1343
123.5 1131.4
124.5 1134.8
125.5 1127.2
126.5 1238.8
127.5 1242
128.5 1158
129.5 1154.6
130.5 1159.8
131.5 1277
132.5 1299
133.5 1050.2
134.5 947.2
135.5 1327
136.5 1198.6
137.5 1310.4
138.5 1222
139.5 1465.8
140.5 1427.8
141.5 1349.6
142.5 1199.6
143.5 1266.8
144.5 1375.4
145.5 1240
146.5 1682
147.5 1107.6
148.5 1412
149.5 1569.6
150.5 1632.2
151.5 1686.4
152.5 1478.4
153.5 1544.4
154.5 1193
155.5 1208
156.5 1242.6
157.5 1546
158.5 1697
159.5 2310.4
160.5 2456.8
161.5 2276.4
162.5 2260.4
163.5 2252.8
164.5 1662.4
165.5 1816
166.5 1640.2
167.5 1785
168.5 1581.8
169.5 1605
170.5 1471.6
171.5 1504.2
172.5 1617.8
173.5 1254.6
174.5 1398.2
175.5 1347.8
176.5 1162.2
177.5 1310
178.5 1526.6
179.5 1487.8
180.5 1541
181.5 1127.4
182.5 1241.4
183.5 1409.4
184.5 1303
185.5 1361.6
186.5 1496.6
187.5 1411.6
188.5 1312.2
189.5 1318.2
190.5 1474.8
191.5 1625.6
192.5 1720.8
193.5 2075
194.5 1680.2
195.5 1716.6
196.5 1928.6
197.5 1532.6
198.5 1680.2
199.5 1441.8
200.5 1326.4
201.5 1583.8
202.5 1465.6
203.5 1702
204.5 1590.6
205.5 1578.8
206.5 1424.4
207.5 1551.6
208.5 1125.2
209.5 1383.2
210.5 1725.4
211.5 1726.6
212.5 1724.6
213.5 1739
214.5 1787.2
215.5 1457.2
216.5 1637.6
217.5 1649.4
218.5 1672.4
219.5 1481.4
220.5 1685.8
221.5 1896
222.5 1711.8
223.5 1462.2
224.5 922
225.5 468.6
226.5 -504.6
227.5 -399.6
228.5 1012.8
229.5 3120
230.5 4555.2
231.5 5048
232.5 5205.2
233.5 4879
234.5 3772.6
235.5 3292
236.5 2101.4
237.5 1991.4
238.5 1754.6
239.5 1701.6
240.5 1747
241.5 1922.8
242.5 1212.6
243.5 485
244.5 -119.2
245.5 -717.4
246.5 -588.2
247.5 -20.8003
248.5 1024
249.5 1410.4
250.5 1518.6
251.5 1514
252.5 1410.4
253.5 1592.4
254.5 1162.8
255.5 1415.6
256.5 1415.4
257.5 1240.8
258.5 1277.8
259.5 1218
260.5 1267.8
261.5 1352.2
262.5 1334.2
263.5 1447.4
264.5 1521.6
265.5 1103
266.5 1354.2
267.5 1297.8
268.5 1102.8
269.5 1413.8
270.5 1512.6
271.5 1470.8
272.5 1590
273.5 1716.2
274.5 1737.8
275.5 1654
276.5 1639
277.5 1362.6
278.5 1464
279.5 1236.2
280.5 1434.6
281.5 1266
282.5 1183
283.5 1272.2
284.5 895.4
285.5 607.6
286.5 627.2
287.5 926.6
288.5 772.6
289.5 1077.6
290.5 1014
291.5 1171.6
292.5 1332.8
293.5 1104.4
294.5 1240.2
295.5 924.4
296.5 1167
297.5 1053.4
298.5 1041.4
299.5 1115.4
300.5 1210.8
301.5 1140.4
302.5 934.4
303.5 915.6
304.5 940.6
305.5 1026.6
306.5 1014.4
307.5 1157.6
308.5 1201.8
309.5 1335.6
310.5 1284.6
311.5 1240.2
312.5 1153.2
313.5 1287.4
314.5 1099.4
315.5 890.4
316.5 994.6
317.5 1073.6
318.5 1085.2
319.5 1035.2
320.5 1338
321.5 1224.2
322.5 1264
323.5 1078.6
324.5 1248.2
325.5 1148.2
326.5 1272.4
327.5 1252.6
328.5 1020.6
329.5 969
330.5 1164.6
331.5 1060.6
332.5 1176
333.5 968.2
334.5 902
335.5 971.6
336.5 1018.4
337.5 951
338.5 1231.6
339.5 1199
340.5 989.2
341.5 1012.6
342.5 858.2
343.5 887.2
344.5 862.8
345.5 917
346.5 978.6
347.5 1062.8
348.5 1019
349.5 967.6
350.5 824
351.5 678.2
352.5 1096.6
353.5 1198.8
354.5 1474.4
355.5 1265.8
356.5 1239.2
357.5 958
358.5 526.4
359.5 -122.2
360.5 -937.4
361.5 -626.2
362.5 845.6
363.5 2579
364.5 3708.2
365.5 4268
366.5 4228.6
367.5 3921.8
368.5 3010
369.5 2321.8
370.5 1544.8
371.5 1198
372.5 1404.4
373.5 1190.8
374.5 896
375.5 772.4
376.5 137.6
377.5 -425.6
378.5 -1073.2
379.5 -1313.8
380.5 -1141.4
381.5 -151.2
382.5 748.6
383.5 929.2
384.5 708.4
385.5 617.4
386.5 441
387.5 401.6
388.5 733.4
389.5 704
390.5 875
391.5 881.8
392.5 768
393.5 377.6
394.5 399.4
395.5 450
396.5 573.8
397.5 618.6
398.5 956
399.5 1041
400.5 1018.6
401.5 2200
402.5 9218.2
403.5 30223.8
404.5 31653
405.5 10384.4
406.5 2320
407.5 862.2
408.5 949.2
409.5 837.6
410.5 688.8
411.5 659.2
412.5 616.2
413.5 739.8
414.5 806.4
415.5 838.8
416.5 1002.4
417.5 1085.4
418.5 848.8
419.5 560.8
420.5 702.8
421.5 673.6
422.5 771.6
423.5 599.8
424.5 609.2
425.5 629.6
426.5 581.2
427.5 629.6
428.5 675.4
429.5 579.6
430.5 736.4
431.5 737
432.5 626
433.5 557.4
434.5 650.8
435.5 749.8
436.5 680.2
437.5 481.6
438.5 593
439.5 519.8
440.5 613
441.5 640.6
442.5 918.2
443.5 874
444.5 880
445.5 843.4
446.5 862.4
447.5 737.6
448.5 687.6
449.5 625
450.5 575.8
451.5 426.8
452.5 397.8
453.5 358
454.5 416.4
455.5 817
456.5 850.8
457.5 866.2
458.5 849.4
459.5 815.2
460.5 930
461.5 846.2
462.5 830.6
463.5 647.4
464.5 509.8
465.5 675.2
466.5 544.6
467.5 540.4
468.5 611
469.5 360.2
470.5 342.8
471.5 188.2
472.5 417
473.5 533.2
474.5 750
475.5 637.8
476.5 727
477.5 628.6
478.5 745.6
479.5 581.6
480.5 754.2
481.5 768.4
482.5 701.6
483.5 680.8
484.5 572.6
485.5 474.2
486.5 701.2
487.5 619.4
488.5 511.4
489.5 631.4
490.5 535.4
491.5 549.8
492.5 535
493.5 611
494.5 509
495.5 530
496.5 743.2
497.5 673.2
498.5 617.6
499.5 464.8
500.5 524.2
501.5 665.6
502.5 471
503.5 706.2
504.5 593.6
505.5 428.2
506.5 636
507.5 907.6
508.5 2079.2
509.5 3534.2
510.5 5393.6
511.5 5410.2
512.5 3731.2
513.5 1909.2
514.5 1179.4
515.5 937.2
516.5 726.4
517.5 544.6
518.5 935.8
519.5 1414.8
520.5 1084
521.5 745.2
522.5 345.8
523.5 106.4
524.5 77.5999
525.5 145.4
526.5 246.4
527.5 299.2
528.5 501.8
529.5 524
530.5 561.4
531.5 523.8
532.5 575.8
533.5 489.4
534.5 375.6
535.5 506.8
536.5 439.4
537.5 468.8
538.5 474.2
539.5 580.4
540.5 531.2
541.5 579.4
542.5 726.8
543.5 577
544.5 591
545.5 574
546.5 568.4
547.5 570
548.5 527.6
549.5 573.2
550.5 417.6
551.5 611.4
552.5 587
553.5 524
554.5 622.8
555.5 359.2
556.5 527.6
557.5 566.8
558.5 402.8
559.5 546.6
560.5 474.4
561.5 510.8
562.5 591.6
563.5 524
564.5 555.8
565.5 504.8
566.5 398.6
567.5 396
568.5 636
569.5 562.6
570.5 588
571.5 556.2
572.5 518
573.5 506.2
574.5 540.4
575.5 470
576.5 660.6
577.5 524.4
578.5 636.4
579.5 499
580.5 409.4
581.5 478.4
582.5 628.6
583.5 448.2
584.5 596.2
585.5 314.6
586.5 555.6
587.5 521.4
588.5 395.8
589.5 485
590.5 482.4
591.5 526.6
592.5 578.4
593.5 904.6
594.5 915.6
595.5 708.4
596.5 552.6
597.5 467.6
598.5 342.6
599.5 513.2
600.5 350
601.5 320.2
602.5 697.4
603.5 796
604.5 737.2
605.5 780
606.5 674.4
607.5 680.6
608.5 571.8
609.5 542.2
610.5 447.6
611.5 405.6
612.5 426.4
613.5 231.8
614.5 144.6
615.5 310.8
616.5 465.6
617.5 827.8
618.5 840.2
619.5 861.8
620.5 920.8
621.5 1061
622.5 748
623.5 531.2
624.5 538.8
625.5 487.6
626.5 371.6
627.5 483.4
628.5 535
629.5 361
630.5 323.8
631.5 240.2
632.5 112.8
633.5 136.6
634.5 204.6
635.5 335.4
636.5 408.6
637.5 447.2
638.5 523.6
639.5 405.6
640.5 500.2
641.5 360.2
642.5 512.8
643.5 468.8
644.5 448.6
645.5 488
646.5 480.4
647.5 471.8
648.5 427
649.5 1147.2
650.5 2443.2
651.5 2787.8
652.5 1485
653.5 715.8
654.5 236.4
655.5 171.6
656.5 302.2
657.5 446
658.5 394.4
659.5 462.6
660.5 390.2
661.5 567.4
662.5 360.2
663.5 523
664.5 527.6
665.5 550.8
666.5 649.4
667.5 666.6
668.5 566.8
669.5 247.6
670.5 325
671.5 410.2
672.5 625.2
673.5 590.2
674.5 832.4
675.5 670.4
676.5 626.8
677.5 548
678.5 480.2
679.5 436.4
680.5 513
681.5 522
682.5 587
683.5 479.8
684.5 501.2
685.5 262.8
686.5 304.2
687.5 325.2
688.5 260.8
689.5 442.2
690.5 423.6
691.5 470.6
692.5 510.8
693.5 470.8
694.5 463.2
695.5 447.2
696.5 355.8
697.5 493
698.5 572.2
699.5 398.6
700.5 463.4
701.5 484.8
702.5 382.4
703.5 296.6
704.5 293
705.5 373.8
706.5 369.2
707.5 455
708.5 368
709.5 436.6
710.5 534.6
711.5 473.6
712.5 617.8
713.5 448.6
714.5 447.6
715.5 458.2
716.5 418.2
717.5 538.4
718.5 521.8
719.5 495.4
720.5 359.4
721.5 355
722.5 271.6
723.5 293.4
724.5 446.4
725.5 575.4
726.5 482
727.5 450
728.5 246.6
729.5 370.6
730.5 459.6
731.5 570.8
732.5 480.8
733.5 548
734.5 443.6
735.5 511
736.5 399.6
737.5 448
738.5 355.2
739.5 418.2
740.5 518.2
741.5 486.6
742.5 486.2
743.5 443
744.5 315.2
745.5 369
746.5 492.6
747.5 378.8
748.5 337.4
749.5 536.2
750.5 380.8
751.5 423.8
752.5 493.4
753.5 539.2
754.5 730
755.5 561.6
756.5 493
757.5 384.6
758.5 465.4
759.5 340.6
760.5 711.2
761.5 772.2
762.5 492.4
763.5 539.4
764.5 461.4
765.5 503.4
766.5 446.8
767.5 323.2
768.5 407.6
769.5 519
770.5 387.6
771.5 484.8
772.5 420
773.5 441
774.5 333.8
775.5 574.8
776.5 514.8
777.5 378.8
778.5 406.6
779.5 413.6
780.5 462.6
781.5 452.8
782.5 584.6
783.5 540.4
784.5 555.2
785.5 693.8
786.5 580.6
787.5 531.8
788.5 450.4
789.5 452.6
790.5 609.8
791.5 441.2
792.5 491.2
793.5 476.6
794.5 571.8
795.5 1016.4
796.5 1465.4
797.5 1221.2
798.5 678.8
799.5 508.4
800.5 493.6
801.5 507
802.5 495
803.5 487
804.5 440.4
805.5 668.8
806.5 759.2
807.5 555.2
808.5 438.4
809.5 491.4
810.5 461.8
811.5 490.4
812.5 369.6
813.5 459.4
814.5 366.4
815.5 459.8
816.5 460.2
817.5 606.4
818.5 566.2
819.5 586.6
820.5 445.8
821.5 645
822.5 576.2
823.5 485.6
824.5 530.6
825.5 556
826.5 491.8
827.5 508.2
828.5 475.8
829.5 490.2
830.5 474.8
831.5 450
832.5 459.4
833.5 433.6
834.5 511.6
835.5 500.6
836.5 510.8
837.5 467.2
838.5 504.2
839.5 439
840.5 481.2
841.5 566.8
842.5 470.4
843.5 542.8
844.5 411.8
845.5 517.6
846.5 481.2
847.5 404.2
848.5 615.2
849.5 454.4
850.5 473.6
851.5 549.2
852.5 481
853.5 433.4
854.5 374.4
855.5 520.4
856.5 443.4
857.5 482.8
858.5 430.4
859.5 588
860.5 539
861.5 295
862.5 447.2
863.5 524.4
864.5 453.8
865.5 572.4
866.5 509.6
867.5 459.8
868.5 428.2
869.5 759
870.5 454.6
871.5 541
872.5 476.4
873.5 675.4
874.5 595.4
875.5 630.4
876.5 640.8
877.5 326
878.5 627.6
879.5 641.2
880.5 618.4
881.5 724
882.5 870
883.5 832.6
884.5 827.2
885.5 782.8
886.5 745.8
887.5 626.8
888.5 584.4
889.5 515.6
890.5 502.8
891.5 519.6
892.5 572.6
893.5 560.4
894.5 428.2
895.5 492.4
896.5 457.4
897.5 506
898.5 497.8
899.5 553.4
900.5 594
901.5 688.8
902.5 702
903.5 504.6
904.5 506.2
905.5 589
906.5 533.6
907.5 653
908.5 623.6
909.5 526.2
910.5 632.6
911.5 631.6
912.5 729.8
913.5 482.4
914.5 735.6
915.5 586.6
916.5 589.6
917.5 578.6
918.5 709.8
919.5 463.6
920.5 637
921.5 584.6
922.5 551.2
923.5 588.4
924.5 545.2
925.5 662.4
926.5 592
927.5 611.6
928.5 629.2
929.5 707.4
930.5 638.4
931.5 587.4
932.5 726.8
933.5 726.2
934.5 691.2
935.5 639.2
936.5 521.8
937.5 700
938.5 628
939.5 452.6
940.5 529.2
941.5 590.4
942.5 585.2
943.5 629
944.5 539
945.5 726.6
946.5 629
947.5 599
948.5 183.8
949.5 21.3999
950.5 -45.6001
951.5 212.4
952.5 855
953.5 1135.8
954.5 1508.2
955.5 1603.4
956.5 1581.4
957.5 1358.2
958.5 1199.2
959.5 761.4
960.5 557
961.5 425.6
962.5 465
963.5 280
964.5 440
965.5 402.8
966.5 119
967.5 -290.4
968.5 -413.8
969.5 -404.8
970.5 -242.8
971.5 22.7999
972.5 222
973.5 402.4
974.5 344.2
975.5 433.2
976.5 414.4
977.5 458.4
978.5 508.4
979.5 509.8
980.5 397
981.5 403.2
982.5 399.6
983.5 436.4
984.5 395.2
985.5 465.4
986.5 416.2
987.5 482.4
988.5 446.4
989.5 372.6
990.5 512
991.5 448.2
992.5 372.4
993.5 366.2
994.5 361.2
995.5 408.8
996.5 459.4
997.5 404
998.5 478.6
999.5 447.4
1000.5 410.4
1001.5 874.2
1002.5 691.6
1003.5 381.2
1004.5 507.2
1005.5 384.4
1006.5 443.6
1007.5 430.4
1008.5 510.6
1009.5 441.4
1010.5 457.2
1011.5 290.4
1012.5 325.6
1013.5 447
1014.5 424.2
1015.5 476.8
1016.5 351.4
1017.5 464.8
1018.5 362.8
1019.5 377.8
1020.5 405
1021.5 534.8
1022.5 873.8
1023.5 2084.6
1024.5 3711.4
1025.5 2985.8
1026.5 1245.4
1027.5 508
1028.5 494.8
1029.5 323
1030.5 352.8
1031.5 258.4
1032.5 302.2
1033.5 308.6
1034.5 407
1035.5 379.4
1036.5 372.2
1037.5 330.2
1038.5 364.4
1039.5 297.8
1040.5 214.6
1041.5 284
1042.5 271.8
1043.5 319.4
1044.5 263.2
1045.5 365
1046.5 295
1047.5 337.6
1048.5 349.2
1049.5 286.8
1050.5 394
1051.5 307.4
1052.5 348.2
1053.5 363.6
1054.5 361.6
1055.5 241
1056.5 289.6
1057.5 285.4
1058.5 315
1059.5 346.8
1060.5 303.2
1061.5 288.2
1062.5 338.2
1063.5 292.6
1064.5 291.6
1065.5 247.2
1066.5 222.8
1067.5 389.2
1068.5 226.4
1069.5 412.6
1070.5 303.8
1071.5 301.8
1072.5 434
1073.5 524.2
1074.5 410.8
1075.5 441.2
1076.5 249.6
1077.5 300.2
1078.5 263.2
1079.5 252
1080.5 386.6
1081.5 315.8
1082.5 326.2
1083.5 210.4
1084.5 251.4
1085.5 300.4
1086.5 204.2
1087.5 324.8
1088.5 248
1089.5 254
1090.5 308
1091.5 333.4
1092.5 221.6
1093.5 287.4
1094.5 292
1095.5 272
1096.5 265.4
1097.5 172.8
1098.5 272
1099.5 243
1100.5 283.2
1101.5 263.2
1102.5 385.2
1103.5 251.2
1104.5 276.4
1105.5 287.8
1106.5 459
1107.5 476.8
1108.5 490.8
1109.5 333
1110.5 374
1111.5 375
1112.5 343.2
1113.5 429.4
1114.5 458.8
1115.5 287
1116.5 332
1117.5 297.8
1118.5 303.6
1119.5 319.8
1120.5 373
1121.5 288
1122.5 512.4
1123.5 1675.6
1124.5 4652.2
1125.5 11614
1126.5 13359.8
1127.5 6203.6
1128.5 1740.6
1129.5 561.4
1130.5 290.8
1131.5 286.6
1132.5 302.6
1133.5 251.6
1134.5 167.6
1135.5 232.6
1136.5 231
1137.5 218.8
1138.5 241.4
1139.5 320.8
1140.5 271
1141.5 336.4
1142.5 218.6
1143.5 198
1144.5 289.2
1145.5 281.8
1146.5 289.8
1147.5 273.2
1148.5 344.4
1149.5 339.4
1150.5 232.2
1151.5 334.8
1152.5 387.4
1153.5 842.8
1154.5 3075.8
1155.5 10712.4
1156.5 24307.6
1157.5 24375
1158.5 10348.6
1159.5 2407.4
1160.5 540.2
1161.5 286.4
1162.5 326.2
1163.5 255.6
1164.5 261
1165.5 257.2
1166.5 268.8
1167.5 274.4
1168.5 251
1169.5 227
1170.5 229.2
1171.5 238.4
1172.5 209.6
1173.5 207.6
1174.5 219.2
1175.5 137.8
1176.5 188.2
1177.5 192.4
1178.5 303.2
1179.5 215.6
1180.5 271.6
1181.5 231.6
1182.5 256.6
1183.5 254.6
1184.5 296.8
1185.5 259.8
1186.5 336.2
1187.5 382.8
1188.5 317
1189.5 202.8
1190.5 180.2
1191.5 171.4
1192.5 244.4
1193.5 188.4
1194.5 251.6
1195.5 188.4
1196.5 196
1197.5 149.6
1198.5 289.4
1199.5 218.8
1200.5 330.4
1201.5 260.4
1202.5 291
1203.5 191
1204.5 267.6
1205.5 271
1206.5 250.8
1207.5 191.2
1208.5 294
1209.5 199.6
1210.5 254.6
1211.5 271.2
1212.5 196
1213.5 251.2
1214.5 268
1215.5 189.8
1216.5 195
1217.5 215.4
1218.5 234.6
1219.5 110
1220.5 232.6
1221.5 234.2
1222.5 231.6
1223.5 238.2
1224.5 206.2
1225.5 252.4
1226.5 172
1227.5 202.4
1228.5 213
1229.5 300.6
1230.5 214
1231.5 285.2
1232.5 370.2
1233.5 339.6
1234.5 235.2
1235.5 240.2
1236.5 207.6
1237.5 285.2
1238.5 245.8
1239.5 217.4
1240.5 202.4
1241.5 119.8
1242.5 151.6
1243.5 264.2
1244.5 227.2
1245.5 260.4
1246.5 440.8
1247.5 389
1248.5 212.6
1249.5 243.8
1250.5 183.4
1251.5 178.2
1252.5 199.6
1253.5 134
1254.5 203.6
1255.5 256.8
1256.5 242.8
1257.5 177.6
1258.5 214.4
1259.5 135.2
1260.5 232.2
1261.5 277.6
1262.5 293.2
1263.5 234
1264.5 163.6
1265.5 86.2
1266.5 91.6
1267.5 206.4
1268.5 159.2
1269.5 231
1270.5 250.4
1271.5 231.8
1272.5 221.2
1273.5 281
1274.5 162.8
1275.5 186
1276.5 169.2
1277.5 225.8
1278.5 185.6
1279.5 171.4
1280.5 231.2
1281.5 195.4
1282.5 152.2
1283.5 88.6
1284.5 150.8
1285.5 191.8
1286.5 147
1287.5 204.8
1288.5 159.2
1289.5 123
1290.5 274.4
1291.5 90.6
1292.5 170.2
1293.5 159.2
1294.5 171.6
1295.5 158.2
1296.5 183
1297.5 175.4
1298.5 182.4
1299.5 172.6
1300.5 182.4
1301.5 258.6
1302.5 172.2
1303.5 178.2
1304.5 127.2
1305.5 174.2
1306.5 186.8
1307.5 192.8
1308.5 175.6
1309.5 206.2
1310.5 83
1311.5 138.2
1312.5 100
1313.5 176
1314.5 182
1315.5 170.2
1316.5 137.8
1317.5 193.6
1318.5 180.2
1319.5 174.8
1320.5 156.2
1321.5 190
1322.5 167
1323.5 182.2
1324.5 214.4
1325.5 129.8
1326.5 176
1327.5 213.8
1328.5 188.6
1329.5 185.2
1330.5 134.2
1331.5 164.6
1332.5 81.4
1333.5 133.8
1334.5 198.4
1335.5 179.2
1336.5 155.6
1337.5 196.6
1338.5 174.2
1339.5 210.8
1340.5 169
1341.5 195.6
1342.5 217.8
1343.5 140
1344.5 242.8
1345.5 204.6
1346.5 175.2
1347.5 242.2
1348.5 123.8
1349.5 161.4
1350.5 189.6
1351.5 166.2
1352.5 141.4
1353.5 179.2
1354.5 209
1355.5 157.2
1356.5 150.6
1357.5 105
1358.5 44.2
1359.5 126.4
1360.5 119.8
1361.5 186
1362.5 110.4
1363.5 127.8
1364.5 133
1365.5 44.8
1366.5 192.4
1367.5 172.6
1368.5 110.8
1369.5 148
1370.5 131.2
1371.5 156.4
1372.5 124
1373.5 198.2
1374.5 71.8
1375.5 153.4
1376.5 156.8
1377.5 110.6
1378.5 192.4
1379.5 155
1380.5 139.4
1381.5 140.6
1382.5 135.4
1383.5 176.6
1384.5 153.8
1385.5 111.4
1386.5 109.2
1387.5 89
1388.5 216.6
1389.5 229.6
1390.5 158.4
1391.5 136.4
1392.5 144.6
1393.5 152.2
1394.5 135
1395.5 136.4
1396.5 140
1397.5 198.4
1398.5 154
1399.5 135.4
1400.5 137.6
1401.5 161.6
1402.5 148.8
1403.5 119
1404.5 140.8
1405.5 258
1406.5 327.6
1407.5 259.4
1408.5 191.2
1409.5 229.4
1410.5 103
1411.5 159.6
1412.5 116.8
1413.5 150.2
1414.5 121.2
1415.5 172.8
1416.5 156.6
1417.5 218.4
1418.5 266.8
1419.5 164
1420.5 147.4
1421.5 135
1422.5 195
1423.5 219.6
1424.5 158.2
1425.5 558.8
1426.5 1926.4
1427.5 5125.6
1428.5 7908.2
1429.5 5952
1430.5 2113
1431.5 510.8
1432.5 237
1433.5 168
1434.5 221
1435.5 96.4
1436.5 135.8
1437.5 122.4
1438.5 84.8
1439.5 108.4
1440.5 124.4
1441.5 62.8
1442.5 33.4
1443.5 64
1444.5 113.2
1445.5 126.6
1446.5 115.6
1447.5 78.2
1448.5 118.8
1449.5 86.2
1450.5 131.2
1451.5 168
1452.5 102.4
1453.5 127.2
1454.5 156.6
1455.5 158.8
1456.5 129
1457.5 80.4
1458.5 120.6
1459.5 188
1460.5 149.8
1461.5 111
1462.5 98.2
1463.5 194.8
1464.5 95
1465.5 129.2
1466.5 138
1467.5 77.6
1468.5 81
1469.5 79.8
1470.5 98.6
1471.5 155.4
1472.5 107.4
1473.5 121
1474.5 125.4
1475.5 122.4
1476.5 128
1477.5 143.2
1478.5 126.8
1479.5 144
1480.5 101.2
1481.5 173.2
1482.5 74.2
1483.5 184
1484.5 165
1485.5 164.6
1486.5 135.4
1487.5 120.6
1488.5 125
1489.5 119.6
1490.5 41.4
1491.5 148.8
1492.5 137.4
1493.5 168.6
1494.5 126
1495.5 143.4
1496.5 229
1497.5 466
1498.5 846
1499.5 1196.2
1500.5 866.6
1501.5 409.2
1502.5 193.6
1503.5 112.4
1504.5 101.2
1505.5 120.4
1506.5 119.8
1507.5 127.6
1508.5 182.2
1509.5 112.6
1510.5 99
1511.5 162.2
1512.5 104.4
1513.5 128.6
1514.5 80.4
1515.5 86
1516.5 159.8
1517.5 213.6
1518.5 189.2
1519.5 402.8
1520.5 319
1521.5 185.8
1522.5 68.6
1523.5 184.8
1524.5 113
1525.5 80.6
1526.5 151
1527.5 121.6
1528.5 124.4
1529.5 119
1530.5 155.6
1531.5 87.4
1532.5 109
1533.5 137.4
1534.5 138.6
1535.5 96.2
1536.5 122.8
1537.5 67.2
1538.5 112
1539.5 95.4
1540.5 212.4
1541.5 146.2
1542.5 43.8
1543.5 84.2
1544.5 76.4
1545.5 266.8
1546.5 218.2
1547.5 156.2
1548.5 133.8
1549.5 110
1550.5 74
1551.5 62.6
1552.5 118
1553.5 52.2
1554.5 84.6
1555.5 160.8
1556.5 135.8
1557.5 149.2
1558.5 156.8
1559.5 130.6
1560.5 158.8
1561.5 149.4
1562.5 190.6
1563.5 165.4
1564.5 158.2
1565.5 92.4
1566.5 67
1567.5 156.2
1568.5 155.8
1569.5 128
1570.5 69.2
1571.5 99
1572.5 109
1573.5 69.8
1574.5 93.2
1575.5 173.4
1576.5 165
1577.5 175.4
1578.5 150.4
1579.5 120.8
1580.5 143.6
1581.5 62.4
1582.5 82.4
1583.5 145.2
1584.5 182.4
1585.5 331
1586.5 500.8
1587.5 528.2
1588.5 253.4
1589.5 212.8
1590.5 105.8
1591.5 176.4
1592.5 196.8
1593.5 132.6
1594.5 192
1595.5 190.2
1596.5 149.8
1597.5 164.2
1598.5 87.4
1599.5 143.8
1600.5 118.8
1601.5 167.8
1602.5 155
1603.5 174.4
1604.5 191
1605.5 109.4
1606.5 92.4
1607.5 92
1608.5 77.8
1609.5 97.6
1610.5 126.8
1611.5 59.4
1612.5 87
1613.5 85.6
1614.5 105.6
1615.5 76.8
1616.5 96.6
1617.5 141.2
1618.5 137
1619.5 144.4
1620.5 182.8
1621.5 47.2
1622.5 87
1623.5 117.6
1624.5 115.6
1625.5 173.8
1626.5 106
1627.5 170.4
1628.5 148.6
1629.5 198.2
1630.5 124.8
1631.5 74.8
1632.5 56.2
1633.5 188.4
1634.5 178.8
1635.5 84.4
1636.5 162.4
1637.5 177.4
1638.5 332.2
1639.5 286
1640.5 313.8
1641.5 134.2
1642.5 152.8
1643.5 147.6
1644.5 91.2
1645.5 149
1646.5 181.6
1647.5 220.2
1648.5 162.4
1649.5 85.8
1650.5 136.4
1651.5 102.8
1652.5 144.4
1653.5 69.6
1654.5 97.8
1655.5 151
1656.5 112
1657.5 42.6
1658.5 224.8
1659.5 208.2
1660.5 143.4
1661.5 106.8
1662.5 80.6
1663.5 90.2
1664.5 96.4
1665.5 85.8
1666.5 66.2
1667.5 116.2
1668.5 80.2
1669.5 117
1670.5 105
1671.5 55.4
1672.5 99.6
1673.5 123.6
1674.5 84.4
1675.5 118.4
1676.5 155.8
1677.5 170.4
1678.5 162.4
1679.5 123.4
1680.5 161.8
1681.5 210.8
1682.5 116.6
1683.5 202.2
1684.5 173.8
1685.5 76.8
1686.5 168
1687.5 100.8
1688.5 60.2
1689.5 154
1690.5 131.4
1691.5 146.8
1692.5 107
1693.5 190.4
1694.5 231
1695.5 177.4
1696.5 123.8
1697.5 86
1698.5 127.2
1699.5 63.2
1700.5 129.6
1701.5 104
1702.5 109.2
1703.5 157.4
1704.5 118.8
1705.5 208.4
1706.5 170.8
1707.5 144.8
1708.5 109.2
1709.5 129.8
1710.5 195.6
1711.5 141.4
1712.5 98.2
1713.5 117.2
1714.5 91
1715.5 130.2
1716.5 103.4
1717.5 106.6
1718.5 99.6
1719.5 119.4
1720.5 177.6
1721.5 81.6
1722.5 160.2
1723.5 150.4
1724.5 191
1725.5 218.2
1726.5 128.6
1727.5 153.6
1728.5 82.2
1729.5 150.8
1730.5 75.6
1731.5 126.4
1732.5 85.2
1733.5 155.6
1734.5 148.2
1735.5 139.8
1736.5 102.6
1737.5 73.6
1738.5 182.4
1739.5 135.6
1740.5 106.2
1741.5 70.6
1742.5 48.4
1743.5 182.4
1744.5 143
1745.5 102.2
1746.5 141.4
1747.5 103.6
1748.5 74.8
1749.5 125.2
1750.5 121.8
1751.5 101.8
1752.5 107
1753.5 177.2
1754.5 174.6
1755.5 100.2
1756.5 130
1757.5 109.6
1758.5 130.6
1759.5 105.6
1760.5 78.8
1761.5 90.4
1762.5 124.6
1763.5 151.4
1764.5 146.8
1765.5 62.6
1766.5 223
1767.5 102.6
1768.5 164.8
1769.5 126
1770.5 164
1771.5 168
1772.5 81.8
1773.5 212.6
1774.5 174.2
1775.5 194.2
1776.5 123.6
1777.5 89.4
1778.5 121
1779.5 23
1780.5 166.6
1781.5 103.2
1782.5 175.4
1783.5 97.6
1784.5 107.4
1785.5 106.6
1786.5 139.6
1787.5 136.8
1788.5 133.4
1789.5 94.4
1790.5 156.8
1791.5 117.4
1792.5 129
1793.5 131.6
1794.5 148
1795.5 70.2
1796.5 130.8
1797.5 93.8
1798.5 99.2
1799.5 44
1800.5 76.8
1801.5 110.2
1802.5 109.6
1803.5 192
1804.5 119.2
1805.5 95.2
1806.5 116
1807.5 117.2
1808.5 116.6
1809.5 173.6
1810.5 173.8
1811.5 167.6
1812.5 173
1813.5 84.6
1814.5 143.6
1815.5 154.8
1816.5 102.4
1817.5 136.4
1818.5 131.4
1819.5 177.4
1820.5 158.2
1821.5 204.2
1822.5 169
1823.5 133.8
1824.5 150.2
1825.5 155
1826.5 117.6
1827.5 144
1828.5 160.6
1829.5 115.8
1830.5 129.6
1831.5 163.6
1832.5 150.2
1833.5 185.8
1834.5 92.6
1835.5 167
1836.5 112.8
1837.5 141
1838.5 127
1839.5 176
1840.5 96.6
1841.5 127.6
1842.5 69
1843.5 127.6
1844.5 96
1845.5 131
1846.5 140.4
1847.5 88.4
1848.5 149
1849.5 87.6
1850.5 138.4
1851.5 130.4
1852.5 74
1853.5 109.4
1854.5 160.8
1855.5 149
1856.5 120.2
1857.5 137
1858.5 67.4
1859.5 141.2
1860.5 114.6
1861.5 88.4
1862.5 121.2
1863.5 169.6
1864.5 155
1865.5 169.4
1866.5 166
1867.5 205.2
1868.5 169
1869.5 201.8
1870.5 232.2
1871.5 214.4
1872.5 135.2
1873.5 36.6
1874.5 135.2
1875.5 197.2
1876.5 182.2
1877.5 134
1878.5 148.4
1879.5 135.6
1880.5 175
1881.5 129.8
1882.5 117.4
1883.5 171.2
1884.5 149.8
1885.5 200.2
1886.5 389
1887.5 378.4
1888.5 304.4
1889.5 197
1890.5 164.4
1891.5 130
1892.5 151.6
1893.5 180.6
1894.5 104.6
1895.5 139.4
1896.5 113.8
1897.5 149.6
1898.5 177.6
1899.5 214.8
1900.5 148.2
1901.5 125
1902.5 213.2
1903.5 123.4
1904.5 116.4
1905.5 209.8
1906.5 149.6
1907.5 169.4
1908.5 136.8
1909.5 157.6
1910.5 134.8
1911.5 163.6
1912.5 147.8
1913.5 221.4
1914.5 165.8
1915.5 216
1916.5 198.2
1917.5 170.2
1918.5 250.8
1919.5 134.2
1920.5 158
1921.5 139.8
1922.5 71.6
1923.5 173.8
1924.5 196.2
1925.5 216.8
1926.5 181.4
1927.5 224.4
1928.5 107.6
1929.5 85.6
1930.5 150
1931.5 89.4
1932.5 165
1933.5 162.6
1934.5 183.8
1935.5 151.2
1936.5 214.6
1937.5 159.2
1938.5 125.2
1939.5 182.6
1940.5 151.6
1941.5 406.2
1942.5 374.2
1943.5 299.8
1944.5 155.6
1945.5 121.4
1946.5 101.4
1947.5 185
1948.5 146.4
1949.5 128.2
1950.5 121.8
1951.5 144.8
1952.5 143.6
1953.5 126.6
1954.5 139.6
1955.5 102.4
1956.5 134.2
1957.5 105.2
1958.5 166.2
1959.5 108
1960.5 144.2
1961.5 133.6
1962.5 136.8
1963.5 140.2
1964.5 228.6
1965.5 134.2
1966.5 126
1967.5 65.6
1968.5 131
1969.5 109.2
1970.5 71
1971.5 108.8
1972.5 98.2
1973.5 161.6
1974.5 118.6
1975.5 124.6
1976.5 120.4
1977.5 139.2
1978.5 81.6
1979.5 109.6
1980.5 199.2
1981.5 215.2
1982.5 199.6
1983.5 231.6
1984.5 125.2
1985.5 160
1986.5 156
1987.5 111.2
1988.5 145
1989.5 163.6
1990.5 178.6
1991.5 232.2
1992.5 217.4
1993.5 215.2
1994.5 151
1995.5 187.4
1996.5 87
1997.5 116.6
1998.5 100.8
1999.5 183
2000.5 100.4
2001.5 70
2002.5 90.2
2003.5 99.6
2004.5 103.2
2005.5 101.8
2006.5 87.4
2007.5 129.2
2008.5 37.6
2009.5 0.399976
2010.5 71
2011.5 117
2012.5 213.4
2013.5 199.6
2014.5 127
2015.5 194.8
2016.5 125.2
2017.5 141.6
2018.5 154.4
2019.5 154
2020.5 153.2
2021.5 131.4
2022.5 175.4
2023.5 92.8
2024.5 120
2025.5 83.2
2026.5 140.2
2027.5 116.8
2028.5 104.4
2029.5 142.8
2030.5 118.6
2031.5 109.6
2032.5 43.6
2033.5 108.8
2034.5 99.2
2035.5 119.8
2036.5 75.8
2037.5 46
2038.5 122
2039.5 65
2040.5 76.2
2041.5 110.8
2042.5 120.6
2043.5 104.8
2044.5 137
2045.5 147
2046.5 114.6
2047.5 81.4
2048.5 122.6
2049.5 82.6
2050.5 84.2
2051.5 58
2052.5 96.8
2053.5 84.6
2054.5 111.6
2055.5 137.4
2056.5 120.6
2057.5 111
2058.5 60.2
2059.5 111.2
2060.5 97.6
2061.5 83.4
2062.5 95.2
2063.5 30
2064.5 102.8
2065.5 47.2
2066.5 138.8
2067.5 80.8
2068.5 69.6
2069.5 117.8
2070.5 88.6
2071.5 101.2
2072.5 82.2
2073.5 162
2074.5 86.4
2075.5 81.4
2076.5 61
2077.5 136
2078.5 57.6
2079.5 66.2
2080.5 70.8
2081.5 113.2
2082.5 40.6
2083.5 37
2084.5 50.2
2085.5 118.4
2086.5 22.6
2087.5 213.6
2088.5 145.8
2089.5 189.2
2090.5 117.8
2091.5 85
2092.5 53.2
2093.5 30.2
2094.5 82.2
2095.5 93.8
2096.5 106.6
2097.5 71.4
2098.5 121.6
2099.5 112.6
2100.5 75.6
2101.5 72.6
2102.5 125
2103.5 104
2104.5 86
2105.5 123.6
2106.5 77
2107.5 140
2108.5 98.6
2109.5 52
2110.5 26
2111.5 98.4
2112.5 87.8
2113.5 87.6
2114.5 197.2
2115.5 369.2
2116.5 535.4
2117.5 488.2
2118.5 266.4
2119.5 147
2120.5 156.2
2121.5 93.4
2122.5 141.6
2123.5 60
2124.5 119.4
2125.5 115.6
2126.5 110.8
2127.5 105.2
2128.5 74.8
2129.5 92.8
2130.5 142
2131.5 126
2132.5 66.8
2133.5 96.4
2134.5 47.6
2135.5 97.2
2136.5 35.2
2137.5 85.4
2138.5 79.6
2139.5 127.8
2140.5 53.6
2141.5 50
2142.5 156.6
2143.5 73
2144.5 88.2
2145.5 129.4
2146.5 240.6
2147.5 733
2148.5 1945.6
2149.5 4462.6
2150.5 5983.6
2151.5 4544.2
2152.5 2106.2
2153.5 575.6
2154.5 257.4
2155.5 117.8
2156.5 201.6
2157.5 192
2158.5 165.8
2159.5 132
2160.5 112.2
2161.5 120.8
2162.5 72.6
2163.5 48.6
2164.5 65.2
2165.5 64.6
2166.5 91.4
2167.5 78
2168.5 163
2169.5 75.8
2170.5 58.8
2171.5 61.8
2172.5 88.4
2173.5 93.8
2174.5 135.6
2175.5 38.8
2176.5 41.4
2177.5 63
2178.5 75.2
2179.5 92.8
2180.5 98.8
2181.5 101.6
2182.5 96.6
2183.5 104.6
2184.5 89
2185.5 87
2186.5 95
2187.5 105.6
2188.5 155.6
2189.5 92
2190.5 153.2
2191.5 114.8
2192.5 76.6
2193.5 97.4
2194.5 163.2
2195.5 128.6
2196.5 139.4
2197.5 85.2
2198.5 83.8
2199.5 96
2200.5 51.6
2201.5 71.8
2202.5 85.6
2203.5 101.2
2204.5 75.8
2205.5 48
2206.5 61.6
2207.5 69.4
2208.5 66
2209.5 66.4
2210.5 71.6
2211.5 109.4
2212.5 106.4
2213.5 136.8
2214.5 34
2215.5 65.8
2216.5 47.8
2217.5 93.2
2218.5 45.8
2219.5 92.6
2220.5 101.8
2221.5 153
2222.5 117.2
2223.5 180.6
2224.5 163.8
2225.5 154.2
2226.5 135.8
2227.5 201.6
2228.5 280
2229.5 366.6
2230.5 356
2231.5 161
2232.5 116
2233.5 59.8
2234.5 88.2
2235.5 73
2236.5 124.4
2237.5 31.4
2238.5 83.4
2239.5 41.4
2240.5 88.6
2241.5 70.2
2242.5 17.2
2243.5 107.4
2244.5 65.4
2245.5 91.6
2246.5 76.6
2247.5 127.4
2248.5 40
2249.5 71
2250.5 51.8
2251.5 91.2
2252.5 134.8
2253.5 102.2
2254.5 90
2255.5 63.4
2256.5 95.8
2257.5 11.6
2258.5 28.6
2259.5 52.8
2260.5 119
2261.5 64.6
2262.5 104
2263.5 -6.80001
2264.5 23
2265.5 84.2
2266.5 69.6
2267.5 32.4
2268.5 87
2269.5 85
2270.5 82.6
2271.5 40.6
2272.5 46.2
2273.5 92
2274.5 11.2
2275.5 122
2276.5 71.6
2277.5 78.2
2278.5 87
2279.5 87.8
2280.5 90
2281.5 77
2282.5 164.8
2283.5 84.2
2284.5 124.4
2285.5 71.8
2286.5 49.8
2287.5 59.6
2288.5 56
2289.5 89.2
2290.5 69.2
2291.5 117.6
2292.5 86.2
2293.5 93
2294.5 42
2295.5 102.4
2296.5 74.2
2297.5 162.4
2298.5 114.4
2299.5 124.2
2300.5 119.8
2301.5 85.4
2302.5 85
2303.5 75.6
2304.5 75.2
2305.5 102.2
2306.5 39.6
2307.5 38.8
2308.5 70.8
2309.5 66.6
2310.5 69.2
2311.5 47.2
2312.5 95.2
2313.5 93.8
2314.5 56.8
2315.5 12.6
2316.5 72.8
2317.5 76.6
2318.5 105.6
2319.5 67.4
2320.5 76.2
2321.5 106.2
2322.5 96.6
2323.5 107.8
2324.5 32.4
2325.5 126.2
2326.5 36
2327.5 20.2
2328.5 80.8
2329.5 53.6
2330.5 102.4
2331.5 143.6
2332.5 100.4
2333.5 105
2334.5 62.2
2335.5 50.4
2336.5 100.6
2337.5 44
2338.5 76.2
2339.5 102.4
2340.5 79.4
2341.5 167.4
2342.5 174.2
2343.5 157.8
2344.5 79.8
2345.5 99
2346.5 96.8
2347.5 66.8
2348.5 77
2349.5 99.2
2350.5 84.2
2351.5 56.6
2352.5 68
2353.5 80.2
2354.5 79.2
2355.5 100.2
2356.5 37.6
2357.5 74.6
2358.5 28.4
2359.5 91.4
2360.5 28.8
2361.5 53.8
2362.5 62
2363.5 96.8
2364.5 86
2365.5 58.8
2366.5 73.4
2367.5 23.6
2368.5 29.8
2369.5 71.8
2370.5 105.6
2371.5 102.2
2372.5 70.2
2373.5 38.8
2374.5 56.2
2375.5 77.6
2376.5 20.6
2377.5 69.6
2378.5 109.6
2379.5 61.4
2380.5 108.6
2381.5 66.8
2382.5 50.6
2383.5 80
2384.5 54.2
2385.5 37
2386.5 28
2387.5 89.6
2388.5 62.4
2389.5 64.8
2390.5 105.2
2391.5 103.2
2392.5 52.6
2393.5 50.8
2394.5 103.6
2395.5 52
2396.5 50.4
2397.5 82.6
2398.5 27.8
2399.5 138.8
2400.5 64.8
2401.5 74.8
2402.5 77
2403.5 48.2
2404.5 100
2405.5 104.2
2406.5 87.4
2407.5 106.8
2408.5 40.6
2409.5 34.4
2410.5 87.8
2411.5 59.6
2412.5 77.2
2413.5 74.8
2414.5 103.6
2415.5 92.8
2416.5 86.2
2417.5 69.8
2418.5 102.6
2419.5 35.6
2420.5 82.6
2421.5 67.2
2422.5 28.6
2423.5 59
2424.5 24.2
2425.5 59.4
2426.5 78.4
2427.5 129.4
2428.5 76.4
2429.5 105.6
2430.5 98.8
2431.5 134.2
2432.5 91.2
2433.5 105.8
2434.5 100.6
2435.5 105.4
2436.5 44.8
2437.5 121
2438.5 57.8
2439.5 95.6
2440.5 37.8
2441.5 45
2442.5 30
2443.5 63
2444.5 91.2
2445.5 65.8
2446.5 89.2
2447.5 73.2
2448.5 48.6
2449.5 -1.80001
2450.5 47.4
2451.5 70.2
2452.5 73.6
2453.5 75.4
2454.5 91.6
2455.5 97
2456.5 93.8
2457.5 60
2458.5 80.4
2459.5 41.4
2460.5 69.2
2461.5 37.6
2462.5 40.4
2463.5 27.6
2464.5 82.6
2465.5 47.4
2466.5 30.4
2467.5 88
2468.5 54.2
2469.5 64.4
2470.5 85.2
2471.5 108.4
2472.5 147.2
2473.5 97.6
2474.5 104.6
2475.5 77.2
2476.5 126
2477.5 77.2
2478.5 54.8
2479.5 59.4
2480.5 83
2481.5 58.2
2482.5 49
2483.5 67.4
2484.5 40.4
2485.5 89
2486.5 91.8
2487.5 105.6
2488.5 50.4
2489.5 106.4
2490.5 64.6
2491.5 75.4
2492.5 81.4
2493.5 88.4
2494.5 49
2495.5 47.6
2496.5 84.8
2497.5 114.4
2498.5 81.2
2499.5 46.4
2500.5 94.6
2501.5 58.4
2502.5 84.6
2503.5 98.6
2504.5 96
2505.5 96.6
2506.5 31
2507.5 51.8
2508.5 103
2509.5 72
2510.5 88.4
2511.5 145.4
2512.5 140
2513.5 33.8
2514.5 73.4
2515.5 65.4
2516.5 67.6
2517.5 66.8
2518.5 57.4
2519.5 115.6
2520.5 107
2521.5 76.8
2522.5 92
2523.5 33
2524.5 88.4
2525.5 85.4
2526.5 138
2527.5 106.2
2528.5 31.6
2529.5 49.8
2530.5 66.2
2531.5 91.8
2532.5 53
2533.5 124.4
2534.5 84.4
2535.5 52.2
2536.5 42.4
2537.5 51.6
2538.5 94.2
2539.5 55
2540.5 88.6
2541.5 26.6
2542.5 45
2543.5 125
2544.5 50.8
2545.5 101.6
2546.5 71.4
2547.5 89.2
2548.5 62
2549.5 94.8
2550.5 146.8
2551.5 147.6
2552.5 76.4
2553.5 98.4
2554.5 74.8
2555.5 90.8
2556.5 146.8
2557.5 98.4
2558.5 87.2
2559.5 72.2
2560.5 108
2561.5 74.2
2562.5 75
2563.5 21.8
2564.5 32.8
2565.5 25
2566.5 69.4
2567.5 56.2
2568.5 96.4
2569.5 28.2
2570.5 51
2571.5 95.4
2572.5 53.2
2573.5 92
2574.5 99.8
2575.5 56.6
2576.5 33.8
2577.5 58.6
2578.5 77.6
2579.5 37.6
2580.5 103.2
2581.5 123.6
2582.5 92.2
2583.5 118.6
2584.5 125.2
2585.5 77.2
2586.5 79.2
2587.5 55
2588.5 57.2
2589.5 67.8
2590.5 72.8
2591.5 19.4
2592.5 89.6
2593.5 33.8
2594.5 86.2
2595.5 57.2
2596.5 53.6
2597.5 59
2598.5 -23
2599.5 43
2600.5 82.4
2601.5 128.8
2602.5 107.4
2603.5 35.8
2604.5 49.6
2605.5 80
2606.5 105.6
2607.5 126
2608.5 172.6
2609.5 92.2
2610.5 145.8
2611.5 44
2612.5 69.2
2613.5 104
2614.5 88.6
2615.5 108.6
2616.5 98
2617.5 82.8
2618.5 48
2619.5 127.4
2620.5 26.4
2621.5 63.6
2622.5 86.8
2623.5 39.2
2624.5 84
2625.5 86.6
2626.5 85.6
2627.5 76
2628.5 65.6
2629.5 63.8
2630.5 83.6
2631.5 37.2
2632.5 108.8
2633.5 24.4
2634.5 77
2635.5 57.4
2636.5 39.6
2637.5 38
2638.5 33
2639.5 73.2
2640.5 59
2641.5 100
2642.5 118.2
2643.5 161.8
2644.5 146.2
2645.5 84
2646.5 95.2
2647.5 39.4
2648.5 49.2
2649.5 59.8
2650.5 72
2651.5 26.8
2652.5 110.4
2653.5 58.4
2654.5 86.4
2655.5 160.6
2656.5 157.6
2657.5 172.8
2658.5 133.6
2659.5 134.4
2660.5 119.6
2661.5 68
2662.5 28.6
2663.5 32.4
2664.5 28
2665.5 83
2666.5 92.4
2667.5 65.2
2668.5 52.6
2669.5 86.6
2670.5 93.2
2671.5 67
2672.5 44
2673.5 20.8
2674.5 78.8
2675.5 39
2676.5 78
2677.5 94.8
2678.5 53.4
2679.5 23.4
2680.5 91.2
2681.5 61
2682.5 47
2683.5 95
2684.5 51.8
2685.5 58
2686.5 62.6
2687.5 66.6
2688.5 6.59999
2689.5 56
2690.5 55.6
2691.5 125.6
2692.5 68.4
2693.5 89.6
2694.5 63.2
2695.5 66.8
2696.5 45.8
2697.5 66.2
2698.5 64.8
2699.5 32
2700.5 87.6
2701.5 74
2702.5 132.2
2703.5 106.6
2704.5 105.2
2705.5 121.2
2706.5 41
2707.5 78.4
2708.5 62.8
2709.5 51.2
2710.5 41
2711.5 50.6
2712.5 96.2
2713.5 44.4
2714.5 101
2715.5 105.6
2716.5 17.4
2717.5 91
2718.5 53.4
2719.5 26.4
2720.5 76.2
2721.5 77.2
2722.5 161
2723.5 154.8
2724.5 153.8
2725.5 91.8
2726.5 78.8
2727.5 76.4
2728.5 116.8
2729.5 104.6
2730.5 17.4
2731.5 31
2732.5 57.2
2733.5 85.6
2734.5 59.2
2735.5 20.2
2736.5 68.4
2737.5 57
2738.5 45
2739.5 7.79999
2740.5 61.2
2741.5 39
2742.5 15.2
2743.5 24.4
2744.5 2.59999
2745.5 92.2
2746.5 49.2
2747.5 107.2
2748.5 93.8
2749.5 73.6
2750.5 77
2751.5 100.6
2752.5 26.4
2753.5 48.6
2754.5 66
2755.5 91.6
2756.5 93.4
2757.5 127.6
2758.5 58.2
2759.5 81.2
2760.5 87.2
2761.5 81.8
2762.5 90.2
2763.5 158.8
2764.5 155.8
2765.5 150.8
2766.5 161.6
2767.5 81.6
2768.5 58.4
2769.5 43.4
2770.5 27.2
2771.5 42
2772.5 27
2773.5 66.2
2774.5 14.4
2775.5 40.8
2776.5 43.6
2777.5 63.8
2778.5 76.2
2779.5 30.4
2780.5 73.8
2781.5 49.2
2782.5 77
2783.5 83
2784.5 97.2
2785.5 69
2786.5 78
2787.5 39.8
2788.5 94.2
2789.5 99.6
2790.5 49.4
2791.5 77
2792.5 85
2793.5 78.6
2794.5 92.8
2795.5 148.2
2796.5 130.2
2797.5 117.4
2798.5 122.8
2799.5 94.6
2800.5 70
2801.5 50.4
2802.5 15.6
2803.5 47.4
2804.5 77.6
2805.5 78.4
2806.5 92.2
2807.5 71.4
2808.5 96.6
2809.5 26.4
2810.5 53
2811.5 22.8
2812.5 70.8
2813.5 57.4
2814.5 44.4
2815.5 113.6
2816.5 83.6
2817.5 70.4
2818.5 92
2819.5 36.6
2820.5 56.8
2821.5 86.6
2822.5 68.2
2823.5 73.6
2824.5 94.8
2825.5 56.4
2826.5 114.6
2827.5 67.4
2828.5 123.4
2829.5 94.4
2830.5 36.8
2831.5 66.8
2832.5 73.2
2833.5 50
2834.5 59
2835.5 70.2
2836.5 70.8
2837.5 133.2
2838.5 106.6
2839.5 90.2
2840.5 65.8
2841.5 59.6
2842.5 41.4
2843.5 81.2
2844.5 13.8
2845.5 5.59998
2846.5 15.8
2847.5 47.2
2848.5 147.8
2849.5 68.6
2850.5 40.2
2851.5 47.8
2852.5 43.6
2853.5 66.4
2854.5 36.8
2855.5 44
2856.5 64
2857.5 13
2858.5 89.8
2859.5 70.6
2860.5 100.8
2861.5 115.8
2862.5 89
2863.5 74
2864.5 85.6
2865.5 56.2
2866.5 70.2
2867.5 102.2
2868.5 74.4
2869.5 36
2870.5 52
2871.5 27.6
2872.5 18
2873.5 67.2
2874.5 39.4
2875.5 114
2876.5 99.2
2877.5 53.8
2878.5 55.4
2879.5 105.2
2880.5 26.8
2881.5 28.8
2882.5 51.6
2883.5 73.4
2884.5 105.4
2885.5 83
2886.5 117.2
2887.5 62.2
2888.5 167.8
2889.5 287.8
2890.5 360.8
2891.5 392.4
2892.5 208.8
2893.5 97
2894.5 117
2895.5 80.8
2896.5 44.2
2897.5 83
2898.5 59.8
2899.5 86
2900.5 76.8
2901.5 103.2
2902.5 36.8
2903.5 86.8
2904.5 37.2
2905.5 14.4
2906.5 77.4
2907.5 90.2
2908.5 37.6
2909.5 -5.40001
2910.5 35
2911.5 51.8
2912.5 37
2913.5 86
2914.5 60
2915.5 77.6
2916.5 165.8
2917.5 250.4
2918.5 278.2
2919.5 277.6
2920.5 143.4
2921.5 114.6
2922.5 58.6
2923.5 74.4
2924.5 56.8
2925.5 48
2926.5 40.4
2927.5 70.6
2928.5 49.2
2929.5 89.4
2930.5 62.4
2931.5 49.2
2932.5 29.2
2933.5 58.6
2934.5 35.4
2935.5 29.4
2936.5 2.79999
2937.5 87.2
2938.5 107.6
2939.5 35.2
2940.5 87
2941.5 68.8
2942.5 48.6
2943.5 91.2
2944.5 65
2945.5 61.8
2946.5 40.6
2947.5 50.6
2948.5 73
2949.5 98.6
2950.5 72
2951.5 49.4
2952.5 71
2953.5 57.8
2954.5 54.2
2955.5 62.2
2956.5 61.6
2957.5 55.2
2958.5 94.8
2959.5 65
2960.5 68
2961.5 36.2
2962.5 7.79999
2963.5 46.4
2964.5 57.4
2965.5 18.4
2966.5 47.4
2967.5 20.8
2968.5 10.4
2969.5 75.6
2970.5 69.8
2971.5 78.6
2972.5 97.4
2973.5 42.2
2974.5 69.6
2975.5 42.2
2976.5 101
2977.5 102.4
2978.5 81.4
2979.5 106.2
2980.5 53.6
2981.5 56.2
2982.5 -16.2
2983.5 44
2984.5 50.8
2985.5 17.4
2986.5 68.8
2987.5 55.2
2988.5 45
2989.5 78.4
2990.5 29.8
2991.5 96.2
2992.5 71.2
2993.5 78.8
2994.5 8.39999
2995.5 126.8
2996.5 53.2
2997.5 103.8
2998.5 15.4
2999.5 53.8
3000.5 74.6
3001.5 98.4
3002.5 57.2
3003.5 53.6
3004.5 70.8
3005.5 16.4
3006.5 43
3007.5 48.8
3008.5 65.8
3009.5 13.4
3010.5 63.2
3011.5 94
3012.5 95.8
3013.5 96.8
3014.5 72.8
3015.5 62.2
3016.5 77.6
3017.5 33.2
3018.5 75.2
3019.5 76.6
3020.5 51.4
3021.5 64.8
3022.5 44.2
3023.5 60
3024.5 72.8
3025.5 72.8
3026.5 27.4
3027.5 31
3028.5 15.2
3029.5 26
3030.5 65.6
3031.5 33.8
3032.5 97.4
3033.5 59.4
3034.5 71.4
3035.5 36.2
3036.5 102.2
3037.5 136.6
3038.5 136
3039.5 63
3040.5 80.8
3041.5 73.4
3042.5 83.2
3043.5 72.4
3044.5 81.8
3045.5 72.8
3046.5 66.4
3047.5 56.2
3048.5 37
3049.5 118.6
3050.5 106.6
3051.5 101.2
3052.5 130
3053.5 152.8
3054.5 82.6
3055.5 56.4
3056.5 39.2
3057.5 35.6
3058.5 20.8
3059.5 70.6
3060.5 58.4
3061.5 20.4
3062.5 64
3063.5 32.4
3064.5 37.8
3065.5 88.4
3066.5 42.8
3067.5 34.6
3068.5 57
3069.5 46.6
3070.5 94.2
3071.5 67.2
3072.5 51.8
3073.5 34.2
3074.5 57
3075.5 32
3076.5 41.4
3077.5 71.8
3078.5 33.8
3079.5 28.4
3080.5 27.8
3081.5 46.8
3082.5 12.4
3083.5 30.4
3084.5 76.2
3085.5 30.6
3086.5 26.8
3087.5 36.2
3088.5 42.4
3089.5 35
3090.5 62.4
3091.5 21.6
3092.5 16
3093.5 64.4
3094.5 34.2
3095.5 44.6
3096.5 76.8
3097.5 39.2
3098.5 66.6
3099.5 126
3100.5 91.2
3101.5 88.2
3102.5 60
3103.5 68
3104.5 50.4
3105.5 56
3106.5 53.6
3107.5 41.6
3108.5 73.4
3109.5 56.4
3110.5 51
3111.5 97.8
3112.5 122.6
3113.5 140.2
3114.5 197
3115.5 104
3116.5 95.8
3117.5 44.4
3118.5 4.99999
3119.5 23.2
3120.5 84.4
3121.5 58.2
3122.5 53.8
3123.5 60.2
3124.5 42.4
3125.5 0.999991
3126.5 14.8
3127.5 32.6
3128.5 34.6
3129.5 64
3130.5 46.2
3131.5 82.2
3132.5 41.4
3133.5 46.8
3134.5 38.2
3135.5 23
3136.5 19.8
3137.5 33.2
3138.5 46.8
3139.5 38.4
3140.5 68
3141.5 21.4
3142.5 51
3143.5 46
3144.5 6.39999
3145.5 36.6
3146.5 65
3147.5 35.4
3148.5 43
3149.5 85.4
3150.5 92
3151.5 38.8
3152.5 80
3153.5 47.6
3154.5 39.4
3155.5 34
3156.5 16
3157.5 94.4
3158.5 13.6
3159.5 54.4
3160.5 46
3161.5 35.4
3162.5 18.4
3163.5 28.8
3164.5 30.2
3165.5 40.4
3166.5 60.6
3167.5 57
3168.5 73
3169.5 73.4
3170.5 102.8
3171.5 62.6
3172.5 108.6
3173.5 101.6
3174.5 93.2
3175.5 28
3176.5 42.2
3177.5 42.8
3178.5 85.2
3179.5 3.19999
3180.5 20.4
3181.5 52.6
3182.5 78.6
3183.5 43.4
3184.5 25.8
3185.5 95.6
3186.5 116.2
3187.5 59.2
3188.5 82.2
3189.5 83.6
3190.5 18.6
3191.5 43
3192.5 54.4
3193.5 60.6
3194.5 85
3195.5 39.2
3196.5 66.2
3197.5 47.4
3198.5 22
3199.5 53.2
3200.5 23.6
3201.5 27.4
3202.5 -3.60001
3203.5 37.8
3204.5 89.4
3205.5 4.99999
3206.5 11.2
3207.5 44.4
3208.5 73.8
3209.5 85.8
3210.5 65.4
3211.5 44.6
3212.5 22.4
3213.5 59.4
3214.5 17.4
3215.5 44.8
3216.5 59
3217.5 56.8
3218.5 67.2
3219.5 74.2
3220.5 52
3221.5 60
3222.5 45.6
3223.5 56.8
3224.5 84
3225.5 91.8
3226.5 64.8
3227.5 64.4
3228.5 30.4
3229.5 104.4
3230.5 111
3231.5 138.8
3232.5 215
3233.5 198
3234.5 156
3235.5 74.8
3236.5 86.4
3237.5 22.8
3238.5 23
3239.5 36
3240.5 22.2
3241.5 -6.60002
3242.5 17.8
3243.5 13.6
3244.5 72
3245.5 72.4
3246.5 61.2
3247.5 40.8
3248.5 45.4
3249.5 49.8
3250.5 39.2
3251.5 -26.2
3252.5 51
3253.5 67
3254.5 78
3255.5 57
3256.5 102
3257.5 146
3258.5 184
3259.5 215
3260.5 302.4
3261.5 324
3262.5 188.6
3263.5 102.2
3264.5 60.6
3265.5 83.4
3266.5 47
3267.5 28.4
3268.5 73.6
3269.5 70
3270.5 44
3271.5 11
3272.5 33
3273.5 51.6
3274.5 22.2
3275.5 41.8
3276.5 69.8
3277.5 31.8
3278.5 14.4
3279.5 23.4
3280.5 58.4
3281.5 55.8
3282.5 26.6
3283.5 48
3284.5 58.8
3285.5 58
3286.5 58.2
3287.5 57.4
3288.5 41.8
3289.5 17.6
3290.5 97.6
3291.5 35
3292.5 72.2
3293.5 62.2
3294.5 46.2
3295.5 19.6
3296.5 32.4
3297.5 55.6
3298.5 57.4
3299.5 50.8
3300.5 57.6
3301.5 111.8
3302.5 118.2
3303.5 83
3304.5 52.8
3305.5 61
3306.5 63
3307.5 106.6
3308.5 2.79999
3309.5 81.4
3310.5 63.2
3311.5 88
3312.5 91
3313.5 98.2
3314.5 83.4
3315.5 52.8
3316.5 46.4
3317.5 29.4
3318.5 33.8
3319.5 80.8
3320.5 82.2
3321.5 91
3322.5 85.6
3323.5 73
3324.5 66.2
3325.5 29.2
3326.5 28.2
3327.5 59.6
3328.5 74.2
3329.5 22
3330.5 85.2
3331.5 19.8
3332.5 85
3333.5 53.8
3334.5 84.4
3335.5 81.6
3336.5 81.6
3337.5 59.6
3338.5 37
3339.5 57.2
3340.5 71.6
3341.5 38.6
3342.5 15
3343.5 74
3344.5 46.2
3345.5 31.2
3346.5 57.6
3347.5 54.4
3348.5 39.2
3349.5 55.2
3350.5 -1.60001
3351.5 63.4
3352.5 75.4
3353.5 129
3354.5 105.6
3355.5 71.2
3356.5 121
3357.5 98.4
3358.5 117.8
3359.5 60.8
3360.5 53.6
3361.5 60.8
3362.5 28
3363.5 31.2
3364.5 10.8
3365.5 101
3366.5 43.6
3367.5 23.2
3368.5 29
3369.5 59.2
3370.5 62
3371.5 4.59999
3372.5 40.4
3373.5 72.6
3374.5 80
3375.5 63.4
3376.5 55
3377.5 20.2
3378.5 33.2
3379.5 32.4
3380.5 90.4
3381.5 37.8
3382.5 69.6
3383.5 55.2
3384.5 88.6
3385.5 130.8
3386.5 150.8
3387.5 89.2
3388.5 80
3389.5 41.2
3390.5 79.2
3391.5 41.4
3392.5 34
3393.5 50.4
3394.5 60
3395.5 38.8
3396.5 45
3397.5 28.4
3398.5 12.2
3399.5 20.2
3400.5 33.2
3401.5 58
3402.5 27
3403.5 8.99999
3404.5 23.4
3405.5 25.8
3406.5 40.2
3407.5 14.2
3408.5 52.4
3409.5 61.6
3410.5 88.2
3411.5 67.4
3412.5 32.8
3413.5 48.2
3414.5 71.8
3415.5 32.4
3416.5 16.2
3417.5 75.2
3418.5 38.8
3419.5 13.8
3420.5 72
3421.5 58.6
3422.5 78.6
3423.5 33
3424.5 69.2
3425.5 24.4
3426.5 95.2
3427.5 78.4
3428.5 104
3429.5 92
3430.5 55.4
3431.5 3.19999
3432.5 -6.00001
3433.5 29.8
3434.5 61
3435.5 49.8
3436.5 71.6
3437.5 43.8
3438.5 85.2
3439.5 17
3440.5 34.8
3441.5 50.4
3442.5 40.4
3443.5 72.4
3444.5 105.6
3445.5 62.4
3446.5 61
3447.5 50.2
3448.5 31.2
3449.5 54.8
3450.5 29.2
3451.5 48.4
3452.5 40.8
3453.5 23.6
3454.5 7.79999
3455.5 50.4
3456.5 76.6
3457.5 60.4
3458.5 17.8
3459.5 47.8
3460.5 75.6
3461.5 55
3462.5 57.6
3463.5 47.8
3464.5 42
3465.5 56.4
3466.5 18.2
3467.5 71.4
3468.5 44.4
3469.5 20.8
3470.5 70.4
3471.5 16.6
3472.5 40
3473.5 31.2
3474.5 9.39999
3475.5 32.6
3476.5 40
3477.5 36
3478.5 29.2
3479.5 35.6
3480.5 59
3481.5 34.6
3482.5 34.8
3483.5 47.4
3484.5 44
3485.5 15.6
3486.5 4.39999
3487.5 58
3488.5 4.39999
3489.5 22.4
3490.5 64.6
3491.5 33
3492.5 0.99999
3493.5 90.6
3494.5 65.4
3495.5 21.2
3496.5 44.4
3497.5 63.8
3498.5 51.2
3499.5 24.6
3500.5 42.4
3501.5 17.2
3502.5 14.6
3503.5 22.2
3504.5 41.6
3505.5 70.2
3506.5 105.8
3507.5 70.2
3508.5 92.2
3509.5 97.8
3510.5 43.6
3511.5 71.8
3512.5 50.4
3513.5 -2.60001
3514.5 23.8
3515.5 69.8
3516.5 48.8
3517.5 62
3518.5 81.2
3519.5 52.8
3520.5 46.8
3521.5 16.6
3522.5 50.2
3523.5 42.2
3524.5 99.8
3525.5 81.2
3526.5 49.6
3527.5 40.4
3528.5 -8.40001
3529.5 14.4
3530.5 28.2
3531.5 45
3532.5 71.4
3533.5 28.8
3534.5 24.8
3535.5 54.4
3536.5 59.8
3537.5 50.2
3538.5 32.6
3539.5 18.6
3540.5 82
3541.5 74.6
3542.5 97.8
3543.5 139.4
3544.5 103.6
3545.5 36.2
3546.5 11.8
3547.5 48.4
3548.5 20
3549.5 39.8
3550.5 45
3551.5 32.8
3552.5 -3.80001
3553.5 31.8
3554.5 61.8
3555.5 -18.8
3556.5 33.6
3557.5 12
3558.5 24.4
3559.5 37.8
3560.5 43.4
3561.5 35.6
3562.5 21.6
3563.5 27.6
3564.5 44.4
3565.5 40
3566.5 38.4
3567.5 38.8
3568.5 38.8
3569.5 72.6
3570.5 107.8
3571.5 68.2
3572.5 45.6
3573.5 23.2
3574.5 62.6
3575.5 43.4
3576.5 20.8
3577.5 62.2
3578.5 85.6
3579.5 58
3580.5 35.6
3581.5 126.2
3582.5 110.2
3583.5 79.4
3584.5 53.8
3585.5 29.8
3586.5 23
3587.5 -7.40001
3588.5 39.6
3589.5 41.8
3590.5 58.4
3591.5 25.8
3592.5 33
3593.5 36.4
3594.5 -5.60001
3595.5 45.2
3596.5 23.4
3597.5 -0.400008
3598.5 51.6
3599.5 71.2
3600.5 70.6
3601.5 68.2
3602.5 37
3603.5 45.4
3604.5 20.2
3605.5 48.6
3606.5 86.8
3607.5 83.4
3608.5 33.8
3609.5 83
3610.5 30.6
3611.5 55.2
3612.5 64.2
3613.5 10.6
3614.5 62.4
3615.5 52.6
3616.5 33
3617.5 48.4
3618.5 55
3619.5 44.6
3620.5 68.8
3621.5 75.4
3622.5 72.6
3623.5 72.2
3624.5 51.8
3625.5 34.2
3626.5 20.8
3627.5 1.19999
3628.5 57.2
3629.5 43.2
3630.5 14.2
3631.5 60.4
3632.5 18.6
3633.5 23
3634.5 21
3635.5 50.8
3636.5 41
3637.5 -9.20001
3638.5 44.6
3639.5 55.2
3640.5 54
3641.5 81.6
3642.5 38.6
3643.5 23.4
3644.5 67.6
3645.5 50.2
3646.5 23
3647.5 19.8
3648.5 67.8
3649.5 74
3650.5 75.4
3651.5 14.6
3652.5 38.8
3653.5 18.6
3654.5 30.6
3655.5 48.2
3656.5 33.4
3657.5 13.2
3658.5 58.2
3659.5 29.8
3660.5 11.4
3661.5 19.2
3662.5 34
3663.5 -12.4
3664.5 21.4
3665.5 52.6
3666.5 9.79999
3667.5 30.6
3668.5 41.6
3669.5 36.2
3670.5 21.8
3671.5 3.19999
3672.5 17
3673.5 30.8
3674.5 44.6
3675.5 37.4
3676.5 64.6
3677.5 38.4
3678.5 46.8
3679.5 71.6
3680.5 81.4
3681.5 120.2
3682.5 197.8
3683.5 303.2
3684.5 244.2
3685.5 233
3686.5 110
3687.5 46.8
3688.5 55.6
3689.5 33.6
3690.5 26
3691.5 67.6
3692.5 43.8
3693.5 30
3694.5 24.8
3695.5 28.4
3696.5 69
3697.5 61.4
3698.5 42
3699.5 96.2
3700.5 43.8
3701.5 22.8
3702.5 47
3703.5 8.99999
3704.5 30.4
3705.5 17.4
3706.5 -26.8
3707.5 9.39999
3708.5 22.8
3709.5 26
3710.5 61.6
3711.5 29.4
3712.5 49.2
3713.5 11.2
3714.5 49.8
3715.5 0.999993
3716.5 28.8
3717.5 70.2
3718.5 70
3719.5 39.6
3720.5 37
3721.5 34.4
3722.5 36.2
3723.5 33.8
3724.5 53.6
3725.5 21.6
3726.5 17
3727.5 17.4
3728.5 36.8
3729.5 24.6
3730.5 18.6
3731.5 29.8
3732.5 37.2
3733.5 18.2
3734.5 47.4
3735.5 51.8
3736.5 47
3737.5 35.8
3738.5 35.4
3739.5 17.4
3740.5 25.4
3741.5 20.4
3742.5 82.4
3743.5 26
3744.5 29.2
3745.5 27.2
3746.5 15.2
3747.5 21.4
3748.5 -3.60001
3749.5 19.8
3750.5 45
3751.5 -7.00001
3752.5 13.2
3753.5 16.2
3754.5 15.4
3755.5 69.2
3756.5 14.8
3757.5 3.59999
3758.5 30.2
3759.5 -13
3760.5 5.99999
3761.5 32.2
3762.5 26.4
3763.5 15.8
3764.5 43.2
3765.5 19
3766.5 61.2
3767.5 40.8
3768.5 37.8
3769.5 65.2
3770.5 18.6
3771.5 36.8
3772.5 43.4
3773.5 32.4
3774.5 18.6
3775.5 19.4
3776.5 38
3777.5 64.2
3778.5 9.19999
3779.5 37.2
3780.5 20
3781.5 10.4
3782.5 31.6
3783.5 41.2
3784.5 29
3785.5 32.8
3786.5 30.4
3787.5 18.2
3788.5 32.6
3789.5 46.8
3790.5 14
3791.5 40.8
3792.5 27.6
3793.5 31.4
3794.5 23.4
3795.5 30
3796.5 -14
3797.5 23.2
3798.5 5.39999
3799.5 48.2
3800.5 53.8
3801.5 -1.40001
3802.5 26.6
3803.5 -15
3804.5 14.4
3805.5 49.8
3806.5 83.2
3807.5 91.8
3808.5 67.4
3809.5 63
3810.5 50.8
3811.5 54.6
3812.5 40
3813.5 11.6
3814.5 33.8
3815.5 2.79999
3816.5 24.2
3817.5 48.8
3818.5 52
3819.5 65.8
3820.5 26.6
3821.5 42.6
3822.5 22.8
3823.5 5.79999
3824.5 34
3825.5 18.8
3826.5 -29.2
3827.5 34.4
3828.5 25.2
3829.5 7.39999
3830.5 16.8
3831.5 12
3832.5 46.4
3833.5 22.6
3834.5 5.59999
3835.5 38.2
3836.5 47.2
3837.5 -9.40001
3838.5 -11.4
3839.5 8.39999
3840.5 38.6
3841.5 32
3842.5 26.8
3843.5 27.2
3844.5 -3.00001
3845.5 -2.80001
3846.5 41
3847.5 59
3848.5 31.6
3849.5 65.2
3850.5 76.8
3851.5 53.4
3852.5 57.6
3853.5 21.4
3854.5 60.8
3855.5 20.8
3856.5 14.8
3857.5 16.4
3858.5 10.4
3859.5 11.8
3860.5 21.4
3861.5 57.6
3862.5 59
3863.5 19.2
3864.5 53.4
3865.5 77.6
3866.5 28.2
3867.5 12.4
3868.5 31
3869.5 54.8
3870.5 -16.4
3871.5 13
3872.5 20.2
3873.5 7.99999
3874.5 -9.00001
3875.5 20.2
3876.5 5.99999
3877.5 10.8
3878.5 -12
3879.5 25.2
3880.5 33.4
3881.5 8.39999
3882.5 -0.200006
3883.5 16.2
3884.5 10.8
3885.5 38.2
3886.5 40.4
3887.5 27
3888.5 30.8
3889.5 21.2
3890.5 44.6
3891.5 22
3892.5 54
3893.5 49.8
3894.5 13.4
3895.5 31.2
3896.5 33
3897.5 60.8
3898.5 40.4
3899.5 38.2
3900.5 85.8
3901.5 12.2
3902.5 6.99999
3903.5 20.8
3904.5 68.4
3905.5 56
3906.5 18.4
3907.5 38.2
3908.5 3.79999
3909.5 26
3910.5 27.2
3911.5 36.6
3912.5 34
3913.5 13.4
3914.5 43
3915.5 17.4
3916.5 4.59999
3917.5 60.6
3918.5 63.2
3919.5 42.2
3920.5 136.2
3921.5 146.2
3922.5 141.2
3923.5 134.6
3924.5 41.6
3925.5 18
3926.5 26.8
3927.5 38
3928.5 17.4
3929.5 32.6
3930.5 23
3931.5 30.8
3932.5 32.4
3933.5 30.2
3934.5 32.4
3935.5 -2.00001
3936.5 13.8
3937.5 15.2
3938.5 20
3939.5 51.2
3940.5 24.2
3941.5 49
3942.5 33.8
3943.5 24.8
3944.5 -8.20001
3945.5 57
3946.5 15
3947.5 26
3948.5 39.6
3949.5 46
3950.5 5.19999
3951.5 29
3952.5 25
3953.5 53.4
3954.5 60.4
3955.5 68.2
3956.5 87.8
3957.5 47
3958.5 30.8
3959.5 75.8
3960.5 21.2
3961.5 54.6
3962.5 28.8
3963.5 -9.60001
3964.5 35.4
3965.5 33.8
3966.5 22.4
3967.5 37.4
3968.5 32.8
3969.5 44
3970.5 -8.80001
3971.5 9.79999
3972.5 27.2
3973.5 28.2
3974.5 7.59999
3975.5 15
3976.5 36.6
3977.5 9.19999
3978.5 12.6
3979.5 49.8
3980.5 39.6
3981.5 23.4
3982.5 65.2
3983.5 54.8
3984.5 51.2
3985.5 12.2
3986.5 45.8
3987.5 34.2
3988.5 3.79999
3989.5 25.8
3990.5 10.4
3991.5 12
3992.5 40.2
3993.5 47
3994.5 42.8
3995.5 54.2
3996.5 47.6
3997.5 56.8
3998.5 45.6
3999.5 57
4000.5 51.6
4001.5 40.8
4002.5 42
4003.5 19.2
4004.5 4.8
4005.5 18
4006.5 25.8
4007.5 19.2
4008.5 17.4
4009.5 0.599994
4010.5 14.6
4011.5 44.6
4012.5 2.99999
4013.5 21.6
4014.5 49.4
4015.5 15
4016.5 21.8
4017.5 56.4
4018.5 13.2
4019.5 29.8
4020.5 8.99999
4021.5 32.6
4022.5 37
4023.5 21
4024.5 -2.40001
4025.5 21
4026.5 -18.8
4027.5 11.8
4028.5 16
4029.5 19
4030.5 43.2
4031.5 106.8
4032.5 148.4
4033.5 130.2
4034.5 178.4
4035.5 219.6
4036.5 157.8
4037.5 77.6
4038.5 32.4
4039.5 49.4
4040.5 11.8
4041.5 67.6
4042.5 27.2
4043.5 11
4044.5 17.4
4045.5 38.4
4046.5 11
4047.5 14.2
4048.5 45.4
4049.5 0.399994
4050.5 93.8
4051.5 10.4
4052.5 35
4053.5 54.6
4054.5 59.8
4055.5 9.59999
4056.5 24.8
4057.5 40.2
4058.5 2.99999
4059.5 17.2
4060.5 29
4061.5 38.2
4062.5 11.8
4063.5 47.2
4064.5 18.6
4065.5 32.8
4066.5 26.4
4067.5 -0.600005
4068.5 -6.60001
4069.5 4.19999
4070.5 30.2
4071.5 36.2
4072.5 -5.60001
4073.5 30.2
4074.5 37.8
4075.5 15.8
4076.5 17.8
4077.5 14.4
4078.5 4.39999
4079.5 24.4
4080.5 10.2
4081.5 23.6
4082.5 23.8
4083.5 58.6
4084.5 -8.40001
4085.5 34.8
4086.5 6.39999
4087.5 44.6
4088.5 56.8
4089.5 14
4090.5 19
4091.5 37.4
4092.5 36.2
4093.5 25.4
4094.5 1.99999
4095.5 10.4
4096.5 20
4097.5 5.59999
4098.5 7.19999
4099.5 -3.00001
4100.5 -0.400006
4101.5 1.99999
4102.5 18.4
4103.5 16.2
4104.5 7.39999
4105.5 14.8
4106.5 22.6
4107.5 38
4108.5 17.2
4109.5 7.99999
4110.5 -0.800006
4111.5 15.6
4112.5 61.2
4113.5 11.2
4114.5 14.2
4115.5 47.6
4116.5 -6.00001
4117.5 8.59999
4118.5 44
4119.5 42
4120.5 60.8
4121.5 12.2
4122.5 28.8
4123.5 47.4
4124.5 1.99999
4125.5 51.4
4126.5 57.6
4127.5 20.2
4128.5 43.2
4129.5 16.4
4130.5 54.8
4131.5 61.2
4132.5 75
4133.5 70.2
4134.5 45.2
4135.5 44.4
4136.5 12.2
4137.5 28.2
4138.5 40.2
4139.5 5.39999
4140.5 50
4141.5 5.19999
4142.5 19.2
4143.5 26.8
4144.5 4.59999
4145.5 12.2
4146.5 14
4147.5 14.6
4148.5 35.6
4149.5 14.8
4150.5 47
4151.5 21.2
4152.5 8.99999
4153.5 15.6
4154.5 8.2
4155.5 27.4
4156.5 40.6
4157.5 25.2
4158.5 39.2
4159.5 24.4
4160.5 13
4161.5 20.6
4162.5 23.2
4163.5 37
4164.5 17.2
4165.5 47.2
4166.5 40.6
4167.5 78
4168.5 86.8
4169.5 67.2
4170.5 -2.60001
4171.5 17.4
4172.5 -4.20001
4173.5 7.39999
4174.5 17.4
4175.5 2.99999
4176.5 -0.800005
4177.5 12.4
4178.5 13
4179.5 6
4180.5 -7.00001
4181.5 -14
4182.5 38.4
4183.5 17.2
4184.5 24
4185.5 -0.800006
4186.5 19.6
4187.5 65.2
4188.5 22.6
4189.5 6.6
4190.5 12.4
4191.5 7
4192.5 25
4193.5 20.4
4194.5 14.6
4195.5 20.4
4196.5 13.2
4197.5 41.6
4198.5 10.2
4199.5 -6.60001
4200.5 20.8
4201.5 52.4
4202.5 39
4203.5 35.6
4204.5 28.8
4205.5 61.6
4206.5 32
4207.5 122.4
4208.5 108.8
4209.5 153.6
4210.5 85
4211.5 87.6
4212.5 40.6
4213.5 6.99999
4214.5 5.19999
4215.5 42
4216.5 46.6
4217.5 22.6
4218.5 22.6
4219.5 37
4220.5 35
4221.5 42.4
4222.5 28.4
4223.5 20
4224.5 17.4
4225.5 21.8
4226.5 -3.60001
4227.5 -29.8
4228.5 2.79999
4229.5 21.8
4230.5 8.59999
4231.5 32
4232.5 26.6
4233.5 20.8
4234.5 43
4235.5 56.2
4236.5 4.79999
4237.5 19.2
4238.5 20
4239.5 9.39999
4240.5 11.8
4241.5 26.2
4242.5 47.6
4243.5 -1.80001
4244.5 30.6
4245.5 15
4246.5 34.6
4247.5 35
4248.5 16.6
4249.5 34.8
4250.5 7.99999
4251.5 34
4252.5 17.8
4253.5 24.8
4254.5 30.6
4255.5 41.2
4256.5 24.8
4257.5 38.6
4258.5 11
4259.5 42
4260.5 8.39999
4261.5 11.6
4262.5 15.6
4263.5 -15.2
4264.5 -1.20001
4265.5 -1.80001
4266.5 -2.60001
4267.5 60.8
4268.5 -20.8
4269.5 17.6
4270.5 41.8
4271.5 22.4
4272.5 10.4
4273.5 5.39999
4274.5 41.6
4275.5 19.6
4276.5 36.2
4277.5 13
4278.5 10.8
4279.5 8.99999
4280.5 50.4
4281.5 22
4282.5 17.4
4283.5 39.6
4284.5 39.2
4285.5 14.4
4286.5 14.4
4287.5 8.99999
4288.5 -14
4289.5 19.2
4290.5 29.2
4291.5 5.19999
4292.5 16.4
4293.5 29.4
4294.5 1.79999
4295.5 49
4296.5 27.6
4297.5 25
4298.5 56
4299.5 58
4300.5 14
4301.5 17.2
4302.5 2.59999
4303.5 16.6
4304.5 47.6
4305.5 -2.60001
4306.5 19.6
4307.5 31.2
4308.5 27.8
4309.5 9.59999
4310.5 39
4311.5 68.6
4312.5 30.2
4313.5 20.4
4314.5 21
4315.5 28.6
4316.5 32
4317.5 36.2
4318.5 58.2
4319.5 19
4320.5 54.6
4321.5 37.4
4322.5 3.2
4323.5 23.2
4324.5 30.8
4325.5 2.2
4326.5 30.4
4327.5 37.2
4328.5 46
4329.5 37.8
4330.5 43
4331.5 16.2
4332.5 50.8
4333.5 49.8
4334.5 9.39999
4335.5 11
4336.5 13.8
4337.5 16
4338.5 -4.4
4339.5 3
4340.5 -10.8
4341.5 62
4342.5 12.8
4343.5 34.4
4344.5 17.2
4345.5 15.2
4346.5 32
4347.5 63.6
4348.5 27.8
4349.5 -1.8
4350.5 0.799995
4351.5 24.4
4352.5 3.2
4353.5 22.6
4354.5 -7.00001
4355.5 -0.800005
4356.5 15.6
4357.5 31.8
4358.5 26.4
4359.5 23.2
4360.5 23.8
4361.5 -32.4
4362.5 8.4
4363.5 3.6
4364.5 23.8
4365.5 46.6
4366.5 18.4
4367.5 24.6
4368.5 38.8
4369.5 32
4370.5 18.8
4371.5 24.4
4372.5 5.39999
4373.5 23.4
4374.5 14.8
4375.5 40.6
4376.5 -3.40001
4377.5 46.4
4378.5 7.79999
4379.5 23.6
4380.5 51.4
4381.5 -0.800007
4382.5 32
4383.5 -1.20001
4384.5 14
4385.5 24
4386.5 15.4
4387.5 41.2
4388.5 48.2
4389.5 14
4390.5 52.6
4391.5 4.99999
4392.5 52.8
4393.5 13.6
4394.5 26.2
4395.5 70
4396.5 11.6
4397.5 37.4
4398.5 36.6
4399.5 4.2
4400.5 26.6
4401.5 -2.4
4402.5 25
4403.5 6.59999
4404.5 29.8
4405.5 25.4
4406.5 37.6
4407.5 1.59999
4408.5 53.6
4409.5 6.99999
4410.5 29.8
4411.5 21.8
4412.5 27.4
4413.5 8.39999
4414.5 -3.00001
4415.5 16.6
4416.5 13.4
4417.5 -17.2
4418.5 -47
4419.5 -19.4
4420.5 4.59999
4421.5 20.8
4422.5 28.8
4423.5 29
4424.5 -17.8
4425.5 24.8
4426.5 -2.2
4427.5 34.4
4428.5 22.8
4429.5 1.8
4430.5 4.6
4431.5 6.39999
4432.5 18.6
4433.5 8.4
4434.5 -14.8
4435.5 21
4436.5 20.4
4437.5 11.8
4438.5 -10.8
4439.5 9.2
4440.5 29
4441.5 3
4442.5 39.6
4443.5 20.4
4444.5 45.6
4445.5 22.8
4446.5 -23.6
4447.5 -5.2
4448.5 -2.6
4449.5 -6.4
4450.5 12.2
4451.5 22.8
4452.5 -6.00001
4453.5 17
4454.5 12.8
4455.5 34.8
4456.5 -5.20002
4457.5 34
4458.5 8.59998
4459.5 12.8
4460.5 39.4
4461.5 19.6
4462.5 20.2
4463.5 42.4
4464.5 14.4
4465.5 36.6
4466.5 23.6
4467.5 -2.20001
4468.5 20
4469.5 -12.8
4470.5 23.6
4471.5 18.8
4472.5 33.4
4473.5 32.8
4474.5 -29
4475.5 17.2
4476.5 5.2
4477.5 34.6
4478.5 -7.4
4479.5 -1.6
4480.5 -7.4
4481.5 32
4482.5 27.2
4483.5 35.6
4484.5 15
4485.5 52
4486.5 19.8
4487.5 13.4
4488.5 38.4
4489.5 22.4
4490.5 -3.40001
4491.5 26
4492.5 27
4493.5 37.8
4494.5 25
4495.5 9.59999
4496.5 39.8
4497.5 17.8
4498.5 31.6
4499.5 14.8
4500.5 31.4
4501.5 35.6
4502.5 13.8
4503.5 38
4504.5 32.8
4505.5 13
4506.5 22
4507.5 -15.6
4508.5 72.6
4509.5 -26.2
4510.5 19.2
4511.5 15.2
4512.5 22.8
4513.5 17.6
4514.5 -6.2
4515.5 3.99999
4516.5 16.2
4517.5 -4.6
4518.5 12.8
4519.5 3.6
4520.5 3.99999
4521.5 34.2
4522.5 32
4523.5 30
4524.5 28
4525.5 12.6
4526.5 43.2
4527.5 4.4
4528.5 29.2
4529.5 30.4
4530.5 18.6
4531.5 28.6
4532.5 19
4533.5 11.8
4534.5 5
4535.5 13.2
4536.5 22.8
4537.5 31.4
4538.5 23.2
4539.5 10
4540.5 33
4541.5 44.4
4542.5 30.6
4543.5 15
4544.5 37.2
4545.5 46.4
4546.5 3.8
4547.5 13.6
4548.5 9.4
4549.5 14.6
4550.5 44.8
4551.5 14.4
4552.5 -2.80001
4553.5 32.8
4554.5 15
4555.5 50.4
4556.5 15.4
4557.5 28.8
4558.5 27.6
4559.5 37
4560.5 56.4
4561.5 66.8
4562.5 53
4563.5 84
4564.5 126.2
4565.5 142.4
4566.5 48.6
4567.5 40.6
4568.5 10.2
4569.5 46
4570.5 22.4
4571.5 29.8
4572.5 1.8
4573.5 0.399995
4574.5 36
4575.5 16.2
4576.5 -17.6
4577.5 -2.8
4578.5 -4.2
4579.5 -6.6
4580.5 62
4581.5 9.2
4582.5 16
4583.5 37.4
4584.5 14.6
4585.5 33
4586.5 20
4587.5 23.2
4588.5 20
4589.5 -2.6
4590.5 -7.6
4591.5 -7.8
4592.5 21.6
4593.5 16.6
4594.5 16.2
4595.5 -14.2
4596.5 13.4
4597.5 1.59999
4598.5 -18
4599.5 3.39999
4600.5 21.4
4601.5 -4.6
4602.5 14.8
4603.5 6.2
4604.5 11.4
4605.5 12.2
4606.5 33
4607.5 35.6
4608.5 -10
4609.5 23.2
4610.5 15.6
4611.5 32.2
4612.5 24.2
4613.5 26.2
4614.5 4
4615.5 -2.60001
4616.5 26.4
4617.5 0.599995
4618.5 -11.6
4619.5 25.6
4620.5 10.4
4621.5 6.39999
4622.5 8.99999
4623.5 13.8
4624.5 17.4
4625.5 9.59999
4626.5 -5.00001
4627.5 45
4628.5 59.8
4629.5 33.6
4630.5 101.8
4631.5 83
4632.5 64.4
4633.5 73
4634.5 45.2
4635.5 24.2
4636.5 42
4637.5 27.8
4638.5 0.799995
4639.5 23
4640.5 5.6
4641.5 36
4642.5 -4.80001
4643.5 -13
4644.5 6.8
4645.5 -23.2
4646.5 14
4647.5 8.8
4648.5 -27.4
4649.5 33.8
4650.5 8.99999
4651.5 36.6
4652.5 0.199995
4653.5 45.6
4654.5 4.2
4655.5 15.2
4656.5 0.199996
4657.5 24.8
4658.5 17.4
4659.5 16
4660.5 14
4661.5 4.6
4662.5 5
4663.5 -8.2
4664.5 4.8
4665.5 52.6
4666.5 7.6
4667.5 5.2
4668.5 -4.8
4669.5 16.4
4670.5 30.8
4671.5 4.4
4672.5 23
4673.5 10.2
4674.5 -21
4675.5 16.2
4676.5 27.6
4677.5 -8
4678.5 29
4679.5 15.8
4680.5 2.4
4681.5 9.8
4682.5 -0.600005
4683.5 -7.80001
4684.5 2.39999
4685.5 16.6
4686.5 13.8
4687.5 -2.80001
4688.5 8.6
4689.5 -7.4
4690.5 -2.8
4691.5 -8.6
4692.5 -4.4
4693.5 23
4694.5 19.8
4695.5 9.2
4696.5 29.6
4697.5 -25.8
4698.5 6.4
4699.5 9
4700.5 18.2
4701.5 -7.2
4702.5 -8.4
4703.5 1.8
4704.5 13.6
4705.5 22
4706.5 6
4707.5 17.4
4708.5 11.2
4709.5 10
4710.5 28.8
4711.5 42.6
4712.5 19.6
4713.5 32.6
4714.5 10
4715.5 25.6
4716.5 15.8
4717.5 15.6
4718.5 3.4
4719.5 4
4720.5 6.6
4721.5 -27
4722.5 -11
4723.5 23
4724.5 3.4
4725.5 41.2
4726.5 -7.8
4727.5 18.2
4728.5 3.2
4729.5 19
4730.5 19.8
4731.5 34.2
4732.5 49.2
4733.5 19
4734.5 14.6
4735.5 23
4736.5 6.2
4737.5 6.4
4738.5 16.4
4739.5 36.8
4740.5 2.8
4741.5 5.2
4742.5 16.2
4743.5 20.6
4744.5 2.39999
4745.5 21.2
4746.5 -6.40001
4747.5 -23.6
4748.5 -15.8
4749.5 0.399993
4750.5 34.4
4751.5 16.4
4752.5 12.8
4753.5 1.4
4754.5 11.2
4755.5 37.6
4756.5 10.8
4757.5 20.2
4758.5 -9.2
4759.5 -9.4
4760.5 9.6
4761.5 24
4762.5 -6.6
4763.5 7
4764.5 9.2
4765.5 40.4
4766.5 28.6
4767.5 0.599996
4768.5 33.4
4769.5 1.6
4770.5 22
4771.5 -19
4772.5 28.8
4773.5 17.6
4774.5 3.4
4775.5 -4.4
4776.5 8.4
4777.5 4
4778.5 4.8
4779.5 27
4780.5 -3
4781.5 36.8
4782.5 6.4
4783.5 7.6
4784.5 31.8
4785.5 9.4
4786.5 -2.8
4787.5 12.4
4788.5 8.2
4789.5 3.2
4790.5 -12.8
4791.5 -19
4792.5 43
4793.5 9.4
4794.5 13.8
4795.5 41.2
4796.5 14.4
4797.5 35.8
4798.5 19
4799.5 18.6
4800.5 1.4
4801.5 30
4802.5 -6.8
4803.5 28.8
4804.5 32
4805.5 16.2
4806.5 18
4807.5 57.8
4808.5 15.4
4809.5 15.8
4810.5 14.6
4811.5 -2.8
4812.5 13.6
4813.5 39.4
4814.5 9.4
4815.5 13.8
4816.5 18.4
4817.5 24.4
4818.5 29.8
4819.5 15.4
4820.5 -2.8
4821.5 34.8
4822.5 2.6
4823.5 15.8
4824.5 25.6
4825.5 31.2
4826.5 13.6
4827.5 6.6
4828.5 14.8
4829.5 -8
4830.5 3
4831.5 4.6
4832.5 -2
4833.5 13.6
4834.5 25.6
4835.5 -2
4836.5 -3.8147e-06
4837.5 33
4838.5 3
4839.5 24.2
4840.5 24
4841.5 60
4842.5 60.2
4843.5 60.6
4844.5 52.2
4845.5 61
4846.5 15.2
4847.5 38.4
4848.5 -5.00679e-06
4849.5 24.4
4850.5 14.2
4851.5 19.8
4852.5 20.8
4853.5 20.6
4854.5 43.2
4855.5 27.6
4856.5 31
4857.5 55.6
4858.5 42.4
4859.5 30.8
4860.5 10.8
4861.5 -2
4862.5 30.4
4863.5 19.6
4864.5 4.6
4865.5 13.4
4866.5 3.2
4867.5 -20
4868.5 -1.2
4869.5 -5.2
4870.5 0.799996
4871.5 -3.8
4872.5 23.2
4873.5 -2.8
4874.5 16.2
4875.5 24.4
4876.5 32.8
4877.5 -28.6
4878.5 36.8
4879.5 16
4880.5 36.2
4881.5 -1.20001
4882.5 12.4
4883.5 37
4884.5 17.6
4885.5 31.4
4886.5 65.2
4887.5 61.4
4888.5 12.4
4889.5 31.4
4890.5 43.8
4891.5 29.6
4892.5 22.8
4893.5 23.6
4894.5 31.2
4895.5 22
4896.5 19.2
4897.5 9.6
4898.5 -1.8
4899.5 10.6
4900.5 25.6
4901.5 36.8
4902.5 7.19999
4903.5 59.2
4904.5 68.2
4905.5 30.8
4906.5 31.8
4907.5 37
4908.5 22.6
4909.5 6
4910.5 11.8
4911.5 9.2
4912.5 -4.2
4913.5 16.4
4914.5 13.4
4915.5 29.4
4916.5 25.6
4917.5 40
4918.5 84
4919.5 6.39999
4920.5 18.4
4921.5 6.99999
4922.5 34.6
4923.5 4.6
4924.5 7.2
4925.5 21.2
4926.5 15.6
4927.5 14.8
4928.5 17.6
4929.5 17.2
4930.5 14.6
4931.5 25.8
4932.5 35.2
4933.5 -4.2
4934.5 18.2
4935.5 3.2
4936.5 25.8
4937.5 30.8
4938.5 3.2
4939.5 18
4940.5 18.6
4941.5 -7.8
4942.5 16.8
4943.5 24.4
4944.5 6.2
4945.5 36
4946.5 29.2
4947.5 9.2
4948.5 24.2
4949.5 23.8
4950.5 37.4
4951.5 -3.2
4952.5 37.2
4953.5 23.4
4954.5 14.4
4955.5 10.6
4956.5 15.2
4957.5 29.2
4958.5 5.4
4959.5 29
4960.5 12.6
4961.5 -5
4962.5 11.2
4963.5 26.2
4964.5 -0.400004
4965.5 -6.2
4966.5 13.4
4967.5 -4
4968.5 -10.6
4969.5 14.6
4970.5 4.4
4971.5 17.8
4972.5 22.8
4973.5 6.4
4974.5 -24.2
4975.5 19.6
4976.5 22.2
4977.5 8.2
4978.5 17.8
4979.5 7.4
4980.5 59.4
4981.5 -5.00001
4982.5 15.8
4983.5 11
4984.5 -0.200007
4985.5 23.6
4986.5 1.6
4987.5 -23.2
4988.5 6.8
4989.5 34.6
4990.5 24.6
4991.5 5.6
4992.5 -14
4993.5 17.6
4994.5 -9.2
4995.5 19.8
4996.5 -5.8
4997.5 13.8
4998.5 18.4
4999.5 6
5000.5 15.8
5001.5 21.8
5002.5 -1.00001
5003.5 20
5004.5 -26.6
5005.5 27
5006.5 7.79999
5007.5 3.59999
5008.5 36.2
5009.5 24
5010.5 13.8
5011.5 5.2
5012.5 13
5013.5 -11.2
5014.5 17.4
5015.5 -1.6
5016.5 4.6
5017.5 5.8
5018.5 -0.600004
5019.5 11.4
5020.5 12.2
5021.5 19.2
5022.5 22.8
5023.5 -22.4
5024.5 -12.6
5025.5 22.8
5026.5 10.4
5027.5 14.4
5028.5 5.2
5029.5 -29.4
5030.5 28.6
5031.5 31
5032.5 14
5033.5 40.6
5034.5 -0.200004
5035.5 1.2
5036.5 45.2
5037.5 38.4
5038.5 15
5039.5 22
5040.5 18.8
5041.5 12.8
5042.5 -4.8
5043.5 23
5044.5 -9
5045.5 43
5046.5 21.4
5047.5 -10.2
5048.5 12.6
5049.5 25.2
5050.5 21.2
5051.5 43.4
5052.5 15
5053.5 8.8
5054.5 30.4
5055.5 13.6
5056.5 6.2
5057.5 -1.2
5058.5 2.4
5059.5 25.2
5060.5 2.4
5061.5 20.6
5062.5 18.6
5063.5 3.2
5064.5 2.2
5065.5 8.2
5066.5 10.4
5067.5 28.2
5068.5 2.6
5069.5 8.8
5070.5 -3.8
5071.5 -4
5072.5 29.8
5073.5 16.2
5074.5 -7
5075.5 25.4
5076.5 10
5077.5 5.2
5078.5 2.4
5079.5 8.4
5080.5 13.4
5081.5 -2.2
5082.5 12.4
5083.5 8.4
5084.5 11.2
5085.5 33.2
5086.5 5.2
5087.5 -2.8
5088.5 22.2
5089.5 31.8
5090.5 -8.20001
5091.5 17.6
5092.5 -9.6
5093.5 2.4
5094.5 4.4
5095.5 8.4
5096.5 20.6
5097.5 5.6
5098.5 8.8
5099.5 -0.800004
5100.5 20.2
5101.5 -13
5102.5 -0.200005
5103.5 13.2
5104.5 -0.600005
5105.5 4.2
5106.5 -21.4
5107.5 -35
5108.5 31
5109.5 13.6
5110.5 6.4
5111.5 3.8
5112.5 1.4
5113.5 30.4
5114.5 -10
5115.5 28
5116.5 7.4
5117.5 9
5118.5 37.6
5119.5 35.4
5120.5 7.6
5121.5 12.8
5122.5 36.2
5123.5 1.8
5124.5 9.2
5125.5 41.6
5126.5 28.2
5127.5 61.6
5128.5 107
5129.5 119.2
5130.5 149.8
5131.5 83.6
5132.5 75.6
5133.5 21.2
5134.5 -5.60001
5135.5 33.2
5136.5 18
5137.5 18
5138.5 -0.800004
5139.5 43.8
5140.5 12.8
5141.5 5.8
5142.5 12.6
5143.5 4.4
5144.5 22.6
5145.5 40
5146.5 -8.8
5147.5 37.8
5148.5 22.6
5149.5 24.6
5150.5 35
5151.5 29.8
5152.5 13.8
5153.5 21.2
5154.5 49
5155.5 21.6
5156.5 17
5157.5 2.8
5158.5 39.6
5159.5 5.8
5160.5 33.2
5161.5 10
5162.5 31.4
5163.5 14
5164.5 50
5165.5 11.2
5166.5 15.4
5167.5 19.8
5168.5 28.4
5169.5 9.6
5170.5 6.2
5171.5 5.4
5172.5 13.4
5173.5 21
5174.5 53.2
5175.5 -17.8
5176.5 11.2
5177.5 -1.2
5178.5 -0.200004
5179.5 -3.6
5180.5 14
5181.5 -0.400003
5182.5 8
5183.5 -1.8
5184.5 35.2
5185.5 -8.6
5186.5 25
5187.5 28.4
5188.5 10
5189.5 7
5190.5 14.6
5191.5 35.2
5192.5 18.8
5193.5 17.6
5194.5 -11
5195.5 22
5196.5 9.99999
5197.5 31.4
5198.5 -19.8
5199.5 20.4
5200.5 33.4
5201.5 19.4
5202.5 20.8
5203.5 29.2
5204.5 30.4
5205.5 22.2
5206.5 21.4
5207.5 33.4
5208.5 16.8
5209.5 11
5210.5 1.6
5211.5 4.6
5212.5 17
5213.5 19
5214.5 -4.8
5215.5 14.6
5216.5 27.2
5217.5 37.4
5218.5 33.4
5219.5 11.8
5220.5 -2.4
5221.5 0.799995
5222.5 6
5223.5 11.4
5224.5 42.2
5225.5 22.8
5226.5 26
5227.5 22.6
5228.5 11.8
5229.5 27.8
5230.5 24
5231.5 9.8
5232.5 17
5233.5 -8
5234.5 -19.6
5235.5 -12.4
5236.5 18.2
5237.5 2.4
5238.5 26.4
5239.5 47.4
5240.5 44.6
5241.5 6.2
5242.5 14.8
5243.5 -1.4
5244.5 24.4
5245.5 7.2
5246.5 29.8
5247.5 15.4
5248.5 31.4
5249.5 16.6
5250.5 22.4
5251.5 -6.8
5252.5 -33.4
5253.5 1.4
5254.5 8.4
5255.5 -3.4
5256.5 0.599997
5257.5 15.8
5258.5 10.2
5259.5 19
5260.5 23.4
5261.5 -1.40001
5262.5 21.8
5263.5 1.99999
5264.5 29.2
5265.5 40.2
5266.5 19.2
5267.5 30.2
5268.5 -4
5269.5 20.4
5270.5 9.8
5271.5 -13
5272.5 25.4
5273.5 16
5274.5 10.4
5275.5 6.2
5276.5 -12.2
5277.5 28.6
5278.5 16
5279.5 -5.2
5280.5 18
5281.5 26
5282.5 10.2
5283.5 22.8
5284.5 8.6
5285.5 24.2
5286.5 20
5287.5 -2
5288.5 25.6
5289.5 -27.2
5290.5 -8.6
5291.5 -3
5292.5 29.2
5293.5 20.4
5294.5 21.6
5295.5 24.8
5296.5 35
5297.5 20.4
5298.5 49.4
5299.5 20
5300.5 0.599996
5301.5 6.2
5302.5 23
5303.5 1.8
5304.5 29.2
5305.5 2.8
5306.5 10.4
5307.5 15.2
5308.5 40.2
5309.5 18.4
5310.5 9.8
5311.5 32.4
5312.5 14
5313.5 14.6
5314.5 14.6
5315.5 10
5316.5 -4.2
5317.5 21.8
5318.5 41
5319.5 13.2
5320.5 -3.60001
5321.5 3.2
5322.5 24.6
5323.5 23.8
5324.5 47
5325.5 -1.4
5326.5 20.8
5327.5 6.4
5328.5 4
5329.5 11
5330.5 30.8
5331.5 30.2
5332.5 30.4
5333.5 20.2
5334.5 -1.6
5335.5 11.8
5336.5 13.4
5337.5 23
5338.5 5.4
5339.5 9.2
5340.5 5.2
5341.5 7.4
5342.5 2.8
5343.5 9
5344.5 12.2
5345.5 1.6
5346.5 -4.4
5347.5 8.2
5348.5 -4.4
5349.5 29
5350.5 63
5351.5 38.4
5352.5 85.2
5353.5 83.4
5354.5 146.4
5355.5 116.6
5356.5 38
5357.5 72.2
5358.5 52.2
5359.5 26.2
5360.5 7.6
5361.5 39.2
5362.5 7
5363.5 46
5364.5 21.4
5365.5 -1
5366.5 -3.2
5367.5 25.2
5368.5 27.2
5369.5 4.4
5370.5 15.6
5371.5 2.2
5372.5 23
5373.5 -7.2
5374.5 9.6
5375.5 30.4
5376.5 23.2
5377.5 19.6
5378.5 3.8
5379.5 29
5380.5 17.6
5381.5 18.4
5382.5 13.8
5383.5 33.8
5384.5 19.8
5385.5 -2.40001
5386.5 19.2
5387.5 3.59999
5388.5 10.6
5389.5 -8.20001
5390.5 17.8
5391.5 -35.8
5392.5 39
5393.5 27.8
5394.5 -15.2
5395.5 -29.4
5396.5 28.6
5397.5 50.4
5398.5 9.19999
5399.5 32.4
5400.5 30
5401.5 24.8
5402.5 30.8
5403.5 57.4
5404.5 52.2
5405.5 27.2
5406.5 35
5407.5 27
5408.5 30.8
5409.5 1.2
5410.5 22.8
5411.5 4.8
5412.5 -11.4
5413.5 41.4
5414.5 24.8
5415.5 20.4
5416.5 9
5417.5 1.2
5418.5 22
5419.5 40
5420.5 19
5421.5 -10
5422.5 30.6
5423.5 27
5424.5 36.8
5425.5 0.799997
5426.5 11
5427.5 22.2
5428.5 25.8
5429.5 1.8
5430.5 24
5431.5 8.6
5432.5 5.8
5433.5 11
5434.5 29.2
5435.5 28
5436.5 19.6
5437.5 19.8
5438.5 32.2
5439.5 17
5440.5 34.8
5441.5 34.2
5442.5 9.4
5443.5 27.2
5444.5 19.4
5445.5 25.2
5446.5 39.6
5447.5 16
5448.5 -0.400003
5449.5 20.8
5450.5 2.2
5451.5 6.8
5452.5 20.4
5453.5 -4.4
5454.5 3.2
5455.5 2.4
5456.5 13.8
5457.5 8.4
5458.5 3
5459.5 33.4
5460.5 16.8
5461.5 7
5462.5 41.8
5463.5 7.6
5464.5 -2.6
5465.5 24.4
5466.5 32.6
5467.5 25.6
5468.5 29.2
5469.5 14.8
5470.5 11.6
5471.5 11.6
5472.5 -5.2
5473.5 -2.6
5474.5 5.4
5475.5 18.2
5476.5 10.2
5477.5 -4.2
5478.5 -16.2
5479.5 19.8
5480.5 -1.6
5481.5 23.8
5482.5 31.4
5483.5 9.2
5484.5 -10.2
5485.5 8.6
5486.5 5.6
5487.5 22
5488.5 18
5489.5 29.2
5490.5 -6.2
5491.5 20.6
5492.5 33
5493.5 34.6
5494.5 21.6
5495.5 -4.2
5496.5 16.6
5497.5 27.4
5498.5 -6.6
5499.5 31.8
5500.5 24.8
5501.5 17
5502.5 17.2
5503.5 26.4
5504.5 23.2
5505.5 23.2
5506.5 13
5507.5 42.6
5508.5 18
5509.5 19.2
5510.5 -7.2
5511.5 19.8
5512.5 -6.20001
5513.5 7.59999
5514.5 -25.2
5515.5 49.6
5516.5 -43.2
5517.5 3.39999
5518.5 -9.80001
5519.5 -27.4
5520.5 35
5521.5 15.4
5522.5 4.4
5523.5 37.8
5524.5 -15.8
5525.5 5
5526.5 3.4
5527.5 -5.6
5528.5 37.6
5529.5 2.8
5530.5 8
5531.5 -0.200003
5532.5 6.8
5533.5 24.4
5534.5 9.4
5535.5 32.6
5536.5 26
5537.5 8.4
5538.5 31.6
5539.5 18
5540.5 21.6
5541.5 11.8
5542.5 26.6
5543.5 17
5544.5 36.8
5545.5 4.4
5546.5 28
5547.5 22.6
5548.5 7.6
5549.5 14
5550.5 -15.2
5551.5 19.8
5552.5 2
5553.5 26.6
5554.5 26.4
5555.5 18
5556.5 39.4
5557.5 27.6
5558.5 27.2
5559.5 28
5560.5 31.6
5561.5 -9
5562.5 -14.2
5563.5 14.2
5564.5 12
5565.5 5.8
5566.5 1.6
5567.5 18.2
5568.5 15.4
5569.5 36.2
5570.5 6
5571.5 15.8
5572.5 31
5573.5 17.2
5574.5 5.8
5575.5 7
5576.5 7.6
5577.5 30.8
5578.5 -0.600003
5579.5 7.8
5580.5 -6.2
5581.5 5.4
5582.5 6.19999
5583.5 3.2
5584.5 14
5585.5 5
5586.5 1.4
5587.5 15
5588.5 9.6
5589.5 -1.6
5590.5 6.6
5591.5 -13.6
5592.5 -1.2
5593.5 18.4
5594.5 5
5595.5 -0.200003
5596.5 11.8
5597.5 6.6
5598.5 11.8
5599.5 -12.6
5600.5 -3.4
5601.5 -11.6
5602.5 31.8
5603.5 -2.8
5604.5 21.6
5605.5 15.2
5606.5 12
5607.5 8.8
5608.5 28.2
5609.5 -4
5610.5 8.2
5611.5 33.8
5612.5 13
5613.5 4.19999
5614.5 4.19999
5615.5 7.59999
5616.5 29
5617.5 18.6
5618.5 34.2
5619.5 41.6
5620.5 17.4
5621.5 15.2
5622.5 0.199997
5623.5 29
5624.5 -0.600003
5625.5 16
5626.5 26
5627.5 0.199996
5628.5 49.2
5629.5 44.8
5630.5 46.6
5631.5 49.2
5632.5 -13.6
5633.5 16
5634.5 52.6
5635.5 82.8
5636.5 118
5637.5 197.8
5638.5 218.6
5639.5 286
5640.5 339
5641.5 321.6
5642.5 230
5643.5 196.8
5644.5 114.4
5645.5 60.4
5646.5 37.4
5647.5 24.4
5648.5 13
5649.5 20.6
5650.5 19.2
5651.5 11.4
5652.5 31.4
5653.5 0.399997
5654.5 21.6
5655.5 6
5656.5 2.8
5657.5 5.2
5658.5 11
5659.5 14
5660.5 13.6
5661.5 -3
5662.5 13.4
5663.5 16.4
5664.5 31.6
5665.5 9
5666.5 15.6
5667.5 12.4
5668.5 21.6
5669.5 5
5670.5 4.2
5671.5 38
5672.5 31.2
5673.5 6.8
5674.5 0.599997
5675.5 9
5676.5 -4.6
5677.5 25.4
5678.5 2.6
5679.5 23.8
5680.5 2.8
5681.5 32.8
5682.5 7.2
5683.5 32.2
5684.5 13.8
5685.5 0.199997
5686.5 12.8
5687.5 22.8
5688.5 7.6
5689.5 25.6
5690.5 25.2
5691.5 17.8
5692.5 9.6
5693.5 10.6
5694.5 28.8
5695.5 11.8
5696.5 17.6
5697.5 0.599997
5698.5 28.4
5699.5 8.8
5700.5 30.4
5701.5 24
5702.5 36.8
5703.5 26.8
5704.5 30.8
5705.5 46
5706.5 14.2
5707.5 15.6
5708.5 22
5709.5 11.2
5710.5 17.6
5711.5 30
5712.5 13.6
5713.5 8
5714.5 21.2
5715.5 20.2
5716.5 26.8
5717.5 19.8
5718.5 -9.4
5719.5 8.6
5720.5 15.8
5721.5 6.4
5722.5 26.8
5723.5 35.6
5724.5 2.2
5725.5 9.8
5726.5 5.4
5727.5 9
5728.5 17.4
5729.5 10.8
5730.5 22.6
5731.5 0.399997
5732.5 32
5733.5 3.6
5734.5 36.6
5735.5 19.2
5736.5 26.2
5737.5 22.4
5738.5 17.6
5739.5 20
5740.5 0.999997
5741.5 16.6
5742.5 3.6
5743.5 18.6
5744.5 20.8
5745.5 0.799998
5746.5 19
5747.5 26.6
5748.5 18
5749.5 37.4
5750.5 16.6
5751.5 20.8
5752.5 7
5753.5 18.2
5754.5 31.4
5755.5 47.6
5756.5 29.8
5757.5 22.6
5758.5 17
5759.5 24.2
5760.5 13
5761.5 7
5762.5 7.8
5763.5 3.2
5764.5 42.6
5765.5 15.6
5766.5 9.6
5767.5 28.2
5768.5 30.4
5769.5 15.4
5770.5 31.4
5771.5 14.2
5772.5 15.8
5773.5 17.2
5774.5 4.4
5775.5 18.8
5776.5 15.6
5777.5 10.6
5778.5 17.6
5779.5 30.8
5780.5 19.6
5781.5 27.6
5782.5 17.6
5783.5 -3.4
5784.5 22.8
5785.5 28.8
5786.5 7
5787.5 2.6
5788.5 7.6
5789.5 6.4
5790.5 22.8
5791.5 3.2
5792.5 13
5793.5 11.2
5794.5 21.2
5795.5 14.8
5796.5 -2
5797.5 26.6
5798.5 -0.200003
5799.5 36.6
5800.5 14.2
5801.5 19.8
5802.5 6.4
5803.5 7
5804.5 24.6
5805.5 4.6
5806.5 5
5807.5 31.4
5808.5 10
5809.5 11.4
5810.5 26.6
5811.5 7.8
5812.5 7
5813.5 32.6
5814.5 16.8
5815.5 14.4
5816.5 18
5817.5 25.2
5818.5 20.8
5819.5 4.8
5820.5 1.8
5821.5 22.4
5822.5 18.4
5823.5 5.6
5824.5 17.6
5825.5 22.6
5826.5 22.4
5827.5 14.4
5828.5 40.2
5829.5 30
5830.5 13.8
5831.5 39.8
5832.5 -24.6
5833.5 38.8
5834.5 13.4
5835.5 -1
5836.5 -2
5837.5 17.4
5838.5 23.2
5839.5 11
5840.5 35.2
5841.5 27.2
5842.5 8.2
5843.5 14.2
5844.5 24.8
5845.5 21.4
5846.5 35.8
5847.5 11.6
5848.5 6.6
5849.5 -5.8
5850.5 20.6
5851.5 22.2
5852.5 2
5853.5 20.4
5854.5 11
5855.5 25
5856.5 7.2
5857.5 -1.6
5858.5 18.8
5859.5 15.2
5860.5 19.2
5861.5 9.4
5862.5 9.2
5863.5 29.6
5864.5 0.199998
5865.5 24
5866.5 3.2
5867.5 29.2
5868.5 10.8
5869.5 -2.6
5870.5 24.8
5871.5 23
5872.5 9.2
5873.5 8.2
5874.5 13.4
5875.5 5.6
5876.5 9.2
5877.5 29.8
5878.5 11.4
5879.5 32.8
5880.5 27.2
5881.5 35.2
5882.5 27.4
5883.5 5
5884.5 22.2
5885.5 15.8
5886.5 37
5887.5 36.2
5888.5 12
5889.5 12.2
5890.5 23.6
5891.5 25.4
5892.5 9
5893.5 20
5894.5 20.6
5895.5 32
5896.5 23
5897.5 23.6
5898.5 42.2
5899.5 7.19998
5900.5 35.8
5901.5 41.2
5902.5 44.6
5903.5 6.59999
5904.5 12.2
5905.5 20
5906.5 3.2
5907.5 12.6
5908.5 23.6
5909.5 30
5910.5 25.2
5911.5 20.4
5912.5 26.8
5913.5 25
5914.5 19
5915.5 28.4
5916.5 10.6
5917.5 31.2
5918.5 6.4
5919.5 20.4
5920.5 14.4
5921.5 18.2
5922.5 14
5923.5 6.8
5924.5 14.4
5925.5 7.2
5926.5 19.4
5927.5 21.8
5928.5 5.4
5929.5 17.2
5930.5 23
5931.5 16.8
5932.5 15.2
5933.5 11
5934.5 -0.600002
5935.5 21.8
5936.5 17
5937.5 22.4
5938.5 18.6
5939.5 24
5940.5 37.6
5941.5 16.8
5942.5 23.2
5943.5 8.8
5944.5 18.4
5945.5 24.6
5946.5 -3
5947.5 20.2
5948.5 16.6
5949.5 34.2
5950.5 29.6
5951.5 6.4
5952.5 8.2
5953.5 -7.4
5954.5 18.4
5955.5 13.2
5956.5 2.8
5957.5 44.2
5958.5 1.6
5959.5 -7.2
5960.5 11.8
5961.5 16.2
5962.5 -3.6
5963.5 17.8
5964.5 1.2
5965.5 -1.8
5966.5 12.4
5967.5 44.8
5968.5 14.2
5969.5 23.6
5970.5 9.2
5971.5 6.4
5972.5 7.4
5973.5 39.6
5974.5 -13.6
5975.5 15.8
5976.5 32
5977.5 16.6
5978.5 17.8
5979.5 20.8
5980.5 35.6
5981.5 24.4
5982.5 18.6
5983.5 17.2
5984.5 36.8
5985.5 3.6
5986.5 6.8
5987.5 -1
5988.5 31.8
5989.5 22.6
5990.5 9
5991.5 26.6
5992.5 7.2
5993.5 22.8
5994.5 26.8
5995.5 18.6
5996.5 13.4
5997.5 12.2
5998.5 13.4
5999.5 33.8
6000.5 4.99999
6001.5 12.4
6002.5 14.6
6003.5 -26.8
6004.5 31
6005.5 -9.4
6006.5 6.2
6007.5 13.2
6008.5 15.8
6009.5 8.6
6010.5 11.8
6011.5 0.999999
6012.5 15
6013.5 19.4
6014.5 -4.4
6015.5 7
6016.5 36.2
6017.5 18.4
6018.5 9.8
6019.5 -2.4
6020.5 9.8
6021.5 12.4
6022.5 1.6
6023.5 12.2
6024.5 16
6025.5 0.599998
6026.5 25
6027.5 -2.8
6028.5 -1.4
6029.5 -5.4
6030.5 2.4
6031.5 0.199996
6032.5 47.4
6033.5 28
6034.5 12.8
6035.5 7.79999
6036.5 12.2
6037.5 0.799996
6038.5 6.8
6039.5 9.2
6040.5 -7.4
6041.5 20.8
6042.5 14.6
6043.5 -4.4
6044.5 -8.6
6045.5 16.8
6046.5 23.2
6047.5 6
6048.5 10
6049.5 -0.400002
6050.5 15.2
6051.5 20
6052.5 20.6
6053.5 14.4
6054.5 -5
6055.5 1.4
6056.5 -4.4
6057.5 2
6058.5 5
6059.5 4.2
6060.5 12.8
6061.5 -9.8
6062.5 -4.6
6063.5 4.2
6064.5 1.4
6065.5 19.8
6066.5 2.6
6067.5 23.4
6068.5 10
6069.5 16
6070.5 -0.600001
6071.5 2
6072.5 -4.8
6073.5 -0.400001
6074.5 6.2
6075.5 -1.4
6076.5 7.2
6077.5 -2.4
6078.5 6.6
6079.5 0.399998
6080.5 13.8
6081.5 3.6
6082.5 1.4
6083.5 -6.4
6084.5 10.4
6085.5 4.8
6086.5 11.2
6087.5 4.6
6088.5 -5.2
6089.5 3
6090.5 -7.6
6091.5 14
6092.5 9.6
6093.5 7.4
6094.5 -0.800001
6095.5 -10.2
6096.5 18.4
6097.5 6.4
6098.5 -4.4
6099.5 5.2
6100.5 11.6
6101.5 -9.6
6102.5 -9
6103.5 1.4
6104.5 8
6105.5 8.8
6106.5 -10.4
6107.5 2
6108.5 10.4
6109.5 15.4
6110.5 39.4
6111.5 0.999997
6112.5 -16
6113.5 10.2
6114.5 0.199998
6115.5 -0.400002
6116.5 -5
6117.5 14.4
6118.5 6.4
6119.5 -7.2
6120.5 15.4
6121.5 11
6122.5 23.2
6123.5 17.2
6124.5 46
6125.5 -15.6
6126.5 -5.80001
6127.5 17
6128.5 -0.600003
6129.5 2.6
6130.5 -4
6131.5 9.8
6132.5 10
6133.5 0.999999
6134.5 -12
6135.5 15
6136.5 1.4
6137.5 9.6
6138.5 13.6
6139.5 5.4
6140.5 -1.6
6141.5 3
6142.5 15.6
6143.5 28.8
6144.5 56.6
6145.5 92.8
6146.5 137.6
6147.5 226.4
6148.5 289.4
6149.5 457.6
6150.5 616.6
6151.5 746.2
6152.5 768.2
6153.5 629
6154.5 389.8
6155.5 201.6
6156.5 84.6
6157.5 44.4
6158.5 11.4
6159.5 4
6160.5 -13
6161.5 -4
6162.5 -3.4
6163.5 -13
6164.5 5.8
6165.5 12.2
6166.5 -8.2
6167.5 2.6
6168.5 3.2
6169.5 -13
6170.5 -5.6
6171.5 -2.2
6172.5 -0.400001
6173.5 -1
6174.5 1.4
6175.5 -2.6
6176.5 -5.6
6177.5 -4.2
6178.5 -5
6179.5 10.8
6180.5 -1.4
6181.5 -3
6182.5 17.8
6183.5 -6.4
6184.5 3.2
6185.5 -4.4
6186.5 4.4
6187.5 9.6
6188.5 10.2
6189.5 2
6190.5 -3
6191.5 -5
6192.5 13.2
6193.5 4.6
6194.5 -3.2
6195.5 -12.8
6196.5 7.4
6197.5 4.2
6198.5 1.2
6199.5 1.8
6200.5 0.799999
6201.5 -7.8
6202.5 -3.2
6203.5 -8.6
6204.5 -1.2
6205.5 -4.6
6206.5 -3
6207.5 9.8
6208.5 5.8
6209.5 -17.2
6210.5 0.199999
6211.5 -0.800001
6212.5 4.6
6213.5 -2.8
6214.5 3
6215.5 11.6
6216.5 12.2
6217.5 -1
6218.5 -10.2
6219.5 3
6220.5 1.4
6221.5 6.2
6222.5 -7
6223.5 -0.800003
6224.5 -24
6225.5 19.6
6226.5 29.2
6227.5 22.4
6228.5 10.4
6229.5 -10.8
6230.5 8.4
6231.5 14.6
6232.5 3.4
6233.5 -8.8
6234.5 -2
6235.5 1.2
6236.5 3.8
6237.5 -1
6238.5 -1
6239.5 0.999999
6240.5 -9.4
6241.5 8.2
6242.5 3.8
6243.5 5.6
6244.5 -0.200001
6245.5 8.6
6246.5 0.199999
6247.5 2.2
6248.5 -7.2
6249.5 -1.8
6250.5 -4.4
6251.5 3.8
6252.5 -3
6253.5 3.8
6254.5 5
6255.5 7.4
6256.5 -2.4
6257.5 0.599998
6258.5 -9.4
6259.5 -0.800002
6260.5 -6.8
6261.5 -8
6262.5 6.8
6263.5 -10.2
6264.5 9
6265.5 1.4
6266.5 -11.8
6267.5 -10.2
6268.5 12.4
6269.5 6.2
6270.5 -9.4
6271.5 6
6272.5 1.8
6273.5 12.8
6274.5 -11.8
6275.5 6
6276.5 -1.8
6277.5 -10.8
6278.5 9.2
6279.5 -9.8
6280.5 -9
6281.5 12.8
6282.5 4.2
6283.5 4.4
6284.5 -5.4
6285.5 3.8
6286.5 -3.4
6287.5 -7.6
6288.5 -11.2
6289.5 2.2
6290.5 -14.6
6291.5 4
6292.5 1.8
6293.5 -6
6294.5 4.2
6295.5 -5.8
6296.5 17.8
6297.5 2
6298.5 -2
6299.5 -5.6
6300.5 -6.4
6301.5 -2.2
6302.5 11.6
6303.5 -4
6304.5 8.8
6305.5 0.399999
6306.5 -2.6
6307.5 -4.4
6308.5 -10.6
6309.5 1.8
6310.5 -12
6311.5 3.4
6312.5 2.8
6313.5 -11.8
6314.5 -1.8
6315.5 0.799999
6316.5 4.4
6317.5 14
6318.5 6
6319.5 8
6320.5 -5.4
6321.5 -4.4
6322.5 -5.4
6323.5 1.4
6324.5 0.799999
6325.5 13
6326.5 19
6327.5 7.4
6328.5 11.8
6329.5 -8
6330.5 -6.4
6331.5 14.2
6332.5 5.4
6333.5 4.4
6334.5 1.4
6335.5 4
6336.5 4.6
6337.5 -5.8
6338.5 4
6339.5 3.2
6340.5 2.2
6341.5 5.2
6342.5 -2
6343.5 -3
6344.5 -14.4
6345.5 -1.6
6346.5 3.6
6347.5 -11.4
6348.5 -15
6349.5 -5
6350.5 -7.6
6351.5 -4.6
6352.5 -16.4
6353.5 1.8
6354.5 2.8
6355.5 -4
6356.5 -5
6357.5 -1.4
6358.5 5.8
6359.5 -10
6360.5 0.199999
6361.5 7
6362.5 2.2
6363.5 -12.8
6364.5 3
6365.5 8
6366.5 16.6
6367.5 -0.200001
6368.5 -2.4
6369.5 3.2
6370.5 1.4
6371.5 -1
6372.5 -22.4
6373.5 -2
6374.5 10.2
6375.5 2.2
6376.5 1.8
6377.5 -0.200001
6378.5 3.2
6379.5 -3.4
6380.5 14
6381.5 -0.800001
6382.5 0.999999
6383.5 -7.8
6384.5 0.799999
6385.5 1.2
6386.5 8.6
6387.5 -9.2
6388.5 -10
6389.5 5.8
6390.5 8
6391.5 -10
6392.5 -4.4
6393.5 -21.2
6394.5 -11.8
6395.5 6.2
6396.5 4
6397.5 -0.400001
6398.5 6.8
6399.5 9.6
6400.5 0.799999
6401.5 -1.8
6402.5 -5.8
6403.5 -6.8
6404.5 -16.8
6405.5 -3.8
6406.5 -5
6407.5 -0.200001
6408.5 -2
6409.5 -9
6410.5 -8
6411.5 -0.600001
6412.5 5.4
6413.5 8.8
6414.5 1.4
6415.5 -11
6416.5 -19.8
6417.5 -0.400002
6418.5 -32
6419.5 -14.4
6420.5 -14.8
6421.5 1.8
6422.5 -14.8
6423.5 -2.6
6424.5 4.2
6425.5 7.6
6426.5 5.4
6427.5 -2.8
6428.5 1.8
6429.5 -1.8
6430.5 5.6
6431.5 -18.4
6432.5 1.2
6433.5 -9.6
6434.5 -12
6435.5 1.8
6436.5 11.4
6437.5 -9.2
6438.5 3.8
6439.5 -7.8
6440.5 1.2
6441.5 -12.6
6442.5 6.4
6443.5 4.8
6444.5 -2.4
6445.5 0.999999
6446.5 0.199999
6447.5 -6.6
6448.5 4.6
6449.5 -5.2
6450.5 8.2
6451.5 -2.4
6452.5 -1.2
6453.5 3.2
6454.5 -2.8
6455.5 -5.4
6456.5 11.4
6457.5 3.8
6458.5 7
6459.5 22.2
6460.5 0.999999
6461.5 -2.2
6462.5 -3
6463.5 5.6
6464.5 2.8
6465.5 -4.2
6466.5 1.6
6467.5 7.6
6468.5 -9.4
6469.5 2.6
6470.5 6.2
6471.5 3.8
6472.5 -0.200001
6473.5 3.2
6474.5 13.8
6475.5 13.6
6476.5 -0.800004
6477.5 20.8
6478.5 26.2
6479.5 23.8
6480.5 42
6481.5 2.39999
6482.5 -5.2
6483.5 4.8
6484.5 -1.19209e-06
6485.5 11.8
6486.5 -8.8
6487.5 -0.800001
6488.5 2.6
6489.5 4.4
6490.5 -3.2
6491.5 -3.8
6492.5 -11
6493.5 6
6494.5 -6.4
6495.5 -1.6
6496.5 -8.2
6497.5 -2.4
6498.5 5.2
6499.5 0.799999
6500.5 1.6
6501.5 1.6
6502.5 -2
6503.5 5.6
6504.5 6.4
6505.5 23.6
6506.5 5.8
6507.5 5.6
6508.5 7
6509.5 -11.6
6510.5 11.6
6511.5 -5.6
6512.5 9
6513.5 3.2
6514.5 -9.4
6515.5 -12.2
6516.5 -15
6517.5 -3.6
6518.5 -7.15256e-07
6519.5 -14
6520.5 -9
6521.5 11
6522.5 8.8
6523.5 0.799999
6524.5 -4.4
6525.5 5.8
6526.5 0.399999
6527.5 -1.2
6528.5 -10.8
6529.5 -9
6530.5 2.4
6531.5 3.8
6532.5 -4.6
6533.5 7.6
6534.5 3.2
6535.5 -2.6
6536.5 13.4
6537.5 3.8
6538.5 -1
6539.5 19.6
6540.5 9.6
6541.5 -11.6
6542.5 -4
6543.5 -18.2
6544.5 -11
6545.5 -14.2
6546.5 13.4
6547.5 -5.2
6548.5 7
6549.5 2
6550.5 10
6551.5 4
6552.5 3.4
6553.5 15.2
6554.5 16.2
6555.5 12.8
6556.5 4.6
6557.5 4.8
6558.5 1.6
6559.5 -3.6
6560.5 5.8
6561.5 -3.4
6562.5 1.6
6563.5 -4
6564.5 0.799999
6565.5 3.2
6566.5 -7
6567.5 -5.8
6568.5 -5.6
6569.5 9.6
6570.5 1.4
6571.5 -4.6
6572.5 10.8
6573.5 0.199999
6574.5 -5.6
6575.5 3.4
6576.5 -1.4
6577.5 -3
6578.5 9
6579.5 11.4
6580.5 -5.2
6581.5 3.4
6582.5 -7
6583.5 3.6
6584.5 -7.6
6585.5 5.4
6586.5 -2.6
6587.5 -4.76837e-07
6588.5 -4
6589.5 -3
6590.5 2.8
6591.5 -4.4
6592.5 0.599999
6593.5 12.8
6594.5 -0.400001
6595.5 -2
6596.5 2
6597.5 6
6598.5 -9.6
6599.5 -3.4
6600.5 5.4
6601.5 2.4
6602.5 -0.800001
6603.5 -1.2
6604.5 2.2
6605.5 3
6606.5 3
6607.5 -7.15256e-07
6608.5 7.4
6609.5 -7.15256e-07
6610.5 -8
6611.5 11.8
6612.5 3.8
6613.5 -2
6614.5 7.2
6615.5 9.2
6616.5 4.8
6617.5 8
6618.5 -8.4
6619.5 7.4
6620.5 -4
6621.5 -11.2
6622.5 -19
6623.5 -4.6
6624.5 0.399999
6625.5 -5.4
6626.5 3.2
6627.5 -9.8
6628.5 1.8
6629.5 2.4
6630.5 1.2
6631.5 3.8
6632.5 4.2
6633.5 0.799999
6634.5 4.6
6635.5 1.2
6636.5 -0.400001
6637.5 -2.8
6638.5 -2.4
6639.5 -4
6640.5 5.6
6641.5 -6.6
6642.5 -5.2
6643.5 0.799999
6644.5 0.399999
6645.5 -0.200001
6646.5 1.4
6647.5 3.2
6648.5 -10
6649.5 -8.8
6650.5 3
6651.5 -1
6652.5 14.8
6653.5 0.799999
6654.5 -4.2
6655.5 8.4
6656.5 -0.200001
6657.5 -4.4
6658.5 6
6659.5 -0.400001
6660.5 4.4
6661.5 -7.4
6662.5 -1.6
6663.5 -6.4
6664.5 -9.2
6665.5 -2.2
6666.5 2
6667.5 -9.2
6668.5 1.2
6669.5 6.2
6670.5 -1.4
6671.5 3.2
6672.5 -1
6673.5 0.4
6674.5 13.6
6675.5 5.6
6676.5 -0.8
6677.5 1.6
6678.5 4.2
6679.5 -2.2
6680.5 -1.8
6681.5 3.4
6682.5 -0.200001
6683.5 1.6
6684.5 -1.4
6685.5 -9
6686.5 2.2
6687.5 -10.4
6688.5 -4.6
6689.5 -9.6
6690.5 -3.4
6691.5 6.6
6692.5 8.2
6693.5 4.8
6694.5 2.6
6695.5 -9.53674e-07
6696.5 -2.8
6697.5 8.6
6698.5 -0.800001
6699.5 -7
6700.5 8.2
6701.5 1.8
6702.5 5
6703.5 -0.2
6704.5 0.6
6705.5 -4.2
6706.5 -0.200001
6707.5 -1.2
6708.5 2.6
6709.5 -4.76837e-07
6710.5 -2.4
6711.5 5.8
6712.5 -5.2
6713.5 -5.6
6714.5 1.8
6715.5 8.6
6716.5 8.6
6717.5 0.2
6718.5 7.4
6719.5 1.2
6720.5 -0.800001
6721.5 3.2
6722.5 -2
6723.5 3
6724.5 1.4
6725.5 1.8
6726.5 -1.6
6727.5 2.8
6728.5 1
6729.5 -0.600001
6730.5 -6.8
6731.5 -1
6732.5 -0.600001
6733.5 6.2
6734.5 -8.6
6735.5 -3.2
6736.5 9
6737.5 4.2
6738.5 7.4
6739.5 3
6740.5 -4.76837e-07
6741.5 -5.4
6742.5 4.6
6743.5 8
6744.5 4.6
6745.5 -3
6746.5 0.999999
6747.5 5
6748.5 -6.4
6749.5 -1.8
6750.5 -9.2
6751.5 0.599999
6752.5 -12.2
6753.5 8.2
6754.5 -2.8
6755.5 -0.400001
6756.5 6.4
6757.5 -4.6
6758.5 -4.6
6759.5 -0.4
6760.5 3.8
6761.5 8.6
6762.5 -4.6
6763.5 3.4
6764.5 -1.6
6765.5 3
6766.5 7.2
6767.5 -0.200001
6768.5 -10
6769.5 4.4
6770.5 0.199999
6771.5 2.2
6772.5 -5.2
6773.5 -10
6774.5 4.4
6775.5 -2.4
6776.5 0.799999
6777.5 -2.2
6778.5 -0.8
6779.5 9.2
6780.5 8.8
6781.5 -11.6
6782.5 3.2
6783.5 -0.8
6784.5 -3.4
6785.5 -1.6
6786.5 -12.4
6787.5 2.4
6788.5 -2
6789.5 7.6
6790.5 -0.6
6791.5 -0.4
6792.5 0.6
6793.5 -4.4
6794.5 -4.8
6795.5 -6
6796.5 -0.2
6797.5 1.2
6798.5 -5
6799.5 -1
6800.5 -5.4
6801.5 11.6
6802.5 8.6
6803.5 -5.2
6804.5 4.8
6805.5 9.6
6806.5 2.2
6807.5 -4.6
6808.5 3.6
6809.5 -4.76837e-07
6810.5 -1.8
6811.5 -2.2
6812.5 0.799999
6813.5 0.799999
6814.5 -11.8
6815.5 -4.4
6816.5 5.8
6817.5 4.8
6818.5 5.8
6819.5 9.6
6820.5 -4.4
6821.5 -2.4
6822.5 9.4
6823.5 -1.6
6824.5 -1
6825.5 11.4
6826.5 3.6
6827.5 9.2
6828.5 -4
6829.5 2.4
6830.5 3.6
6831.5 -8.2
6832.5 -1.2
6833.5 4.2
6834.5 -4.76837e-07
6835.5 1
6836.5 -10.4
6837.5 -3.8
6838.5 -3.4
6839.5 0.799999
6840.5 1.2
6841.5 -8
6842.5 -3.8
6843.5 5.8
6844.5 5
6845.5 5.4
6846.5 -10.6
6847.5 -5
6848.5 -4.8
6849.5 -4.8
6850.5 -6
6851.5 1.4
6852.5 1.2
6853.5 3.2
6854.5 -6.8
6855.5 0.4
6856.5 1
6857.5 2
6858.5 2.4
6859.5 1
6860.5 -0.8
6861.5 9.8
6862.5 0.2
6863.5 -3
6864.5 0.4
6865.5 -4.2
6866.5 -9.6
6867.5 1.4
6868.5 0.2
6869.5 -0.6
6870.5 8.6
6871.5 0.4
6872.5 -2.4
6873.5 4
6874.5 -0.200001
6875.5 5
6876.5 -0.2
6877.5 6.6
6878.5 -0.4
6879.5 -6.6
6880.5 -0.6
6881.5 4.8
6882.5 -4.2
6883.5 1.6
6884.5 -0.6
6885.5 -1
6886.5 -2.4
6887.5 5.4
6888.5 4
6889.5 0.6
6890.5 2.2
6891.5 -1.8
6892.5 -2
6893.5 4.6
6894.5 1
6895.5 -0.2
6896.5 3.8
6897.5 0.799999
6898.5 -3.8
6899.5 -1.6
6900.5 -3.2
6901.5 9.2
6902.5 -4.6
6903.5 -5.2
6904.5 -1.6
6905.5 14.6
6906.5 -4.6
6907.5 -3.2
6908.5 1.6
6909.5 12.8
6910.5 -1.4
6911.5 4
6912.5 7.2
6913.5 1
6914.5 2.4
6915.5 -7.8
6916.5 -2.8
6917.5 3.8
6918.5 2.6
6919.5 -1.6
6920.5 -1.8
6921.5 6.4
6922.5 -1.2
6923.5 6.6
6924.5 2
6925.5 4.6
6926.5 2.2
6927.5 0.399999
6928.5 -2
6929.5 9
6930.5 -0.200001
6931.5 -0.200001
6932.5 12.2
6933.5 -10.6
6934.5 8
6935.5 9.2
6936.5 -2.2
6937.5 -2.6
6938.5 2.2
6939.5 0.799999
6940.5 2
6941.5 9.6
6942.5 1
6943.5 4.4
6944.5 -4.6
6945.5 -3.4
6946.5 1
6947.5 7.2
6948.5 1.8
6949.5 0.6
6950.5 4.2
6951.5 5.6
6952.5 2.8
6953.5 -3
6954.5 10.8
6955.5 -7
6956.5 2
6957.5 4.4
6958.5 -2.6
6959.5 6.2
6960.5 -11.2
6961.5 -1.8
6962.5 3.4
6963.5 -0.4
6964.5 4.8
6965.5 3.4
6966.5 1.4
6967.5 3.2
6968.5 2.8
6969.5 4.8
6970.5 3
6971.5 9.2
6972.5 -0.4
6973.5 6.2
6974.5 0.599999
6975.5 -1.4
6976.5 -1.6
6977.5 -2
6978.5 -2.8
6979.5 -2.8
6980.5 -3.8
6981.5 4.6
6982.5 5.8
6983.5 9.6
6984.5 1.4
6985.5 -0.8
6986.5 1.4
6987.5 5
6988.5 -0.6
6989.5 -4.6
6990.5 -1
6991.5 9.8
6992.5 -8.6
6993.5 7.2
6994.5 5.8
6995.5 -2.8
6996.5 -1.8
6997.5 -3.6
6998.5 -5.6
6999.5 3.4
7000.5 7.6
7001.5 1
7002.5 -1.6
7003.5 1.2
7004.5 -2
7005.5 1.2
7006.5 -12.2
7007.5 -3.4
7008.5 5.8
7009.5 -4.6
7010.5 3.2
7011.5 3
7012.5 2.6
7013.5 -1.8
7014.5 -6.4
7015.5 -7.2
7016.5 0.8
7017.5 2.8
7018.5 -5
7019.5 -2.38419e-07
7020.5 -5.6
7021.5 -6.8
7022.5 3.4
7023.5 7.4
7024.5 -1
7025.5 0.6
7026.5 1.6
7027.5 4.8
7028.5 1.8
7029.5 3.6
7030.5 -2.2
7031.5 1
7032.5 1.6
7033.5 -0.6
7034.5 4
7035.5 4.2
7036.5 1.2
7037.5 -1.6
7038.5 6.6
7039.5 5.2
7040.5 -4.4
7041.5 -2.8
7042.5 1.2
7043.5 -4
7044.5 0.2
7045.5 -6.8
7046.5 -0.4
7047.5 -1.8
7048.5 -5.4
7049.5 2.4
7050.5 2
7051.5 -7.2
7052.5 5.8
7053.5 8
7054.5 7.2
7055.5 -3.8
7056.5 6.6
7057.5 5.4
7058.5 1.2
7059.5 3.2
7060.5 8.2
7061.5 1.4
7062.5 -1
7063.5 3.8
7064.5 8
7065.5 -3
7066.5 4.6
7067.5 -1.4
7068.5 0.4
7069.5 -0.800001
7070.5 4.2
7071.5 0.2
7072.5 2.2
7073.5 7.8
7074.5 -7
7075.5 9.2
7076.5 -1.4
7077.5 0.6
7078.5 1.4
7079.5 1.4
7080.5 -2.2
7081.5 -7.6
7082.5 -6.2
7083.5 -2.4
7084.5 -2.8
7085.5 -6.2
7086.5 1.6
7087.5 -0.200001
7088.5 5.2
7089.5 -1.6
7090.5 5.2
7091.5 -11.4
7092.5 -1.6
7093.5 -3.6
7094.5 -0.2
7095.5 4.4
7096.5 7.2
7097.5 8.2
7098.5 -0.2
7099.5 3.8
7100.5 4
7101.5 -0.4
7102.5 -3.6
7103.5 -5.8
7104.5 -2.4
7105.5 -1
7106.5 -3
7107.5 -5.6
7108.5 -2
7109.5 -2.4
7110.5 3.6
7111.5 -3
7112.5 -2.8
7113.5 -0.4
7114.5 -5.2
7115.5 1.8
7116.5 5.2
7117.5 9.2
7118.5 0.6
7119.5 4
7120.5 -11.2
7121.5 8.6
7122.5 5.6
7123.5 -2.8
7124.5 -0.2
7125.5 -2.2
7126.5 -0.8
7127.5 -2.4
7128.5 6.2
7129.5 -5.8
7130.5 7.6
7131.5 4.8
7132.5 5
7133.5 5.4
7134.5 3.2
7135.5 -1.6
7136.5 -1
7137.5 2.2
7138.5 -4
7139.5 -0.4
7140.5 2.8
7141.5 -6.2
7142.5 3
7143.5 6.6
7144.5 -2.4
7145.5 2.2
7146.5 -6.2
7147.5 -3.8
7148.5 -3.6
7149.5 1.8
7150.5 6.8
7151.5 2.8
7152.5 1
7153.5 0.4
7154.5 0.6
7155.5 -4.8
7156.5 2
7157.5 6.6
7158.5 -1.2
7159.5 3.2
7160.5 -3.2
7161.5 10.8
7162.5 2.8
7163.5 -5.6
7164.5 4.8
7165.5 5.2
7166.5 8
7167.5 -1.4
7168.5 4.2
7169.5 3.2
7170.5 0.2
7171.5 -9.6
7172.5 0.4
7173.5 -3.2
7174.5 -1.2
7175.5 -7
7176.5 1.4
7177.5 -0.2
7178.5 2.8
7179.5 -0.2
7180.5 4.2
7181.5 7.4
7182.5 -0.2
7183.5 -1
7184.5 -5.4
7185.5 0.8
7186.5 -2.2
7187.5 -2.2
7188.5 2
7189.5 -2.2
7190.5 3.4
7191.5 -5.8
7192.5 -2.6
7193.5 -8
7194.5 6.4
7195.5 0.6
7196.5 -9.4
7197.5 -7.4
7198.5 -3.8
7199.5 -1.8
7200.5 -5.8
7201.5 -11.6
7202.5 -7.15256e-07
7203.5 3.8
7204.5 5
7205.5 3.8
7206.5 -1.19209e-06
7207.5 4.4
7208.5 -5.2
7209.5 2.6
7210.5 2.8
7211.5 4.8
7212.5 -4
7213.5 -1.2
7214.5 1.8
7215.5 -6
7216.5 -0.8
7217.5 -2.38419e-07
7218.5 2.2
7219.5 2.6
7220.5 1.8
7221.5 2.2
7222.5 -4.6
7223.5 -1.6
7224.5 3.6
7225.5 3
7226.5 -2.38419e-07
7227.5 -2
7228.5 -1.8
7229.5 2.2
7230.5 -5.8
7231.5 3.4
7232.5 1.4
7233.5 3.6
7234.5 0.6
7235.5 5.4
7236.5 1.4
7237.5 -0.2
7238.5 3
7239.5 3.2
7240.5 0.2
7241.5 -10.6
7242.5 6.6
7243.5 6
7244.5 0.2
7245.5 -2.4
7246.5 -8.6
7247.5 8.4
7248.5 3.6
7249.5 7.8
7250.5 -1.6
7251.5 -6.2
7252.5 -10
7253.5 0.6
7254.5 2.6
7255.5 -2.6
7256.5 -6.4
7257.5 4.2
7258.5 3.6
7259.5 9.8
7260.5 -0.200001
7261.5 16.8
7262.5 -8.2
7263.5 -7.6
7264.5 -2.6
7265.5 4.2
7266.5 -1.6
7267.5 0.2
7268.5 2
7269.5 -0.2
7270.5 -4.8
7271.5 6
7272.5 -0.2
7273.5 2
7274.5 -1.2
7275.5 6.6
7276.5 -4.2
7277.5 -0.8
7278.5 1.2
7279.5 2
7280.5 -0.8
7281.5 4.6
7282.5 3.8
7283.5 -3.2
7284.5 2.4
7285.5 3.2
7286.5 2.4
7287.5 4.2
7288.5 -6.8
7289.5 1.2
7290.5 3.8
7291.5 -1.6
7292.5 4.8
7293.5 -0.2
7294.5 3.8
7295.5 3.2
7296.5 -3
7297.5 1.4
7298.5 -4
7299.5 -3.2
7300.5 1.2
7301.5 5.6
7302.5 -5
7303.5 -1.4
7304.5 6.8
7305.5 -2.4
7306.5 0.2
7307.5 -6.2
7308.5 0.2
7309.5 1.6
7310.5 -3.4
7311.5 10
7312.5 8.6
7313.5 -1.8
7314.5 4.2
7315.5 -2.2
7316.5 7
7317.5 0.2
7318.5 -10.4
7319.5 3.6
7320.5 -4.4
7321.5 -5.4
7322.5 -1.4
7323.5 8.8
7324.5 1.8
7325.5 4.2
7326.5 -5
7327.5 3.2
7328.5 2.4
7329.5 -1.8
7330.5 3.6
7331.5 -5.6
7332.5 3.4
7333.5 -3.2
7334.5 -6.8
7335.5 3.4
7336.5 1.8
7337.5 -1.2
7338.5 -1.8
7339.5 -1.8
7340.5 0.2
7341.5 5.4
7342.5 -2.38419e-07
7343.5 -4.4
7344.5 -1.8
7345.5 0.4
7346.5 5.6
7347.5 9.4
7348.5 -0.6
7349.5 2.8
7350.5 7.8
7351.5 7.6
7352.5 0.8
7353.5 -0.800001
7354.5 -3.2
7355.5 -3
7356.5 3.6
7357.5 -3.4
7358.5 -6.6
7359.5 -3.4
7360.5 -8.6
7361.5 -1.4
7362.5 -3.4
7363.5 -0.8
7364.5 0.2
7365.5 0.8
7366.5 -5.8
7367.5 -4.4
7368.5 2.4
7369.5 -2.4
7370.5 -1
7371.5 2.8
7372.5 3.2
7373.5 -3
7374.5 4.8
7375.5 6.6
7376.5 -5.4
7377.5 -2.2
7378.5 2.8
7379.5 -1
7380.5 -1.4
7381.5 -2.6
7382.5 1.4
7383.5 1.2
7384.5 -3
7385.5 2.6
7386.5 3
7387.5 5.8
7388.5 2.8
7389.5 1.4
7390.5 3.4
7391.5 -1.4
7392.5 -6.8
7393.5 -2.8
7394.5 3
7395.5 -5.6
7396.5 8.6
7397.5 -0.8
7398.5 1.4
7399.5 1.4
7400.5 6.8
7401.5 2.4
7402.5 2
7403.5 5.8
7404.5 -2.8
7405.5 -5.4
7406.5 -1.2
7407.5 -0.4
7408.5 -0.4
7409.5 -2.8
7410.5 2
7411.5 5.8
7412.5 8.2
7413.5 1.4
7414.5 -0.400001
7415.5 -2.6
7416.5 5.6
7417.5 -13.8
7418.5 -2.6
7419.5 -11.2
7420.5 2.6
7421.5 3.2
7422.5 -0.400001
7423.5 -0.4
7424.5 -4.8
7425.5 -6.8
7426.5 -3.2
7427.5 0.4
7428.5 2.8
7429.5 -1.8
7430.5 0.6
7431.5 2
7432.5 -0.6
7433.5 -2.4
7434.5 0.4
7435.5 -0.4
7436.5 -0.8
7437.5 0.4
7438.5 -0.8
7439.5 0.4
7440.5 0.6
7441.5 3.6
7442.5 2.8
7443.5 -2.8
7444.5 -0.4
7445.5 -5
7446.5 3.6
7447.5 -9.8
7448.5 -9.2
7449.5 1
7450.5 -0.4
7451.5 -2.4
7452.5 -1
7453.5 -2.6
7454.5 -7.2
7455.5 0.4
7456.5 -1.4
7457.5 2.8
7458.5 -4.2
7459.5 -3
7460.5 1.4
7461.5 0.4
7462.5 1.4
7463.5 5.6
7464.5 -0.8
7465.5 2.4
7466.5 1
7467.5 3.2
7468.5 0.4
7469.5 0.4
7470.5 5.6
7471.5 -2
7472.5 2.2
7473.5 2.4
7474.5 3.2
7475.5 -3
7476.5 0.8
7477.5 2.6
7478.5 -4.2
7479.5 -3
7480.5 -0.8
7481.5 -2
7482.5 1.4
7483.5 1.4
7484.5 1.8
7485.5 1.6
7486.5 2.4
7487.5 -2.6
7488.5 2.4
7489.5 3.8
7490.5 2.4
7491.5 0.6
7492.5 -1.8
7493.5 -4.2
7494.5 -0.2
7495.5 -0.8
7496.5 3.6
7497.5 -2.8
7498.5 -0.8
7499.5 0.4
7500.5 -2.38419e-07
7501.5 -1
7502.5 -1
7503.5 6.8
7504.5 4
7505.5 -6.6
7506.5 3.4
7507.5 2.2
7508.5 0.8
7509.5 1
7510.5 2.6
7511.5 -4.8
7512.5 -0.4
7513.5 6.8
7514.5 2.8
7515.5 -1.2
7516.5 2.2
7517.5 -7.8
7518.5 5
7519.5 -6.8
7520.5 3.8
7521.5 -3
7522.5 -6.4
7523.5 2.8
7524.5 1.4
7525.5 8
7526.5 4.6
7527.5 -0.6
7528.5 4.2
7529.5 0.4
7530.5 -5.4
7531.5 -0.2
7532.5 8
7533.5 -5.4
7534.5 -2.38419e-07
7535.5 -1.8
7536.5 -0.8
7537.5 5.6
7538.5 3.8
7539.5 0.8
7540.5 -1.4
7541.5 1.6
7542.5 1.6
7543.5 -2.6
7544.5 -1.4
7545.5 2.2
7546.5 -5.4
7547.5 -0.6
7548.5 2.4
7549.5 5
7550.5 2.4
7551.5 -5.6
7552.5 -3
7553.5 -0.2
7554.5 0.4
7555.5 7.2
7556.5 -3.2
7557.5 1.2
7558.5 1.8
7559.5 0.4
7560.5 -5.2
7561.5 -0.2
7562.5 2.6
7563.5 4
7564.5 1.2
7565.5 0.6
7566.5 -2
7567.5 4.6
7568.5 -2.4
7569.5 -1.2
7570.5 2.4
7571.5 -7.8
7572.5 4.8
7573.5 -2.8
7574.5 -2.6
7575.5 2.4
7576.5 -9
7577.5 12.8
7578.5 -5
7579.5 11
7580.5 -0.2
7581.5 2.8
7582.5 -0.6
7583.5 -3
7584.5 -1
7585.5 -6.8
7586.5 -1.6
7587.5 -4.2
7588.5 -1.2
7589.5 0.4
7590.5 2.8
7591.5 2.6
7592.5 -5.2
7593.5 -2.4
7594.5 -0.2
7595.5 -0.8
7596.5 1.4
7597.5 -3.2
7598.5 -5.4
7599.5 -1.8
7600.5 1.4
7601.5 3.6
7602.5 -0.8
7603.5 1.4
7604.5 -0.4
7605.5 1.4
7606.5 3.2
7607.5 0.6
7608.5 -4
7609.5 1.6
7610.5 1.6
7611.5 -3
7612.5 5.6
7613.5 -0.2
7614.5 0.6
7615.5 -2
7616.5 1.4
7617.5 2.4
7618.5 1.4
7619.5 -6.2
7620.5 -2.8
7621.5 6.8
7622.5 -0.8
7623.5 1.8
7624.5 4.6
7625.5 2.8
7626.5 3.6
7627.5 -1.8
7628.5 -1
7629.5 3.6
7630.5 0.2
7631.5 5.2
7632.5 -2.2
7633.5 1.6
7634.5 -4.2
7635.5 3.6
7636.5 0.4
7637.5 1.6
7638.5 2.8
7639.5 0.2
7640.5 1.4
7641.5 1.2
7642.5 1.6
7643.5 0.6
7644.5 -2.6
7645.5 -2.38419e-07
7646.5 -5
7647.5 -0.8
7648.5 0.6
7649.5 -1.6
7650.5 0.6
7651.5 2.8
7652.5 2.8
7653.5 -0.4
7654.5 -1.6
7655.5 -3
7656.5 3.6
7657.5 -2.38419e-07
7658.5 -1.4
7659.5 8.8
7660.5 -4
7661.5 -2.4
7662.5 -1
7663.5 2.8
7664.5 4
7665.5 -1.6
7666.5 1.8
7667.5 0.8
7668.5 2.8
7669.5 1.8
7670.5 -1.8
7671.5 -0.6
7672.5 0.4
7673.5 1.4
7674.5 -1.4
7675.5 -2.8
7676.5 -2.4
7677.5 -3
7678.5 1.8
7679.5 1.6
7680.5 5.8
7681.5 0.4
7682.5 3.8
7683.5 -2.8
7684.5 2.6
7685.5 0.4
7686.5 -2
7687.5 2.8
7688.5 -3.2
7689.5 2.6
7690.5 0.4
7691.5 -4.8
7692.5 1.6
7693.5 -0.6
7694.5 3.6
7695.5 -0.4
7696.5 -2.2
7697.5 6
7698.5 1.4
7699.5 -0.4
7700.5 2.6
7701.5 0.6
7702.5 0.2
7703.5 2.8
7704.5 -1.8
7705.5 2.8
7706.5 3.2
7707.5 -6
7708.5 4.6
7709.5 2.2
7710.5 3.8
7711.5 0.6
7712.5 0.6
7713.5 0.6
7714.5 1.8
7715.5 0.8
7716.5 2.4
7717.5 -1.2
7718.5 6.4
7719.5 4.8
7720.5 -2.8
7721.5 1.8
7722.5 -2.8
7723.5 -1
7724.5 -1.8
7725.5 3.6
7726.5 5.4
7727.5 1.6
7728.5 -2
7729.5 4.8
7730.5 4
7731.5 -2.6
7732.5 1
7733.5 -4
7734.5 0
7735.5 -1.8
7736.5 0.2
7737.5 -0.4
7738.5 1.8
7739.5 -1.4
7740.5 1
7741.5 -3
7742.5 1.8
7743.5 -0.4
7744.5 0.8
7745.5 1.6
7746.5 -0.6
7747.5 0.4
7748.5 -2.6
7749.5 1.8
7750.5 4.4
7751.5 -1.4
7752.5 -0.4
7753.5 -1.8
7754.5 0.6
7755.5 -0.4
7756.5 -2
7757.5 -2.4
7758.5 4
7759.5 -3.8
7760.5 -2.6
7761.5 -1.8
7762.5 -3
7763.5 -4
7764.5 0.4
7765.5 -4
7766.5 6.4
7767.5 -4.6
7768.5 0.4
7769.5 4.6
7770.5 2.4
7771.5 -4.8
7772.5 10.6
7773.5 7.2
7774.5 6.6
7775.5 -3.2
7776.5 5
7777.5 1
7778.5 1.2
7779.5 -5
7780.5 3
7781.5 2
7782.5 -2.6
7783.5 0.8
7784.5 -2.6
7785.5 1.6
7786.5 0.6
7787.5 -4
7788.5 2.4
7789.5 0.6
7790.5 4.6
7791.5 2.8
7792.5 2.4
7793.5 1.6
7794.5 0.8
7795.5 1.6
7796.5 -2.6
7797.5 3
7798.5 0.4
7799.5 -0.6
7800.5 -1.4
7801.5 2
7802.5 2.8
7803.5 -1.4
7804.5 -0.4
7805.5 -2.6
7806.5 1.6
7807.5 3
7808.5 -5
7809.5 -5.2
7810.5 3.8
7811.5 4
7812.5 0.4
7813.5 3.8
7814.5 -5
7815.5 -0.8
7816.5 -2
7817.5 -0.8
7818.5 5.6
7819.5 4.6
7820.5 -0.8
7821.5 -1.2
7822.5 -8.2
7823.5 -3.6
7824.5 2.2
7825.5 -11.2
7826.5 5.8
7827.5 -0.6
7828.5 -12.2
7829.5 1.2
7830.5 3.2
7831.5 1.2
7832.5 2.2
7833.5 -10.2
7834.5 6.8
7835.5 -2
7836.5 -0.4
7837.5 1.4
7838.5 6
7839.5 -6
7840.5 4
7841.5 1.8
7842.5 -0.4
7843.5 -1.2
7844.5 1.8
7845.5 -0.2
7846.5 -6.2
7847.5 -0.6
7848.5 3.8
7849.5 0.8
7850.5 0.8
7851.5 -1.8
7852.5 -1.4
7853.5 -0.6
7854.5 -1.4
7855.5 3.8
7856.5 -1.6
7857.5 5
7858.5 1.6
7859.5 1.8
7860.5 -0.2
7861.5 1.8
7862.5 -1.2
7863.5 1.8
7864.5 3.8
7865.5 0.6
7866.5 -0.4
7867.5 -0.4
7868.5 -2.8
7869.5 5.8
7870.5 1.6
7871.5 -5
7872.5 0.8
7873.5 2.8
7874.5 0.2
7875.5 0.8
7876.5 3
7877.5 2.4
7878.5 -1.6
7879.5 -2
7880.5 4
7881.5 2
7882.5 -1.4
7883.5 3.8
7884.5 1
7885.5 2
7886.5 -5
7887.5 1.6
7888.5 -0.2
7889.5 1
7890.5 1
7891.5 -1.6
7892.5 2
7893.5 2.8
7894.5 0
7895.5 3
7896.5 -1.4
7897.5 -0.4
7898.5 1
7899.5 -0.2
7900.5 -2.6
7901.5 0.6
7902.5 3
7903.5 1.8
7904.5 1
7905.5 0.8
7906.5 2
7907.5 -1.4
7908.5 -0.6
7909.5 0.6
7910.5 -1.6
7911.5 -0.4
7912.5 1.4
7913.5 1.8
7914.5 0.8
7915.5 0.8
7916.5 -2.6
7917.5 -0.6
7918.5 -1.4
7919.5 0.8
7920.5 0.4
7921.5 1
7922.5 -2.4
7923.5 3
7924.5 -3.8
7925.5 2
7926.5 0.8
7927.5 -1.4
7928.5 1
7929.5 -1.4
7930.5 0.4
7931.5 2
7932.5 -0.6
7933.5 -0.6
7934.5 3.8
7935.5 0.6
7936.5 -3.6
7937.5 0.8
7938.5 -2.4
7939.5 1
7940.5 1
7941.5 -0.2
7942.5 -0.4
7943.5 3
7944.5 2
7945.5 -1.4
7946.5 4
7947.5 -2.6
7948.5 -0.4
7949.5 -1.4
7950.5 -3.6
7951.5 -2.6
7952.5 6
7953.5 1.8
7954.5 1.6
7955.5 -3
7956.5 2.6
7957.5 -0.8
7958.5 -3.8
7959.5 0.4
7960.5 3.4
7961.5 2.6
7962.5 -2.6
7963.5 0.2
7964.5 0.2
7965.5 -4.4
7966.5 1.6
7967.5 -1.4
7968.5 0.8
7969.5 -4.2
7970.5 1.6
7971.5 -2
7972.5 1
7973.5 1.6
7974.5 0.8
7975.5 4
7976.5 1.8
7977.5 -2.8
7978.5 2.8
7979.5 2
7980.5 1.6
7981.5 3
7982.5 -0.2
7983.5 4
7984.5 1.6
7985.5 1.6
7986.5 2.8
7987.5 -0.4
7988.5 -3.8
7989.5 0.8
7990.5 2
7991.5 1.8
7992.5 0.4
7993.5 -0.2
7994.5 -0.4
7995.5 -2.4
7996.5 -2.6
7997.5 5
7998.5 2.6
7999.5 -1.6
8000.5 2
8001.5 4
8002.5 -3.6
8003.5 -0.2
8004.5 -3.8
8005.5 1
8006.5 -1.2
8007.5 5.6
8008.5 0.8
8009.5 4
8010.5 -0.8
8011.5 -2.8
8012.5 5
8013.5 -6
8014.5 2.8
8015.5 -1.2
8016.5 -0.2
8017.5 -1.6
8018.5 -0.2
8019.5 -0.2
8020.5 -5
8021.5 -2.6
8022.5 4
8023.5 -4.8
8024.5 1.8
8025.5 2.8
8026.5 -1.4
8027.5 3.8
8028.5 -1.4
8029.5 -1.4
8030.5 1.6
8031.5 2
8032.5 -5
8033.5 -0.2
8034.5 -0.2
8035.5 -4.8
8036.5 -1.4
8037.5 2
8038.5 -1.6
8039.5 0
8040.5 -1.2
8041.5 2.8
8042.5 1.6
8043.5 -0.2
8044.5 -3.6
8045.5 1
8046.5 -0.2
8047.5 -1.8
8048.5 -3.8
8049.5 -3.8
8050.5 -4
8051.5 1.8
8052.5 -4
8053.5 2
8054.5 -2.6
8055.5 -1.4
8056.5 -1.4
8057.5 -1.4
8058.5 2
8059.5 2
8060.5 3
8061.5 1
8062.5 0.6
8063.5 -2.8
8064.5 -0.4
8065.5 0.8
8066.5 -1.4
8067.5 2
8068.5 0.8
8069.5 -0.6
8070.5 -2.4
8071.5 4
8072.5 -2.4
8073.5 0.6
8074.5 -1.2
8075.5 2.8
8076.5 1
8077.5 -1.6
8078.5 -1.8
8079.5 -4
8080.5 7.4
8081.5 -6.2
8082.5 -1
8083.5 1.6
8084.5 1.8
8085.5 2.8
8086.5 9.2
8087.5 -0.4
8088.5 1.6
8089.5 4.2
8090.5 -0.6
8091.5 0.4
8092.5 1.8
8093.5 -1.6
8094.5 -0.2
8095.5 0.4
8096.5 0
8097.5 0
8098.5 -2.8
8099.5 0.8
8100.5 -0.8
8101.5 -0.2
8102.5 -0.4
8103.5 3.8
8104.5 1.6
8105.5 0.8
8106.5 -0.2
8107.5 0.6
8108.5 -2.6
8109.5 2
8110.5 0
8111.5 -1.2
8112.5 -2.4
8113.5 0.6
8114.5 -2.4
8115.5 -1.4
8116.5 -4.8
8117.5 2
8118.5 -0.4
8119.5 -1.2
8120.5 -1.2
8121.5 -1.2
8122.5 5
8123.5 -0.4
8124.5 0.8
8125.5 0.8
8126.5 -1.6
8127.5 2
8128.5 -2.4
8129.5 1
8130.5 2
8131.5 2
8132.5 -2.4
8133.5 2
8134.5 -0.6
8135.5 0
8136.5 0.8
8137.5 -0.2
8138.5 3
8139.5 -3.6
8140.5 2
8141.5 -1.2
8142.5 -2.4
8143.5 -0.2
8144.5 -3.6
8145.5 3
8146.5 0.8
8147.5 2
8148.5 1.8
8149.5 0
8150.5 -1.4
8151.5 1
8152.5 -0.4
8153.5 0
8154.5 -0.6
8155.5 0.8
8156.5 -1.2
8157.5 1
8158.5 -3.6
8159.5 -1.2
8160.5 2
8161.5 3
8162.5 0.6
8163.5 0.8
8164.5 1
8165.5 -1.4
8166.5 0.8
8167.5 0.8
8168.5 -1.2
8169.5 3
8170.5 -0.2
8171.5 -3.6
8172.5 -2.6
8173.5 1
8174.5 1
8175.5 1.8
8176.5 -1.4
8177.5 2.8
8178.5 3
8179.5 -1.2
8180.5 -1.2
8181.5 2.8
8182.5 -1.4
8183.5 1.8
8184.5 -1.2
8185.5 0.8
8186.5 4.8
8187.5 -0.2
8188.5 -1.4
8189.5 -1.6
8190.5 -1.2
8191.5 5
8192.5 4
8193.5 4.8
8194.5 1.6
8195.5 3
8196.5 0.8
8197.5 2.8
8198.5 -0.2
8199.5 -0.4
8200.5 1.8
8201.5 2.8
8202.5 0.8
8203.5 0
8204.5 0
8205.5 -2.4
8206.5 -3.8
8207.5 0.8
8208.5 0
8209.5 0.6
8210.5 1.8
8211.5 -1.6
8212.5 -0.4
8213.5 1.8
8214.5 -1.6
8215.5 -1.4
8216.5 -0.2
8217.5 0
8218.5 -1.2
8219.5 -2.6
8220.5 3.6
8221.5 1.6
8222.5 -1.4
8223.5 -0.4
8224.5 -0.2
8225.5 0.8
8226.5 -2.6
8227.5 2
8228.5 -2.4
8229.5 3
8230.5 -0.4
8231.5 -0.2
8232.5 -2.4
8233.5 -1.4
8234.5 2
8235.5 3
8236.5 4
8237.5 -2.4
8238.5 0
8239.5 0
8240.5 -1.2
8241.5 2
8242.5 -1.2
8243.5 1.6
8244.5 0.6
8245.5 1
8246.5 3
8247.5 1.8
8248.5 1.8
8249.5 5
8250.5 1
8251.5 1.8
8252.5 -0.2
8253.5 4
8254.5 2
8255.5 -0.2
8256.5 0
8257.5 -3.6
8258.5 1
8259.5 2
8260.5 0.8
8261.5 -0.6
8262.5 -2.4
8263.5 2
8264.5 2
8265.5 0
8266.5 0
8267.5 1
8268.5 2
8269.5 3
8270.5 -2.4
8271.5 2
8272.5 -1.2
8273.5 -0.2
8274.5 1
8275.5 4
8276.5 -2.4
8277.5 -1.2
8278.5 -1.2
8279.5 1
8280.5 2
8281.5 2
8282.5 0
8283.5 5
8284.5 3
8285.5 -0.2
8286.5 -1.4
8287.5 0
8288.5 1
8289.5 -1.2
8290.5 2
8291.5 -0.2
8292.5 2
8293.5 1
8294.5 2
8295.5 1
8296.5 1.8
8297.5 -2.4
8298.5 1
8299.5 0
8300.5 0.8
8301.5 1.8
8302.5 1
8303.5 -1.2
8304.5 -1.4
8305.5 0
8306.5 2
8307.5 -1.6
8308.5 0
8309.5 1
8310.5 5
8311.5 -0.2
8312.5 1.8
8313.5 3
8314.5 -0.2
8315.5 2
8316.5 -1.4
8317.5 -3.6
8318.5 2
8319.5 1
8320.5 -6
8321.5 1
8322.5 -0.2
8323.5 0
8324.5 1
8325.5 1
8326.5 -1.6
8327.5 -2.4
8328.5 1
8329.5 1
8330.5 -0.2
8331.5 1
8332.5 -0.2
8333.5 0.8
8334.5 2.8
8335.5 2
8336.5 -0.2
8337.5 -0.4
8338.5 0.8
8339.5 3
8340.5 0.6
8341.5 -0.6
8342.5 0.8
8343.5 1
8344.5 -1.4
8345.5 -0.4
8346.5 1
8347.5 0.8
8348.5 0.8
8349.5 -2.4
8350.5 1
8351.5 -0.2
8352.5 3
8353.5 1
8354.5 0.8
8355.5 -0.4
8356.5 -0.2
8357.5 -0.2
8358.5 0
8359.5 0.8
8360.5 -1.2
8361.5 1
8362.5 -2.4
8363.5 1
8364.5 1
8365.5 0
8366.5 3
8367.5 0
8368.5 -0.2
8369.5 -0.2
8370.5 2
8371.5 -1.2
8372.5 1
8373.5 -1.2
8374.5 -0.2
8375.5 -0.2
8376.5 0
8377.5 -2.4
8378.5 0
8379.5 0.8
8380.5 -1.4
8381.5 -1.4
8382.5 0.8
8383.5 -1.2
8384.5 0
8385.5 -1.4
8386.5 1
8387.5 -1.2
8388.5 2
8389.5 1
8390.5 1
8391.5 0
8392.5 -1.2
8393.5 2.8
8394.5 2
8395.5 1
8396.5 -2.6
8397.5 2
8398.5 0
8399.5 -0.4
8400.5 -0.2
8401.5 -0.2
8402.5 -2.4
8403.5 1
8404.5 2
8405.5 0
8406.5 -0.4
8407.5 1.8
8408.5 1
8409.5 0
8410.5 0.8
8411.5 1
8412.5 0
8413.5 -0.2
8414.5 -0.2
8415.5 1
8416.5 1
8417.5 -0.2
8418.5 -0.2
8419.5 1
8420.5 2
8421.5 0
8422.5 0
8423.5 0
8424.5 2
8425.5 2
8426.5 -2.4
8427.5 -2.4
8428.5 0
8429.5 -0.2
8430.5 -1.2
8431.5 1
8432.5 -0.2
8433.5 0
8434.5 0
8435.5 0
8436.5 3
8437.5 1
8438.5 -0.2
8439.5 -2.4
8440.5 -2.4
8441.5 -1.2
8442.5 1
8443.5 1
8444.5 2
8445.5 1
8446.5 -1.4
8447.5 0
8448.5 1
8449.5 -2.6
8450.5 0
8451.5 -1.4
8452.5 -1.2
8453.5 0
8454.5 2
8455.5 -1.2
8456.5 1
8457.5 0.8
8458.5 1
8459.5 1.6
8460.5 -0.2
8461.5 2
8462.5 -0.2
8463.5 -1.2
8464.5 3
8465.5 -2.6
8466.5 4
8467.5 -4
8468.5 -2.6
8469.5 0.6
8470.5 -2.6
8471.5 -0.8
8472.5 0.8
8473.5 6.4
8474.5 3.2
8475.5 -3.2
8476.5 2
8477.5 1.8
8478.5 -3.6
8479.5 -1.4
8480.5 -0.2
8481.5 1.8
8482.5 -0.2
8483.5 0
8484.5 0
8485.5 2
8486.5 -1.2
8487.5 2
8488.5 1
8489.5 0
8490.5 0
8491.5 1
8492.5 1
8493.5 -0.4
8494.5 2
8495.5 -2.4
8496.5 2.8
8497.5 0.6
8498.5 1
8499.5 0.8
8500.5 0
8501.5 -2.6
8502.5 0
8503.5 -0.4
8504.5 0
8505.5 -2.4
8506.5 0
8507.5 -1.4
8508.5 -0.2
8509.5 1
8510.5 2
8511.5 1
8512.5 0
8513.5 -0.2
8514.5 1
8515.5 -0.2
8516.5 -0.2
8517.5 0
8518.5 -1.2
8519.5 1
8520.5 -2.4
8521.5 0
8522.5 0
8523.5 -3.6
8524.5 -0.2
8525.5 1
8526.5 0.8
8527.5 2
8528.5 0
8529.5 0
8530.5 0.8
8531.5 -0.2
8532.5 2
8533.5 -0.2
8534.5 1
8535.5 0
8536.5 0
8537.5 1
8538.5 1
8539.5 -2.4
8540.5 -1.2
8541.5 0
8542.5 -1.2
8543.5 -1.4
8544.5 0
8545.5 1
8546.5 0
8547.5 -3.6
8548.5 -0.4
8549.5 -1.2
8550.5 0
8551.5 -1.2
8552.5 2
8553.5 -1.4
8554.5 0.8
8555.5 1.6
8556.5 -1.2
8557.5 0
8558.5 -0.2
8559.5 0
8560.5 1
8561.5 3
8562.5 1
8563.5 2
8564.5 1
8565.5 -2.4
8566.5 1
8567.5 -0.2
8568.5 0
8569.5 0
8570.5 -0.2
8571.5 -0.2
8572.5 0
8573.5 -1.2
8574.5 0
8575.5 -0.2
8576.5 1
8577.5 0
8578.5 -1.2
8579.5 -1.2
8580.5 -0.4
8581.5 -0.2
8582.5 1
8583.5 1.8
8584.5 -1.4
8585.5 0.8
8586.5 4
8587.5 -0.2
8588.5 -1.2
8589.5 0.8
8590.5 -2.4
8591.5 0
8592.5 0
8593.5 0
8594.5 0
8595.5 0
8596.5 0
8597.5 1
8598.5 1
8599.5 -0.2
8600.5 -0.2
8601.5 0
8602.5 1
8603.5 1
8604.5 3
8605.5 1
8606.5 0.8
8607.5 0.8
8608.5 -0.2
8609.5 0
8610.5 -1.2
8611.5 3
8612.5 0
8613.5 -1.2
8614.5 -0.4
8615.5 0
8616.5 -1.2
8617.5 -1.2
8618.5 0
8619.5 -0.2
8620.5 2
8621.5 0
8622.5 0
8623.5 -1.2
8624.5 3
8625.5 0
8626.5 0
8627.5 -1.2
8628.5 0
8629.5 -0.2
8630.5 -1.2
8631.5 0
8632.5 -0.2
8633.5 0.8
8634.5 0
8635.5 0
8636.5 0
8637.5 0
8638.5 1
8639.5 0
8640.5 -0.2
8641.5 0
8642.5 -0.2
8643.5 -0.2
8644.5 -2.4
8645.5 -0.2
8646.5 -1.4
8647.5 -0.2
8648.5 1
8649.5 1
8650.5 -1.2
8651.5 0
8652.5 0
8653.5 -1.2
8654.5 0
8655.5 -0.2
8656.5 -2.4
8657.5 -2.4
8658.5 0
8659.5 -2.4
8660.5 -3.6
8661.5 1
8662.5 0
8663.5 1
8664.5 0
8665.5 -0.2
8666.5 -1.2
8667.5 -2.4
8668.5 2
8669.5 -3.6
8670.5 -1.2
8671.5 1
8672.5 -3.6
8673.5 -0.2
8674.5 1
8675.5 1
8676.5 1
8677.5 0
8678.5 1
8679.5 0
8680.5 0
8681.5 2
8682.5 0
8683.5 -1.2
8684.5 0
8685.5 0
8686.5 0
8687.5 1
8688.5 1
8689.5 1
8690.5 1
8691.5 -0.2
8692.5 -1.2
8693.5 0.8
8694.5 2
8695.5 -0.2
8696.5 0.8
8697.5 1
8698.5 0.8
8699.5 2
8700.5 3.8
8701.5 1
8702.5 3
8703.5 4
8704.5 2.6
8705.5 5
8706.5 5
8707.5 3
8708.5 1
8709.5 1
8710.5 -1.4
8711.5 1
8712.5 1
8713.5 1
8714.5 1
8715.5 0
8716.5 2
8717.5 -0.2
8718.5 0
8719.5 2
8720.5 1
8721.5 0
8722.5 -1.2
8723.5 1
8724.5 0
8725.5 -0.2
8726.5 1
8727.5 -2.4
8728.5 -2.4
8729.5 0.8
8730.5 0.8
8731.5 0
8732.5 -0.4
8733.5 0
8734.5 0.8
8735.5 -2.8
8736.5 -0.2
8737.5 3
8738.5 0
8739.5 1
8740.5 1
8741.5 0
8742.5 0
8743.5 0
8744.5 0
8745.5 -0.2
8746.5 0
8747.5 0
8748.5 -1.2
8749.5 0
8750.5 0
8751.5 -0.2
8752.5 -1.2
8753.5 2
8754.5 0
8755.5 -1.2
8756.5 0
8757.5 1
8758.5 1
8759.5 -1.2
8760.5 1
8761.5 -0.2
8762.5 1
8763.5 0
8764.5 -1.2
8765.5 0
8766.5 0
8767.5 0
8768.5 -0.2
8769.5 0
8770.5 -0.2
8771.5 -1.2
8772.5 -1.2
8773.5 0
8774.5 0
8775.5 1
8776.5 -1.2
8777.5 0
8778.5 -0.2
8779.5 1
8780.5 0
8781.5 1
8782.5 2
8783.5 0
8784.5 0
8785.5 -1.2
8786.5 0.8
8787.5 1
8788.5 1
8789.5 1
8790.5 0.8
8791.5 -1.2
8792.5 1
8793.5 -1.2
8794.5 -1.2
8795.5 0
8796.5 1
8797.5 1
8798.5 1
8799.5 0
8800.5 0
8801.5 0
8802.5 -1.2
8803.5 0
8804.5 -1.2
8805.5 0
8806.5 0
8807.5 0
8808.5 1
8809.5 1
8810.5 0
8811.5 1
8812.5 0
8813.5 -1.2
8814.5 0
8815.5 -1.2
8816.5 0
8817.5 0
8818.5 2
8819.5 0
8820.5 -0.2
8821.5 0
8822.5 -1.2
8823.5 1
8824.5 -1.2
8825.5 0
8826.5 0
8827.5 -1.2
8828.5 0
8829.5 0
8830.5 0
8831.5 -2.4
8832.5 1
8833.5 -1.2
8834.5 -1.2
8835.5 1
8836.5 -0.2
8837.5 1
8838.5 -0.2
8839.5 0
8840.5 1
8841.5 0
8842.5 -1.4
8843.5 -1.2
8844.5 1
8845.5 0
8846.5 1
8847.5 0
8848.5 0
8849.5 1
8850.5 0
8851.5 0
8852.5 0
8853.5 0
8854.5 -1.2
8855.5 -0.2
8856.5 0
8857.5 -1.2
8858.5 0
8859.5 0
8860.5 0
8861.5 0
8862.5 0
8863.5 1
8864.5 1
8865.5 3
8866.5 4
8867.5 -1.2
8868.5 0
8869.5 0
8870.5 -0.2
8871.5 0
8872.5 0
8873.5 0
8874.5 1
8875.5 1
8876.5 1
8877.5 0
8878.5 1
8879.5 0
8880.5 -1.4
8881.5 0
8882.5 1
8883.5 -0.2
8884.5 0
8885.5 0
8886.5 0
8887.5 -0.2
8888.5 0
8889.5 1
8890.5 -0.2
8891.5 1
8892.5 1
8893.5 0
8894.5 -0.2
8895.5 -0.2
8896.5 2
8897.5 0
8898.5 0
8899.5 0
8900.5 0
8901.5 -1.2
8902.5 0
8903.5 -1.2
8904.5 1
8905.5 0
8906.5 1
8907.5 -2.4
8908.5 1
8909.5 -0.2
8910.5 0
8911.5 -2.4
8912.5 0
8913.5 0
8914.5 0
8915.5 -1.2
8916.5 0
8917.5 0
8918.5 2
8919.5 -2.4
8920.5 1
8921.5 0
8922.5 -1.2
8923.5 -0.2
8924.5 1
8925.5 1
8926.5 0
8927.5 0
8928.5 -1.2
8929.5 0
8930.5 0
8931.5 1
8932.5 2
8933.5 0
8934.5 -0.2
8935.5 0
8936.5 -1.2
8937.5 1
8938.5 -2.4
8939.5 0
8940.5 -1.2
8941.5 -1.4
8942.5 1
8943.5 -1.2
8944.5 0
8945.5 1
8946.5 0
8947.5 -1.2
8948.5 1
8949.5 0
8950.5 -1.2
8951.5 -2.4
8952.5 -0.4
8953.5 0
8954.5 0
8955.5 -1.2
8956.5 -0.2
8957.5 0
8958.5 -1.2
8959.5 0
8960.5 -2.4
8961.5 0
8962.5 0
8963.5 1
8964.5 -1.2
8965.5 1
8966.5 -1.2
8967.5 1
8968.5 0
8969.5 0
8970.5 -1.2
8971.5 0
8972.5 0
8973.5 0
8974.5 0
8975.5 0
8976.5 0
8977.5 -1.2
8978.5 1
8979.5 0.8
8980.5 -1.2
8981.5 1
8982.5 0
8983.5 -1.2
8984.5 1
8985.5 1
8986.5 0
8987.5 0
8988.5 0
8989.5 0
8990.5 0
8991.5 0
8992.5 1
8993.5 -1.2
8994.5 0
8995.5 -1.2
8996.5 1
8997.5 -1.2
8998.5 0
8999.5 0
9000.5 1
9001.5 3
9002.5 0
9003.5 0
9004.5 0
9005.5 0
9006.5 1
9007.5 1
9008.5 -0.2
9009.5 0
9010.5 0
9011.5 0
9012.5 0
9013.5 1
9014.5 0
9015.5 0
9016.5 0
9017.5 -1.2
9018.5 0
9019.5 1
9020.5 0
9021.5 0
9022.5 0
9023.5 2
9024.5 0
9025.5 -1.2
9026.5 1
9027.5 0
9028.5 0
9029.5 -1.2
9030.5 0
9031.5 0
9032.5 -1.2
9033.5 0
9034.5 -1.4
9035.5 0
9036.5 0
9037.5 0
9038.5 0
9039.5 0
9040.5 1
9041.5 0
9042.5 0
9043.5 0
9044.5 0
9045.5 -2.4
9046.5 -1.2
9047.5 0
9048.5 -1.2
9049.5 1
9050.5 0
9051.5 -2.4
9052.5 -0.2
9053.5 0
9054.5 0
9055.5 0
9056.5 -1.2
9057.5 -1.2
9058.5 1
9059.5 0
9060.5 -0.2
9061.5 0
9062.5 0
9063.5 0
9064.5 0
9065.5 0
9066.5 -1.2
9067.5 0
9068.5 0
9069.5 0
9070.5 1
9071.5 0
9072.5 -1.2
9073.5 -1.2
9074.5 0
9075.5 -1.2
9076.5 0
9077.5 1
9078.5 0
9079.5 1
9080.5 -1.2
9081.5 -1.2
9082.5 0
9083.5 -1.2
9084.5 0
9085.5 1
9086.5 1
9087.5 0
9088.5 0
9089.5 0
9090.5 0
9091.5 0
9092.5 0
9093.5 0
9094.5 0
9095.5 0
9096.5 0
9097.5 1
9098.5 0
9099.5 0
9100.5 1
9101.5 1
9102.5 0
9103.5 0
9104.5 0
9105.5 0
9106.5 0
9107.5 0
9108.5 -1.2
9109.5 0
9110.5 -1.2
9111.5 -1.2
9112.5 -0.4
9113.5 -1.2
9114.5 -0.2
9115.5 0
9116.5 0
9117.5 0
9118.5 0
9119.5 0
9120.5 1
9121.5 -1.2
9122.5 0
9123.5 -2.4
9124.5 0
9125.5 0
9126.5 0
9127.5 0
9128.5 -1.2
9129.5 -1.2
9130.5 0
9131.5 -1.2
9132.5 0
9133.5 -1.2
9134.5 0
9135.5 0
9136.5 0
9137.5 0
9138.5 -1.2
9139.5 -1.2
9140.5 0
9141.5 0
9142.5 0
9143.5 -1.2
9144.5 -1.2
9145.5 -1.2
9146.5 -1.2
9147.5 0
9148.5 0
9149.5 -0.2
9150.5 0
9151.5 0
9152.5 0
9153.5 -1.2
9154.5 0
9155.5 0
9156.5 0
9157.5 0.8
9158.5 1
9159.5 -1.2
9160.5 0
9161.5 0
9162.5 -0.2
9163.5 0
9164.5 0
9165.5 1
9166.5 1
9167.5 0
9168.5 -1.2
9169.5 0
9170.5 0
9171.5 0
9172.5 0
9173.5 0
9174.5 -0.2
9175.5 -1.2
9176.5 0
9177.5 0
9178.5 -1.2
9179.5 0
9180.5 0
9181.5 0
9182.5 1
9183.5 0
9184.5 2
9185.5 -1.2
9186.5 1
9187.5 0
9188.5 0
9189.5 0
9190.5 0
9191.5 -1.2
9192.5 1
9193.5 1
9194.5 -0.2
9195.5 -1.2
9196.5 0
9197.5 0
9198.5 -2.4
9199.5 0
9200.5 -0.2
9201.5 1
9202.5 0
9203.5 0
9204.5 0
9205.5 0
9206.5 0
9207.5 0
9208.5 1
9209.5 0
9210.5 0
9211.5 1
9212.5 0
9213.5 0
9214.5 0
9215.5 -1.2
9216.5 -1.2
9217.5 0
9218.5 0
9219.5 0
9220.5 0
9221.5 0
9222.5 0
9223.5 0
9224.5 -1.2
9225.5 0
9226.5 0
9227.5 0
9228.5 1
9229.5 -1.2
9230.5 0
9231.5 0
9232.5 0
9233.5 -0.2
9234.5 1
9235.5 0
9236.5 0
9237.5 -1.2
9238.5 -1.2
9239.5 1
9240.5 2
9241.5 0
9242.5 0
9243.5 -0.2
9244.5 0
9245.5 0
9246.5 0
9247.5 0
9248.5 1
9249.5 0
9250.5 0
9251.5 -1.2
9252.5 0
9253.5 0
9254.5 0
9255.5 0
9256.5 0
9257.5 0
9258.5 0
9259.5 1
9260.5 0
9261.5 0
9262.5 0
9263.5 -1.2
9264.5 -1.2
9265.5 0
9266.5 0
9267.5 1
9268.5 -1.2
9269.5 1
9270.5 1
9271.5 0
9272.5 0
9273.5 -1.2
9274.5 0
9275.5 0
9276.5 0
9277.5 0
9278.5 0
9279.5 0
9280.5 0
9281.5 0
9282.5 0
9283.5 0
9284.5 1
9285.5 0
9286.5 1
9287.5 0
9288.5 1
9289.5 0
9290.5 -1.2
9291.5 0
9292.5 1
9293.5 0
9294.5 0
9295.5 0
9296.5 -1.2
9297.5 0
9298.5 0
9299.5 0
9300.5 0
9301.5 -0.2
9302.5 0
9303.5 0
9304.5 0
9305.5 0
9306.5 0
9307.5 1
9308.5 0
9309.5 0
9310.5 -1.2
9311.5 0
9312.5 0
9313.5 0
9314.5 -1.2
9315.5 0
9316.5 0
9317.5 0
9318.5 0
9319.5 0
9320.5 0
9321.5 0
9322.5 0
9323.5 0
9324.5 0
9325.5 0
9326.5 -1.2
9327.5 -1.2
9328.5 0
9329.5 0
9330.5 0
9331.5 -1.2
9332.5 -1.2
9333.5 0
9334.5 1
9335.5 1
9336.5 0
9337.5 2
9338.5 0
9339.5 0
9340.5 -1.2
9341.5 0
9342.5 0
9343.5 0
9344.5 0
9345.5 0
9346.5 0
9347.5 1
9348.5 1
9349.5 -1.2
9350.5 -1.2
9351.5 0
9352.5 0
9353.5 0
9354.5 1
9355.5 0
9356.5 0
9357.5 1
9358.5 0
9359.5 0
9360.5 0
9361.5 -1.2
9362.5 0
9363.5 2
9364.5 0
9365.5 0
9366.5 0
9367.5 0
9368.5 0
9369.5 0
9370.5 0
9371.5 0
9372.5 0
9373.5 0
9374.5 0
9375.5 -1.2
9376.5 0
9377.5 1
9378.5 -1.2
9379.5 0
9380.5 0
9381.5 -1.2
9382.5 0
9383.5 1
9384.5 0
9385.5 0
9386.5 0
9387.5 2
9388.5 -1.2
9389.5 0
9390.5 0
9391.5 0
9392.5 1
9393.5 0
9394.5 -1.2
9395.5 0
9396.5 -1.2
9397.5 -1.2
9398.5 -1.2
9399.5 0
9400.5 0
9401.5 0
9402.5 -1.2
9403.5 0
9404.5 1
9405.5 0
9406.5 0
9407.5 1
9408.5 1
9409.5 0
9410.5 0
9411.5 1
9412.5 0
9413.5 -1.2
9414.5 0
9415.5 0
9416.5 1
9417.5 0
9418.5 -1.2
9419.5 -0.2
9420.5 0
9421.5 0
9422.5 0
9423.5 0
9424.5 0
9425.5 0
9426.5 0
9427.5 0
9428.5 0
9429.5 0
9430.5 0
9431.5 0
9432.5 0
9433.5 0
9434.5 1
9435.5 1
9436.5 0
9437.5 0
9438.5 0
9439.5 -1.2
9440.5 -1.2
9441.5 0
9442.5 1
9443.5 0
9444.5 0
9445.5 -1.2
9446.5 -1.2
9447.5 0
9448.5 -1.2
9449.5 1
9450.5 0
9451.5 0
9452.5 -1.2
9453.5 0
9454.5 0
9455.5 0
9456.5 0
9457.5 0
9458.5 0
9459.5 0
9460.5 -1.2
9461.5 0
9462.5 -1.2
9463.5 0
9464.5 0
9465.5 -1.2
9466.5 -1.2
9467.5 0
9468.5 2
9469.5 1
9470.5 0
9471.5 0
9472.5 1
9473.5 0
9474.5 0
9475.5 -1.2
9476.5 0
9477.5 0
9478.5 0
9479.5 0
9480.5 0
9481.5 0.8
9482.5 -1.2
9483.5 -2.4
9484.5 0
9485.5 1
9486.5 0
9487.5 0
9488.5 -1.2
9489.5 0
9490.5 0
9491.5 0
9492.5 0
9493.5 -1.2
9494.5 0
9495.5 0
9496.5 0
9497.5 0
9498.5 -1.2
9499.5 1
9500.5 0
9501.5 0
9502.5 1
9503.5 0
9504.5 0
9505.5 0
9506.5 0
9507.5 0
9508.5 0
9509.5 0
9510.5 0
9511.5 0
9512.5 0
9513.5 0
9514.5 0
9515.5 0
9516.5 1
9517.5 0
9518.5 -0.2
9519.5 0
9520.5 0
9521.5 0
9522.5 0
9523.5 0
9524.5 0
9525.5 0
9526.5 0
9527.5 0
9528.5 0
9529.5 -1.2
9530.5 0
9531.5 -1.2
9532.5 0
9533.5 0
9534.5 0
9535.5 0
9536.5 0
9537.5 0
9538.5 0
9539.5 0
9540.5 0
9541.5 -1.2
9542.5 0
9543.5 0
9544.5 0
9545.5 0
9546.5 0
9547.5 0
9548.5 0
9549.5 0
9550.5 0
9551.5 0
9552.5 0
9553.5 0
9554.5 0
9555.5 0
9556.5 0
9557.5 0
9558.5 0
9559.5 0
9560.5 0
9561.5 2
9562.5 1
9563.5 0
9564.5 1
9565.5 0
9566.5 0
9567.5 0
9568.5 0
9569.5 0
9570.5 0
9571.5 0
9572.5 -1.2
9573.5 0
9574.5 0
9575.5 -1.2
9576.5 0
9577.5 1
9578.5 0
9579.5 0
9580.5 0
9581.5 0
9582.5 0
9583.5 0
9584.5 0
9585.5 1
9586.5 0
9587.5 1
9588.5 0
9589.5 0
9590.5 0
9591.5 0
9592.5 0
9593.5 -1.2
9594.5 0
9595.5 0
9596.5 0
9597.5 0
9598.5 0
9599.5 0
9600.5 0
9601.5 1
9602.5 -1.2
9603.5 0
9604.5 0
9605.5 0
9606.5 0
9607.5 0
9608.5 0
9609.5 0
9610.5 0
9611.5 1
9612.5 0
9613.5 0
9614.5 -1.2
9615.5 0
9616.5 0
9617.5 0
9618.5 0
9619.5 0
9620.5 0
9621.5 -1.2
9622.5 0
9623.5 0
9624.5 0
9625.5 0
9626.5 0
9627.5 1
9628.5 0
9629.5 0
9630.5 0
9631.5 0
9632.5 -1.2
9633.5 0
9634.5 0
9635.5 0
9636.5 0
9637.5 1
9638.5 0
9639.5 0
9640.5 0
9641.5 0
9642.5 0
9643.5 2
9644.5 1
9645.5 0
9646.5 0
9647.5 0
9648.5 0
9649.5 0
9650.5 1
9651.5 -1.2
9652.5 0
9653.5 0
9654.5 0
9655.5 0
9656.5 0
9657.5 0
9658.5 1
9659.5 0
9660.5 0
9661.5 0
9662.5 0
9663.5 0
9664.5 0
9665.5 0
9666.5 0
9667.5 0
9668.5 0
9669.5 1
9670.5 0
9671.5 0
9672.5 0
9673.5 0
9674.5 0
9675.5 1
9676.5 0
9677.5 0
9678.5 1
9679.5 0
9680.5 0
9681.5 0
9682.5 0
9683.5 0
9684.5 1
9685.5 -1.2
9686.5 0
9687.5 0
9688.5 0
9689.5 0
9690.5 0
9691.5 0
9692.5 3
9693.5 1
9694.5 0
9695.5 0
9696.5 0
9697.5 0
9698.5 0
9699.5 0
9700.5 0
9701.5 -1.2
9702.5 0
9703.5 0
9704.5 0
9705.5 0
9706.5 0
9707.5 -2.4
9708.5 1
9709.5 -1.2
9710.5 0
9711.5 0
9712.5 0
9713.5 1
9714.5 0
9715.5 0
9716.5 1
9717.5 0
9718.5 0
9719.5 0
9720.5 2
9721.5 -1.2
9722.5 1
9723.5 0
9724.5 -1.2
9725.5 0
9726.5 0
9727.5 0
9728.5 -1.2
9729.5 0
9730.5 0
9731.5 1
9732.5 0
9733.5 0
9734.5 -1.2
9735.5 0
9736.5 1
9737.5 0
9738.5 0
9739.5 0
9740.5 0
9741.5 0
9742.5 0
9743.5 0
9744.5 0
9745.5 0
9746.5 0
9747.5 0
9748.5 0
9749.5 0
9750.5 0
9751.5 0
9752.5 0
9753.5 0
9754.5 0
9755.5 0
9756.5 0
9757.5 0
9758.5 0
9759.5 0
9760.5 1
9761.5 0
9762.5 0
9763.5 0
9764.5 0
9765.5 0
9766.5 -0.2
9767.5 0
9768.5 0
9769.5 1
9770.5 0
9771.5 0
9772.5 0
9773.5 0
9774.5 0
9775.5 1
9776.5 0
9777.5 -1.2
9778.5 0
9779.5 0
9780.5 1
9781.5 -1.2
9782.5 0
9783.5 0
9784.5 0
9785.5 0
9786.5 0
9787.5 0
9788.5 0
9789.5 0
9790.5 0
9791.5 0
9792.5 0
9793.5 0
9794.5 0
9795.5 0
9796.5 0
9797.5 0
9798.5 0
9799.5 0
9800.5 0
9801.5 0
9802.5 0
9803.5 0
9804.5 0
9805.5 0
9806.5 0
9807.5 0
9808.5 0
9809.5 0
9810.5 0
9811.5 0
9812.5 -1.2
9813.5 -1.2
9814.5 0
9815.5 0
9816.5 0
9817.5 0
9818.5 0
9819.5 0
9820.5 0
9821.5 0
9822.5 0
9823.5 0
9824.5 0
9825.5 0
9826.5 0
9827.5 -1.2
9828.5 0
9829.5 0
9830.5 0
9831.5 0
9832.5 0
9833.5 0
9834.5 0
9835.5 0
9836.5 0
9837.5 0
9838.5 0
9839.5 0
9840.5 0
9841.5 0
9842.5 -1.2
9843.5 0
9844.5 0
9845.5 0
9846.5 0
9847.5 0
9848.5 0
9849.5 0
9850.5 0
9851.5 0
9852.5 0
9853.5 1
9854.5 0
9855.5 0
9856.5 0
9857.5 1
9858.5 0
9859.5 1
9860.5 0
9861.5 0
9862.5 1
9863.5 1
9864.5 -1.2
9865.5 0
9866.5 0
9867.5 0
9868.5 0
9869.5 0
9870.5 0
9871.5 0
9872.5 0
9873.5 0
9874.5 0
9875.5 0
9876.5 0
9877.5 0
9878.5 0
9879.5 1
9880.5 1
9881.5 0
9882.5 0
9883.5 0
9884.5 0
9885.5 0
9886.5 0
9887.5 0
9888.5 0
9889.5 0
9890.5 0
9891.5 0
9892.5 0
9893.5 0
9894.5 0
9895.5 0
9896.5 0
9897.5 0
9898.5 0
9899.5 0
9900.5 0
9901.5 0
9902.5 1
9903.5 0
9904.5 0
9905.5 0
9906.5 0
9907.5 0
9908.5 0
9909.5 0
9910.5 0
9911.5 0
9912.5 0
9913.5 0
9914.5 -1.2
9915.5 0
9916.5 0
9917.5 0
9918.5 0
9919.5 0
9920.5 -1.2
9921.5 0
9922.5 0
9923.5 0
9924.5 1
9925.5 0
9926.5 0
9927.5 0
9928.5 0
9929.5 0
9930.5 0
9931.5 0
9932.5 0
9933.5 0
9934.5 0
9935.5 0
9936.5 0
9937.5 0
9938.5 0
9939.5 0
9940.5 0
9941.5 0
9942.5 0
9943.5 0
9944.5 0
9945.5 0
9946.5 0
9947.5 0
9948.5 0
9949.5 0
9950.5 0
9951.5 0
9952.5 0
9953.5 0
9954.5 0
9955.5 0
9956.5 0
9957.5 0
9958.5 0
9959.5 0
9960.5 0
9961.5 0
9962.5 0
9963.5 0
9964.5 -1.2
9965.5 0
9966.5 0
9967.5 1
9968.5 0
9969.5 1
9970.5 0
9971.5 0
9972.5 1
9973.5 0
9974.5 0
9975.5 0
9976.5 0
9977.5 0
9978.5 0
9979.5 0
9980.5 0
9981.5 0
9982.5 0
9983.5 0
9984.5 0
9985.5 0
9986.5 0
9987.5 0
9988.5 0
9989.5 0
9990.5 -1.2
9991.5 0
9992.5 1
9993.5 -0.2
9994.5 0
9995.5 0
9996.5 -1.2
9997.5 0
9998.5 0
9999.5 0
10000.5 0
10001.5 0
10002.5 0
10003.5 0
10004.5 0
10005.5 0
10006.5 0
10007.5 0
10008.5 0
10009.5 0
10010.5 -1.2
10011.5 0
10012.5 0
10013.5 0
10014.5 0
10015.5 0
10016.5 1
10017.5 0
10018.5 0
10019.5 1
10020.5 0
10021.5 0
10022.5 0
10023.5 -2.4
10024.5 0
10025.5 0
10026.5 0
10027.5 0
10028.5 0
10029.5 0
10030.5 0
10031.5 1
10032.5 0
10033.5 0
10034.5 0
10035.5 0
10036.5 0
10037.5 0
10038.5 0
10039.5 0
10040.5 0
10041.5 0
10042.5 0
10043.5 0
10044.5 0
10045.5 0
10046.5 0
10047.5 0
10048.5 0
10049.5 0
10050.5 0
10051.5 0
10052.5 0
10053.5 0
10054.5 0
10055.5 0
10056.5 0
10057.5 0
10058.5 0
10059.5 0
10060.5 0
10061.5 0
10062.5 0
10063.5 0
10064.5 0
10065.5 0
10066.5 0
10067.5 0
10068.5 0
10069.5 0
10070.5 0
10071.5 0
10072.5 0
10073.5 0
10074.5 0
10075.5 0
10076.5 0
10077.5 0
10078.5 0
10079.5 0
10080.5 0
10081.5 0
10082.5 0
10083.5 1
10084.5 0
10085.5 0
10086.5 0
10087.5 0
10088.5 0
10089.5 0
10090.5 0
10091.5 0
10092.5 0
10093.5 0
10094.5 0
10095.5 0
10096.5 0
10097.5 0
10098.5 0
10099.5 0
10100.5 0
10101.5 0
10102.5 0
10103.5 0
10104.5 0
10105.5 0
10106.5 0
10107.5 0
10108.5 0
10109.5 0
10110.5 0
10111.5 0
10112.5 0
10113.5 0
10114.5 0
10115.5 0
10116.5 0
10117.5 0
10118.5 0
10119.5 -1.2
10120.5 0
10121.5 0
10122.5 1
10123.5 0
10124.5 0
10125.5 0
10126.5 0
10127.5 0
10128.5 0
10129.5 0
10130.5 1
10131.5 0
10132.5 0
10133.5 0
10134.5 0
10135.5 0
10136.5 -1.2
10137.5 0
10138.5 0
10139.5 0
10140.5 0
10141.5 0
10142.5 0
10143.5 0
10144.5 0
10145.5 0
10146.5 0
10147.5 0
10148.5 0
10149.5 0
10150.5 0
10151.5 0
10152.5 -1.2
10153.5 0
10154.5 0
10155.5 0
10156.5 0
10157.5 0
10158.5 0
10159.5 0
10160.5 0
10161.5 0
10162.5 0
10163.5 0
10164.5 0
10165.5 0
10166.5 0
10167.5 0
10168.5 0
10169.5 0
10170.5 0
10171.5 0
10172.5 0
10173.5 0
10174.5 0
10175.5 0
10176.5 0
10177.5 0
10178.5 1
10179.5 0
10180.5 0
10181.5 0
10182.5 0
10183.5 0
10184.5 0
10185.5 0
10186.5 0
10187.5 0
10188.5 0
10189.5 0
10190.5 0
10191.5 0
10192.5 0
10193.5 0
10194.5 0
10195.5 0
10196.5 -1.2
10197.5 1
10198.5 -1.2
10199.5 0
10200.5 0
10201.5 0
10202.5 0
10203.5 0
10204.5 -1.2
10205.5 0
10206.5 1
10207.5 1
10208.5 0
10209.5 0
10210.5 0
10211.5 0
10212.5 0
10213.5 -1.2
10214.5 0
10215.5 0
10216.5 0
10217.5 0
10218.5 0
10219.5 0
10220.5 0
10221.5 0
10222.5 0
10223.5 0
10224.5 0
10225.5 0
10226.5 0
10227.5 0
10228.5 0
10229.5 0
10230.5 0
10231.5 0
10232.5 0
10233.5 0
10234.5 1
10235.5 0
10236.5 0
10237.5 0
10238.5 1
10239.5 0
10240.5 -1.2
10241.5 0
10242.5 0
10243.5 0
10244.5 0
10245.5 0
10246.5 0
10247.5 1
10248.5 0
10249.5 0
10250.5 0
10251.5 0
10252.5 0
10253.5 0
10254.5 0
10255.5 0
10256.5 0
10257.5 0
10258.5 0
10259.5 0
10260.5 0
10261.5 0
10262.5 0
10263.5 0
10264.5 0
10265.5 0
10266.5 0
10267.5 0
10268.5 0
10269.5 0
10270.5 0
10271.5 0
10272.5 0
10273.5 0
10274.5 0
10275.5 0
10276.5 0
10277.5 0
10278.5 0
10279.5 0
10280.5 0
10281.5 0
10282.5 0
10283.5 0
10284.5 -1.2
10285.5 0
10286.5 0
10287.5 0
10288.5 0
10289.5 0
10290.5 0
10291.5 0
10292.5 0
10293.5 0
10294.5 0
10295.5 0
10296.5 0
10297.5 0
10298.5 0
10299.5 0
10300.5 0
10301.5 0
10302.5 0
10303.5 0
10304.5 0
10305.5 0
10306.5 0
10307.5 0
10308.5 0
10309.5 0
10310.5 0
10311.5 0
10312.5 0
10313.5 0
10314.5 0
10315.5 0
10316.5 0
10317.5 0
10318.5 0
10319.5 0
10320.5 0
10321.5 0
10322.5 0
10323.5 0
10324.5 0
10325.5 0
10326.5 0
10327.5 0
10328.5 0
10329.5 0
10330.5 0
10331.5 0
10332.5 0
10333.5 0
10334.5 0
10335.5 0
10336.5 0
10337.5 0
10338.5 0
10339.5 0
10340.5 0
10341.5 0
10342.5 1
10343.5 0
10344.5 0
10345.5 0
10346.5 1
10347.5 0
10348.5 0
10349.5 0
10350.5 0
10351.5 0
10352.5 0
10353.5 1
10354.5 0
10355.5 0
10356.5 0
10357.5 0
10358.5 0
10359.5 0
10360.5 0
10361.5 0
10362.5 0
10363.5 0
10364.5 0
10365.5 0
10366.5 0
10367.5 0
10368.5 0
10369.5 0
10370.5 0
10371.5 0
10372.5 0
10373.5 0
10374.5 0
10375.5 0
10376.5 0
10377.5 0
10378.5 0
10379.5 0
10380.5 0
10381.5 1
10382.5 0
10383.5 0
10384.5 0
10385.5 0
10386.5 0
10387.5 0
10388.5 0
10389.5 0
10390.5 0
10391.5 0
10392.5 0
10393.5 0
10394.5 0
10395.5 0
10396.5 0
10397.5 0
10398.5 0
10399.5 0
10400.5 1
10401.5 0
10402.5 0
10403.5 0
10404.5 0
10405.5 0
10406.5 0
10407.5 0
10408.5 0
10409.5 0
10410.5 0
10411.5 0
10412.5 0
10413.5 0
10414.5 0
10415.5 0
10416.5 0
10417.5 0
10418.5 0
10419.5 0
10420.5 0
10421.5 0
10422.5 0
10423.5 0
10424.5 0
10425.5 0
10426.5 0
10427.5 0
10428.5 0
10429.5 0
10430.5 0
10431.5 0
10432.5 0
10433.5 0
10434.5 0
10435.5 0
10436.5 0
10437.5 0
10438.5 0
10439.5 0
10440.5 0
10441.5 0
10442.5 0
10443.5 0
10444.5 0
10445.5 0
10446.5 0
10447.5 0
10448.5 0
10449.5 0
10450.5 0
10451.5 0
10452.5 0
10453.5 0
10454.5 0
10455.5 -1.2
10456.5 0
10457.5 0
10458.5 0
10459.5 0
10460.5 0
10461.5 0
10462.5 0
10463.5 0
10464.5 0
10465.5 0
10466.5 0
10467.5 0
10468.5 0
10469.5 0
10470.5 0
10471.5 0
10472.5 0
10473.5 0
10474.5 0
10475.5 0
10476.5 0
10477.5 0
10478.5 0
10479.5 0
10480.5 0
10481.5 0
10482.5 0
10483.5 0
10484.5 -1.2
10485.5 0
10486.5 0
10487.5 0
10488.5 0
10489.5 0
10490.5 0
10491.5 0
10492.5 0
10493.5 0
10494.5 0
10495.5 0
10496.5 0
10497.5 0
10498.5 0
10499.5 0
10500.5 0
10501.5 0
10502.5 0
10503.5 0
10504.5 0
10505.5 0
10506.5 0
10507.5 0
10508.5 0
10509.5 0
10510.5 0
10511.5 0
10512.5 0
10513.5 0
10514.5 0
10515.5 0
10516.5 0
10517.5 0
10518.5 0
10519.5 0
10520.5 0
10521.5 0
10522.5 0
10523.5 0
10524.5 0
10525.5 0
10526.5 0
10527.5 0
10528.5 0
10529.5 0
10530.5 1
10531.5 0
10532.5 0
10533.5 0
10534.5 0
10535.5 0
10536.5 0
10537.5 0
10538.5 0
10539.5 0
10540.5 0
10541.5 0
10542.5 0
10543.5 0
10544.5 0
10545.5 0
10546.5 0
10547.5 0
10548.5 0
10549.5 0
10550.5 0
10551.5 0
10552.5 0
10553.5 0
10554.5 1
10555.5 0
10556.5 0
10557.5 0
10558.5 0
10559.5 0
10560.5 0
10561.5 0
10562.5 0
10563.5 0
10564.5 0
10565.5 0
10566.5 0
10567.5 0
10568.5 0
10569.5 0
10570.5 0
10571.5 0
10572.5 1
10573.5 0
10574.5 0
10575.5 0
10576.5 0
10577.5 0
10578.5 1
10579.5 0
10580.5 0
10581.5 0
10582.5 0
10583.5 0
10584.5 0
10585.5 0
10586.5 1
10587.5 0
10588.5 0
10589.5 0
10590.5 0
10591.5 0
10592.5 1
10593.5 0
10594.5 0
10595.5 0
10596.5 0
10597.5 0
10598.5 0
10599.5 0
10600.5 0
10601.5 0
10602.5 0
10603.5 0
10604.5 0
10605.5 0
10606.5 0
10607.5 0
10608.5 0
10609.5 0
10610.5 0
10611.5 0
10612.5 0
10613.5 0
10614.5 0
10615.5 0
10616.5 0
10617.5 0
10618.5 0
10619.5 0
10620.5 0
10621.5 0
10622.5 1
10623.5 0
10624.5 0
10625.5 0
10626.5 0
10627.5 0
10628.5 0
10629.5 0
10630.5 0
10631.5 0
10632.5 0
10633.5 0
10634.5 0
10635.5 0
10636.5 0
10637.5 0
10638.5 0
10639.5 0
10640.5 0
10641.5 0
10642.5 0
10643.5 0
10644.5 0
10645.5 0
10646.5 0
10647.5 0
10648.5 0
10649.5 0
10650.5 0
10651.5 0
10652.5 0
10653.5 0
10654.5 0
10655.5 1
10656.5 0
10657.5 0
10658.5 0
10659.5 0
10660.5 0
10661.5 0
10662.5 0
10663.5 0
10664.5 0
10665.5 0
10666.5 0
10667.5 1
10668.5 0
10669.5 0
10670.5 0
10671.5 0
10672.5 0
10673.5 0
10674.5 0
10675.5 0
10676.5 0
10677.5 0
10678.5 0
10679.5 0
10680.5 0
10681.5 0
10682.5 0
10683.5 0
10684.5 0
10685.5 0
10686.5 0
10687.5 0
10688.5 0
10689.5 0
10690.5 0
10691.5 0
10692.5 0
10693.5 0
10694.5 0
10695.5 0
10696.5 0
10697.5 0
10698.5 0
10699.5 0
10700.5 0
10701.5 0
10702.5 0
10703.5 0
10704.5 0
10705.5 0
10706.5 0
10707.5 0
10708.5 0
10709.5 0
10710.5 0
10711.5 0
10712.5 0
10713.5 0
10714.5 0
10715.5 0
10716.5 0
10717.5 0
10718.5 0
10719.5 0
10720.5 0
10721.5 0
10722.5 0
10723.5 0
10724.5 0
10725.5 0
10726.5 0
10727.5 0
10728.5 0
10729.5 -1.2
10730.5 0
10731.5 0
10732.5 0
10733.5 0
10734.5 0
10735.5 0
10736.5 0
10737.5 0
10738.5 0
10739.5 0
10740.5 0
10741.5 0
10742.5 0
10743.5 0
10744.5 0
10745.5 0
10746.5 0
10747.5 0
10748.5 0
10749.5 0
10750.5 0
10751.5 0
10752.5 -1.2
10753.5 0
10754.5 0
10755.5 0
10756.5 0
10757.5 0
10758.5 0
10759.5 0
10760.5 0
10761.5 0
10762.5 0
10763.5 0
10764.5 0
10765.5 0
10766.5 0
10767.5 0
10768.5 0
10769.5 0
10770.5 0
10771.5 0
10772.5 0
10773.5 0
10774.5 0
10775.5 0
10776.5 0
10777.5 0
10778.5 0
10779.5 0
10780.5 0
10781.5 0
10782.5 0
10783.5 0
10784.5 0
10785.5 0
10786.5 0
10787.5 0
10788.5 0
10789.5 0
10790.5 0
10791.5 1
10792.5 0
10793.5 0
10794.5 0
10795.5 0
10796.5 0
10797.5 0
10798.5 0
10799.5 0
10800.5 -1.2
10801.5 0
10802.5 0
10803.5 0
10804.5 0
10805.5 0
10806.5 0
10807.5 0
10808.5 0
10809.5 0
10810.5 0
10811.5 0
10812.5 0
10813.5 0
10814.5 0
10815.5 0
10816.5 0
10817.5 0
10818.5 0
10819.5 0
10820.5 0
10821.5 0
10822.5 0
10823.5 0
10824.5 0
10825.5 0
10826.5 -1.2
10827.5 0
10828.5 0
10829.5 0
10830.5 0
10831.5 0
10832.5 0
10833.5 0
10834.5 0
10835.5 0
10836.5 0
10837.5 0
10838.5 1
10839.5 0
10840.5 0
10841.5 0
10842.5 0
10843.5 0
10844.5 0
10845.5 0
10846.5 0
10847.5 0
10848.5 0
10849.5 0
10850.5 0
10851.5 0
10852.5 0
10853.5 0
10854.5 0
10855.5 0
10856.5 0
10857.5 0
10858.5 0
10859.5 0
10860.5 0
10861.5 0
10862.5 0
10863.5 0
10864.5 0
10865.5 0
10866.5 0
10867.5 0
10868.5 0
10869.5 0
10870.5 0
10871.5 0
10872.5 0
10873.5 0
10874.5 0
10875.5 0
10876.5 0
10877.5 0
10878.5 0
10879.5 0
10880.5 -1.2
10881.5 0
10882.5 0
10883.5 0
10884.5 0
10885.5 0
10886.5 0
10887.5 0
10888.5 0
10889.5 0
10890.5 0
10891.5 -1.2
10892.5 0
10893.5 0
10894.5 0
10895.5 0
10896.5 0
10897.5 0
10898.5 0
10899.5 0
10900.5 0
10901.5 0
10902.5 0
10903.5 0
10904.5 0
10905.5 0
10906.5 0
10907.5 0
10908.5 0
10909.5 0
10910.5 0
10911.5 0
10912.5 0
10913.5 0
10914.5 0
10915.5 0
10916.5 0
10917.5 0
10918.5 0
10919.5 0
10920.5 0
10921.5 0
10922.5 0
10923.5 0
10924.5 0
10925.5 0
10926.5 0
10927.5 0
10928.5 0
10929.5 0
10930.5 0
10931.5 0
10932.5 0
10933.5 0
10934.5 0
10935.5 0
10936.5 0
10937.5 0
10938.5 0
10939.5 0
10940.5 0
10941.5 0
10942.5 0
10943.5 0
10944.5 0
10945.5 0
10946.5 0
10947.5 0
10948.5 0
10949.5 0
10950.5 0
10951.5 0
10952.5 0
10953.5 0
10954.5 0
10955.5 0
10956.5 0
10957.5 0
10958.5 0
10959.5 0
10960.5 0
10961.5 0
10962.5 0
10963.5 0
10964.5 0
10965.5 0
10966.5 0
10967.5 0
10968.5 0
10969.5 0
10970.5 0
10971.5 0
10972.5 0
10973.5 0
10974.5 0
10975.5 0
10976.5 0
10977.5 0
10978.5 1
10979.5 0
10980.5 0
10981.5 0
10982.5 0
10983.5 0
10984.5 0
10985.5 0
10986.5 0
10987.5 0
10988.5 0
10989.5 0
10990.5 0
10991.5 0
10992.5 0
10993.5 0
10994.5 0
10995.5 0
10996.5 0
10997.5 0
10998.5 0
10999.5 0
11000.5 0
11001.5 1
11002.5 0
11003.5 0
11004.5 0
11005.5 0
11006.5 0
11007.5 0
11008.5 0
11009.5 0
11010.5 0
11011.5 0
11012.5 0
11013.5 0
11014.5 0
11015.5 0
11016.5 0
11017.5 0
11018.5 0
11019.5 0
11020.5 0
11021.5 0
11022.5 0
11023.5 0
11024.5 0
11025.5 0
11026.5 0
11027.5 0
11028.5 0
11029.5 0
11030.5 0
11031.5 0
11032.5 0
11033.5 0
11034.5 0
11035.5 0
11036.5 0
11037.5 1
11038.5 0
11039.5 0
11040.5 0
11041.5 0
11042.5 0
11043.5 0
11044.5 0
11045.5 0
11046.5 0
11047.5 0
11048.5 0
11049.5 0
11050.5 0
11051.5 0
11052.5 0
11053.5 0
11054.5 0
11055.5 0
11056.5 0
11057.5 0
11058.5 0
11059.5 0
11060.5 0
11061.5 0
11062.5 0
11063.5 0
11064.5 0
11065.5 0
11066.5 0
11067.5 0
11068.5 0
11069.5 0
11070.5 0
11071.5 0
11072.5 0
11073.5 0
11074.5 0
11075.5 0
11076.5 0
11077.5 0
11078.5 0
11079.5 0
11080.5 0
11081.5 0
11082.5 0
11083.5 0
11084.5 0
11085.5 0
11086.5 0
11087.5 0
11088.5 0
11089.5 0
11090.5 0
11091.5 0
11092.5 0
11093.5 0
11094.5 0
11095.5 0
11096.5 0
11097.5 0
11098.5 0
11099.5 0
11100.5 0
11101.5 0
11102.5 0
11103.5 0
11104.5 0
11105.5 0
11106.5 0
11107.5 0
11108.5 0
11109.5 0
11110.5 0
11111.5 0
11112.5 0
11113.5 -1.2
11114.5 0
11115.5 0
11116.5 0
11117.5 0
11118.5 0
11119.5 0
11120.5 0
11121.5 0
11122.5 0
11123.5 0
11124.5 0
11125.5 0
11126.5 0
11127.5 0
11128.5 0
11129.5 0
11130.5 0
11131.5 0
11132.5 0
11133.5 0
11134.5 0
11135.5 -1.2
11136.5 0
11137.5 0
11138.5 0
11139.5 0
11140.5 0
11141.5 0
11142.5 0
11143.5 0
11144.5 0
11145.5 0
11146.5 0
11147.5 0
11148.5 0
11149.5 0
11150.5 0
11151.5 0
11152.5 0
11153.5 0
11154.5 0
11155.5 0
11156.5 0
11157.5 0
11158.5 0
11159.5 0
11160.5 0
11161.5 0
11162.5 0
11163.5 0
11164.5 0
11165.5 0
11166.5 0
11167.5 0
11168.5 0
11169.5 0
11170.5 0
11171.5 0
11172.5 0
11173.5 0
11174.5 0
11175.5 0
11176.5 0
11177.5 0
11178.5 0
11179.5 0
11180.5 0
11181.5 0
11182.5 0
11183.5 0
11184.5 0
11185.5 0
11186.5 0
11187.5 0
11188.5 0
11189.5 0
11190.5 0
11191.5 0
11192.5 0
11193.5 0
11194.5 0
11195.5 0
11196.5 0
11197.5 0
11198.5 0
11199.5 0
11200.5 0
11201.5 0
11202.5 0
11203.5 0
11204.5 0
11205.5 0
11206.5 0
11207.5 0
11208.5 0
11209.5 0
11210.5 0
11211.5 0
11212.5 0
11213.5 0
11214.5 0
11215.5 0
11216.5 0
11217.5 0
11218.5 0
11219.5 0
11220.5 0
11221.5 0
11222.5 0
11223.5 0
11224.5 0
11225.5 0
11226.5 0
11227.5 0
11228.5 0
11229.5 0
11230.5 0
11231.5 0
11232.5 0
11233.5 0
11234.5 0
11235.5 0
11236.5 0
11237.5 0
11238.5 0
11239.5 0
11240.5 0
11241.5 0
11242.5 0
11243.5 0
11244.5 0
11245.5 0
11246.5 0
11247.5 0
11248.5 0
11249.5 0
11250.5 0
11251.5 0
11252.5 0
11253.5 0
11254.5 0
11255.5 0
11256.5 0
11257.5 0
11258.5 0
11259.5 0
11260.5 0
11261.5 0
11262.5 0
11263.5 0
11264.5 0
11265.5 0
11266.5 -1.2
11267.5 0
11268.5 -1.2
11269.5 0
11270.5 0
11271.5 0
11272.5 0
11273.5 0
11274.5 0
11275.5 0
11276.5 0
11277.5 0
11278.5 0
11279.5 0
11280.5 0
11281.5 0
11282.5 0
11283.5 0
11284.5 0
11285.5 0
11286.5 0
11287.5 0
11288.5 0
11289.5 0
11290.5 0
11291.5 0
11292.5 0
11293.5 0
11294.5 0
11295.5 0
11296.5 0
11297.5 0
11298.5 0
11299.5 0
11300.5 0
11301.5 0
11302.5 0
11303.5 0
11304.5 0
11305.5 0
11306.5 0
11307.5 0
11308.5 0
11309.5 0
11310.5 0
11311.5 0
11312.5 0
11313.5 0
11314.5 0
11315.5 0
11316.5 0
11317.5 0
11318.5 0
11319.5 0
11320.5 0
11321.5 0
11322.5 0
11323.5 0
11324.5 0
11325.5 0
11326.5 0
11327.5 0
11328.5 0
11329.5 0
11330.5 0
11331.5 0
11332.5 0
11333.5 0
11334.5 0
11335.5 1
11336.5 0
11337.5 0
11338.5 0
11339.5 0
11340.5 0
11341.5 0
11342.5 0
11343.5 0
11344.5 0
11345.5 0
11346.5 0
11347.5 0
11348.5 0
11349.5 0
11350.5 0
11351.5 0
11352.5 0
11353.5 0
11354.5 0
11355.5 0
11356.5 0
11357.5 0
11358.5 0
11359.5 0
11360.5 0
11361.5 0
11362.5 -1.2
11363.5 0
11364.5 0
11365.5 0
11366.5 0
11367.5 0
11368.5 0
11369.5 0
11370.5 0
11371.5 0
11372.5 0
11373.5 0
11374.5 0
11375.5 0
11376.5 0
11377.5 0
11378.5 0
11379.5 0
11380.5 0
11381.5 0
11382.5 0
11383.5 0
11384.5 0
11385.5 0
11386.5 0
11387.5 0
11388.5 -1.2
11389.5 0
11390.5 0
11391.5 0
11392.5 0
11393.5 0
11394.5 1
11395.5 0
11396.5 0
11397.5 0
11398.5 0
11399.5 0
11400.5 0
11401.5 0
11402.5 0
11403.5 0
11404.5 0
11405.5 0
11406.5 0
11407.5 0
11408.5 0
11409.5 0
11410.5 0
11411.5 0
11412.5 0
11413.5 0
11414.5 0
11415.5 0
11416.5 0
11417.5 0
11418.5 0
11419.5 0
11420.5 0
11421.5 0
11422.5 0
11423.5 0
11424.5 0
11425.5 0
11426.5 0
11427.5 0
11428.5 0
11429.5 0
11430.5 0
11431.5 0
11432.5 -1.2
11433.5 0
11434.5 0
11435.5 0
11436.5 0
11437.5 0
11438.5 0
11439.5 0
11440.5 0
11441.5 0
11442.5 0
11443.5 0
11444.5 0
11445.5 0
11446.5 0
11447.5 0
11448.5 0
11449.5 0
11450.5 0
11451.5 0
11452.5 0
11453.5 0
11454.5 0
11455.5 0
11456.5 0
11457.5 0
11458.5 0
11459.5 0
11460.5 0
11461.5 1
11462.5 0
11463.5 0
11464.5 0
11465.5 0
11466.5 0
11467.5 0
11468.5 0
11469.5 0
11470.5 0
11471.5 -1.2
11472.5 0
11473.5 0
11474.5 0
11475.5 0
11476.5 0
11477.5 0
11478.5 0
11479.5 0
11480.5 0
11481.5 0
11482.5 0
11483.5 0
11484.5 0
11485.5 0
11486.5 0
11487.5 0
11488.5 0
11489.5 0
11490.5 -1.2
11491.5 0
11492.5 0
11493.5 0
11494.5 -1.2
11495.5 0
11496.5 0
11497.5 0
11498.5 0
11499.5 0
11500.5 0
11501.5 0
11502.5 0
11503.5 0
11504.5 0
11505.5 0
11506.5 0
11507.5 0
11508.5 0
11509.5 0
11510.5 0
11511.5 0
11512.5 0
11513.5 0
11514.5 0
11515.5 0
11516.5 0
11517.5 0
11518.5 0
11519.5 0
11520.5 0
11521.5 0
11522.5 0
11523.5 0
11524.5 0
11525.5 0
11526.5 0
11527.5 0
11528.5 0
11529.5 0
11530.5 0
11531.5 0
11532.5 0
11533.5 0
11534.5 0
11535.5 0
11536.5 0
11537.5 0
11538.5 0
11539.5 0
11540.5 0
11541.5 0
11542.5 0
11543.5 0
11544.5 0
11545.5 0
11546.5 0
11547.5 0
11548.5 0
11549.5 0
11550.5 0
11551.5 0
11552.5 0
11553.5 0
11554.5 0
11555.5 0
11556.5 0
11557.5 0
11558.5 0
11559.5 0
11560.5 0
11561.5 0
11562.5 0
11563.5 0
11564.5 0
11565.5 0
11566.5 0
11567.5 0
11568.5 0
11569.5 0
11570.5 0
11571.5 0
11572.5 0
11573.5 0
11574.5 0
11575.5 0
11576.5 1
11577.5 0
11578.5 0
11579.5 0
11580.5 0
11581.5 0
11582.5 0
11583.5 0
11584.5 0
11585.5 0
11586.5 0
11587.5 0
11588.5 0
11589.5 0
11590.5 0
11591.5 0
11592.5 0
11593.5 0
11594.5 0
11595.5 0
11596.5 0
11597.5 0
11598.5 0
11599.5 0
11600.5 0
11601.5 0
11602.5 0
11603.5 0
11604.5 0
11605.5 0
11606.5 0
11607.5 0
11608.5 0
11609.5 0
11610.5 0
11611.5 0
11612.5 0
11613.5 0
11614.5 0
11615.5 0
11616.5 0
11617.5 0
11618.5 0
11619.5 0
11620.5 0
11621.5 0
11622.5 0
11623.5 1
11624.5 0
11625.5 0
11626.5 0
11627.5 0
11628.5 0
11629.5 0
11630.5 0
11631.5 0
11632.5 0
11633.5 0
11634.5 0
11635.5 0
11636.5 0
11637.5 0
11638.5 0
11639.5 1
11640.5 0
11641.5 0
11642.5 0
11643.5 0
11644.5 0
11645.5 0
11646.5 0
11647.5 0
11648.5 0
11649.5 0
11650.5 0
11651.5 0
11652.5 0
11653.5 0
11654.5 0
11655.5 0
11656.5 0
11657.5 0
11658.5 0
11659.5 0
11660.5 0
11661.5 0
11662.5 0
11663.5 0
11664.5 0
11665.5 0
11666.5 0
11667.5 0
11668.5 0
11669.5 0
11670.5 0
11671.5 0
11672.5 0
11673.5 0
11674.5 0
11675.5 0
11676.5 0
11677.5 0
11678.5 0
11679.5 0
11680.5 0
11681.5 0
11682.5 0
11683.5 0
11684.5 0
11685.5 0
11686.5 0
11687.5 0
11688.5 0
11689.5 0
11690.5 0
11691.5 0
11692.5 0
11693.5 0
11694.5 0
11695.5 0
11696.5 0
11697.5 0
11698.5 0
11699.5 0
11700.5 0
11701.5 0
11702.5 0
11703.5 0
11704.5 0
11705.5 0
11706.5 0
11707.5 -1.2
11708.5 0
11709.5 0
11710.5 0
11711.5 0
11712.5 0
11713.5 0
11714.5 0
11715.5 0
11716.5 0
11717.5 0
11718.5 0
11719.5 0
11720.5 0
11721.5 0
11722.5 0
11723.5 0
11724.5 0
11725.5 0
11726.5 0
11727.5 0
11728.5 0
11729.5 0
11730.5 0
11731.5 0
11732.5 0
11733.5 0
11734.5 0
11735.5 0
11736.5 0
11737.5 0
11738.5 0
11739.5 0
11740.5 0
11741.5 0
11742.5 0
11743.5 0
11744.5 0
11745.5 0
11746.5 0
11747.5 0
11748.5 0
11749.5 0
11750.5 0
11751.5 0
11752.5 0
11753.5 0
11754.5 0
11755.5 0
11756.5 0
11757.5 0
11758.5 0
11759.5 0
11760.5 0
11761.5 0
11762.5 0
11763.5 0
11764.5 0
11765.5 0
11766.5 0
11767.5 0
11768.5 0
11769.5 0
11770.5 0
11771.5 0
11772.5 0
11773.5 0
11774.5 0
11775.5 0
11776.5 0
11777.5 0
11778.5 0
11779.5 0
11780.5 0
11781.5 0
11782.5 0
11783.5 0
11784.5 0
11785.5 0
11786.5 1
11787.5 0
11788.5 -1.2
11789.5 0
11790.5 0
11791.5 0
11792.5 0
11793.5 0
11794.5 0
11795.5 0
11796.5 0
11797.5 0
11798.5 0
11799.5 0
11800.5 0
11801.5 0
11802.5 0
11803.5 0
11804.5 0
11805.5 0
11806.5 0
11807.5 0
11808.5 0
11809.5 0
11810.5 0
11811.5 0
11812.5 0
11813.5 0
11814.5 0
11815.5 0
11816.5 0
11817.5 0
11818.5 0
11819.5 0
11820.5 0
11821.5 0
11822.5 0
11823.5 0
11824.5 0
11825.5 0
11826.5 0
11827.5 0
11828.5 0
11829.5 0
11830.5 0
11831.5 0
11832.5 0
11833.5 0
11834.5 0
11835.5 0
11836.5 0
11837.5 0
11838.5 0
11839.5 0
11840.5 0
11841.5 0
11842.5 0
11843.5 0
11844.5 0
11845.5 0
11846.5 0
11847.5 0
11848.5 0
11849.5 0
11850.5 0
11851.5 0
11852.5 0
11853.5 0
11854.5 0
11855.5 0
11856.5 0
11857.5 0
11858.5 0
11859.5 0
11860.5 0
11861.5 0
11862.5 0
11863.5 0
11864.5 0
11865.5 0
11866.5 0
11867.5 0
11868.5 0
11869.5 0
11870.5 0
11871.5 0
11872.5 0
11873.5 0
11874.5 0
11875.5 0
11876.5 0
11877.5 0
11878.5 0
11879.5 0
11880.5 0
11881.5 0
11882.5 0
11883.5 0
11884.5 0
11885.5 0
11886.5 0
11887.5 0
11888.5 0
11889.5 0
11890.5 0
11891.5 0
11892.5 0
11893.5 0
11894.5 0
11895.5 0
11896.5 0
11897.5 0
11898.5 0
11899.5 0
11900.5 0
11901.5 0
11902.5 0
11903.5 0
11904.5 0
11905.5 0
11906.5 0
11907.5 0
11908.5 0
11909.5 0
11910.5 0
11911.5 0
11912.5 0
11913.5 0
11914.5 0
11915.5 0
11916.5 0
11917.5 0
11918.5 0
11919.5 0
11920.5 0
11921.5 0
11922.5 0
11923.5 0
11924.5 0
11925.5 0
11926.5 0
11927.5 0
11928.5 0
11929.5 0
11930.5 0
11931.5 0
11932.5 0
11933.5 0
11934.5 0
11935.5 0
11936.5 0
11937.5 0
11938.5 0
11939.5 -1.2
11940.5 0
11941.5 0
11942.5 0
11943.5 0
11944.5 0
11945.5 0
11946.5 0
11947.5 0
11948.5 0
11949.5 0
11950.5 0
11951.5 0
11952.5 0
11953.5 0
11954.5 0
11955.5 0
11956.5 0
11957.5 0
11958.5 0
11959.5 0
11960.5 0
11961.5 0
11962.5 0
11963.5 0
11964.5 0
11965.5 0
11966.5 0
11967.5 0
11968.5 0
11969.5 0
11970.5 0
11971.5 0
11972.5 0
11973.5 0
11974.5 0
11975.5 0
11976.5 0
11977.5 0
11978.5 0
11979.5 0
11980.5 0
11981.5 0
11982.5 0
11983.5 0
11984.5 -1.2
11985.5 0
11986.5 0
11987.5 0
11988.5 0
11989.5 0
11990.5 0
11991.5 0
11992.5 0
11993.5 0
11994.5 0
11995.5 0
11996.5 0
11997.5 0
11998.5 0
11999.5 0
