# EGG_ProjY_E3515.0(3.0)_B3502.5(1.5)_B3550.0(2.0)
# X axis : Energy (keV) [Y axis]
# Y axis : Counts/1 keV
# N Bins : 12000
# X Min : 0
# X Max : 12000
# X value at the center of the bins
0.5 0
1.5 0
2.5 0
3.5 0
4.5 0
5.5 3.57143
6.5 -0.285715
7.5 -4.71429
8.5 11
9.5 15.8571
10.5 -1
11.5 12.4286
12.5 15.2857
13.5 13
14.5 11.8571
15.5 31.8571
16.5 42.8571
17.5 64.4286
18.5 11.4286
19.5 26.2857
20.5 -15
21.5 39.5714
22.5 45.5714
23.5 54.7143
24.5 143
25.5 112.857
26.5 94.5714
27.5 123.714
28.5 85
29.5 206.571
30.5 161.429
31.5 214.143
32.5 286.429
33.5 263.571
34.5 225.143
35.5 244.714
36.5 223.571
37.5 302.286
38.5 260.429
39.5 194.286
40.5 296.571
41.5 236.286
42.5 244.286
43.5 303.857
44.5 283.143
45.5 339.286
46.5 295.286
47.5 401.286
48.5 252.143
49.5 249.571
50.5 311.571
51.5 238.714
52.5 221.143
53.5 204.286
54.5 279.286
55.5 276.143
56.5 334.857
57.5 433.714
58.5 425.857
59.5 396.143
60.5 372
61.5 295.857
62.5 317.857
63.5 302.286
64.5 282.857
65.5 261.571
66.5 236.857
67.5 439.286
68.5 339.286
69.5 340.286
70.5 418.429
71.5 351.286
72.5 323.714
73.5 545
74.5 596.571
75.5 675.571
76.5 657.286
77.5 877.143
78.5 563.429
79.5 315.714
80.5 316.571
81.5 355.714
82.5 325
83.5 292.571
84.5 398.857
85.5 456.429
86.5 438.571
87.5 479
88.5 522.857
89.5 399.143
90.5 390.714
91.5 401.571
92.5 375.857
93.5 340.571
94.5 355.571
95.5 367.714
96.5 219.571
97.5 350.571
98.5 257.429
99.5 300.571
100.5 369.429
101.5 415.143
102.5 323
103.5 432.286
104.5 470.429
105.5 425.571
106.5 399
107.5 415.429
108.5 356.571
109.5 355.286
110.5 297
111.5 347.286
112.5 485.714
113.5 354.286
114.5 373.143
115.5 347.571
116.5 334.143
117.5 519
118.5 299
119.5 274.857
120.5 362.571
121.5 380.714
122.5 316.714
123.5 377.571
124.5 482.429
125.5 410
126.5 400.571
127.5 423.571
128.5 429
129.5 430
130.5 595.286
131.5 501.571
132.5 489
133.5 447.429
134.5 346.143
135.5 448.143
136.5 386.286
137.5 541
138.5 489.571
139.5 438.714
140.5 455.714
141.5 433.571
142.5 278.857
143.5 450.286
144.5 453.571
145.5 395.714
146.5 398.429
147.5 523.286
148.5 326.429
149.5 491
150.5 472
151.5 475.143
152.5 468.714
153.5 446.571
154.5 443.286
155.5 503.714
156.5 431.286
157.5 436.429
158.5 479.571
159.5 379.429
160.5 503
161.5 599
162.5 425.571
163.5 427.571
164.5 463.429
165.5 501
166.5 565.429
167.5 444.143
168.5 493.571
169.5 425.571
170.5 443.714
171.5 283.286
172.5 414.714
173.5 277.857
174.5 137.429
175.5 235.143
176.5 446.429
177.5 369.571
178.5 638
179.5 575.857
180.5 521.857
181.5 686.857
182.5 761.286
183.5 552
184.5 617.286
185.5 577.143
186.5 545.143
187.5 629.143
188.5 538.857
189.5 643.143
190.5 476.143
191.5 567.714
192.5 484.143
193.5 553.714
194.5 447.571
195.5 411
196.5 310.714
197.5 514.143
198.5 345.286
199.5 466
200.5 461
201.5 538.714
202.5 568.429
203.5 444
204.5 495.571
205.5 579.571
206.5 455
207.5 534.429
208.5 648.429
209.5 578.714
210.5 600.143
211.5 576.143
212.5 685.571
213.5 511.714
214.5 575
215.5 706
216.5 509.857
217.5 611.714
218.5 511.571
219.5 706.143
220.5 638.429
221.5 692.571
222.5 525.143
223.5 627.286
224.5 595.143
225.5 528.143
226.5 665.286
227.5 770.143
228.5 646.857
229.5 713.714
230.5 809.714
231.5 831.286
232.5 800.286
233.5 775.571
234.5 775.143
235.5 659.714
236.5 656.286
237.5 633.429
238.5 687.143
239.5 565.429
240.5 487.571
241.5 552.571
242.5 488.714
243.5 418.429
244.5 464.286
245.5 346.571
246.5 414
247.5 497.429
248.5 674.714
249.5 426.143
250.5 459.714
251.5 364.429
252.5 591.143
253.5 444.143
254.5 459.429
255.5 400.286
256.5 207.714
257.5 554
258.5 364
259.5 394.857
260.5 608.571
261.5 434.857
262.5 486.286
263.5 611.714
264.5 487.286
265.5 476.429
266.5 516.857
267.5 511
268.5 508.857
269.5 476.286
270.5 450
271.5 459.714
272.5 515.429
273.5 532
274.5 480.143
275.5 431.143
276.5 349
277.5 313.429
278.5 359.857
279.5 468.571
280.5 604.429
281.5 393.571
282.5 378.143
283.5 394.429
284.5 418
285.5 524.571
286.5 445
287.5 528.143
288.5 525.714
289.5 538.714
290.5 477.286
291.5 461.286
292.5 560.143
293.5 459.571
294.5 540.286
295.5 389
296.5 475.857
297.5 379.286
298.5 287.714
299.5 437
300.5 431.286
301.5 363.429
302.5 257.429
303.5 363.571
304.5 328.143
305.5 360.857
306.5 473.857
307.5 332.571
308.5 386.857
309.5 423.429
310.5 346
311.5 346.429
312.5 337
313.5 397
314.5 403.143
315.5 369.143
316.5 370.857
317.5 408.143
318.5 334.714
319.5 301
320.5 290.857
321.5 348.143
322.5 271.714
323.5 292.429
324.5 343.429
325.5 332.571
326.5 248.714
327.5 403.286
328.5 431
329.5 419.857
330.5 390.571
331.5 511.286
332.5 437.286
333.5 430.571
334.5 414
335.5 403.286
336.5 369.571
337.5 401.286
338.5 379.286
339.5 325.714
340.5 399.143
341.5 502
342.5 427.571
343.5 462.571
344.5 451.286
345.5 378
346.5 527.714
347.5 426
348.5 474.429
349.5 473.143
350.5 458.429
351.5 424.857
352.5 453
353.5 398.714
354.5 390
355.5 410.429
356.5 383.571
357.5 245.286
358.5 420.143
359.5 400.571
360.5 375.143
361.5 405.571
362.5 384.857
363.5 428.143
364.5 249.714
365.5 277.429
366.5 245.714
367.5 304.143
368.5 264.143
369.5 282
370.5 352.143
371.5 257.571
372.5 238.571
373.5 299.143
374.5 272.286
375.5 349.857
376.5 320.429
377.5 349.857
378.5 358.714
379.5 322.143
380.5 309.429
381.5 411.714
382.5 337.143
383.5 390.714
384.5 503.857
385.5 299.571
386.5 356.714
387.5 434.143
388.5 392.429
389.5 406.429
390.5 422.286
391.5 380.571
392.5 369.143
393.5 263.429
394.5 234
395.5 211
396.5 212.429
397.5 186.571
398.5 265.857
399.5 209.714
400.5 264.857
401.5 342.143
402.5 736.286
403.5 2131.43
404.5 2153.43
405.5 886.857
406.5 440.714
407.5 317.571
408.5 377.857
409.5 272.286
410.5 324.143
411.5 362.571
412.5 282.857
413.5 274.286
414.5 280.857
415.5 212.714
416.5 248.571
417.5 262.143
418.5 195
419.5 214.429
420.5 107
421.5 227.571
422.5 105.714
423.5 236.571
424.5 133.857
425.5 197.286
426.5 310.571
427.5 311.571
428.5 423.143
429.5 394.143
430.5 376.143
431.5 374.429
432.5 347.714
433.5 382.143
434.5 384.857
435.5 364.571
436.5 424
437.5 366.857
438.5 334.429
439.5 401.714
440.5 348.571
441.5 348.286
442.5 317.286
443.5 384.571
444.5 347.571
445.5 319.286
446.5 353.429
447.5 226
448.5 358.571
449.5 311
450.5 360
451.5 314
452.5 311.286
453.5 409.286
454.5 545.857
455.5 505.714
456.5 586.429
457.5 538.286
458.5 564.714
459.5 412.429
460.5 384.429
461.5 405.429
462.5 276.429
463.5 332.286
464.5 308.429
465.5 250.857
466.5 243.429
467.5 234.571
468.5 192.429
469.5 189.429
470.5 166.857
471.5 225.571
472.5 225
473.5 213.143
474.5 304.429
475.5 259.286
476.5 269.857
477.5 331.286
478.5 286
479.5 256.143
480.5 275.857
481.5 293
482.5 260.286
483.5 204.286
484.5 275
485.5 223.714
486.5 181.429
487.5 256.429
488.5 272.857
489.5 246.143
490.5 206
491.5 239.286
492.5 242.429
493.5 245.857
494.5 243
495.5 237.857
496.5 288
497.5 305.857
498.5 319.286
499.5 232.857
500.5 333
501.5 186
502.5 216
503.5 154.286
504.5 335.857
505.5 257.571
506.5 405.571
507.5 360.571
508.5 725.286
509.5 1203.57
510.5 1722.71
511.5 1831.57
512.5 1002
513.5 665.571
514.5 281.571
515.5 236.429
516.5 266.571
517.5 253.571
518.5 187.857
519.5 248.143
520.5 326.286
521.5 220.571
522.5 235
523.5 221.143
524.5 259
525.5 291.429
526.5 203.143
527.5 278
528.5 268.143
529.5 254
530.5 293.857
531.5 189
532.5 178
533.5 275.143
534.5 250.714
535.5 238.286
536.5 266.143
537.5 207.143
538.5 242.571
539.5 232.143
540.5 186.857
541.5 258.714
542.5 241
543.5 265.429
544.5 246.286
545.5 164.286
546.5 271.571
547.5 266.571
548.5 284
549.5 157.857
550.5 246.143
551.5 195.714
552.5 211.286
553.5 270.857
554.5 190.286
555.5 220.571
556.5 279.714
557.5 257
558.5 307.143
559.5 224.286
560.5 232.429
561.5 215.429
562.5 254.714
563.5 164.571
564.5 257.429
565.5 244.143
566.5 219.286
567.5 203.571
568.5 261
569.5 193.857
570.5 273.571
571.5 210.857
572.5 235
573.5 174.857
574.5 174.429
575.5 238
576.5 194.286
577.5 222.286
578.5 176.286
579.5 182.143
580.5 208.571
581.5 229.714
582.5 173.714
583.5 185.429
584.5 186
585.5 239.143
586.5 250.143
587.5 254.143
588.5 233.429
589.5 248.286
590.5 304.429
591.5 245.714
592.5 247.143
593.5 163.857
594.5 230.857
595.5 209.571
596.5 308.857
597.5 214.857
598.5 182.143
599.5 209.143
600.5 249.857
601.5 244.571
602.5 256.429
603.5 166.571
604.5 265.143
605.5 260
606.5 296.429
607.5 252
608.5 269.714
609.5 256.143
610.5 260.286
611.5 292.429
612.5 177.429
613.5 166.857
614.5 225.714
615.5 212.143
616.5 126.571
617.5 231.286
618.5 288.571
619.5 243
620.5 183.429
621.5 217.857
622.5 178.714
623.5 204.143
624.5 256.857
625.5 217.286
626.5 320.571
627.5 927.429
628.5 1681.14
629.5 1138.86
630.5 454
631.5 219.857
632.5 181.143
633.5 271.286
634.5 219.286
635.5 325.429
636.5 375.571
637.5 498.286
638.5 350.571
639.5 223.286
640.5 213.714
641.5 201.143
642.5 252.714
643.5 220.143
644.5 235.286
645.5 253
646.5 242.429
647.5 275.429
648.5 301.143
649.5 755.714
650.5 1427.29
651.5 1195.71
652.5 562.571
653.5 317.857
654.5 269.143
655.5 193.714
656.5 166.429
657.5 147.857
658.5 203
659.5 159.429
660.5 172.429
661.5 161.286
662.5 155.857
663.5 264
664.5 239.286
665.5 195
666.5 176.286
667.5 116.571
668.5 172.714
669.5 216.286
670.5 203.143
671.5 231.429
672.5 166.714
673.5 216.429
674.5 186.143
675.5 201.857
676.5 186.857
677.5 131.857
678.5 287.286
679.5 189
680.5 211.714
681.5 180.857
682.5 160.286
683.5 252.286
684.5 229.714
685.5 265.714
686.5 306.714
687.5 202.857
688.5 246.429
689.5 283
690.5 194.714
691.5 323.143
692.5 279.714
693.5 257.714
694.5 211.286
695.5 259.429
696.5 213.571
697.5 243.714
698.5 264.429
699.5 230.286
700.5 190.857
701.5 221.143
702.5 150.571
703.5 197.286
704.5 234.286
705.5 243.714
706.5 218.286
707.5 209.857
708.5 210.143
709.5 223.286
710.5 195.286
711.5 194.571
712.5 151.286
713.5 212
714.5 216
715.5 227.286
716.5 159.571
717.5 156.286
718.5 171.571
719.5 208.714
720.5 231.286
721.5 207
722.5 192.714
723.5 240.286
724.5 220.429
725.5 263.143
726.5 264.143
727.5 242.857
728.5 181.857
729.5 296
730.5 197.286
731.5 234.571
732.5 190.429
733.5 229.143
734.5 195.714
735.5 163
736.5 232.714
737.5 249.571
738.5 248.714
739.5 246.286
740.5 200.571
741.5 279.571
742.5 240.143
743.5 265.714
744.5 195.286
745.5 199.429
746.5 177.571
747.5 200.143
748.5 247.714
749.5 290
750.5 221
751.5 206.857
752.5 231.286
753.5 188.429
754.5 248
755.5 207.571
756.5 214.286
757.5 228.714
758.5 286.571
759.5 707.714
760.5 1445.57
761.5 1779.29
762.5 879.143
763.5 382
764.5 235.429
765.5 191
766.5 233.143
767.5 201.429
768.5 207.857
769.5 176
770.5 197.714
771.5 225.857
772.5 228.571
773.5 160
774.5 230.714
775.5 251.429
776.5 165.571
777.5 230.286
778.5 279.571
779.5 167.857
780.5 231.286
781.5 283.429
782.5 263.286
783.5 208.143
784.5 232.429
785.5 262.714
786.5 299.571
787.5 219.143
788.5 204.286
789.5 206.714
790.5 217.571
791.5 203.286
792.5 223.429
793.5 242.286
794.5 259.714
795.5 158.143
796.5 203.286
797.5 222.286
798.5 199.143
799.5 160.286
800.5 240.286
801.5 234.571
802.5 306.429
803.5 243.571
804.5 229
805.5 245.143
806.5 290.286
807.5 353.571
808.5 271.714
809.5 215.143
810.5 221.143
811.5 262.571
812.5 224.714
813.5 239.857
814.5 191.571
815.5 188.286
816.5 229
817.5 209.286
818.5 183.857
819.5 214.857
820.5 239.714
821.5 315.286
822.5 233.857
823.5 240
824.5 275.286
825.5 219.429
826.5 253.714
827.5 213.857
828.5 216.571
829.5 186.571
830.5 163.143
831.5 244.857
832.5 187.857
833.5 215.714
834.5 234
835.5 260
836.5 226.286
837.5 209.857
838.5 226.429
839.5 219.857
840.5 231.143
841.5 195.571
842.5 264
843.5 169.857
844.5 222.143
845.5 202.286
846.5 246.286
847.5 270
848.5 209.143
849.5 196.571
850.5 227.857
851.5 276.429
852.5 277
853.5 262.857
854.5 221
855.5 164.286
856.5 216.429
857.5 265.857
858.5 264.286
859.5 236
860.5 285.429
861.5 241.143
862.5 244.286
863.5 281.857
864.5 218.286
865.5 237.714
866.5 272.714
867.5 679.143
868.5 1189.14
869.5 1301
870.5 845
871.5 343.429
872.5 321
873.5 245.571
874.5 244.714
875.5 313.714
876.5 331.429
877.5 372
878.5 499.286
879.5 390.571
880.5 251.857
881.5 207.714
882.5 171
883.5 279.286
884.5 203.286
885.5 224.857
886.5 308.286
887.5 254
888.5 287.429
889.5 250.286
890.5 263.143
891.5 271.143
892.5 294.286
893.5 274.571
894.5 360.429
895.5 240.857
896.5 276.286
897.5 174.286
898.5 300.143
899.5 266.714
900.5 311.143
901.5 312.429
902.5 255.143
903.5 223.286
904.5 235.857
905.5 279.143
906.5 230.714
907.5 267
908.5 283.571
909.5 239.857
910.5 304
911.5 327.857
912.5 283.857
913.5 280.857
914.5 314.143
915.5 194.714
916.5 253.571
917.5 307
918.5 285
919.5 328.714
920.5 263.571
921.5 218
922.5 268.857
923.5 318
924.5 269.143
925.5 198.286
926.5 214
927.5 302.857
928.5 215.143
929.5 260.143
930.5 243.143
931.5 276.143
932.5 259
933.5 232.571
934.5 230.429
935.5 254.714
936.5 299.143
937.5 290.571
938.5 315.286
939.5 322.143
940.5 294.286
941.5 356
942.5 315.714
943.5 258
944.5 229
945.5 255.857
946.5 233.571
947.5 221.143
948.5 217.714
949.5 179.143
950.5 194.286
951.5 228.571
952.5 138.286
953.5 225.857
954.5 176.714
955.5 205.714
956.5 168
957.5 183.143
958.5 181.714
959.5 120.143
960.5 202.286
961.5 121.429
962.5 247.714
963.5 188.571
964.5 158.429
965.5 164.571
966.5 148.714
967.5 195.429
968.5 219.286
969.5 243.143
970.5 298.857
971.5 215.429
972.5 166.857
973.5 135.571
974.5 177.286
975.5 287.286
976.5 190
977.5 203.857
978.5 160.286
979.5 181.143
980.5 148.286
981.5 211.714
982.5 124.143
983.5 207.857
984.5 161.429
985.5 167.429
986.5 148.857
987.5 248.286
988.5 224.571
989.5 221.143
990.5 175.571
991.5 147.429
992.5 150.714
993.5 170.286
994.5 136.571
995.5 182.429
996.5 220.429
997.5 151.857
998.5 195
999.5 420.429
1000.5 879.857
1001.5 1494.57
1002.5 1358
1003.5 666.714
1004.5 213.571
1005.5 126.571
1006.5 145.571
1007.5 149.571
1008.5 141.429
1009.5 157.429
1010.5 146.143
1011.5 129.571
1012.5 122.143
1013.5 137.429
1014.5 149.286
1015.5 219.714
1016.5 192.143
1017.5 205
1018.5 186.571
1019.5 133.286
1020.5 112.571
1021.5 155.571
1022.5 260
1023.5 466.429
1024.5 781.571
1025.5 642.571
1026.5 325.714
1027.5 166.429
1028.5 123.571
1029.5 92.7143
1030.5 140.857
1031.5 132.429
1032.5 117.714
1033.5 121.714
1034.5 126
1035.5 145
1036.5 189.857
1037.5 172.429
1038.5 131.143
1039.5 79.4286
1040.5 138
1041.5 97.1429
1042.5 157.286
1043.5 103.857
1044.5 139.286
1045.5 115.714
1046.5 71.1429
1047.5 164.286
1048.5 98.1429
1049.5 139.571
1050.5 180.143
1051.5 115.571
1052.5 109.143
1053.5 92.4286
1054.5 99.5714
1055.5 111.286
1056.5 112.714
1057.5 123.857
1058.5 94.5714
1059.5 114.429
1060.5 124.143
1061.5 135.143
1062.5 109.429
1063.5 70.1429
1064.5 88.8571
1065.5 96.7143
1066.5 157.571
1067.5 73.4286
1068.5 137.571
1069.5 92.2857
1070.5 133.429
1071.5 234.429
1072.5 624.857
1073.5 1294.57
1074.5 1314.14
1075.5 690.429
1076.5 230.429
1077.5 96.7143
1078.5 144.857
1079.5 108.286
1080.5 113
1081.5 90.7143
1082.5 78.2857
1083.5 114.429
1084.5 58.7143
1085.5 81
1086.5 104.714
1087.5 106.714
1088.5 138.286
1089.5 94.4286
1090.5 109.286
1091.5 94.7143
1092.5 187
1093.5 117.429
1094.5 127.143
1095.5 69.4286
1096.5 127.571
1097.5 107.286
1098.5 144.571
1099.5 46.5714
1100.5 135.286
1101.5 99.2857
1102.5 128.143
1103.5 154
1104.5 95.5714
1105.5 88
1106.5 136.571
1107.5 88
1108.5 101.286
1109.5 110.571
1110.5 113.857
1111.5 89.7143
1112.5 114.714
1113.5 78
1114.5 54.1429
1115.5 82.8571
1116.5 75
1117.5 126.857
1118.5 79.5714
1119.5 153.286
1120.5 58
1121.5 95.4286
1122.5 250.714
1123.5 891.571
1124.5 2690.29
1125.5 6263.29
1126.5 7139.14
1127.5 3351.43
1128.5 993.714
1129.5 225.143
1130.5 181.857
1131.5 112.143
1132.5 60.7143
1133.5 107.714
1134.5 55.2857
1135.5 112.571
1136.5 107.143
1137.5 90.4286
1138.5 89
1139.5 111.857
1140.5 96.2857
1141.5 88
1142.5 77.8571
1143.5 45
1144.5 83.2857
1145.5 70.8571
1146.5 31.7143
1147.5 43.8571
1148.5 151.143
1149.5 88.2857
1150.5 82.5714
1151.5 117.286
1152.5 130.571
1153.5 399.857
1154.5 1565
1155.5 5013.43
1156.5 11189
1157.5 11326.6
1158.5 4862.29
1159.5 1045
1160.5 211
1161.5 101.286
1162.5 76.2857
1163.5 77.4286
1164.5 85.5714
1165.5 55.4286
1166.5 78.7143
1167.5 75.5714
1168.5 11.1429
1169.5 87.4286
1170.5 65.7143
1171.5 57.2857
1172.5 57.7143
1173.5 74.8571
1174.5 59.1429
1175.5 39.7143
1176.5 59.7143
1177.5 68.5714
1178.5 21
1179.5 53.8571
1180.5 49.2857
1181.5 61
1182.5 74
1183.5 74.1429
1184.5 100.714
1185.5 89
1186.5 58.2857
1187.5 76.4286
1188.5 33.1429
1189.5 26.1429
1190.5 63.1429
1191.5 71.4286
1192.5 58.7143
1193.5 80.4286
1194.5 25.1429
1195.5 55.1429
1196.5 76.4286
1197.5 72.7143
1198.5 65
1199.5 97.1429
1200.5 42.7143
1201.5 75.4286
1202.5 24.4286
1203.5 41.2857
1204.5 52.5714
1205.5 73.7143
1206.5 86.1429
1207.5 85.8571
1208.5 82.7143
1209.5 60.2857
1210.5 88.1429
1211.5 36.2857
1212.5 51.8571
1213.5 48.1429
1214.5 56
1215.5 38.4286
1216.5 63.5714
1217.5 67.4286
1218.5 37.5714
1219.5 100.857
1220.5 59.4286
1221.5 61.5714
1222.5 36.1429
1223.5 20.5714
1224.5 44.4286
1225.5 75.4286
1226.5 62.2857
1227.5 88.2857
1228.5 75
1229.5 56.2857
1230.5 57.2857
1231.5 104
1232.5 51.7143
1233.5 73
1234.5 82.7143
1235.5 66.8571
1236.5 73.4286
1237.5 77.4286
1238.5 31.8571
1239.5 36.8571
1240.5 72.7143
1241.5 38.4286
1242.5 33.1429
1243.5 37.7143
1244.5 67.8571
1245.5 58
1246.5 50.2857
1247.5 77.1429
1248.5 56.2857
1249.5 48.8571
1250.5 59.5714
1251.5 85
1252.5 1.71428
1253.5 64.5714
1254.5 24.7143
1255.5 46.4286
1256.5 43.7143
1257.5 54
1258.5 49.4286
1259.5 37
1260.5 82.2857
1261.5 50.2857
1262.5 81
1263.5 73.2857
1264.5 43.2857
1265.5 75.4286
1266.5 73.7143
1267.5 42.4286
1268.5 49.1429
1269.5 51
1270.5 57.1429
1271.5 36.4286
1272.5 78.4286
1273.5 56.2857
1274.5 74
1275.5 72
1276.5 28.7143
1277.5 43.1429
1278.5 37.7143
1279.5 80.1429
1280.5 78.7143
1281.5 49.8571
1282.5 58.7143
1283.5 41.8571
1284.5 60.5714
1285.5 48
1286.5 42.5714
1287.5 55.8571
1288.5 50.5714
1289.5 32
1290.5 48.8571
1291.5 56.7143
1292.5 70.7143
1293.5 86.4286
1294.5 56.1429
1295.5 35.8571
1296.5 70.2857
1297.5 56.2857
1298.5 63.8571
1299.5 44.7143
1300.5 42.7143
1301.5 25.8571
1302.5 36
1303.5 47.2857
1304.5 33.8571
1305.5 60.4286
1306.5 26.4286
1307.5 19
1308.5 42.4286
1309.5 61.2857
1310.5 23.4286
1311.5 28.2857
1312.5 54.2857
1313.5 76
1314.5 47.7143
1315.5 51.7143
1316.5 82.2857
1317.5 57
1318.5 41.7143
1319.5 33.2857
1320.5 66.1429
1321.5 24.1429
1322.5 66.4286
1323.5 54.5714
1324.5 56.7143
1325.5 50.8571
1326.5 72
1327.5 37.5714
1328.5 58.1429
1329.5 84.7143
1330.5 97
1331.5 89.2857
1332.5 61.7143
1333.5 48.4286
1334.5 40.1429
1335.5 43.7143
1336.5 65.1429
1337.5 26
1338.5 51
1339.5 44.2857
1340.5 61.4286
1341.5 33.1429
1342.5 53.5714
1343.5 40.8571
1344.5 51.7143
1345.5 37.8571
1346.5 67.7143
1347.5 23.5714
1348.5 74.2857
1349.5 66.4286
1350.5 21.7143
1351.5 36.1429
1352.5 31.8571
1353.5 64.2857
1354.5 26.8571
1355.5 73.7143
1356.5 44.1429
1357.5 48
1358.5 69.1429
1359.5 35.4286
1360.5 51.4286
1361.5 72.1429
1362.5 73.5714
1363.5 94.2857
1364.5 60.5714
1365.5 44.4286
1366.5 59.7143
1367.5 71.1429
1368.5 75.4286
1369.5 74.1429
1370.5 43.2857
1371.5 75.2857
1372.5 50.7143
1373.5 57
1374.5 101.143
1375.5 83.1429
1376.5 73.7143
1377.5 39.5714
1378.5 54.8571
1379.5 85.5714
1380.5 69.5714
1381.5 39.1429
1382.5 11.2857
1383.5 48.7143
1384.5 31.8571
1385.5 62.1429
1386.5 34.4286
1387.5 39.8571
1388.5 20.2857
1389.5 6.28571
1390.5 13.8571
1391.5 59.4286
1392.5 44.8571
1393.5 49.4286
1394.5 31
1395.5 68.2857
1396.5 30.4286
1397.5 72.2857
1398.5 45.1429
1399.5 55.5714
1400.5 58.1429
1401.5 61.1429
1402.5 65.7143
1403.5 69.5714
1404.5 49.8571
1405.5 57.5714
1406.5 31.8571
1407.5 51.8571
1408.5 32.1429
1409.5 19.2857
1410.5 56.8571
1411.5 57.4286
1412.5 45
1413.5 34
1414.5 43.8571
1415.5 44
1416.5 23.2857
1417.5 31
1418.5 70.7143
1419.5 53.7143
1420.5 56
1421.5 52.5714
1422.5 37.1429
1423.5 56.2857
1424.5 58.1429
1425.5 65.4286
1426.5 156
1427.5 345.857
1428.5 554
1429.5 428.571
1430.5 149.143
1431.5 66.2857
1432.5 69.7143
1433.5 44.8571
1434.5 55.7143
1435.5 17.1429
1436.5 16.4286
1437.5 22
1438.5 -2
1439.5 36.2857
1440.5 41.5714
1441.5 43.4286
1442.5 52.7143
1443.5 49.2857
1444.5 44.1429
1445.5 55.8571
1446.5 57.7143
1447.5 25.8571
1448.5 57.4286
1449.5 42
1450.5 35.4286
1451.5 75.1429
1452.5 85.4286
1453.5 41.7143
1454.5 51
1455.5 68.5714
1456.5 54.8571
1457.5 56.4286
1458.5 28.2857
1459.5 40.2857
1460.5 40.4286
1461.5 45
1462.5 58.7143
1463.5 98.2857
1464.5 75.5714
1465.5 48
1466.5 66.1429
1467.5 46.2857
1468.5 50.5714
1469.5 56.2857
1470.5 67.8571
1471.5 26
1472.5 45.1429
1473.5 106.143
1474.5 131.857
1475.5 50.2857
1476.5 69.8571
1477.5 35
1478.5 39.5714
1479.5 74
1480.5 66.7143
1481.5 84.5714
1482.5 59
1483.5 70.7143
1484.5 37.4286
1485.5 14.5714
1486.5 37.5714
1487.5 59.4286
1488.5 42.8571
1489.5 95.5714
1490.5 22.7143
1491.5 53.8571
1492.5 58.5714
1493.5 31.8571
1494.5 5.28571
1495.5 55.2857
1496.5 49.4286
1497.5 132.571
1498.5 316
1499.5 380.571
1500.5 285
1501.5 50.2857
1502.5 62
1503.5 40.2857
1504.5 39.7143
1505.5 60.7143
1506.5 65.5714
1507.5 70
1508.5 24.8571
1509.5 11.8571
1510.5 18.4286
1511.5 47.8571
1512.5 57.2857
1513.5 30.4286
1514.5 44.7143
1515.5 70.8571
1516.5 32
1517.5 63.8571
1518.5 74.5714
1519.5 31.8571
1520.5 52.7143
1521.5 54.4286
1522.5 50
1523.5 84.1429
1524.5 72.5714
1525.5 30.1429
1526.5 41.2857
1527.5 42.4286
1528.5 77.8571
1529.5 44.7143
1530.5 88
1531.5 31
1532.5 62.8571
1533.5 95.4286
1534.5 31.4286
1535.5 51.2857
1536.5 46.4286
1537.5 58.7143
1538.5 68.2857
1539.5 104.143
1540.5 82.2857
1541.5 46.8571
1542.5 71.8571
1543.5 73.7143
1544.5 66.8571
1545.5 25.8571
1546.5 59.2857
1547.5 13.8571
1548.5 45.7143
1549.5 54.5714
1550.5 57
1551.5 78.8571
1552.5 56.7143
1553.5 75.1429
1554.5 16.5714
1555.5 56
1556.5 15
1557.5 50.8571
1558.5 70
1559.5 58.1429
1560.5 63
1561.5 27
1562.5 56.7143
1563.5 56.5714
1564.5 65.4286
1565.5 68.8571
1566.5 53.8571
1567.5 62.4286
1568.5 44.7143
1569.5 40.2857
1570.5 74
1571.5 74.4286
1572.5 62.1429
1573.5 48.8571
1574.5 35.7143
1575.5 56
1576.5 107.143
1577.5 79.8571
1578.5 53.1429
1579.5 37.4286
1580.5 46.2857
1581.5 42.4286
1582.5 52.5714
1583.5 36.7143
1584.5 44.1429
1585.5 31.7143
1586.5 12.8571
1587.5 57.8571
1588.5 65.1429
1589.5 48.7143
1590.5 49.4286
1591.5 74.7143
1592.5 54.2857
1593.5 15.2857
1594.5 61.4286
1595.5 37.8571
1596.5 44.5714
1597.5 51.5714
1598.5 49.7143
1599.5 61.7143
1600.5 20.4286
1601.5 45.8571
1602.5 53
1603.5 70.5714
1604.5 50.2857
1605.5 64.7143
1606.5 18
1607.5 32.4286
1608.5 15.4286
1609.5 68.7143
1610.5 58.8571
1611.5 49.7143
1612.5 43.8571
1613.5 56.8571
1614.5 30
1615.5 74.8571
1616.5 47.4286
1617.5 65
1618.5 90.1429
1619.5 69
1620.5 84.8571
1621.5 81.1429
1622.5 81.1429
1623.5 70.7143
1624.5 53.1429
1625.5 70.7143
1626.5 74.8571
1627.5 57.4286
1628.5 77.1429
1629.5 86.8571
1630.5 105.571
1631.5 112
1632.5 84.8571
1633.5 38.1429
1634.5 66.1429
1635.5 51
1636.5 25.7143
1637.5 65.2857
1638.5 115.143
1639.5 109.857
1640.5 115.143
1641.5 110.571
1642.5 92.1429
1643.5 68.1429
1644.5 111.571
1645.5 75
1646.5 136
1647.5 199.143
1648.5 172.143
1649.5 136
1650.5 63.8571
1651.5 79.2857
1652.5 49.2857
1653.5 45.7143
1654.5 7.85714
1655.5 53.1429
1656.5 32.4286
1657.5 46.7143
1658.5 36.1429
1659.5 41.5714
1660.5 52.4286
1661.5 40.5714
1662.5 52.8571
1663.5 59.8571
1664.5 64
1665.5 33.5714
1666.5 66.4286
1667.5 52.7143
1668.5 43.4286
1669.5 24.4286
1670.5 65.1429
1671.5 41.4286
1672.5 51.5714
1673.5 79
1674.5 83.2857
1675.5 102.571
1676.5 148.857
1677.5 93.4286
1678.5 69.2857
1679.5 50.2857
1680.5 82.5714
1681.5 34.8571
1682.5 52.5714
1683.5 59.4286
1684.5 60.7143
1685.5 57.8571
1686.5 41.1429
1687.5 53.2857
1688.5 53.2857
1689.5 76.7143
1690.5 75.1429
1691.5 48.2857
1692.5 31.8571
1693.5 29.5714
1694.5 44
1695.5 66.7143
1696.5 69.1429
1697.5 49.7143
1698.5 72.4286
1699.5 33.5714
1700.5 60
1701.5 51.8571
1702.5 66.5714
1703.5 50.7143
1704.5 31.5714
1705.5 15.8571
1706.5 59.1429
1707.5 76.8571
1708.5 135.429
1709.5 125.143
1710.5 102.714
1711.5 64.2857
1712.5 49.4286
1713.5 49.5714
1714.5 67.2857
1715.5 167.571
1716.5 292.714
1717.5 247.857
1718.5 151.571
1719.5 117.429
1720.5 49.7143
1721.5 57.4286
1722.5 50
1723.5 53
1724.5 50
1725.5 50.8571
1726.5 44.4286
1727.5 15.2857
1728.5 29.2857
1729.5 36.8571
1730.5 65.8571
1731.5 38
1732.5 52.2857
1733.5 67.7143
1734.5 43.1429
1735.5 60.2857
1736.5 39.4286
1737.5 32.8571
1738.5 37.7143
1739.5 43.1429
1740.5 61.8571
1741.5 33.4286
1742.5 44.5714
1743.5 53.1429
1744.5 78.2857
1745.5 45
1746.5 42.2857
1747.5 53.4286
1748.5 34.4286
1749.5 11.1429
1750.5 35
1751.5 58.8571
1752.5 82.8571
1753.5 49
1754.5 8.28571
1755.5 24.1429
1756.5 51.4286
1757.5 51.2857
1758.5 49.8571
1759.5 54.7143
1760.5 22.5714
1761.5 62.8571
1762.5 42.7143
1763.5 32.7143
1764.5 62.1429
1765.5 28.8571
1766.5 58.7143
1767.5 57
1768.5 62.1429
1769.5 46.1429
1770.5 58.4286
1771.5 32.1429
1772.5 61.7143
1773.5 51.2857
1774.5 -1.28572
1775.5 37.1429
1776.5 39
1777.5 21.4286
1778.5 27
1779.5 64.4286
1780.5 72.4286
1781.5 40.5714
1782.5 55.8571
1783.5 27.5714
1784.5 43.1429
1785.5 55.8571
1786.5 40.5714
1787.5 56
1788.5 14.1429
1789.5 76.7143
1790.5 55.5714
1791.5 55.5714
1792.5 16.8571
1793.5 26.5714
1794.5 30.1429
1795.5 9.28571
1796.5 32.5714
1797.5 36.1429
1798.5 64.5714
1799.5 22.5714
1800.5 41.7143
1801.5 16
1802.5 22.7143
1803.5 33
1804.5 47.4286
1805.5 34
1806.5 29
1807.5 64.2857
1808.5 37
1809.5 77.4286
1810.5 25.7143
1811.5 80
1812.5 22.5714
1813.5 58.5714
1814.5 40.4286
1815.5 32.2857
1816.5 56.1429
1817.5 54
1818.5 32.1429
1819.5 75.1429
1820.5 38.5714
1821.5 38.2857
1822.5 45.1429
1823.5 37.4286
1824.5 54.2857
1825.5 53.5714
1826.5 21
1827.5 39
1828.5 48.4286
1829.5 40.1429
1830.5 14.4286
1831.5 33.4286
1832.5 40.5714
1833.5 67
1834.5 55.7143
1835.5 45.8571
1836.5 39.4286
1837.5 73
1838.5 102.143
1839.5 61.2857
1840.5 59.8571
1841.5 32.7143
1842.5 13.4286
1843.5 26.2857
1844.5 45.1429
1845.5 51.2857
1846.5 22
1847.5 42.2857
1848.5 40.5714
1849.5 41.4286
1850.5 31.7143
1851.5 53.1429
1852.5 53.2857
1853.5 37.7143
1854.5 74
1855.5 38
1856.5 69.7143
1857.5 44.7143
1858.5 34.4286
1859.5 59.5714
1860.5 83.2857
1861.5 67.8571
1862.5 53.5714
1863.5 47.5714
1864.5 59.5714
1865.5 48.4286
1866.5 40.7143
1867.5 44
1868.5 36.2857
1869.5 61.1429
1870.5 142
1871.5 196.429
1872.5 266.571
1873.5 214
1874.5 148.143
1875.5 70.5714
1876.5 52.2857
1877.5 93.1429
1878.5 96.5714
1879.5 149.714
1880.5 146.857
1881.5 91.4286
1882.5 80.1429
1883.5 128.857
1884.5 144.714
1885.5 419.714
1886.5 681.714
1887.5 701.714
1888.5 447.286
1889.5 131
1890.5 47.2857
1891.5 55
1892.5 30.5714
1893.5 30
1894.5 34.8571
1895.5 39.8571
1896.5 79.5714
1897.5 31.8571
1898.5 47.7143
1899.5 55.2857
1900.5 67.2857
1901.5 50.2857
1902.5 51.1429
1903.5 34.7143
1904.5 36.2857
1905.5 31.8571
1906.5 20.1429
1907.5 69.8571
1908.5 53.5714
1909.5 31.5714
1910.5 47
1911.5 43
1912.5 93.2857
1913.5 105.571
1914.5 34
1915.5 46.5714
1916.5 57
1917.5 29.4286
1918.5 2.42857
1919.5 49.7143
1920.5 27.1429
1921.5 59.7143
1922.5 51.7143
1923.5 67
1924.5 2.71428
1925.5 39.5714
1926.5 48.8571
1927.5 2.42857
1928.5 62.4286
1929.5 27.1429
1930.5 35.7143
1931.5 58.5714
1932.5 50.7143
1933.5 48.4286
1934.5 53.8571
1935.5 49.8571
1936.5 38.1429
1937.5 67
1938.5 43.4286
1939.5 37.2857
1940.5 50.7143
1941.5 48.4286
1942.5 37.1429
1943.5 56.7143
1944.5 35.7143
1945.5 27
1946.5 38.2857
1947.5 14.1429
1948.5 21.1429
1949.5 35.4286
1950.5 32
1951.5 62.1429
1952.5 30.5714
1953.5 87.7143
1954.5 96.5714
1955.5 68.2857
1956.5 31.2857
1957.5 48.5714
1958.5 1.85714
1959.5 -16.4286
1960.5 19
1961.5 39.4286
1962.5 29.4286
1963.5 37.8571
1964.5 59.5714
1965.5 58.7143
1966.5 48.5714
1967.5 49.7143
1968.5 23.5714
1969.5 51
1970.5 58.5714
1971.5 26.4286
1972.5 50.8571
1973.5 47
1974.5 37.4286
1975.5 6.14286
1976.5 49.4286
1977.5 19.8571
1978.5 29.5714
1979.5 37.5714
1980.5 47.4286
1981.5 46.8571
1982.5 65.1429
1983.5 29.8571
1984.5 75.7143
1985.5 12.8571
1986.5 58.2857
1987.5 47.5714
1988.5 40.4286
1989.5 28.8571
1990.5 33.5714
1991.5 76
1992.5 46.7143
1993.5 53.7143
1994.5 67.7143
1995.5 71
1996.5 6
1997.5 36
1998.5 11
1999.5 51
2000.5 39.4286
2001.5 38.4286
2002.5 85.5714
2003.5 23.2857
2004.5 21.1429
2005.5 25.7143
2006.5 47.2857
2007.5 40.4286
2008.5 19
2009.5 35.7143
2010.5 21
2011.5 27
2012.5 22.2857
2013.5 67.1429
2014.5 44.5714
2015.5 19.5714
2016.5 51.1429
2017.5 39.4286
2018.5 52
2019.5 39.4286
2020.5 47.2857
2021.5 37
2022.5 17.2857
2023.5 56.8571
2024.5 54.4286
2025.5 43.8571
2026.5 32.7143
2027.5 59.8571
2028.5 47.7143
2029.5 84.1429
2030.5 33
2031.5 35.5714
2032.5 60.8571
2033.5 28.2857
2034.5 25.5714
2035.5 37
2036.5 29.5714
2037.5 50.4286
2038.5 36.2857
2039.5 49
2040.5 42
2041.5 21.1429
2042.5 25.7143
2043.5 42.5714
2044.5 56.8571
2045.5 36.4286
2046.5 72.1429
2047.5 8
2048.5 9.71428
2049.5 36
2050.5 41.4286
2051.5 45.7143
2052.5 37.7143
2053.5 32.8571
2054.5 35.7143
2055.5 40
2056.5 26.7143
2057.5 18.1429
2058.5 28.4286
2059.5 -4.85714
2060.5 40.1429
2061.5 40.5714
2062.5 44.7143
2063.5 37.2857
2064.5 61.5714
2065.5 65
2066.5 33.8571
2067.5 28.1429
2068.5 34.4286
2069.5 45.7143
2070.5 48
2071.5 35.4286
2072.5 36.1429
2073.5 63.4286
2074.5 43.8571
2075.5 34.7143
2076.5 37.7143
2077.5 29.5714
2078.5 48.5714
2079.5 39.8571
2080.5 28.8571
2081.5 22.7143
2082.5 36.1429
2083.5 30.8571
2084.5 47.8571
2085.5 36.8571
2086.5 102.286
2087.5 82
2088.5 57.7143
2089.5 45.2857
2090.5 25.8571
2091.5 50.8571
2092.5 58.8571
2093.5 50.4286
2094.5 54.5714
2095.5 56.2857
2096.5 49.7143
2097.5 29.8571
2098.5 52.2857
2099.5 56.8571
2100.5 34.5714
2101.5 60.7143
2102.5 32.8571
2103.5 39.7143
2104.5 25.2857
2105.5 37.2857
2106.5 35.4286
2107.5 43.2857
2108.5 34.1429
2109.5 61.4286
2110.5 52.7143
2111.5 74
2112.5 62.2857
2113.5 24
2114.5 39.4286
2115.5 39.1429
2116.5 31.5714
2117.5 62.5714
2118.5 24.8571
2119.5 32.8571
2120.5 13.5714
2121.5 45.5714
2122.5 33.7143
2123.5 27
2124.5 16.8571
2125.5 39.5714
2126.5 13
2127.5 58
2128.5 22.7143
2129.5 12.7143
2130.5 49.7143
2131.5 13.8571
2132.5 15.5714
2133.5 19.7143
2134.5 20.1429
2135.5 21.1429
2136.5 10.1429
2137.5 34.4286
2138.5 22.5714
2139.5 37.8571
2140.5 53.7143
2141.5 44.1429
2142.5 58.4286
2143.5 48.2857
2144.5 82.1429
2145.5 49.4286
2146.5 35.1429
2147.5 162.714
2148.5 338
2149.5 852.571
2150.5 1139.71
2151.5 892.143
2152.5 357.286
2153.5 131.143
2154.5 33
2155.5 56.5714
2156.5 48.1429
2157.5 78.5714
2158.5 30.1429
2159.5 21.2857
2160.5 13.7143
2161.5 41.7143
2162.5 44.4286
2163.5 21
2164.5 26.4286
2165.5 19.1429
2166.5 39
2167.5 22.1429
2168.5 27.8571
2169.5 35.1429
2170.5 39.1429
2171.5 14.8571
2172.5 47.1429
2173.5 13.2857
2174.5 30.2857
2175.5 46.2857
2176.5 27.5714
2177.5 24.1429
2178.5 24.4286
2179.5 34.2857
2180.5 25.1429
2181.5 12.5714
2182.5 40.1429
2183.5 62.8571
2184.5 34.5714
2185.5 26.5714
2186.5 33.2857
2187.5 39.1429
2188.5 56
2189.5 26
2190.5 14.5714
2191.5 12.7143
2192.5 23.7143
2193.5 25.2857
2194.5 23.5714
2195.5 39.2857
2196.5 57.1429
2197.5 54.4286
2198.5 123.857
2199.5 184.571
2200.5 186.857
2201.5 100
2202.5 65.5714
2203.5 21
2204.5 45
2205.5 20.4286
2206.5 -10.1429
2207.5 37.2857
2208.5 39.5714
2209.5 32
2210.5 17.5714
2211.5 29.5714
2212.5 39.8571
2213.5 23.8571
2214.5 11.7143
2215.5 19.2857
2216.5 34
2217.5 52.4286
2218.5 25.2857
2219.5 37.2857
2220.5 36.8571
2221.5 22
2222.5 71.5714
2223.5 76.5714
2224.5 18
2225.5 24.8571
2226.5 13.1429
2227.5 22.8571
2228.5 87.4286
2229.5 57.5714
2230.5 90.8571
2231.5 47.8571
2232.5 52.4286
2233.5 49
2234.5 45.2857
2235.5 46.7143
2236.5 8.85714
2237.5 48.1429
2238.5 1.28571
2239.5 3.28571
2240.5 43
2241.5 18.8571
2242.5 27.2857
2243.5 24
2244.5 32
2245.5 47
2246.5 32
2247.5 22.2857
2248.5 -5.42857
2249.5 22.8571
2250.5 26.7143
2251.5 21
2252.5 23.1429
2253.5 37
2254.5 19.2857
2255.5 4.42857
2256.5 7.57143
2257.5 35.2857
2258.5 16.2857
2259.5 9.14286
2260.5 18.4286
2261.5 48.1429
2262.5 25.4286
2263.5 31.4286
2264.5 13.5714
2265.5 30
2266.5 34.5714
2267.5 26.4286
2268.5 41.5714
2269.5 24.7143
2270.5 10.4286
2271.5 29.4286
2272.5 34.1429
2273.5 34
2274.5 78
2275.5 139.286
2276.5 85.1429
2277.5 59
2278.5 71.2857
2279.5 107.571
2280.5 147
2281.5 169
2282.5 131.143
2283.5 61.8571
2284.5 36.8571
2285.5 36.7143
2286.5 21
2287.5 48.4286
2288.5 14.7143
2289.5 19.8571
2290.5 9.28571
2291.5 20.7143
2292.5 23
2293.5 15.7143
2294.5 8.57143
2295.5 2.14286
2296.5 28.4286
2297.5 48.7143
2298.5 47.5714
2299.5 60.2857
2300.5 39.7143
2301.5 48.7143
2302.5 45.4286
2303.5 25.7143
2304.5 39.7143
2305.5 28.8571
2306.5 8.14286
2307.5 25.5714
2308.5 65.8571
2309.5 49.8571
2310.5 17.5714
2311.5 59.1429
2312.5 51.8571
2313.5 25.7143
2314.5 26.8571
2315.5 11.8571
2316.5 25.5714
2317.5 15.8571
2318.5 14
2319.5 17.8571
2320.5 26.1429
2321.5 46.8571
2322.5 89.5714
2323.5 185.143
2324.5 202.143
2325.5 151.286
2326.5 134
2327.5 80.1429
2328.5 112.429
2329.5 111.286
2330.5 70.1429
2331.5 39.4286
2332.5 28
2333.5 59.1429
2334.5 29.5714
2335.5 32.8571
2336.5 29.4286
2337.5 21.7143
2338.5 22.2857
2339.5 42.8571
2340.5 34.2857
2341.5 63
2342.5 108
2343.5 105.286
2344.5 84
2345.5 45.5714
2346.5 12.8571
2347.5 23
2348.5 13.1429
2349.5 19.8571
2350.5 -9.57143
2351.5 12.8571
2352.5 -2.14286
2353.5 19
2354.5 15.5714
2355.5 27.4286
2356.5 51.7143
2357.5 28
2358.5 23.8571
2359.5 27.4286
2360.5 17.8571
2361.5 27.5714
2362.5 16.2857
2363.5 32.7143
2364.5 15.8571
2365.5 53
2366.5 0.571428
2367.5 9.57143
2368.5 40.7143
2369.5 57.4286
2370.5 0.571428
2371.5 21.7143
2372.5 20.8571
2373.5 29.4286
2374.5 26.2857
2375.5 22.2857
2376.5 60.5714
2377.5 36.7143
2378.5 23.4286
2379.5 45.7143
2380.5 84.2857
2381.5 171.286
2382.5 280
2383.5 265.714
2384.5 185.143
2385.5 120.857
2386.5 71.7143
2387.5 69.8571
2388.5 74.2857
2389.5 36.4286
2390.5 29.7143
2391.5 27.7143
2392.5 22.5714
2393.5 47
2394.5 22
2395.5 16.1429
2396.5 55.8571
2397.5 31.2857
2398.5 20.8571
2399.5 19.8571
2400.5 35.5714
2401.5 -10.4286
2402.5 25.1429
2403.5 4.28571
2404.5 17.1429
2405.5 8.71428
2406.5 18.2857
2407.5 17
2408.5 18.8571
2409.5 11
2410.5 0.999999
2411.5 4.14286
2412.5 22.2857
2413.5 27.4286
2414.5 25.4286
2415.5 44
2416.5 16.4286
2417.5 11.7143
2418.5 17.5714
2419.5 -5.85714
2420.5 25.7143
2421.5 22.2857
2422.5 6.42857
2423.5 20
2424.5 16
2425.5 18.4286
2426.5 42
2427.5 33
2428.5 37
2429.5 13.8571
2430.5 24.7143
2431.5 16.2857
2432.5 38.7143
2433.5 9.42857
2434.5 22.5714
2435.5 19.7143
2436.5 22.4286
2437.5 13.7143
2438.5 34
2439.5 25.1429
2440.5 9.42857
2441.5 34.7143
2442.5 4
2443.5 20.7143
2444.5 5.57143
2445.5 10.2857
2446.5 41
2447.5 21.7143
2448.5 37.2857
2449.5 29.8571
2450.5 37.7143
2451.5 33
2452.5 22.5714
2453.5 19.2857
2454.5 13.1429
2455.5 14.7143
2456.5 25.1429
2457.5 16.2857
2458.5 11.1429
2459.5 32.2857
2460.5 22.5714
2461.5 14.8571
2462.5 35.4286
2463.5 45.2857
2464.5 38.5714
2465.5 28.8571
2466.5 23.7143
2467.5 9
2468.5 19.2857
2469.5 3.57143
2470.5 24.5714
2471.5 30.8571
2472.5 24.4286
2473.5 15.7143
2474.5 8.85714
2475.5 24.1429
2476.5 25
2477.5 10
2478.5 -0.142858
2479.5 19
2480.5 16.7143
2481.5 8
2482.5 27
2483.5 27.1429
2484.5 20.8571
2485.5 31.8571
2486.5 10.2857
2487.5 5.85714
2488.5 22.1429
2489.5 5.57143
2490.5 52
2491.5 48.4286
2492.5 34
2493.5 33.5714
2494.5 38.8571
2495.5 24.5714
2496.5 40.8571
2497.5 32.8571
2498.5 30.7143
2499.5 15.4286
2500.5 19.1429
2501.5 11.4286
2502.5 33.8571
2503.5 30.8571
2504.5 22.8571
2505.5 23.7143
2506.5 47.7143
2507.5 13.5714
2508.5 1.57143
2509.5 31.1429
2510.5 8.28571
2511.5 27
2512.5 15.1429
2513.5 20.2857
2514.5 21.8571
2515.5 40.5714
2516.5 32.5714
2517.5 68.7143
2518.5 66
2519.5 48.4286
2520.5 70.4286
2521.5 27.1429
2522.5 53.7143
2523.5 27.8571
2524.5 63
2525.5 33.1429
2526.5 56.1429
2527.5 35.2857
2528.5 3.14286
2529.5 28.2857
2530.5 27.2857
2531.5 11.8571
2532.5 30.4286
2533.5 23
2534.5 27.5714
2535.5 30.4286
2536.5 44.7143
2537.5 22.7143
2538.5 40.1429
2539.5 51.1429
2540.5 67
2541.5 66.8571
2542.5 60.2857
2543.5 19.1429
2544.5 29.1429
2545.5 25.5714
2546.5 34.1429
2547.5 32.7143
2548.5 14.1429
2549.5 20.7143
2550.5 32.1429
2551.5 21.4286
2552.5 7.85714
2553.5 30.1429
2554.5 16.1429
2555.5 25.7143
2556.5 22.4286
2557.5 9
2558.5 0.857142
2559.5 19.2857
2560.5 18.8571
2561.5 17.8571
2562.5 33.2857
2563.5 6.71429
2564.5 22.8571
2565.5 31.4286
2566.5 29.4286
2567.5 29.2857
2568.5 11.4286
2569.5 7.57143
2570.5 23.8571
2571.5 29.5714
2572.5 7.57143
2573.5 17.5714
2574.5 17.1429
2575.5 23.1429
2576.5 34.8571
2577.5 13.4286
2578.5 22.4286
2579.5 10.5714
2580.5 17.1429
2581.5 20.2857
2582.5 29.5714
2583.5 29.2857
2584.5 15.7143
2585.5 47.1429
2586.5 42.5714
2587.5 40.8571
2588.5 34
2589.5 49.1429
2590.5 12.7143
2591.5 23.2857
2592.5 28.2857
2593.5 28.2857
2594.5 28
2595.5 46.7143
2596.5 19.7143
2597.5 3
2598.5 22
2599.5 23.8571
2600.5 18.1429
2601.5 28.7143
2602.5 15.4286
2603.5 2.71428
2604.5 13.2857
2605.5 41.5714
2606.5 74.1429
2607.5 64
2608.5 68
2609.5 124.857
2610.5 145.571
2611.5 206.714
2612.5 193.714
2613.5 106.143
2614.5 44.5714
2615.5 28
2616.5 33.4286
2617.5 55.2857
2618.5 82
2619.5 54.1429
2620.5 70.8571
2621.5 41.2857
2622.5 7.14286
2623.5 36
2624.5 9.42857
2625.5 35.4286
2626.5 35.1429
2627.5 31.8571
2628.5 25
2629.5 21.1429
2630.5 28.1429
2631.5 27.1429
2632.5 21.7143
2633.5 35.4286
2634.5 17.2857
2635.5 26.2857
2636.5 26.2857
2637.5 19.7143
2638.5 26.7143
2639.5 21
2640.5 4
2641.5 12
2642.5 14.7143
2643.5 31
2644.5 29.2857
2645.5 27.1429
2646.5 23.1429
2647.5 7.42857
2648.5 28.7143
2649.5 11
2650.5 6.28571
2651.5 18.7143
2652.5 13
2653.5 29.2857
2654.5 40.2857
2655.5 38
2656.5 63.1429
2657.5 37.5714
2658.5 31
2659.5 32.4286
2660.5 13.5714
2661.5 16.8571
2662.5 27.8571
2663.5 26.5714
2664.5 6.57143
2665.5 4.71428
2666.5 -27.4286
2667.5 -22.5714
2668.5 -25.5714
2669.5 0.857142
2670.5 10.7143
2671.5 36.4286
2672.5 24.4286
2673.5 -12.4286
2674.5 -3.14286
2675.5 -7
2676.5 -11.7143
2677.5 19.7143
2678.5 36.1429
2679.5 34.7143
2680.5 42.4286
2681.5 12.7143
2682.5 29.4286
2683.5 40
2684.5 27.4286
2685.5 27.4286
2686.5 52.2857
2687.5 21
2688.5 52.4286
2689.5 49.4286
2690.5 16.4286
2691.5 28.8571
2692.5 28.8571
2693.5 18.8571
2694.5 13.1429
2695.5 5.57143
2696.5 22.4286
2697.5 15.2857
2698.5 25
2699.5 2.71429
2700.5 11.4286
2701.5 4
2702.5 15.4286
2703.5 30.4286
2704.5 -9.71429
2705.5 62.8571
2706.5 39.8571
2707.5 64.1429
2708.5 39.8571
2709.5 47.7143
2710.5 40.8571
2711.5 12.8571
2712.5 80.4286
2713.5 82.1429
2714.5 63.8571
2715.5 65.1429
2716.5 53.8571
2717.5 33
2718.5 27.4286
2719.5 66.2857
2720.5 90.5714
2721.5 122.429
2722.5 161.143
2723.5 128.143
2724.5 87.7143
2725.5 42
2726.5 22.7143
2727.5 8.28571
2728.5 43
2729.5 34.2857
2730.5 35.8571
2731.5 28.8571
2732.5 37.1429
2733.5 18.2857
2734.5 23.1429
2735.5 34.8571
2736.5 18.5714
2737.5 17.1429
2738.5 20.7143
2739.5 9.14286
2740.5 27.1429
2741.5 25.1429
2742.5 7.42857
2743.5 41.2857
2744.5 28.2857
2745.5 50.8571
2746.5 48.1429
2747.5 52.8571
2748.5 54.7143
2749.5 30.1429
2750.5 25.7143
2751.5 39.2857
2752.5 40.4286
2753.5 19.8571
2754.5 20.1429
2755.5 30.5714
2756.5 19.7143
2757.5 32.5714
2758.5 34.8571
2759.5 28.2857
2760.5 11.4286
2761.5 7.42857
2762.5 17.4286
2763.5 25.8571
2764.5 19.8571
2765.5 5.85714
2766.5 33.2857
2767.5 26.2857
2768.5 -12.8571
2769.5 29.7143
2770.5 34.5714
2771.5 38.2857
2772.5 14.1429
2773.5 5.71429
2774.5 34.2857
2775.5 16.4286
2776.5 13.1429
2777.5 22.8571
2778.5 8.42857
2779.5 34.2857
2780.5 27
2781.5 13.2857
2782.5 41.2857
2783.5 30.2857
2784.5 32.1429
2785.5 9.57143
2786.5 51.2857
2787.5 56.4286
2788.5 30.7143
2789.5 30.1429
2790.5 13.4286
2791.5 21.1429
2792.5 10.8571
2793.5 38.8571
2794.5 14.8571
2795.5 27.4286
2796.5 26.1429
2797.5 25.8571
2798.5 37.7143
2799.5 17.8571
2800.5 25.2857
2801.5 4
2802.5 27.8571
2803.5 -6.71429
2804.5 24.7143
2805.5 18.7143
2806.5 30.7143
2807.5 -6.71429
2808.5 23.4286
2809.5 30.1429
2810.5 21.7143
2811.5 7.85714
2812.5 25.2857
2813.5 25.8571
2814.5 48.2857
2815.5 4.42857
2816.5 28
2817.5 22.1429
2818.5 21.1429
2819.5 17.7143
2820.5 22.2857
2821.5 36.4286
2822.5 19.5714
2823.5 4.71429
2824.5 7.85714
2825.5 10
2826.5 8.42857
2827.5 31.2857
2828.5 14.2857
2829.5 12.7143
2830.5 22
2831.5 22.8571
2832.5 20
2833.5 14.5714
2834.5 16.2857
2835.5 14.1429
2836.5 41.1429
2837.5 13.2857
2838.5 14.2857
2839.5 6.42857
2840.5 11.1429
2841.5 -8.71429
2842.5 12.8571
2843.5 44.5714
2844.5 38.5714
2845.5 -5.85714
2846.5 13.4286
2847.5 5.57143
2848.5 23.1429
2849.5 37.2857
2850.5 21.7143
2851.5 12.4286
2852.5 38.4286
2853.5 28.4286
2854.5 22.7143
2855.5 5.42857
2856.5 26.4286
2857.5 21.5714
2858.5 22.5714
2859.5 8.14286
2860.5 19.5714
2861.5 14.7143
2862.5 12
2863.5 20.1429
2864.5 5
2865.5 25.4286
2866.5 15.7143
2867.5 12.1429
2868.5 33
2869.5 25.8571
2870.5 17.2857
2871.5 23.1429
2872.5 8.42857
2873.5 5.28571
2874.5 10.7143
2875.5 8.71429
2876.5 5.85714
2877.5 16.1429
2878.5 32.4286
2879.5 36.4286
2880.5 41.8571
2881.5 46.7143
2882.5 27
2883.5 28.4286
2884.5 27.7143
2885.5 32.1429
2886.5 6
2887.5 15
2888.5 13.8571
2889.5 28.7143
2890.5 15
2891.5 16.8571
2892.5 19.4286
2893.5 18.4286
2894.5 25
2895.5 -2.57143
2896.5 20.4286
2897.5 20.4286
2898.5 14.1429
2899.5 5.14286
2900.5 13.2857
2901.5 26.1429
2902.5 37.7143
2903.5 41
2904.5 54
2905.5 59.7143
2906.5 48.4286
2907.5 46
2908.5 37.1429
2909.5 33.8571
2910.5 30.1429
2911.5 11.5714
2912.5 22.8571
2913.5 -0.857144
2914.5 29.4286
2915.5 27.2857
2916.5 19.2857
2917.5 25.1429
2918.5 29.2857
2919.5 28.1429
2920.5 25
2921.5 14.2857
2922.5 17.8571
2923.5 18.7143
2924.5 18.8571
2925.5 31.5714
2926.5 10.1429
2927.5 22.2857
2928.5 -12.4286
2929.5 0.999999
2930.5 -0.714286
2931.5 19.1429
2932.5 16
2933.5 20.8571
2934.5 33.5714
2935.5 34.2857
2936.5 22.8571
2937.5 40.2857
2938.5 24.2857
2939.5 32
2940.5 29.7143
2941.5 10.8571
2942.5 35.2857
2943.5 42.1429
2944.5 74.2857
2945.5 107
2946.5 141.571
2947.5 144.571
2948.5 135.429
2949.5 42.1429
2950.5 26.2857
2951.5 12.8571
2952.5 20.1429
2953.5 39.4286
2954.5 12.4286
2955.5 -7.85714
2956.5 17.5714
2957.5 14.5714
2958.5 31.5714
2959.5 -3.28571
2960.5 32.5714
2961.5 28.1429
2962.5 26.4286
2963.5 11.7143
2964.5 8.85714
2965.5 20.8571
2966.5 17.4286
2967.5 50.5714
2968.5 20.7143
2969.5 22.5714
2970.5 19.5714
2971.5 31.7143
2972.5 1.14286
2973.5 12.8571
2974.5 6.57143
2975.5 4.71429
2976.5 10.2857
2977.5 6
2978.5 11.1429
2979.5 5.14286
2980.5 35
2981.5 20
2982.5 12.4286
2983.5 18.7143
2984.5 16.5714
2985.5 11.2857
2986.5 15.7143
2987.5 12.5714
2988.5 20.1429
2989.5 41.4286
2990.5 20.5714
2991.5 9.42857
2992.5 1.14286
2993.5 21
2994.5 23.5714
2995.5 20
2996.5 20
2997.5 4.71429
2998.5 38.5714
2999.5 12.2857
3000.5 40
3001.5 39
3002.5 41.4286
3003.5 67.4286
3004.5 70.1429
3005.5 86.2857
3006.5 66.2857
3007.5 35.8571
3008.5 52.1429
3009.5 13.8571
3010.5 39.8571
3011.5 13.5714
3012.5 27.7143
3013.5 10.8571
3014.5 24.2857
3015.5 34.7143
3016.5 21
3017.5 32.2857
3018.5 30.5714
3019.5 18.4286
3020.5 -12.2857
3021.5 16.5714
3022.5 13.8571
3023.5 13.2857
3024.5 4.85714
3025.5 39.8571
3026.5 40.7143
3027.5 45
3028.5 78.4286
3029.5 91
3030.5 81.8571
3031.5 48
3032.5 30.2857
3033.5 66.8571
3034.5 47.5714
3035.5 82.1429
3036.5 110.714
3037.5 156.429
3038.5 164.286
3039.5 164.143
3040.5 112.857
3041.5 37.2857
3042.5 28.7143
3043.5 -7.85714
3044.5 -16.5714
3045.5 15.5714
3046.5 21.7143
3047.5 19.7143
3048.5 43.1429
3049.5 92.8571
3050.5 123.143
3051.5 290.857
3052.5 237.857
3053.5 196.857
3054.5 118.714
3055.5 49.8571
3056.5 18.4286
3057.5 14.2857
3058.5 4.57143
3059.5 34.5714
3060.5 22
3061.5 7.71429
3062.5 17.7143
3063.5 31.8571
3064.5 3.28571
3065.5 10
3066.5 -4.14286
3067.5 34.5714
3068.5 11.7143
3069.5 12.8571
3070.5 7.71429
3071.5 5.28571
3072.5 22.1429
3073.5 21
3074.5 18.4286
3075.5 15.4286
3076.5 21.2857
3077.5 21.4286
3078.5 7.28571
3079.5 11
3080.5 7.57143
3081.5 17
3082.5 12.5714
3083.5 2.85714
3084.5 35
3085.5 17.7143
3086.5 30.2857
3087.5 32.7143
3088.5 18.8571
3089.5 17.7143
3090.5 32.7143
3091.5 25.2857
3092.5 25.8571
3093.5 22.7143
3094.5 23.7143
3095.5 16.5714
3096.5 -2.14286
3097.5 21
3098.5 9.42857
3099.5 21.1429
3100.5 -12.1429
3101.5 -2.71429
3102.5 12.8571
3103.5 22.4286
3104.5 21.7143
3105.5 21.8571
3106.5 12
3107.5 9.14286
3108.5 0.142856
3109.5 36.7143
3110.5 20.1429
3111.5 3.14286
3112.5 -3
3113.5 -0.571429
3114.5 -7.15256e-07
3115.5 5.28571
3116.5 7.85714
3117.5 4
3118.5 4.71429
3119.5 12.5714
3120.5 2.57143
3121.5 7.14286
3122.5 8.28571
3123.5 2.71429
3124.5 -4.71429
3125.5 9.57143
3126.5 22.1429
3127.5 16.8571
3128.5 29.4286
3129.5 10.8571
3130.5 14.8571
3131.5 15
3132.5 10.2857
3133.5 23
3134.5 8.57143
3135.5 -0.857143
3136.5 0.714285
3137.5 25.7143
3138.5 29.1429
3139.5 32.2857
3140.5 18.8571
3141.5 12.4286
3142.5 23
3143.5 23.8571
3144.5 19.7143
3145.5 10
3146.5 15
3147.5 28.7143
3148.5 -5.28571
3149.5 6
3150.5 18.2857
3151.5 19.2857
3152.5 5.14286
3153.5 2.57143
3154.5 10.2857
3155.5 -0.285715
3156.5 21.7143
3157.5 1.28571
3158.5 15.5714
3159.5 6.28571
3160.5 8.71429
3161.5 6.57143
3162.5 13.7143
3163.5 10.5714
3164.5 21.5714
3165.5 16.5714
3166.5 19.5714
3167.5 2.71429
3168.5 22.1429
3169.5 8.71429
3170.5 14.4286
3171.5 6.14286
3172.5 -21
3173.5 -5.57143
3174.5 24.1429
3175.5 14.1429
3176.5 14.1429
3177.5 9.28571
3178.5 38.4286
3179.5 29.1429
3180.5 47.1429
3181.5 88
3182.5 78.8571
3183.5 76.4286
3184.5 46.2857
3185.5 39.8571
3186.5 28
3187.5 28.1429
3188.5 73.4286
3189.5 83.5714
3190.5 110.143
3191.5 99.2857
3192.5 66
3193.5 65
3194.5 32.1429
3195.5 40.5714
3196.5 16.2857
3197.5 31.2857
3198.5 38.8571
3199.5 21.1429
3200.5 13.7143
3201.5 30.1429
3202.5 19.7143
3203.5 32
3204.5 14.2857
3205.5 -21.7143
3206.5 4.57143
3207.5 18.1429
3208.5 30.7143
3209.5 35.5714
3210.5 27.4286
3211.5 24.1429
3212.5 25.2857
3213.5 46.2857
3214.5 39
3215.5 29.4286
3216.5 31.2857
3217.5 27.2857
3218.5 10.5714
3219.5 12.5714
3220.5 -8.85714
3221.5 4.85714
3222.5 15.8571
3223.5 -22
3224.5 -2.28571
3225.5 21.4286
3226.5 -2.14286
3227.5 3.14286
3228.5 14.8571
3229.5 23.8571
3230.5 1.42857
3231.5 14.8571
3232.5 21.8571
3233.5 41.4286
3234.5 21
3235.5 44.5714
3236.5 25.5714
3237.5 39
3238.5 32
3239.5 18.5714
3240.5 49.1429
3241.5 46.4286
3242.5 49.8571
3243.5 47.2857
3244.5 33.1429
3245.5 14.4286
3246.5 -7
3247.5 28
3248.5 16.8571
3249.5 17.8571
3250.5 2.28571
3251.5 18.7143
3252.5 28.5714
3253.5 3.14286
3254.5 18
3255.5 23
3256.5 21
3257.5 18.1429
3258.5 22.5714
3259.5 27.1429
3260.5 34
3261.5 16.7143
3262.5 11.8571
3263.5 36.2857
3264.5 39.1429
3265.5 32.7143
3266.5 23.7143
3267.5 12.2857
3268.5 16.1429
3269.5 18
3270.5 23.5714
3271.5 9.71429
3272.5 8.71429
3273.5 19.8571
3274.5 10.8571
3275.5 19.4286
3276.5 25
3277.5 -1.42857
3278.5 25
3279.5 18.1429
3280.5 14.8571
3281.5 35
3282.5 9.14286
3283.5 23.7143
3284.5 28.5714
3285.5 48.7143
3286.5 12.1429
3287.5 12.1429
3288.5 26.5714
3289.5 -4.57143
3290.5 2.28571
3291.5 24.1429
3292.5 -0.714286
3293.5 20
3294.5 13
3295.5 21.1429
3296.5 21.4286
3297.5 14.8571
3298.5 19.2857
3299.5 2.28571
3300.5 10.4286
3301.5 65.8571
3302.5 34.7143
3303.5 37.1429
3304.5 32.4286
3305.5 46.5714
3306.5 4
3307.5 27.7143
3308.5 17.2857
3309.5 5.85714
3310.5 -2
3311.5 10.4286
3312.5 -4.14286
3313.5 16.8571
3314.5 -21
3315.5 12.2857
3316.5 6.42857
3317.5 13.2857
3318.5 7.85714
3319.5 8.71429
3320.5 -1.14286
3321.5 17.4286
3322.5 11.2857
3323.5 13.1429
3324.5 0.571428
3325.5 4.85714
3326.5 11.5714
3327.5 20.7143
3328.5 -2.42857
3329.5 10.8571
3330.5 5.42857
3331.5 16.7143
3332.5 10.2857
3333.5 -3
3334.5 10.7143
3335.5 -7.28571
3336.5 8.85714
3337.5 6.85714
3338.5 11.5714
3339.5 35.1429
3340.5 14.4286
3341.5 15.8571
3342.5 13.2857
3343.5 14
3344.5 -12.8571
3345.5 6.14286
3346.5 9.42857
3347.5 17
3348.5 18.5714
3349.5 23.5714
3350.5 -0.428572
3351.5 -1.57143
3352.5 0.571428
3353.5 2.57143
3354.5 6
3355.5 15.7143
3356.5 3.71429
3357.5 16.5714
3358.5 15.2857
3359.5 4.71429
3360.5 8.57143
3361.5 2
3362.5 7.28571
3363.5 2.57143
3364.5 19.5714
3365.5 5.42857
3366.5 27.2857
3367.5 6.85714
3368.5 -5.28571
3369.5 -1.85714
3370.5 22.5714
3371.5 1.14286
3372.5 0.142857
3373.5 13
3374.5 6.85714
3375.5 9.42857
3376.5 20.5714
3377.5 -1
3378.5 9.28571
3379.5 7.57143
3380.5 11.2857
3381.5 5.71429
3382.5 -2
3383.5 10.7143
3384.5 14.2857
3385.5 -0.571429
3386.5 10.5714
3387.5 23.8571
3388.5 -6
3389.5 12.2857
3390.5 66
3391.5 98
3392.5 116.714
3393.5 104
3394.5 52.7143
3395.5 41.1429
3396.5 0.571428
3397.5 17.1429
3398.5 18.8571
3399.5 16.8571
3400.5 9.57143
3401.5 13.2857
3402.5 4.57143
3403.5 12.4286
3404.5 12.4286
3405.5 13.2857
3406.5 1.42857
3407.5 -3.42857
3408.5 17.2857
3409.5 13
3410.5 -4
3411.5 -0.571429
3412.5 7.14286
3413.5 20.7143
3414.5 38.2857
3415.5 114
3416.5 189.429
3417.5 221
3418.5 209.714
3419.5 124.429
3420.5 63.8571
3421.5 19.1429
3422.5 20.7143
3423.5 14.5714
3424.5 28.2857
3425.5 42.2857
3426.5 76.1429
3427.5 67
3428.5 32
3429.5 46.2857
3430.5 31.7143
3431.5 16.2857
3432.5 13.5714
3433.5 12.7143
3434.5 21.1429
3435.5 -8.57143
3436.5 27.8571
3437.5 15.7143
3438.5 11.7143
3439.5 14.1429
3440.5 12.5714
3441.5 40.8571
3442.5 14.5714
3443.5 12.4286
3444.5 7.85714
3445.5 17.5714
3446.5 25.1429
3447.5 32.1429
3448.5 51
3449.5 31.8571
3450.5 36.1429
3451.5 16.7143
3452.5 19.8571
3453.5 25
3454.5 17.1429
3455.5 7.71429
3456.5 9.85714
3457.5 -1.57143
3458.5 4
3459.5 13.5714
3460.5 4.71429
3461.5 20.2857
3462.5 0.142857
3463.5 4.85714
3464.5 19.1429
3465.5 13.7143
3466.5 23
3467.5 8.85714
3468.5 5.85714
3469.5 23.4286
3470.5 7.71429
3471.5 12.4286
3472.5 3.57143
3473.5 29.1429
3474.5 19.7143
3475.5 15.8571
3476.5 2.85714
3477.5 18.7143
3478.5 18.7143
3479.5 13.1429
3480.5 -1.28571
3481.5 4.57143
3482.5 21.2857
3483.5 8.85714
3484.5 8.28571
3485.5 15.8571
3486.5 11.8571
3487.5 19.5714
3488.5 13.5714
3489.5 12.8571
3490.5 10
3491.5 15
3492.5 19.2857
3493.5 4.42857
3494.5 7.85714
3495.5 20
3496.5 6.14286
3497.5 20
3498.5 25.4286
3499.5 22.2857
3500.5 1.85714
3501.5 20.1429
3502.5 -3
3503.5 14.1429
3504.5 16.1429
3505.5 17.7143
3506.5 4.57143
3507.5 -8
3508.5 22.1429
3509.5 4.28571
3510.5 20.7143
3511.5 4.85714
3512.5 -20.7143
3513.5 -21.8571
3514.5 -5.71429
3515.5 -4.28571
3516.5 2
3517.5 -14.2857
3518.5 20.4286
3519.5 8.28571
3520.5 14.4286
3521.5 17.5714
3522.5 14.5714
3523.5 18.2857
3524.5 33.2857
3525.5 32.2857
3526.5 35.7143
3527.5 24.2857
3528.5 9.42857
3529.5 11
3530.5 18.2857
3531.5 26.4286
3532.5 3.42857
3533.5 -3.85714
3534.5 -1
3535.5 34.4286
3536.5 19.2857
3537.5 10.8571
3538.5 14.2857
3539.5 7.85714
3540.5 10.5714
3541.5 9.85714
3542.5 7.57143
3543.5 30.2857
3544.5 11.7143
3545.5 9.28571
3546.5 15
3547.5 20.1429
3548.5 27.1429
3549.5 30.4286
3550.5 33.2857
3551.5 33.5714
3552.5 5.71429
3553.5 16.4286
3554.5 12
3555.5 -3
3556.5 12
3557.5 25.4286
3558.5 5.71429
3559.5 9
3560.5 4
3561.5 20.8571
3562.5 14.1429
3563.5 -6.42857
3564.5 10.7143
3565.5 12.2857
3566.5 16.8571
3567.5 4.14286
3568.5 13.1429
3569.5 10
3570.5 22.5714
3571.5 12.5714
3572.5 7.71429
3573.5 11.7143
3574.5 3.85714
3575.5 11.8571
3576.5 13.7143
3577.5 22.5714
3578.5 12
3579.5 20.1429
3580.5 19.5714
3581.5 2.85714
3582.5 3.14286
3583.5 20.8571
3584.5 21.1429
3585.5 19.2857
3586.5 8.71429
3587.5 6.28571
3588.5 12
3589.5 22.8571
3590.5 14.1429
3591.5 18.5714
3592.5 2.71429
3593.5 18
3594.5 18.2857
3595.5 18.2857
3596.5 23.1429
3597.5 -3.85714
3598.5 19.2857
3599.5 27.8571
3600.5 18.8571
3601.5 8
3602.5 6
3603.5 22.5714
3604.5 25.8571
3605.5 22
3606.5 28.7143
3607.5 14.7143
3608.5 30.2857
3609.5 40
3610.5 7
3611.5 12.1429
3612.5 7.28571
3613.5 6.28571
3614.5 -0.857143
3615.5 -2.57143
3616.5 2.57143
3617.5 -10
3618.5 -29.1429
3619.5 -42
3620.5 -11.4286
3621.5 9.57143
3622.5 9
3623.5 6.71429
3624.5 6.42857
3625.5 10.2857
3626.5 21.2857
3627.5 27
3628.5 -2.71429
3629.5 13.7143
3630.5 21.4286
3631.5 10.5714
3632.5 14.4286
3633.5 9.42857
3634.5 18.2857
3635.5 19.2857
3636.5 9.57143
3637.5 12
3638.5 8.42857
3639.5 14
3640.5 28.5714
3641.5 17.2857
3642.5 6.85714
3643.5 -9.14286
3644.5 16.7143
3645.5 13.8571
3646.5 26
3647.5 12.7143
3648.5 5
3649.5 14.5714
3650.5 15
3651.5 2.71429
3652.5 1.71429
3653.5 13
3654.5 27.7143
3655.5 13.1429
3656.5 12.2857
3657.5 -6.28571
3658.5 7.14286
3659.5 23.5714
3660.5 39.4286
3661.5 9.57143
3662.5 13.5714
3663.5 20.5714
3664.5 30.4286
3665.5 0.285714
3666.5 6.28571
3667.5 19.2857
3668.5 22
3669.5 17.7143
3670.5 12
3671.5 5.28571
3672.5 2.28571
3673.5 3.14286
3674.5 12.8571
3675.5 12.4286
3676.5 13.1429
3677.5 24.1429
3678.5 -6.14286
3679.5 4
3680.5 24
3681.5 15.5714
3682.5 22.1429
3683.5 11.8571
3684.5 5.71429
3685.5 15.5714
3686.5 13.1429
3687.5 16.5714
3688.5 25.8571
3689.5 26.1429
3690.5 15.7143
3691.5 18.5714
3692.5 28.5714
3693.5 24.5714
3694.5 47
3695.5 37.7143
3696.5 90.8571
3697.5 114.857
3698.5 203.143
3699.5 217.714
3700.5 206.429
3701.5 103
3702.5 88.8571
3703.5 69.8571
3704.5 52.8571
3705.5 41.2857
3706.5 25.8571
3707.5 23.4286
3708.5 14.2857
3709.5 8.85714
3710.5 -7.28571
3711.5 3.14286
3712.5 -8.28571
3713.5 1.42857
3714.5 -3.42857
3715.5 -9.28571
3716.5 -4
3717.5 -2.71429
3718.5 -3
3719.5 -2.85714
3720.5 2.14286
3721.5 10.5714
3722.5 10.4286
3723.5 29.1429
3724.5 3
3725.5 16.4286
3726.5 22.8571
3727.5 14.2857
3728.5 -3.28571
3729.5 2.71429
3730.5 10.1429
3731.5 8.42857
3732.5 11.1429
3733.5 12.5714
3734.5 14.2857
3735.5 -1.42857
3736.5 3.85714
3737.5 1.71429
3738.5 21.8571
3739.5 27
3740.5 31.7143
3741.5 29.4286
3742.5 37.1429
3743.5 63
3744.5 75.1429
3745.5 83.7143
3746.5 50.1429
3747.5 39.8571
3748.5 37.4286
3749.5 27.4286
3750.5 23
3751.5 8.85714
3752.5 7.57143
3753.5 13.5714
3754.5 -1.42857
3755.5 9
3756.5 -7
3757.5 18
3758.5 12.7143
3759.5 14.8571
3760.5 8.14286
3761.5 11.2857
3762.5 10.5714
3763.5 16.1429
3764.5 10.8571
3765.5 3
3766.5 23.4286
3767.5 8.71429
3768.5 13.8571
3769.5 2.71429
3770.5 8.71429
3771.5 19
3772.5 11.8571
3773.5 11.8571
3774.5 7.28571
3775.5 10.5714
3776.5 14
3777.5 5.85714
3778.5 2.14286
3779.5 10.2857
3780.5 6.42857
3781.5 11.7143
3782.5 18.4286
3783.5 11.4286
3784.5 19.8571
3785.5 16.8571
3786.5 20.1429
3787.5 2
3788.5 15.4286
3789.5 19.2857
3790.5 20.4286
3791.5 56.4286
3792.5 67.4286
3793.5 65.4286
3794.5 67.5714
3795.5 83.4286
3796.5 41.2857
3797.5 36.4286
3798.5 35
3799.5 10.1429
3800.5 12.4286
3801.5 23.1429
3802.5 23.2857
3803.5 12.5714
3804.5 12.2857
3805.5 22.1429
3806.5 24.1429
3807.5 9.71429
3808.5 -1.28571
3809.5 13.7143
3810.5 7.14286
3811.5 9.28571
3812.5 5
3813.5 16.4286
3814.5 21
3815.5 11.7143
3816.5 4.57143
3817.5 8.57143
3818.5 -1.14286
3819.5 7.85714
3820.5 19.1429
3821.5 5
3822.5 1.85714
3823.5 2.71429
3824.5 9.85714
3825.5 0.142857
3826.5 17.7143
3827.5 1.14286
3828.5 19
3829.5 16.1429
3830.5 9
3831.5 11.5714
3832.5 15.8571
3833.5 14.5714
3834.5 5.85714
3835.5 6.14286
3836.5 20.8571
3837.5 10
3838.5 14.1429
3839.5 13
3840.5 10.8571
3841.5 14.8571
3842.5 14.4286
3843.5 4
3844.5 11
3845.5 14.2857
3846.5 14.2857
3847.5 7.57143
3848.5 23.4286
3849.5 20.8571
3850.5 18.5714
3851.5 10.5714
3852.5 25
3853.5 23.7143
3854.5 8.85714
3855.5 12.1429
3856.5 15
3857.5 8.42857
3858.5 7.71429
3859.5 -12.4286
3860.5 12.4286
3861.5 11.8571
3862.5 -11.5714
3863.5 -4.28571
3864.5 5.57143
3865.5 6.71429
3866.5 -3.71429
3867.5 11
3868.5 9.57143
3869.5 10.4286
3870.5 29.4286
3871.5 12.2857
3872.5 4.57143
3873.5 8.57143
3874.5 8.57143
3875.5 2
3876.5 16.2857
3877.5 -0.857143
3878.5 16.2857
3879.5 8
3880.5 8
3881.5 8.42857
3882.5 -3.71429
3883.5 16.1429
3884.5 -2.71429
3885.5 5.14286
3886.5 2.85714
3887.5 2.85714
3888.5 15
3889.5 3.85714
3890.5 12.4286
3891.5 12.1429
3892.5 18.7143
3893.5 8.85714
3894.5 16.5714
3895.5 30
3896.5 26.2857
3897.5 20.1429
3898.5 31.2857
3899.5 82.7143
3900.5 120.571
3901.5 205.429
3902.5 213.571
3903.5 195.286
3904.5 120.857
3905.5 51.8571
3906.5 32.1429
3907.5 -7.14286
3908.5 5.85714
3909.5 12.4286
3910.5 11.7143
3911.5 16
3912.5 3.71429
3913.5 11.7143
3914.5 2.14286
3915.5 5.14286
3916.5 14.4286
3917.5 14.5714
3918.5 5.42857
3919.5 6
3920.5 -5.28571
3921.5 6.14286
3922.5 23.1429
3923.5 5.14286
3924.5 21.7143
3925.5 -3.42857
3926.5 20.8571
3927.5 5.42857
3928.5 -7.85714
3929.5 7
3930.5 -1.42857
3931.5 16.5714
3932.5 1.28571
3933.5 0.571428
3934.5 -2.28571
3935.5 -2.42857
3936.5 12.2857
3937.5 -4.14286
3938.5 11.7143
3939.5 13
3940.5 7.42857
3941.5 2.85714
3942.5 14.7143
3943.5 14.1429
3944.5 19
3945.5 0.428571
3946.5 11
3947.5 8
3948.5 17.7143
3949.5 -1.85714
3950.5 16
3951.5 16.8571
3952.5 -2
3953.5 17.4286
3954.5 16.8571
3955.5 19.7143
3956.5 41.7143
3957.5 27.7143
3958.5 24.4286
3959.5 16.8571
3960.5 7.28571
3961.5 7.28571
3962.5 5.42857
3963.5 16.8571
3964.5 11.8571
3965.5 14.5714
3966.5 10.8571
3967.5 3.28571
3968.5 8.85714
3969.5 16
3970.5 17.8571
3971.5 -20.5714
3972.5 10.8571
3973.5 2.14286
3974.5 9
3975.5 10.5714
3976.5 17.5714
3977.5 9.57143
3978.5 11
3979.5 5.85714
3980.5 7.57143
3981.5 11.4286
3982.5 7.85714
3983.5 14.5714
3984.5 19.1429
3985.5 11.5714
3986.5 16.2857
3987.5 4.28571
3988.5 10.7143
3989.5 1.85714
3990.5 22.7143
3991.5 12.4286
3992.5 10.8571
3993.5 12.7143
3994.5 8.57143
3995.5 13.4286
3996.5 8.28571
3997.5 19.7143
3998.5 15.4286
3999.5 11.4286
4000.5 10.7143
4001.5 0.285714
4002.5 4
4003.5 3.42857
4004.5 5.85714
4005.5 2
4006.5 6.85714
4007.5 -0.571429
4008.5 3.28571
4009.5 8.85714
4010.5 17.7143
4011.5 6.28571
4012.5 6.14286
4013.5 -1.42857
4014.5 6.42857
4015.5 1.57143
4016.5 6
4017.5 17.5714
4018.5 16.2857
4019.5 -4
4020.5 6.14286
4021.5 15.7143
4022.5 5.71429
4023.5 15
4024.5 -4.42857
4025.5 -1.57143
4026.5 -18.2857
4027.5 8
4028.5 -9.57143
4029.5 8.85714
4030.5 13.5714
4031.5 4.14286
4032.5 3.57143
4033.5 22
4034.5 -0.857143
4035.5 4
4036.5 -2.71429
4037.5 8.28571
4038.5 12.2857
4039.5 0.571428
4040.5 11.4286
4041.5 13
4042.5 19
4043.5 2
4044.5 17
4045.5 9.71429
4046.5 11
4047.5 5.42857
4048.5 2.57143
4049.5 11.4286
4050.5 1.57143
4051.5 10.5714
4052.5 7.42857
4053.5 16
4054.5 9.57143
4055.5 11.2857
4056.5 22.5714
4057.5 14.8571
4058.5 13.8571
4059.5 36.5714
4060.5 56
4061.5 40.5714
4062.5 53.2857
4063.5 55.4286
4064.5 25.2857
4065.5 17
4066.5 26.4286
4067.5 9.71429
4068.5 24.1429
4069.5 7.28571
4070.5 19.4286
4071.5 7.42857
4072.5 8.57143
4073.5 -3.14286
4074.5 5
4075.5 6.14286
4076.5 12.7143
4077.5 12.4286
4078.5 12
4079.5 9.42857
4080.5 7.28571
4081.5 5.71429
4082.5 4.71429
4083.5 3.42857
4084.5 2.71429
4085.5 4.85714
4086.5 9.71429
4087.5 23.5714
4088.5 7
4089.5 4
4090.5 3.85714
4091.5 13.7143
4092.5 5.14286
4093.5 6.85714
4094.5 6.42857
4095.5 8.28571
4096.5 13
4097.5 16.2857
4098.5 9
4099.5 12.1429
4100.5 -0.285715
4101.5 -4
4102.5 11.7143
4103.5 7
4104.5 13.7143
4105.5 14.7143
4106.5 -0.428572
4107.5 2.14286
4108.5 16
4109.5 -6.28571
4110.5 13.8571
4111.5 5.42857
4112.5 10.7143
4113.5 29.4286
4114.5 21.1429
4115.5 4.14286
4116.5 8.57143
4117.5 16.7143
4118.5 18.4286
4119.5 14.7143
4120.5 2.85714
4121.5 16.1429
4122.5 10
4123.5 7.57143
4124.5 26.7143
4125.5 18.5714
4126.5 20
4127.5 12.5714
4128.5 46.2857
4129.5 25.7143
4130.5 12.4286
4131.5 6.85714
4132.5 14.7143
4133.5 5.14286
4134.5 16.1429
4135.5 5.42857
4136.5 11
4137.5 19.2857
4138.5 15.8571
4139.5 1
4140.5 9.57143
4141.5 15.5714
4142.5 27.7143
4143.5 12.7143
4144.5 -3.14286
4145.5 7
4146.5 6
4147.5 15.8571
4148.5 17.1429
4149.5 11.7143
4150.5 15.7143
4151.5 8
4152.5 7.71429
4153.5 11.8571
4154.5 10.5714
4155.5 9.42857
4156.5 10.2857
4157.5 8.57143
4158.5 6.14286
4159.5 2.71429
4160.5 2.28571
4161.5 1
4162.5 3.71429
4163.5 0.857143
4164.5 19.2857
4165.5 20.1429
4166.5 16.7143
4167.5 23.2857
4168.5 -3.71429
4169.5 -4.42857
4170.5 8.14286
4171.5 -1.14286
4172.5 7.14286
4173.5 4.42857
4174.5 3.71429
4175.5 5
4176.5 4.14286
4177.5 9.42857
4178.5 8.28571
4179.5 11
4180.5 0.285714
4181.5 -5.85714
4182.5 6.14286
4183.5 13.7143
4184.5 22.7143
4185.5 4.42857
4186.5 2
4187.5 19
4188.5 -4.14286
4189.5 7.42857
4190.5 4
4191.5 7.14286
4192.5 8
4193.5 13.4286
4194.5 19.1429
4195.5 0.285714
4196.5 9.14286
4197.5 2.14286
4198.5 9
4199.5 4.28571
4200.5 8.14286
4201.5 12.5714
4202.5 10
4203.5 5.71429
4204.5 9.14286
4205.5 15.5714
4206.5 6.28571
4207.5 14.5714
4208.5 18.7143
4209.5 8.14286
4210.5 -12.1429
4211.5 -13.1429
4212.5 6.57143
4213.5 9.28571
4214.5 12.1429
4215.5 12
4216.5 8.14286
4217.5 -6.14286
4218.5 4.42857
4219.5 9.28571
4220.5 8
4221.5 0.428571
4222.5 14.2857
4223.5 -5.14286
4224.5 -0.142857
4225.5 -6.71429
4226.5 -4
4227.5 3.14286
4228.5 14
4229.5 1.85714
4230.5 7.14286
4231.5 12.7143
4232.5 5.57143
4233.5 10.1429
4234.5 14.4286
4235.5 4.85714
4236.5 -3
4237.5 7
4238.5 0.857143
4239.5 20.1429
4240.5 15.7143
4241.5 1.28571
4242.5 15.8571
4243.5 8.28571
4244.5 4.57143
4245.5 1.28571
4246.5 4.57143
4247.5 4.57143
4248.5 12.1429
4249.5 5.57143
4250.5 29.2857
4251.5 22.1429
4252.5 26.4286
4253.5 67.7143
4254.5 79.5714
4255.5 138.571
4256.5 130
4257.5 113.286
4258.5 76.1429
4259.5 59.4286
4260.5 54.5714
4261.5 28.5714
4262.5 19.1429
4263.5 17.8571
4264.5 13.7143
4265.5 3.14286
4266.5 3.85714
4267.5 8.85714
4268.5 3.42857
4269.5 1.57143
4270.5 4.57143
4271.5 2
4272.5 -2.38419e-07
4273.5 3.85714
4274.5 1.71429
4275.5 -1.71429
4276.5 -10.8571
4277.5 0.142857
4278.5 -3.14286
4279.5 4.57143
4280.5 -8.57143
4281.5 1.14286
4282.5 4.57143
4283.5 7.85714
4284.5 3.14286
4285.5 16.8571
4286.5 9.14286
4287.5 10.1429
4288.5 4.42857
4289.5 3.71429
4290.5 3.85714
4291.5 0.285714
4292.5 0.571428
4293.5 -2
4294.5 1.14286
4295.5 -1.71429
4296.5 8.85714
4297.5 3.42857
4298.5 20.1429
4299.5 17.5714
4300.5 50.4286
4301.5 66.2857
4302.5 135.571
4303.5 180.286
4304.5 257.571
4305.5 312.857
4306.5 216.286
4307.5 140.571
4308.5 72.4286
4309.5 52.5714
4310.5 20.2857
4311.5 17
4312.5 10.5714
4313.5 14.5714
4314.5 -3.28571
4315.5 8
4316.5 4.85714
4317.5 -6
4318.5 9.71429
4319.5 9
4320.5 17.1429
4321.5 3.85714
4322.5 7.71429
4323.5 5.57143
4324.5 5.71429
4325.5 6.71429
4326.5 8.85714
4327.5 6
4328.5 6.14286
4329.5 12.2857
4330.5 14.8571
4331.5 11.7143
4332.5 17.4286
4333.5 8.14286
4334.5 10.5714
4335.5 -1.42857
4336.5 16.7143
4337.5 -0.285715
4338.5 12.8571
4339.5 2.42857
4340.5 3.71429
4341.5 10.7143
4342.5 5
4343.5 13.8571
4344.5 14.4286
4345.5 13.1429
4346.5 7.14286
4347.5 10.4286
4348.5 2.71429
4349.5 6.71429
4350.5 -7.57143
4351.5 4.14286
4352.5 4.42857
4353.5 1.28571
4354.5 4.85714
4355.5 -3.28571
4356.5 4.85714
4357.5 2.85714
4358.5 -7.57143
4359.5 9.85714
4360.5 -1.14286
4361.5 9
4362.5 -5.57143
4363.5 -4.14286
4364.5 6.71429
4365.5 2.57143
4366.5 -1.42857
4367.5 -4.42857
4368.5 7.28571
4369.5 3.42857
4370.5 -13.7143
4371.5 8.42857
4372.5 2
4373.5 -5
4374.5 1.57143
4375.5 10.8571
4376.5 -2.28571
4377.5 -1.85714
4378.5 8.85714
4379.5 4.14286
4380.5 -2.38419e-07
4381.5 0.714285
4382.5 11.8571
4383.5 11.2857
4384.5 -7.57143
4385.5 19
4386.5 6.71429
4387.5 8
4388.5 3
4389.5 9.57143
4390.5 11
4391.5 4.28571
4392.5 1.42857
4393.5 5.85714
4394.5 11.7143
4395.5 2
4396.5 6.42857
4397.5 -2.14286
4398.5 13.4286
4399.5 8.57143
4400.5 15
4401.5 -1.42857
4402.5 8
4403.5 3.14286
4404.5 3.71429
4405.5 2.28571
4406.5 -12.4286
4407.5 2.14286
4408.5 1.57143
4409.5 -2.85714
4410.5 -0.428572
4411.5 -3.57143
4412.5 -6
4413.5 -7.14286
4414.5 11
4415.5 7.85714
4416.5 -5.42857
4417.5 -1.42857
4418.5 9.14286
4419.5 0.428571
4420.5 -4.57143
4421.5 8.85714
4422.5 5.14286
4423.5 0.571428
4424.5 11
4425.5 -6.57143
4426.5 -4.57143
4427.5 2
4428.5 -0.571429
4429.5 17
4430.5 0.571428
4431.5 2.57143
4432.5 -4.57143
4433.5 19.7143
4434.5 0.285714
4435.5 -11.4286
4436.5 -11.4286
4437.5 1.42857
4438.5 -1.78814e-07
4439.5 -0.142857
4440.5 -5.71429
4441.5 -0.857143
4442.5 12.4286
4443.5 -0.857143
4444.5 -4.28571
4445.5 2.42857
4446.5 0.714286
4447.5 13
4448.5 4.57143
4449.5 14
4450.5 16.7143
4451.5 10.4286
4452.5 3.14286
4453.5 7.71429
4454.5 1
4455.5 -13.2857
4456.5 -8.14286
4457.5 -13.2857
4458.5 -12.8571
4459.5 -18.1429
4460.5 -2.14286
4461.5 -5.71429
4462.5 -2.71429
4463.5 7.71429
4464.5 0.714286
4465.5 -0.142857
4466.5 1
4467.5 -5.85714
4468.5 -5.71429
4469.5 9.14286
4470.5 -6.28571
4471.5 16.1429
4472.5 0.142857
4473.5 -11.4286
4474.5 3.57143
4475.5 1.57143
4476.5 -1
4477.5 -0.714286
4478.5 9.14286
4479.5 -4.71429
4480.5 2.57143
4481.5 4.14286
4482.5 12.8571
4483.5 -1.57143
4484.5 -7.28571
4485.5 -7.28571
4486.5 2.14286
4487.5 7
4488.5 4.28571
4489.5 -1
4490.5 -0.428572
4491.5 14.7143
4492.5 4.71429
4493.5 3.28571
4494.5 -3.14286
4495.5 -2.57143
4496.5 17.7143
4497.5 -1.28571
4498.5 0.857143
4499.5 14.2857
4500.5 2.14286
4501.5 13.1429
4502.5 -1
4503.5 0.285714
4504.5 -8.57143
4505.5 2.42857
4506.5 2
4507.5 -8.71429
4508.5 -0.428572
4509.5 -4.57143
4510.5 5.42857
4511.5 1.85714
4512.5 4.71429
4513.5 14
4514.5 4
4515.5 -5.85714
4516.5 1.14286
4517.5 -7.57143
4518.5 6.57143
4519.5 3.71429
4520.5 4.57143
4521.5 7.85714
4522.5 -1.85714
4523.5 12
4524.5 6.14286
4525.5 3.42857
4526.5 2.85714
4527.5 12.7143
4528.5 -7
4529.5 -0.857143
4530.5 -7.57143
4531.5 -2.57143
4532.5 -11.7143
4533.5 -9.71429
4534.5 5.57143
4535.5 6.85714
4536.5 -3.57143
4537.5 1.14286
4538.5 1.85714
4539.5 -1
4540.5 -7.71429
4541.5 9
4542.5 -2.42857
4543.5 2.28571
4544.5 4.28571
4545.5 -0.857143
4546.5 -0.571429
4547.5 -3.28571
4548.5 7.71429
4549.5 11.5714
4550.5 12.4286
4551.5 9.85714
4552.5 -4
4553.5 13
4554.5 0.714286
4555.5 10.8571
4556.5 12.1429
4557.5 4.71429
4558.5 4.85714
4559.5 6.85714
4560.5 1.57143
4561.5 4.42857
4562.5 3.57143
4563.5 6.42857
4564.5 7.57143
4565.5 3.28571
4566.5 18.1429
4567.5 23.4286
4568.5 24.5714
4569.5 38
4570.5 82.8571
4571.5 72.4286
4572.5 94.8571
4573.5 98.1429
4574.5 75.8571
4575.5 48.8571
4576.5 24.1429
4577.5 13.1429
4578.5 17
4579.5 -0.428572
4580.5 3.57143
4581.5 2.28571
4582.5 4.71429
4583.5 7
4584.5 3.57143
4585.5 6
4586.5 0.285714
4587.5 12.7143
4588.5 -3.71429
4589.5 3.42857
4590.5 3
4591.5 -1
4592.5 5.28571
4593.5 4.28571
4594.5 11.7143
4595.5 3.57143
4596.5 5
4597.5 -0.714286
4598.5 -2.28571
4599.5 -3
4600.5 -7.42857
4601.5 3.57143
4602.5 -10.1429
4603.5 -5
4604.5 7
4605.5 2.57143
4606.5 4.71429
4607.5 -2.57143
4608.5 4.42857
4609.5 7.85714
4610.5 3.71429
4611.5 15.2857
4612.5 6.85714
4613.5 14.7143
4614.5 3.42857
4615.5 9.71429
4616.5 -0.285715
4617.5 11.2857
4618.5 9.57143
4619.5 1.57143
4620.5 -4.85714
4621.5 -0.714286
4622.5 1.14286
4623.5 12.7143
4624.5 -6.42857
4625.5 6.14286
4626.5 -5.14286
4627.5 7.42857
4628.5 -1
4629.5 -5.42857
4630.5 -1.57143
4631.5 0.571428
4632.5 10.1429
4633.5 -6.42857
4634.5 -5.85714
4635.5 -7
4636.5 1.57143
4637.5 -9.42857
4638.5 -7.42857
4639.5 17.5714
4640.5 -3
4641.5 8.28571
4642.5 3.57143
4643.5 5.85714
4644.5 9
4645.5 4.14286
4646.5 -2.28571
4647.5 11.7143
4648.5 6
4649.5 2.14286
4650.5 -1
4651.5 -7
4652.5 -0.428572
4653.5 2
4654.5 8.28571
4655.5 1.42857
4656.5 -2.57143
4657.5 -6.71429
4658.5 4.14286
4659.5 -4.71429
4660.5 3.42857
4661.5 -7.57143
4662.5 -3.42857
4663.5 13.1429
4664.5 2.71429
4665.5 9.28571
4666.5 1
4667.5 -3.28571
4668.5 7
4669.5 0.714286
4670.5 2.14286
4671.5 -2.42857
4672.5 -3.14286
4673.5 1.71429
4674.5 -3.28571
4675.5 -3.85714
4676.5 3.85714
4677.5 -1.28571
4678.5 -2.14286
4679.5 7
4680.5 10.4286
4681.5 13.5714
4682.5 -9.42857
4683.5 -12
4684.5 -2.42857
4685.5 2.28571
4686.5 -1.57143
4687.5 12.5714
4688.5 8.57143
4689.5 5.85714
4690.5 -5.71429
4691.5 6.28571
4692.5 5.42857
4693.5 -1.42857
4694.5 -9
4695.5 -8.28571
4696.5 5
4697.5 1.71429
4698.5 -7.42857
4699.5 -1.57143
4700.5 7.85714
4701.5 -2.28571
4702.5 4
4703.5 6.14286
4704.5 4.28571
4705.5 -2.28571
4706.5 -4.14286
4707.5 6.14286
4708.5 -2.14286
4709.5 4.71429
4710.5 5.14286
4711.5 -0.142857
4712.5 -3.42857
4713.5 3.85714
4714.5 7.85714
4715.5 -1.71429
4716.5 -3.28571
4717.5 -0.142857
4718.5 10.2857
4719.5 4.57143
4720.5 -2.14286
4721.5 2.28571
4722.5 1.57143
4723.5 -3.71429
4724.5 3.57143
4725.5 2.85714
4726.5 -5.71429
4727.5 -1.71429
4728.5 -2.28571
4729.5 -1.14286
4730.5 1.42857
4731.5 3.14286
4732.5 4.85714
4733.5 0.142857
4734.5 -3.14286
4735.5 3.14286
4736.5 1.71429
4737.5 3.42857
4738.5 8.28571
4739.5 3.71429
4740.5 3
4741.5 10.8571
4742.5 0.142857
4743.5 -4.14286
4744.5 -1.14286
4745.5 4.14286
4746.5 8.85714
4747.5 3.57143
4748.5 0.142857
4749.5 -2
4750.5 2.85714
4751.5 7
4752.5 -4.71429
4753.5 -7.85714
4754.5 13.7143
4755.5 -1.71429
4756.5 4.85714
4757.5 3.14286
4758.5 4
4759.5 -1.19209e-07
4760.5 -1.19209e-07
4761.5 -0.571429
4762.5 1.71429
4763.5 -2
4764.5 2.42857
4765.5 5.28571
4766.5 0.285714
4767.5 1.57143
4768.5 4.71429
4769.5 -2.14286
4770.5 4.42857
4771.5 2.57143
4772.5 9.28571
4773.5 4
4774.5 13
4775.5 -4.85714
4776.5 2.57143
4777.5 -4.57143
4778.5 7.42857
4779.5 2.57143
4780.5 1.28571
4781.5 3.71429
4782.5 -8.71429
4783.5 -8.28571
4784.5 0.714286
4785.5 -8.42857
4786.5 -15.4286
4787.5 -4
4788.5 1.57143
4789.5 1.42857
4790.5 -7.71429
4791.5 0.428571
4792.5 -1.42857
4793.5 -7.42857
4794.5 -5.42857
4795.5 1.57143
4796.5 -1.28571
4797.5 9.57143
4798.5 0.714286
4799.5 -2.71429
4800.5 4.42857
4801.5 6
4802.5 -8.85714
4803.5 -9.85714
4804.5 -4.85714
4805.5 -3.42857
4806.5 1.57143
4807.5 3
4808.5 0.857143
4809.5 -1.85714
4810.5 -0.285714
4811.5 7.14286
4812.5 1.85714
4813.5 -11.1429
4814.5 -1.85714
4815.5 -2.28571
4816.5 3.28571
4817.5 13.1429
4818.5 11.2857
4819.5 4.57143
4820.5 25.8571
4821.5 25.1429
4822.5 19.1429
4823.5 6
4824.5 6.71429
4825.5 0.142857
4826.5 -6
4827.5 4.71429
4828.5 2
4829.5 -1.14286
4830.5 -4.14286
4831.5 3.28571
4832.5 6.71429
4833.5 -5.14286
4834.5 2.57143
4835.5 1.14286
4836.5 0.142857
4837.5 5.85714
4838.5 4
4839.5 2.14286
4840.5 2.14286
4841.5 -6.71429
4842.5 9.42857
4843.5 -5.28571
4844.5 -5.28571
4845.5 -4
4846.5 5.14286
4847.5 -1.42857
4848.5 -2.28571
4849.5 -2
4850.5 1.28571
4851.5 6.14286
4852.5 -1
4853.5 2.57143
4854.5 1.85714
4855.5 -2.14286
4856.5 -0.142857
4857.5 -8.71429
4858.5 -4.28571
4859.5 6.57143
4860.5 3.57143
4861.5 -10.4286
4862.5 3.57143
4863.5 -3.85714
4864.5 4
4865.5 5.28571
4866.5 10
4867.5 -6.14286
4868.5 -0.857143
4869.5 0.142857
4870.5 -4
4871.5 4.71429
4872.5 -7.14286
4873.5 4.42857
4874.5 -1.14286
4875.5 5.28571
4876.5 5.42857
4877.5 2.28571
4878.5 1.42857
4879.5 -4.57143
4880.5 -2
4881.5 2.57143
4882.5 2.57143
4883.5 -1.71429
4884.5 9
4885.5 3.85714
4886.5 -5.14286
4887.5 -3.28571
4888.5 -9.42857
4889.5 3.14286
4890.5 -10.8571
4891.5 -3.85714
4892.5 4
4893.5 5.42857
4894.5 1.57143
4895.5 -7.14286
4896.5 -2.71429
4897.5 -1.85714
4898.5 2.28571
4899.5 -6.14286
4900.5 -5
4901.5 0.714286
4902.5 -0.571429
4903.5 -1.85714
4904.5 2
4905.5 6.28571
4906.5 4.71429
4907.5 3.85714
4908.5 5.85714
4909.5 -0.714286
4910.5 -3.42857
4911.5 -3.28571
4912.5 2.71429
4913.5 1.14286
4914.5 -0.285714
4915.5 11.5714
4916.5 2.28571
4917.5 0.714286
4918.5 -2.38419e-07
4919.5 9.85714
4920.5 3.28571
4921.5 3
4922.5 -0.285714
4923.5 2.57143
4924.5 7.71429
4925.5 -7.14286
4926.5 10.7143
4927.5 1.71429
4928.5 8.57143
4929.5 0.571428
4930.5 5.28571
4931.5 -4
4932.5 0.142857
4933.5 -1.14286
4934.5 4.28571
4935.5 5
4936.5 -1
4937.5 2.28571
4938.5 -0.142857
4939.5 -1.71429
4940.5 4.85714
4941.5 3.85714
4942.5 10.5714
4943.5 -2.14286
4944.5 9.57143
4945.5 -3.14286
4946.5 -7.71429
4947.5 -1
4948.5 -1.19209e-07
4949.5 10.2857
4950.5 -1.19209e-07
4951.5 2.71429
4952.5 -1.19209e-07
4953.5 2.28571
4954.5 5
4955.5 0.285714
4956.5 6.28571
4957.5 1.42857
4958.5 9.14286
4959.5 6.42857
4960.5 11.7143
4961.5 -0.857143
4962.5 -6.85714
4963.5 -3.14286
4964.5 -4
4965.5 1
4966.5 -1.85714
4967.5 2.42857
4968.5 5.85714
4969.5 5.85714
4970.5 2.71429
4971.5 -1.28571
4972.5 4.85714
4973.5 3
4974.5 1.28571
4975.5 -0.285714
4976.5 -1.28571
4977.5 -10.4286
4978.5 1.42857
4979.5 -5.85714
4980.5 -1.28571
4981.5 8.85714
4982.5 9.71429
4983.5 -2.85714
4984.5 -1.71429
4985.5 -2.57143
4986.5 -4.14286
4987.5 -13.7143
4988.5 0.428571
4989.5 3.42857
4990.5 -9.14286
4991.5 2.28571
4992.5 2.85714
4993.5 -0.285714
4994.5 2
4995.5 -0.571429
4996.5 -5.28571
4997.5 3.85714
4998.5 -4.42857
4999.5 3
5000.5 -0.857143
5001.5 4.71429
5002.5 -5.85714
5003.5 -3.71429
5004.5 4.14286
5005.5 10.7143
5006.5 -3.42857
5007.5 -1.71429
5008.5 5.57143
5009.5 7
5010.5 -1
5011.5 -5.85714
5012.5 0.857143
5013.5 1.28571
5014.5 7.42857
5015.5 6.71429
5016.5 -0.142857
5017.5 -2.14286
5018.5 5.28571
5019.5 -2
5020.5 -7.14286
5021.5 0.714286
5022.5 -2.57143
5023.5 4.85714
5024.5 6.14286
5025.5 -6.28571
5026.5 0.285714
5027.5 -8.71429
5028.5 -4.42857
5029.5 -4.14286
5030.5 3.14286
5031.5 -0.857143
5032.5 -5.28571
5033.5 3.42857
5034.5 7.71429
5035.5 4.85714
5036.5 6.57143
5037.5 -3.14286
5038.5 4
5039.5 -1.28571
5040.5 4.28571
5041.5 7.57143
5042.5 -6.71429
5043.5 5.14286
5044.5 -0.857143
5045.5 1.57143
5046.5 -3.71429
5047.5 2.57143
5048.5 4.28571
5049.5 0.285714
5050.5 4.28571
5051.5 -5.42857
5052.5 -1.28571
5053.5 0.428571
5054.5 4
5055.5 2.57143
5056.5 1.42857
5057.5 8.42857
5058.5 2.42857
5059.5 -0.142857
5060.5 5.42857
5061.5 1.85714
5062.5 11.7143
5063.5 -2.85714
5064.5 -1.14286
5065.5 -6.14286
5066.5 -3.71429
5067.5 1.28571
5068.5 -6.14286
5069.5 2.71429
5070.5 -2.14286
5071.5 0.571428
5072.5 -4.71429
5073.5 3.14286
5074.5 -3.71429
5075.5 0.428571
5076.5 8.14286
5077.5 -6.42857
5078.5 -4.71429
5079.5 -5.57143
5080.5 -2.28571
5081.5 2.57143
5082.5 -9.14286
5083.5 -0.142857
5084.5 0.428571
5085.5 -1.42857
5086.5 7.85714
5087.5 -11
5088.5 0.714285
5089.5 4.71429
5090.5 -1.85714
5091.5 -3.85714
5092.5 -2.38419e-07
5093.5 6
5094.5 -4.57143
5095.5 1.28571
5096.5 1.42857
5097.5 -8
5098.5 2.85714
5099.5 -0.428572
5100.5 4.14286
5101.5 0.571428
5102.5 -12.5714
5103.5 -8.71429
5104.5 -8
5105.5 5.28571
5106.5 3.14286
5107.5 -2.14286
5108.5 -1
5109.5 -3.57143
5110.5 1.85714
5111.5 5.42857
5112.5 10.1429
5113.5 -6.85714
5114.5 -3.28571
5115.5 9.42857
5116.5 -0.428572
5117.5 -1.57143
5118.5 -5
5119.5 5.28571
5120.5 1.42857
5121.5 7.28571
5122.5 2.14286
5123.5 4.71429
5124.5 5.71429
5125.5 0.857143
5126.5 5
5127.5 -1.14286
5128.5 3.42857
5129.5 3.85714
5130.5 1.85714
5131.5 1
5132.5 7.28571
5133.5 -8.28571
5134.5 3.14286
5135.5 13.8571
5136.5 -9.28571
5137.5 11.4286
5138.5 -0.285714
5139.5 3.71429
5140.5 -5
5141.5 -6.71429
5142.5 -1.71429
5143.5 8.14286
5144.5 0.142857
5145.5 -1.28571
5146.5 -4.28571
5147.5 -0.571429
5148.5 -1
5149.5 -0.285714
5150.5 -0.428572
5151.5 0.857143
5152.5 -0.714286
5153.5 -0.428572
5154.5 0.571428
5155.5 5.57143
5156.5 5.42857
5157.5 0.285714
5158.5 4.57143
5159.5 -8
5160.5 -6.85714
5161.5 6.85714
5162.5 4.57143
5163.5 3.71429
5164.5 1.85714
5165.5 -3.28571
5166.5 6.71429
5167.5 5.85714
5168.5 4.71429
5169.5 -1.42857
5170.5 3.14286
5171.5 -1.85714
5172.5 6.71429
5173.5 2.85714
5174.5 3.71429
5175.5 3
5176.5 -2.57143
5177.5 -5.71429
5178.5 5.57143
5179.5 -10.1429
5180.5 6.28571
5181.5 -6.57143
5182.5 2.14286
5183.5 6
5184.5 2.57143
5185.5 3
5186.5 2.14286
5187.5 0.571428
5188.5 9
5189.5 -2.14286
5190.5 3.71429
5191.5 -1.85714
5192.5 9.85714
5193.5 -4.42857
5194.5 9.28571
5195.5 2.71429
5196.5 -2.85714
5197.5 2.85714
5198.5 -1.14286
5199.5 4.85714
5200.5 2.42857
5201.5 -2
5202.5 -3.28571
5203.5 3.71429
5204.5 7.42857
5205.5 -1.19209e-07
5206.5 1.85714
5207.5 -2.57143
5208.5 6.85714
5209.5 -4.28571
5210.5 -3.14286
5211.5 -3.71429
5212.5 4.42857
5213.5 -3.42857
5214.5 1.85714
5215.5 6.14286
5216.5 -0.571429
5217.5 2.57143
5218.5 -3.28571
5219.5 -4.57143
5220.5 2
5221.5 3
5222.5 4
5223.5 9
5224.5 2.28571
5225.5 1.85714
5226.5 11.4286
5227.5 -0.428572
5228.5 -0.857143
5229.5 -2
5230.5 -6.71429
5231.5 -0.285714
5232.5 -0.285714
5233.5 -2.57143
5234.5 -2.14286
5235.5 4.28571
5236.5 -2.14286
5237.5 1.57143
5238.5 1.85714
5239.5 6.71429
5240.5 -4.42857
5241.5 -5
5242.5 5.85714
5243.5 -6.57143
5244.5 1.71429
5245.5 17.2857
5246.5 2.57143
5247.5 10.4286
5248.5 -2
5249.5 0.714286
5250.5 -0.714286
5251.5 0.285714
5252.5 -2.42857
5253.5 -1.42857
5254.5 -1
5255.5 -1.28571
5256.5 -7.85714
5257.5 -0.142857
5258.5 -2.71429
5259.5 -2.14286
5260.5 -2.28571
5261.5 2.57143
5262.5 -2.57143
5263.5 -5.71429
5264.5 -6.57143
5265.5 -1
5266.5 -0.285714
5267.5 11
5268.5 5.57143
5269.5 -2.85714
5270.5 -0.142857
5271.5 5.71429
5272.5 11.1429
5273.5 -6.14286
5274.5 4.85714
5275.5 -3.42857
5276.5 -5
5277.5 -0.285714
5278.5 4.85714
5279.5 0.285714
5280.5 -5.14286
5281.5 -5.14286
5282.5 1.57143
5283.5 6.57143
5284.5 -5
5285.5 -6.28571
5286.5 8.14286
5287.5 8.57143
5288.5 1.14286
5289.5 -3.28571
5290.5 2.14286
5291.5 -5
5292.5 -2.28571
5293.5 -2.14286
5294.5 -1
5295.5 0.714286
5296.5 2.42857
5297.5 5
5298.5 0.285714
5299.5 -5.28571
5300.5 2
5301.5 -3
5302.5 -8.28571
5303.5 4.85714
5304.5 -5.71429
5305.5 -4.42857
5306.5 6.42857
5307.5 -0.142857
5308.5 -0.571429
5309.5 -3.42857
5310.5 -1.42857
5311.5 4
5312.5 -0.142857
5313.5 3
5314.5 0.571428
5315.5 5.71429
5316.5 -7.42857
5317.5 0.857143
5318.5 -1.14286
5319.5 -2.14286
5320.5 0.571428
5321.5 0.428571
5322.5 -0.571429
5323.5 1.42857
5324.5 1.71429
5325.5 1.57143
5326.5 9.85714
5327.5 -1.14286
5328.5 2.28571
5329.5 14.5714
5330.5 11.2857
5331.5 13.4286
5332.5 19.8571
5333.5 13.5714
5334.5 11.2857
5335.5 12.7143
5336.5 12
5337.5 14.7143
5338.5 -0.857143
5339.5 -9
5340.5 0.857143
5341.5 -11.2857
5342.5 2.28571
5343.5 -1.14286
5344.5 1.71429
5345.5 3.71429
5346.5 14.7143
5347.5 -7.42857
5348.5 0.428571
5349.5 -4.85714
5350.5 2.57143
5351.5 1
5352.5 0.285714
5353.5 6.85714
5354.5 2.57143
5355.5 2.42857
5356.5 10
5357.5 -4.42857
5358.5 3.14286
5359.5 3.14286
5360.5 3.42857
5361.5 6.14286
5362.5 4.71429
5363.5 -2.42857
5364.5 2.57143
5365.5 2.28571
5366.5 -2.42857
5367.5 2.57143
5368.5 -2.42857
5369.5 3
5370.5 7.42857
5371.5 4.42857
5372.5 3.71429
5373.5 -2.85714
5374.5 2.28571
5375.5 -3.71429
5376.5 -4
5377.5 4.57143
5378.5 -2
5379.5 7.14286
5380.5 -2.42857
5381.5 4.57143
5382.5 -1.42857
5383.5 -3.42857
5384.5 -1.71429
5385.5 -8.14286
5386.5 -4.28571
5387.5 -1.28571
5388.5 7.28571
5389.5 -12.4286
5390.5 -5.14286
5391.5 8
5392.5 -2.28571
5393.5 -7.28571
5394.5 4
5395.5 -3.42857
5396.5 -4.28571
5397.5 -8.42857
5398.5 -6.42857
5399.5 -9.42857
5400.5 -5.28571
5401.5 4.57143
5402.5 0.571428
5403.5 0.285714
5404.5 1.14286
5405.5 2.57143
5406.5 -3
5407.5 2.71429
5408.5 -5.28571
5409.5 0.428571
5410.5 -3.42857
5411.5 1
5412.5 -5.96046e-08
5413.5 5
5414.5 6.85714
5415.5 -0.285714
5416.5 4.28571
5417.5 -4.28571
5418.5 -1.85714
5419.5 -1.71429
5420.5 0.714286
5421.5 -7
5422.5 -2.71429
5423.5 2.71429
5424.5 1.71429
5425.5 1.14286
5426.5 4.57143
5427.5 1.42857
5428.5 -0.428572
5429.5 -3.42857
5430.5 9.28571
5431.5 -5.71429
5432.5 9.57143
5433.5 3.85714
5434.5 0.571428
5435.5 7
5436.5 5.42857
5437.5 1.42857
5438.5 1.85714
5439.5 -2.28571
5440.5 4.28571
5441.5 3
5442.5 4.57143
5443.5 0.714286
5444.5 -0.571429
5445.5 -4.14286
5446.5 7.57143
5447.5 2.42857
5448.5 -3.42857
5449.5 -3.28571
5450.5 -0.428572
5451.5 0.857143
5452.5 -1.71429
5453.5 -0.571429
5454.5 4.57143
5455.5 -0.142857
5456.5 -2.42857
5457.5 3.85714
5458.5 3.28571
5459.5 4.42857
5460.5 -6.85714
5461.5 -1.57143
5462.5 1.71429
5463.5 2.14286
5464.5 -3.42857
5465.5 3.57143
5466.5 1
5467.5 -1.19209e-07
5468.5 -7.85714
5469.5 -0.285714
5470.5 4.42857
5471.5 -1.85714
5472.5 -3.57143
5473.5 0.857143
5474.5 -1.14286
5475.5 3.85714
5476.5 4.28571
5477.5 2.28571
5478.5 2.14286
5479.5 -7
5480.5 -4.28571
5481.5 -8.71429
5482.5 0.142857
5483.5 4
5484.5 3.42857
5485.5 3.14286
5486.5 0.142857
5487.5 3.14286
5488.5 -13.5714
5489.5 -9.85714
5490.5 5.42857
5491.5 9.28571
5492.5 -3.14286
5493.5 12.1429
5494.5 3.71429
5495.5 4.14286
5496.5 1.42857
5497.5 -4.71429
5498.5 11.4286
5499.5 -0.571429
5500.5 -1.42857
5501.5 4.57143
5502.5 5
5503.5 0.142857
5504.5 15.7143
5505.5 -0.571429
5506.5 3.14286
5507.5 1.42857
5508.5 6
5509.5 2.28571
5510.5 -1.71429
5511.5 1.28571
5512.5 -2.71429
5513.5 3.85714
5514.5 -6.14286
5515.5 -3.14286
5516.5 6
5517.5 -1.71429
5518.5 0.857143
5519.5 -4.71429
5520.5 2.71429
5521.5 -1.71429
5522.5 -0.142857
5523.5 -4.14286
5524.5 -0.285714
5525.5 0.428571
5526.5 -6.57143
5527.5 -2.28571
5528.5 3
5529.5 0.571428
5530.5 -7.71429
5531.5 4.42857
5532.5 -8.42857
5533.5 0.142857
5534.5 -4.28571
5535.5 -6.14286
5536.5 -6.71429
5537.5 10
5538.5 -1.85714
5539.5 4.71429
5540.5 -0.857143
5541.5 -4.14286
5542.5 5.85714
5543.5 2.28571
5544.5 -0.142857
5545.5 3.42857
5546.5 0.142857
5547.5 -2.14286
5548.5 -1
5549.5 2.14286
5550.5 4.42857
5551.5 2.85714
5552.5 2.14286
5553.5 1
5554.5 -1.57143
5555.5 0.857143
5556.5 4
5557.5 1.57143
5558.5 3
5559.5 3.28571
5560.5 -1.85714
5561.5 -1.42857
5562.5 1.14286
5563.5 -4.85714
5564.5 -4.14286
5565.5 3
5566.5 2.85714
5567.5 -5.96046e-08
5568.5 -3.28571
5569.5 -4.71429
5570.5 -2.57143
5571.5 -1
5572.5 -0.857143
5573.5 -1.42857
5574.5 0.285714
5575.5 0.428571
5576.5 4.57143
5577.5 -4.85714
5578.5 9.71429
5579.5 -4.14286
5580.5 -2.14286
5581.5 13.4286
5582.5 -0.571429
5583.5 6.14286
5584.5 -3.28571
5585.5 3.85714
5586.5 -2.71429
5587.5 3.28571
5588.5 6.57143
5589.5 -3.85714
5590.5 6.57143
5591.5 -7
5592.5 2.57143
5593.5 -0.285714
5594.5 2.57143
5595.5 8
5596.5 -0.142857
5597.5 -3.14286
5598.5 -3.28571
5599.5 -5
5600.5 -4
5601.5 -1.78814e-07
5602.5 6.28571
5603.5 4.57143
5604.5 5.42857
5605.5 -0.285714
5606.5 -3.42857
5607.5 2.14286
5608.5 0.714286
5609.5 3.85714
5610.5 -2.71429
5611.5 1.28571
5612.5 -0.428572
5613.5 3.14286
5614.5 3.14286
5615.5 2
5616.5 1
5617.5 -3
5618.5 4.71429
5619.5 -1.42857
5620.5 2.14286
5621.5 8.28571
5622.5 3.57143
5623.5 -3.42857
5624.5 -0.857143
5625.5 1.57143
5626.5 -2.71429
5627.5 4.71429
5628.5 -7.42857
5629.5 -4.71429
5630.5 -3.28571
5631.5 5
5632.5 -2.28571
5633.5 -7.85714
5634.5 2.85714
5635.5 3
5636.5 -1.14286
5637.5 1.71429
5638.5 -1
5639.5 4
5640.5 -4.28571
5641.5 -5.14286
5642.5 -3.28571
5643.5 4.57143
5644.5 2.85714
5645.5 2
5646.5 -2.85714
5647.5 -6
5648.5 1.28571
5649.5 1.28571
5650.5 1.14286
5651.5 -1.57143
5652.5 2.85714
5653.5 1.14286
5654.5 -3.57143
5655.5 -1.28571
5656.5 3.71429
5657.5 7.85714
5658.5 4.85714
5659.5 9.71429
5660.5 2.85714
5661.5 2.28571
5662.5 3.71429
5663.5 5.85714
5664.5 -4.28571
5665.5 1.57143
5666.5 8.42857
5667.5 2.85714
5668.5 3.28571
5669.5 -5.42857
5670.5 -0.142857
5671.5 -8.71429
5672.5 -12
5673.5 1.14286
5674.5 -0.571429
5675.5 0.857143
5676.5 -7.71429
5677.5 -0.857143
5678.5 -2.42857
5679.5 3.42857
5680.5 -3.71429
5681.5 -2.14286
5682.5 6.28571
5683.5 -2.85714
5684.5 -2.14286
5685.5 9.28571
5686.5 -3.85714
5687.5 -0.142857
5688.5 0.285714
5689.5 -4.42857
5690.5 -4.42857
5691.5 -3.71429
5692.5 -1.28571
5693.5 0.428571
5694.5 1.28571
5695.5 0.142857
5696.5 0.714286
5697.5 5.42857
5698.5 -3.85714
5699.5 0.571429
5700.5 5.42857
5701.5 0.857143
5702.5 -8.57143
5703.5 8
5704.5 6
5705.5 -5.96046e-08
5706.5 5
5707.5 -9.42857
5708.5 2.42857
5709.5 5.42857
5710.5 -6.28571
5711.5 -9.71429
5712.5 -3.14286
5713.5 -3.28571
5714.5 0.857143
5715.5 5.85714
5716.5 0.285714
5717.5 6.57143
5718.5 -1.85714
5719.5 -6.42857
5720.5 7
5721.5 3
5722.5 -1.71429
5723.5 1.42857
5724.5 0.285714
5725.5 3.28571
5726.5 -0.571429
5727.5 2.71429
5728.5 1.71429
5729.5 2.14286
5730.5 -0.571429
5731.5 -1.71429
5732.5 2.57143
5733.5 -3.28571
5734.5 -6.28571
5735.5 4
5736.5 5
5737.5 3.85714
5738.5 0.142857
5739.5 -0.571429
5740.5 4.57143
5741.5 -4.14286
5742.5 7.71429
5743.5 -4.42857
5744.5 3.85714
5745.5 4.42857
5746.5 2
5747.5 -1.57143
5748.5 0.285714
5749.5 -1
5750.5 -4.71429
5751.5 3.42857
5752.5 -6.14286
5753.5 -4.28571
5754.5 6.42857
5755.5 19.2857
5756.5 12.7143
5757.5 20.1429
5758.5 7.28571
5759.5 -1.42857
5760.5 3.28571
5761.5 -1.42857
5762.5 -2.57143
5763.5 4.42857
5764.5 0.142857
5765.5 -5.28571
5766.5 -7.42857
5767.5 3.71429
5768.5 -2.14286
5769.5 0.714286
5770.5 1.14286
5771.5 0.571428
5772.5 -4
5773.5 -6.57143
5774.5 0.857143
5775.5 1.28571
5776.5 -4.28571
5777.5 3.85714
5778.5 -1
5779.5 -2
5780.5 1.85714
5781.5 -0.428571
5782.5 8.57143
5783.5 2.85714
5784.5 0.571428
5785.5 7
5786.5 -3.57143
5787.5 -7.71429
5788.5 -1.85714
5789.5 6
5790.5 -2.28571
5791.5 0.857143
5792.5 7.57143
5793.5 -2.28571
5794.5 -0.857143
5795.5 -0.142857
5796.5 0.714286
5797.5 -5.96046e-08
5798.5 -1.85714
5799.5 2.71429
5800.5 -1.71429
5801.5 -5.42857
5802.5 -2.14286
5803.5 -8
5804.5 -1.14286
5805.5 -2.14286
5806.5 4.14286
5807.5 2.57143
5808.5 -0.428572
5809.5 1.28571
5810.5 0.428571
5811.5 2
5812.5 -1.71429
5813.5 -4.14286
5814.5 3
5815.5 1.42857
5816.5 5
5817.5 0.857143
5818.5 -0.571429
5819.5 -1.42857
5820.5 -7.57143
5821.5 2.14286
5822.5 1.57143
5823.5 -0.285714
5824.5 -2.85714
5825.5 -5.71429
5826.5 -4
5827.5 2
5828.5 -4.85714
5829.5 -6.14286
5830.5 -2.28571
5831.5 9.28571
5832.5 4.57143
5833.5 4.71429
5834.5 0.714286
5835.5 5.85714
5836.5 10
5837.5 -0.714286
5838.5 2.28571
5839.5 7.14286
5840.5 13
5841.5 1.85714
5842.5 6.71429
5843.5 0.571428
5844.5 -1.28571
5845.5 -2.71429
5846.5 -1
5847.5 0.714286
5848.5 3.85714
5849.5 -4.85714
5850.5 -8
5851.5 -0.285714
5852.5 3.71429
5853.5 1
5854.5 -2.71429
5855.5 -2.71429
5856.5 10.2857
5857.5 -2.14286
5858.5 1
5859.5 1
5860.5 -3.71429
5861.5 2.71429
5862.5 1
5863.5 6.57143
5864.5 3
5865.5 -2.14286
5866.5 3.71429
5867.5 -4
5868.5 -2.85714
5869.5 2.85714
5870.5 1.14286
5871.5 1.71429
5872.5 -2.71429
5873.5 -1.14286
5874.5 -3.71429
5875.5 1
5876.5 -3.71429
5877.5 2.28571
5878.5 7.71429
5879.5 -0.142857
5880.5 1.28571
5881.5 -2.57143
5882.5 0.428571
5883.5 2
5884.5 0.857143
5885.5 -0.714286
5886.5 -0.142857
5887.5 4.71429
5888.5 0.714286
5889.5 3.85714
5890.5 0.714286
5891.5 -4.57143
5892.5 -3.85714
5893.5 1.28571
5894.5 6
5895.5 4.71429
5896.5 4.42857
5897.5 13.7143
5898.5 10.5714
5899.5 -3.42857
5900.5 6.28571
5901.5 0.714286
5902.5 0.428571
5903.5 -5.42857
5904.5 0.857143
5905.5 -1.57143
5906.5 -0.857143
5907.5 -2
5908.5 5.57143
5909.5 -14.8571
5910.5 1.28571
5911.5 -0.857143
5912.5 -1.57143
5913.5 -3.28571
5914.5 -2
5915.5 0.714286
5916.5 -0.285714
5917.5 -0.857143
5918.5 -5.96046e-08
5919.5 -1.57143
5920.5 -0.714286
5921.5 -2.14286
5922.5 6.28571
5923.5 -3
5924.5 -1.28571
5925.5 4.57143
5926.5 1
5927.5 0.571429
5928.5 10.5714
5929.5 -2.71429
5930.5 -5.96046e-08
5931.5 2.71429
5932.5 7.57143
5933.5 2.71429
5934.5 4.57143
5935.5 -0.857143
5936.5 -1.14286
5937.5 2.42857
5938.5 -0.714286
5939.5 1.85714
5940.5 6.85714
5941.5 0.428571
5942.5 -7.28571
5943.5 6
5944.5 5.85714
5945.5 1.57143
5946.5 12.4286
5947.5 4.85714
5948.5 4.85714
5949.5 3.57143
5950.5 2.14286
5951.5 5.42857
5952.5 -0.142857
5953.5 2.57143
5954.5 1.85714
5955.5 -0.285714
5956.5 0.571429
5957.5 -3.57143
5958.5 0.857143
5959.5 2.71429
5960.5 -1.42857
5961.5 2.57143
5962.5 2.42857
5963.5 -0.428572
5964.5 1.42857
5965.5 -8.85714
5966.5 -0.142857
5967.5 -1.42857
5968.5 -6.14286
5969.5 -4.42857
5970.5 5.42857
5971.5 -1
5972.5 4.57143
5973.5 -0.142857
5974.5 -4
5975.5 -4.85714
5976.5 3.71429
5977.5 6.14286
5978.5 0.714286
5979.5 -0.142857
5980.5 1.28571
5981.5 1.71429
5982.5 -1.42857
5983.5 0.571429
5984.5 0.714286
5985.5 1.28571
5986.5 4.28571
5987.5 0.571429
5988.5 4.57143
5989.5 0.714286
5990.5 1.85714
5991.5 -2.42857
5992.5 -2.28571
5993.5 -2.71429
5994.5 -9.42857
5995.5 6.71429
5996.5 -0.428572
5997.5 3.14286
5998.5 0.571428
5999.5 -12.1429
6000.5 9
6001.5 -1.14286
6002.5 -9.14286
6003.5 -10
6004.5 -8
6005.5 -3.14286
6006.5 -0.571429
6007.5 5.28571
6008.5 -1.42857
6009.5 0.857143
6010.5 0.714286
6011.5 -3.71429
6012.5 4.57143
6013.5 1.85714
6014.5 2.42857
6015.5 3.28571
6016.5 1.71429
6017.5 -2.28571
6018.5 6.42857
6019.5 -0.285714
6020.5 -1.57143
6021.5 -2
6022.5 -1.14286
6023.5 -0.285714
6024.5 4.42857
6025.5 -2.28571
6026.5 0.285714
6027.5 0.571429
6028.5 -0.142857
6029.5 2.42857
6030.5 7
6031.5 -1.28571
6032.5 0.714286
6033.5 -0.714286
6034.5 2.57143
6035.5 0.142857
6036.5 -1.57143
6037.5 -4.28571
6038.5 3
6039.5 5.57143
6040.5 7
6041.5 -0.142857
6042.5 -2.85714
6043.5 -1.42857
6044.5 -0.285714
6045.5 -0.285714
6046.5 -0.428571
6047.5 -0.285714
6048.5 4
6049.5 -1.71429
6050.5 5.28571
6051.5 3.42857
6052.5 -5.14286
6053.5 0.285714
6054.5 0.571429
6055.5 0.428571
6056.5 -1.85714
6057.5 -3.28571
6058.5 -1.57143
6059.5 0.571429
6060.5 -1.28571
6061.5 -4
6062.5 3.14286
6063.5 3.57143
6064.5 0.714286
6065.5 -5.85714
6066.5 6.28571
6067.5 -1
6068.5 -2.85714
6069.5 6.42857
6070.5 -3.57143
6071.5 2.85714
6072.5 2.42857
6073.5 -2.71429
6074.5 0.285714
6075.5 2.28571
6076.5 3.57143
6077.5 2
6078.5 0.571429
6079.5 4.42857
6080.5 -2.85714
6081.5 -0.571429
6082.5 -0.428571
6083.5 0.571429
6084.5 0.428571
6085.5 1.85714
6086.5 -0.428571
6087.5 2.28571
6088.5 -1.28571
6089.5 -3.71429
6090.5 1.14286
6091.5 1.57143
6092.5 1
6093.5 2.14286
6094.5 3.14286
6095.5 7.42857
6096.5 0.428571
6097.5 -2.85714
6098.5 -2.85714
6099.5 -3.14286
6100.5 0.857143
6101.5 -9.42857
6102.5 -13.4286
6103.5 1.42857
6104.5 7.85714
6105.5 -8.57143
6106.5 -7.42857
6107.5 8.71429
6108.5 -2
6109.5 -1.71429
6110.5 -6.57143
6111.5 -4.85714
6112.5 -4.71429
6113.5 1.57143
6114.5 4.57143
6115.5 -8.42857
6116.5 2.85714
6117.5 1.71429
6118.5 1.71429
6119.5 -1.71429
6120.5 -0.285714
6121.5 -2.28571
6122.5 2.28571
6123.5 -4.85714
6124.5 4.85714
6125.5 -6.14286
6126.5 0.571428
6127.5 1.71429
6128.5 -2.42857
6129.5 1.85714
6130.5 4
6131.5 0.714286
6132.5 3.28571
6133.5 2.14286
6134.5 -2.28571
6135.5 1
6136.5 -2.42857
6137.5 1.42857
6138.5 0.714286
6139.5 4.28571
6140.5 -3
6141.5 2.14286
6142.5 5.28571
6143.5 -3.85714
6144.5 -7.28571
6145.5 6
6146.5 -0.571429
6147.5 -3.57143
6148.5 -4.42857
6149.5 7.71429
6150.5 3.28571
6151.5 -0.571429
6152.5 1.28571
6153.5 0.428571
6154.5 -2.42857
6155.5 -1.14286
6156.5 -2.57143
6157.5 -1.57143
6158.5 -2.28571
6159.5 -2
6160.5 0.285714
6161.5 -0.428571
6162.5 1.57143
6163.5 8.57143
6164.5 -3.42857
6165.5 0.571429
6166.5 2.28571
6167.5 -1.42857
6168.5 -0.428571
6169.5 1.28571
6170.5 5.14286
6171.5 -1.57143
6172.5 -2.57143
6173.5 4.14286
6174.5 3.14286
6175.5 3
6176.5 0.285714
6177.5 1.42857
6178.5 -3
6179.5 1.28571
6180.5 0.428571
6181.5 3
6182.5 -1.42857
6183.5 1.57143
6184.5 -5
6185.5 3
6186.5 4.85714
6187.5 0.714286
6188.5 -3.14286
6189.5 -1.28571
6190.5 1.57143
6191.5 0.428571
6192.5 -1.42857
6193.5 -3.85714
6194.5 2.71429
6195.5 0.571429
6196.5 1.42857
6197.5 3.85714
6198.5 -1.42857
6199.5 2.57143
6200.5 -2.28571
6201.5 -0.428571
6202.5 1.28571
6203.5 0.285714
6204.5 0.142857
6205.5 -0.285714
6206.5 -0.571429
6207.5 -3.28571
6208.5 3.14286
6209.5 -1.28571
6210.5 -0.714286
6211.5 -1.57143
6212.5 1.28571
6213.5 -0.714286
6214.5 3.14286
6215.5 0.142857
6216.5 1.28571
6217.5 0.285714
6218.5 -2.14286
6219.5 -3.85714
6220.5 2
6221.5 0.857143
6222.5 -8.28571
6223.5 0.714285
6224.5 -4.28571
6225.5 -6
6226.5 8.71429
6227.5 -6.85714
6228.5 8.85714
6229.5 -6.28571
6230.5 -3.42857
6231.5 -0.857143
6232.5 2.42857
6233.5 -1.71429
6234.5 -1.14286
6235.5 -0.571429
6236.5 -0.714286
6237.5 -0.571429
6238.5 2
6239.5 -1.57143
6240.5 -0.714286
6241.5 -0.571429
6242.5 -1.71429
6243.5 0.285714
6244.5 -4.14286
6245.5 0.714286
6246.5 -0.571429
6247.5 -0.142857
6248.5 -0.428571
6249.5 3.28571
6250.5 -1.42857
6251.5 2.28571
6252.5 0.857143
6253.5 -0.571429
6254.5 -0.428571
6255.5 1.14286
6256.5 1.28571
6257.5 2.42857
6258.5 0.428571
6259.5 2.14286
6260.5 1.28571
6261.5 0.285714
6262.5 0
6263.5 1
6264.5 1.14286
6265.5 0.571429
6266.5 -0.571429
6267.5 1.42857
6268.5 0.571429
6269.5 -0.571429
6270.5 -0.857143
6271.5 -1.57143
6272.5 5
6273.5 0.428571
6274.5 2.28571
6275.5 -0.857143
6276.5 1.42857
6277.5 2.28571
6278.5 1.14286
6279.5 2.14286
6280.5 2
6281.5 -0.714286
6282.5 2.14286
6283.5 -1.71429
6284.5 -1.57143
6285.5 1.28571
6286.5 1.14286
6287.5 -0.714286
6288.5 2.14286
6289.5 -0.714286
6290.5 -0.714286
6291.5 1
6292.5 -1.57143
6293.5 1.14286
6294.5 -1.42857
6295.5 0.285714
6296.5 1.28571
6297.5 2.28571
6298.5 -1.28571
6299.5 -1.57143
6300.5 -2.28571
6301.5 -4.14286
6302.5 1
6303.5 1.14286
6304.5 -0.714286
6305.5 -1.57143
6306.5 0.428571
6307.5 1.14286
6308.5 1
6309.5 3
6310.5 -1.42857
6311.5 0.428571
6312.5 2.14286
6313.5 -0.857143
6314.5 0.285714
6315.5 1
6316.5 0.142857
6317.5 -0.714286
6318.5 0.714286
6319.5 2.28571
6320.5 -1.14286
6321.5 2.57143
6322.5 1.57143
6323.5 -1.14286
6324.5 2.71429
6325.5 12
6326.5 6.57143
6327.5 0.714286
6328.5 -3.85714
6329.5 9.28571
6330.5 -3.14286
6331.5 -1.42857
6332.5 -2
6333.5 0.428571
6334.5 0.428571
6335.5 -0.428571
6336.5 3.28571
6337.5 -0.571429
6338.5 2.14286
6339.5 0.285714
6340.5 3
6341.5 1.14286
6342.5 2
6343.5 0.142857
6344.5 0.428571
6345.5 -0.571429
6346.5 1.28571
6347.5 1.14286
6348.5 0.428571
6349.5 2.57143
6350.5 -3.85714
6351.5 -0.142857
6352.5 -4
6353.5 1.85714
6354.5 0.428571
6355.5 0.285714
6356.5 2.14286
6357.5 -1.42857
6358.5 0.142857
6359.5 2.14286
6360.5 0
6361.5 3
6362.5 1.14286
6363.5 2
6364.5 0
6365.5 1
6366.5 -0.857143
6367.5 0.142857
6368.5 4.14286
6369.5 -2.42857
6370.5 1
6371.5 -1.71429
6372.5 -0.857143
6373.5 0
6374.5 1
6375.5 0.142857
6376.5 -1.71429
6377.5 -0.857143
6378.5 -0.857143
6379.5 1
6380.5 0.142857
6381.5 5
6382.5 -0.714286
6383.5 1.14286
6384.5 1.14286
6385.5 -1.57143
6386.5 -1.71429
6387.5 1.14286
6388.5 2.14286
6389.5 1.14286
6390.5 0.428571
6391.5 2
6392.5 2.42857
6393.5 -2.42857
6394.5 3
6395.5 3.14286
6396.5 1.28571
6397.5 -1.57143
6398.5 -1.42857
6399.5 2
6400.5 -0.714286
6401.5 2
6402.5 1
6403.5 -0.714286
6404.5 0.142857
6405.5 0.142857
6406.5 1
6407.5 -0.857143
6408.5 1
6409.5 1.14286
6410.5 2.14286
6411.5 2.14286
6412.5 1
6413.5 1
6414.5 1.14286
6415.5 1.14286
6416.5 0.285714
6417.5 -1.42857
6418.5 0.142857
6419.5 1.28571
6420.5 0.142857
6421.5 0.571429
6422.5 -0.571429
6423.5 -1.42857
6424.5 -0.428571
6425.5 -3.42857
6426.5 -3.14286
6427.5 0.428571
6428.5 -0.428571
6429.5 -2.42857
6430.5 0.142857
6431.5 1.28571
6432.5 -0.428571
6433.5 2
6434.5 2
6435.5 7
6436.5 3.14286
6437.5 4.14286
6438.5 4.42857
6439.5 10.1429
6440.5 4.28571
6441.5 13.4286
6442.5 0.428571
6443.5 4.28571
6444.5 -0.285714
6445.5 -1.42857
6446.5 -0.714286
6447.5 0.142857
6448.5 3.14286
6449.5 1.28571
6450.5 4.14286
6451.5 4.14286
6452.5 2.28571
6453.5 9.57143
6454.5 13.1429
6455.5 12.1429
6456.5 15
6457.5 5.14286
6458.5 3.28571
6459.5 5
6460.5 1.42857
6461.5 4.28571
6462.5 5.14286
6463.5 4.28571
6464.5 -1.57143
6465.5 -1.71429
6466.5 -1.57143
6467.5 0.142857
6468.5 0.285714
6469.5 -2.57143
6470.5 0.285714
6471.5 0.142857
6472.5 -1.42857
6473.5 3.14286
6474.5 -0.428571
6475.5 3.71429
6476.5 3
6477.5 -3.85714
6478.5 -6.57143
6479.5 -9.28571
6480.5 -6.85714
6481.5 -2.71429
6482.5 -0.571429
6483.5 -1.28571
6484.5 0.285714
6485.5 -0.714286
6486.5 0.142857
6487.5 -0.714286
6488.5 1.14286
6489.5 0
6490.5 2
6491.5 1
6492.5 -1.57143
6493.5 1.14286
6494.5 -0.857143
6495.5 0.142857
6496.5 2
6497.5 0
6498.5 0.142857
6499.5 0
6500.5 -1.57143
6501.5 0
6502.5 -1.71429
6503.5 0
6504.5 -1.57143
6505.5 4
6506.5 0.142857
6507.5 -1.71429
6508.5 -0.714286
6509.5 -0.857143
6510.5 -0.857143
6511.5 1
6512.5 0
6513.5 1
6514.5 -0.857143
6515.5 0
6516.5 3
6517.5 -0.857143
6518.5 2
6519.5 1.14286
6520.5 1.14286
6521.5 -0.857143
6522.5 1.14286
6523.5 -0.714286
6524.5 3
6525.5 -0.857143
6526.5 -0.857143
6527.5 0.142857
6528.5 -0.857143
6529.5 -0.714286
6530.5 0
6531.5 2
6532.5 0
6533.5 0
6534.5 0.285714
6535.5 1
6536.5 2
6537.5 -0.857143
6538.5 -0.857143
6539.5 0.142857
6540.5 1
6541.5 -0.714286
6542.5 -0.714286
6543.5 4.14286
6544.5 1.28571
6545.5 -0.571429
6546.5 3.28571
6547.5 -3
6548.5 2
6549.5 -0.714286
6550.5 -0.714286
6551.5 3
6552.5 0
6553.5 1
6554.5 2
6555.5 0.142857
6556.5 0.142857
6557.5 0
6558.5 0
6559.5 1.14286
6560.5 0
6561.5 1
6562.5 -2.42857
6563.5 1
6564.5 -0.714286
6565.5 0
6566.5 1
6567.5 1
6568.5 0
6569.5 3
6570.5 -0.714286
6571.5 -0.857143
6572.5 0.142857
6573.5 0.142857
6574.5 2
6575.5 0.142857
6576.5 1
6577.5 0
6578.5 1
6579.5 0
6580.5 -1.71429
6581.5 1
6582.5 1
6583.5 0.142857
6584.5 1
6585.5 1
6586.5 1.14286
6587.5 -0.857143
6588.5 0
6589.5 1
6590.5 0
6591.5 -0.857143
6592.5 -1.71429
6593.5 1
6594.5 -0.857143
6595.5 0.285714
6596.5 1.28571
6597.5 0.142857
6598.5 2
6599.5 2.14286
6600.5 -1.71429
6601.5 2
6602.5 -1.71429
6603.5 0
6604.5 0
6605.5 -0.857143
6606.5 -0.857143
6607.5 -0.857143
6608.5 -0.714286
6609.5 -0.857143
6610.5 0
6611.5 0.142857
6612.5 -0.857143
6613.5 0
6614.5 -0.714286
6615.5 2
6616.5 1.14286
6617.5 3
6618.5 0.142857
6619.5 0
6620.5 -0.857143
6621.5 1.14286
6622.5 -0.857143
6623.5 1.14286
6624.5 0.285714
6625.5 1
6626.5 -0.714286
6627.5 -1.71429
6628.5 1
6629.5 0.142857
6630.5 1
6631.5 3
6632.5 0.285714
6633.5 -1.57143
6634.5 1
6635.5 0
6636.5 -2.57143
6637.5 -0.857143
6638.5 1
6639.5 -0.714286
6640.5 0
6641.5 1
6642.5 0
6643.5 0
6644.5 -1.71429
6645.5 -0.714286
6646.5 1
6647.5 -1.71429
6648.5 -0.857143
6649.5 0
6650.5 -0.714286
6651.5 0.142857
6652.5 0
6653.5 0.142857
6654.5 1.14286
6655.5 0.142857
6656.5 0.142857
6657.5 0
6658.5 0
6659.5 3
6660.5 0
6661.5 1
6662.5 0
6663.5 0
6664.5 0
6665.5 -0.857143
6666.5 -1.71429
6667.5 -0.857143
6668.5 0
6669.5 1
6670.5 0
6671.5 0
6672.5 0
6673.5 1
6674.5 0
6675.5 -0.857143
6676.5 0.142857
6677.5 3
6678.5 0
6679.5 -0.857143
6680.5 2
6681.5 0.285714
6682.5 -2.57143
6683.5 -1.57143
6684.5 4
6685.5 0
6686.5 -0.857143
6687.5 1
6688.5 0.142857
6689.5 0
6690.5 -0.714286
6691.5 0
6692.5 -1.71429
6693.5 0.142857
6694.5 2.14286
6695.5 0.285714
6696.5 -1.71429
6697.5 -0.857143
6698.5 0.285714
6699.5 -0.714286
6700.5 1
6701.5 2
6702.5 -0.857143
6703.5 -0.857143
6704.5 0
6705.5 0
6706.5 2.14286
6707.5 -1.71429
6708.5 2.14286
6709.5 -0.857143
6710.5 1
6711.5 0
6712.5 0.142857
6713.5 0
6714.5 -0.857143
6715.5 0
6716.5 -1.71429
6717.5 0
6718.5 0
6719.5 -0.857143
6720.5 1
6721.5 1
6722.5 1
6723.5 0
6724.5 1
6725.5 2
6726.5 1
6727.5 0
6728.5 2
6729.5 1
6730.5 3.14286
6731.5 -1.42857
6732.5 -0.714286
6733.5 -0.857143
6734.5 2
6735.5 1
6736.5 0.142857
6737.5 1
6738.5 1
6739.5 0
6740.5 1
6741.5 -0.857143
6742.5 2
6743.5 0
6744.5 0
6745.5 -0.857143
6746.5 2
6747.5 -2.57143
6748.5 1.14286
6749.5 -0.857143
6750.5 -0.857143
6751.5 -1.71429
6752.5 2
6753.5 0.142857
6754.5 -0.714286
6755.5 1
6756.5 0.142857
6757.5 1
6758.5 -0.714286
6759.5 1
6760.5 -0.714286
6761.5 0
6762.5 1.14286
6763.5 1
6764.5 0.285714
6765.5 -1.71429
6766.5 0.142857
6767.5 2
6768.5 0.142857
6769.5 1.14286
6770.5 -1.71429
6771.5 -0.857143
6772.5 -1.71429
6773.5 1
6774.5 -2.42857
6775.5 0
6776.5 0.142857
6777.5 1
6778.5 1
6779.5 -1.71429
6780.5 -0.857143
6781.5 -1.71429
6782.5 1.14286
6783.5 -0.714286
6784.5 0
6785.5 -0.857143
6786.5 -0.857143
6787.5 0
6788.5 0
6789.5 -0.857143
6790.5 3
6791.5 -0.857143
6792.5 -0.857143
6793.5 1
6794.5 0
6795.5 -1.71429
6796.5 -1.71429
6797.5 0
6798.5 1
6799.5 1
6800.5 -0.857143
6801.5 0
6802.5 -0.857143
6803.5 2
6804.5 0
6805.5 0
6806.5 -3.42857
6807.5 0
6808.5 2
6809.5 0.142857
6810.5 -0.857143
6811.5 0
6812.5 0
6813.5 2
6814.5 -0.857143
6815.5 -0.857143
6816.5 0
6817.5 0
6818.5 0
6819.5 0
6820.5 1
6821.5 0
6822.5 1
6823.5 1.14286
6824.5 1
6825.5 0
6826.5 0
6827.5 0
6828.5 0
6829.5 0.142857
6830.5 0
6831.5 0
6832.5 0
6833.5 0
6834.5 -0.857143
6835.5 1
6836.5 1.28571
6837.5 1.14286
6838.5 0
6839.5 0
6840.5 1
6841.5 2
6842.5 0
6843.5 1.14286
6844.5 -1.71429
6845.5 0
6846.5 0
6847.5 0
6848.5 3
6849.5 0
6850.5 1
6851.5 0
6852.5 -0.857143
6853.5 0
6854.5 1
6855.5 1.14286
6856.5 1
6857.5 0.142857
6858.5 0
6859.5 1
6860.5 1
6861.5 -0.857143
6862.5 0
6863.5 -1.71429
6864.5 1
6865.5 2
6866.5 0
6867.5 1
6868.5 0
6869.5 -0.857143
6870.5 1
6871.5 1
6872.5 0
6873.5 -0.857143
6874.5 -0.857143
6875.5 0
6876.5 1.14286
6877.5 2.14286
6878.5 0
6879.5 0
6880.5 1
6881.5 0.142857
6882.5 -0.857143
6883.5 0
6884.5 -0.857143
6885.5 0
6886.5 1
6887.5 -0.857143
6888.5 0
6889.5 -2.57143
6890.5 0
6891.5 2
6892.5 0
6893.5 0
6894.5 0
6895.5 1
6896.5 0
6897.5 0.142857
6898.5 0
6899.5 0.142857
6900.5 0.142857
6901.5 1
6902.5 -0.857143
6903.5 1
6904.5 0.142857
6905.5 -1.71429
6906.5 0
6907.5 1
6908.5 2.14286
6909.5 1.14286
6910.5 1
6911.5 -0.857143
6912.5 0
6913.5 -0.857143
6914.5 -1.71429
6915.5 1
6916.5 1
6917.5 1
6918.5 -1.71429
6919.5 1
6920.5 0
6921.5 0
6922.5 0
6923.5 -1.71429
6924.5 1
6925.5 3
6926.5 1.14286
6927.5 0
6928.5 1
6929.5 -0.857143
6930.5 1
6931.5 1
6932.5 2.14286
6933.5 3.14286
6934.5 1.14286
6935.5 0.142857
6936.5 -0.571429
6937.5 -0.857143
6938.5 0
6939.5 -0.857143
6940.5 1
6941.5 1
6942.5 1
6943.5 1
6944.5 1
6945.5 -0.857143
6946.5 0
6947.5 -0.857143
6948.5 1
6949.5 0.142857
6950.5 -0.857143
6951.5 -0.857143
6952.5 1
6953.5 1
6954.5 2
6955.5 0.142857
6956.5 1.28571
6957.5 3
6958.5 1
6959.5 0
6960.5 -0.714286
6961.5 1
6962.5 -0.714286
6963.5 0
6964.5 -0.857143
6965.5 0.142857
6966.5 1
6967.5 0
6968.5 -0.857143
6969.5 0
6970.5 0
6971.5 -0.714286
6972.5 1
6973.5 0.142857
6974.5 0.142857
6975.5 0
6976.5 0
6977.5 0
6978.5 0.142857
6979.5 1
6980.5 0.142857
6981.5 0
6982.5 -0.857143
6983.5 -0.857143
6984.5 0
6985.5 0
6986.5 1
6987.5 0
6988.5 -0.857143
6989.5 0.142857
6990.5 2
6991.5 1
6992.5 -0.857143
6993.5 0.142857
6994.5 -0.857143
6995.5 -0.857143
6996.5 0
6997.5 0.142857
6998.5 1
6999.5 -0.857143
7000.5 0
7001.5 0
7002.5 0
7003.5 0
7004.5 -0.857143
7005.5 0
7006.5 0
7007.5 0
7008.5 0
7009.5 0
7010.5 1
7011.5 -0.857143
7012.5 -0.857143
7013.5 0
7014.5 -0.857143
7015.5 -2.57143
7016.5 -0.857143
7017.5 1
7018.5 0
7019.5 0.142857
7020.5 0
7021.5 1
7022.5 0
7023.5 0
7024.5 0
7025.5 -1.71429
7026.5 1
7027.5 -1.71429
7028.5 -0.857143
7029.5 0
7030.5 0
7031.5 0
7032.5 0
7033.5 0
7034.5 -1.71429
7035.5 -0.857143
7036.5 0
7037.5 1
7038.5 1.14286
7039.5 0
7040.5 1
7041.5 -0.857143
7042.5 0
7043.5 0
7044.5 0
7045.5 0
7046.5 -1.71429
7047.5 4
7048.5 1
7049.5 1
7050.5 0
7051.5 0
7052.5 1
7053.5 0
7054.5 2
7055.5 0
7056.5 1
7057.5 -0.857143
7058.5 2
7059.5 -2.57143
7060.5 -2.57143
7061.5 0
7062.5 0
7063.5 1
7064.5 -1.71429
7065.5 -1.71429
7066.5 0
7067.5 -0.857143
7068.5 -1.71429
7069.5 0
7070.5 0
7071.5 0
7072.5 0
7073.5 0
7074.5 0
7075.5 -0.857143
7076.5 -0.857143
7077.5 1
7078.5 0
7079.5 0
7080.5 0.142857
7081.5 -0.857143
7082.5 0
7083.5 -0.857143
7084.5 2
7085.5 0
7086.5 -1.71429
7087.5 0
7088.5 0
7089.5 0.142857
7090.5 0
7091.5 1
7092.5 0
7093.5 1
7094.5 -0.857143
7095.5 0
7096.5 0
7097.5 1
7098.5 -2.57143
7099.5 -0.857143
7100.5 -0.714286
7101.5 0
7102.5 0
7103.5 0
7104.5 0
7105.5 0
7106.5 1
7107.5 -0.857143
7108.5 0
7109.5 1
7110.5 -0.857143
7111.5 0
7112.5 1
7113.5 -0.857143
7114.5 0.142857
7115.5 0
7116.5 0.142857
7117.5 3
7118.5 1
7119.5 -1.71429
7120.5 0.142857
7121.5 0
7122.5 0
7123.5 0
7124.5 0
7125.5 0
7126.5 2
7127.5 0
7128.5 0
7129.5 0
7130.5 0
7131.5 0
7132.5 0.142857
7133.5 0.142857
7134.5 0.142857
7135.5 -0.857143
7136.5 -1.71429
7137.5 0.142857
7138.5 0
7139.5 -0.857143
7140.5 0
7141.5 -0.857143
7142.5 -0.857143
7143.5 0.142857
7144.5 0
7145.5 0
7146.5 0
7147.5 0
7148.5 0
7149.5 -0.714286
7150.5 0
7151.5 1
7152.5 -0.857143
7153.5 1
7154.5 -0.714286
7155.5 0
7156.5 -0.857143
7157.5 0.142857
7158.5 3
7159.5 1
7160.5 -0.857143
7161.5 -2.57143
7162.5 0.142857
7163.5 1
7164.5 0
7165.5 -0.857143
7166.5 0.142857
7167.5 1.14286
7168.5 0
7169.5 0
7170.5 1
7171.5 3
7172.5 0
7173.5 1
7174.5 1
7175.5 1
7176.5 0
7177.5 -0.857143
7178.5 2
7179.5 0
7180.5 0
7181.5 0
7182.5 0.142857
7183.5 0
7184.5 1
7185.5 0
7186.5 1
7187.5 1
7188.5 -0.857143
7189.5 0
7190.5 -0.857143
7191.5 0
7192.5 -0.857143
7193.5 0
7194.5 1
7195.5 1
7196.5 1
7197.5 0
7198.5 1
7199.5 0
7200.5 0
7201.5 -0.857143
7202.5 0.142857
7203.5 2
7204.5 -0.714286
7205.5 -0.714286
7206.5 -0.714286
7207.5 1
7208.5 -1.71429
7209.5 0.142857
7210.5 2.14286
7211.5 -0.857143
7212.5 3
7213.5 2
7214.5 0
7215.5 0
7216.5 0.142857
7217.5 0.142857
7218.5 1
7219.5 0.285714
7220.5 0
7221.5 1
7222.5 1
7223.5 0
7224.5 0
7225.5 -0.857143
7226.5 -1.71429
7227.5 0
7228.5 -0.857143
7229.5 -0.857143
7230.5 -0.857143
7231.5 0
7232.5 0
7233.5 -0.857143
7234.5 0
7235.5 0.142857
7236.5 0
7237.5 0
7238.5 1
7239.5 0
7240.5 1.14286
7241.5 -0.857143
7242.5 0
7243.5 1
7244.5 0.142857
7245.5 -0.857143
7246.5 -0.857143
7247.5 -0.857143
7248.5 -0.857143
7249.5 0.142857
7250.5 -0.857143
7251.5 0
7252.5 0
7253.5 0.142857
7254.5 2
7255.5 1
7256.5 1
7257.5 1
7258.5 1
7259.5 -1.71429
7260.5 1.28571
7261.5 0.142857
7262.5 -1.71429
7263.5 -1.57143
7264.5 0
7265.5 0
7266.5 -2.57143
7267.5 -0.857143
7268.5 1
7269.5 0
7270.5 -1.71429
7271.5 -0.857143
7272.5 0
7273.5 1
7274.5 -0.857143
7275.5 0
7276.5 0
7277.5 0
7278.5 1
7279.5 -1.71429
7280.5 1
7281.5 1
7282.5 1.14286
7283.5 1
7284.5 -1.71429
7285.5 0
7286.5 -0.857143
7287.5 0
7288.5 -0.857143
7289.5 0
7290.5 0
7291.5 0
7292.5 1
7293.5 0
7294.5 0
7295.5 0
7296.5 0
7297.5 0
7298.5 -0.857143
7299.5 -0.857143
7300.5 -0.857143
7301.5 2
7302.5 1
7303.5 0
7304.5 0
7305.5 0
7306.5 0
7307.5 2
7308.5 -0.857143
7309.5 0
7310.5 -0.857143
7311.5 0.285714
7312.5 1
7313.5 0
7314.5 -0.857143
7315.5 0
7316.5 0
7317.5 -0.857143
7318.5 0
7319.5 0
7320.5 0
7321.5 0
7322.5 0
7323.5 0
7324.5 0
7325.5 1
7326.5 0
7327.5 0.142857
7328.5 0
7329.5 -0.857143
7330.5 -0.857143
7331.5 0.142857
7332.5 0
7333.5 1
7334.5 0
7335.5 0
7336.5 0
7337.5 0
7338.5 1
7339.5 0
7340.5 2
7341.5 0
7342.5 0
7343.5 1
7344.5 1
7345.5 0
7346.5 0
7347.5 1
7348.5 0
7349.5 2
7350.5 1
7351.5 -0.857143
7352.5 0.142857
7353.5 -0.857143
7354.5 0.285714
7355.5 0.142857
7356.5 1
7357.5 1
7358.5 -0.857143
7359.5 0
7360.5 -0.857143
7361.5 -0.857143
7362.5 0
7363.5 0
7364.5 -0.857143
7365.5 -0.857143
7366.5 1
7367.5 1.14286
7368.5 1
7369.5 0.142857
7370.5 0.142857
7371.5 0
7372.5 1
7373.5 0
7374.5 0
7375.5 -1.71429
7376.5 1
7377.5 -0.857143
7378.5 2
7379.5 -0.857143
7380.5 0
7381.5 -1.71429
7382.5 -0.857143
7383.5 -0.857143
7384.5 0
7385.5 -0.857143
7386.5 -0.857143
7387.5 1
7388.5 0
7389.5 1
7390.5 -0.857143
7391.5 -0.857143
7392.5 0
7393.5 0
7394.5 -0.857143
7395.5 0
7396.5 -0.857143
7397.5 1
7398.5 0.142857
7399.5 0
7400.5 0
7401.5 1
7402.5 0.142857
7403.5 -0.857143
7404.5 -1.71429
7405.5 -0.857143
7406.5 0
7407.5 0
7408.5 1
7409.5 -0.857143
7410.5 1
7411.5 0
7412.5 0
7413.5 0
7414.5 0.142857
7415.5 -1.71429
7416.5 -0.714286
7417.5 1
7418.5 0
7419.5 0
7420.5 1
7421.5 0.142857
7422.5 0
7423.5 1
7424.5 1
7425.5 0
7426.5 1
7427.5 0
7428.5 1
7429.5 0
7430.5 0
7431.5 0.142857
7432.5 0
7433.5 1
7434.5 0
7435.5 1
7436.5 0
7437.5 0
7438.5 0
7439.5 0
7440.5 0
7441.5 0
7442.5 -0.857143
7443.5 1
7444.5 -0.857143
7445.5 -0.857143
7446.5 0.142857
7447.5 1
7448.5 0
7449.5 0
7450.5 0
7451.5 0.142857
7452.5 0
7453.5 -0.857143
7454.5 1
7455.5 0
7456.5 0
7457.5 0
7458.5 -0.857143
7459.5 -0.857143
7460.5 0
7461.5 1
7462.5 0
7463.5 -0.714286
7464.5 0
7465.5 0
7466.5 0.142857
7467.5 0.142857
7468.5 -0.714286
7469.5 1
7470.5 1.14286
7471.5 -2.42857
7472.5 0
7473.5 1
7474.5 -0.857143
7475.5 1.14286
7476.5 0
7477.5 0
7478.5 0
7479.5 1
7480.5 -2.57143
7481.5 0
7482.5 0
7483.5 -0.857143
7484.5 0
7485.5 0
7486.5 0
7487.5 -0.857143
7488.5 1
7489.5 0.142857
7490.5 0
7491.5 0
7492.5 -0.857143
7493.5 0
7494.5 0.142857
7495.5 0
7496.5 0
7497.5 1
7498.5 0
7499.5 0
7500.5 -0.857143
7501.5 -1.57143
7502.5 0
7503.5 0
7504.5 0
7505.5 0
7506.5 0
7507.5 0
7508.5 0
7509.5 0
7510.5 0
7511.5 0
7512.5 0
7513.5 -0.857143
7514.5 0
7515.5 1
7516.5 0
7517.5 -0.857143
7518.5 1
7519.5 0
7520.5 0
7521.5 0
7522.5 -0.857143
7523.5 0
7524.5 0
7525.5 1
7526.5 1
7527.5 0
7528.5 0.142857
7529.5 0
7530.5 -1.71429
7531.5 1.14286
7532.5 0
7533.5 0
7534.5 1
7535.5 0
7536.5 0
7537.5 0
7538.5 0
7539.5 0
7540.5 -0.857143
7541.5 0
7542.5 0
7543.5 -0.714286
7544.5 0
7545.5 0
7546.5 0
7547.5 0
7548.5 -0.857143
7549.5 0
7550.5 0
7551.5 0
7552.5 0
7553.5 -0.857143
7554.5 0
7555.5 0
7556.5 0
7557.5 0
7558.5 0
7559.5 0
7560.5 0
7561.5 0.142857
7562.5 -0.857143
7563.5 -0.857143
7564.5 -0.857143
7565.5 0
7566.5 0
7567.5 -0.857143
7568.5 0
7569.5 0
7570.5 0
7571.5 1
7572.5 0
7573.5 1
7574.5 -0.857143
7575.5 0.428571
7576.5 0.142857
7577.5 -1.71429
7578.5 -4.28571
7579.5 -3.42857
7580.5 0
7581.5 -0.714286
7582.5 -1.71429
7583.5 2
7584.5 0
7585.5 -1.71429
7586.5 0
7587.5 0
7588.5 0
7589.5 0
7590.5 -0.714286
7591.5 0
7592.5 0
7593.5 -0.857143
7594.5 0
7595.5 -0.857143
7596.5 0
7597.5 0
7598.5 0
7599.5 0
7600.5 1
7601.5 -0.857143
7602.5 1
7603.5 0
7604.5 0
7605.5 0
7606.5 -0.857143
7607.5 1
7608.5 0
7609.5 1
7610.5 1
7611.5 0
7612.5 1
7613.5 0
7614.5 0
7615.5 0
7616.5 1
7617.5 2
7618.5 2
7619.5 0
7620.5 0
7621.5 0
7622.5 0
7623.5 0
7624.5 0
7625.5 0
7626.5 -1.71429
7627.5 0
7628.5 0
7629.5 0
7630.5 2
7631.5 0
7632.5 0
7633.5 0
7634.5 0.142857
7635.5 -0.857143
7636.5 0.142857
7637.5 0
7638.5 1
7639.5 -0.857143
7640.5 -0.857143
7641.5 0
7642.5 1
7643.5 0
7644.5 1
7645.5 -0.857143
7646.5 0
7647.5 1.14286
7648.5 0
7649.5 1
7650.5 0
7651.5 0
7652.5 0
7653.5 -0.857143
7654.5 0
7655.5 -1.71429
7656.5 0
7657.5 -0.857143
7658.5 0
7659.5 0
7660.5 0.142857
7661.5 0
7662.5 0
7663.5 1
7664.5 -0.857143
7665.5 0
7666.5 0
7667.5 -0.857143
7668.5 1
7669.5 -0.857143
7670.5 1
7671.5 0
7672.5 0
7673.5 0
7674.5 0
7675.5 0
7676.5 0
7677.5 0
7678.5 0
7679.5 0
7680.5 -0.857143
7681.5 -0.857143
7682.5 0
7683.5 0
7684.5 0
7685.5 0
7686.5 0
7687.5 1
7688.5 0
7689.5 0
7690.5 -0.857143
7691.5 -1.71429
7692.5 0
7693.5 0
7694.5 0
7695.5 -0.857143
7696.5 0
7697.5 1
7698.5 1
7699.5 0
7700.5 -0.857143
7701.5 0
7702.5 0
7703.5 -0.857143
7704.5 1
7705.5 0
7706.5 0
7707.5 0
7708.5 1
7709.5 0
7710.5 0
7711.5 0
7712.5 0
7713.5 1
7714.5 0
7715.5 0
7716.5 0
7717.5 1
7718.5 1
7719.5 0
7720.5 0
7721.5 1
7722.5 -0.857143
7723.5 0.142857
7724.5 -0.857143
7725.5 1
7726.5 1.14286
7727.5 -0.857143
7728.5 0
7729.5 0
7730.5 0
7731.5 0
7732.5 0
7733.5 0
7734.5 0
7735.5 0
7736.5 0
7737.5 0
7738.5 0
7739.5 0
7740.5 0
7741.5 0
7742.5 0.142857
7743.5 0
7744.5 0
7745.5 0
7746.5 0
7747.5 0
7748.5 0
7749.5 0
7750.5 0
7751.5 0
7752.5 0.142857
7753.5 0
7754.5 0
7755.5 0
7756.5 0
7757.5 0
7758.5 0
7759.5 0
7760.5 0
7761.5 0
7762.5 -0.857143
7763.5 0
7764.5 0
7765.5 3
7766.5 1
7767.5 1
7768.5 0
7769.5 2
7770.5 2
7771.5 0.142857
7772.5 1.14286
7773.5 -0.857143
7774.5 -0.857143
7775.5 0.142857
7776.5 -0.857143
7777.5 -0.857143
7778.5 0
7779.5 1
7780.5 0
7781.5 0
7782.5 0
7783.5 2
7784.5 1
7785.5 0
7786.5 0
7787.5 -0.857143
7788.5 0
7789.5 -0.857143
7790.5 -1.71429
7791.5 0
7792.5 1
7793.5 0.142857
7794.5 0
7795.5 0
7796.5 0
7797.5 0
7798.5 -0.857143
7799.5 -0.857143
7800.5 0
7801.5 0.142857
7802.5 -0.857143
7803.5 0
7804.5 0
7805.5 0.142857
7806.5 0
7807.5 0
7808.5 0
7809.5 0
7810.5 -0.857143
7811.5 0
7812.5 1
7813.5 0
7814.5 0
7815.5 0
7816.5 0
7817.5 0
7818.5 0
7819.5 0
7820.5 1
7821.5 0
7822.5 0
7823.5 0
7824.5 0
7825.5 0
7826.5 0
7827.5 3
7828.5 -0.857143
7829.5 2
7830.5 -0.857143
7831.5 -0.857143
7832.5 0
7833.5 0
7834.5 0
7835.5 -0.857143
7836.5 0
7837.5 -0.857143
7838.5 0
7839.5 0
7840.5 0
7841.5 0
7842.5 0
7843.5 0
7844.5 0
7845.5 0
7846.5 0
7847.5 -0.857143
7848.5 0
7849.5 0
7850.5 0
7851.5 0
7852.5 0
7853.5 0
7854.5 0
7855.5 0
7856.5 1
7857.5 0
7858.5 0
7859.5 0
7860.5 0
7861.5 0
7862.5 1
7863.5 -0.857143
7864.5 1
7865.5 0
7866.5 0
7867.5 0
7868.5 -0.857143
7869.5 0
7870.5 0.142857
7871.5 0
7872.5 0
7873.5 0
7874.5 0
7875.5 -0.857143
7876.5 1
7877.5 0
7878.5 0
7879.5 0
7880.5 0
7881.5 0
7882.5 0
7883.5 1
7884.5 0
7885.5 0.142857
7886.5 0
7887.5 1
7888.5 0
7889.5 0
7890.5 0
7891.5 0
7892.5 0
7893.5 0
7894.5 0
7895.5 0
7896.5 0
7897.5 0
7898.5 0
7899.5 0
7900.5 0
7901.5 1
7902.5 0
7903.5 0
7904.5 0
7905.5 0
7906.5 1
7907.5 -0.857143
7908.5 0
7909.5 0
7910.5 0
7911.5 -0.857143
7912.5 -0.857143
7913.5 0
7914.5 1
7915.5 -0.857143
7916.5 0
7917.5 -0.857143
7918.5 0
7919.5 0
7920.5 0
7921.5 1
7922.5 0
7923.5 0
7924.5 0
7925.5 0
7926.5 0
7927.5 1
7928.5 2
7929.5 0
7930.5 0
7931.5 1
7932.5 0
7933.5 0
7934.5 0
7935.5 0
7936.5 0
7937.5 0
7938.5 1
7939.5 0
7940.5 -0.857143
7941.5 0
7942.5 -0.857143
7943.5 0
7944.5 0
7945.5 1
7946.5 0
7947.5 0
7948.5 0
7949.5 0
7950.5 0
7951.5 0
7952.5 0
7953.5 0
7954.5 0
7955.5 1
7956.5 0
7957.5 1
7958.5 0
7959.5 0
7960.5 0
7961.5 1
7962.5 0
7963.5 0
7964.5 0
7965.5 -0.857143
7966.5 0
7967.5 0
7968.5 0.142857
7969.5 0
7970.5 1
7971.5 1
7972.5 -0.857143
7973.5 0
7974.5 0
7975.5 0
7976.5 0
7977.5 0
7978.5 0
7979.5 1
7980.5 0
7981.5 0
7982.5 1
7983.5 -0.857143
7984.5 -1.71429
7985.5 1
7986.5 0
7987.5 0
7988.5 0
7989.5 0
7990.5 0
7991.5 0
7992.5 0
7993.5 0
7994.5 0
7995.5 0
7996.5 0
7997.5 0
7998.5 0
7999.5 0
8000.5 0
8001.5 0
8002.5 0
8003.5 0
8004.5 0
8005.5 0
8006.5 0
8007.5 1
8008.5 0
8009.5 1
8010.5 0
8011.5 0
8012.5 0
8013.5 0
8014.5 1
8015.5 1
8016.5 1
8017.5 0
8018.5 -0.857143
8019.5 -0.857143
8020.5 -0.857143
8021.5 0
8022.5 0
8023.5 0
8024.5 0
8025.5 0
8026.5 0
8027.5 -0.857143
8028.5 0
8029.5 0
8030.5 -0.857143
8031.5 0
8032.5 0
8033.5 0
8034.5 0
8035.5 0
8036.5 0
8037.5 0
8038.5 0
8039.5 -0.857143
8040.5 -0.857143
8041.5 0
8042.5 0
8043.5 0.142857
8044.5 0
8045.5 -0.857143
8046.5 0
8047.5 0
8048.5 0
8049.5 0
8050.5 0
8051.5 0
8052.5 1
8053.5 0
8054.5 1
8055.5 1
8056.5 0
8057.5 0
8058.5 0
8059.5 0
8060.5 0
8061.5 0
8062.5 0
8063.5 0
8064.5 0
8065.5 1
8066.5 0
8067.5 0
8068.5 1
8069.5 0
8070.5 1
8071.5 1
8072.5 0
8073.5 0
8074.5 0
8075.5 1
8076.5 1
8077.5 0
8078.5 0
8079.5 -0.857143
8080.5 -0.857143
8081.5 1
8082.5 1
8083.5 2
8084.5 0
8085.5 1
8086.5 0
8087.5 0
8088.5 0
8089.5 0
8090.5 0
8091.5 0
8092.5 0
8093.5 0
8094.5 0
8095.5 0
8096.5 1
8097.5 -0.857143
8098.5 0
8099.5 0
8100.5 -0.857143
8101.5 0
8102.5 0
8103.5 0
8104.5 0
8105.5 0
8106.5 0
8107.5 0
8108.5 0
8109.5 0
8110.5 0
8111.5 0
8112.5 0
8113.5 0
8114.5 0
8115.5 0
8116.5 0
8117.5 0
8118.5 1
8119.5 0
8120.5 1
8121.5 0
8122.5 0
8123.5 -0.857143
8124.5 0
8125.5 0
8126.5 0
8127.5 2
8128.5 0
8129.5 1
8130.5 0
8131.5 0
8132.5 0
8133.5 0
8134.5 0
8135.5 -0.857143
8136.5 0
8137.5 0
8138.5 0
8139.5 0
8140.5 0
8141.5 0
8142.5 0
8143.5 0
8144.5 0
8145.5 -0.857143
8146.5 0
8147.5 1
8148.5 0
8149.5 0
8150.5 0
8151.5 0
8152.5 0
8153.5 0
8154.5 1
8155.5 0
8156.5 0
8157.5 0
8158.5 0
8159.5 0
8160.5 -0.857143
8161.5 0
8162.5 0
8163.5 0
8164.5 0
8165.5 0
8166.5 0
8167.5 0
8168.5 0
8169.5 1
8170.5 0
8171.5 0
8172.5 0
8173.5 1
8174.5 0
8175.5 0
8176.5 0
8177.5 0
8178.5 0
8179.5 1
8180.5 0
8181.5 0
8182.5 0
8183.5 0
8184.5 0
8185.5 -0.857143
8186.5 0
8187.5 0
8188.5 0
8189.5 0
8190.5 0
8191.5 0
8192.5 0
8193.5 0
8194.5 0
8195.5 1
8196.5 0
8197.5 0
8198.5 0
8199.5 0
8200.5 0
8201.5 0
8202.5 0
8203.5 0
8204.5 0
8205.5 0
8206.5 0
8207.5 0
8208.5 0
8209.5 0
8210.5 0
8211.5 0
8212.5 0
8213.5 0
8214.5 0
8215.5 -0.857143
8216.5 0
8217.5 0
8218.5 0
8219.5 0
8220.5 0
8221.5 0
8222.5 0
8223.5 -0.857143
8224.5 0
8225.5 0
8226.5 0
8227.5 0
8228.5 0
8229.5 0
8230.5 0
8231.5 0
8232.5 1
8233.5 0
8234.5 -0.857143
8235.5 0
8236.5 0
8237.5 0
8238.5 0
8239.5 0
8240.5 0
8241.5 0
8242.5 0
8243.5 0
8244.5 0
8245.5 1
8246.5 0
8247.5 0
8248.5 0
8249.5 0
8250.5 0
8251.5 0
8252.5 0
8253.5 0
8254.5 0
8255.5 0
8256.5 0
8257.5 0
8258.5 0
8259.5 0
8260.5 0
8261.5 0
8262.5 0
8263.5 -0.857143
8264.5 0
8265.5 0
8266.5 0
8267.5 0
8268.5 0
8269.5 0
8270.5 0
8271.5 0
8272.5 0
8273.5 0
8274.5 0
8275.5 0
8276.5 0
8277.5 0
8278.5 0
8279.5 0
8280.5 -0.857143
8281.5 0
8282.5 0
8283.5 0
8284.5 0
8285.5 0
8286.5 1
8287.5 0
8288.5 0
8289.5 0
8290.5 0
8291.5 0
8292.5 0
8293.5 -0.857143
8294.5 0
8295.5 0.142857
8296.5 0
8297.5 0.142857
8298.5 0
8299.5 0
8300.5 0
8301.5 0
8302.5 0
8303.5 0
8304.5 0
8305.5 0
8306.5 -0.857143
8307.5 0
8308.5 0
8309.5 0
8310.5 0
8311.5 0
8312.5 0
8313.5 0
8314.5 0
8315.5 0
8316.5 0
8317.5 0
8318.5 0
8319.5 0
8320.5 0
8321.5 -1.71429
8322.5 0
8323.5 0
8324.5 0
8325.5 1
8326.5 1
8327.5 0
8328.5 1
8329.5 0
8330.5 0
8331.5 0
8332.5 -0.857143
8333.5 0
8334.5 0
8335.5 0
8336.5 0
8337.5 0
8338.5 0
8339.5 2
8340.5 0
8341.5 0
8342.5 -0.857143
8343.5 1
8344.5 0
8345.5 0
8346.5 0
8347.5 0
8348.5 0
8349.5 1
8350.5 -0.857143
8351.5 0
8352.5 0
8353.5 0
8354.5 -0.857143
8355.5 0
8356.5 0
8357.5 0
8358.5 0
8359.5 0
8360.5 0
8361.5 0
8362.5 0
8363.5 1
8364.5 0
8365.5 0
8366.5 0
8367.5 0
8368.5 0
8369.5 1
8370.5 0
8371.5 0
8372.5 0
8373.5 0
8374.5 0
8375.5 0
8376.5 0
8377.5 1
8378.5 0
8379.5 0
8380.5 0
8381.5 0
8382.5 0
8383.5 0
8384.5 0
8385.5 0
8386.5 0
8387.5 0
8388.5 0
8389.5 0
8390.5 1
8391.5 0
8392.5 0
8393.5 0
8394.5 0
8395.5 -0.857143
8396.5 0
8397.5 -0.857143
8398.5 0
8399.5 0
8400.5 0
8401.5 0
8402.5 0
8403.5 0
8404.5 0
8405.5 0
8406.5 1
8407.5 0
8408.5 0
8409.5 0
8410.5 0
8411.5 0
8412.5 0
8413.5 0
8414.5 0
8415.5 0
8416.5 0
8417.5 0
8418.5 0
8419.5 0
8420.5 0
8421.5 0
8422.5 0
8423.5 0
8424.5 0
8425.5 0
8426.5 0
8427.5 0
8428.5 0
8429.5 0
8430.5 0
8431.5 -1.71429
8432.5 0
8433.5 -0.857143
8434.5 1
8435.5 0
8436.5 0
8437.5 0
8438.5 1
8439.5 0
8440.5 -0.857143
8441.5 0
8442.5 0
8443.5 0
8444.5 -0.857143
8445.5 0
8446.5 0
8447.5 0
8448.5 1
8449.5 0
8450.5 0
8451.5 0
8452.5 0
8453.5 0
8454.5 1
8455.5 0
8456.5 1
8457.5 -0.857143
8458.5 -0.857143
8459.5 -0.857143
8460.5 0
8461.5 0
8462.5 0
8463.5 0
8464.5 0
8465.5 0
8466.5 0
8467.5 0
8468.5 0
8469.5 -0.857143
8470.5 1
8471.5 1
8472.5 0
8473.5 0
8474.5 0
8475.5 0
8476.5 0
8477.5 0
8478.5 0
8479.5 0
8480.5 0
8481.5 0
8482.5 0
8483.5 0
8484.5 0
8485.5 0
8486.5 0
8487.5 0
8488.5 0
8489.5 0
8490.5 -0.857143
8491.5 0
8492.5 0
8493.5 0
8494.5 0
8495.5 0
8496.5 0
8497.5 0
8498.5 0
8499.5 0
8500.5 0
8501.5 -0.857143
8502.5 1
8503.5 0
8504.5 0
8505.5 0
8506.5 1
8507.5 0
8508.5 0
8509.5 2
8510.5 0
8511.5 0
8512.5 0.142857
8513.5 0
8514.5 0
8515.5 0
8516.5 0
8517.5 0
8518.5 0
8519.5 0
8520.5 0
8521.5 0
8522.5 0
8523.5 0
8524.5 0
8525.5 0
8526.5 0
8527.5 0
8528.5 0
8529.5 0
8530.5 -0.857143
8531.5 0
8532.5 -0.857143
8533.5 0
8534.5 0
8535.5 0
8536.5 0
8537.5 0
8538.5 0
8539.5 0
8540.5 -0.857143
8541.5 0
8542.5 0
8543.5 0
8544.5 0
8545.5 0
8546.5 0
8547.5 0
8548.5 0
8549.5 0
8550.5 0
8551.5 0
8552.5 0
8553.5 0
8554.5 0
8555.5 -0.857143
8556.5 0
8557.5 0
8558.5 0
8559.5 0
8560.5 0
8561.5 0
8562.5 0
8563.5 0
8564.5 0
8565.5 0
8566.5 0
8567.5 0
8568.5 0
8569.5 1
8570.5 0
8571.5 -0.857143
8572.5 0
8573.5 0
8574.5 0
8575.5 0
8576.5 0
8577.5 0
8578.5 0
8579.5 0
8580.5 0
8581.5 0
8582.5 0
8583.5 0
8584.5 0
8585.5 0
8586.5 1
8587.5 0
8588.5 0
8589.5 0
8590.5 0
8591.5 0
8592.5 0
8593.5 0
8594.5 -0.857143
8595.5 1
8596.5 0
8597.5 0
8598.5 0
8599.5 0
8600.5 0
8601.5 -0.857143
8602.5 0
8603.5 0
8604.5 -0.857143
8605.5 0
8606.5 0
8607.5 0
8608.5 0
8609.5 -0.857143
8610.5 0
8611.5 0
8612.5 0
8613.5 0
8614.5 0
8615.5 -0.857143
8616.5 0
8617.5 0
8618.5 0
8619.5 0
8620.5 1
8621.5 0
8622.5 1
8623.5 0
8624.5 -0.857143
8625.5 0
8626.5 -0.857143
8627.5 0
8628.5 0
8629.5 -0.857143
8630.5 0
8631.5 0
8632.5 1
8633.5 0
8634.5 0
8635.5 0
8636.5 -0.857143
8637.5 0
8638.5 1
8639.5 0
8640.5 0
8641.5 0
8642.5 0
8643.5 0
8644.5 0
8645.5 0
8646.5 0
8647.5 0
8648.5 0
8649.5 0
8650.5 0
8651.5 0
8652.5 0
8653.5 0
8654.5 -0.857143
8655.5 0
8656.5 0
8657.5 0
8658.5 0
8659.5 0
8660.5 0
8661.5 0
8662.5 0
8663.5 0
8664.5 0
8665.5 -0.857143
8666.5 0
8667.5 -0.857143
8668.5 0
8669.5 0
8670.5 0
8671.5 0
8672.5 1
8673.5 0
8674.5 0
8675.5 0
8676.5 0
8677.5 1
8678.5 0
8679.5 0
8680.5 0
8681.5 0
8682.5 0
8683.5 0
8684.5 1
8685.5 0
8686.5 0
8687.5 -0.857143
8688.5 0
8689.5 0
8690.5 0
8691.5 0
8692.5 0
8693.5 0
8694.5 0
8695.5 0
8696.5 0
8697.5 0
8698.5 -0.857143
8699.5 -0.857143
8700.5 -0.857143
8701.5 -0.857143
8702.5 0
8703.5 0
8704.5 0
8705.5 0
8706.5 0
8707.5 0
8708.5 0
8709.5 -0.857143
8710.5 -0.857143
8711.5 0
8712.5 0
8713.5 0
8714.5 0
8715.5 0
8716.5 0
8717.5 0
8718.5 -0.857143
8719.5 1
8720.5 0
8721.5 -0.857143
8722.5 1
8723.5 0
8724.5 0
8725.5 1
8726.5 0
8727.5 0
8728.5 0
8729.5 0.142857
8730.5 0
8731.5 0
8732.5 0
8733.5 0
8734.5 -0.857143
8735.5 0
8736.5 0
8737.5 0
8738.5 0
8739.5 0
8740.5 0
8741.5 0
8742.5 0
8743.5 0
8744.5 0
8745.5 0
8746.5 0
8747.5 0
8748.5 1
8749.5 0
8750.5 0
8751.5 0
8752.5 0
8753.5 0
8754.5 -0.857143
8755.5 0
8756.5 0
8757.5 -0.857143
8758.5 0
8759.5 0
8760.5 -0.857143
8761.5 -0.857143
8762.5 0
8763.5 0
8764.5 0
8765.5 0
8766.5 0
8767.5 0
8768.5 0
8769.5 0
8770.5 0
8771.5 0
8772.5 0
8773.5 0
8774.5 0
8775.5 0
8776.5 0
8777.5 0
8778.5 0
8779.5 0
8780.5 0
8781.5 0
8782.5 0
8783.5 0
8784.5 0
8785.5 0
8786.5 0
8787.5 0
8788.5 1
8789.5 0
8790.5 0
8791.5 0
8792.5 0
8793.5 0
8794.5 0
8795.5 0
8796.5 0
8797.5 0
8798.5 0
8799.5 1
8800.5 0
8801.5 0
8802.5 0
8803.5 0
8804.5 0
8805.5 0
8806.5 0
8807.5 0
8808.5 -0.857143
8809.5 0
8810.5 0
8811.5 0
8812.5 0
8813.5 0
8814.5 0
8815.5 0
8816.5 0
8817.5 0
8818.5 0
8819.5 0
8820.5 0
8821.5 -0.857143
8822.5 0
8823.5 0
8824.5 0
8825.5 0
8826.5 0
8827.5 -0.857143
8828.5 0
8829.5 0
8830.5 0
8831.5 -0.857143
8832.5 0
8833.5 -0.857143
8834.5 0
8835.5 0
8836.5 0
8837.5 0
8838.5 0
8839.5 0
8840.5 -0.857143
8841.5 -0.857143
8842.5 0
8843.5 2
8844.5 0
8845.5 0
8846.5 1
8847.5 1
8848.5 0
8849.5 0
8850.5 0
8851.5 0
8852.5 0
8853.5 0
8854.5 0
8855.5 0
8856.5 0
8857.5 0
8858.5 0
8859.5 0
8860.5 0
8861.5 0
8862.5 0
8863.5 0
8864.5 0
8865.5 0
8866.5 0
8867.5 1
8868.5 0
8869.5 0
8870.5 1
8871.5 0
8872.5 0
8873.5 0
8874.5 0
8875.5 -0.857143
8876.5 0
8877.5 -0.857143
8878.5 0
8879.5 0
8880.5 0
8881.5 0
8882.5 0
8883.5 0
8884.5 0
8885.5 0
8886.5 0
8887.5 0
8888.5 0
8889.5 0
8890.5 0
8891.5 0
8892.5 0
8893.5 0
8894.5 0
8895.5 0
8896.5 0
8897.5 0
8898.5 -0.857143
8899.5 0
8900.5 0
8901.5 -0.857143
8902.5 1
8903.5 1
8904.5 -0.857143
8905.5 0
8906.5 0
8907.5 0
8908.5 -0.857143
8909.5 0
8910.5 0
8911.5 0
8912.5 0
8913.5 0
8914.5 0
8915.5 0
8916.5 0
8917.5 0
8918.5 0
8919.5 0
8920.5 0
8921.5 1
8922.5 0
8923.5 0
8924.5 0
8925.5 0
8926.5 0
8927.5 0
8928.5 0
8929.5 0
8930.5 0
8931.5 0
8932.5 0
8933.5 0
8934.5 0
8935.5 0
8936.5 0
8937.5 0
8938.5 0
8939.5 0
8940.5 0
8941.5 0
8942.5 0
8943.5 0
8944.5 0
8945.5 0
8946.5 0
8947.5 0
8948.5 0
8949.5 1
8950.5 0
8951.5 -0.857143
8952.5 0
8953.5 0
8954.5 0
8955.5 0
8956.5 0
8957.5 0
8958.5 0
8959.5 0
8960.5 0
8961.5 1
8962.5 0
8963.5 0
8964.5 0
8965.5 1
8966.5 0
8967.5 -0.857143
8968.5 0
8969.5 0
8970.5 0
8971.5 0
8972.5 1
8973.5 1
8974.5 0
8975.5 0
8976.5 0
8977.5 0
8978.5 1
8979.5 0
8980.5 1
8981.5 0
8982.5 0
8983.5 0
8984.5 0
8985.5 0
8986.5 1
8987.5 0
8988.5 0
8989.5 -0.857143
8990.5 0
8991.5 0
8992.5 0
8993.5 1
8994.5 0
8995.5 0
8996.5 0
8997.5 1
8998.5 0
8999.5 0
9000.5 0
9001.5 0
9002.5 0
9003.5 1
9004.5 0
9005.5 0
9006.5 0
9007.5 0
9008.5 0
9009.5 0
9010.5 0
9011.5 0
9012.5 0
9013.5 0
9014.5 0
9015.5 0
9016.5 1
9017.5 1
9018.5 -0.857143
9019.5 0
9020.5 0
9021.5 0
9022.5 1
9023.5 0
9024.5 0
9025.5 0
9026.5 0
9027.5 0
9028.5 1
9029.5 0
9030.5 1
9031.5 0
9032.5 0
9033.5 0
9034.5 0
9035.5 0
9036.5 0
9037.5 0
9038.5 0
9039.5 0
9040.5 0
9041.5 0
9042.5 0
9043.5 0
9044.5 0
9045.5 0
9046.5 0
9047.5 0
9048.5 0
9049.5 0
9050.5 0
9051.5 0
9052.5 0
9053.5 0
9054.5 0
9055.5 0
9056.5 0
9057.5 0
9058.5 0
9059.5 1
9060.5 0
9061.5 0
9062.5 0
9063.5 0
9064.5 0
9065.5 0
9066.5 1
9067.5 0
9068.5 0
9069.5 0
9070.5 0
9071.5 0
9072.5 0
9073.5 0
9074.5 0
9075.5 0
9076.5 0
9077.5 -0.857143
9078.5 0
9079.5 0
9080.5 0
9081.5 0
9082.5 0
9083.5 0
9084.5 0
9085.5 -0.857143
9086.5 0
9087.5 0
9088.5 0
9089.5 0
9090.5 0
9091.5 0
9092.5 0
9093.5 0
9094.5 0
9095.5 0
9096.5 -0.857143
9097.5 0
9098.5 0
9099.5 0
9100.5 0
9101.5 0
9102.5 -0.857143
9103.5 0
9104.5 0
9105.5 1
9106.5 0
9107.5 0
9108.5 0
9109.5 0
9110.5 0
9111.5 0
9112.5 0
9113.5 1
9114.5 0
9115.5 0
9116.5 0
9117.5 0
9118.5 0
9119.5 1
9120.5 0
9121.5 0
9122.5 0
9123.5 -0.857143
9124.5 0
9125.5 0
9126.5 -0.857143
9127.5 0
9128.5 0
9129.5 0
9130.5 0
9131.5 0
9132.5 0
9133.5 0
9134.5 -0.857143
9135.5 0
9136.5 0
9137.5 0
9138.5 0
9139.5 0
9140.5 0
9141.5 -0.857143
9142.5 0
9143.5 1
9144.5 0
9145.5 -0.857143
9146.5 0
9147.5 0
9148.5 0
9149.5 0
9150.5 0
9151.5 0
9152.5 0
9153.5 0
9154.5 0
9155.5 0
9156.5 0
9157.5 0
9158.5 0
9159.5 0
9160.5 0
9161.5 0
9162.5 1
9163.5 0
9164.5 -0.857143
9165.5 0
9166.5 0
9167.5 0
9168.5 0
9169.5 0
9170.5 0
9171.5 0
9172.5 0
9173.5 0
9174.5 0
9175.5 0
9176.5 0
9177.5 0
9178.5 0
9179.5 -0.857143
9180.5 0
9181.5 0
9182.5 0
9183.5 0
9184.5 0
9185.5 0
9186.5 0
9187.5 0
9188.5 0
9189.5 1
9190.5 1
9191.5 0
9192.5 0
9193.5 -0.857143
9194.5 0
9195.5 0
9196.5 0
9197.5 0
9198.5 0
9199.5 0
9200.5 0
9201.5 0
9202.5 0
9203.5 0
9204.5 0
9205.5 0
9206.5 0
9207.5 0
9208.5 0
9209.5 0
9210.5 0
9211.5 0
9212.5 0
9213.5 0
9214.5 0
9215.5 0
9216.5 0
9217.5 0
9218.5 0
9219.5 0
9220.5 1
9221.5 0
9222.5 0
9223.5 0
9224.5 -0.857143
9225.5 0
9226.5 0
9227.5 0
9228.5 0
9229.5 0
9230.5 0
9231.5 0
9232.5 -0.857143
9233.5 0
9234.5 0
9235.5 0
9236.5 0
9237.5 0
9238.5 0
9239.5 0
9240.5 0
9241.5 0
9242.5 0
9243.5 0
9244.5 0
9245.5 0
9246.5 0
9247.5 -0.857143
9248.5 0
9249.5 0
9250.5 0
9251.5 0
9252.5 0
9253.5 0
9254.5 0
9255.5 0
9256.5 0
9257.5 0
9258.5 0
9259.5 1
9260.5 0
9261.5 0
9262.5 0
9263.5 1
9264.5 0
9265.5 0
9266.5 0
9267.5 0
9268.5 0
9269.5 0
9270.5 -0.857143
9271.5 -1.71429
9272.5 0
9273.5 0
9274.5 1
9275.5 0
9276.5 0
9277.5 0
9278.5 0
9279.5 0
9280.5 0
9281.5 0
9282.5 -0.857143
9283.5 0
9284.5 -0.857143
9285.5 0
9286.5 -0.857143
9287.5 0
9288.5 0
9289.5 0
9290.5 0
9291.5 0
9292.5 0
9293.5 0
9294.5 0
9295.5 0
9296.5 0
9297.5 0
9298.5 1
9299.5 0
9300.5 0
9301.5 0
9302.5 0
9303.5 0
9304.5 0
9305.5 0
9306.5 -0.857143
9307.5 0
9308.5 0
9309.5 0
9310.5 0
9311.5 0
9312.5 0
9313.5 0
9314.5 0
9315.5 0
9316.5 0
9317.5 0
9318.5 0
9319.5 0
9320.5 0
9321.5 -0.857143
9322.5 0
9323.5 0
9324.5 0
9325.5 0
9326.5 0
9327.5 0
9328.5 0
9329.5 0
9330.5 0
9331.5 0
9332.5 0
9333.5 0
9334.5 0
9335.5 0
9336.5 0
9337.5 0
9338.5 -0.857143
9339.5 0
9340.5 0
9341.5 1
9342.5 0
9343.5 0
9344.5 0
9345.5 0
9346.5 1
9347.5 0
9348.5 -0.857143
9349.5 0
9350.5 0
9351.5 -0.857143
9352.5 0
9353.5 0
9354.5 0
9355.5 0
9356.5 0
9357.5 0
9358.5 0
9359.5 0
9360.5 0
9361.5 -0.857143
9362.5 0
9363.5 0
9364.5 0
9365.5 0
9366.5 0
9367.5 0
9368.5 0
9369.5 0
9370.5 0
9371.5 0
9372.5 0
9373.5 0
9374.5 0
9375.5 0
9376.5 0
9377.5 0
9378.5 0
9379.5 0
9380.5 0
9381.5 0
9382.5 -0.857143
9383.5 0
9384.5 0
9385.5 0
9386.5 0
9387.5 0
9388.5 0
9389.5 0
9390.5 0
9391.5 0
9392.5 0
9393.5 0
9394.5 0
9395.5 -0.857143
9396.5 -0.857143
9397.5 0
9398.5 0
9399.5 0
9400.5 -0.857143
9401.5 1
9402.5 0
9403.5 0
9404.5 0
9405.5 0
9406.5 0
9407.5 0
9408.5 0
9409.5 0
9410.5 0
9411.5 0
9412.5 0
9413.5 0
9414.5 -0.857143
9415.5 0
9416.5 0
9417.5 0
9418.5 0
9419.5 0
9420.5 0
9421.5 0
9422.5 0
9423.5 0
9424.5 0
9425.5 0
9426.5 0
9427.5 0
9428.5 0
9429.5 0
9430.5 1
9431.5 0
9432.5 0
9433.5 0
9434.5 0
9435.5 0
9436.5 0
9437.5 0
9438.5 0
9439.5 0
9440.5 1
9441.5 0
9442.5 0
9443.5 1
9444.5 0
9445.5 0
9446.5 0
9447.5 0
9448.5 0
9449.5 0
9450.5 0
9451.5 0
9452.5 0
9453.5 0
9454.5 0
9455.5 0
9456.5 0
9457.5 0
9458.5 0
9459.5 0
9460.5 0
9461.5 0
9462.5 0
9463.5 0
9464.5 0
9465.5 0
9466.5 0
9467.5 0
9468.5 0
9469.5 0
9470.5 0
9471.5 0
9472.5 1
9473.5 0
9474.5 0
9475.5 0
9476.5 0
9477.5 0
9478.5 0
9479.5 0
9480.5 0
9481.5 0
9482.5 0
9483.5 0
9484.5 0
9485.5 0
9486.5 0
9487.5 0
9488.5 0
9489.5 0
9490.5 0
9491.5 0
9492.5 0
9493.5 0
9494.5 0
9495.5 0
9496.5 0
9497.5 0
9498.5 1
9499.5 0
9500.5 0
9501.5 0
9502.5 0
9503.5 0
9504.5 0
9505.5 -0.857143
9506.5 0
9507.5 0
9508.5 0
9509.5 0
9510.5 0
9511.5 0
9512.5 0
9513.5 0
9514.5 -0.857143
9515.5 0
9516.5 0
9517.5 0
9518.5 0
9519.5 0
9520.5 0
9521.5 0
9522.5 -0.857143
9523.5 1
9524.5 0
9525.5 0
9526.5 0
9527.5 0
9528.5 1
9529.5 -0.857143
9530.5 -0.857143
9531.5 0
9532.5 -0.857143
9533.5 0
9534.5 -0.857143
9535.5 0
9536.5 0
9537.5 0
9538.5 0
9539.5 0
9540.5 2
9541.5 1
9542.5 0
9543.5 0
9544.5 0
9545.5 0
9546.5 0
9547.5 0
9548.5 0
9549.5 0
9550.5 0
9551.5 0
9552.5 0
9553.5 0
9554.5 0
9555.5 0
9556.5 0
9557.5 0
9558.5 0
9559.5 0
9560.5 0
9561.5 0
9562.5 0
9563.5 0
9564.5 -0.857143
9565.5 0
9566.5 0
9567.5 0
9568.5 0
9569.5 0
9570.5 0
9571.5 0
9572.5 0
9573.5 1
9574.5 0
9575.5 0
9576.5 0
9577.5 0
9578.5 1
9579.5 0
9580.5 0
9581.5 0
9582.5 0
9583.5 0
9584.5 0
9585.5 0
9586.5 0
9587.5 0
9588.5 0
9589.5 0
9590.5 0
9591.5 0
9592.5 0
9593.5 0
9594.5 0
9595.5 0
9596.5 0
9597.5 0
9598.5 0
9599.5 0
9600.5 0
9601.5 0
9602.5 0
9603.5 0
9604.5 0
9605.5 0
9606.5 -0.857143
9607.5 0
9608.5 0
9609.5 0
9610.5 0
9611.5 -0.857143
9612.5 0
9613.5 0
9614.5 0
9615.5 0
9616.5 0
9617.5 0
9618.5 0
9619.5 -0.857143
9620.5 1
9621.5 0
9622.5 0
9623.5 0
9624.5 0
9625.5 0
9626.5 0
9627.5 0
9628.5 0
9629.5 0
9630.5 0
9631.5 0
9632.5 0
9633.5 0
9634.5 0
9635.5 0
9636.5 0
9637.5 0
9638.5 0
9639.5 0
9640.5 -0.857143
9641.5 0
9642.5 0
9643.5 0
9644.5 0
9645.5 0
9646.5 0
9647.5 0
9648.5 0
9649.5 0
9650.5 0
9651.5 0
9652.5 0
9653.5 0
9654.5 0
9655.5 0
9656.5 0
9657.5 0
9658.5 0
9659.5 0
9660.5 0
9661.5 0
9662.5 -0.857143
9663.5 0
9664.5 0
9665.5 0
9666.5 0
9667.5 0
9668.5 0
9669.5 0
9670.5 0
9671.5 0
9672.5 0
9673.5 0
9674.5 0
9675.5 0
9676.5 0
9677.5 0
9678.5 1
9679.5 0
9680.5 0
9681.5 0
9682.5 0
9683.5 0
9684.5 0
9685.5 -0.857143
9686.5 0
9687.5 0
9688.5 0
9689.5 0
9690.5 0
9691.5 0
9692.5 -0.857143
9693.5 0
9694.5 0
9695.5 0
9696.5 0
9697.5 0
9698.5 0
9699.5 0
9700.5 0
9701.5 0
9702.5 0
9703.5 0
9704.5 0
9705.5 0
9706.5 0
9707.5 0
9708.5 0
9709.5 0
9710.5 1
9711.5 1
9712.5 0
9713.5 0
9714.5 0
9715.5 0
9716.5 0
9717.5 -0.857143
9718.5 0
9719.5 1
9720.5 0
9721.5 0
9722.5 0
9723.5 0
9724.5 0
9725.5 0
9726.5 0
9727.5 0
9728.5 0
9729.5 0
9730.5 0
9731.5 0
9732.5 0
9733.5 0
9734.5 0
9735.5 0
9736.5 0
9737.5 0
9738.5 0
9739.5 0
9740.5 0
9741.5 0
9742.5 0
9743.5 0
9744.5 1
9745.5 0
9746.5 0
9747.5 0
9748.5 0
9749.5 0
9750.5 0
9751.5 0
9752.5 0
9753.5 0
9754.5 0
9755.5 0
9756.5 0
9757.5 0
9758.5 0
9759.5 0
9760.5 0
9761.5 0
9762.5 0
9763.5 0
9764.5 0
9765.5 0
9766.5 0
9767.5 0
9768.5 0
9769.5 0
9770.5 0
9771.5 0
9772.5 0
9773.5 0
9774.5 0
9775.5 0
9776.5 0
9777.5 0
9778.5 0
9779.5 0
9780.5 0
9781.5 0
9782.5 0
9783.5 0
9784.5 1
9785.5 0
9786.5 0
9787.5 0
9788.5 0
9789.5 0
9790.5 0
9791.5 0
9792.5 0
9793.5 0
9794.5 0
9795.5 0
9796.5 0
9797.5 0
9798.5 0
9799.5 1
9800.5 0
9801.5 0
9802.5 0
9803.5 0
9804.5 0
9805.5 0
9806.5 0
9807.5 0
9808.5 0
9809.5 0
9810.5 0
9811.5 1
9812.5 0
9813.5 0
9814.5 0
9815.5 0
9816.5 0
9817.5 0
9818.5 0
9819.5 0
9820.5 0
9821.5 0
9822.5 0
9823.5 0
9824.5 0
9825.5 0
9826.5 0
9827.5 0
9828.5 0
9829.5 0
9830.5 0
9831.5 0
9832.5 0
9833.5 0
9834.5 0
9835.5 0
9836.5 -0.857143
9837.5 0
9838.5 0
9839.5 0
9840.5 0
9841.5 0
9842.5 0
9843.5 0
9844.5 0
9845.5 0
9846.5 0
9847.5 0
9848.5 0
9849.5 0
9850.5 0
9851.5 0
9852.5 0
9853.5 -0.857143
9854.5 0
9855.5 0
9856.5 0
9857.5 0
9858.5 0
9859.5 0
9860.5 0
9861.5 0
9862.5 1
9863.5 0
9864.5 0
9865.5 0
9866.5 0
9867.5 0
9868.5 1
9869.5 0
9870.5 0
9871.5 0
9872.5 0
9873.5 -0.857143
9874.5 0
9875.5 0
9876.5 0
9877.5 0
9878.5 0
9879.5 0
9880.5 0
9881.5 0
9882.5 0
9883.5 0
9884.5 0
9885.5 0
9886.5 0
9887.5 0
9888.5 0
9889.5 0
9890.5 0
9891.5 0
9892.5 0
9893.5 0
9894.5 0
9895.5 0
9896.5 0
9897.5 0
9898.5 0
9899.5 0
9900.5 0
9901.5 0
9902.5 0
9903.5 0
9904.5 0
9905.5 0
9906.5 0
9907.5 0
9908.5 0
9909.5 0
9910.5 0
9911.5 0
9912.5 0
9913.5 0
9914.5 0
9915.5 0
9916.5 0
9917.5 0
9918.5 0
9919.5 0
9920.5 0
9921.5 0
9922.5 0
9923.5 0
9924.5 0
9925.5 0
9926.5 -0.857143
9927.5 0
9928.5 0
9929.5 0
9930.5 0
9931.5 0
9932.5 0
9933.5 0
9934.5 0
9935.5 0
9936.5 0
9937.5 0
9938.5 0
9939.5 0
9940.5 0
9941.5 0
9942.5 0
9943.5 0
9944.5 0
9945.5 0
9946.5 0
9947.5 0
9948.5 0
9949.5 0
9950.5 0
9951.5 0
9952.5 0
9953.5 0
9954.5 0
9955.5 0
9956.5 0
9957.5 0
9958.5 0
9959.5 0
9960.5 0
9961.5 0
9962.5 0
9963.5 0
9964.5 0
9965.5 0
9966.5 0
9967.5 0
9968.5 0
9969.5 0
9970.5 0
9971.5 0
9972.5 0
9973.5 0
9974.5 0
9975.5 0
9976.5 0
9977.5 0
9978.5 0
9979.5 0
9980.5 0
9981.5 0
9982.5 0
9983.5 0
9984.5 0
9985.5 0
9986.5 0
9987.5 0
9988.5 0
9989.5 0
9990.5 0
9991.5 0
9992.5 0
9993.5 0
9994.5 0
9995.5 0
9996.5 0
9997.5 0
9998.5 0
9999.5 0
10000.5 0
10001.5 0
10002.5 0
10003.5 1
10004.5 0
10005.5 0
10006.5 0
10007.5 0
10008.5 0
10009.5 0
10010.5 0
10011.5 0
10012.5 0
10013.5 0
10014.5 0
10015.5 0
10016.5 0
10017.5 0
10018.5 0
10019.5 0
10020.5 0
10021.5 0
10022.5 0
10023.5 0
10024.5 0
10025.5 0
10026.5 0
10027.5 0
10028.5 0
10029.5 0
10030.5 0
10031.5 0
10032.5 0
10033.5 0
10034.5 0
10035.5 0
10036.5 0
10037.5 0
10038.5 0
10039.5 0
10040.5 0
10041.5 0
10042.5 0
10043.5 0
10044.5 0
10045.5 0
10046.5 0
10047.5 0
10048.5 0
10049.5 0
10050.5 0
10051.5 0
10052.5 0
10053.5 0
10054.5 0
10055.5 0
10056.5 0
10057.5 0
10058.5 0
10059.5 0
10060.5 0
10061.5 0
10062.5 0
10063.5 0
10064.5 0
10065.5 0
10066.5 0
10067.5 0
10068.5 0
10069.5 0
10070.5 0
10071.5 0
10072.5 0
10073.5 0
10074.5 0
10075.5 0
10076.5 0
10077.5 0
10078.5 0
10079.5 0
10080.5 0
10081.5 0
10082.5 0
10083.5 0
10084.5 0
10085.5 0
10086.5 0
10087.5 0
10088.5 0
10089.5 0
10090.5 0
10091.5 0
10092.5 0
10093.5 0
10094.5 1
10095.5 0
10096.5 0
10097.5 0
10098.5 0
10099.5 0
10100.5 0
10101.5 0
10102.5 0
10103.5 0
10104.5 0
10105.5 0
10106.5 0
10107.5 0
10108.5 0
10109.5 0
10110.5 0
10111.5 0
10112.5 0
10113.5 0
10114.5 -0.857143
10115.5 0
10116.5 0
10117.5 0
10118.5 0
10119.5 0
10120.5 0
10121.5 0
10122.5 -0.857143
10123.5 0
10124.5 0
10125.5 0
10126.5 0
10127.5 0
10128.5 0
10129.5 0
10130.5 0
10131.5 0
10132.5 0
10133.5 0
10134.5 0
10135.5 0
10136.5 0
10137.5 0
10138.5 0
10139.5 0
10140.5 0
10141.5 0
10142.5 0
10143.5 0
10144.5 0
10145.5 0
10146.5 0
10147.5 0
10148.5 0
10149.5 0
10150.5 0
10151.5 0
10152.5 0
10153.5 0
10154.5 0
10155.5 0
10156.5 0
10157.5 0
10158.5 0
10159.5 0
10160.5 0
10161.5 0
10162.5 0
10163.5 0
10164.5 0
10165.5 0
10166.5 0
10167.5 0
10168.5 0
10169.5 0
10170.5 0
10171.5 0
10172.5 0
10173.5 0
10174.5 0
10175.5 0
10176.5 0
10177.5 0
10178.5 0
10179.5 0
10180.5 0
10181.5 0
10182.5 0
10183.5 0
10184.5 0
10185.5 0
10186.5 0
10187.5 0
10188.5 0
10189.5 0
10190.5 0
10191.5 0
10192.5 0
10193.5 0
10194.5 0
10195.5 1
10196.5 0
10197.5 0
10198.5 0
10199.5 0
10200.5 0
10201.5 0
10202.5 0
10203.5 0
10204.5 0
10205.5 0
10206.5 0
10207.5 0
10208.5 0
10209.5 0
10210.5 0
10211.5 0
10212.5 0
10213.5 0
10214.5 0
10215.5 0
10216.5 0
10217.5 0
10218.5 0
10219.5 0
10220.5 0
10221.5 0
10222.5 0
10223.5 0
10224.5 0
10225.5 0
10226.5 0
10227.5 -0.857143
10228.5 0
10229.5 0
10230.5 0
10231.5 0
10232.5 0
10233.5 0
10234.5 0
10235.5 0
10236.5 0
10237.5 0
10238.5 0
10239.5 0
10240.5 0
10241.5 0
10242.5 0
10243.5 0
10244.5 0
10245.5 0
10246.5 0
10247.5 0
10248.5 0
10249.5 0
10250.5 0
10251.5 0
10252.5 0
10253.5 0
10254.5 0
10255.5 0
10256.5 0
10257.5 0
10258.5 0
10259.5 0
10260.5 0
10261.5 0
10262.5 0
10263.5 1
10264.5 0
10265.5 0
10266.5 0
10267.5 0
10268.5 0
10269.5 0
10270.5 0
10271.5 0
10272.5 0
10273.5 0
10274.5 0
10275.5 0
10276.5 0
10277.5 0
10278.5 0
10279.5 0
10280.5 0
10281.5 0
10282.5 0
10283.5 0
10284.5 0
10285.5 0
10286.5 0
10287.5 0
10288.5 0
10289.5 0
10290.5 0
10291.5 0
10292.5 0
10293.5 0
10294.5 0
10295.5 0
10296.5 0
10297.5 0
10298.5 0
10299.5 0
10300.5 0
10301.5 0
10302.5 0
10303.5 0
10304.5 0
10305.5 0
10306.5 0
10307.5 0
10308.5 0
10309.5 0
10310.5 -0.857143
10311.5 0
10312.5 0
10313.5 0
10314.5 0
10315.5 0
10316.5 0
10317.5 0
10318.5 0
10319.5 0
10320.5 0
10321.5 0
10322.5 0
10323.5 0
10324.5 0
10325.5 0
10326.5 0
10327.5 0
10328.5 0
10329.5 0
10330.5 0
10331.5 0
10332.5 0
10333.5 0
10334.5 0
10335.5 0
10336.5 0
10337.5 0
10338.5 0
10339.5 0
10340.5 0
10341.5 0
10342.5 0
10343.5 0
10344.5 0
10345.5 0
10346.5 0
10347.5 0
10348.5 0
10349.5 0
10350.5 0
10351.5 0
10352.5 0
10353.5 0
10354.5 0
10355.5 0
10356.5 0
10357.5 0
10358.5 0
10359.5 0
10360.5 0
10361.5 0
10362.5 0
10363.5 0
10364.5 0
10365.5 0
10366.5 0
10367.5 0
10368.5 0
10369.5 0
10370.5 0
10371.5 0
10372.5 0
10373.5 0
10374.5 0
10375.5 0
10376.5 0
10377.5 0
10378.5 0
10379.5 0
10380.5 0
10381.5 0
10382.5 0
10383.5 -0.857143
10384.5 0
10385.5 0
10386.5 0
10387.5 0
10388.5 0
10389.5 0
10390.5 0
10391.5 0
10392.5 0
10393.5 0
10394.5 0
10395.5 0
10396.5 0
10397.5 0
10398.5 0
10399.5 0
10400.5 0
10401.5 0
10402.5 0
10403.5 0
10404.5 -0.857143
10405.5 0
10406.5 0
10407.5 0
10408.5 0
10409.5 0
10410.5 0
10411.5 0
10412.5 0
10413.5 0
10414.5 1
10415.5 0
10416.5 0
10417.5 0
10418.5 0
10419.5 0
10420.5 0
10421.5 0
10422.5 -0.857143
10423.5 0
10424.5 0
10425.5 0
10426.5 0
10427.5 0
10428.5 0
10429.5 0
10430.5 0
10431.5 0
10432.5 0
10433.5 0
10434.5 0
10435.5 0
10436.5 0
10437.5 0
10438.5 0
10439.5 0
10440.5 0
10441.5 0
10442.5 0
10443.5 0
10444.5 0
10445.5 0
10446.5 0
10447.5 0
10448.5 0
10449.5 0
10450.5 0
10451.5 0
10452.5 0
10453.5 0
10454.5 0
10455.5 0
10456.5 0
10457.5 0
10458.5 0
10459.5 0
10460.5 0
10461.5 0
10462.5 0
10463.5 0
10464.5 0
10465.5 0
10466.5 0
10467.5 0
10468.5 0
10469.5 0
10470.5 0
10471.5 0
10472.5 0
10473.5 0
10474.5 0
10475.5 0
10476.5 0
10477.5 0
10478.5 0
10479.5 0
10480.5 0
10481.5 0
10482.5 0
10483.5 0
10484.5 0
10485.5 0
10486.5 0
10487.5 0
10488.5 0
10489.5 0
10490.5 0
10491.5 0
10492.5 0
10493.5 0
10494.5 0
10495.5 0
10496.5 0
10497.5 0
10498.5 0
10499.5 0
10500.5 0
10501.5 0
10502.5 0
10503.5 0
10504.5 0
10505.5 0
10506.5 0
10507.5 0
10508.5 0
10509.5 0
10510.5 0
10511.5 0
10512.5 0
10513.5 0
10514.5 0
10515.5 0
10516.5 0
10517.5 0
10518.5 0
10519.5 0
10520.5 0
10521.5 0
10522.5 0
10523.5 0
10524.5 0
10525.5 0
10526.5 0
10527.5 0
10528.5 1
10529.5 0
10530.5 0
10531.5 0
10532.5 0
10533.5 0
10534.5 0
10535.5 0
10536.5 0
10537.5 0
10538.5 0
10539.5 0
10540.5 0
10541.5 0
10542.5 0
10543.5 0
10544.5 0
10545.5 0
10546.5 0
10547.5 0
10548.5 0
10549.5 0
10550.5 0
10551.5 0
10552.5 0
10553.5 0
10554.5 0
10555.5 0
10556.5 0
10557.5 0
10558.5 0
10559.5 0
10560.5 0
10561.5 0
10562.5 0
10563.5 0
10564.5 0
10565.5 0
10566.5 0
10567.5 0
10568.5 0
10569.5 0
10570.5 0
10571.5 0
10572.5 0
10573.5 0
10574.5 0
10575.5 0
10576.5 0
10577.5 0
10578.5 0
10579.5 0
10580.5 0
10581.5 0
10582.5 0
10583.5 0
10584.5 0
10585.5 0
10586.5 0
10587.5 0
10588.5 0
10589.5 0
10590.5 0
10591.5 0
10592.5 0
10593.5 0
10594.5 0
10595.5 0
10596.5 0
10597.5 0
10598.5 0
10599.5 0
10600.5 0
10601.5 0
10602.5 0
10603.5 0
10604.5 0
10605.5 0
10606.5 0
10607.5 0
10608.5 0
10609.5 0
10610.5 0
10611.5 0
10612.5 0
10613.5 0
10614.5 0
10615.5 0
10616.5 0
10617.5 0
10618.5 0
10619.5 0
10620.5 0
10621.5 0
10622.5 0
10623.5 0
10624.5 0
10625.5 0
10626.5 0
10627.5 0
10628.5 0
10629.5 0
10630.5 0
10631.5 0
10632.5 0
10633.5 0
10634.5 0
10635.5 0
10636.5 0
10637.5 0
10638.5 0
10639.5 -0.857143
10640.5 0
10641.5 0
10642.5 0
10643.5 0
10644.5 0
10645.5 0
10646.5 0
10647.5 0
10648.5 0
10649.5 0
10650.5 0
10651.5 0
10652.5 0
10653.5 0
10654.5 0
10655.5 0
10656.5 0
10657.5 0
10658.5 0
10659.5 0
10660.5 0
10661.5 0
10662.5 0
10663.5 0
10664.5 0
10665.5 0
10666.5 0
10667.5 0
10668.5 0
10669.5 0
10670.5 0
10671.5 0
10672.5 0
10673.5 0
10674.5 0
10675.5 0
10676.5 0
10677.5 0
10678.5 0
10679.5 0
10680.5 0
10681.5 0
10682.5 0
10683.5 0
10684.5 0
10685.5 0
10686.5 0
10687.5 0
10688.5 0
10689.5 0
10690.5 0
10691.5 0
10692.5 0
10693.5 0
10694.5 0
10695.5 0
10696.5 0
10697.5 0
10698.5 0
10699.5 0
10700.5 0
10701.5 0
10702.5 0
10703.5 0
10704.5 0
10705.5 0
10706.5 0
10707.5 0
10708.5 0
10709.5 0
10710.5 0
10711.5 0
10712.5 0
10713.5 0
10714.5 0
10715.5 0
10716.5 0
10717.5 0
10718.5 0
10719.5 0
10720.5 0
10721.5 0
10722.5 0
10723.5 0
10724.5 0
10725.5 0
10726.5 0
10727.5 0
10728.5 0
10729.5 0
10730.5 0
10731.5 0
10732.5 0
10733.5 0
10734.5 0
10735.5 0
10736.5 0
10737.5 0
10738.5 0
10739.5 0
10740.5 0
10741.5 0
10742.5 0
10743.5 0
10744.5 0
10745.5 0
10746.5 0
10747.5 0
10748.5 0
10749.5 0
10750.5 0
10751.5 0
10752.5 0
10753.5 0
10754.5 0
10755.5 0
10756.5 0
10757.5 0
10758.5 0
10759.5 0
10760.5 0
10761.5 0
10762.5 0
10763.5 0
10764.5 0
10765.5 0
10766.5 0
10767.5 0
10768.5 0
10769.5 -0.857143
10770.5 0
10771.5 0
10772.5 0
10773.5 0
10774.5 0
10775.5 0
10776.5 0
10777.5 0
10778.5 0
10779.5 0
10780.5 0
10781.5 0
10782.5 0
10783.5 0
10784.5 0
10785.5 0
10786.5 0
10787.5 0
10788.5 0
10789.5 0
10790.5 0
10791.5 0
10792.5 0
10793.5 0
10794.5 0
10795.5 0
10796.5 0
10797.5 0
10798.5 0
10799.5 0
10800.5 0
10801.5 0
10802.5 0
10803.5 0
10804.5 0
10805.5 0
10806.5 0
10807.5 0
10808.5 0
10809.5 0
10810.5 0
10811.5 0
10812.5 0
10813.5 0
10814.5 0
10815.5 0
10816.5 0
10817.5 0
10818.5 0
10819.5 0
10820.5 0
10821.5 0
10822.5 0
10823.5 0
10824.5 0
10825.5 0
10826.5 0
10827.5 0
10828.5 0
10829.5 0
10830.5 0
10831.5 0
10832.5 0
10833.5 0
10834.5 0
10835.5 0
10836.5 0
10837.5 0
10838.5 0
10839.5 0
10840.5 0
10841.5 0
10842.5 0
10843.5 0
10844.5 0
10845.5 0
10846.5 0
10847.5 0
10848.5 0
10849.5 0
10850.5 0
10851.5 0
10852.5 0
10853.5 1
10854.5 0
10855.5 0
10856.5 0
10857.5 0
10858.5 0
10859.5 0
10860.5 0
10861.5 0
10862.5 0
10863.5 0
10864.5 0
10865.5 0
10866.5 0
10867.5 0
10868.5 0
10869.5 0
10870.5 0
10871.5 0
10872.5 0
10873.5 0
10874.5 0
10875.5 0
10876.5 0
10877.5 0
10878.5 0
10879.5 0
10880.5 0
10881.5 0
10882.5 0
10883.5 0
10884.5 0
10885.5 0
10886.5 0
10887.5 0
10888.5 0
10889.5 0
10890.5 0
10891.5 0
10892.5 0
10893.5 0
10894.5 0
10895.5 0
10896.5 0
10897.5 0
10898.5 0
10899.5 0
10900.5 0
10901.5 0
10902.5 -0.857143
10903.5 0
10904.5 0
10905.5 0
10906.5 0
10907.5 0
10908.5 0
10909.5 0
10910.5 0
10911.5 0
10912.5 0
10913.5 0
10914.5 0
10915.5 0
10916.5 0
10917.5 0
10918.5 0
10919.5 0
10920.5 0
10921.5 0
10922.5 0
10923.5 0
10924.5 0
10925.5 0
10926.5 0
10927.5 0
10928.5 0
10929.5 0
10930.5 0
10931.5 0
10932.5 0
10933.5 0
10934.5 0
10935.5 0
10936.5 0
10937.5 0
10938.5 0
10939.5 0
10940.5 0
10941.5 0
10942.5 0
10943.5 0
10944.5 0
10945.5 0
10946.5 0
10947.5 0
10948.5 0
10949.5 0
10950.5 0
10951.5 0
10952.5 0
10953.5 0
10954.5 0
10955.5 0
10956.5 0
10957.5 0
10958.5 0
10959.5 0
10960.5 0
10961.5 0
10962.5 0
10963.5 0
10964.5 0
10965.5 -0.857143
10966.5 0
10967.5 0
10968.5 0
10969.5 0
10970.5 0
10971.5 0
10972.5 0
10973.5 0
10974.5 0
10975.5 0
10976.5 0
10977.5 0
10978.5 0
10979.5 0
10980.5 0
10981.5 0
10982.5 0
10983.5 0
10984.5 0
10985.5 0
10986.5 0
10987.5 0
10988.5 0
10989.5 0
10990.5 0
10991.5 0
10992.5 0
10993.5 0
10994.5 0
10995.5 0
10996.5 0
10997.5 0
10998.5 0
10999.5 0
11000.5 0
11001.5 0
11002.5 0
11003.5 0
11004.5 0
11005.5 0
11006.5 0
11007.5 0
11008.5 0
11009.5 0
11010.5 0
11011.5 0
11012.5 0
11013.5 0
11014.5 0
11015.5 0
11016.5 0
11017.5 0
11018.5 0
11019.5 0
11020.5 0
11021.5 0
11022.5 0
11023.5 0
11024.5 0
11025.5 0
11026.5 0
11027.5 0
11028.5 0
11029.5 0
11030.5 0
11031.5 0
11032.5 0
11033.5 0
11034.5 0
11035.5 0
11036.5 0
11037.5 0
11038.5 0
11039.5 0
11040.5 0
11041.5 0
11042.5 0
11043.5 0
11044.5 0
11045.5 0
11046.5 0
11047.5 0
11048.5 0
11049.5 0
11050.5 0
11051.5 0
11052.5 0
11053.5 0
11054.5 0
11055.5 0
11056.5 0
11057.5 0
11058.5 0
11059.5 0
11060.5 0
11061.5 0
11062.5 0
11063.5 0
11064.5 0
11065.5 0
11066.5 0
11067.5 0
11068.5 0
11069.5 0
11070.5 0
11071.5 0
11072.5 0
11073.5 0
11074.5 0
11075.5 0
11076.5 0
11077.5 0
11078.5 0
11079.5 0
11080.5 0
11081.5 0
11082.5 0
11083.5 0
11084.5 0
11085.5 0
11086.5 0
11087.5 0
11088.5 0
11089.5 0
11090.5 0
11091.5 0
11092.5 -0.857143
11093.5 0
11094.5 0
11095.5 0
11096.5 0
11097.5 0
11098.5 0
11099.5 0
11100.5 0
11101.5 0
11102.5 0
11103.5 0
11104.5 1
11105.5 0
11106.5 0
11107.5 0
11108.5 0
11109.5 0
11110.5 0
11111.5 0
11112.5 0
11113.5 0
11114.5 0
11115.5 0
11116.5 0
11117.5 0
11118.5 0
11119.5 0
11120.5 0
11121.5 0
11122.5 0
11123.5 0
11124.5 0
11125.5 0
11126.5 -0.857143
11127.5 0
11128.5 0
11129.5 0
11130.5 0
11131.5 0
11132.5 0
11133.5 0
11134.5 0
11135.5 0
11136.5 0
11137.5 0
11138.5 0
11139.5 0
11140.5 0
11141.5 0
11142.5 0
11143.5 0
11144.5 0
11145.5 0
11146.5 0
11147.5 0
11148.5 0
11149.5 0
11150.5 0
11151.5 0
11152.5 0
11153.5 0
11154.5 0
11155.5 0
11156.5 0
11157.5 0
11158.5 0
11159.5 0
11160.5 0
11161.5 0
11162.5 0
11163.5 0
11164.5 0
11165.5 0
11166.5 0
11167.5 0
11168.5 0
11169.5 0
11170.5 0
11171.5 0
11172.5 0
11173.5 0
11174.5 0
11175.5 0
11176.5 0
11177.5 0
11178.5 0
11179.5 0
11180.5 0
11181.5 0
11182.5 0
11183.5 0
11184.5 0
11185.5 0
11186.5 0
11187.5 0
11188.5 0
11189.5 0
11190.5 0
11191.5 0
11192.5 0
11193.5 0
11194.5 0
11195.5 0
11196.5 0
11197.5 0
11198.5 0
11199.5 0
11200.5 0
11201.5 0
11202.5 0
11203.5 0
11204.5 0
11205.5 0
11206.5 0
11207.5 0
11208.5 0
11209.5 0
11210.5 0
11211.5 0
11212.5 0
11213.5 0
11214.5 0
11215.5 0
11216.5 0
11217.5 0
11218.5 0
11219.5 0
11220.5 0
11221.5 0
11222.5 0
11223.5 0
11224.5 0
11225.5 0
11226.5 0
11227.5 0
11228.5 0
11229.5 0
11230.5 0
11231.5 0
11232.5 0
11233.5 0
11234.5 0
11235.5 0
11236.5 0
11237.5 0
11238.5 0
11239.5 0
11240.5 0
11241.5 0
11242.5 0
11243.5 0
11244.5 0
11245.5 0
11246.5 0
11247.5 0
11248.5 0
11249.5 0
11250.5 0
11251.5 0
11252.5 0
11253.5 0
11254.5 0
11255.5 0
11256.5 0
11257.5 0
11258.5 0
11259.5 0
11260.5 0
11261.5 0
11262.5 0
11263.5 0
11264.5 0
11265.5 0
11266.5 0
11267.5 0
11268.5 0
11269.5 0
11270.5 0
11271.5 0
11272.5 0
11273.5 0
11274.5 0
11275.5 0
11276.5 0
11277.5 0
11278.5 0
11279.5 0
11280.5 0
11281.5 0
11282.5 0
11283.5 0
11284.5 0
11285.5 0
11286.5 0
11287.5 0
11288.5 0
11289.5 0
11290.5 0
11291.5 0
11292.5 0
11293.5 0
11294.5 0
11295.5 0
11296.5 0
11297.5 0
11298.5 0
11299.5 0
11300.5 0
11301.5 0
11302.5 0
11303.5 0
11304.5 0
11305.5 0
11306.5 0
11307.5 0
11308.5 0
11309.5 0
11310.5 0
11311.5 0
11312.5 0
11313.5 0
11314.5 0
11315.5 0
11316.5 0
11317.5 0
11318.5 0
11319.5 0
11320.5 0
11321.5 0
11322.5 0
11323.5 0
11324.5 0
11325.5 0
11326.5 0
11327.5 0
11328.5 0
11329.5 0
11330.5 0
11331.5 0
11332.5 0
11333.5 0
11334.5 0
11335.5 0
11336.5 0
11337.5 0
11338.5 0
11339.5 0
11340.5 0
11341.5 0
11342.5 0
11343.5 0
11344.5 0
11345.5 0
11346.5 0
11347.5 0
11348.5 0
11349.5 0
11350.5 0
11351.5 0
11352.5 0
11353.5 0
11354.5 0
11355.5 0
11356.5 0
11357.5 0
11358.5 0
11359.5 0
11360.5 0
11361.5 0
11362.5 0
11363.5 0
11364.5 0
11365.5 0
11366.5 0
11367.5 0
11368.5 0
11369.5 0
11370.5 0
11371.5 0
11372.5 0
11373.5 0
11374.5 0
11375.5 0
11376.5 0
11377.5 0
11378.5 0
11379.5 0
11380.5 0
11381.5 0
11382.5 0
11383.5 0
11384.5 0
11385.5 0
11386.5 0
11387.5 0
11388.5 0
11389.5 0
11390.5 0
11391.5 1
11392.5 0
11393.5 0
11394.5 0
11395.5 0
11396.5 0
11397.5 0
11398.5 0
11399.5 0
11400.5 0
11401.5 0
11402.5 0
11403.5 0
11404.5 0
11405.5 0
11406.5 0
11407.5 0
11408.5 0
11409.5 0
11410.5 0
11411.5 0
11412.5 0
11413.5 0
11414.5 0
11415.5 0
11416.5 0
11417.5 0
11418.5 0
11419.5 0
11420.5 0
11421.5 0
11422.5 0
11423.5 0
11424.5 0
11425.5 0
11426.5 0
11427.5 0
11428.5 0
11429.5 0
11430.5 0
11431.5 0
11432.5 0
11433.5 0
11434.5 0
11435.5 0
11436.5 0
11437.5 0
11438.5 0
11439.5 0
11440.5 0
11441.5 0
11442.5 0
11443.5 0
11444.5 0
11445.5 0
11446.5 0
11447.5 0
11448.5 0
11449.5 0
11450.5 0
11451.5 0
11452.5 0
11453.5 0
11454.5 0
11455.5 0
11456.5 0
11457.5 0
11458.5 0
11459.5 0
11460.5 0
11461.5 0
11462.5 0
11463.5 0
11464.5 0
11465.5 0
11466.5 0
11467.5 0
11468.5 0
11469.5 0
11470.5 0
11471.5 0
11472.5 0
11473.5 0
11474.5 0
11475.5 0
11476.5 0
11477.5 0
11478.5 0
11479.5 0
11480.5 0
11481.5 0
11482.5 0
11483.5 0
11484.5 0
11485.5 0
11486.5 0
11487.5 0
11488.5 0
11489.5 0
11490.5 0
11491.5 0
11492.5 0
11493.5 0
11494.5 0
11495.5 0
11496.5 0
11497.5 0
11498.5 0
11499.5 0
11500.5 0
11501.5 0
11502.5 0
11503.5 0
11504.5 0
11505.5 0
11506.5 0
11507.5 0
11508.5 0
11509.5 0
11510.5 0
11511.5 0
11512.5 0
11513.5 0
11514.5 0
11515.5 0
11516.5 0
11517.5 0
11518.5 0
11519.5 0
11520.5 0
11521.5 0
11522.5 0
11523.5 0
11524.5 0
11525.5 0
11526.5 0
11527.5 0
11528.5 0
11529.5 0
11530.5 0
11531.5 0
11532.5 0
11533.5 0
11534.5 0
11535.5 0
11536.5 0
11537.5 0
11538.5 0
11539.5 0
11540.5 0
11541.5 0
11542.5 0
11543.5 0
11544.5 0
11545.5 0
11546.5 0
11547.5 0
11548.5 0
11549.5 0
11550.5 0
11551.5 0
11552.5 0
11553.5 0
11554.5 0
11555.5 0
11556.5 0
11557.5 0
11558.5 0
11559.5 0
11560.5 0
11561.5 0
11562.5 0
11563.5 0
11564.5 0
11565.5 0
11566.5 0
11567.5 0
11568.5 0
11569.5 0
11570.5 0
11571.5 0
11572.5 0
11573.5 0
11574.5 0
11575.5 0
11576.5 0
11577.5 0
11578.5 0
11579.5 0
11580.5 0
11581.5 0
11582.5 0
11583.5 0
11584.5 0
11585.5 0
11586.5 0
11587.5 0
11588.5 0
11589.5 0
11590.5 0
11591.5 0
11592.5 0
11593.5 0
11594.5 0
11595.5 0
11596.5 0
11597.5 0
11598.5 0
11599.5 0
11600.5 0
11601.5 0
11602.5 0
11603.5 0
11604.5 0
11605.5 0
11606.5 0
11607.5 0
11608.5 0
11609.5 0
11610.5 0
11611.5 0
11612.5 0
11613.5 0
11614.5 0
11615.5 0
11616.5 0
11617.5 0
11618.5 0
11619.5 0
11620.5 0
11621.5 0
11622.5 0
11623.5 0
11624.5 0
11625.5 0
11626.5 0
11627.5 0
11628.5 0
11629.5 0
11630.5 0
11631.5 0
11632.5 0
11633.5 0
11634.5 0
11635.5 0
11636.5 0
11637.5 0
11638.5 0
11639.5 0
11640.5 0
11641.5 0
11642.5 0
11643.5 0
11644.5 0
11645.5 0
11646.5 0
11647.5 0
11648.5 0
11649.5 0
11650.5 0
11651.5 0
11652.5 0
11653.5 0
11654.5 0
11655.5 0
11656.5 0
11657.5 0
11658.5 0
11659.5 0
11660.5 0
11661.5 0
11662.5 0
11663.5 0
11664.5 0
11665.5 0
11666.5 0
11667.5 0
11668.5 0
11669.5 0
11670.5 0
11671.5 0
11672.5 0
11673.5 0
11674.5 0
11675.5 0
11676.5 0
11677.5 0
11678.5 0
11679.5 0
11680.5 0
11681.5 0
11682.5 0
11683.5 0
11684.5 0
11685.5 0
11686.5 0
11687.5 0
11688.5 0
11689.5 0
11690.5 0
11691.5 0
11692.5 0
11693.5 0
11694.5 0
11695.5 0
11696.5 -0.857143
11697.5 0
11698.5 0
11699.5 0
11700.5 0
11701.5 0
11702.5 0
11703.5 0
11704.5 0
11705.5 0
11706.5 0
11707.5 0
11708.5 0
11709.5 0
11710.5 0
11711.5 0
11712.5 0
11713.5 0
11714.5 0
11715.5 0
11716.5 0
11717.5 1
11718.5 0
11719.5 0
11720.5 0
11721.5 0
11722.5 0
11723.5 0
11724.5 0
11725.5 0
11726.5 0
11727.5 0
11728.5 0
11729.5 0
11730.5 0
11731.5 0
11732.5 0
11733.5 0
11734.5 0
11735.5 0
11736.5 0
11737.5 0
11738.5 0
11739.5 0
11740.5 0
11741.5 0
11742.5 0
11743.5 0
11744.5 0
11745.5 0
11746.5 0
11747.5 0
11748.5 0
11749.5 0
11750.5 0
11751.5 0
11752.5 0
11753.5 0
11754.5 0
11755.5 0
11756.5 0
11757.5 0
11758.5 0
11759.5 0
11760.5 0
11761.5 0
11762.5 0
11763.5 0
11764.5 0
11765.5 0
11766.5 0
11767.5 0
11768.5 0
11769.5 0
11770.5 0
11771.5 0
11772.5 0
11773.5 0
11774.5 0
11775.5 0
11776.5 0
11777.5 0
11778.5 0
11779.5 0
11780.5 0
11781.5 0
11782.5 0
11783.5 0
11784.5 0
11785.5 0
11786.5 0
11787.5 0
11788.5 0
11789.5 0
11790.5 0
11791.5 0
11792.5 0
11793.5 0
11794.5 0
11795.5 0
11796.5 0
11797.5 0
11798.5 0
11799.5 0
11800.5 0
11801.5 0
11802.5 0
11803.5 0
11804.5 0
11805.5 0
11806.5 0
11807.5 0
11808.5 0
11809.5 0
11810.5 0
11811.5 0
11812.5 0
11813.5 0
11814.5 0
11815.5 0
11816.5 0
11817.5 0
11818.5 0
11819.5 0
11820.5 0
11821.5 0
11822.5 0
11823.5 0
11824.5 0
11825.5 0
11826.5 0
11827.5 0
11828.5 0
11829.5 0
11830.5 0
11831.5 0
11832.5 0
11833.5 0
11834.5 0
11835.5 0
11836.5 0
11837.5 0
11838.5 0
11839.5 0
11840.5 0
11841.5 0
11842.5 0
11843.5 0
11844.5 0
11845.5 0
11846.5 0
11847.5 0
11848.5 0
11849.5 0
11850.5 0
11851.5 0
11852.5 0
11853.5 0
11854.5 0
11855.5 0
11856.5 0
11857.5 0
11858.5 0
11859.5 0
11860.5 0
11861.5 0
11862.5 0
11863.5 0
11864.5 0
11865.5 0
11866.5 0
11867.5 0
11868.5 0
11869.5 0
11870.5 0
11871.5 0
11872.5 0
11873.5 0
11874.5 0
11875.5 0
11876.5 0
11877.5 0
11878.5 0
11879.5 0
11880.5 0
11881.5 0
11882.5 0
11883.5 0
11884.5 0
11885.5 0
11886.5 0
11887.5 0
11888.5 0
11889.5 0
11890.5 0
11891.5 0
11892.5 0
11893.5 0
11894.5 0
11895.5 0
11896.5 0
11897.5 0
11898.5 0
11899.5 0
11900.5 0
11901.5 0
11902.5 0
11903.5 0
11904.5 0
11905.5 0
11906.5 0
11907.5 0
11908.5 0
11909.5 0
11910.5 0
11911.5 0
11912.5 0
11913.5 0
11914.5 0
11915.5 0
11916.5 0
11917.5 0
11918.5 0
11919.5 0
11920.5 0
11921.5 0
11922.5 0
11923.5 0
11924.5 0
11925.5 0
11926.5 0
11927.5 0
11928.5 0
11929.5 0
11930.5 0
11931.5 0
11932.5 0
11933.5 0
11934.5 0
11935.5 0
11936.5 0
11937.5 0
11938.5 0
11939.5 0
11940.5 0
11941.5 0
11942.5 0
11943.5 0
11944.5 0
11945.5 0
11946.5 0
11947.5 0
11948.5 0
11949.5 0
11950.5 0
11951.5 0
11952.5 0
11953.5 0
11954.5 0
11955.5 0
11956.5 0
11957.5 0
11958.5 0
11959.5 0
11960.5 0
11961.5 0
11962.5 0
11963.5 0
11964.5 0
11965.5 0
11966.5 0
11967.5 0
11968.5 0
11969.5 0
11970.5 0
11971.5 0
11972.5 0
11973.5 0
11974.5 0
11975.5 0
11976.5 0
11977.5 0
11978.5 0
11979.5 0
11980.5 0
11981.5 0
11982.5 0
11983.5 0
11984.5 0
11985.5 0
11986.5 0
11987.5 1
11988.5 0
11989.5 0
11990.5 0
11991.5 0
11992.5 0
11993.5 0
11994.5 0
11995.5 0
11996.5 0
11997.5 0
11998.5 0
11999.5 0
