# EGG_ProjY_E6577.5(10.5)_B6556.0(4.0)_B6639.0(2.0)
# X axis : Energy (keV) [Y axis]
# Y axis : Counts/1 keV
# N Bins : 12000
# X Min : 0
# X Max : 12000
# X value at the center of the bins
0.5 0
1.5 0
2.5 0
3.5 0
4.5 0
5.5 -23.75
6.5 5
7.5 92
8.5 10.25
9.5 44.5
10.5 35
11.5 16
12.5 -46.5
13.5 33
14.5 -14.75
15.5 14.75
16.5 -8.25
17.5 -4.25
18.5 -13.5
19.5 -24.5
20.5 42.25
21.5 33
22.5 -26.25
23.5 4.25
24.5 -10.25
25.5 -0.25
26.5 58.5
27.5 -41.75
28.5 -24
29.5 46.75
30.5 112.75
31.5 42
32.5 28
33.5 -19.25
34.5 38
35.5 77
36.5 134.25
37.5 150
38.5 25.5
39.5 15.75
40.5 65
41.5 87.75
42.5 69.5
43.5 -48.5
44.5 -35.25
45.5 54
46.5 44
47.5 17.5
48.5 115.5
49.5 41.5
50.5 16
51.5 28.75
52.5 29
53.5 21.25
54.5 34.75
55.5 65.25
56.5 57
57.5 -31.25
58.5 149
59.5 37
60.5 59.75
61.5 51.75
62.5 83.75
63.5 51
64.5 -20.5
65.5 13.25
66.5 80.75
67.5 62.75
68.5 113.25
69.5 82
70.5 39
71.5 44.25
72.5 91.5
73.5 127.75
74.5 -32
75.5 -6
76.5 149
77.5 70.25
78.5 116.25
79.5 62.75
80.5 54.75
81.5 52.75
82.5 -47.25
83.5 62.75
84.5 70.25
85.5 61
86.5 60.5
87.5 73.25
88.5 6.75
89.5 17.75
90.5 -82.5
91.5 -69
92.5 -12
93.5 59.5
94.5 31.75
95.5 50
96.5 -4.75
97.5 43.75
98.5 114.75
99.5 117.5
100.5 -32
101.5 39.75
102.5 79
103.5 86
104.5 -35.5
105.5 58.25
106.5 155.25
107.5 128.25
108.5 79.25
109.5 23
110.5 118.75
111.5 89
112.5 164.75
113.5 127.25
114.5 196.25
115.5 221.25
116.5 230.75
117.5 193.25
118.5 185
119.5 168.75
120.5 160
121.5 101.75
122.5 283
123.5 121.75
124.5 186.25
125.5 118.25
126.5 162.25
127.5 187.25
128.5 147.75
129.5 113.75
130.5 4.5
131.5 -45
132.5 -8.5
133.5 87.5
134.5 -144.75
135.5 52.25
136.5 -60
137.5 -110
138.5 -5.25
139.5 -51
140.5 -79
141.5 -101.75
142.5 -7.5
143.5 1.75
144.5 66.75
145.5 -44.75
146.5 187.25
147.5 67.75
148.5 15
149.5 88.75
150.5 28.75
151.5 55.25
152.5 102.75
153.5 118.75
154.5 173.75
155.5 109
156.5 106.75
157.5 113
158.5 105.5
159.5 80.25
160.5 197.75
161.5 121
162.5 309.5
163.5 202.25
164.5 293.25
165.5 238.25
166.5 123.5
167.5 235.75
168.5 194.75
169.5 121
170.5 111.25
171.5 82.25
172.5 87.5
173.5 100
174.5 74.25
175.5 59.5
176.5 36.75
177.5 131.5
178.5 77.5
179.5 35.75
180.5 142.75
181.5 171
182.5 187.25
183.5 74.25
184.5 175.5
185.5 138
186.5 238.25
187.5 192.5
188.5 179.5
189.5 117.25
190.5 153.5
191.5 146.25
192.5 146.75
193.5 81.5
194.5 145
195.5 72.5
196.5 144.5
197.5 212.25
198.5 115.75
199.5 121.75
200.5 246.5
201.5 124.75
202.5 92.5
203.5 17.25
204.5 8.25
205.5 71.75
206.5 65.75
207.5 1.75
208.5 -153
209.5 -50
210.5 -126.5
211.5 -168.75
212.5 -248.75
213.5 -94.25
214.5 -89.75
215.5 -25.5
216.5 -121
217.5 -107
218.5 10
219.5 100
220.5 115
221.5 15
222.5 210
223.5 57.5
224.5 149
225.5 123.5
226.5 95.25
227.5 140.75
228.5 107.5
229.5 132.5
230.5 50.75
231.5 139.25
232.5 127.5
233.5 157.75
234.5 153.5
235.5 97.75
236.5 95.5
237.5 64
238.5 81.5
239.5 143
240.5 82.25
241.5 177.25
242.5 77.75
243.5 102.75
244.5 16.5
245.5 174.25
246.5 50.5
247.5 50.25
248.5 41.5
249.5 142.5
250.5 63.25
251.5 -6
252.5 10
253.5 98.25
254.5 6
255.5 139.5
256.5 50
257.5 16
258.5 152
259.5 176.75
260.5 32.5
261.5 56.5
262.5 108
263.5 -46
264.5 125.25
265.5 128.25
266.5 44.5
267.5 19.25
268.5 78.75
269.5 72.25
270.5 81.25
271.5 90.5
272.5 132.5
273.5 83
274.5 152.25
275.5 57.5
276.5 41.25
277.5 -4
278.5 -9.75
279.5 7
280.5 -2
281.5 36.25
282.5 -2.75
283.5 18.75
284.5 36.75
285.5 78.25
286.5 72.25
287.5 53.25
288.5 76.25
289.5 51.25
290.5 -54.75
291.5 4.75
292.5 -116.75
293.5 22
294.5 -2.5
295.5 21
296.5 16.5
297.5 67
298.5 60
299.5 48.75
300.5 6
301.5 41.5
302.5 92.5
303.5 70.5
304.5 79
305.5 92.5
306.5 130.75
307.5 103
308.5 57
309.5 86.5
310.5 54.75
311.5 80.75
312.5 64.25
313.5 79.25
314.5 82.25
315.5 147.5
316.5 198.5
317.5 127.5
318.5 157.5
319.5 249
320.5 173.25
321.5 240.5
322.5 220.75
323.5 283.25
324.5 338.5
325.5 185.75
326.5 365
327.5 397
328.5 264.75
329.5 304.75
330.5 189.5
331.5 275
332.5 265.5
333.5 190.25
334.5 122.75
335.5 239
336.5 189.75
337.5 167.75
338.5 115.75
339.5 -14.25
340.5 19.25
341.5 48.75
342.5 51.25
343.5 -50.25
344.5 43.5
345.5 -41.75
346.5 32.75
347.5 81.5
348.5 -17.25
349.5 50
350.5 43.5
351.5 60.25
352.5 64.5
353.5 18.5
354.5 78
355.5 72.5
356.5 184
357.5 144.25
358.5 121.5
359.5 111.75
360.5 184.75
361.5 148.25
362.5 131.25
363.5 -3.75
364.5 104.75
365.5 140.25
366.5 87.5
367.5 106.75
368.5 39.75
369.5 102
370.5 -13
371.5 29
372.5 -4.5
373.5 -6
374.5 -21.25
375.5 -64.5
376.5 -139.25
377.5 -29
378.5 -96.5
379.5 -33.5
380.5 -96
381.5 -23
382.5 69.25
383.5 20.75
384.5 -6.5
385.5 85.5
386.5 36.75
387.5 24.75
388.5 127.5
389.5 83
390.5 98.25
391.5 66
392.5 31.75
393.5 100.75
394.5 69.5
395.5 138.25
396.5 79
397.5 105.25
398.5 116
399.5 76.5
400.5 31.75
401.5 137.5
402.5 72
403.5 93.25
404.5 118.25
405.5 35
406.5 117.5
407.5 48.5
408.5 87.5
409.5 39.5
410.5 70.75
411.5 101.5
412.5 66
413.5 80
414.5 99.5
415.5 24
416.5 -18
417.5 15.5
418.5 -3.5
419.5 34
420.5 21.75
421.5 -15
422.5 52
423.5 17
424.5 27.5
425.5 92.5
426.5 50
427.5 -1.5
428.5 54.75
429.5 151.25
430.5 27.25
431.5 112.75
432.5 51
433.5 90
434.5 79
435.5 51.5
436.5 54.25
437.5 61.25
438.5 81.25
439.5 100.5
440.5 78.5
441.5 39.75
442.5 121
443.5 40
444.5 62.25
445.5 64.75
446.5 80
447.5 20
448.5 97.75
449.5 29.25
450.5 67.25
451.5 88.5
452.5 55
453.5 89.5
454.5 28.5
455.5 159
456.5 111.25
457.5 73
458.5 132
459.5 26.5
460.5 80.75
461.5 124.5
462.5 119.5
463.5 74.5
464.5 34.25
465.5 83.25
466.5 126
467.5 73
468.5 85.5
469.5 59.75
470.5 107.5
471.5 21.5
472.5 -8.25
473.5 133.25
474.5 64.25
475.5 131.25
476.5 65.5
477.5 134.75
478.5 54.75
479.5 58.25
480.5 74.5
481.5 47.75
482.5 103
483.5 100
484.5 61.75
485.5 120.25
486.5 35
487.5 95.5
488.5 122.5
489.5 27.75
490.5 12
491.5 79
492.5 88.5
493.5 84.75
494.5 94.75
495.5 -10.25
496.5 115.25
497.5 54.25
498.5 93.25
499.5 -11.5
500.5 98.75
501.5 39.75
502.5 15.5
503.5 35.25
504.5 117.75
505.5 76.5
506.5 172.5
507.5 111.25
508.5 262.5
509.5 133.5
510.5 165.25
511.5 18
512.5 -6
513.5 12.5
514.5 24.25
515.5 64.5
516.5 -13
517.5 40.5
518.5 84.5
519.5 67.25
520.5 5.5
521.5 45.75
522.5 -3.25
523.5 -15.5
524.5 51.5
525.5 83
526.5 39.25
527.5 77.75
528.5 58.75
529.5 67.25
530.5 12.5
531.5 -10
532.5 52.5
533.5 -1.5
534.5 94.75
535.5 94
536.5 79.25
537.5 49.75
538.5 91.25
539.5 97.75
540.5 23
541.5 25.25
542.5 65.5
543.5 37
544.5 60.75
545.5 26.5
546.5 39.5
547.5 30.25
548.5 128.25
549.5 63.25
550.5 17.75
551.5 51
552.5 73.5
553.5 73
554.5 102.75
555.5 72.25
556.5 66.75
557.5 32.75
558.5 49.25
559.5 90.5
560.5 57
561.5 21.5
562.5 -6
563.5 21.75
564.5 21
565.5 -44.75
566.5 -73.5
567.5 31.5
568.5 -13
569.5 18.5
570.5 31
571.5 3.5
572.5 28.25
573.5 12
574.5 36.5
575.5 -38.25
576.5 -45
577.5 90
578.5 36.25
579.5 67
580.5 -13
581.5 46
582.5 41.25
583.5 36
584.5 15.5
585.5 27
586.5 21
587.5 101.75
588.5 28.25
589.5 64
590.5 52.75
591.5 -1.25
592.5 60.25
593.5 42.75
594.5 112
595.5 115
596.5 4.25
597.5 19.75
598.5 74.5
599.5 38
600.5 30.5
601.5 36.25
602.5 39
603.5 55.75
604.5 64.75
605.5 76.75
606.5 72.5
607.5 57.5
608.5 95
609.5 32
610.5 -1.25
611.5 24.25
612.5 37
613.5 81.25
614.5 16.5
615.5 104.75
616.5 13.5
617.5 -8.75
618.5 102.75
619.5 57.75
620.5 88.75
621.5 72.75
622.5 52
623.5 101.75
624.5 114
625.5 119.5
626.5 138
627.5 503.5
628.5 1014
629.5 629.75
630.5 228.5
631.5 123.75
632.5 186.5
633.5 120.25
634.5 156
635.5 55
636.5 -35
637.5 -23.25
638.5 44
639.5 81
640.5 37.25
641.5 79
642.5 52.5
643.5 38.75
644.5 14.25
645.5 29.75
646.5 14
647.5 -11
648.5 120.25
649.5 911.25
650.5 2017.5
651.5 1315.25
652.5 340.5
653.5 -14.75
654.5 3
655.5 2
656.5 42
657.5 17
658.5 27
659.5 49.75
660.5 42.25
661.5 35.25
662.5 -4.25
663.5 41.25
664.5 93.75
665.5 62.5
666.5 24.25
667.5 69
668.5 76.5
669.5 62
670.5 79.5
671.5 100.25
672.5 88.5
673.5 130
674.5 36
675.5 10
676.5 105.5
677.5 90.75
678.5 102.75
679.5 60.5
680.5 80.25
681.5 21
682.5 95.5
683.5 12.5
684.5 23.5
685.5 16
686.5 58.75
687.5 -32.25
688.5 63.25
689.5 15
690.5 21.25
691.5 30.75
692.5 54.5
693.5 13.25
694.5 19.25
695.5 19.75
696.5 56.5
697.5 11.5
698.5 56.75
699.5 1.25
700.5 -10
701.5 52
702.5 -19.25
703.5 26.5
704.5 -29.5
705.5 61.75
706.5 -19
707.5 7.5
708.5 64.75
709.5 14.25
710.5 5.75
711.5 8.25
712.5 -38.5
713.5 71
714.5 21.5
715.5 5.5
716.5 42.75
717.5 3.75
718.5 48
719.5 81.5
720.5 -8.25
721.5 5.75
722.5 47.25
723.5 -12.5
724.5 -12.25
725.5 47
726.5 81.25
727.5 30.5
728.5 50.5
729.5 33.25
730.5 39.5
731.5 -16.25
732.5 52
733.5 52.25
734.5 11
735.5 38.5
736.5 48.25
737.5 72
738.5 38.5
739.5 35.5
740.5 59
741.5 -8.75
742.5 18.5
743.5 14.5
744.5 12.25
745.5 2.75
746.5 36
747.5 -1.75
748.5 26
749.5 -8
750.5 -30.75
751.5 79
752.5 24.5
753.5 23
754.5 40.75
755.5 111
756.5 68
757.5 35.75
758.5 69.75
759.5 51.75
760.5 205
761.5 275.25
762.5 118.5
763.5 56.5
764.5 44.75
765.5 23.75
766.5 59.25
767.5 52.5
768.5 46.25
769.5 -35.75
770.5 36
771.5 -9.25
772.5 6.5
773.5 24
774.5 24.75
775.5 -1.5
776.5 9
777.5 15
778.5 -10.5
779.5 21.25
780.5 30.5
781.5 -5.5
782.5 31.75
783.5 22.25
784.5 38.25
785.5 22
786.5 45.25
787.5 -7.5
788.5 34.25
789.5 -3
790.5 12.5
791.5 24.25
792.5 77
793.5 21.25
794.5 -6.75
795.5 4
796.5 25
797.5 28.25
798.5 -27.75
799.5 31.25
800.5 15
801.5 -23.5
802.5 57
803.5 47.5
804.5 28.25
805.5 1.25
806.5 -31.25
807.5 48.25
808.5 9.25
809.5 28
810.5 51.25
811.5 15
812.5 4
813.5 54.75
814.5 -37
815.5 13.25
816.5 33.25
817.5 9.25
818.5 -22
819.5 39.25
820.5 1.5
821.5 41.25
822.5 47.25
823.5 25.5
824.5 80.75
825.5 110.75
826.5 93.75
827.5 65.5
828.5 150
829.5 166.75
830.5 378.25
831.5 397.25
832.5 223
833.5 65
834.5 63.25
835.5 47.5
836.5 41.5
837.5 71.25
838.5 79
839.5 52.5
840.5 33
841.5 32.75
842.5 82.5
843.5 59
844.5 21
845.5 37.5
846.5 20
847.5 -32.25
848.5 5.75
849.5 47
850.5 45.5
851.5 59.75
852.5 34
853.5 -11
854.5 7.5
855.5 2.5
856.5 -34.5
857.5 -2.75
858.5 39.5
859.5 -28.5
860.5 -20.5
861.5 -20.25
862.5 41.25
863.5 16.75
864.5 18
865.5 36.5
866.5 55.5
867.5 244.25
868.5 606.5
869.5 769
870.5 361.75
871.5 18.5
872.5 -0.25
873.5 -0.5
874.5 32
875.5 105.5
876.5 192
877.5 153
878.5 76.25
879.5 48.75
880.5 37.25
881.5 107.25
882.5 9.25
883.5 37.5
884.5 -6.75
885.5 43.75
886.5 -0.75
887.5 -7.75
888.5 56.75
889.5 73.25
890.5 26
891.5 -11.5
892.5 15.5
893.5 38.75
894.5 -19.25
895.5 46.5
896.5 80.5
897.5 46.5
898.5 62.75
899.5 15
900.5 21.75
901.5 68.25
902.5 46.25
903.5 -5
904.5 28.25
905.5 57.75
906.5 27.25
907.5 45.5
908.5 -0.25
909.5 -5.25
910.5 51.75
911.5 -2
912.5 78.75
913.5 2.5
914.5 -0.25
915.5 77.5
916.5 34.5
917.5 -12.75
918.5 43.75
919.5 2
920.5 24.75
921.5 40
922.5 50.5
923.5 6.25
924.5 54.5
925.5 31.25
926.5 38.5
927.5 -30.25
928.5 43
929.5 21.5
930.5 -17.5
931.5 29.25
932.5 30.75
933.5 54.25
934.5 41.25
935.5 63.5
936.5 43.5
937.5 32
938.5 19
939.5 75.25
940.5 65
941.5 17.5
942.5 58.5
943.5 -6.75
944.5 41
945.5 -0.25
946.5 70.5
947.5 -31.5
948.5 39.5
949.5 -25.5
950.5 54.75
951.5 19.75
952.5 18
953.5 37.75
954.5 17
955.5 61
956.5 27.25
957.5 -14
958.5 50
959.5 32.25
960.5 29.5
961.5 42
962.5 64.75
963.5 26.25
964.5 -28.75
965.5 21.75
966.5 34.25
967.5 12.75
968.5 54.5
969.5 41.5
970.5 11.25
971.5 2.5
972.5 21.25
973.5 16.25
974.5 6.75
975.5 48.25
976.5 15.5
977.5 15.5
978.5 -12.25
979.5 29
980.5 36.25
981.5 12.25
982.5 -17.5
983.5 68
984.5 -1.75
985.5 5.5
986.5 19.75
987.5 38
988.5 -10.25
989.5 15.75
990.5 -16
991.5 2
992.5 -18.25
993.5 -1
994.5 -9
995.5 -3.25
996.5 27.5
997.5 52
998.5 25.5
999.5 48.5
1000.5 247.75
1001.5 471.25
1002.5 523.75
1003.5 213.5
1004.5 87.75
1005.5 15
1006.5 -3
1007.5 46.75
1008.5 25.5
1009.5 17
1010.5 34
1011.5 18.5
1012.5 -1.75
1013.5 -0.25
1014.5 8.75
1015.5 30.5
1016.5 20.25
1017.5 38.25
1018.5 26.5
1019.5 49.75
1020.5 -7.25
1021.5 13.5
1022.5 24.25
1023.5 9.75
1024.5 43.5
1025.5 77.75
1026.5 23.5
1027.5 20.25
1028.5 27.75
1029.5 24.75
1030.5 24.75
1031.5 3.25
1032.5 4.25
1033.5 20
1034.5 -28
1035.5 30
1036.5 34
1037.5 -5.25
1038.5 41.25
1039.5 -14.25
1040.5 -4.75
1041.5 13.25
1042.5 -32.75
1043.5 53.75
1044.5 11.5
1045.5 22.5
1046.5 57
1047.5 25
1048.5 44.25
1049.5 87.25
1050.5 29.25
1051.5 2.5
1052.5 33.25
1053.5 24.25
1054.5 26.25
1055.5 22
1056.5 26.25
1057.5 17
1058.5 2.75
1059.5 -0.5
1060.5 10.25
1061.5 26.25
1062.5 14.25
1063.5 40.25
1064.5 38.25
1065.5 29.25
1066.5 23.75
1067.5 43.75
1068.5 24.75
1069.5 -21.5
1070.5 -3.75
1071.5 27
1072.5 -17
1073.5 120
1074.5 110.25
1075.5 37.5
1076.5 18.75
1077.5 -23
1078.5 2
1079.5 2.25
1080.5 -15
1081.5 -20
1082.5 27.5
1083.5 4.5
1084.5 16.5
1085.5 -23.5
1086.5 -3.75
1087.5 -6
1088.5 17.75
1089.5 -16
1090.5 -8.5
1091.5 25.5
1092.5 -30.75
1093.5 -8.25
1094.5 -35
1095.5 8.5
1096.5 34
1097.5 26
1098.5 0.25
1099.5 -11.5
1100.5 -3.75
1101.5 24
1102.5 27.5
1103.5 6.5
1104.5 4.5
1105.5 -26.5
1106.5 32.25
1107.5 21.5
1108.5 9.5
1109.5 10.5
1110.5 27.5
1111.5 1.25
1112.5 -16.75
1113.5 4
1114.5 -1.25
1115.5 -5.5
1116.5 10.5
1117.5 16.75
1118.5 -23.5
1119.5 12
1120.5 49
1121.5 27.25
1122.5 53.25
1123.5 72.75
1124.5 440.5
1125.5 867
1126.5 1192.75
1127.5 767.25
1128.5 100.25
1129.5 -13
1130.5 -5
1131.5 21.5
1132.5 -14.75
1133.5 14
1134.5 -17.25
1135.5 20.75
1136.5 32.75
1137.5 -9.25
1138.5 3.25
1139.5 18
1140.5 3
1141.5 -3.75
1142.5 39.5
1143.5 -17.5
1144.5 -7
1145.5 14
1146.5 22
1147.5 20.5
1148.5 34
1149.5 33.5
1150.5 15
1151.5 33
1152.5 -38.5
1153.5 62.75
1154.5 163.5
1155.5 589
1156.5 839.5
1157.5 1356.75
1158.5 586.75
1159.5 -6.25
1160.5 60.5
1161.5 21.25
1162.5 -14.75
1163.5 17.5
1164.5 1
1165.5 -59.75
1166.5 -35.75
1167.5 -15.25
1168.5 -33.75
1169.5 -40.5
1170.5 -33.5
1171.5 -8
1172.5 -4.75
1173.5 0
1174.5 -18.75
1175.5 2.75
1176.5 19.25
1177.5 2.75
1178.5 -11.25
1179.5 -6.75
1180.5 -12
1181.5 4.25
1182.5 8.75
1183.5 2.25
1184.5 18.5
1185.5 25
1186.5 30.5
1187.5 6.75
1188.5 -0.75
1189.5 7.25
1190.5 4.5
1191.5 -12
1192.5 5.5
1193.5 27
1194.5 7.5
1195.5 13.5
1196.5 11
1197.5 12
1198.5 18.25
1199.5 21.5
1200.5 20.75
1201.5 -4
1202.5 29.25
1203.5 16.5
1204.5 16.25
1205.5 63
1206.5 82
1207.5 110.5
1208.5 90.75
1209.5 -6.5
1210.5 -11
1211.5 -3.75
1212.5 -5
1213.5 -15.75
1214.5 -23
1215.5 -17.25
1216.5 2.75
1217.5 -23.25
1218.5 -15.25
1219.5 -11.25
1220.5 -4.25
1221.5 -3.75
1222.5 -27.25
1223.5 -31.75
1224.5 11
1225.5 -53.5
1226.5 -80.25
1227.5 -83.5
1228.5 -44.5
1229.5 -18.25
1230.5 10.5
1231.5 -16.25
1232.5 5
1233.5 5.75
1234.5 2.5
1235.5 -23.75
1236.5 2.75
1237.5 -0.5
1238.5 0.5
1239.5 9.75
1240.5 8.75
1241.5 19.5
1242.5 -7.25
1243.5 71.25
1244.5 25.75
1245.5 36
1246.5 23.5
1247.5 23.25
1248.5 21.75
1249.5 11.5
1250.5 -8.25
1251.5 23.25
1252.5 24.75
1253.5 -7.75
1254.5 9
1255.5 18.5
1256.5 6.25
1257.5 12
1258.5 15.5
1259.5 3.5
1260.5 6.5
1261.5 9
1262.5 -12.25
1263.5 -12.75
1264.5 12.75
1265.5 -9.5
1266.5 -28.5
1267.5 -21.75
1268.5 13.75
1269.5 -22
1270.5 3.25
1271.5 10
1272.5 -15.25
1273.5 -13.5
1274.5 2.75
1275.5 -44.25
1276.5 -12.5
1277.5 -19.25
1278.5 -2.75
1279.5 -0.75
1280.5 -13.25
1281.5 -17.5
1282.5 -97.25
1283.5 -108.5
1284.5 -38
1285.5 -0.25
1286.5 0.5
1287.5 2
1288.5 3.25
1289.5 10.75
1290.5 -55.75
1291.5 -48.75
1292.5 -15.25
1293.5 -18.5
1294.5 -2.5
1295.5 -25.75
1296.5 0.75
1297.5 -11
1298.5 5.25
1299.5 -20.25
1300.5 -4
1301.5 -4
1302.5 9.25
1303.5 11.75
1304.5 9.25
1305.5 2
1306.5 -12.75
1307.5 3.75
1308.5 3.5
1309.5 -4.75
1310.5 -0.5
1311.5 -5
1312.5 3.25
1313.5 -18
1314.5 -0.25
1315.5 0.25
1316.5 -2.5
1317.5 3.25
1318.5 -4
1319.5 7
1320.5 12.25
1321.5 7.75
1322.5 1.25
1323.5 8.25
1324.5 -9.5
1325.5 8.75
1326.5 10.25
1327.5 -2.5
1328.5 -7
1329.5 18.5
1330.5 -7.25
1331.5 9
1332.5 7.75
1333.5 -5.25
1334.5 16.75
1335.5 5.75
1336.5 -4.25
1337.5 2.75
1338.5 -1.75
1339.5 17
1340.5 7.5
1341.5 13
1342.5 -2.25
1343.5 8.5
1344.5 11.5
1345.5 -0.25
1346.5 12
1347.5 -1.75
1348.5 0.5
1349.5 -7
1350.5 -2
1351.5 27
1352.5 -15
1353.5 7
1354.5 6.25
1355.5 -7
1356.5 -5.75
1357.5 -25.25
1358.5 -17
1359.5 0.25
1360.5 0.5
1361.5 -4.5
1362.5 1.75
1363.5 -7.75
1364.5 -11.75
1365.5 0.75
1366.5 22.5
1367.5 2.25
1368.5 -3.25
1369.5 16.75
1370.5 -2.25
1371.5 5
1372.5 9
1373.5 2.75
1374.5 -4.75
1375.5 10
1376.5 16.5
1377.5 -21.75
1378.5 -16.5
1379.5 -1.5
1380.5 34.5
1381.5 -4.75
1382.5 17.5
1383.5 -10.5
1384.5 11.75
1385.5 -3.5
1386.5 -7.75
1387.5 -7
1388.5 -2.25
1389.5 15.25
1390.5 -3.75
1391.5 9
1392.5 -15.25
1393.5 5
1394.5 5
1395.5 3.75
1396.5 3.5
1397.5 12.75
1398.5 12.5
1399.5 -4
1400.5 -9.5
1401.5 42.75
1402.5 -18
1403.5 -9.5
1404.5 -9
1405.5 -3.75
1406.5 -3.25
1407.5 16.75
1408.5 -8.5
1409.5 0.75
1410.5 -24.5
1411.5 2.25
1412.5 17
1413.5 -5
1414.5 7
1415.5 10
1416.5 4.5
1417.5 14.5
1418.5 27
1419.5 -0.25
1420.5 -23.25
1421.5 11.75
1422.5 3.25
1423.5 10.25
1424.5 -13
1425.5 -11.75
1426.5 21.5
1427.5 21.5
1428.5 -0.75
1429.5 25.75
1430.5 26
1431.5 -3
1432.5 -6.25
1433.5 27.25
1434.5 11
1435.5 22.5
1436.5 6
1437.5 14.5
1438.5 0
1439.5 2.25
1440.5 27
1441.5 -0.5
1442.5 8.25
1443.5 4.25
1444.5 19.5
1445.5 3
1446.5 -3.25
1447.5 -6
1448.5 -8.5
1449.5 10.5
1450.5 12.25
1451.5 10.5
1452.5 0.25
1453.5 2.25
1454.5 -8.75
1455.5 7.25
1456.5 14.25
1457.5 -0.75
1458.5 -8.25
1459.5 -9.5
1460.5 -9
1461.5 5.5
1462.5 6.5
1463.5 14
1464.5 -3
1465.5 18.5
1466.5 11.75
1467.5 -7
1468.5 17
1469.5 -1.25
1470.5 -14.75
1471.5 -3.25
1472.5 26.75
1473.5 5
1474.5 -6.75
1475.5 -15.5
1476.5 4.5
1477.5 6.75
1478.5 -8.5
1479.5 12
1480.5 4.5
1481.5 0.25
1482.5 3.25
1483.5 9.5
1484.5 7.5
1485.5 19.25
1486.5 -0.5
1487.5 -10.5
1488.5 12
1489.5 4.5
1490.5 3.75
1491.5 -2.5
1492.5 8
1493.5 13.75
1494.5 5
1495.5 -17.25
1496.5 7.5
1497.5 -26.75
1498.5 38.25
1499.5 61.25
1500.5 17.75
1501.5 14.25
1502.5 5.25
1503.5 11
1504.5 9.75
1505.5 4.25
1506.5 -2.5
1507.5 -6
1508.5 -3.5
1509.5 15.75
1510.5 10.5
1511.5 2
1512.5 3.25
1513.5 9.5
1514.5 2.25
1515.5 8
1516.5 -19.25
1517.5 -6.25
1518.5 5.5
1519.5 16.5
1520.5 -18.75
1521.5 3.75
1522.5 -4.5
1523.5 -31.75
1524.5 -4.75
1525.5 -13.5
1526.5 -20.25
1527.5 -8
1528.5 -3
1529.5 2.75
1530.5 -14
1531.5 2
1532.5 4.75
1533.5 3
1534.5 -8.5
1535.5 -18
1536.5 13
1537.5 -53.25
1538.5 -112.75
1539.5 -138.5
1540.5 -126
1541.5 -46.75
1542.5 -13
1543.5 11
1544.5 -10.5
1545.5 1.5
1546.5 5.25
1547.5 9.5
1548.5 -10.5
1549.5 5.75
1550.5 9.5
1551.5 5.75
1552.5 -19
1553.5 -2.75
1554.5 18
1555.5 -6.25
1556.5 12
1557.5 -12.25
1558.5 4.5
1559.5 0
1560.5 -12.25
1561.5 6.5
1562.5 -18
1563.5 7.5
1564.5 -10.25
1565.5 3.5
1566.5 -11.75
1567.5 6.5
1568.5 -1.25
1569.5 16.25
1570.5 -1
1571.5 13
1572.5 10.25
1573.5 4.5
1574.5 18
1575.5 -4.5
1576.5 4.75
1577.5 -14.5
1578.5 -3.5
1579.5 10
1580.5 10
1581.5 -23.5
1582.5 -15
1583.5 -42.25
1584.5 -112
1585.5 -192
1586.5 -117.75
1587.5 -53
1588.5 -10
1589.5 -3.75
1590.5 2.75
1591.5 12.25
1592.5 16.5
1593.5 -1.25
1594.5 -9
1595.5 0.5
1596.5 8.75
1597.5 5.25
1598.5 8
1599.5 -6.5
1600.5 8.5
1601.5 -5.25
1602.5 -13.75
1603.5 -5.25
1604.5 33.25
1605.5 5.75
1606.5 0.75
1607.5 -3
1608.5 2.5
1609.5 -2
1610.5 -12.25
1611.5 -4.25
1612.5 -7.25
1613.5 12.25
1614.5 -14.5
1615.5 5.25
1616.5 9.5
1617.5 3
1618.5 0.5
1619.5 0
1620.5 -0.5
1621.5 -14.25
1622.5 -0.75
1623.5 4.75
1624.5 -2.25
1625.5 0.5
1626.5 -16.25
1627.5 4.5
1628.5 25.5
1629.5 29.5
1630.5 31.25
1631.5 31.5
1632.5 11.5
1633.5 8.25
1634.5 9.25
1635.5 7.25
1636.5 4.25
1637.5 43.25
1638.5 -8
1639.5 -1.75
1640.5 12.75
1641.5 -14
1642.5 3.5
1643.5 -4.5
1644.5 21
1645.5 -34.25
1646.5 -6.5
1647.5 9.25
1648.5 -42
1649.5 3.5
1650.5 -1
1651.5 1
1652.5 26.25
1653.5 -7.25
1654.5 11.5
1655.5 6.5
1656.5 14.75
1657.5 -26.75
1658.5 -3.5
1659.5 -14.75
1660.5 1
1661.5 5.75
1662.5 8.5
1663.5 4.25
1664.5 11
1665.5 -5
1666.5 5.25
1667.5 7.25
1668.5 10
1669.5 -12.25
1670.5 -6.25
1671.5 -21.75
1672.5 1
1673.5 -3.5
1674.5 -6.75
1675.5 4
1676.5 12.5
1677.5 -20.75
1678.5 16.75
1679.5 1
1680.5 -1.25
1681.5 -6.5
1682.5 -0.75
1683.5 -2.75
1684.5 7
1685.5 -12.5
1686.5 3.5
1687.5 2.5
1688.5 7.75
1689.5 11.5
1690.5 -5
1691.5 -1.75
1692.5 19.75
1693.5 -3.75
1694.5 -5.75
1695.5 14
1696.5 -4
1697.5 -3
1698.5 14.75
1699.5 -0.25
1700.5 9
1701.5 -19.75
1702.5 22.75
1703.5 34.25
1704.5 3.75
1705.5 -15.5
1706.5 -6.75
1707.5 1.75
1708.5 0.75
1709.5 -11.75
1710.5 8.5
1711.5 13
1712.5 -5.5
1713.5 -3
1714.5 12
1715.5 5.25
1716.5 -10.5
1717.5 -4
1718.5 -15.25
1719.5 17.25
1720.5 -16
1721.5 -8.75
1722.5 -6.25
1723.5 -17.25
1724.5 -11.25
1725.5 2
1726.5 20.75
1727.5 -6.75
1728.5 9.25
1729.5 -2.5
1730.5 17
1731.5 -5.5
1732.5 13.75
1733.5 2.5
1734.5 -5.75
1735.5 -4.75
1736.5 -1.75
1737.5 15.5
1738.5 -0.75
1739.5 10
1740.5 0.5
1741.5 3
1742.5 1.25
1743.5 10
1744.5 11
1745.5 -2
1746.5 28.25
1747.5 -0.5
1748.5 9
1749.5 -4.5
1750.5 -5.75
1751.5 -4.25
1752.5 -17.5
1753.5 10.5
1754.5 17
1755.5 9.75
1756.5 14.75
1757.5 9.5
1758.5 3.25
1759.5 7
1760.5 4.75
1761.5 3
1762.5 -7
1763.5 4.75
1764.5 27.25
1765.5 33.75
1766.5 15.75
1767.5 9.5
1768.5 12
1769.5 16.5
1770.5 5.75
1771.5 -0.75
1772.5 -22.5
1773.5 5
1774.5 8.5
1775.5 -3.75
1776.5 -3.5
1777.5 9.75
1778.5 0.75
1779.5 5.25
1780.5 12
1781.5 -9.5
1782.5 -13
1783.5 2.25
1784.5 24.75
1785.5 -1.75
1786.5 0.25
1787.5 -9.75
1788.5 -13.5
1789.5 -12.25
1790.5 -0.5
1791.5 4
1792.5 -16.75
1793.5 7.25
1794.5 25.75
1795.5 -8.75
1796.5 11.25
1797.5 -12.75
1798.5 -7.75
1799.5 4
1800.5 10.25
1801.5 -15
1802.5 5.75
1803.5 4
1804.5 3.5
1805.5 14
1806.5 13
1807.5 4.75
1808.5 -4.5
1809.5 -8.75
1810.5 2.75
1811.5 4.25
1812.5 11.25
1813.5 3
1814.5 -0.75
1815.5 1.25
1816.5 4
1817.5 -19.5
1818.5 9.25
1819.5 -15.25
1820.5 28.75
1821.5 -17.25
1822.5 -14.75
1823.5 14.5
1824.5 18.5
1825.5 -18
1826.5 5.5
1827.5 4.25
1828.5 9.25
1829.5 6.75
1830.5 -9.75
1831.5 2
1832.5 3.25
1833.5 -0.75
1834.5 -15.75
1835.5 -28.5
1836.5 -13.5
1837.5 6.25
1838.5 -1
1839.5 5.25
1840.5 13
1841.5 -3.5
1842.5 -0.5
1843.5 -18.25
1844.5 5
1845.5 -1.25
1846.5 5
1847.5 8.5
1848.5 -13.5
1849.5 -8.25
1850.5 3.5
1851.5 -5
1852.5 -7.5
1853.5 15.75
1854.5 7
1855.5 5.75
1856.5 -10.5
1857.5 -4.25
1858.5 3.25
1859.5 15.5
1860.5 -12.25
1861.5 12
1862.5 -11.75
1863.5 17
1864.5 15
1865.5 0
1866.5 14.75
1867.5 -2.75
1868.5 1.5
1869.5 0.5
1870.5 3
1871.5 1.25
1872.5 21.25
1873.5 -12.5
1874.5 -5.75
1875.5 22.25
1876.5 -0.25
1877.5 3.75
1878.5 3.75
1879.5 -0.25
1880.5 -11.5
1881.5 -5.75
1882.5 11
1883.5 17.25
1884.5 59
1885.5 42
1886.5 105
1887.5 170
1888.5 81.25
1889.5 31
1890.5 9.75
1891.5 3.75
1892.5 6.25
1893.5 -10.5
1894.5 -1.5
1895.5 7.25
1896.5 8.75
1897.5 5
1898.5 1.75
1899.5 -17
1900.5 -4
1901.5 3.75
1902.5 -6
1903.5 -1.25
1904.5 5.25
1905.5 14.25
1906.5 -5.25
1907.5 15
1908.5 -21
1909.5 10.25
1910.5 7.5
1911.5 31.25
1912.5 -4
1913.5 15.75
1914.5 21
1915.5 5.25
1916.5 -2.75
1917.5 -6.75
1918.5 6
1919.5 5.25
1920.5 10.25
1921.5 -10
1922.5 -3.5
1923.5 -17.5
1924.5 6.75
1925.5 10.25
1926.5 -4.25
1927.5 -2.75
1928.5 -5.25
1929.5 4.75
1930.5 5.75
1931.5 5.5
1932.5 3.5
1933.5 -3.25
1934.5 -5.5
1935.5 -26.25
1936.5 -21.5
1937.5 -27.75
1938.5 -5.25
1939.5 -2
1940.5 6.25
1941.5 1.25
1942.5 -2.75
1943.5 11.5
1944.5 -11.5
1945.5 0.75
1946.5 4.25
1947.5 -0.75
1948.5 9.75
1949.5 7
1950.5 -14
1951.5 -10.75
1952.5 -16.25
1953.5 7.75
1954.5 13.75
1955.5 -5.75
1956.5 -10.5
1957.5 2.75
1958.5 11.5
1959.5 24.75
1960.5 -16.5
1961.5 3
1962.5 -4.25
1963.5 -4.75
1964.5 -2.75
1965.5 -11.5
1966.5 12.5
1967.5 4
1968.5 -7.25
1969.5 24.5
1970.5 -11
1971.5 2.75
1972.5 4.75
1973.5 17
1974.5 -5.25
1975.5 -5.75
1976.5 3.5
1977.5 -8.5
1978.5 13
1979.5 -7.5
1980.5 -5.75
1981.5 -13.25
1982.5 1.75
1983.5 -11.25
1984.5 -5.25
1985.5 -18.5
1986.5 3.5
1987.5 1
1988.5 -3.5
1989.5 4
1990.5 4.25
1991.5 0.75
1992.5 6.75
1993.5 2.5
1994.5 -35
1995.5 -4.5
1996.5 -6.25
1997.5 6.75
1998.5 10.5
1999.5 -3.25
2000.5 -1
2001.5 9
2002.5 1
2003.5 1
2004.5 -10.5
2005.5 3
2006.5 12
2007.5 -9.75
2008.5 10.25
2009.5 14.5
2010.5 -3
2011.5 12
2012.5 19
2013.5 -2.25
2014.5 2.5
2015.5 10.75
2016.5 5.75
2017.5 5.75
2018.5 10
2019.5 5.25
2020.5 9.5
2021.5 9.5
2022.5 1.5
2023.5 7.5
2024.5 1.75
2025.5 3.5
2026.5 9.75
2027.5 7.75
2028.5 -4
2029.5 -4
2030.5 2
2031.5 9.25
2032.5 4.25
2033.5 9.5
2034.5 -9.5
2035.5 1.5
2036.5 9.75
2037.5 5
2038.5 -2.25
2039.5 19.5
2040.5 1
2041.5 -4
2042.5 3.5
2043.5 4.75
2044.5 9
2045.5 -3.5
2046.5 4.25
2047.5 19.5
2048.5 7.25
2049.5 8.5
2050.5 -0.25
2051.5 3.5
2052.5 5.75
2053.5 7.5
2054.5 -8.75
2055.5 -2.5
2056.5 -7.25
2057.5 -11.25
2058.5 4.25
2059.5 -0.75
2060.5 -11.75
2061.5 -10.75
2062.5 0.5
2063.5 -5.25
2064.5 8.75
2065.5 -4.75
2066.5 8.5
2067.5 14
2068.5 -10.75
2069.5 4.25
2070.5 8.5
2071.5 7
2072.5 -2.75
2073.5 -4.5
2074.5 22.75
2075.5 0.25
2076.5 0.5
2077.5 -1.25
2078.5 2.75
2079.5 2.5
2080.5 15
2081.5 17.5
2082.5 -2.25
2083.5 12.5
2084.5 -5
2085.5 -15
2086.5 2.75
2087.5 13.25
2088.5 0.25
2089.5 15
2090.5 13
2091.5 -21.5
2092.5 -2.5
2093.5 3.25
2094.5 0.5
2095.5 11.25
2096.5 -12
2097.5 -11.75
2098.5 -5.25
2099.5 -7.75
2100.5 1.5
2101.5 1
2102.5 11.5
2103.5 2.5
2104.5 9.5
2105.5 1.5
2106.5 14
2107.5 3.25
2108.5 1.5
2109.5 -4.5
2110.5 -2
2111.5 7.75
2112.5 16.5
2113.5 -23.25
2114.5 12
2115.5 -9.75
2116.5 3.25
2117.5 7.25
2118.5 -6.75
2119.5 10.75
2120.5 6.75
2121.5 6.5
2122.5 -1.75
2123.5 5.5
2124.5 1.75
2125.5 1.75
2126.5 3.5
2127.5 7.75
2128.5 4
2129.5 5.5
2130.5 -2.75
2131.5 0.75
2132.5 -10.75
2133.5 9.75
2134.5 -9.75
2135.5 -3.25
2136.5 -6.5
2137.5 6
2138.5 -3.25
2139.5 -5
2140.5 -9.75
2141.5 1
2142.5 29.75
2143.5 -59
2144.5 -50.5
2145.5 -17.75
2146.5 4
2147.5 0.75
2148.5 -18
2149.5 32.25
2150.5 -9.75
2151.5 18.5
2152.5 -2
2153.5 13
2154.5 -1.5
2155.5 -13.75
2156.5 0.5
2157.5 0.25
2158.5 -4
2159.5 -1
2160.5 -1.25
2161.5 -1.75
2162.5 -3
2163.5 3
2164.5 -4.75
2165.5 10
2166.5 -15.25
2167.5 -2.75
2168.5 -1
2169.5 -3.75
2170.5 -4
2171.5 -6.75
2172.5 2.75
2173.5 3.25
2174.5 -15.75
2175.5 -10
2176.5 -0.75
2177.5 -5.75
2178.5 3.75
2179.5 -6.75
2180.5 -1
2181.5 -7
2182.5 -3.75
2183.5 10.75
2184.5 -6.75
2185.5 -7
2186.5 -0.25
2187.5 -8.25
2188.5 -3.75
2189.5 -0.5
2190.5 -6
2191.5 -3.75
2192.5 20.25
2193.5 1.75
2194.5 13.25
2195.5 4.75
2196.5 -3.5
2197.5 -16.5
2198.5 11.25
2199.5 30
2200.5 -4.75
2201.5 5.5
2202.5 14.75
2203.5 -13.75
2204.5 -22.75
2205.5 -9.5
2206.5 -16
2207.5 -38.75
2208.5 -3.75
2209.5 -1
2210.5 -0.25
2211.5 -9.25
2212.5 -1
2213.5 4.25
2214.5 -14.5
2215.5 -3.25
2216.5 -9.5
2217.5 4.25
2218.5 -3
2219.5 7.75
2220.5 -4.5
2221.5 -12.25
2222.5 3
2223.5 -7
2224.5 6.25
2225.5 0.5
2226.5 0
2227.5 10.75
2228.5 -3.5
2229.5 9
2230.5 4.75
2231.5 -10
2232.5 2.25
2233.5 9.25
2234.5 7
2235.5 -8.5
2236.5 -3.75
2237.5 5.25
2238.5 5.25
2239.5 -6
2240.5 1.5
2241.5 0
2242.5 -3.5
2243.5 0.25
2244.5 -0.5
2245.5 -5
2246.5 4.5
2247.5 12
2248.5 -5
2249.5 6
2250.5 -2.75
2251.5 -5
2252.5 6.5
2253.5 -2.75
2254.5 7.25
2255.5 -15.75
2256.5 4.75
2257.5 -10
2258.5 13.5
2259.5 7.5
2260.5 15.75
2261.5 -6
2262.5 -1.5
2263.5 8.75
2264.5 4.5
2265.5 11
2266.5 20.5
2267.5 16
2268.5 5.5
2269.5 19
2270.5 33.5
2271.5 49.75
2272.5 88
2273.5 105.25
2274.5 40.25
2275.5 35
2276.5 17.25
2277.5 35.75
2278.5 47
2279.5 161
2280.5 265.5
2281.5 346.5
2282.5 218
2283.5 60.5
2284.5 4.5
2285.5 13.25
2286.5 -1.75
2287.5 -4.25
2288.5 -2.75
2289.5 -9.75
2290.5 -13.75
2291.5 -8.25
2292.5 -8
2293.5 -14.75
2294.5 23.75
2295.5 7.75
2296.5 -7.75
2297.5 -24
2298.5 -59.25
2299.5 -113.75
2300.5 -145.75
2301.5 -145.5
2302.5 -75.75
2303.5 -28
2304.5 -12.75
2305.5 2.75
2306.5 -1.5
2307.5 4.75
2308.5 2.5
2309.5 -15.5
2310.5 5.75
2311.5 6.25
2312.5 5
2313.5 -13.25
2314.5 -2.5
2315.5 -3.25
2316.5 0.5
2317.5 2.25
2318.5 -0.75
2319.5 2.75
2320.5 -3.5
2321.5 4.75
2322.5 -10.25
2323.5 -0.25
2324.5 -5
2325.5 0
2326.5 1.25
2327.5 12
2328.5 13.75
2329.5 -3.5
2330.5 6.25
2331.5 -3.25
2332.5 9
2333.5 9.5
2334.5 -0.5
2335.5 3.75
2336.5 -2.5
2337.5 2.25
2338.5 -0.5
2339.5 5.5
2340.5 2.5
2341.5 -3.25
2342.5 -5
2343.5 -11.5
2344.5 -1.75
2345.5 1.5
2346.5 4.5
2347.5 -0.75
2348.5 1.5
2349.5 11.75
2350.5 1.5
2351.5 9.25
2352.5 -1.75
2353.5 -4.25
2354.5 1.25
2355.5 -4
2356.5 1.75
2357.5 0.75
2358.5 0.75
2359.5 5.25
2360.5 12.75
2361.5 -2.25
2362.5 -3.75
2363.5 11
2364.5 6.5
2365.5 0.25
2366.5 -5
2367.5 -1.25
2368.5 2
2369.5 -1.75
2370.5 1
2371.5 -1
2372.5 8
2373.5 -17.5
2374.5 -13.75
2375.5 -15.75
2376.5 -12.75
2377.5 3
2378.5 -3.25
2379.5 18
2380.5 4.75
2381.5 11.75
2382.5 13.5
2383.5 14
2384.5 -1.75
2385.5 5.25
2386.5 -1.75
2387.5 -8
2388.5 3
2389.5 -4.75
2390.5 3.5
2391.5 -0.75
2392.5 4.5
2393.5 -2.5
2394.5 9.75
2395.5 -1.75
2396.5 -16.25
2397.5 2
2398.5 5.5
2399.5 0.5
2400.5 -1.25
2401.5 0.75
2402.5 -0.75
2403.5 -16.75
2404.5 -9
2405.5 -15.25
2406.5 -1.25
2407.5 3
2408.5 0
2409.5 15.25
2410.5 -4.5
2411.5 -9.5
2412.5 3.5
2413.5 12.25
2414.5 3
2415.5 10
2416.5 -7.75
2417.5 5.25
2418.5 3.25
2419.5 0
2420.5 1.5
2421.5 -3.5
2422.5 4.5
2423.5 -0.75
2424.5 13.25
2425.5 -3
2426.5 -12.75
2427.5 2.75
2428.5 -4.75
2429.5 -2
2430.5 7.25
2431.5 2
2432.5 2
2433.5 -0.25
2434.5 9.5
2435.5 3.5
2436.5 -10.5
2437.5 -3.25
2438.5 -2.75
2439.5 -6
2440.5 -10.75
2441.5 -3.75
2442.5 -7
2443.5 -0.75
2444.5 6.75
2445.5 -3.5
2446.5 -5.75
2447.5 0.75
2448.5 -7.25
2449.5 3.5
2450.5 -6
2451.5 -8.25
2452.5 -7.75
2453.5 -2.75
2454.5 -7.25
2455.5 -8.5
2456.5 -5.25
2457.5 1.5
2458.5 9
2459.5 6.25
2460.5 4.75
2461.5 -4
2462.5 0.25
2463.5 9
2464.5 3.75
2465.5 3
2466.5 4.5
2467.5 7.5
2468.5 -0.5
2469.5 -3.25
2470.5 -5.75
2471.5 0
2472.5 -1
2473.5 -7.25
2474.5 10.75
2475.5 -12.75
2476.5 1.5
2477.5 8.25
2478.5 6.5
2479.5 -3.75
2480.5 9.25
2481.5 -1.75
2482.5 -3.75
2483.5 -13.5
2484.5 -12
2485.5 7
2486.5 5.25
2487.5 -12
2488.5 -6.75
2489.5 -2.75
2490.5 6.75
2491.5 -8
2492.5 6
2493.5 0.75
2494.5 -8
2495.5 7.75
2496.5 -10.75
2497.5 3.5
2498.5 12.75
2499.5 -3.5
2500.5 -6.5
2501.5 1
2502.5 -3.25
2503.5 -2.5
2504.5 -4.75
2505.5 -0.75
2506.5 10.75
2507.5 -6.5
2508.5 -8
2509.5 -4.25
2510.5 3.5
2511.5 8.5
2512.5 1.25
2513.5 5.75
2514.5 10.75
2515.5 5
2516.5 17.75
2517.5 22.75
2518.5 19.25
2519.5 -4.5
2520.5 48.5
2521.5 19.5
2522.5 12
2523.5 -0.5
2524.5 7.5
2525.5 -1.75
2526.5 12
2527.5 -8
2528.5 6.25
2529.5 -16
2530.5 3.25
2531.5 7.5
2532.5 -12.5
2533.5 5.25
2534.5 -4.75
2535.5 -4.75
2536.5 -3.5
2537.5 0.75
2538.5 13.25
2539.5 -10.5
2540.5 5.75
2541.5 -4.5
2542.5 -2.25
2543.5 -5.25
2544.5 2.75
2545.5 13.5
2546.5 -3.75
2547.5 -1.75
2548.5 -3.25
2549.5 1.75
2550.5 0.25
2551.5 5
2552.5 2.75
2553.5 2.25
2554.5 0.5
2555.5 3.25
2556.5 3.5
2557.5 7.25
2558.5 6.5
2559.5 -4.75
2560.5 -3.5
2561.5 0
2562.5 -1.5
2563.5 8.5
2564.5 0
2565.5 3.75
2566.5 -4.75
2567.5 3
2568.5 -1.25
2569.5 -8.25
2570.5 -5.75
2571.5 9.75
2572.5 3
2573.5 -7.5
2574.5 1
2575.5 13.75
2576.5 7
2577.5 1.5
2578.5 -4.25
2579.5 6
2580.5 -1.5
2581.5 -7.25
2582.5 -3.75
2583.5 1.75
2584.5 -7.25
2585.5 -6
2586.5 -5.5
2587.5 3.5
2588.5 5.75
2589.5 -3.25
2590.5 2.75
2591.5 7.25
2592.5 9.25
2593.5 11.5
2594.5 -10
2595.5 -8
2596.5 2.75
2597.5 3
2598.5 3.75
2599.5 -2.25
2600.5 8
2601.5 -8
2602.5 17.5
2603.5 1
2604.5 -23.25
2605.5 -9
2606.5 4.25
2607.5 10.25
2608.5 10.75
2609.5 0
2610.5 -10.75
2611.5 -3.75
2612.5 4.5
2613.5 -6.75
2614.5 -5.75
2615.5 20
2616.5 -3.25
2617.5 3.5
2618.5 -17.25
2619.5 -6.25
2620.5 -0.75
2621.5 -5.5
2622.5 0.75
2623.5 -1
2624.5 4.75
2625.5 8.75
2626.5 5.75
2627.5 12
2628.5 -2.5
2629.5 -6.5
2630.5 4.25
2631.5 -6.25
2632.5 14.75
2633.5 -1.25
2634.5 -2
2635.5 -6.5
2636.5 1.5
2637.5 -12.75
2638.5 9.5
2639.5 6.75
2640.5 8.5
2641.5 14.5
2642.5 0.5
2643.5 2.25
2644.5 -4.75
2645.5 -5
2646.5 1.5
2647.5 -1
2648.5 1
2649.5 -6.75
2650.5 2.75
2651.5 -1.5
2652.5 -3.75
2653.5 21
2654.5 2.75
2655.5 14.5
2656.5 17.25
2657.5 2.25
2658.5 -12.75
2659.5 -0.5
2660.5 0.75
2661.5 5
2662.5 -0.25
2663.5 9.75
2664.5 -9.75
2665.5 1.75
2666.5 3.75
2667.5 3.75
2668.5 5.75
2669.5 1.5
2670.5 -2
2671.5 3
2672.5 5
2673.5 -4.5
2674.5 -3.25
2675.5 2
2676.5 1
2677.5 -4.25
2678.5 -11
2679.5 -1.5
2680.5 -3.75
2681.5 3
2682.5 -1.5
2683.5 -5.25
2684.5 -5.75
2685.5 -9
2686.5 3.5
2687.5 -4.5
2688.5 -10.5
2689.5 -1.25
2690.5 -1.75
2691.5 7.75
2692.5 -11.25
2693.5 -9.75
2694.5 3.5
2695.5 -4.75
2696.5 -11
2697.5 -6.75
2698.5 0.75
2699.5 -4.25
2700.5 1
2701.5 -1.5
2702.5 6.75
2703.5 0
2704.5 -4.25
2705.5 0.75
2706.5 3.5
2707.5 -2.75
2708.5 -0.75
2709.5 2.25
2710.5 -0.75
2711.5 -2.25
2712.5 5.25
2713.5 9.5
2714.5 3
2715.5 7
2716.5 5.5
2717.5 -6
2718.5 -17.75
2719.5 1.25
2720.5 -6.75
2721.5 2.5
2722.5 6
2723.5 2
2724.5 8.5
2725.5 -2
2726.5 2.75
2727.5 -3.5
2728.5 -2.5
2729.5 -8.75
2730.5 6
2731.5 5.25
2732.5 -5
2733.5 6.25
2734.5 -5.5
2735.5 -19.75
2736.5 7.75
2737.5 -2.75
2738.5 3.5
2739.5 2
2740.5 1.25
2741.5 -6.25
2742.5 -7
2743.5 10.75
2744.5 12.75
2745.5 3
2746.5 4.75
2747.5 0.75
2748.5 10.75
2749.5 24.25
2750.5 -0.5
2751.5 9
2752.5 -1.5
2753.5 -5.75
2754.5 2.5
2755.5 -5.25
2756.5 0.75
2757.5 9
2758.5 -1.25
2759.5 -5
2760.5 -6.75
2761.5 -4.25
2762.5 0.25
2763.5 2.5
2764.5 -5
2765.5 2
2766.5 -2
2767.5 -9.5
2768.5 0.75
2769.5 2.75
2770.5 0.5
2771.5 3.25
2772.5 -8.5
2773.5 -2.75
2774.5 2.5
2775.5 -4
2776.5 -5
2777.5 -2.25
2778.5 8.25
2779.5 -2.75
2780.5 -2.25
2781.5 10
2782.5 -2.75
2783.5 14.5
2784.5 -7.5
2785.5 -6.25
2786.5 17.5
2787.5 -2.5
2788.5 12.5
2789.5 -5.75
2790.5 2.5
2791.5 11.25
2792.5 -8.5
2793.5 0
2794.5 -14.25
2795.5 -14.75
2796.5 1
2797.5 -4.75
2798.5 3.5
2799.5 0.25
2800.5 -5
2801.5 -6
2802.5 5.75
2803.5 17.25
2804.5 6.25
2805.5 1.75
2806.5 12.5
2807.5 -1.25
2808.5 -7
2809.5 -7.75
2810.5 -19.5
2811.5 -5
2812.5 0
2813.5 0.25
2814.5 7.75
2815.5 -15.5
2816.5 -1.25
2817.5 -18.75
2818.5 -1.5
2819.5 -8
2820.5 -5
2821.5 3.5
2822.5 -3
2823.5 -2
2824.5 -4
2825.5 -21.25
2826.5 -9.75
2827.5 -21.5
2828.5 -21.5
2829.5 -11.75
2830.5 -12.75
2831.5 9
2832.5 -2.5
2833.5 1.5
2834.5 -2.5
2835.5 -4.5
2836.5 -8.5
2837.5 -5.5
2838.5 -5.25
2839.5 0.5
2840.5 -6.5
2841.5 0
2842.5 -5.5
2843.5 5.5
2844.5 5.75
2845.5 -9.75
2846.5 -6.25
2847.5 -3
2848.5 -1
2849.5 -2.75
2850.5 1.75
2851.5 4.5
2852.5 -6.75
2853.5 8.5
2854.5 -3
2855.5 -6.25
2856.5 -1
2857.5 3.25
2858.5 -1.25
2859.5 -0.5
2860.5 0
2861.5 3.25
2862.5 0.25
2863.5 5
2864.5 -6.5
2865.5 -8.75
2866.5 5.25
2867.5 7
2868.5 13.25
2869.5 17
2870.5 14.5
2871.5 19.25
2872.5 -0.5
2873.5 -10.25
2874.5 0.5
2875.5 -6.75
2876.5 4.75
2877.5 -3.25
2878.5 -14.5
2879.5 9.5
2880.5 -9.5
2881.5 5
2882.5 4
2883.5 16.5
2884.5 11.5
2885.5 12
2886.5 2.75
2887.5 9.25
2888.5 6
2889.5 12.25
2890.5 42
2891.5 64.75
2892.5 130.5
2893.5 139.75
2894.5 95
2895.5 29.25
2896.5 22.25
2897.5 -8
2898.5 -3.25
2899.5 1
2900.5 0.25
2901.5 3.25
2902.5 -2.75
2903.5 -6.5
2904.5 11.5
2905.5 2.5
2906.5 -8
2907.5 -1
2908.5 -8.5
2909.5 2.25
2910.5 0.5
2911.5 1.25
2912.5 -19.75
2913.5 -16
2914.5 -17
2915.5 -19
2916.5 -22.25
2917.5 -13
2918.5 -12.5
2919.5 -11.75
2920.5 3
2921.5 0
2922.5 3.75
2923.5 5
2924.5 1
2925.5 0.5
2926.5 0.75
2927.5 4.75
2928.5 -6.75
2929.5 0.5
2930.5 -13
2931.5 1.25
2932.5 1
2933.5 7.75
2934.5 0.5
2935.5 3.75
2936.5 -15
2937.5 -2.75
2938.5 0
2939.5 -2.25
2940.5 -1
2941.5 0
2942.5 -1.25
2943.5 -1.5
2944.5 5.5
2945.5 -7.25
2946.5 -9.5
2947.5 18.25
2948.5 -16.75
2949.5 -1.5
2950.5 1.75
2951.5 1.5
2952.5 -6.75
2953.5 1.5
2954.5 8
2955.5 -3.25
2956.5 -1.75
2957.5 -0.25
2958.5 -7
2959.5 -0.25
2960.5 0.5
2961.5 -1.25
2962.5 -2
2963.5 -3
2964.5 5
2965.5 -4
2966.5 -9
2967.5 2
2968.5 -6.5
2969.5 4.25
2970.5 -8
2971.5 -3.75
2972.5 3
2973.5 7
2974.5 -2
2975.5 2.75
2976.5 1.75
2977.5 -9
2978.5 2
2979.5 -5.75
2980.5 4.75
2981.5 -9.75
2982.5 -3.5
2983.5 6
2984.5 -14.25
2985.5 -4.5
2986.5 5.75
2987.5 -2.25
2988.5 -7
2989.5 -2.5
2990.5 -15
2991.5 0.5
2992.5 -10
2993.5 -2.5
2994.5 7.5
2995.5 -7.25
2996.5 4
2997.5 4.75
2998.5 2.75
2999.5 -1.25
3000.5 -1.25
3001.5 -8.5
3002.5 -3.25
3003.5 -9
3004.5 -7.5
3005.5 4.5
3006.5 2
3007.5 -7.25
3008.5 -5.75
3009.5 -1
3010.5 6.5
3011.5 1.25
3012.5 10.25
3013.5 0.25
3014.5 2.75
3015.5 -7.75
3016.5 -3.75
3017.5 -2
3018.5 -3.25
3019.5 -6
3020.5 1.5
3021.5 -0.75
3022.5 -3.5
3023.5 3.5
3024.5 -13.25
3025.5 -4
3026.5 -0.75
3027.5 1.75
3028.5 -13
3029.5 3.5
3030.5 -9
3031.5 -10
3032.5 -22.75
3033.5 0
3034.5 -14
3035.5 4.25
3036.5 12.75
3037.5 27.25
3038.5 13.75
3039.5 -27.25
3040.5 -43
3041.5 5.25
3042.5 3
3043.5 0
3044.5 1.75
3045.5 -3.25
3046.5 0.75
3047.5 -6.25
3048.5 4.25
3049.5 4
3050.5 -2.5
3051.5 -11
3052.5 -0.25
3053.5 2
3054.5 -2.5
3055.5 -12.75
3056.5 -2.75
3057.5 2.75
3058.5 0.25
3059.5 -2.5
3060.5 -1.25
3061.5 -2
3062.5 0.5
3063.5 -5.5
3064.5 -1
3065.5 4.5
3066.5 -11.75
3067.5 -3.75
3068.5 -4.5
3069.5 -0.25
3070.5 -4.25
3071.5 -6.25
3072.5 -1.5
3073.5 -12
3074.5 -4
3075.5 3
3076.5 -12.5
3077.5 -4.75
3078.5 -4.5
3079.5 -4.5
3080.5 3.5
3081.5 -4.5
3082.5 -2.75
3083.5 -3.5
3084.5 -0.75
3085.5 -2.75
3086.5 -8.75
3087.5 -0.5
3088.5 -5.5
3089.5 -1
3090.5 3.5
3091.5 -2.25
3092.5 0.25
3093.5 4.75
3094.5 4
3095.5 -2.5
3096.5 1.25
3097.5 2.75
3098.5 -7.75
3099.5 -2.25
3100.5 14.5
3101.5 -3.5
3102.5 2.25
3103.5 4.5
3104.5 -0.25
3105.5 -1.5
3106.5 5.25
3107.5 -11
3108.5 8
3109.5 -3.75
3110.5 6.75
3111.5 -8.25
3112.5 3.5
3113.5 -4.75
3114.5 1.75
3115.5 -11.5
3116.5 0.5
3117.5 -5.25
3118.5 -1
3119.5 0.25
3120.5 -8.5
3121.5 -16.5
3122.5 0.75
3123.5 2.75
3124.5 -4.75
3125.5 -6.75
3126.5 4
3127.5 -4
3128.5 -7
3129.5 6.25
3130.5 -0.25
3131.5 -3.25
3132.5 -3.5
3133.5 -4.25
3134.5 -10.5
3135.5 -3.5
3136.5 -4.25
3137.5 -1.75
3138.5 3.75
3139.5 2.25
3140.5 -0.25
3141.5 -6.25
3142.5 -4.5
3143.5 -2.5
3144.5 -11.75
3145.5 -2
3146.5 5
3147.5 2.25
3148.5 -4
3149.5 -1.5
3150.5 8
3151.5 3.5
3152.5 -1.75
3153.5 5.75
3154.5 -6.25
3155.5 4.5
3156.5 2.75
3157.5 -3.25
3158.5 -3.25
3159.5 5
3160.5 -1.5
3161.5 1
3162.5 -1.75
3163.5 -4.75
3164.5 -2.25
3165.5 -7
3166.5 -5.75
3167.5 -4
3168.5 2.75
3169.5 -2.75
3170.5 -7.25
3171.5 -10.25
3172.5 -6.5
3173.5 -9.5
3174.5 -1.5
3175.5 -10.25
3176.5 -6.25
3177.5 -3.25
3178.5 -4.25
3179.5 -11.5
3180.5 0
3181.5 -5.25
3182.5 0.75
3183.5 -5.75
3184.5 -5.75
3185.5 -4.25
3186.5 -0.5
3187.5 -2.75
3188.5 -5.75
3189.5 -5
3190.5 -2.25
3191.5 -10
3192.5 -4.75
3193.5 6.5
3194.5 -7.75
3195.5 -10.5
3196.5 4.25
3197.5 -1
3198.5 3.25
3199.5 -1.5
3200.5 23.75
3201.5 -10.25
3202.5 28.5
3203.5 7
3204.5 -13.75
3205.5 -12.75
3206.5 -4.5
3207.5 -3.5
3208.5 7
3209.5 -1.25
3210.5 -6.75
3211.5 0.25
3212.5 -5.25
3213.5 -1.5
3214.5 1
3215.5 -4
3216.5 -7.25
3217.5 4.5
3218.5 -2
3219.5 -5
3220.5 1.5
3221.5 4
3222.5 0
3223.5 1.25
3224.5 -7.75
3225.5 5.75
3226.5 -3
3227.5 3.75
3228.5 -6
3229.5 -1.5
3230.5 -2.5
3231.5 -1
3232.5 -11
3233.5 3.5
3234.5 -9
3235.5 3.5
3236.5 1.5
3237.5 3.75
3238.5 -2
3239.5 -4.5
3240.5 6
3241.5 0
3242.5 -5.25
3243.5 -2.25
3244.5 0.25
3245.5 -3.25
3246.5 2.5
3247.5 -4.75
3248.5 -3
3249.5 -0.5
3250.5 -5.5
3251.5 -3
3252.5 5.5
3253.5 1.25
3254.5 7
3255.5 2.75
3256.5 1.5
3257.5 2.25
3258.5 -1.5
3259.5 2.75
3260.5 -2.75
3261.5 1.25
3262.5 -1.75
3263.5 -6.75
3264.5 -8.5
3265.5 0
3266.5 -5.25
3267.5 -1.25
3268.5 3.25
3269.5 -2.5
3270.5 1.5
3271.5 0.5
3272.5 -4
3273.5 0.25
3274.5 -4
3275.5 -1
3276.5 2.25
3277.5 -1.25
3278.5 -4
3279.5 5.25
3280.5 -5.5
3281.5 -0.25
3282.5 1.25
3283.5 -1.25
3284.5 -3.75
3285.5 -3
3286.5 -1.25
3287.5 -6.75
3288.5 -1.25
3289.5 -5
3290.5 -5.75
3291.5 2.25
3292.5 -2.5
3293.5 -1.25
3294.5 3.75
3295.5 -1.25
3296.5 -1.75
3297.5 1
3298.5 -12.5
3299.5 1.75
3300.5 3.5
3301.5 -3.5
3302.5 -5.25
3303.5 -12.25
3304.5 -3.75
3305.5 -6.25
3306.5 -10
3307.5 -7.5
3308.5 -0.25
3309.5 -3.25
3310.5 -4
3311.5 -12.75
3312.5 -1.5
3313.5 3.75
3314.5 -2.5
3315.5 -2.25
3316.5 2.75
3317.5 0.75
3318.5 -4
3319.5 -4.5
3320.5 -13.25
3321.5 -10
3322.5 4
3323.5 -20.25
3324.5 -17.25
3325.5 0.5
3326.5 -11.75
3327.5 -17.75
3328.5 -19
3329.5 -6.75
3330.5 -0.75
3331.5 -6.75
3332.5 -1.5
3333.5 -0.75
3334.5 -1
3335.5 -5.75
3336.5 -5
3337.5 -3
3338.5 -2.5
3339.5 3.25
3340.5 -0.5
3341.5 -0.5
3342.5 -5.75
3343.5 -0.75
3344.5 -7.75
3345.5 -2.25
3346.5 -4.25
3347.5 0.5
3348.5 0.25
3349.5 -5
3350.5 -0.25
3351.5 -4
3352.5 1.25
3353.5 0
3354.5 0
3355.5 0.75
3356.5 -4.75
3357.5 -4.75
3358.5 8
3359.5 2.25
3360.5 -0.5
3361.5 1.5
3362.5 -5.75
3363.5 -1.25
3364.5 -3.25
3365.5 -1.25
3366.5 4.5
3367.5 1.5
3368.5 -4
3369.5 0.75
3370.5 7
3371.5 2
3372.5 0.5
3373.5 -1.75
3374.5 -7
3375.5 1
3376.5 7.25
3377.5 -2.75
3378.5 10.25
3379.5 10.25
3380.5 40
3381.5 74.5
3382.5 80.75
3383.5 69.5
3384.5 40
3385.5 12.5
3386.5 -3.75
3387.5 5
3388.5 4.25
3389.5 7
3390.5 2.75
3391.5 0.75
3392.5 9.25
3393.5 14
3394.5 30.5
3395.5 56
3396.5 43.25
3397.5 18.25
3398.5 18.25
3399.5 3.25
3400.5 -2.25
3401.5 -10.25
3402.5 0.5
3403.5 -0.5
3404.5 4.75
3405.5 10
3406.5 -0.75
3407.5 2
3408.5 0.5
3409.5 4
3410.5 5
3411.5 -6
3412.5 2
3413.5 -1.5
3414.5 -4.25
3415.5 -5
3416.5 0.5
3417.5 -7.75
3418.5 -8.5
3419.5 0.25
3420.5 0.5
3421.5 -5.5
3422.5 -23.25
3423.5 -38
3424.5 -71.5
3425.5 -185.75
3426.5 -226.25
3427.5 -228
3428.5 -148.75
3429.5 -89
3430.5 -41
3431.5 -7
3432.5 2.25
3433.5 -4
3434.5 -6.75
3435.5 -4.75
3436.5 -1.75
3437.5 7
3438.5 -1.5
3439.5 4.5
3440.5 2.25
3441.5 -2.25
3442.5 1.25
3443.5 3.25
3444.5 -2.25
3445.5 -3
3446.5 0.25
3447.5 -8
3448.5 -19.5
3449.5 -13.25
3450.5 -20.5
3451.5 -14.5
3452.5 -5.75
3453.5 -9.5
3454.5 -3.25
3455.5 -2.5
3456.5 -3.5
3457.5 -2.25
3458.5 1
3459.5 1.25
3460.5 -0.75
3461.5 0.25
3462.5 -4.25
3463.5 -1.5
3464.5 1.25
3465.5 1.5
3466.5 1.25
3467.5 -0.75
3468.5 0.25
3469.5 1
3470.5 -3.5
3471.5 -2.5
3472.5 0.5
3473.5 -0.5
3474.5 3
3475.5 2
3476.5 0.25
3477.5 -1.5
3478.5 -3.25
3479.5 -0.75
3480.5 2
3481.5 1.5
3482.5 -0.75
3483.5 4
3484.5 -2.5
3485.5 1.25
3486.5 0.5
3487.5 0.5
3488.5 -3.25
3489.5 1.25
3490.5 -1.5
3491.5 4
3492.5 -0.75
3493.5 1
3494.5 0.25
3495.5 4.25
3496.5 4
3497.5 -6
3498.5 -0.25
3499.5 -2.5
3500.5 1
3501.5 1
3502.5 -1.75
3503.5 1.25
3504.5 3
3505.5 -3.5
3506.5 -0.5
3507.5 -2.5
3508.5 -2.25
3509.5 1.25
3510.5 7.25
3511.5 -0.75
3512.5 -1.5
3513.5 -1.5
3514.5 3
3515.5 5
3516.5 -0.5
3517.5 -1.25
3518.5 -1.5
3519.5 1.25
3520.5 -1.75
3521.5 2.25
3522.5 -3.25
3523.5 -1.25
3524.5 0.25
3525.5 -1.75
3526.5 -0.75
3527.5 0
3528.5 -0.75
3529.5 2
3530.5 -5.25
3531.5 0
3532.5 -2.5
3533.5 7
3534.5 1.25
3535.5 -5
3536.5 1
3537.5 -0.25
3538.5 -1.5
3539.5 -2.25
3540.5 3
3541.5 0.5
3542.5 -0.75
3543.5 -0.75
3544.5 3
3545.5 0
3546.5 0.5
3547.5 0
3548.5 2
3549.5 -3.25
3550.5 0.25
3551.5 1
3552.5 -4.25
3553.5 -2.25
3554.5 -3
3555.5 -0.5
3556.5 0
3557.5 -0.75
3558.5 -1.5
3559.5 -0.75
3560.5 -4.25
3561.5 2
3562.5 -1.75
3563.5 2.25
3564.5 2
3565.5 -0.5
3566.5 -0.5
3567.5 -3.5
3568.5 -0.5
3569.5 2.25
3570.5 0
3571.5 0.25
3572.5 -3.5
3573.5 -0.75
3574.5 2
3575.5 -1.5
3576.5 1
3577.5 2.25
3578.5 -0.5
3579.5 -1.5
3580.5 3
3581.5 -1.75
3582.5 2
3583.5 -2.5
3584.5 0
3585.5 2
3586.5 2
3587.5 -0.5
3588.5 0.25
3589.5 1
3590.5 4
3591.5 -1.5
3592.5 0.25
3593.5 2
3594.5 3
3595.5 -0.75
3596.5 -1.75
3597.5 -1.75
3598.5 1
3599.5 3
3600.5 -2.5
3601.5 -1.5
3602.5 -2
3603.5 1
3604.5 0
3605.5 0
3606.5 0
3607.5 1
3608.5 -0.75
3609.5 -0.5
3610.5 4
3611.5 -2.25
3612.5 3
3613.5 3
3614.5 1
3615.5 2.25
3616.5 -0.5
3617.5 2
3618.5 -1.25
3619.5 -0.75
3620.5 1.25
3621.5 -5
3622.5 0.25
3623.5 -3.25
3624.5 1
3625.5 1.25
3626.5 1
3627.5 -1.25
3628.5 -4.25
3629.5 -7
3630.5 1
3631.5 -0.75
3632.5 0.25
3633.5 -4
3634.5 0.25
3635.5 -7
3636.5 -1.75
3637.5 0.25
3638.5 -4
3639.5 0.25
3640.5 -2.25
3641.5 1.25
3642.5 2
3643.5 -0.75
3644.5 -0.5
3645.5 0.75
3646.5 2.25
3647.5 -7
3648.5 -7
3649.5 -4.25
3650.5 -0.75
3651.5 -0.25
3652.5 1.25
3653.5 0.25
3654.5 -0.5
3655.5 -6
3656.5 5
3657.5 -1.25
3658.5 0.25
3659.5 -1.25
3660.5 3.5
3661.5 -0.75
3662.5 1
3663.5 -1.25
3664.5 0.25
3665.5 0.5
3666.5 1
3667.5 1
3668.5 3
3669.5 0.25
3670.5 1.25
3671.5 0.25
3672.5 2.25
3673.5 -1.75
3674.5 2.25
3675.5 2.25
3676.5 -0.75
3677.5 -3.5
3678.5 -0.75
3679.5 -0.75
3680.5 -0.75
3681.5 3
3682.5 6
3683.5 -1.5
3684.5 -2.25
3685.5 -1.5
3686.5 -5
3687.5 1.25
3688.5 -3.5
3689.5 0
3690.5 -2.5
3691.5 0.25
3692.5 -0.75
3693.5 -4.25
3694.5 -3.25
3695.5 2
3696.5 -1.75
3697.5 -1.75
3698.5 -2.5
3699.5 -2.25
3700.5 0.25
3701.5 -2.5
3702.5 1.25
3703.5 -1.75
3704.5 -0.75
3705.5 -0.75
3706.5 2
3707.5 1
3708.5 1
3709.5 0
3710.5 -2.25
3711.5 0
3712.5 4
3713.5 2
3714.5 2
3715.5 0.25
3716.5 1
3717.5 0.25
3718.5 -1.75
3719.5 -0.75
3720.5 2
3721.5 0.25
3722.5 -0.75
3723.5 -1.75
3724.5 1
3725.5 -4.25
3726.5 2
3727.5 0
3728.5 -0.5
3729.5 1
3730.5 0.25
3731.5 -2.5
3732.5 1.25
3733.5 1
3734.5 2
3735.5 -2.5
3736.5 -1.5
3737.5 0.25
3738.5 -0.75
3739.5 1
3740.5 1
3741.5 -0.75
3742.5 3
3743.5 -4.25
3744.5 -1.5
3745.5 1.5
3746.5 -5.75
3747.5 -1.5
3748.5 3.25
3749.5 -1.5
3750.5 -1.5
3751.5 2
3752.5 0
3753.5 1
3754.5 2
3755.5 2
3756.5 1
3757.5 -3.25
3758.5 0.25
3759.5 2
3760.5 1
3761.5 -1.75
3762.5 0.25
3763.5 0.25
3764.5 -0.5
3765.5 0.5
3766.5 -0.75
3767.5 2
3768.5 -1.75
3769.5 -3.5
3770.5 2
3771.5 -1.5
3772.5 -1.75
3773.5 0.25
3774.5 0
3775.5 -1.75
3776.5 -2.5
3777.5 -1.5
3778.5 2.25
3779.5 1.25
3780.5 0
3781.5 1.25
3782.5 4
3783.5 -0.5
3784.5 3
3785.5 -3.5
3786.5 -1.75
3787.5 -2.25
3788.5 -5.25
3789.5 0
3790.5 1
3791.5 1.25
3792.5 -0.75
3793.5 4
3794.5 5.25
3795.5 -0.75
3796.5 -2.5
3797.5 -2.25
3798.5 -0.75
3799.5 -1.75
3800.5 -4.25
3801.5 -3.5
3802.5 0.25
3803.5 2
3804.5 -0.5
3805.5 -0.75
3806.5 -0.75
3807.5 2.25
3808.5 -1.25
3809.5 -0.75
3810.5 2.5
3811.5 0
3812.5 -2.5
3813.5 2
3814.5 0
3815.5 -2.5
3816.5 2
3817.5 1
3818.5 -1.75
3819.5 0
3820.5 2
3821.5 -1.5
3822.5 0.25
3823.5 -0.75
3824.5 1
3825.5 1
3826.5 0
3827.5 -2.5
3828.5 0.5
3829.5 1.25
3830.5 1
3831.5 0
3832.5 -0.75
3833.5 -2.25
3834.5 -0.75
3835.5 1.25
3836.5 -0.75
3837.5 -0.75
3838.5 0
3839.5 -1.5
3840.5 -1.75
3841.5 -2.5
3842.5 0.25
3843.5 0.25
3844.5 0.25
3845.5 -6
3846.5 -2.5
3847.5 -0.5
3848.5 -3.5
3849.5 -0.5
3850.5 -0.5
3851.5 0.5
3852.5 4
3853.5 2
3854.5 0
3855.5 3
3856.5 1.25
3857.5 -4.25
3858.5 -1.5
3859.5 -0.75
3860.5 1.25
3861.5 -2.25
3862.5 0.25
3863.5 -3
3864.5 2.25
3865.5 -2.25
3866.5 -1.5
3867.5 2.25
3868.5 2.25
3869.5 0
3870.5 -6.75
3871.5 0.25
3872.5 -4.25
3873.5 0
3874.5 -3.5
3875.5 0.25
3876.5 4
3877.5 -1.5
3878.5 -2.5
3879.5 1.25
3880.5 -0.75
3881.5 -2.5
3882.5 -0.75
3883.5 -2.5
3884.5 1.25
3885.5 -0.75
3886.5 -1.75
3887.5 2
3888.5 -3.25
3889.5 3.5
3890.5 1
3891.5 -0.75
3892.5 2
3893.5 -1.5
3894.5 -0.75
3895.5 1.25
3896.5 2
3897.5 -1.5
3898.5 -2.5
3899.5 -2.5
3900.5 -1.5
3901.5 3
3902.5 1.25
3903.5 -10.5
3904.5 -2.5
3905.5 -3.25
3906.5 0
3907.5 3
3908.5 0.25
3909.5 3
3910.5 -1.5
3911.5 1.25
3912.5 -1.5
3913.5 -2.5
3914.5 1
3915.5 2
3916.5 1
3917.5 1.25
3918.5 1
3919.5 -0.5
3920.5 -2.25
3921.5 1.25
3922.5 -4.25
3923.5 -0.5
3924.5 3
3925.5 2
3926.5 2
3927.5 2
3928.5 2
3929.5 3
3930.5 -2.5
3931.5 1
3932.5 2
3933.5 -0.75
3934.5 1
3935.5 0.25
3936.5 0.25
3937.5 -1.5
3938.5 1
3939.5 1.25
3940.5 2
3941.5 0.25
3942.5 1
3943.5 1.25
3944.5 -0.75
3945.5 0
3946.5 -1.5
3947.5 3
3948.5 -3.5
3949.5 -0.5
3950.5 -3.5
3951.5 -1.75
3952.5 -1.75
3953.5 1.25
3954.5 -0.75
3955.5 -0.75
3956.5 5
3957.5 -1.5
3958.5 -1.75
3959.5 -1.75
3960.5 0
3961.5 0.25
3962.5 3
3963.5 -2.5
3964.5 0
3965.5 1
3966.5 -0.75
3967.5 -0.75
3968.5 1
3969.5 -0.75
3970.5 0.25
3971.5 -0.75
3972.5 0
3973.5 0.75
3974.5 -1
3975.5 2
3976.5 3
3977.5 -0.5
3978.5 6
3979.5 1
3980.5 1.25
3981.5 -2.5
3982.5 -0.75
3983.5 -0.75
3984.5 0.25
3985.5 -3.5
3986.5 -1.5
3987.5 0
3988.5 -1.5
3989.5 0
3990.5 -0.75
3991.5 -3.5
3992.5 4
3993.5 -6
3994.5 -8.5
3995.5 0
3996.5 -1.5
3997.5 0
3998.5 -0.5
3999.5 0
4000.5 1
4001.5 -1.75
4002.5 0.25
4003.5 -0.75
4004.5 -1.5
4005.5 -3.5
4006.5 2
4007.5 -3.5
4008.5 -4.25
4009.5 -0.75
4010.5 -1.75
4011.5 -0.5
4012.5 -0.5
4013.5 1
4014.5 1.25
4015.5 0
4016.5 1
4017.5 1
4018.5 0
4019.5 -3.5
4020.5 1
4021.5 1.25
4022.5 2
4023.5 0
4024.5 0
4025.5 3
4026.5 -2.5
4027.5 0
4028.5 0.5
4029.5 0
4030.5 -3.5
4031.5 1
4032.5 -0.5
4033.5 -3.5
4034.5 3.25
4035.5 0.25
4036.5 0.25
4037.5 -4.25
4038.5 1
4039.5 2
4040.5 -1.75
4041.5 1
4042.5 4
4043.5 -0.75
4044.5 0.25
4045.5 2.25
4046.5 0
4047.5 0
4048.5 5
4049.5 1
4050.5 -0.75
4051.5 0.25
4052.5 2
4053.5 -3.5
4054.5 4
4055.5 0.25
4056.5 0
4057.5 0.25
4058.5 0.25
4059.5 2
4060.5 2
4061.5 -0.75
4062.5 1
4063.5 -5.25
4064.5 0
4065.5 1
4066.5 -0.75
4067.5 0.25
4068.5 3
4069.5 0.25
4070.5 0.25
4071.5 0.25
4072.5 0.25
4073.5 1
4074.5 1
4075.5 -2.5
4076.5 5
4077.5 1
4078.5 -6
4079.5 1
4080.5 0
4081.5 3
4082.5 -2.5
4083.5 0
4084.5 0.25
4085.5 0.25
4086.5 -0.75
4087.5 -1.75
4088.5 -3.25
4089.5 -0.75
4090.5 1.5
4091.5 2
4092.5 0.25
4093.5 0
4094.5 3
4095.5 -1.75
4096.5 0
4097.5 4
4098.5 1
4099.5 2
4100.5 0
4101.5 1
4102.5 0
4103.5 2
4104.5 0
4105.5 0.25
4106.5 0.25
4107.5 -0.75
4108.5 -4.25
4109.5 0.25
4110.5 0
4111.5 2
4112.5 -2.5
4113.5 0
4114.5 0
4115.5 2
4116.5 0
4117.5 -1.75
4118.5 2
4119.5 1.25
4120.5 0
4121.5 1
4122.5 0
4123.5 0.25
4124.5 -1.5
4125.5 0
4126.5 -2.5
4127.5 1
4128.5 -5.25
4129.5 2
4130.5 -4.25
4131.5 -0.75
4132.5 1
4133.5 -3.25
4134.5 1
4135.5 2
4136.5 -0.75
4137.5 -1.5
4138.5 -0.75
4139.5 1.25
4140.5 0
4141.5 0
4142.5 4
4143.5 2
4144.5 -0.75
4145.5 1
4146.5 -0.75
4147.5 -1.75
4148.5 -5
4149.5 0
4150.5 1.25
4151.5 -3.5
4152.5 -1.75
4153.5 0
4154.5 -0.75
4155.5 0
4156.5 -2.5
4157.5 0
4158.5 -0.75
4159.5 3
4160.5 2
4161.5 2
4162.5 -1.75
4163.5 2
4164.5 -3.5
4165.5 5.25
4166.5 0.25
4167.5 -0.75
4168.5 1.75
4169.5 -1.5
4170.5 5
4171.5 0
4172.5 -0.75
4173.5 -1.75
4174.5 0
4175.5 1
4176.5 -7.75
4177.5 0.25
4178.5 0
4179.5 1
4180.5 1
4181.5 0
4182.5 -3.5
4183.5 -1.5
4184.5 0
4185.5 2
4186.5 -0.75
4187.5 0
4188.5 -5
4189.5 2.25
4190.5 0
4191.5 0.25
4192.5 1
4193.5 0.25
4194.5 -1.75
4195.5 4
4196.5 1.25
4197.5 2
4198.5 0.25
4199.5 -1.75
4200.5 4
4201.5 2
4202.5 -0.75
4203.5 3
4204.5 -0.75
4205.5 4
4206.5 1
4207.5 2.25
4208.5 -1.5
4209.5 -3.25
4210.5 -0.5
4211.5 -1.75
4212.5 -2.5
4213.5 -1.75
4214.5 2.25
4215.5 -3.25
4216.5 -0.75
4217.5 -0.5
4218.5 3.25
4219.5 2.25
4220.5 -0.75
4221.5 -0.75
4222.5 1
4223.5 2
4224.5 1
4225.5 0.25
4226.5 -0.75
4227.5 1
4228.5 2
4229.5 -0.5
4230.5 0
4231.5 2
4232.5 0
4233.5 -5.25
4234.5 1.25
4235.5 -1.75
4236.5 -1.75
4237.5 1
4238.5 4
4239.5 -0.75
4240.5 -1.75
4241.5 1
4242.5 2
4243.5 -4.25
4244.5 -1.75
4245.5 -2.5
4246.5 1
4247.5 0
4248.5 3
4249.5 0
4250.5 3.25
4251.5 -0.75
4252.5 0
4253.5 -0.75
4254.5 -4.25
4255.5 -1.75
4256.5 -0.75
4257.5 0
4258.5 -0.75
4259.5 -2.5
4260.5 -0.75
4261.5 2.25
4262.5 -0.75
4263.5 -1.5
4264.5 4
4265.5 -1.5
4266.5 1.25
4267.5 2.25
4268.5 0
4269.5 -5.25
4270.5 5
4271.5 -1.75
4272.5 2
4273.5 0.25
4274.5 0
4275.5 -4.25
4276.5 -0.75
4277.5 0
4278.5 1
4279.5 -3.5
4280.5 1
4281.5 1
4282.5 2
4283.5 2
4284.5 -2.5
4285.5 0.25
4286.5 1
4287.5 -4.25
4288.5 0
4289.5 -0.5
4290.5 -0.75
4291.5 1.25
4292.5 0
4293.5 -2.5
4294.5 -1.5
4295.5 -0.75
4296.5 -0.75
4297.5 1
4298.5 -2.5
4299.5 0
4300.5 -1.5
4301.5 3.25
4302.5 -1.5
4303.5 -0.75
4304.5 -1.75
4305.5 1
4306.5 -4.25
4307.5 0
4308.5 1
4309.5 1
4310.5 -0.75
4311.5 0.25
4312.5 2
4313.5 -3.5
4314.5 0
4315.5 5
4316.5 -1.5
4317.5 2.25
4318.5 2
4319.5 2.25
4320.5 -0.75
4321.5 -3
4322.5 -7.75
4323.5 1
4324.5 3
4325.5 -0.75
4326.5 -0.75
4327.5 -3.5
4328.5 2
4329.5 -1.75
4330.5 1
4331.5 -0.75
4332.5 -1.5
4333.5 1
4334.5 -4.25
4335.5 0.25
4336.5 2
4337.5 -4.25
4338.5 1.25
4339.5 3
4340.5 2.25
4341.5 5
4342.5 2
4343.5 2
4344.5 -0.75
4345.5 0.5
4346.5 -1.5
4347.5 2
4348.5 2
4349.5 -1.75
4350.5 -0.75
4351.5 0
4352.5 0
4353.5 1
4354.5 1
4355.5 2
4356.5 1.25
4357.5 -1.75
4358.5 2
4359.5 2
4360.5 3
4361.5 0
4362.5 -5.25
4363.5 -0.75
4364.5 1.25
4365.5 1
4366.5 1.25
4367.5 1
4368.5 -1.75
4369.5 0
4370.5 2
4371.5 -2.5
4372.5 0
4373.5 0.25
4374.5 -1.75
4375.5 1
4376.5 2
4377.5 1.25
4378.5 -0.75
4379.5 2
4380.5 2
4381.5 3
4382.5 -0.75
4383.5 3
4384.5 0.25
4385.5 5
4386.5 0
4387.5 1
4388.5 -1.75
4389.5 -0.75
4390.5 4
4391.5 -2.5
4392.5 2
4393.5 -1.5
4394.5 -5.25
4395.5 1
4396.5 2
4397.5 1
4398.5 2
4399.5 1
4400.5 -2.5
4401.5 1
4402.5 0.25
4403.5 -0.75
4404.5 1
4405.5 1
4406.5 0
4407.5 1
4408.5 0
4409.5 0.25
4410.5 1
4411.5 -4.25
4412.5 -2.5
4413.5 -0.75
4414.5 -0.75
4415.5 -1.75
4416.5 -1.75
4417.5 1.25
4418.5 -1.75
4419.5 -1.75
4420.5 1.25
4421.5 0
4422.5 -1.75
4423.5 2
4424.5 1
4425.5 -0.75
4426.5 2
4427.5 1
4428.5 0
4429.5 -0.75
4430.5 0.25
4431.5 0.25
4432.5 0.25
4433.5 1
4434.5 1.25
4435.5 -0.5
4436.5 -0.75
4437.5 -4.25
4438.5 -1.75
4439.5 2
4440.5 0
4441.5 1
4442.5 -0.5
4443.5 -0.5
4444.5 0
4445.5 3
4446.5 1
4447.5 -0.75
4448.5 -1.75
4449.5 1
4450.5 1
4451.5 -1.75
4452.5 0
4453.5 -1.75
4454.5 -1.5
4455.5 -3.25
4456.5 4
4457.5 4
4458.5 3
4459.5 1.5
4460.5 -1.5
4461.5 0.25
4462.5 2
4463.5 -0.75
4464.5 1
4465.5 1.25
4466.5 -2.5
4467.5 0.25
4468.5 0.25
4469.5 -2.5
4470.5 2
4471.5 1
4472.5 1.25
4473.5 0.25
4474.5 0
4475.5 2
4476.5 0
4477.5 3
4478.5 1
4479.5 0
4480.5 2
4481.5 2
4482.5 -1.75
4483.5 2
4484.5 0
4485.5 -1.75
4486.5 -0.75
4487.5 -0.75
4488.5 -4.25
4489.5 2
4490.5 -2.5
4491.5 -0.75
4492.5 1
4493.5 1.25
4494.5 1
4495.5 -1.75
4496.5 1
4497.5 1
4498.5 0
4499.5 0.25
4500.5 1
4501.5 0
4502.5 -3.5
4503.5 1
4504.5 1
4505.5 -1.75
4506.5 -1.75
4507.5 1
4508.5 -0.75
4509.5 0
4510.5 -1.75
4511.5 1
4512.5 3
4513.5 0
4514.5 2
4515.5 0
4516.5 -0.75
4517.5 -1.75
4518.5 -4.25
4519.5 -4.25
4520.5 2
4521.5 1
4522.5 1.25
4523.5 1
4524.5 1
4525.5 -1.75
4526.5 0.25
4527.5 1
4528.5 0.25
4529.5 -0.75
4530.5 0
4531.5 2
4532.5 -0.75
4533.5 -0.75
4534.5 0
4535.5 1
4536.5 -1.75
4537.5 2
4538.5 -1.5
4539.5 2
4540.5 1
4541.5 1
4542.5 2
4543.5 -1.75
4544.5 -0.75
4545.5 -3.5
4546.5 0
4547.5 3
4548.5 -1.75
4549.5 0
4550.5 2
4551.5 2.25
4552.5 -6
4553.5 1.5
4554.5 -0.75
4555.5 3
4556.5 3
4557.5 -0.75
4558.5 1
4559.5 2.25
4560.5 1
4561.5 2
4562.5 1
4563.5 -5.25
4564.5 -0.25
4565.5 -1.5
4566.5 -2.5
4567.5 1
4568.5 2
4569.5 3
4570.5 0.25
4571.5 1
4572.5 -0.75
4573.5 0
4574.5 2
4575.5 -3.5
4576.5 2
4577.5 -0.75
4578.5 -7
4579.5 -1.75
4580.5 2
4581.5 6
4582.5 0
4583.5 -0.75
4584.5 1
4585.5 1
4586.5 -3.5
4587.5 1.25
4588.5 2
4589.5 1
4590.5 1
4591.5 -3.5
4592.5 1
4593.5 0.25
4594.5 0
4595.5 0
4596.5 -2.5
4597.5 2
4598.5 -1.75
4599.5 2
4600.5 1
4601.5 -0.75
4602.5 -1.75
4603.5 -1.75
4604.5 0
4605.5 -1.75
4606.5 2
4607.5 -0.75
4608.5 0
4609.5 2
4610.5 -3.5
4611.5 -0.75
4612.5 0.25
4613.5 1.25
4614.5 0.25
4615.5 -1.5
4616.5 0.25
4617.5 -2.5
4618.5 0
4619.5 0
4620.5 1
4621.5 -1.5
4622.5 2
4623.5 0.5
4624.5 -0.75
4625.5 0.25
4626.5 -1.75
4627.5 0
4628.5 0
4629.5 1
4630.5 -7
4631.5 -3.5
4632.5 0.25
4633.5 3
4634.5 -1.75
4635.5 1
4636.5 -1.75
4637.5 0.25
4638.5 0
4639.5 -0.75
4640.5 0
4641.5 2.25
4642.5 1
4643.5 0
4644.5 1
4645.5 1
4646.5 2
4647.5 1
4648.5 -1.5
4649.5 2
4650.5 1.25
4651.5 1
4652.5 4
4653.5 0.25
4654.5 -1.75
4655.5 0
4656.5 0
4657.5 0.25
4658.5 -0.75
4659.5 -0.5
4660.5 -0.75
4661.5 0.25
4662.5 1
4663.5 -1.75
4664.5 -0.5
4665.5 0
4666.5 -0.75
4667.5 1
4668.5 -5.25
4669.5 -0.5
4670.5 0
4671.5 -0.75
4672.5 0
4673.5 1
4674.5 1
4675.5 0
4676.5 2
4677.5 1
4678.5 -0.75
4679.5 0
4680.5 -5
4681.5 -0.75
4682.5 -0.75
4683.5 -0.75
4684.5 2
4685.5 0.25
4686.5 1
4687.5 1
4688.5 0
4689.5 1
4690.5 -1.75
4691.5 1
4692.5 1
4693.5 0
4694.5 0
4695.5 1
4696.5 -0.75
4697.5 -0.75
4698.5 0
4699.5 0.25
4700.5 -0.75
4701.5 -1.75
4702.5 -2.5
4703.5 -1.75
4704.5 1
4705.5 -0.75
4706.5 2
4707.5 1.25
4708.5 -1.75
4709.5 0.25
4710.5 -0.75
4711.5 2
4712.5 0.25
4713.5 -1.75
4714.5 -0.75
4715.5 -0.75
4716.5 0
4717.5 1
4718.5 0
4719.5 -0.75
4720.5 0
4721.5 0
4722.5 -1.75
4723.5 1
4724.5 0.25
4725.5 3
4726.5 1
4727.5 -2.5
4728.5 0
4729.5 -0.75
4730.5 0
4731.5 1
4732.5 0
4733.5 -3.5
4734.5 1
4735.5 2
4736.5 -0.75
4737.5 2
4738.5 0
4739.5 -0.75
4740.5 1.25
4741.5 -1.75
4742.5 1
4743.5 -1.75
4744.5 1
4745.5 0
4746.5 3
4747.5 0
4748.5 -1.75
4749.5 1
4750.5 -1.5
4751.5 -2.5
4752.5 -0.75
4753.5 1.25
4754.5 -3.5
4755.5 3
4756.5 0.25
4757.5 3
4758.5 1
4759.5 0
4760.5 -2.5
4761.5 0
4762.5 1
4763.5 0.25
4764.5 0.25
4765.5 0
4766.5 0.25
4767.5 1
4768.5 3
4769.5 3
4770.5 0
4771.5 1
4772.5 -0.75
4773.5 -0.75
4774.5 0
4775.5 -1.75
4776.5 1
4777.5 0
4778.5 -3.5
4779.5 2
4780.5 0
4781.5 -0.75
4782.5 -1.75
4783.5 3
4784.5 1
4785.5 0
4786.5 1
4787.5 1
4788.5 -1.75
4789.5 0.25
4790.5 -0.75
4791.5 -1.5
4792.5 1
4793.5 0.25
4794.5 -0.75
4795.5 -1.75
4796.5 1
4797.5 1
4798.5 0
4799.5 -0.75
4800.5 2
4801.5 -3.5
4802.5 -1.75
4803.5 1
4804.5 1
4805.5 -0.75
4806.5 -0.75
4807.5 -0.75
4808.5 0.25
4809.5 3
4810.5 1
4811.5 1
4812.5 -0.75
4813.5 2
4814.5 0
4815.5 3
4816.5 -1.75
4817.5 -3.5
4818.5 0
4819.5 -1.75
4820.5 1
4821.5 -0.75
4822.5 0
4823.5 -1.75
4824.5 -3.5
4825.5 1
4826.5 -2.5
4827.5 0
4828.5 2
4829.5 -3.5
4830.5 -0.75
4831.5 2
4832.5 0
4833.5 2
4834.5 0
4835.5 2.25
4836.5 2
4837.5 0.25
4838.5 1
4839.5 1
4840.5 1
4841.5 -0.75
4842.5 -3.5
4843.5 1.25
4844.5 -1.75
4845.5 -1.75
4846.5 1
4847.5 2
4848.5 0
4849.5 1
4850.5 -1.75
4851.5 -0.75
4852.5 -1.75
4853.5 0
4854.5 0
4855.5 0.25
4856.5 1.25
4857.5 -0.75
4858.5 1
4859.5 -1.75
4860.5 -0.75
4861.5 1
4862.5 1
4863.5 2
4864.5 1
4865.5 -0.75
4866.5 1
4867.5 1
4868.5 1
4869.5 0
4870.5 0
4871.5 0
4872.5 0
4873.5 2
4874.5 0
4875.5 0
4876.5 0
4877.5 0
4878.5 -2.5
4879.5 2
4880.5 2
4881.5 -1.5
4882.5 0
4883.5 -1.5
4884.5 1
4885.5 2
4886.5 5
4887.5 0
4888.5 0.25
4889.5 3
4890.5 1
4891.5 -2.5
4892.5 1
4893.5 2
4894.5 2
4895.5 -1.75
4896.5 1
4897.5 0
4898.5 -1.75
4899.5 2
4900.5 0
4901.5 1
4902.5 0
4903.5 1
4904.5 2
4905.5 -3.5
4906.5 -3.25
4907.5 2
4908.5 0
4909.5 3
4910.5 0
4911.5 1
4912.5 0
4913.5 0
4914.5 0
4915.5 -1.5
4916.5 0
4917.5 -0.75
4918.5 -0.5
4919.5 -5
4920.5 0
4921.5 -0.75
4922.5 1
4923.5 -0.75
4924.5 2
4925.5 -1.75
4926.5 1
4927.5 0
4928.5 0
4929.5 0.25
4930.5 -1.75
4931.5 1
4932.5 -3.5
4933.5 -0.75
4934.5 1
4935.5 -0.75
4936.5 1
4937.5 2
4938.5 3
4939.5 -1.5
4940.5 1
4941.5 4
4942.5 -2.5
4943.5 -2.5
4944.5 3
4945.5 -1.5
4946.5 2
4947.5 0
4948.5 -0.75
4949.5 3
4950.5 -3.5
4951.5 -3.5
4952.5 1
4953.5 0
4954.5 -1.75
4955.5 0
4956.5 -3.5
4957.5 0
4958.5 0
4959.5 -3.5
4960.5 0
4961.5 -1.75
4962.5 -0.75
4963.5 -1.75
4964.5 0
4965.5 1.25
4966.5 0
4967.5 0
4968.5 -1.75
4969.5 1
4970.5 0
4971.5 0
4972.5 0.25
4973.5 1
4974.5 1
4975.5 1
4976.5 1
4977.5 0.25
4978.5 1.25
4979.5 -3.5
4980.5 2
4981.5 -0.75
4982.5 -2.5
4983.5 1
4984.5 0.25
4985.5 1
4986.5 -1.5
4987.5 -0.75
4988.5 3
4989.5 2
4990.5 -0.75
4991.5 -0.75
4992.5 0
4993.5 0.25
4994.5 0
4995.5 1
4996.5 -1.75
4997.5 -7.75
4998.5 -2.5
4999.5 -0.75
5000.5 0.25
5001.5 1
5002.5 -2.5
5003.5 1
5004.5 -0.75
5005.5 0
5006.5 0
5007.5 -3.5
5008.5 0
5009.5 1
5010.5 1
5011.5 -1.75
5012.5 4
5013.5 1
5014.5 -1.75
5015.5 2
5016.5 1
5017.5 5
5018.5 1
5019.5 1
5020.5 -2.5
5021.5 -0.75
5022.5 -1.75
5023.5 0
5024.5 0
5025.5 -0.75
5026.5 -1.75
5027.5 0
5028.5 0
5029.5 -1.75
5030.5 1
5031.5 3
5032.5 2
5033.5 1
5034.5 -0.75
5035.5 0.25
5036.5 1
5037.5 0
5038.5 -0.75
5039.5 1
5040.5 1
5041.5 2
5042.5 2
5043.5 -0.75
5044.5 0
5045.5 -0.5
5046.5 2
5047.5 3
5048.5 -0.75
5049.5 2
5050.5 0
5051.5 0
5052.5 -1.75
5053.5 -1.75
5054.5 -1.5
5055.5 0
5056.5 2
5057.5 2
5058.5 1
5059.5 0
5060.5 2
5061.5 2
5062.5 -0.75
5063.5 2
5064.5 -1.75
5065.5 -2.5
5066.5 1
5067.5 -1.75
5068.5 -1.75
5069.5 0
5070.5 0.25
5071.5 0
5072.5 1
5073.5 -2.5
5074.5 1
5075.5 -1.75
5076.5 1
5077.5 0.25
5078.5 2
5079.5 -1.75
5080.5 2
5081.5 -1.75
5082.5 0
5083.5 1
5084.5 2
5085.5 0
5086.5 3
5087.5 -3.5
5088.5 2
5089.5 1
5090.5 -0.5
5091.5 1
5092.5 -2.5
5093.5 0
5094.5 1
5095.5 1
5096.5 1
5097.5 -1.75
5098.5 0
5099.5 -0.75
5100.5 1
5101.5 0.25
5102.5 -1.75
5103.5 -5.25
5104.5 0.25
5105.5 -1.75
5106.5 4
5107.5 2
5108.5 1
5109.5 -1.75
5110.5 2
5111.5 0
5112.5 0
5113.5 1
5114.5 0
5115.5 -0.75
5116.5 -0.75
5117.5 0.25
5118.5 -0.75
5119.5 2
5120.5 2
5121.5 -0.75
5122.5 0
5123.5 1
5124.5 0.25
5125.5 2
5126.5 -0.75
5127.5 -0.75
5128.5 -1.75
5129.5 0
5130.5 1
5131.5 -3.5
5132.5 0
5133.5 0.25
5134.5 -1.75
5135.5 0
5136.5 4
5137.5 1
5138.5 0.25
5139.5 0
5140.5 0
5141.5 0
5142.5 0
5143.5 0
5144.5 2
5145.5 -1.75
5146.5 -3.5
5147.5 1
5148.5 1.25
5149.5 -0.75
5150.5 0
5151.5 0.5
5152.5 0
5153.5 -0.75
5154.5 0
5155.5 -0.75
5156.5 1
5157.5 1
5158.5 -1.5
5159.5 2
5160.5 1
5161.5 1.25
5162.5 0
5163.5 -5
5164.5 -2.5
5165.5 1
5166.5 1
5167.5 0
5168.5 1
5169.5 0
5170.5 -0.75
5171.5 -0.75
5172.5 -1.75
5173.5 0
5174.5 0
5175.5 0
5176.5 0
5177.5 0
5178.5 0
5179.5 2
5180.5 0
5181.5 0.25
5182.5 1
5183.5 0
5184.5 0
5185.5 1
5186.5 0
5187.5 -1.75
5188.5 -0.75
5189.5 2
5190.5 2
5191.5 1
5192.5 0
5193.5 0
5194.5 3
5195.5 0.25
5196.5 -1.5
5197.5 -1.5
5198.5 -1.75
5199.5 2
5200.5 1
5201.5 1
5202.5 0
5203.5 0
5204.5 -0.75
5205.5 1
5206.5 0
5207.5 0
5208.5 0
5209.5 3
5210.5 0
5211.5 2
5212.5 -1.75
5213.5 1
5214.5 -0.75
5215.5 -1.75
5216.5 -0.75
5217.5 0
5218.5 0
5219.5 0.25
5220.5 0
5221.5 2
5222.5 0
5223.5 -2.5
5224.5 0
5225.5 -0.75
5226.5 1
5227.5 1
5228.5 1
5229.5 -3.5
5230.5 0.25
5231.5 -2.5
5232.5 -1.75
5233.5 1.25
5234.5 0.25
5235.5 -3.5
5236.5 -1.75
5237.5 1
5238.5 -0.75
5239.5 -0.75
5240.5 1
5241.5 0
5242.5 1
5243.5 2
5244.5 0.25
5245.5 1
5246.5 2
5247.5 2
5248.5 2
5249.5 1
5250.5 1
5251.5 -0.75
5252.5 -0.75
5253.5 1
5254.5 -1.75
5255.5 1
5256.5 0
5257.5 0
5258.5 -1.75
5259.5 2
5260.5 -1.75
5261.5 1
5262.5 -1.75
5263.5 4
5264.5 0
5265.5 0.25
5266.5 1
5267.5 -1.75
5268.5 1
5269.5 3
5270.5 1
5271.5 -0.75
5272.5 0
5273.5 1
5274.5 1
5275.5 -1.75
5276.5 -1.75
5277.5 0
5278.5 1
5279.5 1
5280.5 -3.5
5281.5 -2.5
5282.5 1
5283.5 0
5284.5 0
5285.5 -1.5
5286.5 0
5287.5 -1.5
5288.5 -1.75
5289.5 1
5290.5 2
5291.5 2
5292.5 2
5293.5 -3.5
5294.5 -0.75
5295.5 1
5296.5 0
5297.5 0
5298.5 2
5299.5 0
5300.5 2
5301.5 1
5302.5 -1.75
5303.5 1
5304.5 -1.75
5305.5 1.25
5306.5 3
5307.5 -1.75
5308.5 -0.75
5309.5 -1.75
5310.5 3
5311.5 -0.75
5312.5 1
5313.5 -0.75
5314.5 1.25
5315.5 -2.5
5316.5 -1.75
5317.5 1
5318.5 0
5319.5 0.25
5320.5 -0.75
5321.5 0
5322.5 2
5323.5 1
5324.5 -0.75
5325.5 -1.75
5326.5 -0.75
5327.5 0
5328.5 1
5329.5 0
5330.5 3
5331.5 -0.75
5332.5 -0.75
5333.5 -2.5
5334.5 1
5335.5 -1.75
5336.5 1
5337.5 1
5338.5 -1.75
5339.5 0
5340.5 0.25
5341.5 2
5342.5 -2.5
5343.5 1
5344.5 1
5345.5 0.25
5346.5 1
5347.5 2
5348.5 1
5349.5 1
5350.5 -3.5
5351.5 -1.5
5352.5 -2.5
5353.5 3
5354.5 -1.5
5355.5 3.25
5356.5 -0.5
5357.5 -1.5
5358.5 -3.5
5359.5 2
5360.5 2
5361.5 1
5362.5 0
5363.5 0
5364.5 0.25
5365.5 0
5366.5 1
5367.5 0
5368.5 0.25
5369.5 1
5370.5 0
5371.5 0
5372.5 1
5373.5 -0.75
5374.5 0
5375.5 0
5376.5 0
5377.5 1
5378.5 1
5379.5 -1.75
5380.5 0
5381.5 1
5382.5 0
5383.5 0
5384.5 1
5385.5 -1.75
5386.5 2
5387.5 0
5388.5 -0.75
5389.5 3.25
5390.5 2
5391.5 -3.25
5392.5 -2.5
5393.5 1
5394.5 5
5395.5 -1.75
5396.5 3.5
5397.5 0.5
5398.5 5
5399.5 -0.75
5400.5 -2.5
5401.5 1
5402.5 2
5403.5 1
5404.5 0.25
5405.5 2
5406.5 1
5407.5 -1.75
5408.5 0.25
5409.5 0.25
5410.5 -1.75
5411.5 1
5412.5 0
5413.5 1
5414.5 0
5415.5 1
5416.5 -1.75
5417.5 2
5418.5 0
5419.5 0
5420.5 1
5421.5 0
5422.5 1
5423.5 2
5424.5 1
5425.5 1
5426.5 0
5427.5 -1.75
5428.5 1
5429.5 -1.75
5430.5 2
5431.5 0
5432.5 0
5433.5 0
5434.5 2
5435.5 0
5436.5 3
5437.5 -1.75
5438.5 0
5439.5 0
5440.5 -3.5
5441.5 0
5442.5 1
5443.5 -3.5
5444.5 1
5445.5 0
5446.5 -1.75
5447.5 1.25
5448.5 -3.5
5449.5 0
5450.5 0
5451.5 -3.5
5452.5 1
5453.5 0
5454.5 -4.25
5455.5 -1.75
5456.5 1
5457.5 0
5458.5 -1.5
5459.5 1.25
5460.5 -1.75
5461.5 1
5462.5 -1.75
5463.5 2
5464.5 -0.75
5465.5 1
5466.5 3
5467.5 -0.75
5468.5 1
5469.5 0.25
5470.5 0.25
5471.5 1
5472.5 -0.75
5473.5 0.25
5474.5 1
5475.5 1
5476.5 0
5477.5 0.25
5478.5 1
5479.5 -0.75
5480.5 0
5481.5 1
5482.5 0
5483.5 0
5484.5 2
5485.5 1
5486.5 1
5487.5 -1.5
5488.5 -4.25
5489.5 2
5490.5 2
5491.5 0.25
5492.5 -1.5
5493.5 -1.75
5494.5 -1.75
5495.5 2
5496.5 0
5497.5 0
5498.5 0
5499.5 0
5500.5 0
5501.5 -2.5
5502.5 0
5503.5 -1.75
5504.5 1
5505.5 0
5506.5 3
5507.5 2
5508.5 1
5509.5 -1.75
5510.5 1
5511.5 -1.75
5512.5 -1.75
5513.5 1
5514.5 1
5515.5 -3.5
5516.5 2
5517.5 2
5518.5 0
5519.5 2
5520.5 0
5521.5 1
5522.5 -1.75
5523.5 2
5524.5 0
5525.5 2
5526.5 -0.75
5527.5 2
5528.5 -0.75
5529.5 -0.75
5530.5 0
5531.5 1
5532.5 0
5533.5 -1.75
5534.5 1.25
5535.5 5
5536.5 0
5537.5 0.25
5538.5 1
5539.5 -0.75
5540.5 0.25
5541.5 -1.75
5542.5 -1.75
5543.5 -0.75
5544.5 0
5545.5 1
5546.5 -1.75
5547.5 -3.5
5548.5 -1.75
5549.5 3
5550.5 0
5551.5 0
5552.5 -0.75
5553.5 2
5554.5 1
5555.5 0
5556.5 -3.5
5557.5 -0.75
5558.5 1.25
5559.5 2
5560.5 0.25
5561.5 -0.75
5562.5 0
5563.5 -1.75
5564.5 1
5565.5 -1.75
5566.5 1
5567.5 0
5568.5 0
5569.5 0
5570.5 -1.75
5571.5 -1.75
5572.5 -1.75
5573.5 -0.75
5574.5 -1.75
5575.5 -0.5
5576.5 0
5577.5 2
5578.5 -2.5
5579.5 4
5580.5 1.25
5581.5 1
5582.5 0.25
5583.5 0
5584.5 -2.5
5585.5 -0.75
5586.5 -3.5
5587.5 -1.75
5588.5 0
5589.5 -2.5
5590.5 1
5591.5 -1.75
5592.5 1.25
5593.5 -0.75
5594.5 1
5595.5 0.25
5596.5 1
5597.5 0
5598.5 0
5599.5 -0.75
5600.5 0.25
5601.5 1
5602.5 3
5603.5 -2.5
5604.5 -4.25
5605.5 1
5606.5 1
5607.5 -1.75
5608.5 1
5609.5 1
5610.5 4
5611.5 2.25
5612.5 -3.5
5613.5 3
5614.5 -1.75
5615.5 0
5616.5 0
5617.5 -2.5
5618.5 1
5619.5 0
5620.5 0
5621.5 1
5622.5 1
5623.5 0
5624.5 -3.5
5625.5 1
5626.5 -1.75
5627.5 -3.5
5628.5 1
5629.5 -0.75
5630.5 0
5631.5 0
5632.5 0.25
5633.5 1
5634.5 0
5635.5 0
5636.5 1
5637.5 1
5638.5 1
5639.5 0
5640.5 2
5641.5 0
5642.5 0
5643.5 1
5644.5 -1.75
5645.5 -1.75
5646.5 -3.5
5647.5 0
5648.5 1
5649.5 -1.75
5650.5 1
5651.5 1
5652.5 0.25
5653.5 1.25
5654.5 0
5655.5 -0.75
5656.5 2
5657.5 -0.75
5658.5 1
5659.5 2
5660.5 0
5661.5 0
5662.5 0
5663.5 -1.75
5664.5 1
5665.5 2
5666.5 0.25
5667.5 1
5668.5 -1.75
5669.5 -0.75
5670.5 0
5671.5 -0.75
5672.5 1
5673.5 0
5674.5 -0.75
5675.5 3
5676.5 -0.75
5677.5 -1.75
5678.5 1
5679.5 0
5680.5 2
5681.5 1
5682.5 0
5683.5 0
5684.5 2
5685.5 -1.75
5686.5 3
5687.5 1
5688.5 2
5689.5 -1.75
5690.5 1
5691.5 -1.75
5692.5 1
5693.5 1
5694.5 -0.75
5695.5 0
5696.5 1
5697.5 0
5698.5 -0.75
5699.5 2
5700.5 -0.75
5701.5 -1.75
5702.5 0
5703.5 1
5704.5 2
5705.5 -0.75
5706.5 0
5707.5 -2.5
5708.5 -1.75
5709.5 -0.75
5710.5 -1.75
5711.5 -1.75
5712.5 0
5713.5 2
5714.5 2
5715.5 0
5716.5 2
5717.5 0
5718.5 1
5719.5 -0.75
5720.5 0
5721.5 1
5722.5 0
5723.5 1
5724.5 -0.75
5725.5 -0.75
5726.5 1
5727.5 2
5728.5 0
5729.5 0
5730.5 -1.75
5731.5 0
5732.5 -5.25
5733.5 -0.75
5734.5 1.25
5735.5 -1.75
5736.5 0.25
5737.5 -1.75
5738.5 0.25
5739.5 0
5740.5 1
5741.5 -1.75
5742.5 0.25
5743.5 0
5744.5 1
5745.5 1
5746.5 0.25
5747.5 1
5748.5 1
5749.5 -5.25
5750.5 2
5751.5 0
5752.5 1
5753.5 -0.75
5754.5 2
5755.5 1
5756.5 -1.75
5757.5 0.25
5758.5 2
5759.5 0
5760.5 0
5761.5 -1.75
5762.5 0
5763.5 -1.75
5764.5 0
5765.5 1
5766.5 1
5767.5 1
5768.5 0
5769.5 0
5770.5 0
5771.5 0
5772.5 1
5773.5 0
5774.5 1
5775.5 0
5776.5 0
5777.5 -0.75
5778.5 -0.75
5779.5 1
5780.5 -0.75
5781.5 2
5782.5 0
5783.5 0
5784.5 0
5785.5 0
5786.5 -3.5
5787.5 0
5788.5 1
5789.5 0
5790.5 0
5791.5 0
5792.5 0
5793.5 -0.75
5794.5 1
5795.5 3
5796.5 -0.75
5797.5 0
5798.5 0
5799.5 0
5800.5 0
5801.5 -1.75
5802.5 1
5803.5 1
5804.5 -5.25
5805.5 1
5806.5 -3.5
5807.5 2
5808.5 0
5809.5 0
5810.5 0
5811.5 1
5812.5 0
5813.5 1
5814.5 1
5815.5 1
5816.5 0
5817.5 -0.75
5818.5 2
5819.5 0
5820.5 1
5821.5 0
5822.5 2
5823.5 1
5824.5 1
5825.5 1
5826.5 0
5827.5 0
5828.5 -1.75
5829.5 1
5830.5 1
5831.5 -2.5
5832.5 -1.75
5833.5 1
5834.5 0
5835.5 0
5836.5 2
5837.5 2
5838.5 -0.75
5839.5 -3.5
5840.5 -2.5
5841.5 2
5842.5 -1.5
5843.5 0.25
5844.5 -1.75
5845.5 -1.75
5846.5 1
5847.5 1
5848.5 -1.75
5849.5 1
5850.5 1
5851.5 0
5852.5 -1.75
5853.5 0
5854.5 0
5855.5 -1.75
5856.5 2
5857.5 0
5858.5 0
5859.5 1
5860.5 0
5861.5 -0.75
5862.5 -1.75
5863.5 1
5864.5 -1.75
5865.5 0
5866.5 1
5867.5 1
5868.5 -1.75
5869.5 -1.75
5870.5 3
5871.5 1
5872.5 -1.75
5873.5 -1.75
5874.5 1
5875.5 0
5876.5 -0.75
5877.5 1
5878.5 0
5879.5 0
5880.5 1
5881.5 1
5882.5 1
5883.5 0
5884.5 0
5885.5 0
5886.5 0
5887.5 0
5888.5 -1.75
5889.5 0
5890.5 1
5891.5 1
5892.5 1
5893.5 1
5894.5 -2.5
5895.5 -1.75
5896.5 0.25
5897.5 0.25
5898.5 -7
5899.5 2.25
5900.5 -9.5
5901.5 4
5902.5 2.25
5903.5 1
5904.5 0
5905.5 -0.5
5906.5 1
5907.5 -0.75
5908.5 -0.75
5909.5 1
5910.5 1.25
5911.5 0
5912.5 -0.75
5913.5 2
5914.5 -0.75
5915.5 0
5916.5 1
5917.5 0
5918.5 1
5919.5 -1.75
5920.5 -1.75
5921.5 0
5922.5 -0.75
5923.5 1
5924.5 1
5925.5 -1.75
5926.5 0
5927.5 0
5928.5 1
5929.5 -1.75
5930.5 1
5931.5 1
5932.5 3
5933.5 1
5934.5 1
5935.5 1
5936.5 1
5937.5 1
5938.5 0
5939.5 2
5940.5 0
5941.5 1
5942.5 1
5943.5 0
5944.5 0
5945.5 -0.75
5946.5 0
5947.5 0
5948.5 3
5949.5 0
5950.5 -3.5
5951.5 -1.75
5952.5 0
5953.5 2
5954.5 2
5955.5 1
5956.5 -1.75
5957.5 0
5958.5 1
5959.5 0
5960.5 0.25
5961.5 -5.25
5962.5 1
5963.5 -1.75
5964.5 -1.75
5965.5 -1.75
5966.5 0
5967.5 -3.25
5968.5 1.25
5969.5 0
5970.5 0
5971.5 -2.5
5972.5 1
5973.5 1
5974.5 0
5975.5 0
5976.5 1
5977.5 1
5978.5 1
5979.5 3
5980.5 -1.75
5981.5 1
5982.5 1
5983.5 0
5984.5 1
5985.5 0
5986.5 0
5987.5 0
5988.5 -1.75
5989.5 0
5990.5 1
5991.5 0
5992.5 0
5993.5 0
5994.5 0
5995.5 1
5996.5 -0.75
5997.5 1
5998.5 3
5999.5 3
6000.5 -1.25
6001.5 -3.25
6002.5 -5
6003.5 3
6004.5 1
6005.5 0
6006.5 -0.75
6007.5 0
6008.5 -1.5
6009.5 0
6010.5 2
6011.5 1
6012.5 1
6013.5 0
6014.5 -1.75
6015.5 0
6016.5 0
6017.5 -1.75
6018.5 -3.5
6019.5 0
6020.5 -0.75
6021.5 -2.5
6022.5 0
6023.5 0
6024.5 -0.75
6025.5 1
6026.5 2
6027.5 1
6028.5 1
6029.5 1
6030.5 2
6031.5 1
6032.5 2
6033.5 -0.5
6034.5 3
6035.5 0
6036.5 1.25
6037.5 0
6038.5 -3.5
6039.5 1
6040.5 4
6041.5 0
6042.5 0
6043.5 -0.75
6044.5 -1.75
6045.5 -1.75
6046.5 1
6047.5 -1.75
6048.5 1
6049.5 1
6050.5 0
6051.5 1
6052.5 -1.75
6053.5 -1.75
6054.5 0
6055.5 0
6056.5 0
6057.5 2
6058.5 0
6059.5 1
6060.5 0
6061.5 1
6062.5 0
6063.5 0
6064.5 -1.75
6065.5 1
6066.5 0
6067.5 0
6068.5 0
6069.5 -1.75
6070.5 0
6071.5 0
6072.5 0
6073.5 -0.75
6074.5 -1.75
6075.5 -1.75
6076.5 0
6077.5 0
6078.5 -1.75
6079.5 1
6080.5 0
6081.5 1
6082.5 0
6083.5 0
6084.5 1
6085.5 0
6086.5 -1.75
6087.5 0.25
6088.5 2
6089.5 0.25
6090.5 2
6091.5 -1.75
6092.5 0
6093.5 1
6094.5 2
6095.5 0
6096.5 -1.75
6097.5 1
6098.5 0
6099.5 0
6100.5 0
6101.5 -1.75
6102.5 1
6103.5 2
6104.5 1
6105.5 -1.75
6106.5 -2.5
6107.5 -3.5
6108.5 1
6109.5 2
6110.5 1
6111.5 1.25
6112.5 4
6113.5 0
6114.5 0
6115.5 0
6116.5 0
6117.5 -1.5
6118.5 -2.5
6119.5 -1.75
6120.5 2
6121.5 0.25
6122.5 0
6123.5 0
6124.5 0.25
6125.5 1
6126.5 1
6127.5 0
6128.5 -1.75
6129.5 0
6130.5 0
6131.5 1
6132.5 0
6133.5 0
6134.5 0
6135.5 0
6136.5 -0.75
6137.5 -0.75
6138.5 -1.75
6139.5 0
6140.5 -1.75
6141.5 -1.75
6142.5 1
6143.5 1
6144.5 0
6145.5 0
6146.5 -1.75
6147.5 1
6148.5 1
6149.5 0
6150.5 0
6151.5 -0.75
6152.5 0
6153.5 0
6154.5 -0.75
6155.5 -1.75
6156.5 0
6157.5 1
6158.5 0
6159.5 1
6160.5 -1.75
6161.5 -1.75
6162.5 0
6163.5 0
6164.5 0
6165.5 0
6166.5 0
6167.5 0
6168.5 0
6169.5 -0.75
6170.5 0
6171.5 0
6172.5 1
6173.5 0
6174.5 0
6175.5 0
6176.5 -1.75
6177.5 3
6178.5 -1.75
6179.5 -0.75
6180.5 -3.5
6181.5 0
6182.5 1
6183.5 2
6184.5 -0.75
6185.5 1
6186.5 1
6187.5 0
6188.5 1
6189.5 -1.75
6190.5 -1.75
6191.5 0
6192.5 -1.75
6193.5 1
6194.5 0
6195.5 1
6196.5 -2.5
6197.5 0
6198.5 0
6199.5 -1.75
6200.5 0
6201.5 1
6202.5 2
6203.5 0
6204.5 -1.75
6205.5 0
6206.5 0
6207.5 0
6208.5 0
6209.5 0
6210.5 0
6211.5 0
6212.5 3
6213.5 0
6214.5 1
6215.5 0
6216.5 0
6217.5 1
6218.5 0
6219.5 0
6220.5 -1.75
6221.5 1
6222.5 -1.75
6223.5 1
6224.5 -0.75
6225.5 1
6226.5 2
6227.5 1
6228.5 2
6229.5 2
6230.5 -0.75
6231.5 -0.75
6232.5 0.25
6233.5 0
6234.5 1
6235.5 0
6236.5 -0.75
6237.5 -1.75
6238.5 -1.75
6239.5 0
6240.5 0
6241.5 -0.75
6242.5 1
6243.5 -1.75
6244.5 2
6245.5 0
6246.5 0
6247.5 2
6248.5 -1.75
6249.5 0
6250.5 0
6251.5 0
6252.5 0
6253.5 -3.5
6254.5 0
6255.5 -1.75
6256.5 1
6257.5 0
6258.5 2
6259.5 1
6260.5 1
6261.5 -0.75
6262.5 2
6263.5 0
6264.5 0
6265.5 -0.75
6266.5 -0.75
6267.5 -0.75
6268.5 0
6269.5 1
6270.5 0
6271.5 1
6272.5 0
6273.5 1
6274.5 0
6275.5 1
6276.5 -3.5
6277.5 0
6278.5 0
6279.5 0
6280.5 0
6281.5 -1.75
6282.5 0
6283.5 1
6284.5 0
6285.5 0
6286.5 0
6287.5 0
6288.5 0
6289.5 0
6290.5 -1.75
6291.5 -1.75
6292.5 0
6293.5 1
6294.5 1
6295.5 0
6296.5 0
6297.5 -1.75
6298.5 1
6299.5 0
6300.5 2
6301.5 -1.75
6302.5 0
6303.5 1
6304.5 0
6305.5 0
6306.5 0
6307.5 0
6308.5 -1.75
6309.5 0
6310.5 0
6311.5 0
6312.5 0.25
6313.5 0
6314.5 0
6315.5 0
6316.5 0
6317.5 1
6318.5 0
6319.5 -1.75
6320.5 0
6321.5 0
6322.5 2
6323.5 1
6324.5 0
6325.5 -1.75
6326.5 -1.75
6327.5 -0.75
6328.5 1
6329.5 2
6330.5 0
6331.5 -0.75
6332.5 1
6333.5 0
6334.5 0
6335.5 0
6336.5 2
6337.5 -1.75
6338.5 0
6339.5 0
6340.5 1
6341.5 1
6342.5 0
6343.5 1
6344.5 1
6345.5 2
6346.5 0
6347.5 0
6348.5 1
6349.5 -2.5
6350.5 0
6351.5 0
6352.5 0
6353.5 2
6354.5 2
6355.5 0
6356.5 -0.75
6357.5 0
6358.5 1
6359.5 2
6360.5 0
6361.5 0
6362.5 1
6363.5 -0.75
6364.5 -0.75
6365.5 0
6366.5 0
6367.5 2
6368.5 1
6369.5 1
6370.5 1
6371.5 0
6372.5 0
6373.5 0
6374.5 1
6375.5 1
6376.5 0
6377.5 0
6378.5 3
6379.5 0
6380.5 1
6381.5 0
6382.5 -1.75
6383.5 0
6384.5 1
6385.5 2
6386.5 0
6387.5 0
6388.5 1
6389.5 0
6390.5 0
6391.5 0
6392.5 0
6393.5 1
6394.5 -1.75
6395.5 0
6396.5 0
6397.5 0
6398.5 -0.75
6399.5 -1.75
6400.5 0
6401.5 1
6402.5 0
6403.5 0
6404.5 -1.75
6405.5 0
6406.5 0
6407.5 1
6408.5 1
6409.5 0
6410.5 0
6411.5 0
6412.5 -0.75
6413.5 0
6414.5 -1.75
6415.5 1
6416.5 1
6417.5 0
6418.5 -0.5
6419.5 0.25
6420.5 -0.75
6421.5 -1.75
6422.5 0
6423.5 2
6424.5 0
6425.5 0
6426.5 0
6427.5 0
6428.5 0
6429.5 1
6430.5 0
6431.5 1
6432.5 0
6433.5 0
6434.5 -1.75
6435.5 0
6436.5 1
6437.5 3
6438.5 0
6439.5 0
6440.5 -2.5
6441.5 2
6442.5 1
6443.5 0
6444.5 0
6445.5 1
6446.5 0
6447.5 1
6448.5 0
6449.5 0
6450.5 -0.75
6451.5 0
6452.5 1
6453.5 0
6454.5 0
6455.5 0
6456.5 0
6457.5 0
6458.5 0
6459.5 0
6460.5 -1.75
6461.5 0
6462.5 0
6463.5 -1.75
6464.5 0
6465.5 -1.75
6466.5 0
6467.5 1
6468.5 2
6469.5 0
6470.5 0
6471.5 1
6472.5 2
6473.5 1
6474.5 0
6475.5 0.25
6476.5 0
6477.5 -1.75
6478.5 0
6479.5 1
6480.5 3
6481.5 0
6482.5 1
6483.5 2
6484.5 0
6485.5 1
6486.5 0
6487.5 1
6488.5 -1.75
6489.5 0
6490.5 0
6491.5 0
6492.5 0
6493.5 0
6494.5 0
6495.5 1
6496.5 0
6497.5 0
6498.5 0
6499.5 -3.5
6500.5 0
6501.5 1
6502.5 0
6503.5 0
6504.5 0
6505.5 2
6506.5 0
6507.5 0
6508.5 0
6509.5 0
6510.5 0
6511.5 1
6512.5 0
6513.5 0
6514.5 0
6515.5 2
6516.5 0
6517.5 0
6518.5 0
6519.5 1
6520.5 1
6521.5 0
6522.5 0
6523.5 0
6524.5 0
6525.5 -1.75
6526.5 0
6527.5 -0.75
6528.5 0
6529.5 0
6530.5 1
6531.5 -1.75
6532.5 -1.75
6533.5 -0.75
6534.5 0
6535.5 0
6536.5 0
6537.5 0
6538.5 0
6539.5 0
6540.5 0
6541.5 0
6542.5 0
6543.5 1
6544.5 1
6545.5 -3.5
6546.5 2
6547.5 1
6548.5 -3.5
6549.5 0
6550.5 1
6551.5 1
6552.5 0
6553.5 1
6554.5 -0.75
6555.5 0
6556.5 0
6557.5 0
6558.5 0
6559.5 0
6560.5 0
6561.5 0
6562.5 1
6563.5 0
6564.5 1
6565.5 0
6566.5 -0.75
6567.5 0
6568.5 2.25
6569.5 0
6570.5 0
6571.5 0
6572.5 0
6573.5 1
6574.5 0
6575.5 0
6576.5 0
6577.5 1
6578.5 0
6579.5 0
6580.5 0
6581.5 -1.75
6582.5 0
6583.5 0
6584.5 -0.75
6585.5 0
6586.5 3
6587.5 0
6588.5 0
6589.5 0
6590.5 0
6591.5 -0.75
6592.5 1
6593.5 0
6594.5 0
6595.5 0
6596.5 0
6597.5 0
6598.5 -1.75
6599.5 1
6600.5 -1.75
6601.5 -1.75
6602.5 2
6603.5 0
6604.5 1
6605.5 0
6606.5 0
6607.5 -1.75
6608.5 0
6609.5 0
6610.5 0
6611.5 0
6612.5 0
6613.5 -0.75
6614.5 0
6615.5 1
6616.5 0
6617.5 0
6618.5 0
6619.5 0
6620.5 0
6621.5 3
6622.5 0
6623.5 0
6624.5 1
6625.5 -1.75
6626.5 0
6627.5 1
6628.5 -1.75
6629.5 0
6630.5 0
6631.5 -1.75
6632.5 -0.75
6633.5 0
6634.5 0
6635.5 0
6636.5 -3.5
6637.5 0
6638.5 -1.75
6639.5 1
6640.5 0
6641.5 0
6642.5 0
6643.5 0
6644.5 0
6645.5 0
6646.5 1
6647.5 1
6648.5 -0.75
6649.5 0
6650.5 2
6651.5 -1.75
6652.5 0
6653.5 0
6654.5 0
6655.5 0
6656.5 0
6657.5 0
6658.5 0
6659.5 1
6660.5 2
6661.5 1
6662.5 0
6663.5 0.25
6664.5 0
6665.5 0
6666.5 0
6667.5 0
6668.5 1
6669.5 0
6670.5 1
6671.5 0
6672.5 1
6673.5 0
6674.5 0
6675.5 1
6676.5 0
6677.5 0
6678.5 1
6679.5 2
6680.5 0
6681.5 2
6682.5 0.25
6683.5 0
6684.5 1
6685.5 0
6686.5 1
6687.5 2
6688.5 -1.75
6689.5 1
6690.5 1
6691.5 0
6692.5 0
6693.5 0
6694.5 -1.75
6695.5 0.25
6696.5 0
6697.5 -1.75
6698.5 0
6699.5 0
6700.5 -1.75
6701.5 -1.75
6702.5 1
6703.5 2
6704.5 3
6705.5 0
6706.5 -0.75
6707.5 3
6708.5 -1.75
6709.5 -3.5
6710.5 0
6711.5 -0.75
6712.5 0
6713.5 -0.75
6714.5 0
6715.5 0
6716.5 0
6717.5 0
6718.5 1
6719.5 0
6720.5 1
6721.5 0
6722.5 1
6723.5 1
6724.5 0
6725.5 0
6726.5 0
6727.5 1
6728.5 0
6729.5 0
6730.5 0
6731.5 1
6732.5 0
6733.5 1
6734.5 0
6735.5 1
6736.5 -0.75
6737.5 0
6738.5 0
6739.5 1
6740.5 0
6741.5 0
6742.5 0
6743.5 0
6744.5 0
6745.5 1
6746.5 0
6747.5 0
6748.5 1
6749.5 -1.75
6750.5 0
6751.5 -0.75
6752.5 -1.75
6753.5 2
6754.5 -1.75
6755.5 0
6756.5 0
6757.5 1
6758.5 0
6759.5 2
6760.5 1
6761.5 0
6762.5 2
6763.5 0
6764.5 -3.5
6765.5 -0.75
6766.5 -1.75
6767.5 1
6768.5 1
6769.5 2
6770.5 0
6771.5 0
6772.5 1
6773.5 0
6774.5 1
6775.5 0
6776.5 0
6777.5 1
6778.5 0
6779.5 1
6780.5 0
6781.5 0
6782.5 1
6783.5 1
6784.5 -2.5
6785.5 -0.75
6786.5 1
6787.5 0
6788.5 -0.75
6789.5 0
6790.5 0
6791.5 0
6792.5 1
6793.5 0
6794.5 0
6795.5 1
6796.5 1
6797.5 0
6798.5 1
6799.5 -1.75
6800.5 0
6801.5 0
6802.5 1
6803.5 0
6804.5 0
6805.5 0
6806.5 0
6807.5 1
6808.5 0
6809.5 0
6810.5 0
6811.5 0
6812.5 2
6813.5 0
6814.5 0
6815.5 -1.75
6816.5 0
6817.5 0
6818.5 0
6819.5 1
6820.5 0
6821.5 0
6822.5 2
6823.5 0
6824.5 0
6825.5 0
6826.5 -1.75
6827.5 1
6828.5 1
6829.5 0
6830.5 0
6831.5 0
6832.5 0
6833.5 1
6834.5 0
6835.5 0
6836.5 0.25
6837.5 1
6838.5 1.25
6839.5 -1.75
6840.5 0
6841.5 0
6842.5 0
6843.5 0
6844.5 -1.75
6845.5 0
6846.5 1
6847.5 0
6848.5 0
6849.5 0
6850.5 -1.75
6851.5 2
6852.5 -0.75
6853.5 0
6854.5 0
6855.5 -0.75
6856.5 1
6857.5 0
6858.5 0.25
6859.5 0
6860.5 0
6861.5 -3.5
6862.5 -1.75
6863.5 0
6864.5 1
6865.5 0
6866.5 0
6867.5 0
6868.5 0
6869.5 0
6870.5 0
6871.5 0
6872.5 0
6873.5 0
6874.5 -1.75
6875.5 0
6876.5 1
6877.5 1
6878.5 0
6879.5 2
6880.5 0
6881.5 1
6882.5 0
6883.5 0
6884.5 0
6885.5 -3.5
6886.5 1
6887.5 1
6888.5 0
6889.5 0
6890.5 -1.75
6891.5 0
6892.5 0
6893.5 0
6894.5 0
6895.5 0
6896.5 0
6897.5 1
6898.5 2
6899.5 2
6900.5 2
6901.5 1
6902.5 0.25
6903.5 0
6904.5 0
6905.5 0
6906.5 1
6907.5 -0.75
6908.5 1
6909.5 0
6910.5 -1.75
6911.5 0
6912.5 1
6913.5 0
6914.5 2
6915.5 1
6916.5 0
6917.5 0
6918.5 0
6919.5 0
6920.5 0
6921.5 0
6922.5 0.25
6923.5 0
6924.5 -1.75
6925.5 1
6926.5 1
6927.5 0
6928.5 -1.75
6929.5 0
6930.5 0
6931.5 -3.5
6932.5 0
6933.5 2
6934.5 2
6935.5 2
6936.5 2
6937.5 0
6938.5 2
6939.5 0
6940.5 1
6941.5 1
6942.5 1
6943.5 -1.75
6944.5 0
6945.5 0
6946.5 0
6947.5 1
6948.5 0
6949.5 0
6950.5 1
6951.5 0
6952.5 0
6953.5 -1.75
6954.5 0
6955.5 0
6956.5 0
6957.5 -0.75
6958.5 0
6959.5 0
6960.5 0
6961.5 0
6962.5 0
6963.5 1
6964.5 -1.75
6965.5 0
6966.5 0
6967.5 0
6968.5 0
6969.5 -1.75
6970.5 0
6971.5 0
6972.5 -1.75
6973.5 -0.75
6974.5 0
6975.5 0
6976.5 2
6977.5 0
6978.5 0
6979.5 1
6980.5 -2.5
6981.5 0
6982.5 -1.75
6983.5 -1.75
6984.5 0
6985.5 0
6986.5 0
6987.5 0
6988.5 0
6989.5 0
6990.5 -1.75
6991.5 -0.75
6992.5 0
6993.5 0
6994.5 0
6995.5 0
6996.5 0
6997.5 0
6998.5 0
6999.5 0
7000.5 0
7001.5 1
7002.5 0
7003.5 0
7004.5 0
7005.5 0
7006.5 0
7007.5 0
7008.5 0
7009.5 0
7010.5 0
7011.5 0
7012.5 0
7013.5 0
7014.5 0
7015.5 -1.75
7016.5 0
7017.5 0
7018.5 0
7019.5 1
7020.5 0
7021.5 0
7022.5 0
7023.5 0
7024.5 0
7025.5 1
7026.5 0
7027.5 0
7028.5 0
7029.5 0
7030.5 0
7031.5 0
7032.5 0
7033.5 1
7034.5 0
7035.5 0
7036.5 0
7037.5 0
7038.5 0
7039.5 0
7040.5 0
7041.5 0
7042.5 0
7043.5 0
7044.5 0
7045.5 0
7046.5 1
7047.5 -1.75
7048.5 -1.75
7049.5 0
7050.5 0
7051.5 0
7052.5 0
7053.5 -1.75
7054.5 0
7055.5 1
7056.5 0
7057.5 0
7058.5 0
7059.5 0
7060.5 0
7061.5 0
7062.5 1
7063.5 0
7064.5 0
7065.5 1
7066.5 0
7067.5 0
7068.5 1
7069.5 1
7070.5 0
7071.5 0
7072.5 2
7073.5 1
7074.5 1
7075.5 0
7076.5 -1.75
7077.5 0
7078.5 0
7079.5 0
7080.5 0
7081.5 0
7082.5 1
7083.5 0
7084.5 -0.75
7085.5 -1.75
7086.5 1
7087.5 1
7088.5 0
7089.5 0
7090.5 -3.5
7091.5 0
7092.5 2
7093.5 0
7094.5 1
7095.5 0
7096.5 1
7097.5 0
7098.5 0
7099.5 0
7100.5 -1.75
7101.5 1
7102.5 0
7103.5 0
7104.5 0
7105.5 1
7106.5 1
7107.5 -3.5
7108.5 0
7109.5 0
7110.5 0
7111.5 0
7112.5 0
7113.5 0
7114.5 0
7115.5 0
7116.5 -1.75
7117.5 1
7118.5 0
7119.5 0
7120.5 0
7121.5 -1.75
7122.5 1
7123.5 1
7124.5 -1.75
7125.5 1
7126.5 0
7127.5 -0.75
7128.5 0
7129.5 -1.75
7130.5 0
7131.5 0
7132.5 0
7133.5 0
7134.5 -1.75
7135.5 0
7136.5 0
7137.5 0
7138.5 1
7139.5 1
7140.5 0
7141.5 0
7142.5 0
7143.5 0
7144.5 0
7145.5 0
7146.5 0
7147.5 0
7148.5 0
7149.5 0
7150.5 0
7151.5 -0.75
7152.5 0
7153.5 0
7154.5 0
7155.5 0
7156.5 0
7157.5 1
7158.5 -1.75
7159.5 0
7160.5 0
7161.5 0
7162.5 0
7163.5 0
7164.5 0
7165.5 0
7166.5 -1.75
7167.5 0
7168.5 0
7169.5 1
7170.5 1
7171.5 1
7172.5 0
7173.5 0
7174.5 0
7175.5 0
7176.5 -1.75
7177.5 2
7178.5 0
7179.5 0
7180.5 0
7181.5 0
7182.5 0
7183.5 0
7184.5 0
7185.5 0
7186.5 -0.75
7187.5 0
7188.5 0
7189.5 -1.75
7190.5 0
7191.5 -1.75
7192.5 0
7193.5 0
7194.5 0
7195.5 -1.75
7196.5 0
7197.5 0
7198.5 1
7199.5 0
7200.5 0
7201.5 1
7202.5 0
7203.5 0
7204.5 0
7205.5 -1.75
7206.5 0
7207.5 -3.5
7208.5 -5.25
7209.5 0
7210.5 -1.75
7211.5 2
7212.5 1
7213.5 0
7214.5 1
7215.5 0
7216.5 -1.75
7217.5 -1.75
7218.5 0
7219.5 0
7220.5 0
7221.5 0
7222.5 0
7223.5 0
7224.5 -1.75
7225.5 0
7226.5 -1.75
7227.5 0
7228.5 0
7229.5 -1.75
7230.5 0
7231.5 0
7232.5 0
7233.5 -0.75
7234.5 0
7235.5 0
7236.5 0
7237.5 0
7238.5 0
7239.5 0
7240.5 1
7241.5 0
7242.5 0
7243.5 2
7244.5 0
7245.5 0
7246.5 0
7247.5 0
7248.5 1
7249.5 0
7250.5 1
7251.5 1
7252.5 0
7253.5 0
7254.5 0
7255.5 0
7256.5 -0.75
7257.5 0
7258.5 -0.75
7259.5 1
7260.5 2
7261.5 1
7262.5 2
7263.5 -0.75
7264.5 -0.75
7265.5 0
7266.5 1
7267.5 1
7268.5 1
7269.5 0
7270.5 1
7271.5 1
7272.5 0
7273.5 0
7274.5 -1.75
7275.5 0
7276.5 0
7277.5 -1.75
7278.5 0
7279.5 0
7280.5 0
7281.5 0
7282.5 -1.75
7283.5 1
7284.5 0
7285.5 -1.75
7286.5 0
7287.5 1
7288.5 0
7289.5 0
7290.5 -1.75
7291.5 0
7292.5 0
7293.5 1
7294.5 0
7295.5 -1.75
7296.5 1
7297.5 0
7298.5 0
7299.5 1
7300.5 0
7301.5 0
7302.5 0
7303.5 -1.75
7304.5 0
7305.5 1
7306.5 0
7307.5 0
7308.5 1
7309.5 0
7310.5 0
7311.5 0
7312.5 0
7313.5 0
7314.5 0
7315.5 0
7316.5 0
7317.5 0
7318.5 0
7319.5 0
7320.5 1
7321.5 -1.75
7322.5 0
7323.5 0
7324.5 0
7325.5 -1.75
7326.5 0
7327.5 0
7328.5 0
7329.5 0
7330.5 0
7331.5 0
7332.5 0
7333.5 0
7334.5 3
7335.5 0
7336.5 0
7337.5 0
7338.5 0
7339.5 0
7340.5 3
7341.5 0
7342.5 0
7343.5 0
7344.5 0
7345.5 0
7346.5 0
7347.5 0
7348.5 0
7349.5 1
7350.5 -0.75
7351.5 -1.75
7352.5 -1.75
7353.5 0
7354.5 0
7355.5 1
7356.5 0
7357.5 0
7358.5 0
7359.5 1
7360.5 0
7361.5 0
7362.5 0
7363.5 0
7364.5 0
7365.5 -1.75
7366.5 1.25
7367.5 1
7368.5 -1.75
7369.5 0
7370.5 1
7371.5 0
7372.5 0
7373.5 0
7374.5 0
7375.5 0
7376.5 1
7377.5 0
7378.5 0
7379.5 0
7380.5 0
7381.5 0
7382.5 0
7383.5 0
7384.5 0
7385.5 0
7386.5 0
7387.5 1
7388.5 0
7389.5 0
7390.5 1
7391.5 0
7392.5 1
7393.5 -1.75
7394.5 0
7395.5 0
7396.5 1
7397.5 0
7398.5 0
7399.5 0
7400.5 0
7401.5 0
7402.5 1
7403.5 0
7404.5 1
7405.5 0
7406.5 0
7407.5 0
7408.5 3
7409.5 -1.75
7410.5 0
7411.5 -0.75
7412.5 0
7413.5 1
7414.5 2
7415.5 -3.5
7416.5 0
7417.5 1
7418.5 0
7419.5 1
7420.5 0
7421.5 -1.75
7422.5 0
7423.5 0
7424.5 0
7425.5 0
7426.5 0
7427.5 0
7428.5 0
7429.5 0
7430.5 0
7431.5 1
7432.5 0
7433.5 -1.75
7434.5 0
7435.5 0
7436.5 0
7437.5 0
7438.5 0
7439.5 -1.75
7440.5 0
7441.5 0
7442.5 1
7443.5 0.25
7444.5 -1.75
7445.5 0
7446.5 0
7447.5 0
7448.5 1
7449.5 0
7450.5 0
7451.5 0
7452.5 0
7453.5 1
7454.5 -1.75
7455.5 0
7456.5 0
7457.5 0
7458.5 0
7459.5 0
7460.5 0
7461.5 1
7462.5 0
7463.5 0
7464.5 0
7465.5 0
7466.5 0
7467.5 0
7468.5 0
7469.5 0
7470.5 0
7471.5 0
7472.5 0
7473.5 0
7474.5 0
7475.5 -1.75
7476.5 0
7477.5 1
7478.5 0
7479.5 0
7480.5 1
7481.5 0
7482.5 0
7483.5 0
7484.5 0
7485.5 0
7486.5 0
7487.5 0
7488.5 -1.75
7489.5 -1.75
7490.5 0
7491.5 0
7492.5 0
7493.5 0
7494.5 0
7495.5 0
7496.5 0
7497.5 0
7498.5 0
7499.5 0
7500.5 0
7501.5 0
7502.5 1
7503.5 0
7504.5 2
7505.5 0
7506.5 0
7507.5 0
7508.5 0
7509.5 1
7510.5 0
7511.5 1
7512.5 0
7513.5 0
7514.5 1
7515.5 -1.75
7516.5 0
7517.5 0
7518.5 0
7519.5 0
7520.5 1
7521.5 -1.75
7522.5 0
7523.5 0
7524.5 0
7525.5 -1.75
7526.5 1
7527.5 0
7528.5 0
7529.5 0
7530.5 2
7531.5 0
7532.5 0
7533.5 0
7534.5 -1.75
7535.5 0
7536.5 0
7537.5 0
7538.5 0
7539.5 -1.75
7540.5 0
7541.5 0
7542.5 -1.75
7543.5 0
7544.5 0
7545.5 0
7546.5 0
7547.5 1
7548.5 0
7549.5 0
7550.5 0
7551.5 2
7552.5 0
7553.5 0
7554.5 0
7555.5 0
7556.5 0
7557.5 0
7558.5 -1.75
7559.5 0
7560.5 0
7561.5 0
7562.5 1
7563.5 0
7564.5 0
7565.5 2
7566.5 0
7567.5 0
7568.5 0
7569.5 0
7570.5 0
7571.5 -1.75
7572.5 0
7573.5 2
7574.5 -1.75
7575.5 -1.75
7576.5 0
7577.5 1
7578.5 0
7579.5 0
7580.5 0
7581.5 0
7582.5 1
7583.5 0
7584.5 0
7585.5 0
7586.5 0
7587.5 -1.75
7588.5 0
7589.5 0
7590.5 1
7591.5 0
7592.5 0
7593.5 -1.75
7594.5 0
7595.5 0
7596.5 1
7597.5 0
7598.5 0
7599.5 1
7600.5 0
7601.5 0
7602.5 1
7603.5 0
7604.5 0
7605.5 1
7606.5 0
7607.5 0
7608.5 -1.75
7609.5 0
7610.5 1
7611.5 0
7612.5 -1.75
7613.5 -1.75
7614.5 0
7615.5 0
7616.5 0
7617.5 0
7618.5 0
7619.5 2
7620.5 0
7621.5 1
7622.5 0
7623.5 0
7624.5 0
7625.5 0
7626.5 0
7627.5 -1.75
7628.5 0
7629.5 0
7630.5 0
7631.5 0
7632.5 0
7633.5 0
7634.5 1
7635.5 1
7636.5 0
7637.5 0
7638.5 -1.75
7639.5 -1.75
7640.5 0
7641.5 -1.75
7642.5 -0.75
7643.5 0
7644.5 0
7645.5 0
7646.5 0
7647.5 0
7648.5 1
7649.5 0
7650.5 0
7651.5 0
7652.5 0
7653.5 0
7654.5 0
7655.5 0
7656.5 0
7657.5 0
7658.5 0
7659.5 0
7660.5 0
7661.5 -1.75
7662.5 2
7663.5 0
7664.5 1
7665.5 1
7666.5 0
7667.5 0
7668.5 0
7669.5 0
7670.5 0
7671.5 -1.75
7672.5 -0.75
7673.5 0
7674.5 0
7675.5 0
7676.5 0
7677.5 0
7678.5 0.25
7679.5 0
7680.5 0
7681.5 0
7682.5 0
7683.5 0
7684.5 0
7685.5 0
7686.5 0
7687.5 0
7688.5 0
7689.5 0
7690.5 0
7691.5 0
7692.5 0
7693.5 0
7694.5 -1.75
7695.5 0
7696.5 1
7697.5 0
7698.5 0
7699.5 1
7700.5 0
7701.5 -1.75
7702.5 1
7703.5 0
7704.5 0
7705.5 0
7706.5 0
7707.5 0
7708.5 0
7709.5 0
7710.5 0
7711.5 0
7712.5 0
7713.5 0
7714.5 1
7715.5 0
7716.5 0
7717.5 0
7718.5 0
7719.5 0
7720.5 -0.75
7721.5 -1.75
7722.5 -1.75
7723.5 0
7724.5 0
7725.5 0
7726.5 0
7727.5 0
7728.5 1
7729.5 0
7730.5 0
7731.5 0
7732.5 1
7733.5 1
7734.5 0
7735.5 -0.75
7736.5 0
7737.5 -1.75
7738.5 0
7739.5 1
7740.5 0
7741.5 -1.75
7742.5 0
7743.5 -1.75
7744.5 -1.75
7745.5 0
7746.5 0
7747.5 -1.75
7748.5 1
7749.5 0
7750.5 0
7751.5 0
7752.5 0
7753.5 0
7754.5 -1.75
7755.5 0
7756.5 -1.75
7757.5 0
7758.5 0
7759.5 0
7760.5 0
7761.5 0
7762.5 0.25
7763.5 1
7764.5 0
7765.5 1
7766.5 2
7767.5 0
7768.5 -3.5
7769.5 0
7770.5 -0.75
7771.5 -1.75
7772.5 0
7773.5 1
7774.5 1
7775.5 -1.75
7776.5 0
7777.5 0
7778.5 -1.75
7779.5 0
7780.5 0
7781.5 0
7782.5 1
7783.5 1
7784.5 1
7785.5 0
7786.5 0
7787.5 0
7788.5 0
7789.5 0
7790.5 0
7791.5 0
7792.5 0
7793.5 1
7794.5 0
7795.5 0
7796.5 0
7797.5 0
7798.5 -1.75
7799.5 0
7800.5 0
7801.5 0
7802.5 0
7803.5 0
7804.5 1
7805.5 0
7806.5 0
7807.5 0
7808.5 0
7809.5 0
7810.5 1
7811.5 -1.75
7812.5 0
7813.5 0
7814.5 0
7815.5 0
7816.5 0
7817.5 0
7818.5 0
7819.5 0
7820.5 1
7821.5 0
7822.5 0
7823.5 0
7824.5 0
7825.5 0
7826.5 0
7827.5 -1.75
7828.5 0
7829.5 0
7830.5 0
7831.5 0
7832.5 0
7833.5 0
7834.5 1
7835.5 0
7836.5 0
7837.5 0
7838.5 2
7839.5 0
7840.5 0
7841.5 0
7842.5 0
7843.5 0
7844.5 1
7845.5 0
7846.5 0
7847.5 0
7848.5 0
7849.5 0
7850.5 0
7851.5 1
7852.5 -1.75
7853.5 0
7854.5 1
7855.5 0
7856.5 0
7857.5 0
7858.5 0
7859.5 0
7860.5 0
7861.5 2
7862.5 0
7863.5 -1.75
7864.5 0
7865.5 1
7866.5 0
7867.5 0
7868.5 0
7869.5 0
7870.5 0
7871.5 0
7872.5 1
7873.5 0
7874.5 0
7875.5 0
7876.5 0
7877.5 0
7878.5 0
7879.5 0
7880.5 1
7881.5 0
7882.5 0
7883.5 0
7884.5 0
7885.5 0
7886.5 0
7887.5 2
7888.5 1
7889.5 1
7890.5 0
7891.5 0
7892.5 0
7893.5 0
7894.5 -1.75
7895.5 1
7896.5 1
7897.5 0
7898.5 0
7899.5 0
7900.5 0
7901.5 2
7902.5 0
7903.5 0
7904.5 0
7905.5 -1.75
7906.5 0
7907.5 0
7908.5 1
7909.5 0
7910.5 0
7911.5 0
7912.5 0
7913.5 0
7914.5 1
7915.5 -1.75
7916.5 0
7917.5 1
7918.5 2
7919.5 0
7920.5 -1.75
7921.5 0
7922.5 2
7923.5 0
7924.5 0
7925.5 0
7926.5 0
7927.5 1
7928.5 0
7929.5 0
7930.5 0
7931.5 0
7932.5 0
7933.5 0
7934.5 0
7935.5 1
7936.5 0
7937.5 0
7938.5 0
7939.5 0
7940.5 0
7941.5 0
7942.5 0
7943.5 0
7944.5 0
7945.5 -1.5
7946.5 0
7947.5 0
7948.5 -1.75
7949.5 0
7950.5 0
7951.5 0
7952.5 0
7953.5 0
7954.5 0
7955.5 1
7956.5 -1.75
7957.5 0
7958.5 -0.75
7959.5 0
7960.5 0
7961.5 0
7962.5 0
7963.5 0
7964.5 0
7965.5 0
7966.5 0
7967.5 0
7968.5 0
7969.5 0
7970.5 0
7971.5 0
7972.5 0
7973.5 0
7974.5 0
7975.5 0
7976.5 1
7977.5 0
7978.5 0
7979.5 1
7980.5 0
7981.5 0
7982.5 0
7983.5 0
7984.5 0
7985.5 1
7986.5 0
7987.5 0
7988.5 0
7989.5 1
7990.5 0
7991.5 0
7992.5 0
7993.5 -1.75
7994.5 0
7995.5 0
7996.5 0
7997.5 0
7998.5 0
7999.5 1
8000.5 0
8001.5 0
8002.5 0
8003.5 0
8004.5 -1.75
8005.5 0
8006.5 0
8007.5 0
8008.5 1
8009.5 0
8010.5 0
8011.5 0
8012.5 0
8013.5 -1.75
8014.5 0
8015.5 0
8016.5 0
8017.5 -1.75
8018.5 0
8019.5 0
8020.5 0
8021.5 -1.75
8022.5 0
8023.5 0
8024.5 0
8025.5 0
8026.5 0
8027.5 1
8028.5 0
8029.5 -1.75
8030.5 0
8031.5 1
8032.5 0
8033.5 0
8034.5 0
8035.5 0
8036.5 0
8037.5 0
8038.5 0
8039.5 0
8040.5 1
8041.5 0
8042.5 0
8043.5 0
8044.5 1
8045.5 0
8046.5 0
8047.5 0
8048.5 0
8049.5 0
8050.5 0
8051.5 0
8052.5 0
8053.5 1
8054.5 0
8055.5 0
8056.5 0
8057.5 0
8058.5 0
8059.5 0
8060.5 0
8061.5 0
8062.5 0
8063.5 -1.75
8064.5 0
8065.5 0
8066.5 0
8067.5 0
8068.5 0
8069.5 0
8070.5 0
8071.5 0
8072.5 0
8073.5 0
8074.5 0
8075.5 0
8076.5 0
8077.5 0
8078.5 0
8079.5 1
8080.5 0
8081.5 1
8082.5 -1.75
8083.5 0
8084.5 0
8085.5 0
8086.5 1
8087.5 -1.75
8088.5 0
8089.5 0
8090.5 0
8091.5 2
8092.5 0
8093.5 2
8094.5 1
8095.5 1
8096.5 -1.75
8097.5 0
8098.5 0
8099.5 -1.75
8100.5 0
8101.5 0
8102.5 0
8103.5 0
8104.5 0
8105.5 0
8106.5 0
8107.5 0
8108.5 0
8109.5 1
8110.5 0
8111.5 0
8112.5 0
8113.5 0
8114.5 0
8115.5 0
8116.5 0
8117.5 0
8118.5 0
8119.5 0
8120.5 1
8121.5 -1.75
8122.5 0
8123.5 0
8124.5 0
8125.5 0
8126.5 0
8127.5 0
8128.5 0
8129.5 0
8130.5 0
8131.5 0
8132.5 1
8133.5 1
8134.5 0
8135.5 0
8136.5 0
8137.5 0
8138.5 0
8139.5 0
8140.5 0
8141.5 0
8142.5 0
8143.5 0
8144.5 0
8145.5 0
8146.5 0
8147.5 0
8148.5 0
8149.5 0
8150.5 0
8151.5 0
8152.5 0
8153.5 1
8154.5 0
8155.5 0
8156.5 0
8157.5 0
8158.5 0
8159.5 0
8160.5 0
8161.5 0
8162.5 0
8163.5 -1.75
8164.5 0
8165.5 0
8166.5 0
8167.5 1
8168.5 0
8169.5 0
8170.5 -1.75
8171.5 0
8172.5 0
8173.5 0
8174.5 0
8175.5 0
8176.5 0
8177.5 0
8178.5 0
8179.5 0
8180.5 0
8181.5 0
8182.5 0
8183.5 0
8184.5 1
8185.5 -1.75
8186.5 0
8187.5 0
8188.5 0
8189.5 1
8190.5 0
8191.5 1
8192.5 0
8193.5 -1.75
8194.5 0
8195.5 0
8196.5 0
8197.5 0
8198.5 0
8199.5 0
8200.5 0
8201.5 0
8202.5 1
8203.5 1
8204.5 -1.75
8205.5 -1.75
8206.5 0
8207.5 0
8208.5 1
8209.5 0
8210.5 0
8211.5 -1.75
8212.5 0
8213.5 1
8214.5 1
8215.5 0
8216.5 0
8217.5 1
8218.5 0
8219.5 0
8220.5 0
8221.5 0
8222.5 0
8223.5 0
8224.5 1
8225.5 0
8226.5 0
8227.5 0
8228.5 0
8229.5 0
8230.5 0
8231.5 0
8232.5 0
8233.5 0
8234.5 0
8235.5 0
8236.5 1
8237.5 -1.75
8238.5 0
8239.5 0
8240.5 1
8241.5 0
8242.5 0
8243.5 0
8244.5 0
8245.5 0
8246.5 0
8247.5 -1.75
8248.5 0
8249.5 0
8250.5 0
8251.5 0
8252.5 0
8253.5 0
8254.5 0
8255.5 0
8256.5 -1.75
8257.5 0
8258.5 -1.75
8259.5 -1.75
8260.5 0
8261.5 0
8262.5 0
8263.5 0
8264.5 0
8265.5 1
8266.5 1
8267.5 0
8268.5 0
8269.5 0
8270.5 -0.75
8271.5 0
8272.5 0
8273.5 0
8274.5 0
8275.5 0
8276.5 0
8277.5 0
8278.5 0
8279.5 0
8280.5 0
8281.5 0
8282.5 0
8283.5 0
8284.5 1
8285.5 0
8286.5 0
8287.5 0
8288.5 0
8289.5 0
8290.5 0
8291.5 0
8292.5 0
8293.5 0
8294.5 0
8295.5 1
8296.5 0
8297.5 1
8298.5 0
8299.5 1
8300.5 -1.75
8301.5 0
8302.5 0
8303.5 1
8304.5 0
8305.5 1
8306.5 0
8307.5 -0.75
8308.5 0
8309.5 0
8310.5 0
8311.5 0
8312.5 1
8313.5 -1.75
8314.5 0
8315.5 0
8316.5 0
8317.5 0
8318.5 1
8319.5 0
8320.5 0
8321.5 0
8322.5 0
8323.5 0
8324.5 0
8325.5 0
8326.5 0
8327.5 0
8328.5 0
8329.5 0
8330.5 0
8331.5 0
8332.5 1
8333.5 0
8334.5 -1.75
8335.5 1
8336.5 0
8337.5 0
8338.5 0
8339.5 0
8340.5 0
8341.5 0
8342.5 -1.75
8343.5 0
8344.5 0
8345.5 0
8346.5 0
8347.5 0
8348.5 0
8349.5 0
8350.5 0
8351.5 0
8352.5 0
8353.5 0
8354.5 0
8355.5 0
8356.5 0
8357.5 0
8358.5 0
8359.5 0
8360.5 0
8361.5 0
8362.5 0
8363.5 0
8364.5 0
8365.5 0
8366.5 0
8367.5 1
8368.5 0
8369.5 1
8370.5 0
8371.5 0
8372.5 0
8373.5 -1.75
8374.5 0
8375.5 0
8376.5 0
8377.5 0
8378.5 0
8379.5 0
8380.5 1
8381.5 0
8382.5 0
8383.5 0
8384.5 0
8385.5 0
8386.5 0
8387.5 0
8388.5 0
8389.5 0
8390.5 1
8391.5 0
8392.5 0
8393.5 0
8394.5 -1.75
8395.5 0
8396.5 0
8397.5 0
8398.5 0
8399.5 1
8400.5 1
8401.5 0
8402.5 0
8403.5 0
8404.5 0
8405.5 1
8406.5 0
8407.5 1
8408.5 0
8409.5 0
8410.5 0
8411.5 -1.75
8412.5 0
8413.5 1
8414.5 0
8415.5 0
8416.5 -1.75
8417.5 0
8418.5 0
8419.5 1
8420.5 0
8421.5 0
8422.5 0
8423.5 0
8424.5 0
8425.5 0
8426.5 0
8427.5 0
8428.5 0
8429.5 0
8430.5 0
8431.5 1
8432.5 0
8433.5 0
8434.5 0
8435.5 0
8436.5 0
8437.5 1
8438.5 -1.75
8439.5 0
8440.5 0
8441.5 0
8442.5 0
8443.5 0
8444.5 0
8445.5 1
8446.5 1
8447.5 0
8448.5 0
8449.5 1
8450.5 0
8451.5 0
8452.5 0
8453.5 0
8454.5 0
8455.5 1
8456.5 0
8457.5 1
8458.5 0
8459.5 0
8460.5 0
8461.5 0
8462.5 0
8463.5 0
8464.5 0
8465.5 0
8466.5 1
8467.5 0
8468.5 -1.75
8469.5 -1.75
8470.5 0
8471.5 -0.75
8472.5 0
8473.5 0
8474.5 0
8475.5 0
8476.5 0
8477.5 0
8478.5 0
8479.5 0
8480.5 0
8481.5 0
8482.5 1
8483.5 0
8484.5 0
8485.5 1
8486.5 0
8487.5 0
8488.5 -1.75
8489.5 0
8490.5 0
8491.5 0
8492.5 0
8493.5 0
8494.5 0
8495.5 1
8496.5 0
8497.5 0
8498.5 0
8499.5 0
8500.5 0
8501.5 0
8502.5 0
8503.5 0
8504.5 0
8505.5 1
8506.5 0
8507.5 0
8508.5 -1.75
8509.5 0
8510.5 1
8511.5 0
8512.5 0
8513.5 0
8514.5 0
8515.5 0
8516.5 0
8517.5 1
8518.5 0
8519.5 -1.75
8520.5 1
8521.5 0
8522.5 0
8523.5 0
8524.5 0
8525.5 0
8526.5 1
8527.5 0
8528.5 0
8529.5 0
8530.5 -1.75
8531.5 -1.75
8532.5 0
8533.5 0
8534.5 0
8535.5 0
8536.5 0
8537.5 0
8538.5 0
8539.5 0
8540.5 0
8541.5 0
8542.5 0
8543.5 0
8544.5 0
8545.5 0
8546.5 0
8547.5 0
8548.5 0
8549.5 1
8550.5 0
8551.5 0
8552.5 0
8553.5 2
8554.5 1
8555.5 0
8556.5 0
8557.5 0
8558.5 0
8559.5 0
8560.5 0
8561.5 1
8562.5 -1.75
8563.5 0
8564.5 0
8565.5 0
8566.5 0
8567.5 0
8568.5 0
8569.5 1
8570.5 0
8571.5 0
8572.5 0
8573.5 0
8574.5 1
8575.5 0
8576.5 0
8577.5 0
8578.5 1
8579.5 0
8580.5 0
8581.5 1
8582.5 0
8583.5 0
8584.5 -0.75
8585.5 0
8586.5 0
8587.5 0
8588.5 1
8589.5 0
8590.5 0
8591.5 0
8592.5 0
8593.5 0
8594.5 0
8595.5 0
8596.5 0
8597.5 0
8598.5 0
8599.5 0
8600.5 0
8601.5 0
8602.5 0
8603.5 0
8604.5 0
8605.5 0
8606.5 1
8607.5 0
8608.5 0
8609.5 0
8610.5 0
8611.5 1
8612.5 0
8613.5 0
8614.5 0
8615.5 0
8616.5 0
8617.5 0
8618.5 0
8619.5 0
8620.5 -1.75
8621.5 0
8622.5 0
8623.5 1
8624.5 0
8625.5 0
8626.5 0
8627.5 0
8628.5 0
8629.5 0
8630.5 0
8631.5 1
8632.5 0
8633.5 0
8634.5 0
8635.5 0
8636.5 1
8637.5 0
8638.5 0
8639.5 0
8640.5 1
8641.5 -0.75
8642.5 0
8643.5 0
8644.5 0
8645.5 0
8646.5 0
8647.5 -1.75
8648.5 1
8649.5 0
8650.5 0
8651.5 2
8652.5 0
8653.5 0
8654.5 0
8655.5 0
8656.5 0
8657.5 0
8658.5 0
8659.5 0
8660.5 0
8661.5 0
8662.5 0
8663.5 0
8664.5 0
8665.5 -1.75
8666.5 0
8667.5 1
8668.5 1
8669.5 0
8670.5 1
8671.5 1
8672.5 0
8673.5 0
8674.5 0
8675.5 0
8676.5 1
8677.5 0
8678.5 0
8679.5 0
8680.5 0
8681.5 0
8682.5 0
8683.5 0
8684.5 0
8685.5 1
8686.5 0
8687.5 0
8688.5 0
8689.5 0
8690.5 0
8691.5 -1.75
8692.5 0
8693.5 0
8694.5 0
8695.5 0
8696.5 0
8697.5 0
8698.5 0
8699.5 0
8700.5 0
8701.5 0
8702.5 -1.75
8703.5 1
8704.5 1
8705.5 1
8706.5 0
8707.5 0
8708.5 0
8709.5 0
8710.5 0
8711.5 0
8712.5 -1.75
8713.5 0
8714.5 1
8715.5 1
8716.5 0
8717.5 0
8718.5 1
8719.5 0
8720.5 0
8721.5 0
8722.5 0
8723.5 0
8724.5 0
8725.5 0
8726.5 0
8727.5 -1.75
8728.5 1
8729.5 0
8730.5 0
8731.5 0
8732.5 0
8733.5 0
8734.5 1
8735.5 0
8736.5 1
8737.5 1
8738.5 0
8739.5 0
8740.5 -1.75
8741.5 0
8742.5 0
8743.5 0
8744.5 0
8745.5 0
8746.5 0
8747.5 0
8748.5 0
8749.5 0
8750.5 0
8751.5 1
8752.5 0
8753.5 0
8754.5 1
8755.5 0
8756.5 0
8757.5 -1.75
8758.5 0
8759.5 1
8760.5 0
8761.5 1
8762.5 0
8763.5 0
8764.5 0
8765.5 0
8766.5 0
8767.5 -1.75
8768.5 0
8769.5 0
8770.5 1
8771.5 0
8772.5 0
8773.5 0
8774.5 0
8775.5 0
8776.5 0
8777.5 0
8778.5 -1.75
8779.5 0
8780.5 0
8781.5 0
8782.5 0
8783.5 0
8784.5 0
8785.5 -1.75
8786.5 1
8787.5 -1.75
8788.5 0
8789.5 0
8790.5 0
8791.5 0
8792.5 0
8793.5 0
8794.5 0
8795.5 0
8796.5 0
8797.5 0
8798.5 0
8799.5 0
8800.5 0
8801.5 0
8802.5 0
8803.5 0
8804.5 0
8805.5 0
8806.5 0
8807.5 0
8808.5 0
8809.5 0
8810.5 0
8811.5 0
8812.5 0
8813.5 0
8814.5 0
8815.5 0
8816.5 0
8817.5 1
8818.5 0
8819.5 0
8820.5 2
8821.5 0
8822.5 0
8823.5 0
8824.5 0
8825.5 0
8826.5 0
8827.5 0
8828.5 0
8829.5 0
8830.5 0
8831.5 0
8832.5 0
8833.5 1
8834.5 0
8835.5 0
8836.5 1
8837.5 0
8838.5 0
8839.5 0
8840.5 0
8841.5 0
8842.5 0
8843.5 0
8844.5 -3.5
8845.5 0
8846.5 0
8847.5 1
8848.5 0
8849.5 0
8850.5 0
8851.5 0
8852.5 -1.75
8853.5 1
8854.5 0
8855.5 0
8856.5 0
8857.5 0
8858.5 0
8859.5 0
8860.5 0
8861.5 0
8862.5 0
8863.5 0
8864.5 0
8865.5 0
8866.5 0
8867.5 0
8868.5 0
8869.5 0
8870.5 0
8871.5 0
8872.5 -1.75
8873.5 0
8874.5 0
8875.5 0
8876.5 0
8877.5 1
8878.5 0
8879.5 1
8880.5 0
8881.5 0
8882.5 0
8883.5 0
8884.5 0
8885.5 0
8886.5 0
8887.5 -1.75
8888.5 0
8889.5 0
8890.5 -1.75
8891.5 1
8892.5 0
8893.5 1
8894.5 0
8895.5 0
8896.5 -3.5
8897.5 1
8898.5 1
8899.5 0
8900.5 0
8901.5 0
8902.5 0
8903.5 0
8904.5 0
8905.5 0
8906.5 0
8907.5 0
8908.5 0
8909.5 0
8910.5 1
8911.5 0
8912.5 -1.75
8913.5 0
8914.5 0
8915.5 0
8916.5 0
8917.5 0
8918.5 0
8919.5 0
8920.5 0
8921.5 0
8922.5 -1.75
8923.5 0
8924.5 -1.75
8925.5 0
8926.5 0
8927.5 0
8928.5 0
8929.5 0
8930.5 -1.75
8931.5 0
8932.5 2
8933.5 0
8934.5 0
8935.5 0
8936.5 0
8937.5 0
8938.5 0
8939.5 -1.75
8940.5 0
8941.5 0
8942.5 1
8943.5 1
8944.5 0
8945.5 0
8946.5 0
8947.5 0
8948.5 0
8949.5 0
8950.5 0
8951.5 0
8952.5 0
8953.5 0
8954.5 0
8955.5 0
8956.5 0
8957.5 0
8958.5 0
8959.5 1
8960.5 0
8961.5 0
8962.5 0
8963.5 0
8964.5 0
8965.5 0
8966.5 0
8967.5 0
8968.5 0
8969.5 0
8970.5 0
8971.5 0
8972.5 0
8973.5 1
8974.5 0
8975.5 0
8976.5 0
8977.5 0
8978.5 0
8979.5 0
8980.5 0
8981.5 0
8982.5 0
8983.5 0
8984.5 0
8985.5 0
8986.5 0
8987.5 -1.75
8988.5 0
8989.5 0
8990.5 0
8991.5 0
8992.5 1
8993.5 1
8994.5 0
8995.5 0
8996.5 0
8997.5 -1.75
8998.5 0
8999.5 0
9000.5 1
9001.5 0
9002.5 0
9003.5 0
9004.5 0
9005.5 0
9006.5 0
9007.5 0
9008.5 0
9009.5 0
9010.5 0
9011.5 -1.75
9012.5 0
9013.5 0
9014.5 0
9015.5 0
9016.5 2
9017.5 0
9018.5 0
9019.5 -1.75
9020.5 0
9021.5 2
9022.5 0
9023.5 0
9024.5 0
9025.5 0
9026.5 -1.75
9027.5 0
9028.5 0
9029.5 0
9030.5 0
9031.5 0
9032.5 0
9033.5 0
9034.5 0
9035.5 0
9036.5 0
9037.5 0
9038.5 0
9039.5 0
9040.5 0
9041.5 0
9042.5 0
9043.5 0
9044.5 0
9045.5 1
9046.5 0
9047.5 0
9048.5 0
9049.5 0
9050.5 0
9051.5 0
9052.5 0
9053.5 0
9054.5 0
9055.5 -1.75
9056.5 0
9057.5 0
9058.5 0
9059.5 0
9060.5 0
9061.5 0
9062.5 0
9063.5 -1.75
9064.5 1
9065.5 -1.75
9066.5 0
9067.5 0
9068.5 0
9069.5 0
9070.5 0
9071.5 0
9072.5 0
9073.5 0
9074.5 0
9075.5 0
9076.5 1
9077.5 0
9078.5 0
9079.5 0
9080.5 0
9081.5 0
9082.5 1
9083.5 1
9084.5 0
9085.5 0
9086.5 0
9087.5 0
9088.5 0
9089.5 0
9090.5 0
9091.5 0
9092.5 -1.75
9093.5 0
9094.5 1
9095.5 0
9096.5 1
9097.5 0
9098.5 1
9099.5 0
9100.5 0
9101.5 0
9102.5 0
9103.5 0
9104.5 0
9105.5 0
9106.5 0
9107.5 -1.75
9108.5 0
9109.5 0
9110.5 0
9111.5 0
9112.5 0
9113.5 0
9114.5 0
9115.5 0
9116.5 0
9117.5 1
9118.5 0
9119.5 0
9120.5 0
9121.5 -1.75
9122.5 -1.75
9123.5 0
9124.5 0
9125.5 0
9126.5 0
9127.5 -1.75
9128.5 0
9129.5 0
9130.5 0
9131.5 0
9132.5 0
9133.5 0
9134.5 0
9135.5 1
9136.5 0
9137.5 0
9138.5 0
9139.5 0
9140.5 0
9141.5 0
9142.5 0
9143.5 0
9144.5 -1.75
9145.5 0
9146.5 0
9147.5 0
9148.5 -1.75
9149.5 -1.75
9150.5 1
9151.5 0
9152.5 0
9153.5 0
9154.5 0
9155.5 0
9156.5 0
9157.5 0
9158.5 -1.75
9159.5 0
9160.5 1
9161.5 0
9162.5 0
9163.5 0
9164.5 0
9165.5 0
9166.5 0
9167.5 0
9168.5 0
9169.5 0
9170.5 0
9171.5 1
9172.5 0
9173.5 0
9174.5 0
9175.5 0
9176.5 0
9177.5 0
9178.5 0
9179.5 0
9180.5 0
9181.5 0
9182.5 0
9183.5 0
9184.5 0
9185.5 0
9186.5 0
9187.5 0
9188.5 0
9189.5 0
9190.5 0
9191.5 0
9192.5 0
9193.5 0
9194.5 0
9195.5 0
9196.5 0
9197.5 0
9198.5 0
9199.5 0
9200.5 0
9201.5 0
9202.5 0
9203.5 0
9204.5 0
9205.5 0
9206.5 0
9207.5 0
9208.5 0
9209.5 0
9210.5 -1.75
9211.5 0
9212.5 0
9213.5 0
9214.5 1
9215.5 1
9216.5 0
9217.5 0
9218.5 0
9219.5 0
9220.5 0
9221.5 1
9222.5 0
9223.5 0
9224.5 1
9225.5 0
9226.5 -1.75
9227.5 0
9228.5 0
9229.5 0
9230.5 1
9231.5 0
9232.5 1
9233.5 1
9234.5 0
9235.5 0
9236.5 0
9237.5 0
9238.5 0
9239.5 0
9240.5 0
9241.5 0
9242.5 0
9243.5 0
9244.5 1
9245.5 0
9246.5 0
9247.5 0
9248.5 1
9249.5 0
9250.5 0
9251.5 0
9252.5 0
9253.5 0
9254.5 -1.75
9255.5 0
9256.5 0
9257.5 1
9258.5 1
9259.5 2
9260.5 0
9261.5 0
9262.5 1
9263.5 0
9264.5 0
9265.5 0
9266.5 0
9267.5 0
9268.5 0
9269.5 0
9270.5 0
9271.5 0
9272.5 0
9273.5 0
9274.5 0
9275.5 0
9276.5 0
9277.5 0
9278.5 0
9279.5 0
9280.5 0
9281.5 1
9282.5 1
9283.5 0
9284.5 0
9285.5 0
9286.5 0
9287.5 -1.75
9288.5 0
9289.5 0
9290.5 0
9291.5 0
9292.5 0
9293.5 0
9294.5 0
9295.5 0
9296.5 0
9297.5 0
9298.5 0
9299.5 -3.5
9300.5 0
9301.5 0
9302.5 0
9303.5 0
9304.5 1
9305.5 0
9306.5 0
9307.5 0
9308.5 0
9309.5 0
9310.5 0
9311.5 0
9312.5 0
9313.5 -1.75
9314.5 0
9315.5 0
9316.5 0
9317.5 0
9318.5 0
9319.5 -1.75
9320.5 0
9321.5 0
9322.5 0
9323.5 0
9324.5 0
9325.5 0
9326.5 0
9327.5 0
9328.5 0
9329.5 0
9330.5 0
9331.5 1
9332.5 0
9333.5 0
9334.5 -1.75
9335.5 1
9336.5 0
9337.5 0
9338.5 0
9339.5 0
9340.5 0
9341.5 0
9342.5 0
9343.5 0
9344.5 0
9345.5 0
9346.5 0
9347.5 -1.75
9348.5 0
9349.5 0
9350.5 0
9351.5 0
9352.5 1
9353.5 0
9354.5 0
9355.5 -1.75
9356.5 0
9357.5 0
9358.5 0
9359.5 0
9360.5 0
9361.5 0
9362.5 1
9363.5 1
9364.5 0
9365.5 0
9366.5 0
9367.5 1
9368.5 0
9369.5 0
9370.5 0
9371.5 0
9372.5 0
9373.5 0
9374.5 -1.75
9375.5 0
9376.5 1
9377.5 0
9378.5 0
9379.5 0
9380.5 0
9381.5 0
9382.5 0
9383.5 0
9384.5 0
9385.5 0
9386.5 0
9387.5 0
9388.5 0
9389.5 0
9390.5 1
9391.5 0
9392.5 0
9393.5 1
9394.5 -0.75
9395.5 0
9396.5 1
9397.5 0
9398.5 0
9399.5 1
9400.5 0
9401.5 0
9402.5 0
9403.5 0
9404.5 0
9405.5 1
9406.5 0
9407.5 0
9408.5 0
9409.5 0
9410.5 0
9411.5 0
9412.5 0
9413.5 0
9414.5 0
9415.5 0
9416.5 0
9417.5 0
9418.5 0
9419.5 0
9420.5 0
9421.5 0
9422.5 -1.75
9423.5 0
9424.5 0
9425.5 0
9426.5 0
9427.5 1
9428.5 0
9429.5 0
9430.5 0
9431.5 0
9432.5 0
9433.5 0
9434.5 0
9435.5 0
9436.5 -0.75
9437.5 0
9438.5 0
9439.5 0
9440.5 0
9441.5 0
9442.5 0
9443.5 0
9444.5 0
9445.5 0
9446.5 0
9447.5 0
9448.5 0
9449.5 0
9450.5 0
9451.5 0
9452.5 0
9453.5 0
9454.5 0
9455.5 0
9456.5 0
9457.5 0
9458.5 0
9459.5 0
9460.5 0
9461.5 0
9462.5 0
9463.5 0
9464.5 0
9465.5 0
9466.5 0
9467.5 0
9468.5 0
9469.5 0
9470.5 0
9471.5 0
9472.5 0
9473.5 0
9474.5 0
9475.5 0
9476.5 0
9477.5 0
9478.5 0
9479.5 0
9480.5 0
9481.5 0
9482.5 0
9483.5 0
9484.5 0
9485.5 0
9486.5 -1.75
9487.5 0
9488.5 0
9489.5 0
9490.5 0
9491.5 0
9492.5 0
9493.5 0
9494.5 0
9495.5 -1.75
9496.5 0
9497.5 0
9498.5 0
9499.5 0
9500.5 0
9501.5 0
9502.5 -0.75
9503.5 0
9504.5 0
9505.5 0
9506.5 0
9507.5 0
9508.5 0
9509.5 0
9510.5 0
9511.5 0
9512.5 0
9513.5 0
9514.5 0
9515.5 0
9516.5 0
9517.5 0
9518.5 0
9519.5 0
9520.5 0
9521.5 0
9522.5 0
9523.5 1
9524.5 0
9525.5 0
9526.5 0
9527.5 0
9528.5 0
9529.5 0
9530.5 0
9531.5 0
9532.5 0
9533.5 0
9534.5 0
9535.5 0
9536.5 0
9537.5 0
9538.5 0
9539.5 0
9540.5 0
9541.5 0
9542.5 0
9543.5 0
9544.5 1
9545.5 0
9546.5 -1.75
9547.5 0
9548.5 0
9549.5 0
9550.5 0
9551.5 0
9552.5 0
9553.5 0
9554.5 0
9555.5 0
9556.5 0
9557.5 0
9558.5 0
9559.5 0
9560.5 0
9561.5 0
9562.5 0
9563.5 0
9564.5 0
9565.5 0
9566.5 0
9567.5 0
9568.5 1
9569.5 0
9570.5 0
9571.5 -1.75
9572.5 0
9573.5 0
9574.5 0
9575.5 0
9576.5 0
9577.5 0
9578.5 0
9579.5 0
9580.5 0
9581.5 1
9582.5 1
9583.5 0
9584.5 0
9585.5 0
9586.5 0
9587.5 0
9588.5 0
9589.5 0
9590.5 0
9591.5 0
9592.5 0
9593.5 0
9594.5 0
9595.5 0
9596.5 0
9597.5 0
9598.5 0
9599.5 0
9600.5 0
9601.5 0
9602.5 0
9603.5 0
9604.5 0
9605.5 0
9606.5 0
9607.5 0
9608.5 0
9609.5 0
9610.5 0
9611.5 1
9612.5 0
9613.5 0
9614.5 0
9615.5 0
9616.5 0
9617.5 -1.75
9618.5 0
9619.5 1
9620.5 0
9621.5 0
9622.5 0
9623.5 0
9624.5 0
9625.5 0
9626.5 0
9627.5 0
9628.5 0
9629.5 0
9630.5 -0.75
9631.5 0
9632.5 0
9633.5 0
9634.5 0
9635.5 0
9636.5 0
9637.5 0
9638.5 0
9639.5 0
9640.5 0
9641.5 0
9642.5 0
9643.5 0
9644.5 0
9645.5 -1.75
9646.5 0
9647.5 0
9648.5 0
9649.5 0
9650.5 0
9651.5 0
9652.5 0
9653.5 0
9654.5 0
9655.5 1
9656.5 0
9657.5 0
9658.5 0
9659.5 0
9660.5 0
9661.5 0
9662.5 0
9663.5 0
9664.5 0
9665.5 0
9666.5 0
9667.5 0
9668.5 0
9669.5 0
9670.5 0
9671.5 0
9672.5 0
9673.5 0
9674.5 0
9675.5 0
9676.5 0
9677.5 0
9678.5 0
9679.5 0
9680.5 0
9681.5 0
9682.5 0
9683.5 0
9684.5 0
9685.5 1
9686.5 0
9687.5 0
9688.5 0
9689.5 0
9690.5 0
9691.5 0
9692.5 0
9693.5 0
9694.5 0
9695.5 0
9696.5 0
9697.5 0
9698.5 0
9699.5 0
9700.5 0
9701.5 0
9702.5 0
9703.5 0
9704.5 0
9705.5 0
9706.5 0
9707.5 0
9708.5 0
9709.5 0
9710.5 0
9711.5 1
9712.5 0
9713.5 0
9714.5 0
9715.5 0
9716.5 0
9717.5 0
9718.5 0
9719.5 0
9720.5 0
9721.5 1
9722.5 0
9723.5 0
9724.5 0
9725.5 0
9726.5 0
9727.5 0
9728.5 0
9729.5 0
9730.5 0
9731.5 0
9732.5 0
9733.5 0
9734.5 -1.75
9735.5 0
9736.5 0
9737.5 -1.75
9738.5 0
9739.5 0
9740.5 0
9741.5 0
9742.5 0
9743.5 0
9744.5 0
9745.5 0
9746.5 0
9747.5 0
9748.5 0
9749.5 0
9750.5 0
9751.5 0
9752.5 0
9753.5 0
9754.5 0
9755.5 0
9756.5 0
9757.5 0
9758.5 0
9759.5 0
9760.5 0
9761.5 0
9762.5 0
9763.5 0
9764.5 0
9765.5 0
9766.5 0
9767.5 0
9768.5 0
9769.5 0
9770.5 0
9771.5 0
9772.5 0
9773.5 0
9774.5 0
9775.5 0
9776.5 0
9777.5 0
9778.5 0
9779.5 0
9780.5 0
9781.5 1
9782.5 0
9783.5 0
9784.5 0
9785.5 0
9786.5 0
9787.5 0
9788.5 0
9789.5 0
9790.5 0
9791.5 0
9792.5 0
9793.5 0
9794.5 0
9795.5 1
9796.5 0
9797.5 0
9798.5 0
9799.5 1
9800.5 0
9801.5 0
9802.5 0
9803.5 0
9804.5 0
9805.5 -1.75
9806.5 0
9807.5 0
9808.5 0
9809.5 0
9810.5 0
9811.5 0
9812.5 0
9813.5 0
9814.5 0
9815.5 0
9816.5 0
9817.5 0
9818.5 0
9819.5 0
9820.5 0
9821.5 0
9822.5 0
9823.5 0
9824.5 0
9825.5 0
9826.5 0
9827.5 0
9828.5 0
9829.5 0
9830.5 0
9831.5 0
9832.5 0
9833.5 0
9834.5 0
9835.5 0
9836.5 0
9837.5 0
9838.5 0
9839.5 0
9840.5 0
9841.5 0
9842.5 0
9843.5 0
9844.5 0
9845.5 0
9846.5 0
9847.5 0
9848.5 0
9849.5 0
9850.5 0
9851.5 0
9852.5 0
9853.5 0
9854.5 0
9855.5 0
9856.5 -1.75
9857.5 0
9858.5 0
9859.5 0
9860.5 0
9861.5 0
9862.5 0
9863.5 0
9864.5 0
9865.5 0
9866.5 0
9867.5 1
9868.5 0
9869.5 0
9870.5 0
9871.5 0
9872.5 0
9873.5 0
9874.5 0
9875.5 0
9876.5 0
9877.5 0
9878.5 0
9879.5 0
9880.5 0
9881.5 0
9882.5 0
9883.5 0
9884.5 0
9885.5 0
9886.5 0
9887.5 0
9888.5 0
9889.5 0
9890.5 0
9891.5 0
9892.5 0
9893.5 0
9894.5 0
9895.5 0
9896.5 0
9897.5 0
9898.5 0
9899.5 0
9900.5 0
9901.5 0
9902.5 0
9903.5 0
9904.5 0
9905.5 0
9906.5 0
9907.5 1
9908.5 0
9909.5 0
9910.5 0
9911.5 0
9912.5 0
9913.5 0
9914.5 0
9915.5 0
9916.5 0
9917.5 0
9918.5 0
9919.5 0
9920.5 0
9921.5 0
9922.5 0
9923.5 0
9924.5 0
9925.5 0
9926.5 0
9927.5 0
9928.5 0
9929.5 0
9930.5 0
9931.5 0
9932.5 0
9933.5 0
9934.5 0
9935.5 0
9936.5 0
9937.5 0
9938.5 0
9939.5 0
9940.5 0
9941.5 0
9942.5 0
9943.5 1
9944.5 0
9945.5 0
9946.5 0
9947.5 0
9948.5 0
9949.5 0
9950.5 0
9951.5 0
9952.5 0
9953.5 0
9954.5 0
9955.5 0
9956.5 0
9957.5 0
9958.5 0
9959.5 0
9960.5 0
9961.5 0
9962.5 0
9963.5 0
9964.5 0
9965.5 0
9966.5 0
9967.5 0
9968.5 0
9969.5 0
9970.5 0
9971.5 0
9972.5 0
9973.5 0
9974.5 0
9975.5 0
9976.5 0
9977.5 0
9978.5 0
9979.5 0
9980.5 0
9981.5 0
9982.5 0
9983.5 0
9984.5 0
9985.5 0
9986.5 0
9987.5 0
9988.5 0
9989.5 0
9990.5 0
9991.5 0
9992.5 0
9993.5 0
9994.5 0
9995.5 0
9996.5 0
9997.5 0
9998.5 0
9999.5 0
10000.5 0
10001.5 0
10002.5 0
10003.5 0
10004.5 0
10005.5 0
10006.5 0
10007.5 0
10008.5 0
10009.5 0
10010.5 0
10011.5 0
10012.5 0
10013.5 0
10014.5 0
10015.5 0
10016.5 0
10017.5 0
10018.5 0
10019.5 0
10020.5 0
10021.5 0
10022.5 0
10023.5 0
10024.5 0
10025.5 0
10026.5 0
10027.5 0
10028.5 0
10029.5 0
10030.5 0
10031.5 0
10032.5 0
10033.5 0
10034.5 0
10035.5 0
10036.5 0
10037.5 1
10038.5 0
10039.5 0
10040.5 1
10041.5 0
10042.5 0
10043.5 1
10044.5 0
10045.5 0
10046.5 0
10047.5 0
10048.5 0
10049.5 0
10050.5 0
10051.5 0
10052.5 0
10053.5 0
10054.5 0
10055.5 0
10056.5 0
10057.5 0
10058.5 0
10059.5 0
10060.5 0
10061.5 0
10062.5 0
10063.5 0
10064.5 0
10065.5 0
10066.5 0
10067.5 0
10068.5 0
10069.5 0
10070.5 0
10071.5 0
10072.5 0
10073.5 0
10074.5 0
10075.5 0
10076.5 0
10077.5 0
10078.5 0
10079.5 0
10080.5 0
10081.5 0
10082.5 0
10083.5 0
10084.5 0
10085.5 0
10086.5 0
10087.5 0
10088.5 0
10089.5 0
10090.5 0
10091.5 0
10092.5 0
10093.5 0
10094.5 0
10095.5 0
10096.5 0
10097.5 0
10098.5 0
10099.5 0
10100.5 0
10101.5 0
10102.5 0
10103.5 0
10104.5 0
10105.5 0
10106.5 0
10107.5 0
10108.5 1
10109.5 0
10110.5 0
10111.5 0
10112.5 0
10113.5 0
10114.5 0
10115.5 0
10116.5 0
10117.5 0
10118.5 0
10119.5 0
10120.5 0
10121.5 0
10122.5 0
10123.5 0
10124.5 0
10125.5 0
10126.5 0
10127.5 0
10128.5 0
10129.5 0
10130.5 0
10131.5 0
10132.5 0
10133.5 0
10134.5 0
10135.5 0
10136.5 0
10137.5 0
10138.5 0
10139.5 0
10140.5 0
10141.5 1
10142.5 0
10143.5 0
10144.5 0
10145.5 0
10146.5 0
10147.5 0
10148.5 0
10149.5 0
10150.5 0
10151.5 0
10152.5 0
10153.5 0
10154.5 0
10155.5 0
10156.5 0
10157.5 0
10158.5 0
10159.5 0
10160.5 0
10161.5 0
10162.5 0
10163.5 0
10164.5 0
10165.5 0
10166.5 0
10167.5 0
10168.5 0
10169.5 0
10170.5 0
10171.5 0
10172.5 0
10173.5 0
10174.5 0
10175.5 0
10176.5 0
10177.5 0
10178.5 0
10179.5 0
10180.5 0
10181.5 0
10182.5 0
10183.5 0
10184.5 0
10185.5 0
10186.5 0
10187.5 0
10188.5 0
10189.5 0
10190.5 0
10191.5 0
10192.5 0
10193.5 0
10194.5 0
10195.5 0
10196.5 0
10197.5 0
10198.5 0
10199.5 0
10200.5 0
10201.5 0
10202.5 0
10203.5 0
10204.5 0
10205.5 -1.75
10206.5 0
10207.5 0
10208.5 0
10209.5 1
10210.5 0
10211.5 0
10212.5 0
10213.5 0
10214.5 0
10215.5 0
10216.5 0
10217.5 0
10218.5 0
10219.5 0
10220.5 0
10221.5 0
10222.5 0
10223.5 0
10224.5 0
10225.5 0
10226.5 1
10227.5 0
10228.5 0
10229.5 0
10230.5 0
10231.5 0
10232.5 0
10233.5 0
10234.5 0
10235.5 0
10236.5 0
10237.5 0
10238.5 0
10239.5 0
10240.5 0
10241.5 0
10242.5 0
10243.5 0
10244.5 0
10245.5 0
10246.5 0
10247.5 0
10248.5 0
10249.5 0
10250.5 0
10251.5 0
10252.5 0
10253.5 0
10254.5 0
10255.5 0
10256.5 0
10257.5 0
10258.5 0
10259.5 0
10260.5 0
10261.5 0
10262.5 0
10263.5 1
10264.5 0
10265.5 0
10266.5 0
10267.5 0
10268.5 0
10269.5 0
10270.5 0
10271.5 0
10272.5 0
10273.5 0
10274.5 0
10275.5 0
10276.5 0
10277.5 0
10278.5 0
10279.5 0
10280.5 0
10281.5 0
10282.5 0
10283.5 0
10284.5 0
10285.5 0
10286.5 0
10287.5 0
10288.5 0
10289.5 0
10290.5 0
10291.5 0
10292.5 0
10293.5 0
10294.5 0
10295.5 0
10296.5 0
10297.5 0
10298.5 0
10299.5 0
10300.5 0
10301.5 0
10302.5 0
10303.5 0
10304.5 0
10305.5 0
10306.5 0
10307.5 0
10308.5 0
10309.5 0
10310.5 0
10311.5 0
10312.5 0
10313.5 0
10314.5 0
10315.5 0
10316.5 0
10317.5 0
10318.5 0
10319.5 0
10320.5 0
10321.5 0
10322.5 0
10323.5 0
10324.5 0
10325.5 0
10326.5 0
10327.5 0
10328.5 0
10329.5 0
10330.5 0
10331.5 0
10332.5 0
10333.5 0
10334.5 0
10335.5 0
10336.5 0
10337.5 0
10338.5 0
10339.5 0
10340.5 0
10341.5 0
10342.5 0
10343.5 0
10344.5 0
10345.5 0
10346.5 0
10347.5 0
10348.5 0
10349.5 0
10350.5 0
10351.5 0
10352.5 0
10353.5 0
10354.5 0
10355.5 0
10356.5 0
10357.5 0
10358.5 0
10359.5 0
10360.5 0
10361.5 0
10362.5 0
10363.5 0
10364.5 0
10365.5 0
10366.5 0
10367.5 0
10368.5 0
10369.5 0
10370.5 0
10371.5 0
10372.5 0
10373.5 0
10374.5 0
10375.5 0
10376.5 0
10377.5 0
10378.5 0
10379.5 0
10380.5 0
10381.5 0
10382.5 0
10383.5 0
10384.5 0
10385.5 0
10386.5 0
10387.5 0
10388.5 0
10389.5 0
10390.5 0
10391.5 0
10392.5 0
10393.5 0
10394.5 0
10395.5 0
10396.5 0
10397.5 0
10398.5 0
10399.5 0
10400.5 0
10401.5 0
10402.5 0
10403.5 0
10404.5 0
10405.5 0
10406.5 0
10407.5 0
10408.5 0
10409.5 0
10410.5 0
10411.5 0
10412.5 0
10413.5 0
10414.5 0
10415.5 0
10416.5 0
10417.5 0
10418.5 0
10419.5 0
10420.5 0
10421.5 0
10422.5 0
10423.5 0
10424.5 0
10425.5 0
10426.5 0
10427.5 0
10428.5 0
10429.5 0
10430.5 0
10431.5 0
10432.5 0
10433.5 0
10434.5 0
10435.5 0
10436.5 0
10437.5 0
10438.5 0
10439.5 0
10440.5 0
10441.5 0
10442.5 0
10443.5 0
10444.5 0
10445.5 0
10446.5 0
10447.5 0
10448.5 0
10449.5 0
10450.5 0
10451.5 0
10452.5 0
10453.5 0
10454.5 0
10455.5 0
10456.5 0
10457.5 0
10458.5 0
10459.5 0
10460.5 0
10461.5 0
10462.5 0
10463.5 0
10464.5 0
10465.5 0
10466.5 0
10467.5 0
10468.5 0
10469.5 0
10470.5 0
10471.5 0
10472.5 0
10473.5 0
10474.5 0
10475.5 0
10476.5 0
10477.5 0
10478.5 0
10479.5 0
10480.5 0
10481.5 0
10482.5 0
10483.5 0
10484.5 0
10485.5 0
10486.5 0
10487.5 0
10488.5 0
10489.5 0
10490.5 0
10491.5 0
10492.5 -1.75
10493.5 0
10494.5 0
10495.5 0
10496.5 0
10497.5 0
10498.5 0
10499.5 0
10500.5 0
10501.5 0
10502.5 1
10503.5 0
10504.5 0
10505.5 0
10506.5 0
10507.5 0
10508.5 0
10509.5 0
10510.5 0
10511.5 0
10512.5 0
10513.5 0
10514.5 0
10515.5 0
10516.5 0
10517.5 0
10518.5 0
10519.5 0
10520.5 0
10521.5 0
10522.5 0
10523.5 0
10524.5 0
10525.5 0
10526.5 0
10527.5 0
10528.5 0
10529.5 0
10530.5 0
10531.5 0
10532.5 0
10533.5 0
10534.5 0
10535.5 0
10536.5 0
10537.5 0
10538.5 0
10539.5 0
10540.5 0
10541.5 0
10542.5 0
10543.5 0
10544.5 0
10545.5 0
10546.5 0
10547.5 0
10548.5 0
10549.5 0
10550.5 0
10551.5 0
10552.5 0
10553.5 0
10554.5 0
10555.5 0
10556.5 0
10557.5 0
10558.5 0
10559.5 0
10560.5 0
10561.5 0
10562.5 0
10563.5 0
10564.5 0
10565.5 0
10566.5 0
10567.5 0
10568.5 0
10569.5 0
10570.5 0
10571.5 0
10572.5 0
10573.5 0
10574.5 0
10575.5 0
10576.5 0
10577.5 0
10578.5 0
10579.5 0
10580.5 0
10581.5 0
10582.5 0
10583.5 0
10584.5 0
10585.5 0
10586.5 0
10587.5 0
10588.5 0
10589.5 0
10590.5 0
10591.5 0
10592.5 0
10593.5 0
10594.5 0
10595.5 0
10596.5 0
10597.5 0
10598.5 0
10599.5 0
10600.5 0
10601.5 0
10602.5 0
10603.5 -1.75
10604.5 0
10605.5 0
10606.5 0
10607.5 0
10608.5 0
10609.5 0
10610.5 0
10611.5 0
10612.5 0
10613.5 0
10614.5 0
10615.5 0
10616.5 0
10617.5 0
10618.5 0
10619.5 0
10620.5 0
10621.5 0
10622.5 0
10623.5 0
10624.5 0
10625.5 0
10626.5 0
10627.5 0
10628.5 0
10629.5 1
10630.5 0
10631.5 1
10632.5 0
10633.5 0
10634.5 0
10635.5 0
10636.5 0
10637.5 0
10638.5 0
10639.5 0
10640.5 0
10641.5 0
10642.5 0
10643.5 0
10644.5 0
10645.5 0
10646.5 0
10647.5 0
10648.5 0
10649.5 0
10650.5 0
10651.5 0
10652.5 0
10653.5 0
10654.5 0
10655.5 0
10656.5 0
10657.5 0
10658.5 0
10659.5 0
10660.5 0
10661.5 0
10662.5 0
10663.5 0
10664.5 0
10665.5 0
10666.5 0
10667.5 0
10668.5 0
10669.5 0
10670.5 0
10671.5 0
10672.5 0
10673.5 0
10674.5 0
10675.5 0
10676.5 0
10677.5 0
10678.5 0
10679.5 0
10680.5 0
10681.5 0
10682.5 0
10683.5 0
10684.5 0
10685.5 0
10686.5 0
10687.5 0
10688.5 0
10689.5 1
10690.5 0
10691.5 0
10692.5 0
10693.5 0
10694.5 0
10695.5 0
10696.5 0
10697.5 0
10698.5 0
10699.5 0
10700.5 0
10701.5 0
10702.5 0
10703.5 0
10704.5 0
10705.5 0
10706.5 0
10707.5 0
10708.5 0
10709.5 0
10710.5 0
10711.5 0
10712.5 0
10713.5 0
10714.5 0
10715.5 0
10716.5 0
10717.5 0
10718.5 0
10719.5 0
10720.5 0
10721.5 0
10722.5 0
10723.5 0
10724.5 0
10725.5 0
10726.5 0
10727.5 0
10728.5 0
10729.5 0
10730.5 0
10731.5 0
10732.5 0
10733.5 0
10734.5 0
10735.5 0
10736.5 0
10737.5 0
10738.5 0
10739.5 0
10740.5 0
10741.5 0
10742.5 0
10743.5 0
10744.5 0
10745.5 0
10746.5 0
10747.5 0
10748.5 0
10749.5 0
10750.5 0
10751.5 0
10752.5 0
10753.5 0
10754.5 0
10755.5 0
10756.5 0
10757.5 0
10758.5 0
10759.5 0
10760.5 0
10761.5 0
10762.5 0
10763.5 0
10764.5 0
10765.5 0
10766.5 0
10767.5 0
10768.5 0
10769.5 0
10770.5 0
10771.5 0
10772.5 0
10773.5 0
10774.5 0
10775.5 0
10776.5 0
10777.5 0
10778.5 0
10779.5 1
10780.5 0
10781.5 0
10782.5 0
10783.5 0
10784.5 0
10785.5 0
10786.5 0
10787.5 0
10788.5 0
10789.5 0
10790.5 0
10791.5 0
10792.5 0
10793.5 0
10794.5 0
10795.5 0
10796.5 0
10797.5 0
10798.5 0
10799.5 0
10800.5 0
10801.5 0
10802.5 0
10803.5 0
10804.5 0
10805.5 0
10806.5 0
10807.5 0
10808.5 0
10809.5 0
10810.5 0
10811.5 0
10812.5 0
10813.5 0
10814.5 0
10815.5 0
10816.5 0
10817.5 0
10818.5 0
10819.5 0
10820.5 0
10821.5 0
10822.5 0
10823.5 0
10824.5 0
10825.5 0
10826.5 0
10827.5 0
10828.5 0
10829.5 0
10830.5 0
10831.5 0
10832.5 0
10833.5 0
10834.5 0
10835.5 0
10836.5 0
10837.5 0
10838.5 0
10839.5 0
10840.5 0
10841.5 0
10842.5 0
10843.5 0
10844.5 0
10845.5 0
10846.5 0
10847.5 0
10848.5 0
10849.5 0
10850.5 0
10851.5 0
10852.5 0
10853.5 0
10854.5 0
10855.5 0
10856.5 0
10857.5 0
10858.5 0
10859.5 0
10860.5 0
10861.5 0
10862.5 0
10863.5 0
10864.5 0
10865.5 0
10866.5 0
10867.5 0
10868.5 0
10869.5 0
10870.5 0
10871.5 0
10872.5 0
10873.5 0
10874.5 0
10875.5 0
10876.5 0
10877.5 0
10878.5 0
10879.5 0
10880.5 0
10881.5 0
10882.5 0
10883.5 0
10884.5 0
10885.5 0
10886.5 0
10887.5 0
10888.5 0
10889.5 0
10890.5 0
10891.5 0
10892.5 0
10893.5 0
10894.5 0
10895.5 0
10896.5 0
10897.5 0
10898.5 0
10899.5 0
10900.5 0
10901.5 0
10902.5 0
10903.5 0
10904.5 0
10905.5 0
10906.5 0
10907.5 0
10908.5 0
10909.5 0
10910.5 0
10911.5 0
10912.5 0
10913.5 0
10914.5 0
10915.5 0
10916.5 0
10917.5 0
10918.5 0
10919.5 0
10920.5 0
10921.5 0
10922.5 0
10923.5 0
10924.5 0
10925.5 0
10926.5 0
10927.5 0
10928.5 0
10929.5 0
10930.5 0
10931.5 0
10932.5 0
10933.5 0
10934.5 0
10935.5 0
10936.5 0
10937.5 0
10938.5 0
10939.5 0
10940.5 0
10941.5 0
10942.5 0
10943.5 0
10944.5 0
10945.5 0
10946.5 0
10947.5 0
10948.5 0
10949.5 0
10950.5 0
10951.5 0
10952.5 0
10953.5 0
10954.5 0
10955.5 0
10956.5 0
10957.5 0
10958.5 0
10959.5 0
10960.5 0
10961.5 0
10962.5 0
10963.5 0
10964.5 0
10965.5 0
10966.5 0
10967.5 0
10968.5 0
10969.5 0
10970.5 0
10971.5 0
10972.5 0
10973.5 0
10974.5 0
10975.5 0
10976.5 0
10977.5 0
10978.5 0
10979.5 0
10980.5 0
10981.5 0
10982.5 0
10983.5 0
10984.5 0
10985.5 0
10986.5 0
10987.5 0
10988.5 0
10989.5 0
10990.5 0
10991.5 0
10992.5 0
10993.5 0
10994.5 0
10995.5 0
10996.5 0
10997.5 0
10998.5 0
10999.5 0
11000.5 0
11001.5 0
11002.5 0
11003.5 0
11004.5 0
11005.5 0
11006.5 0
11007.5 0
11008.5 0
11009.5 0
11010.5 0
11011.5 0
11012.5 0
11013.5 0
11014.5 0
11015.5 0
11016.5 0
11017.5 0
11018.5 0
11019.5 0
11020.5 0
11021.5 0
11022.5 0
11023.5 0
11024.5 0
11025.5 0
11026.5 0
11027.5 0
11028.5 0
11029.5 0
11030.5 0
11031.5 0
11032.5 0
11033.5 0
11034.5 0
11035.5 0
11036.5 0
11037.5 0
11038.5 0
11039.5 0
11040.5 0
11041.5 0
11042.5 0
11043.5 0
11044.5 0
11045.5 0
11046.5 0
11047.5 0
11048.5 0
11049.5 0
11050.5 0
11051.5 0
11052.5 0
11053.5 0
11054.5 0
11055.5 0
11056.5 0
11057.5 0
11058.5 0
11059.5 0
11060.5 0
11061.5 0
11062.5 0
11063.5 0
11064.5 0
11065.5 0
11066.5 0
11067.5 0
11068.5 0
11069.5 0
11070.5 0
11071.5 0
11072.5 0
11073.5 0
11074.5 0
11075.5 0
11076.5 0
11077.5 0
11078.5 0
11079.5 0
11080.5 0
11081.5 0
11082.5 0
11083.5 0
11084.5 0
11085.5 0
11086.5 0
11087.5 0
11088.5 0
11089.5 0
11090.5 0
11091.5 0
11092.5 0
11093.5 0
11094.5 0
11095.5 0
11096.5 0
11097.5 0
11098.5 0
11099.5 0
11100.5 0
11101.5 0
11102.5 0
11103.5 0
11104.5 0
11105.5 0
11106.5 0
11107.5 0
11108.5 0
11109.5 0
11110.5 0
11111.5 0
11112.5 0
11113.5 0
11114.5 0
11115.5 0
11116.5 0
11117.5 0
11118.5 0
11119.5 0
11120.5 0
11121.5 0
11122.5 0
11123.5 0
11124.5 0
11125.5 0
11126.5 0
11127.5 0
11128.5 0
11129.5 0
11130.5 0
11131.5 0
11132.5 0
11133.5 0
11134.5 0
11135.5 0
11136.5 0
11137.5 0
11138.5 0
11139.5 0
11140.5 0
11141.5 0
11142.5 0
11143.5 0
11144.5 0
11145.5 0
11146.5 0
11147.5 0
11148.5 0
11149.5 0
11150.5 0
11151.5 0
11152.5 0
11153.5 0
11154.5 0
11155.5 0
11156.5 0
11157.5 0
11158.5 0
11159.5 0
11160.5 0
11161.5 0
11162.5 0
11163.5 0
11164.5 0
11165.5 0
11166.5 0
11167.5 0
11168.5 0
11169.5 0
11170.5 0
11171.5 0
11172.5 -1.75
11173.5 0
11174.5 0
11175.5 0
11176.5 0
11177.5 0
11178.5 0
11179.5 0
11180.5 0
11181.5 0
11182.5 0
11183.5 0
11184.5 0
11185.5 0
11186.5 0
11187.5 0
11188.5 0
11189.5 0
11190.5 0
11191.5 0
11192.5 0
11193.5 0
11194.5 0
11195.5 0
11196.5 0
11197.5 0
11198.5 0
11199.5 0
11200.5 0
11201.5 0
11202.5 0
11203.5 0
11204.5 0
11205.5 0
11206.5 0
11207.5 0
11208.5 0
11209.5 0
11210.5 0
11211.5 0
11212.5 0
11213.5 0
11214.5 0
11215.5 0
11216.5 0
11217.5 0
11218.5 0
11219.5 0
11220.5 0
11221.5 0
11222.5 0
11223.5 0
11224.5 0
11225.5 0
11226.5 0
11227.5 0
11228.5 0
11229.5 0
11230.5 0
11231.5 0
11232.5 0
11233.5 0
11234.5 0
11235.5 0
11236.5 0
11237.5 0
11238.5 0
11239.5 0
11240.5 0
11241.5 0
11242.5 0
11243.5 0
11244.5 0
11245.5 0
11246.5 0
11247.5 0
11248.5 0
11249.5 0
11250.5 0
11251.5 0
11252.5 0
11253.5 0
11254.5 0
11255.5 1
11256.5 0
11257.5 0
11258.5 0
11259.5 0
11260.5 0
11261.5 0
11262.5 0
11263.5 0
11264.5 0
11265.5 0
11266.5 0
11267.5 0
11268.5 0
11269.5 0
11270.5 0
11271.5 0
11272.5 0
11273.5 0
11274.5 0
11275.5 0
11276.5 0
11277.5 0
11278.5 0
11279.5 0
11280.5 0
11281.5 0
11282.5 0
11283.5 0
11284.5 0
11285.5 0
11286.5 0
11287.5 0
11288.5 0
11289.5 0
11290.5 0
11291.5 0
11292.5 0
11293.5 0
11294.5 0
11295.5 0
11296.5 0
11297.5 0
11298.5 0
11299.5 0
11300.5 0
11301.5 0
11302.5 0
11303.5 0
11304.5 0
11305.5 0
11306.5 0
11307.5 0
11308.5 0
11309.5 0
11310.5 0
11311.5 0
11312.5 0
11313.5 0
11314.5 0
11315.5 0
11316.5 0
11317.5 0
11318.5 0
11319.5 0
11320.5 0
11321.5 0
11322.5 0
11323.5 0
11324.5 0
11325.5 0
11326.5 0
11327.5 0
11328.5 0
11329.5 0
11330.5 0
11331.5 0
11332.5 0
11333.5 0
11334.5 0
11335.5 0
11336.5 0
11337.5 0
11338.5 0
11339.5 0
11340.5 0
11341.5 0
11342.5 0
11343.5 0
11344.5 0
11345.5 0
11346.5 0
11347.5 0
11348.5 0
11349.5 0
11350.5 0
11351.5 0
11352.5 0
11353.5 0
11354.5 0
11355.5 0
11356.5 0
11357.5 0
11358.5 0
11359.5 0
11360.5 0
11361.5 0
11362.5 0
11363.5 0
11364.5 0
11365.5 0
11366.5 0
11367.5 0
11368.5 0
11369.5 0
11370.5 0
11371.5 0
11372.5 0
11373.5 0
11374.5 0
11375.5 0
11376.5 0
11377.5 0
11378.5 0
11379.5 0
11380.5 0
11381.5 0
11382.5 0
11383.5 0
11384.5 0
11385.5 0
11386.5 0
11387.5 0
11388.5 0
11389.5 0
11390.5 0
11391.5 0
11392.5 0
11393.5 0
11394.5 0
11395.5 0
11396.5 0
11397.5 0
11398.5 0
11399.5 0
11400.5 0
11401.5 0
11402.5 0
11403.5 0
11404.5 0
11405.5 0
11406.5 0
11407.5 0
11408.5 0
11409.5 0
11410.5 0
11411.5 0
11412.5 0
11413.5 0
11414.5 0
11415.5 0
11416.5 0
11417.5 0
11418.5 0
11419.5 0
11420.5 0
11421.5 0
11422.5 0
11423.5 0
11424.5 0
11425.5 0
11426.5 0
11427.5 0
11428.5 0
11429.5 0
11430.5 0
11431.5 0
11432.5 0
11433.5 0
11434.5 0
11435.5 0
11436.5 0
11437.5 0
11438.5 0
11439.5 0
11440.5 0
11441.5 0
11442.5 0
11443.5 0
11444.5 0
11445.5 0
11446.5 0
11447.5 0
11448.5 0
11449.5 0
11450.5 0
11451.5 0
11452.5 0
11453.5 0
11454.5 0
11455.5 0
11456.5 0
11457.5 0
11458.5 0
11459.5 0
11460.5 0
11461.5 0
11462.5 0
11463.5 0
11464.5 0
11465.5 0
11466.5 0
11467.5 0
11468.5 0
11469.5 0
11470.5 0
11471.5 0
11472.5 0
11473.5 0
11474.5 0
11475.5 0
11476.5 0
11477.5 0
11478.5 0
11479.5 0
11480.5 0
11481.5 0
11482.5 0
11483.5 0
11484.5 0
11485.5 0
11486.5 0
11487.5 0
11488.5 0
11489.5 0
11490.5 0
11491.5 0
11492.5 0
11493.5 0
11494.5 0
11495.5 0
11496.5 0
11497.5 0
11498.5 0
11499.5 0
11500.5 0
11501.5 0
11502.5 0
11503.5 0
11504.5 0
11505.5 0
11506.5 0
11507.5 0
11508.5 0
11509.5 0
11510.5 0
11511.5 0
11512.5 0
11513.5 0
11514.5 0
11515.5 0
11516.5 0
11517.5 0
11518.5 0
11519.5 0
11520.5 0
11521.5 0
11522.5 0
11523.5 0
11524.5 0
11525.5 0
11526.5 0
11527.5 0
11528.5 0
11529.5 0
11530.5 -1.75
11531.5 0
11532.5 0
11533.5 0
11534.5 0
11535.5 0
11536.5 0
11537.5 0
11538.5 0
11539.5 0
11540.5 0
11541.5 0
11542.5 0
11543.5 0
11544.5 0
11545.5 0
11546.5 0
11547.5 0
11548.5 0
11549.5 0
11550.5 0
11551.5 0
11552.5 0
11553.5 0
11554.5 0
11555.5 0
11556.5 0
11557.5 0
11558.5 0
11559.5 1
11560.5 0
11561.5 0
11562.5 0
11563.5 0
11564.5 0
11565.5 0
11566.5 0
11567.5 0
11568.5 0
11569.5 0
11570.5 0
11571.5 0
11572.5 0
11573.5 0
11574.5 0
11575.5 0
11576.5 0
11577.5 0
11578.5 0
11579.5 0
11580.5 0
11581.5 0
11582.5 0
11583.5 0
11584.5 0
11585.5 0
11586.5 0
11587.5 0
11588.5 0
11589.5 0
11590.5 0
11591.5 0
11592.5 0
11593.5 0
11594.5 0
11595.5 0
11596.5 0
11597.5 0
11598.5 0
11599.5 0
11600.5 0
11601.5 0
11602.5 0
11603.5 0
11604.5 0
11605.5 0
11606.5 0
11607.5 0
11608.5 0
11609.5 0
11610.5 0
11611.5 0
11612.5 0
11613.5 0
11614.5 0
11615.5 0
11616.5 0
11617.5 0
11618.5 0
11619.5 0
11620.5 0
11621.5 0
11622.5 0
11623.5 0
11624.5 0
11625.5 0
11626.5 0
11627.5 0
11628.5 0
11629.5 0
11630.5 0
11631.5 0
11632.5 0
11633.5 0
11634.5 0
11635.5 0
11636.5 0
11637.5 0
11638.5 0
11639.5 0
11640.5 0
11641.5 0
11642.5 0
11643.5 0
11644.5 0
11645.5 0
11646.5 0
11647.5 0
11648.5 0
11649.5 0
11650.5 0
11651.5 0
11652.5 0
11653.5 0
11654.5 0
11655.5 0
11656.5 0
11657.5 0
11658.5 0
11659.5 0
11660.5 0
11661.5 0
11662.5 0
11663.5 0
11664.5 0
11665.5 0
11666.5 0
11667.5 0
11668.5 0
11669.5 0
11670.5 0
11671.5 0
11672.5 0
11673.5 0
11674.5 0
11675.5 0
11676.5 0
11677.5 0
11678.5 0
11679.5 0
11680.5 0
11681.5 0
11682.5 0
11683.5 0
11684.5 0
11685.5 0
11686.5 0
11687.5 0
11688.5 0
11689.5 0
11690.5 0
11691.5 0
11692.5 0
11693.5 0
11694.5 0
11695.5 0
11696.5 0
11697.5 0
11698.5 0
11699.5 0
11700.5 0
11701.5 0
11702.5 0
11703.5 0
11704.5 0
11705.5 0
11706.5 0
11707.5 0
11708.5 0
11709.5 0
11710.5 0
11711.5 0
11712.5 0
11713.5 0
11714.5 0
11715.5 0
11716.5 0
11717.5 0
11718.5 0
11719.5 0
11720.5 0
11721.5 0
11722.5 0
11723.5 0
11724.5 0
11725.5 0
11726.5 0
11727.5 0
11728.5 0
11729.5 0
11730.5 0
11731.5 0
11732.5 0
11733.5 0
11734.5 0
11735.5 0
11736.5 0
11737.5 0
11738.5 0
11739.5 0
11740.5 0
11741.5 0
11742.5 0
11743.5 0
11744.5 0
11745.5 0
11746.5 0
11747.5 0
11748.5 0
11749.5 0
11750.5 0
11751.5 0
11752.5 0
11753.5 0
11754.5 0
11755.5 0
11756.5 0
11757.5 0
11758.5 0
11759.5 0
11760.5 0
11761.5 0
11762.5 0
11763.5 0
11764.5 0
11765.5 0
11766.5 0
11767.5 0
11768.5 0
11769.5 0
11770.5 0
11771.5 0
11772.5 0
11773.5 0
11774.5 0
11775.5 0
11776.5 0
11777.5 0
11778.5 0
11779.5 0
11780.5 0
11781.5 0
11782.5 0
11783.5 0
11784.5 0
11785.5 0
11786.5 0
11787.5 0
11788.5 0
11789.5 0
11790.5 0
11791.5 0
11792.5 0
11793.5 0
11794.5 0
11795.5 0
11796.5 0
11797.5 0
11798.5 0
11799.5 0
11800.5 0
11801.5 0
11802.5 0
11803.5 0
11804.5 0
11805.5 0
11806.5 0
11807.5 0
11808.5 0
11809.5 0
11810.5 0
11811.5 0
11812.5 0
11813.5 0
11814.5 0
11815.5 0
11816.5 0
11817.5 0
11818.5 0
11819.5 0
11820.5 0
11821.5 0
11822.5 0
11823.5 0
11824.5 0
11825.5 0
11826.5 0
11827.5 0
11828.5 0
11829.5 0
11830.5 0
11831.5 0
11832.5 0
11833.5 0
11834.5 0
11835.5 0
11836.5 0
11837.5 0
11838.5 0
11839.5 0
11840.5 0
11841.5 0
11842.5 0
11843.5 0
11844.5 0
11845.5 0
11846.5 0
11847.5 0
11848.5 0
11849.5 0
11850.5 0
11851.5 0
11852.5 0
11853.5 0
11854.5 0
11855.5 1
11856.5 0
11857.5 0
11858.5 0
11859.5 0
11860.5 0
11861.5 0
11862.5 0
11863.5 0
11864.5 0
11865.5 0
11866.5 0
11867.5 0
11868.5 0
11869.5 0
11870.5 0
11871.5 0
11872.5 0
11873.5 0
11874.5 0
11875.5 0
11876.5 0
11877.5 0
11878.5 0
11879.5 0
11880.5 0
11881.5 0
11882.5 0
11883.5 0
11884.5 0
11885.5 0
11886.5 0
11887.5 0
11888.5 0
11889.5 0
11890.5 0
11891.5 0
11892.5 0
11893.5 0
11894.5 0
11895.5 0
11896.5 0
11897.5 0
11898.5 0
11899.5 0
11900.5 0
11901.5 0
11902.5 0
11903.5 0
11904.5 0
11905.5 0
11906.5 0
11907.5 0
11908.5 0
11909.5 0
11910.5 0
11911.5 0
11912.5 0
11913.5 0
11914.5 0
11915.5 0
11916.5 0
11917.5 0
11918.5 0
11919.5 0
11920.5 0
11921.5 0
11922.5 0
11923.5 0
11924.5 0
11925.5 0
11926.5 0
11927.5 0
11928.5 0
11929.5 0
11930.5 0
11931.5 0
11932.5 0
11933.5 0
11934.5 0
11935.5 0
11936.5 0
11937.5 0
11938.5 0
11939.5 0
11940.5 0
11941.5 0
11942.5 0
11943.5 0
11944.5 0
11945.5 0
11946.5 0
11947.5 0
11948.5 0
11949.5 0
11950.5 0
11951.5 0
11952.5 0
11953.5 0
11954.5 0
11955.5 0
11956.5 0
11957.5 0
11958.5 0
11959.5 0
11960.5 0
11961.5 0
11962.5 0
11963.5 0
11964.5 0
11965.5 0
11966.5 0
11967.5 0
11968.5 0
11969.5 0
11970.5 0
11971.5 0
11972.5 0
11973.5 0
11974.5 0
11975.5 0
11976.5 0
11977.5 0
11978.5 0
11979.5 0
11980.5 0
11981.5 0
11982.5 0
11983.5 0
11984.5 0
11985.5 0
11986.5 0
11987.5 0
11988.5 0
11989.5 0
11990.5 0
11991.5 0
11992.5 0
11993.5 0
11994.5 0
11995.5 0
11996.5 0
11997.5 0
11998.5 0
11999.5 0
