# EGG_ProjY_E1863.0(3.0)_B1848.0(1.0)_B1894.5(1.5)
# X axis : Energy (keV) [Y axis]
# Y axis : Counts/1 keV
# N Bins : 12000
# X Min : 0
# X Max : 12000
# X value at the center of the bins
0.5 0
1.5 0
2.5 0
3.5 0
4.5 0
5.5 -9.8
6.5 7.8
7.5 -3.6
8.5 -3.4
9.5 14.8
10.5 14.4
11.5 -3.6
12.5 -1.4
13.5 -25.4
14.5 5.59999
15.5 -26.4
16.5 -7.20001
17.5 44
18.5 83.6
19.5 40.8
20.5 1.19997
21.5 -80.4
22.5 44
23.5 146.2
24.5 16.3999
25.5 125.8
26.5 303.2
27.5 67.3999
28.5 186
29.5 76.9999
30.5 170.4
31.5 240
32.5 270.6
33.5 52.3999
34.5 120
35.5 197.4
36.5 214.2
37.5 103.6
38.5 138.6
39.5 176.6
40.5 379
41.5 246.4
42.5 467.6
43.5 32.7998
44.5 200.8
45.5 152.4
46.5 295.2
47.5 92.1999
48.5 378.2
49.5 168.2
50.5 184.8
51.5 247.8
52.5 256.4
53.5 289
54.5 239.2
55.5 145.2
56.5 340.8
57.5 193.8
58.5 374.2
59.5 308
60.5 270
61.5 139
62.5 144
63.5 315.2
64.5 99.5999
65.5 330.4
66.5 329.4
67.5 246.8
68.5 256.4
69.5 234
70.5 70.3999
71.5 223.6
72.5 194.8
73.5 286.6
74.5 461.6
75.5 401
76.5 465.4
77.5 705
78.5 766.2
79.5 400.4
80.5 243.8
81.5 278.8
82.5 337
83.5 345
84.5 232.8
85.5 338.2
86.5 300.4
87.5 436.6
88.5 268.2
89.5 428.8
90.5 254.8
91.5 323.6
92.5 18.1998
93.5 308.4
94.5 228
95.5 244.4
96.5 285.6
97.5 348
98.5 136.6
99.5 205.4
100.5 116.8
101.5 368
102.5 192.8
103.5 229.2
104.5 126.4
105.5 217.2
106.5 324
107.5 319
108.5 239.2
109.5 126.6
110.5 23.1998
111.5 283.2
112.5 26.5998
113.5 372.4
114.5 162
115.5 372.8
116.5 294
117.5 396.2
118.5 150.4
119.5 456.8
120.5 254.2
121.5 373.2
122.5 320.4
123.5 337.6
124.5 378.6
125.5 379.2
126.5 462.8
127.5 494
128.5 353
129.5 505.2
130.5 419.6
131.5 426.6
132.5 414.4
133.5 492.2
134.5 353
135.5 394
136.5 462
137.5 706.8
138.5 405.6
139.5 412.2
140.5 611.2
141.5 137.6
142.5 385
143.5 364.4
144.5 244.2
145.5 197.6
146.5 351
147.5 354.8
148.5 439.4
149.5 395
150.5 309.4
151.5 351.2
152.5 173.6
153.5 146.6
154.5 266.4
155.5 258.6
156.5 363.4
157.5 130
158.5 278.2
159.5 246.4
160.5 202.6
161.5 134.2
162.5 205.4
163.5 389
164.5 338.4
165.5 396.4
166.5 401.6
167.5 403.2
168.5 387.8
169.5 354.6
170.5 170.4
171.5 393.6
172.5 298
173.5 520
174.5 389.2
175.5 360.8
176.5 648.4
177.5 644.8
178.5 456
179.5 169.6
180.5 450.6
181.5 447.4
182.5 523
183.5 590.6
184.5 436.4
185.5 694.6
186.5 755.4
187.5 370.8
188.5 910.8
189.5 645.6
190.5 722
191.5 505.2
192.5 511.4
193.5 234.6
194.5 354
195.5 273.6
196.5 384.4
197.5 487
198.5 524.6
199.5 290.2
200.5 515.6
201.5 596.2
202.5 701.2
203.5 275
204.5 321.6
205.5 469.6
206.5 229
207.5 233.4
208.5 450.8
209.5 442.2
210.5 492.2
211.5 463.4
212.5 468.8
213.5 370
214.5 489.6
215.5 549.2
216.5 562.4
217.5 409.8
218.5 254
219.5 398.8
220.5 483.8
221.5 686.4
222.5 727.8
223.5 874.2
224.5 730
225.5 726
226.5 734
227.5 809.2
228.5 599
229.5 480
230.5 552.2
231.5 469.2
232.5 520.8
233.5 697.8
234.5 861.8
235.5 965.6
236.5 780
237.5 709.4
238.5 480
239.5 267.6
240.5 233.8
241.5 429.2
242.5 602
243.5 582
244.5 445.6
245.5 314.4
246.5 118.6
247.5 25.5998
248.5 -224.2
249.5 -288.4
250.5 -69.8002
251.5 -337.2
252.5 -387
253.5 -819.4
254.5 -1426.6
255.5 -1846
256.5 -1453.2
257.5 -867.6
258.5 -168.6
259.5 17.7998
260.5 293.2
261.5 229.6
262.5 216
263.5 262.8
264.5 272.8
265.5 286.6
266.5 323.4
267.5 418.8
268.5 422.8
269.5 377
270.5 527.2
271.5 217.8
272.5 234.8
273.5 488.2
274.5 295.4
275.5 475
276.5 594
277.5 885.8
278.5 973
279.5 989.4
280.5 1244
281.5 1010.2
282.5 1388.2
283.5 1512.4
284.5 2177.2
285.5 2578.6
286.5 2810.4
287.5 2727.8
288.5 2361.8
289.5 1966.2
290.5 1005.8
291.5 507.2
292.5 150.2
293.5 229
294.5 -106.8
295.5 -174.4
296.5 -114.2
297.5 -332.2
298.5 -154
299.5 -246.8
300.5 -654
301.5 -1408
302.5 -1349.2
303.5 -1204
304.5 -828.6
305.5 -469.8
306.5 -113.4
307.5 40.5999
308.5 175.4
309.5 286.8
310.5 329.6
311.5 405.6
312.5 312
313.5 364.8
314.5 311.8
315.5 219.6
316.5 246.6
317.5 370.8
318.5 449.4
319.5 304.6
320.5 426.6
321.5 368.2
322.5 396.6
323.5 53.3999
324.5 -595.4
325.5 -2086
326.5 -4224.2
327.5 -5647.8
328.5 -5697.4
329.5 -4333.6
330.5 -2348.2
331.5 -559.2
332.5 324.6
333.5 554.2
334.5 722.4
335.5 863.2
336.5 970
337.5 1056.8
338.5 835.8
339.5 714.8
340.5 468.2
341.5 445.8
342.5 335.6
343.5 451.2
344.5 401.6
345.5 409
346.5 326
347.5 393.2
348.5 237
349.5 118.4
350.5 -158.8
351.5 -163.4
352.5 -8.20013
353.5 262.2
354.5 1044.2
355.5 2290.2
356.5 4314.2
357.5 5876.2
358.5 7209.6
359.5 7363.4
360.5 7131.8
361.5 5775.6
362.5 4084.4
363.5 2337.6
364.5 1077
365.5 680
366.5 386.4
367.5 374.8
368.5 280.4
369.5 247.6
370.5 -189
371.5 -626.2
372.5 -1612
373.5 -3281.8
374.5 -3820.8
375.5 -3123.6
376.5 -1927.6
377.5 -739
378.5 -68.4001
379.5 103.2
380.5 329.8
381.5 312.6
382.5 188.4
383.5 337.8
384.5 229.2
385.5 174.2
386.5 162.4
387.5 231.4
388.5 165
389.5 197.8
390.5 257.6
391.5 262
392.5 190
393.5 322.8
394.5 165.2
395.5 117.8
396.5 51.3999
397.5 269.8
398.5 218.4
399.5 158.4
400.5 32.5999
401.5 64.1999
402.5 108.6
403.5 -107.8
404.5 -97.8004
405.5 -53.4002
406.5 41.3999
407.5 -17.4001
408.5 71.9999
409.5 71.9999
410.5 376
411.5 218.4
412.5 266.6
413.5 326.4
414.5 272.8
415.5 260.2
416.5 358.2
417.5 468.4
418.5 362.6
419.5 334
420.5 356.6
421.5 356.8
422.5 313.6
423.5 229.6
424.5 173
425.5 76.7999
426.5 374
427.5 188.6
428.5 289.4
429.5 244
430.5 314.2
431.5 226
432.5 257.6
433.5 234.2
434.5 408.4
435.5 433
436.5 536.4
437.5 433.4
438.5 303.2
439.5 407.2
440.5 252.8
441.5 167.4
442.5 240
443.5 186
444.5 228.4
445.5 168.2
446.5 132.4
447.5 140
448.5 101.8
449.5 276
450.5 182.6
451.5 118.4
452.5 178.2
453.5 68.1999
454.5 149.6
455.5 -10.4001
456.5 178.4
457.5 187.6
458.5 295.8
459.5 117
460.5 280
461.5 294.4
462.5 199.4
463.5 216.2
464.5 58.9999
465.5 340
466.5 253.6
467.5 174.2
468.5 278.6
469.5 278.2
470.5 270.4
471.5 323
472.5 291
473.5 238.6
474.5 204.4
475.5 328.6
476.5 297.8
477.5 99.1999
478.5 280
479.5 209.8
480.5 155
481.5 180.4
482.5 6.99992
483.5 87.5999
484.5 166
485.5 212.2
486.5 140
487.5 130.4
488.5 128.2
489.5 264
490.5 226.2
491.5 268.6
492.5 179
493.5 172.8
494.5 70.3999
495.5 222.6
496.5 116
497.5 294.6
498.5 297.8
499.5 146.2
500.5 186.8
501.5 201.4
502.5 232
503.5 162
504.5 186.4
505.5 226.8
506.5 347.4
507.5 67.3999
508.5 567
509.5 756.2
510.5 978.599
511.5 1418.6
512.5 886.4
513.5 485.8
514.5 346.2
515.5 143
516.5 261.8
517.5 129.8
518.5 189
519.5 21.5999
520.5 134.6
521.5 84.5999
522.5 240.6
523.5 140.4
524.5 130
525.5 175
526.5 179.8
527.5 161.8
528.5 166
529.5 214.4
530.5 196.8
531.5 181.2
532.5 73.3999
533.5 174.8
534.5 208.6
535.5 101.6
536.5 139.8
537.5 248.4
538.5 144.8
539.5 159
540.5 205.4
541.5 181.6
542.5 231.2
543.5 221.2
544.5 195.6
545.5 149
546.5 166
547.5 146.4
548.5 126.8
549.5 135
550.5 121.6
551.5 172
552.5 121
553.5 87.5999
554.5 156.2
555.5 245.8
556.5 93.1999
557.5 199.2
558.5 146.6
559.5 256.6
560.5 220.6
561.5 189.2
562.5 130.8
563.5 215.6
564.5 135.2
565.5 340.2
566.5 173.2
567.5 260.8
568.5 242.8
569.5 253.8
570.5 230
571.5 149
572.5 71.1999
573.5 236
574.5 190.4
575.5 76.3999
576.5 52.9999
577.5 87.9999
578.5 75.1999
579.5 192
580.5 253.6
581.5 114.8
582.5 107.4
583.5 -216.8
584.5 136.8
585.5 138
586.5 268.8
587.5 266.8
588.5 236.6
589.5 251.2
590.5 178.2
591.5 183
592.5 192
593.5 68.7999
594.5 264.4
595.5 159.8
596.5 273.8
597.5 160.4
598.5 8.19994
599.5 123.6
600.5 163.2
601.5 241.8
602.5 137
603.5 192.6
604.5 329.8
605.5 276.4
606.5 277.6
607.5 307.6
608.5 60.9999
609.5 151.2
610.5 320
611.5 293
612.5 340.4
613.5 109.4
614.5 152.8
615.5 114
616.5 196
617.5 167.2
618.5 131.8
619.5 28.5999
620.5 99.1999
621.5 63.9999
622.5 -11.4001
623.5 75.1999
624.5 5.39994
625.5 68.1999
626.5 305.8
627.5 1376.8
628.5 2747.2
629.5 1828.2
630.5 627.6
631.5 157.4
632.5 54.1999
633.5 16.1999
634.5 104
635.5 121.4
636.5 133.4
637.5 241.2
638.5 -7.60007
639.5 79.3999
640.5 213.8
641.5 159.4
642.5 185.2
643.5 247
644.5 201.6
645.5 226.4
646.5 161.2
647.5 320
648.5 274.4
649.5 278.6
650.5 248.6
651.5 331
652.5 354
653.5 321.6
654.5 219.2
655.5 389
656.5 255.4
657.5 275.2
658.5 147.8
659.5 137.8
660.5 173.2
661.5 204.4
662.5 202.4
663.5 171.8
664.5 184
665.5 354
666.5 270.2
667.5 196.4
668.5 51.3999
669.5 87.1999
670.5 81.3999
671.5 158
672.5 85
673.5 110.4
674.5 221
675.5 149
676.5 178.6
677.5 62.8
678.5 133.2
679.5 246.6
680.5 118.8
681.5 218
682.5 154
683.5 107
684.5 199
685.5 213
686.5 134.8
687.5 147
688.5 122.6
689.5 181
690.5 132
691.5 220
692.5 158.4
693.5 205
694.5 119
695.5 96
696.5 177.6
697.5 113.4
698.5 184.8
699.5 107.2
700.5 67.4
701.5 133.6
702.5 19.1999
703.5 67.1999
704.5 129.2
705.5 243.2
706.5 133.2
707.5 202.8
708.5 103.2
709.5 201.4
710.5 184.2
711.5 72.8
712.5 161.8
713.5 126.4
714.5 190.6
715.5 88
716.5 244.6
717.5 174.6
718.5 216.8
719.5 57.6
720.5 172.2
721.5 50.4
722.5 14.7999
723.5 82.4
724.5 146.4
725.5 59.9999
726.5 138.8
727.5 167
728.5 75.3999
729.5 225.2
730.5 182
731.5 215.2
732.5 162.6
733.5 39.4
734.5 203.4
735.5 150.6
736.5 232.8
737.5 118.4
738.5 233.6
739.5 154.8
740.5 185.6
741.5 128.8
742.5 166.6
743.5 222.8
744.5 109.4
745.5 246.4
746.5 263.6
747.5 243.6
748.5 278.4
749.5 194.4
750.5 287.2
751.5 256.4
752.5 251.2
753.5 282
754.5 262.6
755.5 149.4
756.5 197
757.5 210.6
758.5 196.8
759.5 656.2
760.5 1310.8
761.5 1713
762.5 880
763.5 179.4
764.5 207.2
765.5 150.8
766.5 158.6
767.5 268.8
768.5 112.8
769.5 98.6
770.5 152.6
771.5 159.8
772.5 136.2
773.5 119.8
774.5 228.4
775.5 204.2
776.5 195.8
777.5 186
778.5 147
779.5 140.2
780.5 136.6
781.5 182.4
782.5 206.4
783.5 112.6
784.5 375.8
785.5 161.2
786.5 126.4
787.5 163
788.5 125.2
789.5 201.6
790.5 228
791.5 117.2
792.5 219.4
793.5 242
794.5 173.8
795.5 132.8
796.5 183.2
797.5 190.6
798.5 223.2
799.5 174
800.5 219.8
801.5 96.4
802.5 99.4
803.5 250.2
804.5 224.2
805.5 223.8
806.5 197
807.5 159.6
808.5 176.2
809.5 142.4
810.5 137.6
811.5 132
812.5 208.6
813.5 233
814.5 207
815.5 227.6
816.5 189.2
817.5 113.2
818.5 167
819.5 227.4
820.5 206.2
821.5 150.2
822.5 138
823.5 278.4
824.5 86
825.5 90.6
826.5 178
827.5 131.4
828.5 167
829.5 233.4
830.5 93.7999
831.5 108
832.5 83.8
833.5 195
834.5 267.4
835.5 313.4
836.5 235.4
837.5 194.6
838.5 116.8
839.5 254.4
840.5 206.4
841.5 215.2
842.5 201.6
843.5 162.4
844.5 212
845.5 205
846.5 104.6
847.5 191.2
848.5 102.2
849.5 247
850.5 185
851.5 206.2
852.5 235
853.5 180.4
854.5 212.4
855.5 252.4
856.5 249.2
857.5 340.4
858.5 409
859.5 253.2
860.5 186.8
861.5 185
862.5 183
863.5 190.8
864.5 189.4
865.5 226.8
866.5 311.2
867.5 834.2
868.5 1921.6
869.5 2442
870.5 1256.4
871.5 444.6
872.5 192.4
873.5 228.6
874.5 121.8
875.5 207.2
876.5 155.6
877.5 339
878.5 247.2
879.5 208
880.5 195
881.5 151.6
882.5 259.6
883.5 205
884.5 260.4
885.5 246.4
886.5 199.4
887.5 181.8
888.5 222.4
889.5 243.2
890.5 184.6
891.5 211.2
892.5 152.2
893.5 182.2
894.5 216.2
895.5 161.6
896.5 155.8
897.5 124.4
898.5 250
899.5 95.9999
900.5 250.2
901.5 243.2
902.5 201.4
903.5 121.4
904.5 265.8
905.5 198.2
906.5 220
907.5 170
908.5 226.4
909.5 82.1999
910.5 265.2
911.5 218.8
912.5 161.4
913.5 226
914.5 159.4
915.5 106.6
916.5 281.4
917.5 224.2
918.5 186.2
919.5 132.2
920.5 87.9999
921.5 198.6
922.5 170.4
923.5 128.4
924.5 110.4
925.5 265.8
926.5 218.8
927.5 248
928.5 189.4
929.5 92.3999
930.5 225.6
931.5 143
932.5 236.8
933.5 180.6
934.5 88.5999
935.5 274.4
936.5 277.2
937.5 197.4
938.5 124.6
939.5 180
940.5 249.2
941.5 177.6
942.5 254.8
943.5 254
944.5 210.6
945.5 128.8
946.5 268.8
947.5 149.8
948.5 161.8
949.5 146.2
950.5 192
951.5 167
952.5 152
953.5 180.4
954.5 165
955.5 163.6
956.5 104.2
957.5 139.8
958.5 155.6
959.5 11.2
960.5 137.6
961.5 135.2
962.5 168.8
963.5 126.6
964.5 68.4
965.5 183.4
966.5 374.6
967.5 256
968.5 168.6
969.5 171.2
970.5 116.6
971.5 83.4
972.5 122.2
973.5 122
974.5 111.8
975.5 184.4
976.5 155.2
977.5 151.2
978.5 134.6
979.5 190
980.5 161.2
981.5 266.6
982.5 228.8
983.5 249
984.5 244.6
985.5 154.8
986.5 112.8
987.5 115.4
988.5 112
989.5 98
990.5 178.8
991.5 133
992.5 154.4
993.5 54.4
994.5 119.8
995.5 160.8
996.5 85.6
997.5 167.6
998.5 74.8
999.5 319.8
1000.5 794.4
1001.5 1480
1002.5 1532.2
1003.5 627.2
1004.5 204.8
1005.5 183.2
1006.5 86
1007.5 150
1008.5 103.6
1009.5 186
1010.5 144.4
1011.5 150
1012.5 113.4
1013.5 44.6
1014.5 158.4
1015.5 77
1016.5 176.6
1017.5 146.2
1018.5 130.6
1019.5 155
1020.5 33.2
1021.5 168.6
1022.5 181.2
1023.5 259.8
1024.5 227.4
1025.5 148.4
1026.5 178.2
1027.5 90.8
1028.5 102
1029.5 135
1030.5 141
1031.5 111.8
1032.5 152.8
1033.5 89.2
1034.5 100
1035.5 36
1036.5 95.6
1037.5 109.6
1038.5 133.4
1039.5 105
1040.5 84.2
1041.5 83.2
1042.5 13
1043.5 64.4
1044.5 140.6
1045.5 110.4
1046.5 65.4
1047.5 64
1048.5 14.4
1049.5 -0.400047
1050.5 -47.0001
1051.5 -43.0001
1052.5 59
1053.5 54.4
1054.5 68.8
1055.5 133.8
1056.5 119.6
1057.5 -15.2
1058.5 44
1059.5 66.6
1060.5 7.59997
1061.5 33
1062.5 94.8
1063.5 128.8
1064.5 113.6
1065.5 105
1066.5 60.8
1067.5 8.59997
1068.5 17
1069.5 184.4
1070.5 103.4
1071.5 238.2
1072.5 980.8
1073.5 2100.8
1074.5 2521.6
1075.5 1227.4
1076.5 426
1077.5 96
1078.5 150.2
1079.5 75.4
1080.5 175.8
1081.5 114.4
1082.5 89.6
1083.5 181.4
1084.5 152.6
1085.5 105.6
1086.5 138.6
1087.5 66.4
1088.5 49
1089.5 -23.2
1090.5 122.8
1091.5 101
1092.5 121.2
1093.5 72.8
1094.5 88.6
1095.5 12.4
1096.5 9.59997
1097.5 72.6
1098.5 16.4
1099.5 -15.8
1100.5 31.4
1101.5 9.39997
1102.5 105.2
1103.5 61.4
1104.5 105
1105.5 22
1106.5 13.2
1107.5 105.8
1108.5 25.4
1109.5 91.2
1110.5 53.4
1111.5 3.59998
1112.5 68.8
1113.5 62.6
1114.5 93.8
1115.5 18.2
1116.5 65
1117.5 114.4
1118.5 57.4
1119.5 160.4
1120.5 43.6
1121.5 15.8
1122.5 133.8
1123.5 635.8
1124.5 2242.8
1125.5 5398.6
1126.5 6361.2
1127.5 2701.2
1128.5 647.4
1129.5 156.2
1130.5 102
1131.5 114.2
1132.5 26.8
1133.5 65.6
1134.5 67.6
1135.5 43.6
1136.5 47.4
1137.5 78.4
1138.5 32.6
1139.5 30
1140.5 34.6
1141.5 52.4
1142.5 50
1143.5 24
1144.5 4.39998
1145.5 108.8
1146.5 48.4
1147.5 94
1148.5 70.6
1149.5 92.4
1150.5 131.8
1151.5 64
1152.5 137.6
1153.5 189.4
1154.5 968.2
1155.5 3377
1156.5 7837.8
1157.5 8234.4
1158.5 3184.8
1159.5 699.4
1160.5 104.8
1161.5 47
1162.5 36.2
1163.5 42.2
1164.5 79.2
1165.5 2.19997
1166.5 20.8
1167.5 28
1168.5 55.4
1169.5 14.4
1170.5 64
1171.5 7.59998
1172.5 46.6
1173.5 47.2
1174.5 49.6
1175.5 112
1176.5 3.59998
1177.5 64
1178.5 11.4
1179.5 24.2
1180.5 25.8
1181.5 25.2
1182.5 15.6
1183.5 102
1184.5 -12.8
1185.5 128.6
1186.5 23
1187.5 53.4
1188.5 4.59998
1189.5 36.4
1190.5 34.6
1191.5 -22.8
1192.5 24.6
1193.5 -1.20002
1194.5 65.6
1195.5 38.4
1196.5 7.59998
1197.5 46.2
1198.5 -5.20002
1199.5 39.8
1200.5 -5.60002
1201.5 51.2
1202.5 -10.8
1203.5 62.8
1204.5 15.2
1205.5 31.8
1206.5 24.2
1207.5 70.2
1208.5 -14
1209.5 -2.40002
1210.5 38.2
1211.5 67.2
1212.5 64
1213.5 -11.2
1214.5 18.4
1215.5 15.8
1216.5 -5.80002
1217.5 32.2
1218.5 40.8
1219.5 42.8
1220.5 20.4
1221.5 22.2
1222.5 58.4
1223.5 24
1224.5 22.8
1225.5 34
1226.5 68.6
1227.5 57.4
1228.5 35.6
1229.5 8.19998
1230.5 -16.6
1231.5 7.79998
1232.5 53.8
1233.5 30.8
1234.5 17.2
1235.5 23.6
1236.5 100.4
1237.5 -9.60002
1238.5 79.8
1239.5 58.6
1240.5 46.6
1241.5 11.6
1242.5 -2.20002
1243.5 60.8
1244.5 9.59998
1245.5 79.2
1246.5 -20
1247.5 53.2
1248.5 5.79998
1249.5 14.2
1250.5 2.19998
1251.5 10.8
1252.5 12.4
1253.5 71
1254.5 49.4
1255.5 29.4
1256.5 46.6
1257.5 46.8
1258.5 21.8
1259.5 -80.4
1260.5 12.8
1261.5 2.79997
1262.5 -33.8
1263.5 -4.40002
1264.5 20
1265.5 24.6
1266.5 60.2
1267.5 -12.8
1268.5 34.4
1269.5 43.8
1270.5 29.4
1271.5 0.199984
1272.5 -11
1273.5 33
1274.5 22.6
1275.5 37.4
1276.5 28.6
1277.5 50.6
1278.5 34.2
1279.5 83
1280.5 37.6
1281.5 29.6
1282.5 63
1283.5 -1.20002
1284.5 15.2
1285.5 31.4
1286.5 58.2
1287.5 -15.6
1288.5 16
1289.5 11.4
1290.5 39
1291.5 41
1292.5 54
1293.5 74.2
1294.5 59.8
1295.5 31.6
1296.5 38.6
1297.5 3.99998
1298.5 62.6
1299.5 18.2
1300.5 28.2
1301.5 42
1302.5 23.8
1303.5 -12.6
1304.5 38
1305.5 1.99998
1306.5 19.6
1307.5 64
1308.5 33.6
1309.5 20.8
1310.5 35.6
1311.5 16
1312.5 23
1313.5 -16.6
1314.5 17
1315.5 24.6
1316.5 5.79998
1317.5 73.8
1318.5 58.2
1319.5 10.6
1320.5 49
1321.5 -15.2
1322.5 16.4
1323.5 63.4
1324.5 55.8
1325.5 61.2
1326.5 -39.6
1327.5 13.6
1328.5 -0.400017
1329.5 109.4
1330.5 128.6
1331.5 201.8
1332.5 49.8
1333.5 37.4
1334.5 14.4
1335.5 60.8
1336.5 -7.80002
1337.5 16.6
1338.5 1.19999
1339.5 27.8
1340.5 25.8
1341.5 37.6
1342.5 49.8
1343.5 17.4
1344.5 0.399984
1345.5 16.2
1346.5 4.99998
1347.5 -18
1348.5 42
1349.5 52.6
1350.5 24.8
1351.5 69.8
1352.5 79.2
1353.5 54.8
1354.5 35.6
1355.5 117.4
1356.5 -8.20001
1357.5 44.6
1358.5 27.6
1359.5 55.8
1360.5 27
1361.5 54.8
1362.5 -14
1363.5 56.8
1364.5 -0.200015
1365.5 46.2
1366.5 -35.4
1367.5 40
1368.5 10.6
1369.5 27.6
1370.5 -9.20002
1371.5 -5.80002
1372.5 57.6
1373.5 16.8
1374.5 16.6
1375.5 6.39998
1376.5 58.4
1377.5 41.6
1378.5 21.4
1379.5 57
1380.5 13.4
1381.5 24
1382.5 19.2
1383.5 -5.40001
1384.5 75
1385.5 77.4
1386.5 19.8
1387.5 21.8
1388.5 17
1389.5 6.79998
1390.5 36.6
1391.5 -10
1392.5 15
1393.5 46.2
1394.5 54.6
1395.5 50
1396.5 29.8
1397.5 -17
1398.5 54.4
1399.5 9.39999
1400.5 86.4
1401.5 73.6
1402.5 14.2
1403.5 19.6
1404.5 33.8
1405.5 13.6
1406.5 58.2
1407.5 -31.6
1408.5 48.4
1409.5 -20.2
1410.5 71
1411.5 22.2
1412.5 42.2
1413.5 34
1414.5 22.8
1415.5 31.4
1416.5 7.19998
1417.5 58
1418.5 38.6
1419.5 76.4
1420.5 6.19998
1421.5 -47
1422.5 9.19998
1423.5 -0.200014
1424.5 -7.00001
1425.5 49.2
1426.5 56.8
1427.5 97.8
1428.5 129.8
1429.5 178.6
1430.5 35.8
1431.5 61.8
1432.5 61.4
1433.5 63.6
1434.5 63.6
1435.5 80.4
1436.5 35.8
1437.5 1.79999
1438.5 106.4
1439.5 -6.20001
1440.5 42.6
1441.5 46.8
1442.5 70
1443.5 47.6
1444.5 47.6
1445.5 22
1446.5 57.8
1447.5 47.6
1448.5 74.4
1449.5 77.6
1450.5 21
1451.5 35
1452.5 19.8
1453.5 58.2
1454.5 48.6
1455.5 39.4
1456.5 12.8
1457.5 69.6
1458.5 39.4
1459.5 28.4
1460.5 85.2
1461.5 7.59999
1462.5 35
1463.5 27.6
1464.5 57.8
1465.5 2.19999
1466.5 8.59999
1467.5 42.8
1468.5 42.6
1469.5 28.8
1470.5 56.8
1471.5 40
1472.5 25.8
1473.5 6.39998
1474.5 -26.8
1475.5 58
1476.5 80.6
1477.5 18.2
1478.5 57.6
1479.5 -36.6
1480.5 -13.2
1481.5 76.6
1482.5 86.6
1483.5 92
1484.5 13.8
1485.5 41.6
1486.5 71.4
1487.5 2.39999
1488.5 26.4
1489.5 6.99999
1490.5 27
1491.5 42.8
1492.5 23.2
1493.5 24
1494.5 9.39999
1495.5 45
1496.5 15.8
1497.5 50.2
1498.5 94.1999
1499.5 208.8
1500.5 50.1999
1501.5 53
1502.5 36
1503.5 9.19999
1504.5 61.6
1505.5 22
1506.5 16.2
1507.5 39.2
1508.5 2.99998
1509.5 -16.8
1510.5 35.8
1511.5 61.4
1512.5 70.8
1513.5 59.8
1514.5 -26.6
1515.5 20.4
1516.5 -18.8
1517.5 22.2
1518.5 22.6
1519.5 71.8
1520.5 -52
1521.5 29.8
1522.5 34.2
1523.5 54.6
1524.5 24.8
1525.5 24.2
1526.5 52
1527.5 55.4
1528.5 46.6
1529.5 7.99999
1530.5 -1.00001
1531.5 13.6
1532.5 86.4
1533.5 13.6
1534.5 55.4
1535.5 7.79999
1536.5 51.8
1537.5 27.4
1538.5 17.2
1539.5 48.6
1540.5 91.6
1541.5 -17.6
1542.5 85.2
1543.5 91.8
1544.5 6.39998
1545.5 58.4
1546.5 48.2
1547.5 48.8
1548.5 38.2
1549.5 47.6
1550.5 -24
1551.5 57.6
1552.5 40.4
1553.5 71.2
1554.5 16.4
1555.5 -9.00001
1556.5 -5.80001
1557.5 34.4
1558.5 14.4
1559.5 85
1560.5 47.6
1561.5 27.2
1562.5 13.8
1563.5 76.2
1564.5 76.8
1565.5 72.2
1566.5 11
1567.5 -29.4
1568.5 83
1569.5 -17.2
1570.5 42
1571.5 -13.8
1572.5 30
1573.5 35.2
1574.5 61.8
1575.5 9.79998
1576.5 74.4
1577.5 74.8
1578.5 22.8
1579.5 37.4
1580.5 40.2
1581.5 53.4
1582.5 74
1583.5 21.2
1584.5 22
1585.5 24.2
1586.5 40.6
1587.5 33.4
1588.5 76.6
1589.5 -4.40002
1590.5 1.59998
1591.5 36.6
1592.5 -12.6
1593.5 39.8
1594.5 -26.6
1595.5 47.6
1596.5 51.6
1597.5 53.6
1598.5 47.2
1599.5 25.8
1600.5 12.4
1601.5 78.2
1602.5 -15.4
1603.5 29.4
1604.5 43.8
1605.5 29
1606.5 18
1607.5 69.8
1608.5 21.6
1609.5 41.2
1610.5 54.4
1611.5 49
1612.5 41.4
1613.5 40.6
1614.5 1.19999
1615.5 25.4
1616.5 -36.8
1617.5 13.8
1618.5 29.4
1619.5 97.2
1620.5 23
1621.5 0.799981
1622.5 77
1623.5 28.2
1624.5 -17
1625.5 50.6
1626.5 88.4
1627.5 67.2
1628.5 99.2
1629.5 66.2
1630.5 198
1631.5 51.6
1632.5 104.6
1633.5 46.6
1634.5 106.2
1635.5 61.4
1636.5 22.2
1637.5 15.4
1638.5 14.4
1639.5 73.4
1640.5 41.6
1641.5 40.6
1642.5 16
1643.5 0.199986
1644.5 19.6
1645.5 -23.4
1646.5 113.4
1647.5 128.4
1648.5 174
1649.5 162.2
1650.5 41.8
1651.5 21.2
1652.5 16.6
1653.5 1.79999
1654.5 46.6
1655.5 28.4
1656.5 16.2
1657.5 57.2
1658.5 66.8
1659.5 40.4
1660.5 29
1661.5 -26
1662.5 8.59999
1663.5 22.8
1664.5 9.99999
1665.5 31.8
1666.5 64.6
1667.5 36.4
1668.5 30
1669.5 50.6
1670.5 46.6
1671.5 42.4
1672.5 56.8
1673.5 43.8
1674.5 -1.00001
1675.5 42.2
1676.5 84.2
1677.5 15
1678.5 18.8
1679.5 48.2
1680.5 21.8
1681.5 1.79999
1682.5 50.2
1683.5 56.4
1684.5 7.79999
1685.5 19.6
1686.5 39
1687.5 5.39999
1688.5 6.59999
1689.5 43
1690.5 21.4
1691.5 47.4
1692.5 31.4
1693.5 11.4
1694.5 37
1695.5 6.79999
1696.5 8.99999
1697.5 51.4
1698.5 19.6
1699.5 -25.2
1700.5 54.4
1701.5 3.79999
1702.5 32.8
1703.5 39
1704.5 70.2
1705.5 58.4
1706.5 65.4
1707.5 0.199986
1708.5 -19
1709.5 12.4
1710.5 -15
1711.5 16.8
1712.5 19.6
1713.5 28.4
1714.5 -43
1715.5 17.8
1716.5 -4.60002
1717.5 -23.4
1718.5 -53
1719.5 -45.2
1720.5 10.6
1721.5 32
1722.5 43.8
1723.5 -19.8
1724.5 19.2
1725.5 -4.80002
1726.5 107.4
1727.5 73.6
1728.5 23.8
1729.5 0.199986
1730.5 -4.80001
1731.5 24.8
1732.5 69.4
1733.5 50.6
1734.5 16.8
1735.5 14
1736.5 35.4
1737.5 10.8
1738.5 31
1739.5 4.39999
1740.5 14.6
1741.5 91.4
1742.5 30.8
1743.5 46
1744.5 -4.40001
1745.5 52.4
1746.5 36.4
1747.5 11.6
1748.5 10.6
1749.5 23.4
1750.5 86.8
1751.5 32.2
1752.5 8.39999
1753.5 2.59999
1754.5 31.4
1755.5 13
1756.5 32.4
1757.5 17.2
1758.5 37.2
1759.5 55.6
1760.5 -5.20001
1761.5 13.2
1762.5 36.4
1763.5 61.2
1764.5 9.19999
1765.5 -17.8
1766.5 34.6
1767.5 11.4
1768.5 12
1769.5 43.8
1770.5 -0.800013
1771.5 1.39998
1772.5 -15.4
1773.5 -11.8
1774.5 33.8
1775.5 33.8
1776.5 31.4
1777.5 29.6
1778.5 14.8
1779.5 -54.4
1780.5 -23.6
1781.5 69.4
1782.5 51.2
1783.5 -37.2
1784.5 35.2
1785.5 42.4
1786.5 85.6
1787.5 -4.80002
1788.5 12.6
1789.5 53.6
1790.5 30.4
1791.5 1.99999
1792.5 28.6
1793.5 26.8
1794.5 24.4
1795.5 38.8
1796.5 -2.00001
1797.5 30.8
1798.5 27.8
1799.5 10.2
1800.5 4.99999
1801.5 35
1802.5 52.2
1803.5 4.79999
1804.5 41.2
1805.5 2.59999
1806.5 27.6
1807.5 -7.20002
1808.5 -25
1809.5 12.8
1810.5 85
1811.5 51.8
1812.5 27.6
1813.5 -8.40001
1814.5 36.4
1815.5 15.2
1816.5 4.19999
1817.5 67
1818.5 18.4
1819.5 -21
1820.5 52.4
1821.5 39.8
1822.5 -17.2
1823.5 61.4
1824.5 12.8
1825.5 60
1826.5 -5.60001
1827.5 41.8
1828.5 15.4
1829.5 49.6
1830.5 2.19999
1831.5 35.8
1832.5 28.8
1833.5 26.8
1834.5 43.6
1835.5 15
1836.5 -10.4
1837.5 63.2
1838.5 43.6
1839.5 34.4
1840.5 28.2
1841.5 44.8
1842.5 -4.80001
1843.5 49.6
1844.5 29.4
1845.5 53.8
1846.5 34.4
1847.5 39.2
1848.5 -1.60001
1849.5 8.99999
1850.5 -11
1851.5 -37.4
1852.5 7.19999
1853.5 -0.800011
1854.5 18.6
1855.5 5.99999
1856.5 51.2
1857.5 19.4
1858.5 -22.4
1859.5 -73.6
1860.5 -26.4
1861.5 -34.8
1862.5 37.6
1863.5 -28.2
1864.5 -10.4
1865.5 61.8
1866.5 4.19999
1867.5 18.2
1868.5 30.6
1869.5 71.6
1870.5 -9.60002
1871.5 86
1872.5 11
1873.5 37.8
1874.5 12
1875.5 36
1876.5 38.2
1877.5 62.2
1878.5 -10.2
1879.5 9.39999
1880.5 61
1881.5 18.6
1882.5 64
1883.5 30.6
1884.5 156.2
1885.5 406.6
1886.5 550.6
1887.5 649.8
1888.5 317.8
1889.5 147.8
1890.5 46.2
1891.5 -7.40001
1892.5 10.6
1893.5 46
1894.5 75.8
1895.5 30.4
1896.5 34.2
1897.5 46.6
1898.5 11.8
1899.5 30.6
1900.5 63.2
1901.5 25.4
1902.5 46.2
1903.5 -1.80001
1904.5 16.6
1905.5 23.2
1906.5 -0.800011
1907.5 19.6
1908.5 43.2
1909.5 -18.8
1910.5 56.6
1911.5 13.2
1912.5 5.19998
1913.5 -28.6
1914.5 -28
1915.5 29.4
1916.5 78.6
1917.5 57.8
1918.5 72.2
1919.5 -2.80001
1920.5 50.8
1921.5 54
1922.5 13.8
1923.5 17.6
1924.5 8.39999
1925.5 -38.8
1926.5 11.4
1927.5 29.2
1928.5 11.8
1929.5 -46.4
1930.5 44.8
1931.5 22.4
1932.5 35.6
1933.5 25.8
1934.5 53
1935.5 -4.80001
1936.5 14.6
1937.5 9.99999
1938.5 21.4
1939.5 29
1940.5 38
1941.5 23.8
1942.5 70.2
1943.5 38
1944.5 3.99999
1945.5 53.6
1946.5 -5.00001
1947.5 23.4
1948.5 46.2
1949.5 48.4
1950.5 29.6
1951.5 11.2
1952.5 41.8
1953.5 -1.20001
1954.5 0.799989
1955.5 72.6
1956.5 11.2
1957.5 56.4
1958.5 28
1959.5 50.4
1960.5 45.8
1961.5 19.2
1962.5 32.4
1963.5 70
1964.5 52.2
1965.5 21.8
1966.5 -4.40001
1967.5 59.8
1968.5 14.2
1969.5 17.4
1970.5 26.8
1971.5 32.2
1972.5 7.99999
1973.5 33.4
1974.5 12.6
1975.5 -18.8
1976.5 51.8
1977.5 0.79999
1978.5 43.2
1979.5 8.39999
1980.5 40.2
1981.5 31.6
1982.5 49.8
1983.5 78.6
1984.5 17.8
1985.5 14.8
1986.5 24.4
1987.5 -19
1988.5 74.6
1989.5 10.8
1990.5 57.2
1991.5 -26.6
1992.5 44.6
1993.5 39.4
1994.5 58.4
1995.5 -28.2
1996.5 -29.4
1997.5 8.79999
1998.5 26.4
1999.5 20.6
2000.5 38.4
2001.5 -24.6
2002.5 22.6
2003.5 -1.04904e-05
2004.5 33.2
2005.5 7.79999
2006.5 27.8
2007.5 50
2008.5 51.2
2009.5 14.2
2010.5 43.4
2011.5 27
2012.5 33.8
2013.5 10.2
2014.5 49.6
2015.5 50.4
2016.5 -5.00001
2017.5 43.4
2018.5 15.4
2019.5 27.2
2020.5 30.4
2021.5 -7.20001
2022.5 -37.4
2023.5 20.2
2024.5 5.19999
2025.5 35.8
2026.5 15.8
2027.5 17.2
2028.5 -4.60001
2029.5 4.39999
2030.5 20.2
2031.5 2.79999
2032.5 33.2
2033.5 36
2034.5 31.8
2035.5 33
2036.5 8.59999
2037.5 7.59999
2038.5 9.99999
2039.5 17.6
2040.5 -10
2041.5 34.8
2042.5 25.4
2043.5 74.6
2044.5 50
2045.5 22
2046.5 29.6
2047.5 35.8
2048.5 10.6
2049.5 54.6
2050.5 20.2
2051.5 18
2052.5 -2.40001
2053.5 -0.60001
2054.5 15.2
2055.5 52.8
2056.5 19.2
2057.5 34.4
2058.5 -10
2059.5 11.8
2060.5 28.8
2061.5 41
2062.5 -11.6
2063.5 38.2
2064.5 -12.4
2065.5 25.2
2066.5 40
2067.5 -17.2
2068.5 6.99999
2069.5 31
2070.5 23.6
2071.5 24
2072.5 -24
2073.5 18.8
2074.5 27.6
2075.5 51.2
2076.5 57.2
2077.5 32.2
2078.5 19.6
2079.5 48.4
2080.5 -6.40001
2081.5 -10.4
2082.5 25.4
2083.5 11.8
2084.5 51.6
2085.5 31.8
2086.5 33
2087.5 -34.4
2088.5 -46.6
2089.5 -17.8
2090.5 62.2
2091.5 28.4
2092.5 50.4
2093.5 26.8
2094.5 13.6
2095.5 19.4
2096.5 39.8
2097.5 59.2
2098.5 80.4
2099.5 35.4
2100.5 -8.00001
2101.5 28.6
2102.5 24.2
2103.5 14.6
2104.5 11.6
2105.5 14
2106.5 27.2
2107.5 22
2108.5 -14.8
2109.5 32.2
2110.5 43.6
2111.5 14.4
2112.5 18.6
2113.5 15
2114.5 28.6
2115.5 14.8
2116.5 26.2
2117.5 43.6
2118.5 43.8
2119.5 52.4
2120.5 33.2
2121.5 36.4
2122.5 4.59999
2123.5 41
2124.5 45
2125.5 51.8
2126.5 3.59999
2127.5 41
2128.5 24.6
2129.5 6.99999
2130.5 9.39999
2131.5 -26.6
2132.5 11.6
2133.5 59.8
2134.5 -4.00001
2135.5 64.8
2136.5 15
2137.5 -11.4
2138.5 -9.00001
2139.5 28
2140.5 32.6
2141.5 21.2
2142.5 47.4
2143.5 26.6
2144.5 128
2145.5 -6.60002
2146.5 -41.4
2147.5 38
2148.5 104.6
2149.5 67.5999
2150.5 219.2
2151.5 128.6
2152.5 114.2
2153.5 20.4
2154.5 3.79999
2155.5 43.8
2156.5 36.4
2157.5 23.4
2158.5 71.8
2159.5 -7.60001
2160.5 35.2
2161.5 -8.40001
2162.5 39
2163.5 22
2164.5 45.2
2165.5 20
2166.5 15.4
2167.5 44.8
2168.5 73
2169.5 59
2170.5 10.4
2171.5 25.2
2172.5 11.8
2173.5 -29.8
2174.5 16
2175.5 34
2176.5 30.2
2177.5 20.6
2178.5 65.6
2179.5 64.6
2180.5 36.8
2181.5 32.8
2182.5 -18.2
2183.5 22.2
2184.5 28.4
2185.5 38.2
2186.5 47
2187.5 37.2
2188.5 38.6
2189.5 16.6
2190.5 39
2191.5 6.19999
2192.5 -33.6
2193.5 -26.2
2194.5 -18.8
2195.5 -38.6
2196.5 6.99999
2197.5 42.6
2198.5 140.4
2199.5 282
2200.5 264
2201.5 134.4
2202.5 99
2203.5 26.6
2204.5 33.4
2205.5 24.8
2206.5 42.8
2207.5 16
2208.5 50.2
2209.5 25.6
2210.5 22.4
2211.5 49.8
2212.5 7.59999
2213.5 65.6
2214.5 77.8
2215.5 22
2216.5 4.79999
2217.5 103
2218.5 41.6
2219.5 12.2
2220.5 34.6
2221.5 52.2
2222.5 24.2
2223.5 41
2224.5 28.6
2225.5 -10.4
2226.5 37.6
2227.5 -3.60001
2228.5 7.39999
2229.5 22
2230.5 0.99999
2231.5 4.19999
2232.5 17.8
2233.5 -4.60001
2234.5 -30.2
2235.5 34.2
2236.5 -13.2
2237.5 20.8
2238.5 -11.6
2239.5 31.6
2240.5 3.79999
2241.5 41.6
2242.5 13.6
2243.5 48.4
2244.5 43.6
2245.5 16.8
2246.5 39
2247.5 17.8
2248.5 35.4
2249.5 -2.60001
2250.5 12.2
2251.5 7.79999
2252.5 27.8
2253.5 60.4
2254.5 45.2
2255.5 39.8
2256.5 48.2
2257.5 61.2
2258.5 42.8
2259.5 -2.40001
2260.5 14
2261.5 -12.6
2262.5 26.8
2263.5 -6.80001
2264.5 34.2
2265.5 47.2
2266.5 13.2
2267.5 11
2268.5 42.2
2269.5 15.2
2270.5 33
2271.5 13.4
2272.5 19.4
2273.5 32.4
2274.5 34.6
2275.5 0.399992
2276.5 9.59999
2277.5 -10.8
2278.5 36.4
2279.5 35.8
2280.5 -19
2281.5 -23.4
2282.5 11.8
2283.5 -9.40001
2284.5 31.8
2285.5 -18.6
2286.5 20.4
2287.5 -0.400008
2288.5 27.2
2289.5 9.59999
2290.5 36.6
2291.5 5.39999
2292.5 -59
2293.5 -11.2
2294.5 17.8
2295.5 27
2296.5 21.4
2297.5 23.4
2298.5 0.199987
2299.5 -17.8
2300.5 65.4
2301.5 3.19999
2302.5 70.8
2303.5 27
2304.5 29
2305.5 18.6
2306.5 34.4
2307.5 2.99999
2308.5 -24.8
2309.5 36.4
2310.5 60.4
2311.5 16.2
2312.5 2.99999
2313.5 30.2
2314.5 5.39999
2315.5 17.2
2316.5 14.4
2317.5 25.8
2318.5 34
2319.5 23.6
2320.5 7.19999
2321.5 39.6
2322.5 17
2323.5 7.99999
2324.5 55.2
2325.5 20.6
2326.5 7.39999
2327.5 13
2328.5 -17.6
2329.5 1.99999
2330.5 14
2331.5 40.8
2332.5 49.4
2333.5 71
2334.5 31.6
2335.5 8.59999
2336.5 -0.400008
2337.5 50.8
2338.5 7.99999
2339.5 15.8
2340.5 68.8
2341.5 11.8
2342.5 48.4
2343.5 38.6
2344.5 -0.80001
2345.5 50.8
2346.5 17.6
2347.5 2.59999
2348.5 87.2
2349.5 10.8
2350.5 -2.80001
2351.5 68.4
2352.5 30.2
2353.5 11.6
2354.5 5.19999
2355.5 25.2
2356.5 19.8
2357.5 20
2358.5 22.2
2359.5 14
2360.5 0.399992
2361.5 65.6
2362.5 -11.6
2363.5 52.8
2364.5 -2.00001
2365.5 58
2366.5 19.4
2367.5 19
2368.5 -4.60001
2369.5 45.8
2370.5 28
2371.5 -24.2
2372.5 24.2
2373.5 -4.20001
2374.5 12.6
2375.5 58
2376.5 -12.6
2377.5 51.2
2378.5 44.4
2379.5 25.4
2380.5 54.6
2381.5 72.8
2382.5 32.4
2383.5 16.8
2384.5 21.4
2385.5 7.59999
2386.5 44.4
2387.5 32.4
2388.5 -0.400007
2389.5 4.19999
2390.5 29.2
2391.5 -2.40001
2392.5 28.8
2393.5 15.2
2394.5 25
2395.5 27
2396.5 8.59999
2397.5 21
2398.5 40.4
2399.5 29.6
2400.5 -7.60001
2401.5 36.6
2402.5 25
2403.5 50.4
2404.5 54.6
2405.5 12
2406.5 49.2
2407.5 16
2408.5 12.4
2409.5 54.2
2410.5 -33.2
2411.5 28
2412.5 6.79999
2413.5 49.2
2414.5 35.8
2415.5 -1.20001
2416.5 -4.00001
2417.5 33
2418.5 17.8
2419.5 -8.60001
2420.5 -36.2
2421.5 26.2
2422.5 -0.400007
2423.5 24.6
2424.5 18.6
2425.5 1.99999
2426.5 7.59999
2427.5 42.8
2428.5 15.8
2429.5 18.8
2430.5 10.4
2431.5 -10.4
2432.5 52.8
2433.5 42.4
2434.5 6.79999
2435.5 32.2
2436.5 -7.86781e-06
2437.5 22.2
2438.5 28
2439.5 53.6
2440.5 2.19999
2441.5 34.8
2442.5 41.2
2443.5 21.8
2444.5 -18.8
2445.5 26
2446.5 30.8
2447.5 48.2
2448.5 50.4
2449.5 48.6
2450.5 5.19999
2451.5 42
2452.5 14.4
2453.5 1.99999
2454.5 20.8
2455.5 46
2456.5 57.2
2457.5 35.2
2458.5 94.6
2459.5 -10.8
2460.5 20.8
2461.5 24
2462.5 14.8
2463.5 33.6
2464.5 7.39999
2465.5 2.39999
2466.5 38.2
2467.5 29.6
2468.5 6.99999
2469.5 21.4
2470.5 48.4
2471.5 21.2
2472.5 29.8
2473.5 10.2
2474.5 40.6
2475.5 18
2476.5 29.4
2477.5 -29.2
2478.5 2.39999
2479.5 21.8
2480.5 10.4
2481.5 33.6
2482.5 56.2
2483.5 26.8
2484.5 -8.80001
2485.5 -4.60001
2486.5 53.4
2487.5 20.2
2488.5 44.6
2489.5 -6.80001
2490.5 28.4
2491.5 19.8
2492.5 31
2493.5 43
2494.5 19.6
2495.5 37.2
2496.5 22.4
2497.5 24.6
2498.5 4.59999
2499.5 30.6
2500.5 -12
2501.5 3.79999
2502.5 8.39999
2503.5 18.6
2504.5 7.79999
2505.5 -18
2506.5 12.2
2507.5 8.59999
2508.5 57.4
2509.5 -6.60001
2510.5 5.79999
2511.5 34.2
2512.5 13.4
2513.5 -9.40001
2514.5 8.79999
2515.5 4.19999
2516.5 25.4
2517.5 74
2518.5 48.2
2519.5 89.2
2520.5 81
2521.5 -0.600012
2522.5 -6.00001
2523.5 19.2
2524.5 0.399992
2525.5 -7.80001
2526.5 22.2
2527.5 31
2528.5 -6.80001
2529.5 -14.4
2530.5 2.79999
2531.5 20.6
2532.5 -16.2
2533.5 25.4
2534.5 38.2
2535.5 -31.2
2536.5 16.8
2537.5 8.79999
2538.5 -11.4
2539.5 5.79999
2540.5 19.8
2541.5 24.2
2542.5 43.6
2543.5 21
2544.5 -4.80001
2545.5 30.4
2546.5 14
2547.5 26.4
2548.5 39.4
2549.5 22.8
2550.5 -3.40001
2551.5 -9.00001
2552.5 43.2
2553.5 26
2554.5 29.6
2555.5 19.4
2556.5 20.8
2557.5 -4.40001
2558.5 5.19999
2559.5 41
2560.5 7.19999
2561.5 -7.62939e-06
2562.5 30.8
2563.5 6.19999
2564.5 18.2
2565.5 19
2566.5 -19.8
2567.5 40.6
2568.5 -16.2
2569.5 9.59999
2570.5 -16.2
2571.5 32
2572.5 22.6
2573.5 39.6
2574.5 11
2575.5 9.39999
2576.5 9.39999
2577.5 11.6
2578.5 16.8
2579.5 7.99999
2580.5 5.39999
2581.5 16.2
2582.5 23.8
2583.5 -10.8
2584.5 2.59999
2585.5 4.19999
2586.5 32.8
2587.5 29.2
2588.5 11.6
2589.5 28.8
2590.5 24.8
2591.5 28.2
2592.5 29.8
2593.5 0.799992
2594.5 25.8
2595.5 10.6
2596.5 5.39999
2597.5 -32
2598.5 24
2599.5 33.4
2600.5 26.4
2601.5 54.6
2602.5 47.2
2603.5 -10.6
2604.5 26.2
2605.5 -29.6
2606.5 -3.20001
2607.5 5.39999
2608.5 -10.6
2609.5 19.2
2610.5 47.8
2611.5 13.8
2612.5 -25
2613.5 -5.20001
2614.5 33
2615.5 23.2
2616.5 10.8
2617.5 -7.00001
2618.5 24.6
2619.5 71.4
2620.5 19.4
2621.5 31
2622.5 10.6
2623.5 33.2
2624.5 52.2
2625.5 -5.40001
2626.5 -33.8
2627.5 52.2
2628.5 5.99999
2629.5 -7.40001
2630.5 3.59999
2631.5 42.4
2632.5 0.399993
2633.5 28.8
2634.5 1.79999
2635.5 16.8
2636.5 -16
2637.5 3.19999
2638.5 -7.15256e-06
2639.5 -3.80001
2640.5 66.6
2641.5 30.2
2642.5 39
2643.5 -14
2644.5 -12.6
2645.5 49
2646.5 22.6
2647.5 22.2
2648.5 26
2649.5 26.8
2650.5 10.4
2651.5 32
2652.5 71
2653.5 35.8
2654.5 -13.4
2655.5 5.99999
2656.5 -14.8
2657.5 54.4
2658.5 62.2
2659.5 2.59999
2660.5 -20.4
2661.5 11.2
2662.5 43.8
2663.5 30
2664.5 15.6
2665.5 29.6
2666.5 0.999992
2667.5 38.2
2668.5 -4.40001
2669.5 39
2670.5 1.39999
2671.5 13.6
2672.5 21
2673.5 16
2674.5 2.99999
2675.5 51
2676.5 26.2
2677.5 9.59999
2678.5 26
2679.5 35.2
2680.5 -21.2
2681.5 36.6
2682.5 -6.00001
2683.5 5.39999
2684.5 41.4
2685.5 20.8
2686.5 -13.4
2687.5 15
2688.5 -17.2
2689.5 77.4
2690.5 7.59999
2691.5 35.2
2692.5 21.6
2693.5 39.6
2694.5 17.4
2695.5 16.4
2696.5 6.19999
2697.5 4.39999
2698.5 13.2
2699.5 8.99999
2700.5 20
2701.5 27.6
2702.5 24.4
2703.5 4.99999
2704.5 -6.60001
2705.5 32.2
2706.5 8.59999
2707.5 40.8
2708.5 36.6
2709.5 14.4
2710.5 0.599993
2711.5 25.6
2712.5 5.99999
2713.5 3.59999
2714.5 19.8
2715.5 7.79999
2716.5 27.4
2717.5 8.79999
2718.5 30.2
2719.5 71.2
2720.5 48.6
2721.5 52.2
2722.5 130.6
2723.5 138.8
2724.5 77
2725.5 38
2726.5 9.79999
2727.5 39.4
2728.5 54.2
2729.5 -34.4
2730.5 14.6
2731.5 16.2
2732.5 38.4
2733.5 31.8
2734.5 8.19999
2735.5 14
2736.5 13.6
2737.5 -29
2738.5 12.2
2739.5 -5.20001
2740.5 25
2741.5 30.6
2742.5 14
2743.5 26.2
2744.5 -10.2
2745.5 8.99999
2746.5 -14.8
2747.5 14.4
2748.5 36.8
2749.5 26.2
2750.5 33.4
2751.5 7.99999
2752.5 29.2
2753.5 43.2
2754.5 0.799993
2755.5 61.4
2756.5 31.2
2757.5 47
2758.5 34.4
2759.5 -14.4
2760.5 36.8
2761.5 21.8
2762.5 26.2
2763.5 -5.80001
2764.5 53.4
2765.5 70.4
2766.5 15.6
2767.5 29
2768.5 9.59999
2769.5 -9.80001
2770.5 -4.60001
2771.5 27.6
2772.5 22.4
2773.5 21.2
2774.5 21.4
2775.5 17.6
2776.5 11.6
2777.5 10.4
2778.5 10.8
2779.5 37.2
2780.5 3.99999
2781.5 28
2782.5 47.2
2783.5 58
2784.5 75.8
2785.5 24.6
2786.5 21.2
2787.5 17.2
2788.5 32
2789.5 -0.600008
2790.5 7.79999
2791.5 -1.40001
2792.5 2.39999
2793.5 27.4
2794.5 1.99999
2795.5 4.79999
2796.5 28
2797.5 26.6
2798.5 -8.40001
2799.5 23.4
2800.5 -4.00001
2801.5 11.2
2802.5 36.8
2803.5 18.6
2804.5 1.79999
2805.5 -0.400006
2806.5 24
2807.5 35
2808.5 21.8
2809.5 6.59999
2810.5 -35.2
2811.5 14.8
2812.5 -7.40001
2813.5 34.4
2814.5 31.8
2815.5 -1.40001
2816.5 6.59999
2817.5 42.6
2818.5 -18.6
2819.5 -28.6
2820.5 23.2
2821.5 32.4
2822.5 7.59999
2823.5 26.2
2824.5 7.99999
2825.5 -3.80001
2826.5 10.8
2827.5 37.6
2828.5 39.2
2829.5 -6.80001
2830.5 -12.2
2831.5 44.4
2832.5 8.59999
2833.5 24.2
2834.5 -5.00001
2835.5 15
2836.5 31.4
2837.5 -8.40001
2838.5 2.59999
2839.5 15.4
2840.5 9.19999
2841.5 27
2842.5 53.8
2843.5 9.99999
2844.5 21.8
2845.5 48.6
2846.5 24.2
2847.5 20.2
2848.5 1.99999
2849.5 5.59999
2850.5 35.6
2851.5 15.8
2852.5 2.79999
2853.5 34
2854.5 18.6
2855.5 0.399993
2856.5 42.6
2857.5 8.79999
2858.5 -11.2
2859.5 42.2
2860.5 41.4
2861.5 -18.4
2862.5 -7.80001
2863.5 26.2
2864.5 11.6
2865.5 3.19999
2866.5 1.19999
2867.5 16.6
2868.5 6.19999
2869.5 38.6
2870.5 14.8
2871.5 6.59999
2872.5 5.39999
2873.5 31.2
2874.5 16.6
2875.5 -16.4
2876.5 30.6
2877.5 13.6
2878.5 -21
2879.5 -0.600007
2880.5 -15.8
2881.5 28.6
2882.5 -10
2883.5 28.6
2884.5 -23.8
2885.5 -22.2
2886.5 4.19999
2887.5 -5.20001
2888.5 25.6
2889.5 38.6
2890.5 6.39999
2891.5 -14.8
2892.5 -9.20001
2893.5 20.2
2894.5 19.8
2895.5 39.8
2896.5 57.4
2897.5 40
2898.5 9.39999
2899.5 26.6
2900.5 25.6
2901.5 19.6
2902.5 -10.6
2903.5 20.4
2904.5 -4.40001
2905.5 9.79999
2906.5 21.4
2907.5 26.6
2908.5 7.79999
2909.5 6.79999
2910.5 59
2911.5 -13.8
2912.5 15
2913.5 -10.8
2914.5 27.8
2915.5 28.4
2916.5 14
2917.5 -9.20001
2918.5 5.39999
2919.5 37
2920.5 -16.6
2921.5 16.8
2922.5 37.4
2923.5 40.4
2924.5 2.79999
2925.5 70
2926.5 9.59999
2927.5 13.2
2928.5 9.99999
2929.5 6.19999
2930.5 23.8
2931.5 33
2932.5 -25
2933.5 -5.60001
2934.5 17
2935.5 4.19999
2936.5 -4.00001
2937.5 31.4
2938.5 15.8
2939.5 18.8
2940.5 43.6
2941.5 4.19999
2942.5 11.2
2943.5 26.6
2944.5 14.6
2945.5 23.2
2946.5 48
2947.5 24.2
2948.5 5.39999
2949.5 18.6
2950.5 2.59999
2951.5 47.4
2952.5 3.19999
2953.5 20.4
2954.5 -23.4
2955.5 16.8
2956.5 -1.40001
2957.5 -5.20001
2958.5 -1.60001
2959.5 -7.60001
2960.5 -3.00001
2961.5 6.39999
2962.5 0.599994
2963.5 27.2
2964.5 27.6
2965.5 11
2966.5 15
2967.5 0.799994
2968.5 -0.600007
2969.5 13.2
2970.5 30.2
2971.5 21.2
2972.5 32.2
2973.5 31.4
2974.5 8.59999
2975.5 16.4
2976.5 32.2
2977.5 16
2978.5 2.99999
2979.5 13.6
2980.5 -7.80001
2981.5 -6.60001
2982.5 5.39999
2983.5 18.2
2984.5 13.6
2985.5 -9.00001
2986.5 33.8
2987.5 6.19999
2988.5 5.59999
2989.5 24.4
2990.5 -1.80001
2991.5 -11.4
2992.5 17
2993.5 14.8
2994.5 5.99999
2995.5 6.39999
2996.5 14.4
2997.5 19.6
2998.5 -3.60001
2999.5 34.2
3000.5 10.6
3001.5 -20.2
3002.5 35.4
3003.5 66
3004.5 87
3005.5 68
3006.5 36.6
3007.5 44.8
3008.5 17.6
3009.5 3.79999
3010.5 30.8
3011.5 14
3012.5 -20.6
3013.5 38.2
3014.5 26
3015.5 59.8
3016.5 31.4
3017.5 3.59999
3018.5 -9.00001
3019.5 25
3020.5 40.2
3021.5 51.4
3022.5 53.4
3023.5 29.4
3024.5 16.4
3025.5 -5.20001
3026.5 32
3027.5 24.4
3028.5 26.6
3029.5 20.2
3030.5 4.79999
3031.5 11.8
3032.5 24.4
3033.5 -14.2
3034.5 -1.40001
3035.5 -11.2
3036.5 -33.6
3037.5 -36.4
3038.5 -61.4
3039.5 -81.6
3040.5 -8.20001
3041.5 34.8
3042.5 32.2
3043.5 6.79999
3044.5 29.4
3045.5 4.39999
3046.5 17.6
3047.5 -24
3048.5 19.6
3049.5 41.6
3050.5 -13.2
3051.5 0.999987
3052.5 12.6
3053.5 40.2
3054.5 30
3055.5 3.39999
3056.5 15.6
3057.5 -7.00001
3058.5 15.6
3059.5 -19.6
3060.5 32.2
3061.5 24
3062.5 -12.2
3063.5 -5.00001
3064.5 36.8
3065.5 42.6
3066.5 -6.20001
3067.5 -30
3068.5 -1.60001
3069.5 8.79999
3070.5 26.6
3071.5 0.799993
3072.5 20
3073.5 25.4
3074.5 14.6
3075.5 23.6
3076.5 18.8
3077.5 33.2
3078.5 12.4
3079.5 22.4
3080.5 -0.200005
3081.5 14.2
3082.5 28.8
3083.5 -4.60001
3084.5 -8.60001
3085.5 26
3086.5 -0.400006
3087.5 6.79999
3088.5 12.8
3089.5 13.6
3090.5 36.8
3091.5 9.39999
3092.5 14
3093.5 -0.400006
3094.5 -2.80001
3095.5 -25
3096.5 31.8
3097.5 -19.4
3098.5 -16.2
3099.5 5.99999
3100.5 12
3101.5 43.2
3102.5 12.8
3103.5 10.8
3104.5 -0.200006
3105.5 22.4
3106.5 40.4
3107.5 14.8
3108.5 28.4
3109.5 5.19999
3110.5 47.6
3111.5 38.4
3112.5 26.8
3113.5 10.8
3114.5 25.6
3115.5 6.99999
3116.5 9.79999
3117.5 5.59999
3118.5 -2.00001
3119.5 34.2
3120.5 4.39999
3121.5 2.39999
3122.5 26.6
3123.5 13.4
3124.5 17.6
3125.5 14.6
3126.5 23.2
3127.5 8.99999
3128.5 16.8
3129.5 7.6
3130.5 -7.40001
3131.5 15.6
3132.5 -39.8
3133.5 36.6
3134.5 -3.00001
3135.5 12.6
3136.5 35.6
3137.5 49.4
3138.5 29.6
3139.5 24.4
3140.5 24.6
3141.5 8.39999
3142.5 21.4
3143.5 26.8
3144.5 2.39999
3145.5 -14.6
3146.5 23.6
3147.5 23.6
3148.5 27
3149.5 12
3150.5 41.6
3151.5 29
3152.5 -12.8
3153.5 -14.4
3154.5 -6.00001
3155.5 4.59999
3156.5 -17.4
3157.5 -6.19888e-06
3158.5 3.59999
3159.5 -9.80001
3160.5 67
3161.5 12.4
3162.5 44
3163.5 17.2
3164.5 14.2
3165.5 26
3166.5 24
3167.5 -5.8
3168.5 26.2
3169.5 -14.6
3170.5 6.39999
3171.5 4.19999
3172.5 35.6
3173.5 64.8
3174.5 86.6
3175.5 115.8
3176.5 221.6
3177.5 112.6
3178.5 38.8
3179.5 18.6
3180.5 22
3181.5 63
3182.5 6.4
3183.5 18.2
3184.5 7.19999
3185.5 -7.20001
3186.5 5.59999
3187.5 3.79999
3188.5 4.79999
3189.5 -7.80001
3190.5 6.19999
3191.5 31.8
3192.5 15.2
3193.5 42.4
3194.5 24.6
3195.5 0.599994
3196.5 -5.40001
3197.5 -24.8
3198.5 56.2
3199.5 13
3200.5 -34.6
3201.5 -5.60001
3202.5 -32.8
3203.5 3.39999
3204.5 46.4
3205.5 13
3206.5 -25.6
3207.5 -3.00001
3208.5 52.4
3209.5 9.39999
3210.5 -13.2
3211.5 -3.40001
3212.5 -13
3213.5 -18.8
3214.5 16.2
3215.5 -25.6
3216.5 7.19999
3217.5 0.999994
3218.5 12.6
3219.5 15.2
3220.5 33.6
3221.5 -10
3222.5 -6.40001
3223.5 11.6
3224.5 23
3225.5 -24.2
3226.5 50.2
3227.5 -2.40001
3228.5 10.4
3229.5 0.599995
3230.5 -19.8
3231.5 17.6
3232.5 -1.60001
3233.5 40.8
3234.5 18
3235.5 -10.6
3236.5 -15.8
3237.5 2.99999
3238.5 -20.2
3239.5 13.2
3240.5 -4.20001
3241.5 71.8
3242.5 57.4
3243.5 -21.2
3244.5 45.4
3245.5 24.6
3246.5 23.8
3247.5 25.8
3248.5 19.8
3249.5 0.599993
3250.5 20
3251.5 -10.2
3252.5 9.8
3253.5 4.4
3254.5 -5.80001
3255.5 16.2
3256.5 -1.60001
3257.5 15.8
3258.5 8.19999
3259.5 -17
3260.5 30
3261.5 8.39999
3262.5 -3.20001
3263.5 -3.00001
3264.5 25.6
3265.5 54
3266.5 -1.00001
3267.5 -13.6
3268.5 15.2
3269.5 26.6
3270.5 22.6
3271.5 -1.40001
3272.5 19
3273.5 15.4
3274.5 24.4
3275.5 28.2
3276.5 37.2
3277.5 25.8
3278.5 37.8
3279.5 8
3280.5 -3.00001
3281.5 -4.40001
3282.5 21
3283.5 40
3284.5 0.999995
3285.5 2.39999
3286.5 24.4
3287.5 -3.80001
3288.5 25
3289.5 -2.00001
3290.5 22.8
3291.5 3.99999
3292.5 2.2
3293.5 9.6
3294.5 30
3295.5 -5.00001
3296.5 23
3297.5 23.6
3298.5 37.6
3299.5 41.4
3300.5 9.99999
3301.5 32.8
3302.5 12.2
3303.5 6.99999
3304.5 40.4
3305.5 24
3306.5 23
3307.5 14
3308.5 31.2
3309.5 17.8
3310.5 25
3311.5 28
3312.5 26.8
3313.5 12.6
3314.5 -19.8
3315.5 37.8
3316.5 14.6
3317.5 10.4
3318.5 33.2
3319.5 12
3320.5 43.2
3321.5 13.2
3322.5 -7.80001
3323.5 26
3324.5 24.4
3325.5 29.6
3326.5 1.59999
3327.5 6.6
3328.5 5.79999
3329.5 -2.2
3330.5 9.2
3331.5 27.4
3332.5 3.39999
3333.5 0.999994
3334.5 4.99999
3335.5 9.59999
3336.5 16.4
3337.5 8.79999
3338.5 8.79999
3339.5 8.59999
3340.5 21.6
3341.5 30.2
3342.5 25
3343.5 1.8
3344.5 0.199995
3345.5 -14
3346.5 9.8
3347.5 8.6
3348.5 15.6
3349.5 -0.600005
3350.5 -12.8
3351.5 23.2
3352.5 29
3353.5 5.79999
3354.5 -3.80001
3355.5 13.6
3356.5 10.2
3357.5 24
3358.5 16.6
3359.5 28.2
3360.5 -4.60001
3361.5 7.79999
3362.5 -22.8
3363.5 7.6
3364.5 -24.8
3365.5 45.6
3366.5 12.6
3367.5 33.6
3368.5 29.8
3369.5 47.4
3370.5 5.19999
3371.5 1.19999
3372.5 27.2
3373.5 4.4
3374.5 27.6
3375.5 -25.4
3376.5 27.6
3377.5 2.4
3378.5 -10.8
3379.5 27.8
3380.5 24.8
3381.5 7.39999
3382.5 -16
3383.5 5.59999
3384.5 17.8
3385.5 -0.800005
3386.5 4.6
3387.5 10.4
3388.5 -2.20001
3389.5 6.99999
3390.5 -10.6
3391.5 21.8
3392.5 2.39999
3393.5 7.8
3394.5 -9.80001
3395.5 27.8
3396.5 22
3397.5 4.99999
3398.5 13.8
3399.5 13.4
3400.5 -7.80001
3401.5 6.4
3402.5 12.4
3403.5 -7.4
3404.5 13.6
3405.5 0.999995
3406.5 -1.6
3407.5 14.8
3408.5 8.4
3409.5 -14.8
3410.5 3.6
3411.5 -14.8
3412.5 -5.8
3413.5 -18
3414.5 27.2
3415.5 1.39999
3416.5 0.999995
3417.5 25.4
3418.5 5.59999
3419.5 -10
3420.5 6
3421.5 33.6
3422.5 -10
3423.5 7.39999
3424.5 46.8
3425.5 23.6
3426.5 -20.4
3427.5 6.39999
3428.5 52.4
3429.5 -8.00001
3430.5 30.8
3431.5 -25.4
3432.5 5.6
3433.5 8.6
3434.5 -23.4
3435.5 4.4
3436.5 44.6
3437.5 2.2
3438.5 3.4
3439.5 40.2
3440.5 15.2
3441.5 6.8
3442.5 20.4
3443.5 -8.00001
3444.5 12.4
3445.5 15.2
3446.5 22.6
3447.5 11.6
3448.5 7.59999
3449.5 15
3450.5 -10.2
3451.5 16.6
3452.5 34.4
3453.5 22.8
3454.5 -2.4
3455.5 -14.6
3456.5 29.6
3457.5 -10.4
3458.5 -8.2
3459.5 -13.8
3460.5 52.4
3461.5 -2.40001
3462.5 21.2
3463.5 -25.8
3464.5 18.6
3465.5 -22.8
3466.5 19.4
3467.5 18.4
3468.5 55.4
3469.5 26.4
3470.5 18.6
3471.5 53.2
3472.5 -11
3473.5 26.2
3474.5 -10.4
3475.5 -20.6
3476.5 1.2
3477.5 -8.2
3478.5 -3.4
3479.5 9.8
3480.5 5.59999
3481.5 22.4
3482.5 -11.6
3483.5 -9.00001
3484.5 12.2
3485.5 -18.6
3486.5 -22
3487.5 -2.00001
3488.5 -30.6
3489.5 46.6
3490.5 -15.2
3491.5 -4.80001
3492.5 27.2
3493.5 22.2
3494.5 -17
3495.5 18.6
3496.5 22.4
3497.5 3.8
3498.5 -3.2
3499.5 1.2
3500.5 21.6
3501.5 -8.6
3502.5 31.8
3503.5 -5.4
3504.5 10.6
3505.5 5.39999
3506.5 6.19999
3507.5 -24
3508.5 -50.8
3509.5 2.79999
3510.5 28
3511.5 -7.60001
3512.5 21.4
3513.5 43.6
3514.5 38
3515.5 13.4
3516.5 29
3517.5 24.6
3518.5 20
3519.5 -21.2
3520.5 -13.6
3521.5 31.2
3522.5 -4.20001
3523.5 7.6
3524.5 7.19999
3525.5 11
3526.5 -6.2
3527.5 14.2
3528.5 0.799995
3529.5 21.6
3530.5 44.8
3531.5 47
3532.5 66
3533.5 89.2
3534.5 65.8
3535.5 1.79999
3536.5 9.4
3537.5 18
3538.5 -1.4
3539.5 36.8
3540.5 -30.6
3541.5 12.8
3542.5 -16.4
3543.5 12
3544.5 19
3545.5 9.4
3546.5 -18.6
3547.5 10.2
3548.5 16.8
3549.5 -2.4
3550.5 9
3551.5 -0.600004
3552.5 19.2
3553.5 -16.4
3554.5 13.8
3555.5 34.4
3556.5 24.6
3557.5 8.6
3558.5 -5.6
3559.5 13
3560.5 12
3561.5 9.6
3562.5 28.6
3563.5 15.6
3564.5 -25
3565.5 4.39999
3566.5 43
3567.5 21
3568.5 25.8
3569.5 12.6
3570.5 1.4
3571.5 1.4
3572.5 -8
3573.5 18
3574.5 29.6
3575.5 9.8
3576.5 17.4
3577.5 -4.52995e-06
3578.5 2.6
3579.5 -10.8
3580.5 19.8
3581.5 6.59999
3582.5 33.2
3583.5 -10.2
3584.5 30.2
3585.5 -11.2
3586.5 13
3587.5 -5.4
3588.5 -0.600006
3589.5 17.6
3590.5 2
3591.5 -14.6
3592.5 15.4
3593.5 -9.8
3594.5 16.4
3595.5 -3
3596.5 41.4
3597.5 17.2
3598.5 -5.2
3599.5 6.8
3600.5 2.4
3601.5 7.6
3602.5 -0.800004
3603.5 -19.8
3604.5 10.6
3605.5 14.6
3606.5 -2.2
3607.5 0.599994
3608.5 47.8
3609.5 51.8
3610.5 44.6
3611.5 12
3612.5 21.6
3613.5 -21.8
3614.5 20.2
3615.5 -4.29153e-06
3616.5 20.2
3617.5 5
3618.5 32.8
3619.5 4.39999
3620.5 10.8
3621.5 6.99999
3622.5 -12.2
3623.5 -26.6
3624.5 33.4
3625.5 7.4
3626.5 6.79999
3627.5 6.19999
3628.5 26.2
3629.5 23.4
3630.5 -1.8
3631.5 14.2
3632.5 1.6
3633.5 32.6
3634.5 6
3635.5 40
3636.5 13
3637.5 -8.8
3638.5 -9
3639.5 -6.4
3640.5 1.8
3641.5 10
3642.5 -28.6
3643.5 40
3644.5 7.19999
3645.5 -19.6
3646.5 66
3647.5 -15
3648.5 16.6
3649.5 3.19999
3650.5 -1.60001
3651.5 -14.6
3652.5 -12
3653.5 24.4
3654.5 49.4
3655.5 -17.2
3656.5 0.599996
3657.5 12.2
3658.5 5.2
3659.5 32.2
3660.5 16.6
3661.5 -0.800006
3662.5 8.39999
3663.5 4.4
3664.5 -6.8
3665.5 17.6
3666.5 -8
3667.5 24
3668.5 -0.800004
3669.5 24.2
3670.5 2.2
3671.5 -3.80001
3672.5 -5.20001
3673.5 -1.40001
3674.5 5.39999
3675.5 22.8
3676.5 2.6
3677.5 13.2
3678.5 44.8
3679.5 20
3680.5 -18.6
3681.5 9.6
3682.5 20.2
3683.5 -3.8
3684.5 0.599996
3685.5 -18.6
3686.5 -6
3687.5 -18
3688.5 18.6
3689.5 15
3690.5 35.8
3691.5 2
3692.5 -10
3693.5 37
3694.5 -4.6
3695.5 -20.6
3696.5 -5
3697.5 35
3698.5 1.6
3699.5 -8
3700.5 7.2
3701.5 4.8
3702.5 15.8
3703.5 -9.6
3704.5 5.4
3705.5 -12.8
3706.5 29
3707.5 -4.2
3708.5 16
3709.5 14.2
3710.5 39.6
3711.5 18
3712.5 -8.8
3713.5 15.2
3714.5 9
3715.5 8.4
3716.5 28.6
3717.5 -4.2
3718.5 32
3719.5 44.6
3720.5 63.2
3721.5 2.39999
3722.5 15.8
3723.5 12.4
3724.5 18.6
3725.5 32.4
3726.5 -23.4
3727.5 -11.4
3728.5 21
3729.5 17.8
3730.5 40.2
3731.5 18.6
3732.5 32
3733.5 -2.6
3734.5 28.8
3735.5 12
3736.5 21.8
3737.5 -11.4
3738.5 -14.4
3739.5 -4
3740.5 19.6
3741.5 -12.8
3742.5 21.8
3743.5 21.2
3744.5 -19.2
3745.5 3.39999
3746.5 48.4
3747.5 0.599994
3748.5 -37.2
3749.5 5.59999
3750.5 11.8
3751.5 24.6
3752.5 45
3753.5 42.4
3754.5 28.4
3755.5 24.2
3756.5 16
3757.5 23
3758.5 -4.6
3759.5 20.2
3760.5 10.6
3761.5 23
3762.5 -10.2
3763.5 -11
3764.5 -7.2
3765.5 9.8
3766.5 10.4
3767.5 33.8
3768.5 12.2
3769.5 2
3770.5 7
3771.5 22
3772.5 21.8
3773.5 21.6
3774.5 -3.8
3775.5 13.8
3776.5 -0.600004
3777.5 -6
3778.5 6.8
3779.5 9.2
3780.5 8.2
3781.5 9
3782.5 -30.6
3783.5 20.8
3784.5 -9
3785.5 -8.2
3786.5 -7.8
3787.5 21.6
3788.5 7.6
3789.5 -3.57628e-06
3790.5 -0.800004
3791.5 34.2
3792.5 0.399996
3793.5 19.8
3794.5 -2
3795.5 7.8
3796.5 -5
3797.5 20
3798.5 14.4
3799.5 11
3800.5 43
3801.5 -17.8
3802.5 24
3803.5 22.2
3804.5 33
3805.5 26.4
3806.5 26
3807.5 5.19999
3808.5 52.2
3809.5 36.2
3810.5 36.4
3811.5 51.8
3812.5 31
3813.5 15.8
3814.5 7.6
3815.5 18
3816.5 4.4
3817.5 20.2
3818.5 17
3819.5 16.4
3820.5 29.8
3821.5 18.2
3822.5 32.4
3823.5 36.8
3824.5 -3.8
3825.5 -10.6
3826.5 18.2
3827.5 5.8
3828.5 29.8
3829.5 32.6
3830.5 11.6
3831.5 0.799996
3832.5 -13.8
3833.5 15.6
3834.5 18.2
3835.5 13.4
3836.5 -7.6
3837.5 13.6
3838.5 -8.8
3839.5 7.6
3840.5 9.6
3841.5 -18.2
3842.5 8.8
3843.5 12.2
3844.5 24.8
3845.5 18.8
3846.5 19
3847.5 -15.8
3848.5 -1.80001
3849.5 -4.8
3850.5 -8.8
3851.5 6.6
3852.5 26.4
3853.5 3
3854.5 35.8
3855.5 38.8
3856.5 9.2
3857.5 19.4
3858.5 -2.00001
3859.5 2.2
3860.5 12.2
3861.5 -28.6
3862.5 -4
3863.5 13.8
3864.5 14.6
3865.5 35
3866.5 14.4
3867.5 14.2
3868.5 -14.4
3869.5 -33
3870.5 3.39999
3871.5 17.2
3872.5 16.6
3873.5 39.8
3874.5 34.4
3875.5 39.4
3876.5 59.6
3877.5 14
3878.5 28.8
3879.5 3
3880.5 -0.400003
3881.5 -20.4
3882.5 -5.8
3883.5 28.8
3884.5 -12.8
3885.5 22.2
3886.5 6.6
3887.5 -21.2
3888.5 14
3889.5 6.2
3890.5 0.399996
3891.5 8.4
3892.5 17.6
3893.5 -15.2
3894.5 -22.8
3895.5 15.4
3896.5 -0.600004
3897.5 3
3898.5 2.6
3899.5 -8.4
3900.5 -2.60001
3901.5 -10.6
3902.5 19.4
3903.5 -11.2
3904.5 6.79999
3905.5 37.2
3906.5 36.8
3907.5 34.8
3908.5 32.4
3909.5 22.8
3910.5 15
3911.5 -11.6
3912.5 -27.4
3913.5 -2
3914.5 -6.4
3915.5 12.2
3916.5 7.6
3917.5 1.8
3918.5 17
3919.5 21.6
3920.5 -4
3921.5 11.6
3922.5 32.4
3923.5 0.999995
3924.5 11.6
3925.5 8.4
3926.5 15.8
3927.5 31.2
3928.5 38
3929.5 14.2
3930.5 15.2
3931.5 22
3932.5 17.4
3933.5 24.6
3934.5 -8.4
3935.5 7.2
3936.5 24.2
3937.5 24.8
3938.5 11.4
3939.5 14.4
3940.5 5.8
3941.5 -8.6
3942.5 26.8
3943.5 5.4
3944.5 10.2
3945.5 44
3946.5 -27
3947.5 24.4
3948.5 38
3949.5 24.4
3950.5 26.4
3951.5 20
3952.5 -14.2
3953.5 13.2
3954.5 1.6
3955.5 8.19999
3956.5 1.39999
3957.5 22.2
3958.5 -6.40001
3959.5 3.4
3960.5 4.2
3961.5 -10.2
3962.5 10.4
3963.5 5.8
3964.5 24.2
3965.5 10.4
3966.5 5
3967.5 7.4
3968.5 -25
3969.5 15.4
3970.5 46
3971.5 39.4
3972.5 6.99999
3973.5 1.39999
3974.5 30
3975.5 48
3976.5 27.6
3977.5 42.6
3978.5 42
3979.5 61.8
3980.5 72.2
3981.5 65.8
3982.5 42.4
3983.5 -1
3984.5 -3.4
3985.5 6.6
3986.5 -11.2
3987.5 -3.2
3988.5 20.8
3989.5 -15.2
3990.5 1.2
3991.5 -7.6
3992.5 -19.6
3993.5 18.2
3994.5 -0.400004
3995.5 2.2
3996.5 -27
3997.5 -9.6
3998.5 6.6
3999.5 -5
4000.5 12.6
4001.5 8
4002.5 -19.4
4003.5 -9.4
4004.5 -3.6
4005.5 5.4
4006.5 -15.6
4007.5 -13.6
4008.5 -18.4
4009.5 -1.4
4010.5 7.4
4011.5 15.4
4012.5 -12.4
4013.5 13.4
4014.5 8.2
4015.5 3.2
4016.5 11
4017.5 9.2
4018.5 11.8
4019.5 9.8
4020.5 17.2
4021.5 19.4
4022.5 19.4
4023.5 31.6
4024.5 56.2
4025.5 66
4026.5 38.2
4027.5 43.4
4028.5 31.6
4029.5 31
4030.5 6.4
4031.5 2
4032.5 63
4033.5 19.6
4034.5 28.6
4035.5 31.2
4036.5 29
4037.5 -6.6
4038.5 4.4
4039.5 0.999996
4040.5 4.4
4041.5 18
4042.5 6.6
4043.5 -8.2
4044.5 11.2
4045.5 -11.8
4046.5 21.2
4047.5 28.8
4048.5 22.2
4049.5 -12.2
4050.5 -26.4
4051.5 4.8
4052.5 19.4
4053.5 44.6
4054.5 15.2
4055.5 32.4
4056.5 -1.2
4057.5 30.6
4058.5 34.4
4059.5 -14
4060.5 -21
4061.5 10.8
4062.5 -13.2
4063.5 14
4064.5 11
4065.5 11.4
4066.5 3.4
4067.5 4.2
4068.5 15.6
4069.5 2
4070.5 0.399996
4071.5 28
4072.5 18.2
4073.5 -6.4
4074.5 -1.2
4075.5 23.6
4076.5 13.2
4077.5 14.4
4078.5 11.8
4079.5 -1.2
4080.5 2.2
4081.5 10.6
4082.5 -9.4
4083.5 -8.8
4084.5 -0.800003
4085.5 6.6
4086.5 12.8
4087.5 -16.8
4088.5 14.6
4089.5 -0.800003
4090.5 12.2
4091.5 12.2
4092.5 19.8
4093.5 18
4094.5 4.2
4095.5 -4.4
4096.5 -5.8
4097.5 1.2
4098.5 0.399997
4099.5 -8
4100.5 4.4
4101.5 2.8
4102.5 -8.8
4103.5 16
4104.5 17.2
4105.5 8
4106.5 14.4
4107.5 18.4
4108.5 21
4109.5 25.6
4110.5 0.599997
4111.5 10
4112.5 -3.8
4113.5 6.2
4114.5 9.2
4115.5 7.8
4116.5 -9.2
4117.5 36
4118.5 -13.2
4119.5 -9.2
4120.5 -32.2
4121.5 -3.4
4122.5 3.4
4123.5 1.8
4124.5 37.8
4125.5 -14.8
4126.5 16
4127.5 4.8
4128.5 -14.6
4129.5 -0.800004
4130.5 13.6
4131.5 -8.2
4132.5 -7.2
4133.5 22
4134.5 30.6
4135.5 4.8
4136.5 -16.6
4137.5 24.6
4138.5 29.4
4139.5 3.2
4140.5 1.4
4141.5 15
4142.5 8.6
4143.5 17.2
4144.5 -11
4145.5 29.4
4146.5 -8.4
4147.5 17.4
4148.5 12.2
4149.5 28.6
4150.5 7.2
4151.5 -16.2
4152.5 28.4
4153.5 12.8
4154.5 23.2
4155.5 4
4156.5 10.8
4157.5 3.4
4158.5 17.8
4159.5 0.599996
4160.5 3.6
4161.5 -1.4
4162.5 3.6
4163.5 42.8
4164.5 18
4165.5 33.6
4166.5 18.6
4167.5 4.8
4168.5 16.2
4169.5 0.799995
4170.5 -2
4171.5 -20.8
4172.5 18.8
4173.5 24.4
4174.5 -10.4
4175.5 19.4
4176.5 4.6
4177.5 15.4
4178.5 -7.2
4179.5 9.4
4180.5 -10
4181.5 -0.200003
4182.5 5.8
4183.5 -10
4184.5 9.6
4185.5 22.2
4186.5 16.2
4187.5 14
4188.5 -18.8
4189.5 18.6
4190.5 8.8
4191.5 6.8
4192.5 11
4193.5 8
4194.5 -9.8
4195.5 -8.2
4196.5 -8
4197.5 -11.4
4198.5 4
4199.5 13
4200.5 -28.4
4201.5 21.8
4202.5 9.6
4203.5 9
4204.5 4
4205.5 0.999996
4206.5 -16.4
4207.5 -52
4208.5 -46.2
4209.5 -7.60001
4210.5 -20.8
4211.5 -4.6
4212.5 -13
4213.5 -8.8
4214.5 15
4215.5 -11.6
4216.5 8.8
4217.5 -19.8
4218.5 7.6
4219.5 16.6
4220.5 -18.2
4221.5 -16
4222.5 3
4223.5 -12.6
4224.5 -14.2
4225.5 2.2
4226.5 8.8
4227.5 6.2
4228.5 -11.6
4229.5 -7.8
4230.5 -1.8
4231.5 -7.8
4232.5 2.2
4233.5 8.6
4234.5 17
4235.5 14.8
4236.5 21.2
4237.5 9.2
4238.5 11.8
4239.5 9.8
4240.5 1.4
4241.5 19.4
4242.5 4.6
4243.5 -7.8
4244.5 15.4
4245.5 -22.8
4246.5 7.2
4247.5 -5.6
4248.5 3.4
4249.5 -18
4250.5 13
4251.5 -7.8
4252.5 23
4253.5 -0.200003
4254.5 12
4255.5 11.2
4256.5 13.4
4257.5 -6.2
4258.5 22.2
4259.5 -5.2
4260.5 36.2
4261.5 0.999996
4262.5 51.2
4263.5 126.2
4264.5 126.8
4265.5 134
4266.5 95.4
4267.5 1.2
4268.5 7.2
4269.5 -0.400003
4270.5 16.4
4271.5 -21.4
4272.5 -16.8
4273.5 -22
4274.5 12.4
4275.5 18
4276.5 -14.4
4277.5 23.2
4278.5 -22.4
4279.5 30.6
4280.5 6.6
4281.5 13.6
4282.5 20
4283.5 17
4284.5 -13.2
4285.5 28.2
4286.5 3.2
4287.5 8.8
4288.5 -9
4289.5 2.6
4290.5 5.6
4291.5 7.6
4292.5 -8.4
4293.5 7.4
4294.5 4.4
4295.5 -11.6
4296.5 20
4297.5 18.6
4298.5 -2.6
4299.5 31.2
4300.5 2.4
4301.5 21.2
4302.5 -11
4303.5 28.4
4304.5 12.2
4305.5 38.4
4306.5 7.2
4307.5 9.8
4308.5 -12.2
4309.5 12.6
4310.5 22.4
4311.5 0.599997
4312.5 -4.6
4313.5 -0.600003
4314.5 12.6
4315.5 10.4
4316.5 -16.2
4317.5 -4.6
4318.5 11
4319.5 3.4
4320.5 -2.4
4321.5 9
4322.5 -0.200003
4323.5 22.4
4324.5 14.6
4325.5 -8
4326.5 17.8
4327.5 -6
4328.5 9
4329.5 -2.6
4330.5 7.4
4331.5 12.4
4332.5 45.2
4333.5 51
4334.5 28.8
4335.5 4.8
4336.5 24
4337.5 20
4338.5 1.8
4339.5 12
4340.5 22.4
4341.5 22.6
4342.5 -5
4343.5 2.6
4344.5 -15.8
4345.5 2.6
4346.5 -14
4347.5 5
4348.5 -7
4349.5 -11.2
4350.5 -15.8
4351.5 14
4352.5 -2.2
4353.5 -0.600003
4354.5 8.6
4355.5 -12.2
4356.5 15.6
4357.5 -7.2
4358.5 -7.4
4359.5 0.399997
4360.5 -3.6
4361.5 19.6
4362.5 12.4
4363.5 -0.400003
4364.5 13.2
4365.5 15.6
4366.5 6.2
4367.5 -3
4368.5 -7.6
4369.5 5.8
4370.5 23.2
4371.5 -5
4372.5 3.4
4373.5 26.8
4374.5 7.6
4375.5 6.6
4376.5 -3.2
4377.5 16.6
4378.5 -7.4
4379.5 -5.4
4380.5 7
4381.5 -18.2
4382.5 3.59999
4383.5 6.4
4384.5 4.6
4385.5 18.8
4386.5 -3.57628e-06
4387.5 -3.09944e-06
4388.5 9.6
4389.5 27
4390.5 6.8
4391.5 28.4
4392.5 0.799996
4393.5 17.4
4394.5 5.8
4395.5 8
4396.5 6.4
4397.5 15
4398.5 40.2
4399.5 8
4400.5 30
4401.5 11.6
4402.5 8
4403.5 12
4404.5 25.6
4405.5 2.8
4406.5 5.2
4407.5 6.6
4408.5 -6.2
4409.5 9
4410.5 16.2
4411.5 3
4412.5 -7.6
4413.5 14.6
4414.5 15.2
4415.5 30.2
4416.5 28.2
4417.5 14.4
4418.5 25.6
4419.5 17.4
4420.5 4
4421.5 21.4
4422.5 1.4
4423.5 24
4424.5 -20
4425.5 -2.8
4426.5 14.4
4427.5 -11
4428.5 -2.4
4429.5 28.6
4430.5 -1.4
4431.5 -10
4432.5 -6.4
4433.5 2.6
4434.5 -1.8
4435.5 -3
4436.5 36.2
4437.5 20.8
4438.5 27.2
4439.5 -0.800003
4440.5 -21
4441.5 -4.2
4442.5 3.8
4443.5 12.4
4444.5 29.2
4445.5 8
4446.5 13.4
4447.5 17.2
4448.5 9.6
4449.5 5.6
4450.5 -5.2
4451.5 10.2
4452.5 -16.2
4453.5 15.6
4454.5 14.6
4455.5 -19.2
4456.5 26.8
4457.5 36
4458.5 17.6
4459.5 2.59999
4460.5 12.2
4461.5 -3.40001
4462.5 1.59999
4463.5 -13
4464.5 -39
4465.5 20
4466.5 16.6
4467.5 -1.8
4468.5 9
4469.5 7.2
4470.5 -14.4
4471.5 3.4
4472.5 36
4473.5 -10.4
4474.5 -4.8
4475.5 17.4
4476.5 0.199997
4477.5 8.2
4478.5 -1.2
4479.5 8.8
4480.5 16.2
4481.5 10.4
4482.5 3
4483.5 -14.4
4484.5 11
4485.5 9.4
4486.5 13.8
4487.5 -9.6
4488.5 8
4489.5 13.6
4490.5 3
4491.5 -1.4
4492.5 10
4493.5 -2.2
4494.5 12.8
4495.5 29
4496.5 6.6
4497.5 -1.4
4498.5 3
4499.5 21
4500.5 38
4501.5 33
4502.5 19.6
4503.5 -7.4
4504.5 -3.4
4505.5 -18.6
4506.5 -12
4507.5 -6.4
4508.5 5.8
4509.5 8.4
4510.5 -1.4
4511.5 7.4
4512.5 8.4
4513.5 16.4
4514.5 -9.6
4515.5 5
4516.5 11
4517.5 11.2
4518.5 27
4519.5 -2.38419e-06
4520.5 8
4521.5 -7.2
4522.5 -27.8
4523.5 -11.2
4524.5 -2.6
4525.5 15.4
4526.5 14.2
4527.5 10.4
4528.5 17.8
4529.5 -33
4530.5 -1.2
4531.5 3.6
4532.5 -7.6
4533.5 22.2
4534.5 0.999998
4535.5 15.4
4536.5 12.4
4537.5 11
4538.5 2.8
4539.5 3.6
4540.5 -2
4541.5 1.2
4542.5 -8.6
4543.5 4.2
4544.5 -22.4
4545.5 26
4546.5 13.8
4547.5 5.6
4548.5 10
4549.5 -10.6
4550.5 8.4
4551.5 32.6
4552.5 27
4553.5 17.2
4554.5 23
4555.5 -1.8
4556.5 6.8
4557.5 19
4558.5 35
4559.5 6
4560.5 15.2
4561.5 11.6
4562.5 -6.4
4563.5 0.399996
4564.5 -9.6
4565.5 17.4
4566.5 -5.2
4567.5 -8.4
4568.5 6
4569.5 10.2
4570.5 -2
4571.5 -11.4
4572.5 16.2
4573.5 23.4
4574.5 18.6
4575.5 36
4576.5 14.4
4577.5 25.8
4578.5 13.8
4579.5 16.2
4580.5 -6.4
4581.5 8.6
4582.5 20.2
4583.5 12.6
4584.5 -8.8
4585.5 -17.4
4586.5 7.4
4587.5 24
4588.5 -17.8
4589.5 14.2
4590.5 -17.6
4591.5 9.2
4592.5 -8.8
4593.5 3.4
4594.5 -12
4595.5 -7.8
4596.5 0.199997
4597.5 -20
4598.5 5.2
4599.5 12.6
4600.5 20.8
4601.5 -3.4
4602.5 12.4
4603.5 -2.8
4604.5 -15
4605.5 -6.4
4606.5 7.6
4607.5 -6
4608.5 4.2
4609.5 6.4
4610.5 3.2
4611.5 4
4612.5 -3.6
4613.5 -0.600003
4614.5 41.8
4615.5 28.4
4616.5 20.2
4617.5 20
4618.5 10.4
4619.5 32.4
4620.5 28.2
4621.5 -5.6
4622.5 4.6
4623.5 20.2
4624.5 -25.6
4625.5 22.4
4626.5 4
4627.5 -8.2
4628.5 6.8
4629.5 -4.8
4630.5 20.4
4631.5 -8.4
4632.5 27.8
4633.5 -1.4
4634.5 12.4
4635.5 18.8
4636.5 6.8
4637.5 -10.2
4638.5 12.6
4639.5 3.6
4640.5 2.2
4641.5 7.2
4642.5 15.4
4643.5 -2.8
4644.5 -2
4645.5 15.6
4646.5 -2
4647.5 16.8
4648.5 5.2
4649.5 11.6
4650.5 -17.4
4651.5 -6.8
4652.5 13.2
4653.5 7
4654.5 7
4655.5 1.6
4656.5 -11.4
4657.5 -2.8
4658.5 -10.6
4659.5 -13.4
4660.5 11.2
4661.5 17.8
4662.5 10.4
4663.5 15.8
4664.5 32
4665.5 -24.2
4666.5 -11.8
4667.5 -2.2
4668.5 -15.4
4669.5 -6.4
4670.5 -11.6
4671.5 -6.4
4672.5 10.4
4673.5 -12
4674.5 32.6
4675.5 5.8
4676.5 -9.6
4677.5 18.2
4678.5 13.8
4679.5 -10
4680.5 -11
4681.5 -0.400003
4682.5 1.8
4683.5 4.6
4684.5 -10.2
4685.5 9.6
4686.5 9.2
4687.5 -7
4688.5 31.2
4689.5 1.2
4690.5 4.8
4691.5 4.4
4692.5 17.4
4693.5 -2
4694.5 11
4695.5 -9
4696.5 8.4
4697.5 5.2
4698.5 7.8
4699.5 9.8
4700.5 6.8
4701.5 23.2
4702.5 25.4
4703.5 15.6
4704.5 9.4
4705.5 -12.8
4706.5 -4
4707.5 15.4
4708.5 4
4709.5 -0.800003
4710.5 3.2
4711.5 -11.4
4712.5 13.6
4713.5 6.8
4714.5 -5.8
4715.5 8.6
4716.5 9.6
4717.5 13.2
4718.5 7
4719.5 21
4720.5 -9.2
4721.5 12.2
4722.5 3.2
4723.5 10
4724.5 2.6
4725.5 26.4
4726.5 12.8
4727.5 -15.4
4728.5 23
4729.5 0.599997
4730.5 21.8
4731.5 -6.6
4732.5 -2.6
4733.5 1.2
4734.5 8.4
4735.5 -1.8
4736.5 -4.2
4737.5 -7.6
4738.5 -4
4739.5 21.8
4740.5 26.6
4741.5 4
4742.5 32.4
4743.5 23
4744.5 5.6
4745.5 2.4
4746.5 -7
4747.5 -11.4
4748.5 13.2
4749.5 -9.8
4750.5 -7.4
4751.5 15.6
4752.5 13.4
4753.5 2
4754.5 5
4755.5 -3.6
4756.5 -0.800003
4757.5 -12
4758.5 -7.6
4759.5 10
4760.5 -4.8
4761.5 7
4762.5 3
4763.5 19.6
4764.5 22
4765.5 6.2
4766.5 10
4767.5 -4
4768.5 -14
4769.5 -4.6
4770.5 -27.8
4771.5 -20.8
4772.5 -14.4
4773.5 19.6
4774.5 -14.6
4775.5 -4.4
4776.5 20.6
4777.5 8.8
4778.5 -3.2
4779.5 17.4
4780.5 -14.8
4781.5 -37.8
4782.5 12
4783.5 -9.2
4784.5 -4.6
4785.5 21.2
4786.5 18.4
4787.5 9.8
4788.5 17
4789.5 6.4
4790.5 34.8
4791.5 24.6
4792.5 9.4
4793.5 3.4
4794.5 14.4
4795.5 24.8
4796.5 15.2
4797.5 11.6
4798.5 4
4799.5 -14.4
4800.5 5.4
4801.5 0.199998
4802.5 15.4
4803.5 35.4
4804.5 -18.4
4805.5 -6
4806.5 27.2
4807.5 11.4
4808.5 8
4809.5 -0.400003
4810.5 13.2
4811.5 -4.4
4812.5 11.2
4813.5 3.4
4814.5 -7
4815.5 -14
4816.5 16.2
4817.5 5.4
4818.5 -8.2
4819.5 0.799998
4820.5 9.6
4821.5 19.4
4822.5 4.4
4823.5 20.6
4824.5 8.2
4825.5 -0.800002
4826.5 -0.800002
4827.5 -4.4
4828.5 6
4829.5 -4.4
4830.5 -10.4
4831.5 7.2
4832.5 14.4
4833.5 -14.2
4834.5 -7
4835.5 1.8
4836.5 0.599998
4837.5 14.6
4838.5 14
4839.5 21
4840.5 24.8
4841.5 54.8
4842.5 57.4
4843.5 47.4
4844.5 116.6
4845.5 87.4
4846.5 48
4847.5 19.4
4848.5 45.8
4849.5 14.8
4850.5 7.4
4851.5 9.2
4852.5 0.199998
4853.5 13
4854.5 15.2
4855.5 3
4856.5 -13.2
4857.5 16.4
4858.5 4.8
4859.5 3.4
4860.5 -5.4
4861.5 12.8
4862.5 4.4
4863.5 3.8
4864.5 0.399998
4865.5 -0.400002
4866.5 3.4
4867.5 -2.8
4868.5 -14.6
4869.5 5.6
4870.5 -7.2
4871.5 17.2
4872.5 14.6
4873.5 13.6
4874.5 12.4
4875.5 -17.4
4876.5 13.4
4877.5 21.4
4878.5 -0.200005
4879.5 -0.800004
4880.5 9.8
4881.5 27
4882.5 9
4883.5 34.8
4884.5 11.6
4885.5 52.8
4886.5 43.2
4887.5 21
4888.5 50.2
4889.5 18.6
4890.5 10.6
4891.5 11.8
4892.5 -9.8
4893.5 16.4
4894.5 12.6
4895.5 0.199998
4896.5 1.8
4897.5 14.6
4898.5 1.2
4899.5 8.2
4900.5 21.2
4901.5 22.6
4902.5 -4.4
4903.5 22.2
4904.5 17.6
4905.5 22.6
4906.5 3.8
4907.5 22.2
4908.5 24.2
4909.5 -3.8
4910.5 9.8
4911.5 2.4
4912.5 -4.6
4913.5 19
4914.5 9.2
4915.5 15.8
4916.5 -3.8
4917.5 16
4918.5 -21.2
4919.5 2.79999
4920.5 -3.20001
4921.5 16.6
4922.5 19.4
4923.5 9.6
4924.5 3.4
4925.5 23.2
4926.5 11.4
4927.5 18.6
4928.5 -2.6
4929.5 1.2
4930.5 6.2
4931.5 -1.2
4932.5 13.8
4933.5 5
4934.5 5.2
4935.5 23.2
4936.5 32
4937.5 19.2
4938.5 16.6
4939.5 11
4940.5 8.4
4941.5 5.2
4942.5 0.599998
4943.5 23.6
4944.5 5.4
4945.5 14.6
4946.5 15.4
4947.5 -5.6
4948.5 16
4949.5 -1
4950.5 -7.6
4951.5 27.8
4952.5 -1.8
4953.5 11.8
4954.5 -6.6
4955.5 18.4
4956.5 14.2
4957.5 -7.4
4958.5 -12.8
4959.5 13
4960.5 17.6
4961.5 3
4962.5 3.6
4963.5 8.8
4964.5 9
4965.5 -1.6
4966.5 -2
4967.5 -4.4
4968.5 6.8
4969.5 4.4
4970.5 12.6
4971.5 -9.6
4972.5 9
4973.5 5.8
4974.5 -24.8
4975.5 0.799997
4976.5 7.2
4977.5 -8.2
4978.5 7.6
4979.5 -10.6
4980.5 21.2
4981.5 5
4982.5 -15.8
4983.5 21.2
4984.5 56.6
4985.5 17.6
4986.5 10
4987.5 -8
4988.5 -4
4989.5 -8.2
4990.5 -1
4991.5 7.4
4992.5 -12.8
4993.5 13.2
4994.5 10.6
4995.5 -8
4996.5 4.2
4997.5 7.4
4998.5 12.6
4999.5 0.399998
5000.5 -20.4
5001.5 12.4
5002.5 -12.4
5003.5 5.2
5004.5 -15.4
5005.5 -28.6
5006.5 -2.8
5007.5 28.4
5008.5 -2.38419e-06
5009.5 7.8
5010.5 9.8
5011.5 18.8
5012.5 12.8
5013.5 5
5014.5 -10.6
5015.5 12.8
5016.5 8
5017.5 0.599998
5018.5 8.6
5019.5 26.4
5020.5 15.8
5021.5 2.8
5022.5 20
5023.5 -11.4
5024.5 4.2
5025.5 3
5026.5 22
5027.5 17.2
5028.5 -9.6
5029.5 -7.8
5030.5 -4.8
5031.5 5.4
5032.5 0.599998
5033.5 10.4
5034.5 10
5035.5 5.4
5036.5 2.8
5037.5 -31.4
5038.5 -56.8
5039.5 -3.8147e-06
5040.5 -32.2
5041.5 -39.2
5042.5 -13.4
5043.5 7.8
5044.5 8.4
5045.5 25.4
5046.5 1.4
5047.5 13.6
5048.5 -13.4
5049.5 -1.8
5050.5 16
5051.5 16.2
5052.5 -3.2
5053.5 34.8
5054.5 2
5055.5 21.6
5056.5 10.6
5057.5 20.4
5058.5 0.199998
5059.5 4.2
5060.5 12
5061.5 1.4
5062.5 18.2
5063.5 23.2
5064.5 -5.6
5065.5 21.8
5066.5 5
5067.5 43.6
5068.5 18.4
5069.5 -13
5070.5 15.2
5071.5 13.4
5072.5 9.4
5073.5 12.8
5074.5 18.8
5075.5 16.4
5076.5 -3.6
5077.5 2.2
5078.5 14.8
5079.5 1.4
5080.5 7.4
5081.5 29.6
5082.5 14.8
5083.5 8.2
5084.5 5.2
5085.5 13
5086.5 -9.4
5087.5 3.6
5088.5 13.8
5089.5 25.4
5090.5 3.6
5091.5 11
5092.5 11.6
5093.5 14.8
5094.5 -4.6
5095.5 -5.6
5096.5 12.6
5097.5 5.6
5098.5 9.8
5099.5 -1.2
5100.5 26.6
5101.5 15.2
5102.5 13.4
5103.5 12.2
5104.5 20.8
5105.5 -1.2
5106.5 27.8
5107.5 1.6
5108.5 11.4
5109.5 17
5110.5 -0.200002
5111.5 14.8
5112.5 -5.4
5113.5 20.4
5114.5 7.2
5115.5 15.2
5116.5 17.6
5117.5 -12.2
5118.5 14.4
5119.5 22.2
5120.5 10
5121.5 11
5122.5 12
5123.5 9
5124.5 13
5125.5 12.8
5126.5 1.2
5127.5 0.799998
5128.5 -2.8
5129.5 -3.8
5130.5 10.2
5131.5 19.8
5132.5 13
5133.5 23.6
5134.5 0.399996
5135.5 22.6
5136.5 27.8
5137.5 5.2
5138.5 8.8
5139.5 5.6
5140.5 -2.8
5141.5 6
5142.5 15.2
5143.5 6.6
5144.5 24
5145.5 4.6
5146.5 22.8
5147.5 22.6
5148.5 8.8
5149.5 16.6
5150.5 3.6
5151.5 2.2
5152.5 -11.6
5153.5 -10.2
5154.5 15.2
5155.5 8.2
5156.5 17.4
5157.5 12.4
5158.5 22.4
5159.5 20.8
5160.5 28
5161.5 11.2
5162.5 8.2
5163.5 16.2
5164.5 4.4
5165.5 15.4
5166.5 9.8
5167.5 25
5168.5 13.6
5169.5 6
5170.5 -4.4
5171.5 18.2
5172.5 -10.4
5173.5 -18.6
5174.5 -1.2
5175.5 18
5176.5 20.4
5177.5 18.2
5178.5 14.6
5179.5 15
5180.5 -3.2
5181.5 13.8
5182.5 12.8
5183.5 15.4
5184.5 0.199998
5185.5 -6.8
5186.5 12.6
5187.5 -4.4
5188.5 18.4
5189.5 -2.2
5190.5 17.4
5191.5 2.2
5192.5 13.2
5193.5 -2.8
5194.5 10.8
5195.5 19
5196.5 22.8
5197.5 27.2
5198.5 -7.4
5199.5 16.2
5200.5 27.4
5201.5 12.4
5202.5 -1.8
5203.5 6
5204.5 10
5205.5 9.8
5206.5 10.2
5207.5 11.2
5208.5 13.6
5209.5 -8.2
5210.5 16.8
5211.5 -1
5212.5 10.8
5213.5 20.8
5214.5 13
5215.5 -2.8
5216.5 12.4
5217.5 33.2
5218.5 5.2
5219.5 12.8
5220.5 16.6
5221.5 33.2
5222.5 -9.4
5223.5 6.6
5224.5 2.4
5225.5 8.8
5226.5 16.6
5227.5 0.399997
5228.5 16.8
5229.5 -7.6
5230.5 6.4
5231.5 21
5232.5 14.4
5233.5 8
5234.5 -7
5235.5 16.4
5236.5 10.4
5237.5 -1.6
5238.5 15.4
5239.5 -2.86102e-06
5240.5 -3.6
5241.5 1.6
5242.5 6.2
5243.5 24.4
5244.5 -10
5245.5 -3.8
5246.5 -0.600003
5247.5 0.799998
5248.5 -10.2
5249.5 4.6
5250.5 8.6
5251.5 -3.2
5252.5 11.2
5253.5 28.2
5254.5 6.8
5255.5 21.4
5256.5 22.4
5257.5 -4.2
5258.5 -1.2
5259.5 19.6
5260.5 21
5261.5 -19.6
5262.5 17
5263.5 11.8
5264.5 12.8
5265.5 2.2
5266.5 28.2
5267.5 -14.4
5268.5 11.2
5269.5 -15.2
5270.5 7.6
5271.5 -1
5272.5 -16
5273.5 11.2
5274.5 24.6
5275.5 17
5276.5 0.199998
5277.5 1.4
5278.5 10.4
5279.5 -8
5280.5 17.6
5281.5 13.6
5282.5 3.8
5283.5 -10.4
5284.5 2.8
5285.5 20.6
5286.5 4.4
5287.5 -27
5288.5 20.6
5289.5 5.4
5290.5 9.8
5291.5 23.8
5292.5 -1
5293.5 13.4
5294.5 14.6
5295.5 -9.4
5296.5 -10.4
5297.5 25
5298.5 11.4
5299.5 12.6
5300.5 -10.8
5301.5 -6.8
5302.5 19.4
5303.5 -5.4
5304.5 -3.4
5305.5 27
5306.5 11.6
5307.5 9.4
5308.5 6.6
5309.5 8
5310.5 -8.2
5311.5 1.4
5312.5 -0.400002
5313.5 4.8
5314.5 -0.800002
5315.5 -8.6
5316.5 1.8
5317.5 2.2
5318.5 -20.8
5319.5 -28.4
5320.5 2.8
5321.5 -15.8
5322.5 0.399998
5323.5 8.2
5324.5 19.6
5325.5 -4
5326.5 5
5327.5 7.2
5328.5 5.8
5329.5 13.8
5330.5 -9.4
5331.5 3.2
5332.5 5.2
5333.5 1.8
5334.5 7.4
5335.5 9.4
5336.5 -0.800002
5337.5 -3.8
5338.5 3.2
5339.5 14.6
5340.5 -1
5341.5 21
5342.5 8.8
5343.5 9.4
5344.5 4.4
5345.5 6.4
5346.5 22.8
5347.5 19.4
5348.5 26.6
5349.5 40
5350.5 21
5351.5 68.4
5352.5 113.2
5353.5 126
5354.5 162.2
5355.5 148.6
5356.5 222.8
5357.5 184.8
5358.5 128.4
5359.5 83.4
5360.5 25.4
5361.5 4
5362.5 -4.8
5363.5 13.4
5364.5 3.6
5365.5 -6
5366.5 -3
5367.5 13.4
5368.5 11.4
5369.5 0.999998
5370.5 18
5371.5 5.4
5372.5 15.4
5373.5 -1.2
5374.5 5
5375.5 0.799999
5376.5 -12.2
5377.5 -5.8
5378.5 18.8
5379.5 -4
5380.5 -1.6
5381.5 0.999998
5382.5 -7.2
5383.5 6.4
5384.5 26.6
5385.5 7.6
5386.5 18.4
5387.5 26.8
5388.5 35.8
5389.5 40
5390.5 36
5391.5 38.4
5392.5 49.6
5393.5 21.4
5394.5 77
5395.5 113.2
5396.5 127.2
5397.5 84.2
5398.5 127.8
5399.5 102.6
5400.5 27.6
5401.5 28.6
5402.5 1.8
5403.5 34
5404.5 -7
5405.5 12.8
5406.5 2.2
5407.5 -3.2
5408.5 5.4
5409.5 10.4
5410.5 6.8
5411.5 12.4
5412.5 18.8
5413.5 16.2
5414.5 3.4
5415.5 16.4
5416.5 5.2
5417.5 13.8
5418.5 6.4
5419.5 -0.200002
5420.5 1.8
5421.5 7.2
5422.5 3.4
5423.5 21.2
5424.5 6
5425.5 9.4
5426.5 -6.8
5427.5 16.6
5428.5 8
5429.5 -13.4
5430.5 13.6
5431.5 -5.4
5432.5 -6.4
5433.5 -2.8
5434.5 -3.6
5435.5 17.6
5436.5 10.4
5437.5 4.4
5438.5 1.2
5439.5 14.4
5440.5 1.4
5441.5 10.6
5442.5 -4.6
5443.5 3.2
5444.5 11
5445.5 3.4
5446.5 16.2
5447.5 8.2
5448.5 9.6
5449.5 -1.90735e-06
5450.5 2.6
5451.5 6.2
5452.5 2.8
5453.5 -2.6
5454.5 -6.6
5455.5 5.2
5456.5 5.4
5457.5 -11.2
5458.5 3.4
5459.5 6.4
5460.5 -6.8
5461.5 3.4
5462.5 0.799999
5463.5 -13.8
5464.5 2.6
5465.5 -0.600001
5466.5 -1.4
5467.5 -9.6
5468.5 -10.6
5469.5 -20.4
5470.5 -2.6
5471.5 21.6
5472.5 5.8
5473.5 9.4
5474.5 3.2
5475.5 -15
5476.5 12.8
5477.5 6.6
5478.5 -13.8
5479.5 0.399998
5480.5 8.8
5481.5 1.4
5482.5 2.6
5483.5 1.8
5484.5 11.8
5485.5 -6.4
5486.5 19.6
5487.5 1.8
5488.5 1.4
5489.5 28.2
5490.5 -5
5491.5 22.4
5492.5 8.6
5493.5 6.2
5494.5 8.4
5495.5 -9.6
5496.5 2.2
5497.5 -8.6
5498.5 -6
5499.5 12
5500.5 -5
5501.5 -13.6
5502.5 13.4
5503.5 0.399999
5504.5 11
5505.5 -27
5506.5 2.4
5507.5 -6.4
5508.5 -2.6
5509.5 17
5510.5 -15
5511.5 -16
5512.5 -16
5513.5 -21.6
5514.5 -41
5515.5 -40.8
5516.5 -19.4
5517.5 -11
5518.5 -26
5519.5 6.4
5520.5 13.8
5521.5 5.8
5522.5 -21
5523.5 -12.4
5524.5 -1.4
5525.5 -2.8
5526.5 1.4
5527.5 6.2
5528.5 20
5529.5 11.8
5530.5 12.4
5531.5 12.8
5532.5 20.4
5533.5 16.4
5534.5 19.2
5535.5 -3.8
5536.5 -7.2
5537.5 5.6
5538.5 4
5539.5 -2
5540.5 -0.400002
5541.5 -3.2
5542.5 -6.2
5543.5 -9.8
5544.5 -8.4
5545.5 -1.4
5546.5 5.8
5547.5 7
5548.5 8.8
5549.5 8.4
5550.5 -3.4
5551.5 22.2
5552.5 16
5553.5 0.599998
5554.5 18.8
5555.5 -8.2
5556.5 29.2
5557.5 32
5558.5 21.2
5559.5 17.4
5560.5 10
5561.5 0.399999
5562.5 7
5563.5 1.2
5564.5 4.8
5565.5 15
5566.5 -2.2
5567.5 3.8
5568.5 6.4
5569.5 2
5570.5 5.2
5571.5 -2.2
5572.5 23.2
5573.5 -9.4
5574.5 11
5575.5 24.4
5576.5 -9.6
5577.5 5.6
5578.5 5.6
5579.5 -2.6
5580.5 2.6
5581.5 -10.8
5582.5 26.6
5583.5 21.4
5584.5 4.8
5585.5 20.4
5586.5 16.2
5587.5 3.6
5588.5 6.4
5589.5 8.4
5590.5 18.2
5591.5 26
5592.5 8.8
5593.5 -5.2
5594.5 -2.4
5595.5 -5.4
5596.5 2.2
5597.5 24
5598.5 1.2
5599.5 14.2
5600.5 19.8
5601.5 -7.2
5602.5 -21.6
5603.5 3.6
5604.5 10.2
5605.5 8.8
5606.5 16.8
5607.5 4
5608.5 16.6
5609.5 7.2
5610.5 -3.4
5611.5 -12.2
5612.5 5.8
5613.5 -5.6
5614.5 11.2
5615.5 3.2
5616.5 8.2
5617.5 9.8
5618.5 12
5619.5 9.4
5620.5 -1.66893e-06
5621.5 11.8
5622.5 -8.2
5623.5 -2.8
5624.5 5.8
5625.5 -4.6
5626.5 12
5627.5 -10.6
5628.5 19
5629.5 -15.2
5630.5 -12
5631.5 25.2
5632.5 -10
5633.5 2.8
5634.5 4.2
5635.5 2.2
5636.5 11
5637.5 -1
5638.5 5.6
5639.5 18.8
5640.5 3
5641.5 18.6
5642.5 1.6
5643.5 5.6
5644.5 9.2
5645.5 -2.4
5646.5 7.4
5647.5 13.6
5648.5 16.8
5649.5 10.4
5650.5 9.6
5651.5 -1.2
5652.5 5.6
5653.5 3.4
5654.5 4.2
5655.5 1.8
5656.5 -11.6
5657.5 7.2
5658.5 13.4
5659.5 5.8
5660.5 6.2
5661.5 9.6
5662.5 12.2
5663.5 11
5664.5 6
5665.5 -4.2
5666.5 5.6
5667.5 -0.400002
5668.5 -7.6
5669.5 0.599998
5670.5 -10.2
5671.5 -1.2
5672.5 25.8
5673.5 -12
5674.5 -1.8
5675.5 1.6
5676.5 1.8
5677.5 -1
5678.5 16.4
5679.5 20.2
5680.5 1.2
5681.5 4.6
5682.5 9.6
5683.5 -4
5684.5 7
5685.5 4.2
5686.5 0.399998
5687.5 -1.6
5688.5 1.2
5689.5 7
5690.5 2
5691.5 0.599998
5692.5 10.8
5693.5 2.6
5694.5 4.6
5695.5 10.4
5696.5 -2.6
5697.5 -3.4
5698.5 12.6
5699.5 1.2
5700.5 12.8
5701.5 -27.8
5702.5 8.2
5703.5 18.8
5704.5 -16.6
5705.5 1.8
5706.5 14.2
5707.5 -6.4
5708.5 21.8
5709.5 -6
5710.5 15.8
5711.5 21.4
5712.5 29.4
5713.5 13.6
5714.5 -11.2
5715.5 6
5716.5 26.6
5717.5 -14
5718.5 21.8
5719.5 7.6
5720.5 12.8
5721.5 0.399998
5722.5 2.8
5723.5 1.8
5724.5 -10.6
5725.5 7.6
5726.5 6.2
5727.5 -5.2
5728.5 -5.8
5729.5 0.999998
5730.5 15.4
5731.5 -6.4
5732.5 15.2
5733.5 -23.8
5734.5 23.6
5735.5 3.4
5736.5 15.6
5737.5 -16.4
5738.5 -12
5739.5 2
5740.5 -2.2
5741.5 2.6
5742.5 4.6
5743.5 -5.2
5744.5 10
5745.5 -1.4
5746.5 -4
5747.5 12.6
5748.5 -14.8
5749.5 25.2
5750.5 2.4
5751.5 9.2
5752.5 -1.6
5753.5 7.6
5754.5 -6.2
5755.5 9.8
5756.5 -0.800002
5757.5 34.8
5758.5 2.2
5759.5 -4.4
5760.5 7.4
5761.5 -11
5762.5 2.4
5763.5 -3.8
5764.5 12.6
5765.5 -10.8
5766.5 16.2
5767.5 0.399999
5768.5 11
5769.5 14.8
5770.5 10.8
5771.5 13.4
5772.5 20.4
5773.5 3
5774.5 21.2
5775.5 12.8
5776.5 4.8
5777.5 15
5778.5 -1.19209e-06
5779.5 -2.6
5780.5 1.2
5781.5 -4.6
5782.5 3.2
5783.5 -2.6
5784.5 4.2
5785.5 -9.8
5786.5 -11
5787.5 -1
5788.5 13.6
5789.5 -0.400002
5790.5 4.4
5791.5 2.6
5792.5 -13.4
5793.5 -9.2
5794.5 -13.4
5795.5 7.6
5796.5 -4
5797.5 -3.2
5798.5 3.4
5799.5 -0.600001
5800.5 8.2
5801.5 3.2
5802.5 9.2
5803.5 0.599999
5804.5 -5.4
5805.5 -7.2
5806.5 -4.8
5807.5 3.6
5808.5 -7
5809.5 -0.800001
5810.5 6.4
5811.5 15.4
5812.5 11.4
5813.5 7
5814.5 -7.8
5815.5 1.2
5816.5 0.999999
5817.5 8.8
5818.5 3.4
5819.5 9
5820.5 -8.2
5821.5 8.2
5822.5 3
5823.5 6.8
5824.5 5
5825.5 4
5826.5 3.4
5827.5 -0.800003
5828.5 4
5829.5 -12.6
5830.5 12.8
5831.5 1.4
5832.5 -5
5833.5 -17.4
5834.5 20
5835.5 34.8
5836.5 8.2
5837.5 -12.2
5838.5 -12.6
5839.5 12.6
5840.5 -0.600003
5841.5 19.4
5842.5 12.8
5843.5 6.8
5844.5 -22.4
5845.5 -5.8
5846.5 -3.6
5847.5 0.399999
5848.5 4.8
5849.5 0.999999
5850.5 -6
5851.5 8
5852.5 2.2
5853.5 -4.6
5854.5 -5.4
5855.5 11.2
5856.5 11.4
5857.5 11.4
5858.5 26.2
5859.5 28.8
5860.5 1.4
5861.5 -5
5862.5 4.4
5863.5 7.6
5864.5 17.6
5865.5 -0.200001
5866.5 -6.8
5867.5 -9.53674e-07
5868.5 3.4
5869.5 13.2
5870.5 12.6
5871.5 -1
5872.5 -8.8
5873.5 -5.2
5874.5 4.2
5875.5 13.8
5876.5 -1
5877.5 7.4
5878.5 -11.8
5879.5 11.8
5880.5 0.399999
5881.5 2.8
5882.5 7.4
5883.5 6.4
5884.5 20.4
5885.5 8
5886.5 -4.8
5887.5 -3.4
5888.5 13
5889.5 -1.4
5890.5 5.4
5891.5 4.4
5892.5 7.4
5893.5 -9.2
5894.5 16.4
5895.5 -9
5896.5 9.2
5897.5 39.4
5898.5 62
5899.5 68.2
5900.5 69.6
5901.5 76
5902.5 38.4
5903.5 39.8
5904.5 29.4
5905.5 39.4
5906.5 49
5907.5 48.6
5908.5 67
5909.5 87.4
5910.5 65.4
5911.5 68.6
5912.5 40.6
5913.5 13.6
5914.5 1.4
5915.5 16.6
5916.5 -3.6
5917.5 -7.2
5918.5 8
5919.5 4.6
5920.5 -5.4
5921.5 4.6
5922.5 14.4
5923.5 1.8
5924.5 -11
5925.5 6.8
5926.5 2
5927.5 9.2
5928.5 -7
5929.5 4
5930.5 2
5931.5 3.4
5932.5 -3.2
5933.5 3.4
5934.5 2.6
5935.5 14
5936.5 3.2
5937.5 2.4
5938.5 -0.400001
5939.5 -1
5940.5 10.8
5941.5 9.6
5942.5 -1.4
5943.5 -5
5944.5 -3.4
5945.5 -5.8
5946.5 6.6
5947.5 6.6
5948.5 -6.8
5949.5 -5.2
5950.5 -11.6
5951.5 -9.8
5952.5 -3.6
5953.5 9.6
5954.5 16.6
5955.5 22.4
5956.5 11.4
5957.5 4.4
5958.5 18.2
5959.5 11.2
5960.5 15.2
5961.5 8.6
5962.5 7
5963.5 18.2
5964.5 6.4
5965.5 16.6
5966.5 6.2
5967.5 4
5968.5 1.2
5969.5 2.8
5970.5 0.599998
5971.5 7.6
5972.5 1.2
5973.5 6.4
5974.5 -1.4
5975.5 -9.2
5976.5 3
5977.5 -3.8
5978.5 -2.2
5979.5 -3
5980.5 9.4
5981.5 4.4
5982.5 1.2
5983.5 4.6
5984.5 -2.2
5985.5 8
5986.5 -4.2
5987.5 8.8
5988.5 -3.2
5989.5 13.4
5990.5 -3
5991.5 -5.8
5992.5 9.8
5993.5 -3.4
5994.5 12.2
5995.5 18.6
5996.5 -2.6
5997.5 14
5998.5 2.6
5999.5 8.2
6000.5 15
6001.5 3.8
6002.5 -10
6003.5 2.4
6004.5 -8.8
6005.5 -3.4
6006.5 -4
6007.5 2.6
6008.5 4.2
6009.5 2.2
6010.5 -15.6
6011.5 1.2
6012.5 -0.800001
6013.5 4.4
6014.5 5.4
6015.5 9
6016.5 -10.6
6017.5 4
6018.5 2.2
6019.5 -2.6
6020.5 2
6021.5 -2.6
6022.5 8.8
6023.5 2
6024.5 -11.4
6025.5 -5.6
6026.5 2.2
6027.5 -13.4
6028.5 0.999999
6029.5 4
6030.5 5.2
6031.5 0.799998
6032.5 -12.4
6033.5 -5
6034.5 -3.09944e-06
6035.5 -5.8
6036.5 1.8
6037.5 13.2
6038.5 5
6039.5 16.8
6040.5 -1.6
6041.5 11.8
6042.5 3
6043.5 -7.15256e-07
6044.5 -2
6045.5 1.4
6046.5 -0.200001
6047.5 -9.4
6048.5 13
6049.5 -3.6
6050.5 8.2
6051.5 -5.2
6052.5 17.4
6053.5 10.6
6054.5 0.199999
6055.5 25
6056.5 5.4
6057.5 6.2
6058.5 -9.2
6059.5 2.4
6060.5 1
6061.5 -0.400001
6062.5 5.6
6063.5 -7.15256e-07
6064.5 5.6
6065.5 2.4
6066.5 -1.2
6067.5 0.599999
6068.5 -7.8
6069.5 5.6
6070.5 -9.2
6071.5 -1.8
6072.5 3.8
6073.5 0.399999
6074.5 -0.800001
6075.5 3.6
6076.5 2.2
6077.5 3.8
6078.5 5.6
6079.5 -1.8
6080.5 2.6
6081.5 -1.2
6082.5 11.2
6083.5 1.4
6084.5 5.6
6085.5 -4.2
6086.5 4.6
6087.5 -1.8
6088.5 5.2
6089.5 -2.4
6090.5 0.599999
6091.5 3
6092.5 8
6093.5 11.8
6094.5 1
6095.5 -3.6
6096.5 -5.6
6097.5 -3
6098.5 3.2
6099.5 -6.2
6100.5 3.8
6101.5 2.6
6102.5 4.2
6103.5 4.4
6104.5 -8.2
6105.5 16.2
6106.5 10.8
6107.5 2.4
6108.5 -4.4
6109.5 4.2
6110.5 -2
6111.5 3.6
6112.5 -9
6113.5 2.6
6114.5 -12.6
6115.5 -1
6116.5 2.4
6117.5 -20.2
6118.5 -2.4
6119.5 -8.8
6120.5 -8.2
6121.5 14
6122.5 -12.2
6123.5 -40.6
6124.5 -12
6125.5 -22.8
6126.5 -0.200004
6127.5 8
6128.5 -10.4
6129.5 -1.19209e-06
6130.5 3.4
6131.5 -1.6
6132.5 -2.8
6133.5 -7.2
6134.5 3.6
6135.5 7.6
6136.5 -2.2
6137.5 4
6138.5 -7.8
6139.5 11.2
6140.5 12.2
6141.5 1.2
6142.5 1.8
6143.5 -3
6144.5 -4.4
6145.5 6.4
6146.5 4.2
6147.5 11.8
6148.5 -9.8
6149.5 -1.4
6150.5 -1.8
6151.5 11.8
6152.5 15.2
6153.5 4.2
6154.5 3.2
6155.5 -2
6156.5 7.4
6157.5 2.2
6158.5 0.599999
6159.5 4
6160.5 -0.600001
6161.5 0.799999
6162.5 -3
6163.5 13.2
6164.5 15.2
6165.5 -1.4
6166.5 8
6167.5 8.2
6168.5 6
6169.5 -1.2
6170.5 4.6
6171.5 -4.8
6172.5 5
6173.5 4.2
6174.5 3.8
6175.5 -11
6176.5 -5.2
6177.5 -4.6
6178.5 9.4
6179.5 1.6
6180.5 6.2
6181.5 6.6
6182.5 -0.400001
6183.5 -7.4
6184.5 -3
6185.5 7
6186.5 0.799999
6187.5 3.2
6188.5 -2.2
6189.5 -18.6
6190.5 -2.2
6191.5 -1
6192.5 0.399999
6193.5 5
6194.5 1.6
6195.5 -22
6196.5 4
6197.5 5.4
6198.5 -9.6
6199.5 7.4
6200.5 -5.2
6201.5 4.2
6202.5 3.8
6203.5 5.8
6204.5 -0.600001
6205.5 -2.6
6206.5 -2.2
6207.5 -4.8
6208.5 1
6209.5 -1.4
6210.5 -1.4
6211.5 5.6
6212.5 3.2
6213.5 -3.2
6214.5 5.6
6215.5 10.4
6216.5 -8.8
6217.5 7.6
6218.5 11.8
6219.5 35.6
6220.5 29
6221.5 17.8
6222.5 19
6223.5 43.4
6224.5 39.2
6225.5 28.6
6226.5 40
6227.5 9.6
6228.5 6.8
6229.5 9.6
6230.5 -9.53674e-07
6231.5 -2.6
6232.5 -6.4
6233.5 5.2
6234.5 7.4
6235.5 -5.8
6236.5 -2
6237.5 -1
6238.5 7
6239.5 2
6240.5 1.2
6241.5 -3.6
6242.5 -1.6
6243.5 0.2
6244.5 -13.6
6245.5 2.8
6246.5 -5.6
6247.5 3
6248.5 2.2
6249.5 -6.6
6250.5 6.6
6251.5 4.8
6252.5 2.4
6253.5 -13.2
6254.5 -5.8
6255.5 11.4
6256.5 5.6
6257.5 -5.4
6258.5 -7.15256e-07
6259.5 -11.8
6260.5 5
6261.5 5.8
6262.5 6.8
6263.5 -8.2
6264.5 -3
6265.5 5.4
6266.5 -3.6
6267.5 6
6268.5 -4.4
6269.5 3.4
6270.5 8.8
6271.5 -1.8
6272.5 3.6
6273.5 2.2
6274.5 -2.4
6275.5 -4.76837e-07
6276.5 4.2
6277.5 -0.8
6278.5 -4.2
6279.5 -8.2
6280.5 5
6281.5 -5.2
6282.5 3
6283.5 3.4
6284.5 -1.4
6285.5 -9.2
6286.5 0.599999
6287.5 -2
6288.5 5.4
6289.5 -4.2
6290.5 -7.6
6291.5 1
6292.5 1
6293.5 4.4
6294.5 6.4
6295.5 -10
6296.5 13
6297.5 -5.4
6298.5 4.2
6299.5 4.6
6300.5 1.2
6301.5 7
6302.5 -9.4
6303.5 -3.6
6304.5 5.4
6305.5 2.6
6306.5 -2.2
6307.5 2
6308.5 3.2
6309.5 5.8
6310.5 -0.6
6311.5 9
6312.5 3
6313.5 -0.8
6314.5 -3
6315.5 -0.200001
6316.5 9.8
6317.5 2.8
6318.5 8
6319.5 -1.4
6320.5 1.2
6321.5 2.2
6322.5 -3.8
6323.5 -14.8
6324.5 -9.6
6325.5 -4
6326.5 6.4
6327.5 -2.4
6328.5 -9.6
6329.5 -2
6330.5 -1.6
6331.5 -7.2
6332.5 0.999999
6333.5 5.2
6334.5 -0.600001
6335.5 5
6336.5 4.6
6337.5 -4.6
6338.5 2.4
6339.5 4.8
6340.5 -1.4
6341.5 1.2
6342.5 2.8
6343.5 -1.6
6344.5 3.6
6345.5 -7.8
6346.5 -3.8
6347.5 -5.4
6348.5 12.6
6349.5 6.2
6350.5 -3.6
6351.5 6.4
6352.5 2
6353.5 1.6
6354.5 0.599999
6355.5 -1.2
6356.5 6.2
6357.5 -6.8
6358.5 2
6359.5 20.4
6360.5 7
6361.5 -3
6362.5 -0.600001
6363.5 -1.8
6364.5 -3
6365.5 -2.4
6366.5 -5
6367.5 2.6
6368.5 -1.8
6369.5 0.599999
6370.5 3
6371.5 -2.6
6372.5 3.2
6373.5 -3.2
6374.5 1
6375.5 -7.4
6376.5 1.2
6377.5 -2.6
6378.5 9
6379.5 -1.6
6380.5 -4
6381.5 0.199999
6382.5 -4.76837e-07
6383.5 -3.8
6384.5 3.8
6385.5 0.4
6386.5 1.2
6387.5 4.8
6388.5 -3.2
6389.5 3
6390.5 0.799999
6391.5 4.8
6392.5 -2
6393.5 -0.6
6394.5 0.4
6395.5 0.4
6396.5 11.4
6397.5 0.4
6398.5 4.4
6399.5 1
6400.5 -2.8
6401.5 -4
6402.5 -6
6403.5 -1
6404.5 -2.8
6405.5 -7.4
6406.5 1.6
6407.5 10
6408.5 -8.6
6409.5 5.4
6410.5 -8.2
6411.5 -9.6
6412.5 3.4
6413.5 1.4
6414.5 12
6415.5 -3
6416.5 4
6417.5 -6.8
6418.5 -8.2
6419.5 4.6
6420.5 -2.2
6421.5 -6.4
6422.5 -20.8
6423.5 -1
6424.5 11
6425.5 8
6426.5 -0.600001
6427.5 1.6
6428.5 -1.2
6429.5 -7.8
6430.5 -1
6431.5 7
6432.5 -3.2
6433.5 2.8
6434.5 -10.8
6435.5 0.599999
6436.5 1
6437.5 -5.4
6438.5 -9.53674e-07
6439.5 3.6
6440.5 3
6441.5 -12.4
6442.5 -9.4
6443.5 -7.2
6444.5 3.2
6445.5 -5.4
6446.5 -0.6
6447.5 4.2
6448.5 -0.200001
6449.5 2.6
6450.5 -3
6451.5 -4.4
6452.5 -2.8
6453.5 2.6
6454.5 -3
6455.5 -1.4
6456.5 2.8
6457.5 -11
6458.5 -8.4
6459.5 7.2
6460.5 -0.6
6461.5 -2.8
6462.5 9
6463.5 -2
6464.5 8.2
6465.5 -4.6
6466.5 3.2
6467.5 -0.6
6468.5 2.4
6469.5 6.6
6470.5 3
6471.5 7.2
6472.5 11.2
6473.5 1.2
6474.5 14.8
6475.5 7.2
6476.5 18.6
6477.5 -1.2
6478.5 12
6479.5 -7
6480.5 -9.6
6481.5 -5
6482.5 0.799999
6483.5 -5
6484.5 -8.2
6485.5 1.8
6486.5 7.4
6487.5 0.4
6488.5 5.4
6489.5 3.4
6490.5 -3
6491.5 -2.2
6492.5 5.4
6493.5 4.6
6494.5 2
6495.5 -1.4
6496.5 -1.6
6497.5 5.2
6498.5 12.2
6499.5 0.4
6500.5 3.6
6501.5 -1.6
6502.5 -0.8
6503.5 -1.2
6504.5 -4
6505.5 4.4
6506.5 -1
6507.5 4.8
6508.5 7.2
6509.5 -0.6
6510.5 -0.8
6511.5 11.4
6512.5 2.8
6513.5 -0.4
6514.5 -9.6
6515.5 -5
6516.5 -1
6517.5 8.6
6518.5 -4.6
6519.5 7.2
6520.5 -4.2
6521.5 -4.76837e-07
6522.5 -1.4
6523.5 -1.2
6524.5 6.2
6525.5 7.4
6526.5 8.4
6527.5 4.4
6528.5 2.2
6529.5 -6.6
6530.5 3.8
6531.5 5.4
6532.5 -3
6533.5 0.6
6534.5 3.8
6535.5 7.4
6536.5 4.4
6537.5 -3.8
6538.5 0.799999
6539.5 4.4
6540.5 -4.6
6541.5 -12.2
6542.5 6.8
6543.5 21
6544.5 -2.6
6545.5 10.6
6546.5 -0.800003
6547.5 -12.8
6548.5 12.4
6549.5 8.2
6550.5 7.6
6551.5 0.799999
6552.5 2.6
6553.5 -1.8
6554.5 -8
6555.5 -5.8
6556.5 -10.6
6557.5 7.4
6558.5 0.6
6559.5 3.8
6560.5 7.2
6561.5 -8.4
6562.5 2.8
6563.5 -0.600001
6564.5 -8.2
6565.5 2.2
6566.5 11.2
6567.5 6.6
6568.5 8.2
6569.5 -1.8
6570.5 2.4
6571.5 5
6572.5 -1.6
6573.5 6.4
6574.5 -2.38419e-07
6575.5 6.8
6576.5 -4
6577.5 -5
6578.5 -0.2
6579.5 1.8
6580.5 -4.8
6581.5 7
6582.5 -2.4
6583.5 0.8
6584.5 0.2
6585.5 0.6
6586.5 1.2
6587.5 -1.8
6588.5 -6
6589.5 1.8
6590.5 8.2
6591.5 -8.2
6592.5 -13.2
6593.5 4.2
6594.5 2.8
6595.5 -7.2
6596.5 -3.4
6597.5 1.6
6598.5 -1.8
6599.5 -2.2
6600.5 -3.8
6601.5 -5.2
6602.5 -6
6603.5 4
6604.5 4.4
6605.5 3.6
6606.5 -2.38419e-07
6607.5 1.6
6608.5 5.6
6609.5 1
6610.5 1.8
6611.5 1.2
6612.5 7.8
6613.5 0.8
6614.5 -2.4
6615.5 10
6616.5 0.799999
6617.5 -3.4
6618.5 -2
6619.5 -5
6620.5 2.8
6621.5 2.6
6622.5 3.2
6623.5 9.2
6624.5 4.4
6625.5 1.8
6626.5 10
6627.5 4
6628.5 7.2
6629.5 2
6630.5 -2.8
6631.5 0.2
6632.5 8.2
6633.5 -1
6634.5 -3.8
6635.5 0.8
6636.5 -2.8
6637.5 -1.4
6638.5 -1.6
6639.5 6.4
6640.5 4.8
6641.5 -2
6642.5 5.2
6643.5 -2.6
6644.5 1
6645.5 -5.2
6646.5 10.2
6647.5 0.8
6648.5 -12.6
6649.5 9
6650.5 7.4
6651.5 3.8
6652.5 7.8
6653.5 7.4
6654.5 1.6
6655.5 4
6656.5 2
6657.5 4.2
6658.5 0.6
6659.5 4.4
6660.5 2
6661.5 1.2
6662.5 -2.6
6663.5 0.6
6664.5 0.2
6665.5 -2.38419e-07
6666.5 0.8
6667.5 2
6668.5 -0.6
6669.5 -1.2
6670.5 -4
6671.5 7.6
6672.5 2.6
6673.5 2
6674.5 6.6
6675.5 2.2
6676.5 -1.2
6677.5 -2.6
6678.5 -2.4
6679.5 5.6
6680.5 -2
6681.5 -0.2
6682.5 0.2
6683.5 1.8
6684.5 -2.8
6685.5 3.8
6686.5 5.2
6687.5 8.8
6688.5 -8.6
6689.5 4.2
6690.5 2
6691.5 -1.8
6692.5 -5.4
6693.5 8.6
6694.5 3
6695.5 -4.76837e-07
6696.5 -3.4
6697.5 -1
6698.5 -0.200001
6699.5 5.8
6700.5 -5.6
6701.5 2
6702.5 -12.4
6703.5 4
6704.5 1.2
6705.5 1.2
6706.5 -1.8
6707.5 -0.6
6708.5 -4.2
6709.5 -3
6710.5 3.8
6711.5 3.2
6712.5 9
6713.5 2.4
6714.5 1.2
6715.5 -3.8
6716.5 3.8
6717.5 2
6718.5 2
6719.5 5.8
6720.5 -5.2
6721.5 -3.6
6722.5 -1.6
6723.5 2.4
6724.5 -0.4
6725.5 1.2
6726.5 2
6727.5 9
6728.5 6.8
6729.5 4.8
6730.5 1.4
6731.5 -1.8
6732.5 4.6
6733.5 6
6734.5 3
6735.5 5
6736.5 -4.8
6737.5 -2
6738.5 1
6739.5 -2.38419e-07
6740.5 4.4
6741.5 -4.8
6742.5 2.4
6743.5 3
6744.5 1.8
6745.5 11.8
6746.5 1.6
6747.5 -4.76837e-07
6748.5 -2
6749.5 10.6
6750.5 4.4
6751.5 1.8
6752.5 5
6753.5 -1.4
6754.5 2
6755.5 -4.6
6756.5 7.2
6757.5 -6.4
6758.5 2.4
6759.5 -3.4
6760.5 0.6
6761.5 2.2
6762.5 1.6
6763.5 -0.2
6764.5 -4.4
6765.5 2.2
6766.5 -3
6767.5 5
6768.5 2.6
6769.5 -0.400001
6770.5 3
6771.5 -12
6772.5 -2.6
6773.5 -7
6774.5 16
6775.5 -0.400001
6776.5 -12.6
6777.5 3.4
6778.5 8
6779.5 2
6780.5 5.6
6781.5 0.6
6782.5 3.6
6783.5 -3
6784.5 -2.2
6785.5 -2.4
6786.5 6.6
6787.5 1
6788.5 5.4
6789.5 4.4
6790.5 2.4
6791.5 -4.6
6792.5 -1
6793.5 4.2
6794.5 0.8
6795.5 5.2
6796.5 3.4
6797.5 5
6798.5 5.6
6799.5 2.8
6800.5 -4
6801.5 -2.4
6802.5 5.2
6803.5 2.2
6804.5 3.2
6805.5 3.6
6806.5 1.6
6807.5 8.4
6808.5 3.8
6809.5 -1.2
6810.5 4.6
6811.5 -4.8
6812.5 1
6813.5 -4.2
6814.5 4.4
6815.5 -3
6816.5 -2
6817.5 -2
6818.5 -4.6
6819.5 2.2
6820.5 -2
6821.5 2
6822.5 -12.6
6823.5 1.2
6824.5 1
6825.5 -1
6826.5 -0.2
6827.5 -1.8
6828.5 1
6829.5 4.6
6830.5 0.4
6831.5 1.2
6832.5 -3.2
6833.5 9.2
6834.5 2.8
6835.5 -0.4
6836.5 -3.8
6837.5 5.2
6838.5 -13.2
6839.5 -0.4
6840.5 2.4
6841.5 -6.4
6842.5 13
6843.5 -1.6
6844.5 -6.4
6845.5 -4.76837e-07
6846.5 -2.38419e-07
6847.5 6.2
6848.5 0.8
6849.5 3.4
6850.5 1.2
6851.5 7.4
6852.5 7.2
6853.5 1.8
6854.5 5.2
6855.5 -0.6
6856.5 2.4
6857.5 -1.8
6858.5 -3.4
6859.5 2.6
6860.5 -1.8
6861.5 -2.38419e-07
6862.5 -2.4
6863.5 2.2
6864.5 2
6865.5 6.6
6866.5 -3.4
6867.5 -3.8
6868.5 6.4
6869.5 3
6870.5 -8.8
6871.5 5.8
6872.5 0.2
6873.5 2
6874.5 0.6
6875.5 -0.4
6876.5 4.4
6877.5 -1.8
6878.5 4.6
6879.5 3
6880.5 -1
6881.5 -4.6
6882.5 1.2
6883.5 1.4
6884.5 1.2
6885.5 1.2
6886.5 6.6
6887.5 1.4
6888.5 2
6889.5 2.2
6890.5 2
6891.5 -7.6
6892.5 4.4
6893.5 0.6
6894.5 -3
6895.5 1.8
6896.5 1.2
6897.5 -1.2
6898.5 2
6899.5 4.4
6900.5 3.8
6901.5 3.4
6902.5 1.4
6903.5 -1.6
6904.5 -5.4
6905.5 5.8
6906.5 -5
6907.5 -4.4
6908.5 -5.6
6909.5 -2.2
6910.5 -4.2
6911.5 3.8
6912.5 -2.8
6913.5 -0.8
6914.5 -3.2
6915.5 1.4
6916.5 3.6
6917.5 3.8
6918.5 -1.2
6919.5 -1
6920.5 -1.6
6921.5 2
6922.5 -1.4
6923.5 4
6924.5 -0.2
6925.5 10.6
6926.5 -4.6
6927.5 0.6
6928.5 9.6
6929.5 9.2
6930.5 2.8
6931.5 -4.8
6932.5 -10.2
6933.5 1.2
6934.5 2.8
6935.5 6.4
6936.5 4.4
6937.5 0.999999
6938.5 -0.6
6939.5 5
6940.5 -2.4
6941.5 -4.4
6942.5 -9
6943.5 3
6944.5 -2.38419e-07
6945.5 4.2
6946.5 3.6
6947.5 3.6
6948.5 1.4
6949.5 8.4
6950.5 2.2
6951.5 -6.2
6952.5 -0.8
6953.5 -4
6954.5 2.2
6955.5 -1.8
6956.5 -4.6
6957.5 3.4
6958.5 2.6
6959.5 -3
6960.5 3.6
6961.5 -1
6962.5 3.6
6963.5 4.2
6964.5 3
6965.5 2.4
6966.5 2.4
6967.5 -0.2
6968.5 3.6
6969.5 1.8
6970.5 0.6
6971.5 -0.8
6972.5 -1.6
6973.5 -3
6974.5 4.6
6975.5 0.8
6976.5 8.4
6977.5 4.2
6978.5 -2.2
6979.5 7
6980.5 4
6981.5 21.2
6982.5 11.4
6983.5 38.4
6984.5 30.2
6985.5 23.6
6986.5 15.6
6987.5 11
6988.5 10.4
6989.5 15.4
6990.5 -2.4
6991.5 -0.4
6992.5 2
6993.5 -5.4
6994.5 -5.8
6995.5 1.6
6996.5 -4.2
6997.5 0.8
6998.5 -2.2
6999.5 2.6
7000.5 5.4
7001.5 1.8
7002.5 -6
7003.5 -0.6
7004.5 -2
7005.5 1.6
7006.5 -0.4
7007.5 -0.6
7008.5 1.2
7009.5 -3
7010.5 -0.8
7011.5 1.2
7012.5 -1
7013.5 -4.4
7014.5 0.4
7015.5 0.4
7016.5 3.4
7017.5 -1
7018.5 -1.2
7019.5 -2.4
7020.5 -1.4
7021.5 -1.2
7022.5 -3.6
7023.5 0.6
7024.5 5.6
7025.5 -12.2
7026.5 0.4
7027.5 3.8
7028.5 7.8
7029.5 -1.8
7030.5 -1.8
7031.5 -2.8
7032.5 -2.6
7033.5 5.8
7034.5 0.4
7035.5 0.2
7036.5 -1
7037.5 -1.6
7038.5 0.2
7039.5 -5.4
7040.5 -1.2
7041.5 -0.2
7042.5 -8.6
7043.5 1.8
7044.5 2.4
7045.5 -2.38419e-07
7046.5 1.4
7047.5 0.6
7048.5 1.6
7049.5 -1.8
7050.5 1.6
7051.5 -0.8
7052.5 -0.6
7053.5 2.6
7054.5 4.4
7055.5 3.2
7056.5 0.2
7057.5 1.4
7058.5 -3.4
7059.5 -3.2
7060.5 -0.8
7061.5 1.2
7062.5 -5.2
7063.5 0.8
7064.5 -2.4
7065.5 3
7066.5 0.8
7067.5 2.8
7068.5 3.6
7069.5 -1.6
7070.5 -6.4
7071.5 1.8
7072.5 0.6
7073.5 -2.38419e-07
7074.5 1.8
7075.5 2.4
7076.5 -2
7077.5 6.4
7078.5 -4.6
7079.5 1.4
7080.5 -1.8
7081.5 1.2
7082.5 -3
7083.5 2.4
7084.5 -2.4
7085.5 2.2
7086.5 -0.2
7087.5 2.8
7088.5 13.2
7089.5 8.4
7090.5 4.6
7091.5 10.6
7092.5 -0.8
7093.5 -1.2
7094.5 -1.6
7095.5 0.8
7096.5 -0.6
7097.5 3.6
7098.5 8
7099.5 6.6
7100.5 -1
7101.5 -2.2
7102.5 1.6
7103.5 -4.8
7104.5 0.8
7105.5 -1
7106.5 -2.4
7107.5 -0.8
7108.5 5.8
7109.5 3.4
7110.5 -3.2
7111.5 -4
7112.5 -1.8
7113.5 -3
7114.5 1
7115.5 2.2
7116.5 -2.6
7117.5 1.6
7118.5 1.6
7119.5 -3.6
7120.5 -3
7121.5 -3.2
7122.5 -1
7123.5 4.8
7124.5 1.2
7125.5 -2.2
7126.5 2.2
7127.5 2
7128.5 -0.8
7129.5 -1.8
7130.5 2
7131.5 -0.4
7132.5 -0.2
7133.5 -4
7134.5 -0.8
7135.5 -1.2
7136.5 -0.8
7137.5 -2.4
7138.5 7.6
7139.5 3.6
7140.5 -0.4
7141.5 -1.2
7142.5 0.4
7143.5 -3.4
7144.5 -2
7145.5 -0.2
7146.5 -0.8
7147.5 1.4
7148.5 2.6
7149.5 -4.6
7150.5 -0.6
7151.5 -2.4
7152.5 3.4
7153.5 -3.6
7154.5 -4.4
7155.5 1.6
7156.5 -2.8
7157.5 -1
7158.5 -0.4
7159.5 -0.6
7160.5 7.6
7161.5 -4
7162.5 5.6
7163.5 1.4
7164.5 7.8
7165.5 -0.4
7166.5 -4.2
7167.5 -3
7168.5 -2.4
7169.5 0.2
7170.5 -2.4
7171.5 -2
7172.5 -0.2
7173.5 2.6
7174.5 -0.8
7175.5 -4
7176.5 7.2
7177.5 4.6
7178.5 -4.2
7179.5 1.4
7180.5 2.2
7181.5 0.6
7182.5 1.4
7183.5 2.4
7184.5 3.4
7185.5 0.4
7186.5 -1.6
7187.5 1.6
7188.5 1.4
7189.5 4.8
7190.5 6.6
7191.5 7.6
7192.5 -1
7193.5 -4.2
7194.5 5.6
7195.5 -5.8
7196.5 9.8
7197.5 -0.6
7198.5 -9
7199.5 -1.8
7200.5 -3.6
7201.5 -5.4
7202.5 -13
7203.5 -2.8
7204.5 -4
7205.5 -0.6
7206.5 -1.6
7207.5 -1.8
7208.5 -2.2
7209.5 -4
7210.5 3.6
7211.5 -3.4
7212.5 5.8
7213.5 -3.2
7214.5 -2.38419e-07
7215.5 -2
7216.5 2.4
7217.5 3.6
7218.5 0.2
7219.5 1.2
7220.5 3.4
7221.5 -1.8
7222.5 3.4
7223.5 5
7224.5 3.6
7225.5 1.4
7226.5 5.8
7227.5 2.6
7228.5 0.8
7229.5 2.6
7230.5 -2
7231.5 -4.2
7232.5 4
7233.5 5.4
7234.5 0.6
7235.5 -0.8
7236.5 -4
7237.5 1
7238.5 -0.2
7239.5 1.4
7240.5 -1.2
7241.5 0.2
7242.5 -3.2
7243.5 0.4
7244.5 -2
7245.5 0.6
7246.5 1.8
7247.5 1.4
7248.5 -3.2
7249.5 0.2
7250.5 -4.2
7251.5 0.6
7252.5 2.2
7253.5 2
7254.5 2.4
7255.5 -4.6
7256.5 -7
7257.5 -3.4
7258.5 1.6
7259.5 8.6
7260.5 5
7261.5 -7.6
7262.5 2.8
7263.5 -3.4
7264.5 -10.8
7265.5 2
7266.5 4.6
7267.5 -2.38419e-07
7268.5 -2.38419e-07
7269.5 -4.8
7270.5 3.2
7271.5 3.4
7272.5 5.6
7273.5 1.4
7274.5 -2.8
7275.5 1.6
7276.5 1
7277.5 -2.8
7278.5 -3.2
7279.5 3.6
7280.5 -1.8
7281.5 4.2
7282.5 -0.6
7283.5 -3.8
7284.5 1.2
7285.5 2.6
7286.5 2.8
7287.5 0.2
7288.5 -5.2
7289.5 0.6
7290.5 -8.4
7291.5 -0.4
7292.5 -2.6
7293.5 1.6
7294.5 -0.6
7295.5 0.4
7296.5 3.6
7297.5 3
7298.5 -4.2
7299.5 1.4
7300.5 -1.6
7301.5 2.4
7302.5 -1.2
7303.5 -3
7304.5 2.4
7305.5 5.6
7306.5 3
7307.5 6.6
7308.5 -2.2
7309.5 -2.6
7310.5 1.8
7311.5 -5
7312.5 -6
7313.5 -0.8
7314.5 13
7315.5 -1.4
7316.5 4
7317.5 7.6
7318.5 -4.2
7319.5 6.6
7320.5 -3.4
7321.5 -4.8
7322.5 5
7323.5 -3
7324.5 -1.2
7325.5 -2.8
7326.5 -1.4
7327.5 -4.4
7328.5 3.2
7329.5 -3.2
7330.5 1
7331.5 1.4
7332.5 1.6
7333.5 -0.8
7334.5 -1.6
7335.5 -4
7336.5 0.2
7337.5 2.6
7338.5 0.4
7339.5 2.8
7340.5 5.8
7341.5 2.4
7342.5 -3.4
7343.5 -2
7344.5 0.4
7345.5 -3.4
7346.5 -3.2
7347.5 4
7348.5 1.6
7349.5 -3
7350.5 -2.2
7351.5 3.2
7352.5 9.8
7353.5 -7.8
7354.5 -4.8
7355.5 3
7356.5 6.8
7357.5 -2
7358.5 -0.2
7359.5 0.4
7360.5 0.6
7361.5 1.4
7362.5 -5
7363.5 -4.2
7364.5 0.8
7365.5 -5.2
7366.5 2.6
7367.5 3.6
7368.5 0.4
7369.5 -4
7370.5 -0.4
7371.5 1.4
7372.5 1.6
7373.5 -1.8
7374.5 -0.4
7375.5 5
7376.5 2.8
7377.5 3
7378.5 -1.6
7379.5 2
7380.5 2.6
7381.5 0.8
7382.5 0.6
7383.5 0.8
7384.5 3
7385.5 1.4
7386.5 1.2
7387.5 -0.4
7388.5 -5
7389.5 0.2
7390.5 -2.6
7391.5 3.8
7392.5 1.4
7393.5 1.4
7394.5 0.6
7395.5 -0.8
7396.5 2.6
7397.5 0.4
7398.5 -0.4
7399.5 2.8
7400.5 -0.6
7401.5 1.6
7402.5 1.6
7403.5 -0.2
7404.5 -3.2
7405.5 1.4
7406.5 5.6
7407.5 4.6
7408.5 -2
7409.5 -0.6
7410.5 -0.8
7411.5 1.8
7412.5 2.4
7413.5 0.399999
7414.5 6
7415.5 -3
7416.5 8.2
7417.5 -4.6
7418.5 11.2
7419.5 8.6
7420.5 2
7421.5 -0.200001
7422.5 -1
7423.5 -4
7424.5 2.6
7425.5 -0.8
7426.5 -0.6
7427.5 0.2
7428.5 -3
7429.5 2.6
7430.5 5.6
7431.5 1.6
7432.5 0.8
7433.5 3.8
7434.5 -1.6
7435.5 2.8
7436.5 -2.6
7437.5 6.6
7438.5 -2.8
7439.5 6.8
7440.5 -4
7441.5 1.2
7442.5 5
7443.5 0.8
7444.5 2.8
7445.5 -1.8
7446.5 -2.8
7447.5 0.6
7448.5 4.6
7449.5 0.2
7450.5 1.4
7451.5 -2.8
7452.5 -1.6
7453.5 6.4
7454.5 1.6
7455.5 -1.8
7456.5 -2.8
7457.5 -4.2
7458.5 2.2
7459.5 -4
7460.5 1.8
7461.5 -3.2
7462.5 -1.8
7463.5 0.8
7464.5 0.4
7465.5 -0.6
7466.5 2.8
7467.5 -4.2
7468.5 -0.4
7469.5 -2.6
7470.5 -1.6
7471.5 9.8
7472.5 2
7473.5 -0.6
7474.5 2.6
7475.5 -1.6
7476.5 0.4
7477.5 0.8
7478.5 0.4
7479.5 0.4
7480.5 -0.6
7481.5 -1.6
7482.5 2.4
7483.5 2.6
7484.5 1.4
7485.5 3.8
7486.5 -3.2
7487.5 2
7488.5 -2.38419e-07
7489.5 0.4
7490.5 1.6
7491.5 -2.8
7492.5 -0.4
7493.5 4.6
7494.5 -0.4
7495.5 3.8
7496.5 -1
7497.5 2.4
7498.5 -1.8
7499.5 -1.6
7500.5 -2.38419e-07
7501.5 -1.2
7502.5 -2.8
7503.5 -1.6
7504.5 -3.2
7505.5 2.6
7506.5 1.4
7507.5 1.8
7508.5 -4
7509.5 2.6
7510.5 -3.8
7511.5 -3
7512.5 -0.8
7513.5 -5
7514.5 1.8
7515.5 -0.6
7516.5 -2.4
7517.5 4
7518.5 0.8
7519.5 -0.6
7520.5 2.8
7521.5 3.2
7522.5 3
7523.5 5
7524.5 -0.4
7525.5 -3
7526.5 1.2
7527.5 2.6
7528.5 -4.8
7529.5 -0.6
7530.5 2.8
7531.5 2.8
7532.5 -4
7533.5 -0.2
7534.5 -0.4
7535.5 -0.4
7536.5 0.4
7537.5 3
7538.5 2.6
7539.5 -4.8
7540.5 1.6
7541.5 -2.6
7542.5 1
7543.5 1.6
7544.5 -1.6
7545.5 0.2
7546.5 1
7547.5 -3.8
7548.5 3.8
7549.5 4.8
7550.5 0.4
7551.5 4
7552.5 1
7553.5 0.6
7554.5 -1.6
7555.5 1.8
7556.5 0.8
7557.5 1.6
7558.5 3.8
7559.5 0.4
7560.5 1.2
7561.5 0.4
7562.5 -2.6
7563.5 -3
7564.5 3
7565.5 1.6
7566.5 -3.8
7567.5 0.8
7568.5 1.8
7569.5 -2.8
7570.5 11
7571.5 -1.2
7572.5 2.2
7573.5 -1.8
7574.5 1.2
7575.5 -1.6
7576.5 4.8
7577.5 -3.2
7578.5 -0.6
7579.5 -0.2
7580.5 1
7581.5 2.6
7582.5 3.2
7583.5 -0.2
7584.5 -2
7585.5 -1.6
7586.5 -0.4
7587.5 0.6
7588.5 -1.8
7589.5 0.6
7590.5 -0.6
7591.5 1.6
7592.5 3
7593.5 8.4
7594.5 3.4
7595.5 6.8
7596.5 2.6
7597.5 6.8
7598.5 16.4
7599.5 10.8
7600.5 22.8
7601.5 7.4
7602.5 3.8
7603.5 2.4
7604.5 -1.4
7605.5 6
7606.5 1.8
7607.5 3.4
7608.5 -0.6
7609.5 -3.4
7610.5 -0.2
7611.5 -2.6
7612.5 -0.4
7613.5 2
7614.5 5
7615.5 -1
7616.5 -0.6
7617.5 -6
7618.5 3
7619.5 -0.4
7620.5 -4
7621.5 0.2
7622.5 -1.6
7623.5 -0.6
7624.5 0.6
7625.5 3.6
7626.5 0.6
7627.5 -0.2
7628.5 2
7629.5 1.4
7630.5 2.6
7631.5 -1.8
7632.5 0.6
7633.5 -0.6
7634.5 -2.8
7635.5 -1.6
7636.5 2.4
7637.5 0.4
7638.5 0.6
7639.5 3.8
7640.5 1.6
7641.5 -0.4
7642.5 2.6
7643.5 0.6
7644.5 2.8
7645.5 0.4
7646.5 0.2
7647.5 1.8
7648.5 4
7649.5 0.6
7650.5 -0.6
7651.5 0.6
7652.5 -4
7653.5 4
7654.5 -2.4
7655.5 1.8
7656.5 3
7657.5 0.2
7658.5 -0.6
7659.5 -0.2
7660.5 -0.4
7661.5 6
7662.5 -2.4
7663.5 -0.2
7664.5 4.8
7665.5 -0.4
7666.5 -2.4
7667.5 1.8
7668.5 1
7669.5 -1.4
7670.5 -1.6
7671.5 0.8
7672.5 -0.2
7673.5 0.8
7674.5 -2
7675.5 1.6
7676.5 3.8
7677.5 2.8
7678.5 4.8
7679.5 1.8
7680.5 -2.8
7681.5 3.6
7682.5 0
7683.5 0.6
7684.5 4
7685.5 2.6
7686.5 0.8
7687.5 3
7688.5 0.8
7689.5 -4.2
7690.5 5
7691.5 1.6
7692.5 -0.8
7693.5 2.8
7694.5 4
7695.5 -3.8
7696.5 -1.4
7697.5 -1.4
7698.5 -3.6
7699.5 -0.2
7700.5 3.4
7701.5 -1.2
7702.5 0.6
7703.5 3.8
7704.5 -0.8
7705.5 -0.4
7706.5 0.4
7707.5 1.4
7708.5 4.6
7709.5 3.8
7710.5 -0.8
7711.5 1.8
7712.5 -0.4
7713.5 1.6
7714.5 3
7715.5 2.8
7716.5 2
7717.5 6
7718.5 3
7719.5 -2.4
7720.5 7
7721.5 3.8
7722.5 -0.2
7723.5 2.6
7724.5 4
7725.5 -3.8
7726.5 -1.4
7727.5 4
7728.5 1.6
7729.5 -0.2
7730.5 1.8
7731.5 -0.6
7732.5 0.6
7733.5 -2.4
7734.5 -0.2
7735.5 -0.2
7736.5 -1.2
7737.5 -1.4
7738.5 0.8
7739.5 0.8
7740.5 -0.2
7741.5 1
7742.5 0.8
7743.5 3
7744.5 0.6
7745.5 -1.4
7746.5 2
7747.5 -0.4
7748.5 -1.4
7749.5 3.8
7750.5 -0.4
7751.5 -1.4
7752.5 -0.2
7753.5 -0.2
7754.5 1
7755.5 1
7756.5 0.8
7757.5 -0.2
7758.5 -0.2
7759.5 3
7760.5 -0.6
7761.5 1.8
7762.5 2
7763.5 0.6
7764.5 0.6
7765.5 -5
7766.5 2.8
7767.5 4.8
7768.5 -1
7769.5 -1
7770.5 -6.8
7771.5 12
7772.5 8.2
7773.5 2.6
7774.5 -15.4
7775.5 -3.4
7776.5 -1
7777.5 2.6
7778.5 -0.2
7779.5 -0.4
7780.5 -0.2
7781.5 4.6
7782.5 0.6
7783.5 2.4
7784.5 -0.4
7785.5 -0.6
7786.5 7
7787.5 -2.8
7788.5 -1.6
7789.5 4.8
7790.5 5
7791.5 -1.6
7792.5 3
7793.5 -1.4
7794.5 2.8
7795.5 0.4
7796.5 2.8
7797.5 0.8
7798.5 0
7799.5 -0.6
7800.5 1
7801.5 2.8
7802.5 -2.4
7803.5 1
7804.5 -2.4
7805.5 3
7806.5 0.8
7807.5 2.8
7808.5 -1.4
7809.5 -3.6
7810.5 2
7811.5 0
7812.5 3
7813.5 0.8
7814.5 -0.4
7815.5 -0.4
7816.5 -2
7817.5 0.2
7818.5 2
7819.5 2.2
7820.5 -1.4
7821.5 9.4
7822.5 -4.76837e-07
7823.5 -0.600001
7824.5 -4
7825.5 7.8
7826.5 -8.4
7827.5 -2.8
7828.5 -11.2
7829.5 -5.8
7830.5 -2.6
7831.5 -7.2
7832.5 -7.4
7833.5 0.4
7834.5 -2.38419e-07
7835.5 0.8
7836.5 2.8
7837.5 -0.2
7838.5 3
7839.5 0.8
7840.5 0.6
7841.5 1
7842.5 0.8
7843.5 4
7844.5 5
7845.5 1.8
7846.5 -0.2
7847.5 0.8
7848.5 1
7849.5 1
7850.5 -1.4
7851.5 2
7852.5 4
7853.5 1.8
7854.5 2
7855.5 2
7856.5 1
7857.5 2.8
7858.5 0.8
7859.5 1
7860.5 -1.2
7861.5 -0.2
7862.5 0.8
7863.5 2
7864.5 0
7865.5 2
7866.5 1.8
7867.5 -1.2
7868.5 -1.2
7869.5 0.8
7870.5 1
7871.5 -0.2
7872.5 1
7873.5 -0.2
7874.5 -1.4
7875.5 0.8
7876.5 0.8
7877.5 -1.2
7878.5 2.8
7879.5 1
7880.5 -0.2
7881.5 -2.4
7882.5 -0.4
7883.5 0.8
7884.5 -2.4
7885.5 1
7886.5 -2.6
7887.5 2
7888.5 -0.2
7889.5 1
7890.5 0
7891.5 -2.4
7892.5 1.8
7893.5 1
7894.5 1
7895.5 -0.2
7896.5 0
7897.5 2
7898.5 0
7899.5 0.8
7900.5 0.8
7901.5 1
7902.5 -0.2
7903.5 0
7904.5 2
7905.5 1
7906.5 2.8
7907.5 -1.2
7908.5 -1.2
7909.5 1
7910.5 2
7911.5 1.8
7912.5 -0.4
7913.5 5
7914.5 0.8
7915.5 -0.4
7916.5 1
7917.5 0.8
7918.5 0.8
7919.5 -1.2
7920.5 1
7921.5 1
7922.5 1
7923.5 1
7924.5 0
7925.5 1
7926.5 -0.2
7927.5 0
7928.5 0
7929.5 2
7930.5 0
7931.5 0.8
7932.5 -1.2
7933.5 -0.2
7934.5 -0.2
7935.5 0
7936.5 0
7937.5 1
7938.5 0.8
7939.5 -2.4
7940.5 4
7941.5 0
7942.5 -0.2
7943.5 2
7944.5 2
7945.5 1
7946.5 0
7947.5 3
7948.5 1
7949.5 -1.4
7950.5 1
7951.5 0
7952.5 1
7953.5 2
7954.5 -0.2
7955.5 4
7956.5 -0.2
7957.5 0
7958.5 -1.4
7959.5 0
7960.5 2.8
7961.5 2
7962.5 -0.2
7963.5 0
7964.5 0.8
7965.5 -1.2
7966.5 2
7967.5 4
7968.5 -1.4
7969.5 -0.4
7970.5 1
7971.5 0
7972.5 -2.4
7973.5 0.8
7974.5 -2.4
7975.5 1
7976.5 2
7977.5 -1.2
7978.5 0.8
7979.5 1
7980.5 0
7981.5 2
7982.5 1
7983.5 2
7984.5 2
7985.5 0.8
7986.5 -0.4
7987.5 0
7988.5 -1.2
7989.5 1
7990.5 2
7991.5 -0.4
7992.5 -1.4
7993.5 0
7994.5 0
7995.5 -2.4
7996.5 -2.4
7997.5 2
7998.5 3
7999.5 0.8
8000.5 -2.4
8001.5 -1.2
8002.5 0.8
8003.5 0
8004.5 1
8005.5 -0.2
8006.5 -2.6
8007.5 -2.4
8008.5 -0.2
8009.5 0.8
8010.5 0.8
8011.5 0
8012.5 1
8013.5 -0.2
8014.5 -1.6
8015.5 -1.2
8016.5 1
8017.5 -1.2
8018.5 -1.2
8019.5 1
8020.5 -2.6
8021.5 -0.2
8022.5 0.8
8023.5 -0.2
8024.5 1.8
8025.5 -2.4
8026.5 -2.4
8027.5 -1.2
8028.5 1
8029.5 0.8
8030.5 -1.2
8031.5 -0.2
8032.5 0.8
8033.5 -1.2
8034.5 0
8035.5 0
8036.5 1
8037.5 1
8038.5 3
8039.5 -2.4
8040.5 0
8041.5 1
8042.5 0
8043.5 0
8044.5 -1.4
8045.5 1
8046.5 -0.2
8047.5 -1.2
8048.5 0.8
8049.5 -2.4
8050.5 0.8
8051.5 1
8052.5 0
8053.5 -0.2
8054.5 1
8055.5 -1.4
8056.5 0
8057.5 0
8058.5 0.6
8059.5 -1.4
8060.5 0
8061.5 1
8062.5 0
8063.5 3
8064.5 0.8
8065.5 1
8066.5 0.8
8067.5 1
8068.5 -2.4
8069.5 0
8070.5 0
8071.5 -0.2
8072.5 2
8073.5 1
8074.5 -3.6
8075.5 -0.4
8076.5 -3.6
8077.5 -1.4
8078.5 -1.2
8079.5 2
8080.5 2
8081.5 3
8082.5 2.6
8083.5 1
8084.5 0.4
8085.5 -1
8086.5 -0.6
8087.5 2
8088.5 -0.2
8089.5 3.6
8090.5 1.8
8091.5 1
8092.5 -1.2
8093.5 2
8094.5 0
8095.5 0.8
8096.5 0
8097.5 2.8
8098.5 -0.2
8099.5 2
8100.5 0
8101.5 4
8102.5 2.8
8103.5 4
8104.5 4.8
8105.5 10
8106.5 14
8107.5 9
8108.5 13.8
8109.5 13
8110.5 21
8111.5 21
8112.5 12
8113.5 11
8114.5 6
8115.5 1
8116.5 1
8117.5 3
8118.5 -0.2
8119.5 -0.2
8120.5 2
8121.5 0
8122.5 -1.2
8123.5 0
8124.5 0
8125.5 0
8126.5 1
8127.5 0
8128.5 -1.2
8129.5 1
8130.5 0
8131.5 0
8132.5 0
8133.5 1
8134.5 0
8135.5 2
8136.5 -0.2
8137.5 -1.2
8138.5 1
8139.5 2
8140.5 1
8141.5 0
8142.5 0
8143.5 -0.2
8144.5 0
8145.5 0
8146.5 0
8147.5 1
8148.5 -1.2
8149.5 0
8150.5 -1.2
8151.5 -0.2
8152.5 0.8
8153.5 0
8154.5 -0.2
8155.5 1
8156.5 1
8157.5 0
8158.5 0
8159.5 -1.2
8160.5 0.8
8161.5 1
8162.5 -1.2
8163.5 0
8164.5 0
8165.5 0
8166.5 2
8167.5 -1.2
8168.5 0
8169.5 2
8170.5 1
8171.5 1
8172.5 1
8173.5 0
8174.5 0
8175.5 0
8176.5 0
8177.5 -2.4
8178.5 0.8
8179.5 -1.2
8180.5 0
8181.5 0
8182.5 -2.4
8183.5 0
8184.5 0
8185.5 0
8186.5 0
8187.5 3
8188.5 0
8189.5 0
8190.5 0
8191.5 -2.4
8192.5 0
8193.5 0
8194.5 -1.2
8195.5 0
8196.5 0
8197.5 1
8198.5 0
8199.5 0
8200.5 -1.2
8201.5 0
8202.5 -1.2
8203.5 0
8204.5 1
8205.5 0
8206.5 0
8207.5 0
8208.5 1
8209.5 0
8210.5 1
8211.5 0
8212.5 1
8213.5 1
8214.5 -1.2
8215.5 0
8216.5 1
8217.5 0
8218.5 1
8219.5 0
8220.5 -1.2
8221.5 -1.2
8222.5 0
8223.5 -1.4
8224.5 0
8225.5 -2.4
8226.5 1
8227.5 0
8228.5 1
8229.5 0
8230.5 0
8231.5 -0.2
8232.5 0
8233.5 -1.2
8234.5 0
8235.5 0
8236.5 0
8237.5 -1.2
8238.5 0
8239.5 -0.2
8240.5 -1.2
8241.5 -0.2
8242.5 1
8243.5 0
8244.5 1
8245.5 1
8246.5 -1.2
8247.5 -1.2
8248.5 0
8249.5 0
8250.5 -0.2
8251.5 2
8252.5 0
8253.5 -1.2
8254.5 0
8255.5 0
8256.5 0
8257.5 0
8258.5 1
8259.5 0
8260.5 0
8261.5 1
8262.5 -0.2
8263.5 -1.2
8264.5 -1.2
8265.5 0
8266.5 0
8267.5 0
8268.5 0
8269.5 0
8270.5 -1.2
8271.5 1
8272.5 0
8273.5 0
8274.5 1
8275.5 0
8276.5 0
8277.5 1
8278.5 0
8279.5 0
8280.5 -0.2
8281.5 1
8282.5 1
8283.5 0
8284.5 0
8285.5 0
8286.5 0
8287.5 1
8288.5 1
8289.5 2
8290.5 0
8291.5 0
8292.5 0
8293.5 0
8294.5 0
8295.5 0
8296.5 -1.2
8297.5 -1.2
8298.5 0
8299.5 -2.4
8300.5 1
8301.5 0
8302.5 0
8303.5 -1.2
8304.5 0
8305.5 0
8306.5 1
8307.5 0
8308.5 0
8309.5 0
8310.5 0
8311.5 1
8312.5 0
8313.5 0
8314.5 1
8315.5 0
8316.5 -1.2
8317.5 0
8318.5 0
8319.5 0
8320.5 1
8321.5 1
8322.5 0
8323.5 1
8324.5 0
8325.5 0
8326.5 1
8327.5 0
8328.5 -1.2
8329.5 3
8330.5 2
8331.5 1
8332.5 0
8333.5 1
8334.5 1
8335.5 2
8336.5 0
8337.5 0
8338.5 0.6
8339.5 -1.2
8340.5 0
8341.5 3
8342.5 0
8343.5 -1.2
8344.5 2
8345.5 -1.2
8346.5 0
8347.5 1
8348.5 -3.6
8349.5 1
8350.5 0
8351.5 0
8352.5 0
8353.5 0
8354.5 0
8355.5 0
8356.5 0
8357.5 0
8358.5 -1.2
8359.5 0
8360.5 1
8361.5 0
8362.5 0
8363.5 0
8364.5 1
8365.5 -0.2
8366.5 0
8367.5 -1.2
8368.5 0
8369.5 0
8370.5 0
8371.5 -1.2
8372.5 3
8373.5 0
8374.5 0
8375.5 0
8376.5 0
8377.5 1
8378.5 0
8379.5 -1.2
8380.5 0
8381.5 -1.2
8382.5 0
8383.5 0
8384.5 0
8385.5 0
8386.5 1
8387.5 0
8388.5 0
8389.5 0
8390.5 0
8391.5 1
8392.5 1
8393.5 0
8394.5 0
8395.5 0
8396.5 -1.2
8397.5 -1.2
8398.5 0
8399.5 -0.2
8400.5 0
8401.5 -0.2
8402.5 1
8403.5 0
8404.5 1
8405.5 0
8406.5 1
8407.5 1
8408.5 0
8409.5 0
8410.5 2
8411.5 0
8412.5 -0.2
8413.5 0
8414.5 1
8415.5 0
8416.5 0
8417.5 0
8418.5 0
8419.5 -1.2
8420.5 0
8421.5 1
8422.5 0
8423.5 0
8424.5 1
8425.5 0
8426.5 0
8427.5 0
8428.5 -0.2
8429.5 1
8430.5 1
8431.5 0
8432.5 1
8433.5 0
8434.5 0
8435.5 0
8436.5 -1.2
8437.5 0
8438.5 0
8439.5 1
8440.5 1
8441.5 0
8442.5 2
8443.5 -1.2
8444.5 0
8445.5 1
8446.5 0
8447.5 0
8448.5 1
8449.5 0
8450.5 0
8451.5 0
8452.5 2
8453.5 0
8454.5 0
8455.5 0
8456.5 0
8457.5 0
8458.5 0
8459.5 -1.2
8460.5 1
8461.5 -1.2
8462.5 -1.2
8463.5 1
8464.5 1
8465.5 2
8466.5 0
8467.5 -1.2
8468.5 -1.2
8469.5 1
8470.5 1
8471.5 0
8472.5 3
8473.5 0
8474.5 2
8475.5 -1.2
8476.5 -1.2
8477.5 1
8478.5 0
8479.5 0
8480.5 0
8481.5 0
8482.5 -1.2
8483.5 1
8484.5 0
8485.5 -2.4
8486.5 0
8487.5 1
8488.5 1
8489.5 0
8490.5 -1.2
8491.5 0
8492.5 0
8493.5 1
8494.5 0
8495.5 0
8496.5 0
8497.5 1
8498.5 1
8499.5 0
8500.5 0
8501.5 -1.2
8502.5 0
8503.5 0
8504.5 0
8505.5 1
8506.5 0
8507.5 -0.2
8508.5 -1.4
8509.5 0
8510.5 0
8511.5 1
8512.5 0
8513.5 1
8514.5 -1.2
8515.5 0
8516.5 -1.2
8517.5 1
8518.5 -0.2
8519.5 0
8520.5 1
8521.5 -0.2
8522.5 0
8523.5 0
8524.5 0
8525.5 0
8526.5 -2.6
8527.5 0
8528.5 -1.2
8529.5 0
8530.5 0
8531.5 0
8532.5 1
8533.5 0
8534.5 1
8535.5 -1.2
8536.5 0
8537.5 0
8538.5 -1.2
8539.5 -1.2
8540.5 0
8541.5 1
8542.5 0
8543.5 0
8544.5 0
8545.5 0
8546.5 1
8547.5 1
8548.5 0
8549.5 0
8550.5 0
8551.5 -1.2
8552.5 1
8553.5 2
8554.5 0
8555.5 1
8556.5 1
8557.5 0
8558.5 0
8559.5 0
8560.5 -1.2
8561.5 0
8562.5 0
8563.5 1
8564.5 0
8565.5 0
8566.5 -1.2
8567.5 0
8568.5 0
8569.5 0
8570.5 0
8571.5 0
8572.5 -1.2
8573.5 0
8574.5 0
8575.5 0
8576.5 1
8577.5 0
8578.5 0
8579.5 -1.2
8580.5 -2.4
8581.5 -1.2
8582.5 1
8583.5 1
8584.5 -0.2
8585.5 1
8586.5 1
8587.5 1
8588.5 0
8589.5 0
8590.5 0
8591.5 0
8592.5 -1.2
8593.5 0
8594.5 0
8595.5 0
8596.5 -0.2
8597.5 -1.2
8598.5 0
8599.5 0
8600.5 0
8601.5 -1.2
8602.5 0
8603.5 0
8604.5 0
8605.5 0
8606.5 -2.4
8607.5 1
8608.5 1
8609.5 -1.2
8610.5 0
8611.5 0
8612.5 -0.2
8613.5 1
8614.5 0
8615.5 0
8616.5 -0.2
8617.5 -1.2
8618.5 0
8619.5 0
8620.5 0
8621.5 0
8622.5 -1.2
8623.5 0
8624.5 0
8625.5 0
8626.5 1
8627.5 0
8628.5 0
8629.5 0
8630.5 0
8631.5 0
8632.5 0
8633.5 -1.2
8634.5 1
8635.5 0
8636.5 1
8637.5 0
8638.5 0
8639.5 0
8640.5 1
8641.5 0
8642.5 1
8643.5 0
8644.5 0
8645.5 0
8646.5 2
8647.5 0
8648.5 -0.2
8649.5 0
8650.5 0
8651.5 0
8652.5 0
8653.5 -1.2
8654.5 0
8655.5 0
8656.5 1
8657.5 -0.2
8658.5 -1.2
8659.5 0
8660.5 0
8661.5 0
8662.5 0
8663.5 0
8664.5 0
8665.5 0
8666.5 0
8667.5 0
8668.5 0
8669.5 -1.2
8670.5 -1.4
8671.5 0
8672.5 0
8673.5 0
8674.5 0
8675.5 -1.2
8676.5 0
8677.5 0
8678.5 0
8679.5 0
8680.5 0
8681.5 -1.2
8682.5 0
8683.5 0
8684.5 0
8685.5 1
8686.5 0
8687.5 0
8688.5 0
8689.5 1
8690.5 0
8691.5 0
8692.5 0
8693.5 1
8694.5 1
8695.5 0
8696.5 0
8697.5 -0.2
8698.5 0
8699.5 0
8700.5 -2.4
8701.5 2
8702.5 0
8703.5 0
8704.5 0
8705.5 -1.2
8706.5 0
8707.5 0
8708.5 0
8709.5 0
8710.5 0
8711.5 2
8712.5 0
8713.5 0
8714.5 0
8715.5 0
8716.5 1
8717.5 0
8718.5 0
8719.5 -1.2
8720.5 0
8721.5 1
8722.5 0
8723.5 -1.2
8724.5 0
8725.5 0
8726.5 -1.2
8727.5 0
8728.5 -1.2
8729.5 0
8730.5 0
8731.5 0
8732.5 0
8733.5 0
8734.5 0
8735.5 0
8736.5 1
8737.5 0
8738.5 -1.2
8739.5 0
8740.5 0
8741.5 1
8742.5 0
8743.5 0
8744.5 0
8745.5 1
8746.5 1
8747.5 2
8748.5 1
8749.5 0
8750.5 0
8751.5 0
8752.5 0
8753.5 0
8754.5 1
8755.5 0
8756.5 -1.2
8757.5 1
8758.5 -1.2
8759.5 0
8760.5 0
8761.5 1
8762.5 0
8763.5 0
8764.5 -1.2
8765.5 0
8766.5 0
8767.5 0
8768.5 1
8769.5 0
8770.5 0
8771.5 0
8772.5 0
8773.5 0
8774.5 0
8775.5 0
8776.5 1
8777.5 0
8778.5 0
8779.5 -1.2
8780.5 0
8781.5 0
8782.5 1
8783.5 0
8784.5 -1.2
8785.5 0
8786.5 -0.2
8787.5 0
8788.5 0
8789.5 0
8790.5 -1.2
8791.5 0
8792.5 1
8793.5 0
8794.5 0
8795.5 0
8796.5 0
8797.5 0
8798.5 0
8799.5 0
8800.5 -0.2
8801.5 0
8802.5 0
8803.5 -1.2
8804.5 -1.2
8805.5 0
8806.5 0
8807.5 0
8808.5 0
8809.5 0
8810.5 1
8811.5 0
8812.5 0
8813.5 0
8814.5 0
8815.5 0
8816.5 0
8817.5 0
8818.5 1
8819.5 0
8820.5 -1.2
8821.5 0
8822.5 0
8823.5 1
8824.5 -1.2
8825.5 0
8826.5 0
8827.5 0
8828.5 -1.2
8829.5 0.8
8830.5 -1.2
8831.5 0
8832.5 0
8833.5 -1.2
8834.5 0
8835.5 -1.2
8836.5 0
8837.5 0
8838.5 1
8839.5 0
8840.5 1
8841.5 0
8842.5 0
8843.5 0
8844.5 -1.2
8845.5 -1.2
8846.5 1
8847.5 0
8848.5 1
8849.5 1
8850.5 0
8851.5 0
8852.5 -1.2
8853.5 0
8854.5 -1.2
8855.5 0
8856.5 -1.2
8857.5 0
8858.5 0
8859.5 0
8860.5 0
8861.5 0
8862.5 0
8863.5 0
8864.5 0
8865.5 0
8866.5 1
8867.5 0
8868.5 0
8869.5 0
8870.5 0
8871.5 0
8872.5 0
8873.5 0
8874.5 0
8875.5 0
8876.5 -1.2
8877.5 0
8878.5 0
8879.5 -1.2
8880.5 0
8881.5 0
8882.5 0
8883.5 0
8884.5 0
8885.5 0
8886.5 0
8887.5 0
8888.5 0
8889.5 0
8890.5 0
8891.5 -2.4
8892.5 0
8893.5 0
8894.5 1
8895.5 0
8896.5 0.8
8897.5 3
8898.5 0
8899.5 -0.2
8900.5 -1.2
8901.5 -0.2
8902.5 0
8903.5 0
8904.5 1
8905.5 -2.4
8906.5 0
8907.5 0
8908.5 1
8909.5 0
8910.5 0
8911.5 0
8912.5 0.8
8913.5 0
8914.5 0
8915.5 0
8916.5 -1.2
8917.5 0
8918.5 0
8919.5 0
8920.5 0
8921.5 0
8922.5 0
8923.5 0
8924.5 1
8925.5 0
8926.5 0
8927.5 0
8928.5 0
8929.5 0
8930.5 1
8931.5 0
8932.5 -1.2
8933.5 0
8934.5 0
8935.5 0
8936.5 0
8937.5 -3.6
8938.5 1
8939.5 1
8940.5 0
8941.5 0
8942.5 0
8943.5 0
8944.5 0
8945.5 0
8946.5 0
8947.5 0
8948.5 0
8949.5 0
8950.5 0
8951.5 0
8952.5 1
8953.5 0
8954.5 1
8955.5 1
8956.5 0
8957.5 0
8958.5 0
8959.5 0
8960.5 0
8961.5 0
8962.5 0
8963.5 0
8964.5 1
8965.5 1
8966.5 -1.2
8967.5 0
8968.5 0
8969.5 -1.2
8970.5 0
8971.5 0
8972.5 0
8973.5 0
8974.5 0
8975.5 -0.2
8976.5 0
8977.5 0
8978.5 0
8979.5 0
8980.5 1
8981.5 -1.2
8982.5 0
8983.5 0
8984.5 1
8985.5 0
8986.5 1
8987.5 0
8988.5 0
8989.5 0
8990.5 0
8991.5 0
8992.5 -1.2
8993.5 1
8994.5 0
8995.5 0
8996.5 0
8997.5 0
8998.5 0
8999.5 0
9000.5 0
9001.5 0
9002.5 0
9003.5 1
9004.5 -1.2
9005.5 0
9006.5 0
9007.5 0
9008.5 0
9009.5 0
9010.5 -1.2
9011.5 0
9012.5 1
9013.5 1
9014.5 0
9015.5 1
9016.5 1
9017.5 0
9018.5 0
9019.5 0
9020.5 0
9021.5 1
9022.5 -1.2
9023.5 -0.2
9024.5 0
9025.5 0
9026.5 0
9027.5 0
9028.5 0
9029.5 0
9030.5 0
9031.5 0
9032.5 0
9033.5 0
9034.5 0
9035.5 0
9036.5 0
9037.5 0
9038.5 0
9039.5 0
9040.5 1
9041.5 0
9042.5 0
9043.5 0
9044.5 0
9045.5 0.8
9046.5 -1.2
9047.5 1
9048.5 0
9049.5 1
9050.5 0
9051.5 0
9052.5 0
9053.5 1
9054.5 0
9055.5 0
9056.5 0
9057.5 0
9058.5 0
9059.5 0
9060.5 0
9061.5 0
9062.5 0
9063.5 1
9064.5 -1.2
9065.5 0
9066.5 0
9067.5 1
9068.5 0
9069.5 2
9070.5 0
9071.5 0
9072.5 0
9073.5 -1.2
9074.5 0
9075.5 0
9076.5 0
9077.5 0
9078.5 -1.2
9079.5 0
9080.5 0
9081.5 0
9082.5 0
9083.5 0
9084.5 0
9085.5 0
9086.5 0
9087.5 0
9088.5 0
9089.5 0
9090.5 -1.2
9091.5 0
9092.5 0
9093.5 -1.2
9094.5 0
9095.5 0
9096.5 0
9097.5 1
9098.5 0
9099.5 0
9100.5 0
9101.5 0
9102.5 -0.2
9103.5 0
9104.5 0
9105.5 0
9106.5 0
9107.5 1
9108.5 -1.2
9109.5 0
9110.5 0
9111.5 1
9112.5 0
9113.5 0
9114.5 0
9115.5 0
9116.5 0
9117.5 0
9118.5 0
9119.5 1
9120.5 0
9121.5 0
9122.5 0
9123.5 0
9124.5 0
9125.5 2
9126.5 0
9127.5 0
9128.5 0
9129.5 0
9130.5 -1.2
9131.5 0
9132.5 -1.2
9133.5 0
9134.5 0
9135.5 0
9136.5 0
9137.5 0
9138.5 1
9139.5 0
9140.5 0
9141.5 0
9142.5 0
9143.5 -1.2
9144.5 0
9145.5 0
9146.5 -1.2
9147.5 0
9148.5 0
9149.5 -1.2
9150.5 0
9151.5 0
9152.5 0
9153.5 2
9154.5 0
9155.5 0
9156.5 0
9157.5 0
9158.5 -0.2
9159.5 0
9160.5 0
9161.5 0
9162.5 0
9163.5 0
9164.5 0
9165.5 -0.2
9166.5 -1.2
9167.5 0
9168.5 0
9169.5 -1.2
9170.5 0
9171.5 1
9172.5 0
9173.5 0
9174.5 1
9175.5 0
9176.5 1
9177.5 0
9178.5 0
9179.5 -1.2
9180.5 0
9181.5 0
9182.5 1
9183.5 0
9184.5 0
9185.5 -1.2
9186.5 0
9187.5 0
9188.5 0
9189.5 0
9190.5 0
9191.5 0
9192.5 -1.2
9193.5 0
9194.5 0
9195.5 0
9196.5 0
9197.5 0
9198.5 1
9199.5 0
9200.5 0
9201.5 -1.2
9202.5 0
9203.5 0
9204.5 1
9205.5 1
9206.5 0
9207.5 -1.2
9208.5 0
9209.5 0
9210.5 0
9211.5 0
9212.5 0
9213.5 0
9214.5 1
9215.5 0
9216.5 0
9217.5 0
9218.5 0
9219.5 0
9220.5 -1.2
9221.5 0
9222.5 0
9223.5 0
9224.5 0
9225.5 0
9226.5 -1.2
9227.5 -0.2
9228.5 0
9229.5 0
9230.5 2
9231.5 0
9232.5 0
9233.5 -1.2
9234.5 0
9235.5 0
9236.5 0
9237.5 0
9238.5 0
9239.5 0
9240.5 0
9241.5 -1.2
9242.5 1
9243.5 0
9244.5 0
9245.5 0
9246.5 1
9247.5 0
9248.5 2
9249.5 0
9250.5 0
9251.5 1
9252.5 1
9253.5 0
9254.5 0
9255.5 0
9256.5 0
9257.5 0
9258.5 0
9259.5 0
9260.5 0
9261.5 0
9262.5 0
9263.5 -1.2
9264.5 0
9265.5 -2.4
9266.5 0
9267.5 0
9268.5 0
9269.5 0
9270.5 0
9271.5 -1.2
9272.5 0
9273.5 0
9274.5 1
9275.5 1
9276.5 0
9277.5 0
9278.5 0
9279.5 0
9280.5 0
9281.5 0
9282.5 -1.2
9283.5 0
9284.5 0
9285.5 0
9286.5 0
9287.5 -1.2
9288.5 -1.2
9289.5 0
9290.5 0
9291.5 -0.2
9292.5 0
9293.5 0
9294.5 0
9295.5 0
9296.5 1
9297.5 0
9298.5 0
9299.5 0
9300.5 0
9301.5 0
9302.5 0
9303.5 1
9304.5 0
9305.5 0
9306.5 0
9307.5 -1.2
9308.5 0
9309.5 -1.2
9310.5 0
9311.5 0
9312.5 0
9313.5 0
9314.5 0
9315.5 0
9316.5 0
9317.5 0
9318.5 0
9319.5 0
9320.5 0
9321.5 0
9322.5 0
9323.5 0
9324.5 0
9325.5 0
9326.5 0
9327.5 0
9328.5 0
9329.5 0
9330.5 0
9331.5 -1.2
9332.5 0
9333.5 0
9334.5 0
9335.5 0
9336.5 0
9337.5 0
9338.5 0
9339.5 0
9340.5 0
9341.5 0
9342.5 0
9343.5 0
9344.5 0
9345.5 -1.2
9346.5 0
9347.5 0
9348.5 0
9349.5 0
9350.5 0
9351.5 1
9352.5 0
9353.5 0
9354.5 0
9355.5 0
9356.5 0
9357.5 0
9358.5 1
9359.5 0
9360.5 1
9361.5 0
9362.5 0
9363.5 0
9364.5 0
9365.5 0
9366.5 0
9367.5 0
9368.5 0
9369.5 0
9370.5 0
9371.5 0
9372.5 0
9373.5 0
9374.5 0
9375.5 0
9376.5 0
9377.5 0
9378.5 0
9379.5 0
9380.5 1
9381.5 -0.2
9382.5 0
9383.5 0
9384.5 0
9385.5 0
9386.5 1
9387.5 -1.2
9388.5 -1.2
9389.5 0
9390.5 0
9391.5 0
9392.5 -1.2
9393.5 1
9394.5 0
9395.5 0
9396.5 0
9397.5 0
9398.5 0
9399.5 1
9400.5 1
9401.5 0
9402.5 0
9403.5 0
9404.5 0
9405.5 -2.4
9406.5 0
9407.5 0
9408.5 0
9409.5 0
9410.5 0
9411.5 0
9412.5 0
9413.5 0
9414.5 -1.2
9415.5 1
9416.5 -1.2
9417.5 0
9418.5 0
9419.5 0
9420.5 0
9421.5 0
9422.5 0
9423.5 0
9424.5 0
9425.5 0
9426.5 0
9427.5 0
9428.5 -1.2
9429.5 0
9430.5 1
9431.5 0
9432.5 0
9433.5 0
9434.5 0
9435.5 0
9436.5 0
9437.5 0
9438.5 0
9439.5 0
9440.5 0
9441.5 0
9442.5 0
9443.5 0
9444.5 0
9445.5 0
9446.5 0
9447.5 1
9448.5 -1.2
9449.5 0
9450.5 0
9451.5 0
9452.5 0
9453.5 0
9454.5 -1.2
9455.5 -1.2
9456.5 -1.2
9457.5 0
9458.5 0
9459.5 1
9460.5 0
9461.5 0
9462.5 -1.2
9463.5 0
9464.5 0
9465.5 0
9466.5 0
9467.5 0
9468.5 1
9469.5 0
9470.5 0
9471.5 0
9472.5 1
9473.5 0
9474.5 0
9475.5 0
9476.5 0
9477.5 0
9478.5 0
9479.5 1
9480.5 0
9481.5 -1.2
9482.5 0
9483.5 -1.2
9484.5 0
9485.5 0
9486.5 -1.2
9487.5 0
9488.5 0
9489.5 0
9490.5 0
9491.5 1
9492.5 0
9493.5 0
9494.5 0
9495.5 0
9496.5 0
9497.5 1
9498.5 0
9499.5 0
9500.5 1
9501.5 0
9502.5 0
9503.5 1
9504.5 0
9505.5 0
9506.5 1
9507.5 0
9508.5 0
9509.5 0
9510.5 0
9511.5 0
9512.5 0
9513.5 -1.2
9514.5 0
9515.5 0
9516.5 0
9517.5 0
9518.5 0
9519.5 1
9520.5 0
9521.5 0
9522.5 0
9523.5 0
9524.5 0
9525.5 0
9526.5 0
9527.5 0
9528.5 0
9529.5 0
9530.5 0
9531.5 0
9532.5 0
9533.5 0
9534.5 0
9535.5 0
9536.5 0
9537.5 0
9538.5 0
9539.5 0
9540.5 0
9541.5 0
9542.5 0
9543.5 0
9544.5 0
9545.5 0
9546.5 -1.2
9547.5 1
9548.5 0
9549.5 0
9550.5 1
9551.5 0
9552.5 0
9553.5 0
9554.5 -1.2
9555.5 0
9556.5 0
9557.5 0
9558.5 0
9559.5 0
9560.5 1
9561.5 0
9562.5 -1.2
9563.5 0
9564.5 0
9565.5 0
9566.5 0
9567.5 0
9568.5 0
9569.5 -1.2
9570.5 0
9571.5 0
9572.5 0
9573.5 0
9574.5 0
9575.5 0
9576.5 0
9577.5 0
9578.5 0
9579.5 0
9580.5 0
9581.5 0
9582.5 0
9583.5 0
9584.5 0
9585.5 0
9586.5 -1.2
9587.5 1
9588.5 0
9589.5 0
9590.5 0
9591.5 0
9592.5 0
9593.5 0
9594.5 0
9595.5 0
9596.5 0
9597.5 0
9598.5 1
9599.5 0
9600.5 0
9601.5 1
9602.5 0
9603.5 0
9604.5 0
9605.5 0
9606.5 1
9607.5 0
9608.5 0
9609.5 -1.2
9610.5 0
9611.5 0
9612.5 -1.2
9613.5 0
9614.5 -1.2
9615.5 0
9616.5 -1.2
9617.5 0
9618.5 0
9619.5 -0.2
9620.5 0
9621.5 0
9622.5 0
9623.5 0
9624.5 0
9625.5 0
9626.5 0
9627.5 0
9628.5 -1.2
9629.5 0
9630.5 0
9631.5 0
9632.5 0
9633.5 -1.2
9634.5 0
9635.5 1
9636.5 0
9637.5 0
9638.5 -1.2
9639.5 0
9640.5 0
9641.5 0
9642.5 0
9643.5 0
9644.5 0
9645.5 0
9646.5 -1.2
9647.5 0
9648.5 0
9649.5 0
9650.5 0
9651.5 0
9652.5 0
9653.5 0
9654.5 0
9655.5 -1.2
9656.5 0
9657.5 0
9658.5 1
9659.5 0
9660.5 1
9661.5 1
9662.5 1
9663.5 -1.2
9664.5 0
9665.5 0
9666.5 0
9667.5 0
9668.5 0
9669.5 1
9670.5 0
9671.5 1
9672.5 0
9673.5 0
9674.5 0
9675.5 0
9676.5 0
9677.5 0
9678.5 0
9679.5 0
9680.5 0
9681.5 0
9682.5 0
9683.5 0
9684.5 -1.2
9685.5 0
9686.5 0
9687.5 0
9688.5 0
9689.5 0
9690.5 0
9691.5 0
9692.5 0
9693.5 1
9694.5 0
9695.5 0
9696.5 1
9697.5 0
9698.5 0
9699.5 0
9700.5 0
9701.5 0
9702.5 0
9703.5 0
9704.5 0
9705.5 2
9706.5 1
9707.5 0
9708.5 0
9709.5 1
9710.5 0
9711.5 -1.2
9712.5 0
9713.5 1
9714.5 0
9715.5 0
9716.5 0
9717.5 0
9718.5 -2.4
9719.5 0
9720.5 -1.2
9721.5 1
9722.5 0
9723.5 0
9724.5 0
9725.5 0
9726.5 0
9727.5 0
9728.5 0
9729.5 0
9730.5 0
9731.5 1
9732.5 0
9733.5 0
9734.5 0
9735.5 0
9736.5 1
9737.5 0
9738.5 0
9739.5 0
9740.5 0
9741.5 0
9742.5 0
9743.5 0
9744.5 0
9745.5 0
9746.5 0
9747.5 0
9748.5 0
9749.5 0
9750.5 0
9751.5 0
9752.5 0
9753.5 -1.2
9754.5 0
9755.5 0
9756.5 0
9757.5 0
9758.5 0
9759.5 0
9760.5 0
9761.5 0
9762.5 0
9763.5 0
9764.5 0
9765.5 0
9766.5 0
9767.5 0
9768.5 0
9769.5 0
9770.5 0
9771.5 1
9772.5 0
9773.5 0
9774.5 0
9775.5 0
9776.5 0
9777.5 0
9778.5 0
9779.5 0
9780.5 0
9781.5 0
9782.5 0
9783.5 0
9784.5 0
9785.5 0
9786.5 0
9787.5 0
9788.5 0
9789.5 1
9790.5 0
9791.5 0
9792.5 0
9793.5 0
9794.5 0
9795.5 0
9796.5 0
9797.5 0
9798.5 0
9799.5 0
9800.5 0
9801.5 0
9802.5 0
9803.5 -1.2
9804.5 0
9805.5 0
9806.5 0
9807.5 0
9808.5 0
9809.5 0
9810.5 0
9811.5 0
9812.5 0
9813.5 0
9814.5 0
9815.5 0
9816.5 0
9817.5 0
9818.5 0
9819.5 1
9820.5 0
9821.5 1
9822.5 0
9823.5 0
9824.5 0
9825.5 0
9826.5 0
9827.5 0
9828.5 0
9829.5 0
9830.5 0
9831.5 0
9832.5 -1.2
9833.5 0
9834.5 0
9835.5 0
9836.5 1
9837.5 0
9838.5 -1.2
9839.5 0
9840.5 0
9841.5 0
9842.5 0
9843.5 0
9844.5 0
9845.5 0
9846.5 0
9847.5 0
9848.5 0
9849.5 0
9850.5 0
9851.5 0
9852.5 0
9853.5 0
9854.5 0
9855.5 0
9856.5 0
9857.5 0
9858.5 0
9859.5 0
9860.5 0
9861.5 0
9862.5 0
9863.5 0
9864.5 0
9865.5 0
9866.5 0
9867.5 0
9868.5 0
9869.5 0
9870.5 0
9871.5 0
9872.5 0
9873.5 0
9874.5 0
9875.5 0
9876.5 0
9877.5 0
9878.5 0
9879.5 1
9880.5 0
9881.5 0
9882.5 0
9883.5 0
9884.5 0
9885.5 0
9886.5 0
9887.5 0
9888.5 0
9889.5 0
9890.5 0
9891.5 0
9892.5 0
9893.5 0
9894.5 1
9895.5 0
9896.5 0
9897.5 0
9898.5 0
9899.5 0
9900.5 0
9901.5 0
9902.5 0
9903.5 0
9904.5 0
9905.5 0
9906.5 0
9907.5 0
9908.5 0
9909.5 0
9910.5 0
9911.5 0
9912.5 0
9913.5 0
9914.5 0
9915.5 0
9916.5 0
9917.5 0
9918.5 0
9919.5 0
9920.5 0
9921.5 0
9922.5 0
9923.5 0
9924.5 0
9925.5 0
9926.5 0
9927.5 0
9928.5 0
9929.5 0
9930.5 0
9931.5 0
9932.5 0
9933.5 0
9934.5 0
9935.5 -1.2
9936.5 0
9937.5 0
9938.5 1
9939.5 0
9940.5 0
9941.5 0
9942.5 0
9943.5 0
9944.5 0
9945.5 1
9946.5 0
9947.5 0
9948.5 0
9949.5 0
9950.5 0
9951.5 0
9952.5 0
9953.5 0
9954.5 0
9955.5 0
9956.5 0
9957.5 0
9958.5 0
9959.5 0
9960.5 -1.2
9961.5 0
9962.5 -1.2
9963.5 0
9964.5 0
9965.5 0
9966.5 0
9967.5 0
9968.5 0
9969.5 0
9970.5 0
9971.5 0
9972.5 0
9973.5 0
9974.5 0
9975.5 0
9976.5 1
9977.5 1
9978.5 0
9979.5 0
9980.5 0
9981.5 0
9982.5 0
9983.5 0
9984.5 0
9985.5 0
9986.5 0
9987.5 0
9988.5 0
9989.5 0
9990.5 0
9991.5 0
9992.5 0
9993.5 0
9994.5 0
9995.5 0
9996.5 0
9997.5 0
9998.5 0
9999.5 0
10000.5 0
10001.5 0
10002.5 0
10003.5 0
10004.5 -2.4
10005.5 0
10006.5 0
10007.5 0
10008.5 0
10009.5 0
10010.5 0
10011.5 0
10012.5 0
10013.5 0
10014.5 0
10015.5 0
10016.5 0
10017.5 0
10018.5 0
10019.5 0
10020.5 0
10021.5 0
10022.5 0
10023.5 0
10024.5 0
10025.5 0
10026.5 0
10027.5 0
10028.5 0
10029.5 0
10030.5 0
10031.5 0
10032.5 0
10033.5 0
10034.5 0
10035.5 0
10036.5 0
10037.5 0
10038.5 0
10039.5 0
10040.5 0
10041.5 0
10042.5 0
10043.5 0
10044.5 0
10045.5 0
10046.5 0
10047.5 0
10048.5 0
10049.5 0
10050.5 0
10051.5 0
10052.5 0
10053.5 0
10054.5 0
10055.5 0
10056.5 0
10057.5 0
10058.5 0
10059.5 0
10060.5 0
10061.5 0
10062.5 0
10063.5 0
10064.5 0
10065.5 0
10066.5 0
10067.5 0
10068.5 0
10069.5 0
10070.5 -1.2
10071.5 0
10072.5 0
10073.5 0
10074.5 0
10075.5 -1.2
10076.5 0
10077.5 0
10078.5 0
10079.5 -1.2
10080.5 0
10081.5 0
10082.5 0
10083.5 0
10084.5 0
10085.5 0
10086.5 0
10087.5 0
10088.5 0
10089.5 0
10090.5 0
10091.5 0
10092.5 0
10093.5 0
10094.5 0
10095.5 0
10096.5 0
10097.5 0
10098.5 0
10099.5 0
10100.5 0
10101.5 0
10102.5 0
10103.5 0
10104.5 0
10105.5 0
10106.5 0
10107.5 0
10108.5 -1.2
10109.5 0
10110.5 0
10111.5 0
10112.5 1
10113.5 0
10114.5 0
10115.5 0
10116.5 0
10117.5 0
10118.5 0
10119.5 0
10120.5 0
10121.5 0
10122.5 0
10123.5 0
10124.5 0
10125.5 0
10126.5 0
10127.5 0
10128.5 0
10129.5 0
10130.5 0
10131.5 0
10132.5 0
10133.5 0
10134.5 0
10135.5 0
10136.5 0
10137.5 0
10138.5 0
10139.5 0
10140.5 0
10141.5 0
10142.5 0
10143.5 0
10144.5 0
10145.5 0
10146.5 0
10147.5 0
10148.5 0
10149.5 0
10150.5 0
10151.5 0
10152.5 0
10153.5 0
10154.5 0
10155.5 0
10156.5 0
10157.5 0
10158.5 0
10159.5 1
10160.5 0
10161.5 0
10162.5 0
10163.5 0
10164.5 0
10165.5 0
10166.5 0
10167.5 0
10168.5 0
10169.5 0
10170.5 0
10171.5 0
10172.5 0
10173.5 0
10174.5 0
10175.5 0
10176.5 -1.2
10177.5 0
10178.5 0
10179.5 0
10180.5 0
10181.5 0
10182.5 0
10183.5 0
10184.5 0
10185.5 0
10186.5 0
10187.5 0
10188.5 0
10189.5 0
10190.5 0
10191.5 0
10192.5 0
10193.5 0
10194.5 0
10195.5 0
10196.5 0
10197.5 0
10198.5 0
10199.5 0
10200.5 0
10201.5 0
10202.5 0
10203.5 0
10204.5 0
10205.5 0
10206.5 0
10207.5 0
10208.5 0
10209.5 0
10210.5 0
10211.5 0
10212.5 0
10213.5 0
10214.5 0
10215.5 0
10216.5 1
10217.5 0
10218.5 0
10219.5 0
10220.5 0
10221.5 0
10222.5 0
10223.5 0
10224.5 0
10225.5 0
10226.5 0
10227.5 0
10228.5 0
10229.5 0
10230.5 0
10231.5 0
10232.5 0
10233.5 0
10234.5 0
10235.5 0
10236.5 0
10237.5 0
10238.5 0
10239.5 0
10240.5 0
10241.5 0
10242.5 0
10243.5 0
10244.5 0
10245.5 0
10246.5 0
10247.5 0
10248.5 0
10249.5 0
10250.5 0
10251.5 0
10252.5 0
10253.5 0
10254.5 0
10255.5 0
10256.5 0
10257.5 0
10258.5 0
10259.5 1
10260.5 0
10261.5 0
10262.5 0
10263.5 0
10264.5 0
10265.5 0
10266.5 0
10267.5 0
10268.5 0
10269.5 0
10270.5 0
10271.5 0
10272.5 0
10273.5 0
10274.5 0
10275.5 0
10276.5 0
10277.5 0
10278.5 0
10279.5 0
10280.5 0
10281.5 0
10282.5 0
10283.5 0
10284.5 0
10285.5 0
10286.5 0
10287.5 0
10288.5 0
10289.5 0
10290.5 0
10291.5 0
10292.5 0
10293.5 0
10294.5 0
10295.5 0
10296.5 0
10297.5 0
10298.5 0
10299.5 0
10300.5 0
10301.5 0
10302.5 0
10303.5 0
10304.5 0
10305.5 0
10306.5 0
10307.5 0
10308.5 0
10309.5 0
10310.5 0
10311.5 0
10312.5 0
10313.5 0
10314.5 0
10315.5 0
10316.5 0
10317.5 0
10318.5 0
10319.5 0
10320.5 0
10321.5 0
10322.5 0
10323.5 0
10324.5 0
10325.5 0
10326.5 0
10327.5 0
10328.5 0
10329.5 0
10330.5 0
10331.5 0
10332.5 0
10333.5 0
10334.5 0
10335.5 0
10336.5 0
10337.5 1
10338.5 0
10339.5 0
10340.5 0
10341.5 0
10342.5 0
10343.5 0
10344.5 0
10345.5 0
10346.5 0
10347.5 0
10348.5 0
10349.5 0
10350.5 0
10351.5 0
10352.5 0
10353.5 0
10354.5 0
10355.5 0
10356.5 0
10357.5 0
10358.5 0
10359.5 0
10360.5 0
10361.5 0
10362.5 0
10363.5 0
10364.5 0
10365.5 0
10366.5 0
10367.5 0
10368.5 0
10369.5 0
10370.5 0
10371.5 0
10372.5 0
10373.5 0
10374.5 0
10375.5 0
10376.5 0
10377.5 0
10378.5 0
10379.5 0
10380.5 0
10381.5 0
10382.5 0
10383.5 0
10384.5 0
10385.5 0
10386.5 0
10387.5 0
10388.5 0
10389.5 0
10390.5 0
10391.5 0
10392.5 0
10393.5 0
10394.5 0
10395.5 0
10396.5 0
10397.5 0
10398.5 0
10399.5 0
10400.5 0
10401.5 0
10402.5 0
10403.5 0
10404.5 0
10405.5 0
10406.5 0
10407.5 0
10408.5 0
10409.5 0
10410.5 0
10411.5 0
10412.5 0
10413.5 0
10414.5 0
10415.5 0
10416.5 0
10417.5 0
10418.5 0
10419.5 0
10420.5 0
10421.5 1
10422.5 0
10423.5 0
10424.5 0
10425.5 0
10426.5 0
10427.5 0
10428.5 0
10429.5 0
10430.5 0
10431.5 0
10432.5 0
10433.5 0
10434.5 0
10435.5 0
10436.5 0
10437.5 0
10438.5 0
10439.5 0
10440.5 0
10441.5 0
10442.5 0
10443.5 0
10444.5 0
10445.5 0
10446.5 0
10447.5 0
10448.5 0
10449.5 0
10450.5 0
10451.5 0
10452.5 0
10453.5 1
10454.5 0
10455.5 0
10456.5 0
10457.5 0
10458.5 0
10459.5 0
10460.5 0
10461.5 0
10462.5 1
10463.5 0
10464.5 0
10465.5 0
10466.5 0
10467.5 0
10468.5 0
10469.5 0
10470.5 0
10471.5 0
10472.5 0
10473.5 0
10474.5 0
10475.5 0
10476.5 0
10477.5 -1.2
10478.5 0
10479.5 0
10480.5 0
10481.5 0
10482.5 0
10483.5 0
10484.5 0
10485.5 0
10486.5 0
10487.5 0
10488.5 0
10489.5 0
10490.5 0
10491.5 0
10492.5 0
10493.5 0
10494.5 0
10495.5 0
10496.5 0
10497.5 0
10498.5 0
10499.5 0
10500.5 0
10501.5 0
10502.5 0
10503.5 0
10504.5 0
10505.5 0
10506.5 0
10507.5 0
10508.5 0
10509.5 0
10510.5 0
10511.5 0
10512.5 0
10513.5 0
10514.5 0
10515.5 0
10516.5 0
10517.5 0
10518.5 0
10519.5 0
10520.5 0
10521.5 0
10522.5 0
10523.5 0
10524.5 0
10525.5 0
10526.5 0
10527.5 0
10528.5 0
10529.5 0
10530.5 0
10531.5 0
10532.5 0
10533.5 0
10534.5 0
10535.5 0
10536.5 0
10537.5 0
10538.5 0
10539.5 0
10540.5 0
10541.5 0
10542.5 0
10543.5 0
10544.5 0
10545.5 0
10546.5 0
10547.5 0
10548.5 0
10549.5 0
10550.5 0
10551.5 0
10552.5 0
10553.5 0
10554.5 0
10555.5 0
10556.5 0
10557.5 0
10558.5 0
10559.5 0
10560.5 0
10561.5 0
10562.5 0
10563.5 0
10564.5 0
10565.5 0
10566.5 0
10567.5 0
10568.5 0
10569.5 0
10570.5 0
10571.5 0
10572.5 0
10573.5 0
10574.5 0
10575.5 0
10576.5 0
10577.5 0
10578.5 0
10579.5 0
10580.5 0
10581.5 0
10582.5 0
10583.5 0
10584.5 0
10585.5 0
10586.5 1
10587.5 0
10588.5 0
10589.5 0
10590.5 0
10591.5 0
10592.5 0
10593.5 0
10594.5 0
10595.5 0
10596.5 0
10597.5 0
10598.5 0
10599.5 0
10600.5 0
10601.5 0
10602.5 0
10603.5 0
10604.5 0
10605.5 0
10606.5 0
10607.5 0
10608.5 0
10609.5 0
10610.5 0
10611.5 0
10612.5 0
10613.5 0
10614.5 0
10615.5 0
10616.5 0
10617.5 0
10618.5 0
10619.5 0
10620.5 0
10621.5 0
10622.5 0
10623.5 0
10624.5 0
10625.5 0
10626.5 0
10627.5 0
10628.5 0
10629.5 0
10630.5 0
10631.5 0
10632.5 0
10633.5 0
10634.5 0
10635.5 0
10636.5 0
10637.5 0
10638.5 0
10639.5 0
10640.5 0
10641.5 0
10642.5 0
10643.5 0
10644.5 0
10645.5 0
10646.5 0
10647.5 0
10648.5 0
10649.5 0
10650.5 0
10651.5 0
10652.5 0
10653.5 0
10654.5 0
10655.5 0
10656.5 0
10657.5 0
10658.5 0
10659.5 0
10660.5 0
10661.5 0
10662.5 0
10663.5 0
10664.5 0
10665.5 0
10666.5 0
10667.5 0
10668.5 0
10669.5 0
10670.5 0
10671.5 0
10672.5 0
10673.5 0
10674.5 0
10675.5 0
10676.5 0
10677.5 0
10678.5 0
10679.5 0
10680.5 0
10681.5 0
10682.5 0
10683.5 0
10684.5 0
10685.5 0
10686.5 0
10687.5 0
10688.5 0
10689.5 0
10690.5 0
10691.5 0
10692.5 0
10693.5 0
10694.5 0
10695.5 0
10696.5 0
10697.5 0
10698.5 0
10699.5 0
10700.5 0
10701.5 0
10702.5 0
10703.5 0
10704.5 0
10705.5 0
10706.5 0
10707.5 0
10708.5 0
10709.5 0
10710.5 0
10711.5 0
10712.5 0
10713.5 0
10714.5 0
10715.5 -1.2
10716.5 0
10717.5 0
10718.5 0
10719.5 0
10720.5 0
10721.5 0
10722.5 0
10723.5 0
10724.5 0
10725.5 0
10726.5 0
10727.5 0
10728.5 0
10729.5 0
10730.5 0
10731.5 0
10732.5 0
10733.5 0
10734.5 0
10735.5 0
10736.5 0
10737.5 0
10738.5 0
10739.5 0
10740.5 0
10741.5 0
10742.5 0
10743.5 0
10744.5 0
10745.5 0
10746.5 0
10747.5 0
10748.5 0
10749.5 0
10750.5 0
10751.5 0
10752.5 0
10753.5 0
10754.5 0
10755.5 0
10756.5 0
10757.5 0
10758.5 0
10759.5 0
10760.5 0
10761.5 0
10762.5 0
10763.5 0
10764.5 0
10765.5 0
10766.5 0
10767.5 0
10768.5 0
10769.5 0
10770.5 0
10771.5 0
10772.5 0
10773.5 0
10774.5 0
10775.5 0
10776.5 0
10777.5 0
10778.5 0
10779.5 0
10780.5 0
10781.5 0
10782.5 0
10783.5 0
10784.5 0
10785.5 0
10786.5 0
10787.5 0
10788.5 0
10789.5 0
10790.5 0
10791.5 0
10792.5 0
10793.5 0
10794.5 0
10795.5 0
10796.5 0
10797.5 0
10798.5 0
10799.5 0
10800.5 0
10801.5 0
10802.5 0
10803.5 0
10804.5 0
10805.5 0
10806.5 0
10807.5 0
10808.5 0
10809.5 0
10810.5 0
10811.5 0
10812.5 0
10813.5 0
10814.5 0
10815.5 0
10816.5 0
10817.5 0
10818.5 0
10819.5 0
10820.5 0
10821.5 0
10822.5 0
10823.5 -2.4
10824.5 0
10825.5 0
10826.5 0
10827.5 1
10828.5 0
10829.5 0
10830.5 0
10831.5 0
10832.5 0
10833.5 0
10834.5 0
10835.5 0
10836.5 0
10837.5 0
10838.5 0
10839.5 0
10840.5 0
10841.5 0
10842.5 0
10843.5 0
10844.5 0
10845.5 0
10846.5 0
10847.5 0
10848.5 0
10849.5 0
10850.5 0
10851.5 0
10852.5 0
10853.5 0
10854.5 0
10855.5 0
10856.5 0
10857.5 0
10858.5 0
10859.5 0
10860.5 0
10861.5 0
10862.5 0
10863.5 0
10864.5 0
10865.5 0
10866.5 0
10867.5 0
10868.5 0
10869.5 0
10870.5 0
10871.5 0
10872.5 0
10873.5 0
10874.5 0
10875.5 0
10876.5 0
10877.5 0
10878.5 0
10879.5 0
10880.5 0
10881.5 0
10882.5 0
10883.5 0
10884.5 0
10885.5 0
10886.5 0
10887.5 0
10888.5 0
10889.5 0
10890.5 0
10891.5 0
10892.5 0
10893.5 0
10894.5 0
10895.5 0
10896.5 0
10897.5 0
10898.5 0
10899.5 0
10900.5 0
10901.5 0
10902.5 0
10903.5 0
10904.5 0
10905.5 0
10906.5 0
10907.5 0
10908.5 0
10909.5 -1.2
10910.5 0
10911.5 0
10912.5 0
10913.5 0
10914.5 0
10915.5 0
10916.5 0
10917.5 0
10918.5 0
10919.5 0
10920.5 0
10921.5 0
10922.5 0
10923.5 0
10924.5 0
10925.5 0
10926.5 0
10927.5 0
10928.5 0
10929.5 0
10930.5 0
10931.5 1
10932.5 1
10933.5 0
10934.5 0
10935.5 0
10936.5 0
10937.5 0
10938.5 0
10939.5 0
10940.5 0
10941.5 0
10942.5 0
10943.5 0
10944.5 0
10945.5 0
10946.5 0
10947.5 0
10948.5 0
10949.5 0
10950.5 0
10951.5 0
10952.5 0
10953.5 0
10954.5 0
10955.5 0
10956.5 0
10957.5 0
10958.5 0
10959.5 0
10960.5 0
10961.5 0
10962.5 0
10963.5 0
10964.5 0
10965.5 0
10966.5 0
10967.5 0
10968.5 0
10969.5 0
10970.5 -1.2
10971.5 0
10972.5 0
10973.5 0
10974.5 0
10975.5 0
10976.5 0
10977.5 0
10978.5 0
10979.5 0
10980.5 0
10981.5 0
10982.5 0
10983.5 0
10984.5 0
10985.5 0
10986.5 0
10987.5 0
10988.5 0
10989.5 0
10990.5 0
10991.5 0
10992.5 0
10993.5 0
10994.5 0
10995.5 0
10996.5 0
10997.5 0
10998.5 0
10999.5 0
11000.5 0
11001.5 0
11002.5 0
11003.5 0
11004.5 0
11005.5 0
11006.5 0
11007.5 0
11008.5 0
11009.5 0
11010.5 0
11011.5 0
11012.5 0
11013.5 0
11014.5 0
11015.5 0
11016.5 0
11017.5 0
11018.5 0
11019.5 0
11020.5 0
11021.5 0
11022.5 0
11023.5 0
11024.5 0
11025.5 0
11026.5 0
11027.5 0
11028.5 0
11029.5 0
11030.5 0
11031.5 0
11032.5 0
11033.5 0
11034.5 0
11035.5 0
11036.5 0
11037.5 0
11038.5 0
11039.5 0
11040.5 0
11041.5 0
11042.5 0
11043.5 0
11044.5 0
11045.5 0
11046.5 0
11047.5 0
11048.5 0
11049.5 0
11050.5 0
11051.5 0
11052.5 0
11053.5 0
11054.5 0
11055.5 0
11056.5 0
11057.5 0
11058.5 0
11059.5 0
11060.5 0
11061.5 0
11062.5 0
11063.5 0
11064.5 0
11065.5 0
11066.5 0
11067.5 0
11068.5 0
11069.5 0
11070.5 0
11071.5 0
11072.5 0
11073.5 0
11074.5 0
11075.5 0
11076.5 0
11077.5 0
11078.5 0
11079.5 0
11080.5 -1.2
11081.5 0
11082.5 0
11083.5 0
11084.5 0
11085.5 0
11086.5 0
11087.5 0
11088.5 0
11089.5 0
11090.5 0
11091.5 0
11092.5 0
11093.5 0
11094.5 0
11095.5 0
11096.5 0
11097.5 0
11098.5 0
11099.5 0
11100.5 0
11101.5 1
11102.5 0
11103.5 0
11104.5 0
11105.5 0
11106.5 0
11107.5 0
11108.5 0
11109.5 0
11110.5 0
11111.5 0
11112.5 0
11113.5 0
11114.5 0
11115.5 0
11116.5 0
11117.5 0
11118.5 0
11119.5 0
11120.5 0
11121.5 0
11122.5 0
11123.5 0
11124.5 0
11125.5 0
11126.5 0
11127.5 0
11128.5 0
11129.5 0
11130.5 0
11131.5 0
11132.5 0
11133.5 0
11134.5 0
11135.5 0
11136.5 0
11137.5 0
11138.5 0
11139.5 0
11140.5 0
11141.5 0
11142.5 0
11143.5 0
11144.5 0
11145.5 0
11146.5 0
11147.5 0
11148.5 0
11149.5 0
11150.5 0
11151.5 0
11152.5 0
11153.5 0
11154.5 0
11155.5 0
11156.5 0
11157.5 0
11158.5 0
11159.5 0
11160.5 0
11161.5 0
11162.5 0
11163.5 0
11164.5 0
11165.5 -1.2
11166.5 0
11167.5 0
11168.5 0
11169.5 0
11170.5 0
11171.5 0
11172.5 0
11173.5 0
11174.5 0
11175.5 0
11176.5 0
11177.5 0
11178.5 0
11179.5 0
11180.5 0
11181.5 0
11182.5 0
11183.5 0
11184.5 0
11185.5 0
11186.5 0
11187.5 0
11188.5 0
11189.5 0
11190.5 0
11191.5 0
11192.5 0
11193.5 0
11194.5 0
11195.5 0
11196.5 0
11197.5 0
11198.5 0
11199.5 0
11200.5 0
11201.5 0
11202.5 0
11203.5 0
11204.5 0
11205.5 0
11206.5 0
11207.5 0
11208.5 0
11209.5 0
11210.5 0
11211.5 0
11212.5 0
11213.5 0
11214.5 0
11215.5 0
11216.5 0
11217.5 0
11218.5 1
11219.5 0
11220.5 0
11221.5 0
11222.5 1
11223.5 0
11224.5 0
11225.5 0
11226.5 0
11227.5 0
11228.5 0
11229.5 0
11230.5 0
11231.5 0
11232.5 0
11233.5 0
11234.5 0
11235.5 0
11236.5 0
11237.5 0
11238.5 0
11239.5 0
11240.5 0
11241.5 0
11242.5 0
11243.5 0
11244.5 0
11245.5 0
11246.5 0
11247.5 0
11248.5 0
11249.5 0
11250.5 0
11251.5 0
11252.5 0
11253.5 0
11254.5 0
11255.5 0
11256.5 0
11257.5 -1.2
11258.5 0
11259.5 0
11260.5 0
11261.5 0
11262.5 0
11263.5 0
11264.5 0
11265.5 0
11266.5 0
11267.5 0
11268.5 0
11269.5 0
11270.5 0
11271.5 1
11272.5 0
11273.5 0
11274.5 0
11275.5 0
11276.5 0
11277.5 0
11278.5 0
11279.5 0
11280.5 0
11281.5 0
11282.5 0
11283.5 0
11284.5 0
11285.5 0
11286.5 0
11287.5 0
11288.5 0
11289.5 0
11290.5 0
11291.5 0
11292.5 0
11293.5 0
11294.5 0
11295.5 0
11296.5 1
11297.5 0
11298.5 0
11299.5 0
11300.5 0
11301.5 0
11302.5 0
11303.5 0
11304.5 0
11305.5 0
11306.5 0
11307.5 0
11308.5 0
11309.5 0
11310.5 0
11311.5 0
11312.5 0
11313.5 0
11314.5 0
11315.5 0
11316.5 0
11317.5 0
11318.5 0
11319.5 0
11320.5 0
11321.5 0
11322.5 0
11323.5 0
11324.5 0
11325.5 0
11326.5 0
11327.5 0
11328.5 0
11329.5 0
11330.5 0
11331.5 0
11332.5 0
11333.5 0
11334.5 0
11335.5 0
11336.5 0
11337.5 0
11338.5 -1.2
11339.5 0
11340.5 0
11341.5 0
11342.5 0
11343.5 0
11344.5 0
11345.5 0
11346.5 0
11347.5 0
11348.5 0
11349.5 0
11350.5 0
11351.5 0
11352.5 0
11353.5 0
11354.5 0
11355.5 0
11356.5 0
11357.5 0
11358.5 0
11359.5 0
11360.5 0
11361.5 0
11362.5 0
11363.5 0
11364.5 0
11365.5 0
11366.5 0
11367.5 0
11368.5 0
11369.5 -1.2
11370.5 0
11371.5 0
11372.5 0
11373.5 0
11374.5 0
11375.5 0
11376.5 0
11377.5 0
11378.5 0
11379.5 0
11380.5 0
11381.5 0
11382.5 0
11383.5 0
11384.5 0
11385.5 0
11386.5 0
11387.5 0
11388.5 0
11389.5 0
11390.5 0
11391.5 0
11392.5 -1.2
11393.5 0
11394.5 0
11395.5 0
11396.5 0
11397.5 0
11398.5 0
11399.5 0
11400.5 0
11401.5 0
11402.5 0
11403.5 0
11404.5 0
11405.5 0
11406.5 0
11407.5 0
11408.5 0
11409.5 0
11410.5 0
11411.5 0
11412.5 0
11413.5 0
11414.5 0
11415.5 0
11416.5 0
11417.5 0
11418.5 0
11419.5 0
11420.5 0
11421.5 0
11422.5 0
11423.5 0
11424.5 0
11425.5 0
11426.5 0
11427.5 0
11428.5 0
11429.5 0
11430.5 0
11431.5 0
11432.5 0
11433.5 0
11434.5 0
11435.5 0
11436.5 0
11437.5 0
11438.5 0
11439.5 0
11440.5 0
11441.5 0
11442.5 0
11443.5 0
11444.5 -1.2
11445.5 0
11446.5 0
11447.5 0
11448.5 0
11449.5 0
11450.5 0
11451.5 0
11452.5 0
11453.5 0
11454.5 0
11455.5 0
11456.5 0
11457.5 0
11458.5 0
11459.5 0
11460.5 0
11461.5 0
11462.5 0
11463.5 0
11464.5 0
11465.5 0
11466.5 0
11467.5 0
11468.5 0
11469.5 0
11470.5 0
11471.5 0
11472.5 0
11473.5 0
11474.5 0
11475.5 0
11476.5 0
11477.5 0
11478.5 0
11479.5 0
11480.5 0
11481.5 0
11482.5 0
11483.5 0
11484.5 0
11485.5 0
11486.5 0
11487.5 0
11488.5 0
11489.5 0
11490.5 0
11491.5 0
11492.5 0
11493.5 0
11494.5 0
11495.5 0
11496.5 1
11497.5 0
11498.5 0
11499.5 0
11500.5 0
11501.5 0
11502.5 0
11503.5 1
11504.5 0
11505.5 0
11506.5 0
11507.5 0
11508.5 0
11509.5 0
11510.5 0
11511.5 0
11512.5 0
11513.5 0
11514.5 0
11515.5 0
11516.5 0
11517.5 0
11518.5 0
11519.5 0
11520.5 0
11521.5 0
11522.5 0
11523.5 0
11524.5 0
11525.5 0
11526.5 0
11527.5 0
11528.5 0
11529.5 0
11530.5 0
11531.5 0
11532.5 0
11533.5 0
11534.5 0
11535.5 0
11536.5 0
11537.5 0
11538.5 0
11539.5 0
11540.5 0
11541.5 0
11542.5 0
11543.5 0
11544.5 0
11545.5 0
11546.5 0
11547.5 0
11548.5 0
11549.5 0
11550.5 0
11551.5 0
11552.5 0
11553.5 0
11554.5 0
11555.5 0
11556.5 0
11557.5 0
11558.5 0
11559.5 0
11560.5 0
11561.5 0
11562.5 0
11563.5 0
11564.5 0
11565.5 0
11566.5 0
11567.5 0
11568.5 0
11569.5 0
11570.5 0
11571.5 0
11572.5 0
11573.5 0
11574.5 0
11575.5 0
11576.5 0
11577.5 0
11578.5 0
11579.5 0
11580.5 0
11581.5 0
11582.5 0
11583.5 0
11584.5 0
11585.5 0
11586.5 0
11587.5 0
11588.5 0
11589.5 0
11590.5 0
11591.5 0
11592.5 0
11593.5 0
11594.5 0
11595.5 0
11596.5 0
11597.5 0
11598.5 0
11599.5 0
11600.5 0
11601.5 0
11602.5 0
11603.5 0
11604.5 0
11605.5 0
11606.5 0
11607.5 0
11608.5 0
11609.5 0
11610.5 0
11611.5 0
11612.5 0
11613.5 0
11614.5 0
11615.5 0
11616.5 0
11617.5 0
11618.5 0
11619.5 0
11620.5 0
11621.5 0
11622.5 0
11623.5 0
11624.5 0
11625.5 -1.2
11626.5 0
11627.5 0
11628.5 0
11629.5 0
11630.5 0
11631.5 0
11632.5 0
11633.5 0
11634.5 0
11635.5 0
11636.5 0
11637.5 0
11638.5 0
11639.5 0
11640.5 0
11641.5 0
11642.5 0
11643.5 0
11644.5 0
11645.5 0
11646.5 0
11647.5 0
11648.5 0
11649.5 0
11650.5 0
11651.5 0
11652.5 0
11653.5 0
11654.5 0
11655.5 0
11656.5 -1.2
11657.5 0
11658.5 0
11659.5 0
11660.5 0
11661.5 0
11662.5 0
11663.5 0
11664.5 0
11665.5 0
11666.5 0
11667.5 0
11668.5 0
11669.5 0
11670.5 0
11671.5 0
11672.5 0
11673.5 0
11674.5 1
11675.5 0
11676.5 0
11677.5 0
11678.5 0
11679.5 0
11680.5 0
11681.5 0
11682.5 0
11683.5 0
11684.5 0
11685.5 0
11686.5 0
11687.5 0
11688.5 0
11689.5 0
11690.5 0
11691.5 0
11692.5 0
11693.5 0
11694.5 0
11695.5 0
11696.5 0
11697.5 0
11698.5 0
11699.5 0
11700.5 0
11701.5 0
11702.5 0
11703.5 0
11704.5 0
11705.5 0
11706.5 0
11707.5 0
11708.5 0
11709.5 0
11710.5 0
11711.5 0
11712.5 0
11713.5 0
11714.5 0
11715.5 0
11716.5 0
11717.5 0
11718.5 0
11719.5 0
11720.5 0
11721.5 0
11722.5 0
11723.5 0
11724.5 0
11725.5 0
11726.5 0
11727.5 0
11728.5 0
11729.5 0
11730.5 0
11731.5 0
11732.5 -1.2
11733.5 0
11734.5 0
11735.5 0
11736.5 0
11737.5 0
11738.5 0
11739.5 0
11740.5 0
11741.5 0
11742.5 0
11743.5 0
11744.5 0
11745.5 0
11746.5 0
11747.5 0
11748.5 0
11749.5 1
11750.5 0
11751.5 0
11752.5 0
11753.5 -1.2
11754.5 0
11755.5 0
11756.5 0
11757.5 0
11758.5 0
11759.5 0
11760.5 0
11761.5 0
11762.5 0
11763.5 0
11764.5 0
11765.5 0
11766.5 0
11767.5 0
11768.5 0
11769.5 1
11770.5 0
11771.5 0
11772.5 0
11773.5 0
11774.5 0
11775.5 0
11776.5 0
11777.5 0
11778.5 0
11779.5 0
11780.5 0
11781.5 0
11782.5 0
11783.5 0
11784.5 0
11785.5 0
11786.5 0
11787.5 0
11788.5 0
11789.5 0
11790.5 0
11791.5 0
11792.5 0
11793.5 0
11794.5 0
11795.5 0
11796.5 0
11797.5 0
11798.5 0
11799.5 0
11800.5 0
11801.5 0
11802.5 0
11803.5 0
11804.5 0
11805.5 0
11806.5 0
11807.5 0
11808.5 0
11809.5 0
11810.5 0
11811.5 0
11812.5 0
11813.5 0
11814.5 0
11815.5 0
11816.5 0
11817.5 0
11818.5 0
11819.5 0
11820.5 0
11821.5 0
11822.5 0
11823.5 0
11824.5 0
11825.5 0
11826.5 0
11827.5 0
11828.5 0
11829.5 0
11830.5 0
11831.5 0
11832.5 0
11833.5 0
11834.5 0
11835.5 0
11836.5 0
11837.5 0
11838.5 0
11839.5 0
11840.5 0
11841.5 0
11842.5 0
11843.5 0
11844.5 0
11845.5 0
11846.5 0
11847.5 0
11848.5 0
11849.5 0
11850.5 0
11851.5 0
11852.5 0
11853.5 0
11854.5 0
11855.5 0
11856.5 0
11857.5 0
11858.5 0
11859.5 0
11860.5 0
11861.5 0
11862.5 0
11863.5 0
11864.5 0
11865.5 0
11866.5 0
11867.5 0
11868.5 0
11869.5 0
11870.5 0
11871.5 0
11872.5 0
11873.5 0
11874.5 1
11875.5 0
11876.5 0
11877.5 0
11878.5 0
11879.5 0
11880.5 0
11881.5 0
11882.5 0
11883.5 0
11884.5 0
11885.5 0
11886.5 0
11887.5 0
11888.5 0
11889.5 0
11890.5 0
11891.5 0
11892.5 0
11893.5 0
11894.5 0
11895.5 0
11896.5 0
11897.5 0
11898.5 0
11899.5 0
11900.5 0
11901.5 0
11902.5 0
11903.5 0
11904.5 0
11905.5 0
11906.5 0
11907.5 0
11908.5 0
11909.5 0
11910.5 0
11911.5 0
11912.5 0
11913.5 0
11914.5 0
11915.5 0
11916.5 0
11917.5 0
11918.5 0
11919.5 0
11920.5 0
11921.5 0
11922.5 0
11923.5 0
11924.5 0
11925.5 0
11926.5 0
11927.5 0
11928.5 0
11929.5 0
11930.5 0
11931.5 0
11932.5 0
11933.5 0
11934.5 0
11935.5 0
11936.5 0
11937.5 0
11938.5 0
11939.5 1
11940.5 0
11941.5 0
11942.5 0
11943.5 0
11944.5 0
11945.5 0
11946.5 0
11947.5 0
11948.5 0
11949.5 0
11950.5 0
11951.5 0
11952.5 0
11953.5 0
11954.5 0
11955.5 0
11956.5 0
11957.5 0
11958.5 0
11959.5 0
11960.5 0
11961.5 0
11962.5 0
11963.5 0
11964.5 0
11965.5 0
11966.5 0
11967.5 0
11968.5 0
11969.5 0
11970.5 0
11971.5 0
11972.5 0
11973.5 0
11974.5 0
11975.5 0
11976.5 0
11977.5 0
11978.5 0
11979.5 0
11980.5 0
11981.5 0
11982.5 0
11983.5 0
11984.5 0
11985.5 0
11986.5 0
11987.5 0
11988.5 0
11989.5 0
11990.5 0
11991.5 0
11992.5 0
11993.5 0
11994.5 0
11995.5 0
11996.5 0
11997.5 0
11998.5 0
11999.5 0
