# EGG_ProjY_E989.0(3.0)_B979.5(1.5)_B995.0(2.0)
# X axis : Energy (keV) [Y axis]
# Y axis : Counts/1 keV
# N Bins : 12000
# X Min : 0
# X Max : 12000
# X value at the center of the bins
0.5 0
1.5 0
2.5 0
3.5 0
4.5 0
5.5 -56.8571
6.5 -5.71429
7.5 -19
8.5 14.7143
9.5 -14.5714
10.5 -19.8571
11.5 -17.4286
12.5 -7.28572
13.5 -40.4286
14.5 17.5714
15.5 -15.4286
16.5 -63.2857
17.5 90.2857
18.5 62.2857
19.5 -12.2857
20.5 -51.8572
21.5 -42.8572
22.5 -48.7143
23.5 5.42854
24.5 -0.285754
25.5 19.5714
26.5 -70
27.5 -30.7143
28.5 88.2857
29.5 74.7142
30.5 -16.0001
31.5 -95.5715
32.5 -34.8572
33.5 29.9999
34.5 82.1428
35.5 2.7142
36.5 -5.42866
37.5 82.7142
38.5 -6.85724
39.5 -93.7144
40.5 388.428
41.5 141.714
42.5 421.428
43.5 -0.000136733
44.5 -123.429
45.5 149.857
46.5 -157.429
47.5 88.5713
48.5 26.9999
49.5 168.143
50.5 223.571
51.5 -111.429
52.5 -254.572
53.5 -247.429
54.5 34.2856
55.5 209.857
56.5 126.428
57.5 48.857
58.5 5.28557
59.5 86.2856
60.5 -0.857265
61.5 170.571
62.5 70.1428
63.5 -16.8572
64.5 183.143
65.5 -92.143
66.5 -119.714
67.5 -139.572
68.5 -314.143
69.5 33.4285
70.5 -417
71.5 -73.7144
72.5 -84.8572
73.5 -108.714
74.5 27.857
75.5 -338.714
76.5 -566
77.5 -81.0002
78.5 -520.572
79.5 -657.429
80.5 -341
81.5 116.286
82.5 185.428
83.5 277
84.5 626.714
85.5 429.428
86.5 335.428
87.5 478.857
88.5 898.143
89.5 616.571
90.5 143.428
91.5 -320
92.5 -232.857
93.5 -661.714
94.5 -436.143
95.5 -393
96.5 -124.286
97.5 -160.572
98.5 91.857
99.5 -333.572
100.5 -195.143
101.5 -447
102.5 75.857
103.5 123.714
104.5 223.714
105.5 233.714
106.5 252
107.5 136.428
108.5 111.714
109.5 143.857
110.5 18.2856
111.5 129.428
112.5 -281.143
113.5 136.428
114.5 -77.2858
115.5 222.286
116.5 -253
117.5 -279.714
118.5 26.2856
119.5 27.4284
120.5 -104.714
121.5 -218.429
122.5 -33.2859
123.5 -161.143
124.5 -203.714
125.5 -256.286
126.5 -412.143
127.5 -1850.57
128.5 -4427.86
129.5 -7653.29
130.5 -9071.57
131.5 -7956.57
132.5 -4269.14
133.5 2506
134.5 9377
135.5 13260.1
136.5 14937.3
137.5 15471.7
138.5 13331.9
139.5 9616.71
140.5 4990.43
141.5 1213.43
142.5 -744.429
143.5 -2809.86
144.5 -6829.86
145.5 -10446.4
146.5 -11121.6
147.5 -9264.57
148.5 -5532.57
149.5 -2165.14
150.5 -761.286
151.5 -234
152.5 -173
153.5 9.28557
154.5 -42.2859
155.5 -422.286
156.5 -783.143
157.5 -2163.43
158.5 -6364.14
159.5 -13952
160.5 -22747.4
161.5 -26712.1
162.5 -23540.6
163.5 -10601.9
164.5 8506.29
165.5 26544.3
166.5 36080.1
167.5 38598.3
168.5 38569.1
169.5 32860
170.5 22880.1
171.5 11169.9
172.5 3285
173.5 -1503.14
174.5 -6809.57
175.5 -16177.7
176.5 -24967.3
177.5 -27237.1
178.5 -20592.9
179.5 -11064
180.5 -4215.86
181.5 -2240.43
182.5 -1421
183.5 -581.143
184.5 -516.143
185.5 -561.286
186.5 -598.286
187.5 -214.286
188.5 -373
189.5 -465.286
190.5 -141.429
191.5 176.714
192.5 239.571
193.5 621
194.5 743.571
195.5 462.428
196.5 460.286
197.5 645.571
198.5 1965.86
199.5 2540.71
200.5 1162.43
201.5 224.571
202.5 -24.7144
203.5 -179
204.5 -460.714
205.5 -242.143
206.5 -103.714
207.5 -262.714
208.5 -146.714
209.5 -28.4287
210.5 7.71415
211.5 131.571
212.5 516.286
213.5 47.857
214.5 222.857
215.5 183.143
216.5 150.143
217.5 -61.7144
218.5 -116.572
219.5 -111
220.5 -112.572
221.5 -375
222.5 -52.8573
223.5 51.7142
224.5 -243.572
225.5 -72.0001
226.5 -137.429
227.5 130.428
228.5 -182.857
229.5 -37.5716
230.5 -166.143
231.5 259.428
232.5 83.7142
233.5 -311.572
234.5 153.286
235.5 -96.2858
236.5 218.714
237.5 87.1427
238.5 260
239.5 33.7142
240.5 -36.2858
241.5 -90.143
242.5 7.5713
243.5 19.5713
244.5 -122.572
245.5 -141.143
246.5 -214
247.5 5.85702
248.5 -96.0001
249.5 52.857
250.5 10.9999
251.5 285
252.5 100.286
253.5 248.714
254.5 0.857025
255.5 -94.8573
256.5 191
257.5 175.428
258.5 -137.857
259.5 -12.8573
260.5 -368.143
261.5 -13.8573
262.5 -403.572
263.5 -415.572
264.5 -662.714
265.5 -385.714
266.5 -296.286
267.5 -445.572
268.5 -9.7144
269.5 228.143
270.5 432.428
271.5 621.143
272.5 618
273.5 529.428
274.5 621.571
275.5 515.286
276.5 387.143
277.5 295.143
278.5 84.857
279.5 -119.286
280.5 -156.286
281.5 -654.429
282.5 -210.714
283.5 -38.2858
284.5 -241
285.5 -201.429
286.5 -491
287.5 -90.8572
288.5 106.571
289.5 262.143
290.5 148.571
291.5 219.571
292.5 116
293.5 317
294.5 -185.286
295.5 -58.0001
296.5 -152.857
297.5 -328
298.5 -618.286
299.5 -180.857
300.5 -206.857
301.5 -66.4287
302.5 146.857
303.5 351
304.5 318.286
305.5 502.143
306.5 206.714
307.5 241.143
308.5 56.4285
309.5 24.9999
310.5 85.5713
311.5 -0.285809
312.5 -459.429
313.5 -610.143
314.5 -412
315.5 -332
316.5 5.85705
317.5 199.857
318.5 78.4285
319.5 187.857
320.5 157.714
321.5 46.8571
322.5 226.286
323.5 423
324.5 -108.572
325.5 -90.143
326.5 -189.857
327.5 -118.857
328.5 -125.143
329.5 10.1428
330.5 -61.1429
331.5 -46.7144
332.5 -103.714
333.5 -132.857
334.5 -99.0001
335.5 15.2856
336.5 56.1428
337.5 33.1428
338.5 151.571
339.5 116.428
340.5 -34.7144
341.5 -28.4287
342.5 76.1428
343.5 -218.572
344.5 -144.714
345.5 -120
346.5 48.2856
347.5 172.714
348.5 -75.4287
349.5 -14.2858
350.5 -264.286
351.5 -253.286
352.5 222
353.5 -211.572
354.5 25.5713
355.5 222.428
356.5 170.857
357.5 -63.2858
358.5 91.4285
359.5 121.857
360.5 9.99992
361.5 176.143
362.5 279
363.5 280.286
364.5 66.2856
365.5 -258.429
366.5 -154.857
367.5 -22.5715
368.5 -33.5715
369.5 -9.00008
370.5 7.85707
371.5 199
372.5 177.857
373.5 -241.286
374.5 63.2856
375.5 154
376.5 -45.5715
377.5 -92.2858
378.5 30.5714
379.5 -20.1429
380.5 -67.0001
381.5 -141.714
382.5 -110.857
383.5 22.8571
384.5 -125.857
385.5 -149.143
386.5 91.4285
387.5 334.429
388.5 240.286
389.5 -18.5715
390.5 -131.714
391.5 -331.572
392.5 -17.7144
393.5 -206.143
394.5 -50.2858
395.5 -165.143
396.5 78.5714
397.5 253.714
398.5 -101.143
399.5 212.286
400.5 10.9999
401.5 168.571
402.5 215.286
403.5 86.7141
404.5 327.857
405.5 -88.7144
406.5 -41.8572
407.5 -73.1429
408.5 -206.571
409.5 -462.857
410.5 -62.5715
411.5 -119
412.5 -132.571
413.5 -11.2858
414.5 202.429
415.5 -171.857
416.5 -168.857
417.5 10.7142
418.5 -145.143
419.5 8.28565
420.5 -11.4286
421.5 18.1428
422.5 -79.4286
423.5 -25.8572
424.5 -10.0001
425.5 -21.5715
426.5 22.5714
427.5 111.429
428.5 69.8571
429.5 93.7142
430.5 2.71422
431.5 -435.857
432.5 -166.286
433.5 -308.857
434.5 -281.857
435.5 -50.1429
436.5 321
437.5 415.571
438.5 534.714
439.5 568
440.5 401.857
441.5 240.429
442.5 345.857
443.5 243.714
444.5 87.7142
445.5 25.4285
446.5 -240.286
447.5 -146.571
448.5 -191.857
449.5 -494.143
450.5 -219
451.5 14.4285
452.5 122.286
453.5 -33.4286
454.5 115.429
455.5 238.571
456.5 -83.1429
457.5 38.7142
458.5 123.286
459.5 71.1428
460.5 -1.8572
461.5 -5.28578
462.5 53.9999
463.5 -156
464.5 101.714
465.5 29.2856
466.5 -127
467.5 -101.571
468.5 160.857
469.5 98.4285
470.5 295.429
471.5 189.429
472.5 117.571
473.5 205.714
474.5 221.571
475.5 -23.4286
476.5 -47.5715
477.5 -103.429
478.5 159.143
479.5 -18.2858
480.5 41.4285
481.5 -82.2858
482.5 -67.5715
483.5 -66.7144
484.5 -175.143
485.5 -90.8572
486.5 -99.4286
487.5 35.1428
488.5 112
489.5 48.5714
490.5 -16.1429
491.5 -22.8572
492.5 112.286
493.5 -72.2858
494.5 53.9999
495.5 91.2857
496.5 9.99994
497.5 -235.286
498.5 164.429
499.5 -270.857
500.5 -225.429
501.5 -347.571
502.5 -686.143
503.5 -854.571
504.5 -842.429
505.5 -303.857
506.5 47.7142
507.5 592
508.5 1597.57
509.5 2092.71
510.5 2224
511.5 2274
512.5 1251.29
513.5 625.428
514.5 140.714
515.5 -34.0001
516.5 -200.714
517.5 -126.571
518.5 -691.429
519.5 -560.143
520.5 -586.571
521.5 -406.857
522.5 -196.143
523.5 -63.2858
524.5 141.571
525.5 -38.0001
526.5 -11.7143
527.5 133.571
528.5 -88.7143
529.5 19.7142
530.5 -20.4286
531.5 3.42852
532.5 -124.143
533.5 21.2857
534.5 -196
535.5 -54.1429
536.5 9.42852
537.5 -89.4286
538.5 42
539.5 37.5714
540.5 -64.8572
541.5 9.57138
542.5 192.429
543.5 -39.8572
544.5 -138.571
545.5 -220.857
546.5 -32.4286
547.5 -21.1429
548.5 69
549.5 19.5714
550.5 75
551.5 223.143
552.5 211.286
553.5 127.571
554.5 34.8571
555.5 265.286
556.5 -337
557.5 26.8571
558.5 -64.5715
559.5 -176.857
560.5 73
561.5 -79.7143
562.5 -84.1429
563.5 -2.57148
564.5 33
565.5 -11.4286
566.5 124.429
567.5 -111.714
568.5 -53.2858
569.5 80.5714
570.5 -19.8572
571.5 106.429
572.5 -35.5715
573.5 119.571
574.5 -122.143
575.5 26
576.5 214.857
577.5 72.1428
578.5 -49
579.5 42.5714
580.5 -0.428617
581.5 -87.0001
582.5 -138.857
583.5 194.857
584.5 161.714
585.5 37.2857
586.5 9.14281
587.5 141
588.5 -99.5715
589.5 103.571
590.5 127.857
591.5 3.57138
592.5 -47.8572
593.5 -55.1429
594.5 -155
595.5 -36.5715
596.5 -31.4286
597.5 182.143
598.5 137.286
599.5 28.7142
600.5 161.286
601.5 -31.5715
602.5 -84.7143
603.5 -38.5715
604.5 -188.714
605.5 -201.857
606.5 -85.2858
607.5 -90.2858
608.5 -100.286
609.5 -108.571
610.5 100.714
611.5 14.7142
612.5 -46.5715
613.5 -74.5715
614.5 106.857
615.5 63.5714
616.5 -46.7143
617.5 21
618.5 -78.2858
619.5 -109.571
620.5 -69.8572
621.5 108.143
622.5 -225.286
623.5 -36.7143
624.5 -16.8572
625.5 -87.5715
626.5 -89.2858
627.5 0.428469
628.5 -226.286
629.5 -416.857
630.5 172.143
631.5 18.8571
632.5 20.2857
633.5 19
634.5 -249
635.5 -378.143
636.5 -617.714
637.5 -875.572
638.5 -577.857
639.5 -272.857
640.5 177.286
641.5 409
642.5 713.429
643.5 770.286
644.5 573.571
645.5 574.857
646.5 614.571
647.5 399
648.5 105.143
649.5 211.571
650.5 -48.4287
651.5 229.857
652.5 -440.714
653.5 -474.571
654.5 -760.286
655.5 -618.429
656.5 -333.857
657.5 -80.4286
658.5 109.286
659.5 163.571
660.5 -63
661.5 47.2857
662.5 -146.857
663.5 95
664.5 534
665.5 720.286
666.5 191.571
667.5 -83.8572
668.5 -68
669.5 -68.4286
670.5 -100.143
671.5 77.5714
672.5 -50.4286
673.5 69.7142
674.5 -99.7143
675.5 -122.714
676.5 -45.7143
677.5 68
678.5 -35.7143
679.5 158.571
680.5 -89.7143
681.5 -48.5715
682.5 -150.143
683.5 44
684.5 160
685.5 166.143
686.5 105.857
687.5 -97.4286
688.5 4.28567
689.5 -95
690.5 -86.2858
691.5 69.8571
692.5 -8.1429
693.5 50.5714
694.5 -52.5715
695.5 84.5714
696.5 -2.57147
697.5 -178.429
698.5 -88.4286
699.5 -62.2858
700.5 -119.143
701.5 -6.00004
702.5 9.57139
703.5 -75.2858
704.5 -50.7143
705.5 -106.286
706.5 105.286
707.5 21.4285
708.5 -143.429
709.5 -153.714
710.5 70
711.5 73.5714
712.5 -28.8572
713.5 13.2857
714.5 -37.7143
715.5 -38.2858
716.5 35.7142
717.5 53.1428
718.5 102
719.5 112.714
720.5 -74.4286
721.5 2.8571
722.5 91
723.5 -97.8572
724.5 118.857
725.5 116
726.5 541.286
727.5 209.286
728.5 8.57139
729.5 13.1428
730.5 -8.00004
731.5 -139.714
732.5 74
733.5 -21
734.5 38.2857
735.5 149.571
736.5 14.7142
737.5 91.5714
738.5 -18.1429
739.5 -165.429
740.5 -66.2858
741.5 2.99996
742.5 100.143
743.5 -177.714
744.5 -141.571
745.5 -73
746.5 -127
747.5 166
748.5 -48.2858
749.5 79.2857
750.5 -56
751.5 -39
752.5 81.1428
753.5 101
754.5 19.8571
755.5 -21
756.5 46.1428
757.5 -74.7143
758.5 68.1428
759.5 87.1428
760.5 -294.429
761.5 -172.572
762.5 -194.857
763.5 -203.429
764.5 -87.1429
765.5 -15.5715
766.5 -40.8572
767.5 -57.2858
768.5 -47.2858
769.5 -182.286
770.5 -82.4286
771.5 8.42853
772.5 -46.8572
773.5 -145
774.5 -18.8572
775.5 1.99996
776.5 118
777.5 -60.7143
778.5 71.2857
779.5 -96.4286
780.5 -93.7143
781.5 -147.714
782.5 -175.429
783.5 -299.571
784.5 -219.571
785.5 -340.286
786.5 -13.7143
787.5 314.429
788.5 446.286
789.5 267.857
790.5 522.571
791.5 307.143
792.5 127.857
793.5 179.714
794.5 -46.8572
795.5 -3.00004
796.5 -231.286
797.5 -196
798.5 -421.429
799.5 -172.714
800.5 -443.857
801.5 -173.714
802.5 103.714
803.5 -2.42861
804.5 59.8571
805.5 -190.429
806.5 -86.1429
807.5 -106
808.5 -52.4286
809.5 -99.8572
810.5 -83.5715
811.5 -115.571
812.5 -90.5715
813.5 38.7142
814.5 -258.714
815.5 -13
816.5 -1.42861
817.5 149
818.5 115.714
819.5 71.4285
820.5 40.7142
821.5 53.1428
822.5 7.14281
823.5 -14.7143
824.5 -214.714
825.5 -90.5715
826.5 91.4285
827.5 -137.286
828.5 -84.1429
829.5 30.8571
830.5 -141.286
831.5 22.5714
832.5 -82.1429
833.5 97.5714
834.5 -40.4286
835.5 7.71425
836.5 82.4285
837.5 146.571
838.5 46
839.5 -35.8572
840.5 -16.2858
841.5 40
842.5 25
843.5 30
844.5 33.1428
845.5 92.2857
846.5 105.286
847.5 7.28567
848.5 8.99996
849.5 30.4285
850.5 -44.8572
851.5 -101.286
852.5 65
853.5 140.286
854.5 2.57139
855.5 6.71425
856.5 355.286
857.5 -100.714
858.5 72.8571
859.5 -23.2858
860.5 -14.1429
861.5 -26.7143
862.5 19.5714
863.5 -11.4286
864.5 -25
865.5 -7.85719
866.5 -23
867.5 -48.8572
868.5 -95.8572
869.5 -323
870.5 -326.857
871.5 -26.5715
872.5 66.1428
873.5 -18.2858
874.5 -48.7143
875.5 -196.571
876.5 -100
877.5 -114.572
878.5 -155.429
879.5 -113.857
880.5 60.7142
881.5 -129
882.5 20.5714
883.5 106
884.5 15.5714
885.5 -12.5715
886.5 -104.286
887.5 3.99996
888.5 -50.7143
889.5 -303.857
890.5 -371.571
891.5 -326
892.5 -182.714
893.5 -206.429
894.5 12.7142
895.5 212.714
896.5 331
897.5 420.571
898.5 385.286
899.5 355.714
900.5 329
901.5 -82.2858
902.5 -56.1429
903.5 -78.4286
904.5 -138
905.5 -206.429
906.5 -219.143
907.5 -68.1429
908.5 -124.143
909.5 -21
910.5 210.857
911.5 24.7142
912.5 109.143
913.5 19.7142
914.5 9.42853
915.5 -64.4286
916.5 -24.2858
917.5 9.57138
918.5 -91.5715
919.5 73.1428
920.5 69.8571
921.5 -106.429
922.5 -49.2858
923.5 -100.429
924.5 -16.1429
925.5 -60.8572
926.5 19.2857
927.5 0.285672
928.5 98.4285
929.5 90
930.5 -8.42861
931.5 166.857
932.5 70.8571
933.5 165.143
934.5 -8.71433
935.5 49.1428
936.5 -71.4286
937.5 86.7142
938.5 74.7142
939.5 54.5714
940.5 158.429
941.5 -66
942.5 -105.143
943.5 65.7142
944.5 -128.714
945.5 -5.57147
946.5 -7.85718
947.5 -108.286
948.5 97.7142
949.5 -129.143
950.5 174.857
951.5 98.4285
952.5 -13.2858
953.5 167.429
954.5 -16.2858
955.5 100.143
956.5 -68.8572
957.5 -13.5715
958.5 57.8571
959.5 -101.714
960.5 -5.42861
961.5 -145
962.5 -22.7143
963.5 -123
964.5 -104
965.5 -86.4286
966.5 -243.571
967.5 46.7142
968.5 133.714
969.5 140
970.5 63.8571
971.5 -114.429
972.5 -52.8572
973.5 -84.5715
974.5 55.7143
975.5 146.714
976.5 211.857
977.5 266.143
978.5 159.286
979.5 14.4285
980.5 20.4285
981.5 -78.7143
982.5 28.2857
983.5 -366
984.5 -159.571
985.5 -159.286
986.5 -102.857
987.5 -7.4286
988.5 -46
989.5 -119.571
990.5 35
991.5 3.14283
992.5 36.8571
993.5 85.8571
994.5 -34.7143
995.5 28
996.5 -193
997.5 102.429
998.5 -198.429
999.5 -186.714
1000.5 223.714
1001.5 20.4284
1002.5 -152
1003.5 -188.143
1004.5 49.2857
1005.5 139
1006.5 1.85711
1007.5 -18.4286
1008.5 123
1009.5 -3.85717
1010.5 67.7143
1011.5 35.7143
1012.5 27.2857
1013.5 -21.1429
1014.5 28.4285
1015.5 22.8571
1016.5 -70.4286
1017.5 -80
1018.5 -12
1019.5 -73.8572
1020.5 -6.4286
1021.5 -2.71432
1022.5 62.2857
1023.5 -222.429
1024.5 -66.2858
1025.5 59.5714
1026.5 83.2857
1027.5 116.714
1028.5 -42
1029.5 12.5714
1030.5 -17.7143
1031.5 -0.857168
1032.5 -63.1429
1033.5 39.5714
1034.5 71
1035.5 -5.28574
1036.5 -98.8572
1037.5 -8.28574
1038.5 13.5714
1039.5 14.8571
1040.5 -30.5715
1041.5 12.5714
1042.5 -37.2857
1043.5 92.8571
1044.5 -66.8572
1045.5 89.8571
1046.5 72.2857
1047.5 -139.571
1048.5 -16.5715
1049.5 -23
1050.5 -153.714
1051.5 -264.143
1052.5 -98
1053.5 -35.4286
1054.5 -26.1429
1055.5 -45.1429
1056.5 -82.4286
1057.5 12.2857
1058.5 52.4285
1059.5 66.1428
1060.5 113.714
1061.5 -12.7143
1062.5 -86.7143
1063.5 -26
1064.5 -32.1429
1065.5 -91.5715
1066.5 14.5714
1067.5 26.2857
1068.5 28.1428
1069.5 38.1428
1070.5 36
1071.5 -140.286
1072.5 -403.572
1073.5 62.8569
1074.5 -32.5717
1075.5 84.857
1076.5 -155.714
1077.5 -8.00003
1078.5 -74.1429
1079.5 -19
1080.5 100.571
1081.5 150.571
1082.5 54.5714
1083.5 -42.1429
1084.5 -80.2857
1085.5 -102.286
1086.5 -24.1429
1087.5 -46.7143
1088.5 24.1428
1089.5 -47.8572
1090.5 -6.57145
1091.5 -26.5715
1092.5 -59.1429
1093.5 -41
1094.5 1.28569
1095.5 7.14283
1096.5 -156.571
1097.5 -84.2857
1098.5 -2.71431
1099.5 11.5714
1100.5 -31.5715
1101.5 -86.1429
1102.5 17.4286
1103.5 -69.5714
1104.5 12.5714
1105.5 64.8571
1106.5 5.85712
1107.5 -90
1108.5 -59.1429
1109.5 -22.4286
1110.5 28.7143
1111.5 156.286
1112.5 -20.5714
1113.5 55
1114.5 -92.8572
1115.5 29
1116.5 18.1428
1117.5 -80.4286
1118.5 -39.4286
1119.5 22.8571
1120.5 -32.4286
1121.5 58.1428
1122.5 -37.8572
1123.5 62.2856
1124.5 227
1125.5 -1227.43
1126.5 -139.43
1127.5 443.428
1128.5 387.857
1129.5 -56.1429
1130.5 105.571
1131.5 -35
1132.5 -50.4286
1133.5 -8.42859
1134.5 -16.8572
1135.5 -86
1136.5 -11.8572
1137.5 107
1138.5 18.5714
1139.5 -21.8572
1140.5 66.5714
1141.5 8.71427
1142.5 93.2857
1143.5 7.85712
1144.5 -50.8572
1145.5 -93.4286
1146.5 -40.2857
1147.5 -19.1429
1148.5 -0.142876
1149.5 -107
1150.5 60.5714
1151.5 37.5714
1152.5 2.85712
1153.5 -152.714
1154.5 -15.0002
1155.5 837.142
1156.5 1084.14
1157.5 1152.71
1158.5 393.142
1159.5 146.714
1160.5 42.4285
1161.5 249.857
1162.5 228.429
1163.5 142.714
1164.5 -35.2857
1165.5 -86.2857
1166.5 -58.4286
1167.5 -26.8572
1168.5 -80.4286
1169.5 -110.714
1170.5 -173.286
1171.5 -98
1172.5 -128.429
1173.5 -70.4286
1174.5 -182.714
1175.5 57.8571
1176.5 -27.2857
1177.5 -88.2857
1178.5 -32.7143
1179.5 35.4286
1180.5 -82.2857
1181.5 -172.286
1182.5 -293.714
1183.5 -318.143
1184.5 -2.57145
1185.5 -176
1186.5 -63
1187.5 -10
1188.5 -15.1429
1189.5 1.42856
1190.5 90.4286
1191.5 -25.4286
1192.5 -82.1429
1193.5 19.2857
1194.5 20
1195.5 9.57141
1196.5 -57.1429
1197.5 -59.5714
1198.5 -6.85716
1199.5 3.14284
1200.5 -43.1429
1201.5 19.8571
1202.5 -22.8572
1203.5 -142.714
1204.5 -22
1205.5 47.4286
1206.5 -99.8572
1207.5 -17.2857
1208.5 -20.5714
1209.5 69.8571
1210.5 30.7143
1211.5 123.714
1212.5 -77.2857
1213.5 23
1214.5 -17.5714
1215.5 43.4286
1216.5 32.1428
1217.5 -56.7143
1218.5 -11.5714
1219.5 -99.2857
1220.5 -76.1429
1221.5 -36.4286
1222.5 -92.5714
1223.5 -11.8572
1224.5 -239.714
1225.5 -523.429
1226.5 -555.143
1227.5 -820.857
1228.5 -621.714
1229.5 -295
1230.5 377.429
1231.5 706.143
1232.5 864.714
1233.5 1122.71
1234.5 1036.43
1235.5 804.714
1236.5 594.714
1237.5 335
1238.5 147.429
1239.5 -71.2857
1240.5 -236.429
1241.5 -424.429
1242.5 -661.857
1243.5 -702.429
1244.5 -516.714
1245.5 -318.286
1246.5 -202.571
1247.5 -102
1248.5 -115
1249.5 -10.1429
1250.5 -23
1251.5 0.714272
1252.5 -23.2857
1253.5 23.5714
1254.5 33.7143
1255.5 -12.2857
1256.5 49
1257.5 51.7143
1258.5 -27.5714
1259.5 103.429
1260.5 179.857
1261.5 38.1428
1262.5 20.4286
1263.5 9.99998
1264.5 62.7143
1265.5 6.71427
1266.5 -4.85716
1267.5 103
1268.5 40.7143
1269.5 -25.2857
1270.5 -7.57144
1271.5 -6.28573
1272.5 43.8571
1273.5 -65.1429
1274.5 18.2857
1275.5 36.2857
1276.5 63.4286
1277.5 1.71427
1278.5 -15.7143
1279.5 36.1428
1280.5 54.2857
1281.5 -0.28573
1282.5 5.85713
1283.5 34.8571
1284.5 45.1428
1285.5 6.99999
1286.5 -96.5714
1287.5 -27.4286
1288.5 22.5714
1289.5 104
1290.5 5.14284
1291.5 14.7143
1292.5 86.2857
1293.5 -20.1429
1294.5 35.1428
1295.5 29.1428
1296.5 20
1297.5 -36.8572
1298.5 34
1299.5 -46.2857
1300.5 41.5714
1301.5 0.142844
1302.5 -67.5714
1303.5 -55.8572
1304.5 -110
1305.5 -81.1429
1306.5 -43.4286
1307.5 -122.714
1308.5 -486.857
1309.5 -654.143
1310.5 -300.714
1311.5 -93.4286
1312.5 -14.8572
1313.5 43.7143
1314.5 -37.7143
1315.5 10.5714
1316.5 -20.1429
1317.5 4.57142
1318.5 -33.7143
1319.5 -39.5714
1320.5 96.1428
1321.5 -35.7143
1322.5 21.2857
1323.5 115.571
1324.5 -46.1429
1325.5 -26.2857
1326.5 -74.1429
1327.5 62.1428
1328.5 -47.1429
1329.5 7.99999
1330.5 103.571
1331.5 210.429
1332.5 214.714
1333.5 95.8571
1334.5 24.1428
1335.5 -60.7143
1336.5 22.4286
1337.5 -61.2857
1338.5 45.7143
1339.5 -30.8572
1340.5 -34.4286
1341.5 -24
1342.5 47.8571
1343.5 7.99999
1344.5 -11.5714
1345.5 22.8571
1346.5 -6.85716
1347.5 -69.8572
1348.5 -1.42859
1349.5 -8.28573
1350.5 5.2857
1351.5 22.8571
1352.5 -26.5714
1353.5 76.1428
1354.5 7.57141
1355.5 95.5714
1356.5 -55.8572
1357.5 25.8571
1358.5 -75
1359.5 25.8571
1360.5 -39.2857
1361.5 35.7143
1362.5 25.4286
1363.5 -35.7143
1364.5 -81.8572
1365.5 -40.8572
1366.5 -24.4286
1367.5 51
1368.5 -2.00001
1369.5 -11.7143
1370.5 -45.4286
1371.5 -60.8572
1372.5 -110.143
1373.5 -0.7143
1374.5 -16.7143
1375.5 8.14284
1376.5 7.14284
1377.5 -92.8572
1378.5 -7.7143
1379.5 -74.8572
1380.5 -34.1429
1381.5 -78.1429
1382.5 -38.2857
1383.5 -32.7143
1384.5 13.8571
1385.5 6.2857
1386.5 -122.857
1387.5 -226.286
1388.5 -138
1389.5 -134.143
1390.5 51.7143
1391.5 39.4286
1392.5 35
1393.5 -94.4286
1394.5 -83.5714
1395.5 42.8571
1396.5 -109.429
1397.5 91
1398.5 -22
1399.5 -6.57144
1400.5 -24.5714
1401.5 -86.8572
1402.5 -16.7143
1403.5 -12.7143
1404.5 30.4286
1405.5 73.2857
1406.5 53.1428
1407.5 56.5714
1408.5 23.1428
1409.5 27.7143
1410.5 -25.4286
1411.5 -36
1412.5 70
1413.5 2.85713
1414.5 -0.857157
1415.5 -26.5714
1416.5 27.1428
1417.5 -10.7143
1418.5 74.7143
1419.5 5.14284
1420.5 14
1421.5 47
1422.5 -39.1429
1423.5 -7.42858
1424.5 115.143
1425.5 -44.1429
1426.5 13
1427.5 -167.286
1428.5 -83.7143
1429.5 -14.4286
1430.5 -29.5715
1431.5 -40.2857
1432.5 -45.8572
1433.5 33
1434.5 42.8571
1435.5 -6.42858
1436.5 57.8571
1437.5 -10.2857
1438.5 -54.4286
1439.5 -15.8572
1440.5 10.1428
1441.5 62.7143
1442.5 -53.5714
1443.5 -2.28573
1444.5 1.85713
1445.5 27.8571
1446.5 -5.00001
1447.5 10.5714
1448.5 47
1449.5 -23.4286
1450.5 23.8571
1451.5 32.1428
1452.5 100.571
1453.5 32.1428
1454.5 13.2857
1455.5 -85
1456.5 14.4286
1457.5 35.7143
1458.5 60.1428
1459.5 71.7143
1460.5 53.4286
1461.5 28.8571
1462.5 -7.42858
1463.5 37.8571
1464.5 -33.5714
1465.5 -60
1466.5 -43.2857
1467.5 -22.1429
1468.5 -34.7143
1469.5 21.4286
1470.5 -56.4286
1471.5 -54.1429
1472.5 -31.4286
1473.5 38.2857
1474.5 -29
1475.5 99.4286
1476.5 29.7143
1477.5 -3.00001
1478.5 -49.1429
1479.5 -13
1480.5 -36
1481.5 90
1482.5 70
1483.5 72.4286
1484.5 13
1485.5 -2.00001
1486.5 3.85713
1487.5 1.57142
1488.5 -62.4286
1489.5 -8.28573
1490.5 50.7143
1491.5 35.2857
1492.5 11.4286
1493.5 2.2857
1494.5 -77.1429
1495.5 47.5714
1496.5 2.2857
1497.5 36
1498.5 -46.7144
1499.5 21.7142
1500.5 56.2857
1501.5 6.5714
1502.5 -34.7143
1503.5 10.1428
1504.5 -1.19209e-05
1505.5 -16.1429
1506.5 17
1507.5 0.999986
1508.5 142
1509.5 -14.1429
1510.5 5.71427
1511.5 20.7143
1512.5 46.5714
1513.5 5.42856
1514.5 10.7143
1515.5 -20.4286
1516.5 39.8571
1517.5 69.8571
1518.5 49.7143
1519.5 -17.2857
1520.5 50.4286
1521.5 -95.1429
1522.5 -55.8572
1523.5 -29.7143
1524.5 55.8571
1525.5 7.57142
1526.5 22.1428
1527.5 -4.14287
1528.5 25
1529.5 79
1530.5 -9.28573
1531.5 59.4286
1532.5 -55.5714
1533.5 -2.14287
1534.5 7.2857
1535.5 -39.7143
1536.5 -36
1537.5 -32.7143
1538.5 -104
1539.5 7.85712
1540.5 -3.28574
1541.5 70
1542.5 7.2857
1543.5 41.8571
1544.5 -58.2857
1545.5 60.2857
1546.5 20.4286
1547.5 80.4286
1548.5 -21.8572
1549.5 -30.2857
1550.5 -23.8572
1551.5 -23.5714
1552.5 20.4286
1553.5 -14
1554.5 0.285703
1555.5 6.99999
1556.5 -17.7143
1557.5 -48.2857
1558.5 6.85713
1559.5 -22.4286
1560.5 89.2857
1561.5 -6.57144
1562.5 -7.42858
1563.5 -11
1564.5 -122.286
1565.5 10.8571
1566.5 12.2857
1567.5 -24
1568.5 50
1569.5 -78.2857
1570.5 -45.8572
1571.5 -48.1429
1572.5 95.7143
1573.5 30.2857
1574.5 -31.2857
1575.5 -55.4286
1576.5 57
1577.5 33.2857
1578.5 6.71427
1579.5 62.2857
1580.5 -30
1581.5 25
1582.5 23.1428
1583.5 10.7143
1584.5 17
1585.5 -12.8572
1586.5 -19.8572
1587.5 -104.571
1588.5 77
1589.5 -95.1429
1590.5 4.85713
1591.5 -64
1592.5 11.8571
1593.5 -32.5714
1594.5 -32.2857
1595.5 -29.2857
1596.5 -2.00001
1597.5 17.4286
1598.5 36.8571
1599.5 -48
1600.5 -32.7143
1601.5 -10.2857
1602.5 -82.8572
1603.5 -31.2857
1604.5 -119
1605.5 -0.428583
1606.5 50.7143
1607.5 40
1608.5 -5.28573
1609.5 -34.1429
1610.5 -31.8572
1611.5 -68.1429
1612.5 29.7143
1613.5 -47.1429
1614.5 8.99999
1615.5 15.8571
1616.5 -41.5714
1617.5 17.5714
1618.5 43.4286
1619.5 38.2857
1620.5 -30.8572
1621.5 -44.5714
1622.5 19.7143
1623.5 18.2857
1624.5 77.2857
1625.5 -28
1626.5 62
1627.5 -11.4286
1628.5 -12.8572
1629.5 -68.4286
1630.5 85.4286
1631.5 -3.42859
1632.5 17.5714
1633.5 -100.714
1634.5 5.99998
1635.5 -4.57144
1636.5 40.1428
1637.5 -30.8572
1638.5 -43.5714
1639.5 49.4285
1640.5 -97.8572
1641.5 -87.1429
1642.5 -34.8572
1643.5 20.5714
1644.5 32.4286
1645.5 -69.1429
1646.5 28.2857
1647.5 -69.8572
1648.5 -64
1649.5 59.1428
1650.5 -73.4286
1651.5 -10
1652.5 -57.8572
1653.5 -56
1654.5 11.1428
1655.5 12
1656.5 -23.8572
1657.5 88.4286
1658.5 5.99998
1659.5 40.4286
1660.5 44.7143
1661.5 -18.7143
1662.5 45.8571
1663.5 38.7143
1664.5 -61.1429
1665.5 56.1428
1666.5 -19.7143
1667.5 -36.5714
1668.5 16.1428
1669.5 29
1670.5 56.5714
1671.5 53.7143
1672.5 17.7143
1673.5 -1.85715
1674.5 48.5714
1675.5 -36.4286
1676.5 -30.1429
1677.5 -15.4286
1678.5 2.85713
1679.5 4.57142
1680.5 35.1428
1681.5 -13
1682.5 -34.7143
1683.5 -14.5714
1684.5 12.7143
1685.5 38.4286
1686.5 -16.2857
1687.5 44.7143
1688.5 -19
1689.5 38
1690.5 -9.7143
1691.5 34.8571
1692.5 -97.4286
1693.5 -60.8572
1694.5 15.8571
1695.5 -63.5714
1696.5 -80.8572
1697.5 -30.2857
1698.5 -45.7143
1699.5 -22.8572
1700.5 81.1428
1701.5 117.571
1702.5 78
1703.5 46.2857
1704.5 -5.00001
1705.5 -22.7143
1706.5 3.99999
1707.5 21.1428
1708.5 -47.8572
1709.5 21.5714
1710.5 3.85713
1711.5 -45.2857
1712.5 65
1713.5 89.1428
1714.5 61
1715.5 170.571
1716.5 21.8571
1717.5 91.5714
1718.5 -14
1719.5 -57.2857
1720.5 16
1721.5 -55.7143
1722.5 -5.7143
1723.5 4.42856
1724.5 -20.7143
1725.5 14.4286
1726.5 -14.2857
1727.5 -25
1728.5 135.429
1729.5 47.8571
1730.5 63.2857
1731.5 50
1732.5 -9.57144
1733.5 33.7143
1734.5 -81.1429
1735.5 23.8571
1736.5 17.4286
1737.5 -4.57144
1738.5 13.8571
1739.5 -56
1740.5 -17.4286
1741.5 47.2857
1742.5 -9.85716
1743.5 -71.5714
1744.5 56.8571
1745.5 6.2857
1746.5 13.5714
1747.5 23.4286
1748.5 -48.7143
1749.5 -12.4286
1750.5 -57
1751.5 -31.8572
1752.5 -18.8572
1753.5 -17
1754.5 32.4286
1755.5 38
1756.5 6.2857
1757.5 0.857133
1758.5 -10
1759.5 41.2857
1760.5 -31.8572
1761.5 -69.7143
1762.5 -39.4286
1763.5 -42
1764.5 -25.2857
1765.5 10.7143
1766.5 33.1428
1767.5 37.2857
1768.5 -50
1769.5 53.1428
1770.5 -53.8572
1771.5 -12.1429
1772.5 -86.8572
1773.5 -6.57145
1774.5 74.5714
1775.5 63.8571
1776.5 94.2857
1777.5 154
1778.5 67.8571
1779.5 100.714
1780.5 80.4286
1781.5 -34.7143
1782.5 -0.142869
1783.5 -130.571
1784.5 101.571
1785.5 -73.5714
1786.5 -92
1787.5 16.1428
1788.5 -24.4286
1789.5 -67.1429
1790.5 -54.1429
1791.5 27
1792.5 -20.8572
1793.5 -52.5714
1794.5 -61.5714
1795.5 33.7143
1796.5 -17.8572
1797.5 112.571
1798.5 0.285705
1799.5 -49
1800.5 -36.1429
1801.5 -24
1802.5 -42.8572
1803.5 -74.8572
1804.5 33.7143
1805.5 8.14285
1806.5 7.42856
1807.5 -25.1429
1808.5 -61.1429
1809.5 -28.7143
1810.5 4.99999
1811.5 9.57142
1812.5 -73
1813.5 41.4286
1814.5 -1.28572
1815.5 -6.28572
1816.5 -55.5714
1817.5 -116.429
1818.5 -43
1819.5 -39.7143
1820.5 -4.28573
1821.5 46.2857
1822.5 88.8571
1823.5 102.714
1824.5 4.14285
1825.5 -13
1826.5 -50.5714
1827.5 -29.4286
1828.5 -67.7143
1829.5 29.5714
1830.5 -19.7143
1831.5 62.4286
1832.5 30.7143
1833.5 -24
1834.5 -6.14287
1835.5 -8.57144
1836.5 62.4286
1837.5 28.7143
1838.5 -29.7143
1839.5 -21
1840.5 48.2857
1841.5 -52.7143
1842.5 -35.7143
1843.5 32.2857
1844.5 -44
1845.5 -15.4286
1846.5 -43.4286
1847.5 -101.143
1848.5 18.4286
1849.5 39.5714
1850.5 -57.4286
1851.5 37.2857
1852.5 27.5714
1853.5 -20.1429
1854.5 77
1855.5 37.1428
1856.5 109.571
1857.5 33.1428
1858.5 14.5714
1859.5 91.2857
1860.5 35.4286
1861.5 -65.7143
1862.5 71.4286
1863.5 -101
1864.5 -11.5714
1865.5 -56.2857
1866.5 -8.85715
1867.5 2.99999
1868.5 44.4286
1869.5 36.2857
1870.5 12.4285
1871.5 -26
1872.5 67.4285
1873.5 -70.8572
1874.5 -90.7143
1875.5 38.8571
1876.5 11
1877.5 26.8571
1878.5 -78.1429
1879.5 -40
1880.5 43.8571
1881.5 22.4286
1882.5 -40.2857
1883.5 -36.5714
1884.5 -7.85716
1885.5 -85.2858
1886.5 -5.28578
1887.5 -105.143
1888.5 -54.5715
1889.5 23.1428
1890.5 -58.4286
1891.5 45.5714
1892.5 33.8571
1893.5 -7.14287
1894.5 -5.85715
1895.5 11.7143
1896.5 -45.5714
1897.5 75
1898.5 -0.571438
1899.5 22.1428
1900.5 124
1901.5 -34.2857
1902.5 48.2857
1903.5 -20.7143
1904.5 73.1428
1905.5 58.8571
1906.5 -0.142867
1907.5 42
1908.5 -26.8572
1909.5 48.4286
1910.5 -28.1429
1911.5 5.42856
1912.5 43.2857
1913.5 -35.7143
1914.5 -57.5714
1915.5 -34.5714
1916.5 -22.2857
1917.5 -80.8572
1918.5 -50.1429
1919.5 32.5714
1920.5 -117
1921.5 -113.429
1922.5 40.5714
1923.5 -23.7143
1924.5 29
1925.5 -46.4286
1926.5 -67.4286
1927.5 31.5714
1928.5 -41.2857
1929.5 76.5714
1930.5 12.5714
1931.5 -46.5714
1932.5 -61
1933.5 30.8571
1934.5 -16.5714
1935.5 30.7143
1936.5 -90.4286
1937.5 82
1938.5 50.5714
1939.5 -1.14287
1940.5 -17.2857
1941.5 157.714
1942.5 186.286
1943.5 128.143
1944.5 69
1945.5 -10.5714
1946.5 34.4286
1947.5 -52.2857
1948.5 -61
1949.5 -24.4286
1950.5 -98.8572
1951.5 36.2857
1952.5 -125.857
1953.5 123.571
1954.5 -9.28572
1955.5 -18.7143
1956.5 119.714
1957.5 103.714
1958.5 95
1959.5 181
1960.5 20.7143
1961.5 19.2857
1962.5 -32.7143
1963.5 1.2857
1964.5 20.7143
1965.5 -136.857
1966.5 -25.1429
1967.5 -110.571
1968.5 78
1969.5 49.2857
1970.5 -42.1429
1971.5 18.8571
1972.5 9.14285
1973.5 50.5714
1974.5 0.571419
1975.5 -39
1976.5 -29.1429
1977.5 -37.8572
1978.5 -30
1979.5 -47.7143
1980.5 -51
1981.5 7.57142
1982.5 -36.2857
1983.5 53.7143
1984.5 -5.28573
1985.5 -4.28573
1986.5 -2.28572
1987.5 11.1428
1988.5 -23.8572
1989.5 2.28571
1990.5 32
1991.5 -18.8572
1992.5 46
1993.5 149.714
1994.5 158
1995.5 33
1996.5 87.2857
1997.5 55.1428
1998.5 -81.7143
1999.5 -49
2000.5 15.1428
2001.5 68.4286
2002.5 30.4286
2003.5 20.4286
2004.5 68.5714
2005.5 -41.8572
2006.5 -11.8572
2007.5 41.8571
2008.5 -4.00001
2009.5 121
2010.5 87
2011.5 46.5714
2012.5 1.71428
2013.5 -10.5714
2014.5 -12.1429
2015.5 48.1428
2016.5 9.57142
2017.5 6.85713
2018.5 -31.5714
2019.5 -62.7143
2020.5 -85.8572
2021.5 34.5714
2022.5 -16.5714
2023.5 96.8571
2024.5 22.7143
2025.5 -63
2026.5 -4.57144
2027.5 40.4286
2028.5 17.8571
2029.5 23.1428
2030.5 -12.8572
2031.5 -101.143
2032.5 -4.85715
2033.5 -77.1429
2034.5 15.7143
2035.5 -23.5714
2036.5 -40.2857
2037.5 8.14285
2038.5 -28.4286
2039.5 -154.429
2040.5 -33.1429
2041.5 -1.42858
2042.5 -23
2043.5 -54.5714
2044.5 -32.7143
2045.5 27.1428
2046.5 58.8571
2047.5 72
2048.5 39.5714
2049.5 58.5714
2050.5 9.2857
2051.5 -49
2052.5 111.571
2053.5 -60.4286
2054.5 -117.143
2055.5 -10.1429
2056.5 -90.1429
2057.5 -70.4286
2058.5 6.99999
2059.5 -42.1429
2060.5 -8.28572
2061.5 -43.5714
2062.5 -15.8572
2063.5 21
2064.5 -91.7143
2065.5 -19.2857
2066.5 18.7143
2067.5 -123.857
2068.5 -32.1429
2069.5 -52.2857
2070.5 58.1428
2071.5 52.2857
2072.5 14.7143
2073.5 23.2857
2074.5 74.1428
2075.5 33.4286
2076.5 -103.429
2077.5 2.42856
2078.5 29
2079.5 26.2857
2080.5 -82.1429
2081.5 -41.5714
2082.5 -24.8572
2083.5 -7.00001
2084.5 -36.4286
2085.5 -79.8572
2086.5 25.4286
2087.5 70.1428
2088.5 21.1428
2089.5 -50
2090.5 19.2857
2091.5 -49.2857
2092.5 -35.2857
2093.5 -48.4286
2094.5 21.5714
2095.5 -37.5714
2096.5 5.14285
2097.5 8.85713
2098.5 43.2857
2099.5 -22
2100.5 8.85713
2101.5 -101
2102.5 8.99999
2103.5 6.42856
2104.5 42.4286
2105.5 9.14285
2106.5 28.7143
2107.5 -20.8572
2108.5 5.71428
2109.5 -101.714
2110.5 -24.2857
2111.5 61.5714
2112.5 -19.8572
2113.5 33
2114.5 43.2857
2115.5 14
2116.5 -11.1429
2117.5 1.57142
2118.5 28.8571
2119.5 6.57142
2120.5 55.4286
2121.5 -41.8572
2122.5 6.57142
2123.5 -0.714294
2124.5 -27
2125.5 -75.1429
2126.5 -50.1429
2127.5 -0.571436
2128.5 6.28571
2129.5 19.4286
2130.5 -1.28572
2131.5 -2.71429
2132.5 -26.2857
2133.5 3.14285
2134.5 -67.1429
2135.5 8.99999
2136.5 -115.571
2137.5 22.2857
2138.5 29.4286
2139.5 -15.2857
2140.5 7.14285
2141.5 26.1428
2142.5 -31.7143
2143.5 -36
2144.5 -92.8572
2145.5 17.8571
2146.5 -54.1429
2147.5 18
2148.5 -45
2149.5 -26.5715
2150.5 -183.286
2151.5 30.1428
2152.5 147.429
2153.5 36
2154.5 10.5714
2155.5 -7.14287
2156.5 -15.5714
2157.5 68.2857
2158.5 51.1428
2159.5 11
2160.5 -18.2857
2161.5 -52
2162.5 -66.5714
2163.5 -22
2164.5 -38.7143
2165.5 -10.8572
2166.5 55.8571
2167.5 -81.5714
2168.5 11
2169.5 -75.4286
2170.5 -39.5714
2171.5 0.714278
2172.5 -35.8572
2173.5 -8.42858
2174.5 33
2175.5 -0.714294
2176.5 -43.8572
2177.5 -7.57144
2178.5 30.1428
2179.5 -1.85715
2180.5 5.99999
2181.5 -53
2182.5 44.8571
2183.5 -33.7143
2184.5 -21.8572
2185.5 2.71427
2186.5 -45
2187.5 -18.2857
2188.5 -0.42858
2189.5 -44.1429
2190.5 11.5714
2191.5 43.2857
2192.5 -7.28573
2193.5 18.4286
2194.5 29.7143
2195.5 22.4286
2196.5 -16.5714
2197.5 1.99999
2198.5 -6.42859
2199.5 -60
2200.5 -104.571
2201.5 66.2857
2202.5 2.42856
2203.5 -15.4286
2204.5 -13.2857
2205.5 -21.2857
2206.5 -35.4286
2207.5 15.7143
2208.5 -5.57144
2209.5 83.5714
2210.5 15
2211.5 34.4286
2212.5 54.7143
2213.5 26.1428
2214.5 29
2215.5 6.42856
2216.5 19.7143
2217.5 18.7143
2218.5 63.5714
2219.5 14.1428
2220.5 -3.85715
2221.5 51.5714
2222.5 -125.429
2223.5 -24.5714
2224.5 -107.571
2225.5 45.8571
2226.5 -37.2857
2227.5 18.7143
2228.5 -28.8572
2229.5 102.143
2230.5 -68.8572
2231.5 -4.00001
2232.5 20.7143
2233.5 0.999992
2234.5 21.1428
2235.5 -33.4286
2236.5 -57.8572
2237.5 7.71428
2238.5 22.5714
2239.5 5.71428
2240.5 3.57142
2241.5 -1.71429
2242.5 -34.4286
2243.5 26
2244.5 65.1428
2245.5 -12.2857
2246.5 74.2857
2247.5 18.8571
2248.5 38.7143
2249.5 62.8571
2250.5 17.7143
2251.5 59.7143
2252.5 -25.8572
2253.5 97.4286
2254.5 -112.429
2255.5 39.7143
2256.5 44.5714
2257.5 -22.4286
2258.5 -7.14287
2259.5 -23.2857
2260.5 -22.2857
2261.5 7.42856
2262.5 31
2263.5 -30.4286
2264.5 -2.42858
2265.5 17.7143
2266.5 -53.8572
2267.5 -24.5714
2268.5 -18
2269.5 -10
2270.5 -64.2857
2271.5 13.4286
2272.5 -28.5714
2273.5 -50.4286
2274.5 14.1428
2275.5 42.7143
2276.5 -13.7143
2277.5 -8.00001
2278.5 -22.1429
2279.5 -72.2857
2280.5 29.5714
2281.5 13.8571
2282.5 -39.1429
2283.5 -69.4286
2284.5 -41.5714
2285.5 -26.1429
2286.5 9.71428
2287.5 -16.1429
2288.5 -36.5714
2289.5 32.5714
2290.5 6.85713
2291.5 -27.5714
2292.5 -13.1429
2293.5 107
2294.5 -31.2857
2295.5 6.42856
2296.5 -32.1429
2297.5 -99
2298.5 -43.7143
2299.5 68.1428
2300.5 59
2301.5 -85.1429
2302.5 -10
2303.5 80.1428
2304.5 20
2305.5 -36.5714
2306.5 -0.85715
2307.5 -7.71429
2308.5 44.4286
2309.5 -44.2857
2310.5 16.4286
2311.5 9.14285
2312.5 40.4286
2313.5 14.8571
2314.5 5.14285
2315.5 37.7143
2316.5 87.8571
2317.5 -27.5714
2318.5 -5.28572
2319.5 3.28571
2320.5 -59.2857
2321.5 -24.7143
2322.5 14
2323.5 -4.14286
2324.5 -65.5714
2325.5 -30.5714
2326.5 14
2327.5 -59.4286
2328.5 -6.00001
2329.5 -35.2857
2330.5 5.14285
2331.5 12.7143
2332.5 40.7143
2333.5 15.4286
2334.5 31.4286
2335.5 41.8571
2336.5 16.2857
2337.5 42.7143
2338.5 -24.7143
2339.5 22
2340.5 -31.8572
2341.5 18
2342.5 4.2857
2343.5 -72.5714
2344.5 35.8571
2345.5 24.1428
2346.5 -28.8572
2347.5 -27
2348.5 10.2857
2349.5 -5.85715
2350.5 29.8571
2351.5 54
2352.5 13
2353.5 -51
2354.5 -62.2857
2355.5 -42
2356.5 12.5714
2357.5 6.42856
2358.5 -42
2359.5 -28.8572
2360.5 58.2857
2361.5 -19.5714
2362.5 -61.7143
2363.5 -45.5714
2364.5 -3.28572
2365.5 14.5714
2366.5 -66.4286
2367.5 12.4286
2368.5 23.7143
2369.5 -7.85715
2370.5 58.8571
2371.5 -42.1429
2372.5 -45.8572
2373.5 -49.4286
2374.5 -37
2375.5 -58
2376.5 -28.5714
2377.5 1.99999
2378.5 54
2379.5 -12.2857
2380.5 6.14285
2381.5 -1.71429
2382.5 -47.4286
2383.5 -57.1429
2384.5 -11
2385.5 -72.4286
2386.5 -23.5714
2387.5 -22.8572
2388.5 33
2389.5 -44
2390.5 -61
2391.5 34.7143
2392.5 -0.285721
2393.5 -55
2394.5 -17.2857
2395.5 -92.2857
2396.5 -28.1429
2397.5 -9.71429
2398.5 -23.4286
2399.5 52.2857
2400.5 4.14285
2401.5 -1.14286
2402.5 47
2403.5 57.2857
2404.5 39
2405.5 -45.2857
2406.5 -25.5714
2407.5 2.99999
2408.5 -81.7143
2409.5 27.7143
2410.5 23.7143
2411.5 -83.5714
2412.5 -7.00001
2413.5 -55.7143
2414.5 0.285706
2415.5 49.4286
2416.5 -51.4286
2417.5 -24
2418.5 -7.00001
2419.5 21
2420.5 -16
2421.5 53.7143
2422.5 -18.8571
2423.5 15.1429
2424.5 -22.7143
2425.5 9.14285
2426.5 25.8571
2427.5 -36
2428.5 3.14285
2429.5 -125.571
2430.5 -45
2431.5 -59
2432.5 8.71428
2433.5 14.7143
2434.5 42.8571
2435.5 -19.5714
2436.5 39.2857
2437.5 -9.85715
2438.5 -7.00001
2439.5 71.8571
2440.5 35.5714
2441.5 59.2857
2442.5 -28.2857
2443.5 -7.00001
2444.5 -69.4286
2445.5 -22.1429
2446.5 -37.1429
2447.5 -52.2857
2448.5 -36.1429
2449.5 -73.7143
2450.5 -14.4286
2451.5 -26.1429
2452.5 -25.1429
2453.5 2.85714
2454.5 -16.5714
2455.5 -1.00001
2456.5 -4.85715
2457.5 62.2857
2458.5 -59.4286
2459.5 37.5714
2460.5 25.2857
2461.5 -30.7143
2462.5 38.2857
2463.5 -1.71429
2464.5 -12.7143
2465.5 42.4286
2466.5 -1.85715
2467.5 -19.4286
2468.5 -41.2857
2469.5 -23.8572
2470.5 -34
2471.5 30.4286
2472.5 -81
2473.5 -110.857
2474.5 50.2857
2475.5 92.8571
2476.5 -8.71429
2477.5 -37.8572
2478.5 12.2857
2479.5 57.7143
2480.5 0.14285
2481.5 60.4286
2482.5 10.1429
2483.5 17.2857
2484.5 14.5714
2485.5 28.2857
2486.5 -34.2857
2487.5 -88.1429
2488.5 -33.1429
2489.5 -25.2857
2490.5 -83.7143
2491.5 -1.71429
2492.5 -25.5714
2493.5 -43.1429
2494.5 82.7143
2495.5 13.5714
2496.5 55.4286
2497.5 21.7143
2498.5 30.8571
2499.5 -3.42858
2500.5 50.4286
2501.5 -38.8572
2502.5 65.4286
2503.5 5.71428
2504.5 157.571
2505.5 14.8571
2506.5 -17.8572
2507.5 -32.1429
2508.5 -34.1429
2509.5 -32.1429
2510.5 -44.2857
2511.5 30.2857
2512.5 -66.1429
2513.5 -60.2857
2514.5 0.428564
2515.5 -64.1429
2516.5 63.1428
2517.5 -108
2518.5 168
2519.5 174.143
2520.5 -41.5714
2521.5 -33.7143
2522.5 -23
2523.5 -74.1429
2524.5 -30.2857
2525.5 47.1428
2526.5 12.5714
2527.5 19.2857
2528.5 -58.1429
2529.5 -49.4286
2530.5 -54.1429
2531.5 57
2532.5 11.1429
2533.5 -15.2857
2534.5 -20.5714
2535.5 -1.28572
2536.5 -21.4286
2537.5 -22.2857
2538.5 -28.8572
2539.5 42.5714
2540.5 -19.7143
2541.5 -7.57144
2542.5 -25.1429
2543.5 -28.2857
2544.5 54.4286
2545.5 -16
2546.5 -60
2547.5 34.1428
2548.5 -13.4286
2549.5 -1.7143
2550.5 82.7143
2551.5 -37
2552.5 -36.7143
2553.5 -9.85715
2554.5 -52
2555.5 -40.4286
2556.5 13.4286
2557.5 -28.7143
2558.5 -31.7143
2559.5 21.1429
2560.5 -14
2561.5 8.85714
2562.5 15
2563.5 -21.8572
2564.5 -39.4286
2565.5 -24.8571
2566.5 38.7143
2567.5 -41.4286
2568.5 -12.4286
2569.5 -43.8571
2570.5 -23.1429
2571.5 17.5714
2572.5 -17.5714
2573.5 -43.2857
2574.5 -39
2575.5 19.7143
2576.5 -9.14287
2577.5 -31
2578.5 17.4286
2579.5 -56.5714
2580.5 92.7143
2581.5 44.7143
2582.5 30.7143
2583.5 70
2584.5 21
2585.5 -80.4286
2586.5 15
2587.5 92.4286
2588.5 -67.7143
2589.5 -45
2590.5 3.57142
2591.5 54.1429
2592.5 -27.8571
2593.5 2.57142
2594.5 -57.8571
2595.5 68.5714
2596.5 -5.14286
2597.5 -31
2598.5 9.71428
2599.5 -14
2600.5 19.8571
2601.5 57.2857
2602.5 7.42856
2603.5 -44.8572
2604.5 19
2605.5 26.7143
2606.5 -16.8572
2607.5 -26.7143
2608.5 -51.8572
2609.5 -6.71429
2610.5 41.8571
2611.5 50.5714
2612.5 42.5714
2613.5 -19.5714
2614.5 -3.28572
2615.5 -22.2857
2616.5 9.71428
2617.5 39.4286
2618.5 38.2857
2619.5 13.7143
2620.5 126.857
2621.5 -10.8572
2622.5 -33.1429
2623.5 51.4286
2624.5 -33.7143
2625.5 27.4286
2626.5 37.8571
2627.5 -29.1429
2628.5 -3.28572
2629.5 -39
2630.5 39.1429
2631.5 23.8571
2632.5 42.5714
2633.5 60.5714
2634.5 25.5714
2635.5 46.1428
2636.5 40.2857
2637.5 -9.85715
2638.5 -26.5714
2639.5 17
2640.5 -2.14286
2641.5 -31
2642.5 -15.4286
2643.5 1.99999
2644.5 23.2857
2645.5 48.7143
2646.5 -22.4286
2647.5 -85.5714
2648.5 25.1429
2649.5 -14.8572
2650.5 -48.8572
2651.5 -45.4286
2652.5 -33.7143
2653.5 -14.7143
2654.5 24.5714
2655.5 -25.2857
2656.5 -17.4286
2657.5 19.5714
2658.5 46.2857
2659.5 -17.1429
2660.5 -42.4286
2661.5 -50
2662.5 -33.8572
2663.5 24.4286
2664.5 49.1428
2665.5 -45.7143
2666.5 -22
2667.5 -25
2668.5 -76.8572
2669.5 47.2857
2670.5 -15.4286
2671.5 -66.8572
2672.5 -72.2857
2673.5 19.8571
2674.5 -16.4286
2675.5 -20.1429
2676.5 -24.4286
2677.5 -0.85715
2678.5 -28
2679.5 83.2857
2680.5 44.4286
2681.5 30.2857
2682.5 6.42856
2683.5 26.7143
2684.5 -9.42858
2685.5 -27.7143
2686.5 -33.2857
2687.5 -64.4286
2688.5 -78.4286
2689.5 -39.2857
2690.5 44.2857
2691.5 1.71428
2692.5 -37.4286
2693.5 20.1429
2694.5 34.7143
2695.5 11.5714
2696.5 15.4286
2697.5 -108.286
2698.5 -17.8571
2699.5 -4.71429
2700.5 -57.5714
2701.5 14.8571
2702.5 9.71428
2703.5 15.7143
2704.5 -55.8571
2705.5 64.8571
2706.5 -33.5714
2707.5 -34.2857
2708.5 5.42856
2709.5 20
2710.5 22.7143
2711.5 22.1428
2712.5 -33.7143
2713.5 -26.8571
2714.5 -13.2857
2715.5 -21.1429
2716.5 3.42856
2717.5 32.2857
2718.5 -14.5714
2719.5 13.7143
2720.5 -4.42859
2721.5 -5.57145
2722.5 36.4285
2723.5 1.5714
2724.5 35.8571
2725.5 -39.4286
2726.5 -104.429
2727.5 4.85714
2728.5 -8.42858
2729.5 -19.8572
2730.5 46.1428
2731.5 -53.7143
2732.5 -73.8572
2733.5 -15
2734.5 11.7143
2735.5 41.5714
2736.5 -11
2737.5 71.2857
2738.5 -14.2857
2739.5 -26.7143
2740.5 -5.14286
2741.5 -58
2742.5 27.2857
2743.5 -56
2744.5 47.1428
2745.5 56.2857
2746.5 -8.85715
2747.5 7.71428
2748.5 10.5714
2749.5 -10.2857
2750.5 -6.71429
2751.5 -14
2752.5 40
2753.5 7.57142
2754.5 -10
2755.5 0.999992
2756.5 44.7143
2757.5 40.7143
2758.5 -1.14286
2759.5 -46.8572
2760.5 -12
2761.5 5.14285
2762.5 34.5714
2763.5 -3.71429
2764.5 -10.7143
2765.5 -36.2857
2766.5 -4.85715
2767.5 14.4286
2768.5 -71.7143
2769.5 8.14285
2770.5 -4.57143
2771.5 20.2857
2772.5 -31.2857
2773.5 35.4286
2774.5 -5.00001
2775.5 -46.8571
2776.5 29.2857
2777.5 27.8571
2778.5 -20.1429
2779.5 52.5714
2780.5 -37.8571
2781.5 -49
2782.5 -25.7143
2783.5 43.5714
2784.5 55
2785.5 38
2786.5 -22
2787.5 3.28571
2788.5 -29.4286
2789.5 -30
2790.5 12.1429
2791.5 -43.8571
2792.5 -45
2793.5 0.428566
2794.5 62.8571
2795.5 -13
2796.5 30.7143
2797.5 -23.1429
2798.5 25.7143
2799.5 39.1429
2800.5 2.57142
2801.5 -79.7143
2802.5 -14.8572
2803.5 -32.7143
2804.5 -15.1429
2805.5 27.8571
2806.5 -0.857149
2807.5 -29
2808.5 15.8571
2809.5 9.42856
2810.5 -26
2811.5 9.99999
2812.5 -108.286
2813.5 -41.4286
2814.5 -21.1429
2815.5 -13.4286
2816.5 14.4286
2817.5 59.4286
2818.5 -23.4286
2819.5 6.85714
2820.5 -72.8571
2821.5 7.42856
2822.5 -19.1429
2823.5 79.2857
2824.5 -4.71429
2825.5 7.42857
2826.5 45.1429
2827.5 -10
2828.5 -2.28572
2829.5 -52.2857
2830.5 18.4286
2831.5 -28.5714
2832.5 -11.5714
2833.5 -6.14286
2834.5 -27.2857
2835.5 -47.2857
2836.5 -37.2857
2837.5 50
2838.5 68.5714
2839.5 26.1429
2840.5 -74.8571
2841.5 -23.7143
2842.5 -3.71429
2843.5 37.5714
2844.5 -55.7143
2845.5 45.5714
2846.5 -9.85716
2847.5 -29.4286
2848.5 25.1428
2849.5 -29.7143
2850.5 -12.4286
2851.5 -99.2857
2852.5 5.14285
2853.5 65.7143
2854.5 -50.1429
2855.5 16.2857
2856.5 24.2857
2857.5 27.8571
2858.5 16.5714
2859.5 17.7143
2860.5 -19.8571
2861.5 -34.1429
2862.5 42
2863.5 -23.5714
2864.5 31
2865.5 27.5714
2866.5 35.5714
2867.5 -9.28572
2868.5 -18.4286
2869.5 19.2857
2870.5 -16.2857
2871.5 -53.5714
2872.5 -75.2857
2873.5 15.4286
2874.5 -17.7143
2875.5 1.85714
2876.5 0.857137
2877.5 24
2878.5 -2.71429
2879.5 -42.8571
2880.5 -14.5714
2881.5 -1.00001
2882.5 19
2883.5 8.42857
2884.5 -9.00001
2885.5 -20.2857
2886.5 -8.00001
2887.5 -6.42858
2888.5 -14.4286
2889.5 -63.5714
2890.5 2.42856
2891.5 38.4286
2892.5 -27
2893.5 19.8571
2894.5 56
2895.5 17.2857
2896.5 43.1429
2897.5 6.28571
2898.5 -50.4286
2899.5 -59.7143
2900.5 -6.85715
2901.5 17.1429
2902.5 -40.4286
2903.5 15.8571
2904.5 -69
2905.5 8.85714
2906.5 -34
2907.5 -68.2857
2908.5 -52.7143
2909.5 -14.2857
2910.5 -44.7143
2911.5 -30.4286
2912.5 25.5714
2913.5 22.7143
2914.5 -32.7143
2915.5 20.4286
2916.5 -85.1429
2917.5 51
2918.5 -7.85715
2919.5 4.71428
2920.5 60.2857
2921.5 14.1429
2922.5 -17.8571
2923.5 33
2924.5 -31.1429
2925.5 49.2857
2926.5 17.1429
2927.5 -13.5714
2928.5 5.42856
2929.5 25.4286
2930.5 12.5714
2931.5 -2.14286
2932.5 -30.8571
2933.5 -20.4286
2934.5 -1.14286
2935.5 57.7143
2936.5 71
2937.5 125.429
2938.5 47.7143
2939.5 56.7143
2940.5 46.5714
2941.5 -43.8571
2942.5 20.1429
2943.5 -19.8572
2944.5 17.5714
2945.5 -8.85717
2946.5 23.5714
2947.5 -65.1429
2948.5 -79
2949.5 89.7143
2950.5 -9.85715
2951.5 -47.1429
2952.5 13.5714
2953.5 106.857
2954.5 39.7143
2955.5 21.7143
2956.5 13.2857
2957.5 22.4286
2958.5 71.2857
2959.5 -60.2857
2960.5 11.5714
2961.5 -24.8571
2962.5 -51.5714
2963.5 55.2857
2964.5 -33.7143
2965.5 -44.2857
2966.5 -5.14286
2967.5 47.2857
2968.5 7.99999
2969.5 12.8571
2970.5 43.7143
2971.5 -2.28572
2972.5 93.2857
2973.5 -47.7143
2974.5 -72.4286
2975.5 27.5714
2976.5 -34.2857
2977.5 -68.1429
2978.5 -2.71429
2979.5 87.5714
2980.5 14.8571
2981.5 54.4286
2982.5 25.5714
2983.5 -38.8571
2984.5 38.1429
2985.5 55.8571
2986.5 21.7143
2987.5 19.8571
2988.5 -19.5714
2989.5 -2.14286
2990.5 -17.4286
2991.5 -0.142863
2992.5 -43.2857
2993.5 4.14285
2994.5 -0.428578
2995.5 57.1429
2996.5 -31.4286
2997.5 -10.4286
2998.5 -44.1429
2999.5 34.5714
3000.5 -13.1429
3001.5 -42.7143
3002.5 -18
3003.5 13.1428
3004.5 -94.5714
3005.5 -49.7143
3006.5 17.4286
3007.5 -60.1429
3008.5 -87.1429
3009.5 0.571422
3010.5 85
3011.5 -3.14286
3012.5 -44
3013.5 20.8571
3014.5 23.4286
3015.5 12.7143
3016.5 -27.2857
3017.5 6.42857
3018.5 -21.2857
3019.5 -5.57143
3020.5 -19
3021.5 -38.1429
3022.5 1.57142
3023.5 -6.14286
3024.5 -0.857149
3025.5 3.85714
3026.5 16.1429
3027.5 -42.2857
3028.5 -5.66244e-06
3029.5 31.1429
3030.5 -8.85715
3031.5 41.1429
3032.5 -0.85715
3033.5 2.85714
3034.5 8.85714
3035.5 11.5714
3036.5 37.2857
3037.5 -52.4286
3038.5 -35.2857
3039.5 -18.5714
3040.5 -61.1429
3041.5 -52.7143
3042.5 -30.2857
3043.5 51.2857
3044.5 -37.1429
3045.5 36.5714
3046.5 28.2857
3047.5 -31.4286
3048.5 -34.2857
3049.5 -7.85715
3050.5 -15.8572
3051.5 -19.2857
3052.5 -60.1429
3053.5 -17.4286
3054.5 -61
3055.5 34.1429
3056.5 -4.00001
3057.5 11.1429
3058.5 -49
3059.5 -42.7143
3060.5 4.57142
3061.5 3.42857
3062.5 -22.5714
3063.5 -5.57143
3064.5 -19.2857
3065.5 13.7143
3066.5 -17.4286
3067.5 -38.5714
3068.5 -10
3069.5 9.14285
3070.5 -14.5714
3071.5 17.8571
3072.5 -41.5714
3073.5 -45.4286
3074.5 28.8571
3075.5 -27.2857
3076.5 -10.2857
3077.5 64.1429
3078.5 22.7143
3079.5 29.4286
3080.5 -4.14286
3081.5 18.7143
3082.5 -27.7143
3083.5 42
3084.5 -52
3085.5 -22.2857
3086.5 -33.2857
3087.5 -40.5714
3088.5 6.85714
3089.5 7.42857
3090.5 18.1429
3091.5 -21.8571
3092.5 -28.7143
3093.5 21
3094.5 31.1429
3095.5 8.14285
3096.5 10.2857
3097.5 -12.5714
3098.5 26.8571
3099.5 40.7143
3100.5 9.99999
3101.5 -24.2857
3102.5 43.1429
3103.5 13.2857
3104.5 -19.1429
3105.5 15.2857
3106.5 31.1429
3107.5 11
3108.5 -17.7143
3109.5 14.4286
3110.5 6.57142
3111.5 -70.1429
3112.5 15.8571
3113.5 78.5714
3114.5 -79.7143
3115.5 -9.71429
3116.5 -5.00001
3117.5 104.143
3118.5 56.2857
3119.5 5.14285
3120.5 38.2857
3121.5 -1.85715
3122.5 31.1429
3123.5 -14.7143
3124.5 -33.7143
3125.5 15.7143
3126.5 56.8571
3127.5 10.4286
3128.5 -10.2857
3129.5 -42.8571
3130.5 3.28571
3131.5 -23.7143
3132.5 27
3133.5 11.8571
3134.5 89.5714
3135.5 5.71428
3136.5 -20.8571
3137.5 -41.5714
3138.5 46.1429
3139.5 47.2857
3140.5 23.8571
3141.5 6.85714
3142.5 30.5714
3143.5 -1.14286
3144.5 12.5714
3145.5 -10.4286
3146.5 79.1429
3147.5 37.1429
3148.5 0.714279
3149.5 85
3150.5 28.2857
3151.5 -10.2857
3152.5 -44.5714
3153.5 72.2857
3154.5 -5.14286
3155.5 46.4286
3156.5 -37.7143
3157.5 -43.1429
3158.5 -27.1429
3159.5 13.5714
3160.5 -40.5714
3161.5 29.4286
3162.5 59.5714
3163.5 30.8571
3164.5 -55.1429
3165.5 37.8571
3166.5 6.71428
3167.5 -22.7143
3168.5 -31.7143
3169.5 50.1429
3170.5 -44.1429
3171.5 14.4286
3172.5 -47.8571
3173.5 -12.2857
3174.5 7.28571
3175.5 67.2857
3176.5 7.85713
3177.5 45
3178.5 -31.2857
3179.5 34.5714
3180.5 -1.57143
3181.5 -53.7143
3182.5 -78.5714
3183.5 39.7143
3184.5 25.7143
3185.5 46.4286
3186.5 14.7143
3187.5 -7.71429
3188.5 -40.1429
3189.5 -11.4286
3190.5 -36.5714
3191.5 52.2857
3192.5 25
3193.5 5.14285
3194.5 6.99999
3195.5 22.2857
3196.5 -22.2857
3197.5 19.7143
3198.5 25.2857
3199.5 -65.8572
3200.5 5.71428
3201.5 -76.1429
3202.5 -23
3203.5 -45
3204.5 52
3205.5 -54
3206.5 9.28571
3207.5 6.99999
3208.5 -64.4286
3209.5 -52.8571
3210.5 -69.7143
3211.5 13
3212.5 -17.2857
3213.5 14.2857
3214.5 23.4286
3215.5 -9.42858
3216.5 0.71428
3217.5 31.8571
3218.5 -10.7143
3219.5 -11.1429
3220.5 -41.4286
3221.5 -29.7143
3222.5 14.1429
3223.5 3.57142
3224.5 18.2857
3225.5 -8.00001
3226.5 -6
3227.5 49.2857
3228.5 -4.85715
3229.5 -9.71429
3230.5 95.1429
3231.5 -32.1429
3232.5 -32.1429
3233.5 -4.14287
3234.5 -93.5714
3235.5 6.71428
3236.5 -47.1429
3237.5 -43.8571
3238.5 38.7143
3239.5 -47.7143
3240.5 -3.14286
3241.5 -47.5714
3242.5 33.7143
3243.5 -24.2857
3244.5 23.8571
3245.5 32.7143
3246.5 -12.1429
3247.5 -18
3248.5 63
3249.5 -30.8571
3250.5 -31.7143
3251.5 64.5714
3252.5 25.1429
3253.5 -13.2857
3254.5 -29.1429
3255.5 -0.714291
3256.5 15.1429
3257.5 15.5714
3258.5 1.71428
3259.5 26.5714
3260.5 -25.2857
3261.5 -14
3262.5 12.5714
3263.5 -62.4286
3264.5 25.2857
3265.5 69.2857
3266.5 -28.5714
3267.5 -82.7143
3268.5 45.2857
3269.5 20
3270.5 25
3271.5 4.57142
3272.5 -13.7143
3273.5 -41.1429
3274.5 13.8571
3275.5 -22.8571
3276.5 32.7143
3277.5 64.2857
3278.5 10.5714
3279.5 -31.1429
3280.5 -12.8571
3281.5 29.7143
3282.5 6.99999
3283.5 52.7143
3284.5 -32.8571
3285.5 27
3286.5 -6.57143
3287.5 -13.1429
3288.5 -48.8571
3289.5 -5.28572
3290.5 -10.1429
3291.5 39
3292.5 -33.4286
3293.5 -2.71429
3294.5 15.2857
3295.5 -0.285719
3296.5 -4.76837e-06
3297.5 -13.5714
3298.5 13.7143
3299.5 -3.57143
3300.5 47.5714
3301.5 -64.2857
3302.5 -1.85715
3303.5 7.99999
3304.5 62.1429
3305.5 19.7143
3306.5 -20.1429
3307.5 -41.4286
3308.5 -23.2857
3309.5 -17.5714
3310.5 -27.7143
3311.5 22.7143
3312.5 11.8571
3313.5 -7.85715
3314.5 6.42857
3315.5 13.2857
3316.5 -55
3317.5 -12.5714
3318.5 20.4286
3319.5 -36.7143
3320.5 -13.4286
3321.5 9.14285
3322.5 -13.4286
3323.5 24.4286
3324.5 -39.8571
3325.5 -37.2857
3326.5 44.7143
3327.5 48.8571
3328.5 25.4286
3329.5 9
3330.5 23.7143
3331.5 15
3332.5 -10.2857
3333.5 -34
3334.5 -91.5714
3335.5 38.8571
3336.5 -31.8571
3337.5 13.2857
3338.5 40.1429
3339.5 -8.71429
3340.5 14
3341.5 -43.4286
3342.5 12.8571
3343.5 -36.4286
3344.5 -45.5714
3345.5 22.1429
3346.5 -8.42858
3347.5 -3.71429
3348.5 -9.42858
3349.5 -38.1429
3350.5 10.5714
3351.5 5.14285
3352.5 -49
3353.5 -49.2857
3354.5 19.4286
3355.5 -33.2857
3356.5 -34.1429
3357.5 5.71428
3358.5 -3.85715
3359.5 5.71428
3360.5 -5.28572
3361.5 -46.8571
3362.5 36.8571
3363.5 -16
3364.5 20.2857
3365.5 9.14285
3366.5 -38
3367.5 45.5714
3368.5 -4.28572
3369.5 -3.14286
3370.5 -35.4286
3371.5 -5.85715
3372.5 -15.8571
3373.5 -24.8571
3374.5 -14.5714
3375.5 -50.7143
3376.5 27.4286
3377.5 14.2857
3378.5 -5.28572
3379.5 25.8571
3380.5 15.4286
3381.5 3.57142
3382.5 3.71428
3383.5 -23.2857
3384.5 18.2857
3385.5 1.42857
3386.5 -27
3387.5 -16.2857
3388.5 -22.7143
3389.5 -29.7143
3390.5 3.42857
3391.5 -9.28572
3392.5 35.8571
3393.5 -35.1429
3394.5 4.28571
3395.5 -3.28572
3396.5 -33
3397.5 19
3398.5 -3.57143
3399.5 14
3400.5 -28.8571
3401.5 16.7143
3402.5 52.5714
3403.5 27.4286
3404.5 -38.1429
3405.5 -23.1429
3406.5 -11.8571
3407.5 -8.42858
3408.5 -19.7143
3409.5 1.14285
3410.5 11.5714
3411.5 -5.14286
3412.5 17.8571
3413.5 37
3414.5 6.28571
3415.5 48.5714
3416.5 -25.4286
3417.5 3.71428
3418.5 13.7143
3419.5 -3.85715
3420.5 5.57142
3421.5 45.8571
3422.5 38.2857
3423.5 -37.8571
3424.5 -88.8572
3425.5 64.8571
3426.5 -8.7143
3427.5 -3.28573
3428.5 -67
3429.5 24.5714
3430.5 -16.2857
3431.5 -27
3432.5 14.4286
3433.5 -0.857148
3434.5 4.57142
3435.5 -35
3436.5 23.2857
3437.5 19.2857
3438.5 -89.7143
3439.5 -17
3440.5 -7.57143
3441.5 -17.1429
3442.5 -5
3443.5 6
3444.5 36
3445.5 -13.4286
3446.5 5.42856
3447.5 -92.7143
3448.5 66.5714
3449.5 29.1428
3450.5 56
3451.5 -54.8572
3452.5 44.1428
3453.5 -12.5714
3454.5 -37.7143
3455.5 63
3456.5 -26.1429
3457.5 14.8571
3458.5 43.2857
3459.5 -39
3460.5 -5.85715
3461.5 -45.1429
3462.5 11.7143
3463.5 -11.5714
3464.5 53.7143
3465.5 54.7143
3466.5 -22.1429
3467.5 31.2857
3468.5 23
3469.5 11
3470.5 -32
3471.5 -19.1429
3472.5 -1
3473.5 5.85714
3474.5 -17.1429
3475.5 -6.42858
3476.5 24
3477.5 -29.4286
3478.5 -10
3479.5 43.8571
3480.5 -22
3481.5 -30
3482.5 -36.7143
3483.5 -22
3484.5 32
3485.5 -13.5714
3486.5 16.5714
3487.5 36.7143
3488.5 40.2857
3489.5 -3.42858
3490.5 20.4286
3491.5 -117
3492.5 -33.4286
3493.5 -61.5714
3494.5 -10.4286
3495.5 2.99999
3496.5 15
3497.5 -5.85715
3498.5 3.14285
3499.5 56.5714
3500.5 42.7143
3501.5 9.42857
3502.5 -21
3503.5 -52.7143
3504.5 3
3505.5 4.14285
3506.5 -27.5714
3507.5 -13.2857
3508.5 -64.2857
3509.5 -23.5714
3510.5 -43.1429
3511.5 -11.1429
3512.5 29.5714
3513.5 -71.5714
3514.5 30.2857
3515.5 71.4286
3516.5 59.5714
3517.5 35.1429
3518.5 0.142852
3519.5 -36
3520.5 28.2857
3521.5 -2.85715
3522.5 51.5714
3523.5 49
3524.5 -38
3525.5 11.2857
3526.5 25.2857
3527.5 33.1429
3528.5 1.85714
3529.5 -74.5714
3530.5 -10.1429
3531.5 -11.1429
3532.5 -18.7143
3533.5 -86
3534.5 -0.714292
3535.5 4.85714
3536.5 48.8571
3537.5 1.71428
3538.5 15
3539.5 -33.7143
3540.5 -13.5714
3541.5 47.2857
3542.5 -53.7143
3543.5 16.7143
3544.5 27.5714
3545.5 -56.2857
3546.5 -42.5714
3547.5 -25
3548.5 70.8571
3549.5 -26.7143
3550.5 -1.42858
3551.5 41
3552.5 -11.4286
3553.5 -12.4286
3554.5 10
3555.5 34.7143
3556.5 37.2857
3557.5 6.71428
3558.5 24.2857
3559.5 -35.4286
3560.5 -53.7143
3561.5 3.85714
3562.5 -11
3563.5 -31.7143
3564.5 -7.00001
3565.5 -55
3566.5 4.99999
3567.5 38.2857
3568.5 -2.57143
3569.5 -55.5714
3570.5 -6.71429
3571.5 16.2857
3572.5 13.7143
3573.5 -9.57143
3574.5 14.8571
3575.5 -0.71429
3576.5 -42.1429
3577.5 -53
3578.5 -69.1429
3579.5 -69.2857
3580.5 -22.7143
3581.5 -80.8571
3582.5 100.429
3583.5 61.5714
3584.5 60.1428
3585.5 -2.71429
3586.5 -45.7143
3587.5 10.4286
3588.5 17
3589.5 5.71428
3590.5 19.1429
3591.5 -44
3592.5 5.42857
3593.5 -12.1429
3594.5 -36
3595.5 -46.8571
3596.5 6.71428
3597.5 -27.7143
3598.5 4.85714
3599.5 -20.1429
3600.5 -1.28572
3601.5 -6.14286
3602.5 -37.8571
3603.5 -26.2857
3604.5 25.8571
3605.5 -1.14286
3606.5 37
3607.5 -5
3608.5 -1.85715
3609.5 -1.14286
3610.5 76.8571
3611.5 -19.5714
3612.5 10
3613.5 -12.2857
3614.5 41
3615.5 -28.8571
3616.5 -43.4286
3617.5 -67.2857
3618.5 -22.8571
3619.5 -35.2857
3620.5 18.2857
3621.5 -3.57144
3622.5 -42.8572
3623.5 -5.28572
3624.5 -19
3625.5 -30
3626.5 5.28571
3627.5 -65.5714
3628.5 67
3629.5 -26
3630.5 34.1429
3631.5 -11.2857
3632.5 -31.7143
3633.5 -10.5714
3634.5 32.1429
3635.5 -10.5714
3636.5 41.1429
3637.5 10.4286
3638.5 -16
3639.5 6
3640.5 4
3641.5 3
3642.5 -2.28572
3643.5 10
3644.5 -30.2857
3645.5 -19.1429
3646.5 -28.8571
3647.5 -0.142863
3648.5 -21.1429
3649.5 -6.28572
3650.5 16
3651.5 -51.1429
3652.5 -43
3653.5 -28.2857
3654.5 15.7143
3655.5 -31.7143
3656.5 41
3657.5 57
3658.5 121.286
3659.5 166.143
3660.5 186.286
3661.5 193.857
3662.5 155.857
3663.5 137.857
3664.5 11.2857
3665.5 2.85714
3666.5 34.7143
3667.5 10.1429
3668.5 30.2857
3669.5 49.4286
3670.5 -15.5714
3671.5 37.8571
3672.5 -37
3673.5 -2.71429
3674.5 -13.1429
3675.5 -34.8571
3676.5 -8.42858
3677.5 -16.2857
3678.5 -42.2857
3679.5 9.57142
3680.5 -79.7143
3681.5 -14.4286
3682.5 -9.00001
3683.5 -16.8571
3684.5 -64.2857
3685.5 -34.1429
3686.5 16.4286
3687.5 7.42857
3688.5 56.1429
3689.5 -17.7143
3690.5 -18
3691.5 33.4286
3692.5 -21.2857
3693.5 28.5714
3694.5 57.2857
3695.5 -58.5714
3696.5 10.8571
3697.5 20.7143
3698.5 -27.7143
3699.5 -49.7143
3700.5 15
3701.5 24.8571
3702.5 27.4286
3703.5 14.8571
3704.5 -12.8571
3705.5 52.1429
3706.5 16.8571
3707.5 14.2857
3708.5 -17.4286
3709.5 25.5714
3710.5 -52
3711.5 -19.1429
3712.5 -36.1429
3713.5 -8.85715
3714.5 -9
3715.5 -52
3716.5 -14
3717.5 40.2857
3718.5 30.8571
3719.5 10.2857
3720.5 -30.5714
3721.5 3.28571
3722.5 -30.2857
3723.5 -43.7143
3724.5 -48.7143
3725.5 -2.42858
3726.5 7.42857
3727.5 21.5714
3728.5 -12
3729.5 -11.5714
3730.5 -30.5714
3731.5 -5.42858
3732.5 -1.14286
3733.5 -24.1429
3734.5 22.4286
3735.5 -20.4286
3736.5 -44.1429
3737.5 43.4286
3738.5 -19.1429
3739.5 -27
3740.5 -1.71429
3741.5 -1.57143
3742.5 -65.7143
3743.5 -30.2857
3744.5 57.5714
3745.5 9.57142
3746.5 7.99999
3747.5 6.57142
3748.5 12
3749.5 -41.8571
3750.5 19.8571
3751.5 -13.5714
3752.5 -30
3753.5 2.57142
3754.5 29
3755.5 56.7143
3756.5 12.1429
3757.5 -4.28572
3758.5 30.7143
3759.5 38.5714
3760.5 -4
3761.5 -27.1429
3762.5 -22.2857
3763.5 -14.7143
3764.5 37.7143
3765.5 -13.5714
3766.5 -37.1429
3767.5 -2.57143
3768.5 -24.8571
3769.5 13.2857
3770.5 14.5714
3771.5 -24.5714
3772.5 32
3773.5 -14.4286
3774.5 -22.7143
3775.5 11.4286
3776.5 -11.7143
3777.5 30.2857
3778.5 -9
3779.5 -15
3780.5 -31
3781.5 -21.1429
3782.5 -12
3783.5 18.1429
3784.5 -39.5714
3785.5 40
3786.5 27
3787.5 29.1429
3788.5 -22.5714
3789.5 -5.28572
3790.5 3.28571
3791.5 23.2857
3792.5 45.4286
3793.5 15.4286
3794.5 13
3795.5 -29.7143
3796.5 -58
3797.5 -22
3798.5 -21
3799.5 -13.7143
3800.5 -22.2857
3801.5 -14.7143
3802.5 -57.5714
3803.5 -64.7143
3804.5 51.7143
3805.5 7.28571
3806.5 -51.4286
3807.5 51.8571
3808.5 -42.8571
3809.5 -2.00001
3810.5 22
3811.5 -32.1429
3812.5 2
3813.5 -15
3814.5 -25
3815.5 -0.571432
3816.5 30
3817.5 2.28571
3818.5 21
3819.5 17.1429
3820.5 -29.7143
3821.5 -20.5714
3822.5 -32.1429
3823.5 -15.4286
3824.5 12.4286
3825.5 35.7143
3826.5 5
3827.5 12.5714
3828.5 16.8571
3829.5 -45.2857
3830.5 -2.42857
3831.5 17.8571
3832.5 -19.2857
3833.5 12.5714
3834.5 6.28571
3835.5 -10
3836.5 35.7143
3837.5 14.7143
3838.5 31
3839.5 1.28571
3840.5 19
3841.5 3.71428
3842.5 28
3843.5 24.2857
3844.5 -48.2857
3845.5 4.42857
3846.5 2.28571
3847.5 -35.2857
3848.5 -16.2857
3849.5 -24
3850.5 -7.57143
3851.5 9.28571
3852.5 39.7143
3853.5 -90.7143
3854.5 -34.4286
3855.5 21.5714
3856.5 3.71428
3857.5 5.85714
3858.5 32.5714
3859.5 17.8571
3860.5 -78.1429
3861.5 17.8571
3862.5 -17.4286
3863.5 -12
3864.5 -12.2857
3865.5 -33.5714
3866.5 -34.5714
3867.5 28.5714
3868.5 60
3869.5 -33
3870.5 9.99999
3871.5 45.7143
3872.5 -10.2857
3873.5 53.1429
3874.5 -5.00001
3875.5 -21.1429
3876.5 -41.1429
3877.5 -71.2857
3878.5 32.2857
3879.5 -22.7143
3880.5 8.42857
3881.5 19.8571
3882.5 12.8571
3883.5 -84.1429
3884.5 29
3885.5 -37.1429
3886.5 24.5714
3887.5 35.1429
3888.5 -9.85715
3889.5 -12.2857
3890.5 -20.1429
3891.5 -9.00001
3892.5 -21
3893.5 -6.85715
3894.5 -19.4286
3895.5 11.5714
3896.5 -25.4286
3897.5 -2.57143
3898.5 69.4286
3899.5 1.14285
3900.5 24.2857
3901.5 -32.7143
3902.5 -41
3903.5 -66.4286
3904.5 -4.14286
3905.5 0.142852
3906.5 -58.5714
3907.5 -19.8571
3908.5 21.7143
3909.5 -38.8571
3910.5 -15.2857
3911.5 14.4286
3912.5 14.7143
3913.5 35.7143
3914.5 -18.1429
3915.5 -1.85715
3916.5 51.8571
3917.5 -10.4286
3918.5 26.8571
3919.5 17.2857
3920.5 -36.7143
3921.5 21
3922.5 5.28571
3923.5 15.8571
3924.5 -8.57143
3925.5 6
3926.5 38.5714
3927.5 -12.7143
3928.5 44.2857
3929.5 12.8571
3930.5 15.4286
3931.5 67.1429
3932.5 -55.5714
3933.5 -3.42858
3934.5 20.7143
3935.5 -40.4286
3936.5 -40.5714
3937.5 -38.1429
3938.5 -13.4286
3939.5 12.1429
3940.5 -41.7143
3941.5 -52.1429
3942.5 45.8571
3943.5 29.1429
3944.5 15.2857
3945.5 -89.1429
3946.5 -52.5714
3947.5 -25.1429
3948.5 -10.7143
3949.5 -39.1429
3950.5 8.85714
3951.5 9.71428
3952.5 26.2857
3953.5 21.5714
3954.5 49.7143
3955.5 -13.1429
3956.5 28.5714
3957.5 -28.4286
3958.5 -32.1429
3959.5 -46.1429
3960.5 43.5714
3961.5 21.5714
3962.5 56.8571
3963.5 25.7143
3964.5 71.7143
3965.5 74.2857
3966.5 59.7143
3967.5 16.5714
3968.5 1.85714
3969.5 -20.1429
3970.5 21.5714
3971.5 -28.8572
3972.5 -28.2857
3973.5 15.2857
3974.5 52.7143
3975.5 -8.14286
3976.5 -25
3977.5 16.7143
3978.5 -25.4286
3979.5 37.1429
3980.5 -41.4286
3981.5 -33.2857
3982.5 -15.8571
3983.5 9.57143
3984.5 -11.7143
3985.5 -36.4286
3986.5 -5.14286
3987.5 -9.57143
3988.5 4
3989.5 8.85714
3990.5 12.5714
3991.5 -2.85715
3992.5 17.1429
3993.5 -36.4286
3994.5 -34.2857
3995.5 29.4286
3996.5 -5.14286
3997.5 29.5714
3998.5 -20
3999.5 15.5714
4000.5 -34.5714
4001.5 -22
4002.5 -2.85715
4003.5 -25.4286
4004.5 2.71428
4005.5 36.8571
4006.5 -16.5714
4007.5 -34.7143
4008.5 -2.14286
4009.5 -28.7143
4010.5 -26.4286
4011.5 -18.5714
4012.5 -36.1429
4013.5 13.4286
4014.5 -42.2857
4015.5 -25.2857
4016.5 9.42857
4017.5 -6.28572
4018.5 -31.1429
4019.5 9.42857
4020.5 53.2857
4021.5 6.57142
4022.5 14.5714
4023.5 -18.8571
4024.5 -17.2857
4025.5 78.2857
4026.5 -40.1429
4027.5 14.8571
4028.5 -31.2857
4029.5 1.57142
4030.5 -18.8571
4031.5 23.4286
4032.5 -5.28572
4033.5 -21.8571
4034.5 -34.5714
4035.5 -39.7143
4036.5 -5.28572
4037.5 -42.5714
4038.5 23.4286
4039.5 8.14285
4040.5 10.4286
4041.5 29.5714
4042.5 -72.1429
4043.5 20.7143
4044.5 19
4045.5 2.57142
4046.5 47.5714
4047.5 20.5714
4048.5 35
4049.5 17.7143
4050.5 -30.5714
4051.5 30
4052.5 -3
4053.5 -73.2857
4054.5 -25.7143
4055.5 26.8571
4056.5 -31
4057.5 -43.4286
4058.5 -72.2857
4059.5 -4.57143
4060.5 -27.2857
4061.5 -41.5714
4062.5 17.7143
4063.5 -28.1429
4064.5 12.2857
4065.5 33.4286
4066.5 20.5714
4067.5 -8.71429
4068.5 -10.7143
4069.5 -36.7143
4070.5 39.5714
4071.5 -47.2857
4072.5 22.4286
4073.5 -2
4074.5 12.5714
4075.5 -6.71429
4076.5 21.7143
4077.5 37.1429
4078.5 12.1429
4079.5 -0.428575
4080.5 14.7143
4081.5 -29.8571
4082.5 34
4083.5 12
4084.5 -25.2857
4085.5 -8.57143
4086.5 -24.4286
4087.5 6.42857
4088.5 20.5714
4089.5 25
4090.5 20.2857
4091.5 -3.57143
4092.5 -43.7143
4093.5 4.42857
4094.5 -26.7143
4095.5 -7.85715
4096.5 -19.5714
4097.5 -32.8571
4098.5 8.85714
4099.5 34
4100.5 0.428568
4101.5 19.8571
4102.5 -26
4103.5 32.7143
4104.5 42.8571
4105.5 -40.1429
4106.5 4.42857
4107.5 -1.85715
4108.5 8
4109.5 -8.42858
4110.5 -2.28572
4111.5 -24.5714
4112.5 2.42857
4113.5 46.4286
4114.5 39.4286
4115.5 15.4286
4116.5 -21.8571
4117.5 35.7143
4118.5 16.5714
4119.5 88.7143
4120.5 33.2857
4121.5 -11.5714
4122.5 -3.42857
4123.5 -51.5714
4124.5 -32.8571
4125.5 -45.2857
4126.5 -36.7143
4127.5 -3.57143
4128.5 -17
4129.5 -4.42858
4130.5 -46.7143
4131.5 -2.42858
4132.5 13.4286
4133.5 -30.1429
4134.5 7
4135.5 2.85714
4136.5 -6.42858
4137.5 43
4138.5 1.85714
4139.5 -4.28572
4140.5 5
4141.5 14.7143
4142.5 -14.7143
4143.5 -4.71429
4144.5 11.7143
4145.5 -23.1429
4146.5 33
4147.5 21.2857
4148.5 21.8571
4149.5 44.7143
4150.5 28
4151.5 45.1429
4152.5 -30.7143
4153.5 4.28571
4154.5 12.7143
4155.5 4.57143
4156.5 59.8571
4157.5 -53.7143
4158.5 -20.7143
4159.5 -7.71429
4160.5 9.14285
4161.5 13.2857
4162.5 -46.1429
4163.5 39
4164.5 -20.7143
4165.5 8.85714
4166.5 -55.5714
4167.5 -81.7143
4168.5 -31.7143
4169.5 -39.5714
4170.5 6
4171.5 -54.7143
4172.5 13.2857
4173.5 35.7143
4174.5 45.8571
4175.5 19.7143
4176.5 43
4177.5 0.428568
4178.5 3.57143
4179.5 4.57143
4180.5 -15.5714
4181.5 -7.28572
4182.5 7.71428
4183.5 21.2857
4184.5 -27
4185.5 -8.14286
4186.5 1.28571
4187.5 5.14285
4188.5 -12.2857
4189.5 -7.71429
4190.5 -23.5714
4191.5 0.85714
4192.5 -12.2857
4193.5 12.8571
4194.5 -16.7143
4195.5 0.285711
4196.5 -7.57143
4197.5 32.7143
4198.5 -42.1429
4199.5 -25.8571
4200.5 -2
4201.5 -11.1429
4202.5 -6.85715
4203.5 -49.8571
4204.5 31.8571
4205.5 7.71428
4206.5 4.14285
4207.5 62
4208.5 -17.7143
4209.5 10.7143
4210.5 -30.7143
4211.5 -4.14286
4212.5 25.4286
4213.5 -9.57143
4214.5 36.4286
4215.5 66
4216.5 9.71428
4217.5 13.5714
4218.5 -25.1429
4219.5 51.2857
4220.5 -32.5714
4221.5 35
4222.5 -14.1429
4223.5 -22.8571
4224.5 3.71428
4225.5 18
4226.5 5.14285
4227.5 7.71428
4228.5 -39
4229.5 -13.8571
4230.5 -56.1429
4231.5 -40.4286
4232.5 4.42857
4233.5 27.2857
4234.5 16.2857
4235.5 27.7143
4236.5 -3.75509e-06
4237.5 -15.7143
4238.5 -45.5714
4239.5 -3.39746e-06
4240.5 -46.4286
4241.5 -2.14286
4242.5 -8
4243.5 9.57142
4244.5 -12.1429
4245.5 -11.5714
4246.5 -21.4286
4247.5 15.8571
4248.5 17.4286
4249.5 33.2857
4250.5 -11.4286
4251.5 6.57143
4252.5 -14.5714
4253.5 -25.8571
4254.5 -45.7143
4255.5 -22.1429
4256.5 -32.5714
4257.5 -33
4258.5 -25.8571
4259.5 -16.5714
4260.5 -35.8571
4261.5 22.5714
4262.5 -53.5714
4263.5 -50.2857
4264.5 33.7143
4265.5 -24.8571
4266.5 -28.7143
4267.5 -37.2857
4268.5 23.2857
4269.5 -45.1429
4270.5 -18.8571
4271.5 -7.57143
4272.5 39.8571
4273.5 -15.2857
4274.5 24.4286
4275.5 5.85714
4276.5 -12.7143
4277.5 23.5714
4278.5 -15.7143
4279.5 -7.71429
4280.5 -26.4286
4281.5 29.8571
4282.5 -34.5714
4283.5 -24.8571
4284.5 -30
4285.5 -19.8571
4286.5 -50
4287.5 -26
4288.5 3.42857
4289.5 -12.8571
4290.5 23.2857
4291.5 20.5714
4292.5 -9.28572
4293.5 6
4294.5 -13.8571
4295.5 -7.14286
4296.5 12.7143
4297.5 -5.57143
4298.5 -8.85715
4299.5 20.1429
4300.5 11.2857
4301.5 -23.1429
4302.5 39.7143
4303.5 -2.85715
4304.5 -19.4286
4305.5 -51.8571
4306.5 12.5714
4307.5 -23.2857
4308.5 -7.57143
4309.5 -9.71429
4310.5 -9
4311.5 -19.4286
4312.5 -78.1429
4313.5 -40.4286
4314.5 -140.571
4315.5 -65.4286
4316.5 -50.1429
4317.5 -73.4286
4318.5 -88.4286
4319.5 -51.1429
4320.5 -30.1429
4321.5 29.2857
4322.5 2
4323.5 31.5714
4324.5 32.2857
4325.5 3.57143
4326.5 29.5714
4327.5 25.2857
4328.5 -25.7143
4329.5 -23.4286
4330.5 21.2857
4331.5 23.1429
4332.5 21.8571
4333.5 -9.28572
4334.5 -1
4335.5 -59
4336.5 6.85714
4337.5 -11.1429
4338.5 1.57143
4339.5 -24.2857
4340.5 6.85714
4341.5 -40.7143
4342.5 -16.5714
4343.5 20
4344.5 33.8571
4345.5 -8.85715
4346.5 -11.8571
4347.5 4.42857
4348.5 17.1429
4349.5 -7.71429
4350.5 -12.1429
4351.5 7.57143
4352.5 -9.42857
4353.5 0.714283
4354.5 -43.7143
4355.5 42
4356.5 9.42857
4357.5 -12.4286
4358.5 2.57143
4359.5 -17.1429
4360.5 5.85714
4361.5 2.71428
4362.5 -10.7143
4363.5 44.7143
4364.5 17.7143
4365.5 67.5714
4366.5 43.5714
4367.5 -5
4368.5 -3.57143
4369.5 17.5714
4370.5 -12
4371.5 31.7143
4372.5 0.428568
4373.5 -64.8571
4374.5 -38.7143
4375.5 -19.4286
4376.5 -60.5714
4377.5 -46.4286
4378.5 -16.5714
4379.5 20.1429
4380.5 -35
4381.5 -18.7143
4382.5 5.71428
4383.5 24.4286
4384.5 -40
4385.5 -13
4386.5 -28.7143
4387.5 -67.8571
4388.5 6.57142
4389.5 -116.571
4390.5 -36.1429
4391.5 -32.7143
4392.5 -33.1429
4393.5 17.5714
4394.5 11.2857
4395.5 -25.8571
4396.5 -73.8571
4397.5 -18.4286
4398.5 -3.14286
4399.5 -9.85715
4400.5 -69.4286
4401.5 -11.1429
4402.5 -14.1429
4403.5 -8.85715
4404.5 21.2857
4405.5 41.5714
4406.5 74.1429
4407.5 23.2857
4408.5 54.2857
4409.5 82.7143
4410.5 13.1429
4411.5 43.8571
4412.5 -46.7143
4413.5 -16.8571
4414.5 -39.5714
4415.5 -29.5714
4416.5 -37.4286
4417.5 -44.1429
4418.5 -41.8571
4419.5 -37.5714
4420.5 -54.5714
4421.5 25.4286
4422.5 -3.85715
4423.5 13.2857
4424.5 -37.8571
4425.5 -20.5714
4426.5 -31
4427.5 29.2857
4428.5 -13.2857
4429.5 31.2857
4430.5 -12.4286
4431.5 -22.4286
4432.5 -53.4286
4433.5 31.8571
4434.5 17.1429
4435.5 -34
4436.5 40
4437.5 53.7143
4438.5 16
4439.5 16.1429
4440.5 -25
4441.5 -15.7143
4442.5 -34.2857
4443.5 -31.2857
4444.5 -41.7143
4445.5 18.8571
4446.5 23.2857
4447.5 -5.85715
4448.5 -6.57143
4449.5 59.7143
4450.5 -7
4451.5 -6.28572
4452.5 -18.5714
4453.5 21.5714
4454.5 -33.2857
4455.5 -30.5714
4456.5 -127.857
4457.5 -25
4458.5 92.8571
4459.5 -13.4286
4460.5 64
4461.5 45.7143
4462.5 43.5714
4463.5 -25
4464.5 -2
4465.5 10.1429
4466.5 31.4286
4467.5 -9.71429
4468.5 -39.7143
4469.5 -27.7143
4470.5 -27.5714
4471.5 -5.71429
4472.5 -52.4286
4473.5 1.85714
4474.5 -32.5714
4475.5 -16.5714
4476.5 -9.28572
4477.5 -7.71429
4478.5 -28.5714
4479.5 -23.7143
4480.5 19.5714
4481.5 26.7143
4482.5 -2.57143
4483.5 -47.2857
4484.5 -2.42857
4485.5 43.4286
4486.5 -13
4487.5 44.8571
4488.5 9.85714
4489.5 -34.7143
4490.5 0.285711
4491.5 -2.28572
4492.5 -38.2857
4493.5 -23.8571
4494.5 -44.2857
4495.5 48.7143
4496.5 18.7143
4497.5 5.57143
4498.5 5.28571
4499.5 7.57142
4500.5 -5.28572
4501.5 -10.7143
4502.5 22.5714
4503.5 15
4504.5 12.1429
4505.5 -27.7143
4506.5 12
4507.5 29.4286
4508.5 13.1429
4509.5 5.28571
4510.5 -2.86102e-06
4511.5 -23.7143
4512.5 -56.4286
4513.5 6.42857
4514.5 -4
4515.5 23.4286
4516.5 -26.7143
4517.5 -20.4286
4518.5 -21.1429
4519.5 0.85714
4520.5 -10.7143
4521.5 12
4522.5 7.71428
4523.5 -10.8571
4524.5 -15.5714
4525.5 -32.2857
4526.5 9.71428
4527.5 -0.428575
4528.5 -32.2857
4529.5 22.4286
4530.5 3.42857
4531.5 -27.8571
4532.5 -12.4286
4533.5 -32.7143
4534.5 -4.14286
4535.5 -28
4536.5 10.4286
4537.5 7.42857
4538.5 -9.14286
4539.5 34.2857
4540.5 30.4286
4541.5 30.8571
4542.5 15.8571
4543.5 -7.28572
4544.5 13.2857
4545.5 7.71428
4546.5 -10.2857
4547.5 -33.4286
4548.5 -8.71429
4549.5 31.8571
4550.5 -63
4551.5 16.4286
4552.5 38.4286
4553.5 29.7143
4554.5 40.5714
4555.5 -28.8571
4556.5 -19.1429
4557.5 -57.2857
4558.5 -8.14286
4559.5 -21.8571
4560.5 -4
4561.5 10.8571
4562.5 -4.14286
4563.5 5.99999
4564.5 -41.8571
4565.5 -29
4566.5 35
4567.5 6.57142
4568.5 -39.4286
4569.5 15.8571
4570.5 -4.42857
4571.5 0.142854
4572.5 7.71428
4573.5 -12.4286
4574.5 -1.57143
4575.5 -43.8571
4576.5 -49.5714
4577.5 -27.8571
4578.5 10.7143
4579.5 -1
4580.5 13.7143
4581.5 -81
4582.5 5.28571
4583.5 -42.7143
4584.5 -2.71429
4585.5 -35.7143
4586.5 9
4587.5 -12.5714
4588.5 2
4589.5 -1
4590.5 31.2857
4591.5 9.42857
4592.5 -0.714289
4593.5 20
4594.5 26.8571
4595.5 -60.8571
4596.5 35.8571
4597.5 -13
4598.5 -61.2857
4599.5 -22.2857
4600.5 -15.4286
4601.5 4.85714
4602.5 3.57143
4603.5 -31.5714
4604.5 32.5714
4605.5 27.5714
4606.5 32.2857
4607.5 -4.14286
4608.5 19.8571
4609.5 -36.2857
4610.5 16.8571
4611.5 -21.1429
4612.5 4.28571
4613.5 15.4286
4614.5 -12.8571
4615.5 -8.42858
4616.5 9.42857
4617.5 -49.8571
4618.5 0.428567
4619.5 2.42857
4620.5 -3.14286
4621.5 -12.7143
4622.5 7.71428
4623.5 0.142852
4624.5 7.99999
4625.5 34.1429
4626.5 -13.5714
4627.5 12.1429
4628.5 -26.1429
4629.5 1.28571
4630.5 20.1429
4631.5 -44.2857
4632.5 -7.71429
4633.5 8.42857
4634.5 -28
4635.5 -23.5714
4636.5 -54
4637.5 -164.429
4638.5 -136
4639.5 -75.7143
4640.5 -96.8571
4641.5 -64.4286
4642.5 8.71428
4643.5 -14.8571
4644.5 -17.4286
4645.5 -3.28572
4646.5 -32.8571
4647.5 -0.285717
4648.5 12.1429
4649.5 11.4286
4650.5 29.5714
4651.5 5.28571
4652.5 -20.4286
4653.5 -30.5714
4654.5 25.5714
4655.5 -2
4656.5 0.714283
4657.5 -3.85715
4658.5 -0.571431
4659.5 25.5714
4660.5 -3.42857
4661.5 -41.5714
4662.5 21
4663.5 -1.71429
4664.5 -23.5714
4665.5 3.42857
4666.5 -2.85715
4667.5 -32.4286
4668.5 12.4286
4669.5 -10.2857
4670.5 24.5714
4671.5 26.4286
4672.5 -4.14286
4673.5 -26.5714
4674.5 9
4675.5 -12.8571
4676.5 3.14285
4677.5 35.7143
4678.5 -26.1429
4679.5 -35.4286
4680.5 -8.71429
4681.5 4.14285
4682.5 -43.8571
4683.5 -4.85715
4684.5 -34.1429
4685.5 -24.4286
4686.5 5.71428
4687.5 4
4688.5 -16.2857
4689.5 -10
4690.5 21.1429
4691.5 -0.857146
4692.5 6
4693.5 9
4694.5 -3.42857
4695.5 -33.7143
4696.5 31.2857
4697.5 7.14285
4698.5 27.2857
4699.5 18.1429
4700.5 -9.14286
4701.5 32.8571
4702.5 -31.5714
4703.5 25
4704.5 -17.7143
4705.5 -6.28572
4706.5 -16
4707.5 52.1429
4708.5 -1.85715
4709.5 -56.4286
4710.5 21.7143
4711.5 5.71428
4712.5 -41.5714
4713.5 32
4714.5 9.71428
4715.5 -3.71429
4716.5 -14.8571
4717.5 9.14285
4718.5 -21.5714
4719.5 -19.5714
4720.5 -28.4286
4721.5 21.7143
4722.5 2.85714
4723.5 3
4724.5 -11
4725.5 1.14285
4726.5 16.2857
4727.5 3.28571
4728.5 11
4729.5 -6.28572
4730.5 -47.8571
4731.5 -2.85715
4732.5 2.28571
4733.5 -58.1429
4734.5 7
4735.5 -19.2857
4736.5 -4
4737.5 8.85714
4738.5 0.428569
4739.5 -15.5714
4740.5 -7.71429
4741.5 -17.8571
4742.5 26.2857
4743.5 12.2857
4744.5 -10
4745.5 33.5714
4746.5 -8.42858
4747.5 24.1429
4748.5 -19.8571
4749.5 -32.1429
4750.5 -23.7143
4751.5 51.7143
4752.5 12.8571
4753.5 -5.85715
4754.5 -14
4755.5 -40.2857
4756.5 32.7143
4757.5 -1.42857
4758.5 21.2857
4759.5 30.5714
4760.5 -2.71429
4761.5 -23.5714
4762.5 -9.28572
4763.5 9
4764.5 8.28571
4765.5 9.57143
4766.5 -22
4767.5 -39.4286
4768.5 21.8571
4769.5 37.8571
4770.5 -58.5714
4771.5 -21.7143
4772.5 -32.8571
4773.5 26
4774.5 -44
4775.5 12.8571
4776.5 -17.4286
4777.5 6.14285
4778.5 -15
4779.5 -4.42857
4780.5 15.8571
4781.5 6.42857
4782.5 -3.57143
4783.5 -10.2857
4784.5 6.71428
4785.5 -45.4286
4786.5 11.4286
4787.5 -46.4286
4788.5 25.2857
4789.5 -22.1429
4790.5 -23.5714
4791.5 -14.5714
4792.5 -20.7143
4793.5 -1.28572
4794.5 -12.4286
4795.5 4
4796.5 -26.5714
4797.5 15.4286
4798.5 44
4799.5 6.85714
4800.5 70.2857
4801.5 -18.5714
4802.5 -2.28572
4803.5 -34.1429
4804.5 29.2857
4805.5 12.1429
4806.5 -37
4807.5 -25.8571
4808.5 63.2857
4809.5 -13.8571
4810.5 -10.2857
4811.5 28.4286
4812.5 -22.5714
4813.5 6.42857
4814.5 -41
4815.5 -15.2857
4816.5 -29.2857
4817.5 26.2857
4818.5 -10.5714
4819.5 -29.5714
4820.5 -8.57143
4821.5 -19.8571
4822.5 61.7143
4823.5 27.4286
4824.5 39.1429
4825.5 -19.4286
4826.5 14.2857
4827.5 -49
4828.5 13
4829.5 -20.4286
4830.5 -18
4831.5 47.5714
4832.5 -32.7143
4833.5 -3.28572
4834.5 -34.4286
4835.5 -24.1429
4836.5 11.7143
4837.5 -19.5714
4838.5 24.1429
4839.5 14.1429
4840.5 67.2857
4841.5 18
4842.5 0.142852
4843.5 7.42857
4844.5 43.4286
4845.5 18.8571
4846.5 1.57142
4847.5 -38.4286
4848.5 -22.4286
4849.5 54.7143
4850.5 26.5714
4851.5 -26.1429
4852.5 -15.1429
4853.5 -1.42857
4854.5 -3.14286
4855.5 -21.8571
4856.5 -25.8571
4857.5 -36.4286
4858.5 -19
4859.5 -29.8571
4860.5 -16.1429
4861.5 -41.5714
4862.5 0.714283
4863.5 13
4864.5 -29.8571
4865.5 5.57143
4866.5 -12.4286
4867.5 -40.2857
4868.5 -17
4869.5 -15.7143
4870.5 6.71428
4871.5 9.85714
4872.5 28.5714
4873.5 -17.7143
4874.5 18.7143
4875.5 -20.8571
4876.5 36.7143
4877.5 -26.7143
4878.5 39.7143
4879.5 2.28571
4880.5 -48.8571
4881.5 -5.85715
4882.5 -54.8571
4883.5 -33.2857
4884.5 49
4885.5 -39.7143
4886.5 1.57142
4887.5 14.8571
4888.5 57.5714
4889.5 33.5714
4890.5 -8.14286
4891.5 31.2857
4892.5 31.1429
4893.5 2.14285
4894.5 -0.14286
4895.5 0.285711
4896.5 12
4897.5 -38.5714
4898.5 5.71428
4899.5 -14.5714
4900.5 -22.8571
4901.5 -24.8571
4902.5 -33.2857
4903.5 -59.5714
4904.5 -0.857147
4905.5 24
4906.5 21
4907.5 31
4908.5 46.4286
4909.5 19
4910.5 64.8571
4911.5 33.5714
4912.5 50.7143
4913.5 37.8571
4914.5 24.7143
4915.5 31.1429
4916.5 38.2857
4917.5 -12
4918.5 -25.8571
4919.5 44.5714
4920.5 14.8571
4921.5 28.2857
4922.5 24.7143
4923.5 -3.28572
4924.5 -4.71429
4925.5 19
4926.5 12.1429
4927.5 4.42857
4928.5 -19.8571
4929.5 14.8571
4930.5 9.57143
4931.5 -6
4932.5 7.42857
4933.5 0.85714
4934.5 0.714283
4935.5 -21.7143
4936.5 6.71428
4937.5 -12.7143
4938.5 -42.8571
4939.5 45.2857
4940.5 13.4286
4941.5 1.28571
4942.5 -25
4943.5 -11.5714
4944.5 7
4945.5 20.5714
4946.5 25.7143
4947.5 -7.71429
4948.5 5.14285
4949.5 -21.4286
4950.5 -19.8571
4951.5 -45.2857
4952.5 -6.85715
4953.5 -14.8571
4954.5 8.71428
4955.5 -23
4956.5 -7
4957.5 12.2857
4958.5 -1.85715
4959.5 1.14285
4960.5 48.7143
4961.5 -32
4962.5 11
4963.5 -3.14286
4964.5 -6.85715
4965.5 -26.7143
4966.5 -43.4286
4967.5 15.2857
4968.5 -12.4286
4969.5 -13.4286
4970.5 -18.5714
4971.5 -5.71429
4972.5 -1.71429
4973.5 -21.7143
4974.5 15
4975.5 -29
4976.5 -10.4286
4977.5 -33.1429
4978.5 25.8571
4979.5 2.71428
4980.5 11.4286
4981.5 29.1429
4982.5 68.4286
4983.5 -89.7143
4984.5 -35.8572
4985.5 -40.5714
4986.5 29.8571
4987.5 -10.7143
4988.5 9.57143
4989.5 -5
4990.5 -22
4991.5 -4.57143
4992.5 16.7143
4993.5 36
4994.5 -17.4286
4995.5 16.7143
4996.5 -61.4286
4997.5 -4.85715
4998.5 -1.57143
4999.5 -20.8571
5000.5 -16.1429
5001.5 -9.42857
5002.5 -11.7143
5003.5 -18.7143
5004.5 -35
5005.5 -108
5006.5 -34.7143
5007.5 -12.4286
5008.5 -42.8571
5009.5 36.7143
5010.5 6.14285
5011.5 34.5714
5012.5 -18.1429
5013.5 26.5714
5014.5 -10.5714
5015.5 8.42857
5016.5 5
5017.5 13.8571
5018.5 -34
5019.5 -48.5714
5020.5 -11.5714
5021.5 26.5714
5022.5 -28.2857
5023.5 -6.28572
5024.5 -17.7143
5025.5 -16
5026.5 21.4286
5027.5 9.42857
5028.5 9.57143
5029.5 61.7143
5030.5 -17.7143
5031.5 -8.42857
5032.5 9.28571
5033.5 -5.57143
5034.5 -89.2857
5035.5 -38.4286
5036.5 -91.1429
5037.5 -77.7143
5038.5 -50
5039.5 -8.28572
5040.5 -16
5041.5 -21.2857
5042.5 -0.857146
5043.5 -14.8571
5044.5 -23.1429
5045.5 -9.42857
5046.5 -10.1429
5047.5 -12.8571
5048.5 -3.71429
5049.5 13.8571
5050.5 28.5714
5051.5 -8.85715
5052.5 13.8571
5053.5 28.5714
5054.5 -17.1429
5055.5 -2.57143
5056.5 -17.2857
5057.5 25.1429
5058.5 -18.7143
5059.5 39.1429
5060.5 38.1429
5061.5 4.14285
5062.5 -12.2857
5063.5 -3.14286
5064.5 31
5065.5 -4.14286
5066.5 31.7143
5067.5 26
5068.5 -4.28572
5069.5 -9.85715
5070.5 3.42857
5071.5 -9
5072.5 -27.1429
5073.5 23.5714
5074.5 -21.8571
5075.5 29.8571
5076.5 -6.42857
5077.5 9.14285
5078.5 -3.42857
5079.5 10.4286
5080.5 5.14285
5081.5 33.2857
5082.5 -25.1429
5083.5 40.7143
5084.5 -35.5714
5085.5 -18.7143
5086.5 14.8571
5087.5 20.8571
5088.5 58.2857
5089.5 77
5090.5 38.7143
5091.5 11.7143
5092.5 9.85714
5093.5 -35.4286
5094.5 -14.4286
5095.5 25.4286
5096.5 37
5097.5 23
5098.5 15.7143
5099.5 34.8571
5100.5 36.2857
5101.5 8
5102.5 7
5103.5 33.7143
5104.5 -16.1429
5105.5 9.14285
5106.5 -16.7143
5107.5 -11.1429
5108.5 -34.8571
5109.5 -1.14286
5110.5 16.4286
5111.5 -22.2857
5112.5 -2.28572
5113.5 -27.7143
5114.5 35.2857
5115.5 -16
5116.5 -6.28572
5117.5 41.4286
5118.5 27.4286
5119.5 7
5120.5 0.142854
5121.5 1.71428
5122.5 -43.4286
5123.5 11.8571
5124.5 -12
5125.5 18.8571
5126.5 10
5127.5 -36.7143
5128.5 -0.571431
5129.5 -20.7143
5130.5 13.4286
5131.5 17
5132.5 35
5133.5 -1
5134.5 45.7143
5135.5 41
5136.5 20
5137.5 -6.85715
5138.5 21.2857
5139.5 -27.2857
5140.5 -3.28572
5141.5 -3.57143
5142.5 3
5143.5 -3.14286
5144.5 -21.7143
5145.5 -10
5146.5 2.71428
5147.5 7.85714
5148.5 -14.1429
5149.5 18
5150.5 -6.42857
5151.5 17.2857
5152.5 16.7143
5153.5 4.85714
5154.5 -1.14286
5155.5 0.571426
5156.5 -6.14286
5157.5 -29.4286
5158.5 30.7143
5159.5 -71.4286
5160.5 17.2857
5161.5 29.1429
5162.5 -12.8571
5163.5 -59
5164.5 -16.8571
5165.5 -13.8571
5166.5 -3.42857
5167.5 9.28571
5168.5 32
5169.5 20.1429
5170.5 -0.14286
5171.5 20.4286
5172.5 -4.28572
5173.5 38.4286
5174.5 -4
5175.5 1.42857
5176.5 8.42857
5177.5 16.8571
5178.5 32.7143
5179.5 -25.7143
5180.5 15.8571
5181.5 13.2857
5182.5 -6.42857
5183.5 -3.85715
5184.5 -22.7143
5185.5 5.71428
5186.5 -20.7143
5187.5 42.1429
5188.5 -27.1429
5189.5 9.71428
5190.5 -5.85715
5191.5 29.4286
5192.5 -32.7143
5193.5 -29.1429
5194.5 32.7143
5195.5 -27.5714
5196.5 23.8571
5197.5 48
5198.5 39.2857
5199.5 -7.42857
5200.5 19.5714
5201.5 18.4286
5202.5 5
5203.5 -36.2857
5204.5 14.7143
5205.5 30
5206.5 5
5207.5 -37.7143
5208.5 -1.28572
5209.5 -29.1429
5210.5 23.5714
5211.5 -35.4286
5212.5 5.71428
5213.5 -21.2857
5214.5 9.28571
5215.5 23.2857
5216.5 -11.2857
5217.5 -12.7143
5218.5 -39.4286
5219.5 8.14285
5220.5 -2.85715
5221.5 29
5222.5 -26.5714
5223.5 -24.1429
5224.5 -55.2857
5225.5 30.7143
5226.5 28
5227.5 5.14285
5228.5 -12.7143
5229.5 25.4286
5230.5 12.1429
5231.5 -23.5714
5232.5 -6.28572
5233.5 22.8571
5234.5 9.28571
5235.5 19.1429
5236.5 -2.68221e-06
5237.5 -0.14286
5238.5 25
5239.5 10.5714
5240.5 -31.2857
5241.5 22.1429
5242.5 9.28571
5243.5 7.85714
5244.5 19.7143
5245.5 -38.4286
5246.5 5.85714
5247.5 29.4286
5248.5 5.85714
5249.5 -4.57143
5250.5 -48.2857
5251.5 11.7143
5252.5 15.4286
5253.5 7.57143
5254.5 20.7143
5255.5 33.8571
5256.5 2.42857
5257.5 55.1429
5258.5 24
5259.5 15.1429
5260.5 -0.71429
5261.5 -35.5714
5262.5 -55.7143
5263.5 -43.4286
5264.5 9.99999
5265.5 15.8571
5266.5 -20
5267.5 -9.85715
5268.5 16.5714
5269.5 40.4286
5270.5 10
5271.5 14.4286
5272.5 -16.7143
5273.5 -4.42857
5274.5 6.57143
5275.5 5.14285
5276.5 15.2857
5277.5 13.1429
5278.5 -47.5714
5279.5 22.2857
5280.5 -7.85715
5281.5 -10.5714
5282.5 -14.1429
5283.5 -13.2857
5284.5 -16
5285.5 12.4286
5286.5 28.7143
5287.5 -9.42857
5288.5 1.14285
5289.5 -1.71429
5290.5 -12.7143
5291.5 -20.4286
5292.5 -14.7143
5293.5 -62.8571
5294.5 4.14286
5295.5 -5.42857
5296.5 -25.8571
5297.5 -42.8571
5298.5 -18.7143
5299.5 -45.1429
5300.5 1.42857
5301.5 28.7143
5302.5 -19.8571
5303.5 7.42857
5304.5 -13.2857
5305.5 11
5306.5 -28.1429
5307.5 5.85714
5308.5 8.42857
5309.5 14.5714
5310.5 12.2857
5311.5 10.2857
5312.5 -35.2857
5313.5 -30.4286
5314.5 -5.71429
5315.5 28.2857
5316.5 -19.5714
5317.5 29.4286
5318.5 -18.4286
5319.5 -73.1429
5320.5 3.71428
5321.5 -9.14286
5322.5 -7.71429
5323.5 -19
5324.5 8.57143
5325.5 9.71428
5326.5 -28.7143
5327.5 -18.8571
5328.5 -7.42857
5329.5 -9.28572
5330.5 -18.8571
5331.5 -10.2857
5332.5 -25.1429
5333.5 11
5334.5 -40
5335.5 12.2857
5336.5 0.571426
5337.5 -4.57143
5338.5 4.71428
5339.5 27.1429
5340.5 -33.8571
5341.5 20.4286
5342.5 6.71428
5343.5 -3.28572
5344.5 -2.28572
5345.5 -6
5346.5 9.71428
5347.5 -38.5714
5348.5 8.57143
5349.5 25.8571
5350.5 -18.8571
5351.5 15.7143
5352.5 1.99999
5353.5 -26
5354.5 66.5714
5355.5 79.1428
5356.5 34
5357.5 -39.8571
5358.5 4.85714
5359.5 41
5360.5 2
5361.5 -37.1429
5362.5 19
5363.5 4.85714
5364.5 26.7143
5365.5 -9.28572
5366.5 -1.28572
5367.5 15.4286
5368.5 -19
5369.5 -41.2857
5370.5 -19.7143
5371.5 -30
5372.5 19.4286
5373.5 34.7143
5374.5 -6.14286
5375.5 32.2857
5376.5 -6.28572
5377.5 36.7143
5378.5 -4.14286
5379.5 -14.5714
5380.5 5.28571
5381.5 8.28571
5382.5 21
5383.5 14.1429
5384.5 -19.2857
5385.5 18.1429
5386.5 -41.2857
5387.5 111.571
5388.5 1.57142
5389.5 27.4286
5390.5 -10.7143
5391.5 37.1428
5392.5 13.1428
5393.5 -32.2857
5394.5 102.143
5395.5 -13.4286
5396.5 45.2857
5397.5 -104.857
5398.5 -11
5399.5 0.571419
5400.5 -48.7143
5401.5 17.7143
5402.5 25.4286
5403.5 -13.8571
5404.5 -21.2857
5405.5 -22.7143
5406.5 28.8571
5407.5 25.4286
5408.5 14
5409.5 -6.28572
5410.5 -20
5411.5 14.2857
5412.5 26.7143
5413.5 -20
5414.5 -14
5415.5 5.42857
5416.5 -7.57143
5417.5 19.7143
5418.5 -3.85714
5419.5 -2.71429
5420.5 13.8571
5421.5 6.42857
5422.5 18
5423.5 -2.26498e-06
5424.5 -8.57143
5425.5 2.85714
5426.5 24.5714
5427.5 -18.4286
5428.5 30.8571
5429.5 20
5430.5 31.7143
5431.5 50.4286
5432.5 31.4286
5433.5 28.5714
5434.5 15.7143
5435.5 -18.2857
5436.5 -6.71429
5437.5 11.7143
5438.5 -19.1429
5439.5 10.5714
5440.5 -10.8571
5441.5 3.28571
5442.5 0.142855
5443.5 -19.8571
5444.5 -25.1429
5445.5 -4.42857
5446.5 -33
5447.5 9
5448.5 -25.1429
5449.5 -3.14286
5450.5 -21.7143
5451.5 35.1429
5452.5 18.2857
5453.5 -10.7143
5454.5 39.8571
5455.5 -30.4286
5456.5 -6.14286
5457.5 -12.1429
5458.5 16.4286
5459.5 -1.42857
5460.5 21.7143
5461.5 -7.42857
5462.5 -9.14286
5463.5 4.71428
5464.5 -12.8571
5465.5 30.7143
5466.5 -2
5467.5 9.28571
5468.5 -9
5469.5 -4.57143
5470.5 18.8571
5471.5 16.7143
5472.5 -14.7143
5473.5 -0.571431
5474.5 -33.1429
5475.5 -0.142859
5476.5 21.4286
5477.5 14.8571
5478.5 16
5479.5 -39.1429
5480.5 -7.71429
5481.5 -5.14286
5482.5 -32.4286
5483.5 32.4286
5484.5 -34.7143
5485.5 -30.2857
5486.5 11.4286
5487.5 -0.428575
5488.5 -0.71429
5489.5 -1.57143
5490.5 14.4286
5491.5 5
5492.5 33.7143
5493.5 -2.42857
5494.5 29.5714
5495.5 3.57143
5496.5 -17.1429
5497.5 -30.5714
5498.5 -27.7143
5499.5 1.57143
5500.5 9.14286
5501.5 0.428569
5502.5 -53.7143
5503.5 15.1429
5504.5 39.1429
5505.5 -13.1429
5506.5 31.5714
5507.5 -5.71429
5508.5 -9.57143
5509.5 13.5714
5510.5 -6.28572
5511.5 -47.4286
5512.5 58.1429
5513.5 -43
5514.5 38.7143
5515.5 4.42857
5516.5 -9.57143
5517.5 -28.7143
5518.5 -12.2857
5519.5 -10.1429
5520.5 6.85714
5521.5 19.2857
5522.5 -11.2857
5523.5 -45.5714
5524.5 -8
5525.5 3.14285
5526.5 8.57143
5527.5 5
5528.5 -30.4286
5529.5 -1.71429
5530.5 47.1429
5531.5 18.2857
5532.5 43.7143
5533.5 -2.85715
5534.5 -42.8571
5535.5 -13.2857
5536.5 5.14285
5537.5 1.28571
5538.5 -42.4286
5539.5 34.1429
5540.5 -13.2857
5541.5 -0.142859
5542.5 -4.71429
5543.5 -12.1429
5544.5 -33
5545.5 -29.2857
5546.5 5.42857
5547.5 -2.85714
5548.5 3.57143
5549.5 2
5550.5 8.28571
5551.5 -12.5714
5552.5 -2.42857
5553.5 27.1429
5554.5 -3.14286
5555.5 20
5556.5 17.5714
5557.5 3.42857
5558.5 27
5559.5 -9
5560.5 2.71428
5561.5 13.2857
5562.5 5.85714
5563.5 2.14286
5564.5 -17.2857
5565.5 -37.1429
5566.5 -30.8571
5567.5 -5.42857
5568.5 10.8571
5569.5 -12.2857
5570.5 -16.5714
5571.5 5.42857
5572.5 -18.8571
5573.5 -2.71429
5574.5 -30.5714
5575.5 21.2857
5576.5 -10.2857
5577.5 29.5714
5578.5 24.1429
5579.5 6
5580.5 15
5581.5 10.4286
5582.5 -2.71429
5583.5 21.4286
5584.5 18.8571
5585.5 5.14285
5586.5 13.5714
5587.5 -11.8571
5588.5 0.999998
5589.5 2.85714
5590.5 14.7143
5591.5 -42.2857
5592.5 47.7143
5593.5 17.5714
5594.5 37.4286
5595.5 4.28571
5596.5 -19.1429
5597.5 2.57143
5598.5 -4.42857
5599.5 -5
5600.5 -14.2857
5601.5 -20.5714
5602.5 -4.42857
5603.5 2.28571
5604.5 -32.7143
5605.5 16
5606.5 9.85714
5607.5 -23.5714
5608.5 14.4286
5609.5 13.5714
5610.5 -10.4286
5611.5 -0.428576
5612.5 28.4286
5613.5 -4.00001
5614.5 -39.1429
5615.5 -19.7143
5616.5 -35.1429
5617.5 -41.7143
5618.5 -29.8571
5619.5 -15.1429
5620.5 -23.2857
5621.5 -23.7143
5622.5 -30.1429
5623.5 -23.1429
5624.5 2.85714
5625.5 -23
5626.5 22.5714
5627.5 -10.2857
5628.5 -4
5629.5 53.8571
5630.5 -5.71429
5631.5 44.2857
5632.5 6.71428
5633.5 -0.142859
5634.5 27.1429
5635.5 -14.1429
5636.5 6.57143
5637.5 1.71428
5638.5 -1.71429
5639.5 48.7143
5640.5 0.999998
5641.5 -24.7143
5642.5 -15.5714
5643.5 -3.14286
5644.5 1.71428
5645.5 -10.5714
5646.5 -4.42857
5647.5 18.7143
5648.5 -17.4286
5649.5 -24.7143
5650.5 -10.4286
5651.5 51.1429
5652.5 9.57143
5653.5 5.42857
5654.5 13.2857
5655.5 14.1429
5656.5 9.85714
5657.5 -12.1429
5658.5 29.4286
5659.5 23
5660.5 15.4286
5661.5 -8.71429
5662.5 -0.142859
5663.5 -3.71429
5664.5 27
5665.5 17
5666.5 -0.428573
5667.5 5.57143
5668.5 14.8571
5669.5 -30.5714
5670.5 13.1429
5671.5 -9.85715
5672.5 -39
5673.5 -45.2857
5674.5 -31.7143
5675.5 5
5676.5 -27.1429
5677.5 -13.2857
5678.5 5.14286
5679.5 34.8571
5680.5 -18.1429
5681.5 10.2857
5682.5 -4.14286
5683.5 12.7143
5684.5 23.1429
5685.5 1.85714
5686.5 -2.85714
5687.5 13.8571
5688.5 -16.7143
5689.5 22.2857
5690.5 -11
5691.5 33.5714
5692.5 33.4286
5693.5 4.28571
5694.5 13.7143
5695.5 2.57143
5696.5 8.85714
5697.5 -17.1429
5698.5 5.85714
5699.5 -28
5700.5 -1.28572
5701.5 12.2857
5702.5 58
5703.5 5.28571
5704.5 20.1429
5705.5 29.4286
5706.5 37
5707.5 9.42857
5708.5 14.8571
5709.5 21.2857
5710.5 18.1429
5711.5 10.5714
5712.5 24.5714
5713.5 10.4286
5714.5 42.8571
5715.5 -3
5716.5 -8.28572
5717.5 -7.71429
5718.5 19.7143
5719.5 16
5720.5 -6.85715
5721.5 -25.1429
5722.5 -2.42857
5723.5 1.71428
5724.5 -1
5725.5 11.8571
5726.5 34.5714
5727.5 -2
5728.5 3.71428
5729.5 0.714284
5730.5 13.7143
5731.5 11.5714
5732.5 -23.2857
5733.5 8.57143
5734.5 -18.5714
5735.5 13.4286
5736.5 2.42857
5737.5 14.5714
5738.5 7.14285
5739.5 -7.71429
5740.5 17
5741.5 -32.8571
5742.5 -0.142859
5743.5 -8.28572
5744.5 -0.571431
5745.5 -34.5714
5746.5 14.2857
5747.5 -18.4286
5748.5 11.1429
5749.5 -41.8571
5750.5 -18.4286
5751.5 -36
5752.5 21.1429
5753.5 -26
5754.5 26.7143
5755.5 -14.4286
5756.5 36.4286
5757.5 -1.71429
5758.5 42.4286
5759.5 -5.28572
5760.5 13
5761.5 13.2857
5762.5 4
5763.5 4.28571
5764.5 24.5714
5765.5 -14.8571
5766.5 -1.60933e-06
5767.5 9.85714
5768.5 39.5714
5769.5 -14.5714
5770.5 17.4286
5771.5 -7
5772.5 -7.57143
5773.5 -25.1429
5774.5 -14.5714
5775.5 23.2857
5776.5 0.42857
5777.5 32.4286
5778.5 31.7143
5779.5 -3.42857
5780.5 -7.14286
5781.5 11.1429
5782.5 7.42857
5783.5 -8.57143
5784.5 -16.7143
5785.5 6.28571
5786.5 15.7143
5787.5 -21.2857
5788.5 1.71428
5789.5 -20.7143
5790.5 -0.571431
5791.5 -27.8571
5792.5 25.1429
5793.5 22.2857
5794.5 12.5714
5795.5 6.57143
5796.5 27
5797.5 -7.14286
5798.5 -8
5799.5 17
5800.5 22.4286
5801.5 12.1429
5802.5 -4.14286
5803.5 -2.28572
5804.5 -5.85714
5805.5 21.4286
5806.5 11.4286
5807.5 -11.2857
5808.5 11.7143
5809.5 19.4286
5810.5 3.28571
5811.5 -0.714287
5812.5 -21.2857
5813.5 -25.5714
5814.5 2.71428
5815.5 -36
5816.5 -6
5817.5 12.4286
5818.5 -4.71429
5819.5 -6.14286
5820.5 15.4286
5821.5 -26.2857
5822.5 0.42857
5823.5 0.857141
5824.5 -1.28572
5825.5 -22
5826.5 34.7143
5827.5 -32.8571
5828.5 10
5829.5 17.7143
5830.5 7.42857
5831.5 51.4286
5832.5 7
5833.5 27
5834.5 23
5835.5 -8.28572
5836.5 4.85714
5837.5 -17.5714
5838.5 11
5839.5 7.57142
5840.5 -11.8571
5841.5 -23.4286
5842.5 60.2857
5843.5 -12.1429
5844.5 32.4286
5845.5 -19.1429
5846.5 13.1429
5847.5 -12.5714
5848.5 14.4286
5849.5 7.28571
5850.5 -12.8571
5851.5 -9.71429
5852.5 16.5714
5853.5 -7.85714
5854.5 -15.5714
5855.5 -6.71429
5856.5 -36.4286
5857.5 -16.4286
5858.5 1.85714
5859.5 -5
5860.5 2.57143
5861.5 -20.4286
5862.5 1.28571
5863.5 -27.4286
5864.5 16.8571
5865.5 -22.1429
5866.5 -6.71429
5867.5 -3
5868.5 12.7143
5869.5 -1.37091e-06
5870.5 -5.57143
5871.5 -0.142859
5872.5 7.71428
5873.5 -4
5874.5 6.71428
5875.5 2
5876.5 -2
5877.5 -0.57143
5878.5 -13.7143
5879.5 13.7143
5880.5 9
5881.5 18.5714
5882.5 11.4286
5883.5 -1.85714
5884.5 -35.7143
5885.5 19.4286
5886.5 -19
5887.5 11.4286
5888.5 -5.71429
5889.5 17.4286
5890.5 -11.4286
5891.5 -23.7143
5892.5 -26.7143
5893.5 -13.8571
5894.5 -19.2857
5895.5 19
5896.5 -98
5897.5 16.1428
5898.5 17.1428
5899.5 -67.4286
5900.5 -109.571
5901.5 6.57141
5902.5 -27.8572
5903.5 -9.85715
5904.5 32.4286
5905.5 -2.42857
5906.5 -3.14286
5907.5 21.8571
5908.5 -27.7143
5909.5 12.1429
5910.5 -23.2857
5911.5 -16.1429
5912.5 16.4286
5913.5 -13.7143
5914.5 32.4286
5915.5 -2.42857
5916.5 18.2857
5917.5 -5.42857
5918.5 -1.85714
5919.5 9.57143
5920.5 -22.2857
5921.5 13.5714
5922.5 -5.71429
5923.5 -1.57143
5924.5 8
5925.5 0.285713
5926.5 -8
5927.5 0.857142
5928.5 -8.57143
5929.5 8.42857
5930.5 -8
5931.5 -20
5932.5 0.571427
5933.5 -6.42857
5934.5 25.5714
5935.5 -15.4286
5936.5 -23.4286
5937.5 -1
5938.5 7.42857
5939.5 12.2857
5940.5 -13.4286
5941.5 13
5942.5 -14.5714
5943.5 3.14286
5944.5 -12.4286
5945.5 21.1429
5946.5 -2.28572
5947.5 14
5948.5 -2.71429
5949.5 4.85714
5950.5 -4
5951.5 -13.4286
5952.5 18
5953.5 -10
5954.5 -20
5955.5 -19.1429
5956.5 9.14286
5957.5 -1.42857
5958.5 2.71428
5959.5 3.28571
5960.5 20.8571
5961.5 16.1429
5962.5 -5.71429
5963.5 16.7143
5964.5 40
5965.5 -23.2857
5966.5 3
5967.5 48.1429
5968.5 84.1429
5969.5 21.2857
5970.5 48.4286
5971.5 19
5972.5 6
5973.5 6.85714
5974.5 23
5975.5 -9
5976.5 15
5977.5 14.4286
5978.5 -3.57143
5979.5 26
5980.5 -11.8571
5981.5 -15
5982.5 12.8571
5983.5 -25.7143
5984.5 1.28571
5985.5 20.2857
5986.5 12.2857
5987.5 2.71428
5988.5 -8.57143
5989.5 -27.2857
5990.5 -3.14286
5991.5 13.5714
5992.5 -22
5993.5 -37.1429
5994.5 11.5714
5995.5 -24.4286
5996.5 24.5714
5997.5 -32.8571
5998.5 5.42857
5999.5 1.85714
6000.5 25.1428
6001.5 -55.4286
6002.5 45.4286
6003.5 24
6004.5 39.8571
6005.5 4
6006.5 -4
6007.5 -9
6008.5 -6.71429
6009.5 -9.57143
6010.5 -18.4286
6011.5 -24.8571
6012.5 8
6013.5 15.4286
6014.5 -6
6015.5 11.2857
6016.5 -11.8571
6017.5 -3.57143
6018.5 -9.71429
6019.5 -25.5714
6020.5 0.857142
6021.5 -6.28572
6022.5 -16.2857
6023.5 -6.28572
6024.5 -31.1429
6025.5 12.8571
6026.5 2.28571
6027.5 -11.1429
6028.5 -4
6029.5 -7.71429
6030.5 -11.5714
6031.5 -38.2857
6032.5 -8.85715
6033.5 -27.2857
6034.5 1.71428
6035.5 -7.42858
6036.5 0.999995
6037.5 -6.57143
6038.5 11.2857
6039.5 -7.71429
6040.5 -18.2857
6041.5 11.8571
6042.5 -15
6043.5 -2.42857
6044.5 -13.4286
6045.5 25
6046.5 14.8571
6047.5 -5.57143
6048.5 -18.4286
6049.5 16.1429
6050.5 5.14286
6051.5 9.14286
6052.5 13.7143
6053.5 -19.7143
6054.5 -18.8571
6055.5 -4.71429
6056.5 8.42857
6057.5 13.8571
6058.5 8.57143
6059.5 -28.7143
6060.5 3.28571
6061.5 17.7143
6062.5 6.14286
6063.5 7.28571
6064.5 -14.4286
6065.5 -8.85714
6066.5 37.7143
6067.5 0.571428
6068.5 19.4286
6069.5 -14.4286
6070.5 -21.7143
6071.5 -1.14286
6072.5 -9.53674e-07
6073.5 40.4286
6074.5 -9.14286
6075.5 7.57143
6076.5 1.85714
6077.5 9
6078.5 6.71428
6079.5 3.71428
6080.5 1.57143
6081.5 13.5714
6082.5 1.85714
6083.5 3
6084.5 -2.14286
6085.5 15
6086.5 0.857142
6087.5 3.14286
6088.5 -11.5714
6089.5 27
6090.5 20.4286
6091.5 -5.42857
6092.5 4.71428
6093.5 -2.71429
6094.5 -0.142858
6095.5 9.14286
6096.5 9.14286
6097.5 8.28571
6098.5 -9.85714
6099.5 -12.8571
6100.5 36.1429
6101.5 14.2857
6102.5 18.8571
6103.5 -15.5714
6104.5 37.2857
6105.5 -18.2857
6106.5 2
6107.5 2.14286
6108.5 8.71428
6109.5 3.42857
6110.5 -27.1429
6111.5 3
6112.5 34.8571
6113.5 -21.7143
6114.5 -18.1429
6115.5 11
6116.5 -3.14286
6117.5 23.5714
6118.5 -3.42857
6119.5 43
6120.5 -36.8571
6121.5 -18.4286
6122.5 9.71428
6123.5 43
6124.5 71.4286
6125.5 60.1428
6126.5 -21.8572
6127.5 64.1429
6128.5 -4.42857
6129.5 -32
6130.5 -1
6131.5 2.42857
6132.5 -8.57143
6133.5 26.5714
6134.5 -25
6135.5 -26.2857
6136.5 -5.85714
6137.5 1.28571
6138.5 -16.5714
6139.5 -21
6140.5 10
6141.5 4.57143
6142.5 1.71428
6143.5 -13.1429
6144.5 9.42857
6145.5 -13.8571
6146.5 4
6147.5 -14.4286
6148.5 -1.07288e-06
6149.5 -4.42857
6150.5 -1.14286
6151.5 21.8571
6152.5 -14
6153.5 -20.4286
6154.5 2
6155.5 -10.1429
6156.5 11.4286
6157.5 10.5714
6158.5 13
6159.5 0.142856
6160.5 5.14286
6161.5 -2.28572
6162.5 -0.142858
6163.5 5.28571
6164.5 -25.8571
6165.5 3
6166.5 1.57143
6167.5 1.71428
6168.5 4
6169.5 22.1429
6170.5 -13.5714
6171.5 -6.28571
6172.5 -2.85714
6173.5 -8.28572
6174.5 -0.714287
6175.5 5.14286
6176.5 20.5714
6177.5 -3.71429
6178.5 9.57143
6179.5 10.1429
6180.5 -3.42857
6181.5 3.85714
6182.5 7.57143
6183.5 -20
6184.5 -7.57143
6185.5 -26.4286
6186.5 1.42857
6187.5 0.142856
6188.5 1.57143
6189.5 19.7143
6190.5 -5
6191.5 6.57143
6192.5 -6.85714
6193.5 16.4286
6194.5 -4
6195.5 3.85714
6196.5 -6.28572
6197.5 0.714285
6198.5 9.57143
6199.5 -1.85714
6200.5 6.57143
6201.5 0.999999
6202.5 -10.7143
6203.5 24
6204.5 20.7143
6205.5 -0.857144
6206.5 -28.2857
6207.5 -7.57143
6208.5 7.42857
6209.5 -11.2857
6210.5 -6.85714
6211.5 8.28571
6212.5 4.71428
6213.5 0.285713
6214.5 9
6215.5 16.8571
6216.5 16
6217.5 -0.571429
6218.5 -1
6219.5 5.57143
6220.5 -5.71429
6221.5 17.8571
6222.5 22.1429
6223.5 45.7143
6224.5 18
6225.5 5
6226.5 -5.57143
6227.5 -2.85714
6228.5 18.5714
6229.5 -22.7143
6230.5 10.8571
6231.5 -6.85714
6232.5 -22.4286
6233.5 5.85714
6234.5 -11.1429
6235.5 13.4286
6236.5 -11.8571
6237.5 2.42857
6238.5 -10.4286
6239.5 -3.42857
6240.5 26.1429
6241.5 -13.1429
6242.5 13.8571
6243.5 -5.71429
6244.5 -6.42857
6245.5 27.7143
6246.5 -3.28572
6247.5 10.2857
6248.5 23.4286
6249.5 -5.57143
6250.5 13
6251.5 15.7143
6252.5 5.28571
6253.5 7.28571
6254.5 -2.71429
6255.5 -0.285715
6256.5 15.8571
6257.5 -0.857144
6258.5 30.8571
6259.5 -3.42857
6260.5 0.714285
6261.5 12.5714
6262.5 -23.5714
6263.5 4.42857
6264.5 -6.57143
6265.5 -5
6266.5 19.4286
6267.5 4.71428
6268.5 -7.85714
6269.5 1.14286
6270.5 5.71429
6271.5 0.428571
6272.5 -2.85714
6273.5 -4.28572
6274.5 18.4286
6275.5 2
6276.5 18.7143
6277.5 3.71428
6278.5 -4.85714
6279.5 -10.2857
6280.5 1.57143
6281.5 15
6282.5 14.1429
6283.5 -5
6284.5 -12.5714
6285.5 7.14286
6286.5 5.14286
6287.5 15
6288.5 6.85714
6289.5 11.7143
6290.5 11.4286
6291.5 9.42857
6292.5 -7.57143
6293.5 -2.28571
6294.5 5.57143
6295.5 24.2857
6296.5 2.28571
6297.5 4.71428
6298.5 -22.8571
6299.5 11
6300.5 -10.5714
6301.5 10.4286
6302.5 -26.8571
6303.5 -6.42857
6304.5 -9.85714
6305.5 7.85714
6306.5 5.14286
6307.5 5.85714
6308.5 -4.57143
6309.5 1.14286
6310.5 -4.71429
6311.5 6.14286
6312.5 -2.14286
6313.5 7.14286
6314.5 -9.14286
6315.5 11.8571
6316.5 9.42857
6317.5 -7.7486e-07
6318.5 0.857142
6319.5 11.4286
6320.5 3.14286
6321.5 8.14286
6322.5 15.5714
6323.5 4.42857
6324.5 21.1429
6325.5 -5.28572
6326.5 8
6327.5 3.42857
6328.5 6.71428
6329.5 6.71428
6330.5 -28.5714
6331.5 -4.14286
6332.5 11.8571
6333.5 0.142856
6334.5 7.42857
6335.5 1.28571
6336.5 -19.2857
6337.5 -15.7143
6338.5 -3.57143
6339.5 6
6340.5 6.28571
6341.5 -9.28572
6342.5 3.42857
6343.5 32.8571
6344.5 11.7143
6345.5 15
6346.5 7
6347.5 4.42857
6348.5 3.85714
6349.5 -3
6350.5 9.42857
6351.5 -1.57143
6352.5 -7.14286
6353.5 -23.5714
6354.5 -19.4286
6355.5 -9
6356.5 -1
6357.5 -14.2857
6358.5 -0.285715
6359.5 17
6360.5 18
6361.5 8.71429
6362.5 -1.57143
6363.5 14.2857
6364.5 4.14286
6365.5 5
6366.5 -8
6367.5 -3.42857
6368.5 4.42857
6369.5 -11.1429
6370.5 8
6371.5 10
6372.5 -5.71429
6373.5 -6.42857
6374.5 -6.28571
6375.5 4.28571
6376.5 4.42857
6377.5 10.8571
6378.5 3.42857
6379.5 4.42857
6380.5 3.71429
6381.5 -1.28571
6382.5 -15.8571
6383.5 -13.1429
6384.5 -8
6385.5 -12.2857
6386.5 -2
6387.5 -15
6388.5 -5.96046e-07
6389.5 -3.14286
6390.5 -5.14286
6391.5 -0.714287
6392.5 -0.142858
6393.5 -17
6394.5 -18.2857
6395.5 -7.28572
6396.5 21.2857
6397.5 10.8571
6398.5 0.428571
6399.5 -14.7143
6400.5 12.4286
6401.5 2.28571
6402.5 -16.7143
6403.5 9.42857
6404.5 -6.55651e-07
6405.5 5.85714
6406.5 -4.57143
6407.5 -18.1429
6408.5 11.8571
6409.5 21.2857
6410.5 -14.7143
6411.5 7.14286
6412.5 16.8571
6413.5 -6.42857
6414.5 -3.28571
6415.5 -22.7143
6416.5 11.8571
6417.5 -14.2857
6418.5 -1.19209e-06
6419.5 14.1429
6420.5 8
6421.5 -14.8571
6422.5 8
6423.5 -22.7143
6424.5 -4.71429
6425.5 11.5714
6426.5 27.8571
6427.5 19.1429
6428.5 22.8571
6429.5 5.71429
6430.5 -7.42857
6431.5 -0.428572
6432.5 -19.2857
6433.5 -4.28571
6434.5 0.428571
6435.5 -30
6436.5 -0.428572
6437.5 2
6438.5 6.71428
6439.5 17.2857
6440.5 -21.7143
6441.5 -15.1429
6442.5 -4.42857
6443.5 -12.8571
6444.5 -2.28572
6445.5 -9
6446.5 -15.1429
6447.5 -2.42857
6448.5 -9
6449.5 -1.57143
6450.5 11.8571
6451.5 19
6452.5 -20.7143
6453.5 -2.85714
6454.5 -8.71429
6455.5 2.85714
6456.5 -6.71429
6457.5 6.71429
6458.5 1.85714
6459.5 14.8571
6460.5 -6.57143
6461.5 27.5714
6462.5 1.42857
6463.5 19.8571
6464.5 11.2857
6465.5 18.7143
6466.5 10.1429
6467.5 19
6468.5 -6.57143
6469.5 -7.57143
6470.5 -19.4286
6471.5 3.14286
6472.5 8.28571
6473.5 0.285713
6474.5 52.5714
6475.5 7.14286
6476.5 47.2857
6477.5 27.1429
6478.5 60.4286
6479.5 97.5714
6480.5 50.5714
6481.5 56.4286
6482.5 45.4286
6483.5 25.7143
6484.5 22.2857
6485.5 9.85714
6486.5 -6.42857
6487.5 2
6488.5 0.714285
6489.5 -7.42857
6490.5 -33.5714
6491.5 15.5714
6492.5 -8
6493.5 9.14286
6494.5 2
6495.5 3.71429
6496.5 -3.71429
6497.5 -13.5714
6498.5 3
6499.5 6.14286
6500.5 -6
6501.5 -1.42857
6502.5 8
6503.5 -5.85714
6504.5 1.42857
6505.5 -10.8571
6506.5 -10.5714
6507.5 -7.14286
6508.5 20.4286
6509.5 4.42857
6510.5 -1.57143
6511.5 -7.85714
6512.5 9.85714
6513.5 12.5714
6514.5 -6.71429
6515.5 3.42857
6516.5 5.28571
6517.5 -7.71429
6518.5 0.857142
6519.5 13.1429
6520.5 -3
6521.5 -5.57143
6522.5 11.8571
6523.5 -29.5714
6524.5 -0.142858
6525.5 6.57143
6526.5 -5.42857
6527.5 -5.14286
6528.5 5
6529.5 -3.28571
6530.5 9
6531.5 -15.4286
6532.5 -6.71429
6533.5 3.71429
6534.5 -4.14286
6535.5 16.1429
6536.5 -7.14286
6537.5 -10.5714
6538.5 6
6539.5 -8.42857
6540.5 20.5714
6541.5 31.4286
6542.5 -12.7143
6543.5 -25.5714
6544.5 -36.4286
6545.5 -17.2857
6546.5 16.1429
6547.5 -54.8571
6548.5 -20
6549.5 16.1429
6550.5 -12
6551.5 -14.1429
6552.5 -0.285715
6553.5 11.5714
6554.5 0.142857
6555.5 15.1429
6556.5 -6.28571
6557.5 -15.4286
6558.5 -7.42857
6559.5 5.28571
6560.5 -16.2857
6561.5 -0.428572
6562.5 1.57143
6563.5 -23.7143
6564.5 -11.5714
6565.5 -5.28572
6566.5 7
6567.5 5.85714
6568.5 -3.71429
6569.5 -11.2857
6570.5 -8.28571
6571.5 0.428571
6572.5 -20.4286
6573.5 0.714285
6574.5 6.85714
6575.5 -2.42857
6576.5 -3.14286
6577.5 -2.71429
6578.5 7.28571
6579.5 4.85714
6580.5 -4.28571
6581.5 16
6582.5 -20.5714
6583.5 9.57143
6584.5 10.5714
6585.5 -2.85714
6586.5 -4.71429
6587.5 -5.85714
6588.5 0.714285
6589.5 4.57143
6590.5 5.28571
6591.5 -4.71429
6592.5 6.14286
6593.5 -1.85714
6594.5 -3.71429
6595.5 -22.7143
6596.5 -2
6597.5 -11
6598.5 -12
6599.5 0.857142
6600.5 2
6601.5 -10.8571
6602.5 20.4286
6603.5 -11.1429
6604.5 -10.8571
6605.5 13.2857
6606.5 -7.28571
6607.5 -2
6608.5 15.7143
6609.5 -0.857143
6610.5 1.14286
6611.5 9.14286
6612.5 -7
6613.5 1.85714
6614.5 -21
6615.5 -2.14286
6616.5 -3.14286
6617.5 -3.14286
6618.5 7.42857
6619.5 -28
6620.5 -6.85714
6621.5 3.71429
6622.5 -2.14286
6623.5 -2
6624.5 0.857142
6625.5 -11.7143
6626.5 0.857142
6627.5 18.5714
6628.5 6
6629.5 -4.71429
6630.5 11.7143
6631.5 -9.28571
6632.5 -13.4286
6633.5 -1.42857
6634.5 5.28571
6635.5 -9.57143
6636.5 -6.85714
6637.5 -9
6638.5 11.7143
6639.5 -20
6640.5 3.28571
6641.5 1.28571
6642.5 1.85714
6643.5 1.42857
6644.5 -10.4286
6645.5 -8.71429
6646.5 -9.14286
6647.5 -32.2857
6648.5 9.14286
6649.5 -3.28572
6650.5 2
6651.5 -13
6652.5 4.42857
6653.5 -3
6654.5 1.14286
6655.5 13.2857
6656.5 9
6657.5 11
6658.5 14.4286
6659.5 5.85714
6660.5 0.142857
6661.5 -5.71429
6662.5 7.57143
6663.5 -3.14286
6664.5 19.7143
6665.5 -1.14286
6666.5 1.71429
6667.5 -4.17233e-07
6668.5 -0.857143
6669.5 10
6670.5 9.57143
6671.5 0.285714
6672.5 -4.14286
6673.5 -4.85714
6674.5 13.8571
6675.5 7.85714
6676.5 3.57143
6677.5 -12.2857
6678.5 -0.714286
6679.5 5
6680.5 -18.4286
6681.5 -4
6682.5 -9.71429
6683.5 6
6684.5 -9.57143
6685.5 -9.71429
6686.5 -12
6687.5 6.71429
6688.5 -6.42857
6689.5 -1.14286
6690.5 2.85714
6691.5 -15.2857
6692.5 -19
6693.5 19.4286
6694.5 0.999999
6695.5 33
6696.5 -14.5714
6697.5 -1.28572
6698.5 -21.8571
6699.5 20.7143
6700.5 -0.714286
6701.5 3.14286
6702.5 12.5714
6703.5 2.85714
6704.5 -1.57143
6705.5 11.5714
6706.5 -7
6707.5 1.42857
6708.5 -1.71429
6709.5 -0.857143
6710.5 16.8571
6711.5 2.71429
6712.5 7.71429
6713.5 -3.42857
6714.5 12.7143
6715.5 -10.4286
6716.5 6.28571
6717.5 -21.5714
6718.5 -1.28571
6719.5 4.28571
6720.5 -5.57143
6721.5 -14.4286
6722.5 -11.5714
6723.5 -0.571429
6724.5 -0.285715
6725.5 1.85714
6726.5 -4.28571
6727.5 -30.5714
6728.5 10
6729.5 -16.4286
6730.5 24.8571
6731.5 13.8571
6732.5 -0.857143
6733.5 43.4286
6734.5 9.57143
6735.5 4.28571
6736.5 17.1429
6737.5 11.8571
6738.5 15.1429
6739.5 -13
6740.5 7
6741.5 1.57143
6742.5 -6.57143
6743.5 -4.71429
6744.5 -14.4286
6745.5 4.42857
6746.5 -3.28571
6747.5 8.85714
6748.5 -21.8571
6749.5 -4.14286
6750.5 -12.8571
6751.5 1.71428
6752.5 3.14286
6753.5 -14.5714
6754.5 -5.57143
6755.5 1.85714
6756.5 0.428571
6757.5 -8.14286
6758.5 -13.8571
6759.5 -13
6760.5 -14.1429
6761.5 -9.42857
6762.5 2
6763.5 -12.7143
6764.5 -7.42857
6765.5 -22.1429
6766.5 -6.42857
6767.5 -14.2857
6768.5 18.1429
6769.5 2.28571
6770.5 14.2857
6771.5 16.7143
6772.5 -33.1429
6773.5 9
6774.5 -2.28572
6775.5 5.71428
6776.5 9
6777.5 1.57143
6778.5 -10.8571
6779.5 13.1429
6780.5 18
6781.5 32.1429
6782.5 38.8571
6783.5 24.4286
6784.5 10.8571
6785.5 -19.7143
6786.5 -8.42857
6787.5 8.71429
6788.5 -8.14286
6789.5 -2.42857
6790.5 -3.28571
6791.5 -13.4286
6792.5 -6.42857
6793.5 -4.71429
6794.5 0.714285
6795.5 0.428571
6796.5 -8.28571
6797.5 -6.85714
6798.5 4.28571
6799.5 8.71429
6800.5 1.85714
6801.5 15.5714
6802.5 4.28571
6803.5 -9
6804.5 11.7143
6805.5 9
6806.5 -12.1429
6807.5 -1.42857
6808.5 5.14286
6809.5 -11.1429
6810.5 5.14286
6811.5 -5.57143
6812.5 -0.142858
6813.5 2.28571
6814.5 -9.42857
6815.5 2
6816.5 -21.2857
6817.5 13
6818.5 7.71429
6819.5 -0.714286
6820.5 -3.57628e-07
6821.5 -4.57143
6822.5 -2.57143
6823.5 -5.28571
6824.5 4.42857
6825.5 4.85714
6826.5 4.57143
6827.5 19.4286
6828.5 -3.14286
6829.5 -5.28571
6830.5 -7.85714
6831.5 -0.714286
6832.5 -4.57143
6833.5 -0.142857
6834.5 -0.571429
6835.5 9.14286
6836.5 21.1429
6837.5 6
6838.5 6.71429
6839.5 -13
6840.5 7.57143
6841.5 23.5714
6842.5 -14.1429
6843.5 -11
6844.5 3.42857
6845.5 8.14286
6846.5 -4.85714
6847.5 0.571428
6848.5 5.71429
6849.5 -15.8571
6850.5 9.57143
6851.5 8.57143
6852.5 -22.2857
6853.5 0.428571
6854.5 11.4286
6855.5 -1.85714
6856.5 0.428571
6857.5 4.71429
6858.5 -2.28571
6859.5 -6.57143
6860.5 7.14286
6861.5 -5.14286
6862.5 -5.71429
6863.5 -0.714286
6864.5 -5.57143
6865.5 18.2857
6866.5 3.57143
6867.5 14.2857
6868.5 -1
6869.5 2.71429
6870.5 -7.57143
6871.5 -24.2857
6872.5 6
6873.5 12.8571
6874.5 -5.42857
6875.5 -5.71429
6876.5 -2
6877.5 -6.14286
6878.5 -1.71429
6879.5 -3.14286
6880.5 -2.85714
6881.5 -1.85714
6882.5 10.8571
6883.5 1.14286
6884.5 7
6885.5 10.1429
6886.5 -7.14286
6887.5 6.85714
6888.5 -5.85714
6889.5 -7.42857
6890.5 -0.571429
6891.5 -0.714286
6892.5 11.4286
6893.5 7.85714
6894.5 13.4286
6895.5 -10.1429
6896.5 5.85714
6897.5 -4.71429
6898.5 12
6899.5 -12.2857
6900.5 -9
6901.5 5.85714
6902.5 14.8571
6903.5 17.4286
6904.5 -1.28572
6905.5 -11.4286
6906.5 -5.57143
6907.5 -7.28572
6908.5 4.14286
6909.5 11
6910.5 4.28571
6911.5 -13.1429
6912.5 -8
6913.5 -2.57143
6914.5 -3.57143
6915.5 -26.7143
6916.5 4.71429
6917.5 10.4286
6918.5 -5.71429
6919.5 -9.71429
6920.5 5.85714
6921.5 -5.57143
6922.5 -8.71429
6923.5 4
6924.5 2.42857
6925.5 4.42857
6926.5 -6.42857
6927.5 -7.28571
6928.5 -30.7143
6929.5 7.42857
6930.5 5.85714
6931.5 -14.5714
6932.5 8.85714
6933.5 4.42857
6934.5 -1.71429
6935.5 -33.7143
6936.5 6.57143
6937.5 4.85714
6938.5 25.8571
6939.5 -12.4286
6940.5 0.142857
6941.5 19.7143
6942.5 5.14286
6943.5 0.571428
6944.5 -10
6945.5 24.1429
6946.5 8.85714
6947.5 8.85714
6948.5 -19.1429
6949.5 -6.14286
6950.5 7.14286
6951.5 6
6952.5 -1.71429
6953.5 -3.71429
6954.5 5
6955.5 14.1429
6956.5 -11.8571
6957.5 -14
6958.5 18.8571
6959.5 -4.28571
6960.5 -7.42857
6961.5 -8.42857
6962.5 5.42857
6963.5 7.71429
6964.5 8
6965.5 3.42857
6966.5 -5.14286
6967.5 -1.71429
6968.5 -1.14286
6969.5 2.14286
6970.5 -2.57143
6971.5 3.57143
6972.5 1.42857
6973.5 5.57143
6974.5 4.57143
6975.5 -4.17233e-07
6976.5 14.2857
6977.5 -12.1429
6978.5 -3
6979.5 -5.71429
6980.5 -4.85714
6981.5 4.42857
6982.5 -12.5714
6983.5 2.85714
6984.5 8
6985.5 1.85714
6986.5 7.28571
6987.5 -3.28571
6988.5 -0.714286
6989.5 1
6990.5 -3.42857
6991.5 4
6992.5 -17.2857
6993.5 8.42857
6994.5 -13.7143
6995.5 -11.2857
6996.5 0.714285
6997.5 10.7143
6998.5 -19.1429
6999.5 7.28571
7000.5 -7.28571
7001.5 14
7002.5 2.71429
7003.5 9.42857
7004.5 10.2857
7005.5 7.28571
7006.5 -6
7007.5 -9
7008.5 12.5714
7009.5 6.14286
7010.5 14.2857
7011.5 3.42857
7012.5 -9.14286
7013.5 4
7014.5 5.28571
7015.5 6.85714
7016.5 -13.2857
7017.5 -2
7018.5 -5.57143
7019.5 5
7020.5 6.28571
7021.5 -5
7022.5 -18.4286
7023.5 -3.57143
7024.5 -17.7143
7025.5 5.85714
7026.5 -4.17233e-07
7027.5 3.42857
7028.5 8.71429
7029.5 10.8571
7030.5 -14.1429
7031.5 -0.285715
7032.5 0.142857
7033.5 -15.2857
7034.5 -7.57143
7035.5 15.5714
7036.5 -20.2857
7037.5 -12.2857
7038.5 3.85714
7039.5 -0.714286
7040.5 -4
7041.5 -11.1429
7042.5 1.42857
7043.5 -10.1429
7044.5 -12.4286
7045.5 2.57143
7046.5 -2.57143
7047.5 -8.71429
7048.5 20.7143
7049.5 -0.857143
7050.5 -0.857143
7051.5 -7.28571
7052.5 0.142857
7053.5 -7.85714
7054.5 2.57143
7055.5 -0.714286
7056.5 -18.5714
7057.5 16.2857
7058.5 -6.71429
7059.5 -1.57143
7060.5 1.28571
7061.5 10
7062.5 -9.71429
7063.5 3.42857
7064.5 -14.2857
7065.5 -6.14286
7066.5 -7.42857
7067.5 -16.8571
7068.5 8.14286
7069.5 6.71429
7070.5 2.71429
7071.5 -9.28571
7072.5 -3.85714
7073.5 9.85714
7074.5 -3.57628e-07
7075.5 8.85714
7076.5 -20.7143
7077.5 7
7078.5 18.7143
7079.5 -4.42857
7080.5 8.42857
7081.5 9
7082.5 -23.8571
7083.5 17.4286
7084.5 5.28571
7085.5 3.42857
7086.5 11.8571
7087.5 -2.71429
7088.5 5.42857
7089.5 2
7090.5 8.42857
7091.5 -12.1429
7092.5 12.8571
7093.5 7.14286
7094.5 16.4286
7095.5 5.42857
7096.5 7.42857
7097.5 2.57143
7098.5 12.5714
7099.5 14.8571
7100.5 11.8571
7101.5 13
7102.5 -1.14286
7103.5 2
7104.5 16.8571
7105.5 -3.57143
7106.5 0.142857
7107.5 14.7143
7108.5 1.28571
7109.5 -1.71429
7110.5 6.57143
7111.5 0.714285
7112.5 6.28571
7113.5 5.14286
7114.5 5.57143
7115.5 -0.857143
7116.5 -5.42857
7117.5 -4.42857
7118.5 -5.14286
7119.5 -7.85714
7120.5 -1.85714
7121.5 10.4286
7122.5 -9.14286
7123.5 -10.4286
7124.5 -17.1429
7125.5 6.28571
7126.5 4.57143
7127.5 -0.142857
7128.5 0.857143
7129.5 0.857143
7130.5 -0.571429
7131.5 2.71429
7132.5 0.571428
7133.5 -4.57143
7134.5 7.14286
7135.5 2.71429
7136.5 -12.1429
7137.5 3.14286
7138.5 9
7139.5 7.42857
7140.5 5.71429
7141.5 -3.28571
7142.5 5.42857
7143.5 4.42857
7144.5 6.85714
7145.5 -2.57143
7146.5 3.57143
7147.5 -1.57143
7148.5 -4.14286
7149.5 -0.285715
7150.5 1.57143
7151.5 -10.2857
7152.5 -2
7153.5 -2.28571
7154.5 2.71429
7155.5 -2.57143
7156.5 -5.28571
7157.5 -8.28571
7158.5 4.28571
7159.5 0.142857
7160.5 -10.2857
7161.5 10.4286
7162.5 -5.71429
7163.5 2
7164.5 -3
7165.5 6.42857
7166.5 7.71429
7167.5 -3
7168.5 -6.71429
7169.5 7.28571
7170.5 5
7171.5 8.85714
7172.5 5.28571
7173.5 -2
7174.5 7.42857
7175.5 -4.85714
7176.5 1.85714
7177.5 -8.71429
7178.5 -5.28571
7179.5 -0.428572
7180.5 -4
7181.5 1.57143
7182.5 11.5714
7183.5 10.1429
7184.5 4
7185.5 -5.57143
7186.5 2.28571
7187.5 -0.285715
7188.5 -10
7189.5 -6.57143
7190.5 -10.5714
7191.5 1.85714
7192.5 -7.14286
7193.5 7.28571
7194.5 -2.14286
7195.5 -3.42857
7196.5 -21.7143
7197.5 15.1429
7198.5 -0.428572
7199.5 -2
7200.5 11.1429
7201.5 -8.57143
7202.5 -1.85714
7203.5 24
7204.5 -10.1429
7205.5 18.1429
7206.5 24.2857
7207.5 1.42857
7208.5 -9.28572
7209.5 13.4286
7210.5 2.71428
7211.5 1.57143
7212.5 -10.7143
7213.5 1.57143
7214.5 8.42857
7215.5 6.57143
7216.5 -8.14286
7217.5 -12.1429
7218.5 -1.85714
7219.5 -3.57143
7220.5 9.42857
7221.5 1.42857
7222.5 2
7223.5 -5.42857
7224.5 2
7225.5 8.57143
7226.5 0.142857
7227.5 -0.571429
7228.5 8.71429
7229.5 7.28571
7230.5 -4
7231.5 -0.571429
7232.5 -4.14286
7233.5 4.42857
7234.5 11
7235.5 -2.57143
7236.5 -4.57143
7237.5 -6.28571
7238.5 -4.28571
7239.5 -3.14286
7240.5 8.71429
7241.5 -1.57143
7242.5 3
7243.5 -7.57143
7244.5 -9.57143
7245.5 4.85714
7246.5 -1.28571
7247.5 -2.98023e-07
7248.5 -6.14286
7249.5 -8.85714
7250.5 -9
7251.5 2.42857
7252.5 9.57143
7253.5 -2
7254.5 -3
7255.5 -10.5714
7256.5 -15.7143
7257.5 -0.857144
7258.5 -3.71429
7259.5 -8.42857
7260.5 3
7261.5 24.1429
7262.5 -11.2857
7263.5 12.8571
7264.5 20.4286
7265.5 -6.14286
7266.5 -9.42857
7267.5 17.8571
7268.5 -6.14286
7269.5 -2.14286
7270.5 -12.4286
7271.5 9.42857
7272.5 -3.71429
7273.5 -2
7274.5 -1.85714
7275.5 8.57143
7276.5 -1.28571
7277.5 2.57143
7278.5 7.14286
7279.5 4.42857
7280.5 3.28571
7281.5 -0.571429
7282.5 -2.57143
7283.5 -15.2857
7284.5 -4.57143
7285.5 -0.428572
7286.5 5.42857
7287.5 6.28571
7288.5 2.42857
7289.5 -5.14286
7290.5 23
7291.5 4.85714
7292.5 -2.14286
7293.5 11.1429
7294.5 0.857143
7295.5 -6.14286
7296.5 -1.42857
7297.5 5
7298.5 -2.57143
7299.5 -7.42857
7300.5 -0.142857
7301.5 -3.28571
7302.5 0.571428
7303.5 2.14286
7304.5 6.57143
7305.5 -1.57143
7306.5 8.42857
7307.5 7.28571
7308.5 -5.57143
7309.5 -5.28571
7310.5 -13.4286
7311.5 -6.28571
7312.5 0.857143
7313.5 -0.857143
7314.5 -6.71429
7315.5 -10.5714
7316.5 10.1429
7317.5 14.1429
7318.5 4.71429
7319.5 -8.85714
7320.5 5
7321.5 6.85714
7322.5 7.85714
7323.5 1.14286
7324.5 18.1429
7325.5 6.85714
7326.5 -7.57143
7327.5 -14
7328.5 4.28571
7329.5 8.71429
7330.5 -0.857143
7331.5 5.42857
7332.5 -2.28571
7333.5 -3.85714
7334.5 6.71429
7335.5 13.5714
7336.5 1.28571
7337.5 -5.28571
7338.5 7.42857
7339.5 -16.8571
7340.5 2.28571
7341.5 3.42857
7342.5 -9
7343.5 -3.57143
7344.5 -8.14286
7345.5 5.14286
7346.5 -4.42857
7347.5 -1
7348.5 -6.85714
7349.5 -5.71429
7350.5 11.4286
7351.5 7.14286
7352.5 11.1429
7353.5 -1.28571
7354.5 -14.4286
7355.5 6.85714
7356.5 -5
7357.5 -2.85714
7358.5 1.42857
7359.5 7.42857
7360.5 12.4286
7361.5 -1.28571
7362.5 -10.2857
7363.5 -1.14286
7364.5 -3.85714
7365.5 -2.71429
7366.5 6.71429
7367.5 -9.57143
7368.5 2.42857
7369.5 -9.71429
7370.5 2.14286
7371.5 5
7372.5 3.42857
7373.5 -13.4286
7374.5 -0.714286
7375.5 10.7143
7376.5 -3.57143
7377.5 8.28571
7378.5 4
7379.5 -2.42857
7380.5 9
7381.5 1.42857
7382.5 3
7383.5 2.57143
7384.5 7
7385.5 -5.71429
7386.5 16.8571
7387.5 2.14286
7388.5 2.28571
7389.5 -0.428572
7390.5 -8.57143
7391.5 1.71429
7392.5 10.4286
7393.5 5.85714
7394.5 -4.57143
7395.5 2.57143
7396.5 3.85714
7397.5 10.1429
7398.5 -3.57143
7399.5 8.57143
7400.5 4.71429
7401.5 -3.14286
7402.5 -5.57143
7403.5 -1.28571
7404.5 4.71429
7405.5 -1
7406.5 -14.5714
7407.5 3.42857
7408.5 5.42857
7409.5 -10.5714
7410.5 -4.71429
7411.5 -34.8571
7412.5 9.14286
7413.5 10.7143
7414.5 3.42857
7415.5 10.5714
7416.5 24.4286
7417.5 3.14286
7418.5 -0.142858
7419.5 -1.57143
7420.5 0.857142
7421.5 10.1429
7422.5 -2.85714
7423.5 -4.42857
7424.5 -0.571429
7425.5 -7.42857
7426.5 2.14286
7427.5 5.57143
7428.5 -1.14286
7429.5 5.42857
7430.5 -0.142857
7431.5 15.5714
7432.5 4.85714
7433.5 -7
7434.5 3.14286
7435.5 -0.714286
7436.5 -5.85714
7437.5 0.142857
7438.5 0.571428
7439.5 -1.14286
7440.5 3.85714
7441.5 -3
7442.5 -1.78814e-07
7443.5 -5.57143
7444.5 -3.42857
7445.5 -1
7446.5 3.71429
7447.5 -9.71429
7448.5 -13.1429
7449.5 -2.71429
7450.5 4.42857
7451.5 7.42857
7452.5 -4.71429
7453.5 13.1429
7454.5 -1.14286
7455.5 -3.14286
7456.5 -1.42857
7457.5 -3.71429
7458.5 3.42857
7459.5 -3.57143
7460.5 4.57143
7461.5 6.14286
7462.5 5.42857
7463.5 -0.571429
7464.5 -11
7465.5 -11
7466.5 0.285714
7467.5 -3.28571
7468.5 5.28571
7469.5 3.71429
7470.5 0.714285
7471.5 -4.57143
7472.5 -9.71429
7473.5 -5.85714
7474.5 16.2857
7475.5 -8.71429
7476.5 -5
7477.5 -2
7478.5 13.7143
7479.5 1.42857
7480.5 -1.71429
7481.5 1
7482.5 4.57143
7483.5 7.14286
7484.5 17.4286
7485.5 9.57143
7486.5 2.14286
7487.5 18.2857
7488.5 14.4286
7489.5 9
7490.5 -3
7491.5 7
7492.5 6.85714
7493.5 -6.85714
7494.5 1.57143
7495.5 -2.28571
7496.5 2.28571
7497.5 -0.142857
7498.5 -3.28571
7499.5 0.571428
7500.5 -3.14286
7501.5 -4
7502.5 1.14286
7503.5 -5.28571
7504.5 -5
7505.5 11
7506.5 -3.14286
7507.5 3.57143
7508.5 7.85714
7509.5 8.57143
7510.5 -0.428572
7511.5 4.85714
7512.5 -8.85714
7513.5 -13.4286
7514.5 -16.7143
7515.5 3.85714
7516.5 -1.28571
7517.5 6.85714
7518.5 -2.38419e-07
7519.5 -21.5714
7520.5 6.85714
7521.5 0.857143
7522.5 1.85714
7523.5 1.57143
7524.5 -3.71429
7525.5 2.14286
7526.5 4.71429
7527.5 -2.42857
7528.5 -3.28571
7529.5 -9
7530.5 4.42857
7531.5 -8.85714
7532.5 5.85714
7533.5 -0.714286
7534.5 0.428571
7535.5 -0.285715
7536.5 -1.71429
7537.5 4.28571
7538.5 12.5714
7539.5 -2
7540.5 -7.85714
7541.5 6.71429
7542.5 8.71429
7543.5 12.5714
7544.5 0.857143
7545.5 -0.285715
7546.5 3.85714
7547.5 -11.2857
7548.5 1.57143
7549.5 2.57143
7550.5 13.4286
7551.5 12.1429
7552.5 -0.571429
7553.5 7
7554.5 6.85714
7555.5 -5.14286
7556.5 -6.14286
7557.5 6.42857
7558.5 1.28571
7559.5 9.42857
7560.5 -7.28571
7561.5 2.57143
7562.5 3.71429
7563.5 6.42857
7564.5 -16.2857
7565.5 6.57143
7566.5 2.14286
7567.5 12.7143
7568.5 -1.42857
7569.5 -1.42857
7570.5 -7.28571
7571.5 -15.1429
7572.5 5
7573.5 6.28571
7574.5 3.42857
7575.5 -0.714286
7576.5 -4.28571
7577.5 -15.4286
7578.5 13.5714
7579.5 10.1429
7580.5 -9.71429
7581.5 -6.28571
7582.5 -15.2857
7583.5 -11.7143
7584.5 4
7585.5 0.285714
7586.5 1.57143
7587.5 0.714285
7588.5 11.7143
7589.5 4.85714
7590.5 -9.57143
7591.5 1.57143
7592.5 -4
7593.5 -4
7594.5 4.85714
7595.5 0.428571
7596.5 -9.14286
7597.5 -5.14286
7598.5 -3
7599.5 7.71429
7600.5 -1
7601.5 -4
7602.5 1
7603.5 8
7604.5 0.285714
7605.5 3.57143
7606.5 10.7143
7607.5 2.28571
7608.5 -5.28571
7609.5 -0.571429
7610.5 2.57143
7611.5 2
7612.5 4.28571
7613.5 -9
7614.5 -1
7615.5 -1
7616.5 -3.14286
7617.5 -12
7618.5 20.7143
7619.5 -15.7143
7620.5 -3
7621.5 3.14286
7622.5 1.14286
7623.5 -7.85714
7624.5 14.2857
7625.5 2
7626.5 4
7627.5 -14.4286
7628.5 3.28571
7629.5 -5.57143
7630.5 16.1429
7631.5 -6.71429
7632.5 -6.14286
7633.5 1.14286
7634.5 -7.71429
7635.5 -1.28571
7636.5 -0.857143
7637.5 1.71429
7638.5 -1.57143
7639.5 4.28571
7640.5 -0.142857
7641.5 2
7642.5 -7.28571
7643.5 4
7644.5 9.14286
7645.5 -10.2857
7646.5 13.1429
7647.5 3.85714
7648.5 0.428571
7649.5 -2.28571
7650.5 -1.14286
7651.5 9.57143
7652.5 -9.85714
7653.5 7.14286
7654.5 5.85714
7655.5 -8.14286
7656.5 6.14286
7657.5 -3.71429
7658.5 -9.85714
7659.5 5.85714
7660.5 -8.57143
7661.5 5.85714
7662.5 4.71429
7663.5 3.57143
7664.5 -5.85714
7665.5 -3.42857
7666.5 -0.428572
7667.5 -6.85714
7668.5 0.428571
7669.5 -2.71429
7670.5 -5.14286
7671.5 -4.42857
7672.5 3
7673.5 -5.57143
7674.5 8.42857
7675.5 1.71429
7676.5 -5
7677.5 -4
7678.5 2.85714
7679.5 5.42857
7680.5 -3.85714
7681.5 3
7682.5 -2
7683.5 -3
7684.5 -5.57143
7685.5 -0.714286
7686.5 -2.85714
7687.5 -1.14286
7688.5 -2
7689.5 3.85714
7690.5 -3.57143
7691.5 3.42857
7692.5 -5
7693.5 -1.14286
7694.5 -1.19209e-07
7695.5 2.14286
7696.5 5.85714
7697.5 -2.71429
7698.5 6.71429
7699.5 2.14286
7700.5 -4.42857
7701.5 -3.71429
7702.5 -2
7703.5 0.857143
7704.5 6.42857
7705.5 -1.28571
7706.5 -0.857143
7707.5 -0.142857
7708.5 -0.142857
7709.5 3.71429
7710.5 4.85714
7711.5 5.42857
7712.5 -10.4286
7713.5 -3.42857
7714.5 4.14286
7715.5 17.4286
7716.5 1.71429
7717.5 -4.14286
7718.5 -1.28571
7719.5 3.28571
7720.5 5.71429
7721.5 8.28571
7722.5 9.14286
7723.5 1.28571
7724.5 4.14286
7725.5 5.14286
7726.5 4.85714
7727.5 -1.19209e-07
7728.5 -6.28571
7729.5 -7.28571
7730.5 -3.42857
7731.5 -1.71429
7732.5 8.57143
7733.5 -5.71429
7734.5 0.571428
7735.5 -2.14286
7736.5 4.57143
7737.5 4.57143
7738.5 4.42857
7739.5 1.42857
7740.5 7.42857
7741.5 -3.28571
7742.5 -1.85714
7743.5 9.14286
7744.5 1.28571
7745.5 7.28571
7746.5 3.85714
7747.5 -4.28571
7748.5 3
7749.5 -3.71429
7750.5 -0.714286
7751.5 -3.71429
7752.5 -2.14286
7753.5 6
7754.5 -4.28571
7755.5 -1.28571
7756.5 1.85714
7757.5 -1.85714
7758.5 1.71429
7759.5 0.142857
7760.5 3.42857
7761.5 7.57143
7762.5 -10
7763.5 9.85714
7764.5 13
7765.5 4
7766.5 17
7767.5 16.5714
7768.5 -28.8571
7769.5 28.1429
7770.5 1.42857
7771.5 -5.14286
7772.5 -44.8571
7773.5 42.2857
7774.5 -13.7143
7775.5 -11.1429
7776.5 9.71428
7777.5 6.28571
7778.5 -8.85714
7779.5 3.57143
7780.5 4.28571
7781.5 -5.57143
7782.5 -4.85714
7783.5 2.42857
7784.5 -8
7785.5 7.85714
7786.5 0.142857
7787.5 5.57143
7788.5 5.85714
7789.5 0.285714
7790.5 4.71429
7791.5 -2.14286
7792.5 -1.71429
7793.5 -1.28571
7794.5 -6
7795.5 -0.714286
7796.5 3.14286
7797.5 1.14286
7798.5 5.28571
7799.5 2.57143
7800.5 -0.857143
7801.5 5.85714
7802.5 7.14286
7803.5 1.57143
7804.5 4.71429
7805.5 0.571429
7806.5 7.14286
7807.5 6.57143
7808.5 2.85714
7809.5 3.57143
7810.5 4.85714
7811.5 -7
7812.5 3.28571
7813.5 -2
7814.5 2.14286
7815.5 11
7816.5 -4.42857
7817.5 -7.28571
7818.5 8.14286
7819.5 -1.57143
7820.5 3.71429
7821.5 -6.71429
7822.5 -15.2857
7823.5 6.14286
7824.5 -7.28571
7825.5 0.428571
7826.5 18.4286
7827.5 24.1429
7828.5 6.42857
7829.5 -6.71429
7830.5 -1.14286
7831.5 7.85714
7832.5 -3.57143
7833.5 0.285714
7834.5 6.14286
7835.5 5
7836.5 -0.142857
7837.5 0.142857
7838.5 1.42857
7839.5 -3.28571
7840.5 6.14286
7841.5 -0.857143
7842.5 -8.42857
7843.5 3.14286
7844.5 -3.57143
7845.5 1.28571
7846.5 3
7847.5 -3.85714
7848.5 -4.57143
7849.5 5
7850.5 -0.857143
7851.5 -0.428572
7852.5 5.85714
7853.5 1.57143
7854.5 -1.42857
7855.5 2.42857
7856.5 4.71429
7857.5 -1.71429
7858.5 9.28571
7859.5 -0.571429
7860.5 0.857143
7861.5 2
7862.5 -2.85714
7863.5 -2.57143
7864.5 -2.71429
7865.5 3.14286
7866.5 -1.57143
7867.5 -1.14286
7868.5 2.14286
7869.5 -10.7143
7870.5 -0.714286
7871.5 5.85714
7872.5 -2.57143
7873.5 0.142857
7874.5 1.14286
7875.5 4
7876.5 2.14286
7877.5 0.142857
7878.5 -3.42857
7879.5 -0.285714
7880.5 -2.71429
7881.5 0.714286
7882.5 -2.28571
7883.5 2.14286
7884.5 -0.285714
7885.5 -3.42857
7886.5 1.28571
7887.5 1
7888.5 4.14286
7889.5 1.71429
7890.5 0.142857
7891.5 -2
7892.5 -1
7893.5 -3.71429
7894.5 1
7895.5 2.14286
7896.5 -6.42857
7897.5 3.42857
7898.5 -1
7899.5 2.14286
7900.5 -1.71429
7901.5 3.85714
7902.5 3.71429
7903.5 -1.85714
7904.5 -2.42857
7905.5 -8.57143
7906.5 6.57143
7907.5 -3.14286
7908.5 -1.57143
7909.5 -2.71429
7910.5 0.714286
7911.5 2.14286
7912.5 -5.28571
7913.5 6.14286
7914.5 -3.85714
7915.5 -0.428572
7916.5 -2.42857
7917.5 -3.14286
7918.5 5
7919.5 1.42857
7920.5 -7.28571
7921.5 -5.28571
7922.5 -4.85714
7923.5 -8.28571
7924.5 -4.85714
7925.5 3.42857
7926.5 -3
7927.5 -0.142857
7928.5 -0.142857
7929.5 -1.28571
7930.5 0.571429
7931.5 1.85714
7932.5 -0.428572
7933.5 -1.71429
7934.5 0.857143
7935.5 -5.57143
7936.5 4.57143
7937.5 5
7938.5 1.14286
7939.5 -1.14286
7940.5 1
7941.5 -3.28571
7942.5 -5.96046e-08
7943.5 -9
7944.5 0.285714
7945.5 -3.42857
7946.5 -0.285714
7947.5 1.85714
7948.5 -0.857143
7949.5 -2.14286
7950.5 2.57143
7951.5 4.57143
7952.5 -0.142857
7953.5 -3.85714
7954.5 3.28571
7955.5 5.42857
7956.5 -0.428572
7957.5 -5
7958.5 2.42857
7959.5 -4.85714
7960.5 -4.14286
7961.5 3.14286
7962.5 2
7963.5 2
7964.5 -2.28571
7965.5 2.14286
7966.5 1
7967.5 -4.42857
7968.5 -0.571429
7969.5 -3.57143
7970.5 3
7971.5 1
7972.5 -5.96046e-08
7973.5 -9
7974.5 -1.14286
7975.5 -1.71429
7976.5 2
7977.5 -0.571429
7978.5 4.14286
7979.5 -6.28571
7980.5 2.85714
7981.5 0.857143
7982.5 2
7983.5 -6.28571
7984.5 -2.28571
7985.5 0.142857
7986.5 -1.85714
7987.5 -5.71429
7988.5 -4.14286
7989.5 2
7990.5 -5.96046e-08
7991.5 -1.42857
7992.5 -0.142857
7993.5 2.57143
7994.5 -0.857143
7995.5 1
7996.5 -1.57143
7997.5 0.714286
7998.5 -0.714286
7999.5 1.14286
8000.5 -1
8001.5 -2.28571
8002.5 -0.857143
8003.5 0.428571
8004.5 -0.285714
8005.5 -2.57143
8006.5 5
8007.5 -2.42857
8008.5 -3.85714
8009.5 3
8010.5 0.142857
8011.5 -6.57143
8012.5 1.57143
8013.5 0.285714
8014.5 -2.71429
8015.5 -1.14286
8016.5 3.28571
8017.5 -1.71429
8018.5 -3.71429
8019.5 -1.28571
8020.5 -5.57143
8021.5 -11.5714
8022.5 0.142857
8023.5 -1.85714
8024.5 0.714286
8025.5 -1.14286
8026.5 -4.42857
8027.5 1
8028.5 -3
8029.5 1.42857
8030.5 4.85714
8031.5 2
8032.5 4.85714
8033.5 -3
8034.5 -1.85714
8035.5 -2
8036.5 -1.14286
8037.5 -5.71429
8038.5 2.57143
8039.5 -0.285714
8040.5 -3.85714
8041.5 -0.857143
8042.5 5.85714
8043.5 -3.71429
8044.5 -1.85714
8045.5 -3.71429
8046.5 2.42857
8047.5 10.2857
8048.5 1
8049.5 0.428571
8050.5 1.14286
8051.5 1.57143
8052.5 6.28571
8053.5 -0.142857
8054.5 2.57143
8055.5 1
8056.5 0.714286
8057.5 -1.14286
8058.5 4.42857
8059.5 0.571429
8060.5 0.571429
8061.5 2.85714
8062.5 5.42857
8063.5 3.57143
8064.5 -3.71429
8065.5 -2.85714
8066.5 -0.857143
8067.5 -2.28571
8068.5 1.28571
8069.5 -3.57143
8070.5 -2.85714
8071.5 1.85714
8072.5 -4
8073.5 -0.285714
8074.5 -0.142857
8075.5 -0.857143
8076.5 6.71429
8077.5 -1.42857
8078.5 -4.28571
8079.5 -1.42857
8080.5 -4.85714
8081.5 0.571428
8082.5 1.14286
8083.5 -4
8084.5 2.14286
8085.5 18.4286
8086.5 -34.7143
8087.5 18.7143
8088.5 -0.428572
8089.5 -8.28571
8090.5 -3
8091.5 4.28571
8092.5 -1.85714
8093.5 -1.42857
8094.5 -0.428572
8095.5 2
8096.5 3.71429
8097.5 -4.85714
8098.5 -1.85714
8099.5 3.85714
8100.5 -0.285714
8101.5 0.142857
8102.5 -6.42857
8103.5 -1.71429
8104.5 0.857143
8105.5 -7.57143
8106.5 -3.57143
8107.5 -2.14286
8108.5 1.42857
8109.5 0.714286
8110.5 1.71429
8111.5 0.285714
8112.5 -0.285714
8113.5 4.42857
8114.5 -1.28571
8115.5 8.57143
8116.5 5.57143
8117.5 7.42857
8118.5 1.85714
8119.5 0.571429
8120.5 5.57143
8121.5 0.142857
8122.5 0.571429
8123.5 1.85714
8124.5 7.71429
8125.5 -0.857143
8126.5 -2.71429
8127.5 3.85714
8128.5 3.71429
8129.5 -4
8130.5 -5.42857
8131.5 -2.85714
8132.5 0.857143
8133.5 3
8134.5 2.57143
8135.5 1.42857
8136.5 -3.14286
8137.5 3.42857
8138.5 -0.571429
8139.5 3.42857
8140.5 1.85714
8141.5 0.857143
8142.5 -0.571429
8143.5 -2
8144.5 -5.85714
8145.5 1
8146.5 1.42857
8147.5 5.57143
8148.5 0.571429
8149.5 -0.857143
8150.5 0.428571
8151.5 -0.571429
8152.5 -0.714286
8153.5 -0.714286
8154.5 1.71429
8155.5 -1.28571
8156.5 -1
8157.5 8.28571
8158.5 -3.14286
8159.5 0.285714
8160.5 2.57143
8161.5 5.42857
8162.5 0.714286
8163.5 -1.28571
8164.5 -3
8165.5 1.14286
8166.5 -3
8167.5 -5.14286
8168.5 2
8169.5 2.57143
8170.5 -0.714286
8171.5 -2.14286
8172.5 5.14286
8173.5 0.857143
8174.5 9.14286
8175.5 -3.71429
8176.5 3.42857
8177.5 -1.42857
8178.5 2.42857
8179.5 2.14286
8180.5 -2.28571
8181.5 -3.85714
8182.5 5.14286
8183.5 -2.42857
8184.5 -1.71429
8185.5 0.857143
8186.5 -5.96046e-08
8187.5 2.85714
8188.5 -1
8189.5 -1.28571
8190.5 -4
8191.5 -3.57143
8192.5 1.71429
8193.5 -0.142857
8194.5 6.14286
8195.5 3.28571
8196.5 -1.57143
8197.5 -1.14286
8198.5 -1.71429
8199.5 4.14286
8200.5 2.14286
8201.5 -2.57143
8202.5 4.71429
8203.5 3.14286
8204.5 1.57143
8205.5 -0.571429
8206.5 4.28571
8207.5 4.14286
8208.5 5.28571
8209.5 -0.571429
8210.5 -2.14286
8211.5 -1.28571
8212.5 2.42857
8213.5 -2.28571
8214.5 3.57143
8215.5 1.42857
8216.5 -2.85714
8217.5 5.28571
8218.5 -1
8219.5 -0.857143
8220.5 -0.285714
8221.5 -3.57143
8222.5 1
8223.5 -4.57143
8224.5 -0.571429
8225.5 1.71429
8226.5 0.428571
8227.5 -4.85714
8228.5 1.28571
8229.5 -0.428571
8230.5 -4.28571
8231.5 -0.571429
8232.5 2.71429
8233.5 1.28571
8234.5 2.85714
8235.5 1.71429
8236.5 -2.14286
8237.5 -0.571429
8238.5 1.42857
8239.5 1.71429
8240.5 -4
8241.5 0.714286
8242.5 0.428571
8243.5 5.57143
8244.5 -0.428571
8245.5 0.428571
8246.5 5.57143
8247.5 -2.28571
8248.5 -3
8249.5 2.42857
8250.5 -1.42857
8251.5 -4.85714
8252.5 -1.57143
8253.5 1.42857
8254.5 0.714286
8255.5 -1.57143
8256.5 -0.428571
8257.5 2
8258.5 -3
8259.5 2.42857
8260.5 -0.285714
8261.5 0.714286
8262.5 -1.57143
8263.5 0.714286
8264.5 -2.28571
8265.5 0.714286
8266.5 -3.85714
8267.5 -1.28571
8268.5 -4.28571
8269.5 -2.28571
8270.5 3.28571
8271.5 3.28571
8272.5 1.28571
8273.5 -2.57143
8274.5 -0.428571
8275.5 -3.14286
8276.5 2.14286
8277.5 2.57143
8278.5 0.857143
8279.5 0.428571
8280.5 0.428571
8281.5 0.571429
8282.5 2.57143
8283.5 0.571429
8284.5 1
8285.5 0.285714
8286.5 -4.28571
8287.5 1.85714
8288.5 0.714286
8289.5 -4
8290.5 1.28571
8291.5 -1.57143
8292.5 -0.571429
8293.5 0.142857
8294.5 3.42857
8295.5 -3.85714
8296.5 -5.96046e-08
8297.5 0.428571
8298.5 1.28571
8299.5 -3
8300.5 4
8301.5 -1.42857
8302.5 3.57143
8303.5 2.42857
8304.5 3.71429
8305.5 -1.42857
8306.5 1.57143
8307.5 -0.428571
8308.5 -3
8309.5 2.57143
8310.5 -2.14286
8311.5 2.57143
8312.5 -4.14286
8313.5 2.71429
8314.5 2
8315.5 -3.14286
8316.5 1
8317.5 4.42857
8318.5 -2.85714
8319.5 3.28571
8320.5 -1.14286
8321.5 3.14286
8322.5 0.571429
8323.5 1.85714
8324.5 0.428571
8325.5 -0.142857
8326.5 1
8327.5 3.14286
8328.5 3.42857
8329.5 -4.57143
8330.5 3.57143
8331.5 1.85714
8332.5 -5.42857
8333.5 10.1429
8334.5 9.42857
8335.5 -4.42857
8336.5 -5.42857
8337.5 -2.57143
8338.5 -1.57143
8339.5 -1.85714
8340.5 -2
8341.5 0.142857
8342.5 -3.71429
8343.5 6.57143
8344.5 3.42857
8345.5 -5.96046e-08
8346.5 -4
8347.5 3.42857
8348.5 3
8349.5 -3.71429
8350.5 -1.57143
8351.5 -5
8352.5 -1.28571
8353.5 0.714286
8354.5 -1.28571
8355.5 1.42857
8356.5 -0.285714
8357.5 -3.14286
8358.5 3.28571
8359.5 -2.14286
8360.5 1.28571
8361.5 -2.42857
8362.5 1.42857
8363.5 2.42857
8364.5 -0.428571
8365.5 -3.14286
8366.5 -1
8367.5 -1.42857
8368.5 -2.14286
8369.5 1.42857
8370.5 6.28571
8371.5 3.14286
8372.5 -1.14286
8373.5 2.42857
8374.5 3
8375.5 2.28571
8376.5 5.14286
8377.5 -0.714286
8378.5 2.57143
8379.5 3
8380.5 2
8381.5 -1.28571
8382.5 0.428571
8383.5 -3.85714
8384.5 -1.28571
8385.5 0.571429
8386.5 -2
8387.5 -0.571429
8388.5 2.14286
8389.5 2.28571
8390.5 0.428571
8391.5 -2.14286
8392.5 4.42857
8393.5 -4
8394.5 -2.14286
8395.5 -0.571429
8396.5 1.57143
8397.5 -0.428571
8398.5 3.14286
8399.5 -2.28571
8400.5 -0.571429
8401.5 3
8402.5 -3
8403.5 -2.28571
8404.5 5
8405.5 2.42857
8406.5 1.28571
8407.5 3.42857
8408.5 1.71429
8409.5 -0.285714
8410.5 3.42857
8411.5 1.14286
8412.5 -1
8413.5 -1.28571
8414.5 4.42857
8415.5 -1.28571
8416.5 2.57143
8417.5 -2.57143
8418.5 0.714286
8419.5 1.57143
8420.5 1.42857
8421.5 3.42857
8422.5 -1.42857
8423.5 1.28571
8424.5 -2.28571
8425.5 -0.714286
8426.5 2.42857
8427.5 2.57143
8428.5 -1.14286
8429.5 2.28571
8430.5 3.28571
8431.5 1.42857
8432.5 2.42857
8433.5 -1.57143
8434.5 -2.42857
8435.5 -1.57143
8436.5 1
8437.5 0.142857
8438.5 -0.571429
8439.5 -3.28571
8440.5 -3.42857
8441.5 4.14286
8442.5 -1.42857
8443.5 -1.57143
8444.5 0.428571
8445.5 1.14286
8446.5 0.428571
8447.5 1.14286
8448.5 2.28571
8449.5 -1.14286
8450.5 -1.28571
8451.5 -1.42857
8452.5 4
8453.5 -2.57143
8454.5 2
8455.5 -3.14286
8456.5 -2
8457.5 1.42857
8458.5 -2.28571
8459.5 2.71429
8460.5 0.714286
8461.5 -3
8462.5 1.42857
8463.5 -1
8464.5 5.57143
8465.5 -2.14286
8466.5 -2.71429
8467.5 -1.57143
8468.5 -0.857143
8469.5 0.142857
8470.5 6.28571
8471.5 2.14286
8472.5 -3.71429
8473.5 0.571428
8474.5 4
8475.5 10.2857
8476.5 6
8477.5 5
8478.5 -1.85714
8479.5 -0.285714
8480.5 0.714286
8481.5 0.428571
8482.5 -0.285714
8483.5 0.285714
8484.5 -2.14286
8485.5 -3.14286
8486.5 -3.14286
8487.5 -0.428571
8488.5 1.28571
8489.5 5.42857
8490.5 -5.96046e-08
8491.5 4
8492.5 1.42857
8493.5 0.571429
8494.5 -1.85714
8495.5 -0.285714
8496.5 1.14286
8497.5 3.57143
8498.5 -0.142857
8499.5 -5.96046e-08
8500.5 -2.14286
8501.5 -0.428571
8502.5 0.428571
8503.5 -0.714286
8504.5 -2.14286
8505.5 2.57143
8506.5 2.14286
8507.5 1.57143
8508.5 -2.42857
8509.5 -1.42857
8510.5 -2.14286
8511.5 -0.714286
8512.5 1.14286
8513.5 4.28571
8514.5 1.42857
8515.5 -0.571429
8516.5 0.285714
8517.5 1.28571
8518.5 -2.42857
8519.5 0.428571
8520.5 3.28571
8521.5 4.28571
8522.5 -2.28571
8523.5 0.428571
8524.5 -2.42857
8525.5 4.28571
8526.5 3.28571
8527.5 1.28571
8528.5 -2.57143
8529.5 2.42857
8530.5 2.28571
8531.5 1.42857
8532.5 -2.14286
8533.5 -0.285714
8534.5 -1.57143
8535.5 -2.28571
8536.5 -2.14286
8537.5 2.42857
8538.5 -2.14286
8539.5 0.571429
8540.5 4.42857
8541.5 -0.571429
8542.5 0.428571
8543.5 1
8544.5 -0.428571
8545.5 -2.28571
8546.5 5.28571
8547.5 0.714286
8548.5 -3.28571
8549.5 -2.14286
8550.5 1.57143
8551.5 -3.85714
8552.5 -2.28571
8553.5 -2.42857
8554.5 -0.571429
8555.5 -2.57143
8556.5 0.428571
8557.5 -0.571429
8558.5 3.28571
8559.5 0.571429
8560.5 1.28571
8561.5 0.142857
8562.5 -0.285714
8563.5 1.14286
8564.5 -1.28571
8565.5 -0.714286
8566.5 -2
8567.5 -0.714286
8568.5 0.571429
8569.5 0.428571
8570.5 -1.57143
8571.5 -0.142857
8572.5 2.57143
8573.5 0.428571
8574.5 0.285714
8575.5 3.28571
8576.5 -5
8577.5 1.28571
8578.5 -0.571429
8579.5 -2.85714
8580.5 2.42857
8581.5 6.14286
8582.5 4.42857
8583.5 -3.28571
8584.5 3.28571
8585.5 0.714286
8586.5 0.285714
8587.5 2.28571
8588.5 -0.428571
8589.5 -3
8590.5 2.28571
8591.5 -3
8592.5 0.285714
8593.5 1.57143
8594.5 3
8595.5 2.42857
8596.5 2.14286
8597.5 0.285714
8598.5 2.42857
8599.5 -2
8600.5 -3.42857
8601.5 -3
8602.5 1.14286
8603.5 -0.571429
8604.5 2.42857
8605.5 1.42857
8606.5 -1.14286
8607.5 -2.14286
8608.5 6.28571
8609.5 1.28571
8610.5 4.14286
8611.5 -2.28571
8612.5 -1.42857
8613.5 0.285714
8614.5 -0.428571
8615.5 -0.714286
8616.5 2.28571
8617.5 -0.428571
8618.5 2.28571
8619.5 2.14286
8620.5 -1.71429
8621.5 1.42857
8622.5 -5.14286
8623.5 0.285714
8624.5 0.285714
8625.5 4
8626.5 2.14286
8627.5 1.28571
8628.5 1.28571
8629.5 1.14286
8630.5 2.28571
8631.5 -1.28571
8632.5 -0.714286
8633.5 1.14286
8634.5 1.14286
8635.5 -0.571429
8636.5 -1.71429
8637.5 0.285714
8638.5 -0.571429
8639.5 1.28571
8640.5 1.28571
8641.5 -0.714286
8642.5 -0.428571
8643.5 -2.71429
8644.5 -0.571429
8645.5 1.42857
8646.5 -1.14286
8647.5 -0.571429
8648.5 -0.571429
8649.5 -1.42857
8650.5 3.14286
8651.5 0.285714
8652.5 -1.71429
8653.5 1.57143
8654.5 0.428571
8655.5 -0.714286
8656.5 -3.42857
8657.5 -4.14286
8658.5 4.28571
8659.5 4.28571
8660.5 0.285714
8661.5 0.285714
8662.5 -0.714286
8663.5 0.285714
8664.5 5.28571
8665.5 -2.14286
8666.5 -0.714286
8667.5 3
8668.5 -1.57143
8669.5 0.285714
8670.5 -1.42857
8671.5 -0.857143
8672.5 -2
8673.5 -4.14286
8674.5 -2.28571
8675.5 1.14286
8676.5 3.14286
8677.5 -1.57143
8678.5 0.285714
8679.5 2.28571
8680.5 -1.42857
8681.5 2.14286
8682.5 1.14286
8683.5 -0.571429
8684.5 -0.428571
8685.5 1.57143
8686.5 0.285714
8687.5 -0.428571
8688.5 1.28571
8689.5 1.14286
8690.5 -0.571429
8691.5 -2.57143
8692.5 4.14286
8693.5 -1.42857
8694.5 0.571429
8695.5 3.28571
8696.5 3.14286
8697.5 2.28571
8698.5 -2.57143
8699.5 1.14286
8700.5 -5.14286
8701.5 1.42857
8702.5 -0.857143
8703.5 -1.28571
8704.5 0.142857
8705.5 -0.714286
8706.5 0.571429
8707.5 0.428571
8708.5 -0.428571
8709.5 1.42857
8710.5 1
8711.5 -1.57143
8712.5 -0.285714
8713.5 0.285714
8714.5 2.14286
8715.5 -0.428571
8716.5 -0.714286
8717.5 -1.71429
8718.5 2.14286
8719.5 -3.85714
8720.5 0.285714
8721.5 4.28571
8722.5 -1.57143
8723.5 -1.71429
8724.5 -2.42857
8725.5 4.14286
8726.5 0
8727.5 0.285714
8728.5 3.14286
8729.5 4.14286
8730.5 -0.428571
8731.5 2.57143
8732.5 -3.42857
8733.5 -0.714286
8734.5 -1.28571
8735.5 -1.14286
8736.5 3.14286
8737.5 1.28571
8738.5 -0.571429
8739.5 2.14286
8740.5 1
8741.5 -1.71429
8742.5 -2.42857
8743.5 -1.42857
8744.5 -2.42857
8745.5 1.28571
8746.5 -1.71429
8747.5 -1.71429
8748.5 0.285714
8749.5 -0.714286
8750.5 2
8751.5 -0.714286
8752.5 1.14286
8753.5 0.142857
8754.5 0.285714
8755.5 -0.857143
8756.5 -4.14286
8757.5 -2.42857
8758.5 4.14286
8759.5 1.28571
8760.5 0.285714
8761.5 -2.42857
8762.5 0
8763.5 -0.714286
8764.5 0.142857
8765.5 -0.571429
8766.5 -4.14286
8767.5 0.142857
8768.5 1.42857
8769.5 0.142857
8770.5 1.14286
8771.5 1.28571
8772.5 0.142857
8773.5 2.28571
8774.5 -0.857143
8775.5 0.142857
8776.5 -0.714286
8777.5 -0.714286
8778.5 -1.42857
8779.5 -0.714286
8780.5 0.285714
8781.5 -4.28571
8782.5 1.42857
8783.5 -2.57143
8784.5 1
8785.5 1.28571
8786.5 0.428571
8787.5 0.285714
8788.5 1.28571
8789.5 0.285714
8790.5 1
8791.5 3.14286
8792.5 0.285714
8793.5 1.28571
8794.5 0.285714
8795.5 -1.57143
8796.5 2.14286
8797.5 0.285714
8798.5 1.28571
8799.5 2.14286
8800.5 -3.42857
8801.5 3
8802.5 -2.42857
8803.5 0.142857
8804.5 1.42857
8805.5 -3.28571
8806.5 0
8807.5 0.142857
8808.5 2.14286
8809.5 -0.857143
8810.5 0.285714
8811.5 -1.57143
8812.5 1
8813.5 1.42857
8814.5 -0.428571
8815.5 -0.857143
8816.5 -4.28571
8817.5 -1.57143
8818.5 -2.57143
8819.5 -1.71429
8820.5 1.28571
8821.5 -2.42857
8822.5 -2.42857
8823.5 1.14286
8824.5 2
8825.5 0.142857
8826.5 0
8827.5 0.142857
8828.5 2.14286
8829.5 -0.857143
8830.5 -1.57143
8831.5 0.285714
8832.5 0.142857
8833.5 0.142857
8834.5 -1.42857
8835.5 -0.428571
8836.5 -0.571429
8837.5 2.28571
8838.5 1.57143
8839.5 5.85714
8840.5 -5.28571
8841.5 6.57143
8842.5 -1.19209e-07
8843.5 -6.85714
8844.5 -5
8845.5 -4.42857
8846.5 -8.85714
8847.5 4.28571
8848.5 7.57143
8849.5 -4.42857
8850.5 1
8851.5 -4
8852.5 -4.71429
8853.5 0.571429
8854.5 -4.85714
8855.5 0.714286
8856.5 -0.571429
8857.5 -1.57143
8858.5 -2.42857
8859.5 0.428571
8860.5 0.428571
8861.5 0.142857
8862.5 -0.428571
8863.5 0.142857
8864.5 -1.71429
8865.5 2.14286
8866.5 -0.571429
8867.5 -4.28571
8868.5 2
8869.5 -2.42857
8870.5 -1.71429
8871.5 -1.57143
8872.5 2.14286
8873.5 1
8874.5 1
8875.5 0.285714
8876.5 -0.857143
8877.5 -0.714286
8878.5 -0.857143
8879.5 -1.71429
8880.5 -0.571429
8881.5 3
8882.5 1
8883.5 -1.71429
8884.5 -0.857143
8885.5 -0.857143
8886.5 3
8887.5 -1.57143
8888.5 -1.57143
8889.5 3
8890.5 -1.57143
8891.5 -1.71429
8892.5 0.285714
8893.5 -0.857143
8894.5 0.142857
8895.5 1.14286
8896.5 -0.714286
8897.5 -1.71429
8898.5 1.14286
8899.5 0.142857
8900.5 1.14286
8901.5 0.142857
8902.5 -0.714286
8903.5 -1.71429
8904.5 4
8905.5 0.142857
8906.5 0.142857
8907.5 2
8908.5 0.142857
8909.5 -1.42857
8910.5 -0.428571
8911.5 0.142857
8912.5 2
8913.5 -3.42857
8914.5 -0.857143
8915.5 1.14286
8916.5 2
8917.5 3
8918.5 0
8919.5 -0.714286
8920.5 1
8921.5 0
8922.5 -0.857143
8923.5 -1.71429
8924.5 -0.714286
8925.5 0.142857
8926.5 -1.57143
8927.5 0.142857
8928.5 -1.71429
8929.5 0
8930.5 -0.714286
8931.5 -2.57143
8932.5 -0.714286
8933.5 -2.42857
8934.5 -0.714286
8935.5 1.14286
8936.5 -0.714286
8937.5 -0.714286
8938.5 0
8939.5 0.142857
8940.5 -0.714286
8941.5 -0.714286
8942.5 -0.714286
8943.5 4
8944.5 -1.71429
8945.5 1.14286
8946.5 0.142857
8947.5 0.285714
8948.5 -0.714286
8949.5 0.428571
8950.5 1.28571
8951.5 -1.42857
8952.5 2
8953.5 -0.714286
8954.5 -0.571429
8955.5 0.142857
8956.5 -0.714286
8957.5 0
8958.5 1
8959.5 1.14286
8960.5 -0.857143
8961.5 -2.42857
8962.5 -0.857143
8963.5 0
8964.5 1
8965.5 0.285714
8966.5 -0.857143
8967.5 2
8968.5 2
8969.5 1.28571
8970.5 0.142857
8971.5 -1.71429
8972.5 -3.42857
8973.5 2.14286
8974.5 1.42857
8975.5 1.28571
8976.5 0.285714
8977.5 -0.571429
8978.5 -0.428571
8979.5 3.14286
8980.5 3.14286
8981.5 1.14286
8982.5 5.42857
8983.5 3
8984.5 1.42857
8985.5 1.57143
8986.5 5
8987.5 1.28571
8988.5 1.14286
8989.5 -0.857143
8990.5 0.428571
8991.5 1.14286
8992.5 1.14286
8993.5 1.14286
8994.5 3
8995.5 2.28571
8996.5 -1.71429
8997.5 0.428571
8998.5 0.428571
8999.5 1.14286
9000.5 0.142857
9001.5 -2.57143
9002.5 -0.714286
9003.5 0
9004.5 3
9005.5 -0.714286
9006.5 -2.57143
9007.5 1.14286
9008.5 0.142857
9009.5 1.14286
9010.5 -0.714286
9011.5 1
9012.5 -1.71429
9013.5 0
9014.5 -0.714286
9015.5 -1.71429
9016.5 2
9017.5 -0.714286
9018.5 0
9019.5 -0.714286
9020.5 -0.857143
9021.5 0.285714
9022.5 1.14286
9023.5 1
9024.5 -2.57143
9025.5 1
9026.5 -0.857143
9027.5 0
9028.5 0.142857
9029.5 -0.857143
9030.5 0
9031.5 -0.857143
9032.5 -1.71429
9033.5 0
9034.5 0
9035.5 1
9036.5 0.285714
9037.5 0.142857
9038.5 0
9039.5 -0.857143
9040.5 0.285714
9041.5 0
9042.5 -1.71429
9043.5 1
9044.5 -0.714286
9045.5 2
9046.5 1.28571
9047.5 0.142857
9048.5 1
9049.5 -1.42857
9050.5 1
9051.5 0
9052.5 0
9053.5 -0.857143
9054.5 1
9055.5 -1.57143
9056.5 0
9057.5 -2.57143
9058.5 0
9059.5 1
9060.5 -0.857143
9061.5 -1.71429
9062.5 0.142857
9063.5 -0.714286
9064.5 -2.57143
9065.5 1.14286
9066.5 0.142857
9067.5 -2.57143
9068.5 0
9069.5 2.14286
9070.5 0
9071.5 1
9072.5 -0.714286
9073.5 1
9074.5 0
9075.5 -0.857143
9076.5 1
9077.5 1
9078.5 2
9079.5 0.142857
9080.5 0
9081.5 1
9082.5 -1.71429
9083.5 -0.857143
9084.5 2
9085.5 -0.714286
9086.5 0
9087.5 -0.714286
9088.5 0.142857
9089.5 1.28571
9090.5 1.14286
9091.5 1.42857
9092.5 0
9093.5 1
9094.5 -2.57143
9095.5 1
9096.5 2
9097.5 2
9098.5 0
9099.5 3.14286
9100.5 -1.57143
9101.5 -0.857143
9102.5 0
9103.5 0
9104.5 2
9105.5 4
9106.5 -1.71429
9107.5 0
9108.5 -0.857143
9109.5 -0.857143
9110.5 1
9111.5 1
9112.5 -2.57143
9113.5 -3.42857
9114.5 0.142857
9115.5 0
9116.5 2.14286
9117.5 1
9118.5 0
9119.5 -0.571429
9120.5 0
9121.5 0.285714
9122.5 1.14286
9123.5 -1.57143
9124.5 -1.71429
9125.5 0.142857
9126.5 0.142857
9127.5 2.14286
9128.5 1
9129.5 -0.857143
9130.5 0.285714
9131.5 -0.857143
9132.5 -1.71429
9133.5 0
9134.5 -1.71429
9135.5 2
9136.5 -0.714286
9137.5 2
9138.5 0.142857
9139.5 1.14286
9140.5 -1.71429
9141.5 0.142857
9142.5 -0.714286
9143.5 1.14286
9144.5 -0.857143
9145.5 0
9146.5 0
9147.5 0
9148.5 -0.714286
9149.5 1
9150.5 -2.57143
9151.5 1
9152.5 -0.714286
9153.5 -2.57143
9154.5 -0.857143
9155.5 1
9156.5 0
9157.5 1
9158.5 -1.71429
9159.5 0.142857
9160.5 0.142857
9161.5 0.142857
9162.5 -0.857143
9163.5 0.142857
9164.5 0.142857
9165.5 1
9166.5 -1.71429
9167.5 0.142857
9168.5 3.28571
9169.5 -2.57143
9170.5 -1.71429
9171.5 3
9172.5 1
9173.5 0
9174.5 1
9175.5 1
9176.5 1.14286
9177.5 1
9178.5 1
9179.5 -1.71429
9180.5 -2.57143
9181.5 0.142857
9182.5 0
9183.5 -0.714286
9184.5 0.142857
9185.5 1
9186.5 -0.714286
9187.5 0.142857
9188.5 -2.57143
9189.5 -0.571429
9190.5 0
9191.5 -0.857143
9192.5 0.142857
9193.5 -0.857143
9194.5 0.142857
9195.5 0.285714
9196.5 1.14286
9197.5 2.14286
9198.5 -0.714286
9199.5 -1.71429
9200.5 -1.71429
9201.5 -1.71429
9202.5 -1.71429
9203.5 -2.57143
9204.5 1
9205.5 2
9206.5 0.285714
9207.5 1.28571
9208.5 1.14286
9209.5 -0.714286
9210.5 0
9211.5 -0.857143
9212.5 -1.71429
9213.5 0
9214.5 0
9215.5 -2.57143
9216.5 -0.714286
9217.5 -0.857143
9218.5 -1.71429
9219.5 0.142857
9220.5 1
9221.5 1
9222.5 -0.714286
9223.5 0.285714
9224.5 0.285714
9225.5 0.142857
9226.5 -0.857143
9227.5 2
9228.5 -0.857143
9229.5 -0.857143
9230.5 1
9231.5 -0.857143
9232.5 -2.57143
9233.5 -1.71429
9234.5 1
9235.5 0.142857
9236.5 1
9237.5 -0.857143
9238.5 -2.42857
9239.5 0.142857
9240.5 1
9241.5 1
9242.5 1
9243.5 1.14286
9244.5 0
9245.5 -0.857143
9246.5 1
9247.5 3
9248.5 0.142857
9249.5 0.142857
9250.5 1
9251.5 -0.857143
9252.5 -1.71429
9253.5 1
9254.5 0
9255.5 0
9256.5 -1.71429
9257.5 -0.714286
9258.5 -1.71429
9259.5 -1.71429
9260.5 1
9261.5 2
9262.5 0.285714
9263.5 2.14286
9264.5 -0.857143
9265.5 -0.857143
9266.5 0
9267.5 -1.71429
9268.5 -0.857143
9269.5 2
9270.5 0.142857
9271.5 1
9272.5 1.14286
9273.5 1.14286
9274.5 0
9275.5 3
9276.5 -0.857143
9277.5 2
9278.5 -2.42857
9279.5 -0.857143
9280.5 0
9281.5 0
9282.5 -0.857143
9283.5 -1.71429
9284.5 2
9285.5 0
9286.5 0
9287.5 1
9288.5 1
9289.5 -0.714286
9290.5 3
9291.5 -2.57143
9292.5 0
9293.5 -2.57143
9294.5 1
9295.5 2.14286
9296.5 4.14286
9297.5 -0.857143
9298.5 -0.857143
9299.5 -3.42857
9300.5 0.142857
9301.5 -0.857143
9302.5 2.14286
9303.5 1
9304.5 1
9305.5 -0.857143
9306.5 1
9307.5 0
9308.5 -0.857143
9309.5 -1.71429
9310.5 2
9311.5 0
9312.5 1
9313.5 0
9314.5 0.142857
9315.5 2
9316.5 2
9317.5 0
9318.5 -0.857143
9319.5 0
9320.5 -0.857143
9321.5 -1.71429
9322.5 1.14286
9323.5 -0.857143
9324.5 -1.57143
9325.5 -1.71429
9326.5 1
9327.5 0.142857
9328.5 -2.42857
9329.5 1
9330.5 0
9331.5 -1.71429
9332.5 -0.857143
9333.5 0.142857
9334.5 1
9335.5 2
9336.5 0
9337.5 1
9338.5 0
9339.5 -0.857143
9340.5 0
9341.5 0
9342.5 1
9343.5 0.142857
9344.5 1.14286
9345.5 2
9346.5 0.142857
9347.5 1
9348.5 -1.71429
9349.5 3
9350.5 0.285714
9351.5 2
9352.5 0
9353.5 0
9354.5 1
9355.5 0.142857
9356.5 0
9357.5 -0.714286
9358.5 0.142857
9359.5 -0.857143
9360.5 0
9361.5 -1.71429
9362.5 -0.857143
9363.5 -0.857143
9364.5 -0.857143
9365.5 0.142857
9366.5 2
9367.5 -0.714286
9368.5 0
9369.5 1
9370.5 -1.57143
9371.5 1.14286
9372.5 1
9373.5 -0.857143
9374.5 1
9375.5 1.14286
9376.5 0
9377.5 0
9378.5 0
9379.5 0
9380.5 3
9381.5 -0.857143
9382.5 0
9383.5 0
9384.5 1.14286
9385.5 0
9386.5 0
9387.5 -0.857143
9388.5 0
9389.5 0
9390.5 -0.714286
9391.5 0.142857
9392.5 0
9393.5 0
9394.5 1
9395.5 -0.857143
9396.5 0
9397.5 -0.857143
9398.5 1
9399.5 -0.857143
9400.5 0
9401.5 -0.857143
9402.5 0
9403.5 -0.857143
9404.5 1
9405.5 0
9406.5 2
9407.5 0.142857
9408.5 0.285714
9409.5 -1.71429
9410.5 0
9411.5 0
9412.5 1
9413.5 0
9414.5 -0.714286
9415.5 0
9416.5 0
9417.5 0
9418.5 1
9419.5 -0.857143
9420.5 0
9421.5 0.142857
9422.5 -1.71429
9423.5 1
9424.5 1
9425.5 2
9426.5 0
9427.5 1
9428.5 0.142857
9429.5 -0.857143
9430.5 2
9431.5 1
9432.5 1
9433.5 1.14286
9434.5 0.142857
9435.5 2
9436.5 0
9437.5 3
9438.5 0
9439.5 -0.857143
9440.5 0.285714
9441.5 1
9442.5 0
9443.5 0
9444.5 -0.857143
9445.5 2
9446.5 1
9447.5 2
9448.5 -1.71429
9449.5 2
9450.5 -0.857143
9451.5 -1.57143
9452.5 0
9453.5 0.428571
9454.5 1.28571
9455.5 0.142857
9456.5 -0.714286
9457.5 0.571429
9458.5 -2.14286
9459.5 -2
9460.5 2.57143
9461.5 -1.42857
9462.5 -2
9463.5 4.28571
9464.5 0.285714
9465.5 -0.714286
9466.5 3.14286
9467.5 1
9468.5 0
9469.5 1
9470.5 -0.857143
9471.5 0
9472.5 0.142857
9473.5 -0.714286
9474.5 0.142857
9475.5 -0.857143
9476.5 1.14286
9477.5 -0.857143
9478.5 2
9479.5 0
9480.5 -0.857143
9481.5 0.142857
9482.5 -0.714286
9483.5 -1.71429
9484.5 -0.857143
9485.5 0
9486.5 -0.714286
9487.5 -0.857143
9488.5 0
9489.5 0
9490.5 0
9491.5 1
9492.5 0.285714
9493.5 -0.857143
9494.5 0
9495.5 -1.71429
9496.5 -1.71429
9497.5 0
9498.5 0
9499.5 2
9500.5 1.14286
9501.5 0
9502.5 0.142857
9503.5 0
9504.5 -0.857143
9505.5 1
9506.5 0.142857
9507.5 0.142857
9508.5 0
9509.5 0
9510.5 0
9511.5 1
9512.5 1
9513.5 1
9514.5 2
9515.5 -0.857143
9516.5 1
9517.5 0
9518.5 0.142857
9519.5 2
9520.5 0
9521.5 1
9522.5 0
9523.5 0
9524.5 0.142857
9525.5 -1.71429
9526.5 -0.857143
9527.5 0
9528.5 -0.857143
9529.5 -0.857143
9530.5 0
9531.5 1
9532.5 -0.857143
9533.5 0.285714
9534.5 0
9535.5 1
9536.5 -1.71429
9537.5 2.14286
9538.5 1.14286
9539.5 0
9540.5 2
9541.5 0
9542.5 0.142857
9543.5 0
9544.5 0
9545.5 0
9546.5 -1.71429
9547.5 1
9548.5 -1.71429
9549.5 0
9550.5 2.14286
9551.5 0.142857
9552.5 1
9553.5 2
9554.5 1
9555.5 0.142857
9556.5 -0.857143
9557.5 0
9558.5 1
9559.5 0
9560.5 0
9561.5 0
9562.5 1
9563.5 0
9564.5 1
9565.5 1
9566.5 0
9567.5 -0.857143
9568.5 0
9569.5 -0.857143
9570.5 0.142857
9571.5 0.142857
9572.5 -0.857143
9573.5 1
9574.5 0
9575.5 -1.71429
9576.5 1.14286
9577.5 0
9578.5 0.142857
9579.5 0
9580.5 0.142857
9581.5 2
9582.5 0
9583.5 0
9584.5 0
9585.5 -0.857143
9586.5 0
9587.5 -0.857143
9588.5 0
9589.5 0
9590.5 0
9591.5 2
9592.5 0
9593.5 -0.857143
9594.5 1
9595.5 0
9596.5 -0.857143
9597.5 0.142857
9598.5 -0.857143
9599.5 0
9600.5 -1.71429
9601.5 0
9602.5 1
9603.5 0
9604.5 0
9605.5 0
9606.5 0
9607.5 -0.857143
9608.5 -1.71429
9609.5 -0.857143
9610.5 0.285714
9611.5 1
9612.5 0
9613.5 0
9614.5 1
9615.5 0
9616.5 0.142857
9617.5 0
9618.5 0
9619.5 -0.857143
9620.5 0
9621.5 1
9622.5 -0.857143
9623.5 -0.857143
9624.5 -0.857143
9625.5 2
9626.5 -0.714286
9627.5 1
9628.5 0
9629.5 -0.857143
9630.5 -1.71429
9631.5 0
9632.5 -0.857143
9633.5 -0.857143
9634.5 2
9635.5 1
9636.5 0
9637.5 -0.857143
9638.5 -0.857143
9639.5 -0.857143
9640.5 -0.857143
9641.5 0.142857
9642.5 0
9643.5 0
9644.5 -0.857143
9645.5 -1.71429
9646.5 0
9647.5 1
9648.5 0
9649.5 0
9650.5 0
9651.5 0
9652.5 -0.857143
9653.5 0
9654.5 0
9655.5 1
9656.5 0
9657.5 0
9658.5 0
9659.5 0
9660.5 0
9661.5 -2.57143
9662.5 0
9663.5 0
9664.5 -0.857143
9665.5 1
9666.5 1
9667.5 1
9668.5 0
9669.5 -0.857143
9670.5 -0.714286
9671.5 0
9672.5 0
9673.5 -0.857143
9674.5 0
9675.5 0.142857
9676.5 -0.857143
9677.5 -0.857143
9678.5 -0.857143
9679.5 0
9680.5 1
9681.5 0.285714
9682.5 1
9683.5 0
9684.5 0
9685.5 1
9686.5 2
9687.5 0
9688.5 0.142857
9689.5 -0.857143
9690.5 1.14286
9691.5 0
9692.5 -0.857143
9693.5 -0.857143
9694.5 1
9695.5 -0.857143
9696.5 0.142857
9697.5 0
9698.5 -0.857143
9699.5 0.142857
9700.5 0
9701.5 0
9702.5 0
9703.5 0
9704.5 1
9705.5 0
9706.5 -0.857143
9707.5 0
9708.5 -0.857143
9709.5 0
9710.5 -0.857143
9711.5 0.142857
9712.5 -0.857143
9713.5 0
9714.5 0
9715.5 0
9716.5 0
9717.5 0
9718.5 0
9719.5 0
9720.5 -0.857143
9721.5 -0.857143
9722.5 0
9723.5 0
9724.5 0
9725.5 -0.857143
9726.5 1
9727.5 1
9728.5 1
9729.5 1
9730.5 1
9731.5 0
9732.5 0
9733.5 0
9734.5 -0.857143
9735.5 0
9736.5 1
9737.5 1
9738.5 0
9739.5 0
9740.5 0
9741.5 1
9742.5 1
9743.5 0
9744.5 -0.857143
9745.5 1
9746.5 0
9747.5 0
9748.5 -0.857143
9749.5 -1.71429
9750.5 -0.857143
9751.5 0
9752.5 1
9753.5 -0.857143
9754.5 0
9755.5 0
9756.5 1
9757.5 -1.71429
9758.5 1
9759.5 0
9760.5 1
9761.5 0.142857
9762.5 0
9763.5 0
9764.5 0
9765.5 0
9766.5 1
9767.5 0.142857
9768.5 1
9769.5 0
9770.5 -0.857143
9771.5 1
9772.5 0
9773.5 0
9774.5 2.14286
9775.5 0
9776.5 1
9777.5 1
9778.5 -0.857143
9779.5 0
9780.5 -0.857143
9781.5 0
9782.5 1
9783.5 0
9784.5 0
9785.5 -0.857143
9786.5 -0.857143
9787.5 -0.857143
9788.5 0
9789.5 0.142857
9790.5 1
9791.5 1
9792.5 -1.71429
9793.5 2
9794.5 -0.857143
9795.5 0
9796.5 0
9797.5 3
9798.5 -1.71429
9799.5 -0.857143
9800.5 1
9801.5 0
9802.5 1
9803.5 1
9804.5 1.14286
9805.5 -1.71429
9806.5 1
9807.5 1
9808.5 0
9809.5 0
9810.5 -1.71429
9811.5 0
9812.5 0
9813.5 0
9814.5 0
9815.5 0
9816.5 1
9817.5 -0.857143
9818.5 0
9819.5 -0.857143
9820.5 -0.714286
9821.5 1
9822.5 0
9823.5 0
9824.5 0
9825.5 0.142857
9826.5 0
9827.5 -0.714286
9828.5 0
9829.5 1
9830.5 0
9831.5 0
9832.5 0
9833.5 0
9834.5 0
9835.5 0
9836.5 0
9837.5 0
9838.5 0
9839.5 0
9840.5 0
9841.5 1
9842.5 0
9843.5 -0.857143
9844.5 1
9845.5 0
9846.5 0.142857
9847.5 0
9848.5 -0.857143
9849.5 0
9850.5 1
9851.5 0
9852.5 0
9853.5 0
9854.5 0
9855.5 -0.857143
9856.5 -0.857143
9857.5 0
9858.5 0
9859.5 0
9860.5 0
9861.5 0
9862.5 0
9863.5 1
9864.5 0
9865.5 0.142857
9866.5 0
9867.5 0
9868.5 0
9869.5 0
9870.5 0
9871.5 0
9872.5 0
9873.5 -0.857143
9874.5 0
9875.5 0
9876.5 0
9877.5 0
9878.5 -0.857143
9879.5 0
9880.5 1
9881.5 0
9882.5 0
9883.5 1
9884.5 -0.857143
9885.5 0
9886.5 0
9887.5 1
9888.5 1
9889.5 0
9890.5 0
9891.5 0
9892.5 0
9893.5 0
9894.5 0
9895.5 0
9896.5 0
9897.5 0
9898.5 0
9899.5 0
9900.5 0
9901.5 0
9902.5 -0.857143
9903.5 1
9904.5 0
9905.5 -0.857143
9906.5 -0.857143
9907.5 0
9908.5 0
9909.5 0
9910.5 0
9911.5 0.142857
9912.5 0
9913.5 -0.857143
9914.5 0
9915.5 0
9916.5 0
9917.5 0
9918.5 0
9919.5 0
9920.5 0
9921.5 0
9922.5 1
9923.5 0
9924.5 0
9925.5 0
9926.5 0
9927.5 -0.857143
9928.5 0
9929.5 0
9930.5 0
9931.5 0
9932.5 0
9933.5 0
9934.5 1
9935.5 0
9936.5 0
9937.5 0
9938.5 0
9939.5 0
9940.5 0
9941.5 0
9942.5 -0.857143
9943.5 0
9944.5 0
9945.5 0
9946.5 0
9947.5 -0.857143
9948.5 -0.857143
9949.5 0
9950.5 0
9951.5 0
9952.5 0
9953.5 0
9954.5 0
9955.5 1
9956.5 0
9957.5 1
9958.5 0
9959.5 0
9960.5 0
9961.5 -0.857143
9962.5 0.142857
9963.5 -0.857143
9964.5 -2.57143
9965.5 0.142857
9966.5 2.14286
9967.5 -0.571429
9968.5 -3.42857
9969.5 2
9970.5 -0.857143
9971.5 -2.42857
9972.5 0.142857
9973.5 1
9974.5 -1.71429
9975.5 0.285714
9976.5 1.14286
9977.5 -0.714286
9978.5 0.142857
9979.5 1.14286
9980.5 2
9981.5 1
9982.5 0
9983.5 0
9984.5 0
9985.5 0
9986.5 -0.857143
9987.5 0
9988.5 0
9989.5 0
9990.5 0
9991.5 0
9992.5 0
9993.5 0
9994.5 0
9995.5 0
9996.5 0
9997.5 0
9998.5 0
9999.5 0
10000.5 -0.857143
10001.5 -0.857143
10002.5 0
10003.5 0
10004.5 0
10005.5 0
10006.5 0
10007.5 0
10008.5 0
10009.5 0
10010.5 0
10011.5 0
10012.5 0
10013.5 0
10014.5 0
10015.5 -0.857143
10016.5 1
10017.5 0
10018.5 0
10019.5 -0.857143
10020.5 0
10021.5 0
10022.5 0
10023.5 0
10024.5 0
10025.5 0
10026.5 -0.857143
10027.5 0
10028.5 0
10029.5 0
10030.5 0
10031.5 0
10032.5 0
10033.5 0
10034.5 0
10035.5 0
10036.5 0
10037.5 0
10038.5 0
10039.5 0
10040.5 0
10041.5 0
10042.5 0
10043.5 0
10044.5 0
10045.5 0
10046.5 0
10047.5 1
10048.5 0
10049.5 0
10050.5 1
10051.5 0
10052.5 0
10053.5 -0.857143
10054.5 0
10055.5 0
10056.5 0
10057.5 0
10058.5 0
10059.5 0
10060.5 0
10061.5 0
10062.5 0
10063.5 1
10064.5 0
10065.5 0
10066.5 1
10067.5 0
10068.5 0
10069.5 0
10070.5 0
10071.5 0
10072.5 0
10073.5 0
10074.5 0
10075.5 0
10076.5 0
10077.5 0
10078.5 0
10079.5 0
10080.5 0
10081.5 0
10082.5 1
10083.5 1
10084.5 1
10085.5 0
10086.5 0
10087.5 0
10088.5 0
10089.5 0
10090.5 -0.857143
10091.5 0
10092.5 -0.857143
10093.5 0
10094.5 0
10095.5 0
10096.5 0
10097.5 1
10098.5 0
10099.5 0
10100.5 0
10101.5 0
10102.5 0
10103.5 0
10104.5 0
10105.5 0
10106.5 0
10107.5 1
10108.5 0
10109.5 0
10110.5 0
10111.5 0
10112.5 0
10113.5 0
10114.5 0
10115.5 0
10116.5 0
10117.5 -0.857143
10118.5 0
10119.5 0
10120.5 1
10121.5 -0.857143
10122.5 0
10123.5 0
10124.5 0
10125.5 0
10126.5 0
10127.5 0
10128.5 0
10129.5 1
10130.5 0
10131.5 -0.857143
10132.5 1
10133.5 0
10134.5 -1.71429
10135.5 0
10136.5 0
10137.5 0
10138.5 0
10139.5 1
10140.5 0
10141.5 0
10142.5 0
10143.5 1
10144.5 0
10145.5 0
10146.5 0
10147.5 0
10148.5 0
10149.5 0
10150.5 0
10151.5 0
10152.5 0
10153.5 0
10154.5 0
10155.5 0
10156.5 0
10157.5 0
10158.5 0
10159.5 0
10160.5 0
10161.5 0
10162.5 0
10163.5 0
10164.5 0
10165.5 0
10166.5 1
10167.5 0
10168.5 0
10169.5 -0.857143
10170.5 0
10171.5 0
10172.5 0
10173.5 0
10174.5 0
10175.5 0
10176.5 0
10177.5 0
10178.5 0
10179.5 0
10180.5 0
10181.5 0
10182.5 1
10183.5 0
10184.5 0
10185.5 0
10186.5 0
10187.5 0
10188.5 0
10189.5 0
10190.5 0
10191.5 0
10192.5 0
10193.5 0
10194.5 0
10195.5 0
10196.5 0
10197.5 -0.857143
10198.5 0
10199.5 0
10200.5 0
10201.5 0
10202.5 0
10203.5 0
10204.5 0
10205.5 1
10206.5 0
10207.5 0
10208.5 0
10209.5 0
10210.5 0
10211.5 0
10212.5 0
10213.5 0
10214.5 0
10215.5 -0.857143
10216.5 0
10217.5 0
10218.5 0
10219.5 0
10220.5 1
10221.5 0
10222.5 0
10223.5 0
10224.5 0
10225.5 0
10226.5 0
10227.5 0
10228.5 0
10229.5 0
10230.5 0
10231.5 0
10232.5 0
10233.5 0
10234.5 0
10235.5 0
10236.5 0
10237.5 0
10238.5 0
10239.5 0
10240.5 0
10241.5 -0.857143
10242.5 0
10243.5 -0.857143
10244.5 1
10245.5 0
10246.5 0
10247.5 0
10248.5 0
10249.5 0
10250.5 0
10251.5 0
10252.5 0
10253.5 0
10254.5 0
10255.5 1
10256.5 0
10257.5 0
10258.5 0
10259.5 0
10260.5 0
10261.5 0
10262.5 0
10263.5 0
10264.5 0
10265.5 0
10266.5 0
10267.5 0
10268.5 0
10269.5 0
10270.5 0
10271.5 0
10272.5 -0.857143
10273.5 0
10274.5 1
10275.5 0
10276.5 0
10277.5 0
10278.5 0
10279.5 0
10280.5 0
10281.5 0
10282.5 0
10283.5 0
10284.5 0
10285.5 0
10286.5 -0.857143
10287.5 0
10288.5 0
10289.5 -0.857143
10290.5 0
10291.5 0
10292.5 0
10293.5 0
10294.5 0
10295.5 0
10296.5 0
10297.5 1
10298.5 0
10299.5 0
10300.5 0
10301.5 0
10302.5 -0.857143
10303.5 0
10304.5 0
10305.5 0
10306.5 0
10307.5 0
10308.5 0
10309.5 0
10310.5 0
10311.5 1
10312.5 0
10313.5 0
10314.5 0
10315.5 0
10316.5 0
10317.5 0
10318.5 0
10319.5 0
10320.5 0
10321.5 0
10322.5 0
10323.5 0
10324.5 0
10325.5 0
10326.5 0
10327.5 0
10328.5 0
10329.5 1
10330.5 0
10331.5 0
10332.5 0
10333.5 0
10334.5 0
10335.5 0
10336.5 1
10337.5 0
10338.5 0
10339.5 0
10340.5 0
10341.5 0
10342.5 0
10343.5 0
10344.5 0
10345.5 0
10346.5 0
10347.5 0
10348.5 0
10349.5 0
10350.5 0
10351.5 0
10352.5 0
10353.5 0
10354.5 1
10355.5 0
10356.5 0
10357.5 0
10358.5 0
10359.5 0
10360.5 0
10361.5 1
10362.5 0
10363.5 -0.857143
10364.5 -0.857143
10365.5 1
10366.5 -0.857143
10367.5 -0.857143
10368.5 0
10369.5 1
10370.5 0
10371.5 1
10372.5 0
10373.5 0
10374.5 0
10375.5 1
10376.5 0
10377.5 0
10378.5 0
10379.5 0
10380.5 0
10381.5 0
10382.5 0
10383.5 0
10384.5 0
10385.5 -0.857143
10386.5 0
10387.5 0
10388.5 0
10389.5 0
10390.5 0
10391.5 0
10392.5 0
10393.5 0
10394.5 0
10395.5 0
10396.5 0
10397.5 0
10398.5 0
10399.5 0
10400.5 0
10401.5 0
10402.5 0
10403.5 0
10404.5 0
10405.5 0
10406.5 0
10407.5 0
10408.5 0
10409.5 0
10410.5 0
10411.5 0
10412.5 0
10413.5 0
10414.5 0
10415.5 0
10416.5 0
10417.5 0
10418.5 1
10419.5 0
10420.5 0
10421.5 0
10422.5 0
10423.5 0
10424.5 0
10425.5 0
10426.5 0
10427.5 0
10428.5 0
10429.5 0
10430.5 0
10431.5 0
10432.5 0
10433.5 1
10434.5 0
10435.5 0
10436.5 0
10437.5 0
10438.5 0
10439.5 0
10440.5 0
10441.5 0
10442.5 0
10443.5 0
10444.5 0
10445.5 0
10446.5 0
10447.5 0
10448.5 0
10449.5 0
10450.5 -0.857143
10451.5 0
10452.5 0
10453.5 0
10454.5 0
10455.5 0
10456.5 0
10457.5 0
10458.5 0
10459.5 0
10460.5 1
10461.5 0
10462.5 0
10463.5 0
10464.5 0
10465.5 0
10466.5 0
10467.5 0
10468.5 0
10469.5 0
10470.5 0
10471.5 0
10472.5 0
10473.5 0
10474.5 0
10475.5 0
10476.5 0
10477.5 0
10478.5 0
10479.5 0
10480.5 0
10481.5 0
10482.5 0
10483.5 0
10484.5 0
10485.5 0
10486.5 -0.857143
10487.5 0
10488.5 0
10489.5 0
10490.5 0
10491.5 0
10492.5 0
10493.5 0
10494.5 0
10495.5 0
10496.5 0
10497.5 0
10498.5 0
10499.5 0
10500.5 -0.857143
10501.5 0
10502.5 0
10503.5 0
10504.5 0
10505.5 0
10506.5 1
10507.5 0
10508.5 0
10509.5 0
10510.5 0
10511.5 0
10512.5 0
10513.5 0
10514.5 0
10515.5 0
10516.5 0
10517.5 0
10518.5 0
10519.5 0
10520.5 0
10521.5 0
10522.5 -0.857143
10523.5 0
10524.5 0
10525.5 0
10526.5 0
10527.5 0
10528.5 0
10529.5 0
10530.5 0
10531.5 0
10532.5 0
10533.5 0
10534.5 0
10535.5 0
10536.5 0
10537.5 0
10538.5 0
10539.5 0
10540.5 0
10541.5 0
10542.5 0
10543.5 0
10544.5 0
10545.5 0
10546.5 0
10547.5 0
10548.5 0
10549.5 0
10550.5 0
10551.5 0
10552.5 0
10553.5 0
10554.5 0
10555.5 0
10556.5 0
10557.5 0
10558.5 0
10559.5 0
10560.5 0
10561.5 0
10562.5 0
10563.5 0
10564.5 0
10565.5 0
10566.5 0
10567.5 0
10568.5 0
10569.5 0
10570.5 0
10571.5 0
10572.5 0
10573.5 0
10574.5 0
10575.5 1
10576.5 0
10577.5 0
10578.5 0
10579.5 0
10580.5 0
10581.5 0
10582.5 0
10583.5 0
10584.5 0
10585.5 0
10586.5 0
10587.5 0
10588.5 0
10589.5 0
10590.5 0
10591.5 0
10592.5 0
10593.5 0
10594.5 0
10595.5 0
10596.5 0
10597.5 0
10598.5 0
10599.5 0
10600.5 0
10601.5 0
10602.5 0
10603.5 0
10604.5 0
10605.5 0
10606.5 0
10607.5 0
10608.5 0
10609.5 0
10610.5 0
10611.5 0
10612.5 0
10613.5 0
10614.5 0
10615.5 0
10616.5 0
10617.5 0
10618.5 0
10619.5 0
10620.5 0
10621.5 0
10622.5 0
10623.5 0
10624.5 0
10625.5 0
10626.5 0
10627.5 0
10628.5 0
10629.5 0
10630.5 0
10631.5 0
10632.5 0
10633.5 0
10634.5 1
10635.5 0
10636.5 0
10637.5 0
10638.5 0
10639.5 0
10640.5 0
10641.5 -0.857143
10642.5 0
10643.5 0
10644.5 0
10645.5 0
10646.5 0
10647.5 0
10648.5 0
10649.5 0
10650.5 0
10651.5 0
10652.5 0
10653.5 0
10654.5 0
10655.5 0
10656.5 1
10657.5 0
10658.5 0
10659.5 1
10660.5 0
10661.5 0
10662.5 0
10663.5 0
10664.5 0
10665.5 0
10666.5 0
10667.5 0
10668.5 0
10669.5 0
10670.5 0
10671.5 0
10672.5 0
10673.5 0
10674.5 0
10675.5 0
10676.5 0
10677.5 0
10678.5 0
10679.5 0
10680.5 0
10681.5 0
10682.5 0
10683.5 0
10684.5 0
10685.5 0
10686.5 0
10687.5 0
10688.5 0
10689.5 0
10690.5 0
10691.5 0
10692.5 1
10693.5 0
10694.5 0
10695.5 0
10696.5 0
10697.5 0
10698.5 0
10699.5 0
10700.5 0
10701.5 0
10702.5 0
10703.5 0
10704.5 0
10705.5 0
10706.5 0
10707.5 0
10708.5 0
10709.5 0
10710.5 -0.857143
10711.5 0
10712.5 0
10713.5 0
10714.5 0
10715.5 0
10716.5 0
10717.5 -0.857143
10718.5 0
10719.5 0
10720.5 0
10721.5 0
10722.5 0
10723.5 0
10724.5 0
10725.5 0
10726.5 0
10727.5 0
10728.5 0
10729.5 0
10730.5 0
10731.5 0
10732.5 1
10733.5 -0.857143
10734.5 0
10735.5 0
10736.5 0
10737.5 0
10738.5 1
10739.5 0
10740.5 0
10741.5 0
10742.5 0
10743.5 0
10744.5 0
10745.5 0
10746.5 0
10747.5 0
10748.5 0
10749.5 0
10750.5 -0.857143
10751.5 0
10752.5 0
10753.5 0
10754.5 0
10755.5 0
10756.5 0
10757.5 0
10758.5 0
10759.5 0
10760.5 -0.857143
10761.5 0
10762.5 0
10763.5 0
10764.5 0
10765.5 -0.857143
10766.5 0
10767.5 0
10768.5 0
10769.5 0
10770.5 0
10771.5 0
10772.5 0
10773.5 -0.857143
10774.5 0
10775.5 0
10776.5 0
10777.5 0
10778.5 0
10779.5 0
10780.5 0
10781.5 0
10782.5 0
10783.5 0
10784.5 0
10785.5 -0.857143
10786.5 0
10787.5 0
10788.5 0
10789.5 0
10790.5 0
10791.5 0
10792.5 0
10793.5 0
10794.5 0
10795.5 1
10796.5 0
10797.5 0
10798.5 0
10799.5 0
10800.5 0
10801.5 0
10802.5 0
10803.5 0
10804.5 0
10805.5 0
10806.5 0
10807.5 0
10808.5 1
10809.5 0
10810.5 0
10811.5 0
10812.5 0
10813.5 0
10814.5 0
10815.5 0
10816.5 0
10817.5 0
10818.5 1
10819.5 0
10820.5 0
10821.5 0
10822.5 0
10823.5 0
10824.5 0
10825.5 0
10826.5 0
10827.5 0
10828.5 0
10829.5 -0.857143
10830.5 0
10831.5 0
10832.5 0
10833.5 0
10834.5 0
10835.5 0
10836.5 0
10837.5 0
10838.5 0
10839.5 0
10840.5 0
10841.5 0
10842.5 0
10843.5 0
10844.5 0
10845.5 0
10846.5 0
10847.5 0
10848.5 0
10849.5 0
10850.5 0
10851.5 0
10852.5 0
10853.5 0
10854.5 0
10855.5 0
10856.5 0
10857.5 0
10858.5 0
10859.5 0
10860.5 0
10861.5 0
10862.5 0
10863.5 0
10864.5 0
10865.5 0
10866.5 0
10867.5 0
10868.5 0
10869.5 0
10870.5 0
10871.5 0
10872.5 0
10873.5 0
10874.5 0
10875.5 0
10876.5 0
10877.5 0
10878.5 0
10879.5 0
10880.5 0
10881.5 0
10882.5 0
10883.5 0
10884.5 0
10885.5 0
10886.5 0
10887.5 0
10888.5 0
10889.5 0
10890.5 0
10891.5 0
10892.5 0
10893.5 0
10894.5 0
10895.5 0
10896.5 0
10897.5 0
10898.5 0
10899.5 0
10900.5 0
10901.5 0
10902.5 0
10903.5 0
10904.5 0
10905.5 0
10906.5 0
10907.5 0
10908.5 0
10909.5 0
10910.5 0
10911.5 0
10912.5 -0.857143
10913.5 0
10914.5 0
10915.5 0
10916.5 0
10917.5 0
10918.5 0
10919.5 -0.857143
10920.5 0
10921.5 0
10922.5 0
10923.5 0
10924.5 0
10925.5 0
10926.5 0
10927.5 0
10928.5 0
10929.5 0
10930.5 0
10931.5 0
10932.5 0
10933.5 0
10934.5 0
10935.5 0
10936.5 0
10937.5 0
10938.5 0
10939.5 0
10940.5 0
10941.5 0
10942.5 0
10943.5 0
10944.5 0
10945.5 0
10946.5 0
10947.5 0
10948.5 0
10949.5 0
10950.5 0
10951.5 0
10952.5 0
10953.5 0
10954.5 0
10955.5 0
10956.5 0
10957.5 0
10958.5 0
10959.5 0
10960.5 0
10961.5 0
10962.5 0
10963.5 0
10964.5 0
10965.5 0
10966.5 0
10967.5 0
10968.5 0
10969.5 0
10970.5 0
10971.5 0
10972.5 0
10973.5 0
10974.5 0
10975.5 -0.857143
10976.5 0
10977.5 0
10978.5 0
10979.5 0
10980.5 0
10981.5 0
10982.5 0
10983.5 0
10984.5 0
10985.5 0
10986.5 0
10987.5 0
10988.5 0
10989.5 0
10990.5 0
10991.5 0
10992.5 0
10993.5 0
10994.5 0
10995.5 0
10996.5 -0.857143
10997.5 0
10998.5 0
10999.5 0
11000.5 0
11001.5 0
11002.5 0
11003.5 0
11004.5 -0.857143
11005.5 0
11006.5 0
11007.5 0
11008.5 0
11009.5 0
11010.5 0
11011.5 0
11012.5 0
11013.5 0
11014.5 0
11015.5 0
11016.5 0
11017.5 -1.71429
11018.5 0
11019.5 0
11020.5 0
11021.5 0
11022.5 0
11023.5 0
11024.5 0
11025.5 0
11026.5 0
11027.5 0
11028.5 0
11029.5 0
11030.5 0
11031.5 0
11032.5 0
11033.5 0
11034.5 0
11035.5 0
11036.5 0
11037.5 -0.857143
11038.5 0
11039.5 0
11040.5 0
11041.5 0
11042.5 0
11043.5 0
11044.5 0
11045.5 0
11046.5 0
11047.5 0
11048.5 0
11049.5 0
11050.5 0
11051.5 0
11052.5 0
11053.5 0
11054.5 0
11055.5 0
11056.5 0
11057.5 0
11058.5 0
11059.5 0
11060.5 0
11061.5 0
11062.5 0
11063.5 0
11064.5 0
11065.5 0
11066.5 0
11067.5 0
11068.5 0
11069.5 0
11070.5 0
11071.5 0
11072.5 0
11073.5 0
11074.5 0
11075.5 0
11076.5 0
11077.5 0
11078.5 0
11079.5 -0.857143
11080.5 0
11081.5 -0.857143
11082.5 0
11083.5 0
11084.5 0
11085.5 0
11086.5 0
11087.5 0
11088.5 0
11089.5 0
11090.5 0
11091.5 0
11092.5 0
11093.5 0
11094.5 0
11095.5 0
11096.5 0
11097.5 0
11098.5 0
11099.5 0
11100.5 0
11101.5 0
11102.5 0
11103.5 0
11104.5 0
11105.5 0
11106.5 0
11107.5 0
11108.5 0
11109.5 0
11110.5 0
11111.5 0
11112.5 0
11113.5 0
11114.5 0
11115.5 0
11116.5 0
11117.5 0
11118.5 0
11119.5 0
11120.5 0
11121.5 0
11122.5 0
11123.5 0
11124.5 1
11125.5 0
11126.5 0
11127.5 0
11128.5 0
11129.5 -1.71429
11130.5 1
11131.5 0
11132.5 0
11133.5 0
11134.5 0
11135.5 0
11136.5 0
11137.5 0
11138.5 0
11139.5 0
11140.5 0
11141.5 0
11142.5 0
11143.5 0
11144.5 0
11145.5 0
11146.5 0
11147.5 0
11148.5 0
11149.5 1
11150.5 0
11151.5 -0.857143
11152.5 0
11153.5 0
11154.5 0
11155.5 0
11156.5 0
11157.5 0
11158.5 0
11159.5 0
11160.5 0
11161.5 0
11162.5 0
11163.5 0
11164.5 0
11165.5 0
11166.5 0
11167.5 0
11168.5 0
11169.5 0
11170.5 0
11171.5 0
11172.5 0
11173.5 0
11174.5 0
11175.5 0
11176.5 0
11177.5 0
11178.5 0
11179.5 0
11180.5 0
11181.5 0
11182.5 0
11183.5 0
11184.5 0
11185.5 0
11186.5 0
11187.5 0
11188.5 0
11189.5 0
11190.5 0
11191.5 0
11192.5 0
11193.5 0
11194.5 0
11195.5 0
11196.5 0
11197.5 0
11198.5 0
11199.5 0
11200.5 0
11201.5 0
11202.5 0
11203.5 0
11204.5 0
11205.5 0
11206.5 0
11207.5 0
11208.5 0
11209.5 0
11210.5 0
11211.5 0
11212.5 0
11213.5 0
11214.5 0
11215.5 0
11216.5 0
11217.5 0
11218.5 0
11219.5 0
11220.5 0
11221.5 0
11222.5 0
11223.5 0
11224.5 0
11225.5 0
11226.5 0
11227.5 0
11228.5 0
11229.5 0
11230.5 0
11231.5 0
11232.5 0
11233.5 0
11234.5 0
11235.5 0
11236.5 0
11237.5 0
11238.5 0
11239.5 0
11240.5 0
11241.5 0
11242.5 0
11243.5 0
11244.5 0
11245.5 0
11246.5 0
11247.5 0
11248.5 0
11249.5 0
11250.5 0
11251.5 0
11252.5 0
11253.5 0
11254.5 0
11255.5 0
11256.5 0
11257.5 0
11258.5 0
11259.5 0
11260.5 0
11261.5 0
11262.5 0
11263.5 0
11264.5 0
11265.5 0
11266.5 0
11267.5 0
11268.5 0
11269.5 0
11270.5 0
11271.5 0
11272.5 0
11273.5 0
11274.5 0
11275.5 0
11276.5 0
11277.5 0
11278.5 0
11279.5 0
11280.5 0
11281.5 0
11282.5 0
11283.5 0
11284.5 0
11285.5 0
11286.5 0
11287.5 0
11288.5 0
11289.5 0
11290.5 0
11291.5 -0.857143
11292.5 0
11293.5 0
11294.5 0
11295.5 0
11296.5 0
11297.5 0
11298.5 0
11299.5 0
11300.5 0
11301.5 0
11302.5 0
11303.5 0
11304.5 0
11305.5 0
11306.5 0
11307.5 0
11308.5 0
11309.5 0
11310.5 0
11311.5 0
11312.5 0
11313.5 0
11314.5 0
11315.5 0
11316.5 0
11317.5 -0.857143
11318.5 0
11319.5 0
11320.5 0
11321.5 0
11322.5 0
11323.5 0
11324.5 0
11325.5 0
11326.5 0
11327.5 0
11328.5 0
11329.5 0
11330.5 0
11331.5 0
11332.5 0
11333.5 0
11334.5 0
11335.5 0
11336.5 0
11337.5 0
11338.5 0
11339.5 0
11340.5 0
11341.5 0
11342.5 0
11343.5 0
11344.5 0
11345.5 0
11346.5 0
11347.5 0
11348.5 0
11349.5 0
11350.5 0
11351.5 0
11352.5 0
11353.5 0
11354.5 0
11355.5 0
11356.5 0
11357.5 0
11358.5 0
11359.5 0
11360.5 0
11361.5 0
11362.5 0
11363.5 0
11364.5 0
11365.5 0
11366.5 0
11367.5 0
11368.5 -0.857143
11369.5 0
11370.5 0
11371.5 0
11372.5 0
11373.5 0
11374.5 1
11375.5 0
11376.5 0
11377.5 0
11378.5 -0.857143
11379.5 0
11380.5 0
11381.5 0
11382.5 0
11383.5 0
11384.5 0
11385.5 0
11386.5 0
11387.5 0
11388.5 0
11389.5 0
11390.5 0
11391.5 1
11392.5 0
11393.5 0
11394.5 0
11395.5 0
11396.5 0
11397.5 -0.857143
11398.5 0
11399.5 0
11400.5 0
11401.5 0
11402.5 0
11403.5 0
11404.5 0
11405.5 0
11406.5 0
11407.5 0
11408.5 0
11409.5 0
11410.5 0
11411.5 0
11412.5 0
11413.5 0
11414.5 0
11415.5 0
11416.5 0
11417.5 0
11418.5 0
11419.5 0
11420.5 0
11421.5 -0.857143
11422.5 0
11423.5 0
11424.5 0
11425.5 0
11426.5 0
11427.5 0
11428.5 0
11429.5 0
11430.5 0
11431.5 0
11432.5 0
11433.5 0
11434.5 0
11435.5 0
11436.5 0
11437.5 0
11438.5 0
11439.5 0
11440.5 0
11441.5 0
11442.5 0
11443.5 0
11444.5 0
11445.5 0
11446.5 0
11447.5 0
11448.5 0
11449.5 0
11450.5 0
11451.5 1
11452.5 0
11453.5 0
11454.5 0
11455.5 0
11456.5 0
11457.5 0
11458.5 0
11459.5 0
11460.5 0
11461.5 0
11462.5 0
11463.5 0
11464.5 0
11465.5 0
11466.5 0
11467.5 -0.857143
11468.5 0
11469.5 0
11470.5 0
11471.5 0
11472.5 0
11473.5 0
11474.5 0
11475.5 0
11476.5 0
11477.5 0
11478.5 0
11479.5 0
11480.5 0
11481.5 0
11482.5 0
11483.5 0
11484.5 0
11485.5 0
11486.5 0
11487.5 0
11488.5 0
11489.5 0
11490.5 0
11491.5 0
11492.5 0
11493.5 0
11494.5 0
11495.5 0
11496.5 0
11497.5 0
11498.5 0
11499.5 0
11500.5 0
11501.5 0
11502.5 0
11503.5 0
11504.5 0
11505.5 0
11506.5 0
11507.5 0
11508.5 0
11509.5 0
11510.5 0
11511.5 0
11512.5 0
11513.5 0
11514.5 0
11515.5 0
11516.5 0
11517.5 0
11518.5 0
11519.5 0
11520.5 0
11521.5 0
11522.5 0
11523.5 0
11524.5 -0.857143
11525.5 0
11526.5 0
11527.5 0
11528.5 0
11529.5 0
11530.5 0
11531.5 0
11532.5 0
11533.5 -0.857143
11534.5 0
11535.5 0
11536.5 0
11537.5 0
11538.5 1
11539.5 0
11540.5 0
11541.5 0
11542.5 0
11543.5 0
11544.5 0
11545.5 0
11546.5 0
11547.5 0
11548.5 0
11549.5 0
11550.5 0
11551.5 0
11552.5 0
11553.5 0
11554.5 0
11555.5 0
11556.5 0
11557.5 0
11558.5 0
11559.5 0
11560.5 0
11561.5 0
11562.5 0
11563.5 0
11564.5 0
11565.5 0
11566.5 -0.857143
11567.5 0
11568.5 0
11569.5 0
11570.5 0
11571.5 0
11572.5 0
11573.5 0
11574.5 0
11575.5 0
11576.5 0
11577.5 0
11578.5 0
11579.5 0
11580.5 0
11581.5 0
11582.5 0
11583.5 0
11584.5 1
11585.5 0
11586.5 0
11587.5 0
11588.5 1
11589.5 0
11590.5 0
11591.5 0
11592.5 0
11593.5 0
11594.5 0
11595.5 0
11596.5 0
11597.5 0
11598.5 0
11599.5 0
11600.5 0
11601.5 0
11602.5 0
11603.5 0
11604.5 0
11605.5 0
11606.5 0
11607.5 0
11608.5 0
11609.5 0
11610.5 0
11611.5 0
11612.5 0
11613.5 0
11614.5 0
11615.5 0
11616.5 0
11617.5 0
11618.5 0
11619.5 0
11620.5 0
11621.5 1
11622.5 0
11623.5 0
11624.5 0
11625.5 0
11626.5 0
11627.5 0
11628.5 0
11629.5 0
11630.5 0
11631.5 0
11632.5 0
11633.5 0
11634.5 0
11635.5 0
11636.5 0
11637.5 0
11638.5 0
11639.5 0
11640.5 0
11641.5 0
11642.5 0
11643.5 0
11644.5 0
11645.5 0
11646.5 0
11647.5 0
11648.5 0
11649.5 0
11650.5 0
11651.5 0
11652.5 0
11653.5 0
11654.5 0
11655.5 -0.857143
11656.5 0
11657.5 0
11658.5 0
11659.5 0
11660.5 0
11661.5 0
11662.5 0
11663.5 -0.857143
11664.5 0
11665.5 -0.857143
11666.5 0
11667.5 0
11668.5 0
11669.5 1
11670.5 0
11671.5 0
11672.5 0
11673.5 0
11674.5 0
11675.5 0
11676.5 0
11677.5 0
11678.5 1
11679.5 0
11680.5 0
11681.5 0
11682.5 0
11683.5 0
11684.5 0
11685.5 0
11686.5 0
11687.5 0
11688.5 0
11689.5 0
11690.5 0
11691.5 0
11692.5 0
11693.5 0
11694.5 0
11695.5 0
11696.5 0
11697.5 0
11698.5 0
11699.5 0
11700.5 0
11701.5 0
11702.5 0
11703.5 0
11704.5 0
11705.5 0
11706.5 0
11707.5 1
11708.5 0
11709.5 0
11710.5 0
11711.5 0
11712.5 0
11713.5 0
11714.5 0
11715.5 0
11716.5 0
11717.5 0
11718.5 0
11719.5 0
11720.5 0
11721.5 0
11722.5 0
11723.5 0
11724.5 0
11725.5 0
11726.5 0
11727.5 0
11728.5 1
11729.5 0
11730.5 0
11731.5 0
11732.5 0
11733.5 0
11734.5 0
11735.5 0
11736.5 0
11737.5 0
11738.5 0
11739.5 0
11740.5 0
11741.5 0
11742.5 0
11743.5 0
11744.5 0
11745.5 0
11746.5 0
11747.5 0
11748.5 0
11749.5 0
11750.5 0
11751.5 0
11752.5 0
11753.5 0
11754.5 0
11755.5 0
11756.5 0
11757.5 0
11758.5 0
11759.5 0
11760.5 0
11761.5 0
11762.5 0
11763.5 0
11764.5 0
11765.5 0
11766.5 0
11767.5 0
11768.5 0
11769.5 0
11770.5 0
11771.5 0
11772.5 0
11773.5 0
11774.5 0
11775.5 0
11776.5 0
11777.5 0
11778.5 0
11779.5 0
11780.5 0
11781.5 0
11782.5 0
11783.5 0
11784.5 0
11785.5 0
11786.5 0
11787.5 0
11788.5 0
11789.5 0
11790.5 0
11791.5 0
11792.5 0
11793.5 0
11794.5 0
11795.5 0
11796.5 0
11797.5 0
11798.5 0
11799.5 0
11800.5 0
11801.5 0
11802.5 0
11803.5 0
11804.5 0
11805.5 0
11806.5 0
11807.5 0
11808.5 0
11809.5 0
11810.5 0
11811.5 0
11812.5 0
11813.5 0
11814.5 0
11815.5 0
11816.5 0
11817.5 0
11818.5 0
11819.5 0
11820.5 0
11821.5 0
11822.5 0
11823.5 0
11824.5 0
11825.5 0
11826.5 0
11827.5 0
11828.5 0
11829.5 0
11830.5 0
11831.5 0
11832.5 0
11833.5 0
11834.5 0
11835.5 0
11836.5 0
11837.5 0
11838.5 0
11839.5 0
11840.5 0
11841.5 0
11842.5 0
11843.5 0
11844.5 1
11845.5 0
11846.5 0
11847.5 0
11848.5 0
11849.5 0
11850.5 0
11851.5 0
11852.5 0
11853.5 0
11854.5 0
11855.5 0
11856.5 0
11857.5 0
11858.5 0
11859.5 0
11860.5 0
11861.5 0
11862.5 0
11863.5 0
11864.5 0
11865.5 0
11866.5 0
11867.5 0
11868.5 0
11869.5 0
11870.5 0
11871.5 0
11872.5 0
11873.5 0
11874.5 0
11875.5 0
11876.5 0
11877.5 0
11878.5 0
11879.5 0
11880.5 0
11881.5 0
11882.5 0
11883.5 1
11884.5 0
11885.5 0
11886.5 0
11887.5 0
11888.5 0
11889.5 0
11890.5 0
11891.5 0
11892.5 0
11893.5 0
11894.5 0
11895.5 0
11896.5 0
11897.5 0
11898.5 0
11899.5 0
11900.5 0
11901.5 0
11902.5 0
11903.5 0
11904.5 0
11905.5 0
11906.5 0
11907.5 0
11908.5 0
11909.5 0
11910.5 0
11911.5 0
11912.5 0
11913.5 0
11914.5 0
11915.5 0
11916.5 0
11917.5 0
11918.5 0
11919.5 0
11920.5 0
11921.5 0
11922.5 0
11923.5 0
11924.5 0
11925.5 0
11926.5 0
11927.5 0
11928.5 0
11929.5 0
11930.5 0
11931.5 0
11932.5 0
11933.5 0
11934.5 0
11935.5 0
11936.5 0
11937.5 0
11938.5 0
11939.5 0
11940.5 0
11941.5 0
11942.5 0
11943.5 0
11944.5 0
11945.5 0
11946.5 0
11947.5 0
11948.5 0
11949.5 0
11950.5 0
11951.5 0
11952.5 0
11953.5 -0.857143
11954.5 0
11955.5 0
11956.5 0
11957.5 0
11958.5 0
11959.5 0
11960.5 0
11961.5 0
11962.5 0
11963.5 0
11964.5 0
11965.5 0
11966.5 0
11967.5 0
11968.5 0
11969.5 0
11970.5 0
11971.5 0
11972.5 0
11973.5 0
11974.5 0
11975.5 0
11976.5 0
11977.5 0
11978.5 0
11979.5 0
11980.5 0
11981.5 0
11982.5 0
11983.5 0
11984.5 0
11985.5 0
11986.5 0
11987.5 0
11988.5 0
11989.5 0
11990.5 0
11991.5 0
11992.5 0
11993.5 0
11994.5 0
11995.5 0
11996.5 0
11997.5 0
11998.5 0
11999.5 0
