# EGG_ProjY_E1699.0(3.0)_B1693.5(1.5)_B1759.5(1.5)
# X axis : Energy (keV) [Y axis]
# Y axis : Counts/1 keV
# N Bins : 12000
# X Min : 0
# X Max : 12000
# X value at the center of the bins
0.5 0
1.5 0
2.5 0
3.5 0
4.5 0
5.5 2
6.5 -9
7.5 23
8.5 -3
9.5 -2
10.5 -2
11.5 23
12.5 -2
13.5 23
14.5 38
15.5 16
16.5 65
17.5 24
18.5 14
19.5 77
20.5 70
21.5 188
22.5 207
23.5 60
24.5 301
25.5 271
26.5 307
27.5 284
28.5 358
29.5 444
30.5 322
31.5 422
32.5 377
33.5 291
34.5 301
35.5 379
36.5 368
37.5 387
38.5 482
39.5 317
40.5 482
41.5 326
42.5 492
43.5 424
44.5 420
45.5 346
46.5 348
47.5 461
48.5 329
49.5 630
50.5 409
51.5 459
52.5 413
53.5 510
54.5 654
55.5 351
56.5 434
57.5 564
58.5 627
59.5 685
60.5 661
61.5 423
62.5 620
63.5 560
64.5 505
65.5 483
66.5 491
67.5 582
68.5 512
69.5 513
70.5 618
71.5 624
72.5 538
73.5 530
74.5 778
75.5 925
76.5 1057
77.5 1188
78.5 832
79.5 501
80.5 560
81.5 400
82.5 427
83.5 457
84.5 314
85.5 370
86.5 598
87.5 596
88.5 551
89.5 618
90.5 671
91.5 455
92.5 443
93.5 349
94.5 469
95.5 442
96.5 460
97.5 460
98.5 384
99.5 526
100.5 472
101.5 427
102.5 619
103.5 595
104.5 525
105.5 556
106.5 597
107.5 601
108.5 595
109.5 691
110.5 540
111.5 265
112.5 469
113.5 369
114.5 390
115.5 428
116.5 453
117.5 462
118.5 578
119.5 534
120.5 431
121.5 487
122.5 652
123.5 384
124.5 336
125.5 134
126.5 -72
127.5 -101
128.5 222
129.5 577
130.5 540
131.5 427
132.5 660
133.5 691
134.5 626
135.5 778
136.5 864
137.5 763
138.5 657
139.5 650
140.5 852
141.5 548
142.5 480
143.5 637
144.5 696
145.5 529
146.5 689
147.5 692
148.5 645
149.5 543
150.5 304
151.5 460
152.5 691
153.5 480
154.5 616
155.5 704
156.5 841
157.5 564
158.5 597
159.5 809
160.5 638
161.5 865
162.5 818
163.5 561
164.5 734
165.5 506
166.5 563
167.5 750
168.5 621
169.5 1037
170.5 1163
171.5 1453
172.5 1536
173.5 1729
174.5 2373
175.5 1402
176.5 556
177.5 75
178.5 -36
179.5 23
180.5 -110
181.5 144
182.5 231
183.5 808
184.5 1301
185.5 1922
186.5 2354
187.5 2389
188.5 2343
189.5 1799
190.5 1057
191.5 245
192.5 -685
193.5 -608
194.5 -305
195.5 13
196.5 266
197.5 345
198.5 771
199.5 610
200.5 745
201.5 871
202.5 714
203.5 643
204.5 760
205.5 450
206.5 444
207.5 681
208.5 712
209.5 772
210.5 742
211.5 1030
212.5 868
213.5 755
214.5 675
215.5 842
216.5 766
217.5 833
218.5 496
219.5 608
220.5 669
221.5 836
222.5 756
223.5 537
224.5 587
225.5 607
226.5 608
227.5 718
228.5 628
229.5 643
230.5 668
231.5 544
232.5 360
233.5 369
234.5 214
235.5 569
236.5 547
237.5 753
238.5 732
239.5 1258
240.5 1198
241.5 1530
242.5 1565
243.5 1578
244.5 1460
245.5 1079
246.5 588
247.5 164
248.5 336
249.5 230
250.5 433
251.5 713
252.5 1150
253.5 918
254.5 751
255.5 604
256.5 473
257.5 491
258.5 710
259.5 620
260.5 835
261.5 903
262.5 846
263.5 535
264.5 455
265.5 506
266.5 497
267.5 455
268.5 489
269.5 692
270.5 639
271.5 532
272.5 479
273.5 486
274.5 725
275.5 342
276.5 706
277.5 558
278.5 681
279.5 497
280.5 664
281.5 814
282.5 765
283.5 751
284.5 518
285.5 838
286.5 780
287.5 702
288.5 480
289.5 420
290.5 753
291.5 683
292.5 796
293.5 943
294.5 778
295.5 817
296.5 877
297.5 843
298.5 699
299.5 669
300.5 572
301.5 847
302.5 678
303.5 746
304.5 725
305.5 564
306.5 617
307.5 809
308.5 588
309.5 646
310.5 772
311.5 660
312.5 449
313.5 632
314.5 513
315.5 375
316.5 559
317.5 664
318.5 573
319.5 724
320.5 468
321.5 626
322.5 564
323.5 680
324.5 525
325.5 428
326.5 488
327.5 355
328.5 534
329.5 529
330.5 502
331.5 544
332.5 554
333.5 565
334.5 561
335.5 692
336.5 446
337.5 393
338.5 283
339.5 212
340.5 407
341.5 532
342.5 631
343.5 366
344.5 526
345.5 567
346.5 563
347.5 381
348.5 708
349.5 634
350.5 498
351.5 581
352.5 616
353.5 632
354.5 568
355.5 490
356.5 533
357.5 612
358.5 268
359.5 384
360.5 282
361.5 275
362.5 431
363.5 382
364.5 402
365.5 640
366.5 554
367.5 526
368.5 775
369.5 729
370.5 559
371.5 577
372.5 498
373.5 475
374.5 526
375.5 533
376.5 447
377.5 445
378.5 380
379.5 317
380.5 438
381.5 223
382.5 104
383.5 30
384.5 94
385.5 186
386.5 348
387.5 401
388.5 -80
389.5 -563
390.5 -843
391.5 -625
392.5 -417
393.5 -154
394.5 91
395.5 335
396.5 363
397.5 694
398.5 418
399.5 626
400.5 688
401.5 523
402.5 628
403.5 1053
404.5 1220
405.5 629
406.5 263
407.5 372
408.5 381
409.5 386
410.5 372
411.5 428
412.5 396
413.5 283
414.5 587
415.5 399
416.5 467
417.5 437
418.5 282
419.5 328
420.5 318
421.5 177
422.5 178
423.5 212
424.5 336
425.5 277
426.5 361
427.5 413
428.5 296
429.5 315
430.5 332
431.5 222
432.5 352
433.5 370
434.5 262
435.5 217
436.5 342
437.5 265
438.5 60
439.5 -99
440.5 234
441.5 347
442.5 606
443.5 845
444.5 806
445.5 772
446.5 960
447.5 1202
448.5 1316
449.5 1595
450.5 1579
451.5 1538
452.5 1497
453.5 1107
454.5 162
455.5 -300
456.5 -683
457.5 -675
458.5 -491
459.5 -452
460.5 -1180
461.5 -2144
462.5 -2996
463.5 -2769
464.5 -2118
465.5 -952
466.5 -223
467.5 100
468.5 255
469.5 291
470.5 173
471.5 336
472.5 382
473.5 334
474.5 304
475.5 407
476.5 316
477.5 511
478.5 482
479.5 423
480.5 298
481.5 478
482.5 567
483.5 445
484.5 463
485.5 441
486.5 333
487.5 393
488.5 331
489.5 309
490.5 220
491.5 352
492.5 261
493.5 407
494.5 428
495.5 404
496.5 475
497.5 526
498.5 623
499.5 545
500.5 647
501.5 599
502.5 553
503.5 407
504.5 325
505.5 230
506.5 453
507.5 983
508.5 2915
509.5 5862
510.5 7017
511.5 6121
512.5 3408
513.5 1362
514.5 627
515.5 611
516.5 557
517.5 553
518.5 901
519.5 1334
520.5 2301
521.5 3088
522.5 3696
523.5 3842
524.5 3524
525.5 2439
526.5 1117
527.5 -707
528.5 -1628
529.5 -1837
530.5 -1597
531.5 -801
532.5 -235
533.5 157
534.5 167
535.5 255
536.5 67
537.5 49
538.5 67
539.5 149
540.5 147
541.5 162
542.5 230
543.5 190
544.5 350
545.5 312
546.5 407
547.5 317
548.5 263
549.5 192
550.5 320
551.5 267
552.5 147
553.5 147
554.5 255
555.5 268
556.5 156
557.5 268
558.5 239
559.5 231
560.5 195
561.5 254
562.5 144
563.5 140
564.5 152
565.5 249
566.5 218
567.5 279
568.5 183
569.5 218
570.5 228
571.5 192
572.5 123
573.5 230
574.5 94
575.5 268
576.5 307
577.5 205
578.5 235
579.5 300
580.5 248
581.5 353
582.5 388
583.5 393
584.5 344
585.5 283
586.5 155
587.5 184
588.5 172
589.5 209
590.5 262
591.5 271
592.5 167
593.5 176
594.5 231
595.5 274
596.5 369
597.5 268
598.5 307
599.5 268
600.5 353
601.5 272
602.5 278
603.5 139
604.5 318
605.5 260
606.5 116
607.5 194
608.5 285
609.5 195
610.5 133
611.5 218
612.5 150
613.5 170
614.5 211
615.5 291
616.5 240
617.5 301
618.5 148
619.5 317
620.5 229
621.5 240
622.5 201
623.5 222
624.5 284
625.5 241
626.5 231
627.5 267
628.5 347
629.5 262
630.5 137
631.5 188
632.5 246
633.5 189
634.5 262
635.5 237
636.5 218
637.5 276
638.5 342
639.5 245
640.5 260
641.5 210
642.5 194
643.5 192
644.5 221
645.5 286
646.5 194
647.5 178
648.5 325
649.5 351
650.5 590
651.5 688
652.5 403
653.5 240
654.5 200
655.5 55
656.5 94
657.5 299
658.5 234
659.5 219
660.5 154
661.5 78
662.5 159
663.5 298
664.5 180
665.5 284
666.5 193
667.5 268
668.5 290
669.5 205
670.5 220
671.5 216
672.5 128
673.5 286
674.5 205
675.5 262
676.5 214
677.5 210
678.5 125
679.5 306
680.5 220
681.5 160
682.5 256
683.5 191
684.5 217
685.5 136
686.5 201
687.5 105
688.5 192
689.5 166
690.5 217
691.5 146
692.5 248
693.5 189
694.5 195
695.5 266
696.5 298
697.5 85
698.5 155
699.5 221
700.5 193
701.5 233
702.5 265
703.5 187
704.5 192
705.5 236
706.5 209
707.5 144
708.5 118
709.5 130
710.5 150
711.5 281
712.5 142
713.5 199
714.5 310
715.5 214
716.5 128
717.5 215
718.5 250
719.5 224
720.5 211
721.5 243
722.5 106
723.5 102
724.5 225
725.5 236
726.5 338
727.5 291
728.5 229
729.5 237
730.5 271
731.5 189
732.5 266
733.5 211
734.5 185
735.5 146
736.5 308
737.5 455
738.5 569
739.5 333
740.5 127
741.5 197
742.5 153
743.5 97
744.5 214
745.5 244
746.5 239
747.5 238
748.5 186
749.5 189
750.5 151
751.5 181
752.5 226
753.5 229
754.5 211
755.5 258
756.5 153
757.5 184
758.5 94
759.5 185
760.5 266
761.5 162
762.5 281
763.5 224
764.5 243
765.5 149
766.5 320
767.5 144
768.5 217
769.5 196
770.5 229
771.5 217
772.5 175
773.5 196
774.5 226
775.5 163
776.5 184
777.5 117
778.5 228
779.5 183
780.5 195
781.5 144
782.5 187
783.5 210
784.5 284
785.5 234
786.5 332
787.5 197
788.5 202
789.5 130
790.5 230
791.5 159
792.5 218
793.5 213
794.5 218
795.5 226
796.5 305
797.5 227
798.5 289
799.5 188
800.5 208
801.5 258
802.5 180
803.5 176
804.5 226
805.5 142
806.5 186
807.5 145
808.5 177
809.5 129
810.5 227
811.5 163
812.5 259
813.5 155
814.5 236
815.5 155
816.5 208
817.5 221
818.5 228
819.5 243
820.5 261
821.5 281
822.5 179
823.5 129
824.5 214
825.5 154
826.5 251
827.5 250
828.5 147
829.5 229
830.5 247
831.5 252
832.5 241
833.5 199
834.5 174
835.5 170
836.5 215
837.5 200
838.5 182
839.5 151
840.5 331
841.5 208
842.5 261
843.5 302
844.5 144
845.5 175
846.5 206
847.5 287
848.5 218
849.5 124
850.5 127
851.5 186
852.5 223
853.5 256
854.5 168
855.5 187
856.5 146
857.5 236
858.5 176
859.5 239
860.5 258
861.5 187
862.5 354
863.5 224
864.5 277
865.5 225
866.5 295
867.5 331
868.5 400
869.5 694
870.5 255
871.5 277
872.5 261
873.5 249
874.5 309
875.5 522
876.5 794
877.5 519
878.5 564
879.5 306
880.5 195
881.5 166
882.5 185
883.5 243
884.5 191
885.5 211
886.5 166
887.5 206
888.5 162
889.5 157
890.5 253
891.5 252
892.5 263
893.5 209
894.5 336
895.5 241
896.5 171
897.5 80
898.5 205
899.5 228
900.5 151
901.5 280
902.5 291
903.5 289
904.5 284
905.5 361
906.5 312
907.5 383
908.5 238
909.5 268
910.5 201
911.5 236
912.5 325
913.5 272
914.5 205
915.5 292
916.5 379
917.5 233
918.5 314
919.5 250
920.5 369
921.5 357
922.5 236
923.5 212
924.5 268
925.5 264
926.5 318
927.5 229
928.5 246
929.5 167
930.5 276
931.5 206
932.5 231
933.5 209
934.5 273
935.5 297
936.5 348
937.5 254
938.5 120
939.5 244
940.5 362
941.5 260
942.5 367
943.5 215
944.5 158
945.5 228
946.5 221
947.5 329
948.5 239
949.5 280
950.5 227
951.5 208
952.5 267
953.5 215
954.5 201
955.5 232
956.5 280
957.5 224
958.5 161
959.5 155
960.5 88
961.5 188
962.5 338
963.5 149
964.5 225
965.5 166
966.5 200
967.5 314
968.5 237
969.5 179
970.5 241
971.5 116
972.5 323
973.5 111
974.5 211
975.5 140
976.5 148
977.5 56
978.5 193
979.5 186
980.5 79
981.5 239
982.5 193
983.5 279
984.5 258
985.5 198
986.5 180
987.5 246
988.5 127
989.5 111
990.5 218
991.5 198
992.5 198
993.5 128
994.5 151
995.5 225
996.5 109
997.5 179
998.5 280
999.5 302
1000.5 129
1001.5 171
1002.5 294
1003.5 164
1004.5 103
1005.5 216
1006.5 133
1007.5 242
1008.5 208
1009.5 122
1010.5 60
1011.5 161
1012.5 171
1013.5 213
1014.5 183
1015.5 143
1016.5 230
1017.5 213
1018.5 320
1019.5 248
1020.5 355
1021.5 273
1022.5 325
1023.5 612
1024.5 824
1025.5 778
1026.5 367
1027.5 186
1028.5 162
1029.5 195
1030.5 212
1031.5 80
1032.5 136
1033.5 190
1034.5 133
1035.5 153
1036.5 180
1037.5 158
1038.5 193
1039.5 156
1040.5 126
1041.5 186
1042.5 166
1043.5 89
1044.5 158
1045.5 145
1046.5 128
1047.5 102
1048.5 89
1049.5 95
1050.5 117
1051.5 80
1052.5 78
1053.5 206
1054.5 113
1055.5 148
1056.5 160
1057.5 203
1058.5 110
1059.5 166
1060.5 146
1061.5 94
1062.5 235
1063.5 132
1064.5 58
1065.5 160
1066.5 226
1067.5 180
1068.5 136
1069.5 146
1070.5 157
1071.5 159
1072.5 286
1073.5 545
1074.5 342
1075.5 315
1076.5 141
1077.5 88
1078.5 161
1079.5 78
1080.5 111
1081.5 128
1082.5 107
1083.5 143
1084.5 111
1085.5 87
1086.5 125
1087.5 62
1088.5 138
1089.5 39
1090.5 96
1091.5 53
1092.5 135
1093.5 110
1094.5 90
1095.5 122
1096.5 130
1097.5 67
1098.5 155
1099.5 111
1100.5 249
1101.5 125
1102.5 116
1103.5 99
1104.5 117
1105.5 76
1106.5 105
1107.5 122
1108.5 125
1109.5 176
1110.5 99
1111.5 102
1112.5 161
1113.5 146
1114.5 31
1115.5 71
1116.5 165
1117.5 78
1118.5 111
1119.5 137
1120.5 121
1121.5 131
1122.5 68
1123.5 473
1124.5 1710
1125.5 4094
1126.5 4078
1127.5 1925
1128.5 540
1129.5 186
1130.5 146
1131.5 198
1132.5 188
1133.5 80
1134.5 97
1135.5 105
1136.5 113
1137.5 138
1138.5 136
1139.5 127
1140.5 109
1141.5 109
1142.5 133
1143.5 105
1144.5 125
1145.5 104
1146.5 139
1147.5 130
1148.5 176
1149.5 119
1150.5 127
1151.5 105
1152.5 135
1153.5 355
1154.5 1601
1155.5 4990
1156.5 10973
1157.5 11177
1158.5 4577
1159.5 1147
1160.5 267
1161.5 139
1162.5 90
1163.5 125
1164.5 243
1165.5 205
1166.5 124
1167.5 57
1168.5 83
1169.5 106
1170.5 104
1171.5 111
1172.5 47
1173.5 84
1174.5 47
1175.5 110
1176.5 98
1177.5 61
1178.5 53
1179.5 20
1180.5 163
1181.5 123
1182.5 50
1183.5 74
1184.5 83
1185.5 86
1186.5 50
1187.5 144
1188.5 125
1189.5 72
1190.5 44
1191.5 89
1192.5 42
1193.5 74
1194.5 34
1195.5 90
1196.5 126
1197.5 126
1198.5 97
1199.5 72
1200.5 90
1201.5 123
1202.5 107
1203.5 103
1204.5 106
1205.5 102
1206.5 143
1207.5 44
1208.5 60
1209.5 74
1210.5 95
1211.5 50
1212.5 159
1213.5 259
1214.5 302
1215.5 193
1216.5 59
1217.5 100
1218.5 85
1219.5 75
1220.5 115
1221.5 115
1222.5 32
1223.5 98
1224.5 97
1225.5 102
1226.5 66
1227.5 52
1228.5 85
1229.5 52
1230.5 101
1231.5 54
1232.5 116
1233.5 104
1234.5 128
1235.5 32
1236.5 56
1237.5 83
1238.5 49
1239.5 85
1240.5 9
1241.5 136
1242.5 97
1243.5 152
1244.5 275
1245.5 209
1246.5 163
1247.5 119
1248.5 120
1249.5 46
1250.5 134
1251.5 81
1252.5 71
1253.5 77
1254.5 58
1255.5 98
1256.5 79
1257.5 132
1258.5 109
1259.5 106
1260.5 87
1261.5 57
1262.5 17
1263.5 87
1264.5 45
1265.5 83
1266.5 49
1267.5 -32
1268.5 93
1269.5 78
1270.5 160
1271.5 92
1272.5 140
1273.5 69
1274.5 25
1275.5 21
1276.5 77
1277.5 34
1278.5 73
1279.5 92
1280.5 43
1281.5 123
1282.5 92
1283.5 114
1284.5 12
1285.5 69
1286.5 69
1287.5 75
1288.5 119
1289.5 101
1290.5 77
1291.5 88
1292.5 118
1293.5 84
1294.5 134
1295.5 99
1296.5 85
1297.5 81
1298.5 90
1299.5 87
1300.5 52
1301.5 98
1302.5 125
1303.5 96
1304.5 84
1305.5 74
1306.5 52
1307.5 130
1308.5 116
1309.5 98
1310.5 35
1311.5 57
1312.5 98
1313.5 154
1314.5 31
1315.5 65
1316.5 16
1317.5 66
1318.5 67
1319.5 65
1320.5 93
1321.5 76
1322.5 76
1323.5 45
1324.5 76
1325.5 103
1326.5 46
1327.5 133
1328.5 5
1329.5 67
1330.5 124
1331.5 78
1332.5 118
1333.5 44
1334.5 120
1335.5 107
1336.5 105
1337.5 118
1338.5 124
1339.5 80
1340.5 71
1341.5 108
1342.5 47
1343.5 24
1344.5 90
1345.5 87
1346.5 58
1347.5 84
1348.5 60
1349.5 76
1350.5 67
1351.5 42
1352.5 75
1353.5 81
1354.5 88
1355.5 71
1356.5 25
1357.5 52
1358.5 74
1359.5 84
1360.5 49
1361.5 65
1362.5 -9
1363.5 122
1364.5 38
1365.5 77
1366.5 123
1367.5 46
1368.5 54
1369.5 94
1370.5 82
1371.5 79
1372.5 51
1373.5 129
1374.5 116
1375.5 80
1376.5 49
1377.5 90
1378.5 117
1379.5 89
1380.5 36
1381.5 31
1382.5 54
1383.5 147
1384.5 80
1385.5 60
1386.5 70
1387.5 67
1388.5 86
1389.5 39
1390.5 15
1391.5 24
1392.5 -21
1393.5 82
1394.5 57
1395.5 130
1396.5 92
1397.5 54
1398.5 57
1399.5 56
1400.5 36
1401.5 44
1402.5 68
1403.5 70
1404.5 95
1405.5 21
1406.5 -4
1407.5 43
1408.5 31
1409.5 59
1410.5 81
1411.5 95
1412.5 40
1413.5 77
1414.5 94
1415.5 77
1416.5 104
1417.5 108
1418.5 80
1419.5 111
1420.5 69
1421.5 58
1422.5 24
1423.5 120
1424.5 53
1425.5 43
1426.5 141
1427.5 281
1428.5 366
1429.5 198
1430.5 136
1431.5 44
1432.5 39
1433.5 105
1434.5 36
1435.5 88
1436.5 75
1437.5 1
1438.5 69
1439.5 59
1440.5 60
1441.5 13
1442.5 57
1443.5 66
1444.5 7
1445.5 85
1446.5 59
1447.5 38
1448.5 83
1449.5 94
1450.5 39
1451.5 44
1452.5 69
1453.5 38
1454.5 34
1455.5 29
1456.5 74
1457.5 21
1458.5 89
1459.5 88
1460.5 74
1461.5 34
1462.5 129
1463.5 15
1464.5 53
1465.5 30
1466.5 24
1467.5 123
1468.5 81
1469.5 33
1470.5 34
1471.5 72
1472.5 101
1473.5 169
1474.5 13
1475.5 80
1476.5 102
1477.5 48
1478.5 36
1479.5 84
1480.5 165
1481.5 350
1482.5 289
1483.5 120
1484.5 81
1485.5 69
1486.5 29
1487.5 50
1488.5 60
1489.5 94
1490.5 60
1491.5 49
1492.5 35
1493.5 93
1494.5 95
1495.5 46
1496.5 279
1497.5 1035
1498.5 2357
1499.5 3309
1500.5 2088
1501.5 680
1502.5 152
1503.5 65
1504.5 32
1505.5 47
1506.5 41
1507.5 40
1508.5 74
1509.5 82
1510.5 47
1511.5 77
1512.5 57
1513.5 28
1514.5 67
1515.5 15
1516.5 13
1517.5 84
1518.5 63
1519.5 64
1520.5 5
1521.5 13
1522.5 46
1523.5 79
1524.5 48
1525.5 90
1526.5 3
1527.5 46
1528.5 84
1529.5 106
1530.5 23
1531.5 73
1532.5 45
1533.5 52
1534.5 47
1535.5 70
1536.5 83
1537.5 65
1538.5 78
1539.5 92
1540.5 46
1541.5 112
1542.5 95
1543.5 31
1544.5 106
1545.5 61
1546.5 29
1547.5 70
1548.5 75
1549.5 62
1550.5 89
1551.5 40
1552.5 29
1553.5 22
1554.5 100
1555.5 39
1556.5 47
1557.5 24
1558.5 77
1559.5 57
1560.5 53
1561.5 80
1562.5 43
1563.5 34
1564.5 101
1565.5 93
1566.5 83
1567.5 85
1568.5 56
1569.5 42
1570.5 55
1571.5 49
1572.5 15
1573.5 47
1574.5 146
1575.5 100
1576.5 112
1577.5 75
1578.5 78
1579.5 91
1580.5 93
1581.5 145
1582.5 62
1583.5 6
1584.5 63
1585.5 -5
1586.5 71
1587.5 36
1588.5 110
1589.5 17
1590.5 68
1591.5 46
1592.5 37
1593.5 69
1594.5 67
1595.5 64
1596.5 -21
1597.5 59
1598.5 35
1599.5 70
1600.5 42
1601.5 24
1602.5 65
1603.5 62
1604.5 76
1605.5 30
1606.5 -4
1607.5 40
1608.5 61
1609.5 24
1610.5 7
1611.5 17
1612.5 54
1613.5 29
1614.5 19
1615.5 79
1616.5 77
1617.5 45
1618.5 27
1619.5 87
1620.5 70
1621.5 -37
1622.5 30
1623.5 -7
1624.5 53
1625.5 25
1626.5 50
1627.5 14
1628.5 0
1629.5 50
1630.5 29
1631.5 50
1632.5 38
1633.5 65
1634.5 128
1635.5 88
1636.5 99
1637.5 -5
1638.5 52
1639.5 133
1640.5 166
1641.5 76
1642.5 68
1643.5 20
1644.5 86
1645.5 32
1646.5 27
1647.5 22
1648.5 57
1649.5 46
1650.5 56
1651.5 27
1652.5 51
1653.5 45
1654.5 72
1655.5 45
1656.5 49
1657.5 21
1658.5 12
1659.5 85
1660.5 48
1661.5 60
1662.5 65
1663.5 22
1664.5 49
1665.5 82
1666.5 44
1667.5 -29
1668.5 36
1669.5 53
1670.5 24
1671.5 74
1672.5 -11
1673.5 55
1674.5 30
1675.5 27
1676.5 35
1677.5 80
1678.5 16
1679.5 66
1680.5 121
1681.5 122
1682.5 252
1683.5 388
1684.5 312
1685.5 138
1686.5 72
1687.5 19
1688.5 50
1689.5 39
1690.5 14
1691.5 80
1692.5 78
1693.5 77
1694.5 5
1695.5 75
1696.5 46
1697.5 52
1698.5 25
1699.5 41
1700.5 39
1701.5 62
1702.5 75
1703.5 21
1704.5 57
1705.5 11
1706.5 25
1707.5 71
1708.5 90
1709.5 131
1710.5 25
1711.5 35
1712.5 143
1713.5 34
1714.5 51
1715.5 56
1716.5 38
1717.5 40
1718.5 -7
1719.5 57
1720.5 31
1721.5 58
1722.5 40
1723.5 57
1724.5 10
1725.5 23
1726.5 80
1727.5 91
1728.5 76
1729.5 90
1730.5 36
1731.5 14
1732.5 37
1733.5 29
1734.5 69
1735.5 54
1736.5 57
1737.5 68
1738.5 -25
1739.5 61
1740.5 34
1741.5 -21
1742.5 -32
1743.5 35
1744.5 56
1745.5 74
1746.5 26
1747.5 49
1748.5 67
1749.5 62
1750.5 42
1751.5 11
1752.5 74
1753.5 77
1754.5 50
1755.5 46
1756.5 36
1757.5 46
1758.5 12
1759.5 42
1760.5 57
1761.5 65
1762.5 71
1763.5 39
1764.5 54
1765.5 43
1766.5 75
1767.5 91
1768.5 25
1769.5 64
1770.5 45
1771.5 20
1772.5 56
1773.5 77
1774.5 7
1775.5 45
1776.5 27
1777.5 65
1778.5 2
1779.5 48
1780.5 55
1781.5 35
1782.5 46
1783.5 44
1784.5 77
1785.5 49
1786.5 57
1787.5 13
1788.5 89
1789.5 82
1790.5 40
1791.5 33
1792.5 35
1793.5 80
1794.5 91
1795.5 23
1796.5 65
1797.5 14
1798.5 29
1799.5 33
1800.5 13
1801.5 87
1802.5 48
1803.5 57
1804.5 44
1805.5 59
1806.5 64
1807.5 72
1808.5 23
1809.5 49
1810.5 89
1811.5 36
1812.5 26
1813.5 76
1814.5 46
1815.5 33
1816.5 115
1817.5 63
1818.5 63
1819.5 19
1820.5 71
1821.5 53
1822.5 41
1823.5 26
1824.5 28
1825.5 56
1826.5 73
1827.5 48
1828.5 40
1829.5 5
1830.5 49
1831.5 44
1832.5 61
1833.5 56
1834.5 119
1835.5 87
1836.5 44
1837.5 80
1838.5 92
1839.5 26
1840.5 77
1841.5 63
1842.5 41
1843.5 7
1844.5 92
1845.5 13
1846.5 80
1847.5 64
1848.5 42
1849.5 73
1850.5 122
1851.5 176
1852.5 261
1853.5 141
1854.5 96
1855.5 100
1856.5 46
1857.5 64
1858.5 35
1859.5 61
1860.5 48
1861.5 65
1862.5 94
1863.5 47
1864.5 28
1865.5 62
1866.5 67
1867.5 49
1868.5 87
1869.5 67
1870.5 54
1871.5 8
1872.5 36
1873.5 9
1874.5 64
1875.5 43
1876.5 57
1877.5 31
1878.5 64
1879.5 44
1880.5 15
1881.5 75
1882.5 66
1883.5 22
1884.5 83
1885.5 17
1886.5 66
1887.5 125
1888.5 13
1889.5 54
1890.5 21
1891.5 79
1892.5 90
1893.5 62
1894.5 67
1895.5 97
1896.5 32
1897.5 -2
1898.5 62
1899.5 49
1900.5 60
1901.5 52
1902.5 71
1903.5 51
1904.5 62
1905.5 90
1906.5 57
1907.5 31
1908.5 48
1909.5 50
1910.5 44
1911.5 38
1912.5 103
1913.5 99
1914.5 73
1915.5 56
1916.5 87
1917.5 58
1918.5 64
1919.5 97
1920.5 61
1921.5 29
1922.5 82
1923.5 57
1924.5 59
1925.5 50
1926.5 9
1927.5 50
1928.5 40
1929.5 11
1930.5 87
1931.5 36
1932.5 63
1933.5 40
1934.5 51
1935.5 25
1936.5 11
1937.5 71
1938.5 78
1939.5 59
1940.5 24
1941.5 6
1942.5 38
1943.5 -9
1944.5 -7
1945.5 80
1946.5 68
1947.5 26
1948.5 22
1949.5 38
1950.5 75
1951.5 14
1952.5 25
1953.5 21
1954.5 -8
1955.5 66
1956.5 33
1957.5 62
1958.5 7
1959.5 73
1960.5 16
1961.5 42
1962.5 40
1963.5 11
1964.5 64
1965.5 11
1966.5 34
1967.5 31
1968.5 2
1969.5 52
1970.5 67
1971.5 4
1972.5 56
1973.5 39
1974.5 40
1975.5 47
1976.5 8
1977.5 75
1978.5 61
1979.5 17
1980.5 14
1981.5 43
1982.5 82
1983.5 44
1984.5 78
1985.5 33
1986.5 23
1987.5 -4
1988.5 18
1989.5 -21
1990.5 64
1991.5 57
1992.5 32
1993.5 24
1994.5 81
1995.5 55
1996.5 30
1997.5 49
1998.5 68
1999.5 74
2000.5 85
2001.5 101
2002.5 115
2003.5 32
2004.5 41
2005.5 36
2006.5 47
2007.5 83
2008.5 62
2009.5 97
2010.5 54
2011.5 55
2012.5 64
2013.5 21
2014.5 -4
2015.5 48
2016.5 67
2017.5 90
2018.5 37
2019.5 28
2020.5 23
2021.5 21
2022.5 34
2023.5 45
2024.5 86
2025.5 32
2026.5 34
2027.5 60
2028.5 36
2029.5 9
2030.5 28
2031.5 57
2032.5 60
2033.5 15
2034.5 40
2035.5 14
2036.5 36
2037.5 66
2038.5 57
2039.5 38
2040.5 47
2041.5 40
2042.5 48
2043.5 54
2044.5 26
2045.5 42
2046.5 11
2047.5 13
2048.5 60
2049.5 49
2050.5 34
2051.5 48
2052.5 54
2053.5 31
2054.5 31
2055.5 13
2056.5 54
2057.5 34
2058.5 66
2059.5 47
2060.5 68
2061.5 47
2062.5 -20
2063.5 33
2064.5 36
2065.5 57
2066.5 54
2067.5 48
2068.5 43
2069.5 63
2070.5 79
2071.5 16
2072.5 33
2073.5 12
2074.5 70
2075.5 14
2076.5 7
2077.5 63
2078.5 85
2079.5 64
2080.5 -4
2081.5 61
2082.5 36
2083.5 52
2084.5 112
2085.5 495
2086.5 902
2087.5 1088
2088.5 649
2089.5 285
2090.5 63
2091.5 35
2092.5 71
2093.5 70
2094.5 75
2095.5 58
2096.5 26
2097.5 32
2098.5 -13
2099.5 44
2100.5 59
2101.5 18
2102.5 14
2103.5 21
2104.5 18
2105.5 32
2106.5 52
2107.5 53
2108.5 26
2109.5 -30
2110.5 50
2111.5 55
2112.5 16
2113.5 33
2114.5 -15
2115.5 28
2116.5 -11
2117.5 23
2118.5 19
2119.5 25
2120.5 27
2121.5 43
2122.5 51
2123.5 41
2124.5 16
2125.5 -15
2126.5 23
2127.5 37
2128.5 40
2129.5 22
2130.5 12
2131.5 24
2132.5 32
2133.5 33
2134.5 25
2135.5 55
2136.5 23
2137.5 42
2138.5 32
2139.5 35
2140.5 6
2141.5 20
2142.5 34
2143.5 66
2144.5 106
2145.5 78
2146.5 120
2147.5 243
2148.5 450
2149.5 1027
2150.5 1449
2151.5 940
2152.5 415
2153.5 122
2154.5 72
2155.5 29
2156.5 12
2157.5 5
2158.5 -5
2159.5 -18
2160.5 37
2161.5 20
2162.5 65
2163.5 28
2164.5 11
2165.5 49
2166.5 8
2167.5 16
2168.5 32
2169.5 57
2170.5 35
2171.5 53
2172.5 63
2173.5 1
2174.5 11
2175.5 51
2176.5 16
2177.5 29
2178.5 28
2179.5 3
2180.5 -14
2181.5 0
2182.5 27
2183.5 60
2184.5 56
2185.5 35
2186.5 -9
2187.5 6
2188.5 43
2189.5 -19
2190.5 -39
2191.5 66
2192.5 38
2193.5 38
2194.5 34
2195.5 25
2196.5 48
2197.5 59
2198.5 56
2199.5 30
2200.5 45
2201.5 65
2202.5 -11
2203.5 6
2204.5 -4
2205.5 19
2206.5 45
2207.5 27
2208.5 31
2209.5 25
2210.5 31
2211.5 25
2212.5 -9
2213.5 12
2214.5 22
2215.5 -30
2216.5 19
2217.5 27
2218.5 83
2219.5 84
2220.5 42
2221.5 65
2222.5 65
2223.5 109
2224.5 39
2225.5 29
2226.5 53
2227.5 23
2228.5 28
2229.5 -20
2230.5 25
2231.5 51
2232.5 23
2233.5 28
2234.5 44
2235.5 13
2236.5 31
2237.5 33
2238.5 -6
2239.5 25
2240.5 57
2241.5 32
2242.5 -1
2243.5 54
2244.5 41
2245.5 42
2246.5 -1
2247.5 -2
2248.5 38
2249.5 27
2250.5 56
2251.5 37
2252.5 26
2253.5 56
2254.5 52
2255.5 47
2256.5 52
2257.5 44
2258.5 18
2259.5 25
2260.5 12
2261.5 40
2262.5 27
2263.5 25
2264.5 -26
2265.5 37
2266.5 48
2267.5 26
2268.5 9
2269.5 35
2270.5 55
2271.5 -1
2272.5 67
2273.5 55
2274.5 51
2275.5 73
2276.5 -13
2277.5 59
2278.5 53
2279.5 54
2280.5 13
2281.5 19
2282.5 20
2283.5 58
2284.5 50
2285.5 36
2286.5 31
2287.5 6
2288.5 33
2289.5 38
2290.5 -24
2291.5 32
2292.5 35
2293.5 45
2294.5 21
2295.5 4
2296.5 40
2297.5 82
2298.5 -10
2299.5 60
2300.5 12
2301.5 -39
2302.5 -14
2303.5 53
2304.5 25
2305.5 -9
2306.5 38
2307.5 61
2308.5 17
2309.5 71
2310.5 44
2311.5 48
2312.5 40
2313.5 79
2314.5 49
2315.5 57
2316.5 33
2317.5 22
2318.5 73
2319.5 46
2320.5 9
2321.5 -1
2322.5 14
2323.5 -4
2324.5 -17
2325.5 17
2326.5 24
2327.5 11
2328.5 36
2329.5 8
2330.5 -1
2331.5 20
2332.5 78
2333.5 36
2334.5 67
2335.5 45
2336.5 2
2337.5 9
2338.5 48
2339.5 18
2340.5 15
2341.5 22
2342.5 16
2343.5 34
2344.5 59
2345.5 15
2346.5 72
2347.5 38
2348.5 63
2349.5 24
2350.5 18
2351.5 7
2352.5 -8
2353.5 56
2354.5 31
2355.5 48
2356.5 32
2357.5 26
2358.5 62
2359.5 41
2360.5 43
2361.5 43
2362.5 47
2363.5 55
2364.5 90
2365.5 22
2366.5 62
2367.5 32
2368.5 22
2369.5 4
2370.5 19
2371.5 81
2372.5 32
2373.5 39
2374.5 18
2375.5 63
2376.5 32
2377.5 26
2378.5 55
2379.5 34
2380.5 59
2381.5 41
2382.5 34
2383.5 14
2384.5 37
2385.5 31
2386.5 23
2387.5 30
2388.5 -9
2389.5 57
2390.5 43
2391.5 7
2392.5 39
2393.5 44
2394.5 6
2395.5 22
2396.5 44
2397.5 -3
2398.5 14
2399.5 43
2400.5 27
2401.5 4
2402.5 24
2403.5 63
2404.5 34
2405.5 77
2406.5 10
2407.5 18
2408.5 30
2409.5 -13
2410.5 72
2411.5 51
2412.5 21
2413.5 0
2414.5 55
2415.5 14
2416.5 10
2417.5 13
2418.5 14
2419.5 15
2420.5 -3
2421.5 23
2422.5 57
2423.5 37
2424.5 17
2425.5 2
2426.5 12
2427.5 58
2428.5 9
2429.5 -4
2430.5 5
2431.5 -15
2432.5 46
2433.5 44
2434.5 41
2435.5 20
2436.5 7
2437.5 34
2438.5 4
2439.5 12
2440.5 26
2441.5 21
2442.5 40
2443.5 36
2444.5 13
2445.5 7
2446.5 6
2447.5 43
2448.5 57
2449.5 26
2450.5 29
2451.5 47
2452.5 31
2453.5 52
2454.5 31
2455.5 40
2456.5 49
2457.5 5
2458.5 -22
2459.5 25
2460.5 35
2461.5 44
2462.5 31
2463.5 39
2464.5 7
2465.5 31
2466.5 1
2467.5 51
2468.5 59
2469.5 -7
2470.5 -74
2471.5 -44
2472.5 -42
2473.5 -4
2474.5 -12
2475.5 -6
2476.5 11
2477.5 30
2478.5 31
2479.5 43
2480.5 56
2481.5 9
2482.5 -20
2483.5 56
2484.5 22
2485.5 7
2486.5 55
2487.5 20
2488.5 34
2489.5 67
2490.5 37
2491.5 71
2492.5 52
2493.5 40
2494.5 28
2495.5 49
2496.5 50
2497.5 57
2498.5 42
2499.5 8
2500.5 50
2501.5 33
2502.5 5
2503.5 26
2504.5 45
2505.5 40
2506.5 88
2507.5 26
2508.5 33
2509.5 71
2510.5 45
2511.5 31
2512.5 41
2513.5 62
2514.5 24
2515.5 38
2516.5 117
2517.5 149
2518.5 176
2519.5 188
2520.5 168
2521.5 114
2522.5 49
2523.5 7
2524.5 0
2525.5 33
2526.5 37
2527.5 91
2528.5 48
2529.5 -17
2530.5 45
2531.5 16
2532.5 47
2533.5 43
2534.5 -9
2535.5 28
2536.5 24
2537.5 28
2538.5 29
2539.5 -3
2540.5 36
2541.5 36
2542.5 7
2543.5 2
2544.5 46
2545.5 58
2546.5 36
2547.5 -9
2548.5 72
2549.5 40
2550.5 15
2551.5 35
2552.5 -3
2553.5 16
2554.5 26
2555.5 8
2556.5 53
2557.5 12
2558.5 18
2559.5 4
2560.5 38
2561.5 7
2562.5 18
2563.5 32
2564.5 34
2565.5 17
2566.5 4
2567.5 11
2568.5 36
2569.5 17
2570.5 8
2571.5 20
2572.5 33
2573.5 7
2574.5 69
2575.5 2
2576.5 30
2577.5 22
2578.5 40
2579.5 26
2580.5 56
2581.5 10
2582.5 76
2583.5 56
2584.5 11
2585.5 15
2586.5 61
2587.5 25
2588.5 30
2589.5 33
2590.5 23
2591.5 -1
2592.5 6
2593.5 24
2594.5 38
2595.5 16
2596.5 17
2597.5 41
2598.5 56
2599.5 30
2600.5 33
2601.5 43
2602.5 42
2603.5 26
2604.5 19
2605.5 -10
2606.5 35
2607.5 8
2608.5 -10
2609.5 39
2610.5 39
2611.5 19
2612.5 48
2613.5 39
2614.5 32
2615.5 49
2616.5 25
2617.5 46
2618.5 57
2619.5 16
2620.5 -8
2621.5 -2
2622.5 16
2623.5 12
2624.5 45
2625.5 39
2626.5 -2
2627.5 19
2628.5 56
2629.5 46
2630.5 12
2631.5 0
2632.5 40
2633.5 40
2634.5 28
2635.5 32
2636.5 10
2637.5 1
2638.5 -11
2639.5 70
2640.5 19
2641.5 36
2642.5 -9
2643.5 30
2644.5 53
2645.5 51
2646.5 23
2647.5 2
2648.5 44
2649.5 25
2650.5 51
2651.5 70
2652.5 13
2653.5 46
2654.5 123
2655.5 202
2656.5 235
2657.5 188
2658.5 107
2659.5 66
2660.5 32
2661.5 32
2662.5 -3
2663.5 34
2664.5 27
2665.5 41
2666.5 8
2667.5 29
2668.5 25
2669.5 35
2670.5 -3
2671.5 12
2672.5 19
2673.5 19
2674.5 -13
2675.5 11
2676.5 2
2677.5 20
2678.5 45
2679.5 11
2680.5 46
2681.5 8
2682.5 21
2683.5 25
2684.5 18
2685.5 36
2686.5 37
2687.5 27
2688.5 39
2689.5 17
2690.5 43
2691.5 -20
2692.5 -6
2693.5 13
2694.5 27
2695.5 23
2696.5 20
2697.5 -20
2698.5 -10
2699.5 14
2700.5 19
2701.5 6
2702.5 2
2703.5 23
2704.5 3
2705.5 76
2706.5 77
2707.5 47
2708.5 26
2709.5 47
2710.5 29
2711.5 34
2712.5 21
2713.5 40
2714.5 25
2715.5 30
2716.5 28
2717.5 25
2718.5 29
2719.5 3
2720.5 70
2721.5 98
2722.5 52
2723.5 16
2724.5 37
2725.5 -10
2726.5 56
2727.5 16
2728.5 -8
2729.5 23
2730.5 51
2731.5 60
2732.5 -4
2733.5 36
2734.5 18
2735.5 12
2736.5 66
2737.5 49
2738.5 35
2739.5 27
2740.5 22
2741.5 22
2742.5 30
2743.5 22
2744.5 8
2745.5 35
2746.5 31
2747.5 82
2748.5 13
2749.5 6
2750.5 62
2751.5 17
2752.5 33
2753.5 26
2754.5 16
2755.5 -5
2756.5 54
2757.5 6
2758.5 46
2759.5 51
2760.5 31
2761.5 21
2762.5 27
2763.5 29
2764.5 29
2765.5 55
2766.5 31
2767.5 17
2768.5 -10
2769.5 52
2770.5 37
2771.5 18
2772.5 2
2773.5 49
2774.5 25
2775.5 37
2776.5 14
2777.5 45
2778.5 11
2779.5 8
2780.5 65
2781.5 33
2782.5 19
2783.5 36
2784.5 22
2785.5 14
2786.5 51
2787.5 15
2788.5 8
2789.5 16
2790.5 13
2791.5 9
2792.5 44
2793.5 19
2794.5 35
2795.5 29
2796.5 12
2797.5 2
2798.5 -16
2799.5 8
2800.5 36
2801.5 27
2802.5 57
2803.5 6
2804.5 11
2805.5 47
2806.5 23
2807.5 14
2808.5 -24
2809.5 75
2810.5 65
2811.5 48
2812.5 45
2813.5 46
2814.5 20
2815.5 74
2816.5 44
2817.5 63
2818.5 22
2819.5 34
2820.5 5
2821.5 23
2822.5 36
2823.5 37
2824.5 17
2825.5 17
2826.5 39
2827.5 25
2828.5 -3
2829.5 48
2830.5 34
2831.5 9
2832.5 0
2833.5 42
2834.5 10
2835.5 36
2836.5 8
2837.5 0
2838.5 8
2839.5 -2
2840.5 36
2841.5 28
2842.5 5
2843.5 15
2844.5 34
2845.5 42
2846.5 4
2847.5 -3
2848.5 21
2849.5 -12
2850.5 30
2851.5 36
2852.5 51
2853.5 35
2854.5 52
2855.5 -6
2856.5 21
2857.5 10
2858.5 -6
2859.5 38
2860.5 7
2861.5 -12
2862.5 20
2863.5 23
2864.5 59
2865.5 25
2866.5 5
2867.5 -4
2868.5 19
2869.5 32
2870.5 9
2871.5 33
2872.5 28
2873.5 11
2874.5 1
2875.5 21
2876.5 7
2877.5 6
2878.5 24
2879.5 8
2880.5 21
2881.5 11
2882.5 16
2883.5 46
2884.5 41
2885.5 20
2886.5 16
2887.5 38
2888.5 22
2889.5 30
2890.5 17
2891.5 28
2892.5 24
2893.5 -5
2894.5 -2
2895.5 36
2896.5 22
2897.5 40
2898.5 51
2899.5 31
2900.5 -6
2901.5 51
2902.5 22
2903.5 25
2904.5 -15
2905.5 5
2906.5 25
2907.5 5
2908.5 -7
2909.5 30
2910.5 -1
2911.5 -11
2912.5 -9
2913.5 22
2914.5 39
2915.5 21
2916.5 10
2917.5 18
2918.5 18
2919.5 -2
2920.5 47
2921.5 9
2922.5 21
2923.5 -5
2924.5 1
2925.5 29
2926.5 42
2927.5 46
2928.5 28
2929.5 53
2930.5 36
2931.5 51
2932.5 3
2933.5 13
2934.5 38
2935.5 24
2936.5 35
2937.5 36
2938.5 4
2939.5 47
2940.5 59
2941.5 23
2942.5 1
2943.5 -44
2944.5 37
2945.5 -27
2946.5 53
2947.5 23
2948.5 46
2949.5 26
2950.5 47
2951.5 -34
2952.5 33
2953.5 10
2954.5 67
2955.5 73
2956.5 26
2957.5 16
2958.5 22
2959.5 29
2960.5 8
2961.5 8
2962.5 1
2963.5 25
2964.5 27
2965.5 34
2966.5 35
2967.5 -11
2968.5 5
2969.5 22
2970.5 38
2971.5 33
2972.5 23
2973.5 41
2974.5 -10
2975.5 37
2976.5 28
2977.5 25
2978.5 27
2979.5 45
2980.5 -2
2981.5 42
2982.5 14
2983.5 38
2984.5 27
2985.5 36
2986.5 29
2987.5 68
2988.5 -10
2989.5 18
2990.5 24
2991.5 19
2992.5 20
2993.5 -28
2994.5 26
2995.5 -11
2996.5 10
2997.5 -2
2998.5 49
2999.5 48
3000.5 50
3001.5 12
3002.5 34
3003.5 48
3004.5 76
3005.5 36
3006.5 12
3007.5 62
3008.5 41
3009.5 27
3010.5 27
3011.5 79
3012.5 123
3013.5 79
3014.5 50
3015.5 49
3016.5 12
3017.5 14
3018.5 31
3019.5 19
3020.5 32
3021.5 42
3022.5 53
3023.5 26
3024.5 14
3025.5 50
3026.5 19
3027.5 22
3028.5 5
3029.5 6
3030.5 31
3031.5 -32
3032.5 32
3033.5 18
3034.5 35
3035.5 33
3036.5 95
3037.5 155
3038.5 92
3039.5 138
3040.5 91
3041.5 65
3042.5 49
3043.5 37
3044.5 63
3045.5 29
3046.5 2
3047.5 49
3048.5 19
3049.5 -2
3050.5 -67
3051.5 -130
3052.5 -108
3053.5 -116
3054.5 18
3055.5 10
3056.5 30
3057.5 40
3058.5 59
3059.5 10
3060.5 36
3061.5 6
3062.5 53
3063.5 12
3064.5 23
3065.5 42
3066.5 2
3067.5 8
3068.5 1
3069.5 26
3070.5 39
3071.5 25
3072.5 73
3073.5 41
3074.5 35
3075.5 25
3076.5 -4
3077.5 -4
3078.5 -14
3079.5 6
3080.5 40
3081.5 42
3082.5 4
3083.5 41
3084.5 -2
3085.5 -3
3086.5 7
3087.5 -25
3088.5 6
3089.5 25
3090.5 36
3091.5 9
3092.5 32
3093.5 29
3094.5 3
3095.5 13
3096.5 24
3097.5 43
3098.5 66
3099.5 50
3100.5 36
3101.5 37
3102.5 29
3103.5 24
3104.5 -18
3105.5 35
3106.5 35
3107.5 -6
3108.5 35
3109.5 1
3110.5 44
3111.5 79
3112.5 34
3113.5 91
3114.5 36
3115.5 4
3116.5 42
3117.5 29
3118.5 55
3119.5 33
3120.5 40
3121.5 28
3122.5 53
3123.5 31
3124.5 43
3125.5 34
3126.5 4
3127.5 18
3128.5 -5
3129.5 17
3130.5 33
3131.5 34
3132.5 29
3133.5 29
3134.5 -5
3135.5 7
3136.5 34
3137.5 21
3138.5 49
3139.5 6
3140.5 18
3141.5 53
3142.5 24
3143.5 18
3144.5 9
3145.5 21
3146.5 42
3147.5 37
3148.5 13
3149.5 32
3150.5 23
3151.5 21
3152.5 36
3153.5 33
3154.5 -4
3155.5 27
3156.5 25
3157.5 61
3158.5 28
3159.5 37
3160.5 26
3161.5 56
3162.5 49
3163.5 2
3164.5 10
3165.5 8
3166.5 40
3167.5 44
3168.5 41
3169.5 20
3170.5 22
3171.5 15
3172.5 16
3173.5 21
3174.5 8
3175.5 25
3176.5 -13
3177.5 50
3178.5 34
3179.5 28
3180.5 27
3181.5 37
3182.5 56
3183.5 -4
3184.5 54
3185.5 54
3186.5 36
3187.5 22
3188.5 47
3189.5 4
3190.5 29
3191.5 35
3192.5 -4
3193.5 23
3194.5 33
3195.5 30
3196.5 17
3197.5 57
3198.5 7
3199.5 12
3200.5 43
3201.5 14
3202.5 7
3203.5 62
3204.5 34
3205.5 46
3206.5 63
3207.5 30
3208.5 24
3209.5 31
3210.5 3
3211.5 -7
3212.5 56
3213.5 32
3214.5 9
3215.5 13
3216.5 29
3217.5 52
3218.5 29
3219.5 10
3220.5 14
3221.5 5
3222.5 44
3223.5 48
3224.5 30
3225.5 48
3226.5 27
3227.5 26
3228.5 21
3229.5 9
3230.5 9
3231.5 5
3232.5 34
3233.5 9
3234.5 34
3235.5 44
3236.5 39
3237.5 17
3238.5 3
3239.5 22
3240.5 -11
3241.5 -69
3242.5 -25
3243.5 -11
3244.5 46
3245.5 18
3246.5 28
3247.5 14
3248.5 44
3249.5 31
3250.5 4
3251.5 17
3252.5 -2
3253.5 35
3254.5 38
3255.5 41
3256.5 6
3257.5 9
3258.5 0
3259.5 6
3260.5 24
3261.5 74
3262.5 27
3263.5 32
3264.5 -17
3265.5 5
3266.5 27
3267.5 24
3268.5 15
3269.5 27
3270.5 24
3271.5 56
3272.5 34
3273.5 46
3274.5 17
3275.5 10
3276.5 36
3277.5 10
3278.5 15
3279.5 59
3280.5 5
3281.5 58
3282.5 48
3283.5 32
3284.5 25
3285.5 30
3286.5 29
3287.5 -12
3288.5 15
3289.5 27
3290.5 11
3291.5 -8
3292.5 1
3293.5 21
3294.5 6
3295.5 56
3296.5 27
3297.5 7
3298.5 5
3299.5 19
3300.5 36
3301.5 17
3302.5 21
3303.5 0
3304.5 4
3305.5 8
3306.5 25
3307.5 14
3308.5 49
3309.5 16
3310.5 44
3311.5 22
3312.5 20
3313.5 32
3314.5 35
3315.5 26
3316.5 41
3317.5 -1
3318.5 2
3319.5 20
3320.5 3
3321.5 18
3322.5 41
3323.5 53
3324.5 49
3325.5 8
3326.5 15
3327.5 -9
3328.5 -1
3329.5 14
3330.5 8
3331.5 46
3332.5 15
3333.5 16
3334.5 25
3335.5 16
3336.5 36
3337.5 35
3338.5 77
3339.5 10
3340.5 43
3341.5 0
3342.5 4
3343.5 43
3344.5 1
3345.5 18
3346.5 30
3347.5 32
3348.5 -4
3349.5 27
3350.5 27
3351.5 40
3352.5 66
3353.5 28
3354.5 3
3355.5 26
3356.5 20
3357.5 51
3358.5 -8
3359.5 9
3360.5 34
3361.5 49
3362.5 27
3363.5 23
3364.5 48
3365.5 40
3366.5 41
3367.5 45
3368.5 30
3369.5 33
3370.5 20
3371.5 26
3372.5 33
3373.5 38
3374.5 -5
3375.5 69
3376.5 29
3377.5 5
3378.5 40
3379.5 31
3380.5 42
3381.5 22
3382.5 9
3383.5 21
3384.5 25
3385.5 28
3386.5 -7
3387.5 2
3388.5 15
3389.5 38
3390.5 47
3391.5 73
3392.5 50
3393.5 85
3394.5 126
3395.5 125
3396.5 89
3397.5 63
3398.5 36
3399.5 11
3400.5 17
3401.5 34
3402.5 14
3403.5 24
3404.5 10
3405.5 33
3406.5 3
3407.5 14
3408.5 20
3409.5 15
3410.5 26
3411.5 21
3412.5 15
3413.5 -21
3414.5 43
3415.5 30
3416.5 5
3417.5 48
3418.5 25
3419.5 11
3420.5 18
3421.5 23
3422.5 17
3423.5 32
3424.5 14
3425.5 9
3426.5 14
3427.5 -3
3428.5 -5
3429.5 11
3430.5 20
3431.5 23
3432.5 14
3433.5 -10
3434.5 42
3435.5 4
3436.5 6
3437.5 39
3438.5 -2
3439.5 8
3440.5 10
3441.5 -9
3442.5 -9
3443.5 29
3444.5 34
3445.5 -11
3446.5 -2
3447.5 6
3448.5 32
3449.5 30
3450.5 -28
3451.5 0
3452.5 6
3453.5 7
3454.5 31
3455.5 11
3456.5 33
3457.5 13
3458.5 -6
3459.5 35
3460.5 17
3461.5 16
3462.5 31
3463.5 9
3464.5 23
3465.5 -12
3466.5 23
3467.5 11
3468.5 -6
3469.5 9
3470.5 33
3471.5 10
3472.5 6
3473.5 -17
3474.5 13
3475.5 -1
3476.5 16
3477.5 30
3478.5 -3
3479.5 31
3480.5 15
3481.5 26
3482.5 -8
3483.5 37
3484.5 27
3485.5 23
3486.5 54
3487.5 -26
3488.5 -16
3489.5 -9
3490.5 22
3491.5 -5
3492.5 -1
3493.5 5
3494.5 1
3495.5 42
3496.5 30
3497.5 12
3498.5 29
3499.5 14
3500.5 13
3501.5 1
3502.5 33
3503.5 19
3504.5 28
3505.5 35
3506.5 9
3507.5 27
3508.5 33
3509.5 71
3510.5 30
3511.5 31
3512.5 30
3513.5 40
3514.5 36
3515.5 53
3516.5 26
3517.5 52
3518.5 40
3519.5 56
3520.5 68
3521.5 141
3522.5 179
3523.5 193
3524.5 133
3525.5 144
3526.5 55
3527.5 17
3528.5 42
3529.5 15
3530.5 34
3531.5 0
3532.5 49
3533.5 71
3534.5 27
3535.5 32
3536.5 42
3537.5 51
3538.5 28
3539.5 33
3540.5 17
3541.5 8
3542.5 64
3543.5 -1
3544.5 5
3545.5 21
3546.5 30
3547.5 49
3548.5 51
3549.5 34
3550.5 19
3551.5 -2
3552.5 5
3553.5 25
3554.5 9
3555.5 9
3556.5 15
3557.5 59
3558.5 14
3559.5 35
3560.5 -11
3561.5 19
3562.5 8
3563.5 26
3564.5 14
3565.5 40
3566.5 18
3567.5 20
3568.5 12
3569.5 21
3570.5 0
3571.5 27
3572.5 0
3573.5 20
3574.5 34
3575.5 30
3576.5 0
3577.5 9
3578.5 6
3579.5 57
3580.5 15
3581.5 32
3582.5 -3
3583.5 34
3584.5 28
3585.5 22
3586.5 -3
3587.5 22
3588.5 17
3589.5 4
3590.5 10
3591.5 17
3592.5 25
3593.5 -11
3594.5 6
3595.5 62
3596.5 20
3597.5 17
3598.5 45
3599.5 -8
3600.5 -25
3601.5 32
3602.5 5
3603.5 43
3604.5 -23
3605.5 18
3606.5 23
3607.5 -3
3608.5 8
3609.5 49
3610.5 10
3611.5 30
3612.5 11
3613.5 36
3614.5 21
3615.5 23
3616.5 17
3617.5 5
3618.5 19
3619.5 34
3620.5 9
3621.5 16
3622.5 -2
3623.5 14
3624.5 12
3625.5 51
3626.5 -1
3627.5 15
3628.5 0
3629.5 32
3630.5 40
3631.5 14
3632.5 5
3633.5 4
3634.5 1
3635.5 21
3636.5 4
3637.5 0
3638.5 18
3639.5 22
3640.5 37
3641.5 0
3642.5 47
3643.5 17
3644.5 69
3645.5 53
3646.5 55
3647.5 41
3648.5 57
3649.5 49
3650.5 11
3651.5 46
3652.5 35
3653.5 22
3654.5 43
3655.5 4
3656.5 17
3657.5 6
3658.5 31
3659.5 0
3660.5 21
3661.5 20
3662.5 -19
3663.5 32
3664.5 29
3665.5 25
3666.5 18
3667.5 45
3668.5 3
3669.5 31
3670.5 -4
3671.5 34
3672.5 49
3673.5 47
3674.5 50
3675.5 57
3676.5 30
3677.5 19
3678.5 34
3679.5 43
3680.5 10
3681.5 46
3682.5 16
3683.5 -3
3684.5 9
3685.5 28
3686.5 21
3687.5 27
3688.5 4
3689.5 23
3690.5 21
3691.5 40
3692.5 35
3693.5 15
3694.5 17
3695.5 9
3696.5 41
3697.5 -24
3698.5 18
3699.5 28
3700.5 27
3701.5 -3
3702.5 24
3703.5 42
3704.5 0
3705.5 39
3706.5 29
3707.5 17
3708.5 27
3709.5 46
3710.5 37
3711.5 7
3712.5 26
3713.5 25
3714.5 35
3715.5 20
3716.5 25
3717.5 25
3718.5 53
3719.5 40
3720.5 58
3721.5 25
3722.5 40
3723.5 27
3724.5 33
3725.5 11
3726.5 -5
3727.5 17
3728.5 26
3729.5 45
3730.5 7
3731.5 33
3732.5 -3
3733.5 23
3734.5 52
3735.5 25
3736.5 35
3737.5 11
3738.5 22
3739.5 18
3740.5 25
3741.5 27
3742.5 64
3743.5 27
3744.5 46
3745.5 34
3746.5 -3
3747.5 35
3748.5 28
3749.5 5
3750.5 23
3751.5 0
3752.5 48
3753.5 15
3754.5 43
3755.5 6
3756.5 20
3757.5 41
3758.5 15
3759.5 6
3760.5 26
3761.5 28
3762.5 47
3763.5 12
3764.5 27
3765.5 28
3766.5 17
3767.5 24
3768.5 26
3769.5 36
3770.5 0
3771.5 29
3772.5 10
3773.5 36
3774.5 40
3775.5 8
3776.5 49
3777.5 5
3778.5 -8
3779.5 29
3780.5 27
3781.5 25
3782.5 19
3783.5 41
3784.5 25
3785.5 9
3786.5 7
3787.5 27
3788.5 27
3789.5 30
3790.5 46
3791.5 49
3792.5 28
3793.5 7
3794.5 40
3795.5 33
3796.5 -16
3797.5 12
3798.5 21
3799.5 21
3800.5 15
3801.5 33
3802.5 1
3803.5 53
3804.5 16
3805.5 11
3806.5 50
3807.5 10
3808.5 10
3809.5 20
3810.5 2
3811.5 38
3812.5 9
3813.5 35
3814.5 15
3815.5 35
3816.5 2
3817.5 14
3818.5 47
3819.5 21
3820.5 22
3821.5 12
3822.5 22
3823.5 20
3824.5 -9
3825.5 -3
3826.5 7
3827.5 34
3828.5 7
3829.5 20
3830.5 19
3831.5 46
3832.5 33
3833.5 30
3834.5 10
3835.5 22
3836.5 30
3837.5 1
3838.5 3
3839.5 25
3840.5 13
3841.5 16
3842.5 23
3843.5 38
3844.5 23
3845.5 17
3846.5 28
3847.5 16
3848.5 23
3849.5 40
3850.5 21
3851.5 9
3852.5 11
3853.5 15
3854.5 15
3855.5 17
3856.5 30
3857.5 11
3858.5 34
3859.5 47
3860.5 42
3861.5 29
3862.5 13
3863.5 19
3864.5 6
3865.5 24
3866.5 29
3867.5 21
3868.5 2
3869.5 -29
3870.5 46
3871.5 30
3872.5 22
3873.5 29
3874.5 14
3875.5 15
3876.5 12
3877.5 25
3878.5 15
3879.5 23
3880.5 14
3881.5 31
3882.5 32
3883.5 20
3884.5 22
3885.5 -11
3886.5 1
3887.5 1
3888.5 -5
3889.5 -12
3890.5 27
3891.5 45
3892.5 -1
3893.5 -5
3894.5 35
3895.5 25
3896.5 26
3897.5 26
3898.5 10
3899.5 -12
3900.5 -1
3901.5 7
3902.5 57
3903.5 67
3904.5 1
3905.5 47
3906.5 36
3907.5 8
3908.5 29
3909.5 16
3910.5 48
3911.5 8
3912.5 32
3913.5 45
3914.5 53
3915.5 36
3916.5 15
3917.5 22
3918.5 25
3919.5 14
3920.5 37
3921.5 14
3922.5 -1
3923.5 25
3924.5 19
3925.5 11
3926.5 5
3927.5 36
3928.5 20
3929.5 6
3930.5 40
3931.5 15
3932.5 28
3933.5 3
3934.5 11
3935.5 35
3936.5 -22
3937.5 30
3938.5 10
3939.5 19
3940.5 -9
3941.5 0
3942.5 4
3943.5 35
3944.5 33
3945.5 6
3946.5 7
3947.5 -5
3948.5 3
3949.5 7
3950.5 28
3951.5 43
3952.5 26
3953.5 28
3954.5 50
3955.5 17
3956.5 33
3957.5 30
3958.5 3
3959.5 7
3960.5 9
3961.5 -5
3962.5 -3
3963.5 -13
3964.5 32
3965.5 10
3966.5 7
3967.5 26
3968.5 40
3969.5 25
3970.5 41
3971.5 73
3972.5 13
3973.5 13
3974.5 35
3975.5 28
3976.5 3
3977.5 6
3978.5 -18
3979.5 20
3980.5 22
3981.5 -9
3982.5 22
3983.5 38
3984.5 13
3985.5 -3
3986.5 -12
3987.5 14
3988.5 3
3989.5 44
3990.5 20
3991.5 9
3992.5 6
3993.5 5
3994.5 2
3995.5 12
3996.5 10
3997.5 0
3998.5 17
3999.5 1
4000.5 26
4001.5 15
4002.5 10
4003.5 15
4004.5 18
4005.5 1
4006.5 2
4007.5 19
4008.5 19
4009.5 18
4010.5 35
4011.5 26
4012.5 -2
4013.5 2
4014.5 18
4015.5 14
4016.5 27
4017.5 24
4018.5 52
4019.5 -3
4020.5 21
4021.5 49
4022.5 42
4023.5 53
4024.5 65
4025.5 72
4026.5 36
4027.5 62
4028.5 41
4029.5 49
4030.5 85
4031.5 203
4032.5 380
4033.5 500
4034.5 636
4035.5 612
4036.5 426
4037.5 219
4038.5 104
4039.5 89
4040.5 2
4041.5 13
4042.5 2
4043.5 15
4044.5 19
4045.5 21
4046.5 26
4047.5 21
4048.5 0
4049.5 18
4050.5 -1
4051.5 10
4052.5 4
4053.5 24
4054.5 12
4055.5 31
4056.5 10
4057.5 37
4058.5 -1
4059.5 11
4060.5 13
4061.5 19
4062.5 3
4063.5 23
4064.5 21
4065.5 26
4066.5 22
4067.5 21
4068.5 20
4069.5 17
4070.5 -6
4071.5 15
4072.5 -5
4073.5 32
4074.5 -4
4075.5 11
4076.5 20
4077.5 0
4078.5 24
4079.5 29
4080.5 -4
4081.5 29
4082.5 8
4083.5 17
4084.5 -5
4085.5 15
4086.5 20
4087.5 3
4088.5 -20
4089.5 30
4090.5 28
4091.5 32
4092.5 5
4093.5 14
4094.5 0
4095.5 12
4096.5 0
4097.5 -14
4098.5 14
4099.5 -6
4100.5 2
4101.5 21
4102.5 2
4103.5 -3
4104.5 12
4105.5 -9
4106.5 11
4107.5 17
4108.5 12
4109.5 -3
4110.5 2
4111.5 20
4112.5 -18
4113.5 3
4114.5 21
4115.5 3
4116.5 32
4117.5 1
4118.5 32
4119.5 16
4120.5 13
4121.5 8
4122.5 18
4123.5 25
4124.5 33
4125.5 27
4126.5 21
4127.5 -4
4128.5 26
4129.5 29
4130.5 21
4131.5 3
4132.5 13
4133.5 8
4134.5 4
4135.5 11
4136.5 15
4137.5 23
4138.5 7
4139.5 12
4140.5 7
4141.5 21
4142.5 -9
4143.5 -15
4144.5 -9
4145.5 0
4146.5 -1
4147.5 21
4148.5 16
4149.5 -1
4150.5 4
4151.5 23
4152.5 1
4153.5 41
4154.5 8
4155.5 -9
4156.5 -8
4157.5 1
4158.5 17
4159.5 -2
4160.5 10
4161.5 24
4162.5 -8
4163.5 13
4164.5 -1
4165.5 5
4166.5 -14
4167.5 12
4168.5 18
4169.5 -14
4170.5 9
4171.5 28
4172.5 1
4173.5 34
4174.5 14
4175.5 7
4176.5 9
4177.5 2
4178.5 17
4179.5 8
4180.5 27
4181.5 17
4182.5 -13
4183.5 24
4184.5 12
4185.5 15
4186.5 15
4187.5 -3
4188.5 1
4189.5 20
4190.5 22
4191.5 16
4192.5 18
4193.5 14
4194.5 -15
4195.5 6
4196.5 21
4197.5 33
4198.5 42
4199.5 40
4200.5 12
4201.5 27
4202.5 -1
4203.5 17
4204.5 -8
4205.5 4
4206.5 19
4207.5 55
4208.5 44
4209.5 -10
4210.5 -3
4211.5 7
4212.5 9
4213.5 18
4214.5 42
4215.5 -6
4216.5 -15
4217.5 -26
4218.5 -11
4219.5 -12
4220.5 -10
4221.5 20
4222.5 -11
4223.5 17
4224.5 21
4225.5 16
4226.5 12
4227.5 -1
4228.5 -6
4229.5 19
4230.5 0
4231.5 8
4232.5 31
4233.5 -7
4234.5 -14
4235.5 -14
4236.5 15
4237.5 30
4238.5 -7
4239.5 -2
4240.5 5
4241.5 14
4242.5 34
4243.5 28
4244.5 -2
4245.5 -10
4246.5 -5
4247.5 32
4248.5 9
4249.5 15
4250.5 33
4251.5 -2
4252.5 -8
4253.5 -13
4254.5 10
4255.5 19
4256.5 -6
4257.5 30
4258.5 -6
4259.5 -14
4260.5 25
4261.5 12
4262.5 0
4263.5 21
4264.5 -4
4265.5 29
4266.5 20
4267.5 6
4268.5 18
4269.5 5
4270.5 20
4271.5 6
4272.5 3
4273.5 15
4274.5 25
4275.5 7
4276.5 10
4277.5 7
4278.5 6
4279.5 -4
4280.5 10
4281.5 2
4282.5 -4
4283.5 6
4284.5 0
4285.5 6
4286.5 -9
4287.5 -2
4288.5 19
4289.5 19
4290.5 21
4291.5 -17
4292.5 9
4293.5 20
4294.5 1
4295.5 -4
4296.5 31
4297.5 43
4298.5 18
4299.5 15
4300.5 34
4301.5 8
4302.5 7
4303.5 18
4304.5 1
4305.5 13
4306.5 -3
4307.5 8
4308.5 28
4309.5 14
4310.5 13
4311.5 -3
4312.5 26
4313.5 21
4314.5 28
4315.5 15
4316.5 29
4317.5 21
4318.5 43
4319.5 7
4320.5 14
4321.5 4
4322.5 6
4323.5 10
4324.5 9
4325.5 -8
4326.5 15
4327.5 25
4328.5 4
4329.5 19
4330.5 6
4331.5 -1
4332.5 5
4333.5 11
4334.5 9
4335.5 22
4336.5 16
4337.5 28
4338.5 -2
4339.5 -4
4340.5 6
4341.5 -7
4342.5 17
4343.5 -3
4344.5 11
4345.5 13
4346.5 21
4347.5 25
4348.5 4
4349.5 18
4350.5 4
4351.5 -4
4352.5 7
4353.5 6
4354.5 3
4355.5 -6
4356.5 4
4357.5 4
4358.5 21
4359.5 -15
4360.5 -6
4361.5 -12
4362.5 21
4363.5 4
4364.5 41
4365.5 23
4366.5 16
4367.5 17
4368.5 29
4369.5 9
4370.5 10
4371.5 5
4372.5 -4
4373.5 11
4374.5 9
4375.5 53
4376.5 24
4377.5 -4
4378.5 31
4379.5 3
4380.5 8
4381.5 -4
4382.5 25
4383.5 12
4384.5 -19
4385.5 17
4386.5 37
4387.5 -11
4388.5 0
4389.5 43
4390.5 11
4391.5 13
4392.5 8
4393.5 23
4394.5 20
4395.5 -17
4396.5 -6
4397.5 10
4398.5 14
4399.5 18
4400.5 4
4401.5 4
4402.5 11
4403.5 27
4404.5 31
4405.5 25
4406.5 40
4407.5 37
4408.5 34
4409.5 25
4410.5 46
4411.5 4
4412.5 5
4413.5 10
4414.5 -8
4415.5 -8
4416.5 -2
4417.5 33
4418.5 32
4419.5 13
4420.5 10
4421.5 21
4422.5 21
4423.5 34
4424.5 35
4425.5 0
4426.5 6
4427.5 15
4428.5 24
4429.5 1
4430.5 12
4431.5 9
4432.5 22
4433.5 3
4434.5 26
4435.5 17
4436.5 16
4437.5 15
4438.5 14
4439.5 -12
4440.5 22
4441.5 -19
4442.5 -16
4443.5 34
4444.5 -8
4445.5 -1
4446.5 31
4447.5 18
4448.5 18
4449.5 21
4450.5 4
4451.5 14
4452.5 21
4453.5 3
4454.5 0
4455.5 -7
4456.5 21
4457.5 -6
4458.5 2
4459.5 3
4460.5 -27
4461.5 35
4462.5 -7
4463.5 24
4464.5 6
4465.5 27
4466.5 -2
4467.5 19
4468.5 3
4469.5 5
4470.5 -9
4471.5 12
4472.5 5
4473.5 27
4474.5 10
4475.5 11
4476.5 22
4477.5 33
4478.5 4
4479.5 23
4480.5 8
4481.5 -15
4482.5 11
4483.5 29
4484.5 -7
4485.5 13
4486.5 30
4487.5 16
4488.5 29
4489.5 32
4490.5 13
4491.5 28
4492.5 7
4493.5 18
4494.5 18
4495.5 22
4496.5 2
4497.5 7
4498.5 20
4499.5 -16
4500.5 -3
4501.5 16
4502.5 -10
4503.5 27
4504.5 -12
4505.5 9
4506.5 18
4507.5 -4
4508.5 7
4509.5 10
4510.5 20
4511.5 40
4512.5 20
4513.5 14
4514.5 25
4515.5 34
4516.5 4
4517.5 -9
4518.5 4
4519.5 1
4520.5 33
4521.5 15
4522.5 -8
4523.5 17
4524.5 21
4525.5 -10
4526.5 27
4527.5 6
4528.5 18
4529.5 6
4530.5 13
4531.5 21
4532.5 10
4533.5 -3
4534.5 9
4535.5 12
4536.5 9
4537.5 13
4538.5 27
4539.5 -12
4540.5 18
4541.5 19
4542.5 7
4543.5 8
4544.5 21
4545.5 -5
4546.5 11
4547.5 21
4548.5 13
4549.5 14
4550.5 25
4551.5 28
4552.5 1
4553.5 -10
4554.5 17
4555.5 6
4556.5 12
4557.5 13
4558.5 11
4559.5 16
4560.5 13
4561.5 7
4562.5 -4
4563.5 15
4564.5 5
4565.5 11
4566.5 -1
4567.5 1
4568.5 18
4569.5 5
4570.5 8
4571.5 5
4572.5 18
4573.5 30
4574.5 5
4575.5 13
4576.5 10
4577.5 4
4578.5 12
4579.5 21
4580.5 10
4581.5 11
4582.5 23
4583.5 8
4584.5 29
4585.5 -10
4586.5 3
4587.5 1
4588.5 -15
4589.5 -5
4590.5 14
4591.5 10
4592.5 21
4593.5 9
4594.5 21
4595.5 13
4596.5 16
4597.5 3
4598.5 8
4599.5 1
4600.5 3
4601.5 12
4602.5 18
4603.5 16
4604.5 6
4605.5 33
4606.5 13
4607.5 -12
4608.5 -2
4609.5 13
4610.5 0
4611.5 4
4612.5 22
4613.5 33
4614.5 16
4615.5 16
4616.5 29
4617.5 -33
4618.5 -7
4619.5 24
4620.5 32
4621.5 9
4622.5 9
4623.5 -2
4624.5 50
4625.5 51
4626.5 7
4627.5 22
4628.5 16
4629.5 16
4630.5 18
4631.5 7
4632.5 0
4633.5 12
4634.5 23
4635.5 6
4636.5 7
4637.5 -1
4638.5 16
4639.5 -7
4640.5 10
4641.5 22
4642.5 31
4643.5 14
4644.5 9
4645.5 14
4646.5 28
4647.5 11
4648.5 33
4649.5 22
4650.5 1
4651.5 14
4652.5 -5
4653.5 -14
4654.5 10
4655.5 6
4656.5 9
4657.5 6
4658.5 -7
4659.5 -3
4660.5 6
4661.5 8
4662.5 12
4663.5 26
4664.5 4
4665.5 14
4666.5 -2
4667.5 11
4668.5 6
4669.5 29
4670.5 12
4671.5 23
4672.5 30
4673.5 8
4674.5 3
4675.5 26
4676.5 2
4677.5 -6
4678.5 -14
4679.5 26
4680.5 4
4681.5 15
4682.5 30
4683.5 11
4684.5 23
4685.5 9
4686.5 7
4687.5 4
4688.5 22
4689.5 29
4690.5 18
4691.5 10
4692.5 19
4693.5 12
4694.5 14
4695.5 6
4696.5 16
4697.5 -16
4698.5 7
4699.5 9
4700.5 18
4701.5 23
4702.5 18
4703.5 3
4704.5 18
4705.5 -2
4706.5 -11
4707.5 10
4708.5 9
4709.5 5
4710.5 -21
4711.5 6
4712.5 17
4713.5 -28
4714.5 37
4715.5 15
4716.5 6
4717.5 8
4718.5 14
4719.5 11
4720.5 17
4721.5 39
4722.5 15
4723.5 10
4724.5 35
4725.5 31
4726.5 22
4727.5 22
4728.5 -8
4729.5 19
4730.5 -2
4731.5 6
4732.5 16
4733.5 12
4734.5 -4
4735.5 20
4736.5 17
4737.5 25
4738.5 -3
4739.5 7
4740.5 1
4741.5 37
4742.5 21
4743.5 12
4744.5 -17
4745.5 12
4746.5 -13
4747.5 -16
4748.5 13
4749.5 -4
4750.5 21
4751.5 18
4752.5 35
4753.5 11
4754.5 4
4755.5 30
4756.5 14
4757.5 29
4758.5 10
4759.5 0
4760.5 8
4761.5 12
4762.5 8
4763.5 14
4764.5 0
4765.5 -8
4766.5 25
4767.5 13
4768.5 21
4769.5 0
4770.5 7
4771.5 27
4772.5 35
4773.5 16
4774.5 27
4775.5 13
4776.5 22
4777.5 17
4778.5 4
4779.5 9
4780.5 12
4781.5 9
4782.5 -12
4783.5 13
4784.5 -5
4785.5 12
4786.5 1
4787.5 1
4788.5 -9
4789.5 14
4790.5 14
4791.5 19
4792.5 -1
4793.5 13
4794.5 12
4795.5 1
4796.5 17
4797.5 6
4798.5 -1
4799.5 -12
4800.5 -4
4801.5 16
4802.5 11
4803.5 22
4804.5 15
4805.5 -7
4806.5 13
4807.5 19
4808.5 5
4809.5 29
4810.5 24
4811.5 -8
4812.5 -1
4813.5 9
4814.5 9
4815.5 18
4816.5 5
4817.5 0
4818.5 17
4819.5 6
4820.5 -9
4821.5 10
4822.5 0
4823.5 11
4824.5 12
4825.5 19
4826.5 6
4827.5 -3
4828.5 -11
4829.5 27
4830.5 17
4831.5 6
4832.5 -15
4833.5 0
4834.5 0
4835.5 7
4836.5 -1
4837.5 10
4838.5 -10
4839.5 11
4840.5 15
4841.5 24
4842.5 -6
4843.5 35
4844.5 2
4845.5 44
4846.5 13
4847.5 10
4848.5 2
4849.5 1
4850.5 5
4851.5 11
4852.5 12
4853.5 5
4854.5 20
4855.5 2
4856.5 3
4857.5 14
4858.5 -23
4859.5 27
4860.5 6
4861.5 -13
4862.5 6
4863.5 -1
4864.5 2
4865.5 15
4866.5 11
4867.5 12
4868.5 11
4869.5 24
4870.5 8
4871.5 -14
4872.5 21
4873.5 11
4874.5 11
4875.5 27
4876.5 59
4877.5 107
4878.5 70
4879.5 70
4880.5 66
4881.5 39
4882.5 24
4883.5 1
4884.5 1
4885.5 20
4886.5 14
4887.5 21
4888.5 4
4889.5 2
4890.5 21
4891.5 -2
4892.5 -1
4893.5 23
4894.5 5
4895.5 13
4896.5 16
4897.5 21
4898.5 29
4899.5 22
4900.5 2
4901.5 -13
4902.5 32
4903.5 18
4904.5 18
4905.5 21
4906.5 5
4907.5 26
4908.5 21
4909.5 7
4910.5 0
4911.5 15
4912.5 9
4913.5 11
4914.5 8
4915.5 18
4916.5 62
4917.5 30
4918.5 56
4919.5 81
4920.5 86
4921.5 15
4922.5 3
4923.5 10
4924.5 26
4925.5 15
4926.5 7
4927.5 3
4928.5 13
4929.5 25
4930.5 27
4931.5 -8
4932.5 -3
4933.5 -15
4934.5 10
4935.5 3
4936.5 12
4937.5 7
4938.5 4
4939.5 17
4940.5 -12
4941.5 7
4942.5 10
4943.5 11
4944.5 -2
4945.5 15
4946.5 -2
4947.5 -1
4948.5 -8
4949.5 6
4950.5 -6
4951.5 13
4952.5 -17
4953.5 10
4954.5 17
4955.5 19
4956.5 34
4957.5 -11
4958.5 16
4959.5 25
4960.5 -8
4961.5 5
4962.5 8
4963.5 2
4964.5 7
4965.5 -6
4966.5 18
4967.5 3
4968.5 14
4969.5 -4
4970.5 17
4971.5 6
4972.5 16
4973.5 -1
4974.5 -10
4975.5 8
4976.5 -2
4977.5 -18
4978.5 19
4979.5 0
4980.5 6
4981.5 4
4982.5 -10
4983.5 16
4984.5 -5
4985.5 3
4986.5 -17
4987.5 6
4988.5 14
4989.5 5
4990.5 11
4991.5 -6
4992.5 1
4993.5 25
4994.5 8
4995.5 -8
4996.5 18
4997.5 4
4998.5 28
4999.5 -2
5000.5 9
5001.5 -4
5002.5 29
5003.5 35
5004.5 7
5005.5 12
5006.5 21
5007.5 30
5008.5 13
5009.5 -5
5010.5 14
5011.5 4
5012.5 -9
5013.5 39
5014.5 9
5015.5 4
5016.5 28
5017.5 -5
5018.5 -22
5019.5 15
5020.5 15
5021.5 31
5022.5 19
5023.5 -4
5024.5 15
5025.5 -4
5026.5 -2
5027.5 -10
5028.5 24
5029.5 16
5030.5 13
5031.5 22
5032.5 -2
5033.5 -4
5034.5 0
5035.5 4
5036.5 -25
5037.5 2
5038.5 -48
5039.5 -32
5040.5 -13
5041.5 -5
5042.5 -6
5043.5 28
5044.5 11
5045.5 12
5046.5 25
5047.5 25
5048.5 20
5049.5 7
5050.5 10
5051.5 2
5052.5 5
5053.5 10
5054.5 -10
5055.5 5
5056.5 1
5057.5 -6
5058.5 -16
5059.5 -6
5060.5 21
5061.5 8
5062.5 25
5063.5 11
5064.5 21
5065.5 9
5066.5 11
5067.5 16
5068.5 19
5069.5 8
5070.5 10
5071.5 4
5072.5 12
5073.5 10
5074.5 27
5075.5 15
5076.5 -1
5077.5 -6
5078.5 5
5079.5 10
5080.5 6
5081.5 13
5082.5 10
5083.5 32
5084.5 -7
5085.5 20
5086.5 6
5087.5 22
5088.5 6
5089.5 9
5090.5 12
5091.5 7
5092.5 1
5093.5 -9
5094.5 35
5095.5 13
5096.5 -4
5097.5 13
5098.5 27
5099.5 33
5100.5 19
5101.5 40
5102.5 45
5103.5 48
5104.5 36
5105.5 32
5106.5 36
5107.5 15
5108.5 14
5109.5 7
5110.5 10
5111.5 21
5112.5 7
5113.5 7
5114.5 36
5115.5 17
5116.5 14
5117.5 22
5118.5 10
5119.5 14
5120.5 -2
5121.5 4
5122.5 19
5123.5 -1
5124.5 -10
5125.5 3
5126.5 8
5127.5 17
5128.5 29
5129.5 21
5130.5 28
5131.5 19
5132.5 13
5133.5 18
5134.5 15
5135.5 32
5136.5 -23
5137.5 -6
5138.5 7
5139.5 6
5140.5 13
5141.5 4
5142.5 10
5143.5 2
5144.5 22
5145.5 -3
5146.5 4
5147.5 21
5148.5 22
5149.5 13
5150.5 21
5151.5 8
5152.5 9
5153.5 13
5154.5 6
5155.5 -6
5156.5 -6
5157.5 16
5158.5 16
5159.5 24
5160.5 17
5161.5 8
5162.5 -10
5163.5 20
5164.5 9
5165.5 20
5166.5 43
5167.5 -7
5168.5 21
5169.5 23
5170.5 14
5171.5 4
5172.5 1
5173.5 8
5174.5 9
5175.5 22
5176.5 6
5177.5 -2
5178.5 10
5179.5 14
5180.5 19
5181.5 15
5182.5 10
5183.5 2
5184.5 15
5185.5 9
5186.5 20
5187.5 12
5188.5 9
5189.5 12
5190.5 5
5191.5 23
5192.5 16
5193.5 32
5194.5 24
5195.5 30
5196.5 18
5197.5 22
5198.5 8
5199.5 14
5200.5 3
5201.5 12
5202.5 39
5203.5 21
5204.5 36
5205.5 10
5206.5 19
5207.5 20
5208.5 13
5209.5 30
5210.5 18
5211.5 17
5212.5 23
5213.5 23
5214.5 12
5215.5 22
5216.5 22
5217.5 12
5218.5 20
5219.5 -7
5220.5 32
5221.5 15
5222.5 17
5223.5 18
5224.5 -10
5225.5 31
5226.5 16
5227.5 17
5228.5 0
5229.5 5
5230.5 10
5231.5 18
5232.5 24
5233.5 8
5234.5 38
5235.5 53
5236.5 34
5237.5 58
5238.5 26
5239.5 -5
5240.5 1
5241.5 40
5242.5 43
5243.5 29
5244.5 29
5245.5 24
5246.5 11
5247.5 38
5248.5 24
5249.5 24
5250.5 22
5251.5 13
5252.5 14
5253.5 1
5254.5 -3
5255.5 -13
5256.5 13
5257.5 27
5258.5 28
5259.5 -1
5260.5 24
5261.5 2
5262.5 14
5263.5 26
5264.5 19
5265.5 12
5266.5 4
5267.5 3
5268.5 30
5269.5 -3
5270.5 17
5271.5 -21
5272.5 1
5273.5 12
5274.5 5
5275.5 15
5276.5 8
5277.5 -1
5278.5 9
5279.5 11
5280.5 15
5281.5 12
5282.5 15
5283.5 4
5284.5 27
5285.5 -2
5286.5 10
5287.5 -7
5288.5 -2
5289.5 16
5290.5 28
5291.5 10
5292.5 23
5293.5 3
5294.5 -1
5295.5 9
5296.5 13
5297.5 16
5298.5 22
5299.5 23
5300.5 15
5301.5 15
5302.5 28
5303.5 11
5304.5 -6
5305.5 19
5306.5 32
5307.5 10
5308.5 16
5309.5 -10
5310.5 6
5311.5 15
5312.5 19
5313.5 21
5314.5 2
5315.5 14
5316.5 -1
5317.5 -13
5318.5 18
5319.5 22
5320.5 19
5321.5 21
5322.5 18
5323.5 3
5324.5 -5
5325.5 -2
5326.5 0
5327.5 9
5328.5 13
5329.5 4
5330.5 42
5331.5 4
5332.5 13
5333.5 9
5334.5 16
5335.5 19
5336.5 18
5337.5 10
5338.5 22
5339.5 -2
5340.5 13
5341.5 7
5342.5 15
5343.5 -4
5344.5 30
5345.5 22
5346.5 28
5347.5 3
5348.5 16
5349.5 16
5350.5 18
5351.5 31
5352.5 7
5353.5 39
5354.5 28
5355.5 -9
5356.5 15
5357.5 6
5358.5 -2
5359.5 12
5360.5 5
5361.5 19
5362.5 19
5363.5 13
5364.5 17
5365.5 12
5366.5 19
5367.5 -4
5368.5 33
5369.5 8
5370.5 -15
5371.5 -3
5372.5 21
5373.5 16
5374.5 3
5375.5 20
5376.5 -10
5377.5 1
5378.5 5
5379.5 -9
5380.5 14
5381.5 23
5382.5 12
5383.5 10
5384.5 21
5385.5 6
5386.5 45
5387.5 35
5388.5 31
5389.5 52
5390.5 10
5391.5 28
5392.5 14
5393.5 5
5394.5 25
5395.5 5
5396.5 22
5397.5 46
5398.5 8
5399.5 54
5400.5 31
5401.5 13
5402.5 5
5403.5 15
5404.5 22
5405.5 12
5406.5 25
5407.5 15
5408.5 -1
5409.5 20
5410.5 15
5411.5 30
5412.5 16
5413.5 18
5414.5 -1
5415.5 -16
5416.5 20
5417.5 24
5418.5 6
5419.5 -2
5420.5 14
5421.5 -3
5422.5 14
5423.5 13
5424.5 7
5425.5 6
5426.5 20
5427.5 -8
5428.5 8
5429.5 6
5430.5 -2
5431.5 20
5432.5 13
5433.5 8
5434.5 20
5435.5 11
5436.5 10
5437.5 18
5438.5 -7
5439.5 -16
5440.5 2
5441.5 13
5442.5 -2
5443.5 5
5444.5 15
5445.5 8
5446.5 18
5447.5 0
5448.5 24
5449.5 13
5450.5 -9
5451.5 2
5452.5 4
5453.5 27
5454.5 21
5455.5 38
5456.5 7
5457.5 20
5458.5 -11
5459.5 2
5460.5 9
5461.5 -3
5462.5 13
5463.5 -3
5464.5 20
5465.5 7
5466.5 16
5467.5 14
5468.5 26
5469.5 -12
5470.5 21
5471.5 15
5472.5 17
5473.5 23
5474.5 13
5475.5 28
5476.5 -5
5477.5 3
5478.5 11
5479.5 11
5480.5 36
5481.5 6
5482.5 18
5483.5 25
5484.5 17
5485.5 21
5486.5 2
5487.5 6
5488.5 25
5489.5 -12
5490.5 14
5491.5 1
5492.5 22
5493.5 -4
5494.5 15
5495.5 17
5496.5 8
5497.5 5
5498.5 17
5499.5 2
5500.5 13
5501.5 1
5502.5 8
5503.5 2
5504.5 20
5505.5 13
5506.5 17
5507.5 1
5508.5 13
5509.5 2
5510.5 29
5511.5 42
5512.5 38
5513.5 39
5514.5 40
5515.5 53
5516.5 58
5517.5 9
5518.5 16
5519.5 3
5520.5 32
5521.5 44
5522.5 33
5523.5 -6
5524.5 14
5525.5 1
5526.5 19
5527.5 -12
5528.5 15
5529.5 18
5530.5 5
5531.5 15
5532.5 24
5533.5 10
5534.5 18
5535.5 8
5536.5 9
5537.5 11
5538.5 24
5539.5 3
5540.5 22
5541.5 14
5542.5 10
5543.5 12
5544.5 20
5545.5 15
5546.5 7
5547.5 -1
5548.5 3
5549.5 9
5550.5 -11
5551.5 9
5552.5 13
5553.5 17
5554.5 9
5555.5 35
5556.5 25
5557.5 23
5558.5 28
5559.5 28
5560.5 11
5561.5 10
5562.5 5
5563.5 26
5564.5 -4
5565.5 20
5566.5 5
5567.5 6
5568.5 2
5569.5 -10
5570.5 7
5571.5 10
5572.5 7
5573.5 -4
5574.5 24
5575.5 9
5576.5 17
5577.5 6
5578.5 37
5579.5 -6
5580.5 10
5581.5 8
5582.5 4
5583.5 13
5584.5 7
5585.5 6
5586.5 17
5587.5 4
5588.5 -8
5589.5 4
5590.5 26
5591.5 8
5592.5 5
5593.5 2
5594.5 28
5595.5 30
5596.5 3
5597.5 9
5598.5 23
5599.5 9
5600.5 27
5601.5 11
5602.5 23
5603.5 26
5604.5 11
5605.5 14
5606.5 41
5607.5 29
5608.5 20
5609.5 72
5610.5 79
5611.5 105
5612.5 101
5613.5 112
5614.5 123
5615.5 81
5616.5 66
5617.5 66
5618.5 22
5619.5 5
5620.5 9
5621.5 0
5622.5 5
5623.5 17
5624.5 25
5625.5 5
5626.5 10
5627.5 4
5628.5 5
5629.5 11
5630.5 16
5631.5 -1
5632.5 15
5633.5 9
5634.5 -2
5635.5 14
5636.5 19
5637.5 9
5638.5 13
5639.5 5
5640.5 19
5641.5 13
5642.5 15
5643.5 10
5644.5 19
5645.5 33
5646.5 13
5647.5 10
5648.5 1
5649.5 7
5650.5 8
5651.5 16
5652.5 5
5653.5 -4
5654.5 -3
5655.5 10
5656.5 3
5657.5 16
5658.5 16
5659.5 -7
5660.5 26
5661.5 13
5662.5 3
5663.5 5
5664.5 7
5665.5 11
5666.5 15
5667.5 -3
5668.5 20
5669.5 16
5670.5 2
5671.5 14
5672.5 19
5673.5 4
5674.5 -2
5675.5 10
5676.5 18
5677.5 6
5678.5 18
5679.5 10
5680.5 0
5681.5 15
5682.5 6
5683.5 6
5684.5 16
5685.5 2
5686.5 11
5687.5 20
5688.5 12
5689.5 1
5690.5 4
5691.5 17
5692.5 11
5693.5 16
5694.5 19
5695.5 3
5696.5 8
5697.5 8
5698.5 7
5699.5 25
5700.5 -1
5701.5 6
5702.5 29
5703.5 16
5704.5 23
5705.5 12
5706.5 -5
5707.5 7
5708.5 3
5709.5 17
5710.5 4
5711.5 12
5712.5 23
5713.5 15
5714.5 29
5715.5 25
5716.5 46
5717.5 33
5718.5 -1
5719.5 12
5720.5 29
5721.5 25
5722.5 38
5723.5 -6
5724.5 20
5725.5 1
5726.5 17
5727.5 20
5728.5 35
5729.5 12
5730.5 11
5731.5 6
5732.5 -7
5733.5 14
5734.5 19
5735.5 -10
5736.5 4
5737.5 16
5738.5 7
5739.5 12
5740.5 -2
5741.5 4
5742.5 5
5743.5 9
5744.5 5
5745.5 18
5746.5 18
5747.5 28
5748.5 32
5749.5 23
5750.5 45
5751.5 40
5752.5 20
5753.5 40
5754.5 28
5755.5 34
5756.5 75
5757.5 44
5758.5 40
5759.5 27
5760.5 33
5761.5 16
5762.5 8
5763.5 17
5764.5 14
5765.5 10
5766.5 6
5767.5 21
5768.5 18
5769.5 11
5770.5 1
5771.5 -5
5772.5 12
5773.5 2
5774.5 26
5775.5 26
5776.5 10
5777.5 8
5778.5 9
5779.5 16
5780.5 11
5781.5 8
5782.5 10
5783.5 15
5784.5 10
5785.5 22
5786.5 18
5787.5 17
5788.5 34
5789.5 1
5790.5 13
5791.5 5
5792.5 12
5793.5 13
5794.5 13
5795.5 15
5796.5 17
5797.5 1
5798.5 17
5799.5 0
5800.5 16
5801.5 -9
5802.5 -1
5803.5 21
5804.5 22
5805.5 4
5806.5 -5
5807.5 22
5808.5 24
5809.5 7
5810.5 8
5811.5 5
5812.5 23
5813.5 3
5814.5 0
5815.5 15
5816.5 13
5817.5 12
5818.5 5
5819.5 20
5820.5 14
5821.5 8
5822.5 14
5823.5 22
5824.5 18
5825.5 -4
5826.5 15
5827.5 14
5828.5 2
5829.5 11
5830.5 6
5831.5 -1
5832.5 33
5833.5 23
5834.5 13
5835.5 10
5836.5 -2
5837.5 -3
5838.5 3
5839.5 5
5840.5 6
5841.5 8
5842.5 8
5843.5 2
5844.5 -6
5845.5 12
5846.5 21
5847.5 14
5848.5 12
5849.5 19
5850.5 12
5851.5 25
5852.5 8
5853.5 19
5854.5 2
5855.5 18
5856.5 1
5857.5 18
5858.5 7
5859.5 8
5860.5 15
5861.5 -2
5862.5 10
5863.5 11
5864.5 14
5865.5 15
5866.5 15
5867.5 7
5868.5 12
5869.5 6
5870.5 6
5871.5 22
5872.5 16
5873.5 9
5874.5 -5
5875.5 -8
5876.5 8
5877.5 6
5878.5 -2
5879.5 15
5880.5 5
5881.5 -1
5882.5 13
5883.5 -1
5884.5 12
5885.5 14
5886.5 19
5887.5 5
5888.5 18
5889.5 12
5890.5 11
5891.5 12
5892.5 21
5893.5 37
5894.5 10
5895.5 32
5896.5 34
5897.5 50
5898.5 61
5899.5 2
5900.5 23
5901.5 39
5902.5 98
5903.5 47
5904.5 18
5905.5 7
5906.5 33
5907.5 13
5908.5 33
5909.5 26
5910.5 33
5911.5 38
5912.5 20
5913.5 21
5914.5 18
5915.5 23
5916.5 13
5917.5 2
5918.5 25
5919.5 14
5920.5 15
5921.5 25
5922.5 7
5923.5 -7
5924.5 3
5925.5 6
5926.5 12
5927.5 7
5928.5 12
5929.5 -1
5930.5 17
5931.5 17
5932.5 1
5933.5 11
5934.5 16
5935.5 1
5936.5 15
5937.5 6
5938.5 16
5939.5 31
5940.5 15
5941.5 -11
5942.5 17
5943.5 27
5944.5 17
5945.5 17
5946.5 21
5947.5 2
5948.5 18
5949.5 9
5950.5 13
5951.5 9
5952.5 12
5953.5 15
5954.5 9
5955.5 10
5956.5 20
5957.5 7
5958.5 18
5959.5 8
5960.5 9
5961.5 -2
5962.5 4
5963.5 -8
5964.5 14
5965.5 7
5966.5 19
5967.5 -14
5968.5 10
5969.5 19
5970.5 12
5971.5 17
5972.5 -2
5973.5 17
5974.5 0
5975.5 7
5976.5 10
5977.5 26
5978.5 12
5979.5 30
5980.5 3
5981.5 9
5982.5 12
5983.5 -1
5984.5 11
5985.5 19
5986.5 13
5987.5 21
5988.5 -2
5989.5 28
5990.5 13
5991.5 9
5992.5 9
5993.5 10
5994.5 17
5995.5 20
5996.5 4
5997.5 16
5998.5 2
5999.5 14
6000.5 -3
6001.5 9
6002.5 -10
6003.5 3
6004.5 8
6005.5 0
6006.5 16
6007.5 7
6008.5 3
6009.5 17
6010.5 10
6011.5 0
6012.5 10
6013.5 18
6014.5 18
6015.5 14
6016.5 17
6017.5 15
6018.5 7
6019.5 16
6020.5 9
6021.5 19
6022.5 19
6023.5 -2
6024.5 11
6025.5 12
6026.5 10
6027.5 -1
6028.5 3
6029.5 15
6030.5 15
6031.5 8
6032.5 19
6033.5 50
6034.5 50
6035.5 36
6036.5 37
6037.5 30
6038.5 12
6039.5 8
6040.5 19
6041.5 13
6042.5 17
6043.5 4
6044.5 3
6045.5 8
6046.5 12
6047.5 10
6048.5 2
6049.5 -2
6050.5 -1
6051.5 8
6052.5 13
6053.5 7
6054.5 -11
6055.5 -4
6056.5 1
6057.5 11
6058.5 -6
6059.5 15
6060.5 1
6061.5 3
6062.5 7
6063.5 -5
6064.5 -8
6065.5 17
6066.5 14
6067.5 5
6068.5 -2
6069.5 2
6070.5 24
6071.5 12
6072.5 19
6073.5 2
6074.5 2
6075.5 26
6076.5 6
6077.5 11
6078.5 3
6079.5 17
6080.5 14
6081.5 5
6082.5 10
6083.5 15
6084.5 -3
6085.5 7
6086.5 20
6087.5 11
6088.5 10
6089.5 3
6090.5 1
6091.5 7
6092.5 1
6093.5 -4
6094.5 3
6095.5 11
6096.5 24
6097.5 8
6098.5 10
6099.5 16
6100.5 3
6101.5 -10
6102.5 1
6103.5 4
6104.5 11
6105.5 -3
6106.5 25
6107.5 -3
6108.5 -5
6109.5 1
6110.5 39
6111.5 26
6112.5 25
6113.5 16
6114.5 24
6115.5 7
6116.5 22
6117.5 25
6118.5 40
6119.5 53
6120.5 108
6121.5 119
6122.5 192
6123.5 210
6124.5 276
6125.5 285
6126.5 202
6127.5 135
6128.5 69
6129.5 36
6130.5 14
6131.5 8
6132.5 12
6133.5 10
6134.5 15
6135.5 -1
6136.5 -1
6137.5 24
6138.5 1
6139.5 5
6140.5 -1
6141.5 7
6142.5 18
6143.5 1
6144.5 2
6145.5 -1
6146.5 2
6147.5 6
6148.5 4
6149.5 -18
6150.5 16
6151.5 1
6152.5 14
6153.5 3
6154.5 -3
6155.5 1
6156.5 1
6157.5 -3
6158.5 7
6159.5 10
6160.5 8
6161.5 -7
6162.5 3
6163.5 5
6164.5 3
6165.5 7
6166.5 7
6167.5 15
6168.5 2
6169.5 6
6170.5 -5
6171.5 -4
6172.5 3
6173.5 -5
6174.5 2
6175.5 5
6176.5 -4
6177.5 3
6178.5 5
6179.5 1
6180.5 4
6181.5 -1
6182.5 9
6183.5 8
6184.5 4
6185.5 16
6186.5 8
6187.5 4
6188.5 1
6189.5 4
6190.5 -1
6191.5 1
6192.5 -1
6193.5 4
6194.5 3
6195.5 5
6196.5 5
6197.5 -5
6198.5 -3
6199.5 -12
6200.5 4
6201.5 -2
6202.5 0
6203.5 6
6204.5 3
6205.5 -10
6206.5 3
6207.5 20
6208.5 7
6209.5 -1
6210.5 5
6211.5 11
6212.5 11
6213.5 12
6214.5 3
6215.5 -4
6216.5 10
6217.5 1
6218.5 2
6219.5 2
6220.5 16
6221.5 2
6222.5 19
6223.5 2
6224.5 5
6225.5 -3
6226.5 -1
6227.5 9
6228.5 -4
6229.5 9
6230.5 14
6231.5 0
6232.5 0
6233.5 4
6234.5 11
6235.5 9
6236.5 5
6237.5 2
6238.5 10
6239.5 1
6240.5 15
6241.5 15
6242.5 16
6243.5 7
6244.5 3
6245.5 16
6246.5 2
6247.5 -2
6248.5 -3
6249.5 13
6250.5 14
6251.5 10
6252.5 3
6253.5 2
6254.5 24
6255.5 33
6256.5 27
6257.5 40
6258.5 57
6259.5 73
6260.5 82
6261.5 63
6262.5 59
6263.5 35
6264.5 20
6265.5 20
6266.5 3
6267.5 3
6268.5 -5
6269.5 7
6270.5 0
6271.5 6
6272.5 3
6273.5 11
6274.5 -1
6275.5 8
6276.5 5
6277.5 -2
6278.5 -2
6279.5 -2
6280.5 14
6281.5 19
6282.5 9
6283.5 6
6284.5 0
6285.5 -5
6286.5 18
6287.5 0
6288.5 5
6289.5 16
6290.5 9
6291.5 6
6292.5 -1
6293.5 -1
6294.5 1
6295.5 -2
6296.5 11
6297.5 4
6298.5 1
6299.5 7
6300.5 -13
6301.5 2
6302.5 -7
6303.5 7
6304.5 5
6305.5 -1
6306.5 1
6307.5 1
6308.5 11
6309.5 -1
6310.5 5
6311.5 2
6312.5 -5
6313.5 6
6314.5 13
6315.5 6
6316.5 8
6317.5 4
6318.5 4
6319.5 -9
6320.5 3
6321.5 5
6322.5 -8
6323.5 5
6324.5 13
6325.5 3
6326.5 12
6327.5 18
6328.5 6
6329.5 -11
6330.5 -1
6331.5 2
6332.5 5
6333.5 -1
6334.5 4
6335.5 8
6336.5 4
6337.5 17
6338.5 -7
6339.5 4
6340.5 1
6341.5 10
6342.5 -6
6343.5 5
6344.5 16
6345.5 2
6346.5 4
6347.5 9
6348.5 5
6349.5 -8
6350.5 6
6351.5 15
6352.5 11
6353.5 8
6354.5 1
6355.5 13
6356.5 0
6357.5 5
6358.5 4
6359.5 1
6360.5 -4
6361.5 4
6362.5 3
6363.5 9
6364.5 2
6365.5 2
6366.5 -6
6367.5 7
6368.5 5
6369.5 -6
6370.5 -2
6371.5 1
6372.5 12
6373.5 1
6374.5 11
6375.5 3
6376.5 12
6377.5 8
6378.5 -2
6379.5 -3
6380.5 8
6381.5 -4
6382.5 14
6383.5 11
6384.5 5
6385.5 6
6386.5 2
6387.5 10
6388.5 1
6389.5 5
6390.5 -1
6391.5 -5
6392.5 4
6393.5 4
6394.5 5
6395.5 4
6396.5 0
6397.5 3
6398.5 7
6399.5 17
6400.5 -2
6401.5 6
6402.5 -1
6403.5 11
6404.5 10
6405.5 5
6406.5 0
6407.5 12
6408.5 16
6409.5 -3
6410.5 -1
6411.5 14
6412.5 10
6413.5 6
6414.5 7
6415.5 22
6416.5 9
6417.5 43
6418.5 6
6419.5 36
6420.5 50
6421.5 41
6422.5 11
6423.5 19
6424.5 1
6425.5 16
6426.5 0
6427.5 -3
6428.5 0
6429.5 12
6430.5 6
6431.5 1
6432.5 13
6433.5 2
6434.5 7
6435.5 1
6436.5 6
6437.5 1
6438.5 -1
6439.5 -6
6440.5 -1
6441.5 8
6442.5 5
6443.5 1
6444.5 11
6445.5 13
6446.5 13
6447.5 -1
6448.5 13
6449.5 8
6450.5 -4
6451.5 14
6452.5 7
6453.5 4
6454.5 8
6455.5 10
6456.5 9
6457.5 -3
6458.5 14
6459.5 2
6460.5 7
6461.5 -2
6462.5 2
6463.5 -3
6464.5 3
6465.5 12
6466.5 5
6467.5 6
6468.5 10
6469.5 9
6470.5 8
6471.5 12
6472.5 3
6473.5 6
6474.5 4
6475.5 4
6476.5 8
6477.5 -13
6478.5 -26
6479.5 -9
6480.5 9
6481.5 -3
6482.5 -18
6483.5 0
6484.5 -1
6485.5 3
6486.5 9
6487.5 10
6488.5 7
6489.5 11
6490.5 -2
6491.5 -2
6492.5 7
6493.5 6
6494.5 11
6495.5 3
6496.5 10
6497.5 1
6498.5 2
6499.5 7
6500.5 9
6501.5 4
6502.5 4
6503.5 3
6504.5 3
6505.5 4
6506.5 2
6507.5 5
6508.5 12
6509.5 8
6510.5 4
6511.5 10
6512.5 1
6513.5 -3
6514.5 9
6515.5 3
6516.5 6
6517.5 7
6518.5 5
6519.5 3
6520.5 7
6521.5 0
6522.5 1
6523.5 5
6524.5 8
6525.5 9
6526.5 3
6527.5 2
6528.5 4
6529.5 -2
6530.5 10
6531.5 10
6532.5 10
6533.5 6
6534.5 12
6535.5 10
6536.5 4
6537.5 13
6538.5 -6
6539.5 -3
6540.5 4
6541.5 5
6542.5 0
6543.5 14
6544.5 17
6545.5 8
6546.5 5
6547.5 -2
6548.5 5
6549.5 7
6550.5 2
6551.5 12
6552.5 8
6553.5 4
6554.5 11
6555.5 -4
6556.5 5
6557.5 7
6558.5 2
6559.5 6
6560.5 2
6561.5 5
6562.5 -11
6563.5 8
6564.5 -3
6565.5 19
6566.5 -3
6567.5 -4
6568.5 11
6569.5 3
6570.5 3
6571.5 -1
6572.5 -9
6573.5 -3
6574.5 1
6575.5 5
6576.5 -3
6577.5 1
6578.5 8
6579.5 6
6580.5 2
6581.5 3
6582.5 -3
6583.5 6
6584.5 5
6585.5 6
6586.5 2
6587.5 6
6588.5 -1
6589.5 5
6590.5 7
6591.5 -4
6592.5 9
6593.5 9
6594.5 5
6595.5 -2
6596.5 -3
6597.5 6
6598.5 10
6599.5 -2
6600.5 5
6601.5 -2
6602.5 -1
6603.5 12
6604.5 15
6605.5 -4
6606.5 2
6607.5 7
6608.5 9
6609.5 7
6610.5 4
6611.5 1
6612.5 6
6613.5 5
6614.5 -3
6615.5 10
6616.5 10
6617.5 7
6618.5 -10
6619.5 17
6620.5 7
6621.5 7
6622.5 13
6623.5 9
6624.5 1
6625.5 7
6626.5 14
6627.5 9
6628.5 -14
6629.5 17
6630.5 3
6631.5 8
6632.5 15
6633.5 2
6634.5 5
6635.5 1
6636.5 6
6637.5 5
6638.5 0
6639.5 2
6640.5 -4
6641.5 9
6642.5 -4
6643.5 8
6644.5 2
6645.5 2
6646.5 7
6647.5 11
6648.5 0
6649.5 1
6650.5 -3
6651.5 12
6652.5 -2
6653.5 5
6654.5 3
6655.5 6
6656.5 11
6657.5 0
6658.5 3
6659.5 1
6660.5 5
6661.5 6
6662.5 1
6663.5 0
6664.5 6
6665.5 5
6666.5 3
6667.5 -1
6668.5 4
6669.5 2
6670.5 10
6671.5 4
6672.5 -2
6673.5 3
6674.5 7
6675.5 2
6676.5 10
6677.5 3
6678.5 3
6679.5 3
6680.5 -2
6681.5 -5
6682.5 0
6683.5 0
6684.5 8
6685.5 -2
6686.5 5
6687.5 6
6688.5 4
6689.5 2
6690.5 5
6691.5 1
6692.5 1
6693.5 5
6694.5 5
6695.5 -6
6696.5 7
6697.5 5
6698.5 11
6699.5 -6
6700.5 5
6701.5 -3
6702.5 0
6703.5 2
6704.5 5
6705.5 1
6706.5 3
6707.5 9
6708.5 1
6709.5 4
6710.5 -2
6711.5 4
6712.5 2
6713.5 6
6714.5 5
6715.5 1
6716.5 7
6717.5 6
6718.5 4
6719.5 2
6720.5 2
6721.5 6
6722.5 2
6723.5 -4
6724.5 1
6725.5 -1
6726.5 0
6727.5 3
6728.5 -1
6729.5 -2
6730.5 7
6731.5 -5
6732.5 4
6733.5 -1
6734.5 6
6735.5 2
6736.5 -1
6737.5 5
6738.5 -3
6739.5 8
6740.5 1
6741.5 5
6742.5 2
6743.5 6
6744.5 0
6745.5 1
6746.5 3
6747.5 3
6748.5 4
6749.5 3
6750.5 12
6751.5 3
6752.5 0
6753.5 4
6754.5 4
6755.5 5
6756.5 0
6757.5 9
6758.5 3
6759.5 0
6760.5 -4
6761.5 -3
6762.5 3
6763.5 11
6764.5 23
6765.5 22
6766.5 37
6767.5 47
6768.5 75
6769.5 85
6770.5 122
6771.5 141
6772.5 133
6773.5 115
6774.5 77
6775.5 58
6776.5 30
6777.5 17
6778.5 6
6779.5 7
6780.5 10
6781.5 -1
6782.5 1
6783.5 6
6784.5 2
6785.5 11
6786.5 2
6787.5 1
6788.5 2
6789.5 -3
6790.5 4
6791.5 5
6792.5 2
6793.5 5
6794.5 -4
6795.5 -6
6796.5 2
6797.5 7
6798.5 4
6799.5 -2
6800.5 -1
6801.5 9
6802.5 9
6803.5 -3
6804.5 4
6805.5 -4
6806.5 1
6807.5 12
6808.5 -3
6809.5 -3
6810.5 3
6811.5 -1
6812.5 1
6813.5 -1
6814.5 -3
6815.5 -2
6816.5 0
6817.5 -5
6818.5 2
6819.5 -3
6820.5 -5
6821.5 2
6822.5 0
6823.5 0
6824.5 4
6825.5 1
6826.5 5
6827.5 -1
6828.5 -1
6829.5 4
6830.5 1
6831.5 -2
6832.5 -1
6833.5 1
6834.5 -1
6835.5 1
6836.5 -7
6837.5 4
6838.5 2
6839.5 4
6840.5 3
6841.5 -4
6842.5 -2
6843.5 7
6844.5 4
6845.5 2
6846.5 -4
6847.5 -6
6848.5 4
6849.5 -8
6850.5 7
6851.5 4
6852.5 10
6853.5 5
6854.5 4
6855.5 3
6856.5 3
6857.5 -8
6858.5 1
6859.5 4
6860.5 0
6861.5 -7
6862.5 4
6863.5 -2
6864.5 -9
6865.5 -2
6866.5 2
6867.5 -8
6868.5 -4
6869.5 0
6870.5 5
6871.5 6
6872.5 3
6873.5 3
6874.5 -8
6875.5 -1
6876.5 6
6877.5 5
6878.5 1
6879.5 -2
6880.5 3
6881.5 -9
6882.5 4
6883.5 -5
6884.5 -2
6885.5 0
6886.5 3
6887.5 2
6888.5 -2
6889.5 1
6890.5 4
6891.5 -1
6892.5 0
6893.5 -2
6894.5 -1
6895.5 -1
6896.5 1
6897.5 4
6898.5 -3
6899.5 -1
6900.5 -2
6901.5 0
6902.5 4
6903.5 -5
6904.5 -4
6905.5 6
6906.5 6
6907.5 5
6908.5 -2
6909.5 -3
6910.5 4
6911.5 4
6912.5 -5
6913.5 0
6914.5 0
6915.5 -5
6916.5 2
6917.5 -4
6918.5 3
6919.5 0
6920.5 5
6921.5 2
6922.5 1
6923.5 4
6924.5 -4
6925.5 -6
6926.5 2
6927.5 -7
6928.5 6
6929.5 7
6930.5 -5
6931.5 -10
6932.5 -4
6933.5 -4
6934.5 6
6935.5 11
6936.5 -5
6937.5 1
6938.5 4
6939.5 6
6940.5 -10
6941.5 6
6942.5 5
6943.5 -2
6944.5 -5
6945.5 5
6946.5 1
6947.5 -3
6948.5 -2
6949.5 0
6950.5 -4
6951.5 3
6952.5 -1
6953.5 0
6954.5 -3
6955.5 2
6956.5 -1
6957.5 -2
6958.5 1
6959.5 4
6960.5 2
6961.5 3
6962.5 1
6963.5 2
6964.5 3
6965.5 -1
6966.5 0
6967.5 -1
6968.5 -6
6969.5 -3
6970.5 0
6971.5 5
6972.5 1
6973.5 4
6974.5 -1
6975.5 0
6976.5 -1
6977.5 1
6978.5 -1
6979.5 2
6980.5 8
6981.5 9
6982.5 0
6983.5 3
6984.5 5
6985.5 2
6986.5 2
6987.5 3
6988.5 1
6989.5 3
6990.5 5
6991.5 4
6992.5 0
6993.5 3
6994.5 5
6995.5 -2
6996.5 -1
6997.5 -8
6998.5 4
6999.5 3
7000.5 6
7001.5 4
7002.5 1
7003.5 -1
7004.5 -3
7005.5 0
7006.5 -1
7007.5 5
7008.5 1
7009.5 -1
7010.5 0
7011.5 -2
7012.5 2
7013.5 -3
7014.5 -2
7015.5 7
7016.5 1
7017.5 2
7018.5 2
7019.5 -4
7020.5 -2
7021.5 0
7022.5 -2
7023.5 4
7024.5 3
7025.5 -2
7026.5 6
7027.5 -1
7028.5 2
7029.5 1
7030.5 1
7031.5 4
7032.5 6
7033.5 4
7034.5 3
7035.5 5
7036.5 9
7037.5 -6
7038.5 1
7039.5 4
7040.5 0
7041.5 1
7042.5 4
7043.5 -1
7044.5 -2
7045.5 -1
7046.5 0
7047.5 2
7048.5 -1
7049.5 1
7050.5 -9
7051.5 3
7052.5 2
7053.5 3
7054.5 -3
7055.5 1
7056.5 2
7057.5 -5
7058.5 2
7059.5 -1
7060.5 4
7061.5 0
7062.5 7
7063.5 9
7064.5 0
7065.5 10
7066.5 1
7067.5 -1
7068.5 -5
7069.5 3
7070.5 0
7071.5 2
7072.5 2
7073.5 2
7074.5 3
7075.5 4
7076.5 -5
7077.5 1
7078.5 -5
7079.5 -3
7080.5 -3
7081.5 0
7082.5 1
7083.5 -3
7084.5 2
7085.5 -2
7086.5 -2
7087.5 1
7088.5 2
7089.5 7
7090.5 -3
7091.5 2
7092.5 -1
7093.5 -3
7094.5 0
7095.5 3
7096.5 2
7097.5 -5
7098.5 2
7099.5 3
7100.5 -1
7101.5 9
7102.5 1
7103.5 -3
7104.5 -2
7105.5 0
7106.5 -1
7107.5 0
7108.5 3
7109.5 -4
7110.5 8
7111.5 4
7112.5 5
7113.5 2
7114.5 7
7115.5 1
7116.5 8
7117.5 7
7118.5 2
7119.5 -2
7120.5 7
7121.5 0
7122.5 1
7123.5 2
7124.5 4
7125.5 1
7126.5 -4
7127.5 1
7128.5 1
7129.5 0
7130.5 -3
7131.5 2
7132.5 2
7133.5 -2
7134.5 -2
7135.5 0
7136.5 2
7137.5 1
7138.5 2
7139.5 -3
7140.5 0
7141.5 5
7142.5 4
7143.5 5
7144.5 1
7145.5 -3
7146.5 5
7147.5 0
7148.5 2
7149.5 3
7150.5 -3
7151.5 2
7152.5 1
7153.5 0
7154.5 3
7155.5 0
7156.5 -1
7157.5 3
7158.5 -1
7159.5 0
7160.5 1
7161.5 1
7162.5 3
7163.5 0
7164.5 -1
7165.5 8
7166.5 5
7167.5 -2
7168.5 2
7169.5 3
7170.5 -1
7171.5 2
7172.5 -3
7173.5 4
7174.5 -2
7175.5 -2
7176.5 -6
7177.5 3
7178.5 -5
7179.5 5
7180.5 1
7181.5 -3
7182.5 -6
7183.5 3
7184.5 -3
7185.5 1
7186.5 2
7187.5 -1
7188.5 0
7189.5 -2
7190.5 3
7191.5 -1
7192.5 -3
7193.5 -3
7194.5 3
7195.5 -1
7196.5 2
7197.5 -8
7198.5 2
7199.5 7
7200.5 -1
7201.5 -1
7202.5 3
7203.5 4
7204.5 4
7205.5 8
7206.5 5
7207.5 4
7208.5 -3
7209.5 -1
7210.5 -1
7211.5 -6
7212.5 2
7213.5 -2
7214.5 -5
7215.5 4
7216.5 0
7217.5 -6
7218.5 -1
7219.5 -1
7220.5 1
7221.5 -2
7222.5 4
7223.5 -4
7224.5 -5
7225.5 -4
7226.5 1
7227.5 3
7228.5 -2
7229.5 1
7230.5 -1
7231.5 -1
7232.5 2
7233.5 2
7234.5 1
7235.5 2
7236.5 -1
7237.5 3
7238.5 1
7239.5 0
7240.5 3
7241.5 0
7242.5 0
7243.5 0
7244.5 2
7245.5 2
7246.5 5
7247.5 0
7248.5 0
7249.5 1
7250.5 5
7251.5 6
7252.5 -3
7253.5 2
7254.5 -1
7255.5 4
7256.5 -3
7257.5 8
7258.5 -6
7259.5 -10
7260.5 -1
7261.5 -4
7262.5 2
7263.5 8
7264.5 -6
7265.5 -5
7266.5 -1
7267.5 -2
7268.5 -2
7269.5 7
7270.5 -5
7271.5 -3
7272.5 2
7273.5 -2
7274.5 2
7275.5 -2
7276.5 6
7277.5 4
7278.5 -4
7279.5 0
7280.5 2
7281.5 -1
7282.5 2
7283.5 0
7284.5 -2
7285.5 3
7286.5 -2
7287.5 -2
7288.5 2
7289.5 3
7290.5 1
7291.5 -3
7292.5 -1
7293.5 4
7294.5 -2
7295.5 -1
7296.5 1
7297.5 5
7298.5 7
7299.5 -2
7300.5 0
7301.5 -6
7302.5 -3
7303.5 3
7304.5 2
7305.5 3
7306.5 4
7307.5 5
7308.5 9
7309.5 2
7310.5 -5
7311.5 -2
7312.5 3
7313.5 12
7314.5 2
7315.5 -5
7316.5 -8
7317.5 -1
7318.5 -1
7319.5 0
7320.5 4
7321.5 -2
7322.5 -6
7323.5 2
7324.5 4
7325.5 1
7326.5 -4
7327.5 6
7328.5 0
7329.5 -5
7330.5 -5
7331.5 -4
7332.5 1
7333.5 0
7334.5 -2
7335.5 -3
7336.5 -3
7337.5 -5
7338.5 -2
7339.5 2
7340.5 -1
7341.5 1
7342.5 1
7343.5 -1
7344.5 3
7345.5 -4
7346.5 -1
7347.5 0
7348.5 -3
7349.5 -1
7350.5 10
7351.5 2
7352.5 -1
7353.5 -5
7354.5 -2
7355.5 2
7356.5 -4
7357.5 -5
7358.5 5
7359.5 1
7360.5 1
7361.5 1
7362.5 2
7363.5 -1
7364.5 -2
7365.5 -2
7366.5 3
7367.5 11
7368.5 0
7369.5 2
7370.5 0
7371.5 2
7372.5 5
7373.5 -5
7374.5 0
7375.5 -2
7376.5 -1
7377.5 -2
7378.5 2
7379.5 6
7380.5 -4
7381.5 0
7382.5 1
7383.5 2
7384.5 2
7385.5 1
7386.5 1
7387.5 0
7388.5 -4
7389.5 6
7390.5 2
7391.5 10
7392.5 -1
7393.5 2
7394.5 2
7395.5 4
7396.5 0
7397.5 -2
7398.5 3
7399.5 -1
7400.5 2
7401.5 -1
7402.5 1
7403.5 -2
7404.5 -4
7405.5 0
7406.5 -3
7407.5 0
7408.5 -1
7409.5 -1
7410.5 1
7411.5 6
7412.5 -8
7413.5 -4
7414.5 2
7415.5 5
7416.5 7
7417.5 3
7418.5 2
7419.5 3
7420.5 -2
7421.5 -2
7422.5 2
7423.5 6
7424.5 1
7425.5 1
7426.5 -1
7427.5 -1
7428.5 1
7429.5 0
7430.5 -3
7431.5 1
7432.5 1
7433.5 -2
7434.5 -1
7435.5 -1
7436.5 0
7437.5 -2
7438.5 1
7439.5 0
7440.5 -5
7441.5 -2
7442.5 -1
7443.5 0
7444.5 -2
7445.5 4
7446.5 2
7447.5 4
7448.5 -3
7449.5 0
7450.5 3
7451.5 -2
7452.5 3
7453.5 6
7454.5 -6
7455.5 -2
7456.5 -5
7457.5 -1
7458.5 1
7459.5 -1
7460.5 3
7461.5 -3
7462.5 0
7463.5 -4
7464.5 -1
7465.5 -2
7466.5 0
7467.5 -2
7468.5 0
7469.5 -4
7470.5 -2
7471.5 1
7472.5 0
7473.5 -3
7474.5 2
7475.5 5
7476.5 1
7477.5 0
7478.5 6
7479.5 2
7480.5 5
7481.5 6
7482.5 0
7483.5 6
7484.5 -2
7485.5 0
7486.5 2
7487.5 -1
7488.5 -3
7489.5 1
7490.5 -4
7491.5 -2
7492.5 3
7493.5 2
7494.5 -1
7495.5 0
7496.5 1
7497.5 -6
7498.5 2
7499.5 -2
7500.5 4
7501.5 6
7502.5 0
7503.5 3
7504.5 -2
7505.5 -2
7506.5 -1
7507.5 -3
7508.5 -2
7509.5 2
7510.5 3
7511.5 2
7512.5 0
7513.5 0
7514.5 3
7515.5 -1
7516.5 2
7517.5 0
7518.5 3
7519.5 1
7520.5 0
7521.5 -4
7522.5 -4
7523.5 1
7524.5 5
7525.5 2
7526.5 -2
7527.5 -2
7528.5 5
7529.5 -5
7530.5 -2
7531.5 4
7532.5 -4
7533.5 7
7534.5 1
7535.5 1
7536.5 0
7537.5 2
7538.5 -1
7539.5 -5
7540.5 4
7541.5 -1
7542.5 1
7543.5 3
7544.5 5
7545.5 2
7546.5 4
7547.5 1
7548.5 3
7549.5 3
7550.5 1
7551.5 -2
7552.5 1
7553.5 -1
7554.5 1
7555.5 0
7556.5 -1
7557.5 1
7558.5 -2
7559.5 0
7560.5 -4
7561.5 1
7562.5 -3
7563.5 0
7564.5 1
7565.5 4
7566.5 -2
7567.5 2
7568.5 -3
7569.5 4
7570.5 1
7571.5 -5
7572.5 5
7573.5 4
7574.5 5
7575.5 3
7576.5 1
7577.5 -4
7578.5 3
7579.5 3
7580.5 -3
7581.5 4
7582.5 2
7583.5 1
7584.5 0
7585.5 -4
7586.5 0
7587.5 -1
7588.5 -2
7589.5 -3
7590.5 4
7591.5 1
7592.5 3
7593.5 -3
7594.5 0
7595.5 -1
7596.5 1
7597.5 -3
7598.5 3
7599.5 4
7600.5 -1
7601.5 -1
7602.5 5
7603.5 5
7604.5 1
7605.5 2
7606.5 3
7607.5 2
7608.5 0
7609.5 0
7610.5 1
7611.5 2
7612.5 -1
7613.5 -3
7614.5 1
7615.5 -1
7616.5 1
7617.5 5
7618.5 -1
7619.5 0
7620.5 -4
7621.5 0
7622.5 2
7623.5 -1
7624.5 -1
7625.5 0
7626.5 1
7627.5 0
7628.5 1
7629.5 -2
7630.5 3
7631.5 3
7632.5 3
7633.5 1
7634.5 -1
7635.5 0
7636.5 1
7637.5 -2
7638.5 2
7639.5 3
7640.5 -2
7641.5 1
7642.5 1
7643.5 1
7644.5 -2
7645.5 0
7646.5 -6
7647.5 -4
7648.5 0
7649.5 0
7650.5 -1
7651.5 0
7652.5 -1
7653.5 -2
7654.5 5
7655.5 3
7656.5 2
7657.5 -2
7658.5 4
7659.5 0
7660.5 -3
7661.5 0
7662.5 3
7663.5 5
7664.5 3
7665.5 4
7666.5 0
7667.5 2
7668.5 1
7669.5 -1
7670.5 4
7671.5 0
7672.5 2
7673.5 1
7674.5 -1
7675.5 0
7676.5 3
7677.5 -3
7678.5 1
7679.5 -3
7680.5 -2
7681.5 -1
7682.5 1
7683.5 -1
7684.5 6
7685.5 0
7686.5 -3
7687.5 0
7688.5 0
7689.5 1
7690.5 3
7691.5 0
7692.5 2
7693.5 2
7694.5 -1
7695.5 2
7696.5 2
7697.5 4
7698.5 -2
7699.5 3
7700.5 -1
7701.5 1
7702.5 0
7703.5 -2
7704.5 -3
7705.5 -6
7706.5 1
7707.5 -1
7708.5 1
7709.5 -1
7710.5 2
7711.5 -5
7712.5 0
7713.5 2
7714.5 -1
7715.5 4
7716.5 2
7717.5 1
7718.5 4
7719.5 -1
7720.5 0
7721.5 1
7722.5 -3
7723.5 4
7724.5 -4
7725.5 2
7726.5 4
7727.5 1
7728.5 0
7729.5 1
7730.5 1
7731.5 0
7732.5 -1
7733.5 1
7734.5 1
7735.5 0
7736.5 -1
7737.5 1
7738.5 -1
7739.5 1
7740.5 2
7741.5 -2
7742.5 -1
7743.5 2
7744.5 1
7745.5 -1
7746.5 2
7747.5 2
7748.5 -2
7749.5 0
7750.5 3
7751.5 1
7752.5 0
7753.5 5
7754.5 -2
7755.5 1
7756.5 -1
7757.5 3
7758.5 -2
7759.5 2
7760.5 -3
7761.5 1
7762.5 1
7763.5 4
7764.5 -1
7765.5 4
7766.5 1
7767.5 8
7768.5 5
7769.5 0
7770.5 -10
7771.5 7
7772.5 -2
7773.5 15
7774.5 4
7775.5 -3
7776.5 3
7777.5 4
7778.5 4
7779.5 2
7780.5 -1
7781.5 0
7782.5 5
7783.5 -2
7784.5 -1
7785.5 3
7786.5 -4
7787.5 2
7788.5 0
7789.5 0
7790.5 1
7791.5 -1
7792.5 5
7793.5 0
7794.5 1
7795.5 2
7796.5 -1
7797.5 1
7798.5 1
7799.5 0
7800.5 0
7801.5 1
7802.5 0
7803.5 -3
7804.5 -4
7805.5 6
7806.5 0
7807.5 3
7808.5 1
7809.5 -2
7810.5 2
7811.5 0
7812.5 -5
7813.5 1
7814.5 -7
7815.5 1
7816.5 -2
7817.5 -4
7818.5 0
7819.5 -4
7820.5 -5
7821.5 -2
7822.5 0
7823.5 4
7824.5 -1
7825.5 -1
7826.5 0
7827.5 -12
7828.5 17
7829.5 -10
7830.5 5
7831.5 0
7832.5 4
7833.5 3
7834.5 0
7835.5 0
7836.5 -1
7837.5 2
7838.5 -1
7839.5 -2
7840.5 -2
7841.5 2
7842.5 0
7843.5 1
7844.5 1
7845.5 -2
7846.5 2
7847.5 1
7848.5 0
7849.5 2
7850.5 0
7851.5 -1
7852.5 -2
7853.5 1
7854.5 -1
7855.5 0
7856.5 0
7857.5 -2
7858.5 2
7859.5 1
7860.5 1
7861.5 0
7862.5 3
7863.5 -1
7864.5 1
7865.5 -1
7866.5 2
7867.5 -1
7868.5 -2
7869.5 0
7870.5 -1
7871.5 -1
7872.5 0
7873.5 -2
7874.5 -1
7875.5 1
7876.5 2
7877.5 -3
7878.5 1
7879.5 -3
7880.5 -3
7881.5 -1
7882.5 -1
7883.5 0
7884.5 -3
7885.5 1
7886.5 2
7887.5 -1
7888.5 -1
7889.5 -1
7890.5 0
7891.5 -1
7892.5 0
7893.5 -1
7894.5 -1
7895.5 1
7896.5 -4
7897.5 1
7898.5 1
7899.5 4
7900.5 3
7901.5 0
7902.5 2
7903.5 0
7904.5 -3
7905.5 5
7906.5 2
7907.5 0
7908.5 0
7909.5 2
7910.5 1
7911.5 1
7912.5 2
7913.5 3
7914.5 0
7915.5 1
7916.5 0
7917.5 2
7918.5 0
7919.5 -2
7920.5 0
7921.5 0
7922.5 1
7923.5 3
7924.5 0
7925.5 1
7926.5 -2
7927.5 1
7928.5 1
7929.5 2
7930.5 -1
7931.5 1
7932.5 1
7933.5 0
7934.5 1
7935.5 0
7936.5 -1
7937.5 0
7938.5 1
7939.5 2
7940.5 -2
7941.5 0
7942.5 1
7943.5 2
7944.5 3
7945.5 4
7946.5 1
7947.5 0
7948.5 1
7949.5 1
7950.5 1
7951.5 -2
7952.5 -2
7953.5 5
7954.5 -2
7955.5 1
7956.5 0
7957.5 0
7958.5 2
7959.5 0
7960.5 -1
7961.5 3
7962.5 -2
7963.5 2
7964.5 -2
7965.5 -2
7966.5 3
7967.5 1
7968.5 0
7969.5 0
7970.5 -1
7971.5 0
7972.5 2
7973.5 2
7974.5 0
7975.5 2
7976.5 1
7977.5 2
7978.5 2
7979.5 -4
7980.5 1
7981.5 2
7982.5 5
7983.5 0
7984.5 -1
7985.5 4
7986.5 4
7987.5 4
7988.5 0
7989.5 2
7990.5 2
7991.5 8
7992.5 3
7993.5 4
7994.5 1
7995.5 1
7996.5 1
7997.5 -1
7998.5 3
7999.5 -1
8000.5 -1
8001.5 0
8002.5 1
8003.5 -1
8004.5 0
8005.5 2
8006.5 1
8007.5 0
8008.5 0
8009.5 1
8010.5 2
8011.5 2
8012.5 3
8013.5 0
8014.5 7
8015.5 0
8016.5 -4
8017.5 -1
8018.5 -1
8019.5 1
8020.5 1
8021.5 1
8022.5 3
8023.5 -1
8024.5 -1
8025.5 0
8026.5 2
8027.5 3
8028.5 -1
8029.5 2
8030.5 4
8031.5 3
8032.5 1
8033.5 -1
8034.5 2
8035.5 -2
8036.5 -2
8037.5 0
8038.5 0
8039.5 0
8040.5 0
8041.5 1
8042.5 1
8043.5 0
8044.5 -1
8045.5 2
8046.5 -2
8047.5 -3
8048.5 0
8049.5 1
8050.5 0
8051.5 1
8052.5 1
8053.5 2
8054.5 2
8055.5 -1
8056.5 2
8057.5 0
8058.5 0
8059.5 0
8060.5 0
8061.5 1
8062.5 0
8063.5 1
8064.5 0
8065.5 -1
8066.5 2
8067.5 3
8068.5 -1
8069.5 0
8070.5 -2
8071.5 1
8072.5 0
8073.5 0
8074.5 5
8075.5 -1
8076.5 1
8077.5 -2
8078.5 2
8079.5 6
8080.5 -2
8081.5 -2
8082.5 11
8083.5 0
8084.5 -2
8085.5 6
8086.5 3
8087.5 -1
8088.5 -3
8089.5 0
8090.5 4
8091.5 -1
8092.5 4
8093.5 1
8094.5 2
8095.5 0
8096.5 2
8097.5 -1
8098.5 1
8099.5 2
8100.5 0
8101.5 0
8102.5 -4
8103.5 1
8104.5 0
8105.5 1
8106.5 0
8107.5 1
8108.5 1
8109.5 1
8110.5 -1
8111.5 0
8112.5 -1
8113.5 0
8114.5 1
8115.5 -1
8116.5 0
8117.5 -1
8118.5 0
8119.5 0
8120.5 1
8121.5 -1
8122.5 0
8123.5 0
8124.5 0
8125.5 1
8126.5 2
8127.5 2
8128.5 0
8129.5 -1
8130.5 -2
8131.5 1
8132.5 2
8133.5 1
8134.5 0
8135.5 -1
8136.5 2
8137.5 1
8138.5 1
8139.5 2
8140.5 1
8141.5 -2
8142.5 1
8143.5 1
8144.5 0
8145.5 1
8146.5 1
8147.5 0
8148.5 -1
8149.5 -2
8150.5 1
8151.5 1
8152.5 -2
8153.5 1
8154.5 -1
8155.5 -1
8156.5 0
8157.5 -1
8158.5 2
8159.5 1
8160.5 1
8161.5 -1
8162.5 -2
8163.5 0
8164.5 -1
8165.5 -1
8166.5 1
8167.5 -2
8168.5 1
8169.5 -1
8170.5 -1
8171.5 -1
8172.5 1
8173.5 1
8174.5 0
8175.5 0
8176.5 -1
8177.5 1
8178.5 0
8179.5 2
8180.5 0
8181.5 0
8182.5 0
8183.5 1
8184.5 1
8185.5 -1
8186.5 1
8187.5 0
8188.5 2
8189.5 -1
8190.5 0
8191.5 1
8192.5 1
8193.5 -1
8194.5 2
8195.5 -1
8196.5 0
8197.5 2
8198.5 1
8199.5 -1
8200.5 0
8201.5 1
8202.5 0
8203.5 0
8204.5 0
8205.5 1
8206.5 -1
8207.5 1
8208.5 -1
8209.5 -2
8210.5 1
8211.5 -3
8212.5 0
8213.5 0
8214.5 -2
8215.5 0
8216.5 -1
8217.5 -2
8218.5 1
8219.5 1
8220.5 0
8221.5 1
8222.5 0
8223.5 -1
8224.5 1
8225.5 -2
8226.5 -1
8227.5 2
8228.5 0
8229.5 0
8230.5 0
8231.5 -1
8232.5 2
8233.5 -2
8234.5 -2
8235.5 4
8236.5 1
8237.5 1
8238.5 0
8239.5 1
8240.5 0
8241.5 1
8242.5 0
8243.5 0
8244.5 0
8245.5 -2
8246.5 1
8247.5 1
8248.5 1
8249.5 -2
8250.5 2
8251.5 1
8252.5 0
8253.5 2
8254.5 0
8255.5 0
8256.5 0
8257.5 0
8258.5 0
8259.5 -1
8260.5 -1
8261.5 0
8262.5 -1
8263.5 0
8264.5 -1
8265.5 1
8266.5 1
8267.5 2
8268.5 -1
8269.5 1
8270.5 2
8271.5 1
8272.5 2
8273.5 -1
8274.5 1
8275.5 0
8276.5 1
8277.5 0
8278.5 0
8279.5 -2
8280.5 1
8281.5 3
8282.5 1
8283.5 -1
8284.5 -2
8285.5 -1
8286.5 -1
8287.5 1
8288.5 1
8289.5 -1
8290.5 0
8291.5 0
8292.5 0
8293.5 0
8294.5 0
8295.5 0
8296.5 0
8297.5 -1
8298.5 1
8299.5 0
8300.5 0
8301.5 0
8302.5 1
8303.5 0
8304.5 0
8305.5 0
8306.5 0
8307.5 -1
8308.5 1
8309.5 1
8310.5 -2
8311.5 0
8312.5 0
8313.5 0
8314.5 1
8315.5 0
8316.5 0
8317.5 0
8318.5 0
8319.5 0
8320.5 0
8321.5 -1
8322.5 0
8323.5 0
8324.5 0
8325.5 0
8326.5 0
8327.5 0
8328.5 0
8329.5 0
8330.5 0
8331.5 1
8332.5 0
8333.5 -1
8334.5 0
8335.5 2
8336.5 1
8337.5 0
8338.5 2
8339.5 0
8340.5 -1
8341.5 -1
8342.5 0
8343.5 1
8344.5 -1
8345.5 -1
8346.5 0
8347.5 -1
8348.5 2
8349.5 1
8350.5 2
8351.5 1
8352.5 1
8353.5 0
8354.5 0
8355.5 -1
8356.5 0
8357.5 -1
8358.5 1
8359.5 0
8360.5 -1
8361.5 0
8362.5 -1
8363.5 1
8364.5 0
8365.5 1
8366.5 -1
8367.5 1
8368.5 0
8369.5 0
8370.5 0
8371.5 -1
8372.5 -1
8373.5 2
8374.5 0
8375.5 2
8376.5 -1
8377.5 -1
8378.5 0
8379.5 -1
8380.5 1
8381.5 0
8382.5 0
8383.5 1
8384.5 0
8385.5 0
8386.5 1
8387.5 0
8388.5 -1
8389.5 0
8390.5 0
8391.5 1
8392.5 -1
8393.5 0
8394.5 0
8395.5 1
8396.5 0
8397.5 0
8398.5 0
8399.5 0
8400.5 2
8401.5 -2
8402.5 0
8403.5 0
8404.5 0
8405.5 0
8406.5 0
8407.5 0
8408.5 1
8409.5 -1
8410.5 0
8411.5 1
8412.5 1
8413.5 0
8414.5 3
8415.5 1
8416.5 0
8417.5 -1
8418.5 0
8419.5 -2
8420.5 0
8421.5 -1
8422.5 -1
8423.5 -1
8424.5 0
8425.5 -1
8426.5 2
8427.5 -1
8428.5 0
8429.5 0
8430.5 -1
8431.5 -1
8432.5 0
8433.5 -1
8434.5 -1
8435.5 0
8436.5 0
8437.5 0
8438.5 2
8439.5 1
8440.5 0
8441.5 0
8442.5 1
8443.5 0
8444.5 2
8445.5 0
8446.5 0
8447.5 -1
8448.5 0
8449.5 0
8450.5 0
8451.5 -1
8452.5 0
8453.5 0
8454.5 1
8455.5 0
8456.5 0
8457.5 -1
8458.5 0
8459.5 0
8460.5 0
8461.5 0
8462.5 0
8463.5 0
8464.5 -1
8465.5 -1
8466.5 1
8467.5 0
8468.5 0
8469.5 0
8470.5 -1
8471.5 0
8472.5 -2
8473.5 -1
8474.5 0
8475.5 -1
8476.5 -2
8477.5 0
8478.5 0
8479.5 2
8480.5 0
8481.5 0
8482.5 0
8483.5 0
8484.5 0
8485.5 1
8486.5 1
8487.5 0
8488.5 -1
8489.5 1
8490.5 1
8491.5 0
8492.5 1
8493.5 3
8494.5 1
8495.5 4
8496.5 4
8497.5 0
8498.5 3
8499.5 4
8500.5 8
8501.5 1
8502.5 5
8503.5 5
8504.5 0
8505.5 2
8506.5 -1
8507.5 0
8508.5 1
8509.5 0
8510.5 1
8511.5 0
8512.5 0
8513.5 1
8514.5 2
8515.5 0
8516.5 0
8517.5 0
8518.5 3
8519.5 0
8520.5 -1
8521.5 0
8522.5 1
8523.5 -1
8524.5 0
8525.5 -1
8526.5 0
8527.5 0
8528.5 0
8529.5 1
8530.5 0
8531.5 0
8532.5 0
8533.5 -3
8534.5 -1
8535.5 0
8536.5 1
8537.5 1
8538.5 0
8539.5 1
8540.5 0
8541.5 0
8542.5 1
8543.5 -1
8544.5 1
8545.5 0
8546.5 0
8547.5 -1
8548.5 0
8549.5 -1
8550.5 -1
8551.5 0
8552.5 1
8553.5 0
8554.5 0
8555.5 1
8556.5 1
8557.5 -1
8558.5 0
8559.5 0
8560.5 1
8561.5 0
8562.5 1
8563.5 1
8564.5 1
8565.5 0
8566.5 0
8567.5 0
8568.5 0
8569.5 0
8570.5 2
8571.5 0
8572.5 0
8573.5 2
8574.5 0
8575.5 0
8576.5 0
8577.5 -1
8578.5 0
8579.5 0
8580.5 -1
8581.5 0
8582.5 -1
8583.5 1
8584.5 0
8585.5 1
8586.5 0
8587.5 0
8588.5 0
8589.5 2
8590.5 1
8591.5 1
8592.5 0
8593.5 -2
8594.5 1
8595.5 0
8596.5 0
8597.5 -1
8598.5 -2
8599.5 1
8600.5 1
8601.5 1
8602.5 0
8603.5 0
8604.5 0
8605.5 0
8606.5 -1
8607.5 0
8608.5 0
8609.5 0
8610.5 1
8611.5 0
8612.5 -2
8613.5 0
8614.5 0
8615.5 0
8616.5 -1
8617.5 -1
8618.5 -1
8619.5 0
8620.5 0
8621.5 0
8622.5 0
8623.5 0
8624.5 0
8625.5 -1
8626.5 0
8627.5 0
8628.5 1
8629.5 0
8630.5 0
8631.5 0
8632.5 -1
8633.5 2
8634.5 0
8635.5 0
8636.5 -1
8637.5 -1
8638.5 0
8639.5 0
8640.5 0
8641.5 0
8642.5 -1
8643.5 0
8644.5 1
8645.5 0
8646.5 0
8647.5 1
8648.5 0
8649.5 0
8650.5 -2
8651.5 0
8652.5 -1
8653.5 0
8654.5 1
8655.5 1
8656.5 0
8657.5 0
8658.5 1
8659.5 1
8660.5 0
8661.5 0
8662.5 0
8663.5 0
8664.5 0
8665.5 0
8666.5 1
8667.5 -1
8668.5 1
8669.5 1
8670.5 1
8671.5 1
8672.5 -1
8673.5 0
8674.5 0
8675.5 0
8676.5 0
8677.5 0
8678.5 -1
8679.5 0
8680.5 0
8681.5 0
8682.5 1
8683.5 0
8684.5 0
8685.5 1
8686.5 0
8687.5 -1
8688.5 0
8689.5 0
8690.5 0
8691.5 0
8692.5 0
8693.5 0
8694.5 1
8695.5 1
8696.5 0
8697.5 0
8698.5 0
8699.5 0
8700.5 0
8701.5 0
8702.5 0
8703.5 1
8704.5 0
8705.5 -1
8706.5 -1
8707.5 0
8708.5 -1
8709.5 1
8710.5 0
8711.5 0
8712.5 0
8713.5 1
8714.5 0
8715.5 0
8716.5 -2
8717.5 0
8718.5 0
8719.5 0
8720.5 0
8721.5 0
8722.5 2
8723.5 0
8724.5 0
8725.5 0
8726.5 1
8727.5 1
8728.5 0
8729.5 0
8730.5 0
8731.5 2
8732.5 1
8733.5 1
8734.5 -1
8735.5 0
8736.5 0
8737.5 -2
8738.5 0
8739.5 0
8740.5 0
8741.5 0
8742.5 0
8743.5 0
8744.5 0
8745.5 0
8746.5 1
8747.5 0
8748.5 0
8749.5 0
8750.5 2
8751.5 0
8752.5 0
8753.5 0
8754.5 0
8755.5 0
8756.5 0
8757.5 0
8758.5 0
8759.5 0
8760.5 0
8761.5 -2
8762.5 0
8763.5 0
8764.5 0
8765.5 0
8766.5 0
8767.5 0
8768.5 0
8769.5 0
8770.5 0
8771.5 1
8772.5 2
8773.5 1
8774.5 0
8775.5 0
8776.5 1
8777.5 0
8778.5 -1
8779.5 -1
8780.5 -1
8781.5 -1
8782.5 0
8783.5 0
8784.5 -1
8785.5 -1
8786.5 1
8787.5 0
8788.5 0
8789.5 1
8790.5 0
8791.5 1
8792.5 0
8793.5 0
8794.5 0
8795.5 0
8796.5 0
8797.5 0
8798.5 1
8799.5 0
8800.5 0
8801.5 0
8802.5 0
8803.5 -1
8804.5 0
8805.5 0
8806.5 0
8807.5 0
8808.5 -1
8809.5 0
8810.5 -1
8811.5 0
8812.5 0
8813.5 0
8814.5 0
8815.5 0
8816.5 0
8817.5 0
8818.5 1
8819.5 0
8820.5 0
8821.5 0
8822.5 0
8823.5 0
8824.5 -1
8825.5 0
8826.5 0
8827.5 0
8828.5 -1
8829.5 0
8830.5 0
8831.5 0
8832.5 -1
8833.5 -1
8834.5 0
8835.5 0
8836.5 0
8837.5 -3
8838.5 1
8839.5 0
8840.5 0
8841.5 2
8842.5 0
8843.5 0
8844.5 2
8845.5 -2
8846.5 2
8847.5 1
8848.5 2
8849.5 -1
8850.5 0
8851.5 1
8852.5 0
8853.5 1
8854.5 1
8855.5 0
8856.5 -1
8857.5 0
8858.5 0
8859.5 0
8860.5 1
8861.5 0
8862.5 0
8863.5 0
8864.5 0
8865.5 0
8866.5 0
8867.5 0
8868.5 0
8869.5 -2
8870.5 0
8871.5 0
8872.5 0
8873.5 0
8874.5 0
8875.5 0
8876.5 0
8877.5 0
8878.5 0
8879.5 0
8880.5 0
8881.5 0
8882.5 0
8883.5 -1
8884.5 0
8885.5 0
8886.5 -1
8887.5 0
8888.5 0
8889.5 0
8890.5 0
8891.5 -2
8892.5 0
8893.5 0
8894.5 0
8895.5 0
8896.5 0
8897.5 1
8898.5 -1
8899.5 -1
8900.5 0
8901.5 1
8902.5 0
8903.5 -1
8904.5 0
8905.5 0
8906.5 -2
8907.5 -1
8908.5 1
8909.5 0
8910.5 -1
8911.5 0
8912.5 0
8913.5 1
8914.5 -1
8915.5 1
8916.5 0
8917.5 0
8918.5 0
8919.5 0
8920.5 1
8921.5 0
8922.5 -1
8923.5 0
8924.5 1
8925.5 0
8926.5 0
8927.5 -1
8928.5 0
8929.5 -1
8930.5 0
8931.5 0
8932.5 -1
8933.5 0
8934.5 0
8935.5 0
8936.5 0
8937.5 1
8938.5 0
8939.5 1
8940.5 1
8941.5 1
8942.5 0
8943.5 0
8944.5 0
8945.5 0
8946.5 0
8947.5 0
8948.5 1
8949.5 0
8950.5 1
8951.5 0
8952.5 0
8953.5 0
8954.5 -1
8955.5 -1
8956.5 0
8957.5 -1
8958.5 1
8959.5 -1
8960.5 -1
8961.5 0
8962.5 -1
8963.5 0
8964.5 -1
8965.5 2
8966.5 1
8967.5 0
8968.5 0
8969.5 -2
8970.5 0
8971.5 0
8972.5 0
8973.5 1
8974.5 -1
8975.5 0
8976.5 0
8977.5 0
8978.5 0
8979.5 0
8980.5 0
8981.5 0
8982.5 1
8983.5 0
8984.5 0
8985.5 0
8986.5 1
8987.5 0
8988.5 1
8989.5 0
8990.5 0
8991.5 0
8992.5 0
8993.5 0
8994.5 0
8995.5 0
8996.5 -1
8997.5 0
8998.5 1
8999.5 -1
9000.5 0
9001.5 1
9002.5 -1
9003.5 0
9004.5 -1
9005.5 1
9006.5 1
9007.5 0
9008.5 0
9009.5 0
9010.5 0
9011.5 0
9012.5 0
9013.5 0
9014.5 0
9015.5 0
9016.5 1
9017.5 0
9018.5 -1
9019.5 1
9020.5 0
9021.5 -1
9022.5 0
9023.5 0
9024.5 0
9025.5 0
9026.5 0
9027.5 0
9028.5 -1
9029.5 0
9030.5 0
9031.5 0
9032.5 0
9033.5 0
9034.5 0
9035.5 0
9036.5 0
9037.5 0
9038.5 0
9039.5 0
9040.5 0
9041.5 0
9042.5 0
9043.5 0
9044.5 0
9045.5 -2
9046.5 1
9047.5 0
9048.5 -1
9049.5 1
9050.5 0
9051.5 0
9052.5 0
9053.5 0
9054.5 0
9055.5 1
9056.5 0
9057.5 0
9058.5 0
9059.5 0
9060.5 0
9061.5 0
9062.5 1
9063.5 0
9064.5 0
9065.5 0
9066.5 0
9067.5 0
9068.5 1
9069.5 0
9070.5 0
9071.5 1
9072.5 0
9073.5 0
9074.5 -1
9075.5 0
9076.5 0
9077.5 0
9078.5 0
9079.5 0
9080.5 1
9081.5 1
9082.5 0
9083.5 0
9084.5 0
9085.5 -1
9086.5 0
9087.5 -1
9088.5 -1
9089.5 0
9090.5 1
9091.5 0
9092.5 0
9093.5 0
9094.5 0
9095.5 -1
9096.5 0
9097.5 0
9098.5 0
9099.5 -1
9100.5 -1
9101.5 0
9102.5 0
9103.5 1
9104.5 1
9105.5 0
9106.5 0
9107.5 0
9108.5 -1
9109.5 -1
9110.5 -1
9111.5 0
9112.5 -1
9113.5 1
9114.5 0
9115.5 0
9116.5 -1
9117.5 0
9118.5 1
9119.5 0
9120.5 0
9121.5 1
9122.5 0
9123.5 -1
9124.5 0
9125.5 0
9126.5 0
9127.5 0
9128.5 0
9129.5 1
9130.5 -1
9131.5 0
9132.5 0
9133.5 0
9134.5 1
9135.5 1
9136.5 0
9137.5 0
9138.5 0
9139.5 0
9140.5 -1
9141.5 0
9142.5 0
9143.5 0
9144.5 0
9145.5 0
9146.5 0
9147.5 0
9148.5 0
9149.5 0
9150.5 0
9151.5 1
9152.5 0
9153.5 1
9154.5 0
9155.5 1
9156.5 -1
9157.5 0
9158.5 0
9159.5 1
9160.5 0
9161.5 1
9162.5 0
9163.5 0
9164.5 1
9165.5 0
9166.5 0
9167.5 0
9168.5 1
9169.5 -1
9170.5 0
9171.5 0
9172.5 0
9173.5 0
9174.5 0
9175.5 1
9176.5 0
9177.5 0
9178.5 0
9179.5 1
9180.5 0
9181.5 0
9182.5 0
9183.5 1
9184.5 0
9185.5 0
9186.5 0
9187.5 0
9188.5 0
9189.5 0
9190.5 0
9191.5 0
9192.5 0
9193.5 0
9194.5 0
9195.5 0
9196.5 0
9197.5 1
9198.5 0
9199.5 1
9200.5 0
9201.5 0
9202.5 0
9203.5 -1
9204.5 0
9205.5 0
9206.5 1
9207.5 0
9208.5 1
9209.5 0
9210.5 1
9211.5 -1
9212.5 -1
9213.5 0
9214.5 -2
9215.5 1
9216.5 0
9217.5 0
9218.5 0
9219.5 0
9220.5 0
9221.5 0
9222.5 2
9223.5 0
9224.5 0
9225.5 -1
9226.5 1
9227.5 -1
9228.5 0
9229.5 0
9230.5 0
9231.5 1
9232.5 0
9233.5 0
9234.5 0
9235.5 -1
9236.5 0
9237.5 0
9238.5 0
9239.5 0
9240.5 1
9241.5 0
9242.5 1
9243.5 -1
9244.5 0
9245.5 0
9246.5 -1
9247.5 1
9248.5 0
9249.5 0
9250.5 0
9251.5 0
9252.5 0
9253.5 0
9254.5 -1
9255.5 0
9256.5 0
9257.5 0
9258.5 0
9259.5 -1
9260.5 0
9261.5 0
9262.5 0
9263.5 0
9264.5 0
9265.5 0
9266.5 0
9267.5 0
9268.5 0
9269.5 0
9270.5 0
9271.5 0
9272.5 -1
9273.5 0
9274.5 0
9275.5 -1
9276.5 0
9277.5 -1
9278.5 0
9279.5 0
9280.5 -1
9281.5 0
9282.5 0
9283.5 0
9284.5 0
9285.5 1
9286.5 -1
9287.5 0
9288.5 0
9289.5 1
9290.5 0
9291.5 0
9292.5 0
9293.5 -1
9294.5 0
9295.5 -1
9296.5 0
9297.5 -1
9298.5 0
9299.5 -1
9300.5 0
9301.5 0
9302.5 0
9303.5 -2
9304.5 0
9305.5 0
9306.5 0
9307.5 0
9308.5 -1
9309.5 0
9310.5 0
9311.5 0
9312.5 0
9313.5 0
9314.5 0
9315.5 0
9316.5 0
9317.5 0
9318.5 -1
9319.5 1
9320.5 -1
9321.5 2
9322.5 0
9323.5 0
9324.5 0
9325.5 1
9326.5 1
9327.5 0
9328.5 0
9329.5 0
9330.5 0
9331.5 0
9332.5 0
9333.5 -1
9334.5 1
9335.5 0
9336.5 0
9337.5 0
9338.5 1
9339.5 1
9340.5 0
9341.5 0
9342.5 -1
9343.5 1
9344.5 0
9345.5 0
9346.5 0
9347.5 0
9348.5 0
9349.5 -1
9350.5 0
9351.5 0
9352.5 0
9353.5 0
9354.5 -1
9355.5 0
9356.5 0
9357.5 -1
9358.5 0
9359.5 0
9360.5 0
9361.5 1
9362.5 -1
9363.5 0
9364.5 0
9365.5 0
9366.5 0
9367.5 -1
9368.5 -1
9369.5 0
9370.5 0
9371.5 0
9372.5 0
9373.5 0
9374.5 0
9375.5 -1
9376.5 0
9377.5 0
9378.5 0
9379.5 0
9380.5 0
9381.5 0
9382.5 0
9383.5 0
9384.5 0
9385.5 0
9386.5 0
9387.5 0
9388.5 0
9389.5 0
9390.5 0
9391.5 0
9392.5 -1
9393.5 0
9394.5 0
9395.5 0
9396.5 -1
9397.5 1
9398.5 -1
9399.5 0
9400.5 0
9401.5 0
9402.5 0
9403.5 0
9404.5 0
9405.5 0
9406.5 0
9407.5 -1
9408.5 0
9409.5 0
9410.5 0
9411.5 0
9412.5 1
9413.5 0
9414.5 0
9415.5 0
9416.5 0
9417.5 0
9418.5 -1
9419.5 0
9420.5 0
9421.5 1
9422.5 0
9423.5 0
9424.5 0
9425.5 0
9426.5 1
9427.5 0
9428.5 0
9429.5 0
9430.5 -3
9431.5 0
9432.5 1
9433.5 0
9434.5 0
9435.5 0
9436.5 0
9437.5 1
9438.5 0
9439.5 0
9440.5 1
9441.5 -2
9442.5 0
9443.5 1
9444.5 0
9445.5 -1
9446.5 1
9447.5 0
9448.5 0
9449.5 0
9450.5 0
9451.5 0
9452.5 0
9453.5 -1
9454.5 0
9455.5 0
9456.5 0
9457.5 1
9458.5 0
9459.5 0
9460.5 0
9461.5 0
9462.5 0
9463.5 0
9464.5 0
9465.5 -1
9466.5 0
9467.5 0
9468.5 0
9469.5 0
9470.5 0
9471.5 0
9472.5 -1
9473.5 0
9474.5 -1
9475.5 0
9476.5 0
9477.5 0
9478.5 0
9479.5 -2
9480.5 0
9481.5 1
9482.5 1
9483.5 0
9484.5 0
9485.5 0
9486.5 0
9487.5 0
9488.5 0
9489.5 0
9490.5 1
9491.5 0
9492.5 0
9493.5 0
9494.5 0
9495.5 -1
9496.5 0
9497.5 0
9498.5 0
9499.5 0
9500.5 0
9501.5 0
9502.5 1
9503.5 1
9504.5 0
9505.5 0
9506.5 0
9507.5 0
9508.5 0
9509.5 0
9510.5 1
9511.5 0
9512.5 0
9513.5 1
9514.5 0
9515.5 0
9516.5 0
9517.5 0
9518.5 0
9519.5 0
9520.5 1
9521.5 0
9522.5 0
9523.5 0
9524.5 0
9525.5 0
9526.5 0
9527.5 0
9528.5 0
9529.5 -1
9530.5 0
9531.5 0
9532.5 0
9533.5 0
9534.5 1
9535.5 -1
9536.5 1
9537.5 0
9538.5 0
9539.5 0
9540.5 0
9541.5 0
9542.5 0
9543.5 0
9544.5 0
9545.5 0
9546.5 0
9547.5 0
9548.5 0
9549.5 -1
9550.5 0
9551.5 -1
9552.5 -1
9553.5 0
9554.5 0
9555.5 0
9556.5 1
9557.5 0
9558.5 0
9559.5 0
9560.5 0
9561.5 0
9562.5 0
9563.5 0
9564.5 -1
9565.5 0
9566.5 0
9567.5 0
9568.5 0
9569.5 0
9570.5 0
9571.5 0
9572.5 0
9573.5 0
9574.5 0
9575.5 0
9576.5 0
9577.5 0
9578.5 0
9579.5 0
9580.5 0
9581.5 0
9582.5 0
9583.5 0
9584.5 0
9585.5 0
9586.5 0
9587.5 0
9588.5 0
9589.5 0
9590.5 0
9591.5 0
9592.5 0
9593.5 0
9594.5 -1
9595.5 1
9596.5 0
9597.5 0
9598.5 0
9599.5 0
9600.5 1
9601.5 0
9602.5 0
9603.5 0
9604.5 0
9605.5 0
9606.5 1
9607.5 0
9608.5 0
9609.5 0
9610.5 1
9611.5 0
9612.5 0
9613.5 1
9614.5 0
9615.5 0
9616.5 -1
9617.5 0
9618.5 0
9619.5 0
9620.5 -1
9621.5 0
9622.5 1
9623.5 0
9624.5 0
9625.5 0
9626.5 0
9627.5 1
9628.5 0
9629.5 0
9630.5 0
9631.5 0
9632.5 1
9633.5 0
9634.5 0
9635.5 0
9636.5 0
9637.5 0
9638.5 0
9639.5 0
9640.5 0
9641.5 0
9642.5 0
9643.5 0
9644.5 1
9645.5 0
9646.5 0
9647.5 0
9648.5 0
9649.5 0
9650.5 -1
9651.5 0
9652.5 0
9653.5 0
9654.5 0
9655.5 0
9656.5 -1
9657.5 0
9658.5 0
9659.5 -1
9660.5 0
9661.5 0
9662.5 0
9663.5 0
9664.5 0
9665.5 0
9666.5 0
9667.5 0
9668.5 0
9669.5 0
9670.5 0
9671.5 0
9672.5 0
9673.5 0
9674.5 0
9675.5 0
9676.5 1
9677.5 0
9678.5 0
9679.5 0
9680.5 0
9681.5 0
9682.5 0
9683.5 0
9684.5 0
9685.5 0
9686.5 -1
9687.5 0
9688.5 0
9689.5 1
9690.5 0
9691.5 0
9692.5 0
9693.5 0
9694.5 -1
9695.5 0
9696.5 0
9697.5 -1
9698.5 0
9699.5 0
9700.5 0
9701.5 0
9702.5 0
9703.5 0
9704.5 0
9705.5 0
9706.5 0
9707.5 0
9708.5 0
9709.5 -1
9710.5 0
9711.5 0
9712.5 0
9713.5 0
9714.5 0
9715.5 0
9716.5 0
9717.5 0
9718.5 0
9719.5 0
9720.5 2
9721.5 0
9722.5 1
9723.5 0
9724.5 0
9725.5 0
9726.5 0
9727.5 -1
9728.5 0
9729.5 0
9730.5 0
9731.5 0
9732.5 0
9733.5 0
9734.5 0
9735.5 0
9736.5 0
9737.5 0
9738.5 0
9739.5 -1
9740.5 0
9741.5 1
9742.5 0
9743.5 0
9744.5 0
9745.5 0
9746.5 0
9747.5 0
9748.5 0
9749.5 0
9750.5 0
9751.5 0
9752.5 -1
9753.5 -1
9754.5 0
9755.5 0
9756.5 0
9757.5 0
9758.5 0
9759.5 0
9760.5 0
9761.5 1
9762.5 0
9763.5 0
9764.5 0
9765.5 0
9766.5 0
9767.5 0
9768.5 0
9769.5 0
9770.5 0
9771.5 1
9772.5 0
9773.5 0
9774.5 0
9775.5 0
9776.5 0
9777.5 0
9778.5 0
9779.5 0
9780.5 0
9781.5 0
9782.5 0
9783.5 0
9784.5 0
9785.5 0
9786.5 0
9787.5 0
9788.5 0
9789.5 0
9790.5 0
9791.5 0
9792.5 0
9793.5 0
9794.5 0
9795.5 0
9796.5 0
9797.5 0
9798.5 -1
9799.5 0
9800.5 0
9801.5 0
9802.5 0
9803.5 0
9804.5 0
9805.5 0
9806.5 0
9807.5 0
9808.5 0
9809.5 0
9810.5 0
9811.5 0
9812.5 0
9813.5 0
9814.5 0
9815.5 0
9816.5 0
9817.5 0
9818.5 0
9819.5 0
9820.5 0
9821.5 0
9822.5 0
9823.5 0
9824.5 0
9825.5 1
9826.5 0
9827.5 0
9828.5 0
9829.5 0
9830.5 0
9831.5 0
9832.5 0
9833.5 0
9834.5 0
9835.5 0
9836.5 0
9837.5 0
9838.5 0
9839.5 0
9840.5 0
9841.5 0
9842.5 0
9843.5 0
9844.5 0
9845.5 0
9846.5 0
9847.5 0
9848.5 0
9849.5 -1
9850.5 0
9851.5 1
9852.5 -1
9853.5 0
9854.5 0
9855.5 0
9856.5 -1
9857.5 0
9858.5 0
9859.5 0
9860.5 0
9861.5 0
9862.5 -1
9863.5 0
9864.5 0
9865.5 0
9866.5 0
9867.5 0
9868.5 0
9869.5 -1
9870.5 0
9871.5 0
9872.5 0
9873.5 0
9874.5 0
9875.5 0
9876.5 0
9877.5 0
9878.5 0
9879.5 0
9880.5 0
9881.5 0
9882.5 0
9883.5 0
9884.5 0
9885.5 0
9886.5 0
9887.5 0
9888.5 0
9889.5 -2
9890.5 0
9891.5 0
9892.5 0
9893.5 0
9894.5 0
9895.5 0
9896.5 0
9897.5 0
9898.5 0
9899.5 0
9900.5 0
9901.5 0
9902.5 0
9903.5 0
9904.5 -1
9905.5 0
9906.5 0
9907.5 0
9908.5 0
9909.5 0
9910.5 0
9911.5 -2
9912.5 0
9913.5 0
9914.5 0
9915.5 0
9916.5 0
9917.5 0
9918.5 0
9919.5 0
9920.5 1
9921.5 0
9922.5 0
9923.5 0
9924.5 0
9925.5 0
9926.5 0
9927.5 0
9928.5 0
9929.5 0
9930.5 0
9931.5 -1
9932.5 -1
9933.5 0
9934.5 0
9935.5 0
9936.5 0
9937.5 0
9938.5 0
9939.5 0
9940.5 0
9941.5 0
9942.5 0
9943.5 0
9944.5 1
9945.5 0
9946.5 0
9947.5 0
9948.5 0
9949.5 0
9950.5 1
9951.5 0
9952.5 0
9953.5 0
9954.5 0
9955.5 0
9956.5 0
9957.5 0
9958.5 0
9959.5 0
9960.5 0
9961.5 0
9962.5 0
9963.5 0
9964.5 0
9965.5 0
9966.5 1
9967.5 1
9968.5 0
9969.5 -1
9970.5 0
9971.5 0
9972.5 0
9973.5 0
9974.5 0
9975.5 0
9976.5 0
9977.5 0
9978.5 0
9979.5 0
9980.5 0
9981.5 0
9982.5 0
9983.5 0
9984.5 0
9985.5 0
9986.5 0
9987.5 -1
9988.5 0
9989.5 0
9990.5 0
9991.5 0
9992.5 0
9993.5 0
9994.5 0
9995.5 0
9996.5 0
9997.5 0
9998.5 0
9999.5 0
10000.5 0
10001.5 0
10002.5 0
10003.5 0
10004.5 0
10005.5 0
10006.5 0
10007.5 0
10008.5 0
10009.5 0
10010.5 0
10011.5 0
10012.5 0
10013.5 0
10014.5 0
10015.5 0
10016.5 1
10017.5 0
10018.5 0
10019.5 0
10020.5 0
10021.5 0
10022.5 0
10023.5 0
10024.5 0
10025.5 1
10026.5 0
10027.5 0
10028.5 0
10029.5 0
10030.5 0
10031.5 0
10032.5 0
10033.5 0
10034.5 0
10035.5 0
10036.5 0
10037.5 0
10038.5 0
10039.5 0
10040.5 0
10041.5 0
10042.5 0
10043.5 1
10044.5 0
10045.5 0
10046.5 -1
10047.5 0
10048.5 0
10049.5 0
10050.5 0
10051.5 0
10052.5 0
10053.5 0
10054.5 0
10055.5 0
10056.5 0
10057.5 0
10058.5 0
10059.5 0
10060.5 0
10061.5 0
10062.5 0
10063.5 0
10064.5 0
10065.5 0
10066.5 0
10067.5 0
10068.5 0
10069.5 0
10070.5 0
10071.5 0
10072.5 0
10073.5 0
10074.5 0
10075.5 0
10076.5 0
10077.5 0
10078.5 0
10079.5 0
10080.5 0
10081.5 0
10082.5 0
10083.5 0
10084.5 0
10085.5 0
10086.5 0
10087.5 0
10088.5 0
10089.5 0
10090.5 0
10091.5 0
10092.5 0
10093.5 0
10094.5 0
10095.5 0
10096.5 0
10097.5 0
10098.5 0
10099.5 0
10100.5 0
10101.5 0
10102.5 0
10103.5 0
10104.5 -1
10105.5 0
10106.5 0
10107.5 0
10108.5 0
10109.5 1
10110.5 0
10111.5 0
10112.5 0
10113.5 0
10114.5 0
10115.5 0
10116.5 0
10117.5 0
10118.5 0
10119.5 0
10120.5 0
10121.5 0
10122.5 0
10123.5 0
10124.5 0
10125.5 0
10126.5 0
10127.5 0
10128.5 0
10129.5 0
10130.5 0
10131.5 0
10132.5 0
10133.5 0
10134.5 0
10135.5 0
10136.5 0
10137.5 0
10138.5 0
10139.5 1
10140.5 0
10141.5 0
10142.5 0
10143.5 0
10144.5 0
10145.5 0
10146.5 0
10147.5 0
10148.5 0
10149.5 0
10150.5 0
10151.5 0
10152.5 0
10153.5 0
10154.5 0
10155.5 0
10156.5 0
10157.5 0
10158.5 0
10159.5 0
10160.5 0
10161.5 0
10162.5 0
10163.5 0
10164.5 0
10165.5 0
10166.5 0
10167.5 0
10168.5 0
10169.5 0
10170.5 0
10171.5 0
10172.5 0
10173.5 0
10174.5 0
10175.5 0
10176.5 0
10177.5 0
10178.5 0
10179.5 0
10180.5 0
10181.5 0
10182.5 0
10183.5 0
10184.5 0
10185.5 0
10186.5 0
10187.5 0
10188.5 0
10189.5 0
10190.5 1
10191.5 0
10192.5 0
10193.5 0
10194.5 0
10195.5 0
10196.5 0
10197.5 0
10198.5 0
10199.5 0
10200.5 0
10201.5 0
10202.5 0
10203.5 0
10204.5 0
10205.5 0
10206.5 0
10207.5 0
10208.5 0
10209.5 0
10210.5 0
10211.5 0
10212.5 0
10213.5 0
10214.5 1
10215.5 0
10216.5 0
10217.5 0
10218.5 0
10219.5 0
10220.5 0
10221.5 0
10222.5 0
10223.5 0
10224.5 0
10225.5 0
10226.5 0
10227.5 0
10228.5 0
10229.5 0
10230.5 -1
10231.5 0
10232.5 0
10233.5 0
10234.5 0
10235.5 0
10236.5 0
10237.5 0
10238.5 0
10239.5 0
10240.5 -1
10241.5 -1
10242.5 0
10243.5 0
10244.5 0
10245.5 0
10246.5 0
10247.5 0
10248.5 0
10249.5 0
10250.5 0
10251.5 0
10252.5 0
10253.5 0
10254.5 0
10255.5 0
10256.5 0
10257.5 0
10258.5 0
10259.5 0
10260.5 0
10261.5 0
10262.5 0
10263.5 0
10264.5 0
10265.5 0
10266.5 0
10267.5 0
10268.5 0
10269.5 2
10270.5 0
10271.5 0
10272.5 0
10273.5 0
10274.5 0
10275.5 0
10276.5 0
10277.5 0
10278.5 0
10279.5 0
10280.5 0
10281.5 0
10282.5 0
10283.5 0
10284.5 0
10285.5 0
10286.5 0
10287.5 0
10288.5 0
10289.5 0
10290.5 0
10291.5 0
10292.5 0
10293.5 0
10294.5 0
10295.5 0
10296.5 0
10297.5 0
10298.5 0
10299.5 0
10300.5 0
10301.5 0
10302.5 0
10303.5 0
10304.5 0
10305.5 0
10306.5 0
10307.5 0
10308.5 0
10309.5 0
10310.5 0
10311.5 0
10312.5 0
10313.5 0
10314.5 0
10315.5 0
10316.5 -1
10317.5 0
10318.5 1
10319.5 0
10320.5 0
10321.5 0
10322.5 0
10323.5 0
10324.5 0
10325.5 0
10326.5 0
10327.5 0
10328.5 0
10329.5 0
10330.5 0
10331.5 0
10332.5 -1
10333.5 0
10334.5 0
10335.5 0
10336.5 0
10337.5 0
10338.5 0
10339.5 0
10340.5 0
10341.5 0
10342.5 0
10343.5 0
10344.5 0
10345.5 -1
10346.5 0
10347.5 0
10348.5 0
10349.5 0
10350.5 1
10351.5 0
10352.5 0
10353.5 0
10354.5 0
10355.5 0
10356.5 0
10357.5 0
10358.5 0
10359.5 0
10360.5 0
10361.5 0
10362.5 0
10363.5 0
10364.5 0
10365.5 0
10366.5 0
10367.5 0
10368.5 0
10369.5 0
10370.5 0
10371.5 0
10372.5 0
10373.5 0
10374.5 0
10375.5 0
10376.5 0
10377.5 0
10378.5 0
10379.5 0
10380.5 0
10381.5 0
10382.5 0
10383.5 0
10384.5 0
10385.5 0
10386.5 0
10387.5 0
10388.5 0
10389.5 0
10390.5 0
10391.5 0
10392.5 0
10393.5 0
10394.5 0
10395.5 0
10396.5 0
10397.5 0
10398.5 0
10399.5 1
10400.5 0
10401.5 0
10402.5 -1
10403.5 -1
10404.5 0
10405.5 0
10406.5 0
10407.5 -1
10408.5 0
10409.5 0
10410.5 0
10411.5 0
10412.5 0
10413.5 0
10414.5 0
10415.5 0
10416.5 0
10417.5 0
10418.5 0
10419.5 0
10420.5 0
10421.5 0
10422.5 0
10423.5 0
10424.5 0
10425.5 0
10426.5 0
10427.5 0
10428.5 0
10429.5 0
10430.5 0
10431.5 0
10432.5 0
10433.5 0
10434.5 0
10435.5 0
10436.5 0
10437.5 0
10438.5 1
10439.5 0
10440.5 0
10441.5 0
10442.5 0
10443.5 0
10444.5 0
10445.5 0
10446.5 0
10447.5 0
10448.5 0
10449.5 0
10450.5 0
10451.5 0
10452.5 0
10453.5 0
10454.5 0
10455.5 0
10456.5 0
10457.5 0
10458.5 0
10459.5 0
10460.5 0
10461.5 0
10462.5 0
10463.5 0
10464.5 0
10465.5 0
10466.5 0
10467.5 0
10468.5 0
10469.5 0
10470.5 0
10471.5 0
10472.5 0
10473.5 0
10474.5 0
10475.5 0
10476.5 0
10477.5 0
10478.5 0
10479.5 0
10480.5 0
10481.5 0
10482.5 0
10483.5 0
10484.5 0
10485.5 0
10486.5 0
10487.5 0
10488.5 0
10489.5 0
10490.5 0
10491.5 0
10492.5 0
10493.5 0
10494.5 0
10495.5 0
10496.5 0
10497.5 0
10498.5 0
10499.5 0
10500.5 0
10501.5 0
10502.5 0
10503.5 0
10504.5 0
10505.5 0
10506.5 0
10507.5 0
10508.5 0
10509.5 0
10510.5 0
10511.5 0
10512.5 0
10513.5 0
10514.5 0
10515.5 0
10516.5 0
10517.5 0
10518.5 0
10519.5 0
10520.5 0
10521.5 0
10522.5 0
10523.5 0
10524.5 0
10525.5 0
10526.5 0
10527.5 0
10528.5 0
10529.5 0
10530.5 0
10531.5 0
10532.5 0
10533.5 0
10534.5 0
10535.5 0
10536.5 0
10537.5 0
10538.5 0
10539.5 0
10540.5 0
10541.5 0
10542.5 0
10543.5 0
10544.5 0
10545.5 0
10546.5 0
10547.5 0
10548.5 0
10549.5 0
10550.5 0
10551.5 0
10552.5 0
10553.5 0
10554.5 0
10555.5 0
10556.5 0
10557.5 0
10558.5 0
10559.5 0
10560.5 0
10561.5 0
10562.5 0
10563.5 0
10564.5 0
10565.5 0
10566.5 0
10567.5 0
10568.5 0
10569.5 0
10570.5 0
10571.5 1
10572.5 0
10573.5 0
10574.5 0
10575.5 0
10576.5 0
10577.5 0
10578.5 0
10579.5 0
10580.5 0
10581.5 0
10582.5 0
10583.5 0
10584.5 0
10585.5 0
10586.5 0
10587.5 0
10588.5 0
10589.5 0
10590.5 0
10591.5 0
10592.5 0
10593.5 0
10594.5 0
10595.5 0
10596.5 0
10597.5 0
10598.5 0
10599.5 0
10600.5 0
10601.5 0
10602.5 0
10603.5 0
10604.5 0
10605.5 0
10606.5 0
10607.5 0
10608.5 0
10609.5 0
10610.5 0
10611.5 0
10612.5 0
10613.5 0
10614.5 0
10615.5 0
10616.5 0
10617.5 0
10618.5 0
10619.5 0
10620.5 0
10621.5 0
10622.5 0
10623.5 0
10624.5 0
10625.5 0
10626.5 0
10627.5 0
10628.5 0
10629.5 0
10630.5 0
10631.5 0
10632.5 0
10633.5 0
10634.5 0
10635.5 0
10636.5 0
10637.5 0
10638.5 0
10639.5 0
10640.5 0
10641.5 0
10642.5 0
10643.5 0
10644.5 0
10645.5 0
10646.5 0
10647.5 0
10648.5 0
10649.5 0
10650.5 0
10651.5 0
10652.5 0
10653.5 0
10654.5 1
10655.5 0
10656.5 0
10657.5 0
10658.5 0
10659.5 0
10660.5 0
10661.5 0
10662.5 0
10663.5 0
10664.5 0
10665.5 0
10666.5 0
10667.5 0
10668.5 0
10669.5 0
10670.5 0
10671.5 0
10672.5 0
10673.5 0
10674.5 0
10675.5 0
10676.5 0
10677.5 0
10678.5 0
10679.5 0
10680.5 0
10681.5 0
10682.5 0
10683.5 0
10684.5 0
10685.5 0
10686.5 0
10687.5 0
10688.5 0
10689.5 0
10690.5 0
10691.5 0
10692.5 0
10693.5 0
10694.5 0
10695.5 0
10696.5 0
10697.5 0
10698.5 0
10699.5 -1
10700.5 0
10701.5 0
10702.5 0
10703.5 0
10704.5 0
10705.5 0
10706.5 0
10707.5 0
10708.5 0
10709.5 0
10710.5 0
10711.5 1
10712.5 0
10713.5 0
10714.5 0
10715.5 0
10716.5 0
10717.5 0
10718.5 0
10719.5 0
10720.5 0
10721.5 0
10722.5 0
10723.5 0
10724.5 0
10725.5 0
10726.5 0
10727.5 0
10728.5 0
10729.5 0
10730.5 0
10731.5 0
10732.5 0
10733.5 0
10734.5 0
10735.5 0
10736.5 0
10737.5 0
10738.5 0
10739.5 0
10740.5 0
10741.5 0
10742.5 0
10743.5 0
10744.5 0
10745.5 0
10746.5 0
10747.5 0
10748.5 0
10749.5 0
10750.5 0
10751.5 0
10752.5 0
10753.5 0
10754.5 0
10755.5 0
10756.5 0
10757.5 0
10758.5 0
10759.5 0
10760.5 0
10761.5 0
10762.5 0
10763.5 0
10764.5 1
10765.5 0
10766.5 0
10767.5 0
10768.5 0
10769.5 0
10770.5 0
10771.5 0
10772.5 0
10773.5 0
10774.5 0
10775.5 0
10776.5 0
10777.5 0
10778.5 0
10779.5 0
10780.5 0
10781.5 0
10782.5 0
10783.5 0
10784.5 0
10785.5 0
10786.5 0
10787.5 0
10788.5 0
10789.5 0
10790.5 0
10791.5 0
10792.5 0
10793.5 0
10794.5 0
10795.5 0
10796.5 0
10797.5 0
10798.5 0
10799.5 0
10800.5 0
10801.5 0
10802.5 0
10803.5 0
10804.5 0
10805.5 0
10806.5 0
10807.5 0
10808.5 0
10809.5 0
10810.5 0
10811.5 0
10812.5 0
10813.5 0
10814.5 0
10815.5 0
10816.5 0
10817.5 0
10818.5 0
10819.5 0
10820.5 0
10821.5 0
10822.5 0
10823.5 0
10824.5 0
10825.5 0
10826.5 0
10827.5 0
10828.5 0
10829.5 0
10830.5 0
10831.5 1
10832.5 -1
10833.5 0
10834.5 0
10835.5 0
10836.5 0
10837.5 0
10838.5 0
10839.5 0
10840.5 0
10841.5 0
10842.5 0
10843.5 0
10844.5 0
10845.5 0
10846.5 0
10847.5 0
10848.5 0
10849.5 0
10850.5 0
10851.5 0
10852.5 0
10853.5 0
10854.5 0
10855.5 0
10856.5 0
10857.5 0
10858.5 0
10859.5 0
10860.5 0
10861.5 0
10862.5 0
10863.5 0
10864.5 0
10865.5 0
10866.5 0
10867.5 0
10868.5 0
10869.5 0
10870.5 0
10871.5 0
10872.5 0
10873.5 0
10874.5 0
10875.5 0
10876.5 0
10877.5 0
10878.5 0
10879.5 0
10880.5 -1
10881.5 0
10882.5 0
10883.5 0
10884.5 0
10885.5 0
10886.5 0
10887.5 0
10888.5 0
10889.5 0
10890.5 0
10891.5 0
10892.5 0
10893.5 0
10894.5 0
10895.5 0
10896.5 0
10897.5 0
10898.5 0
10899.5 0
10900.5 0
10901.5 0
10902.5 0
10903.5 0
10904.5 0
10905.5 0
10906.5 0
10907.5 1
10908.5 0
10909.5 0
10910.5 0
10911.5 0
10912.5 0
10913.5 0
10914.5 0
10915.5 0
10916.5 0
10917.5 0
10918.5 0
10919.5 0
10920.5 0
10921.5 0
10922.5 0
10923.5 0
10924.5 0
10925.5 0
10926.5 0
10927.5 0
10928.5 0
10929.5 0
10930.5 0
10931.5 0
10932.5 0
10933.5 0
10934.5 0
10935.5 0
10936.5 0
10937.5 1
10938.5 0
10939.5 0
10940.5 0
10941.5 0
10942.5 0
10943.5 0
10944.5 0
10945.5 0
10946.5 0
10947.5 0
10948.5 0
10949.5 0
10950.5 0
10951.5 0
10952.5 0
10953.5 0
10954.5 0
10955.5 0
10956.5 0
10957.5 0
10958.5 1
10959.5 0
10960.5 0
10961.5 0
10962.5 0
10963.5 0
10964.5 0
10965.5 0
10966.5 0
10967.5 0
10968.5 0
10969.5 0
10970.5 0
10971.5 0
10972.5 0
10973.5 0
10974.5 0
10975.5 0
10976.5 0
10977.5 0
10978.5 0
10979.5 0
10980.5 0
10981.5 0
10982.5 0
10983.5 0
10984.5 0
10985.5 0
10986.5 0
10987.5 0
10988.5 0
10989.5 0
10990.5 0
10991.5 0
10992.5 0
10993.5 0
10994.5 0
10995.5 0
10996.5 0
10997.5 0
10998.5 0
10999.5 0
11000.5 0
11001.5 0
11002.5 0
11003.5 0
11004.5 0
11005.5 0
11006.5 0
11007.5 0
11008.5 0
11009.5 0
11010.5 0
11011.5 0
11012.5 0
11013.5 0
11014.5 0
11015.5 0
11016.5 0
11017.5 0
11018.5 0
11019.5 0
11020.5 0
11021.5 0
11022.5 0
11023.5 0
11024.5 0
11025.5 0
11026.5 0
11027.5 0
11028.5 0
11029.5 0
11030.5 0
11031.5 0
11032.5 0
11033.5 0
11034.5 0
11035.5 0
11036.5 0
11037.5 0
11038.5 0
11039.5 0
11040.5 0
11041.5 0
11042.5 0
11043.5 0
11044.5 0
11045.5 0
11046.5 0
11047.5 0
11048.5 0
11049.5 0
11050.5 0
11051.5 0
11052.5 0
11053.5 0
11054.5 0
11055.5 0
11056.5 0
11057.5 0
11058.5 0
11059.5 0
11060.5 0
11061.5 0
11062.5 0
11063.5 0
11064.5 0
11065.5 0
11066.5 0
11067.5 0
11068.5 0
11069.5 0
11070.5 0
11071.5 0
11072.5 0
11073.5 0
11074.5 0
11075.5 0
11076.5 0
11077.5 0
11078.5 0
11079.5 0
11080.5 0
11081.5 0
11082.5 0
11083.5 0
11084.5 0
11085.5 0
11086.5 0
11087.5 0
11088.5 0
11089.5 0
11090.5 0
11091.5 0
11092.5 0
11093.5 0
11094.5 0
11095.5 0
11096.5 0
11097.5 0
11098.5 0
11099.5 0
11100.5 0
11101.5 0
11102.5 0
11103.5 0
11104.5 0
11105.5 0
11106.5 0
11107.5 0
11108.5 0
11109.5 0
11110.5 0
11111.5 0
11112.5 0
11113.5 0
11114.5 0
11115.5 0
11116.5 0
11117.5 0
11118.5 0
11119.5 0
11120.5 0
11121.5 0
11122.5 0
11123.5 0
11124.5 0
11125.5 0
11126.5 0
11127.5 0
11128.5 0
11129.5 0
11130.5 0
11131.5 0
11132.5 0
11133.5 0
11134.5 0
11135.5 0
11136.5 0
11137.5 0
11138.5 0
11139.5 0
11140.5 0
11141.5 0
11142.5 0
11143.5 0
11144.5 0
11145.5 0
11146.5 0
11147.5 0
11148.5 0
11149.5 0
11150.5 0
11151.5 0
11152.5 0
11153.5 0
11154.5 0
11155.5 0
11156.5 0
11157.5 0
11158.5 0
11159.5 0
11160.5 0
11161.5 0
11162.5 0
11163.5 0
11164.5 0
11165.5 0
11166.5 0
11167.5 0
11168.5 0
11169.5 0
11170.5 0
11171.5 0
11172.5 0
11173.5 0
11174.5 0
11175.5 0
11176.5 0
11177.5 0
11178.5 0
11179.5 0
11180.5 0
11181.5 0
11182.5 0
11183.5 0
11184.5 0
11185.5 0
11186.5 0
11187.5 0
11188.5 0
11189.5 0
11190.5 0
11191.5 0
11192.5 0
11193.5 0
11194.5 0
11195.5 0
11196.5 0
11197.5 0
11198.5 -1
11199.5 0
11200.5 0
11201.5 0
11202.5 0
11203.5 0
11204.5 0
11205.5 0
11206.5 0
11207.5 0
11208.5 0
11209.5 0
11210.5 0
11211.5 0
11212.5 1
11213.5 0
11214.5 0
11215.5 0
11216.5 0
11217.5 0
11218.5 0
11219.5 0
11220.5 0
11221.5 0
11222.5 0
11223.5 0
11224.5 0
11225.5 0
11226.5 0
11227.5 0
11228.5 0
11229.5 0
11230.5 0
11231.5 0
11232.5 0
11233.5 0
11234.5 0
11235.5 -1
11236.5 0
11237.5 0
11238.5 0
11239.5 0
11240.5 0
11241.5 0
11242.5 0
11243.5 0
11244.5 0
11245.5 0
11246.5 0
11247.5 0
11248.5 0
11249.5 0
11250.5 0
11251.5 0
11252.5 0
11253.5 0
11254.5 -1
11255.5 0
11256.5 0
11257.5 0
11258.5 0
11259.5 0
11260.5 0
11261.5 0
11262.5 -1
11263.5 0
11264.5 0
11265.5 0
11266.5 0
11267.5 0
11268.5 0
11269.5 0
11270.5 0
11271.5 0
11272.5 0
11273.5 0
11274.5 0
11275.5 0
11276.5 0
11277.5 0
11278.5 0
11279.5 0
11280.5 0
11281.5 0
11282.5 0
11283.5 0
11284.5 0
11285.5 0
11286.5 0
11287.5 0
11288.5 0
11289.5 0
11290.5 0
11291.5 0
11292.5 0
11293.5 0
11294.5 0
11295.5 0
11296.5 0
11297.5 0
11298.5 0
11299.5 0
11300.5 0
11301.5 0
11302.5 0
11303.5 0
11304.5 0
11305.5 0
11306.5 0
11307.5 0
11308.5 0
11309.5 0
11310.5 0
11311.5 0
11312.5 0
11313.5 0
11314.5 0
11315.5 0
11316.5 0
11317.5 0
11318.5 0
11319.5 0
11320.5 0
11321.5 0
11322.5 0
11323.5 0
11324.5 0
11325.5 0
11326.5 0
11327.5 0
11328.5 0
11329.5 0
11330.5 -1
11331.5 0
11332.5 0
11333.5 0
11334.5 0
11335.5 0
11336.5 0
11337.5 0
11338.5 0
11339.5 0
11340.5 0
11341.5 0
11342.5 0
11343.5 0
11344.5 0
11345.5 0
11346.5 0
11347.5 0
11348.5 0
11349.5 0
11350.5 0
11351.5 0
11352.5 0
11353.5 0
11354.5 0
11355.5 0
11356.5 0
11357.5 0
11358.5 0
11359.5 0
11360.5 0
11361.5 0
11362.5 0
11363.5 0
11364.5 0
11365.5 0
11366.5 0
11367.5 0
11368.5 0
11369.5 0
11370.5 0
11371.5 0
11372.5 0
11373.5 0
11374.5 0
11375.5 0
11376.5 0
11377.5 1
11378.5 0
11379.5 0
11380.5 0
11381.5 0
11382.5 0
11383.5 0
11384.5 0
11385.5 0
11386.5 0
11387.5 1
11388.5 0
11389.5 0
11390.5 0
11391.5 0
11392.5 0
11393.5 0
11394.5 0
11395.5 0
11396.5 0
11397.5 0
11398.5 0
11399.5 0
11400.5 0
11401.5 0
11402.5 0
11403.5 0
11404.5 0
11405.5 0
11406.5 0
11407.5 0
11408.5 0
11409.5 0
11410.5 0
11411.5 0
11412.5 0
11413.5 0
11414.5 0
11415.5 0
11416.5 0
11417.5 0
11418.5 0
11419.5 0
11420.5 0
11421.5 0
11422.5 0
11423.5 0
11424.5 0
11425.5 0
11426.5 0
11427.5 0
11428.5 0
11429.5 0
11430.5 0
11431.5 0
11432.5 0
11433.5 0
11434.5 0
11435.5 0
11436.5 0
11437.5 0
11438.5 0
11439.5 0
11440.5 0
11441.5 0
11442.5 0
11443.5 0
11444.5 0
11445.5 0
11446.5 0
11447.5 0
11448.5 0
11449.5 0
11450.5 0
11451.5 0
11452.5 0
11453.5 0
11454.5 0
11455.5 0
11456.5 0
11457.5 1
11458.5 1
11459.5 0
11460.5 0
11461.5 0
11462.5 0
11463.5 0
11464.5 0
11465.5 0
11466.5 0
11467.5 0
11468.5 0
11469.5 0
11470.5 0
11471.5 0
11472.5 0
11473.5 0
11474.5 0
11475.5 0
11476.5 0
11477.5 0
11478.5 0
11479.5 0
11480.5 0
11481.5 0
11482.5 0
11483.5 0
11484.5 0
11485.5 0
11486.5 0
11487.5 0
11488.5 0
11489.5 0
11490.5 0
11491.5 0
11492.5 0
11493.5 0
11494.5 0
11495.5 0
11496.5 0
11497.5 0
11498.5 0
11499.5 0
11500.5 0
11501.5 0
11502.5 0
11503.5 0
11504.5 0
11505.5 0
11506.5 0
11507.5 0
11508.5 0
11509.5 0
11510.5 0
11511.5 0
11512.5 0
11513.5 0
11514.5 0
11515.5 0
11516.5 0
11517.5 0
11518.5 0
11519.5 0
11520.5 0
11521.5 0
11522.5 0
11523.5 0
11524.5 0
11525.5 0
11526.5 0
11527.5 0
11528.5 0
11529.5 0
11530.5 0
11531.5 0
11532.5 0
11533.5 0
11534.5 0
11535.5 0
11536.5 0
11537.5 0
11538.5 0
11539.5 0
11540.5 0
11541.5 0
11542.5 0
11543.5 0
11544.5 0
11545.5 0
11546.5 0
11547.5 0
11548.5 0
11549.5 0
11550.5 0
11551.5 0
11552.5 0
11553.5 0
11554.5 0
11555.5 0
11556.5 0
11557.5 0
11558.5 0
11559.5 0
11560.5 0
11561.5 0
11562.5 0
11563.5 0
11564.5 0
11565.5 0
11566.5 0
11567.5 0
11568.5 0
11569.5 0
11570.5 0
11571.5 0
11572.5 0
11573.5 0
11574.5 0
11575.5 0
11576.5 0
11577.5 0
11578.5 0
11579.5 0
11580.5 1
11581.5 0
11582.5 0
11583.5 0
11584.5 0
11585.5 0
11586.5 0
11587.5 0
11588.5 0
11589.5 0
11590.5 0
11591.5 0
11592.5 0
11593.5 0
11594.5 0
11595.5 0
11596.5 0
11597.5 0
11598.5 0
11599.5 0
11600.5 0
11601.5 0
11602.5 0
11603.5 0
11604.5 0
11605.5 0
11606.5 0
11607.5 0
11608.5 0
11609.5 0
11610.5 0
11611.5 0
11612.5 0
11613.5 0
11614.5 0
11615.5 0
11616.5 0
11617.5 0
11618.5 0
11619.5 1
11620.5 0
11621.5 0
11622.5 0
11623.5 0
11624.5 0
11625.5 0
11626.5 0
11627.5 0
11628.5 0
11629.5 0
11630.5 0
11631.5 0
11632.5 0
11633.5 0
11634.5 0
11635.5 0
11636.5 0
11637.5 0
11638.5 0
11639.5 0
11640.5 0
11641.5 0
11642.5 0
11643.5 0
11644.5 0
11645.5 0
11646.5 0
11647.5 0
11648.5 0
11649.5 0
11650.5 0
11651.5 -1
11652.5 0
11653.5 0
11654.5 0
11655.5 0
11656.5 0
11657.5 0
11658.5 0
11659.5 0
11660.5 0
11661.5 0
11662.5 0
11663.5 0
11664.5 0
11665.5 0
11666.5 0
11667.5 0
11668.5 0
11669.5 0
11670.5 0
11671.5 0
11672.5 0
11673.5 0
11674.5 0
11675.5 0
11676.5 0
11677.5 0
11678.5 0
11679.5 0
11680.5 0
11681.5 0
11682.5 0
11683.5 0
11684.5 0
11685.5 0
11686.5 0
11687.5 0
11688.5 -1
11689.5 0
11690.5 0
11691.5 0
11692.5 0
11693.5 0
11694.5 0
11695.5 0
11696.5 0
11697.5 0
11698.5 0
11699.5 1
11700.5 0
11701.5 0
11702.5 0
11703.5 0
11704.5 0
11705.5 0
11706.5 0
11707.5 0
11708.5 0
11709.5 0
11710.5 0
11711.5 0
11712.5 0
11713.5 0
11714.5 0
11715.5 0
11716.5 0
11717.5 0
11718.5 0
11719.5 0
11720.5 0
11721.5 0
11722.5 0
11723.5 0
11724.5 0
11725.5 0
11726.5 0
11727.5 0
11728.5 0
11729.5 0
11730.5 0
11731.5 0
11732.5 0
11733.5 0
11734.5 0
11735.5 0
11736.5 0
11737.5 0
11738.5 0
11739.5 0
11740.5 0
11741.5 0
11742.5 0
11743.5 0
11744.5 0
11745.5 0
11746.5 0
11747.5 0
11748.5 0
11749.5 0
11750.5 0
11751.5 0
11752.5 0
11753.5 0
11754.5 0
11755.5 0
11756.5 0
11757.5 0
11758.5 0
11759.5 0
11760.5 0
11761.5 0
11762.5 0
11763.5 0
11764.5 0
11765.5 0
11766.5 0
11767.5 0
11768.5 0
11769.5 0
11770.5 0
11771.5 0
11772.5 0
11773.5 0
11774.5 0
11775.5 0
11776.5 0
11777.5 0
11778.5 0
11779.5 0
11780.5 0
11781.5 0
11782.5 -1
11783.5 1
11784.5 0
11785.5 0
11786.5 0
11787.5 0
11788.5 0
11789.5 0
11790.5 0
11791.5 0
11792.5 0
11793.5 0
11794.5 0
11795.5 0
11796.5 0
11797.5 0
11798.5 0
11799.5 0
11800.5 0
11801.5 0
11802.5 0
11803.5 0
11804.5 0
11805.5 0
11806.5 0
11807.5 0
11808.5 0
11809.5 0
11810.5 0
11811.5 0
11812.5 0
11813.5 0
11814.5 0
11815.5 0
11816.5 0
11817.5 0
11818.5 0
11819.5 0
11820.5 0
11821.5 0
11822.5 0
11823.5 0
11824.5 0
11825.5 0
11826.5 0
11827.5 0
11828.5 0
11829.5 0
11830.5 0
11831.5 0
11832.5 0
11833.5 0
11834.5 0
11835.5 0
11836.5 0
11837.5 0
11838.5 0
11839.5 0
11840.5 0
11841.5 0
11842.5 0
11843.5 0
11844.5 0
11845.5 0
11846.5 0
11847.5 0
11848.5 0
11849.5 0
11850.5 0
11851.5 0
11852.5 0
11853.5 0
11854.5 0
11855.5 0
11856.5 0
11857.5 0
11858.5 0
11859.5 0
11860.5 0
11861.5 0
11862.5 0
11863.5 0
11864.5 0
11865.5 0
11866.5 0
11867.5 0
11868.5 0
11869.5 0
11870.5 0
11871.5 0
11872.5 0
11873.5 0
11874.5 0
11875.5 0
11876.5 0
11877.5 0
11878.5 0
11879.5 0
11880.5 0
11881.5 0
11882.5 0
11883.5 0
11884.5 0
11885.5 0
11886.5 0
11887.5 0
11888.5 0
11889.5 0
11890.5 0
11891.5 0
11892.5 0
11893.5 0
11894.5 0
11895.5 0
11896.5 0
11897.5 0
11898.5 0
11899.5 0
11900.5 0
11901.5 0
11902.5 0
11903.5 0
11904.5 0
11905.5 0
11906.5 0
11907.5 0
11908.5 0
11909.5 0
11910.5 0
11911.5 0
11912.5 0
11913.5 0
11914.5 0
11915.5 0
11916.5 0
11917.5 0
11918.5 0
11919.5 0
11920.5 0
11921.5 0
11922.5 0
11923.5 0
11924.5 0
11925.5 0
11926.5 0
11927.5 0
11928.5 0
11929.5 0
11930.5 0
11931.5 0
11932.5 0
11933.5 0
11934.5 0
11935.5 0
11936.5 0
11937.5 0
11938.5 0
11939.5 0
11940.5 0
11941.5 0
11942.5 0
11943.5 0
11944.5 0
11945.5 0
11946.5 0
11947.5 0
11948.5 0
11949.5 0
11950.5 0
11951.5 0
11952.5 0
11953.5 0
11954.5 0
11955.5 0
11956.5 0
11957.5 0
11958.5 0
11959.5 0
11960.5 0
11961.5 0
11962.5 0
11963.5 0
11964.5 0
11965.5 0
11966.5 0
11967.5 0
11968.5 0
11969.5 0
11970.5 0
11971.5 0
11972.5 0
11973.5 0
11974.5 0
11975.5 0
11976.5 0
11977.5 0
11978.5 0
11979.5 0
11980.5 0
11981.5 0
11982.5 0
11983.5 0
11984.5 0
11985.5 0
11986.5 0
11987.5 0
11988.5 0
11989.5 0
11990.5 0
11991.5 0
11992.5 0
11993.5 0
11994.5 0
11995.5 0
11996.5 0
11997.5 0
11998.5 0
11999.5 0
