# EGG_ProjY_E6565.5(7.5)_B6534.0(3.0)_B6581.5(8.5)
# X axis : Energy (keV) [Y axis]
# Y axis : Counts/1 keV
# N Bins : 12000
# X Min : 0
# X Max : 12000
# X value at the center of the bins
0.5 0
1.5 0
2.5 0
3.5 0
4.5 0
5.5 23.4348
6.5 6.95652
7.5 16.6522
8.5 67.7826
9.5 -31.3478
10.5 -3.52174
11.5 -6.26087
12.5 5.34782
13.5 39.3913
14.5 29.8261
15.5 18.913
16.5 21.7826
17.5 17.4783
18.5 24.3913
19.5 64.2174
20.5 36.1304
21.5 63.0435
22.5 56.1739
23.5 40.4783
24.5 103.913
25.5 91.0869
26.5 62
27.5 169.348
28.5 118.043
29.5 107.87
30.5 78.8695
31.5 142.609
32.5 169.739
33.5 187.565
34.5 199.391
35.5 174.696
36.5 189.435
37.5 176.913
38.5 216.304
39.5 237.087
40.5 182.87
41.5 237.043
42.5 210.435
43.5 193.913
44.5 271.087
45.5 223.391
46.5 200.217
47.5 241.043
48.5 197.609
49.5 272.696
50.5 243.348
51.5 207.87
52.5 296.348
53.5 266.13
54.5 176.522
55.5 208.478
56.5 224.609
57.5 342.783
58.5 354
59.5 337.739
60.5 282.087
61.5 208.696
62.5 249.957
63.5 255.391
64.5 235.304
65.5 283.435
66.5 309.522
67.5 240.696
68.5 251.826
69.5 279.13
70.5 297.913
71.5 231.261
72.5 262.348
73.5 260.609
74.5 421.87
75.5 465.87
76.5 524.87
77.5 551.261
78.5 381.956
79.5 324.087
80.5 192.739
81.5 216.435
82.5 277.522
83.5 261.609
84.5 272.696
85.5 267.087
86.5 354.87
87.5 403.174
88.5 375.087
89.5 319.956
90.5 305.87
91.5 324.522
92.5 282.826
93.5 308.478
94.5 316.087
95.5 260.652
96.5 289.391
97.5 183.956
98.5 258.826
99.5 256.478
100.5 274.217
101.5 221.304
102.5 238.348
103.5 251.826
104.5 224.435
105.5 291.304
106.5 274.87
107.5 215.13
108.5 330.565
109.5 186.826
110.5 224.913
111.5 239.609
112.5 228.043
113.5 195.087
114.5 217.913
115.5 179.174
116.5 188
117.5 254.956
118.5 273.435
119.5 338.652
120.5 303.087
121.5 359.217
122.5 364.87
123.5 407.739
124.5 409.565
125.5 386.87
126.5 474.826
127.5 476.391
128.5 410.217
129.5 495.956
130.5 481.13
131.5 518.304
132.5 439.261
133.5 468.565
134.5 490.304
135.5 445.478
136.5 468.739
137.5 436.565
138.5 422
139.5 457.652
140.5 439.783
141.5 366.348
142.5 381.13
143.5 401.348
144.5 318.739
145.5 386.913
146.5 308.826
147.5 331.304
148.5 314.478
149.5 361.696
150.5 305.826
151.5 368.391
152.5 342.956
153.5 324.217
154.5 360.696
155.5 351.435
156.5 250.565
157.5 358.565
158.5 277.956
159.5 235.739
160.5 254.956
161.5 199.217
162.5 278.348
163.5 355.391
164.5 248.391
165.5 376.783
166.5 353.609
167.5 260.565
168.5 367.217
169.5 350.652
170.5 373.609
171.5 435.478
172.5 404.043
173.5 383.87
174.5 521.696
175.5 456.478
176.5 521.783
177.5 448.652
178.5 459.956
179.5 424.87
180.5 445.696
181.5 458
182.5 444.739
183.5 448.913
184.5 376.304
185.5 420.609
186.5 384.391
187.5 455.217
188.5 444.87
189.5 481.261
190.5 392.696
191.5 427.956
192.5 413.348
193.5 410.87
194.5 416.391
195.5 460.348
196.5 485.217
197.5 537.217
198.5 533.348
199.5 481.609
200.5 610.13
201.5 872.609
202.5 831.043
203.5 648.87
204.5 606.13
205.5 550.565
206.5 575.826
207.5 556.478
208.5 629.13
209.5 520.391
210.5 514.739
211.5 480.478
212.5 496.565
213.5 491.217
214.5 494.478
215.5 496.739
216.5 443.913
217.5 437.956
218.5 498.783
219.5 410.435
220.5 439.217
221.5 392.087
222.5 458.087
223.5 430.739
224.5 446.435
225.5 350.522
226.5 460.261
227.5 319.261
228.5 472.565
229.5 439.435
230.5 394.565
231.5 322.739
232.5 382.304
233.5 338.522
234.5 462.304
235.5 338.609
236.5 391.087
237.5 398.522
238.5 392.174
239.5 414.087
240.5 426.956
241.5 380.783
242.5 440.043
243.5 315.913
244.5 404.739
245.5 412.13
246.5 405.652
247.5 390.043
248.5 477.956
249.5 322.043
250.5 445.956
251.5 362.826
252.5 407.652
253.5 356.304
254.5 413.043
255.5 298.913
256.5 281.13
257.5 337.87
258.5 292.522
259.5 303.261
260.5 394.609
261.5 349.739
262.5 326.174
263.5 317
264.5 336.522
265.5 351.826
266.5 393.391
267.5 376.391
268.5 353.304
269.5 389.913
270.5 410.13
271.5 421.826
272.5 416.304
273.5 343.652
274.5 380.478
275.5 388.217
276.5 378.783
277.5 389.739
278.5 368.043
279.5 369.826
280.5 421.956
281.5 392.478
282.5 364.652
283.5 338.478
284.5 351.565
285.5 373.087
286.5 318.826
287.5 353.956
288.5 315.739
289.5 360.87
290.5 385.522
291.5 365.087
292.5 344.913
293.5 386.304
294.5 365.435
295.5 376.435
296.5 344.87
297.5 340.391
298.5 328.609
299.5 321.913
300.5 321.435
301.5 342.739
302.5 300.826
303.5 285.217
304.5 308.522
305.5 267.913
306.5 286.087
307.5 280.261
308.5 290.609
309.5 352.609
310.5 285.652
311.5 292.522
312.5 290.739
313.5 278.696
314.5 228.174
315.5 213.826
316.5 193.565
317.5 207.043
318.5 212.348
319.5 218.522
320.5 213.043
321.5 153.87
322.5 196.13
323.5 204.783
324.5 146.217
325.5 234
326.5 227.217
327.5 209.174
328.5 230.609
329.5 265.783
330.5 330
331.5 314.174
332.5 369.783
333.5 414
334.5 417.696
335.5 418.957
336.5 438.565
337.5 449.391
338.5 452.174
339.5 414.739
340.5 466.261
341.5 382.739
342.5 382.522
343.5 421.174
344.5 400.826
345.5 345.783
346.5 309.609
347.5 307.174
348.5 328.652
349.5 301.739
350.5 302.087
351.5 272.435
352.5 217.522
353.5 261.217
354.5 274.174
355.5 293.652
356.5 293.304
357.5 306.478
358.5 227.522
359.5 326.261
360.5 336.696
361.5 287.913
362.5 337.565
363.5 338.87
364.5 323.217
365.5 347.217
366.5 363.174
367.5 299.087
368.5 469.304
369.5 337.87
370.5 367.304
371.5 353.174
372.5 356.609
373.5 368.696
374.5 290.348
375.5 324.696
376.5 345.783
377.5 286.217
378.5 284.696
379.5 267.957
380.5 255.217
381.5 318.957
382.5 332.174
383.5 297.261
384.5 301.522
385.5 272.609
386.5 256.609
387.5 329.217
388.5 271.304
389.5 267.261
390.5 267.043
391.5 264.087
392.5 258.565
393.5 239.826
394.5 285.478
395.5 308.522
396.5 250.261
397.5 278.609
398.5 184.783
399.5 246.87
400.5 271.696
401.5 279.304
402.5 375.087
403.5 461.217
404.5 496.522
405.5 430.435
406.5 267.348
407.5 267.826
408.5 320.826
409.5 264.13
410.5 295.043
411.5 298.217
412.5 298.217
413.5 323.13
414.5 318.043
415.5 305.087
416.5 326.739
417.5 355.565
418.5 290.826
419.5 320.609
420.5 282.609
421.5 261.913
422.5 302.739
423.5 337.87
424.5 292.609
425.5 325.261
426.5 316.478
427.5 276.739
428.5 328.826
429.5 314.217
430.5 312.087
431.5 333.087
432.5 293.348
433.5 329.13
434.5 309.435
435.5 325.217
436.5 335.913
437.5 307.913
438.5 316.261
439.5 267.391
440.5 299.696
441.5 311.957
442.5 287.652
443.5 301.609
444.5 335.13
445.5 316.522
446.5 259.261
447.5 306.217
448.5 313.217
449.5 286.304
450.5 305.957
451.5 352.261
452.5 340.739
453.5 335.478
454.5 300.739
455.5 323.478
456.5 284.391
457.5 259
458.5 299.826
459.5 331.435
460.5 342.348
461.5 315.913
462.5 304.261
463.5 315.217
464.5 342.913
465.5 332.739
466.5 267.391
467.5 305.087
468.5 278.348
469.5 272.87
470.5 239.13
471.5 273
472.5 311.652
473.5 290.87
474.5 237.043
475.5 234.174
476.5 187.043
477.5 344.87
478.5 294.652
479.5 276.652
480.5 291.043
481.5 266.087
482.5 243.174
483.5 232.913
484.5 229.609
485.5 241.087
486.5 287.696
487.5 225.435
488.5 233.739
489.5 202.565
490.5 215.174
491.5 221.565
492.5 271.87
493.5 254.435
494.5 206.391
495.5 213
496.5 218.435
497.5 235.609
498.5 232.304
499.5 306.13
500.5 194.043
501.5 188.609
502.5 223.783
503.5 240.043
504.5 280.304
505.5 269.652
506.5 360.174
507.5 363.087
508.5 333.869
509.5 493.174
510.5 707.348
511.5 626.304
512.5 466.956
513.5 362.783
514.5 252.13
515.5 258.13
516.5 229.348
517.5 248.565
518.5 231.739
519.5 228
520.5 243.391
521.5 225.565
522.5 274.826
523.5 204.261
524.5 190.478
525.5 209.348
526.5 155.913
527.5 229.696
528.5 216.478
529.5 167.826
530.5 220.696
531.5 166.217
532.5 150.478
533.5 217.87
534.5 213.957
535.5 182.043
536.5 233.391
537.5 176.652
538.5 249.478
539.5 188.304
540.5 207.522
541.5 202.435
542.5 208.391
543.5 230.739
544.5 214.435
545.5 217.783
546.5 205.435
547.5 225.348
548.5 280.261
549.5 182.043
550.5 205.565
551.5 241.174
552.5 282.87
553.5 340.739
554.5 252.739
555.5 261.13
556.5 219.957
557.5 233.87
558.5 226.826
559.5 246.826
560.5 209.087
561.5 197.391
562.5 243.391
563.5 227.522
564.5 211.652
565.5 193.696
566.5 212.174
567.5 230.087
568.5 205.565
569.5 210.696
570.5 219.217
571.5 199
572.5 196.043
573.5 186.87
574.5 210.522
575.5 216.783
576.5 254.826
577.5 171.348
578.5 273.043
579.5 217.739
580.5 196.261
581.5 176.391
582.5 159.435
583.5 170.304
584.5 185.13
585.5 180.565
586.5 185.87
587.5 224.087
588.5 194.739
589.5 234.348
590.5 197.043
591.5 227.348
592.5 196.261
593.5 183.217
594.5 179.739
595.5 198.304
596.5 133.087
597.5 179.783
598.5 199.478
599.5 220.652
600.5 188.913
601.5 219.348
602.5 209.217
603.5 178.435
604.5 254.87
605.5 379.652
606.5 264.522
607.5 278.391
608.5 156.13
609.5 193.87
610.5 211.391
611.5 236.261
612.5 221.261
613.5 177.304
614.5 163.957
615.5 169.304
616.5 171.739
617.5 149.391
618.5 184.043
619.5 156.348
620.5 241.261
621.5 221.652
622.5 131.783
623.5 210.478
624.5 201.739
625.5 224.522
626.5 584.826
627.5 2181.87
628.5 4007.09
629.5 2698.65
630.5 833.913
631.5 280.174
632.5 172.696
633.5 165.304
634.5 185.304
635.5 216.391
636.5 254.609
637.5 228.478
638.5 296
639.5 260.261
640.5 260.609
641.5 304.739
642.5 284.652
643.5 282.87
644.5 234.739
645.5 273.739
646.5 333.348
647.5 384.435
648.5 1104.35
649.5 4662.39
650.5 8890.7
651.5 5711.09
652.5 1703.22
653.5 452.652
654.5 237
655.5 174.87
656.5 184
657.5 164.217
658.5 168.391
659.5 175.696
660.5 167.391
661.5 168.652
662.5 115.826
663.5 137.826
664.5 142.348
665.5 166.478
666.5 149.391
667.5 163.565
668.5 143.696
669.5 108.478
670.5 113.783
671.5 128.174
672.5 136.957
673.5 131.087
674.5 153.043
675.5 129.609
676.5 170.304
677.5 179.957
678.5 82.3913
679.5 138.696
680.5 179
681.5 116
682.5 160.391
683.5 165.652
684.5 185.043
685.5 167.261
686.5 173.043
687.5 193.565
688.5 173.652
689.5 160.435
690.5 177.435
691.5 169.304
692.5 200.043
693.5 135.565
694.5 175.13
695.5 182.913
696.5 164.826
697.5 158.087
698.5 168.87
699.5 156.565
700.5 156.522
701.5 158.652
702.5 165.261
703.5 172.609
704.5 145.826
705.5 146.957
706.5 111.609
707.5 146.304
708.5 132.13
709.5 165.87
710.5 179.304
711.5 120.043
712.5 156.609
713.5 164.304
714.5 160.174
715.5 101.696
716.5 185.478
717.5 134.261
718.5 178.913
719.5 153.696
720.5 131.435
721.5 157.652
722.5 162.043
723.5 124.435
724.5 117.913
725.5 155.565
726.5 138.043
727.5 111.739
728.5 151.652
729.5 138.696
730.5 123.043
731.5 149.87
732.5 165.957
733.5 157.783
734.5 150.87
735.5 191.87
736.5 140.478
737.5 179.435
738.5 118.652
739.5 181.391
740.5 125.261
741.5 159.478
742.5 122.087
743.5 135.826
744.5 168.522
745.5 164.391
746.5 148.174
747.5 180.217
748.5 161.739
749.5 171.13
750.5 137.696
751.5 171.087
752.5 147.435
753.5 137.913
754.5 159.261
755.5 151.217
756.5 171
757.5 186.957
758.5 241.13
759.5 683.826
760.5 1897.17
761.5 1945.26
762.5 957.87
763.5 324.957
764.5 188.13
765.5 196.304
766.5 177.87
767.5 140.478
768.5 163.783
769.5 157.217
770.5 172.652
771.5 145.652
772.5 183.261
773.5 170.13
774.5 152.565
775.5 138.522
776.5 119.348
777.5 144.13
778.5 153.957
779.5 173.043
780.5 136.087
781.5 140.652
782.5 145
783.5 149.522
784.5 175.478
785.5 171.957
786.5 154.261
787.5 153.174
788.5 224.652
789.5 188.13
790.5 132.391
791.5 178.565
792.5 145
793.5 177.696
794.5 215.609
795.5 152.826
796.5 176.826
797.5 174.174
798.5 193.739
799.5 174.435
800.5 144.217
801.5 143.435
802.5 140.13
803.5 128.217
804.5 123
805.5 156.957
806.5 190.13
807.5 149.174
808.5 183.391
809.5 150.957
810.5 142.739
811.5 148.13
812.5 144.087
813.5 154.913
814.5 180.87
815.5 141.261
816.5 134.348
817.5 158.957
818.5 138.478
819.5 154.565
820.5 138.913
821.5 149.522
822.5 169
823.5 137.087
824.5 141.435
825.5 121.913
826.5 90.913
827.5 98.4348
828.5 113.304
829.5 31.6522
830.5 -54.3478
831.5 -67.6522
832.5 11
833.5 120.217
834.5 147.87
835.5 148.565
836.5 132.043
837.5 159.391
838.5 133.652
839.5 151.043
840.5 139.826
841.5 166.609
842.5 161.87
843.5 167.957
844.5 182.826
845.5 203.739
846.5 137.087
847.5 170.957
848.5 204.783
849.5 199.304
850.5 201.913
851.5 280.565
852.5 289.13
853.5 240.565
854.5 227.348
855.5 180.826
856.5 241.652
857.5 166.913
858.5 179.913
859.5 175.348
860.5 175.261
861.5 193.478
862.5 169
863.5 175.957
864.5 190.957
865.5 223.435
866.5 360.783
867.5 1084.17
868.5 2739.87
869.5 3380.48
870.5 1690.61
871.5 583
872.5 261.913
873.5 138.913
874.5 166.783
875.5 134.348
876.5 102.087
877.5 116.783
878.5 176.783
879.5 170.609
880.5 93.5652
881.5 115.174
882.5 195.478
883.5 137.696
884.5 189.261
885.5 179.043
886.5 177.478
887.5 155.783
888.5 170.13
889.5 181.087
890.5 189.261
891.5 127.304
892.5 128.739
893.5 194.87
894.5 227.043
895.5 200.087
896.5 221.261
897.5 224.13
898.5 169.391
899.5 233.609
900.5 213.696
901.5 187.435
902.5 211.478
903.5 221.739
904.5 177.783
905.5 211.043
906.5 210
907.5 187.391
908.5 179.391
909.5 168.739
910.5 213.478
911.5 181.652
912.5 183.435
913.5 203.043
914.5 169.957
915.5 212.696
916.5 183.783
917.5 222.087
918.5 208.522
919.5 202.913
920.5 202.174
921.5 140.826
922.5 157.435
923.5 190.652
924.5 187.913
925.5 188.826
926.5 179.913
927.5 169.13
928.5 173.913
929.5 166
930.5 173.478
931.5 167.435
932.5 215.087
933.5 196.696
934.5 188.435
935.5 175.261
936.5 186.391
937.5 175.652
938.5 162.174
939.5 197.565
940.5 135.174
941.5 194.304
942.5 166.043
943.5 225.174
944.5 194.391
945.5 145.391
946.5 163.435
947.5 185.783
948.5 162.522
949.5 144.435
950.5 152.522
951.5 144.261
952.5 167.957
953.5 133.522
954.5 153.87
955.5 163.217
956.5 157.13
957.5 118.13
958.5 118.609
959.5 134.261
960.5 117.826
961.5 151.783
962.5 146.696
963.5 132.217
964.5 143.652
965.5 203.478
966.5 169.522
967.5 172.478
968.5 158.609
969.5 145.565
970.5 156.87
971.5 142.652
972.5 120.913
973.5 151.435
974.5 125.609
975.5 66.5652
976.5 137.696
977.5 125
978.5 128.87
979.5 127.435
980.5 108.261
981.5 123.087
982.5 91.3913
983.5 142.957
984.5 103.957
985.5 116.87
986.5 105.478
987.5 115.435
988.5 96.8261
989.5 114.957
990.5 82.1304
991.5 141.391
992.5 126.696
993.5 100.609
994.5 153.826
995.5 128.87
996.5 121.478
997.5 120.739
998.5 177.87
999.5 438.739
1000.5 1228.7
1001.5 2645.61
1002.5 2302.22
1003.5 957.435
1004.5 227.174
1005.5 93.0435
1006.5 105.348
1007.5 81.1304
1008.5 78.087
1009.5 114.043
1010.5 111
1011.5 66.5217
1012.5 82.2609
1013.5 78.3043
1014.5 90.3913
1015.5 126.522
1016.5 107.348
1017.5 78.1739
1018.5 104.217
1019.5 69.1739
1020.5 76.913
1021.5 75.1304
1022.5 78.3478
1023.5 126.609
1024.5 113.261
1025.5 172.565
1026.5 74.1739
1027.5 95.6956
1028.5 77.9565
1029.5 67.9565
1030.5 59.0435
1031.5 98.3913
1032.5 46.9565
1033.5 57.1739
1034.5 87.6956
1035.5 53.7391
1036.5 55.7826
1037.5 69
1038.5 98
1039.5 77.6522
1040.5 72.7826
1041.5 95.2174
1042.5 52.1304
1043.5 54.3043
1044.5 69.8696
1045.5 28.4348
1046.5 67.1304
1047.5 69.2609
1048.5 44.6522
1049.5 57.2609
1050.5 46.4783
1051.5 79.913
1052.5 79.913
1053.5 59.6522
1054.5 88.7826
1055.5 65.6956
1056.5 52.0435
1057.5 32.2174
1058.5 57.913
1059.5 23.5217
1060.5 52.3913
1061.5 62
1062.5 57.4348
1063.5 61.8696
1064.5 82.913
1065.5 54.9565
1066.5 53.4348
1067.5 63.3043
1068.5 55.0435
1069.5 70.3043
1070.5 75
1071.5 94.0869
1072.5 248.087
1073.5 332.652
1074.5 453.087
1075.5 255.217
1076.5 132.696
1077.5 88.9565
1078.5 56.2174
1079.5 64.1739
1080.5 75
1081.5 58.7826
1082.5 61.913
1083.5 61.3043
1084.5 62.1739
1085.5 50.6522
1086.5 34.0435
1087.5 47
1088.5 49.3913
1089.5 50.0435
1090.5 34.1739
1091.5 63.4783
1092.5 56.9565
1093.5 45.5217
1094.5 55.9565
1095.5 37.4783
1096.5 41.5217
1097.5 72.2609
1098.5 62.6522
1099.5 58.8696
1100.5 68.0435
1101.5 57.3913
1102.5 37.3043
1103.5 53.7826
1104.5 45.4348
1105.5 29.8261
1106.5 41.0435
1107.5 40.2174
1108.5 46.6956
1109.5 60.5217
1110.5 84.0435
1111.5 52.3478
1112.5 58.6087
1113.5 51.5652
1114.5 65.8261
1115.5 53.4783
1116.5 70.3478
1117.5 94.4783
1118.5 65.6522
1119.5 51.4783
1120.5 38.4783
1121.5 86.087
1122.5 201
1123.5 812.261
1124.5 2619.35
1125.5 6293.43
1126.5 6968
1127.5 3204.13
1128.5 746.478
1129.5 167.913
1130.5 71.2174
1131.5 39.7826
1132.5 36.1739
1133.5 29.8261
1134.5 29.4348
1135.5 16.1739
1136.5 41.5652
1137.5 18.1739
1138.5 32.8696
1139.5 31.8261
1140.5 37.2174
1141.5 29.9565
1142.5 20.3043
1143.5 33.2174
1144.5 31.8696
1145.5 32.2174
1146.5 41.0435
1147.5 11.7391
1148.5 38.8261
1149.5 31.3043
1150.5 43.2609
1151.5 75.7826
1152.5 119.348
1153.5 287.565
1154.5 1015.96
1155.5 3642.83
1156.5 8009
1157.5 7965.43
1158.5 3250.87
1159.5 682.87
1160.5 138.391
1161.5 49.8696
1162.5 32.3478
1163.5 66.6522
1164.5 43.7826
1165.5 43.3913
1166.5 12.7391
1167.5 22.3478
1168.5 17
1169.5 22.3043
1170.5 15.087
1171.5 7.21739
1172.5 21
1173.5 18.5652
1174.5 39.3043
1175.5 31.7826
1176.5 1.69565
1177.5 5.56522
1178.5 26.1739
1179.5 7.52174
1180.5 12.5652
1181.5 18.6522
1182.5 8.52174
1183.5 0.347824
1184.5 -3.56522
1185.5 -4.78261
1186.5 7.52174
1187.5 0.043475
1188.5 -10.7391
1189.5 -8.30435
1190.5 -9.91305
1191.5 9.21739
1192.5 11.0435
1193.5 -6.95652
1194.5 7.56522
1195.5 0.0434766
1196.5 -4.13044
1197.5 1.08695
1198.5 22.4348
1199.5 19.1304
1200.5 44.5652
1201.5 39
1202.5 8.47826
1203.5 34.6956
1204.5 77.6522
1205.5 172.087
1206.5 373.826
1207.5 464.696
1208.5 250.957
1209.5 69.2609
1210.5 31.5217
1211.5 35.6522
1212.5 6.86956
1213.5 6
1214.5 24.6957
1215.5 23.913
1216.5 -2.65218
1217.5 14.3913
1218.5 1.30435
1219.5 11.1304
1220.5 14.5217
1221.5 20.4348
1222.5 14.6522
1223.5 22.6957
1224.5 15.913
1225.5 11.4348
1226.5 8.47826
1227.5 12.7391
1228.5 25.1304
1229.5 16.4783
1230.5 6.21739
1231.5 10.5217
1232.5 -4
1233.5 4.30435
1234.5 -6.39131
1235.5 9.08695
1236.5 -18.8696
1237.5 15.1739
1238.5 3.73913
1239.5 14.913
1240.5 -1.13044
1241.5 8.26087
1242.5 10.5217
1243.5 -25.4348
1244.5 -11.5652
1245.5 -13.2174
1246.5 8.34782
1247.5 27.8261
1248.5 -1.86957
1249.5 5.60869
1250.5 21.087
1251.5 18.2609
1252.5 17.7826
1253.5 20.4783
1254.5 23.3913
1255.5 66.1304
1256.5 78.8261
1257.5 57.5652
1258.5 41.7826
1259.5 52.4348
1260.5 27.6087
1261.5 25.2174
1262.5 9.13043
1263.5 11.1304
1264.5 40.2174
1265.5 9.91304
1266.5 5.86956
1267.5 3.56522
1268.5 -0.260871
1269.5 15.087
1270.5 13.4348
1271.5 -4.13044
1272.5 13.4783
1273.5 21.2609
1274.5 18.1304
1275.5 11.6522
1276.5 23.087
1277.5 37.3913
1278.5 6.17391
1279.5 23.2609
1280.5 3.34782
1281.5 16.3043
1282.5 5.26087
1283.5 29.0435
1284.5 13.7826
1285.5 31.7391
1286.5 19.6087
1287.5 6.69565
1288.5 6.26087
1289.5 18.6087
1290.5 1.21739
1291.5 -11.1304
1292.5 4.73913
1293.5 17.1304
1294.5 22.1304
1295.5 9.82609
1296.5 14.8696
1297.5 12.0435
1298.5 8.69565
1299.5 7.3913
1300.5 14.7391
1301.5 9.30435
1302.5 -3.43478
1303.5 11.913
1304.5 18.0435
1305.5 29.8696
1306.5 16
1307.5 12.3478
1308.5 1.91304
1309.5 17
1310.5 19.1304
1311.5 26.2174
1312.5 13.6087
1313.5 20.6956
1314.5 -1.26087
1315.5 17.6957
1316.5 -11.913
1317.5 16.6957
1318.5 12.4348
1319.5 29.0435
1320.5 5.30435
1321.5 22.4348
1322.5 9.34782
1323.5 13.6522
1324.5 19.4348
1325.5 22.6957
1326.5 23.2609
1327.5 3.43478
1328.5 15.4348
1329.5 26.2174
1330.5 7.30435
1331.5 14.5217
1332.5 20.4783
1333.5 16.5217
1334.5 26.5652
1335.5 4.34782
1336.5 12.0435
1337.5 0.0434771
1338.5 2.17391
1339.5 15.4783
1340.5 19.7391
1341.5 22.4348
1342.5 11.0435
1343.5 12.087
1344.5 27.3043
1345.5 19.8696
1346.5 23.0435
1347.5 12.6957
1348.5 27.3043
1349.5 3.08696
1350.5 4.60869
1351.5 12.8261
1352.5 27.2174
1353.5 32.3043
1354.5 22
1355.5 8.3913
1356.5 0.0869553
1357.5 5.69565
1358.5 25.3043
1359.5 16.087
1360.5 23.2174
1361.5 28.6087
1362.5 13.3913
1363.5 11.8261
1364.5 10.6957
1365.5 32.1304
1366.5 5.60869
1367.5 34.2609
1368.5 12.6957
1369.5 4.47826
1370.5 19.3043
1371.5 14.5652
1372.5 18.7391
1373.5 28.5652
1374.5 38.6087
1375.5 36.913
1376.5 33.7826
1377.5 31.3478
1378.5 11.1304
1379.5 23.3043
1380.5 9
1381.5 43
1382.5 22.6522
1383.5 23.3043
1384.5 6.82609
1385.5 15.1304
1386.5 16.6087
1387.5 -2.56522
1388.5 -2.21739
1389.5 19.4783
1390.5 18.5652
1391.5 6.26087
1392.5 12
1393.5 26.9565
1394.5 15.3043
1395.5 0.260869
1396.5 -0.173914
1397.5 33.2174
1398.5 25.6957
1399.5 10.6957
1400.5 6.34782
1401.5 1.3913
1402.5 19.0435
1403.5 24.6087
1404.5 5.13043
1405.5 18.913
1406.5 16.8696
1407.5 19.7826
1408.5 31.4783
1409.5 9.21739
1410.5 23.913
1411.5 24.1304
1412.5 17.2609
1413.5 17.2174
1414.5 9.34782
1415.5 16.6087
1416.5 16.9565
1417.5 12.7391
1418.5 3.47826
1419.5 13.1304
1420.5 3.78261
1421.5 17.4348
1422.5 7.69565
1423.5 21.5652
1424.5 15.3478
1425.5 34.1304
1426.5 32.6087
1427.5 55.4783
1428.5 104.261
1429.5 88
1430.5 35.0435
1431.5 14.4783
1432.5 20.3913
1433.5 4.08696
1434.5 1.95652
1435.5 5.78261
1436.5 29.6087
1437.5 19.4348
1438.5 17.0435
1439.5 20.4783
1440.5 20.913
1441.5 15.5217
1442.5 17.5652
1443.5 12.5652
1444.5 14.4348
1445.5 23.6087
1446.5 12.5217
1447.5 19.2609
1448.5 16.2609
1449.5 -2.08696
1450.5 13.6957
1451.5 15.5652
1452.5 18.3043
1453.5 14.3043
1454.5 8.56522
1455.5 20.1304
1456.5 14.3478
1457.5 18.2174
1458.5 27.2609
1459.5 25.3043
1460.5 12.9565
1461.5 14.3913
1462.5 12.2174
1463.5 30.6522
1464.5 22.9565
1465.5 12.7391
1466.5 12.087
1467.5 18.3478
1468.5 3.43478
1469.5 17.5217
1470.5 6.60869
1471.5 25.6522
1472.5 18.8696
1473.5 26.9565
1474.5 19.5217
1475.5 13.5652
1476.5 1.08696
1477.5 5.65217
1478.5 16.3043
1479.5 12.3043
1480.5 10.087
1481.5 -2.52174
1482.5 -0.304349
1483.5 10.9565
1484.5 12.087
1485.5 3.56522
1486.5 -2.30435
1487.5 14.4348
1488.5 -2.52174
1489.5 10.8696
1490.5 -1.08696
1491.5 7.3913
1492.5 -1.60933e-06
1493.5 7.65217
1494.5 -16.6957
1495.5 -9.78261
1496.5 -1.08696
1497.5 -9.95653
1498.5 -38.2609
1499.5 -0.130447
1500.5 7.73912
1501.5 -7.73913
1502.5 9.47826
1503.5 10.4783
1504.5 6.26087
1505.5 -0.608697
1506.5 -4.95652
1507.5 14.1739
1508.5 9.78261
1509.5 14
1510.5 25.3913
1511.5 20.7826
1512.5 22.3043
1513.5 18.3043
1514.5 8.86956
1515.5 14.3043
1516.5 37.9565
1517.5 22.1739
1518.5 42.4783
1519.5 45.6087
1520.5 62.1304
1521.5 38.6522
1522.5 38.5217
1523.5 38.5652
1524.5 68.1304
1525.5 43.3043
1526.5 18.9565
1527.5 17.5217
1528.5 9.43478
1529.5 10.8696
1530.5 21.4348
1531.5 24.1739
1532.5 21.8261
1533.5 12.3043
1534.5 30.6957
1535.5 17.9565
1536.5 14.5217
1537.5 18.8261
1538.5 16.913
1539.5 7.69565
1540.5 0.869563
1541.5 19.7826
1542.5 12.0435
1543.5 9.43478
1544.5 19.3913
1545.5 27.8261
1546.5 17.2609
1547.5 14.1304
1548.5 18.4783
1549.5 3.04348
1550.5 9.60869
1551.5 14.913
1552.5 7.3913
1553.5 19.4783
1554.5 15.2174
1555.5 16.4348
1556.5 14.5217
1557.5 7.91304
1558.5 9.52174
1559.5 20.5652
1560.5 19.6522
1561.5 19.3043
1562.5 22.1739
1563.5 18.913
1564.5 17.4348
1565.5 9.21739
1566.5 25.6957
1567.5 23.5217
1568.5 15.6522
1569.5 8.65217
1570.5 7.30435
1571.5 13.1739
1572.5 15.6522
1573.5 12.9565
1574.5 12.087
1575.5 23.7826
1576.5 16.2174
1577.5 11.3478
1578.5 15.8696
1579.5 25.7391
1580.5 13.5217
1581.5 29.2174
1582.5 13.5217
1583.5 15
1584.5 19.5652
1585.5 48.1739
1586.5 26.2174
1587.5 37.5217
1588.5 22
1589.5 19.4783
1590.5 21.7391
1591.5 9.52174
1592.5 15.2174
1593.5 10.5217
1594.5 21.6087
1595.5 22.1739
1596.5 9.60869
1597.5 13.6522
1598.5 25.4348
1599.5 14.4783
1600.5 28.2174
1601.5 28.8261
1602.5 15.1739
1603.5 32.4783
1604.5 3.82609
1605.5 24.5652
1606.5 28.4348
1607.5 31.7826
1608.5 33.4348
1609.5 9.30435
1610.5 19.087
1611.5 21.7826
1612.5 15.7826
1613.5 26.8261
1614.5 15.2174
1615.5 5.60869
1616.5 3.95652
1617.5 25.8696
1618.5 21.2174
1619.5 14.5217
1620.5 11.6087
1621.5 17.4783
1622.5 23.8696
1623.5 14.6087
1624.5 3.95652
1625.5 16.8261
1626.5 24.3043
1627.5 20
1628.5 71.3478
1629.5 179.043
1630.5 214.043
1631.5 135.522
1632.5 90.0435
1633.5 40.5217
1634.5 20.5217
1635.5 14.4348
1636.5 19.8696
1637.5 9.26087
1638.5 11.087
1639.5 28.9565
1640.5 25.3043
1641.5 -3.17391
1642.5 2
1643.5 16.1739
1644.5 23
1645.5 2.34782
1646.5 37.6087
1647.5 22.2609
1648.5 28.6522
1649.5 29.7391
1650.5 22.1304
1651.5 30.5652
1652.5 31.5217
1653.5 19.7826
1654.5 30.5217
1655.5 23.3043
1656.5 9.3913
1657.5 20.3043
1658.5 33.6522
1659.5 14.4348
1660.5 9.73913
1661.5 24
1662.5 36.8261
1663.5 10.1304
1664.5 6.60869
1665.5 33.5217
1666.5 14.3043
1667.5 17.8696
1668.5 14.5217
1669.5 23.0435
1670.5 19.2174
1671.5 19.1739
1672.5 26.087
1673.5 18.087
1674.5 34.6522
1675.5 9.08696
1676.5 23.7826
1677.5 10.5652
1678.5 13.4783
1679.5 16.3043
1680.5 12.8696
1681.5 9.73913
1682.5 14.8261
1683.5 10.9565
1684.5 6.30435
1685.5 18.1739
1686.5 24.1304
1687.5 2.95652
1688.5 22.1739
1689.5 19.6087
1690.5 10.8261
1691.5 17.1304
1692.5 13.5652
1693.5 18.4783
1694.5 15.8261
1695.5 20.1739
1696.5 7.82609
1697.5 14.5652
1698.5 17.3478
1699.5 2.82609
1700.5 6.26087
1701.5 7
1702.5 13.1739
1703.5 10.6087
1704.5 8.26087
1705.5 15.7391
1706.5 13.4348
1707.5 12.1304
1708.5 20.8261
1709.5 20.7391
1710.5 19.2609
1711.5 6.56522
1712.5 10
1713.5 24.7826
1714.5 11.5652
1715.5 19.4783
1716.5 7.26087
1717.5 16.5652
1718.5 10.1739
1719.5 16.8696
1720.5 23.7391
1721.5 29.0435
1722.5 13.1304
1723.5 19.8696
1724.5 13.1739
1725.5 22.3478
1726.5 20.7826
1727.5 22.4783
1728.5 33.6087
1729.5 28.1304
1730.5 32.7391
1731.5 20.3913
1732.5 18.2174
1733.5 14.087
1734.5 4.47826
1735.5 4.91304
1736.5 12.6522
1737.5 7.91304
1738.5 11.6087
1739.5 16.7826
1740.5 21.2174
1741.5 2.47826
1742.5 22.3043
1743.5 30.5217
1744.5 11.1739
1745.5 7.60869
1746.5 2.82609
1747.5 16.2174
1748.5 14.0435
1749.5 17.8261
1750.5 21.7826
1751.5 15.3043
1752.5 15.5217
1753.5 2
1754.5 14.9565
1755.5 37.4348
1756.5 10.5217
1757.5 3.69565
1758.5 14.4783
1759.5 14.087
1760.5 15.3043
1761.5 20.8261
1762.5 19.7826
1763.5 17.4783
1764.5 23.4783
1765.5 43.3913
1766.5 35.6087
1767.5 52.6957
1768.5 43.8696
1769.5 53.913
1770.5 78.7826
1771.5 49.8696
1772.5 37.2174
1773.5 14
1774.5 42.7391
1775.5 34.7391
1776.5 41.2174
1777.5 20.5217
1778.5 8.91304
1779.5 17.087
1780.5 19.2174
1781.5 12.7391
1782.5 10.8261
1783.5 22.087
1784.5 16.1304
1785.5 16.4348
1786.5 20.1304
1787.5 21.1304
1788.5 12.5652
1789.5 14.1304
1790.5 7.86956
1791.5 10.8261
1792.5 24.7826
1793.5 19.1304
1794.5 9.21739
1795.5 9.08696
1796.5 20.0435
1797.5 17.0435
1798.5 17
1799.5 9.47826
1800.5 19.5217
1801.5 10.1739
1802.5 4.82609
1803.5 3.26087
1804.5 8
1805.5 2.17391
1806.5 22.5217
1807.5 15.087
1808.5 18.7826
1809.5 17.1304
1810.5 7.86956
1811.5 24.5217
1812.5 9.56522
1813.5 8.52174
1814.5 18.3913
1815.5 15.1304
1816.5 3.17391
1817.5 4.17391
1818.5 -3.82609
1819.5 14.6957
1820.5 3.47826
1821.5 11.7391
1822.5 19.4348
1823.5 2.95652
1824.5 26.8261
1825.5 12.087
1826.5 9.21739
1827.5 13.4348
1828.5 11.5652
1829.5 12.8261
1830.5 13.6957
1831.5 18.1304
1832.5 -2.08696
1833.5 3.69565
1834.5 7.56522
1835.5 15.8261
1836.5 11.2174
1837.5 13.5217
1838.5 7.52174
1839.5 12.1304
1840.5 11.4348
1841.5 26.6522
1842.5 7.26087
1843.5 16.1304
1844.5 -2.73913
1845.5 8.82609
1846.5 15.3913
1847.5 13.4783
1848.5 5.08696
1849.5 10.6957
1850.5 12.7826
1851.5 23.3478
1852.5 16.8261
1853.5 25.8696
1854.5 2.47826
1855.5 9.13043
1856.5 10.7391
1857.5 10.087
1858.5 10.3478
1859.5 29.9565
1860.5 20.1304
1861.5 27.2174
1862.5 2.86956
1863.5 24.7826
1864.5 8.56522
1865.5 2.52174
1866.5 10.5217
1867.5 9.04348
1868.5 19.4783
1869.5 16.6957
1870.5 27.5217
1871.5 18.5217
1872.5 31.913
1873.5 27.1304
1874.5 9.65217
1875.5 14.3043
1876.5 15.6522
1877.5 24.0435
1878.5 10.4348
1879.5 11.913
1880.5 19.087
1881.5 4.08696
1882.5 12.1304
1883.5 35.6522
1884.5 136.391
1885.5 439.217
1886.5 721.826
1887.5 788.478
1888.5 470.304
1889.5 149.435
1890.5 30.7391
1891.5 19.7826
1892.5 20.1304
1893.5 13.4783
1894.5 24.3043
1895.5 2.30435
1896.5 10.5217
1897.5 14.7826
1898.5 3.17391
1899.5 20.3913
1900.5 5.91304
1901.5 4.17391
1902.5 13.0435
1903.5 4.82609
1904.5 4.65217
1905.5 10.1739
1906.5 11.4348
1907.5 10.5217
1908.5 21.8261
1909.5 13.8261
1910.5 0.260868
1911.5 -9.13044
1912.5 8.43478
1913.5 -5.52174
1914.5 9.04348
1915.5 -1.07288e-06
1916.5 13.8696
1917.5 18.5217
1918.5 8.26087
1919.5 16.5217
1920.5 15.4783
1921.5 16.6957
1922.5 22.6522
1923.5 18.4348
1924.5 14.9565
1925.5 13.9565
1926.5 5.82609
1927.5 12.1304
1928.5 17.7826
1929.5 11.2609
1930.5 11.2174
1931.5 7.82609
1932.5 18.0435
1933.5 24
1934.5 16.3913
1935.5 8.21739
1936.5 10.6087
1937.5 15.8261
1938.5 -1.52174
1939.5 11.4348
1940.5 11.6087
1941.5 10.6522
1942.5 9.78261
1943.5 16.5217
1944.5 1.95652
1945.5 25.1304
1946.5 10.2609
1947.5 9.08696
1948.5 14.1739
1949.5 17.1304
1950.5 21.087
1951.5 16.3913
1952.5 16.2609
1953.5 11.5217
1954.5 12.8261
1955.5 2.17391
1956.5 20.913
1957.5 16.4348
1958.5 14.6956
1959.5 4.21739
1960.5 24.8696
1961.5 -3
1962.5 10.913
1963.5 20.6957
1964.5 10.6522
1965.5 18.087
1966.5 26.6957
1967.5 6.82609
1968.5 29.3478
1969.5 22.1739
1970.5 18.3478
1971.5 22.6957
1972.5 17.0435
1973.5 9.52174
1974.5 18.3913
1975.5 7.86956
1976.5 6.13043
1977.5 3.47826
1978.5 13.5217
1979.5 21.0435
1980.5 11.9565
1981.5 17.4783
1982.5 9.69565
1983.5 12.3913
1984.5 19.9565
1985.5 22.3913
1986.5 21.1304
1987.5 10.3913
1988.5 9.21739
1989.5 25
1990.5 24.3913
1991.5 24.9565
1992.5 15.8261
1993.5 6.04348
1994.5 10.1304
1995.5 13.2174
1996.5 11.7826
1997.5 18.4348
1998.5 10.087
1999.5 15.6957
2000.5 16.4348
2001.5 14.3913
2002.5 14.0435
2003.5 11.1304
2004.5 13.0435
2005.5 21.087
2006.5 5.82609
2007.5 4.86956
2008.5 14.4783
2009.5 16.7391
2010.5 28.9565
2011.5 15.4783
2012.5 19.1739
2013.5 24.7391
2014.5 22.7826
2015.5 11
2016.5 24.5652
2017.5 30.1739
2018.5 10.7391
2019.5 22.6522
2020.5 23.7391
2021.5 17
2022.5 15.3913
2023.5 18.6957
2024.5 12.6522
2025.5 29.6522
2026.5 13.6957
2027.5 22.7391
2028.5 11.0435
2029.5 21
2030.5 18.0435
2031.5 15.4783
2032.5 12.0435
2033.5 20.6957
2034.5 12.6957
2035.5 25.1304
2036.5 21.3478
2037.5 23.7826
2038.5 22.087
2039.5 39
2040.5 31.2609
2041.5 14.6522
2042.5 12.7391
2043.5 24.3043
2044.5 21.9565
2045.5 10.0435
2046.5 36.2174
2047.5 25.7391
2048.5 29.3043
2049.5 15.1739
2050.5 13.3913
2051.5 22.087
2052.5 12.7391
2053.5 0.826086
2054.5 15.7826
2055.5 12.3913
2056.5 11.7391
2057.5 5.69565
2058.5 7.26087
2059.5 17.9565
2060.5 13.9565
2061.5 15.3043
2062.5 12
2063.5 4.34783
2064.5 22.6087
2065.5 7.6087
2066.5 15
2067.5 10.1739
2068.5 12.4348
2069.5 9.65217
2070.5 14.087
2071.5 4.17391
2072.5 8.34783
2073.5 16.6522
2074.5 14.087
2075.5 6.08696
2076.5 17.3043
2077.5 15.6957
2078.5 21.3478
2079.5 16.3478
2080.5 10.3913
2081.5 3.82609
2082.5 13.8696
2083.5 6.69565
2084.5 20.2174
2085.5 13.9565
2086.5 5.08696
2087.5 6.13043
2088.5 25.2609
2089.5 6.56522
2090.5 9.3913
2091.5 12.8696
2092.5 -3.21739
2093.5 12.3478
2094.5 13.3043
2095.5 4.69565
2096.5 7.04348
2097.5 13
2098.5 16.913
2099.5 14.0435
2100.5 15
2101.5 6.65217
2102.5 23.3478
2103.5 8
2104.5 12.6957
2105.5 13.0435
2106.5 7
2107.5 13.4348
2108.5 18.087
2109.5 12.7826
2110.5 7.73913
2111.5 14.6087
2112.5 9.08696
2113.5 11.0435
2114.5 6.86956
2115.5 11.3043
2116.5 4.73913
2117.5 -3.86957
2118.5 15.6087
2119.5 10.9565
2120.5 7.3913
2121.5 14.0435
2122.5 1.04348
2123.5 12.6522
2124.5 6.91304
2125.5 12
2126.5 9.30435
2127.5 20.8696
2128.5 14.9565
2129.5 6.95652
2130.5 5.30435
2131.5 5.30435
2132.5 13.913
2133.5 4.43478
2134.5 12.9565
2135.5 5.95652
2136.5 -2.95652
2137.5 7.34783
2138.5 7.65217
2139.5 12.6957
2140.5 7.21739
2141.5 15.8261
2142.5 -14.2174
2143.5 13.7391
2144.5 12.6087
2145.5 -9.82609
2146.5 12.2174
2147.5 18.1739
2148.5 44.4783
2149.5 48.913
2150.5 99.2609
2151.5 130.174
2152.5 49.8261
2153.5 25.8696
2154.5 16.6957
2155.5 7.17391
2156.5 7.04348
2157.5 -3.21739
2158.5 15.5217
2159.5 8.56522
2160.5 3
2161.5 8.73913
2162.5 13.6522
2163.5 11.2609
2164.5 8.6087
2165.5 1.34783
2166.5 8.52174
2167.5 2.56522
2168.5 12.5652
2169.5 9.86956
2170.5 4.26087
2171.5 -1.04348
2172.5 6.26087
2173.5 13.3043
2174.5 12.2609
2175.5 8.17391
2176.5 6.91304
2177.5 7
2178.5 6.69565
2179.5 13.2174
2180.5 9.86956
2181.5 7.3913
2182.5 9.26087
2183.5 9
2184.5 2.91304
2185.5 5.34783
2186.5 3.6087
2187.5 12.6087
2188.5 10.3043
2189.5 5.21739
2190.5 11.5217
2191.5 10.2174
2192.5 3.73913
2193.5 2.65217
2194.5 9.3913
2195.5 9.69565
2196.5 2.91304
2197.5 2.34782
2198.5 24.4348
2199.5 22.2174
2200.5 30.8261
2201.5 5.13043
2202.5 15.1304
2203.5 -0.956522
2204.5 10.1304
2205.5 0.695652
2206.5 9.21739
2207.5 1.6087
2208.5 -3.65217
2209.5 11.913
2210.5 14.8261
2211.5 5.56522
2212.5 11.8261
2213.5 2.3913
2214.5 -1.43478
2215.5 -0.695653
2216.5 -3.65217
2217.5 2.95652
2218.5 3.65217
2219.5 7.30435
2220.5 17.7826
2221.5 21.4783
2222.5 21.913
2223.5 13.8261
2224.5 8.95652
2225.5 14.3913
2226.5 -5.26087
2227.5 3.04348
2228.5 7.6087
2229.5 3.3913
2230.5 4.30435
2231.5 10.913
2232.5 -1
2233.5 0.999999
2234.5 10.2174
2235.5 1.91304
2236.5 -1.26087
2237.5 7.65217
2238.5 6.26087
2239.5 6.6087
2240.5 11.2609
2241.5 1.56522
2242.5 2.56522
2243.5 10.2609
2244.5 7.56522
2245.5 4.86956
2246.5 8.86956
2247.5 9.69565
2248.5 1.04348
2249.5 7.95652
2250.5 3.26087
2251.5 -0.0434787
2252.5 -0.304348
2253.5 2.91304
2254.5 6.95652
2255.5 14.6087
2256.5 -4.26087
2257.5 2.95652
2258.5 5.56522
2259.5 -0.695653
2260.5 5.34783
2261.5 11.2609
2262.5 8.95652
2263.5 -4.86957
2264.5 -5.08696
2265.5 -2.13044
2266.5 -5.78261
2267.5 -1.52174
2268.5 0.826086
2269.5 -6.86957
2270.5 5.95652
2271.5 15.9565
2272.5 6.13043
2273.5 5.60869
2274.5 6.34782
2275.5 18.1739
2276.5 34.6957
2277.5 93.0435
2278.5 290.435
2279.5 692.87
2280.5 1174.39
2281.5 1267
2282.5 795.043
2283.5 282.348
2284.5 70.0435
2285.5 27.8696
2286.5 16.1739
2287.5 4.6087
2288.5 4.17391
2289.5 6.26087
2290.5 12.913
2291.5 1.95652
2292.5 4.56522
2293.5 -1.08696
2294.5 0.47826
2295.5 9
2296.5 -0.956522
2297.5 6.34783
2298.5 3.43478
2299.5 -12.5217
2300.5 -21.7826
2301.5 -15.7391
2302.5 3.65217
2303.5 -6.47826
2304.5 -1.43478
2305.5 -3.73913
2306.5 3.78261
2307.5 5.78261
2308.5 -8.26087
2309.5 -1.78261
2310.5 -2.95652
2311.5 -3
2312.5 -4
2313.5 4.91304
2314.5 2
2315.5 -15.1304
2316.5 -16.4783
2317.5 -6.65217
2318.5 -5.17391
2319.5 -3.73913
2320.5 -2.30435
2321.5 -1.3913
2322.5 5.52174
2323.5 5.13043
2324.5 6.17391
2325.5 1.30435
2326.5 3.34783
2327.5 -5
2328.5 -1.6087
2329.5 -4.3913
2330.5 -0.739131
2331.5 5.21739
2332.5 -6.6087
2333.5 15.3043
2334.5 0.521739
2335.5 5.56522
2336.5 -2.04348
2337.5 -0.173913
2338.5 11.2174
2339.5 6.56522
2340.5 8.6087
2341.5 2.21739
2342.5 -4
2343.5 1.86956
2344.5 6.21739
2345.5 0.608695
2346.5 1.6087
2347.5 5.91304
2348.5 2.6087
2349.5 -1.65217
2350.5 -4.04348
2351.5 1.91304
2352.5 3.56522
2353.5 0.913043
2354.5 -1.78261
2355.5 2.82609
2356.5 3.26087
2357.5 -5.34783
2358.5 -3.73913
2359.5 -0.695653
2360.5 -8.26087
2361.5 -8.56522
2362.5 2.26087
2363.5 0.304347
2364.5 2.95652
2365.5 7.21739
2366.5 -0.130435
2367.5 2.34783
2368.5 1.6087
2369.5 1.86956
2370.5 1.26087
2371.5 -0.739131
2372.5 0.608695
2373.5 -3.04348
2374.5 -0.347827
2375.5 -1.73913
2376.5 1.26087
2377.5 3.86956
2378.5 14.1739
2379.5 1.69565
2380.5 9.6087
2381.5 9.95652
2382.5 13.6087
2383.5 7.04348
2384.5 12.2174
2385.5 -2
2386.5 6.21739
2387.5 2.30435
2388.5 -7
2389.5 0.869565
2390.5 0.304347
2391.5 0.260869
2392.5 -2.78261
2393.5 5.13043
2394.5 8.6087
2395.5 9.52174
2396.5 4.86956
2397.5 7.21739
2398.5 1.26087
2399.5 -0.0869569
2400.5 -1.30435
2401.5 0.173913
2402.5 -0.434783
2403.5 3.30435
2404.5 -8.56522
2405.5 2.6087
2406.5 4.26087
2407.5 -1.43478
2408.5 -0.739131
2409.5 4.6087
2410.5 7.47826
2411.5 -1.73913
2412.5 1.86956
2413.5 -4.69565
2414.5 -1
2415.5 -5.6087
2416.5 8.52174
2417.5 -3.69565
2418.5 -2.65217
2419.5 1.21739
2420.5 4.82609
2421.5 -3.3913
2422.5 -3.04348
2423.5 -3.73913
2424.5 10.3043
2425.5 -0.130435
2426.5 -1.82609
2427.5 -2.34783
2428.5 4.6087
2429.5 -6.86957
2430.5 8.56522
2431.5 -1.43478
2432.5 1.91304
2433.5 4.21739
2434.5 11.2174
2435.5 0.608695
2436.5 1.95652
2437.5 3.56522
2438.5 3.91304
2439.5 -6.34783
2440.5 7.17391
2441.5 4.86956
2442.5 1.82609
2443.5 -4.65217
2444.5 0.608695
2445.5 3.30435
2446.5 0.260869
2447.5 -0.0434787
2448.5 9.17391
2449.5 2.26087
2450.5 3.47826
2451.5 -3.13044
2452.5 0.565217
2453.5 -1.13044
2454.5 2.52174
2455.5 1.6087
2456.5 -0.739131
2457.5 -6.65217
2458.5 -6.3913
2459.5 0.260869
2460.5 -3.6087
2461.5 6.17391
2462.5 3.21739
2463.5 1.91304
2464.5 -0.434783
2465.5 4.21739
2466.5 -9
2467.5 -5.04348
2468.5 0.913043
2469.5 -0.130435
2470.5 3.17391
2471.5 -1.52174
2472.5 2.17391
2473.5 3.21739
2474.5 -2.34783
2475.5 4.21739
2476.5 -1.47826
2477.5 -0.782609
2478.5 -4.73913
2479.5 0.913043
2480.5 11.8696
2481.5 0.913043
2482.5 5.91304
2483.5 -1.13044
2484.5 -0.434783
2485.5 8.26087
2486.5 -4
2487.5 5.52174
2488.5 0.304347
2489.5 0.608695
2490.5 0.565217
2491.5 -4.3913
2492.5 3.26087
2493.5 3.21739
2494.5 0.217391
2495.5 -3.34783
2496.5 5.86956
2497.5 0.565217
2498.5 3.95652
2499.5 -2.43478
2500.5 -2.13044
2501.5 -10.913
2502.5 0.913043
2503.5 -3.08696
2504.5 -9.65217
2505.5 -0.347827
2506.5 -2.04348
2507.5 1.91304
2508.5 -0.434783
2509.5 6.56522
2510.5 6.56522
2511.5 -0.0434787
2512.5 -5.69565
2513.5 1.26087
2514.5 -3.08696
2515.5 2.08696
2516.5 -6.34783
2517.5 -10.8696
2518.5 -18
2519.5 -7.56522
2520.5 -22.2609
2521.5 -14.3478
2522.5 12.913
2523.5 0.913043
2524.5 2.34783
2525.5 2.34783
2526.5 7.30435
2527.5 8.82609
2528.5 8.47826
2529.5 0.956521
2530.5 9.91304
2531.5 0.304347
2532.5 5.86956
2533.5 7.6087
2534.5 5.86956
2535.5 2.86956
2536.5 1.56522
2537.5 12.2174
2538.5 4.56522
2539.5 1.82609
2540.5 3.86956
2541.5 -0.826087
2542.5 1.82609
2543.5 1.47826
2544.5 0.260869
2545.5 -3.34783
2546.5 -0.478261
2547.5 -0.826087
2548.5 2.91304
2549.5 -4.43478
2550.5 2.86956
2551.5 -0.782609
2552.5 5.56522
2553.5 0.608695
2554.5 -2.3913
2555.5 3.17391
2556.5 1.91304
2557.5 -1.69565
2558.5 -3.43478
2559.5 1.65217
2560.5 -1.43478
2561.5 -1.43478
2562.5 3.91304
2563.5 1.26087
2564.5 -5.04348
2565.5 4.17391
2566.5 -0.695653
2567.5 1.47826
2568.5 -3.43478
2569.5 4.26087
2570.5 -0.521739
2571.5 2.52174
2572.5 -1.47826
2573.5 2.86956
2574.5 1.21739
2575.5 3.95652
2576.5 16.1739
2577.5 -3.78261
2578.5 -1.08696
2579.5 5.91304
2580.5 9.17391
2581.5 -2.78261
2582.5 2.21739
2583.5 -0.0869569
2584.5 0.521739
2585.5 5.21739
2586.5 2.47826
2587.5 0.869565
2588.5 -2.08696
2589.5 -0.478261
2590.5 2.52174
2591.5 -10.6522
2592.5 1.86956
2593.5 -0.782609
2594.5 6.17391
2595.5 -0.0869569
2596.5 2.26087
2597.5 4.26087
2598.5 -2.3913
2599.5 6.52174
2600.5 2.91304
2601.5 3.56522
2602.5 -4.69565
2603.5 0.478261
2604.5 4.17391
2605.5 -1.3913
2606.5 -0.434783
2607.5 4.56522
2608.5 3.6087
2609.5 10.4783
2610.5 3.86956
2611.5 7.13043
2612.5 0.260869
2613.5 3.65217
2614.5 2.26087
2615.5 -1.04348
2616.5 -6.13044
2617.5 2.21739
2618.5 11.5652
2619.5 -5.43479
2620.5 5.13043
2621.5 17.4348
2622.5 9.21739
2623.5 7.91304
2624.5 2.52174
2625.5 -3.3913
2626.5 -0.0869569
2627.5 -1.08696
2628.5 4.78261
2629.5 1.17391
2630.5 1.52174
2631.5 1.56522
2632.5 3.30435
2633.5 3.13043
2634.5 -3.13044
2635.5 1.91304
2636.5 1.52174
2637.5 -1.47826
2638.5 -7.26087
2639.5 -3.69565
2640.5 5.21739
2641.5 6.56522
2642.5 3.91304
2643.5 -2.08696
2644.5 3.86956
2645.5 -1.82609
2646.5 2.17391
2647.5 0.521739
2648.5 4.52174
2649.5 8.78261
2650.5 -0.130435
2651.5 0.217391
2652.5 -7.30435
2653.5 -0.304348
2654.5 0.73913
2655.5 -2.34783
2656.5 -7.21739
2657.5 -16.1739
2658.5 0.608695
2659.5 0.869565
2660.5 -5.08696
2661.5 2.52174
2662.5 -0.173913
2663.5 2.86956
2664.5 3.86956
2665.5 0.869565
2666.5 -4.04348
2667.5 0.565217
2668.5 -5.08696
2669.5 0.608695
2670.5 1.21739
2671.5 1.52174
2672.5 4.52174
2673.5 6.17391
2674.5 -1.13044
2675.5 -3.3913
2676.5 5.56522
2677.5 1.21739
2678.5 7.52174
2679.5 1.47826
2680.5 0.869565
2681.5 0.521739
2682.5 -0.391305
2683.5 4.17391
2684.5 1.95652
2685.5 -0.782609
2686.5 2.95652
2687.5 -1.34783
2688.5 -1.65217
2689.5 3
2690.5 -5.56522
2691.5 -6.78261
2692.5 4.30435
2693.5 10.5217
2694.5 -5.04348
2695.5 4.21739
2696.5 0.130435
2697.5 1.17391
2698.5 -4.73913
2699.5 2.91304
2700.5 8.52174
2701.5 2.47826
2702.5 -1.43478
2703.5 0.913043
2704.5 1.47826
2705.5 6.17391
2706.5 3.17391
2707.5 -3.13044
2708.5 3.21739
2709.5 5.82609
2710.5 -2.04348
2711.5 2.86956
2712.5 4.17391
2713.5 -2.65217
2714.5 -2.78261
2715.5 -4.04348
2716.5 4.86956
2717.5 0.217391
2718.5 -0.0869569
2719.5 2.91304
2720.5 -1.34783
2721.5 4.78261
2722.5 4.91304
2723.5 10.6957
2724.5 13
2725.5 -5.3913
2726.5 4.52174
2727.5 2.52174
2728.5 -0.0869569
2729.5 -4.04348
2730.5 1.6087
2731.5 -0.695653
2732.5 0.260869
2733.5 0.652173
2734.5 12.1739
2735.5 5.13043
2736.5 -0.0434787
2737.5 1.52174
2738.5 7.82609
2739.5 4.13043
2740.5 2.82609
2741.5 4.17391
2742.5 1.91304
2743.5 -1.04348
2744.5 -2.95652
2745.5 4.26087
2746.5 5.91304
2747.5 8.95652
2748.5 -0.956522
2749.5 -18.7826
2750.5 3
2751.5 -4.65217
2752.5 -4.08696
2753.5 -0.826087
2754.5 6.47826
2755.5 0.826087
2756.5 -0.391305
2757.5 -7.65217
2758.5 0.608695
2759.5 0.130435
2760.5 -3.73913
2761.5 3.82609
2762.5 1.26087
2763.5 0.608695
2764.5 -1.13044
2765.5 0.521739
2766.5 0.913043
2767.5 -0.130435
2768.5 10.7826
2769.5 8.47826
2770.5 -0.478261
2771.5 1.52174
2772.5 -0.782609
2773.5 2.65217
2774.5 -2.3913
2775.5 -2.13044
2776.5 -1.78261
2777.5 0.565217
2778.5 -3.43478
2779.5 0.565217
2780.5 3.86956
2781.5 -0.0434787
2782.5 3.65217
2783.5 -2
2784.5 -4.3913
2785.5 4.30435
2786.5 1.13043
2787.5 -4.30435
2788.5 -1.34783
2789.5 5.6087
2790.5 -1.73913
2791.5 -0.0434787
2792.5 -3.08696
2793.5 0.217391
2794.5 3.86956
2795.5 0.478261
2796.5 -4.3913
2797.5 -0.478261
2798.5 -3.13044
2799.5 -3.04348
2800.5 -6.08696
2801.5 -0.826087
2802.5 -0.782609
2803.5 2.21739
2804.5 -1.65217
2805.5 -0.0869569
2806.5 -5.30435
2807.5 0.956521
2808.5 9.91304
2809.5 -4.56522
2810.5 2.30435
2811.5 4.56522
2812.5 10.1739
2813.5 -3.73913
2814.5 -4.73913
2815.5 3.86956
2816.5 -0.782609
2817.5 0.869565
2818.5 -1.13044
2819.5 1.52174
2820.5 -3.73913
2821.5 -0.434783
2822.5 5.17391
2823.5 0.478261
2824.5 -2.78261
2825.5 7.52174
2826.5 3.91304
2827.5 -1.34783
2828.5 2.30435
2829.5 -6.73913
2830.5 -7.69565
2831.5 -2.43478
2832.5 -2.82609
2833.5 0.173913
2834.5 -1.47826
2835.5 -3.13044
2836.5 2.78261
2837.5 -3.13044
2838.5 -1.73913
2839.5 -4.08696
2840.5 -3.13044
2841.5 -2.3913
2842.5 5.52174
2843.5 -6.04348
2844.5 2.6087
2845.5 8.91304
2846.5 5.30435
2847.5 0.999999
2848.5 1.91304
2849.5 3.91304
2850.5 -1.08696
2851.5 -2.78261
2852.5 1.86956
2853.5 -0.782609
2854.5 8.13043
2855.5 -3.82609
2856.5 0.565217
2857.5 -10.7391
2858.5 -10.087
2859.5 1.17391
2860.5 -3.43478
2861.5 -0.130435
2862.5 2.47826
2863.5 -0.782609
2864.5 -1.13044
2865.5 2.17391
2866.5 0.173913
2867.5 2.86956
2868.5 -0.347827
2869.5 -22.3913
2870.5 -17.3913
2871.5 -16.7391
2872.5 -12.5652
2873.5 -6.73913
2874.5 -3.3913
2875.5 0.826087
2876.5 -10
2877.5 1.82609
2878.5 1.47826
2879.5 -1.78261
2880.5 3.13043
2881.5 -2.69565
2882.5 -7.04348
2883.5 2.34783
2884.5 -10
2885.5 -3.3913
2886.5 1.56522
2887.5 4.56522
2888.5 3.95652
2889.5 12.6087
2890.5 55.9565
2891.5 74.4348
2892.5 140.478
2893.5 183.435
2894.5 122.217
2895.5 36.6957
2896.5 9.30435
2897.5 8.52174
2898.5 1.82609
2899.5 2.08696
2900.5 -6.13044
2901.5 3.47826
2902.5 5.43478
2903.5 1.52174
2904.5 -0.826087
2905.5 5.43478
2906.5 -2.43478
2907.5 -1.13044
2908.5 10.1304
2909.5 -1.69565
2910.5 -1.13044
2911.5 -4.04348
2912.5 3.17391
2913.5 -0.478261
2914.5 -4.95652
2915.5 -5.65217
2916.5 -7.30435
2917.5 -0.478261
2918.5 -5.65217
2919.5 -1.78261
2920.5 1.86956
2921.5 0.521739
2922.5 -4.78261
2923.5 -3.73913
2924.5 0.478261
2925.5 -0.739131
2926.5 3.52174
2927.5 4.56522
2928.5 0.173913
2929.5 5.43478
2930.5 -3.17391
2931.5 -5.17391
2932.5 0.826087
2933.5 -0.739131
2934.5 2.47826
2935.5 -9.08696
2936.5 -0.173913
2937.5 -3
2938.5 1.17391
2939.5 1.17391
2940.5 -1.78261
2941.5 -4.17391
2942.5 4.43478
2943.5 -0.0434787
2944.5 -5.73913
2945.5 -4.21739
2946.5 8.91304
2947.5 -1.34783
2948.5 -4.91304
2949.5 3.65217
2950.5 -5.04348
2951.5 -3.47826
2952.5 4.13043
2953.5 -2.73913
2954.5 -10
2955.5 7.43478
2956.5 -1.47826
2957.5 3.86956
2958.5 0.130435
2959.5 -5.17391
2960.5 2.47826
2961.5 4.13043
2962.5 -0.782609
2963.5 -2.78261
2964.5 1.82609
2965.5 -2.43478
2966.5 -0.739131
2967.5 -0.478261
2968.5 5.47826
2969.5 -9.04348
2970.5 -4.17391
2971.5 -1.56522
2972.5 -0.826087
2973.5 -1.43478
2974.5 2.47826
2975.5 -1.47826
2976.5 -0.173913
2977.5 -0.565218
2978.5 -0.130435
2979.5 4.47826
2980.5 2.78261
2981.5 0.782609
2982.5 -0.869565
2983.5 -1.47826
2984.5 1.73913
2985.5 0.478261
2986.5 4.78261
2987.5 0.73913
2988.5 2.52174
2989.5 1.47826
2990.5 2.78261
2991.5 9.65217
2992.5 0.695652
2993.5 7.73913
2994.5 9.04348
2995.5 -7.95652
2996.5 -8.3913
2997.5 -7.78261
2998.5 -4.82609
2999.5 -3.78261
3000.5 -0.478261
3001.5 5.13043
3002.5 -1.52174
3003.5 5.91304
3004.5 3.47826
3005.5 1.86956
3006.5 7.56522
3007.5 1.52174
3008.5 -1.13044
3009.5 3.17391
3010.5 -12.9565
3011.5 1.17391
3012.5 -8.08696
3013.5 -3.13044
3014.5 -3.13044
3015.5 3.43478
3016.5 -5.52174
3017.5 -1.86957
3018.5 -1.82609
3019.5 -1.17391
3020.5 -7.13044
3021.5 -3.82609
3022.5 -0.217391
3023.5 -4.82609
3024.5 1.13043
3025.5 -0.173913
3026.5 -2.17391
3027.5 -2.78261
3028.5 0.478261
3029.5 -2.08696
3030.5 2.78261
3031.5 -1.13044
3032.5 10.087
3033.5 -3.08696
3034.5 -7.86957
3035.5 3.30435
3036.5 -23.8261
3037.5 -26.1304
3038.5 -1.47827
3039.5 -16.1739
3040.5 7.08695
3041.5 -4.69565
3042.5 0.73913
3043.5 3.21739
3044.5 -2.08696
3045.5 3.82609
3046.5 -0.217391
3047.5 0.826087
3048.5 -0.173913
3049.5 2.13043
3050.5 -6.82609
3051.5 0.478261
3052.5 -1.86957
3053.5 -3.13044
3054.5 9.82609
3055.5 -4.82609
3056.5 -2.47826
3057.5 -3.52174
3058.5 1.78261
3059.5 -4.43478
3060.5 2.56522
3061.5 5.47826
3062.5 -4.78261
3063.5 0.869565
3064.5 0.869565
3065.5 -8.04348
3066.5 -0.565218
3067.5 1.08696
3068.5 6.43478
3069.5 0.0869564
3070.5 -4.17391
3071.5 -3.82609
3072.5 -1.82609
3073.5 7.43478
3074.5 3.47826
3075.5 5.43478
3076.5 0.130435
3077.5 1.73913
3078.5 -0.869565
3079.5 3.73913
3080.5 -4.13044
3081.5 -4.17391
3082.5 -0.521739
3083.5 1.08696
3084.5 0.478261
3085.5 -0.26087
3086.5 -4.47826
3087.5 -3.47826
3088.5 -1.52174
3089.5 -4.52174
3090.5 -1.56522
3091.5 1.43478
3092.5 3.47826
3093.5 -3.47826
3094.5 2.47826
3095.5 5.78261
3096.5 -4.13044
3097.5 -8
3098.5 -1.78261
3099.5 5.56522
3100.5 -9.78261
3101.5 -6.26087
3102.5 -1.08696
3103.5 -2.08696
3104.5 -6.78261
3105.5 0.782609
3106.5 -1.34783
3107.5 1.26087
3108.5 -3.91304
3109.5 -3.08696
3110.5 -7.04348
3111.5 -1.86957
3112.5 1.86956
3113.5 0.260869
3114.5 2.52174
3115.5 4.47826
3116.5 -0.217391
3117.5 -2.21739
3118.5 -2.56522
3119.5 3.47826
3120.5 1.08696
3121.5 6.08696
3122.5 -1.21739
3123.5 -1.82609
3124.5 1.13043
3125.5 -1.52174
3126.5 -2.82609
3127.5 2.13043
3128.5 -3.82609
3129.5 -6.13044
3130.5 -3.21739
3131.5 -2.17391
3132.5 -3.52174
3133.5 -0.217391
3134.5 -0.173913
3135.5 -3.52174
3136.5 0.434782
3137.5 -3.82609
3138.5 -6.13044
3139.5 -3.17391
3140.5 -2.86957
3141.5 0.434782
3142.5 0.130435
3143.5 3.3913
3144.5 -0.608696
3145.5 -0.217391
3146.5 0.521739
3147.5 -4.47826
3148.5 4.13043
3149.5 -4.82609
3150.5 1.86956
3151.5 -2.86957
3152.5 -1.52174
3153.5 -1.52174
3154.5 0.173913
3155.5 -2.56522
3156.5 -7.04348
3157.5 1.21739
3158.5 3.91304
3159.5 -4.34783
3160.5 -4.47826
3161.5 -3.17391
3162.5 -5.13044
3163.5 -1.47826
3164.5 0.434782
3165.5 0.0869564
3166.5 -0.26087
3167.5 2.04348
3168.5 -3.17391
3169.5 -1.82609
3170.5 -2.21739
3171.5 -0.26087
3172.5 -0.913044
3173.5 -1.17391
3174.5 7.82609
3175.5 -1.52174
3176.5 -4.47826
3177.5 -4.82609
3178.5 1.43478
3179.5 -4.17391
3180.5 2.43478
3181.5 -2.52174
3182.5 -0.521739
3183.5 -6.43478
3184.5 5.78261
3185.5 -6.82609
3186.5 -3.82609
3187.5 3.82609
3188.5 -4.78261
3189.5 0.826087
3190.5 -1.56522
3191.5 2.43478
3192.5 6.08696
3193.5 -1.86957
3194.5 -4.56522
3195.5 -3.17391
3196.5 -2.13044
3197.5 -4.65217
3198.5 -0.52174
3199.5 7.30435
3200.5 12.3478
3201.5 9.78261
3202.5 -13.6522
3203.5 -3.04348
3204.5 -8.82609
3205.5 -4.43478
3206.5 -4.82609
3207.5 4.73913
3208.5 -3.17391
3209.5 -2.21739
3210.5 -1.91304
3211.5 -2.86957
3212.5 -4.52174
3213.5 -1.30435
3214.5 3.08696
3215.5 2.69565
3216.5 1.08696
3217.5 -2.52174
3218.5 -0.26087
3219.5 -1.26087
3220.5 -3.47826
3221.5 2.13043
3222.5 -4.43478
3223.5 -4.13044
3224.5 0.434782
3225.5 -5.82609
3226.5 -3.21739
3227.5 -2.17391
3228.5 1.04348
3229.5 2.43478
3230.5 -5.82609
3231.5 0.130435
3232.5 4.3913
3233.5 -0.521739
3234.5 -0.565218
3235.5 1.43478
3236.5 -0.565218
3237.5 -3.13044
3238.5 3.43478
3239.5 -1.47826
3240.5 -10.2609
3241.5 -3.86957
3242.5 6.65217
3243.5 -0.391305
3244.5 1.82609
3245.5 0.73913
3246.5 -2.56522
3247.5 1.3913
3248.5 1.43478
3249.5 -2.56522
3250.5 7.04348
3251.5 -1.56522
3252.5 1.08696
3253.5 -2.26087
3254.5 -3.17391
3255.5 1.17391
3256.5 2.86956
3257.5 -1.69565
3258.5 2.91304
3259.5 5.52174
3260.5 0.434782
3261.5 1.47826
3262.5 -2.21739
3263.5 0.391304
3264.5 -0.565218
3265.5 2.43478
3266.5 0.434782
3267.5 2.08696
3268.5 -5.86957
3269.5 -0.565218
3270.5 1.73913
3271.5 2.08696
3272.5 -1.56522
3273.5 -1.26087
3274.5 2.3913
3275.5 -2.56522
3276.5 1.69565
3277.5 -1.91304
3278.5 -2.6087
3279.5 1.73913
3280.5 -2.17391
3281.5 -1.91304
3282.5 6.3913
3283.5 -1.52174
3284.5 0.73913
3285.5 1.3913
3286.5 2.69565
3287.5 -3.26087
3288.5 1.04348
3289.5 3.04348
3290.5 -0.608696
3291.5 -2.91304
3292.5 4.43478
3293.5 -1.91304
3294.5 -0.217391
3295.5 -2.56522
3296.5 -1.52174
3297.5 -4.17391
3298.5 6.82609
3299.5 -0.217392
3300.5 -10.2609
3301.5 -5.65218
3302.5 8.04348
3303.5 -0.695653
3304.5 -7.17391
3305.5 0.0869564
3306.5 2.3913
3307.5 -0.26087
3308.5 3.08696
3309.5 1.69565
3310.5 0.0434782
3311.5 4.08696
3312.5 1.04348
3313.5 4.73913
3314.5 3.34783
3315.5 1.3913
3316.5 3.08696
3317.5 3.73913
3318.5 -2.82609
3319.5 -6
3320.5 -4.91304
3321.5 10.8696
3322.5 -10.3043
3323.5 4.65217
3324.5 -5.36442e-07
3325.5 5.17391
3326.5 1.43478
3327.5 3.73913
3328.5 0.0434782
3329.5 1.69565
3330.5 -2.21739
3331.5 1.69565
3332.5 0.695652
3333.5 -0.956522
3334.5 -0.26087
3335.5 -1.6087
3336.5 -0.26087
3337.5 -2.6087
3338.5 0.0434782
3339.5 4.3913
3340.5 -0.608696
3341.5 -0.26087
3342.5 0.0434782
3343.5 2.34783
3344.5 0.695652
3345.5 -1.6087
3346.5 -1.30435
3347.5 1.04348
3348.5 -0.956522
3349.5 0.391304
3350.5 4.3913
3351.5 6.3913
3352.5 1.69565
3353.5 1.78261
3354.5 0.130435
3355.5 -3.86957
3356.5 2.73913
3357.5 -0.608696
3358.5 -2.86957
3359.5 -4.21739
3360.5 -2.6087
3361.5 -1.26087
3362.5 -0.26087
3363.5 -2.6087
3364.5 1.04348
3365.5 2.08696
3366.5 0.434782
3367.5 -0.565218
3368.5 1.69565
3369.5 -3.21739
3370.5 -3.52174
3371.5 2.34783
3372.5 -2.91304
3373.5 -1.95652
3374.5 -0.304348
3375.5 -0.956522
3376.5 -1.52174
3377.5 -1.52174
3378.5 -16.6087
3379.5 -26.2609
3380.5 -48.7826
3381.5 -93.7391
3382.5 -97.2609
3383.5 -96.6522
3384.5 -49.3913
3385.5 -17.5652
3386.5 -3.56522
3387.5 -5.21739
3388.5 0.0869564
3389.5 -2.56522
3390.5 -0.913044
3391.5 -0.26087
3392.5 -2.86957
3393.5 -7.73913
3394.5 -14.2174
3395.5 -20.6522
3396.5 -15.7826
3397.5 -5.43478
3398.5 -6.08696
3399.5 -0.608696
3400.5 2.69565
3401.5 1.69565
3402.5 7.69565
3403.5 3.3913
3404.5 8.73913
3405.5 17.7391
3406.5 1.69565
3407.5 3.3913
3408.5 2.3913
3409.5 -0.26087
3410.5 1.04348
3411.5 0.695652
3412.5 -1.6087
3413.5 1.04348
3414.5 2.34783
3415.5 5.04348
3416.5 1.69565
3417.5 -1.95652
3418.5 1.69565
3419.5 1.69565
3420.5 1.69565
3421.5 1.78261
3422.5 -2.52174
3423.5 -8
3424.5 -15.1739
3425.5 -16.3043
3426.5 -5.78261
3427.5 -12.2609
3428.5 -15.1739
3429.5 -7.56522
3430.5 -4.17391
3431.5 -0.956522
3432.5 4.69565
3433.5 2.69565
3434.5 1.69565
3435.5 1.3913
3436.5 0.347826
3437.5 -1.56522
3438.5 3.04348
3439.5 2.43478
3440.5 0.0434782
3441.5 1.69565
3442.5 -2.26087
3443.5 1.04348
3444.5 0.695652
3445.5 -1.91304
3446.5 1.69565
3447.5 2.73913
3448.5 1.78261
3449.5 4.3913
3450.5 4.04348
3451.5 -4.21739
3452.5 1.69565
3453.5 0.695652
3454.5 -0.956522
3455.5 0.0434782
3456.5 2
3457.5 -1.26087
3458.5 0.347826
3459.5 1.69565
3460.5 0.347826
3461.5 -0.608696
3462.5 0.347826
3463.5 -1.6087
3464.5 -1.6087
3465.5 -0.26087
3466.5 -0.304348
3467.5 2.04348
3468.5 0.695652
3469.5 1.69565
3470.5 2
3471.5 0.695652
3472.5 0.0869564
3473.5 -0.956522
3474.5 1.3913
3475.5 -0.956522
3476.5 3
3477.5 0.0434782
3478.5 1.69565
3479.5 0.0434782
3480.5 1.34783
3481.5 -0.608696
3482.5 -1.95652
3483.5 2.69565
3484.5 0.0434782
3485.5 0.0434782
3486.5 1.04348
3487.5 3.34783
3488.5 0.0434782
3489.5 -0.956522
3490.5 -0.608696
3491.5 3.04348
3492.5 0.391304
3493.5 -1.6087
3494.5 -0.956522
3495.5 5.73913
3496.5 1.69565
3497.5 2.34783
3498.5 -1.91304
3499.5 -0.652174
3500.5 1
3501.5 3
3502.5 2
3503.5 3.34783
3504.5 1.3913
3505.5 2.34783
3506.5 0.0434782
3507.5 -0.304348
3508.5 1.04348
3509.5 -0.956522
3510.5 -0.913044
3511.5 1.34783
3512.5 0.695652
3513.5 -0.956522
3514.5 -3.26087
3515.5 -1.91304
3516.5 1.04348
3517.5 3.69565
3518.5 3.34783
3519.5 4
3520.5 0
3521.5 1.69565
3522.5 -1.30435
3523.5 1.3913
3524.5 -1.95652
3525.5 -0.652174
3526.5 2
3527.5 -0.652174
3528.5 -1.95652
3529.5 1.69565
3530.5 1.69565
3531.5 1.78261
3532.5 5.43478
3533.5 -3.43478
3534.5 4.69565
3535.5 -0.956522
3536.5 -1.30435
3537.5 3.69565
3538.5 -0.304348
3539.5 -2.26087
3540.5 -0.956522
3541.5 3.69565
3542.5 -1.30435
3543.5 0.695652
3544.5 -0.956522
3545.5 -0.652174
3546.5 0.0434782
3547.5 1
3548.5 -0.304348
3549.5 -1.95652
3550.5 -1.95652
3551.5 1
3552.5 0.695652
3553.5 3
3554.5 -0.956522
3555.5 0.695652
3556.5 0.347826
3557.5 -1.30435
3558.5 -0.304348
3559.5 1.69565
3560.5 -0.652174
3561.5 2
3562.5 -0.956522
3563.5 0.0434782
3564.5 0.695652
3565.5 1.69565
3566.5 0.0434782
3567.5 0
3568.5 1.34783
3569.5 1.04348
3570.5 -0.652174
3571.5 2.34783
3572.5 1.34783
3573.5 1.34783
3574.5 -1.30435
3575.5 1.34783
3576.5 -1.30435
3577.5 0.0434782
3578.5 1.69565
3579.5 -0.304348
3580.5 -0.956522
3581.5 -0.304348
3582.5 1.04348
3583.5 -1.30435
3584.5 -0.956522
3585.5 0.695652
3586.5 -0.304348
3587.5 -0.304348
3588.5 -1.30435
3589.5 -0.652174
3590.5 -0.26087
3591.5 -1.6087
3592.5 2.34783
3593.5 -1.30435
3594.5 -0.304348
3595.5 -1.30435
3596.5 0.347826
3597.5 0.347826
3598.5 -0.304348
3599.5 -0.304348
3600.5 -1.6087
3601.5 -0.304348
3602.5 1.3913
3603.5 -3.91304
3604.5 1
3605.5 -1.30435
3606.5 0.347826
3607.5 -0.652174
3608.5 -0.304348
3609.5 1.69565
3610.5 -1.91304
3611.5 -0.304348
3612.5 -0.956522
3613.5 -1.95652
3614.5 -1.30435
3615.5 -0.956522
3616.5 1.04348
3617.5 2
3618.5 2.73913
3619.5 -0.304348
3620.5 -1.6087
3621.5 2.34783
3622.5 2.34783
3623.5 0.391304
3624.5 0.347826
3625.5 3.69565
3626.5 0.347826
3627.5 0.0434782
3628.5 0.695652
3629.5 2
3630.5 1
3631.5 3
3632.5 2
3633.5 -0.26087
3634.5 2.34783
3635.5 -1.30435
3636.5 1
3637.5 2.04348
3638.5 -0.608696
3639.5 -0.956522
3640.5 2.69565
3641.5 -0.304348
3642.5 2.69565
3643.5 0.0434782
3644.5 0.391304
3645.5 -1.26087
3646.5 2.69565
3647.5 1
3648.5 2
3649.5 0.0434782
3650.5 -2.6087
3651.5 0.0434782
3652.5 0.0434782
3653.5 2
3654.5 0.695652
3655.5 0.0434782
3656.5 1.3913
3657.5 3.69565
3658.5 -0.956522
3659.5 3.04348
3660.5 -1.21739
3661.5 1.43478
3662.5 2.08696
3663.5 -1.26087
3664.5 -1.30435
3665.5 -3.26087
3666.5 -0.304348
3667.5 -1.30435
3668.5 -1.95652
3669.5 0.695652
3670.5 -1.6087
3671.5 -1.95652
3672.5 1.04348
3673.5 1.34783
3674.5 1.04348
3675.5 -1.6087
3676.5 0.347826
3677.5 1
3678.5 0.347826
3679.5 -0.652174
3680.5 0.347826
3681.5 2.69565
3682.5 -1.26087
3683.5 -2.6087
3684.5 1.3913
3685.5 0.695652
3686.5 -1.30435
3687.5 -0.304348
3688.5 0.347826
3689.5 1.04348
3690.5 1
3691.5 -1.30435
3692.5 1
3693.5 0.695652
3694.5 1.34783
3695.5 -1.91304
3696.5 0
3697.5 -1.30435
3698.5 0.347826
3699.5 -2.6087
3700.5 1.34783
3701.5 1.69565
3702.5 -1.6087
3703.5 1
3704.5 -0.608696
3705.5 -0.304348
3706.5 2.34783
3707.5 1.34783
3708.5 -0.652174
3709.5 0
3710.5 1.04348
3711.5 1
3712.5 -2.91304
3713.5 1.34783
3714.5 -0.304348
3715.5 -0.956522
3716.5 3
3717.5 2.34783
3718.5 -1.30435
3719.5 0.391304
3720.5 3.34783
3721.5 -0.304348
3722.5 3
3723.5 1
3724.5 -1.30435
3725.5 -0.304348
3726.5 -0.304348
3727.5 0
3728.5 4
3729.5 -1.30435
3730.5 1.04348
3731.5 1.34783
3732.5 1.34783
3733.5 4.34783
3734.5 0.695652
3735.5 -0.304348
3736.5 0.695652
3737.5 -0.304348
3738.5 -0.652174
3739.5 1.34783
3740.5 -0.956522
3741.5 2
3742.5 -0.956522
3743.5 1.34783
3744.5 0.695652
3745.5 1.08696
3746.5 -0.304348
3747.5 -0.956522
3748.5 1.04348
3749.5 -0.956522
3750.5 -0.956522
3751.5 0.0434782
3752.5 -0.652174
3753.5 -0.652174
3754.5 1.34783
3755.5 -0.304348
3756.5 2
3757.5 -0.304348
3758.5 1.69565
3759.5 2
3760.5 -1.95652
3761.5 -0.652174
3762.5 1.34783
3763.5 1.34783
3764.5 -0.956522
3765.5 -2.6087
3766.5 4
3767.5 0.347826
3768.5 -1.95652
3769.5 0
3770.5 1.69565
3771.5 0.347826
3772.5 1.34783
3773.5 -0.304348
3774.5 0
3775.5 0
3776.5 2.34783
3777.5 -2.6087
3778.5 1.04348
3779.5 0.0434782
3780.5 -0.652174
3781.5 0.695652
3782.5 1.04348
3783.5 0.695652
3784.5 0.0434782
3785.5 0.347826
3786.5 1
3787.5 -0.608696
3788.5 0.347826
3789.5 -1.30435
3790.5 -1.30435
3791.5 2.69565
3792.5 1
3793.5 3.34783
3794.5 -3.56522
3795.5 1
3796.5 -0.304348
3797.5 -0.304348
3798.5 0.347826
3799.5 1
3800.5 3
3801.5 0.347826
3802.5 -0.304348
3803.5 -0.956522
3804.5 1.69565
3805.5 1.34783
3806.5 -1.30435
3807.5 -0.26087
3808.5 -1.6087
3809.5 -1.6087
3810.5 0.434782
3811.5 -0.304348
3812.5 1.34783
3813.5 -0.304348
3814.5 0
3815.5 3
3816.5 -1.95652
3817.5 -1.95652
3818.5 1
3819.5 0
3820.5 1.34783
3821.5 1.69565
3822.5 1.34783
3823.5 0.347826
3824.5 -1.95652
3825.5 0.347826
3826.5 0.347826
3827.5 0.347826
3828.5 -0.608696
3829.5 -1.6087
3830.5 1.34783
3831.5 1
3832.5 0.347826
3833.5 0.695652
3834.5 -1.30435
3835.5 0.0434782
3836.5 1
3837.5 -1.30435
3838.5 2
3839.5 -1.30435
3840.5 1.34783
3841.5 0.695652
3842.5 2
3843.5 0.347826
3844.5 1.34783
3845.5 0.695652
3846.5 1.34783
3847.5 -1.6087
3848.5 2
3849.5 0.695652
3850.5 -1.95652
3851.5 -0.956522
3852.5 0.0434782
3853.5 2.34783
3854.5 -0.652174
3855.5 1.69565
3856.5 4.34783
3857.5 -1.30435
3858.5 -1.30435
3859.5 -0.956522
3860.5 -0.304348
3861.5 0.695652
3862.5 -0.956522
3863.5 0.695652
3864.5 -1.6087
3865.5 -0.956522
3866.5 1.69565
3867.5 -1.6087
3868.5 0.391304
3869.5 0.347826
3870.5 2.69565
3871.5 2.04348
3872.5 0.347826
3873.5 0
3874.5 1.34783
3875.5 2.34783
3876.5 -2.56522
3877.5 1.34783
3878.5 1.34783
3879.5 -1.95652
3880.5 -0.304348
3881.5 0.347826
3882.5 0.347826
3883.5 4
3884.5 -2.6087
3885.5 -0.304348
3886.5 0.347826
3887.5 -1.30435
3888.5 -0.956522
3889.5 2.73913
3890.5 1
3891.5 -0.652174
3892.5 2.34783
3893.5 -0.956522
3894.5 -1.30435
3895.5 -2.6087
3896.5 -0.956522
3897.5 0.347826
3898.5 0.695652
3899.5 1.34783
3900.5 6
3901.5 -0.608696
3902.5 -3.91304
3903.5 1.04348
3904.5 3
3905.5 4.34783
3906.5 -0.304348
3907.5 -1.95652
3908.5 1.69565
3909.5 4
3910.5 -1.30435
3911.5 -1.95652
3912.5 2.34783
3913.5 0.347826
3914.5 1
3915.5 -1.95652
3916.5 0.347826
3917.5 -2.6087
3918.5 -1.30435
3919.5 5
3920.5 -2.26087
3921.5 -1.6087
3922.5 -1.91304
3923.5 1.04348
3924.5 0.0434782
3925.5 0.0434782
3926.5 0.0434782
3927.5 0.695652
3928.5 2
3929.5 -0.956522
3930.5 0.695652
3931.5 -0.652174
3932.5 2
3933.5 -0.304348
3934.5 1
3935.5 -0.956522
3936.5 -0.304348
3937.5 2.34783
3938.5 0.347826
3939.5 -0.956522
3940.5 1.34783
3941.5 0.0434782
3942.5 0.347826
3943.5 2.04348
3944.5 1.34783
3945.5 1.34783
3946.5 0.0434782
3947.5 3
3948.5 0
3949.5 -1.6087
3950.5 1
3951.5 -1.30435
3952.5 1
3953.5 -0.304348
3954.5 -0.304348
3955.5 1
3956.5 1.04348
3957.5 1.34783
3958.5 0
3959.5 1.34783
3960.5 1
3961.5 0.695652
3962.5 -0.956522
3963.5 2
3964.5 1
3965.5 2.34783
3966.5 2.34783
3967.5 0.347826
3968.5 0.695652
3969.5 -2.6087
3970.5 0.391304
3971.5 0.0869564
3972.5 2.43478
3973.5 0.782609
3974.5 -0.26087
3975.5 1.69565
3976.5 -1.95652
3977.5 -2.6087
3978.5 1.04348
3979.5 1
3980.5 -0.304348
3981.5 -0.652174
3982.5 -0.304348
3983.5 1.34783
3984.5 2.34783
3985.5 0.347826
3986.5 -0.304348
3987.5 0
3988.5 2.34783
3989.5 1
3990.5 0.347826
3991.5 1.34783
3992.5 -0.608696
3993.5 1
3994.5 -0.304348
3995.5 0
3996.5 1.34783
3997.5 1
3998.5 -1.95652
3999.5 0.347826
4000.5 -1.95652
4001.5 1
4002.5 -2.6087
4003.5 0.695652
4004.5 0.695652
4005.5 -0.652174
4006.5 2
4007.5 0.347826
4008.5 1.69565
4009.5 1.34783
4010.5 0.347826
4011.5 -1.6087
4012.5 2.34783
4013.5 0.347826
4014.5 -0.304348
4015.5 1
4016.5 -0.652174
4017.5 0.347826
4018.5 1.34783
4019.5 1
4020.5 2
4021.5 -0.304348
4022.5 0.695652
4023.5 1
4024.5 0
4025.5 0.695652
4026.5 2
4027.5 -0.652174
4028.5 0.695652
4029.5 0
4030.5 1
4031.5 -0.652174
4032.5 -0.304348
4033.5 4.34783
4034.5 1.04348
4035.5 0.695652
4036.5 0.695652
4037.5 -0.652174
4038.5 -0.652174
4039.5 -1.30435
4040.5 1
4041.5 1
4042.5 0.695652
4043.5 1.04348
4044.5 -0.608696
4045.5 1.04348
4046.5 0.347826
4047.5 -1.30435
4048.5 2.69565
4049.5 -0.652174
4050.5 1.34783
4051.5 -0.956522
4052.5 -2.6087
4053.5 0.347826
4054.5 0.695652
4055.5 0.695652
4056.5 4
4057.5 -0.956522
4058.5 -0.304348
4059.5 -1.95652
4060.5 -0.304348
4061.5 -0.652174
4062.5 -0.652174
4063.5 -0.652174
4064.5 0
4065.5 -2.6087
4066.5 -0.652174
4067.5 -0.304348
4068.5 1.34783
4069.5 -0.304348
4070.5 -0.304348
4071.5 1.04348
4072.5 2.34783
4073.5 -0.652174
4074.5 -1.30435
4075.5 -1.30435
4076.5 2.69565
4077.5 1.34783
4078.5 0.347826
4079.5 1.34783
4080.5 3
4081.5 -0.304348
4082.5 -0.304348
4083.5 0
4084.5 -1.95652
4085.5 4
4086.5 1
4087.5 0.695652
4088.5 0.695652
4089.5 0.347826
4090.5 -0.26087
4091.5 -1.30435
4092.5 0.0434782
4093.5 1.34783
4094.5 -0.956522
4095.5 -0.304348
4096.5 -0.652174
4097.5 0.0434782
4098.5 -1.30435
4099.5 0.347826
4100.5 0
4101.5 3
4102.5 2
4103.5 1.34783
4104.5 -0.652174
4105.5 -0.956522
4106.5 0.695652
4107.5 0.347826
4108.5 1.34783
4109.5 -0.304348
4110.5 1
4111.5 -0.304348
4112.5 0.695652
4113.5 2
4114.5 3
4115.5 1.69565
4116.5 0
4117.5 -0.652174
4118.5 -1.95652
4119.5 -2.6087
4120.5 -0.652174
4121.5 1
4122.5 0
4123.5 0.695652
4124.5 0.695652
4125.5 0
4126.5 2
4127.5 0.347826
4128.5 1
4129.5 0.347826
4130.5 0.695652
4131.5 -0.304348
4132.5 1.69565
4133.5 0.695652
4134.5 -1.95652
4135.5 -0.304348
4136.5 0.347826
4137.5 -0.608696
4138.5 0.695652
4139.5 1.04348
4140.5 0
4141.5 2
4142.5 -0.956522
4143.5 0.347826
4144.5 1.34783
4145.5 1
4146.5 -1.95652
4147.5 0.695652
4148.5 0.347826
4149.5 -0.652174
4150.5 -0.956522
4151.5 1.04348
4152.5 -0.652174
4153.5 0
4154.5 0.695652
4155.5 -0.652174
4156.5 0.347826
4157.5 -1.30435
4158.5 -0.652174
4159.5 4.34783
4160.5 0.0434782
4161.5 0.695652
4162.5 2
4163.5 -0.304348
4164.5 1
4165.5 -2.21739
4166.5 0.0434782
4167.5 1.34783
4168.5 1.78261
4169.5 -2.26087
4170.5 -1.26087
4171.5 -1.30435
4172.5 1.69565
4173.5 0
4174.5 1.34783
4175.5 1
4176.5 1.34783
4177.5 -0.304348
4178.5 1
4179.5 2
4180.5 -0.652174
4181.5 0
4182.5 0.347826
4183.5 -0.956522
4184.5 0
4185.5 -0.304348
4186.5 -0.652174
4187.5 1.34783
4188.5 0.0434782
4189.5 -0.956522
4190.5 -0.652174
4191.5 0.347826
4192.5 -0.956522
4193.5 -2.6087
4194.5 3
4195.5 -1.6087
4196.5 2.69565
4197.5 -1.95652
4198.5 -0.304348
4199.5 3
4200.5 -0.956522
4201.5 -0.304348
4202.5 -0.652174
4203.5 4
4204.5 -1.30435
4205.5 -2.26087
4206.5 1.34783
4207.5 -0.608696
4208.5 1.69565
4209.5 1.34783
4210.5 3
4211.5 0.347826
4212.5 1.34783
4213.5 1.34783
4214.5 0.0434782
4215.5 -0.608696
4216.5 0.0434782
4217.5 -3.26087
4218.5 0.0434782
4219.5 -1.6087
4220.5 1
4221.5 -0.652174
4222.5 -0.956522
4223.5 -0.304348
4224.5 -0.652174
4225.5 -1.30435
4226.5 3
4227.5 -0.652174
4228.5 1.34783
4229.5 0.695652
4230.5 -0.304348
4231.5 -1.30435
4232.5 1
4233.5 0.347826
4234.5 -0.956522
4235.5 0
4236.5 2
4237.5 -1.30435
4238.5 -1.6087
4239.5 0.347826
4240.5 -0.652174
4241.5 0.347826
4242.5 1.34783
4243.5 1.34783
4244.5 -0.652174
4245.5 2
4246.5 1
4247.5 2
4248.5 -0.956522
4249.5 0
4250.5 -2.26087
4251.5 1.34783
4252.5 0
4253.5 -1.30435
4254.5 4
4255.5 1
4256.5 2
4257.5 1
4258.5 0.347826
4259.5 2.34783
4260.5 3.69565
4261.5 0.391304
4262.5 -0.956522
4263.5 -1.95652
4264.5 0.695652
4265.5 1.69565
4266.5 0.695652
4267.5 0.695652
4268.5 0
4269.5 0
4270.5 1.69565
4271.5 1
4272.5 1.34783
4273.5 1.34783
4274.5 1
4275.5 -0.652174
4276.5 -1.30435
4277.5 0
4278.5 -0.652174
4279.5 0
4280.5 1
4281.5 0.347826
4282.5 -1.30435
4283.5 -0.304348
4284.5 -1.30435
4285.5 -0.956522
4286.5 0.347826
4287.5 1.34783
4288.5 -0.304348
4289.5 0.695652
4290.5 -0.304348
4291.5 1.69565
4292.5 0
4293.5 1
4294.5 1.34783
4295.5 1
4296.5 -0.304348
4297.5 -0.652174
4298.5 0.347826
4299.5 1
4300.5 1.04348
4301.5 -3.91304
4302.5 0.0434782
4303.5 0.347826
4304.5 0.347826
4305.5 -0.304348
4306.5 0.347826
4307.5 0
4308.5 1.34783
4309.5 1
4310.5 -0.304348
4311.5 1.34783
4312.5 1.34783
4313.5 2
4314.5 -0.652174
4315.5 -0.26087
4316.5 -1.30435
4317.5 0.0434782
4318.5 -1.30435
4319.5 0.695652
4320.5 2
4321.5 -0.956522
4322.5 -0.304348
4323.5 1
4324.5 -0.304348
4325.5 1
4326.5 -0.304348
4327.5 2
4328.5 0.0434782
4329.5 0
4330.5 -0.652174
4331.5 -0.652174
4332.5 -1.95652
4333.5 -1.30435
4334.5 1
4335.5 0.695652
4336.5 0.347826
4337.5 1.34783
4338.5 -0.304348
4339.5 -0.304348
4340.5 4.69565
4341.5 -1.26087
4342.5 -0.304348
4343.5 -0.304348
4344.5 -0.652174
4345.5 2.69565
4346.5 2
4347.5 1.34783
4348.5 -1.95652
4349.5 0
4350.5 2.34783
4351.5 0.347826
4352.5 0
4353.5 0.695652
4354.5 3
4355.5 -0.304348
4356.5 -0.304348
4357.5 0.347826
4358.5 3
4359.5 -1.30435
4360.5 3.34783
4361.5 0.347826
4362.5 -1.30435
4363.5 1.34783
4364.5 1.34783
4365.5 1.34783
4366.5 -2.6087
4367.5 1.34783
4368.5 0
4369.5 0
4370.5 -1.95652
4371.5 -1.30435
4372.5 -0.652174
4373.5 -2.6087
4374.5 -0.304348
4375.5 0.347826
4376.5 -0.956522
4377.5 1.69565
4378.5 0.347826
4379.5 0.0434782
4380.5 1.34783
4381.5 -1.6087
4382.5 2.34783
4383.5 -0.608696
4384.5 -1.30435
4385.5 -2.26087
4386.5 0.347826
4387.5 2
4388.5 0
4389.5 2
4390.5 0.695652
4391.5 2.34783
4392.5 2.04348
4393.5 3
4394.5 2
4395.5 2
4396.5 -1.30435
4397.5 3
4398.5 1.04348
4399.5 1
4400.5 0.347826
4401.5 -0.652174
4402.5 1.34783
4403.5 1.34783
4404.5 -0.652174
4405.5 1
4406.5 1.34783
4407.5 -0.304348
4408.5 0
4409.5 -0.304348
4410.5 1
4411.5 3
4412.5 3.34783
4413.5 -0.652174
4414.5 -0.652174
4415.5 1.34783
4416.5 1
4417.5 -0.956522
4418.5 -0.652174
4419.5 1
4420.5 1.69565
4421.5 1
4422.5 1.34783
4423.5 1.34783
4424.5 2
4425.5 0.347826
4426.5 -1.30435
4427.5 0.347826
4428.5 0
4429.5 -0.652174
4430.5 0.347826
4431.5 1.34783
4432.5 -0.304348
4433.5 -0.304348
4434.5 0.695652
4435.5 -2.26087
4436.5 -1.95652
4437.5 -0.304348
4438.5 1
4439.5 0.695652
4440.5 0
4441.5 -1.30435
4442.5 -0.956522
4443.5 -0.956522
4444.5 -0.652174
4445.5 -0.608696
4446.5 -0.652174
4447.5 1.34783
4448.5 1
4449.5 0.347826
4450.5 -0.304348
4451.5 0
4452.5 0.347826
4453.5 1
4454.5 2.34783
4455.5 2.34783
4456.5 -0.608696
4457.5 0.0434782
4458.5 0.695652
4459.5 -1.91304
4460.5 -2.26087
4461.5 -1.95652
4462.5 -1.30435
4463.5 0.347826
4464.5 1.34783
4465.5 -0.956522
4466.5 0.347826
4467.5 0.347826
4468.5 -0.304348
4469.5 -1.30435
4470.5 1.34783
4471.5 -0.652174
4472.5 2.34783
4473.5 -0.304348
4474.5 0.347826
4475.5 0.347826
4476.5 0
4477.5 -1.95652
4478.5 -0.652174
4479.5 0
4480.5 -1.30435
4481.5 -0.304348
4482.5 1
4483.5 -0.304348
4484.5 -0.652174
4485.5 0
4486.5 0.347826
4487.5 0.347826
4488.5 1.34783
4489.5 -0.304348
4490.5 2
4491.5 1
4492.5 3
4493.5 -2.6087
4494.5 0.347826
4495.5 -0.652174
4496.5 1
4497.5 -0.652174
4498.5 1
4499.5 0.347826
4500.5 -1.95652
4501.5 0
4502.5 2
4503.5 0.347826
4504.5 0.347826
4505.5 0
4506.5 4
4507.5 1
4508.5 1.34783
4509.5 0
4510.5 4
4511.5 -0.652174
4512.5 -0.304348
4513.5 1.34783
4514.5 0.347826
4515.5 0.347826
4516.5 0.347826
4517.5 0.347826
4518.5 2
4519.5 -0.652174
4520.5 -1.30435
4521.5 -0.652174
4522.5 -2.26087
4523.5 -0.652174
4524.5 -0.652174
4525.5 -0.652174
4526.5 -0.304348
4527.5 0.347826
4528.5 -1.30435
4529.5 1
4530.5 1.34783
4531.5 1.34783
4532.5 -0.652174
4533.5 -1.30435
4534.5 1
4535.5 1
4536.5 0.347826
4537.5 0.695652
4538.5 -1.30435
4539.5 1.34783
4540.5 1
4541.5 2.34783
4542.5 -0.304348
4543.5 0
4544.5 1
4545.5 0
4546.5 -0.652174
4547.5 -1.95652
4548.5 -0.652174
4549.5 0
4550.5 1.34783
4551.5 1.04348
4552.5 3
4553.5 0.391304
4554.5 2
4555.5 -2.6087
4556.5 0.695652
4557.5 -0.652174
4558.5 -0.652174
4559.5 -1.6087
4560.5 -0.652174
4561.5 -0.304348
4562.5 -0.652174
4563.5 -0.652174
4564.5 -0.608696
4565.5 3.34783
4566.5 0.347826
4567.5 0.347826
4568.5 -0.304348
4569.5 3.04348
4570.5 1.34783
4571.5 -0.956522
4572.5 -0.652174
4573.5 -0.652174
4574.5 -0.304348
4575.5 1
4576.5 1.34783
4577.5 -1.30435
4578.5 0
4579.5 0.347826
4580.5 -1.30435
4581.5 -2.91304
4582.5 1
4583.5 -0.652174
4584.5 -1.30435
4585.5 -0.652174
4586.5 1
4587.5 0.695652
4588.5 -1.30435
4589.5 2
4590.5 -0.652174
4591.5 0
4592.5 -0.956522
4593.5 -0.956522
4594.5 0
4595.5 0.347826
4596.5 2
4597.5 1.34783
4598.5 1
4599.5 -1.95652
4600.5 -0.652174
4601.5 -0.304348
4602.5 2
4603.5 2.34783
4604.5 0
4605.5 0
4606.5 -0.304348
4607.5 2
4608.5 0
4609.5 -1.30435
4610.5 0.347826
4611.5 1.34783
4612.5 1.34783
4613.5 -0.304348
4614.5 -0.304348
4615.5 1.34783
4616.5 2.34783
4617.5 0.347826
4618.5 0
4619.5 1
4620.5 -0.652174
4621.5 3
4622.5 -0.304348
4623.5 -0.608696
4624.5 -0.608696
4625.5 -0.956522
4626.5 -0.652174
4627.5 0
4628.5 0
4629.5 -0.304348
4630.5 0.347826
4631.5 0
4632.5 -0.956522
4633.5 0.0434782
4634.5 1
4635.5 -1.30435
4636.5 0
4637.5 3.34783
4638.5 -0.652174
4639.5 -0.652174
4640.5 1
4641.5 1.04348
4642.5 1
4643.5 -0.652174
4644.5 3
4645.5 -1.30435
4646.5 -1.30435
4647.5 0.347826
4648.5 1.04348
4649.5 5
4650.5 -0.956522
4651.5 0.347826
4652.5 -3.26087
4653.5 -0.956522
4654.5 -0.652174
4655.5 1.34783
4656.5 0
4657.5 3
4658.5 -1.30435
4659.5 1.69565
4660.5 0.347826
4661.5 -1.30435
4662.5 -0.956522
4663.5 -0.652174
4664.5 0.0434782
4665.5 -0.652174
4666.5 0.347826
4667.5 0.347826
4668.5 -0.652174
4669.5 0.0434782
4670.5 2
4671.5 -0.652174
4672.5 1
4673.5 2
4674.5 -0.652174
4675.5 -0.956522
4676.5 -1.30435
4677.5 0.347826
4678.5 -1.30435
4679.5 -0.652174
4680.5 -0.304348
4681.5 1.69565
4682.5 1
4683.5 0.347826
4684.5 -0.304348
4685.5 -0.304348
4686.5 -0.304348
4687.5 3
4688.5 1
4689.5 -0.652174
4690.5 1
4691.5 -0.652174
4692.5 1
4693.5 1.34783
4694.5 0
4695.5 -1.30435
4696.5 1.34783
4697.5 1.34783
4698.5 0
4699.5 -1.6087
4700.5 -0.652174
4701.5 -0.304348
4702.5 -0.652174
4703.5 -1.30435
4704.5 -0.652174
4705.5 2.34783
4706.5 -1.30435
4707.5 -0.304348
4708.5 0
4709.5 -1.30435
4710.5 0.347826
4711.5 -0.304348
4712.5 -0.956522
4713.5 0
4714.5 -0.652174
4715.5 0.347826
4716.5 0
4717.5 0.347826
4718.5 0
4719.5 0.347826
4720.5 0
4721.5 1
4722.5 2
4723.5 -0.652174
4724.5 -1.95652
4725.5 1.69565
4726.5 1
4727.5 -0.652174
4728.5 3
4729.5 -0.652174
4730.5 0.347826
4731.5 0.347826
4732.5 0
4733.5 1
4734.5 -0.652174
4735.5 1.04348
4736.5 -1.95652
4737.5 -1.30435
4738.5 0
4739.5 2
4740.5 -0.956522
4741.5 1
4742.5 -1.30435
4743.5 0
4744.5 0.347826
4745.5 -0.652174
4746.5 -2.6087
4747.5 0
4748.5 0
4749.5 -0.652174
4750.5 0.347826
4751.5 1.34783
4752.5 0.347826
4753.5 -0.304348
4754.5 0.347826
4755.5 -1.6087
4756.5 -0.304348
4757.5 -1.95652
4758.5 -0.652174
4759.5 -0.652174
4760.5 -0.652174
4761.5 -0.304348
4762.5 0.347826
4763.5 -1.30435
4764.5 -0.304348
4765.5 0
4766.5 1.69565
4767.5 1
4768.5 3.69565
4769.5 1.34783
4770.5 2
4771.5 -0.304348
4772.5 -0.652174
4773.5 -0.304348
4774.5 1
4775.5 1
4776.5 0.347826
4777.5 0
4778.5 0
4779.5 0.347826
4780.5 0
4781.5 -0.652174
4782.5 -1.30435
4783.5 -1.95652
4784.5 0.347826
4785.5 -1.30435
4786.5 1
4787.5 1
4788.5 -0.652174
4789.5 3
4790.5 1
4791.5 -1.6087
4792.5 1.34783
4793.5 2.34783
4794.5 1
4795.5 0
4796.5 -0.956522
4797.5 1
4798.5 1
4799.5 1.34783
4800.5 1.34783
4801.5 0
4802.5 0.347826
4803.5 -0.652174
4804.5 0.347826
4805.5 1
4806.5 0.347826
4807.5 -0.652174
4808.5 1.34783
4809.5 -0.304348
4810.5 -0.304348
4811.5 -0.652174
4812.5 1
4813.5 -1.30435
4814.5 0
4815.5 0.695652
4816.5 0
4817.5 1
4818.5 1.34783
4819.5 -0.652174
4820.5 2
4821.5 1
4822.5 -0.652174
4823.5 -0.652174
4824.5 -0.652174
4825.5 1
4826.5 -0.652174
4827.5 1
4828.5 -0.304348
4829.5 3
4830.5 -0.652174
4831.5 -1.30435
4832.5 1
4833.5 -1.30435
4834.5 1
4835.5 -2.6087
4836.5 3.34783
4837.5 -0.304348
4838.5 0.347826
4839.5 -0.652174
4840.5 -0.304348
4841.5 1
4842.5 0
4843.5 -2.6087
4844.5 2
4845.5 0
4846.5 0.695652
4847.5 2.34783
4848.5 0
4849.5 -0.652174
4850.5 1.34783
4851.5 -0.652174
4852.5 1
4853.5 2
4854.5 1
4855.5 2
4856.5 -0.304348
4857.5 -1.30435
4858.5 -0.652174
4859.5 0
4860.5 -0.304348
4861.5 0.347826
4862.5 1
4863.5 -1.30435
4864.5 -0.652174
4865.5 -0.652174
4866.5 0.347826
4867.5 0.347826
4868.5 -0.652174
4869.5 0
4870.5 0
4871.5 0
4872.5 3
4873.5 -0.304348
4874.5 0
4875.5 0.347826
4876.5 0
4877.5 -0.652174
4878.5 -0.304348
4879.5 -1.30435
4880.5 0.347826
4881.5 0.347826
4882.5 0
4883.5 3.34783
4884.5 1.34783
4885.5 -0.304348
4886.5 1.3913
4887.5 -0.652174
4888.5 1.34783
4889.5 1.69565
4890.5 -0.652174
4891.5 1
4892.5 1
4893.5 -1.95652
4894.5 -1.30435
4895.5 0
4896.5 1
4897.5 0
4898.5 1
4899.5 2
4900.5 1
4901.5 1
4902.5 -1.30435
4903.5 2.34783
4904.5 0.695652
4905.5 0
4906.5 0.695652
4907.5 -0.304348
4908.5 0
4909.5 5
4910.5 0
4911.5 1.34783
4912.5 1
4913.5 1
4914.5 0
4915.5 0.695652
4916.5 0
4917.5 -0.652174
4918.5 1.04348
4919.5 0.695652
4920.5 0.347826
4921.5 -1.95652
4922.5 1
4923.5 3
4924.5 5
4925.5 0
4926.5 -0.652174
4927.5 0.347826
4928.5 0
4929.5 -1.30435
4930.5 0.347826
4931.5 1
4932.5 -0.652174
4933.5 1
4934.5 1.34783
4935.5 0.347826
4936.5 -0.652174
4937.5 3.34783
4938.5 1.69565
4939.5 2.69565
4940.5 0.347826
4941.5 1.04348
4942.5 -0.652174
4943.5 3
4944.5 -0.26087
4945.5 3.69565
4946.5 0.0434782
4947.5 1.69565
4948.5 2
4949.5 -2.6087
4950.5 1
4951.5 1
4952.5 0.347826
4953.5 3
4954.5 1.34783
4955.5 0
4956.5 0
4957.5 0
4958.5 2
4959.5 0
4960.5 0.347826
4961.5 -0.652174
4962.5 1
4963.5 3
4964.5 0
4965.5 0.695652
4966.5 0.347826
4967.5 0
4968.5 1
4969.5 -0.652174
4970.5 0
4971.5 0
4972.5 -0.304348
4973.5 1.34783
4974.5 1
4975.5 -0.304348
4976.5 1
4977.5 0.347826
4978.5 -2.26087
4979.5 2
4980.5 3
4981.5 0.347826
4982.5 -0.652174
4983.5 -1.30435
4984.5 -0.608696
4985.5 -0.652174
4986.5 2.34783
4987.5 1
4988.5 -0.304348
4989.5 0.347826
4990.5 1.34783
4991.5 -1.30435
4992.5 1
4993.5 0.347826
4994.5 2
4995.5 -0.652174
4996.5 1
4997.5 2
4998.5 2
4999.5 2
5000.5 -0.304348
5001.5 1
5002.5 -0.304348
5003.5 0.0434782
5004.5 -0.304348
5005.5 1
5006.5 -0.652174
5007.5 0.347826
5008.5 -0.652174
5009.5 -1.30435
5010.5 1
5011.5 0
5012.5 0.0434782
5013.5 1
5014.5 1
5015.5 0.347826
5016.5 -0.652174
5017.5 0.0434782
5018.5 -0.652174
5019.5 -1.30435
5020.5 0.0434782
5021.5 2
5022.5 -0.652174
5023.5 2
5024.5 0
5025.5 1
5026.5 0
5027.5 2.34783
5028.5 0
5029.5 1
5030.5 0.347826
5031.5 0.695652
5032.5 1.34783
5033.5 1.34783
5034.5 0.347826
5035.5 -0.608696
5036.5 -0.652174
5037.5 1
5038.5 2.34783
5039.5 1.34783
5040.5 -1.30435
5041.5 -1.30435
5042.5 -1.30435
5043.5 4
5044.5 1
5045.5 0.0434782
5046.5 0.347826
5047.5 -0.608696
5048.5 0.347826
5049.5 -0.304348
5050.5 0.347826
5051.5 1
5052.5 1
5053.5 1
5054.5 -0.304348
5055.5 0
5056.5 -1.95652
5057.5 0.695652
5058.5 1
5059.5 -0.652174
5060.5 1.34783
5061.5 1.34783
5062.5 3
5063.5 2.34783
5064.5 0
5065.5 -0.956522
5066.5 -0.304348
5067.5 0.347826
5068.5 -0.652174
5069.5 0.347826
5070.5 0.695652
5071.5 -1.30435
5072.5 -0.652174
5073.5 1.34783
5074.5 -1.30435
5075.5 2
5076.5 -0.304348
5077.5 0.347826
5078.5 1.34783
5079.5 2
5080.5 0.347826
5081.5 1
5082.5 -0.652174
5083.5 0.347826
5084.5 2
5085.5 1
5086.5 -1.95652
5087.5 1.34783
5088.5 -1.30435
5089.5 -0.652174
5090.5 1.69565
5091.5 1
5092.5 0.347826
5093.5 -0.652174
5094.5 1.69565
5095.5 -0.652174
5096.5 1
5097.5 0
5098.5 0
5099.5 0.347826
5100.5 -0.652174
5101.5 0.695652
5102.5 0
5103.5 -0.652174
5104.5 -2.6087
5105.5 1
5106.5 -0.956522
5107.5 1.34783
5108.5 -0.652174
5109.5 2
5110.5 -1.30435
5111.5 0
5112.5 1
5113.5 0.347826
5114.5 0
5115.5 -0.652174
5116.5 0.347826
5117.5 -0.304348
5118.5 -0.652174
5119.5 2.34783
5120.5 -0.956522
5121.5 1.34783
5122.5 1
5123.5 0.347826
5124.5 0.695652
5125.5 1.34783
5126.5 1
5127.5 3
5128.5 2
5129.5 2
5130.5 1.34783
5131.5 1
5132.5 0.347826
5133.5 -0.304348
5134.5 1.34783
5135.5 -0.652174
5136.5 0.0434782
5137.5 -0.652174
5138.5 0.347826
5139.5 0
5140.5 0
5141.5 0
5142.5 1
5143.5 2
5144.5 1.34783
5145.5 2
5146.5 0.347826
5147.5 2
5148.5 1.69565
5149.5 -0.304348
5150.5 -0.652174
5151.5 1.04348
5152.5 0
5153.5 -0.652174
5154.5 0
5155.5 2.34783
5156.5 1.34783
5157.5 0.347826
5158.5 1.34783
5159.5 -0.304348
5160.5 -1.30435
5161.5 1.69565
5162.5 -0.652174
5163.5 1.34783
5164.5 1.34783
5165.5 0.347826
5166.5 -0.652174
5167.5 1
5168.5 0.347826
5169.5 0
5170.5 -1.30435
5171.5 2
5172.5 2
5173.5 0
5174.5 2
5175.5 1
5176.5 0
5177.5 0.347826
5178.5 0
5179.5 -1.30435
5180.5 -0.652174
5181.5 0.347826
5182.5 -0.652174
5183.5 -0.652174
5184.5 0
5185.5 -0.652174
5186.5 -1.30435
5187.5 1
5188.5 2
5189.5 -1.30435
5190.5 -0.304348
5191.5 -0.304348
5192.5 1
5193.5 2
5194.5 1.34783
5195.5 3
5196.5 -1.95652
5197.5 -1.95652
5198.5 0
5199.5 1.34783
5200.5 -1.30435
5201.5 -1.30435
5202.5 -0.652174
5203.5 0
5204.5 -0.652174
5205.5 1
5206.5 1
5207.5 0
5208.5 0
5209.5 -0.304348
5210.5 1
5211.5 1.34783
5212.5 1
5213.5 -0.652174
5214.5 3
5215.5 0
5216.5 -1.30435
5217.5 1
5218.5 -0.652174
5219.5 -0.956522
5220.5 1
5221.5 1.34783
5222.5 -0.652174
5223.5 -0.652174
5224.5 0
5225.5 0.347826
5226.5 0.347826
5227.5 -0.652174
5228.5 2
5229.5 -0.652174
5230.5 -0.304348
5231.5 -0.652174
5232.5 1
5233.5 1.34783
5234.5 0.347826
5235.5 1
5236.5 1
5237.5 -1.30435
5238.5 1
5239.5 0.347826
5240.5 -0.652174
5241.5 1
5242.5 0.695652
5243.5 2.34783
5244.5 1.34783
5245.5 -0.652174
5246.5 1.34783
5247.5 -0.956522
5248.5 1.34783
5249.5 1
5250.5 -0.652174
5251.5 -0.652174
5252.5 -1.30435
5253.5 0.347826
5254.5 0
5255.5 2
5256.5 0
5257.5 2.34783
5258.5 1
5259.5 -0.304348
5260.5 0
5261.5 -0.304348
5262.5 1
5263.5 1.04348
5264.5 0
5265.5 4
5266.5 4
5267.5 0
5268.5 1
5269.5 -0.304348
5270.5 -1.30435
5271.5 -1.6087
5272.5 1
5273.5 1.34783
5274.5 3
5275.5 0.347826
5276.5 0
5277.5 1
5278.5 -0.304348
5279.5 2.34783
5280.5 1
5281.5 1
5282.5 -0.652174
5283.5 1
5284.5 1
5285.5 -1.95652
5286.5 1
5287.5 0.347826
5288.5 1
5289.5 -0.652174
5290.5 1.69565
5291.5 -1.95652
5292.5 0.347826
5293.5 0
5294.5 3
5295.5 -0.652174
5296.5 0
5297.5 0
5298.5 -1.30435
5299.5 1
5300.5 0.347826
5301.5 -1.30435
5302.5 0
5303.5 1.34783
5304.5 0
5305.5 -1.6087
5306.5 3
5307.5 0
5308.5 1
5309.5 0.347826
5310.5 0.695652
5311.5 -0.652174
5312.5 -0.652174
5313.5 -1.30435
5314.5 -1.95652
5315.5 -1.30435
5316.5 1
5317.5 0.347826
5318.5 0
5319.5 -0.304348
5320.5 -1.30435
5321.5 0
5322.5 -0.304348
5323.5 2
5324.5 0.347826
5325.5 0
5326.5 2.34783
5327.5 -0.652174
5328.5 -0.652174
5329.5 -0.652174
5330.5 1.34783
5331.5 -0.652174
5332.5 -0.652174
5333.5 -0.652174
5334.5 2
5335.5 0
5336.5 -0.652174
5337.5 1
5338.5 0
5339.5 0
5340.5 2
5341.5 -0.304348
5342.5 -0.652174
5343.5 -0.652174
5344.5 -1.30435
5345.5 2
5346.5 -1.30435
5347.5 -0.304348
5348.5 -0.652174
5349.5 0.347826
5350.5 0.347826
5351.5 -1.30435
5352.5 1
5353.5 0.0434782
5354.5 -0.304348
5355.5 1.73913
5356.5 3.34783
5357.5 3
5358.5 2
5359.5 0.695652
5360.5 -0.304348
5361.5 -0.956522
5362.5 1
5363.5 0
5364.5 -1.30435
5365.5 0
5366.5 -1.30435
5367.5 0
5368.5 -1.30435
5369.5 -0.652174
5370.5 1
5371.5 1
5372.5 -0.652174
5373.5 0.347826
5374.5 -0.652174
5375.5 0.0434782
5376.5 2
5377.5 -0.652174
5378.5 -0.304348
5379.5 0
5380.5 1
5381.5 -0.652174
5382.5 0
5383.5 0.347826
5384.5 -0.304348
5385.5 1
5386.5 -1.30435
5387.5 0
5388.5 -0.652174
5389.5 0.73913
5390.5 2.04348
5391.5 1.34783
5392.5 0.347826
5393.5 -0.304348
5394.5 -2.91304
5395.5 -0.652174
5396.5 4.73913
5397.5 3.04348
5398.5 -2.56522
5399.5 1
5400.5 -0.304348
5401.5 0.347826
5402.5 0.347826
5403.5 1
5404.5 0.347826
5405.5 -2.6087
5406.5 1
5407.5 -0.652174
5408.5 -1.95652
5409.5 -1.95652
5410.5 0
5411.5 -0.652174
5412.5 -1.30435
5413.5 -0.652174
5414.5 0
5415.5 -0.652174
5416.5 0.347826
5417.5 -0.956522
5418.5 0
5419.5 1
5420.5 -0.652174
5421.5 0
5422.5 -0.304348
5423.5 0.347826
5424.5 0.347826
5425.5 -0.652174
5426.5 0
5427.5 2
5428.5 2
5429.5 0.347826
5430.5 1.34783
5431.5 -0.652174
5432.5 0
5433.5 0
5434.5 -1.30435
5435.5 1
5436.5 -1.95652
5437.5 -0.652174
5438.5 0
5439.5 0
5440.5 -0.652174
5441.5 -0.652174
5442.5 -1.30435
5443.5 0
5444.5 -1.30435
5445.5 1
5446.5 0.347826
5447.5 -0.304348
5448.5 2
5449.5 1
5450.5 -0.652174
5451.5 -0.652174
5452.5 -0.652174
5453.5 0
5454.5 2.04348
5455.5 0
5456.5 -0.652174
5457.5 1
5458.5 1.34783
5459.5 2.34783
5460.5 -0.652174
5461.5 -1.30435
5462.5 0
5463.5 -1.6087
5464.5 -0.652174
5465.5 0.347826
5466.5 -0.304348
5467.5 0.347826
5468.5 0.347826
5469.5 4
5470.5 1.34783
5471.5 0.347826
5472.5 -0.652174
5473.5 -0.304348
5474.5 -0.652174
5475.5 -0.652174
5476.5 2
5477.5 0.695652
5478.5 0.347826
5479.5 0.347826
5480.5 0
5481.5 -1.30435
5482.5 0
5483.5 0
5484.5 -1.30435
5485.5 -0.652174
5486.5 -1.30435
5487.5 -1.30435
5488.5 -0.652174
5489.5 0.695652
5490.5 3.34783
5491.5 -1.30435
5492.5 0.347826
5493.5 0
5494.5 0
5495.5 0.347826
5496.5 1
5497.5 0
5498.5 1
5499.5 0
5500.5 0
5501.5 1
5502.5 0
5503.5 -0.652174
5504.5 -0.652174
5505.5 0
5506.5 -2.6087
5507.5 -1.30435
5508.5 1
5509.5 0
5510.5 0.347826
5511.5 1
5512.5 1
5513.5 1
5514.5 4.34783
5515.5 1.04348
5516.5 1.34783
5517.5 -0.304348
5518.5 0
5519.5 -1.30435
5520.5 0
5521.5 2
5522.5 1.34783
5523.5 0.347826
5524.5 0
5525.5 0.347826
5526.5 3
5527.5 -1.95652
5528.5 -0.304348
5529.5 0.347826
5530.5 0
5531.5 -1.95652
5532.5 1
5533.5 0
5534.5 0.0434782
5535.5 0.0434782
5536.5 0.347826
5537.5 1.34783
5538.5 0.347826
5539.5 2
5540.5 1.34783
5541.5 1
5542.5 0
5543.5 -0.652174
5544.5 0
5545.5 -1.30435
5546.5 0
5547.5 1
5548.5 0
5549.5 -1.95652
5550.5 -0.652174
5551.5 -0.652174
5552.5 0.347826
5553.5 -1.30435
5554.5 -0.652174
5555.5 1
5556.5 0
5557.5 -1.30435
5558.5 0.0434782
5559.5 -0.304348
5560.5 -1.95652
5561.5 -0.652174
5562.5 1
5563.5 1
5564.5 -0.652174
5565.5 0
5566.5 2
5567.5 0
5568.5 1
5569.5 0
5570.5 0
5571.5 1
5572.5 1
5573.5 0.347826
5574.5 0
5575.5 1.69565
5576.5 -0.652174
5577.5 -1.30435
5578.5 2.34783
5579.5 1.69565
5580.5 1.69565
5581.5 0.347826
5582.5 0.347826
5583.5 -0.652174
5584.5 2
5585.5 -1.30435
5586.5 0
5587.5 0
5588.5 0.347826
5589.5 -1.30435
5590.5 1
5591.5 1
5592.5 -0.304348
5593.5 0.695652
5594.5 0.347826
5595.5 1.34783
5596.5 -0.304348
5597.5 -0.652174
5598.5 0
5599.5 -0.652174
5600.5 3
5601.5 2
5602.5 -0.956522
5603.5 -0.652174
5604.5 0.347826
5605.5 -0.652174
5606.5 -1.30435
5607.5 0
5608.5 -0.652174
5609.5 0.347826
5610.5 0.0434782
5611.5 1.69565
5612.5 1
5613.5 -0.956522
5614.5 0.347826
5615.5 4
5616.5 1
5617.5 0.347826
5618.5 -0.652174
5619.5 0.347826
5620.5 0
5621.5 -0.652174
5622.5 0.347826
5623.5 -0.652174
5624.5 1
5625.5 0.347826
5626.5 -0.652174
5627.5 0
5628.5 -0.652174
5629.5 1
5630.5 0
5631.5 1
5632.5 -0.956522
5633.5 1
5634.5 2
5635.5 -0.956522
5636.5 0.347826
5637.5 1
5638.5 -0.652174
5639.5 1
5640.5 0.347826
5641.5 0
5642.5 0.347826
5643.5 1
5644.5 0
5645.5 0
5646.5 1.34783
5647.5 1
5648.5 1.34783
5649.5 0
5650.5 1
5651.5 1.34783
5652.5 -1.30435
5653.5 0.695652
5654.5 0
5655.5 -0.652174
5656.5 3.34783
5657.5 0.347826
5658.5 -0.652174
5659.5 -1.95652
5660.5 1
5661.5 -0.652174
5662.5 0
5663.5 0
5664.5 -0.652174
5665.5 1.34783
5666.5 -1.30435
5667.5 1
5668.5 1
5669.5 -1.30435
5670.5 0
5671.5 -0.652174
5672.5 0.695652
5673.5 -0.652174
5674.5 1
5675.5 0.695652
5676.5 -0.304348
5677.5 1
5678.5 -0.652174
5679.5 -0.652174
5680.5 -1.30435
5681.5 0.347826
5682.5 0
5683.5 0
5684.5 -1.95652
5685.5 1
5686.5 6
5687.5 -0.652174
5688.5 -1.30435
5689.5 -0.652174
5690.5 -0.652174
5691.5 0
5692.5 -1.30435
5693.5 0.347826
5694.5 1
5695.5 0
5696.5 0.347826
5697.5 0.347826
5698.5 1.34783
5699.5 0.347826
5700.5 1
5701.5 0
5702.5 1
5703.5 3
5704.5 -0.304348
5705.5 -1.30435
5706.5 0
5707.5 2
5708.5 -0.652174
5709.5 0.347826
5710.5 1
5711.5 0
5712.5 -0.652174
5713.5 0.347826
5714.5 0.347826
5715.5 1
5716.5 1.34783
5717.5 0
5718.5 -0.304348
5719.5 -0.304348
5720.5 0
5721.5 -1.30435
5722.5 0
5723.5 0.347826
5724.5 -0.652174
5725.5 0.347826
5726.5 1
5727.5 0.347826
5728.5 0
5729.5 0
5730.5 1
5731.5 1
5732.5 0
5733.5 -0.652174
5734.5 1.34783
5735.5 2
5736.5 2
5737.5 0
5738.5 -0.304348
5739.5 1
5740.5 -1.95652
5741.5 0
5742.5 2
5743.5 0
5744.5 -1.30435
5745.5 0.347826
5746.5 0.347826
5747.5 0.347826
5748.5 -0.652174
5749.5 2
5750.5 2.34783
5751.5 0.347826
5752.5 -0.304348
5753.5 0.347826
5754.5 1.34783
5755.5 -0.652174
5756.5 -1.30435
5757.5 0.347826
5758.5 -3.26087
5759.5 0
5760.5 0
5761.5 1
5762.5 0
5763.5 0
5764.5 0
5765.5 0.347826
5766.5 -0.652174
5767.5 -0.652174
5768.5 0
5769.5 0
5770.5 0
5771.5 0
5772.5 -0.652174
5773.5 1
5774.5 -0.304348
5775.5 1
5776.5 0
5777.5 -0.652174
5778.5 -0.652174
5779.5 -0.652174
5780.5 0.347826
5781.5 -1.30435
5782.5 0
5783.5 1
5784.5 0.347826
5785.5 0
5786.5 0
5787.5 0
5788.5 2
5789.5 0
5790.5 0
5791.5 0
5792.5 0
5793.5 1
5794.5 -0.652174
5795.5 0.695652
5796.5 -1.30435
5797.5 0
5798.5 2
5799.5 -0.652174
5800.5 0
5801.5 0
5802.5 1
5803.5 -0.652174
5804.5 2
5805.5 -0.304348
5806.5 0
5807.5 -1.30435
5808.5 0
5809.5 0.347826
5810.5 0
5811.5 -1.30435
5812.5 0
5813.5 -0.652174
5814.5 1
5815.5 -0.304348
5816.5 0
5817.5 1
5818.5 0.347826
5819.5 0
5820.5 -1.30435
5821.5 0
5822.5 0.0434782
5823.5 -1.30435
5824.5 -0.652174
5825.5 -1.30435
5826.5 3
5827.5 0
5828.5 -0.652174
5829.5 -0.652174
5830.5 2
5831.5 1
5832.5 0.347826
5833.5 -1.30435
5834.5 -0.652174
5835.5 1.34783
5836.5 -0.304348
5837.5 0.347826
5838.5 1.34783
5839.5 -0.304348
5840.5 0.347826
5841.5 -1.6087
5842.5 -1.95652
5843.5 1.34783
5844.5 0
5845.5 0
5846.5 1
5847.5 1
5848.5 1
5849.5 0.347826
5850.5 -1.30435
5851.5 0
5852.5 1
5853.5 0
5854.5 -0.652174
5855.5 1
5856.5 -1.30435
5857.5 1
5858.5 0.347826
5859.5 1
5860.5 0
5861.5 0.347826
5862.5 0
5863.5 -0.652174
5864.5 1
5865.5 0
5866.5 1
5867.5 0.347826
5868.5 2
5869.5 0
5870.5 0.695652
5871.5 -0.652174
5872.5 0
5873.5 -0.652174
5874.5 -0.652174
5875.5 0
5876.5 0.347826
5877.5 1.34783
5878.5 1
5879.5 0
5880.5 1
5881.5 -0.652174
5882.5 -0.652174
5883.5 -0.652174
5884.5 1
5885.5 0
5886.5 1
5887.5 -0.652174
5888.5 2
5889.5 -0.652174
5890.5 -0.652174
5891.5 0.347826
5892.5 1
5893.5 0.347826
5894.5 -0.304348
5895.5 1.34783
5896.5 1.34783
5897.5 1.34783
5898.5 2.34783
5899.5 -3.56522
5900.5 3.3913
5901.5 -1.91304
5902.5 -2.91304
5903.5 1
5904.5 1
5905.5 -0.304348
5906.5 -1.30435
5907.5 -0.652174
5908.5 -1.30435
5909.5 1.34783
5910.5 -2.6087
5911.5 0
5912.5 -1.95652
5913.5 -1.30435
5914.5 0.347826
5915.5 0
5916.5 0.347826
5917.5 0
5918.5 3
5919.5 2
5920.5 0
5921.5 -0.652174
5922.5 -0.652174
5923.5 1
5924.5 -1.30435
5925.5 -0.652174
5926.5 0
5927.5 0
5928.5 -0.304348
5929.5 0
5930.5 0.347826
5931.5 0.347826
5932.5 -0.956522
5933.5 -0.652174
5934.5 1
5935.5 0.347826
5936.5 1.34783
5937.5 0.347826
5938.5 0
5939.5 2.34783
5940.5 1
5941.5 0.347826
5942.5 1
5943.5 0
5944.5 0
5945.5 -0.652174
5946.5 -0.652174
5947.5 1
5948.5 2.69565
5949.5 0
5950.5 0
5951.5 1
5952.5 0
5953.5 -1.95652
5954.5 -1.95652
5955.5 0.347826
5956.5 1
5957.5 1
5958.5 0.347826
5959.5 0
5960.5 -0.304348
5961.5 0
5962.5 -0.652174
5963.5 0
5964.5 1
5965.5 0
5966.5 0
5967.5 2.34783
5968.5 -0.304348
5969.5 2
5970.5 1
5971.5 -0.304348
5972.5 -0.652174
5973.5 -0.652174
5974.5 0
5975.5 0
5976.5 0.347826
5977.5 -0.652174
5978.5 1
5979.5 -1.95652
5980.5 0
5981.5 1
5982.5 2
5983.5 1
5984.5 -0.652174
5985.5 0.347826
5986.5 0
5987.5 0
5988.5 1
5989.5 0
5990.5 -0.652174
5991.5 0
5992.5 0
5993.5 0.347826
5994.5 1
5995.5 -0.652174
5996.5 2
5997.5 -1.95652
5998.5 -0.956522
5999.5 3.69565
6000.5 3.69565
6001.5 -0.304348
6002.5 -0.956522
6003.5 -0.304348
6004.5 -1.30435
6005.5 -0.652174
6006.5 -1.30435
6007.5 0
6008.5 -1.30435
6009.5 0
6010.5 0.347826
6011.5 -0.652174
6012.5 -0.652174
6013.5 0
6014.5 0
6015.5 1
6016.5 1
6017.5 0
6018.5 0
6019.5 2
6020.5 1
6021.5 0.347826
6022.5 0
6023.5 0
6024.5 0.347826
6025.5 -0.652174
6026.5 0.347826
6027.5 0.347826
6028.5 0.347826
6029.5 1
6030.5 0.347826
6031.5 -0.652174
6032.5 -1.95652
6033.5 -1.95652
6034.5 -0.304348
6035.5 0
6036.5 -0.304348
6037.5 0
6038.5 1
6039.5 1
6040.5 -1.6087
6041.5 0
6042.5 0
6043.5 -1.30435
6044.5 1
6045.5 -0.652174
6046.5 1
6047.5 0
6048.5 -0.652174
6049.5 1
6050.5 -0.652174
6051.5 -0.652174
6052.5 1
6053.5 0
6054.5 0
6055.5 0
6056.5 0
6057.5 -1.30435
6058.5 -1.30435
6059.5 -0.652174
6060.5 0
6061.5 -0.652174
6062.5 0
6063.5 0
6064.5 1
6065.5 -0.652174
6066.5 0
6067.5 -0.652174
6068.5 0
6069.5 1.34783
6070.5 0
6071.5 0
6072.5 -0.652174
6073.5 -0.652174
6074.5 0.347826
6075.5 0
6076.5 0
6077.5 0
6078.5 0
6079.5 0.347826
6080.5 0
6081.5 -0.652174
6082.5 0
6083.5 1
6084.5 -0.652174
6085.5 0
6086.5 1
6087.5 2
6088.5 -1.30435
6089.5 1.34783
6090.5 -1.30435
6091.5 0
6092.5 1
6093.5 -0.652174
6094.5 1.34783
6095.5 0
6096.5 1.34783
6097.5 2
6098.5 -0.652174
6099.5 0
6100.5 0
6101.5 2
6102.5 0.347826
6103.5 -1.30435
6104.5 0.347826
6105.5 0.347826
6106.5 2
6107.5 0
6108.5 1
6109.5 0.0434782
6110.5 2
6111.5 0.695652
6112.5 -0.956522
6113.5 -0.652174
6114.5 1
6115.5 -0.652174
6116.5 -0.652174
6117.5 0.347826
6118.5 0.347826
6119.5 -1.30435
6120.5 3
6121.5 0.347826
6122.5 0.347826
6123.5 -1.30435
6124.5 2.69565
6125.5 0.0434782
6126.5 0.695652
6127.5 0
6128.5 0
6129.5 0
6130.5 1
6131.5 -0.652174
6132.5 0
6133.5 -0.652174
6134.5 0
6135.5 0
6136.5 -1.30435
6137.5 -0.652174
6138.5 0
6139.5 1
6140.5 2
6141.5 1
6142.5 -1.30435
6143.5 1
6144.5 0
6145.5 0
6146.5 0
6147.5 2
6148.5 1
6149.5 0
6150.5 -0.652174
6151.5 -1.30435
6152.5 -0.652174
6153.5 0
6154.5 0.347826
6155.5 1
6156.5 0
6157.5 1
6158.5 -0.652174
6159.5 -0.652174
6160.5 0
6161.5 1
6162.5 0
6163.5 0
6164.5 -0.652174
6165.5 0
6166.5 -0.652174
6167.5 -0.652174
6168.5 0
6169.5 1
6170.5 -0.652174
6171.5 0
6172.5 1
6173.5 0
6174.5 0
6175.5 0
6176.5 0
6177.5 1.34783
6178.5 0
6179.5 -0.652174
6180.5 1
6181.5 0
6182.5 0.347826
6183.5 -1.95652
6184.5 1
6185.5 0.347826
6186.5 1
6187.5 0
6188.5 -0.652174
6189.5 0
6190.5 0
6191.5 0
6192.5 0
6193.5 -0.652174
6194.5 0
6195.5 -1.30435
6196.5 0.347826
6197.5 0.347826
6198.5 0
6199.5 0
6200.5 0
6201.5 1
6202.5 0.695652
6203.5 0
6204.5 -0.652174
6205.5 0.347826
6206.5 0
6207.5 0
6208.5 0
6209.5 0
6210.5 0
6211.5 0
6212.5 -0.304348
6213.5 0
6214.5 -0.956522
6215.5 0
6216.5 0
6217.5 1
6218.5 0
6219.5 0
6220.5 0
6221.5 0.347826
6222.5 0
6223.5 0.347826
6224.5 -0.652174
6225.5 1
6226.5 -0.304348
6227.5 0.347826
6228.5 0.347826
6229.5 -1.30435
6230.5 -0.652174
6231.5 -0.652174
6232.5 1.34783
6233.5 0
6234.5 -0.652174
6235.5 0
6236.5 -0.652174
6237.5 1
6238.5 0
6239.5 0
6240.5 1.34783
6241.5 -0.652174
6242.5 -0.652174
6243.5 -0.652174
6244.5 -0.304348
6245.5 -0.652174
6246.5 0
6247.5 2
6248.5 0
6249.5 0
6250.5 0
6251.5 0
6252.5 1
6253.5 0
6254.5 0
6255.5 0
6256.5 1
6257.5 0
6258.5 -1.30435
6259.5 1
6260.5 -0.652174
6261.5 1
6262.5 1.34783
6263.5 0
6264.5 0
6265.5 2
6266.5 1
6267.5 1
6268.5 -1.30435
6269.5 0.347826
6270.5 0
6271.5 -0.652174
6272.5 2
6273.5 -0.652174
6274.5 1
6275.5 -0.652174
6276.5 -0.652174
6277.5 0
6278.5 0
6279.5 0
6280.5 0
6281.5 0
6282.5 0
6283.5 -0.652174
6284.5 0
6285.5 1
6286.5 0
6287.5 1
6288.5 0
6289.5 -0.652174
6290.5 1
6291.5 -0.652174
6292.5 1
6293.5 -1.30435
6294.5 1
6295.5 0
6296.5 0
6297.5 0
6298.5 0.347826
6299.5 0
6300.5 0.347826
6301.5 0
6302.5 0
6303.5 -0.304348
6304.5 0
6305.5 0
6306.5 0
6307.5 0
6308.5 0
6309.5 0
6310.5 0
6311.5 0
6312.5 2
6313.5 0
6314.5 -0.652174
6315.5 0
6316.5 -0.652174
6317.5 -0.652174
6318.5 0
6319.5 0
6320.5 -0.652174
6321.5 0
6322.5 -1.30435
6323.5 -0.652174
6324.5 0
6325.5 0
6326.5 0
6327.5 0.347826
6328.5 1
6329.5 0.347826
6330.5 0
6331.5 0.347826
6332.5 1
6333.5 0.347826
6334.5 0
6335.5 0
6336.5 1.34783
6337.5 0
6338.5 0
6339.5 -0.652174
6340.5 -0.652174
6341.5 -1.30435
6342.5 -0.652174
6343.5 -0.652174
6344.5 0.347826
6345.5 -1.30435
6346.5 2
6347.5 0
6348.5 -0.652174
6349.5 -1.95652
6350.5 0
6351.5 0
6352.5 0
6353.5 0.347826
6354.5 0.347826
6355.5 -0.652174
6356.5 0.347826
6357.5 0
6358.5 -0.652174
6359.5 -1.30435
6360.5 0
6361.5 0
6362.5 -0.652174
6363.5 1
6364.5 -0.652174
6365.5 0
6366.5 0
6367.5 0.347826
6368.5 -1.30435
6369.5 -0.652174
6370.5 -1.30435
6371.5 2
6372.5 0
6373.5 0.347826
6374.5 -0.652174
6375.5 -0.652174
6376.5 0
6377.5 1
6378.5 -0.956522
6379.5 0
6380.5 1.34783
6381.5 0
6382.5 3
6383.5 2
6384.5 -0.304348
6385.5 1.34783
6386.5 0
6387.5 0
6388.5 1
6389.5 0
6390.5 0
6391.5 1
6392.5 0
6393.5 -0.652174
6394.5 2
6395.5 0
6396.5 -0.652174
6397.5 0
6398.5 -0.652174
6399.5 0
6400.5 0
6401.5 -0.652174
6402.5 1
6403.5 2
6404.5 2
6405.5 0
6406.5 0
6407.5 1
6408.5 0.347826
6409.5 0
6410.5 0
6411.5 0
6412.5 0.347826
6413.5 0
6414.5 1
6415.5 2
6416.5 -0.652174
6417.5 1
6418.5 2.34783
6419.5 -0.304348
6420.5 0.347826
6421.5 0
6422.5 0
6423.5 -1.95652
6424.5 0
6425.5 0
6426.5 0
6427.5 0
6428.5 0
6429.5 0.347826
6430.5 1
6431.5 1.34783
6432.5 0
6433.5 1
6434.5 0.347826
6435.5 -0.652174
6436.5 0.347826
6437.5 0.695652
6438.5 0
6439.5 0
6440.5 0.347826
6441.5 -1.30435
6442.5 -0.652174
6443.5 0
6444.5 0
6445.5 -0.652174
6446.5 0
6447.5 0.347826
6448.5 0
6449.5 1
6450.5 1
6451.5 0
6452.5 -1.30435
6453.5 1
6454.5 0
6455.5 1
6456.5 0
6457.5 0
6458.5 0
6459.5 0
6460.5 0
6461.5 0
6462.5 -0.652174
6463.5 0
6464.5 0
6465.5 0
6466.5 0
6467.5 -0.652174
6468.5 -1.30435
6469.5 0
6470.5 0
6471.5 -1.30435
6472.5 0.347826
6473.5 1
6474.5 1
6475.5 2
6476.5 0
6477.5 3
6478.5 1
6479.5 0.347826
6480.5 -2.6087
6481.5 0
6482.5 2
6483.5 2
6484.5 0
6485.5 1
6486.5 0
6487.5 1
6488.5 1
6489.5 -0.652174
6490.5 0
6491.5 0
6492.5 0
6493.5 0
6494.5 0
6495.5 -0.652174
6496.5 0
6497.5 0
6498.5 0
6499.5 1
6500.5 0
6501.5 1
6502.5 0
6503.5 0
6504.5 0
6505.5 -1.30435
6506.5 0
6507.5 0
6508.5 1
6509.5 1
6510.5 -0.652174
6511.5 1.34783
6512.5 0.347826
6513.5 0
6514.5 0
6515.5 -1.30435
6516.5 -0.652174
6517.5 -0.652174
6518.5 0
6519.5 1
6520.5 -1.30435
6521.5 0
6522.5 0
6523.5 0
6524.5 1
6525.5 -0.652174
6526.5 0
6527.5 -0.652174
6528.5 0
6529.5 0
6530.5 1
6531.5 1
6532.5 1
6533.5 0.347826
6534.5 0
6535.5 0
6536.5 0
6537.5 0
6538.5 0
6539.5 -1.30435
6540.5 0
6541.5 0
6542.5 1
6543.5 -0.652174
6544.5 1
6545.5 0.347826
6546.5 0.695652
6547.5 -0.652174
6548.5 0
6549.5 0
6550.5 1
6551.5 -0.652174
6552.5 0
6553.5 -0.652174
6554.5 -0.652174
6555.5 0
6556.5 0
6557.5 0.347826
6558.5 0
6559.5 -0.652174
6560.5 1
6561.5 0.695652
6562.5 0.347826
6563.5 0
6564.5 1
6565.5 1
6566.5 -0.304348
6567.5 0
6568.5 1.69565
6569.5 0
6570.5 0
6571.5 0
6572.5 0
6573.5 -0.652174
6574.5 0
6575.5 0
6576.5 0
6577.5 1
6578.5 0
6579.5 0
6580.5 0
6581.5 -0.652174
6582.5 1
6583.5 0
6584.5 -0.652174
6585.5 0
6586.5 0.695652
6587.5 0
6588.5 1
6589.5 0
6590.5 0
6591.5 1
6592.5 -0.652174
6593.5 0
6594.5 1
6595.5 0
6596.5 0
6597.5 0
6598.5 1
6599.5 -0.652174
6600.5 -0.652174
6601.5 -0.652174
6602.5 -1.30435
6603.5 1
6604.5 1
6605.5 0
6606.5 0
6607.5 0
6608.5 0
6609.5 1
6610.5 0
6611.5 0
6612.5 0
6613.5 1
6614.5 0
6615.5 -0.652174
6616.5 0
6617.5 0
6618.5 0
6619.5 0
6620.5 -0.652174
6621.5 -2.6087
6622.5 0
6623.5 0
6624.5 -0.652174
6625.5 0
6626.5 0
6627.5 -0.652174
6628.5 1
6629.5 0
6630.5 -0.652174
6631.5 0
6632.5 -0.652174
6633.5 0
6634.5 0
6635.5 0
6636.5 0
6637.5 0
6638.5 0
6639.5 0.347826
6640.5 0
6641.5 0
6642.5 0
6643.5 2
6644.5 1
6645.5 0
6646.5 1
6647.5 2
6648.5 0.347826
6649.5 1
6650.5 0.347826
6651.5 0
6652.5 0
6653.5 0
6654.5 0
6655.5 -0.652174
6656.5 0
6657.5 0
6658.5 0
6659.5 -0.652174
6660.5 1.34783
6661.5 2
6662.5 0
6663.5 1.34783
6664.5 0
6665.5 0
6666.5 1
6667.5 0
6668.5 -0.652174
6669.5 1
6670.5 -0.304348
6671.5 1
6672.5 -0.652174
6673.5 0
6674.5 -0.652174
6675.5 -0.652174
6676.5 0
6677.5 0
6678.5 -0.652174
6679.5 -1.30435
6680.5 0
6681.5 2
6682.5 -1.30435
6683.5 0
6684.5 1
6685.5 0
6686.5 1
6687.5 0.347826
6688.5 0
6689.5 0.347826
6690.5 0.347826
6691.5 0
6692.5 1
6693.5 0
6694.5 1.34783
6695.5 -0.304348
6696.5 0
6697.5 0
6698.5 1
6699.5 0
6700.5 0
6701.5 1
6702.5 1
6703.5 -1.95652
6704.5 -0.304348
6705.5 0
6706.5 0.347826
6707.5 -1.6087
6708.5 1
6709.5 1
6710.5 0
6711.5 0.347826
6712.5 0
6713.5 0.347826
6714.5 0
6715.5 -0.652174
6716.5 0.347826
6717.5 0
6718.5 -0.652174
6719.5 0
6720.5 -1.30435
6721.5 0
6722.5 -0.652174
6723.5 1
6724.5 -0.652174
6725.5 0
6726.5 0
6727.5 -0.652174
6728.5 0
6729.5 0
6730.5 -0.652174
6731.5 -1.30435
6732.5 0
6733.5 1
6734.5 0
6735.5 1
6736.5 1
6737.5 1
6738.5 0
6739.5 -0.652174
6740.5 0
6741.5 0
6742.5 -0.652174
6743.5 0
6744.5 0
6745.5 -1.30435
6746.5 0
6747.5 0
6748.5 -0.652174
6749.5 0
6750.5 0
6751.5 -0.652174
6752.5 0.347826
6753.5 -1.95652
6754.5 0
6755.5 0
6756.5 0
6757.5 0.347826
6758.5 0
6759.5 0.347826
6760.5 -0.652174
6761.5 0
6762.5 2
6763.5 0
6764.5 0
6765.5 -0.652174
6766.5 0
6767.5 1
6768.5 -1.30435
6769.5 -0.304348
6770.5 0
6771.5 0
6772.5 0.0434782
6773.5 0
6774.5 0.347826
6775.5 1
6776.5 0
6777.5 1
6778.5 0
6779.5 2
6780.5 0
6781.5 0
6782.5 1
6783.5 1
6784.5 -1.30435
6785.5 1
6786.5 -0.652174
6787.5 0
6788.5 2
6789.5 0
6790.5 0
6791.5 0
6792.5 -0.652174
6793.5 0
6794.5 -0.652174
6795.5 -0.652174
6796.5 -1.30435
6797.5 1
6798.5 -0.652174
6799.5 1
6800.5 -0.652174
6801.5 0
6802.5 -0.652174
6803.5 0
6804.5 1
6805.5 0
6806.5 0
6807.5 -0.652174
6808.5 0
6809.5 0
6810.5 0
6811.5 0
6812.5 -1.30435
6813.5 0
6814.5 0
6815.5 0
6816.5 0
6817.5 0
6818.5 1
6819.5 -0.652174
6820.5 0
6821.5 0
6822.5 -1.30435
6823.5 0
6824.5 0
6825.5 0
6826.5 0
6827.5 -0.652174
6828.5 -0.652174
6829.5 0
6830.5 0
6831.5 0
6832.5 0
6833.5 1
6834.5 0
6835.5 -0.652174
6836.5 -1.30435
6837.5 -0.652174
6838.5 -0.304348
6839.5 0
6840.5 0
6841.5 0
6842.5 0
6843.5 0
6844.5 1
6845.5 0
6846.5 -1.30435
6847.5 0
6848.5 0
6849.5 0
6850.5 0
6851.5 -1.30435
6852.5 -0.652174
6853.5 0
6854.5 -0.652174
6855.5 0.347826
6856.5 -0.652174
6857.5 1
6858.5 -0.304348
6859.5 0
6860.5 0
6861.5 0
6862.5 -0.652174
6863.5 0
6864.5 -0.652174
6865.5 0
6866.5 0
6867.5 0
6868.5 0
6869.5 0
6870.5 0
6871.5 0
6872.5 1
6873.5 0
6874.5 -0.652174
6875.5 1
6876.5 -0.652174
6877.5 -1.30435
6878.5 0
6879.5 -1.30435
6880.5 0
6881.5 1.34783
6882.5 1
6883.5 0
6884.5 0
6885.5 0
6886.5 -0.652174
6887.5 -0.652174
6888.5 0
6889.5 0
6890.5 0
6891.5 0
6892.5 0
6893.5 1
6894.5 1
6895.5 0
6896.5 0
6897.5 -0.652174
6898.5 0.347826
6899.5 -1.30435
6900.5 2
6901.5 -0.652174
6902.5 0.347826
6903.5 1
6904.5 -0.652174
6905.5 1
6906.5 -1.30435
6907.5 1
6908.5 2
6909.5 -0.652174
6910.5 0
6911.5 0.347826
6912.5 -0.652174
6913.5 0
6914.5 2
6915.5 -0.652174
6916.5 0
6917.5 0
6918.5 -1.30435
6919.5 0
6920.5 0
6921.5 0
6922.5 1.34783
6923.5 0
6924.5 -0.652174
6925.5 -0.652174
6926.5 1
6927.5 0
6928.5 0
6929.5 1
6930.5 0
6931.5 0
6932.5 0
6933.5 0.347826
6934.5 -1.30435
6935.5 -1.30435
6936.5 -0.304348
6937.5 0
6938.5 -1.30435
6939.5 -0.652174
6940.5 1
6941.5 -0.652174
6942.5 1
6943.5 0
6944.5 1
6945.5 0
6946.5 0
6947.5 1
6948.5 0
6949.5 0
6950.5 -0.652174
6951.5 0
6952.5 0
6953.5 0
6954.5 -0.652174
6955.5 -0.652174
6956.5 0
6957.5 1
6958.5 0
6959.5 0
6960.5 0
6961.5 0
6962.5 0
6963.5 -0.652174
6964.5 1
6965.5 0
6966.5 0
6967.5 -0.652174
6968.5 0
6969.5 -0.652174
6970.5 0
6971.5 0
6972.5 0
6973.5 -0.652174
6974.5 -0.652174
6975.5 0
6976.5 -0.304348
6977.5 1
6978.5 0
6979.5 -0.652174
6980.5 2.34783
6981.5 -0.652174
6982.5 1
6983.5 0
6984.5 1
6985.5 0
6986.5 0
6987.5 0
6988.5 0
6989.5 0
6990.5 0
6991.5 -0.652174
6992.5 1
6993.5 0
6994.5 0
6995.5 0
6996.5 0
6997.5 0
6998.5 0
6999.5 0
7000.5 0
7001.5 -0.652174
7002.5 -0.652174
7003.5 1
7004.5 0
7005.5 0
7006.5 0
7007.5 0
7008.5 0
7009.5 -0.652174
7010.5 1
7011.5 -0.652174
7012.5 0
7013.5 0
7014.5 0
7015.5 0
7016.5 -0.652174
7017.5 0
7018.5 0
7019.5 3
7020.5 0
7021.5 0
7022.5 0
7023.5 0
7024.5 0
7025.5 1
7026.5 -0.652174
7027.5 -0.652174
7028.5 0
7029.5 0
7030.5 -0.652174
7031.5 0
7032.5 0
7033.5 1
7034.5 0
7035.5 0
7036.5 0
7037.5 0
7038.5 0
7039.5 0
7040.5 0
7041.5 0
7042.5 1
7043.5 0
7044.5 0
7045.5 0
7046.5 -0.652174
7047.5 0
7048.5 0
7049.5 -0.652174
7050.5 0
7051.5 1
7052.5 0
7053.5 0
7054.5 0.347826
7055.5 1
7056.5 0
7057.5 0
7058.5 0
7059.5 0
7060.5 0
7061.5 0
7062.5 -0.652174
7063.5 0
7064.5 -0.652174
7065.5 -0.652174
7066.5 0
7067.5 0
7068.5 1
7069.5 -0.652174
7070.5 0
7071.5 0
7072.5 0.347826
7073.5 2
7074.5 -0.652174
7075.5 0
7076.5 1
7077.5 0
7078.5 0
7079.5 0
7080.5 0
7081.5 -0.652174
7082.5 -0.652174
7083.5 0
7084.5 1
7085.5 0
7086.5 -0.652174
7087.5 -0.652174
7088.5 0
7089.5 0
7090.5 0
7091.5 0
7092.5 -1.30435
7093.5 0
7094.5 0.347826
7095.5 0
7096.5 -0.652174
7097.5 0
7098.5 0
7099.5 0
7100.5 -0.652174
7101.5 -0.652174
7102.5 0
7103.5 0
7104.5 0
7105.5 -0.652174
7106.5 -0.652174
7107.5 1
7108.5 1
7109.5 0
7110.5 0
7111.5 0
7112.5 1
7113.5 0
7114.5 1
7115.5 0
7116.5 1
7117.5 -0.652174
7118.5 0
7119.5 0
7120.5 0
7121.5 0.347826
7122.5 1
7123.5 1.34783
7124.5 1
7125.5 1
7126.5 2
7127.5 -0.652174
7128.5 1
7129.5 0
7130.5 0
7131.5 -0.652174
7132.5 1
7133.5 0
7134.5 -0.652174
7135.5 0
7136.5 0
7137.5 0
7138.5 0.347826
7139.5 -1.30435
7140.5 1
7141.5 0
7142.5 0
7143.5 0
7144.5 0
7145.5 -0.652174
7146.5 0
7147.5 -0.652174
7148.5 0
7149.5 0
7150.5 0
7151.5 -0.652174
7152.5 0.347826
7153.5 0
7154.5 1
7155.5 0
7156.5 0
7157.5 -0.652174
7158.5 0
7159.5 0
7160.5 1
7161.5 0
7162.5 0
7163.5 0
7164.5 0
7165.5 0
7166.5 0
7167.5 0
7168.5 1
7169.5 -0.652174
7170.5 -0.652174
7171.5 -0.652174
7172.5 0
7173.5 0
7174.5 0
7175.5 0
7176.5 0
7177.5 0.347826
7178.5 0
7179.5 0
7180.5 0
7181.5 1
7182.5 1
7183.5 0
7184.5 0
7185.5 0
7186.5 -0.652174
7187.5 0
7188.5 1
7189.5 1
7190.5 0
7191.5 0
7192.5 0
7193.5 0
7194.5 1
7195.5 0
7196.5 0
7197.5 0
7198.5 1
7199.5 0
7200.5 0
7201.5 -0.652174
7202.5 -0.652174
7203.5 0
7204.5 0
7205.5 -0.652174
7206.5 -0.652174
7207.5 0
7208.5 0
7209.5 1
7210.5 2
7211.5 0.347826
7212.5 -0.652174
7213.5 -0.652174
7214.5 1
7215.5 0
7216.5 0
7217.5 0
7218.5 0
7219.5 0
7220.5 0
7221.5 0
7222.5 0
7223.5 0
7224.5 0
7225.5 0
7226.5 1
7227.5 0
7228.5 -0.652174
7229.5 1
7230.5 1
7231.5 -0.652174
7232.5 0
7233.5 -0.652174
7234.5 0
7235.5 -0.652174
7236.5 0
7237.5 0
7238.5 0
7239.5 0
7240.5 2
7241.5 0
7242.5 0
7243.5 0.347826
7244.5 0
7245.5 0
7246.5 0
7247.5 0
7248.5 2
7249.5 -0.652174
7250.5 -0.652174
7251.5 -0.652174
7252.5 0
7253.5 0
7254.5 -0.652174
7255.5 1
7256.5 1
7257.5 0
7258.5 -1.95652
7259.5 -0.652174
7260.5 -1.30435
7261.5 -0.652174
7262.5 0.695652
7263.5 1
7264.5 0.347826
7265.5 0
7266.5 -1.30435
7267.5 0.347826
7268.5 -0.652174
7269.5 0
7270.5 1.34783
7271.5 -0.652174
7272.5 0
7273.5 0
7274.5 0
7275.5 -0.652174
7276.5 0
7277.5 -0.652174
7278.5 0
7279.5 0
7280.5 0
7281.5 1
7282.5 1
7283.5 1
7284.5 0
7285.5 0
7286.5 -0.652174
7287.5 -1.30435
7288.5 0
7289.5 0
7290.5 1
7291.5 0
7292.5 0
7293.5 -0.652174
7294.5 0
7295.5 0
7296.5 -0.652174
7297.5 0
7298.5 0
7299.5 -0.652174
7300.5 0
7301.5 0
7302.5 0
7303.5 -0.652174
7304.5 0
7305.5 -0.652174
7306.5 0
7307.5 0
7308.5 -0.652174
7309.5 0
7310.5 0
7311.5 0
7312.5 -0.652174
7313.5 -0.652174
7314.5 0
7315.5 0
7316.5 0
7317.5 0
7318.5 0
7319.5 0
7320.5 -1.30435
7321.5 0
7322.5 0
7323.5 0
7324.5 0
7325.5 0
7326.5 0
7327.5 0
7328.5 0
7329.5 1
7330.5 0
7331.5 0
7332.5 0
7333.5 0
7334.5 -1.95652
7335.5 0
7336.5 0
7337.5 0
7338.5 0
7339.5 0
7340.5 -1.95652
7341.5 0
7342.5 0
7343.5 0
7344.5 0
7345.5 -0.652174
7346.5 0
7347.5 -0.652174
7348.5 0
7349.5 -0.652174
7350.5 1
7351.5 1
7352.5 1
7353.5 0
7354.5 0
7355.5 -0.652174
7356.5 0
7357.5 0
7358.5 0
7359.5 1
7360.5 0
7361.5 0
7362.5 0
7363.5 0
7364.5 0
7365.5 0
7366.5 -1.95652
7367.5 -0.652174
7368.5 0
7369.5 0
7370.5 2
7371.5 0
7372.5 0
7373.5 0
7374.5 0
7375.5 0
7376.5 1
7377.5 0
7378.5 0
7379.5 0
7380.5 0
7381.5 0
7382.5 0
7383.5 -0.652174
7384.5 0
7385.5 0
7386.5 0
7387.5 -1.30435
7388.5 0
7389.5 0
7390.5 -0.652174
7391.5 0
7392.5 1
7393.5 0
7394.5 0
7395.5 0
7396.5 -0.652174
7397.5 0
7398.5 0
7399.5 0
7400.5 0
7401.5 0
7402.5 -1.30435
7403.5 0
7404.5 -0.652174
7405.5 0
7406.5 0
7407.5 0
7408.5 2.34783
7409.5 0
7410.5 0
7411.5 -0.652174
7412.5 0
7413.5 -0.652174
7414.5 0.347826
7415.5 0
7416.5 0
7417.5 1
7418.5 0
7419.5 -0.652174
7420.5 -0.652174
7421.5 0
7422.5 0
7423.5 -0.652174
7424.5 0
7425.5 0
7426.5 0
7427.5 0
7428.5 0
7429.5 0
7430.5 0
7431.5 1
7432.5 1
7433.5 2
7434.5 0
7435.5 0
7436.5 0
7437.5 0
7438.5 0
7439.5 0
7440.5 0
7441.5 0
7442.5 -0.652174
7443.5 1.34783
7444.5 0
7445.5 0
7446.5 0
7447.5 0
7448.5 2
7449.5 0
7450.5 0
7451.5 0
7452.5 0
7453.5 -0.652174
7454.5 0
7455.5 0
7456.5 1
7457.5 0
7458.5 0
7459.5 -0.652174
7460.5 0
7461.5 -0.652174
7462.5 0
7463.5 0
7464.5 0
7465.5 0
7466.5 0
7467.5 0
7468.5 0
7469.5 0
7470.5 0
7471.5 0
7472.5 0
7473.5 -0.652174
7474.5 0
7475.5 0
7476.5 0
7477.5 -0.652174
7478.5 0
7479.5 0
7480.5 -0.652174
7481.5 0
7482.5 0
7483.5 0
7484.5 0
7485.5 0
7486.5 0
7487.5 0
7488.5 1
7489.5 0
7490.5 1
7491.5 0
7492.5 0
7493.5 -0.652174
7494.5 0
7495.5 0
7496.5 0
7497.5 0
7498.5 0
7499.5 0
7500.5 0
7501.5 0
7502.5 1
7503.5 0
7504.5 -1.30435
7505.5 -0.652174
7506.5 0
7507.5 1
7508.5 0
7509.5 1
7510.5 0
7511.5 1
7512.5 0
7513.5 0
7514.5 1
7515.5 -0.652174
7516.5 0
7517.5 0
7518.5 0
7519.5 0
7520.5 -0.652174
7521.5 0
7522.5 0
7523.5 -0.652174
7524.5 0
7525.5 0
7526.5 -0.652174
7527.5 0
7528.5 -0.652174
7529.5 0
7530.5 -1.30435
7531.5 0
7532.5 1
7533.5 0
7534.5 1
7535.5 0
7536.5 0
7537.5 0
7538.5 0
7539.5 0
7540.5 0
7541.5 0
7542.5 0
7543.5 0
7544.5 0
7545.5 0
7546.5 0
7547.5 -0.652174
7548.5 0
7549.5 0
7550.5 0
7551.5 0.347826
7552.5 0
7553.5 0
7554.5 0
7555.5 0
7556.5 -0.652174
7557.5 -0.652174
7558.5 2
7559.5 0
7560.5 0
7561.5 0
7562.5 0.347826
7563.5 0
7564.5 0
7565.5 0.347826
7566.5 0
7567.5 0
7568.5 0
7569.5 0.347826
7570.5 0
7571.5 0
7572.5 0
7573.5 2
7574.5 0
7575.5 0.347826
7576.5 0
7577.5 1
7578.5 0
7579.5 0
7580.5 0
7581.5 0
7582.5 -0.652174
7583.5 0
7584.5 0
7585.5 0
7586.5 0
7587.5 0
7588.5 0
7589.5 0
7590.5 1
7591.5 0
7592.5 0
7593.5 0
7594.5 -0.652174
7595.5 0
7596.5 1
7597.5 0
7598.5 0
7599.5 1
7600.5 0
7601.5 0
7602.5 -0.652174
7603.5 0
7604.5 0
7605.5 1
7606.5 0
7607.5 0
7608.5 0
7609.5 0
7610.5 -0.652174
7611.5 0
7612.5 -0.652174
7613.5 0
7614.5 0
7615.5 0
7616.5 0
7617.5 0
7618.5 0
7619.5 -1.30435
7620.5 0
7621.5 1
7622.5 1
7623.5 -0.652174
7624.5 0
7625.5 0
7626.5 0
7627.5 0
7628.5 0
7629.5 0
7630.5 0.347826
7631.5 1
7632.5 0
7633.5 0
7634.5 -0.652174
7635.5 -0.652174
7636.5 0
7637.5 0
7638.5 0
7639.5 0
7640.5 1
7641.5 0
7642.5 -0.652174
7643.5 -0.652174
7644.5 -1.30435
7645.5 0.347826
7646.5 0
7647.5 0
7648.5 -0.652174
7649.5 0
7650.5 0
7651.5 0
7652.5 1
7653.5 0
7654.5 0
7655.5 0
7656.5 0
7657.5 0
7658.5 0
7659.5 0
7660.5 0
7661.5 0
7662.5 -1.30435
7663.5 0
7664.5 1
7665.5 -0.652174
7666.5 0
7667.5 -0.652174
7668.5 0
7669.5 1
7670.5 0
7671.5 0
7672.5 1
7673.5 0
7674.5 0
7675.5 0
7676.5 -0.652174
7677.5 0
7678.5 -0.304348
7679.5 0
7680.5 0
7681.5 0
7682.5 -0.652174
7683.5 0
7684.5 0
7685.5 0
7686.5 -0.652174
7687.5 1
7688.5 0
7689.5 0
7690.5 0
7691.5 0
7692.5 0
7693.5 0
7694.5 1
7695.5 -0.652174
7696.5 -0.652174
7697.5 0
7698.5 0
7699.5 1
7700.5 0
7701.5 0
7702.5 1
7703.5 1
7704.5 0
7705.5 0
7706.5 0
7707.5 0
7708.5 0
7709.5 0
7710.5 1
7711.5 0
7712.5 0
7713.5 0
7714.5 0.347826
7715.5 0
7716.5 0
7717.5 0
7718.5 0
7719.5 0
7720.5 0.695652
7721.5 0
7722.5 -0.652174
7723.5 0
7724.5 -0.652174
7725.5 0
7726.5 0
7727.5 0
7728.5 2
7729.5 0
7730.5 0
7731.5 -0.652174
7732.5 1
7733.5 -0.652174
7734.5 0
7735.5 0.347826
7736.5 0
7737.5 0
7738.5 0
7739.5 -0.652174
7740.5 0
7741.5 0
7742.5 1
7743.5 0
7744.5 0
7745.5 0
7746.5 0
7747.5 1
7748.5 -0.652174
7749.5 0
7750.5 0
7751.5 0
7752.5 0
7753.5 1
7754.5 0
7755.5 -0.652174
7756.5 0
7757.5 0
7758.5 0
7759.5 0
7760.5 0
7761.5 0
7762.5 2
7763.5 1
7764.5 1
7765.5 1
7766.5 -1.30435
7767.5 2
7768.5 0
7769.5 0.347826
7770.5 1
7771.5 0
7772.5 0
7773.5 1
7774.5 -0.652174
7775.5 0
7776.5 -0.652174
7777.5 -0.652174
7778.5 0
7779.5 0
7780.5 0
7781.5 0
7782.5 -0.652174
7783.5 -0.652174
7784.5 1
7785.5 0
7786.5 0
7787.5 -0.652174
7788.5 0
7789.5 0
7790.5 -0.652174
7791.5 0
7792.5 0
7793.5 1
7794.5 0
7795.5 0
7796.5 0
7797.5 0
7798.5 0
7799.5 0
7800.5 0
7801.5 0
7802.5 0
7803.5 0
7804.5 -0.652174
7805.5 0
7806.5 0
7807.5 0
7808.5 0
7809.5 0
7810.5 -0.652174
7811.5 0
7812.5 0
7813.5 0
7814.5 0
7815.5 0
7816.5 0
7817.5 0
7818.5 0
7819.5 0
7820.5 1
7821.5 0
7822.5 0
7823.5 0
7824.5 0
7825.5 0
7826.5 1
7827.5 0
7828.5 0
7829.5 1
7830.5 0
7831.5 0
7832.5 0
7833.5 0
7834.5 -0.652174
7835.5 0
7836.5 0
7837.5 0
7838.5 0.347826
7839.5 0
7840.5 0
7841.5 0
7842.5 0
7843.5 0
7844.5 1
7845.5 0
7846.5 0
7847.5 -0.652174
7848.5 -0.652174
7849.5 0
7850.5 0
7851.5 -0.652174
7852.5 0
7853.5 0
7854.5 -0.652174
7855.5 0
7856.5 0
7857.5 0
7858.5 0
7859.5 0
7860.5 0
7861.5 -1.30435
7862.5 0
7863.5 0
7864.5 0
7865.5 -0.652174
7866.5 0
7867.5 0
7868.5 0
7869.5 -0.652174
7870.5 0
7871.5 0
7872.5 -0.652174
7873.5 0
7874.5 0
7875.5 0
7876.5 0
7877.5 0
7878.5 0
7879.5 0
7880.5 1
7881.5 -0.652174
7882.5 0
7883.5 0
7884.5 0
7885.5 0
7886.5 0
7887.5 -1.30435
7888.5 -1.30435
7889.5 -0.652174
7890.5 0
7891.5 0
7892.5 0
7893.5 0
7894.5 0
7895.5 1
7896.5 -0.652174
7897.5 0
7898.5 0
7899.5 0
7900.5 0
7901.5 0.347826
7902.5 0
7903.5 0
7904.5 0
7905.5 0
7906.5 0
7907.5 0
7908.5 -0.652174
7909.5 0
7910.5 0
7911.5 0
7912.5 0
7913.5 0
7914.5 -0.652174
7915.5 0
7916.5 0
7917.5 -0.652174
7918.5 -1.30435
7919.5 -0.652174
7920.5 1
7921.5 1
7922.5 -1.30435
7923.5 1
7924.5 0
7925.5 0
7926.5 0
7927.5 0.347826
7928.5 -0.652174
7929.5 0
7930.5 0
7931.5 0
7932.5 0
7933.5 0
7934.5 0
7935.5 -0.652174
7936.5 0
7937.5 0
7938.5 0
7939.5 0
7940.5 1
7941.5 0
7942.5 0
7943.5 1
7944.5 0
7945.5 0.347826
7946.5 0
7947.5 0
7948.5 0
7949.5 0
7950.5 0
7951.5 0
7952.5 0
7953.5 0
7954.5 0
7955.5 -0.652174
7956.5 0
7957.5 0
7958.5 -0.652174
7959.5 0
7960.5 0
7961.5 0
7962.5 0
7963.5 0
7964.5 1
7965.5 0
7966.5 0
7967.5 0
7968.5 1
7969.5 0
7970.5 0
7971.5 0
7972.5 0
7973.5 0
7974.5 0
7975.5 0
7976.5 -0.652174
7977.5 0
7978.5 0
7979.5 2
7980.5 0
7981.5 0
7982.5 0
7983.5 0
7984.5 0
7985.5 -0.652174
7986.5 0
7987.5 1
7988.5 0
7989.5 1
7990.5 1
7991.5 0
7992.5 0
7993.5 0
7994.5 0
7995.5 0
7996.5 0
7997.5 0
7998.5 0
7999.5 -1.30435
8000.5 0
8001.5 0
8002.5 0
8003.5 0
8004.5 0
8005.5 0
8006.5 0
8007.5 -0.652174
8008.5 1
8009.5 0
8010.5 0
8011.5 0
8012.5 0
8013.5 0
8014.5 0
8015.5 0
8016.5 0
8017.5 0
8018.5 0
8019.5 0
8020.5 0
8021.5 1
8022.5 0
8023.5 0
8024.5 0
8025.5 0
8026.5 0
8027.5 1
8028.5 0
8029.5 0
8030.5 -0.652174
8031.5 -0.652174
8032.5 0
8033.5 0
8034.5 0
8035.5 0
8036.5 0
8037.5 0
8038.5 0
8039.5 -0.652174
8040.5 -0.652174
8041.5 0
8042.5 0
8043.5 0
8044.5 -0.652174
8045.5 0
8046.5 0
8047.5 0
8048.5 0
8049.5 0
8050.5 0
8051.5 0
8052.5 0
8053.5 1
8054.5 0
8055.5 0
8056.5 0
8057.5 0
8058.5 0
8059.5 0
8060.5 0
8061.5 0
8062.5 0
8063.5 0
8064.5 0
8065.5 0
8066.5 0
8067.5 0
8068.5 0
8069.5 0
8070.5 0
8071.5 0
8072.5 0
8073.5 1
8074.5 0
8075.5 0
8076.5 0
8077.5 0
8078.5 0
8079.5 -1.30435
8080.5 0
8081.5 1
8082.5 0
8083.5 0
8084.5 0
8085.5 0
8086.5 0.347826
8087.5 0
8088.5 0
8089.5 1
8090.5 0
8091.5 -1.30435
8092.5 0
8093.5 -1.30435
8094.5 -0.652174
8095.5 3
8096.5 0
8097.5 0
8098.5 0
8099.5 0
8100.5 0
8101.5 0
8102.5 0
8103.5 0
8104.5 0
8105.5 0
8106.5 0
8107.5 0
8108.5 0
8109.5 -0.652174
8110.5 0
8111.5 1
8112.5 0
8113.5 0
8114.5 0
8115.5 0
8116.5 0
8117.5 0
8118.5 0
8119.5 0
8120.5 -0.652174
8121.5 0
8122.5 0
8123.5 0
8124.5 0
8125.5 0
8126.5 -0.652174
8127.5 1
8128.5 0
8129.5 0
8130.5 0
8131.5 0
8132.5 1
8133.5 -0.652174
8134.5 0
8135.5 0
8136.5 0
8137.5 0
8138.5 0
8139.5 0
8140.5 0
8141.5 0
8142.5 0
8143.5 0
8144.5 0
8145.5 0
8146.5 0
8147.5 0
8148.5 0
8149.5 0
8150.5 0
8151.5 0
8152.5 0
8153.5 -0.652174
8154.5 0
8155.5 0
8156.5 0
8157.5 0
8158.5 0
8159.5 0
8160.5 0
8161.5 0
8162.5 0
8163.5 0
8164.5 0
8165.5 0
8166.5 0
8167.5 1
8168.5 0
8169.5 0
8170.5 0
8171.5 0
8172.5 0
8173.5 0
8174.5 0
8175.5 0
8176.5 0
8177.5 0
8178.5 0
8179.5 0
8180.5 0
8181.5 -0.652174
8182.5 0
8183.5 0
8184.5 1
8185.5 0
8186.5 0
8187.5 0
8188.5 0
8189.5 -0.652174
8190.5 0
8191.5 -0.652174
8192.5 0
8193.5 0
8194.5 0
8195.5 0
8196.5 0
8197.5 0
8198.5 0
8199.5 0
8200.5 0
8201.5 0
8202.5 1
8203.5 -0.652174
8204.5 0
8205.5 0
8206.5 0
8207.5 0
8208.5 -1.30435
8209.5 0
8210.5 0
8211.5 1
8212.5 -0.652174
8213.5 -0.652174
8214.5 1
8215.5 0
8216.5 0
8217.5 -0.652174
8218.5 0
8219.5 1
8220.5 0
8221.5 0
8222.5 0
8223.5 0
8224.5 -0.652174
8225.5 0
8226.5 0
8227.5 0
8228.5 0
8229.5 0
8230.5 0
8231.5 0
8232.5 -0.652174
8233.5 0
8234.5 0
8235.5 0
8236.5 -0.652174
8237.5 1
8238.5 0
8239.5 0
8240.5 -0.652174
8241.5 0
8242.5 0
8243.5 0
8244.5 0
8245.5 0
8246.5 0
8247.5 0
8248.5 0
8249.5 0
8250.5 0
8251.5 0
8252.5 1
8253.5 0
8254.5 0
8255.5 1
8256.5 0
8257.5 -0.652174
8258.5 0
8259.5 0
8260.5 0
8261.5 -0.652174
8262.5 -0.652174
8263.5 0
8264.5 0
8265.5 -0.652174
8266.5 -0.652174
8267.5 0
8268.5 0
8269.5 0
8270.5 -0.652174
8271.5 0
8272.5 0
8273.5 0
8274.5 0
8275.5 0
8276.5 0
8277.5 0
8278.5 0
8279.5 0
8280.5 0
8281.5 1
8282.5 0
8283.5 0
8284.5 -0.652174
8285.5 0
8286.5 0
8287.5 0
8288.5 0
8289.5 0
8290.5 0
8291.5 0
8292.5 0
8293.5 0
8294.5 0
8295.5 -0.652174
8296.5 0
8297.5 1
8298.5 0
8299.5 -0.652174
8300.5 0
8301.5 0
8302.5 0
8303.5 -0.652174
8304.5 0
8305.5 1
8306.5 0
8307.5 -0.652174
8308.5 0
8309.5 0
8310.5 0
8311.5 0
8312.5 -0.652174
8313.5 0
8314.5 0
8315.5 0
8316.5 0
8317.5 0
8318.5 -0.652174
8319.5 0
8320.5 0
8321.5 0
8322.5 0
8323.5 0
8324.5 0
8325.5 0
8326.5 0
8327.5 0
8328.5 0
8329.5 0
8330.5 0
8331.5 0
8332.5 -0.652174
8333.5 0
8334.5 0
8335.5 -0.652174
8336.5 0
8337.5 0
8338.5 1
8339.5 0
8340.5 0
8341.5 0
8342.5 1
8343.5 0
8344.5 1
8345.5 0
8346.5 0
8347.5 0
8348.5 0
8349.5 0
8350.5 1
8351.5 0
8352.5 0
8353.5 0
8354.5 0
8355.5 0
8356.5 0
8357.5 0
8358.5 0
8359.5 0
8360.5 0
8361.5 0
8362.5 0
8363.5 0
8364.5 0
8365.5 0
8366.5 -0.652174
8367.5 -0.652174
8368.5 0
8369.5 1
8370.5 0
8371.5 0
8372.5 0
8373.5 0
8374.5 0
8375.5 0
8376.5 0
8377.5 0
8378.5 0
8379.5 0
8380.5 1
8381.5 0
8382.5 0
8383.5 0
8384.5 0
8385.5 0
8386.5 0
8387.5 1
8388.5 0
8389.5 1
8390.5 -0.652174
8391.5 0
8392.5 0
8393.5 0
8394.5 0
8395.5 0
8396.5 0
8397.5 0
8398.5 0
8399.5 1
8400.5 -0.652174
8401.5 0
8402.5 1
8403.5 0
8404.5 0
8405.5 1
8406.5 0
8407.5 -0.652174
8408.5 0
8409.5 0
8410.5 0
8411.5 -0.304348
8412.5 0
8413.5 -0.652174
8414.5 0
8415.5 0
8416.5 0
8417.5 0
8418.5 0
8419.5 1
8420.5 0
8421.5 0
8422.5 0
8423.5 1
8424.5 0
8425.5 0
8426.5 0
8427.5 0
8428.5 0
8429.5 0
8430.5 0
8431.5 1
8432.5 0
8433.5 0
8434.5 0
8435.5 0
8436.5 0
8437.5 0.347826
8438.5 0
8439.5 0
8440.5 0
8441.5 1
8442.5 0
8443.5 0
8444.5 0
8445.5 -0.652174
8446.5 -0.652174
8447.5 0
8448.5 0
8449.5 1
8450.5 -0.652174
8451.5 0
8452.5 0
8453.5 0
8454.5 0
8455.5 -0.652174
8456.5 0
8457.5 -0.652174
8458.5 0
8459.5 0
8460.5 0
8461.5 0
8462.5 0
8463.5 0
8464.5 0
8465.5 0
8466.5 -0.652174
8467.5 0
8468.5 0
8469.5 0
8470.5 0
8471.5 -0.652174
8472.5 0
8473.5 0
8474.5 0
8475.5 0
8476.5 0
8477.5 0
8478.5 0
8479.5 0
8480.5 0
8481.5 0
8482.5 -0.652174
8483.5 0
8484.5 0
8485.5 1
8486.5 0
8487.5 0
8488.5 1
8489.5 0
8490.5 0
8491.5 0
8492.5 1
8493.5 0
8494.5 0
8495.5 -0.652174
8496.5 0
8497.5 0
8498.5 0
8499.5 0
8500.5 0
8501.5 0
8502.5 0
8503.5 0
8504.5 0
8505.5 -0.652174
8506.5 0
8507.5 0
8508.5 -0.652174
8509.5 0
8510.5 -0.652174
8511.5 0
8512.5 0
8513.5 0
8514.5 0
8515.5 0
8516.5 -0.652174
8517.5 1
8518.5 0
8519.5 0
8520.5 -0.652174
8521.5 0
8522.5 0
8523.5 0
8524.5 0
8525.5 0
8526.5 -1.30435
8527.5 0
8528.5 0
8529.5 0
8530.5 1
8531.5 0
8532.5 0
8533.5 0
8534.5 0
8535.5 0
8536.5 0
8537.5 0
8538.5 0
8539.5 0
8540.5 0
8541.5 0
8542.5 0
8543.5 0
8544.5 0
8545.5 0
8546.5 0
8547.5 0
8548.5 0
8549.5 1
8550.5 0
8551.5 0
8552.5 0
8553.5 -1.30435
8554.5 -0.652174
8555.5 0
8556.5 0
8557.5 0
8558.5 0
8559.5 0
8560.5 1
8561.5 -0.652174
8562.5 0
8563.5 0
8564.5 1
8565.5 0
8566.5 0
8567.5 0
8568.5 0
8569.5 -0.652174
8570.5 1
8571.5 0
8572.5 0
8573.5 0
8574.5 -0.652174
8575.5 0
8576.5 0
8577.5 1
8578.5 1
8579.5 0
8580.5 -0.652174
8581.5 -0.652174
8582.5 0
8583.5 0
8584.5 -0.652174
8585.5 0
8586.5 0
8587.5 0
8588.5 1
8589.5 0
8590.5 0
8591.5 0
8592.5 0
8593.5 -0.652174
8594.5 0
8595.5 0
8596.5 0
8597.5 0
8598.5 0
8599.5 0
8600.5 0
8601.5 0
8602.5 0
8603.5 0
8604.5 0
8605.5 1
8606.5 1
8607.5 0
8608.5 0
8609.5 0
8610.5 0
8611.5 1
8612.5 0
8613.5 0
8614.5 0
8615.5 0
8616.5 0
8617.5 0
8618.5 0
8619.5 0
8620.5 0
8621.5 0
8622.5 0
8623.5 -0.652174
8624.5 0
8625.5 0
8626.5 0
8627.5 0
8628.5 0
8629.5 -0.652174
8630.5 0
8631.5 0.347826
8632.5 -0.652174
8633.5 0
8634.5 0
8635.5 0
8636.5 -0.652174
8637.5 0
8638.5 0
8639.5 0
8640.5 -0.652174
8641.5 1
8642.5 0
8643.5 0
8644.5 0
8645.5 0
8646.5 0
8647.5 0
8648.5 -0.652174
8649.5 0
8650.5 -0.652174
8651.5 -1.30435
8652.5 0
8653.5 0
8654.5 0
8655.5 0
8656.5 0
8657.5 0
8658.5 1
8659.5 0
8660.5 0
8661.5 0
8662.5 0
8663.5 0
8664.5 0
8665.5 0
8666.5 0
8667.5 1
8668.5 -0.652174
8669.5 0
8670.5 -0.652174
8671.5 -0.652174
8672.5 0
8673.5 0
8674.5 0
8675.5 0
8676.5 -0.652174
8677.5 0
8678.5 -0.652174
8679.5 0
8680.5 0
8681.5 0
8682.5 0
8683.5 0
8684.5 0
8685.5 -0.652174
8686.5 0
8687.5 0
8688.5 0
8689.5 -0.652174
8690.5 0
8691.5 0
8692.5 0
8693.5 0
8694.5 0
8695.5 0
8696.5 -0.652174
8697.5 0
8698.5 0
8699.5 0
8700.5 0
8701.5 0
8702.5 0
8703.5 -0.652174
8704.5 -0.652174
8705.5 -0.652174
8706.5 0
8707.5 0
8708.5 0
8709.5 0
8710.5 0
8711.5 0
8712.5 0.347826
8713.5 0
8714.5 -0.652174
8715.5 -0.652174
8716.5 0
8717.5 0
8718.5 -0.652174
8719.5 0
8720.5 0
8721.5 0
8722.5 0
8723.5 0
8724.5 0
8725.5 0
8726.5 0
8727.5 0
8728.5 -0.652174
8729.5 -0.652174
8730.5 0.347826
8731.5 0
8732.5 0
8733.5 0
8734.5 1
8735.5 0
8736.5 1
8737.5 -0.652174
8738.5 0
8739.5 0
8740.5 0
8741.5 0
8742.5 0
8743.5 0
8744.5 0
8745.5 0
8746.5 0
8747.5 0
8748.5 0
8749.5 0
8750.5 -0.652174
8751.5 1
8752.5 0
8753.5 0
8754.5 -0.652174
8755.5 0
8756.5 0
8757.5 1
8758.5 0
8759.5 1
8760.5 0
8761.5 1
8762.5 0
8763.5 0
8764.5 0
8765.5 0
8766.5 0
8767.5 1
8768.5 0
8769.5 0
8770.5 1
8771.5 0
8772.5 0
8773.5 0
8774.5 0
8775.5 0
8776.5 0
8777.5 0
8778.5 1
8779.5 0
8780.5 -0.652174
8781.5 0
8782.5 0
8783.5 1
8784.5 0
8785.5 0
8786.5 -0.652174
8787.5 0
8788.5 0
8789.5 0
8790.5 0
8791.5 0
8792.5 0
8793.5 -0.652174
8794.5 0
8795.5 0
8796.5 0
8797.5 0
8798.5 0
8799.5 0
8800.5 0
8801.5 0
8802.5 0
8803.5 0
8804.5 0
8805.5 0
8806.5 0
8807.5 0
8808.5 0
8809.5 0
8810.5 0
8811.5 0
8812.5 0
8813.5 0
8814.5 1
8815.5 0
8816.5 0
8817.5 -1.30435
8818.5 0
8819.5 0
8820.5 0.347826
8821.5 0
8822.5 0
8823.5 -0.652174
8824.5 0
8825.5 0
8826.5 0
8827.5 0
8828.5 0
8829.5 0
8830.5 0
8831.5 0
8832.5 -1.30435
8833.5 -0.652174
8834.5 0
8835.5 0
8836.5 -1.30435
8837.5 0
8838.5 0
8839.5 0
8840.5 0
8841.5 0
8842.5 0
8843.5 0
8844.5 1
8845.5 0
8846.5 0
8847.5 1
8848.5 0
8849.5 0
8850.5 0
8851.5 0
8852.5 0
8853.5 -0.652174
8854.5 -0.652174
8855.5 0
8856.5 0
8857.5 0
8858.5 0
8859.5 0
8860.5 -0.652174
8861.5 0
8862.5 0
8863.5 0
8864.5 0
8865.5 0
8866.5 0
8867.5 0
8868.5 1
8869.5 0
8870.5 0
8871.5 0
8872.5 0.347826
8873.5 0
8874.5 0
8875.5 -0.652174
8876.5 0
8877.5 -0.652174
8878.5 0
8879.5 -0.652174
8880.5 0
8881.5 0
8882.5 0
8883.5 0
8884.5 0
8885.5 0
8886.5 0
8887.5 0
8888.5 0
8889.5 0
8890.5 0
8891.5 -0.652174
8892.5 0
8893.5 -0.652174
8894.5 1
8895.5 0
8896.5 0
8897.5 -0.652174
8898.5 -0.652174
8899.5 0
8900.5 0
8901.5 0
8902.5 0
8903.5 0
8904.5 0
8905.5 0
8906.5 0
8907.5 0
8908.5 0
8909.5 0
8910.5 -0.652174
8911.5 0
8912.5 0
8913.5 0
8914.5 0
8915.5 0
8916.5 0
8917.5 0
8918.5 0
8919.5 0
8920.5 0
8921.5 0
8922.5 0
8923.5 0
8924.5 0
8925.5 0
8926.5 0
8927.5 0
8928.5 0
8929.5 0
8930.5 1
8931.5 -0.652174
8932.5 0.347826
8933.5 0
8934.5 0
8935.5 0
8936.5 0
8937.5 0
8938.5 0
8939.5 -0.652174
8940.5 0
8941.5 0
8942.5 -0.652174
8943.5 -0.652174
8944.5 0
8945.5 0
8946.5 0
8947.5 0
8948.5 0
8949.5 0
8950.5 0
8951.5 0
8952.5 0
8953.5 0
8954.5 0
8955.5 -0.652174
8956.5 0
8957.5 0
8958.5 0
8959.5 -0.652174
8960.5 0
8961.5 0
8962.5 0
8963.5 0
8964.5 0
8965.5 0
8966.5 0
8967.5 0
8968.5 0
8969.5 0
8970.5 0
8971.5 0
8972.5 0
8973.5 -0.652174
8974.5 0
8975.5 0
8976.5 0
8977.5 0
8978.5 0
8979.5 0
8980.5 0
8981.5 0
8982.5 0
8983.5 -0.652174
8984.5 0
8985.5 0
8986.5 0
8987.5 0
8988.5 0
8989.5 0
8990.5 0
8991.5 -0.652174
8992.5 -0.652174
8993.5 2
8994.5 0
8995.5 0
8996.5 0
8997.5 1
8998.5 -0.652174
8999.5 0
9000.5 1
9001.5 0
9002.5 0
9003.5 0
9004.5 0
9005.5 0
9006.5 0
9007.5 0
9008.5 0
9009.5 0
9010.5 0
9011.5 0
9012.5 0
9013.5 0
9014.5 0
9015.5 0
9016.5 0.347826
9017.5 0
9018.5 1
9019.5 0
9020.5 0
9021.5 -1.30435
9022.5 0
9023.5 0
9024.5 0
9025.5 0
9026.5 0
9027.5 0
9028.5 0
9029.5 0
9030.5 0
9031.5 0
9032.5 0
9033.5 0
9034.5 0
9035.5 0
9036.5 0
9037.5 0
9038.5 0
9039.5 0
9040.5 0
9041.5 0
9042.5 0
9043.5 0
9044.5 0
9045.5 0.347826
9046.5 -0.652174
9047.5 0
9048.5 0
9049.5 -0.652174
9050.5 0
9051.5 0
9052.5 0
9053.5 0
9054.5 0
9055.5 0
9056.5 0
9057.5 0
9058.5 0
9059.5 0
9060.5 0
9061.5 0
9062.5 0
9063.5 1
9064.5 -0.652174
9065.5 0
9066.5 0
9067.5 0
9068.5 0
9069.5 0
9070.5 0
9071.5 0
9072.5 0
9073.5 0
9074.5 0
9075.5 0
9076.5 -0.652174
9077.5 0
9078.5 0
9079.5 0
9080.5 -0.652174
9081.5 0
9082.5 -0.652174
9083.5 1
9084.5 0
9085.5 0
9086.5 0
9087.5 0
9088.5 0
9089.5 0
9090.5 0
9091.5 0
9092.5 0
9093.5 0
9094.5 1
9095.5 0
9096.5 -1.30435
9097.5 0
9098.5 -0.652174
9099.5 0
9100.5 0
9101.5 0
9102.5 0
9103.5 0
9104.5 0
9105.5 0
9106.5 0
9107.5 0
9108.5 0
9109.5 0
9110.5 0
9111.5 0
9112.5 0
9113.5 1
9114.5 0
9115.5 -0.652174
9116.5 0
9117.5 -0.652174
9118.5 0
9119.5 0
9120.5 0
9121.5 0
9122.5 0
9123.5 0
9124.5 0
9125.5 0
9126.5 0
9127.5 0
9128.5 0
9129.5 0
9130.5 0
9131.5 0
9132.5 0
9133.5 0
9134.5 0
9135.5 -0.652174
9136.5 0
9137.5 0
9138.5 0
9139.5 0
9140.5 0
9141.5 0
9142.5 0
9143.5 0
9144.5 0
9145.5 0
9146.5 0
9147.5 0
9148.5 0
9149.5 0
9150.5 -0.652174
9151.5 0
9152.5 0
9153.5 0
9154.5 0
9155.5 0
9156.5 -0.652174
9157.5 0
9158.5 0
9159.5 0
9160.5 -0.652174
9161.5 0
9162.5 0
9163.5 0
9164.5 0
9165.5 0
9166.5 0
9167.5 0
9168.5 0
9169.5 0
9170.5 0
9171.5 -0.652174
9172.5 0
9173.5 0
9174.5 0
9175.5 0
9176.5 0
9177.5 0
9178.5 0
9179.5 0
9180.5 0
9181.5 0
9182.5 0
9183.5 0
9184.5 0
9185.5 0
9186.5 0
9187.5 0
9188.5 0
9189.5 0
9190.5 0
9191.5 0
9192.5 0
9193.5 0
9194.5 0
9195.5 0
9196.5 0
9197.5 0
9198.5 0
9199.5 0
9200.5 0
9201.5 0
9202.5 0
9203.5 1
9204.5 -1.30435
9205.5 0
9206.5 0
9207.5 0
9208.5 0
9209.5 0
9210.5 1
9211.5 0
9212.5 0
9213.5 0
9214.5 -0.652174
9215.5 -0.652174
9216.5 0
9217.5 1
9218.5 0
9219.5 0
9220.5 0
9221.5 -0.652174
9222.5 0
9223.5 0
9224.5 -0.652174
9225.5 0
9226.5 0
9227.5 -0.652174
9228.5 0
9229.5 0
9230.5 1
9231.5 0
9232.5 -0.652174
9233.5 2
9234.5 0
9235.5 0
9236.5 0
9237.5 0
9238.5 0
9239.5 0
9240.5 0
9241.5 0
9242.5 0
9243.5 -0.652174
9244.5 -0.652174
9245.5 0
9246.5 0
9247.5 0
9248.5 -0.652174
9249.5 0
9250.5 0
9251.5 0
9252.5 0
9253.5 0
9254.5 0
9255.5 0
9256.5 0
9257.5 -0.652174
9258.5 1
9259.5 0.347826
9260.5 0
9261.5 0
9262.5 1
9263.5 0
9264.5 0
9265.5 0
9266.5 0
9267.5 0
9268.5 0
9269.5 0
9270.5 0
9271.5 0
9272.5 0
9273.5 0
9274.5 0
9275.5 0
9276.5 0
9277.5 0
9278.5 0
9279.5 0
9280.5 0
9281.5 -0.652174
9282.5 -0.652174
9283.5 0
9284.5 0
9285.5 0
9286.5 0
9287.5 1
9288.5 0
9289.5 0
9290.5 0
9291.5 1
9292.5 0
9293.5 0
9294.5 0
9295.5 1
9296.5 0
9297.5 0
9298.5 0
9299.5 0
9300.5 0
9301.5 1
9302.5 0
9303.5 0
9304.5 -0.652174
9305.5 0
9306.5 0
9307.5 0
9308.5 0
9309.5 0
9310.5 0
9311.5 0
9312.5 0
9313.5 0
9314.5 0
9315.5 0
9316.5 0
9317.5 0
9318.5 0
9319.5 1
9320.5 0
9321.5 0
9322.5 0
9323.5 0
9324.5 0
9325.5 0
9326.5 0
9327.5 0
9328.5 0
9329.5 0
9330.5 0
9331.5 -0.652174
9332.5 0
9333.5 0
9334.5 0
9335.5 -0.652174
9336.5 0
9337.5 0
9338.5 0
9339.5 1
9340.5 0
9341.5 0
9342.5 0
9343.5 0
9344.5 0
9345.5 0
9346.5 0
9347.5 0
9348.5 0
9349.5 0
9350.5 0
9351.5 0
9352.5 -0.652174
9353.5 1
9354.5 0
9355.5 0
9356.5 0
9357.5 0
9358.5 0
9359.5 0
9360.5 0
9361.5 0
9362.5 1
9363.5 -0.652174
9364.5 0
9365.5 0
9366.5 0
9367.5 1
9368.5 0
9369.5 0
9370.5 0
9371.5 0
9372.5 0
9373.5 0
9374.5 0
9375.5 0
9376.5 -0.652174
9377.5 0
9378.5 0
9379.5 0
9380.5 0
9381.5 0
9382.5 0
9383.5 0
9384.5 0
9385.5 0
9386.5 0
9387.5 0
9388.5 1
9389.5 1
9390.5 1
9391.5 0
9392.5 0
9393.5 -0.652174
9394.5 -0.652174
9395.5 -0.652174
9396.5 -0.652174
9397.5 0
9398.5 0
9399.5 -0.652174
9400.5 0
9401.5 0
9402.5 0
9403.5 0
9404.5 -0.652174
9405.5 -1.30435
9406.5 0
9407.5 0
9408.5 0
9409.5 0
9410.5 0
9411.5 0
9412.5 0
9413.5 0
9414.5 0
9415.5 0
9416.5 0
9417.5 0
9418.5 0
9419.5 0
9420.5 0
9421.5 0
9422.5 0
9423.5 0
9424.5 0
9425.5 0
9426.5 0
9427.5 1
9428.5 -0.652174
9429.5 0
9430.5 0
9431.5 0
9432.5 0
9433.5 0
9434.5 0
9435.5 0
9436.5 -0.652174
9437.5 0
9438.5 0
9439.5 0
9440.5 0
9441.5 0
9442.5 0
9443.5 0
9444.5 0
9445.5 0
9446.5 0
9447.5 0
9448.5 0
9449.5 1
9450.5 0
9451.5 0
9452.5 0
9453.5 0
9454.5 0
9455.5 0
9456.5 0
9457.5 0
9458.5 0
9459.5 0
9460.5 0
9461.5 0
9462.5 0
9463.5 0
9464.5 0
9465.5 0
9466.5 0
9467.5 0
9468.5 0
9469.5 0
9470.5 0
9471.5 0
9472.5 0
9473.5 0
9474.5 0
9475.5 0
9476.5 0
9477.5 0
9478.5 0
9479.5 0
9480.5 -0.652174
9481.5 0
9482.5 0
9483.5 0
9484.5 0
9485.5 -0.652174
9486.5 0
9487.5 0
9488.5 0
9489.5 0
9490.5 0
9491.5 0
9492.5 0
9493.5 0
9494.5 0
9495.5 0
9496.5 0
9497.5 0
9498.5 0
9499.5 0
9500.5 0
9501.5 0
9502.5 -0.652174
9503.5 0
9504.5 0
9505.5 0
9506.5 0
9507.5 0
9508.5 0
9509.5 0
9510.5 0
9511.5 0
9512.5 0
9513.5 0
9514.5 0
9515.5 0
9516.5 0
9517.5 0
9518.5 0
9519.5 0
9520.5 0
9521.5 0
9522.5 0
9523.5 1
9524.5 0
9525.5 0
9526.5 0
9527.5 0
9528.5 0
9529.5 0
9530.5 0
9531.5 0
9532.5 0
9533.5 0
9534.5 0
9535.5 0
9536.5 0
9537.5 0
9538.5 -0.652174
9539.5 0
9540.5 0
9541.5 0
9542.5 0
9543.5 0
9544.5 1
9545.5 0
9546.5 0
9547.5 0
9548.5 0
9549.5 0
9550.5 0
9551.5 0
9552.5 0
9553.5 0
9554.5 0
9555.5 0
9556.5 0
9557.5 0
9558.5 0
9559.5 0
9560.5 0
9561.5 0
9562.5 0
9563.5 0
9564.5 0
9565.5 0
9566.5 0
9567.5 0
9568.5 -0.652174
9569.5 -0.652174
9570.5 0
9571.5 0
9572.5 0
9573.5 0
9574.5 0
9575.5 0
9576.5 0
9577.5 0
9578.5 0
9579.5 0
9580.5 0
9581.5 -0.652174
9582.5 1
9583.5 0
9584.5 0
9585.5 0
9586.5 0
9587.5 0
9588.5 0
9589.5 0
9590.5 0
9591.5 0
9592.5 0
9593.5 0
9594.5 0
9595.5 0
9596.5 0
9597.5 0
9598.5 0
9599.5 0
9600.5 0
9601.5 1
9602.5 0
9603.5 0
9604.5 0
9605.5 0
9606.5 0
9607.5 0
9608.5 0
9609.5 0
9610.5 0
9611.5 -0.652174
9612.5 0
9613.5 0
9614.5 0
9615.5 -0.652174
9616.5 0
9617.5 1
9618.5 0
9619.5 1
9620.5 0
9621.5 0
9622.5 0
9623.5 0
9624.5 0
9625.5 0
9626.5 0
9627.5 0
9628.5 0
9629.5 0
9630.5 -0.652174
9631.5 0
9632.5 0
9633.5 0
9634.5 0
9635.5 0
9636.5 0
9637.5 0
9638.5 0
9639.5 0
9640.5 0
9641.5 0
9642.5 0
9643.5 0
9644.5 0
9645.5 0
9646.5 0
9647.5 0
9648.5 1
9649.5 0
9650.5 0
9651.5 0
9652.5 0
9653.5 0
9654.5 0
9655.5 1
9656.5 0
9657.5 0
9658.5 0
9659.5 0
9660.5 0
9661.5 0
9662.5 0
9663.5 0
9664.5 0
9665.5 0
9666.5 0
9667.5 0
9668.5 0
9669.5 0
9670.5 0
9671.5 0
9672.5 0
9673.5 0
9674.5 0
9675.5 0
9676.5 0
9677.5 0
9678.5 0
9679.5 0
9680.5 0
9681.5 1
9682.5 0
9683.5 0
9684.5 0
9685.5 1
9686.5 0
9687.5 0
9688.5 0
9689.5 0
9690.5 0
9691.5 0
9692.5 0
9693.5 0
9694.5 0
9695.5 0
9696.5 0
9697.5 0
9698.5 0
9699.5 0
9700.5 0
9701.5 0
9702.5 0
9703.5 0
9704.5 0
9705.5 0
9706.5 0
9707.5 0
9708.5 0
9709.5 0
9710.5 0
9711.5 -0.652174
9712.5 0
9713.5 0
9714.5 0
9715.5 0
9716.5 0
9717.5 0
9718.5 0
9719.5 0
9720.5 0
9721.5 -0.652174
9722.5 0
9723.5 0
9724.5 0
9725.5 0
9726.5 0
9727.5 0
9728.5 0
9729.5 0
9730.5 0
9731.5 0
9732.5 0
9733.5 0
9734.5 0
9735.5 0
9736.5 0
9737.5 0
9738.5 0
9739.5 0
9740.5 0
9741.5 0
9742.5 0
9743.5 0
9744.5 0
9745.5 0
9746.5 0
9747.5 0
9748.5 0
9749.5 0
9750.5 0
9751.5 0
9752.5 0
9753.5 0
9754.5 0
9755.5 0
9756.5 0
9757.5 0
9758.5 0
9759.5 0
9760.5 0
9761.5 0
9762.5 0
9763.5 0
9764.5 0
9765.5 0
9766.5 1
9767.5 0
9768.5 0
9769.5 0
9770.5 0
9771.5 0
9772.5 0
9773.5 0
9774.5 0
9775.5 0
9776.5 0
9777.5 0
9778.5 0
9779.5 0
9780.5 0
9781.5 -0.652174
9782.5 0
9783.5 0
9784.5 0
9785.5 0
9786.5 0
9787.5 0
9788.5 0
9789.5 0
9790.5 0
9791.5 0
9792.5 0
9793.5 0
9794.5 0
9795.5 -0.652174
9796.5 0
9797.5 0
9798.5 0
9799.5 -0.652174
9800.5 0
9801.5 1
9802.5 0
9803.5 0
9804.5 0
9805.5 0
9806.5 0
9807.5 0
9808.5 0
9809.5 0
9810.5 0
9811.5 0
9812.5 0
9813.5 0
9814.5 0
9815.5 0
9816.5 0
9817.5 0
9818.5 0
9819.5 0
9820.5 0
9821.5 0
9822.5 0
9823.5 0
9824.5 0
9825.5 1
9826.5 0
9827.5 0
9828.5 0
9829.5 0
9830.5 0
9831.5 0
9832.5 0
9833.5 0
9834.5 0
9835.5 0
9836.5 0
9837.5 0
9838.5 0
9839.5 0
9840.5 0
9841.5 0
9842.5 0
9843.5 0
9844.5 0
9845.5 0
9846.5 0
9847.5 0
9848.5 0
9849.5 0
9850.5 0
9851.5 0
9852.5 0
9853.5 0
9854.5 0
9855.5 0
9856.5 0
9857.5 0
9858.5 0
9859.5 0
9860.5 0
9861.5 0
9862.5 0
9863.5 0
9864.5 0
9865.5 0
9866.5 0
9867.5 -0.652174
9868.5 0
9869.5 0
9870.5 0
9871.5 0
9872.5 0
9873.5 0
9874.5 0
9875.5 0
9876.5 0
9877.5 0
9878.5 0
9879.5 1
9880.5 0
9881.5 0
9882.5 0
9883.5 0
9884.5 0
9885.5 0
9886.5 0
9887.5 0
9888.5 0
9889.5 0
9890.5 0
9891.5 0
9892.5 0
9893.5 0
9894.5 0
9895.5 0
9896.5 0
9897.5 0
9898.5 0
9899.5 0
9900.5 0
9901.5 0
9902.5 0
9903.5 0
9904.5 0
9905.5 0
9906.5 0
9907.5 1
9908.5 0
9909.5 0
9910.5 0
9911.5 0
9912.5 0
9913.5 0
9914.5 0
9915.5 0
9916.5 0
9917.5 0
9918.5 0
9919.5 0
9920.5 0
9921.5 0
9922.5 0
9923.5 0
9924.5 0
9925.5 0
9926.5 0
9927.5 0
9928.5 0
9929.5 0
9930.5 0
9931.5 0
9932.5 0
9933.5 0
9934.5 0
9935.5 0
9936.5 0
9937.5 0
9938.5 0
9939.5 0
9940.5 0
9941.5 0
9942.5 0
9943.5 -0.652174
9944.5 0
9945.5 0
9946.5 0
9947.5 0
9948.5 0
9949.5 0
9950.5 0
9951.5 0
9952.5 0
9953.5 0
9954.5 0
9955.5 0
9956.5 0
9957.5 0
9958.5 0
9959.5 0
9960.5 0
9961.5 0
9962.5 0
9963.5 0
9964.5 0
9965.5 0
9966.5 0
9967.5 0
9968.5 0
9969.5 0
9970.5 0
9971.5 0
9972.5 0
9973.5 0
9974.5 0
9975.5 0
9976.5 0
9977.5 0
9978.5 0
9979.5 0
9980.5 0
9981.5 0
9982.5 0
9983.5 0
9984.5 0
9985.5 0
9986.5 0
9987.5 0
9988.5 0
9989.5 0
9990.5 0
9991.5 0
9992.5 0
9993.5 0
9994.5 0
9995.5 0
9996.5 0
9997.5 0
9998.5 0
9999.5 0
10000.5 0
10001.5 0
10002.5 0
10003.5 0
10004.5 0
10005.5 0
10006.5 0
10007.5 0
10008.5 0
10009.5 0
10010.5 0
10011.5 0
10012.5 0
10013.5 0
10014.5 0
10015.5 0
10016.5 0
10017.5 0
10018.5 0
10019.5 -0.652174
10020.5 0
10021.5 0
10022.5 0
10023.5 0
10024.5 0
10025.5 0
10026.5 0
10027.5 0
10028.5 0
10029.5 0
10030.5 0
10031.5 0
10032.5 0
10033.5 0
10034.5 0
10035.5 0
10036.5 0
10037.5 1
10038.5 0
10039.5 0
10040.5 1
10041.5 0
10042.5 0
10043.5 -0.652174
10044.5 0
10045.5 0
10046.5 0
10047.5 0
10048.5 0
10049.5 0
10050.5 0
10051.5 0
10052.5 0
10053.5 0
10054.5 0
10055.5 0
10056.5 0
10057.5 0
10058.5 0
10059.5 0
10060.5 0
10061.5 0
10062.5 0
10063.5 0
10064.5 0
10065.5 0
10066.5 0
10067.5 0
10068.5 0
10069.5 0
10070.5 0
10071.5 0
10072.5 0
10073.5 0
10074.5 0
10075.5 0
10076.5 0
10077.5 0
10078.5 0
10079.5 0
10080.5 0
10081.5 0
10082.5 0
10083.5 0
10084.5 0
10085.5 0
10086.5 0
10087.5 0
10088.5 0
10089.5 0
10090.5 0
10091.5 0
10092.5 0
10093.5 0
10094.5 0
10095.5 0
10096.5 0
10097.5 0
10098.5 0
10099.5 0
10100.5 0
10101.5 0
10102.5 0
10103.5 0
10104.5 0
10105.5 0
10106.5 0
10107.5 0
10108.5 -0.652174
10109.5 0
10110.5 0
10111.5 0
10112.5 0
10113.5 0
10114.5 0
10115.5 0
10116.5 0
10117.5 0
10118.5 0
10119.5 0
10120.5 0
10121.5 0
10122.5 0
10123.5 0
10124.5 0
10125.5 0
10126.5 0
10127.5 0
10128.5 0
10129.5 0
10130.5 0
10131.5 0
10132.5 0
10133.5 0
10134.5 0
10135.5 0
10136.5 0
10137.5 0
10138.5 0
10139.5 0
10140.5 0
10141.5 -0.652174
10142.5 0
10143.5 0
10144.5 0
10145.5 0
10146.5 0
10147.5 0
10148.5 0
10149.5 0
10150.5 0
10151.5 0
10152.5 0
10153.5 0
10154.5 0
10155.5 0
10156.5 0
10157.5 0
10158.5 0
10159.5 0
10160.5 0
10161.5 0
10162.5 0
10163.5 0
10164.5 0
10165.5 0
10166.5 0
10167.5 0
10168.5 0
10169.5 0
10170.5 0
10171.5 0
10172.5 0
10173.5 0
10174.5 0
10175.5 0
10176.5 0
10177.5 0
10178.5 0
10179.5 0
10180.5 0
10181.5 0
10182.5 0
10183.5 0
10184.5 0
10185.5 0
10186.5 0
10187.5 0
10188.5 0
10189.5 0
10190.5 0
10191.5 0
10192.5 0
10193.5 0
10194.5 0
10195.5 0
10196.5 0
10197.5 0
10198.5 0
10199.5 0
10200.5 0
10201.5 0
10202.5 0
10203.5 0
10204.5 0
10205.5 0
10206.5 0
10207.5 0
10208.5 0
10209.5 -0.652174
10210.5 0
10211.5 0
10212.5 0
10213.5 0
10214.5 0
10215.5 0
10216.5 0
10217.5 0
10218.5 0
10219.5 0
10220.5 0
10221.5 0
10222.5 0
10223.5 0
10224.5 0
10225.5 0
10226.5 1
10227.5 0
10228.5 0
10229.5 0
10230.5 0
10231.5 0
10232.5 0
10233.5 0
10234.5 0
10235.5 0
10236.5 0
10237.5 0
10238.5 0
10239.5 0
10240.5 0
10241.5 0
10242.5 0
10243.5 0
10244.5 0
10245.5 0
10246.5 0
10247.5 0
10248.5 0
10249.5 0
10250.5 0
10251.5 0
10252.5 0
10253.5 0
10254.5 0
10255.5 0
10256.5 0
10257.5 0
10258.5 0
10259.5 0
10260.5 0
10261.5 0
10262.5 0
10263.5 -0.652174
10264.5 0
10265.5 0
10266.5 0
10267.5 0
10268.5 0
10269.5 0
10270.5 0
10271.5 1
10272.5 0
10273.5 0
10274.5 0
10275.5 1
10276.5 0
10277.5 0
10278.5 0
10279.5 0
10280.5 0
10281.5 0
10282.5 0
10283.5 0
10284.5 0
10285.5 0
10286.5 0
10287.5 0
10288.5 0
10289.5 0
10290.5 0
10291.5 0
10292.5 0
10293.5 0
10294.5 0
10295.5 0
10296.5 0
10297.5 0
10298.5 0
10299.5 0
10300.5 0
10301.5 0
10302.5 0
10303.5 0
10304.5 -0.652174
10305.5 0
10306.5 0
10307.5 0
10308.5 0
10309.5 0
10310.5 0
10311.5 0
10312.5 0
10313.5 0
10314.5 0
10315.5 0
10316.5 0
10317.5 0
10318.5 0
10319.5 0
10320.5 0
10321.5 0
10322.5 0
10323.5 0
10324.5 0
10325.5 0
10326.5 0
10327.5 0
10328.5 0
10329.5 0
10330.5 0
10331.5 0
10332.5 0
10333.5 0
10334.5 0
10335.5 0
10336.5 0
10337.5 0
10338.5 0
10339.5 0
10340.5 0
10341.5 0
10342.5 0
10343.5 0
10344.5 0
10345.5 0
10346.5 0
10347.5 0
10348.5 0
10349.5 0
10350.5 0
10351.5 0
10352.5 0
10353.5 0
10354.5 0
10355.5 0
10356.5 0
10357.5 0
10358.5 0
10359.5 0
10360.5 0
10361.5 0
10362.5 0
10363.5 0
10364.5 0
10365.5 0
10366.5 0
10367.5 0
10368.5 0
10369.5 0
10370.5 0
10371.5 0
10372.5 0
10373.5 0
10374.5 0
10375.5 0
10376.5 0
10377.5 0
10378.5 0
10379.5 0
10380.5 0
10381.5 0
10382.5 0
10383.5 0
10384.5 0
10385.5 0
10386.5 0
10387.5 0
10388.5 0
10389.5 0
10390.5 0
10391.5 0
10392.5 0
10393.5 0
10394.5 0
10395.5 0
10396.5 0
10397.5 0
10398.5 0
10399.5 0
10400.5 0
10401.5 0
10402.5 0
10403.5 0
10404.5 0
10405.5 0
10406.5 0
10407.5 0
10408.5 0
10409.5 0
10410.5 0
10411.5 0
10412.5 0
10413.5 0
10414.5 0
10415.5 0
10416.5 0
10417.5 0
10418.5 0
10419.5 0
10420.5 0
10421.5 0
10422.5 0
10423.5 0
10424.5 0
10425.5 0
10426.5 0
10427.5 0
10428.5 0
10429.5 0
10430.5 0
10431.5 0
10432.5 0
10433.5 0
10434.5 0
10435.5 0
10436.5 0
10437.5 0
10438.5 0
10439.5 0
10440.5 0
10441.5 0
10442.5 0
10443.5 0
10444.5 0
10445.5 0
10446.5 0
10447.5 0
10448.5 0
10449.5 0
10450.5 0
10451.5 0
10452.5 0
10453.5 0
10454.5 0
10455.5 0
10456.5 0
10457.5 0
10458.5 0
10459.5 0
10460.5 0
10461.5 0
10462.5 0
10463.5 0
10464.5 0
10465.5 0
10466.5 1
10467.5 0
10468.5 0
10469.5 0
10470.5 0
10471.5 0
10472.5 0
10473.5 0
10474.5 0
10475.5 0
10476.5 0
10477.5 0
10478.5 0
10479.5 0
10480.5 0
10481.5 0
10482.5 0
10483.5 0
10484.5 0
10485.5 0
10486.5 0
10487.5 0
10488.5 0
10489.5 0
10490.5 0
10491.5 0
10492.5 0
10493.5 0
10494.5 0
10495.5 0
10496.5 0
10497.5 0
10498.5 0
10499.5 0
10500.5 0
10501.5 0
10502.5 1
10503.5 0
10504.5 0
10505.5 0
10506.5 0
10507.5 0
10508.5 0
10509.5 0
10510.5 0
10511.5 0
10512.5 0
10513.5 0
10514.5 0
10515.5 0
10516.5 0
10517.5 0
10518.5 0
10519.5 0
10520.5 0
10521.5 0
10522.5 0
10523.5 0
10524.5 0
10525.5 0
10526.5 0
10527.5 0
10528.5 0
10529.5 0
10530.5 0
10531.5 0
10532.5 0
10533.5 0
10534.5 0
10535.5 0
10536.5 0
10537.5 0
10538.5 0
10539.5 0
10540.5 0
10541.5 0
10542.5 0
10543.5 0
10544.5 0
10545.5 0
10546.5 0
10547.5 0
10548.5 0
10549.5 0
10550.5 0
10551.5 0
10552.5 0
10553.5 0
10554.5 0
10555.5 0
10556.5 0
10557.5 0
10558.5 0
10559.5 0
10560.5 0
10561.5 0
10562.5 0
10563.5 0
10564.5 0
10565.5 0
10566.5 0
10567.5 0
10568.5 0
10569.5 0
10570.5 0
10571.5 0
10572.5 0
10573.5 0
10574.5 0
10575.5 0
10576.5 0
10577.5 0
10578.5 0
10579.5 0
10580.5 0
10581.5 0
10582.5 0
10583.5 0
10584.5 0
10585.5 0
10586.5 0
10587.5 0
10588.5 0
10589.5 0
10590.5 0
10591.5 0
10592.5 0
10593.5 0
10594.5 0
10595.5 0
10596.5 0
10597.5 0
10598.5 0
10599.5 0
10600.5 0
10601.5 0
10602.5 1
10603.5 0
10604.5 0
10605.5 0
10606.5 0
10607.5 0
10608.5 0
10609.5 0
10610.5 0
10611.5 0
10612.5 0
10613.5 0
10614.5 0
10615.5 0
10616.5 0
10617.5 0
10618.5 0
10619.5 0
10620.5 0
10621.5 0
10622.5 0
10623.5 0
10624.5 0
10625.5 0
10626.5 0
10627.5 0
10628.5 0
10629.5 -0.652174
10630.5 0
10631.5 -0.652174
10632.5 0
10633.5 0
10634.5 0
10635.5 0
10636.5 0
10637.5 0
10638.5 0
10639.5 0
10640.5 0
10641.5 0
10642.5 0
10643.5 0
10644.5 0
10645.5 0
10646.5 0
10647.5 0
10648.5 0
10649.5 0
10650.5 0
10651.5 0
10652.5 0
10653.5 0
10654.5 0
10655.5 0
10656.5 0
10657.5 0
10658.5 0
10659.5 0
10660.5 0
10661.5 0
10662.5 0
10663.5 0
10664.5 0
10665.5 0
10666.5 0
10667.5 0
10668.5 0
10669.5 0
10670.5 0
10671.5 0
10672.5 0
10673.5 0
10674.5 0
10675.5 0
10676.5 0
10677.5 0
10678.5 0
10679.5 0
10680.5 0
10681.5 0
10682.5 0
10683.5 0
10684.5 0
10685.5 0
10686.5 0
10687.5 0
10688.5 0
10689.5 1
10690.5 0
10691.5 0
10692.5 0
10693.5 0
10694.5 0
10695.5 0
10696.5 0
10697.5 0
10698.5 0
10699.5 0
10700.5 0
10701.5 0
10702.5 0
10703.5 0
10704.5 0
10705.5 0
10706.5 0
10707.5 0
10708.5 0
10709.5 0
10710.5 0
10711.5 0
10712.5 0
10713.5 0
10714.5 0
10715.5 0
10716.5 0
10717.5 0
10718.5 0
10719.5 0
10720.5 0
10721.5 0
10722.5 0
10723.5 0
10724.5 0
10725.5 0
10726.5 0
10727.5 0
10728.5 0
10729.5 0
10730.5 0
10731.5 0
10732.5 0
10733.5 0
10734.5 0
10735.5 0
10736.5 0
10737.5 0
10738.5 0
10739.5 0
10740.5 0
10741.5 0
10742.5 0
10743.5 0
10744.5 0
10745.5 0
10746.5 0
10747.5 1
10748.5 0
10749.5 0
10750.5 0
10751.5 0
10752.5 0
10753.5 0
10754.5 0
10755.5 0
10756.5 0
10757.5 0
10758.5 0
10759.5 0
10760.5 0
10761.5 0
10762.5 0
10763.5 0
10764.5 0
10765.5 0
10766.5 0
10767.5 0
10768.5 0
10769.5 0
10770.5 0
10771.5 0
10772.5 0
10773.5 -0.652174
10774.5 0
10775.5 0
10776.5 0
10777.5 0
10778.5 0
10779.5 1
10780.5 0
10781.5 0
10782.5 0
10783.5 0
10784.5 0
10785.5 0
10786.5 0
10787.5 0
10788.5 0
10789.5 0
10790.5 0
10791.5 0
10792.5 0
10793.5 0
10794.5 0
10795.5 0
10796.5 0
10797.5 0
10798.5 0
10799.5 0
10800.5 0
10801.5 0
10802.5 0
10803.5 0
10804.5 0
10805.5 0
10806.5 0
10807.5 0
10808.5 0
10809.5 0
10810.5 0
10811.5 0
10812.5 0
10813.5 0
10814.5 0
10815.5 0
10816.5 0
10817.5 0
10818.5 0
10819.5 0
10820.5 0
10821.5 0
10822.5 0
10823.5 0
10824.5 0
10825.5 0
10826.5 0
10827.5 0
10828.5 0
10829.5 0
10830.5 0
10831.5 0
10832.5 0
10833.5 0
10834.5 0
10835.5 0
10836.5 0
10837.5 0
10838.5 0
10839.5 0
10840.5 0
10841.5 0
10842.5 0
10843.5 0
10844.5 0
10845.5 0
10846.5 0
10847.5 0
10848.5 0
10849.5 0
10850.5 0
10851.5 0
10852.5 0
10853.5 0
10854.5 0
10855.5 0
10856.5 0
10857.5 0
10858.5 0
10859.5 0
10860.5 0
10861.5 0
10862.5 0
10863.5 0
10864.5 0
10865.5 0
10866.5 0
10867.5 0
10868.5 0
10869.5 0
10870.5 0
10871.5 0
10872.5 0
10873.5 0
10874.5 0
10875.5 0
10876.5 0
10877.5 0
10878.5 0
10879.5 0
10880.5 0
10881.5 0
10882.5 0
10883.5 0
10884.5 0
10885.5 0
10886.5 0
10887.5 0
10888.5 0
10889.5 0
10890.5 0
10891.5 0
10892.5 0
10893.5 0
10894.5 0
10895.5 0
10896.5 0
10897.5 0
10898.5 0
10899.5 0
10900.5 0
10901.5 0
10902.5 0
10903.5 0
10904.5 0
10905.5 0
10906.5 0
10907.5 0
10908.5 0
10909.5 0
10910.5 0
10911.5 0
10912.5 0
10913.5 0
10914.5 0
10915.5 0
10916.5 0
10917.5 0
10918.5 0
10919.5 0
10920.5 0
10921.5 0
10922.5 0
10923.5 0
10924.5 0
10925.5 0
10926.5 0
10927.5 0
10928.5 0
10929.5 0
10930.5 0
10931.5 0
10932.5 0
10933.5 0
10934.5 0
10935.5 0
10936.5 0
10937.5 0
10938.5 0
10939.5 0
10940.5 0
10941.5 0
10942.5 0
10943.5 0
10944.5 0
10945.5 0
10946.5 0
10947.5 0
10948.5 0
10949.5 0
10950.5 0
10951.5 0
10952.5 0
10953.5 0
10954.5 0
10955.5 0
10956.5 0
10957.5 0
10958.5 0
10959.5 0
10960.5 0
10961.5 0
10962.5 0
10963.5 0
10964.5 0
10965.5 0
10966.5 0
10967.5 0
10968.5 0
10969.5 0
10970.5 0
10971.5 0
10972.5 0
10973.5 0
10974.5 0
10975.5 0
10976.5 0
10977.5 0
10978.5 0
10979.5 0
10980.5 0
10981.5 0
10982.5 0
10983.5 0
10984.5 0
10985.5 0
10986.5 0
10987.5 0
10988.5 0
10989.5 0
10990.5 0
10991.5 0
10992.5 0
10993.5 0
10994.5 0
10995.5 0
10996.5 0
10997.5 0
10998.5 0
10999.5 0
11000.5 0
11001.5 0
11002.5 0
11003.5 0
11004.5 0
11005.5 0
11006.5 0
11007.5 0
11008.5 0
11009.5 0
11010.5 0
11011.5 0
11012.5 0
11013.5 0
11014.5 0
11015.5 0
11016.5 0
11017.5 0
11018.5 0
11019.5 0
11020.5 0
11021.5 0
11022.5 0
11023.5 0
11024.5 0
11025.5 0
11026.5 0
11027.5 0
11028.5 0
11029.5 0
11030.5 0
11031.5 0
11032.5 0
11033.5 0
11034.5 0
11035.5 0
11036.5 0
11037.5 0
11038.5 0
11039.5 0
11040.5 0
11041.5 0
11042.5 0
11043.5 0
11044.5 0
11045.5 0
11046.5 0
11047.5 0
11048.5 0
11049.5 0
11050.5 0
11051.5 0
11052.5 0
11053.5 0
11054.5 0
11055.5 0
11056.5 0
11057.5 0
11058.5 0
11059.5 0
11060.5 0
11061.5 0
11062.5 0
11063.5 0
11064.5 0
11065.5 0
11066.5 0
11067.5 0
11068.5 0
11069.5 0
11070.5 0
11071.5 0
11072.5 0
11073.5 0
11074.5 0
11075.5 0
11076.5 0
11077.5 0
11078.5 0
11079.5 0
11080.5 0
11081.5 0
11082.5 0
11083.5 0
11084.5 0
11085.5 0
11086.5 0
11087.5 0
11088.5 0
11089.5 0
11090.5 0
11091.5 0
11092.5 0
11093.5 0
11094.5 0
11095.5 0
11096.5 0
11097.5 0
11098.5 0
11099.5 0
11100.5 0
11101.5 0
11102.5 0
11103.5 0
11104.5 0
11105.5 0
11106.5 0
11107.5 0
11108.5 0
11109.5 0
11110.5 0
11111.5 0
11112.5 0
11113.5 0
11114.5 0
11115.5 0
11116.5 0
11117.5 0
11118.5 0
11119.5 0
11120.5 0
11121.5 0
11122.5 0
11123.5 0
11124.5 0
11125.5 0
11126.5 0
11127.5 0
11128.5 0
11129.5 0
11130.5 0
11131.5 0
11132.5 0
11133.5 0
11134.5 0
11135.5 0
11136.5 0
11137.5 0
11138.5 0
11139.5 0
11140.5 0
11141.5 0
11142.5 0
11143.5 0
11144.5 0
11145.5 0
11146.5 0
11147.5 0
11148.5 0
11149.5 0
11150.5 0
11151.5 0
11152.5 0
11153.5 0
11154.5 0
11155.5 0
11156.5 0
11157.5 0
11158.5 0
11159.5 0
11160.5 0
11161.5 0
11162.5 0
11163.5 0
11164.5 0
11165.5 0
11166.5 0
11167.5 0
11168.5 0
11169.5 0
11170.5 0
11171.5 0
11172.5 0
11173.5 0
11174.5 0
11175.5 0
11176.5 0
11177.5 0
11178.5 0
11179.5 0
11180.5 0
11181.5 0
11182.5 0
11183.5 0
11184.5 0
11185.5 0
11186.5 0
11187.5 0
11188.5 0
11189.5 0
11190.5 0
11191.5 0
11192.5 0
11193.5 0
11194.5 0
11195.5 0
11196.5 0
11197.5 0
11198.5 0
11199.5 0
11200.5 0
11201.5 0
11202.5 0
11203.5 0
11204.5 0
11205.5 0
11206.5 0
11207.5 0
11208.5 0
11209.5 0
11210.5 0
11211.5 0
11212.5 0
11213.5 -0.652174
11214.5 0
11215.5 0
11216.5 0
11217.5 0
11218.5 0
11219.5 0
11220.5 0
11221.5 0
11222.5 0
11223.5 0
11224.5 0
11225.5 0
11226.5 0
11227.5 0
11228.5 0
11229.5 0
11230.5 0
11231.5 0
11232.5 0
11233.5 0
11234.5 0
11235.5 0
11236.5 0
11237.5 0
11238.5 0
11239.5 0
11240.5 0
11241.5 0
11242.5 0
11243.5 0
11244.5 0
11245.5 0
11246.5 0
11247.5 0
11248.5 0
11249.5 0
11250.5 0
11251.5 0
11252.5 0
11253.5 0
11254.5 0
11255.5 -0.652174
11256.5 0
11257.5 0
11258.5 0
11259.5 0
11260.5 0
11261.5 0
11262.5 0
11263.5 0
11264.5 0
11265.5 0
11266.5 0
11267.5 0
11268.5 0
11269.5 0
11270.5 0
11271.5 0
11272.5 0
11273.5 0
11274.5 0
11275.5 0
11276.5 0
11277.5 0
11278.5 0
11279.5 0
11280.5 0
11281.5 0
11282.5 0
11283.5 0
11284.5 0
11285.5 0
11286.5 0
11287.5 0
11288.5 0
11289.5 0
11290.5 0
11291.5 0
11292.5 0
11293.5 0
11294.5 0
11295.5 0
11296.5 0
11297.5 0
11298.5 0
11299.5 0
11300.5 0
11301.5 0
11302.5 0
11303.5 0
11304.5 0
11305.5 0
11306.5 0
11307.5 0
11308.5 0
11309.5 0
11310.5 0
11311.5 0
11312.5 0
11313.5 0
11314.5 0
11315.5 0
11316.5 0
11317.5 0
11318.5 0
11319.5 0
11320.5 0
11321.5 0
11322.5 0
11323.5 0
11324.5 1
11325.5 0
11326.5 0
11327.5 0
11328.5 0
11329.5 0
11330.5 0
11331.5 0
11332.5 0
11333.5 0
11334.5 0
11335.5 0
11336.5 0
11337.5 0
11338.5 0
11339.5 0
11340.5 0
11341.5 0
11342.5 0
11343.5 0
11344.5 0
11345.5 0
11346.5 0
11347.5 0
11348.5 0
11349.5 0
11350.5 0
11351.5 0
11352.5 0
11353.5 0
11354.5 0
11355.5 0
11356.5 0
11357.5 0
11358.5 0
11359.5 0
11360.5 0
11361.5 0
11362.5 0
11363.5 0
11364.5 0
11365.5 0
11366.5 0
11367.5 0
11368.5 0
11369.5 0
11370.5 0
11371.5 0
11372.5 0
11373.5 0
11374.5 0
11375.5 0
11376.5 0
11377.5 0
11378.5 0
11379.5 0
11380.5 0
11381.5 0
11382.5 0
11383.5 0
11384.5 0
11385.5 0
11386.5 0
11387.5 0
11388.5 0
11389.5 0
11390.5 0
11391.5 0
11392.5 0
11393.5 0
11394.5 0
11395.5 0
11396.5 0
11397.5 0
11398.5 0
11399.5 0
11400.5 0
11401.5 0
11402.5 0
11403.5 0
11404.5 0
11405.5 0
11406.5 0
11407.5 0
11408.5 0
11409.5 0
11410.5 0
11411.5 0
11412.5 0
11413.5 0
11414.5 -0.652174
11415.5 0
11416.5 0
11417.5 0
11418.5 0
11419.5 0
11420.5 0
11421.5 0
11422.5 0
11423.5 0
11424.5 0
11425.5 0
11426.5 0
11427.5 0
11428.5 0
11429.5 0
11430.5 0
11431.5 0
11432.5 0
11433.5 0
11434.5 0
11435.5 0
11436.5 0
11437.5 0
11438.5 0
11439.5 0
11440.5 0
11441.5 0
11442.5 0
11443.5 0
11444.5 0
11445.5 0
11446.5 0
11447.5 0
11448.5 0
11449.5 0
11450.5 0
11451.5 0
11452.5 0
11453.5 0
11454.5 0
11455.5 0
11456.5 0
11457.5 0
11458.5 0
11459.5 0
11460.5 0
11461.5 0
11462.5 0
11463.5 0
11464.5 0
11465.5 0
11466.5 0
11467.5 0
11468.5 0
11469.5 0
11470.5 0
11471.5 0
11472.5 0
11473.5 0
11474.5 0
11475.5 0
11476.5 0
11477.5 0
11478.5 0
11479.5 0
11480.5 0
11481.5 0
11482.5 0
11483.5 0
11484.5 0
11485.5 0
11486.5 0
11487.5 0
11488.5 0
11489.5 0
11490.5 0
11491.5 0
11492.5 0
11493.5 0
11494.5 0
11495.5 0
11496.5 0
11497.5 0
11498.5 0
11499.5 0
11500.5 0
11501.5 0
11502.5 0
11503.5 0
11504.5 0
11505.5 0
11506.5 0
11507.5 0
11508.5 0
11509.5 0
11510.5 0
11511.5 0
11512.5 0
11513.5 0
11514.5 0
11515.5 0
11516.5 0
11517.5 0
11518.5 0
11519.5 0
11520.5 0
11521.5 0
11522.5 0
11523.5 0
11524.5 0
11525.5 0
11526.5 0
11527.5 0
11528.5 0
11529.5 0
11530.5 0
11531.5 0
11532.5 0
11533.5 0
11534.5 0
11535.5 0
11536.5 0
11537.5 0
11538.5 0
11539.5 0
11540.5 0
11541.5 0
11542.5 0
11543.5 0
11544.5 0
11545.5 0
11546.5 0
11547.5 0
11548.5 0
11549.5 0
11550.5 0
11551.5 0
11552.5 0
11553.5 0
11554.5 0
11555.5 0
11556.5 0
11557.5 0
11558.5 0
11559.5 -0.652174
11560.5 0
11561.5 0
11562.5 0
11563.5 0
11564.5 0
11565.5 0
11566.5 0
11567.5 0
11568.5 0
11569.5 0
11570.5 0
11571.5 0
11572.5 0
11573.5 0
11574.5 0
11575.5 0
11576.5 0
11577.5 0
11578.5 0
11579.5 0
11580.5 0
11581.5 0
11582.5 0
11583.5 0
11584.5 0
11585.5 0
11586.5 0
11587.5 0
11588.5 0
11589.5 0
11590.5 0
11591.5 0
11592.5 0
11593.5 0
11594.5 0
11595.5 0
11596.5 0
11597.5 0
11598.5 0
11599.5 0
11600.5 0
11601.5 0
11602.5 0
11603.5 0
11604.5 0
11605.5 0
11606.5 0
11607.5 0
11608.5 0
11609.5 0
11610.5 0
11611.5 0
11612.5 0
11613.5 0
11614.5 0
11615.5 0
11616.5 0
11617.5 0
11618.5 0
11619.5 0
11620.5 0
11621.5 0
11622.5 0
11623.5 0
11624.5 0
11625.5 0
11626.5 0
11627.5 0
11628.5 0
11629.5 0
11630.5 0
11631.5 0
11632.5 0
11633.5 0
11634.5 0
11635.5 0
11636.5 0
11637.5 0
11638.5 0
11639.5 0
11640.5 0
11641.5 0
11642.5 0
11643.5 0
11644.5 0
11645.5 0
11646.5 0
11647.5 0
11648.5 0
11649.5 0
11650.5 0
11651.5 0
11652.5 0
11653.5 0
11654.5 0
11655.5 0
11656.5 0
11657.5 0
11658.5 0
11659.5 0
11660.5 0
11661.5 0
11662.5 0
11663.5 0
11664.5 0
11665.5 0
11666.5 0
11667.5 0
11668.5 0
11669.5 0
11670.5 0
11671.5 0
11672.5 0
11673.5 0
11674.5 0
11675.5 0
11676.5 0
11677.5 0
11678.5 0
11679.5 0
11680.5 0
11681.5 0
11682.5 0
11683.5 0
11684.5 0
11685.5 0
11686.5 0
11687.5 0
11688.5 0
11689.5 0
11690.5 0
11691.5 0
11692.5 0
11693.5 0
11694.5 0
11695.5 0
11696.5 0
11697.5 0
11698.5 0
11699.5 0
11700.5 0
11701.5 0
11702.5 0
11703.5 0
11704.5 0
11705.5 0
11706.5 0
11707.5 0
11708.5 0
11709.5 0
11710.5 0
11711.5 0
11712.5 0
11713.5 0
11714.5 0
11715.5 0
11716.5 0
11717.5 0
11718.5 0
11719.5 0
11720.5 0
11721.5 0
11722.5 0
11723.5 0
11724.5 0
11725.5 0
11726.5 0
11727.5 0
11728.5 0
11729.5 0
11730.5 0
11731.5 0
11732.5 0
11733.5 0
11734.5 0
11735.5 0
11736.5 0
11737.5 0
11738.5 0
11739.5 0
11740.5 0
11741.5 0
11742.5 0
11743.5 0
11744.5 0
11745.5 0
11746.5 0
11747.5 0
11748.5 0
11749.5 0
11750.5 0
11751.5 0
11752.5 0
11753.5 0
11754.5 0
11755.5 0
11756.5 0
11757.5 0
11758.5 0
11759.5 0
11760.5 0
11761.5 0
11762.5 0
11763.5 0
11764.5 0
11765.5 0
11766.5 0
11767.5 0
11768.5 0
11769.5 0
11770.5 0
11771.5 0
11772.5 0
11773.5 0
11774.5 0
11775.5 0
11776.5 0
11777.5 0
11778.5 0
11779.5 0
11780.5 0
11781.5 0
11782.5 0
11783.5 0
11784.5 0
11785.5 0
11786.5 0
11787.5 0
11788.5 0
11789.5 0
11790.5 0
11791.5 0
11792.5 0
11793.5 0
11794.5 0
11795.5 0
11796.5 0
11797.5 0
11798.5 0
11799.5 0
11800.5 0
11801.5 0
11802.5 0
11803.5 0
11804.5 0
11805.5 0
11806.5 0
11807.5 0
11808.5 0
11809.5 0
11810.5 0
11811.5 0
11812.5 0
11813.5 0
11814.5 0
11815.5 0
11816.5 0
11817.5 0
11818.5 0
11819.5 0
11820.5 0
11821.5 0
11822.5 0
11823.5 0
11824.5 0
11825.5 0
11826.5 0
11827.5 0
11828.5 0
11829.5 0
11830.5 0
11831.5 0
11832.5 0
11833.5 0
11834.5 0
11835.5 0
11836.5 0
11837.5 0
11838.5 0
11839.5 0
11840.5 0
11841.5 0
11842.5 0
11843.5 0
11844.5 0
11845.5 0
11846.5 0
11847.5 0
11848.5 0
11849.5 0
11850.5 0
11851.5 0
11852.5 0
11853.5 0
11854.5 0
11855.5 -0.652174
11856.5 0
11857.5 0
11858.5 0
11859.5 0
11860.5 0
11861.5 0
11862.5 0
11863.5 0
11864.5 0
11865.5 0
11866.5 0
11867.5 0
11868.5 0
11869.5 0
11870.5 0
11871.5 0
11872.5 0
11873.5 0
11874.5 0
11875.5 0
11876.5 0
11877.5 0
11878.5 0
11879.5 0
11880.5 0
11881.5 0
11882.5 0
11883.5 0
11884.5 0
11885.5 0
11886.5 0
11887.5 0
11888.5 0
11889.5 0
11890.5 0
11891.5 0
11892.5 0
11893.5 0
11894.5 0
11895.5 0
11896.5 0
11897.5 0
11898.5 0
11899.5 0
11900.5 0
11901.5 0
11902.5 0
11903.5 0
11904.5 0
11905.5 0
11906.5 0
11907.5 0
11908.5 0
11909.5 0
11910.5 0
11911.5 0
11912.5 0
11913.5 0
11914.5 0
11915.5 0
11916.5 0
11917.5 0
11918.5 0
11919.5 0
11920.5 0
11921.5 0
11922.5 0
11923.5 0
11924.5 0
11925.5 0
11926.5 0
11927.5 0
11928.5 0
11929.5 0
11930.5 0
11931.5 0
11932.5 0
11933.5 0
11934.5 0
11935.5 0
11936.5 0
11937.5 0
11938.5 0
11939.5 1
11940.5 0
11941.5 0
11942.5 0
11943.5 0
11944.5 0
11945.5 0
11946.5 0
11947.5 0
11948.5 0
11949.5 0
11950.5 0
11951.5 0
11952.5 0
11953.5 0
11954.5 0
11955.5 0
11956.5 0
11957.5 0
11958.5 0
11959.5 0
11960.5 0
11961.5 0
11962.5 0
11963.5 0
11964.5 0
11965.5 0
11966.5 0
11967.5 0
11968.5 0
11969.5 0
11970.5 0
11971.5 0
11972.5 0
11973.5 0
11974.5 0
11975.5 0
11976.5 0
11977.5 0
11978.5 0
11979.5 0
11980.5 0
11981.5 0
11982.5 0
11983.5 0
11984.5 0
11985.5 0
11986.5 0
11987.5 0
11988.5 0
11989.5 0
11990.5 0
11991.5 0
11992.5 0
11993.5 0
11994.5 0
11995.5 0
11996.5 0
11997.5 0
11998.5 0
11999.5 0
