# EGG_ProjY_E2519.0(4.0)_B2501.5(1.5)_B2536.5(1.5)
# X axis : Energy (keV) [Y axis]
# Y axis : Counts/1 keV
# N Bins : 12000
# X Min : 0
# X Max : 12000
# X value at the center of the bins
0.5 0
1.5 0
2.5 0
3.5 0
4.5 0
5.5 21.3333
6.5 37.6667
7.5 5.66667
8.5 12.3333
9.5 20.3333
10.5 37.3333
11.5 45
12.5 42.6667
13.5 59.6667
14.5 28.3333
15.5 79.3333
16.5 124.333
17.5 152
18.5 193.333
19.5 196.333
20.5 296.667
21.5 377
22.5 441.667
23.5 456
24.5 581.667
25.5 712
26.5 784.333
27.5 734.333
28.5 964.333
29.5 931
30.5 990.333
31.5 1057.33
32.5 1270.33
33.5 1173.67
34.5 1340.67
35.5 1273
36.5 1335
37.5 1509.67
38.5 1401
39.5 1373
40.5 1696
41.5 1374.33
42.5 1828.33
43.5 1709
44.5 1661
45.5 1362.67
46.5 1483
47.5 1545.67
48.5 1597
49.5 1480
50.5 1467
51.5 1488.33
52.5 1672.67
53.5 1637.67
54.5 1388
55.5 1697.33
56.5 1658.67
57.5 1867
58.5 2439.67
59.5 2523.33
60.5 2074
61.5 1702
62.5 1614.33
63.5 1752
64.5 1806.67
65.5 1972
66.5 2027.33
67.5 2186.67
68.5 1959
69.5 1897
70.5 1914.67
71.5 1847
72.5 1781.67
73.5 2092.33
74.5 3114
75.5 3453
76.5 3483.67
77.5 4148.67
78.5 2814
79.5 1861.33
80.5 1779
81.5 1726.67
82.5 1690.67
83.5 1747.67
84.5 1937.33
85.5 1889
86.5 2536.33
87.5 2552
88.5 2203
89.5 2205
90.5 2252
91.5 2017.33
92.5 1762.67
93.5 1766.33
94.5 1664.33
95.5 1780.33
96.5 1676.67
97.5 1935.67
98.5 1729.33
99.5 1636.33
100.5 1887.67
101.5 1925.67
102.5 1848.33
103.5 1688
104.5 1908.67
105.5 1657
106.5 1767.67
107.5 1839.33
108.5 1781.67
109.5 1903
110.5 1742
111.5 1789
112.5 1890.67
113.5 1859
114.5 1851.67
115.5 1750
116.5 1919.67
117.5 1736.33
118.5 1945.67
119.5 1848.67
120.5 1995
121.5 2123
122.5 2143.67
123.5 2013
124.5 2115
125.5 2052.33
126.5 2282
127.5 2302.67
128.5 2188
129.5 2140.67
130.5 2312
131.5 2230.33
132.5 2257.33
133.5 2278.67
134.5 2380.67
135.5 2367.33
136.5 2219.33
137.5 2335
138.5 2463.67
139.5 2422.33
140.5 2342.33
141.5 2211
142.5 2316.33
143.5 2215.33
144.5 2234
145.5 2571.67
146.5 2121
147.5 2354.33
148.5 2448.67
149.5 2052.33
150.5 2019.33
151.5 1948.33
152.5 2172.33
153.5 2209
154.5 1949.33
155.5 2112
156.5 2075.33
157.5 2202.67
158.5 2316.67
159.5 2461.33
160.5 2423.33
161.5 2282.33
162.5 2478
163.5 2521.33
164.5 2421.67
165.5 2316.33
166.5 2232.67
167.5 2296.33
168.5 2415.33
169.5 2202.33
170.5 2322.67
171.5 2519
172.5 2559.67
173.5 2348.33
174.5 1893.33
175.5 2312.33
176.5 2126.67
177.5 2277.33
178.5 2095
179.5 2471.33
180.5 2251
181.5 2367
182.5 1982.33
183.5 1975.67
184.5 1923
185.5 1897
186.5 1966
187.5 1943.67
188.5 2202.33
189.5 2228.33
190.5 2454
191.5 2346
192.5 2307.33
193.5 2298
194.5 2343.67
195.5 2437.67
196.5 2398.67
197.5 2422
198.5 2878
199.5 3207.33
200.5 3224.33
201.5 3285.33
202.5 3120.33
203.5 3035.67
204.5 3044
205.5 2964
206.5 2870.67
207.5 2723
208.5 2646
209.5 2883.67
210.5 2733.67
211.5 3037.67
212.5 2826
213.5 2667.67
214.5 2858
215.5 2663
216.5 2736.33
217.5 2422.33
218.5 2184
219.5 2061
220.5 1903.33
221.5 2051
222.5 2396
223.5 2543.67
224.5 2754
225.5 2684
226.5 2640.33
227.5 2859.33
228.5 2592
229.5 2551.33
230.5 2596.67
231.5 2831.67
232.5 2587.33
233.5 2948.33
234.5 2725.67
235.5 2808.67
236.5 2614
237.5 2766
238.5 2921.33
239.5 2654.67
240.5 2580.67
241.5 2426.67
242.5 2533.33
243.5 2506.33
244.5 2559.33
245.5 2493
246.5 2429
247.5 2396.67
248.5 2509.33
249.5 2227.67
250.5 2255
251.5 2011.67
252.5 2138
253.5 2279
254.5 2288
255.5 2247.67
256.5 2405
257.5 2471
258.5 2236.33
259.5 2526.67
260.5 2481.67
261.5 2284.67
262.5 2262.33
263.5 2391.33
264.5 2312.67
265.5 2111.67
266.5 2401.33
267.5 2483.33
268.5 2312
269.5 2332.67
270.5 2293.67
271.5 2131.33
272.5 2053.67
273.5 2221.67
274.5 2167
275.5 2083.33
276.5 2180.67
277.5 1927
278.5 2189.67
279.5 2027.67
280.5 1815.33
281.5 2054
282.5 1965.67
283.5 2312.67
284.5 2139
285.5 2018.67
286.5 2041
287.5 2043.67
288.5 2253.67
289.5 2029.33
290.5 2080.33
291.5 2175.67
292.5 2206.67
293.5 2321.33
294.5 2360.67
295.5 1992.33
296.5 2284.67
297.5 2173.33
298.5 2162.33
299.5 2201.67
300.5 2238.67
301.5 2163.33
302.5 2078.33
303.5 2145.67
304.5 2019.33
305.5 1831.67
306.5 1676
307.5 1556
308.5 1713.67
309.5 1251
310.5 1547
311.5 1522.33
312.5 1738
313.5 2030.33
314.5 2036.67
315.5 1913.33
316.5 2012
317.5 1748.33
318.5 1877.67
319.5 1980.67
320.5 2104
321.5 2078
322.5 2113.67
323.5 2286
324.5 2260.67
325.5 2374.67
326.5 2359.67
327.5 2460.67
328.5 2435
329.5 2480.33
330.5 2435
331.5 2246.33
332.5 2159.33
333.5 1937
334.5 1838.67
335.5 1894.33
336.5 1932.33
337.5 1854.67
338.5 1820
339.5 1924
340.5 1751.33
341.5 1510.67
342.5 1755.67
343.5 1508.33
344.5 1329
345.5 1439
346.5 1631.33
347.5 1778.67
348.5 1733
349.5 1657.67
350.5 1654.33
351.5 1868.67
352.5 1590.33
353.5 1497.67
354.5 1712.33
355.5 1558.33
356.5 1543.67
357.5 1596.67
358.5 1546.33
359.5 1561.33
360.5 1482
361.5 1411.67
362.5 1630.33
363.5 1419
364.5 1552
365.5 1709
366.5 1549.33
367.5 1521.67
368.5 1579.67
369.5 1711
370.5 1608.67
371.5 1764.67
372.5 1810
373.5 1502.67
374.5 1670.67
375.5 1558.33
376.5 1488
377.5 1459.33
378.5 1658.67
379.5 1555.67
380.5 1573
381.5 1580.67
382.5 1421.33
383.5 1554.67
384.5 1535.33
385.5 1408
386.5 1331
387.5 1484.67
388.5 1404.67
389.5 1432.67
390.5 1568.67
391.5 1381.33
392.5 1506
393.5 1404.67
394.5 1579.67
395.5 1409.67
396.5 1367.67
397.5 1556.67
398.5 1499
399.5 1464.67
400.5 1496.67
401.5 1397.33
402.5 1103.67
403.5 -185
404.5 -282.667
405.5 833.667
406.5 1132.33
407.5 1045.33
408.5 989.667
409.5 756.667
410.5 689.333
411.5 928.667
412.5 1199.33
413.5 1375.67
414.5 1401.67
415.5 1497.67
416.5 1416.67
417.5 1361
418.5 1505.33
419.5 1618
420.5 1508
421.5 1750
422.5 1779.67
423.5 1901
424.5 2195.67
425.5 2298.67
426.5 2140.33
427.5 2418
428.5 2419
429.5 2207.67
430.5 2137.33
431.5 1888.67
432.5 1761.33
433.5 1469.33
434.5 1394
435.5 1285.67
436.5 1457
437.5 1407.33
438.5 1427.67
439.5 1317.67
440.5 1351
441.5 1272
442.5 845
443.5 780.333
444.5 624.333
445.5 752
446.5 837
447.5 1041
448.5 1232.67
449.5 1351.33
450.5 1226.67
451.5 1384.67
452.5 1459.33
453.5 1432.33
454.5 1271
455.5 1429.33
456.5 1285.67
457.5 1491.67
458.5 1392.67
459.5 1385.33
460.5 1352
461.5 1376
462.5 1306
463.5 1282
464.5 1298
465.5 1253.67
466.5 1211.67
467.5 1114.33
468.5 1175
469.5 1171.33
470.5 1255.67
471.5 1349.67
472.5 1645
473.5 1999.67
474.5 1919.33
475.5 1595
476.5 1478.67
477.5 1529
478.5 1626
479.5 1510.67
480.5 1537.67
481.5 1488.33
482.5 1575
483.5 1750
484.5 1623.33
485.5 1410.67
486.5 1557
487.5 1579
488.5 1459
489.5 1586
490.5 1480
491.5 1353.67
492.5 1267.67
493.5 1377.33
494.5 1322.33
495.5 1376.33
496.5 1393
497.5 1381.67
498.5 1264.33
499.5 1178
500.5 1022.33
501.5 942.667
502.5 1079.67
503.5 1181.33
504.5 1212
505.5 1447
506.5 1763
507.5 2463.33
508.5 5185
509.5 8371.67
510.5 11224.7
511.5 10873.3
512.5 7170.33
513.5 4028.33
514.5 2059.67
515.5 1510.67
516.5 1584
517.5 1644.33
518.5 2018.67
519.5 2461
520.5 2022.67
521.5 1511
522.5 1156
523.5 1217.67
524.5 1204.33
525.5 1140.67
526.5 1110
527.5 1154.33
528.5 1218.33
529.5 1168.33
530.5 1135
531.5 1138.33
532.5 1246
533.5 1116.33
534.5 962
535.5 990.667
536.5 1026.33
537.5 1027.67
538.5 1111
539.5 1126.33
540.5 1247
541.5 1113
542.5 1131
543.5 1200.33
544.5 1157.33
545.5 1129.33
546.5 935
547.5 1148.67
548.5 903.667
549.5 1004.33
550.5 1094
551.5 1039
552.5 1051
553.5 1090.33
554.5 1144
555.5 1249
556.5 1427
557.5 1145.33
558.5 1068.33
559.5 1043
560.5 1063.67
561.5 1132.33
562.5 992.667
563.5 1070
564.5 1078.67
565.5 821
566.5 795.667
567.5 947
568.5 944
569.5 1169.33
570.5 1153.33
571.5 969
572.5 916.667
573.5 1166
574.5 1110
575.5 996.333
576.5 1018
577.5 1076.33
578.5 971.667
579.5 1130
580.5 1008.33
581.5 993.667
582.5 904
583.5 850.333
584.5 919
585.5 1116
586.5 1018.33
587.5 1064.33
588.5 994.333
589.5 1053
590.5 1094.67
591.5 1082.33
592.5 894.667
593.5 1134.33
594.5 1105
595.5 1018
596.5 1039
597.5 1017.33
598.5 1171
599.5 977.333
600.5 1103
601.5 985
602.5 1156
603.5 1136.67
604.5 1056.67
605.5 1122
606.5 1042.67
607.5 1010.67
608.5 1021
609.5 1020
610.5 1013.67
611.5 895.333
612.5 1007.33
613.5 1057.33
614.5 985.667
615.5 1119
616.5 1012.67
617.5 1054.33
618.5 1043.33
619.5 999.333
620.5 1073.67
621.5 899.333
622.5 977.333
623.5 924.667
624.5 1077
625.5 1101
626.5 1063
627.5 986.333
628.5 970
629.5 1154.67
630.5 1125.67
631.5 1038.67
632.5 992.667
633.5 1031.67
634.5 1088.33
635.5 1049
636.5 1059
637.5 968.333
638.5 1018.67
639.5 1088.33
640.5 1018.67
641.5 1092
642.5 948
643.5 997.667
644.5 1083.33
645.5 1032.67
646.5 1118.67
647.5 1083
648.5 1048.33
649.5 1154
650.5 1682.67
651.5 1966.67
652.5 1655.33
653.5 1188
654.5 975.667
655.5 819
656.5 770.667
657.5 940.333
658.5 1008.67
659.5 1077.33
660.5 1141.33
661.5 925.333
662.5 1015.67
663.5 991.333
664.5 1042.67
665.5 1109.33
666.5 988
667.5 994.667
668.5 1053
669.5 1066.67
670.5 1097.67
671.5 1027.67
672.5 1027.67
673.5 970
674.5 941.333
675.5 1021.67
676.5 1110.67
677.5 985
678.5 1188.67
679.5 1298
680.5 2033.67
681.5 4378
682.5 5478.67
683.5 3102
684.5 1524
685.5 1224.33
686.5 1248
687.5 1149.33
688.5 1119.67
689.5 1030.67
690.5 906.333
691.5 1033.67
692.5 935
693.5 919
694.5 1066.67
695.5 1000.67
696.5 982.333
697.5 1036.67
698.5 891
699.5 992.667
700.5 1001.33
701.5 1057.67
702.5 967.333
703.5 1066.67
704.5 964.333
705.5 962.667
706.5 880.333
707.5 870
708.5 1121.33
709.5 1041.33
710.5 1045
711.5 1112.33
712.5 892
713.5 848.667
714.5 1004.67
715.5 948.333
716.5 960.333
717.5 998
718.5 974.667
719.5 973.667
720.5 1211.33
721.5 1948.67
722.5 3114.67
723.5 2344.33
724.5 1419.67
725.5 1205.33
726.5 1038
727.5 1020
728.5 985.667
729.5 1045.33
730.5 978.667
731.5 1142
732.5 1201
733.5 1209
734.5 984
735.5 1099.33
736.5 1051
737.5 1254.33
738.5 1188.33
739.5 1013.33
740.5 981.333
741.5 1006.33
742.5 991.333
743.5 1078.33
744.5 986.667
745.5 885.333
746.5 1084.33
747.5 941.333
748.5 1009
749.5 1007.67
750.5 911
751.5 980
752.5 1008.67
753.5 1049
754.5 972
755.5 954.667
756.5 979
757.5 1077
758.5 1073.33
759.5 678.333
760.5 236.333
761.5 202.666
762.5 658
763.5 987.333
764.5 923
765.5 985.667
766.5 991
767.5 1026
768.5 1039
769.5 1059.33
770.5 1021
771.5 927
772.5 1027.67
773.5 1042.33
774.5 889.333
775.5 1013
776.5 1082
777.5 1000
778.5 1163.33
779.5 1049
780.5 963.667
781.5 1143
782.5 1065.33
783.5 974.667
784.5 899
785.5 1101
786.5 942.333
787.5 1072.33
788.5 1074.67
789.5 1140.33
790.5 998
791.5 1027
792.5 1010.33
793.5 1033
794.5 949.333
795.5 1033
796.5 862
797.5 1085.67
798.5 947.667
799.5 934
800.5 951.333
801.5 1132.67
802.5 1051.67
803.5 1057.67
804.5 1054
805.5 1084
806.5 1060
807.5 994.667
808.5 987.667
809.5 1030.33
810.5 1049.33
811.5 1043
812.5 1037
813.5 1041.67
814.5 1034.33
815.5 1005.33
816.5 1034
817.5 1056.33
818.5 1064.33
819.5 978
820.5 978
821.5 1034.33
822.5 925.667
823.5 895
824.5 1022
825.5 1094
826.5 1006.67
827.5 1116.33
828.5 1088.67
829.5 984
830.5 1149.67
831.5 1156
832.5 999.333
833.5 1091.33
834.5 1034
835.5 1024.33
836.5 1101
837.5 1049.33
838.5 1202.67
839.5 1053.67
840.5 971.667
841.5 1028
842.5 1101.33
843.5 1024.67
844.5 1174.33
845.5 1271.67
846.5 1386.33
847.5 1283.67
848.5 1130.67
849.5 1063
850.5 973
851.5 1045.33
852.5 1066
853.5 1059.33
854.5 1128.67
855.5 1018.33
856.5 1117
857.5 1115.67
858.5 1116
859.5 1120
860.5 1160.33
861.5 1129
862.5 1118.67
863.5 1181
864.5 1097.67
865.5 1129
866.5 1014.67
867.5 1068.33
868.5 1179
869.5 1013.67
870.5 1258
871.5 1095.33
872.5 1246
873.5 1232.33
874.5 2080.67
875.5 4345
876.5 5692.33
877.5 4115.33
878.5 1806
879.5 1267.67
880.5 1145.67
881.5 1183
882.5 1215.67
883.5 1078.33
884.5 1175
885.5 1168.67
886.5 1112
887.5 1085.33
888.5 1175.67
889.5 1088
890.5 1137
891.5 1133
892.5 1059
893.5 1273
894.5 1153
895.5 1270.67
896.5 1220
897.5 1271.33
898.5 1295
899.5 1178
900.5 1336
901.5 1210.67
902.5 1254.33
903.5 1318
904.5 1223.33
905.5 1299
906.5 1275.33
907.5 1244.33
908.5 1328.33
909.5 1274
910.5 1238.67
911.5 1349.67
912.5 1338.33
913.5 1207.67
914.5 1391
915.5 1267.67
916.5 1255.67
917.5 1236
918.5 1293.67
919.5 1423
920.5 1377.33
921.5 1416.67
922.5 1380.33
923.5 1196.67
924.5 1348.67
925.5 1456.33
926.5 1433.33
927.5 1399.67
928.5 1424.67
929.5 1379.33
930.5 1367.67
931.5 1580
932.5 1594.67
933.5 1481.67
934.5 1582.33
935.5 1378.33
936.5 1523.67
937.5 1621.33
938.5 1522.67
939.5 1594.33
940.5 1478.33
941.5 1526
942.5 1538.33
943.5 1417.33
944.5 1263.33
945.5 1378.67
946.5 1418
947.5 1247.67
948.5 1255.33
949.5 1270.67
950.5 1163.33
951.5 1103.67
952.5 1194.33
953.5 1008.67
954.5 1055
955.5 1108.67
956.5 1136
957.5 1032
958.5 1026.67
959.5 974
960.5 1117.67
961.5 969.667
962.5 939.333
963.5 956.333
964.5 1008
965.5 1001
966.5 892
967.5 1066.33
968.5 990.667
969.5 1060.67
970.5 977
971.5 1254.33
972.5 1641
973.5 2903
974.5 3792.67
975.5 2969.33
976.5 1740.33
977.5 1083.67
978.5 1023.67
979.5 878.333
980.5 882
981.5 989
982.5 910
983.5 804
984.5 850.333
985.5 932.333
986.5 938
987.5 962.667
988.5 893.667
989.5 973.667
990.5 977.667
991.5 931.667
992.5 917
993.5 883
994.5 890.333
995.5 982.667
996.5 976
997.5 969.333
998.5 881.667
999.5 968
1000.5 975
1001.5 1095.33
1002.5 1141.67
1003.5 999.333
1004.5 817.667
1005.5 755.333
1006.5 976.333
1007.5 887.333
1008.5 869
1009.5 847.333
1010.5 773
1011.5 837
1012.5 866
1013.5 707
1014.5 912.667
1015.5 816.333
1016.5 898.333
1017.5 824.333
1018.5 757
1019.5 810
1020.5 849
1021.5 865.667
1022.5 1090.33
1023.5 1888.67
1024.5 2549.67
1025.5 2261.67
1026.5 1167.33
1027.5 843
1028.5 798
1029.5 748.667
1030.5 705.333
1031.5 733.333
1032.5 751
1033.5 710.667
1034.5 773
1035.5 755.333
1036.5 654.333
1037.5 718.333
1038.5 837.667
1039.5 629.667
1040.5 729.333
1041.5 786.667
1042.5 671.333
1043.5 691.667
1044.5 633.333
1045.5 736
1046.5 706
1047.5 684.667
1048.5 626.333
1049.5 717.667
1050.5 656.667
1051.5 656.333
1052.5 641
1053.5 703
1054.5 851
1055.5 1283.33
1056.5 2016.67
1057.5 1863.33
1058.5 1044
1059.5 696.667
1060.5 668.333
1061.5 671.333
1062.5 619.667
1063.5 564.333
1064.5 596.333
1065.5 692.333
1066.5 609
1067.5 594.667
1068.5 703.667
1069.5 594.667
1070.5 618.333
1071.5 655
1072.5 824.667
1073.5 918.333
1074.5 860
1075.5 809.667
1076.5 757.667
1077.5 687
1078.5 618
1079.5 584
1080.5 525.333
1081.5 568.667
1082.5 606.333
1083.5 533
1084.5 583.333
1085.5 645.333
1086.5 479
1087.5 563
1088.5 611.333
1089.5 537.333
1090.5 736.667
1091.5 713.667
1092.5 695.333
1093.5 690.333
1094.5 601.333
1095.5 623.333
1096.5 600
1097.5 634.333
1098.5 615.333
1099.5 573.667
1100.5 640
1101.5 613.667
1102.5 600.667
1103.5 653
1104.5 529.667
1105.5 594.667
1106.5 635.667
1107.5 449.667
1108.5 501.667
1109.5 528.333
1110.5 507.667
1111.5 564
1112.5 566.667
1113.5 644.333
1114.5 695
1115.5 505
1116.5 508.667
1117.5 540
1118.5 577
1119.5 555
1120.5 589
1121.5 629
1122.5 639
1123.5 1011.33
1124.5 1973.33
1125.5 3713
1126.5 4748.67
1127.5 2379
1128.5 1026
1129.5 800
1130.5 508.667
1131.5 497.333
1132.5 608.333
1133.5 528.333
1134.5 460.667
1135.5 537
1136.5 548.333
1137.5 483
1138.5 535
1139.5 502
1140.5 548.333
1141.5 525.667
1142.5 635.667
1143.5 543
1144.5 598.333
1145.5 565
1146.5 623.333
1147.5 634.667
1148.5 649.333
1149.5 629.333
1150.5 723.333
1151.5 655.333
1152.5 1037.67
1153.5 2691.33
1154.5 10194.7
1155.5 36264
1156.5 79759.7
1157.5 82129
1158.5 33878
1159.5 7335.67
1160.5 1666
1161.5 736
1162.5 480
1163.5 504.667
1164.5 381.667
1165.5 442
1166.5 360.667
1167.5 417.667
1168.5 374.333
1169.5 318
1170.5 341.333
1171.5 270.667
1172.5 335.333
1173.5 394
1174.5 292
1175.5 319.667
1176.5 311.667
1177.5 349.667
1178.5 414
1179.5 399
1180.5 449.333
1181.5 346.333
1182.5 303.667
1183.5 284
1184.5 344.333
1185.5 385
1186.5 343.667
1187.5 304
1188.5 410.333
1189.5 478.333
1190.5 541
1191.5 396
1192.5 398.333
1193.5 380.333
1194.5 338.333
1195.5 332
1196.5 338.333
1197.5 406.333
1198.5 361
1199.5 352.333
1200.5 364.667
1201.5 310.667
1202.5 319.667
1203.5 389
1204.5 357.333
1205.5 318.333
1206.5 369
1207.5 306
1208.5 377.333
1209.5 321.333
1210.5 299.333
1211.5 359.667
1212.5 390
1213.5 420.667
1214.5 497.333
1215.5 446.667
1216.5 302.667
1217.5 336
1218.5 402.667
1219.5 315.667
1220.5 320
1221.5 359.667
1222.5 410.333
1223.5 365
1224.5 374
1225.5 432.667
1226.5 584.667
1227.5 1096
1228.5 1961.67
1229.5 2533
1230.5 1599
1231.5 708.667
1232.5 357.667
1233.5 366
1234.5 326.667
1235.5 355
1236.5 335.333
1237.5 364
1238.5 347.333
1239.5 276.667
1240.5 286.667
1241.5 303
1242.5 322.667
1243.5 329.333
1244.5 339
1245.5 313
1246.5 303.667
1247.5 385.667
1248.5 318.667
1249.5 259.333
1250.5 345.333
1251.5 308.333
1252.5 297.667
1253.5 384.333
1254.5 256
1255.5 326
1256.5 366
1257.5 294
1258.5 308.667
1259.5 367.667
1260.5 364.333
1261.5 368
1262.5 279
1263.5 296.333
1264.5 363.333
1265.5 277
1266.5 387.333
1267.5 357.667
1268.5 338.333
1269.5 340
1270.5 322.667
1271.5 309.333
1272.5 358.333
1273.5 344
1274.5 315.667
1275.5 342.667
1276.5 307.333
1277.5 449.333
1278.5 392.333
1279.5 375
1280.5 326.333
1281.5 344.667
1282.5 410.667
1283.5 387.667
1284.5 377
1285.5 311
1286.5 392.333
1287.5 335.333
1288.5 348
1289.5 330.667
1290.5 318.667
1291.5 461.333
1292.5 330.333
1293.5 388
1294.5 427
1295.5 420.667
1296.5 328.667
1297.5 354.667
1298.5 330
1299.5 319
1300.5 470.333
1301.5 630.667
1302.5 713.333
1303.5 586.667
1304.5 373.667
1305.5 400.333
1306.5 310.667
1307.5 336.333
1308.5 346.667
1309.5 327.333
1310.5 317.333
1311.5 370
1312.5 337.333
1313.5 306.667
1314.5 368
1315.5 367
1316.5 293.333
1317.5 321
1318.5 352
1319.5 369
1320.5 362.667
1321.5 356.333
1322.5 332.333
1323.5 333.333
1324.5 358
1325.5 327.333
1326.5 333
1327.5 370.333
1328.5 375.333
1329.5 400.333
1330.5 427.333
1331.5 401
1332.5 391.667
1333.5 411.667
1334.5 359.667
1335.5 412
1336.5 371
1337.5 286
1338.5 359.667
1339.5 331.667
1340.5 355.667
1341.5 340.333
1342.5 286.667
1343.5 323
1344.5 353.667
1345.5 408.333
1346.5 402.667
1347.5 369
1348.5 341.333
1349.5 325.667
1350.5 347
1351.5 354.667
1352.5 453
1353.5 384.333
1354.5 351.333
1355.5 322.333
1356.5 369.667
1357.5 355.667
1358.5 317
1359.5 382
1360.5 383.333
1361.5 391.667
1362.5 341.667
1363.5 334
1364.5 357.333
1365.5 364
1366.5 348.333
1367.5 392
1368.5 389.333
1369.5 391.667
1370.5 505.333
1371.5 534.333
1372.5 585.333
1373.5 467
1374.5 430.333
1375.5 474.667
1376.5 455.667
1377.5 397.667
1378.5 410
1379.5 395.333
1380.5 385.333
1381.5 538
1382.5 492.667
1383.5 481.333
1384.5 416.333
1385.5 365
1386.5 420.667
1387.5 431
1388.5 475.667
1389.5 422
1390.5 350
1391.5 301.667
1392.5 334
1393.5 367
1394.5 366.333
1395.5 407
1396.5 378
1397.5 419.667
1398.5 356.333
1399.5 430.667
1400.5 378.333
1401.5 331
1402.5 347.333
1403.5 349.333
1404.5 396.667
1405.5 369.667
1406.5 377
1407.5 397
1408.5 345.667
1409.5 353.667
1410.5 415.333
1411.5 422.333
1412.5 378.667
1413.5 467.667
1414.5 720.667
1415.5 908.333
1416.5 801.333
1417.5 507
1418.5 622.667
1419.5 1029
1420.5 1380.33
1421.5 916.333
1422.5 535.667
1423.5 360.667
1424.5 311
1425.5 268.333
1426.5 192.667
1427.5 119.667
1428.5 90.6666
1429.5 24.6666
1430.5 177.333
1431.5 308.667
1432.5 292.333
1433.5 344.333
1434.5 258.333
1435.5 363
1436.5 310.667
1437.5 381.333
1438.5 358.667
1439.5 389.333
1440.5 361
1441.5 304.667
1442.5 288
1443.5 394
1444.5 299.667
1445.5 328.667
1446.5 317.333
1447.5 355.667
1448.5 332.333
1449.5 379.667
1450.5 336.667
1451.5 415
1452.5 339.333
1453.5 321.667
1454.5 332.333
1455.5 354.667
1456.5 290
1457.5 311.667
1458.5 266.667
1459.5 356.667
1460.5 296
1461.5 342.667
1462.5 301.333
1463.5 343.333
1464.5 347.333
1465.5 356.667
1466.5 277
1467.5 335
1468.5 314
1469.5 353.667
1470.5 331.667
1471.5 290
1472.5 327
1473.5 352.333
1474.5 340
1475.5 289
1476.5 297
1477.5 295.333
1478.5 229.333
1479.5 305
1480.5 374.667
1481.5 393
1482.5 363.333
1483.5 344
1484.5 419.667
1485.5 328.333
1486.5 341
1487.5 302.667
1488.5 294.667
1489.5 277.333
1490.5 339
1491.5 335.667
1492.5 359
1493.5 293.333
1494.5 379.667
1495.5 339.333
1496.5 336
1497.5 479.667
1498.5 749
1499.5 820.333
1500.5 655
1501.5 346.333
1502.5 378
1503.5 365
1504.5 274.667
1505.5 331.333
1506.5 365
1507.5 347.667
1508.5 342.333
1509.5 321
1510.5 304.667
1511.5 319
1512.5 321
1513.5 342.333
1514.5 264
1515.5 303
1516.5 310.333
1517.5 355.333
1518.5 317
1519.5 380.333
1520.5 270.333
1521.5 239
1522.5 275.333
1523.5 262
1524.5 310.333
1525.5 301.333
1526.5 282
1527.5 316.667
1528.5 349.333
1529.5 257
1530.5 292.333
1531.5 295
1532.5 310.667
1533.5 308.667
1534.5 234.333
1535.5 320.667
1536.5 273
1537.5 302.667
1538.5 340.333
1539.5 311
1540.5 246.333
1541.5 74.6666
1542.5 209.667
1543.5 352.333
1544.5 524.667
1545.5 454
1546.5 316
1547.5 334.667
1548.5 369
1549.5 332
1550.5 334
1551.5 304
1552.5 310
1553.5 353
1554.5 277.667
1555.5 278.333
1556.5 278.667
1557.5 246
1558.5 311.667
1559.5 220.667
1560.5 283
1561.5 292
1562.5 311.333
1563.5 240.333
1564.5 332.667
1565.5 303.667
1566.5 302.667
1567.5 285.333
1568.5 329.667
1569.5 321.333
1570.5 368.333
1571.5 302.333
1572.5 364.333
1573.5 309.667
1574.5 348.667
1575.5 357.333
1576.5 309
1577.5 328.333
1578.5 302.333
1579.5 328.667
1580.5 298
1581.5 329.333
1582.5 226
1583.5 362.333
1584.5 315.667
1585.5 385.333
1586.5 405.667
1587.5 545.333
1588.5 575.667
1589.5 514.333
1590.5 412.333
1591.5 322.333
1592.5 287.333
1593.5 257.667
1594.5 287.667
1595.5 283.333
1596.5 272
1597.5 321.667
1598.5 319.333
1599.5 292
1600.5 256
1601.5 268.333
1602.5 296.667
1603.5 328.667
1604.5 303
1605.5 283.667
1606.5 309.333
1607.5 293.333
1608.5 250.667
1609.5 313.333
1610.5 255
1611.5 310.667
1612.5 301.333
1613.5 300.667
1614.5 276.667
1615.5 249.333
1616.5 278.667
1617.5 441
1618.5 558
1619.5 1041
1620.5 1463
1621.5 1762.67
1622.5 3295
1623.5 7279.67
1624.5 10152
1625.5 7026.33
1626.5 2626.67
1627.5 824
1628.5 451.667
1629.5 403.333
1630.5 301.333
1631.5 337.667
1632.5 334
1633.5 365.667
1634.5 359.667
1635.5 241.667
1636.5 331.667
1637.5 248.333
1638.5 314.333
1639.5 313.667
1640.5 302
1641.5 293
1642.5 277.333
1643.5 265.667
1644.5 301.333
1645.5 267
1646.5 264.667
1647.5 296.333
1648.5 242.667
1649.5 305.333
1650.5 279.667
1651.5 269
1652.5 237
1653.5 254
1654.5 268.333
1655.5 273
1656.5 297.333
1657.5 235.667
1658.5 250.333
1659.5 279
1660.5 280.333
1661.5 302
1662.5 295
1663.5 234
1664.5 311.333
1665.5 258.667
1666.5 276.333
1667.5 236.333
1668.5 290.333
1669.5 312.667
1670.5 304.667
1671.5 432.667
1672.5 475.333
1673.5 331.667
1674.5 261.333
1675.5 289.667
1676.5 275.333
1677.5 264
1678.5 262.667
1679.5 233.333
1680.5 282
1681.5 263.667
1682.5 251
1683.5 281.333
1684.5 289
1685.5 337
1686.5 287
1687.5 305.333
1688.5 295
1689.5 275
1690.5 257.333
1691.5 267.333
1692.5 206
1693.5 318.333
1694.5 312.667
1695.5 275.667
1696.5 357.667
1697.5 439
1698.5 581.333
1699.5 419.667
1700.5 350
1701.5 279.667
1702.5 311.333
1703.5 276
1704.5 252.333
1705.5 297.333
1706.5 296
1707.5 292.667
1708.5 288
1709.5 270.667
1710.5 293
1711.5 243
1712.5 264.333
1713.5 267
1714.5 231
1715.5 296
1716.5 300.667
1717.5 284.667
1718.5 282.333
1719.5 255.667
1720.5 240.667
1721.5 281.667
1722.5 292.333
1723.5 295
1724.5 273.667
1725.5 449.333
1726.5 304
1727.5 376.333
1728.5 272.667
1729.5 295
1730.5 316.667
1731.5 418.333
1732.5 412.333
1733.5 323.667
1734.5 233.667
1735.5 264.667
1736.5 296.333
1737.5 239
1738.5 360
1739.5 278
1740.5 333.667
1741.5 275
1742.5 294.667
1743.5 282
1744.5 310
1745.5 290
1746.5 300
1747.5 271
1748.5 281
1749.5 284.333
1750.5 233.667
1751.5 270
1752.5 303.667
1753.5 228
1754.5 278.667
1755.5 209.333
1756.5 301
1757.5 246.667
1758.5 247.333
1759.5 293.333
1760.5 274.667
1761.5 305
1762.5 270.333
1763.5 271
1764.5 260
1765.5 253
1766.5 218.333
1767.5 304.333
1768.5 296
1769.5 332.333
1770.5 362.333
1771.5 331.667
1772.5 298.667
1773.5 254.333
1774.5 265
1775.5 259.333
1776.5 328
1777.5 267
1778.5 256.667
1779.5 349.333
1780.5 333
1781.5 331.333
1782.5 343.333
1783.5 244.667
1784.5 269
1785.5 300.333
1786.5 350.667
1787.5 260
1788.5 193.667
1789.5 261.333
1790.5 325
1791.5 310.667
1792.5 262.333
1793.5 347.667
1794.5 378.333
1795.5 370.333
1796.5 268.667
1797.5 290.333
1798.5 315.667
1799.5 269.667
1800.5 299.667
1801.5 275.333
1802.5 259.667
1803.5 426.333
1804.5 373.333
1805.5 306.667
1806.5 282.667
1807.5 291.333
1808.5 280
1809.5 223.333
1810.5 285
1811.5 360.667
1812.5 326.667
1813.5 316
1814.5 320.667
1815.5 351.333
1816.5 301.667
1817.5 290
1818.5 288.333
1819.5 361.333
1820.5 299.667
1821.5 419
1822.5 444.333
1823.5 616.333
1824.5 1142.33
1825.5 1623.33
1826.5 1608
1827.5 903.333
1828.5 524.667
1829.5 356
1830.5 297.333
1831.5 236.667
1832.5 298.667
1833.5 217.667
1834.5 214
1835.5 278.667
1836.5 328.667
1837.5 255.333
1838.5 322.333
1839.5 343.667
1840.5 252
1841.5 292
1842.5 295.333
1843.5 263
1844.5 276
1845.5 281.667
1846.5 359
1847.5 314
1848.5 296.333
1849.5 349
1850.5 394.667
1851.5 441.667
1852.5 442
1853.5 382.667
1854.5 374
1855.5 359.333
1856.5 308.333
1857.5 293
1858.5 354
1859.5 356.667
1860.5 354.333
1861.5 332.333
1862.5 368
1863.5 291.333
1864.5 312.333
1865.5 338.667
1866.5 346
1867.5 323
1868.5 346
1869.5 461.667
1870.5 548.333
1871.5 798.333
1872.5 913.667
1873.5 683
1874.5 389.333
1875.5 346.667
1876.5 209
1877.5 316
1878.5 323
1879.5 301.667
1880.5 369.667
1881.5 337
1882.5 408.333
1883.5 375
1884.5 256
1885.5 145
1886.5 47.6666
1887.5 -12.3334
1888.5 -14.3334
1889.5 209
1890.5 254.333
1891.5 223
1892.5 267.333
1893.5 291.667
1894.5 210.333
1895.5 283
1896.5 296.667
1897.5 282.333
1898.5 314.667
1899.5 310.333
1900.5 281
1901.5 264.667
1902.5 254
1903.5 352
1904.5 256.333
1905.5 300
1906.5 237.333
1907.5 260.333
1908.5 248
1909.5 295.333
1910.5 307.667
1911.5 348
1912.5 334
1913.5 311
1914.5 287.667
1915.5 442.333
1916.5 430.333
1917.5 396
1918.5 328.667
1919.5 268.667
1920.5 325.333
1921.5 318
1922.5 278
1923.5 265.667
1924.5 316.667
1925.5 311
1926.5 308.667
1927.5 300
1928.5 310.667
1929.5 283.333
1930.5 279
1931.5 283.333
1932.5 266.333
1933.5 268.333
1934.5 266
1935.5 270.333
1936.5 260.333
1937.5 314.333
1938.5 288.333
1939.5 279.667
1940.5 272
1941.5 265.333
1942.5 322.333
1943.5 312.333
1944.5 273
1945.5 230.667
1946.5 253.333
1947.5 273.667
1948.5 340.333
1949.5 253.667
1950.5 304
1951.5 279.667
1952.5 314.667
1953.5 227.667
1954.5 280
1955.5 306
1956.5 241
1957.5 128
1958.5 6.66665
1959.5 38.3333
1960.5 117.667
1961.5 258.667
1962.5 180.333
1963.5 294.667
1964.5 187
1965.5 240.667
1966.5 198
1967.5 265
1968.5 222.333
1969.5 236.667
1970.5 294.333
1971.5 236.667
1972.5 245.667
1973.5 255.333
1974.5 393.333
1975.5 554.333
1976.5 574.667
1977.5 435.667
1978.5 357
1979.5 333
1980.5 342
1981.5 225.667
1982.5 265.667
1983.5 237
1984.5 217.333
1985.5 203.333
1986.5 248.333
1987.5 184.333
1988.5 304.333
1989.5 266.667
1990.5 210
1991.5 229.667
1992.5 243
1993.5 254
1994.5 235
1995.5 286
1996.5 222.667
1997.5 223.667
1998.5 240.333
1999.5 250.667
2000.5 226.667
2001.5 236.333
2002.5 235.333
2003.5 248.333
2004.5 246
2005.5 228.667
2006.5 296.667
2007.5 260.333
2008.5 245
2009.5 260
2010.5 250.667
2011.5 229
2012.5 208.667
2013.5 240
2014.5 234.667
2015.5 238
2016.5 217
2017.5 250
2018.5 266
2019.5 251.333
2020.5 236.667
2021.5 182.667
2022.5 264.667
2023.5 216.333
2024.5 233.333
2025.5 240
2026.5 227
2027.5 223.333
2028.5 212.667
2029.5 259
2030.5 197.667
2031.5 238
2032.5 214.333
2033.5 221.667
2034.5 219.667
2035.5 228.667
2036.5 359
2037.5 381.333
2038.5 317
2039.5 287.667
2040.5 199.667
2041.5 214
2042.5 209.667
2043.5 185.667
2044.5 191
2045.5 197.333
2046.5 236.667
2047.5 198
2048.5 228.667
2049.5 236.333
2050.5 202.667
2051.5 237.333
2052.5 237
2053.5 220.667
2054.5 166
2055.5 212.333
2056.5 229.667
2057.5 262.667
2058.5 263
2059.5 196.667
2060.5 189.667
2061.5 207.667
2062.5 215.333
2063.5 212
2064.5 138.667
2065.5 253.667
2066.5 232.333
2067.5 229
2068.5 251.333
2069.5 212
2070.5 227.667
2071.5 198.667
2072.5 237
2073.5 160.667
2074.5 205.333
2075.5 215.667
2076.5 175.333
2077.5 237
2078.5 205.333
2079.5 228
2080.5 155
2081.5 191.667
2082.5 209
2083.5 191
2084.5 196
2085.5 188.333
2086.5 254.333
2087.5 222.667
2088.5 247.667
2089.5 246.667
2090.5 125.667
2091.5 217
2092.5 211.333
2093.5 231
2094.5 313.667
2095.5 856
2096.5 2252.33
2097.5 5132.67
2098.5 8753
2099.5 8573.33
2100.5 4521
2101.5 1529.67
2102.5 515.333
2103.5 305.333
2104.5 221.333
2105.5 223
2106.5 209.333
2107.5 241.333
2108.5 225
2109.5 190
2110.5 164
2111.5 194
2112.5 150.333
2113.5 181.333
2114.5 178.667
2115.5 196.333
2116.5 249.667
2117.5 229.333
2118.5 199.333
2119.5 200.333
2120.5 169.333
2121.5 162.667
2122.5 232
2123.5 167
2124.5 194.333
2125.5 157.667
2126.5 185
2127.5 203.667
2128.5 173
2129.5 191.333
2130.5 167.667
2131.5 178
2132.5 161
2133.5 177
2134.5 220
2135.5 157.333
2136.5 172.667
2137.5 188.333
2138.5 184.667
2139.5 169.333
2140.5 164.333
2141.5 140.333
2142.5 100
2143.5 203.333
2144.5 165.333
2145.5 207
2146.5 261.667
2147.5 470.667
2148.5 1183.33
2149.5 2249.33
2150.5 3202.33
2151.5 2536.67
2152.5 1165
2153.5 351.333
2154.5 187
2155.5 172
2156.5 177
2157.5 135.667
2158.5 165
2159.5 156.333
2160.5 177
2161.5 231.333
2162.5 222.667
2163.5 135
2164.5 162
2165.5 169.333
2166.5 131.333
2167.5 176
2168.5 120.667
2169.5 205.667
2170.5 184.667
2171.5 134.333
2172.5 129.333
2173.5 135.667
2174.5 148.667
2175.5 156.667
2176.5 160.667
2177.5 189
2178.5 205.667
2179.5 247.333
2180.5 203.333
2181.5 155.667
2182.5 211.333
2183.5 167.333
2184.5 173.667
2185.5 144.333
2186.5 208
2187.5 162
2188.5 199
2189.5 194.667
2190.5 197.333
2191.5 158.667
2192.5 225.667
2193.5 190.667
2194.5 216
2195.5 283
2196.5 269.333
2197.5 189.667
2198.5 182.333
2199.5 174
2200.5 222
2201.5 172.333
2202.5 151
2203.5 149.333
2204.5 145
2205.5 169.667
2206.5 174.333
2207.5 138.333
2208.5 160.667
2209.5 107
2210.5 149.667
2211.5 249.333
2212.5 413
2213.5 684.667
2214.5 850
2215.5 717.667
2216.5 575.667
2217.5 551.667
2218.5 437
2219.5 264
2220.5 237.333
2221.5 383.333
2222.5 282
2223.5 326.333
2224.5 252.333
2225.5 167
2226.5 128.333
2227.5 178.333
2228.5 218
2229.5 152.333
2230.5 145.333
2231.5 171
2232.5 137
2233.5 78.6667
2234.5 86.6667
2235.5 161
2236.5 186.333
2237.5 161.333
2238.5 160
2239.5 179.667
2240.5 167.333
2241.5 189
2242.5 130
2243.5 138
2244.5 139.667
2245.5 180
2246.5 141.333
2247.5 126
2248.5 137.667
2249.5 177.667
2250.5 227
2251.5 224
2252.5 247
2253.5 208.667
2254.5 235.667
2255.5 292
2256.5 603.333
2257.5 1169
2258.5 1709.67
2259.5 1582.67
2260.5 890
2261.5 409.667
2262.5 209
2263.5 194.333
2264.5 190
2265.5 130.333
2266.5 168.333
2267.5 194.667
2268.5 189
2269.5 193.333
2270.5 144.333
2271.5 162.333
2272.5 222
2273.5 156.667
2274.5 187.333
2275.5 127
2276.5 142.667
2277.5 147.333
2278.5 124.333
2279.5 127
2280.5 124.667
2281.5 98.6667
2282.5 175
2283.5 151.333
2284.5 139.333
2285.5 181.667
2286.5 133.667
2287.5 159.333
2288.5 130.333
2289.5 151
2290.5 152.333
2291.5 183.667
2292.5 179.667
2293.5 198
2294.5 144.667
2295.5 154
2296.5 146.667
2297.5 159.667
2298.5 187.333
2299.5 111
2300.5 164
2301.5 237.667
2302.5 135.333
2303.5 137.667
2304.5 153.667
2305.5 145.667
2306.5 174.667
2307.5 137
2308.5 117.333
2309.5 117.333
2310.5 185
2311.5 187.333
2312.5 167.333
2313.5 199.667
2314.5 180.667
2315.5 151.667
2316.5 180
2317.5 152.333
2318.5 192.333
2319.5 177.333
2320.5 193
2321.5 154.667
2322.5 184.333
2323.5 186.667
2324.5 156.667
2325.5 153
2326.5 143.333
2327.5 160.333
2328.5 100.667
2329.5 144
2330.5 189.667
2331.5 142.667
2332.5 192.333
2333.5 264.667
2334.5 219
2335.5 252.667
2336.5 157.667
2337.5 170
2338.5 175
2339.5 106
2340.5 145.333
2341.5 124
2342.5 156
2343.5 118.333
2344.5 180.667
2345.5 152.333
2346.5 185.667
2347.5 171
2348.5 175.667
2349.5 180.667
2350.5 163.333
2351.5 136.667
2352.5 148.667
2353.5 144
2354.5 136
2355.5 104
2356.5 115.333
2357.5 117.667
2358.5 140
2359.5 185.667
2360.5 127.333
2361.5 188.333
2362.5 171.333
2363.5 180.667
2364.5 178.667
2365.5 172.667
2366.5 157
2367.5 152
2368.5 124.333
2369.5 150
2370.5 161.333
2371.5 98
2372.5 122.667
2373.5 148.333
2374.5 103.333
2375.5 115.667
2376.5 142.333
2377.5 99.6667
2378.5 120
2379.5 138
2380.5 143.333
2381.5 161.333
2382.5 124
2383.5 162.333
2384.5 134.667
2385.5 167.667
2386.5 183.333
2387.5 157.667
2388.5 106.333
2389.5 167.333
2390.5 143.667
2391.5 117.667
2392.5 168.333
2393.5 142
2394.5 164.333
2395.5 180.333
2396.5 166.333
2397.5 192.667
2398.5 148.333
2399.5 141
2400.5 143.667
2401.5 146.333
2402.5 146
2403.5 169.333
2404.5 145
2405.5 181.667
2406.5 177.667
2407.5 132
2408.5 97.6667
2409.5 161.333
2410.5 121
2411.5 140.333
2412.5 135.333
2413.5 203
2414.5 130.667
2415.5 208.333
2416.5 183.333
2417.5 166.333
2418.5 143.333
2419.5 149.667
2420.5 133.667
2421.5 155.667
2422.5 156
2423.5 165
2424.5 164.333
2425.5 171
2426.5 122.333
2427.5 147.667
2428.5 142
2429.5 154.667
2430.5 166.333
2431.5 162.333
2432.5 138.333
2433.5 182.333
2434.5 100.667
2435.5 171
2436.5 162.667
2437.5 116.333
2438.5 163.333
2439.5 140
2440.5 156
2441.5 143.667
2442.5 157.667
2443.5 178.667
2444.5 182.333
2445.5 241
2446.5 251.333
2447.5 389.333
2448.5 299.667
2449.5 249
2450.5 167.333
2451.5 158.333
2452.5 154.667
2453.5 148
2454.5 187.333
2455.5 116
2456.5 112.333
2457.5 146.333
2458.5 128
2459.5 142.667
2460.5 144.333
2461.5 133.333
2462.5 144
2463.5 185.667
2464.5 126.667
2465.5 114.667
2466.5 158
2467.5 176.667
2468.5 261
2469.5 195
2470.5 182
2471.5 119
2472.5 168
2473.5 229.667
2474.5 194.667
2475.5 184.333
2476.5 153
2477.5 154.333
2478.5 206.333
2479.5 125.667
2480.5 154.667
2481.5 132.333
2482.5 125
2483.5 98.6667
2484.5 119.333
2485.5 159.333
2486.5 199.333
2487.5 169.333
2488.5 151.333
2489.5 222
2490.5 271.333
2491.5 300.667
2492.5 246.667
2493.5 127.333
2494.5 144
2495.5 61.6667
2496.5 39
2497.5 41
2498.5 37
2499.5 111.667
2500.5 202
2501.5 174.667
2502.5 147.667
2503.5 166
2504.5 185
2505.5 128
2506.5 128.333
2507.5 172.333
2508.5 191.667
2509.5 140.333
2510.5 147
2511.5 135.667
2512.5 160
2513.5 151
2514.5 205.333
2515.5 157.333
2516.5 161.333
2517.5 111
2518.5 119.667
2519.5 15
2520.5 82.6667
2521.5 147
2522.5 104.667
2523.5 204
2524.5 167
2525.5 139.667
2526.5 213
2527.5 91.3333
2528.5 88.3333
2529.5 63
2530.5 67.3333
2531.5 137.333
2532.5 229
2533.5 242.667
2534.5 307
2535.5 334.333
2536.5 185.667
2537.5 135.667
2538.5 109.667
2539.5 153
2540.5 158.667
2541.5 188.333
2542.5 200.333
2543.5 161.667
2544.5 200
2545.5 155.667
2546.5 252.667
2547.5 339.667
2548.5 542.333
2549.5 543.333
2550.5 402.333
2551.5 291.333
2552.5 229
2553.5 189
2554.5 151.333
2555.5 160.667
2556.5 179
2557.5 123.667
2558.5 163.667
2559.5 127.667
2560.5 121.333
2561.5 129.333
2562.5 156.667
2563.5 116.667
2564.5 163.333
2565.5 155.667
2566.5 156.667
2567.5 138.667
2568.5 139
2569.5 122
2570.5 137.667
2571.5 158.333
2572.5 187
2573.5 185
2574.5 258.333
2575.5 307.333
2576.5 273.333
2577.5 268.333
2578.5 196.333
2579.5 176.667
2580.5 208.667
2581.5 235.333
2582.5 168.333
2583.5 178.333
2584.5 179.667
2585.5 135
2586.5 153.333
2587.5 137.333
2588.5 166
2589.5 147.333
2590.5 160.333
2591.5 98
2592.5 131
2593.5 136
2594.5 126
2595.5 117.333
2596.5 119.667
2597.5 117.333
2598.5 133
2599.5 202.667
2600.5 139.333
2601.5 172.333
2602.5 141
2603.5 199
2604.5 187
2605.5 230
2606.5 188.333
2607.5 192
2608.5 150.333
2609.5 172.667
2610.5 200.667
2611.5 217.333
2612.5 179
2613.5 121
2614.5 190.333
2615.5 162
2616.5 174.667
2617.5 125.333
2618.5 119
2619.5 90
2620.5 84.6667
2621.5 131.667
2622.5 147.667
2623.5 123.333
2624.5 143.667
2625.5 120.333
2626.5 140.667
2627.5 88
2628.5 166.333
2629.5 136.667
2630.5 112.667
2631.5 146.333
2632.5 115
2633.5 126.667
2634.5 121
2635.5 156
2636.5 173
2637.5 143
2638.5 115.667
2639.5 125.667
2640.5 112.667
2641.5 95
2642.5 130
2643.5 85.6667
2644.5 173
2645.5 118.667
2646.5 131
2647.5 143
2648.5 156
2649.5 161.333
2650.5 128.667
2651.5 135.333
2652.5 181.333
2653.5 209
2654.5 197.667
2655.5 227
2656.5 254.667
2657.5 202.333
2658.5 150.667
2659.5 146.333
2660.5 128.333
2661.5 164.667
2662.5 137.333
2663.5 170.667
2664.5 157
2665.5 158.333
2666.5 171.333
2667.5 188.333
2668.5 170.667
2669.5 151.333
2670.5 151
2671.5 130.667
2672.5 129
2673.5 146
2674.5 109.667
2675.5 180.667
2676.5 185
2677.5 202.667
2678.5 175.333
2679.5 164.333
2680.5 167.667
2681.5 140.333
2682.5 149.667
2683.5 170.333
2684.5 97.3333
2685.5 105
2686.5 122
2687.5 99.3333
2688.5 136.333
2689.5 169.667
2690.5 153.667
2691.5 198.667
2692.5 195
2693.5 170.667
2694.5 165
2695.5 142
2696.5 151.667
2697.5 160
2698.5 106.667
2699.5 154.333
2700.5 150.333
2701.5 146.333
2702.5 131.333
2703.5 199.333
2704.5 143.333
2705.5 121.333
2706.5 184.333
2707.5 204.333
2708.5 226.333
2709.5 177.333
2710.5 110
2711.5 129.667
2712.5 131.667
2713.5 146.333
2714.5 132.667
2715.5 134.333
2716.5 108
2717.5 131.667
2718.5 178.667
2719.5 139.667
2720.5 125.667
2721.5 126
2722.5 164.333
2723.5 146.333
2724.5 99.3333
2725.5 130.333
2726.5 121.667
2727.5 144
2728.5 143.333
2729.5 120.667
2730.5 156
2731.5 164.667
2732.5 134
2733.5 144.667
2734.5 148
2735.5 142
2736.5 147
2737.5 121.333
2738.5 171
2739.5 99
2740.5 161.667
2741.5 120
2742.5 154.333
2743.5 136
2744.5 159
2745.5 128
2746.5 123.667
2747.5 128
2748.5 211.667
2749.5 173.333
2750.5 192.333
2751.5 131.667
2752.5 146.333
2753.5 102.333
2754.5 122.333
2755.5 183
2756.5 149
2757.5 176.333
2758.5 187.333
2759.5 200.667
2760.5 117.333
2761.5 155
2762.5 160
2763.5 180.667
2764.5 201.333
2765.5 183
2766.5 145.667
2767.5 174.333
2768.5 168.667
2769.5 196.333
2770.5 200.667
2771.5 144.333
2772.5 111
2773.5 154.333
2774.5 151
2775.5 134.333
2776.5 154
2777.5 138.667
2778.5 165.667
2779.5 148
2780.5 149.667
2781.5 198
2782.5 188.333
2783.5 177
2784.5 178.333
2785.5 145.333
2786.5 146
2787.5 161
2788.5 141.667
2789.5 129.667
2790.5 130.333
2791.5 94.3333
2792.5 131.333
2793.5 128.667
2794.5 126.667
2795.5 123.333
2796.5 121.333
2797.5 96.6667
2798.5 133
2799.5 134.333
2800.5 139.333
2801.5 119
2802.5 127
2803.5 140.333
2804.5 181.333
2805.5 114.333
2806.5 156.667
2807.5 194.667
2808.5 166.667
2809.5 140.333
2810.5 119
2811.5 175
2812.5 171
2813.5 229.333
2814.5 332.333
2815.5 411
2816.5 323
2817.5 199.333
2818.5 161.333
2819.5 125.333
2820.5 110
2821.5 115.333
2822.5 128.667
2823.5 101.333
2824.5 155.667
2825.5 159.667
2826.5 264.667
2827.5 298.667
2828.5 310
2829.5 250.667
2830.5 165.333
2831.5 144.333
2832.5 147
2833.5 110.667
2834.5 142.667
2835.5 167.667
2836.5 118.333
2837.5 141.667
2838.5 138.667
2839.5 181
2840.5 142
2841.5 138.667
2842.5 131.333
2843.5 181.667
2844.5 196.333
2845.5 201.333
2846.5 229.333
2847.5 317
2848.5 361.333
2849.5 246
2850.5 190.667
2851.5 168.667
2852.5 139
2853.5 110.333
2854.5 155.333
2855.5 149.667
2856.5 144
2857.5 192
2858.5 151.667
2859.5 127.667
2860.5 159.667
2861.5 130.667
2862.5 115.667
2863.5 111
2864.5 143.333
2865.5 146.333
2866.5 169
2867.5 159
2868.5 182.333
2869.5 172.667
2870.5 163
2871.5 152
2872.5 120.333
2873.5 92.3333
2874.5 161
2875.5 74.6667
2876.5 119.667
2877.5 121.667
2878.5 99.3333
2879.5 150.667
2880.5 141
2881.5 129.667
2882.5 158.333
2883.5 150
2884.5 139
2885.5 113
2886.5 154.333
2887.5 129
2888.5 108.333
2889.5 149
2890.5 167.667
2891.5 213.333
2892.5 197.333
2893.5 231
2894.5 212
2895.5 205.333
2896.5 281.333
2897.5 224.333
2898.5 259.667
2899.5 213
2900.5 156.667
2901.5 166.667
2902.5 215.667
2903.5 186.667
2904.5 159.333
2905.5 147
2906.5 94
2907.5 165
2908.5 119.667
2909.5 150.667
2910.5 128
2911.5 184
2912.5 151.333
2913.5 122.667
2914.5 96.6667
2915.5 168.333
2916.5 117.333
2917.5 119.333
2918.5 111.333
2919.5 153.667
2920.5 138.333
2921.5 138
2922.5 95.3333
2923.5 127.667
2924.5 131.667
2925.5 133.333
2926.5 147
2927.5 130
2928.5 125.667
2929.5 128.667
2930.5 114
2931.5 133
2932.5 92.3333
2933.5 96
2934.5 78.6667
2935.5 146.333
2936.5 144
2937.5 127.333
2938.5 148.333
2939.5 147.667
2940.5 75.3333
2941.5 78.6667
2942.5 132
2943.5 124.333
2944.5 117.333
2945.5 138.667
2946.5 131
2947.5 94.3333
2948.5 129.667
2949.5 171
2950.5 111
2951.5 133.333
2952.5 138.333
2953.5 106
2954.5 221.667
2955.5 199.333
2956.5 234
2957.5 257.333
2958.5 176
2959.5 115
2960.5 139.333
2961.5 159
2962.5 104.667
2963.5 114
2964.5 110.333
2965.5 110.333
2966.5 152
2967.5 114
2968.5 179.667
2969.5 140.333
2970.5 149.667
2971.5 126.333
2972.5 154.333
2973.5 148.333
2974.5 89.3333
2975.5 122.333
2976.5 115.333
2977.5 112
2978.5 111.667
2979.5 134.667
2980.5 146.333
2981.5 122.333
2982.5 87
2983.5 110.333
2984.5 96
2985.5 108.333
2986.5 74
2987.5 113
2988.5 112.667
2989.5 122.333
2990.5 148
2991.5 118.333
2992.5 146
2993.5 165.667
2994.5 238.667
2995.5 296.333
2996.5 277
2997.5 259
2998.5 202
2999.5 173
3000.5 115.333
3001.5 162.333
3002.5 142.333
3003.5 107.667
3004.5 152.667
3005.5 150.333
3006.5 144
3007.5 144
3008.5 141.667
3009.5 177.667
3010.5 168
3011.5 142.333
3012.5 184.667
3013.5 178.667
3014.5 191.333
3015.5 172.667
3016.5 150.667
3017.5 112.667
3018.5 114.333
3019.5 167.333
3020.5 159
3021.5 175.667
3022.5 232.667
3023.5 388.333
3024.5 469.333
3025.5 583.333
3026.5 456.333
3027.5 250
3028.5 147.333
3029.5 136
3030.5 194
3031.5 135.333
3032.5 106.333
3033.5 120.667
3034.5 133
3035.5 152.667
3036.5 226
3037.5 231.667
3038.5 364.333
3039.5 295.333
3040.5 205.667
3041.5 172.333
3042.5 147
3043.5 122.667
3044.5 167.667
3045.5 120.667
3046.5 128
3047.5 125.667
3048.5 94
3049.5 126
3050.5 144.667
3051.5 175.333
3052.5 151.667
3053.5 74.6667
3054.5 169.333
3055.5 87.6667
3056.5 131.333
3057.5 126.667
3058.5 168.667
3059.5 152.667
3060.5 167
3061.5 162
3062.5 191
3063.5 193.667
3064.5 205.667
3065.5 226
3066.5 178.667
3067.5 144.333
3068.5 110.333
3069.5 150.667
3070.5 137
3071.5 244
3072.5 185.667
3073.5 156.667
3074.5 133.333
3075.5 64
3076.5 63
3077.5 79.3333
3078.5 90
3079.5 72.3333
3080.5 106.667
3081.5 113.667
3082.5 112
3083.5 132
3084.5 134.667
3085.5 67
3086.5 113.333
3087.5 92.6667
3088.5 112.333
3089.5 105.333
3090.5 86.3333
3091.5 89
3092.5 114
3093.5 78.3333
3094.5 110.333
3095.5 85.3333
3096.5 131
3097.5 151
3098.5 169.667
3099.5 142.333
3100.5 197.333
3101.5 142.333
3102.5 137.333
3103.5 99.6667
3104.5 147.667
3105.5 183
3106.5 219.333
3107.5 221.333
3108.5 206
3109.5 144.667
3110.5 163
3111.5 132.333
3112.5 103.667
3113.5 130
3114.5 104
3115.5 123
3116.5 127
3117.5 70.6667
3118.5 143.667
3119.5 94.6667
3120.5 121.333
3121.5 132.333
3122.5 161
3123.5 122
3124.5 134.667
3125.5 110.333
3126.5 109.333
3127.5 117.667
3128.5 113
3129.5 105.333
3130.5 131.667
3131.5 136.333
3132.5 131.667
3133.5 143.667
3134.5 179.667
3135.5 165
3136.5 132
3137.5 149.333
3138.5 140
3139.5 135.667
3140.5 149.667
3141.5 117.333
3142.5 169
3143.5 107
3144.5 129.333
3145.5 107.333
3146.5 139.333
3147.5 150
3148.5 159.667
3149.5 153
3150.5 159.333
3151.5 152
3152.5 108.333
3153.5 143.667
3154.5 123.667
3155.5 142.333
3156.5 107.333
3157.5 124.333
3158.5 133.667
3159.5 86
3160.5 125.333
3161.5 109
3162.5 107.667
3163.5 118.667
3164.5 111.333
3165.5 139.667
3166.5 101.333
3167.5 103
3168.5 66.3333
3169.5 108.667
3170.5 118.667
3171.5 124.667
3172.5 184
3173.5 160
3174.5 240
3175.5 210.333
3176.5 180.333
3177.5 208.333
3178.5 164
3179.5 87
3180.5 80.6667
3181.5 127.667
3182.5 140
3183.5 133.667
3184.5 163.667
3185.5 169.333
3186.5 94
3187.5 108.667
3188.5 142.667
3189.5 119.667
3190.5 114
3191.5 108.667
3192.5 98.6667
3193.5 113.667
3194.5 105.333
3195.5 132.667
3196.5 132.667
3197.5 131.333
3198.5 123
3199.5 96.3333
3200.5 130.333
3201.5 140.667
3202.5 166
3203.5 158.333
3204.5 177
3205.5 196.333
3206.5 176
3207.5 188
3208.5 172.333
3209.5 129.333
3210.5 155
3211.5 156
3212.5 112.333
3213.5 134.333
3214.5 103
3215.5 115
3216.5 131.333
3217.5 136.333
3218.5 127
3219.5 128
3220.5 135.667
3221.5 190.667
3222.5 170
3223.5 147
3224.5 176.333
3225.5 110.333
3226.5 122.333
3227.5 82.6667
3228.5 88
3229.5 146
3230.5 138.333
3231.5 150.667
3232.5 223
3233.5 167.333
3234.5 174.333
3235.5 129.667
3236.5 107.667
3237.5 107.667
3238.5 137.333
3239.5 144.667
3240.5 134
3241.5 167
3242.5 184
3243.5 99.3333
3244.5 105.667
3245.5 106
3246.5 102
3247.5 130
3248.5 120.333
3249.5 103
3250.5 142
3251.5 141
3252.5 178.667
3253.5 143
3254.5 129
3255.5 183
3256.5 92.3333
3257.5 144.333
3258.5 159.667
3259.5 177.667
3260.5 162
3261.5 129.333
3262.5 139.667
3263.5 87.6667
3264.5 100
3265.5 105
3266.5 107.333
3267.5 94
3268.5 106.333
3269.5 106.667
3270.5 139.667
3271.5 90.3333
3272.5 111.667
3273.5 80
3274.5 65.3333
3275.5 113.333
3276.5 111.333
3277.5 115.667
3278.5 51.3333
3279.5 107
3280.5 104
3281.5 107
3282.5 125.667
3283.5 94.3333
3284.5 101.333
3285.5 102.667
3286.5 84.6667
3287.5 112.667
3288.5 138.333
3289.5 82
3290.5 106.333
3291.5 114.667
3292.5 125.667
3293.5 146
3294.5 168.667
3295.5 178
3296.5 178.333
3297.5 151.667
3298.5 150.333
3299.5 99.3333
3300.5 92
3301.5 73.6667
3302.5 119.333
3303.5 133
3304.5 125
3305.5 131.667
3306.5 111
3307.5 128
3308.5 98
3309.5 96.3333
3310.5 112
3311.5 175.333
3312.5 189.333
3313.5 183.333
3314.5 141.333
3315.5 129.333
3316.5 106.333
3317.5 97.6667
3318.5 114.667
3319.5 126.667
3320.5 150
3321.5 171.667
3322.5 169.667
3323.5 151.667
3324.5 148
3325.5 127.667
3326.5 112
3327.5 103.333
3328.5 117.333
3329.5 124.667
3330.5 136.333
3331.5 119.333
3332.5 123.667
3333.5 129
3334.5 95.3333
3335.5 130
3336.5 144.667
3337.5 79.6667
3338.5 126.667
3339.5 86.6667
3340.5 109.333
3341.5 89.3333
3342.5 110.667
3343.5 116.667
3344.5 105.667
3345.5 105.667
3346.5 84.3333
3347.5 102
3348.5 111.667
3349.5 87.6667
3350.5 101
3351.5 121
3352.5 136.667
3353.5 208
3354.5 231.667
3355.5 180.667
3356.5 192.333
3357.5 137
3358.5 94.6667
3359.5 107
3360.5 118
3361.5 116
3362.5 106
3363.5 184
3364.5 154.333
3365.5 199
3366.5 349.667
3367.5 345
3368.5 241.333
3369.5 186.667
3370.5 136
3371.5 144.333
3372.5 83.3333
3373.5 120.667
3374.5 82.3333
3375.5 103.333
3376.5 94
3377.5 123.333
3378.5 131
3379.5 170.333
3380.5 189.667
3381.5 181
3382.5 167.667
3383.5 159
3384.5 170.333
3385.5 88.6667
3386.5 114.667
3387.5 110.667
3388.5 148.333
3389.5 146.333
3390.5 175.333
3391.5 136.333
3392.5 125
3393.5 129.667
3394.5 142
3395.5 134
3396.5 113.667
3397.5 115.667
3398.5 127.667
3399.5 74.6667
3400.5 108.667
3401.5 109.667
3402.5 96
3403.5 125.667
3404.5 101
3405.5 77.6667
3406.5 110
3407.5 128
3408.5 87
3409.5 132.667
3410.5 120
3411.5 141.333
3412.5 129.333
3413.5 85
3414.5 92.6667
3415.5 154
3416.5 187.667
3417.5 304.333
3418.5 358
3419.5 383
3420.5 347
3421.5 189.333
3422.5 129.667
3423.5 121.667
3424.5 119.333
3425.5 187
3426.5 148.333
3427.5 173.667
3428.5 139.333
3429.5 132.667
3430.5 132
3431.5 128
3432.5 55
3433.5 95.3333
3434.5 102.667
3435.5 146.333
3436.5 137.333
3437.5 105
3438.5 90.6667
3439.5 102.667
3440.5 135.667
3441.5 112
3442.5 80.3333
3443.5 92
3444.5 132.667
3445.5 122.667
3446.5 157.667
3447.5 72.3333
3448.5 114
3449.5 92.3333
3450.5 136.333
3451.5 69.6667
3452.5 81
3453.5 95
3454.5 112
3455.5 119.667
3456.5 114
3457.5 138
3458.5 92
3459.5 137.333
3460.5 132
3461.5 129
3462.5 68.6667
3463.5 129.667
3464.5 122.333
3465.5 148
3466.5 130.667
3467.5 107.333
3468.5 79.3333
3469.5 93.3333
3470.5 101
3471.5 89.3333
3472.5 81
3473.5 132
3474.5 97.3333
3475.5 100
3476.5 131.333
3477.5 125.333
3478.5 122
3479.5 161.667
3480.5 134
3481.5 144.667
3482.5 145.667
3483.5 169
3484.5 144.667
3485.5 113.333
3486.5 129.667
3487.5 95
3488.5 103
3489.5 86
3490.5 79.3333
3491.5 72.6667
3492.5 100
3493.5 91.3333
3494.5 156
3495.5 150.333
3496.5 123.667
3497.5 133
3498.5 112
3499.5 85.3333
3500.5 79
3501.5 77.3333
3502.5 103.667
3503.5 100
3504.5 131.333
3505.5 217
3506.5 276
3507.5 385.333
3508.5 354.333
3509.5 291.333
3510.5 192.667
3511.5 149.667
3512.5 139.333
3513.5 173
3514.5 140.333
3515.5 129
3516.5 134.667
3517.5 162
3518.5 124.667
3519.5 127.333
3520.5 132.333
3521.5 170.333
3522.5 111.333
3523.5 163.333
3524.5 166.667
3525.5 178.333
3526.5 136
3527.5 115.667
3528.5 119
3529.5 130.333
3530.5 125.333
3531.5 96.6667
3532.5 121
3533.5 175
3534.5 140
3535.5 125.333
3536.5 123.667
3537.5 106.667
3538.5 95.3333
3539.5 99.6667
3540.5 98
3541.5 98
3542.5 113
3543.5 125.667
3544.5 191
3545.5 265.667
3546.5 250.333
3547.5 187.667
3548.5 158
3549.5 138.667
3550.5 136
3551.5 88
3552.5 89.6667
3553.5 125
3554.5 92.6667
3555.5 71.3333
3556.5 74.3333
3557.5 75.6667
3558.5 89
3559.5 105.333
3560.5 109
3561.5 66.6667
3562.5 132.333
3563.5 106
3564.5 131
3565.5 105
3566.5 119
3567.5 99.3333
3568.5 110.667
3569.5 122.667
3570.5 120
3571.5 99
3572.5 52.6667
3573.5 99
3574.5 119.333
3575.5 106.333
3576.5 111.667
3577.5 108.667
3578.5 56.6667
3579.5 161
3580.5 151.333
3581.5 162.333
3582.5 130.333
3583.5 120.333
3584.5 91
3585.5 36.6667
3586.5 10.3333
3587.5 45
3588.5 98
3589.5 84.3333
3590.5 104.333
3591.5 71
3592.5 101
3593.5 90.6667
3594.5 105.333
3595.5 97
3596.5 92
3597.5 124.333
3598.5 58.6667
3599.5 100.333
3600.5 73.3333
3601.5 81.3333
3602.5 109
3603.5 94.3333
3604.5 98
3605.5 116.333
3606.5 111.667
3607.5 92.6667
3608.5 87
3609.5 120.333
3610.5 82
3611.5 108
3612.5 170
3613.5 121.667
3614.5 74.3333
3615.5 92
3616.5 89.6667
3617.5 126.333
3618.5 107.667
3619.5 109.333
3620.5 103
3621.5 150.667
3622.5 140.667
3623.5 127.667
3624.5 92.3333
3625.5 71.3333
3626.5 85.3333
3627.5 53.3333
3628.5 100
3629.5 95
3630.5 70.6667
3631.5 87.6667
3632.5 90.6667
3633.5 102.667
3634.5 97.6667
3635.5 82.6667
3636.5 109.333
3637.5 87.6667
3638.5 85.6667
3639.5 76.6667
3640.5 100
3641.5 108
3642.5 102
3643.5 158.667
3644.5 198.333
3645.5 250.667
3646.5 256
3647.5 170
3648.5 217.333
3649.5 233.333
3650.5 153.333
3651.5 123
3652.5 103.667
3653.5 70
3654.5 86.6667
3655.5 96
3656.5 101.333
3657.5 79.6667
3658.5 77
3659.5 87.3333
3660.5 95
3661.5 87
3662.5 75.6667
3663.5 99
3664.5 118.667
3665.5 78.6667
3666.5 86.6667
3667.5 84
3668.5 88.6667
3669.5 124.667
3670.5 127
3671.5 138
3672.5 140
3673.5 155.667
3674.5 86
3675.5 109.333
3676.5 70.6667
3677.5 90
3678.5 50
3679.5 90.6667
3680.5 111
3681.5 117
3682.5 119.333
3683.5 119
3684.5 106
3685.5 133
3686.5 156.333
3687.5 100.667
3688.5 101.333
3689.5 83.3333
3690.5 72
3691.5 78.3333
3692.5 109.667
3693.5 95
3694.5 87.6667
3695.5 115
3696.5 83.3333
3697.5 96
3698.5 92.6667
3699.5 127.667
3700.5 91.6667
3701.5 106.667
3702.5 107
3703.5 101.333
3704.5 118.333
3705.5 85.6667
3706.5 75.6667
3707.5 75.6667
3708.5 111.667
3709.5 66.3333
3710.5 94
3711.5 111
3712.5 81.3333
3713.5 99
3714.5 120.333
3715.5 65
3716.5 117
3717.5 114
3718.5 126
3719.5 122.667
3720.5 172.667
3721.5 187
3722.5 184
3723.5 145
3724.5 152.667
3725.5 111.667
3726.5 108.333
3727.5 97
3728.5 140.333
3729.5 142.667
3730.5 184.333
3731.5 184
3732.5 199.667
3733.5 154.667
3734.5 113.667
3735.5 138.333
3736.5 85
3737.5 110.667
3738.5 98
3739.5 98.6667
3740.5 93
3741.5 87.6667
3742.5 111
3743.5 97.6667
3744.5 64.3333
3745.5 100.333
3746.5 57.6667
3747.5 59.6667
3748.5 104.333
3749.5 109
3750.5 95.3333
3751.5 73.6667
3752.5 90.3333
3753.5 65
3754.5 50.3333
3755.5 87.3333
3756.5 106.667
3757.5 111.667
3758.5 96.3333
3759.5 96
3760.5 123.667
3761.5 141.667
3762.5 88.6667
3763.5 81
3764.5 94.3333
3765.5 104.333
3766.5 116.333
3767.5 143
3768.5 125
3769.5 99.6667
3770.5 125.667
3771.5 85
3772.5 67.6667
3773.5 78
3774.5 112
3775.5 85.6667
3776.5 103.333
3777.5 90
3778.5 127.333
3779.5 116.667
3780.5 66
3781.5 85.3333
3782.5 76
3783.5 73
3784.5 90
3785.5 124.333
3786.5 81.6667
3787.5 117.333
3788.5 81.6667
3789.5 87.6667
3790.5 78.6667
3791.5 96.6667
3792.5 98.6667
3793.5 91
3794.5 93
3795.5 94.3333
3796.5 71.3333
3797.5 76.6667
3798.5 75.3333
3799.5 63
3800.5 88.3333
3801.5 102.667
3802.5 91
3803.5 95.3333
3804.5 135.667
3805.5 148
3806.5 224.667
3807.5 268.667
3808.5 290.667
3809.5 281
3810.5 204.667
3811.5 119.667
3812.5 107
3813.5 106.667
3814.5 108.333
3815.5 117
3816.5 79.6667
3817.5 87.3333
3818.5 64.6667
3819.5 96.6667
3820.5 84.3333
3821.5 77.6667
3822.5 104.333
3823.5 92.6667
3824.5 99.6667
3825.5 65
3826.5 103
3827.5 118.667
3828.5 121
3829.5 107.667
3830.5 92
3831.5 115
3832.5 110.333
3833.5 104.667
3834.5 86.6667
3835.5 101
3836.5 118.333
3837.5 102
3838.5 104.333
3839.5 73
3840.5 105.667
3841.5 105.667
3842.5 89.3333
3843.5 119
3844.5 124
3845.5 104
3846.5 83.6667
3847.5 71.3333
3848.5 97
3849.5 88
3850.5 88
3851.5 89
3852.5 95.6667
3853.5 69.6667
3854.5 83.6667
3855.5 74.3333
3856.5 90.3333
3857.5 79
3858.5 93
3859.5 68.6667
3860.5 81
3861.5 100.333
3862.5 74.3333
3863.5 122.667
3864.5 103.333
3865.5 78.6667
3866.5 87.6667
3867.5 101.333
3868.5 59
3869.5 93.3333
3870.5 88.6667
3871.5 114
3872.5 81.6667
3873.5 115.333
3874.5 151.333
3875.5 117.333
3876.5 138.667
3877.5 133.333
3878.5 137.667
3879.5 118
3880.5 97.3333
3881.5 73.6667
3882.5 99.3333
3883.5 87.6667
3884.5 88.3333
3885.5 90
3886.5 64.6667
3887.5 64.6667
3888.5 78.6667
3889.5 99.6667
3890.5 61.6667
3891.5 128.333
3892.5 87.6667
3893.5 98.6667
3894.5 46
3895.5 85.3333
3896.5 78
3897.5 66
3898.5 86
3899.5 131
3900.5 152
3901.5 225
3902.5 267.333
3903.5 217
3904.5 269
3905.5 191.667
3906.5 188.333
3907.5 270.667
3908.5 217.667
3909.5 188.667
3910.5 143
3911.5 76.6667
3912.5 109
3913.5 102.333
3914.5 111.667
3915.5 77.6667
3916.5 70.3333
3917.5 80
3918.5 88.6667
3919.5 107.333
3920.5 81.3333
3921.5 84.6667
3922.5 61.6667
3923.5 96.3333
3924.5 78.6667
3925.5 81.6667
3926.5 57.6667
3927.5 84.6667
3928.5 65.6667
3929.5 54
3930.5 76
3931.5 57.6667
3932.5 86.6667
3933.5 86.6667
3934.5 71
3935.5 51.3333
3936.5 68.3333
3937.5 85.6667
3938.5 97.3333
3939.5 77
3940.5 89.6667
3941.5 121.333
3942.5 109.667
3943.5 156.333
3944.5 204.667
3945.5 213
3946.5 230
3947.5 197.333
3948.5 186.667
3949.5 112
3950.5 103.333
3951.5 96.6667
3952.5 111
3953.5 134
3954.5 184.333
3955.5 177.667
3956.5 185.333
3957.5 163.333
3958.5 156
3959.5 95
3960.5 98.3333
3961.5 100.333
3962.5 88
3963.5 89.6667
3964.5 90
3965.5 62.3333
3966.5 90.6667
3967.5 92.6667
3968.5 110
3969.5 116.667
3970.5 113.667
3971.5 137.333
3972.5 110.667
3973.5 71.3333
3974.5 89.6667
3975.5 83
3976.5 114
3977.5 55
3978.5 101
3979.5 79.3333
3980.5 68.3333
3981.5 92.6667
3982.5 75.3333
3983.5 80
3984.5 105
3985.5 109.333
3986.5 138
3987.5 130.333
3988.5 138.333
3989.5 87
3990.5 87.3333
3991.5 107.667
3992.5 60.3333
3993.5 94.6667
3994.5 70.6667
3995.5 61.6667
3996.5 70
3997.5 95
3998.5 103
3999.5 89
4000.5 74.6667
4001.5 71.3333
4002.5 108.667
4003.5 78.3333
4004.5 74.3333
4005.5 57
4006.5 57.6667
4007.5 63.3333
4008.5 71
4009.5 43
4010.5 104.333
4011.5 68.3333
4012.5 66.6667
4013.5 87
4014.5 57
4015.5 73
4016.5 87.3333
4017.5 58
4018.5 37
4019.5 61.3333
4020.5 77.3333
4021.5 96.3333
4022.5 123
4023.5 102.333
4024.5 116.333
4025.5 141.333
4026.5 175.667
4027.5 129.333
4028.5 128.333
4029.5 77.6667
4030.5 107.667
4031.5 138.667
4032.5 186.333
4033.5 307.667
4034.5 402.667
4035.5 373.333
4036.5 243.333
4037.5 188
4038.5 114
4039.5 85
4040.5 98.3333
4041.5 110
4042.5 110.667
4043.5 119
4044.5 96.6667
4045.5 109.333
4046.5 97.3333
4047.5 108.333
4048.5 59.3333
4049.5 116.333
4050.5 65
4051.5 101.667
4052.5 63.6667
4053.5 92.6667
4054.5 68
4055.5 57
4056.5 101
4057.5 85.6667
4058.5 90.3333
4059.5 79.3333
4060.5 59.3333
4061.5 85.6667
4062.5 98.6667
4063.5 82
4064.5 73.3333
4065.5 86.3333
4066.5 74.3333
4067.5 129.667
4068.5 88.3333
4069.5 98
4070.5 123.667
4071.5 102
4072.5 100
4073.5 131.333
4074.5 78
4075.5 114.333
4076.5 75
4077.5 84
4078.5 125.333
4079.5 128.333
4080.5 215
4081.5 197.667
4082.5 192.333
4083.5 144.333
4084.5 125
4085.5 162.667
4086.5 197.333
4087.5 239.667
4088.5 183.333
4089.5 167.333
4090.5 87.6667
4091.5 96
4092.5 106
4093.5 97
4094.5 107.333
4095.5 76
4096.5 88.3333
4097.5 72.3333
4098.5 29.3333
4099.5 90.3333
4100.5 78.6667
4101.5 84.3333
4102.5 73
4103.5 87.6667
4104.5 40
4105.5 90.6667
4106.5 66.6667
4107.5 78.6667
4108.5 70.3333
4109.5 63.6667
4110.5 70.6667
4111.5 106.333
4112.5 78.3333
4113.5 107.333
4114.5 81
4115.5 76.6667
4116.5 93.3333
4117.5 58
4118.5 82.3333
4119.5 98
4120.5 70.6667
4121.5 72
4122.5 65.3333
4123.5 53
4124.5 70.6667
4125.5 38.3333
4126.5 68.6667
4127.5 77.6667
4128.5 78
4129.5 80.6667
4130.5 111
4131.5 87.3333
4132.5 85.3333
4133.5 80.6667
4134.5 80.3333
4135.5 73.6667
4136.5 86
4137.5 61.6667
4138.5 110
4139.5 78
4140.5 79.3333
4141.5 115
4142.5 103.333
4143.5 83.3333
4144.5 69
4145.5 67
4146.5 58
4147.5 68
4148.5 61
4149.5 101
4150.5 72
4151.5 45.6667
4152.5 78.3333
4153.5 79
4154.5 73.3333
4155.5 86
4156.5 92.3333
4157.5 66
4158.5 114.333
4159.5 95
4160.5 93.3333
4161.5 83.3333
4162.5 71.6667
4163.5 76.6667
4164.5 30.3333
4165.5 98
4166.5 65.6667
4167.5 71
4168.5 65
4169.5 46.3333
4170.5 46.3333
4171.5 84.6667
4172.5 79
4173.5 103
4174.5 100
4175.5 61
4176.5 81.6667
4177.5 78.3333
4178.5 97
4179.5 79.3333
4180.5 69
4181.5 84
4182.5 105.667
4183.5 57.3333
4184.5 88
4185.5 68.6667
4186.5 74
4187.5 105.333
4188.5 103
4189.5 70
4190.5 91.3333
4191.5 90.3333
4192.5 83
4193.5 81.3333
4194.5 72.3333
4195.5 71
4196.5 63.3333
4197.5 82.3333
4198.5 80.6667
4199.5 76
4200.5 130.333
4201.5 132.667
4202.5 92.3333
4203.5 94.3333
4204.5 128.333
4205.5 89.3333
4206.5 136
4207.5 154.667
4208.5 191.667
4209.5 180.333
4210.5 193.333
4211.5 107.333
4212.5 88.3333
4213.5 95.6667
4214.5 81
4215.5 73.6667
4216.5 114.333
4217.5 50
4218.5 114.333
4219.5 104
4220.5 96.3333
4221.5 97
4222.5 85.6667
4223.5 87.3333
4224.5 78
4225.5 87
4226.5 76.3333
4227.5 88.6667
4228.5 85
4229.5 104.333
4230.5 112.667
4231.5 116.333
4232.5 70.6667
4233.5 53.6667
4234.5 105.333
4235.5 62.6667
4236.5 108
4237.5 71.3333
4238.5 81
4239.5 61
4240.5 100
4241.5 80.3333
4242.5 53.6667
4243.5 61.3333
4244.5 68.6667
4245.5 74
4246.5 69
4247.5 79.6667
4248.5 82.6667
4249.5 85.3333
4250.5 98.6667
4251.5 104.667
4252.5 78.3333
4253.5 82.6667
4254.5 70.3333
4255.5 107.667
4256.5 70.6667
4257.5 83.6667
4258.5 122
4259.5 75.3333
4260.5 87
4261.5 91
4262.5 87.6667
4263.5 130
4264.5 88.6667
4265.5 111
4266.5 69.6667
4267.5 65.3333
4268.5 72
4269.5 61.3333
4270.5 79.3333
4271.5 107
4272.5 104.667
4273.5 101.333
4274.5 79
4275.5 73
4276.5 113.667
4277.5 91.6667
4278.5 110.667
4279.5 140
4280.5 169
4281.5 178.333
4282.5 177
4283.5 157.333
4284.5 112.333
4285.5 138.333
4286.5 65
4287.5 50.6667
4288.5 102.333
4289.5 56.3333
4290.5 96.6667
4291.5 78.6667
4292.5 80.6667
4293.5 104
4294.5 60.3333
4295.5 106.333
4296.5 59.3333
4297.5 117.333
4298.5 65.3333
4299.5 73.3333
4300.5 77.6667
4301.5 56.3333
4302.5 89.3333
4303.5 73.6667
4304.5 67.6667
4305.5 95
4306.5 82.6667
4307.5 55.3333
4308.5 84.6667
4309.5 79.6667
4310.5 62.3333
4311.5 74
4312.5 95.3333
4313.5 77
4314.5 97.3333
4315.5 74.6667
4316.5 89
4317.5 104.333
4318.5 109
4319.5 121
4320.5 108
4321.5 82.3333
4322.5 83.3333
4323.5 95
4324.5 89.3333
4325.5 75.3333
4326.5 68.6667
4327.5 97.6667
4328.5 89
4329.5 119.333
4330.5 148
4331.5 242.667
4332.5 334.667
4333.5 340
4334.5 239.333
4335.5 164
4336.5 90
4337.5 73.3333
4338.5 75.3333
4339.5 102
4340.5 104.333
4341.5 79.3333
4342.5 81.6667
4343.5 88.6667
4344.5 69.3333
4345.5 68.3333
4346.5 98.3333
4347.5 57
4348.5 93.3333
4349.5 98.3333
4350.5 68
4351.5 103
4352.5 50.6667
4353.5 94.6667
4354.5 80.6667
4355.5 87.3333
4356.5 96.6667
4357.5 85.6667
4358.5 126
4359.5 78.3333
4360.5 74.3333
4361.5 69
4362.5 80
4363.5 66.3333
4364.5 68.6667
4365.5 51
4366.5 104.333
4367.5 75
4368.5 57.6667
4369.5 63.3333
4370.5 81
4371.5 56
4372.5 78.6667
4373.5 71.3333
4374.5 94
4375.5 87.6667
4376.5 78
4377.5 81
4378.5 118
4379.5 87.3333
4380.5 98
4381.5 123
4382.5 150.333
4383.5 138.667
4384.5 132.333
4385.5 115.667
4386.5 77.6667
4387.5 121.667
4388.5 102.667
4389.5 147
4390.5 168.667
4391.5 198.333
4392.5 112
4393.5 154
4394.5 145
4395.5 120
4396.5 104
4397.5 111.333
4398.5 75.6667
4399.5 71
4400.5 59
4401.5 92.6667
4402.5 76.6667
4403.5 86.6667
4404.5 47
4405.5 54.3333
4406.5 43.6667
4407.5 19.6667
4408.5 51
4409.5 41.3333
4410.5 54
4411.5 100
4412.5 70.6667
4413.5 109.333
4414.5 77.3333
4415.5 105.333
4416.5 92.3333
4417.5 114.667
4418.5 126.667
4419.5 100
4420.5 106.333
4421.5 73.3333
4422.5 48.3333
4423.5 80
4424.5 67
4425.5 96.3333
4426.5 102
4427.5 87.3333
4428.5 114.667
4429.5 92
4430.5 94
4431.5 76.3333
4432.5 75.3333
4433.5 68
4434.5 66
4435.5 70.6667
4436.5 58.3333
4437.5 56.6667
4438.5 37
4439.5 70
4440.5 71.3333
4441.5 80.3333
4442.5 56
4443.5 72.6667
4444.5 83.3333
4445.5 79.6667
4446.5 86.6667
4447.5 98
4448.5 78
4449.5 83.6667
4450.5 107
4451.5 93.6667
4452.5 101
4453.5 95
4454.5 146.333
4455.5 230.667
4456.5 277.667
4457.5 320.333
4458.5 308
4459.5 218.333
4460.5 188.333
4461.5 192.333
4462.5 106.667
4463.5 144.333
4464.5 88
4465.5 74.6667
4466.5 91.6667
4467.5 69
4468.5 62.6667
4469.5 89.3333
4470.5 67
4471.5 67.6667
4472.5 75
4473.5 80
4474.5 81
4475.5 84
4476.5 78.3333
4477.5 83
4478.5 85.3333
4479.5 71.3333
4480.5 71.3333
4481.5 76
4482.5 86.6667
4483.5 89.6667
4484.5 97.3333
4485.5 98.6667
4486.5 89.3333
4487.5 90.3333
4488.5 60.6667
4489.5 88.3333
4490.5 79.6667
4491.5 78
4492.5 116.667
4493.5 96.3333
4494.5 128.667
4495.5 106.333
4496.5 165.667
4497.5 124
4498.5 130
4499.5 154
4500.5 101.333
4501.5 81.6667
4502.5 88
4503.5 93.6667
4504.5 121.333
4505.5 109.667
4506.5 88.3333
4507.5 110.333
4508.5 96.3333
4509.5 105.667
4510.5 78.6667
4511.5 68
4512.5 77.6667
4513.5 69
4514.5 68
4515.5 78.3333
4516.5 92.6667
4517.5 87.6667
4518.5 87
4519.5 104.667
4520.5 89.3333
4521.5 60.3333
4522.5 69.6667
4523.5 65.3333
4524.5 79.6667
4525.5 117.333
4526.5 86
4527.5 83.3333
4528.5 48.3333
4529.5 82
4530.5 65
4531.5 65
4532.5 76.6667
4533.5 81
4534.5 84.6667
4535.5 74
4536.5 85
4537.5 119.667
4538.5 89.6667
4539.5 83.6667
4540.5 99
4541.5 84.3333
4542.5 95
4543.5 80.6667
4544.5 96.6667
4545.5 77.6667
4546.5 96
4547.5 82.3333
4548.5 117
4549.5 149.667
4550.5 164.667
4551.5 188
4552.5 196
4553.5 221
4554.5 198.667
4555.5 172
4556.5 179
4557.5 208.333
4558.5 167
4559.5 141.667
4560.5 108.667
4561.5 106.333
4562.5 95
4563.5 119.667
4564.5 123
4565.5 115.667
4566.5 74
4567.5 83
4568.5 85.6667
4569.5 105.333
4570.5 94.3333
4571.5 91.3333
4572.5 81.6667
4573.5 110.667
4574.5 53.3333
4575.5 67.6667
4576.5 61.3333
4577.5 71.3333
4578.5 92
4579.5 96
4580.5 93.6667
4581.5 90.3333
4582.5 78.6667
4583.5 89.6667
4584.5 118.667
4585.5 107.333
4586.5 112
4587.5 116.333
4588.5 85
4589.5 105
4590.5 51.6667
4591.5 75.3333
4592.5 85.3333
4593.5 81.3333
4594.5 98.6667
4595.5 91
4596.5 60.3333
4597.5 84.3333
4598.5 95
4599.5 75.3333
4600.5 139.667
4601.5 116.667
4602.5 112
4603.5 124.667
4604.5 120.333
4605.5 152
4606.5 195.333
4607.5 121
4608.5 122.667
4609.5 83
4610.5 91.3333
4611.5 133.333
4612.5 76.3333
4613.5 85.6667
4614.5 100.333
4615.5 84.6667
4616.5 94.3333
4617.5 106.333
4618.5 100
4619.5 78.3333
4620.5 61
4621.5 101
4622.5 133
4623.5 99.3333
4624.5 157.667
4625.5 131.667
4626.5 169
4627.5 149.667
4628.5 119.667
4629.5 103
4630.5 100
4631.5 100.667
4632.5 82
4633.5 90.3333
4634.5 80.3333
4635.5 126.333
4636.5 115.333
4637.5 132.667
4638.5 175.333
4639.5 120.667
4640.5 160
4641.5 133.333
4642.5 120.667
4643.5 96.6667
4644.5 88.6667
4645.5 116
4646.5 82.3333
4647.5 100.333
4648.5 92.6667
4649.5 96
4650.5 59
4651.5 100
4652.5 108.667
4653.5 90
4654.5 97
4655.5 72
4656.5 111
4657.5 105
4658.5 88.3333
4659.5 91.3333
4660.5 105
4661.5 88.3333
4662.5 86.3333
4663.5 58.3333
4664.5 90.6667
4665.5 81.3333
4666.5 105.667
4667.5 88.3333
4668.5 90.3333
4669.5 89.3333
4670.5 75.6667
4671.5 69.3333
4672.5 56.3333
4673.5 73.6667
4674.5 73.3333
4675.5 66
4676.5 97.3333
4677.5 112.333
4678.5 86.6667
4679.5 109
4680.5 143
4681.5 160.333
4682.5 192
4683.5 196.333
4684.5 185.667
4685.5 191.667
4686.5 152.667
4687.5 108.667
4688.5 106
4689.5 120.667
4690.5 80.6667
4691.5 124.667
4692.5 112.667
4693.5 112.667
4694.5 126.667
4695.5 92.6667
4696.5 130
4697.5 121
4698.5 80.6667
4699.5 89.3333
4700.5 76
4701.5 86
4702.5 83.3333
4703.5 81.3333
4704.5 108.333
4705.5 93.6667
4706.5 70.3333
4707.5 85.6667
4708.5 88
4709.5 86
4710.5 119
4711.5 92.3333
4712.5 57.3333
4713.5 83
4714.5 78
4715.5 69
4716.5 79.3333
4717.5 81.6667
4718.5 80.3333
4719.5 97
4720.5 96
4721.5 98.6667
4722.5 100.667
4723.5 96.3333
4724.5 98
4725.5 114
4726.5 98.6667
4727.5 95.6667
4728.5 147
4729.5 107.667
4730.5 121.333
4731.5 90.3333
4732.5 74.6667
4733.5 82
4734.5 92
4735.5 56
4736.5 78
4737.5 71.6667
4738.5 91
4739.5 50.3333
4740.5 85.3333
4741.5 86.3333
4742.5 111.333
4743.5 102.333
4744.5 89.6667
4745.5 92.6667
4746.5 108.667
4747.5 105
4748.5 82.6667
4749.5 91
4750.5 81.3333
4751.5 90
4752.5 102.333
4753.5 73.3333
4754.5 61.6667
4755.5 81.6667
4756.5 84
4757.5 46
4758.5 78.3333
4759.5 56.6667
4760.5 84.3333
4761.5 96
4762.5 90.6667
4763.5 86.3333
4764.5 99
4765.5 83.3333
4766.5 79.3333
4767.5 86.6667
4768.5 57.3333
4769.5 80.3333
4770.5 104.667
4771.5 67.6667
4772.5 115
4773.5 77.3333
4774.5 96.3333
4775.5 68.6667
4776.5 64.3333
4777.5 66.6667
4778.5 101
4779.5 77.3333
4780.5 72.6667
4781.5 87.3333
4782.5 83.3333
4783.5 84.3333
4784.5 66.3333
4785.5 91.3333
4786.5 103.667
4787.5 154.667
4788.5 189.667
4789.5 214
4790.5 274
4791.5 350.333
4792.5 352.667
4793.5 277.333
4794.5 238.667
4795.5 165
4796.5 118
4797.5 94.3333
4798.5 96
4799.5 113.667
4800.5 90
4801.5 101.333
4802.5 100.667
4803.5 105
4804.5 137.333
4805.5 162
4806.5 260.667
4807.5 261
4808.5 206.333
4809.5 141.333
4810.5 113.667
4811.5 84.3333
4812.5 152.667
4813.5 109.333
4814.5 88.3333
4815.5 86
4816.5 98.3333
4817.5 82
4818.5 92.6667
4819.5 60.6667
4820.5 92
4821.5 84
4822.5 73.6667
4823.5 83.6667
4824.5 97.3333
4825.5 65.3333
4826.5 93
4827.5 77.3333
4828.5 86.6667
4829.5 85
4830.5 98.3333
4831.5 64
4832.5 75.6667
4833.5 101.667
4834.5 93
4835.5 116
4836.5 125.667
4837.5 152.667
4838.5 188
4839.5 261.667
4840.5 395.667
4841.5 571.667
4842.5 675.333
4843.5 807
4844.5 775.333
4845.5 603.333
4846.5 391.667
4847.5 218.667
4848.5 198.333
4849.5 120.667
4850.5 102.667
4851.5 123
4852.5 109.333
4853.5 90.3333
4854.5 120
4855.5 110
4856.5 113.333
4857.5 91.3333
4858.5 78.6667
4859.5 63
4860.5 90
4861.5 124.333
4862.5 94
4863.5 96
4864.5 91
4865.5 90.3333
4866.5 97.6667
4867.5 87
4868.5 103.333
4869.5 101.333
4870.5 109.333
4871.5 81
4872.5 98
4873.5 111.333
4874.5 91.6667
4875.5 114.667
4876.5 96.6667
4877.5 116
4878.5 98
4879.5 121.667
4880.5 43
4881.5 49
4882.5 70
4883.5 94.6667
4884.5 75.3333
4885.5 136.667
4886.5 94.3333
4887.5 98.3333
4888.5 113.667
4889.5 99.3333
4890.5 143
4891.5 120
4892.5 99
4893.5 86.3333
4894.5 99.6667
4895.5 77.3333
4896.5 93.6667
4897.5 85.6667
4898.5 119
4899.5 122.333
4900.5 141.667
4901.5 134.667
4902.5 190.333
4903.5 237.667
4904.5 270
4905.5 212
4906.5 231.667
4907.5 141.333
4908.5 140.333
4909.5 82
4910.5 91.3333
4911.5 79
4912.5 94.6667
4913.5 70
4914.5 58.6667
4915.5 51.3333
4916.5 67.3333
4917.5 15
4918.5 -25.6667
4919.5 -53.6667
4920.5 -4.66667
4921.5 35.6667
4922.5 84
4923.5 79.3333
4924.5 94.6667
4925.5 118
4926.5 92.3333
4927.5 110
4928.5 111.333
4929.5 92.6667
4930.5 98.6667
4931.5 90
4932.5 95.6667
4933.5 119.333
4934.5 75.6667
4935.5 104
4936.5 76
4937.5 96
4938.5 91.6667
4939.5 105.333
4940.5 114.333
4941.5 101.667
4942.5 77.3333
4943.5 89
4944.5 91.3333
4945.5 99.6667
4946.5 113.667
4947.5 98.6667
4948.5 88.6667
4949.5 107.667
4950.5 99.6667
4951.5 83.6667
4952.5 79.6667
4953.5 73.3333
4954.5 108.333
4955.5 109.333
4956.5 95
4957.5 99.3333
4958.5 124
4959.5 106.667
4960.5 119.667
4961.5 102.333
4962.5 106.333
4963.5 112.333
4964.5 158
4965.5 125.667
4966.5 114.333
4967.5 103
4968.5 115
4969.5 114
4970.5 112.667
4971.5 98.6667
4972.5 99.3333
4973.5 88.3333
4974.5 92.3333
4975.5 111.667
4976.5 88.6667
4977.5 92
4978.5 78
4979.5 113.333
4980.5 109.333
4981.5 127
4982.5 106.333
4983.5 109.667
4984.5 109.333
4985.5 114
4986.5 131.333
4987.5 120.333
4988.5 110.667
4989.5 88.6667
4990.5 103
4991.5 124
4992.5 117.667
4993.5 107.667
4994.5 98.6667
4995.5 94.3333
4996.5 67.6667
4997.5 82
4998.5 122.333
4999.5 97.6667
5000.5 84
5001.5 91
5002.5 109
5003.5 117.333
5004.5 132.333
5005.5 171.333
5006.5 180.667
5007.5 151.333
5008.5 148.333
5009.5 105
5010.5 146.667
5011.5 130.333
5012.5 95
5013.5 125
5014.5 114
5015.5 121
5016.5 97.3333
5017.5 128
5018.5 130
5019.5 90.6667
5020.5 82.6667
5021.5 116.667
5022.5 132
5023.5 107
5024.5 92
5025.5 99.6667
5026.5 118.333
5027.5 110.333
5028.5 110.333
5029.5 112.667
5030.5 91.6667
5031.5 119.667
5032.5 86.6667
5033.5 125.667
5034.5 115.333
5035.5 141
5036.5 105
5037.5 115.667
5038.5 110.667
5039.5 112.667
5040.5 114.333
5041.5 77.3333
5042.5 113.667
5043.5 124.333
5044.5 86
5045.5 121
5046.5 124
5047.5 90.3333
5048.5 77
5049.5 94.6667
5050.5 94.6667
5051.5 86.6667
5052.5 113.667
5053.5 79
5054.5 97
5055.5 102
5056.5 121.333
5057.5 147
5058.5 120.667
5059.5 112.667
5060.5 104
5061.5 108.667
5062.5 112.333
5063.5 102.667
5064.5 106.333
5065.5 108.333
5066.5 98.3333
5067.5 102
5068.5 106.667
5069.5 119.667
5070.5 88.3333
5071.5 118.667
5072.5 107
5073.5 123.333
5074.5 117.667
5075.5 109.667
5076.5 95.6667
5077.5 93.3333
5078.5 107
5079.5 129.333
5080.5 82.6667
5081.5 96.6667
5082.5 98.3333
5083.5 96
5084.5 117
5085.5 119
5086.5 107.667
5087.5 107.333
5088.5 94.6667
5089.5 136.667
5090.5 126.333
5091.5 102.333
5092.5 115.333
5093.5 106.667
5094.5 139
5095.5 131.333
5096.5 111.667
5097.5 112.667
5098.5 114.667
5099.5 105
5100.5 125.667
5101.5 69.3333
5102.5 145.667
5103.5 129
5104.5 102.333
5105.5 113.667
5106.5 88.3333
5107.5 123
5108.5 103.333
5109.5 95.3333
5110.5 132
5111.5 103
5112.5 98.3333
5113.5 123
5114.5 119.667
5115.5 161.333
5116.5 143
5117.5 128.333
5118.5 122.667
5119.5 106.333
5120.5 120
5121.5 104.667
5122.5 105.667
5123.5 103
5124.5 66
5125.5 112.667
5126.5 112
5127.5 109
5128.5 92.3333
5129.5 84.3333
5130.5 100
5131.5 90.3333
5132.5 110.667
5133.5 83.6667
5134.5 101
5135.5 120.333
5136.5 107.667
5137.5 121.333
5138.5 83
5139.5 122
5140.5 99
5141.5 107.333
5142.5 88.6667
5143.5 93.3333
5144.5 101.333
5145.5 96.6667
5146.5 73
5147.5 119.333
5148.5 97.6667
5149.5 83.3333
5150.5 97.6667
5151.5 86.6667
5152.5 100
5153.5 126.667
5154.5 90.3333
5155.5 108.333
5156.5 103
5157.5 93.6667
5158.5 75.6667
5159.5 82.3333
5160.5 115.333
5161.5 96
5162.5 89.3333
5163.5 81.6667
5164.5 99
5165.5 83.6667
5166.5 106.333
5167.5 85.6667
5168.5 84
5169.5 93.3333
5170.5 99
5171.5 121.333
5172.5 75
5173.5 99.3333
5174.5 76.6667
5175.5 87
5176.5 96
5177.5 77.6667
5178.5 84.6667
5179.5 88.3333
5180.5 110
5181.5 67.6667
5182.5 78.3333
5183.5 69.3333
5184.5 103.333
5185.5 88.3333
5186.5 96.3333
5187.5 115.333
5188.5 119
5189.5 146.667
5190.5 176
5191.5 207.333
5192.5 308.333
5193.5 372.333
5194.5 462.333
5195.5 447.333
5196.5 451
5197.5 317.333
5198.5 194.667
5199.5 130
5200.5 103.667
5201.5 98.6667
5202.5 114
5203.5 111.333
5204.5 108.333
5205.5 90.3333
5206.5 62.6667
5207.5 84.6667
5208.5 65.6667
5209.5 93.3333
5210.5 80.3333
5211.5 79
5212.5 77.3333
5213.5 91.6667
5214.5 81
5215.5 69
5216.5 83
5217.5 72.3333
5218.5 84.6667
5219.5 79.6667
5220.5 77
5221.5 64.3333
5222.5 85.3333
5223.5 84.3333
5224.5 80.3333
5225.5 91
5226.5 90
5227.5 65.3333
5228.5 101
5229.5 87.6667
5230.5 69.3333
5231.5 97
5232.5 91
5233.5 65.6667
5234.5 68.6667
5235.5 128
5236.5 116.333
5237.5 161.667
5238.5 163.667
5239.5 178.333
5240.5 168.333
5241.5 162
5242.5 106
5243.5 102.667
5244.5 89.6667
5245.5 79.6667
5246.5 84
5247.5 93
5248.5 80
5249.5 83.6667
5250.5 81.3333
5251.5 56.6667
5252.5 89.6667
5253.5 64.3333
5254.5 82.3333
5255.5 51.6667
5256.5 70.3333
5257.5 74.6667
5258.5 82.6667
5259.5 78.3333
5260.5 71.3333
5261.5 89
5262.5 80.6667
5263.5 62.3333
5264.5 48.3333
5265.5 74
5266.5 46.3333
5267.5 57
5268.5 44.6667
5269.5 46.6667
5270.5 75.6667
5271.5 39.6667
5272.5 44
5273.5 51.3333
5274.5 66.3333
5275.5 54.3333
5276.5 66.6667
5277.5 44.6667
5278.5 65.6667
5279.5 61
5280.5 71.6667
5281.5 60.3333
5282.5 41.3333
5283.5 45
5284.5 52.6667
5285.5 58
5286.5 42.6667
5287.5 63
5288.5 17.6667
5289.5 41
5290.5 47.6667
5291.5 32
5292.5 63.6667
5293.5 54
5294.5 56
5295.5 67.6667
5296.5 82.6667
5297.5 132
5298.5 189.667
5299.5 233.333
5300.5 375.667
5301.5 520.333
5302.5 729.333
5303.5 870.333
5304.5 827
5305.5 667
5306.5 413
5307.5 208.667
5308.5 139
5309.5 85.3333
5310.5 85.6667
5311.5 88.3333
5312.5 87
5313.5 166.333
5314.5 196.667
5315.5 293
5316.5 337.667
5317.5 393.333
5318.5 469.667
5319.5 473.333
5320.5 374.333
5321.5 258.667
5322.5 174.333
5323.5 146.333
5324.5 103
5325.5 70.6667
5326.5 83.3333
5327.5 62.6667
5328.5 60.3333
5329.5 77.3333
5330.5 76
5331.5 55.3333
5332.5 83
5333.5 74.6667
5334.5 63
5335.5 66.3333
5336.5 66.6667
5337.5 63.6667
5338.5 63.6667
5339.5 71.3333
5340.5 76.3333
5341.5 75.6667
5342.5 89.3333
5343.5 86
5344.5 64.6667
5345.5 71.3333
5346.5 71.3333
5347.5 126.667
5348.5 157.333
5349.5 260.333
5350.5 486.667
5351.5 771.667
5352.5 1218.67
5353.5 1590.67
5354.5 2072.33
5355.5 2219.33
5356.5 1820
5357.5 1156
5358.5 608.667
5359.5 274.667
5360.5 152
5361.5 81.3333
5362.5 64
5363.5 66.6667
5364.5 59.6667
5365.5 63
5366.5 54
5367.5 54.6667
5368.5 65.6667
5369.5 65.3333
5370.5 42
5371.5 19.6667
5372.5 29
5373.5 46.3333
5374.5 58.3333
5375.5 15.6667
5376.5 53
5377.5 48.6667
5378.5 56.3333
5379.5 39.3333
5380.5 42
5381.5 38.3333
5382.5 71
5383.5 52.3333
5384.5 28
5385.5 15.3333
5386.5 6.33333
5387.5 48
5388.5 54.3333
5389.5 69.3333
5390.5 47
5391.5 52
5392.5 85
5393.5 65.3333
5394.5 45.6667
5395.5 86.3333
5396.5 68
5397.5 106.667
5398.5 109.667
5399.5 81
5400.5 62.3333
5401.5 24
5402.5 60.3333
5403.5 34.6667
5404.5 63
5405.5 34.6667
5406.5 57.3333
5407.5 54.3333
5408.5 66
5409.5 54
5410.5 37.6667
5411.5 40.6667
5412.5 57.6667
5413.5 61
5414.5 38.6667
5415.5 49.3333
5416.5 29.6667
5417.5 44.6667
5418.5 49
5419.5 52.6667
5420.5 40.3333
5421.5 36.3333
5422.5 47
5423.5 30.6667
5424.5 33.3333
5425.5 36.3333
5426.5 47.6667
5427.5 50
5428.5 49
5429.5 30
5430.5 53
5431.5 29
5432.5 37
5433.5 49.3333
5434.5 49.3333
5435.5 60
5436.5 49.3333
5437.5 41.6667
5438.5 49
5439.5 49.6667
5440.5 55.6667
5441.5 34.3333
5442.5 43.6667
5443.5 54.3333
5444.5 68.3333
5445.5 33.3333
5446.5 27
5447.5 37.6667
5448.5 41.3333
5449.5 31.6667
5450.5 32
5451.5 61.6667
5452.5 34.3333
5453.5 60.3333
5454.5 45
5455.5 76.3333
5456.5 61.6667
5457.5 75.6667
5458.5 80
5459.5 63.3333
5460.5 57.3333
5461.5 45
5462.5 64.6667
5463.5 50.6667
5464.5 60
5465.5 24
5466.5 30.3333
5467.5 61.6667
5468.5 47.6667
5469.5 24
5470.5 68.3333
5471.5 61.3333
5472.5 45.3333
5473.5 36.6667
5474.5 46.6667
5475.5 72.3333
5476.5 82
5477.5 94.3333
5478.5 71.6667
5479.5 60
5480.5 46
5481.5 40
5482.5 38.6667
5483.5 32.3333
5484.5 33.6667
5485.5 30.6667
5486.5 48.6667
5487.5 41.6667
5488.5 40.6667
5489.5 40.6667
5490.5 34.3333
5491.5 57
5492.5 62.6667
5493.5 52.6667
5494.5 50
5495.5 75
5496.5 47.6667
5497.5 58.6667
5498.5 35
5499.5 38.6667
5500.5 46
5501.5 45.6667
5502.5 65.3333
5503.5 61.3333
5504.5 66
5505.5 35.6667
5506.5 51.3333
5507.5 40.6667
5508.5 59.3333
5509.5 42.3333
5510.5 44.6667
5511.5 49.3333
5512.5 60.3333
5513.5 46.6667
5514.5 39
5515.5 50.6667
5516.5 66.3333
5517.5 40
5518.5 50.6667
5519.5 91.6667
5520.5 89
5521.5 83.6667
5522.5 87.6667
5523.5 117
5524.5 119.667
5525.5 90
5526.5 89.6667
5527.5 77.3333
5528.5 60.3333
5529.5 71.6667
5530.5 62
5531.5 70.3333
5532.5 55.6667
5533.5 55
5534.5 83
5535.5 77.6667
5536.5 110.667
5537.5 91.3333
5538.5 68
5539.5 68.6667
5540.5 58.3333
5541.5 50
5542.5 33
5543.5 48.6667
5544.5 38.6667
5545.5 52
5546.5 49
5547.5 37
5548.5 42.6667
5549.5 57.6667
5550.5 42.6667
5551.5 56.3333
5552.5 55.3333
5553.5 65
5554.5 38.3333
5555.5 65.3333
5556.5 62
5557.5 59.6667
5558.5 56.3333
5559.5 58
5560.5 56
5561.5 47
5562.5 57.3333
5563.5 57
5564.5 19.6667
5565.5 48.6667
5566.5 57
5567.5 55.3333
5568.5 57
5569.5 51.6667
5570.5 56
5571.5 63.6667
5572.5 61.6667
5573.5 74.6667
5574.5 44.3333
5575.5 46.3333
5576.5 91.3333
5577.5 51.6667
5578.5 96.3333
5579.5 72.3333
5580.5 106.667
5581.5 82.3333
5582.5 63.6667
5583.5 32
5584.5 38.3333
5585.5 60.3333
5586.5 55.3333
5587.5 56.6667
5588.5 60.3333
5589.5 70
5590.5 42.3333
5591.5 49
5592.5 48.6667
5593.5 27.3333
5594.5 50.3333
5595.5 50.3333
5596.5 44
5597.5 55
5598.5 43.6667
5599.5 54.6667
5600.5 30.6667
5601.5 44
5602.5 44.6667
5603.5 54
5604.5 40.6667
5605.5 52.3333
5606.5 38.6667
5607.5 44.3333
5608.5 58
5609.5 45.3333
5610.5 42.6667
5611.5 55.3333
5612.5 60
5613.5 52.6667
5614.5 45
5615.5 44.3333
5616.5 19
5617.5 74.6667
5618.5 43.3333
5619.5 47
5620.5 45.6667
5621.5 44
5622.5 60.6667
5623.5 85.6667
5624.5 62.6667
5625.5 88.3333
5626.5 97
5627.5 127
5628.5 135.333
5629.5 129.333
5630.5 99.3333
5631.5 64.3333
5632.5 47
5633.5 44.6667
5634.5 48
5635.5 40.6667
5636.5 52.3333
5637.5 34.3333
5638.5 31
5639.5 67
5640.5 51
5641.5 51.3333
5642.5 57
5643.5 49
5644.5 53
5645.5 37.3333
5646.5 51.3333
5647.5 45.6667
5648.5 41
5649.5 38.6667
5650.5 30.3333
5651.5 51
5652.5 56.6667
5653.5 36.3333
5654.5 33
5655.5 31
5656.5 37.3333
5657.5 33.6667
5658.5 49
5659.5 37
5660.5 45.6667
5661.5 31.3333
5662.5 60.3333
5663.5 20.6667
5664.5 42.6667
5665.5 29.6667
5666.5 46
5667.5 49
5668.5 58
5669.5 63.3333
5670.5 47.3333
5671.5 43.6667
5672.5 39.6667
5673.5 51.3333
5674.5 53
5675.5 55
5676.5 41.6667
5677.5 35
5678.5 26
5679.5 27.6667
5680.5 40.3333
5681.5 57.6667
5682.5 34.3333
5683.5 37
5684.5 38.6667
5685.5 19.6667
5686.5 53
5687.5 39.3333
5688.5 44
5689.5 30.6667
5690.5 53.3333
5691.5 36.6667
5692.5 47
5693.5 26.3333
5694.5 47.6667
5695.5 30
5696.5 35.6667
5697.5 49
5698.5 31.3333
5699.5 43
5700.5 46.6667
5701.5 41
5702.5 40
5703.5 41.6667
5704.5 41.6667
5705.5 29.6667
5706.5 36
5707.5 40.6667
5708.5 38.3333
5709.5 61
5710.5 58
5711.5 84
5712.5 92.6667
5713.5 92
5714.5 79.6667
5715.5 102.333
5716.5 76
5717.5 53.6667
5718.5 37
5719.5 34
5720.5 57.3333
5721.5 44.3333
5722.5 80.6667
5723.5 31
5724.5 56.6667
5725.5 26.3333
5726.5 39.3333
5727.5 46
5728.5 46.6667
5729.5 34.6667
5730.5 44.6667
5731.5 48.6667
5732.5 30
5733.5 36.6667
5734.5 43
5735.5 65.3333
5736.5 31
5737.5 37
5738.5 23
5739.5 28
5740.5 24
5741.5 48.6667
5742.5 24.3333
5743.5 20.6667
5744.5 15.6667
5745.5 28
5746.5 38.3333
5747.5 29.6667
5748.5 51.3333
5749.5 33
5750.5 43.6667
5751.5 60
5752.5 43.6667
5753.5 55
5754.5 35.3333
5755.5 65.6667
5756.5 61.6667
5757.5 49.3333
5758.5 34.3333
5759.5 46.3333
5760.5 40.3333
5761.5 17.6667
5762.5 21.3333
5763.5 53.3333
5764.5 25
5765.5 29.3333
5766.5 31.6667
5767.5 32.3333
5768.5 41.6667
5769.5 32
5770.5 39
5771.5 11
5772.5 25.3333
5773.5 43
5774.5 20.6667
5775.5 33
5776.5 30.6667
5777.5 45.3333
5778.5 30
5779.5 35
5780.5 39.6667
5781.5 34.3333
5782.5 44.6667
5783.5 27
5784.5 19.3333
5785.5 23.6667
5786.5 26.3333
5787.5 42.3333
5788.5 30.3333
5789.5 32.6667
5790.5 44
5791.5 23
5792.5 27.3333
5793.5 34.6667
5794.5 17
5795.5 25.3333
5796.5 14.3333
5797.5 28.3333
5798.5 46
5799.5 26.6667
5800.5 24
5801.5 21
5802.5 36
5803.5 20
5804.5 39.6667
5805.5 22
5806.5 38.6667
5807.5 42
5808.5 21.3333
5809.5 31.3333
5810.5 45
5811.5 44
5812.5 53
5813.5 67.6667
5814.5 66
5815.5 107
5816.5 118.333
5817.5 101
5818.5 115.667
5819.5 81.6667
5820.5 71.6667
5821.5 87.3333
5822.5 99.6667
5823.5 156.667
5824.5 243.667
5825.5 335.667
5826.5 500.333
5827.5 716.667
5828.5 966
5829.5 1148.67
5830.5 1107.67
5831.5 880
5832.5 594
5833.5 387.333
5834.5 261
5835.5 182.333
5836.5 119.667
5837.5 68.3333
5838.5 26.6667
5839.5 36.3333
5840.5 23.6667
5841.5 48
5842.5 67.6667
5843.5 36.3333
5844.5 40.3333
5845.5 40.6667
5846.5 14.6667
5847.5 25.3333
5848.5 19.3333
5849.5 29.3333
5850.5 19
5851.5 33
5852.5 22
5853.5 31.3333
5854.5 25
5855.5 32
5856.5 35.3333
5857.5 16
5858.5 9.66667
5859.5 22.6667
5860.5 14.3333
5861.5 23.3333
5862.5 27.3333
5863.5 11.6667
5864.5 22
5865.5 22
5866.5 14
5867.5 26
5868.5 22
5869.5 7.33333
5870.5 23.3333
5871.5 30.3333
5872.5 13.3333
5873.5 21.6667
5874.5 -2
5875.5 26.6667
5876.5 24.6667
5877.5 24.3333
5878.5 22.3333
5879.5 33.3333
5880.5 33.6667
5881.5 25
5882.5 22
5883.5 12
5884.5 24.3333
5885.5 19.3333
5886.5 17.3333
5887.5 20
5888.5 15
5889.5 20.6667
5890.5 38
5891.5 12.3333
5892.5 26.6667
5893.5 19
5894.5 26.3333
5895.5 36.6667
5896.5 10.3333
5897.5 49
5898.5 38
5899.5 34.3333
5900.5 -12.3333
5901.5 20
5902.5 4.99999
5903.5 26.6667
5904.5 30
5905.5 28
5906.5 29
5907.5 28
5908.5 27
5909.5 36.6667
5910.5 40.6667
5911.5 41
5912.5 41.6667
5913.5 6.33333
5914.5 39
5915.5 25.3333
5916.5 26.6667
5917.5 30.3333
5918.5 26.3333
5919.5 15
5920.5 18.3333
5921.5 39
5922.5 25
5923.5 17.3333
5924.5 15
5925.5 26.3333
5926.5 25.6667
5927.5 29
5928.5 13.6667
5929.5 30.6667
5930.5 4.66667
5931.5 13.3333
5932.5 36
5933.5 -1.33333
5934.5 14.6667
5935.5 20.3333
5936.5 25
5937.5 28.3333
5938.5 11
5939.5 26
5940.5 18
5941.5 10
5942.5 11
5943.5 18.3333
5944.5 28.3333
5945.5 23.3333
5946.5 18.6667
5947.5 27.3333
5948.5 18
5949.5 30.3333
5950.5 11
5951.5 28
5952.5 14.6667
5953.5 23.6667
5954.5 11
5955.5 21.6667
5956.5 28.3333
5957.5 25
5958.5 20
5959.5 16.6667
5960.5 37
5961.5 11
5962.5 38
5963.5 41.6667
5964.5 55.3333
5965.5 68.3333
5966.5 99.6667
5967.5 130
5968.5 102
5969.5 88.3333
5970.5 74.3333
5971.5 59.6667
5972.5 34.6667
5973.5 49.3333
5974.5 16.3333
5975.5 23
5976.5 38.6667
5977.5 11.6667
5978.5 6
5979.5 20.6667
5980.5 16.3333
5981.5 25.6667
5982.5 24
5983.5 38.6667
5984.5 21.3333
5985.5 14.3333
5986.5 9
5987.5 22
5988.5 24.6667
5989.5 30
5990.5 9.66667
5991.5 16.3333
5992.5 25
5993.5 18.3333
5994.5 35
5995.5 17
5996.5 27.6667
5997.5 19
5998.5 35.3333
5999.5 17.6667
6000.5 32
6001.5 18.6667
6002.5 72.6667
6003.5 16.6667
6004.5 10
6005.5 36.3333
6006.5 7.33333
6007.5 12
6008.5 21.6667
6009.5 4.33333
6010.5 35.6667
6011.5 22
6012.5 18
6013.5 14.6667
6014.5 18
6015.5 29.6667
6016.5 23
6017.5 20.6667
6018.5 24.6667
6019.5 23
6020.5 24
6021.5 24.3333
6022.5 27.3333
6023.5 10
6024.5 30
6025.5 14.3333
6026.5 40.6667
6027.5 25.6667
6028.5 33.3333
6029.5 51
6030.5 76.3333
6031.5 78
6032.5 134.667
6033.5 148.333
6034.5 126
6035.5 99
6036.5 105.667
6037.5 74.3333
6038.5 78
6039.5 77.6667
6040.5 46
6041.5 41.6667
6042.5 48.6667
6043.5 30.6667
6044.5 23.3333
6045.5 14.6667
6046.5 38
6047.5 15.3333
6048.5 21
6049.5 27
6050.5 23
6051.5 14.3333
6052.5 18
6053.5 8.66667
6054.5 14.3333
6055.5 35
6056.5 19.6667
6057.5 34.6667
6058.5 27
6059.5 16.3333
6060.5 17.6667
6061.5 18.6667
6062.5 33.6667
6063.5 28.3333
6064.5 39.3333
6065.5 22
6066.5 28.3333
6067.5 30
6068.5 38.6667
6069.5 26.3333
6070.5 18
6071.5 22.3333
6072.5 22
6073.5 18
6074.5 31.3333
6075.5 29.6667
6076.5 22
6077.5 35.6667
6078.5 16.6667
6079.5 5.66667
6080.5 21
6081.5 22.3333
6082.5 31
6083.5 19
6084.5 29
6085.5 16.3333
6086.5 37.6667
6087.5 19.6667
6088.5 39.3333
6089.5 32.3333
6090.5 21.3333
6091.5 17.3333
6092.5 19.6667
6093.5 17.3333
6094.5 11.6667
6095.5 18.3333
6096.5 17
6097.5 23.3333
6098.5 28.6667
6099.5 36.6667
6100.5 19.6667
6101.5 26.3333
6102.5 26.6667
6103.5 31.3333
6104.5 29.6667
6105.5 40.6667
6106.5 36.3333
6107.5 17.3333
6108.5 26
6109.5 18.3333
6110.5 27.6667
6111.5 10
6112.5 16.3333
6113.5 22.6667
6114.5 30
6115.5 21
6116.5 27
6117.5 23.3333
6118.5 15.3333
6119.5 38
6120.5 33
6121.5 34
6122.5 21.3333
6123.5 0.333328
6124.5 -18.3333
6125.5 7.33333
6126.5 54.6667
6127.5 56
6128.5 4
6129.5 9
6130.5 14.6667
6131.5 18.6667
6132.5 10.3333
6133.5 27.3333
6134.5 27.6667
6135.5 16
6136.5 23.6667
6137.5 28
6138.5 22.6667
6139.5 23.3333
6140.5 20
6141.5 30
6142.5 25.6667
6143.5 32.3333
6144.5 16.6667
6145.5 22.6667
6146.5 34.3333
6147.5 29
6148.5 15.6667
6149.5 18
6150.5 33.3333
6151.5 28.3333
6152.5 38.6667
6153.5 35.3333
6154.5 29.3333
6155.5 23
6156.5 30.6667
6157.5 17
6158.5 11.3333
6159.5 20
6160.5 20.6667
6161.5 15
6162.5 16
6163.5 24.6667
6164.5 24
6165.5 23.3333
6166.5 13.6667
6167.5 8
6168.5 16.6667
6169.5 16.6667
6170.5 13
6171.5 24.6667
6172.5 20
6173.5 9.66667
6174.5 17.3333
6175.5 19
6176.5 15.3333
6177.5 6
6178.5 31
6179.5 18.6667
6180.5 8.66667
6181.5 15.6667
6182.5 15.6667
6183.5 14.6667
6184.5 30
6185.5 23
6186.5 18
6187.5 15.3333
6188.5 15.6667
6189.5 32.3333
6190.5 18
6191.5 18
6192.5 12.6667
6193.5 9
6194.5 19
6195.5 12
6196.5 16.6667
6197.5 25.3333
6198.5 20.6667
6199.5 15.6667
6200.5 10.6667
6201.5 17.6667
6202.5 12.3333
6203.5 20
6204.5 20.3333
6205.5 23.6667
6206.5 20
6207.5 8.33333
6208.5 28.3333
6209.5 16.3333
6210.5 21.3333
6211.5 26
6212.5 13
6213.5 16
6214.5 22
6215.5 25.6667
6216.5 18.3333
6217.5 25
6218.5 36.3333
6219.5 46.3333
6220.5 70
6221.5 73.3333
6222.5 109.667
6223.5 141.667
6224.5 150.333
6225.5 156.333
6226.5 131
6227.5 83.6667
6228.5 69
6229.5 30.6667
6230.5 26
6231.5 23
6232.5 18.3333
6233.5 14.6667
6234.5 17
6235.5 16.6667
6236.5 19.6667
6237.5 9.33333
6238.5 12
6239.5 24.3333
6240.5 13
6241.5 23.6667
6242.5 15.3333
6243.5 14.6667
6244.5 10.3333
6245.5 7.66667
6246.5 26.3333
6247.5 11.6667
6248.5 11.6667
6249.5 16.3333
6250.5 28
6251.5 26
6252.5 19
6253.5 21.3333
6254.5 19.6667
6255.5 9
6256.5 33.6667
6257.5 60.3333
6258.5 33.6667
6259.5 72.3333
6260.5 76.6667
6261.5 60.6667
6262.5 48.6667
6263.5 38
6264.5 18.3333
6265.5 22
6266.5 23.3333
6267.5 8.66667
6268.5 17.6667
6269.5 13.6667
6270.5 11
6271.5 22
6272.5 14.6667
6273.5 5
6274.5 10
6275.5 11.3333
6276.5 11
6277.5 12.6667
6278.5 5
6279.5 15
6280.5 21
6281.5 14.6667
6282.5 9.33333
6283.5 24.6667
6284.5 23.3333
6285.5 12
6286.5 20
6287.5 16.3333
6288.5 20.6667
6289.5 14.6667
6290.5 16
6291.5 13.3333
6292.5 10.3333
6293.5 22.6667
6294.5 16.6667
6295.5 15
6296.5 11
6297.5 13.6667
6298.5 9
6299.5 23.3333
6300.5 12.3333
6301.5 16.3333
6302.5 10.3333
6303.5 17
6304.5 7.33333
6305.5 -1.66667
6306.5 11.3333
6307.5 11
6308.5 10
6309.5 1.66667
6310.5 20.3333
6311.5 19.6667
6312.5 13
6313.5 1
6314.5 10
6315.5 7
6316.5 14.3333
6317.5 15.6667
6318.5 12.6667
6319.5 20
6320.5 27.6667
6321.5 23
6322.5 41
6323.5 77.3333
6324.5 97.3333
6325.5 131
6326.5 150.667
6327.5 173.667
6328.5 189.333
6329.5 148.333
6330.5 79.3333
6331.5 58
6332.5 32
6333.5 36.3333
6334.5 31.3333
6335.5 25.3333
6336.5 19.3333
6337.5 20.6667
6338.5 15.6667
6339.5 13
6340.5 13.6667
6341.5 14
6342.5 2.66667
6343.5 20
6344.5 12
6345.5 5.33333
6346.5 11.6667
6347.5 -4.76837e-07
6348.5 11.6667
6349.5 10.3333
6350.5 7.33333
6351.5 6.33333
6352.5 22.3333
6353.5 21
6354.5 17
6355.5 3.66667
6356.5 5.66667
6357.5 16.6667
6358.5 8.33333
6359.5 16
6360.5 8.66667
6361.5 18
6362.5 10.6667
6363.5 16
6364.5 4
6365.5 6.66667
6366.5 5.33333
6367.5 -2
6368.5 11.3333
6369.5 -2.66667
6370.5 12.3333
6371.5 10
6372.5 9
6373.5 14.3333
6374.5 10
6375.5 9
6376.5 13.3333
6377.5 17.3333
6378.5 2.66667
6379.5 5.66667
6380.5 5.66667
6381.5 11
6382.5 11.6667
6383.5 9.33333
6384.5 14.6667
6385.5 11.3333
6386.5 2.66667
6387.5 4
6388.5 5.66667
6389.5 11.3333
6390.5 3.33333
6391.5 4.33333
6392.5 25.3333
6393.5 9.33333
6394.5 0.666666
6395.5 10.6667
6396.5 12.3333
6397.5 14.6667
6398.5 11.3333
6399.5 17.6667
6400.5 7
6401.5 11.6667
6402.5 10.6667
6403.5 8.66667
6404.5 4.66667
6405.5 19.3333
6406.5 6.66667
6407.5 10.3333
6408.5 1.33333
6409.5 6.66667
6410.5 12.3333
6411.5 3
6412.5 10.3333
6413.5 12.6667
6414.5 -0.333334
6415.5 13.6667
6416.5 20.3333
6417.5 11.6667
6418.5 22.6667
6419.5 26.3333
6420.5 22.6667
6421.5 9
6422.5 31
6423.5 17
6424.5 33
6425.5 23.3333
6426.5 32
6427.5 20.6667
6428.5 19.6667
6429.5 29
6430.5 37.6667
6431.5 44.6667
6432.5 61.3333
6433.5 29
6434.5 20.6667
6435.5 19.3333
6436.5 13
6437.5 6.33333
6438.5 16.3333
6439.5 14.6667
6440.5 16.6667
6441.5 -1
6442.5 11
6443.5 17.3333
6444.5 6.66667
6445.5 13
6446.5 12
6447.5 2.33333
6448.5 1.33333
6449.5 13.3333
6450.5 25
6451.5 16.3333
6452.5 17.3333
6453.5 11
6454.5 13
6455.5 17.3333
6456.5 6
6457.5 12
6458.5 18
6459.5 11.6667
6460.5 13.6667
6461.5 20
6462.5 12.6667
6463.5 15.6667
6464.5 21.3333
6465.5 19
6466.5 19.6667
6467.5 16
6468.5 10.3333
6469.5 17.6667
6470.5 8
6471.5 18.6667
6472.5 19
6473.5 35
6474.5 64.6667
6475.5 74.3333
6476.5 116.333
6477.5 165.667
6478.5 194
6479.5 227
6480.5 189.667
6481.5 173.333
6482.5 96
6483.5 72.3333
6484.5 33.6667
6485.5 16.3333
6486.5 11.6667
6487.5 14.6667
6488.5 17
6489.5 9.33333
6490.5 13.6667
6491.5 10.6667
6492.5 15.6667
6493.5 11.3333
6494.5 14.6667
6495.5 4.33333
6496.5 6
6497.5 14
6498.5 3.66667
6499.5 6.66667
6500.5 16.6667
6501.5 4.66667
6502.5 6.33333
6503.5 22
6504.5 12.3333
6505.5 8.33333
6506.5 9.66667
6507.5 18.3333
6508.5 15
6509.5 7.66667
6510.5 19
6511.5 11.3333
6512.5 15.3333
6513.5 9.33333
6514.5 15.6667
6515.5 0.666666
6516.5 8
6517.5 2
6518.5 10.3333
6519.5 6.33333
6520.5 12
6521.5 13.6667
6522.5 13.6667
6523.5 5.33333
6524.5 10.6667
6525.5 10.6667
6526.5 7.66667
6527.5 8.33333
6528.5 16.3333
6529.5 6.33333
6530.5 14.3333
6531.5 -2
6532.5 8.66667
6533.5 6.33333
6534.5 18.3333
6535.5 6.33333
6536.5 4.66667
6537.5 13.6667
6538.5 5
6539.5 14.6667
6540.5 14
6541.5 10
6542.5 17.3333
6543.5 12.6667
6544.5 7.66667
6545.5 -2.66667
6546.5 16.3333
6547.5 5.66667
6548.5 7.66667
6549.5 24
6550.5 6.66667
6551.5 11.6667
6552.5 5.66667
6553.5 9
6554.5 8
6555.5 5.66667
6556.5 10.3333
6557.5 19
6558.5 12
6559.5 1.66667
6560.5 5
6561.5 8.33333
6562.5 4
6563.5 14.3333
6564.5 20
6565.5 15.6667
6566.5 -2
6567.5 13.6667
6568.5 10.6667
6569.5 8.66667
6570.5 18.3333
6571.5 6
6572.5 14.3333
6573.5 19
6574.5 21.6667
6575.5 14.6667
6576.5 28.6667
6577.5 30.6667
6578.5 41.3333
6579.5 43.6667
6580.5 20
6581.5 24
6582.5 -1.66667
6583.5 6
6584.5 7
6585.5 7.33333
6586.5 8
6587.5 3.66667
6588.5 12.3333
6589.5 10.3333
6590.5 8.33333
6591.5 10.6667
6592.5 17.3333
6593.5 7.66667
6594.5 7.33333
6595.5 10.6667
6596.5 17.6667
6597.5 6
6598.5 11.6667
6599.5 21.6667
6600.5 23.6667
6601.5 16.3333
6602.5 2
6603.5 6.33333
6604.5 7.66667
6605.5 13
6606.5 4
6607.5 14
6608.5 3
6609.5 10.3333
6610.5 9.33333
6611.5 6.66667
6612.5 19.3333
6613.5 15.6667
6614.5 4.66667
6615.5 19.6667
6616.5 5
6617.5 14
6618.5 6
6619.5 8.33333
6620.5 8
6621.5 8.33333
6622.5 9
6623.5 12.6667
6624.5 16
6625.5 1.33333
6626.5 4
6627.5 13
6628.5 22.3333
6629.5 10
6630.5 12.6667
6631.5 13
6632.5 3.33333
6633.5 7.33333
6634.5 10
6635.5 16
6636.5 9
6637.5 13.3333
6638.5 5.33333
6639.5 10.6667
6640.5 4.33333
6641.5 6.66667
6642.5 8.66667
6643.5 6
6644.5 4.66667
6645.5 7.66667
6646.5 7.33333
6647.5 5.33333
6648.5 22
6649.5 15
6650.5 18.3333
6651.5 21.6667
6652.5 12
6653.5 16.6667
6654.5 14.3333
6655.5 8.33333
6656.5 6.33333
6657.5 13.3333
6658.5 15
6659.5 4
6660.5 5.33333
6661.5 5
6662.5 10.6667
6663.5 8.66667
6664.5 5
6665.5 8.66667
6666.5 8.33333
6667.5 14
6668.5 8.33333
6669.5 9.66667
6670.5 16.6667
6671.5 8.33333
6672.5 11.3333
6673.5 14.6667
6674.5 14.3333
6675.5 15.6667
6676.5 9.33333
6677.5 19.6667
6678.5 -2.33333
6679.5 2.33333
6680.5 3.66667
6681.5 4.33333
6682.5 18.3333
6683.5 6.33333
6684.5 12.6667
6685.5 2.33333
6686.5 2.33333
6687.5 9.66667
6688.5 18
6689.5 14.6667
6690.5 8
6691.5 3.66667
6692.5 8.66667
6693.5 7
6694.5 7
6695.5 9
6696.5 8.33333
6697.5 5
6698.5 8
6699.5 10
6700.5 11.3333
6701.5 3
6702.5 12
6703.5 13
6704.5 7.66667
6705.5 3.66667
6706.5 15.6667
6707.5 13
6708.5 -0.666667
6709.5 14.3333
6710.5 6
6711.5 10.6667
6712.5 17
6713.5 10.6667
6714.5 7
6715.5 10.3333
6716.5 8
6717.5 6
6718.5 8
6719.5 6.66667
6720.5 4
6721.5 9.66667
6722.5 13
6723.5 13.3333
6724.5 10.6667
6725.5 14
6726.5 21
6727.5 15.6667
6728.5 16.6667
6729.5 22.6667
6730.5 17.3333
6731.5 28.6667
6732.5 16.6667
6733.5 15.6667
6734.5 14.6667
6735.5 8.66667
6736.5 8
6737.5 9.66667
6738.5 7
6739.5 7.33333
6740.5 7.33333
6741.5 12.6667
6742.5 3.33333
6743.5 12
6744.5 4.66667
6745.5 14
6746.5 14.3333
6747.5 12.3333
6748.5 8
6749.5 5.66667
6750.5 1.66667
6751.5 15.6667
6752.5 -1
6753.5 6.33333
6754.5 16
6755.5 8
6756.5 4.33333
6757.5 9.33333
6758.5 11.3333
6759.5 11.3333
6760.5 7.33333
6761.5 16.3333
6762.5 14
6763.5 6
6764.5 17.3333
6765.5 11.3333
6766.5 27
6767.5 27.6667
6768.5 59.3333
6769.5 77.6667
6770.5 83.6667
6771.5 97
6772.5 93.3333
6773.5 93
6774.5 57
6775.5 38
6776.5 24.3333
6777.5 19
6778.5 20.6667
6779.5 21
6780.5 9.33333
6781.5 8.33333
6782.5 7
6783.5 8.66667
6784.5 -0.666667
6785.5 11.3333
6786.5 13.6667
6787.5 10.3333
6788.5 8.66667
6789.5 7.33333
6790.5 20
6791.5 11
6792.5 3
6793.5 4.66667
6794.5 5.66667
6795.5 9.66667
6796.5 7.33333
6797.5 9.66667
6798.5 8.66667
6799.5 9.66667
6800.5 0.333333
6801.5 12.6667
6802.5 8
6803.5 14.3333
6804.5 0.666667
6805.5 6
6806.5 6.33333
6807.5 11.6667
6808.5 1.33333
6809.5 7
6810.5 8.33333
6811.5 0.333333
6812.5 6.33333
6813.5 1.33333
6814.5 10.3333
6815.5 -1
6816.5 -1.33333
6817.5 7.33333
6818.5 3
6819.5 3.66667
6820.5 7
6821.5 9
6822.5 -1.33333
6823.5 5.66667
6824.5 12
6825.5 4
6826.5 7
6827.5 9
6828.5 6.33333
6829.5 4
6830.5 7.33333
6831.5 5.33333
6832.5 2.66667
6833.5 10.3333
6834.5 5
6835.5 -3.66667
6836.5 11.6667
6837.5 3
6838.5 -2.38419e-07
6839.5 0.333333
6840.5 5.33333
6841.5 -2
6842.5 -5
6843.5 8
6844.5 14.3333
6845.5 7
6846.5 3
6847.5 11.6667
6848.5 5.66667
6849.5 2.66667
6850.5 5.66667
6851.5 5.66667
6852.5 5
6853.5 6.33333
6854.5 1.66667
6855.5 7.66667
6856.5 8
6857.5 7
6858.5 6.66667
6859.5 7.66667
6860.5 4.66667
6861.5 2.66667
6862.5 7
6863.5 5.33333
6864.5 10.6667
6865.5 7.33333
6866.5 3.66667
6867.5 -3
6868.5 4.33333
6869.5 8
6870.5 6.66667
6871.5 7
6872.5 7.66667
6873.5 2
6874.5 10
6875.5 6
6876.5 7.66667
6877.5 4.33333
6878.5 8.33333
6879.5 0.333333
6880.5 7
6881.5 2
6882.5 1.33333
6883.5 2.66667
6884.5 6
6885.5 2.33333
6886.5 -2.33333
6887.5 2.33333
6888.5 3.66667
6889.5 4
6890.5 2.33333
6891.5 9
6892.5 0.666667
6893.5 5
6894.5 8.33333
6895.5 6.66667
6896.5 9
6897.5 2.33333
6898.5 5.66667
6899.5 7.33333
6900.5 16
6901.5 0.333333
6902.5 12.3333
6903.5 4.66667
6904.5 7.33333
6905.5 12
6906.5 7.66667
6907.5 4.33333
6908.5 10
6909.5 4.33333
6910.5 3.66667
6911.5 6.33333
6912.5 4.33333
6913.5 9.66667
6914.5 5.33333
6915.5 6
6916.5 3
6917.5 8.66667
6918.5 11
6919.5 2.66667
6920.5 0.666667
6921.5 1.66667
6922.5 6.33333
6923.5 4
6924.5 6.66667
6925.5 -0.666667
6926.5 3.66667
6927.5 8
6928.5 1.66667
6929.5 13.3333
6930.5 -0.666667
6931.5 32.3333
6932.5 0.999999
6933.5 44.3333
6934.5 34.3333
6935.5 44.3333
6936.5 44
6937.5 47
6938.5 64.6667
6939.5 62.3333
6940.5 90.6667
6941.5 94.6667
6942.5 113.667
6943.5 128.333
6944.5 127.667
6945.5 73.3333
6946.5 53.6667
6947.5 32
6948.5 26.6667
6949.5 12
6950.5 11.6667
6951.5 7
6952.5 8.33333
6953.5 4
6954.5 -0.333334
6955.5 2.66667
6956.5 6.66667
6957.5 -2.38419e-07
6958.5 6.66667
6959.5 2.33333
6960.5 5
6961.5 3.33333
6962.5 13.3333
6963.5 1
6964.5 -2.38419e-07
6965.5 5.66667
6966.5 11
6967.5 3.33333
6968.5 15.3333
6969.5 6.33333
6970.5 5.33333
6971.5 8.66667
6972.5 0.666666
6973.5 9
6974.5 11.6667
6975.5 9.66667
6976.5 -2.33333
6977.5 2
6978.5 7.33333
6979.5 4.33333
6980.5 3
6981.5 13
6982.5 7.33333
6983.5 10
6984.5 15
6985.5 10.6667
6986.5 9.66667
6987.5 8
6988.5 5.66667
6989.5 6
6990.5 7.33333
6991.5 5.66667
6992.5 2.33333
6993.5 8
6994.5 -1.19209e-07
6995.5 5.66667
6996.5 3
6997.5 4.66667
6998.5 4
6999.5 6.66667
7000.5 1.66667
7001.5 7.66667
7002.5 12.6667
7003.5 -1.19209e-07
7004.5 10.3333
7005.5 6.66667
7006.5 3.33333
7007.5 7
7008.5 4.33333
7009.5 5.33333
7010.5 6
7011.5 4
7012.5 5.66667
7013.5 3.33333
7014.5 2.66667
7015.5 3
7016.5 5.66667
7017.5 14
7018.5 9
7019.5 7.33333
7020.5 13.6667
7021.5 10
7022.5 1
7023.5 7.66667
7024.5 10.3333
7025.5 5
7026.5 10.6667
7027.5 5.66667
7028.5 10.3333
7029.5 1.33333
7030.5 2
7031.5 1.33333
7032.5 2
7033.5 2.33333
7034.5 6.33333
7035.5 4.66667
7036.5 7
7037.5 3
7038.5 7
7039.5 7.66667
7040.5 6.66667
7041.5 -1.19209e-07
7042.5 3
7043.5 5.66667
7044.5 3
7045.5 -2.66667
7046.5 7.66667
7047.5 8.66667
7048.5 9
7049.5 2.66667
7050.5 5.33333
7051.5 -1
7052.5 6
7053.5 9.33333
7054.5 4.66667
7055.5 4.66667
7056.5 1
7057.5 3
7058.5 3.66667
7059.5 8
7060.5 8
7061.5 7
7062.5 6.33333
7063.5 7.66667
7064.5 5.66667
7065.5 0.666667
7066.5 9.33333
7067.5 -1.33333
7068.5 5
7069.5 7.33333
7070.5 8
7071.5 3.33333
7072.5 8
7073.5 4
7074.5 8.33333
7075.5 1.66667
7076.5 7
7077.5 6.66667
7078.5 8.66667
7079.5 9.66667
7080.5 -1.66667
7081.5 9
7082.5 9
7083.5 6.66667
7084.5 11.3333
7085.5 3
7086.5 6
7087.5 5
7088.5 9
7089.5 8.33333
7090.5 5
7091.5 7
7092.5 2
7093.5 2.33333
7094.5 3.33333
7095.5 -5
7096.5 3.66667
7097.5 8.66667
7098.5 7.66667
7099.5 5.66667
7100.5 -1
7101.5 -0.333333
7102.5 5.33333
7103.5 4
7104.5 5.66667
7105.5 10.6667
7106.5 0.666667
7107.5 1.33333
7108.5 6
7109.5 7.66667
7110.5 10
7111.5 7
7112.5 8
7113.5 10
7114.5 9.33333
7115.5 9.33333
7116.5 7
7117.5 -1
7118.5 10
7119.5 3
7120.5 4.66667
7121.5 4.33333
7122.5 7.66667
7123.5 1
7124.5 15.3333
7125.5 3.33333
7126.5 8.66667
7127.5 -0.666667
7128.5 6.66667
7129.5 7.66667
7130.5 5
7131.5 3.33333
7132.5 8.33333
7133.5 6.33333
7134.5 7.33333
7135.5 4
7136.5 7
7137.5 -0.333333
7138.5 6
7139.5 10.3333
7140.5 2.66667
7141.5 5
7142.5 4.33333
7143.5 2.66667
7144.5 8.66667
7145.5 5.33333
7146.5 2.66667
7147.5 3.66667
7148.5 -1.19209e-07
7149.5 5
7150.5 4
7151.5 2.66667
7152.5 3
7153.5 4.66667
7154.5 6.66667
7155.5 11.6667
7156.5 5
7157.5 7.66667
7158.5 5.33333
7159.5 5.33333
7160.5 10.6667
7161.5 7.33333
7162.5 7
7163.5 4
7164.5 5
7165.5 13.3333
7166.5 9.33333
7167.5 5.66667
7168.5 7
7169.5 8.66667
7170.5 6.66667
7171.5 4.33333
7172.5 5
7173.5 6.66667
7174.5 5.66667
7175.5 11.6667
7176.5 6
7177.5 1
7178.5 13.3333
7179.5 3.33333
7180.5 7
7181.5 1
7182.5 1
7183.5 7.66667
7184.5 6.66667
7185.5 7.33333
7186.5 0.666667
7187.5 6.33333
7188.5 9.33333
7189.5 4.33333
7190.5 2.66667
7191.5 8.33333
7192.5 10.6667
7193.5 12
7194.5 8
7195.5 6.66667
7196.5 7.66667
7197.5 11
7198.5 9.66667
7199.5 12.6667
7200.5 9
7201.5 5
7202.5 7.33333
7203.5 9
7204.5 14.6667
7205.5 4.33333
7206.5 10
7207.5 5.66667
7208.5 11.6667
7209.5 6
7210.5 13.3333
7211.5 7.33333
7212.5 16
7213.5 6.33333
7214.5 3.33333
7215.5 3.33333
7216.5 7.66667
7217.5 6.33333
7218.5 8.33333
7219.5 9.66667
7220.5 7.66667
7221.5 9.33333
7222.5 2
7223.5 4.66667
7224.5 7.33333
7225.5 4.33333
7226.5 -1
7227.5 6.66667
7228.5 3.33333
7229.5 8.33333
7230.5 4.66667
7231.5 12
7232.5 1.66667
7233.5 8
7234.5 9
7235.5 5
7236.5 10.6667
7237.5 5.66667
7238.5 1.66667
7239.5 7
7240.5 12
7241.5 5.66667
7242.5 4.33333
7243.5 6
7244.5 10.6667
7245.5 9
7246.5 7.66667
7247.5 8.33333
7248.5 4.33333
7249.5 7.66667
7250.5 9
7251.5 6.66667
7252.5 15
7253.5 9.66667
7254.5 9.66667
7255.5 6.33333
7256.5 8.33333
7257.5 5
7258.5 8.66667
7259.5 11.6667
7260.5 7.33333
7261.5 4
7262.5 2.33333
7263.5 9
7264.5 3.66667
7265.5 1
7266.5 6.66667
7267.5 5.66667
7268.5 2
7269.5 13.3333
7270.5 10
7271.5 8
7272.5 3.66667
7273.5 3.33333
7274.5 6
7275.5 6.66667
7276.5 1.66667
7277.5 14.6667
7278.5 6.66667
7279.5 13
7280.5 9
7281.5 5.66667
7282.5 10.6667
7283.5 3.66667
7284.5 7
7285.5 3.66667
7286.5 7.33333
7287.5 6.66667
7288.5 11
7289.5 6.33333
7290.5 2.33333
7291.5 5.66667
7292.5 8
7293.5 8.66667
7294.5 6.33333
7295.5 8.66667
7296.5 9
7297.5 6
7298.5 6
7299.5 9
7300.5 7.66667
7301.5 10
7302.5 3.66667
7303.5 9
7304.5 6
7305.5 7
7306.5 4
7307.5 -1.66667
7308.5 5.66667
7309.5 5
7310.5 6.33333
7311.5 2
7312.5 5
7313.5 9.66667
7314.5 8
7315.5 3.33333
7316.5 3
7317.5 -5
7318.5 2.66667
7319.5 2.66667
7320.5 5.66667
7321.5 7.66667
7322.5 5.66667
7323.5 4.33333
7324.5 6
7325.5 3.66667
7326.5 5.66667
7327.5 3
7328.5 6
7329.5 5
7330.5 8
7331.5 7
7332.5 2
7333.5 8
7334.5 4.66667
7335.5 8.66667
7336.5 -1.19209e-07
7337.5 -2
7338.5 4
7339.5 5.33333
7340.5 5
7341.5 -0.666667
7342.5 4
7343.5 -1.19209e-07
7344.5 4.33333
7345.5 -1.66667
7346.5 -1
7347.5 4.33333
7348.5 4.66667
7349.5 2.33333
7350.5 13
7351.5 0.666666
7352.5 4.33333
7353.5 4.33333
7354.5 8.33333
7355.5 3.66667
7356.5 11
7357.5 -1
7358.5 1.66667
7359.5 -2
7360.5 -0.666667
7361.5 5
7362.5 3
7363.5 0.333333
7364.5 7
7365.5 1
7366.5 5
7367.5 6.66667
7368.5 0.333333
7369.5 1
7370.5 6
7371.5 3.33333
7372.5 3
7373.5 4.33333
7374.5 0.666667
7375.5 3
7376.5 0.666667
7377.5 -0.333333
7378.5 2.66667
7379.5 -1
7380.5 4.33333
7381.5 3
7382.5 5.66667
7383.5 2.33333
7384.5 1.66667
7385.5 3
7386.5 6
7387.5 2.33333
7388.5 4
7389.5 2
7390.5 5
7391.5 -1.33333
7392.5 -2.66667
7393.5 1.66667
7394.5 3
7395.5 6
7396.5 1.66667
7397.5 2.66667
7398.5 2
7399.5 0
7400.5 1.66667
7401.5 5
7402.5 0.666667
7403.5 2.66667
7404.5 3
7405.5 4
7406.5 4.66667
7407.5 1.66667
7408.5 3
7409.5 4
7410.5 3
7411.5 3
7412.5 3.33333
7413.5 1.33333
7414.5 5.33333
7415.5 8.66667
7416.5 6.33333
7417.5 2.33333
7418.5 1.33333
7419.5 -2
7420.5 4
7421.5 0.333333
7422.5 3.66667
7423.5 1.66667
7424.5 3.66667
7425.5 7
7426.5 -0.333333
7427.5 0.333333
7428.5 2.66667
7429.5 0.333333
7430.5 3
7431.5 6
7432.5 1.66667
7433.5 6
7434.5 2
7435.5 0.333333
7436.5 0
7437.5 5
7438.5 2.66667
7439.5 2
7440.5 3
7441.5 5
7442.5 4
7443.5 11.6667
7444.5 11
7445.5 17.6667
7446.5 19.6667
7447.5 31.6667
7448.5 66.6667
7449.5 73
7450.5 108.333
7451.5 146
7452.5 195.333
7453.5 194.667
7454.5 229
7455.5 188.667
7456.5 132.333
7457.5 83.3333
7458.5 47.6667
7459.5 32.6667
7460.5 6.66667
7461.5 11
7462.5 7.66667
7463.5 1.33333
7464.5 13
7465.5 9.66667
7466.5 0.666667
7467.5 -4
7468.5 -2.66667
7469.5 -3.66667
7470.5 -5.66667
7471.5 -4.33333
7472.5 1
7473.5 -1.33333
7474.5 -1.19209e-07
7475.5 -1.33333
7476.5 1
7477.5 2
7478.5 -4.33333
7479.5 -0.333333
7480.5 1
7481.5 3
7482.5 -0.333333
7483.5 -1.33333
7484.5 3
7485.5 0.666667
7486.5 -2.33333
7487.5 1
7488.5 2
7489.5 -0.333333
7490.5 0
7491.5 1.66667
7492.5 1
7493.5 -0.333333
7494.5 3
7495.5 0.666667
7496.5 -2
7497.5 -2.66667
7498.5 1
7499.5 -1.33333
7500.5 2.66667
7501.5 -0.666667
7502.5 -2.66667
7503.5 -0.333333
7504.5 5
7505.5 -0.333333
7506.5 3
7507.5 4
7508.5 1
7509.5 -1.33333
7510.5 -1.66667
7511.5 -0.333333
7512.5 -1.66667
7513.5 2
7514.5 2
7515.5 0
7516.5 0.666667
7517.5 0.666667
7518.5 -0.333333
7519.5 3.66667
7520.5 0.666667
7521.5 3
7522.5 -1.33333
7523.5 2
7524.5 -0.333333
7525.5 -1.66667
7526.5 2
7527.5 0
7528.5 1
7529.5 3
7530.5 1.66667
7531.5 3
7532.5 1
7533.5 1
7534.5 0
7535.5 -0.333333
7536.5 -0.333333
7537.5 1
7538.5 -1.33333
7539.5 0.666667
7540.5 -1.33333
7541.5 -1.66667
7542.5 2.66667
7543.5 1
7544.5 2
7545.5 2
7546.5 -0.666667
7547.5 0
7548.5 -0.333333
7549.5 1.66667
7550.5 1
7551.5 -0.333333
7552.5 -1.33333
7553.5 0.666667
7554.5 1
7555.5 0
7556.5 1.66667
7557.5 4
7558.5 1
7559.5 1.66667
7560.5 3
7561.5 0.666667
7562.5 0.666667
7563.5 -1.33333
7564.5 3
7565.5 2.66667
7566.5 -1.33333
7567.5 3
7568.5 -0.666667
7569.5 1
7570.5 0
7571.5 2
7572.5 2
7573.5 1.66667
7574.5 -0.333333
7575.5 5
7576.5 1
7577.5 1.66667
7578.5 5
7579.5 2.66667
7580.5 0
7581.5 1.66667
7582.5 0.666667
7583.5 2
7584.5 2
7585.5 4
7586.5 2.66667
7587.5 -2.66667
7588.5 1
7589.5 2
7590.5 2
7591.5 4
7592.5 1
7593.5 2.66667
7594.5 0.666667
7595.5 0.666667
7596.5 0
7597.5 -0.666667
7598.5 2
7599.5 2
7600.5 -1.66667
7601.5 0
7602.5 -1.33333
7603.5 2
7604.5 1
7605.5 1
7606.5 1
7607.5 0
7608.5 0
7609.5 1
7610.5 -0.333333
7611.5 -0.333333
7612.5 0
7613.5 3
7614.5 1
7615.5 1
7616.5 -0.333333
7617.5 -1.33333
7618.5 3
7619.5 1
7620.5 1
7621.5 2
7622.5 1
7623.5 3
7624.5 1
7625.5 2
7626.5 2
7627.5 -0.333333
7628.5 1
7629.5 2.66667
7630.5 1
7631.5 3
7632.5 0.666667
7633.5 1
7634.5 0.333333
7635.5 -1.33333
7636.5 0
7637.5 0.666667
7638.5 -0.333333
7639.5 2
7640.5 -3.33333
7641.5 5
7642.5 0.666667
7643.5 -3
7644.5 2
7645.5 2
7646.5 6
7647.5 -0.333333
7648.5 1
7649.5 1
7650.5 1
7651.5 2
7652.5 3.33333
7653.5 -1.33333
7654.5 0.666667
7655.5 -1.33333
7656.5 -0.333333
7657.5 3
7658.5 2
7659.5 0.333333
7660.5 0.666667
7661.5 1
7662.5 -4
7663.5 0
7664.5 -1.33333
7665.5 2
7666.5 -0.333333
7667.5 2
7668.5 1
7669.5 3
7670.5 0
7671.5 5
7672.5 0
7673.5 2
7674.5 -0.666667
7675.5 2
7676.5 1
7677.5 0
7678.5 1
7679.5 0
7680.5 4
7681.5 4
7682.5 0
7683.5 0
7684.5 0
7685.5 2
7686.5 0.666667
7687.5 0
7688.5 0.666667
7689.5 2
7690.5 -1.66667
7691.5 -1.19209e-07
7692.5 1
7693.5 -1.66667
7694.5 0.666667
7695.5 1
7696.5 0
7697.5 2
7698.5 1
7699.5 0
7700.5 2
7701.5 -1.33333
7702.5 0
7703.5 1
7704.5 1
7705.5 1
7706.5 -0.333333
7707.5 0
7708.5 0
7709.5 1
7710.5 -1.33333
7711.5 3
7712.5 -0.333333
7713.5 -1.33333
7714.5 -0.333333
7715.5 -1.33333
7716.5 -3
7717.5 0
7718.5 2
7719.5 1
7720.5 -1.33333
7721.5 2.66667
7722.5 2
7723.5 0.666667
7724.5 -1.33333
7725.5 6
7726.5 0.666667
7727.5 -1.66667
7728.5 -0.333333
7729.5 -0.333333
7730.5 1
7731.5 2
7732.5 1
7733.5 2
7734.5 0
7735.5 0.666667
7736.5 -1.33333
7737.5 0.666667
7738.5 3
7739.5 1
7740.5 -0.333333
7741.5 1
7742.5 0
7743.5 -0.333333
7744.5 0.666667
7745.5 -0.333333
7746.5 -1.33333
7747.5 3
7748.5 0
7749.5 0
7750.5 -0.333333
7751.5 0.666667
7752.5 0
7753.5 1
7754.5 3
7755.5 0
7756.5 0.666667
7757.5 1
7758.5 -1.33333
7759.5 0.666667
7760.5 1
7761.5 0
7762.5 0
7763.5 2
7764.5 -0.666667
7765.5 -1.33333
7766.5 -0.666667
7767.5 1.66667
7768.5 -1.33333
7769.5 0.666667
7770.5 5.33333
7771.5 2.33333
7772.5 10.6667
7773.5 -1.66667
7774.5 6.66667
7775.5 3.66667
7776.5 3
7777.5 2.66667
7778.5 0.666667
7779.5 -1.33333
7780.5 -0.333333
7781.5 4
7782.5 4
7783.5 1
7784.5 1
7785.5 -1.33333
7786.5 -0.333333
7787.5 -1.33333
7788.5 3
7789.5 0.666667
7790.5 1.66667
7791.5 -1.66667
7792.5 5
7793.5 6
7794.5 4
7795.5 9
7796.5 11
7797.5 8
7798.5 9
7799.5 8
7800.5 9
7801.5 6
7802.5 10
7803.5 3
7804.5 6
7805.5 2
7806.5 2
7807.5 1
7808.5 2
7809.5 1
7810.5 1
7811.5 3
7812.5 0
7813.5 1.66667
7814.5 1
7815.5 -0.333333
7816.5 1
7817.5 -0.333333
7818.5 2
7819.5 4
7820.5 6.66667
7821.5 0.666667
7822.5 1.66667
7823.5 -1.33333
7824.5 2
7825.5 0.666667
7826.5 2.66667
7827.5 3
7828.5 3.66667
7829.5 4
7830.5 -4.66667
7831.5 1.33333
7832.5 -3.33333
7833.5 -1.66667
7834.5 2
7835.5 -1.33333
7836.5 1
7837.5 -0.333333
7838.5 3
7839.5 1
7840.5 2
7841.5 -1.33333
7842.5 1
7843.5 2
7844.5 0
7845.5 -0.333333
7846.5 1
7847.5 0
7848.5 4
7849.5 2
7850.5 -1.33333
7851.5 1
7852.5 0
7853.5 2
7854.5 2
7855.5 1
7856.5 0
7857.5 1
7858.5 1
7859.5 2
7860.5 -1.33333
7861.5 2
7862.5 2
7863.5 -0.333333
7864.5 1
7865.5 0
7866.5 0
7867.5 -1.33333
7868.5 1
7869.5 2
7870.5 1
7871.5 3
7872.5 1
7873.5 1
7874.5 0
7875.5 2
7876.5 1
7877.5 0
7878.5 1
7879.5 1
7880.5 0
7881.5 1
7882.5 -1.33333
7883.5 3
7884.5 0
7885.5 -1.66667
7886.5 1
7887.5 0
7888.5 1
7889.5 1
7890.5 0
7891.5 2
7892.5 1
7893.5 -1.33333
7894.5 1
7895.5 1
7896.5 1
7897.5 1
7898.5 3
7899.5 2
7900.5 1
7901.5 2
7902.5 1
7903.5 0
7904.5 1
7905.5 1
7906.5 2
7907.5 0
7908.5 1
7909.5 1
7910.5 0
7911.5 1
7912.5 0.666667
7913.5 1
7914.5 1
7915.5 3
7916.5 3
7917.5 0
7918.5 1
7919.5 0.666667
7920.5 0.666667
7921.5 -0.333333
7922.5 -0.333333
7923.5 1
7924.5 1
7925.5 1
7926.5 0
7927.5 4
7928.5 1
7929.5 1
7930.5 -1.33333
7931.5 2
7932.5 2
7933.5 2
7934.5 1.66667
7935.5 -0.333333
7936.5 0
7937.5 3
7938.5 0
7939.5 4
7940.5 0.666667
7941.5 -1.33333
7942.5 0.666667
7943.5 1
7944.5 1
7945.5 -0.333333
7946.5 -1.33333
7947.5 3
7948.5 0
7949.5 -0.333333
7950.5 0
7951.5 2
7952.5 1
7953.5 -1.33333
7954.5 0
7955.5 0
7956.5 0
7957.5 1.66667
7958.5 1
7959.5 0.666667
7960.5 -0.333333
7961.5 -1.33333
7962.5 -0.333333
7963.5 -0.333333
7964.5 -0.333333
7965.5 1
7966.5 -0.333333
7967.5 0
7968.5 1
7969.5 0
7970.5 0.666667
7971.5 0
7972.5 2
7973.5 -1.33333
7974.5 4
7975.5 0
7976.5 0.666667
7977.5 2
7978.5 1
7979.5 0
7980.5 3
7981.5 1.66667
7982.5 1
7983.5 0
7984.5 -1.33333
7985.5 1
7986.5 1
7987.5 -1.66667
7988.5 -1.66667
7989.5 2
7990.5 1
7991.5 1
7992.5 4
7993.5 1
7994.5 2
7995.5 0
7996.5 1
7997.5 -0.333333
7998.5 -0.333333
7999.5 2
8000.5 -2.66667
8001.5 -0.666667
8002.5 1
8003.5 1.66667
8004.5 0
8005.5 0
8006.5 0
8007.5 1
8008.5 2
8009.5 3
8010.5 -1.33333
8011.5 0
8012.5 1
8013.5 -0.333333
8014.5 2
8015.5 1.66667
8016.5 2
8017.5 0.666667
8018.5 0
8019.5 3
8020.5 2
8021.5 -0.666667
8022.5 0
8023.5 1.66667
8024.5 1
8025.5 -1.33333
8026.5 1
8027.5 2
8028.5 1
8029.5 0
8030.5 0
8031.5 0
8032.5 2
8033.5 0
8034.5 0
8035.5 1
8036.5 1
8037.5 0
8038.5 2
8039.5 2
8040.5 2
8041.5 -1.33333
8042.5 2
8043.5 1
8044.5 1
8045.5 1
8046.5 0
8047.5 0
8048.5 1
8049.5 -1.33333
8050.5 1
8051.5 -1.33333
8052.5 3.66667
8053.5 -1.33333
8054.5 0
8055.5 0
8056.5 1
8057.5 0
8058.5 2
8059.5 -1.33333
8060.5 0
8061.5 1
8062.5 -0.333333
8063.5 0
8064.5 1
8065.5 3
8066.5 -0.333333
8067.5 1
8068.5 1
8069.5 0.666667
8070.5 -1.33333
8071.5 0
8072.5 3
8073.5 -0.333333
8074.5 0
8075.5 -1.33333
8076.5 0
8077.5 1
8078.5 1
8079.5 1
8080.5 1
8081.5 0
8082.5 2
8083.5 1
8084.5 1
8085.5 1
8086.5 0.666667
8087.5 0
8088.5 -1
8089.5 1
8090.5 3
8091.5 0
8092.5 -0.666667
8093.5 0
8094.5 0
8095.5 3
8096.5 3
8097.5 -1.33333
8098.5 -1.33333
8099.5 0
8100.5 1
8101.5 0
8102.5 0
8103.5 0
8104.5 1
8105.5 2
8106.5 3
8107.5 0
8108.5 1
8109.5 0
8110.5 -1.33333
8111.5 1
8112.5 0
8113.5 -1.33333
8114.5 2
8115.5 2
8116.5 0
8117.5 2
8118.5 0.666667
8119.5 -0.333333
8120.5 0.666667
8121.5 1
8122.5 1
8123.5 0
8124.5 0
8125.5 0.666667
8126.5 3
8127.5 0
8128.5 0
8129.5 1
8130.5 1
8131.5 -0.333333
8132.5 1
8133.5 0
8134.5 2
8135.5 -1.33333
8136.5 0
8137.5 0
8138.5 0
8139.5 2
8140.5 3
8141.5 0
8142.5 0
8143.5 1
8144.5 1
8145.5 0.666667
8146.5 0
8147.5 1
8148.5 0
8149.5 0
8150.5 1
8151.5 1
8152.5 -1.33333
8153.5 1
8154.5 2
8155.5 2
8156.5 0
8157.5 1
8158.5 1
8159.5 1.66667
8160.5 1
8161.5 0
8162.5 1
8163.5 0
8164.5 -1.33333
8165.5 0
8166.5 -1.33333
8167.5 3
8168.5 1
8169.5 1
8170.5 2
8171.5 0
8172.5 -0.333333
8173.5 0
8174.5 0
8175.5 0
8176.5 0
8177.5 1
8178.5 0
8179.5 1
8180.5 0
8181.5 0
8182.5 1
8183.5 1
8184.5 1
8185.5 0
8186.5 0
8187.5 0.666667
8188.5 1
8189.5 2
8190.5 0
8191.5 1
8192.5 0
8193.5 -0.333333
8194.5 0
8195.5 1
8196.5 0
8197.5 1
8198.5 1
8199.5 2
8200.5 0
8201.5 0
8202.5 -2.66667
8203.5 0
8204.5 2
8205.5 -0.333333
8206.5 -1.33333
8207.5 1
8208.5 -1.33333
8209.5 0
8210.5 0
8211.5 0
8212.5 -1.33333
8213.5 -1.33333
8214.5 0
8215.5 1
8216.5 1
8217.5 2
8218.5 0
8219.5 0
8220.5 -1.33333
8221.5 3
8222.5 1
8223.5 0
8224.5 0
8225.5 -0.333333
8226.5 1
8227.5 1
8228.5 1
8229.5 -0.333333
8230.5 0
8231.5 1
8232.5 0
8233.5 0
8234.5 0
8235.5 2
8236.5 0
8237.5 0
8238.5 1
8239.5 0
8240.5 0
8241.5 0
8242.5 0
8243.5 -2.66667
8244.5 0
8245.5 1
8246.5 2
8247.5 -1.33333
8248.5 1
8249.5 1
8250.5 1.66667
8251.5 0
8252.5 1
8253.5 0
8254.5 1
8255.5 -1.33333
8256.5 1
8257.5 1
8258.5 0
8259.5 1
8260.5 2
8261.5 1
8262.5 0
8263.5 0
8264.5 1
8265.5 0
8266.5 0
8267.5 0
8268.5 1
8269.5 0
8270.5 0
8271.5 -1.33333
8272.5 -1.33333
8273.5 0
8274.5 0
8275.5 -1.33333
8276.5 -0.333333
8277.5 1
8278.5 2
8279.5 0
8280.5 0
8281.5 1
8282.5 1
8283.5 1
8284.5 -2.66667
8285.5 1
8286.5 0
8287.5 1
8288.5 0
8289.5 0
8290.5 2
8291.5 0
8292.5 0
8293.5 0
8294.5 0
8295.5 1
8296.5 2
8297.5 1
8298.5 -1.33333
8299.5 0
8300.5 0
8301.5 1
8302.5 1
8303.5 -1.33333
8304.5 6
8305.5 6
8306.5 4.66667
8307.5 11
8308.5 5.66667
8309.5 13
8310.5 13
8311.5 21
8312.5 9.66667
8313.5 12.6667
8314.5 7
8315.5 1.66667
8316.5 2
8317.5 0
8318.5 0
8319.5 4
8320.5 1
8321.5 -0.333333
8322.5 2
8323.5 0
8324.5 0
8325.5 0
8326.5 0
8327.5 -1.66667
8328.5 2
8329.5 2
8330.5 1
8331.5 0
8332.5 1
8333.5 0
8334.5 2
8335.5 1
8336.5 0
8337.5 1
8338.5 0
8339.5 -1.33333
8340.5 0
8341.5 0
8342.5 0
8343.5 1
8344.5 2
8345.5 1
8346.5 1
8347.5 1
8348.5 0
8349.5 0
8350.5 -1.33333
8351.5 -1.33333
8352.5 -1.33333
8353.5 0
8354.5 1
8355.5 0
8356.5 -1.33333
8357.5 0
8358.5 0
8359.5 1
8360.5 0
8361.5 0
8362.5 0
8363.5 1
8364.5 1
8365.5 0
8366.5 -1.33333
8367.5 0
8368.5 0
8369.5 -1.66667
8370.5 0
8371.5 0
8372.5 0
8373.5 0
8374.5 -0.333333
8375.5 0
8376.5 -0.333333
8377.5 0
8378.5 -0.333333
8379.5 0
8380.5 1
8381.5 -1.33333
8382.5 -0.333333
8383.5 0
8384.5 0
8385.5 -1.33333
8386.5 0
8387.5 0
8388.5 2
8389.5 0
8390.5 0
8391.5 0
8392.5 -1.33333
8393.5 0
8394.5 0
8395.5 -1.33333
8396.5 0
8397.5 0
8398.5 -0.333333
8399.5 0
8400.5 0
8401.5 0
8402.5 -1.33333
8403.5 -2.66667
8404.5 -1.33333
8405.5 -0.333333
8406.5 0
8407.5 2
8408.5 1
8409.5 -2.66667
8410.5 1
8411.5 0
8412.5 0
8413.5 -1.33333
8414.5 0
8415.5 0
8416.5 1
8417.5 0
8418.5 0
8419.5 0.666667
8420.5 2
8421.5 1
8422.5 -1.33333
8423.5 1
8424.5 -0.333333
8425.5 0
8426.5 0
8427.5 0
8428.5 0
8429.5 -1.33333
8430.5 0
8431.5 0
8432.5 0
8433.5 -0.333333
8434.5 0
8435.5 0
8436.5 1
8437.5 -1.33333
8438.5 0
8439.5 1
8440.5 0
8441.5 0
8442.5 1
8443.5 0
8444.5 0
8445.5 1
8446.5 0
8447.5 0
8448.5 0
8449.5 0
8450.5 0
8451.5 1
8452.5 0
8453.5 1
8454.5 0
8455.5 0
8456.5 0
8457.5 0
8458.5 0
8459.5 0
8460.5 -1.33333
8461.5 0
8462.5 0
8463.5 1
8464.5 0
8465.5 0
8466.5 1
8467.5 0
8468.5 0
8469.5 0
8470.5 1
8471.5 -2.66667
8472.5 2
8473.5 -0.333333
8474.5 -1.33333
8475.5 -1.33333
8476.5 2
8477.5 0
8478.5 0
8479.5 0
8480.5 0
8481.5 -1.66667
8482.5 1
8483.5 0
8484.5 1
8485.5 0
8486.5 0
8487.5 1
8488.5 0
8489.5 0
8490.5 0
8491.5 0
8492.5 1
8493.5 1
8494.5 0
8495.5 -1.33333
8496.5 0
8497.5 0
8498.5 0
8499.5 0
8500.5 1
8501.5 0
8502.5 1
8503.5 0
8504.5 0
8505.5 0
8506.5 0
8507.5 -0.333333
8508.5 0
8509.5 0
8510.5 0
8511.5 0
8512.5 0
8513.5 1
8514.5 -0.333333
8515.5 -0.333333
8516.5 1
8517.5 0
8518.5 1
8519.5 0
8520.5 0
8521.5 0
8522.5 0
8523.5 -1.33333
8524.5 0
8525.5 0
8526.5 1
8527.5 0
8528.5 0
8529.5 0
8530.5 0
8531.5 0
8532.5 0
8533.5 0
8534.5 0
8535.5 1
8536.5 0
8537.5 0
8538.5 1
8539.5 0
8540.5 1
8541.5 0
8542.5 0
8543.5 -1.33333
8544.5 1
8545.5 0.666667
8546.5 0
8547.5 0
8548.5 -0.333333
8549.5 0
8550.5 1
8551.5 1
8552.5 0
8553.5 0
8554.5 0
8555.5 0
8556.5 -1.33333
8557.5 0
8558.5 0
8559.5 0
8560.5 0
8561.5 0
8562.5 -1.33333
8563.5 0
8564.5 0
8565.5 0
8566.5 0
8567.5 1
8568.5 0
8569.5 0
8570.5 0
8571.5 0
8572.5 0
8573.5 -0.333333
8574.5 0
8575.5 0.666667
8576.5 0
8577.5 0
8578.5 0
8579.5 0
8580.5 1
8581.5 1
8582.5 0
8583.5 0
8584.5 0
8585.5 0
8586.5 2
8587.5 0
8588.5 0
8589.5 0
8590.5 2
8591.5 1
8592.5 0
8593.5 0
8594.5 0
8595.5 -1.33333
8596.5 -1.33333
8597.5 0
8598.5 0
8599.5 1
8600.5 0
8601.5 0
8602.5 0
8603.5 0
8604.5 0
8605.5 0
8606.5 1
8607.5 0
8608.5 1
8609.5 0
8610.5 0
8611.5 0
8612.5 1
8613.5 2
8614.5 0
8615.5 0
8616.5 0
8617.5 -0.333333
8618.5 -1.33333
8619.5 -0.333333
8620.5 0
8621.5 0
8622.5 0
8623.5 0
8624.5 0
8625.5 0
8626.5 -1.33333
8627.5 -1.33333
8628.5 0
8629.5 0
8630.5 0
8631.5 0
8632.5 0
8633.5 -1.33333
8634.5 0
8635.5 -1.33333
8636.5 0
8637.5 0
8638.5 0
8639.5 0
8640.5 0
8641.5 0
8642.5 0
8643.5 0
8644.5 0
8645.5 0
8646.5 1
8647.5 0
8648.5 0
8649.5 0
8650.5 0
8651.5 0
8652.5 0
8653.5 -1.33333
8654.5 -1.33333
8655.5 0
8656.5 0
8657.5 0
8658.5 1
8659.5 0
8660.5 0
8661.5 0
8662.5 -1.33333
8663.5 0
8664.5 0
8665.5 0
8666.5 0
8667.5 0
8668.5 1
8669.5 1
8670.5 2
8671.5 0
8672.5 0
8673.5 0
8674.5 1
8675.5 -1.33333
8676.5 0
8677.5 0
8678.5 0
8679.5 0
8680.5 0
8681.5 0
8682.5 0
8683.5 0
8684.5 0
8685.5 0
8686.5 0
8687.5 0
8688.5 0
8689.5 -1.33333
8690.5 0
8691.5 0
8692.5 0
8693.5 0
8694.5 0
8695.5 0
8696.5 0
8697.5 -0.333333
8698.5 0
8699.5 0
8700.5 1
8701.5 0
8702.5 0
8703.5 1
8704.5 0
8705.5 0
8706.5 0
8707.5 0
8708.5 -0.333333
8709.5 1
8710.5 -1.33333
8711.5 0
8712.5 0
8713.5 0
8714.5 1
8715.5 2
8716.5 0
8717.5 0
8718.5 1
8719.5 0
8720.5 0
8721.5 -1.33333
8722.5 1
8723.5 0
8724.5 -1.33333
8725.5 1
8726.5 -1.33333
8727.5 1
8728.5 0
8729.5 0
8730.5 1
8731.5 1
8732.5 0
8733.5 0
8734.5 1
8735.5 0
8736.5 1
8737.5 -1.33333
8738.5 0
8739.5 0
8740.5 0
8741.5 1
8742.5 0
8743.5 -1.33333
8744.5 -0.333333
8745.5 0
8746.5 0
8747.5 0
8748.5 1
8749.5 1
8750.5 0
8751.5 0
8752.5 0
8753.5 0
8754.5 -1.33333
8755.5 0
8756.5 1
8757.5 -1.33333
8758.5 0
8759.5 1
8760.5 0
8761.5 1
8762.5 0
8763.5 0
8764.5 0
8765.5 0
8766.5 -2.66667
8767.5 0
8768.5 0
8769.5 0
8770.5 0
8771.5 0
8772.5 0
8773.5 -1.33333
8774.5 0
8775.5 0
8776.5 0
8777.5 0
8778.5 0
8779.5 0
8780.5 -1.33333
8781.5 0
8782.5 0
8783.5 -1.33333
8784.5 0
8785.5 0
8786.5 0
8787.5 -1.33333
8788.5 0
8789.5 0
8790.5 0
8791.5 1
8792.5 0
8793.5 -1.33333
8794.5 -0.333333
8795.5 0
8796.5 -1.33333
8797.5 0
8798.5 1
8799.5 -1.33333
8800.5 1
8801.5 0
8802.5 0
8803.5 0
8804.5 0
8805.5 2
8806.5 -1.33333
8807.5 1
8808.5 0
8809.5 -1.33333
8810.5 -1.33333
8811.5 0
8812.5 1
8813.5 0
8814.5 1
8815.5 0
8816.5 0
8817.5 1
8818.5 -1.33333
8819.5 0
8820.5 0
8821.5 0
8822.5 0
8823.5 0
8824.5 0
8825.5 0
8826.5 0
8827.5 0
8828.5 1
8829.5 0
8830.5 1
8831.5 0
8832.5 0
8833.5 0
8834.5 0
8835.5 0
8836.5 1
8837.5 0
8838.5 0
8839.5 1
8840.5 0
8841.5 1
8842.5 2
8843.5 -1.33333
8844.5 0
8845.5 0
8846.5 1
8847.5 -1.33333
8848.5 2
8849.5 1
8850.5 1
8851.5 1
8852.5 0
8853.5 1
8854.5 0
8855.5 0
8856.5 -2.66667
8857.5 0
8858.5 0
8859.5 1
8860.5 0
8861.5 1
8862.5 0
8863.5 0
8864.5 0
8865.5 0
8866.5 0
8867.5 -1.33333
8868.5 0
8869.5 0
8870.5 0
8871.5 0
8872.5 -1.33333
8873.5 0
8874.5 1
8875.5 -1.33333
8876.5 -1.33333
8877.5 0
8878.5 0
8879.5 0
8880.5 1
8881.5 0
8882.5 0
8883.5 0
8884.5 1
8885.5 0
8886.5 0
8887.5 -1.33333
8888.5 1
8889.5 0
8890.5 1
8891.5 0
8892.5 0
8893.5 1
8894.5 1
8895.5 1
8896.5 0
8897.5 0
8898.5 0
8899.5 0
8900.5 0
8901.5 0
8902.5 0
8903.5 0
8904.5 0
8905.5 0
8906.5 0
8907.5 0
8908.5 2
8909.5 0
8910.5 0
8911.5 1
8912.5 -1.33333
8913.5 0
8914.5 0
8915.5 0
8916.5 -1.33333
8917.5 0
8918.5 0
8919.5 0
8920.5 0
8921.5 1
8922.5 0
8923.5 0
8924.5 1
8925.5 0
8926.5 0
8927.5 0
8928.5 1
8929.5 0
8930.5 0
8931.5 0
8932.5 0
8933.5 0
8934.5 0
8935.5 0
8936.5 0
8937.5 0
8938.5 0
8939.5 -0.333333
8940.5 0
8941.5 0
8942.5 1
8943.5 -1.33333
8944.5 1
8945.5 0
8946.5 0
8947.5 0
8948.5 2
8949.5 0
8950.5 0
8951.5 0
8952.5 0
8953.5 0
8954.5 0
8955.5 0
8956.5 0
8957.5 0
8958.5 0
8959.5 0
8960.5 0
8961.5 0
8962.5 1
8963.5 0
8964.5 0
8965.5 -0.333333
8966.5 3
8967.5 0
8968.5 0
8969.5 0
8970.5 -0.333333
8971.5 0
8972.5 -2.66667
8973.5 0
8974.5 0
8975.5 0
8976.5 0
8977.5 0
8978.5 1
8979.5 0
8980.5 0
8981.5 0
8982.5 0
8983.5 0
8984.5 0
8985.5 0
8986.5 0
8987.5 0
8988.5 -0.333333
8989.5 0
8990.5 0
8991.5 -1.33333
8992.5 1
8993.5 0
8994.5 -1.33333
8995.5 2
8996.5 -1.33333
8997.5 0
8998.5 0
8999.5 1
9000.5 0
9001.5 0
9002.5 1
9003.5 0
9004.5 2
9005.5 0
9006.5 0
9007.5 0
9008.5 -1.33333
9009.5 -1.33333
9010.5 0
9011.5 0
9012.5 -1.33333
9013.5 0
9014.5 0
9015.5 0
9016.5 0
9017.5 0
9018.5 0
9019.5 0
9020.5 0
9021.5 0
9022.5 0
9023.5 0
9024.5 0
9025.5 0
9026.5 1
9027.5 -1.33333
9028.5 0
9029.5 1
9030.5 0
9031.5 0
9032.5 0
9033.5 0
9034.5 0
9035.5 0
9036.5 0
9037.5 1
9038.5 1
9039.5 0
9040.5 0
9041.5 1
9042.5 0
9043.5 0
9044.5 0
9045.5 0
9046.5 2
9047.5 0
9048.5 0
9049.5 0
9050.5 0
9051.5 0
9052.5 0
9053.5 0
9054.5 -1.33333
9055.5 1
9056.5 0
9057.5 0
9058.5 -1.33333
9059.5 0
9060.5 1
9061.5 2
9062.5 -1.33333
9063.5 0
9064.5 0
9065.5 0
9066.5 0
9067.5 0
9068.5 2
9069.5 0
9070.5 0
9071.5 0
9072.5 1
9073.5 0
9074.5 0
9075.5 -1.33333
9076.5 0
9077.5 0
9078.5 0
9079.5 0
9080.5 -1.33333
9081.5 0
9082.5 0
9083.5 0
9084.5 -1.33333
9085.5 0
9086.5 0
9087.5 0
9088.5 0
9089.5 0
9090.5 -1.33333
9091.5 0
9092.5 0
9093.5 0
9094.5 0
9095.5 0
9096.5 1
9097.5 0
9098.5 1
9099.5 0
9100.5 0
9101.5 -1.33333
9102.5 0
9103.5 0
9104.5 0
9105.5 0
9106.5 0
9107.5 0
9108.5 0
9109.5 0
9110.5 0
9111.5 0
9112.5 1
9113.5 0
9114.5 0
9115.5 0
9116.5 0
9117.5 0
9118.5 0
9119.5 0
9120.5 0
9121.5 0
9122.5 0
9123.5 0
9124.5 0
9125.5 1
9126.5 0
9127.5 1
9128.5 -1.33333
9129.5 0
9130.5 0
9131.5 1
9132.5 0
9133.5 0
9134.5 0
9135.5 0
9136.5 1
9137.5 0
9138.5 0
9139.5 0
9140.5 1
9141.5 -1.33333
9142.5 0
9143.5 0
9144.5 0
9145.5 0
9146.5 1
9147.5 0
9148.5 0
9149.5 1
9150.5 0
9151.5 0
9152.5 0
9153.5 0
9154.5 1
9155.5 0
9156.5 0
9157.5 1
9158.5 1
9159.5 0
9160.5 0
9161.5 0
9162.5 0
9163.5 0
9164.5 0
9165.5 1
9166.5 -1.33333
9167.5 0
9168.5 0
9169.5 0
9170.5 0
9171.5 0
9172.5 0
9173.5 0
9174.5 0
9175.5 0
9176.5 0
9177.5 0
9178.5 1
9179.5 0
9180.5 0
9181.5 1
9182.5 0
9183.5 0
9184.5 0
9185.5 0
9186.5 0
9187.5 0
9188.5 -1.33333
9189.5 -1.33333
9190.5 -1.33333
9191.5 0
9192.5 -1.33333
9193.5 0
9194.5 0
9195.5 0
9196.5 0
9197.5 0
9198.5 0
9199.5 0
9200.5 0
9201.5 -1.33333
9202.5 0
9203.5 0
9204.5 0
9205.5 0
9206.5 0
9207.5 0
9208.5 0
9209.5 0
9210.5 1
9211.5 0
9212.5 0
9213.5 0
9214.5 0
9215.5 -0.333333
9216.5 1
9217.5 0
9218.5 0
9219.5 0
9220.5 0
9221.5 0
9222.5 0
9223.5 1
9224.5 1
9225.5 0
9226.5 0
9227.5 0
9228.5 0
9229.5 0
9230.5 -1.33333
9231.5 0
9232.5 0
9233.5 0
9234.5 0
9235.5 0
9236.5 0
9237.5 0
9238.5 0
9239.5 1
9240.5 0
9241.5 0
9242.5 0
9243.5 0
9244.5 0
9245.5 0
9246.5 0
9247.5 0
9248.5 -1.33333
9249.5 0
9250.5 0
9251.5 0
9252.5 0
9253.5 0
9254.5 0
9255.5 0
9256.5 0
9257.5 0
9258.5 2
9259.5 0
9260.5 0
9261.5 -1.33333
9262.5 0
9263.5 0
9264.5 0
9265.5 0
9266.5 0
9267.5 0
9268.5 0
9269.5 1
9270.5 0
9271.5 1
9272.5 0
9273.5 0
9274.5 2
9275.5 0
9276.5 0
9277.5 0
9278.5 1
9279.5 1
9280.5 0
9281.5 0
9282.5 0
9283.5 0
9284.5 0
9285.5 0
9286.5 0
9287.5 0
9288.5 0
9289.5 0
9290.5 0
9291.5 0
9292.5 0
9293.5 0
9294.5 1
9295.5 -1.33333
9296.5 0
9297.5 0
9298.5 0
9299.5 0
9300.5 0
9301.5 -1.33333
9302.5 0
9303.5 1
9304.5 0
9305.5 -1.33333
9306.5 0
9307.5 0
9308.5 -1.33333
9309.5 0
9310.5 0
9311.5 -1.33333
9312.5 1
9313.5 0
9314.5 0
9315.5 0
9316.5 0
9317.5 -0.333333
9318.5 0
9319.5 -1.33333
9320.5 0
9321.5 1
9322.5 1
9323.5 0
9324.5 0
9325.5 0
9326.5 0
9327.5 0
9328.5 -0.333333
9329.5 1
9330.5 0
9331.5 -1.33333
9332.5 -1.66667
9333.5 0
9334.5 0
9335.5 0
9336.5 0
9337.5 -1.33333
9338.5 0
9339.5 0
9340.5 -1.33333
9341.5 0
9342.5 0
9343.5 0
9344.5 0
9345.5 0
9346.5 0
9347.5 0
9348.5 0
9349.5 0
9350.5 1
9351.5 1
9352.5 1
9353.5 0
9354.5 1
9355.5 0
9356.5 0
9357.5 0
9358.5 0
9359.5 0
9360.5 0
9361.5 0
9362.5 -1.33333
9363.5 0
9364.5 0
9365.5 0
9366.5 0
9367.5 1
9368.5 0
9369.5 1
9370.5 0
9371.5 -1.33333
9372.5 -1.33333
9373.5 0
9374.5 1
9375.5 0
9376.5 0
9377.5 0
9378.5 -1.33333
9379.5 1
9380.5 0
9381.5 0
9382.5 0
9383.5 0
9384.5 0
9385.5 0
9386.5 1
9387.5 0
9388.5 0
9389.5 0
9390.5 0
9391.5 0
9392.5 0
9393.5 0
9394.5 0
9395.5 0
9396.5 0
9397.5 0
9398.5 0
9399.5 0
9400.5 0
9401.5 0
9402.5 0
9403.5 1
9404.5 0
9405.5 0
9406.5 0
9407.5 0
9408.5 0
9409.5 0
9410.5 0
9411.5 0
9412.5 0
9413.5 -1.33333
9414.5 0
9415.5 0
9416.5 0
9417.5 0
9418.5 0
9419.5 0
9420.5 0
9421.5 0
9422.5 0
9423.5 1
9424.5 0
9425.5 0
9426.5 0
9427.5 0
9428.5 0
9429.5 -1.33333
9430.5 0
9431.5 -0.333333
9432.5 0
9433.5 0
9434.5 0
9435.5 0
9436.5 0
9437.5 -1.33333
9438.5 0
9439.5 0
9440.5 0
9441.5 -1.33333
9442.5 0
9443.5 0
9444.5 1
9445.5 0
9446.5 0
9447.5 0
9448.5 0
9449.5 0
9450.5 1
9451.5 0
9452.5 0
9453.5 0
9454.5 2
9455.5 1
9456.5 0
9457.5 -1.33333
9458.5 0
9459.5 0
9460.5 0
9461.5 0
9462.5 0
9463.5 0
9464.5 0
9465.5 0
9466.5 -1.33333
9467.5 0
9468.5 0
9469.5 0
9470.5 0
9471.5 0
9472.5 0
9473.5 0
9474.5 0
9475.5 0
9476.5 0
9477.5 0
9478.5 0
9479.5 0
9480.5 0
9481.5 0
9482.5 0
9483.5 0
9484.5 0
9485.5 0
9486.5 0
9487.5 0
9488.5 0
9489.5 0
9490.5 0
9491.5 0
9492.5 0
9493.5 0
9494.5 0
9495.5 0
9496.5 0
9497.5 0
9498.5 1
9499.5 0
9500.5 0
9501.5 0
9502.5 0
9503.5 0
9504.5 1
9505.5 0
9506.5 1
9507.5 1
9508.5 0
9509.5 0
9510.5 0
9511.5 0
9512.5 0
9513.5 0
9514.5 0
9515.5 0
9516.5 0
9517.5 1
9518.5 0
9519.5 0
9520.5 0
9521.5 0
9522.5 0
9523.5 0
9524.5 -2.66667
9525.5 0
9526.5 0
9527.5 0
9528.5 0
9529.5 0
9530.5 0
9531.5 0
9532.5 0
9533.5 0
9534.5 0
9535.5 0
9536.5 0
9537.5 0
9538.5 1
9539.5 0
9540.5 0
9541.5 0
9542.5 0
9543.5 0
9544.5 0
9545.5 0
9546.5 0
9547.5 0
9548.5 0
9549.5 0
9550.5 0
9551.5 1
9552.5 0
9553.5 0
9554.5 0
9555.5 0
9556.5 0
9557.5 0
9558.5 1
9559.5 -1.33333
9560.5 0
9561.5 0
9562.5 0
9563.5 0
9564.5 0
9565.5 0
9566.5 0
9567.5 0
9568.5 0
9569.5 0
9570.5 0
9571.5 0
9572.5 -1.33333
9573.5 0
9574.5 0
9575.5 0
9576.5 0
9577.5 -1.33333
9578.5 1
9579.5 0
9580.5 0
9581.5 0
9582.5 0
9583.5 0
9584.5 0
9585.5 0
9586.5 -1.33333
9587.5 0
9588.5 0
9589.5 0
9590.5 0
9591.5 0
9592.5 0
9593.5 0
9594.5 0
9595.5 0
9596.5 0
9597.5 0
9598.5 1
9599.5 0
9600.5 0
9601.5 0
9602.5 0
9603.5 0
9604.5 0
9605.5 0
9606.5 0
9607.5 0
9608.5 0
9609.5 0
9610.5 0
9611.5 0
9612.5 0
9613.5 0
9614.5 0
9615.5 0
9616.5 0
9617.5 0
9618.5 1
9619.5 0
9620.5 0
9621.5 0
9622.5 0
9623.5 0
9624.5 0
9625.5 0
9626.5 0
9627.5 0
9628.5 0
9629.5 0
9630.5 0
9631.5 0
9632.5 0
9633.5 0
9634.5 0
9635.5 0
9636.5 0
9637.5 0
9638.5 0
9639.5 0
9640.5 0
9641.5 0
9642.5 0
9643.5 1
9644.5 0
9645.5 0
9646.5 0
9647.5 0
9648.5 0
9649.5 0
9650.5 1
9651.5 0
9652.5 0
9653.5 0
9654.5 0
9655.5 0
9656.5 0
9657.5 0
9658.5 0
9659.5 -1.33333
9660.5 0
9661.5 2
9662.5 0
9663.5 0
9664.5 0
9665.5 0
9666.5 0
9667.5 0
9668.5 0
9669.5 0
9670.5 0
9671.5 0
9672.5 0
9673.5 0
9674.5 1
9675.5 0
9676.5 0
9677.5 0
9678.5 -1.33333
9679.5 0
9680.5 0
9681.5 1
9682.5 0
9683.5 0
9684.5 0
9685.5 0
9686.5 1
9687.5 1
9688.5 0
9689.5 0
9690.5 0
9691.5 0
9692.5 0
9693.5 0
9694.5 0
9695.5 0
9696.5 0
9697.5 0
9698.5 0
9699.5 0
9700.5 0
9701.5 0
9702.5 0
9703.5 0
9704.5 -1.33333
9705.5 0
9706.5 0
9707.5 0
9708.5 0
9709.5 -1.33333
9710.5 0
9711.5 0
9712.5 1
9713.5 0
9714.5 0
9715.5 0
9716.5 0
9717.5 0
9718.5 0
9719.5 0
9720.5 0
9721.5 0
9722.5 0
9723.5 0
9724.5 0
9725.5 0
9726.5 0
9727.5 0
9728.5 0
9729.5 0
9730.5 0
9731.5 1
9732.5 0
9733.5 0
9734.5 0
9735.5 0
9736.5 0
9737.5 0
9738.5 0
9739.5 0
9740.5 0
9741.5 1
9742.5 0
9743.5 0
9744.5 0
9745.5 1
9746.5 0
9747.5 0
9748.5 0
9749.5 0
9750.5 0
9751.5 1
9752.5 0
9753.5 0
9754.5 0
9755.5 0
9756.5 0
9757.5 -1.33333
9758.5 0
9759.5 0
9760.5 0
9761.5 0
9762.5 0
9763.5 0
9764.5 0
9765.5 0
9766.5 0
9767.5 0
9768.5 0
9769.5 0
9770.5 0
9771.5 0
9772.5 0
9773.5 0
9774.5 0
9775.5 0
9776.5 0
9777.5 0
9778.5 0
9779.5 0
9780.5 0
9781.5 0
9782.5 0
9783.5 0
9784.5 0
9785.5 0
9786.5 0
9787.5 0
9788.5 0
9789.5 0
9790.5 0
9791.5 0
9792.5 0
9793.5 0
9794.5 0
9795.5 0
9796.5 0
9797.5 0
9798.5 0
9799.5 0
9800.5 0
9801.5 0
9802.5 0
9803.5 0
9804.5 -1.33333
9805.5 0
9806.5 0
9807.5 0
9808.5 0
9809.5 1
9810.5 0
9811.5 0
9812.5 0
9813.5 0
9814.5 0
9815.5 0
9816.5 0
9817.5 0
9818.5 0
9819.5 0
9820.5 0
9821.5 0
9822.5 0
9823.5 0
9824.5 0
9825.5 0
9826.5 0
9827.5 1
9828.5 0
9829.5 0
9830.5 0
9831.5 0
9832.5 0
9833.5 0
9834.5 0
9835.5 0
9836.5 0
9837.5 0
9838.5 0
9839.5 0
9840.5 0
9841.5 0
9842.5 0
9843.5 -1.33333
9844.5 0
9845.5 0
9846.5 0
9847.5 0
9848.5 0
9849.5 0
9850.5 0
9851.5 0
9852.5 0
9853.5 0
9854.5 0
9855.5 0
9856.5 0
9857.5 0
9858.5 0
9859.5 0
9860.5 0
9861.5 0
9862.5 0
9863.5 0
9864.5 0
9865.5 0
9866.5 0
9867.5 1
9868.5 0
9869.5 0
9870.5 0
9871.5 0
9872.5 0
9873.5 0
9874.5 -1.33333
9875.5 0
9876.5 0
9877.5 0
9878.5 0
9879.5 0
9880.5 0
9881.5 -1.33333
9882.5 0
9883.5 0
9884.5 -1.33333
9885.5 0
9886.5 0
9887.5 0
9888.5 -1.33333
9889.5 0
9890.5 0
9891.5 0
9892.5 0
9893.5 0
9894.5 0
9895.5 0
9896.5 0
9897.5 -1.33333
9898.5 0
9899.5 0
9900.5 0
9901.5 0
9902.5 0
9903.5 0
9904.5 0
9905.5 0
9906.5 0
9907.5 0
9908.5 0
9909.5 0
9910.5 0
9911.5 0
9912.5 0
9913.5 0
9914.5 0
9915.5 1
9916.5 0
9917.5 0
9918.5 0
9919.5 0
9920.5 0
9921.5 0
9922.5 1
9923.5 0
9924.5 0
9925.5 0
9926.5 0
9927.5 0
9928.5 0
9929.5 0
9930.5 0
9931.5 0
9932.5 0
9933.5 0
9934.5 0
9935.5 0
9936.5 0
9937.5 0
9938.5 0
9939.5 0
9940.5 0
9941.5 0
9942.5 0
9943.5 1
9944.5 0
9945.5 0
9946.5 0
9947.5 0
9948.5 0
9949.5 0
9950.5 0
9951.5 0
9952.5 0
9953.5 0
9954.5 0
9955.5 0
9956.5 0
9957.5 0
9958.5 1
9959.5 0
9960.5 0
9961.5 0
9962.5 0
9963.5 0
9964.5 0
9965.5 0
9966.5 1
9967.5 1
9968.5 0
9969.5 0
9970.5 0
9971.5 0
9972.5 0
9973.5 0
9974.5 0
9975.5 0
9976.5 0
9977.5 0
9978.5 0
9979.5 0
9980.5 0
9981.5 0
9982.5 0
9983.5 0
9984.5 0
9985.5 0
9986.5 0
9987.5 0
9988.5 0
9989.5 0
9990.5 0
9991.5 0
9992.5 0
9993.5 0
9994.5 0
9995.5 0
9996.5 0
9997.5 -1.33333
9998.5 0
9999.5 0
10000.5 0
10001.5 0
10002.5 0
10003.5 0
10004.5 1
10005.5 0
10006.5 0
10007.5 0
10008.5 0
10009.5 0
10010.5 0
10011.5 0
10012.5 0
10013.5 0
10014.5 0
10015.5 0
10016.5 0
10017.5 0
10018.5 0
10019.5 0
10020.5 0
10021.5 0
10022.5 0
10023.5 0
10024.5 0
10025.5 0
10026.5 0
10027.5 1
10028.5 0
10029.5 0
10030.5 0
10031.5 0
10032.5 0
10033.5 0
10034.5 0
10035.5 0
10036.5 0
10037.5 0
10038.5 0
10039.5 0
10040.5 0
10041.5 0
10042.5 0
10043.5 0
10044.5 0
10045.5 0
10046.5 0
10047.5 0
10048.5 0
10049.5 0
10050.5 0
10051.5 0
10052.5 0
10053.5 0
10054.5 0
10055.5 0
10056.5 0
10057.5 0
10058.5 0
10059.5 0
10060.5 0
10061.5 0
10062.5 0
10063.5 0
10064.5 0
10065.5 0
10066.5 0
10067.5 0
10068.5 0
10069.5 0
10070.5 0
10071.5 0
10072.5 0
10073.5 0
10074.5 1
10075.5 0
10076.5 0
10077.5 1
10078.5 0
10079.5 1
10080.5 0
10081.5 0
10082.5 0
10083.5 0
10084.5 0
10085.5 0
10086.5 0
10087.5 0
10088.5 0
10089.5 0
10090.5 0
10091.5 0
10092.5 0
10093.5 0
10094.5 0
10095.5 0
10096.5 0
10097.5 0
10098.5 0
10099.5 0
10100.5 0
10101.5 0
10102.5 0
10103.5 0
10104.5 0
10105.5 0
10106.5 0
10107.5 1
10108.5 1
10109.5 0
10110.5 0
10111.5 0
10112.5 0
10113.5 0
10114.5 0
10115.5 0
10116.5 0
10117.5 0
10118.5 0
10119.5 0
10120.5 0
10121.5 0
10122.5 0
10123.5 0
10124.5 0
10125.5 0
10126.5 0
10127.5 0
10128.5 0
10129.5 0
10130.5 0
10131.5 0
10132.5 0
10133.5 0
10134.5 0
10135.5 0
10136.5 0
10137.5 0
10138.5 0
10139.5 0
10140.5 0
10141.5 0
10142.5 0
10143.5 0
10144.5 0
10145.5 0
10146.5 1
10147.5 0
10148.5 0
10149.5 0
10150.5 0
10151.5 0
10152.5 0
10153.5 0
10154.5 0
10155.5 0
10156.5 0
10157.5 0
10158.5 0
10159.5 0
10160.5 0
10161.5 0
10162.5 0
10163.5 0
10164.5 0
10165.5 0
10166.5 0
10167.5 0
10168.5 0
10169.5 0
10170.5 0
10171.5 0
10172.5 0
10173.5 1
10174.5 0
10175.5 0
10176.5 0
10177.5 0
10178.5 0
10179.5 0
10180.5 0
10181.5 0
10182.5 1
10183.5 0
10184.5 0
10185.5 0
10186.5 0
10187.5 0
10188.5 0
10189.5 0
10190.5 0
10191.5 0
10192.5 0
10193.5 0
10194.5 0
10195.5 0
10196.5 0
10197.5 0
10198.5 0
10199.5 0
10200.5 0
10201.5 0
10202.5 0
10203.5 0
10204.5 0
10205.5 0
10206.5 0
10207.5 0
10208.5 0
10209.5 0
10210.5 0
10211.5 0
10212.5 0
10213.5 0
10214.5 -1.33333
10215.5 0
10216.5 0
10217.5 0
10218.5 0
10219.5 0
10220.5 0
10221.5 0
10222.5 0
10223.5 0
10224.5 0
10225.5 0
10226.5 0
10227.5 0
10228.5 0
10229.5 0
10230.5 0
10231.5 1
10232.5 0
10233.5 0
10234.5 0
10235.5 0
10236.5 0
10237.5 0
10238.5 0
10239.5 0
10240.5 0
10241.5 0
10242.5 0
10243.5 0
10244.5 0
10245.5 0
10246.5 0
10247.5 0
10248.5 0
10249.5 0
10250.5 0
10251.5 0
10252.5 0
10253.5 0
10254.5 0
10255.5 0
10256.5 0
10257.5 0
10258.5 0
10259.5 1
10260.5 0
10261.5 0
10262.5 0
10263.5 0
10264.5 0
10265.5 0
10266.5 0
10267.5 0
10268.5 0
10269.5 0
10270.5 0
10271.5 0
10272.5 0
10273.5 0
10274.5 0
10275.5 0
10276.5 0
10277.5 0
10278.5 0
10279.5 0
10280.5 1
10281.5 0
10282.5 0
10283.5 0
10284.5 0
10285.5 0
10286.5 0
10287.5 0
10288.5 0
10289.5 0
10290.5 0
10291.5 0
10292.5 0
10293.5 0
10294.5 0
10295.5 0
10296.5 0
10297.5 0
10298.5 0
10299.5 0
10300.5 0
10301.5 0
10302.5 0
10303.5 1
10304.5 0
10305.5 0
10306.5 0
10307.5 0
10308.5 0
10309.5 0
10310.5 0
10311.5 0
10312.5 0
10313.5 0
10314.5 0
10315.5 0
10316.5 0
10317.5 0
10318.5 0
10319.5 0
10320.5 0
10321.5 0
10322.5 0
10323.5 0
10324.5 0
10325.5 0
10326.5 0
10327.5 0
10328.5 0
10329.5 0
10330.5 0
10331.5 0
10332.5 0
10333.5 0
10334.5 0
10335.5 1
10336.5 0
10337.5 0
10338.5 0
10339.5 0
10340.5 0
10341.5 0
10342.5 0
10343.5 0
10344.5 0
10345.5 0
10346.5 1
10347.5 0
10348.5 -1.33333
10349.5 0
10350.5 0
10351.5 0
10352.5 0
10353.5 0
10354.5 0
10355.5 0
10356.5 0
10357.5 0
10358.5 0
10359.5 -1.33333
10360.5 0
10361.5 0
10362.5 0
10363.5 0
10364.5 0
10365.5 0
10366.5 0
10367.5 0
10368.5 0
10369.5 0
10370.5 1
10371.5 0
10372.5 0
10373.5 0
10374.5 0
10375.5 0
10376.5 1
10377.5 0
10378.5 0
10379.5 0
10380.5 0
10381.5 0
10382.5 0
10383.5 0
10384.5 0
10385.5 0
10386.5 0
10387.5 0
10388.5 0
10389.5 0
10390.5 0
10391.5 0
10392.5 0
10393.5 0
10394.5 0
10395.5 0
10396.5 0
10397.5 0
10398.5 0
10399.5 0
10400.5 0
10401.5 0
10402.5 0
10403.5 0
10404.5 0
10405.5 0
10406.5 0
10407.5 0
10408.5 0
10409.5 0
10410.5 0
10411.5 0
10412.5 0
10413.5 0
10414.5 0
10415.5 0
10416.5 0
10417.5 0
10418.5 0
10419.5 0
10420.5 0
10421.5 0
10422.5 0
10423.5 0
10424.5 0
10425.5 0
10426.5 0
10427.5 0
10428.5 0
10429.5 0
10430.5 0
10431.5 0
10432.5 0
10433.5 0
10434.5 0
10435.5 0
10436.5 0
10437.5 0
10438.5 0
10439.5 0
10440.5 0
10441.5 0
10442.5 0
10443.5 0
10444.5 0
10445.5 0
10446.5 0
10447.5 0
10448.5 0
10449.5 0
10450.5 0
10451.5 0
10452.5 0
10453.5 0
10454.5 0
10455.5 0
10456.5 0
10457.5 0
10458.5 0
10459.5 0
10460.5 0
10461.5 0
10462.5 0
10463.5 0
10464.5 0
10465.5 0
10466.5 0
10467.5 0
10468.5 0
10469.5 0
10470.5 0
10471.5 0
10472.5 0
10473.5 0
10474.5 0
10475.5 0
10476.5 0
10477.5 0
10478.5 0
10479.5 0
10480.5 0
10481.5 0
10482.5 0
10483.5 0
10484.5 0
10485.5 0
10486.5 0
10487.5 0
10488.5 0
10489.5 0
10490.5 0
10491.5 0
10492.5 0
10493.5 0
10494.5 0
10495.5 0
10496.5 0
10497.5 0
10498.5 0
10499.5 0
10500.5 0
10501.5 0
10502.5 0
10503.5 0
10504.5 0
10505.5 0
10506.5 0
10507.5 0
10508.5 0
10509.5 0
10510.5 0
10511.5 0
10512.5 0
10513.5 0
10514.5 0
10515.5 0
10516.5 0
10517.5 0
10518.5 0
10519.5 0
10520.5 0
10521.5 0
10522.5 0
10523.5 0
10524.5 0
10525.5 0
10526.5 0
10527.5 0
10528.5 0
10529.5 0
10530.5 0
10531.5 0
10532.5 0
10533.5 0
10534.5 0
10535.5 0
10536.5 0
10537.5 0
10538.5 0
10539.5 0
10540.5 0
10541.5 0
10542.5 0
10543.5 0
10544.5 0
10545.5 0
10546.5 0
10547.5 0
10548.5 0
10549.5 0
10550.5 0
10551.5 0
10552.5 0
10553.5 0
10554.5 0
10555.5 0
10556.5 0
10557.5 0
10558.5 0
10559.5 0
10560.5 0
10561.5 0
10562.5 0
10563.5 0
10564.5 0
10565.5 0
10566.5 0
10567.5 0
10568.5 0
10569.5 0
10570.5 0
10571.5 0
10572.5 -1.33333
10573.5 0
10574.5 0
10575.5 0
10576.5 0
10577.5 0
10578.5 0
10579.5 0
10580.5 0
10581.5 0
10582.5 0
10583.5 0
10584.5 0
10585.5 0
10586.5 0
10587.5 0
10588.5 0
10589.5 0
10590.5 0
10591.5 0
10592.5 0
10593.5 0
10594.5 0
10595.5 0
10596.5 0
10597.5 0
10598.5 0
10599.5 0
10600.5 0
10601.5 0
10602.5 0
10603.5 0
10604.5 0
10605.5 0
10606.5 0
10607.5 -1.33333
10608.5 0
10609.5 0
10610.5 0
10611.5 0
10612.5 0
10613.5 0
10614.5 0
10615.5 0
10616.5 0
10617.5 0
10618.5 0
10619.5 0
10620.5 0
10621.5 0
10622.5 0
10623.5 0
10624.5 0
10625.5 0
10626.5 0
10627.5 0
10628.5 0
10629.5 0
10630.5 0
10631.5 0
10632.5 0
10633.5 0
10634.5 0
10635.5 0
10636.5 0
10637.5 0
10638.5 0
10639.5 0
10640.5 0
10641.5 -1.33333
10642.5 0
10643.5 0
10644.5 0
10645.5 0
10646.5 0
10647.5 0
10648.5 0
10649.5 0
10650.5 0
10651.5 0
10652.5 0
10653.5 0
10654.5 0
10655.5 0
10656.5 0
10657.5 0
10658.5 0
10659.5 0
10660.5 0
10661.5 0
10662.5 0
10663.5 0
10664.5 0
10665.5 0
10666.5 0
10667.5 0
10668.5 0
10669.5 0
10670.5 0
10671.5 0
10672.5 0
10673.5 0
10674.5 0
10675.5 0
10676.5 0
10677.5 0
10678.5 0
10679.5 0
10680.5 0
10681.5 0
10682.5 0
10683.5 0
10684.5 0
10685.5 0
10686.5 0
10687.5 0
10688.5 0
10689.5 0
10690.5 0
10691.5 0
10692.5 0
10693.5 0
10694.5 0
10695.5 0
10696.5 0
10697.5 0
10698.5 0
10699.5 0
10700.5 0
10701.5 0
10702.5 0
10703.5 0
10704.5 0
10705.5 0
10706.5 0
10707.5 0
10708.5 0
10709.5 0
10710.5 0
10711.5 0
10712.5 0
10713.5 0
10714.5 0
10715.5 0
10716.5 0
10717.5 0
10718.5 0
10719.5 0
10720.5 0
10721.5 0
10722.5 1
10723.5 0
10724.5 0
10725.5 0
10726.5 0
10727.5 0
10728.5 0
10729.5 0
10730.5 0
10731.5 0
10732.5 0
10733.5 0
10734.5 0
10735.5 0
10736.5 0
10737.5 0
10738.5 0
10739.5 0
10740.5 0
10741.5 0
10742.5 0
10743.5 0
10744.5 0
10745.5 0
10746.5 0
10747.5 0
10748.5 0
10749.5 0
10750.5 0
10751.5 0
10752.5 0
10753.5 0
10754.5 0
10755.5 0
10756.5 0
10757.5 0
10758.5 0
10759.5 0
10760.5 0
10761.5 0
10762.5 0
10763.5 0
10764.5 0
10765.5 0
10766.5 0
10767.5 0
10768.5 0
10769.5 0
10770.5 -1.33333
10771.5 0
10772.5 0
10773.5 -1.33333
10774.5 0
10775.5 0
10776.5 0
10777.5 0
10778.5 0
10779.5 0
10780.5 0
10781.5 0
10782.5 0
10783.5 0
10784.5 0
10785.5 0
10786.5 0
10787.5 0
10788.5 0
10789.5 0
10790.5 0
10791.5 0
10792.5 0
10793.5 0
10794.5 0
10795.5 0
10796.5 0
10797.5 0
10798.5 0
10799.5 0
10800.5 0
10801.5 0
10802.5 0
10803.5 0
10804.5 0
10805.5 0
10806.5 0
10807.5 0
10808.5 0
10809.5 0
10810.5 0
10811.5 0
10812.5 0
10813.5 0
10814.5 0
10815.5 0
10816.5 0
10817.5 0
10818.5 0
10819.5 0
10820.5 0
10821.5 0
10822.5 0
10823.5 0
10824.5 0
10825.5 0
10826.5 0
10827.5 0
10828.5 0
10829.5 0
10830.5 0
10831.5 0
10832.5 0
10833.5 0
10834.5 0
10835.5 0
10836.5 0
10837.5 0
10838.5 -1.33333
10839.5 0
10840.5 0
10841.5 0
10842.5 0
10843.5 0
10844.5 0
10845.5 0
10846.5 0
10847.5 0
10848.5 0
10849.5 0
10850.5 0
10851.5 0
10852.5 0
10853.5 0
10854.5 0
10855.5 0
10856.5 0
10857.5 0
10858.5 0
10859.5 0
10860.5 0
10861.5 0
10862.5 0
10863.5 0
10864.5 0
10865.5 1
10866.5 0
10867.5 0
10868.5 0
10869.5 0
10870.5 0
10871.5 0
10872.5 0
10873.5 0
10874.5 0
10875.5 0
10876.5 0
10877.5 0
10878.5 0
10879.5 0
10880.5 0
10881.5 0
10882.5 0
10883.5 0
10884.5 0
10885.5 0
10886.5 0
10887.5 0
10888.5 0
10889.5 0
10890.5 0
10891.5 0
10892.5 0
10893.5 0
10894.5 0
10895.5 0
10896.5 0
10897.5 0
10898.5 0
10899.5 0
10900.5 0
10901.5 0
10902.5 0
10903.5 0
10904.5 0
10905.5 0
10906.5 0
10907.5 0
10908.5 0
10909.5 0
10910.5 0
10911.5 0
10912.5 0
10913.5 0
10914.5 0
10915.5 0
10916.5 0
10917.5 0
10918.5 0
10919.5 0
10920.5 0
10921.5 0
10922.5 0
10923.5 0
10924.5 0
10925.5 0
10926.5 0
10927.5 0
10928.5 0
10929.5 0
10930.5 0
10931.5 0
10932.5 0
10933.5 0
10934.5 0
10935.5 0
10936.5 0
10937.5 0
10938.5 0
10939.5 0
10940.5 0
10941.5 0
10942.5 0
10943.5 0
10944.5 0
10945.5 0
10946.5 0
10947.5 0
10948.5 0
10949.5 0
10950.5 0
10951.5 0
10952.5 0
10953.5 0
10954.5 0
10955.5 0
10956.5 0
10957.5 0
10958.5 0
10959.5 0
10960.5 1
10961.5 0
10962.5 0
10963.5 0
10964.5 0
10965.5 0
10966.5 0
10967.5 0
10968.5 0
10969.5 0
10970.5 0
10971.5 0
10972.5 0
10973.5 0
10974.5 0
10975.5 0
10976.5 0
10977.5 0
10978.5 0
10979.5 0
10980.5 0
10981.5 0
10982.5 0
10983.5 0
10984.5 0
10985.5 0
10986.5 0
10987.5 0
10988.5 0
10989.5 0
10990.5 0
10991.5 0
10992.5 0
10993.5 0
10994.5 0
10995.5 0
10996.5 0
10997.5 0
10998.5 0
10999.5 0
11000.5 0
11001.5 0
11002.5 0
11003.5 0
11004.5 0
11005.5 0
11006.5 0
11007.5 0
11008.5 0
11009.5 0
11010.5 0
11011.5 0
11012.5 0
11013.5 0
11014.5 0
11015.5 0
11016.5 0
11017.5 0
11018.5 0
11019.5 0
11020.5 0
11021.5 0
11022.5 0
11023.5 0
11024.5 0
11025.5 0
11026.5 0
11027.5 0
11028.5 0
11029.5 0
11030.5 0
11031.5 0
11032.5 0
11033.5 0
11034.5 0
11035.5 0
11036.5 0
11037.5 1
11038.5 0
11039.5 0
11040.5 0
11041.5 0
11042.5 0
11043.5 0
11044.5 0
11045.5 0
11046.5 0
11047.5 0
11048.5 0
11049.5 0
11050.5 0
11051.5 0
11052.5 0
11053.5 0
11054.5 0
11055.5 0
11056.5 0
11057.5 0
11058.5 0
11059.5 0
11060.5 0
11061.5 0
11062.5 0
11063.5 0
11064.5 0
11065.5 0
11066.5 0
11067.5 0
11068.5 0
11069.5 0
11070.5 0
11071.5 0
11072.5 0
11073.5 0
11074.5 0
11075.5 0
11076.5 0
11077.5 0
11078.5 0
11079.5 0
11080.5 0
11081.5 0
11082.5 0
11083.5 0
11084.5 0
11085.5 0
11086.5 0
11087.5 0
11088.5 0
11089.5 0
11090.5 0
11091.5 0
11092.5 0
11093.5 0
11094.5 0
11095.5 0
11096.5 0
11097.5 0
11098.5 0
11099.5 0
11100.5 0
11101.5 0
11102.5 0
11103.5 0
11104.5 0
11105.5 0
11106.5 0
11107.5 0
11108.5 0
11109.5 0
11110.5 0
11111.5 0
11112.5 0
11113.5 1
11114.5 0
11115.5 0
11116.5 0
11117.5 0
11118.5 0
11119.5 0
11120.5 0
11121.5 0
11122.5 0
11123.5 0
11124.5 0
11125.5 0
11126.5 0
11127.5 0
11128.5 0
11129.5 0
11130.5 0
11131.5 0
11132.5 0
11133.5 0
11134.5 0
11135.5 0
11136.5 0
11137.5 0
11138.5 0
11139.5 0
11140.5 0
11141.5 0
11142.5 0
11143.5 0
11144.5 0
11145.5 0
11146.5 0
11147.5 0
11148.5 0
11149.5 0
11150.5 0
11151.5 0
11152.5 0
11153.5 0
11154.5 0
11155.5 0
11156.5 0
11157.5 0
11158.5 0
11159.5 0
11160.5 0
11161.5 0
11162.5 0
11163.5 0
11164.5 0
11165.5 0
11166.5 0
11167.5 0
11168.5 0
11169.5 0
11170.5 0
11171.5 0
11172.5 0
11173.5 0
11174.5 0
11175.5 0
11176.5 0
11177.5 0
11178.5 0
11179.5 0
11180.5 0
11181.5 0
11182.5 0
11183.5 0
11184.5 0
11185.5 0
11186.5 0
11187.5 0
11188.5 0
11189.5 0
11190.5 0
11191.5 0
11192.5 0
11193.5 0
11194.5 0
11195.5 0
11196.5 0
11197.5 0
11198.5 0
11199.5 0
11200.5 0
11201.5 0
11202.5 0
11203.5 0
11204.5 0
11205.5 0
11206.5 0
11207.5 0
11208.5 0
11209.5 0
11210.5 0
11211.5 0
11212.5 0
11213.5 -1.33333
11214.5 0
11215.5 0
11216.5 0
11217.5 0
11218.5 0
11219.5 0
11220.5 0
11221.5 0
11222.5 0
11223.5 0
11224.5 0
11225.5 0
11226.5 0
11227.5 0
11228.5 0
11229.5 0
11230.5 0
11231.5 0
11232.5 0
11233.5 0
11234.5 0
11235.5 0
11236.5 0
11237.5 0
11238.5 0
11239.5 0
11240.5 0
11241.5 0
11242.5 0
11243.5 0
11244.5 0
11245.5 0
11246.5 0
11247.5 0
11248.5 0
11249.5 0
11250.5 0
11251.5 0
11252.5 0
11253.5 0
11254.5 0
11255.5 0
11256.5 0
11257.5 0
11258.5 0
11259.5 0
11260.5 0
11261.5 0
11262.5 0
11263.5 0
11264.5 0
11265.5 0
11266.5 0
11267.5 0
11268.5 0
11269.5 0
11270.5 0
11271.5 0
11272.5 0
11273.5 0
11274.5 0
11275.5 0
11276.5 0
11277.5 0
11278.5 0
11279.5 0
11280.5 0
11281.5 0
11282.5 0
11283.5 0
11284.5 0
11285.5 0
11286.5 0
11287.5 0
11288.5 0
11289.5 0
11290.5 0
11291.5 0
11292.5 0
11293.5 0
11294.5 0
11295.5 0
11296.5 0
11297.5 0
11298.5 0
11299.5 0
11300.5 0
11301.5 0
11302.5 0
11303.5 0
11304.5 0
11305.5 0
11306.5 0
11307.5 0
11308.5 0
11309.5 0
11310.5 0
11311.5 0
11312.5 0
11313.5 0
11314.5 0
11315.5 0
11316.5 0
11317.5 0
11318.5 0
11319.5 0
11320.5 0
11321.5 0
11322.5 0
11323.5 0
11324.5 0
11325.5 0
11326.5 0
11327.5 0
11328.5 0
11329.5 0
11330.5 0
11331.5 0
11332.5 1
11333.5 0
11334.5 0
11335.5 0
11336.5 0
11337.5 0
11338.5 0
11339.5 0
11340.5 0
11341.5 0
11342.5 0
11343.5 0
11344.5 0
11345.5 0
11346.5 0
11347.5 0
11348.5 0
11349.5 0
11350.5 0
11351.5 0
11352.5 0
11353.5 0
11354.5 0
11355.5 0
11356.5 0
11357.5 0
11358.5 0
11359.5 0
11360.5 0
11361.5 0
11362.5 0
11363.5 0
11364.5 0
11365.5 0
11366.5 0
11367.5 0
11368.5 0
11369.5 0
11370.5 0
11371.5 0
11372.5 0
11373.5 0
11374.5 0
11375.5 0
11376.5 0
11377.5 0
11378.5 0
11379.5 0
11380.5 0
11381.5 0
11382.5 0
11383.5 0
11384.5 0
11385.5 0
11386.5 0
11387.5 0
11388.5 0
11389.5 0
11390.5 0
11391.5 0
11392.5 0
11393.5 0
11394.5 0
11395.5 0
11396.5 0
11397.5 0
11398.5 0
11399.5 0
11400.5 0
11401.5 0
11402.5 0
11403.5 0
11404.5 0
11405.5 0
11406.5 -1.33333
11407.5 0
11408.5 1
11409.5 0
11410.5 0
11411.5 0
11412.5 0
11413.5 0
11414.5 0
11415.5 0
11416.5 0
11417.5 0
11418.5 0
11419.5 0
11420.5 0
11421.5 0
11422.5 0
11423.5 0
11424.5 0
11425.5 0
11426.5 0
11427.5 0
11428.5 0
11429.5 0
11430.5 0
11431.5 0
11432.5 0
11433.5 0
11434.5 0
11435.5 0
11436.5 0
11437.5 0
11438.5 0
11439.5 0
11440.5 0
11441.5 0
11442.5 0
11443.5 0
11444.5 0
11445.5 0
11446.5 0
11447.5 0
11448.5 0
11449.5 0
11450.5 0
11451.5 0
11452.5 0
11453.5 0
11454.5 0
11455.5 0
11456.5 0
11457.5 0
11458.5 0
11459.5 0
11460.5 0
11461.5 0
11462.5 0
11463.5 0
11464.5 0
11465.5 0
11466.5 0
11467.5 0
11468.5 0
11469.5 0
11470.5 0
11471.5 0
11472.5 0
11473.5 0
11474.5 0
11475.5 0
11476.5 0
11477.5 0
11478.5 0
11479.5 0
11480.5 0
11481.5 0
11482.5 0
11483.5 0
11484.5 0
11485.5 0
11486.5 0
11487.5 0
11488.5 0
11489.5 0
11490.5 0
11491.5 0
11492.5 0
11493.5 0
11494.5 0
11495.5 0
11496.5 0
11497.5 0
11498.5 1
11499.5 0
11500.5 0
11501.5 0
11502.5 0
11503.5 0
11504.5 0
11505.5 0
11506.5 0
11507.5 0
11508.5 0
11509.5 0
11510.5 0
11511.5 0
11512.5 0
11513.5 0
11514.5 0
11515.5 0
11516.5 0
11517.5 0
11518.5 0
11519.5 0
11520.5 0
11521.5 0
11522.5 0
11523.5 0
11524.5 0
11525.5 0
11526.5 0
11527.5 0
11528.5 0
11529.5 0
11530.5 0
11531.5 0
11532.5 0
11533.5 0
11534.5 0
11535.5 0
11536.5 0
11537.5 0
11538.5 0
11539.5 1
11540.5 0
11541.5 0
11542.5 0
11543.5 0
11544.5 0
11545.5 0
11546.5 0
11547.5 0
11548.5 0
11549.5 0
11550.5 0
11551.5 0
11552.5 0
11553.5 0
11554.5 0
11555.5 0
11556.5 0
11557.5 -1.33333
11558.5 0
11559.5 0
11560.5 0
11561.5 0
11562.5 0
11563.5 0
11564.5 0
11565.5 0
11566.5 0
11567.5 0
11568.5 0
11569.5 0
11570.5 0
11571.5 0
11572.5 0
11573.5 0
11574.5 0
11575.5 0
11576.5 0
11577.5 0
11578.5 0
11579.5 0
11580.5 0
11581.5 0
11582.5 0
11583.5 0
11584.5 0
11585.5 0
11586.5 0
11587.5 0
11588.5 0
11589.5 0
11590.5 0
11591.5 0
11592.5 0
11593.5 0
11594.5 0
11595.5 0
11596.5 0
11597.5 0
11598.5 0
11599.5 0
11600.5 0
11601.5 0
11602.5 0
11603.5 0
11604.5 0
11605.5 0
11606.5 0
11607.5 0
11608.5 0
11609.5 0
11610.5 0
11611.5 0
11612.5 0
11613.5 0
11614.5 0
11615.5 0
11616.5 0
11617.5 0
11618.5 0
11619.5 0
11620.5 0
11621.5 0
11622.5 0
11623.5 0
11624.5 0
11625.5 0
11626.5 0
11627.5 0
11628.5 0
11629.5 0
11630.5 0
11631.5 0
11632.5 0
11633.5 0
11634.5 0
11635.5 0
11636.5 0
11637.5 0
11638.5 0
11639.5 0
11640.5 0
11641.5 0
11642.5 0
11643.5 0
11644.5 0
11645.5 0
11646.5 0
11647.5 0
11648.5 0
11649.5 0
11650.5 0
11651.5 0
11652.5 0
11653.5 0
11654.5 0
11655.5 0
11656.5 0
11657.5 0
11658.5 0
11659.5 0
11660.5 0
11661.5 0
11662.5 0
11663.5 0
11664.5 0
11665.5 0
11666.5 0
11667.5 0
11668.5 0
11669.5 0
11670.5 0
11671.5 0
11672.5 0
11673.5 0
11674.5 0
11675.5 0
11676.5 0
11677.5 0
11678.5 0
11679.5 0
11680.5 0
11681.5 0
11682.5 0
11683.5 0
11684.5 0
11685.5 0
11686.5 0
11687.5 0
11688.5 0
11689.5 0
11690.5 0
11691.5 0
11692.5 0
11693.5 0
11694.5 0
11695.5 0
11696.5 0
11697.5 0
11698.5 0
11699.5 0
11700.5 0
11701.5 0
11702.5 0
11703.5 0
11704.5 0
11705.5 0
11706.5 0
11707.5 0
11708.5 0
11709.5 0
11710.5 0
11711.5 0
11712.5 0
11713.5 0
11714.5 0
11715.5 0
11716.5 0
11717.5 0
11718.5 0
11719.5 0
11720.5 0
11721.5 0
11722.5 0
11723.5 0
11724.5 0
11725.5 0
11726.5 0
11727.5 0
11728.5 0
11729.5 0
11730.5 0
11731.5 0
11732.5 0
11733.5 0
11734.5 0
11735.5 0
11736.5 0
11737.5 0
11738.5 0
11739.5 0
11740.5 0
11741.5 0
11742.5 0
11743.5 0
11744.5 0
11745.5 0
11746.5 0
11747.5 0
11748.5 0
11749.5 0
11750.5 0
11751.5 0
11752.5 0
11753.5 0
11754.5 0
11755.5 0
11756.5 0
11757.5 0
11758.5 0
11759.5 0
11760.5 0
11761.5 1
11762.5 0
11763.5 0
11764.5 0
11765.5 0
11766.5 1
11767.5 0
11768.5 0
11769.5 0
11770.5 0
11771.5 0
11772.5 0
11773.5 0
11774.5 0
11775.5 0
11776.5 0
11777.5 0
11778.5 0
11779.5 0
11780.5 0
11781.5 0
11782.5 0
11783.5 0
11784.5 0
11785.5 0
11786.5 0
11787.5 0
11788.5 0
11789.5 0
11790.5 0
11791.5 0
11792.5 0
11793.5 0
11794.5 0
11795.5 0
11796.5 0
11797.5 0
11798.5 0
11799.5 0
11800.5 0
11801.5 0
11802.5 0
11803.5 0
11804.5 0
11805.5 0
11806.5 0
11807.5 0
11808.5 0
11809.5 0
11810.5 0
11811.5 0
11812.5 0
11813.5 0
11814.5 0
11815.5 0
11816.5 0
11817.5 0
11818.5 0
11819.5 0
11820.5 0
11821.5 0
11822.5 0
11823.5 0
11824.5 0
11825.5 0
11826.5 0
11827.5 0
11828.5 0
11829.5 0
11830.5 0
11831.5 0
11832.5 0
11833.5 0
11834.5 0
11835.5 0
11836.5 0
11837.5 0
11838.5 0
11839.5 0
11840.5 0
11841.5 0
11842.5 1
11843.5 0
11844.5 0
11845.5 0
11846.5 0
11847.5 0
11848.5 0
11849.5 0
11850.5 0
11851.5 0
11852.5 0
11853.5 0
11854.5 0
11855.5 0
11856.5 0
11857.5 0
11858.5 0
11859.5 0
11860.5 0
11861.5 0
11862.5 0
11863.5 0
11864.5 0
11865.5 0
11866.5 0
11867.5 0
11868.5 0
11869.5 0
11870.5 0
11871.5 0
11872.5 0
11873.5 0
11874.5 0
11875.5 0
11876.5 0
11877.5 0
11878.5 0
11879.5 0
11880.5 0
11881.5 0
11882.5 0
11883.5 0
11884.5 0
11885.5 0
11886.5 0
11887.5 0
11888.5 0
11889.5 0
11890.5 0
11891.5 0
11892.5 0
11893.5 0
11894.5 0
11895.5 0
11896.5 0
11897.5 0
11898.5 0
11899.5 0
11900.5 0
11901.5 0
11902.5 0
11903.5 0
11904.5 0
11905.5 0
11906.5 0
11907.5 0
11908.5 0
11909.5 0
11910.5 0
11911.5 0
11912.5 0
11913.5 0
11914.5 0
11915.5 0
11916.5 0
11917.5 0
11918.5 0
11919.5 0
11920.5 0
11921.5 0
11922.5 0
11923.5 0
11924.5 0
11925.5 0
11926.5 0
11927.5 0
11928.5 0
11929.5 0
11930.5 0
11931.5 0
11932.5 0
11933.5 0
11934.5 0
11935.5 0
11936.5 0
11937.5 0
11938.5 0
11939.5 0
11940.5 0
11941.5 0
11942.5 0
11943.5 0
11944.5 0
11945.5 0
11946.5 0
11947.5 0
11948.5 0
11949.5 0
11950.5 0
11951.5 0
11952.5 0
11953.5 0
11954.5 0
11955.5 0
11956.5 0
11957.5 0
11958.5 0
11959.5 0
11960.5 0
11961.5 0
11962.5 0
11963.5 0
11964.5 0
11965.5 0
11966.5 0
11967.5 0
11968.5 0
11969.5 0
11970.5 0
11971.5 0
11972.5 0
11973.5 0
11974.5 0
11975.5 0
11976.5 0
11977.5 0
11978.5 0
11979.5 0
11980.5 0
11981.5 0
11982.5 0
11983.5 0
11984.5 0
11985.5 0
11986.5 0
11987.5 0
11988.5 0
11989.5 0
11990.5 0
11991.5 0
11992.5 0
11993.5 0
11994.5 0
11995.5 0
11996.5 0
11997.5 0
11998.5 0
11999.5 0
