# EGG_ProjY_E6070.5(5.5)_B6045.5(2.5)_B6095.0(1.0)
# X axis : Energy (keV) [Y axis]
# Y axis : Counts/1 keV
# N Bins : 12000
# X Min : 0
# X Max : 12000
# X value at the center of the bins
0.5 0
1.5 0
2.5 0
3.5 0
4.5 0
5.5 10.1429
6.5 16.8571
7.5 -13.4286
8.5 28.1429
9.5 -32.2857
10.5 -6.71428
11.5 3.57143
12.5 -29.8571
13.5 0.571434
14.5 20.1429
15.5 12
16.5 -3.28571
17.5 21.2857
18.5 8.28572
19.5 9.28572
20.5 35.4286
21.5 -11.1429
22.5 -14.8571
23.5 -35.8571
24.5 16.1429
25.5 -13.7143
26.5 -25.4286
27.5 -2.42856
28.5 -66.4286
29.5 -5.71428
30.5 -25
31.5 -13.2857
32.5 -10.2857
33.5 -27.2857
34.5 3.42858
35.5 -65.5714
36.5 -45.4286
37.5 -17.8571
38.5 37
39.5 19.1429
40.5 -4.85713
41.5 -63.2857
42.5 3.14287
43.5 23.8572
44.5 22.8572
45.5 29.5714
46.5 15.2857
47.5 11.4286
48.5 23.2857
49.5 -14.2857
50.5 12.7143
51.5 -16.7143
52.5 -36.5714
53.5 76.4286
54.5 1.7143
55.5 2.7143
56.5 -16.2857
57.5 -52.4286
58.5 -20.2857
59.5 -16.2857
60.5 -57.7143
61.5 -47.8571
62.5 56.8572
63.5 -34
64.5 -44.8571
65.5 22.5714
66.5 0.428587
67.5 -14.1428
68.5 -35.8571
69.5 -27.7143
70.5 -68.1428
71.5 29.2857
72.5 64.2857
73.5 62.2857
74.5 -54.5714
75.5 -106.714
76.5 -9.85712
77.5 -167.571
78.5 -56.5714
79.5 -49.7143
80.5 -53.4286
81.5 -28.5714
82.5 -8.85713
83.5 22.8572
84.5 4.57144
85.5 106.143
86.5 -67.7143
87.5 -44.4286
88.5 28.4286
89.5 -27
90.5 -7.14284
91.5 -39.7143
92.5 -29
93.5 44.7143
94.5 34.2857
95.5 -71.4286
96.5 -43.8571
97.5 33.2857
98.5 16.8572
99.5 -27.7143
100.5 -140
101.5 6.28573
102.5 -64.5714
103.5 -40
104.5 -38.7143
105.5 -13.7143
106.5 -38.1428
107.5 17.5714
108.5 42.5714
109.5 31.7143
110.5 84.7143
111.5 20.8572
112.5 -24.5714
113.5 62.8572
114.5 -55.4286
115.5 86.1429
116.5 52.1429
117.5 41.5714
118.5 31.8572
119.5 -147.286
120.5 70.2857
121.5 47
122.5 7.42859
123.5 -40.8571
124.5 -23.1428
125.5 24.5714
126.5 5.14288
127.5 8.57145
128.5 -68.4285
129.5 0.428593
130.5 36.5714
131.5 -72.8571
132.5 -84
133.5 -20.1428
134.5 55.5715
135.5 48.4286
136.5 -22.1428
137.5 -89.7143
138.5 -43
139.5 -101.857
140.5 -33.1428
141.5 4.85717
142.5 -69.5714
143.5 -91.4285
144.5 47.4286
145.5 -27.2857
146.5 22.1429
147.5 31.8572
148.5 -66.2857
149.5 97.8572
150.5 132.143
151.5 7.4286
152.5 114
153.5 114
154.5 34.4286
155.5 -18.4285
156.5 61.8572
157.5 2.71431
158.5 39.8572
159.5 4.14288
160.5 -55.4285
161.5 -105.714
162.5 -6.28569
163.5 -30.5714
164.5 -22.1428
165.5 -40.7143
166.5 -12.8571
167.5 -80.7143
168.5 -37.1428
169.5 -9.99997
170.5 1.00002
171.5 -64.1428
172.5 -5.71426
173.5 -10.8571
174.5 -56.4285
175.5 -207.857
176.5 -139.286
177.5 -111.571
178.5 -11.5714
179.5 -105.429
180.5 -28.4285
181.5 15.4286
182.5 18.2857
183.5 35.4286
184.5 41.7143
185.5 149
186.5 151.286
187.5 125.714
188.5 84
189.5 92.5715
190.5 97.5715
191.5 74.1429
192.5 87
193.5 129.286
194.5 114.143
195.5 56.2857
196.5 64.4286
197.5 33.7143
198.5 -22.5714
199.5 -61.1428
200.5 -32.8571
201.5 9.71431
202.5 -87.2857
203.5 -36.8571
204.5 14.4286
205.5 -111.857
206.5 -13.1428
207.5 -29.1428
208.5 -55.4285
209.5 -134.857
210.5 -180.143
211.5 -99.5714
212.5 -181.857
213.5 -200.857
214.5 -211.286
215.5 -98
216.5 -133.857
217.5 -164
218.5 -137.143
219.5 14.4286
220.5 -45.4285
221.5 74.7143
222.5 6.85717
223.5 2.4286
224.5 12.7143
225.5 -96.2857
226.5 -91.8571
227.5 -102.429
228.5 -8.85712
229.5 -70.1428
230.5 -14.2857
231.5 -142
232.5 -58.4285
233.5 -72.7143
234.5 -15.5714
235.5 14
236.5 -95.5714
237.5 -22.7143
238.5 -28.8571
239.5 34
240.5 -7.28569
241.5 -79.8571
242.5 -59.8571
243.5 83.2857
244.5 32
245.5 45.7143
246.5 35.2857
247.5 36.4286
248.5 155.571
249.5 53.5714
250.5 23.4286
251.5 0.14288
252.5 120.286
253.5 35.1429
254.5 62.1429
255.5 165.429
256.5 -7.28569
257.5 -15
258.5 90
259.5 74
260.5 81.4286
261.5 112.286
262.5 -11
263.5 44.7143
264.5 12.2857
265.5 -10.5714
266.5 -22.8571
267.5 -61.5714
268.5 14.4286
269.5 -43.8571
270.5 -121.857
271.5 -44
272.5 -24
273.5 16.8572
274.5 -34
275.5 -5.57141
276.5 -113.143
277.5 -62.7143
278.5 53.2857
279.5 -40.2857
280.5 -26.8571
281.5 -58.2857
282.5 -65.1428
283.5 31.2857
284.5 14
285.5 -63.2857
286.5 24
287.5 -2.42855
288.5 -19.2857
289.5 -48.7143
290.5 5.57145
291.5 -14.8571
292.5 -29.7143
293.5 30.1429
294.5 19.5714
295.5 -56.5714
296.5 9.00002
297.5 -23.1428
298.5 -119.714
299.5 -26.4286
300.5 8.28573
301.5 -69.4286
302.5 -53.5714
303.5 -27.1428
304.5 -107
305.5 14.7143
306.5 -22.4286
307.5 -14.1428
308.5 -78
309.5 -36.1428
310.5 -16.5714
311.5 -16.1428
312.5 -85.4286
313.5 -14.5714
314.5 -18.8571
315.5 -17.8571
316.5 -60.1428
317.5 58.8572
318.5 -54.1428
319.5 17.7143
320.5 -29.8571
321.5 -5.57141
322.5 -36.8571
323.5 -121.143
324.5 -53.7143
325.5 -62.8571
326.5 -63
327.5 -66.4286
328.5 48.7143
329.5 -17.8571
330.5 -3.85713
331.5 -86.1428
332.5 75.5714
333.5 -31.5714
334.5 24.1429
335.5 9.57144
336.5 29.8572
337.5 12.5714
338.5 -45.4286
339.5 -45.8571
340.5 83.5714
341.5 20
342.5 108.714
343.5 119.143
344.5 109.143
345.5 136.571
346.5 190.286
347.5 179.286
348.5 181.286
349.5 152.571
350.5 149.571
351.5 195
352.5 240
353.5 81.2857
354.5 167.429
355.5 49.7143
356.5 29
357.5 54.8572
358.5 38.1429
359.5 38.8572
360.5 55.7143
361.5 66
362.5 78.5714
363.5 7.28573
364.5 -12.1428
365.5 -33.5714
366.5 -14.7143
367.5 61.5714
368.5 21.7143
369.5 -75
370.5 -136.857
371.5 -157.714
372.5 -184.286
373.5 -184
374.5 -241.714
375.5 -165
376.5 -135.143
377.5 -179.286
378.5 -164.286
379.5 -161.143
380.5 -172.857
381.5 -145.571
382.5 -178.286
383.5 -139.571
384.5 -116.143
385.5 -186.857
386.5 -142.286
387.5 -30.5714
388.5 -100.571
389.5 -25.5714
390.5 25.4286
391.5 -38.5714
392.5 -46.5714
393.5 -74.8571
394.5 -12.4286
395.5 -69.2857
396.5 -15.1428
397.5 -23.8571
398.5 14.4286
399.5 59
400.5 18
401.5 89.1429
402.5 55.1429
403.5 116.143
404.5 173.714
405.5 120.714
406.5 277.714
407.5 256.714
408.5 208.429
409.5 215.571
410.5 234.714
411.5 184.286
412.5 144.286
413.5 107.143
414.5 148.857
415.5 57.8572
416.5 11
417.5 61.2857
418.5 3.85715
419.5 -37.4286
420.5 17.5714
421.5 -11.2857
422.5 -68.8571
423.5 -35.7143
424.5 -15.1428
425.5 -9.14285
426.5 -43.4286
427.5 -68.4286
428.5 -158
429.5 -247
430.5 -108.857
431.5 -272
432.5 -242.429
433.5 -243.429
434.5 -210
435.5 -145.429
436.5 -125
437.5 -85.5714
438.5 -59.8571
439.5 -37.8571
440.5 14.5714
441.5 16
442.5 49.8572
443.5 1.85715
444.5 10.1429
445.5 13.5714
446.5 -46.8571
447.5 -80.1428
448.5 -74.2857
449.5 -104
450.5 -133.571
451.5 -70.2857
452.5 -11.8571
453.5 -5.71428
454.5 17.1429
455.5 -15.2857
456.5 -38
457.5 34
458.5 -52.4286
459.5 -40.8571
460.5 52.5714
461.5 -38
462.5 -25.4286
463.5 -26
464.5 -4.42856
465.5 44.5714
466.5 41.4286
467.5 43.2857
468.5 39.5714
469.5 114.571
470.5 184.857
471.5 144.857
472.5 146.857
473.5 185.143
474.5 144
475.5 155.857
476.5 296.429
477.5 327
478.5 221
479.5 81.1429
480.5 81
481.5 127.571
482.5 41.5714
483.5 -2.85713
484.5 54.7143
485.5 -14.1428
486.5 -4.28571
487.5 -19.8571
488.5 2.14287
489.5 67.4286
490.5 58.2857
491.5 20
492.5 62
493.5 -28.8571
494.5 -21.5714
495.5 -87.1428
496.5 -204.429
497.5 -196.714
498.5 -158.429
499.5 -202.714
500.5 -126.857
501.5 -220.429
502.5 -160.571
503.5 -152.143
504.5 -118.857
505.5 -35.8571
506.5 -92.7143
507.5 -93.2857
508.5 -25
509.5 -142.857
510.5 -104.714
511.5 -30.5714
512.5 -71.5714
513.5 -46.4286
514.5 -0.571416
515.5 33.4286
516.5 -19.5714
517.5 -27.2857
518.5 -26.2857
519.5 -73.4286
520.5 11.1429
521.5 -18.5714
522.5 -51.8571
523.5 43.1429
524.5 15.2857
525.5 18.7143
526.5 45.2857
527.5 21.4286
528.5 26.5714
529.5 7.42858
530.5 12.8571
531.5 49.5714
532.5 35.2857
533.5 6.00001
534.5 39.2857
535.5 -2.99999
536.5 35.1429
537.5 -16.1429
538.5 -49.1429
539.5 -23
540.5 -2.85714
541.5 7.71429
542.5 17.8571
543.5 13.7143
544.5 4.57143
545.5 -3.14285
546.5 8.71429
547.5 18
548.5 18
549.5 -7.42856
550.5 -25
551.5 6.14286
552.5 -58.8571
553.5 13.2857
554.5 -44.5714
555.5 -67.5714
556.5 -58.8571
557.5 -51.1429
558.5 11
559.5 4.00001
560.5 -8.57142
561.5 3.57143
562.5 -9.57142
563.5 -37.8571
564.5 -19.2857
565.5 -7.57142
566.5 -41.5714
567.5 -12.5714
568.5 20.7143
569.5 12.5714
570.5 -18.1429
571.5 -28.8571
572.5 -21.4286
573.5 -9.71428
574.5 -0.285709
575.5 41.8571
576.5 -2.71428
577.5 27.2857
578.5 0.857148
579.5 -10.4286
580.5 -23.8571
581.5 30.7143
582.5 0.28572
583.5 11.5714
584.5 -55
585.5 55.7143
586.5 -10.7143
587.5 -36
588.5 -31.4286
589.5 -10.7143
590.5 19.1429
591.5 25.1429
592.5 5.00001
593.5 -11.8571
594.5 -29.2857
595.5 5.42858
596.5 -2.14285
597.5 -43
598.5 -9.85714
599.5 39
600.5 -0.71428
601.5 -44.7143
602.5 -33.8571
603.5 -9.28571
604.5 5.00001
605.5 4.00001
606.5 -29.2857
607.5 22
608.5 -35.1429
609.5 12.1429
610.5 -15.4286
611.5 -33.2857
612.5 10.8571
613.5 -20.2857
614.5 -24.1429
615.5 11.2857
616.5 2.85715
617.5 -3.71428
618.5 25.1429
619.5 -22.1429
620.5 -22
621.5 -35.5714
622.5 28
623.5 -1.57142
624.5 -4.71428
625.5 12.2857
626.5 -43.5714
627.5 -65.2857
628.5 -67.7143
629.5 -33.2857
630.5 -76.1428
631.5 0.142863
632.5 31.4286
633.5 22.7143
634.5 18
635.5 -16.2857
636.5 20.1429
637.5 -10.8571
638.5 9.71429
639.5 11.5714
640.5 33.4286
641.5 10
642.5 14.4286
643.5 16.4286
644.5 -38
645.5 47.7143
646.5 -12.2857
647.5 -13.2857
648.5 -32.1429
649.5 -97.2857
650.5 -233
651.5 -89.5714
652.5 -43.7143
653.5 -23.5714
654.5 3.42858
655.5 2.85715
656.5 6.85715
657.5 13.5714
658.5 36.1429
659.5 17.5714
660.5 48
661.5 16.1429
662.5 33.1429
663.5 19.1429
664.5 6.28572
665.5 5.71429
666.5 -24.2857
667.5 -4.99999
668.5 -37
669.5 -39.7143
670.5 -17.8571
671.5 13.4286
672.5 17.7143
673.5 -7.85714
674.5 -9.99999
675.5 6
676.5 9.28572
677.5 20
678.5 -3.42857
679.5 2.42858
680.5 -1.14285
681.5 -15
682.5 67.8571
683.5 13.2857
684.5 -31.2857
685.5 11.4286
686.5 31.8571
687.5 -54.7143
688.5 9.71429
689.5 0.142862
690.5 2.14286
691.5 -0.428567
692.5 -28
693.5 33
694.5 52.7143
695.5 -4.85714
696.5 5.71429
697.5 30.5714
698.5 48.5714
699.5 19.2857
700.5 40.4286
701.5 21.2857
702.5 -1.42857
703.5 -32.8571
704.5 33.7143
705.5 52.8571
706.5 -79.8571
707.5 -63.7143
708.5 45.5714
709.5 -25
710.5 -61.5714
711.5 -7.28571
712.5 11.2857
713.5 9.85715
714.5 -17.1429
715.5 -27.1429
716.5 -46.4286
717.5 53
718.5 13.8571
719.5 -19.1429
720.5 -10.1429
721.5 -15.4286
722.5 8.14286
723.5 -33.8571
724.5 -23.5714
725.5 -72.2857
726.5 -16.4286
727.5 -25.4286
728.5 -3.57142
729.5 -19.1429
730.5 4.71429
731.5 -8.14285
732.5 -20.4286
733.5 35.5714
734.5 -19.5714
735.5 25.1429
736.5 -43.7143
737.5 -40.7143
738.5 4
739.5 -0.28571
740.5 -40.8571
741.5 2.71429
742.5 46.1429
743.5 -20
744.5 -3
745.5 33.1429
746.5 -28.2857
747.5 11.2857
748.5 1.57143
749.5 7
750.5 -18.2857
751.5 27.4286
752.5 14.5714
753.5 13.5714
754.5 -45.8571
755.5 -19.4286
756.5 -21.4286
757.5 -15.7143
758.5 -13
759.5 36
760.5 42.5714
761.5 32
762.5 26
763.5 3.28572
764.5 -12
765.5 20.1429
766.5 -2.71428
767.5 -34.7143
768.5 54.4286
769.5 4.42858
770.5 -20.1429
771.5 9.57143
772.5 -11
773.5 -14.5714
774.5 -0.999995
775.5 -20.8571
776.5 -42.1429
777.5 16.1429
778.5 -3.28571
779.5 3.28572
780.5 1.57143
781.5 10.8571
782.5 21.2857
783.5 -1.71428
784.5 14
785.5 43.1429
786.5 11.4286
787.5 18.5714
788.5 -30.4286
789.5 -3.57142
790.5 14.8571
791.5 27.4286
792.5 17.2857
793.5 -9.14285
794.5 -26.8571
795.5 47.7143
796.5 -17
797.5 -28.5714
798.5 -1.28571
799.5 -18
800.5 10.7143
801.5 0.428576
802.5 -21.2857
803.5 16
804.5 21.5714
805.5 2
806.5 10.1429
807.5 -15.7143
808.5 24.4286
809.5 -26.4286
810.5 -2.14285
811.5 6.14286
812.5 22.5714
813.5 -35
814.5 -23.8571
815.5 -2.14285
816.5 48.7143
817.5 26.2857
818.5 -1.42857
819.5 25.1429
820.5 12.5714
821.5 46.8571
822.5 21
823.5 35
824.5 -4
825.5 13.2857
826.5 38.8571
827.5 78.5714
828.5 55.8571
829.5 56.8571
830.5 106.429
831.5 149.571
832.5 124.429
833.5 45
834.5 -23.8571
835.5 -1.85714
836.5 38
837.5 34.8571
838.5 -5.42857
839.5 -3.42857
840.5 36.1429
841.5 4.76837e-06
842.5 22.1429
843.5 -0.999995
844.5 0.285718
845.5 -10.5714
846.5 40.8571
847.5 -43
848.5 13.8571
849.5 -17.7143
850.5 11.5714
851.5 -48
852.5 1.42858
853.5 4.28572
854.5 15.1429
855.5 -34.5714
856.5 21.7143
857.5 3.42858
858.5 -5.57142
859.5 -3.71428
860.5 -9.85714
861.5 -9.57142
862.5 -3.28571
863.5 -9.99999
864.5 -17.5714
865.5 46.5714
866.5 48.1429
867.5 -25.8571
868.5 -69.4286
869.5 -101.857
870.5 -69.5714
871.5 -31.5714
872.5 4.28572
873.5 36.7143
874.5 18.8571
875.5 52.7143
876.5 55.7143
877.5 27.1429
878.5 19.1429
879.5 -39.2857
880.5 30.8571
881.5 -23
882.5 0.428576
883.5 5.00001
884.5 -25.7143
885.5 -6.28571
886.5 -16.1429
887.5 0.142863
888.5 8.28572
889.5 -1.42857
890.5 -70.2857
891.5 24.2857
892.5 -20.2857
893.5 7.28572
894.5 -11.7143
895.5 5.85715
896.5 -31.8571
897.5 -2.14285
898.5 -37.8571
899.5 3.71429
900.5 -27.5714
901.5 -5.14285
902.5 -35.2857
903.5 27.1429
904.5 6.28572
905.5 -0.428567
906.5 3.71429
907.5 27.4286
908.5 32.4286
909.5 7.28572
910.5 17
911.5 5.00001
912.5 -5.14285
913.5 -13.7143
914.5 -31.4286
915.5 -47.5714
916.5 0.142863
917.5 22.5714
918.5 36.7143
919.5 24.4286
920.5 -28
921.5 -39.5714
922.5 5.85715
923.5 31.5714
924.5 63
925.5 1.71429
926.5 -27.7143
927.5 18.1429
928.5 44.7143
929.5 11.2857
930.5 11.1429
931.5 57.8571
932.5 28.2857
933.5 30.7143
934.5 -1.57142
935.5 -13.4286
936.5 41.2857
937.5 -41.5714
938.5 -4.14285
939.5 9.28572
940.5 50.1429
941.5 38.8571
942.5 -21.8571
943.5 -7.28571
944.5 -41.2857
945.5 41.5714
946.5 -15.8571
947.5 44.7143
948.5 4
949.5 8.14286
950.5 -1.28571
951.5 5
952.5 -9.71428
953.5 16.8571
954.5 37.2857
955.5 -14.2857
956.5 12.8571
957.5 16.1429
958.5 2.71429
959.5 43.8571
960.5 -6.71428
961.5 21.4286
962.5 -16.5714
963.5 12.2857
964.5 -17
965.5 26.2857
966.5 -8.42857
967.5 -50.2857
968.5 -34.7143
969.5 3.57143
970.5 1.14286
971.5 -19.8571
972.5 6
973.5 29.1429
974.5 -48.1429
975.5 -20.4286
976.5 21.8571
977.5 -11.5714
978.5 -11.1429
979.5 -10.2857
980.5 22
981.5 -0.28571
982.5 -4.85714
983.5 19
984.5 12.4286
985.5 21.7143
986.5 27.8571
987.5 -2.14285
988.5 -5
989.5 -11.2857
990.5 21.4286
991.5 -4.42857
992.5 -16
993.5 -27.7143
994.5 3.57143
995.5 36.5714
996.5 9.28572
997.5 13
998.5 -40
999.5 -9.14285
1000.5 -5.71428
1001.5 -89
1002.5 -46.2857
1003.5 1.14286
1004.5 -25.1429
1005.5 -6.57143
1006.5 18.8571
1007.5 -32.5714
1008.5 17.4286
1009.5 7.14286
1010.5 -9.42857
1011.5 -10.2857
1012.5 -23.5714
1013.5 5.42857
1014.5 -11.1429
1015.5 -31.1429
1016.5 36.5714
1017.5 -3.71428
1018.5 -42.5714
1019.5 4
1020.5 -48.8571
1021.5 12
1022.5 -49.4286
1023.5 -38.2857
1024.5 -70.8571
1025.5 -41.8571
1026.5 -4.28571
1027.5 -6.28571
1028.5 -16.4286
1029.5 15.2857
1030.5 53.4286
1031.5 16.8571
1032.5 5.71429
1033.5 -16.1429
1034.5 8.57143
1035.5 -10.1429
1036.5 34.1429
1037.5 11.8571
1038.5 7
1039.5 29
1040.5 6.28572
1041.5 27
1042.5 15.2857
1043.5 -7
1044.5 -6.14285
1045.5 -17.8571
1046.5 0.14286
1047.5 4.28572
1048.5 23.1429
1049.5 19.4286
1050.5 -8.42857
1051.5 -28.5714
1052.5 -20.2857
1053.5 -3.42857
1054.5 -29.2857
1055.5 -12
1056.5 39.8571
1057.5 -17.1429
1058.5 17.7143
1059.5 19.1429
1060.5 9.57143
1061.5 -14.7143
1062.5 55.4286
1063.5 4.14286
1064.5 26.2857
1065.5 -27.7143
1066.5 2
1067.5 -5.14285
1068.5 2.57143
1069.5 5.71429
1070.5 -21
1071.5 33
1072.5 -22.8571
1073.5 -51.4286
1074.5 -60.7143
1075.5 -70.8571
1076.5 -8.14285
1077.5 -22.7143
1078.5 14.1429
1079.5 30.2857
1080.5 19
1081.5 -13.4286
1082.5 34.7143
1083.5 -28
1084.5 0.428574
1085.5 27.8571
1086.5 -21
1087.5 -30.8571
1088.5 -9.57143
1089.5 27.7143
1090.5 -11
1091.5 -26
1092.5 14.7143
1093.5 1.85715
1094.5 37.8571
1095.5 -12.2857
1096.5 17.4286
1097.5 -8.28571
1098.5 -15
1099.5 4.57143
1100.5 12.8571
1101.5 9.57143
1102.5 14.1429
1103.5 1.57143
1104.5 10.8571
1105.5 8.85715
1106.5 -12
1107.5 34.4286
1108.5 -14.1429
1109.5 9.28572
1110.5 -26.4286
1111.5 3.42857
1112.5 -17.2857
1113.5 -29.4286
1114.5 0.285717
1115.5 1.28572
1116.5 22.5714
1117.5 -3.14285
1118.5 0.714288
1119.5 -17.8571
1120.5 -6.14285
1121.5 0.14286
1122.5 9
1123.5 3.14287
1124.5 44.8572
1125.5 -280
1126.5 -71.9999
1127.5 -51.2857
1128.5 -16.8571
1129.5 -9.85714
1130.5 -0.999998
1131.5 29.7143
1132.5 -20.7143
1133.5 -9.71428
1134.5 -7.42857
1135.5 10.8571
1136.5 13.1429
1137.5 51.7143
1138.5 8.71429
1139.5 -1.85714
1140.5 -1.85714
1141.5 12.2857
1142.5 -2.14285
1143.5 18.4286
1144.5 35.2857
1145.5 31.4286
1146.5 17.7143
1147.5 0.857145
1148.5 -17.7143
1149.5 11.1429
1150.5 5
1151.5 -19.5714
1152.5 61.5714
1153.5 15.7143
1154.5 100.286
1155.5 208.572
1156.5 819
1157.5 641.286
1158.5 130.143
1159.5 53.7143
1160.5 18.2857
1161.5 -14.1429
1162.5 -19.4286
1163.5 -7.85714
1164.5 -18.8571
1165.5 -18.7143
1166.5 -26.5714
1167.5 12
1168.5 -19
1169.5 -0.857141
1170.5 -18.8571
1171.5 4.57143
1172.5 9.42857
1173.5 -1.71428
1174.5 -17.1429
1175.5 4.14286
1176.5 12.1429
1177.5 4.14286
1178.5 -2.57143
1179.5 -17.7143
1180.5 -20.2857
1181.5 -19.7143
1182.5 -75.1429
1183.5 -90.7143
1184.5 -43.8571
1185.5 -17.1429
1186.5 -33.7143
1187.5 -4.28571
1188.5 -20.5714
1189.5 5.71429
1190.5 14.8571
1191.5 17
1192.5 12.8571
1193.5 -15.4286
1194.5 -9.57143
1195.5 3.57143
1196.5 0.428573
1197.5 12.2857
1198.5 11.5714
1199.5 -18.7143
1200.5 -5.28571
1201.5 -0.714284
1202.5 6.57143
1203.5 -19.7143
1204.5 -13.8571
1205.5 21.2857
1206.5 -24.5714
1207.5 -3
1208.5 -19
1209.5 8.14286
1210.5 -7.42857
1211.5 -2.28571
1212.5 1.28572
1213.5 -11.2857
1214.5 -10
1215.5 -27.4286
1216.5 10.8571
1217.5 17.7143
1218.5 14.4286
1219.5 24.5714
1220.5 -2
1221.5 20.7143
1222.5 31.8571
1223.5 3.14286
1224.5 12.7143
1225.5 -18.1429
1226.5 -0.142854
1227.5 -19.5714
1228.5 -14.1429
1229.5 1.57143
1230.5 -16.2857
1231.5 -12.5714
1232.5 -9.71428
1233.5 -25.4286
1234.5 -7.14286
1235.5 14.4286
1236.5 0.428573
1237.5 -1.57143
1238.5 5.57143
1239.5 -24.7143
1240.5 -0.857142
1241.5 -3
1242.5 26.1429
1243.5 19
1244.5 18.1429
1245.5 3.71429
1246.5 -2.57143
1247.5 -16.8571
1248.5 -0.714284
1249.5 15.7143
1250.5 11
1251.5 -7.85714
1252.5 -12.4286
1253.5 -34.7143
1254.5 -9.42857
1255.5 22.7143
1256.5 8.57143
1257.5 14.1429
1258.5 8.71429
1259.5 1.28572
1260.5 -10.8571
1261.5 12.4286
1262.5 25.1429
1263.5 10.5714
1264.5 21.8571
1265.5 -23.1429
1266.5 -14.8571
1267.5 -17.5714
1268.5 -25.1429
1269.5 4.85714
1270.5 10
1271.5 -19.2857
1272.5 -0.999999
1273.5 6.57143
1274.5 -24
1275.5 -17.5714
1276.5 -13.1429
1277.5 -16.4286
1278.5 -9.42857
1279.5 -0.857141
1280.5 -7.28571
1281.5 -39.1429
1282.5 -32.1429
1283.5 -11
1284.5 -4.28571
1285.5 -2.57143
1286.5 21.5714
1287.5 7.57143
1288.5 -19.2857
1289.5 -3.71428
1290.5 -1.57143
1291.5 -4
1292.5 2
1293.5 7.42857
1294.5 9.85714
1295.5 18.2857
1296.5 7.14286
1297.5 1
1298.5 1.57143
1299.5 -3.57143
1300.5 -13.1429
1301.5 -12.5714
1302.5 19.1429
1303.5 13.5714
1304.5 12
1305.5 -4.85714
1306.5 -0.142856
1307.5 17.7143
1308.5 -10.4286
1309.5 11.5714
1310.5 -1.42857
1311.5 12.4286
1312.5 -1.85714
1313.5 -9
1314.5 4
1315.5 -23.2857
1316.5 -18.2857
1317.5 -16.5714
1318.5 -2.85714
1319.5 -1.28571
1320.5 -22.8571
1321.5 -21
1322.5 -15.1429
1323.5 -7.57143
1324.5 1.57143
1325.5 4.14286
1326.5 -4
1327.5 -14.4286
1328.5 -23.8571
1329.5 -8.85714
1330.5 -13.5714
1331.5 7.57143
1332.5 2.42857
1333.5 -0.857142
1334.5 2
1335.5 -2.42857
1336.5 -6
1337.5 -5.85714
1338.5 -5.14286
1339.5 12.2857
1340.5 -3.85714
1341.5 36
1342.5 24
1343.5 10.7143
1344.5 18.2857
1345.5 25.7143
1346.5 35.2857
1347.5 13.8571
1348.5 36.8571
1349.5 11.2857
1350.5 35
1351.5 -1.14286
1352.5 19.2857
1353.5 22.7143
1354.5 13.1429
1355.5 1.19209e-06
1356.5 -14.8571
1357.5 -8.42857
1358.5 -21.2857
1359.5 -2.57143
1360.5 0.714287
1361.5 6.28572
1362.5 9.14286
1363.5 -3
1364.5 -11.8571
1365.5 -2.85714
1366.5 3.14286
1367.5 -0.714284
1368.5 -17.7143
1369.5 3.14286
1370.5 -32.4286
1371.5 -16.4286
1372.5 -24
1373.5 -38.1429
1374.5 -53
1375.5 -6.14286
1376.5 -26.2857
1377.5 -9.14286
1378.5 -23.8571
1379.5 -16.8571
1380.5 8.85715
1381.5 17.7143
1382.5 18.5714
1383.5 -8.42857
1384.5 6.85714
1385.5 -5.71428
1386.5 -8.28571
1387.5 -9.28571
1388.5 -2.71428
1389.5 -2.42857
1390.5 -3.85714
1391.5 -4.71428
1392.5 11.5714
1393.5 7
1394.5 -30.1429
1395.5 20.1429
1396.5 2.57143
1397.5 -0.714285
1398.5 8.14286
1399.5 11.4286
1400.5 -0.285713
1401.5 14.4286
1402.5 8.57143
1403.5 7.85714
1404.5 4.42857
1405.5 7.42857
1406.5 4.42857
1407.5 1.28572
1408.5 -2.28571
1409.5 -5.42857
1410.5 9.14286
1411.5 2.28572
1412.5 -9
1413.5 -20.8571
1414.5 -19.8571
1415.5 -18
1416.5 -13.2857
1417.5 -0.857142
1418.5 -17.7143
1419.5 -27.4286
1420.5 19.7143
1421.5 -6.28571
1422.5 8.28572
1423.5 9
1424.5 2.57143
1425.5 22.5714
1426.5 7.57143
1427.5 13.8571
1428.5 -47.5714
1429.5 -3.57143
1430.5 3.85714
1431.5 11.4286
1432.5 20.4286
1433.5 10.7143
1434.5 -4
1435.5 0.714287
1436.5 5.42857
1437.5 5.28572
1438.5 19.4286
1439.5 -10.2857
1440.5 -4.28571
1441.5 -6.42857
1442.5 -6.42857
1443.5 -2.85714
1444.5 15.1429
1445.5 -21.4286
1446.5 2.85714
1447.5 -1.28571
1448.5 8.57143
1449.5 19.4286
1450.5 1.71429
1451.5 12
1452.5 12.5714
1453.5 -24.8571
1454.5 -9.14286
1455.5 -6.57143
1456.5 7.42857
1457.5 -9.85714
1458.5 8.42857
1459.5 -5
1460.5 -16.8571
1461.5 1.19209e-06
1462.5 -6.85714
1463.5 13.2857
1464.5 -25.8571
1465.5 -8.71428
1466.5 -11.8571
1467.5 -1.57143
1468.5 -28.5714
1469.5 -16.5714
1470.5 -6.85714
1471.5 31.2857
1472.5 -15.5714
1473.5 -2.71428
1474.5 5.28572
1475.5 19.2857
1476.5 -14
1477.5 8.42857
1478.5 8
1479.5 12.4286
1480.5 -5.14286
1481.5 4.71429
1482.5 -5.14286
1483.5 -3.28571
1484.5 -0.999999
1485.5 -1.57143
1486.5 -11.7143
1487.5 4.71429
1488.5 -3
1489.5 -15.4286
1490.5 -2.57143
1491.5 10.7143
1492.5 -12.2857
1493.5 -30.4286
1494.5 13.7143
1495.5 20.2857
1496.5 -7
1497.5 7.57143
1498.5 23.8572
1499.5 -2.42856
1500.5 -68.5714
1501.5 12.4286
1502.5 -11.5714
1503.5 8.28572
1504.5 -5.42857
1505.5 21.2857
1506.5 0.142858
1507.5 -7.71428
1508.5 -0.999999
1509.5 7.42857
1510.5 7
1511.5 -14.2857
1512.5 5.57143
1513.5 -2.42857
1514.5 -12.4286
1515.5 10.5714
1516.5 1.42857
1517.5 7.85714
1518.5 15.1429
1519.5 -3
1520.5 -3.57143
1521.5 -5
1522.5 8.57143
1523.5 -4.85714
1524.5 -25.4286
1525.5 -1.57143
1526.5 -9.42857
1527.5 11.4286
1528.5 10.2857
1529.5 -0.428571
1530.5 -29.8571
1531.5 5.57143
1532.5 -0.142856
1533.5 -13.7143
1534.5 -16.2857
1535.5 -5.57143
1536.5 -5.42857
1537.5 -18.8571
1538.5 -24.2857
1539.5 0.71429
1540.5 -9.28571
1541.5 -25
1542.5 -10.4286
1543.5 8
1544.5 -5.57143
1545.5 15.1429
1546.5 -1.57143
1547.5 7.28572
1548.5 -6.85714
1549.5 11.4286
1550.5 -5.42857
1551.5 -2.71428
1552.5 3.57143
1553.5 -16.8571
1554.5 13.4286
1555.5 -3.85714
1556.5 19.8571
1557.5 14
1558.5 6.28572
1559.5 -0.142856
1560.5 -2.71428
1561.5 -6.14286
1562.5 -0.999999
1563.5 2.28572
1564.5 3.42857
1565.5 25.8571
1566.5 12.1429
1567.5 1.28572
1568.5 0.285715
1569.5 13.4286
1570.5 -4.42857
1571.5 6.85714
1572.5 6.42857
1573.5 -4.57143
1574.5 20.5714
1575.5 -2.57143
1576.5 8.57143
1577.5 2.28572
1578.5 10.8571
1579.5 6.71429
1580.5 3.71429
1581.5 14
1582.5 -12.1429
1583.5 -10.4286
1584.5 -31.5714
1585.5 -54.5714
1586.5 -42.5714
1587.5 -37.8571
1588.5 -14.4286
1589.5 -1.28571
1590.5 6.71429
1591.5 -0.571428
1592.5 0.142858
1593.5 8.42857
1594.5 -15.5714
1595.5 -0.571428
1596.5 -4.85714
1597.5 -2
1598.5 1.57143
1599.5 -7.71428
1600.5 6.71429
1601.5 -7.71428
1602.5 0.714287
1603.5 4.42857
1604.5 -0.142856
1605.5 15.7143
1606.5 5.14286
1607.5 1
1608.5 -11.1429
1609.5 -5
1610.5 0.142858
1611.5 1.28572
1612.5 -13.4286
1613.5 15
1614.5 2.42857
1615.5 -3.71428
1616.5 20.4286
1617.5 7.15256e-07
1618.5 22.1429
1619.5 2.28572
1620.5 -20.8571
1621.5 -6.57143
1622.5 -7.42857
1623.5 -16
1624.5 -5.57143
1625.5 -19.1429
1626.5 -0.857142
1627.5 -14.7143
1628.5 -12.5714
1629.5 -20
1630.5 -4.71428
1631.5 2.28572
1632.5 -2.42857
1633.5 11.2857
1634.5 -3.57143
1635.5 9.14286
1636.5 6.71429
1637.5 -9.71428
1638.5 -27
1639.5 -3
1640.5 12.1429
1641.5 8.42857
1642.5 -8.57143
1643.5 -17.7143
1644.5 17.8571
1645.5 -1.71428
1646.5 -7.28571
1647.5 11.5714
1648.5 -36.2857
1649.5 -46.1429
1650.5 2.71429
1651.5 7.28572
1652.5 -12.4286
1653.5 -11.7143
1654.5 -1.85714
1655.5 25.7143
1656.5 10.1429
1657.5 2.85714
1658.5 41.7143
1659.5 -11.4286
1660.5 7.57143
1661.5 4.57143
1662.5 22
1663.5 -4.28571
1664.5 -13.2857
1665.5 10.8571
1666.5 -3.14286
1667.5 -11.4286
1668.5 -21.4286
1669.5 2.28572
1670.5 -1.71428
1671.5 -4.42857
1672.5 -18.4286
1673.5 -8.28571
1674.5 -3.57143
1675.5 0.142858
1676.5 13
1677.5 -5.85714
1678.5 -11.5714
1679.5 -12.1429
1680.5 -20.8571
1681.5 6.14286
1682.5 -0.571428
1683.5 10.2857
1684.5 -15
1685.5 0.428572
1686.5 -1.71428
1687.5 2.28572
1688.5 -1.28571
1689.5 -11.2857
1690.5 -28.5714
1691.5 -8.57143
1692.5 5.28572
1693.5 -6.14286
1694.5 15.1429
1695.5 -1.14286
1696.5 7.71429
1697.5 9.28572
1698.5 32.8571
1699.5 14.2857
1700.5 6.28572
1701.5 -0.571427
1702.5 13.2857
1703.5 21.7143
1704.5 0.428572
1705.5 5.57143
1706.5 -9.71428
1707.5 11.1429
1708.5 -4.85714
1709.5 -12.5714
1710.5 -7.85714
1711.5 -17
1712.5 12.2857
1713.5 12.2857
1714.5 9
1715.5 3.57143
1716.5 -7.42857
1717.5 18.2857
1718.5 -10.2857
1719.5 -12.2857
1720.5 -7.14286
1721.5 -10.8571
1722.5 -12.7143
1723.5 -3.28571
1724.5 -22.1429
1725.5 -3.28571
1726.5 -26.5714
1727.5 -48.7143
1728.5 -17.2857
1729.5 -18
1730.5 -12.5714
1731.5 5.57143
1732.5 -3
1733.5 -1.42857
1734.5 10
1735.5 -6.42857
1736.5 3.14286
1737.5 -23.2857
1738.5 4.71429
1739.5 -2.71428
1740.5 13.4286
1741.5 -3.57143
1742.5 -6
1743.5 -3.28571
1744.5 21.5714
1745.5 -9
1746.5 7.28572
1747.5 0.142858
1748.5 11.8571
1749.5 6.42857
1750.5 5
1751.5 7.42857
1752.5 -16
1753.5 -13.2857
1754.5 11
1755.5 -5.28571
1756.5 1.42857
1757.5 0.714286
1758.5 6.85714
1759.5 4.42857
1760.5 3.42857
1761.5 -13.1429
1762.5 -9
1763.5 -11.4286
1764.5 8.71429
1765.5 4.85714
1766.5 6.14286
1767.5 -29.7143
1768.5 -13.8571
1769.5 -4.85714
1770.5 1.57143
1771.5 -5.71428
1772.5 12.2857
1773.5 1.28572
1774.5 1.42857
1775.5 6.71429
1776.5 -14
1777.5 1.28572
1778.5 -9.14286
1779.5 4.28572
1780.5 -7
1781.5 -17.5714
1782.5 -76.8571
1783.5 -110
1784.5 -36.7143
1785.5 -23.4286
1786.5 -20.8571
1787.5 -15.1429
1788.5 -8.85714
1789.5 -11
1790.5 1.14286
1791.5 13.2857
1792.5 9.42857
1793.5 1.28572
1794.5 -3.42857
1795.5 -11.8571
1796.5 3.85714
1797.5 -2.85714
1798.5 -2.42857
1799.5 3.14286
1800.5 -12.7143
1801.5 8.85714
1802.5 4.14286
1803.5 -11.7143
1804.5 6
1805.5 1.85714
1806.5 -13.5714
1807.5 7.15256e-07
1808.5 8.42857
1809.5 -12.7143
1810.5 6.85714
1811.5 2.42857
1812.5 -3.28571
1813.5 -7.71428
1814.5 2.28572
1815.5 -13
1816.5 3.28572
1817.5 -2.71428
1818.5 -2.71429
1819.5 12.4286
1820.5 14.1429
1821.5 21.1429
1822.5 -2.57143
1823.5 -20.2857
1824.5 13.5714
1825.5 16.5714
1826.5 -9.85714
1827.5 0.428572
1828.5 -10.2857
1829.5 0.857144
1830.5 -2.14286
1831.5 -9.71428
1832.5 -2.71428
1833.5 6.28571
1834.5 -14.8571
1835.5 1.57143
1836.5 -8.28571
1837.5 4.85714
1838.5 0.285715
1839.5 7.42857
1840.5 3.42857
1841.5 15
1842.5 9.42857
1843.5 9.57143
1844.5 -10.7143
1845.5 4
1846.5 19.1429
1847.5 -4.42857
1848.5 1.57143
1849.5 -3.42857
1850.5 5
1851.5 -3.28571
1852.5 7.57143
1853.5 1.85714
1854.5 3.14286
1855.5 14
1856.5 -3.42857
1857.5 -0.714285
1858.5 9.28571
1859.5 -8
1860.5 -2.28571
1861.5 12.2857
1862.5 5.57143
1863.5 1.57143
1864.5 0.142858
1865.5 -3.28571
1866.5 1.85714
1867.5 -0.999999
1868.5 8.42857
1869.5 -9.85714
1870.5 -5.85714
1871.5 -25.5714
1872.5 -0.142856
1873.5 8.28572
1874.5 11.5714
1875.5 15.7143
1876.5 -10.4286
1877.5 5.42857
1878.5 -8.57143
1879.5 12
1880.5 -4.28571
1881.5 -14.1429
1882.5 15.8571
1883.5 7.14286
1884.5 18
1885.5 24.8571
1886.5 36.1429
1887.5 48.7143
1888.5 19.4286
1889.5 18
1890.5 23.1429
1891.5 2.57143
1892.5 7.28571
1893.5 -9
1894.5 8.28571
1895.5 2.14286
1896.5 4.57143
1897.5 2
1898.5 -1.85714
1899.5 13
1900.5 4
1901.5 -3
1902.5 -3.28571
1903.5 4.71429
1904.5 -6.71428
1905.5 4.28571
1906.5 -22.4286
1907.5 7.57143
1908.5 2.85714
1909.5 -6.57143
1910.5 1.42857
1911.5 -0.571428
1912.5 14.1429
1913.5 -7.85714
1914.5 -7.42857
1915.5 -9.57143
1916.5 17.7143
1917.5 -2.85714
1918.5 11.5714
1919.5 -5
1920.5 5.42857
1921.5 17.7143
1922.5 -9.57143
1923.5 5.42857
1924.5 6
1925.5 -4.42857
1926.5 -3.57143
1927.5 7.57143
1928.5 1.28571
1929.5 1.14286
1930.5 2.42857
1931.5 -3.85714
1932.5 5.85714
1933.5 -13.8571
1934.5 15.2857
1935.5 9.28571
1936.5 -3.28571
1937.5 21.2857
1938.5 11.5714
1939.5 -4.28571
1940.5 -5.28571
1941.5 -2.28571
1942.5 -50.4286
1943.5 -12.8571
1944.5 2
1945.5 -3
1946.5 3.57143
1947.5 7.14286
1948.5 -11.8571
1949.5 -17.7143
1950.5 14.7143
1951.5 27.5714
1952.5 13.4286
1953.5 -7.28571
1954.5 -5
1955.5 5.28571
1956.5 -7.57143
1957.5 23.4286
1958.5 8
1959.5 -25.4286
1960.5 -3.57143
1961.5 8
1962.5 4.14286
1963.5 4.85714
1964.5 4.71429
1965.5 9.85714
1966.5 -10.5714
1967.5 7.57143
1968.5 8.71429
1969.5 3.14286
1970.5 -6.57143
1971.5 15
1972.5 -16.2857
1973.5 6.71429
1974.5 6.71429
1975.5 -1.85714
1976.5 -7.14286
1977.5 -5.85714
1978.5 9.42857
1979.5 2.14286
1980.5 8
1981.5 -12
1982.5 9.85714
1983.5 -22.1429
1984.5 0.571429
1985.5 -8.42857
1986.5 3.14286
1987.5 -0.285714
1988.5 17.7143
1989.5 5.71429
1990.5 4.14286
1991.5 20
1992.5 -16.2857
1993.5 -2.71428
1994.5 -11.1429
1995.5 -19
1996.5 -16.1429
1997.5 -0.999999
1998.5 -7.71428
1999.5 -3.28571
2000.5 -10.2857
2001.5 -2.28571
2002.5 -4.42857
2003.5 19.8571
2004.5 -0.142856
2005.5 9.14286
2006.5 -9.28571
2007.5 19.7143
2008.5 -0.142856
2009.5 22.8571
2010.5 42.4286
2011.5 87.7143
2012.5 110.286
2013.5 70.4286
2014.5 33.8571
2015.5 6.71429
2016.5 31.1429
2017.5 23.2857
2018.5 20.2857
2019.5 -3.71429
2020.5 3.42857
2021.5 -5.85714
2022.5 3.14286
2023.5 3.71429
2024.5 -1
2025.5 5.42857
2026.5 -6.71429
2027.5 0.714286
2028.5 0.857143
2029.5 -10.2857
2030.5 4.57143
2031.5 -0.714285
2032.5 -5.42857
2033.5 17.2857
2034.5 -0.142857
2035.5 4.14286
2036.5 10.7143
2037.5 4.28571
2038.5 7.57143
2039.5 5.85714
2040.5 -7
2041.5 -1.42857
2042.5 12.2857
2043.5 4.42857
2044.5 -1.57143
2045.5 -1.85714
2046.5 7.57143
2047.5 -1.71429
2048.5 -8.42857
2049.5 4.85714
2050.5 -0.142857
2051.5 -8.28571
2052.5 -0.714285
2053.5 5.71429
2054.5 9.71429
2055.5 21.1429
2056.5 12.2857
2057.5 3.57143
2058.5 1.42857
2059.5 -8.28571
2060.5 -1.85714
2061.5 -1.14286
2062.5 -6
2063.5 15.4286
2064.5 7.15256e-07
2065.5 -4.71429
2066.5 -0.571428
2067.5 13.8571
2068.5 -5.85714
2069.5 -5.85714
2070.5 4.85714
2071.5 14.4286
2072.5 -31.4286
2073.5 9.57143
2074.5 5.14286
2075.5 -5.28571
2076.5 -1
2077.5 -7.85714
2078.5 -5.85714
2079.5 -5.57143
2080.5 12.5714
2081.5 -7.57143
2082.5 9.28571
2083.5 6.57143
2084.5 2.14286
2085.5 -5.14286
2086.5 -4.28571
2087.5 -10.1429
2088.5 -0.428571
2089.5 -0.142857
2090.5 11.1429
2091.5 1.28571
2092.5 -13.4286
2093.5 0.428572
2094.5 8.28571
2095.5 3.57143
2096.5 -13.1429
2097.5 1.42857
2098.5 3.28571
2099.5 2.28571
2100.5 -8.57143
2101.5 1
2102.5 1
2103.5 -11.2857
2104.5 3
2105.5 11.5714
2106.5 -7
2107.5 3.85714
2108.5 -7.42857
2109.5 3.85714
2110.5 -4.28571
2111.5 1.85714
2112.5 -1.28571
2113.5 10
2114.5 -0.285714
2115.5 0.285715
2116.5 -13.1429
2117.5 12.8571
2118.5 10.2857
2119.5 1.42857
2120.5 1.14286
2121.5 -0.714285
2122.5 -1.14286
2123.5 5.42857
2124.5 7.42857
2125.5 -0.857142
2126.5 1.42857
2127.5 1.57143
2128.5 -4
2129.5 -11.4286
2130.5 5.85714
2131.5 7.85714
2132.5 7.28571
2133.5 -13
2134.5 8.28571
2135.5 11.7143
2136.5 -12.4286
2137.5 8.42857
2138.5 6.14286
2139.5 -12.8571
2140.5 1.57143
2141.5 6.28572
2142.5 -16.8571
2143.5 -8.71428
2144.5 23.1429
2145.5 54.5714
2146.5 19
2147.5 -21.1429
2148.5 -35.5714
2149.5 -57.2857
2150.5 -8.99999
2151.5 -57.5714
2152.5 -25.5714
2153.5 6
2154.5 7.57143
2155.5 12.7143
2156.5 0.857143
2157.5 -6.28571
2158.5 8.71429
2159.5 2.42857
2160.5 -2.71429
2161.5 -5.14286
2162.5 -5.28571
2163.5 2.28571
2164.5 4.85714
2165.5 10.4286
2166.5 10.8571
2167.5 -8.42857
2168.5 2.14286
2169.5 5.57143
2170.5 -1.71429
2171.5 0.714286
2172.5 -4.71429
2173.5 -4.57143
2174.5 -12.4286
2175.5 8
2176.5 4.71429
2177.5 15.5714
2178.5 3.57143
2179.5 -7.28571
2180.5 6.71429
2181.5 2.71429
2182.5 -5.71429
2183.5 4.85714
2184.5 7.71429
2185.5 10
2186.5 16.8571
2187.5 1.57143
2188.5 -3.42857
2189.5 6.85714
2190.5 11.7143
2191.5 6.28571
2192.5 -0.571428
2193.5 -1
2194.5 12.1429
2195.5 -8.42857
2196.5 -12.7143
2197.5 2.85714
2198.5 -7.71428
2199.5 -5.71428
2200.5 -13.8571
2201.5 13
2202.5 -28.2857
2203.5 4.42857
2204.5 3.42857
2205.5 -0.142857
2206.5 1.57143
2207.5 2.71429
2208.5 6.57143
2209.5 2.71429
2210.5 4.71429
2211.5 11.8571
2212.5 8
2213.5 6.28571
2214.5 -8.42857
2215.5 -11.4286
2216.5 -8.71429
2217.5 -4
2218.5 0.142858
2219.5 1.57143
2220.5 19.4286
2221.5 -12.1429
2222.5 -0.857141
2223.5 -11.5714
2224.5 7.15256e-07
2225.5 13.2857
2226.5 -7.28571
2227.5 -3
2228.5 -6.28571
2229.5 0.714286
2230.5 8.42857
2231.5 2.28571
2232.5 -11.4286
2233.5 3.71429
2234.5 -15.2857
2235.5 7.28571
2236.5 14
2237.5 7
2238.5 -1
2239.5 -3.28571
2240.5 -9.14286
2241.5 1.57143
2242.5 -2.57143
2243.5 3.71429
2244.5 -15.5714
2245.5 0.571429
2246.5 -0.714285
2247.5 15.1429
2248.5 12.5714
2249.5 1.43051e-06
2250.5 -34.5714
2251.5 -9.71428
2252.5 -0.285714
2253.5 3.42857
2254.5 20.8571
2255.5 8.42857
2256.5 -1
2257.5 6.14286
2258.5 1.85714
2259.5 0.714286
2260.5 19
2261.5 -6.85714
2262.5 10.1429
2263.5 42
2264.5 -3.71429
2265.5 11.7143
2266.5 20
2267.5 6.71429
2268.5 2.14286
2269.5 8.42857
2270.5 1.71429
2271.5 10.7143
2272.5 10.2857
2273.5 10
2274.5 9.28571
2275.5 3.28571
2276.5 3.57143
2277.5 0.285715
2278.5 -5
2279.5 -16.2857
2280.5 -31.7143
2281.5 -44.8571
2282.5 -31.7143
2283.5 -5.85714
2284.5 -0.142857
2285.5 -1.28571
2286.5 -8.42857
2287.5 2.57143
2288.5 -7.71429
2289.5 -3.85714
2290.5 0.142858
2291.5 -1.71429
2292.5 5.28571
2293.5 -4.14286
2294.5 -6.42857
2295.5 5.71429
2296.5 -0.571428
2297.5 5.85714
2298.5 2.14286
2299.5 -15.1429
2300.5 -49.2857
2301.5 -9
2302.5 -19.8571
2303.5 -4.14286
2304.5 1.42857
2305.5 4.71429
2306.5 -0.285714
2307.5 1.71429
2308.5 2.71429
2309.5 0.571429
2310.5 -8.71429
2311.5 3.85714
2312.5 -3.42857
2313.5 3.85714
2314.5 11
2315.5 -8.28571
2316.5 -2.57143
2317.5 -4.57143
2318.5 0.285715
2319.5 -10
2320.5 -4.14286
2321.5 -6.42857
2322.5 -0.857142
2323.5 -6
2324.5 2.42857
2325.5 4.28571
2326.5 -0.857142
2327.5 3.57143
2328.5 16.1429
2329.5 1
2330.5 -1.85714
2331.5 11.8571
2332.5 1.57143
2333.5 2
2334.5 1.28571
2335.5 8.57143
2336.5 7.28571
2337.5 6
2338.5 2.85714
2339.5 -0.571428
2340.5 0.428572
2341.5 -3
2342.5 -2.28571
2343.5 -3.42857
2344.5 -1.42857
2345.5 4
2346.5 -5.71429
2347.5 11.5714
2348.5 7.28571
2349.5 11.4286
2350.5 6.57143
2351.5 -7.71429
2352.5 -5
2353.5 3
2354.5 -2.85714
2355.5 -3.57143
2356.5 7.14286
2357.5 6.85714
2358.5 2
2359.5 0.714286
2360.5 7.85714
2361.5 0.285715
2362.5 -3.28571
2363.5 6
2364.5 2.42857
2365.5 -6.14286
2366.5 -7.14286
2367.5 3
2368.5 -8.57143
2369.5 4.14286
2370.5 -1.57143
2371.5 2.85714
2372.5 0.428572
2373.5 16.5714
2374.5 13
2375.5 -7.28571
2376.5 -0.285714
2377.5 -1.14286
2378.5 -2.14286
2379.5 8.57143
2380.5 -2.42857
2381.5 6.28571
2382.5 4.14286
2383.5 -2.14286
2384.5 -12
2385.5 11.7143
2386.5 -4
2387.5 -8
2388.5 -5.57143
2389.5 -11.4286
2390.5 -1.14286
2391.5 -6.28571
2392.5 -1.42857
2393.5 8.28571
2394.5 9.42857
2395.5 -5
2396.5 -9.14286
2397.5 3.71429
2398.5 7.28571
2399.5 12.7143
2400.5 7
2401.5 12.2857
2402.5 7.14286
2403.5 -3.57143
2404.5 -5.71428
2405.5 -2.28571
2406.5 -2.14286
2407.5 -1
2408.5 5.14286
2409.5 4.28571
2410.5 -0.714285
2411.5 3.42857
2412.5 7.71429
2413.5 13.5714
2414.5 4.71429
2415.5 3.28571
2416.5 -1.57143
2417.5 4
2418.5 6
2419.5 -12.7143
2420.5 10.7143
2421.5 14
2422.5 -3.85714
2423.5 6.42857
2424.5 0.714286
2425.5 7.42857
2426.5 1.71429
2427.5 -8.14286
2428.5 -7.14286
2429.5 -1
2430.5 0.428572
2431.5 -5.57143
2432.5 -1
2433.5 9.57143
2434.5 0.857143
2435.5 -8.42857
2436.5 -9
2437.5 11
2438.5 -2.42857
2439.5 5.57143
2440.5 -3.42857
2441.5 1.71429
2442.5 1.57143
2443.5 3.14286
2444.5 6
2445.5 -3.42857
2446.5 -5
2447.5 2.85714
2448.5 9
2449.5 1.14286
2450.5 13.5714
2451.5 2.42857
2452.5 2.42857
2453.5 -13.2857
2454.5 15.5714
2455.5 -6.42857
2456.5 2.71429
2457.5 2
2458.5 -1.42857
2459.5 -3.28571
2460.5 5.28571
2461.5 -4.85714
2462.5 -2.85714
2463.5 4.85714
2464.5 -8.71429
2465.5 10.4286
2466.5 -1.42857
2467.5 2.28571
2468.5 1.14286
2469.5 -9.14286
2470.5 -3.14286
2471.5 6.71429
2472.5 -0.428571
2473.5 3.28571
2474.5 2.42857
2475.5 -1.42857
2476.5 1.85714
2477.5 5
2478.5 11
2479.5 7.28571
2480.5 -6.85714
2481.5 8.28571
2482.5 -3.42857
2483.5 -5.42857
2484.5 -2.85714
2485.5 -11.2857
2486.5 7.28571
2487.5 6.28571
2488.5 4
2489.5 -4.57143
2490.5 -5.57143
2491.5 2.42857
2492.5 2.14286
2493.5 9.85714
2494.5 9.71429
2495.5 -4.71429
2496.5 -8.14286
2497.5 11.4286
2498.5 -1.42857
2499.5 2.28571
2500.5 -0.285714
2501.5 6.42857
2502.5 13.1429
2503.5 0.428572
2504.5 7.85714
2505.5 5
2506.5 10.5714
2507.5 0.571429
2508.5 -9.85714
2509.5 10.4286
2510.5 12.2857
2511.5 -0.571428
2512.5 15
2513.5 21.5714
2514.5 4.42857
2515.5 3.28571
2516.5 6.57143
2517.5 7.85714
2518.5 30.8571
2519.5 20
2520.5 9
2521.5 6.71429
2522.5 20.2857
2523.5 -9.14286
2524.5 11.2857
2525.5 7.14286
2526.5 1.71429
2527.5 -1.42857
2528.5 -6
2529.5 -5.42857
2530.5 -8.14286
2531.5 -4
2532.5 -0.285714
2533.5 -1.85714
2534.5 7.42857
2535.5 4.28571
2536.5 11.7143
2537.5 7.28571
2538.5 -6.28571
2539.5 4
2540.5 -3.28571
2541.5 10.7143
2542.5 13.1429
2543.5 -0.714285
2544.5 7.71429
2545.5 -9.57143
2546.5 -8.42857
2547.5 5.57143
2548.5 -1.28571
2549.5 1.71429
2550.5 -4.42857
2551.5 14.4286
2552.5 -1.85714
2553.5 -0.428571
2554.5 11.5714
2555.5 15.5714
2556.5 -0.714285
2557.5 6.85714
2558.5 0.571429
2559.5 17.1429
2560.5 5.28571
2561.5 -0.285714
2562.5 8.71429
2563.5 1
2564.5 -3.14286
2565.5 -1.42857
2566.5 -1.85714
2567.5 -1.42857
2568.5 -7.85714
2569.5 6.14286
2570.5 -2.14286
2571.5 -3
2572.5 -12
2573.5 15.8571
2574.5 2.85714
2575.5 10
2576.5 -1.28571
2577.5 -6.14286
2578.5 0.428572
2579.5 2.42857
2580.5 4.28571
2581.5 9.42857
2582.5 21.1429
2583.5 8.28571
2584.5 8.14286
2585.5 7.57143
2586.5 5.42857
2587.5 9.14286
2588.5 -0.571428
2589.5 3.71429
2590.5 1.42857
2591.5 7.57143
2592.5 -4.28571
2593.5 3.14286
2594.5 10.4286
2595.5 8.85714
2596.5 5.57143
2597.5 1.28571
2598.5 5.42857
2599.5 4.76837e-07
2600.5 -3.14286
2601.5 4.85714
2602.5 -3
2603.5 -2.28571
2604.5 -0.428571
2605.5 6
2606.5 0.285715
2607.5 -3.85714
2608.5 -0.285714
2609.5 4.14286
2610.5 -1
2611.5 5.71429
2612.5 5.57143
2613.5 4.28571
2614.5 0.714286
2615.5 13.1429
2616.5 -4.28571
2617.5 -9.28571
2618.5 -29.1429
2619.5 6.28572
2620.5 12.7143
2621.5 21.5714
2622.5 21.2857
2623.5 -2.28571
2624.5 4.71429
2625.5 2.28571
2626.5 -1
2627.5 2.42857
2628.5 -4.71429
2629.5 -1.28571
2630.5 -6.85714
2631.5 7.57143
2632.5 -2.28571
2633.5 6
2634.5 -5.85714
2635.5 -10
2636.5 3.85714
2637.5 3.85714
2638.5 11.5714
2639.5 13.7143
2640.5 8.14286
2641.5 -6.85714
2642.5 -4.28571
2643.5 6.57143
2644.5 7.85714
2645.5 5.42857
2646.5 -8.42857
2647.5 -7.42857
2648.5 15.1429
2649.5 2.42857
2650.5 -1
2651.5 -2.28571
2652.5 5.71429
2653.5 -1.71429
2654.5 -13.2857
2655.5 11.4286
2656.5 -20.5714
2657.5 1.57143
2658.5 2
2659.5 -6.42857
2660.5 -5.14286
2661.5 9.57143
2662.5 -10.2857
2663.5 -3.71429
2664.5 0.714286
2665.5 5.57143
2666.5 4.71429
2667.5 -5.28571
2668.5 1.85714
2669.5 4.57143
2670.5 3.14286
2671.5 2.28571
2672.5 4.42857
2673.5 7.42857
2674.5 -4.14286
2675.5 -1.85714
2676.5 12.5714
2677.5 3
2678.5 -0.142857
2679.5 3.42857
2680.5 -3.71429
2681.5 2.85714
2682.5 -2.85714
2683.5 -3.42857
2684.5 -7
2685.5 -12.2857
2686.5 7.14286
2687.5 7.28571
2688.5 1.57143
2689.5 -10.7143
2690.5 -8.42857
2691.5 -10.5714
2692.5 1.71429
2693.5 -5
2694.5 0.857143
2695.5 -1.71429
2696.5 0.285715
2697.5 3.42857
2698.5 1
2699.5 -10.2857
2700.5 0.285715
2701.5 2.57143
2702.5 9.14286
2703.5 -8.85714
2704.5 16.1429
2705.5 -11
2706.5 5
2707.5 4.57143
2708.5 6.28571
2709.5 2.28571
2710.5 4
2711.5 -1.85714
2712.5 17.8571
2713.5 2.85714
2714.5 7.85714
2715.5 16.2857
2716.5 10.4286
2717.5 -3.85714
2718.5 -21.2857
2719.5 -13.5714
2720.5 -0.999998
2721.5 -8.85714
2722.5 -12.4286
2723.5 -28
2724.5 -25.7143
2725.5 6.71429
2726.5 -1.28571
2727.5 6.14286
2728.5 1.28571
2729.5 0.142858
2730.5 -7.71429
2731.5 2.14286
2732.5 -2.71429
2733.5 10
2734.5 4
2735.5 6.42857
2736.5 8.57143
2737.5 2.57143
2738.5 -2.57143
2739.5 -3.71429
2740.5 0.857143
2741.5 4
2742.5 11.8571
2743.5 -8.28571
2744.5 4
2745.5 14.7143
2746.5 -7.42857
2747.5 -11.7143
2748.5 5.28571
2749.5 -21.7143
2750.5 -22.7143
2751.5 -19
2752.5 -5.71429
2753.5 10
2754.5 9.28571
2755.5 -4.14286
2756.5 -11.8571
2757.5 5.14286
2758.5 -6.85714
2759.5 4.85714
2760.5 3
2761.5 -1.85714
2762.5 7.42857
2763.5 5
2764.5 5.71429
2765.5 -0.428571
2766.5 -1.14286
2767.5 5.14286
2768.5 16.7143
2769.5 10.2857
2770.5 22.1429
2771.5 20.7143
2772.5 45.1429
2773.5 100.714
2774.5 108.714
2775.5 71
2776.5 33.1429
2777.5 22
2778.5 16.5714
2779.5 10.4286
2780.5 10.4286
2781.5 -3.71429
2782.5 5.71429
2783.5 -6.85714
2784.5 7
2785.5 -3.28571
2786.5 8.42857
2787.5 12.1429
2788.5 2
2789.5 12.8571
2790.5 -4.85714
2791.5 7.85714
2792.5 6.85714
2793.5 -3.42857
2794.5 -7
2795.5 1.57143
2796.5 -2.28571
2797.5 -5.71429
2798.5 -9.57143
2799.5 5.14286
2800.5 1.57143
2801.5 5.85714
2802.5 0.571429
2803.5 -1.42857
2804.5 -0.142857
2805.5 1.28571
2806.5 3.85714
2807.5 -10.1429
2808.5 1.14286
2809.5 -1
2810.5 -14.2857
2811.5 -7
2812.5 -6.42857
2813.5 -11.4286
2814.5 11
2815.5 -7.28571
2816.5 0.285715
2817.5 0.428572
2818.5 4.28571
2819.5 -7.28571
2820.5 -3.85714
2821.5 -2
2822.5 -8
2823.5 -0.142857
2824.5 -2.57143
2825.5 10.7143
2826.5 -3
2827.5 -0.714285
2828.5 2.28571
2829.5 14.5714
2830.5 10
2831.5 -4.28571
2832.5 -7.71429
2833.5 9.28571
2834.5 8
2835.5 -4.71429
2836.5 -5.14286
2837.5 4.28571
2838.5 5.28571
2839.5 3.85714
2840.5 1.28571
2841.5 -4.42857
2842.5 4.57143
2843.5 10.7143
2844.5 -2.71429
2845.5 -7.57143
2846.5 21.7143
2847.5 7.71429
2848.5 -18.7143
2849.5 10.8571
2850.5 -5.57143
2851.5 0.428572
2852.5 0.428572
2853.5 8.42857
2854.5 -7.85714
2855.5 6.57143
2856.5 -2
2857.5 -3.71429
2858.5 -3.71429
2859.5 1.14286
2860.5 -2.57143
2861.5 9.71429
2862.5 3.57143
2863.5 -2
2864.5 -5.57143
2865.5 2.57143
2866.5 -5.57143
2867.5 8.71429
2868.5 2.38419e-07
2869.5 0.714286
2870.5 9
2871.5 -8.57143
2872.5 -4.85714
2873.5 -10.8571
2874.5 -5.85714
2875.5 2.28571
2876.5 -14.8571
2877.5 -1
2878.5 9.42857
2879.5 10.7143
2880.5 29.5714
2881.5 8.28571
2882.5 12.5714
2883.5 3.28571
2884.5 11
2885.5 -2.71429
2886.5 9.57143
2887.5 2.85714
2888.5 4.57143
2889.5 -5.85714
2890.5 0.428572
2891.5 6
2892.5 8.42857
2893.5 -1.85714
2894.5 5.57143
2895.5 9.14286
2896.5 5.57143
2897.5 -0.571428
2898.5 -3.14286
2899.5 6
2900.5 -1.57143
2901.5 3.42857
2902.5 -2.57143
2903.5 -1
2904.5 -4.28571
2905.5 8.57143
2906.5 11.1429
2907.5 7
2908.5 0.571429
2909.5 12
2910.5 6.85714
2911.5 -19.2857
2912.5 7.42857
2913.5 -2.28571
2914.5 4.71429
2915.5 -13.7143
2916.5 -13.5714
2917.5 8.57143
2918.5 -1.14286
2919.5 15.1429
2920.5 -0.142857
2921.5 -4.42857
2922.5 1.57143
2923.5 7.85714
2924.5 -10
2925.5 -10.1429
2926.5 -9.28571
2927.5 4.71429
2928.5 -4.28571
2929.5 15.2857
2930.5 0.857143
2931.5 6.57143
2932.5 -0.428571
2933.5 6.28571
2934.5 4
2935.5 -1.14286
2936.5 -7.14286
2937.5 10.5714
2938.5 1
2939.5 6.42857
2940.5 5
2941.5 -6.71429
2942.5 4.14286
2943.5 10
2944.5 4.71429
2945.5 -2.28571
2946.5 -10.1429
2947.5 12.7143
2948.5 4.71429
2949.5 -2.85714
2950.5 9.42857
2951.5 7
2952.5 14.1429
2953.5 -1.71429
2954.5 13.8571
2955.5 1.57143
2956.5 -4.71429
2957.5 -9.42857
2958.5 -5.57143
2959.5 -2.28571
2960.5 -1.71429
2961.5 8.42857
2962.5 3.57143
2963.5 7.14286
2964.5 -4.28571
2965.5 14.1429
2966.5 0.428572
2967.5 6.85714
2968.5 6.85714
2969.5 1.85714
2970.5 6.71429
2971.5 3.14286
2972.5 8.57143
2973.5 0.857143
2974.5 2
2975.5 8.14286
2976.5 5.42857
2977.5 -10.4286
2978.5 1.57143
2979.5 0.714286
2980.5 -1.42857
2981.5 13.4286
2982.5 -8.71429
2983.5 -1.71429
2984.5 9.14286
2985.5 5
2986.5 -1.14286
2987.5 19.5714
2988.5 2.42857
2989.5 -7
2990.5 -10.5714
2991.5 4.42857
2992.5 -6.57143
2993.5 -7.57143
2994.5 2.28571
2995.5 2.28571
2996.5 -4.85714
2997.5 2.42857
2998.5 10.1429
2999.5 -0.142857
3000.5 0.571429
3001.5 -4
3002.5 8
3003.5 14.7143
3004.5 5.57143
3005.5 3.85714
3006.5 10
3007.5 3.28571
3008.5 1.42857
3009.5 -4.85714
3010.5 -4.28571
3011.5 3.42857
3012.5 -1.57143
3013.5 -14
3014.5 2.85714
3015.5 -7.42857
3016.5 4.42857
3017.5 -1.14286
3018.5 9.85714
3019.5 17
3020.5 -4.42857
3021.5 6.14286
3022.5 8.28571
3023.5 -0.857142
3024.5 21.1429
3025.5 1.14286
3026.5 -1.57143
3027.5 -3.14286
3028.5 -8.85714
3029.5 7.42857
3030.5 0.285715
3031.5 3.42857
3032.5 5.14286
3033.5 -2.57143
3034.5 -2.28571
3035.5 3
3036.5 6.85714
3037.5 -3.85714
3038.5 -13.7143
3039.5 8
3040.5 12.1429
3041.5 -16.5714
3042.5 -4.71429
3043.5 -0.857142
3044.5 -0.714285
3045.5 11.1429
3046.5 -1.71429
3047.5 2
3048.5 -2.28571
3049.5 7.57143
3050.5 -7.28571
3051.5 -1.28571
3052.5 -8.28571
3053.5 5
3054.5 -2.71429
3055.5 -3.57143
3056.5 1
3057.5 6.42857
3058.5 -9.42857
3059.5 12.5714
3060.5 -1.14286
3061.5 -5.57143
3062.5 -1.14286
3063.5 -0.857142
3064.5 14.1429
3065.5 -0.714285
3066.5 6.85714
3067.5 6.42857
3068.5 3.71429
3069.5 2
3070.5 8
3071.5 10.7143
3072.5 -2.57143
3073.5 4.57143
3074.5 -3.85714
3075.5 4.42857
3076.5 7.14286
3077.5 4
3078.5 2.42857
3079.5 -0.571428
3080.5 6
3081.5 2.85714
3082.5 1.71429
3083.5 4.57143
3084.5 8.57143
3085.5 0.142857
3086.5 6.28571
3087.5 9.28571
3088.5 -8.85714
3089.5 -8
3090.5 -1
3091.5 12.4286
3092.5 7.42857
3093.5 10.1429
3094.5 10.5714
3095.5 2.42857
3096.5 -0.285714
3097.5 -0.428571
3098.5 0.571429
3099.5 -1.42857
3100.5 -1
3101.5 6.42857
3102.5 6
3103.5 15.1429
3104.5 1.71429
3105.5 -0.142857
3106.5 1.57143
3107.5 -6.14286
3108.5 0.714286
3109.5 -3.85714
3110.5 -5.57143
3111.5 7.42857
3112.5 -2.28571
3113.5 3.71429
3114.5 7.14286
3115.5 -2.28571
3116.5 11.8571
3117.5 3.42857
3118.5 -3.28571
3119.5 0.857143
3120.5 2.38419e-07
3121.5 2.38419e-07
3122.5 3
3123.5 3.28571
3124.5 0.285715
3125.5 2.14286
3126.5 9
3127.5 0.428572
3128.5 -5
3129.5 -3.28571
3130.5 -4.42857
3131.5 1.71429
3132.5 13.8571
3133.5 3.85714
3134.5 1.42857
3135.5 3.42857
3136.5 12.2857
3137.5 6.28571
3138.5 3.42857
3139.5 10.8571
3140.5 2.85714
3141.5 -0.571428
3142.5 4.42857
3143.5 2.57143
3144.5 4.85714
3145.5 3.57143
3146.5 -3.28571
3147.5 -1.42857
3148.5 -6.85714
3149.5 4.57143
3150.5 7.14286
3151.5 -9.85714
3152.5 1.28571
3153.5 5.57143
3154.5 -3.14286
3155.5 1.42857
3156.5 -5.28571
3157.5 7
3158.5 -8.42857
3159.5 -2.85714
3160.5 2.57143
3161.5 6.42857
3162.5 2.28571
3163.5 -6.14286
3164.5 -4.71429
3165.5 -1.28571
3166.5 -0.571428
3167.5 5.71429
3168.5 13.1429
3169.5 3.42857
3170.5 2.57143
3171.5 11.5714
3172.5 0.857143
3173.5 0.571429
3174.5 -0.428571
3175.5 9.14286
3176.5 3.28571
3177.5 -6
3178.5 2.42857
3179.5 -10.2857
3180.5 -1
3181.5 7.71429
3182.5 1.42857
3183.5 9.71429
3184.5 16.5714
3185.5 1.28571
3186.5 3
3187.5 5.42857
3188.5 7.42857
3189.5 -6.28571
3190.5 -0.285714
3191.5 4.71429
3192.5 1.28571
3193.5 6.14286
3194.5 8.14286
3195.5 -12
3196.5 6
3197.5 -11.8571
3198.5 -3.14286
3199.5 18.2857
3200.5 -1.42857
3201.5 -9
3202.5 21.2857
3203.5 0.285715
3204.5 6
3205.5 -0.285714
3206.5 -8.28571
3207.5 9.57143
3208.5 1.85714
3209.5 2.42857
3210.5 7
3211.5 6.57143
3212.5 -0.142857
3213.5 5.42857
3214.5 -8.71429
3215.5 -3.71429
3216.5 5.85714
3217.5 2.38419e-07
3218.5 -2.71429
3219.5 4.42857
3220.5 1.28571
3221.5 7.42857
3222.5 11.8571
3223.5 6.42857
3224.5 -5
3225.5 -2
3226.5 0.714286
3227.5 5.57143
3228.5 2.57143
3229.5 -5.85714
3230.5 5.14286
3231.5 14.1429
3232.5 -2.57143
3233.5 -1.28571
3234.5 -7.85714
3235.5 -2.85714
3236.5 0.857143
3237.5 2.71429
3238.5 12.7143
3239.5 -3.42857
3240.5 4
3241.5 -1.14286
3242.5 -5.57143
3243.5 8
3244.5 -6.85714
3245.5 2.42857
3246.5 13
3247.5 -0.142857
3248.5 14.7143
3249.5 1.85714
3250.5 -10.7143
3251.5 -4.57143
3252.5 -1.71429
3253.5 5.57143
3254.5 -7.14286
3255.5 1.71429
3256.5 -4.42857
3257.5 -1.57143
3258.5 -1
3259.5 -0.428571
3260.5 0.571429
3261.5 0.428572
3262.5 8.57143
3263.5 1
3264.5 4
3265.5 -1.71429
3266.5 2.57143
3267.5 7
3268.5 -1
3269.5 5.14286
3270.5 10.1429
3271.5 5.42857
3272.5 4.85714
3273.5 -1.14286
3274.5 -2
3275.5 -3.14286
3276.5 5.57143
3277.5 4.71429
3278.5 -4
3279.5 12.1429
3280.5 0.428572
3281.5 -0.571428
3282.5 5.28571
3283.5 4.57143
3284.5 6.14286
3285.5 -1.57143
3286.5 0.571429
3287.5 -1.14286
3288.5 1.71429
3289.5 -0.428571
3290.5 -1.42857
3291.5 -1
3292.5 -8.71429
3293.5 10.7143
3294.5 10.7143
3295.5 4
3296.5 8.71429
3297.5 9.14286
3298.5 6.42857
3299.5 2.85714
3300.5 12.5714
3301.5 -7.71428
3302.5 2.42857
3303.5 -11.1429
3304.5 6.57143
3305.5 -1.14286
3306.5 10.5714
3307.5 -8.28571
3308.5 -4
3309.5 4.14286
3310.5 1.85714
3311.5 8.57143
3312.5 4.14286
3313.5 -0.714285
3314.5 7.28571
3315.5 7.14286
3316.5 2.28571
3317.5 3.57143
3318.5 10.8571
3319.5 5.57143
3320.5 9.85714
3321.5 -3.85714
3322.5 -3.57143
3323.5 -11.7143
3324.5 -3.57143
3325.5 -17.7143
3326.5 4.85714
3327.5 10.1429
3328.5 -1.57143
3329.5 7.71429
3330.5 4.14286
3331.5 -3.57143
3332.5 0.142857
3333.5 3.57143
3334.5 5.85714
3335.5 10.7143
3336.5 -4.14286
3337.5 -7.85714
3338.5 3.57143
3339.5 10.8571
3340.5 10.4286
3341.5 7.14286
3342.5 -0.714285
3343.5 1.71429
3344.5 2.38419e-07
3345.5 7.14286
3346.5 5.14286
3347.5 -3.71429
3348.5 -5.14286
3349.5 3.57143
3350.5 5.14286
3351.5 -0.571428
3352.5 5
3353.5 12
3354.5 7.28571
3355.5 -1.85714
3356.5 1.85714
3357.5 -2.42857
3358.5 3.14286
3359.5 -5.71429
3360.5 9.57143
3361.5 8.28571
3362.5 3.71429
3363.5 2.85714
3364.5 -13.5714
3365.5 -4.85714
3366.5 -13.4286
3367.5 -24.1429
3368.5 -14.8571
3369.5 -12.5714
3370.5 1.42857
3371.5 -6
3372.5 3.71429
3373.5 1.71429
3374.5 -3.71429
3375.5 2
3376.5 4.71429
3377.5 1.42857
3378.5 2.85714
3379.5 16
3380.5 24.5714
3381.5 33.8571
3382.5 31.8571
3383.5 28
3384.5 16
3385.5 12
3386.5 14
3387.5 8.14286
3388.5 2.85714
3389.5 31.8571
3390.5 36
3391.5 36.2857
3392.5 45.5714
3393.5 35.5714
3394.5 30.5714
3395.5 18
3396.5 31.4286
3397.5 10.4286
3398.5 5.71429
3399.5 4.57143
3400.5 3
3401.5 0.428572
3402.5 -1.14286
3403.5 -1.85714
3404.5 9.85714
3405.5 3
3406.5 -7.71429
3407.5 15.8571
3408.5 7.14286
3409.5 -4.57143
3410.5 -5
3411.5 2.14286
3412.5 3.28571
3413.5 6.42857
3414.5 5.14286
3415.5 4.42857
3416.5 7.57143
3417.5 -1.71429
3418.5 -6.71429
3419.5 0.714286
3420.5 -5.71429
3421.5 -13
3422.5 -17
3423.5 -8.57143
3424.5 -14.2857
3425.5 -3.42857
3426.5 -20.7143
3427.5 -45
3428.5 25.8571
3429.5 0.57143
3430.5 -11.5714
3431.5 -12
3432.5 0.285715
3433.5 5.57143
3434.5 9.42857
3435.5 -9.14286
3436.5 -3.57143
3437.5 11.8571
3438.5 2.14286
3439.5 6.85714
3440.5 6.42857
3441.5 5.85714
3442.5 3.85714
3443.5 2
3444.5 2.38419e-07
3445.5 1.85714
3446.5 4.71429
3447.5 4.57143
3448.5 -1.42857
3449.5 -5.28571
3450.5 -4.42857
3451.5 0.428572
3452.5 -5
3453.5 5.42857
3454.5 4
3455.5 -2.85714
3456.5 3.57143
3457.5 1.71429
3458.5 6.28571
3459.5 10.7143
3460.5 -2.28571
3461.5 -0.857143
3462.5 -2
3463.5 5.71429
3464.5 6.71429
3465.5 -6.71429
3466.5 -4
3467.5 -0.857143
3468.5 -1.57143
3469.5 1.71429
3470.5 1.71429
3471.5 4.71429
3472.5 5.28571
3473.5 5.28571
3474.5 4.14286
3475.5 -4.14286
3476.5 6.57143
3477.5 12.1429
3478.5 1.71429
3479.5 1.85714
3480.5 1.14286
3481.5 1.57143
3482.5 2.28571
3483.5 4.71429
3484.5 6.28571
3485.5 6.14286
3486.5 5.14286
3487.5 -1.14286
3488.5 -0.571428
3489.5 11
3490.5 -0.857142
3491.5 -6.14286
3492.5 1.14286
3493.5 -5
3494.5 -3.42857
3495.5 -8.57143
3496.5 -3.42857
3497.5 4.57143
3498.5 1.57143
3499.5 7.28571
3500.5 3.71429
3501.5 2.85714
3502.5 2.71429
3503.5 7.57143
3504.5 5.28571
3505.5 1.57143
3506.5 6.14286
3507.5 4.57143
3508.5 3.71429
3509.5 7
3510.5 8.14286
3511.5 -1.42857
3512.5 5.28571
3513.5 -0.571428
3514.5 3.14286
3515.5 2.71429
3516.5 -0.285714
3517.5 -3
3518.5 0.142857
3519.5 0.714286
3520.5 6.14286
3521.5 4.42857
3522.5 3.71429
3523.5 1.14286
3524.5 -1
3525.5 2.57143
3526.5 2.38419e-07
3527.5 8.57143
3528.5 -9.28571
3529.5 9.85714
3530.5 -1.42857
3531.5 16.4286
3532.5 8.71429
3533.5 9.14286
3534.5 -6.57143
3535.5 5.85714
3536.5 2.71429
3537.5 -6.14286
3538.5 -2.42857
3539.5 -4.42857
3540.5 1.71429
3541.5 2.71429
3542.5 6.28571
3543.5 9
3544.5 -3
3545.5 9.28571
3546.5 5.28571
3547.5 1.71429
3548.5 2.85714
3549.5 4.71429
3550.5 -0.285714
3551.5 -2.85714
3552.5 3.57143
3553.5 -6
3554.5 6.28571
3555.5 -4
3556.5 -3
3557.5 6.42857
3558.5 4.71429
3559.5 5.85714
3560.5 -2.85714
3561.5 -1.28571
3562.5 9.85714
3563.5 -4.42857
3564.5 1.14286
3565.5 8.14286
3566.5 4.14286
3567.5 9.85714
3568.5 4.28571
3569.5 -1.85714
3570.5 8.71429
3571.5 -0.142857
3572.5 2.28571
3573.5 6.42857
3574.5 1.71429
3575.5 2.71429
3576.5 0.142857
3577.5 6.14286
3578.5 7.14286
3579.5 6.14286
3580.5 4.42857
3581.5 4.71429
3582.5 -6.85714
3583.5 2.57143
3584.5 7.85714
3585.5 3.71429
3586.5 0.714286
3587.5 3.71429
3588.5 5.28571
3589.5 7.85714
3590.5 -6.14286
3591.5 7.28571
3592.5 2.57143
3593.5 -0.428571
3594.5 4.71429
3595.5 -5
3596.5 5.85714
3597.5 -1.85714
3598.5 9.42857
3599.5 5.28571
3600.5 7.42857
3601.5 8.28571
3602.5 3.28571
3603.5 1
3604.5 3.28571
3605.5 1.85714
3606.5 7.28571
3607.5 4.42857
3608.5 10.4286
3609.5 8.85714
3610.5 6.42857
3611.5 2.85714
3612.5 -0.285714
3613.5 4.85714
3614.5 1.14286
3615.5 1.14286
3616.5 3.57143
3617.5 -2.28571
3618.5 -2.42857
3619.5 11.4286
3620.5 -2
3621.5 5.14286
3622.5 1.71429
3623.5 -6.14286
3624.5 10.5714
3625.5 10.1429
3626.5 -7.85714
3627.5 3.85714
3628.5 5.28571
3629.5 9.71429
3630.5 11.7143
3631.5 -1
3632.5 0.571429
3633.5 5
3634.5 2.85714
3635.5 1.57143
3636.5 2.42857
3637.5 10.8571
3638.5 7.28571
3639.5 -0.142857
3640.5 -1.57143
3641.5 -2
3642.5 12.2857
3643.5 -15.1429
3644.5 17.8571
3645.5 17.2857
3646.5 24.4286
3647.5 20.2857
3648.5 -5.28571
3649.5 0.428572
3650.5 8.57143
3651.5 5.28571
3652.5 4.28571
3653.5 5.85714
3654.5 2.14286
3655.5 1.85714
3656.5 4.14286
3657.5 10.2857
3658.5 21
3659.5 9.42857
3660.5 0.857143
3661.5 1.42857
3662.5 3
3663.5 6.14286
3664.5 -1.42857
3665.5 5.42857
3666.5 7.85714
3667.5 -2.28571
3668.5 7.85714
3669.5 1.42857
3670.5 0.142857
3671.5 3.28571
3672.5 3.71429
3673.5 11
3674.5 -0.285714
3675.5 -17.1429
3676.5 10.2857
3677.5 6.28571
3678.5 5.71429
3679.5 2.85714
3680.5 10
3681.5 6.42857
3682.5 8.85714
3683.5 -0.857143
3684.5 -0.142857
3685.5 -2.42857
3686.5 5.85714
3687.5 6.85714
3688.5 -1.28571
3689.5 2.85714
3690.5 -2.42857
3691.5 2.42857
3692.5 10.4286
3693.5 12
3694.5 0.571429
3695.5 3.85714
3696.5 -0.142857
3697.5 -3.28571
3698.5 0.857143
3699.5 4.28571
3700.5 3.28571
3701.5 9.71429
3702.5 3.28571
3703.5 2.28571
3704.5 8.42857
3705.5 4.28571
3706.5 4.85714
3707.5 7.85714
3708.5 0.142857
3709.5 2.38419e-07
3710.5 1.14286
3711.5 6
3712.5 3.42857
3713.5 5.42857
3714.5 0.714286
3715.5 0.571429
3716.5 2.71429
3717.5 5.28571
3718.5 5.71429
3719.5 -1.28571
3720.5 2.14286
3721.5 4.14286
3722.5 4.85714
3723.5 6.14286
3724.5 0.571429
3725.5 -0.428571
3726.5 -7.57143
3727.5 -4.42857
3728.5 3.71429
3729.5 2.42857
3730.5 1.85714
3731.5 -1.71429
3732.5 -3
3733.5 5.42857
3734.5 1.57143
3735.5 2.28571
3736.5 -5.42857
3737.5 1.14286
3738.5 -4.28571
3739.5 0.142857
3740.5 7.42857
3741.5 10.2857
3742.5 -1.71429
3743.5 3.57143
3744.5 -5.28571
3745.5 -5.57143
3746.5 -4.14286
3747.5 -6.71428
3748.5 -33.2857
3749.5 4.57143
3750.5 -5.14286
3751.5 -5.14286
3752.5 3.71429
3753.5 5.28571
3754.5 2.28571
3755.5 4.28571
3756.5 3.85714
3757.5 2.85714
3758.5 -0.285714
3759.5 3
3760.5 -3.71429
3761.5 -1.28571
3762.5 7
3763.5 2.42857
3764.5 3.85714
3765.5 -0.285714
3766.5 6.42857
3767.5 6.42857
3768.5 -3.28571
3769.5 -0.285714
3770.5 5.42857
3771.5 0.857143
3772.5 -3.28571
3773.5 1.14286
3774.5 1.71429
3775.5 2.38419e-07
3776.5 -2.14286
3777.5 -3.14286
3778.5 5.42857
3779.5 0.428571
3780.5 6.85714
3781.5 5.85714
3782.5 3.85714
3783.5 -1.71429
3784.5 -0.428571
3785.5 -8.28571
3786.5 2.71429
3787.5 -4.42857
3788.5 -0.857143
3789.5 3.28571
3790.5 4.28571
3791.5 3.28571
3792.5 -1.28571
3793.5 3.42857
3794.5 0.285714
3795.5 2.85714
3796.5 3
3797.5 0.428571
3798.5 -1.71429
3799.5 -0.714286
3800.5 1.28571
3801.5 1.85714
3802.5 3
3803.5 3
3804.5 6
3805.5 -2.28571
3806.5 4.85714
3807.5 7.85714
3808.5 -2.85714
3809.5 -6.57143
3810.5 -2.28571
3811.5 -2.71429
3812.5 2.71429
3813.5 -0.571429
3814.5 5.42857
3815.5 5.42857
3816.5 2.28571
3817.5 1.28571
3818.5 8
3819.5 5.42857
3820.5 2.85714
3821.5 3
3822.5 2.85714
3823.5 -0.857143
3824.5 -1.85714
3825.5 6.85714
3826.5 9.28571
3827.5 2.71429
3828.5 3.28571
3829.5 5.85714
3830.5 5
3831.5 -0.142857
3832.5 -0.857143
3833.5 1.42857
3834.5 -3.85714
3835.5 4
3836.5 0.857143
3837.5 -1.71429
3838.5 2.42857
3839.5 0.285714
3840.5 4.85714
3841.5 2.85714
3842.5 5.28571
3843.5 0.285714
3844.5 1.28571
3845.5 3.85714
3846.5 -3.57143
3847.5 -2
3848.5 -1.71429
3849.5 8.42857
3850.5 5
3851.5 -0.857143
3852.5 2.42857
3853.5 1.85714
3854.5 2.42857
3855.5 1.28571
3856.5 10.4286
3857.5 6.28571
3858.5 2.28571
3859.5 7.14286
3860.5 4.85714
3861.5 12.1429
3862.5 5.42857
3863.5 0.142857
3864.5 -2.85714
3865.5 -6.57143
3866.5 10.1429
3867.5 -9.42857
3868.5 -9.14286
3869.5 -0.999999
3870.5 -20
3871.5 -11.4286
3872.5 -8.28571
3873.5 -0.285714
3874.5 2.14286
3875.5 2.71429
3876.5 2.85714
3877.5 -0.285714
3878.5 -1.28571
3879.5 4.42857
3880.5 5.42857
3881.5 10
3882.5 -3.14286
3883.5 1.42857
3884.5 5
3885.5 2
3886.5 1
3887.5 -2.28571
3888.5 -0.142857
3889.5 4
3890.5 -0.285714
3891.5 -0.714286
3892.5 4.42857
3893.5 4.42857
3894.5 7.42857
3895.5 8.42857
3896.5 3.71429
3897.5 18.4286
3898.5 37.2857
3899.5 64.8571
3900.5 133.429
3901.5 196.143
3902.5 255.714
3903.5 225.143
3904.5 164.143
3905.5 91.4286
3906.5 49.2857
3907.5 41.2857
3908.5 44.4286
3909.5 21.2857
3910.5 20.4286
3911.5 5.42857
3912.5 1.85714
3913.5 3.42857
3914.5 -0.142857
3915.5 2.42857
3916.5 3
3917.5 -0.571429
3918.5 -2.85714
3919.5 -4.28571
3920.5 -3.28571
3921.5 -5.28571
3922.5 -4.85714
3923.5 -3.71429
3924.5 -5.28571
3925.5 -4.42857
3926.5 -1.57143
3927.5 -2.71429
3928.5 -3.28571
3929.5 -0.142857
3930.5 0.428571
3931.5 -5.28571
3932.5 -12.1429
3933.5 -13.7143
3934.5 -20.5714
3935.5 -13.8571
3936.5 -3.85714
3937.5 -3
3938.5 -4.85714
3939.5 -2.14286
3940.5 -1.14286
3941.5 -0.142857
3942.5 2.42857
3943.5 2.42857
3944.5 -1.14286
3945.5 2.42857
3946.5 0.428571
3947.5 2.85714
3948.5 -0.142857
3949.5 1.42857
3950.5 -1.71429
3951.5 -3.28571
3952.5 -1.71429
3953.5 2
3954.5 -0.285714
3955.5 -0.142857
3956.5 -1.14286
3957.5 -3.85714
3958.5 -2.14286
3959.5 -3.28571
3960.5 -5.42857
3961.5 -2.71429
3962.5 -0.571429
3963.5 -2.14286
3964.5 -0.714286
3965.5 -2.28571
3966.5 1.42857
3967.5 1
3968.5 0.428571
3969.5 0.285714
3970.5 4
3971.5 8
3972.5 -2.85714
3973.5 6.42857
3974.5 1.28571
3975.5 3.28571
3976.5 2.85714
3977.5 -6.42857
3978.5 0
3979.5 4
3980.5 -1.71429
3981.5 -2.71429
3982.5 4
3983.5 -0.571429
3984.5 1.85714
3985.5 0.857143
3986.5 -0.571429
3987.5 -1.71429
3988.5 5
3989.5 4.42857
3990.5 -0.142857
3991.5 3.42857
3992.5 0.428571
3993.5 -0.142857
3994.5 1.28571
3995.5 -0.142857
3996.5 -2.71429
3997.5 1.42857
3998.5 -1.14286
3999.5 2
4000.5 2.42857
4001.5 -2.14286
4002.5 -1.28571
4003.5 1.85714
4004.5 0.714286
4005.5 1.42857
4006.5 -3.71429
4007.5 -0.142857
4008.5 -1.71429
4009.5 -0.714286
4010.5 -1.57143
4011.5 4
4012.5 4
4013.5 -1.14286
4014.5 2.42857
4015.5 1
4016.5 -1.14286
4017.5 1.42857
4018.5 -5.85714
4019.5 0.857143
4020.5 2
4021.5 6
4022.5 2
4023.5 8.42857
4024.5 0.857143
4025.5 3
4026.5 -1.57143
4027.5 -1.14286
4028.5 1.42857
4029.5 2
4030.5 -0.142857
4031.5 -3.71429
4032.5 1.42857
4033.5 -3.14286
4034.5 -0.571429
4035.5 0.857143
4036.5 0.428571
4037.5 2.42857
4038.5 0.428571
4039.5 0.857143
4040.5 1.42857
4041.5 3
4042.5 -1.14286
4043.5 0.428571
4044.5 2
4045.5 -2.14286
4046.5 -2.14286
4047.5 -0.571429
4048.5 -3.71429
4049.5 -1.71429
4050.5 1
4051.5 2
4052.5 2
4053.5 -4.28571
4054.5 3.42857
4055.5 -0.571429
4056.5 0.428571
4057.5 2.42857
4058.5 -1.14286
4059.5 -3.28571
4060.5 -0.571429
4061.5 -3.28571
4062.5 0.857143
4063.5 3
4064.5 -0.857143
4065.5 1.42857
4066.5 -0.714286
4067.5 2.85714
4068.5 1.42857
4069.5 -5.28571
4070.5 -2.71429
4071.5 0.285714
4072.5 0.857143
4073.5 0
4074.5 0.857143
4075.5 0.428571
4076.5 -1.14286
4077.5 3
4078.5 0.857143
4079.5 -1.71429
4080.5 0
4081.5 -0.571429
4082.5 -1.71429
4083.5 -1.14286
4084.5 2.85714
4085.5 1.42857
4086.5 1.42857
4087.5 1.42857
4088.5 -2.71429
4089.5 4.42857
4090.5 4
4091.5 -1.14286
4092.5 -2.71429
4093.5 -5.28571
4094.5 3
4095.5 3
4096.5 1.42857
4097.5 -0.714286
4098.5 3
4099.5 -0.571429
4100.5 0.857143
4101.5 -0.142857
4102.5 -2.14286
4103.5 -3.71429
4104.5 -2.71429
4105.5 -1.14286
4106.5 2.42857
4107.5 -4.71429
4108.5 2
4109.5 3.42857
4110.5 -1.14286
4111.5 -1.28571
4112.5 2.85714
4113.5 -3.71429
4114.5 0.428571
4115.5 2
4116.5 2
4117.5 0.428571
4118.5 -5.28571
4119.5 3
4120.5 0.428571
4121.5 -2.14286
4122.5 2.85714
4123.5 -4.28571
4124.5 1.28571
4125.5 4
4126.5 1.28571
4127.5 4.42857
4128.5 0.428571
4129.5 -6.85714
4130.5 3.42857
4131.5 -2.71429
4132.5 6.28571
4133.5 0.285714
4134.5 -2.42857
4135.5 0.142857
4136.5 -5.85714
4137.5 -15.5714
4138.5 -6.28571
4139.5 -19.5714
4140.5 -15.2857
4141.5 2.85714
4142.5 -3.57143
4143.5 -6.57143
4144.5 2.85714
4145.5 1.85714
4146.5 5
4147.5 1.42857
4148.5 -2.14286
4149.5 -3.28571
4150.5 0.857143
4151.5 -6.28571
4152.5 1.85714
4153.5 -3.28571
4154.5 0.428571
4155.5 1.85714
4156.5 -1.71429
4157.5 -3.71429
4158.5 0.857143
4159.5 5
4160.5 -2.28571
4161.5 5.42857
4162.5 -1.57143
4163.5 7
4164.5 2.42857
4165.5 -3.28571
4166.5 2.85714
4167.5 -3.28571
4168.5 -8.14286
4169.5 1.28571
4170.5 5.85714
4171.5 5
4172.5 0.428571
4173.5 1.42857
4174.5 -1.14286
4175.5 -5.28571
4176.5 6
4177.5 0.857143
4178.5 -4.28571
4179.5 3
4180.5 -0.714286
4181.5 -0.571429
4182.5 -0.571429
4183.5 0.857143
4184.5 1.42857
4185.5 -1.71429
4186.5 -2.71429
4187.5 2.42857
4188.5 0.857143
4189.5 1.85714
4190.5 3.42857
4191.5 -1.28571
4192.5 4.42857
4193.5 -1.14286
4194.5 -5.85714
4195.5 3
4196.5 -2.71429
4197.5 -0.571429
4198.5 3
4199.5 1
4200.5 0.857143
4201.5 -1.28571
4202.5 -0.571429
4203.5 -0.142857
4204.5 -3.71429
4205.5 -0.142857
4206.5 -0.142857
4207.5 -1.14286
4208.5 0.857143
4209.5 -0.571429
4210.5 2.42857
4211.5 5.85714
4212.5 2.42857
4213.5 -0.142857
4214.5 -3.71429
4215.5 2.42857
4216.5 -0.714286
4217.5 -3.85714
4218.5 1.28571
4219.5 3.28571
4220.5 1.85714
4221.5 1.42857
4222.5 1.42857
4223.5 -0.714286
4224.5 5
4225.5 -3.14286
4226.5 0.857143
4227.5 0.857143
4228.5 1
4229.5 4
4230.5 2
4231.5 -1.14286
4232.5 3.42857
4233.5 1.71429
4234.5 2
4235.5 -0.571429
4236.5 -3.71429
4237.5 -1.14286
4238.5 -1.14286
4239.5 -3.71429
4240.5 -2.14286
4241.5 -3.71429
4242.5 1
4243.5 0.285714
4244.5 1.42857
4245.5 0.428571
4246.5 -2.71429
4247.5 -3.28571
4248.5 -0.571429
4249.5 0.428571
4250.5 -1.14286
4251.5 0.428571
4252.5 1.42857
4253.5 -1.71429
4254.5 -1.71429
4255.5 -0.571429
4256.5 -3.71429
4257.5 -1.28571
4258.5 5
4259.5 -2.28571
4260.5 -7
4261.5 -0.571429
4262.5 -0.142857
4263.5 0.428571
4264.5 -2.71429
4265.5 -2.28571
4266.5 -0.142857
4267.5 0.428571
4268.5 -1.14286
4269.5 -9
4270.5 4
4271.5 -0.142857
4272.5 -1.14286
4273.5 -1.57143
4274.5 0.285714
4275.5 4.42857
4276.5 1.42857
4277.5 -3.14286
4278.5 -0.571429
4279.5 -1.14286
4280.5 -1.14286
4281.5 -1.71429
4282.5 5
4283.5 1.42857
4284.5 -2.71429
4285.5 5
4286.5 -5.28571
4287.5 -3.85714
4288.5 -1.71429
4289.5 0.428571
4290.5 2.42857
4291.5 -0.857143
4292.5 1.42857
4293.5 6
4294.5 -5.28571
4295.5 -2.85714
4296.5 3
4297.5 -1.28571
4298.5 1.85714
4299.5 0.428571
4300.5 -4.85714
4301.5 -4.85714
4302.5 4
4303.5 -2.14286
4304.5 -0.142857
4305.5 3.42857
4306.5 -9
4307.5 -3.71429
4308.5 -4.28571
4309.5 3.42857
4310.5 2.85714
4311.5 -0.714286
4312.5 -1.71429
4313.5 -1.57143
4314.5 0.857143
4315.5 1.85714
4316.5 -2.14286
4317.5 -0.714286
4318.5 4.42857
4319.5 3.42857
4320.5 0.428571
4321.5 0.857143
4322.5 -1.57143
4323.5 2.42857
4324.5 -2.14286
4325.5 1.42857
4326.5 0.428571
4327.5 2.42857
4328.5 -2.14286
4329.5 -0.142857
4330.5 -0.571429
4331.5 1.42857
4332.5 -0.142857
4333.5 -4.28571
4334.5 -3.71429
4335.5 -2.14286
4336.5 -3.14286
4337.5 -0.714286
4338.5 0.857143
4339.5 0.428571
4340.5 -4.85714
4341.5 2
4342.5 2
4343.5 -0.142857
4344.5 1.42857
4345.5 0.285714
4346.5 1.85714
4347.5 7.42857
4348.5 -2.14286
4349.5 0.428571
4350.5 -0.142857
4351.5 2
4352.5 4
4353.5 0.857143
4354.5 4.42857
4355.5 -2.71429
4356.5 -1.71429
4357.5 1.42857
4358.5 3
4359.5 -2.71429
4360.5 -1.71429
4361.5 -4.28571
4362.5 -1.14286
4363.5 -1.71429
4364.5 2.28571
4365.5 -1.28571
4366.5 5
4367.5 5.28571
4368.5 -1.28571
4369.5 -3.14286
4370.5 0.285714
4371.5 0.428571
4372.5 2
4373.5 -5.85714
4374.5 -4.28571
4375.5 -4.85714
4376.5 -2.28571
4377.5 1.42857
4378.5 -4.85714
4379.5 2.85714
4380.5 4
4381.5 -1.71429
4382.5 -1.85714
4383.5 -3.71429
4384.5 0.857143
4385.5 -2.71429
4386.5 -0.714286
4387.5 2.14286
4388.5 2.42857
4389.5 -0.714286
4390.5 0.714286
4391.5 1.42857
4392.5 0.714286
4393.5 -7.42857
4394.5 3.28571
4395.5 2.42857
4396.5 -2.28571
4397.5 0.857143
4398.5 -8.57143
4399.5 1.85714
4400.5 -0.142857
4401.5 -1.71429
4402.5 -2.28571
4403.5 1.85714
4404.5 6
4405.5 -5
4406.5 -0.714286
4407.5 -1.14286
4408.5 3.42857
4409.5 3.85714
4410.5 0.428571
4411.5 -0.142857
4412.5 -2.71429
4413.5 2.42857
4414.5 -0.571429
4415.5 2
4416.5 0.857143
4417.5 -2.14286
4418.5 0.428571
4419.5 2
4420.5 2
4421.5 3
4422.5 1.42857
4423.5 -5.85714
4424.5 2
4425.5 -1.71429
4426.5 -2.28571
4427.5 5
4428.5 0
4429.5 2
4430.5 -0.142857
4431.5 -2.14286
4432.5 -2.71429
4433.5 -3.71429
4434.5 0.285714
4435.5 -1.14286
4436.5 -1.14286
4437.5 -6.42857
4438.5 1.42857
4439.5 3
4440.5 -4.28571
4441.5 -0.571429
4442.5 -0.142857
4443.5 -1.14286
4444.5 -1.71429
4445.5 4
4446.5 3.42857
4447.5 1
4448.5 -0.571429
4449.5 1.42857
4450.5 6
4451.5 1.42857
4452.5 -2.71429
4453.5 -1.14286
4454.5 -6.42857
4455.5 -0.714286
4456.5 -2.71429
4457.5 -0.142857
4458.5 -0.285714
4459.5 0.428571
4460.5 -3.85714
4461.5 -0.142857
4462.5 -0.714286
4463.5 -0.142857
4464.5 -1.14286
4465.5 0.428571
4466.5 -0.714286
4467.5 0.428571
4468.5 -0.142857
4469.5 -3.71429
4470.5 -0.714286
4471.5 -3.14286
4472.5 0.428571
4473.5 -2.28571
4474.5 -0.142857
4475.5 -1.14286
4476.5 2.42857
4477.5 2.42857
4478.5 -0.571429
4479.5 0.857143
4480.5 0
4481.5 0.428571
4482.5 -2.14286
4483.5 1
4484.5 -2.71429
4485.5 1
4486.5 2.42857
4487.5 1
4488.5 -1.14286
4489.5 -1.14286
4490.5 0.857143
4491.5 -2.14286
4492.5 -2.71429
4493.5 2.42857
4494.5 0.857143
4495.5 0.857143
4496.5 3
4497.5 1.42857
4498.5 -0.142857
4499.5 -2.14286
4500.5 -0.571429
4501.5 -0.142857
4502.5 -1.57143
4503.5 -0.571429
4504.5 -1.71429
4505.5 3
4506.5 4.42857
4507.5 -0.714286
4508.5 -1.71429
4509.5 3.85714
4510.5 2.28571
4511.5 0.857143
4512.5 1
4513.5 4
4514.5 -0.571429
4515.5 -3.14286
4516.5 -3.14286
4517.5 -0.571429
4518.5 -0.571429
4519.5 -2.71429
4520.5 -0.714286
4521.5 -3.71429
4522.5 -3.14286
4523.5 -1.57143
4524.5 -3.28571
4525.5 3.42857
4526.5 1
4527.5 4
4528.5 -1.14286
4529.5 6
4530.5 -0.571429
4531.5 0.285714
4532.5 0.428571
4533.5 1
4534.5 -3.14286
4535.5 -3.14286
4536.5 2
4537.5 -3.71429
4538.5 0.428571
4539.5 -3.71429
4540.5 1.42857
4541.5 0
4542.5 -0.142857
4543.5 -0.571429
4544.5 -0.571429
4545.5 2
4546.5 -1.57143
4547.5 -0.571429
4548.5 2.42857
4549.5 -2.14286
4550.5 -0.571429
4551.5 -1.71429
4552.5 -1.28571
4553.5 -4.71429
4554.5 -2.14286
4555.5 -3.71429
4556.5 2.42857
4557.5 -1.14286
4558.5 2.42857
4559.5 1
4560.5 2
4561.5 -2.14286
4562.5 0.428571
4563.5 0.428571
4564.5 2
4565.5 3.42857
4566.5 -0.142857
4567.5 0.428571
4568.5 -0.571429
4569.5 1
4570.5 1
4571.5 0.428571
4572.5 0.428571
4573.5 2.42857
4574.5 -0.571429
4575.5 1
4576.5 -0.571429
4577.5 0
4578.5 -1.57143
4579.5 -2.14286
4580.5 1
4581.5 -3.28571
4582.5 1
4583.5 -1.14286
4584.5 2.42857
4585.5 -5.28571
4586.5 -1.14286
4587.5 1.42857
4588.5 0
4589.5 1.42857
4590.5 4
4591.5 0.428571
4592.5 0
4593.5 3
4594.5 -0.571429
4595.5 -4.71429
4596.5 -2.14286
4597.5 -0.571429
4598.5 -1.14286
4599.5 2
4600.5 -0.571429
4601.5 2
4602.5 -3.71429
4603.5 1.42857
4604.5 0.428571
4605.5 -2.14286
4606.5 1
4607.5 -0.571429
4608.5 3.42857
4609.5 -0.142857
4610.5 0
4611.5 -7.85714
4612.5 -3.71429
4613.5 -2.14286
4614.5 -2.14286
4615.5 -0.142857
4616.5 2.42857
4617.5 4
4618.5 -3.14286
4619.5 0.428571
4620.5 4
4621.5 -0.142857
4622.5 1
4623.5 -3.14286
4624.5 -1.14286
4625.5 0.857143
4626.5 2
4627.5 -1.14286
4628.5 0.428571
4629.5 2
4630.5 -1.14286
4631.5 0
4632.5 -2.14286
4633.5 -2.14286
4634.5 2.42857
4635.5 -2.14286
4636.5 1
4637.5 0.428571
4638.5 -1.71429
4639.5 -1.57143
4640.5 2.42857
4641.5 2.42857
4642.5 -0.714286
4643.5 5.28571
4644.5 -7.42857
4645.5 -7
4646.5 -18.8571
4647.5 1
4648.5 11.2857
4649.5 -25.8571
4650.5 15.8571
4651.5 -4.71428
4652.5 -6.42857
4653.5 -1.71429
4654.5 2.14286
4655.5 -2.42857
4656.5 6.42857
4657.5 2.42857
4658.5 -6.28571
4659.5 -1.57143
4660.5 -1.57143
4661.5 2
4662.5 -4.71429
4663.5 1
4664.5 -1.57143
4665.5 1
4666.5 2
4667.5 1
4668.5 0
4669.5 -0.571429
4670.5 -1.57143
4671.5 0
4672.5 0.428571
4673.5 -1.57143
4674.5 0
4675.5 -0.571429
4676.5 0.428571
4677.5 2
4678.5 2
4679.5 2
4680.5 1.42857
4681.5 -2.14286
4682.5 -3.14286
4683.5 0
4684.5 1
4685.5 -0.571429
4686.5 0.428571
4687.5 1
4688.5 -1.57143
4689.5 -1.57143
4690.5 1
4691.5 -0.142857
4692.5 0
4693.5 0
4694.5 -1.57143
4695.5 0
4696.5 -1.57143
4697.5 1
4698.5 2
4699.5 1
4700.5 -3.14286
4701.5 1
4702.5 -1.57143
4703.5 1
4704.5 0
4705.5 -3.14286
4706.5 -1.57143
4707.5 3
4708.5 1.42857
4709.5 -7.85714
4710.5 -1.57143
4711.5 -1.57143
4712.5 0
4713.5 -0.571429
4714.5 -3.14286
4715.5 1
4716.5 0
4717.5 0
4718.5 -1.14286
4719.5 -0.571429
4720.5 0
4721.5 0
4722.5 0
4723.5 -1.57143
4724.5 -0.571429
4725.5 -4.71429
4726.5 2
4727.5 0
4728.5 0
4729.5 -1.57143
4730.5 1
4731.5 1
4732.5 -0.571429
4733.5 0.428571
4734.5 -0.571429
4735.5 -3.14286
4736.5 0
4737.5 -0.571429
4738.5 0
4739.5 -4.71429
4740.5 -1.57143
4741.5 0
4742.5 1
4743.5 0
4744.5 0
4745.5 -0.571429
4746.5 -2.14286
4747.5 0
4748.5 -0.142857
4749.5 1
4750.5 2
4751.5 -0.571429
4752.5 -3.14286
4753.5 -6.28571
4754.5 1
4755.5 -3.14286
4756.5 -3.14286
4757.5 0
4758.5 2
4759.5 -1.57143
4760.5 -0.571429
4761.5 -1.57143
4762.5 0
4763.5 -1.57143
4764.5 0
4765.5 -1.57143
4766.5 0
4767.5 0
4768.5 -3.14286
4769.5 3
4770.5 -1.57143
4771.5 -2.14286
4772.5 0
4773.5 1
4774.5 -1.57143
4775.5 -0.571429
4776.5 -0.571429
4777.5 -0.571429
4778.5 -6.28571
4779.5 -1.57143
4780.5 1
4781.5 3
4782.5 0
4783.5 -0.571429
4784.5 2
4785.5 2
4786.5 1
4787.5 -0.571429
4788.5 0.428571
4789.5 -1.57143
4790.5 -0.571429
4791.5 1
4792.5 1
4793.5 0.428571
4794.5 -1.57143
4795.5 1
4796.5 -3.14286
4797.5 3
4798.5 0.428571
4799.5 -0.571429
4800.5 1
4801.5 -1.14286
4802.5 1.42857
4803.5 4
4804.5 -1.57143
4805.5 0.428571
4806.5 0.428571
4807.5 -1.14286
4808.5 2
4809.5 1
4810.5 -1.71429
4811.5 2
4812.5 0
4813.5 -2.14286
4814.5 2
4815.5 0
4816.5 -1.57143
4817.5 3
4818.5 -0.571429
4819.5 0
4820.5 0
4821.5 -1.57143
4822.5 1
4823.5 2
4824.5 -0.142857
4825.5 0
4826.5 2
4827.5 0.428571
4828.5 0
4829.5 1
4830.5 1
4831.5 -1.57143
4832.5 0
4833.5 0
4834.5 1
4835.5 -1.57143
4836.5 -2.14286
4837.5 1
4838.5 2
4839.5 2
4840.5 2
4841.5 -1.57143
4842.5 -1.57143
4843.5 1.42857
4844.5 -1.57143
4845.5 1.42857
4846.5 0
4847.5 1
4848.5 1
4849.5 2
4850.5 2
4851.5 0
4852.5 -2.14286
4853.5 1
4854.5 0
4855.5 1
4856.5 0
4857.5 -0.571429
4858.5 0
4859.5 0
4860.5 1
4861.5 2
4862.5 1
4863.5 2
4864.5 -3.71429
4865.5 2
4866.5 1
4867.5 -0.571429
4868.5 -1.57143
4869.5 2
4870.5 1
4871.5 -1.57143
4872.5 -1.57143
4873.5 -0.571429
4874.5 -0.571429
4875.5 -0.571429
4876.5 5
4877.5 0
4878.5 0
4879.5 2
4880.5 -1.57143
4881.5 0
4882.5 0.428571
4883.5 -2.14286
4884.5 1
4885.5 -3.71429
4886.5 -1.57143
4887.5 1
4888.5 -1.57143
4889.5 0
4890.5 1
4891.5 1
4892.5 -2.71429
4893.5 2
4894.5 0
4895.5 0
4896.5 0
4897.5 -1.57143
4898.5 -0.142857
4899.5 -1.57143
4900.5 1.42857
4901.5 -1.14286
4902.5 2
4903.5 0.428571
4904.5 0
4905.5 -0.571429
4906.5 0
4907.5 -2.14286
4908.5 0
4909.5 0
4910.5 1
4911.5 -0.571429
4912.5 -0.571429
4913.5 1
4914.5 -0.571429
4915.5 0
4916.5 1
4917.5 3
4918.5 -0.571429
4919.5 0
4920.5 0
4921.5 0
4922.5 2
4923.5 1
4924.5 1
4925.5 1
4926.5 -0.571429
4927.5 0
4928.5 2
4929.5 0
4930.5 1
4931.5 1
4932.5 -0.571429
4933.5 2
4934.5 0
4935.5 0
4936.5 0
4937.5 -0.571429
4938.5 0
4939.5 -1.57143
4940.5 -2.14286
4941.5 -0.571429
4942.5 -0.571429
4943.5 -1.57143
4944.5 -2.14286
4945.5 4
4946.5 -0.571429
4947.5 -0.571429
4948.5 0
4949.5 2
4950.5 0
4951.5 -1.57143
4952.5 0.428571
4953.5 2
4954.5 0
4955.5 1
4956.5 -0.571429
4957.5 0
4958.5 -0.571429
4959.5 0
4960.5 0
4961.5 1
4962.5 1
4963.5 0.428571
4964.5 -2.14286
4965.5 0
4966.5 1
4967.5 -1.57143
4968.5 0
4969.5 0
4970.5 0
4971.5 0
4972.5 -2.14286
4973.5 -1.14286
4974.5 0
4975.5 -0.571429
4976.5 -1.57143
4977.5 4
4978.5 -2.14286
4979.5 -3.14286
4980.5 -0.571429
4981.5 1
4982.5 -0.142857
4983.5 -5.28571
4984.5 1
4985.5 -1.14286
4986.5 0
4987.5 1
4988.5 2
4989.5 0
4990.5 0
4991.5 0
4992.5 0
4993.5 -3.14286
4994.5 -0.571429
4995.5 0.428571
4996.5 0.428571
4997.5 0
4998.5 -1.57143
4999.5 -3.14286
5000.5 -3.14286
5001.5 -1.57143
5002.5 -1.57143
5003.5 -0.571429
5004.5 1
5005.5 2.85714
5006.5 -1.57143
5007.5 0
5008.5 -1.57143
5009.5 0
5010.5 0
5011.5 1
5012.5 0
5013.5 -1.57143
5014.5 0
5015.5 1
5016.5 1
5017.5 0
5018.5 -3.14286
5019.5 1
5020.5 -1.57143
5021.5 1
5022.5 0
5023.5 0
5024.5 0
5025.5 1
5026.5 0
5027.5 1
5028.5 2
5029.5 -0.571429
5030.5 2
5031.5 1
5032.5 1
5033.5 -3.14286
5034.5 0
5035.5 4
5036.5 2
5037.5 -1.57143
5038.5 -2.14286
5039.5 0
5040.5 0.428571
5041.5 -0.571429
5042.5 1
5043.5 1
5044.5 1
5045.5 -1.57143
5046.5 0
5047.5 1
5048.5 0
5049.5 1
5050.5 -1.57143
5051.5 0
5052.5 -0.571429
5053.5 -1.57143
5054.5 1
5055.5 1
5056.5 3
5057.5 -0.571429
5058.5 0
5059.5 2
5060.5 1
5061.5 0
5062.5 -3.14286
5063.5 2
5064.5 -0.571429
5065.5 -0.571429
5066.5 1
5067.5 0
5068.5 0
5069.5 3
5070.5 -0.571429
5071.5 -1.57143
5072.5 -0.571429
5073.5 1
5074.5 0
5075.5 -3.14286
5076.5 -1.57143
5077.5 -1.57143
5078.5 0
5079.5 0
5080.5 -1.57143
5081.5 0
5082.5 -0.571429
5083.5 -0.571429
5084.5 2
5085.5 -1.57143
5086.5 0
5087.5 -1.57143
5088.5 2
5089.5 0
5090.5 3
5091.5 -0.571429
5092.5 1
5093.5 1
5094.5 0
5095.5 -0.571429
5096.5 -3.14286
5097.5 0
5098.5 0.428571
5099.5 0
5100.5 0
5101.5 -2.14286
5102.5 1
5103.5 1
5104.5 0
5105.5 -1.57143
5106.5 -1.57143
5107.5 0
5108.5 1
5109.5 -2.14286
5110.5 0
5111.5 1
5112.5 2
5113.5 -0.571429
5114.5 0
5115.5 1
5116.5 0
5117.5 1
5118.5 1
5119.5 3
5120.5 -0.571429
5121.5 -2.14286
5122.5 0
5123.5 1
5124.5 1
5125.5 2
5126.5 1
5127.5 1
5128.5 0
5129.5 2.42857
5130.5 -2.14286
5131.5 0
5132.5 2.42857
5133.5 3
5134.5 0
5135.5 0
5136.5 -0.571429
5137.5 -0.571429
5138.5 -0.571429
5139.5 0
5140.5 1
5141.5 0
5142.5 0
5143.5 4
5144.5 1
5145.5 1
5146.5 -0.571429
5147.5 0
5148.5 0
5149.5 2
5150.5 1
5151.5 0
5152.5 -1.57143
5153.5 1
5154.5 0.428571
5155.5 0
5156.5 0
5157.5 1
5158.5 1
5159.5 0
5160.5 -1.57143
5161.5 1
5162.5 1
5163.5 -3.71429
5164.5 -0.571429
5165.5 1
5166.5 2
5167.5 0
5168.5 0
5169.5 0
5170.5 0
5171.5 -1.57143
5172.5 0
5173.5 -0.571429
5174.5 -1.57143
5175.5 -0.571429
5176.5 0
5177.5 -2.14286
5178.5 0.428571
5179.5 2
5180.5 1
5181.5 -1.57143
5182.5 1
5183.5 0
5184.5 0.428571
5185.5 0.428571
5186.5 -0.571429
5187.5 0
5188.5 1
5189.5 1
5190.5 -1.14286
5191.5 1
5192.5 0
5193.5 1
5194.5 2
5195.5 1
5196.5 -3.14286
5197.5 0.428571
5198.5 -1.57143
5199.5 -3.71429
5200.5 0
5201.5 1
5202.5 0
5203.5 1
5204.5 -1.57143
5205.5 -1.57143
5206.5 -0.571429
5207.5 -0.571429
5208.5 -1.57143
5209.5 0
5210.5 -1.57143
5211.5 2
5212.5 0
5213.5 -0.571429
5214.5 0.428571
5215.5 -1.57143
5216.5 0
5217.5 1
5218.5 1
5219.5 0
5220.5 0
5221.5 0
5222.5 -2.14286
5223.5 2
5224.5 -1.57143
5225.5 -0.571429
5226.5 0
5227.5 1
5228.5 0
5229.5 0
5230.5 0
5231.5 0
5232.5 1
5233.5 -2.14286
5234.5 1
5235.5 0
5236.5 -1.57143
5237.5 0.428571
5238.5 -1.14286
5239.5 -1.57143
5240.5 1
5241.5 0
5242.5 1
5243.5 1
5244.5 0
5245.5 1
5246.5 0
5247.5 1
5248.5 -0.571429
5249.5 1.42857
5250.5 1
5251.5 -1.57143
5252.5 1
5253.5 -1.57143
5254.5 0
5255.5 1
5256.5 -0.571429
5257.5 0
5258.5 0
5259.5 0
5260.5 0.428571
5261.5 1
5262.5 0.428571
5263.5 0
5264.5 1
5265.5 -1.57143
5266.5 3
5267.5 0
5268.5 1
5269.5 0
5270.5 1
5271.5 2
5272.5 -0.571429
5273.5 0
5274.5 -1.57143
5275.5 0
5276.5 2
5277.5 0
5278.5 1
5279.5 0
5280.5 -0.571429
5281.5 0
5282.5 1
5283.5 0
5284.5 0
5285.5 3
5286.5 1
5287.5 2
5288.5 0
5289.5 0
5290.5 1
5291.5 1
5292.5 -3.14286
5293.5 -1.57143
5294.5 0
5295.5 1
5296.5 0
5297.5 0
5298.5 0
5299.5 0
5300.5 0
5301.5 0
5302.5 1.42857
5303.5 -0.571429
5304.5 -1.57143
5305.5 1
5306.5 1
5307.5 0
5308.5 0
5309.5 0
5310.5 0.428571
5311.5 -0.571429
5312.5 0
5313.5 -0.571429
5314.5 -0.571429
5315.5 0
5316.5 0
5317.5 -0.571429
5318.5 1
5319.5 1
5320.5 1
5321.5 1
5322.5 -1.57143
5323.5 -0.571429
5324.5 2
5325.5 -3.14286
5326.5 -0.571429
5327.5 0
5328.5 -0.571429
5329.5 -2.14286
5330.5 -0.571429
5331.5 0.428571
5332.5 0
5333.5 -2.14286
5334.5 1
5335.5 -1.57143
5336.5 -3.14286
5337.5 0
5338.5 1
5339.5 -0.571429
5340.5 2
5341.5 0
5342.5 0
5343.5 1
5344.5 1
5345.5 0
5346.5 -0.571429
5347.5 1
5348.5 1
5349.5 2
5350.5 -0.571429
5351.5 0
5352.5 -0.142857
5353.5 0.428571
5354.5 -0.142857
5355.5 -0.142857
5356.5 -1.71429
5357.5 2
5358.5 -0.571429
5359.5 -1.57143
5360.5 -1.14286
5361.5 -0.571429
5362.5 2
5363.5 0.428571
5364.5 0
5365.5 0
5366.5 -1.57143
5367.5 -3.14286
5368.5 1
5369.5 2
5370.5 0
5371.5 2
5372.5 1
5373.5 2
5374.5 1
5375.5 2
5376.5 0
5377.5 0
5378.5 2
5379.5 0
5380.5 -1.57143
5381.5 0
5382.5 -0.571429
5383.5 -1.57143
5384.5 -1.57143
5385.5 -1.57143
5386.5 -1.57143
5387.5 -0.571429
5388.5 5
5389.5 -1.14286
5390.5 -0.571429
5391.5 2
5392.5 1
5393.5 0.428571
5394.5 4
5395.5 -1.14286
5396.5 1.85714
5397.5 -0.714286
5398.5 -2.85714
5399.5 -2.71429
5400.5 0.428571
5401.5 0.428571
5402.5 0
5403.5 1
5404.5 1
5405.5 0
5406.5 -1.57143
5407.5 0
5408.5 2
5409.5 -1.57143
5410.5 1
5411.5 2
5412.5 1
5413.5 -2.14286
5414.5 -1.57143
5415.5 1
5416.5 1.42857
5417.5 0
5418.5 2
5419.5 -1.57143
5420.5 0
5421.5 -0.571429
5422.5 0
5423.5 2
5424.5 0
5425.5 -1.57143
5426.5 0
5427.5 2
5428.5 1
5429.5 -2.14286
5430.5 0.428571
5431.5 1
5432.5 2
5433.5 -0.571429
5434.5 1
5435.5 1
5436.5 1.42857
5437.5 0
5438.5 1
5439.5 1
5440.5 -0.571429
5441.5 2
5442.5 1
5443.5 0
5444.5 0
5445.5 1
5446.5 0
5447.5 0
5448.5 1
5449.5 1
5450.5 1
5451.5 0
5452.5 2.42857
5453.5 -6.85714
5454.5 0
5455.5 0
5456.5 1
5457.5 1
5458.5 1
5459.5 -3.14286
5460.5 1
5461.5 0
5462.5 -0.571429
5463.5 -0.571429
5464.5 -2.14286
5465.5 0
5466.5 0
5467.5 0
5468.5 -1.14286
5469.5 -0.571429
5470.5 0
5471.5 0
5472.5 -1.57143
5473.5 0
5474.5 0
5475.5 0
5476.5 -1.57143
5477.5 -3.14286
5478.5 0
5479.5 -0.571429
5480.5 1
5481.5 -1.57143
5482.5 -3.14286
5483.5 -0.571429
5484.5 0
5485.5 1
5486.5 -2.14286
5487.5 0
5488.5 1
5489.5 4
5490.5 -1.14286
5491.5 -1.57143
5492.5 -0.571429
5493.5 -1.57143
5494.5 0
5495.5 0
5496.5 -0.571429
5497.5 0
5498.5 0
5499.5 0
5500.5 2
5501.5 0.428571
5502.5 -1.57143
5503.5 1
5504.5 1
5505.5 -0.571429
5506.5 0
5507.5 -0.571429
5508.5 0
5509.5 2
5510.5 1
5511.5 -1.57143
5512.5 2
5513.5 1
5514.5 0.428571
5515.5 0
5516.5 2
5517.5 -0.571429
5518.5 -1.57143
5519.5 1
5520.5 -0.571429
5521.5 -6.28571
5522.5 0
5523.5 1
5524.5 -0.571429
5525.5 1
5526.5 -1.57143
5527.5 -1.57143
5528.5 1
5529.5 0
5530.5 0.428571
5531.5 0
5532.5 0.428571
5533.5 0
5534.5 -0.571429
5535.5 -2.14286
5536.5 -1.57143
5537.5 -0.571429
5538.5 -1.57143
5539.5 0
5540.5 -3.14286
5541.5 1
5542.5 -1.14286
5543.5 1
5544.5 -0.571429
5545.5 -3.14286
5546.5 -1.57143
5547.5 -1.57143
5548.5 -0.571429
5549.5 0.428571
5550.5 1
5551.5 -0.571429
5552.5 0.428571
5553.5 -3.14286
5554.5 0
5555.5 0
5556.5 -1.57143
5557.5 1
5558.5 0
5559.5 -0.571429
5560.5 0
5561.5 0
5562.5 1
5563.5 0
5564.5 0
5565.5 0
5566.5 1
5567.5 -0.571429
5568.5 0
5569.5 0
5570.5 -1.57143
5571.5 0
5572.5 2
5573.5 0
5574.5 0.428571
5575.5 -1.57143
5576.5 1
5577.5 -1.57143
5578.5 0
5579.5 1
5580.5 0
5581.5 -1.57143
5582.5 0.428571
5583.5 1
5584.5 1
5585.5 -2.14286
5586.5 0.428571
5587.5 1
5588.5 0
5589.5 -3.14286
5590.5 0
5591.5 -0.571429
5592.5 -1.57143
5593.5 -0.571429
5594.5 0.428571
5595.5 -2.14286
5596.5 1
5597.5 1
5598.5 1.42857
5599.5 0.857143
5600.5 2
5601.5 2
5602.5 -0.571429
5603.5 1
5604.5 1
5605.5 -0.571429
5606.5 1
5607.5 1
5608.5 0
5609.5 0
5610.5 1
5611.5 -0.571429
5612.5 1
5613.5 -1.57143
5614.5 -2.14286
5615.5 -0.571429
5616.5 1
5617.5 0
5618.5 1
5619.5 -0.571429
5620.5 1
5621.5 -1.57143
5622.5 0
5623.5 1
5624.5 0
5625.5 -1.57143
5626.5 1
5627.5 -0.571429
5628.5 0
5629.5 2
5630.5 1
5631.5 2
5632.5 0
5633.5 2
5634.5 0
5635.5 2
5636.5 1
5637.5 -0.571429
5638.5 -0.571429
5639.5 1
5640.5 2
5641.5 0
5642.5 -1.57143
5643.5 -0.571429
5644.5 -3.14286
5645.5 1
5646.5 -1.57143
5647.5 2
5648.5 0
5649.5 1
5650.5 1
5651.5 0
5652.5 0
5653.5 0
5654.5 -1.57143
5655.5 1
5656.5 -1.57143
5657.5 1
5658.5 1
5659.5 0
5660.5 -1.57143
5661.5 0
5662.5 1
5663.5 -0.571429
5664.5 0
5665.5 0
5666.5 -1.57143
5667.5 0
5668.5 1
5669.5 -1.57143
5670.5 0
5671.5 -0.571429
5672.5 1
5673.5 1
5674.5 3
5675.5 0.428571
5676.5 0
5677.5 -3.14286
5678.5 0
5679.5 1
5680.5 -1.57143
5681.5 1
5682.5 -0.571429
5683.5 2
5684.5 0
5685.5 1
5686.5 0
5687.5 0.428571
5688.5 0
5689.5 1
5690.5 0
5691.5 -1.57143
5692.5 0
5693.5 0
5694.5 0.428571
5695.5 1
5696.5 0
5697.5 0
5698.5 3
5699.5 0
5700.5 0
5701.5 0
5702.5 0
5703.5 0
5704.5 1
5705.5 0
5706.5 -4.28571
5707.5 2
5708.5 -1.57143
5709.5 -1.57143
5710.5 0.428571
5711.5 1
5712.5 0
5713.5 0
5714.5 -3.14286
5715.5 0
5716.5 1
5717.5 1
5718.5 -0.571429
5719.5 -1.57143
5720.5 0
5721.5 -1.57143
5722.5 2
5723.5 1
5724.5 1
5725.5 1
5726.5 -0.571429
5727.5 -1.57143
5728.5 2
5729.5 2
5730.5 0
5731.5 0
5732.5 1
5733.5 1
5734.5 -1.57143
5735.5 0
5736.5 0
5737.5 2
5738.5 1
5739.5 -1.57143
5740.5 1
5741.5 0
5742.5 0
5743.5 -0.571429
5744.5 -0.571429
5745.5 1
5746.5 -0.571429
5747.5 -0.571429
5748.5 3
5749.5 1
5750.5 -0.571429
5751.5 0
5752.5 0
5753.5 0
5754.5 0
5755.5 3
5756.5 1
5757.5 0.428571
5758.5 0
5759.5 1
5760.5 1
5761.5 1
5762.5 0
5763.5 1
5764.5 0
5765.5 -1.57143
5766.5 0
5767.5 0
5768.5 0
5769.5 1
5770.5 0
5771.5 -1.57143
5772.5 0
5773.5 3
5774.5 1
5775.5 0
5776.5 -0.571429
5777.5 1
5778.5 0
5779.5 -1.57143
5780.5 0
5781.5 0
5782.5 -4.71429
5783.5 1
5784.5 -0.571429
5785.5 1
5786.5 0
5787.5 0
5788.5 -1.57143
5789.5 -2.71429
5790.5 -3.14286
5791.5 0
5792.5 0
5793.5 2
5794.5 -1.57143
5795.5 0
5796.5 0
5797.5 -1.57143
5798.5 -1.57143
5799.5 -1.57143
5800.5 -1.57143
5801.5 2
5802.5 2
5803.5 -0.571429
5804.5 -3.14286
5805.5 0
5806.5 -1.57143
5807.5 -1.57143
5808.5 1
5809.5 0
5810.5 1
5811.5 0
5812.5 -1.57143
5813.5 -1.57143
5814.5 0
5815.5 1
5816.5 1
5817.5 1
5818.5 0.428571
5819.5 1
5820.5 -0.571429
5821.5 0
5822.5 -0.571429
5823.5 1
5824.5 2
5825.5 1
5826.5 1
5827.5 1
5828.5 0.857143
5829.5 0
5830.5 0
5831.5 2
5832.5 1
5833.5 0
5834.5 1
5835.5 -0.571429
5836.5 -1.57143
5837.5 -0.571429
5838.5 0
5839.5 -1.57143
5840.5 1
5841.5 1
5842.5 0
5843.5 -1.57143
5844.5 -0.571429
5845.5 1
5846.5 0
5847.5 2
5848.5 0
5849.5 1
5850.5 0
5851.5 1
5852.5 0
5853.5 0
5854.5 0
5855.5 -1.57143
5856.5 2
5857.5 2
5858.5 0
5859.5 1
5860.5 0
5861.5 0
5862.5 -1.57143
5863.5 0
5864.5 -1.57143
5865.5 0
5866.5 0
5867.5 0
5868.5 -1.57143
5869.5 0
5870.5 -0.571429
5871.5 2
5872.5 1
5873.5 0
5874.5 0
5875.5 -1.57143
5876.5 0
5877.5 0
5878.5 1
5879.5 0
5880.5 -1.57143
5881.5 1
5882.5 0
5883.5 1
5884.5 0
5885.5 1
5886.5 1
5887.5 0
5888.5 -1.57143
5889.5 -1.57143
5890.5 0
5891.5 -1.57143
5892.5 0
5893.5 0
5894.5 1
5895.5 -1.57143
5896.5 0
5897.5 3.42857
5898.5 -3.28571
5899.5 -0.571429
5900.5 3
5901.5 -1.14286
5902.5 0.857143
5903.5 0.428571
5904.5 1
5905.5 1
5906.5 -1.57143
5907.5 -1.57143
5908.5 -3.14286
5909.5 0
5910.5 1
5911.5 0
5912.5 -1.14286
5913.5 0
5914.5 0
5915.5 0
5916.5 0
5917.5 0
5918.5 0
5919.5 1
5920.5 0
5921.5 2
5922.5 -1.57143
5923.5 1
5924.5 0
5925.5 -1.57143
5926.5 1
5927.5 1
5928.5 0
5929.5 0
5930.5 1
5931.5 1
5932.5 0
5933.5 -0.571429
5934.5 0
5935.5 0
5936.5 0
5937.5 0
5938.5 0
5939.5 1
5940.5 1
5941.5 0
5942.5 0
5943.5 0
5944.5 -1.57143
5945.5 0
5946.5 0
5947.5 -1.57143
5948.5 0
5949.5 0
5950.5 1
5951.5 0
5952.5 -0.571429
5953.5 2
5954.5 1
5955.5 0
5956.5 0
5957.5 2
5958.5 2
5959.5 0
5960.5 0
5961.5 0
5962.5 0
5963.5 3
5964.5 -1.57143
5965.5 0
5966.5 1
5967.5 1
5968.5 0
5969.5 0
5970.5 0.428571
5971.5 1
5972.5 1
5973.5 0
5974.5 1
5975.5 0
5976.5 0
5977.5 -1.57143
5978.5 0.428571
5979.5 1
5980.5 -0.571429
5981.5 -0.571429
5982.5 -1.57143
5983.5 0
5984.5 0
5985.5 0
5986.5 0
5987.5 1
5988.5 0
5989.5 -0.571429
5990.5 0
5991.5 0
5992.5 1
5993.5 1
5994.5 0
5995.5 0
5996.5 1
5997.5 -3.14286
5998.5 -0.571429
5999.5 1
6000.5 -1.14286
6001.5 2.42857
6002.5 -3.71429
6003.5 0
6004.5 0
6005.5 -0.571429
6006.5 -1.57143
6007.5 0
6008.5 0
6009.5 0
6010.5 0
6011.5 -1.57143
6012.5 0
6013.5 0
6014.5 1
6015.5 1
6016.5 1
6017.5 1
6018.5 0
6019.5 1
6020.5 -0.571429
6021.5 -1.57143
6022.5 0
6023.5 0
6024.5 -3.14286
6025.5 0
6026.5 0
6027.5 1
6028.5 0
6029.5 -1.57143
6030.5 2
6031.5 2
6032.5 -2.14286
6033.5 1
6034.5 -0.571429
6035.5 1
6036.5 0
6037.5 0
6038.5 0
6039.5 0
6040.5 0.428571
6041.5 0
6042.5 0
6043.5 0
6044.5 0
6045.5 0
6046.5 0
6047.5 0
6048.5 0
6049.5 0
6050.5 1
6051.5 2
6052.5 2
6053.5 -1.57143
6054.5 1.42857
6055.5 1
6056.5 0.428571
6057.5 0
6058.5 -2.14286
6059.5 -1.57143
6060.5 0
6061.5 0
6062.5 0
6063.5 0
6064.5 0
6065.5 1
6066.5 4
6067.5 0
6068.5 0
6069.5 1
6070.5 0
6071.5 0
6072.5 0
6073.5 1
6074.5 -1.57143
6075.5 1
6076.5 2
6077.5 1
6078.5 1
6079.5 1
6080.5 1
6081.5 -1.57143
6082.5 -1.57143
6083.5 0
6084.5 0
6085.5 -1.57143
6086.5 -0.571429
6087.5 -0.571429
6088.5 0.428571
6089.5 0
6090.5 0
6091.5 1
6092.5 0
6093.5 2
6094.5 0
6095.5 1
6096.5 0
6097.5 0
6098.5 0
6099.5 0
6100.5 1
6101.5 1
6102.5 0.428571
6103.5 -1.57143
6104.5 0.428571
6105.5 0
6106.5 0
6107.5 0
6108.5 0
6109.5 0
6110.5 2
6111.5 0
6112.5 2
6113.5 0
6114.5 0
6115.5 1
6116.5 1
6117.5 -1.57143
6118.5 -1.57143
6119.5 -1.57143
6120.5 -0.571429
6121.5 2
6122.5 1
6123.5 1
6124.5 -0.142857
6125.5 -3.14286
6126.5 -3.71429
6127.5 1.42857
6128.5 0
6129.5 -1.57143
6130.5 0
6131.5 1
6132.5 0
6133.5 0
6134.5 -0.571429
6135.5 -3.14286
6136.5 0
6137.5 0
6138.5 -1.57143
6139.5 -0.571429
6140.5 0
6141.5 -1.57143
6142.5 -1.57143
6143.5 0
6144.5 0
6145.5 -3.14286
6146.5 -1.14286
6147.5 0
6148.5 1
6149.5 -1.57143
6150.5 0
6151.5 0
6152.5 -1.57143
6153.5 1
6154.5 -3.14286
6155.5 0
6156.5 0
6157.5 0
6158.5 0
6159.5 0
6160.5 0
6161.5 0
6162.5 0
6163.5 -1.57143
6164.5 0
6165.5 0
6166.5 0
6167.5 -1.57143
6168.5 0
6169.5 0
6170.5 -0.571429
6171.5 0
6172.5 0
6173.5 1
6174.5 0
6175.5 0
6176.5 0
6177.5 -1.57143
6178.5 0
6179.5 0
6180.5 0
6181.5 0
6182.5 -1.57143
6183.5 2
6184.5 0
6185.5 0
6186.5 0
6187.5 1
6188.5 0
6189.5 0
6190.5 0
6191.5 -1.57143
6192.5 0
6193.5 2
6194.5 0
6195.5 0
6196.5 -0.571429
6197.5 0
6198.5 0
6199.5 1
6200.5 0
6201.5 0
6202.5 0
6203.5 1
6204.5 0
6205.5 0
6206.5 0
6207.5 0
6208.5 0
6209.5 0
6210.5 1
6211.5 1
6212.5 -1.57143
6213.5 0
6214.5 0
6215.5 0
6216.5 1
6217.5 -1.57143
6218.5 2
6219.5 0
6220.5 1
6221.5 -3.14286
6222.5 1
6223.5 2
6224.5 0
6225.5 1
6226.5 0
6227.5 0
6228.5 2
6229.5 -3.14286
6230.5 0
6231.5 1
6232.5 0
6233.5 -1.57143
6234.5 0
6235.5 0
6236.5 1
6237.5 0
6238.5 -0.571429
6239.5 1
6240.5 1
6241.5 0
6242.5 0
6243.5 -1.57143
6244.5 0
6245.5 1
6246.5 0
6247.5 2
6248.5 0
6249.5 0
6250.5 0
6251.5 1
6252.5 0
6253.5 2
6254.5 0
6255.5 1
6256.5 0
6257.5 0
6258.5 1
6259.5 0
6260.5 1
6261.5 1
6262.5 -0.571429
6263.5 1
6264.5 -0.571429
6265.5 -1.57143
6266.5 -1.57143
6267.5 2
6268.5 1
6269.5 0
6270.5 0
6271.5 1
6272.5 0
6273.5 -1.57143
6274.5 0
6275.5 0
6276.5 0
6277.5 0
6278.5 2
6279.5 0
6280.5 0
6281.5 1
6282.5 -3.14286
6283.5 1
6284.5 0
6285.5 0
6286.5 1
6287.5 -1.57143
6288.5 -3.14286
6289.5 0
6290.5 0
6291.5 0
6292.5 -1.57143
6293.5 1
6294.5 1
6295.5 -0.571429
6296.5 0
6297.5 0
6298.5 -1.57143
6299.5 1
6300.5 1
6301.5 -1.57143
6302.5 0
6303.5 2
6304.5 0
6305.5 0
6306.5 0
6307.5 0
6308.5 0
6309.5 1
6310.5 0
6311.5 0
6312.5 -0.571429
6313.5 1
6314.5 1
6315.5 -1.57143
6316.5 0
6317.5 1
6318.5 0
6319.5 -1.57143
6320.5 0
6321.5 0
6322.5 0
6323.5 -1.57143
6324.5 -1.57143
6325.5 0
6326.5 0
6327.5 1
6328.5 0
6329.5 0
6330.5 0
6331.5 -1.57143
6332.5 -1.57143
6333.5 0
6334.5 0
6335.5 1
6336.5 0
6337.5 -1.57143
6338.5 -1.57143
6339.5 0
6340.5 0
6341.5 1
6342.5 0
6343.5 0
6344.5 0
6345.5 1
6346.5 -0.571429
6347.5 1
6348.5 1
6349.5 1
6350.5 0
6351.5 -1.57143
6352.5 0
6353.5 0
6354.5 1
6355.5 0
6356.5 1
6357.5 -1.57143
6358.5 0
6359.5 0
6360.5 0
6361.5 0
6362.5 0
6363.5 0
6364.5 0
6365.5 0
6366.5 0
6367.5 1
6368.5 -1.57143
6369.5 1
6370.5 0
6371.5 1
6372.5 0
6373.5 0
6374.5 0
6375.5 0
6376.5 1
6377.5 1
6378.5 0
6379.5 1
6380.5 0
6381.5 1
6382.5 0
6383.5 0
6384.5 0
6385.5 0
6386.5 0
6387.5 0
6388.5 0
6389.5 0
6390.5 0
6391.5 1
6392.5 0
6393.5 -0.571429
6394.5 1
6395.5 1
6396.5 0
6397.5 0
6398.5 0
6399.5 0
6400.5 0
6401.5 2
6402.5 0
6403.5 1
6404.5 0
6405.5 0
6406.5 0
6407.5 0
6408.5 0
6409.5 0
6410.5 0
6411.5 0
6412.5 1
6413.5 1
6414.5 1
6415.5 0
6416.5 0
6417.5 -1.57143
6418.5 -0.571429
6419.5 -0.571429
6420.5 -0.571429
6421.5 2
6422.5 1
6423.5 -1.57143
6424.5 1
6425.5 1
6426.5 1
6427.5 0
6428.5 -0.571429
6429.5 -0.571429
6430.5 -0.571429
6431.5 0
6432.5 1
6433.5 1
6434.5 0
6435.5 0
6436.5 0
6437.5 0
6438.5 0
6439.5 1
6440.5 -0.571429
6441.5 1
6442.5 0
6443.5 1
6444.5 0
6445.5 -1.57143
6446.5 0
6447.5 0
6448.5 0
6449.5 0
6450.5 0
6451.5 0
6452.5 0
6453.5 0
6454.5 0
6455.5 1
6456.5 0
6457.5 0
6458.5 1
6459.5 -1.57143
6460.5 -1.57143
6461.5 -1.57143
6462.5 0
6463.5 0
6464.5 -0.571429
6465.5 0
6466.5 0
6467.5 -1.57143
6468.5 0
6469.5 -1.57143
6470.5 -1.57143
6471.5 0
6472.5 0
6473.5 0
6474.5 -0.571429
6475.5 1
6476.5 0
6477.5 1
6478.5 0
6479.5 -0.571429
6480.5 0
6481.5 1
6482.5 0
6483.5 1
6484.5 0
6485.5 0
6486.5 0
6487.5 0
6488.5 -1.57143
6489.5 1
6490.5 0
6491.5 0
6492.5 0
6493.5 0
6494.5 0
6495.5 0
6496.5 0
6497.5 1
6498.5 1
6499.5 1
6500.5 1
6501.5 0
6502.5 1
6503.5 0
6504.5 0
6505.5 0
6506.5 0
6507.5 1
6508.5 0
6509.5 0
6510.5 0
6511.5 0
6512.5 0
6513.5 0
6514.5 0
6515.5 0
6516.5 0
6517.5 0
6518.5 0
6519.5 -1.57143
6520.5 0
6521.5 -1.57143
6522.5 0
6523.5 0
6524.5 0
6525.5 0
6526.5 0
6527.5 1
6528.5 0
6529.5 2
6530.5 0
6531.5 0
6532.5 1
6533.5 0
6534.5 -4.71429
6535.5 0
6536.5 1
6537.5 -1.57143
6538.5 0
6539.5 1
6540.5 1
6541.5 0
6542.5 -1.57143
6543.5 -1.57143
6544.5 1
6545.5 -0.571429
6546.5 -2.14286
6547.5 -1.57143
6548.5 0.428571
6549.5 1
6550.5 0
6551.5 0
6552.5 0
6553.5 1
6554.5 0
6555.5 -1.57143
6556.5 -1.57143
6557.5 0
6558.5 1
6559.5 -0.571429
6560.5 0
6561.5 0
6562.5 1
6563.5 0
6564.5 0
6565.5 0
6566.5 0
6567.5 -1.57143
6568.5 0
6569.5 -1.57143
6570.5 0
6571.5 0
6572.5 -1.57143
6573.5 0
6574.5 0
6575.5 0
6576.5 0
6577.5 0
6578.5 1
6579.5 1
6580.5 0
6581.5 0
6582.5 -1.57143
6583.5 0
6584.5 0
6585.5 0
6586.5 0
6587.5 0
6588.5 0
6589.5 2
6590.5 -3.14286
6591.5 0
6592.5 1
6593.5 0
6594.5 0
6595.5 1
6596.5 0
6597.5 1
6598.5 -0.571429
6599.5 -1.57143
6600.5 1
6601.5 0
6602.5 -1.57143
6603.5 0
6604.5 0
6605.5 0
6606.5 0
6607.5 0
6608.5 0
6609.5 1
6610.5 1
6611.5 -1.57143
6612.5 0
6613.5 -1.57143
6614.5 0
6615.5 0
6616.5 0
6617.5 0
6618.5 0
6619.5 0
6620.5 0
6621.5 0
6622.5 -1.57143
6623.5 -0.571429
6624.5 0
6625.5 1
6626.5 0
6627.5 1
6628.5 -1.57143
6629.5 3
6630.5 1
6631.5 0
6632.5 1
6633.5 0
6634.5 0
6635.5 0
6636.5 0
6637.5 -1.57143
6638.5 1
6639.5 0
6640.5 0
6641.5 0
6642.5 -1.57143
6643.5 1
6644.5 0
6645.5 0
6646.5 0
6647.5 0
6648.5 1
6649.5 0
6650.5 1
6651.5 0
6652.5 1
6653.5 0
6654.5 1
6655.5 1
6656.5 0
6657.5 1
6658.5 1
6659.5 0
6660.5 0
6661.5 0
6662.5 0
6663.5 0
6664.5 -1.57143
6665.5 0
6666.5 0
6667.5 0
6668.5 -1.57143
6669.5 0
6670.5 1
6671.5 1
6672.5 1
6673.5 -1.57143
6674.5 -0.571429
6675.5 1
6676.5 0
6677.5 0
6678.5 0
6679.5 1
6680.5 0
6681.5 0
6682.5 0
6683.5 1
6684.5 0
6685.5 1
6686.5 0
6687.5 0
6688.5 0
6689.5 0
6690.5 0
6691.5 1
6692.5 1
6693.5 1
6694.5 1
6695.5 1
6696.5 -0.571429
6697.5 -0.571429
6698.5 1
6699.5 0
6700.5 0
6701.5 1
6702.5 0
6703.5 1
6704.5 -1.57143
6705.5 -1.57143
6706.5 0
6707.5 0
6708.5 0
6709.5 0
6710.5 0
6711.5 0
6712.5 0
6713.5 0
6714.5 0
6715.5 1
6716.5 0
6717.5 0
6718.5 -0.571429
6719.5 0
6720.5 0
6721.5 0
6722.5 1
6723.5 -0.571429
6724.5 0
6725.5 0
6726.5 0
6727.5 0
6728.5 0
6729.5 0
6730.5 0
6731.5 1
6732.5 -1.57143
6733.5 0
6734.5 -1.57143
6735.5 -1.57143
6736.5 0
6737.5 0
6738.5 0
6739.5 0
6740.5 -1.57143
6741.5 2
6742.5 0
6743.5 0
6744.5 0
6745.5 1
6746.5 0
6747.5 1
6748.5 1
6749.5 1
6750.5 1
6751.5 0
6752.5 0
6753.5 0
6754.5 1
6755.5 1
6756.5 -0.571429
6757.5 0
6758.5 0
6759.5 0
6760.5 0
6761.5 0
6762.5 0
6763.5 0
6764.5 -0.571429
6765.5 -1.57143
6766.5 2
6767.5 -0.571429
6768.5 1
6769.5 0
6770.5 1
6771.5 0.428571
6772.5 1
6773.5 -1.57143
6774.5 1
6775.5 0
6776.5 1
6777.5 -1.57143
6778.5 -1.57143
6779.5 -1.57143
6780.5 1
6781.5 0
6782.5 0
6783.5 0
6784.5 0
6785.5 0
6786.5 1
6787.5 1
6788.5 1
6789.5 1
6790.5 0
6791.5 0
6792.5 -1.57143
6793.5 0
6794.5 0
6795.5 -1.57143
6796.5 0
6797.5 0
6798.5 0
6799.5 0
6800.5 1
6801.5 0
6802.5 -1.57143
6803.5 0
6804.5 0
6805.5 0
6806.5 0
6807.5 -0.571429
6808.5 -1.57143
6809.5 0
6810.5 0
6811.5 0
6812.5 0
6813.5 0
6814.5 1
6815.5 -1.57143
6816.5 0
6817.5 0
6818.5 -1.57143
6819.5 0
6820.5 0
6821.5 0
6822.5 0
6823.5 0
6824.5 0
6825.5 0
6826.5 0
6827.5 0
6828.5 0
6829.5 0
6830.5 0
6831.5 0
6832.5 1
6833.5 0
6834.5 0
6835.5 0
6836.5 0
6837.5 0
6838.5 1
6839.5 -0.571429
6840.5 0
6841.5 0
6842.5 0
6843.5 0
6844.5 -3.14286
6845.5 -1.57143
6846.5 0
6847.5 0
6848.5 0
6849.5 -1.57143
6850.5 0
6851.5 1
6852.5 0
6853.5 -1.57143
6854.5 0
6855.5 0
6856.5 0
6857.5 0
6858.5 0
6859.5 0
6860.5 0
6861.5 0
6862.5 0
6863.5 0
6864.5 1
6865.5 0
6866.5 0
6867.5 0
6868.5 0
6869.5 0
6870.5 0
6871.5 0
6872.5 0
6873.5 -1.57143
6874.5 0
6875.5 0
6876.5 0
6877.5 0
6878.5 0
6879.5 -3.14286
6880.5 1
6881.5 0
6882.5 -1.57143
6883.5 0
6884.5 1
6885.5 0
6886.5 0
6887.5 0
6888.5 0
6889.5 2
6890.5 0
6891.5 0
6892.5 0
6893.5 1
6894.5 1
6895.5 0
6896.5 0
6897.5 0
6898.5 0
6899.5 1
6900.5 -1.57143
6901.5 0
6902.5 0
6903.5 0
6904.5 0
6905.5 0
6906.5 0
6907.5 0
6908.5 0.428571
6909.5 1
6910.5 0
6911.5 1
6912.5 0
6913.5 0
6914.5 -1.57143
6915.5 0
6916.5 0
6917.5 0
6918.5 -0.571429
6919.5 0
6920.5 0.428571
6921.5 1
6922.5 0
6923.5 1
6924.5 0
6925.5 0
6926.5 -1.57143
6927.5 0
6928.5 0
6929.5 0
6930.5 -1.57143
6931.5 0
6932.5 -1.57143
6933.5 2
6934.5 0
6935.5 0
6936.5 0
6937.5 0
6938.5 1
6939.5 -1.57143
6940.5 0
6941.5 1
6942.5 0
6943.5 0
6944.5 0
6945.5 0
6946.5 -0.571429
6947.5 -1.57143
6948.5 0
6949.5 0
6950.5 1
6951.5 1
6952.5 0
6953.5 0
6954.5 0
6955.5 0
6956.5 0
6957.5 -0.571429
6958.5 -1.57143
6959.5 0
6960.5 0
6961.5 -1.57143
6962.5 0
6963.5 -0.571429
6964.5 0
6965.5 1
6966.5 0
6967.5 0
6968.5 0
6969.5 -4.71429
6970.5 1
6971.5 0
6972.5 1
6973.5 0
6974.5 1
6975.5 0
6976.5 0
6977.5 -1.57143
6978.5 0
6979.5 1
6980.5 0
6981.5 0
6982.5 0
6983.5 1
6984.5 0
6985.5 0
6986.5 0
6987.5 -1.57143
6988.5 0
6989.5 0
6990.5 0
6991.5 0
6992.5 0
6993.5 0
6994.5 0
6995.5 1
6996.5 1
6997.5 0
6998.5 0
6999.5 0
7000.5 0
7001.5 0
7002.5 -0.571429
7003.5 0
7004.5 0
7005.5 0
7006.5 0
7007.5 -1.57143
7008.5 0
7009.5 -1.57143
7010.5 -1.57143
7011.5 0
7012.5 0
7013.5 0
7014.5 1
7015.5 1
7016.5 1
7017.5 1
7018.5 0
7019.5 0
7020.5 0
7021.5 1
7022.5 0
7023.5 -1.57143
7024.5 0
7025.5 0
7026.5 -1.57143
7027.5 1
7028.5 1
7029.5 0
7030.5 0
7031.5 1
7032.5 0
7033.5 0
7034.5 0
7035.5 1
7036.5 0
7037.5 0
7038.5 0
7039.5 0
7040.5 0
7041.5 0
7042.5 0
7043.5 0
7044.5 0
7045.5 0
7046.5 2
7047.5 0
7048.5 1
7049.5 0
7050.5 -1.57143
7051.5 0
7052.5 0
7053.5 1
7054.5 2
7055.5 0
7056.5 0
7057.5 0
7058.5 -1.57143
7059.5 0
7060.5 0
7061.5 0
7062.5 0
7063.5 0
7064.5 0
7065.5 0
7066.5 0
7067.5 0
7068.5 0
7069.5 0
7070.5 0
7071.5 0
7072.5 0
7073.5 1
7074.5 0
7075.5 0
7076.5 0
7077.5 0
7078.5 0
7079.5 1
7080.5 0
7081.5 1
7082.5 0
7083.5 0
7084.5 0
7085.5 0
7086.5 0
7087.5 0
7088.5 0
7089.5 0
7090.5 0
7091.5 0
7092.5 0
7093.5 0
7094.5 1
7095.5 1
7096.5 0
7097.5 0
7098.5 1
7099.5 0
7100.5 0
7101.5 0
7102.5 0
7103.5 0
7104.5 0
7105.5 0
7106.5 0
7107.5 1
7108.5 1
7109.5 -1.57143
7110.5 -0.571429
7111.5 0
7112.5 -0.571429
7113.5 0
7114.5 1
7115.5 1
7116.5 0
7117.5 1
7118.5 0
7119.5 0
7120.5 0
7121.5 0
7122.5 -1.57143
7123.5 1
7124.5 0
7125.5 0
7126.5 0
7127.5 0
7128.5 -1.57143
7129.5 0
7130.5 0
7131.5 0
7132.5 1
7133.5 0
7134.5 0
7135.5 0
7136.5 0
7137.5 0
7138.5 0
7139.5 0
7140.5 1
7141.5 0
7142.5 0
7143.5 0
7144.5 1
7145.5 0
7146.5 0
7147.5 0
7148.5 0
7149.5 1
7150.5 0
7151.5 0
7152.5 1
7153.5 0
7154.5 0
7155.5 1
7156.5 0
7157.5 0
7158.5 2
7159.5 1
7160.5 1
7161.5 1
7162.5 0
7163.5 0
7164.5 0
7165.5 0
7166.5 0
7167.5 1
7168.5 -1.57143
7169.5 0
7170.5 0
7171.5 0
7172.5 -0.571429
7173.5 0
7174.5 0
7175.5 0
7176.5 0
7177.5 0
7178.5 0
7179.5 0
7180.5 0
7181.5 0
7182.5 1
7183.5 0
7184.5 0
7185.5 0
7186.5 0
7187.5 1
7188.5 0
7189.5 0
7190.5 0
7191.5 0
7192.5 0
7193.5 0
7194.5 0
7195.5 0
7196.5 0
7197.5 0
7198.5 0
7199.5 0
7200.5 -0.571429
7201.5 0
7202.5 1
7203.5 -1.57143
7204.5 -1.57143
7205.5 0
7206.5 0.428571
7207.5 0
7208.5 3
7209.5 -1.57143
7210.5 0
7211.5 1
7212.5 1
7213.5 1
7214.5 1
7215.5 1
7216.5 0
7217.5 1
7218.5 0
7219.5 -0.571429
7220.5 0
7221.5 0
7222.5 0
7223.5 0
7224.5 -1.57143
7225.5 0
7226.5 0
7227.5 0
7228.5 0
7229.5 1
7230.5 0
7231.5 -1.57143
7232.5 0
7233.5 -1.57143
7234.5 -1.57143
7235.5 0
7236.5 0
7237.5 0
7238.5 0
7239.5 0
7240.5 0
7241.5 0
7242.5 -0.571429
7243.5 0
7244.5 0
7245.5 1
7246.5 0
7247.5 0
7248.5 0
7249.5 1
7250.5 0
7251.5 0
7252.5 0
7253.5 0
7254.5 1
7255.5 1
7256.5 -0.571429
7257.5 1
7258.5 0
7259.5 0
7260.5 0
7261.5 -1.57143
7262.5 -2.14286
7263.5 0
7264.5 2
7265.5 0
7266.5 1
7267.5 0
7268.5 0
7269.5 0
7270.5 -1.57143
7271.5 0
7272.5 -1.57143
7273.5 0
7274.5 0
7275.5 0
7276.5 1
7277.5 1
7278.5 0
7279.5 -1.57143
7280.5 0
7281.5 0
7282.5 0
7283.5 0
7284.5 0
7285.5 0
7286.5 0
7287.5 1
7288.5 0
7289.5 -0.571429
7290.5 0
7291.5 0
7292.5 1
7293.5 1
7294.5 1
7295.5 0
7296.5 0
7297.5 1
7298.5 0
7299.5 1
7300.5 0
7301.5 -1.57143
7302.5 0
7303.5 0
7304.5 0
7305.5 0
7306.5 0
7307.5 0
7308.5 0
7309.5 0
7310.5 0
7311.5 -1.57143
7312.5 0
7313.5 0
7314.5 0
7315.5 0
7316.5 0
7317.5 0
7318.5 0
7319.5 0
7320.5 0
7321.5 0
7322.5 1
7323.5 1
7324.5 0
7325.5 0
7326.5 0
7327.5 0
7328.5 0
7329.5 0
7330.5 0
7331.5 -0.571429
7332.5 0
7333.5 0
7334.5 0
7335.5 -1.57143
7336.5 0
7337.5 0
7338.5 0
7339.5 0
7340.5 0
7341.5 0
7342.5 0
7343.5 0
7344.5 0
7345.5 1
7346.5 0
7347.5 1
7348.5 0
7349.5 -1.57143
7350.5 0
7351.5 -1.57143
7352.5 -1.57143
7353.5 -1.57143
7354.5 0
7355.5 0
7356.5 0
7357.5 1
7358.5 0
7359.5 0
7360.5 0
7361.5 0
7362.5 0
7363.5 0
7364.5 0
7365.5 0
7366.5 0
7367.5 0
7368.5 0
7369.5 1
7370.5 0
7371.5 0
7372.5 0
7373.5 0
7374.5 1
7375.5 0
7376.5 0
7377.5 0
7378.5 1
7379.5 0
7380.5 0
7381.5 1
7382.5 0
7383.5 0
7384.5 -1.57143
7385.5 0
7386.5 1
7387.5 0
7388.5 0
7389.5 0
7390.5 0
7391.5 0
7392.5 -1.57143
7393.5 -1.57143
7394.5 0
7395.5 0
7396.5 1
7397.5 -0.571429
7398.5 0
7399.5 0
7400.5 0
7401.5 0
7402.5 -1.57143
7403.5 0
7404.5 -1.57143
7405.5 0
7406.5 0
7407.5 0
7408.5 -1.57143
7409.5 0
7410.5 0
7411.5 0
7412.5 0
7413.5 1
7414.5 0
7415.5 1
7416.5 0
7417.5 0
7418.5 2
7419.5 -1.57143
7420.5 1
7421.5 0
7422.5 1
7423.5 1
7424.5 0
7425.5 1
7426.5 0
7427.5 0
7428.5 0
7429.5 0
7430.5 -1.57143
7431.5 0
7432.5 1
7433.5 0
7434.5 0
7435.5 0
7436.5 0
7437.5 0
7438.5 -1.57143
7439.5 0
7440.5 0
7441.5 0
7442.5 0
7443.5 0
7444.5 1
7445.5 0
7446.5 0
7447.5 0
7448.5 0
7449.5 0
7450.5 0
7451.5 0
7452.5 0
7453.5 0
7454.5 0
7455.5 0
7456.5 0
7457.5 0
7458.5 0
7459.5 -0.571429
7460.5 0
7461.5 1
7462.5 1
7463.5 0
7464.5 0
7465.5 0
7466.5 0
7467.5 0
7468.5 1
7469.5 0
7470.5 0
7471.5 0
7472.5 0
7473.5 0
7474.5 0
7475.5 0
7476.5 0
7477.5 0
7478.5 0
7479.5 0
7480.5 0
7481.5 0
7482.5 0
7483.5 0
7484.5 0
7485.5 0
7486.5 0
7487.5 -1.57143
7488.5 0
7489.5 0
7490.5 0
7491.5 0
7492.5 1
7493.5 0
7494.5 0
7495.5 0
7496.5 0
7497.5 0
7498.5 0
7499.5 0
7500.5 0
7501.5 0
7502.5 0
7503.5 0
7504.5 0
7505.5 0
7506.5 0
7507.5 0
7508.5 0
7509.5 1
7510.5 0
7511.5 -1.57143
7512.5 0
7513.5 0
7514.5 0
7515.5 0
7516.5 0
7517.5 0
7518.5 0
7519.5 0
7520.5 0
7521.5 0
7522.5 0
7523.5 0
7524.5 -1.57143
7525.5 1
7526.5 0
7527.5 0
7528.5 0
7529.5 0
7530.5 1
7531.5 1
7532.5 0
7533.5 0
7534.5 0
7535.5 1
7536.5 0
7537.5 0
7538.5 0
7539.5 0
7540.5 0
7541.5 0
7542.5 0
7543.5 0
7544.5 0
7545.5 0
7546.5 0
7547.5 1
7548.5 0
7549.5 1
7550.5 0
7551.5 0
7552.5 1
7553.5 0
7554.5 0
7555.5 0
7556.5 0
7557.5 1
7558.5 0
7559.5 0
7560.5 0
7561.5 0
7562.5 1
7563.5 0
7564.5 0
7565.5 0
7566.5 -1.57143
7567.5 0
7568.5 0
7569.5 0
7570.5 0
7571.5 0
7572.5 0
7573.5 0
7574.5 -1.57143
7575.5 0
7576.5 3
7577.5 0
7578.5 0
7579.5 0
7580.5 -0.571429
7581.5 2
7582.5 0
7583.5 0
7584.5 0
7585.5 1
7586.5 0
7587.5 0
7588.5 0
7589.5 1
7590.5 0
7591.5 1
7592.5 0
7593.5 0
7594.5 0
7595.5 0
7596.5 -1.57143
7597.5 0
7598.5 0
7599.5 0
7600.5 0
7601.5 -1.57143
7602.5 0
7603.5 -1.57143
7604.5 0
7605.5 0
7606.5 0
7607.5 0
7608.5 0
7609.5 -1.57143
7610.5 0
7611.5 0
7612.5 1
7613.5 0
7614.5 0
7615.5 0
7616.5 0
7617.5 1
7618.5 0
7619.5 0
7620.5 0
7621.5 0
7622.5 0
7623.5 0
7624.5 0
7625.5 0
7626.5 0
7627.5 0
7628.5 1
7629.5 0
7630.5 0
7631.5 0
7632.5 0
7633.5 0
7634.5 0
7635.5 0
7636.5 0
7637.5 2
7638.5 0
7639.5 0
7640.5 -1.57143
7641.5 0
7642.5 0
7643.5 -1.57143
7644.5 -0.571429
7645.5 2
7646.5 0
7647.5 0
7648.5 0
7649.5 0
7650.5 1
7651.5 0
7652.5 0
7653.5 0
7654.5 0
7655.5 1
7656.5 0
7657.5 0
7658.5 0
7659.5 0
7660.5 0
7661.5 0
7662.5 0
7663.5 0
7664.5 1
7665.5 1
7666.5 1
7667.5 0
7668.5 0
7669.5 0
7670.5 -0.571429
7671.5 0
7672.5 0
7673.5 0
7674.5 0
7675.5 0
7676.5 0
7677.5 0
7678.5 -0.571429
7679.5 0
7680.5 1
7681.5 0
7682.5 0
7683.5 0
7684.5 0
7685.5 0
7686.5 0
7687.5 0
7688.5 0
7689.5 0
7690.5 0
7691.5 0
7692.5 0
7693.5 0
7694.5 0
7695.5 1
7696.5 0
7697.5 1
7698.5 0
7699.5 0
7700.5 0
7701.5 0
7702.5 0
7703.5 0
7704.5 1
7705.5 0
7706.5 0
7707.5 0
7708.5 0
7709.5 0
7710.5 0
7711.5 -1.57143
7712.5 0
7713.5 -0.571429
7714.5 0
7715.5 0
7716.5 0
7717.5 1
7718.5 0
7719.5 1
7720.5 -1.57143
7721.5 0
7722.5 0
7723.5 0
7724.5 1
7725.5 1
7726.5 1
7727.5 0
7728.5 0
7729.5 1
7730.5 0
7731.5 0
7732.5 0
7733.5 0
7734.5 0
7735.5 0
7736.5 1
7737.5 0
7738.5 -1.57143
7739.5 0
7740.5 0
7741.5 0
7742.5 0
7743.5 0
7744.5 0
7745.5 -1.57143
7746.5 0
7747.5 0
7748.5 0
7749.5 0
7750.5 0
7751.5 0
7752.5 0
7753.5 0
7754.5 0
7755.5 -0.571429
7756.5 0
7757.5 0
7758.5 0
7759.5 0
7760.5 1
7761.5 0
7762.5 0
7763.5 0
7764.5 -1.57143
7765.5 0
7766.5 0
7767.5 2
7768.5 0
7769.5 2
7770.5 -1.57143
7771.5 0
7772.5 0
7773.5 2
7774.5 1
7775.5 1
7776.5 0
7777.5 0
7778.5 0
7779.5 0
7780.5 0
7781.5 0
7782.5 0
7783.5 -1.57143
7784.5 0
7785.5 0
7786.5 1
7787.5 0
7788.5 0
7789.5 0
7790.5 0
7791.5 1
7792.5 0
7793.5 0
7794.5 0
7795.5 0
7796.5 0
7797.5 0
7798.5 0
7799.5 1
7800.5 0
7801.5 0
7802.5 0
7803.5 0
7804.5 0
7805.5 0
7806.5 0
7807.5 0
7808.5 0
7809.5 0
7810.5 0
7811.5 0
7812.5 0
7813.5 0
7814.5 0
7815.5 0
7816.5 0
7817.5 0
7818.5 0
7819.5 0
7820.5 0
7821.5 0
7822.5 0
7823.5 1
7824.5 1
7825.5 0
7826.5 1
7827.5 0
7828.5 0
7829.5 0
7830.5 0
7831.5 0
7832.5 0
7833.5 0
7834.5 0
7835.5 2
7836.5 0
7837.5 0
7838.5 0
7839.5 0
7840.5 -1.57143
7841.5 1
7842.5 -1.57143
7843.5 0
7844.5 0
7845.5 0
7846.5 -1.57143
7847.5 0
7848.5 0
7849.5 0
7850.5 0
7851.5 1
7852.5 0
7853.5 0
7854.5 0
7855.5 0
7856.5 1
7857.5 0
7858.5 0
7859.5 0
7860.5 0
7861.5 0
7862.5 0
7863.5 0
7864.5 1
7865.5 0
7866.5 0
7867.5 0
7868.5 0
7869.5 0
7870.5 0
7871.5 -1.57143
7872.5 0
7873.5 0
7874.5 0
7875.5 0
7876.5 1
7877.5 0
7878.5 0
7879.5 0
7880.5 0
7881.5 0
7882.5 0
7883.5 0
7884.5 -0.571429
7885.5 0
7886.5 0
7887.5 0
7888.5 0
7889.5 0
7890.5 0
7891.5 0
7892.5 0
7893.5 0
7894.5 1
7895.5 0
7896.5 0
7897.5 -1.57143
7898.5 0
7899.5 0
7900.5 0
7901.5 0
7902.5 0
7903.5 0
7904.5 0
7905.5 0
7906.5 0
7907.5 0
7908.5 -1.57143
7909.5 0
7910.5 0
7911.5 -1.57143
7912.5 0
7913.5 0
7914.5 0
7915.5 0
7916.5 0
7917.5 -1.57143
7918.5 0
7919.5 0
7920.5 0
7921.5 0
7922.5 0
7923.5 0
7924.5 0
7925.5 0
7926.5 1
7927.5 0
7928.5 0
7929.5 1
7930.5 0
7931.5 0
7932.5 1
7933.5 0
7934.5 0
7935.5 0
7936.5 0
7937.5 0
7938.5 0
7939.5 0
7940.5 0
7941.5 0
7942.5 0
7943.5 0
7944.5 0
7945.5 -1.57143
7946.5 0
7947.5 0
7948.5 0
7949.5 0
7950.5 0
7951.5 0
7952.5 0
7953.5 0
7954.5 0
7955.5 0
7956.5 0
7957.5 0
7958.5 0
7959.5 1
7960.5 0
7961.5 0
7962.5 0
7963.5 0
7964.5 0
7965.5 -1.57143
7966.5 0
7967.5 0
7968.5 0
7969.5 0
7970.5 0
7971.5 0
7972.5 0
7973.5 -1.57143
7974.5 0
7975.5 -1.57143
7976.5 0
7977.5 0
7978.5 0
7979.5 -1.57143
7980.5 0
7981.5 0
7982.5 0
7983.5 0
7984.5 0
7985.5 0
7986.5 0
7987.5 0
7988.5 0
7989.5 1
7990.5 0
7991.5 1
7992.5 0
7993.5 0
7994.5 0
7995.5 0
7996.5 0
7997.5 0
7998.5 0
7999.5 0
8000.5 0
8001.5 0
8002.5 0
8003.5 0
8004.5 0
8005.5 0
8006.5 0
8007.5 0
8008.5 0
8009.5 0
8010.5 0
8011.5 0
8012.5 -1.57143
8013.5 0
8014.5 0
8015.5 0
8016.5 0
8017.5 0
8018.5 0
8019.5 0
8020.5 1
8021.5 0
8022.5 0
8023.5 2
8024.5 0
8025.5 0
8026.5 0
8027.5 0
8028.5 0
8029.5 -1.57143
8030.5 1
8031.5 0
8032.5 1
8033.5 0
8034.5 0
8035.5 0
8036.5 0
8037.5 -1.57143
8038.5 0
8039.5 -1.57143
8040.5 0
8041.5 0
8042.5 0
8043.5 0
8044.5 0
8045.5 0
8046.5 0
8047.5 0
8048.5 0
8049.5 1
8050.5 0
8051.5 0
8052.5 1
8053.5 0
8054.5 0
8055.5 0
8056.5 0
8057.5 0
8058.5 0
8059.5 0
8060.5 0
8061.5 0
8062.5 0
8063.5 0
8064.5 0
8065.5 0
8066.5 0
8067.5 0
8068.5 0
8069.5 0
8070.5 0
8071.5 0
8072.5 0
8073.5 0
8074.5 0
8075.5 0
8076.5 0
8077.5 0
8078.5 0
8079.5 0
8080.5 1
8081.5 -1.57143
8082.5 0
8083.5 2
8084.5 0
8085.5 0
8086.5 0
8087.5 0
8088.5 0
8089.5 0
8090.5 0
8091.5 0
8092.5 -1.57143
8093.5 1
8094.5 0
8095.5 0
8096.5 0
8097.5 0
8098.5 0
8099.5 0
8100.5 0
8101.5 0
8102.5 0
8103.5 0
8104.5 0
8105.5 0
8106.5 0
8107.5 0
8108.5 0
8109.5 0
8110.5 0
8111.5 0
8112.5 0
8113.5 0
8114.5 0
8115.5 0
8116.5 0
8117.5 0
8118.5 0
8119.5 0
8120.5 0
8121.5 0
8122.5 0
8123.5 0
8124.5 0
8125.5 0
8126.5 0
8127.5 0
8128.5 0
8129.5 0
8130.5 1
8131.5 0
8132.5 -1.57143
8133.5 0
8134.5 0
8135.5 0
8136.5 0
8137.5 0
8138.5 0
8139.5 0
8140.5 0
8141.5 0
8142.5 1
8143.5 -0.571429
8144.5 0
8145.5 0
8146.5 1
8147.5 0
8148.5 2
8149.5 0
8150.5 0
8151.5 0
8152.5 0
8153.5 0
8154.5 0
8155.5 0
8156.5 0
8157.5 0
8158.5 0
8159.5 0
8160.5 0
8161.5 0
8162.5 0
8163.5 0
8164.5 0
8165.5 0
8166.5 0
8167.5 0
8168.5 0
8169.5 0
8170.5 0
8171.5 1
8172.5 0
8173.5 0
8174.5 0
8175.5 0
8176.5 0
8177.5 0
8178.5 0
8179.5 0
8180.5 0
8181.5 0
8182.5 0
8183.5 0
8184.5 0
8185.5 0
8186.5 0
8187.5 0
8188.5 0
8189.5 0
8190.5 0
8191.5 0
8192.5 0
8193.5 0
8194.5 0
8195.5 0
8196.5 -1.57143
8197.5 0
8198.5 0
8199.5 0
8200.5 0
8201.5 0
8202.5 0
8203.5 0
8204.5 0
8205.5 0
8206.5 0
8207.5 1
8208.5 0
8209.5 0
8210.5 0
8211.5 0
8212.5 0
8213.5 2
8214.5 0
8215.5 0
8216.5 0
8217.5 0
8218.5 0
8219.5 0
8220.5 0
8221.5 1
8222.5 0
8223.5 0
8224.5 -1.57143
8225.5 0
8226.5 0
8227.5 1
8228.5 0
8229.5 0
8230.5 0
8231.5 0
8232.5 1
8233.5 0
8234.5 0
8235.5 0
8236.5 0
8237.5 0
8238.5 0
8239.5 0
8240.5 0
8241.5 0
8242.5 0
8243.5 0
8244.5 0
8245.5 0
8246.5 0
8247.5 1
8248.5 1
8249.5 0
8250.5 0
8251.5 0
8252.5 0
8253.5 0
8254.5 0
8255.5 0
8256.5 0
8257.5 0
8258.5 0
8259.5 0
8260.5 0
8261.5 0
8262.5 1
8263.5 0
8264.5 0
8265.5 0
8266.5 0
8267.5 0
8268.5 0
8269.5 0
8270.5 0
8271.5 0
8272.5 0
8273.5 0
8274.5 0
8275.5 0
8276.5 0
8277.5 0
8278.5 0
8279.5 0
8280.5 0
8281.5 0
8282.5 0
8283.5 0
8284.5 0
8285.5 0
8286.5 0
8287.5 0
8288.5 0
8289.5 0
8290.5 1
8291.5 0
8292.5 0
8293.5 0
8294.5 0
8295.5 0
8296.5 0
8297.5 0
8298.5 0
8299.5 0
8300.5 0
8301.5 1
8302.5 0
8303.5 0
8304.5 0
8305.5 0
8306.5 0
8307.5 0
8308.5 0
8309.5 0
8310.5 0
8311.5 0
8312.5 0
8313.5 0
8314.5 0
8315.5 0
8316.5 0
8317.5 0
8318.5 1
8319.5 -1.57143
8320.5 0
8321.5 0
8322.5 0
8323.5 0
8324.5 0
8325.5 0
8326.5 0
8327.5 0
8328.5 0
8329.5 0
8330.5 0
8331.5 0
8332.5 0
8333.5 0
8334.5 0
8335.5 -0.571429
8336.5 1
8337.5 0
8338.5 0
8339.5 0
8340.5 1
8341.5 -1.57143
8342.5 0
8343.5 0
8344.5 0
8345.5 -1.57143
8346.5 0
8347.5 0
8348.5 0
8349.5 0
8350.5 0
8351.5 0
8352.5 0
8353.5 0
8354.5 0
8355.5 0
8356.5 0
8357.5 0
8358.5 -1.57143
8359.5 0
8360.5 0
8361.5 0
8362.5 0
8363.5 0
8364.5 -1.57143
8365.5 0
8366.5 0
8367.5 0
8368.5 1
8369.5 0
8370.5 0
8371.5 0
8372.5 -1.57143
8373.5 0
8374.5 0
8375.5 0
8376.5 0
8377.5 -1.57143
8378.5 0
8379.5 0
8380.5 0
8381.5 0
8382.5 0
8383.5 0
8384.5 0
8385.5 0
8386.5 0
8387.5 0
8388.5 0
8389.5 0
8390.5 0
8391.5 0
8392.5 1
8393.5 0
8394.5 0
8395.5 0
8396.5 0
8397.5 2
8398.5 0
8399.5 0
8400.5 0
8401.5 0
8402.5 0
8403.5 0
8404.5 0
8405.5 0
8406.5 0
8407.5 1
8408.5 0
8409.5 0
8410.5 0
8411.5 0
8412.5 0
8413.5 0
8414.5 0
8415.5 0
8416.5 0
8417.5 0
8418.5 0
8419.5 -1.57143
8420.5 0
8421.5 0
8422.5 0
8423.5 0
8424.5 0
8425.5 0
8426.5 0
8427.5 0
8428.5 0
8429.5 0
8430.5 0
8431.5 0
8432.5 0
8433.5 0
8434.5 0
8435.5 0
8436.5 -0.571429
8437.5 0
8438.5 0
8439.5 0
8440.5 0
8441.5 0
8442.5 0
8443.5 0
8444.5 -1.57143
8445.5 1
8446.5 0
8447.5 1
8448.5 0
8449.5 0
8450.5 0
8451.5 0
8452.5 0
8453.5 0
8454.5 0
8455.5 2
8456.5 0
8457.5 0
8458.5 1
8459.5 0
8460.5 1
8461.5 0
8462.5 0
8463.5 0
8464.5 0
8465.5 0
8466.5 0
8467.5 0
8468.5 0
8469.5 0
8470.5 0
8471.5 0
8472.5 0
8473.5 0
8474.5 0
8475.5 0
8476.5 0
8477.5 0
8478.5 0
8479.5 0
8480.5 0
8481.5 0
8482.5 0
8483.5 0
8484.5 0
8485.5 0
8486.5 -0.571429
8487.5 2
8488.5 0
8489.5 0
8490.5 0
8491.5 0
8492.5 0
8493.5 0
8494.5 0
8495.5 0
8496.5 0
8497.5 0
8498.5 0
8499.5 0
8500.5 -1.57143
8501.5 0
8502.5 -1.57143
8503.5 0
8504.5 -1.57143
8505.5 0
8506.5 0
8507.5 0
8508.5 0
8509.5 0
8510.5 0
8511.5 -1.57143
8512.5 0
8513.5 0
8514.5 0
8515.5 0
8516.5 0
8517.5 0
8518.5 1
8519.5 0
8520.5 0
8521.5 0
8522.5 0
8523.5 0
8524.5 0
8525.5 0
8526.5 0
8527.5 0
8528.5 0
8529.5 0
8530.5 0
8531.5 0
8532.5 0
8533.5 0
8534.5 0
8535.5 0
8536.5 0
8537.5 0
8538.5 0
8539.5 0
8540.5 0
8541.5 0
8542.5 0
8543.5 0
8544.5 0
8545.5 0
8546.5 0
8547.5 1
8548.5 0
8549.5 0
8550.5 0
8551.5 0
8552.5 0
8553.5 0
8554.5 0
8555.5 0
8556.5 0
8557.5 0
8558.5 0
8559.5 1
8560.5 0
8561.5 1
8562.5 1
8563.5 0
8564.5 0
8565.5 0
8566.5 0
8567.5 0
8568.5 0
8569.5 0
8570.5 0
8571.5 0
8572.5 0
8573.5 0
8574.5 -1.57143
8575.5 1
8576.5 0
8577.5 0
8578.5 0
8579.5 0
8580.5 1
8581.5 -1.57143
8582.5 0
8583.5 0
8584.5 0
8585.5 -1.57143
8586.5 0
8587.5 0
8588.5 0
8589.5 0
8590.5 0
8591.5 0
8592.5 0
8593.5 0
8594.5 0
8595.5 0
8596.5 0
8597.5 0
8598.5 0
8599.5 0
8600.5 0
8601.5 0
8602.5 0
8603.5 0
8604.5 0
8605.5 0
8606.5 0
8607.5 0
8608.5 0
8609.5 0
8610.5 0
8611.5 0
8612.5 0
8613.5 0
8614.5 0
8615.5 0
8616.5 0
8617.5 0
8618.5 0
8619.5 0
8620.5 0
8621.5 0
8622.5 0
8623.5 0
8624.5 0
8625.5 0
8626.5 0
8627.5 0
8628.5 0
8629.5 0
8630.5 0
8631.5 0
8632.5 0
8633.5 0
8634.5 0
8635.5 0
8636.5 0
8637.5 0
8638.5 0
8639.5 0
8640.5 0
8641.5 0
8642.5 -1.57143
8643.5 0
8644.5 0
8645.5 0
8646.5 0
8647.5 0
8648.5 0
8649.5 0
8650.5 0
8651.5 0
8652.5 -1.57143
8653.5 0
8654.5 1
8655.5 0
8656.5 0
8657.5 0
8658.5 0
8659.5 0
8660.5 -1.57143
8661.5 0
8662.5 0
8663.5 0
8664.5 0
8665.5 0
8666.5 0
8667.5 0
8668.5 0
8669.5 0
8670.5 0
8671.5 0
8672.5 0
8673.5 0
8674.5 0
8675.5 0
8676.5 0
8677.5 0
8678.5 0
8679.5 0
8680.5 -0.571429
8681.5 0
8682.5 0
8683.5 0
8684.5 0
8685.5 0
8686.5 0
8687.5 0
8688.5 0
8689.5 0
8690.5 0
8691.5 0
8692.5 1
8693.5 0
8694.5 0
8695.5 0
8696.5 0
8697.5 0
8698.5 0
8699.5 0
8700.5 0
8701.5 0
8702.5 0
8703.5 0
8704.5 0
8705.5 0
8706.5 0
8707.5 0
8708.5 0
8709.5 0
8710.5 0
8711.5 0
8712.5 0
8713.5 0
8714.5 -1.57143
8715.5 0
8716.5 0
8717.5 0
8718.5 0
8719.5 0
8720.5 0
8721.5 0
8722.5 0
8723.5 0
8724.5 0
8725.5 0
8726.5 0
8727.5 0
8728.5 0
8729.5 0
8730.5 0
8731.5 0
8732.5 0
8733.5 0
8734.5 1
8735.5 1
8736.5 0
8737.5 0
8738.5 0
8739.5 0
8740.5 0
8741.5 0
8742.5 0
8743.5 -1.57143
8744.5 0
8745.5 0
8746.5 0
8747.5 0
8748.5 0
8749.5 0
8750.5 0
8751.5 0
8752.5 1
8753.5 0
8754.5 0
8755.5 -1.57143
8756.5 0
8757.5 0
8758.5 0
8759.5 0
8760.5 0
8761.5 0
8762.5 -1.57143
8763.5 0
8764.5 0
8765.5 0
8766.5 0
8767.5 0
8768.5 0
8769.5 0
8770.5 0
8771.5 0
8772.5 0
8773.5 0
8774.5 0
8775.5 0
8776.5 0
8777.5 0
8778.5 0
8779.5 0
8780.5 0
8781.5 0
8782.5 0
8783.5 0
8784.5 -0.571429
8785.5 0
8786.5 0
8787.5 0
8788.5 0
8789.5 0
8790.5 0
8791.5 0
8792.5 0
8793.5 0
8794.5 0
8795.5 0
8796.5 1
8797.5 0
8798.5 0
8799.5 1
8800.5 0
8801.5 0
8802.5 0
8803.5 0
8804.5 0
8805.5 0
8806.5 0
8807.5 0
8808.5 0
8809.5 0
8810.5 0
8811.5 0
8812.5 0
8813.5 0
8814.5 0
8815.5 0
8816.5 0
8817.5 0
8818.5 0
8819.5 0
8820.5 0
8821.5 -1.57143
8822.5 1
8823.5 0
8824.5 -1.57143
8825.5 0
8826.5 0
8827.5 0
8828.5 0
8829.5 1
8830.5 0
8831.5 0
8832.5 0
8833.5 0
8834.5 0
8835.5 0
8836.5 0
8837.5 0
8838.5 0
8839.5 0
8840.5 0
8841.5 0
8842.5 0
8843.5 -1.57143
8844.5 0
8845.5 -1.57143
8846.5 0
8847.5 0
8848.5 0
8849.5 0
8850.5 0
8851.5 0
8852.5 0
8853.5 0
8854.5 0
8855.5 0
8856.5 0
8857.5 0
8858.5 0
8859.5 0
8860.5 0
8861.5 0
8862.5 0
8863.5 0
8864.5 0
8865.5 -1.57143
8866.5 0
8867.5 0
8868.5 0
8869.5 0
8870.5 0
8871.5 0
8872.5 0
8873.5 1
8874.5 0
8875.5 0
8876.5 0
8877.5 0
8878.5 -1.57143
8879.5 0
8880.5 0
8881.5 0
8882.5 0
8883.5 0
8884.5 0
8885.5 0
8886.5 0
8887.5 0
8888.5 0
8889.5 0
8890.5 0
8891.5 0
8892.5 0
8893.5 0
8894.5 0
8895.5 0
8896.5 0
8897.5 0
8898.5 0
8899.5 0
8900.5 0
8901.5 0
8902.5 0
8903.5 0
8904.5 0
8905.5 0
8906.5 -1.57143
8907.5 0
8908.5 0
8909.5 -1.57143
8910.5 0
8911.5 0
8912.5 0
8913.5 0
8914.5 0
8915.5 0
8916.5 0
8917.5 0
8918.5 0
8919.5 0
8920.5 0
8921.5 -1.57143
8922.5 0
8923.5 0
8924.5 0
8925.5 0
8926.5 0
8927.5 1
8928.5 0
8929.5 0
8930.5 0
8931.5 0
8932.5 0
8933.5 0
8934.5 0
8935.5 0
8936.5 0
8937.5 0
8938.5 0
8939.5 0
8940.5 0
8941.5 0
8942.5 0
8943.5 0
8944.5 0
8945.5 0
8946.5 0
8947.5 0
8948.5 1
8949.5 0
8950.5 0
8951.5 0
8952.5 0
8953.5 0
8954.5 0
8955.5 0
8956.5 1
8957.5 0
8958.5 0
8959.5 0
8960.5 0
8961.5 0
8962.5 0
8963.5 -1.57143
8964.5 0
8965.5 0
8966.5 0
8967.5 0
8968.5 0
8969.5 1
8970.5 0
8971.5 0
8972.5 0
8973.5 1
8974.5 0
8975.5 0
8976.5 0
8977.5 0
8978.5 0
8979.5 0
8980.5 0
8981.5 0
8982.5 0
8983.5 0
8984.5 0
8985.5 0
8986.5 0
8987.5 0
8988.5 0
8989.5 0
8990.5 0
8991.5 0
8992.5 0
8993.5 -1.57143
8994.5 0
8995.5 0
8996.5 0
8997.5 0
8998.5 0
8999.5 0
9000.5 1
9001.5 0
9002.5 0
9003.5 0
9004.5 0
9005.5 0
9006.5 0
9007.5 0
9008.5 0
9009.5 0
9010.5 0
9011.5 -1.57143
9012.5 0
9013.5 0
9014.5 1
9015.5 0
9016.5 0
9017.5 0
9018.5 0
9019.5 0
9020.5 0
9021.5 0
9022.5 0
9023.5 0
9024.5 0
9025.5 0
9026.5 0
9027.5 1
9028.5 1
9029.5 0
9030.5 0
9031.5 0
9032.5 0
9033.5 0
9034.5 0
9035.5 0
9036.5 0
9037.5 0
9038.5 0
9039.5 0
9040.5 0
9041.5 0
9042.5 0
9043.5 0
9044.5 0
9045.5 0
9046.5 1
9047.5 0
9048.5 0
9049.5 0
9050.5 1
9051.5 0
9052.5 0
9053.5 0
9054.5 0
9055.5 0
9056.5 0
9057.5 0
9058.5 0
9059.5 0
9060.5 0
9061.5 0
9062.5 0
9063.5 0
9064.5 0
9065.5 -1.57143
9066.5 0
9067.5 0
9068.5 0
9069.5 0
9070.5 0
9071.5 1
9072.5 0
9073.5 0
9074.5 0
9075.5 0
9076.5 0
9077.5 0
9078.5 -1.57143
9079.5 0
9080.5 0
9081.5 0
9082.5 0
9083.5 0
9084.5 0
9085.5 0
9086.5 -1.57143
9087.5 0
9088.5 0
9089.5 0
9090.5 0
9091.5 0
9092.5 0
9093.5 0
9094.5 0
9095.5 0
9096.5 0
9097.5 0
9098.5 0
9099.5 0
9100.5 0
9101.5 1
9102.5 0
9103.5 0
9104.5 0
9105.5 0
9106.5 0
9107.5 0
9108.5 0
9109.5 0
9110.5 0
9111.5 0
9112.5 0
9113.5 0
9114.5 0
9115.5 0
9116.5 1
9117.5 0
9118.5 1
9119.5 0
9120.5 0
9121.5 2
9122.5 2
9123.5 -0.571429
9124.5 0
9125.5 0
9126.5 0
9127.5 0
9128.5 0
9129.5 0
9130.5 -1.57143
9131.5 0
9132.5 0
9133.5 0
9134.5 0
9135.5 0
9136.5 0
9137.5 0
9138.5 0
9139.5 0
9140.5 0
9141.5 0
9142.5 1
9143.5 0
9144.5 0
9145.5 0
9146.5 0
9147.5 0
9148.5 -1.57143
9149.5 0
9150.5 0
9151.5 0
9152.5 0
9153.5 0
9154.5 0
9155.5 0
9156.5 0
9157.5 0
9158.5 0
9159.5 0
9160.5 0
9161.5 0
9162.5 0
9163.5 1
9164.5 0
9165.5 0
9166.5 0
9167.5 1
9168.5 0
9169.5 0
9170.5 0
9171.5 0
9172.5 0
9173.5 0
9174.5 0
9175.5 0
9176.5 -1.57143
9177.5 0
9178.5 0
9179.5 0
9180.5 0
9181.5 0
9182.5 0
9183.5 1
9184.5 0
9185.5 -1.57143
9186.5 0
9187.5 1
9188.5 0
9189.5 1
9190.5 0
9191.5 0
9192.5 -1.57143
9193.5 0
9194.5 0
9195.5 0
9196.5 1
9197.5 0
9198.5 0
9199.5 0
9200.5 0
9201.5 0
9202.5 0
9203.5 0
9204.5 0
9205.5 0
9206.5 0
9207.5 0
9208.5 1
9209.5 0
9210.5 0
9211.5 0
9212.5 0
9213.5 0
9214.5 0
9215.5 0
9216.5 0
9217.5 0
9218.5 0
9219.5 0
9220.5 0
9221.5 1
9222.5 0
9223.5 0
9224.5 0
9225.5 0
9226.5 1
9227.5 1
9228.5 0
9229.5 -1.57143
9230.5 0
9231.5 0
9232.5 0
9233.5 0
9234.5 0
9235.5 0
9236.5 0
9237.5 0
9238.5 0
9239.5 0
9240.5 0
9241.5 0
9242.5 0
9243.5 0
9244.5 -0.571429
9245.5 -1.57143
9246.5 0
9247.5 0
9248.5 0
9249.5 -1.57143
9250.5 0
9251.5 0
9252.5 0
9253.5 0
9254.5 1
9255.5 0
9256.5 0
9257.5 0
9258.5 0
9259.5 0
9260.5 0
9261.5 0
9262.5 0
9263.5 0
9264.5 0
9265.5 0
9266.5 0
9267.5 0
9268.5 0
9269.5 0
9270.5 0
9271.5 0
9272.5 0
9273.5 0
9274.5 -1.57143
9275.5 0
9276.5 0
9277.5 0
9278.5 0
9279.5 0
9280.5 0
9281.5 0
9282.5 0
9283.5 0
9284.5 0
9285.5 0
9286.5 0
9287.5 0
9288.5 0
9289.5 0
9290.5 0
9291.5 0
9292.5 0
9293.5 0
9294.5 0
9295.5 0
9296.5 0
9297.5 0
9298.5 0
9299.5 0
9300.5 0
9301.5 0
9302.5 0
9303.5 0
9304.5 0
9305.5 0
9306.5 0
9307.5 0
9308.5 0
9309.5 0
9310.5 0
9311.5 0
9312.5 0
9313.5 0
9314.5 0
9315.5 0
9316.5 0
9317.5 0
9318.5 0
9319.5 0
9320.5 0
9321.5 0
9322.5 0
9323.5 0
9324.5 0
9325.5 0
9326.5 1
9327.5 0
9328.5 0
9329.5 0
9330.5 0
9331.5 0
9332.5 -1.57143
9333.5 0
9334.5 0
9335.5 0
9336.5 0
9337.5 0
9338.5 -1.57143
9339.5 0
9340.5 0
9341.5 0
9342.5 0
9343.5 0
9344.5 0
9345.5 0
9346.5 0
9347.5 0
9348.5 0
9349.5 0
9350.5 0
9351.5 0
9352.5 0
9353.5 0
9354.5 0
9355.5 0
9356.5 0
9357.5 0
9358.5 0
9359.5 0
9360.5 0
9361.5 0
9362.5 0
9363.5 0
9364.5 0
9365.5 0
9366.5 0
9367.5 0
9368.5 0
9369.5 0
9370.5 0
9371.5 0
9372.5 0
9373.5 0
9374.5 0
9375.5 0
9376.5 0
9377.5 0
9378.5 0
9379.5 0
9380.5 0
9381.5 0
9382.5 0
9383.5 0
9384.5 0
9385.5 0
9386.5 0
9387.5 0
9388.5 0
9389.5 0
9390.5 0
9391.5 0
9392.5 0
9393.5 0
9394.5 0
9395.5 0
9396.5 0
9397.5 0
9398.5 0
9399.5 0
9400.5 0
9401.5 0
9402.5 0
9403.5 0
9404.5 0
9405.5 1
9406.5 0
9407.5 0
9408.5 0
9409.5 0
9410.5 0
9411.5 0
9412.5 0
9413.5 0
9414.5 0
9415.5 1
9416.5 0
9417.5 0
9418.5 0
9419.5 0
9420.5 0
9421.5 0
9422.5 0
9423.5 0
9424.5 1
9425.5 0
9426.5 0
9427.5 0
9428.5 0
9429.5 0
9430.5 0
9431.5 0
9432.5 0
9433.5 0
9434.5 0
9435.5 0
9436.5 0
9437.5 0
9438.5 0
9439.5 0
9440.5 0
9441.5 0
9442.5 0
9443.5 0
9444.5 0
9445.5 0
9446.5 0
9447.5 0
9448.5 0
9449.5 0
9450.5 0
9451.5 1
9452.5 0
9453.5 0
9454.5 0
9455.5 0
9456.5 0
9457.5 0
9458.5 0
9459.5 0
9460.5 0
9461.5 0
9462.5 0
9463.5 0
9464.5 1
9465.5 0
9466.5 0
9467.5 0
9468.5 0
9469.5 0
9470.5 0
9471.5 0
9472.5 0
9473.5 0
9474.5 1
9475.5 0
9476.5 0
9477.5 0
9478.5 0
9479.5 0
9480.5 0
9481.5 0
9482.5 0
9483.5 0
9484.5 0
9485.5 0
9486.5 0
9487.5 -1.57143
9488.5 0
9489.5 0
9490.5 0
9491.5 0
9492.5 0
9493.5 0
9494.5 0
9495.5 0
9496.5 0
9497.5 0
9498.5 0
9499.5 0
9500.5 0
9501.5 0
9502.5 0
9503.5 0
9504.5 1
9505.5 0
9506.5 -1.57143
9507.5 0
9508.5 0
9509.5 0
9510.5 0
9511.5 0
9512.5 0
9513.5 0
9514.5 0
9515.5 0
9516.5 0
9517.5 0
9518.5 0
9519.5 0
9520.5 0
9521.5 0
9522.5 0
9523.5 0
9524.5 0
9525.5 0
9526.5 0
9527.5 0
9528.5 0
9529.5 0
9530.5 0
9531.5 0
9532.5 0
9533.5 0
9534.5 0
9535.5 1
9536.5 0
9537.5 0
9538.5 0
9539.5 0
9540.5 0
9541.5 0
9542.5 0
9543.5 0
9544.5 0
9545.5 0
9546.5 0
9547.5 0
9548.5 0
9549.5 0
9550.5 0
9551.5 -1.57143
9552.5 0
9553.5 -1.57143
9554.5 0
9555.5 1
9556.5 0
9557.5 0
9558.5 0
9559.5 0
9560.5 0
9561.5 0
9562.5 0
9563.5 0
9564.5 0
9565.5 0
9566.5 0
9567.5 0
9568.5 0
9569.5 0
9570.5 0
9571.5 0
9572.5 0
9573.5 0
9574.5 0
9575.5 0
9576.5 0
9577.5 0
9578.5 0
9579.5 0
9580.5 0
9581.5 0
9582.5 0
9583.5 0
9584.5 0
9585.5 0
9586.5 0
9587.5 0
9588.5 0
9589.5 0
9590.5 0
9591.5 0
9592.5 0
9593.5 0
9594.5 0
9595.5 0
9596.5 0
9597.5 0
9598.5 0
9599.5 0
9600.5 0
9601.5 0
9602.5 0
9603.5 0
9604.5 0
9605.5 0
9606.5 0
9607.5 0
9608.5 0
9609.5 0
9610.5 0
9611.5 0
9612.5 0
9613.5 0
9614.5 1
9615.5 0
9616.5 0
9617.5 0
9618.5 0
9619.5 0
9620.5 0
9621.5 0
9622.5 0
9623.5 0
9624.5 0
9625.5 0
9626.5 0
9627.5 0
9628.5 0
9629.5 0
9630.5 0
9631.5 0
9632.5 0
9633.5 0
9634.5 0
9635.5 0
9636.5 0
9637.5 1
9638.5 0
9639.5 0
9640.5 0
9641.5 0
9642.5 0
9643.5 0
9644.5 0
9645.5 1
9646.5 0
9647.5 1
9648.5 0
9649.5 0
9650.5 0
9651.5 0
9652.5 0
9653.5 0
9654.5 0
9655.5 0
9656.5 0
9657.5 0
9658.5 0
9659.5 0
9660.5 -1.57143
9661.5 -1.57143
9662.5 0
9663.5 0
9664.5 0
9665.5 0
9666.5 0
9667.5 0
9668.5 0
9669.5 -1.57143
9670.5 0
9671.5 -1.57143
9672.5 0
9673.5 0
9674.5 0
9675.5 0
9676.5 0
9677.5 0
9678.5 0
9679.5 0
9680.5 0
9681.5 0
9682.5 0
9683.5 0
9684.5 0
9685.5 0
9686.5 0
9687.5 0
9688.5 0
9689.5 0
9690.5 0
9691.5 0
9692.5 0
9693.5 0
9694.5 0
9695.5 0
9696.5 0
9697.5 0
9698.5 0
9699.5 0
9700.5 0
9701.5 0
9702.5 0
9703.5 0
9704.5 0
9705.5 0
9706.5 0
9707.5 0
9708.5 0
9709.5 0
9710.5 0
9711.5 0
9712.5 0
9713.5 0
9714.5 0
9715.5 0
9716.5 0
9717.5 0
9718.5 0
9719.5 0
9720.5 0
9721.5 0
9722.5 0
9723.5 0
9724.5 0
9725.5 0
9726.5 0
9727.5 0
9728.5 0
9729.5 0
9730.5 0
9731.5 0
9732.5 0
9733.5 0
9734.5 0
9735.5 0
9736.5 0
9737.5 0
9738.5 0
9739.5 0
9740.5 0
9741.5 0
9742.5 0
9743.5 0
9744.5 0
9745.5 0
9746.5 0
9747.5 0
9748.5 0
9749.5 1
9750.5 0
9751.5 0
9752.5 0
9753.5 0
9754.5 0
9755.5 0
9756.5 0
9757.5 0
9758.5 0
9759.5 -1.57143
9760.5 0
9761.5 0
9762.5 0
9763.5 0
9764.5 0
9765.5 0
9766.5 0
9767.5 0
9768.5 0
9769.5 0
9770.5 0
9771.5 0
9772.5 0
9773.5 0
9774.5 -1.57143
9775.5 0
9776.5 0
9777.5 0
9778.5 0
9779.5 0
9780.5 1
9781.5 0
9782.5 0
9783.5 0
9784.5 0
9785.5 0
9786.5 0
9787.5 0
9788.5 0
9789.5 0
9790.5 0
9791.5 0
9792.5 0
9793.5 0
9794.5 0
9795.5 0
9796.5 0
9797.5 0
9798.5 0
9799.5 1
9800.5 0
9801.5 0
9802.5 0
9803.5 0
9804.5 0
9805.5 0
9806.5 0
9807.5 0
9808.5 0
9809.5 0
9810.5 0
9811.5 0
9812.5 0
9813.5 0
9814.5 0
9815.5 0
9816.5 0
9817.5 0
9818.5 0
9819.5 0
9820.5 -1.57143
9821.5 0
9822.5 0
9823.5 0
9824.5 0
9825.5 0
9826.5 0
9827.5 0
9828.5 -1.57143
9829.5 0
9830.5 0
9831.5 0
9832.5 1
9833.5 0
9834.5 0
9835.5 0
9836.5 0
9837.5 0
9838.5 0
9839.5 -1.57143
9840.5 0
9841.5 0
9842.5 0
9843.5 -1.57143
9844.5 0
9845.5 0
9846.5 0
9847.5 0
9848.5 0
9849.5 0
9850.5 0
9851.5 0
9852.5 0
9853.5 0
9854.5 0
9855.5 0
9856.5 0
9857.5 0
9858.5 0
9859.5 0
9860.5 0
9861.5 0
9862.5 0
9863.5 0
9864.5 -1.57143
9865.5 0
9866.5 0
9867.5 0
9868.5 0
9869.5 0
9870.5 0
9871.5 0
9872.5 0
9873.5 0
9874.5 0
9875.5 0
9876.5 0
9877.5 0
9878.5 0
9879.5 0
9880.5 0
9881.5 0
9882.5 0
9883.5 0
9884.5 0
9885.5 0
9886.5 0
9887.5 0
9888.5 0
9889.5 0
9890.5 0
9891.5 0
9892.5 0
9893.5 0
9894.5 0
9895.5 0
9896.5 0
9897.5 0
9898.5 0
9899.5 0
9900.5 0
9901.5 0
9902.5 0
9903.5 0
9904.5 0
9905.5 0
9906.5 0
9907.5 0
9908.5 0
9909.5 0
9910.5 0
9911.5 0
9912.5 0
9913.5 0
9914.5 0
9915.5 0
9916.5 0
9917.5 0
9918.5 0
9919.5 0
9920.5 0
9921.5 0
9922.5 0
9923.5 0
9924.5 0
9925.5 0
9926.5 0
9927.5 0
9928.5 0
9929.5 0
9930.5 0
9931.5 0
9932.5 0
9933.5 0
9934.5 0
9935.5 0
9936.5 0
9937.5 0
9938.5 0
9939.5 0
9940.5 0
9941.5 0
9942.5 0
9943.5 0
9944.5 0
9945.5 0
9946.5 0
9947.5 0
9948.5 0
9949.5 1
9950.5 0
9951.5 0
9952.5 0
9953.5 0
9954.5 0
9955.5 0
9956.5 0
9957.5 0
9958.5 0
9959.5 0
9960.5 0
9961.5 0
9962.5 0
9963.5 0
9964.5 0
9965.5 0
9966.5 0
9967.5 0
9968.5 0
9969.5 0
9970.5 0
9971.5 0
9972.5 0
9973.5 0
9974.5 0
9975.5 0
9976.5 0
9977.5 0
9978.5 0
9979.5 0
9980.5 0
9981.5 0
9982.5 0
9983.5 0
9984.5 0
9985.5 0
9986.5 0
9987.5 0
9988.5 0
9989.5 0
9990.5 0
9991.5 0
9992.5 0
9993.5 0
9994.5 0
9995.5 0
9996.5 0
9997.5 1
9998.5 0
9999.5 0
10000.5 0
10001.5 0
10002.5 0
10003.5 0
10004.5 0
10005.5 0
10006.5 0
10007.5 0
10008.5 0
10009.5 0
10010.5 0
10011.5 0
10012.5 0
10013.5 0
10014.5 0
10015.5 0
10016.5 0
10017.5 0
10018.5 0
10019.5 0
10020.5 0
10021.5 0
10022.5 0
10023.5 0
10024.5 0
10025.5 0
10026.5 0
10027.5 0
10028.5 0
10029.5 0
10030.5 0
10031.5 0
10032.5 0
10033.5 0
10034.5 0
10035.5 0
10036.5 0
10037.5 0
10038.5 0
10039.5 0
10040.5 0
10041.5 0
10042.5 0
10043.5 0
10044.5 0
10045.5 0
10046.5 0
10047.5 0
10048.5 0
10049.5 0
10050.5 0
10051.5 0
10052.5 0
10053.5 0
10054.5 0
10055.5 0
10056.5 0
10057.5 0
10058.5 0
10059.5 0
10060.5 0
10061.5 0
10062.5 0
10063.5 0
10064.5 0
10065.5 0
10066.5 0
10067.5 0
10068.5 0
10069.5 0
10070.5 0
10071.5 0
10072.5 0
10073.5 0
10074.5 0
10075.5 0
10076.5 -1.57143
10077.5 0
10078.5 0
10079.5 0
10080.5 0
10081.5 0
10082.5 0
10083.5 0
10084.5 0
10085.5 0
10086.5 0
10087.5 0
10088.5 0
10089.5 0
10090.5 0
10091.5 0
10092.5 0
10093.5 0
10094.5 0
10095.5 0
10096.5 0
10097.5 0
10098.5 0
10099.5 0
10100.5 0
10101.5 0
10102.5 0
10103.5 0
10104.5 0
10105.5 0
10106.5 0
10107.5 0
10108.5 0
10109.5 0
10110.5 0
10111.5 0
10112.5 0
10113.5 0
10114.5 0
10115.5 0
10116.5 0
10117.5 0
10118.5 0
10119.5 0
10120.5 0
10121.5 0
10122.5 0
10123.5 0
10124.5 0
10125.5 0
10126.5 0
10127.5 0
10128.5 0
10129.5 0
10130.5 0
10131.5 0
10132.5 0
10133.5 0
10134.5 0
10135.5 -1.57143
10136.5 0
10137.5 0
10138.5 0
10139.5 0
10140.5 0
10141.5 0
10142.5 0
10143.5 0
10144.5 0
10145.5 0
10146.5 0
10147.5 0
10148.5 0
10149.5 0
10150.5 0
10151.5 0
10152.5 0
10153.5 0
10154.5 0
10155.5 0
10156.5 0
10157.5 0
10158.5 0
10159.5 0
10160.5 0
10161.5 0
10162.5 0
10163.5 0
10164.5 0
10165.5 0
10166.5 0
10167.5 0
10168.5 0
10169.5 0
10170.5 0
10171.5 0
10172.5 0
10173.5 0
10174.5 0
10175.5 0
10176.5 0
10177.5 0
10178.5 0
10179.5 0
10180.5 0
10181.5 0
10182.5 0
10183.5 0
10184.5 0
10185.5 0
10186.5 0
10187.5 0
10188.5 0
10189.5 0
10190.5 0
10191.5 0
10192.5 0
10193.5 0
10194.5 0
10195.5 0
10196.5 0
10197.5 0
10198.5 0
10199.5 0
10200.5 0
10201.5 0
10202.5 0
10203.5 0
10204.5 0
10205.5 0
10206.5 0
10207.5 0
10208.5 0
10209.5 0
10210.5 0
10211.5 0
10212.5 0
10213.5 0
10214.5 0
10215.5 0
10216.5 0
10217.5 0
10218.5 0
10219.5 0
10220.5 0
10221.5 0
10222.5 0
10223.5 0
10224.5 0
10225.5 0
10226.5 0
10227.5 0
10228.5 0
10229.5 0
10230.5 0
10231.5 0
10232.5 0
10233.5 0
10234.5 0
10235.5 0
10236.5 0
10237.5 0
10238.5 0
10239.5 0
10240.5 0
10241.5 0
10242.5 0
10243.5 0
10244.5 0
10245.5 0
10246.5 0
10247.5 0
10248.5 0
10249.5 0
10250.5 0
10251.5 0
10252.5 0
10253.5 0
10254.5 0
10255.5 0
10256.5 0
10257.5 0
10258.5 0
10259.5 0
10260.5 0
10261.5 0
10262.5 0
10263.5 0
10264.5 0
10265.5 0
10266.5 0
10267.5 0
10268.5 0
10269.5 0
10270.5 0
10271.5 0
10272.5 0
10273.5 0
10274.5 0
10275.5 0
10276.5 0
10277.5 0
10278.5 0
10279.5 0
10280.5 0
10281.5 0
10282.5 0
10283.5 0
10284.5 0
10285.5 0
10286.5 0
10287.5 0
10288.5 0
10289.5 0
10290.5 0
10291.5 0
10292.5 0
10293.5 0
10294.5 0
10295.5 0
10296.5 1
10297.5 0
10298.5 0
10299.5 0
10300.5 0
10301.5 0
10302.5 0
10303.5 0
10304.5 0
10305.5 0
10306.5 0
10307.5 0
10308.5 0
10309.5 0
10310.5 0
10311.5 0
10312.5 0
10313.5 0
10314.5 0
10315.5 0
10316.5 0
10317.5 0
10318.5 0
10319.5 0
10320.5 0
10321.5 0
10322.5 0
10323.5 0
10324.5 0
10325.5 0
10326.5 0
10327.5 0
10328.5 0
10329.5 0
10330.5 0
10331.5 0
10332.5 0
10333.5 0
10334.5 0
10335.5 0
10336.5 0
10337.5 0
10338.5 0
10339.5 0
10340.5 0
10341.5 0
10342.5 0
10343.5 0
10344.5 0
10345.5 0
10346.5 0
10347.5 0
10348.5 0
10349.5 0
10350.5 0
10351.5 0
10352.5 0
10353.5 0
10354.5 0
10355.5 0
10356.5 0
10357.5 0
10358.5 0
10359.5 0
10360.5 0
10361.5 0
10362.5 0
10363.5 0
10364.5 0
10365.5 0
10366.5 0
10367.5 0
10368.5 0
10369.5 0
10370.5 0
10371.5 0
10372.5 0
10373.5 0
10374.5 0
10375.5 0
10376.5 0
10377.5 0
10378.5 0
10379.5 0
10380.5 0
10381.5 0
10382.5 0
10383.5 0
10384.5 0
10385.5 0
10386.5 0
10387.5 0
10388.5 0
10389.5 0
10390.5 0
10391.5 0
10392.5 0
10393.5 0
10394.5 0
10395.5 0
10396.5 0
10397.5 0
10398.5 0
10399.5 0
10400.5 -1.57143
10401.5 0
10402.5 0
10403.5 1
10404.5 0
10405.5 0
10406.5 0
10407.5 0
10408.5 0
10409.5 0
10410.5 0
10411.5 0
10412.5 0
10413.5 0
10414.5 0
10415.5 0
10416.5 0
10417.5 0
10418.5 0
10419.5 0
10420.5 0
10421.5 0
10422.5 0
10423.5 0
10424.5 0
10425.5 0
10426.5 0
10427.5 0
10428.5 0
10429.5 0
10430.5 0
10431.5 0
10432.5 0
10433.5 0
10434.5 0
10435.5 0
10436.5 0
10437.5 0
10438.5 0
10439.5 0
10440.5 0
10441.5 0
10442.5 0
10443.5 0
10444.5 0
10445.5 0
10446.5 0
10447.5 0
10448.5 0
10449.5 0
10450.5 0
10451.5 0
10452.5 0
10453.5 0
10454.5 0
10455.5 0
10456.5 0
10457.5 0
10458.5 0
10459.5 0
10460.5 0
10461.5 0
10462.5 0
10463.5 0
10464.5 1
10465.5 0
10466.5 0
10467.5 0
10468.5 0
10469.5 0
10470.5 0
10471.5 0
10472.5 0
10473.5 0
10474.5 0
10475.5 0
10476.5 0
10477.5 0
10478.5 0
10479.5 0
10480.5 0
10481.5 0
10482.5 0
10483.5 0
10484.5 0
10485.5 0
10486.5 0
10487.5 0
10488.5 0
10489.5 0
10490.5 0
10491.5 0
10492.5 0
10493.5 0
10494.5 0
10495.5 0
10496.5 0
10497.5 0
10498.5 0
10499.5 0
10500.5 0
10501.5 0
10502.5 0
10503.5 0
10504.5 0
10505.5 0
10506.5 0
10507.5 0
10508.5 0
10509.5 0
10510.5 0
10511.5 0
10512.5 0
10513.5 0
10514.5 0
10515.5 0
10516.5 0
10517.5 0
10518.5 0
10519.5 0
10520.5 0
10521.5 0
10522.5 0
10523.5 0
10524.5 0
10525.5 0
10526.5 0
10527.5 0
10528.5 0
10529.5 0
10530.5 0
10531.5 0
10532.5 0
10533.5 0
10534.5 0
10535.5 0
10536.5 0
10537.5 0
10538.5 0
10539.5 0
10540.5 0
10541.5 0
10542.5 0
10543.5 0
10544.5 0
10545.5 0
10546.5 0
10547.5 0
10548.5 0
10549.5 0
10550.5 0
10551.5 0
10552.5 0
10553.5 0
10554.5 0
10555.5 0
10556.5 0
10557.5 0
10558.5 0
10559.5 0
10560.5 0
10561.5 0
10562.5 0
10563.5 0
10564.5 0
10565.5 0
10566.5 0
10567.5 0
10568.5 0
10569.5 0
10570.5 0
10571.5 0
10572.5 0
10573.5 0
10574.5 0
10575.5 0
10576.5 0
10577.5 0
10578.5 0
10579.5 0
10580.5 0
10581.5 0
10582.5 0
10583.5 0
10584.5 0
10585.5 0
10586.5 0
10587.5 0
10588.5 0
10589.5 0
10590.5 0
10591.5 0
10592.5 0
10593.5 0
10594.5 0
10595.5 0
10596.5 0
10597.5 0
10598.5 0
10599.5 0
10600.5 0
10601.5 0
10602.5 0
10603.5 0
10604.5 0
10605.5 0
10606.5 0
10607.5 0
10608.5 0
10609.5 0
10610.5 0
10611.5 0
10612.5 0
10613.5 0
10614.5 0
10615.5 0
10616.5 0
10617.5 0
10618.5 0
10619.5 0
10620.5 0
10621.5 0
10622.5 0
10623.5 0
10624.5 0
10625.5 0
10626.5 0
10627.5 0
10628.5 0
10629.5 0
10630.5 0
10631.5 0
10632.5 0
10633.5 0
10634.5 0
10635.5 0
10636.5 0
10637.5 0
10638.5 0
10639.5 0
10640.5 0
10641.5 0
10642.5 0
10643.5 0
10644.5 0
10645.5 0
10646.5 0
10647.5 0
10648.5 0
10649.5 0
10650.5 0
10651.5 0
10652.5 0
10653.5 0
10654.5 0
10655.5 0
10656.5 0
10657.5 0
10658.5 0
10659.5 0
10660.5 0
10661.5 0
10662.5 0
10663.5 0
10664.5 0
10665.5 0
10666.5 0
10667.5 0
10668.5 0
10669.5 0
10670.5 0
10671.5 0
10672.5 0
10673.5 0
10674.5 0
10675.5 0
10676.5 0
10677.5 0
10678.5 0
10679.5 0
10680.5 0
10681.5 0
10682.5 0
10683.5 0
10684.5 0
10685.5 0
10686.5 0
10687.5 0
10688.5 0
10689.5 0
10690.5 0
10691.5 0
10692.5 0
10693.5 0
10694.5 0
10695.5 0
10696.5 0
10697.5 0
10698.5 0
10699.5 0
10700.5 0
10701.5 0
10702.5 0
10703.5 0
10704.5 0
10705.5 0
10706.5 0
10707.5 0
10708.5 0
10709.5 0
10710.5 0
10711.5 0
10712.5 0
10713.5 0
10714.5 0
10715.5 0
10716.5 0
10717.5 0
10718.5 0
10719.5 0
10720.5 0
10721.5 0
10722.5 0
10723.5 0
10724.5 0
10725.5 0
10726.5 0
10727.5 0
10728.5 0
10729.5 0
10730.5 0
10731.5 0
10732.5 0
10733.5 0
10734.5 0
10735.5 0
10736.5 0
10737.5 0
10738.5 0
10739.5 0
10740.5 0
10741.5 0
10742.5 0
10743.5 0
10744.5 0
10745.5 0
10746.5 0
10747.5 0
10748.5 0
10749.5 0
10750.5 0
10751.5 0
10752.5 0
10753.5 0
10754.5 0
10755.5 0
10756.5 0
10757.5 0
10758.5 0
10759.5 0
10760.5 0
10761.5 0
10762.5 0
10763.5 0
10764.5 0
10765.5 0
10766.5 0
10767.5 0
10768.5 0
10769.5 0
10770.5 0
10771.5 0
10772.5 0
10773.5 0
10774.5 0
10775.5 0
10776.5 0
10777.5 0
10778.5 0
10779.5 0
10780.5 0
10781.5 0
10782.5 0
10783.5 0
10784.5 0
10785.5 0
10786.5 0
10787.5 0
10788.5 0
10789.5 0
10790.5 0
10791.5 0
10792.5 0
10793.5 0
10794.5 0
10795.5 0
10796.5 0
10797.5 0
10798.5 0
10799.5 0
10800.5 0
10801.5 0
10802.5 0
10803.5 0
10804.5 0
10805.5 0
10806.5 0
10807.5 0
10808.5 0
10809.5 0
10810.5 0
10811.5 0
10812.5 0
10813.5 0
10814.5 0
10815.5 0
10816.5 0
10817.5 0
10818.5 0
10819.5 0
10820.5 0
10821.5 0
10822.5 0
10823.5 0
10824.5 0
10825.5 0
10826.5 0
10827.5 0
10828.5 0
10829.5 0
10830.5 0
10831.5 0
10832.5 0
10833.5 0
10834.5 0
10835.5 0
10836.5 0
10837.5 0
10838.5 0
10839.5 0
10840.5 0
10841.5 0
10842.5 0
10843.5 0
10844.5 0
10845.5 0
10846.5 0
10847.5 0
10848.5 0
10849.5 0
10850.5 0
10851.5 0
10852.5 0
10853.5 0
10854.5 0
10855.5 0
10856.5 0
10857.5 0
10858.5 0
10859.5 0
10860.5 0
10861.5 0
10862.5 0
10863.5 0
10864.5 0
10865.5 0
10866.5 0
10867.5 0
10868.5 0
10869.5 0
10870.5 0
10871.5 0
10872.5 0
10873.5 0
10874.5 0
10875.5 0
10876.5 0
10877.5 0
10878.5 0
10879.5 0
10880.5 0
10881.5 0
10882.5 0
10883.5 0
10884.5 0
10885.5 0
10886.5 0
10887.5 0
10888.5 0
10889.5 0
10890.5 0
10891.5 0
10892.5 0
10893.5 0
10894.5 0
10895.5 0
10896.5 0
10897.5 0
10898.5 0
10899.5 0
10900.5 0
10901.5 0
10902.5 0
10903.5 0
10904.5 0
10905.5 0
10906.5 0
10907.5 0
10908.5 0
10909.5 0
10910.5 0
10911.5 0
10912.5 0
10913.5 0
10914.5 0
10915.5 0
10916.5 0
10917.5 0
10918.5 0
10919.5 0
10920.5 0
10921.5 0
10922.5 0
10923.5 0
10924.5 0
10925.5 0
10926.5 0
10927.5 0
10928.5 0
10929.5 0
10930.5 0
10931.5 0
10932.5 0
10933.5 0
10934.5 0
10935.5 0
10936.5 0
10937.5 0
10938.5 0
10939.5 0
10940.5 0
10941.5 0
10942.5 0
10943.5 0
10944.5 0
10945.5 0
10946.5 0
10947.5 0
10948.5 0
10949.5 0
10950.5 0
10951.5 0
10952.5 0
10953.5 0
10954.5 0
10955.5 0
10956.5 0
10957.5 0
10958.5 0
10959.5 0
10960.5 0
10961.5 0
10962.5 0
10963.5 0
10964.5 0
10965.5 0
10966.5 0
10967.5 0
10968.5 0
10969.5 0
10970.5 0
10971.5 0
10972.5 0
10973.5 0
10974.5 0
10975.5 0
10976.5 0
10977.5 0
10978.5 0
10979.5 0
10980.5 0
10981.5 0
10982.5 0
10983.5 -1.57143
10984.5 0
10985.5 0
10986.5 0
10987.5 0
10988.5 0
10989.5 0
10990.5 0
10991.5 0
10992.5 0
10993.5 0
10994.5 0
10995.5 0
10996.5 0
10997.5 0
10998.5 0
10999.5 0
11000.5 0
11001.5 0
11002.5 0
11003.5 0
11004.5 0
11005.5 0
11006.5 0
11007.5 0
11008.5 0
11009.5 0
11010.5 0
11011.5 0
11012.5 0
11013.5 0
11014.5 0
11015.5 0
11016.5 0
11017.5 0
11018.5 0
11019.5 0
11020.5 0
11021.5 0
11022.5 0
11023.5 0
11024.5 0
11025.5 0
11026.5 0
11027.5 0
11028.5 0
11029.5 0
11030.5 0
11031.5 0
11032.5 0
11033.5 0
11034.5 0
11035.5 0
11036.5 0
11037.5 0
11038.5 0
11039.5 0
11040.5 0
11041.5 0
11042.5 0
11043.5 0
11044.5 0
11045.5 0
11046.5 0
11047.5 0
11048.5 0
11049.5 0
11050.5 0
11051.5 0
11052.5 0
11053.5 0
11054.5 0
11055.5 0
11056.5 0
11057.5 0
11058.5 0
11059.5 0
11060.5 0
11061.5 0
11062.5 0
11063.5 0
11064.5 0
11065.5 0
11066.5 0
11067.5 0
11068.5 0
11069.5 0
11070.5 0
11071.5 0
11072.5 0
11073.5 0
11074.5 0
11075.5 0
11076.5 0
11077.5 0
11078.5 0
11079.5 0
11080.5 0
11081.5 0
11082.5 0
11083.5 0
11084.5 0
11085.5 0
11086.5 0
11087.5 0
11088.5 0
11089.5 0
11090.5 0
11091.5 0
11092.5 0
11093.5 0
11094.5 0
11095.5 0
11096.5 0
11097.5 0
11098.5 0
11099.5 0
11100.5 0
11101.5 0
11102.5 0
11103.5 0
11104.5 0
11105.5 0
11106.5 0
11107.5 0
11108.5 0
11109.5 0
11110.5 0
11111.5 0
11112.5 0
11113.5 0
11114.5 0
11115.5 0
11116.5 0
11117.5 0
11118.5 0
11119.5 0
11120.5 0
11121.5 0
11122.5 0
11123.5 0
11124.5 0
11125.5 0
11126.5 0
11127.5 0
11128.5 0
11129.5 0
11130.5 0
11131.5 0
11132.5 0
11133.5 0
11134.5 0
11135.5 0
11136.5 0
11137.5 0
11138.5 0
11139.5 0
11140.5 0
11141.5 0
11142.5 0
11143.5 0
11144.5 0
11145.5 0
11146.5 0
11147.5 0
11148.5 0
11149.5 0
11150.5 0
11151.5 0
11152.5 0
11153.5 0
11154.5 0
11155.5 0
11156.5 0
11157.5 0
11158.5 0
11159.5 0
11160.5 0
11161.5 0
11162.5 0
11163.5 0
11164.5 0
11165.5 0
11166.5 0
11167.5 0
11168.5 0
11169.5 0
11170.5 0
11171.5 0
11172.5 0
11173.5 0
11174.5 0
11175.5 0
11176.5 0
11177.5 0
11178.5 0
11179.5 0
11180.5 0
11181.5 0
11182.5 0
11183.5 0
11184.5 0
11185.5 0
11186.5 0
11187.5 0
11188.5 0
11189.5 0
11190.5 0
11191.5 0
11192.5 0
11193.5 0
11194.5 0
11195.5 0
11196.5 0
11197.5 0
11198.5 0
11199.5 0
11200.5 0
11201.5 0
11202.5 0
11203.5 0
11204.5 0
11205.5 0
11206.5 0
11207.5 0
11208.5 0
11209.5 0
11210.5 0
11211.5 0
11212.5 0
11213.5 0
11214.5 0
11215.5 0
11216.5 0
11217.5 0
11218.5 0
11219.5 0
11220.5 0
11221.5 0
11222.5 0
11223.5 0
11224.5 0
11225.5 0
11226.5 0
11227.5 0
11228.5 0
11229.5 0
11230.5 0
11231.5 0
11232.5 0
11233.5 0
11234.5 0
11235.5 0
11236.5 0
11237.5 0
11238.5 0
11239.5 0
11240.5 0
11241.5 0
11242.5 0
11243.5 0
11244.5 0
11245.5 0
11246.5 0
11247.5 0
11248.5 0
11249.5 0
11250.5 0
11251.5 0
11252.5 0
11253.5 0
11254.5 0
11255.5 0
11256.5 0
11257.5 0
11258.5 0
11259.5 0
11260.5 0
11261.5 0
11262.5 0
11263.5 0
11264.5 0
11265.5 0
11266.5 0
11267.5 0
11268.5 0
11269.5 0
11270.5 0
11271.5 0
11272.5 0
11273.5 0
11274.5 0
11275.5 0
11276.5 0
11277.5 0
11278.5 0
11279.5 0
11280.5 0
11281.5 0
11282.5 0
11283.5 0
11284.5 0
11285.5 0
11286.5 0
11287.5 0
11288.5 0
11289.5 0
11290.5 1
11291.5 0
11292.5 0
11293.5 0
11294.5 0
11295.5 0
11296.5 0
11297.5 0
11298.5 0
11299.5 0
11300.5 0
11301.5 0
11302.5 0
11303.5 0
11304.5 0
11305.5 0
11306.5 0
11307.5 0
11308.5 0
11309.5 0
11310.5 0
11311.5 0
11312.5 0
11313.5 0
11314.5 0
11315.5 0
11316.5 0
11317.5 0
11318.5 0
11319.5 0
11320.5 0
11321.5 0
11322.5 0
11323.5 0
11324.5 0
11325.5 0
11326.5 0
11327.5 0
11328.5 0
11329.5 0
11330.5 0
11331.5 0
11332.5 0
11333.5 0
11334.5 0
11335.5 0
11336.5 0
11337.5 0
11338.5 0
11339.5 0
11340.5 0
11341.5 0
11342.5 0
11343.5 0
11344.5 0
11345.5 0
11346.5 0
11347.5 0
11348.5 0
11349.5 0
11350.5 0
11351.5 0
11352.5 0
11353.5 0
11354.5 0
11355.5 0
11356.5 0
11357.5 0
11358.5 0
11359.5 0
11360.5 0
11361.5 0
11362.5 0
11363.5 0
11364.5 0
11365.5 0
11366.5 0
11367.5 0
11368.5 0
11369.5 0
11370.5 0
11371.5 0
11372.5 0
11373.5 0
11374.5 0
11375.5 0
11376.5 0
11377.5 0
11378.5 0
11379.5 0
11380.5 0
11381.5 0
11382.5 0
11383.5 0
11384.5 0
11385.5 0
11386.5 0
11387.5 0
11388.5 0
11389.5 0
11390.5 0
11391.5 0
11392.5 0
11393.5 0
11394.5 0
11395.5 0
11396.5 0
11397.5 0
11398.5 0
11399.5 0
11400.5 0
11401.5 0
11402.5 0
11403.5 0
11404.5 0
11405.5 0
11406.5 0
11407.5 0
11408.5 0
11409.5 0
11410.5 0
11411.5 0
11412.5 0
11413.5 0
11414.5 0
11415.5 0
11416.5 0
11417.5 0
11418.5 0
11419.5 0
11420.5 0
11421.5 0
11422.5 0
11423.5 0
11424.5 0
11425.5 0
11426.5 0
11427.5 0
11428.5 0
11429.5 0
11430.5 0
11431.5 0
11432.5 0
11433.5 0
11434.5 0
11435.5 0
11436.5 0
11437.5 0
11438.5 0
11439.5 0
11440.5 0
11441.5 0
11442.5 0
11443.5 0
11444.5 0
11445.5 0
11446.5 0
11447.5 0
11448.5 0
11449.5 0
11450.5 0
11451.5 0
11452.5 0
11453.5 0
11454.5 0
11455.5 0
11456.5 0
11457.5 0
11458.5 0
11459.5 0
11460.5 0
11461.5 0
11462.5 0
11463.5 0
11464.5 0
11465.5 0
11466.5 0
11467.5 0
11468.5 0
11469.5 0
11470.5 0
11471.5 0
11472.5 0
11473.5 0
11474.5 0
11475.5 0
11476.5 0
11477.5 0
11478.5 0
11479.5 0
11480.5 0
11481.5 0
11482.5 0
11483.5 0
11484.5 0
11485.5 0
11486.5 0
11487.5 0
11488.5 0
11489.5 0
11490.5 0
11491.5 0
11492.5 0
11493.5 0
11494.5 0
11495.5 0
11496.5 0
11497.5 0
11498.5 0
11499.5 0
11500.5 0
11501.5 0
11502.5 0
11503.5 0
11504.5 0
11505.5 0
11506.5 0
11507.5 0
11508.5 0
11509.5 0
11510.5 0
11511.5 0
11512.5 0
11513.5 0
11514.5 0
11515.5 0
11516.5 0
11517.5 0
11518.5 0
11519.5 0
11520.5 0
11521.5 0
11522.5 0
11523.5 0
11524.5 0
11525.5 0
11526.5 0
11527.5 0
11528.5 0
11529.5 0
11530.5 0
11531.5 0
11532.5 0
11533.5 0
11534.5 0
11535.5 0
11536.5 0
11537.5 0
11538.5 0
11539.5 0
11540.5 0
11541.5 0
11542.5 0
11543.5 0
11544.5 0
11545.5 0
11546.5 0
11547.5 0
11548.5 0
11549.5 0
11550.5 0
11551.5 0
11552.5 0
11553.5 0
11554.5 0
11555.5 0
11556.5 0
11557.5 0
11558.5 0
11559.5 0
11560.5 0
11561.5 0
11562.5 0
11563.5 0
11564.5 0
11565.5 0
11566.5 0
11567.5 0
11568.5 0
11569.5 0
11570.5 0
11571.5 0
11572.5 0
11573.5 0
11574.5 0
11575.5 0
11576.5 0
11577.5 0
11578.5 0
11579.5 0
11580.5 0
11581.5 0
11582.5 0
11583.5 0
11584.5 0
11585.5 0
11586.5 0
11587.5 0
11588.5 0
11589.5 0
11590.5 0
11591.5 0
11592.5 0
11593.5 0
11594.5 0
11595.5 0
11596.5 0
11597.5 0
11598.5 0
11599.5 0
11600.5 0
11601.5 0
11602.5 0
11603.5 0
11604.5 0
11605.5 0
11606.5 0
11607.5 0
11608.5 0
11609.5 0
11610.5 0
11611.5 0
11612.5 0
11613.5 0
11614.5 0
11615.5 0
11616.5 0
11617.5 0
11618.5 0
11619.5 0
11620.5 0
11621.5 0
11622.5 0
11623.5 0
11624.5 0
11625.5 0
11626.5 0
11627.5 0
11628.5 0
11629.5 0
11630.5 0
11631.5 0
11632.5 0
11633.5 0
11634.5 0
11635.5 0
11636.5 0
11637.5 0
11638.5 0
11639.5 0
11640.5 0
11641.5 0
11642.5 0
11643.5 0
11644.5 0
11645.5 0
11646.5 0
11647.5 0
11648.5 0
11649.5 0
11650.5 0
11651.5 0
11652.5 0
11653.5 0
11654.5 0
11655.5 0
11656.5 0
11657.5 0
11658.5 0
11659.5 0
11660.5 0
11661.5 0
11662.5 0
11663.5 0
11664.5 0
11665.5 0
11666.5 0
11667.5 0
11668.5 0
11669.5 0
11670.5 0
11671.5 0
11672.5 0
11673.5 0
11674.5 0
11675.5 0
11676.5 0
11677.5 0
11678.5 0
11679.5 0
11680.5 0
11681.5 0
11682.5 0
11683.5 0
11684.5 0
11685.5 0
11686.5 0
11687.5 0
11688.5 0
11689.5 0
11690.5 0
11691.5 0
11692.5 0
11693.5 0
11694.5 0
11695.5 0
11696.5 0
11697.5 0
11698.5 0
11699.5 0
11700.5 0
11701.5 0
11702.5 0
11703.5 0
11704.5 0
11705.5 0
11706.5 0
11707.5 0
11708.5 0
11709.5 0
11710.5 0
11711.5 0
11712.5 0
11713.5 0
11714.5 0
11715.5 0
11716.5 0
11717.5 0
11718.5 0
11719.5 0
11720.5 0
11721.5 0
11722.5 0
11723.5 0
11724.5 0
11725.5 0
11726.5 0
11727.5 0
11728.5 0
11729.5 0
11730.5 0
11731.5 0
11732.5 0
11733.5 0
11734.5 0
11735.5 0
11736.5 0
11737.5 0
11738.5 0
11739.5 0
11740.5 0
11741.5 0
11742.5 0
11743.5 0
11744.5 0
11745.5 0
11746.5 0
11747.5 0
11748.5 0
11749.5 0
11750.5 0
11751.5 0
11752.5 0
11753.5 0
11754.5 0
11755.5 0
11756.5 0
11757.5 0
11758.5 0
11759.5 0
11760.5 0
11761.5 0
11762.5 0
11763.5 0
11764.5 0
11765.5 0
11766.5 0
11767.5 0
11768.5 0
11769.5 0
11770.5 0
11771.5 0
11772.5 0
11773.5 0
11774.5 0
11775.5 0
11776.5 0
11777.5 0
11778.5 0
11779.5 0
11780.5 0
11781.5 0
11782.5 0
11783.5 0
11784.5 0
11785.5 0
11786.5 0
11787.5 0
11788.5 0
11789.5 0
11790.5 0
11791.5 0
11792.5 0
11793.5 0
11794.5 0
11795.5 0
11796.5 0
11797.5 0
11798.5 0
11799.5 0
11800.5 0
11801.5 0
11802.5 0
11803.5 0
11804.5 0
11805.5 0
11806.5 0
11807.5 0
11808.5 0
11809.5 0
11810.5 0
11811.5 0
11812.5 0
11813.5 0
11814.5 0
11815.5 0
11816.5 0
11817.5 0
11818.5 0
11819.5 0
11820.5 0
11821.5 0
11822.5 0
11823.5 0
11824.5 0
11825.5 0
11826.5 0
11827.5 0
11828.5 0
11829.5 0
11830.5 0
11831.5 0
11832.5 0
11833.5 0
11834.5 0
11835.5 0
11836.5 0
11837.5 0
11838.5 0
11839.5 0
11840.5 0
11841.5 0
11842.5 0
11843.5 0
11844.5 0
11845.5 0
11846.5 0
11847.5 0
11848.5 0
11849.5 0
11850.5 0
11851.5 0
11852.5 0
11853.5 0
11854.5 0
11855.5 0
11856.5 0
11857.5 0
11858.5 0
11859.5 0
11860.5 0
11861.5 0
11862.5 0
11863.5 0
11864.5 0
11865.5 0
11866.5 0
11867.5 0
11868.5 0
11869.5 0
11870.5 0
11871.5 0
11872.5 0
11873.5 0
11874.5 0
11875.5 0
11876.5 0
11877.5 0
11878.5 0
11879.5 0
11880.5 0
11881.5 0
11882.5 0
11883.5 0
11884.5 0
11885.5 0
11886.5 0
11887.5 0
11888.5 0
11889.5 0
11890.5 0
11891.5 0
11892.5 0
11893.5 0
11894.5 0
11895.5 0
11896.5 0
11897.5 0
11898.5 0
11899.5 0
11900.5 0
11901.5 0
11902.5 0
11903.5 0
11904.5 0
11905.5 0
11906.5 0
11907.5 0
11908.5 0
11909.5 0
11910.5 0
11911.5 0
11912.5 0
11913.5 0
11914.5 0
11915.5 0
11916.5 0
11917.5 0
11918.5 0
11919.5 0
11920.5 0
11921.5 0
11922.5 0
11923.5 0
11924.5 0
11925.5 0
11926.5 0
11927.5 0
11928.5 0
11929.5 0
11930.5 0
11931.5 0
11932.5 0
11933.5 0
11934.5 0
11935.5 0
11936.5 0
11937.5 0
11938.5 0
11939.5 0
11940.5 0
11941.5 0
11942.5 0
11943.5 0
11944.5 0
11945.5 0
11946.5 0
11947.5 0
11948.5 0
11949.5 0
11950.5 0
11951.5 0
11952.5 0
11953.5 0
11954.5 0
11955.5 0
11956.5 0
11957.5 0
11958.5 0
11959.5 0
11960.5 0
11961.5 0
11962.5 0
11963.5 0
11964.5 0
11965.5 0
11966.5 0
11967.5 0
11968.5 0
11969.5 0
11970.5 0
11971.5 0
11972.5 0
11973.5 0
11974.5 0
11975.5 0
11976.5 0
11977.5 0
11978.5 0
11979.5 0
11980.5 0
11981.5 0
11982.5 0
11983.5 0
11984.5 0
11985.5 0
11986.5 0
11987.5 0
11988.5 0
11989.5 0
11990.5 0
11991.5 0
11992.5 0
11993.5 0
11994.5 0
11995.5 0
11996.5 0
11997.5 0
11998.5 0
11999.5 0
