# EGG_ProjY_E3180.5(4.5)_B3169.5(0.5)_B3227.0(1.0)
# X axis : Energy (keV) [Y axis]
# Y axis : Counts/1 keV
# N Bins : 12000
# X Min : 0
# X Max : 12000
# X value at the center of the bins
0.5 0
1.5 0
2.5 0
3.5 0
4.5 0
5.5 1
6.5 -1
7.5 8
8.5 25
9.5 -34
10.5 7
11.5 25
12.5 6
13.5 7
14.5 33
15.5 -25
16.5 75
17.5 55
18.5 154
19.5 53
20.5 151
21.5 101
22.5 144
23.5 169
24.5 147
25.5 261
26.5 108
27.5 221
28.5 256
29.5 259
30.5 66
31.5 331
32.5 247
33.5 305
34.5 464
35.5 352
36.5 295
37.5 499
38.5 480
39.5 247
40.5 317
41.5 247
42.5 492
43.5 540
44.5 464
45.5 294
46.5 281
47.5 610
48.5 417
49.5 406
50.5 498
51.5 400
52.5 530
53.5 385
54.5 351
55.5 418
56.5 389
57.5 431
58.5 560
59.5 723
60.5 493
61.5 394
62.5 527
63.5 404
64.5 353
65.5 503
66.5 360
67.5 672
68.5 175
69.5 561
70.5 396
71.5 346
72.5 387
73.5 581
74.5 573
75.5 877
76.5 860
77.5 1110
78.5 716
79.5 482
80.5 370
81.5 423
82.5 627
83.5 461
84.5 479
85.5 319
86.5 383
87.5 554
88.5 489
89.5 441
90.5 479
91.5 502
92.5 225
93.5 230
94.5 568
95.5 519
96.5 429
97.5 561
98.5 439
99.5 642
100.5 456
101.5 538
102.5 590
103.5 406
104.5 314
105.5 389
106.5 380
107.5 661
108.5 584
109.5 614
110.5 439
111.5 554
112.5 441
113.5 819
114.5 559
115.5 638
116.5 522
117.5 594
118.5 599
119.5 469
120.5 592
121.5 818
122.5 880
123.5 508
124.5 692
125.5 535
126.5 837
127.5 466
128.5 331
129.5 565
130.5 553
131.5 649
132.5 732
133.5 523
134.5 626
135.5 657
136.5 747
137.5 633
138.5 674
139.5 826
140.5 651
141.5 699
142.5 701
143.5 715
144.5 773
145.5 542
146.5 452
147.5 469
148.5 673
149.5 632
150.5 664
151.5 489
152.5 540
153.5 359
154.5 643
155.5 668
156.5 716
157.5 855
158.5 799
159.5 723
160.5 833
161.5 662
162.5 892
163.5 671
164.5 650
165.5 470
166.5 509
167.5 670
168.5 566
169.5 493
170.5 731
171.5 847
172.5 1323
173.5 2104
174.5 3510
175.5 1998
176.5 765
177.5 720
178.5 673
179.5 604
180.5 897
181.5 677
182.5 597
183.5 751
184.5 811
185.5 614
186.5 731
187.5 562
188.5 538
189.5 532
190.5 739
191.5 698
192.5 585
193.5 782
194.5 416
195.5 643
196.5 235
197.5 309
198.5 113
199.5 -78
200.5 228
201.5 446
202.5 594
203.5 460
204.5 578
205.5 561
206.5 784
207.5 807
208.5 701
209.5 668
210.5 811
211.5 831
212.5 840
213.5 646
214.5 798
215.5 741
216.5 465
217.5 661
218.5 577
219.5 469
220.5 90
221.5 149
222.5 24
223.5 330
224.5 225
225.5 404
226.5 648
227.5 392
228.5 951
229.5 775
230.5 613
231.5 775
232.5 402
233.5 412
234.5 715
235.5 585
236.5 822
237.5 562
238.5 496
239.5 657
240.5 804
241.5 1133
242.5 1118
243.5 1499
244.5 1602
245.5 1627
246.5 1463
247.5 1572
248.5 1383
249.5 1171
250.5 869
251.5 774
252.5 617
253.5 440
254.5 315
255.5 118
256.5 302
257.5 174
258.5 363
259.5 248
260.5 458
261.5 319
262.5 471
263.5 450
264.5 574
265.5 578
266.5 813
267.5 864
268.5 1068
269.5 854
270.5 1017
271.5 1154
272.5 1028
273.5 880
274.5 723
275.5 587
276.5 636
277.5 331
278.5 481
279.5 535
280.5 273
281.5 390
282.5 534
283.5 476
284.5 503
285.5 519
286.5 570
287.5 382
288.5 559
289.5 202
290.5 398
291.5 328
292.5 381
293.5 360
294.5 437
295.5 364
296.5 420
297.5 563
298.5 473
299.5 589
300.5 547
301.5 501
302.5 446
303.5 455
304.5 582
305.5 408
306.5 670
307.5 737
308.5 891
309.5 681
310.5 780
311.5 787
312.5 786
313.5 960
314.5 481
315.5 324
316.5 487
317.5 225
318.5 217
319.5 213
320.5 370
321.5 413
322.5 57
323.5 499
324.5 590
325.5 562
326.5 470
327.5 742
328.5 583
329.5 613
330.5 873
331.5 575
332.5 505
333.5 718
334.5 476
335.5 463
336.5 561
337.5 416
338.5 337
339.5 584
340.5 630
341.5 303
342.5 260
343.5 658
344.5 407
345.5 503
346.5 629
347.5 440
348.5 590
349.5 723
350.5 757
351.5 669
352.5 335
353.5 604
354.5 591
355.5 347
356.5 341
357.5 304
358.5 389
359.5 263
360.5 320
361.5 162
362.5 224
363.5 296
364.5 470
365.5 329
366.5 311
367.5 337
368.5 432
369.5 395
370.5 436
371.5 385
372.5 507
373.5 407
374.5 296
375.5 374
376.5 274
377.5 354
378.5 465
379.5 324
380.5 413
381.5 470
382.5 426
383.5 515
384.5 445
385.5 456
386.5 441
387.5 564
388.5 327
389.5 299
390.5 378
391.5 203
392.5 224
393.5 131
394.5 92
395.5 245
396.5 354
397.5 421
398.5 429
399.5 578
400.5 615
401.5 678
402.5 862
403.5 1895
404.5 2192
405.5 1034
406.5 644
407.5 454
408.5 421
409.5 329
410.5 307
411.5 274
412.5 317
413.5 475
414.5 354
415.5 201
416.5 141
417.5 252
418.5 191
419.5 214
420.5 202
421.5 181
422.5 137
423.5 117
424.5 379
425.5 309
426.5 299
427.5 508
428.5 434
429.5 536
430.5 435
431.5 291
432.5 263
433.5 229
434.5 512
435.5 362
436.5 413
437.5 548
438.5 433
439.5 567
440.5 480
441.5 545
442.5 462
443.5 226
444.5 308
445.5 158
446.5 263
447.5 331
448.5 314
449.5 339
450.5 141
451.5 382
452.5 323
453.5 277
454.5 281
455.5 272
456.5 140
457.5 355
458.5 211
459.5 610
460.5 376
461.5 485
462.5 328
463.5 337
464.5 458
465.5 349
466.5 381
467.5 456
468.5 446
469.5 330
470.5 327
471.5 510
472.5 361
473.5 413
474.5 324
475.5 339
476.5 317
477.5 256
478.5 289
479.5 182
480.5 403
481.5 371
482.5 291
483.5 263
484.5 420
485.5 426
486.5 301
487.5 272
488.5 467
489.5 294
490.5 337
491.5 324
492.5 341
493.5 215
494.5 287
495.5 396
496.5 525
497.5 322
498.5 312
499.5 526
500.5 338
501.5 494
502.5 303
503.5 371
504.5 275
505.5 314
506.5 384
507.5 1235
508.5 1657
509.5 2004
510.5 2238
511.5 1861
512.5 1164
513.5 633
514.5 462
515.5 296
516.5 120
517.5 149
518.5 240
519.5 443
520.5 379
521.5 342
522.5 371
523.5 297
524.5 337
525.5 449
526.5 249
527.5 271
528.5 399
529.5 205
530.5 354
531.5 201
532.5 285
533.5 393
534.5 252
535.5 299
536.5 311
537.5 214
538.5 197
539.5 336
540.5 410
541.5 209
542.5 420
543.5 292
544.5 297
545.5 314
546.5 229
547.5 210
548.5 227
549.5 327
550.5 187
551.5 243
552.5 224
553.5 355
554.5 306
555.5 557
556.5 691
557.5 357
558.5 358
559.5 213
560.5 235
561.5 382
562.5 372
563.5 376
564.5 404
565.5 326
566.5 438
567.5 384
568.5 356
569.5 310
570.5 367
571.5 206
572.5 350
573.5 308
574.5 341
575.5 268
576.5 256
577.5 176
578.5 333
579.5 223
580.5 78
581.5 325
582.5 249
583.5 118
584.5 148
585.5 184
586.5 257
587.5 293
588.5 190
589.5 214
590.5 185
591.5 339
592.5 276
593.5 107
594.5 343
595.5 270
596.5 247
597.5 233
598.5 411
599.5 283
600.5 269
601.5 349
602.5 256
603.5 229
604.5 270
605.5 287
606.5 368
607.5 335
608.5 202
609.5 374
610.5 328
611.5 207
612.5 273
613.5 218
614.5 296
615.5 205
616.5 246
617.5 381
618.5 259
619.5 371
620.5 297
621.5 116
622.5 184
623.5 209
624.5 403
625.5 333
626.5 373
627.5 733
628.5 940
629.5 689
630.5 324
631.5 344
632.5 284
633.5 190
634.5 260
635.5 389
636.5 1069
637.5 1585
638.5 980
639.5 420
640.5 267
641.5 336
642.5 222
643.5 325
644.5 185
645.5 226
646.5 267
647.5 226
648.5 206
649.5 438
650.5 562
651.5 551
652.5 372
653.5 299
654.5 428
655.5 229
656.5 454
657.5 311
658.5 221
659.5 405
660.5 201
661.5 227
662.5 285
663.5 165
664.5 -55
665.5 -115
666.5 262
667.5 301
668.5 128
669.5 327
670.5 184
671.5 285
672.5 219
673.5 192
674.5 257
675.5 293
676.5 289
677.5 264
678.5 334
679.5 375
680.5 280
681.5 256
682.5 386
683.5 202
684.5 277
685.5 316
686.5 314
687.5 336
688.5 182
689.5 243
690.5 307
691.5 268
692.5 184
693.5 295
694.5 194
695.5 317
696.5 172
697.5 237
698.5 354
699.5 239
700.5 278
701.5 287
702.5 307
703.5 207
704.5 230
705.5 240
706.5 278
707.5 356
708.5 323
709.5 201
710.5 358
711.5 199
712.5 256
713.5 189
714.5 155
715.5 232
716.5 290
717.5 278
718.5 306
719.5 370
720.5 238
721.5 271
722.5 369
723.5 263
724.5 256
725.5 345
726.5 265
727.5 303
728.5 236
729.5 145
730.5 167
731.5 147
732.5 201
733.5 237
734.5 262
735.5 250
736.5 311
737.5 247
738.5 222
739.5 280
740.5 159
741.5 244
742.5 145
743.5 216
744.5 202
745.5 78
746.5 327
747.5 188
748.5 244
749.5 148
750.5 386
751.5 335
752.5 214
753.5 318
754.5 315
755.5 381
756.5 270
757.5 272
758.5 441
759.5 767
760.5 2141
761.5 2529
762.5 1019
763.5 368
764.5 201
765.5 165
766.5 224
767.5 216
768.5 287
769.5 259
770.5 267
771.5 319
772.5 233
773.5 267
774.5 312
775.5 211
776.5 278
777.5 335
778.5 371
779.5 274
780.5 242
781.5 336
782.5 140
783.5 303
784.5 364
785.5 207
786.5 368
787.5 342
788.5 296
789.5 350
790.5 333
791.5 369
792.5 399
793.5 310
794.5 307
795.5 242
796.5 352
797.5 280
798.5 171
799.5 228
800.5 284
801.5 130
802.5 334
803.5 335
804.5 324
805.5 390
806.5 308
807.5 226
808.5 290
809.5 317
810.5 185
811.5 202
812.5 249
813.5 304
814.5 216
815.5 183
816.5 205
817.5 318
818.5 274
819.5 275
820.5 208
821.5 269
822.5 259
823.5 136
824.5 362
825.5 174
826.5 302
827.5 192
828.5 276
829.5 301
830.5 238
831.5 131
832.5 156
833.5 101
834.5 278
835.5 264
836.5 348
837.5 178
838.5 307
839.5 280
840.5 228
841.5 255
842.5 189
843.5 206
844.5 156
845.5 261
846.5 331
847.5 207
848.5 220
849.5 434
850.5 288
851.5 175
852.5 342
853.5 220
854.5 368
855.5 348
856.5 339
857.5 334
858.5 208
859.5 228
860.5 157
861.5 239
862.5 263
863.5 246
864.5 289
865.5 186
866.5 431
867.5 403
868.5 916
869.5 898
870.5 540
871.5 412
872.5 260
873.5 304
874.5 188
875.5 291
876.5 615
877.5 1107
878.5 1270
879.5 706
880.5 533
881.5 368
882.5 279
883.5 289
884.5 348
885.5 390
886.5 281
887.5 375
888.5 172
889.5 327
890.5 289
891.5 279
892.5 290
893.5 321
894.5 524
895.5 337
896.5 304
897.5 229
898.5 247
899.5 309
900.5 336
901.5 330
902.5 323
903.5 446
904.5 424
905.5 436
906.5 355
907.5 285
908.5 280
909.5 410
910.5 253
911.5 351
912.5 307
913.5 324
914.5 335
915.5 397
916.5 472
917.5 424
918.5 331
919.5 320
920.5 340
921.5 313
922.5 308
923.5 316
924.5 368
925.5 213
926.5 290
927.5 299
928.5 297
929.5 437
930.5 467
931.5 322
932.5 395
933.5 267
934.5 336
935.5 346
936.5 359
937.5 303
938.5 190
939.5 303
940.5 294
941.5 205
942.5 335
943.5 302
944.5 279
945.5 409
946.5 311
947.5 355
948.5 325
949.5 192
950.5 323
951.5 206
952.5 262
953.5 250
954.5 256
955.5 344
956.5 382
957.5 92
958.5 283
959.5 69
960.5 104
961.5 327
962.5 202
963.5 165
964.5 247
965.5 534
966.5 689
967.5 367
968.5 273
969.5 220
970.5 310
971.5 223
972.5 287
973.5 281
974.5 158
975.5 253
976.5 222
977.5 304
978.5 195
979.5 271
980.5 256
981.5 176
982.5 259
983.5 241
984.5 223
985.5 205
986.5 189
987.5 216
988.5 172
989.5 242
990.5 209
991.5 158
992.5 157
993.5 252
994.5 285
995.5 240
996.5 226
997.5 248
998.5 267
999.5 326
1000.5 989
1001.5 1869
1002.5 1845
1003.5 861
1004.5 214
1005.5 188
1006.5 331
1007.5 221
1008.5 188
1009.5 246
1010.5 192
1011.5 212
1012.5 211
1013.5 211
1014.5 224
1015.5 262
1016.5 284
1017.5 230
1018.5 276
1019.5 291
1020.5 248
1021.5 61
1022.5 246
1023.5 424
1024.5 654
1025.5 744
1026.5 347
1027.5 302
1028.5 121
1029.5 186
1030.5 191
1031.5 180
1032.5 248
1033.5 183
1034.5 173
1035.5 169
1036.5 160
1037.5 203
1038.5 196
1039.5 102
1040.5 188
1041.5 192
1042.5 160
1043.5 175
1044.5 210
1045.5 98
1046.5 33
1047.5 60
1048.5 83
1049.5 182
1050.5 72
1051.5 135
1052.5 204
1053.5 126
1054.5 134
1055.5 60
1056.5 54
1057.5 108
1058.5 178
1059.5 207
1060.5 145
1061.5 137
1062.5 121
1063.5 140
1064.5 155
1065.5 196
1066.5 123
1067.5 127
1068.5 131
1069.5 154
1070.5 100
1071.5 171
1072.5 417
1073.5 825
1074.5 755
1075.5 573
1076.5 245
1077.5 218
1078.5 164
1079.5 -6
1080.5 168
1081.5 220
1082.5 83
1083.5 160
1084.5 110
1085.5 132
1086.5 118
1087.5 159
1088.5 178
1089.5 146
1090.5 177
1091.5 121
1092.5 63
1093.5 175
1094.5 81
1095.5 156
1096.5 144
1097.5 176
1098.5 68
1099.5 113
1100.5 96
1101.5 122
1102.5 149
1103.5 173
1104.5 161
1105.5 117
1106.5 138
1107.5 111
1108.5 184
1109.5 92
1110.5 141
1111.5 92
1112.5 141
1113.5 114
1114.5 149
1115.5 186
1116.5 91
1117.5 128
1118.5 100
1119.5 102
1120.5 159
1121.5 168
1122.5 234
1123.5 1122
1124.5 3354
1125.5 7912
1126.5 9199
1127.5 4335
1128.5 1124
1129.5 382
1130.5 104
1131.5 92
1132.5 164
1133.5 111
1134.5 173
1135.5 151
1136.5 -32
1137.5 42
1138.5 59
1139.5 85
1140.5 50
1141.5 153
1142.5 86
1143.5 67
1144.5 21
1145.5 106
1146.5 131
1147.5 84
1148.5 86
1149.5 200
1150.5 162
1151.5 43
1152.5 166
1153.5 363
1154.5 2012
1155.5 6412
1156.5 13794
1157.5 14732
1158.5 6176
1159.5 1184
1160.5 319
1161.5 155
1162.5 111
1163.5 45
1164.5 80
1165.5 54
1166.5 76
1167.5 3
1168.5 -34
1169.5 16
1170.5 79
1171.5 106
1172.5 38
1173.5 63
1174.5 87
1175.5 77
1176.5 102
1177.5 23
1178.5 45
1179.5 50
1180.5 19
1181.5 62
1182.5 84
1183.5 64
1184.5 57
1185.5 75
1186.5 95
1187.5 155
1188.5 81
1189.5 29
1190.5 84
1191.5 66
1192.5 95
1193.5 75
1194.5 41
1195.5 82
1196.5 82
1197.5 94
1198.5 101
1199.5 66
1200.5 49
1201.5 80
1202.5 107
1203.5 60
1204.5 61
1205.5 52
1206.5 78
1207.5 106
1208.5 56
1209.5 63
1210.5 38
1211.5 124
1212.5 116
1213.5 196
1214.5 292
1215.5 182
1216.5 130
1217.5 116
1218.5 68
1219.5 80
1220.5 21
1221.5 112
1222.5 136
1223.5 105
1224.5 45
1225.5 26
1226.5 50
1227.5 99
1228.5 58
1229.5 21
1230.5 68
1231.5 114
1232.5 91
1233.5 73
1234.5 36
1235.5 89
1236.5 56
1237.5 87
1238.5 111
1239.5 98
1240.5 92
1241.5 62
1242.5 42
1243.5 24
1244.5 73
1245.5 76
1246.5 63
1247.5 151
1248.5 15
1249.5 60
1250.5 97
1251.5 105
1252.5 100
1253.5 85
1254.5 71
1255.5 136
1256.5 125
1257.5 35
1258.5 188
1259.5 473
1260.5 450
1261.5 188
1262.5 -12
1263.5 38
1264.5 4
1265.5 -21
1266.5 66
1267.5 65
1268.5 64
1269.5 74
1270.5 63
1271.5 67
1272.5 65
1273.5 69
1274.5 112
1275.5 81
1276.5 133
1277.5 76
1278.5 73
1279.5 95
1280.5 58
1281.5 154
1282.5 113
1283.5 135
1284.5 158
1285.5 121
1286.5 96
1287.5 40
1288.5 14
1289.5 37
1290.5 101
1291.5 91
1292.5 12
1293.5 85
1294.5 68
1295.5 56
1296.5 42
1297.5 79
1298.5 106
1299.5 11
1300.5 32
1301.5 64
1302.5 81
1303.5 65
1304.5 61
1305.5 52
1306.5 61
1307.5 -1
1308.5 -5
1309.5 89
1310.5 77
1311.5 37
1312.5 57
1313.5 62
1314.5 136
1315.5 102
1316.5 105
1317.5 69
1318.5 63
1319.5 68
1320.5 74
1321.5 95
1322.5 85
1323.5 17
1324.5 -17
1325.5 100
1326.5 27
1327.5 72
1328.5 61
1329.5 99
1330.5 91
1331.5 82
1332.5 28
1333.5 63
1334.5 70
1335.5 103
1336.5 108
1337.5 51
1338.5 33
1339.5 31
1340.5 35
1341.5 51
1342.5 86
1343.5 77
1344.5 55
1345.5 98
1346.5 -4
1347.5 90
1348.5 27
1349.5 8
1350.5 65
1351.5 48
1352.5 -27
1353.5 79
1354.5 44
1355.5 44
1356.5 89
1357.5 80
1358.5 12
1359.5 66
1360.5 10
1361.5 64
1362.5 -8
1363.5 42
1364.5 73
1365.5 105
1366.5 84
1367.5 55
1368.5 71
1369.5 24
1370.5 38
1371.5 43
1372.5 -16
1373.5 64
1374.5 74
1375.5 126
1376.5 62
1377.5 54
1378.5 20
1379.5 64
1380.5 117
1381.5 61
1382.5 73
1383.5 0
1384.5 79
1385.5 64
1386.5 78
1387.5 60
1388.5 37
1389.5 90
1390.5 70
1391.5 60
1392.5 -20
1393.5 31
1394.5 65
1395.5 78
1396.5 105
1397.5 56
1398.5 -38
1399.5 61
1400.5 145
1401.5 81
1402.5 72
1403.5 42
1404.5 54
1405.5 84
1406.5 141
1407.5 90
1408.5 123
1409.5 11
1410.5 117
1411.5 75
1412.5 26
1413.5 113
1414.5 48
1415.5 41
1416.5 2
1417.5 91
1418.5 65
1419.5 63
1420.5 57
1421.5 90
1422.5 68
1423.5 -14
1424.5 82
1425.5 50
1426.5 150
1427.5 325
1428.5 501
1429.5 423
1430.5 164
1431.5 110
1432.5 68
1433.5 177
1434.5 351
1435.5 338
1436.5 230
1437.5 115
1438.5 70
1439.5 63
1440.5 66
1441.5 56
1442.5 29
1443.5 57
1444.5 25
1445.5 77
1446.5 15
1447.5 25
1448.5 122
1449.5 108
1450.5 52
1451.5 -15
1452.5 116
1453.5 17
1454.5 96
1455.5 126
1456.5 110
1457.5 81
1458.5 46
1459.5 41
1460.5 29
1461.5 92
1462.5 50
1463.5 97
1464.5 64
1465.5 74
1466.5 118
1467.5 31
1468.5 49
1469.5 108
1470.5 58
1471.5 32
1472.5 88
1473.5 32
1474.5 67
1475.5 77
1476.5 51
1477.5 42
1478.5 57
1479.5 94
1480.5 107
1481.5 97
1482.5 96
1483.5 11
1484.5 16
1485.5 44
1486.5 47
1487.5 21
1488.5 77
1489.5 74
1490.5 33
1491.5 81
1492.5 71
1493.5 -8
1494.5 30
1495.5 49
1496.5 76
1497.5 172
1498.5 341
1499.5 438
1500.5 190
1501.5 202
1502.5 55
1503.5 72
1504.5 -26
1505.5 78
1506.5 61
1507.5 78
1508.5 107
1509.5 110
1510.5 83
1511.5 81
1512.5 78
1513.5 33
1514.5 43
1515.5 44
1516.5 -33
1517.5 57
1518.5 43
1519.5 60
1520.5 50
1521.5 44
1522.5 54
1523.5 39
1524.5 38
1525.5 101
1526.5 39
1527.5 26
1528.5 38
1529.5 35
1530.5 41
1531.5 60
1532.5 81
1533.5 -2
1534.5 24
1535.5 56
1536.5 33
1537.5 39
1538.5 69
1539.5 45
1540.5 34
1541.5 82
1542.5 37
1543.5 44
1544.5 45
1545.5 94
1546.5 36
1547.5 91
1548.5 82
1549.5 55
1550.5 55
1551.5 79
1552.5 95
1553.5 41
1554.5 46
1555.5 53
1556.5 84
1557.5 -9
1558.5 66
1559.5 92
1560.5 77
1561.5 78
1562.5 73
1563.5 85
1564.5 41
1565.5 58
1566.5 115
1567.5 91
1568.5 75
1569.5 47
1570.5 55
1571.5 58
1572.5 68
1573.5 9
1574.5 73
1575.5 77
1576.5 39
1577.5 21
1578.5 64
1579.5 73
1580.5 91
1581.5 26
1582.5 19
1583.5 14
1584.5 78
1585.5 70
1586.5 53
1587.5 65
1588.5 174
1589.5 172
1590.5 84
1591.5 64
1592.5 82
1593.5 35
1594.5 36
1595.5 49
1596.5 6
1597.5 65
1598.5 62
1599.5 86
1600.5 65
1601.5 52
1602.5 42
1603.5 22
1604.5 52
1605.5 72
1606.5 82
1607.5 76
1608.5 98
1609.5 71
1610.5 73
1611.5 47
1612.5 26
1613.5 24
1614.5 59
1615.5 74
1616.5 81
1617.5 84
1618.5 103
1619.5 102
1620.5 81
1621.5 67
1622.5 71
1623.5 111
1624.5 140
1625.5 137
1626.5 76
1627.5 82
1628.5 157
1629.5 134
1630.5 103
1631.5 73
1632.5 118
1633.5 148
1634.5 97
1635.5 150
1636.5 24
1637.5 96
1638.5 204
1639.5 131
1640.5 124
1641.5 111
1642.5 117
1643.5 151
1644.5 78
1645.5 77
1646.5 13
1647.5 33
1648.5 100
1649.5 27
1650.5 19
1651.5 27
1652.5 38
1653.5 58
1654.5 47
1655.5 33
1656.5 61
1657.5 72
1658.5 82
1659.5 62
1660.5 132
1661.5 33
1662.5 54
1663.5 11
1664.5 19
1665.5 105
1666.5 39
1667.5 59
1668.5 31
1669.5 75
1670.5 82
1671.5 77
1672.5 4
1673.5 45
1674.5 17
1675.5 85
1676.5 28
1677.5 -20
1678.5 2
1679.5 39
1680.5 18
1681.5 67
1682.5 51
1683.5 75
1684.5 108
1685.5 50
1686.5 32
1687.5 70
1688.5 82
1689.5 61
1690.5 62
1691.5 41
1692.5 -18
1693.5 22
1694.5 32
1695.5 41
1696.5 26
1697.5 84
1698.5 28
1699.5 70
1700.5 35
1701.5 35
1702.5 -7
1703.5 106
1704.5 84
1705.5 46
1706.5 64
1707.5 29
1708.5 72
1709.5 14
1710.5 40
1711.5 47
1712.5 37
1713.5 113
1714.5 55
1715.5 74
1716.5 102
1717.5 92
1718.5 114
1719.5 88
1720.5 97
1721.5 10
1722.5 94
1723.5 45
1724.5 26
1725.5 64
1726.5 96
1727.5 210
1728.5 135
1729.5 29
1730.5 11
1731.5 52
1732.5 64
1733.5 26
1734.5 68
1735.5 71
1736.5 59
1737.5 52
1738.5 45
1739.5 37
1740.5 60
1741.5 108
1742.5 74
1743.5 52
1744.5 42
1745.5 101
1746.5 47
1747.5 56
1748.5 62
1749.5 28
1750.5 56
1751.5 68
1752.5 43
1753.5 123
1754.5 81
1755.5 48
1756.5 66
1757.5 11
1758.5 61
1759.5 77
1760.5 54
1761.5 71
1762.5 47
1763.5 -20
1764.5 64
1765.5 45
1766.5 -12
1767.5 76
1768.5 76
1769.5 70
1770.5 17
1771.5 70
1772.5 58
1773.5 75
1774.5 49
1775.5 67
1776.5 100
1777.5 109
1778.5 26
1779.5 21
1780.5 39
1781.5 100
1782.5 60
1783.5 0
1784.5 94
1785.5 37
1786.5 36
1787.5 51
1788.5 32
1789.5 92
1790.5 85
1791.5 21
1792.5 60
1793.5 31
1794.5 44
1795.5 33
1796.5 89
1797.5 96
1798.5 72
1799.5 34
1800.5 61
1801.5 63
1802.5 13
1803.5 62
1804.5 -11
1805.5 58
1806.5 4
1807.5 3
1808.5 17
1809.5 53
1810.5 69
1811.5 34
1812.5 -6
1813.5 48
1814.5 113
1815.5 52
1816.5 95
1817.5 65
1818.5 50
1819.5 64
1820.5 35
1821.5 55
1822.5 100
1823.5 81
1824.5 62
1825.5 15
1826.5 107
1827.5 33
1828.5 61
1829.5 95
1830.5 56
1831.5 68
1832.5 97
1833.5 35
1834.5 -8
1835.5 4
1836.5 85
1837.5 5
1838.5 10
1839.5 50
1840.5 60
1841.5 53
1842.5 80
1843.5 38
1844.5 113
1845.5 64
1846.5 44
1847.5 40
1848.5 44
1849.5 89
1850.5 95
1851.5 21
1852.5 33
1853.5 44
1854.5 1
1855.5 69
1856.5 54
1857.5 54
1858.5 63
1859.5 98
1860.5 114
1861.5 201
1862.5 129
1863.5 92
1864.5 -1
1865.5 49
1866.5 40
1867.5 50
1868.5 12
1869.5 65
1870.5 30
1871.5 37
1872.5 9
1873.5 32
1874.5 -25
1875.5 61
1876.5 43
1877.5 -20
1878.5 59
1879.5 49
1880.5 15
1881.5 35
1882.5 89
1883.5 82
1884.5 170
1885.5 439
1886.5 1039
1887.5 1003
1888.5 551
1889.5 215
1890.5 51
1891.5 2
1892.5 41
1893.5 67
1894.5 27
1895.5 -32
1896.5 71
1897.5 65
1898.5 27
1899.5 25
1900.5 35
1901.5 27
1902.5 24
1903.5 40
1904.5 76
1905.5 27
1906.5 51
1907.5 54
1908.5 -3
1909.5 23
1910.5 10
1911.5 37
1912.5 117
1913.5 40
1914.5 62
1915.5 75
1916.5 69
1917.5 55
1918.5 73
1919.5 18
1920.5 -1
1921.5 -7
1922.5 68
1923.5 10
1924.5 25
1925.5 50
1926.5 45
1927.5 23
1928.5 32
1929.5 -49
1930.5 17
1931.5 4
1932.5 37
1933.5 63
1934.5 50
1935.5 66
1936.5 15
1937.5 35
1938.5 23
1939.5 79
1940.5 13
1941.5 104
1942.5 83
1943.5 46
1944.5 61
1945.5 26
1946.5 81
1947.5 -5
1948.5 66
1949.5 22
1950.5 70
1951.5 50
1952.5 48
1953.5 5
1954.5 85
1955.5 108
1956.5 123
1957.5 169
1958.5 318
1959.5 359
1960.5 244
1961.5 115
1962.5 24
1963.5 52
1964.5 29
1965.5 30
1966.5 6
1967.5 -17
1968.5 44
1969.5 22
1970.5 37
1971.5 77
1972.5 45
1973.5 49
1974.5 65
1975.5 112
1976.5 82
1977.5 52
1978.5 39
1979.5 85
1980.5 55
1981.5 131
1982.5 70
1983.5 130
1984.5 144
1985.5 33
1986.5 62
1987.5 22
1988.5 19
1989.5 29
1990.5 13
1991.5 28
1992.5 -17
1993.5 -6
1994.5 64
1995.5 12
1996.5 16
1997.5 41
1998.5 0
1999.5 34
2000.5 54
2001.5 12
2002.5 36
2003.5 61
2004.5 2
2005.5 91
2006.5 27
2007.5 38
2008.5 28
2009.5 15
2010.5 37
2011.5 38
2012.5 77
2013.5 23
2014.5 1
2015.5 53
2016.5 41
2017.5 22
2018.5 23
2019.5 13
2020.5 -3
2021.5 55
2022.5 55
2023.5 47
2024.5 39
2025.5 85
2026.5 70
2027.5 35
2028.5 16
2029.5 -3
2030.5 37
2031.5 46
2032.5 25
2033.5 15
2034.5 36
2035.5 51
2036.5 78
2037.5 26
2038.5 26
2039.5 49
2040.5 38
2041.5 78
2042.5 32
2043.5 110
2044.5 82
2045.5 70
2046.5 128
2047.5 88
2048.5 93
2049.5 85
2050.5 52
2051.5 11
2052.5 80
2053.5 29
2054.5 59
2055.5 98
2056.5 62
2057.5 34
2058.5 29
2059.5 -27
2060.5 51
2061.5 72
2062.5 52
2063.5 77
2064.5 103
2065.5 27
2066.5 46
2067.5 36
2068.5 22
2069.5 21
2070.5 52
2071.5 68
2072.5 129
2073.5 72
2074.5 86
2075.5 25
2076.5 35
2077.5 40
2078.5 68
2079.5 22
2080.5 54
2081.5 42
2082.5 27
2083.5 68
2084.5 23
2085.5 66
2086.5 116
2087.5 130
2088.5 127
2089.5 50
2090.5 48
2091.5 42
2092.5 56
2093.5 14
2094.5 59
2095.5 0
2096.5 54
2097.5 44
2098.5 42
2099.5 21
2100.5 48
2101.5 33
2102.5 -7
2103.5 115
2104.5 52
2105.5 161
2106.5 87
2107.5 48
2108.5 58
2109.5 76
2110.5 -14
2111.5 7
2112.5 34
2113.5 -12
2114.5 34
2115.5 85
2116.5 24
2117.5 39
2118.5 13
2119.5 15
2120.5 31
2121.5 33
2122.5 59
2123.5 45
2124.5 66
2125.5 38
2126.5 9
2127.5 55
2128.5 34
2129.5 45
2130.5 19
2131.5 55
2132.5 -11
2133.5 6
2134.5 51
2135.5 41
2136.5 18
2137.5 84
2138.5 35
2139.5 8
2140.5 98
2141.5 61
2142.5 70
2143.5 -38
2144.5 92
2145.5 46
2146.5 147
2147.5 116
2148.5 321
2149.5 744
2150.5 822
2151.5 734
2152.5 417
2153.5 157
2154.5 69
2155.5 51
2156.5 64
2157.5 39
2158.5 6
2159.5 27
2160.5 13
2161.5 -11
2162.5 30
2163.5 7
2164.5 71
2165.5 52
2166.5 42
2167.5 16
2168.5 -37
2169.5 30
2170.5 99
2171.5 -4
2172.5 28
2173.5 28
2174.5 63
2175.5 56
2176.5 32
2177.5 67
2178.5 77
2179.5 48
2180.5 69
2181.5 56
2182.5 7
2183.5 10
2184.5 -39
2185.5 36
2186.5 2
2187.5 40
2188.5 24
2189.5 48
2190.5 28
2191.5 31
2192.5 48
2193.5 0
2194.5 -4
2195.5 -43
2196.5 -10
2197.5 35
2198.5 75
2199.5 78
2200.5 88
2201.5 43
2202.5 2
2203.5 25
2204.5 32
2205.5 33
2206.5 51
2207.5 39
2208.5 18
2209.5 -4
2210.5 96
2211.5 35
2212.5 54
2213.5 73
2214.5 89
2215.5 17
2216.5 17
2217.5 7
2218.5 -4
2219.5 25
2220.5 20
2221.5 90
2222.5 38
2223.5 130
2224.5 48
2225.5 8
2226.5 31
2227.5 38
2228.5 27
2229.5 -7
2230.5 80
2231.5 32
2232.5 23
2233.5 21
2234.5 73
2235.5 56
2236.5 54
2237.5 5
2238.5 45
2239.5 60
2240.5 38
2241.5 -11
2242.5 50
2243.5 58
2244.5 12
2245.5 1
2246.5 66
2247.5 -7
2248.5 39
2249.5 0
2250.5 17
2251.5 27
2252.5 27
2253.5 -97
2254.5 -41
2255.5 -11
2256.5 -51
2257.5 23
2258.5 16
2259.5 34
2260.5 -10
2261.5 47
2262.5 -34
2263.5 20
2264.5 57
2265.5 7
2266.5 48
2267.5 -11
2268.5 60
2269.5 12
2270.5 67
2271.5 -14
2272.5 30
2273.5 21
2274.5 66
2275.5 43
2276.5 12
2277.5 35
2278.5 51
2279.5 25
2280.5 77
2281.5 57
2282.5 104
2283.5 60
2284.5 11
2285.5 36
2286.5 81
2287.5 7
2288.5 49
2289.5 58
2290.5 12
2291.5 51
2292.5 17
2293.5 23
2294.5 -11
2295.5 32
2296.5 5
2297.5 19
2298.5 76
2299.5 14
2300.5 31
2301.5 74
2302.5 3
2303.5 38
2304.5 -1
2305.5 67
2306.5 53
2307.5 39
2308.5 -4
2309.5 11
2310.5 29
2311.5 28
2312.5 15
2313.5 39
2314.5 28
2315.5 41
2316.5 61
2317.5 2
2318.5 19
2319.5 28
2320.5 37
2321.5 33
2322.5 22
2323.5 53
2324.5 -29
2325.5 -4
2326.5 33
2327.5 26
2328.5 16
2329.5 4
2330.5 27
2331.5 52
2332.5 12
2333.5 -13
2334.5 45
2335.5 82
2336.5 -16
2337.5 64
2338.5 9
2339.5 16
2340.5 -1
2341.5 40
2342.5 24
2343.5 17
2344.5 60
2345.5 57
2346.5 34
2347.5 52
2348.5 32
2349.5 -19
2350.5 10
2351.5 14
2352.5 37
2353.5 8
2354.5 12
2355.5 29
2356.5 33
2357.5 -27
2358.5 14
2359.5 1
2360.5 21
2361.5 25
2362.5 15
2363.5 11
2364.5 47
2365.5 43
2366.5 25
2367.5 45
2368.5 51
2369.5 43
2370.5 32
2371.5 76
2372.5 56
2373.5 74
2374.5 33
2375.5 22
2376.5 -19
2377.5 96
2378.5 26
2379.5 64
2380.5 49
2381.5 54
2382.5 21
2383.5 18
2384.5 15
2385.5 6
2386.5 36
2387.5 20
2388.5 22
2389.5 16
2390.5 -14
2391.5 14
2392.5 53
2393.5 69
2394.5 19
2395.5 41
2396.5 18
2397.5 26
2398.5 68
2399.5 -5
2400.5 31
2401.5 18
2402.5 23
2403.5 -1
2404.5 -37
2405.5 41
2406.5 -58
2407.5 29
2408.5 62
2409.5 14
2410.5 37
2411.5 3
2412.5 49
2413.5 35
2414.5 5
2415.5 42
2416.5 81
2417.5 27
2418.5 30
2419.5 45
2420.5 40
2421.5 21
2422.5 13
2423.5 11
2424.5 29
2425.5 59
2426.5 26
2427.5 89
2428.5 7
2429.5 40
2430.5 39
2431.5 42
2432.5 82
2433.5 109
2434.5 107
2435.5 94
2436.5 105
2437.5 23
2438.5 44
2439.5 36
2440.5 55
2441.5 65
2442.5 21
2443.5 44
2444.5 38
2445.5 37
2446.5 41
2447.5 -25
2448.5 28
2449.5 4
2450.5 31
2451.5 57
2452.5 43
2453.5 44
2454.5 36
2455.5 70
2456.5 38
2457.5 50
2458.5 -4
2459.5 53
2460.5 13
2461.5 24
2462.5 12
2463.5 37
2464.5 57
2465.5 15
2466.5 91
2467.5 24
2468.5 51
2469.5 10
2470.5 32
2471.5 1
2472.5 27
2473.5 21
2474.5 19
2475.5 49
2476.5 35
2477.5 24
2478.5 65
2479.5 21
2480.5 44
2481.5 77
2482.5 56
2483.5 16
2484.5 57
2485.5 -14
2486.5 17
2487.5 34
2488.5 77
2489.5 55
2490.5 68
2491.5 122
2492.5 101
2493.5 84
2494.5 37
2495.5 30
2496.5 56
2497.5 84
2498.5 65
2499.5 16
2500.5 4
2501.5 2
2502.5 40
2503.5 16
2504.5 5
2505.5 21
2506.5 60
2507.5 34
2508.5 14
2509.5 29
2510.5 72
2511.5 27
2512.5 37
2513.5 38
2514.5 32
2515.5 63
2516.5 22
2517.5 108
2518.5 65
2519.5 136
2520.5 122
2521.5 14
2522.5 41
2523.5 64
2524.5 22
2525.5 -2
2526.5 -7
2527.5 -11
2528.5 46
2529.5 -31
2530.5 67
2531.5 -25
2532.5 54
2533.5 20
2534.5 48
2535.5 24
2536.5 53
2537.5 47
2538.5 48
2539.5 31
2540.5 19
2541.5 20
2542.5 52
2543.5 53
2544.5 11
2545.5 39
2546.5 57
2547.5 44
2548.5 28
2549.5 33
2550.5 36
2551.5 52
2552.5 56
2553.5 46
2554.5 54
2555.5 18
2556.5 78
2557.5 144
2558.5 137
2559.5 123
2560.5 26
2561.5 8
2562.5 11
2563.5 67
2564.5 33
2565.5 60
2566.5 15
2567.5 24
2568.5 68
2569.5 25
2570.5 52
2571.5 -1
2572.5 51
2573.5 17
2574.5 25
2575.5 49
2576.5 40
2577.5 8
2578.5 -8
2579.5 39
2580.5 3
2581.5 -8
2582.5 48
2583.5 20
2584.5 11
2585.5 25
2586.5 21
2587.5 45
2588.5 48
2589.5 45
2590.5 30
2591.5 -14
2592.5 55
2593.5 27
2594.5 69
2595.5 33
2596.5 -4
2597.5 23
2598.5 6
2599.5 33
2600.5 5
2601.5 -32
2602.5 -8
2603.5 30
2604.5 5
2605.5 67
2606.5 44
2607.5 29
2608.5 79
2609.5 47
2610.5 40
2611.5 42
2612.5 -60
2613.5 17
2614.5 -62
2615.5 -24
2616.5 -16
2617.5 79
2618.5 28
2619.5 129
2620.5 140
2621.5 84
2622.5 91
2623.5 76
2624.5 19
2625.5 -2
2626.5 10
2627.5 53
2628.5 20
2629.5 18
2630.5 30
2631.5 27
2632.5 68
2633.5 53
2634.5 82
2635.5 102
2636.5 86
2637.5 90
2638.5 75
2639.5 33
2640.5 53
2641.5 16
2642.5 36
2643.5 52
2644.5 28
2645.5 14
2646.5 38
2647.5 71
2648.5 32
2649.5 36
2650.5 59
2651.5 62
2652.5 94
2653.5 188
2654.5 125
2655.5 147
2656.5 71
2657.5 25
2658.5 37
2659.5 29
2660.5 -17
2661.5 31
2662.5 13
2663.5 86
2664.5 35
2665.5 9
2666.5 32
2667.5 -4
2668.5 6
2669.5 61
2670.5 32
2671.5 12
2672.5 21
2673.5 35
2674.5 9
2675.5 5
2676.5 30
2677.5 -15
2678.5 36
2679.5 26
2680.5 6
2681.5 11
2682.5 26
2683.5 -18
2684.5 -31
2685.5 33
2686.5 43
2687.5 37
2688.5 6
2689.5 45
2690.5 19
2691.5 36
2692.5 29
2693.5 30
2694.5 50
2695.5 45
2696.5 52
2697.5 29
2698.5 41
2699.5 15
2700.5 5
2701.5 42
2702.5 -14
2703.5 30
2704.5 8
2705.5 18
2706.5 22
2707.5 14
2708.5 13
2709.5 51
2710.5 46
2711.5 56
2712.5 81
2713.5 35
2714.5 25
2715.5 38
2716.5 61
2717.5 53
2718.5 5
2719.5 69
2720.5 28
2721.5 66
2722.5 80
2723.5 104
2724.5 44
2725.5 57
2726.5 47
2727.5 19
2728.5 41
2729.5 13
2730.5 36
2731.5 45
2732.5 79
2733.5 149
2734.5 99
2735.5 81
2736.5 65
2737.5 39
2738.5 8
2739.5 41
2740.5 31
2741.5 20
2742.5 24
2743.5 24
2744.5 51
2745.5 34
2746.5 9
2747.5 50
2748.5 9
2749.5 0
2750.5 18
2751.5 35
2752.5 20
2753.5 17
2754.5 38
2755.5 28
2756.5 21
2757.5 25
2758.5 37
2759.5 -2
2760.5 50
2761.5 27
2762.5 45
2763.5 22
2764.5 49
2765.5 16
2766.5 9
2767.5 30
2768.5 30
2769.5 3
2770.5 12
2771.5 -28
2772.5 -18
2773.5 3
2774.5 29
2775.5 24
2776.5 2
2777.5 29
2778.5 3
2779.5 5
2780.5 2
2781.5 24
2782.5 0
2783.5 18
2784.5 74
2785.5 50
2786.5 21
2787.5 60
2788.5 -23
2789.5 -12
2790.5 27
2791.5 36
2792.5 16
2793.5 36
2794.5 13
2795.5 101
2796.5 92
2797.5 252
2798.5 349
2799.5 413
2800.5 275
2801.5 89
2802.5 44
2803.5 57
2804.5 43
2805.5 6
2806.5 4
2807.5 -25
2808.5 -63
2809.5 -16
2810.5 7
2811.5 2
2812.5 43
2813.5 0
2814.5 38
2815.5 105
2816.5 92
2817.5 81
2818.5 41
2819.5 54
2820.5 23
2821.5 22
2822.5 30
2823.5 26
2824.5 56
2825.5 54
2826.5 35
2827.5 7
2828.5 9
2829.5 -24
2830.5 -4
2831.5 11
2832.5 10
2833.5 43
2834.5 -15
2835.5 -12
2836.5 19
2837.5 -3
2838.5 19
2839.5 39
2840.5 28
2841.5 36
2842.5 53
2843.5 54
2844.5 58
2845.5 33
2846.5 79
2847.5 24
2848.5 73
2849.5 57
2850.5 68
2851.5 45
2852.5 21
2853.5 32
2854.5 27
2855.5 70
2856.5 41
2857.5 65
2858.5 66
2859.5 14
2860.5 21
2861.5 50
2862.5 58
2863.5 12
2864.5 2
2865.5 36
2866.5 9
2867.5 0
2868.5 -16
2869.5 -13
2870.5 29
2871.5 -7
2872.5 38
2873.5 22
2874.5 15
2875.5 12
2876.5 -12
2877.5 42
2878.5 31
2879.5 19
2880.5 -7
2881.5 6
2882.5 27
2883.5 26
2884.5 71
2885.5 23
2886.5 33
2887.5 20
2888.5 50
2889.5 64
2890.5 24
2891.5 50
2892.5 12
2893.5 23
2894.5 1
2895.5 -10
2896.5 -7
2897.5 24
2898.5 20
2899.5 -11
2900.5 8
2901.5 46
2902.5 -16
2903.5 -1
2904.5 14
2905.5 42
2906.5 26
2907.5 31
2908.5 18
2909.5 43
2910.5 -7
2911.5 12
2912.5 -3
2913.5 20
2914.5 26
2915.5 3
2916.5 46
2917.5 49
2918.5 3
2919.5 2
2920.5 -12
2921.5 -43
2922.5 -11
2923.5 57
2924.5 15
2925.5 81
2926.5 104
2927.5 149
2928.5 145
2929.5 126
2930.5 52
2931.5 0
2932.5 14
2933.5 23
2934.5 50
2935.5 44
2936.5 48
2937.5 85
2938.5 38
2939.5 40
2940.5 3
2941.5 -7
2942.5 26
2943.5 -18
2944.5 37
2945.5 15
2946.5 28
2947.5 -50
2948.5 6
2949.5 19
2950.5 73
2951.5 40
2952.5 40
2953.5 68
2954.5 31
2955.5 10
2956.5 45
2957.5 27
2958.5 32
2959.5 31
2960.5 16
2961.5 31
2962.5 80
2963.5 73
2964.5 63
2965.5 6
2966.5 15
2967.5 35
2968.5 57
2969.5 26
2970.5 54
2971.5 63
2972.5 7
2973.5 -6
2974.5 1
2975.5 28
2976.5 43
2977.5 5
2978.5 22
2979.5 46
2980.5 32
2981.5 -6
2982.5 45
2983.5 16
2984.5 20
2985.5 13
2986.5 21
2987.5 17
2988.5 -10
2989.5 0
2990.5 49
2991.5 32
2992.5 11
2993.5 -39
2994.5 35
2995.5 22
2996.5 -12
2997.5 27
2998.5 -22
2999.5 38
3000.5 5
3001.5 -9
3002.5 35
3003.5 97
3004.5 7
3005.5 -45
3006.5 38
3007.5 45
3008.5 7
3009.5 25
3010.5 64
3011.5 74
3012.5 62
3013.5 71
3014.5 22
3015.5 -14
3016.5 -18
3017.5 35
3018.5 21
3019.5 42
3020.5 23
3021.5 -7
3022.5 71
3023.5 17
3024.5 14
3025.5 46
3026.5 30
3027.5 13
3028.5 40
3029.5 0
3030.5 27
3031.5 29
3032.5 20
3033.5 30
3034.5 40
3035.5 53
3036.5 38
3037.5 64
3038.5 1
3039.5 48
3040.5 68
3041.5 9
3042.5 21
3043.5 8
3044.5 29
3045.5 30
3046.5 26
3047.5 16
3048.5 40
3049.5 46
3050.5 53
3051.5 53
3052.5 77
3053.5 77
3054.5 55
3055.5 33
3056.5 -15
3057.5 29
3058.5 47
3059.5 36
3060.5 27
3061.5 31
3062.5 55
3063.5 1
3064.5 29
3065.5 37
3066.5 69
3067.5 3
3068.5 25
3069.5 40
3070.5 38
3071.5 47
3072.5 28
3073.5 43
3074.5 26
3075.5 -4
3076.5 6
3077.5 59
3078.5 13
3079.5 25
3080.5 1
3081.5 53
3082.5 1
3083.5 28
3084.5 15
3085.5 37
3086.5 38
3087.5 44
3088.5 -29
3089.5 24
3090.5 18
3091.5 22
3092.5 1
3093.5 16
3094.5 -3
3095.5 41
3096.5 18
3097.5 11
3098.5 -9
3099.5 25
3100.5 23
3101.5 28
3102.5 47
3103.5 -10
3104.5 19
3105.5 44
3106.5 23
3107.5 48
3108.5 25
3109.5 24
3110.5 42
3111.5 35
3112.5 34
3113.5 11
3114.5 -24
3115.5 30
3116.5 23
3117.5 13
3118.5 14
3119.5 35
3120.5 3
3121.5 21
3122.5 12
3123.5 -9
3124.5 19
3125.5 24
3126.5 45
3127.5 -2
3128.5 22
3129.5 53
3130.5 31
3131.5 26
3132.5 33
3133.5 30
3134.5 10
3135.5 51
3136.5 -7
3137.5 41
3138.5 6
3139.5 11
3140.5 29
3141.5 46
3142.5 14
3143.5 17
3144.5 50
3145.5 22
3146.5 27
3147.5 -13
3148.5 15
3149.5 65
3150.5 19
3151.5 10
3152.5 50
3153.5 5
3154.5 10
3155.5 34
3156.5 3
3157.5 13
3158.5 12
3159.5 31
3160.5 8
3161.5 -21
3162.5 19
3163.5 -8
3164.5 15
3165.5 3
3166.5 -5
3167.5 27
3168.5 18
3169.5 32
3170.5 25
3171.5 20
3172.5 23
3173.5 14
3174.5 29
3175.5 49
3176.5 46
3177.5 55
3178.5 -6
3179.5 -2
3180.5 -16
3181.5 53
3182.5 21
3183.5 8
3184.5 39
3185.5 37
3186.5 22
3187.5 21
3188.5 15
3189.5 26
3190.5 33
3191.5 -12
3192.5 18
3193.5 -16
3194.5 -1
3195.5 31
3196.5 14
3197.5 -2
3198.5 60
3199.5 -1
3200.5 49
3201.5 52
3202.5 16
3203.5 31
3204.5 10
3205.5 37
3206.5 4
3207.5 24
3208.5 30
3209.5 18
3210.5 18
3211.5 47
3212.5 20
3213.5 2
3214.5 56
3215.5 1
3216.5 2
3217.5 54
3218.5 22
3219.5 26
3220.5 18
3221.5 15
3222.5 -3
3223.5 8
3224.5 14
3225.5 13
3226.5 34
3227.5 14
3228.5 39
3229.5 40
3230.5 30
3231.5 41
3232.5 54
3233.5 38
3234.5 64
3235.5 49
3236.5 84
3237.5 78
3238.5 43
3239.5 -11
3240.5 75
3241.5 31
3242.5 76
3243.5 59
3244.5 28
3245.5 29
3246.5 9
3247.5 56
3248.5 24
3249.5 5
3250.5 31
3251.5 3
3252.5 26
3253.5 29
3254.5 19
3255.5 42
3256.5 13
3257.5 34
3258.5 21
3259.5 24
3260.5 19
3261.5 8
3262.5 24
3263.5 -4
3264.5 3
3265.5 33
3266.5 0
3267.5 21
3268.5 21
3269.5 9
3270.5 11
3271.5 7
3272.5 15
3273.5 5
3274.5 17
3275.5 32
3276.5 -10
3277.5 21
3278.5 -12
3279.5 -8
3280.5 20
3281.5 21
3282.5 11
3283.5 14
3284.5 -8
3285.5 -3
3286.5 48
3287.5 0
3288.5 10
3289.5 13
3290.5 0
3291.5 17
3292.5 25
3293.5 20
3294.5 12
3295.5 38
3296.5 32
3297.5 17
3298.5 64
3299.5 16
3300.5 57
3301.5 -7
3302.5 37
3303.5 44
3304.5 25
3305.5 7
3306.5 -11
3307.5 24
3308.5 26
3309.5 22
3310.5 12
3311.5 -3
3312.5 19
3313.5 1
3314.5 -9
3315.5 39
3316.5 25
3317.5 18
3318.5 25
3319.5 -28
3320.5 38
3321.5 46
3322.5 24
3323.5 62
3324.5 17
3325.5 26
3326.5 25
3327.5 9
3328.5 19
3329.5 24
3330.5 -2
3331.5 47
3332.5 12
3333.5 47
3334.5 31
3335.5 14
3336.5 34
3337.5 55
3338.5 54
3339.5 27
3340.5 -26
3341.5 -45
3342.5 33
3343.5 12
3344.5 42
3345.5 22
3346.5 29
3347.5 17
3348.5 9
3349.5 5
3350.5 1
3351.5 17
3352.5 2
3353.5 40
3354.5 60
3355.5 15
3356.5 30
3357.5 16
3358.5 35
3359.5 38
3360.5 55
3361.5 54
3362.5 70
3363.5 32
3364.5 62
3365.5 11
3366.5 44
3367.5 -34
3368.5 39
3369.5 26
3370.5 47
3371.5 17
3372.5 43
3373.5 24
3374.5 25
3375.5 26
3376.5 5
3377.5 22
3378.5 25
3379.5 2
3380.5 32
3381.5 2
3382.5 13
3383.5 37
3384.5 30
3385.5 43
3386.5 12
3387.5 15
3388.5 31
3389.5 23
3390.5 24
3391.5 40
3392.5 15
3393.5 14
3394.5 -20
3395.5 -10
3396.5 -5
3397.5 26
3398.5 43
3399.5 -2
3400.5 16
3401.5 6
3402.5 3
3403.5 38
3404.5 13
3405.5 15
3406.5 8
3407.5 27
3408.5 41
3409.5 2
3410.5 11
3411.5 2
3412.5 19
3413.5 28
3414.5 33
3415.5 7
3416.5 8
3417.5 2
3418.5 12
3419.5 -7
3420.5 27
3421.5 12
3422.5 41
3423.5 32
3424.5 29
3425.5 55
3426.5 87
3427.5 71
3428.5 35
3429.5 23
3430.5 32
3431.5 35
3432.5 61
3433.5 44
3434.5 41
3435.5 25
3436.5 13
3437.5 37
3438.5 34
3439.5 22
3440.5 10
3441.5 16
3442.5 -5
3443.5 24
3444.5 23
3445.5 8
3446.5 -4
3447.5 -1
3448.5 -10
3449.5 31
3450.5 21
3451.5 56
3452.5 36
3453.5 39
3454.5 16
3455.5 15
3456.5 7
3457.5 21
3458.5 10
3459.5 29
3460.5 4
3461.5 13
3462.5 39
3463.5 20
3464.5 3
3465.5 27
3466.5 33
3467.5 29
3468.5 31
3469.5 8
3470.5 25
3471.5 46
3472.5 28
3473.5 10
3474.5 24
3475.5 21
3476.5 4
3477.5 53
3478.5 20
3479.5 11
3480.5 9
3481.5 45
3482.5 -1
3483.5 9
3484.5 25
3485.5 41
3486.5 26
3487.5 31
3488.5 20
3489.5 -4
3490.5 -15
3491.5 40
3492.5 15
3493.5 8
3494.5 11
3495.5 24
3496.5 -1
3497.5 32
3498.5 8
3499.5 42
3500.5 43
3501.5 2
3502.5 8
3503.5 14
3504.5 47
3505.5 -8
3506.5 51
3507.5 30
3508.5 4
3509.5 41
3510.5 26
3511.5 66
3512.5 82
3513.5 98
3514.5 77
3515.5 57
3516.5 82
3517.5 66
3518.5 42
3519.5 43
3520.5 69
3521.5 30
3522.5 38
3523.5 -6
3524.5 46
3525.5 28
3526.5 42
3527.5 6
3528.5 36
3529.5 16
3530.5 23
3531.5 13
3532.5 65
3533.5 15
3534.5 30
3535.5 -11
3536.5 13
3537.5 25
3538.5 32
3539.5 18
3540.5 21
3541.5 14
3542.5 12
3543.5 29
3544.5 9
3545.5 37
3546.5 56
3547.5 55
3548.5 -5
3549.5 35
3550.5 2
3551.5 18
3552.5 14
3553.5 21
3554.5 43
3555.5 29
3556.5 42
3557.5 43
3558.5 24
3559.5 7
3560.5 45
3561.5 20
3562.5 18
3563.5 32
3564.5 61
3565.5 78
3566.5 38
3567.5 52
3568.5 9
3569.5 39
3570.5 22
3571.5 19
3572.5 23
3573.5 26
3574.5 5
3575.5 13
3576.5 14
3577.5 28
3578.5 -2
3579.5 3
3580.5 -1
3581.5 11
3582.5 21
3583.5 20
3584.5 9
3585.5 52
3586.5 29
3587.5 2
3588.5 40
3589.5 4
3590.5 -5
3591.5 21
3592.5 45
3593.5 24
3594.5 34
3595.5 39
3596.5 63
3597.5 25
3598.5 49
3599.5 24
3600.5 -21
3601.5 10
3602.5 18
3603.5 33
3604.5 -5
3605.5 32
3606.5 -21
3607.5 35
3608.5 -5
3609.5 26
3610.5 -8
3611.5 28
3612.5 22
3613.5 23
3614.5 30
3615.5 14
3616.5 20
3617.5 43
3618.5 18
3619.5 1
3620.5 76
3621.5 73
3622.5 83
3623.5 7
3624.5 48
3625.5 50
3626.5 41
3627.5 19
3628.5 38
3629.5 9
3630.5 51
3631.5 46
3632.5 35
3633.5 44
3634.5 12
3635.5 16
3636.5 31
3637.5 26
3638.5 31
3639.5 42
3640.5 46
3641.5 44
3642.5 9
3643.5 21
3644.5 6
3645.5 37
3646.5 2
3647.5 29
3648.5 11
3649.5 22
3650.5 48
3651.5 8
3652.5 16
3653.5 7
3654.5 35
3655.5 30
3656.5 9
3657.5 33
3658.5 52
3659.5 52
3660.5 24
3661.5 -7
3662.5 37
3663.5 -9
3664.5 39
3665.5 26
3666.5 10
3667.5 17
3668.5 32
3669.5 40
3670.5 11
3671.5 34
3672.5 33
3673.5 20
3674.5 6
3675.5 22
3676.5 -11
3677.5 3
3678.5 2
3679.5 15
3680.5 10
3681.5 23
3682.5 17
3683.5 25
3684.5 -2
3685.5 21
3686.5 -9
3687.5 -3
3688.5 8
3689.5 14
3690.5 -12
3691.5 47
3692.5 13
3693.5 6
3694.5 22
3695.5 62
3696.5 53
3697.5 24
3698.5 30
3699.5 18
3700.5 18
3701.5 -2
3702.5 2
3703.5 22
3704.5 10
3705.5 1
3706.5 -11
3707.5 21
3708.5 55
3709.5 18
3710.5 67
3711.5 32
3712.5 49
3713.5 14
3714.5 31
3715.5 30
3716.5 37
3717.5 33
3718.5 17
3719.5 25
3720.5 52
3721.5 49
3722.5 36
3723.5 43
3724.5 71
3725.5 15
3726.5 44
3727.5 41
3728.5 43
3729.5 8
3730.5 45
3731.5 -18
3732.5 30
3733.5 4
3734.5 25
3735.5 23
3736.5 6
3737.5 32
3738.5 30
3739.5 1
3740.5 1
3741.5 -9
3742.5 2
3743.5 45
3744.5 1
3745.5 45
3746.5 -10
3747.5 58
3748.5 24
3749.5 29
3750.5 40
3751.5 21
3752.5 -1
3753.5 30
3754.5 1
3755.5 25
3756.5 18
3757.5 43
3758.5 33
3759.5 17
3760.5 20
3761.5 13
3762.5 8
3763.5 10
3764.5 -3
3765.5 11
3766.5 5
3767.5 55
3768.5 29
3769.5 34
3770.5 29
3771.5 24
3772.5 30
3773.5 18
3774.5 5
3775.5 13
3776.5 26
3777.5 45
3778.5 35
3779.5 42
3780.5 34
3781.5 44
3782.5 36
3783.5 25
3784.5 28
3785.5 28
3786.5 22
3787.5 22
3788.5 11
3789.5 25
3790.5 29
3791.5 46
3792.5 17
3793.5 12
3794.5 1
3795.5 13
3796.5 30
3797.5 -3
3798.5 15
3799.5 20
3800.5 19
3801.5 9
3802.5 18
3803.5 8
3804.5 53
3805.5 9
3806.5 29
3807.5 35
3808.5 47
3809.5 -29
3810.5 46
3811.5 14
3812.5 31
3813.5 4
3814.5 8
3815.5 31
3816.5 18
3817.5 33
3818.5 14
3819.5 -2
3820.5 15
3821.5 30
3822.5 29
3823.5 17
3824.5 18
3825.5 14
3826.5 27
3827.5 11
3828.5 25
3829.5 -1
3830.5 26
3831.5 3
3832.5 25
3833.5 9
3834.5 15
3835.5 0
3836.5 7
3837.5 39
3838.5 2
3839.5 18
3840.5 17
3841.5 -1
3842.5 19
3843.5 14
3844.5 -16
3845.5 26
3846.5 10
3847.5 -4
3848.5 6
3849.5 13
3850.5 14
3851.5 -2
3852.5 20
3853.5 28
3854.5 5
3855.5 19
3856.5 26
3857.5 12
3858.5 27
3859.5 26
3860.5 43
3861.5 10
3862.5 30
3863.5 1
3864.5 6
3865.5 47
3866.5 26
3867.5 44
3868.5 62
3869.5 62
3870.5 103
3871.5 74
3872.5 44
3873.5 16
3874.5 24
3875.5 22
3876.5 16
3877.5 31
3878.5 20
3879.5 -1
3880.5 59
3881.5 25
3882.5 42
3883.5 38
3884.5 10
3885.5 21
3886.5 -6
3887.5 -4
3888.5 13
3889.5 -10
3890.5 -27
3891.5 18
3892.5 -21
3893.5 9
3894.5 15
3895.5 10
3896.5 -1
3897.5 40
3898.5 30
3899.5 -3
3900.5 39
3901.5 33
3902.5 32
3903.5 60
3904.5 13
3905.5 37
3906.5 36
3907.5 19
3908.5 22
3909.5 20
3910.5 29
3911.5 31
3912.5 29
3913.5 0
3914.5 -10
3915.5 11
3916.5 19
3917.5 0
3918.5 19
3919.5 -20
3920.5 17
3921.5 15
3922.5 32
3923.5 27
3924.5 16
3925.5 19
3926.5 26
3927.5 -5
3928.5 7
3929.5 9
3930.5 10
3931.5 8
3932.5 26
3933.5 -5
3934.5 8
3935.5 29
3936.5 18
3937.5 34
3938.5 4
3939.5 31
3940.5 33
3941.5 41
3942.5 44
3943.5 80
3944.5 47
3945.5 57
3946.5 22
3947.5 46
3948.5 22
3949.5 41
3950.5 38
3951.5 -2
3952.5 9
3953.5 18
3954.5 5
3955.5 0
3956.5 33
3957.5 15
3958.5 11
3959.5 40
3960.5 23
3961.5 27
3962.5 21
3963.5 1
3964.5 9
3965.5 25
3966.5 27
3967.5 12
3968.5 24
3969.5 16
3970.5 6
3971.5 23
3972.5 9
3973.5 5
3974.5 4
3975.5 -31
3976.5 2
3977.5 -45
3978.5 -4
3979.5 8
3980.5 16
3981.5 18
3982.5 34
3983.5 4
3984.5 -10
3985.5 51
3986.5 -6
3987.5 10
3988.5 6
3989.5 32
3990.5 22
3991.5 16
3992.5 20
3993.5 1
3994.5 6
3995.5 2
3996.5 18
3997.5 12
3998.5 19
3999.5 11
4000.5 14
4001.5 2
4002.5 8
4003.5 22
4004.5 3
4005.5 2
4006.5 10
4007.5 7
4008.5 12
4009.5 37
4010.5 -2
4011.5 2
4012.5 13
4013.5 16
4014.5 16
4015.5 2
4016.5 29
4017.5 20
4018.5 14
4019.5 18
4020.5 31
4021.5 95
4022.5 131
4023.5 216
4024.5 340
4025.5 337
4026.5 283
4027.5 179
4028.5 136
4029.5 90
4030.5 115
4031.5 181
4032.5 143
4033.5 147
4034.5 132
4035.5 51
4036.5 49
4037.5 7
4038.5 34
4039.5 4
4040.5 19
4041.5 14
4042.5 5
4043.5 15
4044.5 -5
4045.5 26
4046.5 15
4047.5 21
4048.5 17
4049.5 12
4050.5 15
4051.5 38
4052.5 5
4053.5 0
4054.5 30
4055.5 0
4056.5 3
4057.5 1
4058.5 -19
4059.5 4
4060.5 3
4061.5 33
4062.5 2
4063.5 10
4064.5 11
4065.5 5
4066.5 2
4067.5 2
4068.5 17
4069.5 13
4070.5 -4
4071.5 2
4072.5 23
4073.5 27
4074.5 10
4075.5 -9
4076.5 15
4077.5 14
4078.5 22
4079.5 27
4080.5 -7
4081.5 -17
4082.5 -6
4083.5 7
4084.5 6
4085.5 0
4086.5 9
4087.5 -27
4088.5 -4
4089.5 -26
4090.5 -13
4091.5 0
4092.5 15
4093.5 -6
4094.5 21
4095.5 27
4096.5 15
4097.5 11
4098.5 14
4099.5 5
4100.5 25
4101.5 8
4102.5 33
4103.5 -5
4104.5 22
4105.5 18
4106.5 14
4107.5 15
4108.5 25
4109.5 20
4110.5 32
4111.5 -10
4112.5 2
4113.5 14
4114.5 -2
4115.5 21
4116.5 27
4117.5 33
4118.5 14
4119.5 -4
4120.5 21
4121.5 2
4122.5 8
4123.5 43
4124.5 36
4125.5 33
4126.5 22
4127.5 15
4128.5 22
4129.5 18
4130.5 14
4131.5 30
4132.5 35
4133.5 67
4134.5 45
4135.5 53
4136.5 75
4137.5 25
4138.5 26
4139.5 11
4140.5 -2
4141.5 6
4142.5 7
4143.5 16
4144.5 7
4145.5 8
4146.5 25
4147.5 44
4148.5 58
4149.5 33
4150.5 64
4151.5 53
4152.5 5
4153.5 9
4154.5 9
4155.5 26
4156.5 -8
4157.5 15
4158.5 16
4159.5 4
4160.5 -4
4161.5 -18
4162.5 39
4163.5 22
4164.5 16
4165.5 16
4166.5 4
4167.5 24
4168.5 13
4169.5 26
4170.5 32
4171.5 -9
4172.5 33
4173.5 -7
4174.5 16
4175.5 15
4176.5 13
4177.5 -7
4178.5 -4
4179.5 15
4180.5 23
4181.5 3
4182.5 11
4183.5 -1
4184.5 33
4185.5 9
4186.5 9
4187.5 3
4188.5 -6
4189.5 -13
4190.5 12
4191.5 15
4192.5 -15
4193.5 11
4194.5 5
4195.5 29
4196.5 27
4197.5 23
4198.5 10
4199.5 9
4200.5 32
4201.5 11
4202.5 -3
4203.5 16
4204.5 -1
4205.5 8
4206.5 19
4207.5 45
4208.5 12
4209.5 21
4210.5 18
4211.5 51
4212.5 6
4213.5 -13
4214.5 29
4215.5 0
4216.5 12
4217.5 11
4218.5 46
4219.5 13
4220.5 -3
4221.5 8
4222.5 23
4223.5 1
4224.5 33
4225.5 -3
4226.5 10
4227.5 3
4228.5 16
4229.5 26
4230.5 49
4231.5 54
4232.5 65
4233.5 69
4234.5 79
4235.5 98
4236.5 96
4237.5 53
4238.5 9
4239.5 31
4240.5 50
4241.5 26
4242.5 30
4243.5 18
4244.5 -14
4245.5 -1
4246.5 40
4247.5 10
4248.5 1
4249.5 -12
4250.5 -6
4251.5 -1
4252.5 7
4253.5 7
4254.5 38
4255.5 11
4256.5 9
4257.5 40
4258.5 9
4259.5 46
4260.5 19
4261.5 19
4262.5 24
4263.5 26
4264.5 28
4265.5 -4
4266.5 -5
4267.5 11
4268.5 19
4269.5 -8
4270.5 1
4271.5 -6
4272.5 -12
4273.5 13
4274.5 28
4275.5 7
4276.5 13
4277.5 11
4278.5 19
4279.5 3
4280.5 10
4281.5 -15
4282.5 9
4283.5 1
4284.5 41
4285.5 25
4286.5 6
4287.5 10
4288.5 6
4289.5 -2
4290.5 1
4291.5 12
4292.5 1
4293.5 2
4294.5 6
4295.5 -2
4296.5 1
4297.5 33
4298.5 7
4299.5 5
4300.5 43
4301.5 -24
4302.5 48
4303.5 35
4304.5 -5
4305.5 19
4306.5 2
4307.5 1
4308.5 -3
4309.5 4
4310.5 -3
4311.5 -5
4312.5 12
4313.5 -14
4314.5 12
4315.5 5
4316.5 -6
4317.5 -11
4318.5 33
4319.5 -23
4320.5 9
4321.5 16
4322.5 16
4323.5 14
4324.5 12
4325.5 8
4326.5 -11
4327.5 21
4328.5 8
4329.5 -3
4330.5 20
4331.5 -30
4332.5 27
4333.5 -7
4334.5 3
4335.5 4
4336.5 22
4337.5 2
4338.5 9
4339.5 -1
4340.5 3
4341.5 41
4342.5 15
4343.5 10
4344.5 8
4345.5 14
4346.5 -7
4347.5 21
4348.5 6
4349.5 1
4350.5 0
4351.5 9
4352.5 12
4353.5 14
4354.5 -12
4355.5 17
4356.5 2
4357.5 10
4358.5 -3
4359.5 4
4360.5 -13
4361.5 17
4362.5 -4
4363.5 11
4364.5 10
4365.5 -5
4366.5 -6
4367.5 -1
4368.5 8
4369.5 18
4370.5 8
4371.5 6
4372.5 16
4373.5 24
4374.5 -5
4375.5 28
4376.5 10
4377.5 14
4378.5 9
4379.5 3
4380.5 14
4381.5 18
4382.5 24
4383.5 24
4384.5 35
4385.5 12
4386.5 2
4387.5 -2
4388.5 36
4389.5 26
4390.5 33
4391.5 61
4392.5 40
4393.5 56
4394.5 96
4395.5 60
4396.5 43
4397.5 19
4398.5 14
4399.5 22
4400.5 6
4401.5 28
4402.5 10
4403.5 11
4404.5 5
4405.5 2
4406.5 -5
4407.5 -3
4408.5 2
4409.5 -10
4410.5 -3
4411.5 11
4412.5 -21
4413.5 9
4414.5 -4
4415.5 11
4416.5 12
4417.5 -10
4418.5 28
4419.5 2
4420.5 -5
4421.5 -1
4422.5 -11
4423.5 4
4424.5 17
4425.5 11
4426.5 23
4427.5 6
4428.5 16
4429.5 5
4430.5 6
4431.5 9
4432.5 10
4433.5 -10
4434.5 -7
4435.5 29
4436.5 9
4437.5 -3
4438.5 -1
4439.5 11
4440.5 -10
4441.5 4
4442.5 -5
4443.5 40
4444.5 3
4445.5 2
4446.5 7
4447.5 34
4448.5 -13
4449.5 31
4450.5 11
4451.5 10
4452.5 2
4453.5 10
4454.5 27
4455.5 42
4456.5 100
4457.5 53
4458.5 34
4459.5 26
4460.5 11
4461.5 8
4462.5 27
4463.5 13
4464.5 1
4465.5 8
4466.5 24
4467.5 8
4468.5 17
4469.5 26
4470.5 9
4471.5 34
4472.5 8
4473.5 3
4474.5 17
4475.5 -10
4476.5 4
4477.5 3
4478.5 20
4479.5 14
4480.5 9
4481.5 6
4482.5 -1
4483.5 30
4484.5 15
4485.5 2
4486.5 0
4487.5 5
4488.5 19
4489.5 13
4490.5 24
4491.5 11
4492.5 6
4493.5 13
4494.5 23
4495.5 28
4496.5 15
4497.5 38
4498.5 5
4499.5 15
4500.5 10
4501.5 21
4502.5 8
4503.5 21
4504.5 -1
4505.5 -3
4506.5 4
4507.5 12
4508.5 -5
4509.5 8
4510.5 5
4511.5 5
4512.5 12
4513.5 2
4514.5 18
4515.5 7
4516.5 14
4517.5 29
4518.5 14
4519.5 -4
4520.5 8
4521.5 16
4522.5 -4
4523.5 12
4524.5 20
4525.5 24
4526.5 11
4527.5 -11
4528.5 17
4529.5 -4
4530.5 41
4531.5 16
4532.5 2
4533.5 8
4534.5 10
4535.5 18
4536.5 2
4537.5 24
4538.5 11
4539.5 7
4540.5 15
4541.5 2
4542.5 15
4543.5 18
4544.5 7
4545.5 18
4546.5 -6
4547.5 7
4548.5 20
4549.5 8
4550.5 -25
4551.5 -4
4552.5 4
4553.5 3
4554.5 15
4555.5 20
4556.5 14
4557.5 26
4558.5 1
4559.5 -17
4560.5 33
4561.5 -2
4562.5 11
4563.5 21
4564.5 0
4565.5 14
4566.5 4
4567.5 -2
4568.5 3
4569.5 -1
4570.5 26
4571.5 -2
4572.5 10
4573.5 14
4574.5 21
4575.5 6
4576.5 22
4577.5 30
4578.5 7
4579.5 10
4580.5 21
4581.5 26
4582.5 9
4583.5 23
4584.5 23
4585.5 19
4586.5 1
4587.5 17
4588.5 3
4589.5 4
4590.5 22
4591.5 18
4592.5 7
4593.5 16
4594.5 18
4595.5 -3
4596.5 -15
4597.5 -84
4598.5 -25
4599.5 -70
4600.5 -18
4601.5 -7
4602.5 -1
4603.5 -5
4604.5 12
4605.5 -10
4606.5 -24
4607.5 4
4608.5 8
4609.5 -4
4610.5 19
4611.5 4
4612.5 13
4613.5 3
4614.5 6
4615.5 13
4616.5 42
4617.5 31
4618.5 17
4619.5 1
4620.5 -25
4621.5 -7
4622.5 28
4623.5 13
4624.5 -16
4625.5 -8
4626.5 -28
4627.5 7
4628.5 -11
4629.5 -2
4630.5 1
4631.5 18
4632.5 9
4633.5 15
4634.5 12
4635.5 12
4636.5 40
4637.5 71
4638.5 73
4639.5 73
4640.5 54
4641.5 44
4642.5 53
4643.5 92
4644.5 110
4645.5 166
4646.5 138
4647.5 139
4648.5 83
4649.5 65
4650.5 80
4651.5 34
4652.5 8
4653.5 -3
4654.5 20
4655.5 10
4656.5 24
4657.5 15
4658.5 7
4659.5 10
4660.5 17
4661.5 26
4662.5 8
4663.5 -5
4664.5 9
4665.5 -4
4666.5 30
4667.5 7
4668.5 13
4669.5 22
4670.5 15
4671.5 6
4672.5 -13
4673.5 14
4674.5 17
4675.5 -7
4676.5 3
4677.5 15
4678.5 3
4679.5 6
4680.5 20
4681.5 20
4682.5 9
4683.5 3
4684.5 17
4685.5 2
4686.5 -6
4687.5 -11
4688.5 -6
4689.5 -21
4690.5 4
4691.5 0
4692.5 2
4693.5 15
4694.5 21
4695.5 8
4696.5 21
4697.5 0
4698.5 5
4699.5 8
4700.5 -1
4701.5 4
4702.5 8
4703.5 12
4704.5 0
4705.5 -9
4706.5 7
4707.5 7
4708.5 7
4709.5 2
4710.5 2
4711.5 19
4712.5 4
4713.5 9
4714.5 38
4715.5 14
4716.5 36
4717.5 2
4718.5 10
4719.5 21
4720.5 12
4721.5 -5
4722.5 19
4723.5 1
4724.5 13
4725.5 -1
4726.5 26
4727.5 -7
4728.5 9
4729.5 -5
4730.5 12
4731.5 3
4732.5 13
4733.5 8
4734.5 19
4735.5 12
4736.5 23
4737.5 19
4738.5 16
4739.5 6
4740.5 10
4741.5 -15
4742.5 -1
4743.5 -14
4744.5 0
4745.5 -10
4746.5 6
4747.5 16
4748.5 17
4749.5 -9
4750.5 12
4751.5 8
4752.5 -17
4753.5 -12
4754.5 -7
4755.5 13
4756.5 13
4757.5 16
4758.5 -8
4759.5 2
4760.5 -21
4761.5 13
4762.5 10
4763.5 2
4764.5 12
4765.5 -2
4766.5 -3
4767.5 3
4768.5 21
4769.5 26
4770.5 7
4771.5 -7
4772.5 12
4773.5 6
4774.5 -10
4775.5 17
4776.5 7
4777.5 6
4778.5 24
4779.5 -5
4780.5 16
4781.5 -14
4782.5 7
4783.5 14
4784.5 17
4785.5 5
4786.5 4
4787.5 4
4788.5 9
4789.5 -19
4790.5 0
4791.5 15
4792.5 26
4793.5 13
4794.5 21
4795.5 -2
4796.5 11
4797.5 0
4798.5 4
4799.5 -8
4800.5 10
4801.5 -1
4802.5 4
4803.5 6
4804.5 10
4805.5 -5
4806.5 20
4807.5 10
4808.5 16
4809.5 9
4810.5 5
4811.5 25
4812.5 6
4813.5 6
4814.5 8
4815.5 7
4816.5 4
4817.5 -7
4818.5 15
4819.5 8
4820.5 18
4821.5 14
4822.5 4
4823.5 18
4824.5 28
4825.5 -2
4826.5 -9
4827.5 10
4828.5 18
4829.5 3
4830.5 -4
4831.5 11
4832.5 20
4833.5 13
4834.5 15
4835.5 3
4836.5 1
4837.5 19
4838.5 8
4839.5 -13
4840.5 5
4841.5 -11
4842.5 8
4843.5 -4
4844.5 -6
4845.5 31
4846.5 21
4847.5 -11
4848.5 8
4849.5 15
4850.5 -8
4851.5 -19
4852.5 -1
4853.5 12
4854.5 -15
4855.5 1
4856.5 15
4857.5 6
4858.5 5
4859.5 30
4860.5 16
4861.5 13
4862.5 8
4863.5 4
4864.5 2
4865.5 22
4866.5 10
4867.5 1
4868.5 -7
4869.5 -5
4870.5 3
4871.5 21
4872.5 16
4873.5 8
4874.5 -5
4875.5 11
4876.5 3
4877.5 27
4878.5 2
4879.5 10
4880.5 34
4881.5 2
4882.5 16
4883.5 34
4884.5 58
4885.5 41
4886.5 37
4887.5 35
4888.5 3
4889.5 34
4890.5 18
4891.5 3
4892.5 6
4893.5 6
4894.5 23
4895.5 26
4896.5 20
4897.5 50
4898.5 39
4899.5 50
4900.5 68
4901.5 76
4902.5 112
4903.5 124
4904.5 156
4905.5 191
4906.5 109
4907.5 75
4908.5 54
4909.5 44
4910.5 10
4911.5 28
4912.5 14
4913.5 7
4914.5 -3
4915.5 -4
4916.5 14
4917.5 -51
4918.5 -26
4919.5 -38
4920.5 -27
4921.5 7
4922.5 -2
4923.5 18
4924.5 24
4925.5 15
4926.5 7
4927.5 -2
4928.5 -5
4929.5 10
4930.5 -4
4931.5 7
4932.5 13
4933.5 -22
4934.5 11
4935.5 9
4936.5 26
4937.5 -9
4938.5 8
4939.5 4
4940.5 4
4941.5 -7
4942.5 -1
4943.5 22
4944.5 24
4945.5 9
4946.5 26
4947.5 22
4948.5 14
4949.5 5
4950.5 10
4951.5 1
4952.5 9
4953.5 24
4954.5 6
4955.5 9
4956.5 -2
4957.5 -5
4958.5 -3
4959.5 16
4960.5 0
4961.5 19
4962.5 3
4963.5 15
4964.5 5
4965.5 -22
4966.5 0
4967.5 16
4968.5 6
4969.5 10
4970.5 9
4971.5 8
4972.5 24
4973.5 13
4974.5 -11
4975.5 13
4976.5 23
4977.5 -1
4978.5 11
4979.5 3
4980.5 6
4981.5 -16
4982.5 20
4983.5 -19
4984.5 8
4985.5 22
4986.5 7
4987.5 11
4988.5 28
4989.5 2
4990.5 1
4991.5 21
4992.5 10
4993.5 -1
4994.5 -8
4995.5 8
4996.5 23
4997.5 -10
4998.5 -3
4999.5 7
5000.5 13
5001.5 8
5002.5 3
5003.5 27
5004.5 11
5005.5 -4
5006.5 9
5007.5 -21
5008.5 2
5009.5 0
5010.5 22
5011.5 18
5012.5 15
5013.5 15
5014.5 -6
5015.5 11
5016.5 8
5017.5 5
5018.5 -19
5019.5 13
5020.5 25
5021.5 -1
5022.5 -2
5023.5 4
5024.5 12
5025.5 2
5026.5 1
5027.5 -10
5028.5 -6
5029.5 16
5030.5 5
5031.5 4
5032.5 1
5033.5 -3
5034.5 -5
5035.5 -15
5036.5 -22
5037.5 -16
5038.5 13
5039.5 4
5040.5 -3
5041.5 21
5042.5 8
5043.5 16
5044.5 3
5045.5 19
5046.5 11
5047.5 3
5048.5 -10
5049.5 15
5050.5 9
5051.5 25
5052.5 -4
5053.5 10
5054.5 -14
5055.5 -6
5056.5 15
5057.5 7
5058.5 13
5059.5 -14
5060.5 1
5061.5 11
5062.5 -3
5063.5 -6
5064.5 22
5065.5 -4
5066.5 7
5067.5 -1
5068.5 20
5069.5 -14
5070.5 -2
5071.5 3
5072.5 13
5073.5 12
5074.5 14
5075.5 13
5076.5 -7
5077.5 5
5078.5 24
5079.5 6
5080.5 1
5081.5 8
5082.5 13
5083.5 13
5084.5 5
5085.5 13
5086.5 13
5087.5 14
5088.5 -30
5089.5 -13
5090.5 31
5091.5 21
5092.5 9
5093.5 5
5094.5 26
5095.5 0
5096.5 14
5097.5 -3
5098.5 5
5099.5 5
5100.5 -9
5101.5 16
5102.5 17
5103.5 2
5104.5 0
5105.5 -8
5106.5 -11
5107.5 -17
5108.5 7
5109.5 8
5110.5 8
5111.5 -11
5112.5 10
5113.5 18
5114.5 18
5115.5 -4
5116.5 9
5117.5 23
5118.5 11
5119.5 23
5120.5 23
5121.5 14
5122.5 19
5123.5 12
5124.5 25
5125.5 -29
5126.5 -2
5127.5 -3
5128.5 21
5129.5 19
5130.5 11
5131.5 -3
5132.5 -2
5133.5 14
5134.5 5
5135.5 13
5136.5 0
5137.5 -5
5138.5 10
5139.5 0
5140.5 10
5141.5 3
5142.5 5
5143.5 0
5144.5 1
5145.5 18
5146.5 14
5147.5 39
5148.5 33
5149.5 28
5150.5 49
5151.5 41
5152.5 34
5153.5 55
5154.5 40
5155.5 38
5156.5 44
5157.5 60
5158.5 63
5159.5 81
5160.5 72
5161.5 58
5162.5 65
5163.5 11
5164.5 14
5165.5 14
5166.5 7
5167.5 6
5168.5 13
5169.5 7
5170.5 7
5171.5 6
5172.5 10
5173.5 7
5174.5 16
5175.5 19
5176.5 5
5177.5 8
5178.5 0
5179.5 13
5180.5 4
5181.5 31
5182.5 4
5183.5 13
5184.5 -1
5185.5 7
5186.5 12
5187.5 15
5188.5 -23
5189.5 5
5190.5 3
5191.5 6
5192.5 17
5193.5 26
5194.5 15
5195.5 11
5196.5 -7
5197.5 27
5198.5 18
5199.5 5
5200.5 10
5201.5 5
5202.5 13
5203.5 9
5204.5 18
5205.5 23
5206.5 8
5207.5 -12
5208.5 -11
5209.5 7
5210.5 18
5211.5 9
5212.5 16
5213.5 6
5214.5 3
5215.5 2
5216.5 3
5217.5 -6
5218.5 16
5219.5 24
5220.5 -1
5221.5 -12
5222.5 -9
5223.5 1
5224.5 0
5225.5 17
5226.5 9
5227.5 26
5228.5 -9
5229.5 6
5230.5 -6
5231.5 1
5232.5 -21
5233.5 -9
5234.5 25
5235.5 5
5236.5 13
5237.5 -4
5238.5 -2
5239.5 24
5240.5 28
5241.5 6
5242.5 8
5243.5 2
5244.5 11
5245.5 -1
5246.5 18
5247.5 6
5248.5 14
5249.5 7
5250.5 4
5251.5 12
5252.5 22
5253.5 8
5254.5 4
5255.5 0
5256.5 -1
5257.5 -14
5258.5 28
5259.5 7
5260.5 19
5261.5 -25
5262.5 19
5263.5 33
5264.5 14
5265.5 -10
5266.5 4
5267.5 7
5268.5 10
5269.5 -1
5270.5 -15
5271.5 -5
5272.5 -8
5273.5 11
5274.5 12
5275.5 17
5276.5 23
5277.5 2
5278.5 4
5279.5 2
5280.5 3
5281.5 1
5282.5 18
5283.5 -7
5284.5 8
5285.5 13
5286.5 39
5287.5 15
5288.5 12
5289.5 25
5290.5 3
5291.5 13
5292.5 18
5293.5 1
5294.5 14
5295.5 4
5296.5 16
5297.5 7
5298.5 19
5299.5 3
5300.5 2
5301.5 14
5302.5 -8
5303.5 9
5304.5 33
5305.5 7
5306.5 -2
5307.5 8
5308.5 15
5309.5 32
5310.5 13
5311.5 27
5312.5 11
5313.5 12
5314.5 11
5315.5 -11
5316.5 -1
5317.5 4
5318.5 6
5319.5 15
5320.5 11
5321.5 3
5322.5 5
5323.5 4
5324.5 9
5325.5 0
5326.5 28
5327.5 9
5328.5 5
5329.5 18
5330.5 13
5331.5 14
5332.5 19
5333.5 6
5334.5 10
5335.5 15
5336.5 10
5337.5 7
5338.5 11
5339.5 8
5340.5 15
5341.5 -3
5342.5 0
5343.5 12
5344.5 -1
5345.5 -9
5346.5 9
5347.5 -6
5348.5 22
5349.5 26
5350.5 -2
5351.5 -6
5352.5 0
5353.5 -29
5354.5 10
5355.5 -4
5356.5 -35
5357.5 24
5358.5 -28
5359.5 -4
5360.5 13
5361.5 5
5362.5 18
5363.5 10
5364.5 5
5365.5 24
5366.5 16
5367.5 8
5368.5 2
5369.5 3
5370.5 8
5371.5 15
5372.5 11
5373.5 14
5374.5 13
5375.5 13
5376.5 17
5377.5 8
5378.5 14
5379.5 9
5380.5 7
5381.5 4
5382.5 11
5383.5 10
5384.5 3
5385.5 2
5386.5 -9
5387.5 20
5388.5 10
5389.5 8
5390.5 7
5391.5 14
5392.5 35
5393.5 24
5394.5 5
5395.5 9
5396.5 36
5397.5 83
5398.5 -3
5399.5 51
5400.5 65
5401.5 18
5402.5 10
5403.5 12
5404.5 7
5405.5 16
5406.5 16
5407.5 15
5408.5 0
5409.5 14
5410.5 -5
5411.5 4
5412.5 10
5413.5 10
5414.5 0
5415.5 -11
5416.5 22
5417.5 13
5418.5 4
5419.5 21
5420.5 3
5421.5 5
5422.5 10
5423.5 -1
5424.5 -16
5425.5 7
5426.5 5
5427.5 9
5428.5 15
5429.5 15
5430.5 8
5431.5 21
5432.5 12
5433.5 9
5434.5 18
5435.5 12
5436.5 2
5437.5 6
5438.5 -1
5439.5 14
5440.5 4
5441.5 18
5442.5 -2
5443.5 -11
5444.5 18
5445.5 3
5446.5 8
5447.5 5
5448.5 14
5449.5 10
5450.5 17
5451.5 -3
5452.5 14
5453.5 -1
5454.5 12
5455.5 10
5456.5 10
5457.5 -4
5458.5 13
5459.5 -5
5460.5 12
5461.5 -3
5462.5 16
5463.5 9
5464.5 4
5465.5 8
5466.5 11
5467.5 6
5468.5 4
5469.5 2
5470.5 31
5471.5 -2
5472.5 2
5473.5 3
5474.5 22
5475.5 12
5476.5 -3
5477.5 -6
5478.5 18
5479.5 5
5480.5 1
5481.5 2
5482.5 4
5483.5 16
5484.5 4
5485.5 14
5486.5 12
5487.5 11
5488.5 30
5489.5 13
5490.5 21
5491.5 6
5492.5 -14
5493.5 -9
5494.5 7
5495.5 13
5496.5 5
5497.5 22
5498.5 2
5499.5 19
5500.5 8
5501.5 11
5502.5 -9
5503.5 24
5504.5 4
5505.5 15
5506.5 14
5507.5 -2
5508.5 6
5509.5 1
5510.5 10
5511.5 10
5512.5 6
5513.5 -2
5514.5 -1
5515.5 0
5516.5 12
5517.5 4
5518.5 7
5519.5 -10
5520.5 15
5521.5 4
5522.5 17
5523.5 10
5524.5 28
5525.5 19
5526.5 -4
5527.5 10
5528.5 7
5529.5 -1
5530.5 6
5531.5 12
5532.5 13
5533.5 9
5534.5 23
5535.5 -1
5536.5 17
5537.5 2
5538.5 4
5539.5 -3
5540.5 -13
5541.5 4
5542.5 2
5543.5 0
5544.5 0
5545.5 7
5546.5 27
5547.5 9
5548.5 11
5549.5 14
5550.5 2
5551.5 10
5552.5 17
5553.5 -7
5554.5 13
5555.5 7
5556.5 14
5557.5 6
5558.5 1
5559.5 1
5560.5 9
5561.5 14
5562.5 12
5563.5 9
5564.5 10
5565.5 0
5566.5 12
5567.5 5
5568.5 15
5569.5 1
5570.5 -4
5571.5 9
5572.5 10
5573.5 -3
5574.5 14
5575.5 -2
5576.5 7
5577.5 2
5578.5 15
5579.5 12
5580.5 -15
5581.5 1
5582.5 6
5583.5 -8
5584.5 11
5585.5 -9
5586.5 -3
5587.5 12
5588.5 13
5589.5 13
5590.5 6
5591.5 12
5592.5 0
5593.5 -2
5594.5 -4
5595.5 6
5596.5 -8
5597.5 14
5598.5 -7
5599.5 11
5600.5 -6
5601.5 -11
5602.5 4
5603.5 9
5604.5 -2
5605.5 -3
5606.5 6
5607.5 11
5608.5 14
5609.5 14
5610.5 6
5611.5 -2
5612.5 1
5613.5 6
5614.5 4
5615.5 -4
5616.5 -12
5617.5 10
5618.5 -2
5619.5 -7
5620.5 7
5621.5 3
5622.5 4
5623.5 6
5624.5 -3
5625.5 3
5626.5 -2
5627.5 12
5628.5 -1
5629.5 16
5630.5 1
5631.5 -1
5632.5 -7
5633.5 7
5634.5 11
5635.5 -5
5636.5 9
5637.5 -14
5638.5 8
5639.5 0
5640.5 -6
5641.5 4
5642.5 -10
5643.5 -4
5644.5 -1
5645.5 12
5646.5 6
5647.5 8
5648.5 13
5649.5 0
5650.5 4
5651.5 2
5652.5 16
5653.5 1
5654.5 6
5655.5 17
5656.5 14
5657.5 20
5658.5 31
5659.5 22
5660.5 57
5661.5 78
5662.5 75
5663.5 78
5664.5 124
5665.5 96
5666.5 88
5667.5 86
5668.5 89
5669.5 187
5670.5 189
5671.5 219
5672.5 250
5673.5 184
5674.5 136
5675.5 68
5676.5 9
5677.5 19
5678.5 5
5679.5 -3
5680.5 1
5681.5 2
5682.5 11
5683.5 9
5684.5 -5
5685.5 2
5686.5 1
5687.5 -8
5688.5 0
5689.5 5
5690.5 -5
5691.5 5
5692.5 6
5693.5 2
5694.5 26
5695.5 -1
5696.5 -1
5697.5 -3
5698.5 5
5699.5 5
5700.5 0
5701.5 9
5702.5 5
5703.5 -6
5704.5 1
5705.5 -10
5706.5 2
5707.5 -1
5708.5 -4
5709.5 4
5710.5 16
5711.5 4
5712.5 18
5713.5 -7
5714.5 -11
5715.5 2
5716.5 7
5717.5 0
5718.5 3
5719.5 -3
5720.5 12
5721.5 2
5722.5 0
5723.5 5
5724.5 3
5725.5 13
5726.5 8
5727.5 1
5728.5 -5
5729.5 -11
5730.5 2
5731.5 6
5732.5 -12
5733.5 10
5734.5 5
5735.5 5
5736.5 4
5737.5 5
5738.5 9
5739.5 4
5740.5 4
5741.5 2
5742.5 0
5743.5 5
5744.5 -2
5745.5 4
5746.5 -12
5747.5 -1
5748.5 2
5749.5 4
5750.5 -1
5751.5 -5
5752.5 25
5753.5 6
5754.5 7
5755.5 -17
5756.5 0
5757.5 -9
5758.5 2
5759.5 2
5760.5 -8
5761.5 -1
5762.5 1
5763.5 4
5764.5 5
5765.5 -2
5766.5 -5
5767.5 9
5768.5 10
5769.5 6
5770.5 8
5771.5 4
5772.5 5
5773.5 8
5774.5 -4
5775.5 11
5776.5 -3
5777.5 1
5778.5 10
5779.5 -1
5780.5 -1
5781.5 7
5782.5 4
5783.5 -9
5784.5 -7
5785.5 -9
5786.5 -7
5787.5 -14
5788.5 -2
5789.5 12
5790.5 12
5791.5 -8
5792.5 5
5793.5 2
5794.5 -2
5795.5 2
5796.5 4
5797.5 -6
5798.5 3
5799.5 4
5800.5 12
5801.5 -5
5802.5 6
5803.5 -12
5804.5 -5
5805.5 6
5806.5 3
5807.5 -1
5808.5 -9
5809.5 13
5810.5 1
5811.5 19
5812.5 -19
5813.5 -5
5814.5 11
5815.5 -4
5816.5 17
5817.5 -1
5818.5 17
5819.5 6
5820.5 -14
5821.5 13
5822.5 13
5823.5 4
5824.5 5
5825.5 4
5826.5 15
5827.5 11
5828.5 3
5829.5 4
5830.5 10
5831.5 16
5832.5 8
5833.5 -5
5834.5 9
5835.5 -4
5836.5 -4
5837.5 18
5838.5 10
5839.5 1
5840.5 15
5841.5 -11
5842.5 -6
5843.5 2
5844.5 -8
5845.5 -15
5846.5 7
5847.5 1
5848.5 -3
5849.5 -2
5850.5 2
5851.5 1
5852.5 10
5853.5 -2
5854.5 8
5855.5 6
5856.5 -8
5857.5 5
5858.5 -1
5859.5 6
5860.5 7
5861.5 3
5862.5 -2
5863.5 8
5864.5 -1
5865.5 4
5866.5 3
5867.5 3
5868.5 7
5869.5 2
5870.5 3
5871.5 3
5872.5 7
5873.5 6
5874.5 7
5875.5 1
5876.5 15
5877.5 7
5878.5 11
5879.5 1
5880.5 14
5881.5 6
5882.5 6
5883.5 10
5884.5 -8
5885.5 -2
5886.5 -4
5887.5 -7
5888.5 -7
5889.5 -1
5890.5 0
5891.5 -11
5892.5 6
5893.5 4
5894.5 16
5895.5 -14
5896.5 17
5897.5 2
5898.5 15
5899.5 -20
5900.5 6
5901.5 16
5902.5 14
5903.5 -8
5904.5 -3
5905.5 -6
5906.5 14
5907.5 2
5908.5 10
5909.5 -7
5910.5 -14
5911.5 0
5912.5 -3
5913.5 9
5914.5 -1
5915.5 -5
5916.5 -3
5917.5 13
5918.5 0
5919.5 -3
5920.5 6
5921.5 15
5922.5 -2
5923.5 -4
5924.5 4
5925.5 4
5926.5 -2
5927.5 -11
5928.5 3
5929.5 11
5930.5 16
5931.5 4
5932.5 9
5933.5 0
5934.5 -1
5935.5 5
5936.5 12
5937.5 6
5938.5 5
5939.5 -13
5940.5 10
5941.5 -6
5942.5 5
5943.5 -4
5944.5 9
5945.5 5
5946.5 7
5947.5 12
5948.5 3
5949.5 -6
5950.5 3
5951.5 1
5952.5 9
5953.5 -4
5954.5 2
5955.5 -8
5956.5 0
5957.5 2
5958.5 6
5959.5 1
5960.5 10
5961.5 4
5962.5 8
5963.5 -7
5964.5 15
5965.5 -2
5966.5 3
5967.5 15
5968.5 -13
5969.5 12
5970.5 -5
5971.5 -9
5972.5 -11
5973.5 3
5974.5 -3
5975.5 4
5976.5 11
5977.5 9
5978.5 0
5979.5 2
5980.5 11
5981.5 4
5982.5 1
5983.5 -1
5984.5 -4
5985.5 -4
5986.5 -5
5987.5 1
5988.5 5
5989.5 1
5990.5 -1
5991.5 -6
5992.5 1
5993.5 15
5994.5 3
5995.5 -9
5996.5 -6
5997.5 -12
5998.5 18
5999.5 7
6000.5 2
6001.5 29
6002.5 19
6003.5 3
6004.5 -13
6005.5 4
6006.5 -1
6007.5 -8
6008.5 1
6009.5 0
6010.5 10
6011.5 -9
6012.5 1
6013.5 2
6014.5 3
6015.5 1
6016.5 3
6017.5 8
6018.5 10
6019.5 5
6020.5 7
6021.5 13
6022.5 -4
6023.5 1
6024.5 10
6025.5 5
6026.5 14
6027.5 7
6028.5 4
6029.5 12
6030.5 11
6031.5 14
6032.5 31
6033.5 26
6034.5 42
6035.5 23
6036.5 9
6037.5 -1
6038.5 -4
6039.5 13
6040.5 7
6041.5 16
6042.5 6
6043.5 -5
6044.5 -2
6045.5 -1
6046.5 -1
6047.5 -7
6048.5 -5
6049.5 10
6050.5 9
6051.5 6
6052.5 7
6053.5 6
6054.5 4
6055.5 2
6056.5 8
6057.5 12
6058.5 3
6059.5 -4
6060.5 3
6061.5 4
6062.5 9
6063.5 -1
6064.5 13
6065.5 5
6066.5 3
6067.5 -7
6068.5 -8
6069.5 3
6070.5 -3
6071.5 5
6072.5 5
6073.5 1
6074.5 -13
6075.5 -1
6076.5 2
6077.5 6
6078.5 -1
6079.5 1
6080.5 -8
6081.5 -5
6082.5 4
6083.5 1
6084.5 -1
6085.5 0
6086.5 2
6087.5 12
6088.5 9
6089.5 -3
6090.5 3
6091.5 5
6092.5 3
6093.5 4
6094.5 19
6095.5 -6
6096.5 4
6097.5 10
6098.5 -12
6099.5 1
6100.5 6
6101.5 -3
6102.5 19
6103.5 13
6104.5 36
6105.5 10
6106.5 -3
6107.5 -3
6108.5 -5
6109.5 -3
6110.5 25
6111.5 5
6112.5 -3
6113.5 10
6114.5 -11
6115.5 8
6116.5 1
6117.5 5
6118.5 1
6119.5 18
6120.5 15
6121.5 -1
6122.5 13
6123.5 -6
6124.5 8
6125.5 -12
6126.5 5
6127.5 13
6128.5 9
6129.5 9
6130.5 11
6131.5 -1
6132.5 -4
6133.5 1
6134.5 2
6135.5 10
6136.5 1
6137.5 -1
6138.5 8
6139.5 16
6140.5 -4
6141.5 4
6142.5 -4
6143.5 14
6144.5 9
6145.5 3
6146.5 2
6147.5 -15
6148.5 13
6149.5 13
6150.5 0
6151.5 6
6152.5 5
6153.5 1
6154.5 10
6155.5 -5
6156.5 5
6157.5 -8
6158.5 -3
6159.5 -7
6160.5 2
6161.5 2
6162.5 4
6163.5 -9
6164.5 1
6165.5 -1
6166.5 9
6167.5 -6
6168.5 2
6169.5 5
6170.5 -1
6171.5 2
6172.5 -4
6173.5 -3
6174.5 1
6175.5 0
6176.5 -4
6177.5 -6
6178.5 -2
6179.5 2
6180.5 6
6181.5 -6
6182.5 0
6183.5 3
6184.5 5
6185.5 13
6186.5 -2
6187.5 -5
6188.5 6
6189.5 -5
6190.5 -20
6191.5 -10
6192.5 4
6193.5 6
6194.5 0
6195.5 4
6196.5 5
6197.5 2
6198.5 0
6199.5 3
6200.5 -3
6201.5 6
6202.5 8
6203.5 3
6204.5 -1
6205.5 10
6206.5 -1
6207.5 5
6208.5 10
6209.5 1
6210.5 2
6211.5 -15
6212.5 -6
6213.5 3
6214.5 9
6215.5 6
6216.5 2
6217.5 8
6218.5 -4
6219.5 -1
6220.5 9
6221.5 -1
6222.5 6
6223.5 4
6224.5 1
6225.5 11
6226.5 14
6227.5 -1
6228.5 2
6229.5 -16
6230.5 12
6231.5 8
6232.5 0
6233.5 -6
6234.5 -3
6235.5 6
6236.5 -1
6237.5 4
6238.5 0
6239.5 -16
6240.5 7
6241.5 2
6242.5 7
6243.5 13
6244.5 1
6245.5 -1
6246.5 -9
6247.5 3
6248.5 5
6249.5 1
6250.5 0
6251.5 1
6252.5 2
6253.5 7
6254.5 6
6255.5 10
6256.5 8
6257.5 12
6258.5 16
6259.5 6
6260.5 6
6261.5 5
6262.5 3
6263.5 8
6264.5 0
6265.5 2
6266.5 3
6267.5 8
6268.5 -4
6269.5 5
6270.5 1
6271.5 10
6272.5 -2
6273.5 10
6274.5 -1
6275.5 18
6276.5 12
6277.5 3
6278.5 14
6279.5 12
6280.5 0
6281.5 6
6282.5 11
6283.5 3
6284.5 3
6285.5 3
6286.5 4
6287.5 13
6288.5 9
6289.5 5
6290.5 4
6291.5 -2
6292.5 4
6293.5 13
6294.5 -2
6295.5 6
6296.5 4
6297.5 1
6298.5 -7
6299.5 -2
6300.5 -1
6301.5 2
6302.5 0
6303.5 5
6304.5 3
6305.5 3
6306.5 5
6307.5 6
6308.5 2
6309.5 -1
6310.5 2
6311.5 5
6312.5 5
6313.5 8
6314.5 12
6315.5 3
6316.5 8
6317.5 -4
6318.5 5
6319.5 1
6320.5 -5
6321.5 5
6322.5 -5
6323.5 -15
6324.5 10
6325.5 -7
6326.5 10
6327.5 8
6328.5 19
6329.5 -12
6330.5 -12
6331.5 7
6332.5 -5
6333.5 12
6334.5 0
6335.5 -2
6336.5 -13
6337.5 1
6338.5 9
6339.5 13
6340.5 -1
6341.5 0
6342.5 0
6343.5 -3
6344.5 7
6345.5 -3
6346.5 -4
6347.5 3
6348.5 5
6349.5 5
6350.5 -13
6351.5 -12
6352.5 5
6353.5 5
6354.5 -6
6355.5 1
6356.5 7
6357.5 7
6358.5 -1
6359.5 3
6360.5 1
6361.5 -4
6362.5 1
6363.5 12
6364.5 -3
6365.5 6
6366.5 1
6367.5 4
6368.5 2
6369.5 0
6370.5 2
6371.5 -1
6372.5 10
6373.5 -12
6374.5 15
6375.5 -4
6376.5 6
6377.5 -2
6378.5 -1
6379.5 4
6380.5 4
6381.5 -1
6382.5 -4
6383.5 6
6384.5 4
6385.5 5
6386.5 -1
6387.5 -9
6388.5 3
6389.5 -7
6390.5 -12
6391.5 9
6392.5 4
6393.5 -3
6394.5 0
6395.5 6
6396.5 3
6397.5 1
6398.5 1
6399.5 3
6400.5 -4
6401.5 5
6402.5 6
6403.5 -6
6404.5 -4
6405.5 14
6406.5 -5
6407.5 -1
6408.5 3
6409.5 8
6410.5 5
6411.5 4
6412.5 1
6413.5 3
6414.5 -6
6415.5 8
6416.5 4
6417.5 0
6418.5 1
6419.5 6
6420.5 10
6421.5 1
6422.5 5
6423.5 2
6424.5 -6
6425.5 7
6426.5 1
6427.5 -2
6428.5 1
6429.5 -5
6430.5 6
6431.5 1
6432.5 9
6433.5 -2
6434.5 -2
6435.5 8
6436.5 -11
6437.5 -2
6438.5 17
6439.5 -11
6440.5 -6
6441.5 17
6442.5 -8
6443.5 12
6444.5 -6
6445.5 1
6446.5 -2
6447.5 0
6448.5 7
6449.5 3
6450.5 4
6451.5 7
6452.5 -4
6453.5 0
6454.5 4
6455.5 0
6456.5 3
6457.5 7
6458.5 3
6459.5 3
6460.5 7
6461.5 3
6462.5 -1
6463.5 0
6464.5 -2
6465.5 -10
6466.5 4
6467.5 0
6468.5 -1
6469.5 2
6470.5 -1
6471.5 1
6472.5 4
6473.5 6
6474.5 0
6475.5 5
6476.5 2
6477.5 -1
6478.5 -12
6479.5 -11
6480.5 -37
6481.5 13
6482.5 1
6483.5 -2
6484.5 -6
6485.5 1
6486.5 8
6487.5 3
6488.5 9
6489.5 -1
6490.5 5
6491.5 -3
6492.5 2
6493.5 2
6494.5 -2
6495.5 7
6496.5 3
6497.5 1
6498.5 2
6499.5 5
6500.5 0
6501.5 -3
6502.5 3
6503.5 4
6504.5 -1
6505.5 -1
6506.5 2
6507.5 1
6508.5 4
6509.5 -5
6510.5 -3
6511.5 4
6512.5 1
6513.5 6
6514.5 2
6515.5 -1
6516.5 1
6517.5 -3
6518.5 1
6519.5 5
6520.5 2
6521.5 2
6522.5 10
6523.5 0
6524.5 0
6525.5 4
6526.5 -2
6527.5 1
6528.5 1
6529.5 4
6530.5 5
6531.5 -2
6532.5 0
6533.5 1
6534.5 2
6535.5 2
6536.5 -9
6537.5 3
6538.5 -2
6539.5 -9
6540.5 2
6541.5 9
6542.5 31
6543.5 -3
6544.5 30
6545.5 24
6546.5 46
6547.5 72
6548.5 14
6549.5 8
6550.5 -4
6551.5 1
6552.5 3
6553.5 9
6554.5 -5
6555.5 5
6556.5 2
6557.5 5
6558.5 5
6559.5 -4
6560.5 -2
6561.5 -2
6562.5 1
6563.5 2
6564.5 3
6565.5 3
6566.5 3
6567.5 -5
6568.5 1
6569.5 2
6570.5 1
6571.5 -1
6572.5 2
6573.5 4
6574.5 2
6575.5 5
6576.5 5
6577.5 -3
6578.5 1
6579.5 -4
6580.5 3
6581.5 0
6582.5 -4
6583.5 -5
6584.5 3
6585.5 1
6586.5 1
6587.5 3
6588.5 -1
6589.5 -4
6590.5 2
6591.5 -6
6592.5 -9
6593.5 -3
6594.5 2
6595.5 0
6596.5 3
6597.5 1
6598.5 4
6599.5 -2
6600.5 0
6601.5 0
6602.5 5
6603.5 4
6604.5 0
6605.5 3
6606.5 -4
6607.5 3
6608.5 1
6609.5 -3
6610.5 4
6611.5 4
6612.5 2
6613.5 -2
6614.5 -7
6615.5 4
6616.5 6
6617.5 -3
6618.5 5
6619.5 -6
6620.5 -1
6621.5 3
6622.5 1
6623.5 6
6624.5 2
6625.5 1
6626.5 2
6627.5 4
6628.5 1
6629.5 2
6630.5 0
6631.5 -1
6632.5 -4
6633.5 0
6634.5 1
6635.5 4
6636.5 2
6637.5 3
6638.5 4
6639.5 0
6640.5 0
6641.5 2
6642.5 5
6643.5 7
6644.5 6
6645.5 -2
6646.5 -1
6647.5 8
6648.5 12
6649.5 14
6650.5 -12
6651.5 3
6652.5 3
6653.5 6
6654.5 -1
6655.5 2
6656.5 1
6657.5 -4
6658.5 2
6659.5 1
6660.5 -5
6661.5 1
6662.5 0
6663.5 -1
6664.5 -1
6665.5 -1
6666.5 0
6667.5 2
6668.5 -4
6669.5 1
6670.5 -5
6671.5 -2
6672.5 0
6673.5 4
6674.5 -2
6675.5 2
6676.5 -2
6677.5 1
6678.5 1
6679.5 2
6680.5 0
6681.5 2
6682.5 1
6683.5 1
6684.5 -1
6685.5 1
6686.5 -4
6687.5 2
6688.5 2
6689.5 2
6690.5 2
6691.5 6
6692.5 2
6693.5 2
6694.5 -1
6695.5 1
6696.5 3
6697.5 6
6698.5 4
6699.5 1
6700.5 -1
6701.5 -2
6702.5 -3
6703.5 0
6704.5 4
6705.5 2
6706.5 0
6707.5 1
6708.5 1
6709.5 0
6710.5 0
6711.5 1
6712.5 -3
6713.5 -1
6714.5 4
6715.5 -1
6716.5 4
6717.5 2
6718.5 1
6719.5 3
6720.5 3
6721.5 -2
6722.5 -1
6723.5 1
6724.5 -8
6725.5 4
6726.5 1
6727.5 5
6728.5 2
6729.5 3
6730.5 -1
6731.5 1
6732.5 -1
6733.5 -5
6734.5 0
6735.5 0
6736.5 0
6737.5 2
6738.5 5
6739.5 -3
6740.5 4
6741.5 -7
6742.5 -2
6743.5 1
6744.5 -7
6745.5 -3
6746.5 -10
6747.5 -1
6748.5 2
6749.5 -5
6750.5 1
6751.5 -4
6752.5 -8
6753.5 -1
6754.5 2
6755.5 -3
6756.5 -1
6757.5 -1
6758.5 0
6759.5 1
6760.5 0
6761.5 2
6762.5 2
6763.5 2
6764.5 1
6765.5 3
6766.5 6
6767.5 5
6768.5 -1
6769.5 0
6770.5 -6
6771.5 -2
6772.5 -2
6773.5 12
6774.5 6
6775.5 3
6776.5 3
6777.5 2
6778.5 1
6779.5 1
6780.5 4
6781.5 -4
6782.5 5
6783.5 4
6784.5 1
6785.5 10
6786.5 21
6787.5 10
6788.5 18
6789.5 9
6790.5 13
6791.5 9
6792.5 6
6793.5 4
6794.5 -6
6795.5 1
6796.5 -1
6797.5 -2
6798.5 1
6799.5 2
6800.5 6
6801.5 -1
6802.5 1
6803.5 1
6804.5 4
6805.5 2
6806.5 -8
6807.5 0
6808.5 4
6809.5 2
6810.5 0
6811.5 0
6812.5 0
6813.5 1
6814.5 -1
6815.5 3
6816.5 0
6817.5 2
6818.5 2
6819.5 1
6820.5 1
6821.5 2
6822.5 1
6823.5 3
6824.5 1
6825.5 0
6826.5 2
6827.5 2
6828.5 5
6829.5 1
6830.5 4
6831.5 -2
6832.5 1
6833.5 1
6834.5 0
6835.5 2
6836.5 0
6837.5 0
6838.5 0
6839.5 -2
6840.5 -3
6841.5 0
6842.5 2
6843.5 1
6844.5 0
6845.5 1
6846.5 2
6847.5 1
6848.5 0
6849.5 2
6850.5 0
6851.5 -2
6852.5 2
6853.5 0
6854.5 1
6855.5 2
6856.5 0
6857.5 1
6858.5 0
6859.5 1
6860.5 0
6861.5 -2
6862.5 -3
6863.5 -1
6864.5 1
6865.5 -1
6866.5 1
6867.5 1
6868.5 1
6869.5 -2
6870.5 -3
6871.5 2
6872.5 2
6873.5 1
6874.5 -1
6875.5 0
6876.5 2
6877.5 3
6878.5 0
6879.5 0
6880.5 0
6881.5 1
6882.5 -2
6883.5 2
6884.5 1
6885.5 3
6886.5 0
6887.5 1
6888.5 0
6889.5 0
6890.5 2
6891.5 0
6892.5 -3
6893.5 0
6894.5 -3
6895.5 1
6896.5 2
6897.5 1
6898.5 0
6899.5 -1
6900.5 3
6901.5 1
6902.5 2
6903.5 -2
6904.5 -1
6905.5 -2
6906.5 1
6907.5 1
6908.5 -5
6909.5 1
6910.5 -2
6911.5 2
6912.5 3
6913.5 -5
6914.5 -3
6915.5 0
6916.5 1
6917.5 0
6918.5 1
6919.5 3
6920.5 -3
6921.5 1
6922.5 1
6923.5 0
6924.5 -3
6925.5 0
6926.5 0
6927.5 2
6928.5 1
6929.5 -2
6930.5 2
6931.5 1
6932.5 2
6933.5 2
6934.5 -1
6935.5 -7
6936.5 -2
6937.5 -6
6938.5 -3
6939.5 0
6940.5 -1
6941.5 -5
6942.5 1
6943.5 0
6944.5 -1
6945.5 -2
6946.5 -4
6947.5 3
6948.5 1
6949.5 -2
6950.5 1
6951.5 0
6952.5 0
6953.5 1
6954.5 -5
6955.5 -1
6956.5 0
6957.5 1
6958.5 0
6959.5 1
6960.5 3
6961.5 -2
6962.5 3
6963.5 -1
6964.5 2
6965.5 1
6966.5 -3
6967.5 2
6968.5 0
6969.5 0
6970.5 -2
6971.5 -2
6972.5 1
6973.5 -2
6974.5 2
6975.5 0
6976.5 -2
6977.5 -2
6978.5 0
6979.5 3
6980.5 0
6981.5 1
6982.5 -3
6983.5 1
6984.5 0
6985.5 1
6986.5 0
6987.5 -1
6988.5 3
6989.5 0
6990.5 1
6991.5 0
6992.5 -1
6993.5 2
6994.5 -2
6995.5 -3
6996.5 0
6997.5 1
6998.5 1
6999.5 0
7000.5 -6
7001.5 0
7002.5 0
7003.5 -2
7004.5 1
7005.5 0
7006.5 2
7007.5 0
7008.5 0
7009.5 1
7010.5 0
7011.5 1
7012.5 -4
7013.5 1
7014.5 1
7015.5 2
7016.5 1
7017.5 3
7018.5 -1
7019.5 4
7020.5 2
7021.5 3
7022.5 3
7023.5 1
7024.5 -3
7025.5 0
7026.5 0
7027.5 1
7028.5 -3
7029.5 2
7030.5 0
7031.5 1
7032.5 4
7033.5 -3
7034.5 0
7035.5 0
7036.5 0
7037.5 1
7038.5 0
7039.5 0
7040.5 0
7041.5 1
7042.5 1
7043.5 2
7044.5 0
7045.5 1
7046.5 -1
7047.5 0
7048.5 -2
7049.5 1
7050.5 0
7051.5 1
7052.5 2
7053.5 1
7054.5 3
7055.5 2
7056.5 1
7057.5 1
7058.5 -1
7059.5 -3
7060.5 0
7061.5 0
7062.5 3
7063.5 1
7064.5 0
7065.5 3
7066.5 2
7067.5 0
7068.5 -6
7069.5 0
7070.5 -2
7071.5 2
7072.5 0
7073.5 -8
7074.5 2
7075.5 4
7076.5 -3
7077.5 2
7078.5 -3
7079.5 -5
7080.5 0
7081.5 0
7082.5 3
7083.5 0
7084.5 0
7085.5 -3
7086.5 1
7087.5 -2
7088.5 3
7089.5 0
7090.5 -3
7091.5 3
7092.5 -4
7093.5 2
7094.5 0
7095.5 1
7096.5 0
7097.5 -2
7098.5 0
7099.5 2
7100.5 0
7101.5 2
7102.5 0
7103.5 -3
7104.5 0
7105.5 2
7106.5 2
7107.5 0
7108.5 0
7109.5 3
7110.5 1
7111.5 1
7112.5 2
7113.5 -5
7114.5 1
7115.5 1
7116.5 0
7117.5 4
7118.5 0
7119.5 0
7120.5 -1
7121.5 2
7122.5 -1
7123.5 -3
7124.5 1
7125.5 3
7126.5 1
7127.5 1
7128.5 3
7129.5 1
7130.5 1
7131.5 2
7132.5 -2
7133.5 -3
7134.5 -2
7135.5 3
7136.5 2
7137.5 2
7138.5 0
7139.5 1
7140.5 -2
7141.5 -2
7142.5 0
7143.5 2
7144.5 -3
7145.5 1
7146.5 -3
7147.5 3
7148.5 0
7149.5 1
7150.5 -4
7151.5 0
7152.5 -2
7153.5 0
7154.5 0
7155.5 0
7156.5 0
7157.5 -6
7158.5 -3
7159.5 0
7160.5 1
7161.5 0
7162.5 0
7163.5 3
7164.5 1
7165.5 0
7166.5 4
7167.5 0
7168.5 2
7169.5 2
7170.5 0
7171.5 1
7172.5 1
7173.5 1
7174.5 1
7175.5 1
7176.5 0
7177.5 1
7178.5 2
7179.5 1
7180.5 0
7181.5 1
7182.5 0
7183.5 -2
7184.5 0
7185.5 -1
7186.5 -2
7187.5 1
7188.5 1
7189.5 0
7190.5 0
7191.5 0
7192.5 1
7193.5 -1
7194.5 0
7195.5 -1
7196.5 1
7197.5 0
7198.5 3
7199.5 2
7200.5 -3
7201.5 -1
7202.5 1
7203.5 -6
7204.5 2
7205.5 -2
7206.5 2
7207.5 -3
7208.5 3
7209.5 1
7210.5 3
7211.5 0
7212.5 -4
7213.5 -5
7214.5 1
7215.5 2
7216.5 0
7217.5 0
7218.5 0
7219.5 2
7220.5 1
7221.5 0
7222.5 2
7223.5 1
7224.5 0
7225.5 0
7226.5 -1
7227.5 1
7228.5 0
7229.5 3
7230.5 0
7231.5 -3
7232.5 1
7233.5 0
7234.5 0
7235.5 1
7236.5 1
7237.5 -3
7238.5 1
7239.5 -3
7240.5 0
7241.5 1
7242.5 0
7243.5 3
7244.5 4
7245.5 1
7246.5 1
7247.5 2
7248.5 3
7249.5 2
7250.5 -1
7251.5 -2
7252.5 -3
7253.5 0
7254.5 1
7255.5 3
7256.5 1
7257.5 -3
7258.5 -2
7259.5 -4
7260.5 0
7261.5 1
7262.5 3
7263.5 -5
7264.5 2
7265.5 -2
7266.5 -3
7267.5 3
7268.5 0
7269.5 0
7270.5 2
7271.5 -1
7272.5 0
7273.5 0
7274.5 1
7275.5 0
7276.5 1
7277.5 0
7278.5 0
7279.5 1
7280.5 2
7281.5 3
7282.5 -3
7283.5 0
7284.5 1
7285.5 1
7286.5 1
7287.5 1
7288.5 1
7289.5 0
7290.5 0
7291.5 1
7292.5 2
7293.5 1
7294.5 1
7295.5 1
7296.5 0
7297.5 0
7298.5 2
7299.5 2
7300.5 -5
7301.5 1
7302.5 2
7303.5 1
7304.5 -3
7305.5 -1
7306.5 4
7307.5 4
7308.5 1
7309.5 1
7310.5 1
7311.5 -6
7312.5 -4
7313.5 2
7314.5 2
7315.5 -2
7316.5 4
7317.5 -5
7318.5 0
7319.5 1
7320.5 2
7321.5 2
7322.5 0
7323.5 -2
7324.5 1
7325.5 2
7326.5 -3
7327.5 0
7328.5 2
7329.5 3
7330.5 0
7331.5 2
7332.5 0
7333.5 0
7334.5 -5
7335.5 0
7336.5 1
7337.5 0
7338.5 1
7339.5 0
7340.5 0
7341.5 1
7342.5 2
7343.5 0
7344.5 0
7345.5 0
7346.5 1
7347.5 -3
7348.5 1
7349.5 0
7350.5 0
7351.5 3
7352.5 -2
7353.5 2
7354.5 1
7355.5 2
7356.5 1
7357.5 2
7358.5 1
7359.5 2
7360.5 4
7361.5 1
7362.5 -3
7363.5 0
7364.5 0
7365.5 -1
7366.5 4
7367.5 1
7368.5 3
7369.5 2
7370.5 2
7371.5 -2
7372.5 2
7373.5 1
7374.5 1
7375.5 0
7376.5 1
7377.5 0
7378.5 0
7379.5 1
7380.5 0
7381.5 0
7382.5 0
7383.5 0
7384.5 1
7385.5 3
7386.5 0
7387.5 2
7388.5 2
7389.5 1
7390.5 1
7391.5 0
7392.5 -3
7393.5 0
7394.5 0
7395.5 1
7396.5 1
7397.5 0
7398.5 0
7399.5 1
7400.5 1
7401.5 2
7402.5 0
7403.5 1
7404.5 1
7405.5 1
7406.5 2
7407.5 -3
7408.5 2
7409.5 2
7410.5 0
7411.5 1
7412.5 -3
7413.5 -1
7414.5 4
7415.5 -3
7416.5 2
7417.5 2
7418.5 3
7419.5 1
7420.5 -2
7421.5 0
7422.5 2
7423.5 1
7424.5 1
7425.5 0
7426.5 -3
7427.5 0
7428.5 1
7429.5 -5
7430.5 0
7431.5 0
7432.5 0
7433.5 1
7434.5 4
7435.5 -2
7436.5 0
7437.5 -3
7438.5 0
7439.5 1
7440.5 -1
7441.5 0
7442.5 -1
7443.5 2
7444.5 2
7445.5 0
7446.5 2
7447.5 1
7448.5 0
7449.5 0
7450.5 -1
7451.5 -1
7452.5 1
7453.5 2
7454.5 0
7455.5 0
7456.5 1
7457.5 2
7458.5 1
7459.5 1
7460.5 0
7461.5 1
7462.5 -3
7463.5 0
7464.5 0
7465.5 -8
7466.5 1
7467.5 -3
7468.5 0
7469.5 0
7470.5 -1
7471.5 -1
7472.5 1
7473.5 0
7474.5 1
7475.5 1
7476.5 1
7477.5 1
7478.5 1
7479.5 -3
7480.5 3
7481.5 1
7482.5 -2
7483.5 2
7484.5 0
7485.5 2
7486.5 1
7487.5 1
7488.5 0
7489.5 0
7490.5 0
7491.5 1
7492.5 -2
7493.5 0
7494.5 0
7495.5 2
7496.5 1
7497.5 -2
7498.5 1
7499.5 0
7500.5 0
7501.5 0
7502.5 1
7503.5 3
7504.5 0
7505.5 0
7506.5 0
7507.5 1
7508.5 1
7509.5 1
7510.5 0
7511.5 0
7512.5 -3
7513.5 0
7514.5 0
7515.5 -2
7516.5 1
7517.5 -2
7518.5 1
7519.5 1
7520.5 -5
7521.5 0
7522.5 1
7523.5 2
7524.5 1
7525.5 -3
7526.5 -3
7527.5 -3
7528.5 0
7529.5 1
7530.5 1
7531.5 0
7532.5 0
7533.5 1
7534.5 0
7535.5 1
7536.5 0
7537.5 0
7538.5 1
7539.5 -3
7540.5 0
7541.5 1
7542.5 -2
7543.5 0
7544.5 0
7545.5 -3
7546.5 -2
7547.5 -2
7548.5 1
7549.5 0
7550.5 0
7551.5 3
7552.5 0
7553.5 0
7554.5 1
7555.5 -4
7556.5 0
7557.5 1
7558.5 1
7559.5 1
7560.5 1
7561.5 1
7562.5 2
7563.5 0
7564.5 0
7565.5 0
7566.5 0
7567.5 0
7568.5 0
7569.5 0
7570.5 1
7571.5 0
7572.5 1
7573.5 1
7574.5 0
7575.5 -3
7576.5 1
7577.5 0
7578.5 0
7579.5 2
7580.5 -3
7581.5 4
7582.5 0
7583.5 0
7584.5 -3
7585.5 -3
7586.5 0
7587.5 1
7588.5 2
7589.5 1
7590.5 1
7591.5 2
7592.5 0
7593.5 1
7594.5 0
7595.5 0
7596.5 0
7597.5 0
7598.5 0
7599.5 0
7600.5 0
7601.5 0
7602.5 0
7603.5 0
7604.5 1
7605.5 2
7606.5 1
7607.5 0
7608.5 -2
7609.5 2
7610.5 0
7611.5 1
7612.5 0
7613.5 1
7614.5 0
7615.5 1
7616.5 -2
7617.5 1
7618.5 2
7619.5 -3
7620.5 0
7621.5 -3
7622.5 1
7623.5 1
7624.5 0
7625.5 2
7626.5 1
7627.5 2
7628.5 0
7629.5 1
7630.5 1
7631.5 0
7632.5 1
7633.5 1
7634.5 -2
7635.5 -3
7636.5 -1
7637.5 1
7638.5 0
7639.5 1
7640.5 1
7641.5 0
7642.5 0
7643.5 1
7644.5 0
7645.5 1
7646.5 0
7647.5 2
7648.5 0
7649.5 0
7650.5 0
7651.5 0
7652.5 1
7653.5 0
7654.5 0
7655.5 -3
7656.5 1
7657.5 0
7658.5 0
7659.5 1
7660.5 0
7661.5 0
7662.5 0
7663.5 1
7664.5 0
7665.5 1
7666.5 0
7667.5 -3
7668.5 1
7669.5 1
7670.5 0
7671.5 3
7672.5 -2
7673.5 0
7674.5 1
7675.5 1
7676.5 -2
7677.5 -2
7678.5 0
7679.5 0
7680.5 -3
7681.5 -2
7682.5 1
7683.5 0
7684.5 0
7685.5 0
7686.5 0
7687.5 1
7688.5 -3
7689.5 0
7690.5 -2
7691.5 0
7692.5 -2
7693.5 1
7694.5 0
7695.5 0
7696.5 1
7697.5 0
7698.5 0
7699.5 1
7700.5 -2
7701.5 0
7702.5 1
7703.5 0
7704.5 -3
7705.5 0
7706.5 0
7707.5 0
7708.5 1
7709.5 -3
7710.5 0
7711.5 0
7712.5 0
7713.5 1
7714.5 1
7715.5 1
7716.5 1
7717.5 0
7718.5 0
7719.5 0
7720.5 0
7721.5 0
7722.5 0
7723.5 0
7724.5 0
7725.5 0
7726.5 0
7727.5 3
7728.5 0
7729.5 3
7730.5 0
7731.5 0
7732.5 2
7733.5 -3
7734.5 0
7735.5 1
7736.5 -3
7737.5 0
7738.5 0
7739.5 0
7740.5 0
7741.5 0
7742.5 0
7743.5 1
7744.5 0
7745.5 0
7746.5 -3
7747.5 -3
7748.5 0
7749.5 1
7750.5 0
7751.5 1
7752.5 1
7753.5 0
7754.5 0
7755.5 0
7756.5 -3
7757.5 1
7758.5 0
7759.5 0
7760.5 0
7761.5 -3
7762.5 1
7763.5 0
7764.5 1
7765.5 -2
7766.5 2
7767.5 2
7768.5 -7
7769.5 1
7770.5 5
7771.5 -4
7772.5 2
7773.5 -6
7774.5 3
7775.5 3
7776.5 3
7777.5 1
7778.5 1
7779.5 1
7780.5 0
7781.5 1
7782.5 -2
7783.5 0
7784.5 0
7785.5 0
7786.5 1
7787.5 0
7788.5 -1
7789.5 0
7790.5 1
7791.5 1
7792.5 -3
7793.5 2
7794.5 -2
7795.5 1
7796.5 0
7797.5 0
7798.5 1
7799.5 1
7800.5 1
7801.5 0
7802.5 0
7803.5 1
7804.5 0
7805.5 0
7806.5 0
7807.5 0
7808.5 0
7809.5 0
7810.5 1
7811.5 1
7812.5 1
7813.5 0
7814.5 1
7815.5 1
7816.5 1
7817.5 0
7818.5 -3
7819.5 0
7820.5 0
7821.5 -2
7822.5 2
7823.5 2
7824.5 -5
7825.5 4
7826.5 0
7827.5 0
7828.5 0
7829.5 5
7830.5 2
7831.5 2
7832.5 1
7833.5 -3
7834.5 1
7835.5 1
7836.5 1
7837.5 0
7838.5 0
7839.5 0
7840.5 0
7841.5 0
7842.5 0
7843.5 0
7844.5 0
7845.5 0
7846.5 0
7847.5 2
7848.5 0
7849.5 0
7850.5 0
7851.5 1
7852.5 -3
7853.5 0
7854.5 0
7855.5 0
7856.5 0
7857.5 0
7858.5 0
7859.5 0
7860.5 0
7861.5 1
7862.5 0
7863.5 -3
7864.5 0
7865.5 0
7866.5 0
7867.5 -3
7868.5 0
7869.5 1
7870.5 1
7871.5 0
7872.5 0
7873.5 0
7874.5 0
7875.5 0
7876.5 -3
7877.5 1
7878.5 -3
7879.5 0
7880.5 0
7881.5 0
7882.5 0
7883.5 0
7884.5 0
7885.5 1
7886.5 0
7887.5 0
7888.5 0
7889.5 0
7890.5 0
7891.5 0
7892.5 0
7893.5 0
7894.5 0
7895.5 0
7896.5 0
7897.5 1
7898.5 0
7899.5 0
7900.5 0
7901.5 0
7902.5 0
7903.5 0
7904.5 0
7905.5 -2
7906.5 0
7907.5 1
7908.5 1
7909.5 0
7910.5 0
7911.5 1
7912.5 0
7913.5 1
7914.5 -3
7915.5 0
7916.5 0
7917.5 0
7918.5 0
7919.5 0
7920.5 0
7921.5 1
7922.5 -3
7923.5 0
7924.5 0
7925.5 0
7926.5 0
7927.5 0
7928.5 -3
7929.5 0
7930.5 1
7931.5 1
7932.5 0
7933.5 0
7934.5 1
7935.5 0
7936.5 1
7937.5 0
7938.5 0
7939.5 -3
7940.5 0
7941.5 0
7942.5 1
7943.5 0
7944.5 0
7945.5 0
7946.5 0
7947.5 0
7948.5 0
7949.5 1
7950.5 1
7951.5 2
7952.5 2
7953.5 0
7954.5 0
7955.5 1
7956.5 1
7957.5 0
7958.5 0
7959.5 1
7960.5 0
7961.5 0
7962.5 0
7963.5 0
7964.5 1
7965.5 -3
7966.5 1
7967.5 1
7968.5 -2
7969.5 0
7970.5 0
7971.5 1
7972.5 1
7973.5 0
7974.5 1
7975.5 0
7976.5 0
7977.5 0
7978.5 1
7979.5 0
7980.5 -3
7981.5 0
7982.5 0
7983.5 0
7984.5 0
7985.5 0
7986.5 1
7987.5 0
7988.5 0
7989.5 0
7990.5 0
7991.5 0
7992.5 0
7993.5 0
7994.5 0
7995.5 -3
7996.5 0
7997.5 -3
7998.5 0
7999.5 0
8000.5 1
8001.5 0
8002.5 0
8003.5 0
8004.5 1
8005.5 0
8006.5 0
8007.5 0
8008.5 1
8009.5 2
8010.5 0
8011.5 0
8012.5 -3
8013.5 0
8014.5 0
8015.5 0
8016.5 0
8017.5 0
8018.5 -3
8019.5 0
8020.5 1
8021.5 0
8022.5 0
8023.5 0
8024.5 0
8025.5 0
8026.5 0
8027.5 -3
8028.5 0
8029.5 0
8030.5 0
8031.5 0
8032.5 -3
8033.5 1
8034.5 2
8035.5 -3
8036.5 0
8037.5 0
8038.5 0
8039.5 0
8040.5 1
8041.5 0
8042.5 0
8043.5 0
8044.5 0
8045.5 1
8046.5 0
8047.5 0
8048.5 -3
8049.5 0
8050.5 0
8051.5 0
8052.5 0
8053.5 0
8054.5 1
8055.5 0
8056.5 0
8057.5 0
8058.5 0
8059.5 0
8060.5 0
8061.5 0
8062.5 0
8063.5 0
8064.5 0
8065.5 1
8066.5 0
8067.5 0
8068.5 1
8069.5 1
8070.5 0
8071.5 1
8072.5 0
8073.5 0
8074.5 0
8075.5 1
8076.5 0
8077.5 0
8078.5 0
8079.5 1
8080.5 0
8081.5 1
8082.5 0
8083.5 -2
8084.5 1
8085.5 1
8086.5 1
8087.5 -2
8088.5 0
8089.5 1
8090.5 0
8091.5 1
8092.5 0
8093.5 1
8094.5 0
8095.5 0
8096.5 0
8097.5 0
8098.5 0
8099.5 0
8100.5 0
8101.5 0
8102.5 0
8103.5 0
8104.5 0
8105.5 0
8106.5 0
8107.5 0
8108.5 0
8109.5 0
8110.5 0
8111.5 0
8112.5 0
8113.5 0
8114.5 0
8115.5 1
8116.5 1
8117.5 -2
8118.5 0
8119.5 0
8120.5 0
8121.5 1
8122.5 0
8123.5 0
8124.5 0
8125.5 0
8126.5 0
8127.5 0
8128.5 0
8129.5 0
8130.5 0
8131.5 0
8132.5 0
8133.5 0
8134.5 0
8135.5 0
8136.5 0
8137.5 1
8138.5 0
8139.5 0
8140.5 0
8141.5 0
8142.5 0
8143.5 0
8144.5 0
8145.5 0
8146.5 0
8147.5 0
8148.5 1
8149.5 0
8150.5 0
8151.5 0
8152.5 1
8153.5 0
8154.5 0
8155.5 0
8156.5 0
8157.5 0
8158.5 0
8159.5 0
8160.5 0
8161.5 0
8162.5 0
8163.5 0
8164.5 0
8165.5 0
8166.5 0
8167.5 1
8168.5 0
8169.5 0
8170.5 0
8171.5 0
8172.5 0
8173.5 1
8174.5 0
8175.5 0
8176.5 0
8177.5 0
8178.5 0
8179.5 0
8180.5 0
8181.5 0
8182.5 0
8183.5 0
8184.5 0
8185.5 0
8186.5 0
8187.5 0
8188.5 1
8189.5 1
8190.5 0
8191.5 1
8192.5 0
8193.5 0
8194.5 0
8195.5 0
8196.5 1
8197.5 1
8198.5 0
8199.5 0
8200.5 0
8201.5 0
8202.5 0
8203.5 0
8204.5 0
8205.5 0
8206.5 1
8207.5 0
8208.5 0
8209.5 0
8210.5 1
8211.5 0
8212.5 2
8213.5 1
8214.5 0
8215.5 0
8216.5 0
8217.5 -3
8218.5 0
8219.5 1
8220.5 0
8221.5 0
8222.5 -3
8223.5 1
8224.5 1
8225.5 -3
8226.5 0
8227.5 0
8228.5 0
8229.5 1
8230.5 0
8231.5 0
8232.5 0
8233.5 0
8234.5 0
8235.5 0
8236.5 0
8237.5 0
8238.5 0
8239.5 0
8240.5 0
8241.5 1
8242.5 0
8243.5 0
8244.5 0
8245.5 0
8246.5 0
8247.5 0
8248.5 -3
8249.5 1
8250.5 0
8251.5 1
8252.5 0
8253.5 0
8254.5 0
8255.5 0
8256.5 0
8257.5 0
8258.5 0
8259.5 0
8260.5 1
8261.5 0
8262.5 1
8263.5 0
8264.5 -3
8265.5 0
8266.5 0
8267.5 0
8268.5 0
8269.5 0
8270.5 0
8271.5 1
8272.5 0
8273.5 0
8274.5 0
8275.5 0
8276.5 1
8277.5 0
8278.5 0
8279.5 -3
8280.5 0
8281.5 1
8282.5 0
8283.5 2
8284.5 0
8285.5 0
8286.5 0
8287.5 0
8288.5 0
8289.5 0
8290.5 0
8291.5 0
8292.5 0
8293.5 0
8294.5 0
8295.5 0
8296.5 1
8297.5 1
8298.5 0
8299.5 0
8300.5 0
8301.5 0
8302.5 0
8303.5 0
8304.5 0
8305.5 1
8306.5 0
8307.5 0
8308.5 0
8309.5 0
8310.5 0
8311.5 0
8312.5 0
8313.5 0
8314.5 0
8315.5 1
8316.5 0
8317.5 0
8318.5 0
8319.5 0
8320.5 0
8321.5 1
8322.5 0
8323.5 0
8324.5 0
8325.5 0
8326.5 1
8327.5 0
8328.5 0
8329.5 0
8330.5 0
8331.5 0
8332.5 2
8333.5 1
8334.5 0
8335.5 3
8336.5 -3
8337.5 0
8338.5 0
8339.5 1
8340.5 0
8341.5 1
8342.5 0
8343.5 0
8344.5 0
8345.5 0
8346.5 0
8347.5 0
8348.5 0
8349.5 0
8350.5 0
8351.5 0
8352.5 0
8353.5 -3
8354.5 0
8355.5 0
8356.5 0
8357.5 0
8358.5 0
8359.5 0
8360.5 0
8361.5 1
8362.5 1
8363.5 0
8364.5 0
8365.5 0
8366.5 0
8367.5 0
8368.5 1
8369.5 0
8370.5 0
8371.5 1
8372.5 0
8373.5 0
8374.5 0
8375.5 0
8376.5 0
8377.5 0
8378.5 0
8379.5 0
8380.5 0
8381.5 0
8382.5 0
8383.5 0
8384.5 1
8385.5 1
8386.5 0
8387.5 0
8388.5 0
8389.5 0
8390.5 1
8391.5 0
8392.5 0
8393.5 0
8394.5 0
8395.5 0
8396.5 1
8397.5 0
8398.5 0
8399.5 0
8400.5 1
8401.5 0
8402.5 0
8403.5 0
8404.5 0
8405.5 0
8406.5 1
8407.5 0
8408.5 0
8409.5 0
8410.5 1
8411.5 0
8412.5 0
8413.5 1
8414.5 0
8415.5 0
8416.5 0
8417.5 0
8418.5 1
8419.5 1
8420.5 1
8421.5 0
8422.5 -3
8423.5 0
8424.5 1
8425.5 0
8426.5 0
8427.5 1
8428.5 1
8429.5 0
8430.5 0
8431.5 0
8432.5 0
8433.5 0
8434.5 -3
8435.5 0
8436.5 0
8437.5 0
8438.5 0
8439.5 0
8440.5 0
8441.5 0
8442.5 2
8443.5 0
8444.5 0
8445.5 0
8446.5 0
8447.5 0
8448.5 0
8449.5 0
8450.5 0
8451.5 0
8452.5 0
8453.5 0
8454.5 1
8455.5 0
8456.5 1
8457.5 1
8458.5 0
8459.5 0
8460.5 0
8461.5 1
8462.5 1
8463.5 -3
8464.5 1
8465.5 0
8466.5 0
8467.5 0
8468.5 0
8469.5 1
8470.5 0
8471.5 1
8472.5 0
8473.5 0
8474.5 0
8475.5 0
8476.5 1
8477.5 0
8478.5 0
8479.5 0
8480.5 1
8481.5 -3
8482.5 0
8483.5 0
8484.5 -3
8485.5 0
8486.5 0
8487.5 0
8488.5 0
8489.5 -1
8490.5 1
8491.5 0
8492.5 0
8493.5 0
8494.5 0
8495.5 0
8496.5 0
8497.5 0
8498.5 2
8499.5 -2
8500.5 0
8501.5 0
8502.5 0
8503.5 1
8504.5 0
8505.5 0
8506.5 0
8507.5 0
8508.5 0
8509.5 0
8510.5 0
8511.5 0
8512.5 1
8513.5 0
8514.5 0
8515.5 1
8516.5 0
8517.5 0
8518.5 1
8519.5 -3
8520.5 1
8521.5 0
8522.5 0
8523.5 0
8524.5 0
8525.5 0
8526.5 0
8527.5 -3
8528.5 1
8529.5 0
8530.5 0
8531.5 0
8532.5 0
8533.5 0
8534.5 0
8535.5 1
8536.5 0
8537.5 0
8538.5 0
8539.5 0
8540.5 0
8541.5 1
8542.5 0
8543.5 0
8544.5 0
8545.5 0
8546.5 0
8547.5 0
8548.5 0
8549.5 0
8550.5 0
8551.5 0
8552.5 0
8553.5 0
8554.5 0
8555.5 -3
8556.5 0
8557.5 0
8558.5 0
8559.5 0
8560.5 0
8561.5 2
8562.5 1
8563.5 -3
8564.5 0
8565.5 0
8566.5 0
8567.5 0
8568.5 0
8569.5 0
8570.5 0
8571.5 0
8572.5 0
8573.5 1
8574.5 0
8575.5 -3
8576.5 -3
8577.5 0
8578.5 0
8579.5 0
8580.5 0
8581.5 1
8582.5 0
8583.5 0
8584.5 0
8585.5 0
8586.5 0
8587.5 1
8588.5 0
8589.5 0
8590.5 0
8591.5 0
8592.5 0
8593.5 0
8594.5 2
8595.5 0
8596.5 0
8597.5 -3
8598.5 0
8599.5 0
8600.5 0
8601.5 0
8602.5 0
8603.5 0
8604.5 0
8605.5 0
8606.5 1
8607.5 0
8608.5 0
8609.5 0
8610.5 0
8611.5 0
8612.5 1
8613.5 0
8614.5 0
8615.5 0
8616.5 0
8617.5 0
8618.5 0
8619.5 0
8620.5 0
8621.5 0
8622.5 0
8623.5 -3
8624.5 0
8625.5 0
8626.5 0
8627.5 0
8628.5 1
8629.5 0
8630.5 0
8631.5 0
8632.5 -3
8633.5 0
8634.5 0
8635.5 0
8636.5 0
8637.5 0
8638.5 0
8639.5 -3
8640.5 0
8641.5 1
8642.5 0
8643.5 0
8644.5 0
8645.5 0
8646.5 0
8647.5 0
8648.5 0
8649.5 0
8650.5 0
8651.5 0
8652.5 0
8653.5 0
8654.5 0
8655.5 0
8656.5 0
8657.5 0
8658.5 1
8659.5 0
8660.5 0
8661.5 1
8662.5 0
8663.5 0
8664.5 0
8665.5 0
8666.5 0
8667.5 0
8668.5 1
8669.5 -3
8670.5 0
8671.5 0
8672.5 0
8673.5 -2
8674.5 0
8675.5 0
8676.5 0
8677.5 0
8678.5 0
8679.5 0
8680.5 0
8681.5 0
8682.5 0
8683.5 0
8684.5 1
8685.5 0
8686.5 0
8687.5 0
8688.5 0
8689.5 0
8690.5 -3
8691.5 0
8692.5 0
8693.5 0
8694.5 0
8695.5 0
8696.5 0
8697.5 0
8698.5 0
8699.5 0
8700.5 0
8701.5 0
8702.5 0
8703.5 0
8704.5 0
8705.5 0
8706.5 0
8707.5 0
8708.5 0
8709.5 0
8710.5 0
8711.5 0
8712.5 0
8713.5 0
8714.5 0
8715.5 0
8716.5 0
8717.5 0
8718.5 0
8719.5 0
8720.5 0
8721.5 0
8722.5 0
8723.5 0
8724.5 1
8725.5 0
8726.5 0
8727.5 0
8728.5 0
8729.5 -3
8730.5 1
8731.5 0
8732.5 0
8733.5 1
8734.5 0
8735.5 1
8736.5 0
8737.5 1
8738.5 0
8739.5 0
8740.5 0
8741.5 0
8742.5 0
8743.5 1
8744.5 0
8745.5 0
8746.5 0
8747.5 0
8748.5 0
8749.5 0
8750.5 0
8751.5 0
8752.5 0
8753.5 0
8754.5 0
8755.5 0
8756.5 0
8757.5 0
8758.5 0
8759.5 0
8760.5 1
8761.5 0
8762.5 1
8763.5 0
8764.5 0
8765.5 -3
8766.5 1
8767.5 0
8768.5 0
8769.5 0
8770.5 0
8771.5 1
8772.5 0
8773.5 0
8774.5 0
8775.5 0
8776.5 1
8777.5 1
8778.5 0
8779.5 0
8780.5 0
8781.5 0
8782.5 0
8783.5 0
8784.5 0
8785.5 1
8786.5 0
8787.5 0
8788.5 0
8789.5 0
8790.5 0
8791.5 0
8792.5 0
8793.5 0
8794.5 0
8795.5 0
8796.5 0
8797.5 1
8798.5 0
8799.5 0
8800.5 0
8801.5 0
8802.5 0
8803.5 -2
8804.5 0
8805.5 0
8806.5 0
8807.5 0
8808.5 0
8809.5 0
8810.5 0
8811.5 0
8812.5 0
8813.5 1
8814.5 0
8815.5 -3
8816.5 1
8817.5 1
8818.5 0
8819.5 0
8820.5 0
8821.5 0
8822.5 0
8823.5 1
8824.5 0
8825.5 0
8826.5 0
8827.5 0
8828.5 0
8829.5 0
8830.5 0
8831.5 0
8832.5 1
8833.5 2
8834.5 0
8835.5 0
8836.5 1
8837.5 0
8838.5 0
8839.5 1
8840.5 -3
8841.5 0
8842.5 0
8843.5 0
8844.5 0
8845.5 0
8846.5 -3
8847.5 0
8848.5 0
8849.5 0
8850.5 0
8851.5 0
8852.5 0
8853.5 0
8854.5 0
8855.5 0
8856.5 0
8857.5 0
8858.5 1
8859.5 0
8860.5 0
8861.5 0
8862.5 0
8863.5 1
8864.5 0
8865.5 0
8866.5 0
8867.5 -3
8868.5 0
8869.5 0
8870.5 0
8871.5 1
8872.5 1
8873.5 0
8874.5 0
8875.5 0
8876.5 0
8877.5 0
8878.5 0
8879.5 0
8880.5 0
8881.5 0
8882.5 0
8883.5 0
8884.5 0
8885.5 0
8886.5 1
8887.5 0
8888.5 0
8889.5 0
8890.5 0
8891.5 0
8892.5 0
8893.5 0
8894.5 0
8895.5 0
8896.5 0
8897.5 0
8898.5 0
8899.5 0
8900.5 -3
8901.5 1
8902.5 0
8903.5 0
8904.5 0
8905.5 0
8906.5 0
8907.5 0
8908.5 0
8909.5 0
8910.5 -3
8911.5 0
8912.5 -2
8913.5 0
8914.5 0
8915.5 0
8916.5 1
8917.5 0
8918.5 0
8919.5 -3
8920.5 0
8921.5 0
8922.5 0
8923.5 0
8924.5 0
8925.5 0
8926.5 0
8927.5 1
8928.5 0
8929.5 0
8930.5 0
8931.5 0
8932.5 0
8933.5 0
8934.5 0
8935.5 1
8936.5 0
8937.5 1
8938.5 1
8939.5 -3
8940.5 0
8941.5 0
8942.5 0
8943.5 0
8944.5 0
8945.5 0
8946.5 0
8947.5 0
8948.5 0
8949.5 0
8950.5 0
8951.5 1
8952.5 0
8953.5 1
8954.5 0
8955.5 1
8956.5 0
8957.5 0
8958.5 0
8959.5 0
8960.5 0
8961.5 1
8962.5 0
8963.5 0
8964.5 1
8965.5 0
8966.5 0
8967.5 1
8968.5 0
8969.5 0
8970.5 0
8971.5 0
8972.5 0
8973.5 0
8974.5 0
8975.5 0
8976.5 0
8977.5 0
8978.5 2
8979.5 0
8980.5 0
8981.5 0
8982.5 0
8983.5 0
8984.5 0
8985.5 0
8986.5 0
8987.5 0
8988.5 0
8989.5 0
8990.5 1
8991.5 0
8992.5 0
8993.5 0
8994.5 -3
8995.5 0
8996.5 0
8997.5 0
8998.5 0
8999.5 1
9000.5 0
9001.5 -6
9002.5 0
9003.5 0
9004.5 1
9005.5 0
9006.5 0
9007.5 0
9008.5 0
9009.5 0
9010.5 0
9011.5 0
9012.5 0
9013.5 0
9014.5 0
9015.5 0
9016.5 0
9017.5 0
9018.5 0
9019.5 0
9020.5 0
9021.5 0
9022.5 0
9023.5 0
9024.5 0
9025.5 0
9026.5 0
9027.5 0
9028.5 0
9029.5 1
9030.5 0
9031.5 0
9032.5 0
9033.5 0
9034.5 0
9035.5 0
9036.5 0
9037.5 1
9038.5 0
9039.5 0
9040.5 0
9041.5 0
9042.5 0
9043.5 0
9044.5 0
9045.5 0
9046.5 0
9047.5 0
9048.5 0
9049.5 0
9050.5 0
9051.5 0
9052.5 0
9053.5 0
9054.5 0
9055.5 0
9056.5 0
9057.5 0
9058.5 0
9059.5 1
9060.5 0
9061.5 0
9062.5 0
9063.5 0
9064.5 0
9065.5 0
9066.5 0
9067.5 1
9068.5 0
9069.5 0
9070.5 0
9071.5 0
9072.5 0
9073.5 -3
9074.5 0
9075.5 0
9076.5 0
9077.5 0
9078.5 1
9079.5 0
9080.5 1
9081.5 0
9082.5 0
9083.5 0
9084.5 0
9085.5 0
9086.5 0
9087.5 0
9088.5 1
9089.5 0
9090.5 1
9091.5 0
9092.5 0
9093.5 0
9094.5 0
9095.5 1
9096.5 0
9097.5 0
9098.5 0
9099.5 0
9100.5 1
9101.5 0
9102.5 0
9103.5 0
9104.5 1
9105.5 0
9106.5 0
9107.5 0
9108.5 -3
9109.5 -3
9110.5 1
9111.5 0
9112.5 0
9113.5 0
9114.5 0
9115.5 0
9116.5 0
9117.5 0
9118.5 0
9119.5 1
9120.5 0
9121.5 0
9122.5 0
9123.5 0
9124.5 0
9125.5 0
9126.5 0
9127.5 0
9128.5 0
9129.5 0
9130.5 0
9131.5 1
9132.5 1
9133.5 0
9134.5 1
9135.5 1
9136.5 0
9137.5 1
9138.5 0
9139.5 -2
9140.5 0
9141.5 0
9142.5 1
9143.5 0
9144.5 0
9145.5 0
9146.5 0
9147.5 1
9148.5 1
9149.5 0
9150.5 0
9151.5 0
9152.5 0
9153.5 0
9154.5 0
9155.5 0
9156.5 0
9157.5 0
9158.5 0
9159.5 0
9160.5 0
9161.5 0
9162.5 0
9163.5 0
9164.5 1
9165.5 0
9166.5 0
9167.5 0
9168.5 0
9169.5 0
9170.5 0
9171.5 0
9172.5 0
9173.5 0
9174.5 0
9175.5 0
9176.5 0
9177.5 0
9178.5 0
9179.5 0
9180.5 0
9181.5 0
9182.5 0
9183.5 0
9184.5 0
9185.5 0
9186.5 0
9187.5 1
9188.5 0
9189.5 0
9190.5 0
9191.5 -3
9192.5 2
9193.5 0
9194.5 0
9195.5 0
9196.5 0
9197.5 0
9198.5 0
9199.5 0
9200.5 0
9201.5 0
9202.5 0
9203.5 -3
9204.5 0
9205.5 0
9206.5 0
9207.5 0
9208.5 0
9209.5 0
9210.5 0
9211.5 0
9212.5 0
9213.5 0
9214.5 0
9215.5 0
9216.5 0
9217.5 0
9218.5 0
9219.5 0
9220.5 2
9221.5 0
9222.5 0
9223.5 1
9224.5 0
9225.5 1
9226.5 0
9227.5 0
9228.5 0
9229.5 0
9230.5 0
9231.5 0
9232.5 0
9233.5 0
9234.5 0
9235.5 0
9236.5 0
9237.5 -3
9238.5 0
9239.5 0
9240.5 0
9241.5 0
9242.5 0
9243.5 1
9244.5 0
9245.5 0
9246.5 0
9247.5 0
9248.5 0
9249.5 1
9250.5 0
9251.5 0
9252.5 1
9253.5 1
9254.5 0
9255.5 0
9256.5 1
9257.5 0
9258.5 0
9259.5 -3
9260.5 0
9261.5 0
9262.5 0
9263.5 1
9264.5 0
9265.5 0
9266.5 0
9267.5 0
9268.5 0
9269.5 0
9270.5 0
9271.5 0
9272.5 0
9273.5 0
9274.5 0
9275.5 0
9276.5 1
9277.5 0
9278.5 0
9279.5 0
9280.5 -3
9281.5 0
9282.5 0
9283.5 0
9284.5 0
9285.5 0
9286.5 0
9287.5 0
9288.5 0
9289.5 1
9290.5 0
9291.5 0
9292.5 1
9293.5 0
9294.5 0
9295.5 1
9296.5 0
9297.5 0
9298.5 0
9299.5 0
9300.5 0
9301.5 0
9302.5 0
9303.5 0
9304.5 -3
9305.5 0
9306.5 0
9307.5 0
9308.5 0
9309.5 -3
9310.5 0
9311.5 0
9312.5 0
9313.5 0
9314.5 0
9315.5 0
9316.5 0
9317.5 0
9318.5 0
9319.5 0
9320.5 0
9321.5 0
9322.5 0
9323.5 0
9324.5 0
9325.5 0
9326.5 0
9327.5 0
9328.5 0
9329.5 0
9330.5 1
9331.5 0
9332.5 0
9333.5 0
9334.5 0
9335.5 0
9336.5 0
9337.5 0
9338.5 0
9339.5 0
9340.5 0
9341.5 0
9342.5 0
9343.5 0
9344.5 0
9345.5 -3
9346.5 0
9347.5 0
9348.5 0
9349.5 0
9350.5 0
9351.5 0
9352.5 1
9353.5 0
9354.5 0
9355.5 0
9356.5 0
9357.5 0
9358.5 0
9359.5 -2
9360.5 0
9361.5 0
9362.5 1
9363.5 1
9364.5 0
9365.5 0
9366.5 0
9367.5 -3
9368.5 0
9369.5 0
9370.5 0
9371.5 0
9372.5 0
9373.5 0
9374.5 0
9375.5 0
9376.5 0
9377.5 0
9378.5 0
9379.5 0
9380.5 1
9381.5 0
9382.5 0
9383.5 0
9384.5 0
9385.5 0
9386.5 0
9387.5 0
9388.5 0
9389.5 0
9390.5 -3
9391.5 0
9392.5 0
9393.5 0
9394.5 -3
9395.5 0
9396.5 0
9397.5 0
9398.5 0
9399.5 0
9400.5 0
9401.5 0
9402.5 -3
9403.5 1
9404.5 0
9405.5 1
9406.5 0
9407.5 0
9408.5 0
9409.5 0
9410.5 0
9411.5 1
9412.5 0
9413.5 0
9414.5 0
9415.5 0
9416.5 0
9417.5 0
9418.5 1
9419.5 0
9420.5 -3
9421.5 0
9422.5 0
9423.5 1
9424.5 0
9425.5 0
9426.5 0
9427.5 0
9428.5 0
9429.5 0
9430.5 0
9431.5 -3
9432.5 0
9433.5 0
9434.5 0
9435.5 1
9436.5 0
9437.5 0
9438.5 0
9439.5 0
9440.5 0
9441.5 1
9442.5 0
9443.5 0
9444.5 0
9445.5 0
9446.5 0
9447.5 0
9448.5 0
9449.5 0
9450.5 0
9451.5 0
9452.5 0
9453.5 0
9454.5 0
9455.5 0
9456.5 -3
9457.5 1
9458.5 0
9459.5 0
9460.5 0
9461.5 0
9462.5 0
9463.5 0
9464.5 1
9465.5 0
9466.5 0
9467.5 0
9468.5 0
9469.5 1
9470.5 0
9471.5 0
9472.5 1
9473.5 0
9474.5 1
9475.5 0
9476.5 0
9477.5 0
9478.5 0
9479.5 1
9480.5 0
9481.5 1
9482.5 0
9483.5 0
9484.5 0
9485.5 0
9486.5 0
9487.5 0
9488.5 0
9489.5 0
9490.5 0
9491.5 1
9492.5 0
9493.5 0
9494.5 0
9495.5 0
9496.5 0
9497.5 0
9498.5 0
9499.5 0
9500.5 0
9501.5 1
9502.5 0
9503.5 0
9504.5 0
9505.5 0
9506.5 0
9507.5 0
9508.5 0
9509.5 0
9510.5 0
9511.5 0
9512.5 0
9513.5 0
9514.5 0
9515.5 0
9516.5 0
9517.5 0
9518.5 0
9519.5 0
9520.5 0
9521.5 0
9522.5 0
9523.5 0
9524.5 0
9525.5 0
9526.5 0
9527.5 0
9528.5 0
9529.5 0
9530.5 0
9531.5 0
9532.5 0
9533.5 0
9534.5 0
9535.5 0
9536.5 0
9537.5 0
9538.5 0
9539.5 0
9540.5 0
9541.5 0
9542.5 0
9543.5 0
9544.5 0
9545.5 0
9546.5 0
9547.5 0
9548.5 0
9549.5 0
9550.5 0
9551.5 0
9552.5 0
9553.5 0
9554.5 0
9555.5 0
9556.5 -3
9557.5 0
9558.5 0
9559.5 0
9560.5 0
9561.5 0
9562.5 0
9563.5 0
9564.5 0
9565.5 0
9566.5 0
9567.5 0
9568.5 0
9569.5 0
9570.5 0
9571.5 0
9572.5 0
9573.5 0
9574.5 0
9575.5 0
9576.5 0
9577.5 0
9578.5 0
9579.5 0
9580.5 0
9581.5 1
9582.5 0
9583.5 0
9584.5 0
9585.5 0
9586.5 0
9587.5 0
9588.5 1
9589.5 0
9590.5 0
9591.5 0
9592.5 0
9593.5 0
9594.5 0
9595.5 0
9596.5 0
9597.5 0
9598.5 0
9599.5 1
9600.5 0
9601.5 0
9602.5 0
9603.5 0
9604.5 0
9605.5 0
9606.5 0
9607.5 0
9608.5 0
9609.5 1
9610.5 0
9611.5 0
9612.5 0
9613.5 -3
9614.5 0
9615.5 0
9616.5 0
9617.5 0
9618.5 0
9619.5 0
9620.5 1
9621.5 0
9622.5 0
9623.5 0
9624.5 0
9625.5 0
9626.5 1
9627.5 0
9628.5 1
9629.5 0
9630.5 0
9631.5 -3
9632.5 0
9633.5 0
9634.5 0
9635.5 1
9636.5 0
9637.5 0
9638.5 0
9639.5 0
9640.5 0
9641.5 0
9642.5 0
9643.5 0
9644.5 0
9645.5 0
9646.5 0
9647.5 0
9648.5 0
9649.5 0
9650.5 0
9651.5 0
9652.5 0
9653.5 0
9654.5 0
9655.5 0
9656.5 0
9657.5 0
9658.5 0
9659.5 0
9660.5 0
9661.5 0
9662.5 0
9663.5 0
9664.5 0
9665.5 0
9666.5 0
9667.5 0
9668.5 0
9669.5 0
9670.5 0
9671.5 0
9672.5 0
9673.5 0
9674.5 0
9675.5 0
9676.5 0
9677.5 0
9678.5 0
9679.5 0
9680.5 0
9681.5 0
9682.5 1
9683.5 0
9684.5 0
9685.5 -3
9686.5 0
9687.5 0
9688.5 0
9689.5 0
9690.5 0
9691.5 0
9692.5 0
9693.5 0
9694.5 0
9695.5 0
9696.5 0
9697.5 0
9698.5 0
9699.5 0
9700.5 0
9701.5 1
9702.5 0
9703.5 0
9704.5 0
9705.5 0
9706.5 0
9707.5 0
9708.5 1
9709.5 0
9710.5 0
9711.5 0
9712.5 0
9713.5 0
9714.5 0
9715.5 0
9716.5 0
9717.5 0
9718.5 0
9719.5 0
9720.5 0
9721.5 0
9722.5 0
9723.5 0
9724.5 1
9725.5 0
9726.5 0
9727.5 0
9728.5 0
9729.5 0
9730.5 0
9731.5 0
9732.5 0
9733.5 0
9734.5 0
9735.5 0
9736.5 0
9737.5 0
9738.5 0
9739.5 0
9740.5 0
9741.5 0
9742.5 0
9743.5 0
9744.5 0
9745.5 0
9746.5 0
9747.5 0
9748.5 0
9749.5 0
9750.5 0
9751.5 0
9752.5 0
9753.5 0
9754.5 -3
9755.5 0
9756.5 0
9757.5 0
9758.5 0
9759.5 0
9760.5 0
9761.5 0
9762.5 0
9763.5 1
9764.5 0
9765.5 0
9766.5 0
9767.5 0
9768.5 0
9769.5 0
9770.5 0
9771.5 0
9772.5 0
9773.5 0
9774.5 0
9775.5 0
9776.5 0
9777.5 0
9778.5 0
9779.5 0
9780.5 0
9781.5 0
9782.5 0
9783.5 0
9784.5 0
9785.5 0
9786.5 0
9787.5 0
9788.5 0
9789.5 0
9790.5 0
9791.5 0
9792.5 0
9793.5 0
9794.5 0
9795.5 0
9796.5 0
9797.5 0
9798.5 0
9799.5 0
9800.5 0
9801.5 0
9802.5 0
9803.5 0
9804.5 0
9805.5 0
9806.5 0
9807.5 0
9808.5 0
9809.5 0
9810.5 0
9811.5 0
9812.5 0
9813.5 0
9814.5 0
9815.5 0
9816.5 0
9817.5 0
9818.5 0
9819.5 0
9820.5 1
9821.5 0
9822.5 0
9823.5 0
9824.5 0
9825.5 1
9826.5 0
9827.5 1
9828.5 0
9829.5 0
9830.5 1
9831.5 0
9832.5 0
9833.5 0
9834.5 0
9835.5 0
9836.5 0
9837.5 -3
9838.5 0
9839.5 0
9840.5 1
9841.5 0
9842.5 0
9843.5 0
9844.5 0
9845.5 0
9846.5 0
9847.5 0
9848.5 0
9849.5 0
9850.5 0
9851.5 0
9852.5 1
9853.5 0
9854.5 0
9855.5 0
9856.5 0
9857.5 0
9858.5 0
9859.5 0
9860.5 0
9861.5 0
9862.5 0
9863.5 0
9864.5 0
9865.5 0
9866.5 0
9867.5 0
9868.5 0
9869.5 0
9870.5 0
9871.5 0
9872.5 0
9873.5 0
9874.5 0
9875.5 0
9876.5 0
9877.5 0
9878.5 0
9879.5 0
9880.5 0
9881.5 1
9882.5 0
9883.5 0
9884.5 0
9885.5 0
9886.5 0
9887.5 0
9888.5 0
9889.5 0
9890.5 0
9891.5 0
9892.5 0
9893.5 0
9894.5 0
9895.5 0
9896.5 0
9897.5 0
9898.5 0
9899.5 0
9900.5 0
9901.5 0
9902.5 0
9903.5 0
9904.5 0
9905.5 0
9906.5 0
9907.5 0
9908.5 0
9909.5 0
9910.5 0
9911.5 0
9912.5 0
9913.5 0
9914.5 0
9915.5 0
9916.5 0
9917.5 0
9918.5 0
9919.5 0
9920.5 0
9921.5 0
9922.5 0
9923.5 0
9924.5 0
9925.5 0
9926.5 0
9927.5 0
9928.5 0
9929.5 0
9930.5 0
9931.5 0
9932.5 0
9933.5 0
9934.5 0
9935.5 0
9936.5 0
9937.5 0
9938.5 0
9939.5 0
9940.5 0
9941.5 0
9942.5 0
9943.5 0
9944.5 0
9945.5 0
9946.5 0
9947.5 0
9948.5 0
9949.5 0
9950.5 0
9951.5 0
9952.5 0
9953.5 0
9954.5 0
9955.5 0
9956.5 0
9957.5 0
9958.5 0
9959.5 0
9960.5 0
9961.5 0
9962.5 0
9963.5 0
9964.5 0
9965.5 0
9966.5 0
9967.5 -3
9968.5 1
9969.5 0
9970.5 0
9971.5 0
9972.5 0
9973.5 0
9974.5 0
9975.5 0
9976.5 0
9977.5 0
9978.5 0
9979.5 0
9980.5 0
9981.5 0
9982.5 0
9983.5 0
9984.5 0
9985.5 0
9986.5 0
9987.5 0
9988.5 0
9989.5 0
9990.5 0
9991.5 -3
9992.5 0
9993.5 0
9994.5 1
9995.5 0
9996.5 0
9997.5 0
9998.5 0
9999.5 0
10000.5 0
10001.5 0
10002.5 0
10003.5 0
10004.5 0
10005.5 0
10006.5 0
10007.5 0
10008.5 0
10009.5 0
10010.5 0
10011.5 0
10012.5 0
10013.5 0
10014.5 0
10015.5 0
10016.5 0
10017.5 0
10018.5 0
10019.5 0
10020.5 0
10021.5 0
10022.5 0
10023.5 0
10024.5 0
10025.5 0
10026.5 0
10027.5 0
10028.5 0
10029.5 0
10030.5 0
10031.5 0
10032.5 0
10033.5 0
10034.5 1
10035.5 0
10036.5 0
10037.5 0
10038.5 0
10039.5 0
10040.5 0
10041.5 0
10042.5 0
10043.5 0
10044.5 0
10045.5 0
10046.5 0
10047.5 0
10048.5 0
10049.5 0
10050.5 0
10051.5 0
10052.5 1
10053.5 0
10054.5 0
10055.5 0
10056.5 0
10057.5 0
10058.5 0
10059.5 0
10060.5 0
10061.5 0
10062.5 0
10063.5 0
10064.5 0
10065.5 0
10066.5 0
10067.5 0
10068.5 0
10069.5 0
10070.5 0
10071.5 0
10072.5 0
10073.5 0
10074.5 0
10075.5 0
10076.5 0
10077.5 0
10078.5 0
10079.5 0
10080.5 0
10081.5 0
10082.5 0
10083.5 0
10084.5 0
10085.5 0
10086.5 0
10087.5 0
10088.5 0
10089.5 0
10090.5 0
10091.5 0
10092.5 0
10093.5 0
10094.5 0
10095.5 0
10096.5 0
10097.5 0
10098.5 0
10099.5 0
10100.5 0
10101.5 0
10102.5 0
10103.5 0
10104.5 0
10105.5 0
10106.5 0
10107.5 0
10108.5 0
10109.5 0
10110.5 0
10111.5 0
10112.5 0
10113.5 0
10114.5 0
10115.5 0
10116.5 0
10117.5 0
10118.5 0
10119.5 0
10120.5 0
10121.5 0
10122.5 0
10123.5 0
10124.5 0
10125.5 0
10126.5 0
10127.5 0
10128.5 0
10129.5 0
10130.5 0
10131.5 0
10132.5 0
10133.5 0
10134.5 0
10135.5 0
10136.5 0
10137.5 0
10138.5 0
10139.5 0
10140.5 0
10141.5 0
10142.5 0
10143.5 0
10144.5 0
10145.5 0
10146.5 0
10147.5 0
10148.5 0
10149.5 0
10150.5 0
10151.5 0
10152.5 -3
10153.5 0
10154.5 0
10155.5 0
10156.5 0
10157.5 1
10158.5 0
10159.5 0
10160.5 0
10161.5 0
10162.5 0
10163.5 0
10164.5 0
10165.5 0
10166.5 0
10167.5 0
10168.5 0
10169.5 0
10170.5 0
10171.5 0
10172.5 0
10173.5 0
10174.5 0
10175.5 0
10176.5 0
10177.5 0
10178.5 0
10179.5 0
10180.5 0
10181.5 0
10182.5 0
10183.5 0
10184.5 0
10185.5 0
10186.5 0
10187.5 0
10188.5 0
10189.5 0
10190.5 0
10191.5 0
10192.5 0
10193.5 0
10194.5 0
10195.5 0
10196.5 1
10197.5 0
10198.5 0
10199.5 0
10200.5 0
10201.5 0
10202.5 0
10203.5 0
10204.5 0
10205.5 0
10206.5 0
10207.5 0
10208.5 0
10209.5 0
10210.5 0
10211.5 0
10212.5 0
10213.5 0
10214.5 0
10215.5 0
10216.5 0
10217.5 0
10218.5 0
10219.5 0
10220.5 0
10221.5 0
10222.5 0
10223.5 0
10224.5 0
10225.5 0
10226.5 0
10227.5 0
10228.5 0
10229.5 0
10230.5 0
10231.5 0
10232.5 0
10233.5 0
10234.5 0
10235.5 0
10236.5 0
10237.5 0
10238.5 0
10239.5 0
10240.5 0
10241.5 0
10242.5 0
10243.5 0
10244.5 0
10245.5 0
10246.5 0
10247.5 0
10248.5 0
10249.5 0
10250.5 0
10251.5 0
10252.5 0
10253.5 0
10254.5 0
10255.5 0
10256.5 0
10257.5 0
10258.5 0
10259.5 0
10260.5 0
10261.5 0
10262.5 0
10263.5 0
10264.5 0
10265.5 0
10266.5 0
10267.5 0
10268.5 0
10269.5 0
10270.5 0
10271.5 0
10272.5 0
10273.5 0
10274.5 0
10275.5 0
10276.5 0
10277.5 0
10278.5 0
10279.5 0
10280.5 0
10281.5 0
10282.5 0
10283.5 0
10284.5 0
10285.5 0
10286.5 0
10287.5 0
10288.5 0
10289.5 0
10290.5 0
10291.5 0
10292.5 0
10293.5 0
10294.5 0
10295.5 0
10296.5 0
10297.5 0
10298.5 0
10299.5 0
10300.5 0
10301.5 0
10302.5 0
10303.5 0
10304.5 0
10305.5 1
10306.5 0
10307.5 0
10308.5 0
10309.5 0
10310.5 0
10311.5 0
10312.5 0
10313.5 0
10314.5 0
10315.5 0
10316.5 0
10317.5 0
10318.5 0
10319.5 0
10320.5 0
10321.5 0
10322.5 0
10323.5 0
10324.5 0
10325.5 0
10326.5 0
10327.5 0
10328.5 0
10329.5 0
10330.5 0
10331.5 0
10332.5 0
10333.5 0
10334.5 0
10335.5 0
10336.5 0
10337.5 0
10338.5 0
10339.5 0
10340.5 0
10341.5 0
10342.5 0
10343.5 0
10344.5 0
10345.5 0
10346.5 0
10347.5 0
10348.5 0
10349.5 0
10350.5 0
10351.5 0
10352.5 0
10353.5 0
10354.5 0
10355.5 0
10356.5 0
10357.5 0
10358.5 0
10359.5 0
10360.5 0
10361.5 0
10362.5 0
10363.5 0
10364.5 0
10365.5 0
10366.5 0
10367.5 0
10368.5 0
10369.5 0
10370.5 0
10371.5 0
10372.5 0
10373.5 0
10374.5 0
10375.5 0
10376.5 0
10377.5 0
10378.5 0
10379.5 0
10380.5 0
10381.5 0
10382.5 0
10383.5 0
10384.5 0
10385.5 0
10386.5 0
10387.5 0
10388.5 0
10389.5 0
10390.5 0
10391.5 0
10392.5 0
10393.5 0
10394.5 0
10395.5 0
10396.5 0
10397.5 0
10398.5 0
10399.5 0
10400.5 0
10401.5 0
10402.5 0
10403.5 0
10404.5 0
10405.5 0
10406.5 0
10407.5 0
10408.5 0
10409.5 0
10410.5 0
10411.5 0
10412.5 0
10413.5 0
10414.5 0
10415.5 0
10416.5 0
10417.5 0
10418.5 0
10419.5 0
10420.5 0
10421.5 0
10422.5 0
10423.5 0
10424.5 0
10425.5 0
10426.5 0
10427.5 0
10428.5 0
10429.5 0
10430.5 0
10431.5 0
10432.5 0
10433.5 0
10434.5 0
10435.5 0
10436.5 0
10437.5 0
10438.5 0
10439.5 0
10440.5 0
10441.5 0
10442.5 0
10443.5 0
10444.5 0
10445.5 0
10446.5 0
10447.5 0
10448.5 0
10449.5 0
10450.5 0
10451.5 0
10452.5 0
10453.5 0
10454.5 0
10455.5 0
10456.5 0
10457.5 0
10458.5 0
10459.5 0
10460.5 0
10461.5 0
10462.5 0
10463.5 0
10464.5 0
10465.5 0
10466.5 0
10467.5 0
10468.5 0
10469.5 0
10470.5 0
10471.5 0
10472.5 0
10473.5 0
10474.5 0
10475.5 0
10476.5 0
10477.5 0
10478.5 0
10479.5 0
10480.5 0
10481.5 0
10482.5 0
10483.5 0
10484.5 0
10485.5 0
10486.5 0
10487.5 0
10488.5 0
10489.5 0
10490.5 0
10491.5 0
10492.5 0
10493.5 0
10494.5 0
10495.5 0
10496.5 0
10497.5 0
10498.5 0
10499.5 0
10500.5 0
10501.5 0
10502.5 0
10503.5 0
10504.5 0
10505.5 0
10506.5 0
10507.5 0
10508.5 0
10509.5 0
10510.5 0
10511.5 0
10512.5 0
10513.5 0
10514.5 0
10515.5 0
10516.5 0
10517.5 0
10518.5 1
10519.5 0
10520.5 0
10521.5 0
10522.5 0
10523.5 0
10524.5 0
10525.5 0
10526.5 0
10527.5 0
10528.5 0
10529.5 0
10530.5 0
10531.5 0
10532.5 0
10533.5 0
10534.5 0
10535.5 0
10536.5 0
10537.5 0
10538.5 0
10539.5 0
10540.5 0
10541.5 0
10542.5 0
10543.5 0
10544.5 0
10545.5 0
10546.5 0
10547.5 0
10548.5 0
10549.5 0
10550.5 0
10551.5 0
10552.5 0
10553.5 0
10554.5 0
10555.5 0
10556.5 0
10557.5 0
10558.5 0
10559.5 0
10560.5 0
10561.5 0
10562.5 0
10563.5 0
10564.5 0
10565.5 0
10566.5 0
10567.5 0
10568.5 1
10569.5 0
10570.5 0
10571.5 -3
10572.5 0
10573.5 0
10574.5 0
10575.5 0
10576.5 0
10577.5 0
10578.5 0
10579.5 0
10580.5 0
10581.5 0
10582.5 0
10583.5 0
10584.5 0
10585.5 0
10586.5 0
10587.5 0
10588.5 0
10589.5 1
10590.5 0
10591.5 0
10592.5 0
10593.5 0
10594.5 0
10595.5 0
10596.5 0
10597.5 0
10598.5 0
10599.5 0
10600.5 0
10601.5 0
10602.5 0
10603.5 0
10604.5 0
10605.5 0
10606.5 0
10607.5 0
10608.5 0
10609.5 0
10610.5 0
10611.5 0
10612.5 -3
10613.5 0
10614.5 0
10615.5 0
10616.5 0
10617.5 0
10618.5 1
10619.5 0
10620.5 0
10621.5 0
10622.5 0
10623.5 0
10624.5 0
10625.5 0
10626.5 0
10627.5 0
10628.5 0
10629.5 0
10630.5 0
10631.5 0
10632.5 0
10633.5 0
10634.5 0
10635.5 0
10636.5 0
10637.5 0
10638.5 0
10639.5 0
10640.5 0
10641.5 0
10642.5 0
10643.5 0
10644.5 0
10645.5 0
10646.5 0
10647.5 0
10648.5 0
10649.5 0
10650.5 0
10651.5 0
10652.5 0
10653.5 0
10654.5 0
10655.5 0
10656.5 0
10657.5 0
10658.5 0
10659.5 0
10660.5 0
10661.5 0
10662.5 0
10663.5 0
10664.5 0
10665.5 0
10666.5 0
10667.5 0
10668.5 0
10669.5 0
10670.5 0
10671.5 0
10672.5 0
10673.5 0
10674.5 0
10675.5 0
10676.5 0
10677.5 0
10678.5 0
10679.5 0
10680.5 0
10681.5 0
10682.5 0
10683.5 0
10684.5 0
10685.5 1
10686.5 0
10687.5 0
10688.5 0
10689.5 0
10690.5 0
10691.5 0
10692.5 0
10693.5 0
10694.5 0
10695.5 0
10696.5 0
10697.5 0
10698.5 0
10699.5 0
10700.5 0
10701.5 0
10702.5 0
10703.5 0
10704.5 0
10705.5 0
10706.5 0
10707.5 0
10708.5 0
10709.5 0
10710.5 0
10711.5 0
10712.5 0
10713.5 0
10714.5 0
10715.5 0
10716.5 0
10717.5 0
10718.5 0
10719.5 0
10720.5 0
10721.5 0
10722.5 0
10723.5 0
10724.5 0
10725.5 0
10726.5 0
10727.5 0
10728.5 0
10729.5 0
10730.5 0
10731.5 0
10732.5 0
10733.5 0
10734.5 0
10735.5 0
10736.5 0
10737.5 0
10738.5 0
10739.5 0
10740.5 0
10741.5 0
10742.5 0
10743.5 0
10744.5 0
10745.5 0
10746.5 0
10747.5 0
10748.5 0
10749.5 0
10750.5 0
10751.5 0
10752.5 0
10753.5 0
10754.5 0
10755.5 0
10756.5 0
10757.5 0
10758.5 0
10759.5 0
10760.5 0
10761.5 0
10762.5 0
10763.5 0
10764.5 0
10765.5 0
10766.5 0
10767.5 0
10768.5 0
10769.5 0
10770.5 0
10771.5 0
10772.5 0
10773.5 0
10774.5 0
10775.5 0
10776.5 0
10777.5 0
10778.5 0
10779.5 0
10780.5 0
10781.5 0
10782.5 0
10783.5 0
10784.5 0
10785.5 0
10786.5 0
10787.5 0
10788.5 0
10789.5 0
10790.5 0
10791.5 0
10792.5 0
10793.5 0
10794.5 0
10795.5 0
10796.5 0
10797.5 0
10798.5 0
10799.5 0
10800.5 0
10801.5 0
10802.5 0
10803.5 0
10804.5 0
10805.5 0
10806.5 0
10807.5 0
10808.5 0
10809.5 0
10810.5 0
10811.5 0
10812.5 0
10813.5 0
10814.5 0
10815.5 0
10816.5 0
10817.5 0
10818.5 0
10819.5 0
10820.5 0
10821.5 0
10822.5 0
10823.5 0
10824.5 0
10825.5 0
10826.5 0
10827.5 0
10828.5 0
10829.5 0
10830.5 0
10831.5 0
10832.5 0
10833.5 0
10834.5 0
10835.5 0
10836.5 0
10837.5 0
10838.5 0
10839.5 0
10840.5 0
10841.5 0
10842.5 0
10843.5 0
10844.5 0
10845.5 0
10846.5 0
10847.5 0
10848.5 0
10849.5 0
10850.5 0
10851.5 0
10852.5 0
10853.5 0
10854.5 0
10855.5 0
10856.5 0
10857.5 0
10858.5 0
10859.5 0
10860.5 0
10861.5 0
10862.5 0
10863.5 0
10864.5 0
10865.5 0
10866.5 0
10867.5 0
10868.5 0
10869.5 0
10870.5 0
10871.5 0
10872.5 0
10873.5 0
10874.5 0
10875.5 0
10876.5 0
10877.5 0
10878.5 0
10879.5 0
10880.5 0
10881.5 0
10882.5 0
10883.5 0
10884.5 0
10885.5 0
10886.5 0
10887.5 0
10888.5 0
10889.5 0
10890.5 0
10891.5 0
10892.5 0
10893.5 0
10894.5 0
10895.5 0
10896.5 0
10897.5 0
10898.5 0
10899.5 0
10900.5 0
10901.5 0
10902.5 0
10903.5 0
10904.5 0
10905.5 0
10906.5 0
10907.5 0
10908.5 0
10909.5 0
10910.5 0
10911.5 0
10912.5 0
10913.5 0
10914.5 0
10915.5 0
10916.5 0
10917.5 0
10918.5 0
10919.5 0
10920.5 0
10921.5 0
10922.5 0
10923.5 0
10924.5 0
10925.5 0
10926.5 0
10927.5 0
10928.5 0
10929.5 0
10930.5 0
10931.5 0
10932.5 0
10933.5 0
10934.5 0
10935.5 0
10936.5 0
10937.5 1
10938.5 0
10939.5 0
10940.5 0
10941.5 0
10942.5 0
10943.5 0
10944.5 0
10945.5 0
10946.5 0
10947.5 0
10948.5 0
10949.5 0
10950.5 0
10951.5 0
10952.5 0
10953.5 0
10954.5 0
10955.5 0
10956.5 0
10957.5 0
10958.5 0
10959.5 0
10960.5 0
10961.5 0
10962.5 0
10963.5 0
10964.5 0
10965.5 0
10966.5 0
10967.5 0
10968.5 0
10969.5 0
10970.5 0
10971.5 0
10972.5 0
10973.5 0
10974.5 0
10975.5 0
10976.5 0
10977.5 0
10978.5 0
10979.5 0
10980.5 0
10981.5 0
10982.5 0
10983.5 0
10984.5 0
10985.5 0
10986.5 0
10987.5 0
10988.5 0
10989.5 0
10990.5 0
10991.5 0
10992.5 0
10993.5 0
10994.5 0
10995.5 0
10996.5 0
10997.5 0
10998.5 0
10999.5 0
11000.5 0
11001.5 0
11002.5 0
11003.5 0
11004.5 0
11005.5 0
11006.5 0
11007.5 0
11008.5 0
11009.5 0
11010.5 0
11011.5 0
11012.5 0
11013.5 0
11014.5 0
11015.5 0
11016.5 0
11017.5 0
11018.5 0
11019.5 0
11020.5 0
11021.5 0
11022.5 0
11023.5 0
11024.5 0
11025.5 0
11026.5 0
11027.5 0
11028.5 0
11029.5 0
11030.5 0
11031.5 0
11032.5 0
11033.5 0
11034.5 0
11035.5 0
11036.5 0
11037.5 0
11038.5 0
11039.5 0
11040.5 0
11041.5 0
11042.5 0
11043.5 0
11044.5 0
11045.5 0
11046.5 0
11047.5 0
11048.5 0
11049.5 0
11050.5 0
11051.5 0
11052.5 -3
11053.5 0
11054.5 0
11055.5 0
11056.5 0
11057.5 0
11058.5 0
11059.5 0
11060.5 0
11061.5 0
11062.5 0
11063.5 0
11064.5 0
11065.5 0
11066.5 0
11067.5 0
11068.5 0
11069.5 0
11070.5 0
11071.5 0
11072.5 0
11073.5 0
11074.5 0
11075.5 0
11076.5 0
11077.5 0
11078.5 0
11079.5 0
11080.5 0
11081.5 0
11082.5 0
11083.5 0
11084.5 0
11085.5 0
11086.5 1
11087.5 0
11088.5 0
11089.5 0
11090.5 0
11091.5 0
11092.5 0
11093.5 0
11094.5 0
11095.5 0
11096.5 0
11097.5 0
11098.5 0
11099.5 0
11100.5 0
11101.5 0
11102.5 0
11103.5 0
11104.5 0
11105.5 0
11106.5 0
11107.5 0
11108.5 0
11109.5 0
11110.5 0
11111.5 0
11112.5 0
11113.5 0
11114.5 0
11115.5 0
11116.5 0
11117.5 0
11118.5 0
11119.5 0
11120.5 0
11121.5 0
11122.5 0
11123.5 0
11124.5 0
11125.5 0
11126.5 0
11127.5 0
11128.5 0
11129.5 0
11130.5 0
11131.5 0
11132.5 0
11133.5 0
11134.5 0
11135.5 0
11136.5 0
11137.5 0
11138.5 0
11139.5 0
11140.5 0
11141.5 0
11142.5 0
11143.5 0
11144.5 0
11145.5 0
11146.5 0
11147.5 0
11148.5 0
11149.5 0
11150.5 0
11151.5 0
11152.5 0
11153.5 0
11154.5 0
11155.5 0
11156.5 0
11157.5 0
11158.5 0
11159.5 0
11160.5 0
11161.5 0
11162.5 0
11163.5 0
11164.5 0
11165.5 0
11166.5 0
11167.5 0
11168.5 0
11169.5 0
11170.5 0
11171.5 0
11172.5 0
11173.5 0
11174.5 0
11175.5 0
11176.5 0
11177.5 0
11178.5 0
11179.5 0
11180.5 0
11181.5 0
11182.5 0
11183.5 0
11184.5 0
11185.5 0
11186.5 0
11187.5 0
11188.5 0
11189.5 0
11190.5 0
11191.5 0
11192.5 0
11193.5 0
11194.5 0
11195.5 0
11196.5 0
11197.5 0
11198.5 0
11199.5 0
11200.5 0
11201.5 0
11202.5 0
11203.5 0
11204.5 0
11205.5 0
11206.5 0
11207.5 0
11208.5 0
11209.5 0
11210.5 0
11211.5 0
11212.5 0
11213.5 0
11214.5 0
11215.5 0
11216.5 0
11217.5 0
11218.5 0
11219.5 0
11220.5 0
11221.5 0
11222.5 0
11223.5 0
11224.5 0
11225.5 0
11226.5 0
11227.5 0
11228.5 0
11229.5 0
11230.5 0
11231.5 0
11232.5 0
11233.5 0
11234.5 0
11235.5 0
11236.5 0
11237.5 0
11238.5 0
11239.5 0
11240.5 0
11241.5 0
11242.5 0
11243.5 0
11244.5 0
11245.5 0
11246.5 0
11247.5 0
11248.5 0
11249.5 0
11250.5 0
11251.5 0
11252.5 0
11253.5 0
11254.5 0
11255.5 0
11256.5 0
11257.5 0
11258.5 0
11259.5 1
11260.5 0
11261.5 0
11262.5 0
11263.5 0
11264.5 0
11265.5 0
11266.5 0
11267.5 0
11268.5 0
11269.5 0
11270.5 0
11271.5 0
11272.5 0
11273.5 0
11274.5 0
11275.5 0
11276.5 0
11277.5 0
11278.5 0
11279.5 0
11280.5 0
11281.5 0
11282.5 0
11283.5 0
11284.5 0
11285.5 0
11286.5 0
11287.5 0
11288.5 0
11289.5 0
11290.5 0
11291.5 0
11292.5 0
11293.5 0
11294.5 0
11295.5 0
11296.5 0
11297.5 0
11298.5 0
11299.5 0
11300.5 0
11301.5 0
11302.5 0
11303.5 0
11304.5 0
11305.5 0
11306.5 0
11307.5 0
11308.5 0
11309.5 0
11310.5 0
11311.5 0
11312.5 0
11313.5 0
11314.5 0
11315.5 0
11316.5 0
11317.5 0
11318.5 0
11319.5 0
11320.5 0
11321.5 0
11322.5 0
11323.5 0
11324.5 0
11325.5 0
11326.5 0
11327.5 0
11328.5 0
11329.5 0
11330.5 0
11331.5 0
11332.5 0
11333.5 0
11334.5 0
11335.5 0
11336.5 0
11337.5 0
11338.5 0
11339.5 0
11340.5 0
11341.5 0
11342.5 0
11343.5 0
11344.5 0
11345.5 0
11346.5 0
11347.5 0
11348.5 0
11349.5 0
11350.5 0
11351.5 0
11352.5 0
11353.5 0
11354.5 0
11355.5 0
11356.5 0
11357.5 0
11358.5 0
11359.5 0
11360.5 0
11361.5 0
11362.5 0
11363.5 0
11364.5 0
11365.5 0
11366.5 0
11367.5 0
11368.5 0
11369.5 0
11370.5 0
11371.5 0
11372.5 0
11373.5 0
11374.5 0
11375.5 0
11376.5 0
11377.5 0
11378.5 0
11379.5 0
11380.5 0
11381.5 0
11382.5 0
11383.5 0
11384.5 0
11385.5 0
11386.5 0
11387.5 0
11388.5 0
11389.5 0
11390.5 0
11391.5 0
11392.5 0
11393.5 0
11394.5 0
11395.5 0
11396.5 0
11397.5 0
11398.5 0
11399.5 0
11400.5 0
11401.5 0
11402.5 0
11403.5 0
11404.5 0
11405.5 0
11406.5 0
11407.5 0
11408.5 0
11409.5 0
11410.5 0
11411.5 0
11412.5 0
11413.5 1
11414.5 0
11415.5 0
11416.5 0
11417.5 0
11418.5 0
11419.5 0
11420.5 0
11421.5 -3
11422.5 0
11423.5 0
11424.5 0
11425.5 0
11426.5 0
11427.5 0
11428.5 0
11429.5 0
11430.5 0
11431.5 0
11432.5 0
11433.5 0
11434.5 0
11435.5 0
11436.5 0
11437.5 0
11438.5 0
11439.5 0
11440.5 0
11441.5 0
11442.5 0
11443.5 0
11444.5 0
11445.5 0
11446.5 0
11447.5 0
11448.5 0
11449.5 0
11450.5 0
11451.5 0
11452.5 0
11453.5 0
11454.5 0
11455.5 0
11456.5 0
11457.5 0
11458.5 0
11459.5 0
11460.5 0
11461.5 0
11462.5 0
11463.5 0
11464.5 0
11465.5 0
11466.5 0
11467.5 0
11468.5 0
11469.5 0
11470.5 0
11471.5 0
11472.5 0
11473.5 0
11474.5 0
11475.5 0
11476.5 0
11477.5 0
11478.5 0
11479.5 2
11480.5 0
11481.5 0
11482.5 0
11483.5 0
11484.5 0
11485.5 0
11486.5 0
11487.5 0
11488.5 0
11489.5 0
11490.5 0
11491.5 0
11492.5 0
11493.5 0
11494.5 0
11495.5 0
11496.5 0
11497.5 0
11498.5 0
11499.5 0
11500.5 0
11501.5 0
11502.5 0
11503.5 0
11504.5 0
11505.5 0
11506.5 0
11507.5 0
11508.5 0
11509.5 0
11510.5 0
11511.5 0
11512.5 0
11513.5 0
11514.5 0
11515.5 0
11516.5 0
11517.5 0
11518.5 0
11519.5 0
11520.5 0
11521.5 0
11522.5 0
11523.5 0
11524.5 0
11525.5 0
11526.5 0
11527.5 0
11528.5 0
11529.5 0
11530.5 0
11531.5 0
11532.5 0
11533.5 0
11534.5 0
11535.5 0
11536.5 0
11537.5 0
11538.5 0
11539.5 0
11540.5 0
11541.5 0
11542.5 0
11543.5 0
11544.5 0
11545.5 0
11546.5 0
11547.5 0
11548.5 0
11549.5 0
11550.5 0
11551.5 0
11552.5 0
11553.5 0
11554.5 0
11555.5 0
11556.5 0
11557.5 0
11558.5 0
11559.5 0
11560.5 0
11561.5 0
11562.5 0
11563.5 0
11564.5 0
11565.5 0
11566.5 0
11567.5 0
11568.5 0
11569.5 0
11570.5 0
11571.5 0
11572.5 0
11573.5 0
11574.5 0
11575.5 0
11576.5 0
11577.5 0
11578.5 0
11579.5 0
11580.5 0
11581.5 0
11582.5 0
11583.5 0
11584.5 0
11585.5 0
11586.5 0
11587.5 0
11588.5 0
11589.5 0
11590.5 0
11591.5 0
11592.5 0
11593.5 0
11594.5 0
11595.5 0
11596.5 0
11597.5 0
11598.5 0
11599.5 0
11600.5 0
11601.5 0
11602.5 0
11603.5 0
11604.5 0
11605.5 0
11606.5 0
11607.5 0
11608.5 0
11609.5 0
11610.5 0
11611.5 0
11612.5 0
11613.5 0
11614.5 0
11615.5 0
11616.5 0
11617.5 0
11618.5 0
11619.5 0
11620.5 0
11621.5 0
11622.5 0
11623.5 0
11624.5 0
11625.5 0
11626.5 0
11627.5 0
11628.5 0
11629.5 0
11630.5 0
11631.5 0
11632.5 0
11633.5 0
11634.5 0
11635.5 0
11636.5 0
11637.5 0
11638.5 0
11639.5 0
11640.5 0
11641.5 0
11642.5 0
11643.5 0
11644.5 0
11645.5 0
11646.5 0
11647.5 0
11648.5 0
11649.5 0
11650.5 0
11651.5 0
11652.5 0
11653.5 0
11654.5 0
11655.5 0
11656.5 0
11657.5 0
11658.5 0
11659.5 0
11660.5 0
11661.5 0
11662.5 0
11663.5 0
11664.5 0
11665.5 0
11666.5 0
11667.5 0
11668.5 0
11669.5 0
11670.5 0
11671.5 0
11672.5 0
11673.5 0
11674.5 0
11675.5 0
11676.5 0
11677.5 0
11678.5 0
11679.5 0
11680.5 0
11681.5 0
11682.5 0
11683.5 0
11684.5 0
11685.5 0
11686.5 0
11687.5 0
11688.5 0
11689.5 0
11690.5 0
11691.5 0
11692.5 0
11693.5 0
11694.5 0
11695.5 0
11696.5 0
11697.5 0
11698.5 0
11699.5 0
11700.5 0
11701.5 0
11702.5 0
11703.5 0
11704.5 0
11705.5 0
11706.5 0
11707.5 0
11708.5 0
11709.5 0
11710.5 0
11711.5 0
11712.5 0
11713.5 0
11714.5 0
11715.5 0
11716.5 0
11717.5 0
11718.5 0
11719.5 0
11720.5 0
11721.5 0
11722.5 0
11723.5 0
11724.5 0
11725.5 0
11726.5 0
11727.5 0
11728.5 0
11729.5 0
11730.5 0
11731.5 0
11732.5 0
11733.5 0
11734.5 0
11735.5 0
11736.5 0
11737.5 0
11738.5 0
11739.5 0
11740.5 0
11741.5 0
11742.5 0
11743.5 0
11744.5 0
11745.5 0
11746.5 0
11747.5 0
11748.5 0
11749.5 0
11750.5 0
11751.5 0
11752.5 0
11753.5 0
11754.5 0
11755.5 1
11756.5 0
11757.5 0
11758.5 0
11759.5 0
11760.5 0
11761.5 0
11762.5 0
11763.5 0
11764.5 0
11765.5 0
11766.5 0
11767.5 0
11768.5 0
11769.5 0
11770.5 0
11771.5 0
11772.5 0
11773.5 0
11774.5 0
11775.5 0
11776.5 0
11777.5 0
11778.5 0
11779.5 0
11780.5 0
11781.5 0
11782.5 0
11783.5 0
11784.5 0
11785.5 0
11786.5 0
11787.5 0
11788.5 0
11789.5 0
11790.5 0
11791.5 0
11792.5 0
11793.5 0
11794.5 0
11795.5 0
11796.5 0
11797.5 0
11798.5 0
11799.5 0
11800.5 0
11801.5 0
11802.5 0
11803.5 0
11804.5 0
11805.5 0
11806.5 0
11807.5 0
11808.5 0
11809.5 0
11810.5 0
11811.5 0
11812.5 0
11813.5 0
11814.5 0
11815.5 0
11816.5 0
11817.5 0
11818.5 0
11819.5 0
11820.5 0
11821.5 0
11822.5 0
11823.5 0
11824.5 0
11825.5 0
11826.5 0
11827.5 0
11828.5 0
11829.5 0
11830.5 0
11831.5 0
11832.5 0
11833.5 0
11834.5 0
11835.5 0
11836.5 0
11837.5 0
11838.5 0
11839.5 0
11840.5 0
11841.5 0
11842.5 0
11843.5 0
11844.5 0
11845.5 0
11846.5 0
11847.5 0
11848.5 0
11849.5 0
11850.5 0
11851.5 0
11852.5 0
11853.5 0
11854.5 0
11855.5 0
11856.5 0
11857.5 0
11858.5 0
11859.5 0
11860.5 0
11861.5 0
11862.5 0
11863.5 0
11864.5 0
11865.5 0
11866.5 0
11867.5 0
11868.5 0
11869.5 0
11870.5 0
11871.5 0
11872.5 0
11873.5 0
11874.5 0
11875.5 0
11876.5 0
11877.5 0
11878.5 0
11879.5 0
11880.5 0
11881.5 0
11882.5 0
11883.5 0
11884.5 0
11885.5 0
11886.5 0
11887.5 0
11888.5 0
11889.5 0
11890.5 0
11891.5 0
11892.5 0
11893.5 0
11894.5 0
11895.5 0
11896.5 0
11897.5 0
11898.5 0
11899.5 0
11900.5 0
11901.5 0
11902.5 0
11903.5 0
11904.5 0
11905.5 0
11906.5 0
11907.5 0
11908.5 0
11909.5 0
11910.5 0
11911.5 0
11912.5 0
11913.5 0
11914.5 0
11915.5 0
11916.5 0
11917.5 0
11918.5 0
11919.5 0
11920.5 0
11921.5 0
11922.5 0
11923.5 0
11924.5 0
11925.5 0
11926.5 0
11927.5 0
11928.5 0
11929.5 0
11930.5 0
11931.5 0
11932.5 0
11933.5 0
11934.5 0
11935.5 0
11936.5 0
11937.5 0
11938.5 0
11939.5 0
11940.5 0
11941.5 0
11942.5 0
11943.5 0
11944.5 0
11945.5 0
11946.5 0
11947.5 0
11948.5 0
11949.5 0
11950.5 0
11951.5 0
11952.5 0
11953.5 0
11954.5 0
11955.5 0
11956.5 0
11957.5 0
11958.5 0
11959.5 0
11960.5 0
11961.5 0
11962.5 0
11963.5 0
11964.5 0
11965.5 0
11966.5 0
11967.5 0
11968.5 0
11969.5 0
11970.5 0
11971.5 0
11972.5 0
11973.5 0
11974.5 0
11975.5 0
11976.5 0
11977.5 0
11978.5 0
11979.5 0
11980.5 0
11981.5 0
11982.5 0
11983.5 0
11984.5 0
11985.5 0
11986.5 0
11987.5 0
11988.5 0
11989.5 0
11990.5 0
11991.5 0
11992.5 0
11993.5 0
11994.5 0
11995.5 0
11996.5 0
11997.5 0
11998.5 0
11999.5 0
