# EGG_ProjY_E4183.0(3.0)_B4192.5(2.5)_B4155.0(1.0)
# X axis : Energy (keV) [Y axis]
# Y axis : Counts/1 keV
# N Bins : 12000
# X Min : 0
# X Max : 12000
# X value at the center of the bins
0.5 0
1.5 0
2.5 0
3.5 0
4.5 0
5.5 9.71429
6.5 -5.85714
7.5 -1.85714
8.5 1.14286
9.5 8.28571
10.5 -10.1429
11.5 -21.5714
12.5 -15
13.5 9.85714
14.5 -2.85714
15.5 17
16.5 -3.42857
17.5 24.1429
18.5 19.4286
19.5 3.85714
20.5 13.1429
21.5 -33.7143
22.5 61.2857
23.5 15.2857
24.5 48.2857
25.5 -21.2857
26.5 40.1429
27.5 33.4286
28.5 11.7143
29.5 13.4286
30.5 19
31.5 16.8571
32.5 70.2857
33.5 22.8571
34.5 88
35.5 -9.00001
36.5 106.714
37.5 5.28571
38.5 62.5714
39.5 67.8571
40.5 108.429
41.5 3.99999
42.5 41.7143
43.5 55.1428
44.5 87.7143
45.5 48.5714
46.5 118
47.5 27.5714
48.5 25.7143
49.5 73.4286
50.5 -6.42858
51.5 -27.4286
52.5 -78
53.5 21.1428
54.5 7.85713
55.5 93.5714
56.5 58.8571
57.5 -28
58.5 89.5714
59.5 63.7143
60.5 21.2857
61.5 100.571
62.5 79.7143
63.5 11.4286
64.5 73.5714
65.5 77.2857
66.5 -46.2857
67.5 29.5714
68.5 55
69.5 103.286
70.5 34.1428
71.5 59.1428
72.5 73
73.5 50.7143
74.5 68.2857
75.5 136
76.5 175.143
77.5 88.2857
78.5 111
79.5 45.8571
80.5 129.571
81.5 -32
82.5 66
83.5 79.4286
84.5 -1.14287
85.5 39.1428
86.5 63.4286
87.5 44
88.5 2.14284
89.5 98.7143
90.5 68.1428
91.5 132.429
92.5 38
93.5 33.1428
94.5 44
95.5 176.286
96.5 81
97.5 14
98.5 142.286
99.5 88.2857
100.5 149.857
101.5 43.1428
102.5 51.1428
103.5 -0.285727
104.5 50.4286
105.5 51.8571
106.5 110.143
107.5 57.1428
108.5 80.5714
109.5 -16.8572
110.5 0.999986
111.5 35.7143
112.5 -0.571442
113.5 56.7143
114.5 96.4286
115.5 106.857
116.5 77
117.5 87.7143
118.5 81.2857
119.5 111.286
120.5 97.7143
121.5 53.7143
122.5 75.7143
123.5 35.7143
124.5 139.857
125.5 46.8571
126.5 156.714
127.5 109.571
128.5 -25.5714
129.5 94
130.5 64.4286
131.5 46.8571
132.5 100.429
133.5 39.8571
134.5 152.143
135.5 -81
136.5 83
137.5 61.8571
138.5 -59.5714
139.5 79.1428
140.5 158.286
141.5 29.8571
142.5 102.571
143.5 38
144.5 96.1428
145.5 -69.2857
146.5 135
147.5 77.4286
148.5 114.857
149.5 5.14284
150.5 100.286
151.5 54.2857
152.5 43.1428
153.5 24.4286
154.5 79.5714
155.5 90.4286
156.5 54.4286
157.5 56.8571
158.5 83.8571
159.5 85.4286
160.5 33.7143
161.5 58.8571
162.5 155.571
163.5 134.286
164.5 17.4286
165.5 168.429
166.5 134.571
167.5 70.1428
168.5 26.5714
169.5 111.429
170.5 84
171.5 52.4286
172.5 38.7143
173.5 175.714
174.5 30.7143
175.5 96.7143
176.5 69.2857
177.5 47.7143
178.5 72.8571
179.5 186.714
180.5 35.5714
181.5 147.429
182.5 69
183.5 -2.42859
184.5 -6.57145
185.5 -3.7143
186.5 26.2857
187.5 104
188.5 -36
189.5 129.571
190.5 78.5714
191.5 132
192.5 145.429
193.5 110.429
194.5 152
195.5 141.571
196.5 62.5714
197.5 167.571
198.5 87.5714
199.5 86.8571
200.5 -27.5714
201.5 83.8571
202.5 110.429
203.5 40
204.5 124.571
205.5 107.571
206.5 309.857
207.5 76.2857
208.5 241.286
209.5 150.714
210.5 130
211.5 153.571
212.5 -20.5714
213.5 -59.4286
214.5 -31.7143
215.5 -28.5714
216.5 -37.1429
217.5 -135
218.5 100.429
219.5 127.143
220.5 -14.2857
221.5 192.714
222.5 120.143
223.5 93.1428
224.5 94
225.5 -30.2857
226.5 89.2857
227.5 30.8571
228.5 63.5714
229.5 55.2857
230.5 216.286
231.5 35
232.5 85.8571
233.5 100.857
234.5 171
235.5 168.571
236.5 111.571
237.5 106.286
238.5 73.5714
239.5 -80.1429
240.5 -55.1429
241.5 -20.5714
242.5 -32
243.5 28.2857
244.5 31
245.5 68.2857
246.5 93
247.5 78.7143
248.5 181.143
249.5 149.857
250.5 219.429
251.5 266.571
252.5 267.143
253.5 165.714
254.5 195
255.5 247
256.5 160.429
257.5 92.2857
258.5 76
259.5 -63.7143
260.5 -30
261.5 -148.714
262.5 -143
263.5 -256
264.5 -226.286
265.5 -277.143
266.5 -198.857
267.5 -118.714
268.5 -24.4286
269.5 96.8571
270.5 287.429
271.5 334.857
272.5 353.714
273.5 472.571
274.5 461.571
275.5 376.857
276.5 278
277.5 170.571
278.5 103.714
279.5 112.571
280.5 62.5714
281.5 60.8571
282.5 110.571
283.5 119.286
284.5 28.2857
285.5 170.571
286.5 182.143
287.5 258.286
288.5 233.714
289.5 160
290.5 179.143
291.5 74.7143
292.5 107.286
293.5 121.143
294.5 27.2857
295.5 -16.5714
296.5 2.14284
297.5 5.57142
298.5 -44.4286
299.5 -120.571
300.5 -26.1429
301.5 -133.857
302.5 -52.4286
303.5 -83.2857
304.5 -20.4286
305.5 13.5714
306.5 35.2857
307.5 -0.285726
308.5 79
309.5 82.8571
310.5 2.42856
311.5 79.7143
312.5 39.5714
313.5 74
314.5 63.2857
315.5 150.143
316.5 112.143
317.5 172.143
318.5 121.571
319.5 153.143
320.5 151
321.5 94.4286
322.5 87
323.5 154.714
324.5 96.4286
325.5 88
326.5 0.42856
327.5 69
328.5 -3.00001
329.5 -5.28573
330.5 -8.85715
331.5 70.2857
332.5 -9.57144
333.5 -2.57144
334.5 26.2857
335.5 24.7143
336.5 147.286
337.5 77.7143
338.5 64.1428
339.5 124.857
340.5 109.571
341.5 51.7143
342.5 57.7143
343.5 124.429
344.5 65.5714
345.5 23.5714
346.5 78.1428
347.5 96.2857
348.5 40.2857
349.5 119.286
350.5 -10.4286
351.5 61.7143
352.5 34.8571
353.5 1.57142
354.5 59.4286
355.5 87.5714
356.5 9.2857
357.5 32.4286
358.5 -44.5714
359.5 -16.4286
360.5 -41.7143
361.5 -37.7143
362.5 -81.5714
363.5 -69.1429
364.5 -1.42858
365.5 -17
366.5 87.7143
367.5 -4.00001
368.5 152
369.5 89.5714
370.5 143.286
371.5 173.286
372.5 150.286
373.5 132.857
374.5 148
375.5 56
376.5 128.143
377.5 117.857
378.5 19
379.5 94.7143
380.5 112.143
381.5 120.857
382.5 86.7143
383.5 59.7143
384.5 48.8571
385.5 55
386.5 26.8571
387.5 28.5714
388.5 31
389.5 41
390.5 137.429
391.5 83
392.5 126
393.5 103
394.5 32.1428
395.5 55.5714
396.5 102.857
397.5 90.5714
398.5 -0.857151
399.5 46.4286
400.5 -39.5714
401.5 31.7143
402.5 24.8571
403.5 122.429
404.5 71.5714
405.5 69.5714
406.5 55.2857
407.5 -23.5714
408.5 76.2857
409.5 48.7143
410.5 37
411.5 69.4286
412.5 8.28571
413.5 -15.1429
414.5 104.857
415.5 72.4286
416.5 66.4286
417.5 120.857
418.5 79.1429
419.5 39.7143
420.5 53.1428
421.5 -28.1429
422.5 -64.2857
423.5 49.5714
424.5 7.85713
425.5 -33.8572
426.5 -16.1429
427.5 -67.4286
428.5 5.85714
429.5 -12.1429
430.5 65.1428
431.5 -76.7143
432.5 -35.8572
433.5 74.7143
434.5 56
435.5 129.286
436.5 126.143
437.5 84.5714
438.5 49.1428
439.5 158.286
440.5 124.714
441.5 124.571
442.5 82.1428
443.5 123.286
444.5 22.8571
445.5 37
446.5 72.7143
447.5 19.1428
448.5 28.8571
449.5 32.5714
450.5 77.4286
451.5 75.8571
452.5 16.4286
453.5 35.4286
454.5 83
455.5 -25.4286
456.5 -97.5714
457.5 -143.571
458.5 -85.4286
459.5 46.5714
460.5 -24.4286
461.5 25.5714
462.5 81
463.5 109.714
464.5 59.1428
465.5 204.429
466.5 159.143
467.5 161
468.5 108.857
469.5 149.429
470.5 24.5714
471.5 76.4286
472.5 86.4286
473.5 83.7143
474.5 108.571
475.5 17.8571
476.5 99.8571
477.5 26.4286
478.5 55.8571
479.5 -7.57144
480.5 53.2857
481.5 8.28571
482.5 46.8571
483.5 30.7143
484.5 6.99999
485.5 40.4286
486.5 34.8571
487.5 32.7143
488.5 -6.71429
489.5 -44.8571
490.5 20.7143
491.5 -53.2857
492.5 -40.5714
493.5 -31.5714
494.5 -80.4286
495.5 -2.42858
496.5 23
497.5 104.429
498.5 48.5714
499.5 -44.2857
500.5 57.4286
501.5 83.8571
502.5 74.1429
503.5 106.571
504.5 86.1429
505.5 136.714
506.5 125.143
507.5 255.286
508.5 282
509.5 490
510.5 775.857
511.5 384.714
512.5 433
513.5 197.429
514.5 167.286
515.5 46.7143
516.5 81
517.5 -45.2857
518.5 -15.4286
519.5 66.5714
520.5 36.1429
521.5 -33.7143
522.5 32.7143
523.5 64
524.5 67.7143
525.5 51.1429
526.5 33.7143
527.5 53.2857
528.5 1.42857
529.5 22.1429
530.5 14.7143
531.5 20.5714
532.5 -54.5714
533.5 40
534.5 55.4286
535.5 -16.7143
536.5 11.2857
537.5 124.857
538.5 -20.7143
539.5 7.14285
540.5 -3.28572
541.5 63.4286
542.5 10.8571
543.5 -82.5714
544.5 -6
545.5 40.2857
546.5 4.57142
547.5 99
548.5 21.1429
549.5 44.5714
550.5 33.1429
551.5 32
552.5 -5.28572
553.5 -6.14286
554.5 41.1429
555.5 -52.8571
556.5 6.57142
557.5 -35.2857
558.5 -41.1429
559.5 49.5714
560.5 65.8571
561.5 52.2857
562.5 46.5714
563.5 109.143
564.5 -18.8571
565.5 -26.1429
566.5 77.1429
567.5 24.5714
568.5 41.2857
569.5 44.8571
570.5 27
571.5 32.5714
572.5 7.85714
573.5 -6.14286
574.5 -5.71429
575.5 47.5714
576.5 28
577.5 25.8571
578.5 36.8571
579.5 13.5714
580.5 3.42857
581.5 25.4286
582.5 -60.7143
583.5 -50.1429
584.5 -46.7143
585.5 -7.71429
586.5 -15.8571
587.5 89.1429
588.5 20.5714
589.5 17
590.5 27
591.5 -20.4286
592.5 18.4286
593.5 8.99999
594.5 13.5714
595.5 -27.7143
596.5 12.5714
597.5 14.8571
598.5 -21.8571
599.5 58.4286
600.5 19.5714
601.5 26.7143
602.5 -32.5714
603.5 15.1429
604.5 47.5714
605.5 29
606.5 33.2857
607.5 73.4286
608.5 -25.7143
609.5 -19.4286
610.5 18.1429
611.5 17.7143
612.5 -29.8571
613.5 8.42857
614.5 -25.4286
615.5 39.7143
616.5 26.5714
617.5 -8
618.5 66.2857
619.5 26
620.5 -10.2857
621.5 35.4286
622.5 14.7143
623.5 29.7143
624.5 78.2857
625.5 32.5714
626.5 11.7143
627.5 39.4286
628.5 84.5714
629.5 49.8571
630.5 51.2857
631.5 22
632.5 38.2857
633.5 14.1429
634.5 22.5714
635.5 53.8571
636.5 -5.85715
637.5 71.1428
638.5 32.1429
639.5 16.4286
640.5 33.8571
641.5 77.4286
642.5 1.42857
643.5 15.1429
644.5 -8.71429
645.5 62.8571
646.5 51
647.5 11
648.5 -21.4286
649.5 27.8571
650.5 28
651.5 -7.85715
652.5 34.4286
653.5 33
654.5 9.14285
655.5 72.8571
656.5 39.2857
657.5 68.1429
658.5 39.2857
659.5 35.1429
660.5 46.4286
661.5 17
662.5 75.4286
663.5 38.7143
664.5 98.8571
665.5 11.8571
666.5 47.8571
667.5 66.8571
668.5 0.28571
669.5 30.4286
670.5 35.7143
671.5 37.7143
672.5 -6.85715
673.5 24.4286
674.5 17.5714
675.5 37.1429
676.5 84.2857
677.5 50.5714
678.5 45.7143
679.5 55.8571
680.5 15
681.5 24.2857
682.5 13.1429
683.5 13.5714
684.5 -4.28572
685.5 22
686.5 40.1429
687.5 29.7143
688.5 86.7143
689.5 38.4286
690.5 59.4286
691.5 35.5714
692.5 -4
693.5 43.5714
694.5 -14.7143
695.5 10.8571
696.5 65.5714
697.5 53.1429
698.5 27.4286
699.5 43.4286
700.5 60.7143
701.5 47.7143
702.5 0.714282
703.5 19
704.5 45.2857
705.5 -18
706.5 -26.1429
707.5 26.2857
708.5 5
709.5 9.42857
710.5 58.1429
711.5 50.1429
712.5 3.71428
713.5 25.5714
714.5 37.8571
715.5 29.7143
716.5 26.8571
717.5 -5.57143
718.5 -1.85715
719.5 49.8571
720.5 47.8571
721.5 11.7143
722.5 11.4286
723.5 6.57142
724.5 -5.57143
725.5 -46.1429
726.5 -4
727.5 22.1429
728.5 7.42857
729.5 -18.4286
730.5 -14.1429
731.5 45.5714
732.5 54.8571
733.5 70.2857
734.5 99.4286
735.5 82.2857
736.5 71.8571
737.5 21.8571
738.5 29.7143
739.5 40.1429
740.5 11.2857
741.5 -42.8571
742.5 21.2857
743.5 30.4286
744.5 33.8571
745.5 31
746.5 53
747.5 47.8571
748.5 27.5714
749.5 -20.2857
750.5 39.4286
751.5 2.71428
752.5 17.7143
753.5 -13.2857
754.5 37.7143
755.5 0.428568
756.5 80.7143
757.5 1.57142
758.5 22.5714
759.5 146.143
760.5 246.286
761.5 331.286
762.5 192.571
763.5 76.8571
764.5 33.5714
765.5 40
766.5 43.4286
767.5 -15.7143
768.5 47.4286
769.5 25
770.5 47
771.5 48.5714
772.5 44.2857
773.5 65
774.5 45.8571
775.5 20.8571
776.5 -11.7143
777.5 32.5714
778.5 -21.5714
779.5 36.7143
780.5 23.5714
781.5 59.4286
782.5 20.5714
783.5 60.4286
784.5 38.2857
785.5 11.2857
786.5 48.4286
787.5 7.85714
788.5 -5.14286
789.5 41.8571
790.5 20.8571
791.5 -9
792.5 16.8571
793.5 9.42857
794.5 41.2857
795.5 72.8571
796.5 82.7143
797.5 75
798.5 52.1429
799.5 44.8571
800.5 71.2857
801.5 85.1429
802.5 25
803.5 66.5714
804.5 46.8571
805.5 41.1429
806.5 39.8571
807.5 -5.71429
808.5 24.7143
809.5 14.5714
810.5 21.7143
811.5 92.5714
812.5 9.42857
813.5 58.4286
814.5 28.4286
815.5 23.1429
816.5 74.1429
817.5 29.5714
818.5 39.2857
819.5 41.5714
820.5 49.8571
821.5 52.7143
822.5 61.2857
823.5 39.5714
824.5 41
825.5 32.4286
826.5 11.1429
827.5 1.71428
828.5 52.1429
829.5 75.5714
830.5 79.2857
831.5 -47.2857
832.5 12.7143
833.5 33
834.5 7.42857
835.5 70
836.5 8
837.5 -1.42858
838.5 -13.5714
839.5 -29.4286
840.5 45
841.5 58.4286
842.5 55.7143
843.5 63.2857
844.5 24.2857
845.5 57.8571
846.5 15
847.5 83.7143
848.5 25.4286
849.5 6.71428
850.5 86.4286
851.5 63.1429
852.5 118.286
853.5 46
854.5 27.7143
855.5 41.7143
856.5 40.2857
857.5 70.4286
858.5 38.8571
859.5 22.2857
860.5 34.7143
861.5 -2.85715
862.5 59.4286
863.5 2.42857
864.5 44
865.5 8.42857
866.5 54.4286
867.5 60.8571
868.5 104.429
869.5 123.286
870.5 41.5714
871.5 31.1429
872.5 53.2857
873.5 23.8571
874.5 20.1429
875.5 45.8571
876.5 1.42857
877.5 -10
878.5 -32.2857
879.5 -8.00001
880.5 35.5714
881.5 38.4286
882.5 7.85714
883.5 35.5714
884.5 62.5714
885.5 68
886.5 34.8571
887.5 2.14285
888.5 50.7143
889.5 28.5714
890.5 60.1429
891.5 52.8571
892.5 25.4286
893.5 -11.1429
894.5 36.2857
895.5 19.5714
896.5 10.5714
897.5 71.8571
898.5 62.5714
899.5 -10.2857
900.5 -17.4286
901.5 31.7143
902.5 60.5714
903.5 45.1429
904.5 88.1429
905.5 75.2857
906.5 -12.7143
907.5 70.4286
908.5 63.5714
909.5 48.8571
910.5 15
911.5 46.7143
912.5 19.1429
913.5 29.2857
914.5 42.2857
915.5 31.1429
916.5 79.4286
917.5 24.4286
918.5 45
919.5 32.8571
920.5 41.2857
921.5 49
922.5 71.7143
923.5 32.7143
924.5 12.5714
925.5 28.8571
926.5 66
927.5 43.2857
928.5 17.2857
929.5 50.4286
930.5 14.7143
931.5 16.5714
932.5 79.1429
933.5 35.5714
934.5 54.5714
935.5 74.7143
936.5 49.8571
937.5 65.5714
938.5 69.5714
939.5 30.4286
940.5 50.4286
941.5 28.1429
942.5 34.4286
943.5 21.8571
944.5 -45.2857
945.5 56.7143
946.5 9.14285
947.5 53.2857
948.5 70.1429
949.5 -39.4286
950.5 36.2857
951.5 13.5714
952.5 36.8571
953.5 55.2857
954.5 60.7143
955.5 40
956.5 92.4286
957.5 93
958.5 44.7143
959.5 -4.57143
960.5 8.14285
961.5 37.2857
962.5 8.57142
963.5 16.5714
964.5 58.8571
965.5 -7
966.5 112.714
967.5 72
968.5 3.85714
969.5 18.4286
970.5 -44.4286
971.5 -9.42857
972.5 21.5714
973.5 66.2857
974.5 78.4286
975.5 9.42857
976.5 77.1429
977.5 9.28571
978.5 44.5714
979.5 21.8571
980.5 44.4286
981.5 48.8571
982.5 -4.28572
983.5 48
984.5 5.85714
985.5 76.8571
986.5 29.2857
987.5 11.5714
988.5 12.8571
989.5 29.7143
990.5 54.1429
991.5 7.42857
992.5 74.4286
993.5 50
994.5 0.142854
995.5 27.5714
996.5 -7.14286
997.5 13.2857
998.5 56.8571
999.5 60.4286
1000.5 -1.42858
1001.5 53.8571
1002.5 121.714
1003.5 82.7143
1004.5 66
1005.5 71.2857
1006.5 -4.85715
1007.5 -13.2857
1008.5 18.8571
1009.5 38.7143
1010.5 28
1011.5 37.5714
1012.5 46.7143
1013.5 -11.5714
1014.5 22.5714
1015.5 26.8571
1016.5 37.5714
1017.5 70.1429
1018.5 23
1019.5 41.4286
1020.5 60.7143
1021.5 33.2857
1022.5 27.4286
1023.5 42.5714
1024.5 68.2857
1025.5 40.5714
1026.5 -15.5714
1027.5 43.1429
1028.5 -0.857146
1029.5 19
1030.5 -3.71429
1031.5 31.5714
1032.5 44.8571
1033.5 47.8571
1034.5 -11.8571
1035.5 40
1036.5 5
1037.5 9.85714
1038.5 42.1429
1039.5 3.71428
1040.5 13
1041.5 16.1429
1042.5 13.5714
1043.5 -5.14286
1044.5 14.8571
1045.5 54.2857
1046.5 71.8571
1047.5 15
1048.5 -24.1429
1049.5 -15.2857
1050.5 10.4286
1051.5 12.1429
1052.5 22.1429
1053.5 -31.8571
1054.5 -12.2857
1055.5 29.7143
1056.5 -4
1057.5 -53.7143
1058.5 -13.5714
1059.5 64.1429
1060.5 24.2857
1061.5 30.1429
1062.5 37.1429
1063.5 20.4286
1064.5 21.2857
1065.5 27.7143
1066.5 18
1067.5 15.5714
1068.5 14.2857
1069.5 9.57143
1070.5 34
1071.5 12.4286
1072.5 44.4286
1073.5 -32.8572
1074.5 92.2857
1075.5 21.7143
1076.5 12
1077.5 22.5714
1078.5 32.2857
1079.5 9.71428
1080.5 15.5714
1081.5 7.71428
1082.5 44.5714
1083.5 46.1429
1084.5 10.4286
1085.5 3
1086.5 17.2857
1087.5 20.7143
1088.5 1.28571
1089.5 7.14286
1090.5 29.8571
1091.5 -20.5714
1092.5 30.5714
1093.5 -4.85715
1094.5 15.4286
1095.5 -1.71429
1096.5 1.71428
1097.5 26.4286
1098.5 29
1099.5 10.7143
1100.5 16.1429
1101.5 10.8571
1102.5 0.714284
1103.5 4.42857
1104.5 3.57143
1105.5 39.8571
1106.5 2.28571
1107.5 21.8571
1108.5 -0.285717
1109.5 24.4286
1110.5 37.2857
1111.5 -7
1112.5 -5.57143
1113.5 37
1114.5 18.2857
1115.5 -25.4286
1116.5 -2.57143
1117.5 11.5714
1118.5 23.2857
1119.5 23.8571
1120.5 -12.7143
1121.5 24.5714
1122.5 69.2857
1123.5 34.8571
1124.5 270
1125.5 329.286
1126.5 822.286
1127.5 209.286
1128.5 59.8571
1129.5 -15.1429
1130.5 13.2857
1131.5 38
1132.5 2.28571
1133.5 21.2857
1134.5 11.4286
1135.5 32.4286
1136.5 -16.2857
1137.5 -11
1138.5 6.28571
1139.5 26.8571
1140.5 3.85714
1141.5 15.5714
1142.5 22.2857
1143.5 -8.28572
1144.5 25.8571
1145.5 13.5714
1146.5 31.1429
1147.5 29.8571
1148.5 8
1149.5 15.7143
1150.5 36.2857
1151.5 1.85714
1152.5 24.1429
1153.5 61.5714
1154.5 266.714
1155.5 1160.57
1156.5 2982.43
1157.5 3111.14
1158.5 1126.43
1159.5 197.429
1160.5 50.8571
1161.5 37
1162.5 12.1429
1163.5 2
1164.5 -26.8571
1165.5 34.7143
1166.5 19
1167.5 24
1168.5 32.7143
1169.5 37
1170.5 31
1171.5 10.8571
1172.5 22.1429
1173.5 -1.71429
1174.5 -24.2857
1175.5 13.5714
1176.5 1.57143
1177.5 9.42857
1178.5 -0.57143
1179.5 -5.71429
1180.5 31.5714
1181.5 -22
1182.5 -23.7143
1183.5 -12.7143
1184.5 11.4286
1185.5 2.85714
1186.5 -19.5714
1187.5 4.28571
1188.5 -13.2857
1189.5 5.57143
1190.5 -3.71429
1191.5 29.1429
1192.5 -14.5714
1193.5 -48.4286
1194.5 10.1429
1195.5 -29.4286
1196.5 -8.42857
1197.5 -5.85714
1198.5 15.4286
1199.5 -14.1429
1200.5 -22.1429
1201.5 10.5714
1202.5 -11.2857
1203.5 -32.5714
1204.5 4.57143
1205.5 -16.4286
1206.5 17.4286
1207.5 20.5714
1208.5 25.5714
1209.5 10.5714
1210.5 32.2857
1211.5 39.4286
1212.5 16.1429
1213.5 57.7143
1214.5 27.5714
1215.5 13.2857
1216.5 36.5714
1217.5 -9.42857
1218.5 16.5714
1219.5 6.71428
1220.5 34.8571
1221.5 -3
1222.5 38.8571
1223.5 -38.5714
1224.5 -7.85714
1225.5 -14.8571
1226.5 18.1429
1227.5 15.8571
1228.5 12.8571
1229.5 2.42857
1230.5 -0.428573
1231.5 -33.8571
1232.5 2.57143
1233.5 -8.85714
1234.5 16.2857
1235.5 -10
1236.5 -2.85714
1237.5 18.7143
1238.5 -0.285715
1239.5 14.1429
1240.5 -7.14286
1241.5 -3
1242.5 -4.42857
1243.5 -9.42857
1244.5 12.2857
1245.5 2.57143
1246.5 5.71428
1247.5 12.7143
1248.5 5.71428
1249.5 0.857142
1250.5 3.42857
1251.5 15.7143
1252.5 21
1253.5 24.2857
1254.5 4.71428
1255.5 21.5714
1256.5 -2.57143
1257.5 -1.71429
1258.5 24
1259.5 -22.1429
1260.5 -3.71429
1261.5 -1.42857
1262.5 -6.85714
1263.5 22.4286
1264.5 -4.28572
1265.5 36
1266.5 -7.85714
1267.5 6.14286
1268.5 -1.42857
1269.5 1.28571
1270.5 -8.14286
1271.5 7.28571
1272.5 1.57143
1273.5 -6.71429
1274.5 -9.85714
1275.5 3.85714
1276.5 21.8571
1277.5 -10.7143
1278.5 1.28571
1279.5 19.8571
1280.5 -5.28572
1281.5 14.4286
1282.5 22.5714
1283.5 -1.85714
1284.5 19.5714
1285.5 11.1429
1286.5 -3.14286
1287.5 15.7143
1288.5 33.2857
1289.5 -21.5714
1290.5 0.714284
1291.5 9.85714
1292.5 -3
1293.5 -1.85714
1294.5 -1.42857
1295.5 11.2857
1296.5 12.5714
1297.5 -11
1298.5 -2.85714
1299.5 31.7143
1300.5 16.4286
1301.5 18.2857
1302.5 12.4286
1303.5 13
1304.5 -4.57143
1305.5 -1.85714
1306.5 -10.2857
1307.5 -23.7143
1308.5 -60.8571
1309.5 -38
1310.5 -30.1429
1311.5 -0.142859
1312.5 -10.4286
1313.5 2.42857
1314.5 20
1315.5 10.5714
1316.5 8.28571
1317.5 23.2857
1318.5 12.7143
1319.5 -2.57143
1320.5 -4.71429
1321.5 6.85714
1322.5 -21
1323.5 4.14286
1324.5 24.5714
1325.5 -8.71429
1326.5 12.8571
1327.5 31.2857
1328.5 14.2857
1329.5 -1.2517e-06
1330.5 29.8571
1331.5 18.2857
1332.5 3.57143
1333.5 27.7143
1334.5 22.8571
1335.5 4.57143
1336.5 3.85714
1337.5 14.4286
1338.5 13.1429
1339.5 3.28571
1340.5 31.5714
1341.5 -4.71429
1342.5 15
1343.5 -7.71429
1344.5 12.1429
1345.5 6.85714
1346.5 18.1429
1347.5 19.8571
1348.5 6.28571
1349.5 -9
1350.5 5.71428
1351.5 -22.5714
1352.5 25.8571
1353.5 22.7143
1354.5 14
1355.5 0.571428
1356.5 -3.71429
1357.5 6
1358.5 10
1359.5 -10
1360.5 -12
1361.5 -2.71429
1362.5 -7
1363.5 -9.14286
1364.5 13.4286
1365.5 -24.4286
1366.5 3
1367.5 -1.42857
1368.5 15.5714
1369.5 13.4286
1370.5 10.5714
1371.5 -6
1372.5 17.4286
1373.5 10.5714
1374.5 31.5714
1375.5 -2
1376.5 13.1429
1377.5 24.8571
1378.5 30
1379.5 11.5714
1380.5 -16.5714
1381.5 -4.28572
1382.5 -4.85714
1383.5 -4.28572
1384.5 6.85714
1385.5 5.28571
1386.5 -20.5714
1387.5 2.85714
1388.5 -37.1429
1389.5 11.1429
1390.5 13
1391.5 -25.8571
1392.5 -11
1393.5 5.42857
1394.5 10.7143
1395.5 -1.71429
1396.5 1.71428
1397.5 25.1429
1398.5 -3.42857
1399.5 22
1400.5 13.2857
1401.5 9.71428
1402.5 14.4286
1403.5 4.71428
1404.5 0.571428
1405.5 8.85714
1406.5 32.8571
1407.5 -13.8571
1408.5 26.1429
1409.5 37.5714
1410.5 -5
1411.5 15.4286
1412.5 9.71428
1413.5 6.42857
1414.5 -8.85714
1415.5 27.4286
1416.5 10.2857
1417.5 8.71428
1418.5 5.71428
1419.5 -11.7143
1420.5 3.42857
1421.5 15
1422.5 19.4286
1423.5 6.71428
1424.5 8.42857
1425.5 12.4286
1426.5 -20
1427.5 31
1428.5 20.4286
1429.5 29
1430.5 17.7143
1431.5 -2
1432.5 8.14286
1433.5 1.42857
1434.5 -0.285716
1435.5 -7.71429
1436.5 -11.5714
1437.5 -37.1429
1438.5 9
1439.5 23.8571
1440.5 16
1441.5 51.8571
1442.5 26
1443.5 1.28571
1444.5 9
1445.5 -7.85714
1446.5 16
1447.5 6.14286
1448.5 -1.42857
1449.5 19
1450.5 -11.2857
1451.5 -11.2857
1452.5 -10.8571
1453.5 9.85714
1454.5 -18.1429
1455.5 -11.8571
1456.5 2.14286
1457.5 -6.42857
1458.5 14.5714
1459.5 40.1429
1460.5 3.71428
1461.5 9.14286
1462.5 -5.85714
1463.5 4.42857
1464.5 7
1465.5 3
1466.5 -13.5714
1467.5 0.142856
1468.5 -12.1429
1469.5 14.5714
1470.5 26.5714
1471.5 26
1472.5 -13
1473.5 13.4286
1474.5 -0.285715
1475.5 21.5714
1476.5 4.57143
1477.5 -0.714287
1478.5 -5.14286
1479.5 -24.7143
1480.5 -3.57143
1481.5 -7.57143
1482.5 -1.14286
1483.5 8.85714
1484.5 18.2857
1485.5 -8.85714
1486.5 10.2857
1487.5 23.5714
1488.5 13.7143
1489.5 3.71428
1490.5 25
1491.5 9.28571
1492.5 6.57143
1493.5 -9.71429
1494.5 -13.2857
1495.5 -6
1496.5 -31.7143
1497.5 -11.5714
1498.5 -36.7143
1499.5 24
1500.5 53.1429
1501.5 23.5714
1502.5 -2.28572
1503.5 15.7143
1504.5 12.4286
1505.5 33.8571
1506.5 5.28571
1507.5 11.5714
1508.5 11.5714
1509.5 23.7143
1510.5 22.1429
1511.5 17.8571
1512.5 50
1513.5 29.7143
1514.5 7.85714
1515.5 -5.28572
1516.5 7.42857
1517.5 24.4286
1518.5 0.42857
1519.5 6.85714
1520.5 33
1521.5 13.1429
1522.5 -13.8571
1523.5 5.85714
1524.5 -9
1525.5 4.71428
1526.5 -3.57143
1527.5 -12.7143
1528.5 -7.71429
1529.5 24.1429
1530.5 9.85714
1531.5 16.8571
1532.5 7.42857
1533.5 16.8571
1534.5 16.4286
1535.5 36.7143
1536.5 17
1537.5 7.57143
1538.5 -3.14286
1539.5 -6.28572
1540.5 12.1429
1541.5 1.71428
1542.5 -15.1429
1543.5 7
1544.5 4.57143
1545.5 -21.5714
1546.5 12.2857
1547.5 0.285713
1548.5 -0.857144
1549.5 9
1550.5 13.1429
1551.5 6.28571
1552.5 8.28571
1553.5 37.8571
1554.5 33.5714
1555.5 -3.71429
1556.5 18
1557.5 -8.85714
1558.5 -13
1559.5 11.8571
1560.5 28.1429
1561.5 8.57143
1562.5 -13
1563.5 -13.5714
1564.5 -21.4286
1565.5 -19
1566.5 17.7143
1567.5 12.4286
1568.5 4.71428
1569.5 4.57143
1570.5 11.5714
1571.5 -5.85714
1572.5 -12.8571
1573.5 -21.4286
1574.5 9.71428
1575.5 4.42857
1576.5 20.4286
1577.5 36.4286
1578.5 -33
1579.5 18.7143
1580.5 55.2857
1581.5 47
1582.5 18.1429
1583.5 20.4286
1584.5 -7.28572
1585.5 6.71428
1586.5 12.7143
1587.5 -1.57143
1588.5 -9.57143
1589.5 12.4286
1590.5 -9.42857
1591.5 -6.42857
1592.5 20
1593.5 5.71428
1594.5 6.28571
1595.5 1.85714
1596.5 11.8571
1597.5 -25
1598.5 -19.5714
1599.5 8
1600.5 -3
1601.5 6.14286
1602.5 6.57143
1603.5 7.85714
1604.5 -12
1605.5 -2.57143
1606.5 5.14286
1607.5 -12.7143
1608.5 8
1609.5 5.71428
1610.5 -0.142858
1611.5 5.57143
1612.5 4.42857
1613.5 -21.8571
1614.5 -14.8571
1615.5 -1
1616.5 3.85714
1617.5 -1
1618.5 -7.28572
1619.5 -1.07288e-06
1620.5 22.5714
1621.5 17.8571
1622.5 -34.8571
1623.5 -4.14286
1624.5 25.2857
1625.5 13.1429
1626.5 -1.57143
1627.5 -12.1429
1628.5 9.14286
1629.5 -11.7143
1630.5 32.1429
1631.5 -7.42857
1632.5 -1.42857
1633.5 -1.42857
1634.5 8.14286
1635.5 20.7143
1636.5 18.5714
1637.5 6.42857
1638.5 21.4286
1639.5 -38.7143
1640.5 25
1641.5 7.28571
1642.5 3.85714
1643.5 -7.42857
1644.5 15.5714
1645.5 -15.4286
1646.5 0.857141
1647.5 6
1648.5 12.2857
1649.5 14.2857
1650.5 11.1429
1651.5 -0.285715
1652.5 27.4286
1653.5 13.8571
1654.5 -1.42857
1655.5 6.28571
1656.5 8.71428
1657.5 3.85714
1658.5 9.85714
1659.5 -28.1429
1660.5 39
1661.5 -12
1662.5 16.2857
1663.5 -8.14286
1664.5 30.7143
1665.5 -18.7143
1666.5 25.1429
1667.5 5.42857
1668.5 -12.7143
1669.5 27
1670.5 20
1671.5 -3.42857
1672.5 22
1673.5 12.8571
1674.5 16
1675.5 1.14286
1676.5 5.42857
1677.5 29.5714
1678.5 -3.42857
1679.5 26.4286
1680.5 23.1429
1681.5 11.1429
1682.5 9
1683.5 -19.8571
1684.5 -7.42857
1685.5 -2.71429
1686.5 16.5714
1687.5 -9.71429
1688.5 13.7143
1689.5 22.2857
1690.5 -6.28572
1691.5 0.999999
1692.5 -1.42857
1693.5 -5.71429
1694.5 0.142856
1695.5 -17.8571
1696.5 -6.28572
1697.5 2.57143
1698.5 -11.5714
1699.5 31.2857
1700.5 -3.71429
1701.5 21.8571
1702.5 -33.5714
1703.5 3.57143
1704.5 -13
1705.5 -4.85714
1706.5 -2
1707.5 -1.42857
1708.5 8.42857
1709.5 -33.1429
1710.5 2.71428
1711.5 32
1712.5 20
1713.5 5
1714.5 16.2857
1715.5 8.28571
1716.5 12.7143
1717.5 -2.71429
1718.5 3.42857
1719.5 4.71428
1720.5 -4.14286
1721.5 2
1722.5 2
1723.5 16
1724.5 21.5714
1725.5 40
1726.5 19.8571
1727.5 8.57143
1728.5 7.71428
1729.5 -4.71429
1730.5 25
1731.5 -19.8571
1732.5 30
1733.5 -6.28572
1734.5 -1.71429
1735.5 10
1736.5 -6.71429
1737.5 25.4286
1738.5 29.1429
1739.5 20.1429
1740.5 -11
1741.5 10.4286
1742.5 -33.2857
1743.5 -14
1744.5 27.7143
1745.5 -0.571429
1746.5 10.8571
1747.5 3.14286
1748.5 15.2857
1749.5 -9
1750.5 13.7143
1751.5 -6.42857
1752.5 -8.71429
1753.5 1.71428
1754.5 13.4286
1755.5 2.57143
1756.5 20.5714
1757.5 -19.1429
1758.5 7
1759.5 4.28571
1760.5 -5.85714
1761.5 8.85714
1762.5 -12.5714
1763.5 12.7143
1764.5 8.14286
1765.5 6.85714
1766.5 10.8571
1767.5 -3.85714
1768.5 -1.71429
1769.5 -5
1770.5 6.42857
1771.5 -1.85714
1772.5 5.71428
1773.5 0.42857
1774.5 -13.1429
1775.5 24.7143
1776.5 -18.7143
1777.5 7.14286
1778.5 -21.4286
1779.5 13
1780.5 -3.14286
1781.5 0.142856
1782.5 -12.1429
1783.5 10
1784.5 7.85714
1785.5 -19.2857
1786.5 2.85714
1787.5 29.2857
1788.5 -38.1429
1789.5 0.571428
1790.5 -13
1791.5 -0.714287
1792.5 17.4286
1793.5 5.14286
1794.5 1.85714
1795.5 5.71429
1796.5 -20.4286
1797.5 -6.14286
1798.5 -3.28572
1799.5 8.14286
1800.5 -18.2857
1801.5 7
1802.5 7
1803.5 -2.85714
1804.5 -4.57143
1805.5 -7.71429
1806.5 -5.85714
1807.5 14.1429
1808.5 4.28571
1809.5 28
1810.5 27.2857
1811.5 8.57143
1812.5 25.7143
1813.5 14.4286
1814.5 1.85714
1815.5 13.4286
1816.5 11.1429
1817.5 10.5714
1818.5 -0.285715
1819.5 6.85714
1820.5 2.42857
1821.5 17.5714
1822.5 6.28571
1823.5 16.1429
1824.5 -5.57143
1825.5 1.42857
1826.5 3.85714
1827.5 4.85714
1828.5 4.28571
1829.5 -5.85714
1830.5 9.57143
1831.5 51.2857
1832.5 27.2857
1833.5 36.1429
1834.5 17.4286
1835.5 6.14286
1836.5 -3.28572
1837.5 -1.85714
1838.5 -12.1429
1839.5 -15.7143
1840.5 -6.85714
1841.5 -33.7143
1842.5 0.571427
1843.5 11
1844.5 29.5714
1845.5 4.28571
1846.5 20.7143
1847.5 4.57143
1848.5 8.57143
1849.5 19.4286
1850.5 12.4286
1851.5 -5.71429
1852.5 5.28571
1853.5 5.42857
1854.5 16
1855.5 7.28571
1856.5 -4.14286
1857.5 23.7143
1858.5 -12.4286
1859.5 -1.42857
1860.5 -7.71429
1861.5 12.8571
1862.5 7.71429
1863.5 -18.8571
1864.5 31.5714
1865.5 -3.71429
1866.5 20.5714
1867.5 11.2857
1868.5 -2
1869.5 -14.1429
1870.5 -7.42857
1871.5 21.8571
1872.5 -33.4286
1873.5 -9.14286
1874.5 14.8571
1875.5 5.85714
1876.5 17
1877.5 26.2857
1878.5 -2.28572
1879.5 6.28571
1880.5 29.2857
1881.5 -7.57143
1882.5 -5.14286
1883.5 6.71428
1884.5 42
1885.5 92.2857
1886.5 187.286
1887.5 124.143
1888.5 13.1429
1889.5 28.2857
1890.5 19.2857
1891.5 13
1892.5 6.28571
1893.5 -1.57143
1894.5 10.8571
1895.5 18.4286
1896.5 5.85714
1897.5 16.8571
1898.5 4.28571
1899.5 -2.85714
1900.5 9
1901.5 29.5714
1902.5 9.14286
1903.5 5
1904.5 14.4286
1905.5 20.1429
1906.5 3.14286
1907.5 3.14286
1908.5 5.57143
1909.5 -5.14286
1910.5 -10
1911.5 -3.42857
1912.5 -1.07288e-06
1913.5 -8.14286
1914.5 -4
1915.5 1.57143
1916.5 24.2857
1917.5 3
1918.5 10.2857
1919.5 -18
1920.5 33.1429
1921.5 5
1922.5 -11.5714
1923.5 -0.428572
1924.5 4.85714
1925.5 2.14286
1926.5 -9
1927.5 6.42857
1928.5 -3.14286
1929.5 19.2857
1930.5 -10
1931.5 2.14286
1932.5 -4.42857
1933.5 -8.71429
1934.5 22.7143
1935.5 -6.55651e-07
1936.5 45.7143
1937.5 9.85714
1938.5 18.4286
1939.5 42.2857
1940.5 -14.1429
1941.5 17.4286
1942.5 21.5714
1943.5 1.28571
1944.5 7
1945.5 1.57143
1946.5 22.1429
1947.5 13.7143
1948.5 -17
1949.5 2.28571
1950.5 -9.71429
1951.5 17.4286
1952.5 8.42857
1953.5 -6.71429
1954.5 1.14286
1955.5 16.7143
1956.5 -4.85714
1957.5 -10.2857
1958.5 5.28571
1959.5 28.8571
1960.5 -1.57143
1961.5 31.5714
1962.5 0.571428
1963.5 -1.71429
1964.5 -8.14286
1965.5 15.2857
1966.5 3.57143
1967.5 20
1968.5 -3.28571
1969.5 8
1970.5 18
1971.5 21.2857
1972.5 21
1973.5 5.57143
1974.5 -1.57143
1975.5 6.57143
1976.5 17.1429
1977.5 -7.42857
1978.5 14.7143
1979.5 29.8571
1980.5 19.1429
1981.5 12.2857
1982.5 -7.7486e-07
1983.5 -13
1984.5 7.42857
1985.5 5.14286
1986.5 23.2857
1987.5 -5.57143
1988.5 3.42857
1989.5 4.57143
1990.5 -6.55651e-07
1991.5 -8.57143
1992.5 14
1993.5 16.1429
1994.5 2.28571
1995.5 -12
1996.5 4.42857
1997.5 1.57143
1998.5 21.5714
1999.5 -8
2000.5 -6.42857
2001.5 -8.42857
2002.5 -19.5714
2003.5 -3.57143
2004.5 19
2005.5 10
2006.5 -10.4286
2007.5 15.1429
2008.5 4.85714
2009.5 -1.42857
2010.5 8.85714
2011.5 21.8571
2012.5 6.71428
2013.5 -8.14286
2014.5 2.85714
2015.5 16.1429
2016.5 -4.28571
2017.5 22.4286
2018.5 -4.71429
2019.5 2.14286
2020.5 12
2021.5 9.71429
2022.5 1.14286
2023.5 0.714285
2024.5 6.14286
2025.5 25.2857
2026.5 52
2027.5 13.1429
2028.5 4.71428
2029.5 -15.8571
2030.5 -18.5714
2031.5 -7.28571
2032.5 -7.57143
2033.5 0.285714
2034.5 -16.8571
2035.5 12.5714
2036.5 -7.71429
2037.5 -1
2038.5 -0.857144
2039.5 25.5714
2040.5 22.7143
2041.5 -5.85714
2042.5 14.8571
2043.5 15
2044.5 20.4286
2045.5 6
2046.5 -10
2047.5 2.71429
2048.5 -0.142858
2049.5 -2.42857
2050.5 3.42857
2051.5 -8.57143
2052.5 8.85714
2053.5 5.14286
2054.5 26.2857
2055.5 -5.42857
2056.5 8.57143
2057.5 7
2058.5 9
2059.5 1.14286
2060.5 12.7143
2061.5 0.571428
2062.5 3.71429
2063.5 -0.571429
2064.5 -13.1429
2065.5 11.8571
2066.5 11.2857
2067.5 3
2068.5 -2.85714
2069.5 0.857142
2070.5 16.1429
2071.5 -3.57143
2072.5 -16.5714
2073.5 22.4286
2074.5 -1.57143
2075.5 -1.14286
2076.5 5.57143
2077.5 -19
2078.5 10.1429
2079.5 7.85714
2080.5 -6.71429
2081.5 18.5714
2082.5 17.7143
2083.5 -3
2084.5 -4
2085.5 18.4286
2086.5 18.4286
2087.5 -12.7143
2088.5 16.7143
2089.5 10.1429
2090.5 -9.53674e-07
2091.5 -25.5714
2092.5 -12.5714
2093.5 -2.85714
2094.5 -0.142858
2095.5 -8.85714
2096.5 4.28571
2097.5 -5.14286
2098.5 22.4286
2099.5 -9.14286
2100.5 16
2101.5 8.57143
2102.5 -1.28571
2103.5 -4.14286
2104.5 -0.571429
2105.5 5.14286
2106.5 14.5714
2107.5 2.28571
2108.5 -12.2857
2109.5 8.85714
2110.5 2.28571
2111.5 4.28571
2112.5 -3.85714
2113.5 5.28571
2114.5 21.2857
2115.5 20.2857
2116.5 10.4286
2117.5 -15.8571
2118.5 -6.42857
2119.5 -2.85714
2120.5 -8.57143
2121.5 -17.4286
2122.5 -22.8571
2123.5 -0.714286
2124.5 -9.28571
2125.5 0.999999
2126.5 -7.85714
2127.5 -1.14286
2128.5 18.1429
2129.5 -8.42857
2130.5 4
2131.5 12.2857
2132.5 -8.85714
2133.5 15.1429
2134.5 4
2135.5 7.71429
2136.5 -4.85714
2137.5 20.2857
2138.5 6.57143
2139.5 1.57143
2140.5 -3
2141.5 13.4286
2142.5 -16.8571
2143.5 37.4286
2144.5 -18
2145.5 -4.14286
2146.5 12.5714
2147.5 -10.4286
2148.5 21.7143
2149.5 -25.7143
2150.5 46.5714
2151.5 30
2152.5 27.7143
2153.5 4.14286
2154.5 -5.42857
2155.5 20
2156.5 5.57143
2157.5 -5.14286
2158.5 12.8571
2159.5 -2.85714
2160.5 12.7143
2161.5 -12.8571
2162.5 -4.14286
2163.5 4.71428
2164.5 23.4286
2165.5 52
2166.5 45
2167.5 20.4286
2168.5 15.5714
2169.5 4.85714
2170.5 -17.7143
2171.5 -11.7143
2172.5 -30.1429
2173.5 -27.4286
2174.5 1.71429
2175.5 -0.285715
2176.5 12.7143
2177.5 23.4286
2178.5 22.2857
2179.5 -0.428572
2180.5 1.71429
2181.5 24
2182.5 5.42857
2183.5 14
2184.5 9.42857
2185.5 6.71428
2186.5 -12.8571
2187.5 0.428571
2188.5 -9.71429
2189.5 13.2857
2190.5 14.2857
2191.5 5
2192.5 1.14286
2193.5 8.42857
2194.5 -5.28571
2195.5 -9
2196.5 -1.71429
2197.5 -2.85714
2198.5 32
2199.5 -28.4286
2200.5 8.57143
2201.5 -7.42857
2202.5 0.285713
2203.5 -0.857143
2204.5 -4.85714
2205.5 17
2206.5 -3.57143
2207.5 -11.8571
2208.5 25.2857
2209.5 10.8571
2210.5 2.71429
2211.5 8.14286
2212.5 3.57143
2213.5 1.28571
2214.5 13.4286
2215.5 5
2216.5 17.7143
2217.5 6
2218.5 -4.28571
2219.5 14
2220.5 -17.5714
2221.5 17.5714
2222.5 10.1429
2223.5 2.71428
2224.5 25.2857
2225.5 21.2857
2226.5 -12.5714
2227.5 3
2228.5 1.28571
2229.5 6.85714
2230.5 12.8571
2231.5 22.5714
2232.5 7.42857
2233.5 -13.2857
2234.5 11.4286
2235.5 12.4286
2236.5 4.42857
2237.5 -4.57143
2238.5 33.1429
2239.5 14.7143
2240.5 1
2241.5 10.5714
2242.5 2.14286
2243.5 23.1429
2244.5 9
2245.5 10.8571
2246.5 21.7143
2247.5 -13
2248.5 9
2249.5 8
2250.5 -19.5714
2251.5 -7.42857
2252.5 11.7143
2253.5 6.57143
2254.5 13.4286
2255.5 20.1429
2256.5 -1.28571
2257.5 10.5714
2258.5 -3
2259.5 4.42857
2260.5 -9.28571
2261.5 2.28571
2262.5 5.42857
2263.5 -18
2264.5 -3.42857
2265.5 -16.4286
2266.5 -9
2267.5 4
2268.5 17.1429
2269.5 29.7143
2270.5 -8.71429
2271.5 -13.1429
2272.5 12.5714
2273.5 34
2274.5 16.8571
2275.5 22.2857
2276.5 19.7143
2277.5 7.28571
2278.5 25.5714
2279.5 -1
2280.5 23.8571
2281.5 -14.4286
2282.5 4.71428
2283.5 -5.71429
2284.5 6.85714
2285.5 12.7143
2286.5 8.14286
2287.5 9.85714
2288.5 13.2857
2289.5 2.71429
2290.5 7.71429
2291.5 11.4286
2292.5 8.14286
2293.5 6.71429
2294.5 2
2295.5 -2.28572
2296.5 22.2857
2297.5 -2.28572
2298.5 8.14286
2299.5 7.71428
2300.5 -6.71429
2301.5 23
2302.5 5.14286
2303.5 11.1429
2304.5 21.5714
2305.5 -0.142858
2306.5 2.14286
2307.5 -1
2308.5 0.571428
2309.5 17.4286
2310.5 0.428571
2311.5 11.4286
2312.5 4.42857
2313.5 3.42857
2314.5 -9.71429
2315.5 -8.57143
2316.5 15.1429
2317.5 20.1429
2318.5 9.71429
2319.5 20.2857
2320.5 -13.4286
2321.5 5.14286
2322.5 4.85714
2323.5 5.28571
2324.5 -3.42857
2325.5 -11.5714
2326.5 5.71429
2327.5 13.7143
2328.5 7.57143
2329.5 16.7143
2330.5 6.42857
2331.5 7.28571
2332.5 19.7143
2333.5 -8.85714
2334.5 20
2335.5 17.1429
2336.5 8.28571
2337.5 2.42857
2338.5 4.28571
2339.5 -0.428572
2340.5 18.7143
2341.5 -21.2857
2342.5 -6.71429
2343.5 12.7143
2344.5 14.8571
2345.5 -8.14286
2346.5 7.14286
2347.5 13.4286
2348.5 4.28571
2349.5 13
2350.5 19.8571
2351.5 -4
2352.5 0.142857
2353.5 -2.71429
2354.5 6
2355.5 12.4286
2356.5 -7
2357.5 -4.85714
2358.5 -2.14286
2359.5 13.7143
2360.5 22.2857
2361.5 -8.85714
2362.5 3
2363.5 12.2857
2364.5 -1.71429
2365.5 9.85714
2366.5 -0.428572
2367.5 1.28571
2368.5 -1
2369.5 -3.85714
2370.5 -9
2371.5 -6.42857
2372.5 -5.85714
2373.5 -2.14286
2374.5 11.1429
2375.5 -11.8571
2376.5 -3.57143
2377.5 15.8571
2378.5 -6
2379.5 5.57143
2380.5 6.28571
2381.5 7.42857
2382.5 -1
2383.5 7.14286
2384.5 19.5714
2385.5 -8.71429
2386.5 9.85714
2387.5 4.85714
2388.5 10
2389.5 -1.28571
2390.5 4.71429
2391.5 15.2857
2392.5 -3.57143
2393.5 -1
2394.5 -8.28571
2395.5 1.85714
2396.5 6.71429
2397.5 10.4286
2398.5 -6.14286
2399.5 11.7143
2400.5 -3.85714
2401.5 -7
2402.5 -1.57143
2403.5 5.57143
2404.5 28.1429
2405.5 -3.57143
2406.5 -4.57143
2407.5 -4.71429
2408.5 6.85714
2409.5 1.42857
2410.5 3
2411.5 -2.85714
2412.5 10.8571
2413.5 -1.57143
2414.5 6.28571
2415.5 9.14286
2416.5 12
2417.5 12.5714
2418.5 -2
2419.5 -4.76837e-07
2420.5 12.2857
2421.5 5.57143
2422.5 21.1429
2423.5 8.57143
2424.5 9
2425.5 4
2426.5 -1.14286
2427.5 9.14286
2428.5 -2.14286
2429.5 -15.7143
2430.5 -0.857143
2431.5 0.142857
2432.5 5.42857
2433.5 1.14286
2434.5 21.8571
2435.5 14.5714
2436.5 0.999999
2437.5 1.85714
2438.5 6.14286
2439.5 17.4286
2440.5 1.42857
2441.5 2.57143
2442.5 -7
2443.5 17
2444.5 8.28571
2445.5 -5.85714
2446.5 -1
2447.5 -12.1429
2448.5 11.8571
2449.5 -8.71429
2450.5 6.28571
2451.5 14
2452.5 -0.571429
2453.5 -11.7143
2454.5 -15
2455.5 -2.28571
2456.5 10.4286
2457.5 -9.71429
2458.5 -2.85714
2459.5 8.71429
2460.5 3.57143
2461.5 12.2857
2462.5 -2
2463.5 -4.76837e-07
2464.5 5.71429
2465.5 3.42857
2466.5 -1.14286
2467.5 -5.28571
2468.5 5.71429
2469.5 9.85714
2470.5 2.57143
2471.5 9.71429
2472.5 17.8571
2473.5 0.142857
2474.5 8
2475.5 -10.1429
2476.5 7
2477.5 10.4286
2478.5 -5.57143
2479.5 -5.42857
2480.5 2.14286
2481.5 -1.57143
2482.5 21.8571
2483.5 5.57143
2484.5 6.71429
2485.5 17.5714
2486.5 12.2857
2487.5 -7.14286
2488.5 13
2489.5 -11
2490.5 23.7143
2491.5 8.57143
2492.5 22
2493.5 3.57143
2494.5 5.71429
2495.5 13.5714
2496.5 7
2497.5 5.71429
2498.5 -0.857143
2499.5 18.4286
2500.5 8.28571
2501.5 12.8571
2502.5 19.8571
2503.5 1.28571
2504.5 7.71429
2505.5 16.8571
2506.5 25.5714
2507.5 13
2508.5 -9.57143
2509.5 6.71429
2510.5 -7
2511.5 -9.14286
2512.5 2
2513.5 -7.85714
2514.5 17.5714
2515.5 -3.85714
2516.5 24.7143
2517.5 19.8571
2518.5 0.857141
2519.5 14.1429
2520.5 5
2521.5 1.85714
2522.5 -1.42857
2523.5 6.71429
2524.5 20.7143
2525.5 3.57143
2526.5 6.57143
2527.5 13.5714
2528.5 22.5714
2529.5 0.428571
2530.5 7.57143
2531.5 0.714285
2532.5 5.71429
2533.5 15.7143
2534.5 25.2857
2535.5 8.71429
2536.5 15.7143
2537.5 -2.71429
2538.5 1.42857
2539.5 0.285714
2540.5 17.8571
2541.5 24
2542.5 -3.57628e-07
2543.5 -10
2544.5 7.85714
2545.5 -2.14286
2546.5 -1.28571
2547.5 -0.571429
2548.5 -6.71429
2549.5 -10.7143
2550.5 -4.42857
2551.5 0.142857
2552.5 7.28571
2553.5 -3.14286
2554.5 17.1429
2555.5 -8.71429
2556.5 -1.85714
2557.5 7.57143
2558.5 31.5714
2559.5 11
2560.5 -0.142858
2561.5 -1.71429
2562.5 3.85714
2563.5 11.4286
2564.5 -3.42857
2565.5 -2.14286
2566.5 2.57143
2567.5 44.2857
2568.5 16
2569.5 19.8571
2570.5 11.5714
2571.5 -6.14286
2572.5 -16.7143
2573.5 10
2574.5 2.42857
2575.5 -12.8571
2576.5 -23.2857
2577.5 -2.57143
2578.5 -18.7143
2579.5 -21.2857
2580.5 3.85714
2581.5 -6.42857
2582.5 25.2857
2583.5 13.5714
2584.5 36.4286
2585.5 13.1429
2586.5 8.85714
2587.5 3.14286
2588.5 -3
2589.5 8.57143
2590.5 -0.428572
2591.5 25.2857
2592.5 11.7143
2593.5 9.71429
2594.5 -6.42857
2595.5 -5.42857
2596.5 3.14286
2597.5 9
2598.5 0.857142
2599.5 4.42857
2600.5 10.8571
2601.5 -3.42857
2602.5 4.57143
2603.5 1.57143
2604.5 27.1429
2605.5 6.57143
2606.5 14.5714
2607.5 -10
2608.5 -0.571429
2609.5 28.7143
2610.5 16.1429
2611.5 12.7143
2612.5 2.85714
2613.5 6.71429
2614.5 -9.14286
2615.5 14.5714
2616.5 -1.57143
2617.5 -17.2857
2618.5 8.28571
2619.5 11.1429
2620.5 -0.714287
2621.5 -11.4286
2622.5 18.4286
2623.5 2.14286
2624.5 8
2625.5 -9
2626.5 14
2627.5 16.4286
2628.5 15
2629.5 18.8571
2630.5 -5.57143
2631.5 3.71429
2632.5 -1.85714
2633.5 -5.42857
2634.5 4.28571
2635.5 11.5714
2636.5 10
2637.5 9
2638.5 3.57143
2639.5 7
2640.5 -11.4286
2641.5 7.85714
2642.5 13.7143
2643.5 0.571428
2644.5 4
2645.5 4.42857
2646.5 9.57143
2647.5 1.42857
2648.5 -15.1429
2649.5 3.71429
2650.5 23.4286
2651.5 7.42857
2652.5 14.2857
2653.5 -7.42857
2654.5 6.71429
2655.5 -2.71429
2656.5 -6.42857
2657.5 20.5714
2658.5 3
2659.5 -8.28571
2660.5 3
2661.5 -2.14286
2662.5 -9.14286
2663.5 4.85714
2664.5 12.1429
2665.5 11.4286
2666.5 8.57143
2667.5 6
2668.5 10.2857
2669.5 6
2670.5 -7.42857
2671.5 7.71429
2672.5 6.57143
2673.5 5.28571
2674.5 4.57143
2675.5 9.14286
2676.5 -4.57143
2677.5 8
2678.5 6.42857
2679.5 7.14286
2680.5 1.57143
2681.5 -9.42857
2682.5 -19.5714
2683.5 6
2684.5 3.42857
2685.5 16.1429
2686.5 17
2687.5 -11.1429
2688.5 7.57143
2689.5 16.8571
2690.5 16
2691.5 -10.5714
2692.5 -3.57143
2693.5 8.14286
2694.5 8.57143
2695.5 0.714285
2696.5 20.5714
2697.5 14.2857
2698.5 -4.42857
2699.5 2
2700.5 10.4286
2701.5 8.42857
2702.5 -11
2703.5 11.8571
2704.5 -1.14286
2705.5 -2.85714
2706.5 2.57143
2707.5 -6.28571
2708.5 -3.42857
2709.5 7.14286
2710.5 -0.857143
2711.5 1.71429
2712.5 5.71429
2713.5 9.57143
2714.5 2.71429
2715.5 11.1429
2716.5 -16
2717.5 20.5714
2718.5 -4.71429
2719.5 13.7143
2720.5 15
2721.5 4.85714
2722.5 2.71428
2723.5 13.8571
2724.5 -3.42857
2725.5 2.28571
2726.5 6.28571
2727.5 6.85714
2728.5 -6.57143
2729.5 4
2730.5 6.42857
2731.5 3.85714
2732.5 -15.5714
2733.5 -9.28571
2734.5 16.4286
2735.5 5.85714
2736.5 15.5714
2737.5 19.2857
2738.5 -2
2739.5 32
2740.5 12.7143
2741.5 6.14286
2742.5 14.4286
2743.5 24
2744.5 18.1429
2745.5 2.28571
2746.5 -0.857144
2747.5 -4.42857
2748.5 4
2749.5 18
2750.5 10.4286
2751.5 -1
2752.5 -1.85714
2753.5 7.28571
2754.5 2.71429
2755.5 26
2756.5 7.85714
2757.5 13.2857
2758.5 21
2759.5 19.7143
2760.5 3.28571
2761.5 9.14286
2762.5 15.1429
2763.5 -2.57143
2764.5 10
2765.5 -11.2857
2766.5 -9.42857
2767.5 8
2768.5 -0.714286
2769.5 4.42857
2770.5 5.28571
2771.5 14.5714
2772.5 14.2857
2773.5 -7.85714
2774.5 6.28571
2775.5 10.2857
2776.5 8
2777.5 4
2778.5 8.14286
2779.5 13.4286
2780.5 4.57143
2781.5 -1.42857
2782.5 26.4286
2783.5 5.42857
2784.5 -10.4286
2785.5 15
2786.5 -14
2787.5 25.2857
2788.5 -5.14286
2789.5 26.5714
2790.5 9.42857
2791.5 -4.71429
2792.5 10.4286
2793.5 -3.85714
2794.5 4.42857
2795.5 12
2796.5 -3.71429
2797.5 5.71429
2798.5 -5.14286
2799.5 6.57143
2800.5 5.57143
2801.5 0.285714
2802.5 0.285714
2803.5 -14
2804.5 -13.4286
2805.5 15.8571
2806.5 3.71429
2807.5 -15.5714
2808.5 -8.57143
2809.5 6.71429
2810.5 8.85714
2811.5 -6.71429
2812.5 2.71429
2813.5 -4.76837e-07
2814.5 13.8571
2815.5 -1.28571
2816.5 -2.14286
2817.5 -0.857143
2818.5 -3.14286
2819.5 7.42857
2820.5 -4.42857
2821.5 19.5714
2822.5 -6.14286
2823.5 14.5714
2824.5 -0.714286
2825.5 10.2857
2826.5 11.2857
2827.5 8.57143
2828.5 2
2829.5 14
2830.5 19.2857
2831.5 27
2832.5 6.14286
2833.5 1.85714
2834.5 0.142857
2835.5 3.85714
2836.5 1.57143
2837.5 5
2838.5 4.57143
2839.5 3.57143
2840.5 1.42857
2841.5 4.85714
2842.5 -14.8571
2843.5 3.85714
2844.5 -5.28572
2845.5 -1
2846.5 -2.14286
2847.5 -6
2848.5 9
2849.5 -8
2850.5 13
2851.5 1.42857
2852.5 -16
2853.5 14.8571
2854.5 -12.2857
2855.5 9.42857
2856.5 19.4286
2857.5 3.14286
2858.5 10.2857
2859.5 -5.57143
2860.5 10.2857
2861.5 -13
2862.5 5
2863.5 6.57143
2864.5 9.57143
2865.5 18.4286
2866.5 7
2867.5 8.85714
2868.5 -0.142857
2869.5 22
2870.5 11.4286
2871.5 4.42857
2872.5 -5.71429
2873.5 -0.285715
2874.5 -9.57143
2875.5 2.42857
2876.5 10.5714
2877.5 -5
2878.5 -5.85714
2879.5 6.57143
2880.5 9.14286
2881.5 20.1429
2882.5 -2.14286
2883.5 11.1429
2884.5 1.57143
2885.5 8.71429
2886.5 0.857143
2887.5 8.28571
2888.5 6.14286
2889.5 12.7143
2890.5 10.2857
2891.5 20.2857
2892.5 7.42857
2893.5 -5.42857
2894.5 2.85714
2895.5 9.42857
2896.5 6.71429
2897.5 17.1429
2898.5 2.14286
2899.5 6.57143
2900.5 18.7143
2901.5 6.85714
2902.5 12.8571
2903.5 5.42857
2904.5 6
2905.5 11.8571
2906.5 6.85714
2907.5 13.7143
2908.5 0.857143
2909.5 -15.4286
2910.5 0.571428
2911.5 14.4286
2912.5 5.14286
2913.5 -22.2857
2914.5 -4.14286
2915.5 8.14286
2916.5 -3.28571
2917.5 3.57143
2918.5 4.14286
2919.5 4.85714
2920.5 -0.857143
2921.5 -3.28571
2922.5 -0.714286
2923.5 4.71429
2924.5 11.2857
2925.5 -4.85714
2926.5 11.5714
2927.5 10
2928.5 13
2929.5 10.2857
2930.5 4.42857
2931.5 5.42857
2932.5 4
2933.5 1.28571
2934.5 -0.142857
2935.5 13
2936.5 24.5714
2937.5 32.1429
2938.5 11.1429
2939.5 11.8571
2940.5 11
2941.5 14.2857
2942.5 -9.85714
2943.5 12.8571
2944.5 4.85714
2945.5 6.71428
2946.5 -10.7143
2947.5 -19.7143
2948.5 -11.4286
2949.5 5.85714
2950.5 -11.7143
2951.5 7.14286
2952.5 5
2953.5 -5
2954.5 3.85714
2955.5 12.7143
2956.5 2.85714
2957.5 12.5714
2958.5 9.57143
2959.5 1.14286
2960.5 4.57143
2961.5 -4.14286
2962.5 18.5714
2963.5 -0.428572
2964.5 -0.714286
2965.5 11.1429
2966.5 9.71429
2967.5 0.142857
2968.5 11.2857
2969.5 5.42857
2970.5 6.42857
2971.5 0.571428
2972.5 0.142857
2973.5 15.7143
2974.5 -2.57143
2975.5 14.1429
2976.5 5.42857
2977.5 10.7143
2978.5 14.2857
2979.5 10.5714
2980.5 2.14286
2981.5 -1.85714
2982.5 6.71429
2983.5 -5
2984.5 15.5714
2985.5 -0.571429
2986.5 4.57143
2987.5 -1
2988.5 5.57143
2989.5 0.428571
2990.5 -9.42857
2991.5 2.85714
2992.5 -4.71429
2993.5 7.85714
2994.5 -2.42857
2995.5 8.71429
2996.5 6.42857
2997.5 -10.4286
2998.5 0.285714
2999.5 -0.857143
3000.5 7.14286
3001.5 -1.28571
3002.5 -6.71429
3003.5 0.857142
3004.5 -6
3005.5 30.1429
3006.5 25.2857
3007.5 -12.4286
3008.5 -18.4286
3009.5 -3
3010.5 -5.28571
3011.5 10.8571
3012.5 12.7143
3013.5 3.57143
3014.5 -11.8571
3015.5 5.14286
3016.5 -18.4286
3017.5 -7.14286
3018.5 8
3019.5 -2
3020.5 8.71429
3021.5 11.7143
3022.5 11.7143
3023.5 7
3024.5 -10.8571
3025.5 2.42857
3026.5 10.4286
3027.5 -1.71429
3028.5 23
3029.5 30.1429
3030.5 36.5714
3031.5 45.4286
3032.5 78.1429
3033.5 103.143
3034.5 92.1429
3035.5 48.5714
3036.5 21.1429
3037.5 17
3038.5 8.42857
3039.5 4.28571
3040.5 11.1429
3041.5 2.85714
3042.5 8
3043.5 11
3044.5 -8.85714
3045.5 -2.42857
3046.5 2.71429
3047.5 4.14286
3048.5 7.85714
3049.5 8.57143
3050.5 -11.8571
3051.5 13.1429
3052.5 -2.71429
3053.5 10.8571
3054.5 -8.71429
3055.5 -0.142857
3056.5 -8.85714
3057.5 -8.14286
3058.5 -8.85714
3059.5 0.857143
3060.5 4.71429
3061.5 -1.14286
3062.5 14.7143
3063.5 -1.28571
3064.5 15.2857
3065.5 -7.71429
3066.5 18.5714
3067.5 -6.85714
3068.5 -1.85714
3069.5 7.28571
3070.5 1.28571
3071.5 3.85714
3072.5 1.57143
3073.5 -3.71429
3074.5 14.7143
3075.5 26.1429
3076.5 2.71429
3077.5 1.71429
3078.5 3.85714
3079.5 3.71429
3080.5 10.5714
3081.5 0.285714
3082.5 -1
3083.5 14.5714
3084.5 -4.14286
3085.5 12.8571
3086.5 7.14286
3087.5 -0.857143
3088.5 -8.71429
3089.5 0.571428
3090.5 7
3091.5 8.28571
3092.5 -6.42857
3093.5 16.4286
3094.5 -0.714286
3095.5 -3.85714
3096.5 3.42857
3097.5 15.8571
3098.5 -10.1429
3099.5 -1.57143
3100.5 5
3101.5 1.71429
3102.5 -7.42857
3103.5 2.71429
3104.5 -3.57143
3105.5 5
3106.5 -0.571429
3107.5 -3.57628e-07
3108.5 8.71429
3109.5 -0.857143
3110.5 0.571428
3111.5 4.57143
3112.5 10
3113.5 19.5714
3114.5 -15.7143
3115.5 -13.2857
3116.5 17.4286
3117.5 15.4286
3118.5 -1.57143
3119.5 -1.71429
3120.5 -6.85714
3121.5 1.85714
3122.5 -14.4286
3123.5 -0.571429
3124.5 5.42857
3125.5 5.85714
3126.5 -1.14286
3127.5 -11.8571
3128.5 -5.71429
3129.5 3.57143
3130.5 7.14286
3131.5 -2
3132.5 1.28571
3133.5 -5.85714
3134.5 12.8571
3135.5 4.71429
3136.5 11.2857
3137.5 16
3138.5 3
3139.5 15.2857
3140.5 9.85714
3141.5 8.14286
3142.5 3.57143
3143.5 1.85714
3144.5 7.71429
3145.5 -10.5714
3146.5 -5.28571
3147.5 7.14286
3148.5 15.7143
3149.5 10.7143
3150.5 8.14286
3151.5 19.8571
3152.5 -2.28571
3153.5 2
3154.5 7.28571
3155.5 8.28571
3156.5 -7.42857
3157.5 1.14286
3158.5 10.8571
3159.5 3.28571
3160.5 -4.57143
3161.5 7.28571
3162.5 4.14286
3163.5 8.28571
3164.5 5
3165.5 1.14286
3166.5 -6.71429
3167.5 6.57143
3168.5 4.85714
3169.5 -4
3170.5 12.8571
3171.5 7.85714
3172.5 0.428571
3173.5 1.71429
3174.5 4.42857
3175.5 6.85714
3176.5 18.4286
3177.5 -6
3178.5 10
3179.5 10.7143
3180.5 16.5714
3181.5 11.2857
3182.5 10
3183.5 -0.571429
3184.5 -12.5714
3185.5 -5
3186.5 -20.5714
3187.5 -1.57143
3188.5 6.14286
3189.5 11.5714
3190.5 1.57143
3191.5 -2.85714
3192.5 8
3193.5 -0.857143
3194.5 9.85714
3195.5 3.14286
3196.5 4.14286
3197.5 0.571428
3198.5 15
3199.5 -5.42857
3200.5 -0.857144
3201.5 8.42857
3202.5 -6.57143
3203.5 -0.142858
3204.5 22.8571
3205.5 15.4286
3206.5 18.2857
3207.5 30.1429
3208.5 8.85714
3209.5 18.2857
3210.5 -3.14286
3211.5 2.28571
3212.5 1.85714
3213.5 2.42857
3214.5 16.8571
3215.5 -10.2857
3216.5 -9.85714
3217.5 2.85714
3218.5 10.1429
3219.5 -3.42857
3220.5 2.71429
3221.5 -13.5714
3222.5 -6.28571
3223.5 -3.28571
3224.5 2.28571
3225.5 -0.285715
3226.5 15
3227.5 0.285714
3228.5 18
3229.5 16.7143
3230.5 14.8571
3231.5 46.5714
3232.5 60.4286
3233.5 70
3234.5 41
3235.5 28.2857
3236.5 -0.571429
3237.5 9.57143
3238.5 3
3239.5 -4
3240.5 0.999999
3241.5 -21.8571
3242.5 -8
3243.5 -1.42857
3244.5 -11.4286
3245.5 -0.571429
3246.5 10.7143
3247.5 14.7143
3248.5 14.4286
3249.5 2.57143
3250.5 3.42857
3251.5 2
3252.5 12.1429
3253.5 6.14286
3254.5 -7.42857
3255.5 9.28571
3256.5 -0.142858
3257.5 -8
3258.5 -16.2857
3259.5 -17.4286
3260.5 -9.14286
3261.5 -8
3262.5 -13.7143
3263.5 3.85714
3264.5 1
3265.5 10.2857
3266.5 -3.28571
3267.5 15.4286
3268.5 1.85714
3269.5 -2
3270.5 6.14286
3271.5 -0.142857
3272.5 23.2857
3273.5 6
3274.5 5.85714
3275.5 -2.71429
3276.5 9.28571
3277.5 -0.857143
3278.5 -3.71429
3279.5 10.7143
3280.5 1.71429
3281.5 6.14286
3282.5 -4.85714
3283.5 -5.71429
3284.5 -3.14286
3285.5 4.28571
3286.5 13.5714
3287.5 6.42857
3288.5 7
3289.5 7.42857
3290.5 3.85714
3291.5 10.2857
3292.5 -1.57143
3293.5 -0.714286
3294.5 -3.57143
3295.5 -13.1429
3296.5 -5
3297.5 15.5714
3298.5 5.85714
3299.5 7
3300.5 -3.42857
3301.5 7.28571
3302.5 14.4286
3303.5 -7.14286
3304.5 12.5714
3305.5 2.28571
3306.5 19
3307.5 14.2857
3308.5 3.42857
3309.5 4.71429
3310.5 19.5714
3311.5 11.8571
3312.5 2.14286
3313.5 -18.1429
3314.5 -0.714286
3315.5 7.57143
3316.5 3.71429
3317.5 -0.571429
3318.5 4.42857
3319.5 11
3320.5 1.85714
3321.5 10.4286
3322.5 -29.8571
3323.5 7.42857
3324.5 3.28571
3325.5 7.71429
3326.5 -0.142857
3327.5 7.14286
3328.5 16.4286
3329.5 -6.28571
3330.5 -1.71429
3331.5 3
3332.5 20.2857
3333.5 0.571428
3334.5 10.5714
3335.5 -1.42857
3336.5 -1.85714
3337.5 8
3338.5 12.7143
3339.5 14.4286
3340.5 6.28571
3341.5 -0.714286
3342.5 5.57143
3343.5 -12.4286
3344.5 -3.42857
3345.5 1.14286
3346.5 -3.42857
3347.5 3.85714
3348.5 -5.42857
3349.5 2.71429
3350.5 18
3351.5 -14.1429
3352.5 0.571428
3353.5 -6.71429
3354.5 -19.4286
3355.5 4.85714
3356.5 9.85714
3357.5 4.57143
3358.5 12
3359.5 -2.71429
3360.5 1.57143
3361.5 -8.57143
3362.5 -0.142857
3363.5 7.57143
3364.5 -2.42857
3365.5 1.14286
3366.5 3.71429
3367.5 19.4286
3368.5 5.14286
3369.5 0.714285
3370.5 4
3371.5 1.14286
3372.5 16.4286
3373.5 2.57143
3374.5 10
3375.5 14.8571
3376.5 11.8571
3377.5 12.8571
3378.5 8.42857
3379.5 -0.285715
3380.5 -7.42857
3381.5 -1.42857
3382.5 4.85714
3383.5 -3
3384.5 -0.142857
3385.5 8.28571
3386.5 1.42857
3387.5 2.42857
3388.5 15.1429
3389.5 17.1429
3390.5 25.1429
3391.5 21.2857
3392.5 29.8571
3393.5 5.14286
3394.5 6.71429
3395.5 -6.14286
3396.5 -8
3397.5 3.14286
3398.5 9.28571
3399.5 6.71429
3400.5 10.2857
3401.5 6
3402.5 6
3403.5 0.142857
3404.5 10.7143
3405.5 4.71429
3406.5 -7
3407.5 6.57143
3408.5 7
3409.5 6
3410.5 5.85714
3411.5 9.57143
3412.5 8.14286
3413.5 -1.78814e-07
3414.5 -1.78814e-07
3415.5 -4.28571
3416.5 0.857143
3417.5 -4
3418.5 8.14286
3419.5 7.85714
3420.5 -4.57143
3421.5 -1.57143
3422.5 2.85714
3423.5 -11.4286
3424.5 2
3425.5 9.14286
3426.5 -12.7143
3427.5 -8.14286
3428.5 -7
3429.5 -6.57143
3430.5 -1.85714
3431.5 -0.714286
3432.5 10
3433.5 -8.14286
3434.5 -2.28571
3435.5 0.857143
3436.5 -15
3437.5 12
3438.5 0.142857
3439.5 10.2857
3440.5 -12.7143
3441.5 -1.28571
3442.5 -11.4286
3443.5 4
3444.5 9
3445.5 4.85714
3446.5 -1.14286
3447.5 15.8571
3448.5 3.28571
3449.5 -4.42857
3450.5 -33.2857
3451.5 8.42857
3452.5 2
3453.5 16.8571
3454.5 -4.57143
3455.5 5.85714
3456.5 4.14286
3457.5 2.28571
3458.5 7.57143
3459.5 3.28571
3460.5 3.71429
3461.5 8.28571
3462.5 12.7143
3463.5 15.7143
3464.5 2
3465.5 -1.42857
3466.5 10.1429
3467.5 -16.2857
3468.5 14.8571
3469.5 4.42857
3470.5 3.28571
3471.5 5.42857
3472.5 -4
3473.5 1.42857
3474.5 -0.142857
3475.5 7.85714
3476.5 4.85714
3477.5 1.28571
3478.5 6.14286
3479.5 1.71429
3480.5 -0.571429
3481.5 3
3482.5 9.57143
3483.5 5.85714
3484.5 5.57143
3485.5 1.57143
3486.5 -7.57143
3487.5 10.4286
3488.5 20.5714
3489.5 -0.714286
3490.5 -3.42857
3491.5 23.4286
3492.5 15.2857
3493.5 9.71429
3494.5 16.1429
3495.5 -1
3496.5 -6
3497.5 -6
3498.5 6.28571
3499.5 6.28571
3500.5 -1.28571
3501.5 10.7143
3502.5 6.28571
3503.5 7.71429
3504.5 1.85714
3505.5 9.42857
3506.5 -4.28571
3507.5 19.4286
3508.5 8.71429
3509.5 6.71429
3510.5 6.28571
3511.5 20.8571
3512.5 5.28571
3513.5 12.4286
3514.5 -2
3515.5 5.57143
3516.5 2.71429
3517.5 -1.42857
3518.5 11.7143
3519.5 2.14286
3520.5 5.42857
3521.5 11.1429
3522.5 -1.78814e-07
3523.5 2.42857
3524.5 3.85714
3525.5 -4
3526.5 5.57143
3527.5 13.5714
3528.5 -5
3529.5 4.42857
3530.5 4.28571
3531.5 5.57143
3532.5 -1.85714
3533.5 -11.8571
3534.5 19.8571
3535.5 6.14286
3536.5 5.85714
3537.5 11.4286
3538.5 9.14286
3539.5 2.14286
3540.5 -12.1429
3541.5 -2.42857
3542.5 7.71429
3543.5 12.7143
3544.5 3.42857
3545.5 4.71429
3546.5 3.28571
3547.5 10.7143
3548.5 6.28571
3549.5 6.14286
3550.5 13.4286
3551.5 -0.857143
3552.5 -2.42857
3553.5 -0.285714
3554.5 8
3555.5 13.1429
3556.5 -3
3557.5 9.57143
3558.5 3.57143
3559.5 1
3560.5 3.85714
3561.5 0.714285
3562.5 4.85714
3563.5 -1.57143
3564.5 4.71429
3565.5 11.7143
3566.5 -3.14286
3567.5 -0.714286
3568.5 4.28571
3569.5 4.85714
3570.5 6.42857
3571.5 3.28571
3572.5 6.57143
3573.5 10
3574.5 -0.857143
3575.5 10.1429
3576.5 1.42857
3577.5 -1.85714
3578.5 2.71429
3579.5 -6.85714
3580.5 8.57143
3581.5 -6.28571
3582.5 8.71429
3583.5 25.5714
3584.5 8.71429
3585.5 33.1429
3586.5 13.7143
3587.5 5.28571
3588.5 8.42857
3589.5 -3.28571
3590.5 8.57143
3591.5 5.57143
3592.5 1.28571
3593.5 4.42857
3594.5 2.28571
3595.5 2.14286
3596.5 5.42857
3597.5 6.71429
3598.5 -2.14286
3599.5 3.85714
3600.5 -5
3601.5 6.28571
3602.5 -1.85714
3603.5 -0.857143
3604.5 7.28571
3605.5 7.28571
3606.5 2.28571
3607.5 8.85714
3608.5 -1.57143
3609.5 -0.571429
3610.5 10.1429
3611.5 11
3612.5 3.57143
3613.5 7.28571
3614.5 2.85714
3615.5 -12.7143
3616.5 -4.57143
3617.5 -7.28571
3618.5 3.57143
3619.5 -1
3620.5 19
3621.5 -1.85714
3622.5 11.1429
3623.5 -0.714286
3624.5 -2.85714
3625.5 -10
3626.5 -3.28571
3627.5 -12.8571
3628.5 -6.42857
3629.5 -2.42857
3630.5 -3.14286
3631.5 12.8571
3632.5 6.85714
3633.5 9
3634.5 12.5714
3635.5 3.57143
3636.5 13.8571
3637.5 8
3638.5 -1.71429
3639.5 3.42857
3640.5 2.57143
3641.5 6.57143
3642.5 3.71429
3643.5 3.28571
3644.5 7
3645.5 5.85714
3646.5 12.8571
3647.5 20.5714
3648.5 16.4286
3649.5 18
3650.5 8.85714
3651.5 9.14286
3652.5 4.28571
3653.5 5
3654.5 1.85714
3655.5 10.5714
3656.5 9.57143
3657.5 19.4286
3658.5 20.7143
3659.5 13.7143
3660.5 17.5714
3661.5 6.42857
3662.5 -2.28571
3663.5 3
3664.5 -5.57143
3665.5 -9.85714
3666.5 -0.857143
3667.5 -6.85714
3668.5 4.85714
3669.5 -1.78814e-07
3670.5 3.71429
3671.5 -9.42857
3672.5 -4.14286
3673.5 2.85714
3674.5 15.5714
3675.5 7
3676.5 16.7143
3677.5 2.42857
3678.5 -2
3679.5 2.57143
3680.5 17.4286
3681.5 11.2857
3682.5 1.57143
3683.5 -7.42857
3684.5 5.85714
3685.5 8.42857
3686.5 2.57143
3687.5 3
3688.5 4.85714
3689.5 9.14286
3690.5 -5.14286
3691.5 -1.71429
3692.5 5.14286
3693.5 11.5714
3694.5 -1.71429
3695.5 -2.28571
3696.5 -9
3697.5 2
3698.5 -3.14286
3699.5 -1.85714
3700.5 6.14286
3701.5 1.14286
3702.5 1.85714
3703.5 -3
3704.5 7.85714
3705.5 0.857143
3706.5 6.57143
3707.5 6.28571
3708.5 0.428571
3709.5 9.14286
3710.5 5.14286
3711.5 4.71429
3712.5 -5.28571
3713.5 -5.57143
3714.5 1.14286
3715.5 -11.7143
3716.5 5.71429
3717.5 1.57143
3718.5 8.42857
3719.5 20.2857
3720.5 0.142857
3721.5 7.71429
3722.5 6.85714
3723.5 9.57143
3724.5 4
3725.5 5.42857
3726.5 12.8571
3727.5 8.28571
3728.5 4.42857
3729.5 3.57143
3730.5 3.28571
3731.5 8.42857
3732.5 2.71429
3733.5 11.4286
3734.5 9.71429
3735.5 0.142857
3736.5 -1
3737.5 3.14286
3738.5 -3.28571
3739.5 -9.14286
3740.5 10.5714
3741.5 0.428571
3742.5 11.2857
3743.5 -1.85714
3744.5 7.85714
3745.5 -2.71429
3746.5 7.71429
3747.5 1.71429
3748.5 -8.14286
3749.5 0.571428
3750.5 6.71429
3751.5 12.8571
3752.5 8.85714
3753.5 -4.28571
3754.5 -3.71429
3755.5 5.42857
3756.5 5.14286
3757.5 3.85714
3758.5 2.14286
3759.5 0.285714
3760.5 15.5714
3761.5 11.5714
3762.5 8.14286
3763.5 9.42857
3764.5 3.85714
3765.5 -0.857143
3766.5 0.285714
3767.5 5.85714
3768.5 5
3769.5 -2.57143
3770.5 9.28571
3771.5 11.4286
3772.5 4.57143
3773.5 17.7143
3774.5 10.5714
3775.5 15.2857
3776.5 12.1429
3777.5 5.71429
3778.5 10.8571
3779.5 8
3780.5 -0.285714
3781.5 -1.42857
3782.5 -9.14286
3783.5 -4.42857
3784.5 -2.71429
3785.5 4.14286
3786.5 13.4286
3787.5 6.28571
3788.5 11.5714
3789.5 8.57143
3790.5 7.14286
3791.5 0.571428
3792.5 3.28571
3793.5 -1.78814e-07
3794.5 5.85714
3795.5 10.7143
3796.5 2.28571
3797.5 7.85714
3798.5 2.28571
3799.5 -1
3800.5 14.7143
3801.5 -6.14286
3802.5 -0.285714
3803.5 4.85714
3804.5 4.42857
3805.5 0.571428
3806.5 -7.57143
3807.5 -0.142857
3808.5 -5.42857
3809.5 2.28571
3810.5 1.85714
3811.5 5
3812.5 12.5714
3813.5 8.71429
3814.5 0.857143
3815.5 -2
3816.5 3.14286
3817.5 1.14286
3818.5 -2.28571
3819.5 7.85714
3820.5 13.4286
3821.5 9.57143
3822.5 0.285714
3823.5 3.28571
3824.5 2.28571
3825.5 7.28571
3826.5 -3.71429
3827.5 -1.78814e-07
3828.5 0.428571
3829.5 14.7143
3830.5 11.5714
3831.5 11.5714
3832.5 8.57143
3833.5 -1.42857
3834.5 2.28571
3835.5 -2.14286
3836.5 -2.42857
3837.5 5.14286
3838.5 5
3839.5 6.14286
3840.5 2.85714
3841.5 4.85714
3842.5 4.14286
3843.5 13.1429
3844.5 8.57143
3845.5 4
3846.5 -2.42857
3847.5 -4
3848.5 11
3849.5 4.28571
3850.5 -1.57143
3851.5 -4.57143
3852.5 11.1429
3853.5 5.57143
3854.5 -1.85714
3855.5 2.28571
3856.5 3.28571
3857.5 4.14286
3858.5 9.14286
3859.5 -9.57143
3860.5 17.7143
3861.5 4.71429
3862.5 -3.14286
3863.5 -0.428572
3864.5 -4.57143
3865.5 6
3866.5 -9.42857
3867.5 -2
3868.5 -1.85714
3869.5 -3.71429
3870.5 -9.14286
3871.5 12.2857
3872.5 2.42857
3873.5 2.42857
3874.5 -0.857143
3875.5 4.57143
3876.5 5.14286
3877.5 7.85714
3878.5 -3.14286
3879.5 3.57143
3880.5 -0.142857
3881.5 0.142857
3882.5 11.8571
3883.5 -1.85714
3884.5 14.4286
3885.5 10.4286
3886.5 11.4286
3887.5 -2.42857
3888.5 7.85714
3889.5 0.428571
3890.5 -0.285714
3891.5 -9.85714
3892.5 -2.85714
3893.5 -5.42857
3894.5 0.571428
3895.5 5.85714
3896.5 1.57143
3897.5 11.2857
3898.5 22.4286
3899.5 37.2857
3900.5 38.7143
3901.5 55.8571
3902.5 113.857
3903.5 117.714
3904.5 82.2857
3905.5 45.4286
3906.5 28.8571
3907.5 7.71429
3908.5 -5.42857
3909.5 7.28571
3910.5 2.57143
3911.5 -3.28571
3912.5 -3.14286
3913.5 -4.57143
3914.5 0.428571
3915.5 3.28571
3916.5 0.571428
3917.5 -1.85714
3918.5 -2.14286
3919.5 2.42857
3920.5 2.28571
3921.5 -3.71429
3922.5 -3.14286
3923.5 -6.42857
3924.5 -10.8571
3925.5 -12.5714
3926.5 -7.42857
3927.5 -9
3928.5 10.7143
3929.5 0.142857
3930.5 6.42857
3931.5 2.85714
3932.5 -2.57143
3933.5 7.14286
3934.5 2.57143
3935.5 8.14286
3936.5 -7.85714
3937.5 -4.85714
3938.5 1.14286
3939.5 -3.85714
3940.5 3.85714
3941.5 2.85714
3942.5 8.71429
3943.5 -8.14286
3944.5 2.28571
3945.5 20.1429
3946.5 5.28571
3947.5 8
3948.5 4.71429
3949.5 1.85714
3950.5 0.142857
3951.5 -0.428572
3952.5 7.28571
3953.5 15.1429
3954.5 0.571428
3955.5 2
3956.5 14.4286
3957.5 -0.714286
3958.5 12.7143
3959.5 -3.42857
3960.5 -5.57143
3961.5 0.428571
3962.5 6.28571
3963.5 1.28571
3964.5 3.85714
3965.5 7.57143
3966.5 1.42857
3967.5 12.5714
3968.5 4.42857
3969.5 -3.42857
3970.5 11.5714
3971.5 8.85714
3972.5 4.42857
3973.5 3.14286
3974.5 0.285714
3975.5 10.1429
3976.5 14
3977.5 5.28571
3978.5 -0.714286
3979.5 -5
3980.5 0.142857
3981.5 -6.85714
3982.5 2.85714
3983.5 -2.28571
3984.5 5
3985.5 -1.57143
3986.5 -4.14286
3987.5 8.28571
3988.5 8.85714
3989.5 0.714286
3990.5 1.28571
3991.5 1.57143
3992.5 6.28571
3993.5 -7
3994.5 7.57143
3995.5 4.14286
3996.5 10.5714
3997.5 -2.71429
3998.5 2.42857
3999.5 7.14286
4000.5 -0.857143
4001.5 1.42857
4002.5 1.28571
4003.5 -1.85714
4004.5 7.71429
4005.5 4.71429
4006.5 11.4286
4007.5 6.57143
4008.5 -4.71429
4009.5 -4
4010.5 5.14286
4011.5 6.85714
4012.5 -2.42857
4013.5 2.42857
4014.5 -7
4015.5 9.14286
4016.5 -2.85714
4017.5 1.71429
4018.5 -1.57143
4019.5 -4
4020.5 -1.71429
4021.5 -6.42857
4022.5 11.7143
4023.5 10.7143
4024.5 12.4286
4025.5 5.71429
4026.5 1.57143
4027.5 13
4028.5 -0.142857
4029.5 1.42857
4030.5 6
4031.5 5.42857
4032.5 -6.28571
4033.5 16.1429
4034.5 2.71429
4035.5 -3.57143
4036.5 8.28571
4037.5 5.57143
4038.5 4.57143
4039.5 -7.14286
4040.5 0.285714
4041.5 5.14286
4042.5 4.42857
4043.5 7.14286
4044.5 4.28571
4045.5 3.57143
4046.5 -7.57143
4047.5 4.14286
4048.5 6.85714
4049.5 6
4050.5 13.1429
4051.5 4
4052.5 2
4053.5 0.714286
4054.5 5.57143
4055.5 7.42857
4056.5 5
4057.5 9.85714
4058.5 0.285714
4059.5 7.42857
4060.5 -1.19209e-07
4061.5 2
4062.5 -4.85714
4063.5 12.2857
4064.5 5.42857
4065.5 0.571428
4066.5 -2.57143
4067.5 3.85714
4068.5 0.428571
4069.5 -6.28571
4070.5 6.28571
4071.5 6.71429
4072.5 -5.14286
4073.5 9.85714
4074.5 6.71429
4075.5 1
4076.5 -7.71429
4077.5 5.28571
4078.5 -0.142857
4079.5 9.28571
4080.5 -0.714286
4081.5 -2.85714
4082.5 5.85714
4083.5 3.28571
4084.5 0.571428
4085.5 5.28571
4086.5 -3.42857
4087.5 -1.19209e-07
4088.5 1
4089.5 7.85714
4090.5 12.7143
4091.5 4.28571
4092.5 12.2857
4093.5 -3.28571
4094.5 2
4095.5 4
4096.5 -0.428572
4097.5 -6.42857
4098.5 4.71429
4099.5 5
4100.5 -5.14286
4101.5 -6.42857
4102.5 -3.42857
4103.5 5.42857
4104.5 1.42857
4105.5 7.85714
4106.5 1.85714
4107.5 4.14286
4108.5 3.71429
4109.5 -5.85714
4110.5 12
4111.5 -0.857143
4112.5 -9.57143
4113.5 5.28571
4114.5 11.8571
4115.5 -3.85714
4116.5 1
4117.5 -4.14286
4118.5 1.71429
4119.5 -4.85714
4120.5 -1.14286
4121.5 2.42857
4122.5 10.8571
4123.5 0.285714
4124.5 0.142857
4125.5 -3.28571
4126.5 5
4127.5 2.85714
4128.5 2.42857
4129.5 -5.71429
4130.5 9
4131.5 -4.28571
4132.5 3.71429
4133.5 1.57143
4134.5 -4.85714
4135.5 -8.42857
4136.5 0.428571
4137.5 3
4138.5 -4.71429
4139.5 3.85714
4140.5 -0.142857
4141.5 5.57143
4142.5 2.14286
4143.5 3.85714
4144.5 10.5714
4145.5 13.5714
4146.5 18.5714
4147.5 23
4148.5 43
4149.5 42.4286
4150.5 64.7143
4151.5 30.1429
4152.5 15.7143
4153.5 5.85714
4154.5 7.28571
4155.5 -2.42857
4156.5 8.71429
4157.5 -5.14286
4158.5 -5.28571
4159.5 3.57143
4160.5 6.57143
4161.5 -1.28571
4162.5 10
4163.5 0.285714
4164.5 4.71429
4165.5 6
4166.5 -2.38419e-07
4167.5 7.14286
4168.5 3.85714
4169.5 -3.28571
4170.5 -2.28571
4171.5 -0.714286
4172.5 6.14286
4173.5 3
4174.5 3.14286
4175.5 3.42857
4176.5 -3.57143
4177.5 -1.57143
4178.5 -1.85714
4179.5 -3
4180.5 1.85714
4181.5 0.428571
4182.5 -3
4183.5 -6
4184.5 -1.42857
4185.5 1.28571
4186.5 -3.14286
4187.5 -7.71429
4188.5 -1
4189.5 4.42857
4190.5 4.28571
4191.5 7.71429
4192.5 1
4193.5 0.857143
4194.5 2.57143
4195.5 -1.42857
4196.5 -3.14286
4197.5 2.71429
4198.5 6
4199.5 -0.857143
4200.5 0.285714
4201.5 2.28571
4202.5 9.71429
4203.5 2.57143
4204.5 9.57143
4205.5 5.57143
4206.5 -4.71429
4207.5 2.85714
4208.5 -4.57143
4209.5 -2.14286
4210.5 7.28571
4211.5 3.14286
4212.5 -1.42857
4213.5 7
4214.5 -3.14286
4215.5 4
4216.5 -3
4217.5 -5.57143
4218.5 -5
4219.5 11.5714
4220.5 11.5714
4221.5 8.57143
4222.5 -5.57143
4223.5 8.42857
4224.5 -3
4225.5 5.85714
4226.5 -1.57143
4227.5 -0.571429
4228.5 0.428571
4229.5 -0.428572
4230.5 2.57143
4231.5 2.71429
4232.5 -6.28571
4233.5 7.57143
4234.5 2
4235.5 2.14286
4236.5 1.57143
4237.5 -2.14286
4238.5 1.28571
4239.5 -2.42857
4240.5 4.71429
4241.5 8
4242.5 0.428571
4243.5 6.14286
4244.5 -3.42857
4245.5 -2
4246.5 -3.71429
4247.5 -1
4248.5 -2.85714
4249.5 14.7143
4250.5 -3.42857
4251.5 -2.14286
4252.5 -0.142857
4253.5 1.57143
4254.5 2.57143
4255.5 3.28571
4256.5 -1.57143
4257.5 8.85714
4258.5 -2
4259.5 2.57143
4260.5 -0.428572
4261.5 5.85714
4262.5 -11
4263.5 14.8571
4264.5 -6
4265.5 11.4286
4266.5 -5.71429
4267.5 -15.5714
4268.5 5.42857
4269.5 -3.28571
4270.5 0.857143
4271.5 2.28571
4272.5 7.42857
4273.5 0.285714
4274.5 3.57143
4275.5 -1.28571
4276.5 6.42857
4277.5 1.71429
4278.5 -1.71429
4279.5 5.71429
4280.5 -2
4281.5 -10.5714
4282.5 1
4283.5 5.85714
4284.5 3.85714
4285.5 -4.71429
4286.5 -5.71429
4287.5 9.85714
4288.5 0.142857
4289.5 8.57143
4290.5 2.71429
4291.5 7.14286
4292.5 0.714286
4293.5 1.57143
4294.5 -1
4295.5 0.857143
4296.5 2.71429
4297.5 7.57143
4298.5 -3.71429
4299.5 7.28571
4300.5 -2.28571
4301.5 -11.5714
4302.5 -9.14286
4303.5 4.42857
4304.5 7.28571
4305.5 -0.428572
4306.5 4.85714
4307.5 -0.285714
4308.5 5.28571
4309.5 4.57143
4310.5 -0.428572
4311.5 6.85714
4312.5 -5
4313.5 -0.142857
4314.5 12.8571
4315.5 0.142857
4316.5 -0.714286
4317.5 5.57143
4318.5 3.14286
4319.5 -1.71429
4320.5 -1.28571
4321.5 1.71429
4322.5 -1
4323.5 0.714286
4324.5 -0.142857
4325.5 7.57143
4326.5 -5.57143
4327.5 1.14286
4328.5 -1.71429
4329.5 6.71429
4330.5 0.428571
4331.5 5.57143
4332.5 0.857143
4333.5 -3.85714
4334.5 7.85714
4335.5 0.142857
4336.5 2.85714
4337.5 8
4338.5 5.14286
4339.5 -2.71429
4340.5 5.28571
4341.5 -4.28571
4342.5 6.42857
4343.5 6.85714
4344.5 3.57143
4345.5 16.2857
4346.5 -6.28571
4347.5 -3.71429
4348.5 -0.714286
4349.5 2.57143
4350.5 8.71429
4351.5 3.85714
4352.5 -5.85714
4353.5 7.85714
4354.5 3.14286
4355.5 9.57143
4356.5 0.714286
4357.5 2
4358.5 1.71429
4359.5 -1.42857
4360.5 -2.14286
4361.5 2.14286
4362.5 -3.71429
4363.5 0.428571
4364.5 -0.142857
4365.5 0.142857
4366.5 1.57143
4367.5 4.28571
4368.5 8
4369.5 3.71429
4370.5 -4.57143
4371.5 4.14286
4372.5 14.5714
4373.5 0.571428
4374.5 10.2857
4375.5 5.71429
4376.5 -0.714286
4377.5 -5.42857
4378.5 5.57143
4379.5 -0.142857
4380.5 4.14286
4381.5 -6
4382.5 -0.571429
4383.5 13.2857
4384.5 10.2857
4385.5 1.42857
4386.5 6.28571
4387.5 11
4388.5 6.14286
4389.5 5.42857
4390.5 1.71429
4391.5 -8
4392.5 10.7143
4393.5 2.85714
4394.5 -3.71429
4395.5 1.71429
4396.5 7.85714
4397.5 7.57143
4398.5 3.28571
4399.5 5.57143
4400.5 -3
4401.5 0.857143
4402.5 3.14286
4403.5 -1
4404.5 3
4405.5 1.14286
4406.5 -1.19209e-07
4407.5 1.71429
4408.5 4
4409.5 3.71429
4410.5 1.42857
4411.5 3
4412.5 2.14286
4413.5 3.14286
4414.5 3.57143
4415.5 4.42857
4416.5 2.14286
4417.5 6
4418.5 7.85714
4419.5 -1.19209e-07
4420.5 -5.42857
4421.5 -3.57143
4422.5 -3.42857
4423.5 0.428571
4424.5 -3.71429
4425.5 0.714286
4426.5 -4.28571
4427.5 2.28571
4428.5 6.42857
4429.5 -0.857143
4430.5 -0.571429
4431.5 -1.19209e-07
4432.5 4.28571
4433.5 7.28571
4434.5 -9.42857
4435.5 11.1429
4436.5 4.57143
4437.5 3.85714
4438.5 -0.428572
4439.5 -3.42857
4440.5 4.57143
4441.5 0.142857
4442.5 0.142857
4443.5 6.57143
4444.5 -2.71429
4445.5 -0.714286
4446.5 -4.28571
4447.5 -3.71429
4448.5 1.28571
4449.5 -0.714286
4450.5 -0.428572
4451.5 9.14286
4452.5 1.57143
4453.5 -2.85714
4454.5 -3.14286
4455.5 0.714285
4456.5 8.85714
4457.5 -8.85714
4458.5 -7.42857
4459.5 6.85714
4460.5 12.8571
4461.5 4.85714
4462.5 3.85714
4463.5 -2.28571
4464.5 4.71429
4465.5 2
4466.5 1.42857
4467.5 4.14286
4468.5 1.42857
4469.5 6.14286
4470.5 0.714286
4471.5 11.7143
4472.5 0.857143
4473.5 4.57143
4474.5 -2.85714
4475.5 -6
4476.5 0.142857
4477.5 5.85714
4478.5 -3.28571
4479.5 5.42857
4480.5 3
4481.5 0.142857
4482.5 -3.57143
4483.5 7.42857
4484.5 -5.42857
4485.5 5.57143
4486.5 -4.42857
4487.5 16.5714
4488.5 -3
4489.5 -1.85714
4490.5 6.71429
4491.5 -0.714286
4492.5 4.57143
4493.5 1.14286
4494.5 0.428571
4495.5 7
4496.5 -4.14286
4497.5 4.71429
4498.5 3.42857
4499.5 3.42857
4500.5 -2.14286
4501.5 -2.42857
4502.5 -3.71429
4503.5 2.57143
4504.5 5.14286
4505.5 0.142857
4506.5 -2.85714
4507.5 -1.14286
4508.5 6.28571
4509.5 -4
4510.5 -2.28571
4511.5 1.57143
4512.5 2.57143
4513.5 -3.71429
4514.5 -4.28571
4515.5 -1.85714
4516.5 3.14286
4517.5 4.28571
4518.5 0.428571
4519.5 -5.28571
4520.5 5.28571
4521.5 6.85714
4522.5 -6.28571
4523.5 3.28571
4524.5 1.28571
4525.5 0.857143
4526.5 -2.28571
4527.5 4.42857
4528.5 0.428571
4529.5 6.42857
4530.5 4.71429
4531.5 -1.71429
4532.5 5
4533.5 -0.285714
4534.5 3.85714
4535.5 -0.285714
4536.5 -0.857143
4537.5 1
4538.5 3
4539.5 -3
4540.5 -4.42857
4541.5 4
4542.5 -0.857143
4543.5 2.28571
4544.5 -1.85714
4545.5 3
4546.5 1.85714
4547.5 6.57143
4548.5 -1
4549.5 0.428571
4550.5 2.71429
4551.5 12
4552.5 8
4553.5 -1.19209e-07
4554.5 3.28571
4555.5 2.57143
4556.5 3.14286
4557.5 2.42857
4558.5 -2.42857
4559.5 -5
4560.5 1.28571
4561.5 -2
4562.5 -0.571429
4563.5 -2.14286
4564.5 -0.714286
4565.5 -5.42857
4566.5 -1.57143
4567.5 -2
4568.5 -2.14286
4569.5 5
4570.5 -0.857143
4571.5 1.85714
4572.5 -4.14286
4573.5 -7.42857
4574.5 2.85714
4575.5 -6
4576.5 -6.28571
4577.5 0.857143
4578.5 0.857143
4579.5 -0.857143
4580.5 -1.28571
4581.5 -1.14286
4582.5 -0.571429
4583.5 8.14286
4584.5 1.57143
4585.5 5.85714
4586.5 -1.71429
4587.5 1
4588.5 -3.85714
4589.5 5.71429
4590.5 -11.5714
4591.5 2.85714
4592.5 -2.71429
4593.5 6.85714
4594.5 6
4595.5 8
4596.5 1.57143
4597.5 -2
4598.5 6.57143
4599.5 20.7143
4600.5 6.14286
4601.5 4.85714
4602.5 1
4603.5 3.57143
4604.5 1.57143
4605.5 3.71429
4606.5 1.71429
4607.5 12.5714
4608.5 -0.714286
4609.5 -4.14286
4610.5 -1.42857
4611.5 1.42857
4612.5 5.28571
4613.5 -4.71429
4614.5 10
4615.5 -2.71429
4616.5 -0.285715
4617.5 4.28571
4618.5 -1.85714
4619.5 2.57143
4620.5 8.28571
4621.5 5.42857
4622.5 -6.28571
4623.5 -7.85714
4624.5 9.71429
4625.5 -0.285715
4626.5 -0.571429
4627.5 -8.42857
4628.5 0.857143
4629.5 4.14286
4630.5 6.28571
4631.5 -5.42857
4632.5 5.14286
4633.5 -0.142857
4634.5 5.57143
4635.5 -2.85714
4636.5 -4.28571
4637.5 8.14286
4638.5 -5.57143
4639.5 -11.5714
4640.5 2.42857
4641.5 7
4642.5 6.71429
4643.5 4.28571
4644.5 3.42857
4645.5 2.57143
4646.5 -8.57143
4647.5 -1.42857
4648.5 5.14286
4649.5 16.4286
4650.5 10.4286
4651.5 0.857143
4652.5 4
4653.5 5.42857
4654.5 8.57143
4655.5 2
4656.5 1
4657.5 -1.57143
4658.5 4
4659.5 -0.285714
4660.5 6
4661.5 3.42857
4662.5 -1.19209e-07
4663.5 0.142857
4664.5 2.28571
4665.5 -0.428571
4666.5 0.857143
4667.5 -4.57143
4668.5 1.28571
4669.5 1.71429
4670.5 7.14286
4671.5 1.14286
4672.5 4.14286
4673.5 1
4674.5 0.142857
4675.5 -4.57143
4676.5 -2.71429
4677.5 -1.57143
4678.5 1.28571
4679.5 -4.28571
4680.5 3.57143
4681.5 0.285714
4682.5 4.28571
4683.5 0.571428
4684.5 -4
4685.5 5
4686.5 -6.57143
4687.5 2.14286
4688.5 3.28571
4689.5 -8.71429
4690.5 -5.57143
4691.5 0.714286
4692.5 -0.285714
4693.5 2.85714
4694.5 -8.85714
4695.5 4.14286
4696.5 -10.1429
4697.5 -10.7143
4698.5 2.57143
4699.5 0.857143
4700.5 1.57143
4701.5 3
4702.5 2
4703.5 5.42857
4704.5 -1
4705.5 6.42857
4706.5 -5.96046e-08
4707.5 1.14286
4708.5 2
4709.5 6.28571
4710.5 -1.28571
4711.5 1.14286
4712.5 3.57143
4713.5 9.42857
4714.5 7
4715.5 1.14286
4716.5 3
4717.5 -2.28571
4718.5 -1.71429
4719.5 4
4720.5 5.85714
4721.5 9.28571
4722.5 0.857143
4723.5 3.85714
4724.5 2
4725.5 4.57143
4726.5 1.14286
4727.5 7.57143
4728.5 2.28571
4729.5 -0.142857
4730.5 2.14286
4731.5 3.85714
4732.5 -2.42857
4733.5 5.71429
4734.5 5
4735.5 1.57143
4736.5 1.71429
4737.5 5.14286
4738.5 3
4739.5 2.85714
4740.5 -5.96046e-08
4741.5 3.85714
4742.5 4.85714
4743.5 3.85714
4744.5 -0.857143
4745.5 -1.14286
4746.5 -5.96046e-08
4747.5 10
4748.5 -0.142857
4749.5 6.85714
4750.5 7.57143
4751.5 2.85714
4752.5 -1
4753.5 4.14286
4754.5 3.71429
4755.5 4.57143
4756.5 -1.57143
4757.5 -1.57143
4758.5 1.57143
4759.5 7.28571
4760.5 2.71429
4761.5 2.71429
4762.5 12
4763.5 18.1429
4764.5 14.4286
4765.5 19.8571
4766.5 23.8571
4767.5 15.2857
4768.5 12.7143
4769.5 3.85714
4770.5 2.71429
4771.5 0.142857
4772.5 3.28571
4773.5 1.71429
4774.5 8.85714
4775.5 -0.142857
4776.5 7.57143
4777.5 0.142857
4778.5 0.571428
4779.5 6.28571
4780.5 -5.96046e-08
4781.5 -1.85714
4782.5 -2.57143
4783.5 5.71429
4784.5 -0.714286
4785.5 0.714286
4786.5 3.42857
4787.5 6.85714
4788.5 1.71429
4789.5 1.42857
4790.5 -1.14286
4791.5 8.42857
4792.5 1
4793.5 3.85714
4794.5 -0.857143
4795.5 4.71429
4796.5 2.85714
4797.5 3.85714
4798.5 -0.714286
4799.5 -3.57143
4800.5 0.571429
4801.5 -1
4802.5 4.85714
4803.5 -6.14286
4804.5 2.28571
4805.5 -9.71429
4806.5 13.8571
4807.5 -1.71429
4808.5 2.71429
4809.5 -1.85714
4810.5 3.28571
4811.5 0.857143
4812.5 1.42857
4813.5 2.28571
4814.5 5.71429
4815.5 2.42857
4816.5 0.142857
4817.5 1.57143
4818.5 2
4819.5 3.57143
4820.5 2.85714
4821.5 -5.57143
4822.5 -1.57143
4823.5 -5.96046e-08
4824.5 6.71429
4825.5 4.71429
4826.5 2.14286
4827.5 7.14286
4828.5 1.85714
4829.5 9.57143
4830.5 3.71429
4831.5 -4.42857
4832.5 -7.57143
4833.5 4.71429
4834.5 2.71429
4835.5 5.28571
4836.5 7.71429
4837.5 0.714286
4838.5 9.28571
4839.5 2.42857
4840.5 -0.857143
4841.5 2.85714
4842.5 0.428571
4843.5 -1
4844.5 -2.42857
4845.5 -5.42857
4846.5 5.71429
4847.5 10.7143
4848.5 3.71429
4849.5 7.71429
4850.5 -0.571429
4851.5 2.14286
4852.5 1.71429
4853.5 1.71429
4854.5 -1.57143
4855.5 0.285714
4856.5 1.85714
4857.5 0.428571
4858.5 2.57143
4859.5 0.714286
4860.5 2.85714
4861.5 4.57143
4862.5 1.85714
4863.5 2.14286
4864.5 -3
4865.5 6.28571
4866.5 12.4286
4867.5 7.57143
4868.5 -1.19209e-07
4869.5 2.28571
4870.5 -3.42857
4871.5 3.28571
4872.5 -4.42857
4873.5 4.28571
4874.5 4.42857
4875.5 0.857143
4876.5 -1.57143
4877.5 -8.71429
4878.5 2.57143
4879.5 2.42857
4880.5 3.14286
4881.5 4.71429
4882.5 3
4883.5 -6.14286
4884.5 8.42857
4885.5 0.571428
4886.5 -12.5714
4887.5 3.14286
4888.5 -5.57143
4889.5 3.71429
4890.5 -0.285714
4891.5 3.85714
4892.5 -0.714286
4893.5 1
4894.5 -0.428571
4895.5 -0.857143
4896.5 1.85714
4897.5 3.85714
4898.5 4.85714
4899.5 0.142857
4900.5 -1.42857
4901.5 -2.57143
4902.5 2.71429
4903.5 -4
4904.5 4.14286
4905.5 1.28571
4906.5 8.57143
4907.5 -3.42857
4908.5 6.85714
4909.5 3.71429
4910.5 -4.42857
4911.5 -5.96046e-08
4912.5 2.42857
4913.5 0.714286
4914.5 1
4915.5 5.14286
4916.5 1.57143
4917.5 8.85714
4918.5 1.71429
4919.5 0.142857
4920.5 7.28571
4921.5 8.71429
4922.5 3
4923.5 1.57143
4924.5 6.85714
4925.5 1
4926.5 3.85714
4927.5 1.28571
4928.5 6
4929.5 6.71429
4930.5 1
4931.5 -2.85714
4932.5 -0.857143
4933.5 6.71429
4934.5 4.14286
4935.5 3.85714
4936.5 -0.142857
4937.5 -0.142857
4938.5 -1.57143
4939.5 -1.85714
4940.5 4.71429
4941.5 0.714286
4942.5 -0.142857
4943.5 3.85714
4944.5 -1.71429
4945.5 0.714286
4946.5 0.285714
4947.5 1.85714
4948.5 1.28571
4949.5 7.42857
4950.5 -1.28571
4951.5 12.4286
4952.5 8.28571
4953.5 3.42857
4954.5 -1.57143
4955.5 3.57143
4956.5 1.28571
4957.5 -2.28571
4958.5 9.42857
4959.5 1.42857
4960.5 -4
4961.5 3.14286
4962.5 -3.57143
4963.5 6.28571
4964.5 2.14286
4965.5 2.57143
4966.5 -6.57143
4967.5 1
4968.5 1.28571
4969.5 0.142857
4970.5 2.57143
4971.5 0.714286
4972.5 -1.28571
4973.5 -0.857143
4974.5 -2.14286
4975.5 5
4976.5 -1.14286
4977.5 5.85714
4978.5 5
4979.5 4.71429
4980.5 11.5714
4981.5 6.85714
4982.5 -2
4983.5 5
4984.5 3.85714
4985.5 3.42857
4986.5 12.7143
4987.5 0.142857
4988.5 2.71429
4989.5 -2.71429
4990.5 9.57143
4991.5 6.71429
4992.5 3.14286
4993.5 8.57143
4994.5 2.85714
4995.5 1.28571
4996.5 1.42857
4997.5 0.285714
4998.5 -0.428572
4999.5 -1.14286
5000.5 3.42857
5001.5 2.85714
5002.5 2.71429
5003.5 0.142857
5004.5 1.57143
5005.5 -0.714286
5006.5 3.71429
5007.5 -3.71429
5008.5 10.8571
5009.5 -2.85714
5010.5 -0.571429
5011.5 -3
5012.5 5.57143
5013.5 2.71429
5014.5 0.714286
5015.5 0.857143
5016.5 8.42857
5017.5 0.285714
5018.5 1.71429
5019.5 9.71429
5020.5 -7.14286
5021.5 2.85714
5022.5 3.57143
5023.5 4.71429
5024.5 1.57143
5025.5 10.4286
5026.5 6.71429
5027.5 9.42857
5028.5 0.571428
5029.5 3.42857
5030.5 1.14286
5031.5 3.71429
5032.5 -5.96046e-08
5033.5 -0.428571
5034.5 5.57143
5035.5 8.42857
5036.5 -3.28571
5037.5 7.28571
5038.5 5.71429
5039.5 4.57143
5040.5 1.14286
5041.5 -0.428572
5042.5 6.42857
5043.5 1.85714
5044.5 -1.71429
5045.5 4.42857
5046.5 -2.71429
5047.5 -3.28571
5048.5 3.85714
5049.5 -0.714286
5050.5 1.28571
5051.5 2.42857
5052.5 -4.42857
5053.5 -2.28571
5054.5 8.28571
5055.5 6.71429
5056.5 8.71429
5057.5 3.28571
5058.5 3.14286
5059.5 0.714286
5060.5 -3.14286
5061.5 1.71429
5062.5 9.85714
5063.5 1
5064.5 11
5065.5 7.85714
5066.5 -0.142857
5067.5 -2.42857
5068.5 4.85714
5069.5 17
5070.5 2.71429
5071.5 -6.57143
5072.5 6.42857
5073.5 -2.28571
5074.5 2.14286
5075.5 5.71429
5076.5 4.71429
5077.5 -0.285714
5078.5 2.42857
5079.5 0.285714
5080.5 2.28571
5081.5 -3.85714
5082.5 -3.14286
5083.5 5.14286
5084.5 -0.714286
5085.5 3.14286
5086.5 0.428571
5087.5 6.85714
5088.5 8.85714
5089.5 4.85714
5090.5 2.57143
5091.5 3.14286
5092.5 2
5093.5 6.71429
5094.5 0.428571
5095.5 2.71429
5096.5 4
5097.5 8.42857
5098.5 -3
5099.5 1.42857
5100.5 4.14286
5101.5 6.71429
5102.5 2.14286
5103.5 6.28571
5104.5 0.428571
5105.5 8.14286
5106.5 3
5107.5 2.28571
5108.5 2.85714
5109.5 1.14286
5110.5 -5.57143
5111.5 3.71429
5112.5 3.85714
5113.5 4.42857
5114.5 7.14286
5115.5 6.28571
5116.5 1.71429
5117.5 5.71429
5118.5 -5
5119.5 6.14286
5120.5 -0.857143
5121.5 3.42857
5122.5 -3.57143
5123.5 3
5124.5 4.57143
5125.5 5.85714
5126.5 1.28571
5127.5 3
5128.5 1.14286
5129.5 4.85714
5130.5 3.57143
5131.5 6.85714
5132.5 3.85714
5133.5 4
5134.5 10.4286
5135.5 5.28571
5136.5 3
5137.5 1.14286
5138.5 6.14286
5139.5 -3.42857
5140.5 3.57143
5141.5 4
5142.5 0.571429
5143.5 1.28571
5144.5 2.28571
5145.5 0.428571
5146.5 -4.85714
5147.5 -3.14286
5148.5 3.14286
5149.5 3.71429
5150.5 5.85714
5151.5 11.1429
5152.5 -2.71429
5153.5 -3
5154.5 1.71429
5155.5 2
5156.5 9.14286
5157.5 7.28571
5158.5 2.57143
5159.5 0.857143
5160.5 1.57143
5161.5 6.42857
5162.5 -0.142857
5163.5 5.85714
5164.5 7.42857
5165.5 -1.85714
5166.5 -8.28571
5167.5 0.571428
5168.5 5.42857
5169.5 5.28571
5170.5 1
5171.5 -1.57143
5172.5 6.57143
5173.5 5.57143
5174.5 -0.428572
5175.5 -6.85714
5176.5 -1.28571
5177.5 4.71429
5178.5 2.42857
5179.5 -0.714286
5180.5 2
5181.5 2.71429
5182.5 2.71429
5183.5 6.85714
5184.5 3.57143
5185.5 2.57143
5186.5 5
5187.5 9.71429
5188.5 -0.285714
5189.5 0.285714
5190.5 2.14286
5191.5 1.71429
5192.5 1.85714
5193.5 2.28571
5194.5 0.714286
5195.5 -4.57143
5196.5 4.71429
5197.5 7.85714
5198.5 5.42857
5199.5 2.85714
5200.5 1.14286
5201.5 5
5202.5 0.714286
5203.5 0.285714
5204.5 0.857143
5205.5 8.42857
5206.5 2.14286
5207.5 3.85714
5208.5 -1.85714
5209.5 -0.714286
5210.5 3
5211.5 3.42857
5212.5 7.28571
5213.5 2
5214.5 4
5215.5 2
5216.5 6.71429
5217.5 10.4286
5218.5 1.71429
5219.5 -4.57143
5220.5 5.85714
5221.5 2.85714
5222.5 -4.14286
5223.5 0.285714
5224.5 2
5225.5 7.57143
5226.5 -4.71429
5227.5 6.85714
5228.5 0.714286
5229.5 -1.14286
5230.5 5.42857
5231.5 2.85714
5232.5 -0.285714
5233.5 5.85714
5234.5 2.57143
5235.5 4.71429
5236.5 5.85714
5237.5 0.428571
5238.5 -3.28571
5239.5 0.428571
5240.5 -0.428572
5241.5 7
5242.5 3.14286
5243.5 1.71429
5244.5 -7.57143
5245.5 3.42857
5246.5 9.85714
5247.5 5.57143
5248.5 0.285714
5249.5 -5.96046e-08
5250.5 1
5251.5 -0.428572
5252.5 1.14286
5253.5 6.85714
5254.5 5.57143
5255.5 0.857143
5256.5 3.85714
5257.5 -0.142857
5258.5 5
5259.5 1.57143
5260.5 -0.857143
5261.5 2.57143
5262.5 5
5263.5 7.14286
5264.5 9.57143
5265.5 7.71429
5266.5 6.28571
5267.5 7.14286
5268.5 11.4286
5269.5 6.28571
5270.5 9.71429
5271.5 16.4286
5272.5 9.42857
5273.5 33
5274.5 37
5275.5 46.7143
5276.5 68
5277.5 53.2857
5278.5 60.7143
5279.5 41.2857
5280.5 21
5281.5 2
5282.5 14
5283.5 6.85714
5284.5 2.85714
5285.5 14
5286.5 11.1429
5287.5 1.28571
5288.5 6.14286
5289.5 -6.57143
5290.5 5.42857
5291.5 1.85714
5292.5 4.28571
5293.5 -0.857143
5294.5 2.85714
5295.5 2.14286
5296.5 2.57143
5297.5 2.85714
5298.5 4.57143
5299.5 2.71429
5300.5 1.14286
5301.5 2.57143
5302.5 4.14286
5303.5 2.85714
5304.5 6.42857
5305.5 10.5714
5306.5 0.142857
5307.5 5
5308.5 9.42857
5309.5 2
5310.5 4.71429
5311.5 4.71429
5312.5 2.14286
5313.5 -0.714286
5314.5 1.71429
5315.5 1.42857
5316.5 1.71429
5317.5 2.57143
5318.5 7.71429
5319.5 5.42857
5320.5 -1.14286
5321.5 3.28571
5322.5 12.4286
5323.5 8.14286
5324.5 2.71429
5325.5 7.42857
5326.5 0.142857
5327.5 1.14286
5328.5 -1.71429
5329.5 -0.714286
5330.5 9.42857
5331.5 1.28571
5332.5 6.85714
5333.5 10.4286
5334.5 8.14286
5335.5 -2.71429
5336.5 6
5337.5 3.71429
5338.5 3.85714
5339.5 4.42857
5340.5 3.57143
5341.5 1
5342.5 6
5343.5 8.14286
5344.5 0.142857
5345.5 10.1429
5346.5 -5.71429
5347.5 13.2857
5348.5 1.71429
5349.5 3.14286
5350.5 9.14286
5351.5 -3
5352.5 4.28571
5353.5 8.42857
5354.5 -3.28571
5355.5 18.8571
5356.5 15
5357.5 -2.28571
5358.5 -4.28571
5359.5 6.57143
5360.5 5.57143
5361.5 2.85714
5362.5 5.42857
5363.5 1.71429
5364.5 3.57143
5365.5 3.42857
5366.5 3.57143
5367.5 4.71429
5368.5 6.28571
5369.5 4.42857
5370.5 -1
5371.5 3.85714
5372.5 8.57143
5373.5 3.42857
5374.5 5.14286
5375.5 6.42857
5376.5 8.14286
5377.5 4.42857
5378.5 5.42857
5379.5 2.28571
5380.5 2.85714
5381.5 -2.28571
5382.5 1.28571
5383.5 1.57143
5384.5 -0.285714
5385.5 5
5386.5 2.57143
5387.5 1.57143
5388.5 2.71429
5389.5 2.28571
5390.5 5.71429
5391.5 4.85714
5392.5 3.85714
5393.5 0.857143
5394.5 3.14286
5395.5 2.42857
5396.5 2.14286
5397.5 -3
5398.5 7
5399.5 4
5400.5 9.28571
5401.5 7.28571
5402.5 3
5403.5 -5.96046e-08
5404.5 5.57143
5405.5 4.42857
5406.5 1.57143
5407.5 6.57143
5408.5 0.857143
5409.5 0.142857
5410.5 4.28571
5411.5 4.57143
5412.5 3.42857
5413.5 0.857143
5414.5 2.14286
5415.5 1.14286
5416.5 7.42857
5417.5 9.57143
5418.5 2.57143
5419.5 7.42857
5420.5 2.28571
5421.5 2.71429
5422.5 3.42857
5423.5 1.57143
5424.5 6.57143
5425.5 5.28571
5426.5 2.42857
5427.5 0.571429
5428.5 1.42857
5429.5 -1.14286
5430.5 2.14286
5431.5 4.28571
5432.5 2.57143
5433.5 1.42857
5434.5 1.71429
5435.5 5.14286
5436.5 -4
5437.5 0.857143
5438.5 -0.571429
5439.5 3.42857
5440.5 -3
5441.5 3.71429
5442.5 -1.28571
5443.5 0.857143
5444.5 -1.57143
5445.5 -1.14286
5446.5 1.57143
5447.5 1.28571
5448.5 5.42857
5449.5 -2.14286
5450.5 12.1429
5451.5 4.42857
5452.5 1.57143
5453.5 2.71429
5454.5 1.71429
5455.5 -0.571429
5456.5 11.2857
5457.5 7.42857
5458.5 0.571428
5459.5 3.28571
5460.5 -0.285714
5461.5 7.71429
5462.5 4.28571
5463.5 2.42857
5464.5 -3
5465.5 3
5466.5 -0.142857
5467.5 2
5468.5 6.57143
5469.5 7.14286
5470.5 6.85714
5471.5 5
5472.5 6
5473.5 10
5474.5 0.428571
5475.5 9.71429
5476.5 6.85714
5477.5 -1
5478.5 -0.285714
5479.5 3.85714
5480.5 -3.85714
5481.5 5.42857
5482.5 2.57143
5483.5 3.14286
5484.5 3.57143
5485.5 3.42857
5486.5 3.71429
5487.5 0.571429
5488.5 -2
5489.5 -0.571429
5490.5 6.57143
5491.5 11.1429
5492.5 8.14286
5493.5 3.28571
5494.5 0.428571
5495.5 2.42857
5496.5 1.28571
5497.5 4.28571
5498.5 -2.14286
5499.5 2.42857
5500.5 3.28571
5501.5 7.28571
5502.5 7.42857
5503.5 2.57143
5504.5 1.57143
5505.5 1.57143
5506.5 1.71429
5507.5 4.57143
5508.5 1.42857
5509.5 6.14286
5510.5 6.28571
5511.5 4.42857
5512.5 1.71429
5513.5 8.57143
5514.5 -2.14286
5515.5 5.28571
5516.5 1.14286
5517.5 2.14286
5518.5 4.85714
5519.5 3.42857
5520.5 3.57143
5521.5 3.28571
5522.5 4.57143
5523.5 4.57143
5524.5 2.71429
5525.5 5.57143
5526.5 0.571429
5527.5 -0.285714
5528.5 -0.428571
5529.5 4.42857
5530.5 10.5714
5531.5 8
5532.5 -6.71429
5533.5 2.14286
5534.5 6.71429
5535.5 13
5536.5 -0.714286
5537.5 3.28571
5538.5 -9.85714
5539.5 0.142857
5540.5 3.85714
5541.5 6.85714
5542.5 7.42857
5543.5 3.85714
5544.5 6.42857
5545.5 5.42857
5546.5 4.71429
5547.5 4
5548.5 3.57143
5549.5 5
5550.5 -0.142857
5551.5 5.28571
5552.5 2.42857
5553.5 -0.285714
5554.5 -0.571429
5555.5 2.28571
5556.5 6.28571
5557.5 9.28571
5558.5 3.42857
5559.5 -1.28571
5560.5 3
5561.5 4.28571
5562.5 2.28571
5563.5 2.71429
5564.5 6
5565.5 0.714286
5566.5 2.42857
5567.5 10
5568.5 -0.571429
5569.5 0.714286
5570.5 -3
5571.5 -0.571429
5572.5 -1.71429
5573.5 5.42857
5574.5 6.28571
5575.5 5.28571
5576.5 4.71429
5577.5 -2.57143
5578.5 -2
5579.5 9.85714
5580.5 3.28571
5581.5 -2.14286
5582.5 5.28571
5583.5 10
5584.5 2.85714
5585.5 -0.571429
5586.5 1
5587.5 -0.142857
5588.5 12.4286
5589.5 8.42857
5590.5 -6
5591.5 1.42857
5592.5 4.57143
5593.5 -0.714286
5594.5 4.28571
5595.5 1.57143
5596.5 -0.142857
5597.5 -1.85714
5598.5 2.42857
5599.5 7.14286
5600.5 7
5601.5 0.142857
5602.5 4.28571
5603.5 1.14286
5604.5 2.42857
5605.5 0.714286
5606.5 8.28571
5607.5 1.42857
5608.5 1.42857
5609.5 8.57143
5610.5 6.28571
5611.5 8
5612.5 -1.14286
5613.5 0.571429
5614.5 8.57143
5615.5 -0.285714
5616.5 7.42857
5617.5 1.28571
5618.5 4.14286
5619.5 0.571429
5620.5 -1.42857
5621.5 2.57143
5622.5 -1.14286
5623.5 -1.28571
5624.5 2.57143
5625.5 0.428571
5626.5 5.85714
5627.5 2.71429
5628.5 0.142857
5629.5 0.142857
5630.5 -0.285714
5631.5 1.42857
5632.5 4
5633.5 1.28571
5634.5 0.571429
5635.5 1.71429
5636.5 -2.28571
5637.5 0.857143
5638.5 4.14286
5639.5 4.57143
5640.5 -1.42857
5641.5 0.571429
5642.5 1.42857
5643.5 -0.285714
5644.5 1.42857
5645.5 3.42857
5646.5 -1.28571
5647.5 -0.571429
5648.5 1.28571
5649.5 1.57143
5650.5 0.571429
5651.5 5.42857
5652.5 2.42857
5653.5 6
5654.5 3.14286
5655.5 7.57143
5656.5 1.85714
5657.5 -0.428571
5658.5 1.85714
5659.5 1.85714
5660.5 3.14286
5661.5 4.42857
5662.5 8.14286
5663.5 4
5664.5 5.28571
5665.5 4.42857
5666.5 3.14286
5667.5 3.42857
5668.5 -0.571429
5669.5 4.42857
5670.5 2
5671.5 -1.28571
5672.5 3.28571
5673.5 5.14286
5674.5 1.28571
5675.5 -0.142857
5676.5 4
5677.5 -0.571429
5678.5 -0.428571
5679.5 2.28571
5680.5 4.14286
5681.5 3.42857
5682.5 -1.42857
5683.5 -5.96046e-08
5684.5 2.42857
5685.5 2.71429
5686.5 -5.57143
5687.5 1.14286
5688.5 -1.42857
5689.5 -0.857143
5690.5 3.71429
5691.5 0.571429
5692.5 1.71429
5693.5 0.428571
5694.5 -0.428571
5695.5 5.42857
5696.5 0.428571
5697.5 2.42857
5698.5 1.57143
5699.5 1.42857
5700.5 0.428571
5701.5 -0.428571
5702.5 -2.28571
5703.5 -0.571429
5704.5 0.285714
5705.5 -1.14286
5706.5 -3
5707.5 2.57143
5708.5 3.28571
5709.5 2.57143
5710.5 -1.42857
5711.5 1.57143
5712.5 -0.428571
5713.5 4.28571
5714.5 0.428571
5715.5 0.714286
5716.5 1.28571
5717.5 0.428571
5718.5 -0.571429
5719.5 1.42857
5720.5 0.571429
5721.5 -4
5722.5 0.142857
5723.5 5.14286
5724.5 3.28571
5725.5 1.57143
5726.5 -0.571429
5727.5 -2.42857
5728.5 1.28571
5729.5 -1.28571
5730.5 -0.571429
5731.5 1.28571
5732.5 2.14286
5733.5 -5.14286
5734.5 -1.42857
5735.5 2.42857
5736.5 0.571429
5737.5 1.42857
5738.5 -0.285714
5739.5 3.14286
5740.5 0.428571
5741.5 5
5742.5 0.285714
5743.5 6
5744.5 1.42857
5745.5 -0.857143
5746.5 1.42857
5747.5 -0.571429
5748.5 4
5749.5 2.28571
5750.5 6.28571
5751.5 3.42857
5752.5 4.42857
5753.5 2.85714
5754.5 2.71429
5755.5 -2.14286
5756.5 -1.28571
5757.5 5.28571
5758.5 -1.28571
5759.5 -5.96046e-08
5760.5 2.42857
5761.5 -3.28571
5762.5 3
5763.5 1.28571
5764.5 1.42857
5765.5 3.28571
5766.5 -0.428571
5767.5 5.14286
5768.5 2.28571
5769.5 -0.285714
5770.5 -2.28571
5771.5 1.28571
5772.5 3.14286
5773.5 -0.571429
5774.5 0.285714
5775.5 2.14286
5776.5 0.285714
5777.5 0.571429
5778.5 0.571429
5779.5 7.14286
5780.5 5
5781.5 12
5782.5 20.4286
5783.5 28.2857
5784.5 56.4286
5785.5 82.5714
5786.5 97
5787.5 114.286
5788.5 157.429
5789.5 164.143
5790.5 109.143
5791.5 68.5714
5792.5 25.5714
5793.5 19.1429
5794.5 3.42857
5795.5 2.28571
5796.5 2.28571
5797.5 3.14286
5798.5 -0.571429
5799.5 3.14286
5800.5 -1.57143
5801.5 -0.571429
5802.5 -1.71429
5803.5 2.14286
5804.5 0.571429
5805.5 -4.14286
5806.5 -2.28571
5807.5 -1.57143
5808.5 2
5809.5 0.285714
5810.5 -1.57143
5811.5 1.14286
5812.5 -1.42857
5813.5 2.14286
5814.5 5.57143
5815.5 -3.42857
5816.5 -1.57143
5817.5 -0.571429
5818.5 -4.28571
5819.5 1.14286
5820.5 3.14286
5821.5 -0.714286
5822.5 0.285714
5823.5 0
5824.5 0.428571
5825.5 0.285714
5826.5 5
5827.5 4.14286
5828.5 0.142857
5829.5 -4
5830.5 0.428571
5831.5 -2.42857
5832.5 1.42857
5833.5 0.142857
5834.5 1.28571
5835.5 1.42857
5836.5 2.42857
5837.5 0.428571
5838.5 0.428571
5839.5 1.42857
5840.5 2.42857
5841.5 4.42857
5842.5 -2.28571
5843.5 1.14286
5844.5 -1.57143
5845.5 2.28571
5846.5 -3.14286
5847.5 -0.857143
5848.5 1.14286
5849.5 -0.857143
5850.5 0
5851.5 0.142857
5852.5 -1.57143
5853.5 0.285714
5854.5 -1.71429
5855.5 1.14286
5856.5 1.14286
5857.5 0.428571
5858.5 -2.57143
5859.5 1.14286
5860.5 1.14286
5861.5 -0.857143
5862.5 -1.57143
5863.5 2.14286
5864.5 0.285714
5865.5 3
5866.5 0.428571
5867.5 1
5868.5 2.14286
5869.5 -0.571429
5870.5 1
5871.5 0.285714
5872.5 0.142857
5873.5 -0.714286
5874.5 0.428571
5875.5 -1.71429
5876.5 1.28571
5877.5 1
5878.5 1
5879.5 -1.42857
5880.5 -0.714286
5881.5 0.428571
5882.5 2.14286
5883.5 2.28571
5884.5 -1.71429
5885.5 -1.71429
5886.5 -1.57143
5887.5 1.14286
5888.5 -0.857143
5889.5 1.42857
5890.5 -0.857143
5891.5 1.28571
5892.5 -1.57143
5893.5 -1.57143
5894.5 -1.57143
5895.5 2.14286
5896.5 0.142857
5897.5 1.42857
5898.5 1.85714
5899.5 -1
5900.5 0.285714
5901.5 1.57143
5902.5 0.857143
5903.5 -5.85714
5904.5 -3.42857
5905.5 2.28571
5906.5 1.14286
5907.5 -5.14286
5908.5 -0.285714
5909.5 3.14286
5910.5 -1.57143
5911.5 -1.57143
5912.5 -2.28571
5913.5 -0.714286
5914.5 -0.571429
5915.5 -3.42857
5916.5 1.28571
5917.5 1
5918.5 1.14286
5919.5 -4.14286
5920.5 -3.28571
5921.5 1
5922.5 1
5923.5 5
5924.5 1.14286
5925.5 -1.42857
5926.5 1.14286
5927.5 1.42857
5928.5 0.142857
5929.5 -0.857143
5930.5 -0.571429
5931.5 2
5932.5 0.142857
5933.5 -0.571429
5934.5 0.428571
5935.5 -0.428571
5936.5 -0.714286
5937.5 -0.571429
5938.5 -0.571429
5939.5 -2.57143
5940.5 -0.571429
5941.5 -0.714286
5942.5 -1.57143
5943.5 -0.857143
5944.5 0.428571
5945.5 0
5946.5 1.28571
5947.5 -0.714286
5948.5 1.14286
5949.5 -1.57143
5950.5 1.28571
5951.5 1.14286
5952.5 2.28571
5953.5 3
5954.5 3.14286
5955.5 -0.714286
5956.5 0.285714
5957.5 -0.428571
5958.5 1
5959.5 -3.14286
5960.5 -1.42857
5961.5 2.57143
5962.5 -4
5963.5 -2.57143
5964.5 -1.57143
5965.5 5
5966.5 -6.28571
5967.5 -7.14286
5968.5 -5.14286
5969.5 -6.14286
5970.5 4.57143
5971.5 4.71429
5972.5 5.71429
5973.5 1.85714
5974.5 -0.857143
5975.5 0
5976.5 -0.571429
5977.5 -0.571429
5978.5 1.42857
5979.5 -0.571429
5980.5 -2.42857
5981.5 1
5982.5 -0.714286
5983.5 -1.71429
5984.5 -2.57143
5985.5 0.142857
5986.5 -2.57143
5987.5 2
5988.5 0
5989.5 -0.857143
5990.5 4
5991.5 -0.571429
5992.5 -1.71429
5993.5 -1.57143
5994.5 0.142857
5995.5 -0.714286
5996.5 -1.57143
5997.5 -1.57143
5998.5 -4.14286
5999.5 0.714286
6000.5 -2
6001.5 4.42857
6002.5 1.71429
6003.5 0.142857
6004.5 0.285714
6005.5 2.28571
6006.5 -2.57143
6007.5 0.285714
6008.5 -1.42857
6009.5 0.142857
6010.5 -0.714286
6011.5 -1.57143
6012.5 0.285714
6013.5 3.42857
6014.5 1.14286
6015.5 -0.428571
6016.5 3.14286
6017.5 -1.28571
6018.5 1
6019.5 0.428571
6020.5 -0.857143
6021.5 0
6022.5 -0.571429
6023.5 3
6024.5 -0.571429
6025.5 1.14286
6026.5 -0.714286
6027.5 -0.571429
6028.5 1.28571
6029.5 -2.57143
6030.5 -1.42857
6031.5 0.285714
6032.5 2.28571
6033.5 -3.14286
6034.5 -0.285714
6035.5 -1.28571
6036.5 -0.428571
6037.5 -2.42857
6038.5 0.571429
6039.5 -1.28571
6040.5 3.14286
6041.5 -2.28571
6042.5 -0.571429
6043.5 -0.714286
6044.5 -1.14286
6045.5 -1.57143
6046.5 -0.714286
6047.5 0.285714
6048.5 0
6049.5 0
6050.5 1.14286
6051.5 -1.57143
6052.5 -0.571429
6053.5 1.14286
6054.5 0.428571
6055.5 1.28571
6056.5 1.14286
6057.5 1.14286
6058.5 -0.714286
6059.5 -1.71429
6060.5 1
6061.5 1.14286
6062.5 -2.14286
6063.5 3
6064.5 1
6065.5 -1.57143
6066.5 -0.857143
6067.5 -0.857143
6068.5 -2.42857
6069.5 1.28571
6070.5 -0.428571
6071.5 1.14286
6072.5 -0.428571
6073.5 -0.428571
6074.5 -1.71429
6075.5 -0.857143
6076.5 0.428571
6077.5 0.142857
6078.5 1
6079.5 -0.571429
6080.5 1.28571
6081.5 0.285714
6082.5 -0.714286
6083.5 -0.714286
6084.5 0.285714
6085.5 0.142857
6086.5 1
6087.5 0.142857
6088.5 0.428571
6089.5 2.14286
6090.5 1
6091.5 0.142857
6092.5 -0.857143
6093.5 1
6094.5 1
6095.5 0.142857
6096.5 -1.57143
6097.5 -1.57143
6098.5 0.142857
6099.5 -2.42857
6100.5 -0.428571
6101.5 0.285714
6102.5 -0.857143
6103.5 1.14286
6104.5 -2.28571
6105.5 -0.857143
6106.5 0.285714
6107.5 -0.571429
6108.5 1.14286
6109.5 2.14286
6110.5 5
6111.5 -2.28571
6112.5 -1.57143
6113.5 -0.428571
6114.5 3.14286
6115.5 4.14286
6116.5 0
6117.5 -0.571429
6118.5 -0.714286
6119.5 -4.28571
6120.5 0.142857
6121.5 -0.571429
6122.5 -3.85714
6123.5 4.28571
6124.5 -2.14286
6125.5 0.285714
6126.5 -2.14286
6127.5 -0.714286
6128.5 -2.28571
6129.5 0.285714
6130.5 1.14286
6131.5 0.142857
6132.5 -1.71429
6133.5 -0.857143
6134.5 -1.71429
6135.5 0.142857
6136.5 0
6137.5 -0.857143
6138.5 1.14286
6139.5 -4.28571
6140.5 1.42857
6141.5 -1.57143
6142.5 2.14286
6143.5 -1.71429
6144.5 2
6145.5 1.14286
6146.5 -0.857143
6147.5 -0.857143
6148.5 5
6149.5 -0.714286
6150.5 0.285714
6151.5 2
6152.5 0.285714
6153.5 0.142857
6154.5 0
6155.5 0.285714
6156.5 -0.714286
6157.5 -0.571429
6158.5 3
6159.5 0.285714
6160.5 3
6161.5 1.14286
6162.5 -3.42857
6163.5 -2.57143
6164.5 0.142857
6165.5 1.14286
6166.5 0.142857
6167.5 -0.714286
6168.5 0.142857
6169.5 -1.71429
6170.5 0.142857
6171.5 -1.57143
6172.5 -1.57143
6173.5 -0.857143
6174.5 -1.57143
6175.5 2.14286
6176.5 -0.857143
6177.5 -0.857143
6178.5 1
6179.5 1
6180.5 -1.57143
6181.5 -2.57143
6182.5 0.142857
6183.5 -2.57143
6184.5 2
6185.5 -3.42857
6186.5 -0.714286
6187.5 0.428571
6188.5 -1.57143
6189.5 1
6190.5 0.428571
6191.5 -3.42857
6192.5 3.14286
6193.5 -1.42857
6194.5 0.142857
6195.5 4
6196.5 2
6197.5 -0.714286
6198.5 0.285714
6199.5 1.28571
6200.5 -2.42857
6201.5 -0.571429
6202.5 -0.857143
6203.5 -0.714286
6204.5 0.571429
6205.5 -0.714286
6206.5 -2.57143
6207.5 2.14286
6208.5 -1.71429
6209.5 1.28571
6210.5 -0.428571
6211.5 -3.42857
6212.5 -0.714286
6213.5 2
6214.5 -0.857143
6215.5 0.142857
6216.5 4
6217.5 0.285714
6218.5 -2.57143
6219.5 1
6220.5 1.28571
6221.5 2
6222.5 0.428571
6223.5 2.42857
6224.5 -1.42857
6225.5 0.285714
6226.5 -2.42857
6227.5 3.28571
6228.5 0.142857
6229.5 1.14286
6230.5 -1.57143
6231.5 -4.14286
6232.5 0
6233.5 5
6234.5 -0.857143
6235.5 -0.714286
6236.5 1
6237.5 -0.571429
6238.5 -0.571429
6239.5 1.14286
6240.5 2.28571
6241.5 -1.57143
6242.5 -2.42857
6243.5 -2.42857
6244.5 1.14286
6245.5 1.14286
6246.5 1.14286
6247.5 3.14286
6248.5 0.285714
6249.5 2.28571
6250.5 1.14286
6251.5 0.142857
6252.5 1.28571
6253.5 -0.857143
6254.5 0
6255.5 3.14286
6256.5 0.285714
6257.5 0.285714
6258.5 0.285714
6259.5 1.42857
6260.5 -1.28571
6261.5 0.142857
6262.5 1
6263.5 -1.71429
6264.5 0.571429
6265.5 -4.14286
6266.5 -1.57143
6267.5 -1.71429
6268.5 -1.71429
6269.5 -1.42857
6270.5 -1.42857
6271.5 1
6272.5 2
6273.5 1
6274.5 1.14286
6275.5 -0.714286
6276.5 -1.42857
6277.5 -2.57143
6278.5 0
6279.5 1.14286
6280.5 0
6281.5 -0.857143
6282.5 1.14286
6283.5 2
6284.5 -0.857143
6285.5 0.142857
6286.5 1.14286
6287.5 1
6288.5 1
6289.5 0.142857
6290.5 -1.57143
6291.5 2
6292.5 -1.71429
6293.5 1
6294.5 0.142857
6295.5 1.28571
6296.5 -1.71429
6297.5 1
6298.5 0
6299.5 0
6300.5 0
6301.5 0
6302.5 -1.57143
6303.5 3.28571
6304.5 2
6305.5 -0.571429
6306.5 1.28571
6307.5 0
6308.5 0.142857
6309.5 2
6310.5 -0.571429
6311.5 5
6312.5 0.142857
6313.5 -1.57143
6314.5 -0.857143
6315.5 -1.42857
6316.5 -0.857143
6317.5 -1.57143
6318.5 2.14286
6319.5 -0.714286
6320.5 2.28571
6321.5 -4.14286
6322.5 0.285714
6323.5 3.28571
6324.5 1.14286
6325.5 1.14286
6326.5 2.14286
6327.5 0.142857
6328.5 0.285714
6329.5 1
6330.5 -1.42857
6331.5 -1.42857
6332.5 -0.714286
6333.5 1
6334.5 0.285714
6335.5 0.142857
6336.5 -0.857143
6337.5 -0.857143
6338.5 0.142857
6339.5 -2.57143
6340.5 -0.571429
6341.5 1.14286
6342.5 2
6343.5 2
6344.5 -0.857143
6345.5 1
6346.5 0.285714
6347.5 0.142857
6348.5 -0.714286
6349.5 -0.714286
6350.5 1
6351.5 -0.857143
6352.5 -0.857143
6353.5 1
6354.5 0.285714
6355.5 1
6356.5 2
6357.5 0.142857
6358.5 -2.42857
6359.5 -0.857143
6360.5 0
6361.5 0.142857
6362.5 0.285714
6363.5 -0.857143
6364.5 -1.71429
6365.5 0.285714
6366.5 0.142857
6367.5 0.142857
6368.5 0.285714
6369.5 0
6370.5 -2.57143
6371.5 0.142857
6372.5 -1.71429
6373.5 1
6374.5 -2.57143
6375.5 0
6376.5 -0.714286
6377.5 0.285714
6378.5 0.142857
6379.5 1
6380.5 -0.857143
6381.5 -0.714286
6382.5 0.142857
6383.5 -0.857143
6384.5 -0.857143
6385.5 -1.57143
6386.5 -1.71429
6387.5 1.14286
6388.5 1.14286
6389.5 -1.57143
6390.5 -1.71429
6391.5 0.285714
6392.5 0
6393.5 -1.57143
6394.5 0
6395.5 0.142857
6396.5 0
6397.5 1
6398.5 1.14286
6399.5 0.428571
6400.5 1.14286
6401.5 -1.71429
6402.5 1.14286
6403.5 2
6404.5 2.14286
6405.5 1
6406.5 -0.857143
6407.5 -2.57143
6408.5 0
6409.5 0
6410.5 0
6411.5 1
6412.5 0
6413.5 0
6414.5 -2.57143
6415.5 0
6416.5 -0.714286
6417.5 0.714286
6418.5 -0.714286
6419.5 0.142857
6420.5 0.285714
6421.5 1.14286
6422.5 -0.714286
6423.5 -3.42857
6424.5 -1.42857
6425.5 -4.28571
6426.5 -1.71429
6427.5 0.142857
6428.5 -1.71429
6429.5 0
6430.5 -0.857143
6431.5 1
6432.5 0
6433.5 0
6434.5 1
6435.5 0.142857
6436.5 1
6437.5 -1.71429
6438.5 -0.714286
6439.5 0.142857
6440.5 -0.714286
6441.5 0.285714
6442.5 -0.857143
6443.5 -2.57143
6444.5 -1.71429
6445.5 0.142857
6446.5 0
6447.5 -1.71429
6448.5 0.142857
6449.5 -2.57143
6450.5 -0.857143
6451.5 1
6452.5 0
6453.5 -0.714286
6454.5 1
6455.5 1.14286
6456.5 0.142857
6457.5 -0.857143
6458.5 0.142857
6459.5 0
6460.5 0
6461.5 1.14286
6462.5 -0.571429
6463.5 1
6464.5 1
6465.5 1
6466.5 -0.857143
6467.5 -0.857143
6468.5 0.285714
6469.5 -2.57143
6470.5 -2.57143
6471.5 0.285714
6472.5 3.28571
6473.5 -6.42857
6474.5 -10.8571
6475.5 -0.857143
6476.5 -4.14286
6477.5 1.57143
6478.5 7.42857
6479.5 5.85714
6480.5 -9
6481.5 3.28571
6482.5 -6.57143
6483.5 -3.42857
6484.5 2.28571
6485.5 -1.14286
6486.5 5.14286
6487.5 -1.71429
6488.5 -1.42857
6489.5 0.142857
6490.5 -0.857143
6491.5 -2.42857
6492.5 1
6493.5 2
6494.5 0
6495.5 2
6496.5 1.14286
6497.5 1
6498.5 -0.857143
6499.5 0
6500.5 0
6501.5 -0.857143
6502.5 1.14286
6503.5 -1.71429
6504.5 -0.857143
6505.5 2
6506.5 0
6507.5 0.142857
6508.5 0
6509.5 2
6510.5 1
6511.5 0
6512.5 0
6513.5 1.14286
6514.5 0
6515.5 1
6516.5 1.14286
6517.5 -0.857143
6518.5 1
6519.5 0
6520.5 0
6521.5 -1.71429
6522.5 1
6523.5 0
6524.5 1
6525.5 0.142857
6526.5 -1.71429
6527.5 -0.857143
6528.5 -0.714286
6529.5 1
6530.5 0
6531.5 -0.857143
6532.5 -1.71429
6533.5 2
6534.5 0.142857
6535.5 -0.857143
6536.5 -1.71429
6537.5 -1.71429
6538.5 -0.857143
6539.5 2
6540.5 2
6541.5 1
6542.5 0.142857
6543.5 -0.857143
6544.5 -1.71429
6545.5 2
6546.5 2.14286
6547.5 -2.57143
6548.5 0
6549.5 -0.857143
6550.5 -0.857143
6551.5 -0.857143
6552.5 2
6553.5 -1.71429
6554.5 0
6555.5 1
6556.5 0
6557.5 0
6558.5 0.142857
6559.5 -0.857143
6560.5 -0.857143
6561.5 1
6562.5 -0.857143
6563.5 0
6564.5 -0.857143
6565.5 0
6566.5 -0.857143
6567.5 0
6568.5 0
6569.5 0
6570.5 -0.857143
6571.5 1
6572.5 0
6573.5 2
6574.5 0
6575.5 0
6576.5 0
6577.5 -0.714286
6578.5 0
6579.5 1
6580.5 0
6581.5 0
6582.5 0
6583.5 0
6584.5 0
6585.5 -1.71429
6586.5 0
6587.5 -0.857143
6588.5 0
6589.5 0
6590.5 0
6591.5 1
6592.5 -0.857143
6593.5 0
6594.5 0
6595.5 1
6596.5 1
6597.5 -0.857143
6598.5 0
6599.5 0
6600.5 0.142857
6601.5 0
6602.5 0.142857
6603.5 0
6604.5 1
6605.5 0.142857
6606.5 0.142857
6607.5 1
6608.5 1
6609.5 0
6610.5 0
6611.5 0.142857
6612.5 0
6613.5 -0.857143
6614.5 1
6615.5 1
6616.5 -0.857143
6617.5 -1.71429
6618.5 0
6619.5 -0.714286
6620.5 1
6621.5 0.142857
6622.5 -0.857143
6623.5 0
6624.5 2.14286
6625.5 0
6626.5 1
6627.5 0
6628.5 0
6629.5 0.142857
6630.5 0
6631.5 0.142857
6632.5 0
6633.5 -0.857143
6634.5 -0.857143
6635.5 0
6636.5 0
6637.5 0
6638.5 0
6639.5 0
6640.5 0
6641.5 0.142857
6642.5 1
6643.5 0
6644.5 0
6645.5 0
6646.5 -1.71429
6647.5 0
6648.5 -0.857143
6649.5 -0.857143
6650.5 0.142857
6651.5 0
6652.5 0.142857
6653.5 -1.71429
6654.5 0
6655.5 0
6656.5 -1.71429
6657.5 0
6658.5 1
6659.5 0
6660.5 0
6661.5 0
6662.5 0
6663.5 -0.857143
6664.5 0
6665.5 1
6666.5 0
6667.5 -0.857143
6668.5 0
6669.5 -1.71429
6670.5 1
6671.5 0
6672.5 0
6673.5 -0.857143
6674.5 1
6675.5 0
6676.5 0
6677.5 0
6678.5 -0.857143
6679.5 0
6680.5 0
6681.5 0
6682.5 1
6683.5 -0.857143
6684.5 2
6685.5 0
6686.5 0
6687.5 0
6688.5 0
6689.5 0
6690.5 1.28571
6691.5 0
6692.5 1
6693.5 0
6694.5 -0.857143
6695.5 1
6696.5 -0.857143
6697.5 -1.71429
6698.5 2
6699.5 0
6700.5 1
6701.5 -0.857143
6702.5 0.142857
6703.5 0
6704.5 0
6705.5 0
6706.5 1
6707.5 1
6708.5 -0.857143
6709.5 0
6710.5 2
6711.5 0
6712.5 0
6713.5 2
6714.5 2
6715.5 -0.857143
6716.5 -1.71429
6717.5 0
6718.5 0.142857
6719.5 0
6720.5 0
6721.5 1
6722.5 0
6723.5 0
6724.5 1
6725.5 0
6726.5 0
6727.5 1
6728.5 0
6729.5 0
6730.5 -0.714286
6731.5 -0.857143
6732.5 -1.71429
6733.5 -0.857143
6734.5 1.14286
6735.5 0
6736.5 3
6737.5 0
6738.5 1
6739.5 0
6740.5 -1.71429
6741.5 -0.857143
6742.5 1
6743.5 0
6744.5 2
6745.5 1
6746.5 -0.857143
6747.5 1
6748.5 2
6749.5 0
6750.5 1
6751.5 -0.857143
6752.5 -1.57143
6753.5 -0.857143
6754.5 0
6755.5 0
6756.5 0
6757.5 2
6758.5 -1.71429
6759.5 0
6760.5 0
6761.5 -1.71429
6762.5 0
6763.5 0
6764.5 -0.857143
6765.5 1
6766.5 1
6767.5 0
6768.5 0
6769.5 -2.57143
6770.5 -1.71429
6771.5 -0.857143
6772.5 -0.857143
6773.5 -0.571429
6774.5 -1.71429
6775.5 -1.71429
6776.5 0
6777.5 0
6778.5 -0.857143
6779.5 0
6780.5 2
6781.5 -1.71429
6782.5 -0.857143
6783.5 -0.857143
6784.5 0
6785.5 1
6786.5 0
6787.5 0
6788.5 1
6789.5 0
6790.5 -0.857143
6791.5 0
6792.5 0
6793.5 0
6794.5 -0.857143
6795.5 0
6796.5 1
6797.5 0
6798.5 -2.57143
6799.5 -0.857143
6800.5 1
6801.5 0
6802.5 0
6803.5 1.14286
6804.5 0
6805.5 0.142857
6806.5 -0.857143
6807.5 0
6808.5 0.142857
6809.5 2
6810.5 0
6811.5 1
6812.5 0
6813.5 1
6814.5 1
6815.5 1.14286
6816.5 0
6817.5 -0.857143
6818.5 2
6819.5 -1.71429
6820.5 0
6821.5 0
6822.5 -1.71429
6823.5 0
6824.5 0
6825.5 0
6826.5 0
6827.5 0
6828.5 1
6829.5 0
6830.5 1
6831.5 -0.857143
6832.5 0
6833.5 -0.714286
6834.5 -0.857143
6835.5 0
6836.5 -0.857143
6837.5 0
6838.5 0
6839.5 -0.857143
6840.5 1
6841.5 0
6842.5 -1.71429
6843.5 0
6844.5 -1.71429
6845.5 -0.857143
6846.5 1
6847.5 0.142857
6848.5 -0.857143
6849.5 0
6850.5 0
6851.5 -0.857143
6852.5 -1.71429
6853.5 0
6854.5 0.142857
6855.5 0
6856.5 -1.71429
6857.5 0
6858.5 0
6859.5 -0.857143
6860.5 0
6861.5 1
6862.5 0
6863.5 2
6864.5 -1.71429
6865.5 -0.857143
6866.5 1
6867.5 1
6868.5 0
6869.5 2
6870.5 0
6871.5 0
6872.5 -0.857143
6873.5 0
6874.5 0.142857
6875.5 0
6876.5 -0.857143
6877.5 0
6878.5 0
6879.5 1
6880.5 -0.857143
6881.5 -0.857143
6882.5 -0.857143
6883.5 2
6884.5 0
6885.5 0
6886.5 0
6887.5 1
6888.5 -1.71429
6889.5 0
6890.5 -0.857143
6891.5 -0.857143
6892.5 1
6893.5 1
6894.5 1
6895.5 0
6896.5 -0.714286
6897.5 0
6898.5 0
6899.5 1
6900.5 0
6901.5 -0.857143
6902.5 -0.714286
6903.5 0.142857
6904.5 0.142857
6905.5 0
6906.5 -1.71429
6907.5 -1.71429
6908.5 0
6909.5 -0.857143
6910.5 0
6911.5 -0.714286
6912.5 1
6913.5 -0.714286
6914.5 1
6915.5 0
6916.5 0
6917.5 0
6918.5 -0.857143
6919.5 -0.857143
6920.5 0
6921.5 -1.71429
6922.5 0.142857
6923.5 -0.857143
6924.5 1
6925.5 0.142857
6926.5 0
6927.5 -0.857143
6928.5 1
6929.5 0
6930.5 -2.57143
6931.5 0.142857
6932.5 -0.857143
6933.5 -3.42857
6934.5 -4.28571
6935.5 -5.14286
6936.5 -1.71429
6937.5 -1.71429
6938.5 -0.714286
6939.5 0
6940.5 0
6941.5 -0.714286
6942.5 0
6943.5 0
6944.5 2
6945.5 0.142857
6946.5 1
6947.5 0
6948.5 0
6949.5 -0.857143
6950.5 0
6951.5 0
6952.5 0
6953.5 1
6954.5 0
6955.5 0
6956.5 0
6957.5 -1.71429
6958.5 -0.857143
6959.5 0
6960.5 0
6961.5 -0.857143
6962.5 0
6963.5 0
6964.5 0
6965.5 0.142857
6966.5 0
6967.5 1
6968.5 0
6969.5 1
6970.5 -0.857143
6971.5 1
6972.5 0
6973.5 0
6974.5 -0.857143
6975.5 -0.857143
6976.5 0
6977.5 0
6978.5 0
6979.5 -0.857143
6980.5 0
6981.5 -0.857143
6982.5 -0.857143
6983.5 1
6984.5 0
6985.5 2
6986.5 0
6987.5 0
6988.5 -0.714286
6989.5 -0.857143
6990.5 0
6991.5 -0.857143
6992.5 0
6993.5 0
6994.5 0
6995.5 0
6996.5 2
6997.5 0
6998.5 0
6999.5 0
7000.5 -0.857143
7001.5 0
7002.5 -0.857143
7003.5 0
7004.5 -0.857143
7005.5 0
7006.5 0
7007.5 0
7008.5 1
7009.5 0
7010.5 0
7011.5 0
7012.5 0
7013.5 0
7014.5 0
7015.5 0
7016.5 1
7017.5 1
7018.5 0
7019.5 -0.857143
7020.5 0
7021.5 0
7022.5 0
7023.5 0
7024.5 0.142857
7025.5 0
7026.5 0
7027.5 0
7028.5 0.142857
7029.5 0
7030.5 -0.714286
7031.5 0
7032.5 0
7033.5 0
7034.5 0
7035.5 0
7036.5 1
7037.5 1.14286
7038.5 0
7039.5 -0.857143
7040.5 0
7041.5 0
7042.5 -0.857143
7043.5 0
7044.5 0
7045.5 0
7046.5 1
7047.5 0
7048.5 0
7049.5 -0.857143
7050.5 0
7051.5 0
7052.5 1
7053.5 0
7054.5 0
7055.5 -0.857143
7056.5 1
7057.5 -0.857143
7058.5 0
7059.5 0
7060.5 1
7061.5 0
7062.5 0
7063.5 1
7064.5 0
7065.5 1
7066.5 0
7067.5 0
7068.5 0
7069.5 1
7070.5 0
7071.5 -0.857143
7072.5 0
7073.5 0
7074.5 0
7075.5 0
7076.5 -0.857143
7077.5 0
7078.5 0
7079.5 0
7080.5 -3.42857
7081.5 0
7082.5 -0.857143
7083.5 0
7084.5 1
7085.5 0
7086.5 0
7087.5 0
7088.5 -0.857143
7089.5 0
7090.5 0
7091.5 0
7092.5 -0.857143
7093.5 0
7094.5 0
7095.5 1
7096.5 0
7097.5 -0.857143
7098.5 -0.857143
7099.5 0
7100.5 0
7101.5 0
7102.5 0
7103.5 0
7104.5 1
7105.5 0
7106.5 0
7107.5 1
7108.5 0
7109.5 0
7110.5 -0.857143
7111.5 -0.857143
7112.5 0
7113.5 1
7114.5 1
7115.5 0
7116.5 -0.857143
7117.5 2
7118.5 -0.857143
7119.5 0
7120.5 -1.71429
7121.5 1
7122.5 0
7123.5 0
7124.5 0
7125.5 0
7126.5 -0.857143
7127.5 0
7128.5 -0.857143
7129.5 1
7130.5 0
7131.5 -0.857143
7132.5 0
7133.5 0
7134.5 1
7135.5 0
7136.5 0
7137.5 0
7138.5 1
7139.5 0
7140.5 0
7141.5 0
7142.5 0
7143.5 -1.71429
7144.5 1
7145.5 0
7146.5 0
7147.5 0
7148.5 1
7149.5 1
7150.5 0
7151.5 0
7152.5 0
7153.5 0
7154.5 1
7155.5 1
7156.5 -0.857143
7157.5 0
7158.5 0
7159.5 0
7160.5 0
7161.5 -0.857143
7162.5 0
7163.5 -0.857143
7164.5 -0.857143
7165.5 1
7166.5 0
7167.5 0
7168.5 0
7169.5 2
7170.5 0
7171.5 0
7172.5 0
7173.5 0
7174.5 0
7175.5 -1.71429
7176.5 0
7177.5 0
7178.5 0
7179.5 0
7180.5 1
7181.5 -0.857143
7182.5 -2.57143
7183.5 0
7184.5 -0.857143
7185.5 0
7186.5 0
7187.5 0
7188.5 1
7189.5 0.142857
7190.5 -0.714286
7191.5 0
7192.5 0
7193.5 0
7194.5 1
7195.5 0.142857
7196.5 0
7197.5 0
7198.5 0
7199.5 1
7200.5 0
7201.5 0
7202.5 0
7203.5 0
7204.5 1
7205.5 0
7206.5 0.142857
7207.5 -0.857143
7208.5 -0.714286
7209.5 -0.857143
7210.5 -1.71429
7211.5 -0.714286
7212.5 0
7213.5 1
7214.5 0
7215.5 0
7216.5 0
7217.5 0
7218.5 0
7219.5 0
7220.5 1
7221.5 0
7222.5 0
7223.5 0
7224.5 0
7225.5 0.142857
7226.5 1
7227.5 -0.857143
7228.5 1
7229.5 0
7230.5 0
7231.5 0
7232.5 1
7233.5 0.142857
7234.5 1
7235.5 0
7236.5 0
7237.5 0
7238.5 0
7239.5 1
7240.5 0
7241.5 -0.857143
7242.5 -0.857143
7243.5 0.142857
7244.5 0
7245.5 1.14286
7246.5 1
7247.5 1
7248.5 -0.857143
7249.5 1
7250.5 0.142857
7251.5 -0.857143
7252.5 0
7253.5 0
7254.5 0
7255.5 0
7256.5 -1.71429
7257.5 0
7258.5 0
7259.5 0
7260.5 0
7261.5 -0.857143
7262.5 0
7263.5 -0.857143
7264.5 1
7265.5 0.142857
7266.5 1
7267.5 1
7268.5 -0.857143
7269.5 1
7270.5 0
7271.5 0
7272.5 0
7273.5 0
7274.5 0
7275.5 0.142857
7276.5 -1.71429
7277.5 0.142857
7278.5 0
7279.5 1
7280.5 0
7281.5 -0.857143
7282.5 0
7283.5 -0.857143
7284.5 0
7285.5 0
7286.5 0
7287.5 0
7288.5 0
7289.5 0.142857
7290.5 0
7291.5 -0.857143
7292.5 -1.71429
7293.5 0
7294.5 0
7295.5 0
7296.5 -0.857143
7297.5 -0.857143
7298.5 0
7299.5 2
7300.5 -0.857143
7301.5 0
7302.5 0
7303.5 0
7304.5 0
7305.5 -0.857143
7306.5 0
7307.5 0
7308.5 0
7309.5 0
7310.5 0
7311.5 0
7312.5 0
7313.5 -0.857143
7314.5 0
7315.5 0
7316.5 1
7317.5 0.142857
7318.5 2
7319.5 0
7320.5 -0.857143
7321.5 0
7322.5 0
7323.5 0
7324.5 0
7325.5 0
7326.5 0
7327.5 -0.857143
7328.5 0
7329.5 0
7330.5 0.142857
7331.5 0
7332.5 0
7333.5 0
7334.5 1
7335.5 0
7336.5 0
7337.5 0
7338.5 0
7339.5 0
7340.5 -1.71429
7341.5 1
7342.5 -0.857143
7343.5 0
7344.5 1
7345.5 0
7346.5 0
7347.5 0
7348.5 0
7349.5 0
7350.5 0
7351.5 0.142857
7352.5 0
7353.5 0
7354.5 2
7355.5 0
7356.5 0
7357.5 -0.857143
7358.5 -1.71429
7359.5 0
7360.5 0.142857
7361.5 1
7362.5 2.14286
7363.5 -0.857143
7364.5 0
7365.5 0
7366.5 0
7367.5 -0.857143
7368.5 1
7369.5 0
7370.5 0
7371.5 -0.857143
7372.5 0
7373.5 -0.857143
7374.5 0
7375.5 -0.857143
7376.5 0
7377.5 -0.857143
7378.5 0
7379.5 1
7380.5 0
7381.5 0
7382.5 0
7383.5 0
7384.5 0
7385.5 1
7386.5 0
7387.5 0
7388.5 0
7389.5 1
7390.5 0
7391.5 -0.857143
7392.5 0
7393.5 0
7394.5 0
7395.5 0
7396.5 0
7397.5 0
7398.5 0
7399.5 0.142857
7400.5 0
7401.5 1
7402.5 0
7403.5 1
7404.5 0
7405.5 0
7406.5 0
7407.5 0
7408.5 0
7409.5 0
7410.5 0
7411.5 0
7412.5 0
7413.5 -0.857143
7414.5 2.14286
7415.5 1
7416.5 2
7417.5 2.14286
7418.5 0
7419.5 2
7420.5 1
7421.5 -0.857143
7422.5 0
7423.5 0
7424.5 0
7425.5 0
7426.5 0
7427.5 1
7428.5 -1.71429
7429.5 0
7430.5 0
7431.5 0
7432.5 0
7433.5 0
7434.5 -0.857143
7435.5 0
7436.5 0
7437.5 -1.71429
7438.5 0
7439.5 0
7440.5 2
7441.5 0
7442.5 0
7443.5 1
7444.5 1
7445.5 -0.857143
7446.5 0
7447.5 0
7448.5 1
7449.5 0
7450.5 0.142857
7451.5 0
7452.5 0
7453.5 1
7454.5 0
7455.5 -0.857143
7456.5 0.142857
7457.5 0
7458.5 0
7459.5 0
7460.5 0
7461.5 0
7462.5 0
7463.5 0
7464.5 1
7465.5 0
7466.5 0
7467.5 -0.857143
7468.5 0
7469.5 0
7470.5 0
7471.5 0.142857
7472.5 1
7473.5 0
7474.5 0
7475.5 0
7476.5 1
7477.5 0
7478.5 0
7479.5 0
7480.5 0
7481.5 0
7482.5 -0.857143
7483.5 0
7484.5 0
7485.5 1
7486.5 0
7487.5 -0.857143
7488.5 -0.857143
7489.5 -0.857143
7490.5 0
7491.5 0
7492.5 -0.857143
7493.5 0
7494.5 2
7495.5 1
7496.5 0
7497.5 0
7498.5 1
7499.5 1
7500.5 0
7501.5 1
7502.5 0.142857
7503.5 0
7504.5 0
7505.5 0
7506.5 0
7507.5 0
7508.5 0
7509.5 1
7510.5 0
7511.5 0
7512.5 0
7513.5 0
7514.5 0
7515.5 0
7516.5 0
7517.5 0
7518.5 1
7519.5 0
7520.5 0
7521.5 0
7522.5 -0.857143
7523.5 0
7524.5 1
7525.5 0
7526.5 2
7527.5 0
7528.5 0
7529.5 0
7530.5 -0.857143
7531.5 0
7532.5 0
7533.5 0
7534.5 0
7535.5 -1.71429
7536.5 0
7537.5 0
7538.5 0
7539.5 0
7540.5 0
7541.5 0
7542.5 0
7543.5 1
7544.5 0
7545.5 0
7546.5 0
7547.5 -0.857143
7548.5 0
7549.5 1
7550.5 0
7551.5 0
7552.5 0
7553.5 0
7554.5 0
7555.5 0
7556.5 0
7557.5 0
7558.5 1
7559.5 -0.857143
7560.5 1
7561.5 1
7562.5 -2.57143
7563.5 0
7564.5 0
7565.5 0
7566.5 0
7567.5 0
7568.5 0
7569.5 0
7570.5 0
7571.5 -1.71429
7572.5 0
7573.5 0
7574.5 -0.857143
7575.5 -1.71429
7576.5 0
7577.5 0
7578.5 0
7579.5 0
7580.5 -0.857143
7581.5 0
7582.5 0
7583.5 0
7584.5 0
7585.5 0
7586.5 -0.857143
7587.5 0
7588.5 0
7589.5 0
7590.5 0
7591.5 -0.857143
7592.5 0
7593.5 0
7594.5 0
7595.5 0
7596.5 0
7597.5 0
7598.5 0
7599.5 0
7600.5 1
7601.5 0
7602.5 0
7603.5 0
7604.5 0
7605.5 0
7606.5 0
7607.5 0
7608.5 0
7609.5 0
7610.5 0
7611.5 1
7612.5 1
7613.5 0
7614.5 0
7615.5 0
7616.5 1
7617.5 0
7618.5 1
7619.5 0
7620.5 0
7621.5 0
7622.5 0
7623.5 2
7624.5 0
7625.5 -1.71429
7626.5 0
7627.5 -0.857143
7628.5 -1.71429
7629.5 -0.857143
7630.5 1
7631.5 0.142857
7632.5 -0.857143
7633.5 0
7634.5 1
7635.5 0
7636.5 0
7637.5 -0.857143
7638.5 0
7639.5 0
7640.5 0
7641.5 0
7642.5 0
7643.5 0
7644.5 -0.857143
7645.5 0
7646.5 0
7647.5 0
7648.5 0
7649.5 0
7650.5 0
7651.5 0
7652.5 0
7653.5 -0.857143
7654.5 0
7655.5 0
7656.5 0
7657.5 0
7658.5 0
7659.5 0
7660.5 0
7661.5 0
7662.5 0
7663.5 0
7664.5 0
7665.5 1
7666.5 0
7667.5 0
7668.5 0
7669.5 0
7670.5 -0.857143
7671.5 0
7672.5 1
7673.5 0
7674.5 0
7675.5 0.142857
7676.5 0
7677.5 0
7678.5 0
7679.5 1
7680.5 0
7681.5 0
7682.5 0
7683.5 0
7684.5 -0.857143
7685.5 0
7686.5 1
7687.5 0
7688.5 0
7689.5 0
7690.5 1
7691.5 0
7692.5 -1.71429
7693.5 0.142857
7694.5 1
7695.5 -0.857143
7696.5 1
7697.5 0
7698.5 -0.857143
7699.5 0
7700.5 0
7701.5 1
7702.5 0
7703.5 0
7704.5 0
7705.5 0
7706.5 0
7707.5 -0.857143
7708.5 0
7709.5 0
7710.5 2
7711.5 0
7712.5 0
7713.5 1
7714.5 2
7715.5 1
7716.5 -0.857143
7717.5 0.142857
7718.5 0
7719.5 -0.857143
7720.5 0
7721.5 -0.857143
7722.5 0
7723.5 0
7724.5 0
7725.5 0
7726.5 1
7727.5 0
7728.5 -0.857143
7729.5 0
7730.5 0
7731.5 0
7732.5 0
7733.5 -0.857143
7734.5 0
7735.5 -0.857143
7736.5 -0.857143
7737.5 0
7738.5 0
7739.5 0
7740.5 0
7741.5 0
7742.5 0
7743.5 0
7744.5 0
7745.5 0
7746.5 0
7747.5 0
7748.5 0
7749.5 0
7750.5 0
7751.5 0
7752.5 -0.857143
7753.5 0
7754.5 1
7755.5 -0.857143
7756.5 0
7757.5 0
7758.5 0
7759.5 -0.857143
7760.5 0
7761.5 -0.857143
7762.5 0
7763.5 0
7764.5 0
7765.5 1
7766.5 1
7767.5 1
7768.5 0
7769.5 -0.857143
7770.5 1.14286
7771.5 -2.42857
7772.5 1.14286
7773.5 1
7774.5 0
7775.5 0
7776.5 0
7777.5 1
7778.5 0
7779.5 1
7780.5 0
7781.5 0
7782.5 0
7783.5 0
7784.5 1
7785.5 0
7786.5 0
7787.5 1
7788.5 0
7789.5 0
7790.5 0
7791.5 1.14286
7792.5 -0.857143
7793.5 0
7794.5 0
7795.5 0
7796.5 0
7797.5 0
7798.5 0
7799.5 0
7800.5 1
7801.5 0
7802.5 0
7803.5 0
7804.5 -0.857143
7805.5 0
7806.5 0
7807.5 1
7808.5 -1.71429
7809.5 0
7810.5 0
7811.5 0
7812.5 0
7813.5 0
7814.5 0
7815.5 0
7816.5 0
7817.5 0
7818.5 0.142857
7819.5 0
7820.5 0
7821.5 0
7822.5 0
7823.5 0
7824.5 1
7825.5 0
7826.5 -0.714286
7827.5 1.14286
7828.5 0
7829.5 0
7830.5 0.142857
7831.5 0
7832.5 0
7833.5 0
7834.5 0
7835.5 0
7836.5 0
7837.5 0
7838.5 1
7839.5 0
7840.5 0
7841.5 0
7842.5 0
7843.5 0
7844.5 1
7845.5 0
7846.5 0
7847.5 -0.857143
7848.5 0
7849.5 0
7850.5 0
7851.5 0
7852.5 -0.857143
7853.5 0
7854.5 0
7855.5 0
7856.5 0
7857.5 0
7858.5 0
7859.5 0
7860.5 0
7861.5 0
7862.5 0
7863.5 0
7864.5 1
7865.5 0
7866.5 0
7867.5 0
7868.5 0
7869.5 0
7870.5 1
7871.5 0
7872.5 1
7873.5 0
7874.5 0
7875.5 0
7876.5 0
7877.5 0
7878.5 0
7879.5 0
7880.5 0
7881.5 0
7882.5 0
7883.5 0
7884.5 0
7885.5 1
7886.5 0
7887.5 1
7888.5 0
7889.5 0
7890.5 0
7891.5 0
7892.5 0
7893.5 0
7894.5 1
7895.5 0
7896.5 -0.857143
7897.5 0
7898.5 0
7899.5 0
7900.5 0
7901.5 0
7902.5 0
7903.5 0
7904.5 0
7905.5 0
7906.5 -1.71429
7907.5 0
7908.5 0
7909.5 -0.857143
7910.5 0
7911.5 0
7912.5 0
7913.5 0
7914.5 -1.71429
7915.5 0
7916.5 1
7917.5 0
7918.5 0
7919.5 0
7920.5 0.142857
7921.5 0
7922.5 0
7923.5 0
7924.5 0
7925.5 0
7926.5 0
7927.5 -0.857143
7928.5 0
7929.5 1
7930.5 0
7931.5 0
7932.5 0
7933.5 1
7934.5 0
7935.5 0
7936.5 0
7937.5 0
7938.5 0
7939.5 0
7940.5 0
7941.5 0
7942.5 0
7943.5 0
7944.5 -0.857143
7945.5 1
7946.5 0
7947.5 0
7948.5 0
7949.5 0
7950.5 0
7951.5 0
7952.5 0
7953.5 0
7954.5 0
7955.5 0
7956.5 1
7957.5 0
7958.5 1
7959.5 -0.857143
7960.5 1
7961.5 1
7962.5 0
7963.5 0
7964.5 0
7965.5 0
7966.5 -0.857143
7967.5 1
7968.5 -0.857143
7969.5 0
7970.5 0
7971.5 0
7972.5 0
7973.5 1
7974.5 0
7975.5 0
7976.5 0
7977.5 0
7978.5 0
7979.5 -1.71429
7980.5 0
7981.5 0
7982.5 1
7983.5 0
7984.5 0
7985.5 0
7986.5 0
7987.5 0
7988.5 1
7989.5 0
7990.5 0
7991.5 0
7992.5 0
7993.5 2
7994.5 1
7995.5 -0.857143
7996.5 0
7997.5 -1.71429
7998.5 0
7999.5 0
8000.5 0
8001.5 0
8002.5 0
8003.5 -0.857143
8004.5 0
8005.5 0
8006.5 0
8007.5 0
8008.5 0
8009.5 0
8010.5 0
8011.5 0
8012.5 0
8013.5 0
8014.5 0
8015.5 0
8016.5 0
8017.5 0
8018.5 0
8019.5 0
8020.5 0
8021.5 0
8022.5 0
8023.5 0
8024.5 0
8025.5 0
8026.5 0
8027.5 0
8028.5 -0.857143
8029.5 0
8030.5 0
8031.5 0
8032.5 0
8033.5 0
8034.5 0
8035.5 0
8036.5 -0.857143
8037.5 0
8038.5 1
8039.5 1
8040.5 0
8041.5 0
8042.5 0
8043.5 0
8044.5 0
8045.5 0
8046.5 0
8047.5 -0.857143
8048.5 0
8049.5 0
8050.5 0
8051.5 -0.857143
8052.5 0
8053.5 0
8054.5 0
8055.5 0
8056.5 0
8057.5 0
8058.5 -0.857143
8059.5 0
8060.5 0
8061.5 0
8062.5 0
8063.5 0
8064.5 0
8065.5 0
8066.5 0
8067.5 0
8068.5 1
8069.5 0
8070.5 0
8071.5 1
8072.5 -0.857143
8073.5 0
8074.5 1
8075.5 0
8076.5 0
8077.5 1
8078.5 -0.857143
8079.5 0
8080.5 0
8081.5 0
8082.5 0
8083.5 0
8084.5 -1.71429
8085.5 0
8086.5 0
8087.5 -0.857143
8088.5 0
8089.5 0
8090.5 0
8091.5 1
8092.5 0
8093.5 0
8094.5 -0.857143
8095.5 0
8096.5 1
8097.5 1
8098.5 0
8099.5 -0.857143
8100.5 0
8101.5 0
8102.5 0
8103.5 0
8104.5 0
8105.5 0
8106.5 0
8107.5 0
8108.5 0
8109.5 2
8110.5 0
8111.5 0
8112.5 0
8113.5 0
8114.5 0
8115.5 -0.857143
8116.5 0
8117.5 0
8118.5 0
8119.5 0
8120.5 -0.857143
8121.5 0
8122.5 0
8123.5 0
8124.5 0
8125.5 0
8126.5 0
8127.5 0
8128.5 0
8129.5 0
8130.5 0
8131.5 1
8132.5 0
8133.5 -0.857143
8134.5 0
8135.5 0
8136.5 0
8137.5 0
8138.5 0
8139.5 0
8140.5 -1.71429
8141.5 0
8142.5 0
8143.5 0
8144.5 0
8145.5 0
8146.5 0
8147.5 0
8148.5 0
8149.5 0
8150.5 0
8151.5 -0.857143
8152.5 1
8153.5 0
8154.5 0
8155.5 1
8156.5 0
8157.5 -0.857143
8158.5 0
8159.5 0
8160.5 0
8161.5 0
8162.5 0
8163.5 0
8164.5 0
8165.5 0
8166.5 0
8167.5 0
8168.5 0
8169.5 0
8170.5 0
8171.5 0
8172.5 0
8173.5 0
8174.5 0
8175.5 0
8176.5 0
8177.5 0
8178.5 0
8179.5 0
8180.5 0
8181.5 0
8182.5 0
8183.5 0
8184.5 0
8185.5 0
8186.5 0
8187.5 0
8188.5 0
8189.5 0
8190.5 0
8191.5 0
8192.5 0
8193.5 0
8194.5 0
8195.5 -0.857143
8196.5 0
8197.5 1
8198.5 0
8199.5 1
8200.5 0
8201.5 -0.857143
8202.5 0
8203.5 0.142857
8204.5 -0.857143
8205.5 0
8206.5 1
8207.5 0
8208.5 0
8209.5 -0.857143
8210.5 1
8211.5 0
8212.5 0
8213.5 0
8214.5 0
8215.5 0
8216.5 0
8217.5 0
8218.5 0
8219.5 0
8220.5 0
8221.5 0
8222.5 0
8223.5 0
8224.5 0
8225.5 0
8226.5 0
8227.5 0
8228.5 0
8229.5 0
8230.5 0
8231.5 0
8232.5 0
8233.5 0
8234.5 0
8235.5 0
8236.5 -0.857143
8237.5 0
8238.5 1
8239.5 0
8240.5 0
8241.5 0
8242.5 0
8243.5 0.142857
8244.5 0
8245.5 0
8246.5 0
8247.5 0
8248.5 0
8249.5 -0.857143
8250.5 0
8251.5 0
8252.5 0
8253.5 0
8254.5 0
8255.5 0
8256.5 0
8257.5 0
8258.5 0
8259.5 -0.857143
8260.5 0
8261.5 0
8262.5 0
8263.5 0
8264.5 0
8265.5 0
8266.5 0
8267.5 0
8268.5 1
8269.5 0
8270.5 1
8271.5 -0.857143
8272.5 0
8273.5 0
8274.5 0
8275.5 0
8276.5 0
8277.5 0
8278.5 -0.857143
8279.5 0
8280.5 0
8281.5 0
8282.5 0
8283.5 0
8284.5 0
8285.5 0
8286.5 0
8287.5 0
8288.5 0
8289.5 1
8290.5 0
8291.5 0
8292.5 0
8293.5 0
8294.5 0
8295.5 0
8296.5 0
8297.5 0
8298.5 0
8299.5 0
8300.5 0
8301.5 0
8302.5 -0.857143
8303.5 0
8304.5 0
8305.5 -0.857143
8306.5 0
8307.5 0
8308.5 0
8309.5 0
8310.5 1
8311.5 0
8312.5 0
8313.5 -0.857143
8314.5 0
8315.5 -0.857143
8316.5 1
8317.5 0
8318.5 0
8319.5 0
8320.5 0
8321.5 -0.857143
8322.5 1
8323.5 0
8324.5 0
8325.5 0
8326.5 0
8327.5 0
8328.5 0
8329.5 0
8330.5 0.142857
8331.5 0
8332.5 -0.857143
8333.5 1
8334.5 0
8335.5 0
8336.5 -0.857143
8337.5 0
8338.5 0
8339.5 0
8340.5 1
8341.5 0
8342.5 0
8343.5 0
8344.5 0
8345.5 0
8346.5 0
8347.5 0
8348.5 0
8349.5 0
8350.5 0
8351.5 0
8352.5 0
8353.5 0
8354.5 0
8355.5 0
8356.5 0
8357.5 0
8358.5 0
8359.5 -0.857143
8360.5 1
8361.5 0
8362.5 0
8363.5 0
8364.5 0
8365.5 0
8366.5 0
8367.5 0
8368.5 0
8369.5 0
8370.5 -0.857143
8371.5 0
8372.5 0
8373.5 0
8374.5 0
8375.5 0
8376.5 0
8377.5 0
8378.5 1
8379.5 0
8380.5 0
8381.5 0
8382.5 0
8383.5 0
8384.5 1
8385.5 0
8386.5 1
8387.5 0
8388.5 0
8389.5 0
8390.5 0
8391.5 0
8392.5 0
8393.5 0
8394.5 -0.857143
8395.5 0
8396.5 0
8397.5 0
8398.5 0
8399.5 -0.857143
8400.5 0
8401.5 -0.857143
8402.5 0
8403.5 0
8404.5 -0.857143
8405.5 1
8406.5 0
8407.5 0
8408.5 0
8409.5 0
8410.5 1
8411.5 0
8412.5 0
8413.5 0
8414.5 0
8415.5 0
8416.5 1
8417.5 0
8418.5 0
8419.5 0
8420.5 -0.857143
8421.5 0
8422.5 0
8423.5 0
8424.5 0
8425.5 0
8426.5 0
8427.5 0
8428.5 -0.857143
8429.5 0
8430.5 0
8431.5 0
8432.5 0
8433.5 0
8434.5 0
8435.5 0
8436.5 0
8437.5 0
8438.5 0
8439.5 0
8440.5 0
8441.5 1
8442.5 0
8443.5 1
8444.5 0
8445.5 0
8446.5 -0.857143
8447.5 0
8448.5 0
8449.5 0
8450.5 1
8451.5 0
8452.5 0
8453.5 -0.857143
8454.5 0
8455.5 0
8456.5 0
8457.5 0
8458.5 0
8459.5 0
8460.5 0
8461.5 0
8462.5 1
8463.5 0
8464.5 0
8465.5 0
8466.5 0
8467.5 0
8468.5 0
8469.5 0
8470.5 0
8471.5 0
8472.5 0
8473.5 0
8474.5 0
8475.5 0
8476.5 0
8477.5 0
8478.5 2
8479.5 0
8480.5 0
8481.5 -0.857143
8482.5 0
8483.5 0
8484.5 -0.857143
8485.5 0
8486.5 0
8487.5 0
8488.5 0
8489.5 0
8490.5 0
8491.5 0
8492.5 0
8493.5 -0.857143
8494.5 0
8495.5 1
8496.5 -0.857143
8497.5 0
8498.5 0
8499.5 0
8500.5 0
8501.5 0
8502.5 0
8503.5 0
8504.5 0
8505.5 0
8506.5 1
8507.5 1
8508.5 0
8509.5 0
8510.5 0
8511.5 0
8512.5 0
8513.5 0
8514.5 0
8515.5 0
8516.5 0
8517.5 0
8518.5 0
8519.5 0
8520.5 0
8521.5 0
8522.5 0
8523.5 0
8524.5 0
8525.5 0
8526.5 -0.857143
8527.5 0
8528.5 -0.857143
8529.5 0
8530.5 0
8531.5 0
8532.5 0
8533.5 0
8534.5 0.142857
8535.5 0
8536.5 0
8537.5 0
8538.5 1
8539.5 0
8540.5 0
8541.5 0
8542.5 0
8543.5 0
8544.5 0
8545.5 0
8546.5 0
8547.5 0
8548.5 0
8549.5 0
8550.5 0
8551.5 0
8552.5 0
8553.5 0
8554.5 0
8555.5 0
8556.5 1
8557.5 0
8558.5 0
8559.5 0
8560.5 0
8561.5 0
8562.5 0
8563.5 0
8564.5 0
8565.5 0
8566.5 0
8567.5 0
8568.5 -0.857143
8569.5 0
8570.5 0
8571.5 0
8572.5 0
8573.5 0
8574.5 0
8575.5 0
8576.5 0
8577.5 0
8578.5 0
8579.5 0
8580.5 0
8581.5 0
8582.5 0
8583.5 0.142857
8584.5 0
8585.5 0
8586.5 0
8587.5 0
8588.5 0
8589.5 1
8590.5 0
8591.5 0
8592.5 0
8593.5 0
8594.5 0
8595.5 1
8596.5 0
8597.5 0
8598.5 0
8599.5 0
8600.5 0
8601.5 -0.857143
8602.5 0
8603.5 -0.857143
8604.5 -0.857143
8605.5 0
8606.5 0
8607.5 0
8608.5 0
8609.5 0
8610.5 0
8611.5 1
8612.5 0
8613.5 0
8614.5 0
8615.5 1
8616.5 0
8617.5 0
8618.5 0
8619.5 0
8620.5 0
8621.5 0
8622.5 0
8623.5 0
8624.5 0
8625.5 0
8626.5 0
8627.5 0
8628.5 0
8629.5 1
8630.5 0
8631.5 0
8632.5 0
8633.5 0
8634.5 0
8635.5 0
8636.5 -0.857143
8637.5 0
8638.5 0
8639.5 0
8640.5 0
8641.5 0
8642.5 0
8643.5 1
8644.5 0
8645.5 1
8646.5 0
8647.5 0
8648.5 -0.857143
8649.5 0
8650.5 0
8651.5 1
8652.5 0
8653.5 1
8654.5 0
8655.5 0
8656.5 0
8657.5 0
8658.5 0
8659.5 0
8660.5 0
8661.5 0
8662.5 0
8663.5 0
8664.5 0
8665.5 0
8666.5 0
8667.5 0
8668.5 0
8669.5 0
8670.5 0
8671.5 0
8672.5 0
8673.5 -0.857143
8674.5 0
8675.5 0
8676.5 0
8677.5 0
8678.5 0
8679.5 0
8680.5 0
8681.5 0
8682.5 0
8683.5 0
8684.5 0
8685.5 0
8686.5 0
8687.5 0
8688.5 0
8689.5 0
8690.5 0
8691.5 0
8692.5 0
8693.5 0
8694.5 0
8695.5 0
8696.5 0
8697.5 0
8698.5 0
8699.5 0
8700.5 0
8701.5 0
8702.5 0
8703.5 0
8704.5 -0.857143
8705.5 0
8706.5 0
8707.5 0
8708.5 0
8709.5 -0.857143
8710.5 0
8711.5 0
8712.5 -0.857143
8713.5 0
8714.5 0
8715.5 0
8716.5 -1.71429
8717.5 0
8718.5 0
8719.5 0
8720.5 0
8721.5 0
8722.5 0
8723.5 0
8724.5 1
8725.5 -0.857143
8726.5 0
8727.5 0
8728.5 0
8729.5 0
8730.5 0
8731.5 0
8732.5 0
8733.5 0
8734.5 0
8735.5 1
8736.5 0
8737.5 0
8738.5 0
8739.5 0
8740.5 0
8741.5 0
8742.5 0
8743.5 0
8744.5 0
8745.5 0
8746.5 0
8747.5 0
8748.5 0
8749.5 0
8750.5 1
8751.5 1
8752.5 0
8753.5 0
8754.5 0
8755.5 0
8756.5 0
8757.5 0
8758.5 0
8759.5 0
8760.5 0
8761.5 0
8762.5 0
8763.5 0
8764.5 0
8765.5 0.142857
8766.5 -0.857143
8767.5 0
8768.5 0
8769.5 0
8770.5 0
8771.5 0
8772.5 0
8773.5 0
8774.5 0
8775.5 0
8776.5 0
8777.5 -0.857143
8778.5 0
8779.5 0
8780.5 0
8781.5 0
8782.5 0
8783.5 0
8784.5 0
8785.5 0
8786.5 0
8787.5 1
8788.5 0
8789.5 0
8790.5 0
8791.5 0
8792.5 0
8793.5 0
8794.5 0
8795.5 0
8796.5 0
8797.5 0
8798.5 0
8799.5 0
8800.5 0
8801.5 0
8802.5 0
8803.5 1
8804.5 0
8805.5 0
8806.5 0
8807.5 0
8808.5 0
8809.5 0
8810.5 0
8811.5 0
8812.5 0
8813.5 0
8814.5 0
8815.5 0
8816.5 0
8817.5 0
8818.5 0
8819.5 0
8820.5 0
8821.5 0
8822.5 0
8823.5 0
8824.5 0
8825.5 0
8826.5 0
8827.5 0
8828.5 0
8829.5 0
8830.5 -0.857143
8831.5 0
8832.5 0
8833.5 0
8834.5 0
8835.5 0
8836.5 0
8837.5 0
8838.5 1
8839.5 0
8840.5 0
8841.5 -1.71429
8842.5 0
8843.5 0
8844.5 -0.857143
8845.5 0
8846.5 0
8847.5 0
8848.5 0
8849.5 0
8850.5 0
8851.5 0
8852.5 0
8853.5 0
8854.5 0
8855.5 0
8856.5 -0.857143
8857.5 0
8858.5 0
8859.5 1
8860.5 0
8861.5 0
8862.5 0
8863.5 0
8864.5 -0.857143
8865.5 0
8866.5 0
8867.5 0
8868.5 0
8869.5 -0.857143
8870.5 0
8871.5 0
8872.5 0
8873.5 0
8874.5 0
8875.5 0
8876.5 0
8877.5 0
8878.5 0
8879.5 0
8880.5 1
8881.5 0
8882.5 0
8883.5 0
8884.5 0
8885.5 0
8886.5 0
8887.5 0
8888.5 0
8889.5 0
8890.5 0
8891.5 0
8892.5 0
8893.5 0
8894.5 0
8895.5 0
8896.5 0
8897.5 0
8898.5 0
8899.5 0
8900.5 0
8901.5 0
8902.5 0
8903.5 0
8904.5 0
8905.5 0
8906.5 -0.857143
8907.5 0
8908.5 0
8909.5 0
8910.5 0
8911.5 -0.857143
8912.5 0
8913.5 0
8914.5 0
8915.5 0
8916.5 0
8917.5 0
8918.5 0
8919.5 0
8920.5 1
8921.5 0
8922.5 2
8923.5 0
8924.5 0
8925.5 0
8926.5 1
8927.5 0
8928.5 0
8929.5 0
8930.5 0
8931.5 0
8932.5 0
8933.5 0
8934.5 0
8935.5 0
8936.5 0
8937.5 0
8938.5 1
8939.5 0
8940.5 0
8941.5 0
8942.5 0
8943.5 0
8944.5 -0.857143
8945.5 0
8946.5 0
8947.5 0
8948.5 0
8949.5 0
8950.5 0
8951.5 0
8952.5 0
8953.5 0
8954.5 0
8955.5 0
8956.5 0
8957.5 0
8958.5 0
8959.5 0
8960.5 0
8961.5 0
8962.5 0
8963.5 -0.857143
8964.5 0
8965.5 0
8966.5 0
8967.5 0
8968.5 0
8969.5 0
8970.5 0
8971.5 0
8972.5 0
8973.5 0
8974.5 0
8975.5 0
8976.5 -0.857143
8977.5 0
8978.5 0
8979.5 0
8980.5 0
8981.5 0
8982.5 0
8983.5 0
8984.5 0
8985.5 0
8986.5 0
8987.5 0
8988.5 0
8989.5 0
8990.5 0
8991.5 1
8992.5 0
8993.5 0
8994.5 -0.857143
8995.5 -0.857143
8996.5 1
8997.5 0
8998.5 0.142857
8999.5 -0.857143
9000.5 0
9001.5 0
9002.5 0
9003.5 1
9004.5 0
9005.5 0
9006.5 0
9007.5 0
9008.5 0
9009.5 0
9010.5 0
9011.5 0
9012.5 0
9013.5 0
9014.5 0
9015.5 0
9016.5 0
9017.5 0
9018.5 1
9019.5 0
9020.5 0
9021.5 0
9022.5 0
9023.5 0
9024.5 0
9025.5 0
9026.5 0
9027.5 0
9028.5 0
9029.5 0
9030.5 0
9031.5 0
9032.5 0
9033.5 0
9034.5 0
9035.5 0
9036.5 0
9037.5 0
9038.5 0
9039.5 0
9040.5 0
9041.5 0
9042.5 0
9043.5 0
9044.5 0
9045.5 0
9046.5 0
9047.5 0
9048.5 0
9049.5 0
9050.5 0
9051.5 0
9052.5 0
9053.5 0
9054.5 0
9055.5 0
9056.5 0
9057.5 0
9058.5 0
9059.5 0
9060.5 1
9061.5 0
9062.5 0
9063.5 -0.857143
9064.5 0
9065.5 0
9066.5 0
9067.5 0
9068.5 1
9069.5 0
9070.5 0
9071.5 0
9072.5 0
9073.5 1
9074.5 0
9075.5 0
9076.5 0
9077.5 1
9078.5 0
9079.5 0
9080.5 0
9081.5 -0.857143
9082.5 0
9083.5 0
9084.5 0
9085.5 0
9086.5 0
9087.5 0
9088.5 0
9089.5 1
9090.5 0
9091.5 0
9092.5 0
9093.5 0
9094.5 0
9095.5 0
9096.5 0
9097.5 0.142857
9098.5 0
9099.5 0
9100.5 0
9101.5 0
9102.5 -0.857143
9103.5 0
9104.5 0
9105.5 0
9106.5 0
9107.5 0
9108.5 0
9109.5 0
9110.5 0
9111.5 1
9112.5 0
9113.5 0
9114.5 0
9115.5 0
9116.5 0
9117.5 0
9118.5 0
9119.5 0
9120.5 0
9121.5 0
9122.5 0
9123.5 0
9124.5 0
9125.5 0
9126.5 0
9127.5 0
9128.5 -0.857143
9129.5 0
9130.5 0
9131.5 0
9132.5 0
9133.5 0
9134.5 0
9135.5 0
9136.5 0
9137.5 0
9138.5 0
9139.5 0
9140.5 0
9141.5 0
9142.5 0
9143.5 0
9144.5 0
9145.5 0
9146.5 0
9147.5 0
9148.5 0
9149.5 0
9150.5 0
9151.5 0
9152.5 0
9153.5 0
9154.5 0
9155.5 0
9156.5 0
9157.5 0
9158.5 0
9159.5 0
9160.5 0
9161.5 0
9162.5 0
9163.5 0
9164.5 0
9165.5 0
9166.5 0
9167.5 0
9168.5 0
9169.5 0
9170.5 -0.857143
9171.5 0
9172.5 0
9173.5 0
9174.5 0
9175.5 0
9176.5 0
9177.5 0
9178.5 0
9179.5 0
9180.5 0
9181.5 0
9182.5 -0.857143
9183.5 1
9184.5 0
9185.5 0
9186.5 0
9187.5 0
9188.5 0
9189.5 0
9190.5 0
9191.5 1
9192.5 0
9193.5 1
9194.5 0
9195.5 0
9196.5 0
9197.5 0
9198.5 0
9199.5 0
9200.5 -0.857143
9201.5 0
9202.5 0
9203.5 1
9204.5 0
9205.5 0
9206.5 0
9207.5 1
9208.5 0
9209.5 -0.857143
9210.5 0
9211.5 0
9212.5 0
9213.5 0
9214.5 0
9215.5 0
9216.5 0
9217.5 0
9218.5 0
9219.5 0
9220.5 0
9221.5 0
9222.5 0
9223.5 -0.857143
9224.5 0
9225.5 0
9226.5 0
9227.5 0
9228.5 0
9229.5 0
9230.5 0
9231.5 0
9232.5 0
9233.5 0
9234.5 0
9235.5 0
9236.5 0
9237.5 0
9238.5 0
9239.5 1
9240.5 0
9241.5 0
9242.5 0
9243.5 0
9244.5 1
9245.5 0
9246.5 1
9247.5 0
9248.5 0
9249.5 0
9250.5 0
9251.5 1
9252.5 0
9253.5 0
9254.5 0
9255.5 0
9256.5 0
9257.5 0
9258.5 0
9259.5 0
9260.5 0
9261.5 0
9262.5 0
9263.5 0
9264.5 0
9265.5 -0.857143
9266.5 -0.857143
9267.5 0
9268.5 -0.857143
9269.5 0
9270.5 0
9271.5 0
9272.5 0
9273.5 0
9274.5 0
9275.5 0
9276.5 0
9277.5 0
9278.5 0
9279.5 0
9280.5 0
9281.5 0
9282.5 0
9283.5 0
9284.5 0
9285.5 0
9286.5 0
9287.5 0
9288.5 0
9289.5 0
9290.5 0
9291.5 0
9292.5 -0.857143
9293.5 0
9294.5 0
9295.5 0
9296.5 0
9297.5 0
9298.5 0
9299.5 0
9300.5 0
9301.5 0
9302.5 0
9303.5 0
9304.5 0
9305.5 0
9306.5 0
9307.5 0
9308.5 0
9309.5 0
9310.5 0
9311.5 0
9312.5 -0.857143
9313.5 0
9314.5 0
9315.5 0
9316.5 0
9317.5 0
9318.5 -0.857143
9319.5 0
9320.5 0
9321.5 0
9322.5 0
9323.5 0
9324.5 0
9325.5 0
9326.5 2
9327.5 0
9328.5 0
9329.5 0
9330.5 0
9331.5 0
9332.5 1
9333.5 0
9334.5 0
9335.5 0
9336.5 0
9337.5 0
9338.5 0
9339.5 0
9340.5 0
9341.5 0
9342.5 0
9343.5 0
9344.5 0
9345.5 0
9346.5 0
9347.5 0
9348.5 0
9349.5 0
9350.5 0
9351.5 0.142857
9352.5 0
9353.5 0
9354.5 0
9355.5 0
9356.5 0
9357.5 -0.857143
9358.5 -0.857143
9359.5 -0.857143
9360.5 0
9361.5 0
9362.5 0
9363.5 0
9364.5 0
9365.5 0
9366.5 0
9367.5 0
9368.5 0
9369.5 0
9370.5 0
9371.5 0
9372.5 0
9373.5 0
9374.5 0
9375.5 0
9376.5 0
9377.5 0
9378.5 2
9379.5 0
9380.5 0
9381.5 0
9382.5 0
9383.5 0
9384.5 0
9385.5 1
9386.5 0
9387.5 0
9388.5 0
9389.5 0
9390.5 0
9391.5 0
9392.5 0
9393.5 0
9394.5 0
9395.5 0
9396.5 -1.71429
9397.5 0
9398.5 0
9399.5 0
9400.5 0
9401.5 0
9402.5 0
9403.5 0
9404.5 0
9405.5 0
9406.5 0
9407.5 0
9408.5 0
9409.5 0
9410.5 0
9411.5 0
9412.5 0
9413.5 1
9414.5 0
9415.5 0
9416.5 0
9417.5 0
9418.5 0
9419.5 0
9420.5 -0.857143
9421.5 0
9422.5 0
9423.5 0
9424.5 0
9425.5 0
9426.5 0
9427.5 -0.857143
9428.5 0
9429.5 0
9430.5 0
9431.5 0
9432.5 0
9433.5 0
9434.5 0
9435.5 0
9436.5 0
9437.5 0
9438.5 0
9439.5 0
9440.5 0
9441.5 0
9442.5 0
9443.5 0
9444.5 -0.857143
9445.5 0
9446.5 0
9447.5 0
9448.5 0
9449.5 0
9450.5 0
9451.5 0
9452.5 0
9453.5 0
9454.5 0
9455.5 0
9456.5 0
9457.5 -0.857143
9458.5 0
9459.5 0
9460.5 0
9461.5 0
9462.5 0
9463.5 0
9464.5 0
9465.5 0
9466.5 0
9467.5 0
9468.5 0
9469.5 0
9470.5 0
9471.5 0
9472.5 0
9473.5 0
9474.5 0
9475.5 0
9476.5 0
9477.5 0
9478.5 0
9479.5 0
9480.5 0
9481.5 0
9482.5 0
9483.5 0
9484.5 0
9485.5 0
9486.5 0
9487.5 0
9488.5 0
9489.5 0
9490.5 0
9491.5 0
9492.5 0
9493.5 0
9494.5 0
9495.5 0
9496.5 0
9497.5 0
9498.5 0
9499.5 0
9500.5 0
9501.5 -0.857143
9502.5 1
9503.5 0
9504.5 0
9505.5 0
9506.5 0
9507.5 0
9508.5 0
9509.5 0
9510.5 0
9511.5 0
9512.5 0
9513.5 1
9514.5 1
9515.5 0
9516.5 0
9517.5 0
9518.5 0
9519.5 0
9520.5 1
9521.5 0
9522.5 0
9523.5 0
9524.5 0
9525.5 0
9526.5 0
9527.5 0
9528.5 0
9529.5 0
9530.5 0
9531.5 1
9532.5 0
9533.5 0
9534.5 0
9535.5 0
9536.5 0
9537.5 0
9538.5 0
9539.5 0
9540.5 0
9541.5 0
9542.5 0
9543.5 0
9544.5 0
9545.5 0
9546.5 0
9547.5 0
9548.5 1
9549.5 0
9550.5 0
9551.5 0
9552.5 0
9553.5 0
9554.5 0
9555.5 0
9556.5 0
9557.5 0
9558.5 0
9559.5 0
9560.5 0
9561.5 0
9562.5 0
9563.5 0
9564.5 0
9565.5 0
9566.5 0
9567.5 0
9568.5 0
9569.5 0
9570.5 0
9571.5 0
9572.5 0
9573.5 0
9574.5 0
9575.5 0
9576.5 0
9577.5 0
9578.5 0
9579.5 0
9580.5 1
9581.5 0
9582.5 0
9583.5 0
9584.5 0
9585.5 0
9586.5 0
9587.5 -0.857143
9588.5 0
9589.5 0
9590.5 0
9591.5 0
9592.5 0
9593.5 0
9594.5 0
9595.5 0
9596.5 0
9597.5 0
9598.5 0
9599.5 0
9600.5 0
9601.5 0
9602.5 0
9603.5 0
9604.5 0
9605.5 0
9606.5 0
9607.5 0
9608.5 0
9609.5 0
9610.5 0
9611.5 0
9612.5 0
9613.5 0
9614.5 0
9615.5 0
9616.5 0
9617.5 0
9618.5 0
9619.5 0
9620.5 0
9621.5 0
9622.5 0
9623.5 0
9624.5 -0.857143
9625.5 0
9626.5 0
9627.5 0
9628.5 0
9629.5 0
9630.5 0
9631.5 0
9632.5 0
9633.5 0
9634.5 0
9635.5 0
9636.5 0
9637.5 0
9638.5 0
9639.5 0
9640.5 0
9641.5 0
9642.5 0
9643.5 0
9644.5 0
9645.5 0
9646.5 0
9647.5 0
9648.5 0
9649.5 0
9650.5 0
9651.5 0
9652.5 0
9653.5 0
9654.5 0
9655.5 0
9656.5 0
9657.5 0
9658.5 0
9659.5 0
9660.5 0
9661.5 0
9662.5 0
9663.5 1
9664.5 0
9665.5 0
9666.5 0
9667.5 0
9668.5 0
9669.5 0
9670.5 1
9671.5 0
9672.5 0
9673.5 0
9674.5 0
9675.5 0
9676.5 0
9677.5 0
9678.5 0
9679.5 0
9680.5 0
9681.5 0
9682.5 0
9683.5 0
9684.5 0
9685.5 0
9686.5 0
9687.5 0
9688.5 0
9689.5 0
9690.5 0
9691.5 0
9692.5 0
9693.5 0
9694.5 0
9695.5 0
9696.5 0
9697.5 0
9698.5 0
9699.5 0
9700.5 0
9701.5 0
9702.5 0
9703.5 0
9704.5 1
9705.5 0
9706.5 0
9707.5 0
9708.5 0
9709.5 0
9710.5 0
9711.5 0
9712.5 0
9713.5 0
9714.5 0
9715.5 0
9716.5 0
9717.5 0
9718.5 0
9719.5 0
9720.5 0
9721.5 0
9722.5 -0.857143
9723.5 0
9724.5 0
9725.5 1
9726.5 0
9727.5 0
9728.5 0
9729.5 0
9730.5 0
9731.5 0
9732.5 0
9733.5 0
9734.5 0
9735.5 0
9736.5 0
9737.5 0
9738.5 0
9739.5 0
9740.5 0
9741.5 0
9742.5 0
9743.5 0
9744.5 1
9745.5 0
9746.5 0
9747.5 0
9748.5 0
9749.5 0
9750.5 1
9751.5 0
9752.5 1
9753.5 0
9754.5 0
9755.5 0
9756.5 0
9757.5 0
9758.5 0
9759.5 0
9760.5 0
9761.5 0
9762.5 0
9763.5 0
9764.5 0
9765.5 0
9766.5 0
9767.5 0
9768.5 0
9769.5 0
9770.5 0
9771.5 0
9772.5 0
9773.5 0
9774.5 0
9775.5 0
9776.5 0
9777.5 0
9778.5 0
9779.5 0
9780.5 0
9781.5 0
9782.5 0
9783.5 0
9784.5 0
9785.5 0
9786.5 0
9787.5 0
9788.5 0
9789.5 0
9790.5 0
9791.5 1
9792.5 0
9793.5 0
9794.5 0
9795.5 0
9796.5 0
9797.5 0
9798.5 0
9799.5 0
9800.5 0
9801.5 0
9802.5 0
9803.5 0
9804.5 0
9805.5 0
9806.5 0
9807.5 0
9808.5 0
9809.5 0
9810.5 0
9811.5 0
9812.5 0
9813.5 0
9814.5 0
9815.5 0
9816.5 0
9817.5 0
9818.5 0
9819.5 0
9820.5 0
9821.5 0
9822.5 0
9823.5 0
9824.5 0
9825.5 0
9826.5 0
9827.5 0
9828.5 0
9829.5 1
9830.5 0
9831.5 0
9832.5 0
9833.5 0
9834.5 0
9835.5 0
9836.5 0
9837.5 0
9838.5 0
9839.5 0
9840.5 0
9841.5 0
9842.5 0
9843.5 0
9844.5 0
9845.5 0
9846.5 0
9847.5 0
9848.5 0
9849.5 1
9850.5 0
9851.5 0
9852.5 0
9853.5 0
9854.5 0
9855.5 0
9856.5 0
9857.5 0
9858.5 0
9859.5 0
9860.5 0
9861.5 0
9862.5 0
9863.5 0
9864.5 0
9865.5 0
9866.5 0
9867.5 0
9868.5 0
9869.5 0
9870.5 -0.857143
9871.5 0
9872.5 0
9873.5 0
9874.5 0
9875.5 0
9876.5 0
9877.5 0
9878.5 0
9879.5 0
9880.5 0
9881.5 0
9882.5 0
9883.5 0
9884.5 0
9885.5 0
9886.5 0
9887.5 0
9888.5 0
9889.5 0
9890.5 0
9891.5 0
9892.5 0
9893.5 0
9894.5 0
9895.5 0
9896.5 0
9897.5 0
9898.5 0
9899.5 0
9900.5 0
9901.5 0
9902.5 0
9903.5 0
9904.5 0
9905.5 0
9906.5 0
9907.5 0
9908.5 0
9909.5 0
9910.5 0
9911.5 0
9912.5 0
9913.5 0
9914.5 0
9915.5 0
9916.5 0
9917.5 0
9918.5 0
9919.5 0
9920.5 0
9921.5 0
9922.5 0
9923.5 0
9924.5 0
9925.5 -0.857143
9926.5 0
9927.5 0
9928.5 0
9929.5 0
9930.5 0
9931.5 0
9932.5 0
9933.5 0
9934.5 0
9935.5 0
9936.5 0
9937.5 0
9938.5 0
9939.5 0
9940.5 0
9941.5 0
9942.5 0
9943.5 0
9944.5 0
9945.5 0
9946.5 0
9947.5 -0.857143
9948.5 0
9949.5 0
9950.5 0
9951.5 0
9952.5 0
9953.5 0
9954.5 0
9955.5 0
9956.5 0
9957.5 0
9958.5 0
9959.5 0
9960.5 0
9961.5 0
9962.5 0
9963.5 0
9964.5 0
9965.5 0
9966.5 0
9967.5 0
9968.5 0
9969.5 0
9970.5 0
9971.5 0
9972.5 0
9973.5 0
9974.5 0
9975.5 0
9976.5 0
9977.5 0
9978.5 0
9979.5 0
9980.5 0
9981.5 0
9982.5 0
9983.5 0
9984.5 0
9985.5 0
9986.5 0
9987.5 0
9988.5 0
9989.5 0
9990.5 0
9991.5 0
9992.5 1
9993.5 0
9994.5 0
9995.5 0
9996.5 0
9997.5 0
9998.5 0
9999.5 0
10000.5 0
10001.5 0
10002.5 0
10003.5 0
10004.5 0
10005.5 0
10006.5 0
10007.5 0
10008.5 0
10009.5 0
10010.5 0
10011.5 0
10012.5 0
10013.5 0
10014.5 0
10015.5 0
10016.5 0
10017.5 0
10018.5 0
10019.5 0
10020.5 0
10021.5 0
10022.5 0
10023.5 0
10024.5 0
10025.5 0
10026.5 0
10027.5 0
10028.5 0
10029.5 0
10030.5 0
10031.5 0
10032.5 0
10033.5 0
10034.5 0
10035.5 0
10036.5 0
10037.5 0
10038.5 0
10039.5 0
10040.5 0
10041.5 0
10042.5 0
10043.5 0
10044.5 0
10045.5 0
10046.5 0
10047.5 0
10048.5 0
10049.5 0
10050.5 0
10051.5 0
10052.5 1
10053.5 0
10054.5 0
10055.5 0
10056.5 0
10057.5 0
10058.5 0
10059.5 0
10060.5 0
10061.5 0
10062.5 0
10063.5 0
10064.5 -0.857143
10065.5 0
10066.5 0
10067.5 0
10068.5 0
10069.5 0
10070.5 0
10071.5 0
10072.5 0
10073.5 0
10074.5 0
10075.5 0
10076.5 0
10077.5 0
10078.5 0
10079.5 0
10080.5 0
10081.5 0
10082.5 0
10083.5 0
10084.5 0
10085.5 0
10086.5 0
10087.5 0
10088.5 0
10089.5 0
10090.5 0
10091.5 0
10092.5 0
10093.5 0
10094.5 0
10095.5 0
10096.5 0
10097.5 0
10098.5 0
10099.5 0
10100.5 0
10101.5 0
10102.5 0
10103.5 0
10104.5 0
10105.5 0
10106.5 0
10107.5 0
10108.5 0
10109.5 0
10110.5 0
10111.5 0
10112.5 0
10113.5 0
10114.5 0
10115.5 0
10116.5 0
10117.5 0
10118.5 0
10119.5 0
10120.5 0
10121.5 0
10122.5 0
10123.5 0
10124.5 0
10125.5 0
10126.5 0
10127.5 0
10128.5 0
10129.5 0
10130.5 0
10131.5 0
10132.5 0
10133.5 0
10134.5 0
10135.5 0
10136.5 0
10137.5 0
10138.5 0
10139.5 0
10140.5 0
10141.5 0
10142.5 0
10143.5 0
10144.5 0
10145.5 0
10146.5 0
10147.5 0
10148.5 0
10149.5 0
10150.5 0
10151.5 0
10152.5 0
10153.5 0
10154.5 0
10155.5 0
10156.5 0
10157.5 0
10158.5 0
10159.5 0
10160.5 0
10161.5 0
10162.5 0
10163.5 0
10164.5 0
10165.5 0
10166.5 0
10167.5 0
10168.5 0
10169.5 0
10170.5 0
10171.5 0
10172.5 0
10173.5 0
10174.5 0
10175.5 0
10176.5 0
10177.5 0
10178.5 0
10179.5 0
10180.5 0
10181.5 0
10182.5 0
10183.5 0
10184.5 0
10185.5 0
10186.5 0
10187.5 0
10188.5 0
10189.5 0
10190.5 0
10191.5 0
10192.5 0
10193.5 0
10194.5 0
10195.5 0
10196.5 0
10197.5 0
10198.5 0
10199.5 0
10200.5 0
10201.5 0
10202.5 0
10203.5 0
10204.5 0
10205.5 0
10206.5 0
10207.5 0
10208.5 0
10209.5 0
10210.5 0
10211.5 0
10212.5 0
10213.5 0
10214.5 0
10215.5 0
10216.5 0
10217.5 0
10218.5 0
10219.5 0
10220.5 0
10221.5 0
10222.5 0
10223.5 0
10224.5 0
10225.5 0
10226.5 0
10227.5 0
10228.5 0
10229.5 0
10230.5 0
10231.5 0
10232.5 0
10233.5 0
10234.5 0
10235.5 0
10236.5 0
10237.5 0
10238.5 0
10239.5 0
10240.5 0
10241.5 0
10242.5 0
10243.5 0
10244.5 0
10245.5 0
10246.5 0
10247.5 0
10248.5 0
10249.5 0
10250.5 0
10251.5 0
10252.5 0
10253.5 0
10254.5 0
10255.5 0
10256.5 0
10257.5 0
10258.5 0
10259.5 0
10260.5 0
10261.5 0
10262.5 0
10263.5 0
10264.5 0
10265.5 0
10266.5 0
10267.5 0
10268.5 0
10269.5 0
10270.5 0
10271.5 0
10272.5 0
10273.5 0
10274.5 0
10275.5 0
10276.5 0
10277.5 0
10278.5 0
10279.5 0
10280.5 0
10281.5 0
10282.5 0
10283.5 0
10284.5 0
10285.5 0
10286.5 0
10287.5 0
10288.5 0
10289.5 0
10290.5 0
10291.5 0
10292.5 0
10293.5 0
10294.5 0
10295.5 0
10296.5 0
10297.5 0
10298.5 0
10299.5 0
10300.5 0
10301.5 0
10302.5 0
10303.5 0
10304.5 0
10305.5 0
10306.5 0
10307.5 0
10308.5 0
10309.5 0
10310.5 0
10311.5 0
10312.5 0
10313.5 0
10314.5 0
10315.5 0
10316.5 0
10317.5 0
10318.5 0
10319.5 0
10320.5 0
10321.5 0
10322.5 0
10323.5 0
10324.5 0
10325.5 0
10326.5 0
10327.5 0
10328.5 0
10329.5 1
10330.5 0
10331.5 0
10332.5 0
10333.5 0
10334.5 0
10335.5 0
10336.5 0
10337.5 0
10338.5 0
10339.5 0
10340.5 0
10341.5 0
10342.5 0
10343.5 0
10344.5 0
10345.5 0
10346.5 0
10347.5 0
10348.5 0
10349.5 0
10350.5 0
10351.5 0
10352.5 0
10353.5 0
10354.5 0
10355.5 0
10356.5 0
10357.5 0
10358.5 0
10359.5 0
10360.5 0
10361.5 0
10362.5 0
10363.5 0
10364.5 0
10365.5 0
10366.5 0
10367.5 0
10368.5 0
10369.5 0
10370.5 0
10371.5 0
10372.5 0
10373.5 0
10374.5 0
10375.5 0
10376.5 0
10377.5 0
10378.5 0
10379.5 0
10380.5 0
10381.5 0
10382.5 0
10383.5 0
10384.5 0
10385.5 0
10386.5 0
10387.5 0
10388.5 0
10389.5 0
10390.5 0
10391.5 0
10392.5 0
10393.5 0
10394.5 0
10395.5 0
10396.5 0
10397.5 0
10398.5 0
10399.5 0
10400.5 0
10401.5 0
10402.5 0
10403.5 0
10404.5 0
10405.5 0
10406.5 0
10407.5 0
10408.5 0
10409.5 0
10410.5 0
10411.5 0
10412.5 0
10413.5 0
10414.5 0
10415.5 0
10416.5 0
10417.5 0
10418.5 0
10419.5 0
10420.5 0
10421.5 0
10422.5 0
10423.5 0
10424.5 0
10425.5 0
10426.5 0
10427.5 0
10428.5 0
10429.5 0
10430.5 0
10431.5 0
10432.5 0
10433.5 0
10434.5 0
10435.5 0
10436.5 0
10437.5 0
10438.5 0
10439.5 0
10440.5 0
10441.5 0
10442.5 0
10443.5 0
10444.5 0
10445.5 0
10446.5 0
10447.5 0
10448.5 0
10449.5 0
10450.5 0
10451.5 0
10452.5 0
10453.5 0
10454.5 0
10455.5 0
10456.5 0
10457.5 0
10458.5 0
10459.5 0
10460.5 0
10461.5 0
10462.5 0
10463.5 0
10464.5 0
10465.5 0
10466.5 0
10467.5 0
10468.5 0
10469.5 0
10470.5 0
10471.5 0
10472.5 0
10473.5 0
10474.5 0
10475.5 0
10476.5 0
10477.5 0
10478.5 0
10479.5 0
10480.5 0
10481.5 0
10482.5 0
10483.5 0
10484.5 0
10485.5 0
10486.5 0
10487.5 0
10488.5 0
10489.5 0
10490.5 0
10491.5 0
10492.5 0
10493.5 0
10494.5 0
10495.5 0
10496.5 0
10497.5 0
10498.5 0
10499.5 0
10500.5 0
10501.5 0
10502.5 0
10503.5 0
10504.5 0
10505.5 0
10506.5 0
10507.5 0
10508.5 0
10509.5 0
10510.5 0
10511.5 0
10512.5 0
10513.5 0
10514.5 0
10515.5 0
10516.5 0
10517.5 0
10518.5 0
10519.5 0
10520.5 0
10521.5 0
10522.5 0
10523.5 0
10524.5 0
10525.5 0
10526.5 0
10527.5 0
10528.5 0
10529.5 0
10530.5 0
10531.5 0
10532.5 0
10533.5 0
10534.5 0
10535.5 0
10536.5 0
10537.5 0
10538.5 0
10539.5 0
10540.5 0
10541.5 0
10542.5 0
10543.5 0
10544.5 0
10545.5 0
10546.5 0
10547.5 0
10548.5 0
10549.5 0
10550.5 0
10551.5 0
10552.5 0
10553.5 0
10554.5 0
10555.5 0
10556.5 0
10557.5 0
10558.5 0
10559.5 0
10560.5 0
10561.5 0
10562.5 0
10563.5 0
10564.5 0
10565.5 0
10566.5 0
10567.5 0
10568.5 0
10569.5 0
10570.5 0
10571.5 0
10572.5 0
10573.5 0
10574.5 0
10575.5 0
10576.5 0
10577.5 0
10578.5 0
10579.5 0
10580.5 0
10581.5 0
10582.5 0
10583.5 0
10584.5 0
10585.5 0
10586.5 0
10587.5 0
10588.5 0
10589.5 0
10590.5 0
10591.5 0
10592.5 0
10593.5 0
10594.5 0
10595.5 0
10596.5 0
10597.5 0
10598.5 0
10599.5 0
10600.5 0
10601.5 0
10602.5 0
10603.5 0
10604.5 0
10605.5 0
10606.5 0
10607.5 0
10608.5 0
10609.5 0
10610.5 0
10611.5 0
10612.5 0
10613.5 0
10614.5 0
10615.5 0
10616.5 0
10617.5 0
10618.5 0
10619.5 0
10620.5 0
10621.5 0
10622.5 0
10623.5 0
10624.5 0
10625.5 0
10626.5 0
10627.5 0
10628.5 0
10629.5 0
10630.5 0
10631.5 0
10632.5 0
10633.5 0
10634.5 0
10635.5 0
10636.5 0
10637.5 0
10638.5 0
10639.5 0
10640.5 0
10641.5 0
10642.5 0
10643.5 0
10644.5 0
10645.5 0
10646.5 0
10647.5 0
10648.5 0
10649.5 0
10650.5 0
10651.5 0
10652.5 0
10653.5 0
10654.5 0
10655.5 0
10656.5 1
10657.5 0
10658.5 0
10659.5 0
10660.5 0
10661.5 0
10662.5 0
10663.5 0
10664.5 0
10665.5 0
10666.5 0
10667.5 0
10668.5 0
10669.5 0
10670.5 0
10671.5 0
10672.5 0
10673.5 0
10674.5 0
10675.5 0
10676.5 0
10677.5 0
10678.5 0
10679.5 0
10680.5 0
10681.5 0
10682.5 0
10683.5 0
10684.5 0
10685.5 0
10686.5 0
10687.5 0
10688.5 0
10689.5 0
10690.5 0
10691.5 0
10692.5 0
10693.5 0
10694.5 0
10695.5 0
10696.5 0
10697.5 0
10698.5 0
10699.5 0
10700.5 0
10701.5 0
10702.5 0
10703.5 0
10704.5 0
10705.5 0
10706.5 0
10707.5 0
10708.5 0
10709.5 0
10710.5 0
10711.5 0
10712.5 0
10713.5 0
10714.5 0
10715.5 1
10716.5 0
10717.5 0
10718.5 0
10719.5 0
10720.5 0
10721.5 0
10722.5 0
10723.5 0
10724.5 0
10725.5 0
10726.5 0
10727.5 0
10728.5 0
10729.5 0
10730.5 0
10731.5 0
10732.5 0
10733.5 0
10734.5 0
10735.5 0
10736.5 0
10737.5 0
10738.5 0
10739.5 0
10740.5 0
10741.5 0
10742.5 0
10743.5 0
10744.5 0
10745.5 0
10746.5 0
10747.5 0
10748.5 0
10749.5 0
10750.5 0
10751.5 0
10752.5 0
10753.5 0
10754.5 0
10755.5 0
10756.5 0
10757.5 0
10758.5 0
10759.5 0
10760.5 0
10761.5 0
10762.5 0
10763.5 0
10764.5 0
10765.5 0
10766.5 0
10767.5 0
10768.5 0
10769.5 0
10770.5 0
10771.5 0
10772.5 0
10773.5 0
10774.5 0
10775.5 0
10776.5 0
10777.5 0
10778.5 0
10779.5 0
10780.5 0
10781.5 0
10782.5 0
10783.5 0
10784.5 0
10785.5 0
10786.5 0
10787.5 0
10788.5 0
10789.5 0
10790.5 0
10791.5 0
10792.5 0
10793.5 0
10794.5 0
10795.5 0
10796.5 0
10797.5 0
10798.5 0
10799.5 0
10800.5 0
10801.5 0
10802.5 0
10803.5 0
10804.5 0
10805.5 0
10806.5 0
10807.5 0
10808.5 0
10809.5 0
10810.5 0
10811.5 0
10812.5 0
10813.5 0
10814.5 0
10815.5 0
10816.5 0
10817.5 0
10818.5 0
10819.5 0
10820.5 0
10821.5 0
10822.5 0
10823.5 0
10824.5 0
10825.5 0
10826.5 0
10827.5 0
10828.5 0
10829.5 0
10830.5 0
10831.5 0
10832.5 0
10833.5 0
10834.5 0
10835.5 0
10836.5 0
10837.5 0
10838.5 0
10839.5 0
10840.5 0
10841.5 0
10842.5 0
10843.5 0
10844.5 0
10845.5 0
10846.5 0
10847.5 0
10848.5 0
10849.5 0
10850.5 0
10851.5 0
10852.5 0
10853.5 0
10854.5 0
10855.5 0
10856.5 0
10857.5 0
10858.5 0
10859.5 0
10860.5 0
10861.5 0
10862.5 0
10863.5 0
10864.5 0
10865.5 0
10866.5 0
10867.5 0
10868.5 0
10869.5 0
10870.5 0
10871.5 0
10872.5 0
10873.5 0
10874.5 0
10875.5 0
10876.5 0
10877.5 0
10878.5 0
10879.5 0
10880.5 0
10881.5 0
10882.5 0
10883.5 0
10884.5 0
10885.5 0
10886.5 0
10887.5 0
10888.5 0
10889.5 0
10890.5 0
10891.5 0
10892.5 0
10893.5 0
10894.5 0
10895.5 0
10896.5 0
10897.5 0
10898.5 0
10899.5 0
10900.5 0
10901.5 0
10902.5 0
10903.5 0
10904.5 0
10905.5 0
10906.5 0
10907.5 0
10908.5 0
10909.5 0
10910.5 0
10911.5 0
10912.5 0
10913.5 0
10914.5 0
10915.5 0
10916.5 0
10917.5 0
10918.5 0
10919.5 0
10920.5 0
10921.5 0
10922.5 0
10923.5 0
10924.5 0
10925.5 0
10926.5 0
10927.5 0
10928.5 0
10929.5 0
10930.5 0
10931.5 0
10932.5 0
10933.5 0
10934.5 0
10935.5 0
10936.5 0
10937.5 0
10938.5 0
10939.5 0
10940.5 0
10941.5 0
10942.5 0
10943.5 0
10944.5 0
10945.5 0
10946.5 0
10947.5 0
10948.5 0
10949.5 0
10950.5 0
10951.5 0
10952.5 0
10953.5 0
10954.5 0
10955.5 0
10956.5 0
10957.5 0
10958.5 0
10959.5 0
10960.5 0
10961.5 0
10962.5 0
10963.5 0
10964.5 0
10965.5 0
10966.5 0
10967.5 0
10968.5 0
10969.5 0
10970.5 0
10971.5 0
10972.5 0
10973.5 0
10974.5 0
10975.5 0
10976.5 0
10977.5 0
10978.5 0
10979.5 0
10980.5 0
10981.5 0
10982.5 0
10983.5 0
10984.5 0
10985.5 0
10986.5 0
10987.5 0
10988.5 0
10989.5 0
10990.5 0
10991.5 0
10992.5 0
10993.5 0
10994.5 0
10995.5 0
10996.5 0
10997.5 0
10998.5 0
10999.5 0
11000.5 0
11001.5 0
11002.5 0
11003.5 0
11004.5 0
11005.5 0
11006.5 0
11007.5 0
11008.5 0
11009.5 0
11010.5 0
11011.5 0
11012.5 0
11013.5 0
11014.5 0
11015.5 0
11016.5 0
11017.5 0
11018.5 0
11019.5 0
11020.5 0
11021.5 0
11022.5 0
11023.5 0
11024.5 0
11025.5 0
11026.5 0
11027.5 0
11028.5 0
11029.5 0
11030.5 0
11031.5 0
11032.5 0
11033.5 0
11034.5 0
11035.5 0
11036.5 0
11037.5 0
11038.5 0
11039.5 0
11040.5 0
11041.5 0
11042.5 0
11043.5 0
11044.5 0
11045.5 0
11046.5 0
11047.5 0
11048.5 0
11049.5 0
11050.5 0
11051.5 0
11052.5 0
11053.5 0
11054.5 0
11055.5 0
11056.5 0
11057.5 0
11058.5 0
11059.5 0
11060.5 0
11061.5 0
11062.5 0
11063.5 0
11064.5 0
11065.5 0
11066.5 0
11067.5 0
11068.5 0
11069.5 0
11070.5 0
11071.5 0
11072.5 0
11073.5 0
11074.5 0
11075.5 0
11076.5 0
11077.5 0
11078.5 0
11079.5 0
11080.5 0
11081.5 0
11082.5 0
11083.5 0
11084.5 0
11085.5 0
11086.5 0
11087.5 0
11088.5 0
11089.5 0
11090.5 0
11091.5 0
11092.5 0
11093.5 0
11094.5 0
11095.5 0
11096.5 0
11097.5 0
11098.5 0
11099.5 0
11100.5 0
11101.5 0
11102.5 0
11103.5 0
11104.5 0
11105.5 0
11106.5 0
11107.5 0
11108.5 0
11109.5 0
11110.5 0
11111.5 0
11112.5 0
11113.5 0
11114.5 0
11115.5 0
11116.5 0
11117.5 0
11118.5 0
11119.5 0
11120.5 0
11121.5 0
11122.5 0
11123.5 0
11124.5 0
11125.5 0
11126.5 0
11127.5 0
11128.5 0
11129.5 0
11130.5 0
11131.5 0
11132.5 0
11133.5 0
11134.5 0
11135.5 0
11136.5 0
11137.5 0
11138.5 0
11139.5 0
11140.5 0
11141.5 0
11142.5 0
11143.5 0
11144.5 0
11145.5 0
11146.5 0
11147.5 0
11148.5 0
11149.5 0
11150.5 0
11151.5 0
11152.5 0
11153.5 0
11154.5 0
11155.5 0
11156.5 0
11157.5 0
11158.5 0
11159.5 0
11160.5 0
11161.5 0
11162.5 0
11163.5 0
11164.5 0
11165.5 0
11166.5 0
11167.5 0
11168.5 0
11169.5 0
11170.5 0
11171.5 0
11172.5 0
11173.5 0
11174.5 0
11175.5 0
11176.5 0
11177.5 0
11178.5 0
11179.5 0
11180.5 0
11181.5 0
11182.5 0
11183.5 0
11184.5 0
11185.5 0
11186.5 0
11187.5 0
11188.5 0
11189.5 0
11190.5 0
11191.5 0
11192.5 0
11193.5 0
11194.5 0
11195.5 0
11196.5 0
11197.5 0
11198.5 0
11199.5 0
11200.5 0
11201.5 0
11202.5 0
11203.5 0
11204.5 0
11205.5 0
11206.5 0
11207.5 0
11208.5 0
11209.5 0
11210.5 0
11211.5 0
11212.5 0
11213.5 0
11214.5 0
11215.5 0
11216.5 0
11217.5 0
11218.5 0
11219.5 0
11220.5 0
11221.5 0
11222.5 0
11223.5 0
11224.5 0
11225.5 0
11226.5 0
11227.5 0
11228.5 0
11229.5 0
11230.5 0
11231.5 0
11232.5 0
11233.5 0
11234.5 0
11235.5 0
11236.5 0
11237.5 0
11238.5 0
11239.5 0
11240.5 0
11241.5 0
11242.5 0
11243.5 0
11244.5 0
11245.5 0
11246.5 0
11247.5 0
11248.5 0
11249.5 0
11250.5 0
11251.5 0
11252.5 0
11253.5 0
11254.5 0
11255.5 0
11256.5 0
11257.5 0
11258.5 0
11259.5 0
11260.5 0
11261.5 0
11262.5 0
11263.5 0
11264.5 0
11265.5 0
11266.5 0
11267.5 0
11268.5 0
11269.5 0
11270.5 0
11271.5 0
11272.5 0
11273.5 0
11274.5 0
11275.5 0
11276.5 0
11277.5 0
11278.5 0
11279.5 0
11280.5 0
11281.5 0
11282.5 0
11283.5 0
11284.5 0
11285.5 0
11286.5 0
11287.5 0
11288.5 0
11289.5 0
11290.5 0
11291.5 0
11292.5 0
11293.5 0
11294.5 0
11295.5 0
11296.5 0
11297.5 0
11298.5 0
11299.5 0
11300.5 0
11301.5 0
11302.5 0
11303.5 0
11304.5 0
11305.5 0
11306.5 0
11307.5 0
11308.5 0
11309.5 0
11310.5 0
11311.5 0
11312.5 0
11313.5 0
11314.5 0
11315.5 0
11316.5 0
11317.5 0
11318.5 0
11319.5 0
11320.5 0
11321.5 0
11322.5 0
11323.5 0
11324.5 0
11325.5 0
11326.5 0
11327.5 0
11328.5 0
11329.5 0
11330.5 0
11331.5 0
11332.5 0
11333.5 0
11334.5 0
11335.5 0
11336.5 0
11337.5 0
11338.5 0
11339.5 0
11340.5 0
11341.5 0
11342.5 0
11343.5 0
11344.5 0
11345.5 0
11346.5 0
11347.5 0
11348.5 0
11349.5 0
11350.5 0
11351.5 0
11352.5 0
11353.5 0
11354.5 0
11355.5 0
11356.5 0
11357.5 0
11358.5 0
11359.5 0
11360.5 0
11361.5 0
11362.5 0
11363.5 0
11364.5 0
11365.5 0
11366.5 0
11367.5 0
11368.5 0
11369.5 0
11370.5 0
11371.5 0
11372.5 0
11373.5 0
11374.5 0
11375.5 0
11376.5 0
11377.5 0
11378.5 0
11379.5 0
11380.5 0
11381.5 0
11382.5 0
11383.5 0
11384.5 0
11385.5 0
11386.5 0
11387.5 0
11388.5 0
11389.5 0
11390.5 0
11391.5 0
11392.5 0
11393.5 0
11394.5 0
11395.5 0
11396.5 0
11397.5 0
11398.5 0
11399.5 0
11400.5 0
11401.5 0
11402.5 0
11403.5 0
11404.5 0
11405.5 0
11406.5 0
11407.5 0
11408.5 0
11409.5 0
11410.5 0
11411.5 0
11412.5 0
11413.5 0
11414.5 0
11415.5 0
11416.5 0
11417.5 0
11418.5 0
11419.5 0
11420.5 0
11421.5 0
11422.5 0
11423.5 0
11424.5 0
11425.5 0
11426.5 0
11427.5 0
11428.5 0
11429.5 0
11430.5 0
11431.5 0
11432.5 0
11433.5 0
11434.5 0
11435.5 0
11436.5 0
11437.5 0
11438.5 0
11439.5 0
11440.5 0
11441.5 0
11442.5 0
11443.5 0
11444.5 0
11445.5 0
11446.5 0
11447.5 0
11448.5 0
11449.5 0
11450.5 0
11451.5 0
11452.5 0
11453.5 0
11454.5 0
11455.5 0
11456.5 0
11457.5 0
11458.5 0
11459.5 0
11460.5 0
11461.5 0
11462.5 0
11463.5 0
11464.5 0
11465.5 0
11466.5 0
11467.5 0
11468.5 0
11469.5 0
11470.5 0
11471.5 0
11472.5 0
11473.5 0
11474.5 0
11475.5 0
11476.5 0
11477.5 0
11478.5 0
11479.5 0
11480.5 0
11481.5 0
11482.5 0
11483.5 0
11484.5 0
11485.5 0
11486.5 0
11487.5 0
11488.5 0
11489.5 0
11490.5 0
11491.5 0
11492.5 0
11493.5 0
11494.5 0
11495.5 0
11496.5 0
11497.5 0
11498.5 0
11499.5 0
11500.5 0
11501.5 0
11502.5 0
11503.5 0
11504.5 0
11505.5 0
11506.5 0
11507.5 0
11508.5 0
11509.5 0
11510.5 0
11511.5 -0.857143
11512.5 0
11513.5 0
11514.5 0
11515.5 0
11516.5 0
11517.5 0
11518.5 0
11519.5 0
11520.5 0
11521.5 0
11522.5 0
11523.5 0
11524.5 0
11525.5 0
11526.5 0
11527.5 0
11528.5 0
11529.5 0
11530.5 0
11531.5 0
11532.5 0
11533.5 0
11534.5 0
11535.5 0
11536.5 0
11537.5 0
11538.5 0
11539.5 0
11540.5 0
11541.5 0
11542.5 0
11543.5 0
11544.5 0
11545.5 0
11546.5 0
11547.5 0
11548.5 0
11549.5 0
11550.5 0
11551.5 0
11552.5 0
11553.5 0
11554.5 0
11555.5 0
11556.5 0
11557.5 0
11558.5 0
11559.5 0
11560.5 0
11561.5 0
11562.5 0
11563.5 0
11564.5 0
11565.5 0
11566.5 0
11567.5 0
11568.5 0
11569.5 0
11570.5 0
11571.5 0
11572.5 0
11573.5 0
11574.5 0
11575.5 0
11576.5 0
11577.5 0
11578.5 0
11579.5 0
11580.5 0
11581.5 0
11582.5 0
11583.5 0
11584.5 0
11585.5 0
11586.5 0
11587.5 0
11588.5 0
11589.5 0
11590.5 0
11591.5 0
11592.5 0
11593.5 0
11594.5 0
11595.5 0
11596.5 0
11597.5 0
11598.5 0
11599.5 0
11600.5 0
11601.5 0
11602.5 0
11603.5 0
11604.5 0
11605.5 0
11606.5 0
11607.5 0
11608.5 0
11609.5 0
11610.5 0
11611.5 0
11612.5 0
11613.5 0
11614.5 0
11615.5 0
11616.5 0
11617.5 0
11618.5 0
11619.5 0
11620.5 0
11621.5 0
11622.5 0
11623.5 0
11624.5 0
11625.5 0
11626.5 0
11627.5 0
11628.5 0
11629.5 0
11630.5 0
11631.5 0
11632.5 0
11633.5 0
11634.5 0
11635.5 0
11636.5 0
11637.5 0
11638.5 0
11639.5 0
11640.5 0
11641.5 0
11642.5 0
11643.5 0
11644.5 0
11645.5 0
11646.5 0
11647.5 0
11648.5 0
11649.5 0
11650.5 0
11651.5 0
11652.5 0
11653.5 0
11654.5 0
11655.5 0
11656.5 0
11657.5 0
11658.5 0
11659.5 0
11660.5 0
11661.5 0
11662.5 0
11663.5 0
11664.5 0
11665.5 0
11666.5 0
11667.5 0
11668.5 0
11669.5 0
11670.5 0
11671.5 0
11672.5 0
11673.5 0
11674.5 0
11675.5 0
11676.5 0
11677.5 0
11678.5 0
11679.5 0
11680.5 0
11681.5 0
11682.5 0
11683.5 0
11684.5 0
11685.5 0
11686.5 0
11687.5 0
11688.5 0
11689.5 0
11690.5 0
11691.5 0
11692.5 0
11693.5 0
11694.5 0
11695.5 0
11696.5 0
11697.5 0
11698.5 0
11699.5 0
11700.5 0
11701.5 0
11702.5 0
11703.5 0
11704.5 0
11705.5 0
11706.5 0
11707.5 0
11708.5 0
11709.5 0
11710.5 0
11711.5 0
11712.5 0
11713.5 0
11714.5 0
11715.5 0
11716.5 0
11717.5 0
11718.5 0
11719.5 0
11720.5 0
11721.5 0
11722.5 0
11723.5 0
11724.5 0
11725.5 0
11726.5 0
11727.5 0
11728.5 0
11729.5 0
11730.5 0
11731.5 0
11732.5 0
11733.5 0
11734.5 0
11735.5 0
11736.5 1
11737.5 0
11738.5 0
11739.5 0
11740.5 0
11741.5 0
11742.5 0
11743.5 0
11744.5 0
11745.5 0
11746.5 0
11747.5 0
11748.5 0
11749.5 0
11750.5 0
11751.5 0
11752.5 0
11753.5 0
11754.5 0
11755.5 0
11756.5 0
11757.5 0
11758.5 0
11759.5 0
11760.5 0
11761.5 0
11762.5 0
11763.5 0
11764.5 0
11765.5 0
11766.5 0
11767.5 0
11768.5 0
11769.5 0
11770.5 0
11771.5 0
11772.5 0
11773.5 0
11774.5 0
11775.5 0
11776.5 0
11777.5 0
11778.5 0
11779.5 0
11780.5 0
11781.5 0
11782.5 0
11783.5 0
11784.5 0
11785.5 0
11786.5 0
11787.5 0
11788.5 0
11789.5 0
11790.5 0
11791.5 0
11792.5 0
11793.5 0
11794.5 0
11795.5 0
11796.5 0
11797.5 0
11798.5 0
11799.5 0
11800.5 0
11801.5 0
11802.5 0
11803.5 0
11804.5 0
11805.5 0
11806.5 0
11807.5 0
11808.5 0
11809.5 0
11810.5 0
11811.5 0
11812.5 0
11813.5 0
11814.5 0
11815.5 0
11816.5 0
11817.5 0
11818.5 0
11819.5 0
11820.5 0
11821.5 0
11822.5 0
11823.5 0
11824.5 0
11825.5 0
11826.5 0
11827.5 0
11828.5 0
11829.5 0
11830.5 0
11831.5 0
11832.5 0
11833.5 0
11834.5 0
11835.5 0
11836.5 0
11837.5 0
11838.5 0
11839.5 0
11840.5 0
11841.5 0
11842.5 0
11843.5 0
11844.5 0
11845.5 0
11846.5 0
11847.5 0
11848.5 0
11849.5 0
11850.5 0
11851.5 0
11852.5 0
11853.5 0
11854.5 0
11855.5 0
11856.5 0
11857.5 0
11858.5 0
11859.5 0
11860.5 0
11861.5 0
11862.5 0
11863.5 0
11864.5 0
11865.5 0
11866.5 0
11867.5 0
11868.5 0
11869.5 0
11870.5 0
11871.5 0
11872.5 0
11873.5 0
11874.5 0
11875.5 0
11876.5 0
11877.5 0
11878.5 0
11879.5 0
11880.5 0
11881.5 0
11882.5 0
11883.5 0
11884.5 0
11885.5 0
11886.5 0
11887.5 0
11888.5 0
11889.5 0
11890.5 0
11891.5 0
11892.5 0
11893.5 0
11894.5 0
11895.5 0
11896.5 0
11897.5 0
11898.5 0
11899.5 0
11900.5 0
11901.5 0
11902.5 0
11903.5 0
11904.5 0
11905.5 0
11906.5 0
11907.5 0
11908.5 0
11909.5 0
11910.5 0
11911.5 0
11912.5 0
11913.5 0
11914.5 0
11915.5 0
11916.5 0
11917.5 0
11918.5 0
11919.5 0
11920.5 0
11921.5 0
11922.5 0
11923.5 0
11924.5 0
11925.5 0
11926.5 0
11927.5 0
11928.5 0
11929.5 0
11930.5 0
11931.5 0
11932.5 0
11933.5 0
11934.5 0
11935.5 0
11936.5 0
11937.5 0
11938.5 0
11939.5 0
11940.5 0
11941.5 0
11942.5 0
11943.5 0
11944.5 0
11945.5 0
11946.5 0
11947.5 0
11948.5 0
11949.5 0
11950.5 0
11951.5 0
11952.5 0
11953.5 0
11954.5 0
11955.5 0
11956.5 0
11957.5 0
11958.5 0
11959.5 0
11960.5 0
11961.5 0
11962.5 0
11963.5 0
11964.5 0
11965.5 0
11966.5 0
11967.5 0
11968.5 0
11969.5 0
11970.5 0
11971.5 0
11972.5 0
11973.5 0
11974.5 0
11975.5 0
11976.5 0
11977.5 0
11978.5 0
11979.5 0
11980.5 0
11981.5 0
11982.5 0
11983.5 0
11984.5 0
11985.5 0
11986.5 0
11987.5 0
11988.5 0
11989.5 0
11990.5 0
11991.5 0
11992.5 0
11993.5 0
11994.5 0
11995.5 0
11996.5 0
11997.5 0
11998.5 0
11999.5 0
