# EGG_ProjY_E1388.5(3.5)_B1402.5(2.5)
# X axis : Energy (keV) [Y axis]
# Y axis : Counts/1 keV
# N Bins : 12000
# X Min : 0
# X Max : 12000
# X value at the center of the bins
0.5 0
1.5 0
2.5 0
3.5 0
4.5 0
5.5 21
6.5 12.8
7.5 -8.4
8.5 16.2
9.5 -1.6
10.5 19.2
11.5 36.8
12.5 -0.599998
13.5 54.4
14.5 66
15.5 20.4
16.5 81.2
17.5 88.6
18.5 75.8
19.5 118.6
20.5 150
21.5 159.6
22.5 272.2
23.5 134.2
24.5 298.2
25.5 314
26.5 267.2
27.5 598.4
28.5 565.2
29.5 575
30.5 678.4
31.5 614.4
32.5 983.6
33.5 788
34.5 689
35.5 835
36.5 900.6
37.5 816.4
38.5 845.6
39.5 923.8
40.5 1145.4
41.5 689
42.5 805.6
43.5 1086.4
44.5 836.2
45.5 938.6
46.5 822.2
47.5 926.4
48.5 1080.4
49.5 832.2
50.5 995.8
51.5 893.4
52.5 833.4
53.5 994.8
54.5 942
55.5 911.6
56.5 859
57.5 967.6
58.5 1463.6
59.5 1383.2
60.5 1216.6
61.5 1064.4
62.5 962.8
63.5 967.8
64.5 1063
65.5 992.2
66.5 1380.4
67.5 1304.8
68.5 1167.6
69.5 1084.6
70.5 1187.8
71.5 1225.6
72.5 1286.2
73.5 1597.8
74.5 1890.8
75.5 1916
76.5 2502.6
77.5 2314
78.5 1780.4
79.5 1382.8
80.5 1146.4
81.5 1165.6
82.5 1154.6
83.5 1121.4
84.5 1133.4
85.5 1023
86.5 1470.6
87.5 1679.2
88.5 1357.4
89.5 1313
90.5 1101.2
91.5 1060.4
92.5 1156.2
93.5 987
94.5 715.6
95.5 681
96.5 772.4
97.5 689
98.5 811.2
99.5 1099.4
100.5 1203.8
101.5 1390.8
102.5 1182.4
103.5 988.8
104.5 1031
105.5 1184
106.5 1233.2
107.5 1421.4
108.5 1613.6
109.5 1755.8
110.5 1882.6
111.5 1765
112.5 2065.2
113.5 1648
114.5 1824.2
115.5 1430.8
116.5 1376.4
117.5 1503.2
118.5 1537.4
119.5 1252.8
120.5 1526.6
121.5 1484
122.5 1517.2
123.5 1190.2
124.5 1470.4
125.5 1563.6
126.5 1460.6
127.5 1563.2
128.5 1485.2
129.5 1561.4
130.5 1731.6
131.5 1323
132.5 1259.6
133.5 1533.2
134.5 1227.2
135.5 1460.2
136.5 1411.4
137.5 1224.4
138.5 1166.8
139.5 1181.6
140.5 1585
141.5 1452.4
142.5 1261.8
143.5 1639
144.5 1699.6
145.5 1583.8
146.5 1676.2
147.5 2053.4
148.5 1705.8
149.5 1629
150.5 1775.4
151.5 1922
152.5 1850
153.5 1985.4
154.5 2023.4
155.5 1654.2
156.5 1522.4
157.5 1602.8
158.5 1784.8
159.5 1707.6
160.5 1520.6
161.5 1662.8
162.5 1701.6
163.5 1840.6
164.5 1376.4
165.5 2444.6
166.5 3752.6
167.5 3581.6
168.5 1870
169.5 1502.8
170.5 1312
171.5 1523.2
172.5 1303.8
173.5 1227.8
174.5 1023.2
175.5 1633.6
176.5 1575.8
177.5 1594.4
178.5 1562.2
179.5 1650.2
180.5 1581
181.5 1302
182.5 1724.8
183.5 1506.8
184.5 1496.8
185.5 1855
186.5 2049.2
187.5 1934.6
188.5 2179
189.5 1798.6
190.5 2341.4
191.5 1975.2
192.5 1961.8
193.5 2292.2
194.5 2139.8
195.5 2182
196.5 1912.4
197.5 1918
198.5 2212.6
199.5 2275.2
200.5 1842.8
201.5 1985.2
202.5 1880.8
203.5 1915.4
204.5 1983.8
205.5 1728.8
206.5 1735.8
207.5 1872.4
208.5 1746.6
209.5 1915
210.5 1925
211.5 1921.4
212.5 2138
213.5 1889.8
214.5 1766
215.5 1712.2
216.5 1597
217.5 1615.6
218.5 1487.4
219.5 1382.8
220.5 1300
221.5 1157.6
222.5 1123
223.5 1197.8
224.5 1396
225.5 851.4
226.5 373.4
227.5 -1706.6
228.5 -4119.4
229.5 -5741.8
230.5 -6694.2
231.5 -5655.2
232.5 -4134.8
233.5 -1699.4
234.5 313
235.5 1095.4
236.5 1087.8
237.5 1448.6
238.5 1329.6
239.5 1894.8
240.5 3064.4
241.5 4245.2
242.5 5206.8
243.5 5755
244.5 5211.8
245.5 4836
246.5 4855
247.5 4478.8
248.5 3919.2
249.5 3148.2
250.5 2487.4
251.5 2513.8
252.5 1996
253.5 2136.4
254.5 2031.4
255.5 2140
256.5 1945.8
257.5 2190
258.5 2232.2
259.5 2326
260.5 2574.2
261.5 2359.6
262.5 2138.8
263.5 1790.8
264.5 1495.4
265.5 1841.2
266.5 1567.6
267.5 1655.2
268.5 1567.4
269.5 1702.2
270.5 1756.8
271.5 1701.4
272.5 1647.6
273.5 1801.8
274.5 1397
275.5 1671.2
276.5 1341
277.5 1756
278.5 1381.2
279.5 1518.4
280.5 1272.4
281.5 1577.2
282.5 1661.6
283.5 1518.2
284.5 1428.8
285.5 1611.4
286.5 1605.8
287.5 1489.4
288.5 1323
289.5 1325.4
290.5 1423.4
291.5 1667.2
292.5 1428.6
293.5 1460.6
294.5 1555.2
295.5 1602
296.5 1344.6
297.5 1469.2
298.5 1266.4
299.5 1388.4
300.5 1592.2
301.5 1429.4
302.5 1396
303.5 1319
304.5 1390
305.5 1120
306.5 994.6
307.5 768
308.5 668.6
309.5 654
310.5 970.2
311.5 768.2
312.5 1061
313.5 621.6
314.5 19.2001
315.5 651.6
316.5 1484.8
317.5 1425.4
318.5 1522.2
319.5 1523
320.5 1397.8
321.5 1123.4
322.5 1065.4
323.5 985.4
324.5 879.6
325.5 1256
326.5 1517.2
327.5 1820.6
328.5 1528.2
329.5 1438.6
330.5 1578.6
331.5 1922.4
332.5 1803.6
333.5 1940.2
334.5 2090
335.5 2152.8
336.5 2202.2
337.5 2209.4
338.5 2258.2
339.5 2055.6
340.5 1674
341.5 1583
342.5 1296.6
343.5 1388.8
344.5 1323.8
345.5 1444.6
346.5 1251.4
347.5 1401.8
348.5 1447
349.5 1478
350.5 1523
351.5 1320.8
352.5 1592.4
353.5 1387.2
354.5 1162.4
355.5 1466.4
356.5 1256.4
357.5 1085.6
358.5 1302.8
359.5 1246.8
360.5 1186.4
361.5 1095.2
362.5 1220.2
363.5 1307.8
364.5 1217
365.5 1257
366.5 1302.4
367.5 1028.4
368.5 1076.2
369.5 995
370.5 988.4
371.5 1024.2
372.5 835.2
373.5 590.4
374.5 397.4
375.5 432.4
376.5 222.4
377.5 308.2
378.5 880.8
379.5 1056.8
380.5 1225.4
381.5 1445.8
382.5 1441.8
383.5 1721.6
384.5 1639.6
385.5 1724
386.5 1964.8
387.5 1976.8
388.5 2297.4
389.5 2142
390.5 2199
391.5 2063.8
392.5 2052.2
393.5 1952.8
394.5 1746.2
395.5 1520.4
396.5 1595
397.5 1559.8
398.5 1636.2
399.5 1335.6
400.5 1428.8
401.5 1523
402.5 1461.4
403.5 2084.2
404.5 2001.2
405.5 1166
406.5 1008.2
407.5 1007.6
408.5 1054.8
409.5 1196.8
410.5 1127.2
411.5 1348
412.5 1275.8
413.5 1233.4
414.5 1250
415.5 1413.6
416.5 1335
417.5 1509
418.5 1591.8
419.5 1418.8
420.5 1630
421.5 1413.6
422.5 1464.8
423.5 1442.4
424.5 1412.4
425.5 1479.8
426.5 1427.4
427.5 1639
428.5 1445.4
429.5 1517
430.5 1268.4
431.5 1414.4
432.5 1365.2
433.5 1388.8
434.5 1454.4
435.5 1398.2
436.5 1277
437.5 1292.2
438.5 1177.2
439.5 1332
440.5 1349.4
441.5 1130.2
442.5 1215.8
443.5 1284.6
444.5 1309
445.5 1403.4
446.5 1525.2
447.5 1466
448.5 1473
449.5 1501
450.5 1350.6
451.5 1566.2
452.5 1590.8
453.5 1611
454.5 1722
455.5 1754
456.5 1653.4
457.5 1614.6
458.5 1469.4
459.5 1593.4
460.5 1577.4
461.5 1691.8
462.5 1735.4
463.5 1640.8
464.5 1579.8
465.5 1369.8
466.5 1490.6
467.5 1066.2
468.5 771.2
469.5 791.6
470.5 547.6
471.5 1012
472.5 1087.4
473.5 1423.2
474.5 1383.6
475.5 1483.4
476.5 1221.4
477.5 1381.8
478.5 1254
479.5 1226.4
480.5 1416.2
481.5 928.4
482.5 563.6
483.5 275.2
484.5 244.8
485.5 232
486.5 541.8
487.5 736.8
488.5 1109.6
489.5 1250.4
490.5 947.8
491.5 1192.6
492.5 1146.8
493.5 1333.6
494.5 1681.6
495.5 1968.8
496.5 2124.8
497.5 2120.6
498.5 2165.2
499.5 2131.8
500.5 1854.4
501.5 1677.8
502.5 1268
503.5 1255.8
504.5 1172.6
505.5 1075.4
506.5 1383
507.5 1504.4
508.5 2330
509.5 3494.8
510.5 5269.8
511.5 5534.2
512.5 3813.4
513.5 1913.8
514.5 1139.6
515.5 928.2
516.5 942.4
517.5 940.8
518.5 938.8
519.5 873.8
520.5 985.2
521.5 971
522.5 975.8
523.5 1016.8
524.5 892.6
525.5 901.4
526.5 913.4
527.5 787.8
528.5 987.2
529.5 842
530.5 867.2
531.5 899
532.5 753
533.5 453.4
534.5 940.6
535.5 570.2
536.5 560.6
537.5 208
538.5 229
539.5 286.8
540.5 197.8
541.5 362
542.5 549
543.5 750.6
544.5 859
545.5 805.6
546.5 675.2
547.5 545.4
548.5 639.2
549.5 741.4
550.5 991.6
551.5 969.6
552.5 1099.4
553.5 1045
554.5 1059.8
555.5 1110.6
556.5 1171.6
557.5 836.2
558.5 795.8
559.5 761.4
560.5 728.6
561.5 892.4
562.5 855.8
563.5 922
564.5 862
565.5 946.6
566.5 853.8
567.5 860.2
568.5 920.6
569.5 814.8
570.5 702.8
571.5 931.4
572.5 835
573.5 627.4
574.5 748.4
575.5 636.6
576.5 623.6
577.5 663.6
578.5 673.8
579.5 642.8
580.5 858.4
581.5 2171.6
582.5 9316.2
583.5 15961.6
584.5 9500.6
585.5 2978.4
586.5 1056
587.5 627
588.5 542.2
589.5 500
590.5 479.4
591.5 505.6
592.5 476.8
593.5 521.6
594.5 573.6
595.5 557
596.5 635.6
597.5 517
598.5 636.2
599.5 582
600.5 575.2
601.5 699.8
602.5 678
603.5 621.6
604.5 684.8
605.5 753
606.5 705
607.5 718.2
608.5 662.2
609.5 516.2
610.5 644
611.5 588.4
612.5 656
613.5 604.2
614.5 683.4
615.5 636.8
616.5 620.6
617.5 487.8
618.5 485.6
619.5 577
620.5 691.8
621.5 510.6
622.5 560.2
623.5 779.4
624.5 498
625.5 551.4
626.5 643.2
627.5 536.2
628.5 581.2
629.5 575
630.5 578.2
631.5 600.8
632.5 650
633.5 570.2
634.5 584
635.5 683.8
636.5 658.4
637.5 642
638.5 571.6
639.5 591.4
640.5 572.2
641.5 497.4
642.5 744.4
643.5 582.4
644.5 712.2
645.5 565.6
646.5 647.2
647.5 610
648.5 571.4
649.5 440.8
650.5 734.8
651.5 868.4
652.5 1109
653.5 4895.6
654.5 27565.4
655.5 72015
656.5 64772.8
657.5 22449.8
658.5 4875
659.5 1116.2
660.5 807.6
661.5 1580.8
662.5 1458
663.5 1425.8
664.5 2705.2
665.5 2901.8
666.5 1199.8
667.5 634.4
668.5 382.2
669.5 268.8
670.5 406.6
671.5 283
672.5 385.6
673.5 358.2
674.5 260.2
675.5 394.6
676.5 377.6
677.5 440.2
678.5 325.6
679.5 475.8
680.5 331.2
681.5 328.6
682.5 246
683.5 263.2
684.5 136.4
685.5 307.4
686.5 280.4
687.5 283.6
688.5 213.4
689.5 319.4
690.5 294.8
691.5 331
692.5 240
693.5 408.4
694.5 312.8
695.5 209.6
696.5 363
697.5 198.2
698.5 197.2
699.5 381.8
700.5 244.2
701.5 376.8
702.5 309.4
703.5 463.4
704.5 248.4
705.5 285.8
706.5 315.6
707.5 371
708.5 269.2
709.5 450.8
710.5 249.2
711.5 340.6
712.5 297.2
713.5 216.4
714.5 178.8
715.5 227
716.5 308.4
717.5 353.2
718.5 347
719.5 311.6
720.5 306.4
721.5 334.6
722.5 342
723.5 370.4
724.5 301.2
725.5 250.4
726.5 447.2
727.5 365
728.5 247.6
729.5 340.4
730.5 351.8
731.5 165.8
732.5 309.2
733.5 292.6
734.5 378.4
735.5 260.8
736.5 323.8
737.5 186.6
738.5 66.8
739.5 103.8
740.5 151.2
741.5 170.2
742.5 80.4
743.5 130
744.5 -82.4
745.5 -1.39996
746.5 -210
747.5 -226.2
748.5 24.4
749.5 -81.8
750.5 143.4
751.5 257.6
752.5 368.4
753.5 412.6
754.5 405.4
755.5 486.6
756.5 504.6
757.5 559.8
758.5 569
759.5 834
760.5 1140.8
761.5 1232.8
762.5 845.4
763.5 745.6
764.5 600.6
765.5 318.4
766.5 179.8
767.5 330
768.5 337.4
769.5 286
770.5 219.2
771.5 294.2
772.5 285
773.5 262.6
774.5 270
775.5 304.8
776.5 438
777.5 165.8
778.5 251
779.5 161.6
780.5 183.2
781.5 313.8
782.5 241.8
783.5 228.4
784.5 295.4
785.5 232
786.5 319.8
787.5 237.6
788.5 251
789.5 330.4
790.5 283.2
791.5 185.6
792.5 237.8
793.5 232
794.5 211.6
795.5 194.4
796.5 184.8
797.5 201.4
798.5 214.8
799.5 156.2
800.5 297.4
801.5 296.2
802.5 153.8
803.5 277.6
804.5 287.6
805.5 323.8
806.5 180.2
807.5 338.8
808.5 406.4
809.5 350.6
810.5 342.6
811.5 414.8
812.5 252.6
813.5 429.6
814.5 238.2
815.5 26
816.5 -442.8
817.5 -718.4
818.5 -1284.4
819.5 -1555
820.5 -1430.2
821.5 -987.4
822.5 -179.8
823.5 112.8
824.5 168.6
825.5 228.2
826.5 261.2
827.5 384.2
828.5 409
829.5 600.4
830.5 992.2
831.5 1489.6
832.5 1631.6
833.5 1780.6
834.5 1639
835.5 1490
836.5 1343.2
837.5 866.8
838.5 725.2
839.5 558.6
840.5 260
841.5 204
842.5 297.2
843.5 178.6
844.5 173.4
845.5 192.4
846.5 161.4
847.5 282.8
848.5 173
849.5 213
850.5 249.4
851.5 241.6
852.5 234.4
853.5 269.6
854.5 91
855.5 232
856.5 316.6
857.5 314.8
858.5 269
859.5 164.6
860.5 337
861.5 288.8
862.5 276
863.5 330
864.5 307
865.5 380.4
866.5 460.6
867.5 275
868.5 338.8
869.5 420
870.5 267
871.5 315
872.5 159.6
873.5 313
874.5 247
875.5 385
876.5 298.8
877.5 193.4
878.5 366.6
879.5 267.6
880.5 190.4
881.5 243
882.5 136.6
883.5 259
884.5 220.8
885.5 303.4
886.5 331.8
887.5 284.4
888.5 333
889.5 326.2
890.5 494.6
891.5 350.4
892.5 334.6
893.5 464.2
894.5 429.8
895.5 388.6
896.5 224.4
897.5 355.4
898.5 215.8
899.5 299
900.5 314
901.5 282.2
902.5 323.2
903.5 177.6
904.5 230.2
905.5 349.6
906.5 244.2
907.5 282.4
908.5 258
909.5 340.6
910.5 222.8
911.5 343.8
912.5 415.8
913.5 411.8
914.5 213
915.5 287.8
916.5 255.4
917.5 279.6
918.5 135.6
919.5 166.6
920.5 270.4
921.5 297.2
922.5 333
923.5 282.2
924.5 356
925.5 329.2
926.5 219
927.5 263.2
928.5 176.2
929.5 419.8
930.5 211.6
931.5 207.4
932.5 270.8
933.5 201.8
934.5 210
935.5 99
936.5 151.8
937.5 277.6
938.5 276.4
939.5 310.2
940.5 305.2
941.5 387.4
942.5 392.8
943.5 423
944.5 433.6
945.5 328.2
946.5 307.8
947.5 310.4
948.5 268.4
949.5 181.2
950.5 222.6
951.5 322.8
952.5 192.8
953.5 327.4
954.5 267
955.5 349.8
956.5 349.6
957.5 197.6
958.5 324.2
959.5 153.4
960.5 126.8
961.5 74.8
962.5 334.2
963.5 201.2
964.5 299.6
965.5 431
966.5 302.8
967.5 327.4
968.5 308.2
969.5 275
970.5 219.4
971.5 347.8
972.5 181
973.5 182.4
974.5 328
975.5 221.6
976.5 380.2
977.5 682.2
978.5 698.2
979.5 400.2
980.5 260.2
981.5 247.6
982.5 97.2
983.5 360.2
984.5 311.6
985.5 360.2
986.5 275
987.5 298.6
988.5 233
989.5 239
990.5 237
991.5 247.4
992.5 201
993.5 230.6
994.5 174.6
995.5 204
996.5 248
997.5 232.4
998.5 265.2
999.5 243.6
1000.5 151.8
1001.5 620.8
1002.5 611.8
1003.5 392.8
1004.5 280.6
1005.5 229.2
1006.5 287
1007.5 215.8
1008.5 260.4
1009.5 215.6
1010.5 214.4
1011.5 232.2
1012.5 278.6
1013.5 314.8
1014.5 224.2
1015.5 278.8
1016.5 172.6
1017.5 316.8
1018.5 145.2
1019.5 293.4
1020.5 295.2
1021.5 212.8
1022.5 260.2
1023.5 350
1024.5 539.2
1025.5 408.2
1026.5 225.6
1027.5 194.8
1028.5 144
1029.5 206.2
1030.5 190
1031.5 272.4
1032.5 173.8
1033.5 258.6
1034.5 275.2
1035.5 167.6
1036.5 277.4
1037.5 140.4
1038.5 280.4
1039.5 206.2
1040.5 166.6
1041.5 160.2
1042.5 285
1043.5 125.8
1044.5 272.4
1045.5 188.6
1046.5 230
1047.5 256.2
1048.5 248
1049.5 259.8
1050.5 278
1051.5 203
1052.5 279
1053.5 215
1054.5 250
1055.5 180.6
1056.5 257
1057.5 162.4
1058.5 112.2
1059.5 194
1060.5 218
1061.5 281.4
1062.5 231.6
1063.5 233
1064.5 205.6
1065.5 174.4
1066.5 239.2
1067.5 307.4
1068.5 163.4
1069.5 198
1070.5 154.6
1071.5 268
1072.5 222
1073.5 632
1074.5 259.8
1075.5 116
1076.5 297.4
1077.5 260.8
1078.5 254.4
1079.5 86.2
1080.5 168.8
1081.5 159
1082.5 248
1083.5 205.2
1084.5 218.4
1085.5 217.6
1086.5 161.4
1087.5 266
1088.5 241
1089.5 240.6
1090.5 267.6
1091.5 216.8
1092.5 162.8
1093.5 243.8
1094.5 235
1095.5 214.2
1096.5 306
1097.5 157.4
1098.5 264.4
1099.5 263.6
1100.5 287.6
1101.5 274.2
1102.5 234.8
1103.5 125.6
1104.5 237.8
1105.5 193.6
1106.5 244.6
1107.5 227.6
1108.5 140.4
1109.5 221.6
1110.5 136.8
1111.5 349.2
1112.5 241.2
1113.5 215.4
1114.5 174.6
1115.5 124.2
1116.5 312
1117.5 178.8
1118.5 211.8
1119.5 188.8
1120.5 247.6
1121.5 339.8
1122.5 323.8
1123.5 560
1124.5 1010.6
1125.5 1607.6
1126.5 1878.8
1127.5 1555.6
1128.5 376.8
1129.5 285
1130.5 299.6
1131.5 265.6
1132.5 224.2
1133.5 192.2
1134.5 241
1135.5 234.6
1136.5 219.6
1137.5 178.6
1138.5 198.6
1139.5 234.4
1140.5 239.2
1141.5 249.2
1142.5 195.6
1143.5 163.4
1144.5 200
1145.5 188.8
1146.5 243.8
1147.5 260.4
1148.5 213.2
1149.5 227.8
1150.5 273.2
1151.5 260.6
1152.5 232
1153.5 350
1154.5 823.8
1155.5 2625.8
1156.5 5270.2
1157.5 5303.8
1158.5 1740.8
1159.5 483
1160.5 221.8
1161.5 264.2
1162.5 185.2
1163.5 207.4
1164.5 166.6
1165.5 263.4
1166.5 174.6
1167.5 270.2
1168.5 306.8
1169.5 258.6
1170.5 215
1171.5 223.6
1172.5 204
1173.5 134.6
1174.5 167.6
1175.5 199.4
1176.5 191.6
1177.5 200.8
1178.5 155.8
1179.5 196.2
1180.5 186.6
1181.5 241.2
1182.5 104.8
1183.5 213.6
1184.5 134
1185.5 207.4
1186.5 237.2
1187.5 177.8
1188.5 179.2
1189.5 273.2
1190.5 163.8
1191.5 208.4
1192.5 194.2
1193.5 235.2
1194.5 232
1195.5 196.4
1196.5 261.2
1197.5 179.2
1198.5 202.4
1199.5 254.2
1200.5 193
1201.5 274.8
1202.5 137
1203.5 295.2
1204.5 154.2
1205.5 159.2
1206.5 206.6
1207.5 149.6
1208.5 123.2
1209.5 145.2
1210.5 109.6
1211.5 160.8
1212.5 140.8
1213.5 183.6
1214.5 160
1215.5 176.6
1216.5 131
1217.5 232.4
1218.5 232.4
1219.5 190.2
1220.5 212.6
1221.5 221.6
1222.5 275.8
1223.5 246.6
1224.5 293
1225.5 232.8
1226.5 199.8
1227.5 215
1228.5 192.2
1229.5 257.4
1230.5 213.8
1231.5 233.2
1232.5 194.4
1233.5 248
1234.5 292
1235.5 210.6
1236.5 204.8
1237.5 339
1238.5 233.4
1239.5 212.4
1240.5 215
1241.5 187.2
1242.5 185.4
1243.5 214.8
1244.5 197.8
1245.5 174.2
1246.5 207.4
1247.5 227.4
1248.5 148.8
1249.5 257.8
1250.5 153
1251.5 209.8
1252.5 153.8
1253.5 193
1254.5 137.2
1255.5 170.2
1256.5 213.6
1257.5 164.2
1258.5 203.2
1259.5 198.4
1260.5 237
1261.5 194.2
1262.5 167.8
1263.5 173
1264.5 114.2
1265.5 202.8
1266.5 307
1267.5 253
1268.5 236.2
1269.5 232.4
1270.5 190
1271.5 264
1272.5 323.6
1273.5 278.4
1274.5 188.2
1275.5 209.2
1276.5 249.6
1277.5 146
1278.5 220.8
1279.5 268.2
1280.5 220.4
1281.5 375.2
1282.5 403.4
1283.5 312.8
1284.5 236.2
1285.5 157.4
1286.5 214.8
1287.5 230
1288.5 265.8
1289.5 232.2
1290.5 187.2
1291.5 176
1292.5 335.4
1293.5 161
1294.5 243.8
1295.5 305.4
1296.5 232.6
1297.5 169.2
1298.5 316.4
1299.5 251.6
1300.5 224
1301.5 167
1302.5 262.8
1303.5 294.8
1304.5 263.8
1305.5 195.8
1306.5 317.2
1307.5 290.4
1308.5 293.2
1309.5 282.2
1310.5 292.8
1311.5 288.4
1312.5 147
1313.5 263.8
1314.5 296.8
1315.5 288.8
1316.5 268.4
1317.5 277.8
1318.5 312.2
1319.5 294.8
1320.5 276.8
1321.5 226.8
1322.5 186.8
1323.5 187.6
1324.5 253
1325.5 217.6
1326.5 259.2
1327.5 281.8
1328.5 228.2
1329.5 289.4
1330.5 198
1331.5 251
1332.5 198.4
1333.5 202.4
1334.5 240.6
1335.5 211
1336.5 188.4
1337.5 169.4
1338.5 218.6
1339.5 149.2
1340.5 246.8
1341.5 204
1342.5 170.8
1343.5 111.8
1344.5 134.6
1345.5 126.8
1346.5 145.2
1347.5 173.6
1348.5 275
1349.5 239.4
1350.5 266.6
1351.5 378.6
1352.5 516.2
1353.5 582.2
1354.5 367.8
1355.5 224
1356.5 239
1357.5 242
1358.5 265.6
1359.5 219.8
1360.5 212
1361.5 203.8
1362.5 188
1363.5 256.6
1364.5 190.6
1365.5 166.8
1366.5 129.6
1367.5 259.8
1368.5 185.8
1369.5 433.2
1370.5 806
1371.5 1218.4
1372.5 783.8
1373.5 309.8
1374.5 195
1375.5 134.2
1376.5 272.8
1377.5 221.8
1378.5 297
1379.5 187.2
1380.5 215
1381.5 208.8
1382.5 182.4
1383.5 181.2
1384.5 176.8
1385.5 195.8
1386.5 206.6
1387.5 229
1388.5 233
1389.5 196.8
1390.5 246.4
1391.5 203
1392.5 222.6
1393.5 92.6
1394.5 179.6
1395.5 109.6
1396.5 120
1397.5 70.6
1398.5 158.6
1399.5 206
1400.5 159.8
1401.5 148.4
1402.5 134.2
1403.5 165.6
1404.5 203.4
1405.5 166.2
1406.5 119.8
1407.5 241.2
1408.5 222.6
1409.5 252.2
1410.5 247.8
1411.5 194
1412.5 144.6
1413.5 236.8
1414.5 151.8
1415.5 159
1416.5 256.8
1417.5 177.8
1418.5 232.6
1419.5 106.2
1420.5 242.8
1421.5 205.4
1422.5 171.6
1423.5 152
1424.5 158.6
1425.5 101.4
1426.5 204.2
1427.5 258.8
1428.5 301.8
1429.5 219
1430.5 171.6
1431.5 171.2
1432.5 216
1433.5 191.2
1434.5 150.6
1435.5 139
1436.5 229.8
1437.5 175.8
1438.5 144.2
1439.5 203.2
1440.5 141.2
1441.5 163
1442.5 138
1443.5 160.6
1444.5 145
1445.5 129.6
1446.5 162
1447.5 94.8
1448.5 192.2
1449.5 122.6
1450.5 157
1451.5 170.6
1452.5 140.6
1453.5 152.6
1454.5 171.6
1455.5 163.2
1456.5 158.6
1457.5 120.8
1458.5 136.4
1459.5 122.2
1460.5 177.2
1461.5 170.2
1462.5 120.2
1463.5 140
1464.5 134.4
1465.5 164.4
1466.5 74.4
1467.5 145.6
1468.5 214.2
1469.5 135.8
1470.5 126.4
1471.5 143.2
1472.5 186.8
1473.5 132.2
1474.5 116.4
1475.5 218.4
1476.5 97.2
1477.5 162.2
1478.5 137
1479.5 97.8
1480.5 191.8
1481.5 169
1482.5 146.6
1483.5 153.4
1484.5 145
1485.5 128.6
1486.5 165
1487.5 146.2
1488.5 103.2
1489.5 186.4
1490.5 137
1491.5 80
1492.5 192.8
1493.5 135.6
1494.5 141.6
1495.5 94
1496.5 210
1497.5 336.6
1498.5 267.4
1499.5 462.8
1500.5 312.6
1501.5 129
1502.5 144.6
1503.5 213.4
1504.5 134.8
1505.5 133.2
1506.5 102.2
1507.5 204.4
1508.5 145.4
1509.5 105.4
1510.5 171.2
1511.5 209.2
1512.5 163.2
1513.5 108.8
1514.5 168.6
1515.5 156.8
1516.5 122
1517.5 107.2
1518.5 156.4
1519.5 184
1520.5 182.8
1521.5 158.4
1522.5 111.6
1523.5 66.2
1524.5 151.6
1525.5 146.8
1526.5 214.2
1527.5 137.8
1528.5 129.2
1529.5 144.8
1530.5 216.4
1531.5 144.6
1532.5 152.8
1533.5 172.2
1534.5 114.2
1535.5 174.4
1536.5 121.8
1537.5 175.4
1538.5 376
1539.5 1165.2
1540.5 3608
1541.5 8424.2
1542.5 10947.4
1543.5 7101
1544.5 2420
1545.5 924
1546.5 485.6
1547.5 235.8
1548.5 118.2
1549.5 160.2
1550.5 127.4
1551.5 133.6
1552.5 163.6
1553.5 115.6
1554.5 142.2
1555.5 135.4
1556.5 180.2
1557.5 200.6
1558.5 130
1559.5 145.4
1560.5 175.8
1561.5 111.2
1562.5 93.6
1563.5 80.8
1564.5 174.4
1565.5 103.4
1566.5 132.6
1567.5 92.6
1568.5 97
1569.5 146.4
1570.5 236.8
1571.5 195.8
1572.5 161.8
1573.5 117.4
1574.5 131.4
1575.5 95.8
1576.5 101
1577.5 148
1578.5 58.6
1579.5 119.4
1580.5 124.2
1581.5 72.6
1582.5 64
1583.5 133.4
1584.5 126.8
1585.5 79.2
1586.5 124.6
1587.5 173
1588.5 163.4
1589.5 113.8
1590.5 59
1591.5 87.4
1592.5 132.6
1593.5 72.8
1594.5 116.4
1595.5 161.6
1596.5 102.2
1597.5 63.2
1598.5 115.2
1599.5 117.4
1600.5 65.2
1601.5 88.8
1602.5 123.4
1603.5 70.8
1604.5 126.8
1605.5 150.6
1606.5 97
1607.5 71.8
1608.5 95.4
1609.5 179.4
1610.5 204.2
1611.5 236.4
1612.5 273.8
1613.5 225.6
1614.5 147.6
1615.5 128.8
1616.5 123
1617.5 148.2
1618.5 145.8
1619.5 122.2
1620.5 185.8
1621.5 108.6
1622.5 142.4
1623.5 121.4
1624.5 79.6
1625.5 146.8
1626.5 145.6
1627.5 108
1628.5 0.200011
1629.5 70.4
1630.5 53.2
1631.5 64
1632.5 147.2
1633.5 113.2
1634.5 171
1635.5 134.6
1636.5 123.4
1637.5 119.2
1638.5 212.6
1639.5 173.8
1640.5 212.8
1641.5 225.6
1642.5 115.4
1643.5 110
1644.5 173.2
1645.5 155.8
1646.5 79.8
1647.5 154.4
1648.5 145.4
1649.5 82.2
1650.5 163.8
1651.5 155.4
1652.5 163.6
1653.5 161
1654.5 133.4
1655.5 130.2
1656.5 245.8
1657.5 174.6
1658.5 132.2
1659.5 137.6
1660.5 132.6
1661.5 159
1662.5 122.6
1663.5 130
1664.5 86.4
1665.5 158.6
1666.5 111.4
1667.5 81.4
1668.5 140
1669.5 150.4
1670.5 182.6
1671.5 263.6
1672.5 143.4
1673.5 144.6
1674.5 132.2
1675.5 45
1676.5 109
1677.5 96.2
1678.5 130.2
1679.5 167.4
1680.5 87.2
1681.5 100.4
1682.5 117.4
1683.5 133
1684.5 177.2
1685.5 105.8
1686.5 130.8
1687.5 199.6
1688.5 168.2
1689.5 148
1690.5 97
1691.5 115.8
1692.5 134
1693.5 127.4
1694.5 235.8
1695.5 94.8
1696.5 96.2
1697.5 179.2
1698.5 181.4
1699.5 141.4
1700.5 134
1701.5 114.4
1702.5 182.2
1703.5 89.6
1704.5 124.4
1705.5 189.4
1706.5 115.4
1707.5 208.2
1708.5 162.6
1709.5 146.8
1710.5 135
1711.5 119.8
1712.5 106
1713.5 133.4
1714.5 167.8
1715.5 125.2
1716.5 140.2
1717.5 86.4
1718.5 122.4
1719.5 142.4
1720.5 203
1721.5 147
1722.5 190.8
1723.5 164.4
1724.5 132.8
1725.5 175
1726.5 222.8
1727.5 183
1728.5 163
1729.5 162
1730.5 151.8
1731.5 137.8
1732.5 159
1733.5 129.4
1734.5 159.2
1735.5 156.4
1736.5 106.2
1737.5 149
1738.5 95.6
1739.5 103.4
1740.5 124
1741.5 177.6
1742.5 168.2
1743.5 125.4
1744.5 123.2
1745.5 125.4
1746.5 157.4
1747.5 143.4
1748.5 107.4
1749.5 99.4
1750.5 170.4
1751.5 150.8
1752.5 189.2
1753.5 99.6
1754.5 103
1755.5 103
1756.5 153.4
1757.5 74.2
1758.5 146.2
1759.5 141.4
1760.5 139
1761.5 158.2
1762.5 133.6
1763.5 145.4
1764.5 158.6
1765.5 140
1766.5 172.4
1767.5 154.6
1768.5 115
1769.5 118.4
1770.5 113.6
1771.5 97.8
1772.5 185.8
1773.5 168.8
1774.5 246.2
1775.5 224.2
1776.5 181.6
1777.5 159.8
1778.5 167.6
1779.5 100.2
1780.5 218.6
1781.5 146
1782.5 171.2
1783.5 151
1784.5 181.2
1785.5 160.2
1786.5 108
1787.5 148.4
1788.5 128
1789.5 156
1790.5 108.8
1791.5 116.8
1792.5 139.6
1793.5 136.6
1794.5 115.6
1795.5 82.8
1796.5 123
1797.5 168.2
1798.5 60.4
1799.5 136.6
1800.5 139.6
1801.5 143.8
1802.5 120.2
1803.5 145
1804.5 97.2
1805.5 69.4
1806.5 107.8
1807.5 128.6
1808.5 144.6
1809.5 112.4
1810.5 147.6
1811.5 94.2
1812.5 156.2
1813.5 169
1814.5 133.2
1815.5 125.2
1816.5 69.8
1817.5 136.6
1818.5 115.8
1819.5 208
1820.5 173.6
1821.5 90.4
1822.5 143.6
1823.5 168.6
1824.5 108.8
1825.5 154.2
1826.5 145.4
1827.5 147.8
1828.5 157.4
1829.5 100.2
1830.5 91.2
1831.5 139.4
1832.5 137.6
1833.5 94.6
1834.5 148.8
1835.5 88.6
1836.5 75.6
1837.5 149.2
1838.5 105.2
1839.5 152.6
1840.5 76.6
1841.5 93.6
1842.5 120.2
1843.5 145.8
1844.5 139.6
1845.5 154
1846.5 96
1847.5 191
1848.5 119
1849.5 89
1850.5 118.6
1851.5 78.8
1852.5 177.2
1853.5 162.6
1854.5 136.2
1855.5 98.6
1856.5 51.6
1857.5 134.8
1858.5 135.6
1859.5 101
1860.5 67.2
1861.5 113.4
1862.5 72.2
1863.5 94
1864.5 135
1865.5 149.2
1866.5 82
1867.5 58.8
1868.5 76.2
1869.5 150.4
1870.5 94.4
1871.5 148.4
1872.5 163
1873.5 193.2
1874.5 119.2
1875.5 100.6
1876.5 155
1877.5 113.6
1878.5 124.8
1879.5 138
1880.5 89
1881.5 72.8
1882.5 89.6
1883.5 181.6
1884.5 175
1885.5 191
1886.5 284.6
1887.5 214.2
1888.5 281.2
1889.5 183.2
1890.5 150.6
1891.5 90.6
1892.5 79.4
1893.5 95
1894.5 128.4
1895.5 116.8
1896.5 83.2
1897.5 127.8
1898.5 101.8
1899.5 73.8
1900.5 116.2
1901.5 154.6
1902.5 144.2
1903.5 120.6
1904.5 109.6
1905.5 113.2
1906.5 61
1907.5 119.6
1908.5 106
1909.5 144.8
1910.5 107.4
1911.5 117.6
1912.5 157.6
1913.5 191
1914.5 79.8
1915.5 81.8
1916.5 190.6
1917.5 205.6
1918.5 293
1919.5 322.6
1920.5 359.6
1921.5 306.8
1922.5 202.8
1923.5 118.4
1924.5 123.2
1925.5 102.2
1926.5 114.2
1927.5 96.6
1928.5 112
1929.5 144.2
1930.5 103.6
1931.5 206.2
1932.5 135
1933.5 228.2
1934.5 228.4
1935.5 296.2
1936.5 218.6
1937.5 113.2
1938.5 174.8
1939.5 109.4
1940.5 135.2
1941.5 210.2
1942.5 246.2
1943.5 131
1944.5 29.4
1945.5 84.2
1946.5 164.8
1947.5 149.2
1948.5 91
1949.5 106
1950.5 124.8
1951.5 89.2
1952.5 77.2
1953.5 175.8
1954.5 119.4
1955.5 138.6
1956.5 122.4
1957.5 70.4
1958.5 66.2
1959.5 44
1960.5 107.2
1961.5 161.6
1962.5 101.4
1963.5 148
1964.5 122.8
1965.5 111
1966.5 68.8
1967.5 96.4
1968.5 132.8
1969.5 184.8
1970.5 148
1971.5 167.2
1972.5 145
1973.5 121.2
1974.5 173
1975.5 123.6
1976.5 116.4
1977.5 209.4
1978.5 183.6
1979.5 119.2
1980.5 141.2
1981.5 87.2
1982.5 131.6
1983.5 73.4
1984.5 165.6
1985.5 131.8
1986.5 180
1987.5 91
1988.5 197.6
1989.5 194.6
1990.5 101.2
1991.5 233.8
1992.5 350.2
1993.5 171
1994.5 187
1995.5 161.8
1996.5 159.8
1997.5 106.6
1998.5 123.4
1999.5 84.2
2000.5 100
2001.5 95.6
2002.5 141.2
2003.5 121.8
2004.5 210.4
2005.5 161.4
2006.5 339
2007.5 1057.8
2008.5 2306.2
2009.5 2904.2
2010.5 2332
2011.5 926.6
2012.5 358.2
2013.5 185.4
2014.5 143.8
2015.5 144.6
2016.5 122.8
2017.5 138
2018.5 121.2
2019.5 144.2
2020.5 129
2021.5 87.6
2022.5 68.8
2023.5 97
2024.5 115.6
2025.5 79.2
2026.5 116.4
2027.5 134.4
2028.5 79.6
2029.5 73.4
2030.5 38.4
2031.5 158.6
2032.5 117.2
2033.5 109.4
2034.5 202
2035.5 182
2036.5 378
2037.5 543.4
2038.5 526
2039.5 304.6
2040.5 163.4
2041.5 99.8
2042.5 114.2
2043.5 145.8
2044.5 107.4
2045.5 120.4
2046.5 106.4
2047.5 84.4
2048.5 117.2
2049.5 174.8
2050.5 197
2051.5 161.4
2052.5 175.6
2053.5 118
2054.5 59.2
2055.5 124.2
2056.5 183.6
2057.5 87.2
2058.5 30.6
2059.5 152.4
2060.5 36.2
2061.5 111.4
2062.5 85
2063.5 162.2
2064.5 120.8
2065.5 78.2
2066.5 143.2
2067.5 96.6
2068.5 133.8
2069.5 144.8
2070.5 114.6
2071.5 63.4
2072.5 74.2
2073.5 127.6
2074.5 91.8
2075.5 160.8
2076.5 182.8
2077.5 145.6
2078.5 94.6
2079.5 54
2080.5 151.4
2081.5 137.8
2082.5 109.8
2083.5 78.4
2084.5 85.8
2085.5 79.8
2086.5 145.2
2087.5 101.4
2088.5 86.6
2089.5 72.8
2090.5 111
2091.5 150
2092.5 104.2
2093.5 67.6
2094.5 115.8
2095.5 157.8
2096.5 154.6
2097.5 129.4
2098.5 84.2
2099.5 60.4
2100.5 71.4
2101.5 90
2102.5 153.2
2103.5 120.2
2104.5 141.6
2105.5 103.4
2106.5 103.6
2107.5 53.4
2108.5 67.6
2109.5 136.2
2110.5 90.6
2111.5 98.6
2112.5 147
2113.5 110
2114.5 88.8
2115.5 196.6
2116.5 162.2
2117.5 103
2118.5 95.6
2119.5 60
2120.5 66.6
2121.5 102
2122.5 107.2
2123.5 147.8
2124.5 115.2
2125.5 83.8
2126.5 71.8
2127.5 66.6
2128.5 58.6
2129.5 82.4
2130.5 101
2131.5 75.8
2132.5 69.6
2133.5 80
2134.5 79
2135.5 123
2136.5 141.8
2137.5 151.8
2138.5 74.4
2139.5 107
2140.5 128.6
2141.5 107.2
2142.5 194.6
2143.5 265.6
2144.5 140.2
2145.5 167.4
2146.5 195.2
2147.5 141.4
2148.5 265.2
2149.5 285.2
2150.5 490.6
2151.5 310.6
2152.5 163.8
2153.5 148.8
2154.5 112.2
2155.5 72
2156.5 142
2157.5 148
2158.5 120
2159.5 138.4
2160.5 132
2161.5 79.8
2162.5 55
2163.5 82.2
2164.5 139
2165.5 84.4
2166.5 112.2
2167.5 39.8
2168.5 123.4
2169.5 109
2170.5 102
2171.5 88.6
2172.5 107.8
2173.5 121
2174.5 85.6
2175.5 74.2
2176.5 148.4
2177.5 143.2
2178.5 204
2179.5 122.8
2180.5 97.6
2181.5 105
2182.5 113.4
2183.5 144
2184.5 122.4
2185.5 130
2186.5 86.2
2187.5 169.2
2188.5 105.8
2189.5 166.8
2190.5 188.6
2191.5 284.6
2192.5 485.4
2193.5 589.2
2194.5 644.4
2195.5 394.8
2196.5 272.8
2197.5 181.2
2198.5 197.8
2199.5 180
2200.5 142.4
2201.5 127.4
2202.5 103.8
2203.5 103.2
2204.5 111
2205.5 55.2
2206.5 87.4
2207.5 77.6
2208.5 61.6
2209.5 76.6
2210.5 56.2
2211.5 62.8
2212.5 158.4
2213.5 131.6
2214.5 74.8
2215.5 113
2216.5 77.2
2217.5 85.8
2218.5 138.2
2219.5 104
2220.5 76.4
2221.5 229.6
2222.5 189.2
2223.5 231.4
2224.5 179.6
2225.5 73.8
2226.5 146.4
2227.5 143.8
2228.5 145.8
2229.5 152
2230.5 257.2
2231.5 496.4
2232.5 691.2
2233.5 605.4
2234.5 335
2235.5 231.4
2236.5 110.4
2237.5 91.2
2238.5 65.4
2239.5 106.2
2240.5 92
2241.5 68.8
2242.5 77.4
2243.5 85
2244.5 92.8
2245.5 99.4
2246.5 147.4
2247.5 72.8
2248.5 126.6
2249.5 111.6
2250.5 110.4
2251.5 116.6
2252.5 100.4
2253.5 152.4
2254.5 161.6
2255.5 106.8
2256.5 126.4
2257.5 123.2
2258.5 58.6
2259.5 106.8
2260.5 102.8
2261.5 103
2262.5 97
2263.5 92
2264.5 121
2265.5 62.2
2266.5 78.8
2267.5 106.8
2268.5 54.2
2269.5 60
2270.5 144.2
2271.5 84
2272.5 94.8
2273.5 145.8
2274.5 91
2275.5 73.4
2276.5 103
2277.5 73.8
2278.5 74.2
2279.5 56.8
2280.5 181.6
2281.5 93.2
2282.5 94
2283.5 117
2284.5 94.4
2285.5 67.4
2286.5 117.2
2287.5 181.8
2288.5 132
2289.5 75.4
2290.5 96.2
2291.5 54.2
2292.5 124.4
2293.5 107.6
2294.5 61.2
2295.5 114.6
2296.5 132
2297.5 122.6
2298.5 138.6
2299.5 77.8
2300.5 148
2301.5 142.6
2302.5 176
2303.5 134.8
2304.5 81.4
2305.5 134
2306.5 97.4
2307.5 103.2
2308.5 99.8
2309.5 94.6
2310.5 105
2311.5 44.6
2312.5 94.4
2313.5 140.2
2314.5 113.6
2315.5 117.6
2316.5 119
2317.5 74
2318.5 65.2
2319.5 88.4
2320.5 122.6
2321.5 290.2
2322.5 391.6
2323.5 582.4
2324.5 680.4
2325.5 395.6
2326.5 169.6
2327.5 129.6
2328.5 111.6
2329.5 57.2
2330.5 59.4
2331.5 115.8
2332.5 82.6
2333.5 89.8
2334.5 72
2335.5 121
2336.5 102.6
2337.5 82.8
2338.5 119.8
2339.5 112
2340.5 139.6
2341.5 81
2342.5 117.6
2343.5 72.8
2344.5 81.4
2345.5 123.4
2346.5 200.4
2347.5 289.8
2348.5 327.2
2349.5 392
2350.5 309.2
2351.5 241.8
2352.5 265.8
2353.5 167.2
2354.5 105
2355.5 98.8
2356.5 45
2357.5 58.6
2358.5 87.4
2359.5 111.8
2360.5 124
2361.5 68.6
2362.5 94.8
2363.5 80.8
2364.5 71.2
2365.5 108.4
2366.5 3.20001
2367.5 117.4
2368.5 32
2369.5 60
2370.5 45.6
2371.5 110.6
2372.5 100.6
2373.5 93.4
2374.5 84.2
2375.5 95.2
2376.5 70
2377.5 67.6
2378.5 62
2379.5 132.6
2380.5 114.6
2381.5 96.4
2382.5 108.2
2383.5 83.6
2384.5 48.8
2385.5 101
2386.5 74.8
2387.5 87
2388.5 79.6
2389.5 79.6
2390.5 58
2391.5 78.2
2392.5 16.6
2393.5 79
2394.5 101
2395.5 103.8
2396.5 58.2
2397.5 52
2398.5 -29.4
2399.5 41.6
2400.5 55.8
2401.5 69.6
2402.5 16.8
2403.5 55.2
2404.5 50.8
2405.5 102
2406.5 86.8
2407.5 76.4
2408.5 -4.19999
2409.5 80
2410.5 83.8
2411.5 101
2412.5 102.6
2413.5 35.2
2414.5 54.4
2415.5 76
2416.5 36.8
2417.5 71
2418.5 38
2419.5 108.8
2420.5 128.6
2421.5 81.4
2422.5 47.4
2423.5 82.8
2424.5 162.4
2425.5 174.6
2426.5 289.6
2427.5 577.8
2428.5 1071.8
2429.5 1981.6
2430.5 3118.4
2431.5 2998
2432.5 1804.2
2433.5 712
2434.5 246.8
2435.5 96.8
2436.5 90
2437.5 28.2
2438.5 59.4
2439.5 63.8
2440.5 56.4
2441.5 71.2
2442.5 54.8
2443.5 44.2
2444.5 60.8
2445.5 21.8
2446.5 78
2447.5 54.4
2448.5 15.2
2449.5 74.2
2450.5 44.4
2451.5 83.4
2452.5 86.2
2453.5 63
2454.5 43.4
2455.5 91.8
2456.5 91
2457.5 118.2
2458.5 135.8
2459.5 112.8
2460.5 104
2461.5 69.4
2462.5 123.4
2463.5 41
2464.5 62.2
2465.5 89.8
2466.5 30.8
2467.5 89.8
2468.5 63
2469.5 112.8
2470.5 63.4
2471.5 70.8
2472.5 84.2
2473.5 63.8
2474.5 7.20001
2475.5 65
2476.5 49
2477.5 31.4
2478.5 59.8
2479.5 42.6
2480.5 57.6
2481.5 51
2482.5 53.6
2483.5 93
2484.5 83.8
2485.5 115.6
2486.5 33.2
2487.5 101
2488.5 112.8
2489.5 52.2
2490.5 70
2491.5 37
2492.5 67.4
2493.5 85.6
2494.5 87.2
2495.5 41.4
2496.5 102.4
2497.5 58.8
2498.5 80.2
2499.5 90.6
2500.5 140.6
2501.5 174.8
2502.5 282.8
2503.5 250.6
2504.5 314.8
2505.5 206
2506.5 107.4
2507.5 103.4
2508.5 70.4
2509.5 100.6
2510.5 132
2511.5 81.2
2512.5 65.6
2513.5 41.8
2514.5 65.2
2515.5 120.8
2516.5 63.4
2517.5 220.6
2518.5 237
2519.5 294
2520.5 266.4
2521.5 55.4
2522.5 87.6
2523.5 58.6
2524.5 62.2
2525.5 93.4
2526.5 21.2
2527.5 70.8
2528.5 24.4
2529.5 43
2530.5 127.6
2531.5 2.40001
2532.5 37.8
2533.5 65.4
2534.5 87.2
2535.5 90.2
2536.5 43.8
2537.5 95
2538.5 75.6
2539.5 24
2540.5 99.2
2541.5 88.4
2542.5 127.4
2543.5 60.6
2544.5 60.8
2545.5 153
2546.5 191
2547.5 137.8
2548.5 157.4
2549.5 134.2
2550.5 39.6
2551.5 107.8
2552.5 54.4
2553.5 35.2
2554.5 60.2
2555.5 62.6
2556.5 113.2
2557.5 23.6
2558.5 73.6
2559.5 89
2560.5 99.2
2561.5 37.2
2562.5 81.6
2563.5 72.6
2564.5 78.6
2565.5 73
2566.5 70.2
2567.5 84.4
2568.5 48.6
2569.5 76.8
2570.5 92.2
2571.5 35.6
2572.5 132.8
2573.5 94.2
2574.5 54.6
2575.5 58
2576.5 26
2577.5 31.2
2578.5 90.8
2579.5 86
2580.5 118.6
2581.5 122.4
2582.5 101.4
2583.5 93.8
2584.5 103
2585.5 56.2
2586.5 110
2587.5 113.8
2588.5 -3.59999
2589.5 78.8
2590.5 -0.399995
2591.5 73.6
2592.5 59.4
2593.5 76.6
2594.5 44.6
2595.5 83.4
2596.5 60.4
2597.5 57.2
2598.5 80.2
2599.5 71.2
2600.5 17.8
2601.5 64.2
2602.5 71.8
2603.5 103
2604.5 27.8
2605.5 26.6
2606.5 30.4
2607.5 82.2
2608.5 61
2609.5 17.4
2610.5 24.6
2611.5 74.8
2612.5 109.8
2613.5 90.4
2614.5 51.2
2615.5 64.2
2616.5 81.2
2617.5 61.2
2618.5 81.4
2619.5 87
2620.5 68.8
2621.5 125.4
2622.5 119.4
2623.5 95
2624.5 77.6
2625.5 106.8
2626.5 109.4
2627.5 137.2
2628.5 122.8
2629.5 127.6
2630.5 71
2631.5 100.8
2632.5 33.4
2633.5 105.8
2634.5 131
2635.5 204
2636.5 145.8
2637.5 105.2
2638.5 76.6
2639.5 82.2
2640.5 47.6
2641.5 83.8
2642.5 82
2643.5 121
2644.5 129.4
2645.5 87.2
2646.5 51.2
2647.5 68.6
2648.5 86.2
2649.5 90
2650.5 31.6
2651.5 65
2652.5 85.2
2653.5 98.2
2654.5 46.8
2655.5 60.6
2656.5 66.6
2657.5 100.8
2658.5 97.2
2659.5 99.6
2660.5 60.2
2661.5 57.8
2662.5 73.6
2663.5 99
2664.5 41.6
2665.5 38.4
2666.5 120.4
2667.5 4.40001
2668.5 80.4
2669.5 44.8
2670.5 82
2671.5 19
2672.5 81.2
2673.5 70.2
2674.5 107
2675.5 74.6
2676.5 115.8
2677.5 61.2
2678.5 59
2679.5 71.6
2680.5 63.4
2681.5 82.8
2682.5 102.2
2683.5 127.8
2684.5 27.6
2685.5 99.8
2686.5 54
2687.5 103.2
2688.5 68.4
2689.5 119.6
2690.5 3.00001
2691.5 53.8
2692.5 74.8
2693.5 59
2694.5 94.2
2695.5 59
2696.5 90.8
2697.5 87
2698.5 31.6
2699.5 78.4
2700.5 89.4
2701.5 75.6
2702.5 79
2703.5 69.2
2704.5 72.6
2705.5 47.6
2706.5 54.6
2707.5 125.4
2708.5 66.4
2709.5 94.4
2710.5 65.8
2711.5 100.8
2712.5 119.6
2713.5 95
2714.5 79.2
2715.5 98.6
2716.5 86.6
2717.5 62.6
2718.5 98.4
2719.5 61.6
2720.5 51.2
2721.5 98.8
2722.5 132.8
2723.5 64.6
2724.5 98.6
2725.5 81.4
2726.5 56.4
2727.5 101.8
2728.5 108.4
2729.5 78.2
2730.5 57.6
2731.5 74.6
2732.5 55
2733.5 42.8
2734.5 81.4
2735.5 111
2736.5 71.2
2737.5 50.2
2738.5 79.4
2739.5 84.6
2740.5 69.2
2741.5 90.6
2742.5 94.8
2743.5 101.6
2744.5 69.8
2745.5 131
2746.5 77.2
2747.5 138.2
2748.5 95
2749.5 98.4
2750.5 58
2751.5 85.4
2752.5 100.4
2753.5 106.6
2754.5 94
2755.5 123
2756.5 63
2757.5 71.8
2758.5 75.6
2759.5 39
2760.5 94.4
2761.5 130.6
2762.5 57.8
2763.5 80.8
2764.5 102
2765.5 79.8
2766.5 99.8
2767.5 81.2
2768.5 82
2769.5 80.2
2770.5 116
2771.5 94.8
2772.5 108.2
2773.5 93.2
2774.5 42
2775.5 123.8
2776.5 56.8
2777.5 85.6
2778.5 106.4
2779.5 71.2
2780.5 145.2
2781.5 92.4
2782.5 112.8
2783.5 114.8
2784.5 178.2
2785.5 175.8
2786.5 121.8
2787.5 78.6
2788.5 94.4
2789.5 78.8
2790.5 57
2791.5 138.6
2792.5 87.2
2793.5 106.8
2794.5 86.6
2795.5 76.2
2796.5 74
2797.5 8.00001
2798.5 89.8
2799.5 85
2800.5 87
2801.5 74.8
2802.5 84.2
2803.5 59.2
2804.5 64.2
2805.5 99
2806.5 66.6
2807.5 123.4
2808.5 47.4
2809.5 84.4
2810.5 59.4
2811.5 43.8
2812.5 70.8
2813.5 58
2814.5 46.8
2815.5 95.6
2816.5 9.40001
2817.5 70.8
2818.5 80.4
2819.5 59
2820.5 109.2
2821.5 61.6
2822.5 50.8
2823.5 97
2824.5 149
2825.5 68.8
2826.5 106
2827.5 110.2
2828.5 42.2
2829.5 78.6
2830.5 89.2
2831.5 125.2
2832.5 23.4
2833.5 43
2834.5 80.6
2835.5 64.6
2836.5 47.2
2837.5 48.4
2838.5 34.2
2839.5 72.6
2840.5 59.8
2841.5 80.4
2842.5 43.2
2843.5 74.4
2844.5 49.2
2845.5 -27.4
2846.5 2.60001
2847.5 -24.4
2848.5 18.4
2849.5 22.4
2850.5 59
2851.5 33
2852.5 104
2853.5 40.8
2854.5 87
2855.5 70.8
2856.5 40.4
2857.5 15.6
2858.5 102.2
2859.5 39
2860.5 79.4
2861.5 67.8
2862.5 130.8
2863.5 106.2
2864.5 109.4
2865.5 48.2
2866.5 68.2
2867.5 62
2868.5 66.2
2869.5 68.4
2870.5 102.6
2871.5 74.2
2872.5 68.6
2873.5 92
2874.5 41.4
2875.5 80.4
2876.5 41.2
2877.5 73.4
2878.5 67.4
2879.5 51.6
2880.5 29
2881.5 75.6
2882.5 57.8
2883.5 55.6
2884.5 56
2885.5 8
2886.5 17.6
2887.5 31.4
2888.5 91
2889.5 54
2890.5 98.2
2891.5 46.6
2892.5 67.6
2893.5 77.2
2894.5 40.2
2895.5 25.8
2896.5 88
2897.5 39.4
2898.5 101.2
2899.5 72.8
2900.5 38.8
2901.5 83.4
2902.5 81.4
2903.5 96.2
2904.5 55.6
2905.5 46.6
2906.5 0.800004
2907.5 35.8
2908.5 75.8
2909.5 95.6
2910.5 68.8
2911.5 79
2912.5 44.8
2913.5 93.8
2914.5 87.6
2915.5 83.8
2916.5 66.2
2917.5 40
2918.5 90.8
2919.5 80.2
2920.5 59.8
2921.5 90.4
2922.5 51.4
2923.5 59.6
2924.5 42.4
2925.5 12.2
2926.5 29.4
2927.5 9
2928.5 -4.39999
2929.5 47.8
2930.5 3.6
2931.5 46.8
2932.5 30.6
2933.5 88.8
2934.5 28.6
2935.5 77
2936.5 79.6
2937.5 65.4
2938.5 60.2
2939.5 26.2
2940.5 59.8
2941.5 66.2
2942.5 62.2
2943.5 48.2
2944.5 57.4
2945.5 55
2946.5 121.6
2947.5 113
2948.5 54.4
2949.5 93.4
2950.5 70.4
2951.5 51.2
2952.5 59
2953.5 59.6
2954.5 82
2955.5 65.6
2956.5 55.2
2957.5 48.8
2958.5 66.2
2959.5 27.6
2960.5 72.4
2961.5 22
2962.5 116.6
2963.5 64
2964.5 67.6
2965.5 53.8
2966.5 85.4
2967.5 38.2
2968.5 87.8
2969.5 70.4
2970.5 70.6
2971.5 20
2972.5 81.2
2973.5 1
2974.5 65
2975.5 75.6
2976.5 51.2
2977.5 26
2978.5 55.4
2979.5 103.6
2980.5 45
2981.5 95.6
2982.5 37.6
2983.5 19.2
2984.5 -12.4
2985.5 70.4
2986.5 48.8
2987.5 54.4
2988.5 73.8
2989.5 79.8
2990.5 86.6
2991.5 70.6
2992.5 56.2
2993.5 41.6
2994.5 81
2995.5 58.8
2996.5 95.2
2997.5 39
2998.5 150.2
2999.5 153.4
3000.5 233
3001.5 272.4
3002.5 167.6
3003.5 128
3004.5 135
3005.5 136.8
3006.5 59.2
3007.5 70.8
3008.5 98
3009.5 131.4
3010.5 279.4
3011.5 658.2
3012.5 1276.4
3013.5 2193.2
3014.5 2981
3015.5 2599.8
3016.5 1351.2
3017.5 499.6
3018.5 203.4
3019.5 102.6
3020.5 43.6
3021.5 39.8
3022.5 76.8
3023.5 59
3024.5 18
3025.5 20
3026.5 60.4
3027.5 80
3028.5 48.4
3029.5 88.2
3030.5 45.4
3031.5 74.8
3032.5 39.6
3033.5 69.8
3034.5 19.6
3035.5 18.6
3036.5 37.2
3037.5 68.2
3038.5 56.4
3039.5 7.80001
3040.5 13.4
3041.5 21.8
3042.5 41.6
3043.5 63.6
3044.5 31.2
3045.5 12
3046.5 32.8
3047.5 71.2
3048.5 68
3049.5 12.4
3050.5 50.2
3051.5 67.2
3052.5 97.2
3053.5 30.8
3054.5 34.6
3055.5 49.2
3056.5 90.6
3057.5 13.8
3058.5 48
3059.5 20.4
3060.5 9.6
3061.5 15.4
3062.5 52.4
3063.5 30.4
3064.5 112.6
3065.5 48.2
3066.5 77.4
3067.5 65.2
3068.5 99.8
3069.5 113.6
3070.5 93.2
3071.5 81.6
3072.5 92.4
3073.5 60.6
3074.5 58.4
3075.5 96
3076.5 76.2
3077.5 35
3078.5 81.4
3079.5 9.2
3080.5 88
3081.5 48.2
3082.5 41
3083.5 0.400004
3084.5 34.4
3085.5 63.4
3086.5 24
3087.5 69.2
3088.5 9.8
3089.5 44.6
3090.5 85.2
3091.5 45.8
3092.5 35.6
3093.5 38
3094.5 46.2
3095.5 46.6
3096.5 86
3097.5 51.6
3098.5 56.6
3099.5 75.8
3100.5 84.4
3101.5 34.6
3102.5 83.6
3103.5 11.8
3104.5 57
3105.5 39.6
3106.5 32.8
3107.5 107.4
3108.5 29
3109.5 70.8
3110.5 55.2
3111.5 119.8
3112.5 63.8
3113.5 111.4
3114.5 115
3115.5 63
3116.5 48.2
3117.5 64.6
3118.5 46.2
3119.5 39
3120.5 71.4
3121.5 69
3122.5 18
3123.5 46.4
3124.5 64.4
3125.5 51.8
3126.5 24.6
3127.5 57
3128.5 58.6
3129.5 55.4
3130.5 58.8
3131.5 39.4
3132.5 72.8
3133.5 38.4
3134.5 93.4
3135.5 36.4
3136.5 60
3137.5 47
3138.5 77.6
3139.5 77.2
3140.5 44.8
3141.5 87.6
3142.5 18.4
3143.5 92.6
3144.5 44.4
3145.5 54.2
3146.5 89
3147.5 75.6
3148.5 20.2
3149.5 28.4
3150.5 71.8
3151.5 62.2
3152.5 45.2
3153.5 52.6
3154.5 41.6
3155.5 30.8
3156.5 48.2
3157.5 42
3158.5 82.2
3159.5 46.6
3160.5 32.4
3161.5 71.2
3162.5 45.2
3163.5 37.2
3164.5 38.6
3165.5 39.4
3166.5 75.2
3167.5 40
3168.5 39.8
3169.5 79.2
3170.5 31
3171.5 83
3172.5 25.2
3173.5 21
3174.5 55.6
3175.5 52
3176.5 96.6
3177.5 57.2
3178.5 31.8
3179.5 34.8
3180.5 81
3181.5 39.6
3182.5 73.6
3183.5 41.4
3184.5 52.6
3185.5 32.8
3186.5 44.8
3187.5 83.4
3188.5 21.8
3189.5 46.8
3190.5 55.6
3191.5 41.6
3192.5 62.8
3193.5 58
3194.5 75.2
3195.5 47
3196.5 55
3197.5 25.4
3198.5 34.8
3199.5 50
3200.5 7.60001
3201.5 90
3202.5 87.4
3203.5 56.8
3204.5 72.8
3205.5 64.2
3206.5 44.6
3207.5 56.4
3208.5 51.2
3209.5 34.4
3210.5 17.6
3211.5 61.4
3212.5 65.4
3213.5 87
3214.5 60.4
3215.5 58
3216.5 67.8
3217.5 76.4
3218.5 10.8
3219.5 58
3220.5 45
3221.5 53.6
3222.5 50.8
3223.5 17.2
3224.5 54.4
3225.5 50.2
3226.5 35
3227.5 86.2
3228.5 74.8
3229.5 27.4
3230.5 86.2
3231.5 63
3232.5 110
3233.5 67
3234.5 -3.19999
3235.5 26.6
3236.5 30.6
3237.5 46.6
3238.5 110.6
3239.5 85
3240.5 107.2
3241.5 33.8
3242.5 84.4
3243.5 55.2
3244.5 73.2
3245.5 61
3246.5 34.2
3247.5 27.4
3248.5 75.2
3249.5 53
3250.5 62.2
3251.5 31.8
3252.5 84.4
3253.5 68.6
3254.5 11
3255.5 37.8
3256.5 35.8
3257.5 27.8
3258.5 46
3259.5 43
3260.5 62.8
3261.5 81.2
3262.5 36.6
3263.5 44.6
3264.5 60.8
3265.5 102.6
3266.5 28.8
3267.5 59.8
3268.5 34.8
3269.5 52.8
3270.5 36.6
3271.5 49.8
3272.5 100.6
3273.5 91.2
3274.5 75
3275.5 73.8
3276.5 102.6
3277.5 91.8
3278.5 23.6
3279.5 61
3280.5 55
3281.5 20.4
3282.5 13.8
3283.5 14
3284.5 11
3285.5 45.2
3286.5 34.2
3287.5 37.2
3288.5 89.4
3289.5 70.8
3290.5 104
3291.5 69.8
3292.5 108.4
3293.5 92
3294.5 56
3295.5 66.8
3296.5 46
3297.5 57.2
3298.5 64.6
3299.5 40.2
3300.5 73
3301.5 100.6
3302.5 37.6
3303.5 65
3304.5 75.4
3305.5 68.8
3306.5 19.6
3307.5 75.6
3308.5 22
3309.5 -6.4
3310.5 25.8
3311.5 -26
3312.5 99.2
3313.5 37.2
3314.5 61.6
3315.5 24.6
3316.5 41.8
3317.5 75.4
3318.5 58.4
3319.5 61.8
3320.5 76.8
3321.5 142
3322.5 42.2
3323.5 89
3324.5 41.2
3325.5 62.6
3326.5 49.4
3327.5 26.8
3328.5 46
3329.5 1
3330.5 30.8
3331.5 34.4
3332.5 56.6
3333.5 72
3334.5 42
3335.5 47
3336.5 14
3337.5 59.4
3338.5 16.2
3339.5 17.8
3340.5 41.2
3341.5 74
3342.5 30.2
3343.5 73
3344.5 53.4
3345.5 51.8
3346.5 35.4
3347.5 82.4
3348.5 70.2
3349.5 90.8
3350.5 124.6
3351.5 71.6
3352.5 104.4
3353.5 109.6
3354.5 40.4
3355.5 83
3356.5 67.2
3357.5 76.2
3358.5 70.4
3359.5 35.2
3360.5 54.4
3361.5 59.4
3362.5 36.4
3363.5 66.2
3364.5 45.2
3365.5 95.4
3366.5 66.4
3367.5 44.4
3368.5 32.8
3369.5 11.8
3370.5 66.4
3371.5 81.4
3372.5 23.2
3373.5 84.8
3374.5 47.6
3375.5 73.8
3376.5 44.8
3377.5 66
3378.5 91.8
3379.5 111.2
3380.5 59.2
3381.5 111.8
3382.5 70.4
3383.5 129.6
3384.5 76
3385.5 8.6
3386.5 55.4
3387.5 46.4
3388.5 25.6
3389.5 102.2
3390.5 37.2
3391.5 33.6
3392.5 55
3393.5 98
3394.5 89
3395.5 69.6
3396.5 23.2
3397.5 77.4
3398.5 22.4
3399.5 47.4
3400.5 22.4
3401.5 -0.999997
3402.5 49.4
3403.5 28
3404.5 8
3405.5 33.6
3406.5 31
3407.5 56
3408.5 68.8
3409.5 55.8
3410.5 56.8
3411.5 58.8
3412.5 74.2
3413.5 37.2
3414.5 53.8
3415.5 27.2
3416.5 55.6
3417.5 69.8
3418.5 50.2
3419.5 31.6
3420.5 25.4
3421.5 75.4
3422.5 91.8
3423.5 66.2
3424.5 52.4
3425.5 37.4
3426.5 115.4
3427.5 118.4
3428.5 71.6
3429.5 107.6
3430.5 59
3431.5 62.6
3432.5 63.6
3433.5 95
3434.5 72.8
3435.5 110.8
3436.5 69
3437.5 37.4
3438.5 35.2
3439.5 55
3440.5 79.2
3441.5 47.4
3442.5 18.8
3443.5 8.2
3444.5 45.2
3445.5 40.8
3446.5 36.4
3447.5 75.6
3448.5 36.4
3449.5 96.4
3450.5 34.6
3451.5 30
3452.5 47.4
3453.5 41.4
3454.5 29.4
3455.5 29.8
3456.5 85.4
3457.5 65.6
3458.5 77.6
3459.5 78.6
3460.5 58.6
3461.5 98
3462.5 106.6
3463.5 72.8
3464.5 50.6
3465.5 74
3466.5 49.8
3467.5 76
3468.5 54.2
3469.5 46
3470.5 -11.8
3471.5 54.4
3472.5 4
3473.5 22.4
3474.5 49.2
3475.5 27
3476.5 48.8
3477.5 60.2
3478.5 37
3479.5 56.2
3480.5 37.6
3481.5 56
3482.5 61.4
3483.5 60
3484.5 68
3485.5 97.2
3486.5 75
3487.5 46
3488.5 13.4
3489.5 69.8
3490.5 48
3491.5 60
3492.5 74
3493.5 77.2
3494.5 18
3495.5 72.2
3496.5 80.2
3497.5 85
3498.5 36
3499.5 11.4
3500.5 21.2
3501.5 44.6
3502.5 58.2
3503.5 88.4
3504.5 64
3505.5 52.4
3506.5 78.6
3507.5 69
3508.5 51
3509.5 45.4
3510.5 49.2
3511.5 48.2
3512.5 7.8
3513.5 42.8
3514.5 44
3515.5 36.6
3516.5 43.6
3517.5 15
3518.5 86.4
3519.5 66.8
3520.5 6.6
3521.5 70.4
3522.5 53.4
3523.5 21.4
3524.5 60.2
3525.5 88.8
3526.5 33.4
3527.5 70.4
3528.5 96.2
3529.5 51.2
3530.5 81
3531.5 135
3532.5 197.6
3533.5 392.4
3534.5 537.8
3535.5 476.2
3536.5 294.6
3537.5 172.4
3538.5 46.4
3539.5 64.2
3540.5 56.6
3541.5 86.6
3542.5 56.4
3543.5 109.2
3544.5 63
3545.5 71.2
3546.5 44.8
3547.5 81.2
3548.5 46.4
3549.5 75.4
3550.5 88.2
3551.5 41.8
3552.5 81.8
3553.5 27.6
3554.5 53.4
3555.5 35.2
3556.5 31
3557.5 52.4
3558.5 91.8
3559.5 56.4
3560.5 63
3561.5 74
3562.5 103.6
3563.5 81.4
3564.5 93.4
3565.5 68.8
3566.5 57.6
3567.5 82.6
3568.5 72.8
3569.5 77.6
3570.5 63.8
3571.5 43.6
3572.5 48.2
3573.5 43.2
3574.5 66.6
3575.5 52.4
3576.5 118
3577.5 134.2
3578.5 156
3579.5 174.4
3580.5 162.6
3581.5 161.6
3582.5 93.4
3583.5 162
3584.5 161.6
3585.5 126.2
3586.5 149
3587.5 96.2
3588.5 59.8
3589.5 66.4
3590.5 91.4
3591.5 96
3592.5 57.8
3593.5 91.2
3594.5 61.4
3595.5 54.2
3596.5 99.4
3597.5 54.2
3598.5 76
3599.5 71
3600.5 110.4
3601.5 44.8
3602.5 62.2
3603.5 42.2
3604.5 72.2
3605.5 70.4
3606.5 51
3607.5 69.6
3608.5 123
3609.5 225.8
3610.5 186.6
3611.5 182.8
3612.5 79.6
3613.5 103
3614.5 123.6
3615.5 92
3616.5 155
3617.5 67.6
3618.5 111.6
3619.5 43.2
3620.5 117.6
3621.5 109.8
3622.5 71.6
3623.5 102.4
3624.5 124
3625.5 76.4
3626.5 44.8
3627.5 51.6
3628.5 51.2
3629.5 71.8
3630.5 58.4
3631.5 78.8
3632.5 54.2
3633.5 12.6
3634.5 66.2
3635.5 67.6
3636.5 70
3637.5 47.6
3638.5 89.4
3639.5 68.2
3640.5 95.4
3641.5 52
3642.5 71
3643.5 81.4
3644.5 92
3645.5 80.8
3646.5 106
3647.5 157.8
3648.5 135.2
3649.5 137.4
3650.5 123.6
3651.5 108
3652.5 97.4
3653.5 82.2
3654.5 45.6
3655.5 57.4
3656.5 34.2
3657.5 72.4
3658.5 78.4
3659.5 104.6
3660.5 78.4
3661.5 -16.8
3662.5 103.8
3663.5 66
3664.5 47.6
3665.5 90.2
3666.5 79.6
3667.5 102.4
3668.5 56.6
3669.5 60.4
3670.5 81
3671.5 96.6
3672.5 29.4
3673.5 52.4
3674.5 26.8
3675.5 75.4
3676.5 23.8
3677.5 47.2
3678.5 76.4
3679.5 52.8
3680.5 65.2
3681.5 98.8
3682.5 30.8
3683.5 82.8
3684.5 66.6
3685.5 78
3686.5 56.4
3687.5 60.4
3688.5 48.4
3689.5 97.6
3690.5 79.6
3691.5 61
3692.5 41.4
3693.5 43
3694.5 70.6
3695.5 76.8
3696.5 35
3697.5 84.2
3698.5 56.8
3699.5 77.6
3700.5 82
3701.5 58.6
3702.5 43.6
3703.5 53
3704.5 106
3705.5 31.4
3706.5 29.6
3707.5 83.2
3708.5 25.6
3709.5 60.8
3710.5 77.2
3711.5 52
3712.5 94
3713.5 72.8
3714.5 66.2
3715.5 102.8
3716.5 36.2
3717.5 58.2
3718.5 88
3719.5 17.8
3720.5 7
3721.5 63
3722.5 97.8
3723.5 79.4
3724.5 55.8
3725.5 125.6
3726.5 81.8
3727.5 77.2
3728.5 65.8
3729.5 77.8
3730.5 70.4
3731.5 70.4
3732.5 5.2
3733.5 69.6
3734.5 91.2
3735.5 68.4
3736.5 80.8
3737.5 64
3738.5 47.2
3739.5 46.8
3740.5 75
3741.5 72.2
3742.5 60.2
3743.5 106.4
3744.5 18.6
3745.5 91.6
3746.5 85.8
3747.5 98
3748.5 71.8
3749.5 119.6
3750.5 53.2
3751.5 64.4
3752.5 35.8
3753.5 31.2
3754.5 67.6
3755.5 59.4
3756.5 81.4
3757.5 37.4
3758.5 70.6
3759.5 58.8
3760.5 65.4
3761.5 112.4
3762.5 76
3763.5 97.4
3764.5 73.2
3765.5 69.8
3766.5 71.6
3767.5 56.8
3768.5 86.4
3769.5 81.2
3770.5 84.8
3771.5 89.2
3772.5 93.8
3773.5 94.4
3774.5 63.4
3775.5 76.4
3776.5 31.4
3777.5 67
3778.5 95
3779.5 69
3780.5 39.4
3781.5 62
3782.5 102
3783.5 69
3784.5 38
3785.5 57.8
3786.5 48.4
3787.5 79
3788.5 60.6
3789.5 81.2
3790.5 44.8
3791.5 64.6
3792.5 53.4
3793.5 65.2
3794.5 61.6
3795.5 120.8
3796.5 80.6
3797.5 79.8
3798.5 68
3799.5 98.4
3800.5 111
3801.5 91.6
3802.5 50.6
3803.5 75.8
3804.5 124.6
3805.5 65.4
3806.5 105.6
3807.5 151.8
3808.5 124
3809.5 114.2
3810.5 100.8
3811.5 111.8
3812.5 99.8
3813.5 88
3814.5 62.8
3815.5 48
3816.5 56.4
3817.5 59.4
3818.5 95.2
3819.5 89.6
3820.5 62.6
3821.5 80.2
3822.5 77.2
3823.5 105.8
3824.5 63.6
3825.5 102.6
3826.5 21.6
3827.5 43.2
3828.5 69.4
3829.5 91.2
3830.5 59.8
3831.5 96
3832.5 76.6
3833.5 74.8
3834.5 86
3835.5 94.6
3836.5 64
3837.5 76.2
3838.5 79.2
3839.5 77.8
3840.5 62.6
3841.5 52.6
3842.5 70.8
3843.5 95.4
3844.5 73.2
3845.5 96.8
3846.5 111.4
3847.5 109.8
3848.5 110.6
3849.5 75.4
3850.5 86.2
3851.5 50.6
3852.5 83.6
3853.5 92.2
3854.5 58.8
3855.5 84.8
3856.5 88
3857.5 52.8
3858.5 108
3859.5 89.4
3860.5 92.4
3861.5 88.4
3862.5 73.6
3863.5 52.6
3864.5 53
3865.5 49.8
3866.5 54.8
3867.5 95
3868.5 61.6
3869.5 101
3870.5 106.8
3871.5 83
3872.5 138.6
3873.5 158.6
3874.5 175.8
3875.5 239.4
3876.5 193.4
3877.5 155.8
3878.5 86.2
3879.5 77.4
3880.5 57.8
3881.5 74.4
3882.5 91.6
3883.5 97.4
3884.5 24.8
3885.5 77.2
3886.5 64
3887.5 74.2
3888.5 110.2
3889.5 174.4
3890.5 242.6
3891.5 347.2
3892.5 327.6
3893.5 316
3894.5 249
3895.5 197.2
3896.5 139.8
3897.5 112.8
3898.5 101
3899.5 50.4
3900.5 76.6
3901.5 79
3902.5 34.8
3903.5 78.8
3904.5 104.6
3905.5 60.2
3906.5 92
3907.5 89.6
3908.5 51.8
3909.5 60.6
3910.5 103.8
3911.5 67.4
3912.5 32.8
3913.5 74
3914.5 73.8
3915.5 64.6
3916.5 88
3917.5 25.8
3918.5 55.6
3919.5 63.2
3920.5 41.8
3921.5 72.6
3922.5 88.4
3923.5 52.6
3924.5 48.6
3925.5 64.4
3926.5 63.4
3927.5 93
3928.5 45.8
3929.5 72
3930.5 64.6
3931.5 42.2
3932.5 73.6
3933.5 71.2
3934.5 68.2
3935.5 73.4
3936.5 77.8
3937.5 59
3938.5 90.4
3939.5 89.4
3940.5 116
3941.5 115.8
3942.5 112.4
3943.5 95.6
3944.5 91.2
3945.5 154
3946.5 103.8
3947.5 139.8
3948.5 120.6
3949.5 63.6
3950.5 57.2
3951.5 93.8
3952.5 39.2
3953.5 56
3954.5 66.4
3955.5 28.2
3956.5 30.8
3957.5 14.2
3958.5 67.4
3959.5 39.8
3960.5 75.8
3961.5 45.6
3962.5 68.8
3963.5 55.8
3964.5 59
3965.5 25
3966.5 82.2
3967.5 104.2
3968.5 68.8
3969.5 99.6
3970.5 82.2
3971.5 117.2
3972.5 243.4
3973.5 265.6
3974.5 264.4
3975.5 183
3976.5 69
3977.5 137.6
3978.5 110.4
3979.5 60.2
3980.5 99.2
3981.5 42.6
3982.5 86.4
3983.5 84.6
3984.5 106
3985.5 74.4
3986.5 42.4
3987.5 69.4
3988.5 48.4
3989.5 71.4
3990.5 68
3991.5 50
3992.5 24.6
3993.5 58
3994.5 52.8
3995.5 73.6
3996.5 60.6
3997.5 82.2
3998.5 52
3999.5 87.2
4000.5 92.6
4001.5 102
4002.5 105.8
4003.5 91.4
4004.5 70.8
4005.5 62.2
4006.5 93.4
4007.5 71
4008.5 63.8
4009.5 100
4010.5 74.2
4011.5 70.8
4012.5 73.4
4013.5 68.6
4014.5 42.8
4015.5 73.4
4016.5 75.2
4017.5 99.8
4018.5 58.8
4019.5 55.8
4020.5 20
4021.5 35.4
4022.5 50.8
4023.5 88.2
4024.5 96.8
4025.5 42.4
4026.5 -0.399996
4027.5 74.2
4028.5 98.2
4029.5 66.4
4030.5 79.4
4031.5 65
4032.5 96.6
4033.5 37
4034.5 69.2
4035.5 70
4036.5 87.2
4037.5 97.2
4038.5 115.4
4039.5 130.2
4040.5 168.4
4041.5 339.8
4042.5 490.8
4043.5 769.2
4044.5 1042.2
4045.5 1253
4046.5 1181
4047.5 958.6
4048.5 546.2
4049.5 305.2
4050.5 186.6
4051.5 110.2
4052.5 65
4053.5 75.8
4054.5 110.6
4055.5 63.4
4056.5 75.6
4057.5 60
4058.5 79
4059.5 83.6
4060.5 95.4
4061.5 75.4
4062.5 59.8
4063.5 101
4064.5 64.8
4065.5 80.6
4066.5 64.4
4067.5 89.4
4068.5 44
4069.5 57.8
4070.5 118
4071.5 62.4
4072.5 37.6
4073.5 34.6
4074.5 80.2
4075.5 49.4
4076.5 120.4
4077.5 54.2
4078.5 90
4079.5 40.2
4080.5 72.4
4081.5 80.6
4082.5 41
4083.5 76.6
4084.5 90.8
4085.5 62.4
4086.5 57
4087.5 67
4088.5 75
4089.5 86.4
4090.5 40.8
4091.5 67.8
4092.5 65.2
4093.5 77.6
4094.5 76.2
4095.5 84.8
4096.5 80.8
4097.5 57.8
4098.5 86.4
4099.5 78.8
4100.5 52.2
4101.5 70
4102.5 99.2
4103.5 115.4
4104.5 83.8
4105.5 89.6
4106.5 92.4
4107.5 64.6
4108.5 116.8
4109.5 50.8
4110.5 66.8
4111.5 61.4
4112.5 31.2
4113.5 95.8
4114.5 76.6
4115.5 96.2
4116.5 28
4117.5 59
4118.5 81
4119.5 54.6
4120.5 88.4
4121.5 67.4
4122.5 66
4123.5 119.2
4124.5 136.4
4125.5 190
4126.5 243.4
4127.5 253.6
4128.5 275.8
4129.5 201
4130.5 78.6
4131.5 82.6
4132.5 88.4
4133.5 115.4
4134.5 58.8
4135.5 75.4
4136.5 95.4
4137.5 68.4
4138.5 92
4139.5 58.6
4140.5 120
4141.5 80.4
4142.5 103.2
4143.5 49.8
4144.5 83.6
4145.5 62
4146.5 94.2
4147.5 63.2
4148.5 89.2
4149.5 50
4150.5 63
4151.5 78
4152.5 36.6
4153.5 85
4154.5 62.4
4155.5 102
4156.5 78.2
4157.5 99.8
4158.5 74.6
4159.5 104
4160.5 128
4161.5 106.2
4162.5 104
4163.5 79.4
4164.5 82.4
4165.5 109.6
4166.5 98.4
4167.5 65.6
4168.5 112.6
4169.5 94.2
4170.5 81.4
4171.5 73
4172.5 97
4173.5 90.2
4174.5 36
4175.5 70
4176.5 97.2
4177.5 52
4178.5 96.2
4179.5 102.4
4180.5 101.8
4181.5 117.2
4182.5 45.4
4183.5 60
4184.5 76.2
4185.5 71
4186.5 110.8
4187.5 60.2
4188.5 93.4
4189.5 99
4190.5 98.2
4191.5 99
4192.5 127.4
4193.5 77
4194.5 113.8
4195.5 72
4196.5 108
4197.5 57.2
4198.5 92
4199.5 89.6
4200.5 106.8
4201.5 98.2
4202.5 63.4
4203.5 105.8
4204.5 115.6
4205.5 64.8
4206.5 57.6
4207.5 23.2
4208.5 52.4
4209.5 75.2
4210.5 30.8
4211.5 46.8
4212.5 69.2
4213.5 88.8
4214.5 70.4
4215.5 58
4216.5 82.4
4217.5 130.4
4218.5 105
4219.5 72
4220.5 131.6
4221.5 88.6
4222.5 68
4223.5 78.8
4224.5 89.8
4225.5 101.6
4226.5 104.8
4227.5 99.6
4228.5 82
4229.5 69.2
4230.5 103.2
4231.5 97.6
4232.5 78.6
4233.5 74.8
4234.5 84.2
4235.5 63.8
4236.5 108.2
4237.5 76
4238.5 101.6
4239.5 68.6
4240.5 89.6
4241.5 48.8
4242.5 98.8
4243.5 73
4244.5 104.6
4245.5 74
4246.5 92.2
4247.5 119
4248.5 83.8
4249.5 84.6
4250.5 105
4251.5 51.6
4252.5 104.6
4253.5 81.8
4254.5 105
4255.5 97.8
4256.5 126.6
4257.5 111.8
4258.5 104.8
4259.5 97.8
4260.5 121
4261.5 138.2
4262.5 56.2
4263.5 79.8
4264.5 56
4265.5 59
4266.5 56
4267.5 95.6
4268.5 81.4
4269.5 102.4
4270.5 76.2
4271.5 127
4272.5 86.4
4273.5 95.8
4274.5 96.4
4275.5 99
4276.5 107
4277.5 106.4
4278.5 125.8
4279.5 121.2
4280.5 117.8
4281.5 71
4282.5 107.4
4283.5 61.8
4284.5 109.4
4285.5 90
4286.5 81.8
4287.5 103
4288.5 97.4
4289.5 98.6
4290.5 111.6
4291.5 92
4292.5 114.6
4293.5 94.4
4294.5 131.4
4295.5 103.4
4296.5 96.6
4297.5 117.4
4298.5 144.6
4299.5 115.2
4300.5 37
4301.5 118.6
4302.5 93
4303.5 128.8
4304.5 102.2
4305.5 139.8
4306.5 123.6
4307.5 124.8
4308.5 108.8
4309.5 83.2
4310.5 103.4
4311.5 96.6
4312.5 91.8
4313.5 125.4
4314.5 132.2
4315.5 81.8
4316.5 111.4
4317.5 91.4
4318.5 99
4319.5 84.6
4320.5 68.6
4321.5 95
4322.5 64.4
4323.5 48
4324.5 78
4325.5 85.6
4326.5 84.4
4327.5 109
4328.5 70
4329.5 78.8
4330.5 105.6
4331.5 72.6
4332.5 93.8
4333.5 99.4
4334.5 96.2
4335.5 68.4
4336.5 52.4
4337.5 95.4
4338.5 72.4
4339.5 66.8
4340.5 114.2
4341.5 103.8
4342.5 68.6
4343.5 97.6
4344.5 84.6
4345.5 82.8
4346.5 84.8
4347.5 91.8
4348.5 65.2
4349.5 88.4
4350.5 92.4
4351.5 77.6
4352.5 72.4
4353.5 82.4
4354.5 79.6
4355.5 100
4356.5 44.4
4357.5 86.6
4358.5 90.4
4359.5 64.4
4360.5 103.6
4361.5 70.8
4362.5 101.2
4363.5 77.2
4364.5 78.8
4365.5 84.4
4366.5 63
4367.5 80.6
4368.5 111.6
4369.5 96.4
4370.5 99.6
4371.5 85.8
4372.5 105.8
4373.5 86.4
4374.5 63.4
4375.5 85.6
4376.5 70
4377.5 84
4378.5 76
4379.5 67.4
4380.5 33.8
4381.5 72.4
4382.5 101.2
4383.5 54.4
4384.5 80.2
4385.5 61.2
4386.5 79
4387.5 57
4388.5 86
4389.5 103.6
4390.5 46.4
4391.5 46.2
4392.5 50.6
4393.5 75
4394.5 91.8
4395.5 109.6
4396.5 72
4397.5 83.8
4398.5 58.2
4399.5 91.4
4400.5 62
4401.5 47.8
4402.5 96.4
4403.5 91
4404.5 69.4
4405.5 64.4
4406.5 36
4407.5 23
4408.5 54.6
4409.5 100
4410.5 48.8
4411.5 66.2
4412.5 56
4413.5 96
4414.5 82.6
4415.5 71.6
4416.5 58.2
4417.5 70.8
4418.5 82.6
4419.5 86.2
4420.5 80.2
4421.5 66.8
4422.5 72.2
4423.5 74.2
4424.5 86.4
4425.5 84
4426.5 98
4427.5 99.4
4428.5 62.4
4429.5 79.2
4430.5 60.4
4431.5 57.4
4432.5 27.8
4433.5 41.4
4434.5 25.4
4435.5 49.4
4436.5 52.4
4437.5 50.2
4438.5 58
4439.5 61.2
4440.5 38.2
4441.5 77.2
4442.5 30.6
4443.5 83
4444.5 57.6
4445.5 63
4446.5 65.4
4447.5 96
4448.5 108.6
4449.5 135.4
4450.5 153.6
4451.5 203
4452.5 196
4453.5 225.6
4454.5 254.6
4455.5 301.2
4456.5 397.6
4457.5 296.2
4458.5 242
4459.5 198.2
4460.5 135.8
4461.5 94.6
4462.5 39.6
4463.5 33.6
4464.5 94
4465.5 56.6
4466.5 59.2
4467.5 54.6
4468.5 52.4
4469.5 49.8
4470.5 31.6
4471.5 44
4472.5 39.2
4473.5 13.8
4474.5 70.8
4475.5 52.4
4476.5 46
4477.5 41.8
4478.5 29.8
4479.5 33.8
4480.5 59.6
4481.5 46.4
4482.5 16.4
4483.5 46.8
4484.5 46.6
4485.5 11.4
4486.5 39.6
4487.5 38.4
4488.5 35.2
4489.5 31.4
4490.5 44.8
4491.5 52.4
4492.5 25
4493.5 4.6
4494.5 45
4495.5 45.4
4496.5 -11
4497.5 -0.799997
4498.5 -7.2
4499.5 -19
4500.5 20.8
4501.5 17.6
4502.5 25.8
4503.5 27.4
4504.5 20.8
4505.5 21.6
4506.5 83.6
4507.5 41.2
4508.5 44.2
4509.5 51.4
4510.5 70
4511.5 102
4512.5 80.6
4513.5 41.6
4514.5 38.2
4515.5 51.2
4516.5 42.4
4517.5 49.2
4518.5 21
4519.5 52.2
4520.5 44.8
4521.5 13.6
4522.5 26.4
4523.5 69
4524.5 33.6
4525.5 27.6
4526.5 12
4527.5 49.8
4528.5 47.2
4529.5 12
4530.5 34.8
4531.5 14.4
4532.5 65.4
4533.5 65.4
4534.5 38.6
4535.5 25
4536.5 62
4537.5 13.6
4538.5 60.2
4539.5 41
4540.5 51.4
4541.5 41.6
4542.5 20.4
4543.5 58.6
4544.5 42.8
4545.5 49.4
4546.5 16.8
4547.5 48.2
4548.5 44.8
4549.5 114
4550.5 161.8
4551.5 395.2
4552.5 815.4
4553.5 1617.4
4554.5 2696.6
4555.5 4027.4
4556.5 5143.6
4557.5 4950.6
4558.5 3452
4559.5 1885.6
4560.5 762.8
4561.5 319.2
4562.5 149
4563.5 33
4564.5 86
4565.5 59.2
4566.5 33.4
4567.5 35.4
4568.5 28.4
4569.5 -4.6
4570.5 40.2
4571.5 30.2
4572.5 -15.2
4573.5 7.6
4574.5 16.2
4575.5 -11.6
4576.5 30.4
4577.5 57
4578.5 3.4
4579.5 24.8
4580.5 20.8
4581.5 11.2
4582.5 12.8
4583.5 38.2
4584.5 2.2
4585.5 38
4586.5 -17.2
4587.5 16.8
4588.5 23
4589.5 1.6
4590.5 42.4
4591.5 7.8
4592.5 9.6
4593.5 -9.6
4594.5 -18.4
4595.5 -46
4596.5 -64.6
4597.5 -98.8
4598.5 -149.2
4599.5 -106.2
4600.5 -77.4
4601.5 -27.4
4602.5 12.2
4603.5 14.2
4604.5 16
4605.5 10.6
4606.5 29.4
4607.5 38.8
4608.5 57.6
4609.5 14.4
4610.5 23.8
4611.5 45.8
4612.5 23.4
4613.5 21
4614.5 12.2
4615.5 22.4
4616.5 11.2
4617.5 47.6
4618.5 33.2
4619.5 4.6
4620.5 3.6
4621.5 22
4622.5 30
4623.5 40
4624.5 -11.4
4625.5 60.2
4626.5 -11.4
4627.5 12.2
4628.5 35.2
4629.5 10
4630.5 9.4
4631.5 14.6
4632.5 26.2
4633.5 24
4634.5 -11.4
4635.5 -10.2
4636.5 14.4
4637.5 33.6
4638.5 9.2
4639.5 24
4640.5 0.600002
4641.5 -8.2
4642.5 -1.2
4643.5 5.2
4644.5 36.4
4645.5 57.2
4646.5 68.8
4647.5 46
4648.5 27.2
4649.5 39.8
4650.5 57.4
4651.5 37.4
4652.5 61
4653.5 -3.4
4654.5 8.6
4655.5 2
4656.5 3.8
4657.5 -2.8
4658.5 24.6
4659.5 17.8
4660.5 11.4
4661.5 2.2
4662.5 -17.8
4663.5 8.4
4664.5 36.2
4665.5 25.2
4666.5 13.2
4667.5 25
4668.5 7.6
4669.5 -17.2
4670.5 -0.399999
4671.5 29.2
4672.5 23.8
4673.5 11.4
4674.5 0.800002
4675.5 11.6
4676.5 19.6
4677.5 34.8
4678.5 18.4
4679.5 37.2
4680.5 -15.4
4681.5 -5.4
4682.5 -4
4683.5 -13
4684.5 2.6
4685.5 -9.6
4686.5 7.8
4687.5 17
4688.5 24.8
4689.5 16
4690.5 -12.2
4691.5 22.2
4692.5 -9
4693.5 15.2
4694.5 39.2
4695.5 12.8
4696.5 0.800002
4697.5 14.8
4698.5 15
4699.5 19
4700.5 4.6
4701.5 6.8
4702.5 22.8
4703.5 13.4
4704.5 -7.4
4705.5 -8.4
4706.5 2.4
4707.5 8.6
4708.5 29.8
4709.5 15
4710.5 6.8
4711.5 -9.8
4712.5 32.4
4713.5 -22.6
4714.5 49
4715.5 11.8
4716.5 -1.6
4717.5 32.2
4718.5 20.8
4719.5 32
4720.5 13.2
4721.5 35.8
4722.5 11.8
4723.5 21.2
4724.5 37.2
4725.5 -13.4
4726.5 22
4727.5 1.4
4728.5 18
4729.5 -12.8
4730.5 4.4
4731.5 27
4732.5 34.2
4733.5 52.6
4734.5 22.8
4735.5 16.6
4736.5 38
4737.5 -5
4738.5 37.4
4739.5 21.4
4740.5 18
4741.5 28.8
4742.5 6.2
4743.5 21.2
4744.5 14.6
4745.5 6.8
4746.5 -1.8
4747.5 13
4748.5 -8
4749.5 -2.8
4750.5 4
4751.5 3
4752.5 17
4753.5 25.4
4754.5 36
4755.5 25
4756.5 19.4
4757.5 23.4
4758.5 22.8
4759.5 14.8
4760.5 14.6
4761.5 22.2
4762.5 32.2
4763.5 -25.6
4764.5 0.400002
4765.5 15
4766.5 9.2
4767.5 11.4
4768.5 35.2
4769.5 23
4770.5 24.6
4771.5 16.2
4772.5 24.6
4773.5 -6.6
4774.5 38.4
4775.5 19.2
4776.5 2.8
4777.5 -10
4778.5 19
4779.5 -3.2
4780.5 45.2
4781.5 5.8
4782.5 4.2
4783.5 11.8
4784.5 1
4785.5 23.8
4786.5 9.6
4787.5 28.8
4788.5 -5.4
4789.5 18
4790.5 2
4791.5 -4.6
4792.5 12.4
4793.5 25.4
4794.5 -21.6
4795.5 -5
4796.5 27.8
4797.5 4
4798.5 30.4
4799.5 13.8
4800.5 34
4801.5 -6.8
4802.5 24
4803.5 -11.8
4804.5 20.6
4805.5 6.4
4806.5 46.6
4807.5 24.4
4808.5 -25
4809.5 8.8
4810.5 21.2
4811.5 -1.2
4812.5 39.2
4813.5 -2
4814.5 6.4
4815.5 -0.399998
4816.5 15.6
4817.5 20
4818.5 0.200002
4819.5 35
4820.5 -5.8
4821.5 1
4822.5 -2.8
4823.5 -2.2
4824.5 6.6
4825.5 30.8
4826.5 12
4827.5 16.2
4828.5 23.4
4829.5 19
4830.5 14.4
4831.5 19
4832.5 20.2
4833.5 50.2
4834.5 30.2
4835.5 4
4836.5 36.6
4837.5 33.2
4838.5 10.2
4839.5 3
4840.5 -4.2
4841.5 -18
4842.5 8.8
4843.5 6.2
4844.5 9
4845.5 24
4846.5 32.2
4847.5 -4.4
4848.5 -6.8
4849.5 28.4
4850.5 9.6
4851.5 -7.6
4852.5 3
4853.5 39.6
4854.5 -4.2
4855.5 29
4856.5 18.6
4857.5 11.4
4858.5 21.6
4859.5 34.2
4860.5 38.8
4861.5 0.800002
4862.5 0.800002
4863.5 6.2
4864.5 17.4
4865.5 18.8
4866.5 13.4
4867.5 12.2
4868.5 1
4869.5 29
4870.5 -3.8
4871.5 -4.4
4872.5 30.2
4873.5 1
4874.5 50
4875.5 17.6
4876.5 20.6
4877.5 21.8
4878.5 -1.6
4879.5 40.4
4880.5 -16
4881.5 -13.6
4882.5 15.4
4883.5 -33.2
4884.5 36.2
4885.5 -2.2
4886.5 20
4887.5 7
4888.5 9.4
4889.5 -13.8
4890.5 -5.2
4891.5 -1.6
4892.5 -1.2
4893.5 7.6
4894.5 11.2
4895.5 -12.8
4896.5 29
4897.5 1
4898.5 -5.8
4899.5 3
4900.5 24
4901.5 8
4902.5 20.2
4903.5 -3
4904.5 0.200003
4905.5 15.2
4906.5 5.8
4907.5 42
4908.5 14
4909.5 4.4
4910.5 16.8
4911.5 18.2
4912.5 -11
4913.5 -24.2
4914.5 -31.8
4915.5 7.2
4916.5 1.6
4917.5 2.4
4918.5 -28.2
4919.5 11
4920.5 19.4
4921.5 10.8
4922.5 0.800002
4923.5 5.4
4924.5 -12.8
4925.5 -0.399998
4926.5 11
4927.5 33.2
4928.5 13.2
4929.5 25.4
4930.5 20.2
4931.5 25.4
4932.5 9.4
4933.5 1
4934.5 5.8
4935.5 8.4
4936.5 32.2
4937.5 24.8
4938.5 5
4939.5 17.8
4940.5 7.8
4941.5 7.8
4942.5 29.6
4943.5 33.2
4944.5 28
4945.5 0.800002
4946.5 9
4947.5 10.8
4948.5 11
4949.5 -0.599999
4950.5 19.6
4951.5 -7.2
4952.5 6
4953.5 -0.199998
4954.5 15.8
4955.5 32.2
4956.5 74
4957.5 43.8
4958.5 81.2
4959.5 216.4
4960.5 279
4961.5 398.8
4962.5 458.8
4963.5 399.8
4964.5 326
4965.5 151
4966.5 94.6
4967.5 45.8
4968.5 22.6
4969.5 -9.4
4970.5 0.800002
4971.5 22.2
4972.5 10.2
4973.5 8.6
4974.5 -11.2
4975.5 13.8
4976.5 -15.2
4977.5 29
4978.5 -45.6
4979.5 8.2
4980.5 20.6
4981.5 16.2
4982.5 -10
4983.5 -10.2
4984.5 -6.2
4985.5 -18
4986.5 25.2
4987.5 12.6
4988.5 13
4989.5 -7
4990.5 -10.4
4991.5 -3.8
4992.5 -6
4993.5 7.8
4994.5 -5.4
4995.5 33.4
4996.5 45
4997.5 -3.4
4998.5 1.2
4999.5 21
5000.5 29.8
5001.5 15.2
5002.5 46
5003.5 18.4
5004.5 -7.2
5005.5 11.4
5006.5 31.4
5007.5 28.4
5008.5 8.6
5009.5 3.2
5010.5 6.6
5011.5 -15.8
5012.5 1.2
5013.5 -8.2
5014.5 -25.4
5015.5 -13.4
5016.5 -44.6
5017.5 -32.4
5018.5 -11.4
5019.5 -7.4
5020.5 -0.999998
5021.5 -1.4
5022.5 -6.2
5023.5 9
5024.5 11.6
5025.5 -7
5026.5 9.4
5027.5 -2
5028.5 33
5029.5 16.6
5030.5 34.4
5031.5 11.2
5032.5 26.6
5033.5 43.4
5034.5 23
5035.5 12.8
5036.5 -2
5037.5 22.6
5038.5 0.800002
5039.5 -3.6
5040.5 2.6
5041.5 13.6
5042.5 13.6
5043.5 21.4
5044.5 20.6
5045.5 1.6
5046.5 -15.8
5047.5 -20
5048.5 -25.4
5049.5 7.6
5050.5 9.4
5051.5 11
5052.5 23.2
5053.5 8
5054.5 -13.6
5055.5 -1.4
5056.5 -6.2
5057.5 -6.4
5058.5 26.2
5059.5 21.4
5060.5 12.6
5061.5 5.2
5062.5 -0.199998
5063.5 3.4
5064.5 -23.2
5065.5 -11
5066.5 19.6
5067.5 -17.6
5068.5 10.8
5069.5 14
5070.5 9.4
5071.5 -4.4
5072.5 10.4
5073.5 -9.6
5074.5 2.4
5075.5 -13.6
5076.5 1
5077.5 -0.199999
5078.5 -17.6
5079.5 -13.2
5080.5 5.6
5081.5 7.4
5082.5 2.2
5083.5 -3.8
5084.5 -2
5085.5 4.8
5086.5 20.2
5087.5 19.6
5088.5 8
5089.5 0.600002
5090.5 11.4
5091.5 14
5092.5 -21.8
5093.5 14.4
5094.5 10.8
5095.5 -11.2
5096.5 11
5097.5 18.6
5098.5 6
5099.5 5.8
5100.5 -2.6
5101.5 5.6
5102.5 -14.2
5103.5 -47
5104.5 19.4
5105.5 17.2
5106.5 -9
5107.5 2.8
5108.5 1
5109.5 5.4
5110.5 0.800002
5111.5 2.6
5112.5 15
5113.5 33.4
5114.5 29
5115.5 14
5116.5 -15.4
5117.5 19.6
5118.5 8.6
5119.5 15.8
5120.5 -8.4
5121.5 -37.4
5122.5 1
5123.5 -0.599999
5124.5 -4
5125.5 11.4
5126.5 -3.6
5127.5 -12.4
5128.5 19.8
5129.5 23
5130.5 -3.6
5131.5 2.8
5132.5 9.2
5133.5 -37.6
5134.5 24.6
5135.5 1
5136.5 -23.8
5137.5 -7.8
5138.5 -4.8
5139.5 0.600001
5140.5 -0.799999
5141.5 -7.4
5142.5 -7.2
5143.5 -1.2
5144.5 -36
5145.5 -7.4
5146.5 -8
5147.5 3.4
5148.5 1
5149.5 14.8
5150.5 -3.6
5151.5 16
5152.5 -1.4
5153.5 21.8
5154.5 13
5155.5 33
5156.5 8.2
5157.5 40.8
5158.5 36.2
5159.5 40.6
5160.5 40.6
5161.5 27.6
5162.5 41
5163.5 -7
5164.5 5.6
5165.5 22
5166.5 23.2
5167.5 36.8
5168.5 5.4
5169.5 15.4
5170.5 -23.8
5171.5 17.4
5172.5 16
5173.5 -8
5174.5 32.4
5175.5 10.2
5176.5 -24.6
5177.5 3.8
5178.5 23.8
5179.5 0.600001
5180.5 18.4
5181.5 15.4
5182.5 -10
5183.5 2.6
5184.5 -24.4
5185.5 39
5186.5 10.2
5187.5 9.4
5188.5 21.8
5189.5 27.8
5190.5 14.2
5191.5 -12.4
5192.5 -2
5193.5 -0.199998
5194.5 -4.2
5195.5 11.2
5196.5 32
5197.5 -28.4
5198.5 -25.2
5199.5 8.2
5200.5 2
5201.5 8.4
5202.5 7.6
5203.5 -43.6
5204.5 13.4
5205.5 2.6
5206.5 26.2
5207.5 -0.999998
5208.5 12.8
5209.5 1.54972e-06
5210.5 21.4
5211.5 -5.4
5212.5 26.6
5213.5 29.6
5214.5 8.2
5215.5 28.6
5216.5 -14.6
5217.5 -15.8
5218.5 9.4
5219.5 -19.6
5220.5 22.8
5221.5 -9.8
5222.5 -4.8
5223.5 10.2
5224.5 20.8
5225.5 16.8
5226.5 21.8
5227.5 7.4
5228.5 9
5229.5 -2.2
5230.5 16.2
5231.5 -0.999999
5232.5 -14
5233.5 13.6
5234.5 -3.2
5235.5 -5.4
5236.5 19.2
5237.5 -5.2
5238.5 11.2
5239.5 11.4
5240.5 14.8
5241.5 -22.6
5242.5 21.4
5243.5 -8.6
5244.5 37.6
5245.5 -24.4
5246.5 -9.6
5247.5 16.6
5248.5 20
5249.5 -2.4
5250.5 5.6
5251.5 -12.8
5252.5 -2
5253.5 1.43051e-06
5254.5 -13.8
5255.5 -24
5256.5 -0.799998
5257.5 25.8
5258.5 22.2
5259.5 -1.6
5260.5 -9.6
5261.5 5.6
5262.5 19.6
5263.5 -47.4
5264.5 -15.6
5265.5 -9.4
5266.5 8.2
5267.5 -18.2
5268.5 3
5269.5 9
5270.5 -4
5271.5 27.6
5272.5 15
5273.5 9.6
5274.5 16.6
5275.5 1.4
5276.5 5
5277.5 -10
5278.5 14.6
5279.5 6.4
5280.5 -16
5281.5 17
5282.5 17.2
5283.5 17.8
5284.5 5.8
5285.5 6.4
5286.5 0.200001
5287.5 -6.4
5288.5 6.6
5289.5 -21.4
5290.5 20.8
5291.5 38.4
5292.5 -25.6
5293.5 -12.8
5294.5 14.8
5295.5 -0.599999
5296.5 -10.8
5297.5 17.6
5298.5 19
5299.5 6.2
5300.5 -12.2
5301.5 -16.2
5302.5 -39.8
5303.5 3.2
5304.5 -15
5305.5 -12
5306.5 4
5307.5 -15.6
5308.5 11.4
5309.5 -1.4
5310.5 1.2
5311.5 7.2
5312.5 -13
5313.5 -12.6
5314.5 7.8
5315.5 -7
5316.5 7.4
5317.5 7.2
5318.5 26.4
5319.5 41
5320.5 19.6
5321.5 7.4
5322.5 -20.2
5323.5 6.6
5324.5 -2.2
5325.5 11.6
5326.5 13.6
5327.5 9.8
5328.5 18.4
5329.5 3.2
5330.5 -1.4
5331.5 -18
5332.5 11.8
5333.5 15.8
5334.5 -4.2
5335.5 16.6
5336.5 14.6
5337.5 5.4
5338.5 -0.199999
5339.5 14.4
5340.5 -6.8
5341.5 13.8
5342.5 -9.8
5343.5 12.4
5344.5 13.2
5345.5 -3.2
5346.5 29.2
5347.5 4.4
5348.5 -11.4
5349.5 24.8
5350.5 7.4
5351.5 -0.199997
5352.5 -2
5353.5 26
5354.5 -0.799995
5355.5 67.8
5356.5 22.8
5357.5 -6.4
5358.5 15.2
5359.5 20
5360.5 -12.8
5361.5 -6.4
5362.5 -3.2
5363.5 -15.8
5364.5 -3
5365.5 -20.8
5366.5 -4.4
5367.5 -7.6
5368.5 -8
5369.5 25
5370.5 -2.4
5371.5 -11
5372.5 -13.8
5373.5 -1.2
5374.5 -4.6
5375.5 16.2
5376.5 19.4
5377.5 -4.6
5378.5 23.2
5379.5 10.4
5380.5 -12.4
5381.5 14.6
5382.5 9.6
5383.5 31
5384.5 -4
5385.5 25.2
5386.5 23.4
5387.5 -4.4
5388.5 -11.2
5389.5 23.8
5390.5 33
5391.5 -31.4
5392.5 -18
5393.5 31.4
5394.5 -7
5395.5 14.4
5396.5 -26.6
5397.5 -27.2
5398.5 -35
5399.5 -47.8
5400.5 7.6
5401.5 4.6
5402.5 -3
5403.5 12
5404.5 27.2
5405.5 10.2
5406.5 -4.6
5407.5 3.4
5408.5 8.8
5409.5 1
5410.5 7.6
5411.5 -18.2
5412.5 -1.6
5413.5 6.8
5414.5 3.2
5415.5 11.8
5416.5 19.8
5417.5 1.4
5418.5 -13.4
5419.5 -0.199999
5420.5 4.8
5421.5 -8.2
5422.5 -10.8
5423.5 -3
5424.5 -6.2
5425.5 22
5426.5 -3.6
5427.5 -5.8
5428.5 -15.6
5429.5 -13.6
5430.5 -7.6
5431.5 -0.599999
5432.5 5.8
5433.5 6.6
5434.5 3.2
5435.5 -9.4
5436.5 4.8
5437.5 1.2
5438.5 4.6
5439.5 6
5440.5 13
5441.5 -3.8
5442.5 1.07288e-06
5443.5 -11.4
5444.5 7.2
5445.5 29.2
5446.5 5.2
5447.5 -7
5448.5 14.6
5449.5 9.2
5450.5 2.6
5451.5 -12.4
5452.5 4.2
5453.5 -5.2
5454.5 17.4
5455.5 2.4
5456.5 -3
5457.5 6.4
5458.5 -5
5459.5 13.6
5460.5 10.4
5461.5 -0.399999
5462.5 0.400001
5463.5 16.4
5464.5 4.6
5465.5 -18.4
5466.5 -1.4
5467.5 -21
5468.5 -0.599999
5469.5 24.2
5470.5 2.8
5471.5 -9.4
5472.5 11.8
5473.5 18.2
5474.5 2.6
5475.5 -5.6
5476.5 15.8
5477.5 -10.6
5478.5 1.4
5479.5 14.4
5480.5 -6.6
5481.5 11.6
5482.5 -11
5483.5 11.2
5484.5 17
5485.5 -0.799999
5486.5 14.6
5487.5 -18.8
5488.5 -0.799998
5489.5 4.8
5490.5 30.8
5491.5 36.8
5492.5 8
5493.5 -4.2
5494.5 18.6
5495.5 1.8
5496.5 5.6
5497.5 -6.6
5498.5 3.6
5499.5 16.4
5500.5 -13
5501.5 -10
5502.5 -14
5503.5 -16.2
5504.5 14.6
5505.5 11.2
5506.5 10.4
5507.5 -4.2
5508.5 10.8
5509.5 8.8
5510.5 31.4
5511.5 19.2
5512.5 32.2
5513.5 45.2
5514.5 77.6
5515.5 56.4
5516.5 78.4
5517.5 28.4
5518.5 28.4
5519.5 28.6
5520.5 7
5521.5 11.8
5522.5 -10.4
5523.5 -8
5524.5 4.2
5525.5 -27.4
5526.5 -41.6
5527.5 -65.8
5528.5 -77.2
5529.5 -18.8
5530.5 -26.6
5531.5 -20.8
5532.5 -7.6
5533.5 -13
5534.5 -3
5535.5 -3
5536.5 15.6
5537.5 13.6
5538.5 -12.4
5539.5 11
5540.5 -29.8
5541.5 -19
5542.5 15.4
5543.5 37
5544.5 7.6
5545.5 8.8
5546.5 6.6
5547.5 -3.2
5548.5 7.8
5549.5 -2.6
5550.5 -0.799999
5551.5 23.6
5552.5 7
5553.5 3.8
5554.5 14
5555.5 -6.6
5556.5 -1.8
5557.5 -18.2
5558.5 -9.8
5559.5 2.8
5560.5 -14.8
5561.5 3.8
5562.5 11.6
5563.5 -7.2
5564.5 -1.6
5565.5 14.2
5566.5 6.4
5567.5 11.2
5568.5 -0.799999
5569.5 3.8
5570.5 -16
5571.5 -12.2
5572.5 1.2
5573.5 22
5574.5 -22.8
5575.5 -16
5576.5 3.2
5577.5 -29.4
5578.5 -14.2
5579.5 29.2
5580.5 14.4
5581.5 10.4
5582.5 -20
5583.5 -9
5584.5 3.6
5585.5 28.2
5586.5 -8.6
5587.5 26.8
5588.5 23.6
5589.5 25.2
5590.5 -27.4
5591.5 -10
5592.5 16.6
5593.5 -3.4
5594.5 37.4
5595.5 -9.8
5596.5 4
5597.5 22.4
5598.5 16
5599.5 6.2
5600.5 20.6
5601.5 7.8
5602.5 4
5603.5 -7.4
5604.5 -0.199999
5605.5 -15.8
5606.5 -7.4
5607.5 -10
5608.5 11.2
5609.5 -0.199998
5610.5 -9.4
5611.5 18.4
5612.5 -10
5613.5 19.8
5614.5 20.4
5615.5 -16.8
5616.5 24.4
5617.5 3.8
5618.5 -1.4
5619.5 20.4
5620.5 2.8
5621.5 4.8
5622.5 5.4
5623.5 16
5624.5 20
5625.5 3.2
5626.5 -2.4
5627.5 1.6
5628.5 -21.4
5629.5 -8
5630.5 -6.6
5631.5 -1.8
5632.5 10.8
5633.5 20.2
5634.5 17.6
5635.5 24
5636.5 -12.6
5637.5 17.4
5638.5 5.2
5639.5 2.8
5640.5 7.8
5641.5 12.8
5642.5 -3.4
5643.5 3.6
5644.5 4.2
5645.5 -7.6
5646.5 -11.4
5647.5 -0.799999
5648.5 -6.2
5649.5 -23.8
5650.5 2.2
5651.5 5.2
5652.5 -19.2
5653.5 -22.6
5654.5 23
5655.5 -25.6
5656.5 -3
5657.5 19.4
5658.5 7
5659.5 -11.4
5660.5 -6
5661.5 6.2
5662.5 14.2
5663.5 5
5664.5 -2.4
5665.5 -7.2
5666.5 30.2
5667.5 -3.4
5668.5 -6
5669.5 6.4
5670.5 34
5671.5 -2.4
5672.5 -22.2
5673.5 4.4
5674.5 46.8
5675.5 -23.4
5676.5 14.8
5677.5 3.2
5678.5 21
5679.5 -4.6
5680.5 2.6
5681.5 -15.6
5682.5 -39.2
5683.5 -33
5684.5 4
5685.5 9.4
5686.5 22.4
5687.5 17.4
5688.5 6.2
5689.5 11.2
5690.5 11.8
5691.5 -12.8
5692.5 2.8
5693.5 -10.6
5694.5 5
5695.5 -2.2
5696.5 -7.2
5697.5 0.400001
5698.5 -2.8
5699.5 -14.2
5700.5 12.4
5701.5 1
5702.5 -3.8
5703.5 -8.2
5704.5 10.8
5705.5 8.8
5706.5 9
5707.5 9.2
5708.5 6.6
5709.5 -9.2
5710.5 1.2
5711.5 4.2
5712.5 -7.2
5713.5 -8.8
5714.5 -10.4
5715.5 -12.4
5716.5 11.2
5717.5 24
5718.5 1.3113e-06
5719.5 8.2
5720.5 8.8
5721.5 -17.4
5722.5 6.6
5723.5 18.8
5724.5 -12
5725.5 1.3113e-06
5726.5 -2.6
5727.5 2
5728.5 -10.8
5729.5 11.6
5730.5 23
5731.5 0.800002
5732.5 25.2
5733.5 15.4
5734.5 16.2
5735.5 47.8
5736.5 35
5737.5 8.8
5738.5 11.6
5739.5 5.2
5740.5 -6
5741.5 12.6
5742.5 -13.6
5743.5 11
5744.5 -3.4
5745.5 2
5746.5 26.2
5747.5 -1.6
5748.5 2
5749.5 7.4
5750.5 8.6
5751.5 9.8
5752.5 -5
5753.5 7.2
5754.5 -3.4
5755.5 -4
5756.5 -7.8
5757.5 13.4
5758.5 5.8
5759.5 2.8
5760.5 -3.6
5761.5 -26.8
5762.5 6.8
5763.5 -32.4
5764.5 14
5765.5 -6.2
5766.5 -9.8
5767.5 -17.2
5768.5 9
5769.5 10.8
5770.5 22
5771.5 -17.4
5772.5 16.4
5773.5 10.8
5774.5 6.8
5775.5 12
5776.5 -11.4
5777.5 11.8
5778.5 -2.6
5779.5 12.2
5780.5 1.6
5781.5 15
5782.5 -1.6
5783.5 6.8
5784.5 -5
5785.5 9.4
5786.5 13.2
5787.5 -0.999999
5788.5 0.400001
5789.5 10.4
5790.5 -3.6
5791.5 5.4
5792.5 16.8
5793.5 6.8
5794.5 1.07288e-06
5795.5 17.4
5796.5 25.6
5797.5 -13.6
5798.5 22.4
5799.5 -2.6
5800.5 -13.8
5801.5 9.53674e-07
5802.5 8.4
5803.5 10
5804.5 -15
5805.5 -19
5806.5 -5
5807.5 -0.799999
5808.5 -3.2
5809.5 2.6
5810.5 -1.4
5811.5 5.6
5812.5 -1.4
5813.5 -12
5814.5 -6
5815.5 18
5816.5 22.4
5817.5 -9.2
5818.5 20
5819.5 4.8
5820.5 -0.199999
5821.5 8.6
5822.5 19.8
5823.5 14.2
5824.5 29.4
5825.5 -19.6
5826.5 0.600002
5827.5 17.6
5828.5 19.4
5829.5 35.6
5830.5 70.6
5831.5 32
5832.5 11.8
5833.5 14.4
5834.5 4
5835.5 -6.8
5836.5 -9.2
5837.5 -12.8
5838.5 17.2
5839.5 -8.8
5840.5 19
5841.5 -20.4
5842.5 4.2
5843.5 0.600001
5844.5 -14.8
5845.5 12.2
5846.5 -20.4
5847.5 -1.8
5848.5 15.6
5849.5 7
5850.5 -12
5851.5 -5.4
5852.5 -14
5853.5 14.2
5854.5 20.8
5855.5 17.6
5856.5 -7.8
5857.5 2.4
5858.5 20.2
5859.5 17.2
5860.5 4.4
5861.5 -21.8
5862.5 1.8
5863.5 11.8
5864.5 15.4
5865.5 15.4
5866.5 8.34465e-07
5867.5 -0.599999
5868.5 0.400001
5869.5 23.6
5870.5 21.6
5871.5 -9.8
5872.5 24.8
5873.5 28.8
5874.5 3.2
5875.5 1
5876.5 -2.2
5877.5 1.8
5878.5 -6
5879.5 -0.199999
5880.5 -1.6
5881.5 3.8
5882.5 11.2
5883.5 16.6
5884.5 -4
5885.5 -25.8
5886.5 6.4
5887.5 -13.6
5888.5 11.8
5889.5 -2.2
5890.5 12.8
5891.5 14.2
5892.5 3.6
5893.5 -2.8
5894.5 33.6
5895.5 7.2
5896.5 13.8
5897.5 15
5898.5 -43.6
5899.5 -11
5900.5 -78.8
5901.5 20
5902.5 -47.8
5903.5 -17
5904.5 27.6
5905.5 3.8
5906.5 -22.8
5907.5 -5.2
5908.5 -14.6
5909.5 2.8
5910.5 -3.4
5911.5 -14
5912.5 -6.6
5913.5 -16.4
5914.5 -18.6
5915.5 -1.4
5916.5 6.4
5917.5 8
5918.5 -5
5919.5 4.6
5920.5 11.2
5921.5 4.6
5922.5 4.2
5923.5 13.2
5924.5 -4.6
5925.5 -6.6
5926.5 9
5927.5 17.2
5928.5 -7.6
5929.5 -8
5930.5 2.2
5931.5 6.8
5932.5 -4.8
5933.5 6.6
5934.5 15
5935.5 -7.4
5936.5 7.2
5937.5 0.200001
5938.5 3
5939.5 7.6
5940.5 1
5941.5 -10.6
5942.5 1.6
5943.5 -12
5944.5 5.6
5945.5 7.2
5946.5 3.2
5947.5 -3.8
5948.5 -0.599999
5949.5 -7.6
5950.5 -3.6
5951.5 12.8
5952.5 9.2
5953.5 -7.8
5954.5 -9.6
5955.5 -1.2
5956.5 -13.4
5957.5 5
5958.5 8
5959.5 6
5960.5 20.8
5961.5 -16.6
5962.5 -1.6
5963.5 4.4
5964.5 -4
5965.5 14.8
5966.5 10.4
5967.5 22.8
5968.5 6.6
5969.5 13.6
5970.5 20.4
5971.5 4.6
5972.5 -1.2
5973.5 12.2
5974.5 -25.2
5975.5 15.4
5976.5 8.4
5977.5 -3.6
5978.5 13
5979.5 4.6
5980.5 -2.2
5981.5 -2.4
5982.5 13.8
5983.5 10.4
5984.5 19.8
5985.5 0.200001
5986.5 1.6
5987.5 -1.2
5988.5 6
5989.5 5.6
5990.5 17.2
5991.5 5
5992.5 5.8
5993.5 26.4
5994.5 -9
5995.5 -5
5996.5 -10.4
5997.5 3
5998.5 -0.199998
5999.5 -13.4
6000.5 -11.4
6001.5 -14.2
6002.5 37.2
6003.5 -1.4
6004.5 1.19209e-06
6005.5 13.8
6006.5 -5.2
6007.5 6.6
6008.5 0.400001
6009.5 -13
6010.5 2.4
6011.5 -1.6
6012.5 -4.6
6013.5 -3.4
6014.5 -13.4
6015.5 -16.6
6016.5 -2
6017.5 -4.8
6018.5 -8.8
6019.5 15.8
6020.5 7.6
6021.5 7.4
6022.5 15.6
6023.5 25.2
6024.5 27.2
6025.5 22.4
6026.5 20.2
6027.5 10
6028.5 2.2
6029.5 5.6
6030.5 -13.4
6031.5 23.4
6032.5 17.4
6033.5 60.8
6034.5 33
6035.5 11.8
6036.5 35.2
6037.5 -9
6038.5 12.6
6039.5 19
6040.5 0.800001
6041.5 -0.199999
6042.5 0.400001
6043.5 21.8
6044.5 2.8
6045.5 -1.6
6046.5 6.2
6047.5 15.4
6048.5 0.4
6049.5 1.2
6050.5 0.800001
6051.5 2.4
6052.5 14.6
6053.5 23
6054.5 -2.4
6055.5 -12
6056.5 5.4
6057.5 1.6
6058.5 15.4
6059.5 13.8
6060.5 3.6
6061.5 3.2
6062.5 4.76837e-07
6063.5 20.4
6064.5 10
6065.5 -4.2
6066.5 4.2
6067.5 2
6068.5 -5.2
6069.5 18.6
6070.5 20
6071.5 -13.6
6072.5 -1.6
6073.5 2
6074.5 -8.6
6075.5 -16
6076.5 -4.8
6077.5 -0.599999
6078.5 9
6079.5 -9
6080.5 3
6081.5 3
6082.5 4.4
6083.5 7.8
6084.5 4
6085.5 -3.4
6086.5 1.8
6087.5 6.6
6088.5 7.4
6089.5 5.6
6090.5 -9
6091.5 4
6092.5 13.6
6093.5 10.6
6094.5 10.2
6095.5 -1.6
6096.5 3
6097.5 -13
6098.5 10.2
6099.5 -11
6100.5 7.8
6101.5 8.4
6102.5 -4.6
6103.5 2.8
6104.5 5
6105.5 -0.199999
6106.5 10.8
6107.5 3.8
6108.5 5
6109.5 7.8
6110.5 -4
6111.5 -5.4
6112.5 -7.6
6113.5 -3
6114.5 14.2
6115.5 11.8
6116.5 24.8
6117.5 9.2
6118.5 -4.4
6119.5 -9.4
6120.5 -14
6121.5 14.6
6122.5 14.6
6123.5 -2.2
6124.5 -59.4
6125.5 -33.8
6126.5 16.4
6127.5 6
6128.5 -19.8
6129.5 -8.8
6130.5 -4.8
6131.5 1.2
6132.5 16.6
6133.5 -1
6134.5 14.4
6135.5 24.2
6136.5 6.2
6137.5 3.8
6138.5 -12
6139.5 -9
6140.5 3
6141.5 3.8
6142.5 -13.6
6143.5 -0.799999
6144.5 4.8
6145.5 -1.4
6146.5 -0.399999
6147.5 -0.399999
6148.5 -2.4
6149.5 22
6150.5 8.2
6151.5 12.2
6152.5 22.6
6153.5 12.4
6154.5 -4
6155.5 -8.6
6156.5 2.8
6157.5 -4.6
6158.5 9.8
6159.5 -0.2
6160.5 -7.4
6161.5 -5.6
6162.5 4.4
6163.5 8
6164.5 4
6165.5 0.8
6166.5 5.96046e-07
6167.5 2.4
6168.5 -8.8
6169.5 5.2
6170.5 -10.4
6171.5 -0.399999
6172.5 9.6
6173.5 5.4
6174.5 0.4
6175.5 16.4
6176.5 2
6177.5 2.8
6178.5 -3.2
6179.5 -8.8
6180.5 -0.399999
6181.5 22.8
6182.5 -0.599999
6183.5 4.6
6184.5 16.4
6185.5 21.8
6186.5 11.8
6187.5 4.76837e-07
6188.5 10.4
6189.5 15
6190.5 13
6191.5 -4.2
6192.5 -12.6
6193.5 1.6
6194.5 0.4
6195.5 1.4
6196.5 9.4
6197.5 -9.8
6198.5 -8.8
6199.5 -2.2
6200.5 12
6201.5 7.2
6202.5 -9.4
6203.5 21.2
6204.5 1.8
6205.5 11.4
6206.5 10.2
6207.5 5.2
6208.5 2.2
6209.5 -2.4
6210.5 3
6211.5 2.6
6212.5 4.6
6213.5 -6.6
6214.5 3.6
6215.5 -2.4
6216.5 -3.2
6217.5 8.8
6218.5 -4.4
6219.5 20.4
6220.5 -20.8
6221.5 -5.2
6222.5 -23.4
6223.5 14
6224.5 -23
6225.5 -7.6
6226.5 5.4
6227.5 6.6
6228.5 -18.8
6229.5 -14.8
6230.5 3.6
6231.5 -3
6232.5 3.2
6233.5 4.8
6234.5 -7.2
6235.5 20.2
6236.5 6.2
6237.5 5.8
6238.5 3
6239.5 -2.4
6240.5 -2.8
6241.5 12.2
6242.5 24.6
6243.5 18
6244.5 8.8
6245.5 -3.6
6246.5 -3.6
6247.5 -5
6248.5 9.6
6249.5 -2.6
6250.5 3
6251.5 5.4
6252.5 11.6
6253.5 12.2
6254.5 -6.2
6255.5 5.6
6256.5 7.8
6257.5 1
6258.5 12.4
6259.5 -10.4
6260.5 -1.6
6261.5 12.2
6262.5 1
6263.5 13.6
6264.5 0.6
6265.5 11
6266.5 -6.6
6267.5 4.8
6268.5 8.4
6269.5 -9
6270.5 9.8
6271.5 3.4
6272.5 8.8
6273.5 10.8
6274.5 -4.2
6275.5 -0.8
6276.5 5.8
6277.5 7
6278.5 11.8
6279.5 -0.8
6280.5 -5
6281.5 -3.4
6282.5 11
6283.5 2.4
6284.5 6
6285.5 6.8
6286.5 6.6
6287.5 2
6288.5 -8
6289.5 -3.8
6290.5 -4.2
6291.5 -3.8
6292.5 -3.8
6293.5 -6.2
6294.5 8.2
6295.5 -2.2
6296.5 -0.8
6297.5 5.6
6298.5 4.2
6299.5 -0.8
6300.5 10
6301.5 15.8
6302.5 -19.6
6303.5 3.2
6304.5 11.8
6305.5 22.2
6306.5 8.6
6307.5 5.8
6308.5 -3
6309.5 1
6310.5 -3
6311.5 -1.4
6312.5 9
6313.5 4.2
6314.5 5.4
6315.5 1.6
6316.5 -4.2
6317.5 6.8
6318.5 -2.6
6319.5 5
6320.5 -7
6321.5 -11.4
6322.5 2.4
6323.5 14.6
6324.5 -7.4
6325.5 -10.8
6326.5 -1.4
6327.5 16.6
6328.5 -13.4
6329.5 4.6
6330.5 -3
6331.5 12.8
6332.5 -3.6
6333.5 17.4
6334.5 1.6
6335.5 8.6
6336.5 13.6
6337.5 5
6338.5 1.8
6339.5 8.2
6340.5 2.2
6341.5 0.2
6342.5 -9.8
6343.5 4.4
6344.5 -0.8
6345.5 10.2
6346.5 -17.2
6347.5 -0.6
6348.5 -5.6
6349.5 6.4
6350.5 0.8
6351.5 5.8
6352.5 10.4
6353.5 9.8
6354.5 -2.6
6355.5 15.6
6356.5 2.8
6357.5 -7.6
6358.5 -12.6
6359.5 -1.4
6360.5 2.2
6361.5 4.8
6362.5 10
6363.5 -4.2
6364.5 -2
6365.5 2.4
6366.5 -15
6367.5 9.8
6368.5 5.8
6369.5 -0.4
6370.5 -1.2
6371.5 -8.4
6372.5 -14.6
6373.5 5.8
6374.5 5.8
6375.5 -1.4
6376.5 5.8
6377.5 8.6
6378.5 11.6
6379.5 5.4
6380.5 18.2
6381.5 21
6382.5 12.4
6383.5 9.2
6384.5 29
6385.5 19.8
6386.5 0.4
6387.5 1
6388.5 5.6
6389.5 -2.4
6390.5 4.2
6391.5 -1.4
6392.5 -2
6393.5 12.4
6394.5 0.2
6395.5 2.2
6396.5 -8.2
6397.5 -1
6398.5 -3.4
6399.5 6.6
6400.5 -1.2
6401.5 8.2
6402.5 15.2
6403.5 5.2
6404.5 5.6
6405.5 1.6
6406.5 1.2
6407.5 1
6408.5 9.2
6409.5 -0.4
6410.5 -1.6
6411.5 -14.6
6412.5 -0.2
6413.5 7
6414.5 3.6
6415.5 -6.2
6416.5 -11.2
6417.5 -5.2
6418.5 -13.8
6419.5 -1.6
6420.5 3.2
6421.5 -9.2
6422.5 9.6
6423.5 -13.8
6424.5 -5
6425.5 -6.8
6426.5 -1.6
6427.5 5.2
6428.5 -17.6
6429.5 -2.6
6430.5 6.2
6431.5 -10.8
6432.5 3.8
6433.5 -7.2
6434.5 6
6435.5 -1.4
6436.5 25.6
6437.5 17.4
6438.5 8.2
6439.5 17
6440.5 5.6
6441.5 11.8
6442.5 6.6
6443.5 6.2
6444.5 3.6
6445.5 9.6
6446.5 8.4
6447.5 2.4
6448.5 -3
6449.5 0.6
6450.5 3.2
6451.5 1.2
6452.5 -9.4
6453.5 2.38419e-07
6454.5 -3.2
6455.5 1
6456.5 -8
6457.5 10.4
6458.5 1.2
6459.5 -4.2
6460.5 0.2
6461.5 11.4
6462.5 1.4
6463.5 5
6464.5 7.8
6465.5 4.2
6466.5 3.8
6467.5 6
6468.5 6.6
6469.5 2.2
6470.5 -1.6
6471.5 0.6
6472.5 -6.4
6473.5 -9.2
6474.5 19.6
6475.5 4.4
6476.5 10.4
6477.5 21.6
6478.5 17.6
6479.5 11
6480.5 7.8
6481.5 20.2
6482.5 22.8
6483.5 4.6
6484.5 12
6485.5 1.6
6486.5 6.6
6487.5 3
6488.5 2.6
6489.5 4.2
6490.5 9.6
6491.5 1.4
6492.5 -2.6
6493.5 -4.2
6494.5 -1
6495.5 5
6496.5 -2
6497.5 7.4
6498.5 5.4
6499.5 -2.4
6500.5 -5
6501.5 5.2
6502.5 -0.8
6503.5 14
6504.5 4.6
6505.5 3.4
6506.5 5
6507.5 3
6508.5 3.6
6509.5 0.4
6510.5 -3.2
6511.5 -6.8
6512.5 -4
6513.5 2.6
6514.5 9.2
6515.5 2.6
6516.5 -14.8
6517.5 -3.2
6518.5 1
6519.5 12.2
6520.5 -1
6521.5 -4.8
6522.5 5
6523.5 0.6
6524.5 17.2
6525.5 8.8
6526.5 9.4
6527.5 6.6
6528.5 7.6
6529.5 3
6530.5 11
6531.5 -10
6532.5 2.6
6533.5 2.6
6534.5 -2.8
6535.5 3
6536.5 13.6
6537.5 6.4
6538.5 -5.2
6539.5 0.6
6540.5 -12.2
6541.5 5.4
6542.5 -0.399999
6543.5 13
6544.5 15
6545.5 20.6
6546.5 9
6547.5 -0.999998
6548.5 -6.6
6549.5 1.2
6550.5 -2.6
6551.5 9
6552.5 6
6553.5 5
6554.5 3.2
6555.5 9.4
6556.5 -6.6
6557.5 1
6558.5 -6
6559.5 2.2
6560.5 -2.6
6561.5 0.4
6562.5 3.4
6563.5 6.8
6564.5 11.8
6565.5 6
6566.5 -7.6
6567.5 4.8
6568.5 1
6569.5 -1.6
6570.5 -2.8
6571.5 -12.4
6572.5 9.6
6573.5 1.2
6574.5 -1.4
6575.5 1
6576.5 -4.2
6577.5 -1.2
6578.5 8.2
6579.5 6.4
6580.5 1.19209e-07
6581.5 6.4
6582.5 1.4
6583.5 -9.4
6584.5 7.8
6585.5 12.8
6586.5 -4.6
6587.5 2.2
6588.5 -8.6
6589.5 5
6590.5 6.4
6591.5 0.4
6592.5 1.4
6593.5 -6.2
6594.5 1
6595.5 -3.6
6596.5 6.6
6597.5 2.38419e-07
6598.5 3.4
6599.5 -2.6
6600.5 10.6
6601.5 6.6
6602.5 12.2
6603.5 9.4
6604.5 8
6605.5 2.4
6606.5 -0.2
6607.5 7
6608.5 3.8
6609.5 5.8
6610.5 1
6611.5 -5.2
6612.5 -4.4
6613.5 -8
6614.5 -3.2
6615.5 1.6
6616.5 11.2
6617.5 -8.4
6618.5 -0.2
6619.5 0.4
6620.5 7.6
6621.5 13.6
6622.5 -9.6
6623.5 2.8
6624.5 2
6625.5 -4
6626.5 0.8
6627.5 3.57628e-07
6628.5 -11.8
6629.5 -4
6630.5 -4.8
6631.5 2
6632.5 -5.6
6633.5 -5.8
6634.5 -1.6
6635.5 3.4
6636.5 -3.6
6637.5 -9.6
6638.5 3.4
6639.5 1.8
6640.5 2
6641.5 6
6642.5 2.38419e-07
6643.5 5
6644.5 -0.8
6645.5 5.2
6646.5 3.57628e-07
6647.5 -1.8
6648.5 5.4
6649.5 4.4
6650.5 -9.6
6651.5 -6.4
6652.5 -2.6
6653.5 -2.8
6654.5 6.8
6655.5 2.38419e-07
6656.5 2
6657.5 11.4
6658.5 -4
6659.5 -3.2
6660.5 2.2
6661.5 -3.6
6662.5 -1
6663.5 1
6664.5 4
6665.5 -5.8
6666.5 0.6
6667.5 10.8
6668.5 -1.2
6669.5 8
6670.5 1.2
6671.5 -5.4
6672.5 -0.8
6673.5 -4.2
6674.5 -13
6675.5 -9.4
6676.5 -2.6
6677.5 2
6678.5 1
6679.5 14.4
6680.5 -6.4
6681.5 3.2
6682.5 -1.8
6683.5 -4.8
6684.5 5.4
6685.5 3.6
6686.5 -2.8
6687.5 4
6688.5 5.4
6689.5 -2
6690.5 9.6
6691.5 14.8
6692.5 13
6693.5 10
6694.5 18
6695.5 8.8
6696.5 19.4
6697.5 13.2
6698.5 20.8
6699.5 1
6700.5 1.6
6701.5 13.8
6702.5 7.8
6703.5 5
6704.5 5
6705.5 4.6
6706.5 -5
6707.5 3.2
6708.5 1.8
6709.5 -3
6710.5 -1.4
6711.5 -1.4
6712.5 5
6713.5 2.8
6714.5 1.2
6715.5 2.4
6716.5 2.2
6717.5 -5.6
6718.5 -3
6719.5 -1.4
6720.5 -6.2
6721.5 10
6722.5 -0.6
6723.5 3
6724.5 -1
6725.5 4.2
6726.5 -0.8
6727.5 -22.4
6728.5 -8.2
6729.5 -6.2
6730.5 -8.2
6731.5 -9.2
6732.5 7.2
6733.5 -2.2
6734.5 -7.4
6735.5 4
6736.5 -1.6
6737.5 -4.6
6738.5 2
6739.5 3.2
6740.5 -10.2
6741.5 4.6
6742.5 5.2
6743.5 5.2
6744.5 -1.4
6745.5 3.6
6746.5 13
6747.5 2.6
6748.5 11
6749.5 9.6
6750.5 -7.6
6751.5 -7.2
6752.5 2
6753.5 2.6
6754.5 6
6755.5 -8
6756.5 3.6
6757.5 14.2
6758.5 1.19209e-07
6759.5 2
6760.5 5.8
6761.5 6
6762.5 1.6
6763.5 -2.6
6764.5 -1.2
6765.5 5
6766.5 0.8
6767.5 -1
6768.5 4
6769.5 19
6770.5 2.2
6771.5 11.6
6772.5 -0.199999
6773.5 10.4
6774.5 16
6775.5 3.2
6776.5 -7
6777.5 6.2
6778.5 7.4
6779.5 -5.8
6780.5 2.4
6781.5 5.4
6782.5 2.2
6783.5 -2
6784.5 5.8
6785.5 1.6
6786.5 3.4
6787.5 -7.2
6788.5 -1.4
6789.5 -3.8
6790.5 -3.6
6791.5 -5.4
6792.5 6.4
6793.5 -5
6794.5 -10.8
6795.5 -4.8
6796.5 6.8
6797.5 11.2
6798.5 -0.2
6799.5 2.38419e-07
6800.5 -7.4
6801.5 2.4
6802.5 9.2
6803.5 -7.6
6804.5 -6.8
6805.5 -1.8
6806.5 -1.6
6807.5 -0.8
6808.5 2.8
6809.5 -2
6810.5 -1.6
6811.5 -5.8
6812.5 -16.6
6813.5 -0.2
6814.5 3.8
6815.5 2.2
6816.5 -1.8
6817.5 1.4
6818.5 -2.4
6819.5 2.2
6820.5 -1.6
6821.5 4
6822.5 11.2
6823.5 1.2
6824.5 3.4
6825.5 3
6826.5 -5.2
6827.5 -2.6
6828.5 0.2
6829.5 2.2
6830.5 2.4
6831.5 -2
6832.5 -3
6833.5 4
6834.5 1.4
6835.5 2.8
6836.5 0.2
6837.5 8.2
6838.5 -0.2
6839.5 8.6
6840.5 -1.6
6841.5 1.6
6842.5 10.6
6843.5 -11.2
6844.5 3.2
6845.5 -7.6
6846.5 0.8
6847.5 -5.6
6848.5 -3
6849.5 -0.8
6850.5 -1.2
6851.5 5.2
6852.5 -5.8
6853.5 9.4
6854.5 9.8
6855.5 6.2
6856.5 6.8
6857.5 1.19209e-07
6858.5 -6
6859.5 -3.6
6860.5 12.4
6861.5 0.2
6862.5 -17.4
6863.5 7
6864.5 4.2
6865.5 6
6866.5 3.2
6867.5 4.2
6868.5 4.4
6869.5 3
6870.5 -2.2
6871.5 -3.2
6872.5 2.2
6873.5 5
6874.5 3.2
6875.5 2
6876.5 0.4
6877.5 5.8
6878.5 -6.2
6879.5 5.4
6880.5 2.2
6881.5 0.2
6882.5 -0.8
6883.5 -7
6884.5 0.2
6885.5 2.38419e-07
6886.5 11
6887.5 10.8
6888.5 6.2
6889.5 5.4
6890.5 -1
6891.5 -9.4
6892.5 -2.6
6893.5 2
6894.5 10.4
6895.5 -0.4
6896.5 3.2
6897.5 2
6898.5 1.8
6899.5 6.4
6900.5 7.2
6901.5 -6
6902.5 7.4
6903.5 -6.4
6904.5 -14.8
6905.5 5.2
6906.5 9.4
6907.5 6
6908.5 3.4
6909.5 6.4
6910.5 -8
6911.5 0.4
6912.5 -1.8
6913.5 -7.4
6914.5 -0.8
6915.5 4.2
6916.5 -0.6
6917.5 1
6918.5 7.4
6919.5 -5.6
6920.5 9.4
6921.5 -3.2
6922.5 -1.2
6923.5 -0.6
6924.5 0.4
6925.5 11.4
6926.5 4.4
6927.5 8
6928.5 1.8
6929.5 -2.8
6930.5 5.4
6931.5 -4.8
6932.5 -6.8
6933.5 -15.8
6934.5 -19
6935.5 -5
6936.5 4.4
6937.5 -13.8
6938.5 -4.6
6939.5 12.4
6940.5 17
6941.5 0.8
6942.5 8
6943.5 3
6944.5 14
6945.5 15
6946.5 22.6
6947.5 10.2
6948.5 9.2
6949.5 1.2
6950.5 2.2
6951.5 2
6952.5 3.8
6953.5 2.2
6954.5 0.8
6955.5 3
6956.5 -3
6957.5 -4.8
6958.5 0.6
6959.5 8.6
6960.5 1.4
6961.5 9.8
6962.5 3
6963.5 8.4
6964.5 -3.2
6965.5 5.8
6966.5 12
6967.5 2.6
6968.5 -1.8
6969.5 1.2
6970.5 9.4
6971.5 4.8
6972.5 12.4
6973.5 8.4
6974.5 2.2
6975.5 -3.6
6976.5 -7.6
6977.5 -4.4
6978.5 6.2
6979.5 4.4
6980.5 5.8
6981.5 5.8
6982.5 9
6983.5 2.4
6984.5 8.2
6985.5 9
6986.5 -3.4
6987.5 -1.4
6988.5 7.2
6989.5 2.4
6990.5 5.6
6991.5 8.2
6992.5 4.6
6993.5 -3
6994.5 2
6995.5 5.2
6996.5 10.6
6997.5 -1
6998.5 -3.6
6999.5 2.6
7000.5 4.8
7001.5 -3.4
7002.5 3.6
7003.5 -1
7004.5 6.4
7005.5 7.4
7006.5 1.6
7007.5 2.2
7008.5 -7.6
7009.5 -0.4
7010.5 2
7011.5 2.38419e-07
7012.5 1
7013.5 3.6
7014.5 4.4
7015.5 -0.4
7016.5 6.4
7017.5 3.6
7018.5 5.8
7019.5 0.8
7020.5 -1.8
7021.5 4
7022.5 -3.6
7023.5 -2.6
7024.5 -0.4
7025.5 1.6
7026.5 11.2
7027.5 -0.4
7028.5 5.6
7029.5 2.2
7030.5 -2.2
7031.5 5.4
7032.5 1.2
7033.5 -3.6
7034.5 2.4
7035.5 -6.8
7036.5 2
7037.5 5.8
7038.5 11.8
7039.5 1
7040.5 1.8
7041.5 3
7042.5 0.4
7043.5 -1
7044.5 0.4
7045.5 -4.8
7046.5 6.2
7047.5 -2.6
7048.5 0.8
7049.5 4.2
7050.5 2.4
7051.5 -3.6
7052.5 -3.2
7053.5 8.2
7054.5 -7.6
7055.5 0.2
7056.5 -3.2
7057.5 -6
7058.5 10.8
7059.5 2.38419e-07
7060.5 -2.2
7061.5 -12
7062.5 10.4
7063.5 -1.2
7064.5 6
7065.5 -0.2
7066.5 0.8
7067.5 -3.2
7068.5 4
7069.5 -1.4
7070.5 -4.4
7071.5 -2.8
7072.5 1.19209e-07
7073.5 -5
7074.5 -3.6
7075.5 3
7076.5 -4.8
7077.5 -1.8
7078.5 4.6
7079.5 6
7080.5 9
7081.5 6.6
7082.5 9.4
7083.5 4.8
7084.5 2
7085.5 7.8
7086.5 5
7087.5 6
7088.5 -5
7089.5 1
7090.5 1.6
7091.5 2.8
7092.5 4
7093.5 1
7094.5 5
7095.5 -3.2
7096.5 -6.6
7097.5 -1.8
7098.5 -3
7099.5 5.6
7100.5 0.2
7101.5 1.19209e-07
7102.5 -0.8
7103.5 -1.6
7104.5 2.4
7105.5 5.2
7106.5 3.6
7107.5 -0.2
7108.5 5.8
7109.5 -4
7110.5 4
7111.5 1.19209e-07
7112.5 -4.2
7113.5 3.4
7114.5 -5.2
7115.5 8
7116.5 7
7117.5 -5.6
7118.5 -7.8
7119.5 -4.4
7120.5 4.2
7121.5 3.6
7122.5 2.6
7123.5 8.2
7124.5 -2.4
7125.5 4.4
7126.5 -3.6
7127.5 6.4
7128.5 4.4
7129.5 3.4
7130.5 1.19209e-07
7131.5 -1
7132.5 -2.2
7133.5 5.6
7134.5 -4.8
7135.5 3.8
7136.5 5.4
7137.5 2.4
7138.5 -9.6
7139.5 9.6
7140.5 5.2
7141.5 -1.8
7142.5 5.2
7143.5 4
7144.5 -4.8
7145.5 1.4
7146.5 3.8
7147.5 -0.4
7148.5 4
7149.5 4.2
7150.5 11.2
7151.5 8.2
7152.5 0.2
7153.5 4
7154.5 -4.8
7155.5 1.2
7156.5 -1
7157.5 4.2
7158.5 -3.4
7159.5 8.6
7160.5 4
7161.5 7.8
7162.5 9.2
7163.5 0.6
7164.5 1.8
7165.5 -4.2
7166.5 -3
7167.5 1.8
7168.5 -10.4
7169.5 7.6
7170.5 3.6
7171.5 -1.2
7172.5 -1.4
7173.5 -5.2
7174.5 7
7175.5 6.4
7176.5 -1
7177.5 -6.2
7178.5 5.4
7179.5 0.2
7180.5 1.19209e-07
7181.5 -1
7182.5 5.2
7183.5 -5
7184.5 1.8
7185.5 2.6
7186.5 4.4
7187.5 1.8
7188.5 4.2
7189.5 2.8
7190.5 -2.2
7191.5 4.8
7192.5 0.8
7193.5 -3.2
7194.5 6.4
7195.5 -0.8
7196.5 -6.2
7197.5 -4.2
7198.5 1
7199.5 0.2
7200.5 4.6
7201.5 -1.2
7202.5 -7
7203.5 4.4
7204.5 -2
7205.5 -11.2
7206.5 3.2
7207.5 9
7208.5 19.8
7209.5 -18.8
7210.5 -17.2
7211.5 -1.8
7212.5 5.2
7213.5 -1
7214.5 13
7215.5 -6.2
7216.5 -1.8
7217.5 -4.8
7218.5 0.6
7219.5 0.2
7220.5 -3.8
7221.5 -5.8
7222.5 6
7223.5 -0.8
7224.5 1.2
7225.5 1.6
7226.5 1.19209e-07
7227.5 1.4
7228.5 5.4
7229.5 -1.8
7230.5 8.6
7231.5 0.8
7232.5 2.4
7233.5 0.4
7234.5 -3.8
7235.5 0.4
7236.5 1.19209e-07
7237.5 3.4
7238.5 -0.4
7239.5 1.4
7240.5 1.19209e-07
7241.5 2.4
7242.5 8
7243.5 -4.4
7244.5 5.2
7245.5 1.4
7246.5 -2.6
7247.5 -0.2
7248.5 0.6
7249.5 -3
7250.5 0.8
7251.5 -9.8
7252.5 -3
7253.5 5.8
7254.5 5.2
7255.5 5.4
7256.5 5.6
7257.5 8
7258.5 9.2
7259.5 -1
7260.5 -0.4
7261.5 4.4
7262.5 7
7263.5 -2.6
7264.5 5.2
7265.5 3
7266.5 1.8
7267.5 -8.2
7268.5 -2
7269.5 6.4
7270.5 -1.8
7271.5 -1.2
7272.5 -0.2
7273.5 2.4
7274.5 1.19209e-07
7275.5 -3.2
7276.5 6.4
7277.5 6
7278.5 1.6
7279.5 3.4
7280.5 7.2
7281.5 9.8
7282.5 1.4
7283.5 5.8
7284.5 10.2
7285.5 1.19209e-07
7286.5 5.4
7287.5 -4.4
7288.5 5.2
7289.5 1
7290.5 -5
7291.5 -2
7292.5 -0.6
7293.5 -5
7294.5 -1.6
7295.5 -3.2
7296.5 5.6
7297.5 8.2
7298.5 6.2
7299.5 0.2
7300.5 4.6
7301.5 -2.4
7302.5 -0.6
7303.5 3.4
7304.5 3.2
7305.5 1
7306.5 4.4
7307.5 -0.4
7308.5 2
7309.5 1.2
7310.5 4.4
7311.5 1.6
7312.5 -4
7313.5 6.6
7314.5 -2.8
7315.5 2.4
7316.5 10.4
7317.5 7.2
7318.5 4
7319.5 4.8
7320.5 7.2
7321.5 -1.8
7322.5 3.4
7323.5 6
7324.5 -3.4
7325.5 6.6
7326.5 1.4
7327.5 0.4
7328.5 9.2
7329.5 5.8
7330.5 -0.8
7331.5 12
7332.5 4.4
7333.5 1.19209e-07
7334.5 1.8
7335.5 -1.6
7336.5 1.4
7337.5 6.2
7338.5 5.8
7339.5 5.2
7340.5 3
7341.5 0.8
7342.5 4.8
7343.5 -3.8
7344.5 5.6
7345.5 5.4
7346.5 -0.8
7347.5 9.2
7348.5 5.2
7349.5 2.2
7350.5 4.2
7351.5 -5.8
7352.5 -4.4
7353.5 -8
7354.5 5.8
7355.5 3.4
7356.5 2.4
7357.5 4.2
7358.5 1.6
7359.5 1.4
7360.5 -1
7361.5 -0.4
7362.5 0.6
7363.5 1.8
7364.5 3.2
7365.5 -3.8
7366.5 1.8
7367.5 -2.8
7368.5 -4.4
7369.5 -1.4
7370.5 -6.2
7371.5 2.8
7372.5 4.8
7373.5 2.6
7374.5 -0.2
7375.5 -3.4
7376.5 0.8
7377.5 0.6
7378.5 3
7379.5 1.4
7380.5 1
7381.5 3.2
7382.5 4.2
7383.5 -6.4
7384.5 0.2
7385.5 -5
7386.5 3
7387.5 6
7388.5 -4.4
7389.5 0.4
7390.5 2.8
7391.5 -2
7392.5 2.8
7393.5 4.8
7394.5 -1.6
7395.5 -0.6
7396.5 3.8
7397.5 4.2
7398.5 7.6
7399.5 6.6
7400.5 7.4
7401.5 -4.4
7402.5 5
7403.5 1.4
7404.5 3.6
7405.5 1
7406.5 2.2
7407.5 0.2
7408.5 -3
7409.5 1.4
7410.5 -0.8
7411.5 -2.4
7412.5 -0.2
7413.5 2.8
7414.5 8
7415.5 8.4
7416.5 -4.8
7417.5 20.4
7418.5 5.4
7419.5 2.2
7420.5 2.4
7421.5 2.4
7422.5 1
7423.5 1.4
7424.5 1.19209e-07
7425.5 0.8
7426.5 8.6
7427.5 -4.8
7428.5 2.6
7429.5 4.2
7430.5 1.6
7431.5 -0.4
7432.5 -0.8
7433.5 -0.6
7434.5 4.8
7435.5 -3.8
7436.5 2.2
7437.5 2.8
7438.5 1.8
7439.5 -2.6
7440.5 -3.8
7441.5 2.2
7442.5 2.2
7443.5 3.6
7444.5 -0.2
7445.5 1.4
7446.5 5.8
7447.5 -1
7448.5 -5.2
7449.5 -4.2
7450.5 0.6
7451.5 6.8
7452.5 19
7453.5 8
7454.5 17.4
7455.5 22.4
7456.5 10.2
7457.5 25
7458.5 22.2
7459.5 15.2
7460.5 13.4
7461.5 4.8
7462.5 9.8
7463.5 3.2
7464.5 3.2
7465.5 1.4
7466.5 1.4
7467.5 -2.4
7468.5 1.2
7469.5 -1.6
7470.5 2.4
7471.5 5.6
7472.5 3.2
7473.5 2.2
7474.5 5.6
7475.5 -0.6
7476.5 4.2
7477.5 4.4
7478.5 2
7479.5 -3.4
7480.5 0.8
7481.5 4.6
7482.5 1.8
7483.5 5.8
7484.5 2.6
7485.5 0.4
7486.5 -0.6
7487.5 1.2
7488.5 -1.8
7489.5 0.6
7490.5 1.2
7491.5 3.8
7492.5 0.2
7493.5 1.8
7494.5 0.8
7495.5 -3.4
7496.5 1.2
7497.5 2.6
7498.5 -1.6
7499.5 -1.2
7500.5 3.6
7501.5 0.4
7502.5 -1.6
7503.5 1.2
7504.5 0.8
7505.5 0.8
7506.5 1.19209e-07
7507.5 -5.4
7508.5 6.2
7509.5 1.2
7510.5 1.8
7511.5 2.2
7512.5 0.4
7513.5 1.8
7514.5 5.8
7515.5 -5.4
7516.5 0.8
7517.5 -3
7518.5 6.8
7519.5 -3.6
7520.5 1.19209e-07
7521.5 0.4
7522.5 2.8
7523.5 -5.4
7524.5 -3.6
7525.5 -4
7526.5 3.2
7527.5 -0.6
7528.5 6.2
7529.5 0.2
7530.5 3.8
7531.5 -1.6
7532.5 -2.2
7533.5 0.4
7534.5 -0.2
7535.5 3.6
7536.5 -0.6
7537.5 1.6
7538.5 4.2
7539.5 -2.6
7540.5 -0.6
7541.5 4.2
7542.5 4.6
7543.5 -4.2
7544.5 -0.2
7545.5 0.8
7546.5 0.8
7547.5 -2.6
7548.5 -0.8
7549.5 -0.2
7550.5 3.2
7551.5 -1.2
7552.5 2.6
7553.5 -1.6
7554.5 -4.4
7555.5 -0.6
7556.5 -0.2
7557.5 1.8
7558.5 0.8
7559.5 -0.8
7560.5 6.2
7561.5 4.8
7562.5 7
7563.5 4.6
7564.5 -3.6
7565.5 0.2
7566.5 -6.4
7567.5 -1
7568.5 5.2
7569.5 1.19209e-07
7570.5 1
7571.5 7.4
7572.5 6
7573.5 -2.4
7574.5 -0.6
7575.5 1.8
7576.5 2.8
7577.5 10.2
7578.5 -1
7579.5 6.6
7580.5 6.6
7581.5 -0.4
7582.5 2
7583.5 0.8
7584.5 -5
7585.5 -0.6
7586.5 2.4
7587.5 2.4
7588.5 4.2
7589.5 -3.8
7590.5 3.2
7591.5 0.2
7592.5 -0.2
7593.5 -2.6
7594.5 -5
7595.5 -1.2
7596.5 0.4
7597.5 -0.4
7598.5 -5
7599.5 1.19209e-07
7600.5 3
7601.5 -1
7602.5 -0.6
7603.5 3.2
7604.5 -0.2
7605.5 -1.2
7606.5 2.8
7607.5 -0.8
7608.5 3.2
7609.5 9
7610.5 -0.8
7611.5 5.2
7612.5 2.8
7613.5 2
7614.5 1.6
7615.5 5.6
7616.5 3.2
7617.5 -4
7618.5 -1.6
7619.5 3.6
7620.5 0.4
7621.5 -4.6
7622.5 -2.2
7623.5 0.2
7624.5 -0.2
7625.5 -5.8
7626.5 -0.2
7627.5 -0.2
7628.5 1.2
7629.5 -0.2
7630.5 2.4
7631.5 -3.6
7632.5 -1.4
7633.5 4.2
7634.5 2.8
7635.5 -2.2
7636.5 3.2
7637.5 5.2
7638.5 4.6
7639.5 2.6
7640.5 4.2
7641.5 -2.2
7642.5 1.8
7643.5 -0.6
7644.5 0.2
7645.5 -4.4
7646.5 1
7647.5 2.8
7648.5 0.2
7649.5 5.2
7650.5 -0.4
7651.5 1.2
7652.5 1.2
7653.5 -2.6
7654.5 6.2
7655.5 -2.6
7656.5 6
7657.5 2.6
7658.5 0.8
7659.5 -2.6
7660.5 -2.2
7661.5 1.8
7662.5 -2.2
7663.5 6.6
7664.5 2.2
7665.5 3
7666.5 0.4
7667.5 1.2
7668.5 -0.2
7669.5 -0.8
7670.5 -6.8
7671.5 -0.2
7672.5 0.8
7673.5 4.2
7674.5 -0.4
7675.5 2.6
7676.5 3.2
7677.5 -0.6
7678.5 0.6
7679.5 3
7680.5 -7
7681.5 1.6
7682.5 5
7683.5 2.6
7684.5 1.6
7685.5 -0.4
7686.5 -2
7687.5 0.8
7688.5 -7.4
7689.5 -1.2
7690.5 -3
7691.5 6.6
7692.5 -0.6
7693.5 0.2
7694.5 -3
7695.5 4
7696.5 -0.6
7697.5 3.8
7698.5 2
7699.5 3.2
7700.5 2.6
7701.5 4
7702.5 2.2
7703.5 3.6
7704.5 -4.4
7705.5 2.4
7706.5 0.2
7707.5 2.8
7708.5 4.2
7709.5 -1.2
7710.5 -0.2
7711.5 3.8
7712.5 2.6
7713.5 4.2
7714.5 2
7715.5 5.2
7716.5 1.6
7717.5 0.2
7718.5 0.2
7719.5 -4
7720.5 3.6
7721.5 4.6
7722.5 6
7723.5 -0.8
7724.5 2.2
7725.5 7.6
7726.5 0.4
7727.5 -3.6
7728.5 3
7729.5 0.2
7730.5 -0.2
7731.5 4.6
7732.5 -0.4
7733.5 -1.2
7734.5 5
7735.5 6
7736.5 1.2
7737.5 -2
7738.5 0.6
7739.5 -0.2
7740.5 -0.8
7741.5 3
7742.5 2
7743.5 3.2
7744.5 1.6
7745.5 2.4
7746.5 0.2
7747.5 -1.2
7748.5 3
7749.5 3.6
7750.5 0.6
7751.5 -1.6
7752.5 1.2
7753.5 1
7754.5 1.6
7755.5 1.2
7756.5 3
7757.5 0.8
7758.5 1.2
7759.5 -0.8
7760.5 -1.4
7761.5 2.2
7762.5 0.2
7763.5 4.6
7764.5 3.8
7765.5 1.4
7766.5 2
7767.5 6.4
7768.5 5.2
7769.5 0.2
7770.5 -2.2
7771.5 -3.6
7772.5 5.4
7773.5 6
7774.5 -10.8
7775.5 3.57628e-07
7776.5 4
7777.5 -2.8
7778.5 3.2
7779.5 0.4
7780.5 1.6
7781.5 3
7782.5 6.2
7783.5 2
7784.5 7.6
7785.5 4.2
7786.5 1.8
7787.5 -2
7788.5 -3.2
7789.5 -0.8
7790.5 0
7791.5 4.6
7792.5 -2.6
7793.5 2.6
7794.5 1.6
7795.5 -0.2
7796.5 -2.2
7797.5 -2.8
7798.5 0.2
7799.5 0.6
7800.5 -2
7801.5 3.6
7802.5 3
7803.5 2.6
7804.5 5
7805.5 3.6
7806.5 2.2
7807.5 3.2
7808.5 4
7809.5 1
7810.5 2
7811.5 -1.4
7812.5 3.2
7813.5 0.4
7814.5 -2.6
7815.5 2.4
7816.5 -0.2
7817.5 -2.8
7818.5 2.8
7819.5 -2
7820.5 -3.6
7821.5 2
7822.5 5.2
7823.5 0.6
7824.5 8.2
7825.5 -4.4
7826.5 0.8
7827.5 -9.6
7828.5 -0.2
7829.5 10.2
7830.5 -8
7831.5 2
7832.5 1.8
7833.5 3.8
7834.5 2.8
7835.5 2.8
7836.5 -1.6
7837.5 0.8
7838.5 -4.2
7839.5 5
7840.5 0.6
7841.5 -6
7842.5 1.8
7843.5 0.2
7844.5 1.2
7845.5 7
7846.5 2.2
7847.5 3
7848.5 -1.2
7849.5 2.2
7850.5 3
7851.5 3.6
7852.5 -0.8
7853.5 -0.4
7854.5 0.8
7855.5 0.6
7856.5 -1.8
7857.5 2
7858.5 1.8
7859.5 4
7860.5 -1.8
7861.5 -2.8
7862.5 -0.4
7863.5 -0.4
7864.5 3
7865.5 2
7866.5 3.6
7867.5 3
7868.5 4
7869.5 1.6
7870.5 2.6
7871.5 2.2
7872.5 0.6
7873.5 1
7874.5 1.6
7875.5 0.6
7876.5 -0.2
7877.5 -0.4
7878.5 3
7879.5 2.6
7880.5 0.6
7881.5 -0.8
7882.5 2.6
7883.5 2.2
7884.5 3.2
7885.5 4.6
7886.5 -0.8
7887.5 3
7888.5 1.2
7889.5 1.2
7890.5 0.4
7891.5 4
7892.5 2.2
7893.5 -0.2
7894.5 -0.4
7895.5 1.6
7896.5 -7
7897.5 -1.8
7898.5 0.6
7899.5 0
7900.5 -1.2
7901.5 2.6
7902.5 0.2
7903.5 -0.8
7904.5 4
7905.5 0.6
7906.5 -6
7907.5 -0.8
7908.5 5
7909.5 1.6
7910.5 -0.8
7911.5 2.2
7912.5 3.6
7913.5 4
7914.5 -1.8
7915.5 0.6
7916.5 3
7917.5 1
7918.5 2
7919.5 2.6
7920.5 -0.8
7921.5 0
7922.5 0.6
7923.5 -0.2
7924.5 1.6
7925.5 -2.8
7926.5 2
7927.5 -0.4
7928.5 -2.8
7929.5 -2.8
7930.5 2
7931.5 3
7932.5 3
7933.5 4
7934.5 -0.4
7935.5 0.6
7936.5 -1.2
7937.5 0.8
7938.5 1.6
7939.5 -4.6
7940.5 2.6
7941.5 1
7942.5 -0.4
7943.5 -0.8
7944.5 5
7945.5 2
7946.5 -3.2
7947.5 1.6
7948.5 1
7949.5 3
7950.5 2.2
7951.5 -0.8
7952.5 1.6
7953.5 -0.4
7954.5 -3
7955.5 6
7956.5 1.6
7957.5 4
7958.5 -0.4
7959.5 2.6
7960.5 1.6
7961.5 2.6
7962.5 -1.8
7963.5 4
7964.5 0.8
7965.5 -3.2
7966.5 1.6
7967.5 -0.4
7968.5 4
7969.5 -0.8
7970.5 2.2
7971.5 -0.8
7972.5 2
7973.5 1.6
7974.5 -0.2
7975.5 -2.8
7976.5 2.6
7977.5 0.6
7978.5 2.6
7979.5 0.2
7980.5 2
7981.5 4
7982.5 3
7983.5 2.6
7984.5 -1.4
7985.5 2.2
7986.5 1.8
7987.5 1.6
7988.5 3.6
7989.5 4
7990.5 1.2
7991.5 1
7992.5 3.6
7993.5 3.6
7994.5 1.6
7995.5 0.6
7996.5 1.2
7997.5 1.6
7998.5 -2.2
7999.5 1.2
8000.5 0
8001.5 1.6
8002.5 0.6
8003.5 1.6
8004.5 -0.4
8005.5 -1.8
8006.5 -1.8
8007.5 2
8008.5 -0.8
8009.5 2.6
8010.5 -0.8
8011.5 0.6
8012.5 -0.8
8013.5 -0.4
8014.5 -0.4
8015.5 0.6
8016.5 3
8017.5 -1.8
8018.5 1.2
8019.5 1
8020.5 2
8021.5 -0.4
8022.5 0
8023.5 -0.8
8024.5 4
8025.5 -0.4
8026.5 6
8027.5 4.2
8028.5 -3.2
8029.5 1
8030.5 0.2
8031.5 3
8032.5 0.6
8033.5 0.6
8034.5 1.6
8035.5 -0.8
8036.5 -0.4
8037.5 2.6
8038.5 3
8039.5 -0.4
8040.5 3
8041.5 -2.2
8042.5 -1.8
8043.5 -1.4
8044.5 0.6
8045.5 -1.4
8046.5 -1.2
8047.5 -1.8
8048.5 -0.4
8049.5 2.6
8050.5 2
8051.5 2.6
8052.5 -1.4
8053.5 -0.8
8054.5 -2.2
8055.5 -3.2
8056.5 -0.4
8057.5 1
8058.5 5
8059.5 2
8060.5 -1.2
8061.5 1.6
8062.5 0
8063.5 2.6
8064.5 2
8065.5 5
8066.5 5
8067.5 4.6
8068.5 8.6
8069.5 4.6
8070.5 8.2
8071.5 8
8072.5 14
8073.5 8
8074.5 6.2
8075.5 6.2
8076.5 5.6
8077.5 -0.2
8078.5 3.6
8079.5 3.6
8080.5 1.8
8081.5 -3.6
8082.5 -1
8083.5 -1
8084.5 -3.2
8085.5 7.8
8086.5 4.8
8087.5 1.4
8088.5 -0.6
8089.5 -2.4
8090.5 -3
8091.5 3.6
8092.5 -0.4
8093.5 3
8094.5 -3.2
8095.5 -1.8
8096.5 0
8097.5 1
8098.5 1.6
8099.5 1
8100.5 1.6
8101.5 4
8102.5 -3.2
8103.5 -4.2
8104.5 0.6
8105.5 3
8106.5 -0.8
8107.5 -1.4
8108.5 -1.4
8109.5 3
8110.5 -0.4
8111.5 0
8112.5 -1.2
8113.5 -1.2
8114.5 -0.4
8115.5 -1.8
8116.5 -1.4
8117.5 0
8118.5 -1.4
8119.5 -1.4
8120.5 1
8121.5 1
8122.5 2
8123.5 -4.2
8124.5 0.2
8125.5 3.6
8126.5 0.2
8127.5 0.6
8128.5 1.6
8129.5 0
8130.5 0.6
8131.5 -0.8
8132.5 3
8133.5 -0.8
8134.5 1
8135.5 1
8136.5 -0.8
8137.5 2.6
8138.5 -0.4
8139.5 0
8140.5 -0.4
8141.5 0
8142.5 1.6
8143.5 4
8144.5 -1.4
8145.5 -1.8
8146.5 -0.4
8147.5 4
8148.5 1
8149.5 2.6
8150.5 -0.4
8151.5 0
8152.5 -0.4
8153.5 1.6
8154.5 0.6
8155.5 -1.4
8156.5 -1.8
8157.5 4
8158.5 0.6
8159.5 1
8160.5 -1.8
8161.5 2
8162.5 0.6
8163.5 -0.8
8164.5 -2.8
8165.5 1
8166.5 1
8167.5 2
8168.5 -1.8
8169.5 -0.4
8170.5 0
8171.5 -1.4
8172.5 0
8173.5 0.6
8174.5 -1.8
8175.5 1
8176.5 -0.8
8177.5 0.6
8178.5 0.6
8179.5 2
8180.5 2
8181.5 0.6
8182.5 0
8183.5 -0.8
8184.5 -0.8
8185.5 -1.8
8186.5 2
8187.5 2
8188.5 -0.8
8189.5 0.6
8190.5 3
8191.5 -0.8
8192.5 -3.2
8193.5 -4.2
8194.5 -0.8
8195.5 -1.8
8196.5 0
8197.5 0.6
8198.5 -1.4
8199.5 2
8200.5 -1.8
8201.5 0.6
8202.5 -3.2
8203.5 2.6
8204.5 1
8205.5 -0.8
8206.5 5
8207.5 0
8208.5 0.6
8209.5 4
8210.5 2
8211.5 2
8212.5 0.2
8213.5 -0.4
8214.5 1
8215.5 1
8216.5 2
8217.5 -1.8
8218.5 2
8219.5 0.6
8220.5 0
8221.5 2.6
8222.5 1.6
8223.5 1
8224.5 0
8225.5 1
8226.5 2.6
8227.5 1
8228.5 -2.8
8229.5 0
8230.5 1
8231.5 -4.2
8232.5 -0.4
8233.5 1
8234.5 -1.8
8235.5 -1.8
8236.5 3
8237.5 1
8238.5 2
8239.5 -1.4
8240.5 1
8241.5 3.6
8242.5 -0.4
8243.5 1
8244.5 -0.4
8245.5 0.6
8246.5 -0.8
8247.5 2
8248.5 1
8249.5 5
8250.5 1
8251.5 -3.2
8252.5 -0.4
8253.5 -0.4
8254.5 1
8255.5 2
8256.5 -0.4
8257.5 -0.2
8258.5 1
8259.5 -1.4
8260.5 0
8261.5 1
8262.5 -0.8
8263.5 2
8264.5 -0.4
8265.5 -0.4
8266.5 2
8267.5 0.6
8268.5 0
8269.5 3
8270.5 1
8271.5 0.6
8272.5 1
8273.5 -1.4
8274.5 -0.4
8275.5 1
8276.5 3
8277.5 -1.4
8278.5 0
8279.5 -1.2
8280.5 -0.4
8281.5 1
8282.5 -2.8
8283.5 3
8284.5 1
8285.5 -2.8
8286.5 0
8287.5 1.6
8288.5 -0.4
8289.5 -0.4
8290.5 -0.4
8291.5 0.6
8292.5 -1.4
8293.5 3
8294.5 0.6
8295.5 1
8296.5 1
8297.5 -1.4
8298.5 2
8299.5 0
8300.5 2
8301.5 1
8302.5 0.6
8303.5 0.6
8304.5 -0.4
8305.5 1.6
8306.5 2
8307.5 4
8308.5 4
8309.5 0.6
8310.5 4
8311.5 -0.4
8312.5 -1.4
8313.5 -2.8
8314.5 -3.2
8315.5 -0.8
8316.5 2
8317.5 2
8318.5 3
8319.5 2
8320.5 -3.2
8321.5 -0.4
8322.5 1
8323.5 1
8324.5 2.6
8325.5 0
8326.5 -1.4
8327.5 0.6
8328.5 -0.4
8329.5 1
8330.5 1
8331.5 -1.4
8332.5 3.6
8333.5 -2.8
8334.5 1
8335.5 -2.6
8336.5 2.2
8337.5 -3.6
8338.5 1
8339.5 2
8340.5 -0.4
8341.5 -0.4
8342.5 1.6
8343.5 1
8344.5 -2.8
8345.5 -1.4
8346.5 2.6
8347.5 -0.4
8348.5 -1.4
8349.5 -1.4
8350.5 0
8351.5 0
8352.5 1
8353.5 4
8354.5 1
8355.5 2.6
8356.5 2
8357.5 2
8358.5 -0.4
8359.5 -1.8
8360.5 1
8361.5 0.6
8362.5 -1.8
8363.5 -0.8
8364.5 2
8365.5 -1.4
8366.5 -1.4
8367.5 0
8368.5 2
8369.5 -0.8
8370.5 1.6
8371.5 -0.4
8372.5 3
8373.5 3
8374.5 6
8375.5 2
8376.5 -1.4
8377.5 1
8378.5 0
8379.5 0.6
8380.5 2
8381.5 -0.4
8382.5 0
8383.5 0
8384.5 2
8385.5 0
8386.5 0.6
8387.5 0
8388.5 0.2
8389.5 1.6
8390.5 0.6
8391.5 0.6
8392.5 1
8393.5 0
8394.5 5
8395.5 3
8396.5 -4.2
8397.5 0
8398.5 1.6
8399.5 -2.8
8400.5 -4.6
8401.5 2
8402.5 0.6
8403.5 3
8404.5 0
8405.5 0
8406.5 1
8407.5 -1.4
8408.5 -0.8
8409.5 -2.8
8410.5 -1.8
8411.5 2
8412.5 0
8413.5 -1.4
8414.5 1.6
8415.5 1
8416.5 1.6
8417.5 -0.4
8418.5 0
8419.5 -0.4
8420.5 1
8421.5 1
8422.5 2
8423.5 2
8424.5 2
8425.5 1
8426.5 1
8427.5 -0.4
8428.5 2
8429.5 1.6
8430.5 1
8431.5 1
8432.5 0
8433.5 0
8434.5 2
8435.5 0
8436.5 -2.8
8437.5 2
8438.5 0
8439.5 -0.4
8440.5 0
8441.5 2
8442.5 -1.8
8443.5 -2.8
8444.5 2
8445.5 0
8446.5 1
8447.5 2
8448.5 -1.4
8449.5 -2.8
8450.5 1
8451.5 1
8452.5 2
8453.5 -0.4
8454.5 1
8455.5 0
8456.5 1.6
8457.5 0.6
8458.5 2
8459.5 1
8460.5 1
8461.5 -1.4
8462.5 -1.4
8463.5 -2.8
8464.5 0.6
8465.5 2
8466.5 -1.4
8467.5 -0.4
8468.5 -2.8
8469.5 2
8470.5 -0.8
8471.5 1.6
8472.5 -1.8
8473.5 2
8474.5 -0.4
8475.5 1.2
8476.5 4
8477.5 1
8478.5 1
8479.5 3
8480.5 -2.2
8481.5 1
8482.5 0
8483.5 -1.8
8484.5 0
8485.5 -1.4
8486.5 -1.4
8487.5 -0.4
8488.5 1.6
8489.5 -0.4
8490.5 -1.4
8491.5 0
8492.5 -1.4
8493.5 -1.4
8494.5 -0.4
8495.5 1
8496.5 1
8497.5 1
8498.5 -0.4
8499.5 0.6
8500.5 2
8501.5 1
8502.5 0
8503.5 2
8504.5 2
8505.5 -0.4
8506.5 1
8507.5 1
8508.5 0
8509.5 2
8510.5 -1.4
8511.5 2
8512.5 3
8513.5 1
8514.5 0
8515.5 0
8516.5 0
8517.5 1
8518.5 0
8519.5 0
8520.5 -1.4
8521.5 0
8522.5 -1.4
8523.5 -0.4
8524.5 0
8525.5 -2.2
8526.5 0.6
8527.5 0
8528.5 -1.4
8529.5 1.6
8530.5 0.6
8531.5 -0.4
8532.5 2
8533.5 -0.4
8534.5 2
8535.5 -3.2
8536.5 2
8537.5 0
8538.5 -1.4
8539.5 -1.8
8540.5 2
8541.5 -1.4
8542.5 0
8543.5 -2.8
8544.5 1
8545.5 2
8546.5 2
8547.5 0
8548.5 2
8549.5 0
8550.5 -3.2
8551.5 3
8552.5 1
8553.5 0
8554.5 0
8555.5 -0.4
8556.5 0
8557.5 0
8558.5 2
8559.5 -1.8
8560.5 1
8561.5 -3.2
8562.5 0
8563.5 0
8564.5 0
8565.5 1
8566.5 0
8567.5 -1.4
8568.5 0
8569.5 0
8570.5 -2.2
8571.5 2
8572.5 -4.2
8573.5 2
8574.5 2
8575.5 1.6
8576.5 3.6
8577.5 2
8578.5 -0.2
8579.5 12
8580.5 8.2
8581.5 10.6
8582.5 7.6
8583.5 16
8584.5 17
8585.5 11
8586.5 7
8587.5 8.2
8588.5 3
8589.5 4
8590.5 2
8591.5 0.6
8592.5 0
8593.5 -1.4
8594.5 1
8595.5 1
8596.5 2
8597.5 0
8598.5 1
8599.5 0
8600.5 1
8601.5 0
8602.5 1
8603.5 0
8604.5 0
8605.5 -1.4
8606.5 -0.4
8607.5 0
8608.5 0
8609.5 0
8610.5 0
8611.5 1
8612.5 -1.4
8613.5 0
8614.5 2
8615.5 0
8616.5 0
8617.5 1.6
8618.5 0.6
8619.5 0
8620.5 3
8621.5 -1.4
8622.5 -1.4
8623.5 0
8624.5 0
8625.5 0
8626.5 1
8627.5 0
8628.5 0
8629.5 -1.4
8630.5 1
8631.5 1
8632.5 0.6
8633.5 -1.4
8634.5 2
8635.5 1
8636.5 0
8637.5 0
8638.5 0
8639.5 -0.4
8640.5 1
8641.5 -1.4
8642.5 -0.4
8643.5 2
8644.5 2
8645.5 0
8646.5 0
8647.5 0
8648.5 2
8649.5 -2.8
8650.5 1
8651.5 0
8652.5 0
8653.5 0
8654.5 -5.6
8655.5 -1.4
8656.5 -0.4
8657.5 1
8658.5 1
8659.5 1
8660.5 -1.4
8661.5 1
8662.5 1
8663.5 0
8664.5 -0.8
8665.5 0
8666.5 1
8667.5 0
8668.5 1
8669.5 0
8670.5 1
8671.5 -0.4
8672.5 1
8673.5 -1.4
8674.5 -1.4
8675.5 -1.4
8676.5 0
8677.5 0
8678.5 2
8679.5 1
8680.5 0
8681.5 1
8682.5 0
8683.5 1
8684.5 0
8685.5 0
8686.5 -1.4
8687.5 0
8688.5 1
8689.5 1
8690.5 0.6
8691.5 0
8692.5 0
8693.5 0
8694.5 -1.4
8695.5 0.2
8696.5 0
8697.5 1
8698.5 0
8699.5 0
8700.5 0
8701.5 0.6
8702.5 -1.4
8703.5 0
8704.5 0
8705.5 0
8706.5 1
8707.5 -1.8
8708.5 2
8709.5 -1.4
8710.5 2
8711.5 0
8712.5 0
8713.5 0
8714.5 0
8715.5 -0.4
8716.5 -1.4
8717.5 0
8718.5 -1.4
8719.5 1
8720.5 1
8721.5 0
8722.5 0
8723.5 0
8724.5 -1.4
8725.5 -1.4
8726.5 -1.8
8727.5 1
8728.5 0
8729.5 -1.4
8730.5 1
8731.5 -0.4
8732.5 1
8733.5 0
8734.5 2
8735.5 1
8736.5 1
8737.5 0
8738.5 0
8739.5 2
8740.5 0
8741.5 0
8742.5 0
8743.5 1
8744.5 0
8745.5 1
8746.5 0
8747.5 -1.4
8748.5 -1.4
8749.5 1
8750.5 1
8751.5 2
8752.5 0
8753.5 -0.4
8754.5 0
8755.5 0
8756.5 -1.4
8757.5 0
8758.5 0
8759.5 -1.4
8760.5 0
8761.5 1
8762.5 1
8763.5 0
8764.5 -0.4
8765.5 1
8766.5 0
8767.5 0
8768.5 1
8769.5 0
8770.5 0
8771.5 -1.4
8772.5 -1.4
8773.5 1
8774.5 1
8775.5 0
8776.5 0
8777.5 1
8778.5 0
8779.5 -1.4
8780.5 1
8781.5 0
8782.5 -0.4
8783.5 0
8784.5 0
8785.5 0
8786.5 1
8787.5 0
8788.5 -1.4
8789.5 0
8790.5 0
8791.5 0
8792.5 -1.4
8793.5 0
8794.5 0
8795.5 0
8796.5 -0.4
8797.5 0
8798.5 2
8799.5 0
8800.5 0.6
8801.5 1
8802.5 0
8803.5 0
8804.5 2
8805.5 0
8806.5 0
8807.5 1
8808.5 1
8809.5 0
8810.5 -1.4
8811.5 1
8812.5 -0.4
8813.5 0
8814.5 -1.4
8815.5 -0.4
8816.5 -1.4
8817.5 0
8818.5 0
8819.5 -1.4
8820.5 1
8821.5 0
8822.5 1
8823.5 1
8824.5 2
8825.5 0
8826.5 0
8827.5 0
8828.5 1
8829.5 0
8830.5 0
8831.5 0
8832.5 0
8833.5 -1.4
8834.5 -1.4
8835.5 0
8836.5 -1.4
8837.5 0
8838.5 1
8839.5 0
8840.5 -2.8
8841.5 0
8842.5 0
8843.5 -2.8
8844.5 0.2
8845.5 0.6
8846.5 -2.8
8847.5 -2.8
8848.5 1
8849.5 5
8850.5 -2.8
8851.5 1
8852.5 0
8853.5 0
8854.5 -1.4
8855.5 1
8856.5 0
8857.5 1
8858.5 1
8859.5 1
8860.5 1
8861.5 0
8862.5 0
8863.5 1
8864.5 -1.4
8865.5 0
8866.5 1
8867.5 -1.4
8868.5 0
8869.5 -1.4
8870.5 -0.4
8871.5 0
8872.5 0
8873.5 -1.4
8874.5 0
8875.5 0
8876.5 0
8877.5 0
8878.5 1
8879.5 1
8880.5 1
8881.5 0
8882.5 0
8883.5 0
8884.5 0
8885.5 0
8886.5 1
8887.5 0
8888.5 -1.4
8889.5 -2.8
8890.5 0
8891.5 0
8892.5 0
8893.5 0
8894.5 0.6
8895.5 -1.4
8896.5 -1.4
8897.5 0
8898.5 0
8899.5 0
8900.5 0
8901.5 -0.4
8902.5 0
8903.5 1
8904.5 2
8905.5 -0.4
8906.5 -1.4
8907.5 0
8908.5 -1.4
8909.5 0
8910.5 0
8911.5 0
8912.5 1
8913.5 0
8914.5 0
8915.5 0
8916.5 0
8917.5 0
8918.5 -1.4
8919.5 0
8920.5 0
8921.5 0
8922.5 1
8923.5 0
8924.5 0
8925.5 1
8926.5 0
8927.5 1
8928.5 0
8929.5 -1.4
8930.5 1
8931.5 0
8932.5 0
8933.5 1
8934.5 -0.4
8935.5 -1.4
8936.5 1
8937.5 -2.8
8938.5 0
8939.5 0
8940.5 0
8941.5 0
8942.5 0
8943.5 1
8944.5 0
8945.5 1
8946.5 0
8947.5 -1.4
8948.5 0
8949.5 0
8950.5 1
8951.5 2
8952.5 -1.4
8953.5 0
8954.5 1
8955.5 0
8956.5 0
8957.5 0
8958.5 1
8959.5 1
8960.5 0
8961.5 0.6
8962.5 0
8963.5 -1.4
8964.5 0
8965.5 1
8966.5 0
8967.5 0.6
8968.5 2
8969.5 1
8970.5 -0.4
8971.5 0
8972.5 0
8973.5 1
8974.5 0
8975.5 1
8976.5 1
8977.5 0
8978.5 1
8979.5 0
8980.5 0
8981.5 1
8982.5 0
8983.5 0
8984.5 1
8985.5 0
8986.5 -1.4
8987.5 -0.4
8988.5 0
8989.5 1
8990.5 -3.2
8991.5 0
8992.5 0
8993.5 -0.4
8994.5 0
8995.5 0
8996.5 -0.4
8997.5 0
8998.5 -1.4
8999.5 0
9000.5 0
9001.5 0
9002.5 1
9003.5 0
9004.5 -0.4
9005.5 -1.4
9006.5 1
9007.5 -1.4
9008.5 0
9009.5 -0.4
9010.5 0
9011.5 1
9012.5 0
9013.5 2
9014.5 0
9015.5 0
9016.5 0
9017.5 -1.4
9018.5 1
9019.5 0
9020.5 -0.4
9021.5 0
9022.5 -1.4
9023.5 0
9024.5 0
9025.5 2
9026.5 1
9027.5 0
9028.5 -1.4
9029.5 0
9030.5 0
9031.5 0
9032.5 1
9033.5 -0.4
9034.5 0
9035.5 1
9036.5 0
9037.5 0
9038.5 0
9039.5 0
9040.5 0
9041.5 0
9042.5 -1.4
9043.5 1
9044.5 0
9045.5 0
9046.5 0
9047.5 0
9048.5 1
9049.5 0
9050.5 0
9051.5 0
9052.5 0
9053.5 0
9054.5 1
9055.5 0
9056.5 0
9057.5 -1.4
9058.5 0
9059.5 1
9060.5 0
9061.5 -1.4
9062.5 0
9063.5 0
9064.5 -2.8
9065.5 0
9066.5 0
9067.5 2
9068.5 0
9069.5 0
9070.5 0
9071.5 0
9072.5 0
9073.5 0
9074.5 -1.4
9075.5 0
9076.5 0
9077.5 1
9078.5 0
9079.5 -1.4
9080.5 -2.8
9081.5 0
9082.5 1
9083.5 -0.4
9084.5 -1.4
9085.5 0
9086.5 1
9087.5 0
9088.5 0
9089.5 -0.4
9090.5 0
9091.5 0
9092.5 0
9093.5 2
9094.5 0
9095.5 0
9096.5 0
9097.5 0
9098.5 2
9099.5 0
9100.5 1
9101.5 0
9102.5 -1.4
9103.5 0
9104.5 2
9105.5 0
9106.5 1
9107.5 0
9108.5 1
9109.5 -1.4
9110.5 1
9111.5 -1.4
9112.5 0
9113.5 0
9114.5 0
9115.5 0
9116.5 0
9117.5 0
9118.5 -1.4
9119.5 0
9120.5 -1.4
9121.5 0
9122.5 1
9123.5 1
9124.5 2
9125.5 0
9126.5 0
9127.5 0
9128.5 -1.4
9129.5 1
9130.5 0
9131.5 0
9132.5 1
9133.5 0
9134.5 2
9135.5 -1.4
9136.5 0
9137.5 -1.4
9138.5 0
9139.5 0
9140.5 -2.8
9141.5 1
9142.5 -1.4
9143.5 0
9144.5 -1.4
9145.5 0
9146.5 1
9147.5 0
9148.5 0
9149.5 0
9150.5 1
9151.5 0
9152.5 -2.8
9153.5 0
9154.5 0
9155.5 0
9156.5 -0.4
9157.5 1
9158.5 -1.4
9159.5 0
9160.5 0
9161.5 0
9162.5 0
9163.5 0
9164.5 1
9165.5 0
9166.5 1
9167.5 1
9168.5 0
9169.5 0
9170.5 0
9171.5 0
9172.5 1
9173.5 0
9174.5 0
9175.5 0
9176.5 0
9177.5 0
9178.5 0
9179.5 0
9180.5 0
9181.5 1
9182.5 0
9183.5 0
9184.5 0
9185.5 0
9186.5 0
9187.5 0
9188.5 0
9189.5 1
9190.5 -1.4
9191.5 -1.4
9192.5 1
9193.5 0
9194.5 0
9195.5 1
9196.5 0
9197.5 0
9198.5 0
9199.5 1
9200.5 0
9201.5 1
9202.5 0
9203.5 -0.4
9204.5 0
9205.5 1
9206.5 -1.4
9207.5 0
9208.5 3
9209.5 -1.4
9210.5 0
9211.5 -0.4
9212.5 0
9213.5 0
9214.5 0
9215.5 -1.4
9216.5 0
9217.5 0
9218.5 0
9219.5 0
9220.5 1
9221.5 1
9222.5 0
9223.5 0
9224.5 0
9225.5 0
9226.5 0
9227.5 0
9228.5 0
9229.5 1
9230.5 0
9231.5 -1.4
9232.5 1
9233.5 0
9234.5 0
9235.5 0
9236.5 -1.4
9237.5 0
9238.5 0
9239.5 1
9240.5 0
9241.5 0
9242.5 -0.4
9243.5 0
9244.5 0
9245.5 0
9246.5 1
9247.5 -1.4
9248.5 0
9249.5 0
9250.5 0
9251.5 0
9252.5 0
9253.5 1
9254.5 1
9255.5 0
9256.5 0
9257.5 -1.4
9258.5 0
9259.5 -0.4
9260.5 0
9261.5 0
9262.5 -0.4
9263.5 0
9264.5 0
9265.5 -0.4
9266.5 0
9267.5 0
9268.5 0
9269.5 0
9270.5 -0.4
9271.5 0
9272.5 1
9273.5 1
9274.5 -1.4
9275.5 -1.4
9276.5 0
9277.5 -0.4
9278.5 0
9279.5 0
9280.5 0
9281.5 1
9282.5 1
9283.5 0
9284.5 0
9285.5 -1.4
9286.5 1
9287.5 0
9288.5 0
9289.5 0
9290.5 -1.4
9291.5 0
9292.5 0
9293.5 0
9294.5 0
9295.5 3
9296.5 0
9297.5 0
9298.5 1
9299.5 0
9300.5 0
9301.5 0
9302.5 0
9303.5 1
9304.5 0
9305.5 0
9306.5 -0.4
9307.5 0
9308.5 0
9309.5 2
9310.5 -1.4
9311.5 1
9312.5 1
9313.5 0
9314.5 0
9315.5 1
9316.5 1
9317.5 1
9318.5 0
9319.5 0
9320.5 0
9321.5 0
9322.5 0
9323.5 -2.8
9324.5 -0.4
9325.5 1
9326.5 0
9327.5 0
9328.5 0
9329.5 0
9330.5 0
9331.5 -1.4
9332.5 0
9333.5 -1.8
9334.5 0
9335.5 0
9336.5 0
9337.5 0
9338.5 0
9339.5 0
9340.5 1
9341.5 0
9342.5 0
9343.5 0
9344.5 0
9345.5 1
9346.5 1
9347.5 0
9348.5 -1.4
9349.5 0
9350.5 0
9351.5 0
9352.5 0
9353.5 0
9354.5 -1.4
9355.5 0
9356.5 0
9357.5 0
9358.5 1
9359.5 0
9360.5 0
9361.5 0
9362.5 -1.4
9363.5 0
9364.5 0
9365.5 0
9366.5 0
9367.5 2
9368.5 -1.4
9369.5 0
9370.5 0
9371.5 -2.8
9372.5 0
9373.5 0
9374.5 -1.4
9375.5 1
9376.5 0
9377.5 0
9378.5 0
9379.5 0
9380.5 -1.4
9381.5 -0.4
9382.5 0
9383.5 -1.4
9384.5 0
9385.5 0
9386.5 -1.4
9387.5 -1.4
9388.5 0
9389.5 0
9390.5 0
9391.5 -0.4
9392.5 1
9393.5 1
9394.5 0
9395.5 0
9396.5 0
9397.5 0
9398.5 0
9399.5 0
9400.5 0
9401.5 0
9402.5 1
9403.5 1
9404.5 0
9405.5 1
9406.5 0
9407.5 0
9408.5 0
9409.5 0
9410.5 2
9411.5 0
9412.5 0
9413.5 -2.8
9414.5 -1.4
9415.5 0
9416.5 0
9417.5 0
9418.5 -1.4
9419.5 0
9420.5 0
9421.5 0
9422.5 0
9423.5 1
9424.5 0
9425.5 0
9426.5 0
9427.5 0
9428.5 0
9429.5 0
9430.5 0
9431.5 0.6
9432.5 0
9433.5 0
9434.5 0
9435.5 -1.4
9436.5 1
9437.5 -1.4
9438.5 0
9439.5 -0.4
9440.5 0
9441.5 -1.4
9442.5 0
9443.5 -1.4
9444.5 1
9445.5 0
9446.5 0
9447.5 0
9448.5 0
9449.5 0
9450.5 -1.4
9451.5 1
9452.5 1
9453.5 -1.4
9454.5 0
9455.5 0
9456.5 0
9457.5 1
9458.5 0
9459.5 -1.4
9460.5 0
9461.5 0
9462.5 -1.4
9463.5 0
9464.5 0
9465.5 3
9466.5 0
9467.5 0
9468.5 -1.4
9469.5 0
9470.5 0
9471.5 -1.4
9472.5 0
9473.5 0
9474.5 0
9475.5 2
9476.5 1
9477.5 0
9478.5 0
9479.5 0
9480.5 0
9481.5 0
9482.5 0
9483.5 0
9484.5 -1.4
9485.5 0
9486.5 0
9487.5 0
9488.5 0
9489.5 0
9490.5 1
9491.5 -1.4
9492.5 0
9493.5 1
9494.5 0
9495.5 0
9496.5 0
9497.5 0
9498.5 0
9499.5 0
9500.5 0
9501.5 -0.4
9502.5 0
9503.5 0
9504.5 0
9505.5 -1.4
9506.5 1
9507.5 0
9508.5 0
9509.5 0
9510.5 0
9511.5 -1.4
9512.5 0
9513.5 1
9514.5 0
9515.5 0
9516.5 0
9517.5 0
9518.5 0
9519.5 1
9520.5 0
9521.5 0
9522.5 1
9523.5 0
9524.5 1
9525.5 0
9526.5 0
9527.5 0
9528.5 -0.4
9529.5 -1.4
9530.5 0
9531.5 0
9532.5 0
9533.5 0
9534.5 0
9535.5 0
9536.5 0
9537.5 0
9538.5 0
9539.5 0
9540.5 1
9541.5 -1.4
9542.5 0
9543.5 0
9544.5 0
9545.5 0
9546.5 0
9547.5 0
9548.5 0
9549.5 0
9550.5 0
9551.5 0
9552.5 0
9553.5 0
9554.5 0
9555.5 0
9556.5 0
9557.5 0
9558.5 0
9559.5 0
9560.5 0
9561.5 0
9562.5 0
9563.5 0
9564.5 -1.4
9565.5 -1.4
9566.5 0
9567.5 0
9568.5 0
9569.5 0.6
9570.5 0
9571.5 0
9572.5 0
9573.5 0
9574.5 0
9575.5 0
9576.5 0
9577.5 0
9578.5 0
9579.5 0
9580.5 0
9581.5 0
9582.5 -1.4
9583.5 1
9584.5 0
9585.5 0
9586.5 0
9587.5 0
9588.5 0
9589.5 0
9590.5 0
9591.5 0
9592.5 0
9593.5 0
9594.5 0
9595.5 0
9596.5 -1.4
9597.5 1
9598.5 0
9599.5 0
9600.5 0
9601.5 1
9602.5 0
9603.5 0
9604.5 0
9605.5 0
9606.5 0
9607.5 0
9608.5 0
9609.5 1
9610.5 0
9611.5 0
9612.5 0
9613.5 1
9614.5 0
9615.5 0
9616.5 1
9617.5 -1.4
9618.5 0
9619.5 0
9620.5 1
9621.5 -1.4
9622.5 0
9623.5 1
9624.5 0
9625.5 0
9626.5 0
9627.5 1
9628.5 0
9629.5 0
9630.5 0
9631.5 0
9632.5 1
9633.5 0
9634.5 0
9635.5 0
9636.5 0
9637.5 0
9638.5 0
9639.5 0
9640.5 0
9641.5 0
9642.5 -1.4
9643.5 0
9644.5 1
9645.5 0
9646.5 0
9647.5 0
9648.5 0
9649.5 0
9650.5 0
9651.5 0
9652.5 0
9653.5 2
9654.5 -1.4
9655.5 0
9656.5 0
9657.5 0
9658.5 0
9659.5 0
9660.5 -1.4
9661.5 0
9662.5 0
9663.5 0
9664.5 0
9665.5 0
9666.5 -1.4
9667.5 0
9668.5 0
9669.5 -1.4
9670.5 0
9671.5 0
9672.5 -1.4
9673.5 1
9674.5 -1.4
9675.5 0
9676.5 1
9677.5 0
9678.5 0
9679.5 0
9680.5 0
9681.5 0
9682.5 0
9683.5 0
9684.5 0
9685.5 0
9686.5 0
9687.5 0
9688.5 0
9689.5 0
9690.5 0
9691.5 -0.4
9692.5 0
9693.5 0
9694.5 1
9695.5 0
9696.5 0
9697.5 0
9698.5 0
9699.5 0
9700.5 0
9701.5 0
9702.5 1
9703.5 0
9704.5 -2.8
9705.5 0
9706.5 0
9707.5 0
9708.5 0
9709.5 0
9710.5 -1.4
9711.5 0
9712.5 0
9713.5 0
9714.5 0
9715.5 0
9716.5 0
9717.5 0
9718.5 0
9719.5 0
9720.5 0
9721.5 0
9722.5 0
9723.5 0
9724.5 0
9725.5 0
9726.5 0
9727.5 1
9728.5 0
9729.5 0
9730.5 0
9731.5 0
9732.5 0
9733.5 0
9734.5 0
9735.5 -1.4
9736.5 0
9737.5 0
9738.5 0
9739.5 1
9740.5 2
9741.5 -0.4
9742.5 0
9743.5 0
9744.5 0
9745.5 0
9746.5 0
9747.5 0
9748.5 0
9749.5 0
9750.5 0
9751.5 -1.4
9752.5 1
9753.5 0
9754.5 0
9755.5 0
9756.5 0
9757.5 0
9758.5 0
9759.5 0
9760.5 0
9761.5 -1.4
9762.5 0
9763.5 0
9764.5 0
9765.5 0
9766.5 0
9767.5 0
9768.5 0
9769.5 0
9770.5 0
9771.5 0
9772.5 0
9773.5 1
9774.5 0
9775.5 0
9776.5 0
9777.5 -1.4
9778.5 0
9779.5 0
9780.5 0
9781.5 0
9782.5 0
9783.5 0
9784.5 0
9785.5 0
9786.5 0
9787.5 0
9788.5 0
9789.5 0
9790.5 0
9791.5 0
9792.5 0
9793.5 0
9794.5 0
9795.5 0
9796.5 0
9797.5 0
9798.5 -0.4
9799.5 0
9800.5 0
9801.5 0
9802.5 -1.4
9803.5 -1.4
9804.5 0
9805.5 0
9806.5 0
9807.5 0
9808.5 0
9809.5 0
9810.5 0
9811.5 0
9812.5 2
9813.5 -1.4
9814.5 0
9815.5 0
9816.5 -1.4
9817.5 0
9818.5 0
9819.5 0
9820.5 0
9821.5 0
9822.5 0
9823.5 0
9824.5 0
9825.5 0
9826.5 0
9827.5 0
9828.5 0
9829.5 0
9830.5 0
9831.5 0
9832.5 0
9833.5 0
9834.5 0
9835.5 0
9836.5 -1.4
9837.5 0
9838.5 0
9839.5 0
9840.5 0
9841.5 0
9842.5 0
9843.5 0
9844.5 0
9845.5 0
9846.5 0
9847.5 0
9848.5 0
9849.5 0
9850.5 0
9851.5 0
9852.5 1
9853.5 0
9854.5 0
9855.5 0
9856.5 0
9857.5 0
9858.5 0
9859.5 0
9860.5 0
9861.5 0
9862.5 0
9863.5 0
9864.5 0
9865.5 0
9866.5 0
9867.5 0
9868.5 0
9869.5 0
9870.5 0
9871.5 0
9872.5 0
9873.5 0
9874.5 0
9875.5 0
9876.5 0
9877.5 0
9878.5 0
9879.5 0
9880.5 0
9881.5 0
9882.5 1
9883.5 0
9884.5 0
9885.5 0
9886.5 0
9887.5 0
9888.5 0
9889.5 0
9890.5 0
9891.5 0
9892.5 0
9893.5 0
9894.5 0
9895.5 0
9896.5 0
9897.5 0
9898.5 0
9899.5 0
9900.5 0
9901.5 0
9902.5 0
9903.5 0
9904.5 0
9905.5 0
9906.5 0
9907.5 0
9908.5 0
9909.5 0
9910.5 0
9911.5 0
9912.5 0
9913.5 0
9914.5 0
9915.5 0
9916.5 0
9917.5 0
9918.5 0
9919.5 0
9920.5 0
9921.5 0
9922.5 0
9923.5 0
9924.5 0
9925.5 1
9926.5 -1.4
9927.5 0
9928.5 0
9929.5 0
9930.5 0
9931.5 0
9932.5 0
9933.5 0
9934.5 0
9935.5 0
9936.5 0
9937.5 0
9938.5 0
9939.5 0
9940.5 0
9941.5 0
9942.5 0
9943.5 0
9944.5 0
9945.5 -1.4
9946.5 0
9947.5 0
9948.5 0
9949.5 0
9950.5 0
9951.5 0
9952.5 0
9953.5 0
9954.5 0
9955.5 0
9956.5 0
9957.5 0
9958.5 0
9959.5 0
9960.5 0
9961.5 0
9962.5 0
9963.5 0
9964.5 0
9965.5 0
9966.5 0
9967.5 0
9968.5 -0.4
9969.5 0
9970.5 0
9971.5 0
9972.5 0
9973.5 0
9974.5 0
9975.5 1
9976.5 0
9977.5 0
9978.5 0
9979.5 0
9980.5 0
9981.5 0
9982.5 0
9983.5 0
9984.5 0
9985.5 0
9986.5 0
9987.5 0
9988.5 0
9989.5 0
9990.5 0
9991.5 0
9992.5 1
9993.5 0
9994.5 1
9995.5 0
9996.5 0
9997.5 0
9998.5 0
9999.5 0
10000.5 0
10001.5 0
10002.5 0
10003.5 0
10004.5 0
10005.5 0
10006.5 0
10007.5 0
10008.5 0
10009.5 0
10010.5 0
10011.5 0
10012.5 0
10013.5 0
10014.5 0
10015.5 0
10016.5 0
10017.5 0
10018.5 -1.4
10019.5 0
10020.5 0
10021.5 1
10022.5 0
10023.5 0
10024.5 0
10025.5 0
10026.5 0
10027.5 0
10028.5 0
10029.5 1
10030.5 0
10031.5 0
10032.5 0
10033.5 0
10034.5 1
10035.5 0
10036.5 0
10037.5 0
10038.5 0
10039.5 0
10040.5 1
10041.5 0
10042.5 0
10043.5 0
10044.5 0
10045.5 0
10046.5 0
10047.5 0
10048.5 0
10049.5 1
10050.5 0
10051.5 0
10052.5 0
10053.5 0
10054.5 0
10055.5 0
10056.5 0
10057.5 0
10058.5 0
10059.5 0
10060.5 0
10061.5 0
10062.5 0
10063.5 0
10064.5 0
10065.5 0
10066.5 0
10067.5 0
10068.5 0
10069.5 0
10070.5 0
10071.5 0
10072.5 0
10073.5 0
10074.5 0
10075.5 0
10076.5 -1.4
10077.5 0
10078.5 0
10079.5 0
10080.5 0
10081.5 0
10082.5 0
10083.5 0
10084.5 0
10085.5 0
10086.5 0
10087.5 0
10088.5 0
10089.5 0
10090.5 0
10091.5 0
10092.5 0
10093.5 0
10094.5 0
10095.5 0
10096.5 0
10097.5 0
10098.5 0
10099.5 0
10100.5 0
10101.5 0
10102.5 0
10103.5 0
10104.5 0
10105.5 0
10106.5 0
10107.5 0
10108.5 0
10109.5 0
10110.5 0
10111.5 0
10112.5 0
10113.5 0
10114.5 0
10115.5 0
10116.5 0
10117.5 1
10118.5 0
10119.5 0
10120.5 0
10121.5 0
10122.5 0
10123.5 0
10124.5 0
10125.5 0
10126.5 0
10127.5 0
10128.5 0
10129.5 0
10130.5 0
10131.5 0
10132.5 0
10133.5 0
10134.5 0
10135.5 0
10136.5 0
10137.5 0
10138.5 0
10139.5 0
10140.5 0
10141.5 0
10142.5 0
10143.5 0
10144.5 0
10145.5 0
10146.5 0
10147.5 0
10148.5 0
10149.5 0
10150.5 0
10151.5 0
10152.5 -1.4
10153.5 1
10154.5 0
10155.5 0
10156.5 0
10157.5 0
10158.5 0
10159.5 0
10160.5 0
10161.5 0
10162.5 0
10163.5 1
10164.5 0
10165.5 0
10166.5 0
10167.5 0
10168.5 0
10169.5 0
10170.5 0
10171.5 0
10172.5 0
10173.5 0
10174.5 0
10175.5 0
10176.5 0
10177.5 0
10178.5 0
10179.5 0
10180.5 0
10181.5 0
10182.5 0
10183.5 0
10184.5 0
10185.5 0
10186.5 0
10187.5 0
10188.5 0
10189.5 0
10190.5 0
10191.5 0
10192.5 0
10193.5 0
10194.5 0
10195.5 1
10196.5 0
10197.5 0
10198.5 0
10199.5 0
10200.5 0
10201.5 0
10202.5 0
10203.5 0
10204.5 0
10205.5 0
10206.5 0
10207.5 0
10208.5 0
10209.5 0
10210.5 0
10211.5 0
10212.5 0
10213.5 0
10214.5 0
10215.5 0
10216.5 0
10217.5 0
10218.5 0
10219.5 0
10220.5 0
10221.5 0
10222.5 0
10223.5 0
10224.5 0
10225.5 0
10226.5 0
10227.5 0
10228.5 0
10229.5 0
10230.5 0
10231.5 0
10232.5 0
10233.5 0
10234.5 0
10235.5 0
10236.5 0
10237.5 0
10238.5 0
10239.5 0
10240.5 0
10241.5 0
10242.5 0
10243.5 0
10244.5 0
10245.5 0
10246.5 0
10247.5 0
10248.5 1
10249.5 0
10250.5 0
10251.5 0
10252.5 0
10253.5 0
10254.5 0
10255.5 0
10256.5 0
10257.5 1
10258.5 0
10259.5 0
10260.5 0
10261.5 1
10262.5 0
10263.5 0
10264.5 0
10265.5 0
10266.5 -1.4
10267.5 0
10268.5 0
10269.5 0
10270.5 0
10271.5 0
10272.5 0
10273.5 0
10274.5 0
10275.5 0
10276.5 0
10277.5 0
10278.5 0
10279.5 1
10280.5 0
10281.5 0
10282.5 0
10283.5 0
10284.5 0
10285.5 0
10286.5 0
10287.5 0
10288.5 0
10289.5 0
10290.5 0
10291.5 0
10292.5 0
10293.5 0
10294.5 0
10295.5 0
10296.5 0
10297.5 0
10298.5 0
10299.5 0
10300.5 0
10301.5 0
10302.5 0
10303.5 1
10304.5 0
10305.5 1
10306.5 0
10307.5 0
10308.5 0
10309.5 0
10310.5 0
10311.5 0
10312.5 0
10313.5 0
10314.5 0
10315.5 0
10316.5 0
10317.5 0
10318.5 0
10319.5 0
10320.5 0
10321.5 0
10322.5 0
10323.5 0
10324.5 0
10325.5 0
10326.5 0
10327.5 0
10328.5 0
10329.5 0
10330.5 0
10331.5 0
10332.5 0
10333.5 0
10334.5 0
10335.5 0
10336.5 0
10337.5 0
10338.5 0
10339.5 -1.4
10340.5 0
10341.5 0
10342.5 0
10343.5 0
10344.5 0
10345.5 0
10346.5 0
10347.5 0
10348.5 0
10349.5 0
10350.5 0
10351.5 0
10352.5 0
10353.5 0
10354.5 0
10355.5 0
10356.5 0
10357.5 0
10358.5 0
10359.5 0
10360.5 1
10361.5 0
10362.5 0
10363.5 0
10364.5 0
10365.5 0
10366.5 0
10367.5 0
10368.5 0
10369.5 0
10370.5 0
10371.5 0
10372.5 0
10373.5 0
10374.5 0
10375.5 0
10376.5 1
10377.5 0
10378.5 0
10379.5 0
10380.5 0
10381.5 0
10382.5 0
10383.5 0
10384.5 0
10385.5 0
10386.5 0
10387.5 0
10388.5 0
10389.5 0
10390.5 0
10391.5 0
10392.5 0
10393.5 0
10394.5 0
10395.5 0
10396.5 0
10397.5 0
10398.5 0
10399.5 0
10400.5 0
10401.5 0
10402.5 0
10403.5 -1.4
10404.5 0
10405.5 0
10406.5 0
10407.5 0
10408.5 0
10409.5 0
10410.5 0
10411.5 0
10412.5 0
10413.5 0
10414.5 0
10415.5 0
10416.5 0
10417.5 1
10418.5 0
10419.5 0
10420.5 0
10421.5 0
10422.5 0
10423.5 0
10424.5 0
10425.5 0
10426.5 0
10427.5 0
10428.5 0
10429.5 0
10430.5 0
10431.5 0
10432.5 0
10433.5 0
10434.5 0
10435.5 0
10436.5 0
10437.5 0
10438.5 0
10439.5 0
10440.5 0
10441.5 0
10442.5 0
10443.5 0
10444.5 0
10445.5 0
10446.5 0
10447.5 0
10448.5 0
10449.5 0
10450.5 0
10451.5 0
10452.5 0
10453.5 0
10454.5 0
10455.5 0
10456.5 0
10457.5 0
10458.5 0
10459.5 -1.4
10460.5 0
10461.5 0
10462.5 0
10463.5 0
10464.5 0
10465.5 0
10466.5 0
10467.5 0
10468.5 0
10469.5 0
10470.5 0
10471.5 0
10472.5 0
10473.5 0
10474.5 0
10475.5 0
10476.5 0
10477.5 0
10478.5 0
10479.5 0
10480.5 0
10481.5 0
10482.5 0
10483.5 0
10484.5 0
10485.5 0
10486.5 0
10487.5 0
10488.5 0
10489.5 0
10490.5 0
10491.5 0
10492.5 0
10493.5 0
10494.5 1
10495.5 0
10496.5 0
10497.5 0
10498.5 0
10499.5 0
10500.5 0
10501.5 0
10502.5 0
10503.5 0
10504.5 0
10505.5 0
10506.5 0
10507.5 0
10508.5 0
10509.5 0
10510.5 0
10511.5 0
10512.5 0
10513.5 0
10514.5 0
10515.5 0
10516.5 0
10517.5 0
10518.5 0
10519.5 0
10520.5 0
10521.5 0
10522.5 0
10523.5 0
10524.5 0
10525.5 0
10526.5 0
10527.5 1
10528.5 0
10529.5 0
10530.5 0
10531.5 0
10532.5 0
10533.5 0
10534.5 0
10535.5 0
10536.5 0
10537.5 0
10538.5 0
10539.5 0
10540.5 0
10541.5 0
10542.5 0
10543.5 0
10544.5 0
10545.5 0
10546.5 0
10547.5 0
10548.5 0
10549.5 0
10550.5 0
10551.5 0
10552.5 0
10553.5 0
10554.5 0
10555.5 0
10556.5 0
10557.5 0
10558.5 0
10559.5 0
10560.5 0
10561.5 0
10562.5 0
10563.5 0
10564.5 0
10565.5 0
10566.5 0
10567.5 0
10568.5 0
10569.5 0
10570.5 0
10571.5 0
10572.5 0
10573.5 0
10574.5 0
10575.5 0
10576.5 0
10577.5 0
10578.5 0
10579.5 0
10580.5 0
10581.5 0
10582.5 0
10583.5 0
10584.5 0
10585.5 0
10586.5 0
10587.5 0
10588.5 0
10589.5 0
10590.5 0
10591.5 0
10592.5 0
10593.5 0
10594.5 0
10595.5 0
10596.5 0
10597.5 0
10598.5 0
10599.5 0
10600.5 0
10601.5 0
10602.5 0
10603.5 0
10604.5 0
10605.5 0
10606.5 0
10607.5 0
10608.5 0
10609.5 0
10610.5 0
10611.5 0
10612.5 0
10613.5 0
10614.5 0
10615.5 0
10616.5 0
10617.5 0
10618.5 0
10619.5 0
10620.5 0
10621.5 0
10622.5 0
10623.5 0
10624.5 0
10625.5 0
10626.5 0
10627.5 0
10628.5 0
10629.5 0
10630.5 1
10631.5 0
10632.5 0
10633.5 0
10634.5 1
10635.5 0
10636.5 0
10637.5 0
10638.5 -1.4
10639.5 0
10640.5 0
10641.5 0
10642.5 0
10643.5 0
10644.5 0
10645.5 0
10646.5 0
10647.5 0
10648.5 0
10649.5 0
10650.5 0
10651.5 0
10652.5 0
10653.5 0
10654.5 0
10655.5 1
10656.5 0
10657.5 0
10658.5 0
10659.5 0
10660.5 0
10661.5 0
10662.5 0
10663.5 0
10664.5 0
10665.5 0
10666.5 0
10667.5 0
10668.5 0
10669.5 0
10670.5 0
10671.5 0
10672.5 0
10673.5 0
10674.5 0
10675.5 0
10676.5 0
10677.5 0
10678.5 0
10679.5 0
10680.5 0
10681.5 0
10682.5 0
10683.5 0
10684.5 0
10685.5 0
10686.5 0
10687.5 0
10688.5 0
10689.5 0
10690.5 0
10691.5 0
10692.5 0
10693.5 0
10694.5 0
10695.5 0
10696.5 0
10697.5 0
10698.5 0
10699.5 0
10700.5 0
10701.5 -1.4
10702.5 0
10703.5 0
10704.5 0
10705.5 0
10706.5 0
10707.5 0
10708.5 0
10709.5 0
10710.5 0
10711.5 0
10712.5 0
10713.5 0
10714.5 0
10715.5 0
10716.5 0
10717.5 0
10718.5 0
10719.5 0
10720.5 0
10721.5 0
10722.5 0
10723.5 0
10724.5 0
10725.5 -1.4
10726.5 0
10727.5 1
10728.5 0
10729.5 0
10730.5 0
10731.5 0
10732.5 0
10733.5 0
10734.5 0
10735.5 0
10736.5 0
10737.5 0
10738.5 0
10739.5 0
10740.5 0
10741.5 0
10742.5 0
10743.5 0
10744.5 0
10745.5 0
10746.5 0
10747.5 0
10748.5 0
10749.5 0
10750.5 0
10751.5 0
10752.5 0
10753.5 0
10754.5 0
10755.5 0
10756.5 0
10757.5 0
10758.5 0
10759.5 0
10760.5 0
10761.5 0
10762.5 0
10763.5 0
10764.5 0
10765.5 0
10766.5 0
10767.5 0
10768.5 0
10769.5 0
10770.5 0
10771.5 0
10772.5 0
10773.5 0
10774.5 0
10775.5 0
10776.5 0
10777.5 0
10778.5 0
10779.5 0
10780.5 0
10781.5 0
10782.5 0
10783.5 0
10784.5 0
10785.5 0
10786.5 0
10787.5 0
10788.5 0
10789.5 0
10790.5 0
10791.5 0
10792.5 0
10793.5 0
10794.5 0
10795.5 0
10796.5 0
10797.5 0
10798.5 0
10799.5 0
10800.5 0
10801.5 0
10802.5 0
10803.5 0
10804.5 0
10805.5 -1.4
10806.5 1
10807.5 0
10808.5 -1.4
10809.5 0
10810.5 0
10811.5 0
10812.5 0
10813.5 0
10814.5 0
10815.5 0
10816.5 0
10817.5 0
10818.5 0
10819.5 0
10820.5 0
10821.5 0
10822.5 0
10823.5 0
10824.5 0
10825.5 0
10826.5 0
10827.5 0
10828.5 0
10829.5 0
10830.5 0
10831.5 0
10832.5 0
10833.5 0
10834.5 0
10835.5 0
10836.5 0
10837.5 0
10838.5 0
10839.5 0
10840.5 0
10841.5 0
10842.5 0
10843.5 0
10844.5 0
10845.5 0
10846.5 0
10847.5 0
10848.5 0
10849.5 0
10850.5 0
10851.5 0
10852.5 0
10853.5 0
10854.5 0
10855.5 0
10856.5 0
10857.5 0
10858.5 0
10859.5 0
10860.5 0
10861.5 0
10862.5 0
10863.5 0
10864.5 0
10865.5 0
10866.5 0
10867.5 0
10868.5 0
10869.5 0
10870.5 0
10871.5 0
10872.5 0
10873.5 0
10874.5 0
10875.5 0
10876.5 0
10877.5 0
10878.5 0
10879.5 0
10880.5 0
10881.5 0
10882.5 0
10883.5 0
10884.5 0
10885.5 0
10886.5 0
10887.5 0
10888.5 0
10889.5 0
10890.5 0
10891.5 0
10892.5 0
10893.5 0
10894.5 0
10895.5 0
10896.5 0
10897.5 0
10898.5 0
10899.5 0
10900.5 0
10901.5 0
10902.5 0
10903.5 0
10904.5 0
10905.5 0
10906.5 0
10907.5 0
10908.5 0
10909.5 0
10910.5 0
10911.5 0
10912.5 0
10913.5 0
10914.5 0
10915.5 0
10916.5 0
10917.5 0
10918.5 0
10919.5 0
10920.5 0
10921.5 0
10922.5 0
10923.5 0
10924.5 0
10925.5 0
10926.5 0
10927.5 1
10928.5 0
10929.5 0
10930.5 0
10931.5 0
10932.5 1
10933.5 0
10934.5 0
10935.5 0
10936.5 0
10937.5 0
10938.5 0
10939.5 0
10940.5 0
10941.5 0
10942.5 0
10943.5 0
10944.5 0
10945.5 1
10946.5 0
10947.5 0
10948.5 0
10949.5 0
10950.5 0
10951.5 0
10952.5 0
10953.5 0
10954.5 0
10955.5 0
10956.5 0
10957.5 0
10958.5 0
10959.5 0
10960.5 -1.4
10961.5 0
10962.5 0
10963.5 0
10964.5 0
10965.5 0
10966.5 0
10967.5 0
10968.5 0
10969.5 0
10970.5 0
10971.5 0
10972.5 0
10973.5 0
10974.5 0
10975.5 0
10976.5 0
10977.5 0
10978.5 0
10979.5 0
10980.5 0
10981.5 0
10982.5 0
10983.5 0
10984.5 0
10985.5 0
10986.5 0
10987.5 0
10988.5 0
10989.5 0
10990.5 0
10991.5 0
10992.5 0
10993.5 0
10994.5 0
10995.5 0
10996.5 0
10997.5 0
10998.5 0
10999.5 0
11000.5 0
11001.5 0
11002.5 0
11003.5 0
11004.5 0
11005.5 0
11006.5 0
11007.5 1
11008.5 0
11009.5 0
11010.5 0
11011.5 0
11012.5 0
11013.5 0
11014.5 0
11015.5 0
11016.5 0
11017.5 0
11018.5 0
11019.5 0
11020.5 0
11021.5 0
11022.5 0
11023.5 0
11024.5 0
11025.5 0
11026.5 0
11027.5 0
11028.5 0
11029.5 0
11030.5 0
11031.5 0
11032.5 0
11033.5 0
11034.5 0
11035.5 0
11036.5 0
11037.5 0
11038.5 0
11039.5 0
11040.5 0
11041.5 0
11042.5 0
11043.5 0
11044.5 0
11045.5 0
11046.5 0
11047.5 0
11048.5 0
11049.5 0
11050.5 0
11051.5 0
11052.5 0
11053.5 0
11054.5 0
11055.5 0
11056.5 0
11057.5 0
11058.5 0
11059.5 0
11060.5 0
11061.5 0
11062.5 0
11063.5 0
11064.5 0
11065.5 0
11066.5 0
11067.5 0
11068.5 0
11069.5 0
11070.5 0
11071.5 0
11072.5 0
11073.5 0
11074.5 0
11075.5 0
11076.5 0
11077.5 0
11078.5 0
11079.5 0
11080.5 0
11081.5 0
11082.5 0
11083.5 0
11084.5 0
11085.5 0
11086.5 0
11087.5 0
11088.5 0
11089.5 0
11090.5 0
11091.5 0
11092.5 0
11093.5 0
11094.5 0
11095.5 0
11096.5 0
11097.5 0
11098.5 0
11099.5 0
11100.5 0
11101.5 0
11102.5 0
11103.5 0
11104.5 0
11105.5 0
11106.5 0
11107.5 0
11108.5 0
11109.5 0
11110.5 1
11111.5 0
11112.5 0
11113.5 0
11114.5 0
11115.5 0
11116.5 0
11117.5 0
11118.5 0
11119.5 0
11120.5 0
11121.5 0
11122.5 0
11123.5 0
11124.5 0
11125.5 0
11126.5 0
11127.5 0
11128.5 0
11129.5 -1.4
11130.5 0
11131.5 0
11132.5 0
11133.5 0
11134.5 0
11135.5 0
11136.5 -1.4
11137.5 0
11138.5 0
11139.5 0
11140.5 0
11141.5 0
11142.5 0
11143.5 0
11144.5 0
11145.5 0
11146.5 0
11147.5 0
11148.5 0
11149.5 0
11150.5 0
11151.5 0
11152.5 0
11153.5 0
11154.5 0
11155.5 0
11156.5 0
11157.5 0
11158.5 0
11159.5 0
11160.5 0
11161.5 0
11162.5 0
11163.5 0
11164.5 0
11165.5 0
11166.5 0
11167.5 0
11168.5 0
11169.5 0
11170.5 0
11171.5 0
11172.5 0
11173.5 0
11174.5 0
11175.5 0
11176.5 0
11177.5 0
11178.5 0
11179.5 0
11180.5 0
11181.5 0
11182.5 0
11183.5 0
11184.5 0
11185.5 0
11186.5 0
11187.5 0
11188.5 0
11189.5 0
11190.5 0
11191.5 0
11192.5 0
11193.5 0
11194.5 0
11195.5 0
11196.5 0
11197.5 0
11198.5 0
11199.5 0
11200.5 0
11201.5 0
11202.5 0
11203.5 0
11204.5 0
11205.5 0
11206.5 0
11207.5 0
11208.5 0
11209.5 0
11210.5 0
11211.5 0
11212.5 0
11213.5 0
11214.5 0
11215.5 0
11216.5 0
11217.5 0
11218.5 0
11219.5 0
11220.5 0
11221.5 0
11222.5 0
11223.5 0
11224.5 0
11225.5 0
11226.5 0
11227.5 0
11228.5 0
11229.5 0
11230.5 0
11231.5 0
11232.5 0
11233.5 0
11234.5 0
11235.5 0
11236.5 0
11237.5 0
11238.5 0
11239.5 0
11240.5 0
11241.5 0
11242.5 0
11243.5 0
11244.5 0
11245.5 0
11246.5 0
11247.5 1
11248.5 0
11249.5 0
11250.5 0
11251.5 0
11252.5 0
11253.5 0
11254.5 0
11255.5 0
11256.5 0
11257.5 0
11258.5 0
11259.5 0
11260.5 0
11261.5 0
11262.5 0
11263.5 0
11264.5 0
11265.5 0
11266.5 0
11267.5 0
11268.5 0
11269.5 0
11270.5 0
11271.5 0
11272.5 0
11273.5 0
11274.5 0
11275.5 0
11276.5 0
11277.5 0
11278.5 0
11279.5 0
11280.5 0
11281.5 0
11282.5 0
11283.5 0
11284.5 0
11285.5 0
11286.5 0
11287.5 0
11288.5 0
11289.5 0
11290.5 0
11291.5 0
11292.5 0
11293.5 0
11294.5 0
11295.5 0
11296.5 0
11297.5 0
11298.5 0
11299.5 0
11300.5 0
11301.5 0
11302.5 0
11303.5 0
11304.5 0
11305.5 0
11306.5 0
11307.5 0
11308.5 0
11309.5 0
11310.5 0
11311.5 0
11312.5 0
11313.5 0
11314.5 0
11315.5 0
11316.5 0
11317.5 0
11318.5 0
11319.5 0
11320.5 0
11321.5 0
11322.5 0
11323.5 0
11324.5 0
11325.5 0
11326.5 0
11327.5 0
11328.5 0
11329.5 0
11330.5 0
11331.5 0
11332.5 0
11333.5 0
11334.5 0
11335.5 0
11336.5 0
11337.5 0
11338.5 0
11339.5 0
11340.5 0
11341.5 0
11342.5 0
11343.5 0
11344.5 0
11345.5 0
11346.5 0
11347.5 0
11348.5 0
11349.5 0
11350.5 0
11351.5 0
11352.5 0
11353.5 0
11354.5 0
11355.5 0
11356.5 0
11357.5 0
11358.5 0
11359.5 0
11360.5 -1.4
11361.5 0
11362.5 0
11363.5 0
11364.5 0
11365.5 0
11366.5 0
11367.5 0
11368.5 0
11369.5 0
11370.5 0
11371.5 0
11372.5 0
11373.5 0
11374.5 0
11375.5 0
11376.5 0
11377.5 0
11378.5 0
11379.5 0
11380.5 0
11381.5 0
11382.5 0
11383.5 0
11384.5 0
11385.5 0
11386.5 0
11387.5 0
11388.5 0
11389.5 0
11390.5 0
11391.5 0
11392.5 0
11393.5 0
11394.5 0
11395.5 0
11396.5 0
11397.5 0
11398.5 0
11399.5 0
11400.5 0
11401.5 0
11402.5 0
11403.5 0
11404.5 0
11405.5 0
11406.5 0
11407.5 0
11408.5 0
11409.5 0
11410.5 1
11411.5 0
11412.5 0
11413.5 1
11414.5 0
11415.5 0
11416.5 0
11417.5 0
11418.5 0
11419.5 0
11420.5 0
11421.5 0
11422.5 0
11423.5 0
11424.5 0
11425.5 0
11426.5 0
11427.5 0
11428.5 0
11429.5 0
11430.5 0
11431.5 0
11432.5 1
11433.5 0
11434.5 0
11435.5 0
11436.5 0
11437.5 0
11438.5 0
11439.5 0
11440.5 0
11441.5 0
11442.5 0
11443.5 0
11444.5 0
11445.5 0
11446.5 0
11447.5 0
11448.5 0
11449.5 0
11450.5 0
11451.5 0
11452.5 0
11453.5 0
11454.5 0
11455.5 0
11456.5 0
11457.5 0
11458.5 0
11459.5 0
11460.5 0
11461.5 0
11462.5 0
11463.5 0
11464.5 0
11465.5 0
11466.5 0
11467.5 0
11468.5 0
11469.5 0
11470.5 0
11471.5 0
11472.5 0
11473.5 0
11474.5 0
11475.5 0
11476.5 0
11477.5 0
11478.5 0
11479.5 0
11480.5 0
11481.5 0
11482.5 0
11483.5 0
11484.5 0
11485.5 0
11486.5 0
11487.5 0
11488.5 0
11489.5 0
11490.5 0
11491.5 0
11492.5 0
11493.5 0
11494.5 0
11495.5 0
11496.5 0
11497.5 1
11498.5 0
11499.5 0
11500.5 0
11501.5 0
11502.5 0
11503.5 0
11504.5 0
11505.5 0
11506.5 0
11507.5 0
11508.5 0
11509.5 0
11510.5 0
11511.5 1
11512.5 0
11513.5 0
11514.5 0
11515.5 0
11516.5 0
11517.5 0
11518.5 0
11519.5 0
11520.5 0
11521.5 0
11522.5 0
11523.5 0
11524.5 0
11525.5 0
11526.5 0
11527.5 0
11528.5 0
11529.5 0
11530.5 0
11531.5 0
11532.5 0
11533.5 0
11534.5 0
11535.5 0
11536.5 0
11537.5 0
11538.5 0
11539.5 0
11540.5 0
11541.5 0
11542.5 0
11543.5 0
11544.5 0
11545.5 0
11546.5 0
11547.5 0
11548.5 0
11549.5 0
11550.5 0
11551.5 0
11552.5 0
11553.5 0
11554.5 0
11555.5 0
11556.5 0
11557.5 0
11558.5 0
11559.5 0
11560.5 0
11561.5 0
11562.5 0
11563.5 0
11564.5 0
11565.5 0
11566.5 0
11567.5 0
11568.5 0
11569.5 0
11570.5 0
11571.5 0
11572.5 0
11573.5 0
11574.5 0
11575.5 0
11576.5 0
11577.5 0
11578.5 0
11579.5 0
11580.5 0
11581.5 0
11582.5 0
11583.5 0
11584.5 0
11585.5 0
11586.5 0
11587.5 0
11588.5 0
11589.5 0
11590.5 0
11591.5 0
11592.5 0
11593.5 0
11594.5 0
11595.5 0
11596.5 0
11597.5 0
11598.5 0
11599.5 0
11600.5 0
11601.5 0
11602.5 0
11603.5 0
11604.5 0
11605.5 0
11606.5 0
11607.5 0
11608.5 0
11609.5 0
11610.5 0
11611.5 0
11612.5 0
11613.5 0
11614.5 0
11615.5 0
11616.5 0
11617.5 0
11618.5 0
11619.5 0
11620.5 0
11621.5 0
11622.5 0
11623.5 0
11624.5 0
11625.5 0
11626.5 0
11627.5 0
11628.5 0
11629.5 0
11630.5 1
11631.5 0
11632.5 0
11633.5 0
11634.5 0
11635.5 0
11636.5 0
11637.5 0
11638.5 0
11639.5 0
11640.5 0
11641.5 0
11642.5 0
11643.5 0
11644.5 0
11645.5 0
11646.5 0
11647.5 0
11648.5 0
11649.5 0
11650.5 0
11651.5 0
11652.5 0
11653.5 0
11654.5 0
11655.5 0
11656.5 0
11657.5 0
11658.5 0
11659.5 0
11660.5 0
11661.5 0
11662.5 0
11663.5 0
11664.5 0
11665.5 0
11666.5 0
11667.5 0
11668.5 0
11669.5 0
11670.5 0
11671.5 0
11672.5 0
11673.5 0
11674.5 0
11675.5 0
11676.5 0
11677.5 0
11678.5 0
11679.5 0
11680.5 0
11681.5 0
11682.5 0
11683.5 0
11684.5 0
11685.5 0
11686.5 0
11687.5 0
11688.5 0
11689.5 0
11690.5 0
11691.5 0
11692.5 0
11693.5 0
11694.5 0
11695.5 0
11696.5 0
11697.5 0
11698.5 0
11699.5 0
11700.5 0
11701.5 0
11702.5 0
11703.5 0
11704.5 0
11705.5 0
11706.5 0
11707.5 0
11708.5 0
11709.5 0
11710.5 0
11711.5 0
11712.5 0
11713.5 0
11714.5 0
11715.5 0
11716.5 0
11717.5 -1.4
11718.5 0
11719.5 0
11720.5 0
11721.5 0
11722.5 0
11723.5 0
11724.5 0
11725.5 0
11726.5 0
11727.5 0
11728.5 0
11729.5 0
11730.5 0
11731.5 0
11732.5 0
11733.5 0
11734.5 0
11735.5 0
11736.5 0
11737.5 0
11738.5 0
11739.5 0
11740.5 0
11741.5 0
11742.5 0
11743.5 0
11744.5 0
11745.5 0
11746.5 0
11747.5 0
11748.5 0
11749.5 0
11750.5 0
11751.5 -1.4
11752.5 0
11753.5 0
11754.5 0
11755.5 0
11756.5 0
11757.5 0
11758.5 0
11759.5 0
11760.5 0
11761.5 0
11762.5 0
11763.5 0
11764.5 0
11765.5 0
11766.5 0
11767.5 0
11768.5 0
11769.5 0
11770.5 0
11771.5 0
11772.5 0
11773.5 0
11774.5 0
11775.5 1
11776.5 0
11777.5 0
11778.5 0
11779.5 0
11780.5 0
11781.5 0
11782.5 0
11783.5 0
11784.5 0
11785.5 0
11786.5 0
11787.5 0
11788.5 0
11789.5 0
11790.5 0
11791.5 0
11792.5 0
11793.5 0
11794.5 0
11795.5 0
11796.5 0
11797.5 0
11798.5 0
11799.5 0
11800.5 0
11801.5 0
11802.5 0
11803.5 0
11804.5 0
11805.5 0
11806.5 0
11807.5 0
11808.5 0
11809.5 0
11810.5 0
11811.5 0
11812.5 0
11813.5 0
11814.5 0
11815.5 0
11816.5 0
11817.5 0
11818.5 0
11819.5 0
11820.5 0
11821.5 0
11822.5 0
11823.5 0
11824.5 0
11825.5 0
11826.5 0
11827.5 0
11828.5 0
11829.5 0
11830.5 0
11831.5 0
11832.5 0
11833.5 0
11834.5 0
11835.5 0
11836.5 0
11837.5 0
11838.5 0
11839.5 0
11840.5 0
11841.5 0
11842.5 0
11843.5 -1.4
11844.5 0
11845.5 0
11846.5 0
11847.5 0
11848.5 0
11849.5 0
11850.5 0
11851.5 0
11852.5 0
11853.5 0
11854.5 0
11855.5 0
11856.5 0
11857.5 0
11858.5 0
11859.5 0
11860.5 0
11861.5 0
11862.5 0
11863.5 0
11864.5 0
11865.5 0
11866.5 0
11867.5 0
11868.5 0
11869.5 0
11870.5 0
11871.5 0
11872.5 0
11873.5 0
11874.5 0
11875.5 0
11876.5 0
11877.5 0
11878.5 0
11879.5 0
11880.5 0
11881.5 0
11882.5 0
11883.5 0
11884.5 0
11885.5 0
11886.5 0
11887.5 0
11888.5 0
11889.5 0
11890.5 0
11891.5 0
11892.5 0
11893.5 0
11894.5 0
11895.5 0
11896.5 0
11897.5 0
11898.5 0
11899.5 0
11900.5 0
11901.5 0
11902.5 0
11903.5 0
11904.5 0
11905.5 0
11906.5 0
11907.5 0
11908.5 0
11909.5 0
11910.5 0
11911.5 0
11912.5 0
11913.5 0
11914.5 0
11915.5 0
11916.5 0
11917.5 0
11918.5 0
11919.5 0
11920.5 0
11921.5 0
11922.5 0
11923.5 0
11924.5 0
11925.5 0
11926.5 0
11927.5 0
11928.5 0
11929.5 0
11930.5 0
11931.5 0
11932.5 0
11933.5 0
11934.5 0
11935.5 0
11936.5 0
11937.5 0
11938.5 0
11939.5 0
11940.5 0
11941.5 0
11942.5 0
11943.5 0
11944.5 0
11945.5 0
11946.5 0
11947.5 0
11948.5 0
11949.5 0
11950.5 0
11951.5 0
11952.5 0
11953.5 0
11954.5 0
11955.5 0
11956.5 0
11957.5 0
11958.5 0
11959.5 0
11960.5 0
11961.5 0
11962.5 0
11963.5 0
11964.5 1
11965.5 0
11966.5 0
11967.5 0
11968.5 0
11969.5 0
11970.5 0
11971.5 0
11972.5 0
11973.5 0
11974.5 0
11975.5 0
11976.5 0
11977.5 0
11978.5 0
11979.5 0
11980.5 0
11981.5 0
11982.5 1
11983.5 0
11984.5 -1.4
11985.5 0
11986.5 0
11987.5 0
11988.5 -1.4
11989.5 0
11990.5 0
11991.5 0
11992.5 0
11993.5 0
11994.5 0
11995.5 0
11996.5 0
11997.5 0
11998.5 0
11999.5 0
