# EGG_ProjY_E1745.5(4.5)_B1733.5(1.5)_B1760.5(1.5)
# X axis : Energy (keV) [Y axis]
# Y axis : Counts/1 keV
# N Bins : 12000
# X Min : 0
# X Max : 12000
# X value at the center of the bins
0.5 0
1.5 0
2.5 0
3.5 0
4.5 0
5.5 7.5
6.5 -1
7.5 31.5
8.5 10.5
9.5 17
10.5 9.5
11.5 -28
12.5 10.5
13.5 -19
14.5 38
15.5 -30
16.5 -51.5
17.5 -32.5
18.5 45.5
19.5 54.5
20.5 17.5
21.5 66.5
22.5 -25.5
23.5 2.5
24.5 -90
25.5 103
26.5 76.5
27.5 160
28.5 217
29.5 185
30.5 255.5
31.5 188.5
32.5 189
33.5 171
34.5 189
35.5 273.5
36.5 176
37.5 37.5
38.5 214
39.5 143.5
40.5 251.5
41.5 -31.5
42.5 285
43.5 -130.5
44.5 -245
45.5 -203
46.5 -11
47.5 114.5
48.5 155
49.5 162.5
50.5 204.5
51.5 214
52.5 195
53.5 332
54.5 128
55.5 17
56.5 212
57.5 279.5
58.5 376
59.5 494
60.5 447.5
61.5 365.5
62.5 389
63.5 271.5
64.5 390
65.5 169.5
66.5 156.5
67.5 293.5
68.5 88
69.5 -68
70.5 375.5
71.5 457
72.5 367
73.5 216.5
74.5 624.5
75.5 718.5
76.5 423.5
77.5 414.5
78.5 240
79.5 105.5
80.5 29
81.5 88.5
82.5 312
83.5 208.5
84.5 442.5
85.5 206
86.5 135
87.5 342
88.5 137
89.5 331
90.5 82.5
91.5 440
92.5 234
93.5 329
94.5 53
95.5 311
96.5 83.5
97.5 207.5
98.5 234
99.5 321.5
100.5 269.5
101.5 81.5
102.5 172
103.5 338.5
104.5 307
105.5 429
106.5 373
107.5 204
108.5 -12
109.5 42
110.5 -49
111.5 71.5
112.5 -19
113.5 -35.5
114.5 201.5
115.5 304.5
116.5 270
117.5 483.5
118.5 335
119.5 341
120.5 328
121.5 366.5
122.5 136
123.5 337.5
124.5 68.5
125.5 -230.5
126.5 -261
127.5 102
128.5 378.5
129.5 682
130.5 514.5
131.5 556
132.5 360.5
133.5 389
134.5 320.5
135.5 492
136.5 678
137.5 551
138.5 519.5
139.5 679.5
140.5 1149
141.5 1223
142.5 1336.5
143.5 1442.5
144.5 1481
145.5 767
146.5 905
147.5 500
148.5 151.5
149.5 -49.5
150.5 -406.5
151.5 -955.5
152.5 -1113.5
153.5 -1235
154.5 -685
155.5 -6
156.5 85
157.5 269
158.5 441.5
159.5 317
160.5 66
161.5 175
162.5 428.5
163.5 361.5
164.5 311.5
165.5 515
166.5 247.5
167.5 508.5
168.5 51.5
169.5 412
170.5 497
171.5 275
172.5 495
173.5 1020
174.5 1434.5
175.5 543
176.5 32.5
177.5 26
178.5 165.5
179.5 -241.5
180.5 -759.5
181.5 -626
182.5 -430
183.5 352.5
184.5 30
185.5 456
186.5 369.5
187.5 334.5
188.5 -51.5
189.5 -163.5
190.5 239
191.5 401
192.5 775
193.5 996.5
194.5 963.5
195.5 1087.5
196.5 943.5
197.5 721
198.5 545
199.5 563.5
200.5 825
201.5 899.5
202.5 479
203.5 402
204.5 632.5
205.5 423
206.5 42.5
207.5 -98
208.5 -276.5
209.5 -26.5
210.5 68
211.5 690.5
212.5 622
213.5 653.5
214.5 602.5
215.5 292.5
216.5 145
217.5 146.5
218.5 195.5
219.5 -73
220.5 358.5
221.5 291
222.5 153
223.5 -162.5
224.5 -38.5
225.5 -206.5
226.5 38
227.5 178.5
228.5 199
229.5 111.5
230.5 304.5
231.5 -17.5
232.5 15
233.5 -248
234.5 2
235.5 304
236.5 696.5
237.5 593.5
238.5 383
239.5 441.5
240.5 498.5
241.5 333.5
242.5 369
243.5 341.5
244.5 634.5
245.5 581.5
246.5 772
247.5 496.5
248.5 638.5
249.5 478.5
250.5 483.5
251.5 848
252.5 723
253.5 863
254.5 700
255.5 469.5
256.5 462.5
257.5 297.5
258.5 227
259.5 144
260.5 29
261.5 39.5
262.5 186.5
263.5 271
264.5 451.5
265.5 162
266.5 -21.5
267.5 260
268.5 150.5
269.5 367.5
270.5 409.5
271.5 370.5
272.5 466
273.5 295
274.5 363.5
275.5 58.5
276.5 273.5
277.5 160
278.5 292.5
279.5 321.5
280.5 49
281.5 506
282.5 322.5
283.5 424
284.5 239
285.5 512.5
286.5 462.5
287.5 482.5
288.5 499
289.5 148.5
290.5 285.5
291.5 -19
292.5 286.5
293.5 71.5
294.5 5
295.5 258.5
296.5 351
297.5 394.5
298.5 147.5
299.5 346.5
300.5 643
301.5 480
302.5 165
303.5 360.5
304.5 606.5
305.5 476.5
306.5 551.5
307.5 346
308.5 346.5
309.5 293
310.5 357.5
311.5 278.5
312.5 214.5
313.5 310
314.5 558.5
315.5 333.5
316.5 270
317.5 205
318.5 211
319.5 66
320.5 215.5
321.5 378.5
322.5 188
323.5 255.5
324.5 331
325.5 151
326.5 37.5
327.5 130
328.5 232.5
329.5 93
330.5 249
331.5 264
332.5 281.5
333.5 319.5
334.5 245
335.5 196
336.5 37.5
337.5 280.5
338.5 172.5
339.5 349.5
340.5 376
341.5 365.5
342.5 194
343.5 452.5
344.5 487.5
345.5 363
346.5 435.5
347.5 310
348.5 313
349.5 256
350.5 254
351.5 87
352.5 203
353.5 196
354.5 248.5
355.5 239.5
356.5 254.5
357.5 152.5
358.5 213
359.5 306.5
360.5 386.5
361.5 508
362.5 263.5
363.5 168
364.5 142.5
365.5 46.5
366.5 380.5
367.5 214.5
368.5 444.5
369.5 92.5
370.5 297
371.5 142
372.5 240.5
373.5 25.5
374.5 258.5
375.5 283.5
376.5 186.5
377.5 173
378.5 142.5
379.5 56.5
380.5 39.5
381.5 -442.5
382.5 -486.5
383.5 -383
384.5 -219.5
385.5 -301.5
386.5 -663
387.5 -971.5
388.5 -1845
389.5 -2086
390.5 -1597.5
391.5 -887
392.5 -116
393.5 525.5
394.5 614
395.5 770
396.5 904
397.5 885
398.5 1265
399.5 1805.5
400.5 2063
401.5 2281.5
402.5 2378
403.5 2303
404.5 2139.5
405.5 1917.5
406.5 2137.5
407.5 1658.5
408.5 1073.5
409.5 475
410.5 -165
411.5 -239.5
412.5 -213.5
413.5 -357.5
414.5 -883
415.5 -1393.5
416.5 -1810
417.5 -1517
418.5 -1055
419.5 -285
420.5 -167.5
421.5 29.5
422.5 211.5
423.5 104.5
424.5 202.5
425.5 -9
426.5 385.5
427.5 109
428.5 173
429.5 107
430.5 158
431.5 110
432.5 148.5
433.5 16
434.5 302.5
435.5 126
436.5 -12.5
437.5 -379.5
438.5 -125.5
439.5 -164.5
440.5 -109
441.5 206.5
442.5 10.5
443.5 314
444.5 210.5
445.5 227.5
446.5 354
447.5 322.5
448.5 358
449.5 279
450.5 604
451.5 415
452.5 735.5
453.5 564
454.5 715.5
455.5 683.5
456.5 663
457.5 4
458.5 -642
459.5 -1824
460.5 -3573.5
461.5 -4482.5
462.5 -4702
463.5 -3499
464.5 -2232.5
465.5 -960.5
466.5 -398
467.5 27.5
468.5 153
469.5 427.5
470.5 676
471.5 1719
472.5 2848.5
473.5 3925.5
474.5 4676
475.5 4991.5
476.5 5209.5
477.5 5169.5
478.5 4998
479.5 4612.5
480.5 3635
481.5 2384.5
482.5 1500.5
483.5 604.5
484.5 143
485.5 -542.5
486.5 -1952
487.5 -3478
488.5 -4240.5
489.5 -4196
490.5 -3079
491.5 -1521.5
492.5 -628.5
493.5 -193
494.5 -42.5
495.5 203.5
496.5 138.5
497.5 116.5
498.5 274.5
499.5 161
500.5 249
501.5 229
502.5 233.5
503.5 325
504.5 248.5
505.5 184.5
506.5 296.5
507.5 276
508.5 517
509.5 819
510.5 1249.5
511.5 743
512.5 1039.5
513.5 214
514.5 121.5
515.5 2.5
516.5 140
517.5 -3.5
518.5 136.5
519.5 189
520.5 39
521.5 130
522.5 79.5
523.5 170
524.5 24
525.5 106
526.5 183.5
527.5 -16
528.5 113
529.5 99.5
530.5 127.5
531.5 334.5
532.5 241
533.5 342
534.5 198.5
535.5 307
536.5 136.5
537.5 -48.5
538.5 22
539.5 -48.5
540.5 58.5
541.5 12.5
542.5 122
543.5 253
544.5 225
545.5 76.5
546.5 250
547.5 221
548.5 181
549.5 78.5
550.5 214
551.5 217
552.5 328.5
553.5 333.5
554.5 260.5
555.5 214.5
556.5 215.5
557.5 194.5
558.5 303
559.5 213
560.5 159.5
561.5 96
562.5 166.5
563.5 148
564.5 101
565.5 89
566.5 -8
567.5 141
568.5 22
569.5 133
570.5 13.5
571.5 150
572.5 185
573.5 223
574.5 117
575.5 183.5
576.5 107.5
577.5 137
578.5 210
579.5 216.5
580.5 70
581.5 287
582.5 362.5
583.5 616
584.5 207
585.5 189
586.5 164.5
587.5 94.5
588.5 139.5
589.5 120
590.5 197.5
591.5 71.5
592.5 39.5
593.5 184
594.5 126.5
595.5 284
596.5 278.5
597.5 152
598.5 143.5
599.5 225
600.5 245
601.5 80.5
602.5 230.5
603.5 275.5
604.5 150.5
605.5 298.5
606.5 111
607.5 247.5
608.5 197
609.5 247
610.5 292.5
611.5 276.5
612.5 52
613.5 103
614.5 -72.5
615.5 71.5
616.5 100.5
617.5 214.5
618.5 209
619.5 105
620.5 66
621.5 88.5
622.5 235.5
623.5 100
624.5 155.5
625.5 99.5
626.5 152
627.5 99.5
628.5 321
629.5 45.5
630.5 79
631.5 220.5
632.5 284
633.5 225.5
634.5 182
635.5 104
636.5 180.5
637.5 -23.5
638.5 2
639.5 84.5
640.5 34.5
641.5 310.5
642.5 60.5
643.5 117
644.5 183
645.5 205.5
646.5 59.5
647.5 34
648.5 189
649.5 187
650.5 13
651.5 38
652.5 207
653.5 275
654.5 328.5
655.5 208.5
656.5 166
657.5 267
658.5 214.5
659.5 134.5
660.5 175.5
661.5 152
662.5 204.5
663.5 219.5
664.5 392.5
665.5 450.5
666.5 295.5
667.5 198.5
668.5 93.5
669.5 145.5
670.5 203.5
671.5 176
672.5 70
673.5 171.5
674.5 -50.5
675.5 280
676.5 42
677.5 114.5
678.5 125
679.5 112.5
680.5 36.5
681.5 99.5
682.5 187.5
683.5 46
684.5 102
685.5 74.5
686.5 159
687.5 191
688.5 153.5
689.5 222.5
690.5 2
691.5 178.5
692.5 106.5
693.5 107.5
694.5 205.5
695.5 188
696.5 406
697.5 629
698.5 609
699.5 235
700.5 256
701.5 267
702.5 184.5
703.5 182.5
704.5 160.5
705.5 64.5
706.5 133
707.5 41
708.5 127.5
709.5 95.5
710.5 41
711.5 111
712.5 143.5
713.5 201
714.5 122
715.5 77
716.5 84
717.5 76
718.5 241
719.5 196
720.5 203.5
721.5 155
722.5 161.5
723.5 121
724.5 198.5
725.5 226
726.5 251.5
727.5 303
728.5 179.5
729.5 258.5
730.5 234
731.5 201.5
732.5 179
733.5 153.5
734.5 117.5
735.5 175
736.5 57
737.5 100.5
738.5 98.5
739.5 38.5
740.5 6.5
741.5 179.5
742.5 144.5
743.5 103
744.5 42
745.5 124.5
746.5 111.5
747.5 174
748.5 153.5
749.5 126
750.5 83.5
751.5 161
752.5 195
753.5 81
754.5 87.5
755.5 85.5
756.5 49
757.5 22.5
758.5 53.5
759.5 46
760.5 108.5
761.5 238.5
762.5 134
763.5 181
764.5 181.5
765.5 99
766.5 97
767.5 113
768.5 233.5
769.5 222.5
770.5 123.5
771.5 299
772.5 150
773.5 288.5
774.5 137.5
775.5 124.5
776.5 223
777.5 130
778.5 162
779.5 32.5
780.5 19
781.5 90
782.5 154
783.5 139.5
784.5 150
785.5 95.5
786.5 151
787.5 172.5
788.5 43
789.5 184
790.5 23.5
791.5 209.5
792.5 102.5
793.5 79
794.5 75
795.5 5
796.5 40
797.5 79
798.5 179.5
799.5 100.5
800.5 92.5
801.5 86
802.5 183.5
803.5 102.5
804.5 47.5
805.5 92.5
806.5 -9
807.5 240.5
808.5 95.5
809.5 116.5
810.5 -21.5
811.5 68.5
812.5 95.5
813.5 42
814.5 153.5
815.5 65
816.5 130.5
817.5 49.5
818.5 86
819.5 129.5
820.5 184.5
821.5 173
822.5 170.5
823.5 172.5
824.5 232
825.5 208.5
826.5 178
827.5 151
828.5 42
829.5 254
830.5 207.5
831.5 201.5
832.5 114
833.5 231
834.5 125
835.5 84
836.5 158.5
837.5 21.5
838.5 113.5
839.5 172.5
840.5 207
841.5 87.5
842.5 132
843.5 63.5
844.5 269
845.5 39
846.5 40
847.5 185.5
848.5 87.5
849.5 150
850.5 12
851.5 153
852.5 106
853.5 226
854.5 106
855.5 283
856.5 126.5
857.5 129
858.5 0
859.5 108
860.5 266.5
861.5 108
862.5 159
863.5 98.5
864.5 175
865.5 198.5
866.5 177.5
867.5 148.5
868.5 -46.5
869.5 335
870.5 253
871.5 301.5
872.5 208
873.5 312
874.5 299.5
875.5 238
876.5 214
877.5 104.5
878.5 49.5
879.5 109.5
880.5 85.5
881.5 -0.5
882.5 70
883.5 209
884.5 193
885.5 154
886.5 96.5
887.5 43.5
888.5 216.5
889.5 99
890.5 42.5
891.5 99
892.5 98.5
893.5 184
894.5 89
895.5 200.5
896.5 223.5
897.5 247.5
898.5 288.5
899.5 142.5
900.5 128
901.5 259
902.5 256
903.5 48.5
904.5 175.5
905.5 223
906.5 214.5
907.5 246
908.5 203
909.5 206.5
910.5 181
911.5 213
912.5 202.5
913.5 205.5
914.5 29.5
915.5 324
916.5 288
917.5 345
918.5 318.5
919.5 156.5
920.5 247
921.5 123
922.5 290.5
923.5 201
924.5 175.5
925.5 149.5
926.5 122.5
927.5 80
928.5 105.5
929.5 114.5
930.5 225
931.5 98.5
932.5 164.5
933.5 233
934.5 208
935.5 178
936.5 154.5
937.5 116.5
938.5 22
939.5 75
940.5 207.5
941.5 105
942.5 166.5
943.5 193.5
944.5 289
945.5 150.5
946.5 177.5
947.5 163.5
948.5 161
949.5 217
950.5 179
951.5 134
952.5 151
953.5 251
954.5 213
955.5 259
956.5 262.5
957.5 137.5
958.5 127.5
959.5 123
960.5 -14
961.5 14
962.5 -25.5
963.5 41.5
964.5 152.5
965.5 25.5
966.5 176
967.5 65
968.5 153.5
969.5 106.5
970.5 249.5
971.5 201.5
972.5 239.5
973.5 100
974.5 221
975.5 182.5
976.5 113.5
977.5 208
978.5 236.5
979.5 143
980.5 175.5
981.5 -3.5
982.5 79
983.5 250.5
984.5 246.5
985.5 0.5
986.5 140
987.5 87
988.5 181.5
989.5 180
990.5 192.5
991.5 67.5
992.5 189
993.5 142
994.5 -3.5
995.5 39.5
996.5 46
997.5 185
998.5 153
999.5 123.5
1000.5 46
1001.5 145.5
1002.5 209.5
1003.5 14.5
1004.5 96.5
1005.5 164.5
1006.5 64
1007.5 176
1008.5 118
1009.5 104
1010.5 85.5
1011.5 193
1012.5 148
1013.5 122.5
1014.5 69.5
1015.5 113
1016.5 216
1017.5 155.5
1018.5 286.5
1019.5 68.5
1020.5 101
1021.5 191.5
1022.5 125.5
1023.5 109
1024.5 153
1025.5 141
1026.5 204
1027.5 146.5
1028.5 200
1029.5 218.5
1030.5 137.5
1031.5 132
1032.5 133.5
1033.5 138
1034.5 123
1035.5 61.5
1036.5 87
1037.5 21.5
1038.5 116
1039.5 83
1040.5 105.5
1041.5 74.5
1042.5 123
1043.5 -11
1044.5 179.5
1045.5 139
1046.5 129
1047.5 168.5
1048.5 99
1049.5 100.5
1050.5 159.5
1051.5 85.5
1052.5 15.5
1053.5 95.5
1054.5 137
1055.5 73.5
1056.5 164.5
1057.5 167
1058.5 25
1059.5 129
1060.5 196.5
1061.5 5.5
1062.5 126
1063.5 14.5
1064.5 56
1065.5 215
1066.5 117
1067.5 129.5
1068.5 61
1069.5 153.5
1070.5 100.5
1071.5 170.5
1072.5 132.5
1073.5 395.5
1074.5 357.5
1075.5 195.5
1076.5 240.5
1077.5 131
1078.5 167.5
1079.5 94
1080.5 80.5
1081.5 137.5
1082.5 67.5
1083.5 70
1084.5 18.5
1085.5 164
1086.5 -23
1087.5 91
1088.5 74
1089.5 149.5
1090.5 88.5
1091.5 47
1092.5 61.5
1093.5 84
1094.5 110.5
1095.5 141.5
1096.5 103
1097.5 86.5
1098.5 180
1099.5 46
1100.5 156
1101.5 135
1102.5 46
1103.5 77
1104.5 118.5
1105.5 84.5
1106.5 207
1107.5 39
1108.5 104
1109.5 -62
1110.5 93
1111.5 92
1112.5 36.5
1113.5 43
1114.5 106.5
1115.5 134
1116.5 184.5
1117.5 107.5
1118.5 86.5
1119.5 -7
1120.5 42
1121.5 128.5
1122.5 115.5
1123.5 132
1124.5 93
1125.5 427.5
1126.5 32.5
1127.5 455
1128.5 161.5
1129.5 95.5
1130.5 89.5
1131.5 16.5
1132.5 110.5
1133.5 28.5
1134.5 70.5
1135.5 24.5
1136.5 119.5
1137.5 10
1138.5 68.5
1139.5 52
1140.5 165
1141.5 256
1142.5 260.5
1143.5 179
1144.5 285.5
1145.5 96
1146.5 99
1147.5 102.5
1148.5 183.5
1149.5 28
1150.5 145.5
1151.5 183.5
1152.5 78.5
1153.5 210.5
1154.5 1177.5
1155.5 4001
1156.5 8052.5
1157.5 8815.5
1158.5 3257
1159.5 819
1160.5 212.5
1161.5 187.5
1162.5 213
1163.5 200
1164.5 329
1165.5 240.5
1166.5 82.5
1167.5 18.5
1168.5 52
1169.5 24.5
1170.5 43
1171.5 69.5
1172.5 44
1173.5 20
1174.5 93
1175.5 129
1176.5 46
1177.5 126
1178.5 87.5
1179.5 71.5
1180.5 77.5
1181.5 15.5
1182.5 67.5
1183.5 138.5
1184.5 66.5
1185.5 69.5
1186.5 100
1187.5 118.5
1188.5 130.5
1189.5 86.5
1190.5 78.5
1191.5 72.5
1192.5 116
1193.5 248.5
1194.5 201
1195.5 133.5
1196.5 163.5
1197.5 100
1198.5 79
1199.5 112
1200.5 173
1201.5 154
1202.5 207
1203.5 155.5
1204.5 128
1205.5 120.5
1206.5 105
1207.5 21.5
1208.5 83.5
1209.5 -0.5
1210.5 66
1211.5 43
1212.5 24
1213.5 61
1214.5 90
1215.5 106
1216.5 146
1217.5 126.5
1218.5 43.5
1219.5 12
1220.5 20.5
1221.5 83.5
1222.5 69.5
1223.5 84.5
1224.5 82.5
1225.5 161
1226.5 76.5
1227.5 112.5
1228.5 58.5
1229.5 35
1230.5 74.5
1231.5 63
1232.5 61.5
1233.5 54.5
1234.5 118.5
1235.5 62
1236.5 136
1237.5 66.5
1238.5 34
1239.5 21
1240.5 27
1241.5 75
1242.5 45
1243.5 92.5
1244.5 69.5
1245.5 141
1246.5 120.5
1247.5 129.5
1248.5 9.5
1249.5 111.5
1250.5 111.5
1251.5 115.5
1252.5 95.5
1253.5 148
1254.5 138.5
1255.5 144
1256.5 111
1257.5 100
1258.5 97.5
1259.5 77.5
1260.5 123
1261.5 81
1262.5 129.5
1263.5 134
1264.5 203.5
1265.5 16.5
1266.5 6
1267.5 145.5
1268.5 147
1269.5 114
1270.5 166
1271.5 30
1272.5 118.5
1273.5 41
1274.5 97.5
1275.5 103
1276.5 118.5
1277.5 23
1278.5 81.5
1279.5 81.5
1280.5 141.5
1281.5 93
1282.5 65.5
1283.5 120.5
1284.5 21.5
1285.5 114
1286.5 64
1287.5 37
1288.5 97.5
1289.5 140
1290.5 112
1291.5 159.5
1292.5 177
1293.5 129.5
1294.5 121.5
1295.5 52
1296.5 186.5
1297.5 78
1298.5 15.5
1299.5 120
1300.5 -9
1301.5 47.5
1302.5 72.5
1303.5 43
1304.5 37.5
1305.5 87.5
1306.5 130.5
1307.5 114
1308.5 105
1309.5 128
1310.5 40.5
1311.5 61.5
1312.5 140.5
1313.5 92
1314.5 26.5
1315.5 153
1316.5 106
1317.5 4.5
1318.5 -13.5
1319.5 32.5
1320.5 51.5
1321.5 143.5
1322.5 124.5
1323.5 93
1324.5 15.5
1325.5 92.5
1326.5 28.5
1327.5 49.5
1328.5 51
1329.5 43.5
1330.5 148
1331.5 55.5
1332.5 187.5
1333.5 151.5
1334.5 226
1335.5 183
1336.5 132
1337.5 123.5
1338.5 73.5
1339.5 104
1340.5 96.5
1341.5 106
1342.5 86
1343.5 28
1344.5 104
1345.5 109
1346.5 51
1347.5 21
1348.5 38
1349.5 93.5
1350.5 39
1351.5 72.5
1352.5 88.5
1353.5 122.5
1354.5 99.5
1355.5 98
1356.5 26.5
1357.5 29
1358.5 60.5
1359.5 35.5
1360.5 20
1361.5 80
1362.5 12.5
1363.5 44.5
1364.5 34
1365.5 130.5
1366.5 56.5
1367.5 63.5
1368.5 55
1369.5 80.5
1370.5 9
1371.5 107.5
1372.5 79.5
1373.5 50
1374.5 231.5
1375.5 369
1376.5 567.5
1377.5 294.5
1378.5 113.5
1379.5 129.5
1380.5 42
1381.5 -33.5
1382.5 17.5
1383.5 -2.5
1384.5 87.5
1385.5 28.5
1386.5 47
1387.5 41
1388.5 0
1389.5 53
1390.5 -7
1391.5 55.5
1392.5 13.5
1393.5 111.5
1394.5 16
1395.5 103
1396.5 -15.5
1397.5 40.5
1398.5 53
1399.5 27.5
1400.5 34.5
1401.5 73
1402.5 43.5
1403.5 22
1404.5 55.5
1405.5 -2
1406.5 86
1407.5 51
1408.5 5
1409.5 20
1410.5 79.5
1411.5 115
1412.5 127.5
1413.5 157
1414.5 100
1415.5 63
1416.5 75
1417.5 67.5
1418.5 60
1419.5 44
1420.5 99
1421.5 -3
1422.5 79
1423.5 53.5
1424.5 26.5
1425.5 25.5
1426.5 198.5
1427.5 205.5
1428.5 51
1429.5 72
1430.5 56.5
1431.5 47.5
1432.5 69
1433.5 41.5
1434.5 56.5
1435.5 84
1436.5 43.5
1437.5 -42.5
1438.5 101.5
1439.5 31.5
1440.5 92
1441.5 -3
1442.5 53
1443.5 55.5
1444.5 -4.5
1445.5 41
1446.5 91
1447.5 51
1448.5 -29.5
1449.5 122.5
1450.5 78.5
1451.5 59
1452.5 127.5
1453.5 26.5
1454.5 57.5
1455.5 52
1456.5 92.5
1457.5 -9
1458.5 -23
1459.5 102.5
1460.5 67
1461.5 118
1462.5 60.5
1463.5 3
1464.5 0.5
1465.5 112
1466.5 55
1467.5 34.5
1468.5 120.5
1469.5 54.5
1470.5 92.5
1471.5 76.5
1472.5 30.5
1473.5 47.5
1474.5 75
1475.5 59
1476.5 29.5
1477.5 11
1478.5 -30
1479.5 31
1480.5 -14.5
1481.5 80
1482.5 74
1483.5 0.5
1484.5 107
1485.5 7
1486.5 7
1487.5 31
1488.5 72.5
1489.5 42
1490.5 -16
1491.5 118
1492.5 -19.5
1493.5 109
1494.5 35.5
1495.5 61
1496.5 502
1497.5 1434
1498.5 4256.5
1499.5 6070.5
1500.5 4207.5
1501.5 1289
1502.5 271.5
1503.5 97.5
1504.5 8.5
1505.5 157.5
1506.5 158.5
1507.5 311.5
1508.5 337.5
1509.5 182.5
1510.5 28.5
1511.5 0.5
1512.5 70.5
1513.5 41
1514.5 40
1515.5 19.5
1516.5 -71.5
1517.5 80.5
1518.5 66
1519.5 26
1520.5 -17.5
1521.5 3
1522.5 39.5
1523.5 119.5
1524.5 41.5
1525.5 19.5
1526.5 8
1527.5 -26
1528.5 -0.5
1529.5 91.5
1530.5 -32
1531.5 -6.5
1532.5 4.5
1533.5 18.5
1534.5 24
1535.5 93.5
1536.5 53.5
1537.5 30.5
1538.5 94
1539.5 -26
1540.5 28
1541.5 18.5
1542.5 51.5
1543.5 67.5
1544.5 68.5
1545.5 11.5
1546.5 7.5
1547.5 36
1548.5 7.5
1549.5 3
1550.5 19
1551.5 31.5
1552.5 12
1553.5 75
1554.5 51
1555.5 60.5
1556.5 53
1557.5 1
1558.5 49.5
1559.5 5.5
1560.5 67.5
1561.5 57.5
1562.5 37
1563.5 -6
1564.5 22
1565.5 76
1566.5 83.5
1567.5 38
1568.5 5.5
1569.5 84.5
1570.5 -9
1571.5 5.5
1572.5 56
1573.5 6.5
1574.5 66.5
1575.5 9
1576.5 30.5
1577.5 33
1578.5 25
1579.5 30
1580.5 65.5
1581.5 103.5
1582.5 34.5
1583.5 10
1584.5 -7.5
1585.5 -4.5
1586.5 10
1587.5 45.5
1588.5 78.5
1589.5 39
1590.5 14.5
1591.5 60
1592.5 81.5
1593.5 50.5
1594.5 44
1595.5 -17
1596.5 34
1597.5 79
1598.5 -39.5
1599.5 50
1600.5 -27
1601.5 -25
1602.5 18.5
1603.5 53
1604.5 11
1605.5 36.5
1606.5 16
1607.5 -38.5
1608.5 1.5
1609.5 30
1610.5 -24
1611.5 -21.5
1612.5 40.5
1613.5 71
1614.5 28
1615.5 52.5
1616.5 25.5
1617.5 51
1618.5 -17.5
1619.5 33.5
1620.5 22.5
1621.5 -66.5
1622.5 10.5
1623.5 71
1624.5 85
1625.5 47.5
1626.5 35.5
1627.5 -5.5
1628.5 -15.5
1629.5 -7.5
1630.5 38.5
1631.5 18.5
1632.5 76
1633.5 15
1634.5 17
1635.5 49.5
1636.5 18
1637.5 54
1638.5 -9.5
1639.5 93
1640.5 26.5
1641.5 117.5
1642.5 85.5
1643.5 26
1644.5 34.5
1645.5 58.5
1646.5 171
1647.5 276
1648.5 365.5
1649.5 218.5
1650.5 78
1651.5 48
1652.5 8
1653.5 72
1654.5 11
1655.5 32.5
1656.5 50.5
1657.5 108
1658.5 31
1659.5 63.5
1660.5 47.5
1661.5 79
1662.5 82
1663.5 53.5
1664.5 5
1665.5 17.5
1666.5 44.5
1667.5 77.5
1668.5 61.5
1669.5 68
1670.5 26
1671.5 13
1672.5 44.5
1673.5 24
1674.5 -23.5
1675.5 46.5
1676.5 -10
1677.5 83.5
1678.5 -2
1679.5 23.5
1680.5 39
1681.5 51.5
1682.5 9
1683.5 -21
1684.5 20
1685.5 105
1686.5 3.5
1687.5 26
1688.5 79
1689.5 46
1690.5 -12
1691.5 134
1692.5 55
1693.5 102
1694.5 44
1695.5 126
1696.5 40.5
1697.5 57
1698.5 34
1699.5 58
1700.5 -46
1701.5 65
1702.5 20
1703.5 35.5
1704.5 15
1705.5 6
1706.5 22.5
1707.5 11
1708.5 86
1709.5 81
1710.5 66.5
1711.5 31
1712.5 109.5
1713.5 -1
1714.5 61.5
1715.5 -1
1716.5 75.5
1717.5 31.5
1718.5 4
1719.5 27
1720.5 66
1721.5 -14
1722.5 10
1723.5 78
1724.5 30
1725.5 12.5
1726.5 65.5
1727.5 68
1728.5 -11.5
1729.5 68.5
1730.5 -44.5
1731.5 36.5
1732.5 26.5
1733.5 20
1734.5 27
1735.5 67.5
1736.5 7.5
1737.5 40
1738.5 30
1739.5 62.5
1740.5 39
1741.5 -10.5
1742.5 74.5
1743.5 -19
1744.5 40.5
1745.5 51
1746.5 16
1747.5 37.5
1748.5 19.5
1749.5 42
1750.5 41
1751.5 59.5
1752.5 62
1753.5 26.5
1754.5 66
1755.5 71.5
1756.5 33.5
1757.5 53
1758.5 -27
1759.5 101
1760.5 66
1761.5 64.5
1762.5 68.5
1763.5 28
1764.5 38.5
1765.5 12.5
1766.5 0
1767.5 -7.5
1768.5 20
1769.5 66
1770.5 53
1771.5 -2.5
1772.5 117.5
1773.5 99
1774.5 -8
1775.5 22.5
1776.5 46
1777.5 10.5
1778.5 54.5
1779.5 5
1780.5 89
1781.5 41
1782.5 -14
1783.5 33
1784.5 91
1785.5 -23.5
1786.5 5.5
1787.5 -15.5
1788.5 57.5
1789.5 119
1790.5 31
1791.5 24.5
1792.5 106
1793.5 18
1794.5 -11.5
1795.5 59.5
1796.5 49.5
1797.5 27
1798.5 6
1799.5 62
1800.5 21.5
1801.5 14.5
1802.5 15.5
1803.5 44.5
1804.5 64
1805.5 -9
1806.5 38
1807.5 1
1808.5 -64
1809.5 81.5
1810.5 180
1811.5 264
1812.5 223
1813.5 35
1814.5 116.5
1815.5 70.5
1816.5 27
1817.5 48.5
1818.5 47.5
1819.5 88.5
1820.5 90.5
1821.5 104
1822.5 137
1823.5 94.5
1824.5 -18.5
1825.5 24
1826.5 36.5
1827.5 41.5
1828.5 3
1829.5 31
1830.5 28
1831.5 19.5
1832.5 -11.5
1833.5 58
1834.5 32
1835.5 52.5
1836.5 17.5
1837.5 72
1838.5 75
1839.5 47.5
1840.5 99.5
1841.5 120.5
1842.5 166.5
1843.5 186
1844.5 137
1845.5 74.5
1846.5 49.5
1847.5 45.5
1848.5 11.5
1849.5 24
1850.5 29.5
1851.5 41
1852.5 41
1853.5 27.5
1854.5 73.5
1855.5 20.5
1856.5 11.5
1857.5 129
1858.5 -26
1859.5 31
1860.5 -14
1861.5 73
1862.5 82.5
1863.5 85
1864.5 -26.5
1865.5 -56
1866.5 6.5
1867.5 27
1868.5 26
1869.5 61.5
1870.5 32.5
1871.5 42.5
1872.5 -73
1873.5 -121
1874.5 124
1875.5 14
1876.5 19.5
1877.5 18.5
1878.5 64
1879.5 58
1880.5 78
1881.5 42
1882.5 52
1883.5 93
1884.5 153
1885.5 -11
1886.5 -158
1887.5 4
1888.5 20.5
1889.5 -9.5
1890.5 64.5
1891.5 -15.5
1892.5 40.5
1893.5 17
1894.5 31
1895.5 17
1896.5 -3
1897.5 -3
1898.5 57.5
1899.5 -12.5
1900.5 56
1901.5 60
1902.5 33.5
1903.5 70.5
1904.5 23.5
1905.5 10.5
1906.5 12.5
1907.5 81
1908.5 45.5
1909.5 -49
1910.5 26.5
1911.5 -93
1912.5 -66.5
1913.5 67.5
1914.5 26.5
1915.5 54.5
1916.5 132.5
1917.5 35
1918.5 48
1919.5 119
1920.5 -32.5
1921.5 44.5
1922.5 50
1923.5 52
1924.5 40.5
1925.5 39.5
1926.5 -3
1927.5 52.5
1928.5 8
1929.5 50.5
1930.5 39
1931.5 -37
1932.5 31
1933.5 41.5
1934.5 8
1935.5 -21
1936.5 -2
1937.5 20.5
1938.5 38.5
1939.5 -17
1940.5 36.5
1941.5 -17
1942.5 16
1943.5 -8.5
1944.5 68
1945.5 44
1946.5 39
1947.5 11
1948.5 87
1949.5 77.5
1950.5 249
1951.5 130
1952.5 46
1953.5 19.5
1954.5 50
1955.5 41.5
1956.5 -15.5
1957.5 56
1958.5 27.5
1959.5 46
1960.5 39.5
1961.5 47
1962.5 35.5
1963.5 68.5
1964.5 30.5
1965.5 7
1966.5 -13
1967.5 92
1968.5 1
1969.5 -7
1970.5 16
1971.5 29
1972.5 12.5
1973.5 51.5
1974.5 13
1975.5 84
1976.5 -45
1977.5 14
1978.5 24
1979.5 39.5
1980.5 8.5
1981.5 31
1982.5 97
1983.5 -3.5
1984.5 101
1985.5 93.5
1986.5 62.5
1987.5 90.5
1988.5 -26.5
1989.5 10.5
1990.5 48
1991.5 37
1992.5 37
1993.5 -41
1994.5 77.5
1995.5 19
1996.5 26.5
1997.5 89
1998.5 93.5
1999.5 30.5
2000.5 5.5
2001.5 -36
2002.5 -0.5
2003.5 65.5
2004.5 31
2005.5 39
2006.5 20.5
2007.5 76
2008.5 77.5
2009.5 13
2010.5 23.5
2011.5 22.5
2012.5 42
2013.5 -7
2014.5 46.5
2015.5 27.5
2016.5 49
2017.5 -7.5
2018.5 -62
2019.5 111.5
2020.5 -15
2021.5 -5.5
2022.5 3.5
2023.5 32.5
2024.5 42
2025.5 26
2026.5 41
2027.5 -1.5
2028.5 35
2029.5 45.5
2030.5 15
2031.5 8.5
2032.5 0.5
2033.5 16
2034.5 42
2035.5 18
2036.5 -26.5
2037.5 -41.5
2038.5 47.5
2039.5 62.5
2040.5 4
2041.5 59.5
2042.5 71
2043.5 35.5
2044.5 62
2045.5 26.5
2046.5 48.5
2047.5 85
2048.5 49.5
2049.5 38
2050.5 19
2051.5 -0.5
2052.5 -25
2053.5 23
2054.5 -47.5
2055.5 5.5
2056.5 8.5
2057.5 13.5
2058.5 21
2059.5 6.5
2060.5 22.5
2061.5 -12.5
2062.5 37.5
2063.5 57.5
2064.5 -2.5
2065.5 55
2066.5 51.5
2067.5 25
2068.5 24.5
2069.5 23.5
2070.5 22
2071.5 40.5
2072.5 -7.5
2073.5 -15.5
2074.5 21.5
2075.5 23
2076.5 45
2077.5 20.5
2078.5 37
2079.5 7
2080.5 49.5
2081.5 67.5
2082.5 8.5
2083.5 5.5
2084.5 56.5
2085.5 37
2086.5 51.5
2087.5 -18.5
2088.5 -35
2089.5 30.5
2090.5 -11
2091.5 38
2092.5 7
2093.5 36.5
2094.5 49
2095.5 21
2096.5 38
2097.5 28.5
2098.5 -10
2099.5 -27
2100.5 63.5
2101.5 22
2102.5 60
2103.5 15.5
2104.5 27.5
2105.5 23
2106.5 42.5
2107.5 16.5
2108.5 58
2109.5 84.5
2110.5 44.5
2111.5 38
2112.5 33.5
2113.5 25
2114.5 54.5
2115.5 5
2116.5 -54.5
2117.5 36
2118.5 51.5
2119.5 28.5
2120.5 57.5
2121.5 23.5
2122.5 42.5
2123.5 60.5
2124.5 72.5
2125.5 77.5
2126.5 46.5
2127.5 33.5
2128.5 6.5
2129.5 17
2130.5 9
2131.5 79.5
2132.5 -6
2133.5 65.5
2134.5 58.5
2135.5 71
2136.5 6
2137.5 -9
2138.5 1
2139.5 12
2140.5 -9
2141.5 13.5
2142.5 20
2143.5 2
2144.5 159.5
2145.5 80
2146.5 59.5
2147.5 21
2148.5 -52
2149.5 -3.5
2150.5 184.5
2151.5 -58.5
2152.5 6
2153.5 40
2154.5 34.5
2155.5 13.5
2156.5 43.5
2157.5 1
2158.5 93
2159.5 43
2160.5 102.5
2161.5 21
2162.5 47.5
2163.5 7
2164.5 33
2165.5 41.5
2166.5 9
2167.5 -5.5
2168.5 -8
2169.5 24.5
2170.5 -13.5
2171.5 21.5
2172.5 12.5
2173.5 -5.5
2174.5 87.5
2175.5 29
2176.5 65.5
2177.5 103.5
2178.5 194
2179.5 217
2180.5 110.5
2181.5 115
2182.5 27.5
2183.5 60
2184.5 -3.5
2185.5 -17
2186.5 55
2187.5 21
2188.5 41
2189.5 61
2190.5 13
2191.5 83
2192.5 30
2193.5 80
2194.5 89.5
2195.5 45
2196.5 45
2197.5 65.5
2198.5 98
2199.5 65
2200.5 43
2201.5 0.5
2202.5 76
2203.5 -28.5
2204.5 36.5
2205.5 35.5
2206.5 80
2207.5 11.5
2208.5 14
2209.5 76.5
2210.5 68.5
2211.5 17.5
2212.5 -36
2213.5 18.5
2214.5 28.5
2215.5 -3.5
2216.5 83.5
2217.5 59
2218.5 0.5
2219.5 -1.5
2220.5 16
2221.5 48.5
2222.5 24.5
2223.5 122
2224.5 46
2225.5 91
2226.5 53
2227.5 -1
2228.5 0.5
2229.5 32
2230.5 -70
2231.5 -45.5
2232.5 -39.5
2233.5 -5
2234.5 0.5
2235.5 -29
2236.5 44
2237.5 38
2238.5 50
2239.5 36.5
2240.5 64.5
2241.5 58.5
2242.5 -11
2243.5 62
2244.5 20
2245.5 37
2246.5 55.5
2247.5 30
2248.5 -37.5
2249.5 65.5
2250.5 66.5
2251.5 -10
2252.5 26.5
2253.5 57
2254.5 85
2255.5 5
2256.5 -3
2257.5 -10.5
2258.5 42
2259.5 71.5
2260.5 76.5
2261.5 82
2262.5 30
2263.5 44.5
2264.5 26.5
2265.5 50
2266.5 94.5
2267.5 99.5
2268.5 120
2269.5 188.5
2270.5 274.5
2271.5 155
2272.5 174
2273.5 247.5
2274.5 197
2275.5 123.5
2276.5 31.5
2277.5 -4.5
2278.5 6
2279.5 10
2280.5 26
2281.5 29.5
2282.5 19
2283.5 62
2284.5 47
2285.5 71.5
2286.5 40.5
2287.5 33
2288.5 10
2289.5 -17
2290.5 -36
2291.5 22.5
2292.5 -8.5
2293.5 0
2294.5 48.5
2295.5 -23.5
2296.5 39
2297.5 13
2298.5 5
2299.5 29
2300.5 -33
2301.5 -27.5
2302.5 -41.5
2303.5 46.5
2304.5 28
2305.5 11
2306.5 51.5
2307.5 -9
2308.5 -0.5
2309.5 41.5
2310.5 41.5
2311.5 40.5
2312.5 30.5
2313.5 61
2314.5 60.5
2315.5 24.5
2316.5 45
2317.5 55
2318.5 36.5
2319.5 29
2320.5 20.5
2321.5 10
2322.5 50
2323.5 51.5
2324.5 25
2325.5 -38.5
2326.5 41
2327.5 -2.5
2328.5 39
2329.5 20
2330.5 20.5
2331.5 66
2332.5 37
2333.5 29
2334.5 58.5
2335.5 27.5
2336.5 10
2337.5 25.5
2338.5 55.5
2339.5 71.5
2340.5 -15
2341.5 24
2342.5 -18
2343.5 -11.5
2344.5 31.5
2345.5 -9.5
2346.5 70
2347.5 69
2348.5 22.5
2349.5 47.5
2350.5 38
2351.5 -23
2352.5 33
2353.5 -14
2354.5 76
2355.5 -4.5
2356.5 0.5
2357.5 20.5
2358.5 2
2359.5 21
2360.5 -5.5
2361.5 13.5
2362.5 -9.5
2363.5 25
2364.5 61
2365.5 22.5
2366.5 26
2367.5 23
2368.5 15
2369.5 30
2370.5 42
2371.5 7.5
2372.5 9
2373.5 -9.5
2374.5 -34.5
2375.5 45.5
2376.5 62
2377.5 14.5
2378.5 -32.5
2379.5 -53
2380.5 47
2381.5 23.5
2382.5 28.5
2383.5 54.5
2384.5 -29.5
2385.5 57.5
2386.5 47.5
2387.5 20.5
2388.5 48.5
2389.5 44.5
2390.5 67.5
2391.5 12
2392.5 37.5
2393.5 31.5
2394.5 -32.5
2395.5 12.5
2396.5 39.5
2397.5 -6.5
2398.5 -20
2399.5 23
2400.5 54.5
2401.5 -62.5
2402.5 3.5
2403.5 97.5
2404.5 49
2405.5 47.5
2406.5 38.5
2407.5 14
2408.5 33
2409.5 -12.5
2410.5 38.5
2411.5 94.5
2412.5 87
2413.5 57.5
2414.5 -7.5
2415.5 75
2416.5 50.5
2417.5 16.5
2418.5 -13.5
2419.5 24.5
2420.5 38
2421.5 50
2422.5 14.5
2423.5 52
2424.5 55
2425.5 4.5
2426.5 70
2427.5 33
2428.5 41.5
2429.5 97.5
2430.5 75
2431.5 31
2432.5 31
2433.5 43
2434.5 33.5
2435.5 -18
2436.5 62
2437.5 56.5
2438.5 70
2439.5 -29
2440.5 20
2441.5 85.5
2442.5 -13
2443.5 40.5
2444.5 65.5
2445.5 -3
2446.5 30.5
2447.5 53
2448.5 73.5
2449.5 55
2450.5 85
2451.5 77
2452.5 40.5
2453.5 79
2454.5 80
2455.5 51.5
2456.5 46.5
2457.5 24
2458.5 19.5
2459.5 58
2460.5 24.5
2461.5 19
2462.5 42.5
2463.5 35.5
2464.5 55
2465.5 4.5
2466.5 112.5
2467.5 31.5
2468.5 50
2469.5 37
2470.5 0
2471.5 21.5
2472.5 15
2473.5 -10.5
2474.5 -19.5
2475.5 65.5
2476.5 43
2477.5 51.5
2478.5 64.5
2479.5 36.5
2480.5 53.5
2481.5 -28
2482.5 -8
2483.5 49
2484.5 53.5
2485.5 67
2486.5 14
2487.5 21.5
2488.5 19.5
2489.5 29.5
2490.5 2.5
2491.5 24.5
2492.5 88
2493.5 55.5
2494.5 -19
2495.5 40.5
2496.5 -5
2497.5 27
2498.5 12
2499.5 -10
2500.5 66.5
2501.5 36
2502.5 10
2503.5 20
2504.5 12.5
2505.5 6.5
2506.5 28.5
2507.5 -1
2508.5 -2.5
2509.5 3
2510.5 -19
2511.5 17.5
2512.5 11.5
2513.5 5.5
2514.5 35
2515.5 48.5
2516.5 0.5
2517.5 44
2518.5 -24
2519.5 -43
2520.5 -6
2521.5 0
2522.5 54
2523.5 36.5
2524.5 13
2525.5 5.5
2526.5 31
2527.5 15.5
2528.5 42
2529.5 43.5
2530.5 64.5
2531.5 -13.5
2532.5 20
2533.5 67
2534.5 14.5
2535.5 25
2536.5 10
2537.5 40
2538.5 -6
2539.5 41
2540.5 72
2541.5 17
2542.5 25
2543.5 6.5
2544.5 41
2545.5 -28.5
2546.5 18
2547.5 -29
2548.5 -19
2549.5 41.5
2550.5 -0.5
2551.5 1.5
2552.5 -22
2553.5 36
2554.5 42.5
2555.5 22
2556.5 41
2557.5 55
2558.5 18
2559.5 24
2560.5 45
2561.5 41
2562.5 4
2563.5 62
2564.5 58
2565.5 65
2566.5 63
2567.5 70
2568.5 27.5
2569.5 39
2570.5 32
2571.5 44.5
2572.5 25.5
2573.5 64
2574.5 45
2575.5 -15
2576.5 7.5
2577.5 50
2578.5 24
2579.5 18
2580.5 55.5
2581.5 23
2582.5 37
2583.5 -13.5
2584.5 -13.5
2585.5 -4
2586.5 16
2587.5 6
2588.5 6
2589.5 54.5
2590.5 14.5
2591.5 18.5
2592.5 107.5
2593.5 -0.5
2594.5 17
2595.5 28
2596.5 18
2597.5 37.5
2598.5 14
2599.5 13
2600.5 12
2601.5 87
2602.5 11
2603.5 19
2604.5 68.5
2605.5 32
2606.5 12
2607.5 72
2608.5 -7
2609.5 49.5
2610.5 31
2611.5 66
2612.5 62
2613.5 39
2614.5 24.5
2615.5 -3
2616.5 -5.5
2617.5 60.5
2618.5 52
2619.5 50
2620.5 -20
2621.5 18.5
2622.5 5.5
2623.5 20.5
2624.5 66
2625.5 12
2626.5 19.5
2627.5 24.5
2628.5 55
2629.5 -10
2630.5 67.5
2631.5 56
2632.5 29
2633.5 30
2634.5 13
2635.5 -1
2636.5 3
2637.5 21.5
2638.5 -14.5
2639.5 45
2640.5 -25
2641.5 30.5
2642.5 37
2643.5 4
2644.5 37.5
2645.5 39.5
2646.5 2.5
2647.5 12
2648.5 9.5
2649.5 32
2650.5 74
2651.5 59
2652.5 81
2653.5 114
2654.5 187
2655.5 340.5
2656.5 579.5
2657.5 428
2658.5 212
2659.5 52
2660.5 33.5
2661.5 6.5
2662.5 3
2663.5 15
2664.5 52.5
2665.5 19.5
2666.5 -17.5
2667.5 66
2668.5 7.5
2669.5 -35.5
2670.5 47
2671.5 39.5
2672.5 21
2673.5 30
2674.5 13.5
2675.5 63
2676.5 32
2677.5 19
2678.5 40.5
2679.5 17.5
2680.5 41.5
2681.5 43
2682.5 3
2683.5 35
2684.5 28.5
2685.5 -16.5
2686.5 5
2687.5 68
2688.5 8
2689.5 1
2690.5 -31
2691.5 -29.5
2692.5 4.5
2693.5 43
2694.5 68.5
2695.5 -15.5
2696.5 52
2697.5 20
2698.5 29
2699.5 12
2700.5 4.5
2701.5 13.5
2702.5 69
2703.5 25.5
2704.5 20.5
2705.5 72
2706.5 95.5
2707.5 59
2708.5 22.5
2709.5 56
2710.5 56
2711.5 -6.5
2712.5 35.5
2713.5 43
2714.5 16.5
2715.5 65.5
2716.5 14.5
2717.5 68.5
2718.5 38.5
2719.5 118.5
2720.5 89.5
2721.5 133
2722.5 301
2723.5 149
2724.5 158.5
2725.5 45
2726.5 36
2727.5 7.5
2728.5 50.5
2729.5 -107.5
2730.5 28
2731.5 19.5
2732.5 19.5
2733.5 32.5
2734.5 -14
2735.5 58.5
2736.5 32.5
2737.5 -24
2738.5 44.5
2739.5 -36.5
2740.5 -3.5
2741.5 0
2742.5 -10.5
2743.5 30.5
2744.5 32
2745.5 -16
2746.5 14
2747.5 60.5
2748.5 46.5
2749.5 12.5
2750.5 32.5
2751.5 34.5
2752.5 72.5
2753.5 -18
2754.5 23
2755.5 27
2756.5 10.5
2757.5 4.5
2758.5 -5.5
2759.5 72
2760.5 24.5
2761.5 21.5
2762.5 30
2763.5 62.5
2764.5 -34
2765.5 72.5
2766.5 46.5
2767.5 -46
2768.5 -7
2769.5 2.5
2770.5 25.5
2771.5 32
2772.5 33
2773.5 44
2774.5 43.5
2775.5 23.5
2776.5 59
2777.5 19.5
2778.5 7
2779.5 30.5
2780.5 21.5
2781.5 32.5
2782.5 23.5
2783.5 36
2784.5 28
2785.5 -16.5
2786.5 12.5
2787.5 47
2788.5 17.5
2789.5 9
2790.5 -12.5
2791.5 -3.5
2792.5 17.5
2793.5 49
2794.5 55.5
2795.5 22
2796.5 -3.5
2797.5 36.5
2798.5 9
2799.5 -7
2800.5 29
2801.5 2.5
2802.5 21
2803.5 21
2804.5 11.5
2805.5 3
2806.5 -10.5
2807.5 62
2808.5 8.5
2809.5 27
2810.5 32.5
2811.5 -17
2812.5 33
2813.5 85
2814.5 62
2815.5 87
2816.5 43.5
2817.5 38
2818.5 49
2819.5 14.5
2820.5 58.5
2821.5 31
2822.5 14
2823.5 35
2824.5 75.5
2825.5 69
2826.5 12.5
2827.5 20
2828.5 46
2829.5 -2.5
2830.5 6.5
2831.5 39.5
2832.5 19
2833.5 2.5
2834.5 20.5
2835.5 9
2836.5 48
2837.5 45.5
2838.5 16
2839.5 -23.5
2840.5 30
2841.5 19
2842.5 16
2843.5 0.5
2844.5 21.5
2845.5 55
2846.5 108.5
2847.5 39.5
2848.5 1
2849.5 38
2850.5 48
2851.5 44.5
2852.5 4
2853.5 43
2854.5 48.5
2855.5 42
2856.5 9
2857.5 -16
2858.5 14.5
2859.5 -1
2860.5 -28.5
2861.5 29.5
2862.5 32
2863.5 36.5
2864.5 -10
2865.5 17
2866.5 10
2867.5 -28
2868.5 16.5
2869.5 37
2870.5 49
2871.5 -4.5
2872.5 44
2873.5 8.5
2874.5 28.5
2875.5 16
2876.5 92
2877.5 62
2878.5 46
2879.5 7
2880.5 54.5
2881.5 50.5
2882.5 31
2883.5 53.5
2884.5 26.5
2885.5 10.5
2886.5 -21.5
2887.5 2
2888.5 36
2889.5 -10
2890.5 -10.5
2891.5 28.5
2892.5 38.5
2893.5 14.5
2894.5 28
2895.5 19.5
2896.5 -3
2897.5 95
2898.5 26.5
2899.5 30
2900.5 -40
2901.5 15
2902.5 24
2903.5 2
2904.5 -1.5
2905.5 8
2906.5 -17.5
2907.5 -2.5
2908.5 36
2909.5 15.5
2910.5 25.5
2911.5 -28
2912.5 35
2913.5 50
2914.5 11.5
2915.5 25
2916.5 31
2917.5 38.5
2918.5 -20.5
2919.5 31.5
2920.5 64
2921.5 -10
2922.5 7.5
2923.5 34.5
2924.5 -13.5
2925.5 17
2926.5 26
2927.5 -15
2928.5 82
2929.5 -15
2930.5 -19
2931.5 57
2932.5 27.5
2933.5 -6.5
2934.5 59.5
2935.5 7.5
2936.5 38.5
2937.5 12.5
2938.5 66
2939.5 16.5
2940.5 25.5
2941.5 9
2942.5 15
2943.5 -55
2944.5 30
2945.5 -115
2946.5 5.5
2947.5 -20.5
2948.5 -58
2949.5 -16
2950.5 -24.5
2951.5 9.5
2952.5 19.5
2953.5 20.5
2954.5 70.5
2955.5 0
2956.5 -10.5
2957.5 -20
2958.5 3.5
2959.5 -34.5
2960.5 -5
2961.5 33.5
2962.5 11
2963.5 -27
2964.5 -10.5
2965.5 -9.5
2966.5 48.5
2967.5 23.5
2968.5 3
2969.5 47
2970.5 16
2971.5 65.5
2972.5 -6.5
2973.5 -7
2974.5 16.5
2975.5 47.5
2976.5 44.5
2977.5 12
2978.5 -1
2979.5 -12.5
2980.5 -29
2981.5 42.5
2982.5 46
2983.5 -34.5
2984.5 30.5
2985.5 14
2986.5 44.5
2987.5 17
2988.5 -14.5
2989.5 31.5
2990.5 11
2991.5 1
2992.5 23
2993.5 9.5
2994.5 29.5
2995.5 54
2996.5 23.5
2997.5 3
2998.5 32
2999.5 28
3000.5 27
3001.5 -1
3002.5 17
3003.5 -3
3004.5 56
3005.5 80.5
3006.5 58.5
3007.5 55
3008.5 87
3009.5 -49.5
3010.5 8.5
3011.5 90.5
3012.5 27
3013.5 32.5
3014.5 47
3015.5 11.5
3016.5 -72
3017.5 -11
3018.5 4.5
3019.5 -49
3020.5 29.5
3021.5 33.5
3022.5 67
3023.5 44.5
3024.5 -3.5
3025.5 28.5
3026.5 -8
3027.5 37
3028.5 7.5
3029.5 23.5
3030.5 -6
3031.5 12
3032.5 1.5
3033.5 6
3034.5 16
3035.5 0.5
3036.5 -31.5
3037.5 -20
3038.5 -4.5
3039.5 -30.5
3040.5 -23.5
3041.5 70.5
3042.5 18
3043.5 -0.5
3044.5 32.5
3045.5 1
3046.5 -1.5
3047.5 32
3048.5 30.5
3049.5 41
3050.5 -6
3051.5 107.5
3052.5 65
3053.5 -8.5
3054.5 24.5
3055.5 94
3056.5 9.5
3057.5 -4.5
3058.5 21
3059.5 -4
3060.5 19
3061.5 17
3062.5 38
3063.5 -14
3064.5 55
3065.5 37.5
3066.5 -16.5
3067.5 -21.5
3068.5 59
3069.5 0.5
3070.5 29
3071.5 -14.5
3072.5 32
3073.5 -5
3074.5 26.5
3075.5 37.5
3076.5 27.5
3077.5 -3
3078.5 -14.5
3079.5 44
3080.5 9.5
3081.5 54.5
3082.5 46.5
3083.5 40.5
3084.5 23.5
3085.5 34
3086.5 -10
3087.5 56
3088.5 -18.5
3089.5 28.5
3090.5 49
3091.5 42
3092.5 22.5
3093.5 32.5
3094.5 27
3095.5 57.5
3096.5 49.5
3097.5 56.5
3098.5 53.5
3099.5 35
3100.5 54
3101.5 80.5
3102.5 4
3103.5 50
3104.5 -5.5
3105.5 5.5
3106.5 37.5
3107.5 34.5
3108.5 22
3109.5 -26
3110.5 -5.5
3111.5 -27.5
3112.5 -6.5
3113.5 22.5
3114.5 29
3115.5 53.5
3116.5 32.5
3117.5 -9
3118.5 32
3119.5 -9
3120.5 49.5
3121.5 8
3122.5 10
3123.5 28
3124.5 -4
3125.5 5.5
3126.5 6
3127.5 -9.5
3128.5 15
3129.5 -2
3130.5 10.5
3131.5 1
3132.5 2.5
3133.5 18
3134.5 -11
3135.5 -8.5
3136.5 37
3137.5 62.5
3138.5 53.5
3139.5 26
3140.5 1.5
3141.5 32.5
3142.5 2
3143.5 -2
3144.5 17
3145.5 -46.5
3146.5 9
3147.5 6
3148.5 46.5
3149.5 64.5
3150.5 25.5
3151.5 40
3152.5 52.5
3153.5 5.5
3154.5 -15
3155.5 43.5
3156.5 3
3157.5 -12.5
3158.5 39
3159.5 45.5
3160.5 27.5
3161.5 10
3162.5 84
3163.5 -10.5
3164.5 18
3165.5 -12
3166.5 42.5
3167.5 69.5
3168.5 37
3169.5 -4
3170.5 26.5
3171.5 41.5
3172.5 0.5
3173.5 6
3174.5 22
3175.5 -3
3176.5 -46
3177.5 56
3178.5 27
3179.5 7
3180.5 8.5
3181.5 21.5
3182.5 10.5
3183.5 4.5
3184.5 4
3185.5 50.5
3186.5 14
3187.5 29.5
3188.5 46.5
3189.5 -13.5
3190.5 20
3191.5 40
3192.5 36.5
3193.5 4
3194.5 -25
3195.5 9
3196.5 57
3197.5 29
3198.5 41
3199.5 15
3200.5 14.5
3201.5 37.5
3202.5 -2.5
3203.5 52.5
3204.5 15
3205.5 -0.5
3206.5 21
3207.5 5.5
3208.5 4
3209.5 7
3210.5 15.5
3211.5 33.5
3212.5 32.5
3213.5 -2.5
3214.5 1
3215.5 17.5
3216.5 19.5
3217.5 7.5
3218.5 23
3219.5 24.5
3220.5 43.5
3221.5 3
3222.5 0.5
3223.5 9
3224.5 79
3225.5 61
3226.5 19.5
3227.5 5.5
3228.5 14
3229.5 8
3230.5 18.5
3231.5 30
3232.5 28
3233.5 6
3234.5 35
3235.5 30
3236.5 -3.5
3237.5 18.5
3238.5 -13
3239.5 4.5
3240.5 -5.5
3241.5 -23
3242.5 25.5
3243.5 20.5
3244.5 11
3245.5 -24
3246.5 7
3247.5 -3.5
3248.5 -19.5
3249.5 -26.5
3250.5 40
3251.5 66.5
3252.5 8.5
3253.5 50.5
3254.5 42.5
3255.5 24.5
3256.5 -26
3257.5 51
3258.5 53
3259.5 41
3260.5 60
3261.5 63
3262.5 30.5
3263.5 55.5
3264.5 70
3265.5 50
3266.5 -7
3267.5 14
3268.5 -14
3269.5 9
3270.5 31
3271.5 30
3272.5 28
3273.5 27.5
3274.5 -3
3275.5 43.5
3276.5 25.5
3277.5 -5
3278.5 41.5
3279.5 38
3280.5 28
3281.5 13.5
3282.5 36.5
3283.5 -38
3284.5 35
3285.5 33.5
3286.5 -12.5
3287.5 16
3288.5 5
3289.5 49.5
3290.5 43
3291.5 -1
3292.5 27
3293.5 10.5
3294.5 24
3295.5 -8.5
3296.5 59.5
3297.5 13
3298.5 68
3299.5 42
3300.5 21.5
3301.5 -32
3302.5 50.5
3303.5 -8
3304.5 9
3305.5 3.5
3306.5 7
3307.5 -26.5
3308.5 32
3309.5 22
3310.5 -7
3311.5 -4
3312.5 10.5
3313.5 63.5
3314.5 30
3315.5 35.5
3316.5 23.5
3317.5 11
3318.5 45.5
3319.5 21.5
3320.5 92.5
3321.5 141.5
3322.5 213.5
3323.5 164.5
3324.5 104.5
3325.5 42
3326.5 -14.5
3327.5 6
3328.5 -9.5
3329.5 38.5
3330.5 34.5
3331.5 36
3332.5 10
3333.5 21.5
3334.5 45.5
3335.5 18
3336.5 42
3337.5 14.5
3338.5 8.5
3339.5 26
3340.5 10
3341.5 54
3342.5 38
3343.5 -5
3344.5 -16.5
3345.5 14
3346.5 12
3347.5 1
3348.5 3
3349.5 32.5
3350.5 6
3351.5 13.5
3352.5 60
3353.5 48
3354.5 47
3355.5 27
3356.5 45.5
3357.5 48
3358.5 21
3359.5 64
3360.5 25
3361.5 47
3362.5 23.5
3363.5 -13
3364.5 42
3365.5 23.5
3366.5 32
3367.5 52.5
3368.5 31
3369.5 56.5
3370.5 21
3371.5 20.5
3372.5 30.5
3373.5 15
3374.5 -13.5
3375.5 71.5
3376.5 -2
3377.5 6
3378.5 11.5
3379.5 -11.5
3380.5 13.5
3381.5 10.5
3382.5 45.5
3383.5 28
3384.5 -15
3385.5 73.5
3386.5 5
3387.5 12.5
3388.5 25
3389.5 37.5
3390.5 22
3391.5 62
3392.5 52
3393.5 32
3394.5 12.5
3395.5 -11
3396.5 15
3397.5 16
3398.5 32
3399.5 -22.5
3400.5 -32
3401.5 3.5
3402.5 7
3403.5 11
3404.5 12.5
3405.5 39.5
3406.5 8.5
3407.5 31
3408.5 19.5
3409.5 1.5
3410.5 -8
3411.5 -19.5
3412.5 30
3413.5 39.5
3414.5 32.5
3415.5 30.5
3416.5 40.5
3417.5 21.5
3418.5 20
3419.5 -2
3420.5 30
3421.5 45.5
3422.5 43
3423.5 -46.5
3424.5 41
3425.5 -49.5
3426.5 -108.5
3427.5 -36.5
3428.5 -24
3429.5 26
3430.5 14.5
3431.5 -3
3432.5 -7
3433.5 4.5
3434.5 24
3435.5 55.5
3436.5 28
3437.5 29
3438.5 -15.5
3439.5 44.5
3440.5 13
3441.5 -0.5
3442.5 23.5
3443.5 58.5
3444.5 26.5
3445.5 26.5
3446.5 -33
3447.5 4.5
3448.5 11
3449.5 59
3450.5 -31
3451.5 56.5
3452.5 31.5
3453.5 28.5
3454.5 27.5
3455.5 7
3456.5 3
3457.5 -23
3458.5 -11.5
3459.5 55.5
3460.5 16.5
3461.5 65
3462.5 23
3463.5 50
3464.5 86.5
3465.5 -14.5
3466.5 69
3467.5 38
3468.5 32
3469.5 1
3470.5 47
3471.5 49.5
3472.5 -0.5
3473.5 23
3474.5 -19.5
3475.5 28
3476.5 27.5
3477.5 -0.5
3478.5 12.5
3479.5 57
3480.5 42.5
3481.5 10.5
3482.5 -23.5
3483.5 10
3484.5 5.5
3485.5 19.5
3486.5 34.5
3487.5 21
3488.5 13.5
3489.5 37
3490.5 30.5
3491.5 -32
3492.5 58.5
3493.5 56
3494.5 14.5
3495.5 92.5
3496.5 67.5
3497.5 28
3498.5 42
3499.5 -6.5
3500.5 35
3501.5 -36
3502.5 17.5
3503.5 61
3504.5 41.5
3505.5 69.5
3506.5 23
3507.5 -1
3508.5 7
3509.5 46.5
3510.5 9.5
3511.5 5.5
3512.5 -7
3513.5 -16
3514.5 -16.5
3515.5 50
3516.5 13
3517.5 30
3518.5 2.5
3519.5 40
3520.5 28.5
3521.5 21
3522.5 33
3523.5 58.5
3524.5 30.5
3525.5 6.5
3526.5 -1
3527.5 5
3528.5 22.5
3529.5 -8
3530.5 54.5
3531.5 14
3532.5 89.5
3533.5 59
3534.5 56
3535.5 33.5
3536.5 34
3537.5 51
3538.5 25
3539.5 22
3540.5 33
3541.5 -10
3542.5 14.5
3543.5 1.5
3544.5 56.5
3545.5 4.5
3546.5 20.5
3547.5 34
3548.5 24
3549.5 27.5
3550.5 43
3551.5 -5.5
3552.5 -10
3553.5 34.5
3554.5 14
3555.5 30
3556.5 23
3557.5 -24
3558.5 -28.5
3559.5 43.5
3560.5 10
3561.5 45
3562.5 -45.5
3563.5 19.5
3564.5 -1
3565.5 -5
3566.5 32
3567.5 -18.5
3568.5 29.5
3569.5 33.5
3570.5 -27.5
3571.5 6.5
3572.5 -19.5
3573.5 -21.5
3574.5 41
3575.5 26.5
3576.5 -6.5
3577.5 5
3578.5 -15.5
3579.5 80
3580.5 37
3581.5 37
3582.5 -25
3583.5 76
3584.5 46.5
3585.5 31
3586.5 5
3587.5 16
3588.5 46.5
3589.5 10
3590.5 -10
3591.5 22.5
3592.5 22.5
3593.5 44
3594.5 -31
3595.5 -13
3596.5 -18.5
3597.5 -8.5
3598.5 6.5
3599.5 1
3600.5 -24.5
3601.5 21.5
3602.5 27
3603.5 48.5
3604.5 37
3605.5 10.5
3606.5 32.5
3607.5 21
3608.5 33.5
3609.5 83
3610.5 37
3611.5 71
3612.5 45.5
3613.5 -1.5
3614.5 14
3615.5 12.5
3616.5 17
3617.5 8
3618.5 -4.5
3619.5 24.5
3620.5 4.5
3621.5 -28.5
3622.5 7
3623.5 0.5
3624.5 24.5
3625.5 20
3626.5 25
3627.5 38
3628.5 -15
3629.5 29
3630.5 5.5
3631.5 6.5
3632.5 15
3633.5 31
3634.5 34
3635.5 -7.5
3636.5 26
3637.5 24
3638.5 13
3639.5 60
3640.5 41
3641.5 10
3642.5 3.5
3643.5 17
3644.5 3.5
3645.5 64.5
3646.5 42.5
3647.5 66.5
3648.5 78
3649.5 59
3650.5 3
3651.5 13
3652.5 34
3653.5 9.5
3654.5 34
3655.5 20
3656.5 5
3657.5 10
3658.5 -12.5
3659.5 -7
3660.5 -14
3661.5 17
3662.5 -22
3663.5 11
3664.5 -1
3665.5 -28
3666.5 15
3667.5 6
3668.5 11
3669.5 28
3670.5 7
3671.5 -3
3672.5 -13.5
3673.5 28.5
3674.5 7
3675.5 39.5
3676.5 23.5
3677.5 52
3678.5 11
3679.5 36
3680.5 59
3681.5 64
3682.5 33.5
3683.5 -8.5
3684.5 41.5
3685.5 21
3686.5 5.5
3687.5 -12.5
3688.5 13.5
3689.5 9
3690.5 21
3691.5 16
3692.5 19
3693.5 -7.5
3694.5 -5
3695.5 6.5
3696.5 53
3697.5 21
3698.5 25.5
3699.5 29.5
3700.5 9
3701.5 -15
3702.5 -6.5
3703.5 12
3704.5 44.5
3705.5 -10.5
3706.5 18
3707.5 46.5
3708.5 15.5
3709.5 -6.5
3710.5 9.5
3711.5 8.5
3712.5 4.5
3713.5 -15.5
3714.5 14
3715.5 -25.5
3716.5 -24
3717.5 -2
3718.5 27
3719.5 39
3720.5 34.5
3721.5 57
3722.5 22
3723.5 27.5
3724.5 -17
3725.5 18
3726.5 43.5
3727.5 29.5
3728.5 34.5
3729.5 -5.5
3730.5 54.5
3731.5 58
3732.5 -42
3733.5 -13
3734.5 24.5
3735.5 5
3736.5 20.5
3737.5 25
3738.5 5.5
3739.5 11
3740.5 14.5
3741.5 -10.5
3742.5 25
3743.5 14.5
3744.5 26.5
3745.5 40
3746.5 11.5
3747.5 -7.5
3748.5 26
3749.5 14.5
3750.5 -0.5
3751.5 -22.5
3752.5 8.5
3753.5 -3.5
3754.5 35
3755.5 -15.5
3756.5 -18.5
3757.5 20.5
3758.5 -16.5
3759.5 24.5
3760.5 13.5
3761.5 26.5
3762.5 -4
3763.5 27.5
3764.5 1.5
3765.5 36
3766.5 29
3767.5 35.5
3768.5 10.5
3769.5 77
3770.5 44
3771.5 18.5
3772.5 3
3773.5 1
3774.5 28
3775.5 8
3776.5 32
3777.5 11.5
3778.5 -8.5
3779.5 35.5
3780.5 33.5
3781.5 -0.5
3782.5 51.5
3783.5 -12
3784.5 10.5
3785.5 4
3786.5 20.5
3787.5 33
3788.5 -6
3789.5 30.5
3790.5 -6
3791.5 8
3792.5 -14
3793.5 29.5
3794.5 59.5
3795.5 -32
3796.5 -0.5
3797.5 -6
3798.5 10.5
3799.5 21
3800.5 -4.5
3801.5 21.5
3802.5 -3
3803.5 33
3804.5 52.5
3805.5 30
3806.5 32
3807.5 32
3808.5 48.5
3809.5 29.5
3810.5 -4.5
3811.5 33.5
3812.5 -15
3813.5 18.5
3814.5 13
3815.5 41
3816.5 9
3817.5 60.5
3818.5 23.5
3819.5 -19
3820.5 6
3821.5 -3
3822.5 -20.5
3823.5 -40.5
3824.5 24.5
3825.5 -14
3826.5 -25.5
3827.5 7.5
3828.5 -7
3829.5 -11.5
3830.5 19
3831.5 11.5
3832.5 -5.5
3833.5 30
3834.5 0.5
3835.5 28
3836.5 19
3837.5 -4
3838.5 13
3839.5 -43.5
3840.5 25.5
3841.5 25.5
3842.5 -9
3843.5 33
3844.5 0
3845.5 55.5
3846.5 11
3847.5 25
3848.5 40.5
3849.5 44.5
3850.5 28.5
3851.5 11.5
3852.5 20
3853.5 26.5
3854.5 -19.5
3855.5 11.5
3856.5 47.5
3857.5 16.5
3858.5 48
3859.5 17.5
3860.5 29.5
3861.5 -20
3862.5 21
3863.5 11.5
3864.5 -13
3865.5 41.5
3866.5 -10
3867.5 2
3868.5 15.5
3869.5 35
3870.5 29
3871.5 74.5
3872.5 16.5
3873.5 43.5
3874.5 -20
3875.5 18
3876.5 -0.5
3877.5 27.5
3878.5 3.5
3879.5 -8
3880.5 6
3881.5 0
3882.5 23.5
3883.5 -19.5
3884.5 12
3885.5 2
3886.5 3.5
3887.5 35.5
3888.5 28.5
3889.5 20.5
3890.5 25.5
3891.5 25
3892.5 19.5
3893.5 17
3894.5 14
3895.5 15
3896.5 4.5
3897.5 22
3898.5 15.5
3899.5 3.5
3900.5 14
3901.5 20.5
3902.5 55
3903.5 -1.5
3904.5 14
3905.5 48
3906.5 -1
3907.5 10.5
3908.5 47.5
3909.5 0
3910.5 56
3911.5 -2.5
3912.5 22.5
3913.5 13
3914.5 35
3915.5 47.5
3916.5 0.5
3917.5 38.5
3918.5 28
3919.5 52
3920.5 23.5
3921.5 23.5
3922.5 37
3923.5 40
3924.5 2
3925.5 32.5
3926.5 33.5
3927.5 52.5
3928.5 27.5
3929.5 -13.5
3930.5 14
3931.5 11.5
3932.5 -5
3933.5 -3.5
3934.5 25.5
3935.5 -10
3936.5 27
3937.5 7.5
3938.5 4.5
3939.5 27
3940.5 3
3941.5 16
3942.5 11.5
3943.5 45.5
3944.5 32
3945.5 53
3946.5 44
3947.5 37
3948.5 24
3949.5 25.5
3950.5 49
3951.5 41
3952.5 42
3953.5 12
3954.5 -12.5
3955.5 -14
3956.5 54.5
3957.5 19
3958.5 33
3959.5 -9.5
3960.5 -17
3961.5 -0.5
3962.5 -2
3963.5 -13
3964.5 11
3965.5 25.5
3966.5 37.5
3967.5 60
3968.5 13
3969.5 45
3970.5 19
3971.5 51.5
3972.5 44.5
3973.5 71.5
3974.5 77
3975.5 29.5
3976.5 31.5
3977.5 21
3978.5 27.5
3979.5 -21
3980.5 28
3981.5 8.5
3982.5 14.5
3983.5 -5
3984.5 27
3985.5 39
3986.5 4
3987.5 7
3988.5 3.5
3989.5 17.5
3990.5 14
3991.5 18
3992.5 6
3993.5 25
3994.5 22
3995.5 -8.5
3996.5 -3
3997.5 39
3998.5 -14.5
3999.5 18
4000.5 7.5
4001.5 17
4002.5 25
4003.5 5
4004.5 1
4005.5 9.5
4006.5 8
4007.5 36
4008.5 12.5
4009.5 -3
4010.5 14
4011.5 -2
4012.5 -4.5
4013.5 0
4014.5 31
4015.5 -3
4016.5 3.5
4017.5 -11
4018.5 35
4019.5 22
4020.5 34.5
4021.5 3
4022.5 41.5
4023.5 -0.5
4024.5 -7
4025.5 25
4026.5 10
4027.5 14.5
4028.5 39
4029.5 18.5
4030.5 13.5
4031.5 20.5
4032.5 38.5
4033.5 33
4034.5 47
4035.5 8.5
4036.5 -8.5
4037.5 16.5
4038.5 4
4039.5 6.5
4040.5 30
4041.5 47
4042.5 22.5
4043.5 7
4044.5 25
4045.5 34
4046.5 37.5
4047.5 23
4048.5 18.5
4049.5 37
4050.5 34.5
4051.5 -13
4052.5 0
4053.5 9
4054.5 31
4055.5 34.5
4056.5 39
4057.5 20.5
4058.5 44
4059.5 -11.5
4060.5 10
4061.5 31.5
4062.5 29
4063.5 3.5
4064.5 36
4065.5 5.5
4066.5 4
4067.5 35
4068.5 33
4069.5 -1.5
4070.5 56.5
4071.5 -5
4072.5 13
4073.5 10.5
4074.5 2.5
4075.5 17
4076.5 -16.5
4077.5 18.5
4078.5 40.5
4079.5 9.5
4080.5 36
4081.5 50
4082.5 -3.5
4083.5 -5
4084.5 10.5
4085.5 26
4086.5 21.5
4087.5 25
4088.5 25
4089.5 17
4090.5 -6
4091.5 62.5
4092.5 9
4093.5 5
4094.5 -24.5
4095.5 20
4096.5 19
4097.5 6
4098.5 49
4099.5 5
4100.5 -6
4101.5 18
4102.5 6.5
4103.5 30.5
4104.5 12
4105.5 35.5
4106.5 46.5
4107.5 21
4108.5 24
4109.5 -36
4110.5 29.5
4111.5 19
4112.5 16.5
4113.5 16
4114.5 22
4115.5 21.5
4116.5 32.5
4117.5 28.5
4118.5 1
4119.5 14.5
4120.5 39.5
4121.5 -8
4122.5 15
4123.5 23
4124.5 8.5
4125.5 37
4126.5 29.5
4127.5 22
4128.5 20.5
4129.5 20
4130.5 12
4131.5 21.5
4132.5 6.5
4133.5 1.5
4134.5 8
4135.5 -8
4136.5 42
4137.5 15
4138.5 -16.5
4139.5 -2.5
4140.5 10
4141.5 9
4142.5 -13.5
4143.5 19.5
4144.5 7.5
4145.5 27
4146.5 56
4147.5 21.5
4148.5 40
4149.5 24.5
4150.5 33.5
4151.5 33
4152.5 19.5
4153.5 51
4154.5 51
4155.5 16.5
4156.5 58.5
4157.5 0.5
4158.5 30
4159.5 30
4160.5 17
4161.5 21.5
4162.5 35.5
4163.5 32.5
4164.5 30
4165.5 3
4166.5 12.5
4167.5 -33
4168.5 -17.5
4169.5 -14
4170.5 -27
4171.5 0.5
4172.5 16.5
4173.5 23.5
4174.5 76
4175.5 14
4176.5 15.5
4177.5 14
4178.5 9.5
4179.5 13
4180.5 -0.5
4181.5 39.5
4182.5 32.5
4183.5 -1.5
4184.5 24
4185.5 -12.5
4186.5 6.5
4187.5 13
4188.5 10
4189.5 33
4190.5 23
4191.5 34
4192.5 9
4193.5 -13.5
4194.5 14
4195.5 26
4196.5 8.5
4197.5 15
4198.5 25.5
4199.5 31
4200.5 -3
4201.5 35
4202.5 16.5
4203.5 39
4204.5 10.5
4205.5 12
4206.5 21
4207.5 24
4208.5 19
4209.5 12.5
4210.5 30.5
4211.5 29.5
4212.5 4
4213.5 20
4214.5 18.5
4215.5 11.5
4216.5 26.5
4217.5 20
4218.5 -37.5
4219.5 -20.5
4220.5 0.5
4221.5 18
4222.5 -7
4223.5 6
4224.5 -3.5
4225.5 19
4226.5 3
4227.5 -22
4228.5 -8.5
4229.5 44
4230.5 22.5
4231.5 13
4232.5 11.5
4233.5 0
4234.5 14
4235.5 4
4236.5 21.5
4237.5 24
4238.5 24.5
4239.5 20
4240.5 30
4241.5 3
4242.5 49.5
4243.5 -2.5
4244.5 -6
4245.5 12.5
4246.5 -22.5
4247.5 22.5
4248.5 6
4249.5 -19
4250.5 58.5
4251.5 -2.5
4252.5 12
4253.5 12
4254.5 34
4255.5 39.5
4256.5 65.5
4257.5 103.5
4258.5 87.5
4259.5 61
4260.5 14.5
4261.5 2.5
4262.5 11.5
4263.5 -65.5
4264.5 -54
4265.5 -7
4266.5 -12.5
4267.5 -11.5
4268.5 20.5
4269.5 7.5
4270.5 33
4271.5 3
4272.5 -34.5
4273.5 -3.5
4274.5 22
4275.5 -20
4276.5 47.5
4277.5 48
4278.5 52.5
4279.5 16.5
4280.5 30.5
4281.5 79
4282.5 10
4283.5 33
4284.5 10.5
4285.5 34.5
4286.5 -20.5
4287.5 -1
4288.5 4.5
4289.5 27
4290.5 55.5
4291.5 7
4292.5 18
4293.5 15
4294.5 42
4295.5 15.5
4296.5 12
4297.5 -12.5
4298.5 18.5
4299.5 16
4300.5 19.5
4301.5 -17
4302.5 10
4303.5 14.5
4304.5 -2
4305.5 3
4306.5 10.5
4307.5 15.5
4308.5 -1
4309.5 18.5
4310.5 -5
4311.5 7
4312.5 13
4313.5 24
4314.5 38.5
4315.5 8
4316.5 41.5
4317.5 28
4318.5 28
4319.5 42
4320.5 17.5
4321.5 2.5
4322.5 -14
4323.5 29.5
4324.5 13
4325.5 33
4326.5 31
4327.5 11
4328.5 25
4329.5 -15.5
4330.5 19.5
4331.5 47
4332.5 -2
4333.5 19
4334.5 -9
4335.5 22.5
4336.5 4
4337.5 -3.5
4338.5 11
4339.5 -18.5
4340.5 30.5
4341.5 16.5
4342.5 3.5
4343.5 -2.5
4344.5 4
4345.5 30.5
4346.5 24.5
4347.5 7
4348.5 -1
4349.5 13.5
4350.5 -34.5
4351.5 5.5
4352.5 2.5
4353.5 -1.5
4354.5 24
4355.5 19
4356.5 -6.5
4357.5 14.5
4358.5 15
4359.5 -4.5
4360.5 36.5
4361.5 -15
4362.5 20
4363.5 43.5
4364.5 42
4365.5 17
4366.5 27
4367.5 32.5
4368.5 -1
4369.5 24
4370.5 32
4371.5 39.5
4372.5 18.5
4373.5 30.5
4374.5 7.5
4375.5 79
4376.5 54.5
4377.5 19
4378.5 105
4379.5 116
4380.5 113
4381.5 166.5
4382.5 165
4383.5 149.5
4384.5 71.5
4385.5 24
4386.5 27
4387.5 5
4388.5 -18
4389.5 3.5
4390.5 -9.5
4391.5 9.5
4392.5 42
4393.5 49.5
4394.5 27.5
4395.5 5.5
4396.5 38.5
4397.5 6.5
4398.5 17.5
4399.5 51.5
4400.5 30
4401.5 7.5
4402.5 -15
4403.5 17.5
4404.5 9
4405.5 33.5
4406.5 16
4407.5 37.5
4408.5 32.5
4409.5 26
4410.5 23.5
4411.5 1
4412.5 17
4413.5 -16
4414.5 10.5
4415.5 -5.5
4416.5 -20.5
4417.5 11
4418.5 27
4419.5 2.5
4420.5 5
4421.5 -2
4422.5 -13
4423.5 15
4424.5 21
4425.5 7
4426.5 -1
4427.5 -14.5
4428.5 34
4429.5 -22
4430.5 -7.5
4431.5 14
4432.5 -5.5
4433.5 28
4434.5 2
4435.5 -15.5
4436.5 10
4437.5 -8.5
4438.5 25.5
4439.5 28.5
4440.5 18
4441.5 11.5
4442.5 17
4443.5 18
4444.5 0.5
4445.5 5
4446.5 32
4447.5 -24
4448.5 8.5
4449.5 16
4450.5 8.5
4451.5 45
4452.5 59
4453.5 15
4454.5 35.5
4455.5 51.5
4456.5 14.5
4457.5 71.5
4458.5 64
4459.5 65.5
4460.5 53
4461.5 37
4462.5 32
4463.5 33.5
4464.5 29
4465.5 3
4466.5 2
4467.5 34.5
4468.5 15
4469.5 22
4470.5 -19.5
4471.5 6.5
4472.5 16.5
4473.5 -9
4474.5 -3
4475.5 -17.5
4476.5 16.5
4477.5 14
4478.5 17.5
4479.5 32
4480.5 6
4481.5 -18
4482.5 -1.5
4483.5 22.5
4484.5 -17
4485.5 22
4486.5 21
4487.5 25.5
4488.5 52
4489.5 -1
4490.5 -0.5
4491.5 -15.5
4492.5 30
4493.5 -11
4494.5 -5
4495.5 11.5
4496.5 24
4497.5 -8.5
4498.5 21
4499.5 33
4500.5 28.5
4501.5 21
4502.5 38.5
4503.5 29
4504.5 -1.5
4505.5 10
4506.5 -15.5
4507.5 -3
4508.5 -4.5
4509.5 -9
4510.5 11
4511.5 34.5
4512.5 2.5
4513.5 5
4514.5 29.5
4515.5 -11
4516.5 -22.5
4517.5 5.5
4518.5 10
4519.5 8.5
4520.5 -26.5
4521.5 3
4522.5 5.5
4523.5 29.5
4524.5 -5
4525.5 20.5
4526.5 11
4527.5 -6
4528.5 31
4529.5 11
4530.5 -4
4531.5 4
4532.5 34.5
4533.5 5.5
4534.5 0.5
4535.5 2.5
4536.5 -1.5
4537.5 -7
4538.5 -6
4539.5 0
4540.5 25.5
4541.5 1.5
4542.5 15.5
4543.5 7
4544.5 20
4545.5 -20
4546.5 25
4547.5 -4.5
4548.5 29
4549.5 35
4550.5 48
4551.5 103
4552.5 11.5
4553.5 22.5
4554.5 38.5
4555.5 47
4556.5 42.5
4557.5 23.5
4558.5 35.5
4559.5 -2
4560.5 14
4561.5 34
4562.5 5
4563.5 12.5
4564.5 -3.5
4565.5 -16
4566.5 7
4567.5 31
4568.5 4
4569.5 4.5
4570.5 41
4571.5 69
4572.5 47
4573.5 25
4574.5 28.5
4575.5 38.5
4576.5 15
4577.5 40.5
4578.5 30.5
4579.5 21
4580.5 6.5
4581.5 41.5
4582.5 9.5
4583.5 -12.5
4584.5 14
4585.5 -7
4586.5 4
4587.5 12.5
4588.5 11.5
4589.5 -19.5
4590.5 15
4591.5 27.5
4592.5 21
4593.5 7.5
4594.5 27
4595.5 8
4596.5 3
4597.5 -13.5
4598.5 10.5
4599.5 18.5
4600.5 23.5
4601.5 23
4602.5 -0.5
4603.5 19
4604.5 10.5
4605.5 -5
4606.5 9.5
4607.5 -19.5
4608.5 -3.5
4609.5 -2.5
4610.5 12
4611.5 3
4612.5 24.5
4613.5 -4.5
4614.5 8.5
4615.5 7
4616.5 18
4617.5 -18
4618.5 -28.5
4619.5 30
4620.5 3
4621.5 23
4622.5 13
4623.5 27
4624.5 15.5
4625.5 61.5
4626.5 -11.5
4627.5 -3.5
4628.5 -11.5
4629.5 7
4630.5 27.5
4631.5 -29
4632.5 -21.5
4633.5 34
4634.5 8.5
4635.5 20.5
4636.5 8.5
4637.5 14.5
4638.5 -4.5
4639.5 -2
4640.5 -2.5
4641.5 0
4642.5 5.5
4643.5 9
4644.5 18
4645.5 4
4646.5 4.5
4647.5 23
4648.5 14
4649.5 -11
4650.5 -15.5
4651.5 -24
4652.5 -30
4653.5 22.5
4654.5 -19
4655.5 -11
4656.5 14
4657.5 -17
4658.5 -4
4659.5 -33
4660.5 12
4661.5 -8.5
4662.5 9
4663.5 7.5
4664.5 5.5
4665.5 -2.5
4666.5 -5
4667.5 6
4668.5 20
4669.5 -15
4670.5 3.5
4671.5 15
4672.5 50
4673.5 14
4674.5 18
4675.5 33.5
4676.5 10
4677.5 14
4678.5 -15
4679.5 -7.5
4680.5 22.5
4681.5 38.5
4682.5 34.5
4683.5 16.5
4684.5 8.5
4685.5 29
4686.5 -16.5
4687.5 -13.5
4688.5 30.5
4689.5 26
4690.5 -2
4691.5 -17
4692.5 8.5
4693.5 25.5
4694.5 12
4695.5 0
4696.5 -7
4697.5 -8.5
4698.5 -7.5
4699.5 -8.5
4700.5 4
4701.5 15.5
4702.5 8
4703.5 -15.5
4704.5 13.5
4705.5 -1.5
4706.5 -25
4707.5 -9
4708.5 10
4709.5 16.5
4710.5 8.5
4711.5 36.5
4712.5 2.5
4713.5 8
4714.5 28
4715.5 15.5
4716.5 -2.5
4717.5 -8.5
4718.5 1
4719.5 0
4720.5 13.5
4721.5 3.5
4722.5 32.5
4723.5 -6.5
4724.5 29.5
4725.5 -7
4726.5 24
4727.5 7
4728.5 -5
4729.5 -3.5
4730.5 -5
4731.5 14.5
4732.5 -5.5
4733.5 34
4734.5 20.5
4735.5 29.5
4736.5 33
4737.5 1
4738.5 7
4739.5 0
4740.5 -24.5
4741.5 -3
4742.5 9.5
4743.5 23
4744.5 22.5
4745.5 47
4746.5 -12
4747.5 5
4748.5 -14.5
4749.5 -33.5
4750.5 0.5
4751.5 28.5
4752.5 6
4753.5 -4.5
4754.5 -3
4755.5 13.5
4756.5 22
4757.5 -5.5
4758.5 25
4759.5 -4.5
4760.5 -18.5
4761.5 12.5
4762.5 14.5
4763.5 13.5
4764.5 -4.5
4765.5 5.5
4766.5 2
4767.5 45.5
4768.5 17
4769.5 1.5
4770.5 30
4771.5 -19
4772.5 14
4773.5 -21
4774.5 10.5
4775.5 21
4776.5 24
4777.5 37.5
4778.5 24.5
4779.5 8
4780.5 6
4781.5 10
4782.5 20.5
4783.5 -12.5
4784.5 -33
4785.5 -4.5
4786.5 6.5
4787.5 -21
4788.5 13.5
4789.5 8.5
4790.5 9
4791.5 24
4792.5 -29.5
4793.5 1.5
4794.5 3.5
4795.5 10.5
4796.5 7
4797.5 1.5
4798.5 12
4799.5 19.5
4800.5 14
4801.5 12
4802.5 -26.5
4803.5 13
4804.5 -4
4805.5 23.5
4806.5 36
4807.5 13
4808.5 15
4809.5 -20
4810.5 -13
4811.5 -1
4812.5 -3.5
4813.5 -18
4814.5 -0.5
4815.5 -14.5
4816.5 -9
4817.5 -3.5
4818.5 -1.5
4819.5 -11
4820.5 -30
4821.5 16
4822.5 4
4823.5 -1.5
4824.5 -2
4825.5 -2.5
4826.5 0
4827.5 3
4828.5 24.5
4829.5 14.5
4830.5 -3
4831.5 -24
4832.5 -16.5
4833.5 -4
4834.5 25
4835.5 15
4836.5 16.5
4837.5 -18.5
4838.5 -28.5
4839.5 7.5
4840.5 42
4841.5 6
4842.5 -30
4843.5 24.5
4844.5 39.5
4845.5 22
4846.5 47.5
4847.5 19
4848.5 7.5
4849.5 -33
4850.5 20.5
4851.5 37.5
4852.5 10.5
4853.5 9
4854.5 26
4855.5 26.5
4856.5 12
4857.5 12.5
4858.5 -1.5
4859.5 12.5
4860.5 5
4861.5 -4.5
4862.5 -15.5
4863.5 10.5
4864.5 -1.5
4865.5 43.5
4866.5 26.5
4867.5 3
4868.5 10.5
4869.5 6.5
4870.5 13.5
4871.5 14
4872.5 10
4873.5 4.5
4874.5 14.5
4875.5 7.5
4876.5 50
4877.5 14.5
4878.5 -0.5
4879.5 -17.5
4880.5 -29
4881.5 -36.5
4882.5 -13
4883.5 -19.5
4884.5 45.5
4885.5 47
4886.5 4.5
4887.5 42
4888.5 -3.5
4889.5 24
4890.5 19
4891.5 2.5
4892.5 20.5
4893.5 3
4894.5 22.5
4895.5 4
4896.5 1.5
4897.5 22
4898.5 1
4899.5 52
4900.5 3.5
4901.5 47
4902.5 71
4903.5 80
4904.5 80
4905.5 105
4906.5 94.5
4907.5 32
4908.5 14
4909.5 13.5
4910.5 15
4911.5 14.5
4912.5 15
4913.5 7
4914.5 1
4915.5 27
4916.5 53
4917.5 -17.5
4918.5 42.5
4919.5 46
4920.5 66.5
4921.5 40.5
4922.5 10
4923.5 21
4924.5 15
4925.5 39
4926.5 8
4927.5 0.5
4928.5 8.5
4929.5 22.5
4930.5 28.5
4931.5 -28.5
4932.5 5
4933.5 -25
4934.5 9.5
4935.5 -7
4936.5 14
4937.5 6
4938.5 16
4939.5 13
4940.5 9.5
4941.5 3.5
4942.5 26.5
4943.5 44
4944.5 -4
4945.5 -14.5
4946.5 3
4947.5 17
4948.5 23
4949.5 20.5
4950.5 2.5
4951.5 5.5
4952.5 9
4953.5 -5
4954.5 22.5
4955.5 8
4956.5 7.5
4957.5 7.5
4958.5 15
4959.5 17
4960.5 13
4961.5 6.5
4962.5 21
4963.5 -6.5
4964.5 13.5
4965.5 32.5
4966.5 34
4967.5 -8.5
4968.5 8.5
4969.5 15.5
4970.5 -4.5
4971.5 -20
4972.5 -7.5
4973.5 9
4974.5 -7.5
4975.5 27
4976.5 -22.5
4977.5 14
4978.5 3
4979.5 24
4980.5 -18
4981.5 -33.5
4982.5 3.5
4983.5 -13.5
4984.5 19.5
4985.5 28.5
4986.5 3.5
4987.5 29.5
4988.5 -7.5
4989.5 -10.5
4990.5 0
4991.5 -19.5
4992.5 20.5
4993.5 -21
4994.5 3
4995.5 9.5
4996.5 -17.5
4997.5 -6
4998.5 6.5
4999.5 -20
5000.5 10.5
5001.5 -14.5
5002.5 10
5003.5 -19.5
5004.5 -29
5005.5 10
5006.5 9
5007.5 21
5008.5 -3.5
5009.5 13
5010.5 24
5011.5 -15
5012.5 12.5
5013.5 6
5014.5 -24
5015.5 -19
5016.5 19.5
5017.5 -6
5018.5 -34.5
5019.5 2.5
5020.5 5
5021.5 7.5
5022.5 14
5023.5 11
5024.5 9.5
5025.5 24
5026.5 -0.5
5027.5 1
5028.5 43.5
5029.5 25
5030.5 21.5
5031.5 6.5
5032.5 13.5
5033.5 -12.5
5034.5 29
5035.5 6.5
5036.5 33.5
5037.5 4.5
5038.5 54.5
5039.5 21
5040.5 -6
5041.5 22
5042.5 -0.5
5043.5 18.5
5044.5 49
5045.5 18
5046.5 -12.5
5047.5 19
5048.5 -1
5049.5 -2.5
5050.5 11
5051.5 11.5
5052.5 -16.5
5053.5 30
5054.5 13
5055.5 5.5
5056.5 14.5
5057.5 -9
5058.5 -3.5
5059.5 18
5060.5 -30.5
5061.5 21
5062.5 5.5
5063.5 3
5064.5 11
5065.5 8.5
5066.5 36
5067.5 2
5068.5 -7
5069.5 -8
5070.5 27
5071.5 -19.5
5072.5 6
5073.5 -14
5074.5 10.5
5075.5 29
5076.5 12.5
5077.5 -7
5078.5 0
5079.5 8
5080.5 15
5081.5 7
5082.5 21.5
5083.5 7.5
5084.5 -36
5085.5 12
5086.5 5.5
5087.5 35.5
5088.5 -15
5089.5 -11
5090.5 2
5091.5 18
5092.5 28.5
5093.5 -9.5
5094.5 12
5095.5 18
5096.5 14.5
5097.5 23
5098.5 5
5099.5 -4
5100.5 28
5101.5 8
5102.5 30.5
5103.5 31
5104.5 16
5105.5 10
5106.5 6
5107.5 12
5108.5 12
5109.5 -2
5110.5 22
5111.5 7
5112.5 17
5113.5 22
5114.5 -30
5115.5 35.5
5116.5 13
5117.5 13
5118.5 3.5
5119.5 -2
5120.5 8.5
5121.5 -36.5
5122.5 -11.5
5123.5 -17
5124.5 2
5125.5 6
5126.5 26
5127.5 7
5128.5 -2.5
5129.5 21.5
5130.5 -11
5131.5 20
5132.5 5.5
5133.5 8
5134.5 16
5135.5 -16
5136.5 15.5
5137.5 2
5138.5 0
5139.5 -3
5140.5 -1.5
5141.5 2.5
5142.5 17.5
5143.5 -16
5144.5 -2
5145.5 20
5146.5 -5
5147.5 -8
5148.5 -4
5149.5 -10
5150.5 28
5151.5 7.5
5152.5 1.5
5153.5 8.5
5154.5 -5.5
5155.5 15
5156.5 35.5
5157.5 2
5158.5 19
5159.5 15.5
5160.5 32
5161.5 -12.5
5162.5 20
5163.5 18
5164.5 18.5
5165.5 39
5166.5 8
5167.5 -8.5
5168.5 24
5169.5 -24.5
5170.5 7.5
5171.5 -6
5172.5 1
5173.5 -10
5174.5 13
5175.5 2.5
5176.5 10.5
5177.5 -7
5178.5 8
5179.5 12.5
5180.5 6.5
5181.5 4
5182.5 58.5
5183.5 -5.5
5184.5 21.5
5185.5 -8.5
5186.5 -1
5187.5 27
5188.5 7.5
5189.5 13.5
5190.5 15.5
5191.5 23.5
5192.5 12
5193.5 60
5194.5 -11
5195.5 20
5196.5 30.5
5197.5 17
5198.5 21.5
5199.5 23.5
5200.5 24
5201.5 2.5
5202.5 6.5
5203.5 -12.5
5204.5 -4.5
5205.5 -1.5
5206.5 -10.5
5207.5 4
5208.5 -13
5209.5 -22.5
5210.5 -8
5211.5 -16
5212.5 7
5213.5 28.5
5214.5 -14.5
5215.5 2
5216.5 -13.5
5217.5 13
5218.5 7
5219.5 10
5220.5 -5.5
5221.5 19.5
5222.5 91
5223.5 19.5
5224.5 30
5225.5 26.5
5226.5 14
5227.5 10.5
5228.5 11.5
5229.5 10
5230.5 -18
5231.5 15
5232.5 4.5
5233.5 8.5
5234.5 -13
5235.5 8.5
5236.5 17.5
5237.5 6.5
5238.5 10.5
5239.5 -21.5
5240.5 -5.5
5241.5 6
5242.5 -2.5
5243.5 5.5
5244.5 1.5
5245.5 6.5
5246.5 -2.5
5247.5 12.5
5248.5 -3
5249.5 -5.5
5250.5 20
5251.5 8.5
5252.5 22
5253.5 13
5254.5 16.5
5255.5 -15
5256.5 3.5
5257.5 16
5258.5 -2.5
5259.5 -19.5
5260.5 -9.5
5261.5 6
5262.5 -10
5263.5 52
5264.5 5
5265.5 -9
5266.5 1
5267.5 -42.5
5268.5 -20
5269.5 -9
5270.5 23
5271.5 9
5272.5 5
5273.5 23.5
5274.5 10.5
5275.5 6
5276.5 -18.5
5277.5 18.5
5278.5 2
5279.5 31
5280.5 8.5
5281.5 -4.5
5282.5 10.5
5283.5 25
5284.5 8.5
5285.5 28.5
5286.5 1
5287.5 -10.5
5288.5 6.5
5289.5 -9.5
5290.5 -17.5
5291.5 23.5
5292.5 18
5293.5 2
5294.5 -5
5295.5 8
5296.5 14
5297.5 6
5298.5 6
5299.5 3.5
5300.5 29.5
5301.5 10
5302.5 -11
5303.5 4.5
5304.5 -3.5
5305.5 15
5306.5 11
5307.5 -10
5308.5 -17.5
5309.5 -6.5
5310.5 -6
5311.5 5.5
5312.5 -3.5
5313.5 5
5314.5 6
5315.5 -3.5
5316.5 -1.5
5317.5 -24
5318.5 21
5319.5 -16.5
5320.5 25
5321.5 23.5
5322.5 -18.5
5323.5 -8.5
5324.5 -0.5
5325.5 -19
5326.5 -9.5
5327.5 10
5328.5 19.5
5329.5 -5
5330.5 19.5
5331.5 -4
5332.5 -20
5333.5 20.5
5334.5 2.5
5335.5 -19.5
5336.5 11.5
5337.5 -5.5
5338.5 1
5339.5 -5.5
5340.5 10.5
5341.5 17
5342.5 -20
5343.5 -5.5
5344.5 -4.5
5345.5 2.5
5346.5 -3
5347.5 0.5
5348.5 31.5
5349.5 20.5
5350.5 32
5351.5 39.5
5352.5 16.5
5353.5 66
5354.5 42
5355.5 71
5356.5 84
5357.5 35
5358.5 37
5359.5 13
5360.5 -5
5361.5 9.5
5362.5 -0.5
5363.5 3
5364.5 -5
5365.5 12
5366.5 -22
5367.5 15
5368.5 -13
5369.5 2.5
5370.5 -1.5
5371.5 -6
5372.5 9.5
5373.5 -8
5374.5 9
5375.5 14.5
5376.5 4
5377.5 -2
5378.5 -5
5379.5 -17
5380.5 33.5
5381.5 -5
5382.5 11
5383.5 -11.5
5384.5 -13
5385.5 -16.5
5386.5 -13
5387.5 -37
5388.5 -20.5
5389.5 49
5390.5 8.5
5391.5 30.5
5392.5 15.5
5393.5 2
5394.5 48
5395.5 7.5
5396.5 -12
5397.5 15.5
5398.5 21
5399.5 32.5
5400.5 -2.5
5401.5 -11.5
5402.5 -7
5403.5 6.5
5404.5 9
5405.5 14
5406.5 10
5407.5 25
5408.5 5
5409.5 21.5
5410.5 -8
5411.5 -6
5412.5 9
5413.5 26
5414.5 -8.5
5415.5 -24.5
5416.5 -0.5
5417.5 1.5
5418.5 9.5
5419.5 -4
5420.5 7
5421.5 -18
5422.5 -19
5423.5 22
5424.5 -10.5
5425.5 -17.5
5426.5 3
5427.5 7
5428.5 13.5
5429.5 -11.5
5430.5 -0.5
5431.5 28
5432.5 25.5
5433.5 11
5434.5 -3
5435.5 -11
5436.5 22
5437.5 7
5438.5 10
5439.5 -15.5
5440.5 25.5
5441.5 0.5
5442.5 12.5
5443.5 7.5
5444.5 -3.5
5445.5 8.5
5446.5 -4.5
5447.5 3.5
5448.5 12.5
5449.5 -2
5450.5 -4
5451.5 -7
5452.5 -21.5
5453.5 35
5454.5 2
5455.5 18.5
5456.5 16.5
5457.5 8
5458.5 -2
5459.5 2
5460.5 9
5461.5 15.5
5462.5 -5
5463.5 1
5464.5 -5
5465.5 3.5
5466.5 18.5
5467.5 17.5
5468.5 -11
5469.5 0
5470.5 20
5471.5 10.5
5472.5 18.5
5473.5 25
5474.5 9
5475.5 26
5476.5 3.5
5477.5 13.5
5478.5 -5.5
5479.5 12.5
5480.5 17.5
5481.5 -3.5
5482.5 -17.5
5483.5 -21
5484.5 10.5
5485.5 -2.5
5486.5 22
5487.5 -6.5
5488.5 15
5489.5 -35
5490.5 20.5
5491.5 0.5
5492.5 -22
5493.5 -19.5
5494.5 10
5495.5 -16.5
5496.5 -13
5497.5 10
5498.5 -2
5499.5 -0.5
5500.5 -24
5501.5 13
5502.5 -2.5
5503.5 -14.5
5504.5 18.5
5505.5 12.5
5506.5 -5
5507.5 8.5
5508.5 7
5509.5 13
5510.5 13.5
5511.5 8.5
5512.5 -4
5513.5 -18
5514.5 -53.5
5515.5 1.5
5516.5 -10
5517.5 7
5518.5 22.5
5519.5 7
5520.5 55
5521.5 7
5522.5 20
5523.5 13
5524.5 34
5525.5 -4.5
5526.5 18
5527.5 -2
5528.5 -3
5529.5 -11.5
5530.5 -3
5531.5 -11.5
5532.5 22
5533.5 20
5534.5 22
5535.5 21.5
5536.5 43
5537.5 20.5
5538.5 32.5
5539.5 19
5540.5 29.5
5541.5 18.5
5542.5 27.5
5543.5 15
5544.5 1
5545.5 1
5546.5 16
5547.5 6.5
5548.5 -26
5549.5 2.5
5550.5 -6
5551.5 6
5552.5 0
5553.5 -14
5554.5 17
5555.5 -4
5556.5 24.5
5557.5 -16.5
5558.5 -12.5
5559.5 11
5560.5 -1
5561.5 -8.5
5562.5 10
5563.5 3.5
5564.5 1.5
5565.5 4
5566.5 7
5567.5 0.5
5568.5 -9
5569.5 -4.5
5570.5 9.5
5571.5 10
5572.5 7.5
5573.5 7.5
5574.5 9
5575.5 -4.5
5576.5 -7.5
5577.5 5
5578.5 -21
5579.5 -20.5
5580.5 -14
5581.5 8.5
5582.5 -24.5
5583.5 -19.5
5584.5 4
5585.5 0
5586.5 12.5
5587.5 16.5
5588.5 -5.5
5589.5 -7.5
5590.5 37
5591.5 -2.5
5592.5 12
5593.5 10.5
5594.5 -1.5
5595.5 0.5
5596.5 -4
5597.5 -8.5
5598.5 2
5599.5 1
5600.5 9
5601.5 -14
5602.5 1
5603.5 -17
5604.5 3
5605.5 -3
5606.5 10.5
5607.5 -0.5
5608.5 -20.5
5609.5 -1
5610.5 32
5611.5 9
5612.5 -24.5
5613.5 -14
5614.5 -5
5615.5 -5
5616.5 5
5617.5 20.5
5618.5 -16.5
5619.5 -12.5
5620.5 13
5621.5 -2.5
5622.5 -4
5623.5 36
5624.5 2
5625.5 36.5
5626.5 2
5627.5 -12
5628.5 -11
5629.5 28.5
5630.5 21
5631.5 -15
5632.5 -3
5633.5 -8
5634.5 11.5
5635.5 6
5636.5 29.5
5637.5 23
5638.5 -17
5639.5 -16
5640.5 -2
5641.5 -3
5642.5 8
5643.5 -1.5
5644.5 1
5645.5 18.5
5646.5 22
5647.5 -17.5
5648.5 -15.5
5649.5 6.5
5650.5 7.5
5651.5 5
5652.5 -13
5653.5 -1.5
5654.5 17
5655.5 -13.5
5656.5 -20.5
5657.5 14
5658.5 11
5659.5 1
5660.5 3
5661.5 7
5662.5 2.5
5663.5 -12
5664.5 0
5665.5 13.5
5666.5 10.5
5667.5 10.5
5668.5 21.5
5669.5 23.5
5670.5 24
5671.5 33.5
5672.5 23
5673.5 54.5
5674.5 53
5675.5 13.5
5676.5 12.5
5677.5 -11.5
5678.5 -16
5679.5 3.5
5680.5 -11.5
5681.5 -20.5
5682.5 -23
5683.5 0
5684.5 2.5
5685.5 4.5
5686.5 3
5687.5 0
5688.5 -14.5
5689.5 3.5
5690.5 -5
5691.5 3
5692.5 -29
5693.5 2.5
5694.5 -9
5695.5 -5
5696.5 -14.5
5697.5 6
5698.5 -0.5
5699.5 -0.5
5700.5 9
5701.5 -1
5702.5 23.5
5703.5 3
5704.5 12.5
5705.5 18.5
5706.5 -2.5
5707.5 24
5708.5 26
5709.5 11.5
5710.5 -4
5711.5 10
5712.5 12.5
5713.5 -2.5
5714.5 -2
5715.5 28
5716.5 -10.5
5717.5 -8
5718.5 -4
5719.5 -6.5
5720.5 -10.5
5721.5 -2
5722.5 -22
5723.5 -15
5724.5 -6
5725.5 1.5
5726.5 0.5
5727.5 -10.5
5728.5 19.5
5729.5 25
5730.5 6.5
5731.5 -14
5732.5 -14.5
5733.5 1.5
5734.5 -8.5
5735.5 -7
5736.5 -9
5737.5 -9.5
5738.5 12.5
5739.5 -15
5740.5 4
5741.5 19
5742.5 6
5743.5 -20
5744.5 -9.5
5745.5 -15
5746.5 0
5747.5 -0.5
5748.5 8.5
5749.5 -3
5750.5 6
5751.5 5.5
5752.5 -7
5753.5 0.5
5754.5 -9
5755.5 -5.5
5756.5 23
5757.5 14.5
5758.5 0
5759.5 -3.5
5760.5 13.5
5761.5 13.5
5762.5 -9
5763.5 -4.5
5764.5 -5
5765.5 8
5766.5 10.5
5767.5 -6
5768.5 15
5769.5 -11.5
5770.5 7.5
5771.5 -2.5
5772.5 -11
5773.5 16.5
5774.5 21
5775.5 0
5776.5 -13.5
5777.5 5.5
5778.5 10
5779.5 18.5
5780.5 9
5781.5 -12.5
5782.5 16.5
5783.5 13.5
5784.5 -36
5785.5 -4
5786.5 2
5787.5 0
5788.5 25
5789.5 -9
5790.5 0
5791.5 17
5792.5 10
5793.5 15.5
5794.5 11
5795.5 -8
5796.5 -1
5797.5 -18.5
5798.5 12
5799.5 -0.5
5800.5 -7.5
5801.5 3
5802.5 -4
5803.5 28
5804.5 -7.5
5805.5 -6.5
5806.5 -3.5
5807.5 8.5
5808.5 5
5809.5 5.5
5810.5 0
5811.5 17
5812.5 2.5
5813.5 3
5814.5 -3
5815.5 6.5
5816.5 6
5817.5 -11
5818.5 2.5
5819.5 8.5
5820.5 -3.5
5821.5 8
5822.5 2
5823.5 23.5
5824.5 9
5825.5 12
5826.5 -15
5827.5 29.5
5828.5 9.5
5829.5 -9.5
5830.5 16
5831.5 -5.5
5832.5 34.5
5833.5 11
5834.5 -4
5835.5 17
5836.5 -1.5
5837.5 12
5838.5 -13.5
5839.5 -9
5840.5 9
5841.5 -7.5
5842.5 32.5
5843.5 -12
5844.5 7
5845.5 -8.5
5846.5 18.5
5847.5 -0.5
5848.5 -14.5
5849.5 3.5
5850.5 -2
5851.5 14
5852.5 13
5853.5 4.5
5854.5 4
5855.5 10
5856.5 -2
5857.5 12
5858.5 3.5
5859.5 0
5860.5 -1
5861.5 2.5
5862.5 8
5863.5 12.5
5864.5 8
5865.5 -10.5
5866.5 9.5
5867.5 -11.5
5868.5 -2
5869.5 -20
5870.5 6.5
5871.5 3.5
5872.5 1
5873.5 7
5874.5 -3.5
5875.5 3
5876.5 -3
5877.5 26
5878.5 -15.5
5879.5 -10
5880.5 2
5881.5 -8
5882.5 22.5
5883.5 -4
5884.5 -5
5885.5 -36.5
5886.5 32.5
5887.5 22.5
5888.5 17.5
5889.5 3
5890.5 5.5
5891.5 12
5892.5 16.5
5893.5 -1.5
5894.5 -40.5
5895.5 -4
5896.5 45.5
5897.5 -8.5
5898.5 -37.5
5899.5 7
5900.5 -18.5
5901.5 -7
5902.5 14.5
5903.5 46
5904.5 49.5
5905.5 17.5
5906.5 28
5907.5 -28.5
5908.5 18
5909.5 52
5910.5 -21.5
5911.5 10.5
5912.5 0.5
5913.5 -3
5914.5 2
5915.5 0.5
5916.5 0.5
5917.5 -10
5918.5 -6.5
5919.5 7
5920.5 9
5921.5 8.5
5922.5 -1.5
5923.5 -9.5
5924.5 -6
5925.5 10
5926.5 2
5927.5 15.5
5928.5 3
5929.5 8.5
5930.5 -13.5
5931.5 -6
5932.5 11
5933.5 -6.5
5934.5 -5
5935.5 9.5
5936.5 2.5
5937.5 -13
5938.5 5
5939.5 15.5
5940.5 -4
5941.5 -15
5942.5 -6.5
5943.5 10
5944.5 -3
5945.5 4
5946.5 18.5
5947.5 -5
5948.5 -15
5949.5 1
5950.5 -7.5
5951.5 17
5952.5 9.5
5953.5 -17.5
5954.5 -3
5955.5 -9
5956.5 10.5
5957.5 -4
5958.5 11
5959.5 -13.5
5960.5 18.5
5961.5 0.5
5962.5 -8
5963.5 1
5964.5 -4
5965.5 -14
5966.5 -5.5
5967.5 18
5968.5 34.5
5969.5 5
5970.5 12
5971.5 10.5
5972.5 17
5973.5 13.5
5974.5 23
5975.5 0.5
5976.5 4
5977.5 7.5
5978.5 9
5979.5 9
5980.5 -10.5
5981.5 -1
5982.5 2
5983.5 14
5984.5 7.5
5985.5 7
5986.5 -3
5987.5 4
5988.5 -8.5
5989.5 -12
5990.5 1
5991.5 2.5
5992.5 4
5993.5 25
5994.5 2.5
5995.5 -0.5
5996.5 1.5
5997.5 4.5
5998.5 35.5
5999.5 26.5
6000.5 8
6001.5 32.5
6002.5 4.5
6003.5 -3.5
6004.5 2
6005.5 19
6006.5 10
6007.5 -8.5
6008.5 -11.5
6009.5 2.5
6010.5 -3
6011.5 -5.5
6012.5 3
6013.5 -13
6014.5 -1
6015.5 -1
6016.5 -2
6017.5 -2
6018.5 6
6019.5 9.5
6020.5 5.5
6021.5 -4.5
6022.5 14
6023.5 4
6024.5 7.5
6025.5 2
6026.5 15.5
6027.5 2
6028.5 3.5
6029.5 -11
6030.5 23.5
6031.5 7
6032.5 35
6033.5 19.5
6034.5 35
6035.5 0
6036.5 0
6037.5 7
6038.5 -19.5
6039.5 -3
6040.5 -10.5
6041.5 1.5
6042.5 27.5
6043.5 7.5
6044.5 -0.5
6045.5 2
6046.5 12
6047.5 -14
6048.5 -7
6049.5 8.5
6050.5 7
6051.5 3
6052.5 -6
6053.5 -4.5
6054.5 0
6055.5 1.5
6056.5 -5.5
6057.5 -5
6058.5 1
6059.5 2
6060.5 1
6061.5 -1
6062.5 -9
6063.5 -8
6064.5 -10
6065.5 8.5
6066.5 -4
6067.5 5
6068.5 18
6069.5 -1
6070.5 -2
6071.5 -8.5
6072.5 2
6073.5 3
6074.5 -10.5
6075.5 14.5
6076.5 3
6077.5 11.5
6078.5 -9.5
6079.5 4
6080.5 6
6081.5 17
6082.5 3
6083.5 -1
6084.5 -9.5
6085.5 2
6086.5 3.5
6087.5 7
6088.5 2.5
6089.5 -17
6090.5 7
6091.5 -5
6092.5 -5.5
6093.5 -22
6094.5 -7
6095.5 0
6096.5 9.5
6097.5 9.5
6098.5 14
6099.5 2.5
6100.5 -4
6101.5 -8.5
6102.5 17
6103.5 1.5
6104.5 4.5
6105.5 -11.5
6106.5 4
6107.5 -27.5
6108.5 -10.5
6109.5 -2.5
6110.5 -21.5
6111.5 10.5
6112.5 4.5
6113.5 3.5
6114.5 -3
6115.5 13
6116.5 6.5
6117.5 13.5
6118.5 -6.5
6119.5 -17.5
6120.5 -0.5
6121.5 19
6122.5 21
6123.5 -13.5
6124.5 23.5
6125.5 34.5
6126.5 4.5
6127.5 -9.5
6128.5 -10
6129.5 -2
6130.5 -9.5
6131.5 -5
6132.5 0.5
6133.5 5.5
6134.5 7
6135.5 7
6136.5 -1.5
6137.5 11.5
6138.5 -5
6139.5 -10.5
6140.5 -12.5
6141.5 13
6142.5 1
6143.5 4
6144.5 -8.5
6145.5 13.5
6146.5 19.5
6147.5 -12
6148.5 9.5
6149.5 13.5
6150.5 7.5
6151.5 22.5
6152.5 12.5
6153.5 4
6154.5 2
6155.5 1.5
6156.5 1.5
6157.5 16.5
6158.5 2
6159.5 2.5
6160.5 5.5
6161.5 6.5
6162.5 9
6163.5 3.5
6164.5 -5.5
6165.5 14
6166.5 9
6167.5 6.5
6168.5 -10.5
6169.5 0
6170.5 14
6171.5 7
6172.5 2.5
6173.5 -5
6174.5 -28
6175.5 -14
6176.5 -0.5
6177.5 7
6178.5 3
6179.5 -7.5
6180.5 -4.5
6181.5 -15.5
6182.5 0
6183.5 10.5
6184.5 -3
6185.5 2
6186.5 1
6187.5 -0.5
6188.5 -4.5
6189.5 6.5
6190.5 8.5
6191.5 13
6192.5 1.5
6193.5 0
6194.5 5.5
6195.5 -1.5
6196.5 3
6197.5 1
6198.5 -3
6199.5 8
6200.5 -10
6201.5 7
6202.5 12
6203.5 4.5
6204.5 -5.5
6205.5 -10.5
6206.5 -12.5
6207.5 10
6208.5 -11
6209.5 6
6210.5 5
6211.5 10.5
6212.5 4.5
6213.5 18
6214.5 23
6215.5 11.5
6216.5 31.5
6217.5 30
6218.5 41
6219.5 30.5
6220.5 22.5
6221.5 54.5
6222.5 41.5
6223.5 15.5
6224.5 14
6225.5 7.5
6226.5 -13
6227.5 -1
6228.5 -1.5
6229.5 -7
6230.5 -16.5
6231.5 3
6232.5 13.5
6233.5 7.5
6234.5 4
6235.5 5
6236.5 13.5
6237.5 -0.5
6238.5 5
6239.5 5
6240.5 1
6241.5 11
6242.5 -17.5
6243.5 1
6244.5 6
6245.5 12
6246.5 11
6247.5 8
6248.5 12
6249.5 5
6250.5 2.5
6251.5 2.5
6252.5 -5
6253.5 11
6254.5 21
6255.5 6
6256.5 4.5
6257.5 -4
6258.5 7.5
6259.5 -4.5
6260.5 1
6261.5 19.5
6262.5 -1.5
6263.5 -10.5
6264.5 14.5
6265.5 -4
6266.5 -6.5
6267.5 12
6268.5 5.5
6269.5 0.5
6270.5 3.5
6271.5 5
6272.5 -27.5
6273.5 0.5
6274.5 8.5
6275.5 -6
6276.5 2.5
6277.5 -9
6278.5 6.5
6279.5 -7
6280.5 3
6281.5 -3
6282.5 1
6283.5 -5
6284.5 1
6285.5 3
6286.5 11
6287.5 -1
6288.5 11.5
6289.5 7
6290.5 4.5
6291.5 0.5
6292.5 5
6293.5 13
6294.5 -6
6295.5 -9.5
6296.5 15.5
6297.5 3.5
6298.5 4.5
6299.5 -3
6300.5 2
6301.5 4
6302.5 7.5
6303.5 -8.5
6304.5 -4
6305.5 2
6306.5 2.5
6307.5 -1.5
6308.5 10
6309.5 -0.5
6310.5 9
6311.5 5
6312.5 -6.5
6313.5 -4
6314.5 -4.5
6315.5 16
6316.5 9.5
6317.5 -4.5
6318.5 -1.5
6319.5 -5.5
6320.5 -14
6321.5 4.5
6322.5 -18.5
6323.5 0.5
6324.5 -4
6325.5 24.5
6326.5 15
6327.5 1.5
6328.5 -12.5
6329.5 -7
6330.5 15.5
6331.5 9.5
6332.5 6
6333.5 0.5
6334.5 -6
6335.5 2.5
6336.5 8.5
6337.5 10
6338.5 -7
6339.5 5
6340.5 11
6341.5 6
6342.5 0
6343.5 5
6344.5 11.5
6345.5 9
6346.5 0
6347.5 10
6348.5 -1
6349.5 -3
6350.5 2.5
6351.5 10
6352.5 -1.5
6353.5 -5
6354.5 -4.5
6355.5 17.5
6356.5 4
6357.5 -7
6358.5 16
6359.5 -2.5
6360.5 2
6361.5 -3
6362.5 3
6363.5 -11
6364.5 -2.5
6365.5 -9.5
6366.5 -19.5
6367.5 -7.5
6368.5 2
6369.5 1.5
6370.5 2
6371.5 -4.5
6372.5 4
6373.5 10
6374.5 11.5
6375.5 -7
6376.5 3.5
6377.5 4.5
6378.5 8.5
6379.5 9.5
6380.5 6.5
6381.5 -8.5
6382.5 -5
6383.5 -13
6384.5 8
6385.5 3.5
6386.5 3.5
6387.5 -2.5
6388.5 -2.5
6389.5 6.5
6390.5 12.5
6391.5 1
6392.5 11.5
6393.5 5
6394.5 5.5
6395.5 2.5
6396.5 13
6397.5 11
6398.5 11
6399.5 6.5
6400.5 2
6401.5 -4.5
6402.5 -2
6403.5 2
6404.5 3
6405.5 2.5
6406.5 -7
6407.5 9
6408.5 4.5
6409.5 7
6410.5 -2.5
6411.5 4.5
6412.5 -2.5
6413.5 6
6414.5 11
6415.5 8.5
6416.5 2
6417.5 10.5
6418.5 -7.5
6419.5 9
6420.5 11.5
6421.5 1.5
6422.5 12.5
6423.5 3
6424.5 -5
6425.5 4
6426.5 -8
6427.5 -9.5
6428.5 -8.5
6429.5 -3.5
6430.5 -10
6431.5 7
6432.5 7
6433.5 0.5
6434.5 1
6435.5 4
6436.5 4
6437.5 9
6438.5 8
6439.5 -6
6440.5 2.5
6441.5 5.5
6442.5 -8.5
6443.5 -4
6444.5 5
6445.5 0
6446.5 3.5
6447.5 -3
6448.5 1
6449.5 15.5
6450.5 1
6451.5 13
6452.5 11
6453.5 -5.5
6454.5 10
6455.5 3
6456.5 -0.5
6457.5 -1
6458.5 9.5
6459.5 -5
6460.5 10
6461.5 -0.5
6462.5 8.5
6463.5 1
6464.5 10
6465.5 3.5
6466.5 0.5
6467.5 6.5
6468.5 2.5
6469.5 6
6470.5 13.5
6471.5 16
6472.5 -10.5
6473.5 10
6474.5 3
6475.5 4
6476.5 -5.5
6477.5 -7.5
6478.5 1.5
6479.5 21.5
6480.5 7.5
6481.5 -15
6482.5 20.5
6483.5 13.5
6484.5 -11.5
6485.5 20.5
6486.5 8
6487.5 12.5
6488.5 2.5
6489.5 -4.5
6490.5 1
6491.5 6.5
6492.5 -8
6493.5 -1.5
6494.5 2.5
6495.5 9.5
6496.5 -5
6497.5 7
6498.5 10
6499.5 -16.5
6500.5 4
6501.5 5.5
6502.5 2
6503.5 0.5
6504.5 0.5
6505.5 2.5
6506.5 3
6507.5 3.5
6508.5 5.5
6509.5 7
6510.5 12
6511.5 6.5
6512.5 -6.5
6513.5 14
6514.5 2.5
6515.5 3
6516.5 9.5
6517.5 -1
6518.5 3
6519.5 -3
6520.5 3.5
6521.5 1
6522.5 5.5
6523.5 -2
6524.5 -10
6525.5 7
6526.5 4
6527.5 2
6528.5 5.5
6529.5 0.5
6530.5 5
6531.5 2.5
6532.5 11
6533.5 -12
6534.5 7
6535.5 -6.5
6536.5 6
6537.5 -4.5
6538.5 -0.5
6539.5 -3
6540.5 7
6541.5 4.5
6542.5 -1
6543.5 24
6544.5 18
6545.5 -15
6546.5 -14.5
6547.5 -5
6548.5 20
6549.5 6
6550.5 3.5
6551.5 -3
6552.5 0
6553.5 0
6554.5 4.5
6555.5 -8.5
6556.5 1.5
6557.5 1
6558.5 11.5
6559.5 8.5
6560.5 1
6561.5 -3
6562.5 -7.5
6563.5 5.5
6564.5 -11
6565.5 -2.5
6566.5 12
6567.5 3
6568.5 10
6569.5 8.5
6570.5 7
6571.5 -15
6572.5 4
6573.5 6
6574.5 -1.5
6575.5 9.5
6576.5 -9.5
6577.5 0.5
6578.5 4.5
6579.5 7
6580.5 -3
6581.5 6
6582.5 -4.5
6583.5 8.5
6584.5 0
6585.5 10
6586.5 13.5
6587.5 6.5
6588.5 -4
6589.5 0
6590.5 2.5
6591.5 -10.5
6592.5 6
6593.5 6
6594.5 10.5
6595.5 2.5
6596.5 1.5
6597.5 7.5
6598.5 7
6599.5 -11.5
6600.5 -3.5
6601.5 -16.5
6602.5 -1
6603.5 -5
6604.5 -14
6605.5 -10.5
6606.5 -2
6607.5 0
6608.5 9
6609.5 6
6610.5 8.5
6611.5 -5.5
6612.5 7.5
6613.5 2.5
6614.5 -3
6615.5 3.5
6616.5 11
6617.5 -7.5
6618.5 -11.5
6619.5 7.5
6620.5 -18
6621.5 7.5
6622.5 9.5
6623.5 -2
6624.5 5.5
6625.5 -2
6626.5 0.5
6627.5 -0.5
6628.5 -1
6629.5 19
6630.5 -7.5
6631.5 4
6632.5 11
6633.5 -8
6634.5 3.5
6635.5 4
6636.5 2
6637.5 3.5
6638.5 -2
6639.5 9.5
6640.5 1
6641.5 6.5
6642.5 0
6643.5 5.5
6644.5 12
6645.5 -1.5
6646.5 1
6647.5 7.5
6648.5 -2
6649.5 -2.5
6650.5 11
6651.5 19.5
6652.5 -4.5
6653.5 3.5
6654.5 -14
6655.5 -2.5
6656.5 1.5
6657.5 -2.5
6658.5 5.5
6659.5 -5
6660.5 1
6661.5 0
6662.5 7
6663.5 4.5
6664.5 1.5
6665.5 -3.5
6666.5 -8.5
6667.5 1.5
6668.5 -4
6669.5 -6
6670.5 1.5
6671.5 4
6672.5 2
6673.5 0.5
6674.5 3
6675.5 7.5
6676.5 2.5
6677.5 4
6678.5 1.5
6679.5 2.5
6680.5 -9
6681.5 -1.5
6682.5 -2.5
6683.5 -6
6684.5 9.5
6685.5 2.5
6686.5 2
6687.5 -4.5
6688.5 -3
6689.5 -8.5
6690.5 -1.5
6691.5 -13.5
6692.5 -10.5
6693.5 3
6694.5 7
6695.5 -1.5
6696.5 0
6697.5 -4.5
6698.5 -8
6699.5 0
6700.5 -5.5
6701.5 4.5
6702.5 6
6703.5 4.5
6704.5 -8
6705.5 3
6706.5 -1.5
6707.5 13
6708.5 2.5
6709.5 -3
6710.5 3
6711.5 -4.5
6712.5 -2.5
6713.5 4.5
6714.5 5
6715.5 2
6716.5 11.5
6717.5 -4.5
6718.5 2.5
6719.5 0
6720.5 5.5
6721.5 -4.5
6722.5 12
6723.5 12
6724.5 13
6725.5 22
6726.5 37.5
6727.5 40.5
6728.5 68
6729.5 67.5
6730.5 94.5
6731.5 91
6732.5 92.5
6733.5 64.5
6734.5 53
6735.5 22
6736.5 33
6737.5 10.5
6738.5 3
6739.5 2.5
6740.5 7.5
6741.5 5.5
6742.5 -3.5
6743.5 2.5
6744.5 -8
6745.5 10.5
6746.5 -13
6747.5 -2.5
6748.5 -4
6749.5 -4
6750.5 5
6751.5 5
6752.5 -6
6753.5 7
6754.5 6
6755.5 6.5
6756.5 -3
6757.5 5
6758.5 -3
6759.5 -8
6760.5 3.5
6761.5 3.5
6762.5 1.5
6763.5 11.5
6764.5 1.5
6765.5 3.5
6766.5 -7
6767.5 -6
6768.5 -14.5
6769.5 -14.5
6770.5 2.5
6771.5 5.5
6772.5 -3.5
6773.5 3
6774.5 -4
6775.5 3.5
6776.5 -3
6777.5 0.5
6778.5 -10
6779.5 6.5
6780.5 -6.5
6781.5 -2
6782.5 0.5
6783.5 1
6784.5 1.5
6785.5 -7
6786.5 -7.5
6787.5 -4
6788.5 1.5
6789.5 5.5
6790.5 4.5
6791.5 -4
6792.5 3
6793.5 -1.5
6794.5 1.5
6795.5 -12.5
6796.5 1
6797.5 1
6798.5 -1.5
6799.5 4
6800.5 -10
6801.5 7
6802.5 -1
6803.5 -3.5
6804.5 5
6805.5 -10
6806.5 7
6807.5 0.5
6808.5 -0.5
6809.5 2.5
6810.5 -0.5
6811.5 -2
6812.5 0.5
6813.5 0
6814.5 0.5
6815.5 -2.5
6816.5 -5
6817.5 3
6818.5 -2.5
6819.5 -5.5
6820.5 -0.5
6821.5 3.5
6822.5 -13
6823.5 -4.5
6824.5 -1
6825.5 1.5
6826.5 -3.5
6827.5 -3.5
6828.5 8.5
6829.5 4
6830.5 -5
6831.5 7
6832.5 -3.5
6833.5 1.5
6834.5 -0.5
6835.5 11
6836.5 4.5
6837.5 0.5
6838.5 -2.5
6839.5 -3
6840.5 4.5
6841.5 -3
6842.5 -14
6843.5 0
6844.5 3.5
6845.5 9.5
6846.5 0.5
6847.5 2.5
6848.5 2.5
6849.5 -5
6850.5 2.5
6851.5 -1.5
6852.5 8
6853.5 3
6854.5 -1.5
6855.5 2
6856.5 -5
6857.5 -10.5
6858.5 -3
6859.5 -4.5
6860.5 -9
6861.5 -10.5
6862.5 -6
6863.5 3
6864.5 5.5
6865.5 0.5
6866.5 -2.5
6867.5 -1
6868.5 -8.5
6869.5 -10
6870.5 3.5
6871.5 -4.5
6872.5 -2.5
6873.5 -5
6874.5 -4.5
6875.5 3.5
6876.5 -1.5
6877.5 -5
6878.5 1
6879.5 2.5
6880.5 13.5
6881.5 -5
6882.5 9.5
6883.5 -2
6884.5 1
6885.5 1
6886.5 6
6887.5 4.5
6888.5 -4.5
6889.5 -4
6890.5 3
6891.5 0.5
6892.5 4
6893.5 -7
6894.5 -2
6895.5 -4
6896.5 -5.5
6897.5 2.5
6898.5 -3
6899.5 0.5
6900.5 -17.5
6901.5 -1.5
6902.5 9
6903.5 1.5
6904.5 2
6905.5 7
6906.5 -9
6907.5 -0.5
6908.5 -3
6909.5 -3.5
6910.5 1.5
6911.5 2.5
6912.5 -5.5
6913.5 9
6914.5 2.5
6915.5 6
6916.5 7.5
6917.5 -3
6918.5 -2.5
6919.5 5
6920.5 3
6921.5 1
6922.5 4
6923.5 -2
6924.5 1.5
6925.5 -4
6926.5 5.5
6927.5 6
6928.5 1
6929.5 -3
6930.5 -2.5
6931.5 -13.5
6932.5 3
6933.5 -16.5
6934.5 -1
6935.5 11
6936.5 1.5
6937.5 -11.5
6938.5 -1
6939.5 -2
6940.5 -3.5
6941.5 2
6942.5 10
6943.5 -3
6944.5 -8
6945.5 -4.5
6946.5 -4.5
6947.5 -3
6948.5 3
6949.5 1.5
6950.5 -5
6951.5 8
6952.5 -3.5
6953.5 8.5
6954.5 -6.5
6955.5 -1
6956.5 -4.5
6957.5 -6
6958.5 2
6959.5 -0.5
6960.5 -4
6961.5 8.5
6962.5 2.5
6963.5 1.5
6964.5 -5
6965.5 -4.5
6966.5 -1
6967.5 -0.5
6968.5 -5.5
6969.5 -5.5
6970.5 -0.5
6971.5 -5.5
6972.5 -1
6973.5 -3
6974.5 -1.5
6975.5 -4.5
6976.5 -2
6977.5 -1
6978.5 -4.5
6979.5 6
6980.5 4.5
6981.5 -2
6982.5 -8.5
6983.5 2
6984.5 -1
6985.5 0.5
6986.5 5.5
6987.5 3.5
6988.5 2
6989.5 -7
6990.5 -1
6991.5 9
6992.5 -4.5
6993.5 1
6994.5 2.5
6995.5 -12
6996.5 -1
6997.5 5
6998.5 -2.5
6999.5 -2.5
7000.5 -2.5
7001.5 -3
7002.5 -6.5
7003.5 6
7004.5 -0.5
7005.5 -3
7006.5 -4.5
7007.5 -2
7008.5 -5.5
7009.5 -1
7010.5 -10
7011.5 0.5
7012.5 1.5
7013.5 4.5
7014.5 -1
7015.5 -6
7016.5 -3.5
7017.5 -6
7018.5 5
7019.5 -0.5
7020.5 2
7021.5 -3.5
7022.5 1
7023.5 9
7024.5 -1.5
7025.5 4
7026.5 -9.5
7027.5 1
7028.5 -1
7029.5 -5.5
7030.5 3
7031.5 8
7032.5 2.5
7033.5 -5.5
7034.5 3.5
7035.5 3
7036.5 0.5
7037.5 -1
7038.5 -4.5
7039.5 -0.5
7040.5 -7.5
7041.5 -1
7042.5 1
7043.5 4.5
7044.5 3.5
7045.5 1
7046.5 -7.5
7047.5 6.5
7048.5 0
7049.5 -1.5
7050.5 -4.5
7051.5 5.5
7052.5 2.5
7053.5 -1.5
7054.5 -2.5
7055.5 -0.5
7056.5 6.5
7057.5 -2.5
7058.5 5
7059.5 -5.5
7060.5 4
7061.5 -0.5
7062.5 -6.5
7063.5 9.5
7064.5 0
7065.5 -2
7066.5 -4.5
7067.5 -2.5
7068.5 -11.5
7069.5 -3.5
7070.5 1.5
7071.5 5
7072.5 6.5
7073.5 4.5
7074.5 1.5
7075.5 7
7076.5 -1
7077.5 3.5
7078.5 -1
7079.5 -2.5
7080.5 -0.5
7081.5 -6.5
7082.5 -4.5
7083.5 0
7084.5 -6
7085.5 -4
7086.5 2
7087.5 -2
7088.5 3
7089.5 0.5
7090.5 -2.5
7091.5 7.5
7092.5 3
7093.5 -0.5
7094.5 6.5
7095.5 0
7096.5 0.5
7097.5 5
7098.5 9
7099.5 12.5
7100.5 0.5
7101.5 6
7102.5 0
7103.5 3.5
7104.5 -4
7105.5 -5
7106.5 -0.5
7107.5 -2.5
7108.5 -1
7109.5 -11.5
7110.5 -1.5
7111.5 -16.5
7112.5 -8.5
7113.5 -7
7114.5 -6
7115.5 -14
7116.5 -20.5
7117.5 -4.5
7118.5 -3
7119.5 -1.5
7120.5 0
7121.5 0
7122.5 -3
7123.5 -1
7124.5 6.5
7125.5 -8.5
7126.5 -12
7127.5 9
7128.5 -6.5
7129.5 0.5
7130.5 -2
7131.5 1
7132.5 -0.5
7133.5 6.5
7134.5 -2.5
7135.5 2
7136.5 5.5
7137.5 1
7138.5 6
7139.5 -3.5
7140.5 0.5
7141.5 -6
7142.5 3.5
7143.5 3
7144.5 2
7145.5 5.5
7146.5 0
7147.5 1
7148.5 3
7149.5 3
7150.5 -5
7151.5 -3.5
7152.5 2.5
7153.5 -2
7154.5 -2.5
7155.5 3
7156.5 2.5
7157.5 2
7158.5 -4.5
7159.5 4
7160.5 4.5
7161.5 -1
7162.5 5
7163.5 -2
7164.5 0.5
7165.5 5
7166.5 2
7167.5 0.5
7168.5 4
7169.5 3.5
7170.5 6
7171.5 0.5
7172.5 -1
7173.5 -4.5
7174.5 3.5
7175.5 0.5
7176.5 0
7177.5 4.5
7178.5 -5
7179.5 0
7180.5 -2
7181.5 -6
7182.5 -1.5
7183.5 0.5
7184.5 -2
7185.5 2
7186.5 3.5
7187.5 3.5
7188.5 1
7189.5 -5.5
7190.5 5.5
7191.5 1
7192.5 -4.5
7193.5 0.5
7194.5 3
7195.5 -3.5
7196.5 3.5
7197.5 -0.5
7198.5 1
7199.5 8.5
7200.5 4.5
7201.5 6.5
7202.5 -8
7203.5 6
7204.5 6.5
7205.5 4
7206.5 8.5
7207.5 1.5
7208.5 -4
7209.5 -8
7210.5 -6
7211.5 -0.5
7212.5 4
7213.5 -3
7214.5 -11
7215.5 -1
7216.5 2.5
7217.5 3
7218.5 3.5
7219.5 10
7220.5 0
7221.5 3.5
7222.5 -2.5
7223.5 0.5
7224.5 -1.5
7225.5 -5
7226.5 -1.5
7227.5 -1.5
7228.5 -10
7229.5 5.5
7230.5 4.5
7231.5 5
7232.5 -4
7233.5 -4.5
7234.5 2
7235.5 2
7236.5 -0.5
7237.5 -3
7238.5 4
7239.5 6
7240.5 0.5
7241.5 2
7242.5 2.5
7243.5 1.5
7244.5 8.5
7245.5 -3
7246.5 10
7247.5 -1
7248.5 -6.5
7249.5 -1
7250.5 2
7251.5 -1
7252.5 -2
7253.5 4.5
7254.5 1.5
7255.5 -4
7256.5 -2.5
7257.5 -2
7258.5 -10
7259.5 -17.5
7260.5 5
7261.5 0.5
7262.5 -14.5
7263.5 -2
7264.5 7
7265.5 -10
7266.5 5.5
7267.5 -5.5
7268.5 -3.5
7269.5 1.5
7270.5 -2
7271.5 -2.5
7272.5 -3.5
7273.5 1
7274.5 3.5
7275.5 1.5
7276.5 0.5
7277.5 -3.5
7278.5 -1.5
7279.5 -2
7280.5 -2
7281.5 1.5
7282.5 8.5
7283.5 -2
7284.5 1.5
7285.5 5.5
7286.5 -2
7287.5 -2.5
7288.5 -2
7289.5 -2.5
7290.5 2
7291.5 -4.5
7292.5 -2.5
7293.5 -5.5
7294.5 -2.5
7295.5 -0.5
7296.5 2
7297.5 0.5
7298.5 1.5
7299.5 1
7300.5 4.5
7301.5 -2
7302.5 -3.5
7303.5 -4
7304.5 -2
7305.5 -3.5
7306.5 -0.5
7307.5 1
7308.5 6.5
7309.5 7.5
7310.5 5.5
7311.5 6
7312.5 -0.5
7313.5 -2.5
7314.5 -4
7315.5 -4.5
7316.5 2
7317.5 2.5
7318.5 8
7319.5 -8
7320.5 -2.5
7321.5 3.5
7322.5 -4
7323.5 -6
7324.5 4.5
7325.5 8.5
7326.5 -3
7327.5 0.5
7328.5 -6
7329.5 1
7330.5 -1
7331.5 0.5
7332.5 3
7333.5 -5
7334.5 2.5
7335.5 -5.5
7336.5 -8
7337.5 -0.5
7338.5 -3
7339.5 -2.5
7340.5 -2.5
7341.5 4
7342.5 0.5
7343.5 4
7344.5 -0.5
7345.5 -0.5
7346.5 -6.5
7347.5 -0.5
7348.5 0.5
7349.5 11
7350.5 5.5
7351.5 3.5
7352.5 -1.5
7353.5 12
7354.5 -8
7355.5 -1.5
7356.5 5.5
7357.5 5.5
7358.5 1.5
7359.5 2.5
7360.5 5
7361.5 2.5
7362.5 -2
7363.5 3
7364.5 0.5
7365.5 3
7366.5 -6
7367.5 2
7368.5 -5
7369.5 -3
7370.5 -4.5
7371.5 0
7372.5 1
7373.5 -4
7374.5 -2
7375.5 5
7376.5 -1
7377.5 1.5
7378.5 -3
7379.5 -2.5
7380.5 -7.5
7381.5 -4.5
7382.5 -1
7383.5 3.5
7384.5 4
7385.5 4.5
7386.5 0
7387.5 -3.5
7388.5 -3.5
7389.5 5.5
7390.5 0.5
7391.5 -4
7392.5 4.5
7393.5 -2.5
7394.5 -2
7395.5 3.5
7396.5 -0.5
7397.5 4
7398.5 -1
7399.5 -2
7400.5 2.5
7401.5 0
7402.5 -7
7403.5 -5.5
7404.5 2
7405.5 -3.5
7406.5 -5
7407.5 -0.5
7408.5 2.5
7409.5 4
7410.5 3
7411.5 1
7412.5 -2.5
7413.5 -6
7414.5 8.5
7415.5 -7.5
7416.5 -3
7417.5 -8
7418.5 22
7419.5 -13.5
7420.5 -2
7421.5 -4.5
7422.5 5.5
7423.5 -1
7424.5 0
7425.5 0.5
7426.5 -0.5
7427.5 -2.5
7428.5 7
7429.5 -2
7430.5 -3
7431.5 -4
7432.5 -0.5
7433.5 0
7434.5 -5
7435.5 -1.5
7436.5 6.5
7437.5 -2
7438.5 -8.5
7439.5 -5
7440.5 -1.5
7441.5 2.5
7442.5 -2
7443.5 2
7444.5 -3.5
7445.5 4
7446.5 -2
7447.5 5.5
7448.5 3
7449.5 1
7450.5 10.5
7451.5 4
7452.5 8.5
7453.5 8
7454.5 -4
7455.5 -2
7456.5 0
7457.5 -3.5
7458.5 2
7459.5 -6
7460.5 -2
7461.5 6
7462.5 -2.5
7463.5 3.5
7464.5 0
7465.5 -2.5
7466.5 -1
7467.5 3.5
7468.5 -1.5
7469.5 1.5
7470.5 -4.5
7471.5 4.5
7472.5 0.5
7473.5 6
7474.5 -0.5
7475.5 -0.5
7476.5 4
7477.5 3
7478.5 1.5
7479.5 1.5
7480.5 -1
7481.5 -0.5
7482.5 0
7483.5 1
7484.5 -4
7485.5 -1.5
7486.5 1
7487.5 1.5
7488.5 -5.5
7489.5 -3.5
7490.5 2.5
7491.5 4
7492.5 1
7493.5 0.5
7494.5 -1
7495.5 4
7496.5 1
7497.5 1
7498.5 1
7499.5 3.5
7500.5 1
7501.5 2
7502.5 1.5
7503.5 0.5
7504.5 1.5
7505.5 -7
7506.5 -2.5
7507.5 5
7508.5 -4
7509.5 2
7510.5 2.5
7511.5 -1.5
7512.5 2
7513.5 -1.5
7514.5 0
7515.5 4.5
7516.5 0
7517.5 -3
7518.5 0.5
7519.5 -2.5
7520.5 -1
7521.5 -6
7522.5 -3.5
7523.5 2.5
7524.5 5
7525.5 -0.5
7526.5 0.5
7527.5 -2
7528.5 3.5
7529.5 5.5
7530.5 -1.5
7531.5 2.5
7532.5 2
7533.5 3
7534.5 4.5
7535.5 6
7536.5 6.5
7537.5 7.5
7538.5 -1
7539.5 2.5
7540.5 -4
7541.5 1
7542.5 -1
7543.5 2.5
7544.5 1
7545.5 -0.5
7546.5 4
7547.5 4
7548.5 0
7549.5 3.5
7550.5 1.5
7551.5 -1
7552.5 6
7553.5 -6
7554.5 -0.5
7555.5 5.5
7556.5 -1.5
7557.5 -1
7558.5 1
7559.5 6
7560.5 -1.5
7561.5 0
7562.5 0.5
7563.5 0
7564.5 -0.5
7565.5 -1.5
7566.5 4.5
7567.5 1.5
7568.5 -3
7569.5 1
7570.5 -8.5
7571.5 -4
7572.5 -3
7573.5 0
7574.5 -3
7575.5 1.5
7576.5 6.5
7577.5 -0.5
7578.5 7
7579.5 2.5
7580.5 -1
7581.5 4
7582.5 -1.5
7583.5 4.5
7584.5 4
7585.5 1
7586.5 -5
7587.5 -5.5
7588.5 1
7589.5 -2.5
7590.5 -3
7591.5 0
7592.5 -1.5
7593.5 -7
7594.5 -3.5
7595.5 1
7596.5 -3
7597.5 -2
7598.5 0.5
7599.5 3.5
7600.5 0.5
7601.5 -7.5
7602.5 -1
7603.5 -1
7604.5 0.5
7605.5 -1.5
7606.5 -2
7607.5 -2.5
7608.5 3
7609.5 3.5
7610.5 -3.5
7611.5 4
7612.5 -0.5
7613.5 -6
7614.5 -4.5
7615.5 -1.5
7616.5 -2.5
7617.5 -4.5
7618.5 1.5
7619.5 2
7620.5 2
7621.5 -1.5
7622.5 -3
7623.5 -2
7624.5 -1
7625.5 5.5
7626.5 -2.5
7627.5 -0.5
7628.5 2
7629.5 -4
7630.5 1
7631.5 2.5
7632.5 -3
7633.5 -2
7634.5 4
7635.5 2
7636.5 -1
7637.5 1.5
7638.5 2.5
7639.5 -1
7640.5 3
7641.5 -2.5
7642.5 0
7643.5 0
7644.5 -1.5
7645.5 -3
7646.5 -5.5
7647.5 -9
7648.5 -6
7649.5 -2
7650.5 5.5
7651.5 -2
7652.5 3.5
7653.5 -1
7654.5 -0.5
7655.5 -1.5
7656.5 0
7657.5 -1
7658.5 3.5
7659.5 3
7660.5 -0.5
7661.5 2.5
7662.5 -1
7663.5 4.5
7664.5 2
7665.5 -1.5
7666.5 -3
7667.5 0.5
7668.5 0
7669.5 -2.5
7670.5 2
7671.5 -0.5
7672.5 0
7673.5 5
7674.5 0.5
7675.5 4.5
7676.5 0
7677.5 1.5
7678.5 -3
7679.5 0.5
7680.5 -7.5
7681.5 0.5
7682.5 0.5
7683.5 3
7684.5 -1
7685.5 -0.5
7686.5 -3.5
7687.5 -2
7688.5 -4
7689.5 1.5
7690.5 2
7691.5 -4.5
7692.5 2.5
7693.5 -2.5
7694.5 -1
7695.5 5
7696.5 -4.5
7697.5 0.5
7698.5 0
7699.5 1
7700.5 3.5
7701.5 -3.5
7702.5 -4.5
7703.5 0
7704.5 -2
7705.5 -2.5
7706.5 1
7707.5 2
7708.5 -1.5
7709.5 -0.5
7710.5 -2
7711.5 -1
7712.5 1
7713.5 2
7714.5 1
7715.5 -2.5
7716.5 -1.5
7717.5 4.5
7718.5 0
7719.5 0.5
7720.5 2.5
7721.5 0
7722.5 0
7723.5 -1
7724.5 5.5
7725.5 1.5
7726.5 1
7727.5 7.5
7728.5 5
7729.5 -2
7730.5 0.5
7731.5 1
7732.5 -0.5
7733.5 1
7734.5 -0.5
7735.5 -1.5
7736.5 -2.5
7737.5 0.5
7738.5 1
7739.5 0.5
7740.5 1.5
7741.5 2.5
7742.5 1
7743.5 3
7744.5 1
7745.5 -3
7746.5 -3
7747.5 3.5
7748.5 4
7749.5 3
7750.5 4
7751.5 0
7752.5 0.5
7753.5 -0.5
7754.5 -8
7755.5 -2.5
7756.5 -3
7757.5 -5
7758.5 0.5
7759.5 0
7760.5 0.5
7761.5 -7
7762.5 -1
7763.5 3
7764.5 7.5
7765.5 6
7766.5 3
7767.5 -7
7768.5 2
7769.5 -5
7770.5 5.5
7771.5 -2.5
7772.5 -1
7773.5 15.5
7774.5 -3
7775.5 -1.5
7776.5 5.5
7777.5 -5.5
7778.5 6.5
7779.5 -1.5
7780.5 1
7781.5 2
7782.5 3.5
7783.5 3
7784.5 0
7785.5 5
7786.5 2
7787.5 0.5
7788.5 2
7789.5 3
7790.5 -1.5
7791.5 -2.5
7792.5 -2
7793.5 -3
7794.5 2
7795.5 1.5
7796.5 2.5
7797.5 6.5
7798.5 0
7799.5 1.5
7800.5 -3
7801.5 -4
7802.5 3
7803.5 -1
7804.5 -3.5
7805.5 -0.5
7806.5 -3.5
7807.5 1
7808.5 -0.5
7809.5 -3
7810.5 -4.5
7811.5 4
7812.5 -4.5
7813.5 2.5
7814.5 -3
7815.5 3
7816.5 -5
7817.5 -4
7818.5 -0.5
7819.5 0.5
7820.5 -8.5
7821.5 -10.5
7822.5 1
7823.5 -5.5
7824.5 -2
7825.5 -4
7826.5 -1.5
7827.5 -16
7828.5 -5
7829.5 -11.5
7830.5 14
7831.5 -2
7832.5 -4
7833.5 0
7834.5 0.5
7835.5 -1.5
7836.5 -1.5
7837.5 0.5
7838.5 -3.5
7839.5 0.5
7840.5 0.5
7841.5 -2
7842.5 3
7843.5 -3
7844.5 3
7845.5 6
7846.5 0.5
7847.5 0
7848.5 3
7849.5 -1
7850.5 -0.5
7851.5 2
7852.5 -2
7853.5 4
7854.5 0.5
7855.5 -0.5
7856.5 3.5
7857.5 0.5
7858.5 2.5
7859.5 -1
7860.5 0.5
7861.5 1
7862.5 3
7863.5 -0.5
7864.5 -2
7865.5 -2
7866.5 1
7867.5 -1.5
7868.5 0.5
7869.5 3
7870.5 1
7871.5 -0.5
7872.5 2.5
7873.5 0.5
7874.5 1
7875.5 -1
7876.5 3
7877.5 1
7878.5 -6
7879.5 0
7880.5 -1
7881.5 -7
7882.5 -1
7883.5 2
7884.5 0
7885.5 2
7886.5 1.5
7887.5 -2
7888.5 -1.5
7889.5 0
7890.5 1
7891.5 2.5
7892.5 2
7893.5 0.5
7894.5 2
7895.5 -0.5
7896.5 -2
7897.5 -0.5
7898.5 -0.5
7899.5 3.5
7900.5 -1
7901.5 0.5
7902.5 1
7903.5 0.5
7904.5 -1.5
7905.5 -2.5
7906.5 2
7907.5 4
7908.5 1
7909.5 1
7910.5 1
7911.5 5
7912.5 5
7913.5 -4.5
7914.5 -1
7915.5 -0.5
7916.5 -3
7917.5 1.5
7918.5 -2
7919.5 1
7920.5 -1.5
7921.5 0.5
7922.5 3
7923.5 3
7924.5 2
7925.5 -2.5
7926.5 1.5
7927.5 -0.5
7928.5 -3
7929.5 2.5
7930.5 0.5
7931.5 -0.5
7932.5 1.5
7933.5 -1.5
7934.5 1
7935.5 5
7936.5 5
7937.5 1
7938.5 -2
7939.5 0.5
7940.5 -1
7941.5 2.5
7942.5 0
7943.5 -1.5
7944.5 2
7945.5 -1.5
7946.5 -2
7947.5 3
7948.5 -0.5
7949.5 -1.5
7950.5 0.5
7951.5 -1
7952.5 -0.5
7953.5 -2
7954.5 -0.5
7955.5 0.5
7956.5 -1
7957.5 2
7958.5 -0.5
7959.5 4
7960.5 0
7961.5 2
7962.5 -6.5
7963.5 -4.5
7964.5 -0.5
7965.5 -4
7966.5 0
7967.5 -1.5
7968.5 0
7969.5 0
7970.5 0.5
7971.5 -0.5
7972.5 2
7973.5 1
7974.5 -0.5
7975.5 -0.5
7976.5 -0.5
7977.5 3
7978.5 0
7979.5 1
7980.5 1
7981.5 -2
7982.5 2
7983.5 -6
7984.5 -3.5
7985.5 0.5
7986.5 -4
7987.5 1
7988.5 3
7989.5 -1
7990.5 -2
7991.5 0.5
7992.5 -0.5
7993.5 0.5
7994.5 1.5
7995.5 1
7996.5 2
7997.5 1
7998.5 -3
7999.5 2.5
8000.5 -1
8001.5 -2
8002.5 2
8003.5 -3.5
8004.5 3
8005.5 4.5
8006.5 2
8007.5 0
8008.5 0
8009.5 -0.5
8010.5 -5.5
8011.5 -2
8012.5 -1.5
8013.5 -4
8014.5 -0.5
8015.5 2
8016.5 -7
8017.5 -1.5
8018.5 -2
8019.5 -3
8020.5 1
8021.5 0
8022.5 -3
8023.5 0.5
8024.5 -1.5
8025.5 -3.5
8026.5 1
8027.5 1.5
8028.5 4
8029.5 -0.5
8030.5 -0.5
8031.5 2
8032.5 1
8033.5 3
8034.5 0.5
8035.5 2
8036.5 -2
8037.5 -1.5
8038.5 0
8039.5 1
8040.5 1
8041.5 0
8042.5 3
8043.5 1
8044.5 -1.5
8045.5 -3
8046.5 1
8047.5 -1.5
8048.5 2.5
8049.5 1
8050.5 0.5
8051.5 -1.5
8052.5 1
8053.5 1
8054.5 1
8055.5 -1.5
8056.5 2
8057.5 -3
8058.5 0
8059.5 0
8060.5 0
8061.5 0
8062.5 0.5
8063.5 0
8064.5 0
8065.5 0.5
8066.5 -3
8067.5 -1.5
8068.5 2
8069.5 -2
8070.5 3
8071.5 1
8072.5 -0.5
8073.5 1
8074.5 1
8075.5 -1
8076.5 -1.5
8077.5 -2
8078.5 -6
8079.5 0
8080.5 1
8081.5 -1.5
8082.5 -1
8083.5 7.5
8084.5 -10
8085.5 -4.5
8086.5 2.5
8087.5 3
8088.5 -4.5
8089.5 -4.5
8090.5 3.5
8091.5 -0.5
8092.5 1
8093.5 -3.5
8094.5 -4.5
8095.5 0
8096.5 -0.5
8097.5 1
8098.5 0
8099.5 1
8100.5 0.5
8101.5 1
8102.5 0
8103.5 1
8104.5 0.5
8105.5 1
8106.5 -5
8107.5 0
8108.5 0
8109.5 1
8110.5 1
8111.5 3
8112.5 1
8113.5 1
8114.5 1
8115.5 1
8116.5 0
8117.5 3
8118.5 2
8119.5 0
8120.5 2
8121.5 -3
8122.5 -0.5
8123.5 -0.5
8124.5 -1.5
8125.5 -4.5
8126.5 -1.5
8127.5 0
8128.5 0
8129.5 1
8130.5 -0.5
8131.5 0
8132.5 0
8133.5 1
8134.5 1
8135.5 0.5
8136.5 0.5
8137.5 0
8138.5 0
8139.5 1
8140.5 0
8141.5 -1.5
8142.5 0
8143.5 0
8144.5 3
8145.5 0
8146.5 0
8147.5 0
8148.5 -3
8149.5 -0.5
8150.5 -1.5
8151.5 2
8152.5 -0.5
8153.5 1
8154.5 -1.5
8155.5 0
8156.5 0.5
8157.5 -1
8158.5 0
8159.5 2
8160.5 1
8161.5 -0.5
8162.5 0
8163.5 0.5
8164.5 3
8165.5 1
8166.5 0
8167.5 0.5
8168.5 0
8169.5 0
8170.5 -1.5
8171.5 1
8172.5 0
8173.5 -0.5
8174.5 -3
8175.5 0
8176.5 -1.5
8177.5 0
8178.5 0
8179.5 0
8180.5 2
8181.5 1
8182.5 -1
8183.5 -0.5
8184.5 0
8185.5 0
8186.5 0.5
8187.5 -0.5
8188.5 1
8189.5 1
8190.5 0
8191.5 -1.5
8192.5 0
8193.5 -1.5
8194.5 1
8195.5 1
8196.5 2
8197.5 0
8198.5 -0.5
8199.5 1
8200.5 0
8201.5 0
8202.5 1
8203.5 -3
8204.5 1
8205.5 -1.5
8206.5 -2
8207.5 0
8208.5 0
8209.5 0
8210.5 -0.5
8211.5 -2
8212.5 2
8213.5 1
8214.5 -0.5
8215.5 -3
8216.5 0.5
8217.5 -1.5
8218.5 -1.5
8219.5 0
8220.5 2
8221.5 3
8222.5 1
8223.5 2
8224.5 2
8225.5 4
8226.5 1.5
8227.5 0.5
8228.5 1.5
8229.5 0
8230.5 0
8231.5 -1.5
8232.5 4
8233.5 -4.5
8234.5 -3
8235.5 0
8236.5 -0.5
8237.5 0
8238.5 0
8239.5 1
8240.5 2
8241.5 -1.5
8242.5 1
8243.5 1
8244.5 1
8245.5 -1
8246.5 0
8247.5 -1.5
8248.5 -0.5
8249.5 -2
8250.5 -1.5
8251.5 0
8252.5 0
8253.5 1
8254.5 1
8255.5 0
8256.5 2
8257.5 0
8258.5 1
8259.5 2
8260.5 -0.5
8261.5 0
8262.5 -0.5
8263.5 0
8264.5 -1.5
8265.5 -1.5
8266.5 1
8267.5 1
8268.5 -1.5
8269.5 -1.5
8270.5 0.5
8271.5 -0.5
8272.5 2
8273.5 0
8274.5 1
8275.5 2
8276.5 0
8277.5 1
8278.5 0
8279.5 2
8280.5 1
8281.5 1
8282.5 -1.5
8283.5 0
8284.5 -0.5
8285.5 1
8286.5 1
8287.5 -1.5
8288.5 0
8289.5 0
8290.5 -1.5
8291.5 1
8292.5 0
8293.5 0
8294.5 -1.5
8295.5 0
8296.5 0
8297.5 0
8298.5 2
8299.5 3
8300.5 0
8301.5 0
8302.5 1
8303.5 1
8304.5 0
8305.5 0
8306.5 0
8307.5 1.5
8308.5 2
8309.5 0
8310.5 -1.5
8311.5 -1.5
8312.5 -1.5
8313.5 1
8314.5 -1.5
8315.5 -1.5
8316.5 0
8317.5 -1.5
8318.5 1
8319.5 1
8320.5 0
8321.5 0.5
8322.5 -1.5
8323.5 1
8324.5 0
8325.5 0
8326.5 0
8327.5 -0.5
8328.5 0
8329.5 0
8330.5 -0.5
8331.5 1
8332.5 -3
8333.5 -1.5
8334.5 -0.5
8335.5 0
8336.5 2
8337.5 0
8338.5 0
8339.5 1.5
8340.5 1
8341.5 1
8342.5 0
8343.5 1
8344.5 2
8345.5 0
8346.5 -1
8347.5 1
8348.5 0
8349.5 1
8350.5 1
8351.5 1
8352.5 1
8353.5 0
8354.5 0
8355.5 1
8356.5 1
8357.5 0
8358.5 1
8359.5 0
8360.5 1
8361.5 -1.5
8362.5 0
8363.5 1
8364.5 2
8365.5 0
8366.5 -0.5
8367.5 -2
8368.5 0
8369.5 1
8370.5 2
8371.5 -0.5
8372.5 -1.5
8373.5 0
8374.5 -1.5
8375.5 2
8376.5 -0.5
8377.5 1
8378.5 1
8379.5 -2
8380.5 1
8381.5 0
8382.5 1
8383.5 0
8384.5 0
8385.5 -0.5
8386.5 1
8387.5 -1.5
8388.5 0
8389.5 0
8390.5 0
8391.5 0
8392.5 1
8393.5 0
8394.5 2
8395.5 0
8396.5 0
8397.5 0.5
8398.5 0
8399.5 1.5
8400.5 -0.5
8401.5 -1.5
8402.5 1
8403.5 0
8404.5 0
8405.5 0
8406.5 1.5
8407.5 0
8408.5 -1.5
8409.5 1
8410.5 1
8411.5 1
8412.5 -1.5
8413.5 1
8414.5 1
8415.5 0
8416.5 0
8417.5 0
8418.5 -1.5
8419.5 0.5
8420.5 0
8421.5 -1.5
8422.5 -0.5
8423.5 -1.5
8424.5 0
8425.5 -1.5
8426.5 -0.5
8427.5 1
8428.5 -1.5
8429.5 -3
8430.5 1
8431.5 -1.5
8432.5 0
8433.5 -0.5
8434.5 -2
8435.5 0
8436.5 0
8437.5 0
8438.5 1
8439.5 0
8440.5 1
8441.5 1
8442.5 3
8443.5 0
8444.5 -0.5
8445.5 0
8446.5 0
8447.5 0
8448.5 0
8449.5 1
8450.5 0
8451.5 0
8452.5 2
8453.5 -0.5
8454.5 1
8455.5 0
8456.5 0
8457.5 0
8458.5 0
8459.5 0
8460.5 -1.5
8461.5 0
8462.5 1
8463.5 0
8464.5 -2
8465.5 1
8466.5 0
8467.5 1
8468.5 0
8469.5 0
8470.5 -1.5
8471.5 1
8472.5 0
8473.5 0.5
8474.5 0
8475.5 1
8476.5 -1.5
8477.5 0
8478.5 0
8479.5 -1.5
8480.5 1
8481.5 1.5
8482.5 0
8483.5 1
8484.5 1
8485.5 -1.5
8486.5 0
8487.5 -0.5
8488.5 1
8489.5 -1.5
8490.5 -1.5
8491.5 1
8492.5 -1.5
8493.5 1
8494.5 -1.5
8495.5 -0.5
8496.5 0.5
8497.5 0
8498.5 -0.5
8499.5 -1.5
8500.5 -0.5
8501.5 0
8502.5 0
8503.5 1
8504.5 2
8505.5 1
8506.5 -1.5
8507.5 0
8508.5 0.5
8509.5 0
8510.5 2
8511.5 0
8512.5 -0.5
8513.5 0
8514.5 -0.5
8515.5 0
8516.5 1
8517.5 0
8518.5 0
8519.5 1
8520.5 0
8521.5 0
8522.5 -1.5
8523.5 -1.5
8524.5 0
8525.5 -0.5
8526.5 -1.5
8527.5 1
8528.5 -0.5
8529.5 1
8530.5 1
8531.5 0
8532.5 1
8533.5 -1.5
8534.5 0
8535.5 0
8536.5 0
8537.5 0
8538.5 0
8539.5 1
8540.5 2
8541.5 -1.5
8542.5 0
8543.5 0
8544.5 0
8545.5 -1.5
8546.5 0
8547.5 1
8548.5 2
8549.5 0
8550.5 -1.5
8551.5 0
8552.5 0
8553.5 0
8554.5 0
8555.5 0
8556.5 -1.5
8557.5 1
8558.5 -0.5
8559.5 0
8560.5 0
8561.5 1
8562.5 0
8563.5 0
8564.5 -1.5
8565.5 0
8566.5 0
8567.5 0
8568.5 -1.5
8569.5 1
8570.5 0
8571.5 0
8572.5 0
8573.5 1
8574.5 -1.5
8575.5 2
8576.5 0
8577.5 -2
8578.5 1
8579.5 1
8580.5 1
8581.5 1
8582.5 -1.5
8583.5 -0.5
8584.5 1
8585.5 0
8586.5 0
8587.5 1
8588.5 0
8589.5 0
8590.5 0
8591.5 0
8592.5 1
8593.5 1
8594.5 0
8595.5 -1.5
8596.5 1
8597.5 0
8598.5 -3
8599.5 0
8600.5 0
8601.5 0
8602.5 0
8603.5 0
8604.5 0
8605.5 2
8606.5 0
8607.5 0
8608.5 -0.5
8609.5 -1.5
8610.5 0
8611.5 0
8612.5 0
8613.5 0
8614.5 0
8615.5 -3
8616.5 1
8617.5 0
8618.5 -0.5
8619.5 0
8620.5 1
8621.5 0
8622.5 0
8623.5 -1.5
8624.5 0
8625.5 -1.5
8626.5 2
8627.5 -1.5
8628.5 1
8629.5 0
8630.5 0
8631.5 0
8632.5 -1.5
8633.5 0
8634.5 0
8635.5 -3
8636.5 0
8637.5 1
8638.5 -1.5
8639.5 0
8640.5 0
8641.5 0
8642.5 -1.5
8643.5 0
8644.5 0
8645.5 0
8646.5 1
8647.5 -0.5
8648.5 0
8649.5 2
8650.5 -0.5
8651.5 0
8652.5 0
8653.5 0
8654.5 -1.5
8655.5 0
8656.5 1
8657.5 0
8658.5 0
8659.5 -0.5
8660.5 -1.5
8661.5 -1.5
8662.5 1
8663.5 0
8664.5 0
8665.5 -1.5
8666.5 -1.5
8667.5 -1.5
8668.5 1
8669.5 -1.5
8670.5 1
8671.5 0
8672.5 -1.5
8673.5 0
8674.5 2
8675.5 0
8676.5 1
8677.5 0
8678.5 1
8679.5 0
8680.5 -1.5
8681.5 0
8682.5 0
8683.5 0
8684.5 -0.5
8685.5 1
8686.5 0
8687.5 0
8688.5 1
8689.5 1
8690.5 0
8691.5 1
8692.5 1
8693.5 -0.5
8694.5 0
8695.5 0
8696.5 0
8697.5 -1.5
8698.5 0
8699.5 0
8700.5 1
8701.5 0
8702.5 0
8703.5 0
8704.5 1
8705.5 -3
8706.5 -3.5
8707.5 -1.5
8708.5 -0.5
8709.5 -0.5
8710.5 -1.5
8711.5 0
8712.5 0
8713.5 0
8714.5 0
8715.5 1
8716.5 -1.5
8717.5 1
8718.5 0
8719.5 0
8720.5 0
8721.5 0
8722.5 1
8723.5 0
8724.5 0
8725.5 0
8726.5 0
8727.5 2
8728.5 -0.5
8729.5 0
8730.5 -0.5
8731.5 0
8732.5 1
8733.5 -0.5
8734.5 -1.5
8735.5 1
8736.5 0.5
8737.5 -2
8738.5 0
8739.5 0
8740.5 -1.5
8741.5 0
8742.5 -3
8743.5 -0.5
8744.5 0
8745.5 0
8746.5 0
8747.5 -1.5
8748.5 1
8749.5 0
8750.5 0
8751.5 1
8752.5 0
8753.5 0
8754.5 1
8755.5 0
8756.5 0
8757.5 -0.5
8758.5 1
8759.5 0
8760.5 0
8761.5 -0.5
8762.5 0
8763.5 0
8764.5 0
8765.5 -1.5
8766.5 -1.5
8767.5 1
8768.5 1
8769.5 0
8770.5 1
8771.5 0
8772.5 0
8773.5 0
8774.5 -1.5
8775.5 0
8776.5 0
8777.5 1
8778.5 0
8779.5 0
8780.5 1
8781.5 1
8782.5 0
8783.5 3
8784.5 -1.5
8785.5 -1.5
8786.5 0
8787.5 0
8788.5 1
8789.5 -0.5
8790.5 -0.5
8791.5 0
8792.5 -1.5
8793.5 0
8794.5 2
8795.5 0
8796.5 0
8797.5 1
8798.5 1
8799.5 0
8800.5 0
8801.5 0
8802.5 -1.5
8803.5 1
8804.5 0
8805.5 0
8806.5 0
8807.5 0
8808.5 -1.5
8809.5 0
8810.5 1
8811.5 1
8812.5 0
8813.5 0
8814.5 0
8815.5 0
8816.5 0
8817.5 0.5
8818.5 0
8819.5 0
8820.5 -0.5
8821.5 0
8822.5 1
8823.5 -0.5
8824.5 -1.5
8825.5 0
8826.5 -1.5
8827.5 0
8828.5 -1.5
8829.5 0
8830.5 1
8831.5 2
8832.5 1
8833.5 1
8834.5 0
8835.5 0
8836.5 -0.5
8837.5 0
8838.5 2
8839.5 -2
8840.5 -1.5
8841.5 1
8842.5 -1.5
8843.5 1
8844.5 0
8845.5 -3
8846.5 1
8847.5 1
8848.5 0
8849.5 0
8850.5 -1.5
8851.5 -0.5
8852.5 0
8853.5 1
8854.5 -1.5
8855.5 -1.5
8856.5 0
8857.5 0
8858.5 0
8859.5 0
8860.5 0
8861.5 0
8862.5 0
8863.5 0
8864.5 3
8865.5 0
8866.5 1
8867.5 0
8868.5 0
8869.5 -1.5
8870.5 0
8871.5 1
8872.5 -1.5
8873.5 0
8874.5 0
8875.5 0
8876.5 0
8877.5 0
8878.5 0
8879.5 0
8880.5 0
8881.5 0
8882.5 1
8883.5 1
8884.5 0
8885.5 1
8886.5 0.5
8887.5 0
8888.5 0
8889.5 0
8890.5 1
8891.5 0
8892.5 0
8893.5 1
8894.5 1
8895.5 0
8896.5 0
8897.5 0
8898.5 1
8899.5 0
8900.5 0
8901.5 -1.5
8902.5 0
8903.5 0
8904.5 0
8905.5 1
8906.5 0
8907.5 -1.5
8908.5 0
8909.5 0
8910.5 2
8911.5 -1.5
8912.5 0
8913.5 0
8914.5 -2
8915.5 0
8916.5 -1.5
8917.5 0
8918.5 0
8919.5 0
8920.5 0
8921.5 0
8922.5 0
8923.5 0
8924.5 0
8925.5 -1.5
8926.5 0
8927.5 0
8928.5 1
8929.5 -1.5
8930.5 0
8931.5 0
8932.5 -1
8933.5 2
8934.5 -1.5
8935.5 0
8936.5 0
8937.5 0
8938.5 0
8939.5 1
8940.5 0
8941.5 0
8942.5 2
8943.5 -1.5
8944.5 0
8945.5 0
8946.5 0
8947.5 0
8948.5 0
8949.5 0
8950.5 1
8951.5 0
8952.5 0
8953.5 0
8954.5 0
8955.5 0
8956.5 1
8957.5 0
8958.5 -1.5
8959.5 0
8960.5 0
8961.5 0
8962.5 0
8963.5 0
8964.5 0
8965.5 1
8966.5 1
8967.5 0
8968.5 1
8969.5 -1.5
8970.5 1
8971.5 0
8972.5 0
8973.5 0
8974.5 0
8975.5 1
8976.5 0
8977.5 -1.5
8978.5 -3
8979.5 0
8980.5 -0.5
8981.5 1
8982.5 1
8983.5 -1.5
8984.5 1
8985.5 0
8986.5 -1.5
8987.5 1
8988.5 -1.5
8989.5 2
8990.5 0
8991.5 -1.5
8992.5 0
8993.5 1
8994.5 0
8995.5 0
8996.5 0
8997.5 0
8998.5 1
8999.5 0
9000.5 0
9001.5 0
9002.5 0
9003.5 2
9004.5 0
9005.5 0
9006.5 0
9007.5 0
9008.5 -1.5
9009.5 -0.5
9010.5 0
9011.5 0
9012.5 -1.5
9013.5 0
9014.5 0
9015.5 1
9016.5 1
9017.5 0
9018.5 -1.5
9019.5 0
9020.5 0
9021.5 -1.5
9022.5 0
9023.5 0
9024.5 0
9025.5 0
9026.5 0
9027.5 0
9028.5 -1.5
9029.5 0
9030.5 0
9031.5 0
9032.5 -1.5
9033.5 0
9034.5 -0.5
9035.5 0
9036.5 0
9037.5 0
9038.5 0
9039.5 1
9040.5 0
9041.5 0
9042.5 -1.5
9043.5 1
9044.5 0
9045.5 1
9046.5 0
9047.5 -1.5
9048.5 0
9049.5 -3
9050.5 0
9051.5 0
9052.5 0
9053.5 0
9054.5 0
9055.5 0
9056.5 0
9057.5 1
9058.5 0
9059.5 0
9060.5 0
9061.5 0
9062.5 1
9063.5 0
9064.5 0
9065.5 0
9066.5 0
9067.5 1
9068.5 -1.5
9069.5 0
9070.5 0
9071.5 0
9072.5 1
9073.5 0
9074.5 0
9075.5 0
9076.5 1
9077.5 -1.5
9078.5 0
9079.5 -1.5
9080.5 2
9081.5 0
9082.5 2
9083.5 -1.5
9084.5 0
9085.5 1
9086.5 1
9087.5 0
9088.5 0
9089.5 0
9090.5 1
9091.5 0
9092.5 0
9093.5 1
9094.5 1
9095.5 2
9096.5 0
9097.5 0
9098.5 -1.5
9099.5 0
9100.5 0
9101.5 0
9102.5 1
9103.5 0
9104.5 0
9105.5 1
9106.5 0
9107.5 0
9108.5 1
9109.5 -1.5
9110.5 0
9111.5 0
9112.5 -1.5
9113.5 0
9114.5 1
9115.5 0
9116.5 -1.5
9117.5 0
9118.5 0
9119.5 -0.5
9120.5 0
9121.5 0
9122.5 0
9123.5 0
9124.5 0
9125.5 1
9126.5 0
9127.5 0
9128.5 0
9129.5 2
9130.5 0
9131.5 0
9132.5 0
9133.5 0
9134.5 -1.5
9135.5 0
9136.5 1
9137.5 0
9138.5 1
9139.5 0
9140.5 -0.5
9141.5 0
9142.5 1
9143.5 -1.5
9144.5 1
9145.5 0
9146.5 0
9147.5 0
9148.5 0
9149.5 1
9150.5 1
9151.5 0
9152.5 -1.5
9153.5 0
9154.5 0
9155.5 0
9156.5 0
9157.5 0
9158.5 1
9159.5 0
9160.5 2
9161.5 0
9162.5 0
9163.5 0
9164.5 0
9165.5 0
9166.5 0
9167.5 0
9168.5 0
9169.5 2
9170.5 1
9171.5 1
9172.5 0
9173.5 0
9174.5 0
9175.5 0
9176.5 0
9177.5 1
9178.5 0
9179.5 0
9180.5 0
9181.5 0
9182.5 0
9183.5 0
9184.5 1
9185.5 0
9186.5 0
9187.5 0
9188.5 0
9189.5 0
9190.5 0
9191.5 0
9192.5 1
9193.5 0
9194.5 0
9195.5 0
9196.5 -1.5
9197.5 2
9198.5 1
9199.5 -1.5
9200.5 0
9201.5 0
9202.5 0
9203.5 -1.5
9204.5 0
9205.5 0
9206.5 0
9207.5 1
9208.5 0
9209.5 0
9210.5 0
9211.5 -1.5
9212.5 1
9213.5 1
9214.5 0
9215.5 -1.5
9216.5 0
9217.5 0
9218.5 1
9219.5 0
9220.5 0
9221.5 0
9222.5 1
9223.5 0
9224.5 0
9225.5 0
9226.5 0
9227.5 -1.5
9228.5 0
9229.5 0
9230.5 1
9231.5 0
9232.5 0
9233.5 0
9234.5 -1.5
9235.5 0
9236.5 -1.5
9237.5 2
9238.5 0
9239.5 0
9240.5 1
9241.5 0
9242.5 0
9243.5 0
9244.5 0
9245.5 1
9246.5 0
9247.5 0
9248.5 0
9249.5 1
9250.5 0
9251.5 0
9252.5 0
9253.5 0
9254.5 0
9255.5 0
9256.5 0
9257.5 0
9258.5 0
9259.5 0
9260.5 0
9261.5 0
9262.5 0
9263.5 0
9264.5 0
9265.5 0
9266.5 0
9267.5 -1.5
9268.5 0
9269.5 0
9270.5 0
9271.5 0
9272.5 0
9273.5 0
9274.5 1
9275.5 -0.5
9276.5 1
9277.5 0
9278.5 0
9279.5 0
9280.5 -1.5
9281.5 1
9282.5 0
9283.5 0
9284.5 2
9285.5 0
9286.5 -1.5
9287.5 0
9288.5 0
9289.5 0
9290.5 1
9291.5 2
9292.5 0
9293.5 -1.5
9294.5 1
9295.5 -1.5
9296.5 2
9297.5 -3
9298.5 0
9299.5 -1.5
9300.5 0
9301.5 0
9302.5 0
9303.5 -1.5
9304.5 -1.5
9305.5 1
9306.5 0
9307.5 0
9308.5 -1.5
9309.5 0
9310.5 0
9311.5 0
9312.5 2
9313.5 -1.5
9314.5 0
9315.5 0
9316.5 -1.5
9317.5 0
9318.5 0
9319.5 -1.5
9320.5 0
9321.5 0
9322.5 -3
9323.5 0
9324.5 -1.5
9325.5 0
9326.5 0
9327.5 1
9328.5 0
9329.5 0
9330.5 0
9331.5 2
9332.5 0
9333.5 0
9334.5 0
9335.5 1
9336.5 0
9337.5 1
9338.5 1
9339.5 0
9340.5 0
9341.5 1
9342.5 -0.5
9343.5 0
9344.5 0
9345.5 -1.5
9346.5 1
9347.5 0
9348.5 0
9349.5 0
9350.5 0
9351.5 1
9352.5 -1.5
9353.5 0
9354.5 -1.5
9355.5 0
9356.5 0
9357.5 1
9358.5 0
9359.5 0
9360.5 0
9361.5 0
9362.5 0
9363.5 -0.5
9364.5 0
9365.5 0
9366.5 0
9367.5 0
9368.5 -1.5
9369.5 2
9370.5 0
9371.5 0
9372.5 0
9373.5 0
9374.5 0
9375.5 0
9376.5 0
9377.5 0
9378.5 1
9379.5 1
9380.5 0
9381.5 0
9382.5 2
9383.5 0
9384.5 -0.5
9385.5 0
9386.5 -1.5
9387.5 0
9388.5 0
9389.5 0
9390.5 -1.5
9391.5 0
9392.5 0
9393.5 0
9394.5 0
9395.5 1.5
9396.5 -1.5
9397.5 0
9398.5 -0.5
9399.5 0
9400.5 0
9401.5 0
9402.5 1
9403.5 0
9404.5 -1.5
9405.5 0
9406.5 1
9407.5 -0.5
9408.5 0
9409.5 0
9410.5 0
9411.5 0
9412.5 0
9413.5 0
9414.5 -1.5
9415.5 0
9416.5 0
9417.5 1
9418.5 0
9419.5 1
9420.5 0
9421.5 0
9422.5 0
9423.5 0
9424.5 0
9425.5 0
9426.5 1
9427.5 -1.5
9428.5 0
9429.5 0
9430.5 1
9431.5 0
9432.5 0
9433.5 1
9434.5 -1.5
9435.5 1
9436.5 1
9437.5 0
9438.5 0
9439.5 0
9440.5 0
9441.5 0
9442.5 0
9443.5 0
9444.5 0
9445.5 0
9446.5 0
9447.5 0
9448.5 1
9449.5 0
9450.5 0
9451.5 0
9452.5 0
9453.5 -1.5
9454.5 0
9455.5 0
9456.5 -1.5
9457.5 0
9458.5 0
9459.5 0
9460.5 1
9461.5 0
9462.5 0
9463.5 0
9464.5 1
9465.5 -1.5
9466.5 -0.5
9467.5 0
9468.5 0
9469.5 0
9470.5 0
9471.5 0
9472.5 0
9473.5 0
9474.5 1
9475.5 0
9476.5 0
9477.5 1
9478.5 1
9479.5 0
9480.5 1
9481.5 1
9482.5 0
9483.5 0
9484.5 0
9485.5 0
9486.5 0
9487.5 0
9488.5 0
9489.5 0
9490.5 0
9491.5 0
9492.5 0
9493.5 0
9494.5 0
9495.5 0
9496.5 0
9497.5 0
9498.5 0
9499.5 0
9500.5 0
9501.5 1
9502.5 0
9503.5 0
9504.5 0
9505.5 0
9506.5 1
9507.5 0
9508.5 0
9509.5 -1.5
9510.5 2
9511.5 0
9512.5 0
9513.5 0
9514.5 0
9515.5 2
9516.5 0
9517.5 0
9518.5 0
9519.5 0
9520.5 0
9521.5 0
9522.5 0
9523.5 -1.5
9524.5 0
9525.5 0
9526.5 1
9527.5 0
9528.5 0
9529.5 -1.5
9530.5 0
9531.5 0
9532.5 1
9533.5 0
9534.5 0
9535.5 -1.5
9536.5 0
9537.5 -1.5
9538.5 1
9539.5 0
9540.5 0
9541.5 0
9542.5 1
9543.5 0
9544.5 0
9545.5 -1.5
9546.5 0
9547.5 0
9548.5 0
9549.5 0
9550.5 -1.5
9551.5 0
9552.5 0
9553.5 1
9554.5 0
9555.5 0
9556.5 0
9557.5 0
9558.5 1
9559.5 0
9560.5 0
9561.5 0
9562.5 0
9563.5 0
9564.5 0
9565.5 0
9566.5 0
9567.5 0
9568.5 0
9569.5 0
9570.5 0
9571.5 1
9572.5 1
9573.5 0
9574.5 0
9575.5 0
9576.5 2
9577.5 0
9578.5 2
9579.5 0
9580.5 0
9581.5 0
9582.5 0
9583.5 0
9584.5 0
9585.5 0
9586.5 0
9587.5 0
9588.5 0
9589.5 0
9590.5 0
9591.5 0
9592.5 0
9593.5 0
9594.5 0
9595.5 0
9596.5 1
9597.5 0
9598.5 0
9599.5 0
9600.5 0
9601.5 1
9602.5 1
9603.5 0
9604.5 0
9605.5 1
9606.5 0
9607.5 -1.5
9608.5 0
9609.5 1
9610.5 0
9611.5 1
9612.5 0
9613.5 0
9614.5 0
9615.5 1
9616.5 0
9617.5 1
9618.5 0
9619.5 0
9620.5 0
9621.5 0
9622.5 0
9623.5 1
9624.5 1
9625.5 0
9626.5 1
9627.5 0
9628.5 0
9629.5 0
9630.5 0
9631.5 1
9632.5 0
9633.5 1
9634.5 0
9635.5 0
9636.5 0
9637.5 0
9638.5 1
9639.5 0
9640.5 1
9641.5 0
9642.5 0
9643.5 0
9644.5 0
9645.5 0
9646.5 0
9647.5 -1.5
9648.5 0
9649.5 0
9650.5 -1.5
9651.5 0
9652.5 0
9653.5 0
9654.5 0
9655.5 -1.5
9656.5 -0.5
9657.5 0
9658.5 0
9659.5 1
9660.5 0
9661.5 -1.5
9662.5 -1.5
9663.5 0
9664.5 0
9665.5 -1.5
9666.5 0
9667.5 0
9668.5 0
9669.5 0
9670.5 0
9671.5 0
9672.5 0
9673.5 0
9674.5 0
9675.5 0
9676.5 0
9677.5 0
9678.5 0
9679.5 -1.5
9680.5 0
9681.5 0
9682.5 0
9683.5 0
9684.5 0
9685.5 0
9686.5 -1.5
9687.5 0
9688.5 0
9689.5 0
9690.5 1
9691.5 0
9692.5 0
9693.5 0
9694.5 -1.5
9695.5 0
9696.5 0
9697.5 -0.5
9698.5 0
9699.5 0
9700.5 0
9701.5 0
9702.5 0
9703.5 0
9704.5 0
9705.5 0
9706.5 0
9707.5 -1.5
9708.5 0
9709.5 0
9710.5 0
9711.5 1
9712.5 -1.5
9713.5 0
9714.5 0
9715.5 0
9716.5 0
9717.5 0
9718.5 0
9719.5 0
9720.5 1
9721.5 0
9722.5 0
9723.5 0
9724.5 -1.5
9725.5 0
9726.5 0
9727.5 0
9728.5 0
9729.5 0
9730.5 0
9731.5 0
9732.5 0
9733.5 0
9734.5 0
9735.5 0
9736.5 0
9737.5 0
9738.5 0
9739.5 -1.5
9740.5 1
9741.5 0
9742.5 0
9743.5 0
9744.5 0
9745.5 0
9746.5 0
9747.5 0
9748.5 0
9749.5 -1.5
9750.5 0
9751.5 0
9752.5 1
9753.5 0
9754.5 0
9755.5 -1.5
9756.5 0
9757.5 0
9758.5 0
9759.5 0
9760.5 -1.5
9761.5 0
9762.5 0
9763.5 -1.5
9764.5 0
9765.5 0
9766.5 0
9767.5 0
9768.5 0
9769.5 0
9770.5 0
9771.5 0
9772.5 0
9773.5 1
9774.5 0
9775.5 -1.5
9776.5 0
9777.5 0
9778.5 0
9779.5 0
9780.5 0
9781.5 0
9782.5 0
9783.5 0
9784.5 0
9785.5 0
9786.5 0
9787.5 0
9788.5 0
9789.5 -1.5
9790.5 0
9791.5 0
9792.5 0
9793.5 0
9794.5 0
9795.5 0
9796.5 0
9797.5 0
9798.5 0
9799.5 0
9800.5 0
9801.5 1
9802.5 1
9803.5 0
9804.5 0
9805.5 0
9806.5 0
9807.5 0
9808.5 0
9809.5 0
9810.5 0
9811.5 0
9812.5 -1.5
9813.5 0
9814.5 0
9815.5 0
9816.5 0
9817.5 0
9818.5 2
9819.5 0
9820.5 0
9821.5 0
9822.5 0
9823.5 0
9824.5 0
9825.5 0
9826.5 0
9827.5 0
9828.5 0
9829.5 0
9830.5 0
9831.5 0
9832.5 0
9833.5 0
9834.5 0
9835.5 0
9836.5 -1.5
9837.5 1
9838.5 0
9839.5 0
9840.5 0
9841.5 0
9842.5 0
9843.5 0
9844.5 0
9845.5 0
9846.5 0
9847.5 -0.5
9848.5 0
9849.5 0
9850.5 0
9851.5 0
9852.5 0
9853.5 0
9854.5 0
9855.5 0
9856.5 -0.5
9857.5 0
9858.5 0
9859.5 0
9860.5 0
9861.5 0
9862.5 -1.5
9863.5 0
9864.5 0
9865.5 0
9866.5 0
9867.5 1
9868.5 0
9869.5 -1.5
9870.5 1
9871.5 1
9872.5 0
9873.5 0
9874.5 0
9875.5 0
9876.5 0
9877.5 0
9878.5 0
9879.5 0
9880.5 0
9881.5 -1.5
9882.5 1
9883.5 0
9884.5 0
9885.5 0
9886.5 0
9887.5 0
9888.5 0
9889.5 -1.5
9890.5 0
9891.5 0
9892.5 0
9893.5 1
9894.5 0
9895.5 0
9896.5 0
9897.5 0
9898.5 0
9899.5 0
9900.5 0
9901.5 0
9902.5 0
9903.5 0
9904.5 0
9905.5 0
9906.5 0
9907.5 0
9908.5 0
9909.5 0
9910.5 0
9911.5 -1.5
9912.5 0
9913.5 0
9914.5 1
9915.5 1
9916.5 0
9917.5 0
9918.5 0
9919.5 0
9920.5 0
9921.5 0
9922.5 0
9923.5 0
9924.5 0
9925.5 0
9926.5 0
9927.5 0
9928.5 0
9929.5 0
9930.5 0
9931.5 0
9932.5 -1.5
9933.5 0
9934.5 0
9935.5 0
9936.5 0
9937.5 0
9938.5 1
9939.5 0
9940.5 0
9941.5 0
9942.5 0
9943.5 0
9944.5 0
9945.5 0
9946.5 0
9947.5 0
9948.5 0
9949.5 0
9950.5 0
9951.5 0
9952.5 0
9953.5 0
9954.5 0
9955.5 0
9956.5 0
9957.5 0
9958.5 0
9959.5 0
9960.5 0
9961.5 0
9962.5 0
9963.5 0
9964.5 0
9965.5 0
9966.5 0
9967.5 0
9968.5 0
9969.5 0
9970.5 0
9971.5 0
9972.5 0
9973.5 0
9974.5 0
9975.5 -1.5
9976.5 0
9977.5 0
9978.5 0
9979.5 0
9980.5 0
9981.5 0
9982.5 0
9983.5 0
9984.5 0
9985.5 0
9986.5 0
9987.5 0
9988.5 0
9989.5 0
9990.5 0
9991.5 0
9992.5 0
9993.5 0
9994.5 0
9995.5 0
9996.5 0
9997.5 0
9998.5 0
9999.5 0
10000.5 0
10001.5 0
10002.5 0
10003.5 0
10004.5 -1.5
10005.5 0
10006.5 1
10007.5 -1.5
10008.5 0
10009.5 0
10010.5 0
10011.5 0
10012.5 0
10013.5 0
10014.5 0
10015.5 0
10016.5 0
10017.5 0
10018.5 0
10019.5 0
10020.5 0
10021.5 0
10022.5 0
10023.5 -1.5
10024.5 0
10025.5 0
10026.5 0
10027.5 0
10028.5 0
10029.5 0
10030.5 0
10031.5 0
10032.5 0
10033.5 0
10034.5 0
10035.5 0
10036.5 0
10037.5 0
10038.5 0
10039.5 0
10040.5 0
10041.5 0
10042.5 0
10043.5 0
10044.5 0
10045.5 0
10046.5 -1.5
10047.5 0
10048.5 1
10049.5 0
10050.5 0
10051.5 0
10052.5 0
10053.5 0
10054.5 0
10055.5 0
10056.5 0
10057.5 0
10058.5 0
10059.5 -1.5
10060.5 0
10061.5 1
10062.5 0
10063.5 0
10064.5 0
10065.5 1
10066.5 1
10067.5 0
10068.5 0
10069.5 1
10070.5 0
10071.5 0
10072.5 0
10073.5 -1.5
10074.5 0
10075.5 0
10076.5 0
10077.5 0
10078.5 0
10079.5 0
10080.5 0
10081.5 0
10082.5 0
10083.5 0
10084.5 0
10085.5 0
10086.5 0
10087.5 0
10088.5 0
10089.5 0
10090.5 0
10091.5 0
10092.5 0
10093.5 0
10094.5 0
10095.5 0
10096.5 0
10097.5 0
10098.5 0
10099.5 0
10100.5 0
10101.5 0
10102.5 0
10103.5 0
10104.5 0
10105.5 0
10106.5 0
10107.5 0
10108.5 -1.5
10109.5 0
10110.5 0
10111.5 0
10112.5 0
10113.5 0
10114.5 0
10115.5 0
10116.5 -1.5
10117.5 0
10118.5 0
10119.5 0
10120.5 0
10121.5 0
10122.5 0
10123.5 0
10124.5 0
10125.5 1
10126.5 0
10127.5 0
10128.5 0
10129.5 0
10130.5 0
10131.5 0
10132.5 0
10133.5 -1.5
10134.5 0
10135.5 0
10136.5 0
10137.5 0
10138.5 0
10139.5 0
10140.5 0
10141.5 0
10142.5 0
10143.5 0
10144.5 0
10145.5 0
10146.5 0
10147.5 0
10148.5 0
10149.5 0
10150.5 0
10151.5 0
10152.5 0
10153.5 0
10154.5 0
10155.5 0
10156.5 0
10157.5 0
10158.5 0
10159.5 0
10160.5 0
10161.5 0
10162.5 0
10163.5 0
10164.5 -1.5
10165.5 0
10166.5 0
10167.5 0
10168.5 0
10169.5 0
10170.5 0
10171.5 0
10172.5 0
10173.5 0
10174.5 0
10175.5 0
10176.5 0
10177.5 0
10178.5 0
10179.5 0
10180.5 0
10181.5 0
10182.5 0
10183.5 0
10184.5 0
10185.5 0
10186.5 0
10187.5 0
10188.5 0
10189.5 0
10190.5 0
10191.5 0
10192.5 0
10193.5 0
10194.5 1
10195.5 0
10196.5 0
10197.5 0
10198.5 0
10199.5 0
10200.5 0
10201.5 0
10202.5 0
10203.5 0
10204.5 0
10205.5 0
10206.5 0
10207.5 0
10208.5 0
10209.5 0
10210.5 0
10211.5 0
10212.5 0
10213.5 0
10214.5 0
10215.5 0
10216.5 0
10217.5 0
10218.5 0
10219.5 0
10220.5 0
10221.5 0
10222.5 0
10223.5 0
10224.5 0
10225.5 0
10226.5 0
10227.5 0
10228.5 0
10229.5 0
10230.5 0
10231.5 0
10232.5 0
10233.5 1
10234.5 0
10235.5 0
10236.5 0
10237.5 0
10238.5 0
10239.5 0
10240.5 0
10241.5 0
10242.5 0
10243.5 0
10244.5 0
10245.5 0
10246.5 0
10247.5 0
10248.5 0
10249.5 0
10250.5 0
10251.5 0
10252.5 0
10253.5 0
10254.5 0
10255.5 0
10256.5 0
10257.5 0
10258.5 0
10259.5 0
10260.5 0
10261.5 0
10262.5 0
10263.5 0
10264.5 0
10265.5 0
10266.5 0
10267.5 0
10268.5 0
10269.5 0
10270.5 0
10271.5 0
10272.5 0
10273.5 0
10274.5 0
10275.5 0
10276.5 0
10277.5 0
10278.5 0
10279.5 0
10280.5 0
10281.5 0
10282.5 0
10283.5 0
10284.5 0
10285.5 0
10286.5 0
10287.5 0
10288.5 0
10289.5 0
10290.5 0
10291.5 0
10292.5 0
10293.5 0
10294.5 0
10295.5 0
10296.5 0
10297.5 0
10298.5 0
10299.5 0
10300.5 0
10301.5 0
10302.5 0
10303.5 0
10304.5 0
10305.5 0
10306.5 0
10307.5 0
10308.5 0
10309.5 1
10310.5 0
10311.5 0
10312.5 0
10313.5 0
10314.5 0
10315.5 0
10316.5 0
10317.5 0
10318.5 1
10319.5 0
10320.5 0
10321.5 0
10322.5 0
10323.5 0
10324.5 0
10325.5 0
10326.5 0
10327.5 0
10328.5 0
10329.5 0
10330.5 0
10331.5 0
10332.5 0
10333.5 0
10334.5 0
10335.5 0
10336.5 0
10337.5 0
10338.5 0
10339.5 0
10340.5 0
10341.5 0
10342.5 0
10343.5 0
10344.5 0
10345.5 0
10346.5 0
10347.5 0
10348.5 0
10349.5 0
10350.5 0
10351.5 0
10352.5 0
10353.5 0
10354.5 0
10355.5 -1.5
10356.5 0
10357.5 0
10358.5 0
10359.5 0
10360.5 0
10361.5 1
10362.5 0
10363.5 0
10364.5 0
10365.5 0
10366.5 0
10367.5 0
10368.5 0
10369.5 0
10370.5 0
10371.5 0
10372.5 0
10373.5 0
10374.5 0
10375.5 0
10376.5 0
10377.5 0
10378.5 0
10379.5 0
10380.5 0
10381.5 0
10382.5 0
10383.5 0
10384.5 0
10385.5 0
10386.5 0
10387.5 0
10388.5 0
10389.5 0
10390.5 0
10391.5 0
10392.5 0
10393.5 0
10394.5 0
10395.5 0
10396.5 0
10397.5 0
10398.5 0
10399.5 0
10400.5 0
10401.5 0
10402.5 0
10403.5 0
10404.5 0
10405.5 -1.5
10406.5 0
10407.5 0
10408.5 0
10409.5 0
10410.5 0
10411.5 0
10412.5 0
10413.5 0
10414.5 0
10415.5 0
10416.5 0
10417.5 0
10418.5 0
10419.5 0
10420.5 0
10421.5 0
10422.5 0
10423.5 0
10424.5 0
10425.5 0
10426.5 0
10427.5 0
10428.5 0
10429.5 0
10430.5 1
10431.5 0
10432.5 0
10433.5 0
10434.5 0
10435.5 0
10436.5 0
10437.5 0
10438.5 0
10439.5 0
10440.5 0
10441.5 0
10442.5 0
10443.5 0
10444.5 0
10445.5 0
10446.5 0
10447.5 1
10448.5 0
10449.5 0
10450.5 0
10451.5 0
10452.5 0
10453.5 0
10454.5 0
10455.5 0
10456.5 0
10457.5 0
10458.5 0
10459.5 0
10460.5 0
10461.5 0
10462.5 0
10463.5 0
10464.5 0
10465.5 0
10466.5 0
10467.5 0
10468.5 0
10469.5 0
10470.5 0
10471.5 0
10472.5 0
10473.5 0
10474.5 0
10475.5 0
10476.5 0
10477.5 0
10478.5 0
10479.5 0
10480.5 0
10481.5 0
10482.5 0
10483.5 0
10484.5 0
10485.5 0
10486.5 0
10487.5 0
10488.5 0
10489.5 0
10490.5 0
10491.5 0
10492.5 0
10493.5 0
10494.5 0
10495.5 0
10496.5 0
10497.5 0
10498.5 0
10499.5 0
10500.5 0
10501.5 0
10502.5 0
10503.5 0
10504.5 1
10505.5 0
10506.5 0
10507.5 0
10508.5 0
10509.5 0
10510.5 0
10511.5 0
10512.5 0
10513.5 0
10514.5 0
10515.5 0
10516.5 0
10517.5 0
10518.5 0
10519.5 0
10520.5 0
10521.5 0
10522.5 0
10523.5 0
10524.5 0
10525.5 0
10526.5 0
10527.5 0
10528.5 0
10529.5 0
10530.5 0
10531.5 0
10532.5 0
10533.5 0
10534.5 0
10535.5 0
10536.5 0
10537.5 0
10538.5 0
10539.5 0
10540.5 0
10541.5 0
10542.5 0
10543.5 0
10544.5 0
10545.5 0
10546.5 0
10547.5 0
10548.5 0
10549.5 0
10550.5 0
10551.5 0
10552.5 0
10553.5 0
10554.5 0
10555.5 0
10556.5 0
10557.5 0
10558.5 0
10559.5 0
10560.5 0
10561.5 0
10562.5 0
10563.5 0
10564.5 0
10565.5 0
10566.5 0
10567.5 0
10568.5 0
10569.5 0
10570.5 0
10571.5 0
10572.5 0
10573.5 0
10574.5 0
10575.5 0
10576.5 0
10577.5 0
10578.5 0
10579.5 0
10580.5 0
10581.5 0
10582.5 0
10583.5 0
10584.5 0
10585.5 0
10586.5 0
10587.5 0
10588.5 0
10589.5 0
10590.5 0
10591.5 0
10592.5 0
10593.5 0
10594.5 0
10595.5 0
10596.5 0
10597.5 0
10598.5 0
10599.5 0
10600.5 0
10601.5 0
10602.5 0
10603.5 0
10604.5 0
10605.5 0
10606.5 0
10607.5 0
10608.5 0
10609.5 0
10610.5 0
10611.5 0
10612.5 0
10613.5 0
10614.5 0
10615.5 0
10616.5 0
10617.5 0
10618.5 0
10619.5 0
10620.5 0
10621.5 0
10622.5 0
10623.5 0
10624.5 0
10625.5 0
10626.5 -1.5
10627.5 0
10628.5 0
10629.5 0
10630.5 0
10631.5 0
10632.5 1
10633.5 0
10634.5 0
10635.5 0
10636.5 0
10637.5 0
10638.5 0
10639.5 0
10640.5 0
10641.5 0
10642.5 0
10643.5 0
10644.5 0
10645.5 0
10646.5 0
10647.5 0
10648.5 0
10649.5 0
10650.5 0
10651.5 0
10652.5 0
10653.5 0
10654.5 0
10655.5 0
10656.5 0
10657.5 0
10658.5 0
10659.5 0
10660.5 0
10661.5 0
10662.5 0
10663.5 0
10664.5 0
10665.5 0
10666.5 0
10667.5 0
10668.5 0
10669.5 0
10670.5 0
10671.5 0
10672.5 0
10673.5 0
10674.5 0
10675.5 0
10676.5 0
10677.5 0
10678.5 0
10679.5 1
10680.5 0
10681.5 0
10682.5 0
10683.5 0
10684.5 0
10685.5 0
10686.5 0
10687.5 0
10688.5 0
10689.5 0
10690.5 0
10691.5 0
10692.5 0
10693.5 0
10694.5 0
10695.5 0
10696.5 0
10697.5 0
10698.5 0
10699.5 0
10700.5 0
10701.5 0
10702.5 0
10703.5 0
10704.5 0
10705.5 0
10706.5 0
10707.5 0
10708.5 0
10709.5 0
10710.5 0
10711.5 0
10712.5 0
10713.5 0
10714.5 0
10715.5 0
10716.5 0
10717.5 0
10718.5 0
10719.5 0
10720.5 0
10721.5 0
10722.5 0
10723.5 0
10724.5 0
10725.5 0
10726.5 0
10727.5 0
10728.5 0
10729.5 0
10730.5 0
10731.5 0
10732.5 0
10733.5 0
10734.5 0
10735.5 0
10736.5 0
10737.5 0
10738.5 0
10739.5 0
10740.5 0
10741.5 0
10742.5 0
10743.5 0
10744.5 0
10745.5 0
10746.5 1
10747.5 0
10748.5 0
10749.5 0
10750.5 0
10751.5 0
10752.5 0
10753.5 0
10754.5 0
10755.5 0
10756.5 0
10757.5 0
10758.5 0
10759.5 0
10760.5 0
10761.5 0
10762.5 0
10763.5 0
10764.5 0
10765.5 0
10766.5 0
10767.5 0
10768.5 0
10769.5 0
10770.5 0
10771.5 0
10772.5 0
10773.5 0
10774.5 0
10775.5 0
10776.5 0
10777.5 0
10778.5 0
10779.5 0
10780.5 0
10781.5 1
10782.5 0
10783.5 0
10784.5 0
10785.5 0
10786.5 0
10787.5 0
10788.5 0
10789.5 0
10790.5 0
10791.5 0
10792.5 0
10793.5 0
10794.5 0
10795.5 1
10796.5 0
10797.5 0
10798.5 0
10799.5 0
10800.5 0
10801.5 0
10802.5 0
10803.5 0
10804.5 0
10805.5 0
10806.5 0
10807.5 0
10808.5 0
10809.5 0
10810.5 0
10811.5 0
10812.5 0
10813.5 0
10814.5 0
10815.5 0
10816.5 0
10817.5 0
10818.5 0
10819.5 0
10820.5 0
10821.5 0
10822.5 0
10823.5 1
10824.5 0
10825.5 0
10826.5 0
10827.5 0
10828.5 0
10829.5 0
10830.5 0
10831.5 0
10832.5 0
10833.5 0
10834.5 0
10835.5 0
10836.5 0
10837.5 0
10838.5 0
10839.5 0
10840.5 0
10841.5 0
10842.5 0
10843.5 0
10844.5 0
10845.5 0
10846.5 0
10847.5 0
10848.5 0
10849.5 0
10850.5 0
10851.5 0
10852.5 0
10853.5 0
10854.5 0
10855.5 0
10856.5 0
10857.5 0
10858.5 0
10859.5 0
10860.5 0
10861.5 0
10862.5 0
10863.5 0
10864.5 0
10865.5 0
10866.5 0
10867.5 0
10868.5 -1.5
10869.5 0
10870.5 0
10871.5 0
10872.5 0
10873.5 0
10874.5 0
10875.5 0
10876.5 0
10877.5 0
10878.5 0
10879.5 0
10880.5 0
10881.5 0
10882.5 0
10883.5 0
10884.5 0
10885.5 0
10886.5 0
10887.5 0
10888.5 0
10889.5 0
10890.5 0
10891.5 0
10892.5 0
10893.5 0
10894.5 0
10895.5 0
10896.5 0
10897.5 0
10898.5 0
10899.5 0
10900.5 0
10901.5 0
10902.5 0
10903.5 0
10904.5 0
10905.5 0
10906.5 0
10907.5 0
10908.5 0
10909.5 0
10910.5 0
10911.5 0
10912.5 0
10913.5 0
10914.5 0
10915.5 0
10916.5 0
10917.5 0
10918.5 0
10919.5 0
10920.5 0
10921.5 0
10922.5 0
10923.5 0
10924.5 0
10925.5 0
10926.5 0
10927.5 0
10928.5 2
10929.5 0
10930.5 0
10931.5 0
10932.5 0
10933.5 0
10934.5 0
10935.5 0
10936.5 0
10937.5 0
10938.5 0
10939.5 0
10940.5 0
10941.5 0
10942.5 0
10943.5 0
10944.5 0
10945.5 0
10946.5 0
10947.5 0
10948.5 0
10949.5 0
10950.5 0
10951.5 0
10952.5 0
10953.5 0
10954.5 0
10955.5 1
10956.5 0
10957.5 0
10958.5 0
10959.5 0
10960.5 0
10961.5 0
10962.5 0
10963.5 0
10964.5 0
10965.5 0
10966.5 0
10967.5 0
10968.5 0
10969.5 0
10970.5 1
10971.5 0
10972.5 0
10973.5 0
10974.5 0
10975.5 0
10976.5 0
10977.5 0
10978.5 0
10979.5 0
10980.5 0
10981.5 0
10982.5 0
10983.5 0
10984.5 0
10985.5 0
10986.5 0
10987.5 0
10988.5 0
10989.5 0
10990.5 0
10991.5 0
10992.5 0
10993.5 0
10994.5 0
10995.5 0
10996.5 0
10997.5 0
10998.5 0
10999.5 0
11000.5 0
11001.5 0
11002.5 0
11003.5 0
11004.5 0
11005.5 0
11006.5 0
11007.5 0
11008.5 0
11009.5 0
11010.5 0
11011.5 0
11012.5 0
11013.5 0
11014.5 0
11015.5 0
11016.5 0
11017.5 0
11018.5 0
11019.5 0
11020.5 0
11021.5 0
11022.5 0
11023.5 0
11024.5 0
11025.5 0
11026.5 0
11027.5 0
11028.5 0
11029.5 0
11030.5 0
11031.5 0
11032.5 0
11033.5 0
11034.5 0
11035.5 0
11036.5 0
11037.5 0
11038.5 0
11039.5 0
11040.5 0
11041.5 0
11042.5 0
11043.5 0
11044.5 0
11045.5 1
11046.5 0
11047.5 0
11048.5 0
11049.5 0
11050.5 0
11051.5 0
11052.5 0
11053.5 0
11054.5 0
11055.5 1
11056.5 0
11057.5 0
11058.5 0
11059.5 0
11060.5 0
11061.5 0
11062.5 0
11063.5 0
11064.5 0
11065.5 0
11066.5 0
11067.5 0
11068.5 0
11069.5 0
11070.5 0
11071.5 0
11072.5 0
11073.5 0
11074.5 0
11075.5 0
11076.5 0
11077.5 0
11078.5 0
11079.5 0
11080.5 0
11081.5 0
11082.5 0
11083.5 0
11084.5 0
11085.5 0
11086.5 0
11087.5 0
11088.5 0
11089.5 0
11090.5 0
11091.5 0
11092.5 0
11093.5 0
11094.5 0
11095.5 0
11096.5 0
11097.5 0
11098.5 0
11099.5 0
11100.5 0
11101.5 0
11102.5 0
11103.5 0
11104.5 0
11105.5 0
11106.5 0
11107.5 0
11108.5 0
11109.5 0
11110.5 0
11111.5 0
11112.5 0
11113.5 0
11114.5 0
11115.5 0
11116.5 0
11117.5 0
11118.5 0
11119.5 0
11120.5 0
11121.5 0
11122.5 0
11123.5 0
11124.5 1
11125.5 0
11126.5 0
11127.5 0
11128.5 0
11129.5 0
11130.5 0
11131.5 0
11132.5 0
11133.5 0
11134.5 0
11135.5 0
11136.5 0
11137.5 0
11138.5 0
11139.5 0
11140.5 0
11141.5 0
11142.5 0
11143.5 0
11144.5 0
11145.5 0
11146.5 0
11147.5 0
11148.5 0
11149.5 0
11150.5 0
11151.5 0
11152.5 0
11153.5 0
11154.5 0
11155.5 0
11156.5 0
11157.5 0
11158.5 0
11159.5 0
11160.5 0
11161.5 0
11162.5 0
11163.5 0
11164.5 0
11165.5 0
11166.5 0
11167.5 0
11168.5 0
11169.5 0
11170.5 0
11171.5 0
11172.5 1
11173.5 0
11174.5 0
11175.5 0
11176.5 0
11177.5 0
11178.5 0
11179.5 0
11180.5 0
11181.5 0
11182.5 0
11183.5 0
11184.5 0
11185.5 0
11186.5 0
11187.5 0
11188.5 0
11189.5 0
11190.5 0
11191.5 0
11192.5 0
11193.5 0
11194.5 0
11195.5 0
11196.5 0
11197.5 0
11198.5 -1.5
11199.5 0
11200.5 0
11201.5 0
11202.5 0
11203.5 0
11204.5 0
11205.5 0
11206.5 0
11207.5 0
11208.5 0
11209.5 0
11210.5 0
11211.5 0
11212.5 0
11213.5 0
11214.5 0
11215.5 0
11216.5 0
11217.5 0
11218.5 0
11219.5 0
11220.5 0
11221.5 0
11222.5 0
11223.5 0
11224.5 0
11225.5 0
11226.5 0
11227.5 0
11228.5 0
11229.5 0
11230.5 0
11231.5 0
11232.5 0
11233.5 0
11234.5 0
11235.5 0
11236.5 0
11237.5 0
11238.5 0
11239.5 0
11240.5 0
11241.5 0
11242.5 0
11243.5 0
11244.5 0
11245.5 0
11246.5 0
11247.5 0
11248.5 1
11249.5 0
11250.5 0
11251.5 0
11252.5 0
11253.5 0
11254.5 -1.5
11255.5 0
11256.5 0
11257.5 0
11258.5 0
11259.5 0
11260.5 0
11261.5 0
11262.5 0
11263.5 0
11264.5 0
11265.5 0
11266.5 0
11267.5 0
11268.5 0
11269.5 0
11270.5 0
11271.5 0
11272.5 0
11273.5 0
11274.5 0
11275.5 0
11276.5 0
11277.5 0
11278.5 0
11279.5 0
11280.5 0
11281.5 0
11282.5 0
11283.5 0
11284.5 0
11285.5 0
11286.5 0
11287.5 0
11288.5 0
11289.5 0
11290.5 0
11291.5 0
11292.5 0
11293.5 0
11294.5 0
11295.5 0
11296.5 0
11297.5 0
11298.5 0
11299.5 0
11300.5 0
11301.5 0
11302.5 0
11303.5 0
11304.5 0
11305.5 0
11306.5 0
11307.5 0
11308.5 0
11309.5 0
11310.5 0
11311.5 0
11312.5 0
11313.5 0
11314.5 0
11315.5 0
11316.5 0
11317.5 0
11318.5 0
11319.5 0
11320.5 0
11321.5 0
11322.5 0
11323.5 0
11324.5 0
11325.5 0
11326.5 0
11327.5 0
11328.5 0
11329.5 0
11330.5 -1.5
11331.5 0
11332.5 0
11333.5 0
11334.5 0
11335.5 0
11336.5 0
11337.5 0
11338.5 0
11339.5 0
11340.5 0
11341.5 0
11342.5 0
11343.5 0
11344.5 0
11345.5 0
11346.5 0
11347.5 0
11348.5 0
11349.5 0
11350.5 0
11351.5 0
11352.5 0
11353.5 0
11354.5 0
11355.5 0
11356.5 0
11357.5 0
11358.5 0
11359.5 0
11360.5 0
11361.5 0
11362.5 0
11363.5 0
11364.5 0
11365.5 0
11366.5 0
11367.5 0
11368.5 0
11369.5 0
11370.5 0
11371.5 0
11372.5 0
11373.5 0
11374.5 0
11375.5 0
11376.5 0
11377.5 0
11378.5 0
11379.5 0
11380.5 0
11381.5 0
11382.5 0
11383.5 0
11384.5 0
11385.5 0
11386.5 0
11387.5 0
11388.5 0
11389.5 0
11390.5 0
11391.5 0
11392.5 0
11393.5 0
11394.5 0
11395.5 0
11396.5 0
11397.5 0
11398.5 0
11399.5 0
11400.5 0
11401.5 0
11402.5 0
11403.5 1
11404.5 0
11405.5 0
11406.5 0
11407.5 0
11408.5 0
11409.5 0
11410.5 0
11411.5 0
11412.5 0
11413.5 0
11414.5 0
11415.5 0
11416.5 0
11417.5 0
11418.5 0
11419.5 0
11420.5 0
11421.5 0
11422.5 0
11423.5 0
11424.5 0
11425.5 0
11426.5 0
11427.5 0
11428.5 0
11429.5 0
11430.5 0
11431.5 0
11432.5 0
11433.5 0
11434.5 0
11435.5 0
11436.5 0
11437.5 0
11438.5 0
11439.5 0
11440.5 0
11441.5 0
11442.5 0
11443.5 0
11444.5 0
11445.5 0
11446.5 0
11447.5 0
11448.5 0
11449.5 0
11450.5 0
11451.5 0
11452.5 0
11453.5 0
11454.5 0
11455.5 0
11456.5 -1.5
11457.5 0
11458.5 0
11459.5 0
11460.5 0
11461.5 0
11462.5 0
11463.5 0
11464.5 0
11465.5 0
11466.5 0
11467.5 0
11468.5 0
11469.5 0
11470.5 0
11471.5 0
11472.5 0
11473.5 0
11474.5 0
11475.5 0
11476.5 0
11477.5 0
11478.5 0
11479.5 1
11480.5 0
11481.5 0
11482.5 0
11483.5 0
11484.5 1
11485.5 0
11486.5 0
11487.5 0
11488.5 0
11489.5 0
11490.5 0
11491.5 0
11492.5 0
11493.5 0
11494.5 0
11495.5 0
11496.5 0
11497.5 0
11498.5 0
11499.5 0
11500.5 0
11501.5 0
11502.5 0
11503.5 0
11504.5 0
11505.5 0
11506.5 0
11507.5 0
11508.5 0
11509.5 0
11510.5 0
11511.5 0
11512.5 0
11513.5 0
11514.5 0
11515.5 0
11516.5 0
11517.5 0
11518.5 0
11519.5 0
11520.5 0
11521.5 0
11522.5 0
11523.5 0
11524.5 0
11525.5 0
11526.5 0
11527.5 0
11528.5 0
11529.5 0
11530.5 0
11531.5 0
11532.5 0
11533.5 0
11534.5 0
11535.5 0
11536.5 0
11537.5 0
11538.5 0
11539.5 0
11540.5 0
11541.5 0
11542.5 0
11543.5 0
11544.5 0
11545.5 0
11546.5 0
11547.5 0
11548.5 0
11549.5 0
11550.5 0
11551.5 0
11552.5 0
11553.5 0
11554.5 0
11555.5 0
11556.5 0
11557.5 0
11558.5 0
11559.5 0
11560.5 0
11561.5 0
11562.5 0
11563.5 0
11564.5 0
11565.5 0
11566.5 0
11567.5 0
11568.5 0
11569.5 0
11570.5 0
11571.5 0
11572.5 0
11573.5 0
11574.5 0
11575.5 0
11576.5 1
11577.5 0
11578.5 0
11579.5 0
11580.5 0
11581.5 0
11582.5 0
11583.5 0
11584.5 0
11585.5 0
11586.5 0
11587.5 0
11588.5 0
11589.5 0
11590.5 0
11591.5 0
11592.5 0
11593.5 0
11594.5 -1.5
11595.5 0
11596.5 0
11597.5 0
11598.5 0
11599.5 0
11600.5 0
11601.5 0
11602.5 0
11603.5 0
11604.5 0
11605.5 0
11606.5 0
11607.5 0
11608.5 0
11609.5 0
11610.5 0
11611.5 0
11612.5 0
11613.5 0
11614.5 0
11615.5 0
11616.5 0
11617.5 0
11618.5 0
11619.5 0
11620.5 0
11621.5 0
11622.5 0
11623.5 0
11624.5 0
11625.5 0
11626.5 0
11627.5 0
11628.5 0
11629.5 0
11630.5 0
11631.5 0
11632.5 0
11633.5 0
11634.5 0
11635.5 0
11636.5 0
11637.5 0
11638.5 0
11639.5 0
11640.5 -1.5
11641.5 0
11642.5 0
11643.5 0
11644.5 0
11645.5 0
11646.5 0
11647.5 0
11648.5 0
11649.5 1
11650.5 0
11651.5 0
11652.5 0
11653.5 0
11654.5 0
11655.5 0
11656.5 0
11657.5 0
11658.5 0
11659.5 0
11660.5 0
11661.5 0
11662.5 0
11663.5 0
11664.5 0
11665.5 0
11666.5 0
11667.5 0
11668.5 0
11669.5 0
11670.5 0
11671.5 0
11672.5 0
11673.5 0
11674.5 1
11675.5 0
11676.5 0
11677.5 0
11678.5 0
11679.5 0
11680.5 0
11681.5 0
11682.5 0
11683.5 0
11684.5 0
11685.5 0
11686.5 0
11687.5 0
11688.5 0
11689.5 0
11690.5 0
11691.5 0
11692.5 0
11693.5 0
11694.5 0
11695.5 0
11696.5 0
11697.5 0
11698.5 0
11699.5 0
11700.5 0
11701.5 0
11702.5 0
11703.5 1
11704.5 0
11705.5 0
11706.5 0
11707.5 0
11708.5 0
11709.5 0
11710.5 0
11711.5 0
11712.5 0
11713.5 -1.5
11714.5 0
11715.5 0
11716.5 0
11717.5 0
11718.5 0
11719.5 0
11720.5 0
11721.5 0
11722.5 0
11723.5 0
11724.5 0
11725.5 0
11726.5 0
11727.5 0
11728.5 0
11729.5 0
11730.5 0
11731.5 0
11732.5 0
11733.5 0
11734.5 0
11735.5 0
11736.5 0
11737.5 0
11738.5 0
11739.5 0
11740.5 0
11741.5 0
11742.5 0
11743.5 0
11744.5 0
11745.5 0
11746.5 0
11747.5 0
11748.5 0
11749.5 0
11750.5 0
11751.5 0
11752.5 0
11753.5 0
11754.5 0
11755.5 0
11756.5 0
11757.5 0
11758.5 0
11759.5 0
11760.5 0
11761.5 0
11762.5 0
11763.5 0
11764.5 0
11765.5 0
11766.5 0
11767.5 0
11768.5 0
11769.5 0
11770.5 0
11771.5 0
11772.5 0
11773.5 0
11774.5 0
11775.5 0
11776.5 0
11777.5 0
11778.5 0
11779.5 0
11780.5 0
11781.5 0
11782.5 -1.5
11783.5 0
11784.5 0
11785.5 0
11786.5 0
11787.5 0
11788.5 0
11789.5 0
11790.5 0
11791.5 0
11792.5 0
11793.5 0
11794.5 0
11795.5 0
11796.5 0
11797.5 0
11798.5 0
11799.5 0
11800.5 0
11801.5 0
11802.5 0
11803.5 0
11804.5 0
11805.5 0
11806.5 0
11807.5 0
11808.5 0
11809.5 0
11810.5 0
11811.5 0
11812.5 0
11813.5 0
11814.5 0
11815.5 0
11816.5 0
11817.5 0
11818.5 0
11819.5 0
11820.5 0
11821.5 0
11822.5 0
11823.5 0
11824.5 0
11825.5 0
11826.5 0
11827.5 0
11828.5 1
11829.5 0
11830.5 0
11831.5 0
11832.5 0
11833.5 0
11834.5 0
11835.5 0
11836.5 0
11837.5 0
11838.5 0
11839.5 0
11840.5 0
11841.5 0
11842.5 0
11843.5 0
11844.5 0
11845.5 0
11846.5 0
11847.5 0
11848.5 0
11849.5 0
11850.5 0
11851.5 0
11852.5 0
11853.5 0
11854.5 0
11855.5 0
11856.5 0
11857.5 0
11858.5 0
11859.5 0
11860.5 0
11861.5 0
11862.5 0
11863.5 0
11864.5 0
11865.5 1
11866.5 0
11867.5 0
11868.5 0
11869.5 0
11870.5 0
11871.5 0
11872.5 0
11873.5 0
11874.5 0
11875.5 0
11876.5 0
11877.5 0
11878.5 0
11879.5 0
11880.5 0
11881.5 0
11882.5 0
11883.5 0
11884.5 0
11885.5 0
11886.5 0
11887.5 0
11888.5 0
11889.5 0
11890.5 0
11891.5 0
11892.5 0
11893.5 0
11894.5 0
11895.5 0
11896.5 0
11897.5 0
11898.5 0
11899.5 0
11900.5 0
11901.5 0
11902.5 0
11903.5 0
11904.5 0
11905.5 0
11906.5 0
11907.5 0
11908.5 0
11909.5 0
11910.5 0
11911.5 0
11912.5 0
11913.5 0
11914.5 0
11915.5 0
11916.5 0
11917.5 0
11918.5 0
11919.5 0
11920.5 0
11921.5 0
11922.5 0
11923.5 0
11924.5 0
11925.5 0
11926.5 0
11927.5 0
11928.5 0
11929.5 0
11930.5 0
11931.5 0
11932.5 0
11933.5 0
11934.5 0
11935.5 0
11936.5 0
11937.5 0
11938.5 0
11939.5 0
11940.5 0
11941.5 0
11942.5 0
11943.5 0
11944.5 0
11945.5 0
11946.5 0
11947.5 0
11948.5 0
11949.5 0
11950.5 0
11951.5 0
11952.5 0
11953.5 0
11954.5 0
11955.5 0
11956.5 0
11957.5 0
11958.5 0
11959.5 0
11960.5 0
11961.5 0
11962.5 0
11963.5 0
11964.5 0
11965.5 0
11966.5 0
11967.5 0
11968.5 0
11969.5 0
11970.5 0
11971.5 0
11972.5 0
11973.5 0
11974.5 0
11975.5 0
11976.5 0
11977.5 0
11978.5 0
11979.5 0
11980.5 0
11981.5 0
11982.5 0
11983.5 0
11984.5 0
11985.5 0
11986.5 0
11987.5 0
11988.5 0
11989.5 0
11990.5 0
11991.5 0
11992.5 0
11993.5 0
11994.5 0
11995.5 0
11996.5 0
11997.5 0
11998.5 0
11999.5 0
