# EGG_ProjY_E2097.0(3.0)_B2080.5(1.5)_B2129.5(1.5)
# X axis : Energy (keV) [Y axis]
# Y axis : Counts/1 keV
# N Bins : 12000
# X Min : 0
# X Max : 12000
# X value at the center of the bins
0.5 0
1.5 0
2.5 0
3.5 0
4.5 0
5.5 19
6.5 -7
7.5 10
8.5 -9
9.5 3
10.5 20
11.5 11
12.5 20
13.5 -6
14.5 30
15.5 16
16.5 23
17.5 62
18.5 58
19.5 93
20.5 85
21.5 167
22.5 133
23.5 175
24.5 140
25.5 249
26.5 237
27.5 228
28.5 281
29.5 311
30.5 283
31.5 385
32.5 302
33.5 339
34.5 494
35.5 393
36.5 463
37.5 418
38.5 498
39.5 472
40.5 422
41.5 480
42.5 421
43.5 300
44.5 447
45.5 611
46.5 476
47.5 470
48.5 556
49.5 654
50.5 444
51.5 494
52.5 515
53.5 715
54.5 530
55.5 580
56.5 667
57.5 709
58.5 802
59.5 891
60.5 696
61.5 571
62.5 496
63.5 422
64.5 544
65.5 444
66.5 589
67.5 589
68.5 454
69.5 523
70.5 471
71.5 635
72.5 512
73.5 716
74.5 1041
75.5 1063
76.5 1090
77.5 1059
78.5 890
79.5 668
80.5 535
81.5 522
82.5 601
83.5 547
84.5 615
85.5 689
86.5 821
87.5 962
88.5 768
89.5 582
90.5 315
91.5 279
92.5 -12
93.5 -48
94.5 370
95.5 344
96.5 477
97.5 598
98.5 754
99.5 743
100.5 592
101.5 677
102.5 689
103.5 663
104.5 786
105.5 674
106.5 659
107.5 555
108.5 769
109.5 625
110.5 539
111.5 698
112.5 670
113.5 656
114.5 727
115.5 629
116.5 744
117.5 542
118.5 617
119.5 651
120.5 994
121.5 1346
122.5 1986
123.5 2656
124.5 3191
125.5 3077
126.5 2882
127.5 2609
128.5 1770
129.5 1378
130.5 897
131.5 830
132.5 688
133.5 734
134.5 812
135.5 660
136.5 671
137.5 438
138.5 56
139.5 -614
140.5 -1208
141.5 -1977
142.5 -1794
143.5 -1329
144.5 -306
145.5 125
146.5 564
147.5 644
148.5 692
149.5 778
150.5 860
151.5 754
152.5 1040
153.5 727
154.5 737
155.5 848
156.5 1012
157.5 900
158.5 700
159.5 584
160.5 882
161.5 892
162.5 776
163.5 803
164.5 709
165.5 677
166.5 862
167.5 718
168.5 618
169.5 563
170.5 619
171.5 718
172.5 1020
173.5 876
174.5 868
175.5 921
176.5 971
177.5 888
178.5 703
179.5 1111
180.5 906
181.5 886
182.5 940
183.5 1015
184.5 1099
185.5 895
186.5 946
187.5 935
188.5 1007
189.5 821
190.5 908
191.5 884
192.5 754
193.5 724
194.5 959
195.5 865
196.5 835
197.5 754
198.5 975
199.5 793
200.5 951
201.5 1034
202.5 754
203.5 1053
204.5 872
205.5 931
206.5 766
207.5 852
208.5 831
209.5 1016
210.5 811
211.5 836
212.5 927
213.5 840
214.5 886
215.5 833
216.5 678
217.5 876
218.5 743
219.5 802
220.5 523
221.5 676
222.5 875
223.5 967
224.5 822
225.5 911
226.5 734
227.5 763
228.5 937
229.5 846
230.5 720
231.5 835
232.5 911
233.5 993
234.5 848
235.5 993
236.5 906
237.5 1104
238.5 1189
239.5 1038
240.5 1012
241.5 839
242.5 1044
243.5 865
244.5 738
245.5 764
246.5 813
247.5 845
248.5 881
249.5 849
250.5 678
251.5 448
252.5 766
253.5 926
254.5 868
255.5 845
256.5 793
257.5 905
258.5 795
259.5 889
260.5 849
261.5 738
262.5 784
263.5 775
264.5 891
265.5 621
266.5 735
267.5 784
268.5 682
269.5 731
270.5 737
271.5 732
272.5 644
273.5 493
274.5 754
275.5 914
276.5 586
277.5 837
278.5 718
279.5 841
280.5 824
281.5 765
282.5 583
283.5 742
284.5 601
285.5 717
286.5 475
287.5 600
288.5 516
289.5 641
290.5 742
291.5 742
292.5 646
293.5 602
294.5 447
295.5 536
296.5 480
297.5 649
298.5 847
299.5 461
300.5 542
301.5 557
302.5 557
303.5 647
304.5 481
305.5 500
306.5 494
307.5 503
308.5 609
309.5 559
310.5 610
311.5 607
312.5 591
313.5 660
314.5 678
315.5 552
316.5 585
317.5 664
318.5 627
319.5 787
320.5 616
321.5 465
322.5 564
323.5 679
324.5 515
325.5 577
326.5 591
327.5 779
328.5 747
329.5 812
330.5 849
331.5 735
332.5 878
333.5 762
334.5 914
335.5 802
336.5 707
337.5 572
338.5 646
339.5 607
340.5 685
341.5 640
342.5 546
343.5 520
344.5 556
345.5 454
346.5 473
347.5 585
348.5 550
349.5 488
350.5 569
351.5 662
352.5 526
353.5 486
354.5 539
355.5 508
356.5 500
357.5 606
358.5 543
359.5 525
360.5 459
361.5 436
362.5 451
363.5 594
364.5 613
365.5 510
366.5 1667
367.5 5922
368.5 8579
369.5 4195
370.5 1167
371.5 609
372.5 557
373.5 620
374.5 917
375.5 900
376.5 748
377.5 580
378.5 551
379.5 317
380.5 424
381.5 392
382.5 451
383.5 411
384.5 408
385.5 275
386.5 161
387.5 143
388.5 128
389.5 99
390.5 225
391.5 155
392.5 468
393.5 430
394.5 445
395.5 343
396.5 399
397.5 394
398.5 365
399.5 445
400.5 417
401.5 453
402.5 611
403.5 519
404.5 497
405.5 456
406.5 525
407.5 460
408.5 494
409.5 560
410.5 493
411.5 466
412.5 461
413.5 457
414.5 627
415.5 371
416.5 494
417.5 604
418.5 670
419.5 804
420.5 818
421.5 830
422.5 781
423.5 691
424.5 628
425.5 547
426.5 358
427.5 520
428.5 495
429.5 612
430.5 563
431.5 501
432.5 542
433.5 431
434.5 249
435.5 290
436.5 260
437.5 144
438.5 158
439.5 255
440.5 308
441.5 441
442.5 391
443.5 491
444.5 358
445.5 311
446.5 254
447.5 276
448.5 225
449.5 445
450.5 409
451.5 359
452.5 288
453.5 473
454.5 520
455.5 463
456.5 287
457.5 411
458.5 369
459.5 410
460.5 336
461.5 405
462.5 563
463.5 312
464.5 393
465.5 324
466.5 294
467.5 350
468.5 279
469.5 265
470.5 353
471.5 412
472.5 321
473.5 324
474.5 487
475.5 442
476.5 361
477.5 416
478.5 576
479.5 506
480.5 523
481.5 367
482.5 332
483.5 405
484.5 542
485.5 267
486.5 206
487.5 287
488.5 276
489.5 334
490.5 211
491.5 260
492.5 490
493.5 446
494.5 360
495.5 347
496.5 437
497.5 328
498.5 331
499.5 331
500.5 219
501.5 478
502.5 363
503.5 212
504.5 414
505.5 433
506.5 501
507.5 963
508.5 1649
509.5 2935
510.5 4395
511.5 3845
512.5 2426
513.5 1290
514.5 579
515.5 486
516.5 394
517.5 431
518.5 553
519.5 547
520.5 441
521.5 487
522.5 453
523.5 384
524.5 336
525.5 300
526.5 278
527.5 256
528.5 232
529.5 278
530.5 169
531.5 226
532.5 212
533.5 243
534.5 159
535.5 132
536.5 264
537.5 255
538.5 255
539.5 190
540.5 261
541.5 241
542.5 331
543.5 349
544.5 281
545.5 328
546.5 273
547.5 386
548.5 313
549.5 238
550.5 248
551.5 370
552.5 271
553.5 308
554.5 290
555.5 -12
556.5 -160
557.5 72
558.5 254
559.5 339
560.5 311
561.5 343
562.5 424
563.5 360
564.5 334
565.5 371
566.5 327
567.5 333
568.5 320
569.5 281
570.5 334
571.5 364
572.5 363
573.5 357
574.5 331
575.5 339
576.5 331
577.5 319
578.5 285
579.5 341
580.5 295
581.5 403
582.5 368
583.5 317
584.5 285
585.5 430
586.5 333
587.5 324
588.5 212
589.5 257
590.5 262
591.5 180
592.5 164
593.5 391
594.5 534
595.5 657
596.5 597
597.5 335
598.5 354
599.5 322
600.5 167
601.5 261
602.5 271
603.5 282
604.5 241
605.5 196
606.5 283
607.5 422
608.5 293
609.5 406
610.5 253
611.5 375
612.5 276
613.5 346
614.5 300
615.5 308
616.5 185
617.5 299
618.5 398
619.5 409
620.5 351
621.5 529
622.5 446
623.5 487
624.5 504
625.5 494
626.5 459
627.5 221
628.5 -136
629.5 24
630.5 305
631.5 339
632.5 358
633.5 318
634.5 401
635.5 201
636.5 82
637.5 -2
638.5 59
639.5 196
640.5 182
641.5 202
642.5 208
643.5 260
644.5 290
645.5 351
646.5 288
647.5 249
648.5 372
649.5 339
650.5 693
651.5 917
652.5 481
653.5 305
654.5 323
655.5 251
656.5 328
657.5 401
658.5 295
659.5 325
660.5 283
661.5 251
662.5 254
663.5 256
664.5 280
665.5 324
666.5 285
667.5 311
668.5 331
669.5 257
670.5 314
671.5 222
672.5 258
673.5 329
674.5 205
675.5 288
676.5 262
677.5 334
678.5 270
679.5 250
680.5 335
681.5 207
682.5 211
683.5 256
684.5 305
685.5 448
686.5 310
687.5 319
688.5 307
689.5 328
690.5 318
691.5 253
692.5 252
693.5 305
694.5 375
695.5 170
696.5 292
697.5 320
698.5 281
699.5 223
700.5 279
701.5 259
702.5 278
703.5 395
704.5 298
705.5 286
706.5 290
707.5 310
708.5 263
709.5 307
710.5 273
711.5 363
712.5 232
713.5 251
714.5 258
715.5 229
716.5 232
717.5 329
718.5 294
719.5 313
720.5 256
721.5 346
722.5 272
723.5 270
724.5 284
725.5 365
726.5 248
727.5 302
728.5 168
729.5 369
730.5 228
731.5 290
732.5 339
733.5 307
734.5 321
735.5 331
736.5 277
737.5 364
738.5 275
739.5 304
740.5 271
741.5 285
742.5 294
743.5 331
744.5 380
745.5 333
746.5 364
747.5 415
748.5 404
749.5 381
750.5 294
751.5 304
752.5 371
753.5 395
754.5 321
755.5 185
756.5 269
757.5 327
758.5 384
759.5 272
760.5 214
761.5 262
762.5 294
763.5 287
764.5 295
765.5 234
766.5 323
767.5 225
768.5 210
769.5 285
770.5 321
771.5 225
772.5 294
773.5 253
774.5 323
775.5 314
776.5 186
777.5 367
778.5 280
779.5 329
780.5 262
781.5 210
782.5 307
783.5 352
784.5 365
785.5 355
786.5 317
787.5 373
788.5 302
789.5 296
790.5 320
791.5 328
792.5 322
793.5 334
794.5 235
795.5 354
796.5 278
797.5 274
798.5 341
799.5 360
800.5 406
801.5 338
802.5 267
803.5 329
804.5 222
805.5 276
806.5 125
807.5 224
808.5 374
809.5 294
810.5 308
811.5 336
812.5 236
813.5 265
814.5 207
815.5 226
816.5 304
817.5 307
818.5 361
819.5 339
820.5 251
821.5 325
822.5 264
823.5 376
824.5 235
825.5 299
826.5 338
827.5 388
828.5 292
829.5 385
830.5 373
831.5 364
832.5 369
833.5 237
834.5 397
835.5 367
836.5 350
837.5 298
838.5 383
839.5 363
840.5 384
841.5 320
842.5 360
843.5 334
844.5 336
845.5 424
846.5 485
847.5 412
848.5 485
849.5 458
850.5 484
851.5 428
852.5 463
853.5 446
854.5 359
855.5 367
856.5 351
857.5 362
858.5 291
859.5 406
860.5 323
861.5 369
862.5 264
863.5 324
864.5 299
865.5 348
866.5 292
867.5 85
868.5 240
869.5 212
870.5 244
871.5 398
872.5 315
873.5 276
874.5 407
875.5 416
876.5 308
877.5 157
878.5 254
879.5 304
880.5 295
881.5 430
882.5 337
883.5 327
884.5 368
885.5 330
886.5 409
887.5 307
888.5 330
889.5 290
890.5 357
891.5 352
892.5 442
893.5 409
894.5 426
895.5 366
896.5 487
897.5 388
898.5 380
899.5 415
900.5 315
901.5 336
902.5 421
903.5 425
904.5 369
905.5 379
906.5 478
907.5 323
908.5 408
909.5 486
910.5 541
911.5 410
912.5 519
913.5 461
914.5 431
915.5 536
916.5 376
917.5 367
918.5 387
919.5 368
920.5 480
921.5 416
922.5 393
923.5 333
924.5 413
925.5 494
926.5 363
927.5 357
928.5 445
929.5 424
930.5 424
931.5 393
932.5 486
933.5 468
934.5 416
935.5 432
936.5 464
937.5 560
938.5 446
939.5 426
940.5 561
941.5 492
942.5 569
943.5 326
944.5 420
945.5 455
946.5 443
947.5 448
948.5 315
949.5 335
950.5 407
951.5 330
952.5 411
953.5 430
954.5 350
955.5 350
956.5 292
957.5 327
958.5 304
959.5 292
960.5 331
961.5 320
962.5 349
963.5 320
964.5 270
965.5 347
966.5 101
967.5 289
968.5 393
969.5 263
970.5 249
971.5 269
972.5 356
973.5 327
974.5 282
975.5 287
976.5 263
977.5 352
978.5 339
979.5 219
980.5 339
981.5 374
982.5 278
983.5 190
984.5 251
985.5 288
986.5 294
987.5 331
988.5 232
989.5 278
990.5 350
991.5 277
992.5 209
993.5 309
994.5 223
995.5 279
996.5 240
997.5 358
998.5 280
999.5 213
1000.5 135
1001.5 93
1002.5 219
1003.5 144
1004.5 152
1005.5 306
1006.5 270
1007.5 281
1008.5 266
1009.5 329
1010.5 251
1011.5 208
1012.5 222
1013.5 147
1014.5 202
1015.5 227
1016.5 280
1017.5 520
1018.5 1049
1019.5 1749
1020.5 1261
1021.5 522
1022.5 457
1023.5 668
1024.5 1068
1025.5 919
1026.5 440
1027.5 196
1028.5 242
1029.5 212
1030.5 211
1031.5 237
1032.5 187
1033.5 198
1034.5 236
1035.5 222
1036.5 232
1037.5 176
1038.5 172
1039.5 237
1040.5 243
1041.5 188
1042.5 144
1043.5 119
1044.5 157
1045.5 197
1046.5 162
1047.5 233
1048.5 156
1049.5 162
1050.5 175
1051.5 228
1052.5 211
1053.5 210
1054.5 193
1055.5 245
1056.5 170
1057.5 291
1058.5 261
1059.5 207
1060.5 237
1061.5 211
1062.5 162
1063.5 198
1064.5 163
1065.5 123
1066.5 160
1067.5 172
1068.5 176
1069.5 138
1070.5 234
1071.5 414
1072.5 1271
1073.5 3041
1074.5 3302
1075.5 1740
1076.5 438
1077.5 233
1078.5 112
1079.5 134
1080.5 189
1081.5 217
1082.5 179
1083.5 172
1084.5 153
1085.5 155
1086.5 174
1087.5 223
1088.5 163
1089.5 155
1090.5 93
1091.5 149
1092.5 148
1093.5 130
1094.5 151
1095.5 137
1096.5 182
1097.5 250
1098.5 181
1099.5 66
1100.5 181
1101.5 143
1102.5 170
1103.5 168
1104.5 151
1105.5 209
1106.5 177
1107.5 197
1108.5 203
1109.5 177
1110.5 210
1111.5 146
1112.5 111
1113.5 170
1114.5 116
1115.5 121
1116.5 178
1117.5 172
1118.5 141
1119.5 156
1120.5 130
1121.5 220
1122.5 334
1123.5 615
1124.5 1866
1125.5 4194
1126.5 4370
1127.5 1895
1128.5 657
1129.5 252
1130.5 61
1131.5 127
1132.5 102
1133.5 163
1134.5 152
1135.5 161
1136.5 128
1137.5 234
1138.5 136
1139.5 92
1140.5 109
1141.5 135
1142.5 141
1143.5 138
1144.5 147
1145.5 125
1146.5 121
1147.5 171
1148.5 155
1149.5 179
1150.5 94
1151.5 196
1152.5 260
1153.5 776
1154.5 3189
1155.5 11045
1156.5 23172
1157.5 23066
1158.5 9531
1159.5 2100
1160.5 460
1161.5 217
1162.5 117
1163.5 104
1164.5 64
1165.5 107
1166.5 81
1167.5 83
1168.5 75
1169.5 109
1170.5 65
1171.5 113
1172.5 83
1173.5 65
1174.5 34
1175.5 78
1176.5 101
1177.5 130
1178.5 41
1179.5 51
1180.5 71
1181.5 -13
1182.5 -47
1183.5 -56
1184.5 -1
1185.5 103
1186.5 53
1187.5 33
1188.5 81
1189.5 104
1190.5 47
1191.5 115
1192.5 104
1193.5 141
1194.5 26
1195.5 68
1196.5 79
1197.5 67
1198.5 102
1199.5 94
1200.5 57
1201.5 72
1202.5 46
1203.5 77
1204.5 107
1205.5 87
1206.5 71
1207.5 99
1208.5 85
1209.5 111
1210.5 116
1211.5 111
1212.5 120
1213.5 341
1214.5 462
1215.5 368
1216.5 169
1217.5 195
1218.5 51
1219.5 101
1220.5 68
1221.5 79
1222.5 133
1223.5 69
1224.5 73
1225.5 49
1226.5 99
1227.5 80
1228.5 94
1229.5 110
1230.5 80
1231.5 99
1232.5 124
1233.5 68
1234.5 131
1235.5 100
1236.5 79
1237.5 95
1238.5 48
1239.5 20
1240.5 70
1241.5 88
1242.5 93
1243.5 78
1244.5 112
1245.5 65
1246.5 89
1247.5 94
1248.5 83
1249.5 107
1250.5 73
1251.5 82
1252.5 114
1253.5 58
1254.5 79
1255.5 124
1256.5 87
1257.5 75
1258.5 64
1259.5 90
1260.5 96
1261.5 150
1262.5 90
1263.5 87
1264.5 98
1265.5 88
1266.5 80
1267.5 135
1268.5 84
1269.5 87
1270.5 65
1271.5 114
1272.5 88
1273.5 120
1274.5 119
1275.5 50
1276.5 87
1277.5 50
1278.5 79
1279.5 96
1280.5 68
1281.5 72
1282.5 83
1283.5 85
1284.5 93
1285.5 48
1286.5 74
1287.5 72
1288.5 112
1289.5 112
1290.5 72
1291.5 139
1292.5 132
1293.5 78
1294.5 93
1295.5 57
1296.5 64
1297.5 64
1298.5 58
1299.5 63
1300.5 73
1301.5 70
1302.5 17
1303.5 101
1304.5 104
1305.5 116
1306.5 64
1307.5 33
1308.5 -72
1309.5 -96
1310.5 -44
1311.5 65
1312.5 91
1313.5 82
1314.5 80
1315.5 59
1316.5 82
1317.5 54
1318.5 25
1319.5 70
1320.5 68
1321.5 43
1322.5 44
1323.5 46
1324.5 91
1325.5 57
1326.5 63
1327.5 118
1328.5 65
1329.5 126
1330.5 77
1331.5 125
1332.5 74
1333.5 100
1334.5 56
1335.5 81
1336.5 59
1337.5 81
1338.5 70
1339.5 72
1340.5 13
1341.5 61
1342.5 94
1343.5 42
1344.5 56
1345.5 55
1346.5 128
1347.5 62
1348.5 75
1349.5 97
1350.5 92
1351.5 98
1352.5 66
1353.5 28
1354.5 6
1355.5 92
1356.5 107
1357.5 58
1358.5 92
1359.5 53
1360.5 51
1361.5 100
1362.5 92
1363.5 59
1364.5 87
1365.5 32
1366.5 75
1367.5 64
1368.5 30
1369.5 55
1370.5 51
1371.5 70
1372.5 74
1373.5 46
1374.5 37
1375.5 82
1376.5 89
1377.5 97
1378.5 41
1379.5 69
1380.5 60
1381.5 10
1382.5 79
1383.5 81
1384.5 98
1385.5 78
1386.5 49
1387.5 49
1388.5 73
1389.5 106
1390.5 108
1391.5 67
1392.5 78
1393.5 49
1394.5 82
1395.5 65
1396.5 78
1397.5 82
1398.5 111
1399.5 76
1400.5 45
1401.5 70
1402.5 33
1403.5 63
1404.5 84
1405.5 109
1406.5 124
1407.5 131
1408.5 72
1409.5 71
1410.5 58
1411.5 40
1412.5 98
1413.5 72
1414.5 84
1415.5 74
1416.5 67
1417.5 83
1418.5 106
1419.5 48
1420.5 -25
1421.5 94
1422.5 48
1423.5 29
1424.5 103
1425.5 48
1426.5 72
1427.5 86
1428.5 172
1429.5 37
1430.5 65
1431.5 64
1432.5 75
1433.5 123
1434.5 50
1435.5 64
1436.5 87
1437.5 95
1438.5 5
1439.5 97
1440.5 42
1441.5 47
1442.5 108
1443.5 110
1444.5 65
1445.5 97
1446.5 79
1447.5 46
1448.5 100
1449.5 30
1450.5 68
1451.5 50
1452.5 44
1453.5 65
1454.5 75
1455.5 77
1456.5 90
1457.5 57
1458.5 78
1459.5 82
1460.5 49
1461.5 108
1462.5 128
1463.5 115
1464.5 53
1465.5 61
1466.5 92
1467.5 110
1468.5 36
1469.5 91
1470.5 64
1471.5 50
1472.5 115
1473.5 58
1474.5 77
1475.5 59
1476.5 27
1477.5 60
1478.5 64
1479.5 71
1480.5 78
1481.5 46
1482.5 56
1483.5 68
1484.5 49
1485.5 97
1486.5 28
1487.5 94
1488.5 50
1489.5 112
1490.5 87
1491.5 35
1492.5 102
1493.5 82
1494.5 148
1495.5 196
1496.5 340
1497.5 587
1498.5 1134
1499.5 1688
1500.5 1081
1501.5 432
1502.5 192
1503.5 110
1504.5 97
1505.5 90
1506.5 76
1507.5 49
1508.5 94
1509.5 32
1510.5 61
1511.5 54
1512.5 34
1513.5 49
1514.5 80
1515.5 29
1516.5 41
1517.5 82
1518.5 53
1519.5 59
1520.5 68
1521.5 103
1522.5 84
1523.5 96
1524.5 71
1525.5 98
1526.5 80
1527.5 42
1528.5 58
1529.5 57
1530.5 120
1531.5 66
1532.5 76
1533.5 54
1534.5 115
1535.5 77
1536.5 94
1537.5 96
1538.5 72
1539.5 95
1540.5 30
1541.5 67
1542.5 28
1543.5 120
1544.5 77
1545.5 44
1546.5 62
1547.5 85
1548.5 64
1549.5 55
1550.5 78
1551.5 86
1552.5 79
1553.5 74
1554.5 43
1555.5 85
1556.5 90
1557.5 44
1558.5 28
1559.5 55
1560.5 69
1561.5 66
1562.5 59
1563.5 111
1564.5 74
1565.5 71
1566.5 89
1567.5 100
1568.5 83
1569.5 98
1570.5 59
1571.5 83
1572.5 74
1573.5 43
1574.5 77
1575.5 65
1576.5 64
1577.5 38
1578.5 77
1579.5 21
1580.5 45
1581.5 67
1582.5 53
1583.5 53
1584.5 87
1585.5 56
1586.5 23
1587.5 99
1588.5 83
1589.5 23
1590.5 55
1591.5 44
1592.5 115
1593.5 56
1594.5 30
1595.5 70
1596.5 39
1597.5 54
1598.5 71
1599.5 84
1600.5 76
1601.5 79
1602.5 73
1603.5 81
1604.5 75
1605.5 56
1606.5 42
1607.5 82
1608.5 76
1609.5 81
1610.5 89
1611.5 57
1612.5 4
1613.5 71
1614.5 95
1615.5 86
1616.5 102
1617.5 33
1618.5 82
1619.5 54
1620.5 6
1621.5 55
1622.5 109
1623.5 118
1624.5 72
1625.5 124
1626.5 59
1627.5 71
1628.5 50
1629.5 56
1630.5 63
1631.5 105
1632.5 105
1633.5 101
1634.5 138
1635.5 89
1636.5 80
1637.5 83
1638.5 99
1639.5 93
1640.5 63
1641.5 73
1642.5 61
1643.5 118
1644.5 80
1645.5 47
1646.5 29
1647.5 76
1648.5 106
1649.5 70
1650.5 32
1651.5 66
1652.5 98
1653.5 81
1654.5 103
1655.5 32
1656.5 29
1657.5 83
1658.5 150
1659.5 17
1660.5 56
1661.5 73
1662.5 64
1663.5 56
1664.5 93
1665.5 69
1666.5 69
1667.5 85
1668.5 19
1669.5 46
1670.5 66
1671.5 111
1672.5 49
1673.5 122
1674.5 103
1675.5 50
1676.5 84
1677.5 26
1678.5 35
1679.5 18
1680.5 73
1681.5 56
1682.5 88
1683.5 85
1684.5 43
1685.5 83
1686.5 55
1687.5 78
1688.5 85
1689.5 38
1690.5 73
1691.5 105
1692.5 26
1693.5 82
1694.5 40
1695.5 58
1696.5 49
1697.5 68
1698.5 72
1699.5 75
1700.5 90
1701.5 53
1702.5 80
1703.5 81
1704.5 58
1705.5 87
1706.5 38
1707.5 43
1708.5 84
1709.5 78
1710.5 58
1711.5 63
1712.5 80
1713.5 72
1714.5 64
1715.5 120
1716.5 71
1717.5 55
1718.5 34
1719.5 72
1720.5 68
1721.5 64
1722.5 79
1723.5 73
1724.5 59
1725.5 68
1726.5 75
1727.5 113
1728.5 61
1729.5 64
1730.5 8
1731.5 76
1732.5 87
1733.5 59
1734.5 105
1735.5 89
1736.5 69
1737.5 51
1738.5 105
1739.5 69
1740.5 90
1741.5 57
1742.5 61
1743.5 40
1744.5 73
1745.5 121
1746.5 99
1747.5 36
1748.5 94
1749.5 97
1750.5 67
1751.5 117
1752.5 39
1753.5 134
1754.5 54
1755.5 106
1756.5 77
1757.5 55
1758.5 55
1759.5 74
1760.5 103
1761.5 62
1762.5 81
1763.5 55
1764.5 106
1765.5 101
1766.5 72
1767.5 43
1768.5 81
1769.5 103
1770.5 116
1771.5 146
1772.5 135
1773.5 90
1774.5 69
1775.5 71
1776.5 81
1777.5 68
1778.5 40
1779.5 64
1780.5 126
1781.5 78
1782.5 90
1783.5 37
1784.5 41
1785.5 51
1786.5 32
1787.5 131
1788.5 52
1789.5 92
1790.5 58
1791.5 70
1792.5 45
1793.5 73
1794.5 47
1795.5 83
1796.5 67
1797.5 66
1798.5 59
1799.5 83
1800.5 63
1801.5 52
1802.5 103
1803.5 77
1804.5 83
1805.5 87
1806.5 127
1807.5 26
1808.5 89
1809.5 88
1810.5 126
1811.5 69
1812.5 109
1813.5 103
1814.5 91
1815.5 60
1816.5 104
1817.5 107
1818.5 105
1819.5 132
1820.5 109
1821.5 100
1822.5 89
1823.5 103
1824.5 86
1825.5 66
1826.5 84
1827.5 69
1828.5 105
1829.5 97
1830.5 87
1831.5 75
1832.5 76
1833.5 112
1834.5 130
1835.5 112
1836.5 47
1837.5 62
1838.5 106
1839.5 85
1840.5 82
1841.5 62
1842.5 53
1843.5 94
1844.5 86
1845.5 94
1846.5 80
1847.5 77
1848.5 93
1849.5 45
1850.5 69
1851.5 89
1852.5 109
1853.5 36
1854.5 101
1855.5 59
1856.5 90
1857.5 64
1858.5 136
1859.5 115
1860.5 112
1861.5 122
1862.5 130
1863.5 95
1864.5 92
1865.5 133
1866.5 118
1867.5 115
1868.5 95
1869.5 56
1870.5 127
1871.5 139
1872.5 129
1873.5 73
1874.5 107
1875.5 75
1876.5 102
1877.5 124
1878.5 84
1879.5 104
1880.5 86
1881.5 81
1882.5 108
1883.5 69
1884.5 85
1885.5 102
1886.5 -14
1887.5 -9
1888.5 84
1889.5 88
1890.5 64
1891.5 84
1892.5 67
1893.5 73
1894.5 90
1895.5 91
1896.5 110
1897.5 108
1898.5 103
1899.5 84
1900.5 105
1901.5 78
1902.5 110
1903.5 102
1904.5 112
1905.5 89
1906.5 64
1907.5 83
1908.5 95
1909.5 50
1910.5 79
1911.5 68
1912.5 69
1913.5 111
1914.5 48
1915.5 79
1916.5 81
1917.5 103
1918.5 89
1919.5 109
1920.5 96
1921.5 53
1922.5 68
1923.5 83
1924.5 101
1925.5 123
1926.5 58
1927.5 51
1928.5 77
1929.5 73
1930.5 62
1931.5 47
1932.5 91
1933.5 75
1934.5 93
1935.5 68
1936.5 82
1937.5 81
1938.5 99
1939.5 62
1940.5 80
1941.5 120
1942.5 123
1943.5 117
1944.5 135
1945.5 69
1946.5 92
1947.5 71
1948.5 73
1949.5 102
1950.5 74
1951.5 78
1952.5 25
1953.5 75
1954.5 48
1955.5 36
1956.5 83
1957.5 73
1958.5 69
1959.5 76
1960.5 100
1961.5 101
1962.5 80
1963.5 76
1964.5 107
1965.5 99
1966.5 93
1967.5 86
1968.5 71
1969.5 81
1970.5 67
1971.5 51
1972.5 78
1973.5 79
1974.5 95
1975.5 103
1976.5 77
1977.5 100
1978.5 105
1979.5 15
1980.5 87
1981.5 101
1982.5 83
1983.5 8
1984.5 74
1985.5 105
1986.5 53
1987.5 89
1988.5 88
1989.5 62
1990.5 63
1991.5 84
1992.5 120
1993.5 149
1994.5 103
1995.5 69
1996.5 100
1997.5 83
1998.5 92
1999.5 71
2000.5 114
2001.5 106
2002.5 80
2003.5 113
2004.5 108
2005.5 219
2006.5 382
2007.5 390
2008.5 406
2009.5 286
2010.5 143
2011.5 110
2012.5 114
2013.5 69
2014.5 94
2015.5 91
2016.5 78
2017.5 110
2018.5 32
2019.5 53
2020.5 95
2021.5 114
2022.5 110
2023.5 80
2024.5 124
2025.5 130
2026.5 76
2027.5 101
2028.5 76
2029.5 94
2030.5 93
2031.5 50
2032.5 72
2033.5 85
2034.5 133
2035.5 97
2036.5 30
2037.5 65
2038.5 109
2039.5 71
2040.5 74
2041.5 55
2042.5 36
2043.5 53
2044.5 70
2045.5 50
2046.5 90
2047.5 89
2048.5 107
2049.5 132
2050.5 130
2051.5 104
2052.5 114
2053.5 40
2054.5 69
2055.5 79
2056.5 12
2057.5 92
2058.5 76
2059.5 85
2060.5 60
2061.5 74
2062.5 82
2063.5 76
2064.5 63
2065.5 58
2066.5 85
2067.5 58
2068.5 63
2069.5 97
2070.5 73
2071.5 82
2072.5 70
2073.5 108
2074.5 70
2075.5 64
2076.5 54
2077.5 73
2078.5 75
2079.5 52
2080.5 114
2081.5 107
2082.5 62
2083.5 98
2084.5 68
2085.5 56
2086.5 58
2087.5 74
2088.5 126
2089.5 96
2090.5 108
2091.5 68
2092.5 95
2093.5 54
2094.5 78
2095.5 53
2096.5 93
2097.5 58
2098.5 33
2099.5 75
2100.5 87
2101.5 81
2102.5 64
2103.5 96
2104.5 108
2105.5 135
2106.5 106
2107.5 91
2108.5 148
2109.5 123
2110.5 113
2111.5 82
2112.5 103
2113.5 130
2114.5 116
2115.5 74
2116.5 111
2117.5 40
2118.5 118
2119.5 58
2120.5 41
2121.5 54
2122.5 73
2123.5 78
2124.5 86
2125.5 47
2126.5 79
2127.5 43
2128.5 88
2129.5 88
2130.5 137
2131.5 66
2132.5 80
2133.5 64
2134.5 86
2135.5 80
2136.5 102
2137.5 107
2138.5 180
2139.5 111
2140.5 127
2141.5 144
2142.5 141
2143.5 195
2144.5 205
2145.5 116
2146.5 122
2147.5 295
2148.5 521
2149.5 1163
2150.5 1543
2151.5 1066
2152.5 439
2153.5 155
2154.5 119
2155.5 124
2156.5 67
2157.5 126
2158.5 106
2159.5 105
2160.5 107
2161.5 109
2162.5 100
2163.5 81
2164.5 96
2165.5 93
2166.5 95
2167.5 81
2168.5 115
2169.5 88
2170.5 46
2171.5 91
2172.5 108
2173.5 80
2174.5 80
2175.5 83
2176.5 112
2177.5 131
2178.5 109
2179.5 150
2180.5 73
2181.5 81
2182.5 98
2183.5 84
2184.5 76
2185.5 110
2186.5 68
2187.5 63
2188.5 104
2189.5 64
2190.5 90
2191.5 71
2192.5 58
2193.5 78
2194.5 81
2195.5 103
2196.5 102
2197.5 186
2198.5 286
2199.5 431
2200.5 420
2201.5 224
2202.5 89
2203.5 31
2204.5 95
2205.5 78
2206.5 125
2207.5 93
2208.5 89
2209.5 101
2210.5 73
2211.5 87
2212.5 92
2213.5 91
2214.5 118
2215.5 105
2216.5 23
2217.5 92
2218.5 113
2219.5 98
2220.5 112
2221.5 76
2222.5 160
2223.5 126
2224.5 119
2225.5 80
2226.5 104
2227.5 94
2228.5 75
2229.5 85
2230.5 136
2231.5 77
2232.5 51
2233.5 91
2234.5 101
2235.5 36
2236.5 86
2237.5 127
2238.5 155
2239.5 64
2240.5 150
2241.5 137
2242.5 106
2243.5 105
2244.5 117
2245.5 161
2246.5 135
2247.5 101
2248.5 109
2249.5 120
2250.5 83
2251.5 75
2252.5 81
2253.5 84
2254.5 109
2255.5 133
2256.5 113
2257.5 109
2258.5 96
2259.5 131
2260.5 105
2261.5 111
2262.5 116
2263.5 75
2264.5 99
2265.5 138
2266.5 108
2267.5 116
2268.5 97
2269.5 158
2270.5 135
2271.5 93
2272.5 144
2273.5 138
2274.5 116
2275.5 117
2276.5 106
2277.5 81
2278.5 144
2279.5 145
2280.5 162
2281.5 165
2282.5 184
2283.5 161
2284.5 116
2285.5 122
2286.5 106
2287.5 115
2288.5 81
2289.5 81
2290.5 96
2291.5 107
2292.5 96
2293.5 71
2294.5 69
2295.5 110
2296.5 67
2297.5 104
2298.5 87
2299.5 91
2300.5 89
2301.5 70
2302.5 42
2303.5 101
2304.5 112
2305.5 94
2306.5 110
2307.5 55
2308.5 102
2309.5 114
2310.5 66
2311.5 109
2312.5 87
2313.5 128
2314.5 111
2315.5 55
2316.5 83
2317.5 111
2318.5 89
2319.5 105
2320.5 121
2321.5 73
2322.5 64
2323.5 100
2324.5 75
2325.5 108
2326.5 64
2327.5 60
2328.5 97
2329.5 116
2330.5 93
2331.5 132
2332.5 97
2333.5 84
2334.5 91
2335.5 66
2336.5 82
2337.5 94
2338.5 95
2339.5 68
2340.5 77
2341.5 101
2342.5 67
2343.5 106
2344.5 51
2345.5 85
2346.5 76
2347.5 65
2348.5 61
2349.5 62
2350.5 25
2351.5 82
2352.5 46
2353.5 41
2354.5 69
2355.5 52
2356.5 56
2357.5 65
2358.5 55
2359.5 95
2360.5 103
2361.5 66
2362.5 37
2363.5 104
2364.5 52
2365.5 40
2366.5 100
2367.5 76
2368.5 88
2369.5 95
2370.5 39
2371.5 59
2372.5 61
2373.5 72
2374.5 66
2375.5 23
2376.5 72
2377.5 68
2378.5 59
2379.5 54
2380.5 104
2381.5 48
2382.5 55
2383.5 80
2384.5 99
2385.5 93
2386.5 68
2387.5 119
2388.5 77
2389.5 44
2390.5 40
2391.5 85
2392.5 68
2393.5 71
2394.5 56
2395.5 49
2396.5 47
2397.5 81
2398.5 87
2399.5 74
2400.5 42
2401.5 62
2402.5 57
2403.5 58
2404.5 46
2405.5 78
2406.5 111
2407.5 30
2408.5 90
2409.5 49
2410.5 20
2411.5 65
2412.5 81
2413.5 48
2414.5 109
2415.5 64
2416.5 75
2417.5 115
2418.5 48
2419.5 90
2420.5 83
2421.5 42
2422.5 35
2423.5 1
2424.5 53
2425.5 69
2426.5 44
2427.5 57
2428.5 50
2429.5 76
2430.5 16
2431.5 60
2432.5 57
2433.5 72
2434.5 55
2435.5 22
2436.5 31
2437.5 49
2438.5 31
2439.5 19
2440.5 61
2441.5 52
2442.5 66
2443.5 36
2444.5 47
2445.5 41
2446.5 51
2447.5 46
2448.5 38
2449.5 56
2450.5 52
2451.5 37
2452.5 45
2453.5 43
2454.5 61
2455.5 48
2456.5 70
2457.5 47
2458.5 49
2459.5 63
2460.5 33
2461.5 33
2462.5 56
2463.5 54
2464.5 48
2465.5 21
2466.5 10
2467.5 49
2468.5 35
2469.5 55
2470.5 35
2471.5 39
2472.5 78
2473.5 51
2474.5 6
2475.5 46
2476.5 47
2477.5 82
2478.5 31
2479.5 21
2480.5 72
2481.5 24
2482.5 36
2483.5 61
2484.5 45
2485.5 39
2486.5 47
2487.5 27
2488.5 51
2489.5 61
2490.5 45
2491.5 47
2492.5 71
2493.5 26
2494.5 56
2495.5 87
2496.5 66
2497.5 49
2498.5 48
2499.5 37
2500.5 38
2501.5 10
2502.5 64
2503.5 -7
2504.5 69
2505.5 75
2506.5 48
2507.5 65
2508.5 51
2509.5 43
2510.5 48
2511.5 87
2512.5 37
2513.5 112
2514.5 239
2515.5 702
2516.5 1784
2517.5 3772
2518.5 6098
2519.5 6486
2520.5 4089
2521.5 1612
2522.5 518
2523.5 150
2524.5 74
2525.5 50
2526.5 -10
2527.5 34
2528.5 9
2529.5 50
2530.5 53
2531.5 39
2532.5 25
2533.5 10
2534.5 24
2535.5 55
2536.5 40
2537.5 8
2538.5 45
2539.5 37
2540.5 22
2541.5 19
2542.5 -3
2543.5 41
2544.5 15
2545.5 31
2546.5 21
2547.5 50
2548.5 23
2549.5 20
2550.5 12
2551.5 33
2552.5 7
2553.5 47
2554.5 17
2555.5 16
2556.5 20
2557.5 16
2558.5 22
2559.5 22
2560.5 42
2561.5 33
2562.5 26
2563.5 45
2564.5 30
2565.5 32
2566.5 39
2567.5 23
2568.5 22
2569.5 60
2570.5 -10
2571.5 24
2572.5 17
2573.5 42
2574.5 19
2575.5 13
2576.5 20
2577.5 29
2578.5 53
2579.5 20
2580.5 9
2581.5 6
2582.5 12
2583.5 25
2584.5 25
2585.5 14
2586.5 58
2587.5 36
2588.5 3
2589.5 -6
2590.5 41
2591.5 34
2592.5 39
2593.5 25
2594.5 9
2595.5 18
2596.5 31
2597.5 62
2598.5 1
2599.5 45
2600.5 32
2601.5 5
2602.5 23
2603.5 -6
2604.5 30
2605.5 -20
2606.5 19
2607.5 15
2608.5 22
2609.5 18
2610.5 26
2611.5 38
2612.5 40
2613.5 35
2614.5 11
2615.5 13
2616.5 26
2617.5 45
2618.5 34
2619.5 79
2620.5 54
2621.5 50
2622.5 17
2623.5 27
2624.5 40
2625.5 40
2626.5 30
2627.5 -1
2628.5 34
2629.5 32
2630.5 -6
2631.5 44
2632.5 10
2633.5 59
2634.5 -8
2635.5 -18
2636.5 39
2637.5 7
2638.5 -4
2639.5 -3
2640.5 27
2641.5 0
2642.5 0
2643.5 30
2644.5 43
2645.5 -11
2646.5 5
2647.5 28
2648.5 29
2649.5 11
2650.5 25
2651.5 -14
2652.5 -24
2653.5 31
2654.5 5
2655.5 19
2656.5 60
2657.5 93
2658.5 52
2659.5 42
2660.5 18
2661.5 14
2662.5 32
2663.5 14
2664.5 12
2665.5 -37
2666.5 6
2667.5 -5
2668.5 13
2669.5 44
2670.5 36
2671.5 23
2672.5 43
2673.5 -24
2674.5 26
2675.5 20
2676.5 39
2677.5 31
2678.5 24
2679.5 26
2680.5 -1
2681.5 20
2682.5 -3
2683.5 17
2684.5 50
2685.5 19
2686.5 36
2687.5 -3
2688.5 18
2689.5 -3
2690.5 45
2691.5 28
2692.5 25
2693.5 42
2694.5 16
2695.5 39
2696.5 19
2697.5 -10
2698.5 41
2699.5 31
2700.5 8
2701.5 28
2702.5 52
2703.5 54
2704.5 10
2705.5 25
2706.5 26
2707.5 1
2708.5 11
2709.5 14
2710.5 7
2711.5 -1
2712.5 18
2713.5 20
2714.5 52
2715.5 28
2716.5 29
2717.5 -7
2718.5 24
2719.5 32
2720.5 34
2721.5 66
2722.5 51
2723.5 68
2724.5 17
2725.5 64
2726.5 11
2727.5 15
2728.5 21
2729.5 52
2730.5 31
2731.5 38
2732.5 27
2733.5 -30
2734.5 37
2735.5 42
2736.5 17
2737.5 13
2738.5 43
2739.5 34
2740.5 15
2741.5 6
2742.5 -2
2743.5 51
2744.5 21
2745.5 34
2746.5 20
2747.5 46
2748.5 1
2749.5 14
2750.5 21
2751.5 47
2752.5 58
2753.5 -5
2754.5 48
2755.5 25
2756.5 45
2757.5 16
2758.5 28
2759.5 16
2760.5 -6
2761.5 39
2762.5 3
2763.5 -11
2764.5 25
2765.5 34
2766.5 24
2767.5 8
2768.5 36
2769.5 13
2770.5 13
2771.5 26
2772.5 9
2773.5 20
2774.5 0
2775.5 34
2776.5 21
2777.5 15
2778.5 21
2779.5 32
2780.5 34
2781.5 55
2782.5 8
2783.5 45
2784.5 -3
2785.5 54
2786.5 56
2787.5 35
2788.5 37
2789.5 28
2790.5 -13
2791.5 22
2792.5 10
2793.5 3
2794.5 26
2795.5 48
2796.5 14
2797.5 15
2798.5 28
2799.5 2
2800.5 13
2801.5 28
2802.5 41
2803.5 22
2804.5 28
2805.5 34
2806.5 43
2807.5 62
2808.5 14
2809.5 12
2810.5 34
2811.5 16
2812.5 6
2813.5 18
2814.5 36
2815.5 69
2816.5 13
2817.5 43
2818.5 27
2819.5 29
2820.5 35
2821.5 31
2822.5 62
2823.5 20
2824.5 -2
2825.5 49
2826.5 51
2827.5 28
2828.5 16
2829.5 35
2830.5 33
2831.5 28
2832.5 22
2833.5 19
2834.5 32
2835.5 27
2836.5 17
2837.5 -1
2838.5 20
2839.5 37
2840.5 5
2841.5 38
2842.5 42
2843.5 56
2844.5 66
2845.5 141
2846.5 129
2847.5 143
2848.5 100
2849.5 62
2850.5 55
2851.5 27
2852.5 15
2853.5 2
2854.5 -6
2855.5 15
2856.5 49
2857.5 5
2858.5 16
2859.5 14
2860.5 25
2861.5 24
2862.5 43
2863.5 20
2864.5 35
2865.5 33
2866.5 -17
2867.5 38
2868.5 6
2869.5 28
2870.5 12
2871.5 23
2872.5 27
2873.5 -3
2874.5 18
2875.5 17
2876.5 47
2877.5 31
2878.5 19
2879.5 -4
2880.5 10
2881.5 47
2882.5 19
2883.5 11
2884.5 32
2885.5 29
2886.5 6
2887.5 -7
2888.5 15
2889.5 21
2890.5 21
2891.5 37
2892.5 16
2893.5 10
2894.5 79
2895.5 25
2896.5 50
2897.5 1
2898.5 -13
2899.5 14
2900.5 26
2901.5 -6
2902.5 23
2903.5 -7
2904.5 45
2905.5 37
2906.5 28
2907.5 2
2908.5 21
2909.5 29
2910.5 20
2911.5 40
2912.5 42
2913.5 23
2914.5 34
2915.5 22
2916.5 22
2917.5 30
2918.5 2
2919.5 9
2920.5 25
2921.5 45
2922.5 15
2923.5 9
2924.5 31
2925.5 25
2926.5 24
2927.5 14
2928.5 4
2929.5 50
2930.5 19
2931.5 46
2932.5 53
2933.5 28
2934.5 31
2935.5 5
2936.5 27
2937.5 16
2938.5 28
2939.5 63
2940.5 20
2941.5 32
2942.5 45
2943.5 -3
2944.5 24
2945.5 29
2946.5 13
2947.5 35
2948.5 18
2949.5 4
2950.5 15
2951.5 26
2952.5 0
2953.5 -4
2954.5 42
2955.5 30
2956.5 26
2957.5 3
2958.5 21
2959.5 16
2960.5 3
2961.5 33
2962.5 19
2963.5 43
2964.5 49
2965.5 36
2966.5 16
2967.5 48
2968.5 10
2969.5 31
2970.5 16
2971.5 2
2972.5 16
2973.5 10
2974.5 17
2975.5 31
2976.5 34
2977.5 26
2978.5 -12
2979.5 -29
2980.5 17
2981.5 0
2982.5 20
2983.5 22
2984.5 0
2985.5 49
2986.5 11
2987.5 3
2988.5 40
2989.5 25
2990.5 38
2991.5 31
2992.5 21
2993.5 42
2994.5 41
2995.5 25
2996.5 32
2997.5 13
2998.5 38
2999.5 57
3000.5 23
3001.5 25
3002.5 9
3003.5 -25
3004.5 21
3005.5 18
3006.5 17
3007.5 -15
3008.5 39
3009.5 15
3010.5 -7
3011.5 17
3012.5 36
3013.5 42
3014.5 29
3015.5 48
3016.5 32
3017.5 29
3018.5 -4
3019.5 43
3020.5 46
3021.5 45
3022.5 13
3023.5 19
3024.5 14
3025.5 -1
3026.5 39
3027.5 27
3028.5 35
3029.5 38
3030.5 28
3031.5 48
3032.5 10
3033.5 27
3034.5 23
3035.5 12
3036.5 -1
3037.5 8
3038.5 -28
3039.5 24
3040.5 20
3041.5 33
3042.5 43
3043.5 46
3044.5 23
3045.5 2
3046.5 28
3047.5 20
3048.5 -9
3049.5 18
3050.5 -21
3051.5 -43
3052.5 3
3053.5 7
3054.5 -3
3055.5 33
3056.5 51
3057.5 31
3058.5 2
3059.5 24
3060.5 64
3061.5 21
3062.5 36
3063.5 37
3064.5 43
3065.5 -8
3066.5 -14
3067.5 6
3068.5 26
3069.5 0
3070.5 19
3071.5 6
3072.5 8
3073.5 -19
3074.5 23
3075.5 12
3076.5 16
3077.5 -11
3078.5 50
3079.5 12
3080.5 13
3081.5 31
3082.5 25
3083.5 22
3084.5 9
3085.5 31
3086.5 65
3087.5 25
3088.5 6
3089.5 14
3090.5 35
3091.5 37
3092.5 9
3093.5 10
3094.5 35
3095.5 42
3096.5 40
3097.5 32
3098.5 23
3099.5 28
3100.5 20
3101.5 25
3102.5 18
3103.5 35
3104.5 10
3105.5 24
3106.5 9
3107.5 8
3108.5 21
3109.5 38
3110.5 27
3111.5 30
3112.5 43
3113.5 39
3114.5 12
3115.5 1
3116.5 13
3117.5 5
3118.5 4
3119.5 8
3120.5 28
3121.5 25
3122.5 19
3123.5 26
3124.5 15
3125.5 16
3126.5 26
3127.5 32
3128.5 31
3129.5 30
3130.5 -4
3131.5 9
3132.5 25
3133.5 35
3134.5 11
3135.5 15
3136.5 0
3137.5 25
3138.5 25
3139.5 34
3140.5 37
3141.5 28
3142.5 19
3143.5 9
3144.5 -1
3145.5 38
3146.5 25
3147.5 18
3148.5 13
3149.5 4
3150.5 20
3151.5 23
3152.5 18
3153.5 7
3154.5 39
3155.5 16
3156.5 17
3157.5 46
3158.5 11
3159.5 25
3160.5 20
3161.5 25
3162.5 18
3163.5 30
3164.5 41
3165.5 -9
3166.5 34
3167.5 33
3168.5 10
3169.5 30
3170.5 52
3171.5 -10
3172.5 21
3173.5 36
3174.5 8
3175.5 7
3176.5 -5
3177.5 43
3178.5 22
3179.5 28
3180.5 50
3181.5 43
3182.5 21
3183.5 71
3184.5 34
3185.5 26
3186.5 22
3187.5 21
3188.5 53
3189.5 48
3190.5 10
3191.5 20
3192.5 47
3193.5 18
3194.5 5
3195.5 3
3196.5 3
3197.5 16
3198.5 21
3199.5 10
3200.5 4
3201.5 24
3202.5 10
3203.5 -8
3204.5 13
3205.5 53
3206.5 29
3207.5 14
3208.5 21
3209.5 13
3210.5 14
3211.5 32
3212.5 24
3213.5 22
3214.5 -3
3215.5 36
3216.5 22
3217.5 22
3218.5 11
3219.5 36
3220.5 45
3221.5 20
3222.5 25
3223.5 19
3224.5 76
3225.5 15
3226.5 30
3227.5 41
3228.5 27
3229.5 53
3230.5 21
3231.5 48
3232.5 30
3233.5 58
3234.5 39
3235.5 45
3236.5 49
3237.5 50
3238.5 26
3239.5 24
3240.5 1
3241.5 31
3242.5 53
3243.5 -9
3244.5 1
3245.5 21
3246.5 -5
3247.5 13
3248.5 -2
3249.5 18
3250.5 22
3251.5 46
3252.5 23
3253.5 24
3254.5 30
3255.5 27
3256.5 18
3257.5 55
3258.5 37
3259.5 46
3260.5 47
3261.5 38
3262.5 58
3263.5 30
3264.5 20
3265.5 34
3266.5 32
3267.5 -2
3268.5 21
3269.5 -5
3270.5 9
3271.5 30
3272.5 5
3273.5 6
3274.5 49
3275.5 28
3276.5 30
3277.5 36
3278.5 44
3279.5 16
3280.5 29
3281.5 54
3282.5 53
3283.5 20
3284.5 8
3285.5 41
3286.5 36
3287.5 5
3288.5 31
3289.5 39
3290.5 10
3291.5 48
3292.5 31
3293.5 -1
3294.5 32
3295.5 35
3296.5 42
3297.5 47
3298.5 59
3299.5 59
3300.5 50
3301.5 62
3302.5 64
3303.5 19
3304.5 52
3305.5 24
3306.5 25
3307.5 22
3308.5 24
3309.5 32
3310.5 13
3311.5 29
3312.5 -1
3313.5 50
3314.5 16
3315.5 33
3316.5 51
3317.5 24
3318.5 57
3319.5 30
3320.5 31
3321.5 -16
3322.5 42
3323.5 37
3324.5 22
3325.5 24
3326.5 40
3327.5 21
3328.5 6
3329.5 16
3330.5 39
3331.5 23
3332.5 52
3333.5 21
3334.5 41
3335.5 20
3336.5 21
3337.5 29
3338.5 35
3339.5 11
3340.5 11
3341.5 50
3342.5 17
3343.5 7
3344.5 16
3345.5 33
3346.5 13
3347.5 18
3348.5 24
3349.5 10
3350.5 32
3351.5 33
3352.5 32
3353.5 64
3354.5 -6
3355.5 6
3356.5 11
3357.5 50
3358.5 23
3359.5 8
3360.5 48
3361.5 35
3362.5 6
3363.5 12
3364.5 10
3365.5 37
3366.5 11
3367.5 25
3368.5 9
3369.5 12
3370.5 33
3371.5 18
3372.5 39
3373.5 27
3374.5 31
3375.5 8
3376.5 43
3377.5 35
3378.5 27
3379.5 57
3380.5 24
3381.5 38
3382.5 35
3383.5 47
3384.5 12
3385.5 19
3386.5 5
3387.5 33
3388.5 35
3389.5 56
3390.5 63
3391.5 40
3392.5 56
3393.5 23
3394.5 44
3395.5 31
3396.5 35
3397.5 44
3398.5 31
3399.5 22
3400.5 25
3401.5 8
3402.5 57
3403.5 4
3404.5 34
3405.5 29
3406.5 23
3407.5 0
3408.5 0
3409.5 39
3410.5 29
3411.5 16
3412.5 23
3413.5 6
3414.5 16
3415.5 9
3416.5 13
3417.5 44
3418.5 27
3419.5 43
3420.5 31
3421.5 34
3422.5 22
3423.5 27
3424.5 21
3425.5 14
3426.5 45
3427.5 26
3428.5 27
3429.5 71
3430.5 15
3431.5 6
3432.5 28
3433.5 -7
3434.5 53
3435.5 28
3436.5 53
3437.5 6
3438.5 18
3439.5 36
3440.5 46
3441.5 20
3442.5 0
3443.5 44
3444.5 10
3445.5 21
3446.5 28
3447.5 4
3448.5 37
3449.5 -11
3450.5 67
3451.5 0
3452.5 3
3453.5 43
3454.5 15
3455.5 22
3456.5 -9
3457.5 18
3458.5 10
3459.5 19
3460.5 29
3461.5 51
3462.5 18
3463.5 28
3464.5 10
3465.5 30
3466.5 10
3467.5 10
3468.5 22
3469.5 24
3470.5 45
3471.5 9
3472.5 0
3473.5 39
3474.5 10
3475.5 19
3476.5 16
3477.5 27
3478.5 9
3479.5 55
3480.5 15
3481.5 31
3482.5 24
3483.5 42
3484.5 25
3485.5 35
3486.5 10
3487.5 37
3488.5 45
3489.5 10
3490.5 11
3491.5 32
3492.5 57
3493.5 45
3494.5 34
3495.5 34
3496.5 42
3497.5 22
3498.5 39
3499.5 31
3500.5 28
3501.5 31
3502.5 27
3503.5 30
3504.5 9
3505.5 46
3506.5 14
3507.5 -5
3508.5 5
3509.5 11
3510.5 46
3511.5 52
3512.5 42
3513.5 47
3514.5 69
3515.5 33
3516.5 50
3517.5 14
3518.5 47
3519.5 22
3520.5 39
3521.5 24
3522.5 13
3523.5 -5
3524.5 16
3525.5 10
3526.5 51
3527.5 53
3528.5 9
3529.5 39
3530.5 71
3531.5 82
3532.5 53
3533.5 80
3534.5 26
3535.5 33
3536.5 42
3537.5 19
3538.5 36
3539.5 24
3540.5 24
3541.5 21
3542.5 -6
3543.5 20
3544.5 5
3545.5 25
3546.5 42
3547.5 10
3548.5 -17
3549.5 47
3550.5 30
3551.5 6
3552.5 28
3553.5 14
3554.5 35
3555.5 24
3556.5 39
3557.5 23
3558.5 21
3559.5 27
3560.5 26
3561.5 17
3562.5 26
3563.5 25
3564.5 30
3565.5 9
3566.5 27
3567.5 27
3568.5 6
3569.5 32
3570.5 32
3571.5 9
3572.5 36
3573.5 34
3574.5 51
3575.5 65
3576.5 35
3577.5 32
3578.5 22
3579.5 18
3580.5 28
3581.5 19
3582.5 44
3583.5 55
3584.5 41
3585.5 37
3586.5 32
3587.5 31
3588.5 18
3589.5 7
3590.5 11
3591.5 11
3592.5 18
3593.5 34
3594.5 14
3595.5 16
3596.5 43
3597.5 11
3598.5 45
3599.5 36
3600.5 17
3601.5 38
3602.5 19
3603.5 22
3604.5 13
3605.5 15
3606.5 15
3607.5 41
3608.5 25
3609.5 12
3610.5 24
3611.5 32
3612.5 57
3613.5 46
3614.5 45
3615.5 33
3616.5 -4
3617.5 34
3618.5 55
3619.5 77
3620.5 89
3621.5 91
3622.5 101
3623.5 64
3624.5 82
3625.5 63
3626.5 50
3627.5 3
3628.5 43
3629.5 64
3630.5 48
3631.5 45
3632.5 32
3633.5 8
3634.5 29
3635.5 10
3636.5 52
3637.5 12
3638.5 34
3639.5 20
3640.5 10
3641.5 29
3642.5 24
3643.5 18
3644.5 29
3645.5 13
3646.5 55
3647.5 18
3648.5 57
3649.5 27
3650.5 19
3651.5 18
3652.5 25
3653.5 6
3654.5 22
3655.5 18
3656.5 55
3657.5 19
3658.5 -5
3659.5 5
3660.5 1
3661.5 18
3662.5 15
3663.5 19
3664.5 10
3665.5 14
3666.5 17
3667.5 48
3668.5 28
3669.5 49
3670.5 24
3671.5 41
3672.5 53
3673.5 24
3674.5 41
3675.5 50
3676.5 6
3677.5 33
3678.5 26
3679.5 33
3680.5 26
3681.5 29
3682.5 37
3683.5 5
3684.5 30
3685.5 31
3686.5 1
3687.5 8
3688.5 23
3689.5 15
3690.5 25
3691.5 14
3692.5 13
3693.5 18
3694.5 21
3695.5 19
3696.5 11
3697.5 14
3698.5 0
3699.5 19
3700.5 18
3701.5 38
3702.5 23
3703.5 31
3704.5 16
3705.5 15
3706.5 3
3707.5 24
3708.5 21
3709.5 31
3710.5 9
3711.5 13
3712.5 4
3713.5 -5
3714.5 -17
3715.5 32
3716.5 3
3717.5 5
3718.5 -1
3719.5 37
3720.5 51
3721.5 64
3722.5 38
3723.5 5
3724.5 29
3725.5 56
3726.5 36
3727.5 47
3728.5 49
3729.5 37
3730.5 29
3731.5 30
3732.5 25
3733.5 20
3734.5 43
3735.5 33
3736.5 48
3737.5 26
3738.5 29
3739.5 27
3740.5 9
3741.5 18
3742.5 59
3743.5 50
3744.5 69
3745.5 95
3746.5 58
3747.5 20
3748.5 32
3749.5 32
3750.5 38
3751.5 4
3752.5 34
3753.5 19
3754.5 19
3755.5 41
3756.5 8
3757.5 20
3758.5 7
3759.5 -7
3760.5 10
3761.5 -9
3762.5 21
3763.5 3
3764.5 10
3765.5 20
3766.5 14
3767.5 18
3768.5 23
3769.5 21
3770.5 16
3771.5 20
3772.5 17
3773.5 69
3774.5 -26
3775.5 4
3776.5 31
3777.5 12
3778.5 18
3779.5 -5
3780.5 2
3781.5 25
3782.5 13
3783.5 18
3784.5 10
3785.5 30
3786.5 37
3787.5 23
3788.5 6
3789.5 47
3790.5 24
3791.5 -10
3792.5 -6
3793.5 15
3794.5 23
3795.5 8
3796.5 26
3797.5 22
3798.5 36
3799.5 25
3800.5 18
3801.5 29
3802.5 34
3803.5 38
3804.5 45
3805.5 46
3806.5 39
3807.5 49
3808.5 17
3809.5 49
3810.5 17
3811.5 16
3812.5 24
3813.5 26
3814.5 15
3815.5 34
3816.5 12
3817.5 11
3818.5 22
3819.5 45
3820.5 26
3821.5 24
3822.5 41
3823.5 19
3824.5 43
3825.5 34
3826.5 21
3827.5 20
3828.5 10
3829.5 3
3830.5 40
3831.5 9
3832.5 35
3833.5 16
3834.5 13
3835.5 -4
3836.5 8
3837.5 17
3838.5 27
3839.5 43
3840.5 15
3841.5 10
3842.5 11
3843.5 42
3844.5 5
3845.5 34
3846.5 25
3847.5 10
3848.5 27
3849.5 31
3850.5 21
3851.5 23
3852.5 29
3853.5 18
3854.5 23
3855.5 16
3856.5 10
3857.5 15
3858.5 8
3859.5 25
3860.5 3
3861.5 36
3862.5 18
3863.5 7
3864.5 39
3865.5 28
3866.5 18
3867.5 1
3868.5 18
3869.5 9
3870.5 26
3871.5 -3
3872.5 38
3873.5 27
3874.5 25
3875.5 28
3876.5 17
3877.5 32
3878.5 16
3879.5 24
3880.5 14
3881.5 32
3882.5 6
3883.5 27
3884.5 39
3885.5 8
3886.5 8
3887.5 11
3888.5 34
3889.5 -6
3890.5 0
3891.5 54
3892.5 25
3893.5 3
3894.5 18
3895.5 11
3896.5 31
3897.5 27
3898.5 56
3899.5 85
3900.5 106
3901.5 130
3902.5 199
3903.5 163
3904.5 149
3905.5 101
3906.5 45
3907.5 51
3908.5 44
3909.5 48
3910.5 46
3911.5 4
3912.5 38
3913.5 14
3914.5 13
3915.5 38
3916.5 12
3917.5 28
3918.5 36
3919.5 38
3920.5 32
3921.5 12
3922.5 30
3923.5 35
3924.5 22
3925.5 22
3926.5 11
3927.5 16
3928.5 23
3929.5 38
3930.5 28
3931.5 14
3932.5 30
3933.5 19
3934.5 28
3935.5 13
3936.5 31
3937.5 22
3938.5 23
3939.5 32
3940.5 34
3941.5 39
3942.5 25
3943.5 51
3944.5 31
3945.5 41
3946.5 7
3947.5 16
3948.5 45
3949.5 5
3950.5 28
3951.5 7
3952.5 22
3953.5 17
3954.5 9
3955.5 -11
3956.5 -29
3957.5 8
3958.5 12
3959.5 36
3960.5 15
3961.5 16
3962.5 37
3963.5 12
3964.5 12
3965.5 25
3966.5 36
3967.5 31
3968.5 32
3969.5 23
3970.5 27
3971.5 101
3972.5 86
3973.5 83
3974.5 44
3975.5 25
3976.5 29
3977.5 9
3978.5 21
3979.5 -14
3980.5 -5
3981.5 -1
3982.5 26
3983.5 24
3984.5 11
3985.5 9
3986.5 19
3987.5 6
3988.5 32
3989.5 24
3990.5 44
3991.5 -1
3992.5 1
3993.5 43
3994.5 1
3995.5 14
3996.5 21
3997.5 13
3998.5 14
3999.5 25
4000.5 41
4001.5 37
4002.5 26
4003.5 30
4004.5 22
4005.5 6
4006.5 22
4007.5 27
4008.5 44
4009.5 38
4010.5 28
4011.5 21
4012.5 30
4013.5 3
4014.5 24
4015.5 16
4016.5 13
4017.5 27
4018.5 35
4019.5 1
4020.5 19
4021.5 16
4022.5 20
4023.5 36
4024.5 40
4025.5 54
4026.5 33
4027.5 39
4028.5 24
4029.5 29
4030.5 9
4031.5 19
4032.5 24
4033.5 18
4034.5 40
4035.5 20
4036.5 11
4037.5 18
4038.5 24
4039.5 -2
4040.5 43
4041.5 20
4042.5 -2
4043.5 27
4044.5 25
4045.5 32
4046.5 21
4047.5 16
4048.5 24
4049.5 53
4050.5 38
4051.5 21
4052.5 28
4053.5 18
4054.5 -3
4055.5 21
4056.5 7
4057.5 17
4058.5 21
4059.5 26
4060.5 20
4061.5 29
4062.5 37
4063.5 -7
4064.5 11
4065.5 -4
4066.5 0
4067.5 26
4068.5 31
4069.5 23
4070.5 7
4071.5 28
4072.5 22
4073.5 27
4074.5 26
4075.5 12
4076.5 15
4077.5 18
4078.5 13
4079.5 18
4080.5 0
4081.5 7
4082.5 32
4083.5 36
4084.5 3
4085.5 23
4086.5 7
4087.5 25
4088.5 30
4089.5 -1
4090.5 24
4091.5 12
4092.5 20
4093.5 39
4094.5 28
4095.5 6
4096.5 -8
4097.5 18
4098.5 32
4099.5 22
4100.5 15
4101.5 46
4102.5 13
4103.5 24
4104.5 19
4105.5 8
4106.5 41
4107.5 11
4108.5 5
4109.5 19
4110.5 27
4111.5 18
4112.5 11
4113.5 48
4114.5 6
4115.5 18
4116.5 9
4117.5 33
4118.5 17
4119.5 17
4120.5 13
4121.5 10
4122.5 28
4123.5 17
4124.5 35
4125.5 11
4126.5 35
4127.5 27
4128.5 13
4129.5 22
4130.5 48
4131.5 21
4132.5 60
4133.5 74
4134.5 45
4135.5 64
4136.5 18
4137.5 31
4138.5 33
4139.5 20
4140.5 37
4141.5 -3
4142.5 9
4143.5 33
4144.5 23
4145.5 20
4146.5 2
4147.5 7
4148.5 26
4149.5 40
4150.5 43
4151.5 44
4152.5 0
4153.5 11
4154.5 40
4155.5 31
4156.5 29
4157.5 17
4158.5 17
4159.5 36
4160.5 32
4161.5 9
4162.5 40
4163.5 33
4164.5 24
4165.5 0
4166.5 -14
4167.5 5
4168.5 16
4169.5 13
4170.5 40
4171.5 19
4172.5 21
4173.5 38
4174.5 14
4175.5 9
4176.5 36
4177.5 -5
4178.5 22
4179.5 23
4180.5 32
4181.5 1
4182.5 36
4183.5 -8
4184.5 25
4185.5 28
4186.5 26
4187.5 30
4188.5 12
4189.5 25
4190.5 13
4191.5 24
4192.5 24
4193.5 25
4194.5 11
4195.5 9
4196.5 3
4197.5 9
4198.5 13
4199.5 18
4200.5 20
4201.5 34
4202.5 29
4203.5 42
4204.5 42
4205.5 27
4206.5 25
4207.5 42
4208.5 37
4209.5 26
4210.5 28
4211.5 16
4212.5 21
4213.5 26
4214.5 38
4215.5 12
4216.5 -12
4217.5 46
4218.5 -7
4219.5 11
4220.5 30
4221.5 16
4222.5 32
4223.5 36
4224.5 15
4225.5 24
4226.5 13
4227.5 18
4228.5 21
4229.5 44
4230.5 24
4231.5 52
4232.5 15
4233.5 12
4234.5 25
4235.5 11
4236.5 12
4237.5 26
4238.5 23
4239.5 39
4240.5 5
4241.5 16
4242.5 30
4243.5 36
4244.5 20
4245.5 24
4246.5 39
4247.5 12
4248.5 30
4249.5 11
4250.5 24
4251.5 23
4252.5 23
4253.5 16
4254.5 18
4255.5 30
4256.5 17
4257.5 22
4258.5 50
4259.5 17
4260.5 20
4261.5 26
4262.5 20
4263.5 23
4264.5 61
4265.5 36
4266.5 37
4267.5 26
4268.5 34
4269.5 20
4270.5 33
4271.5 39
4272.5 41
4273.5 27
4274.5 26
4275.5 22
4276.5 12
4277.5 4
4278.5 35
4279.5 28
4280.5 35
4281.5 34
4282.5 32
4283.5 41
4284.5 9
4285.5 11
4286.5 31
4287.5 21
4288.5 23
4289.5 34
4290.5 26
4291.5 13
4292.5 15
4293.5 29
4294.5 16
4295.5 30
4296.5 8
4297.5 36
4298.5 14
4299.5 24
4300.5 21
4301.5 35
4302.5 38
4303.5 19
4304.5 16
4305.5 12
4306.5 36
4307.5 8
4308.5 40
4309.5 31
4310.5 27
4311.5 49
4312.5 11
4313.5 4
4314.5 2
4315.5 20
4316.5 6
4317.5 10
4318.5 34
4319.5 39
4320.5 36
4321.5 36
4322.5 26
4323.5 32
4324.5 35
4325.5 34
4326.5 43
4327.5 17
4328.5 65
4329.5 91
4330.5 175
4331.5 238
4332.5 321
4333.5 344
4334.5 211
4335.5 117
4336.5 61
4337.5 33
4338.5 21
4339.5 20
4340.5 43
4341.5 14
4342.5 9
4343.5 26
4344.5 24
4345.5 24
4346.5 42
4347.5 42
4348.5 37
4349.5 28
4350.5 29
4351.5 36
4352.5 41
4353.5 20
4354.5 21
4355.5 30
4356.5 2
4357.5 44
4358.5 21
4359.5 24
4360.5 13
4361.5 22
4362.5 41
4363.5 56
4364.5 41
4365.5 35
4366.5 31
4367.5 23
4368.5 22
4369.5 52
4370.5 41
4371.5 15
4372.5 46
4373.5 27
4374.5 37
4375.5 13
4376.5 26
4377.5 29
4378.5 30
4379.5 19
4380.5 72
4381.5 35
4382.5 66
4383.5 57
4384.5 50
4385.5 29
4386.5 12
4387.5 51
4388.5 42
4389.5 26
4390.5 34
4391.5 52
4392.5 25
4393.5 33
4394.5 24
4395.5 27
4396.5 32
4397.5 45
4398.5 57
4399.5 36
4400.5 17
4401.5 42
4402.5 41
4403.5 25
4404.5 7
4405.5 13
4406.5 20
4407.5 37
4408.5 32
4409.5 19
4410.5 25
4411.5 30
4412.5 39
4413.5 22
4414.5 43
4415.5 42
4416.5 30
4417.5 34
4418.5 18
4419.5 12
4420.5 18
4421.5 46
4422.5 33
4423.5 13
4424.5 21
4425.5 43
4426.5 18
4427.5 19
4428.5 32
4429.5 36
4430.5 15
4431.5 61
4432.5 46
4433.5 21
4434.5 43
4435.5 38
4436.5 15
4437.5 24
4438.5 44
4439.5 17
4440.5 31
4441.5 42
4442.5 40
4443.5 37
4444.5 19
4445.5 45
4446.5 33
4447.5 38
4448.5 46
4449.5 54
4450.5 38
4451.5 60
4452.5 74
4453.5 57
4454.5 62
4455.5 40
4456.5 114
4457.5 176
4458.5 98
4459.5 98
4460.5 64
4461.5 47
4462.5 14
4463.5 11
4464.5 41
4465.5 25
4466.5 36
4467.5 26
4468.5 29
4469.5 23
4470.5 13
4471.5 62
4472.5 33
4473.5 20
4474.5 55
4475.5 22
4476.5 36
4477.5 31
4478.5 42
4479.5 26
4480.5 42
4481.5 16
4482.5 31
4483.5 36
4484.5 53
4485.5 22
4486.5 21
4487.5 27
4488.5 18
4489.5 17
4490.5 38
4491.5 27
4492.5 31
4493.5 31
4494.5 34
4495.5 22
4496.5 41
4497.5 22
4498.5 26
4499.5 20
4500.5 28
4501.5 26
4502.5 60
4503.5 28
4504.5 43
4505.5 25
4506.5 67
4507.5 81
4508.5 19
4509.5 40
4510.5 66
4511.5 46
4512.5 44
4513.5 27
4514.5 45
4515.5 64
4516.5 32
4517.5 55
4518.5 41
4519.5 29
4520.5 28
4521.5 33
4522.5 59
4523.5 46
4524.5 35
4525.5 42
4526.5 45
4527.5 37
4528.5 28
4529.5 39
4530.5 38
4531.5 18
4532.5 14
4533.5 33
4534.5 28
4535.5 33
4536.5 48
4537.5 34
4538.5 36
4539.5 17
4540.5 35
4541.5 28
4542.5 33
4543.5 46
4544.5 13
4545.5 69
4546.5 39
4547.5 62
4548.5 55
4549.5 11
4550.5 35
4551.5 39
4552.5 44
4553.5 45
4554.5 2
4555.5 52
4556.5 32
4557.5 38
4558.5 71
4559.5 35
4560.5 55
4561.5 29
4562.5 33
4563.5 30
4564.5 10
4565.5 8
4566.5 33
4567.5 13
4568.5 44
4569.5 23
4570.5 42
4571.5 52
4572.5 55
4573.5 56
4574.5 10
4575.5 32
4576.5 47
4577.5 22
4578.5 38
4579.5 34
4580.5 47
4581.5 60
4582.5 18
4583.5 45
4584.5 39
4585.5 40
4586.5 30
4587.5 37
4588.5 44
4589.5 32
4590.5 44
4591.5 61
4592.5 34
4593.5 47
4594.5 19
4595.5 50
4596.5 43
4597.5 16
4598.5 29
4599.5 43
4600.5 22
4601.5 34
4602.5 47
4603.5 58
4604.5 18
4605.5 49
4606.5 38
4607.5 30
4608.5 42
4609.5 41
4610.5 29
4611.5 57
4612.5 50
4613.5 33
4614.5 42
4615.5 51
4616.5 62
4617.5 27
4618.5 33
4619.5 43
4620.5 33
4621.5 39
4622.5 40
4623.5 7
4624.5 21
4625.5 56
4626.5 2
4627.5 25
4628.5 52
4629.5 47
4630.5 57
4631.5 47
4632.5 23
4633.5 56
4634.5 48
4635.5 48
4636.5 41
4637.5 49
4638.5 34
4639.5 53
4640.5 55
4641.5 29
4642.5 56
4643.5 40
4644.5 39
4645.5 70
4646.5 63
4647.5 51
4648.5 84
4649.5 89
4650.5 91
4651.5 83
4652.5 69
4653.5 62
4654.5 56
4655.5 51
4656.5 44
4657.5 52
4658.5 50
4659.5 63
4660.5 60
4661.5 38
4662.5 46
4663.5 77
4664.5 57
4665.5 50
4666.5 76
4667.5 37
4668.5 56
4669.5 53
4670.5 35
4671.5 38
4672.5 50
4673.5 33
4674.5 50
4675.5 42
4676.5 45
4677.5 39
4678.5 66
4679.5 54
4680.5 50
4681.5 50
4682.5 34
4683.5 39
4684.5 28
4685.5 29
4686.5 30
4687.5 37
4688.5 52
4689.5 55
4690.5 31
4691.5 63
4692.5 37
4693.5 21
4694.5 30
4695.5 19
4696.5 46
4697.5 47
4698.5 41
4699.5 48
4700.5 47
4701.5 57
4702.5 53
4703.5 54
4704.5 58
4705.5 48
4706.5 38
4707.5 28
4708.5 46
4709.5 38
4710.5 47
4711.5 45
4712.5 38
4713.5 41
4714.5 37
4715.5 47
4716.5 56
4717.5 48
4718.5 52
4719.5 41
4720.5 59
4721.5 50
4722.5 42
4723.5 10
4724.5 45
4725.5 41
4726.5 43
4727.5 43
4728.5 51
4729.5 46
4730.5 21
4731.5 36
4732.5 34
4733.5 70
4734.5 38
4735.5 48
4736.5 36
4737.5 46
4738.5 37
4739.5 46
4740.5 46
4741.5 46
4742.5 25
4743.5 23
4744.5 45
4745.5 44
4746.5 63
4747.5 32
4748.5 33
4749.5 48
4750.5 36
4751.5 33
4752.5 35
4753.5 59
4754.5 41
4755.5 48
4756.5 37
4757.5 38
4758.5 52
4759.5 36
4760.5 28
4761.5 39
4762.5 37
4763.5 45
4764.5 20
4765.5 46
4766.5 44
4767.5 50
4768.5 21
4769.5 31
4770.5 28
4771.5 33
4772.5 28
4773.5 36
4774.5 49
4775.5 42
4776.5 36
4777.5 39
4778.5 40
4779.5 39
4780.5 32
4781.5 53
4782.5 44
4783.5 45
4784.5 24
4785.5 25
4786.5 58
4787.5 56
4788.5 41
4789.5 31
4790.5 37
4791.5 34
4792.5 33
4793.5 52
4794.5 33
4795.5 35
4796.5 35
4797.5 27
4798.5 22
4799.5 26
4800.5 50
4801.5 27
4802.5 38
4803.5 50
4804.5 46
4805.5 32
4806.5 3
4807.5 25
4808.5 53
4809.5 28
4810.5 16
4811.5 27
4812.5 34
4813.5 13
4814.5 49
4815.5 57
4816.5 54
4817.5 51
4818.5 51
4819.5 33
4820.5 17
4821.5 50
4822.5 38
4823.5 33
4824.5 19
4825.5 33
4826.5 51
4827.5 50
4828.5 33
4829.5 46
4830.5 42
4831.5 42
4832.5 32
4833.5 40
4834.5 48
4835.5 78
4836.5 106
4837.5 132
4838.5 146
4839.5 270
4840.5 404
4841.5 654
4842.5 775
4843.5 1007
4844.5 886
4845.5 668
4846.5 378
4847.5 195
4848.5 95
4849.5 68
4850.5 54
4851.5 69
4852.5 71
4853.5 49
4854.5 46
4855.5 55
4856.5 50
4857.5 67
4858.5 48
4859.5 51
4860.5 33
4861.5 44
4862.5 38
4863.5 85
4864.5 55
4865.5 62
4866.5 41
4867.5 55
4868.5 37
4869.5 41
4870.5 60
4871.5 58
4872.5 68
4873.5 48
4874.5 67
4875.5 45
4876.5 36
4877.5 26
4878.5 50
4879.5 42
4880.5 20
4881.5 37
4882.5 52
4883.5 43
4884.5 41
4885.5 56
4886.5 23
4887.5 77
4888.5 36
4889.5 43
4890.5 51
4891.5 42
4892.5 38
4893.5 65
4894.5 51
4895.5 51
4896.5 38
4897.5 52
4898.5 31
4899.5 48
4900.5 58
4901.5 23
4902.5 23
4903.5 54
4904.5 66
4905.5 68
4906.5 29
4907.5 59
4908.5 53
4909.5 39
4910.5 63
4911.5 23
4912.5 45
4913.5 34
4914.5 47
4915.5 73
4916.5 69
4917.5 51
4918.5 54
4919.5 33
4920.5 71
4921.5 47
4922.5 62
4923.5 42
4924.5 41
4925.5 44
4926.5 44
4927.5 35
4928.5 20
4929.5 28
4930.5 53
4931.5 67
4932.5 54
4933.5 50
4934.5 50
4935.5 55
4936.5 51
4937.5 32
4938.5 48
4939.5 35
4940.5 50
4941.5 32
4942.5 30
4943.5 24
4944.5 52
4945.5 36
4946.5 59
4947.5 40
4948.5 52
4949.5 51
4950.5 29
4951.5 64
4952.5 60
4953.5 52
4954.5 73
4955.5 38
4956.5 47
4957.5 63
4958.5 33
4959.5 44
4960.5 44
4961.5 49
4962.5 52
4963.5 45
4964.5 66
4965.5 35
4966.5 49
4967.5 33
4968.5 64
4969.5 43
4970.5 54
4971.5 53
4972.5 70
4973.5 37
4974.5 69
4975.5 28
4976.5 32
4977.5 38
4978.5 60
4979.5 49
4980.5 40
4981.5 48
4982.5 42
4983.5 19
4984.5 47
4985.5 77
4986.5 19
4987.5 43
4988.5 49
4989.5 49
4990.5 77
4991.5 56
4992.5 57
4993.5 36
4994.5 68
4995.5 29
4996.5 44
4997.5 39
4998.5 42
4999.5 56
5000.5 50
5001.5 39
5002.5 51
5003.5 38
5004.5 50
5005.5 73
5006.5 63
5007.5 48
5008.5 46
5009.5 51
5010.5 52
5011.5 44
5012.5 53
5013.5 63
5014.5 58
5015.5 68
5016.5 53
5017.5 48
5018.5 89
5019.5 41
5020.5 71
5021.5 53
5022.5 73
5023.5 73
5024.5 58
5025.5 62
5026.5 57
5027.5 59
5028.5 50
5029.5 62
5030.5 29
5031.5 73
5032.5 40
5033.5 76
5034.5 58
5035.5 21
5036.5 51
5037.5 6
5038.5 51
5039.5 54
5040.5 34
5041.5 36
5042.5 68
5043.5 25
5044.5 20
5045.5 62
5046.5 41
5047.5 50
5048.5 61
5049.5 56
5050.5 52
5051.5 46
5052.5 49
5053.5 45
5054.5 40
5055.5 64
5056.5 55
5057.5 59
5058.5 73
5059.5 68
5060.5 53
5061.5 87
5062.5 58
5063.5 44
5064.5 50
5065.5 55
5066.5 48
5067.5 59
5068.5 61
5069.5 52
5070.5 56
5071.5 67
5072.5 74
5073.5 45
5074.5 54
5075.5 50
5076.5 60
5077.5 54
5078.5 57
5079.5 47
5080.5 51
5081.5 67
5082.5 64
5083.5 53
5084.5 55
5085.5 64
5086.5 47
5087.5 48
5088.5 77
5089.5 51
5090.5 85
5091.5 49
5092.5 49
5093.5 74
5094.5 77
5095.5 61
5096.5 77
5097.5 79
5098.5 82
5099.5 51
5100.5 64
5101.5 60
5102.5 72
5103.5 78
5104.5 33
5105.5 65
5106.5 68
5107.5 75
5108.5 59
5109.5 67
5110.5 56
5111.5 49
5112.5 68
5113.5 59
5114.5 67
5115.5 64
5116.5 61
5117.5 54
5118.5 46
5119.5 59
5120.5 44
5121.5 37
5122.5 41
5123.5 51
5124.5 24
5125.5 50
5126.5 48
5127.5 47
5128.5 50
5129.5 53
5130.5 29
5131.5 39
5132.5 25
5133.5 45
5134.5 38
5135.5 21
5136.5 38
5137.5 51
5138.5 35
5139.5 51
5140.5 42
5141.5 51
5142.5 34
5143.5 43
5144.5 51
5145.5 59
5146.5 54
5147.5 43
5148.5 59
5149.5 36
5150.5 59
5151.5 75
5152.5 44
5153.5 45
5154.5 64
5155.5 70
5156.5 73
5157.5 100
5158.5 106
5159.5 162
5160.5 169
5161.5 161
5162.5 131
5163.5 99
5164.5 76
5165.5 66
5166.5 45
5167.5 65
5168.5 51
5169.5 40
5170.5 57
5171.5 52
5172.5 49
5173.5 48
5174.5 47
5175.5 43
5176.5 20
5177.5 60
5178.5 59
5179.5 65
5180.5 56
5181.5 32
5182.5 45
5183.5 35
5184.5 71
5185.5 41
5186.5 54
5187.5 46
5188.5 49
5189.5 54
5190.5 46
5191.5 53
5192.5 49
5193.5 34
5194.5 63
5195.5 33
5196.5 39
5197.5 19
5198.5 67
5199.5 59
5200.5 50
5201.5 41
5202.5 43
5203.5 43
5204.5 54
5205.5 66
5206.5 73
5207.5 48
5208.5 38
5209.5 46
5210.5 34
5211.5 62
5212.5 27
5213.5 44
5214.5 44
5215.5 35
5216.5 44
5217.5 50
5218.5 50
5219.5 52
5220.5 37
5221.5 33
5222.5 21
5223.5 47
5224.5 28
5225.5 22
5226.5 61
5227.5 61
5228.5 33
5229.5 31
5230.5 39
5231.5 52
5232.5 25
5233.5 39
5234.5 29
5235.5 52
5236.5 37
5237.5 25
5238.5 26
5239.5 20
5240.5 37
5241.5 41
5242.5 34
5243.5 28
5244.5 36
5245.5 30
5246.5 31
5247.5 33
5248.5 30
5249.5 27
5250.5 44
5251.5 43
5252.5 23
5253.5 26
5254.5 19
5255.5 31
5256.5 48
5257.5 30
5258.5 0
5259.5 32
5260.5 31
5261.5 22
5262.5 34
5263.5 31
5264.5 51
5265.5 18
5266.5 28
5267.5 21
5268.5 35
5269.5 26
5270.5 31
5271.5 17
5272.5 20
5273.5 21
5274.5 25
5275.5 30
5276.5 34
5277.5 25
5278.5 8
5279.5 15
5280.5 20
5281.5 22
5282.5 16
5283.5 32
5284.5 9
5285.5 26
5286.5 4
5287.5 11
5288.5 21
5289.5 11
5290.5 22
5291.5 19
5292.5 38
5293.5 23
5294.5 17
5295.5 38
5296.5 32
5297.5 21
5298.5 34
5299.5 29
5300.5 16
5301.5 34
5302.5 25
5303.5 30
5304.5 25
5305.5 15
5306.5 8
5307.5 26
5308.5 10
5309.5 23
5310.5 40
5311.5 32
5312.5 21
5313.5 32
5314.5 46
5315.5 28
5316.5 41
5317.5 29
5318.5 17
5319.5 32
5320.5 31
5321.5 13
5322.5 30
5323.5 36
5324.5 19
5325.5 24
5326.5 13
5327.5 19
5328.5 0
5329.5 1
5330.5 37
5331.5 19
5332.5 34
5333.5 25
5334.5 9
5335.5 14
5336.5 21
5337.5 17
5338.5 19
5339.5 14
5340.5 34
5341.5 31
5342.5 31
5343.5 30
5344.5 37
5345.5 40
5346.5 64
5347.5 113
5348.5 218
5349.5 330
5350.5 563
5351.5 977
5352.5 1435
5353.5 1974
5354.5 2507
5355.5 2608
5356.5 2212
5357.5 1330
5358.5 665
5359.5 287
5360.5 131
5361.5 88
5362.5 33
5363.5 37
5364.5 31
5365.5 30
5366.5 14
5367.5 23
5368.5 2
5369.5 0
5370.5 2
5371.5 16
5372.5 0
5373.5 5
5374.5 -2
5375.5 15
5376.5 13
5377.5 10
5378.5 4
5379.5 12
5380.5 16
5381.5 -4
5382.5 19
5383.5 11
5384.5 9
5385.5 15
5386.5 27
5387.5 10
5388.5 3
5389.5 -6
5390.5 3
5391.5 27
5392.5 16
5393.5 -14
5394.5 -14
5395.5 14
5396.5 -9
5397.5 22
5398.5 6
5399.5 -10
5400.5 10
5401.5 23
5402.5 -7
5403.5 -12
5404.5 14
5405.5 19
5406.5 5
5407.5 6
5408.5 19
5409.5 1
5410.5 -16
5411.5 8
5412.5 7
5413.5 5
5414.5 9
5415.5 14
5416.5 18
5417.5 3
5418.5 7
5419.5 22
5420.5 -2
5421.5 3
5422.5 9
5423.5 5
5424.5 3
5425.5 14
5426.5 -5
5427.5 5
5428.5 4
5429.5 1
5430.5 14
5431.5 5
5432.5 15
5433.5 8
5434.5 3
5435.5 14
5436.5 -2
5437.5 7
5438.5 4
5439.5 12
5440.5 1
5441.5 7
5442.5 14
5443.5 14
5444.5 20
5445.5 5
5446.5 14
5447.5 7
5448.5 6
5449.5 3
5450.5 2
5451.5 0
5452.5 6
5453.5 -7
5454.5 12
5455.5 12
5456.5 13
5457.5 12
5458.5 -2
5459.5 2
5460.5 16
5461.5 15
5462.5 8
5463.5 -1
5464.5 5
5465.5 16
5466.5 1
5467.5 10
5468.5 17
5469.5 2
5470.5 18
5471.5 24
5472.5 11
5473.5 -2
5474.5 23
5475.5 16
5476.5 0
5477.5 -12
5478.5 6
5479.5 -17
5480.5 9
5481.5 7
5482.5 6
5483.5 7
5484.5 -6
5485.5 17
5486.5 10
5487.5 12
5488.5 17
5489.5 -16
5490.5 10
5491.5 10
5492.5 13
5493.5 0
5494.5 -2
5495.5 2
5496.5 -7
5497.5 -13
5498.5 2
5499.5 1
5500.5 -3
5501.5 4
5502.5 15
5503.5 3
5504.5 21
5505.5 -16
5506.5 6
5507.5 3
5508.5 -4
5509.5 2
5510.5 1
5511.5 12
5512.5 -2
5513.5 -14
5514.5 5
5515.5 11
5516.5 9
5517.5 11
5518.5 3
5519.5 19
5520.5 -7
5521.5 10
5522.5 -4
5523.5 0
5524.5 -21
5525.5 7
5526.5 -9
5527.5 4
5528.5 12
5529.5 20
5530.5 16
5531.5 7
5532.5 7
5533.5 -6
5534.5 13
5535.5 15
5536.5 11
5537.5 4
5538.5 14
5539.5 13
5540.5 11
5541.5 22
5542.5 13
5543.5 0
5544.5 -2
5545.5 -2
5546.5 13
5547.5 4
5548.5 -2
5549.5 6
5550.5 -4
5551.5 4
5552.5 9
5553.5 8
5554.5 18
5555.5 1
5556.5 9
5557.5 1
5558.5 17
5559.5 -1
5560.5 2
5561.5 -1
5562.5 17
5563.5 14
5564.5 11
5565.5 -3
5566.5 -6
5567.5 20
5568.5 4
5569.5 5
5570.5 0
5571.5 4
5572.5 15
5573.5 9
5574.5 6
5575.5 19
5576.5 3
5577.5 19
5578.5 20
5579.5 2
5580.5 4
5581.5 -2
5582.5 -7
5583.5 19
5584.5 -7
5585.5 -8
5586.5 9
5587.5 13
5588.5 8
5589.5 16
5590.5 16
5591.5 -3
5592.5 -8
5593.5 1
5594.5 0
5595.5 -17
5596.5 -13
5597.5 3
5598.5 1
5599.5 2
5600.5 2
5601.5 4
5602.5 3
5603.5 15
5604.5 10
5605.5 0
5606.5 -2
5607.5 -8
5608.5 7
5609.5 3
5610.5 6
5611.5 -30
5612.5 0
5613.5 24
5614.5 11
5615.5 8
5616.5 3
5617.5 0
5618.5 2
5619.5 0
5620.5 8
5621.5 11
5622.5 9
5623.5 15
5624.5 4
5625.5 19
5626.5 7
5627.5 15
5628.5 6
5629.5 6
5630.5 5
5631.5 7
5632.5 10
5633.5 9
5634.5 10
5635.5 -3
5636.5 10
5637.5 6
5638.5 0
5639.5 -2
5640.5 8
5641.5 1
5642.5 -2
5643.5 -12
5644.5 -16
5645.5 2
5646.5 4
5647.5 7
5648.5 -4
5649.5 -4
5650.5 14
5651.5 11
5652.5 6
5653.5 9
5654.5 2
5655.5 6
5656.5 8
5657.5 -6
5658.5 18
5659.5 19
5660.5 2
5661.5 1
5662.5 4
5663.5 10
5664.5 14
5665.5 20
5666.5 37
5667.5 50
5668.5 95
5669.5 161
5670.5 212
5671.5 223
5672.5 302
5673.5 227
5674.5 162
5675.5 78
5676.5 50
5677.5 35
5678.5 15
5679.5 19
5680.5 16
5681.5 2
5682.5 -8
5683.5 12
5684.5 -10
5685.5 -7
5686.5 -6
5687.5 12
5688.5 4
5689.5 -6
5690.5 -7
5691.5 -16
5692.5 -5
5693.5 1
5694.5 -9
5695.5 14
5696.5 -6
5697.5 -13
5698.5 0
5699.5 -4
5700.5 5
5701.5 -3
5702.5 -1
5703.5 5
5704.5 7
5705.5 4
5706.5 9
5707.5 3
5708.5 8
5709.5 6
5710.5 5
5711.5 13
5712.5 -2
5713.5 0
5714.5 -7
5715.5 5
5716.5 -7
5717.5 15
5718.5 3
5719.5 15
5720.5 20
5721.5 22
5722.5 -2
5723.5 8
5724.5 16
5725.5 -2
5726.5 23
5727.5 6
5728.5 5
5729.5 15
5730.5 10
5731.5 6
5732.5 10
5733.5 1
5734.5 10
5735.5 -1
5736.5 -19
5737.5 -13
5738.5 2
5739.5 -7
5740.5 13
5741.5 -12
5742.5 6
5743.5 3
5744.5 -4
5745.5 -16
5746.5 2
5747.5 4
5748.5 0
5749.5 -7
5750.5 2
5751.5 -1
5752.5 6
5753.5 -1
5754.5 6
5755.5 19
5756.5 4
5757.5 -6
5758.5 -2
5759.5 -1
5760.5 4
5761.5 -7
5762.5 9
5763.5 7
5764.5 2
5765.5 0
5766.5 3
5767.5 -18
5768.5 -1
5769.5 2
5770.5 1
5771.5 -9
5772.5 1
5773.5 6
5774.5 -3
5775.5 3
5776.5 4
5777.5 -6
5778.5 4
5779.5 -10
5780.5 -7
5781.5 -4
5782.5 -1
5783.5 3
5784.5 -3
5785.5 13
5786.5 1
5787.5 -4
5788.5 0
5789.5 8
5790.5 5
5791.5 11
5792.5 -1
5793.5 2
5794.5 11
5795.5 8
5796.5 -7
5797.5 5
5798.5 5
5799.5 0
5800.5 3
5801.5 5
5802.5 -2
5803.5 8
5804.5 12
5805.5 -3
5806.5 -4
5807.5 -5
5808.5 6
5809.5 7
5810.5 7
5811.5 6
5812.5 -9
5813.5 2
5814.5 9
5815.5 -4
5816.5 7
5817.5 11
5818.5 -2
5819.5 -2
5820.5 11
5821.5 3
5822.5 0
5823.5 5
5824.5 14
5825.5 3
5826.5 2
5827.5 -5
5828.5 12
5829.5 -21
5830.5 -9
5831.5 -24
5832.5 -1
5833.5 -3
5834.5 -3
5835.5 -6
5836.5 -4
5837.5 -5
5838.5 16
5839.5 8
5840.5 0
5841.5 1
5842.5 9
5843.5 1
5844.5 11
5845.5 15
5846.5 -15
5847.5 6
5848.5 7
5849.5 16
5850.5 5
5851.5 0
5852.5 5
5853.5 13
5854.5 7
5855.5 2
5856.5 4
5857.5 0
5858.5 6
5859.5 -2
5860.5 12
5861.5 -1
5862.5 1
5863.5 4
5864.5 12
5865.5 11
5866.5 6
5867.5 8
5868.5 10
5869.5 14
5870.5 0
5871.5 13
5872.5 11
5873.5 1
5874.5 4
5875.5 5
5876.5 4
5877.5 -1
5878.5 5
5879.5 2
5880.5 5
5881.5 14
5882.5 -2
5883.5 2
5884.5 3
5885.5 1
5886.5 9
5887.5 1
5888.5 6
5889.5 6
5890.5 10
5891.5 -7
5892.5 14
5893.5 6
5894.5 6
5895.5 5
5896.5 -17
5897.5 2
5898.5 14
5899.5 34
5900.5 11
5901.5 36
5902.5 24
5903.5 25
5904.5 4
5905.5 3
5906.5 8
5907.5 12
5908.5 -9
5909.5 16
5910.5 1
5911.5 8
5912.5 8
5913.5 -2
5914.5 -5
5915.5 2
5916.5 14
5917.5 -2
5918.5 0
5919.5 2
5920.5 11
5921.5 7
5922.5 7
5923.5 4
5924.5 -6
5925.5 6
5926.5 -5
5927.5 -4
5928.5 8
5929.5 -2
5930.5 8
5931.5 4
5932.5 8
5933.5 10
5934.5 0
5935.5 1
5936.5 0
5937.5 9
5938.5 1
5939.5 -2
5940.5 5
5941.5 4
5942.5 -2
5943.5 1
5944.5 4
5945.5 -2
5946.5 4
5947.5 8
5948.5 -2
5949.5 6
5950.5 -4
5951.5 -5
5952.5 7
5953.5 -1
5954.5 5
5955.5 8
5956.5 -1
5957.5 3
5958.5 10
5959.5 -1
5960.5 1
5961.5 1
5962.5 0
5963.5 0
5964.5 -5
5965.5 -6
5966.5 6
5967.5 11
5968.5 2
5969.5 -5
5970.5 -10
5971.5 9
5972.5 -4
5973.5 3
5974.5 3
5975.5 -1
5976.5 -2
5977.5 1
5978.5 -1
5979.5 5
5980.5 5
5981.5 1
5982.5 -4
5983.5 2
5984.5 5
5985.5 7
5986.5 5
5987.5 -3
5988.5 -6
5989.5 -7
5990.5 0
5991.5 9
5992.5 10
5993.5 2
5994.5 0
5995.5 1
5996.5 11
5997.5 10
5998.5 3
5999.5 -2
6000.5 -9
6001.5 13
6002.5 11
6003.5 4
6004.5 20
6005.5 -1
6006.5 6
6007.5 5
6008.5 -6
6009.5 2
6010.5 -1
6011.5 0
6012.5 10
6013.5 3
6014.5 6
6015.5 4
6016.5 -4
6017.5 8
6018.5 -3
6019.5 -8
6020.5 1
6021.5 4
6022.5 4
6023.5 0
6024.5 8
6025.5 4
6026.5 -2
6027.5 8
6028.5 -2
6029.5 -1
6030.5 0
6031.5 16
6032.5 -18
6033.5 4
6034.5 7
6035.5 -5
6036.5 -3
6037.5 -13
6038.5 -1
6039.5 7
6040.5 4
6041.5 1
6042.5 -2
6043.5 -2
6044.5 -1
6045.5 0
6046.5 6
6047.5 5
6048.5 -4
6049.5 -4
6050.5 4
6051.5 2
6052.5 0
6053.5 -2
6054.5 22
6055.5 12
6056.5 7
6057.5 7
6058.5 6
6059.5 -3
6060.5 -2
6061.5 1
6062.5 2
6063.5 5
6064.5 3
6065.5 5
6066.5 -1
6067.5 3
6068.5 1
6069.5 9
6070.5 1
6071.5 1
6072.5 2
6073.5 6
6074.5 0
6075.5 3
6076.5 0
6077.5 9
6078.5 6
6079.5 -2
6080.5 2
6081.5 3
6082.5 11
6083.5 3
6084.5 -6
6085.5 3
6086.5 6
6087.5 5
6088.5 4
6089.5 -1
6090.5 3
6091.5 -1
6092.5 1
6093.5 1
6094.5 3
6095.5 -2
6096.5 16
6097.5 6
6098.5 0
6099.5 -5
6100.5 2
6101.5 10
6102.5 11
6103.5 9
6104.5 -6
6105.5 12
6106.5 -12
6107.5 2
6108.5 -11
6109.5 2
6110.5 2
6111.5 1
6112.5 3
6113.5 4
6114.5 -5
6115.5 -1
6116.5 6
6117.5 -4
6118.5 3
6119.5 0
6120.5 -3
6121.5 -17
6122.5 5
6123.5 -3
6124.5 15
6125.5 28
6126.5 -3
6127.5 3
6128.5 6
6129.5 19
6130.5 2
6131.5 11
6132.5 -2
6133.5 -3
6134.5 4
6135.5 10
6136.5 5
6137.5 -8
6138.5 7
6139.5 1
6140.5 6
6141.5 -8
6142.5 0
6143.5 0
6144.5 13
6145.5 3
6146.5 6
6147.5 6
6148.5 -12
6149.5 2
6150.5 2
6151.5 -2
6152.5 -3
6153.5 8
6154.5 3
6155.5 8
6156.5 -4
6157.5 5
6158.5 2
6159.5 -5
6160.5 -5
6161.5 -4
6162.5 3
6163.5 -2
6164.5 2
6165.5 2
6166.5 2
6167.5 8
6168.5 -3
6169.5 -2
6170.5 -2
6171.5 10
6172.5 0
6173.5 6
6174.5 2
6175.5 -3
6176.5 -1
6177.5 0
6178.5 2
6179.5 -4
6180.5 1
6181.5 2
6182.5 9
6183.5 2
6184.5 -1
6185.5 -7
6186.5 -2
6187.5 1
6188.5 2
6189.5 4
6190.5 1
6191.5 -6
6192.5 0
6193.5 -1
6194.5 2
6195.5 1
6196.5 -1
6197.5 -6
6198.5 1
6199.5 -6
6200.5 1
6201.5 5
6202.5 3
6203.5 2
6204.5 0
6205.5 4
6206.5 -3
6207.5 -8
6208.5 6
6209.5 0
6210.5 1
6211.5 2
6212.5 -5
6213.5 1
6214.5 6
6215.5 2
6216.5 -5
6217.5 -4
6218.5 -7
6219.5 -4
6220.5 -9
6221.5 -7
6222.5 1
6223.5 -13
6224.5 1
6225.5 -8
6226.5 -1
6227.5 16
6228.5 -7
6229.5 2
6230.5 7
6231.5 6
6232.5 6
6233.5 5
6234.5 8
6235.5 4
6236.5 19
6237.5 5
6238.5 16
6239.5 8
6240.5 8
6241.5 7
6242.5 -3
6243.5 3
6244.5 5
6245.5 0
6246.5 9
6247.5 3
6248.5 3
6249.5 1
6250.5 -3
6251.5 -10
6252.5 -10
6253.5 -1
6254.5 0
6255.5 -3
6256.5 0
6257.5 5
6258.5 0
6259.5 -3
6260.5 3
6261.5 -2
6262.5 1
6263.5 0
6264.5 8
6265.5 2
6266.5 6
6267.5 -2
6268.5 0
6269.5 3
6270.5 13
6271.5 2
6272.5 10
6273.5 -5
6274.5 2
6275.5 0
6276.5 3
6277.5 3
6278.5 -2
6279.5 3
6280.5 2
6281.5 8
6282.5 1
6283.5 1
6284.5 -1
6285.5 -2
6286.5 1
6287.5 3
6288.5 0
6289.5 3
6290.5 6
6291.5 6
6292.5 0
6293.5 0
6294.5 7
6295.5 0
6296.5 7
6297.5 1
6298.5 3
6299.5 -1
6300.5 5
6301.5 -3
6302.5 14
6303.5 2
6304.5 13
6305.5 -1
6306.5 4
6307.5 1
6308.5 -10
6309.5 3
6310.5 2
6311.5 -4
6312.5 0
6313.5 1
6314.5 6
6315.5 -5
6316.5 -2
6317.5 11
6318.5 2
6319.5 6
6320.5 -2
6321.5 0
6322.5 2
6323.5 15
6324.5 -1
6325.5 3
6326.5 5
6327.5 5
6328.5 -5
6329.5 1
6330.5 -3
6331.5 4
6332.5 -10
6333.5 10
6334.5 -3
6335.5 3
6336.5 6
6337.5 8
6338.5 2
6339.5 1
6340.5 5
6341.5 -1
6342.5 7
6343.5 -5
6344.5 -1
6345.5 2
6346.5 11
6347.5 6
6348.5 4
6349.5 5
6350.5 8
6351.5 6
6352.5 7
6353.5 4
6354.5 1
6355.5 4
6356.5 -2
6357.5 -1
6358.5 5
6359.5 -5
6360.5 3
6361.5 -14
6362.5 -1
6363.5 0
6364.5 0
6365.5 1
6366.5 7
6367.5 2
6368.5 11
6369.5 4
6370.5 9
6371.5 2
6372.5 6
6373.5 6
6374.5 7
6375.5 5
6376.5 4
6377.5 12
6378.5 9
6379.5 14
6380.5 9
6381.5 17
6382.5 -4
6383.5 2
6384.5 4
6385.5 -3
6386.5 1
6387.5 -5
6388.5 8
6389.5 -6
6390.5 2
6391.5 -2
6392.5 1
6393.5 -4
6394.5 1
6395.5 -4
6396.5 -3
6397.5 0
6398.5 0
6399.5 5
6400.5 3
6401.5 0
6402.5 3
6403.5 2
6404.5 -3
6405.5 0
6406.5 0
6407.5 3
6408.5 3
6409.5 -4
6410.5 -1
6411.5 6
6412.5 -2
6413.5 2
6414.5 3
6415.5 -1
6416.5 3
6417.5 4
6418.5 -5
6419.5 6
6420.5 7
6421.5 4
6422.5 -10
6423.5 2
6424.5 -6
6425.5 0
6426.5 0
6427.5 -3
6428.5 -4
6429.5 -4
6430.5 1
6431.5 -7
6432.5 -5
6433.5 6
6434.5 -2
6435.5 -5
6436.5 3
6437.5 1
6438.5 4
6439.5 2
6440.5 -4
6441.5 -5
6442.5 -7
6443.5 1
6444.5 4
6445.5 -1
6446.5 -3
6447.5 7
6448.5 -2
6449.5 -1
6450.5 4
6451.5 -1
6452.5 -2
6453.5 2
6454.5 -1
6455.5 -7
6456.5 1
6457.5 8
6458.5 10
6459.5 7
6460.5 6
6461.5 2
6462.5 6
6463.5 1
6464.5 0
6465.5 -3
6466.5 5
6467.5 0
6468.5 3
6469.5 -6
6470.5 2
6471.5 -1
6472.5 7
6473.5 1
6474.5 10
6475.5 6
6476.5 18
6477.5 -4
6478.5 16
6479.5 0
6480.5 -4
6481.5 8
6482.5 9
6483.5 8
6484.5 8
6485.5 1
6486.5 -1
6487.5 4
6488.5 5
6489.5 2
6490.5 8
6491.5 -2
6492.5 1
6493.5 6
6494.5 1
6495.5 -3
6496.5 -2
6497.5 7
6498.5 5
6499.5 15
6500.5 1
6501.5 -4
6502.5 1
6503.5 5
6504.5 1
6505.5 1
6506.5 13
6507.5 1
6508.5 6
6509.5 -3
6510.5 13
6511.5 12
6512.5 6
6513.5 6
6514.5 0
6515.5 6
6516.5 -2
6517.5 2
6518.5 -3
6519.5 1
6520.5 7
6521.5 8
6522.5 5
6523.5 -3
6524.5 0
6525.5 8
6526.5 0
6527.5 -1
6528.5 -1
6529.5 -1
6530.5 -7
6531.5 5
6532.5 5
6533.5 -7
6534.5 5
6535.5 1
6536.5 -3
6537.5 -6
6538.5 -1
6539.5 -3
6540.5 -5
6541.5 -5
6542.5 -1
6543.5 -11
6544.5 -9
6545.5 15
6546.5 -12
6547.5 1
6548.5 3
6549.5 4
6550.5 -3
6551.5 3
6552.5 0
6553.5 2
6554.5 8
6555.5 5
6556.5 5
6557.5 2
6558.5 1
6559.5 2
6560.5 0
6561.5 2
6562.5 -2
6563.5 13
6564.5 -3
6565.5 -5
6566.5 -9
6567.5 4
6568.5 -1
6569.5 9
6570.5 0
6571.5 -5
6572.5 0
6573.5 1
6574.5 5
6575.5 -7
6576.5 0
6577.5 -6
6578.5 -1
6579.5 5
6580.5 1
6581.5 -3
6582.5 4
6583.5 -2
6584.5 -1
6585.5 -3
6586.5 -2
6587.5 0
6588.5 -2
6589.5 -3
6590.5 6
6591.5 3
6592.5 6
6593.5 1
6594.5 4
6595.5 0
6596.5 1
6597.5 9
6598.5 2
6599.5 0
6600.5 13
6601.5 1
6602.5 -3
6603.5 2
6604.5 2
6605.5 4
6606.5 6
6607.5 2
6608.5 7
6609.5 1
6610.5 -7
6611.5 0
6612.5 5
6613.5 3
6614.5 0
6615.5 1
6616.5 3
6617.5 -2
6618.5 1
6619.5 -2
6620.5 -1
6621.5 -5
6622.5 1
6623.5 1
6624.5 2
6625.5 1
6626.5 6
6627.5 0
6628.5 -2
6629.5 -4
6630.5 3
6631.5 6
6632.5 -2
6633.5 -1
6634.5 -2
6635.5 7
6636.5 4
6637.5 5
6638.5 -1
6639.5 2
6640.5 6
6641.5 4
6642.5 0
6643.5 10
6644.5 -5
6645.5 -7
6646.5 1
6647.5 -5
6648.5 5
6649.5 -8
6650.5 -1
6651.5 1
6652.5 4
6653.5 2
6654.5 4
6655.5 5
6656.5 -4
6657.5 3
6658.5 -1
6659.5 -1
6660.5 -2
6661.5 -2
6662.5 -1
6663.5 4
6664.5 5
6665.5 3
6666.5 -2
6667.5 1
6668.5 0
6669.5 7
6670.5 2
6671.5 1
6672.5 1
6673.5 3
6674.5 1
6675.5 -4
6676.5 4
6677.5 1
6678.5 5
6679.5 -1
6680.5 0
6681.5 1
6682.5 2
6683.5 0
6684.5 5
6685.5 -4
6686.5 3
6687.5 4
6688.5 -2
6689.5 6
6690.5 4
6691.5 6
6692.5 -1
6693.5 2
6694.5 -5
6695.5 2
6696.5 4
6697.5 -2
6698.5 -6
6699.5 0
6700.5 2
6701.5 0
6702.5 1
6703.5 0
6704.5 0
6705.5 3
6706.5 2
6707.5 1
6708.5 3
6709.5 -2
6710.5 2
6711.5 -2
6712.5 4
6713.5 3
6714.5 -1
6715.5 -2
6716.5 3
6717.5 4
6718.5 -5
6719.5 4
6720.5 -1
6721.5 -2
6722.5 -4
6723.5 -5
6724.5 -2
6725.5 -4
6726.5 -2
6727.5 6
6728.5 2
6729.5 3
6730.5 6
6731.5 6
6732.5 0
6733.5 -2
6734.5 4
6735.5 -2
6736.5 4
6737.5 8
6738.5 2
6739.5 1
6740.5 -2
6741.5 3
6742.5 2
6743.5 0
6744.5 8
6745.5 8
6746.5 2
6747.5 11
6748.5 20
6749.5 13
6750.5 24
6751.5 1
6752.5 9
6753.5 3
6754.5 3
6755.5 5
6756.5 -2
6757.5 6
6758.5 2
6759.5 -2
6760.5 -1
6761.5 2
6762.5 5
6763.5 -5
6764.5 -5
6765.5 -3
6766.5 0
6767.5 0
6768.5 -3
6769.5 -1
6770.5 5
6771.5 3
6772.5 0
6773.5 9
6774.5 1
6775.5 4
6776.5 0
6777.5 -2
6778.5 1
6779.5 3
6780.5 0
6781.5 -1
6782.5 2
6783.5 -1
6784.5 2
6785.5 4
6786.5 -2
6787.5 1
6788.5 0
6789.5 6
6790.5 -6
6791.5 -1
6792.5 4
6793.5 2
6794.5 4
6795.5 2
6796.5 0
6797.5 -2
6798.5 2
6799.5 6
6800.5 2
6801.5 -1
6802.5 0
6803.5 2
6804.5 1
6805.5 3
6806.5 2
6807.5 -2
6808.5 -4
6809.5 -2
6810.5 0
6811.5 3
6812.5 1
6813.5 0
6814.5 -1
6815.5 7
6816.5 0
6817.5 5
6818.5 5
6819.5 1
6820.5 3
6821.5 -2
6822.5 4
6823.5 -2
6824.5 1
6825.5 -2
6826.5 0
6827.5 -1
6828.5 6
6829.5 -2
6830.5 -1
6831.5 -1
6832.5 -2
6833.5 5
6834.5 3
6835.5 -4
6836.5 5
6837.5 -1
6838.5 9
6839.5 3
6840.5 4
6841.5 -6
6842.5 -9
6843.5 6
6844.5 1
6845.5 -1
6846.5 0
6847.5 0
6848.5 -1
6849.5 3
6850.5 1
6851.5 3
6852.5 2
6853.5 4
6854.5 2
6855.5 7
6856.5 3
6857.5 5
6858.5 0
6859.5 4
6860.5 2
6861.5 1
6862.5 0
6863.5 1
6864.5 -1
6865.5 -1
6866.5 -3
6867.5 -2
6868.5 -1
6869.5 -3
6870.5 -2
6871.5 3
6872.5 2
6873.5 8
6874.5 -1
6875.5 1
6876.5 0
6877.5 0
6878.5 -1
6879.5 4
6880.5 0
6881.5 1
6882.5 4
6883.5 -2
6884.5 -2
6885.5 1
6886.5 -3
6887.5 7
6888.5 -1
6889.5 -2
6890.5 -1
6891.5 -1
6892.5 4
6893.5 3
6894.5 3
6895.5 -2
6896.5 1
6897.5 0
6898.5 5
6899.5 0
6900.5 7
6901.5 5
6902.5 5
6903.5 2
6904.5 -3
6905.5 4
6906.5 2
6907.5 6
6908.5 3
6909.5 -1
6910.5 -4
6911.5 4
6912.5 2
6913.5 -5
6914.5 2
6915.5 5
6916.5 -5
6917.5 2
6918.5 -5
6919.5 -1
6920.5 2
6921.5 1
6922.5 1
6923.5 0
6924.5 -1
6925.5 1
6926.5 0
6927.5 -2
6928.5 3
6929.5 7
6930.5 0
6931.5 8
6932.5 11
6933.5 0
6934.5 5
6935.5 4
6936.5 -4
6937.5 -8
6938.5 -1
6939.5 -1
6940.5 4
6941.5 2
6942.5 1
6943.5 2
6944.5 -4
6945.5 0
6946.5 0
6947.5 -4
6948.5 1
6949.5 -1
6950.5 5
6951.5 6
6952.5 -1
6953.5 2
6954.5 2
6955.5 -1
6956.5 1
6957.5 0
6958.5 0
6959.5 3
6960.5 1
6961.5 4
6962.5 -6
6963.5 3
6964.5 1
6965.5 1
6966.5 0
6967.5 -2
6968.5 1
6969.5 0
6970.5 -2
6971.5 -4
6972.5 6
6973.5 2
6974.5 5
6975.5 -1
6976.5 0
6977.5 -4
6978.5 0
6979.5 0
6980.5 -3
6981.5 -5
6982.5 3
6983.5 4
6984.5 3
6985.5 2
6986.5 -1
6987.5 8
6988.5 8
6989.5 4
6990.5 8
6991.5 8
6992.5 7
6993.5 0
6994.5 1
6995.5 5
6996.5 3
6997.5 -1
6998.5 1
6999.5 -4
7000.5 -3
7001.5 2
7002.5 -1
7003.5 2
7004.5 2
7005.5 0
7006.5 4
7007.5 -2
7008.5 1
7009.5 0
7010.5 1
7011.5 -1
7012.5 -2
7013.5 -1
7014.5 0
7015.5 2
7016.5 0
7017.5 2
7018.5 1
7019.5 0
7020.5 -1
7021.5 0
7022.5 2
7023.5 -2
7024.5 3
7025.5 0
7026.5 -3
7027.5 -1
7028.5 3
7029.5 0
7030.5 3
7031.5 -1
7032.5 -4
7033.5 -1
7034.5 -2
7035.5 2
7036.5 2
7037.5 1
7038.5 2
7039.5 4
7040.5 1
7041.5 2
7042.5 3
7043.5 -2
7044.5 -5
7045.5 -1
7046.5 -2
7047.5 -3
7048.5 1
7049.5 3
7050.5 3
7051.5 4
7052.5 -1
7053.5 1
7054.5 -8
7055.5 1
7056.5 0
7057.5 -4
7058.5 0
7059.5 -3
7060.5 5
7061.5 3
7062.5 9
7063.5 0
7064.5 2
7065.5 -1
7066.5 7
7067.5 -5
7068.5 1
7069.5 3
7070.5 1
7071.5 3
7072.5 5
7073.5 1
7074.5 3
7075.5 -2
7076.5 4
7077.5 4
7078.5 1
7079.5 -6
7080.5 0
7081.5 -6
7082.5 -1
7083.5 0
7084.5 4
7085.5 5
7086.5 -5
7087.5 1
7088.5 -3
7089.5 -1
7090.5 1
7091.5 0
7092.5 1
7093.5 1
7094.5 2
7095.5 0
7096.5 -2
7097.5 -1
7098.5 0
7099.5 2
7100.5 2
7101.5 5
7102.5 -2
7103.5 2
7104.5 -2
7105.5 2
7106.5 -4
7107.5 -2
7108.5 3
7109.5 0
7110.5 0
7111.5 -3
7112.5 2
7113.5 4
7114.5 5
7115.5 -3
7116.5 -1
7117.5 3
7118.5 0
7119.5 2
7120.5 1
7121.5 -1
7122.5 2
7123.5 1
7124.5 -2
7125.5 0
7126.5 1
7127.5 -1
7128.5 -3
7129.5 -1
7130.5 3
7131.5 2
7132.5 2
7133.5 -3
7134.5 -1
7135.5 -1
7136.5 2
7137.5 0
7138.5 -4
7139.5 -1
7140.5 8
7141.5 -2
7142.5 1
7143.5 2
7144.5 1
7145.5 -4
7146.5 -1
7147.5 1
7148.5 3
7149.5 -5
7150.5 2
7151.5 -4
7152.5 5
7153.5 -1
7154.5 3
7155.5 2
7156.5 0
7157.5 2
7158.5 1
7159.5 -2
7160.5 -2
7161.5 2
7162.5 4
7163.5 4
7164.5 2
7165.5 4
7166.5 4
7167.5 1
7168.5 -2
7169.5 -2
7170.5 -4
7171.5 -2
7172.5 -3
7173.5 4
7174.5 -3
7175.5 1
7176.5 3
7177.5 1
7178.5 -2
7179.5 2
7180.5 -4
7181.5 -4
7182.5 -2
7183.5 3
7184.5 2
7185.5 0
7186.5 1
7187.5 3
7188.5 0
7189.5 0
7190.5 1
7191.5 5
7192.5 2
7193.5 4
7194.5 2
7195.5 2
7196.5 -1
7197.5 -1
7198.5 -5
7199.5 -3
7200.5 1
7201.5 0
7202.5 0
7203.5 -2
7204.5 5
7205.5 0
7206.5 -4
7207.5 3
7208.5 -1
7209.5 1
7210.5 -2
7211.5 -4
7212.5 -3
7213.5 3
7214.5 6
7215.5 4
7216.5 1
7217.5 5
7218.5 -3
7219.5 -1
7220.5 -2
7221.5 2
7222.5 3
7223.5 0
7224.5 -2
7225.5 -1
7226.5 -1
7227.5 -1
7228.5 -3
7229.5 -1
7230.5 -2
7231.5 -1
7232.5 -1
7233.5 1
7234.5 1
7235.5 1
7236.5 3
7237.5 -1
7238.5 -1
7239.5 2
7240.5 2
7241.5 -3
7242.5 2
7243.5 1
7244.5 2
7245.5 -1
7246.5 2
7247.5 -3
7248.5 1
7249.5 3
7250.5 0
7251.5 1
7252.5 2
7253.5 -1
7254.5 3
7255.5 0
7256.5 -1
7257.5 -2
7258.5 -2
7259.5 -1
7260.5 -7
7261.5 -6
7262.5 1
7263.5 0
7264.5 -2
7265.5 3
7266.5 3
7267.5 2
7268.5 2
7269.5 2
7270.5 3
7271.5 1
7272.5 -3
7273.5 -2
7274.5 2
7275.5 0
7276.5 0
7277.5 -1
7278.5 -1
7279.5 2
7280.5 0
7281.5 4
7282.5 2
7283.5 0
7284.5 0
7285.5 2
7286.5 2
7287.5 3
7288.5 0
7289.5 2
7290.5 2
7291.5 -2
7292.5 -1
7293.5 2
7294.5 1
7295.5 3
7296.5 1
7297.5 3
7298.5 -4
7299.5 2
7300.5 5
7301.5 -2
7302.5 5
7303.5 4
7304.5 -2
7305.5 -1
7306.5 2
7307.5 1
7308.5 1
7309.5 2
7310.5 4
7311.5 7
7312.5 -4
7313.5 2
7314.5 -1
7315.5 4
7316.5 5
7317.5 -3
7318.5 5
7319.5 1
7320.5 1
7321.5 1
7322.5 -1
7323.5 -2
7324.5 -2
7325.5 3
7326.5 5
7327.5 -1
7328.5 1
7329.5 1
7330.5 2
7331.5 -1
7332.5 2
7333.5 3
7334.5 2
7335.5 2
7336.5 0
7337.5 3
7338.5 -1
7339.5 0
7340.5 1
7341.5 1
7342.5 -1
7343.5 2
7344.5 -4
7345.5 0
7346.5 1
7347.5 3
7348.5 -2
7349.5 0
7350.5 -6
7351.5 -1
7352.5 -2
7353.5 7
7354.5 -10
7355.5 -7
7356.5 -7
7357.5 -3
7358.5 1
7359.5 3
7360.5 7
7361.5 2
7362.5 4
7363.5 14
7364.5 8
7365.5 8
7366.5 11
7367.5 5
7368.5 11
7369.5 1
7370.5 -1
7371.5 1
7372.5 2
7373.5 2
7374.5 1
7375.5 -1
7376.5 -4
7377.5 1
7378.5 2
7379.5 0
7380.5 -2
7381.5 0
7382.5 1
7383.5 -5
7384.5 4
7385.5 -2
7386.5 0
7387.5 -1
7388.5 -1
7389.5 2
7390.5 2
7391.5 2
7392.5 1
7393.5 1
7394.5 2
7395.5 5
7396.5 -1
7397.5 2
7398.5 0
7399.5 -1
7400.5 4
7401.5 4
7402.5 -1
7403.5 -1
7404.5 4
7405.5 -2
7406.5 0
7407.5 3
7408.5 0
7409.5 1
7410.5 4
7411.5 1
7412.5 -1
7413.5 7
7414.5 9
7415.5 2
7416.5 5
7417.5 3
7418.5 8
7419.5 2
7420.5 3
7421.5 2
7422.5 -1
7423.5 2
7424.5 4
7425.5 2
7426.5 -1
7427.5 2
7428.5 -1
7429.5 -2
7430.5 2
7431.5 3
7432.5 -1
7433.5 0
7434.5 -2
7435.5 3
7436.5 2
7437.5 4
7438.5 -3
7439.5 3
7440.5 1
7441.5 0
7442.5 3
7443.5 -1
7444.5 -1
7445.5 -1
7446.5 1
7447.5 0
7448.5 0
7449.5 2
7450.5 -1
7451.5 2
7452.5 -4
7453.5 4
7454.5 -1
7455.5 -4
7456.5 0
7457.5 0
7458.5 2
7459.5 -1
7460.5 -2
7461.5 -6
7462.5 -5
7463.5 2
7464.5 1
7465.5 1
7466.5 0
7467.5 -5
7468.5 -3
7469.5 -1
7470.5 2
7471.5 3
7472.5 3
7473.5 0
7474.5 2
7475.5 -2
7476.5 -3
7477.5 -2
7478.5 0
7479.5 0
7480.5 -1
7481.5 -1
7482.5 3
7483.5 2
7484.5 -1
7485.5 -1
7486.5 0
7487.5 0
7488.5 2
7489.5 1
7490.5 -1
7491.5 1
7492.5 -1
7493.5 -2
7494.5 -1
7495.5 1
7496.5 5
7497.5 -1
7498.5 5
7499.5 7
7500.5 2
7501.5 4
7502.5 15
7503.5 8
7504.5 4
7505.5 4
7506.5 4
7507.5 -2
7508.5 3
7509.5 3
7510.5 1
7511.5 -2
7512.5 2
7513.5 2
7514.5 -2
7515.5 -1
7516.5 2
7517.5 2
7518.5 0
7519.5 0
7520.5 1
7521.5 0
7522.5 0
7523.5 -3
7524.5 2
7525.5 -2
7526.5 -1
7527.5 2
7528.5 1
7529.5 -2
7530.5 -1
7531.5 -2
7532.5 0
7533.5 0
7534.5 0
7535.5 1
7536.5 -2
7537.5 2
7538.5 -1
7539.5 -2
7540.5 1
7541.5 1
7542.5 1
7543.5 3
7544.5 1
7545.5 2
7546.5 0
7547.5 2
7548.5 0
7549.5 0
7550.5 -1
7551.5 4
7552.5 -1
7553.5 3
7554.5 2
7555.5 -2
7556.5 2
7557.5 1
7558.5 1
7559.5 -2
7560.5 0
7561.5 -1
7562.5 0
7563.5 3
7564.5 0
7565.5 -1
7566.5 0
7567.5 0
7568.5 1
7569.5 1
7570.5 1
7571.5 0
7572.5 -1
7573.5 2
7574.5 1
7575.5 0
7576.5 1
7577.5 1
7578.5 1
7579.5 1
7580.5 3
7581.5 1
7582.5 1
7583.5 1
7584.5 2
7585.5 2
7586.5 0
7587.5 1
7588.5 0
7589.5 1
7590.5 4
7591.5 2
7592.5 4
7593.5 0
7594.5 5
7595.5 1
7596.5 -4
7597.5 2
7598.5 1
7599.5 -2
7600.5 3
7601.5 2
7602.5 0
7603.5 4
7604.5 2
7605.5 1
7606.5 -3
7607.5 0
7608.5 -2
7609.5 -6
7610.5 4
7611.5 1
7612.5 4
7613.5 1
7614.5 2
7615.5 2
7616.5 -1
7617.5 4
7618.5 0
7619.5 1
7620.5 3
7621.5 2
7622.5 1
7623.5 -1
7624.5 -2
7625.5 0
7626.5 0
7627.5 0
7628.5 2
7629.5 2
7630.5 -1
7631.5 3
7632.5 1
7633.5 -1
7634.5 3
7635.5 2
7636.5 1
7637.5 1
7638.5 5
7639.5 0
7640.5 -1
7641.5 2
7642.5 -1
7643.5 4
7644.5 6
7645.5 3
7646.5 1
7647.5 1
7648.5 1
7649.5 1
7650.5 1
7651.5 -1
7652.5 2
7653.5 -1
7654.5 1
7655.5 1
7656.5 -1
7657.5 1
7658.5 4
7659.5 -2
7660.5 -1
7661.5 1
7662.5 -1
7663.5 0
7664.5 -1
7665.5 1
7666.5 -1
7667.5 1
7668.5 -1
7669.5 -1
7670.5 0
7671.5 2
7672.5 0
7673.5 -1
7674.5 2
7675.5 1
7676.5 0
7677.5 2
7678.5 -1
7679.5 0
7680.5 2
7681.5 3
7682.5 0
7683.5 1
7684.5 -1
7685.5 9
7686.5 1
7687.5 0
7688.5 2
7689.5 1
7690.5 0
7691.5 0
7692.5 -2
7693.5 1
7694.5 3
7695.5 4
7696.5 -1
7697.5 0
7698.5 0
7699.5 -1
7700.5 -1
7701.5 0
7702.5 1
7703.5 1
7704.5 2
7705.5 3
7706.5 4
7707.5 0
7708.5 -2
7709.5 1
7710.5 3
7711.5 2
7712.5 -1
7713.5 0
7714.5 3
7715.5 0
7716.5 3
7717.5 0
7718.5 1
7719.5 2
7720.5 3
7721.5 1
7722.5 2
7723.5 1
7724.5 -3
7725.5 4
7726.5 0
7727.5 0
7728.5 2
7729.5 2
7730.5 -5
7731.5 -1
7732.5 0
7733.5 0
7734.5 -1
7735.5 2
7736.5 0
7737.5 1
7738.5 -1
7739.5 -3
7740.5 4
7741.5 2
7742.5 0
7743.5 0
7744.5 0
7745.5 0
7746.5 0
7747.5 0
7748.5 -1
7749.5 1
7750.5 -1
7751.5 1
7752.5 2
7753.5 0
7754.5 1
7755.5 0
7756.5 -1
7757.5 -1
7758.5 0
7759.5 -1
7760.5 1
7761.5 0
7762.5 1
7763.5 0
7764.5 -1
7765.5 2
7766.5 0
7767.5 1
7768.5 0
7769.5 7
7770.5 2
7771.5 8
7772.5 6
7773.5 -10
7774.5 3
7775.5 6
7776.5 -2
7777.5 -4
7778.5 -1
7779.5 0
7780.5 1
7781.5 -1
7782.5 3
7783.5 1
7784.5 2
7785.5 2
7786.5 0
7787.5 1
7788.5 0
7789.5 0
7790.5 0
7791.5 2
7792.5 -3
7793.5 -1
7794.5 3
7795.5 0
7796.5 0
7797.5 1
7798.5 -1
7799.5 1
7800.5 1
7801.5 1
7802.5 3
7803.5 0
7804.5 -1
7805.5 -1
7806.5 1
7807.5 1
7808.5 -2
7809.5 1
7810.5 1
7811.5 1
7812.5 -1
7813.5 -1
7814.5 1
7815.5 -1
7816.5 -3
7817.5 -2
7818.5 0
7819.5 2
7820.5 -2
7821.5 -1
7822.5 3
7823.5 3
7824.5 1
7825.5 -2
7826.5 -4
7827.5 4
7828.5 -5
7829.5 -6
7830.5 -7
7831.5 -1
7832.5 0
7833.5 0
7834.5 0
7835.5 1
7836.5 0
7837.5 1
7838.5 -1
7839.5 1
7840.5 -3
7841.5 1
7842.5 1
7843.5 0
7844.5 2
7845.5 0
7846.5 -2
7847.5 -1
7848.5 -2
7849.5 0
7850.5 0
7851.5 0
7852.5 0
7853.5 1
7854.5 1
7855.5 -1
7856.5 2
7857.5 3
7858.5 1
7859.5 -1
7860.5 2
7861.5 0
7862.5 -1
7863.5 1
7864.5 1
7865.5 2
7866.5 -1
7867.5 -2
7868.5 -2
7869.5 4
7870.5 7
7871.5 5
7872.5 10
7873.5 5
7874.5 13
7875.5 13
7876.5 13
7877.5 12
7878.5 5
7879.5 9
7880.5 3
7881.5 8
7882.5 5
7883.5 3
7884.5 1
7885.5 0
7886.5 1
7887.5 -2
7888.5 0
7889.5 1
7890.5 0
7891.5 0
7892.5 -1
7893.5 1
7894.5 1
7895.5 0
7896.5 0
7897.5 0
7898.5 0
7899.5 0
7900.5 1
7901.5 0
7902.5 1
7903.5 0
7904.5 1
7905.5 -1
7906.5 1
7907.5 -1
7908.5 1
7909.5 1
7910.5 1
7911.5 0
7912.5 0
7913.5 1
7914.5 0
7915.5 0
7916.5 -1
7917.5 0
7918.5 0
7919.5 0
7920.5 0
7921.5 0
7922.5 0
7923.5 0
7924.5 2
7925.5 2
7926.5 1
7927.5 0
7928.5 0
7929.5 -1
7930.5 0
7931.5 2
7932.5 0
7933.5 1
7934.5 1
7935.5 0
7936.5 0
7937.5 1
7938.5 1
7939.5 -1
7940.5 1
7941.5 -1
7942.5 -1
7943.5 2
7944.5 0
7945.5 -1
7946.5 0
7947.5 -1
7948.5 0
7949.5 0
7950.5 1
7951.5 0
7952.5 0
7953.5 0
7954.5 0
7955.5 0
7956.5 1
7957.5 -1
7958.5 0
7959.5 -1
7960.5 -1
7961.5 -1
7962.5 3
7963.5 -1
7964.5 0
7965.5 1
7966.5 0
7967.5 0
7968.5 1
7969.5 0
7970.5 0
7971.5 0
7972.5 -1
7973.5 0
7974.5 0
7975.5 -1
7976.5 1
7977.5 1
7978.5 1
7979.5 -1
7980.5 0
7981.5 1
7982.5 0
7983.5 0
7984.5 2
7985.5 0
7986.5 0
7987.5 0
7988.5 -2
7989.5 0
7990.5 -1
7991.5 -2
7992.5 -1
7993.5 1
7994.5 -1
7995.5 1
7996.5 0
7997.5 0
7998.5 -1
7999.5 -1
8000.5 1
8001.5 1
8002.5 2
8003.5 -1
8004.5 -2
8005.5 1
8006.5 -1
8007.5 1
8008.5 -1
8009.5 0
8010.5 1
8011.5 0
8012.5 1
8013.5 0
8014.5 0
8015.5 0
8016.5 -1
8017.5 0
8018.5 -1
8019.5 1
8020.5 1
8021.5 -1
8022.5 0
8023.5 1
8024.5 1
8025.5 1
8026.5 0
8027.5 0
8028.5 1
8029.5 -1
8030.5 0
8031.5 0
8032.5 1
8033.5 -1
8034.5 0
8035.5 0
8036.5 -1
8037.5 -1
8038.5 0
8039.5 0
8040.5 0
8041.5 1
8042.5 2
8043.5 0
8044.5 -1
8045.5 -1
8046.5 1
8047.5 1
8048.5 0
8049.5 -1
8050.5 0
8051.5 0
8052.5 0
8053.5 1
8054.5 0
8055.5 -2
8056.5 0
8057.5 0
8058.5 1
8059.5 1
8060.5 0
8061.5 -1
8062.5 -2
8063.5 0
8064.5 -1
8065.5 -2
8066.5 -1
8067.5 -1
8068.5 -1
8069.5 0
8070.5 0
8071.5 0
8072.5 0
8073.5 0
8074.5 1
8075.5 0
8076.5 0
8077.5 0
8078.5 0
8079.5 2
8080.5 0
8081.5 0
8082.5 1
8083.5 1
8084.5 -1
8085.5 -1
8086.5 0
8087.5 3
8088.5 -2
8089.5 1
8090.5 0
8091.5 2
8092.5 0
8093.5 -1
8094.5 0
8095.5 1
8096.5 4
8097.5 2
8098.5 0
8099.5 2
8100.5 1
8101.5 2
8102.5 0
8103.5 0
8104.5 2
8105.5 0
8106.5 0
8107.5 0
8108.5 -1
8109.5 -1
8110.5 2
8111.5 -2
8112.5 0
8113.5 0
8114.5 -1
8115.5 0
8116.5 1
8117.5 0
8118.5 -1
8119.5 -1
8120.5 0
8121.5 0
8122.5 0
8123.5 0
8124.5 0
8125.5 1
8126.5 0
8127.5 0
8128.5 0
8129.5 0
8130.5 -1
8131.5 1
8132.5 0
8133.5 -1
8134.5 0
8135.5 -1
8136.5 0
8137.5 -1
8138.5 -1
8139.5 0
8140.5 0
8141.5 0
8142.5 -1
8143.5 1
8144.5 0
8145.5 -2
8146.5 1
8147.5 1
8148.5 0
8149.5 -1
8150.5 0
8151.5 0
8152.5 -1
8153.5 0
8154.5 0
8155.5 1
8156.5 1
8157.5 1
8158.5 0
8159.5 0
8160.5 0
8161.5 1
8162.5 -1
8163.5 0
8164.5 0
8165.5 -1
8166.5 0
8167.5 0
8168.5 1
8169.5 1
8170.5 -1
8171.5 0
8172.5 0
8173.5 0
8174.5 1
8175.5 0
8176.5 -1
8177.5 0
8178.5 0
8179.5 0
8180.5 1
8181.5 0
8182.5 -2
8183.5 0
8184.5 1
8185.5 0
8186.5 0
8187.5 0
8188.5 0
8189.5 0
8190.5 1
8191.5 -1
8192.5 1
8193.5 0
8194.5 1
8195.5 2
8196.5 0
8197.5 1
8198.5 1
8199.5 -1
8200.5 0
8201.5 1
8202.5 0
8203.5 0
8204.5 0
8205.5 0
8206.5 -2
8207.5 -1
8208.5 0
8209.5 0
8210.5 0
8211.5 0
8212.5 -1
8213.5 0
8214.5 0
8215.5 1
8216.5 -1
8217.5 1
8218.5 0
8219.5 0
8220.5 1
8221.5 0
8222.5 0
8223.5 0
8224.5 0
8225.5 1
8226.5 0
8227.5 0
8228.5 1
8229.5 -1
8230.5 1
8231.5 0
8232.5 0
8233.5 1
8234.5 0
8235.5 0
8236.5 -1
8237.5 0
8238.5 0
8239.5 0
8240.5 1
8241.5 1
8242.5 -1
8243.5 0
8244.5 -1
8245.5 0
8246.5 0
8247.5 0
8248.5 1
8249.5 0
8250.5 0
8251.5 0
8252.5 0
8253.5 0
8254.5 -1
8255.5 -1
8256.5 0
8257.5 -1
8258.5 0
8259.5 0
8260.5 1
8261.5 -1
8262.5 0
8263.5 0
8264.5 0
8265.5 1
8266.5 1
8267.5 0
8268.5 0
8269.5 0
8270.5 0
8271.5 1
8272.5 -1
8273.5 -1
8274.5 0
8275.5 0
8276.5 0
8277.5 0
8278.5 0
8279.5 1
8280.5 0
8281.5 0
8282.5 0
8283.5 0
8284.5 0
8285.5 0
8286.5 0
8287.5 1
8288.5 2
8289.5 1
8290.5 0
8291.5 0
8292.5 -1
8293.5 -1
8294.5 0
8295.5 2
8296.5 0
8297.5 0
8298.5 0
8299.5 0
8300.5 0
8301.5 0
8302.5 0
8303.5 0
8304.5 1
8305.5 0
8306.5 1
8307.5 0
8308.5 0
8309.5 1
8310.5 0
8311.5 0
8312.5 -1
8313.5 0
8314.5 0
8315.5 1
8316.5 -2
8317.5 0
8318.5 0
8319.5 0
8320.5 0
8321.5 0
8322.5 0
8323.5 0
8324.5 0
8325.5 0
8326.5 2
8327.5 0
8328.5 3
8329.5 -1
8330.5 1
8331.5 0
8332.5 0
8333.5 0
8334.5 0
8335.5 1
8336.5 0
8337.5 1
8338.5 -2
8339.5 1
8340.5 1
8341.5 0
8342.5 1
8343.5 0
8344.5 0
8345.5 -2
8346.5 0
8347.5 -1
8348.5 0
8349.5 0
8350.5 0
8351.5 0
8352.5 0
8353.5 0
8354.5 0
8355.5 0
8356.5 0
8357.5 0
8358.5 0
8359.5 0
8360.5 0
8361.5 0
8362.5 0
8363.5 1
8364.5 0
8365.5 0
8366.5 0
8367.5 0
8368.5 0
8369.5 0
8370.5 0
8371.5 2
8372.5 1
8373.5 0
8374.5 0
8375.5 -1
8376.5 1
8377.5 0
8378.5 0
8379.5 0
8380.5 -1
8381.5 1
8382.5 0
8383.5 1
8384.5 0
8385.5 0
8386.5 1
8387.5 0
8388.5 0
8389.5 -1
8390.5 0
8391.5 1
8392.5 1
8393.5 -1
8394.5 0
8395.5 -2
8396.5 0
8397.5 0
8398.5 -1
8399.5 0
8400.5 0
8401.5 0
8402.5 -2
8403.5 0
8404.5 1
8405.5 -1
8406.5 0
8407.5 0
8408.5 1
8409.5 0
8410.5 0
8411.5 0
8412.5 0
8413.5 -1
8414.5 0
8415.5 0
8416.5 -1
8417.5 -1
8418.5 0
8419.5 0
8420.5 0
8421.5 0
8422.5 1
8423.5 0
8424.5 0
8425.5 2
8426.5 0
8427.5 0
8428.5 0
8429.5 1
8430.5 -1
8431.5 -2
8432.5 0
8433.5 1
8434.5 -1
8435.5 0
8436.5 0
8437.5 0
8438.5 0
8439.5 0
8440.5 0
8441.5 0
8442.5 0
8443.5 0
8444.5 0
8445.5 2
8446.5 1
8447.5 -1
8448.5 0
8449.5 0
8450.5 0
8451.5 0
8452.5 0
8453.5 0
8454.5 0
8455.5 1
8456.5 0
8457.5 -1
8458.5 -1
8459.5 0
8460.5 0
8461.5 0
8462.5 -1
8463.5 -1
8464.5 0
8465.5 -1
8466.5 0
8467.5 1
8468.5 0
8469.5 -1
8470.5 0
8471.5 1
8472.5 0
8473.5 0
8474.5 0
8475.5 1
8476.5 0
8477.5 0
8478.5 -1
8479.5 1
8480.5 1
8481.5 1
8482.5 2
8483.5 0
8484.5 1
8485.5 0
8486.5 0
8487.5 1
8488.5 1
8489.5 0
8490.5 -1
8491.5 -1
8492.5 -1
8493.5 0
8494.5 1
8495.5 -1
8496.5 1
8497.5 0
8498.5 0
8499.5 -1
8500.5 0
8501.5 0
8502.5 1
8503.5 0
8504.5 0
8505.5 -1
8506.5 0
8507.5 0
8508.5 0
8509.5 0
8510.5 -1
8511.5 0
8512.5 0
8513.5 0
8514.5 -1
8515.5 1
8516.5 0
8517.5 0
8518.5 0
8519.5 0
8520.5 0
8521.5 0
8522.5 -1
8523.5 0
8524.5 0
8525.5 0
8526.5 1
8527.5 -1
8528.5 0
8529.5 0
8530.5 1
8531.5 0
8532.5 0
8533.5 1
8534.5 0
8535.5 0
8536.5 0
8537.5 -1
8538.5 0
8539.5 0
8540.5 0
8541.5 0
8542.5 0
8543.5 0
8544.5 0
8545.5 0
8546.5 0
8547.5 0
8548.5 -1
8549.5 0
8550.5 0
8551.5 0
8552.5 0
8553.5 0
8554.5 0
8555.5 0
8556.5 0
8557.5 0
8558.5 -1
8559.5 0
8560.5 -1
8561.5 0
8562.5 0
8563.5 -1
8564.5 0
8565.5 0
8566.5 0
8567.5 0
8568.5 -1
8569.5 0
8570.5 0
8571.5 2
8572.5 0
8573.5 1
8574.5 -2
8575.5 0
8576.5 1
8577.5 1
8578.5 2
8579.5 0
8580.5 0
8581.5 0
8582.5 1
8583.5 0
8584.5 0
8585.5 0
8586.5 0
8587.5 1
8588.5 0
8589.5 0
8590.5 -1
8591.5 0
8592.5 1
8593.5 0
8594.5 0
8595.5 2
8596.5 0
8597.5 0
8598.5 1
8599.5 0
8600.5 -1
8601.5 0
8602.5 0
8603.5 -1
8604.5 0
8605.5 1
8606.5 0
8607.5 0
8608.5 0
8609.5 -1
8610.5 0
8611.5 0
8612.5 1
8613.5 1
8614.5 0
8615.5 -1
8616.5 0
8617.5 0
8618.5 0
8619.5 0
8620.5 1
8621.5 0
8622.5 0
8623.5 1
8624.5 1
8625.5 0
8626.5 -1
8627.5 -1
8628.5 -1
8629.5 0
8630.5 -1
8631.5 0
8632.5 0
8633.5 0
8634.5 0
8635.5 0
8636.5 0
8637.5 0
8638.5 -1
8639.5 -1
8640.5 1
8641.5 0
8642.5 0
8643.5 0
8644.5 -1
8645.5 0
8646.5 1
8647.5 0
8648.5 -1
8649.5 0
8650.5 0
8651.5 0
8652.5 0
8653.5 0
8654.5 0
8655.5 0
8656.5 0
8657.5 -1
8658.5 0
8659.5 0
8660.5 0
8661.5 -1
8662.5 0
8663.5 -2
8664.5 0
8665.5 1
8666.5 0
8667.5 1
8668.5 0
8669.5 -1
8670.5 1
8671.5 0
8672.5 1
8673.5 0
8674.5 -1
8675.5 1
8676.5 0
8677.5 0
8678.5 0
8679.5 0
8680.5 0
8681.5 -1
8682.5 0
8683.5 0
8684.5 0
8685.5 1
8686.5 0
8687.5 1
8688.5 0
8689.5 0
8690.5 0
8691.5 0
8692.5 0
8693.5 0
8694.5 1
8695.5 0
8696.5 0
8697.5 1
8698.5 0
8699.5 0
8700.5 0
8701.5 0
8702.5 1
8703.5 0
8704.5 0
8705.5 1
8706.5 -1
8707.5 0
8708.5 1
8709.5 0
8710.5 0
8711.5 0
8712.5 -1
8713.5 0
8714.5 0
8715.5 0
8716.5 0
8717.5 0
8718.5 0
8719.5 0
8720.5 1
8721.5 0
8722.5 0
8723.5 1
8724.5 -1
8725.5 0
8726.5 -1
8727.5 0
8728.5 -1
8729.5 1
8730.5 0
8731.5 1
8732.5 0
8733.5 0
8734.5 -1
8735.5 0
8736.5 0
8737.5 0
8738.5 0
8739.5 0
8740.5 1
8741.5 0
8742.5 0
8743.5 -1
8744.5 0
8745.5 0
8746.5 0
8747.5 0
8748.5 0
8749.5 0
8750.5 0
8751.5 0
8752.5 0
8753.5 0
8754.5 0
8755.5 0
8756.5 0
8757.5 -1
8758.5 -1
8759.5 0
8760.5 0
8761.5 1
8762.5 0
8763.5 0
8764.5 -1
8765.5 -1
8766.5 0
8767.5 1
8768.5 1
8769.5 0
8770.5 0
8771.5 0
8772.5 0
8773.5 1
8774.5 0
8775.5 0
8776.5 0
8777.5 0
8778.5 -1
8779.5 0
8780.5 0
8781.5 -1
8782.5 1
8783.5 1
8784.5 0
8785.5 0
8786.5 0
8787.5 0
8788.5 -1
8789.5 0
8790.5 0
8791.5 1
8792.5 0
8793.5 0
8794.5 2
8795.5 0
8796.5 0
8797.5 0
8798.5 0
8799.5 -2
8800.5 0
8801.5 0
8802.5 -1
8803.5 0
8804.5 0
8805.5 0
8806.5 0
8807.5 0
8808.5 -1
8809.5 0
8810.5 0
8811.5 0
8812.5 0
8813.5 0
8814.5 0
8815.5 -1
8816.5 1
8817.5 0
8818.5 0
8819.5 0
8820.5 0
8821.5 -1
8822.5 0
8823.5 -1
8824.5 0
8825.5 0
8826.5 0
8827.5 0
8828.5 0
8829.5 0
8830.5 1
8831.5 0
8832.5 0
8833.5 -1
8834.5 -1
8835.5 0
8836.5 0
8837.5 1
8838.5 0
8839.5 0
8840.5 0
8841.5 0
8842.5 0
8843.5 -1
8844.5 0
8845.5 0
8846.5 0
8847.5 0
8848.5 0
8849.5 0
8850.5 -2
8851.5 1
8852.5 2
8853.5 -1
8854.5 0
8855.5 0
8856.5 0
8857.5 0
8858.5 0
8859.5 0
8860.5 0
8861.5 0
8862.5 0
8863.5 -1
8864.5 -1
8865.5 0
8866.5 0
8867.5 0
8868.5 0
8869.5 0
8870.5 0
8871.5 0
8872.5 0
8873.5 1
8874.5 0
8875.5 0
8876.5 -1
8877.5 0
8878.5 0
8879.5 0
8880.5 0
8881.5 0
8882.5 0
8883.5 -1
8884.5 0
8885.5 0
8886.5 -1
8887.5 0
8888.5 0
8889.5 0
8890.5 0
8891.5 0
8892.5 0
8893.5 0
8894.5 0
8895.5 1
8896.5 1
8897.5 0
8898.5 1
8899.5 0
8900.5 -1
8901.5 1
8902.5 0
8903.5 0
8904.5 -1
8905.5 -1
8906.5 1
8907.5 0
8908.5 0
8909.5 0
8910.5 0
8911.5 0
8912.5 0
8913.5 -1
8914.5 0
8915.5 0
8916.5 0
8917.5 0
8918.5 0
8919.5 0
8920.5 0
8921.5 0
8922.5 0
8923.5 0
8924.5 0
8925.5 0
8926.5 0
8927.5 -2
8928.5 0
8929.5 0
8930.5 0
8931.5 0
8932.5 0
8933.5 1
8934.5 -1
8935.5 0
8936.5 0
8937.5 0
8938.5 0
8939.5 0
8940.5 0
8941.5 0
8942.5 0
8943.5 0
8944.5 -1
8945.5 1
8946.5 1
8947.5 0
8948.5 -1
8949.5 0
8950.5 0
8951.5 0
8952.5 -1
8953.5 0
8954.5 0
8955.5 0
8956.5 0
8957.5 0
8958.5 0
8959.5 0
8960.5 0
8961.5 -1
8962.5 0
8963.5 0
8964.5 1
8965.5 0
8966.5 0
8967.5 1
8968.5 0
8969.5 0
8970.5 0
8971.5 0
8972.5 0
8973.5 0
8974.5 0
8975.5 0
8976.5 0
8977.5 0
8978.5 0
8979.5 0
8980.5 -1
8981.5 0
8982.5 0
8983.5 0
8984.5 1
8985.5 0
8986.5 0
8987.5 0
8988.5 -1
8989.5 0
8990.5 0
8991.5 0
8992.5 -1
8993.5 0
8994.5 0
8995.5 0
8996.5 0
8997.5 -1
8998.5 1
8999.5 0
9000.5 0
9001.5 0
9002.5 -1
9003.5 0
9004.5 0
9005.5 0
9006.5 0
9007.5 0
9008.5 0
9009.5 0
9010.5 0
9011.5 1
9012.5 0
9013.5 0
9014.5 0
9015.5 0
9016.5 0
9017.5 0
9018.5 0
9019.5 0
9020.5 0
9021.5 1
9022.5 0
9023.5 -1
9024.5 0
9025.5 0
9026.5 0
9027.5 0
9028.5 0
9029.5 1
9030.5 0
9031.5 -1
9032.5 0
9033.5 0
9034.5 0
9035.5 1
9036.5 1
9037.5 0
9038.5 0
9039.5 -1
9040.5 0
9041.5 1
9042.5 0
9043.5 -2
9044.5 0
9045.5 0
9046.5 0
9047.5 0
9048.5 0
9049.5 0
9050.5 0
9051.5 1
9052.5 0
9053.5 0
9054.5 0
9055.5 1
9056.5 0
9057.5 0
9058.5 0
9059.5 0
9060.5 0
9061.5 0
9062.5 0
9063.5 0
9064.5 2
9065.5 0
9066.5 0
9067.5 0
9068.5 0
9069.5 -1
9070.5 0
9071.5 0
9072.5 0
9073.5 0
9074.5 0
9075.5 0
9076.5 -1
9077.5 0
9078.5 0
9079.5 0
9080.5 0
9081.5 0
9082.5 0
9083.5 0
9084.5 -1
9085.5 0
9086.5 0
9087.5 0
9088.5 0
9089.5 0
9090.5 0
9091.5 -1
9092.5 1
9093.5 -1
9094.5 1
9095.5 0
9096.5 0
9097.5 0
9098.5 0
9099.5 0
9100.5 0
9101.5 0
9102.5 0
9103.5 -1
9104.5 0
9105.5 0
9106.5 1
9107.5 0
9108.5 0
9109.5 -1
9110.5 0
9111.5 0
9112.5 0
9113.5 0
9114.5 0
9115.5 0
9116.5 0
9117.5 0
9118.5 0
9119.5 -1
9120.5 -2
9121.5 1
9122.5 0
9123.5 0
9124.5 0
9125.5 0
9126.5 0
9127.5 0
9128.5 0
9129.5 -2
9130.5 0
9131.5 0
9132.5 0
9133.5 0
9134.5 0
9135.5 0
9136.5 1
9137.5 0
9138.5 0
9139.5 0
9140.5 0
9141.5 0
9142.5 0
9143.5 -1
9144.5 0
9145.5 0
9146.5 0
9147.5 0
9148.5 0
9149.5 1
9150.5 0
9151.5 1
9152.5 0
9153.5 0
9154.5 0
9155.5 0
9156.5 0
9157.5 -1
9158.5 0
9159.5 0
9160.5 0
9161.5 0
9162.5 -1
9163.5 0
9164.5 0
9165.5 0
9166.5 0
9167.5 0
9168.5 0
9169.5 0
9170.5 0
9171.5 1
9172.5 0
9173.5 0
9174.5 0
9175.5 0
9176.5 -2
9177.5 0
9178.5 0
9179.5 0
9180.5 1
9181.5 -1
9182.5 -1
9183.5 0
9184.5 0
9185.5 0
9186.5 0
9187.5 0
9188.5 0
9189.5 -2
9190.5 0
9191.5 0
9192.5 0
9193.5 0
9194.5 1
9195.5 0
9196.5 0
9197.5 1
9198.5 0
9199.5 2
9200.5 0
9201.5 1
9202.5 0
9203.5 0
9204.5 1
9205.5 0
9206.5 0
9207.5 0
9208.5 1
9209.5 0
9210.5 0
9211.5 0
9212.5 0
9213.5 0
9214.5 0
9215.5 0
9216.5 0
9217.5 -1
9218.5 0
9219.5 0
9220.5 0
9221.5 0
9222.5 0
9223.5 0
9224.5 0
9225.5 0
9226.5 0
9227.5 0
9228.5 0
9229.5 0
9230.5 1
9231.5 0
9232.5 0
9233.5 0
9234.5 -1
9235.5 0
9236.5 0
9237.5 -1
9238.5 0
9239.5 0
9240.5 0
9241.5 0
9242.5 0
9243.5 0
9244.5 0
9245.5 0
9246.5 0
9247.5 0
9248.5 0
9249.5 0
9250.5 1
9251.5 0
9252.5 0
9253.5 0
9254.5 1
9255.5 1
9256.5 0
9257.5 0
9258.5 0
9259.5 -1
9260.5 0
9261.5 1
9262.5 0
9263.5 -1
9264.5 0
9265.5 0
9266.5 0
9267.5 0
9268.5 -1
9269.5 0
9270.5 0
9271.5 0
9272.5 1
9273.5 0
9274.5 -1
9275.5 0
9276.5 0
9277.5 0
9278.5 0
9279.5 0
9280.5 0
9281.5 0
9282.5 0
9283.5 0
9284.5 0
9285.5 0
9286.5 0
9287.5 0
9288.5 0
9289.5 -2
9290.5 0
9291.5 0
9292.5 0
9293.5 0
9294.5 0
9295.5 0
9296.5 1
9297.5 0
9298.5 0
9299.5 0
9300.5 1
9301.5 0
9302.5 0
9303.5 0
9304.5 1
9305.5 0
9306.5 1
9307.5 -1
9308.5 0
9309.5 0
9310.5 0
9311.5 0
9312.5 0
9313.5 0
9314.5 0
9315.5 0
9316.5 0
9317.5 0
9318.5 1
9319.5 0
9320.5 0
9321.5 0
9322.5 0
9323.5 0
9324.5 0
9325.5 0
9326.5 0
9327.5 0
9328.5 2
9329.5 2
9330.5 0
9331.5 0
9332.5 0
9333.5 0
9334.5 0
9335.5 0
9336.5 0
9337.5 0
9338.5 0
9339.5 1
9340.5 0
9341.5 -1
9342.5 0
9343.5 -1
9344.5 -1
9345.5 -1
9346.5 0
9347.5 0
9348.5 0
9349.5 0
9350.5 0
9351.5 0
9352.5 -1
9353.5 0
9354.5 0
9355.5 2
9356.5 0
9357.5 0
9358.5 -1
9359.5 1
9360.5 -1
9361.5 0
9362.5 0
9363.5 0
9364.5 0
9365.5 0
9366.5 0
9367.5 0
9368.5 -1
9369.5 1
9370.5 0
9371.5 0
9372.5 0
9373.5 0
9374.5 -1
9375.5 1
9376.5 0
9377.5 0
9378.5 -1
9379.5 0
9380.5 0
9381.5 0
9382.5 0
9383.5 -1
9384.5 0
9385.5 0
9386.5 0
9387.5 1
9388.5 0
9389.5 0
9390.5 0
9391.5 0
9392.5 0
9393.5 -1
9394.5 0
9395.5 0
9396.5 0
9397.5 1
9398.5 -1
9399.5 -1
9400.5 0
9401.5 0
9402.5 0
9403.5 0
9404.5 0
9405.5 0
9406.5 0
9407.5 0
9408.5 0
9409.5 0
9410.5 0
9411.5 1
9412.5 0
9413.5 0
9414.5 1
9415.5 0
9416.5 -1
9417.5 0
9418.5 0
9419.5 0
9420.5 0
9421.5 0
9422.5 1
9423.5 0
9424.5 0
9425.5 0
9426.5 0
9427.5 0
9428.5 0
9429.5 0
9430.5 0
9431.5 1
9432.5 0
9433.5 0
9434.5 0
9435.5 -1
9436.5 0
9437.5 0
9438.5 0
9439.5 0
9440.5 0
9441.5 0
9442.5 0
9443.5 0
9444.5 0
9445.5 0
9446.5 0
9447.5 0
9448.5 0
9449.5 0
9450.5 0
9451.5 -1
9452.5 1
9453.5 0
9454.5 1
9455.5 1
9456.5 0
9457.5 0
9458.5 0
9459.5 0
9460.5 -1
9461.5 0
9462.5 1
9463.5 -1
9464.5 0
9465.5 1
9466.5 0
9467.5 1
9468.5 -1
9469.5 0
9470.5 0
9471.5 0
9472.5 0
9473.5 0
9474.5 0
9475.5 0
9476.5 0
9477.5 0
9478.5 0
9479.5 0
9480.5 0
9481.5 0
9482.5 0
9483.5 0
9484.5 0
9485.5 0
9486.5 0
9487.5 0
9488.5 0
9489.5 0
9490.5 0
9491.5 0
9492.5 0
9493.5 0
9494.5 0
9495.5 0
9496.5 0
9497.5 -1
9498.5 0
9499.5 0
9500.5 0
9501.5 0
9502.5 1
9503.5 0
9504.5 0
9505.5 -1
9506.5 0
9507.5 0
9508.5 0
9509.5 0
9510.5 0
9511.5 1
9512.5 0
9513.5 0
9514.5 0
9515.5 0
9516.5 0
9517.5 0
9518.5 1
9519.5 0
9520.5 -1
9521.5 0
9522.5 -1
9523.5 0
9524.5 0
9525.5 0
9526.5 0
9527.5 0
9528.5 0
9529.5 0
9530.5 1
9531.5 -1
9532.5 0
9533.5 0
9534.5 0
9535.5 1
9536.5 0
9537.5 0
9538.5 0
9539.5 0
9540.5 -1
9541.5 0
9542.5 0
9543.5 0
9544.5 0
9545.5 -1
9546.5 0
9547.5 0
9548.5 0
9549.5 0
9550.5 0
9551.5 0
9552.5 0
9553.5 -1
9554.5 0
9555.5 0
9556.5 0
9557.5 0
9558.5 0
9559.5 0
9560.5 -1
9561.5 0
9562.5 1
9563.5 1
9564.5 0
9565.5 -1
9566.5 0
9567.5 0
9568.5 0
9569.5 0
9570.5 0
9571.5 -1
9572.5 0
9573.5 0
9574.5 1
9575.5 0
9576.5 1
9577.5 0
9578.5 0
9579.5 0
9580.5 0
9581.5 0
9582.5 0
9583.5 -1
9584.5 0
9585.5 0
9586.5 0
9587.5 0
9588.5 0
9589.5 0
9590.5 0
9591.5 0
9592.5 0
9593.5 1
9594.5 0
9595.5 0
9596.5 0
9597.5 0
9598.5 0
9599.5 0
9600.5 0
9601.5 0
9602.5 0
9603.5 0
9604.5 0
9605.5 0
9606.5 -1
9607.5 0
9608.5 0
9609.5 0
9610.5 0
9611.5 1
9612.5 0
9613.5 0
9614.5 0
9615.5 0
9616.5 0
9617.5 0
9618.5 0
9619.5 1
9620.5 0
9621.5 0
9622.5 0
9623.5 0
9624.5 0
9625.5 0
9626.5 0
9627.5 0
9628.5 0
9629.5 0
9630.5 0
9631.5 0
9632.5 0
9633.5 0
9634.5 0
9635.5 0
9636.5 0
9637.5 0
9638.5 0
9639.5 0
9640.5 0
9641.5 0
9642.5 0
9643.5 0
9644.5 0
9645.5 0
9646.5 -1
9647.5 -2
9648.5 0
9649.5 0
9650.5 -1
9651.5 0
9652.5 0
9653.5 0
9654.5 0
9655.5 0
9656.5 0
9657.5 0
9658.5 0
9659.5 0
9660.5 0
9661.5 0
9662.5 0
9663.5 1
9664.5 0
9665.5 0
9666.5 0
9667.5 0
9668.5 2
9669.5 1
9670.5 0
9671.5 1
9672.5 0
9673.5 0
9674.5 0
9675.5 0
9676.5 0
9677.5 0
9678.5 0
9679.5 0
9680.5 0
9681.5 0
9682.5 0
9683.5 0
9684.5 0
9685.5 1
9686.5 0
9687.5 0
9688.5 0
9689.5 0
9690.5 0
9691.5 0
9692.5 1
9693.5 0
9694.5 0
9695.5 -1
9696.5 0
9697.5 0
9698.5 0
9699.5 1
9700.5 0
9701.5 0
9702.5 0
9703.5 0
9704.5 0
9705.5 0
9706.5 0
9707.5 0
9708.5 0
9709.5 0
9710.5 0
9711.5 0
9712.5 0
9713.5 0
9714.5 0
9715.5 0
9716.5 0
9717.5 0
9718.5 0
9719.5 0
9720.5 0
9721.5 0
9722.5 1
9723.5 0
9724.5 0
9725.5 0
9726.5 0
9727.5 -1
9728.5 0
9729.5 0
9730.5 0
9731.5 0
9732.5 0
9733.5 0
9734.5 0
9735.5 0
9736.5 0
9737.5 1
9738.5 0
9739.5 0
9740.5 0
9741.5 0
9742.5 1
9743.5 0
9744.5 0
9745.5 1
9746.5 0
9747.5 0
9748.5 0
9749.5 0
9750.5 0
9751.5 0
9752.5 0
9753.5 0
9754.5 0
9755.5 0
9756.5 1
9757.5 0
9758.5 -1
9759.5 0
9760.5 0
9761.5 0
9762.5 0
9763.5 0
9764.5 0
9765.5 1
9766.5 0
9767.5 0
9768.5 0
9769.5 0
9770.5 0
9771.5 0
9772.5 0
9773.5 0
9774.5 0
9775.5 0
9776.5 1
9777.5 1
9778.5 1
9779.5 0
9780.5 0
9781.5 0
9782.5 0
9783.5 0
9784.5 1
9785.5 0
9786.5 0
9787.5 0
9788.5 0
9789.5 0
9790.5 0
9791.5 0
9792.5 0
9793.5 0
9794.5 0
9795.5 0
9796.5 0
9797.5 0
9798.5 0
9799.5 0
9800.5 0
9801.5 0
9802.5 0
9803.5 0
9804.5 0
9805.5 0
9806.5 0
9807.5 0
9808.5 0
9809.5 0
9810.5 0
9811.5 0
9812.5 0
9813.5 0
9814.5 0
9815.5 0
9816.5 0
9817.5 0
9818.5 0
9819.5 1
9820.5 1
9821.5 0
9822.5 0
9823.5 0
9824.5 0
9825.5 0
9826.5 0
9827.5 0
9828.5 0
9829.5 0
9830.5 0
9831.5 0
9832.5 0
9833.5 0
9834.5 0
9835.5 0
9836.5 0
9837.5 0
9838.5 -1
9839.5 0
9840.5 0
9841.5 0
9842.5 0
9843.5 0
9844.5 1
9845.5 0
9846.5 -1
9847.5 0
9848.5 0
9849.5 0
9850.5 0
9851.5 -1
9852.5 0
9853.5 0
9854.5 0
9855.5 0
9856.5 0
9857.5 0
9858.5 0
9859.5 0
9860.5 1
9861.5 0
9862.5 0
9863.5 0
9864.5 0
9865.5 0
9866.5 0
9867.5 0
9868.5 0
9869.5 0
9870.5 0
9871.5 0
9872.5 0
9873.5 0
9874.5 0
9875.5 0
9876.5 0
9877.5 0
9878.5 0
9879.5 0
9880.5 0
9881.5 0
9882.5 0
9883.5 0
9884.5 0
9885.5 0
9886.5 0
9887.5 0
9888.5 0
9889.5 0
9890.5 0
9891.5 0
9892.5 0
9893.5 0
9894.5 1
9895.5 0
9896.5 0
9897.5 0
9898.5 0
9899.5 0
9900.5 0
9901.5 0
9902.5 0
9903.5 0
9904.5 0
9905.5 0
9906.5 0
9907.5 0
9908.5 1
9909.5 0
9910.5 0
9911.5 0
9912.5 0
9913.5 0
9914.5 0
9915.5 0
9916.5 0
9917.5 0
9918.5 0
9919.5 0
9920.5 0
9921.5 0
9922.5 0
9923.5 0
9924.5 0
9925.5 0
9926.5 0
9927.5 0
9928.5 0
9929.5 0
9930.5 0
9931.5 0
9932.5 0
9933.5 0
9934.5 0
9935.5 0
9936.5 0
9937.5 0
9938.5 0
9939.5 0
9940.5 0
9941.5 1
9942.5 0
9943.5 0
9944.5 0
9945.5 0
9946.5 0
9947.5 0
9948.5 0
9949.5 1
9950.5 0
9951.5 0
9952.5 0
9953.5 0
9954.5 0
9955.5 0
9956.5 0
9957.5 0
9958.5 0
9959.5 0
9960.5 0
9961.5 0
9962.5 1
9963.5 0
9964.5 0
9965.5 0
9966.5 0
9967.5 0
9968.5 0
9969.5 0
9970.5 0
9971.5 0
9972.5 0
9973.5 0
9974.5 0
9975.5 0
9976.5 0
9977.5 0
9978.5 0
9979.5 0
9980.5 0
9981.5 0
9982.5 0
9983.5 0
9984.5 0
9985.5 0
9986.5 0
9987.5 0
9988.5 0
9989.5 0
9990.5 0
9991.5 0
9992.5 0
9993.5 0
9994.5 0
9995.5 0
9996.5 0
9997.5 0
9998.5 0
9999.5 0
10000.5 0
10001.5 0
10002.5 0
10003.5 0
10004.5 0
10005.5 0
10006.5 0
10007.5 0
10008.5 0
10009.5 0
10010.5 0
10011.5 0
10012.5 0
10013.5 0
10014.5 0
10015.5 0
10016.5 0
10017.5 0
10018.5 0
10019.5 -1
10020.5 0
10021.5 0
10022.5 0
10023.5 0
10024.5 0
10025.5 0
10026.5 0
10027.5 0
10028.5 0
10029.5 0
10030.5 0
10031.5 0
10032.5 0
10033.5 0
10034.5 0
10035.5 0
10036.5 0
10037.5 0
10038.5 0
10039.5 0
10040.5 0
10041.5 0
10042.5 0
10043.5 0
10044.5 0
10045.5 0
10046.5 0
10047.5 0
10048.5 0
10049.5 0
10050.5 0
10051.5 0
10052.5 0
10053.5 0
10054.5 0
10055.5 0
10056.5 0
10057.5 0
10058.5 0
10059.5 0
10060.5 0
10061.5 0
10062.5 0
10063.5 0
10064.5 0
10065.5 0
10066.5 0
10067.5 0
10068.5 0
10069.5 0
10070.5 0
10071.5 -1
10072.5 0
10073.5 0
10074.5 0
10075.5 1
10076.5 0
10077.5 0
10078.5 0
10079.5 0
10080.5 0
10081.5 0
10082.5 0
10083.5 0
10084.5 0
10085.5 0
10086.5 0
10087.5 0
10088.5 0
10089.5 0
10090.5 0
10091.5 0
10092.5 0
10093.5 0
10094.5 0
10095.5 0
10096.5 0
10097.5 0
10098.5 0
10099.5 0
10100.5 0
10101.5 0
10102.5 0
10103.5 0
10104.5 0
10105.5 0
10106.5 0
10107.5 0
10108.5 0
10109.5 0
10110.5 0
10111.5 0
10112.5 0
10113.5 0
10114.5 0
10115.5 0
10116.5 0
10117.5 0
10118.5 0
10119.5 0
10120.5 0
10121.5 0
10122.5 0
10123.5 0
10124.5 0
10125.5 0
10126.5 0
10127.5 0
10128.5 0
10129.5 0
10130.5 0
10131.5 0
10132.5 0
10133.5 0
10134.5 0
10135.5 0
10136.5 0
10137.5 0
10138.5 -1
10139.5 0
10140.5 0
10141.5 1
10142.5 0
10143.5 0
10144.5 0
10145.5 0
10146.5 0
10147.5 0
10148.5 0
10149.5 0
10150.5 -1
10151.5 0
10152.5 0
10153.5 0
10154.5 1
10155.5 0
10156.5 0
10157.5 0
10158.5 0
10159.5 0
10160.5 0
10161.5 0
10162.5 0
10163.5 0
10164.5 0
10165.5 0
10166.5 0
10167.5 0
10168.5 0
10169.5 0
10170.5 0
10171.5 0
10172.5 0
10173.5 0
10174.5 -1
10175.5 0
10176.5 0
10177.5 0
10178.5 0
10179.5 0
10180.5 0
10181.5 0
10182.5 0
10183.5 0
10184.5 0
10185.5 0
10186.5 0
10187.5 0
10188.5 0
10189.5 0
10190.5 0
10191.5 0
10192.5 0
10193.5 0
10194.5 0
10195.5 0
10196.5 0
10197.5 0
10198.5 0
10199.5 1
10200.5 1
10201.5 0
10202.5 0
10203.5 0
10204.5 0
10205.5 0
10206.5 0
10207.5 0
10208.5 0
10209.5 -1
10210.5 0
10211.5 0
10212.5 0
10213.5 0
10214.5 0
10215.5 0
10216.5 0
10217.5 0
10218.5 0
10219.5 0
10220.5 0
10221.5 0
10222.5 0
10223.5 0
10224.5 0
10225.5 0
10226.5 0
10227.5 0
10228.5 0
10229.5 0
10230.5 0
10231.5 0
10232.5 0
10233.5 0
10234.5 0
10235.5 0
10236.5 0
10237.5 0
10238.5 0
10239.5 0
10240.5 0
10241.5 0
10242.5 0
10243.5 0
10244.5 0
10245.5 0
10246.5 0
10247.5 1
10248.5 0
10249.5 0
10250.5 0
10251.5 0
10252.5 0
10253.5 0
10254.5 1
10255.5 0
10256.5 0
10257.5 0
10258.5 0
10259.5 0
10260.5 0
10261.5 0
10262.5 0
10263.5 0
10264.5 0
10265.5 0
10266.5 -1
10267.5 0
10268.5 0
10269.5 0
10270.5 0
10271.5 0
10272.5 1
10273.5 0
10274.5 0
10275.5 0
10276.5 0
10277.5 1
10278.5 0
10279.5 0
10280.5 0
10281.5 0
10282.5 0
10283.5 0
10284.5 0
10285.5 0
10286.5 0
10287.5 0
10288.5 0
10289.5 1
10290.5 0
10291.5 0
10292.5 0
10293.5 0
10294.5 0
10295.5 0
10296.5 0
10297.5 0
10298.5 0
10299.5 0
10300.5 0
10301.5 0
10302.5 0
10303.5 0
10304.5 0
10305.5 0
10306.5 0
10307.5 0
10308.5 0
10309.5 0
10310.5 0
10311.5 0
10312.5 0
10313.5 0
10314.5 0
10315.5 0
10316.5 0
10317.5 0
10318.5 0
10319.5 0
10320.5 0
10321.5 0
10322.5 0
10323.5 0
10324.5 0
10325.5 0
10326.5 0
10327.5 0
10328.5 0
10329.5 0
10330.5 0
10331.5 0
10332.5 1
10333.5 0
10334.5 0
10335.5 0
10336.5 0
10337.5 0
10338.5 0
10339.5 0
10340.5 0
10341.5 0
10342.5 0
10343.5 0
10344.5 0
10345.5 0
10346.5 0
10347.5 0
10348.5 0
10349.5 0
10350.5 0
10351.5 0
10352.5 0
10353.5 0
10354.5 0
10355.5 0
10356.5 0
10357.5 0
10358.5 0
10359.5 0
10360.5 0
10361.5 0
10362.5 0
10363.5 0
10364.5 0
10365.5 0
10366.5 0
10367.5 0
10368.5 0
10369.5 0
10370.5 0
10371.5 0
10372.5 0
10373.5 0
10374.5 0
10375.5 0
10376.5 0
10377.5 0
10378.5 0
10379.5 1
10380.5 0
10381.5 0
10382.5 0
10383.5 0
10384.5 0
10385.5 0
10386.5 0
10387.5 0
10388.5 0
10389.5 0
10390.5 0
10391.5 0
10392.5 0
10393.5 0
10394.5 0
10395.5 0
10396.5 0
10397.5 0
10398.5 0
10399.5 0
10400.5 0
10401.5 0
10402.5 0
10403.5 0
10404.5 1
10405.5 0
10406.5 0
10407.5 0
10408.5 0
10409.5 0
10410.5 0
10411.5 0
10412.5 0
10413.5 0
10414.5 0
10415.5 0
10416.5 0
10417.5 0
10418.5 0
10419.5 0
10420.5 0
10421.5 0
10422.5 0
10423.5 0
10424.5 0
10425.5 0
10426.5 0
10427.5 0
10428.5 0
10429.5 0
10430.5 0
10431.5 0
10432.5 0
10433.5 0
10434.5 1
10435.5 0
10436.5 0
10437.5 0
10438.5 0
10439.5 0
10440.5 0
10441.5 0
10442.5 0
10443.5 0
10444.5 0
10445.5 0
10446.5 0
10447.5 0
10448.5 0
10449.5 0
10450.5 0
10451.5 0
10452.5 0
10453.5 0
10454.5 0
10455.5 0
10456.5 0
10457.5 0
10458.5 0
10459.5 0
10460.5 0
10461.5 0
10462.5 0
10463.5 0
10464.5 0
10465.5 0
10466.5 0
10467.5 0
10468.5 0
10469.5 0
10470.5 0
10471.5 0
10472.5 0
10473.5 0
10474.5 0
10475.5 0
10476.5 0
10477.5 0
10478.5 0
10479.5 0
10480.5 0
10481.5 0
10482.5 0
10483.5 0
10484.5 0
10485.5 0
10486.5 0
10487.5 0
10488.5 0
10489.5 0
10490.5 0
10491.5 0
10492.5 0
10493.5 0
10494.5 0
10495.5 0
10496.5 0
10497.5 0
10498.5 0
10499.5 0
10500.5 0
10501.5 0
10502.5 0
10503.5 0
10504.5 0
10505.5 0
10506.5 0
10507.5 1
10508.5 0
10509.5 0
10510.5 0
10511.5 0
10512.5 0
10513.5 0
10514.5 0
10515.5 0
10516.5 0
10517.5 0
10518.5 0
10519.5 0
10520.5 0
10521.5 0
10522.5 0
10523.5 0
10524.5 0
10525.5 0
10526.5 0
10527.5 0
10528.5 0
10529.5 0
10530.5 0
10531.5 0
10532.5 0
10533.5 0
10534.5 0
10535.5 0
10536.5 0
10537.5 0
10538.5 0
10539.5 0
10540.5 0
10541.5 0
10542.5 0
10543.5 0
10544.5 0
10545.5 0
10546.5 0
10547.5 0
10548.5 0
10549.5 0
10550.5 0
10551.5 0
10552.5 0
10553.5 0
10554.5 0
10555.5 0
10556.5 0
10557.5 0
10558.5 0
10559.5 0
10560.5 0
10561.5 0
10562.5 0
10563.5 0
10564.5 0
10565.5 0
10566.5 0
10567.5 0
10568.5 0
10569.5 0
10570.5 0
10571.5 0
10572.5 0
10573.5 0
10574.5 0
10575.5 0
10576.5 0
10577.5 0
10578.5 0
10579.5 0
10580.5 0
10581.5 0
10582.5 0
10583.5 0
10584.5 0
10585.5 0
10586.5 0
10587.5 0
10588.5 0
10589.5 0
10590.5 0
10591.5 0
10592.5 0
10593.5 0
10594.5 0
10595.5 0
10596.5 0
10597.5 0
10598.5 0
10599.5 0
10600.5 0
10601.5 0
10602.5 0
10603.5 0
10604.5 0
10605.5 0
10606.5 0
10607.5 0
10608.5 0
10609.5 0
10610.5 0
10611.5 0
10612.5 0
10613.5 0
10614.5 0
10615.5 0
10616.5 0
10617.5 0
10618.5 0
10619.5 0
10620.5 0
10621.5 0
10622.5 0
10623.5 0
10624.5 0
10625.5 0
10626.5 0
10627.5 0
10628.5 0
10629.5 0
10630.5 1
10631.5 0
10632.5 0
10633.5 0
10634.5 0
10635.5 0
10636.5 0
10637.5 0
10638.5 0
10639.5 0
10640.5 0
10641.5 0
10642.5 0
10643.5 0
10644.5 0
10645.5 0
10646.5 0
10647.5 0
10648.5 0
10649.5 0
10650.5 0
10651.5 0
10652.5 0
10653.5 0
10654.5 0
10655.5 0
10656.5 0
10657.5 0
10658.5 0
10659.5 0
10660.5 0
10661.5 0
10662.5 0
10663.5 0
10664.5 0
10665.5 0
10666.5 0
10667.5 0
10668.5 0
10669.5 0
10670.5 0
10671.5 0
10672.5 0
10673.5 0
10674.5 0
10675.5 0
10676.5 0
10677.5 0
10678.5 0
10679.5 0
10680.5 0
10681.5 0
10682.5 0
10683.5 0
10684.5 0
10685.5 0
10686.5 0
10687.5 0
10688.5 0
10689.5 0
10690.5 0
10691.5 0
10692.5 0
10693.5 0
10694.5 0
10695.5 0
10696.5 0
10697.5 0
10698.5 0
10699.5 0
10700.5 0
10701.5 0
10702.5 0
10703.5 0
10704.5 0
10705.5 0
10706.5 0
10707.5 0
10708.5 0
10709.5 0
10710.5 0
10711.5 0
10712.5 0
10713.5 0
10714.5 0
10715.5 0
10716.5 0
10717.5 0
10718.5 0
10719.5 0
10720.5 0
10721.5 0
10722.5 0
10723.5 0
10724.5 0
10725.5 0
10726.5 0
10727.5 0
10728.5 0
10729.5 0
10730.5 0
10731.5 0
10732.5 0
10733.5 0
10734.5 0
10735.5 0
10736.5 0
10737.5 0
10738.5 0
10739.5 0
10740.5 0
10741.5 0
10742.5 0
10743.5 0
10744.5 0
10745.5 0
10746.5 0
10747.5 0
10748.5 0
10749.5 0
10750.5 0
10751.5 0
10752.5 0
10753.5 0
10754.5 0
10755.5 0
10756.5 0
10757.5 0
10758.5 0
10759.5 0
10760.5 0
10761.5 0
10762.5 0
10763.5 0
10764.5 0
10765.5 0
10766.5 0
10767.5 0
10768.5 0
10769.5 0
10770.5 0
10771.5 0
10772.5 0
10773.5 0
10774.5 0
10775.5 0
10776.5 0
10777.5 0
10778.5 0
10779.5 0
10780.5 0
10781.5 0
10782.5 0
10783.5 0
10784.5 0
10785.5 0
10786.5 0
10787.5 0
10788.5 0
10789.5 0
10790.5 0
10791.5 0
10792.5 0
10793.5 0
10794.5 0
10795.5 0
10796.5 0
10797.5 0
10798.5 0
10799.5 0
10800.5 0
10801.5 0
10802.5 0
10803.5 0
10804.5 0
10805.5 0
10806.5 0
10807.5 0
10808.5 0
10809.5 0
10810.5 0
10811.5 0
10812.5 0
10813.5 0
10814.5 0
10815.5 0
10816.5 0
10817.5 0
10818.5 0
10819.5 0
10820.5 0
10821.5 0
10822.5 0
10823.5 0
10824.5 0
10825.5 0
10826.5 0
10827.5 0
10828.5 0
10829.5 0
10830.5 0
10831.5 0
10832.5 0
10833.5 0
10834.5 0
10835.5 0
10836.5 0
10837.5 0
10838.5 0
10839.5 0
10840.5 0
10841.5 0
10842.5 0
10843.5 0
10844.5 0
10845.5 0
10846.5 0
10847.5 0
10848.5 0
10849.5 0
10850.5 0
10851.5 0
10852.5 0
10853.5 0
10854.5 0
10855.5 0
10856.5 0
10857.5 0
10858.5 0
10859.5 0
10860.5 0
10861.5 0
10862.5 0
10863.5 0
10864.5 -1
10865.5 0
10866.5 0
10867.5 0
10868.5 0
10869.5 0
10870.5 0
10871.5 0
10872.5 0
10873.5 0
10874.5 0
10875.5 0
10876.5 0
10877.5 0
10878.5 0
10879.5 0
10880.5 0
10881.5 0
10882.5 0
10883.5 0
10884.5 0
10885.5 0
10886.5 0
10887.5 0
10888.5 0
10889.5 0
10890.5 0
10891.5 0
10892.5 0
10893.5 0
10894.5 0
10895.5 0
10896.5 0
10897.5 0
10898.5 0
10899.5 0
10900.5 0
10901.5 0
10902.5 0
10903.5 0
10904.5 0
10905.5 0
10906.5 0
10907.5 0
10908.5 0
10909.5 0
10910.5 0
10911.5 0
10912.5 0
10913.5 0
10914.5 0
10915.5 0
10916.5 0
10917.5 0
10918.5 0
10919.5 0
10920.5 0
10921.5 0
10922.5 0
10923.5 0
10924.5 0
10925.5 0
10926.5 0
10927.5 0
10928.5 0
10929.5 0
10930.5 0
10931.5 0
10932.5 0
10933.5 0
10934.5 0
10935.5 0
10936.5 0
10937.5 0
10938.5 0
10939.5 0
10940.5 0
10941.5 0
10942.5 0
10943.5 0
10944.5 0
10945.5 0
10946.5 0
10947.5 0
10948.5 0
10949.5 0
10950.5 0
10951.5 0
10952.5 0
10953.5 0
10954.5 0
10955.5 0
10956.5 0
10957.5 0
10958.5 1
10959.5 0
10960.5 0
10961.5 0
10962.5 0
10963.5 0
10964.5 0
10965.5 0
10966.5 0
10967.5 0
10968.5 0
10969.5 0
10970.5 0
10971.5 0
10972.5 0
10973.5 0
10974.5 0
10975.5 0
10976.5 0
10977.5 0
10978.5 0
10979.5 0
10980.5 0
10981.5 0
10982.5 0
10983.5 0
10984.5 0
10985.5 0
10986.5 0
10987.5 0
10988.5 0
10989.5 0
10990.5 0
10991.5 0
10992.5 0
10993.5 0
10994.5 0
10995.5 0
10996.5 0
10997.5 0
10998.5 0
10999.5 0
11000.5 0
11001.5 0
11002.5 0
11003.5 0
11004.5 0
11005.5 0
11006.5 0
11007.5 0
11008.5 0
11009.5 0
11010.5 0
11011.5 0
11012.5 -1
11013.5 0
11014.5 0
11015.5 0
11016.5 0
11017.5 0
11018.5 0
11019.5 0
11020.5 0
11021.5 0
11022.5 0
11023.5 0
11024.5 0
11025.5 0
11026.5 0
11027.5 0
11028.5 0
11029.5 0
11030.5 0
11031.5 0
11032.5 0
11033.5 0
11034.5 0
11035.5 0
11036.5 0
11037.5 0
11038.5 0
11039.5 0
11040.5 0
11041.5 0
11042.5 0
11043.5 0
11044.5 0
11045.5 1
11046.5 0
11047.5 0
11048.5 0
11049.5 0
11050.5 0
11051.5 0
11052.5 0
11053.5 0
11054.5 0
11055.5 0
11056.5 0
11057.5 0
11058.5 0
11059.5 0
11060.5 1
11061.5 0
11062.5 0
11063.5 1
11064.5 0
11065.5 0
11066.5 0
11067.5 0
11068.5 0
11069.5 0
11070.5 1
11071.5 0
11072.5 0
11073.5 0
11074.5 0
11075.5 0
11076.5 0
11077.5 0
11078.5 0
11079.5 0
11080.5 0
11081.5 0
11082.5 0
11083.5 0
11084.5 0
11085.5 0
11086.5 0
11087.5 0
11088.5 0
11089.5 0
11090.5 0
11091.5 0
11092.5 0
11093.5 0
11094.5 0
11095.5 0
11096.5 0
11097.5 0
11098.5 0
11099.5 0
11100.5 0
11101.5 0
11102.5 0
11103.5 0
11104.5 0
11105.5 0
11106.5 0
11107.5 0
11108.5 0
11109.5 0
11110.5 1
11111.5 0
11112.5 0
11113.5 0
11114.5 1
11115.5 0
11116.5 0
11117.5 0
11118.5 0
11119.5 0
11120.5 0
11121.5 0
11122.5 0
11123.5 0
11124.5 0
11125.5 0
11126.5 0
11127.5 0
11128.5 0
11129.5 0
11130.5 0
11131.5 0
11132.5 0
11133.5 0
11134.5 0
11135.5 0
11136.5 0
11137.5 0
11138.5 0
11139.5 0
11140.5 0
11141.5 0
11142.5 0
11143.5 0
11144.5 0
11145.5 0
11146.5 0
11147.5 0
11148.5 0
11149.5 0
11150.5 0
11151.5 0
11152.5 0
11153.5 0
11154.5 0
11155.5 0
11156.5 0
11157.5 0
11158.5 0
11159.5 0
11160.5 0
11161.5 0
11162.5 0
11163.5 0
11164.5 0
11165.5 0
11166.5 0
11167.5 0
11168.5 0
11169.5 0
11170.5 0
11171.5 0
11172.5 0
11173.5 0
11174.5 0
11175.5 0
11176.5 0
11177.5 0
11178.5 0
11179.5 0
11180.5 0
11181.5 0
11182.5 0
11183.5 0
11184.5 0
11185.5 0
11186.5 0
11187.5 0
11188.5 0
11189.5 0
11190.5 0
11191.5 0
11192.5 0
11193.5 0
11194.5 0
11195.5 0
11196.5 0
11197.5 0
11198.5 0
11199.5 0
11200.5 0
11201.5 0
11202.5 0
11203.5 0
11204.5 0
11205.5 0
11206.5 0
11207.5 0
11208.5 0
11209.5 0
11210.5 0
11211.5 0
11212.5 0
11213.5 0
11214.5 0
11215.5 0
11216.5 0
11217.5 0
11218.5 0
11219.5 0
11220.5 0
11221.5 0
11222.5 0
11223.5 0
11224.5 0
11225.5 0
11226.5 0
11227.5 0
11228.5 0
11229.5 0
11230.5 0
11231.5 0
11232.5 0
11233.5 0
11234.5 0
11235.5 0
11236.5 0
11237.5 0
11238.5 0
11239.5 0
11240.5 0
11241.5 1
11242.5 0
11243.5 0
11244.5 0
11245.5 0
11246.5 0
11247.5 0
11248.5 0
11249.5 0
11250.5 0
11251.5 0
11252.5 0
11253.5 0
11254.5 0
11255.5 0
11256.5 0
11257.5 0
11258.5 0
11259.5 0
11260.5 0
11261.5 0
11262.5 0
11263.5 0
11264.5 0
11265.5 0
11266.5 0
11267.5 0
11268.5 0
11269.5 0
11270.5 0
11271.5 0
11272.5 0
11273.5 0
11274.5 0
11275.5 0
11276.5 0
11277.5 0
11278.5 0
11279.5 0
11280.5 0
11281.5 0
11282.5 0
11283.5 0
11284.5 0
11285.5 0
11286.5 0
11287.5 0
11288.5 0
11289.5 0
11290.5 0
11291.5 0
11292.5 0
11293.5 0
11294.5 0
11295.5 0
11296.5 0
11297.5 0
11298.5 0
11299.5 0
11300.5 0
11301.5 0
11302.5 0
11303.5 0
11304.5 0
11305.5 0
11306.5 0
11307.5 0
11308.5 0
11309.5 0
11310.5 0
11311.5 0
11312.5 0
11313.5 0
11314.5 0
11315.5 0
11316.5 0
11317.5 0
11318.5 0
11319.5 0
11320.5 0
11321.5 0
11322.5 0
11323.5 0
11324.5 0
11325.5 0
11326.5 0
11327.5 0
11328.5 0
11329.5 0
11330.5 0
11331.5 0
11332.5 0
11333.5 0
11334.5 0
11335.5 0
11336.5 0
11337.5 0
11338.5 0
11339.5 0
11340.5 0
11341.5 0
11342.5 0
11343.5 0
11344.5 0
11345.5 0
11346.5 0
11347.5 0
11348.5 0
11349.5 0
11350.5 0
11351.5 0
11352.5 0
11353.5 0
11354.5 0
11355.5 0
11356.5 0
11357.5 0
11358.5 0
11359.5 0
11360.5 0
11361.5 0
11362.5 0
11363.5 0
11364.5 0
11365.5 0
11366.5 0
11367.5 0
11368.5 0
11369.5 0
11370.5 0
11371.5 0
11372.5 0
11373.5 0
11374.5 0
11375.5 0
11376.5 0
11377.5 1
11378.5 0
11379.5 0
11380.5 0
11381.5 0
11382.5 0
11383.5 0
11384.5 1
11385.5 0
11386.5 0
11387.5 0
11388.5 0
11389.5 0
11390.5 0
11391.5 0
11392.5 0
11393.5 0
11394.5 0
11395.5 0
11396.5 0
11397.5 0
11398.5 0
11399.5 0
11400.5 0
11401.5 0
11402.5 0
11403.5 0
11404.5 0
11405.5 0
11406.5 0
11407.5 0
11408.5 0
11409.5 0
11410.5 1
11411.5 0
11412.5 0
11413.5 0
11414.5 0
11415.5 0
11416.5 0
11417.5 0
11418.5 0
11419.5 0
11420.5 0
11421.5 0
11422.5 0
11423.5 0
11424.5 0
11425.5 0
11426.5 0
11427.5 0
11428.5 0
11429.5 0
11430.5 0
11431.5 0
11432.5 0
11433.5 0
11434.5 0
11435.5 0
11436.5 0
11437.5 0
11438.5 0
11439.5 0
11440.5 0
11441.5 0
11442.5 0
11443.5 0
11444.5 0
11445.5 1
11446.5 0
11447.5 0
11448.5 0
11449.5 0
11450.5 0
11451.5 0
11452.5 0
11453.5 0
11454.5 0
11455.5 0
11456.5 0
11457.5 0
11458.5 0
11459.5 0
11460.5 0
11461.5 0
11462.5 0
11463.5 0
11464.5 0
11465.5 0
11466.5 0
11467.5 0
11468.5 0
11469.5 0
11470.5 0
11471.5 0
11472.5 0
11473.5 0
11474.5 0
11475.5 0
11476.5 0
11477.5 0
11478.5 0
11479.5 0
11480.5 0
11481.5 0
11482.5 0
11483.5 0
11484.5 0
11485.5 0
11486.5 0
11487.5 0
11488.5 0
11489.5 0
11490.5 0
11491.5 0
11492.5 0
11493.5 0
11494.5 0
11495.5 0
11496.5 0
11497.5 0
11498.5 0
11499.5 0
11500.5 0
11501.5 0
11502.5 0
11503.5 0
11504.5 0
11505.5 0
11506.5 0
11507.5 0
11508.5 0
11509.5 0
11510.5 0
11511.5 0
11512.5 0
11513.5 0
11514.5 0
11515.5 0
11516.5 0
11517.5 0
11518.5 0
11519.5 0
11520.5 0
11521.5 0
11522.5 0
11523.5 1
11524.5 0
11525.5 0
11526.5 0
11527.5 0
11528.5 0
11529.5 0
11530.5 0
11531.5 0
11532.5 0
11533.5 0
11534.5 0
11535.5 0
11536.5 0
11537.5 0
11538.5 0
11539.5 0
11540.5 0
11541.5 0
11542.5 0
11543.5 0
11544.5 0
11545.5 0
11546.5 0
11547.5 0
11548.5 0
11549.5 0
11550.5 0
11551.5 0
11552.5 0
11553.5 0
11554.5 0
11555.5 0
11556.5 0
11557.5 0
11558.5 0
11559.5 0
11560.5 0
11561.5 0
11562.5 0
11563.5 0
11564.5 0
11565.5 0
11566.5 0
11567.5 0
11568.5 0
11569.5 0
11570.5 0
11571.5 0
11572.5 0
11573.5 0
11574.5 0
11575.5 0
11576.5 0
11577.5 0
11578.5 0
11579.5 0
11580.5 0
11581.5 0
11582.5 0
11583.5 0
11584.5 0
11585.5 0
11586.5 0
11587.5 0
11588.5 0
11589.5 0
11590.5 0
11591.5 0
11592.5 0
11593.5 0
11594.5 0
11595.5 0
11596.5 0
11597.5 0
11598.5 0
11599.5 0
11600.5 0
11601.5 0
11602.5 0
11603.5 0
11604.5 0
11605.5 0
11606.5 0
11607.5 -1
11608.5 0
11609.5 0
11610.5 0
11611.5 0
11612.5 0
11613.5 0
11614.5 0
11615.5 0
11616.5 0
11617.5 0
11618.5 0
11619.5 0
11620.5 0
11621.5 0
11622.5 0
11623.5 0
11624.5 0
11625.5 0
11626.5 0
11627.5 0
11628.5 0
11629.5 0
11630.5 0
11631.5 0
11632.5 0
11633.5 0
11634.5 0
11635.5 0
11636.5 0
11637.5 0
11638.5 0
11639.5 0
11640.5 0
11641.5 0
11642.5 0
11643.5 0
11644.5 0
11645.5 0
11646.5 0
11647.5 0
11648.5 0
11649.5 0
11650.5 0
11651.5 0
11652.5 0
11653.5 0
11654.5 0
11655.5 0
11656.5 0
11657.5 0
11658.5 0
11659.5 0
11660.5 0
11661.5 0
11662.5 0
11663.5 0
11664.5 0
11665.5 0
11666.5 0
11667.5 0
11668.5 0
11669.5 0
11670.5 0
11671.5 0
11672.5 0
11673.5 0
11674.5 0
11675.5 0
11676.5 0
11677.5 0
11678.5 0
11679.5 0
11680.5 0
11681.5 0
11682.5 0
11683.5 0
11684.5 0
11685.5 0
11686.5 0
11687.5 0
11688.5 0
11689.5 0
11690.5 0
11691.5 0
11692.5 0
11693.5 0
11694.5 0
11695.5 0
11696.5 0
11697.5 0
11698.5 0
11699.5 0
11700.5 0
11701.5 0
11702.5 0
11703.5 0
11704.5 0
11705.5 0
11706.5 0
11707.5 0
11708.5 0
11709.5 0
11710.5 0
11711.5 0
11712.5 0
11713.5 0
11714.5 0
11715.5 0
11716.5 0
11717.5 0
11718.5 0
11719.5 0
11720.5 0
11721.5 0
11722.5 0
11723.5 0
11724.5 0
11725.5 0
11726.5 0
11727.5 0
11728.5 0
11729.5 0
11730.5 0
11731.5 0
11732.5 0
11733.5 0
11734.5 0
11735.5 0
11736.5 0
11737.5 0
11738.5 0
11739.5 0
11740.5 0
11741.5 0
11742.5 0
11743.5 0
11744.5 0
11745.5 0
11746.5 0
11747.5 0
11748.5 0
11749.5 0
11750.5 0
11751.5 0
11752.5 0
11753.5 0
11754.5 0
11755.5 0
11756.5 0
11757.5 0
11758.5 0
11759.5 0
11760.5 0
11761.5 0
11762.5 0
11763.5 0
11764.5 0
11765.5 0
11766.5 0
11767.5 0
11768.5 0
11769.5 0
11770.5 0
11771.5 0
11772.5 0
11773.5 0
11774.5 0
11775.5 0
11776.5 0
11777.5 0
11778.5 0
11779.5 0
11780.5 0
11781.5 0
11782.5 0
11783.5 0
11784.5 0
11785.5 0
11786.5 0
11787.5 0
11788.5 0
11789.5 0
11790.5 0
11791.5 0
11792.5 0
11793.5 0
11794.5 0
11795.5 0
11796.5 0
11797.5 0
11798.5 0
11799.5 0
11800.5 0
11801.5 0
11802.5 0
11803.5 0
11804.5 0
11805.5 0
11806.5 0
11807.5 0
11808.5 0
11809.5 0
11810.5 0
11811.5 0
11812.5 0
11813.5 0
11814.5 0
11815.5 0
11816.5 0
11817.5 0
11818.5 0
11819.5 0
11820.5 0
11821.5 0
11822.5 0
11823.5 0
11824.5 0
11825.5 0
11826.5 0
11827.5 0
11828.5 0
11829.5 0
11830.5 0
11831.5 0
11832.5 0
11833.5 0
11834.5 0
11835.5 0
11836.5 0
11837.5 0
11838.5 0
11839.5 0
11840.5 0
11841.5 0
11842.5 0
11843.5 0
11844.5 0
11845.5 0
11846.5 0
11847.5 0
11848.5 1
11849.5 0
11850.5 0
11851.5 0
11852.5 0
11853.5 0
11854.5 0
11855.5 0
11856.5 0
11857.5 0
11858.5 0
11859.5 0
11860.5 0
11861.5 0
11862.5 0
11863.5 0
11864.5 0
11865.5 0
11866.5 0
11867.5 1
11868.5 0
11869.5 0
11870.5 0
11871.5 0
11872.5 0
11873.5 0
11874.5 0
11875.5 0
11876.5 0
11877.5 0
11878.5 0
11879.5 0
11880.5 0
11881.5 0
11882.5 0
11883.5 0
11884.5 0
11885.5 0
11886.5 0
11887.5 0
11888.5 0
11889.5 0
11890.5 0
11891.5 0
11892.5 0
11893.5 0
11894.5 0
11895.5 0
11896.5 0
11897.5 0
11898.5 0
11899.5 0
11900.5 0
11901.5 0
11902.5 0
11903.5 0
11904.5 0
11905.5 0
11906.5 0
11907.5 0
11908.5 0
11909.5 0
11910.5 0
11911.5 1
11912.5 0
11913.5 0
11914.5 0
11915.5 0
11916.5 0
11917.5 0
11918.5 0
11919.5 0
11920.5 0
11921.5 0
11922.5 0
11923.5 0
11924.5 0
11925.5 0
11926.5 0
11927.5 0
11928.5 0
11929.5 0
11930.5 0
11931.5 0
11932.5 0
11933.5 0
11934.5 0
11935.5 0
11936.5 0
11937.5 0
11938.5 0
11939.5 0
11940.5 0
11941.5 0
11942.5 0
11943.5 0
11944.5 0
11945.5 0
11946.5 0
11947.5 0
11948.5 0
11949.5 0
11950.5 0
11951.5 0
11952.5 0
11953.5 0
11954.5 0
11955.5 0
11956.5 0
11957.5 0
11958.5 0
11959.5 0
11960.5 0
11961.5 0
11962.5 0
11963.5 0
11964.5 0
11965.5 0
11966.5 0
11967.5 0
11968.5 0
11969.5 0
11970.5 0
11971.5 0
11972.5 0
11973.5 0
11974.5 0
11975.5 0
11976.5 0
11977.5 0
11978.5 0
11979.5 0
11980.5 0
11981.5 0
11982.5 0
11983.5 0
11984.5 0
11985.5 0
11986.5 0
11987.5 0
11988.5 0
11989.5 0
11990.5 0
11991.5 0
11992.5 0
11993.5 0
11994.5 0
11995.5 0
11996.5 0
11997.5 0
11998.5 0
11999.5 0
