# EGG_ProjY_E5582.0(6.0)_B5568.0(6.0)_B5568.0(3.0)_B5648.0(2.0)
# X axis : Energy (keV) [Y axis]
# Y axis : Counts/1 keV
# N Bins : 12000
# X Min : 0
# X Max : 12000
# X value at the center of the bins
0.5 0
1.5 0
2.5 0
3.5 0
4.5 0
5.5 8.81817
6.5 61.8182
7.5 42.6363
8.5 28.0909
9.5 26.1818
10.5 34.0909
11.5 62.4545
12.5 20.7273
13.5 8.54545
14.5 8.0909
15.5 17.5454
16.5 62.3636
17.5 49.1818
18.5 66.5454
19.5 58.5454
20.5 43.5454
21.5 146.455
22.5 152
23.5 153.364
24.5 214.182
25.5 248.818
26.5 304.273
27.5 259
28.5 261.545
29.5 336.455
30.5 383.364
31.5 392
32.5 330.727
33.5 296.909
34.5 378.364
35.5 366.455
36.5 384.364
37.5 328.545
38.5 342
39.5 352.818
40.5 449.091
41.5 557.455
42.5 399.909
43.5 514.727
44.5 418.727
45.5 352.364
46.5 399
47.5 455.364
48.5 544.636
49.5 455.364
50.5 348.364
51.5 348.727
52.5 565.909
53.5 381.545
54.5 341.091
55.5 348.091
56.5 440.364
57.5 655
58.5 616.182
59.5 609.182
60.5 517.364
61.5 464.182
62.5 412.545
63.5 520.727
64.5 387.818
65.5 428.909
66.5 565.273
67.5 407.818
68.5 553.636
69.5 399.454
70.5 505.455
71.5 502.091
72.5 518.909
73.5 532.454
74.5 809.636
75.5 881.636
76.5 974.727
77.5 1065
78.5 775.091
79.5 630.727
80.5 638.727
81.5 491.364
82.5 481.818
83.5 448.909
84.5 378.364
85.5 474.182
86.5 644.818
87.5 622.454
88.5 715.818
89.5 564.182
90.5 664.545
91.5 507.818
92.5 320.091
93.5 518.454
94.5 469.454
95.5 514.636
96.5 484.636
97.5 406.909
98.5 593.909
99.5 552.636
100.5 575.818
101.5 498
102.5 489.454
103.5 449.909
104.5 540.818
105.5 428.364
106.5 389.727
107.5 429.273
108.5 574.727
109.5 467.091
110.5 510.364
111.5 482.727
112.5 616
113.5 521.727
114.5 453.454
115.5 514.364
116.5 481.636
117.5 591.909
118.5 611.273
119.5 552.727
120.5 558.545
121.5 425.545
122.5 581.545
123.5 654.818
124.5 653.364
125.5 814.636
126.5 818.182
127.5 562.273
128.5 757.909
129.5 628.182
130.5 621.364
131.5 697.182
132.5 827.364
133.5 703.273
134.5 694
135.5 599.273
136.5 744.818
137.5 677.182
138.5 700.364
139.5 658.818
140.5 695.182
141.5 605.273
142.5 592.727
143.5 573.091
144.5 509
145.5 601.818
146.5 696.818
147.5 606.545
148.5 668.454
149.5 664.545
150.5 617.636
151.5 730.364
152.5 684.182
153.5 742.727
154.5 697.273
155.5 775.909
156.5 716.182
157.5 638.273
158.5 607.364
159.5 556.091
160.5 554.818
161.5 660.091
162.5 573.727
163.5 663.454
164.5 665.182
165.5 653.636
166.5 649.091
167.5 579.273
168.5 708.545
169.5 624
170.5 878.273
171.5 680
172.5 749.454
173.5 627.364
174.5 789.818
175.5 755.909
176.5 768.545
177.5 692.091
178.5 702.273
179.5 562.454
180.5 618.636
181.5 548
182.5 562.273
183.5 471.636
184.5 601.091
185.5 675.727
186.5 589.454
187.5 528.727
188.5 631.454
189.5 483.727
190.5 628.636
191.5 623.818
192.5 552.454
193.5 560.727
194.5 568.091
195.5 619.727
196.5 633.545
197.5 611.909
198.5 748.545
199.5 686.909
200.5 762.182
201.5 928.909
202.5 689
203.5 905.545
204.5 808.454
205.5 719.364
206.5 831.545
207.5 767.545
208.5 825.636
209.5 785.636
210.5 855.545
211.5 823.636
212.5 840.273
213.5 793.636
214.5 821.273
215.5 747.636
216.5 674.182
217.5 811.818
218.5 636.364
219.5 768.545
220.5 670.545
221.5 785.818
222.5 768.545
223.5 657.273
224.5 858.909
225.5 791.818
226.5 933.636
227.5 875.091
228.5 852.909
229.5 934.545
230.5 786.545
231.5 845
232.5 754.636
233.5 794.364
234.5 1021.82
235.5 816.454
236.5 753.091
237.5 779.727
238.5 714.909
239.5 806.909
240.5 696.545
241.5 760.273
242.5 771.818
243.5 787.909
244.5 884.273
245.5 737.909
246.5 839.273
247.5 610.636
248.5 569.182
249.5 609.727
250.5 544.273
251.5 345.909
252.5 433.364
253.5 584.182
254.5 587.182
255.5 698.545
256.5 645.818
257.5 706.727
258.5 678.818
259.5 609.454
260.5 638.636
261.5 602.636
262.5 573.091
263.5 558.091
264.5 581
265.5 521.182
266.5 368.818
267.5 468.273
268.5 517
269.5 370.364
270.5 436.273
271.5 401.727
272.5 320.545
273.5 501.091
274.5 473.273
275.5 393.273
276.5 542.091
277.5 515.091
278.5 579.364
279.5 526.273
280.5 559
281.5 523.182
282.5 589.091
283.5 552.454
284.5 545
285.5 609.091
286.5 624.909
287.5 646.909
288.5 586.091
289.5 633.091
290.5 542.091
291.5 594.454
292.5 511.636
293.5 613.818
294.5 563.818
295.5 544.545
296.5 604.091
297.5 639.818
298.5 581.727
299.5 515.454
300.5 694.909
301.5 577.727
302.5 659.273
303.5 584.636
304.5 658.454
305.5 686.727
306.5 713.455
307.5 824.636
308.5 784.727
309.5 930.364
310.5 950.818
311.5 1199.91
312.5 1253.64
313.5 1494.27
314.5 1436.82
315.5 1532.18
316.5 1485.45
317.5 1564.09
318.5 1721.36
319.5 1399.64
320.5 1534
321.5 1288.55
322.5 1143.55
323.5 870.091
324.5 576.273
325.5 381.545
326.5 198.818
327.5 -128
328.5 -70.8183
329.5 -445.636
330.5 -486.636
331.5 -480.364
332.5 -425.091
333.5 -277.909
334.5 -322.636
335.5 -182.636
336.5 -46.5455
337.5 76.0909
338.5 253.909
339.5 281.182
340.5 225.909
341.5 365.273
342.5 328.273
343.5 427.091
344.5 436.636
345.5 370.182
346.5 469.909
347.5 381.091
348.5 348.818
349.5 368
350.5 226
351.5 371.818
352.5 340.273
353.5 292.091
354.5 355.182
355.5 466.091
356.5 367.727
357.5 410.909
358.5 345
359.5 427.091
360.5 401
361.5 369.545
362.5 419.636
363.5 402.727
364.5 445.727
365.5 383.545
366.5 458.545
367.5 434
368.5 531.182
369.5 508.364
370.5 483
371.5 436.364
372.5 314.727
373.5 435.545
374.5 436.636
375.5 458.273
376.5 404
377.5 514
378.5 511.273
379.5 539.636
380.5 516.182
381.5 521
382.5 524.636
383.5 489.364
384.5 458.636
385.5 469.636
386.5 540.364
387.5 433.273
388.5 432.636
389.5 418.455
390.5 533.273
391.5 475.364
392.5 384.636
393.5 364.818
394.5 430.727
395.5 307.727
396.5 304.182
397.5 372.091
398.5 347.182
399.5 351.636
400.5 241.455
401.5 408.455
402.5 402.727
403.5 911.818
404.5 744.636
405.5 403.091
406.5 425.273
407.5 408.455
408.5 407
409.5 393.091
410.5 558.455
411.5 557.455
412.5 662.091
413.5 771.364
414.5 669.182
415.5 861.818
416.5 816.455
417.5 825.273
418.5 823.636
419.5 781.455
420.5 807.182
421.5 707.455
422.5 570.636
423.5 462.727
424.5 373.182
425.5 427.818
426.5 223.182
427.5 127.455
428.5 142
429.5 74.1818
430.5 -48.6364
431.5 -32.6364
432.5 78.7272
433.5 38.6363
434.5 215.364
435.5 206.091
436.5 287.182
437.5 304.182
438.5 378
439.5 293
440.5 385.182
441.5 402.727
442.5 407
443.5 465.636
444.5 314
445.5 498.182
446.5 452.091
447.5 444.182
448.5 391.727
449.5 564
450.5 510.273
451.5 523.455
452.5 524.182
453.5 556.818
454.5 549
455.5 460.364
456.5 452.727
457.5 488.545
458.5 373.091
459.5 352.545
460.5 189.364
461.5 225.727
462.5 184.455
463.5 21.4545
464.5 105.455
465.5 76.1818
466.5 93.4545
467.5 110.182
468.5 171.636
469.5 157
470.5 171.182
471.5 261.818
472.5 220.818
473.5 293.545
474.5 268.545
475.5 234.727
476.5 288.091
477.5 310.545
478.5 323.091
479.5 292.273
480.5 393.636
481.5 373.091
482.5 360.545
483.5 375.636
484.5 352.182
485.5 429.727
486.5 339.182
487.5 296.818
488.5 232.364
489.5 327.455
490.5 297.182
491.5 263.273
492.5 352.091
493.5 397.727
494.5 341.545
495.5 336.636
496.5 300.364
497.5 356.273
498.5 327.545
499.5 473.727
500.5 405.273
501.5 356.182
502.5 437
503.5 446.091
504.5 549.818
505.5 871.636
506.5 1625.82
507.5 2443.55
508.5 2861.82
509.5 3492.18
510.5 3984
511.5 3268
512.5 2216.82
513.5 1089.55
514.5 625.273
515.5 519.455
516.5 385.182
517.5 488.727
518.5 307
519.5 343
520.5 386.091
521.5 322.091
522.5 411.273
523.5 327
524.5 335.909
525.5 343.909
526.5 432.364
527.5 334.273
528.5 350.727
529.5 314.636
530.5 325
531.5 336.545
532.5 341.091
533.5 428.273
534.5 354
535.5 313.909
536.5 346.818
537.5 491.182
538.5 364.818
539.5 374.182
540.5 416.727
541.5 444.727
542.5 489.091
543.5 411
544.5 395.455
545.5 312.636
546.5 360.818
547.5 265.091
548.5 244.636
549.5 202.636
550.5 131.364
551.5 129.727
552.5 94
553.5 110
554.5 113.545
555.5 86.1818
556.5 194.455
557.5 82.7273
558.5 148
559.5 226.364
560.5 184.182
561.5 197.091
562.5 292.727
563.5 301.727
564.5 226.273
565.5 297.727
566.5 283.909
567.5 196
568.5 221.727
569.5 290.273
570.5 277.636
571.5 270.545
572.5 246.091
573.5 227.545
574.5 288.909
575.5 266.636
576.5 213.636
577.5 244.182
578.5 248.818
579.5 223.364
580.5 303.091
581.5 259.182
582.5 375.909
583.5 324.545
584.5 302.364
585.5 273.455
586.5 260.455
587.5 267.455
588.5 279.545
589.5 235.364
590.5 258.818
591.5 280.455
592.5 270.909
593.5 238.636
594.5 230
595.5 230
596.5 183
597.5 197.273
598.5 283.455
599.5 261.909
600.5 332.455
601.5 234
602.5 283.455
603.5 226.909
604.5 259
605.5 265
606.5 211.636
607.5 272.818
608.5 177.364
609.5 290.909
610.5 349.545
611.5 245.727
612.5 323.364
613.5 237.455
614.5 243.909
615.5 293
616.5 276.182
617.5 217.727
618.5 295.182
619.5 301.364
620.5 213.818
621.5 318.364
622.5 270.182
623.5 250.545
624.5 281
625.5 265.091
626.5 304.091
627.5 224.273
628.5 222.364
629.5 169.545
630.5 215.455
631.5 318.818
632.5 291.364
633.5 214.909
634.5 318
635.5 325.182
636.5 303.273
637.5 265.545
638.5 250.727
639.5 266.364
640.5 285.636
641.5 295.364
642.5 295.455
643.5 397.636
644.5 384.727
645.5 644.364
646.5 714.364
647.5 475.818
648.5 300.091
649.5 319.727
650.5 287.727
651.5 381.091
652.5 265.455
653.5 228.636
654.5 252.273
655.5 215.273
656.5 239.727
657.5 173.727
658.5 231.455
659.5 239.545
660.5 271.182
661.5 307.273
662.5 312.818
663.5 358.636
664.5 256.545
665.5 226.182
666.5 290.091
667.5 248.091
668.5 383.455
669.5 296.455
670.5 291.455
671.5 265.273
672.5 213.273
673.5 193
674.5 305.182
675.5 258.636
676.5 221.909
677.5 245.364
678.5 264.818
679.5 246.818
680.5 219.455
681.5 166.545
682.5 264.364
683.5 206.818
684.5 275.273
685.5 334
686.5 259.455
687.5 306.273
688.5 224.273
689.5 307.091
690.5 219.909
691.5 275.636
692.5 228.364
693.5 275.455
694.5 291.636
695.5 284.727
696.5 292.636
697.5 300.364
698.5 269.636
699.5 210
700.5 242.727
701.5 285.182
702.5 256.364
703.5 305.545
704.5 284.364
705.5 229.455
706.5 271.909
707.5 303
708.5 219.091
709.5 250.909
710.5 294
711.5 311.909
712.5 277.364
713.5 252.818
714.5 242.273
715.5 236.818
716.5 222.091
717.5 240.091
718.5 220.545
719.5 197.727
720.5 247.091
721.5 266.455
722.5 224.182
723.5 279.636
724.5 310.455
725.5 286.545
726.5 296.818
727.5 256.273
728.5 281.455
729.5 262.091
730.5 299.636
731.5 291.455
732.5 319.455
733.5 255.727
734.5 247
735.5 309.818
736.5 247.273
737.5 241
738.5 304.273
739.5 289
740.5 201.455
741.5 279.364
742.5 314.727
743.5 187.727
744.5 254.636
745.5 315.818
746.5 226.727
747.5 231.727
748.5 290.182
749.5 280.545
750.5 240.909
751.5 241.182
752.5 254.636
753.5 315.273
754.5 277.818
755.5 292.091
756.5 254.182
757.5 254.909
758.5 306.364
759.5 480
760.5 909.454
761.5 1001.36
762.5 530.909
763.5 297.455
764.5 276.909
765.5 278.455
766.5 263
767.5 256.364
768.5 297.818
769.5 331
770.5 265.182
771.5 278.364
772.5 195.091
773.5 290.636
774.5 302.364
775.5 325.727
776.5 288.364
777.5 294.182
778.5 227.273
779.5 223.182
780.5 210.545
781.5 252.727
782.5 273.182
783.5 298.182
784.5 249.364
785.5 258.909
786.5 219.364
787.5 273.909
788.5 251.364
789.5 279.636
790.5 298.182
791.5 276.636
792.5 226
793.5 327
794.5 268.636
795.5 278.364
796.5 345.455
797.5 301.727
798.5 313.727
799.5 276.818
800.5 307.727
801.5 239
802.5 334.182
803.5 306.273
804.5 325.727
805.5 291.455
806.5 287.091
807.5 346.091
808.5 336.182
809.5 304.727
810.5 334.364
811.5 305.545
812.5 302.909
813.5 239
814.5 279.727
815.5 232.636
816.5 313.636
817.5 238.818
818.5 290.182
819.5 266.091
820.5 271
821.5 245.091
822.5 327.818
823.5 328.273
824.5 251
825.5 324.909
826.5 253.182
827.5 241.545
828.5 362.545
829.5 240.636
830.5 273.545
831.5 251.909
832.5 292.727
833.5 243.545
834.5 299.091
835.5 340.364
836.5 253.545
837.5 275.545
838.5 396.727
839.5 324.273
840.5 261.091
841.5 348
842.5 343.818
843.5 346.182
844.5 303.545
845.5 369.364
846.5 311.455
847.5 221.636
848.5 323.636
849.5 305.455
850.5 259.636
851.5 294.455
852.5 205.455
853.5 317
854.5 205.636
855.5 316.455
856.5 306.545
857.5 302.545
858.5 315.909
859.5 351.455
860.5 369
861.5 364
862.5 283.364
863.5 295.727
864.5 320.364
865.5 282.545
866.5 298.545
867.5 271.182
868.5 310
869.5 295.727
870.5 327.091
871.5 329.545
872.5 314.273
873.5 248.091
874.5 218.182
875.5 379.909
876.5 366.636
877.5 359.364
878.5 316.818
879.5 379.909
880.5 362.455
881.5 383.727
882.5 309
883.5 380.455
884.5 388.636
885.5 379.273
886.5 367.455
887.5 475.091
888.5 383.091
889.5 335.636
890.5 416.182
891.5 426.909
892.5 358.273
893.5 474.818
894.5 547.636
895.5 501.182
896.5 592
897.5 789.091
898.5 735.909
899.5 530.182
900.5 443.455
901.5 360.636
902.5 325.636
903.5 408.273
904.5 452.727
905.5 393.182
906.5 364.727
907.5 328.364
908.5 374.727
909.5 439.727
910.5 402.182
911.5 413
912.5 392.364
913.5 356.545
914.5 411.273
915.5 365.909
916.5 316
917.5 407.909
918.5 398.909
919.5 447.727
920.5 384.182
921.5 404.909
922.5 404.091
923.5 403.636
924.5 349.091
925.5 419
926.5 375.636
927.5 462.727
928.5 400.636
929.5 431.455
930.5 325.182
931.5 362.182
932.5 399.727
933.5 426.909
934.5 357.364
935.5 461.636
936.5 416.455
937.5 386.182
938.5 417.636
939.5 433.455
940.5 373
941.5 456.182
942.5 419.818
943.5 447.636
944.5 479.727
945.5 535.727
946.5 391.909
947.5 331.636
948.5 332.909
949.5 363
950.5 362.182
951.5 266.273
952.5 354.909
953.5 263.273
954.5 354.909
955.5 323.091
956.5 356.909
957.5 334.091
958.5 325.364
959.5 259
960.5 351.091
961.5 344.364
962.5 336.091
963.5 302.909
964.5 337.909
965.5 293.273
966.5 347.273
967.5 279.091
968.5 321.818
969.5 225.636
970.5 294.091
971.5 271.273
972.5 304
973.5 239.091
974.5 231.909
975.5 223.727
976.5 283.818
977.5 264.455
978.5 241
979.5 229.273
980.5 252.818
981.5 273.091
982.5 303.182
983.5 345.909
984.5 280.545
985.5 318.636
986.5 305.182
987.5 252.364
988.5 233.727
989.5 241.455
990.5 277.091
991.5 271.364
992.5 207.182
993.5 240.273
994.5 178.636
995.5 195.909
996.5 217.364
997.5 252.091
998.5 210.091
999.5 233
1000.5 256.636
1001.5 188.909
1002.5 319
1003.5 295.091
1004.5 217.545
1005.5 227.364
1006.5 271.909
1007.5 274.455
1008.5 193.364
1009.5 214
1010.5 210.636
1011.5 254.455
1012.5 237.545
1013.5 246.636
1014.5 219.909
1015.5 238.545
1016.5 253.909
1017.5 187.545
1018.5 224.182
1019.5 284
1020.5 215.818
1021.5 177.455
1022.5 223
1023.5 279.273
1024.5 262.273
1025.5 338.091
1026.5 247.545
1027.5 237.182
1028.5 206.909
1029.5 218.727
1030.5 163.364
1031.5 232.818
1032.5 184.636
1033.5 253.909
1034.5 271.091
1035.5 246.091
1036.5 142.273
1037.5 163.364
1038.5 186.273
1039.5 174.091
1040.5 160.455
1041.5 180.909
1042.5 200.818
1043.5 203.636
1044.5 173
1045.5 146.273
1046.5 162.091
1047.5 209.091
1048.5 232
1049.5 143.727
1050.5 146.909
1051.5 191.909
1052.5 156.091
1053.5 122.455
1054.5 140.727
1055.5 184.727
1056.5 173.818
1057.5 130.818
1058.5 168.364
1059.5 182.727
1060.5 137.091
1061.5 162.909
1062.5 163.455
1063.5 150.727
1064.5 123.909
1065.5 56.7273
1066.5 164.364
1067.5 264.545
1068.5 325.364
1069.5 397
1070.5 344.636
1071.5 235.818
1072.5 318.545
1073.5 529.545
1074.5 615.636
1075.5 419.182
1076.5 222.273
1077.5 244.273
1078.5 138.182
1079.5 168.273
1080.5 172.182
1081.5 110.182
1082.5 150.091
1083.5 152.182
1084.5 141.273
1085.5 134.545
1086.5 100.273
1087.5 176.909
1088.5 149.909
1089.5 166.273
1090.5 166.182
1091.5 195.909
1092.5 206.545
1093.5 200.818
1094.5 179.909
1095.5 197.364
1096.5 129.909
1097.5 124.091
1098.5 155.455
1099.5 136.455
1100.5 115.636
1101.5 170.727
1102.5 121.727
1103.5 164.182
1104.5 132.364
1105.5 148.909
1106.5 142.909
1107.5 140.455
1108.5 164
1109.5 102.182
1110.5 124.455
1111.5 123.182
1112.5 169.182
1113.5 146.909
1114.5 191.455
1115.5 192.091
1116.5 193.909
1117.5 177.909
1118.5 174.909
1119.5 169.182
1120.5 186.909
1121.5 195.091
1122.5 368.455
1123.5 1242.64
1124.5 4059.09
1125.5 9123.09
1126.5 10110.2
1127.5 4548.55
1128.5 1129.09
1129.5 348.364
1130.5 139.727
1131.5 176.545
1132.5 155.909
1133.5 143
1134.5 105.727
1135.5 142.182
1136.5 89.7273
1137.5 140.909
1138.5 183.273
1139.5 119.818
1140.5 148.455
1141.5 110.909
1142.5 135.636
1143.5 136.364
1144.5 129.727
1145.5 130.818
1146.5 122
1147.5 83.5454
1148.5 143.818
1149.5 154.818
1150.5 143.182
1151.5 183
1152.5 280.727
1153.5 658.818
1154.5 2475.27
1155.5 8859.36
1156.5 19351
1157.5 19065.3
1158.5 8213.09
1159.5 1779.36
1160.5 359.273
1161.5 214.818
1162.5 148.182
1163.5 107.818
1164.5 173.273
1165.5 150.545
1166.5 82.0909
1167.5 125
1168.5 70.8182
1169.5 63
1170.5 58.1818
1171.5 93.1818
1172.5 48.9091
1173.5 49.5454
1174.5 70.7273
1175.5 54.3636
1176.5 32.7273
1177.5 62.9091
1178.5 55.8182
1179.5 68.2727
1180.5 92.5454
1181.5 66.3636
1182.5 117.818
1183.5 138.273
1184.5 95
1185.5 61.0909
1186.5 78.5454
1187.5 77.8182
1188.5 51.1818
1189.5 93.0909
1190.5 81.5455
1191.5 74.6364
1192.5 71.4545
1193.5 64.7273
1194.5 53.8182
1195.5 46.8182
1196.5 61.9091
1197.5 49.6364
1198.5 77.7273
1199.5 58.3636
1200.5 38.8182
1201.5 43.4545
1202.5 62.5454
1203.5 58.5454
1204.5 52.4545
1205.5 62.7273
1206.5 47.2727
1207.5 37.0909
1208.5 54.5455
1209.5 80.5455
1210.5 50.9091
1211.5 64.4545
1212.5 40.1818
1213.5 49.6364
1214.5 17.4545
1215.5 43.6364
1216.5 34.4545
1217.5 91.2727
1218.5 60.4545
1219.5 46
1220.5 20.2727
1221.5 84
1222.5 61.0909
1223.5 60.6364
1224.5 88.9091
1225.5 99.5455
1226.5 66.5454
1227.5 62.1818
1228.5 78.4545
1229.5 61.2727
1230.5 52.3636
1231.5 77.6364
1232.5 158.455
1233.5 87.8182
1234.5 82.4545
1235.5 81.6364
1236.5 66.4545
1237.5 57.9091
1238.5 79.1818
1239.5 58.9091
1240.5 69.2727
1241.5 41.3636
1242.5 70.9091
1243.5 38.1818
1244.5 48.8182
1245.5 67.7273
1246.5 40.9091
1247.5 49
1248.5 56.9091
1249.5 76.0909
1250.5 70.2727
1251.5 26.0909
1252.5 67.4545
1253.5 88
1254.5 78.4545
1255.5 61.5455
1256.5 83.5455
1257.5 34.4545
1258.5 69.0909
1259.5 132.182
1260.5 56.7273
1261.5 41
1262.5 54
1263.5 72.5455
1264.5 57.9091
1265.5 51.1818
1266.5 54.2727
1267.5 39.6364
1268.5 75.4545
1269.5 68.2727
1270.5 46.0909
1271.5 64.6364
1272.5 69.2727
1273.5 54.5455
1274.5 58.1818
1275.5 93.6364
1276.5 95.2727
1277.5 90.7273
1278.5 53.6364
1279.5 30.3636
1280.5 58.7273
1281.5 79.0909
1282.5 42.5454
1283.5 62
1284.5 33.0909
1285.5 50.9091
1286.5 88.6364
1287.5 57.1818
1288.5 56.6364
1289.5 55.9091
1290.5 59.2727
1291.5 73.1818
1292.5 52.4545
1293.5 65.0909
1294.5 82.8182
1295.5 75.8182
1296.5 68.7273
1297.5 38.4545
1298.5 36.9091
1299.5 38.6364
1300.5 46.6364
1301.5 42.2727
1302.5 61.3636
1303.5 74.9091
1304.5 59.7273
1305.5 70.4545
1306.5 74.9091
1307.5 27.2727
1308.5 30.1818
1309.5 65.0909
1310.5 57.8182
1311.5 55.5455
1312.5 72.5455
1313.5 119.909
1314.5 85.7273
1315.5 100.909
1316.5 69.7273
1317.5 89.7273
1318.5 70.5455
1319.5 60.1818
1320.5 77.1818
1321.5 75.3636
1322.5 70.6364
1323.5 84.0909
1324.5 56.7273
1325.5 56.3636
1326.5 111.727
1327.5 109.455
1328.5 126.545
1329.5 145.455
1330.5 109.364
1331.5 128.909
1332.5 86.4545
1333.5 54.4545
1334.5 53.2727
1335.5 57
1336.5 73
1337.5 18
1338.5 22.8182
1339.5 39.7273
1340.5 56.2727
1341.5 57.0909
1342.5 80.1818
1343.5 52.8182
1344.5 40.3636
1345.5 57.2727
1346.5 30.5455
1347.5 59.9091
1348.5 81.6364
1349.5 122.727
1350.5 277.727
1351.5 763
1352.5 1615.64
1353.5 1762.55
1354.5 869.364
1355.5 260.364
1356.5 102.636
1357.5 58
1358.5 47.0909
1359.5 44.9091
1360.5 43.0909
1361.5 44.8182
1362.5 40.6364
1363.5 41.8182
1364.5 9.45454
1365.5 24.8182
1366.5 51.9091
1367.5 29.2727
1368.5 42.6364
1369.5 55.6364
1370.5 42.0909
1371.5 79.7273
1372.5 32.5455
1373.5 46.4545
1374.5 41
1375.5 61.7273
1376.5 53.2727
1377.5 165.273
1378.5 182.818
1379.5 234.455
1380.5 225.364
1381.5 84.0909
1382.5 59.4545
1383.5 45.4545
1384.5 69.4545
1385.5 41.6364
1386.5 48
1387.5 44.3636
1388.5 85.0909
1389.5 41.4545
1390.5 47.8182
1391.5 58.3636
1392.5 45.3636
1393.5 59.1818
1394.5 28.2727
1395.5 46.9091
1396.5 36.7273
1397.5 51.3636
1398.5 21
1399.5 50.2727
1400.5 73.4545
1401.5 43.6364
1402.5 34.4545
1403.5 55.9091
1404.5 33.3636
1405.5 56.3636
1406.5 19.9091
1407.5 61.1818
1408.5 35.2727
1409.5 19.2727
1410.5 32.4545
1411.5 29.1818
1412.5 27.2727
1413.5 42.9091
1414.5 35.5455
1415.5 42.7273
1416.5 20.9091
1417.5 16.6364
1418.5 59.4545
1419.5 44.2727
1420.5 33.1818
1421.5 39.8182
1422.5 52
1423.5 63.8182
1424.5 1.54545
1425.5 44.1818
1426.5 47.2727
1427.5 66.5454
1428.5 206.909
1429.5 133.818
1430.5 96.8182
1431.5 46.2727
1432.5 54.9091
1433.5 30.6364
1434.5 24.6364
1435.5 45.7273
1436.5 72.4545
1437.5 46.6364
1438.5 43.8182
1439.5 -6
1440.5 65.3636
1441.5 70.2727
1442.5 80.2727
1443.5 49.4545
1444.5 54.4545
1445.5 53.0909
1446.5 58.0909
1447.5 41.9091
1448.5 47.1818
1449.5 54
1450.5 36.8182
1451.5 45.1818
1452.5 30.3636
1453.5 26.9091
1454.5 38.8182
1455.5 51.5455
1456.5 50.4545
1457.5 36.6364
1458.5 45.3636
1459.5 26.6364
1460.5 32.3636
1461.5 41.5455
1462.5 52.5455
1463.5 35.6364
1464.5 35
1465.5 6.36363
1466.5 48.4545
1467.5 6
1468.5 48.7273
1469.5 59.3636
1470.5 23.4545
1471.5 50.7273
1472.5 23.9091
1473.5 24.2727
1474.5 57.0909
1475.5 24.0909
1476.5 45.8182
1477.5 26.3636
1478.5 53
1479.5 23.5455
1480.5 8.54545
1481.5 48.6364
1482.5 64.6364
1483.5 31
1484.5 38.7273
1485.5 26.3636
1486.5 25.3636
1487.5 45.8182
1488.5 54.7273
1489.5 51.8182
1490.5 63.3636
1491.5 43.0909
1492.5 24.6364
1493.5 39.0909
1494.5 39.6364
1495.5 39.7273
1496.5 81.2727
1497.5 338.455
1498.5 887.273
1499.5 1126.64
1500.5 756
1501.5 266.818
1502.5 108.182
1503.5 32.3636
1504.5 61.0909
1505.5 34.2727
1506.5 59.4545
1507.5 56.4545
1508.5 14.8182
1509.5 25.2727
1510.5 69.3636
1511.5 46.2727
1512.5 16.3636
1513.5 22
1514.5 18.0909
1515.5 47.4545
1516.5 42.5455
1517.5 48.0909
1518.5 38.5455
1519.5 38
1520.5 40.6364
1521.5 40.3636
1522.5 38.4545
1523.5 45.3636
1524.5 53.3636
1525.5 27
1526.5 38.3636
1527.5 79.4545
1528.5 39.1818
1529.5 58.2727
1530.5 60.4545
1531.5 42.0909
1532.5 50.8182
1533.5 56
1534.5 46.4545
1535.5 32.2727
1536.5 74.1818
1537.5 112.909
1538.5 176.727
1539.5 141.727
1540.5 99.2727
1541.5 52.9091
1542.5 60.5455
1543.5 76
1544.5 58.3636
1545.5 29
1546.5 39.3636
1547.5 50.0909
1548.5 44.3636
1549.5 29.6364
1550.5 20.1818
1551.5 53.1818
1552.5 32.2727
1553.5 29.3636
1554.5 33.7273
1555.5 50.6364
1556.5 30.9091
1557.5 26.7273
1558.5 48.1818
1559.5 56.1818
1560.5 24.8182
1561.5 16.3636
1562.5 39.4545
1563.5 54.0909
1564.5 40.2727
1565.5 27.7273
1566.5 52.0909
1567.5 19.6364
1568.5 30.6364
1569.5 24.9091
1570.5 41.0909
1571.5 32.0909
1572.5 57.7273
1573.5 42
1574.5 77.2727
1575.5 37.3636
1576.5 56.7273
1577.5 40.2727
1578.5 39.3636
1579.5 39.5455
1580.5 48.5455
1581.5 58.2727
1582.5 58.0909
1583.5 21.0909
1584.5 27.2727
1585.5 76.0909
1586.5 70.2727
1587.5 52.0909
1588.5 120.818
1589.5 34.6364
1590.5 26.8182
1591.5 7.09091
1592.5 40.0909
1593.5 58.9091
1594.5 48.3636
1595.5 33.2727
1596.5 48.2727
1597.5 24.0909
1598.5 32.0909
1599.5 48.6364
1600.5 25.9091
1601.5 24.0909
1602.5 43.8182
1603.5 61.1818
1604.5 33.2727
1605.5 46.1818
1606.5 59.3636
1607.5 44.5455
1608.5 49.4545
1609.5 54.1818
1610.5 30.2727
1611.5 35.1818
1612.5 22.4545
1613.5 48.5455
1614.5 21.1818
1615.5 60.4545
1616.5 30.1818
1617.5 51.4545
1618.5 50.7273
1619.5 48.2727
1620.5 51.6364
1621.5 77.0909
1622.5 73.4545
1623.5 70.6364
1624.5 25.9091
1625.5 30.6364
1626.5 63.4545
1627.5 32.4545
1628.5 66.0909
1629.5 43.3636
1630.5 86.3636
1631.5 26.9091
1632.5 91.2727
1633.5 74.9091
1634.5 71.1818
1635.5 39.8182
1636.5 66.8182
1637.5 57.5455
1638.5 57.5454
1639.5 41
1640.5 64.3636
1641.5 42.0909
1642.5 48.3636
1643.5 55.8182
1644.5 33.6364
1645.5 71.8182
1646.5 14.2727
1647.5 65.6363
1648.5 36.4545
1649.5 95.2727
1650.5 28.4545
1651.5 35.3636
1652.5 39.1818
1653.5 58.1818
1654.5 41.3636
1655.5 53.2727
1656.5 53.1818
1657.5 31.5455
1658.5 51.5455
1659.5 32.0909
1660.5 23.5455
1661.5 58.1818
1662.5 49.3636
1663.5 48.8182
1664.5 63.3636
1665.5 39.1818
1666.5 22.5455
1667.5 49.0909
1668.5 41.2727
1669.5 37.7273
1670.5 44.2727
1671.5 59.7273
1672.5 46.4545
1673.5 54.7273
1674.5 45.6364
1675.5 22.8182
1676.5 42
1677.5 57.1818
1678.5 52.3636
1679.5 38.1818
1680.5 37.0909
1681.5 77.9091
1682.5 41.3636
1683.5 64.6364
1684.5 55.3636
1685.5 49.1818
1686.5 35.7273
1687.5 37.4545
1688.5 30
1689.5 42.4545
1690.5 35.2727
1691.5 51.4545
1692.5 30.3636
1693.5 52.4545
1694.5 57.7273
1695.5 35.6364
1696.5 37.8182
1697.5 41.5455
1698.5 18.1818
1699.5 51.8182
1700.5 74.5455
1701.5 51.4545
1702.5 61
1703.5 28.9091
1704.5 25.6364
1705.5 57.9091
1706.5 42.2727
1707.5 17
1708.5 51.7273
1709.5 39
1710.5 22.6364
1711.5 61.5455
1712.5 35.9091
1713.5 30.9091
1714.5 38.8182
1715.5 31.8182
1716.5 70.7273
1717.5 61.5455
1718.5 106.636
1719.5 99.4545
1720.5 51.8182
1721.5 63.6364
1722.5 39.2727
1723.5 49.1818
1724.5 99.5455
1725.5 75.4545
1726.5 63.1818
1727.5 41.6364
1728.5 41.4545
1729.5 46.1818
1730.5 29.0909
1731.5 56.6364
1732.5 28.4545
1733.5 34.7273
1734.5 41.5455
1735.5 37.3636
1736.5 58.5455
1737.5 77.1818
1738.5 42.7273
1739.5 21.0909
1740.5 33
1741.5 -3.63637
1742.5 51.2727
1743.5 40.1818
1744.5 40.2727
1745.5 15.8182
1746.5 14.9091
1747.5 21.1818
1748.5 26.6364
1749.5 34.0909
1750.5 48.0909
1751.5 28.4545
1752.5 45.4545
1753.5 36.9091
1754.5 29.2727
1755.5 9.09091
1756.5 35.8182
1757.5 54
1758.5 20.1818
1759.5 40.0909
1760.5 23
1761.5 51.3636
1762.5 28.2727
1763.5 41.7273
1764.5 31.2727
1765.5 38.9091
1766.5 17.4545
1767.5 47.9091
1768.5 26.4545
1769.5 46.4545
1770.5 91.9091
1771.5 129.364
1772.5 159.818
1773.5 106.273
1774.5 56
1775.5 29.1818
1776.5 51.2727
1777.5 54
1778.5 40.1818
1779.5 33.9091
1780.5 47.4545
1781.5 27.6364
1782.5 33.0909
1783.5 49
1784.5 6.09091
1785.5 36
1786.5 40.0909
1787.5 44.4545
1788.5 33.7273
1789.5 18.5454
1790.5 30.8182
1791.5 22.1818
1792.5 48.8182
1793.5 36.7273
1794.5 51.3636
1795.5 21.2727
1796.5 31.2727
1797.5 30.4545
1798.5 26.1818
1799.5 22.8182
1800.5 57.1818
1801.5 30.4545
1802.5 32.6364
1803.5 35.5455
1804.5 23.7273
1805.5 37.0909
1806.5 39
1807.5 36.9091
1808.5 21
1809.5 17.8182
1810.5 16.7273
1811.5 32.7273
1812.5 21.8182
1813.5 31.8182
1814.5 32
1815.5 35.1818
1816.5 47.8182
1817.5 43.2727
1818.5 26.1818
1819.5 51.4545
1820.5 69.6364
1821.5 54.6364
1822.5 86.5455
1823.5 98.7273
1824.5 58.8182
1825.5 57.1818
1826.5 38.8182
1827.5 63.5455
1828.5 78.6364
1829.5 65
1830.5 63.7273
1831.5 60.6364
1832.5 26.7273
1833.5 69.6364
1834.5 85.9091
1835.5 174.273
1836.5 254.545
1837.5 186.091
1838.5 120.909
1839.5 64.9091
1840.5 39.4545
1841.5 39.6364
1842.5 31.0909
1843.5 37.9091
1844.5 -2.45455
1845.5 38.1818
1846.5 35.1818
1847.5 34.6364
1848.5 8.45454
1849.5 12.7273
1850.5 23.4545
1851.5 19.6364
1852.5 35.8182
1853.5 40.2727
1854.5 43.8182
1855.5 62.2727
1856.5 53.0909
1857.5 30.3636
1858.5 36.6364
1859.5 36.0909
1860.5 72.1818
1861.5 25.0909
1862.5 45
1863.5 54.9091
1864.5 29.8182
1865.5 11.8182
1866.5 36.8182
1867.5 3
1868.5 66.5455
1869.5 96.3636
1870.5 171.636
1871.5 142
1872.5 274.727
1873.5 112.818
1874.5 112.182
1875.5 46.6364
1876.5 41
1877.5 36.7273
1878.5 30.0909
1879.5 29.0909
1880.5 32.6364
1881.5 19.8182
1882.5 -1.09091
1883.5 22
1884.5 152.364
1885.5 219.364
1886.5 319.909
1887.5 321.455
1888.5 149.182
1889.5 69.9091
1890.5 18
1891.5 28.8182
1892.5 31.2727
1893.5 32.0909
1894.5 48.9091
1895.5 65.6364
1896.5 37.0909
1897.5 59.1818
1898.5 35.6364
1899.5 35.0909
1900.5 50.3636
1901.5 50.5455
1902.5 58.8182
1903.5 27.3636
1904.5 57.1818
1905.5 41.5455
1906.5 32
1907.5 36.2727
1908.5 50.9091
1909.5 50.4545
1910.5 78.6364
1911.5 149.545
1912.5 137.091
1913.5 125.909
1914.5 90.3636
1915.5 63.2727
1916.5 31.0909
1917.5 20.7273
1918.5 43.4545
1919.5 40.4545
1920.5 33.4545
1921.5 27.9091
1922.5 23.7273
1923.5 41.9091
1924.5 27.3636
1925.5 40.0909
1926.5 6.27272
1927.5 32.8182
1928.5 6.90909
1929.5 69.8182
1930.5 44.1818
1931.5 19
1932.5 35.0909
1933.5 49.3636
1934.5 34.7273
1935.5 39.4545
1936.5 51.1818
1937.5 26.2727
1938.5 45.0909
1939.5 48.6364
1940.5 75
1941.5 52.3636
1942.5 6.99998
1943.5 47.4545
1944.5 25.4545
1945.5 22.1818
1946.5 48.1818
1947.5 48.1818
1948.5 39.1818
1949.5 21.9091
1950.5 30.5454
1951.5 75.3636
1952.5 80.2727
1953.5 64.7273
1954.5 22.8182
1955.5 52.5455
1956.5 22.2727
1957.5 23.6364
1958.5 6.72727
1959.5 46.7273
1960.5 47.0909
1961.5 38.7273
1962.5 29.1818
1963.5 30.0909
1964.5 27.8182
1965.5 42.7273
1966.5 55.3636
1967.5 45.0909
1968.5 30.3636
1969.5 48.8182
1970.5 83.7273
1971.5 53.3636
1972.5 47.6364
1973.5 55.0909
1974.5 36.2727
1975.5 16.7273
1976.5 28.0909
1977.5 18.9091
1978.5 38.3636
1979.5 47.3636
1980.5 75.1818
1981.5 18.3636
1982.5 67
1983.5 57.9091
1984.5 49.7273
1985.5 18.2727
1986.5 34.1818
1987.5 65.3636
1988.5 52.2727
1989.5 20.5455
1990.5 31
1991.5 58.0909
1992.5 79
1993.5 64.1818
1994.5 118.909
1995.5 61
1996.5 32.8182
1997.5 27.8182
1998.5 38.7273
1999.5 40.2727
2000.5 31.7273
2001.5 32.4545
2002.5 30.3636
2003.5 56.4545
2004.5 32.0909
2005.5 35.1818
2006.5 42.6364
2007.5 47.7273
2008.5 48.1818
2009.5 32.9091
2010.5 48.8182
2011.5 47.2727
2012.5 8.09091
2013.5 28.9091
2014.5 30.2727
2015.5 29.3636
2016.5 44.1818
2017.5 23.8182
2018.5 44.3636
2019.5 35.8182
2020.5 34.2727
2021.5 22.3636
2022.5 49.6364
2023.5 34.5455
2024.5 32.8182
2025.5 55.7273
2026.5 27.9091
2027.5 13.7273
2028.5 53.4545
2029.5 54.3636
2030.5 28.6364
2031.5 38.6364
2032.5 24.1818
2033.5 27.6364
2034.5 46.0909
2035.5 25.4545
2036.5 54.9091
2037.5 40.4545
2038.5 28.6364
2039.5 49.6364
2040.5 48.5455
2041.5 40.7273
2042.5 48.1818
2043.5 40.9091
2044.5 38.8182
2045.5 45.6364
2046.5 10.6364
2047.5 38.1818
2048.5 41.4545
2049.5 36.1818
2050.5 37.8182
2051.5 31.6364
2052.5 42.4545
2053.5 28.2727
2054.5 45.0909
2055.5 41.0909
2056.5 29.9091
2057.5 37.9091
2058.5 57.2727
2059.5 26.3636
2060.5 26.9091
2061.5 27.9091
2062.5 19.7273
2063.5 29.4545
2064.5 37.5455
2065.5 37.7273
2066.5 52.0909
2067.5 27.4545
2068.5 30.4545
2069.5 36.6364
2070.5 37.8182
2071.5 28
2072.5 61.6364
2073.5 34.5455
2074.5 34.8182
2075.5 56.7273
2076.5 34.3636
2077.5 8.54545
2078.5 42.8182
2079.5 24.8182
2080.5 26.3636
2081.5 64.5455
2082.5 39.4545
2083.5 36.0909
2084.5 20.5455
2085.5 36.0909
2086.5 44
2087.5 24.1818
2088.5 43.3636
2089.5 37.4545
2090.5 39.9091
2091.5 24.1818
2092.5 43.7273
2093.5 12.0909
2094.5 24.1818
2095.5 24.6364
2096.5 39.1818
2097.5 28.7273
2098.5 72.0909
2099.5 41
2100.5 20.4545
2101.5 30.7273
2102.5 48.7273
2103.5 26
2104.5 51.2727
2105.5 70.2727
2106.5 64.5455
2107.5 105.182
2108.5 78.2727
2109.5 82.2727
2110.5 47.6364
2111.5 34.7273
2112.5 25.7273
2113.5 32.8182
2114.5 39.2727
2115.5 25.0909
2116.5 26.6364
2117.5 40.4545
2118.5 37.6364
2119.5 46.9091
2120.5 26.9091
2121.5 27
2122.5 22.1818
2123.5 31.9091
2124.5 21.6364
2125.5 47.4545
2126.5 23.5455
2127.5 24
2128.5 36.8182
2129.5 30.6364
2130.5 43.2727
2131.5 27
2132.5 21.0909
2133.5 29.3636
2134.5 23.9091
2135.5 53
2136.5 52.8182
2137.5 84.4545
2138.5 82.3636
2139.5 96.1818
2140.5 45.0909
2141.5 77.1818
2142.5 142.545
2143.5 245.636
2144.5 239.091
2145.5 116.455
2146.5 73
2147.5 82.1818
2148.5 153.727
2149.5 128.818
2150.5 183
2151.5 195.091
2152.5 89.2727
2153.5 50.1818
2154.5 59.4545
2155.5 52.1818
2156.5 29.3636
2157.5 26.1818
2158.5 35.5455
2159.5 42.2727
2160.5 25.9091
2161.5 36.1818
2162.5 31.2727
2163.5 46.5455
2164.5 36.4545
2165.5 17.6364
2166.5 30.8182
2167.5 31.6364
2168.5 35.6364
2169.5 45.5455
2170.5 27.8182
2171.5 15.9091
2172.5 22.5455
2173.5 40.3636
2174.5 23.7273
2175.5 47.2727
2176.5 18.7273
2177.5 52.8182
2178.5 21.3636
2179.5 37.4545
2180.5 53.6364
2181.5 36
2182.5 77.4545
2183.5 40.7273
2184.5 7.36363
2185.5 40.9091
2186.5 18.8182
2187.5 33.2727
2188.5 141.818
2189.5 210.545
2190.5 345.909
2191.5 352.091
2192.5 242.091
2193.5 96.7273
2194.5 48.6364
2195.5 46.5455
2196.5 48.0909
2197.5 43.1818
2198.5 75.4545
2199.5 82.3636
2200.5 36.4545
2201.5 35.7273
2202.5 22.0909
2203.5 -7
2204.5 6.81818
2205.5 2.27272
2206.5 16.3636
2207.5 20.4545
2208.5 32.2727
2209.5 21.5455
2210.5 21.3636
2211.5 39
2212.5 49.5455
2213.5 50.2727
2214.5 27.8182
2215.5 21.4545
2216.5 33.2727
2217.5 55.8182
2218.5 30
2219.5 34.2727
2220.5 48.2727
2221.5 45.0909
2222.5 102.909
2223.5 99.8182
2224.5 84.1818
2225.5 58.3636
2226.5 43.8182
2227.5 42.5455
2228.5 33.4545
2229.5 41.3636
2230.5 48.5455
2231.5 52.7273
2232.5 43.3636
2233.5 53.5455
2234.5 46.8182
2235.5 32.5455
2236.5 34.6364
2237.5 46.7273
2238.5 65.8182
2239.5 60.2727
2240.5 79.0909
2241.5 112.091
2242.5 154.909
2243.5 180.909
2244.5 163.545
2245.5 207.455
2246.5 220.091
2247.5 275.455
2248.5 193.091
2249.5 86.3636
2250.5 44.6364
2251.5 -3.72728
2252.5 -13.7273
2253.5 -16.7273
2254.5 -33.2727
2255.5 17.0909
2256.5 14
2257.5 6.81818
2258.5 35.6364
2259.5 25.5455
2260.5 28
2261.5 41.6364
2262.5 30.1818
2263.5 27.1818
2264.5 14
2265.5 19
2266.5 26.2727
2267.5 32.8182
2268.5 28.2727
2269.5 39
2270.5 8.36363
2271.5 49.3636
2272.5 56.7273
2273.5 27.2727
2274.5 45.7273
2275.5 47.6364
2276.5 56.9091
2277.5 50.6364
2278.5 36.6364
2279.5 49.3636
2280.5 74.4545
2281.5 47.6364
2282.5 55.0909
2283.5 32.1818
2284.5 72.5455
2285.5 56.7273
2286.5 44.7273
2287.5 19.5455
2288.5 44.2727
2289.5 32.8182
2290.5 35.0909
2291.5 39.2727
2292.5 23.9091
2293.5 30.4545
2294.5 26.6364
2295.5 20.3636
2296.5 41.2727
2297.5 31.9091
2298.5 36
2299.5 45.9091
2300.5 38.5454
2301.5 17
2302.5 46.4545
2303.5 44.5455
2304.5 42.9091
2305.5 37
2306.5 38.7273
2307.5 27.3636
2308.5 32.8182
2309.5 49
2310.5 27.9091
2311.5 30.3636
2312.5 44
2313.5 38.7273
2314.5 31.1818
2315.5 20.4545
2316.5 37
2317.5 37
2318.5 46.2727
2319.5 37.7273
2320.5 33.4545
2321.5 47.1818
2322.5 26.1818
2323.5 53.0909
2324.5 29.9091
2325.5 28.3636
2326.5 45.7273
2327.5 38.9091
2328.5 51.2727
2329.5 32.9091
2330.5 20.3636
2331.5 52.6364
2332.5 34.8182
2333.5 19
2334.5 60.9091
2335.5 49.2727
2336.5 29.4545
2337.5 43.4545
2338.5 34.5455
2339.5 22.8182
2340.5 51.3636
2341.5 23.6364
2342.5 35.2727
2343.5 40.8182
2344.5 62.5455
2345.5 23.2727
2346.5 10.8182
2347.5 30.4545
2348.5 43.5455
2349.5 43.0909
2350.5 21.7273
2351.5 32.6364
2352.5 28.1818
2353.5 38
2354.5 50.3636
2355.5 28.7273
2356.5 35.2727
2357.5 31.1818
2358.5 40.3636
2359.5 35.4545
2360.5 25.0909
2361.5 47
2362.5 48.8182
2363.5 43
2364.5 23.3636
2365.5 6.72727
2366.5 26
2367.5 31.2727
2368.5 31
2369.5 49.1818
2370.5 45.7273
2371.5 49.3636
2372.5 32
2373.5 40.4545
2374.5 37.9091
2375.5 35.3636
2376.5 31.1818
2377.5 48
2378.5 49.9091
2379.5 49.0909
2380.5 69.8182
2381.5 60.0909
2382.5 82.5455
2383.5 55.6364
2384.5 50.0909
2385.5 49.6364
2386.5 29.5455
2387.5 19.9091
2388.5 16
2389.5 29.0909
2390.5 30.8182
2391.5 48.9091
2392.5 23.2727
2393.5 32.6364
2394.5 14.0909
2395.5 18.7273
2396.5 42.8182
2397.5 40.9091
2398.5 42.7273
2399.5 30.8182
2400.5 30.1818
2401.5 25.9091
2402.5 24.9091
2403.5 43.3636
2404.5 37.7273
2405.5 24.4545
2406.5 36.4545
2407.5 32.6364
2408.5 45.8182
2409.5 29.9091
2410.5 36.2727
2411.5 25.2727
2412.5 42.3636
2413.5 36.8182
2414.5 25.2727
2415.5 31.3636
2416.5 24.4545
2417.5 41.3636
2418.5 27.4545
2419.5 25.7273
2420.5 34.2727
2421.5 19.8182
2422.5 34
2423.5 39.6364
2424.5 27
2425.5 36
2426.5 30.1818
2427.5 45.1818
2428.5 47.3636
2429.5 26.1818
2430.5 26.6364
2431.5 28.3636
2432.5 28.8182
2433.5 34.9091
2434.5 26.5455
2435.5 24.1818
2436.5 15.6364
2437.5 47.4545
2438.5 59.3636
2439.5 36.0909
2440.5 18.2727
2441.5 21.8182
2442.5 42.1818
2443.5 24.1818
2444.5 44.6364
2445.5 10.3636
2446.5 32.7273
2447.5 11.0909
2448.5 42.2727
2449.5 42.9091
2450.5 51.8182
2451.5 47.4545
2452.5 33.5455
2453.5 58.0909
2454.5 40.9091
2455.5 58.9091
2456.5 27.7273
2457.5 39.4545
2458.5 30
2459.5 25
2460.5 2
2461.5 34.9091
2462.5 30.1818
2463.5 33.5455
2464.5 48.5455
2465.5 28.6364
2466.5 28.2727
2467.5 25.5455
2468.5 55.2727
2469.5 35
2470.5 38.9091
2471.5 25.2727
2472.5 21.7273
2473.5 36.8182
2474.5 33.1818
2475.5 43.5455
2476.5 45
2477.5 54.3636
2478.5 46.4545
2479.5 42
2480.5 43.0909
2481.5 52.7273
2482.5 37.2727
2483.5 54.4545
2484.5 21.4545
2485.5 30.0909
2486.5 34.5455
2487.5 40.0909
2488.5 27.5455
2489.5 60.7273
2490.5 35
2491.5 42.2727
2492.5 42.0909
2493.5 35.9091
2494.5 47.4545
2495.5 71.3636
2496.5 73.1818
2497.5 70
2498.5 69.5455
2499.5 51
2500.5 62.8182
2501.5 107
2502.5 203.818
2503.5 384.273
2504.5 402.455
2505.5 349.273
2506.5 165.273
2507.5 74
2508.5 42.9091
2509.5 30.9091
2510.5 29.9091
2511.5 24.2727
2512.5 27.3636
2513.5 53.7273
2514.5 43.5455
2515.5 64.7273
2516.5 89.9091
2517.5 123
2518.5 107.727
2519.5 161.636
2520.5 131
2521.5 57.5455
2522.5 68.5455
2523.5 40.5455
2524.5 46.6364
2525.5 53.6364
2526.5 80.0909
2527.5 80
2528.5 72.3636
2529.5 52.1818
2530.5 31.9091
2531.5 9.54545
2532.5 45.0909
2533.5 18.5455
2534.5 42.9091
2535.5 17.5455
2536.5 39.2727
2537.5 42.7273
2538.5 54.3636
2539.5 36.2727
2540.5 46.6364
2541.5 31.2727
2542.5 35.1818
2543.5 18.4545
2544.5 30.6364
2545.5 43.2727
2546.5 32.5455
2547.5 48.8182
2548.5 40.1818
2549.5 27.2727
2550.5 40
2551.5 28.5455
2552.5 46.1818
2553.5 28.8182
2554.5 46.5455
2555.5 42.0909
2556.5 51
2557.5 16.6364
2558.5 52.1818
2559.5 26.4545
2560.5 60.4545
2561.5 60.1818
2562.5 39
2563.5 27
2564.5 33.8182
2565.5 44.4545
2566.5 37.8182
2567.5 40.2727
2568.5 52.4545
2569.5 45.8182
2570.5 29
2571.5 38.5455
2572.5 48.8182
2573.5 46.2727
2574.5 46.3636
2575.5 41.6364
2576.5 9.36363
2577.5 19.3636
2578.5 21.1818
2579.5 40.8182
2580.5 40.3636
2581.5 50.3636
2582.5 17.8182
2583.5 35.8182
2584.5 38.5455
2585.5 11.6364
2586.5 35.2727
2587.5 55
2588.5 67.3636
2589.5 23.1818
2590.5 35.0909
2591.5 43.8182
2592.5 59
2593.5 33.4545
2594.5 49.0909
2595.5 38.7273
2596.5 36.4545
2597.5 21.1818
2598.5 29.7273
2599.5 45.8182
2600.5 22.3636
2601.5 51.6364
2602.5 33.7273
2603.5 40.4545
2604.5 15.9091
2605.5 55.9091
2606.5 50.1818
2607.5 45.3636
2608.5 48.2727
2609.5 37.1818
2610.5 38.9091
2611.5 26.6364
2612.5 22.0909
2613.5 20.9091
2614.5 36.5455
2615.5 44.2727
2616.5 74.2727
2617.5 97.7273
2618.5 132.364
2619.5 132.727
2620.5 124.818
2621.5 71.1818
2622.5 48.2727
2623.5 71.9091
2624.5 34.2727
2625.5 50.4545
2626.5 43.5455
2627.5 42.4545
2628.5 39.1818
2629.5 27.5455
2630.5 50.5455
2631.5 29.8182
2632.5 45.1818
2633.5 21.7273
2634.5 34.7273
2635.5 36
2636.5 27.3636
2637.5 32.0909
2638.5 26.9091
2639.5 37.8182
2640.5 54.4545
2641.5 27.3636
2642.5 38.6364
2643.5 23.1818
2644.5 35.3636
2645.5 52.2727
2646.5 57.2727
2647.5 24.8182
2648.5 61.6364
2649.5 35.9091
2650.5 34.0909
2651.5 37.3636
2652.5 23.1818
2653.5 75.1818
2654.5 60.8182
2655.5 90.8182
2656.5 156
2657.5 93.6364
2658.5 69.3636
2659.5 33.1818
2660.5 41.9091
2661.5 33.1818
2662.5 40.6364
2663.5 17.9091
2664.5 53.5455
2665.5 40.8182
2666.5 22.4545
2667.5 50
2668.5 35.7273
2669.5 18.8182
2670.5 49.1818
2671.5 31.9091
2672.5 44.9091
2673.5 32
2674.5 35.3636
2675.5 44.3636
2676.5 25.5455
2677.5 37
2678.5 28.5455
2679.5 48.1818
2680.5 27.0909
2681.5 21
2682.5 37.2727
2683.5 30.1818
2684.5 42.1818
2685.5 55.6364
2686.5 34.7273
2687.5 43.8182
2688.5 25.9091
2689.5 36.2727
2690.5 35.9091
2691.5 39.9091
2692.5 17.4545
2693.5 29.3636
2694.5 22.1818
2695.5 39.1818
2696.5 1.54545
2697.5 43.2727
2698.5 48.7273
2699.5 35.7273
2700.5 29.4545
2701.5 29.2727
2702.5 46
2703.5 27.1818
2704.5 37.2727
2705.5 25.0909
2706.5 44.5455
2707.5 44.1818
2708.5 23.9091
2709.5 37.0909
2710.5 39.9091
2711.5 20.0909
2712.5 47.3636
2713.5 31.8182
2714.5 36.9091
2715.5 39.7273
2716.5 31.0909
2717.5 9.54545
2718.5 12.0909
2719.5 21
2720.5 59.0909
2721.5 46.5454
2722.5 60.4545
2723.5 93.2727
2724.5 26.7273
2725.5 29.3636
2726.5 22.4545
2727.5 25.3636
2728.5 35.0909
2729.5 31.3636
2730.5 39
2731.5 58.1818
2732.5 50.3636
2733.5 32.0909
2734.5 24.2727
2735.5 41.5455
2736.5 22.5455
2737.5 52.8182
2738.5 36.4545
2739.5 50.3636
2740.5 48.9091
2741.5 53.7273
2742.5 48.3636
2743.5 43.1818
2744.5 59.4545
2745.5 51.6364
2746.5 49.1818
2747.5 60.1818
2748.5 93
2749.5 89.0909
2750.5 114.636
2751.5 142.182
2752.5 241.091
2753.5 336.545
2754.5 344.818
2755.5 298.909
2756.5 210.364
2757.5 130.091
2758.5 88.4545
2759.5 55.0909
2760.5 57.3636
2761.5 50.3636
2762.5 52.8182
2763.5 49.0909
2764.5 22.0909
2765.5 24.0909
2766.5 47.9091
2767.5 38.3636
2768.5 21.7273
2769.5 31.0909
2770.5 31.5455
2771.5 15.7273
2772.5 38.9091
2773.5 20.1818
2774.5 50.7273
2775.5 25.1818
2776.5 36.5455
2777.5 36.6364
2778.5 25.6364
2779.5 41.7273
2780.5 36.9091
2781.5 70.7273
2782.5 48.4545
2783.5 42.5455
2784.5 51.6364
2785.5 32.1818
2786.5 30.8182
2787.5 47.3636
2788.5 54.8182
2789.5 57.1818
2790.5 39.2727
2791.5 51
2792.5 41.0909
2793.5 36.7273
2794.5 35.4545
2795.5 27.2727
2796.5 38.2727
2797.5 62.1818
2798.5 49.9091
2799.5 42.1818
2800.5 46.4545
2801.5 52.6364
2802.5 32.4545
2803.5 38.5455
2804.5 30.3636
2805.5 43.8182
2806.5 45.3636
2807.5 37.4545
2808.5 60.0909
2809.5 45
2810.5 21.0909
2811.5 61.0909
2812.5 61.5455
2813.5 22.9091
2814.5 38.7273
2815.5 29.9091
2816.5 36.0909
2817.5 57.6364
2818.5 35.5455
2819.5 41.2727
2820.5 29.0909
2821.5 37.5455
2822.5 37.4545
2823.5 34.3636
2824.5 34.7273
2825.5 25.6364
2826.5 42.1818
2827.5 30
2828.5 21.8182
2829.5 21.7273
2830.5 54.3636
2831.5 40.5455
2832.5 30.6364
2833.5 38.5455
2834.5 40.0909
2835.5 57.8182
2836.5 55.4545
2837.5 35.8182
2838.5 35.4545
2839.5 29.1818
2840.5 43.6364
2841.5 39.4545
2842.5 43
2843.5 43.1818
2844.5 63.8182
2845.5 53.9091
2846.5 10.9091
2847.5 87.9091
2848.5 41.0909
2849.5 34.8182
2850.5 42.1818
2851.5 36.2727
2852.5 43.4545
2853.5 29.0909
2854.5 31.9091
2855.5 33.9091
2856.5 20.3636
2857.5 37.8182
2858.5 30.5455
2859.5 46.4545
2860.5 39
2861.5 37.7273
2862.5 36.9091
2863.5 25.1818
2864.5 34.0909
2865.5 37.7273
2866.5 35.4545
2867.5 42
2868.5 31.1818
2869.5 44.6364
2870.5 35
2871.5 14.6364
2872.5 25.7273
2873.5 31.1818
2874.5 54.5455
2875.5 25.6364
2876.5 39.1818
2877.5 28.0909
2878.5 41.3636
2879.5 36.6364
2880.5 49.8182
2881.5 26.5455
2882.5 33.5455
2883.5 57.0909
2884.5 54.6364
2885.5 51.4545
2886.5 48.9091
2887.5 78.8182
2888.5 81.7273
2889.5 148.636
2890.5 272.364
2891.5 431
2892.5 459.636
2893.5 372.727
2894.5 220.091
2895.5 101.455
2896.5 63.6364
2897.5 52
2898.5 41.1818
2899.5 41
2900.5 34
2901.5 29.8182
2902.5 65.0909
2903.5 44.2727
2904.5 31.9091
2905.5 44
2906.5 30.5455
2907.5 53
2908.5 41.8182
2909.5 31.5455
2910.5 35.2727
2911.5 29.3636
2912.5 32.8182
2913.5 25.8182
2914.5 13.3636
2915.5 40.0909
2916.5 32.7273
2917.5 35.7273
2918.5 41.5455
2919.5 31.7273
2920.5 37.0909
2921.5 37.8182
2922.5 24.0909
2923.5 29.0909
2924.5 38.0909
2925.5 55.2727
2926.5 25.1818
2927.5 46.8182
2928.5 31.5455
2929.5 27
2930.5 58.4545
2931.5 45.8182
2932.5 28.9091
2933.5 24.1818
2934.5 50.7273
2935.5 29.9091
2936.5 52.5455
2937.5 40.7273
2938.5 46.4545
2939.5 43.4545
2940.5 51.3636
2941.5 23.8182
2942.5 23.8182
2943.5 58.1818
2944.5 62.7273
2945.5 -18.2727
2946.5 18.7272
2947.5 -75.4546
2948.5 15
2949.5 35
2950.5 26.9091
2951.5 55.5455
2952.5 27.1818
2953.5 41.7273
2954.5 36.1818
2955.5 42.1818
2956.5 34
2957.5 48.7273
2958.5 33.4545
2959.5 40.1818
2960.5 45.5455
2961.5 33.2727
2962.5 55.8182
2963.5 29.3636
2964.5 58.4545
2965.5 37.3636
2966.5 45.3636
2967.5 54.9091
2968.5 29.2727
2969.5 56.5455
2970.5 47.8182
2971.5 25.5455
2972.5 25.4545
2973.5 35.6364
2974.5 48
2975.5 29.2727
2976.5 53.3636
2977.5 42.9091
2978.5 45.6364
2979.5 47.2727
2980.5 36.2727
2981.5 40.4545
2982.5 38.3636
2983.5 56.5455
2984.5 51.4545
2985.5 42.4545
2986.5 40.7273
2987.5 54.9091
2988.5 27.5455
2989.5 51.5455
2990.5 43.8182
2991.5 64.8182
2992.5 86.5455
2993.5 142.364
2994.5 152.455
2995.5 129.909
2996.5 98.3636
2997.5 77.2727
2998.5 73.1818
2999.5 57.6364
3000.5 53.6364
3001.5 46.7273
3002.5 52.5455
3003.5 64.2727
3004.5 39.8182
3005.5 75.5454
3006.5 43.1818
3007.5 62.3636
3008.5 61.3636
3009.5 65.8182
3010.5 72.3636
3011.5 38.4545
3012.5 65.3636
3013.5 42.5455
3014.5 38.7273
3015.5 38.5455
3016.5 58.8182
3017.5 51.8182
3018.5 50.2727
3019.5 56.4545
3020.5 62.5455
3021.5 48.6364
3022.5 28.5455
3023.5 65.7273
3024.5 59.3636
3025.5 46.2727
3026.5 42.9091
3027.5 54.7273
3028.5 54.1818
3029.5 47.2727
3030.5 51.5455
3031.5 56.5455
3032.5 31
3033.5 54.3636
3034.5 82.2727
3035.5 134.818
3036.5 276.182
3037.5 412.727
3038.5 585.455
3039.5 480.545
3040.5 267.273
3041.5 135
3042.5 57.3636
3043.5 49.2727
3044.5 47.0909
3045.5 33.7273
3046.5 41
3047.5 41.7273
3048.5 39.4545
3049.5 26.6364
3050.5 40.6364
3051.5 32.9091
3052.5 34.5455
3053.5 29.3636
3054.5 27.7273
3055.5 45.1818
3056.5 37.6364
3057.5 53.1818
3058.5 25.5455
3059.5 40.9091
3060.5 29.9091
3061.5 49.4545
3062.5 27.1818
3063.5 47.7273
3064.5 42.8182
3065.5 38.9091
3066.5 28.3636
3067.5 34.7273
3068.5 21
3069.5 49.6364
3070.5 22.5455
3071.5 23.3636
3072.5 50.9091
3073.5 31.4545
3074.5 26.8182
3075.5 23.8182
3076.5 16.2727
3077.5 45.8182
3078.5 36.0909
3079.5 33.6364
3080.5 33
3081.5 38.6364
3082.5 44.8182
3083.5 34.8182
3084.5 40
3085.5 36.8182
3086.5 39.2727
3087.5 38.2727
3088.5 34.5455
3089.5 38
3090.5 44.5455
3091.5 26.8182
3092.5 41.4545
3093.5 38.8182
3094.5 37.7273
3095.5 38.1818
3096.5 23.9091
3097.5 20.3636
3098.5 45.3636
3099.5 39.7273
3100.5 29.9091
3101.5 12.7273
3102.5 25.5455
3103.5 30.5455
3104.5 40
3105.5 24.0909
3106.5 42.7273
3107.5 35.7273
3108.5 49.9091
3109.5 21.2727
3110.5 20.8182
3111.5 38.4545
3112.5 16.1818
3113.5 45.8182
3114.5 32.5455
3115.5 38.7273
3116.5 55.8182
3117.5 34.2727
3118.5 32.6364
3119.5 28.1818
3120.5 39.4545
3121.5 28.3636
3122.5 22.3636
3123.5 35
3124.5 46.5455
3125.5 28.6364
3126.5 32.5455
3127.5 31.0909
3128.5 33
3129.5 27.7273
3130.5 23
3131.5 30.5455
3132.5 41.4545
3133.5 35.0909
3134.5 31.6364
3135.5 28.7273
3136.5 25.4545
3137.5 23
3138.5 27.1818
3139.5 35.4545
3140.5 30.3636
3141.5 21.9091
3142.5 17.8182
3143.5 23.3636
3144.5 30.3636
3145.5 29
3146.5 41.0909
3147.5 27.1818
3148.5 24.3636
3149.5 33.1818
3150.5 14.0909
3151.5 26
3152.5 28.2727
3153.5 16.7273
3154.5 27
3155.5 26.1818
3156.5 24.4545
3157.5 19
3158.5 19.1818
3159.5 26.6364
3160.5 29.8182
3161.5 19.0909
3162.5 16
3163.5 18.6364
3164.5 22.3636
3165.5 15.3636
3166.5 9.90909
3167.5 14.5455
3168.5 26.9091
3169.5 36
3170.5 25.1818
3171.5 16.3636
3172.5 21
3173.5 23.8182
3174.5 9.54545
3175.5 24.9091
3176.5 16.0909
3177.5 32.6364
3178.5 21.8182
3179.5 15.6364
3180.5 11.2727
3181.5 13.5455
3182.5 11.7273
3183.5 26
3184.5 17
3185.5 16.2727
3186.5 9.09091
3187.5 17.9091
3188.5 21
3189.5 5.54545
3190.5 22.2727
3191.5 7.90909
3192.5 22.5455
3193.5 12.2727
3194.5 17.0909
3195.5 34.1818
3196.5 22.1818
3197.5 16.3636
3198.5 29.6364
3199.5 9.18182
3200.5 40.3636
3201.5 33.0909
3202.5 5
3203.5 22.7273
3204.5 26.9091
3205.5 6.09091
3206.5 13.7273
3207.5 -2.36364
3208.5 18.3636
3209.5 20.9091
3210.5 12.8182
3211.5 27
3212.5 17.9091
3213.5 36.8182
3214.5 20.0909
3215.5 16.2727
3216.5 10.4545
3217.5 22.8182
3218.5 14.4545
3219.5 10.6364
3220.5 11.1818
3221.5 29.0909
3222.5 24.3636
3223.5 12.0909
3224.5 14.8182
3225.5 29.0909
3226.5 4.90909
3227.5 28
3228.5 23.2727
3229.5 25.4545
3230.5 17.3636
3231.5 11.6364
3232.5 13.6364
3233.5 23.5455
3234.5 35.7273
3235.5 13.8182
3236.5 31.1818
3237.5 14.4545
3238.5 18.1818
3239.5 12.7273
3240.5 21.2727
3241.5 31.8182
3242.5 17.4545
3243.5 15.5455
3244.5 14
3245.5 13.9091
3246.5 15.1818
3247.5 24.5455
3248.5 10.6364
3249.5 19.2727
3250.5 18.2727
3251.5 15.8182
3252.5 17.0909
3253.5 32.2727
3254.5 21.6364
3255.5 22.3636
3256.5 45.9091
3257.5 51.4545
3258.5 53.8182
3259.5 77.2727
3260.5 132
3261.5 298.182
3262.5 604
3263.5 1281.18
3264.5 2119.73
3265.5 2600.91
3266.5 2317.45
3267.5 1326
3268.5 510.182
3269.5 185.818
3270.5 68.6364
3271.5 42.2727
3272.5 19.1818
3273.5 17.1818
3274.5 2.09091
3275.5 4.36364
3276.5 5.09091
3277.5 9.18182
3278.5 0.999999
3279.5 7.72727
3280.5 8.90909
3281.5 0.999999
3282.5 6.36364
3283.5 14.1818
3284.5 9
3285.5 6.72727
3286.5 -5.09091
3287.5 -7.27273
3288.5 12
3289.5 -0.818182
3290.5 5.54545
3291.5 26.2727
3292.5 15.4545
3293.5 4.27273
3294.5 14.5455
3295.5 7.09091
3296.5 13.9091
3297.5 11.3636
3298.5 19.5455
3299.5 26.4545
3300.5 59.0909
3301.5 78.3636
3302.5 50.7273
3303.5 45.3636
3304.5 12.0909
3305.5 11.9091
3306.5 12.5455
3307.5 16.2727
3308.5 7.90909
3309.5 2.09091
3310.5 -9.18182
3311.5 12.8182
3312.5 3.36364
3313.5 7
3314.5 15.0909
3315.5 13.5455
3316.5 -2.09091
3317.5 11.6364
3318.5 24.9091
3319.5 22.7273
3320.5 37.2727
3321.5 64.1818
3322.5 43.6364
3323.5 52.3636
3324.5 35.8182
3325.5 5.81818
3326.5 6.18182
3327.5 11.7273
3328.5 23.6364
3329.5 3.45454
3330.5 -1.90909
3331.5 6.09091
3332.5 15.5455
3333.5 -3.72727
3334.5 13.2727
3335.5 9.72727
3336.5 14.8182
3337.5 7.09091
3338.5 9.81818
3339.5 4
3340.5 9.18182
3341.5 9.18182
3342.5 5.72727
3343.5 11.2727
3344.5 5.81818
3345.5 2.09091
3346.5 17
3347.5 0.636363
3348.5 13
3349.5 7.63636
3350.5 10.8182
3351.5 8.90909
3352.5 14.3636
3353.5 23.9091
3354.5 9.72727
3355.5 16.8182
3356.5 14.0909
3357.5 16.7273
3358.5 -3.90909
3359.5 28.5455
3360.5 25.8182
3361.5 11.3636
3362.5 8.54545
3363.5 6.90909
3364.5 33.9091
3365.5 21.9091
3366.5 27.9091
3367.5 64.2727
3368.5 86.7273
3369.5 100.364
3370.5 99.6364
3371.5 48.8182
3372.5 30.0909
3373.5 1.54545
3374.5 15.1818
3375.5 4.54545
3376.5 3.18182
3377.5 6.81818
3378.5 0.363636
3379.5 -3.27273
3380.5 -30.3636
3381.5 -54.3636
3382.5 -45.2727
3383.5 -32.6364
3384.5 6.45454
3385.5 6.54545
3386.5 9.45455
3387.5 7.18182
3388.5 20.6364
3389.5 3
3390.5 10.1818
3391.5 13
3392.5 10.9091
3393.5 13.1818
3394.5 14
3395.5 10.1818
3396.5 19.4545
3397.5 8.63636
3398.5 2.18182
3399.5 19.3636
3400.5 11.2727
3401.5 11
3402.5 14.4545
3403.5 9.09091
3404.5 14
3405.5 4.81818
3406.5 7.45455
3407.5 11.7273
3408.5 5.72727
3409.5 5.63636
3410.5 12.0909
3411.5 6.27273
3412.5 25.6364
3413.5 13.3636
3414.5 18.0909
3415.5 4.63636
3416.5 21.1818
3417.5 13.5455
3418.5 7.18182
3419.5 6.45454
3420.5 19.7273
3421.5 7.81818
3422.5 -0.545456
3423.5 3
3424.5 -15
3425.5 -1.27273
3426.5 10.4545
3427.5 -6.27273
3428.5 37.6364
3429.5 11.7273
3430.5 2.36364
3431.5 4.72727
3432.5 8.27273
3433.5 12.1818
3434.5 9.90909
3435.5 11.2727
3436.5 7.27273
3437.5 16.4545
3438.5 13.6364
3439.5 18.6364
3440.5 13.6364
3441.5 8.90909
3442.5 12.7273
3443.5 8.90909
3444.5 19.6364
3445.5 22
3446.5 11.2727
3447.5 5.90909
3448.5 5.09091
3449.5 17
3450.5 25.1818
3451.5 26.7273
3452.5 7.72727
3453.5 20.6364
3454.5 4.36364
3455.5 4
3456.5 14.3636
3457.5 -0.272728
3458.5 9.18182
3459.5 -3.81818
3460.5 5.81818
3461.5 19.3636
3462.5 8.27273
3463.5 8.27273
3464.5 17.7273
3465.5 11.8182
3466.5 8.81818
3467.5 7.18182
3468.5 20.3636
3469.5 16.7273
3470.5 0.363636
3471.5 6.09091
3472.5 8.27273
3473.5 18.8182
3474.5 23.1818
3475.5 2.81818
3476.5 12.2727
3477.5 9.72727
3478.5 8.54545
3479.5 5
3480.5 16.7273
3481.5 8.63636
3482.5 12.6364
3483.5 8.45455
3484.5 10.0909
3485.5 9.27273
3486.5 11.2727
3487.5 20.4545
3488.5 13
3489.5 22
3490.5 18.5455
3491.5 13
3492.5 11.0909
3493.5 6.81818
3494.5 11.7273
3495.5 6.63636
3496.5 20.6364
3497.5 14.5455
3498.5 2.90909
3499.5 19.2727
3500.5 6
3501.5 15.8182
3502.5 9.54545
3503.5 5.90909
3504.5 13.9091
3505.5 12.3636
3506.5 17.5455
3507.5 13.1818
3508.5 9.09091
3509.5 2.18182
3510.5 21.6364
3511.5 14.9091
3512.5 14.9091
3513.5 25.9091
3514.5 9.18182
3515.5 24.6364
3516.5 8.72727
3517.5 16.9091
3518.5 4.27273
3519.5 10.7273
3520.5 8.54545
3521.5 4.36364
3522.5 11.1818
3523.5 4
3524.5 5.54545
3525.5 9.45454
3526.5 -2
3527.5 21.8182
3528.5 3.90909
3529.5 5.54545
3530.5 12.4545
3531.5 15.5455
3532.5 19.7273
3533.5 -1.72727
3534.5 22.5455
3535.5 4.27273
3536.5 7.18182
3537.5 13.6364
3538.5 6.63636
3539.5 16.5455
3540.5 7.81818
3541.5 19.3636
3542.5 5.45455
3543.5 13.4545
3544.5 13.8182
3545.5 16.1818
3546.5 19.8182
3547.5 10
3548.5 9.63636
3549.5 5.36364
3550.5 5.72727
3551.5 20.7273
3552.5 24.2727
3553.5 14
3554.5 21.2727
3555.5 7.27273
3556.5 9.45454
3557.5 18.5455
3558.5 8.09091
3559.5 20.9091
3560.5 2.36364
3561.5 9.90909
3562.5 18.2727
3563.5 3.09091
3564.5 6.18182
3565.5 18.7273
3566.5 7.36364
3567.5 16
3568.5 7.18182
3569.5 3.72727
3570.5 13.0909
3571.5 9.36364
3572.5 13.2727
3573.5 14.2727
3574.5 7.27273
3575.5 1.18182
3576.5 4.90909
3577.5 3.27273
3578.5 3.81818
3579.5 3.90909
3580.5 12.6364
3581.5 26.5455
3582.5 19.6364
3583.5 2.81818
3584.5 10.9091
3585.5 9.09091
3586.5 7.45455
3587.5 19.0909
3588.5 -0.272728
3589.5 9.36364
3590.5 11.5455
3591.5 15.9091
3592.5 15.0909
3593.5 7
3594.5 13.9091
3595.5 5.90909
3596.5 5.90909
3597.5 21
3598.5 -2.09091
3599.5 9.90909
3600.5 14.8182
3601.5 9
3602.5 4.45454
3603.5 14.0909
3604.5 9.54545
3605.5 12.1818
3606.5 7.45455
3607.5 20
3608.5 12.8182
3609.5 2.18182
3610.5 6
3611.5 9.81818
3612.5 7
3613.5 18.8182
3614.5 21.5455
3615.5 7
3616.5 15.3636
3617.5 18.2727
3618.5 0.727272
3619.5 13
3620.5 18
3621.5 -4.45455
3622.5 15
3623.5 4
3624.5 27.5455
3625.5 22.1818
3626.5 28.4545
3627.5 12.0909
3628.5 14.9091
3629.5 26.9091
3630.5 21.8182
3631.5 17.8182
3632.5 13.9091
3633.5 -0.545455
3634.5 17.1818
3635.5 16.2727
3636.5 6.36364
3637.5 18
3638.5 -0.818183
3639.5 7.36364
3640.5 14.0909
3641.5 14.0909
3642.5 25.6364
3643.5 13.9091
3644.5 -3.18182
3645.5 11.1818
3646.5 31
3647.5 -4.36364
3648.5 -6.36364
3649.5 11.1818
3650.5 16.3636
3651.5 17.8182
3652.5 17.8182
3653.5 5.63636
3654.5 10.6364
3655.5 8
3656.5 14.8182
3657.5 20.9091
3658.5 26.9091
3659.5 12.0909
3660.5 11.4545
3661.5 14.0909
3662.5 20.5455
3663.5 7.09091
3664.5 10.9091
3665.5 22.6364
3666.5 17.9091
3667.5 16
3668.5 4.09091
3669.5 28.0909
3670.5 26.5455
3671.5 25.7273
3672.5 6.36364
3673.5 10.3636
3674.5 20.5455
3675.5 13.1818
3676.5 19.0909
3677.5 9.36364
3678.5 13.1818
3679.5 7.18182
3680.5 20.3636
3681.5 20.6364
3682.5 19.2727
3683.5 12
3684.5 9.09091
3685.5 26.1818
3686.5 3.81818
3687.5 19.9091
3688.5 20.7273
3689.5 25.8182
3690.5 12.7273
3691.5 13.0909
3692.5 14.7273
3693.5 15.5455
3694.5 21.4545
3695.5 20.1818
3696.5 10.5455
3697.5 21.8182
3698.5 9.63636
3699.5 19.0909
3700.5 17.8182
3701.5 6.27273
3702.5 27.9091
3703.5 12
3704.5 13.9091
3705.5 30
3706.5 20.2727
3707.5 8.27273
3708.5 6.09091
3709.5 9.81818
3710.5 6.54545
3711.5 27.5455
3712.5 13.9091
3713.5 15.4545
3714.5 7.90909
3715.5 21.7273
3716.5 22.2727
3717.5 7.63636
3718.5 23.6364
3719.5 8.72727
3720.5 16.0909
3721.5 11.9091
3722.5 17.6364
3723.5 9.18182
3724.5 12.7273
3725.5 19.9091
3726.5 6.54545
3727.5 8.90909
3728.5 6.90909
3729.5 3.54545
3730.5 20.8182
3731.5 19.2727
3732.5 19.6364
3733.5 16.7273
3734.5 10.4545
3735.5 15.2727
3736.5 4.72727
3737.5 13
3738.5 17.5455
3739.5 12.3636
3740.5 23
3741.5 15.0909
3742.5 16.0909
3743.5 26.1818
3744.5 46.1818
3745.5 55.0909
3746.5 40.2727
3747.5 26.6364
3748.5 21.3636
3749.5 20.3636
3750.5 17.8182
3751.5 10.4545
3752.5 12.1818
3753.5 10
3754.5 -0.272728
3755.5 14.4545
3756.5 16.3636
3757.5 8.63636
3758.5 11.9091
3759.5 22.7273
3760.5 14.7273
3761.5 10.8182
3762.5 10.4545
3763.5 22.8182
3764.5 2.72727
3765.5 15.2727
3766.5 3.72727
3767.5 19.9091
3768.5 14.3636
3769.5 9.81818
3770.5 11.3636
3771.5 5.45454
3772.5 19.9091
3773.5 13.4545
3774.5 6.72727
3775.5 16.4545
3776.5 2.36364
3777.5 21.3636
3778.5 9.54545
3779.5 12.0909
3780.5 24.6364
3781.5 10.4545
3782.5 16.7273
3783.5 17.0909
3784.5 16.9091
3785.5 7.90909
3786.5 7.27273
3787.5 19.8182
3788.5 8
3789.5 19.1818
3790.5 17.0909
3791.5 17.0909
3792.5 22.4545
3793.5 14.9091
3794.5 10.4545
3795.5 3.54545
3796.5 13.2727
3797.5 15.5455
3798.5 7.18182
3799.5 16.3636
3800.5 4.63636
3801.5 14.7273
3802.5 9.90909
3803.5 15
3804.5 4
3805.5 10.2727
3806.5 7.81818
3807.5 9.72727
3808.5 -2.45455
3809.5 7.18182
3810.5 -1.18182
3811.5 5.27273
3812.5 14.5455
3813.5 10.7273
3814.5 6.90909
3815.5 -0.181819
3816.5 13.6364
3817.5 10.7273
3818.5 10.1818
3819.5 11.7273
3820.5 21.1818
3821.5 4.72727
3822.5 18.3636
3823.5 4.27273
3824.5 2.18182
3825.5 3.45454
3826.5 8.72727
3827.5 15.3636
3828.5 1.81818
3829.5 11.8182
3830.5 5.63636
3831.5 16.9091
3832.5 15.9091
3833.5 14.2727
3834.5 6.90909
3835.5 1.63636
3836.5 5.09091
3837.5 8.90909
3838.5 8.36364
3839.5 15.5455
3840.5 12.2727
3841.5 6.18182
3842.5 8.18182
3843.5 16.0909
3844.5 14.5455
3845.5 3.27273
3846.5 21.4545
3847.5 9.72727
3848.5 16.7273
3849.5 6.90909
3850.5 21.7273
3851.5 14.3636
3852.5 16.7273
3853.5 13.5455
3854.5 15.0909
3855.5 8.81818
3856.5 11.1818
3857.5 8.27273
3858.5 27.1818
3859.5 15.0909
3860.5 2.90909
3861.5 30
3862.5 10.2727
3863.5 13.1818
3864.5 11.5455
3865.5 39.6364
3866.5 35.9091
3867.5 16.3636
3868.5 45.4545
3869.5 91.6364
3870.5 70.4545
3871.5 31.2727
3872.5 41.7273
3873.5 38.2727
3874.5 38.5455
3875.5 48.1818
3876.5 73.5455
3877.5 90.3636
3878.5 147.818
3879.5 173.818
3880.5 202.182
3881.5 203.818
3882.5 163.909
3883.5 106.455
3884.5 61.9091
3885.5 36.6364
3886.5 35.4545
3887.5 11.2727
3888.5 24.6364
3889.5 6.63636
3890.5 -0.363637
3891.5 3.54545
3892.5 17
3893.5 16.4545
3894.5 12.0909
3895.5 15.1818
3896.5 9.81818
3897.5 19.3636
3898.5 21.8182
3899.5 6.18182
3900.5 25.0909
3901.5 -0.636364
3902.5 6.72727
3903.5 5.09091
3904.5 29.5455
3905.5 4.90909
3906.5 15.5455
3907.5 17
3908.5 7
3909.5 7.90909
3910.5 20.8182
3911.5 7.54545
3912.5 10.7273
3913.5 14.8182
3914.5 18.0909
3915.5 12.3636
3916.5 7
3917.5 7.54545
3918.5 16.6364
3919.5 17.7273
3920.5 9.63636
3921.5 12.4545
3922.5 19.0909
3923.5 20.3636
3924.5 14.0909
3925.5 11.2727
3926.5 8.45455
3927.5 9.09091
3928.5 17.6364
3929.5 17.3636
3930.5 20.2727
3931.5 26.1818
3932.5 21.9091
3933.5 19.8182
3934.5 21.6364
3935.5 -0.363637
3936.5 16.0909
3937.5 7.27273
3938.5 13.7273
3939.5 12.7273
3940.5 16.3636
3941.5 20.9091
3942.5 23.3636
3943.5 21.0909
3944.5 14.8182
3945.5 16.0909
3946.5 15.9091
3947.5 16.8182
3948.5 21.9091
3949.5 12.4545
3950.5 5
3951.5 10.2727
3952.5 0.0909086
3953.5 19.9091
3954.5 23.5455
3955.5 8.54545
3956.5 12.2727
3957.5 14.7273
3958.5 9.27273
3959.5 12.3636
3960.5 18.5455
3961.5 18.3636
3962.5 30.7273
3963.5 24.0909
3964.5 16.6364
3965.5 20.6364
3966.5 16
3967.5 11.1818
3968.5 32.8182
3969.5 10.7273
3970.5 12.9091
3971.5 37.1818
3972.5 34.7273
3973.5 1.27272
3974.5 6.0909
3975.5 10.9091
3976.5 9
3977.5 22.3636
3978.5 16.6364
3979.5 17.8182
3980.5 22.8182
3981.5 20
3982.5 15
3983.5 13.8182
3984.5 14.0909
3985.5 15.8182
3986.5 14.2727
3987.5 14.8182
3988.5 21.6364
3989.5 16.5455
3990.5 9.18182
3991.5 21.0909
3992.5 7.09091
3993.5 21.5455
3994.5 22.6364
3995.5 2.81818
3996.5 12.8182
3997.5 19.4545
3998.5 13.4545
3999.5 3.54545
4000.5 22.1818
4001.5 13.7273
4002.5 18.4545
4003.5 19.8182
4004.5 11.6364
4005.5 18.5455
4006.5 14.7273
4007.5 17.3636
4008.5 10.5455
4009.5 2.90909
4010.5 21.9091
4011.5 15.3636
4012.5 11.0909
4013.5 6.09091
4014.5 10.4545
4015.5 10.3636
4016.5 19.1818
4017.5 12.4545
4018.5 16.4545
4019.5 16
4020.5 21.5455
4021.5 19.5455
4022.5 13
4023.5 10.9091
4024.5 20.1818
4025.5 21.9091
4026.5 13.8182
4027.5 15.7273
4028.5 17.5455
4029.5 10.8182
4030.5 17.0909
4031.5 17.5455
4032.5 16.8182
4033.5 13.5455
4034.5 15.8182
4035.5 21.5455
4036.5 8.81818
4037.5 11.1818
4038.5 7.27273
4039.5 16.3636
4040.5 12
4041.5 12.8182
4042.5 14.8182
4043.5 18
4044.5 22.6364
4045.5 15.9091
4046.5 16.5455
4047.5 7.36364
4048.5 16.9091
4049.5 12.8182
4050.5 15.9091
4051.5 19
4052.5 25.8182
4053.5 20.5455
4054.5 14.2727
4055.5 18.5455
4056.5 14.2727
4057.5 19.6364
4058.5 27.0909
4059.5 13
4060.5 17.0909
4061.5 24.4545
4062.5 10.6364
4063.5 7.54545
4064.5 30.5455
4065.5 15.9091
4066.5 24.7273
4067.5 6.54545
4068.5 9.18182
4069.5 18.5455
4070.5 3.90909
4071.5 6.63636
4072.5 10.7273
4073.5 7.90909
4074.5 20.4545
4075.5 18.8182
4076.5 17.5455
4077.5 8.36364
4078.5 16.3636
4079.5 20.6364
4080.5 21.9091
4081.5 13
4082.5 20.9091
4083.5 22.6364
4084.5 19.8182
4085.5 16.0909
4086.5 19.2727
4087.5 9.09091
4088.5 17.2727
4089.5 17.4545
4090.5 20.9091
4091.5 18.6364
4092.5 12.0909
4093.5 10.8182
4094.5 19.4545
4095.5 17.1818
4096.5 21.7273
4097.5 16.0909
4098.5 23.0909
4099.5 21.1818
4100.5 19.3636
4101.5 23.0909
4102.5 18.1818
4103.5 7.81818
4104.5 26.0909
4105.5 22.0909
4106.5 15.0909
4107.5 20.2727
4108.5 31.5455
4109.5 26.3636
4110.5 14.1818
4111.5 18.9091
4112.5 14.6364
4113.5 10.1818
4114.5 11
4115.5 16.2727
4116.5 12.8182
4117.5 16
4118.5 26.1818
4119.5 20.2727
4120.5 18.0909
4121.5 21.7273
4122.5 26.2727
4123.5 14.9091
4124.5 24.9091
4125.5 18.3636
4126.5 24.4545
4127.5 19.3636
4128.5 21.7273
4129.5 13.5455
4130.5 17.0909
4131.5 13.3636
4132.5 24.9091
4133.5 19.3636
4134.5 32.5455
4135.5 27.8182
4136.5 19.8182
4137.5 18.5455
4138.5 38.4545
4139.5 9.81818
4140.5 16.0909
4141.5 19.0909
4142.5 28.8182
4143.5 19.0909
4144.5 15.9091
4145.5 18.0909
4146.5 18.5455
4147.5 21.3636
4148.5 23.4545
4149.5 22.4545
4150.5 24
4151.5 26.0909
4152.5 30.1818
4153.5 14.3636
4154.5 24.0909
4155.5 8.45455
4156.5 14.6364
4157.5 14.0909
4158.5 19.6364
4159.5 20.5455
4160.5 23.6364
4161.5 11.7273
4162.5 11.8182
4163.5 12.0909
4164.5 27.0909
4165.5 36.5455
4166.5 57.8182
4167.5 45
4168.5 47.6364
4169.5 55.4545
4170.5 40.1818
4171.5 23.0909
4172.5 25.2727
4173.5 13.3636
4174.5 13.1818
4175.5 17.4545
4176.5 6.90909
4177.5 10.5455
4178.5 18.9091
4179.5 20.1818
4180.5 13.8182
4181.5 13
4182.5 19.9091
4183.5 19.8182
4184.5 24.9091
4185.5 7
4186.5 11.4545
4187.5 11.2727
4188.5 14
4189.5 20.6364
4190.5 10.5455
4191.5 19.3636
4192.5 12.5455
4193.5 17.5455
4194.5 10.5455
4195.5 19.1818
4196.5 19.0909
4197.5 19.8182
4198.5 12.2727
4199.5 15.5455
4200.5 21.0909
4201.5 22.0909
4202.5 18.6364
4203.5 13.4545
4204.5 8.45455
4205.5 12.6364
4206.5 13.3636
4207.5 10
4208.5 14.6364
4209.5 18.3636
4210.5 18.3636
4211.5 7.09091
4212.5 14.8182
4213.5 13.7273
4214.5 11.9091
4215.5 4.36363
4216.5 4.63636
4217.5 -2.09091
4218.5 3.63636
4219.5 2.45454
4220.5 6.72727
4221.5 8.09091
4222.5 6.54545
4223.5 6.09091
4224.5 12.2727
4225.5 15.6364
4226.5 11.2727
4227.5 13.7273
4228.5 20.0909
4229.5 19.8182
4230.5 10.7273
4231.5 19.1818
4232.5 8.27273
4233.5 14.0909
4234.5 15.5455
4235.5 17.7273
4236.5 6.45455
4237.5 14.4545
4238.5 9.18182
4239.5 15.1818
4240.5 15.2727
4241.5 10.7273
4242.5 4.63636
4243.5 10.0909
4244.5 9.63636
4245.5 11.6364
4246.5 9.90909
4247.5 15.6364
4248.5 13.4545
4249.5 13.1818
4250.5 15.8182
4251.5 21.6364
4252.5 19.6364
4253.5 12.6364
4254.5 9.54545
4255.5 9.54545
4256.5 1.63636
4257.5 5.72727
4258.5 10.1818
4259.5 12.1818
4260.5 10.2727
4261.5 5.09091
4262.5 -0.0909097
4263.5 5.18182
4264.5 0.999999
4265.5 10.8182
4266.5 8.09091
4267.5 6
4268.5 16.6364
4269.5 14.8182
4270.5 12.7273
4271.5 11.7273
4272.5 10.3636
4273.5 13.2727
4274.5 4.81818
4275.5 2.18182
4276.5 7.54545
4277.5 5.54545
4278.5 13.7273
4279.5 3
4280.5 11.0909
4281.5 7.54545
4282.5 11.9091
4283.5 10.3636
4284.5 -0.454546
4285.5 7.36364
4286.5 6
4287.5 11.6364
4288.5 4.45455
4289.5 4.63636
4290.5 8.45455
4291.5 5.09091
4292.5 9.72727
4293.5 6.54545
4294.5 11.8182
4295.5 7.63636
4296.5 4.27273
4297.5 8.45455
4298.5 -2.36364
4299.5 5
4300.5 3.81818
4301.5 3.63636
4302.5 14.3636
4303.5 9
4304.5 8.45455
4305.5 6.36364
4306.5 3
4307.5 6.36364
4308.5 5.63636
4309.5 8.81818
4310.5 9.27273
4311.5 5.27273
4312.5 7.72727
4313.5 6.54545
4314.5 8.18182
4315.5 10.5455
4316.5 -0.818182
4317.5 2.54545
4318.5 3.81818
4319.5 8.18182
4320.5 1.45455
4321.5 10.8182
4322.5 6.72727
4323.5 -1.72727
4324.5 10.4545
4325.5 1.81818
4326.5 15.1818
4327.5 3.90909
4328.5 8.09091
4329.5 -1.90909
4330.5 4.09091
4331.5 13.8182
4332.5 3.18182
4333.5 15.2727
4334.5 11.1818
4335.5 5.63636
4336.5 8.72727
4337.5 12.1818
4338.5 -1
4339.5 1.27273
4340.5 1.09091
4341.5 11
4342.5 8.63636
4343.5 16.6364
4344.5 -0.272728
4345.5 4.90909
4346.5 7.45455
4347.5 5.36364
4348.5 4.45455
4349.5 3.54545
4350.5 5.63636
4351.5 7.72727
4352.5 6.27273
4353.5 4.27273
4354.5 3.72727
4355.5 9.36364
4356.5 6.72727
4357.5 -1.63636
4358.5 7.54545
4359.5 10.0909
4360.5 1.09091
4361.5 7.72727
4362.5 2.45455
4363.5 14.8182
4364.5 1.18182
4365.5 -1.78814e-07
4366.5 6.27273
4367.5 3.54545
4368.5 7.18182
4369.5 -2
4370.5 4.09091
4371.5 5.72727
4372.5 7.27273
4373.5 10.3636
4374.5 9.45455
4375.5 -1.45455
4376.5 8.81818
4377.5 13.4545
4378.5 16.5455
4379.5 31.4545
4380.5 36.6364
4381.5 36.4545
4382.5 52.4545
4383.5 72
4384.5 51.0909
4385.5 63.7273
4386.5 85.7273
4387.5 170
4388.5 302.636
4389.5 511.545
4390.5 753.091
4391.5 983.273
4392.5 886
4393.5 660.273
4394.5 346.182
4395.5 188.182
4396.5 77.6364
4397.5 25.0909
4398.5 18.6364
4399.5 9.18182
4400.5 1.18182
4401.5 1.36364
4402.5 -1.78814e-07
4403.5 7.27273
4404.5 1
4405.5 3.18182
4406.5 3.18182
4407.5 -0.454546
4408.5 2.90909
4409.5 1.63636
4410.5 2.27273
4411.5 1.09091
4412.5 0.727273
4413.5 -2.36364
4414.5 6.36364
4415.5 -4.27273
4416.5 7.81818
4417.5 1.45455
4418.5 4.81818
4419.5 6.72727
4420.5 7.36364
4421.5 6.18182
4422.5 12.4545
4423.5 5.90909
4424.5 1.81818
4425.5 5.27273
4426.5 0.181818
4427.5 -1.81818
4428.5 0.909091
4429.5 1.72727
4430.5 6.27273
4431.5 2.81818
4432.5 2.09091
4433.5 1.18182
4434.5 0.636364
4435.5 -1.72727
4436.5 0.0909089
4437.5 -1.72727
4438.5 -2.45455
4439.5 2
4440.5 0.272727
4441.5 1.09091
4442.5 0.363636
4443.5 2.72727
4444.5 2.09091
4445.5 2.18182
4446.5 2.18182
4447.5 1.72727
4448.5 1
4449.5 0.545454
4450.5 -5
4451.5 -1.78814e-07
4452.5 1.72727
4453.5 1.63636
4454.5 1.90909
4455.5 -0.181818
4456.5 3.18182
4457.5 1.63636
4458.5 3.81818
4459.5 1.54545
4460.5 1.45455
4461.5 4.54545
4462.5 2.63636
4463.5 -3.54545
4464.5 -2
4465.5 -3.27273
4466.5 4.81818
4467.5 2.81818
4468.5 5.27273
4469.5 -0.909091
4470.5 2.63636
4471.5 0.181818
4472.5 2.09091
4473.5 -1.54545
4474.5 4.72727
4475.5 -0.272727
4476.5 -5
4477.5 1.81818
4478.5 -6.18182
4479.5 -5.54545
4480.5 0.727273
4481.5 -4.36364
4482.5 3.81818
4483.5 3.81818
4484.5 1.72727
4485.5 -0.363636
4486.5 2.18182
4487.5 0.636364
4488.5 -6.18182
4489.5 0.0909089
4490.5 -2.90909
4491.5 1
4492.5 -2
4493.5 0.363636
4494.5 1.18182
4495.5 -5.09091
4496.5 6.18182
4497.5 -1.90909
4498.5 -5.09091
4499.5 3.81818
4500.5 5.90909
4501.5 5.81818
4502.5 2.72727
4503.5 3.36364
4504.5 -0.909091
4505.5 -2
4506.5 -5.54545
4507.5 3.72727
4508.5 -3.27273
4509.5 -1.78814e-07
4510.5 4.27273
4511.5 -4.18182
4512.5 -2.72727
4513.5 6.36364
4514.5 3.81818
4515.5 -4.09091
4516.5 6.81818
4517.5 1
4518.5 2.09091
4519.5 1.36364
4520.5 3.36364
4521.5 -3.36364
4522.5 -0.181818
4523.5 -3.27273
4524.5 -0.181818
4525.5 3.81818
4526.5 1.36364
4527.5 0.818182
4528.5 2.72727
4529.5 0.818182
4530.5 1.09091
4531.5 -2.45455
4532.5 -0.181818
4533.5 2.36364
4534.5 0.818182
4535.5 4.36364
4536.5 0.727273
4537.5 -1.63636
4538.5 -0.636364
4539.5 3.18182
4540.5 0.272727
4541.5 0.818182
4542.5 -1
4543.5 1.72727
4544.5 0.636364
4545.5 1.81818
4546.5 0.363636
4547.5 3.81818
4548.5 0.818182
4549.5 -5
4550.5 -0.0909091
4551.5 -1.81818
4552.5 4.27273
4553.5 3.27273
4554.5 4.90909
4555.5 1.18182
4556.5 -1.45455
4557.5 -1.27273
4558.5 2.36364
4559.5 -7.18182
4560.5 2.36364
4561.5 -0.272727
4562.5 1.27273
4563.5 -2.45455
4564.5 -0.272727
4565.5 3.81818
4566.5 3.18182
4567.5 3.81818
4568.5 0.818182
4569.5 -2.36364
4570.5 5.27273
4571.5 -0.363636
4572.5 2.81818
4573.5 0.727273
4574.5 -2.36364
4575.5 -2.81818
4576.5 3.27273
4577.5 1.81818
4578.5 -0.181818
4579.5 3.27273
4580.5 -0.636364
4581.5 -4
4582.5 0.727273
4583.5 -3.27273
4584.5 2.63636
4585.5 -0.909091
4586.5 1.81818
4587.5 0.909091
4588.5 -0.636364
4589.5 0.272727
4590.5 3.45455
4591.5 1.81818
4592.5 1.36364
4593.5 0.181818
4594.5 -0.272727
4595.5 1.81818
4596.5 -1.18182
4597.5 -1.45455
4598.5 -2.36364
4599.5 0.818182
4600.5 4.81818
4601.5 4.45455
4602.5 8
4603.5 2.45455
4604.5 0.909091
4605.5 -0.272727
4606.5 -2.90909
4607.5 -1.18182
4608.5 -1.18182
4609.5 0.363636
4610.5 -2.18182
4611.5 5.45455
4612.5 -1.81818
4613.5 1.90909
4614.5 1
4615.5 6.72727
4616.5 -1.45455
4617.5 0.818182
4618.5 -3
4619.5 2.18182
4620.5 0.727273
4621.5 3.81818
4622.5 -4.63636
4623.5 1.54545
4624.5 5.72727
4625.5 4.36364
4626.5 -3.09091
4627.5 -4.18182
4628.5 0.0909089
4629.5 -2.27273
4630.5 -1.18182
4631.5 -1.90909
4632.5 -2
4633.5 0.181818
4634.5 2.45455
4635.5 1.09091
4636.5 0.272727
4637.5 -3.90909
4638.5 1.81818
4639.5 4.27273
4640.5 2.81818
4641.5 1.18182
4642.5 -3.54545
4643.5 -0.818182
4644.5 4.45455
4645.5 -0.909091
4646.5 1.63636
4647.5 18.0909
4648.5 15.2727
4649.5 4.63636
4650.5 -0.272731
4651.5 10.0909
4652.5 -1.54546
4653.5 5.36364
4654.5 8.45455
4655.5 3.90909
4656.5 1
4657.5 3.72727
4658.5 0.818182
4659.5 -5.09091
4660.5 5.36364
4661.5 -1.81818
4662.5 3.45455
4663.5 -0.727273
4664.5 2.36364
4665.5 3.27273
4666.5 0.363636
4667.5 2.45455
4668.5 0.909091
4669.5 2.90909
4670.5 1.45455
4671.5 1.36364
4672.5 3.90909
4673.5 -1.27273
4674.5 1.90909
4675.5 2.36364
4676.5 -0.727273
4677.5 -4.90909
4678.5 2
4679.5 0.909091
4680.5 -0.818182
4681.5 2.27273
4682.5 0.363636
4683.5 2
4684.5 0.909091
4685.5 4.36364
4686.5 1.81818
4687.5 2.90909
4688.5 0.363636
4689.5 1.90909
4690.5 -0.272727
4691.5 5.36364
4692.5 2.45455
4693.5 0.818182
4694.5 -2.18182
4695.5 1.36364
4696.5 -1.63636
4697.5 2.45455
4698.5 2.90909
4699.5 4
4700.5 -0.727273
4701.5 -0.636364
4702.5 -1.18182
4703.5 -1.78814e-07
4704.5 -0.636364
4705.5 1.90909
4706.5 2.63636
4707.5 -1.18182
4708.5 0.909091
4709.5 0.909091
4710.5 0.818182
4711.5 3.36364
4712.5 3
4713.5 0.363636
4714.5 -1.27273
4715.5 -0.181818
4716.5 1.81818
4717.5 2.45455
4718.5 3.90909
4719.5 1.27273
4720.5 3.27273
4721.5 3.45455
4722.5 1.36364
4723.5 4.45455
4724.5 -1.09091
4725.5 -0.272727
4726.5 3.45455
4727.5 -3.81818
4728.5 -3.36364
4729.5 -0.181818
4730.5 4.63636
4731.5 -2.81818
4732.5 -2.27273
4733.5 2.36364
4734.5 1.18182
4735.5 4.36364
4736.5 2.90909
4737.5 1.36364
4738.5 1.81818
4739.5 -1.18182
4740.5 2.90909
4741.5 0.363636
4742.5 0.363636
4743.5 1.81818
4744.5 1
4745.5 0.909091
4746.5 2
4747.5 -0.272727
4748.5 2.36364
4749.5 6
4750.5 -1.72727
4751.5 -0.818182
4752.5 0.363636
4753.5 -0.818182
4754.5 -1.36364
4755.5 -2
4756.5 -4.90909
4757.5 -4.45455
4758.5 -6.36364
4759.5 -7.09091
4760.5 -5
4761.5 -0.727273
4762.5 2
4763.5 -0.727273
4764.5 -0.272727
4765.5 1.45455
4766.5 -1.72727
4767.5 7.45455
4768.5 -2.90909
4769.5 3.45455
4770.5 -0.545455
4771.5 3.90909
4772.5 1.36364
4773.5 3.81818
4774.5 6.90909
4775.5 -1.27273
4776.5 0.272727
4777.5 1.45455
4778.5 0.818182
4779.5 3.36364
4780.5 0.909091
4781.5 0.727273
4782.5 -1.81818
4783.5 0.909091
4784.5 4.45455
4785.5 -2.81818
4786.5 2.36364
4787.5 1
4788.5 1.90909
4789.5 2.36364
4790.5 2.36364
4791.5 1.36364
4792.5 1.27273
4793.5 -0.0909091
4794.5 -2.18182
4795.5 0.727273
4796.5 -2.72727
4797.5 0.909091
4798.5 2.36364
4799.5 1.36364
4800.5 0.818182
4801.5 3.36364
4802.5 -2.81818
4803.5 0.909091
4804.5 -0.0909091
4805.5 -0.818182
4806.5 1.18182
4807.5 -2.36364
4808.5 -1.27273
4809.5 4
4810.5 1.36364
4811.5 3.90909
4812.5 0.272727
4813.5 1.90909
4814.5 2.36364
4815.5 -1.18182
4816.5 2
4817.5 1.81818
4818.5 1.36364
4819.5 0.909091
4820.5 2.36364
4821.5 3.27273
4822.5 -0.636364
4823.5 -0.909091
4824.5 0.818182
4825.5 0.363636
4826.5 -1.63636
4827.5 0.818182
4828.5 0.454545
4829.5 0
4830.5 0.454545
4831.5 0.909091
4832.5 -1.81818
4833.5 3.36364
4834.5 -0.181818
4835.5 -0.727273
4836.5 0.454545
4837.5 -0.727273
4838.5 3.36364
4839.5 -0.727273
4840.5 2.90909
4841.5 3.90909
4842.5 1.36364
4843.5 5.45455
4844.5 3.09091
4845.5 -0.909091
4846.5 -0.363636
4847.5 2.36364
4848.5 -0.636364
4849.5 3
4850.5 4.36364
4851.5 1.81818
4852.5 -0.0909091
4853.5 -0.272727
4854.5 0.363636
4855.5 3.36364
4856.5 -0.727273
4857.5 -0.0909091
4858.5 1.18182
4859.5 1.36364
4860.5 -2.81818
4861.5 -2.18182
4862.5 -0.636364
4863.5 -0.636364
4864.5 4.45455
4865.5 1.36364
4866.5 1.09091
4867.5 -1.18182
4868.5 0.272727
4869.5 3
4870.5 0.636364
4871.5 0.272727
4872.5 5
4873.5 4.36364
4874.5 -3.36364
4875.5 -1.27273
4876.5 -1.81818
4877.5 2.36364
4878.5 -1.72727
4879.5 -2.72727
4880.5 0.181818
4881.5 -2.72727
4882.5 -1.45455
4883.5 1.27273
4884.5 3.81818
4885.5 0.818182
4886.5 0.181818
4887.5 -0.727273
4888.5 0.818182
4889.5 2.81818
4890.5 1.72727
4891.5 3.90909
4892.5 -0.181818
4893.5 -2.27273
4894.5 0.909091
4895.5 0.363636
4896.5 0.909091
4897.5 6
4898.5 -1.27273
4899.5 0.272727
4900.5 1.45455
4901.5 2.45455
4902.5 -1.81818
4903.5 0.181818
4904.5 -0.363636
4905.5 3.27273
4906.5 -3.90909
4907.5 -0.636364
4908.5 1.27273
4909.5 -2
4910.5 -2.72727
4911.5 4.45455
4912.5 -1.18182
4913.5 0.363636
4914.5 1.45455
4915.5 0.363636
4916.5 0.272727
4917.5 -3.45455
4918.5 0.272727
4919.5 3.72727
4920.5 -1.81818
4921.5 3.81818
4922.5 -3.54545
4923.5 2.90909
4924.5 -0.727273
4925.5 -1.09091
4926.5 -2.27273
4927.5 0.909091
4928.5 2
4929.5 3.90909
4930.5 -1.81818
4931.5 1.90909
4932.5 1.90909
4933.5 0.909091
4934.5 0.272727
4935.5 1.36364
4936.5 1
4937.5 0.818182
4938.5 -0.0909091
4939.5 -1.72727
4940.5 3.45455
4941.5 0.818182
4942.5 0.181818
4943.5 0.0909089
4944.5 1.63636
4945.5 -2.36364
4946.5 -0.818182
4947.5 0.909091
4948.5 -0.181818
4949.5 -0.0909091
4950.5 -2.27273
4951.5 1.81818
4952.5 0.454545
4953.5 0.272727
4954.5 -2.27273
4955.5 2.81818
4956.5 5
4957.5 -1.63636
4958.5 -0.636364
4959.5 -0.636364
4960.5 -1.09091
4961.5 3
4962.5 -1.63636
4963.5 -0.909091
4964.5 -1.18182
4965.5 1.45455
4966.5 1.81818
4967.5 -0.181818
4968.5 -0.181818
4969.5 1.36364
4970.5 3.27273
4971.5 -2.18182
4972.5 -2.36364
4973.5 -2.72727
4974.5 0.454545
4975.5 5.45455
4976.5 -0.181818
4977.5 -2.27273
4978.5 2.90909
4979.5 -0.818182
4980.5 0.181818
4981.5 5.27273
4982.5 2.81818
4983.5 -1.90909
4984.5 2.18182
4985.5 -0.818182
4986.5 3.90909
4987.5 -1.27273
4988.5 -1.27273
4989.5 2
4990.5 2.45455
4991.5 -2.81818
4992.5 1.36364
4993.5 0.454545
4994.5 4.45455
4995.5 1.72727
4996.5 -0.727273
4997.5 1
4998.5 2.36364
4999.5 3.36364
5000.5 -4.36364
5001.5 -0.0909091
5002.5 2.90909
5003.5 2.36364
5004.5 -1.72727
5005.5 0.909091
5006.5 2.81818
5007.5 0.181818
5008.5 1.81818
5009.5 2.90909
5010.5 0.818182
5011.5 -1.27273
5012.5 0.909091
5013.5 -0.727273
5014.5 -2.81818
5015.5 2.36364
5016.5 -2.27273
5017.5 -1.18182
5018.5 4.81818
5019.5 2.90909
5020.5 0.272727
5021.5 1.18182
5022.5 1.90909
5023.5 5.90909
5024.5 12.4545
5025.5 5.36364
5026.5 5.45455
5027.5 0.545454
5028.5 5.36364
5029.5 1.90909
5030.5 1.72727
5031.5 -0.272727
5032.5 4.45455
5033.5 -1.18182
5034.5 -0.909091
5035.5 -2.27273
5036.5 4.36364
5037.5 0.818182
5038.5 1.81818
5039.5 2
5040.5 2.72727
5041.5 0.272727
5042.5 -1.72727
5043.5 1.90909
5044.5 1.81818
5045.5 -1.27273
5046.5 2.45455
5047.5 3
5048.5 1
5049.5 2.81818
5050.5 -0.727273
5051.5 0.909091
5052.5 0
5053.5 2
5054.5 0.818182
5055.5 2.36364
5056.5 0.454545
5057.5 -4
5058.5 1.36364
5059.5 -0.636364
5060.5 2.45455
5061.5 0.818182
5062.5 -0.0909091
5063.5 1.45455
5064.5 1.90909
5065.5 -0.0909091
5066.5 1.18182
5067.5 -0.0909091
5068.5 -0.272727
5069.5 0.272727
5070.5 3.90909
5071.5 1.27273
5072.5 2
5073.5 1.45455
5074.5 -0.0909091
5075.5 2.36364
5076.5 -0.0909091
5077.5 1.36364
5078.5 0.909091
5079.5 -0.272727
5080.5 -1.18182
5081.5 1.81818
5082.5 2.27273
5083.5 3.45455
5084.5 -0.727273
5085.5 -1.63636
5086.5 2.45455
5087.5 -0.727273
5088.5 -1.27273
5089.5 0.818182
5090.5 -4
5091.5 5
5092.5 -1.90909
5093.5 -0.181818
5094.5 4
5095.5 -2.54545
5096.5 1
5097.5 0.454545
5098.5 2.90909
5099.5 -1.36364
5100.5 -0.636364
5101.5 -0.727273
5102.5 2.81818
5103.5 3.45455
5104.5 1.36364
5105.5 -2.72727
5106.5 -0.545455
5107.5 -1.18182
5108.5 1.45455
5109.5 1.81818
5110.5 0.454545
5111.5 -5
5112.5 -0.545455
5113.5 0.363636
5114.5 3.36364
5115.5 0.454545
5116.5 1.90909
5117.5 -1.27273
5118.5 0.818182
5119.5 2.45455
5120.5 1.36364
5121.5 0.454545
5122.5 3.81818
5123.5 1.27273
5124.5 3
5125.5 -2.18182
5126.5 -2.27273
5127.5 -0.727273
5128.5 1.18182
5129.5 -0.363636
5130.5 3.36364
5131.5 2
5132.5 1.36364
5133.5 2
5134.5 1.90909
5135.5 -3.90909
5136.5 0.454545
5137.5 0.909091
5138.5 -1.81818
5139.5 1.45455
5140.5 -2.27273
5141.5 -3.81818
5142.5 1.45455
5143.5 0.909091
5144.5 -2.27273
5145.5 -1.72727
5146.5 7
5147.5 4
5148.5 -1.72727
5149.5 1.36364
5150.5 -0.727273
5151.5 1
5152.5 -0.272727
5153.5 1.72727
5154.5 1.90909
5155.5 1.18182
5156.5 3
5157.5 1.81818
5158.5 1.36364
5159.5 0.818182
5160.5 -1.18182
5161.5 1
5162.5 -2.27273
5163.5 -1.63636
5164.5 -0.818182
5165.5 2
5166.5 1.36364
5167.5 2.27273
5168.5 -0.0909091
5169.5 1
5170.5 2.36364
5171.5 0.818182
5172.5 0.909091
5173.5 2.90909
5174.5 2.45455
5175.5 2
5176.5 -0.0909091
5177.5 2.36364
5178.5 1.81818
5179.5 1.27273
5180.5 -1.27273
5181.5 0.363636
5182.5 0.272727
5183.5 0.272727
5184.5 1.27273
5185.5 1.36364
5186.5 -0.545455
5187.5 5.45455
5188.5 3.36364
5189.5 0.363636
5190.5 -2.18182
5191.5 2.45455
5192.5 -0.181818
5193.5 1.36364
5194.5 1.81818
5195.5 1.90909
5196.5 0.818182
5197.5 1.27273
5198.5 2
5199.5 0
5200.5 0.818182
5201.5 2.36364
5202.5 3
5203.5 -1.09091
5204.5 4.36364
5205.5 0.818182
5206.5 -0.545455
5207.5 2.45455
5208.5 -2.72727
5209.5 0.363636
5210.5 -2.18182
5211.5 -0.272727
5212.5 2
5213.5 1.36364
5214.5 0.909091
5215.5 -3.90909
5216.5 1.36364
5217.5 1.45455
5218.5 2.90909
5219.5 4
5220.5 0.363636
5221.5 0.454545
5222.5 4.45455
5223.5 1.36364
5224.5 -0.909091
5225.5 0.0909089
5226.5 0.181818
5227.5 -0.636364
5228.5 6
5229.5 2
5230.5 -1.63636
5231.5 -1.63636
5232.5 0.363636
5233.5 0.363636
5234.5 -1.18182
5235.5 -1.09091
5236.5 0.363636
5237.5 -0.0909091
5238.5 -0.636364
5239.5 3
5240.5 1.18182
5241.5 0.909091
5242.5 2
5243.5 0.909091
5244.5 -0.0909091
5245.5 3.45455
5246.5 -1.81818
5247.5 2
5248.5 0.909091
5249.5 3
5250.5 6
5251.5 -0.181818
5252.5 0
5253.5 -0.818182
5254.5 1.45455
5255.5 3
5256.5 4
5257.5 0.909091
5258.5 0.272727
5259.5 -1.18182
5260.5 -2.27273
5261.5 -3.81818
5262.5 -0.727273
5263.5 5.36364
5264.5 1.27273
5265.5 -3
5266.5 -3.63636
5267.5 -15.9091
5268.5 -17.6364
5269.5 -12.1818
5270.5 -10.6364
5271.5 -6.63636
5272.5 1.18182
5273.5 0.272727
5274.5 0.181818
5275.5 -0.181818
5276.5 0.727273
5277.5 0.909091
5278.5 1.36364
5279.5 -1.18182
5280.5 -0.909091
5281.5 -1.27273
5282.5 2.90909
5283.5 3.45455
5284.5 -0.181818
5285.5 1.27273
5286.5 -0.0909091
5287.5 3
5288.5 0.909091
5289.5 1
5290.5 2
5291.5 -1.72727
5292.5 2.36364
5293.5 -1.72727
5294.5 0.181818
5295.5 2.81818
5296.5 3.36364
5297.5 2.81818
5298.5 3.90909
5299.5 -2.36364
5300.5 -0.181818
5301.5 1
5302.5 3
5303.5 0.454545
5304.5 0
5305.5 -1.81818
5306.5 -1.09091
5307.5 -0.545455
5308.5 3.45455
5309.5 -1.18182
5310.5 2
5311.5 3
5312.5 -3.36364
5313.5 0
5314.5 -2.36364
5315.5 0
5316.5 1.36364
5317.5 2.45455
5318.5 2.90909
5319.5 -0.272727
5320.5 1.27273
5321.5 -2.81818
5322.5 5.45455
5323.5 1.90909
5324.5 0.909091
5325.5 -1.09091
5326.5 1.45455
5327.5 -0.181818
5328.5 0.363636
5329.5 2.90909
5330.5 -0.818182
5331.5 -0.636364
5332.5 1.90909
5333.5 0.454545
5334.5 -0.636364
5335.5 0.363636
5336.5 2
5337.5 -0.0909091
5338.5 2.90909
5339.5 -1.09091
5340.5 0.909091
5341.5 0.363636
5342.5 1.36364
5343.5 -1.18182
5344.5 -0.181818
5345.5 1
5346.5 -0.0909091
5347.5 -0.727273
5348.5 -0.727273
5349.5 0.909091
5350.5 -0.636364
5351.5 4.45455
5352.5 4.27273
5353.5 8.81818
5354.5 -0.363636
5355.5 -3.27273
5356.5 6.18182
5357.5 0.818182
5358.5 -1.27273
5359.5 0.818182
5360.5 -1.09091
5361.5 3
5362.5 -0.0909091
5363.5 1.90909
5364.5 4.45455
5365.5 -0.545455
5366.5 -0.636364
5367.5 -0.636364
5368.5 2.36364
5369.5 0.454545
5370.5 2.45455
5371.5 1.81818
5372.5 3.90909
5373.5 0.636364
5374.5 5.45455
5375.5 3.90909
5376.5 2.27273
5377.5 -0.636364
5378.5 -0.636364
5379.5 2
5380.5 0.454545
5381.5 -1.09091
5382.5 -1.09091
5383.5 -1.81818
5384.5 1.45455
5385.5 2.72727
5386.5 4
5387.5 1.90909
5388.5 3.81818
5389.5 4.81818
5390.5 -3.45455
5391.5 1.72727
5392.5 -0.272727
5393.5 -2.45455
5394.5 3.09091
5395.5 3.36364
5396.5 6.36364
5397.5 6.81818
5398.5 2.09091
5399.5 -0.0909093
5400.5 6.90909
5401.5 6
5402.5 1
5403.5 -0.0909091
5404.5 2
5405.5 0.454545
5406.5 -0.181818
5407.5 2.45455
5408.5 -3.27273
5409.5 1
5410.5 -0.545455
5411.5 0.909091
5412.5 -1.63636
5413.5 -0.0909091
5414.5 0.818182
5415.5 0.454545
5416.5 1
5417.5 -0.636364
5418.5 3.45455
5419.5 -0.181818
5420.5 -0.636364
5421.5 -0.636364
5422.5 0.454545
5423.5 -1.18182
5424.5 1
5425.5 0.454545
5426.5 -0.545455
5427.5 -0.0909091
5428.5 3
5429.5 -0.181818
5430.5 -0.0909091
5431.5 -1.72727
5432.5 0.454545
5433.5 2
5434.5 -1.81818
5435.5 2
5436.5 -2.72727
5437.5 -0.0909091
5438.5 1.45455
5439.5 3
5440.5 -1.63636
5441.5 1
5442.5 1.45455
5443.5 2
5444.5 2
5445.5 -0.636364
5446.5 0
5447.5 0.909091
5448.5 2.45455
5449.5 0.363636
5450.5 -0.636364
5451.5 2.45455
5452.5 -0.181818
5453.5 0.909091
5454.5 1.36364
5455.5 4.90909
5456.5 0.454545
5457.5 1.90909
5458.5 -0.636364
5459.5 -0.0909091
5460.5 1.90909
5461.5 -1.09091
5462.5 0.454545
5463.5 -0.0909091
5464.5 -0.636364
5465.5 -0.636364
5466.5 -1.27273
5467.5 -2.27273
5468.5 0.363636
5469.5 1.81818
5470.5 2
5471.5 1.45455
5472.5 1.90909
5473.5 1.45455
5474.5 -2.36364
5475.5 3
5476.5 2
5477.5 0
5478.5 2
5479.5 1
5480.5 0.363636
5481.5 0.909091
5482.5 1.45455
5483.5 2
5484.5 2.45455
5485.5 -0.0909091
5486.5 3.90909
5487.5 -0.727273
5488.5 -0.272727
5489.5 -2.81818
5490.5 -0.0909091
5491.5 1.81818
5492.5 -0.0909091
5493.5 -1.63636
5494.5 0.363636
5495.5 -2.18182
5496.5 0.454545
5497.5 1
5498.5 3.36364
5499.5 0.909091
5500.5 2.27273
5501.5 1
5502.5 1.90909
5503.5 0.363636
5504.5 -1.09091
5505.5 -0.181818
5506.5 2.36364
5507.5 2.45455
5508.5 0.909091
5509.5 -2.72727
5510.5 -0.727273
5511.5 0.909091
5512.5 2.90909
5513.5 1.18182
5514.5 0.636364
5515.5 -0.363636
5516.5 0.818182
5517.5 -2.27273
5518.5 2.45455
5519.5 0.454545
5520.5 3
5521.5 0.909091
5522.5 3.45455
5523.5 3.36364
5524.5 -0.636364
5525.5 0.909091
5526.5 -1.18182
5527.5 0.818182
5528.5 -1.18182
5529.5 -0.0909091
5530.5 0.454545
5531.5 1.90909
5532.5 4.81818
5533.5 6.27273
5534.5 5.81818
5535.5 6.72727
5536.5 14.5455
5537.5 6
5538.5 15.8182
5539.5 12.6364
5540.5 4.72727
5541.5 -1.09091
5542.5 3.81818
5543.5 1.45455
5544.5 4
5545.5 2.36364
5546.5 0.818182
5547.5 3.45455
5548.5 8
5549.5 4
5550.5 1
5551.5 0.454545
5552.5 -0.0909091
5553.5 1.45455
5554.5 0.454545
5555.5 -2.72727
5556.5 0.818182
5557.5 -0.181818
5558.5 1
5559.5 -1.18182
5560.5 -1.09091
5561.5 -0.545455
5562.5 2
5563.5 1
5564.5 1.45455
5565.5 1.45455
5566.5 -2.72727
5567.5 -2.36364
5568.5 2
5569.5 -0.0909091
5570.5 1.81818
5571.5 2.90909
5572.5 1.45455
5573.5 0
5574.5 3
5575.5 3.36364
5576.5 2.90909
5577.5 3.90909
5578.5 3.36364
5579.5 1.27273
5580.5 -0.727273
5581.5 4.18182
5582.5 3.27273
5583.5 -1.72727
5584.5 3
5585.5 1.90909
5586.5 -1.09091
5587.5 0.818182
5588.5 -1.63636
5589.5 1.45455
5590.5 0.909091
5591.5 0.818182
5592.5 0.363636
5593.5 1.90909
5594.5 0.363636
5595.5 -0.636364
5596.5 -1.63636
5597.5 2.90909
5598.5 -1.09091
5599.5 -0.545455
5600.5 -1.09091
5601.5 -1.18182
5602.5 1
5603.5 2.90909
5604.5 0.909091
5605.5 0.818182
5606.5 -0.0909091
5607.5 0
5608.5 -2.18182
5609.5 -0.545455
5610.5 -0.727273
5611.5 0.363636
5612.5 0.272727
5613.5 0.363636
5614.5 -2.81818
5615.5 0.363636
5616.5 0.363636
5617.5 -2.18182
5618.5 4
5619.5 -0.181818
5620.5 -0.0909091
5621.5 1.45455
5622.5 2
5623.5 1.36364
5624.5 3
5625.5 -0.0909091
5626.5 2.45455
5627.5 -1.18182
5628.5 0.454545
5629.5 1.45455
5630.5 -1.72727
5631.5 0.818182
5632.5 3
5633.5 -0.636364
5634.5 0.454545
5635.5 -0.545455
5636.5 1.90909
5637.5 -1.27273
5638.5 1
5639.5 2
5640.5 -1.09091
5641.5 0.454545
5642.5 2
5643.5 1
5644.5 0.363636
5645.5 -2.18182
5646.5 -1.18182
5647.5 4
5648.5 2
5649.5 0.909091
5650.5 -1.18182
5651.5 -2.81818
5652.5 -0.545455
5653.5 -2.27273
5654.5 -0.727273
5655.5 1
5656.5 3.45455
5657.5 2
5658.5 1.45455
5659.5 0
5660.5 -1.72727
5661.5 -0.0909091
5662.5 1
5663.5 -0.545455
5664.5 -1.18182
5665.5 -0.0909091
5666.5 4
5667.5 0.909091
5668.5 0.818182
5669.5 3
5670.5 0.454545
5671.5 -1.27273
5672.5 0.909091
5673.5 -0.636364
5674.5 -2.18182
5675.5 -2.18182
5676.5 -0.0909091
5677.5 -1.72727
5678.5 0
5679.5 -0.636364
5680.5 -0.545455
5681.5 -2.18182
5682.5 -0.636364
5683.5 -0.181818
5684.5 3
5685.5 -2.72727
5686.5 0.909091
5687.5 -0.636364
5688.5 -1.72727
5689.5 -0.545455
5690.5 0
5691.5 0.909091
5692.5 1
5693.5 -1.63636
5694.5 -1.72727
5695.5 2
5696.5 1.45455
5697.5 2
5698.5 -0.636364
5699.5 -1.72727
5700.5 0.454545
5701.5 0.818182
5702.5 0.454545
5703.5 0.818182
5704.5 -0.636364
5705.5 0.909091
5706.5 2.45455
5707.5 2.36364
5708.5 0.909091
5709.5 -1.09091
5710.5 -0.545455
5711.5 -0.0909091
5712.5 1.45455
5713.5 0.454545
5714.5 2.90909
5715.5 -0.636364
5716.5 0.909091
5717.5 -0.181818
5718.5 -2.18182
5719.5 2
5720.5 0.454545
5721.5 -0.636364
5722.5 -0.0909091
5723.5 -2.72727
5724.5 -1.09091
5725.5 1.45455
5726.5 0.909091
5727.5 2
5728.5 1.45455
5729.5 -1.09091
5730.5 2.45455
5731.5 2
5732.5 0.454545
5733.5 0.818182
5734.5 1
5735.5 -0.818182
5736.5 6
5737.5 2
5738.5 -1.18182
5739.5 -0.0909091
5740.5 2.45455
5741.5 -1.09091
5742.5 2
5743.5 3
5744.5 2
5745.5 0.363636
5746.5 -0.0909091
5747.5 0.727273
5748.5 1
5749.5 -1.81818
5750.5 0.909091
5751.5 1.90909
5752.5 4.90909
5753.5 -3.90909
5754.5 -0.181818
5755.5 0.181818
5756.5 4.45455
5757.5 -2.36364
5758.5 0.909091
5759.5 -0.0909091
5760.5 2
5761.5 2.45455
5762.5 -0.181818
5763.5 1
5764.5 -0.636364
5765.5 2.45455
5766.5 1.45455
5767.5 0.909091
5768.5 -1.72727
5769.5 2
5770.5 1.45455
5771.5 -1.09091
5772.5 0
5773.5 1.90909
5774.5 1.36364
5775.5 1
5776.5 0
5777.5 2
5778.5 3.45455
5779.5 2
5780.5 0
5781.5 0.909091
5782.5 -0.0909091
5783.5 0.272727
5784.5 0.454545
5785.5 0.272727
5786.5 1
5787.5 1.45455
5788.5 3.36364
5789.5 -0.0909091
5790.5 2
5791.5 -1.18182
5792.5 1
5793.5 2
5794.5 1.90909
5795.5 0.454545
5796.5 -1.18182
5797.5 2
5798.5 1.45455
5799.5 5
5800.5 0.363636
5801.5 -1.09091
5802.5 -0.0909091
5803.5 -1.18182
5804.5 -0.727273
5805.5 0.909091
5806.5 0
5807.5 2.45455
5808.5 -0.545455
5809.5 -0.0909091
5810.5 0.909091
5811.5 0.454545
5812.5 -0.636364
5813.5 -0.181818
5814.5 0.818182
5815.5 2
5816.5 -1.18182
5817.5 -1.72727
5818.5 1
5819.5 2
5820.5 1
5821.5 1
5822.5 1
5823.5 0
5824.5 2.90909
5825.5 1.90909
5826.5 1
5827.5 1
5828.5 0.272727
5829.5 -0.545455
5830.5 1
5831.5 4
5832.5 0.818182
5833.5 4.45455
5834.5 -0.181818
5835.5 -0.636364
5836.5 4
5837.5 1
5838.5 -2.18182
5839.5 -0.545455
5840.5 -3.90909
5841.5 0.727273
5842.5 1.81818
5843.5 1
5844.5 0.454545
5845.5 -1.72727
5846.5 1.81818
5847.5 2
5848.5 2.36364
5849.5 0.454545
5850.5 2
5851.5 1
5852.5 1
5853.5 -2.18182
5854.5 -0.181818
5855.5 4.45455
5856.5 0.909091
5857.5 1
5858.5 2
5859.5 1.45455
5860.5 2
5861.5 -1.09091
5862.5 -0.0909091
5863.5 5
5864.5 -0.545455
5865.5 -0.181818
5866.5 0.363636
5867.5 -2.81818
5868.5 -1.09091
5869.5 0.454545
5870.5 1.90909
5871.5 -0.545455
5872.5 0.909091
5873.5 -0.545455
5874.5 0.454545
5875.5 1
5876.5 1
5877.5 0.454545
5878.5 -1.09091
5879.5 0.454545
5880.5 2
5881.5 -0.0909091
5882.5 -0.0909091
5883.5 -0.636364
5884.5 -0.545455
5885.5 2
5886.5 -1.63636
5887.5 3
5888.5 3
5889.5 2
5890.5 -1.09091
5891.5 -0.0909091
5892.5 2.45455
5893.5 3.45455
5894.5 0.818182
5895.5 1.90909
5896.5 -2.45455
5897.5 0.363636
5898.5 4.18182
5899.5 -1.72727
5900.5 8.63636
5901.5 4.72727
5902.5 -1
5903.5 3.36364
5904.5 -0.0909091
5905.5 -1.18182
5906.5 0.909091
5907.5 -2.81818
5908.5 0
5909.5 3.90909
5910.5 1.45455
5911.5 0.818182
5912.5 -1.63636
5913.5 0
5914.5 2
5915.5 -0.545455
5916.5 -0.0909091
5917.5 1.90909
5918.5 0
5919.5 0.909091
5920.5 -0.0909091
5921.5 -1.18182
5922.5 2
5923.5 3.45455
5924.5 1.45455
5925.5 0.454545
5926.5 0.363636
5927.5 -1.09091
5928.5 0.454545
5929.5 -0.0909091
5930.5 2
5931.5 2
5932.5 1
5933.5 -0.545455
5934.5 -1.09091
5935.5 2
5936.5 1
5937.5 2
5938.5 0.454545
5939.5 1.45455
5940.5 -0.545455
5941.5 -0.727273
5942.5 1
5943.5 0.909091
5944.5 2
5945.5 0.909091
5946.5 1.36364
5947.5 1
5948.5 2
5949.5 -0.545455
5950.5 1
5951.5 -0.545455
5952.5 3
5953.5 -1.09091
5954.5 0
5955.5 1
5956.5 1
5957.5 1
5958.5 2
5959.5 -1.09091
5960.5 1.45455
5961.5 1
5962.5 0
5963.5 3
5964.5 1
5965.5 0.909091
5966.5 0
5967.5 2
5968.5 1.90909
5969.5 1.90909
5970.5 -0.0909091
5971.5 1.45455
5972.5 -0.0909091
5973.5 0
5974.5 0.454545
5975.5 -1.63636
5976.5 0
5977.5 -0.0909091
5978.5 -0.545455
5979.5 -1.63636
5980.5 0.454545
5981.5 1
5982.5 -1.09091
5983.5 -1.09091
5984.5 2
5985.5 1
5986.5 1.45455
5987.5 1
5988.5 0
5989.5 0
5990.5 2
5991.5 0.454545
5992.5 0.454545
5993.5 1
5994.5 1.90909
5995.5 2
5996.5 2.81818
5997.5 -2.18182
5998.5 2.72727
5999.5 2.27273
6000.5 6.45455
6001.5 -3.45455
6002.5 0.727273
6003.5 -2.72727
6004.5 -1.09091
6005.5 1
6006.5 -1.18182
6007.5 -0.0909091
6008.5 -0.0909091
6009.5 0
6010.5 1
6011.5 0.454545
6012.5 -0.636364
6013.5 0
6014.5 -0.545455
6015.5 1
6016.5 -0.545455
6017.5 -2.18182
6018.5 -1.18182
6019.5 -3.36364
6020.5 1.45455
6021.5 -0.0909091
6022.5 1
6023.5 -1.09091
6024.5 0.454545
6025.5 2
6026.5 3
6027.5 -0.545455
6028.5 0.454545
6029.5 -0.0909091
6030.5 -0.181818
6031.5 1.81818
6032.5 -0.272727
6033.5 3.36364
6034.5 3.90909
6035.5 2.72727
6036.5 -2.81818
6037.5 -2.18182
6038.5 -2.72727
6039.5 -2.72727
6040.5 1.90909
6041.5 -0.0909091
6042.5 -1.09091
6043.5 1
6044.5 1
6045.5 -1.09091
6046.5 1.45455
6047.5 1
6048.5 1.45455
6049.5 3
6050.5 -0.0909091
6051.5 2
6052.5 -1.63636
6053.5 1.90909
6054.5 -1.09091
6055.5 -0.0909091
6056.5 -0.636364
6057.5 3
6058.5 4
6059.5 0
6060.5 -0.0909091
6061.5 1
6062.5 -0.0909091
6063.5 0.454545
6064.5 0
6065.5 3
6066.5 0.454545
6067.5 0
6068.5 1
6069.5 0
6070.5 1
6071.5 0.454545
6072.5 0.454545
6073.5 -0.0909091
6074.5 -1.63636
6075.5 -0.0909091
6076.5 -0.545455
6077.5 -0.636364
6078.5 0
6079.5 -0.636364
6080.5 -1.63636
6081.5 1
6082.5 -0.545455
6083.5 2.45455
6084.5 0
6085.5 0.909091
6086.5 2
6087.5 -1.63636
6088.5 2.45455
6089.5 0
6090.5 2
6091.5 -0.545455
6092.5 0.363636
6093.5 -1.63636
6094.5 -0.0909091
6095.5 0
6096.5 1
6097.5 1.45455
6098.5 1.45455
6099.5 -1.09091
6100.5 0.909091
6101.5 1
6102.5 3
6103.5 -1.18182
6104.5 -1.09091
6105.5 3.45455
6106.5 4
6107.5 0.909091
6108.5 3.45455
6109.5 -1.27273
6110.5 1.36364
6111.5 -1.72727
6112.5 0.272727
6113.5 -0.181818
6114.5 3
6115.5 1.45455
6116.5 2.45455
6117.5 2.45455
6118.5 0.363636
6119.5 1.27273
6120.5 0.454545
6121.5 1.81818
6122.5 2
6123.5 2.81818
6124.5 6.36364
6125.5 5.90909
6126.5 4.36364
6127.5 5.45455
6128.5 -3.27273
6129.5 0
6130.5 -0.545455
6131.5 0.363636
6132.5 0
6133.5 -1.09091
6134.5 1
6135.5 0
6136.5 -0.545455
6137.5 2.45455
6138.5 -0.545455
6139.5 -0.0909091
6140.5 1
6141.5 -1.09091
6142.5 -0.545455
6143.5 0
6144.5 3
6145.5 1.45455
6146.5 -1.09091
6147.5 1
6148.5 3
6149.5 -0.545455
6150.5 0
6151.5 1
6152.5 0.454545
6153.5 -0.545455
6154.5 -1.09091
6155.5 -1.18182
6156.5 -1.09091
6157.5 0
6158.5 1.45455
6159.5 1
6160.5 3
6161.5 -0.545455
6162.5 4
6163.5 -0.545455
6164.5 0.454545
6165.5 0.454545
6166.5 0
6167.5 -0.636364
6168.5 0
6169.5 -1.09091
6170.5 0
6171.5 -1.09091
6172.5 -0.545455
6173.5 -1.18182
6174.5 -0.0909091
6175.5 -0.0909091
6176.5 1
6177.5 -1.09091
6178.5 0.454545
6179.5 0
6180.5 1.45455
6181.5 -0.0909091
6182.5 -1.18182
6183.5 0
6184.5 -1.18182
6185.5 2
6186.5 1
6187.5 -0.545455
6188.5 0
6189.5 1
6190.5 0.363636
6191.5 -0.0909091
6192.5 -1.09091
6193.5 -0.545455
6194.5 1
6195.5 -0.545455
6196.5 1
6197.5 -0.0909091
6198.5 2
6199.5 0.454545
6200.5 1
6201.5 1
6202.5 3
6203.5 0
6204.5 -1.63636
6205.5 -1.18182
6206.5 2
6207.5 -1.09091
6208.5 1
6209.5 -1.63636
6210.5 0
6211.5 1
6212.5 -0.0909091
6213.5 0
6214.5 1
6215.5 0.363636
6216.5 1
6217.5 0
6218.5 0.363636
6219.5 0
6220.5 0.454545
6221.5 -0.0909091
6222.5 1
6223.5 -1.27273
6224.5 0
6225.5 0
6226.5 1
6227.5 -1.27273
6228.5 0.818182
6229.5 0
6230.5 2
6231.5 -1.63636
6232.5 0.454545
6233.5 0.454545
6234.5 -1.63636
6235.5 3
6236.5 1
6237.5 -0.545455
6238.5 -1.63636
6239.5 0
6240.5 -0.0909091
6241.5 2
6242.5 0.909091
6243.5 -0.545455
6244.5 -1.09091
6245.5 2
6246.5 1
6247.5 1
6248.5 1.45455
6249.5 0
6250.5 2
6251.5 0
6252.5 -0.181818
6253.5 0
6254.5 1
6255.5 2
6256.5 0
6257.5 1
6258.5 0
6259.5 -1.63636
6260.5 0
6261.5 1
6262.5 0.454545
6263.5 0
6264.5 0
6265.5 1
6266.5 1
6267.5 -0.0909091
6268.5 0
6269.5 -1.09091
6270.5 1
6271.5 0
6272.5 -0.545455
6273.5 2
6274.5 0
6275.5 0
6276.5 1
6277.5 1
6278.5 0.454545
6279.5 0
6280.5 2
6281.5 0
6282.5 0
6283.5 1
6284.5 1.45455
6285.5 -1.09091
6286.5 -0.545455
6287.5 0
6288.5 1
6289.5 -0.545455
6290.5 1.45455
6291.5 0
6292.5 -1.18182
6293.5 1
6294.5 4
6295.5 -1.09091
6296.5 1
6297.5 1
6298.5 1.45455
6299.5 0
6300.5 0
6301.5 2
6302.5 -0.0909091
6303.5 -1.09091
6304.5 -0.0909091
6305.5 -0.545455
6306.5 -1.63636
6307.5 -1.09091
6308.5 0
6309.5 1
6310.5 0
6311.5 0
6312.5 1.90909
6313.5 0
6314.5 -0.545455
6315.5 0
6316.5 1
6317.5 0
6318.5 1
6319.5 0.454545
6320.5 3
6321.5 -1.09091
6322.5 -0.545455
6323.5 0
6324.5 -0.545455
6325.5 0.454545
6326.5 1.45455
6327.5 3
6328.5 -1.09091
6329.5 1
6330.5 1
6331.5 2
6332.5 0.454545
6333.5 1
6334.5 -0.545455
6335.5 1
6336.5 1
6337.5 0
6338.5 2
6339.5 0.454545
6340.5 -0.0909091
6341.5 2
6342.5 0
6343.5 -0.0909091
6344.5 0.363636
6345.5 0.454545
6346.5 0
6347.5 -0.545455
6348.5 0.363636
6349.5 -1.63636
6350.5 -0.0909091
6351.5 1.45455
6352.5 0
6353.5 -1.09091
6354.5 -0.545455
6355.5 1
6356.5 -1.18182
6357.5 0
6358.5 0.454545
6359.5 0
6360.5 1
6361.5 0
6362.5 -0.545455
6363.5 0
6364.5 0
6365.5 -0.545455
6366.5 1
6367.5 -0.545455
6368.5 0
6369.5 -0.545455
6370.5 -0.636364
6371.5 -0.0909091
6372.5 -1.09091
6373.5 3
6374.5 1
6375.5 0
6376.5 0
6377.5 0
6378.5 1
6379.5 -0.545455
6380.5 0
6381.5 0.454545
6382.5 -0.636364
6383.5 -0.545455
6384.5 1
6385.5 0
6386.5 1.45455
6387.5 -1.09091
6388.5 -1.09091
6389.5 0
6390.5 1
6391.5 4
6392.5 2
6393.5 0.454545
6394.5 1
6395.5 -0.545455
6396.5 2
6397.5 0
6398.5 -0.0909091
6399.5 -0.0909091
6400.5 -0.545455
6401.5 -0.545455
6402.5 -0.0909091
6403.5 -0.545455
6404.5 0
6405.5 0
6406.5 -0.545455
6407.5 -0.636364
6408.5 0
6409.5 -0.545455
6410.5 0
6411.5 -1.09091
6412.5 0.454545
6413.5 -1.09091
6414.5 -1.09091
6415.5 0
6416.5 0.909091
6417.5 1.90909
6418.5 -1.72727
6419.5 -1.18182
6420.5 0.0909089
6421.5 1.36364
6422.5 5
6423.5 2
6424.5 0.454545
6425.5 1
6426.5 0
6427.5 0
6428.5 1
6429.5 1
6430.5 -1.09091
6431.5 1
6432.5 -0.636364
6433.5 0
6434.5 2
6435.5 0.454545
6436.5 0
6437.5 -0.545455
6438.5 0
6439.5 2
6440.5 2
6441.5 -0.545455
6442.5 0
6443.5 -0.545455
6444.5 3
6445.5 -1.09091
6446.5 -0.545455
6447.5 -0.0909091
6448.5 -3.27273
6449.5 0
6450.5 -2.18182
6451.5 3
6452.5 0
6453.5 0
6454.5 0
6455.5 0
6456.5 1
6457.5 -1.09091
6458.5 0
6459.5 -0.545455
6460.5 0
6461.5 1
6462.5 -0.545455
6463.5 0
6464.5 -1.09091
6465.5 -1.18182
6466.5 0
6467.5 0
6468.5 0
6469.5 -0.0909091
6470.5 4
6471.5 1
6472.5 0.909091
6473.5 1.36364
6474.5 1
6475.5 -1.63636
6476.5 0
6477.5 1.36364
6478.5 -0.181818
6479.5 0.363636
6480.5 4
6481.5 -1.27273
6482.5 -1.72727
6483.5 0.454545
6484.5 -1.09091
6485.5 0.454545
6486.5 -0.545455
6487.5 0
6488.5 0.454545
6489.5 1
6490.5 -0.545455
6491.5 -1.09091
6492.5 0
6493.5 0
6494.5 -0.545455
6495.5 1.36364
6496.5 0
6497.5 -0.545455
6498.5 0
6499.5 -1.09091
6500.5 -1.63636
6501.5 0.454545
6502.5 0
6503.5 2
6504.5 0
6505.5 -0.181818
6506.5 0
6507.5 1.45455
6508.5 3
6509.5 2
6510.5 -0.0909091
6511.5 1
6512.5 -1.09091
6513.5 0.454545
6514.5 1
6515.5 1
6516.5 -0.181818
6517.5 -0.545455
6518.5 0
6519.5 0
6520.5 0
6521.5 2
6522.5 2
6523.5 2
6524.5 0
6525.5 1
6526.5 0.454545
6527.5 2
6528.5 0
6529.5 0
6530.5 0
6531.5 1
6532.5 1.45455
6533.5 2
6534.5 0
6535.5 1
6536.5 1
6537.5 1
6538.5 -1.18182
6539.5 1
6540.5 -1.63636
6541.5 1
6542.5 -0.545455
6543.5 -0.0909091
6544.5 0.909091
6545.5 1.90909
6546.5 1.36364
6547.5 0.363636
6548.5 1.45455
6549.5 0
6550.5 -0.0909091
6551.5 2.45455
6552.5 0
6553.5 -1.09091
6554.5 -0.0909091
6555.5 1
6556.5 0.454545
6557.5 -0.545455
6558.5 2
6559.5 -0.545455
6560.5 -1.09091
6561.5 1
6562.5 -0.545455
6563.5 -1.63636
6564.5 0
6565.5 -1.72727
6566.5 -0.545455
6567.5 3.45455
6568.5 2
6569.5 1
6570.5 1
6571.5 -0.0909091
6572.5 0
6573.5 0
6574.5 0
6575.5 0
6576.5 1
6577.5 3
6578.5 -0.545455
6579.5 0
6580.5 -0.545455
6581.5 0
6582.5 0
6583.5 0
6584.5 2
6585.5 0
6586.5 0
6587.5 0
6588.5 -0.545455
6589.5 0
6590.5 1
6591.5 1
6592.5 1
6593.5 -1.09091
6594.5 0.909091
6595.5 4
6596.5 -0.181818
6597.5 -0.545455
6598.5 0
6599.5 0.363636
6600.5 0.909091
6601.5 0.454545
6602.5 -0.0909091
6603.5 1
6604.5 1
6605.5 0.454545
6606.5 3
6607.5 -0.545455
6608.5 1
6609.5 2
6610.5 0.454545
6611.5 2
6612.5 -0.545455
6613.5 4
6614.5 -0.0909091
6615.5 2
6616.5 1
6617.5 -0.545455
6618.5 0.454545
6619.5 4
6620.5 3.45455
6621.5 2
6622.5 3
6623.5 -0.0909091
6624.5 -1.81818
6625.5 1
6626.5 -0.0909091
6627.5 1
6628.5 -0.0909091
6629.5 -1.63636
6630.5 -0.545455
6631.5 1
6632.5 -0.0909091
6633.5 1
6634.5 2
6635.5 0
6636.5 1
6637.5 -0.0909091
6638.5 -0.0909091
6639.5 1
6640.5 2
6641.5 -0.545455
6642.5 -1.09091
6643.5 -1.09091
6644.5 1
6645.5 0
6646.5 -0.0909091
6647.5 0
6648.5 0.454545
6649.5 -0.0909091
6650.5 1
6651.5 0.454545
6652.5 0
6653.5 0
6654.5 -0.545455
6655.5 -0.545455
6656.5 1
6657.5 1
6658.5 -0.545455
6659.5 0
6660.5 0
6661.5 0
6662.5 1
6663.5 0
6664.5 -0.545455
6665.5 0
6666.5 2
6667.5 -0.545455
6668.5 0
6669.5 -0.545455
6670.5 0.454545
6671.5 -1.63636
6672.5 0.454545
6673.5 -0.545455
6674.5 0
6675.5 0
6676.5 -1.09091
6677.5 -0.545455
6678.5 0
6679.5 0
6680.5 3
6681.5 0
6682.5 0
6683.5 1
6684.5 -0.0909091
6685.5 -1.63636
6686.5 0
6687.5 0
6688.5 1
6689.5 -1.09091
6690.5 -0.545455
6691.5 -1.63636
6692.5 2
6693.5 2
6694.5 0.454545
6695.5 -0.636364
6696.5 0.363636
6697.5 -0.0909091
6698.5 -1.09091
6699.5 -0.0909091
6700.5 1
6701.5 0
6702.5 1
6703.5 0.454545
6704.5 2
6705.5 0
6706.5 -1.63636
6707.5 0
6708.5 -0.0909091
6709.5 0
6710.5 -1.09091
6711.5 0
6712.5 3
6713.5 0
6714.5 0.454545
6715.5 -0.545455
6716.5 -1.63636
6717.5 3
6718.5 0
6719.5 0
6720.5 0.454545
6721.5 1
6722.5 -1.63636
6723.5 1
6724.5 2
6725.5 1
6726.5 -0.545455
6727.5 0
6728.5 -0.545455
6729.5 0
6730.5 -1.09091
6731.5 1
6732.5 0
6733.5 0
6734.5 0.454545
6735.5 -0.545455
6736.5 1
6737.5 0.454545
6738.5 -1.72727
6739.5 0.909091
6740.5 1
6741.5 0
6742.5 1
6743.5 1
6744.5 -0.0909091
6745.5 0
6746.5 -0.545455
6747.5 1
6748.5 0
6749.5 1.45455
6750.5 -1.63636
6751.5 0.909091
6752.5 0
6753.5 1.45455
6754.5 -1.09091
6755.5 1
6756.5 -0.545455
6757.5 0
6758.5 0
6759.5 -1.09091
6760.5 1
6761.5 0.454545
6762.5 1
6763.5 0
6764.5 0
6765.5 -1.63636
6766.5 -0.181818
6767.5 0
6768.5 3.45455
6769.5 -1.09091
6770.5 -1.18182
6771.5 2.36364
6772.5 3.45455
6773.5 -1.09091
6774.5 0.454545
6775.5 -0.545455
6776.5 -1.09091
6777.5 -1.09091
6778.5 0
6779.5 0
6780.5 1
6781.5 -0.545455
6782.5 -2.18182
6783.5 1.45455
6784.5 1
6785.5 0.454545
6786.5 -0.545455
6787.5 1
6788.5 0
6789.5 0.454545
6790.5 0
6791.5 0.454545
6792.5 0.454545
6793.5 0
6794.5 0
6795.5 0
6796.5 -0.545455
6797.5 -0.636364
6798.5 0
6799.5 0.454545
6800.5 -1.09091
6801.5 0
6802.5 -1.09091
6803.5 0
6804.5 0
6805.5 2
6806.5 0
6807.5 0
6808.5 0.909091
6809.5 0
6810.5 0
6811.5 1
6812.5 0
6813.5 1
6814.5 0
6815.5 -0.545455
6816.5 0.454545
6817.5 0
6818.5 0
6819.5 0
6820.5 0.454545
6821.5 1
6822.5 0
6823.5 -0.0909091
6824.5 1
6825.5 0
6826.5 1
6827.5 0
6828.5 2
6829.5 0.454545
6830.5 -0.0909091
6831.5 0
6832.5 0.454545
6833.5 -1.09091
6834.5 0
6835.5 0
6836.5 3
6837.5 1.45455
6838.5 -1.63636
6839.5 1
6840.5 1
6841.5 1
6842.5 0.363636
6843.5 -2.18182
6844.5 0.454545
6845.5 -0.0909091
6846.5 0
6847.5 -0.545455
6848.5 -1.09091
6849.5 0
6850.5 -0.545455
6851.5 -0.545455
6852.5 0
6853.5 2
6854.5 -1.09091
6855.5 0.454545
6856.5 1
6857.5 1
6858.5 -0.545455
6859.5 -2.18182
6860.5 -0.0909091
6861.5 0
6862.5 -0.545455
6863.5 -0.545455
6864.5 0
6865.5 0
6866.5 0
6867.5 -1.63636
6868.5 1
6869.5 -0.545455
6870.5 1
6871.5 -0.545455
6872.5 0.454545
6873.5 -0.0909091
6874.5 0
6875.5 -0.545455
6876.5 0
6877.5 0.454545
6878.5 -0.545455
6879.5 0.454545
6880.5 -0.545455
6881.5 0
6882.5 2
6883.5 -0.545455
6884.5 0
6885.5 0.454545
6886.5 0
6887.5 0
6888.5 2
6889.5 -0.0909091
6890.5 1
6891.5 0
6892.5 0
6893.5 -1.09091
6894.5 2
6895.5 0
6896.5 1.45455
6897.5 0
6898.5 0
6899.5 0
6900.5 1.45455
6901.5 1
6902.5 0
6903.5 0
6904.5 1
6905.5 -0.0909091
6906.5 0
6907.5 0.454545
6908.5 0
6909.5 -1.18182
6910.5 -0.545455
6911.5 -0.545455
6912.5 -0.0909091
6913.5 1
6914.5 1
6915.5 -1.09091
6916.5 -0.545455
6917.5 -1.09091
6918.5 0
6919.5 2
6920.5 0
6921.5 0
6922.5 0
6923.5 -1.09091
6924.5 1
6925.5 1
6926.5 -1.63636
6927.5 0
6928.5 0
6929.5 1
6930.5 1
6931.5 0
6932.5 -0.181818
6933.5 1
6934.5 0
6935.5 0
6936.5 1
6937.5 0.454545
6938.5 -0.545455
6939.5 2
6940.5 -0.636364
6941.5 -1.09091
6942.5 1
6943.5 -1.09091
6944.5 1
6945.5 0
6946.5 -1.09091
6947.5 0
6948.5 0.454545
6949.5 0
6950.5 0
6951.5 0
6952.5 1
6953.5 0
6954.5 -0.0909091
6955.5 0.454545
6956.5 -0.636364
6957.5 1
6958.5 0
6959.5 0
6960.5 1.45455
6961.5 0
6962.5 1
6963.5 1
6964.5 1
6965.5 1
6966.5 1
6967.5 0
6968.5 0
6969.5 1
6970.5 2
6971.5 0
6972.5 0.454545
6973.5 -1.09091
6974.5 0
6975.5 -0.0909091
6976.5 1
6977.5 1.45455
6978.5 0
6979.5 0
6980.5 0
6981.5 -1.09091
6982.5 1
6983.5 0
6984.5 -0.545455
6985.5 -1.09091
6986.5 -0.0909091
6987.5 -0.545455
6988.5 0
6989.5 0
6990.5 0
6991.5 0.454545
6992.5 1
6993.5 -1.63636
6994.5 0
6995.5 0
6996.5 0
6997.5 0
6998.5 1
6999.5 1
7000.5 0
7001.5 3
7002.5 0
7003.5 1
7004.5 1
7005.5 -0.636364
7006.5 0
7007.5 0
7008.5 -0.545455
7009.5 1
7010.5 1
7011.5 -1.09091
7012.5 -0.0909091
7013.5 0
7014.5 1
7015.5 -1.63636
7016.5 0
7017.5 0
7018.5 0
7019.5 0.909091
7020.5 0
7021.5 -0.545455
7022.5 0
7023.5 0.363636
7024.5 -1.09091
7025.5 0
7026.5 0
7027.5 1
7028.5 0
7029.5 0
7030.5 -0.0909091
7031.5 1
7032.5 1
7033.5 0
7034.5 0
7035.5 0
7036.5 1
7037.5 0
7038.5 0
7039.5 0
7040.5 -0.545455
7041.5 0.454545
7042.5 0
7043.5 -0.545455
7044.5 0.909091
7045.5 0
7046.5 -0.0909091
7047.5 -0.545455
7048.5 0
7049.5 0
7050.5 0
7051.5 1
7052.5 -1.63636
7053.5 1
7054.5 -2.72727
7055.5 -0.545455
7056.5 0.454545
7057.5 -1.09091
7058.5 0
7059.5 -0.545455
7060.5 1
7061.5 0.363636
7062.5 -1.63636
7063.5 1
7064.5 0.454545
7065.5 0
7066.5 -0.545455
7067.5 0
7068.5 -1.09091
7069.5 0
7070.5 0.454545
7071.5 0
7072.5 0
7073.5 0
7074.5 2
7075.5 0
7076.5 1
7077.5 0
7078.5 0
7079.5 0
7080.5 0
7081.5 0
7082.5 -1.09091
7083.5 3
7084.5 -0.545455
7085.5 1
7086.5 0
7087.5 -1.09091
7088.5 0
7089.5 0
7090.5 1
7091.5 0
7092.5 0
7093.5 0
7094.5 -0.0909091
7095.5 0
7096.5 -0.636364
7097.5 0.454545
7098.5 -1.63636
7099.5 0
7100.5 0
7101.5 -0.636364
7102.5 0
7103.5 -0.545455
7104.5 0
7105.5 0
7106.5 0
7107.5 -0.0909091
7108.5 0
7109.5 0
7110.5 1
7111.5 0
7112.5 1
7113.5 0
7114.5 1
7115.5 0
7116.5 0.454545
7117.5 -0.545455
7118.5 1.45455
7119.5 0
7120.5 -0.636364
7121.5 1
7122.5 0
7123.5 0.454545
7124.5 1
7125.5 0
7126.5 -0.636364
7127.5 0
7128.5 -1.63636
7129.5 -1.09091
7130.5 -1.63636
7131.5 0
7132.5 2
7133.5 0
7134.5 2
7135.5 -1.18182
7136.5 0
7137.5 3
7138.5 1
7139.5 0
7140.5 0
7141.5 0
7142.5 0
7143.5 1
7144.5 1
7145.5 -0.545455
7146.5 0
7147.5 1
7148.5 0
7149.5 1
7150.5 0
7151.5 1
7152.5 -0.545455
7153.5 -0.545455
7154.5 0
7155.5 1
7156.5 0
7157.5 0
7158.5 0
7159.5 0
7160.5 -0.545455
7161.5 -1.09091
7162.5 -1.63636
7163.5 1
7164.5 0
7165.5 -0.0909091
7166.5 1
7167.5 0
7168.5 0.454545
7169.5 0
7170.5 0.909091
7171.5 0
7172.5 2
7173.5 0
7174.5 0
7175.5 -1.09091
7176.5 1
7177.5 1
7178.5 0
7179.5 1
7180.5 -1.09091
7181.5 1
7182.5 -0.545455
7183.5 0
7184.5 3
7185.5 0
7186.5 -0.0909091
7187.5 0
7188.5 -0.545455
7189.5 0.454545
7190.5 0
7191.5 -1.09091
7192.5 0
7193.5 0
7194.5 0
7195.5 1
7196.5 0
7197.5 2
7198.5 -0.545455
7199.5 0
7200.5 0
7201.5 0
7202.5 -0.545455
7203.5 -0.545455
7204.5 3
7205.5 0
7206.5 2
7207.5 0
7208.5 1.90909
7209.5 -1.72727
7210.5 -0.545455
7211.5 -1.09091
7212.5 2
7213.5 -0.0909091
7214.5 0
7215.5 0.454545
7216.5 0
7217.5 1
7218.5 1
7219.5 0
7220.5 1
7221.5 1
7222.5 -0.636364
7223.5 0
7224.5 1
7225.5 0
7226.5 -1.09091
7227.5 0
7228.5 0
7229.5 0
7230.5 0
7231.5 2
7232.5 -0.0909091
7233.5 -1.09091
7234.5 -1.09091
7235.5 -0.545455
7236.5 2
7237.5 0
7238.5 0
7239.5 -0.545455
7240.5 0.454545
7241.5 -1.09091
7242.5 -1.18182
7243.5 -0.545455
7244.5 0
7245.5 1
7246.5 0
7247.5 2.45455
7248.5 0
7249.5 0
7250.5 -1.09091
7251.5 1.45455
7252.5 0
7253.5 0
7254.5 1
7255.5 0.454545
7256.5 -1.09091
7257.5 0.909091
7258.5 1.45455
7259.5 -0.545455
7260.5 0.363636
7261.5 0.454545
7262.5 2.90909
7263.5 0.454545
7264.5 0.363636
7265.5 1.90909
7266.5 -0.545455
7267.5 -0.545455
7268.5 -1.09091
7269.5 -0.545455
7270.5 0
7271.5 0
7272.5 0
7273.5 -0.545455
7274.5 2
7275.5 0
7276.5 1
7277.5 0
7278.5 0
7279.5 1
7280.5 -0.545455
7281.5 -1.09091
7282.5 0
7283.5 1
7284.5 0.363636
7285.5 0
7286.5 2
7287.5 1
7288.5 0
7289.5 -0.545455
7290.5 0
7291.5 0
7292.5 -0.545455
7293.5 0
7294.5 1
7295.5 0
7296.5 -0.545455
7297.5 -0.545455
7298.5 0.454545
7299.5 1
7300.5 -0.545455
7301.5 0
7302.5 -0.0909091
7303.5 1
7304.5 1
7305.5 0
7306.5 0
7307.5 0
7308.5 0
7309.5 3
7310.5 -0.545455
7311.5 0
7312.5 2
7313.5 0
7314.5 0
7315.5 -0.545455
7316.5 0
7317.5 0.454545
7318.5 2
7319.5 2
7320.5 -1.09091
7321.5 0
7322.5 2
7323.5 0.454545
7324.5 -0.545455
7325.5 1
7326.5 -1.09091
7327.5 0
7328.5 -0.545455
7329.5 -1.09091
7330.5 0
7331.5 0
7332.5 0
7333.5 0.454545
7334.5 0
7335.5 0
7336.5 0
7337.5 -1.63636
7338.5 0
7339.5 0
7340.5 -0.0909091
7341.5 0
7342.5 0.909091
7343.5 0
7344.5 -0.545455
7345.5 0
7346.5 0
7347.5 0
7348.5 1
7349.5 -0.545455
7350.5 2
7351.5 1
7352.5 0
7353.5 1
7354.5 -0.545455
7355.5 1
7356.5 -0.0909091
7357.5 0
7358.5 -0.545455
7359.5 0
7360.5 1
7361.5 0
7362.5 0
7363.5 0
7364.5 1
7365.5 0
7366.5 1.45455
7367.5 1
7368.5 0
7369.5 2
7370.5 3
7371.5 1
7372.5 0
7373.5 0
7374.5 0
7375.5 2
7376.5 0
7377.5 -0.0909091
7378.5 1
7379.5 0
7380.5 -0.545455
7381.5 -0.545455
7382.5 0.454545
7383.5 0
7384.5 -1.09091
7385.5 1
7386.5 0
7387.5 0
7388.5 -0.545455
7389.5 0
7390.5 0.454545
7391.5 0.454545
7392.5 1
7393.5 0
7394.5 1
7395.5 0
7396.5 -0.545455
7397.5 1
7398.5 -1.09091
7399.5 0
7400.5 0
7401.5 0
7402.5 0
7403.5 0
7404.5 1
7405.5 1
7406.5 -1.09091
7407.5 0
7408.5 0
7409.5 1.45455
7410.5 -0.545455
7411.5 1
7412.5 -1.09091
7413.5 1
7414.5 2.45455
7415.5 0
7416.5 3
7417.5 1
7418.5 1
7419.5 -0.545455
7420.5 -2.18182
7421.5 -0.727273
7422.5 0
7423.5 2
7424.5 0
7425.5 1
7426.5 0
7427.5 1
7428.5 0
7429.5 -0.545455
7430.5 -0.0909091
7431.5 0
7432.5 0
7433.5 0
7434.5 0
7435.5 0
7436.5 0
7437.5 -1.09091
7438.5 2
7439.5 0
7440.5 1
7441.5 1
7442.5 0.454545
7443.5 1
7444.5 -1.09091
7445.5 0
7446.5 0
7447.5 0.454545
7448.5 0
7449.5 -1.09091
7450.5 0
7451.5 1
7452.5 -0.0909091
7453.5 0
7454.5 0
7455.5 0
7456.5 0
7457.5 0
7458.5 0
7459.5 0.454545
7460.5 -1.09091
7461.5 1
7462.5 1
7463.5 1
7464.5 -0.545455
7465.5 -0.636364
7466.5 0
7467.5 -1.63636
7468.5 0.454545
7469.5 -1.09091
7470.5 0
7471.5 -1.09091
7472.5 -0.545455
7473.5 0
7474.5 0.454545
7475.5 0
7476.5 -1.09091
7477.5 1
7478.5 0
7479.5 0
7480.5 0
7481.5 -0.0909091
7482.5 0
7483.5 0
7484.5 1
7485.5 0
7486.5 1
7487.5 2
7488.5 1
7489.5 0
7490.5 0
7491.5 -1.09091
7492.5 1
7493.5 0
7494.5 0
7495.5 0
7496.5 2
7497.5 0
7498.5 0
7499.5 0
7500.5 -0.545455
7501.5 0
7502.5 -0.545455
7503.5 0
7504.5 0
7505.5 0
7506.5 0
7507.5 -1.09091
7508.5 0
7509.5 -1.09091
7510.5 0
7511.5 0
7512.5 0.454545
7513.5 0
7514.5 -0.545455
7515.5 0
7516.5 0
7517.5 -1.09091
7518.5 0
7519.5 -0.0909091
7520.5 -1.63636
7521.5 0
7522.5 1
7523.5 0
7524.5 -0.545455
7525.5 1
7526.5 1
7527.5 0
7528.5 1
7529.5 -0.545455
7530.5 0
7531.5 2
7532.5 0
7533.5 1
7534.5 0
7535.5 0
7536.5 -1.09091
7537.5 -0.545455
7538.5 0
7539.5 -0.545455
7540.5 0
7541.5 0
7542.5 0
7543.5 1
7544.5 0
7545.5 0
7546.5 0
7547.5 1
7548.5 1
7549.5 -1.09091
7550.5 1
7551.5 1.45455
7552.5 0
7553.5 0
7554.5 -1.09091
7555.5 0
7556.5 0
7557.5 0
7558.5 -1.63636
7559.5 2
7560.5 1
7561.5 0
7562.5 0
7563.5 0
7564.5 0
7565.5 1
7566.5 0
7567.5 0
7568.5 -1.09091
7569.5 1
7570.5 1
7571.5 1
7572.5 -0.545455
7573.5 0
7574.5 -0.545455
7575.5 -0.545455
7576.5 0
7577.5 -1.63636
7578.5 0
7579.5 0
7580.5 1
7581.5 0
7582.5 0
7583.5 -1.09091
7584.5 -0.0909091
7585.5 0
7586.5 0
7587.5 0
7588.5 0
7589.5 0
7590.5 0
7591.5 -0.545455
7592.5 0
7593.5 1
7594.5 0
7595.5 0
7596.5 0
7597.5 1
7598.5 0
7599.5 0
7600.5 0.454545
7601.5 0
7602.5 -1.09091
7603.5 1
7604.5 0
7605.5 0
7606.5 0
7607.5 0
7608.5 -1.09091
7609.5 0
7610.5 0
7611.5 1
7612.5 1
7613.5 0
7614.5 0
7615.5 0
7616.5 0
7617.5 -0.545455
7618.5 0
7619.5 0
7620.5 0
7621.5 -0.545455
7622.5 0
7623.5 0
7624.5 0
7625.5 1
7626.5 0
7627.5 -0.545455
7628.5 -1.09091
7629.5 0
7630.5 -1.09091
7631.5 0
7632.5 0.454545
7633.5 2
7634.5 -1.63636
7635.5 -1.09091
7636.5 0
7637.5 0
7638.5 -2.18182
7639.5 -0.545455
7640.5 0
7641.5 1
7642.5 0
7643.5 -0.636364
7644.5 -1.63636
7645.5 0.454545
7646.5 0
7647.5 0
7648.5 0
7649.5 0
7650.5 1
7651.5 0
7652.5 0
7653.5 1
7654.5 1
7655.5 2
7656.5 0
7657.5 0
7658.5 0
7659.5 0
7660.5 -0.545455
7661.5 1
7662.5 0
7663.5 -0.0909091
7664.5 0
7665.5 0
7666.5 0
7667.5 -0.545455
7668.5 -0.545455
7669.5 -0.545455
7670.5 1
7671.5 0
7672.5 0
7673.5 1
7674.5 1
7675.5 0
7676.5 0
7677.5 -0.545455
7678.5 0
7679.5 1
7680.5 1
7681.5 0
7682.5 -1.09091
7683.5 0
7684.5 0
7685.5 0
7686.5 0
7687.5 0
7688.5 0
7689.5 0
7690.5 1
7691.5 0
7692.5 0
7693.5 0
7694.5 1
7695.5 -0.545455
7696.5 1
7697.5 0
7698.5 -0.545455
7699.5 -2.18182
7700.5 0
7701.5 1
7702.5 1
7703.5 -1.18182
7704.5 1
7705.5 1
7706.5 -0.545455
7707.5 0
7708.5 0
7709.5 0
7710.5 0
7711.5 0
7712.5 1
7713.5 0
7714.5 1
7715.5 1
7716.5 0
7717.5 0
7718.5 0
7719.5 0
7720.5 -0.0909091
7721.5 0
7722.5 0
7723.5 2
7724.5 -0.545455
7725.5 0
7726.5 -0.0909091
7727.5 1
7728.5 1
7729.5 1
7730.5 0
7731.5 0
7732.5 2
7733.5 0
7734.5 0
7735.5 0
7736.5 0
7737.5 1
7738.5 1
7739.5 0
7740.5 0
7741.5 0
7742.5 0
7743.5 0
7744.5 0
7745.5 0
7746.5 0
7747.5 0
7748.5 0
7749.5 -0.545455
7750.5 -0.636364
7751.5 0
7752.5 0
7753.5 0
7754.5 0
7755.5 0
7756.5 0
7757.5 0
7758.5 0
7759.5 0
7760.5 1
7761.5 0
7762.5 1
7763.5 0
7764.5 0
7765.5 -1.63636
7766.5 0.454545
7767.5 -0.0909091
7768.5 -1.18182
7769.5 1
7770.5 0.363636
7771.5 4
7772.5 0.909091
7773.5 1.27273
7774.5 -1.09091
7775.5 -0.0909091
7776.5 -0.0909091
7777.5 -0.0909091
7778.5 1
7779.5 0.454545
7780.5 0
7781.5 0
7782.5 -0.545455
7783.5 0
7784.5 0
7785.5 -0.0909091
7786.5 0
7787.5 1
7788.5 2
7789.5 1
7790.5 -1.09091
7791.5 0
7792.5 0.454545
7793.5 4
7794.5 -0.545455
7795.5 0
7796.5 0
7797.5 1
7798.5 0
7799.5 1
7800.5 0
7801.5 -1.09091
7802.5 0
7803.5 -1.09091
7804.5 0
7805.5 0
7806.5 1
7807.5 -0.545455
7808.5 -0.545455
7809.5 0
7810.5 0
7811.5 0
7812.5 0
7813.5 0
7814.5 0
7815.5 0
7816.5 1.45455
7817.5 0
7818.5 0
7819.5 0
7820.5 2
7821.5 0
7822.5 0
7823.5 0
7824.5 0
7825.5 -1.63636
7826.5 -1.09091
7827.5 0
7828.5 1
7829.5 0
7830.5 1
7831.5 -1.09091
7832.5 1
7833.5 1
7834.5 0
7835.5 -0.545455
7836.5 1
7837.5 0
7838.5 1
7839.5 1
7840.5 0
7841.5 -0.545455
7842.5 0
7843.5 0
7844.5 0
7845.5 1
7846.5 0
7847.5 -0.545455
7848.5 0
7849.5 0
7850.5 0
7851.5 0
7852.5 0
7853.5 0
7854.5 -0.545455
7855.5 1
7856.5 1
7857.5 -0.545455
7858.5 0
7859.5 -1.09091
7860.5 1
7861.5 -0.545455
7862.5 0
7863.5 0
7864.5 0
7865.5 0
7866.5 -1.09091
7867.5 0
7868.5 0
7869.5 0
7870.5 0
7871.5 0
7872.5 0
7873.5 0
7874.5 0
7875.5 0
7876.5 0
7877.5 0
7878.5 0
7879.5 -0.0909091
7880.5 0
7881.5 0
7882.5 0
7883.5 0
7884.5 0
7885.5 0
7886.5 1
7887.5 0
7888.5 0
7889.5 0
7890.5 0
7891.5 1
7892.5 0
7893.5 0
7894.5 0
7895.5 1
7896.5 1
7897.5 -0.545455
7898.5 0
7899.5 0
7900.5 0
7901.5 0
7902.5 0
7903.5 0
7904.5 -0.0909091
7905.5 0
7906.5 0
7907.5 0
7908.5 -0.545455
7909.5 0
7910.5 0
7911.5 -0.545455
7912.5 0.454545
7913.5 0
7914.5 0
7915.5 0
7916.5 -0.545455
7917.5 0
7918.5 -0.0909091
7919.5 -1.63636
7920.5 1
7921.5 0
7922.5 0
7923.5 0
7924.5 0
7925.5 -1.09091
7926.5 0
7927.5 0
7928.5 0
7929.5 0
7930.5 -0.545455
7931.5 1
7932.5 0
7933.5 0
7934.5 1
7935.5 -1.09091
7936.5 -0.545455
7937.5 0
7938.5 0
7939.5 1
7940.5 -0.545455
7941.5 1
7942.5 0
7943.5 0
7944.5 0
7945.5 0
7946.5 1
7947.5 0
7948.5 0
7949.5 0
7950.5 0
7951.5 0
7952.5 0
7953.5 0
7954.5 0
7955.5 0
7956.5 1
7957.5 0
7958.5 0
7959.5 -0.636364
7960.5 1
7961.5 0
7962.5 0
7963.5 0
7964.5 0
7965.5 0
7966.5 1
7967.5 0
7968.5 0
7969.5 0
7970.5 0
7971.5 -0.0909091
7972.5 0
7973.5 0
7974.5 0
7975.5 0
7976.5 0
7977.5 0
7978.5 1
7979.5 0
7980.5 0
7981.5 0
7982.5 -1.09091
7983.5 0
7984.5 0
7985.5 0
7986.5 0
7987.5 0
7988.5 -1.09091
7989.5 1
7990.5 0
7991.5 -0.545455
7992.5 0
7993.5 1
7994.5 0.454545
7995.5 0
7996.5 0
7997.5 0
7998.5 1
7999.5 0
8000.5 0
8001.5 0
8002.5 0
8003.5 0
8004.5 0
8005.5 -1.63636
8006.5 0
8007.5 1
8008.5 0
8009.5 -0.545455
8010.5 0
8011.5 1
8012.5 0
8013.5 0
8014.5 0
8015.5 0.454545
8016.5 0
8017.5 0
8018.5 -0.545455
8019.5 0
8020.5 0
8021.5 0.454545
8022.5 -1.09091
8023.5 0
8024.5 0
8025.5 1
8026.5 0
8027.5 0
8028.5 0
8029.5 0
8030.5 0
8031.5 0
8032.5 0
8033.5 0
8034.5 0
8035.5 0
8036.5 0
8037.5 -0.545455
8038.5 0
8039.5 -1.09091
8040.5 0
8041.5 0
8042.5 0
8043.5 0
8044.5 0
8045.5 0
8046.5 0
8047.5 0
8048.5 0
8049.5 0
8050.5 1
8051.5 0
8052.5 0
8053.5 0
8054.5 0
8055.5 0
8056.5 0
8057.5 0
8058.5 0
8059.5 0
8060.5 -1.09091
8061.5 0.454545
8062.5 0
8063.5 2
8064.5 0
8065.5 0
8066.5 1
8067.5 0
8068.5 0
8069.5 0
8070.5 0
8071.5 0
8072.5 0
8073.5 -0.545455
8074.5 0
8075.5 0
8076.5 0
8077.5 0.454545
8078.5 -0.545455
8079.5 -0.545455
8080.5 1
8081.5 1
8082.5 0
8083.5 1
8084.5 3
8085.5 2
8086.5 0
8087.5 1
8088.5 -1.09091
8089.5 0
8090.5 0
8091.5 -0.0909091
8092.5 0
8093.5 0
8094.5 0
8095.5 0
8096.5 0
8097.5 0
8098.5 -1.09091
8099.5 0
8100.5 -0.545455
8101.5 0
8102.5 1
8103.5 -0.545455
8104.5 -1.09091
8105.5 0
8106.5 0
8107.5 1
8108.5 0
8109.5 0
8110.5 0
8111.5 0
8112.5 1
8113.5 0
8114.5 0
8115.5 0
8116.5 0
8117.5 0
8118.5 0
8119.5 -1.09091
8120.5 0
8121.5 0
8122.5 0
8123.5 0
8124.5 0
8125.5 0
8126.5 -0.545455
8127.5 1
8128.5 0
8129.5 0
8130.5 0
8131.5 0
8132.5 -0.545455
8133.5 0
8134.5 1
8135.5 0.454545
8136.5 0
8137.5 1
8138.5 0
8139.5 -0.0909091
8140.5 0
8141.5 0
8142.5 0
8143.5 0
8144.5 0
8145.5 0
8146.5 0
8147.5 0
8148.5 0
8149.5 0
8150.5 0
8151.5 1
8152.5 0
8153.5 1
8154.5 -1.09091
8155.5 0
8156.5 0
8157.5 0
8158.5 0
8159.5 -1.09091
8160.5 0
8161.5 -0.545455
8162.5 0
8163.5 0
8164.5 0
8165.5 0
8166.5 0
8167.5 0
8168.5 0
8169.5 -0.545455
8170.5 0
8171.5 0
8172.5 0
8173.5 0
8174.5 0
8175.5 1
8176.5 0
8177.5 0
8178.5 0
8179.5 0
8180.5 -0.545455
8181.5 0
8182.5 0
8183.5 -0.545455
8184.5 0
8185.5 1
8186.5 0
8187.5 0
8188.5 0
8189.5 0
8190.5 0
8191.5 -1.09091
8192.5 0
8193.5 0
8194.5 0
8195.5 0
8196.5 0
8197.5 0
8198.5 1
8199.5 0
8200.5 1
8201.5 0
8202.5 0
8203.5 1
8204.5 0
8205.5 -1.09091
8206.5 0
8207.5 0
8208.5 0
8209.5 0
8210.5 0
8211.5 0
8212.5 0
8213.5 0
8214.5 0
8215.5 0
8216.5 0
8217.5 0
8218.5 1
8219.5 0
8220.5 0
8221.5 -1.09091
8222.5 -1.09091
8223.5 0
8224.5 0
8225.5 0
8226.5 0
8227.5 0
8228.5 0
8229.5 0
8230.5 0
8231.5 0
8232.5 0
8233.5 0
8234.5 0
8235.5 0
8236.5 0
8237.5 -0.545455
8238.5 1
8239.5 0
8240.5 0
8241.5 0
8242.5 0
8243.5 0
8244.5 0
8245.5 0
8246.5 0
8247.5 0
8248.5 0
8249.5 0
8250.5 0
8251.5 0
8252.5 0
8253.5 0
8254.5 0
8255.5 0
8256.5 0
8257.5 0
8258.5 1
8259.5 0
8260.5 0
8261.5 0.454545
8262.5 0
8263.5 0
8264.5 0
8265.5 0
8266.5 0
8267.5 -0.545455
8268.5 0
8269.5 0
8270.5 0
8271.5 0
8272.5 0
8273.5 0
8274.5 0
8275.5 0
8276.5 0
8277.5 -0.545455
8278.5 0
8279.5 0
8280.5 0
8281.5 0
8282.5 -1.09091
8283.5 1
8284.5 0
8285.5 0
8286.5 0
8287.5 0
8288.5 0
8289.5 0
8290.5 0
8291.5 0
8292.5 0
8293.5 -0.545455
8294.5 0
8295.5 0
8296.5 0
8297.5 0
8298.5 0
8299.5 0
8300.5 0
8301.5 0
8302.5 0
8303.5 0
8304.5 -1.09091
8305.5 0
8306.5 0
8307.5 0
8308.5 0
8309.5 0
8310.5 1
8311.5 0
8312.5 0
8313.5 -0.545455
8314.5 0
8315.5 0
8316.5 0
8317.5 0
8318.5 0
8319.5 -1.63636
8320.5 0
8321.5 0
8322.5 0
8323.5 0
8324.5 1
8325.5 -0.545455
8326.5 0
8327.5 0
8328.5 0
8329.5 0
8330.5 0
8331.5 0
8332.5 0
8333.5 0
8334.5 0
8335.5 1
8336.5 0
8337.5 0
8338.5 0
8339.5 0
8340.5 1
8341.5 0
8342.5 0
8343.5 0
8344.5 0
8345.5 0
8346.5 0
8347.5 0
8348.5 0
8349.5 1
8350.5 0
8351.5 0
8352.5 0
8353.5 -1.09091
8354.5 1
8355.5 0
8356.5 0
8357.5 0
8358.5 0
8359.5 0
8360.5 0
8361.5 0
8362.5 0
8363.5 0
8364.5 0
8365.5 -0.545455
8366.5 0
8367.5 0
8368.5 0
8369.5 1
8370.5 0
8371.5 0
8372.5 0
8373.5 -1.09091
8374.5 -0.545455
8375.5 -2.18182
8376.5 0
8377.5 0
8378.5 0
8379.5 0
8380.5 0
8381.5 0
8382.5 0
8383.5 0
8384.5 0
8385.5 0
8386.5 0
8387.5 0
8388.5 0
8389.5 1
8390.5 -0.0909091
8391.5 0
8392.5 -0.545455
8393.5 0
8394.5 0
8395.5 0
8396.5 0
8397.5 0
8398.5 0
8399.5 0
8400.5 0
8401.5 -0.545455
8402.5 1
8403.5 0
8404.5 0
8405.5 0
8406.5 -0.545455
8407.5 0
8408.5 0
8409.5 0
8410.5 0
8411.5 0
8412.5 0
8413.5 0
8414.5 0
8415.5 0
8416.5 0
8417.5 -0.545455
8418.5 0
8419.5 0
8420.5 0.454545
8421.5 0.454545
8422.5 0
8423.5 0
8424.5 0
8425.5 0
8426.5 0
8427.5 0
8428.5 0
8429.5 0
8430.5 0
8431.5 0
8432.5 0
8433.5 0
8434.5 0
8435.5 0
8436.5 0
8437.5 0
8438.5 0
8439.5 0
8440.5 0
8441.5 0
8442.5 0
8443.5 0
8444.5 0
8445.5 0
8446.5 -1.09091
8447.5 0
8448.5 -1.09091
8449.5 -1.09091
8450.5 0
8451.5 0
8452.5 0
8453.5 0
8454.5 0
8455.5 0
8456.5 0
8457.5 0
8458.5 0
8459.5 0
8460.5 0
8461.5 0
8462.5 0
8463.5 0
8464.5 -0.545455
8465.5 0
8466.5 1
8467.5 0
8468.5 0
8469.5 0
8470.5 0
8471.5 0
8472.5 0
8473.5 -0.545455
8474.5 -1.09091
8475.5 0
8476.5 0
8477.5 0
8478.5 1
8479.5 0
8480.5 1
8481.5 1
8482.5 0
8483.5 -0.545455
8484.5 0
8485.5 0
8486.5 0
8487.5 -1.09091
8488.5 0
8489.5 0
8490.5 0
8491.5 0
8492.5 0
8493.5 0
8494.5 0
8495.5 -0.545455
8496.5 0
8497.5 0
8498.5 -0.545455
8499.5 0
8500.5 0
8501.5 0
8502.5 0
8503.5 -1.09091
8504.5 -1.09091
8505.5 0
8506.5 0
8507.5 1
8508.5 0
8509.5 0
8510.5 0
8511.5 1
8512.5 0
8513.5 -0.545455
8514.5 0
8515.5 0
8516.5 0
8517.5 0
8518.5 0
8519.5 0
8520.5 0
8521.5 1
8522.5 0
8523.5 0
8524.5 0
8525.5 0
8526.5 -0.545455
8527.5 0
8528.5 0
8529.5 0
8530.5 0
8531.5 1
8532.5 1
8533.5 0
8534.5 0
8535.5 1
8536.5 1
8537.5 1
8538.5 -1.09091
8539.5 0
8540.5 0
8541.5 0
8542.5 0
8543.5 0
8544.5 0
8545.5 0
8546.5 0
8547.5 0
8548.5 0
8549.5 1
8550.5 0
8551.5 0
8552.5 0
8553.5 -0.0909091
8554.5 0
8555.5 0
8556.5 0
8557.5 0
8558.5 0
8559.5 0
8560.5 0
8561.5 0
8562.5 0
8563.5 0
8564.5 0
8565.5 0
8566.5 0
8567.5 0
8568.5 0
8569.5 0
8570.5 0
8571.5 -0.545455
8572.5 0
8573.5 0
8574.5 0
8575.5 0
8576.5 0
8577.5 0
8578.5 1
8579.5 0
8580.5 -0.545455
8581.5 0
8582.5 0
8583.5 0
8584.5 0.454545
8585.5 0
8586.5 0
8587.5 0
8588.5 0
8589.5 0
8590.5 0
8591.5 0
8592.5 -0.545455
8593.5 0
8594.5 -1.09091
8595.5 0
8596.5 0
8597.5 0
8598.5 0
8599.5 0
8600.5 0
8601.5 0
8602.5 0
8603.5 0
8604.5 0
8605.5 0
8606.5 -1.09091
8607.5 0
8608.5 0
8609.5 0
8610.5 0
8611.5 0
8612.5 0
8613.5 0
8614.5 -0.545455
8615.5 0
8616.5 0
8617.5 0
8618.5 0
8619.5 0
8620.5 0
8621.5 0
8622.5 0
8623.5 0
8624.5 0
8625.5 0
8626.5 1
8627.5 0
8628.5 0
8629.5 1
8630.5 0
8631.5 0
8632.5 0
8633.5 0
8634.5 0
8635.5 -0.545455
8636.5 1
8637.5 0
8638.5 0
8639.5 0
8640.5 0
8641.5 0
8642.5 0
8643.5 0
8644.5 0
8645.5 0
8646.5 -0.545455
8647.5 0
8648.5 0
8649.5 0
8650.5 0
8651.5 0
8652.5 -0.545455
8653.5 0
8654.5 0
8655.5 0
8656.5 0
8657.5 0
8658.5 0
8659.5 -0.545455
8660.5 0
8661.5 -0.545455
8662.5 0
8663.5 0
8664.5 0
8665.5 0
8666.5 0
8667.5 0
8668.5 0
8669.5 0
8670.5 0
8671.5 0
8672.5 0
8673.5 0
8674.5 0
8675.5 2
8676.5 0.454545
8677.5 0
8678.5 0
8679.5 0
8680.5 0
8681.5 0
8682.5 0
8683.5 0
8684.5 0
8685.5 0
8686.5 0
8687.5 0
8688.5 0
8689.5 0
8690.5 0
8691.5 0
8692.5 0
8693.5 1
8694.5 0
8695.5 0
8696.5 0
8697.5 0
8698.5 0
8699.5 0
8700.5 0
8701.5 0
8702.5 0
8703.5 0
8704.5 1
8705.5 0
8706.5 0
8707.5 0
8708.5 -0.545455
8709.5 0
8710.5 0
8711.5 0
8712.5 0
8713.5 0
8714.5 0
8715.5 0
8716.5 0
8717.5 0
8718.5 0.454545
8719.5 1
8720.5 0
8721.5 0
8722.5 0
8723.5 0
8724.5 0
8725.5 -0.545455
8726.5 0
8727.5 0
8728.5 0
8729.5 -1.09091
8730.5 0
8731.5 0
8732.5 0
8733.5 0
8734.5 0
8735.5 0
8736.5 0
8737.5 -0.545455
8738.5 0
8739.5 0
8740.5 0
8741.5 0
8742.5 -0.545455
8743.5 0
8744.5 -0.545455
8745.5 0
8746.5 0
8747.5 0
8748.5 -0.545455
8749.5 0
8750.5 0
8751.5 1
8752.5 1
8753.5 0
8754.5 -0.545455
8755.5 0
8756.5 0
8757.5 0
8758.5 0
8759.5 0
8760.5 0
8761.5 0
8762.5 0
8763.5 0
8764.5 0
8765.5 0
8766.5 -1.09091
8767.5 0
8768.5 -0.545455
8769.5 -1.09091
8770.5 -0.545455
8771.5 0
8772.5 0
8773.5 0
8774.5 0
8775.5 0
8776.5 0
8777.5 0
8778.5 -0.545455
8779.5 1
8780.5 -0.545455
8781.5 0
8782.5 0
8783.5 0
8784.5 0
8785.5 0
8786.5 0
8787.5 0
8788.5 0
8789.5 0
8790.5 0
8791.5 0
8792.5 0
8793.5 0
8794.5 0
8795.5 -0.545455
8796.5 0
8797.5 0
8798.5 0
8799.5 1
8800.5 0
8801.5 0
8802.5 0
8803.5 0
8804.5 0
8805.5 0
8806.5 0
8807.5 0
8808.5 0
8809.5 0
8810.5 -0.545455
8811.5 -1.09091
8812.5 0
8813.5 0
8814.5 0
8815.5 0
8816.5 -0.545455
8817.5 0
8818.5 0
8819.5 0
8820.5 1
8821.5 0
8822.5 0
8823.5 0
8824.5 0
8825.5 0
8826.5 0
8827.5 0
8828.5 0
8829.5 0
8830.5 0
8831.5 0
8832.5 0
8833.5 0
8834.5 0
8835.5 0
8836.5 0
8837.5 1
8838.5 0
8839.5 0
8840.5 0
8841.5 0
8842.5 0
8843.5 1
8844.5 0
8845.5 -1.09091
8846.5 0
8847.5 0
8848.5 0
8849.5 0
8850.5 -0.545455
8851.5 0
8852.5 0
8853.5 0
8854.5 0
8855.5 0
8856.5 0
8857.5 0
8858.5 -1.09091
8859.5 0
8860.5 0
8861.5 0
8862.5 -0.0909091
8863.5 -1.09091
8864.5 0
8865.5 0
8866.5 0
8867.5 0
8868.5 0
8869.5 1
8870.5 0
8871.5 0
8872.5 0
8873.5 0
8874.5 -0.545455
8875.5 0
8876.5 0
8877.5 1
8878.5 0
8879.5 0
8880.5 0
8881.5 0
8882.5 -0.545455
8883.5 0
8884.5 0
8885.5 -1.09091
8886.5 0
8887.5 -0.545455
8888.5 0
8889.5 0
8890.5 0
8891.5 0
8892.5 0
8893.5 0
8894.5 0
8895.5 0
8896.5 0
8897.5 0
8898.5 0
8899.5 1
8900.5 0
8901.5 0
8902.5 0
8903.5 0
8904.5 0
8905.5 0
8906.5 -0.545455
8907.5 0
8908.5 0
8909.5 0
8910.5 0
8911.5 0
8912.5 0
8913.5 0
8914.5 -1.09091
8915.5 0
8916.5 -0.545455
8917.5 -1.09091
8918.5 0
8919.5 0
8920.5 0
8921.5 0
8922.5 0
8923.5 0
8924.5 0
8925.5 0.454545
8926.5 0
8927.5 0
8928.5 0
8929.5 0
8930.5 0
8931.5 0
8932.5 0
8933.5 0
8934.5 0
8935.5 0
8936.5 0
8937.5 0
8938.5 0
8939.5 2
8940.5 0
8941.5 0
8942.5 0
8943.5 0
8944.5 0
8945.5 -0.545455
8946.5 0
8947.5 0
8948.5 0.454545
8949.5 0
8950.5 0
8951.5 0
8952.5 0
8953.5 0
8954.5 1
8955.5 0
8956.5 0
8957.5 0
8958.5 0
8959.5 0
8960.5 0
8961.5 0
8962.5 0
8963.5 0
8964.5 0
8965.5 -0.545455
8966.5 -2.18182
8967.5 1
8968.5 -0.545455
8969.5 0
8970.5 0
8971.5 0
8972.5 -1.09091
8973.5 0
8974.5 0
8975.5 0
8976.5 0
8977.5 1
8978.5 0
8979.5 0
8980.5 0
8981.5 0
8982.5 0
8983.5 0
8984.5 0
8985.5 0
8986.5 0
8987.5 0
8988.5 -0.545455
8989.5 0
8990.5 0
8991.5 0
8992.5 0
8993.5 0
8994.5 1
8995.5 0
8996.5 0
8997.5 1
8998.5 1
8999.5 0
9000.5 0
9001.5 -1.09091
9002.5 0
9003.5 0
9004.5 -1.09091
9005.5 0
9006.5 0
9007.5 0
9008.5 -0.545455
9009.5 0
9010.5 0
9011.5 0
9012.5 0
9013.5 0
9014.5 0
9015.5 -0.545455
9016.5 0
9017.5 -1.09091
9018.5 0
9019.5 0
9020.5 0
9021.5 -0.545455
9022.5 0
9023.5 0.454545
9024.5 -0.545455
9025.5 0
9026.5 0
9027.5 0
9028.5 0
9029.5 0
9030.5 0
9031.5 0
9032.5 0
9033.5 0
9034.5 0
9035.5 -0.545455
9036.5 0
9037.5 0
9038.5 0
9039.5 0
9040.5 0
9041.5 1
9042.5 -1.09091
9043.5 0
9044.5 0
9045.5 0
9046.5 0
9047.5 0
9048.5 1
9049.5 0
9050.5 0
9051.5 0
9052.5 0
9053.5 0
9054.5 0
9055.5 0
9056.5 0
9057.5 0
9058.5 0
9059.5 0
9060.5 0
9061.5 0
9062.5 0
9063.5 0
9064.5 0
9065.5 0
9066.5 0
9067.5 0
9068.5 0
9069.5 0
9070.5 0
9071.5 0
9072.5 0
9073.5 -0.545455
9074.5 0
9075.5 0
9076.5 0
9077.5 0
9078.5 0
9079.5 0
9080.5 0
9081.5 0
9082.5 -0.545455
9083.5 0
9084.5 0
9085.5 0
9086.5 -0.545455
9087.5 0
9088.5 0
9089.5 0
9090.5 0
9091.5 0
9092.5 0
9093.5 0
9094.5 0
9095.5 0
9096.5 0
9097.5 0
9098.5 1
9099.5 1
9100.5 1
9101.5 0
9102.5 -1.09091
9103.5 0
9104.5 1
9105.5 0
9106.5 0
9107.5 0
9108.5 0
9109.5 0
9110.5 0
9111.5 0
9112.5 0
9113.5 0
9114.5 0
9115.5 0
9116.5 0
9117.5 0
9118.5 0
9119.5 0
9120.5 0
9121.5 0
9122.5 0
9123.5 0
9124.5 0
9125.5 0
9126.5 0
9127.5 0
9128.5 0
9129.5 0
9130.5 -0.545455
9131.5 0
9132.5 0
9133.5 0
9134.5 0
9135.5 0
9136.5 0
9137.5 0
9138.5 0
9139.5 0
9140.5 0
9141.5 0
9142.5 0
9143.5 0
9144.5 0
9145.5 0
9146.5 0
9147.5 0
9148.5 0
9149.5 0
9150.5 0
9151.5 0
9152.5 1
9153.5 0
9154.5 0
9155.5 0
9156.5 0
9157.5 0
9158.5 0
9159.5 0
9160.5 0
9161.5 0
9162.5 0
9163.5 0
9164.5 0
9165.5 0
9166.5 0
9167.5 0
9168.5 0
9169.5 -1.09091
9170.5 1
9171.5 0
9172.5 0
9173.5 0
9174.5 0
9175.5 0
9176.5 0
9177.5 0
9178.5 0
9179.5 0
9180.5 0
9181.5 0
9182.5 0
9183.5 0
9184.5 0
9185.5 0
9186.5 0
9187.5 0
9188.5 0
9189.5 0
9190.5 0
9191.5 0
9192.5 0
9193.5 0
9194.5 0
9195.5 -0.545455
9196.5 0
9197.5 0
9198.5 0
9199.5 0
9200.5 0
9201.5 0
9202.5 0
9203.5 0
9204.5 0
9205.5 0
9206.5 0
9207.5 0
9208.5 0
9209.5 0
9210.5 0
9211.5 0
9212.5 2
9213.5 0
9214.5 0
9215.5 -1.09091
9216.5 1
9217.5 0
9218.5 -0.545455
9219.5 0
9220.5 1
9221.5 0
9222.5 1
9223.5 0
9224.5 -1.09091
9225.5 0
9226.5 0
9227.5 0
9228.5 0
9229.5 0
9230.5 0
9231.5 0
9232.5 0
9233.5 1
9234.5 0
9235.5 0
9236.5 0
9237.5 0
9238.5 1
9239.5 0
9240.5 0
9241.5 0
9242.5 0
9243.5 0
9244.5 0
9245.5 1
9246.5 0
9247.5 0
9248.5 0
9249.5 0
9250.5 0
9251.5 0
9252.5 0
9253.5 0
9254.5 0
9255.5 -1.09091
9256.5 0
9257.5 -1.09091
9258.5 -1.09091
9259.5 -1.09091
9260.5 1
9261.5 0
9262.5 0
9263.5 0
9264.5 0
9265.5 0
9266.5 0
9267.5 0
9268.5 0
9269.5 0
9270.5 0
9271.5 0
9272.5 0
9273.5 0
9274.5 -0.545455
9275.5 0
9276.5 0
9277.5 0
9278.5 0
9279.5 0
9280.5 0
9281.5 0
9282.5 0
9283.5 0
9284.5 0
9285.5 0
9286.5 0
9287.5 0
9288.5 0
9289.5 0
9290.5 0
9291.5 0
9292.5 0
9293.5 0
9294.5 0
9295.5 0
9296.5 0
9297.5 0
9298.5 0
9299.5 0
9300.5 0
9301.5 0
9302.5 0
9303.5 0
9304.5 0
9305.5 0
9306.5 0
9307.5 0
9308.5 0
9309.5 0
9310.5 0
9311.5 0
9312.5 0
9313.5 0
9314.5 0
9315.5 0
9316.5 0
9317.5 0
9318.5 0.454545
9319.5 0
9320.5 0
9321.5 0
9322.5 0
9323.5 0
9324.5 0
9325.5 0
9326.5 0
9327.5 0
9328.5 0
9329.5 0
9330.5 0
9331.5 0
9332.5 0
9333.5 0
9334.5 -0.545455
9335.5 0
9336.5 0
9337.5 0
9338.5 0
9339.5 0
9340.5 0
9341.5 0
9342.5 0
9343.5 0
9344.5 0
9345.5 0
9346.5 0
9347.5 0
9348.5 0
9349.5 0
9350.5 -1.09091
9351.5 1
9352.5 0
9353.5 0
9354.5 1
9355.5 0
9356.5 0
9357.5 0
9358.5 0
9359.5 1
9360.5 0
9361.5 0
9362.5 0
9363.5 0
9364.5 0
9365.5 0
9366.5 0
9367.5 -0.545455
9368.5 0
9369.5 0
9370.5 0
9371.5 0
9372.5 0
9373.5 0
9374.5 0
9375.5 0
9376.5 0
9377.5 0
9378.5 1
9379.5 0
9380.5 0
9381.5 0
9382.5 0
9383.5 0
9384.5 0
9385.5 0
9386.5 1
9387.5 0
9388.5 0
9389.5 0
9390.5 0
9391.5 0
9392.5 0
9393.5 0
9394.5 0
9395.5 0
9396.5 0
9397.5 0
9398.5 0
9399.5 0
9400.5 0
9401.5 0
9402.5 0
9403.5 0
9404.5 0
9405.5 -0.545455
9406.5 -0.545455
9407.5 0
9408.5 0
9409.5 0
9410.5 0
9411.5 0
9412.5 0
9413.5 0
9414.5 0
9415.5 0
9416.5 -0.545455
9417.5 -0.545455
9418.5 0
9419.5 0
9420.5 0
9421.5 0
9422.5 0
9423.5 0
9424.5 0
9425.5 0
9426.5 0
9427.5 0
9428.5 0
9429.5 1
9430.5 0
9431.5 0
9432.5 0
9433.5 1
9434.5 1
9435.5 0
9436.5 0
9437.5 0
9438.5 0
9439.5 0
9440.5 0
9441.5 1
9442.5 0
9443.5 0
9444.5 0
9445.5 0
9446.5 -0.545455
9447.5 0
9448.5 -0.545455
9449.5 0
9450.5 0
9451.5 0
9452.5 0
9453.5 0
9454.5 1
9455.5 0
9456.5 0
9457.5 0
9458.5 0
9459.5 0
9460.5 0
9461.5 -1.09091
9462.5 0
9463.5 0
9464.5 0
9465.5 0
9466.5 0
9467.5 0
9468.5 0
9469.5 0
9470.5 -0.545455
9471.5 -0.545455
9472.5 0
9473.5 0
9474.5 0
9475.5 0
9476.5 1
9477.5 -1.09091
9478.5 0
9479.5 0
9480.5 0
9481.5 0
9482.5 0
9483.5 0
9484.5 0.454545
9485.5 0
9486.5 0
9487.5 0
9488.5 0
9489.5 1
9490.5 0
9491.5 0
9492.5 0
9493.5 0
9494.5 0
9495.5 0
9496.5 0
9497.5 0
9498.5 0
9499.5 0
9500.5 0
9501.5 0
9502.5 0
9503.5 0
9504.5 0
9505.5 0
9506.5 0
9507.5 0
9508.5 0
9509.5 0
9510.5 0
9511.5 0
9512.5 0
9513.5 0
9514.5 0
9515.5 0
9516.5 0
9517.5 1
9518.5 0
9519.5 0
9520.5 0
9521.5 0
9522.5 0
9523.5 0
9524.5 0
9525.5 0
9526.5 0
9527.5 0
9528.5 0
9529.5 0
9530.5 0
9531.5 0
9532.5 0
9533.5 0
9534.5 0
9535.5 1
9536.5 0
9537.5 0
9538.5 0
9539.5 0
9540.5 -0.545455
9541.5 1
9542.5 -0.545455
9543.5 0
9544.5 0
9545.5 0
9546.5 0
9547.5 0
9548.5 0
9549.5 0
9550.5 0
9551.5 -0.545455
9552.5 -0.545455
9553.5 0
9554.5 0
9555.5 0
9556.5 0
9557.5 0
9558.5 0
9559.5 0
9560.5 0
9561.5 0
9562.5 0
9563.5 0
9564.5 0
9565.5 0
9566.5 0
9567.5 0
9568.5 0
9569.5 0
9570.5 0
9571.5 0
9572.5 0
9573.5 0
9574.5 0
9575.5 0
9576.5 0
9577.5 0
9578.5 0
9579.5 -0.545455
9580.5 0
9581.5 0
9582.5 0
9583.5 -0.545455
9584.5 0
9585.5 0
9586.5 0
9587.5 0
9588.5 0
9589.5 0
9590.5 0
9591.5 0
9592.5 0
9593.5 0
9594.5 0
9595.5 0
9596.5 0
9597.5 0
9598.5 0
9599.5 0
9600.5 -0.545455
9601.5 0
9602.5 0
9603.5 0
9604.5 0
9605.5 0
9606.5 0
9607.5 0
9608.5 0
9609.5 0
9610.5 0
9611.5 0
9612.5 0
9613.5 0
9614.5 0
9615.5 0
9616.5 0
9617.5 0
9618.5 -0.545455
9619.5 0
9620.5 0
9621.5 0
9622.5 0
9623.5 0
9624.5 0
9625.5 0
9626.5 0
9627.5 0
9628.5 0
9629.5 0
9630.5 0
9631.5 0
9632.5 0
9633.5 0
9634.5 0
9635.5 0
9636.5 0
9637.5 0
9638.5 0
9639.5 0
9640.5 1
9641.5 0
9642.5 0
9643.5 -0.545455
9644.5 0
9645.5 0
9646.5 0
9647.5 0
9648.5 0
9649.5 0
9650.5 0
9651.5 0
9652.5 0
9653.5 0
9654.5 0
9655.5 0
9656.5 0
9657.5 1
9658.5 0
9659.5 0
9660.5 0
9661.5 0
9662.5 1
9663.5 0
9664.5 1
9665.5 0
9666.5 0
9667.5 0
9668.5 0
9669.5 0
9670.5 1
9671.5 0
9672.5 0
9673.5 0
9674.5 0
9675.5 0
9676.5 0
9677.5 0
9678.5 0
9679.5 0
9680.5 0
9681.5 0
9682.5 0
9683.5 0
9684.5 0
9685.5 0
9686.5 0
9687.5 0
9688.5 0
9689.5 0
9690.5 0
9691.5 0
9692.5 0
9693.5 0
9694.5 0
9695.5 -1.09091
9696.5 1
9697.5 0
9698.5 0
9699.5 0
9700.5 0
9701.5 0
9702.5 0
9703.5 0
9704.5 0
9705.5 -0.545455
9706.5 0
9707.5 0
9708.5 0
9709.5 0
9710.5 0
9711.5 0
9712.5 0
9713.5 0
9714.5 0
9715.5 0
9716.5 -0.545455
9717.5 0
9718.5 0
9719.5 0
9720.5 0
9721.5 1
9722.5 0
9723.5 0
9724.5 0
9725.5 0
9726.5 0
9727.5 -1.09091
9728.5 0
9729.5 0
9730.5 0
9731.5 0
9732.5 0
9733.5 0
9734.5 0
9735.5 0
9736.5 0
9737.5 0
9738.5 0
9739.5 0
9740.5 0
9741.5 0
9742.5 0
9743.5 0
9744.5 0
9745.5 0
9746.5 1
9747.5 0
9748.5 0
9749.5 0
9750.5 0
9751.5 0
9752.5 0
9753.5 0
9754.5 0
9755.5 0
9756.5 0
9757.5 0
9758.5 0
9759.5 1
9760.5 0
9761.5 0
9762.5 0
9763.5 0
9764.5 0
9765.5 0
9766.5 0
9767.5 0
9768.5 0
9769.5 0
9770.5 0
9771.5 0
9772.5 0
9773.5 0
9774.5 0
9775.5 0
9776.5 0
9777.5 0
9778.5 0
9779.5 0
9780.5 0
9781.5 0
9782.5 0
9783.5 0
9784.5 0
9785.5 0
9786.5 0
9787.5 0
9788.5 0
9789.5 0
9790.5 0
9791.5 0
9792.5 0
9793.5 0
9794.5 0
9795.5 0
9796.5 0
9797.5 0
9798.5 0
9799.5 0
9800.5 0
9801.5 0
9802.5 0
9803.5 0
9804.5 0
9805.5 0
9806.5 0
9807.5 0
9808.5 1
9809.5 0
9810.5 0
9811.5 0
9812.5 0
9813.5 0
9814.5 0
9815.5 0
9816.5 0
9817.5 0
9818.5 0
9819.5 0
9820.5 0
9821.5 0
9822.5 1
9823.5 0
9824.5 1
9825.5 0
9826.5 0
9827.5 0
9828.5 0
9829.5 0
9830.5 0
9831.5 0
9832.5 0
9833.5 0
9834.5 0
9835.5 0
9836.5 0
9837.5 0
9838.5 0
9839.5 0
9840.5 0
9841.5 0
9842.5 0
9843.5 0
9844.5 0
9845.5 0
9846.5 0
9847.5 0
9848.5 0
9849.5 0
9850.5 0
9851.5 0
9852.5 0
9853.5 -1.09091
9854.5 0
9855.5 0
9856.5 0
9857.5 0
9858.5 0
9859.5 0
9860.5 0
9861.5 0
9862.5 0
9863.5 1
9864.5 0
9865.5 0
9866.5 0
9867.5 -1.09091
9868.5 0
9869.5 0
9870.5 0
9871.5 0
9872.5 0
9873.5 0
9874.5 0
9875.5 0
9876.5 0
9877.5 0
9878.5 0
9879.5 0
9880.5 -0.545455
9881.5 0
9882.5 0
9883.5 1
9884.5 0
9885.5 0
9886.5 0
9887.5 0
9888.5 0
9889.5 0
9890.5 0
9891.5 0
9892.5 -1.09091
9893.5 0
9894.5 0
9895.5 -0.545455
9896.5 0
9897.5 0
9898.5 0
9899.5 0
9900.5 0
9901.5 0
9902.5 0
9903.5 0
9904.5 0
9905.5 0
9906.5 0
9907.5 0
9908.5 0
9909.5 0
9910.5 0
9911.5 0
9912.5 0
9913.5 0
9914.5 0
9915.5 -1.09091
9916.5 0
9917.5 0
9918.5 0
9919.5 0
9920.5 0
9921.5 0
9922.5 0
9923.5 0
9924.5 0
9925.5 0
9926.5 0
9927.5 0
9928.5 0
9929.5 0
9930.5 0
9931.5 0
9932.5 0
9933.5 0
9934.5 0
9935.5 0
9936.5 0
9937.5 0
9938.5 0
9939.5 0
9940.5 0
9941.5 0
9942.5 0
9943.5 0
9944.5 0
9945.5 0
9946.5 0
9947.5 0
9948.5 0
9949.5 -0.545455
9950.5 0
9951.5 0
9952.5 0
9953.5 0
9954.5 0
9955.5 0
9956.5 0
9957.5 0
9958.5 0
9959.5 0
9960.5 0
9961.5 0
9962.5 0
9963.5 0
9964.5 0
9965.5 0
9966.5 0
9967.5 0
9968.5 0
9969.5 0
9970.5 0
9971.5 0
9972.5 0
9973.5 0
9974.5 0
9975.5 0
9976.5 0
9977.5 0
9978.5 0
9979.5 0
9980.5 -1.09091
9981.5 0
9982.5 0
9983.5 0
9984.5 0
9985.5 0
9986.5 0
9987.5 0
9988.5 0
9989.5 0
9990.5 0
9991.5 0
9992.5 0
9993.5 0
9994.5 0
9995.5 0
9996.5 0
9997.5 0
9998.5 0
9999.5 0
10000.5 0
10001.5 0
10002.5 0
10003.5 0
10004.5 0
10005.5 0
10006.5 0
10007.5 0
10008.5 0
10009.5 0
10010.5 0
10011.5 0
10012.5 0
10013.5 0
10014.5 0
10015.5 0
10016.5 0
10017.5 0
10018.5 0
10019.5 0
10020.5 0
10021.5 0
10022.5 0
10023.5 0
10024.5 0
10025.5 0
10026.5 0
10027.5 0
10028.5 0
10029.5 0
10030.5 0
10031.5 0
10032.5 0
10033.5 0
10034.5 0
10035.5 1
10036.5 0
10037.5 0
10038.5 0
10039.5 0
10040.5 0
10041.5 0
10042.5 0
10043.5 -0.545455
10044.5 0
10045.5 0
10046.5 0
10047.5 0
10048.5 0
10049.5 0
10050.5 0
10051.5 0
10052.5 0
10053.5 0
10054.5 0
10055.5 0
10056.5 0
10057.5 0
10058.5 0
10059.5 0
10060.5 0
10061.5 0
10062.5 0
10063.5 0
10064.5 0
10065.5 0
10066.5 0
10067.5 0
10068.5 0
10069.5 0
10070.5 0
10071.5 0
10072.5 0
10073.5 0
10074.5 0
10075.5 0
10076.5 0
10077.5 -1.09091
10078.5 0
10079.5 0
10080.5 0
10081.5 0
10082.5 0
10083.5 0
10084.5 0
10085.5 0
10086.5 0
10087.5 0
10088.5 0
10089.5 0
10090.5 0
10091.5 0
10092.5 0
10093.5 0
10094.5 0
10095.5 0
10096.5 0
10097.5 0
10098.5 0
10099.5 0
10100.5 0
10101.5 0
10102.5 0
10103.5 0
10104.5 0
10105.5 0
10106.5 0
10107.5 0
10108.5 1
10109.5 0
10110.5 0
10111.5 0
10112.5 0
10113.5 0
10114.5 0
10115.5 0
10116.5 0
10117.5 0
10118.5 0
10119.5 0
10120.5 0
10121.5 0
10122.5 0
10123.5 0
10124.5 0
10125.5 0
10126.5 0
10127.5 0
10128.5 0
10129.5 0
10130.5 0
10131.5 0
10132.5 0
10133.5 0
10134.5 0
10135.5 0
10136.5 0
10137.5 0
10138.5 0
10139.5 0
10140.5 0
10141.5 0
10142.5 0
10143.5 0
10144.5 0
10145.5 0
10146.5 0
10147.5 0
10148.5 0
10149.5 0
10150.5 0
10151.5 0
10152.5 0
10153.5 0
10154.5 0
10155.5 0
10156.5 1
10157.5 0
10158.5 0
10159.5 0
10160.5 0
10161.5 0
10162.5 0
10163.5 0
10164.5 0
10165.5 0
10166.5 0
10167.5 0
10168.5 0
10169.5 0
10170.5 0
10171.5 0
10172.5 0
10173.5 0
10174.5 0
10175.5 0
10176.5 0
10177.5 0
10178.5 1
10179.5 0
10180.5 0
10181.5 0
10182.5 0
10183.5 0
10184.5 0
10185.5 0
10186.5 0
10187.5 0
10188.5 0
10189.5 0
10190.5 0
10191.5 0
10192.5 0
10193.5 0
10194.5 1
10195.5 0
10196.5 0
10197.5 0
10198.5 0
10199.5 0
10200.5 0
10201.5 0
10202.5 0
10203.5 0
10204.5 0
10205.5 0
10206.5 0
10207.5 0
10208.5 0
10209.5 1
10210.5 0
10211.5 0
10212.5 0
10213.5 0
10214.5 0
10215.5 0
10216.5 0
10217.5 0
10218.5 0
10219.5 0
10220.5 0
10221.5 0
10222.5 0
10223.5 0
10224.5 0
10225.5 0
10226.5 0
10227.5 0
10228.5 0
10229.5 0
10230.5 0
10231.5 0
10232.5 0
10233.5 0
10234.5 0
10235.5 0
10236.5 0
10237.5 0
10238.5 0
10239.5 0
10240.5 0
10241.5 0
10242.5 0
10243.5 0
10244.5 0
10245.5 0
10246.5 0
10247.5 0
10248.5 0
10249.5 0
10250.5 0
10251.5 0
10252.5 0
10253.5 0
10254.5 0
10255.5 0
10256.5 0
10257.5 0
10258.5 0
10259.5 0
10260.5 0
10261.5 0
10262.5 0
10263.5 0
10264.5 0
10265.5 0
10266.5 0
10267.5 0
10268.5 0
10269.5 0
10270.5 0
10271.5 0
10272.5 0
10273.5 0
10274.5 0
10275.5 0
10276.5 0
10277.5 0
10278.5 0
10279.5 0
10280.5 0
10281.5 0
10282.5 0
10283.5 0
10284.5 0
10285.5 0
10286.5 0
10287.5 0
10288.5 0
10289.5 0
10290.5 0
10291.5 0
10292.5 0
10293.5 0
10294.5 0
10295.5 0
10296.5 0
10297.5 0
10298.5 0
10299.5 0
10300.5 -0.545455
10301.5 0
10302.5 0
10303.5 1
10304.5 0
10305.5 0
10306.5 0
10307.5 0
10308.5 0
10309.5 0
10310.5 0
10311.5 0
10312.5 0
10313.5 0
10314.5 0
10315.5 0
10316.5 0
10317.5 0
10318.5 0
10319.5 0
10320.5 0
10321.5 0
10322.5 0
10323.5 0
10324.5 0
10325.5 0
10326.5 0
10327.5 0
10328.5 0
10329.5 0
10330.5 0
10331.5 0
10332.5 0
10333.5 0
10334.5 0
10335.5 0
10336.5 0
10337.5 -0.545455
10338.5 0
10339.5 0
10340.5 0
10341.5 0
10342.5 0
10343.5 0
10344.5 0
10345.5 0
10346.5 0
10347.5 0
10348.5 0
10349.5 0
10350.5 0
10351.5 0
10352.5 0
10353.5 0
10354.5 0
10355.5 0
10356.5 0
10357.5 0
10358.5 0
10359.5 0
10360.5 0
10361.5 0
10362.5 0
10363.5 0
10364.5 0
10365.5 0
10366.5 0
10367.5 0
10368.5 0
10369.5 0
10370.5 0
10371.5 0
10372.5 0
10373.5 0
10374.5 0
10375.5 0
10376.5 0
10377.5 0
10378.5 0
10379.5 0
10380.5 0
10381.5 0
10382.5 0
10383.5 0
10384.5 0
10385.5 0
10386.5 0
10387.5 0
10388.5 0
10389.5 0
10390.5 0
10391.5 0
10392.5 0
10393.5 0
10394.5 0
10395.5 0
10396.5 0
10397.5 0
10398.5 0
10399.5 0
10400.5 0
10401.5 0
10402.5 0
10403.5 0
10404.5 0
10405.5 0
10406.5 0
10407.5 0
10408.5 0
10409.5 0
10410.5 0
10411.5 0
10412.5 0
10413.5 0
10414.5 0
10415.5 0
10416.5 0
10417.5 0
10418.5 0
10419.5 0
10420.5 0
10421.5 0
10422.5 0
10423.5 0
10424.5 0
10425.5 0
10426.5 0
10427.5 0
10428.5 0
10429.5 0
10430.5 0
10431.5 0
10432.5 0
10433.5 0
10434.5 0
10435.5 0
10436.5 0
10437.5 0
10438.5 0
10439.5 0
10440.5 0
10441.5 0
10442.5 0
10443.5 0
10444.5 0
10445.5 0
10446.5 0
10447.5 0
10448.5 0
10449.5 0
10450.5 0
10451.5 0
10452.5 0
10453.5 0
10454.5 0
10455.5 0
10456.5 0
10457.5 0
10458.5 0
10459.5 0
10460.5 0
10461.5 0
10462.5 0
10463.5 0
10464.5 0
10465.5 0
10466.5 0
10467.5 0
10468.5 0
10469.5 0
10470.5 0
10471.5 0
10472.5 0
10473.5 0
10474.5 0
10475.5 0
10476.5 0
10477.5 -0.545455
10478.5 0
10479.5 0
10480.5 0
10481.5 0
10482.5 0
10483.5 0
10484.5 0
10485.5 0
10486.5 0
10487.5 0
10488.5 0
10489.5 0
10490.5 0
10491.5 0
10492.5 0
10493.5 0
10494.5 0
10495.5 0
10496.5 0
10497.5 0
10498.5 0
10499.5 0
10500.5 0
10501.5 0
10502.5 0
10503.5 0
10504.5 0
10505.5 0
10506.5 0
10507.5 0
10508.5 0
10509.5 0
10510.5 0
10511.5 0
10512.5 0
10513.5 0
10514.5 0
10515.5 0
10516.5 0
10517.5 0
10518.5 0
10519.5 0
10520.5 0
10521.5 0
10522.5 0
10523.5 0
10524.5 0
10525.5 0
10526.5 0
10527.5 0
10528.5 0
10529.5 0
10530.5 0
10531.5 0
10532.5 0
10533.5 0
10534.5 0
10535.5 0
10536.5 0
10537.5 0
10538.5 0
10539.5 0
10540.5 0
10541.5 0
10542.5 0
10543.5 0
10544.5 0
10545.5 0
10546.5 0
10547.5 0
10548.5 0
10549.5 0
10550.5 0
10551.5 0
10552.5 0
10553.5 0
10554.5 0
10555.5 0
10556.5 0
10557.5 0
10558.5 0
10559.5 0
10560.5 0
10561.5 0
10562.5 0
10563.5 0
10564.5 0
10565.5 0
10566.5 0
10567.5 0
10568.5 0
10569.5 0
10570.5 0
10571.5 0
10572.5 0
10573.5 0
10574.5 0
10575.5 0
10576.5 0
10577.5 0
10578.5 0
10579.5 0
10580.5 0
10581.5 0
10582.5 0
10583.5 0
10584.5 0
10585.5 0
10586.5 0
10587.5 0
10588.5 0
10589.5 0
10590.5 0
10591.5 0
10592.5 0
10593.5 0
10594.5 0
10595.5 0
10596.5 0
10597.5 0
10598.5 0
10599.5 0
10600.5 0
10601.5 0
10602.5 0
10603.5 0
10604.5 0
10605.5 0
10606.5 0
10607.5 0
10608.5 0
10609.5 0
10610.5 0
10611.5 0
10612.5 0
10613.5 0
10614.5 0
10615.5 1
10616.5 0
10617.5 0
10618.5 0
10619.5 0
10620.5 0
10621.5 0
10622.5 0
10623.5 0
10624.5 0
10625.5 0
10626.5 0
10627.5 0
10628.5 0
10629.5 0
10630.5 0
10631.5 0
10632.5 0
10633.5 0
10634.5 0
10635.5 0
10636.5 0
10637.5 0
10638.5 0
10639.5 0
10640.5 0
10641.5 0
10642.5 0
10643.5 0
10644.5 0
10645.5 0
10646.5 0
10647.5 0
10648.5 0
10649.5 0
10650.5 0
10651.5 0
10652.5 0
10653.5 0
10654.5 0
10655.5 0
10656.5 0
10657.5 0
10658.5 0
10659.5 0
10660.5 0
10661.5 0
10662.5 0
10663.5 0
10664.5 0
10665.5 0
10666.5 0
10667.5 0
10668.5 0
10669.5 0
10670.5 0
10671.5 0
10672.5 0
10673.5 0
10674.5 0
10675.5 0
10676.5 0
10677.5 0
10678.5 0
10679.5 0
10680.5 0
10681.5 0
10682.5 0
10683.5 0
10684.5 0
10685.5 0
10686.5 0
10687.5 0
10688.5 0
10689.5 0
10690.5 0
10691.5 0
10692.5 0
10693.5 0
10694.5 0
10695.5 0
10696.5 0
10697.5 0
10698.5 0
10699.5 0
10700.5 0
10701.5 0
10702.5 0
10703.5 0
10704.5 0
10705.5 0
10706.5 0
10707.5 0
10708.5 0
10709.5 0
10710.5 0
10711.5 0
10712.5 0
10713.5 0
10714.5 0
10715.5 0
10716.5 0
10717.5 0
10718.5 0
10719.5 0
10720.5 0
10721.5 0
10722.5 0
10723.5 0
10724.5 0
10725.5 0
10726.5 0
10727.5 0
10728.5 0
10729.5 0
10730.5 0
10731.5 0
10732.5 0
10733.5 0
10734.5 0
10735.5 0
10736.5 0
10737.5 0
10738.5 0
10739.5 0
10740.5 0
10741.5 0
10742.5 0
10743.5 0
10744.5 0
10745.5 0
10746.5 0
10747.5 0
10748.5 0
10749.5 0
10750.5 0
10751.5 0
10752.5 0
10753.5 0
10754.5 0
10755.5 0
10756.5 1
10757.5 0
10758.5 0
10759.5 0
10760.5 0
10761.5 0
10762.5 0
10763.5 0
10764.5 0
10765.5 0
10766.5 0
10767.5 0
10768.5 0
10769.5 0
10770.5 0
10771.5 0
10772.5 0
10773.5 0
10774.5 0
10775.5 0
10776.5 0
10777.5 0
10778.5 0
10779.5 0
10780.5 0
10781.5 0
10782.5 0
10783.5 0
10784.5 0
10785.5 0
10786.5 0
10787.5 0
10788.5 0
10789.5 0
10790.5 0
10791.5 0
10792.5 0
10793.5 0
10794.5 0
10795.5 0
10796.5 0
10797.5 0
10798.5 0
10799.5 0
10800.5 0
10801.5 0
10802.5 0
10803.5 0
10804.5 0
10805.5 0
10806.5 0
10807.5 0
10808.5 0
10809.5 0
10810.5 0
10811.5 0
10812.5 0
10813.5 0
10814.5 0
10815.5 0
10816.5 0
10817.5 0
10818.5 0
10819.5 0
10820.5 0
10821.5 0
10822.5 0
10823.5 0
10824.5 0
10825.5 0
10826.5 0
10827.5 0
10828.5 0
10829.5 0
10830.5 0
10831.5 0
10832.5 0
10833.5 0
10834.5 0
10835.5 0
10836.5 0
10837.5 0
10838.5 0
10839.5 0
10840.5 0
10841.5 0
10842.5 0
10843.5 0
10844.5 0
10845.5 0
10846.5 0
10847.5 0
10848.5 0
10849.5 0
10850.5 0
10851.5 0
10852.5 0
10853.5 0
10854.5 0
10855.5 -0.545455
10856.5 0
10857.5 0
10858.5 0
10859.5 0
10860.5 0
10861.5 0
10862.5 0
10863.5 0
10864.5 0
10865.5 0
10866.5 0
10867.5 0
10868.5 0
10869.5 0
10870.5 0
10871.5 0
10872.5 0
10873.5 0
10874.5 0
10875.5 0
10876.5 0
10877.5 0
10878.5 0
10879.5 0
10880.5 0
10881.5 0
10882.5 0
10883.5 0
10884.5 0
10885.5 0
10886.5 0
10887.5 0
10888.5 0
10889.5 0
10890.5 0
10891.5 0
10892.5 0
10893.5 0
10894.5 0
10895.5 0
10896.5 0
10897.5 0
10898.5 0
10899.5 0
10900.5 0
10901.5 0
10902.5 0
10903.5 0
10904.5 0
10905.5 0
10906.5 0
10907.5 0
10908.5 0
10909.5 0
10910.5 0
10911.5 0
10912.5 0
10913.5 0
10914.5 0
10915.5 0
10916.5 0
10917.5 0
10918.5 0
10919.5 0
10920.5 0
10921.5 0
10922.5 0
10923.5 0
10924.5 0
10925.5 0
10926.5 0
10927.5 0
10928.5 0
10929.5 0
10930.5 0
10931.5 0
10932.5 0
10933.5 0
10934.5 0
10935.5 0
10936.5 0
10937.5 0
10938.5 0
10939.5 0
10940.5 0
10941.5 0
10942.5 0
10943.5 0
10944.5 0
10945.5 0
10946.5 0
10947.5 0
10948.5 0
10949.5 0
10950.5 0
10951.5 0
10952.5 0
10953.5 0
10954.5 0
10955.5 0
10956.5 0
10957.5 0
10958.5 0
10959.5 0
10960.5 0
10961.5 0
10962.5 0
10963.5 0
10964.5 0
10965.5 -0.545455
10966.5 0
10967.5 0
10968.5 0
10969.5 0
10970.5 0
10971.5 0
10972.5 0
10973.5 0
10974.5 0
10975.5 0
10976.5 0
10977.5 0
10978.5 0
10979.5 0
10980.5 0
10981.5 0
10982.5 0
10983.5 0
10984.5 0
10985.5 0
10986.5 0
10987.5 0
10988.5 0
10989.5 0
10990.5 0
10991.5 0
10992.5 0
10993.5 0
10994.5 0
10995.5 0
10996.5 0
10997.5 0
10998.5 0
10999.5 0
11000.5 0
11001.5 0
11002.5 0
11003.5 0
11004.5 0
11005.5 0
11006.5 0
11007.5 0
11008.5 0
11009.5 0
11010.5 0
11011.5 0
11012.5 0
11013.5 0
11014.5 0
11015.5 0
11016.5 0
11017.5 0
11018.5 0
11019.5 0
11020.5 0
11021.5 0
11022.5 0
11023.5 0
11024.5 0
11025.5 0
11026.5 0
11027.5 0
11028.5 0
11029.5 0
11030.5 0
11031.5 0
11032.5 0
11033.5 0
11034.5 0
11035.5 0
11036.5 0
11037.5 0
11038.5 0
11039.5 0
11040.5 0
11041.5 0
11042.5 0
11043.5 0
11044.5 0
11045.5 0
11046.5 0
11047.5 0
11048.5 0
11049.5 0
11050.5 0
11051.5 0
11052.5 0
11053.5 0
11054.5 0
11055.5 0
11056.5 0
11057.5 0
11058.5 0
11059.5 0
11060.5 0
11061.5 0
11062.5 0
11063.5 0
11064.5 0
11065.5 0
11066.5 0
11067.5 0
11068.5 0
11069.5 0
11070.5 0
11071.5 0
11072.5 0
11073.5 0
11074.5 0
11075.5 0
11076.5 0
11077.5 0
11078.5 0
11079.5 0
11080.5 0
11081.5 0
11082.5 0
11083.5 0
11084.5 0
11085.5 0
11086.5 0
11087.5 0
11088.5 0
11089.5 0
11090.5 0
11091.5 0
11092.5 0
11093.5 0
11094.5 0
11095.5 0
11096.5 0
11097.5 0
11098.5 0
11099.5 0
11100.5 0
11101.5 0
11102.5 0
11103.5 0
11104.5 0
11105.5 0
11106.5 0
11107.5 0
11108.5 0
11109.5 0
11110.5 0
11111.5 0
11112.5 0
11113.5 0
11114.5 0
11115.5 0
11116.5 0
11117.5 0
11118.5 0
11119.5 0
11120.5 0
11121.5 0
11122.5 0
11123.5 0
11124.5 0
11125.5 0
11126.5 0
11127.5 0
11128.5 0
11129.5 0
11130.5 0
11131.5 0
11132.5 0
11133.5 0
11134.5 0
11135.5 0
11136.5 0
11137.5 0
11138.5 0
11139.5 0
11140.5 0
11141.5 0
11142.5 0
11143.5 0
11144.5 0
11145.5 0
11146.5 0
11147.5 0
11148.5 0
11149.5 0
11150.5 0
11151.5 0
11152.5 0
11153.5 0
11154.5 0
11155.5 0
11156.5 0
11157.5 0
11158.5 0
11159.5 0
11160.5 0
11161.5 0
11162.5 0
11163.5 0
11164.5 0
11165.5 0
11166.5 0
11167.5 0
11168.5 0
11169.5 0
11170.5 0
11171.5 0
11172.5 0
11173.5 0
11174.5 0
11175.5 0
11176.5 0
11177.5 0
11178.5 0
11179.5 0
11180.5 0
11181.5 0
11182.5 0
11183.5 0
11184.5 0
11185.5 0
11186.5 0
11187.5 0
11188.5 0
11189.5 0
11190.5 0
11191.5 0
11192.5 0
11193.5 0
11194.5 0
11195.5 0
11196.5 0
11197.5 0
11198.5 0
11199.5 0
11200.5 0
11201.5 0
11202.5 0
11203.5 0
11204.5 0
11205.5 0
11206.5 0
11207.5 0
11208.5 0
11209.5 0
11210.5 0
11211.5 0
11212.5 0
11213.5 0
11214.5 0
11215.5 0
11216.5 0
11217.5 0
11218.5 0
11219.5 0
11220.5 0
11221.5 0
11222.5 0
11223.5 0
11224.5 0
11225.5 0
11226.5 0
11227.5 0
11228.5 0
11229.5 0
11230.5 0
11231.5 0
11232.5 0
11233.5 0
11234.5 0
11235.5 0
11236.5 0
11237.5 0
11238.5 0
11239.5 0
11240.5 0
11241.5 0
11242.5 0
11243.5 0
11244.5 0
11245.5 0
11246.5 0
11247.5 0
11248.5 0
11249.5 0
11250.5 0
11251.5 0
11252.5 0
11253.5 0
11254.5 0
11255.5 0
11256.5 0
11257.5 0
11258.5 0
11259.5 0
11260.5 0
11261.5 0
11262.5 0
11263.5 0
11264.5 0
11265.5 0
11266.5 0
11267.5 0
11268.5 0
11269.5 0
11270.5 0
11271.5 0
11272.5 0
11273.5 0
11274.5 0
11275.5 0
11276.5 0
11277.5 0
11278.5 0
11279.5 0
11280.5 0
11281.5 0
11282.5 0
11283.5 0
11284.5 0
11285.5 0
11286.5 0
11287.5 0
11288.5 0
11289.5 0
11290.5 0
11291.5 0
11292.5 0
11293.5 0
11294.5 0
11295.5 0
11296.5 0
11297.5 0
11298.5 0
11299.5 0
11300.5 0
11301.5 0
11302.5 0
11303.5 0
11304.5 0
11305.5 0
11306.5 0
11307.5 0
11308.5 0
11309.5 0
11310.5 0
11311.5 0
11312.5 0
11313.5 0
11314.5 0
11315.5 0
11316.5 0
11317.5 0
11318.5 0
11319.5 0
11320.5 0
11321.5 0
11322.5 0
11323.5 0
11324.5 0
11325.5 0
11326.5 0
11327.5 0
11328.5 0
11329.5 0
11330.5 0
11331.5 0
11332.5 0
11333.5 0
11334.5 0
11335.5 0
11336.5 0
11337.5 0
11338.5 0
11339.5 0
11340.5 0
11341.5 0
11342.5 0
11343.5 0
11344.5 0
11345.5 0
11346.5 0
11347.5 0
11348.5 0
11349.5 0
11350.5 0
11351.5 0
11352.5 0
11353.5 0
11354.5 0
11355.5 0
11356.5 0
11357.5 0
11358.5 0
11359.5 0
11360.5 0
11361.5 0
11362.5 0
11363.5 0
11364.5 0
11365.5 0
11366.5 0
11367.5 0
11368.5 0
11369.5 0
11370.5 0
11371.5 0
11372.5 0
11373.5 0
11374.5 0
11375.5 0
11376.5 0
11377.5 0
11378.5 0
11379.5 0
11380.5 0
11381.5 0
11382.5 0
11383.5 0
11384.5 0
11385.5 0
11386.5 0
11387.5 0
11388.5 0
11389.5 0
11390.5 0
11391.5 0
11392.5 0
11393.5 0
11394.5 0
11395.5 0
11396.5 0
11397.5 0
11398.5 0
11399.5 0
11400.5 0
11401.5 0
11402.5 0
11403.5 0
11404.5 0
11405.5 0
11406.5 0
11407.5 0
11408.5 0
11409.5 0
11410.5 0
11411.5 0
11412.5 0
11413.5 0
11414.5 0
11415.5 0
11416.5 0
11417.5 0
11418.5 0
11419.5 0
11420.5 0
11421.5 0
11422.5 0
11423.5 0
11424.5 0
11425.5 0
11426.5 0
11427.5 0
11428.5 0
11429.5 0
11430.5 0
11431.5 0
11432.5 0
11433.5 0
11434.5 0
11435.5 0
11436.5 0
11437.5 0
11438.5 0
11439.5 0
11440.5 0
11441.5 0
11442.5 0
11443.5 0
11444.5 0
11445.5 0
11446.5 0
11447.5 0
11448.5 0
11449.5 0
11450.5 0
11451.5 0
11452.5 0
11453.5 0
11454.5 0
11455.5 0
11456.5 0
11457.5 0
11458.5 0
11459.5 0
11460.5 0
11461.5 0
11462.5 0
11463.5 0
11464.5 0
11465.5 0
11466.5 0
11467.5 0
11468.5 0
11469.5 0
11470.5 0
11471.5 0
11472.5 0
11473.5 0
11474.5 0
11475.5 0
11476.5 0
11477.5 0
11478.5 0
11479.5 0
11480.5 0
11481.5 0
11482.5 0
11483.5 0
11484.5 0
11485.5 0
11486.5 0
11487.5 0
11488.5 0
11489.5 0
11490.5 0
11491.5 0
11492.5 0
11493.5 0
11494.5 0
11495.5 0
11496.5 0
11497.5 0
11498.5 0
11499.5 0
11500.5 0
11501.5 0
11502.5 0
11503.5 0
11504.5 0
11505.5 0
11506.5 0
11507.5 0
11508.5 0
11509.5 0
11510.5 0
11511.5 0
11512.5 0
11513.5 0
11514.5 0
11515.5 0
11516.5 0
11517.5 0
11518.5 0
11519.5 0
11520.5 0
11521.5 0
11522.5 0
11523.5 0
11524.5 0
11525.5 0
11526.5 0
11527.5 0
11528.5 0
11529.5 0
11530.5 1
11531.5 0
11532.5 0
11533.5 0
11534.5 0
11535.5 0
11536.5 0
11537.5 0
11538.5 0
11539.5 0
11540.5 0
11541.5 0
11542.5 0
11543.5 0
11544.5 0
11545.5 0
11546.5 0
11547.5 0
11548.5 0
11549.5 0
11550.5 0
11551.5 0
11552.5 0
11553.5 0
11554.5 0
11555.5 0
11556.5 0
11557.5 0
11558.5 0
11559.5 0
11560.5 0
11561.5 0
11562.5 0
11563.5 0
11564.5 0
11565.5 0
11566.5 0
11567.5 0
11568.5 0
11569.5 0
11570.5 0
11571.5 0
11572.5 0
11573.5 0
11574.5 0
11575.5 0
11576.5 0
11577.5 0
11578.5 0
11579.5 0
11580.5 0
11581.5 0
11582.5 0
11583.5 0
11584.5 0
11585.5 0
11586.5 0
11587.5 0
11588.5 0
11589.5 0
11590.5 0
11591.5 0
11592.5 0
11593.5 0
11594.5 0
11595.5 0
11596.5 0
11597.5 0
11598.5 0
11599.5 0
11600.5 0
11601.5 0
11602.5 0
11603.5 0
11604.5 0
11605.5 0
11606.5 0
11607.5 0
11608.5 0
11609.5 0
11610.5 0
11611.5 0
11612.5 0
11613.5 0
11614.5 0
11615.5 0
11616.5 0
11617.5 0
11618.5 0
11619.5 0
11620.5 0
11621.5 0
11622.5 0
11623.5 0
11624.5 0
11625.5 0
11626.5 0
11627.5 0
11628.5 0
11629.5 0
11630.5 0
11631.5 0
11632.5 0
11633.5 0
11634.5 0
11635.5 0
11636.5 0
11637.5 0
11638.5 0
11639.5 0
11640.5 0
11641.5 0
11642.5 0
11643.5 0
11644.5 0
11645.5 0
11646.5 0
11647.5 0
11648.5 0
11649.5 0
11650.5 0
11651.5 0
11652.5 0
11653.5 0
11654.5 0
11655.5 0
11656.5 0
11657.5 0
11658.5 0
11659.5 0
11660.5 0
11661.5 0
11662.5 0
11663.5 0
11664.5 0
11665.5 0
11666.5 0
11667.5 0
11668.5 0
11669.5 0
11670.5 0
11671.5 0
11672.5 0
11673.5 0
11674.5 0
11675.5 0
11676.5 0
11677.5 0
11678.5 0
11679.5 0
11680.5 0
11681.5 0
11682.5 0
11683.5 0
11684.5 0
11685.5 0
11686.5 0
11687.5 0
11688.5 0
11689.5 0
11690.5 0
11691.5 0
11692.5 0
11693.5 0
11694.5 0
11695.5 0
11696.5 1
11697.5 0
11698.5 0
11699.5 0
11700.5 0
11701.5 0
11702.5 0
11703.5 0
11704.5 0
11705.5 0
11706.5 0
11707.5 0
11708.5 0
11709.5 0
11710.5 0
11711.5 0
11712.5 0
11713.5 0
11714.5 0
11715.5 0
11716.5 0
11717.5 0
11718.5 0
11719.5 0
11720.5 0
11721.5 0
11722.5 0
11723.5 0
11724.5 0
11725.5 0
11726.5 0
11727.5 0
11728.5 0
11729.5 0
11730.5 0
11731.5 0
11732.5 0
11733.5 0
11734.5 0
11735.5 0
11736.5 0
11737.5 0
11738.5 0
11739.5 0
11740.5 0
11741.5 0
11742.5 0
11743.5 0
11744.5 0
11745.5 0
11746.5 0
11747.5 0
11748.5 0
11749.5 0
11750.5 0
11751.5 0
11752.5 0
11753.5 0
11754.5 0
11755.5 0
11756.5 0
11757.5 0
11758.5 0
11759.5 0
11760.5 0
11761.5 0
11762.5 0
11763.5 0
11764.5 0
11765.5 0
11766.5 0
11767.5 0
11768.5 0
11769.5 0
11770.5 0
11771.5 0
11772.5 0
11773.5 0
11774.5 0
11775.5 0
11776.5 0
11777.5 0
11778.5 0
11779.5 0
11780.5 0
11781.5 0
11782.5 0
11783.5 0
11784.5 0
11785.5 0
11786.5 0
11787.5 0
11788.5 0
11789.5 0
11790.5 0
11791.5 0
11792.5 0
11793.5 0
11794.5 0
11795.5 -0.545455
11796.5 0
11797.5 0
11798.5 0
11799.5 0
11800.5 0
11801.5 0
11802.5 0
11803.5 0
11804.5 0
11805.5 0
11806.5 0
11807.5 0
11808.5 0
11809.5 0
11810.5 0
11811.5 0
11812.5 0
11813.5 0
11814.5 0
11815.5 0
11816.5 0
11817.5 0
11818.5 0
11819.5 0
11820.5 0
11821.5 0
11822.5 0
11823.5 0
11824.5 0
11825.5 0
11826.5 0
11827.5 0
11828.5 0
11829.5 0
11830.5 0
11831.5 0
11832.5 0
11833.5 0
11834.5 0
11835.5 0
11836.5 0
11837.5 0
11838.5 0
11839.5 0
11840.5 0
11841.5 0
11842.5 0
11843.5 0
11844.5 0
11845.5 0
11846.5 0
11847.5 0
11848.5 0
11849.5 0
11850.5 0
11851.5 0
11852.5 0
11853.5 0
11854.5 0
11855.5 0
11856.5 0
11857.5 0
11858.5 0
11859.5 0
11860.5 0
11861.5 0
11862.5 0
11863.5 0
11864.5 0
11865.5 0
11866.5 0
11867.5 0
11868.5 0
11869.5 0
11870.5 0
11871.5 0
11872.5 0
11873.5 0
11874.5 0
11875.5 0
11876.5 0
11877.5 0
11878.5 0
11879.5 0
11880.5 0
11881.5 0
11882.5 0
11883.5 0
11884.5 0
11885.5 0
11886.5 0
11887.5 0
11888.5 0
11889.5 0
11890.5 0
11891.5 0
11892.5 0
11893.5 0
11894.5 0
11895.5 0
11896.5 0
11897.5 0
11898.5 0
11899.5 0
11900.5 0
11901.5 0
11902.5 0
11903.5 0
11904.5 0
11905.5 0
11906.5 0
11907.5 0
11908.5 0
11909.5 0
11910.5 0
11911.5 0
11912.5 0
11913.5 0
11914.5 0
11915.5 0
11916.5 0
11917.5 0
11918.5 0
11919.5 0
11920.5 0
11921.5 0
11922.5 0
11923.5 0
11924.5 0
11925.5 0
11926.5 0
11927.5 0
11928.5 0
11929.5 0
11930.5 0
11931.5 0
11932.5 0
11933.5 0
11934.5 0
11935.5 0
11936.5 0
11937.5 0
11938.5 0
11939.5 0
11940.5 0
11941.5 0
11942.5 0
11943.5 0
11944.5 0
11945.5 0
11946.5 0
11947.5 0
11948.5 0
11949.5 0
11950.5 0
11951.5 0
11952.5 0
11953.5 0
11954.5 0
11955.5 0
11956.5 0
11957.5 0
11958.5 0
11959.5 0
11960.5 0
11961.5 0
11962.5 0
11963.5 0
11964.5 0
11965.5 0
11966.5 0
11967.5 0
11968.5 0
11969.5 0
11970.5 0
11971.5 0
11972.5 0
11973.5 0
11974.5 0
11975.5 0
11976.5 0
11977.5 0
11978.5 0
11979.5 0
11980.5 0
11981.5 0
11982.5 0
11983.5 0
11984.5 -0.545455
11985.5 0
11986.5 0
11987.5 0
11988.5 0
11989.5 0
11990.5 0
11991.5 0
11992.5 0
11993.5 0
11994.5 0
11995.5 0
11996.5 0
11997.5 0
11998.5 0
11999.5 0
