# EGG_ProjY_E2736.0(3.0)_B2701.5(1.5)_B2771.5(1.5)
# X axis : Energy (keV) [Y axis]
# Y axis : Counts/1 keV
# N Bins : 12000
# X Min : 0
# X Max : 12000
# X value at the center of the bins
0.5 0
1.5 0
2.5 0
3.5 0
4.5 0
5.5 -2
6.5 8
7.5 7
8.5 2
9.5 -4
10.5 12
11.5 1
12.5 0
13.5 -1
14.5 5
15.5 1
16.5 -37
17.5 38
18.5 34
19.5 75
20.5 41
21.5 -17
22.5 81
23.5 103
24.5 49
25.5 50
26.5 12
27.5 35
28.5 72
29.5 32
30.5 49
31.5 72
32.5 71
33.5 125
34.5 105
35.5 102
36.5 18
37.5 72
38.5 20
39.5 133
40.5 59
41.5 -108
42.5 -16
43.5 -30
44.5 40
45.5 129
46.5 206
47.5 102
48.5 -111
49.5 63
50.5 103
51.5 92
52.5 71
53.5 21
54.5 197
55.5 -18
56.5 191
57.5 59
58.5 48
59.5 195
60.5 212
61.5 46
62.5 95
63.5 -44
64.5 127
65.5 91
66.5 58
67.5 -39
68.5 107
69.5 80
70.5 70
71.5 82
72.5 -17
73.5 95
74.5 105
75.5 182
76.5 162
77.5 148
78.5 -41
79.5 1
80.5 -156
81.5 3
82.5 31
83.5 22
84.5 110
85.5 75
86.5 100
87.5 225
88.5 -76
89.5 184
90.5 65
91.5 -34
92.5 -8
93.5 117
94.5 151
95.5 26
96.5 -3
97.5 90
98.5 -69
99.5 42
100.5 -24
101.5 17
102.5 77
103.5 29
104.5 145
105.5 214
106.5 142
107.5 181
108.5 269
109.5 228
110.5 222
111.5 295
112.5 36
113.5 50
114.5 87
115.5 70
116.5 90
117.5 175
118.5 -5
119.5 60
120.5 111
121.5 186
122.5 119
123.5 126
124.5 175
125.5 149
126.5 101
127.5 172
128.5 176
129.5 93
130.5 136
131.5 250
132.5 262
133.5 44
134.5 108
135.5 190
136.5 140
137.5 35
138.5 194
139.5 16
140.5 93
141.5 52
142.5 -50
143.5 -172
144.5 -182
145.5 -39
146.5 -57
147.5 86
148.5 51
149.5 101
150.5 69
151.5 67
152.5 138
153.5 187
154.5 143
155.5 119
156.5 46
157.5 16
158.5 227
159.5 84
160.5 -1
161.5 -46
162.5 -92
163.5 -40
164.5 -19
165.5 -12
166.5 9
167.5 170
168.5 106
169.5 -62
170.5 -90
171.5 -5
172.5 56
173.5 37
174.5 105
175.5 90
176.5 -209
177.5 -20
178.5 88
179.5 280
180.5 214
181.5 79
182.5 138
183.5 215
184.5 458
185.5 191
186.5 129
187.5 156
188.5 33
189.5 90
190.5 145
191.5 251
192.5 54
193.5 123
194.5 248
195.5 56
196.5 192
197.5 334
198.5 283
199.5 350
200.5 494
201.5 286
202.5 438
203.5 365
204.5 351
205.5 369
206.5 531
207.5 614
208.5 875
209.5 975
210.5 1052
211.5 1024
212.5 830
213.5 637
214.5 404
215.5 252
216.5 313
217.5 194
218.5 217
219.5 206
220.5 187
221.5 111
222.5 167
223.5 211
224.5 -10
225.5 26
226.5 154
227.5 106
228.5 -54
229.5 0
230.5 175
231.5 -129
232.5 -137
233.5 -214
234.5 -229
235.5 -337
236.5 -147
237.5 -3
238.5 25
239.5 -2
240.5 -2
241.5 -255
242.5 -395
243.5 -778
244.5 -918
245.5 -1027
246.5 -678
247.5 -288
248.5 -138
249.5 -98
250.5 5
251.5 35
252.5 85
253.5 72
254.5 61
255.5 24
256.5 14
257.5 124
258.5 62
259.5 38
260.5 17
261.5 -38
262.5 86
263.5 159
264.5 -43
265.5 -128
266.5 168
267.5 186
268.5 249
269.5 362
270.5 398
271.5 242
272.5 216
273.5 300
274.5 265
275.5 93
276.5 118
277.5 97
278.5 26
279.5 81
280.5 88
281.5 -44
282.5 195
283.5 115
284.5 125
285.5 163
286.5 186
287.5 119
288.5 95
289.5 127
290.5 27
291.5 218
292.5 174
293.5 126
294.5 173
295.5 120
296.5 224
297.5 240
298.5 377
299.5 470
300.5 597
301.5 477
302.5 458
303.5 183
304.5 349
305.5 149
306.5 50
307.5 131
308.5 -53
309.5 107
310.5 189
311.5 138
312.5 110
313.5 70
314.5 271
315.5 332
316.5 320
317.5 258
318.5 220
319.5 128
320.5 21
321.5 25
322.5 60
323.5 22
324.5 88
325.5 29
326.5 115
327.5 92
328.5 14
329.5 48
330.5 119
331.5 17
332.5 29
333.5 28
334.5 -91
335.5 -200
336.5 -295
337.5 -178
338.5 -192
339.5 27
340.5 -95
341.5 -8
342.5 95
343.5 -5
344.5 61
345.5 -8
346.5 2
347.5 -139
348.5 -10
349.5 63
350.5 44
351.5 12
352.5 -80
353.5 10
354.5 -13
355.5 -39
356.5 190
357.5 52
358.5 62
359.5 79
360.5 108
361.5 -19
362.5 99
363.5 94
364.5 163
365.5 28
366.5 161
367.5 -14
368.5 62
369.5 -20
370.5 111
371.5 141
372.5 75
373.5 151
374.5 75
375.5 27
376.5 279
377.5 232
378.5 230
379.5 143
380.5 136
381.5 169
382.5 241
383.5 59
384.5 222
385.5 17
386.5 139
387.5 63
388.5 -8
389.5 6
390.5 49
391.5 109
392.5 98
393.5 87
394.5 42
395.5 15
396.5 115
397.5 71
398.5 -19
399.5 40
400.5 105
401.5 54
402.5 -46
403.5 -38
404.5 13
405.5 -21
406.5 50
407.5 48
408.5 53
409.5 -93
410.5 6
411.5 -14
412.5 87
413.5 74
414.5 99
415.5 -15
416.5 60
417.5 123
418.5 8
419.5 157
420.5 50
421.5 179
422.5 63
423.5 83
424.5 55
425.5 94
426.5 46
427.5 43
428.5 26
429.5 41
430.5 24
431.5 38
432.5 73
433.5 -2
434.5 62
435.5 -8
436.5 62
437.5 116
438.5 95
439.5 220
440.5 -6
441.5 142
442.5 30
443.5 97
444.5 91
445.5 116
446.5 4
447.5 38
448.5 10
449.5 98
450.5 107
451.5 18
452.5 82
453.5 108
454.5 39
455.5 62
456.5 20
457.5 81
458.5 29
459.5 95
460.5 -32
461.5 108
462.5 110
463.5 106
464.5 116
465.5 212
466.5 145
467.5 181
468.5 117
469.5 -87
470.5 45
471.5 7
472.5 -47
473.5 18
474.5 86
475.5 42
476.5 63
477.5 -66
478.5 145
479.5 77
480.5 48
481.5 49
482.5 77
483.5 72
484.5 63
485.5 15
486.5 73
487.5 14
488.5 51
489.5 104
490.5 70
491.5 -71
492.5 81
493.5 -32
494.5 -135
495.5 95
496.5 118
497.5 114
498.5 38
499.5 36
500.5 1
501.5 51
502.5 154
503.5 161
504.5 93
505.5 222
506.5 253
507.5 466
508.5 639
509.5 1097
510.5 1303
511.5 842
512.5 536
513.5 260
514.5 212
515.5 10
516.5 35
517.5 123
518.5 42
519.5 58
520.5 34
521.5 127
522.5 106
523.5 93
524.5 109
525.5 79
526.5 82
527.5 66
528.5 61
529.5 -65
530.5 -41
531.5 119
532.5 10
533.5 -64
534.5 18
535.5 -10
536.5 25
537.5 81
538.5 16
539.5 -48
540.5 122
541.5 40
542.5 -8
543.5 -24
544.5 31
545.5 28
546.5 16
547.5 14
548.5 32
549.5 38
550.5 18
551.5 -11
552.5 74
553.5 -8
554.5 43
555.5 -82
556.5 45
557.5 62
558.5 31
559.5 92
560.5 52
561.5 84
562.5 111
563.5 107
564.5 99
565.5 116
566.5 50
567.5 41
568.5 103
569.5 60
570.5 58
571.5 83
572.5 133
573.5 -15
574.5 36
575.5 42
576.5 30
577.5 23
578.5 77
579.5 26
580.5 19
581.5 61
582.5 126
583.5 -30
584.5 38
585.5 72
586.5 22
587.5 81
588.5 74
589.5 111
590.5 53
591.5 52
592.5 -61
593.5 16
594.5 -96
595.5 -92
596.5 58
597.5 33
598.5 18
599.5 27
600.5 78
601.5 -15
602.5 103
603.5 98
604.5 44
605.5 104
606.5 0
607.5 -23
608.5 -52
609.5 -38
610.5 16
611.5 -51
612.5 -28
613.5 30
614.5 5
615.5 0
616.5 44
617.5 57
618.5 -7
619.5 56
620.5 70
621.5 24
622.5 23
623.5 31
624.5 69
625.5 56
626.5 168
627.5 8
628.5 0
629.5 11
630.5 81
631.5 32
632.5 31
633.5 -13
634.5 63
635.5 62
636.5 28
637.5 21
638.5 24
639.5 61
640.5 15
641.5 -21
642.5 51
643.5 22
644.5 124
645.5 14
646.5 136
647.5 2
648.5 20
649.5 25
650.5 133
651.5 52
652.5 42
653.5 -19
654.5 -14
655.5 -71
656.5 -69
657.5 -5
658.5 35
659.5 72
660.5 64
661.5 27
662.5 121
663.5 18
664.5 21
665.5 25
666.5 87
667.5 47
668.5 87
669.5 134
670.5 127
671.5 19
672.5 6
673.5 15
674.5 -54
675.5 101
676.5 45
677.5 42
678.5 43
679.5 -23
680.5 97
681.5 18
682.5 79
683.5 -21
684.5 60
685.5 72
686.5 99
687.5 143
688.5 100
689.5 122
690.5 123
691.5 99
692.5 89
693.5 71
694.5 45
695.5 11
696.5 63
697.5 71
698.5 64
699.5 52
700.5 73
701.5 36
702.5 22
703.5 2
704.5 95
705.5 21
706.5 28
707.5 65
708.5 84
709.5 110
710.5 46
711.5 167
712.5 95
713.5 15
714.5 127
715.5 -50
716.5 142
717.5 19
718.5 -6
719.5 1
720.5 46
721.5 31
722.5 -4
723.5 -2
724.5 -46
725.5 -21
726.5 -131
727.5 -57
728.5 30
729.5 45
730.5 99
731.5 4
732.5 80
733.5 22
734.5 57
735.5 8
736.5 25
737.5 66
738.5 18
739.5 20
740.5 35
741.5 44
742.5 -28
743.5 -21
744.5 46
745.5 14
746.5 -35
747.5 86
748.5 39
749.5 140
750.5 1
751.5 96
752.5 42
753.5 101
754.5 74
755.5 79
756.5 95
757.5 63
758.5 58
759.5 242
760.5 695
761.5 772
762.5 429
763.5 32
764.5 20
765.5 76
766.5 137
767.5 47
768.5 62
769.5 30
770.5 90
771.5 93
772.5 132
773.5 74
774.5 30
775.5 -1
776.5 76
777.5 43
778.5 89
779.5 34
780.5 139
781.5 34
782.5 -28
783.5 26
784.5 -27
785.5 -84
786.5 -16
787.5 76
788.5 -48
789.5 142
790.5 33
791.5 63
792.5 -49
793.5 34
794.5 85
795.5 -21
796.5 82
797.5 55
798.5 105
799.5 47
800.5 57
801.5 115
802.5 92
803.5 8
804.5 5
805.5 -14
806.5 -29
807.5 -44
808.5 11
809.5 72
810.5 74
811.5 5
812.5 -26
813.5 49
814.5 45
815.5 27
816.5 48
817.5 65
818.5 44
819.5 54
820.5 1
821.5 76
822.5 44
823.5 31
824.5 62
825.5 60
826.5 99
827.5 116
828.5 45
829.5 27
830.5 14
831.5 87
832.5 18
833.5 46
834.5 26
835.5 11
836.5 88
837.5 63
838.5 104
839.5 28
840.5 61
841.5 43
842.5 36
843.5 16
844.5 90
845.5 86
846.5 65
847.5 22
848.5 51
849.5 60
850.5 -19
851.5 43
852.5 85
853.5 103
854.5 54
855.5 39
856.5 93
857.5 89
858.5 -9
859.5 31
860.5 61
861.5 1
862.5 3
863.5 -27
864.5 45
865.5 91
866.5 49
867.5 -73
868.5 6
869.5 -112
870.5 63
871.5 9
872.5 60
873.5 25
874.5 15
875.5 -11
876.5 15
877.5 -86
878.5 26
879.5 -3
880.5 115
881.5 147
882.5 56
883.5 25
884.5 88
885.5 91
886.5 -1
887.5 88
888.5 60
889.5 -28
890.5 96
891.5 91
892.5 51
893.5 81
894.5 111
895.5 92
896.5 74
897.5 43
898.5 70
899.5 88
900.5 70
901.5 94
902.5 108
903.5 -12
904.5 145
905.5 112
906.5 44
907.5 61
908.5 44
909.5 98
910.5 47
911.5 116
912.5 -55
913.5 33
914.5 66
915.5 158
916.5 76
917.5 97
918.5 80
919.5 89
920.5 35
921.5 43
922.5 62
923.5 13
924.5 15
925.5 26
926.5 42
927.5 58
928.5 -9
929.5 60
930.5 64
931.5 114
932.5 -4
933.5 51
934.5 124
935.5 5
936.5 19
937.5 115
938.5 85
939.5 29
940.5 76
941.5 48
942.5 15
943.5 150
944.5 80
945.5 32
946.5 137
947.5 48
948.5 42
949.5 62
950.5 82
951.5 29
952.5 43
953.5 -1
954.5 51
955.5 58
956.5 51
957.5 38
958.5 30
959.5 14
960.5 64
961.5 79
962.5 110
963.5 100
964.5 144
965.5 95
966.5 290
967.5 216
968.5 -15
969.5 43
970.5 2
971.5 -67
972.5 13
973.5 20
974.5 67
975.5 89
976.5 67
977.5 6
978.5 41
979.5 -9
980.5 10
981.5 34
982.5 91
983.5 -10
984.5 64
985.5 54
986.5 3
987.5 103
988.5 50
989.5 33
990.5 15
991.5 42
992.5 15
993.5 26
994.5 26
995.5 10
996.5 28
997.5 69
998.5 -12
999.5 -5
1000.5 67
1001.5 -142
1002.5 59
1003.5 93
1004.5 71
1005.5 76
1006.5 28
1007.5 7
1008.5 38
1009.5 44
1010.5 70
1011.5 66
1012.5 69
1013.5 12
1014.5 0
1015.5 28
1016.5 77
1017.5 -35
1018.5 -12
1019.5 -9
1020.5 8
1021.5 40
1022.5 33
1023.5 15
1024.5 3
1025.5 83
1026.5 19
1027.5 80
1028.5 -18
1029.5 -7
1030.5 -1
1031.5 13
1032.5 47
1033.5 -3
1034.5 46
1035.5 39
1036.5 45
1037.5 66
1038.5 55
1039.5 83
1040.5 22
1041.5 9
1042.5 58
1043.5 3
1044.5 -19
1045.5 73
1046.5 19
1047.5 48
1048.5 19
1049.5 168
1050.5 229
1051.5 34
1052.5 33
1053.5 39
1054.5 39
1055.5 48
1056.5 87
1057.5 45
1058.5 10
1059.5 89
1060.5 -33
1061.5 -7
1062.5 -18
1063.5 -32
1064.5 64
1065.5 -9
1066.5 34
1067.5 35
1068.5 49
1069.5 7
1070.5 4
1071.5 32
1072.5 416
1073.5 879
1074.5 964
1075.5 461
1076.5 144
1077.5 38
1078.5 44
1079.5 -27
1080.5 34
1081.5 9
1082.5 22
1083.5 17
1084.5 -16
1085.5 40
1086.5 52
1087.5 66
1088.5 2
1089.5 19
1090.5 18
1091.5 -69
1092.5 -7
1093.5 37
1094.5 -8
1095.5 -31
1096.5 -12
1097.5 11
1098.5 -22
1099.5 11
1100.5 20
1101.5 30
1102.5 -10
1103.5 28
1104.5 12
1105.5 28
1106.5 29
1107.5 82
1108.5 83
1109.5 9
1110.5 25
1111.5 42
1112.5 42
1113.5 35
1114.5 0
1115.5 -2
1116.5 69
1117.5 -9
1118.5 25
1119.5 42
1120.5 -40
1121.5 12
1122.5 -8
1123.5 73
1124.5 115
1125.5 1279
1126.5 691
1127.5 377
1128.5 106
1129.5 71
1130.5 42
1131.5 -6
1132.5 -3
1133.5 3
1134.5 -17
1135.5 5
1136.5 34
1137.5 -9
1138.5 48
1139.5 1
1140.5 2
1141.5 2
1142.5 -17
1143.5 -22
1144.5 26
1145.5 -32
1146.5 57
1147.5 -3
1148.5 33
1149.5 87
1150.5 51
1151.5 -13
1152.5 45
1153.5 63
1154.5 346
1155.5 1274
1156.5 2032
1157.5 2454
1158.5 1269
1159.5 290
1160.5 57
1161.5 41
1162.5 40
1163.5 -29
1164.5 47
1165.5 41
1166.5 -32
1167.5 34
1168.5 49
1169.5 -29
1170.5 57
1171.5 -3
1172.5 -3
1173.5 -18
1174.5 -31
1175.5 13
1176.5 -13
1177.5 -22
1178.5 -4
1179.5 32
1180.5 23
1181.5 10
1182.5 -32
1183.5 -32
1184.5 -5
1185.5 -26
1186.5 -6
1187.5 36
1188.5 5
1189.5 37
1190.5 19
1191.5 4
1192.5 10
1193.5 14
1194.5 47
1195.5 33
1196.5 -30
1197.5 -10
1198.5 -14
1199.5 41
1200.5 45
1201.5 6
1202.5 -40
1203.5 13
1204.5 29
1205.5 0
1206.5 -13
1207.5 -8
1208.5 27
1209.5 19
1210.5 0
1211.5 -10
1212.5 7
1213.5 17
1214.5 6
1215.5 78
1216.5 -40
1217.5 -24
1218.5 66
1219.5 -6
1220.5 26
1221.5 141
1222.5 154
1223.5 101
1224.5 13
1225.5 1
1226.5 -19
1227.5 4
1228.5 -5
1229.5 16
1230.5 22
1231.5 22
1232.5 -4
1233.5 24
1234.5 43
1235.5 -9
1236.5 35
1237.5 5
1238.5 -4
1239.5 35
1240.5 7
1241.5 24
1242.5 -32
1243.5 9
1244.5 -14
1245.5 2
1246.5 25
1247.5 -11
1248.5 -21
1249.5 37
1250.5 -38
1251.5 21
1252.5 23
1253.5 0
1254.5 18
1255.5 -3
1256.5 -29
1257.5 11
1258.5 -6
1259.5 13
1260.5 -3
1261.5 -13
1262.5 -26
1263.5 50
1264.5 19
1265.5 -34
1266.5 -44
1267.5 -5
1268.5 3
1269.5 -20
1270.5 27
1271.5 -43
1272.5 -20
1273.5 19
1274.5 -9
1275.5 -2
1276.5 2
1277.5 19
1278.5 33
1279.5 -16
1280.5 13
1281.5 1
1282.5 43
1283.5 28
1284.5 1
1285.5 63
1286.5 30
1287.5 18
1288.5 -13
1289.5 9
1290.5 10
1291.5 -13
1292.5 32
1293.5 42
1294.5 13
1295.5 6
1296.5 -5
1297.5 -21
1298.5 -9
1299.5 32
1300.5 11
1301.5 30
1302.5 27
1303.5 -15
1304.5 58
1305.5 3
1306.5 4
1307.5 49
1308.5 -27
1309.5 21
1310.5 34
1311.5 -18
1312.5 20
1313.5 34
1314.5 28
1315.5 16
1316.5 33
1317.5 2
1318.5 13
1319.5 -10
1320.5 4
1321.5 5
1322.5 48
1323.5 15
1324.5 13
1325.5 5
1326.5 -17
1327.5 -9
1328.5 -25
1329.5 67
1330.5 47
1331.5 7
1332.5 41
1333.5 -18
1334.5 11
1335.5 29
1336.5 29
1337.5 -3
1338.5 31
1339.5 44
1340.5 -23
1341.5 5
1342.5 4
1343.5 2
1344.5 9
1345.5 4
1346.5 38
1347.5 -19
1348.5 -3
1349.5 11
1350.5 -37
1351.5 8
1352.5 -30
1353.5 30
1354.5 -9
1355.5 9
1356.5 2
1357.5 14
1358.5 0
1359.5 35
1360.5 -23
1361.5 13
1362.5 18
1363.5 -1
1364.5 38
1365.5 36
1366.5 -15
1367.5 12
1368.5 23
1369.5 -18
1370.5 21
1371.5 9
1372.5 20
1373.5 4
1374.5 49
1375.5 13
1376.5 19
1377.5 44
1378.5 42
1379.5 -1
1380.5 12
1381.5 36
1382.5 -11
1383.5 57
1384.5 -4
1385.5 -36
1386.5 5
1387.5 8
1388.5 -21
1389.5 -25
1390.5 11
1391.5 1
1392.5 -29
1393.5 15
1394.5 36
1395.5 -31
1396.5 -13
1397.5 -1
1398.5 40
1399.5 -12
1400.5 39
1401.5 -4
1402.5 15
1403.5 4
1404.5 -4
1405.5 18
1406.5 -8
1407.5 5
1408.5 -23
1409.5 3
1410.5 0
1411.5 18
1412.5 28
1413.5 -2
1414.5 -32
1415.5 -9
1416.5 -17
1417.5 1
1418.5 19
1419.5 -18
1420.5 -7
1421.5 2
1422.5 -3
1423.5 4
1424.5 -6
1425.5 -43
1426.5 3
1427.5 -30
1428.5 17
1429.5 55
1430.5 21
1431.5 -10
1432.5 15
1433.5 23
1434.5 33
1435.5 1
1436.5 24
1437.5 1
1438.5 21
1439.5 -17
1440.5 45
1441.5 -56
1442.5 19
1443.5 22
1444.5 43
1445.5 -44
1446.5 8
1447.5 13
1448.5 6
1449.5 28
1450.5 -3
1451.5 28
1452.5 -32
1453.5 7
1454.5 3
1455.5 -33
1456.5 13
1457.5 -1
1458.5 33
1459.5 6
1460.5 -13
1461.5 33
1462.5 5
1463.5 -27
1464.5 14
1465.5 -10
1466.5 -22
1467.5 11
1468.5 32
1469.5 -9
1470.5 14
1471.5 34
1472.5 -4
1473.5 -2
1474.5 -3
1475.5 14
1476.5 33
1477.5 41
1478.5 24
1479.5 18
1480.5 12
1481.5 17
1482.5 19
1483.5 -20
1484.5 17
1485.5 -10
1486.5 -14
1487.5 39
1488.5 19
1489.5 -3
1490.5 56
1491.5 16
1492.5 20
1493.5 3
1494.5 1
1495.5 -13
1496.5 29
1497.5 -73
1498.5 7
1499.5 24
1500.5 4
1501.5 14
1502.5 47
1503.5 41
1504.5 -3
1505.5 28
1506.5 11
1507.5 40
1508.5 47
1509.5 27
1510.5 15
1511.5 4
1512.5 -26
1513.5 -4
1514.5 22
1515.5 0
1516.5 29
1517.5 -8
1518.5 -9
1519.5 -1
1520.5 -1
1521.5 51
1522.5 21
1523.5 56
1524.5 57
1525.5 73
1526.5 94
1527.5 32
1528.5 18
1529.5 36
1530.5 -34
1531.5 -5
1532.5 -8
1533.5 23
1534.5 38
1535.5 -21
1536.5 9
1537.5 45
1538.5 66
1539.5 25
1540.5 -11
1541.5 -9
1542.5 7
1543.5 -4
1544.5 24
1545.5 10
1546.5 -5
1547.5 -42
1548.5 -11
1549.5 14
1550.5 -8
1551.5 -9
1552.5 36
1553.5 -14
1554.5 -17
1555.5 2
1556.5 13
1557.5 -2
1558.5 32
1559.5 -12
1560.5 -7
1561.5 22
1562.5 -14
1563.5 6
1564.5 22
1565.5 -6
1566.5 10
1567.5 2
1568.5 4
1569.5 7
1570.5 1
1571.5 11
1572.5 9
1573.5 -13
1574.5 18
1575.5 37
1576.5 28
1577.5 6
1578.5 18
1579.5 -20
1580.5 29
1581.5 -22
1582.5 40
1583.5 -11
1584.5 -20
1585.5 10
1586.5 -4
1587.5 -11
1588.5 -2
1589.5 18
1590.5 13
1591.5 17
1592.5 10
1593.5 -15
1594.5 -4
1595.5 -20
1596.5 70
1597.5 -6
1598.5 0
1599.5 -11
1600.5 32
1601.5 -14
1602.5 -50
1603.5 -2
1604.5 26
1605.5 -2
1606.5 -37
1607.5 -17
1608.5 4
1609.5 0
1610.5 -9
1611.5 42
1612.5 9
1613.5 -17
1614.5 47
1615.5 -2
1616.5 14
1617.5 14
1618.5 -19
1619.5 35
1620.5 13
1621.5 15
1622.5 -30
1623.5 -15
1624.5 18
1625.5 -21
1626.5 4
1627.5 -42
1628.5 11
1629.5 15
1630.5 47
1631.5 25
1632.5 49
1633.5 -4
1634.5 2
1635.5 29
1636.5 16
1637.5 7
1638.5 25
1639.5 26
1640.5 -17
1641.5 32
1642.5 30
1643.5 -7
1644.5 -22
1645.5 29
1646.5 15
1647.5 14
1648.5 40
1649.5 23
1650.5 6
1651.5 -16
1652.5 25
1653.5 15
1654.5 26
1655.5 14
1656.5 52
1657.5 39
1658.5 5
1659.5 12
1660.5 23
1661.5 1
1662.5 7
1663.5 8
1664.5 -16
1665.5 -7
1666.5 20
1667.5 87
1668.5 -2
1669.5 12
1670.5 2
1671.5 -15
1672.5 11
1673.5 -3
1674.5 -24
1675.5 -8
1676.5 -3
1677.5 20
1678.5 16
1679.5 34
1680.5 28
1681.5 16
1682.5 11
1683.5 23
1684.5 40
1685.5 8
1686.5 -23
1687.5 24
1688.5 3
1689.5 12
1690.5 3
1691.5 22
1692.5 -8
1693.5 10
1694.5 22
1695.5 9
1696.5 34
1697.5 33
1698.5 31
1699.5 5
1700.5 35
1701.5 43
1702.5 1
1703.5 1
1704.5 6
1705.5 22
1706.5 41
1707.5 22
1708.5 -13
1709.5 -9
1710.5 1
1711.5 -22
1712.5 2
1713.5 18
1714.5 12
1715.5 -22
1716.5 -4
1717.5 8
1718.5 75
1719.5 33
1720.5 20
1721.5 19
1722.5 -5
1723.5 45
1724.5 23
1725.5 55
1726.5 40
1727.5 -17
1728.5 20
1729.5 39
1730.5 31
1731.5 0
1732.5 27
1733.5 -7
1734.5 -9
1735.5 44
1736.5 79
1737.5 16
1738.5 -14
1739.5 39
1740.5 -7
1741.5 -29
1742.5 3
1743.5 3
1744.5 27
1745.5 15
1746.5 -34
1747.5 4
1748.5 21
1749.5 -14
1750.5 22
1751.5 19
1752.5 -18
1753.5 12
1754.5 -1
1755.5 18
1756.5 -22
1757.5 -2
1758.5 -1
1759.5 31
1760.5 -5
1761.5 -8
1762.5 -30
1763.5 -3
1764.5 40
1765.5 8
1766.5 13
1767.5 13
1768.5 36
1769.5 -34
1770.5 17
1771.5 -16
1772.5 36
1773.5 20
1774.5 0
1775.5 -5
1776.5 48
1777.5 32
1778.5 25
1779.5 0
1780.5 67
1781.5 12
1782.5 -16
1783.5 6
1784.5 26
1785.5 40
1786.5 -5
1787.5 -11
1788.5 -18
1789.5 -10
1790.5 4
1791.5 7
1792.5 10
1793.5 7
1794.5 -15
1795.5 19
1796.5 -33
1797.5 0
1798.5 -24
1799.5 25
1800.5 14
1801.5 3
1802.5 1
1803.5 12
1804.5 0
1805.5 -18
1806.5 31
1807.5 -5
1808.5 13
1809.5 -23
1810.5 -24
1811.5 20
1812.5 23
1813.5 12
1814.5 18
1815.5 -7
1816.5 29
1817.5 -49
1818.5 -6
1819.5 -38
1820.5 -10
1821.5 21
1822.5 -35
1823.5 26
1824.5 -27
1825.5 14
1826.5 -18
1827.5 9
1828.5 -16
1829.5 -16
1830.5 6
1831.5 48
1832.5 -4
1833.5 8
1834.5 -9
1835.5 -13
1836.5 14
1837.5 23
1838.5 29
1839.5 7
1840.5 15
1841.5 25
1842.5 2
1843.5 -22
1844.5 4
1845.5 6
1846.5 9
1847.5 14
1848.5 34
1849.5 36
1850.5 -20
1851.5 -26
1852.5 -5
1853.5 -7
1854.5 21
1855.5 38
1856.5 2
1857.5 38
1858.5 8
1859.5 -2
1860.5 3
1861.5 -22
1862.5 37
1863.5 -3
1864.5 33
1865.5 9
1866.5 16
1867.5 14
1868.5 36
1869.5 19
1870.5 7
1871.5 26
1872.5 6
1873.5 -6
1874.5 -6
1875.5 -9
1876.5 2
1877.5 -34
1878.5 -28
1879.5 17
1880.5 -1
1881.5 15
1882.5 46
1883.5 -3
1884.5 -12
1885.5 223
1886.5 237
1887.5 338
1888.5 236
1889.5 66
1890.5 66
1891.5 -2
1892.5 36
1893.5 29
1894.5 7
1895.5 19
1896.5 -36
1897.5 0
1898.5 -12
1899.5 -14
1900.5 23
1901.5 7
1902.5 -5
1903.5 9
1904.5 16
1905.5 -9
1906.5 14
1907.5 15
1908.5 24
1909.5 0
1910.5 72
1911.5 79
1912.5 43
1913.5 34
1914.5 3
1915.5 -1
1916.5 34
1917.5 17
1918.5 7
1919.5 -10
1920.5 -1
1921.5 27
1922.5 -9
1923.5 15
1924.5 11
1925.5 -5
1926.5 24
1927.5 3
1928.5 38
1929.5 -24
1930.5 29
1931.5 14
1932.5 -9
1933.5 32
1934.5 -15
1935.5 -5
1936.5 10
1937.5 19
1938.5 5
1939.5 -2
1940.5 20
1941.5 51
1942.5 32
1943.5 92
1944.5 4
1945.5 56
1946.5 16
1947.5 -24
1948.5 12
1949.5 20
1950.5 37
1951.5 42
1952.5 9
1953.5 10
1954.5 29
1955.5 10
1956.5 -7
1957.5 19
1958.5 -18
1959.5 18
1960.5 27
1961.5 4
1962.5 -4
1963.5 20
1964.5 6
1965.5 3
1966.5 19
1967.5 10
1968.5 -6
1969.5 -13
1970.5 7
1971.5 -19
1972.5 11
1973.5 -22
1974.5 -31
1975.5 13
1976.5 -20
1977.5 15
1978.5 5
1979.5 -18
1980.5 14
1981.5 -9
1982.5 14
1983.5 12
1984.5 -9
1985.5 5
1986.5 -4
1987.5 -15
1988.5 29
1989.5 13
1990.5 -23
1991.5 24
1992.5 -29
1993.5 25
1994.5 42
1995.5 26
1996.5 -1
1997.5 1
1998.5 34
1999.5 -4
2000.5 -1
2001.5 22
2002.5 37
2003.5 29
2004.5 22
2005.5 -33
2006.5 18
2007.5 -30
2008.5 -39
2009.5 -61
2010.5 -39
2011.5 -37
2012.5 33
2013.5 6
2014.5 3
2015.5 23
2016.5 25
2017.5 36
2018.5 31
2019.5 12
2020.5 -13
2021.5 16
2022.5 17
2023.5 20
2024.5 18
2025.5 1
2026.5 -12
2027.5 15
2028.5 5
2029.5 26
2030.5 -22
2031.5 20
2032.5 12
2033.5 30
2034.5 -5
2035.5 -10
2036.5 21
2037.5 34
2038.5 18
2039.5 20
2040.5 42
2041.5 12
2042.5 2
2043.5 -7
2044.5 -4
2045.5 0
2046.5 16
2047.5 12
2048.5 -6
2049.5 -23
2050.5 0
2051.5 -13
2052.5 8
2053.5 -32
2054.5 7
2055.5 -15
2056.5 37
2057.5 27
2058.5 3
2059.5 5
2060.5 16
2061.5 29
2062.5 34
2063.5 20
2064.5 -3
2065.5 -9
2066.5 26
2067.5 -26
2068.5 4
2069.5 -11
2070.5 25
2071.5 -6
2072.5 3
2073.5 -4
2074.5 8
2075.5 8
2076.5 6
2077.5 -19
2078.5 -18
2079.5 -1
2080.5 30
2081.5 5
2082.5 14
2083.5 -19
2084.5 10
2085.5 17
2086.5 29
2087.5 19
2088.5 5
2089.5 18
2090.5 -2
2091.5 -4
2092.5 -15
2093.5 -8
2094.5 16
2095.5 -13
2096.5 31
2097.5 -3
2098.5 -6
2099.5 -25
2100.5 27
2101.5 -16
2102.5 19
2103.5 1
2104.5 14
2105.5 -14
2106.5 -45
2107.5 44
2108.5 4
2109.5 -33
2110.5 -22
2111.5 1
2112.5 -1
2113.5 -3
2114.5 31
2115.5 -16
2116.5 19
2117.5 -19
2118.5 6
2119.5 -38
2120.5 9
2121.5 12
2122.5 -7
2123.5 -28
2124.5 -37
2125.5 13
2126.5 1
2127.5 19
2128.5 -19
2129.5 12
2130.5 -13
2131.5 -2
2132.5 0
2133.5 0
2134.5 -3
2135.5 6
2136.5 9
2137.5 -4
2138.5 -6
2139.5 1
2140.5 32
2141.5 -3
2142.5 38
2143.5 61
2144.5 32
2145.5 20
2146.5 12
2147.5 14
2148.5 -19
2149.5 50
2150.5 101
2151.5 46
2152.5 -29
2153.5 23
2154.5 -4
2155.5 9
2156.5 4
2157.5 8
2158.5 5
2159.5 19
2160.5 5
2161.5 -3
2162.5 2
2163.5 -14
2164.5 10
2165.5 3
2166.5 -7
2167.5 -40
2168.5 17
2169.5 -13
2170.5 22
2171.5 -19
2172.5 5
2173.5 30
2174.5 0
2175.5 -7
2176.5 13
2177.5 48
2178.5 10
2179.5 16
2180.5 17
2181.5 3
2182.5 7
2183.5 -19
2184.5 18
2185.5 9
2186.5 -14
2187.5 -16
2188.5 13
2189.5 -7
2190.5 -14
2191.5 22
2192.5 31
2193.5 26
2194.5 12
2195.5 20
2196.5 15
2197.5 36
2198.5 56
2199.5 102
2200.5 82
2201.5 65
2202.5 31
2203.5 10
2204.5 18
2205.5 -20
2206.5 11
2207.5 -11
2208.5 -4
2209.5 -28
2210.5 43
2211.5 -10
2212.5 -21
2213.5 8
2214.5 -4
2215.5 -24
2216.5 -10
2217.5 18
2218.5 -1
2219.5 34
2220.5 36
2221.5 28
2222.5 27
2223.5 -1
2224.5 0
2225.5 6
2226.5 41
2227.5 18
2228.5 31
2229.5 7
2230.5 19
2231.5 10
2232.5 -15
2233.5 -3
2234.5 -10
2235.5 7
2236.5 -16
2237.5 4
2238.5 15
2239.5 13
2240.5 -26
2241.5 27
2242.5 27
2243.5 17
2244.5 5
2245.5 -13
2246.5 16
2247.5 9
2248.5 -2
2249.5 1
2250.5 -16
2251.5 3
2252.5 18
2253.5 -5
2254.5 5
2255.5 11
2256.5 21
2257.5 2
2258.5 26
2259.5 -7
2260.5 12
2261.5 -11
2262.5 -6
2263.5 34
2264.5 -12
2265.5 3
2266.5 -2
2267.5 -5
2268.5 4
2269.5 1
2270.5 47
2271.5 -6
2272.5 31
2273.5 -3
2274.5 35
2275.5 2
2276.5 -8
2277.5 19
2278.5 -33
2279.5 18
2280.5 40
2281.5 -11
2282.5 -13
2283.5 18
2284.5 30
2285.5 -24
2286.5 15
2287.5 -12
2288.5 13
2289.5 13
2290.5 31
2291.5 15
2292.5 -7
2293.5 -10
2294.5 -26
2295.5 -5
2296.5 21
2297.5 -5
2298.5 9
2299.5 0
2300.5 -23
2301.5 27
2302.5 -16
2303.5 20
2304.5 -9
2305.5 0
2306.5 -24
2307.5 1
2308.5 8
2309.5 5
2310.5 17
2311.5 -5
2312.5 -24
2313.5 -9
2314.5 -8
2315.5 11
2316.5 -9
2317.5 4
2318.5 3
2319.5 -5
2320.5 4
2321.5 40
2322.5 -6
2323.5 20
2324.5 2
2325.5 -16
2326.5 0
2327.5 24
2328.5 -4
2329.5 28
2330.5 9
2331.5 14
2332.5 -11
2333.5 -9
2334.5 -7
2335.5 32
2336.5 -23
2337.5 0
2338.5 16
2339.5 -6
2340.5 6
2341.5 3
2342.5 -10
2343.5 -11
2344.5 -33
2345.5 26
2346.5 -3
2347.5 -35
2348.5 8
2349.5 4
2350.5 12
2351.5 23
2352.5 -16
2353.5 -1
2354.5 6
2355.5 10
2356.5 46
2357.5 10
2358.5 2
2359.5 5
2360.5 -7
2361.5 -15
2362.5 -25
2363.5 -20
2364.5 8
2365.5 -23
2366.5 6
2367.5 11
2368.5 -33
2369.5 24
2370.5 -1
2371.5 11
2372.5 5
2373.5 14
2374.5 14
2375.5 21
2376.5 -26
2377.5 24
2378.5 3
2379.5 1
2380.5 -4
2381.5 45
2382.5 1
2383.5 -7
2384.5 15
2385.5 21
2386.5 3
2387.5 12
2388.5 -10
2389.5 6
2390.5 -23
2391.5 -7
2392.5 13
2393.5 4
2394.5 13
2395.5 11
2396.5 -6
2397.5 -21
2398.5 -3
2399.5 26
2400.5 -20
2401.5 3
2402.5 -16
2403.5 19
2404.5 -4
2405.5 -21
2406.5 15
2407.5 -5
2408.5 9
2409.5 24
2410.5 5
2411.5 1
2412.5 -4
2413.5 11
2414.5 -12
2415.5 -6
2416.5 28
2417.5 13
2418.5 5
2419.5 8
2420.5 -2
2421.5 14
2422.5 4
2423.5 0
2424.5 7
2425.5 -16
2426.5 -9
2427.5 2
2428.5 28
2429.5 29
2430.5 -6
2431.5 4
2432.5 -9
2433.5 2
2434.5 12
2435.5 16
2436.5 6
2437.5 -12
2438.5 30
2439.5 -32
2440.5 4
2441.5 7
2442.5 17
2443.5 -1
2444.5 -4
2445.5 40
2446.5 2
2447.5 14
2448.5 -5
2449.5 3
2450.5 21
2451.5 -13
2452.5 9
2453.5 -21
2454.5 -2
2455.5 -19
2456.5 -9
2457.5 30
2458.5 18
2459.5 -2
2460.5 20
2461.5 30
2462.5 -3
2463.5 -5
2464.5 -7
2465.5 -2
2466.5 -10
2467.5 -2
2468.5 -7
2469.5 36
2470.5 -12
2471.5 3
2472.5 -9
2473.5 4
2474.5 11
2475.5 -8
2476.5 -5
2477.5 2
2478.5 -41
2479.5 -19
2480.5 4
2481.5 8
2482.5 24
2483.5 4
2484.5 21
2485.5 1
2486.5 22
2487.5 4
2488.5 37
2489.5 13
2490.5 22
2491.5 11
2492.5 14
2493.5 18
2494.5 15
2495.5 -18
2496.5 -9
2497.5 -13
2498.5 -4
2499.5 12
2500.5 -23
2501.5 13
2502.5 7
2503.5 15
2504.5 2
2505.5 9
2506.5 9
2507.5 -7
2508.5 -25
2509.5 -14
2510.5 -5
2511.5 2
2512.5 11
2513.5 22
2514.5 19
2515.5 25
2516.5 -5
2517.5 -15
2518.5 -3
2519.5 6
2520.5 -11
2521.5 -6
2522.5 11
2523.5 15
2524.5 -1
2525.5 21
2526.5 26
2527.5 18
2528.5 60
2529.5 -8
2530.5 -10
2531.5 -16
2532.5 -16
2533.5 -2
2534.5 -34
2535.5 -1
2536.5 -1
2537.5 14
2538.5 17
2539.5 30
2540.5 9
2541.5 15
2542.5 8
2543.5 -9
2544.5 -3
2545.5 -6
2546.5 -11
2547.5 7
2548.5 18
2549.5 11
2550.5 19
2551.5 -9
2552.5 14
2553.5 10
2554.5 14
2555.5 -34
2556.5 -5
2557.5 -16
2558.5 27
2559.5 -6
2560.5 4
2561.5 -14
2562.5 -6
2563.5 21
2564.5 11
2565.5 23
2566.5 -3
2567.5 6
2568.5 39
2569.5 11
2570.5 12
2571.5 -2
2572.5 6
2573.5 -11
2574.5 21
2575.5 6
2576.5 17
2577.5 -21
2578.5 -6
2579.5 10
2580.5 33
2581.5 17
2582.5 -2
2583.5 14
2584.5 -23
2585.5 28
2586.5 -16
2587.5 16
2588.5 17
2589.5 -13
2590.5 9
2591.5 9
2592.5 -13
2593.5 19
2594.5 12
2595.5 16
2596.5 25
2597.5 -3
2598.5 -13
2599.5 17
2600.5 -7
2601.5 13
2602.5 -5
2603.5 -17
2604.5 -8
2605.5 10
2606.5 15
2607.5 14
2608.5 19
2609.5 16
2610.5 -13
2611.5 11
2612.5 -6
2613.5 1
2614.5 20
2615.5 2
2616.5 -9
2617.5 23
2618.5 9
2619.5 56
2620.5 8
2621.5 10
2622.5 9
2623.5 -16
2624.5 11
2625.5 4
2626.5 12
2627.5 17
2628.5 -17
2629.5 21
2630.5 1
2631.5 -40
2632.5 -23
2633.5 -5
2634.5 -11
2635.5 5
2636.5 10
2637.5 10
2638.5 -5
2639.5 35
2640.5 25
2641.5 -9
2642.5 7
2643.5 26
2644.5 5
2645.5 -22
2646.5 27
2647.5 25
2648.5 23
2649.5 11
2650.5 24
2651.5 5
2652.5 -2
2653.5 -5
2654.5 0
2655.5 49
2656.5 36
2657.5 -4
2658.5 35
2659.5 26
2660.5 31
2661.5 26
2662.5 17
2663.5 3
2664.5 28
2665.5 7
2666.5 29
2667.5 9
2668.5 23
2669.5 25
2670.5 17
2671.5 17
2672.5 10
2673.5 12
2674.5 24
2675.5 -9
2676.5 12
2677.5 3
2678.5 13
2679.5 5
2680.5 -7
2681.5 22
2682.5 0
2683.5 14
2684.5 -9
2685.5 8
2686.5 3
2687.5 9
2688.5 -2
2689.5 -10
2690.5 27
2691.5 10
2692.5 22
2693.5 -28
2694.5 -6
2695.5 -31
2696.5 -12
2697.5 20
2698.5 12
2699.5 9
2700.5 3
2701.5 -11
2702.5 -7
2703.5 11
2704.5 -10
2705.5 -2
2706.5 -11
2707.5 19
2708.5 4
2709.5 8
2710.5 -13
2711.5 1
2712.5 8
2713.5 2
2714.5 13
2715.5 26
2716.5 15
2717.5 9
2718.5 14
2719.5 11
2720.5 -7
2721.5 -12
2722.5 26
2723.5 27
2724.5 -15
2725.5 26
2726.5 -10
2727.5 15
2728.5 -3
2729.5 29
2730.5 10
2731.5 -5
2732.5 -3
2733.5 -1
2734.5 1
2735.5 23
2736.5 28
2737.5 14
2738.5 15
2739.5 -4
2740.5 45
2741.5 21
2742.5 9
2743.5 46
2744.5 10
2745.5 3
2746.5 15
2747.5 8
2748.5 28
2749.5 3
2750.5 -23
2751.5 51
2752.5 26
2753.5 30
2754.5 0
2755.5 5
2756.5 -25
2757.5 45
2758.5 8
2759.5 10
2760.5 -19
2761.5 -17
2762.5 1
2763.5 -21
2764.5 17
2765.5 -4
2766.5 10
2767.5 1
2768.5 -9
2769.5 19
2770.5 25
2771.5 -6
2772.5 -10
2773.5 13
2774.5 15
2775.5 6
2776.5 9
2777.5 -4
2778.5 -24
2779.5 24
2780.5 -19
2781.5 9
2782.5 34
2783.5 18
2784.5 31
2785.5 19
2786.5 -5
2787.5 22
2788.5 4
2789.5 37
2790.5 18
2791.5 13
2792.5 9
2793.5 25
2794.5 5
2795.5 31
2796.5 7
2797.5 -3
2798.5 19
2799.5 6
2800.5 9
2801.5 -20
2802.5 15
2803.5 13
2804.5 -6
2805.5 24
2806.5 23
2807.5 4
2808.5 13
2809.5 -17
2810.5 20
2811.5 -5
2812.5 24
2813.5 10
2814.5 -12
2815.5 22
2816.5 -8
2817.5 -28
2818.5 -6
2819.5 -7
2820.5 -6
2821.5 -3
2822.5 5
2823.5 -8
2824.5 31
2825.5 13
2826.5 -14
2827.5 18
2828.5 -2
2829.5 -10
2830.5 22
2831.5 21
2832.5 9
2833.5 14
2834.5 -19
2835.5 -3
2836.5 1
2837.5 -19
2838.5 -25
2839.5 -16
2840.5 18
2841.5 0
2842.5 7
2843.5 29
2844.5 35
2845.5 57
2846.5 50
2847.5 71
2848.5 39
2849.5 15
2850.5 20
2851.5 29
2852.5 32
2853.5 22
2854.5 -10
2855.5 13
2856.5 13
2857.5 -8
2858.5 6
2859.5 10
2860.5 10
2861.5 15
2862.5 9
2863.5 6
2864.5 30
2865.5 26
2866.5 14
2867.5 8
2868.5 7
2869.5 5
2870.5 20
2871.5 2
2872.5 17
2873.5 29
2874.5 15
2875.5 43
2876.5 29
2877.5 17
2878.5 11
2879.5 -2
2880.5 19
2881.5 4
2882.5 21
2883.5 -1
2884.5 -2
2885.5 4
2886.5 4
2887.5 15
2888.5 2
2889.5 25
2890.5 43
2891.5 47
2892.5 26
2893.5 12
2894.5 8
2895.5 19
2896.5 -8
2897.5 10
2898.5 19
2899.5 -11
2900.5 9
2901.5 2
2902.5 16
2903.5 -7
2904.5 6
2905.5 -2
2906.5 21
2907.5 -13
2908.5 -14
2909.5 -1
2910.5 18
2911.5 -18
2912.5 6
2913.5 17
2914.5 -17
2915.5 39
2916.5 -25
2917.5 -6
2918.5 5
2919.5 4
2920.5 35
2921.5 -13
2922.5 23
2923.5 -11
2924.5 -4
2925.5 12
2926.5 -9
2927.5 14
2928.5 -8
2929.5 -7
2930.5 -3
2931.5 6
2932.5 16
2933.5 -17
2934.5 23
2935.5 -31
2936.5 2
2937.5 25
2938.5 18
2939.5 5
2940.5 -13
2941.5 15
2942.5 10
2943.5 12
2944.5 -11
2945.5 -21
2946.5 -17
2947.5 14
2948.5 -5
2949.5 7
2950.5 -22
2951.5 -17
2952.5 14
2953.5 2
2954.5 28
2955.5 0
2956.5 4
2957.5 24
2958.5 -1
2959.5 -20
2960.5 -21
2961.5 18
2962.5 -19
2963.5 -1
2964.5 9
2965.5 2
2966.5 36
2967.5 -21
2968.5 -11
2969.5 10
2970.5 -10
2971.5 17
2972.5 1
2973.5 5
2974.5 15
2975.5 13
2976.5 1
2977.5 -13
2978.5 -3
2979.5 2
2980.5 25
2981.5 12
2982.5 1
2983.5 -10
2984.5 -33
2985.5 6
2986.5 7
2987.5 7
2988.5 19
2989.5 16
2990.5 6
2991.5 -16
2992.5 6
2993.5 7
2994.5 -8
2995.5 21
2996.5 22
2997.5 1
2998.5 3
2999.5 16
3000.5 2
3001.5 17
3002.5 -13
3003.5 11
3004.5 1
3005.5 18
3006.5 -21
3007.5 10
3008.5 -18
3009.5 17
3010.5 18
3011.5 -9
3012.5 -8
3013.5 -7
3014.5 -17
3015.5 -13
3016.5 8
3017.5 -6
3018.5 -9
3019.5 5
3020.5 17
3021.5 1
3022.5 7
3023.5 21
3024.5 -9
3025.5 26
3026.5 -6
3027.5 21
3028.5 -2
3029.5 1
3030.5 20
3031.5 -10
3032.5 10
3033.5 36
3034.5 44
3035.5 64
3036.5 131
3037.5 200
3038.5 231
3039.5 258
3040.5 117
3041.5 54
3042.5 17
3043.5 27
3044.5 11
3045.5 -10
3046.5 3
3047.5 1
3048.5 3
3049.5 -16
3050.5 42
3051.5 34
3052.5 29
3053.5 58
3054.5 4
3055.5 15
3056.5 20
3057.5 -12
3058.5 -6
3059.5 13
3060.5 -23
3061.5 -11
3062.5 -26
3063.5 19
3064.5 0
3065.5 3
3066.5 4
3067.5 5
3068.5 -15
3069.5 17
3070.5 21
3071.5 -8
3072.5 -14
3073.5 -4
3074.5 -12
3075.5 1
3076.5 9
3077.5 -9
3078.5 -14
3079.5 -3
3080.5 -19
3081.5 -10
3082.5 0
3083.5 15
3084.5 -16
3085.5 -1
3086.5 -15
3087.5 3
3088.5 4
3089.5 -5
3090.5 -21
3091.5 16
3092.5 -15
3093.5 0
3094.5 14
3095.5 -3
3096.5 -1
3097.5 8
3098.5 17
3099.5 21
3100.5 13
3101.5 -1
3102.5 -1
3103.5 7
3104.5 20
3105.5 6
3106.5 2
3107.5 -18
3108.5 33
3109.5 3
3110.5 43
3111.5 20
3112.5 -6
3113.5 -14
3114.5 15
3115.5 26
3116.5 3
3117.5 2
3118.5 19
3119.5 -12
3120.5 -11
3121.5 11
3122.5 7
3123.5 1
3124.5 -7
3125.5 -3
3126.5 -23
3127.5 6
3128.5 -14
3129.5 -10
3130.5 9
3131.5 5
3132.5 -10
3133.5 13
3134.5 4
3135.5 -21
3136.5 -11
3137.5 -4
3138.5 -3
3139.5 18
3140.5 -14
3141.5 -13
3142.5 8
3143.5 -6
3144.5 -10
3145.5 -24
3146.5 -14
3147.5 2
3148.5 -5
3149.5 32
3150.5 40
3151.5 -14
3152.5 15
3153.5 37
3154.5 4
3155.5 5
3156.5 24
3157.5 8
3158.5 17
3159.5 -11
3160.5 29
3161.5 1
3162.5 6
3163.5 6
3164.5 13
3165.5 -1
3166.5 15
3167.5 -12
3168.5 26
3169.5 -9
3170.5 14
3171.5 45
3172.5 40
3173.5 63
3174.5 44
3175.5 62
3176.5 101
3177.5 70
3178.5 50
3179.5 43
3180.5 -3
3181.5 19
3182.5 12
3183.5 0
3184.5 21
3185.5 7
3186.5 -28
3187.5 12
3188.5 14
3189.5 0
3190.5 11
3191.5 -11
3192.5 8
3193.5 -9
3194.5 20
3195.5 -5
3196.5 -7
3197.5 -26
3198.5 15
3199.5 43
3200.5 66
3201.5 54
3202.5 73
3203.5 -15
3204.5 -22
3205.5 -63
3206.5 -62
3207.5 -15
3208.5 -21
3209.5 -17
3210.5 2
3211.5 3
3212.5 3
3213.5 21
3214.5 -5
3215.5 -18
3216.5 2
3217.5 -6
3218.5 19
3219.5 -2
3220.5 -3
3221.5 -5
3222.5 10
3223.5 14
3224.5 -1
3225.5 -1
3226.5 -15
3227.5 -19
3228.5 11
3229.5 -20
3230.5 10
3231.5 -8
3232.5 -16
3233.5 -9
3234.5 -16
3235.5 -29
3236.5 -24
3237.5 3
3238.5 22
3239.5 -36
3240.5 -28
3241.5 -30
3242.5 -5
3243.5 -9
3244.5 32
3245.5 1
3246.5 17
3247.5 -1
3248.5 -5
3249.5 6
3250.5 7
3251.5 5
3252.5 2
3253.5 -5
3254.5 -16
3255.5 10
3256.5 -15
3257.5 -20
3258.5 -18
3259.5 0
3260.5 15
3261.5 -5
3262.5 14
3263.5 10
3264.5 32
3265.5 -6
3266.5 -9
3267.5 24
3268.5 2
3269.5 19
3270.5 3
3271.5 -3
3272.5 -9
3273.5 -5
3274.5 -4
3275.5 -1
3276.5 -14
3277.5 -3
3278.5 -3
3279.5 2
3280.5 -3
3281.5 14
3282.5 -2
3283.5 -1
3284.5 42
3285.5 9
3286.5 -7
3287.5 19
3288.5 29
3289.5 24
3290.5 -13
3291.5 -16
3292.5 20
3293.5 -7
3294.5 32
3295.5 14
3296.5 -4
3297.5 -10
3298.5 -3
3299.5 19
3300.5 45
3301.5 8
3302.5 58
3303.5 -1
3304.5 -3
3305.5 19
3306.5 -5
3307.5 27
3308.5 5
3309.5 -15
3310.5 -11
3311.5 -20
3312.5 1
3313.5 -3
3314.5 25
3315.5 -9
3316.5 -10
3317.5 -3
3318.5 0
3319.5 4
3320.5 -16
3321.5 16
3322.5 3
3323.5 -14
3324.5 -7
3325.5 5
3326.5 12
3327.5 -14
3328.5 13
3329.5 6
3330.5 12
3331.5 0
3332.5 -5
3333.5 -3
3334.5 -2
3335.5 -16
3336.5 7
3337.5 2
3338.5 11
3339.5 9
3340.5 -39
3341.5 -9
3342.5 -17
3343.5 -1
3344.5 -8
3345.5 -13
3346.5 -8
3347.5 -4
3348.5 -33
3349.5 14
3350.5 -14
3351.5 3
3352.5 -13
3353.5 -13
3354.5 18
3355.5 17
3356.5 15
3357.5 14
3358.5 9
3359.5 31
3360.5 4
3361.5 1
3362.5 13
3363.5 36
3364.5 42
3365.5 26
3366.5 73
3367.5 91
3368.5 55
3369.5 27
3370.5 37
3371.5 40
3372.5 3
3373.5 4
3374.5 7
3375.5 -12
3376.5 18
3377.5 13
3378.5 10
3379.5 11
3380.5 7
3381.5 14
3382.5 16
3383.5 2
3384.5 1
3385.5 1
3386.5 1
3387.5 -4
3388.5 -13
3389.5 3
3390.5 -5
3391.5 11
3392.5 4
3393.5 1
3394.5 -4
3395.5 -4
3396.5 -27
3397.5 -3
3398.5 -34
3399.5 0
3400.5 13
3401.5 3
3402.5 -2
3403.5 16
3404.5 0
3405.5 3
3406.5 4
3407.5 6
3408.5 19
3409.5 4
3410.5 9
3411.5 11
3412.5 -2
3413.5 13
3414.5 -11
3415.5 -3
3416.5 0
3417.5 1
3418.5 14
3419.5 -13
3420.5 -3
3421.5 10
3422.5 -13
3423.5 12
3424.5 2
3425.5 7
3426.5 22
3427.5 -18
3428.5 -7
3429.5 19
3430.5 -8
3431.5 11
3432.5 -6
3433.5 2
3434.5 1
3435.5 -4
3436.5 -3
3437.5 6
3438.5 -9
3439.5 0
3440.5 20
3441.5 11
3442.5 5
3443.5 15
3444.5 26
3445.5 9
3446.5 -16
3447.5 14
3448.5 8
3449.5 7
3450.5 -33
3451.5 -15
3452.5 6
3453.5 -10
3454.5 -4
3455.5 -32
3456.5 4
3457.5 -11
3458.5 -5
3459.5 -20
3460.5 -9
3461.5 12
3462.5 39
3463.5 -3
3464.5 10
3465.5 33
3466.5 17
3467.5 7
3468.5 6
3469.5 -2
3470.5 -10
3471.5 -4
3472.5 -26
3473.5 7
3474.5 5
3475.5 6
3476.5 2
3477.5 -7
3478.5 21
3479.5 3
3480.5 10
3481.5 11
3482.5 8
3483.5 12
3484.5 21
3485.5 19
3486.5 -16
3487.5 11
3488.5 -9
3489.5 15
3490.5 18
3491.5 -18
3492.5 -14
3493.5 7
3494.5 -12
3495.5 1
3496.5 0
3497.5 17
3498.5 7
3499.5 1
3500.5 -2
3501.5 10
3502.5 2
3503.5 -1
3504.5 -5
3505.5 35
3506.5 49
3507.5 83
3508.5 40
3509.5 77
3510.5 49
3511.5 23
3512.5 4
3513.5 13
3514.5 20
3515.5 -11
3516.5 15
3517.5 -21
3518.5 -2
3519.5 0
3520.5 2
3521.5 40
3522.5 24
3523.5 -20
3524.5 -17
3525.5 -39
3526.5 -19
3527.5 -16
3528.5 -19
3529.5 3
3530.5 6
3531.5 -6
3532.5 4
3533.5 10
3534.5 16
3535.5 3
3536.5 8
3537.5 -5
3538.5 17
3539.5 15
3540.5 26
3541.5 21
3542.5 -3
3543.5 26
3544.5 -1
3545.5 -13
3546.5 5
3547.5 23
3548.5 0
3549.5 2
3550.5 -4
3551.5 -3
3552.5 -20
3553.5 -16
3554.5 4
3555.5 13
3556.5 -3
3557.5 12
3558.5 13
3559.5 -6
3560.5 1
3561.5 12
3562.5 45
3563.5 11
3564.5 25
3565.5 -5
3566.5 5
3567.5 12
3568.5 15
3569.5 -6
3570.5 -4
3571.5 -6
3572.5 3
3573.5 -9
3574.5 4
3575.5 -11
3576.5 15
3577.5 -7
3578.5 17
3579.5 8
3580.5 -10
3581.5 10
3582.5 -17
3583.5 -18
3584.5 -60
3585.5 -31
3586.5 -22
3587.5 15
3588.5 -11
3589.5 11
3590.5 -9
3591.5 -5
3592.5 6
3593.5 -11
3594.5 -6
3595.5 -10
3596.5 -2
3597.5 2
3598.5 1
3599.5 -13
3600.5 -2
3601.5 -24
3602.5 -10
3603.5 -1
3604.5 -6
3605.5 24
3606.5 -3
3607.5 7
3608.5 29
3609.5 -4
3610.5 5
3611.5 4
3612.5 1
3613.5 5
3614.5 -13
3615.5 -2
3616.5 12
3617.5 11
3618.5 6
3619.5 -26
3620.5 0
3621.5 12
3622.5 2
3623.5 -5
3624.5 -31
3625.5 -10
3626.5 -15
3627.5 -7
3628.5 16
3629.5 17
3630.5 0
3631.5 1
3632.5 -13
3633.5 4
3634.5 17
3635.5 -9
3636.5 13
3637.5 -6
3638.5 13
3639.5 1
3640.5 15
3641.5 -3
3642.5 6
3643.5 12
3644.5 -4
3645.5 -5
3646.5 -22
3647.5 3
3648.5 -16
3649.5 -8
3650.5 -5
3651.5 -10
3652.5 3
3653.5 -6
3654.5 30
3655.5 6
3656.5 5
3657.5 35
3658.5 32
3659.5 19
3660.5 42
3661.5 63
3662.5 12
3663.5 9
3664.5 6
3665.5 15
3666.5 4
3667.5 12
3668.5 -2
3669.5 9
3670.5 9
3671.5 4
3672.5 6
3673.5 8
3674.5 16
3675.5 -15
3676.5 3
3677.5 -8
3678.5 1
3679.5 -7
3680.5 10
3681.5 20
3682.5 21
3683.5 11
3684.5 -7
3685.5 -7
3686.5 -6
3687.5 30
3688.5 38
3689.5 44
3690.5 43
3691.5 44
3692.5 13
3693.5 21
3694.5 -8
3695.5 7
3696.5 19
3697.5 -12
3698.5 23
3699.5 8
3700.5 4
3701.5 -3
3702.5 13
3703.5 8
3704.5 20
3705.5 -6
3706.5 17
3707.5 -3
3708.5 8
3709.5 -12
3710.5 17
3711.5 6
3712.5 2
3713.5 -9
3714.5 4
3715.5 -6
3716.5 14
3717.5 1
3718.5 0
3719.5 -6
3720.5 -12
3721.5 -6
3722.5 20
3723.5 1
3724.5 11
3725.5 17
3726.5 27
3727.5 1
3728.5 -9
3729.5 -9
3730.5 -5
3731.5 5
3732.5 4
3733.5 4
3734.5 -3
3735.5 2
3736.5 9
3737.5 -6
3738.5 -1
3739.5 -6
3740.5 5
3741.5 16
3742.5 -4
3743.5 31
3744.5 -20
3745.5 -5
3746.5 -2
3747.5 13
3748.5 -39
3749.5 -18
3750.5 -12
3751.5 17
3752.5 -10
3753.5 27
3754.5 -4
3755.5 21
3756.5 -5
3757.5 5
3758.5 13
3759.5 27
3760.5 12
3761.5 -3
3762.5 -3
3763.5 -2
3764.5 16
3765.5 -6
3766.5 3
3767.5 14
3768.5 10
3769.5 7
3770.5 12
3771.5 -3
3772.5 5
3773.5 9
3774.5 22
3775.5 3
3776.5 4
3777.5 16
3778.5 -1
3779.5 16
3780.5 6
3781.5 2
3782.5 9
3783.5 7
3784.5 8
3785.5 7
3786.5 -5
3787.5 0
3788.5 7
3789.5 9
3790.5 -7
3791.5 31
3792.5 11
3793.5 -9
3794.5 5
3795.5 8
3796.5 -9
3797.5 3
3798.5 20
3799.5 -6
3800.5 12
3801.5 -10
3802.5 8
3803.5 13
3804.5 3
3805.5 -18
3806.5 -12
3807.5 -6
3808.5 -29
3809.5 4
3810.5 -19
3811.5 -11
3812.5 -20
3813.5 16
3814.5 0
3815.5 -10
3816.5 -9
3817.5 -4
3818.5 2
3819.5 0
3820.5 28
3821.5 -3
3822.5 4
3823.5 7
3824.5 4
3825.5 -11
3826.5 11
3827.5 13
3828.5 9
3829.5 -10
3830.5 -6
3831.5 9
3832.5 25
3833.5 -6
3834.5 5
3835.5 -4
3836.5 13
3837.5 4
3838.5 23
3839.5 12
3840.5 5
3841.5 -1
3842.5 10
3843.5 2
3844.5 -8
3845.5 24
3846.5 8
3847.5 -12
3848.5 27
3849.5 -7
3850.5 2
3851.5 9
3852.5 11
3853.5 -1
3854.5 16
3855.5 10
3856.5 9
3857.5 2
3858.5 15
3859.5 -1
3860.5 39
3861.5 15
3862.5 13
3863.5 30
3864.5 15
3865.5 19
3866.5 6
3867.5 15
3868.5 32
3869.5 81
3870.5 45
3871.5 35
3872.5 13
3873.5 7
3874.5 13
3875.5 23
3876.5 17
3877.5 8
3878.5 13
3879.5 11
3880.5 -5
3881.5 12
3882.5 4
3883.5 0
3884.5 -10
3885.5 14
3886.5 -4
3887.5 21
3888.5 -2
3889.5 -11
3890.5 -4
3891.5 11
3892.5 -2
3893.5 -10
3894.5 27
3895.5 6
3896.5 1
3897.5 9
3898.5 2
3899.5 -21
3900.5 -9
3901.5 5
3902.5 -4
3903.5 -13
3904.5 -17
3905.5 13
3906.5 -13
3907.5 10
3908.5 9
3909.5 10
3910.5 8
3911.5 4
3912.5 -1
3913.5 -1
3914.5 3
3915.5 0
3916.5 3
3917.5 18
3918.5 10
3919.5 24
3920.5 11
3921.5 6
3922.5 -9
3923.5 1
3924.5 -2
3925.5 3
3926.5 11
3927.5 9
3928.5 -1
3929.5 -2
3930.5 1
3931.5 -9
3932.5 11
3933.5 9
3934.5 4
3935.5 -6
3936.5 14
3937.5 3
3938.5 -2
3939.5 -8
3940.5 3
3941.5 -3
3942.5 5
3943.5 16
3944.5 14
3945.5 -2
3946.5 -3
3947.5 0
3948.5 5
3949.5 3
3950.5 11
3951.5 -13
3952.5 12
3953.5 -7
3954.5 -8
3955.5 10
3956.5 1
3957.5 -4
3958.5 -54
3959.5 -23
3960.5 10
3961.5 -2
3962.5 10
3963.5 2
3964.5 5
3965.5 20
3966.5 4
3967.5 -11
3968.5 9
3969.5 7
3970.5 1
3971.5 -19
3972.5 -9
3973.5 39
3974.5 8
3975.5 16
3976.5 -1
3977.5 17
3978.5 6
3979.5 13
3980.5 7
3981.5 14
3982.5 6
3983.5 24
3984.5 3
3985.5 -3
3986.5 -2
3987.5 4
3988.5 7
3989.5 0
3990.5 26
3991.5 -9
3992.5 8
3993.5 23
3994.5 9
3995.5 37
3996.5 39
3997.5 44
3998.5 22
3999.5 -1
4000.5 -4
4001.5 -7
4002.5 11
4003.5 10
4004.5 6
4005.5 8
4006.5 28
4007.5 14
4008.5 3
4009.5 9
4010.5 13
4011.5 21
4012.5 8
4013.5 11
4014.5 33
4015.5 21
4016.5 9
4017.5 9
4018.5 31
4019.5 9
4020.5 18
4021.5 1
4022.5 2
4023.5 27
4024.5 -3
4025.5 -4
4026.5 7
4027.5 15
4028.5 1
4029.5 24
4030.5 12
4031.5 11
4032.5 45
4033.5 78
4034.5 99
4035.5 53
4036.5 76
4037.5 47
4038.5 22
4039.5 2
4040.5 -5
4041.5 0
4042.5 -11
4043.5 -20
4044.5 21
4045.5 7
4046.5 28
4047.5 1
4048.5 10
4049.5 13
4050.5 -6
4051.5 1
4052.5 24
4053.5 -10
4054.5 1
4055.5 7
4056.5 -2
4057.5 9
4058.5 -3
4059.5 4
4060.5 16
4061.5 6
4062.5 0
4063.5 10
4064.5 6
4065.5 14
4066.5 -3
4067.5 -12
4068.5 3
4069.5 10
4070.5 8
4071.5 7
4072.5 4
4073.5 -13
4074.5 15
4075.5 18
4076.5 24
4077.5 23
4078.5 -18
4079.5 14
4080.5 1
4081.5 -8
4082.5 -9
4083.5 12
4084.5 5
4085.5 5
4086.5 4
4087.5 -12
4088.5 9
4089.5 1
4090.5 10
4091.5 3
4092.5 -4
4093.5 -6
4094.5 11
4095.5 -3
4096.5 6
4097.5 2
4098.5 -1
4099.5 -5
4100.5 2
4101.5 5
4102.5 1
4103.5 8
4104.5 3
4105.5 5
4106.5 23
4107.5 19
4108.5 9
4109.5 5
4110.5 -3
4111.5 8
4112.5 11
4113.5 -17
4114.5 7
4115.5 16
4116.5 -3
4117.5 3
4118.5 -1
4119.5 -10
4120.5 3
4121.5 1
4122.5 -1
4123.5 8
4124.5 5
4125.5 4
4126.5 6
4127.5 22
4128.5 10
4129.5 6
4130.5 -10
4131.5 -2
4132.5 12
4133.5 0
4134.5 -8
4135.5 12
4136.5 -4
4137.5 -2
4138.5 0
4139.5 16
4140.5 2
4141.5 4
4142.5 -3
4143.5 -8
4144.5 -6
4145.5 14
4146.5 3
4147.5 0
4148.5 0
4149.5 8
4150.5 18
4151.5 14
4152.5 16
4153.5 -3
4154.5 -2
4155.5 9
4156.5 4
4157.5 12
4158.5 10
4159.5 0
4160.5 5
4161.5 5
4162.5 -4
4163.5 29
4164.5 3
4165.5 9
4166.5 22
4167.5 8
4168.5 38
4169.5 41
4170.5 7
4171.5 13
4172.5 33
4173.5 34
4174.5 12
4175.5 14
4176.5 -1
4177.5 3
4178.5 -10
4179.5 6
4180.5 5
4181.5 18
4182.5 0
4183.5 4
4184.5 -8
4185.5 2
4186.5 12
4187.5 -12
4188.5 -4
4189.5 15
4190.5 3
4191.5 5
4192.5 -9
4193.5 4
4194.5 10
4195.5 8
4196.5 28
4197.5 56
4198.5 84
4199.5 104
4200.5 182
4201.5 202
4202.5 170
4203.5 112
4204.5 33
4205.5 1
4206.5 11
4207.5 -17
4208.5 0
4209.5 -5
4210.5 10
4211.5 9
4212.5 -14
4213.5 10
4214.5 9
4215.5 6
4216.5 5
4217.5 5
4218.5 -5
4219.5 -4
4220.5 8
4221.5 25
4222.5 15
4223.5 8
4224.5 8
4225.5 7
4226.5 0
4227.5 -10
4228.5 -7
4229.5 -2
4230.5 5
4231.5 -8
4232.5 14
4233.5 12
4234.5 24
4235.5 10
4236.5 -7
4237.5 5
4238.5 5
4239.5 -8
4240.5 -2
4241.5 8
4242.5 8
4243.5 2
4244.5 8
4245.5 9
4246.5 3
4247.5 4
4248.5 -1
4249.5 2
4250.5 -15
4251.5 -5
4252.5 10
4253.5 5
4254.5 -8
4255.5 -5
4256.5 2
4257.5 3
4258.5 -4
4259.5 5
4260.5 -5
4261.5 -5
4262.5 -3
4263.5 22
4264.5 16
4265.5 -4
4266.5 -8
4267.5 -4
4268.5 8
4269.5 -9
4270.5 16
4271.5 6
4272.5 3
4273.5 -5
4274.5 2
4275.5 -10
4276.5 -4
4277.5 19
4278.5 14
4279.5 7
4280.5 7
4281.5 -9
4282.5 -1
4283.5 6
4284.5 9
4285.5 3
4286.5 -7
4287.5 0
4288.5 2
4289.5 -5
4290.5 6
4291.5 17
4292.5 2
4293.5 -14
4294.5 -2
4295.5 0
4296.5 -12
4297.5 0
4298.5 -3
4299.5 10
4300.5 -4
4301.5 -7
4302.5 -12
4303.5 15
4304.5 0
4305.5 -4
4306.5 17
4307.5 4
4308.5 13
4309.5 -3
4310.5 -9
4311.5 7
4312.5 4
4313.5 6
4314.5 -5
4315.5 2
4316.5 5
4317.5 -14
4318.5 12
4319.5 -5
4320.5 9
4321.5 8
4322.5 14
4323.5 0
4324.5 15
4325.5 9
4326.5 -5
4327.5 6
4328.5 13
4329.5 29
4330.5 17
4331.5 17
4332.5 9
4333.5 19
4334.5 19
4335.5 9
4336.5 1
4337.5 6
4338.5 1
4339.5 -7
4340.5 -6
4341.5 -9
4342.5 12
4343.5 -4
4344.5 24
4345.5 8
4346.5 11
4347.5 -7
4348.5 4
4349.5 6
4350.5 7
4351.5 4
4352.5 9
4353.5 17
4354.5 6
4355.5 4
4356.5 9
4357.5 9
4358.5 -8
4359.5 0
4360.5 -10
4361.5 -3
4362.5 -1
4363.5 -8
4364.5 -15
4365.5 4
4366.5 5
4367.5 13
4368.5 3
4369.5 -2
4370.5 4
4371.5 5
4372.5 8
4373.5 5
4374.5 -4
4375.5 -3
4376.5 17
4377.5 6
4378.5 16
4379.5 5
4380.5 25
4381.5 76
4382.5 62
4383.5 28
4384.5 26
4385.5 11
4386.5 15
4387.5 21
4388.5 -1
4389.5 7
4390.5 7
4391.5 0
4392.5 4
4393.5 6
4394.5 -4
4395.5 -2
4396.5 -7
4397.5 3
4398.5 1
4399.5 -2
4400.5 -2
4401.5 -11
4402.5 16
4403.5 1
4404.5 8
4405.5 3
4406.5 12
4407.5 7
4408.5 2
4409.5 -8
4410.5 3
4411.5 -5
4412.5 0
4413.5 6
4414.5 3
4415.5 -13
4416.5 10
4417.5 6
4418.5 8
4419.5 7
4420.5 15
4421.5 4
4422.5 3
4423.5 3
4424.5 7
4425.5 -7
4426.5 -25
4427.5 9
4428.5 14
4429.5 0
4430.5 -2
4431.5 2
4432.5 -13
4433.5 -12
4434.5 -4
4435.5 -13
4436.5 -6
4437.5 0
4438.5 18
4439.5 9
4440.5 10
4441.5 16
4442.5 6
4443.5 -3
4444.5 -8
4445.5 -10
4446.5 -5
4447.5 -1
4448.5 -1
4449.5 -9
4450.5 6
4451.5 6
4452.5 3
4453.5 16
4454.5 -12
4455.5 6
4456.5 19
4457.5 23
4458.5 -3
4459.5 13
4460.5 7
4461.5 16
4462.5 17
4463.5 8
4464.5 2
4465.5 20
4466.5 13
4467.5 -5
4468.5 6
4469.5 -6
4470.5 -6
4471.5 5
4472.5 -11
4473.5 -12
4474.5 8
4475.5 7
4476.5 2
4477.5 2
4478.5 1
4479.5 2
4480.5 7
4481.5 -5
4482.5 5
4483.5 -10
4484.5 -2
4485.5 -4
4486.5 7
4487.5 3
4488.5 -7
4489.5 16
4490.5 12
4491.5 3
4492.5 -7
4493.5 6
4494.5 -18
4495.5 18
4496.5 -14
4497.5 1
4498.5 1
4499.5 -3
4500.5 3
4501.5 24
4502.5 -9
4503.5 16
4504.5 2
4505.5 7
4506.5 11
4507.5 12
4508.5 1
4509.5 -4
4510.5 5
4511.5 3
4512.5 8
4513.5 -9
4514.5 10
4515.5 -2
4516.5 5
4517.5 -4
4518.5 -1
4519.5 -5
4520.5 9
4521.5 9
4522.5 33
4523.5 35
4524.5 43
4525.5 43
4526.5 43
4527.5 50
4528.5 28
4529.5 40
4530.5 25
4531.5 19
4532.5 7
4533.5 10
4534.5 -2
4535.5 8
4536.5 -6
4537.5 10
4538.5 -7
4539.5 10
4540.5 4
4541.5 17
4542.5 0
4543.5 10
4544.5 11
4545.5 9
4546.5 0
4547.5 9
4548.5 4
4549.5 5
4550.5 -7
4551.5 -15
4552.5 -4
4553.5 -18
4554.5 -3
4555.5 1
4556.5 -3
4557.5 3
4558.5 -6
4559.5 5
4560.5 -10
4561.5 -2
4562.5 2
4563.5 -6
4564.5 -15
4565.5 -11
4566.5 8
4567.5 15
4568.5 -2
4569.5 23
4570.5 0
4571.5 7
4572.5 11
4573.5 2
4574.5 9
4575.5 4
4576.5 4
4577.5 21
4578.5 26
4579.5 32
4580.5 9
4581.5 3
4582.5 5
4583.5 4
4584.5 -5
4585.5 0
4586.5 15
4587.5 -11
4588.5 -4
4589.5 -1
4590.5 -12
4591.5 17
4592.5 6
4593.5 8
4594.5 17
4595.5 8
4596.5 -3
4597.5 -4
4598.5 3
4599.5 3
4600.5 1
4601.5 18
4602.5 3
4603.5 -3
4604.5 -12
4605.5 0
4606.5 7
4607.5 18
4608.5 10
4609.5 -5
4610.5 -3
4611.5 3
4612.5 7
4613.5 12
4614.5 5
4615.5 1
4616.5 1
4617.5 10
4618.5 12
4619.5 9
4620.5 14
4621.5 -5
4622.5 12
4623.5 3
4624.5 -1
4625.5 -8
4626.5 5
4627.5 -20
4628.5 -2
4629.5 13
4630.5 4
4631.5 -3
4632.5 0
4633.5 -8
4634.5 7
4635.5 0
4636.5 8
4637.5 16
4638.5 20
4639.5 11
4640.5 10
4641.5 -7
4642.5 -13
4643.5 -12
4644.5 -14
4645.5 -26
4646.5 2
4647.5 -18
4648.5 19
4649.5 8
4650.5 -5
4651.5 8
4652.5 0
4653.5 10
4654.5 3
4655.5 -3
4656.5 7
4657.5 -16
4658.5 -2
4659.5 23
4660.5 -5
4661.5 10
4662.5 -5
4663.5 6
4664.5 11
4665.5 0
4666.5 -18
4667.5 1
4668.5 18
4669.5 11
4670.5 -10
4671.5 3
4672.5 6
4673.5 6
4674.5 9
4675.5 -9
4676.5 9
4677.5 18
4678.5 17
4679.5 13
4680.5 6
4681.5 26
4682.5 25
4683.5 8
4684.5 20
4685.5 24
4686.5 15
4687.5 12
4688.5 27
4689.5 11
4690.5 10
4691.5 11
4692.5 0
4693.5 4
4694.5 13
4695.5 11
4696.5 2
4697.5 -3
4698.5 12
4699.5 1
4700.5 19
4701.5 9
4702.5 15
4703.5 13
4704.5 12
4705.5 -2
4706.5 4
4707.5 7
4708.5 10
4709.5 -17
4710.5 14
4711.5 -21
4712.5 -8
4713.5 -11
4714.5 -3
4715.5 -10
4716.5 -5
4717.5 9
4718.5 4
4719.5 -12
4720.5 7
4721.5 4
4722.5 -2
4723.5 -3
4724.5 9
4725.5 2
4726.5 0
4727.5 2
4728.5 -13
4729.5 11
4730.5 -2
4731.5 -1
4732.5 12
4733.5 34
4734.5 13
4735.5 -2
4736.5 5
4737.5 11
4738.5 7
4739.5 13
4740.5 10
4741.5 7
4742.5 5
4743.5 3
4744.5 8
4745.5 -1
4746.5 0
4747.5 -12
4748.5 -6
4749.5 12
4750.5 15
4751.5 -2
4752.5 2
4753.5 -2
4754.5 9
4755.5 6
4756.5 -5
4757.5 0
4758.5 6
4759.5 -14
4760.5 4
4761.5 2
4762.5 -3
4763.5 -10
4764.5 1
4765.5 -8
4766.5 8
4767.5 1
4768.5 2
4769.5 5
4770.5 7
4771.5 0
4772.5 -2
4773.5 7
4774.5 11
4775.5 7
4776.5 10
4777.5 4
4778.5 1
4779.5 -2
4780.5 4
4781.5 13
4782.5 17
4783.5 -1
4784.5 -1
4785.5 -1
4786.5 17
4787.5 20
4788.5 3
4789.5 14
4790.5 12
4791.5 1
4792.5 13
4793.5 -2
4794.5 2
4795.5 0
4796.5 -4
4797.5 7
4798.5 3
4799.5 -1
4800.5 -5
4801.5 1
4802.5 -2
4803.5 0
4804.5 9
4805.5 -8
4806.5 -6
4807.5 10
4808.5 -7
4809.5 2
4810.5 10
4811.5 1
4812.5 6
4813.5 -7
4814.5 -3
4815.5 6
4816.5 2
4817.5 3
4818.5 -5
4819.5 9
4820.5 9
4821.5 5
4822.5 -4
4823.5 19
4824.5 5
4825.5 12
4826.5 -5
4827.5 -3
4828.5 -5
4829.5 -12
4830.5 22
4831.5 8
4832.5 9
4833.5 4
4834.5 7
4835.5 -8
4836.5 12
4837.5 12
4838.5 -2
4839.5 11
4840.5 15
4841.5 30
4842.5 33
4843.5 65
4844.5 55
4845.5 35
4846.5 32
4847.5 -1
4848.5 11
4849.5 4
4850.5 -9
4851.5 -6
4852.5 -4
4853.5 -8
4854.5 3
4855.5 -3
4856.5 11
4857.5 -6
4858.5 12
4859.5 -3
4860.5 3
4861.5 0
4862.5 6
4863.5 1
4864.5 3
4865.5 -9
4866.5 7
4867.5 -5
4868.5 3
4869.5 -1
4870.5 5
4871.5 5
4872.5 -5
4873.5 21
4874.5 -2
4875.5 -3
4876.5 17
4877.5 -1
4878.5 -20
4879.5 -2
4880.5 16
4881.5 18
4882.5 12
4883.5 -5
4884.5 25
4885.5 13
4886.5 -5
4887.5 10
4888.5 20
4889.5 -5
4890.5 6
4891.5 -6
4892.5 -10
4893.5 11
4894.5 6
4895.5 8
4896.5 2
4897.5 7
4898.5 4
4899.5 15
4900.5 0
4901.5 0
4902.5 -11
4903.5 -6
4904.5 3
4905.5 -4
4906.5 -11
4907.5 4
4908.5 1
4909.5 13
4910.5 4
4911.5 -2
4912.5 1
4913.5 10
4914.5 -1
4915.5 26
4916.5 -4
4917.5 0
4918.5 14
4919.5 -9
4920.5 2
4921.5 5
4922.5 13
4923.5 2
4924.5 -11
4925.5 7
4926.5 11
4927.5 -11
4928.5 -13
4929.5 0
4930.5 3
4931.5 3
4932.5 -8
4933.5 11
4934.5 8
4935.5 -1
4936.5 11
4937.5 4
4938.5 21
4939.5 5
4940.5 -9
4941.5 3
4942.5 7
4943.5 12
4944.5 -4
4945.5 1
4946.5 -9
4947.5 -6
4948.5 12
4949.5 7
4950.5 -3
4951.5 -3
4952.5 10
4953.5 6
4954.5 2
4955.5 -2
4956.5 -7
4957.5 -3
4958.5 -6
4959.5 3
4960.5 -26
4961.5 -13
4962.5 -2
4963.5 17
4964.5 -2
4965.5 -5
4966.5 3
4967.5 8
4968.5 11
4969.5 -4
4970.5 -1
4971.5 14
4972.5 2
4973.5 4
4974.5 -4
4975.5 9
4976.5 -6
4977.5 2
4978.5 -4
4979.5 -5
4980.5 -9
4981.5 14
4982.5 -7
4983.5 -17
4984.5 -2
4985.5 10
4986.5 -6
4987.5 3
4988.5 5
4989.5 -2
4990.5 1
4991.5 5
4992.5 1
4993.5 -4
4994.5 -3
4995.5 -4
4996.5 3
4997.5 6
4998.5 -20
4999.5 -7
5000.5 10
5001.5 -10
5002.5 1
5003.5 0
5004.5 -11
5005.5 -1
5006.5 -17
5007.5 -14
5008.5 6
5009.5 5
5010.5 3
5011.5 -2
5012.5 -2
5013.5 1
5014.5 6
5015.5 15
5016.5 -9
5017.5 -12
5018.5 0
5019.5 7
5020.5 19
5021.5 -6
5022.5 8
5023.5 15
5024.5 -1
5025.5 -14
5026.5 -11
5027.5 -2
5028.5 13
5029.5 2
5030.5 -4
5031.5 21
5032.5 25
5033.5 18
5034.5 55
5035.5 55
5036.5 94
5037.5 118
5038.5 99
5039.5 109
5040.5 68
5041.5 55
5042.5 24
5043.5 15
5044.5 15
5045.5 12
5046.5 2
5047.5 7
5048.5 -12
5049.5 -16
5050.5 -24
5051.5 -18
5052.5 1
5053.5 1
5054.5 0
5055.5 -3
5056.5 -2
5057.5 5
5058.5 1
5059.5 14
5060.5 1
5061.5 5
5062.5 -5
5063.5 -2
5064.5 2
5065.5 -3
5066.5 -7
5067.5 23
5068.5 -12
5069.5 9
5070.5 2
5071.5 16
5072.5 3
5073.5 15
5074.5 11
5075.5 6
5076.5 0
5077.5 6
5078.5 13
5079.5 -2
5080.5 -3
5081.5 4
5082.5 3
5083.5 7
5084.5 -8
5085.5 7
5086.5 30
5087.5 33
5088.5 24
5089.5 56
5090.5 53
5091.5 37
5092.5 50
5093.5 24
5094.5 33
5095.5 19
5096.5 -6
5097.5 -9
5098.5 1
5099.5 7
5100.5 12
5101.5 -6
5102.5 -12
5103.5 -10
5104.5 10
5105.5 -4
5106.5 -3
5107.5 6
5108.5 6
5109.5 18
5110.5 4
5111.5 2
5112.5 -2
5113.5 6
5114.5 -11
5115.5 1
5116.5 11
5117.5 2
5118.5 -2
5119.5 -5
5120.5 -9
5121.5 -9
5122.5 21
5123.5 1
5124.5 10
5125.5 2
5126.5 8
5127.5 14
5128.5 5
5129.5 -3
5130.5 1
5131.5 4
5132.5 -7
5133.5 -11
5134.5 0
5135.5 1
5136.5 0
5137.5 21
5138.5 0
5139.5 -4
5140.5 -5
5141.5 -5
5142.5 1
5143.5 -1
5144.5 13
5145.5 12
5146.5 -20
5147.5 -19
5148.5 7
5149.5 -1
5150.5 -6
5151.5 -18
5152.5 2
5153.5 -13
5154.5 -8
5155.5 -19
5156.5 -16
5157.5 -6
5158.5 0
5159.5 -1
5160.5 11
5161.5 11
5162.5 5
5163.5 -8
5164.5 8
5165.5 0
5166.5 13
5167.5 -14
5168.5 8
5169.5 12
5170.5 -2
5171.5 -7
5172.5 -2
5173.5 -6
5174.5 10
5175.5 0
5176.5 14
5177.5 4
5178.5 -1
5179.5 -5
5180.5 -3
5181.5 7
5182.5 7
5183.5 7
5184.5 3
5185.5 4
5186.5 3
5187.5 -9
5188.5 -5
5189.5 -3
5190.5 8
5191.5 -1
5192.5 8
5193.5 -11
5194.5 -3
5195.5 3
5196.5 -9
5197.5 -14
5198.5 7
5199.5 3
5200.5 3
5201.5 10
5202.5 -1
5203.5 3
5204.5 11
5205.5 -4
5206.5 2
5207.5 1
5208.5 -9
5209.5 -1
5210.5 12
5211.5 10
5212.5 -1
5213.5 -4
5214.5 0
5215.5 -6
5216.5 3
5217.5 5
5218.5 1
5219.5 -7
5220.5 9
5221.5 3
5222.5 -16
5223.5 12
5224.5 -4
5225.5 5
5226.5 3
5227.5 -3
5228.5 -7
5229.5 -3
5230.5 0
5231.5 9
5232.5 -11
5233.5 -7
5234.5 9
5235.5 -3
5236.5 5
5237.5 -2
5238.5 3
5239.5 10
5240.5 6
5241.5 3
5242.5 4
5243.5 -2
5244.5 -1
5245.5 4
5246.5 -3
5247.5 11
5248.5 6
5249.5 -15
5250.5 7
5251.5 3
5252.5 -2
5253.5 6
5254.5 -1
5255.5 -8
5256.5 6
5257.5 -2
5258.5 -4
5259.5 -5
5260.5 8
5261.5 -4
5262.5 -4
5263.5 -10
5264.5 19
5265.5 -10
5266.5 1
5267.5 7
5268.5 -1
5269.5 7
5270.5 -4
5271.5 11
5272.5 0
5273.5 -3
5274.5 -3
5275.5 -1
5276.5 -5
5277.5 -2
5278.5 -15
5279.5 0
5280.5 1
5281.5 14
5282.5 1
5283.5 -6
5284.5 -3
5285.5 -4
5286.5 4
5287.5 2
5288.5 -12
5289.5 -20
5290.5 17
5291.5 -17
5292.5 1
5293.5 4
5294.5 10
5295.5 -3
5296.5 4
5297.5 0
5298.5 1
5299.5 -15
5300.5 -1
5301.5 1
5302.5 -1
5303.5 13
5304.5 6
5305.5 -4
5306.5 6
5307.5 -7
5308.5 3
5309.5 -11
5310.5 5
5311.5 -11
5312.5 -7
5313.5 -3
5314.5 -1
5315.5 -4
5316.5 16
5317.5 0
5318.5 2
5319.5 -8
5320.5 -4
5321.5 1
5322.5 8
5323.5 5
5324.5 -6
5325.5 -4
5326.5 -1
5327.5 4
5328.5 11
5329.5 16
5330.5 8
5331.5 -7
5332.5 -6
5333.5 -8
5334.5 -2
5335.5 1
5336.5 5
5337.5 -4
5338.5 -1
5339.5 -7
5340.5 5
5341.5 5
5342.5 10
5343.5 0
5344.5 -2
5345.5 12
5346.5 11
5347.5 12
5348.5 7
5349.5 17
5350.5 54
5351.5 36
5352.5 89
5353.5 109
5354.5 146
5355.5 130
5356.5 96
5357.5 79
5358.5 42
5359.5 4
5360.5 4
5361.5 -3
5362.5 5
5363.5 12
5364.5 4
5365.5 -2
5366.5 -2
5367.5 0
5368.5 -6
5369.5 -5
5370.5 -2
5371.5 2
5372.5 -4
5373.5 -9
5374.5 -1
5375.5 3
5376.5 -3
5377.5 -4
5378.5 -2
5379.5 5
5380.5 0
5381.5 5
5382.5 4
5383.5 -17
5384.5 -12
5385.5 -12
5386.5 -33
5387.5 -35
5388.5 -38
5389.5 -61
5390.5 -31
5391.5 -1
5392.5 -11
5393.5 -24
5394.5 5
5395.5 4
5396.5 18
5397.5 16
5398.5 12
5399.5 2
5400.5 9
5401.5 -3
5402.5 -5
5403.5 0
5404.5 -9
5405.5 -2
5406.5 -2
5407.5 -8
5408.5 -5
5409.5 4
5410.5 -1
5411.5 -5
5412.5 1
5413.5 4
5414.5 -7
5415.5 -5
5416.5 -1
5417.5 11
5418.5 -14
5419.5 -3
5420.5 2
5421.5 7
5422.5 6
5423.5 0
5424.5 5
5425.5 3
5426.5 -3
5427.5 -8
5428.5 -3
5429.5 -1
5430.5 -4
5431.5 -3
5432.5 9
5433.5 -2
5434.5 2
5435.5 -8
5436.5 -5
5437.5 2
5438.5 -6
5439.5 -6
5440.5 4
5441.5 0
5442.5 4
5443.5 -13
5444.5 3
5445.5 1
5446.5 -16
5447.5 5
5448.5 0
5449.5 3
5450.5 -2
5451.5 1
5452.5 -3
5453.5 8
5454.5 15
5455.5 -8
5456.5 -5
5457.5 7
5458.5 6
5459.5 5
5460.5 -4
5461.5 -2
5462.5 -8
5463.5 -1
5464.5 -2
5465.5 -1
5466.5 5
5467.5 -4
5468.5 -8
5469.5 -6
5470.5 -5
5471.5 2
5472.5 -13
5473.5 -1
5474.5 -2
5475.5 -4
5476.5 4
5477.5 3
5478.5 8
5479.5 2
5480.5 11
5481.5 -2
5482.5 0
5483.5 6
5484.5 5
5485.5 8
5486.5 -6
5487.5 4
5488.5 21
5489.5 0
5490.5 18
5491.5 -19
5492.5 7
5493.5 -14
5494.5 -13
5495.5 3
5496.5 13
5497.5 4
5498.5 5
5499.5 4
5500.5 -9
5501.5 -4
5502.5 -9
5503.5 -4
5504.5 -1
5505.5 3
5506.5 3
5507.5 -4
5508.5 -8
5509.5 -3
5510.5 -4
5511.5 3
5512.5 9
5513.5 -14
5514.5 -1
5515.5 2
5516.5 0
5517.5 14
5518.5 -5
5519.5 -4
5520.5 -5
5521.5 1
5522.5 5
5523.5 8
5524.5 -9
5525.5 -12
5526.5 -17
5527.5 -2
5528.5 2
5529.5 3
5530.5 -8
5531.5 2
5532.5 10
5533.5 2
5534.5 -8
5535.5 -5
5536.5 8
5537.5 -4
5538.5 -9
5539.5 0
5540.5 0
5541.5 -1
5542.5 8
5543.5 -3
5544.5 0
5545.5 -7
5546.5 -1
5547.5 -3
5548.5 -1
5549.5 -6
5550.5 -8
5551.5 -6
5552.5 -4
5553.5 -6
5554.5 9
5555.5 4
5556.5 -9
5557.5 -6
5558.5 1
5559.5 0
5560.5 7
5561.5 -13
5562.5 -12
5563.5 -9
5564.5 -20
5565.5 2
5566.5 -5
5567.5 4
5568.5 10
5569.5 -5
5570.5 -1
5571.5 -4
5572.5 1
5573.5 -5
5574.5 7
5575.5 3
5576.5 -12
5577.5 13
5578.5 -5
5579.5 2
5580.5 -9
5581.5 7
5582.5 -4
5583.5 -1
5584.5 6
5585.5 -1
5586.5 -16
5587.5 11
5588.5 -6
5589.5 0
5590.5 -11
5591.5 -11
5592.5 -8
5593.5 -2
5594.5 -7
5595.5 0
5596.5 9
5597.5 22
5598.5 17
5599.5 11
5600.5 21
5601.5 22
5602.5 9
5603.5 4
5604.5 5
5605.5 3
5606.5 -4
5607.5 -1
5608.5 -2
5609.5 -16
5610.5 -3
5611.5 -23
5612.5 -3
5613.5 -8
5614.5 -20
5615.5 2
5616.5 -12
5617.5 -9
5618.5 0
5619.5 -10
5620.5 -6
5621.5 -6
5622.5 -4
5623.5 2
5624.5 -4
5625.5 -1
5626.5 -8
5627.5 1
5628.5 -20
5629.5 -3
5630.5 -8
5631.5 11
5632.5 7
5633.5 5
5634.5 -5
5635.5 8
5636.5 8
5637.5 -4
5638.5 4
5639.5 0
5640.5 -6
5641.5 -3
5642.5 3
5643.5 -5
5644.5 9
5645.5 13
5646.5 -9
5647.5 -2
5648.5 4
5649.5 -5
5650.5 -4
5651.5 2
5652.5 -13
5653.5 -4
5654.5 -6
5655.5 -3
5656.5 7
5657.5 -7
5658.5 0
5659.5 7
5660.5 -6
5661.5 -2
5662.5 3
5663.5 -11
5664.5 -1
5665.5 3
5666.5 0
5667.5 -5
5668.5 -4
5669.5 -13
5670.5 1
5671.5 12
5672.5 -3
5673.5 4
5674.5 -1
5675.5 1
5676.5 3
5677.5 -4
5678.5 -11
5679.5 -15
5680.5 -1
5681.5 5
5682.5 -7
5683.5 0
5684.5 -2
5685.5 -6
5686.5 6
5687.5 -3
5688.5 -9
5689.5 -8
5690.5 -1
5691.5 -13
5692.5 2
5693.5 -1
5694.5 -6
5695.5 -6
5696.5 9
5697.5 17
5698.5 -1
5699.5 -5
5700.5 5
5701.5 -1
5702.5 1
5703.5 -3
5704.5 -10
5705.5 -5
5706.5 6
5707.5 0
5708.5 -12
5709.5 13
5710.5 -6
5711.5 -1
5712.5 7
5713.5 -12
5714.5 -6
5715.5 -5
5716.5 -1
5717.5 0
5718.5 -4
5719.5 -8
5720.5 -14
5721.5 3
5722.5 12
5723.5 -5
5724.5 -5
5725.5 -8
5726.5 -7
5727.5 -11
5728.5 -8
5729.5 7
5730.5 -2
5731.5 -2
5732.5 -4
5733.5 -6
5734.5 3
5735.5 0
5736.5 -12
5737.5 1
5738.5 -6
5739.5 1
5740.5 -6
5741.5 6
5742.5 0
5743.5 -5
5744.5 9
5745.5 0
5746.5 -4
5747.5 -4
5748.5 7
5749.5 -3
5750.5 -21
5751.5 3
5752.5 -7
5753.5 -4
5754.5 -3
5755.5 -2
5756.5 -6
5757.5 -4
5758.5 -7
5759.5 -3
5760.5 -3
5761.5 5
5762.5 0
5763.5 -9
5764.5 -3
5765.5 -10
5766.5 1
5767.5 -6
5768.5 8
5769.5 -1
5770.5 -11
5771.5 -3
5772.5 -14
5773.5 -2
5774.5 -6
5775.5 -12
5776.5 0
5777.5 -4
5778.5 4
5779.5 -1
5780.5 2
5781.5 -2
5782.5 -9
5783.5 5
5784.5 -12
5785.5 -13
5786.5 1
5787.5 -3
5788.5 7
5789.5 -5
5790.5 -3
5791.5 -2
5792.5 -6
5793.5 -1
5794.5 16
5795.5 1
5796.5 -2
5797.5 -6
5798.5 0
5799.5 -4
5800.5 -3
5801.5 -4
5802.5 -2
5803.5 -2
5804.5 -3
5805.5 1
5806.5 -4
5807.5 -4
5808.5 0
5809.5 8
5810.5 3
5811.5 4
5812.5 -5
5813.5 5
5814.5 -7
5815.5 3
5816.5 10
5817.5 -4
5818.5 -9
5819.5 -4
5820.5 -2
5821.5 7
5822.5 -6
5823.5 -1
5824.5 -4
5825.5 0
5826.5 5
5827.5 1
5828.5 0
5829.5 -8
5830.5 4
5831.5 -4
5832.5 5
5833.5 -10
5834.5 8
5835.5 3
5836.5 -6
5837.5 -16
5838.5 -1
5839.5 2
5840.5 -18
5841.5 39
5842.5 7
5843.5 3
5844.5 1
5845.5 -7
5846.5 -2
5847.5 3
5848.5 -5
5849.5 -6
5850.5 -10
5851.5 -4
5852.5 -6
5853.5 -6
5854.5 5
5855.5 -13
5856.5 5
5857.5 5
5858.5 1
5859.5 8
5860.5 6
5861.5 0
5862.5 -5
5863.5 -2
5864.5 -2
5865.5 1
5866.5 -6
5867.5 3
5868.5 -2
5869.5 1
5870.5 -1
5871.5 2
5872.5 2
5873.5 -4
5874.5 -6
5875.5 -6
5876.5 -2
5877.5 -3
5878.5 0
5879.5 -8
5880.5 2
5881.5 -1
5882.5 -5
5883.5 8
5884.5 9
5885.5 -5
5886.5 3
5887.5 0
5888.5 -3
5889.5 -10
5890.5 -2
5891.5 5
5892.5 -4
5893.5 1
5894.5 -8
5895.5 -16
5896.5 -24
5897.5 -13
5898.5 -14
5899.5 -101
5900.5 -42
5901.5 -69
5902.5 -9
5903.5 -22
5904.5 -12
5905.5 -8
5906.5 -14
5907.5 -10
5908.5 -5
5909.5 -13
5910.5 -2
5911.5 -1
5912.5 -2
5913.5 -3
5914.5 -1
5915.5 -2
5916.5 4
5917.5 7
5918.5 -2
5919.5 -2
5920.5 -4
5921.5 -1
5922.5 -4
5923.5 0
5924.5 3
5925.5 -3
5926.5 2
5927.5 -5
5928.5 4
5929.5 -6
5930.5 1
5931.5 3
5932.5 -7
5933.5 4
5934.5 -1
5935.5 -3
5936.5 -2
5937.5 7
5938.5 -2
5939.5 -5
5940.5 -3
5941.5 7
5942.5 -9
5943.5 -10
5944.5 3
5945.5 -1
5946.5 2
5947.5 1
5948.5 -9
5949.5 -2
5950.5 -8
5951.5 0
5952.5 7
5953.5 4
5954.5 -4
5955.5 -5
5956.5 -2
5957.5 1
5958.5 -9
5959.5 7
5960.5 2
5961.5 -5
5962.5 5
5963.5 -1
5964.5 3
5965.5 3
5966.5 3
5967.5 -7
5968.5 -10
5969.5 3
5970.5 -11
5971.5 0
5972.5 0
5973.5 3
5974.5 -5
5975.5 -3
5976.5 3
5977.5 -3
5978.5 -5
5979.5 -5
5980.5 -4
5981.5 2
5982.5 -12
5983.5 0
5984.5 -3
5985.5 4
5986.5 2
5987.5 -4
5988.5 -1
5989.5 -3
5990.5 -2
5991.5 -10
5992.5 9
5993.5 0
5994.5 1
5995.5 4
5996.5 4
5997.5 -4
5998.5 -7
5999.5 3
6000.5 4
6001.5 7
6002.5 -10
6003.5 -15
6004.5 -4
6005.5 7
6006.5 2
6007.5 -2
6008.5 1
6009.5 -4
6010.5 -3
6011.5 -9
6012.5 4
6013.5 0
6014.5 -2
6015.5 -6
6016.5 -3
6017.5 1
6018.5 0
6019.5 -1
6020.5 -1
6021.5 -5
6022.5 0
6023.5 -5
6024.5 -6
6025.5 -4
6026.5 8
6027.5 -3
6028.5 1
6029.5 0
6030.5 -15
6031.5 8
6032.5 5
6033.5 -7
6034.5 0
6035.5 2
6036.5 6
6037.5 4
6038.5 2
6039.5 -7
6040.5 0
6041.5 5
6042.5 0
6043.5 -10
6044.5 7
6045.5 1
6046.5 -4
6047.5 8
6048.5 -1
6049.5 -3
6050.5 -5
6051.5 2
6052.5 2
6053.5 1
6054.5 0
6055.5 -1
6056.5 2
6057.5 -1
6058.5 -1
6059.5 1
6060.5 0
6061.5 -1
6062.5 -2
6063.5 4
6064.5 -7
6065.5 3
6066.5 -2
6067.5 -3
6068.5 -2
6069.5 -5
6070.5 -9
6071.5 -13
6072.5 -13
6073.5 -12
6074.5 -3
6075.5 -23
6076.5 -4
6077.5 -2
6078.5 2
6079.5 -7
6080.5 4
6081.5 -8
6082.5 -11
6083.5 0
6084.5 7
6085.5 2
6086.5 0
6087.5 1
6088.5 4
6089.5 -2
6090.5 2
6091.5 0
6092.5 10
6093.5 -7
6094.5 -2
6095.5 -7
6096.5 1
6097.5 0
6098.5 5
6099.5 3
6100.5 5
6101.5 -9
6102.5 11
6103.5 4
6104.5 7
6105.5 3
6106.5 5
6107.5 -4
6108.5 5
6109.5 1
6110.5 -10
6111.5 -1
6112.5 -1
6113.5 6
6114.5 -3
6115.5 3
6116.5 5
6117.5 0
6118.5 -17
6119.5 -9
6120.5 -16
6121.5 -9
6122.5 -16
6123.5 -24
6124.5 -28
6125.5 -35
6126.5 -28
6127.5 -18
6128.5 -4
6129.5 0
6130.5 -4
6131.5 -2
6132.5 2
6133.5 -4
6134.5 -1
6135.5 3
6136.5 -2
6137.5 -3
6138.5 5
6139.5 -1
6140.5 -4
6141.5 -4
6142.5 8
6143.5 3
6144.5 -5
6145.5 0
6146.5 -2
6147.5 2
6148.5 -2
6149.5 -9
6150.5 1
6151.5 2
6152.5 5
6153.5 1
6154.5 -3
6155.5 3
6156.5 4
6157.5 -4
6158.5 -8
6159.5 1
6160.5 0
6161.5 0
6162.5 -1
6163.5 -2
6164.5 1
6165.5 -4
6166.5 2
6167.5 -7
6168.5 0
6169.5 -4
6170.5 -4
6171.5 -4
6172.5 -5
6173.5 4
6174.5 -4
6175.5 -2
6176.5 0
6177.5 -3
6178.5 -7
6179.5 0
6180.5 3
6181.5 2
6182.5 -2
6183.5 -3
6184.5 -5
6185.5 3
6186.5 -6
6187.5 8
6188.5 3
6189.5 -3
6190.5 2
6191.5 -5
6192.5 2
6193.5 -3
6194.5 4
6195.5 -1
6196.5 -10
6197.5 2
6198.5 1
6199.5 -6
6200.5 -3
6201.5 -5
6202.5 -1
6203.5 9
6204.5 8
6205.5 3
6206.5 8
6207.5 1
6208.5 -3
6209.5 9
6210.5 -2
6211.5 2
6212.5 2
6213.5 5
6214.5 5
6215.5 2
6216.5 2
6217.5 1
6218.5 4
6219.5 -5
6220.5 6
6221.5 10
6222.5 0
6223.5 4
6224.5 3
6225.5 -2
6226.5 -3
6227.5 5
6228.5 -6
6229.5 -2
6230.5 -6
6231.5 -2
6232.5 5
6233.5 -3
6234.5 -6
6235.5 -3
6236.5 1
6237.5 -1
6238.5 0
6239.5 -5
6240.5 2
6241.5 -2
6242.5 2
6243.5 -3
6244.5 -2
6245.5 1
6246.5 1
6247.5 0
6248.5 -5
6249.5 2
6250.5 -1
6251.5 3
6252.5 5
6253.5 0
6254.5 -1
6255.5 -2
6256.5 1
6257.5 1
6258.5 3
6259.5 -5
6260.5 3
6261.5 7
6262.5 6
6263.5 5
6264.5 -5
6265.5 3
6266.5 -1
6267.5 4
6268.5 -5
6269.5 -2
6270.5 -2
6271.5 0
6272.5 -2
6273.5 3
6274.5 3
6275.5 2
6276.5 1
6277.5 4
6278.5 -1
6279.5 1
6280.5 2
6281.5 -1
6282.5 -2
6283.5 -2
6284.5 -1
6285.5 -4
6286.5 2
6287.5 6
6288.5 2
6289.5 -2
6290.5 -1
6291.5 -5
6292.5 2
6293.5 0
6294.5 2
6295.5 -2
6296.5 -1
6297.5 -4
6298.5 1
6299.5 -6
6300.5 0
6301.5 0
6302.5 -4
6303.5 0
6304.5 1
6305.5 4
6306.5 -6
6307.5 2
6308.5 5
6309.5 -4
6310.5 -6
6311.5 3
6312.5 -2
6313.5 3
6314.5 -2
6315.5 0
6316.5 -1
6317.5 -4
6318.5 0
6319.5 -1
6320.5 5
6321.5 0
6322.5 1
6323.5 -1
6324.5 -3
6325.5 9
6326.5 -2
6327.5 -4
6328.5 0
6329.5 -3
6330.5 8
6331.5 -4
6332.5 1
6333.5 -7
6334.5 0
6335.5 -2
6336.5 -1
6337.5 2
6338.5 2
6339.5 0
6340.5 2
6341.5 1
6342.5 4
6343.5 2
6344.5 -2
6345.5 7
6346.5 -6
6347.5 -1
6348.5 -4
6349.5 -6
6350.5 5
6351.5 -1
6352.5 3
6353.5 -4
6354.5 -7
6355.5 -6
6356.5 -1
6357.5 -5
6358.5 4
6359.5 4
6360.5 4
6361.5 0
6362.5 -1
6363.5 -5
6364.5 -1
6365.5 1
6366.5 1
6367.5 5
6368.5 3
6369.5 2
6370.5 2
6371.5 -6
6372.5 -5
6373.5 5
6374.5 0
6375.5 2
6376.5 -1
6377.5 -2
6378.5 4
6379.5 -1
6380.5 0
6381.5 2
6382.5 0
6383.5 -2
6384.5 5
6385.5 -4
6386.5 4
6387.5 4
6388.5 -5
6389.5 1
6390.5 -1
6391.5 -8
6392.5 1
6393.5 3
6394.5 3
6395.5 4
6396.5 -2
6397.5 -1
6398.5 4
6399.5 0
6400.5 -3
6401.5 -2
6402.5 1
6403.5 0
6404.5 3
6405.5 -2
6406.5 0
6407.5 -3
6408.5 -2
6409.5 4
6410.5 -1
6411.5 -4
6412.5 5
6413.5 9
6414.5 -3
6415.5 3
6416.5 -2
6417.5 -4
6418.5 -2
6419.5 -5
6420.5 6
6421.5 -2
6422.5 -2
6423.5 -8
6424.5 -8
6425.5 -1
6426.5 1
6427.5 1
6428.5 -1
6429.5 1
6430.5 -4
6431.5 4
6432.5 0
6433.5 3
6434.5 5
6435.5 -1
6436.5 -5
6437.5 10
6438.5 -9
6439.5 -3
6440.5 -3
6441.5 -2
6442.5 -5
6443.5 2
6444.5 0
6445.5 1
6446.5 2
6447.5 0
6448.5 -1
6449.5 -3
6450.5 -2
6451.5 5
6452.5 3
6453.5 -8
6454.5 -1
6455.5 0
6456.5 2
6457.5 6
6458.5 -1
6459.5 5
6460.5 6
6461.5 -4
6462.5 1
6463.5 6
6464.5 -1
6465.5 2
6466.5 1
6467.5 12
6468.5 4
6469.5 4
6470.5 -1
6471.5 2
6472.5 0
6473.5 1
6474.5 -4
6475.5 -2
6476.5 -5
6477.5 -3
6478.5 -21
6479.5 -16
6480.5 -14
6481.5 9
6482.5 1
6483.5 -5
6484.5 -4
6485.5 -5
6486.5 0
6487.5 4
6488.5 1
6489.5 -4
6490.5 2
6491.5 0
6492.5 6
6493.5 -2
6494.5 0
6495.5 -1
6496.5 0
6497.5 -3
6498.5 -2
6499.5 4
6500.5 -1
6501.5 5
6502.5 -3
6503.5 1
6504.5 1
6505.5 1
6506.5 -7
6507.5 -4
6508.5 1
6509.5 5
6510.5 3
6511.5 2
6512.5 -5
6513.5 -3
6514.5 2
6515.5 0
6516.5 -2
6517.5 -1
6518.5 0
6519.5 1
6520.5 1
6521.5 -4
6522.5 -3
6523.5 -2
6524.5 -1
6525.5 -5
6526.5 -2
6527.5 -1
6528.5 -2
6529.5 -1
6530.5 -1
6531.5 0
6532.5 4
6533.5 1
6534.5 0
6535.5 3
6536.5 2
6537.5 -1
6538.5 2
6539.5 -4
6540.5 -8
6541.5 -3
6542.5 -3
6543.5 10
6544.5 -5
6545.5 18
6546.5 10
6547.5 11
6548.5 4
6549.5 -8
6550.5 1
6551.5 -7
6552.5 3
6553.5 4
6554.5 0
6555.5 1
6556.5 0
6557.5 0
6558.5 5
6559.5 -1
6560.5 -2
6561.5 1
6562.5 -3
6563.5 4
6564.5 0
6565.5 1
6566.5 0
6567.5 1
6568.5 5
6569.5 1
6570.5 4
6571.5 4
6572.5 2
6573.5 -2
6574.5 2
6575.5 1
6576.5 3
6577.5 -3
6578.5 -1
6579.5 -5
6580.5 0
6581.5 -3
6582.5 -3
6583.5 0
6584.5 0
6585.5 -2
6586.5 -2
6587.5 7
6588.5 1
6589.5 4
6590.5 3
6591.5 -4
6592.5 -1
6593.5 -2
6594.5 -1
6595.5 -1
6596.5 1
6597.5 0
6598.5 -1
6599.5 -6
6600.5 -1
6601.5 -1
6602.5 -1
6603.5 -1
6604.5 5
6605.5 1
6606.5 1
6607.5 3
6608.5 1
6609.5 -2
6610.5 -1
6611.5 2
6612.5 3
6613.5 4
6614.5 -2
6615.5 0
6616.5 0
6617.5 -1
6618.5 5
6619.5 -2
6620.5 0
6621.5 3
6622.5 -6
6623.5 1
6624.5 -6
6625.5 0
6626.5 0
6627.5 0
6628.5 -1
6629.5 1
6630.5 -4
6631.5 -1
6632.5 -1
6633.5 2
6634.5 1
6635.5 -2
6636.5 -7
6637.5 -2
6638.5 0
6639.5 6
6640.5 -4
6641.5 2
6642.5 0
6643.5 0
6644.5 0
6645.5 0
6646.5 -7
6647.5 5
6648.5 -8
6649.5 -8
6650.5 4
6651.5 -4
6652.5 -2
6653.5 -1
6654.5 0
6655.5 -3
6656.5 -1
6657.5 -2
6658.5 1
6659.5 2
6660.5 2
6661.5 1
6662.5 0
6663.5 -2
6664.5 0
6665.5 1
6666.5 4
6667.5 -1
6668.5 0
6669.5 -4
6670.5 -2
6671.5 1
6672.5 -1
6673.5 1
6674.5 -1
6675.5 -2
6676.5 -3
6677.5 0
6678.5 -1
6679.5 5
6680.5 -6
6681.5 0
6682.5 -5
6683.5 -2
6684.5 -1
6685.5 -6
6686.5 -8
6687.5 -6
6688.5 -4
6689.5 -4
6690.5 8
6691.5 1
6692.5 0
6693.5 1
6694.5 -2
6695.5 4
6696.5 -2
6697.5 4
6698.5 2
6699.5 -2
6700.5 3
6701.5 5
6702.5 0
6703.5 1
6704.5 -5
6705.5 -2
6706.5 1
6707.5 4
6708.5 -4
6709.5 -2
6710.5 -1
6711.5 -2
6712.5 0
6713.5 1
6714.5 -5
6715.5 -5
6716.5 0
6717.5 -4
6718.5 2
6719.5 -2
6720.5 7
6721.5 6
6722.5 3
6723.5 3
6724.5 -1
6725.5 6
6726.5 0
6727.5 -1
6728.5 2
6729.5 -2
6730.5 0
6731.5 2
6732.5 -5
6733.5 4
6734.5 -1
6735.5 0
6736.5 4
6737.5 3
6738.5 -2
6739.5 1
6740.5 -2
6741.5 -5
6742.5 2
6743.5 -1
6744.5 0
6745.5 0
6746.5 1
6747.5 -6
6748.5 0
6749.5 1
6750.5 -5
6751.5 -6
6752.5 3
6753.5 -3
6754.5 2
6755.5 -1
6756.5 -1
6757.5 -1
6758.5 -1
6759.5 1
6760.5 -3
6761.5 2
6762.5 2
6763.5 -1
6764.5 2
6765.5 -7
6766.5 0
6767.5 -7
6768.5 -7
6769.5 -1
6770.5 0
6771.5 0
6772.5 -9
6773.5 12
6774.5 2
6775.5 -5
6776.5 -2
6777.5 0
6778.5 2
6779.5 0
6780.5 0
6781.5 -1
6782.5 1
6783.5 -2
6784.5 0
6785.5 2
6786.5 -6
6787.5 1
6788.5 -1
6789.5 -2
6790.5 -1
6791.5 -2
6792.5 -3
6793.5 5
6794.5 1
6795.5 -1
6796.5 -1
6797.5 -1
6798.5 0
6799.5 -2
6800.5 2
6801.5 -1
6802.5 -3
6803.5 0
6804.5 0
6805.5 -1
6806.5 -3
6807.5 -1
6808.5 1
6809.5 -4
6810.5 1
6811.5 2
6812.5 -1
6813.5 -2
6814.5 -2
6815.5 0
6816.5 -3
6817.5 0
6818.5 -1
6819.5 1
6820.5 -3
6821.5 -1
6822.5 2
6823.5 2
6824.5 1
6825.5 0
6826.5 -6
6827.5 2
6828.5 -2
6829.5 -2
6830.5 0
6831.5 -1
6832.5 -3
6833.5 1
6834.5 -4
6835.5 0
6836.5 -1
6837.5 -3
6838.5 -3
6839.5 0
6840.5 -2
6841.5 -2
6842.5 1
6843.5 -5
6844.5 3
6845.5 -2
6846.5 -2
6847.5 -1
6848.5 0
6849.5 -1
6850.5 1
6851.5 4
6852.5 -1
6853.5 3
6854.5 0
6855.5 -5
6856.5 0
6857.5 1
6858.5 2
6859.5 -2
6860.5 1
6861.5 2
6862.5 1
6863.5 -1
6864.5 -3
6865.5 -1
6866.5 2
6867.5 1
6868.5 -1
6869.5 0
6870.5 -2
6871.5 -1
6872.5 4
6873.5 -3
6874.5 3
6875.5 0
6876.5 0
6877.5 -5
6878.5 0
6879.5 -1
6880.5 0
6881.5 1
6882.5 3
6883.5 -1
6884.5 1
6885.5 0
6886.5 0
6887.5 -3
6888.5 -1
6889.5 1
6890.5 -1
6891.5 -1
6892.5 0
6893.5 0
6894.5 2
6895.5 0
6896.5 1
6897.5 0
6898.5 -4
6899.5 1
6900.5 0
6901.5 3
6902.5 -2
6903.5 2
6904.5 0
6905.5 -3
6906.5 -3
6907.5 3
6908.5 -1
6909.5 -4
6910.5 -2
6911.5 -2
6912.5 -1
6913.5 -1
6914.5 -1
6915.5 -1
6916.5 -5
6917.5 -1
6918.5 0
6919.5 1
6920.5 2
6921.5 0
6922.5 0
6923.5 2
6924.5 -1
6925.5 -4
6926.5 -3
6927.5 0
6928.5 1
6929.5 -9
6930.5 -3
6931.5 -3
6932.5 -5
6933.5 -5
6934.5 -16
6935.5 -13
6936.5 -10
6937.5 6
6938.5 -2
6939.5 -4
6940.5 0
6941.5 -1
6942.5 -2
6943.5 -5
6944.5 2
6945.5 -3
6946.5 0
6947.5 -2
6948.5 0
6949.5 2
6950.5 0
6951.5 0
6952.5 2
6953.5 -1
6954.5 -3
6955.5 -1
6956.5 0
6957.5 1
6958.5 2
6959.5 0
6960.5 0
6961.5 1
6962.5 0
6963.5 2
6964.5 0
6965.5 2
6966.5 3
6967.5 0
6968.5 -1
6969.5 2
6970.5 1
6971.5 0
6972.5 2
6973.5 -4
6974.5 -3
6975.5 1
6976.5 0
6977.5 0
6978.5 4
6979.5 2
6980.5 0
6981.5 1
6982.5 6
6983.5 1
6984.5 1
6985.5 -1
6986.5 1
6987.5 1
6988.5 -1
6989.5 -1
6990.5 -3
6991.5 0
6992.5 0
6993.5 -3
6994.5 0
6995.5 1
6996.5 -2
6997.5 1
6998.5 0
6999.5 2
7000.5 -2
7001.5 0
7002.5 1
7003.5 1
7004.5 2
7005.5 1
7006.5 -1
7007.5 0
7008.5 -3
7009.5 -1
7010.5 0
7011.5 -4
7012.5 0
7013.5 1
7014.5 -1
7015.5 -2
7016.5 -3
7017.5 2
7018.5 0
7019.5 -1
7020.5 -1
7021.5 0
7022.5 -1
7023.5 -1
7024.5 -2
7025.5 1
7026.5 1
7027.5 1
7028.5 1
7029.5 0
7030.5 -1
7031.5 0
7032.5 0
7033.5 1
7034.5 -1
7035.5 0
7036.5 0
7037.5 0
7038.5 1
7039.5 -2
7040.5 -1
7041.5 1
7042.5 2
7043.5 -1
7044.5 0
7045.5 -2
7046.5 2
7047.5 -1
7048.5 -1
7049.5 0
7050.5 -2
7051.5 -1
7052.5 1
7053.5 -3
7054.5 0
7055.5 0
7056.5 -1
7057.5 3
7058.5 0
7059.5 2
7060.5 -1
7061.5 2
7062.5 0
7063.5 -2
7064.5 4
7065.5 0
7066.5 -2
7067.5 0
7068.5 0
7069.5 2
7070.5 1
7071.5 -2
7072.5 5
7073.5 1
7074.5 1
7075.5 -5
7076.5 0
7077.5 -5
7078.5 -2
7079.5 -2
7080.5 3
7081.5 1
7082.5 0
7083.5 4
7084.5 1
7085.5 3
7086.5 -3
7087.5 -1
7088.5 -1
7089.5 -1
7090.5 1
7091.5 0
7092.5 -1
7093.5 0
7094.5 3
7095.5 1
7096.5 1
7097.5 -1
7098.5 0
7099.5 -1
7100.5 -2
7101.5 -1
7102.5 2
7103.5 2
7104.5 -1
7105.5 0
7106.5 0
7107.5 0
7108.5 1
7109.5 0
7110.5 -1
7111.5 -2
7112.5 2
7113.5 -1
7114.5 -3
7115.5 0
7116.5 0
7117.5 0
7118.5 3
7119.5 2
7120.5 3
7121.5 0
7122.5 1
7123.5 0
7124.5 2
7125.5 -1
7126.5 2
7127.5 1
7128.5 0
7129.5 0
7130.5 -1
7131.5 0
7132.5 -2
7133.5 1
7134.5 3
7135.5 2
7136.5 -2
7137.5 0
7138.5 -2
7139.5 0
7140.5 -1
7141.5 1
7142.5 1
7143.5 1
7144.5 -1
7145.5 1
7146.5 1
7147.5 -1
7148.5 -1
7149.5 2
7150.5 -1
7151.5 2
7152.5 -2
7153.5 0
7154.5 1
7155.5 0
7156.5 2
7157.5 -1
7158.5 0
7159.5 -3
7160.5 -1
7161.5 -2
7162.5 -1
7163.5 0
7164.5 -1
7165.5 2
7166.5 1
7167.5 -4
7168.5 -2
7169.5 1
7170.5 -1
7171.5 -2
7172.5 -2
7173.5 0
7174.5 0
7175.5 0
7176.5 0
7177.5 0
7178.5 -2
7179.5 -1
7180.5 0
7181.5 1
7182.5 0
7183.5 0
7184.5 -1
7185.5 -1
7186.5 0
7187.5 0
7188.5 -1
7189.5 -1
7190.5 2
7191.5 -2
7192.5 2
7193.5 -1
7194.5 -2
7195.5 -7
7196.5 -6
7197.5 -6
7198.5 -10
7199.5 -12
7200.5 -11
7201.5 -6
7202.5 -4
7203.5 1
7204.5 -2
7205.5 -2
7206.5 -2
7207.5 -4
7208.5 0
7209.5 1
7210.5 -2
7211.5 -4
7212.5 -1
7213.5 0
7214.5 2
7215.5 -1
7216.5 1
7217.5 0
7218.5 3
7219.5 0
7220.5 -1
7221.5 -2
7222.5 2
7223.5 0
7224.5 0
7225.5 -1
7226.5 -1
7227.5 -1
7228.5 0
7229.5 0
7230.5 2
7231.5 1
7232.5 2
7233.5 0
7234.5 1
7235.5 1
7236.5 1
7237.5 3
7238.5 4
7239.5 -1
7240.5 1
7241.5 -1
7242.5 -3
7243.5 0
7244.5 1
7245.5 1
7246.5 0
7247.5 1
7248.5 0
7249.5 0
7250.5 1
7251.5 1
7252.5 0
7253.5 -1
7254.5 0
7255.5 -2
7256.5 -1
7257.5 1
7258.5 -1
7259.5 -3
7260.5 4
7261.5 0
7262.5 1
7263.5 -2
7264.5 0
7265.5 -2
7266.5 -2
7267.5 0
7268.5 0
7269.5 -2
7270.5 1
7271.5 -1
7272.5 2
7273.5 -1
7274.5 0
7275.5 0
7276.5 0
7277.5 -1
7278.5 -1
7279.5 0
7280.5 0
7281.5 1
7282.5 1
7283.5 2
7284.5 0
7285.5 -1
7286.5 2
7287.5 -1
7288.5 -1
7289.5 0
7290.5 0
7291.5 1
7292.5 -1
7293.5 0
7294.5 0
7295.5 1
7296.5 0
7297.5 1
7298.5 0
7299.5 -1
7300.5 1
7301.5 -2
7302.5 -1
7303.5 -2
7304.5 -2
7305.5 2
7306.5 -2
7307.5 -3
7308.5 0
7309.5 0
7310.5 0
7311.5 -1
7312.5 -1
7313.5 0
7314.5 -2
7315.5 4
7316.5 -5
7317.5 1
7318.5 0
7319.5 2
7320.5 -3
7321.5 0
7322.5 -1
7323.5 -2
7324.5 0
7325.5 1
7326.5 2
7327.5 0
7328.5 0
7329.5 1
7330.5 -1
7331.5 1
7332.5 0
7333.5 -1
7334.5 1
7335.5 0
7336.5 0
7337.5 0
7338.5 1
7339.5 0
7340.5 0
7341.5 1
7342.5 -1
7343.5 -2
7344.5 -1
7345.5 -1
7346.5 -1
7347.5 -3
7348.5 0
7349.5 -4
7350.5 -1
7351.5 3
7352.5 0
7353.5 2
7354.5 1
7355.5 2
7356.5 1
7357.5 -1
7358.5 1
7359.5 0
7360.5 -1
7361.5 -2
7362.5 0
7363.5 1
7364.5 -1
7365.5 2
7366.5 -1
7367.5 -1
7368.5 2
7369.5 0
7370.5 2
7371.5 0
7372.5 0
7373.5 0
7374.5 1
7375.5 0
7376.5 3
7377.5 0
7378.5 0
7379.5 0
7380.5 0
7381.5 -1
7382.5 1
7383.5 1
7384.5 1
7385.5 1
7386.5 0
7387.5 0
7388.5 0
7389.5 -1
7390.5 0
7391.5 0
7392.5 0
7393.5 2
7394.5 1
7395.5 0
7396.5 0
7397.5 1
7398.5 2
7399.5 -1
7400.5 -1
7401.5 0
7402.5 -1
7403.5 0
7404.5 0
7405.5 1
7406.5 1
7407.5 1
7408.5 -1
7409.5 1
7410.5 -2
7411.5 1
7412.5 -1
7413.5 -2
7414.5 2
7415.5 -1
7416.5 0
7417.5 1
7418.5 -1
7419.5 -1
7420.5 2
7421.5 1
7422.5 -1
7423.5 0
7424.5 1
7425.5 -1
7426.5 2
7427.5 3
7428.5 0
7429.5 0
7430.5 3
7431.5 2
7432.5 -2
7433.5 1
7434.5 -1
7435.5 2
7436.5 0
7437.5 0
7438.5 1
7439.5 1
7440.5 0
7441.5 0
7442.5 -1
7443.5 0
7444.5 -1
7445.5 -2
7446.5 0
7447.5 0
7448.5 0
7449.5 1
7450.5 1
7451.5 0
7452.5 0
7453.5 0
7454.5 1
7455.5 2
7456.5 1
7457.5 -1
7458.5 2
7459.5 -2
7460.5 0
7461.5 1
7462.5 0
7463.5 0
7464.5 0
7465.5 -1
7466.5 -1
7467.5 -4
7468.5 1
7469.5 0
7470.5 -2
7471.5 -1
7472.5 1
7473.5 0
7474.5 0
7475.5 0
7476.5 -1
7477.5 0
7478.5 1
7479.5 0
7480.5 0
7481.5 1
7482.5 1
7483.5 -1
7484.5 2
7485.5 -1
7486.5 0
7487.5 1
7488.5 0
7489.5 3
7490.5 0
7491.5 0
7492.5 0
7493.5 1
7494.5 0
7495.5 0
7496.5 0
7497.5 -1
7498.5 0
7499.5 0
7500.5 1
7501.5 -1
7502.5 0
7503.5 -1
7504.5 -1
7505.5 0
7506.5 0
7507.5 0
7508.5 0
7509.5 2
7510.5 1
7511.5 0
7512.5 0
7513.5 1
7514.5 -1
7515.5 0
7516.5 -2
7517.5 0
7518.5 1
7519.5 -1
7520.5 -1
7521.5 -1
7522.5 2
7523.5 0
7524.5 1
7525.5 0
7526.5 1
7527.5 0
7528.5 0
7529.5 -1
7530.5 0
7531.5 1
7532.5 -1
7533.5 2
7534.5 0
7535.5 -1
7536.5 -1
7537.5 0
7538.5 -2
7539.5 -1
7540.5 -1
7541.5 -1
7542.5 2
7543.5 1
7544.5 -1
7545.5 -1
7546.5 0
7547.5 -1
7548.5 -1
7549.5 1
7550.5 3
7551.5 -1
7552.5 1
7553.5 0
7554.5 1
7555.5 -1
7556.5 -1
7557.5 0
7558.5 0
7559.5 -2
7560.5 2
7561.5 -2
7562.5 0
7563.5 0
7564.5 0
7565.5 -1
7566.5 1
7567.5 0
7568.5 -1
7569.5 0
7570.5 1
7571.5 1
7572.5 1
7573.5 0
7574.5 -1
7575.5 -1
7576.5 -1
7577.5 0
7578.5 1
7579.5 1
7580.5 -1
7581.5 0
7582.5 1
7583.5 0
7584.5 0
7585.5 0
7586.5 0
7587.5 0
7588.5 -2
7589.5 -1
7590.5 -1
7591.5 0
7592.5 0
7593.5 1
7594.5 1
7595.5 0
7596.5 -2
7597.5 0
7598.5 -1
7599.5 1
7600.5 3
7601.5 0
7602.5 1
7603.5 -1
7604.5 0
7605.5 1
7606.5 0
7607.5 0
7608.5 1
7609.5 -1
7610.5 0
7611.5 -1
7612.5 0
7613.5 0
7614.5 -1
7615.5 -1
7616.5 -1
7617.5 0
7618.5 0
7619.5 1
7620.5 -2
7621.5 -1
7622.5 0
7623.5 -1
7624.5 1
7625.5 1
7626.5 -1
7627.5 0
7628.5 -2
7629.5 0
7630.5 2
7631.5 1
7632.5 -2
7633.5 0
7634.5 0
7635.5 1
7636.5 0
7637.5 0
7638.5 1
7639.5 -1
7640.5 0
7641.5 -1
7642.5 2
7643.5 -1
7644.5 0
7645.5 -2
7646.5 2
7647.5 0
7648.5 1
7649.5 -1
7650.5 0
7651.5 -1
7652.5 0
7653.5 1
7654.5 0
7655.5 -1
7656.5 2
7657.5 1
7658.5 -1
7659.5 -1
7660.5 0
7661.5 0
7662.5 -2
7663.5 0
7664.5 0
7665.5 0
7666.5 -1
7667.5 0
7668.5 -2
7669.5 0
7670.5 0
7671.5 0
7672.5 1
7673.5 0
7674.5 2
7675.5 3
7676.5 0
7677.5 0
7678.5 1
7679.5 0
7680.5 1
7681.5 -1
7682.5 0
7683.5 0
7684.5 0
7685.5 1
7686.5 -1
7687.5 0
7688.5 0
7689.5 0
7690.5 0
7691.5 1
7692.5 0
7693.5 -2
7694.5 1
7695.5 0
7696.5 0
7697.5 1
7698.5 -1
7699.5 -1
7700.5 0
7701.5 0
7702.5 -1
7703.5 0
7704.5 -2
7705.5 0
7706.5 -1
7707.5 0
7708.5 0
7709.5 -1
7710.5 1
7711.5 0
7712.5 -1
7713.5 1
7714.5 1
7715.5 2
7716.5 1
7717.5 2
7718.5 0
7719.5 1
7720.5 2
7721.5 1
7722.5 1
7723.5 1
7724.5 1
7725.5 0
7726.5 -1
7727.5 0
7728.5 -1
7729.5 -1
7730.5 -1
7731.5 2
7732.5 0
7733.5 0
7734.5 0
7735.5 0
7736.5 1
7737.5 0
7738.5 -1
7739.5 0
7740.5 0
7741.5 -1
7742.5 2
7743.5 0
7744.5 -1
7745.5 0
7746.5 0
7747.5 3
7748.5 0
7749.5 0
7750.5 1
7751.5 1
7752.5 0
7753.5 0
7754.5 -1
7755.5 0
7756.5 0
7757.5 1
7758.5 0
7759.5 0
7760.5 0
7761.5 -1
7762.5 0
7763.5 1
7764.5 0
7765.5 -1
7766.5 2
7767.5 0
7768.5 1
7769.5 0
7770.5 0
7771.5 -1
7772.5 -1
7773.5 -5
7774.5 -2
7775.5 -1
7776.5 0
7777.5 -3
7778.5 -1
7779.5 -1
7780.5 0
7781.5 0
7782.5 0
7783.5 1
7784.5 1
7785.5 -1
7786.5 1
7787.5 -1
7788.5 0
7789.5 0
7790.5 0
7791.5 -1
7792.5 -1
7793.5 1
7794.5 0
7795.5 0
7796.5 1
7797.5 0
7798.5 -2
7799.5 1
7800.5 0
7801.5 -1
7802.5 -1
7803.5 -3
7804.5 -1
7805.5 1
7806.5 1
7807.5 1
7808.5 0
7809.5 0
7810.5 0
7811.5 0
7812.5 0
7813.5 0
7814.5 0
7815.5 1
7816.5 0
7817.5 -2
7818.5 0
7819.5 0
7820.5 -2
7821.5 0
7822.5 0
7823.5 -1
7824.5 1
7825.5 0
7826.5 -1
7827.5 -4
7828.5 -4
7829.5 0
7830.5 -1
7831.5 0
7832.5 2
7833.5 2
7834.5 1
7835.5 -1
7836.5 -1
7837.5 -1
7838.5 1
7839.5 1
7840.5 0
7841.5 1
7842.5 0
7843.5 0
7844.5 0
7845.5 0
7846.5 -1
7847.5 -1
7848.5 0
7849.5 0
7850.5 0
7851.5 0
7852.5 0
7853.5 0
7854.5 -1
7855.5 0
7856.5 0
7857.5 0
7858.5 1
7859.5 0
7860.5 -1
7861.5 0
7862.5 -2
7863.5 0
7864.5 -1
7865.5 -2
7866.5 -1
7867.5 0
7868.5 0
7869.5 0
7870.5 1
7871.5 0
7872.5 0
7873.5 0
7874.5 0
7875.5 1
7876.5 2
7877.5 0
7878.5 0
7879.5 -1
7880.5 0
7881.5 1
7882.5 0
7883.5 0
7884.5 -1
7885.5 0
7886.5 1
7887.5 0
7888.5 0
7889.5 0
7890.5 0
7891.5 0
7892.5 -1
7893.5 0
7894.5 1
7895.5 0
7896.5 1
7897.5 1
7898.5 0
7899.5 1
7900.5 1
7901.5 0
7902.5 1
7903.5 0
7904.5 0
7905.5 -1
7906.5 0
7907.5 1
7908.5 0
7909.5 0
7910.5 0
7911.5 -1
7912.5 0
7913.5 0
7914.5 0
7915.5 -1
7916.5 0
7917.5 0
7918.5 1
7919.5 0
7920.5 0
7921.5 0
7922.5 0
7923.5 0
7924.5 0
7925.5 0
7926.5 -1
7927.5 -1
7928.5 -1
7929.5 0
7930.5 -1
7931.5 0
7932.5 0
7933.5 -2
7934.5 0
7935.5 -1
7936.5 0
7937.5 -1
7938.5 0
7939.5 -1
7940.5 0
7941.5 1
7942.5 -1
7943.5 0
7944.5 0
7945.5 0
7946.5 0
7947.5 0
7948.5 -2
7949.5 0
7950.5 -1
7951.5 0
7952.5 0
7953.5 0
7954.5 0
7955.5 0
7956.5 0
7957.5 1
7958.5 0
7959.5 3
7960.5 -1
7961.5 0
7962.5 0
7963.5 0
7964.5 0
7965.5 0
7966.5 0
7967.5 0
7968.5 -1
7969.5 0
7970.5 0
7971.5 0
7972.5 0
7973.5 0
7974.5 1
7975.5 0
7976.5 0
7977.5 -1
7978.5 -1
7979.5 0
7980.5 0
7981.5 1
7982.5 0
7983.5 0
7984.5 0
7985.5 1
7986.5 0
7987.5 1
7988.5 -1
7989.5 -1
7990.5 1
7991.5 -2
7992.5 0
7993.5 0
7994.5 0
7995.5 0
7996.5 0
7997.5 0
7998.5 1
7999.5 0
8000.5 0
8001.5 0
8002.5 0
8003.5 0
8004.5 0
8005.5 0
8006.5 0
8007.5 1
8008.5 -1
8009.5 0
8010.5 0
8011.5 0
8012.5 0
8013.5 1
8014.5 -1
8015.5 0
8016.5 -1
8017.5 0
8018.5 1
8019.5 1
8020.5 1
8021.5 0
8022.5 0
8023.5 0
8024.5 0
8025.5 0
8026.5 0
8027.5 1
8028.5 0
8029.5 0
8030.5 0
8031.5 -1
8032.5 0
8033.5 0
8034.5 0
8035.5 2
8036.5 0
8037.5 0
8038.5 0
8039.5 0
8040.5 0
8041.5 0
8042.5 0
8043.5 0
8044.5 0
8045.5 0
8046.5 -2
8047.5 0
8048.5 0
8049.5 1
8050.5 0
8051.5 0
8052.5 0
8053.5 0
8054.5 0
8055.5 0
8056.5 0
8057.5 0
8058.5 0
8059.5 0
8060.5 0
8061.5 0
8062.5 0
8063.5 0
8064.5 1
8065.5 0
8066.5 0
8067.5 1
8068.5 0
8069.5 -1
8070.5 1
8071.5 0
8072.5 0
8073.5 1
8074.5 0
8075.5 0
8076.5 -1
8077.5 0
8078.5 1
8079.5 0
8080.5 0
8081.5 0
8082.5 0
8083.5 -1
8084.5 0
8085.5 -1
8086.5 2
8087.5 0
8088.5 1
8089.5 1
8090.5 -1
8091.5 1
8092.5 0
8093.5 -2
8094.5 0
8095.5 1
8096.5 1
8097.5 1
8098.5 1
8099.5 0
8100.5 -2
8101.5 0
8102.5 0
8103.5 1
8104.5 -1
8105.5 0
8106.5 0
8107.5 -1
8108.5 0
8109.5 0
8110.5 0
8111.5 0
8112.5 0
8113.5 0
8114.5 0
8115.5 0
8116.5 0
8117.5 0
8118.5 1
8119.5 0
8120.5 1
8121.5 0
8122.5 0
8123.5 0
8124.5 -1
8125.5 0
8126.5 -1
8127.5 0
8128.5 0
8129.5 0
8130.5 0
8131.5 0
8132.5 0
8133.5 0
8134.5 1
8135.5 0
8136.5 0
8137.5 0
8138.5 0
8139.5 1
8140.5 0
8141.5 0
8142.5 0
8143.5 0
8144.5 0
8145.5 0
8146.5 1
8147.5 0
8148.5 0
8149.5 0
8150.5 0
8151.5 0
8152.5 0
8153.5 0
8154.5 0
8155.5 1
8156.5 0
8157.5 1
8158.5 1
8159.5 0
8160.5 0
8161.5 0
8162.5 0
8163.5 0
8164.5 -1
8165.5 0
8166.5 0
8167.5 0
8168.5 0
8169.5 0
8170.5 0
8171.5 0
8172.5 1
8173.5 1
8174.5 1
8175.5 0
8176.5 -1
8177.5 1
8178.5 0
8179.5 -1
8180.5 0
8181.5 -1
8182.5 -1
8183.5 0
8184.5 0
8185.5 0
8186.5 0
8187.5 0
8188.5 0
8189.5 1
8190.5 0
8191.5 0
8192.5 -1
8193.5 -1
8194.5 1
8195.5 0
8196.5 0
8197.5 0
8198.5 0
8199.5 0
8200.5 0
8201.5 0
8202.5 0
8203.5 0
8204.5 1
8205.5 0
8206.5 0
8207.5 1
8208.5 0
8209.5 0
8210.5 1
8211.5 0
8212.5 0
8213.5 1
8214.5 -1
8215.5 0
8216.5 2
8217.5 0
8218.5 0
8219.5 0
8220.5 0
8221.5 0
8222.5 0
8223.5 -1
8224.5 0
8225.5 0
8226.5 0
8227.5 1
8228.5 0
8229.5 0
8230.5 0
8231.5 0
8232.5 0
8233.5 0
8234.5 -1
8235.5 1
8236.5 -1
8237.5 1
8238.5 0
8239.5 0
8240.5 0
8241.5 0
8242.5 0
8243.5 0
8244.5 -1
8245.5 -1
8246.5 0
8247.5 0
8248.5 0
8249.5 0
8250.5 0
8251.5 1
8252.5 0
8253.5 0
8254.5 0
8255.5 0
8256.5 -1
8257.5 0
8258.5 0
8259.5 0
8260.5 0
8261.5 -1
8262.5 0
8263.5 0
8264.5 0
8265.5 0
8266.5 0
8267.5 0
8268.5 0
8269.5 0
8270.5 0
8271.5 0
8272.5 0
8273.5 -2
8274.5 -1
8275.5 0
8276.5 0
8277.5 0
8278.5 0
8279.5 0
8280.5 0
8281.5 0
8282.5 0
8283.5 0
8284.5 0
8285.5 0
8286.5 0
8287.5 0
8288.5 0
8289.5 2
8290.5 0
8291.5 0
8292.5 -1
8293.5 0
8294.5 0
8295.5 0
8296.5 0
8297.5 0
8298.5 0
8299.5 -1
8300.5 0
8301.5 0
8302.5 0
8303.5 0
8304.5 0
8305.5 0
8306.5 0
8307.5 0
8308.5 0
8309.5 0
8310.5 0
8311.5 0
8312.5 0
8313.5 1
8314.5 0
8315.5 -2
8316.5 0
8317.5 0
8318.5 0
8319.5 -1
8320.5 0
8321.5 0
8322.5 0
8323.5 1
8324.5 0
8325.5 0
8326.5 1
8327.5 1
8328.5 1
8329.5 0
8330.5 -1
8331.5 -1
8332.5 0
8333.5 0
8334.5 0
8335.5 0
8336.5 1
8337.5 0
8338.5 1
8339.5 0
8340.5 0
8341.5 0
8342.5 0
8343.5 0
8344.5 0
8345.5 0
8346.5 0
8347.5 -1
8348.5 0
8349.5 0
8350.5 0
8351.5 -1
8352.5 0
8353.5 0
8354.5 0
8355.5 0
8356.5 0
8357.5 0
8358.5 -1
8359.5 0
8360.5 0
8361.5 -1
8362.5 0
8363.5 1
8364.5 0
8365.5 0
8366.5 0
8367.5 -1
8368.5 0
8369.5 0
8370.5 0
8371.5 0
8372.5 0
8373.5 0
8374.5 0
8375.5 0
8376.5 -1
8377.5 -1
8378.5 0
8379.5 0
8380.5 0
8381.5 0
8382.5 0
8383.5 0
8384.5 0
8385.5 0
8386.5 0
8387.5 0
8388.5 0
8389.5 1
8390.5 0
8391.5 1
8392.5 0
8393.5 0
8394.5 0
8395.5 -1
8396.5 0
8397.5 0
8398.5 0
8399.5 0
8400.5 1
8401.5 0
8402.5 0
8403.5 0
8404.5 0
8405.5 0
8406.5 0
8407.5 0
8408.5 0
8409.5 0
8410.5 0
8411.5 0
8412.5 0
8413.5 0
8414.5 0
8415.5 0
8416.5 1
8417.5 0
8418.5 1
8419.5 0
8420.5 0
8421.5 0
8422.5 0
8423.5 0
8424.5 0
8425.5 0
8426.5 0
8427.5 0
8428.5 0
8429.5 1
8430.5 0
8431.5 0
8432.5 1
8433.5 0
8434.5 0
8435.5 1
8436.5 0
8437.5 0
8438.5 0
8439.5 0
8440.5 0
8441.5 0
8442.5 0
8443.5 0
8444.5 0
8445.5 0
8446.5 0
8447.5 0
8448.5 0
8449.5 0
8450.5 0
8451.5 0
8452.5 0
8453.5 0
8454.5 0
8455.5 -2
8456.5 0
8457.5 -1
8458.5 0
8459.5 1
8460.5 0
8461.5 0
8462.5 -1
8463.5 0
8464.5 0
8465.5 1
8466.5 -1
8467.5 1
8468.5 0
8469.5 0
8470.5 0
8471.5 -1
8472.5 -1
8473.5 0
8474.5 1
8475.5 0
8476.5 1
8477.5 0
8478.5 0
8479.5 0
8480.5 1
8481.5 1
8482.5 1
8483.5 0
8484.5 0
8485.5 0
8486.5 0
8487.5 0
8488.5 0
8489.5 0
8490.5 1
8491.5 0
8492.5 0
8493.5 0
8494.5 0
8495.5 0
8496.5 0
8497.5 0
8498.5 0
8499.5 0
8500.5 0
8501.5 -1
8502.5 0
8503.5 0
8504.5 0
8505.5 0
8506.5 0
8507.5 2
8508.5 0
8509.5 0
8510.5 0
8511.5 0
8512.5 0
8513.5 0
8514.5 0
8515.5 0
8516.5 -1
8517.5 0
8518.5 -1
8519.5 0
8520.5 0
8521.5 0
8522.5 0
8523.5 0
8524.5 0
8525.5 0
8526.5 0
8527.5 0
8528.5 0
8529.5 -1
8530.5 0
8531.5 0
8532.5 0
8533.5 1
8534.5 0
8535.5 1
8536.5 -1
8537.5 0
8538.5 1
8539.5 0
8540.5 -1
8541.5 0
8542.5 -1
8543.5 0
8544.5 0
8545.5 1
8546.5 0
8547.5 1
8548.5 0
8549.5 0
8550.5 0
8551.5 0
8552.5 0
8553.5 0
8554.5 0
8555.5 0
8556.5 1
8557.5 0
8558.5 0
8559.5 0
8560.5 0
8561.5 0
8562.5 0
8563.5 0
8564.5 0
8565.5 0
8566.5 0
8567.5 0
8568.5 0
8569.5 0
8570.5 0
8571.5 0
8572.5 1
8573.5 0
8574.5 1
8575.5 0
8576.5 0
8577.5 0
8578.5 0
8579.5 0
8580.5 0
8581.5 1
8582.5 0
8583.5 -1
8584.5 0
8585.5 1
8586.5 1
8587.5 0
8588.5 0
8589.5 0
8590.5 0
8591.5 0
8592.5 0
8593.5 0
8594.5 0
8595.5 0
8596.5 0
8597.5 1
8598.5 -2
8599.5 0
8600.5 0
8601.5 0
8602.5 0
8603.5 -1
8604.5 0
8605.5 1
8606.5 0
8607.5 1
8608.5 0
8609.5 1
8610.5 -1
8611.5 0
8612.5 0
8613.5 0
8614.5 0
8615.5 0
8616.5 0
8617.5 0
8618.5 0
8619.5 0
8620.5 0
8621.5 0
8622.5 1
8623.5 1
8624.5 0
8625.5 0
8626.5 -1
8627.5 0
8628.5 0
8629.5 0
8630.5 0
8631.5 0
8632.5 0
8633.5 0
8634.5 1
8635.5 0
8636.5 1
8637.5 0
8638.5 0
8639.5 0
8640.5 0
8641.5 0
8642.5 0
8643.5 -1
8644.5 0
8645.5 0
8646.5 0
8647.5 0
8648.5 0
8649.5 0
8650.5 0
8651.5 0
8652.5 0
8653.5 0
8654.5 0
8655.5 0
8656.5 0
8657.5 0
8658.5 0
8659.5 0
8660.5 0
8661.5 0
8662.5 0
8663.5 0
8664.5 0
8665.5 0
8666.5 0
8667.5 0
8668.5 0
8669.5 1
8670.5 0
8671.5 0
8672.5 0
8673.5 0
8674.5 0
8675.5 0
8676.5 0
8677.5 0
8678.5 0
8679.5 1
8680.5 0
8681.5 0
8682.5 0
8683.5 0
8684.5 -1
8685.5 0
8686.5 0
8687.5 0
8688.5 0
8689.5 0
8690.5 0
8691.5 0
8692.5 0
8693.5 1
8694.5 0
8695.5 0
8696.5 0
8697.5 0
8698.5 0
8699.5 0
8700.5 1
8701.5 0
8702.5 0
8703.5 0
8704.5 0
8705.5 -1
8706.5 0
8707.5 0
8708.5 0
8709.5 0
8710.5 0
8711.5 0
8712.5 0
8713.5 -1
8714.5 0
8715.5 0
8716.5 1
8717.5 0
8718.5 0
8719.5 0
8720.5 0
8721.5 0
8722.5 0
8723.5 0
8724.5 2
8725.5 0
8726.5 0
8727.5 0
8728.5 -1
8729.5 0
8730.5 0
8731.5 0
8732.5 0
8733.5 0
8734.5 0
8735.5 0
8736.5 -1
8737.5 0
8738.5 0
8739.5 0
8740.5 0
8741.5 0
8742.5 0
8743.5 0
8744.5 0
8745.5 0
8746.5 0
8747.5 0
8748.5 0
8749.5 0
8750.5 0
8751.5 0
8752.5 0
8753.5 0
8754.5 0
8755.5 0
8756.5 -1
8757.5 0
8758.5 0
8759.5 0
8760.5 0
8761.5 1
8762.5 0
8763.5 0
8764.5 0
8765.5 0
8766.5 0
8767.5 0
8768.5 0
8769.5 1
8770.5 0
8771.5 0
8772.5 0
8773.5 0
8774.5 0
8775.5 0
8776.5 0
8777.5 -1
8778.5 1
8779.5 0
8780.5 0
8781.5 1
8782.5 0
8783.5 1
8784.5 -1
8785.5 -1
8786.5 0
8787.5 1
8788.5 0
8789.5 0
8790.5 -1
8791.5 0
8792.5 0
8793.5 0
8794.5 0
8795.5 0
8796.5 -1
8797.5 0
8798.5 -1
8799.5 0
8800.5 0
8801.5 0
8802.5 0
8803.5 -1
8804.5 0
8805.5 0
8806.5 -1
8807.5 0
8808.5 0
8809.5 0
8810.5 0
8811.5 0
8812.5 0
8813.5 0
8814.5 0
8815.5 0
8816.5 -1
8817.5 0
8818.5 0
8819.5 0
8820.5 0
8821.5 0
8822.5 0
8823.5 -1
8824.5 0
8825.5 0
8826.5 0
8827.5 -1
8828.5 1
8829.5 0
8830.5 0
8831.5 0
8832.5 0
8833.5 1
8834.5 1
8835.5 -1
8836.5 0
8837.5 0
8838.5 1
8839.5 0
8840.5 0
8841.5 1
8842.5 0
8843.5 0
8844.5 0
8845.5 0
8846.5 2
8847.5 0
8848.5 -2
8849.5 -1
8850.5 0
8851.5 0
8852.5 0
8853.5 0
8854.5 0
8855.5 -1
8856.5 0
8857.5 0
8858.5 0
8859.5 0
8860.5 0
8861.5 1
8862.5 0
8863.5 0
8864.5 0
8865.5 0
8866.5 0
8867.5 0
8868.5 0
8869.5 0
8870.5 0
8871.5 1
8872.5 0
8873.5 0
8874.5 0
8875.5 0
8876.5 0
8877.5 0
8878.5 0
8879.5 0
8880.5 0
8881.5 0
8882.5 0
8883.5 0
8884.5 0
8885.5 0
8886.5 0
8887.5 0
8888.5 0
8889.5 0
8890.5 0
8891.5 0
8892.5 0
8893.5 0
8894.5 0
8895.5 0
8896.5 0
8897.5 0
8898.5 0
8899.5 0
8900.5 0
8901.5 0
8902.5 0
8903.5 0
8904.5 0
8905.5 0
8906.5 0
8907.5 0
8908.5 0
8909.5 0
8910.5 0
8911.5 0
8912.5 0
8913.5 0
8914.5 0
8915.5 0
8916.5 0
8917.5 0
8918.5 0
8919.5 0
8920.5 0
8921.5 0
8922.5 0
8923.5 0
8924.5 0
8925.5 0
8926.5 0
8927.5 0
8928.5 1
8929.5 0
8930.5 0
8931.5 1
8932.5 0
8933.5 0
8934.5 1
8935.5 0
8936.5 0
8937.5 1
8938.5 0
8939.5 0
8940.5 0
8941.5 0
8942.5 0
8943.5 0
8944.5 -1
8945.5 -1
8946.5 0
8947.5 0
8948.5 0
8949.5 0
8950.5 1
8951.5 0
8952.5 0
8953.5 1
8954.5 0
8955.5 0
8956.5 0
8957.5 0
8958.5 1
8959.5 0
8960.5 0
8961.5 0
8962.5 0
8963.5 0
8964.5 0
8965.5 0
8966.5 -1
8967.5 0
8968.5 0
8969.5 0
8970.5 -1
8971.5 0
8972.5 0
8973.5 0
8974.5 1
8975.5 0
8976.5 0
8977.5 0
8978.5 0
8979.5 0
8980.5 0
8981.5 0
8982.5 0
8983.5 0
8984.5 0
8985.5 0
8986.5 0
8987.5 0
8988.5 1
8989.5 0
8990.5 -1
8991.5 0
8992.5 1
8993.5 0
8994.5 1
8995.5 -1
8996.5 0
8997.5 0
8998.5 -1
8999.5 0
9000.5 1
9001.5 0
9002.5 0
9003.5 0
9004.5 0
9005.5 -1
9006.5 1
9007.5 0
9008.5 0
9009.5 0
9010.5 0
9011.5 1
9012.5 0
9013.5 0
9014.5 0
9015.5 0
9016.5 0
9017.5 2
9018.5 1
9019.5 0
9020.5 0
9021.5 -1
9022.5 1
9023.5 -1
9024.5 -1
9025.5 -1
9026.5 0
9027.5 0
9028.5 0
9029.5 0
9030.5 -1
9031.5 0
9032.5 0
9033.5 0
9034.5 0
9035.5 0
9036.5 1
9037.5 0
9038.5 0
9039.5 0
9040.5 0
9041.5 1
9042.5 0
9043.5 0
9044.5 1
9045.5 0
9046.5 -1
9047.5 0
9048.5 0
9049.5 0
9050.5 0
9051.5 0
9052.5 0
9053.5 0
9054.5 0
9055.5 0
9056.5 0
9057.5 -1
9058.5 0
9059.5 2
9060.5 0
9061.5 -1
9062.5 0
9063.5 0
9064.5 1
9065.5 0
9066.5 -1
9067.5 0
9068.5 0
9069.5 -1
9070.5 0
9071.5 0
9072.5 0
9073.5 -1
9074.5 0
9075.5 0
9076.5 0
9077.5 0
9078.5 -1
9079.5 0
9080.5 0
9081.5 -1
9082.5 0
9083.5 0
9084.5 0
9085.5 0
9086.5 0
9087.5 -1
9088.5 0
9089.5 1
9090.5 0
9091.5 0
9092.5 1
9093.5 0
9094.5 1
9095.5 1
9096.5 0
9097.5 1
9098.5 0
9099.5 1
9100.5 0
9101.5 0
9102.5 0
9103.5 1
9104.5 -1
9105.5 0
9106.5 0
9107.5 0
9108.5 0
9109.5 0
9110.5 0
9111.5 -1
9112.5 0
9113.5 1
9114.5 0
9115.5 0
9116.5 1
9117.5 0
9118.5 -1
9119.5 0
9120.5 0
9121.5 0
9122.5 0
9123.5 1
9124.5 0
9125.5 0
9126.5 0
9127.5 0
9128.5 0
9129.5 0
9130.5 0
9131.5 0
9132.5 1
9133.5 0
9134.5 0
9135.5 0
9136.5 0
9137.5 0
9138.5 0
9139.5 0
9140.5 1
9141.5 1
9142.5 0
9143.5 0
9144.5 0
9145.5 0
9146.5 0
9147.5 0
9148.5 0
9149.5 0
9150.5 0
9151.5 0
9152.5 0
9153.5 0
9154.5 0
9155.5 0
9156.5 0
9157.5 -1
9158.5 0
9159.5 1
9160.5 1
9161.5 0
9162.5 0
9163.5 0
9164.5 0
9165.5 0
9166.5 0
9167.5 0
9168.5 0
9169.5 1
9170.5 0
9171.5 0
9172.5 1
9173.5 0
9174.5 0
9175.5 0
9176.5 -1
9177.5 0
9178.5 0
9179.5 0
9180.5 0
9181.5 0
9182.5 0
9183.5 -1
9184.5 0
9185.5 0
9186.5 0
9187.5 0
9188.5 0
9189.5 0
9190.5 -1
9191.5 0
9192.5 0
9193.5 0
9194.5 0
9195.5 0
9196.5 0
9197.5 0
9198.5 0
9199.5 0
9200.5 0
9201.5 1
9202.5 0
9203.5 0
9204.5 2
9205.5 -1
9206.5 -1
9207.5 0
9208.5 0
9209.5 0
9210.5 0
9211.5 0
9212.5 0
9213.5 0
9214.5 0
9215.5 0
9216.5 0
9217.5 0
9218.5 0
9219.5 0
9220.5 0
9221.5 0
9222.5 0
9223.5 0
9224.5 0
9225.5 0
9226.5 1
9227.5 0
9228.5 0
9229.5 -1
9230.5 0
9231.5 0
9232.5 0
9233.5 0
9234.5 0
9235.5 0
9236.5 -1
9237.5 0
9238.5 0
9239.5 0
9240.5 0
9241.5 0
9242.5 0
9243.5 0
9244.5 0
9245.5 0
9246.5 -1
9247.5 0
9248.5 0
9249.5 -1
9250.5 0
9251.5 0
9252.5 0
9253.5 -1
9254.5 1
9255.5 0
9256.5 1
9257.5 0
9258.5 0
9259.5 0
9260.5 0
9261.5 0
9262.5 0
9263.5 0
9264.5 0
9265.5 0
9266.5 0
9267.5 0
9268.5 0
9269.5 0
9270.5 0
9271.5 0
9272.5 0
9273.5 -1
9274.5 0
9275.5 1
9276.5 0
9277.5 0
9278.5 0
9279.5 0
9280.5 0
9281.5 0
9282.5 0
9283.5 0
9284.5 0
9285.5 0
9286.5 0
9287.5 0
9288.5 -1
9289.5 -1
9290.5 0
9291.5 0
9292.5 0
9293.5 0
9294.5 0
9295.5 1
9296.5 -1
9297.5 0
9298.5 0
9299.5 0
9300.5 0
9301.5 0
9302.5 0
9303.5 0
9304.5 0
9305.5 0
9306.5 0
9307.5 0
9308.5 0
9309.5 1
9310.5 0
9311.5 0
9312.5 0
9313.5 0
9314.5 -1
9315.5 0
9316.5 0
9317.5 0
9318.5 0
9319.5 0
9320.5 0
9321.5 -1
9322.5 0
9323.5 0
9324.5 1
9325.5 0
9326.5 -1
9327.5 1
9328.5 -1
9329.5 0
9330.5 0
9331.5 0
9332.5 0
9333.5 0
9334.5 0
9335.5 0
9336.5 1
9337.5 0
9338.5 0
9339.5 0
9340.5 -1
9341.5 0
9342.5 1
9343.5 0
9344.5 0
9345.5 0
9346.5 0
9347.5 0
9348.5 1
9349.5 -1
9350.5 0
9351.5 0
9352.5 0
9353.5 0
9354.5 0
9355.5 0
9356.5 0
9357.5 0
9358.5 0
9359.5 0
9360.5 0
9361.5 0
9362.5 1
9363.5 1
9364.5 0
9365.5 0
9366.5 0
9367.5 0
9368.5 0
9369.5 0
9370.5 -1
9371.5 0
9372.5 0
9373.5 0
9374.5 1
9375.5 -1
9376.5 0
9377.5 0
9378.5 0
9379.5 0
9380.5 0
9381.5 0
9382.5 0
9383.5 0
9384.5 0
9385.5 0
9386.5 0
9387.5 0
9388.5 0
9389.5 0
9390.5 0
9391.5 0
9392.5 0
9393.5 0
9394.5 0
9395.5 -1
9396.5 0
9397.5 0
9398.5 0
9399.5 0
9400.5 0
9401.5 0
9402.5 0
9403.5 -1
9404.5 0
9405.5 0
9406.5 0
9407.5 0
9408.5 0
9409.5 1
9410.5 0
9411.5 0
9412.5 0
9413.5 0
9414.5 0
9415.5 -1
9416.5 0
9417.5 0
9418.5 -1
9419.5 0
9420.5 0
9421.5 0
9422.5 0
9423.5 0
9424.5 0
9425.5 0
9426.5 0
9427.5 0
9428.5 0
9429.5 0
9430.5 1
9431.5 0
9432.5 0
9433.5 0
9434.5 0
9435.5 0
9436.5 0
9437.5 0
9438.5 0
9439.5 0
9440.5 0
9441.5 0
9442.5 0
9443.5 0
9444.5 0
9445.5 0
9446.5 0
9447.5 0
9448.5 0
9449.5 0
9450.5 0
9451.5 0
9452.5 0
9453.5 0
9454.5 0
9455.5 0
9456.5 0
9457.5 0
9458.5 0
9459.5 2
9460.5 1
9461.5 0
9462.5 0
9463.5 0
9464.5 0
9465.5 0
9466.5 0
9467.5 1
9468.5 -1
9469.5 0
9470.5 0
9471.5 -1
9472.5 0
9473.5 0
9474.5 0
9475.5 0
9476.5 0
9477.5 0
9478.5 0
9479.5 0
9480.5 0
9481.5 0
9482.5 1
9483.5 0
9484.5 0
9485.5 0
9486.5 -1
9487.5 0
9488.5 0
9489.5 0
9490.5 0
9491.5 0
9492.5 0
9493.5 0
9494.5 0
9495.5 -1
9496.5 0
9497.5 0
9498.5 0
9499.5 0
9500.5 0
9501.5 0
9502.5 0
9503.5 0
9504.5 0
9505.5 0
9506.5 0
9507.5 0
9508.5 0
9509.5 0
9510.5 0
9511.5 0
9512.5 0
9513.5 0
9514.5 0
9515.5 0
9516.5 1
9517.5 0
9518.5 0
9519.5 0
9520.5 0
9521.5 0
9522.5 0
9523.5 0
9524.5 0
9525.5 1
9526.5 0
9527.5 0
9528.5 0
9529.5 -1
9530.5 0
9531.5 0
9532.5 0
9533.5 0
9534.5 0
9535.5 0
9536.5 0
9537.5 1
9538.5 0
9539.5 1
9540.5 0
9541.5 0
9542.5 0
9543.5 0
9544.5 -1
9545.5 0
9546.5 0
9547.5 0
9548.5 0
9549.5 0
9550.5 0
9551.5 -1
9552.5 0
9553.5 0
9554.5 0
9555.5 0
9556.5 0
9557.5 0
9558.5 0
9559.5 1
9560.5 0
9561.5 0
9562.5 0
9563.5 0
9564.5 1
9565.5 0
9566.5 0
9567.5 0
9568.5 0
9569.5 0
9570.5 0
9571.5 0
9572.5 0
9573.5 0
9574.5 0
9575.5 0
9576.5 0
9577.5 0
9578.5 0
9579.5 0
9580.5 0
9581.5 0
9582.5 -1
9583.5 1
9584.5 0
9585.5 0
9586.5 0
9587.5 0
9588.5 0
9589.5 -1
9590.5 0
9591.5 0
9592.5 0
9593.5 0
9594.5 0
9595.5 0
9596.5 0
9597.5 0
9598.5 0
9599.5 0
9600.5 0
9601.5 0
9602.5 0
9603.5 0
9604.5 0
9605.5 0
9606.5 0
9607.5 0
9608.5 1
9609.5 0
9610.5 0
9611.5 0
9612.5 0
9613.5 0
9614.5 0
9615.5 -1
9616.5 -1
9617.5 0
9618.5 0
9619.5 0
9620.5 0
9621.5 0
9622.5 0
9623.5 0
9624.5 0
9625.5 1
9626.5 1
9627.5 -1
9628.5 0
9629.5 0
9630.5 0
9631.5 0
9632.5 0
9633.5 1
9634.5 0
9635.5 0
9636.5 0
9637.5 0
9638.5 1
9639.5 0
9640.5 0
9641.5 0
9642.5 0
9643.5 0
9644.5 0
9645.5 0
9646.5 0
9647.5 0
9648.5 0
9649.5 0
9650.5 0
9651.5 0
9652.5 0
9653.5 0
9654.5 0
9655.5 0
9656.5 0
9657.5 0
9658.5 0
9659.5 0
9660.5 0
9661.5 0
9662.5 0
9663.5 0
9664.5 0
9665.5 0
9666.5 0
9667.5 0
9668.5 1
9669.5 -1
9670.5 0
9671.5 -1
9672.5 0
9673.5 0
9674.5 0
9675.5 0
9676.5 0
9677.5 0
9678.5 0
9679.5 0
9680.5 0
9681.5 0
9682.5 0
9683.5 0
9684.5 0
9685.5 0
9686.5 0
9687.5 1
9688.5 0
9689.5 0
9690.5 0
9691.5 0
9692.5 0
9693.5 0
9694.5 0
9695.5 0
9696.5 0
9697.5 0
9698.5 0
9699.5 0
9700.5 0
9701.5 0
9702.5 0
9703.5 0
9704.5 0
9705.5 0
9706.5 0
9707.5 0
9708.5 1
9709.5 1
9710.5 0
9711.5 0
9712.5 0
9713.5 0
9714.5 0
9715.5 0
9716.5 0
9717.5 0
9718.5 0
9719.5 0
9720.5 0
9721.5 0
9722.5 0
9723.5 0
9724.5 0
9725.5 0
9726.5 0
9727.5 0
9728.5 0
9729.5 0
9730.5 0
9731.5 0
9732.5 0
9733.5 0
9734.5 0
9735.5 0
9736.5 -1
9737.5 0
9738.5 0
9739.5 0
9740.5 0
9741.5 0
9742.5 0
9743.5 0
9744.5 0
9745.5 0
9746.5 0
9747.5 0
9748.5 0
9749.5 0
9750.5 0
9751.5 0
9752.5 0
9753.5 0
9754.5 0
9755.5 0
9756.5 0
9757.5 0
9758.5 0
9759.5 -1
9760.5 0
9761.5 0
9762.5 0
9763.5 0
9764.5 0
9765.5 0
9766.5 0
9767.5 0
9768.5 -1
9769.5 1
9770.5 0
9771.5 0
9772.5 0
9773.5 0
9774.5 0
9775.5 0
9776.5 0
9777.5 0
9778.5 0
9779.5 0
9780.5 0
9781.5 1
9782.5 0
9783.5 0
9784.5 0
9785.5 0
9786.5 0
9787.5 0
9788.5 0
9789.5 0
9790.5 0
9791.5 0
9792.5 0
9793.5 0
9794.5 1
9795.5 0
9796.5 0
9797.5 -1
9798.5 0
9799.5 0
9800.5 0
9801.5 0
9802.5 0
9803.5 0
9804.5 0
9805.5 0
9806.5 0
9807.5 0
9808.5 0
9809.5 0
9810.5 0
9811.5 0
9812.5 0
9813.5 0
9814.5 0
9815.5 0
9816.5 0
9817.5 0
9818.5 0
9819.5 0
9820.5 0
9821.5 0
9822.5 0
9823.5 0
9824.5 -1
9825.5 0
9826.5 0
9827.5 0
9828.5 0
9829.5 0
9830.5 0
9831.5 0
9832.5 0
9833.5 0
9834.5 0
9835.5 0
9836.5 0
9837.5 -1
9838.5 0
9839.5 0
9840.5 0
9841.5 0
9842.5 0
9843.5 0
9844.5 0
9845.5 0
9846.5 0
9847.5 0
9848.5 0
9849.5 0
9850.5 0
9851.5 0
9852.5 0
9853.5 0
9854.5 0
9855.5 0
9856.5 0
9857.5 0
9858.5 0
9859.5 0
9860.5 0
9861.5 0
9862.5 0
9863.5 0
9864.5 0
9865.5 0
9866.5 0
9867.5 0
9868.5 0
9869.5 0
9870.5 0
9871.5 0
9872.5 0
9873.5 0
9874.5 0
9875.5 0
9876.5 0
9877.5 0
9878.5 0
9879.5 0
9880.5 0
9881.5 0
9882.5 0
9883.5 0
9884.5 0
9885.5 0
9886.5 0
9887.5 0
9888.5 0
9889.5 0
9890.5 0
9891.5 0
9892.5 0
9893.5 0
9894.5 0
9895.5 0
9896.5 0
9897.5 0
9898.5 0
9899.5 0
9900.5 0
9901.5 0
9902.5 0
9903.5 0
9904.5 0
9905.5 0
9906.5 0
9907.5 0
9908.5 0
9909.5 0
9910.5 0
9911.5 0
9912.5 0
9913.5 0
9914.5 0
9915.5 0
9916.5 0
9917.5 0
9918.5 0
9919.5 0
9920.5 0
9921.5 0
9922.5 0
9923.5 0
9924.5 0
9925.5 0
9926.5 0
9927.5 1
9928.5 0
9929.5 0
9930.5 0
9931.5 0
9932.5 0
9933.5 0
9934.5 0
9935.5 0
9936.5 0
9937.5 0
9938.5 0
9939.5 0
9940.5 0
9941.5 0
9942.5 0
9943.5 -1
9944.5 0
9945.5 1
9946.5 0
9947.5 0
9948.5 0
9949.5 0
9950.5 0
9951.5 0
9952.5 0
9953.5 0
9954.5 0
9955.5 0
9956.5 0
9957.5 0
9958.5 0
9959.5 -1
9960.5 0
9961.5 0
9962.5 0
9963.5 0
9964.5 0
9965.5 0
9966.5 0
9967.5 0
9968.5 0
9969.5 0
9970.5 0
9971.5 0
9972.5 0
9973.5 0
9974.5 0
9975.5 0
9976.5 0
9977.5 0
9978.5 0
9979.5 0
9980.5 0
9981.5 1
9982.5 0
9983.5 0
9984.5 0
9985.5 0
9986.5 0
9987.5 0
9988.5 0
9989.5 0
9990.5 0
9991.5 0
9992.5 0
9993.5 0
9994.5 0
9995.5 0
9996.5 0
9997.5 0
9998.5 0
9999.5 0
10000.5 0
10001.5 0
10002.5 0
10003.5 0
10004.5 0
10005.5 0
10006.5 0
10007.5 0
10008.5 0
10009.5 0
10010.5 0
10011.5 0
10012.5 0
10013.5 0
10014.5 0
10015.5 0
10016.5 0
10017.5 0
10018.5 0
10019.5 0
10020.5 0
10021.5 0
10022.5 0
10023.5 0
10024.5 0
10025.5 0
10026.5 0
10027.5 0
10028.5 0
10029.5 0
10030.5 0
10031.5 0
10032.5 0
10033.5 0
10034.5 0
10035.5 0
10036.5 1
10037.5 0
10038.5 0
10039.5 0
10040.5 0
10041.5 0
10042.5 0
10043.5 0
10044.5 0
10045.5 0
10046.5 0
10047.5 0
10048.5 0
10049.5 0
10050.5 0
10051.5 0
10052.5 0
10053.5 -1
10054.5 0
10055.5 0
10056.5 0
10057.5 0
10058.5 1
10059.5 0
10060.5 0
10061.5 0
10062.5 0
10063.5 0
10064.5 0
10065.5 0
10066.5 0
10067.5 0
10068.5 0
10069.5 0
10070.5 0
10071.5 0
10072.5 0
10073.5 0
10074.5 0
10075.5 0
10076.5 0
10077.5 0
10078.5 0
10079.5 -1
10080.5 0
10081.5 0
10082.5 0
10083.5 0
10084.5 0
10085.5 0
10086.5 0
10087.5 0
10088.5 0
10089.5 0
10090.5 0
10091.5 0
10092.5 0
10093.5 0
10094.5 0
10095.5 0
10096.5 0
10097.5 0
10098.5 0
10099.5 0
10100.5 0
10101.5 0
10102.5 0
10103.5 1
10104.5 0
10105.5 0
10106.5 0
10107.5 0
10108.5 0
10109.5 0
10110.5 0
10111.5 0
10112.5 0
10113.5 0
10114.5 0
10115.5 -1
10116.5 0
10117.5 0
10118.5 0
10119.5 0
10120.5 0
10121.5 0
10122.5 0
10123.5 0
10124.5 0
10125.5 0
10126.5 0
10127.5 0
10128.5 0
10129.5 0
10130.5 0
10131.5 0
10132.5 0
10133.5 0
10134.5 0
10135.5 0
10136.5 0
10137.5 0
10138.5 0
10139.5 0
10140.5 0
10141.5 -1
10142.5 0
10143.5 0
10144.5 0
10145.5 0
10146.5 0
10147.5 0
10148.5 0
10149.5 0
10150.5 0
10151.5 0
10152.5 0
10153.5 0
10154.5 0
10155.5 0
10156.5 0
10157.5 0
10158.5 0
10159.5 0
10160.5 0
10161.5 0
10162.5 0
10163.5 0
10164.5 0
10165.5 0
10166.5 0
10167.5 0
10168.5 0
10169.5 0
10170.5 0
10171.5 0
10172.5 0
10173.5 0
10174.5 0
10175.5 0
10176.5 0
10177.5 0
10178.5 0
10179.5 0
10180.5 0
10181.5 0
10182.5 0
10183.5 0
10184.5 0
10185.5 0
10186.5 0
10187.5 0
10188.5 0
10189.5 0
10190.5 0
10191.5 0
10192.5 0
10193.5 -1
10194.5 0
10195.5 0
10196.5 0
10197.5 1
10198.5 0
10199.5 0
10200.5 0
10201.5 0
10202.5 0
10203.5 0
10204.5 0
10205.5 0
10206.5 0
10207.5 0
10208.5 0
10209.5 0
10210.5 0
10211.5 0
10212.5 0
10213.5 0
10214.5 0
10215.5 0
10216.5 0
10217.5 0
10218.5 0
10219.5 0
10220.5 0
10221.5 0
10222.5 0
10223.5 0
10224.5 0
10225.5 0
10226.5 0
10227.5 0
10228.5 0
10229.5 0
10230.5 0
10231.5 0
10232.5 0
10233.5 0
10234.5 0
10235.5 0
10236.5 0
10237.5 0
10238.5 0
10239.5 0
10240.5 0
10241.5 0
10242.5 0
10243.5 0
10244.5 0
10245.5 0
10246.5 0
10247.5 0
10248.5 0
10249.5 0
10250.5 0
10251.5 0
10252.5 0
10253.5 0
10254.5 0
10255.5 0
10256.5 0
10257.5 0
10258.5 0
10259.5 0
10260.5 0
10261.5 0
10262.5 0
10263.5 0
10264.5 0
10265.5 0
10266.5 0
10267.5 0
10268.5 0
10269.5 0
10270.5 0
10271.5 0
10272.5 0
10273.5 0
10274.5 0
10275.5 0
10276.5 1
10277.5 0
10278.5 0
10279.5 0
10280.5 0
10281.5 0
10282.5 0
10283.5 0
10284.5 0
10285.5 0
10286.5 0
10287.5 0
10288.5 0
10289.5 0
10290.5 0
10291.5 0
10292.5 0
10293.5 0
10294.5 0
10295.5 0
10296.5 0
10297.5 0
10298.5 0
10299.5 0
10300.5 0
10301.5 0
10302.5 0
10303.5 0
10304.5 0
10305.5 0
10306.5 0
10307.5 0
10308.5 0
10309.5 0
10310.5 0
10311.5 0
10312.5 0
10313.5 0
10314.5 0
10315.5 0
10316.5 0
10317.5 0
10318.5 0
10319.5 0
10320.5 0
10321.5 0
10322.5 0
10323.5 0
10324.5 0
10325.5 0
10326.5 0
10327.5 0
10328.5 0
10329.5 0
10330.5 0
10331.5 0
10332.5 0
10333.5 0
10334.5 0
10335.5 0
10336.5 0
10337.5 0
10338.5 0
10339.5 0
10340.5 0
10341.5 0
10342.5 0
10343.5 0
10344.5 0
10345.5 0
10346.5 0
10347.5 0
10348.5 0
10349.5 0
10350.5 0
10351.5 0
10352.5 0
10353.5 0
10354.5 -1
10355.5 0
10356.5 0
10357.5 0
10358.5 0
10359.5 0
10360.5 0
10361.5 0
10362.5 0
10363.5 0
10364.5 0
10365.5 0
10366.5 0
10367.5 0
10368.5 0
10369.5 0
10370.5 0
10371.5 0
10372.5 0
10373.5 0
10374.5 0
10375.5 0
10376.5 0
10377.5 0
10378.5 0
10379.5 0
10380.5 -1
10381.5 0
10382.5 0
10383.5 0
10384.5 0
10385.5 0
10386.5 0
10387.5 0
10388.5 0
10389.5 0
10390.5 0
10391.5 0
10392.5 0
10393.5 0
10394.5 0
10395.5 0
10396.5 0
10397.5 0
10398.5 0
10399.5 0
10400.5 0
10401.5 0
10402.5 0
10403.5 0
10404.5 0
10405.5 0
10406.5 0
10407.5 0
10408.5 0
10409.5 0
10410.5 0
10411.5 0
10412.5 0
10413.5 0
10414.5 0
10415.5 0
10416.5 0
10417.5 0
10418.5 0
10419.5 0
10420.5 0
10421.5 0
10422.5 0
10423.5 0
10424.5 0
10425.5 0
10426.5 0
10427.5 0
10428.5 0
10429.5 0
10430.5 0
10431.5 0
10432.5 0
10433.5 0
10434.5 0
10435.5 0
10436.5 0
10437.5 0
10438.5 0
10439.5 0
10440.5 0
10441.5 0
10442.5 0
10443.5 0
10444.5 0
10445.5 0
10446.5 0
10447.5 0
10448.5 0
10449.5 0
10450.5 0
10451.5 0
10452.5 0
10453.5 0
10454.5 0
10455.5 0
10456.5 0
10457.5 0
10458.5 0
10459.5 0
10460.5 0
10461.5 0
10462.5 1
10463.5 0
10464.5 0
10465.5 0
10466.5 0
10467.5 0
10468.5 0
10469.5 0
10470.5 0
10471.5 0
10472.5 0
10473.5 0
10474.5 0
10475.5 0
10476.5 0
10477.5 0
10478.5 0
10479.5 0
10480.5 0
10481.5 0
10482.5 0
10483.5 0
10484.5 0
10485.5 0
10486.5 0
10487.5 0
10488.5 0
10489.5 0
10490.5 0
10491.5 0
10492.5 0
10493.5 0
10494.5 0
10495.5 0
10496.5 0
10497.5 0
10498.5 0
10499.5 0
10500.5 0
10501.5 0
10502.5 0
10503.5 0
10504.5 0
10505.5 0
10506.5 0
10507.5 0
10508.5 0
10509.5 0
10510.5 0
10511.5 0
10512.5 0
10513.5 0
10514.5 0
10515.5 0
10516.5 0
10517.5 0
10518.5 0
10519.5 0
10520.5 0
10521.5 0
10522.5 0
10523.5 0
10524.5 0
10525.5 0
10526.5 0
10527.5 0
10528.5 0
10529.5 0
10530.5 0
10531.5 0
10532.5 0
10533.5 0
10534.5 0
10535.5 0
10536.5 0
10537.5 0
10538.5 0
10539.5 0
10540.5 0
10541.5 0
10542.5 0
10543.5 0
10544.5 0
10545.5 -1
10546.5 0
10547.5 0
10548.5 0
10549.5 0
10550.5 0
10551.5 0
10552.5 0
10553.5 0
10554.5 0
10555.5 0
10556.5 0
10557.5 0
10558.5 0
10559.5 0
10560.5 0
10561.5 0
10562.5 0
10563.5 0
10564.5 0
10565.5 0
10566.5 0
10567.5 0
10568.5 0
10569.5 0
10570.5 0
10571.5 -1
10572.5 0
10573.5 0
10574.5 0
10575.5 0
10576.5 0
10577.5 0
10578.5 0
10579.5 0
10580.5 0
10581.5 0
10582.5 0
10583.5 0
10584.5 0
10585.5 0
10586.5 0
10587.5 0
10588.5 0
10589.5 0
10590.5 0
10591.5 0
10592.5 0
10593.5 0
10594.5 0
10595.5 0
10596.5 0
10597.5 0
10598.5 0
10599.5 0
10600.5 0
10601.5 0
10602.5 0
10603.5 0
10604.5 0
10605.5 0
10606.5 0
10607.5 1
10608.5 -1
10609.5 0
10610.5 0
10611.5 0
10612.5 0
10613.5 0
10614.5 0
10615.5 0
10616.5 0
10617.5 0
10618.5 0
10619.5 0
10620.5 0
10621.5 0
10622.5 0
10623.5 0
10624.5 0
10625.5 0
10626.5 0
10627.5 0
10628.5 0
10629.5 0
10630.5 0
10631.5 0
10632.5 0
10633.5 0
10634.5 0
10635.5 0
10636.5 0
10637.5 0
10638.5 0
10639.5 0
10640.5 0
10641.5 0
10642.5 0
10643.5 0
10644.5 0
10645.5 0
10646.5 0
10647.5 0
10648.5 0
10649.5 0
10650.5 0
10651.5 0
10652.5 0
10653.5 0
10654.5 0
10655.5 0
10656.5 0
10657.5 0
10658.5 0
10659.5 0
10660.5 0
10661.5 0
10662.5 0
10663.5 0
10664.5 0
10665.5 0
10666.5 -1
10667.5 0
10668.5 0
10669.5 0
10670.5 0
10671.5 0
10672.5 0
10673.5 0
10674.5 0
10675.5 0
10676.5 0
10677.5 0
10678.5 0
10679.5 0
10680.5 0
10681.5 0
10682.5 0
10683.5 0
10684.5 0
10685.5 0
10686.5 0
10687.5 0
10688.5 0
10689.5 0
10690.5 0
10691.5 0
10692.5 0
10693.5 0
10694.5 0
10695.5 0
10696.5 0
10697.5 0
10698.5 0
10699.5 0
10700.5 0
10701.5 0
10702.5 0
10703.5 0
10704.5 0
10705.5 0
10706.5 0
10707.5 0
10708.5 0
10709.5 0
10710.5 0
10711.5 0
10712.5 0
10713.5 0
10714.5 0
10715.5 0
10716.5 0
10717.5 0
10718.5 0
10719.5 0
10720.5 0
10721.5 0
10722.5 0
10723.5 0
10724.5 0
10725.5 0
10726.5 0
10727.5 0
10728.5 0
10729.5 -1
10730.5 0
10731.5 0
10732.5 0
10733.5 0
10734.5 0
10735.5 0
10736.5 0
10737.5 0
10738.5 0
10739.5 0
10740.5 0
10741.5 0
10742.5 0
10743.5 0
10744.5 0
10745.5 0
10746.5 0
10747.5 0
10748.5 0
10749.5 0
10750.5 0
10751.5 0
10752.5 -1
10753.5 0
10754.5 0
10755.5 0
10756.5 0
10757.5 0
10758.5 0
10759.5 0
10760.5 0
10761.5 0
10762.5 0
10763.5 0
10764.5 0
10765.5 0
10766.5 0
10767.5 0
10768.5 0
10769.5 0
10770.5 0
10771.5 0
10772.5 0
10773.5 0
10774.5 0
10775.5 0
10776.5 0
10777.5 0
10778.5 0
10779.5 0
10780.5 0
10781.5 0
10782.5 0
10783.5 0
10784.5 0
10785.5 0
10786.5 0
10787.5 0
10788.5 0
10789.5 0
10790.5 0
10791.5 0
10792.5 0
10793.5 0
10794.5 0
10795.5 0
10796.5 0
10797.5 0
10798.5 0
10799.5 0
10800.5 0
10801.5 0
10802.5 0
10803.5 0
10804.5 0
10805.5 0
10806.5 0
10807.5 0
10808.5 0
10809.5 0
10810.5 0
10811.5 0
10812.5 0
10813.5 0
10814.5 0
10815.5 0
10816.5 0
10817.5 0
10818.5 0
10819.5 0
10820.5 0
10821.5 0
10822.5 0
10823.5 0
10824.5 0
10825.5 0
10826.5 0
10827.5 0
10828.5 0
10829.5 0
10830.5 0
10831.5 0
10832.5 0
10833.5 0
10834.5 0
10835.5 0
10836.5 0
10837.5 0
10838.5 0
10839.5 0
10840.5 0
10841.5 0
10842.5 0
10843.5 0
10844.5 0
10845.5 0
10846.5 0
10847.5 0
10848.5 0
10849.5 -1
10850.5 0
10851.5 0
10852.5 0
10853.5 0
10854.5 0
10855.5 0
10856.5 0
10857.5 0
10858.5 0
10859.5 0
10860.5 0
10861.5 0
10862.5 0
10863.5 0
10864.5 0
10865.5 0
10866.5 0
10867.5 0
10868.5 0
10869.5 0
10870.5 0
10871.5 0
10872.5 0
10873.5 0
10874.5 0
10875.5 0
10876.5 0
10877.5 0
10878.5 0
10879.5 0
10880.5 0
10881.5 0
10882.5 0
10883.5 0
10884.5 0
10885.5 0
10886.5 0
10887.5 0
10888.5 0
10889.5 0
10890.5 0
10891.5 0
10892.5 0
10893.5 0
10894.5 0
10895.5 0
10896.5 0
10897.5 0
10898.5 0
10899.5 0
10900.5 0
10901.5 0
10902.5 0
10903.5 0
10904.5 0
10905.5 0
10906.5 0
10907.5 0
10908.5 0
10909.5 0
10910.5 0
10911.5 0
10912.5 0
10913.5 0
10914.5 0
10915.5 0
10916.5 0
10917.5 0
10918.5 0
10919.5 0
10920.5 0
10921.5 0
10922.5 0
10923.5 0
10924.5 0
10925.5 0
10926.5 0
10927.5 0
10928.5 0
10929.5 0
10930.5 0
10931.5 0
10932.5 0
10933.5 0
10934.5 0
10935.5 0
10936.5 0
10937.5 0
10938.5 0
10939.5 0
10940.5 0
10941.5 0
10942.5 0
10943.5 0
10944.5 0
10945.5 0
10946.5 0
10947.5 0
10948.5 0
10949.5 0
10950.5 0
10951.5 0
10952.5 0
10953.5 0
10954.5 0
10955.5 0
10956.5 0
10957.5 0
10958.5 0
10959.5 0
10960.5 0
10961.5 0
10962.5 0
10963.5 0
10964.5 0
10965.5 0
10966.5 0
10967.5 0
10968.5 0
10969.5 0
10970.5 2
10971.5 0
10972.5 0
10973.5 0
10974.5 0
10975.5 0
10976.5 0
10977.5 0
10978.5 0
10979.5 0
10980.5 0
10981.5 0
10982.5 0
10983.5 0
10984.5 0
10985.5 0
10986.5 0
10987.5 0
10988.5 0
10989.5 0
10990.5 0
10991.5 0
10992.5 0
10993.5 0
10994.5 0
10995.5 0
10996.5 0
10997.5 0
10998.5 0
10999.5 0
11000.5 0
11001.5 0
11002.5 0
11003.5 0
11004.5 0
11005.5 0
11006.5 0
11007.5 0
11008.5 0
11009.5 0
11010.5 0
11011.5 0
11012.5 0
11013.5 0
11014.5 0
11015.5 0
11016.5 0
11017.5 0
11018.5 0
11019.5 0
11020.5 0
11021.5 0
11022.5 0
11023.5 0
11024.5 0
11025.5 0
11026.5 0
11027.5 0
11028.5 0
11029.5 0
11030.5 0
11031.5 0
11032.5 0
11033.5 0
11034.5 0
11035.5 -1
11036.5 0
11037.5 0
11038.5 0
11039.5 0
11040.5 0
11041.5 0
11042.5 0
11043.5 0
11044.5 0
11045.5 0
11046.5 0
11047.5 0
11048.5 0
11049.5 0
11050.5 0
11051.5 1
11052.5 0
11053.5 0
11054.5 0
11055.5 0
11056.5 0
11057.5 0
11058.5 0
11059.5 0
11060.5 0
11061.5 0
11062.5 0
11063.5 0
11064.5 0
11065.5 0
11066.5 0
11067.5 0
11068.5 0
11069.5 0
11070.5 0
11071.5 0
11072.5 0
11073.5 0
11074.5 0
11075.5 0
11076.5 0
11077.5 0
11078.5 0
11079.5 0
11080.5 0
11081.5 0
11082.5 0
11083.5 0
11084.5 0
11085.5 0
11086.5 0
11087.5 0
11088.5 0
11089.5 0
11090.5 0
11091.5 0
11092.5 0
11093.5 0
11094.5 0
11095.5 0
11096.5 0
11097.5 0
11098.5 0
11099.5 0
11100.5 0
11101.5 0
11102.5 0
11103.5 0
11104.5 0
11105.5 0
11106.5 0
11107.5 0
11108.5 0
11109.5 0
11110.5 0
11111.5 0
11112.5 0
11113.5 0
11114.5 0
11115.5 0
11116.5 0
11117.5 0
11118.5 0
11119.5 0
11120.5 0
11121.5 0
11122.5 0
11123.5 0
11124.5 0
11125.5 0
11126.5 0
11127.5 0
11128.5 0
11129.5 0
11130.5 0
11131.5 0
11132.5 0
11133.5 0
11134.5 0
11135.5 0
11136.5 0
11137.5 0
11138.5 0
11139.5 0
11140.5 0
11141.5 0
11142.5 0
11143.5 0
11144.5 0
11145.5 0
11146.5 0
11147.5 0
11148.5 0
11149.5 0
11150.5 0
11151.5 0
11152.5 0
11153.5 0
11154.5 0
11155.5 0
11156.5 0
11157.5 0
11158.5 0
11159.5 0
11160.5 0
11161.5 0
11162.5 0
11163.5 0
11164.5 0
11165.5 0
11166.5 -1
11167.5 0
11168.5 0
11169.5 0
11170.5 0
11171.5 0
11172.5 0
11173.5 0
11174.5 0
11175.5 0
11176.5 0
11177.5 0
11178.5 0
11179.5 0
11180.5 0
11181.5 0
11182.5 0
11183.5 0
11184.5 0
11185.5 0
11186.5 0
11187.5 0
11188.5 0
11189.5 0
11190.5 0
11191.5 0
11192.5 0
11193.5 0
11194.5 0
11195.5 0
11196.5 0
11197.5 0
11198.5 0
11199.5 0
11200.5 0
11201.5 0
11202.5 0
11203.5 0
11204.5 0
11205.5 0
11206.5 0
11207.5 0
11208.5 0
11209.5 0
11210.5 0
11211.5 0
11212.5 0
11213.5 0
11214.5 0
11215.5 0
11216.5 0
11217.5 0
11218.5 0
11219.5 0
11220.5 0
11221.5 0
11222.5 0
11223.5 0
11224.5 0
11225.5 0
11226.5 0
11227.5 0
11228.5 0
11229.5 0
11230.5 0
11231.5 0
11232.5 0
11233.5 0
11234.5 0
11235.5 0
11236.5 0
11237.5 0
11238.5 0
11239.5 0
11240.5 0
11241.5 0
11242.5 0
11243.5 0
11244.5 0
11245.5 0
11246.5 0
11247.5 0
11248.5 0
11249.5 0
11250.5 0
11251.5 0
11252.5 0
11253.5 0
11254.5 0
11255.5 0
11256.5 0
11257.5 0
11258.5 0
11259.5 0
11260.5 0
11261.5 0
11262.5 0
11263.5 0
11264.5 0
11265.5 0
11266.5 0
11267.5 0
11268.5 0
11269.5 0
11270.5 0
11271.5 0
11272.5 0
11273.5 0
11274.5 0
11275.5 0
11276.5 0
11277.5 0
11278.5 0
11279.5 0
11280.5 0
11281.5 0
11282.5 0
11283.5 0
11284.5 0
11285.5 0
11286.5 0
11287.5 0
11288.5 0
11289.5 0
11290.5 0
11291.5 0
11292.5 0
11293.5 0
11294.5 0
11295.5 0
11296.5 0
11297.5 0
11298.5 0
11299.5 0
11300.5 0
11301.5 0
11302.5 0
11303.5 0
11304.5 0
11305.5 0
11306.5 0
11307.5 0
11308.5 0
11309.5 0
11310.5 0
11311.5 0
11312.5 0
11313.5 0
11314.5 0
11315.5 0
11316.5 0
11317.5 0
11318.5 0
11319.5 0
11320.5 0
11321.5 0
11322.5 0
11323.5 0
11324.5 0
11325.5 0
11326.5 0
11327.5 0
11328.5 0
11329.5 0
11330.5 0
11331.5 0
11332.5 0
11333.5 0
11334.5 0
11335.5 0
11336.5 0
11337.5 0
11338.5 0
11339.5 0
11340.5 0
11341.5 0
11342.5 0
11343.5 0
11344.5 0
11345.5 0
11346.5 0
11347.5 0
11348.5 0
11349.5 0
11350.5 0
11351.5 1
11352.5 0
11353.5 0
11354.5 0
11355.5 0
11356.5 0
11357.5 0
11358.5 0
11359.5 0
11360.5 0
11361.5 0
11362.5 0
11363.5 0
11364.5 0
11365.5 0
11366.5 0
11367.5 0
11368.5 0
11369.5 0
11370.5 0
11371.5 0
11372.5 0
11373.5 0
11374.5 0
11375.5 0
11376.5 0
11377.5 0
11378.5 0
11379.5 0
11380.5 0
11381.5 0
11382.5 0
11383.5 0
11384.5 0
11385.5 0
11386.5 0
11387.5 0
11388.5 0
11389.5 0
11390.5 0
11391.5 0
11392.5 0
11393.5 0
11394.5 0
11395.5 0
11396.5 0
11397.5 0
11398.5 0
11399.5 0
11400.5 0
11401.5 0
11402.5 0
11403.5 0
11404.5 0
11405.5 0
11406.5 0
11407.5 0
11408.5 0
11409.5 0
11410.5 0
11411.5 0
11412.5 0
11413.5 -1
11414.5 0
11415.5 0
11416.5 0
11417.5 0
11418.5 0
11419.5 0
11420.5 0
11421.5 0
11422.5 0
11423.5 0
11424.5 0
11425.5 0
11426.5 0
11427.5 0
11428.5 0
11429.5 0
11430.5 0
11431.5 0
11432.5 0
11433.5 0
11434.5 0
11435.5 0
11436.5 0
11437.5 0
11438.5 0
11439.5 0
11440.5 0
11441.5 0
11442.5 0
11443.5 0
11444.5 0
11445.5 0
11446.5 0
11447.5 0
11448.5 0
11449.5 0
11450.5 0
11451.5 0
11452.5 0
11453.5 0
11454.5 0
11455.5 0
11456.5 -1
11457.5 0
11458.5 0
11459.5 0
11460.5 0
11461.5 0
11462.5 0
11463.5 0
11464.5 0
11465.5 0
11466.5 0
11467.5 0
11468.5 0
11469.5 0
11470.5 0
11471.5 0
11472.5 0
11473.5 0
11474.5 0
11475.5 0
11476.5 0
11477.5 0
11478.5 0
11479.5 0
11480.5 0
11481.5 0
11482.5 0
11483.5 0
11484.5 0
11485.5 0
11486.5 0
11487.5 0
11488.5 0
11489.5 0
11490.5 0
11491.5 0
11492.5 0
11493.5 0
11494.5 0
11495.5 0
11496.5 0
11497.5 0
11498.5 0
11499.5 0
11500.5 0
11501.5 0
11502.5 0
11503.5 0
11504.5 0
11505.5 0
11506.5 0
11507.5 0
11508.5 0
11509.5 0
11510.5 0
11511.5 0
11512.5 0
11513.5 0
11514.5 0
11515.5 0
11516.5 0
11517.5 0
11518.5 0
11519.5 0
11520.5 0
11521.5 0
11522.5 0
11523.5 0
11524.5 0
11525.5 0
11526.5 0
11527.5 0
11528.5 0
11529.5 0
11530.5 0
11531.5 0
11532.5 0
11533.5 0
11534.5 0
11535.5 0
11536.5 0
11537.5 0
11538.5 0
11539.5 0
11540.5 0
11541.5 0
11542.5 0
11543.5 0
11544.5 0
11545.5 0
11546.5 0
11547.5 0
11548.5 0
11549.5 0
11550.5 0
11551.5 0
11552.5 0
11553.5 0
11554.5 0
11555.5 0
11556.5 0
11557.5 0
11558.5 0
11559.5 0
11560.5 0
11561.5 0
11562.5 0
11563.5 0
11564.5 0
11565.5 0
11566.5 0
11567.5 0
11568.5 0
11569.5 0
11570.5 0
11571.5 0
11572.5 0
11573.5 0
11574.5 0
11575.5 0
11576.5 0
11577.5 0
11578.5 0
11579.5 0
11580.5 0
11581.5 0
11582.5 0
11583.5 0
11584.5 0
11585.5 0
11586.5 0
11587.5 0
11588.5 0
11589.5 0
11590.5 0
11591.5 0
11592.5 0
11593.5 0
11594.5 0
11595.5 0
11596.5 0
11597.5 0
11598.5 0
11599.5 0
11600.5 0
11601.5 0
11602.5 0
11603.5 0
11604.5 0
11605.5 0
11606.5 0
11607.5 0
11608.5 0
11609.5 0
11610.5 0
11611.5 0
11612.5 0
11613.5 0
11614.5 0
11615.5 0
11616.5 0
11617.5 0
11618.5 0
11619.5 0
11620.5 0
11621.5 0
11622.5 0
11623.5 -1
11624.5 0
11625.5 0
11626.5 0
11627.5 0
11628.5 0
11629.5 0
11630.5 0
11631.5 0
11632.5 0
11633.5 0
11634.5 0
11635.5 0
11636.5 0
11637.5 0
11638.5 0
11639.5 0
11640.5 0
11641.5 0
11642.5 0
11643.5 0
11644.5 0
11645.5 0
11646.5 0
11647.5 0
11648.5 0
11649.5 0
11650.5 0
11651.5 0
11652.5 0
11653.5 0
11654.5 0
11655.5 0
11656.5 0
11657.5 0
11658.5 0
11659.5 0
11660.5 1
11661.5 0
11662.5 0
11663.5 0
11664.5 0
11665.5 0
11666.5 0
11667.5 0
11668.5 0
11669.5 0
11670.5 0
11671.5 0
11672.5 0
11673.5 0
11674.5 0
11675.5 0
11676.5 0
11677.5 0
11678.5 0
11679.5 0
11680.5 0
11681.5 0
11682.5 0
11683.5 0
11684.5 0
11685.5 0
11686.5 0
11687.5 0
11688.5 0
11689.5 0
11690.5 0
11691.5 0
11692.5 0
11693.5 0
11694.5 0
11695.5 0
11696.5 0
11697.5 0
11698.5 0
11699.5 0
11700.5 0
11701.5 0
11702.5 0
11703.5 0
11704.5 0
11705.5 0
11706.5 0
11707.5 0
11708.5 0
11709.5 0
11710.5 0
11711.5 0
11712.5 0
11713.5 0
11714.5 0
11715.5 0
11716.5 0
11717.5 0
11718.5 0
11719.5 0
11720.5 0
11721.5 0
11722.5 0
11723.5 0
11724.5 0
11725.5 0
11726.5 0
11727.5 0
11728.5 0
11729.5 0
11730.5 0
11731.5 0
11732.5 0
11733.5 0
11734.5 0
11735.5 0
11736.5 0
11737.5 0
11738.5 0
11739.5 0
11740.5 0
11741.5 0
11742.5 0
11743.5 0
11744.5 0
11745.5 0
11746.5 0
11747.5 0
11748.5 0
11749.5 0
11750.5 0
11751.5 0
11752.5 0
11753.5 0
11754.5 0
11755.5 0
11756.5 0
11757.5 0
11758.5 0
11759.5 0
11760.5 0
11761.5 0
11762.5 0
11763.5 0
11764.5 0
11765.5 0
11766.5 0
11767.5 0
11768.5 0
11769.5 0
11770.5 0
11771.5 0
11772.5 0
11773.5 0
11774.5 0
11775.5 0
11776.5 0
11777.5 0
11778.5 0
11779.5 0
11780.5 0
11781.5 0
11782.5 0
11783.5 0
11784.5 0
11785.5 0
11786.5 0
11787.5 0
11788.5 0
11789.5 0
11790.5 0
11791.5 0
11792.5 0
11793.5 0
11794.5 0
11795.5 0
11796.5 0
11797.5 0
11798.5 0
11799.5 0
11800.5 0
11801.5 0
11802.5 0
11803.5 0
11804.5 0
11805.5 0
11806.5 0
11807.5 0
11808.5 0
11809.5 0
11810.5 0
11811.5 0
11812.5 0
11813.5 0
11814.5 0
11815.5 0
11816.5 0
11817.5 0
11818.5 0
11819.5 0
11820.5 0
11821.5 0
11822.5 0
11823.5 0
11824.5 0
11825.5 0
11826.5 0
11827.5 0
11828.5 0
11829.5 0
11830.5 0
11831.5 0
11832.5 0
11833.5 0
11834.5 0
11835.5 0
11836.5 0
11837.5 0
11838.5 0
11839.5 0
11840.5 0
11841.5 0
11842.5 0
11843.5 0
11844.5 0
11845.5 0
11846.5 0
11847.5 0
11848.5 0
11849.5 0
11850.5 0
11851.5 0
11852.5 0
11853.5 0
11854.5 0
11855.5 0
11856.5 0
11857.5 0
11858.5 0
11859.5 0
11860.5 0
11861.5 0
11862.5 0
11863.5 0
11864.5 0
11865.5 -1
11866.5 0
11867.5 0
11868.5 0
11869.5 0
11870.5 0
11871.5 0
11872.5 0
11873.5 0
11874.5 0
11875.5 0
11876.5 0
11877.5 0
11878.5 0
11879.5 0
11880.5 0
11881.5 0
11882.5 0
11883.5 0
11884.5 0
11885.5 0
11886.5 0
11887.5 0
11888.5 0
11889.5 0
11890.5 0
11891.5 0
11892.5 0
11893.5 0
11894.5 0
11895.5 0
11896.5 0
11897.5 0
11898.5 0
11899.5 0
11900.5 0
11901.5 0
11902.5 0
11903.5 0
11904.5 0
11905.5 0
11906.5 0
11907.5 0
11908.5 0
11909.5 0
11910.5 0
11911.5 0
11912.5 0
11913.5 0
11914.5 0
11915.5 0
11916.5 0
11917.5 0
11918.5 0
11919.5 0
11920.5 0
11921.5 0
11922.5 0
11923.5 0
11924.5 0
11925.5 0
11926.5 0
11927.5 0
11928.5 0
11929.5 0
11930.5 0
11931.5 0
11932.5 0
11933.5 0
11934.5 0
11935.5 0
11936.5 0
11937.5 0
11938.5 0
11939.5 0
11940.5 -1
11941.5 0
11942.5 0
11943.5 0
11944.5 0
11945.5 0
11946.5 0
11947.5 0
11948.5 0
11949.5 0
11950.5 0
11951.5 0
11952.5 0
11953.5 0
11954.5 0
11955.5 0
11956.5 0
11957.5 0
11958.5 0
11959.5 0
11960.5 0
11961.5 0
11962.5 0
11963.5 0
11964.5 0
11965.5 0
11966.5 0
11967.5 0
11968.5 0
11969.5 0
11970.5 0
11971.5 -1
11972.5 0
11973.5 0
11974.5 0
11975.5 0
11976.5 0
11977.5 0
11978.5 0
11979.5 0
11980.5 0
11981.5 0
11982.5 1
11983.5 0
11984.5 0
11985.5 0
11986.5 0
11987.5 0
11988.5 0
11989.5 0
11990.5 0
11991.5 0
11992.5 0
11993.5 0
11994.5 0
11995.5 0
11996.5 0
11997.5 0
11998.5 0
11999.5 0
